graine,jour,faction,population,naissances_total,morts_total,predations_total,vitesse,taille,perception,armes_equipees,reserves,capacite,defenses_fin,defenses_min_jour,raids_cumul,coalitions_cumul,plans,confiance_0,confiance_1,confiance_2,confiance_3,allies,nourriture_aube,carte_nourriture,stock_nourriture,production_nourriture,consommation_nourriture,sac_nourriture,carte_eau,stock_eau,production_eau,consommation_eau,sac_eau,carte_terre,stock_terre,production_terre,consommation_terre,sac_terre,carte_minerai,stock_minerai,production_minerai,consommation_minerai,sac_minerai,carte_charbon,stock_charbon,production_charbon,consommation_charbon,sac_charbon,carte_energie,stock_energie,production_energie,consommation_energie,sac_energie,carte_fer,stock_fer,production_fer,consommation_fer,sac_fer,carte_armes,stock_armes,production_armes,consommation_armes,sac_armes
4,1,0,101,18,11,0,1.006545,1.004825,1.006363,0,0,667,100,100,0,0,2,0,-100,-100,100,1,160,0,110,72,0,0,5600,410,0,24,0,1925,112,0,48,0,1025,1,0,80,0,388,35,0,49,0,0,224,196,138,0,0,23,40,17,0,0,17,17,0,0
4,1,1,104,18,11,0,1.004551,1.003984,1.00577,0,0,667,100,100,0,0,2,-100,0,100,-100,1,160,0,108,69,0,0,5600,411,0,23,0,1925,105,0,46,0,1025,1,0,80,0,388,34,0,50,0,0,231,200,137,0,0,23,40,17,0,0,17,17,0,0
4,1,2,99,18,11,0,1.002953,1.002532,1.006809,0,0,667,100,100,0,0,2,-100,100,0,-100,1,160,0,104,69,0,0,5600,411,0,23,0,1925,105,0,46,0,1025,1,0,74,0,388,41,0,49,0,0,233,196,131,0,0,20,37,17,0,0,17,17,0,0
4,1,3,103,18,11,0,1.004001,1.005279,1.006707,0,0,667,100,100,0,0,2,100,-100,-100,0,1,160,0,109,72,0,0,5600,410,0,24,0,1925,103,0,48,0,1025,0,0,78,0,388,41,0,49,0,0,228,196,136,0,0,22,39,17,0,0,17,17,0,0
4,2,0,103,13,16,0,1.00728,1.003277,1.005178,16,0,667,100,100,0,0,2,0,-100,-100,100,1,160,5,123,72,0,0,5576,485,0,24,0,1856,136,0,48,0,796,1,0,76,0,536,0,0,35,0,0,264,140,134,0,0,44,38,17,0,0,17,17,0,0
4,2,1,104,13,16,0,1.005641,1.004579,1.005499,16,0,667,100,100,0,0,2,-100,0,100,-100,1,160,5,114,72,0,0,5576,483,0,24,0,1856,129,0,48,0,796,0,0,66,0,536,0,0,34,0,0,277,136,124,0,0,39,33,17,0,0,17,17,0,0
4,2,2,98,13,16,0,1.004091,1.003286,1.008483,14,0,667,100,100,0,0,2,-100,100,0,-100,1,160,5,106,66,0,0,5576,490,0,22,0,1856,127,0,44,0,796,1,0,66,0,536,0,0,41,0,0,309,164,122,0,0,36,33,17,0,0,17,17,0,0
4,2,3,99,13,16,0,1.005075,1.005373,1.003773,14,0,667,100,100,0,0,2,100,-100,-100,0,1,160,5,105,66,0,0,5576,477,0,22,0,1856,125,0,44,0,796,1,0,62,0,536,0,0,41,0,0,308,164,118,0,0,36,31,17,0,0,17,17,0,0
4,3,0,104,9,15,0,1.009416,1.004366,1.004104,32,0,667,100,100,0,0,2,0,-100,-100,100,1,160,0,131,72,0,0,6400,358,0,24,0,1865,157,0,48,0,790,1,0,76,0,528,0,0,5,0,0,184,20,134,0,0,65,38,17,0,0,17,17,0,0
4,3,1,104,9,15,0,1.005078,1.004968,1.004819,31,0,667,100,100,0,0,2,-100,0,100,-100,1,160,0,127,78,0,0,6400,353,0,26,0,1865,155,0,52,0,790,0,0,68,0,528,0,0,3,0,0,195,12,128,0,0,56,34,17,0,0,17,17,0,0
4,3,2,98,9,15,0,1.003655,1.001027,1.006957,29,0,667,100,100,0,0,2,-100,100,0,-100,1,160,0,110,63,0,0,6400,371,0,21,0,1865,148,0,42,0,790,0,0,70,0,528,0,0,0,0,0,215,0,125,0,0,54,35,17,0,0,17,17,0,0
4,3,3,92,9,15,0,1.005818,1.004518,1.003168,28,0,667,100,100,0,0,2,100,-100,-100,0,1,160,0,109,69,0,0,6400,355,0,23,0,1865,148,0,46,0,790,1,0,60,0,528,0,0,0,0,0,222,0,117,0,0,49,30,17,0,0,17,17,0,0
4,4,0,87,9,81,2,1.004677,1.004639,1.004105,40,0,667,100,100,0,0,2,0,-100,-100,100,1,160,5,113,54,0,0,5584,452,0,18,0,1865,172,0,36,0,826,0,0,62,0,536,0,0,0,0,0,93,0,112,0,0,80,31,16,0,0,16,16,0,0
4,4,1,91,9,81,2,1.003281,1.004596,1.005153,41,0,667,100,100,0,0,2,-100,0,100,-100,1,160,5,121,60,0,0,5584,421,0,20,0,1865,175,0,40,0,826,1,0,54,0,536,0,0,0,0,0,113,0,108,0,0,66,27,17,0,0,17,17,0,0
4,4,2,81,9,81,2,1.005116,1.003308,1.00989,36,0,667,100,100,0,0,2,-100,100,0,-100,1,160,5,95,51,0,0,5584,448,0,17,0,1865,165,0,34,0,826,0,0,50,0,536,0,0,0,0,0,139,0,99,0,0,63,25,16,0,0,16,16,0,0
4,4,3,67,9,81,2,1.009488,1.003654,1.005244,34,0,667,100,100,0,0,2,100,-100,-100,0,1,160,5,95,48,0,0,5584,415,0,16,0,1865,164,0,32,0,826,0,0,48,0,536,0,0,0,0,0,150,0,84,0,0,63,24,10,0,0,10,10,0,0
4,5,0,85,5,14,1,1.006339,1.004344,1.002099,53,0,667,100,100,0,0,2,0,-100,-100,100,1,160,38,104,51,0,0,6208,348,0,17,0,1956,184,0,34,0,875,0,0,56,0,536,0,0,0,0,0,24,0,103,0,0,93,28,15,0,0,15,15,0,0
4,5,1,89,5,14,1,1.003788,1.005455,1.005496,57,0,667,100,100,0,0,2,-100,0,100,-100,1,160,38,121,60,0,0,6208,502,0,20,0,1956,192,0,40,0,875,1,0,46,0,536,0,0,0,0,0,49,0,98,0,0,73,23,16,0,0,16,16,0,0
4,5,2,78,5,14,1,1.005429,1.002917,1.009576,49,0,667,100,100,0,0,2,-100,100,0,-100,1,160,38,82,48,0,0,6208,351,0,16,0,1956,175,0,32,0,875,0,0,50,0,536,0,0,0,0,0,79,0,94,0,0,74,25,14,0,0,14,14,0,0
4,5,3,65,5,14,1,1.013058,1.002917,1.002094,41,0,667,100,100,0,0,2,100,-100,-100,0,1,160,38,91,39,0,0,6208,335,0,13,0,1956,172,0,26,0,875,0,0,38,0,536,0,0,0,0,0,111,0,73,0,0,71,19,11,0,0,11,11,0,0
4,6,0,88,11,11,0,1.004635,1.003048,1.002639,68,0,667,100,100,0,0,2,0,-100,-100,100,1,160,12,89,33,0,0,5816,468,0,11,0,1949,210,0,22,0,894,1,0,50,0,511,0,0,7,0,96,0,28,61,0,0,118,25,0,0,0,0,0,0,0
4,6,1,92,11,11,0,1.004361,1.004711,1.005734,72,0,667,100,100,0,0,2,-100,0,100,-100,1,160,12,126,60,0,0,5816,393,0,20,0,1949,212,0,40,0,894,1,0,50,0,511,0,0,6,0,96,12,24,86,0,0,90,25,8,0,0,8,8,0,0
4,6,2,71,11,11,0,1.005335,1.004437,1.00777,61,0,667,100,100,0,0,2,-100,100,0,-100,1,160,12,83,45,0,0,5816,426,0,15,0,1949,190,0,30,0,894,1,0,40,0,511,0,0,7,0,96,45,28,65,0,0,89,20,5,0,0,5,5,0,0
4,6,3,66,11,11,0,1.016123,0.997508,1.00274,49,0,667,100,100,0,0,2,100,-100,-100,0,1,160,12,95,36,0,0,5816,442,0,12,0,1949,184,0,24,0,894,0,0,36,0,511,0,0,5,0,96,72,20,62,0,0,82,18,7,0,0,7,7,0,0
4,7,0,89,12,12,0,1.00665,1.004349,1.001693,65,0,667,100,100,0,0,2,0,-100,-100,100,1,160,3,81,45,0,0,6208,365,0,15,0,1958,222,0,30,0,869,0,0,64,0,492,0,0,11,0,0,0,44,79,0,0,150,32,0,0,0,0,0,0,0
4,7,1,90,12,12,0,1.007849,1.005207,1.005544,77,0,667,100,100,0,0,2,-100,0,100,-100,1,160,3,119,48,0,0,6208,477,0,16,0,1958,234,0,32,0,869,0,0,56,0,492,0,0,8,0,0,0,32,72,0,0,118,28,0,0,0,0,0,0,0
4,7,2,72,12,12,0,1.005924,1.005543,1.006589,64,0,667,100,100,0,0,2,-100,100,0,-100,1,160,3,89,42,0,0,6208,341,0,14,0,1958,204,0,28,0,869,1,0,48,0,492,0,0,12,0,0,67,48,68,0,0,110,24,3,0,0,3,3,0,0
4,7,3,66,12,12,0,1.015897,0.997553,1.00233,53,0,667,100,100,0,0,2,100,-100,-100,0,1,160,3,101,36,0,0,6208,364,0,12,0,1958,196,0,24,0,869,0,0,36,0,492,0,0,11,0,0,87,44,58,0,0,95,18,5,0,0,5,5,0,0
4,8,0,87,12,51,0,1.001656,1.001862,1.001094,63,0,667,100,100,0,0,2,0,-100,-100,100,1,160,17,31,3,0,0,5808,507,0,1,0,1958,265,0,2,0,839,42,0,26,0,536,0,0,0,0,1,0,0,27,0,0,163,13,0,0,0,0,0,0,0
4,8,1,48,12,51,0,1.010318,1.009138,1.011441,40,0,667,100,100,0,0,2,-100,0,100,-100,1,160,17,55,3,0,0,5808,386,0,1,0,1958,292,0,2,0,839,50,0,6,0,536,0,0,0,0,1,0,0,7,0,0,121,3,0,0,0,0,0,0,0
4,8,2,75,12,51,0,1.007899,1.003722,1.008448,66,0,667,100,100,0,0,2,-100,100,0,-100,1,160,17,99,45,0,0,5808,422,0,15,0,1958,219,0,30,0,839,0,0,60,0,536,0,0,0,0,1,19,0,81,0,0,137,30,3,0,0,3,3,0,0
4,8,3,68,12,51,0,1.017031,0.994091,1.001135,56,0,667,100,100,0,0,2,100,-100,-100,0,1,160,17,115,36,0,0,5808,478,0,12,0,1958,208,0,24,0,839,0,0,44,0,536,0,0,0,0,1,57,0,64,0,0,113,22,4,0,0,4,4,0,0
4,9,0,61,8,35,1,1.009485,1.000698,0.999751,49,0,667,100,100,0,0,2,0,-100,-100,100,1,160,7,27,3,0,0,6400,419,0,1,0,1970,296,0,2,0,943,34,0,36,0,509,0,0,1,0,0,0,4,37,0,0,181,18,0,0,0,0,0,0,0
4,9,1,47,8,35,1,1.006872,1.006298,1.013269,37,0,667,100,100,0,0,2,-100,0,100,-100,1,160,7,91,60,0,0,6400,318,0,20,0,1970,312,0,40,0,943,57,0,14,0,509,6,0,7,0,0,20,28,42,0,0,124,7,4,0,0,4,4,0,0
4,9,2,74,8,35,1,1.006187,1.004141,1.009052,68,0,667,100,100,0,0,2,-100,100,0,-100,1,160,7,96,42,0,0,6400,333,0,14,0,1970,233,0,28,0,943,1,0,40,0,509,0,0,10,0,0,35,40,58,0,0,155,20,2,0,0,2,2,0,0
4,9,3,69,8,35,1,1.019901,0.994444,1.001321,58,0,667,100,100,0,0,2,100,-100,-100,0,1,160,7,116,39,0,0,6400,397,0,13,0,1970,221,0,26,0,943,1,0,30,0,509,0,0,3,0,0,52,12,51,0,0,124,15,4,0,0,4,4,0,0
4,10,0,50,11,23,0,1.011025,0.99665,1.003934,41,0,667,100,100,0,0,2,0,-100,-100,100,1,160,1,17,0,0,0,6000,358,0,0,0,1967,326,0,0,0,900,28,0,38,0,535,0,0,1,0,22,0,4,38,0,0,200,19,0,0,0,0,0,0,0
4,10,1,48,11,23,0,1.008876,1.001195,1.015049,39,0,667,100,100,0,0,2,-100,0,100,-100,1,160,1,143,63,0,0,6000,274,0,21,0,1967,333,0,42,0,900,87,0,14,0,535,0,0,6,0,22,15,24,41,0,0,128,7,3,0,0,3,3,0,0
4,10,2,71,11,23,0,1.006059,1.003452,1.009472,67,0,667,100,100,0,0,2,-100,100,0,-100,1,160,1,103,45,0,0,6000,420,0,15,0,1967,248,0,30,0,900,1,0,50,0,535,0,0,0,0,22,1,0,65,0,0,180,25,0,0,0,0,0,0,0
4,10,3,70,11,23,0,1.018679,0.993007,1.00293,61,0,667,100,100,0,0,2,100,-100,-100,0,1,160,1,126,39,0,0,6000,499,0,13,0,1967,234,0,26,0,900,0,0,42,0,535,0,0,0,0,22,23,0,61,0,0,142,21,3,0,0,3,3,0,0
4,11,0,47,4,12,0,1.016484,0.997392,1.004631,37,0,667,100,100,0,0,2,0,-100,-100,100,1,160,25,43,27,0,0,6282,393,0,9,0,1976,329,0,18,0,1072,0,0,28,0,377,0,0,16,0,36,34,64,47,0,0,209,14,5,0,0,5,5,0,0
4,11,1,47,4,12,0,1.006331,1.000208,1.014803,40,0,667,100,100,0,0,2,-100,0,100,-100,1,160,25,191,63,0,0,6282,229,0,21,0,1976,354,0,42,0,1072,71,0,16,0,377,37,0,8,0,36,19,32,43,0,0,133,8,3,0,0,3,3,0,0
4,11,2,68,4,12,0,1.004631,1.004016,1.00843,65,0,667,100,100,0,0,2,-100,100,0,-100,1,160,25,97,45,0,0,6282,334,0,15,0,1976,263,0,30,0,1072,1,0,0,0,377,19,0,33,0,36,147,132,19,0,0,178,0,2,0,0,2,2,0,0
4,11,3,69,4,12,0,1.017211,0.991449,1.000836,61,0,667,100,100,0,0,2,100,-100,-100,0,1,160,25,125,39,0,0,6282,416,0,13,0,1976,247,0,26,0,1072,0,0,0,0,377,9,0,37,0,36,185,148,19,0,0,139,0,3,0,0,3,3,0,0
4,12,0,48,11,12,0,1.017865,0.998463,1.004262,41,0,667,100,100,0,0,2,0,-100,-100,100,1,160,25,54,30,0,0,6208,336,0,10,0,1970,339,0,20,0,912,0,0,38,0,528,0,0,6,0,20,38,24,54,0,0,225,19,3,0,0,3,3,0,0
4,12,1,47,11,12,0,1.006085,0.999692,1.012218,41,0,667,100,100,0,0,2,-100,0,100,-100,1,160,25,235,60,0,0,6208,186,0,20,0,1970,374,0,40,0,912,91,0,16,0,528,31,0,8,0,20,26,32,40,0,0,139,8,2,0,0,2,2,0,0
4,12,2,67,11,12,0,1.006459,1.005518,1.009569,62,0,667,100,100,0,0,2,-100,100,0,-100,1,160,25,104,42,0,0,6208,404,0,14,0,1970,277,0,28,0,912,1,0,40,0,528,0,0,19,0,20,200,76,56,0,0,197,20,1,0,0,1,1,0,0
4,12,3,68,11,12,0,1.019525,0.988877,1.001398,61,0,667,100,100,0,0,2,100,-100,-100,0,1,160,25,126,39,0,0,6208,334,0,13,0,1970,260,0,26,0,912,1,0,42,0,528,0,0,9,0,20,194,36,59,0,0,158,21,2,0,0,2,2,0,0
4,13,0,49,13,13,0,1.019516,1.001063,1.004478,44,0,667,100,100,0,0,2,0,-100,-100,100,1,160,17,67,30,0,0,6080,390,0,10,0,1964,349,0,20,0,1039,0,0,12,0,488,0,0,3,0,13,42,12,26,0,0,229,6,2,0,0,2,2,0,0
4,13,1,48,13,13,0,1.007238,0.994163,1.01239,40,0,667,100,100,0,0,2,-100,0,100,-100,1,160,17,284,60,0,0,6080,135,0,20,0,1964,394,0,40,0,1039,85,0,12,0,488,41,0,6,0,13,26,24,36,0,0,143,6,2,0,0,2,2,0,0
4,13,2,66,13,13,0,1.004774,1.004006,1.008612,61,0,667,100,100,0,0,2,-100,100,0,-100,1,160,17,100,39,0,0,6080,324,0,13,0,1964,290,0,26,0,1039,1,0,10,0,488,0,0,13,0,13,278,52,27,0,0,200,5,2,0,0,2,2,0,0
4,13,3,67,13,13,0,1.020625,0.9894,0.997861,59,0,667,100,100,0,0,2,100,-100,-100,0,1,160,17,134,39,0,0,6080,429,0,13,0,1964,273,0,26,0,1039,0,0,6,0,488,0,0,16,0,13,269,64,23,0,0,159,3,2,0,0,2,2,0,0
4,14,0,47,11,20,0,1.019324,0.996007,1.001241,44,0,667,100,100,0,0,2,0,-100,-100,100,1,160,8,80,27,0,0,6200,332,0,9,0,1980,358,0,18,0,914,1,0,34,0,512,0,0,7,0,0,55,28,45,0,0,245,17,1,0,0,1,1,0,0
4,14,1,51,11,20,0,1.01222,0.995052,1.010694,40,0,667,100,100,0,0,2,-100,0,100,-100,1,160,8,335,60,0,0,6200,91,0,20,0,1980,411,0,40,0,914,108,0,16,0,512,39,0,8,0,0,31,32,42,0,0,148,8,3,0,0,3,3,0,0
4,14,2,58,11,20,0,1.004147,1.005803,1.00883,53,0,667,100,100,0,0,2,-100,100,0,-100,1,160,8,107,39,0,0,6200,397,0,13,0,1980,298,0,26,0,914,1,0,42,0,512,0,0,7,0,0,262,28,57,0,0,220,21,1,0,0,1,1,0,0
4,14,3,65,11,20,0,1.020307,0.989772,0.996281,59,0,667,100,100,0,0,2,100,-100,-100,0,1,160,8,138,39,0,0,6200,349,0,13,0,1980,286,0,26,0,914,1,0,38,0,512,0,0,4,0,0,281,16,57,0,0,175,19,3,0,0,3,3,0,0
4,15,0,49,12,8,0,1.021185,0.996595,1.000909,45,0,667,100,100,0,0,2,0,-100,-100,100,1,160,24,93,30,0,0,6072,387,0,10,0,1976,368,0,20,0,1019,0,0,16,0,462,0,0,10,0,32,85,40,28,0,0,252,8,1,0,0,1,1,0,0
4,15,1,53,12,8,0,1.013849,0.990639,1.009855,41,0,667,100,100,0,0,2,-100,0,100,-100,1,160,24,376,63,0,0,6072,60,0,21,0,1976,429,0,42,0,1019,107,0,22,0,462,43,0,11,0,32,42,44,51,0,0,155,11,4,0,0,4,4,0,0
4,15,2,59,12,8,0,1.006506,1.005838,1.011795,52,0,667,100,100,0,0,2,-100,100,0,-100,1,160,24,117,39,0,0,6072,325,0,13,0,1976,311,0,26,0,1019,1,0,12,0,462,0,0,21,0,32,351,84,29,0,0,224,6,2,0,0,2,2,0,0
4,15,3,64,12,8,0,1.024357,0.989005,0.994709,58,0,667,100,100,0,0,2,100,-100,-100,0,1,160,24,132,33,0,0,6072,449,0,11,0,1976,294,0,22,0,1019,0,0,6,0,462,0,0,28,0,32,406,112,21,0,0,176,3,2,0,0,2,2,0,0
4,16,0,49,7,25,0,1.024244,0.996334,1.003615,45,0,667,100,100,0,0,2,0,-100,-100,100,1,160,56,97,33,0,0,6200,327,0,11,0,1979,379,0,22,0,883,2,0,42,0,536,0,0,0,0,26,62,0,57,0,0,271,21,2,0,0,2,2,0,0
4,16,1,53,7,25,0,1.017869,0.990886,1.010216,43,0,667,100,100,0,0,2,-100,0,100,-100,1,160,56,421,66,0,0,6200,42,0,22,0,1979,451,0,44,0,883,128,0,26,0,536,30,0,13,0,26,56,52,56,0,0,164,13,4,0,0,4,4,0,0
4,16,2,60,7,25,0,1.007655,1.006667,1.014094,52,0,667,100,100,0,0,2,-100,100,0,-100,1,160,56,124,36,0,0,6200,397,0,12,0,1979,323,0,24,0,883,5,0,52,0,536,0,0,0,0,26,305,0,70,0,0,247,26,3,0,0,3,3,0,0
4,16,3,45,7,25,0,1.028014,0.991663,0.99674,42,0,667,100,100,0,0,2,100,-100,-100,0,1,160,56,115,30,0,0,6200,375,0,10,0,1979,304,0,20,0,883,2,0,40,0,536,0,0,0,0,26,376,0,52,0,0,195,20,1,0,0,1,1,0,0
4,17,0,49,16,9,0,1.024125,0.99765,1.005398,44,0,667,100,100,0,0,2,0,-100,-100,100,1,160,12,115,33,0,0,6125,371,0,11,0,1979,390,0,22,0,1009,1,0,12,0,467,0,0,14,0,39,108,56,25,0,0,276,6,1,0,0,1,1,0,0
4,17,1,56,16,9,0,1.019858,0.988323,1.007916,47,0,667,100,100,0,0,2,-100,0,100,-100,1,160,12,472,66,0,0,6125,35,0,22,0,1979,470,0,44,0,1009,125,0,28,0,467,29,0,14,0,39,77,56,56,0,0,175,14,3,0,0,3,3,0,0
4,17,2,62,16,9,0,1.008096,1.0054,1.015666,53,0,667,100,100,0,0,2,-100,100,0,-100,1,160,12,134,36,0,0,6125,324,0,12,0,1979,332,0,24,0,1009,0,0,22,0,467,0,0,19,0,39,375,76,40,0,0,255,11,3,0,0,3,3,0,0
4,17,3,47,16,9,0,1.031898,0.98159,0.987339,40,0,667,100,100,0,0,2,100,-100,-100,0,1,160,12,136,30,0,0,6125,416,0,10,0,1979,314,0,20,0,1009,0,0,12,0,467,4,0,19,0,39,449,76,24,0,0,200,6,1,0,0,1,1,0,0
4,18,0,47,12,26,0,1.024536,0.99991,1.00572,39,0,667,100,100,0,0,2,0,-100,-100,100,1,160,18,124,30,0,0,6027,424,0,10,0,1976,400,0,20,0,1025,1,0,4,0,443,0,0,14,0,58,155,56,18,0,0,276,2,2,0,0,2,2,0,0
4,18,1,55,12,26,0,1.016535,0.987054,1.006671,47,0,667,100,100,0,0,2,-100,0,100,-100,1,160,18,508,63,0,0,6027,52,0,21,0,1976,491,0,42,0,1025,99,0,28,0,443,52,0,14,0,58,88,56,55,0,0,186,14,3,0,0,3,3,0,0
4,18,2,56,12,26,0,1.01029,1.010156,1.022272,48,0,667,100,100,0,0,2,-100,100,0,-100,1,160,18,137,33,0,0,6027,394,0,11,0,1976,340,0,22,0,1025,0,0,6,0,443,0,0,21,0,58,454,84,23,0,0,255,3,3,0,0,3,3,0,0
4,18,3,42,12,26,0,1.031323,0.981008,0.987387,34,0,667,100,100,0,0,2,100,-100,-100,0,1,160,18,145,33,0,0,6027,358,0,11,0,1976,325,0,22,0,1025,5,0,30,0,443,0,0,4,0,58,441,16,47,0,0,212,15,3,0,0,3,3,0,0
4,19,0,47,13,13,0,1.023382,0.991056,1.000588,41,0,667,100,100,0,0,2,0,-100,-100,100,1,160,43,128,30,0,0,6237,367,0,10,0,1998,407,0,20,0,983,1,0,18,0,501,0,0,11,0,37,199,44,32,0,0,283,9,2,0,0,2,2,0,0
4,19,1,58,13,13,0,1.020129,0.988841,1.011271,48,0,667,100,100,0,0,2,-100,0,100,-100,1,160,43,557,66,0,0,6237,59,0,22,0,1998,508,0,44,0,983,96,0,30,0,501,49,0,15,0,37,105,60,58,0,0,198,15,3,0,0,3,3,0,0
4,19,2,54,13,13,0,1.01338,1.008875,1.02453,47,0,667,100,100,0,0,2,-100,100,0,-100,1,160,43,138,30,0,0,6237,327,0,10,0,1998,347,0,20,0,983,1,0,20,0,501,0,0,6,0,37,479,24,36,0,0,262,10,3,0,0,3,3,0,0
4,19,3,41,13,13,0,1.036901,0.977456,0.983309,34,0,667,100,100,0,0,2,100,-100,-100,0,1,160,43,163,33,0,0,6237,385,0,11,0,1998,334,0,22,0,983,4,0,24,0,501,0,0,6,0,37,432,24,39,0,0,222,12,2,0,0,2,2,0,0
4,20,0,51,17,8,0,1.027287,0.990641,0.999316,43,0,667,100,100,0,0,2,0,-100,-100,100,1,160,7,147,30,0,0,6064,406,0,10,0,2003,411,0,20,0,1015,0,0,10,0,443,13,0,20,0,46,271,80,24,0,0,286,5,2,0,0,2,2,0,0
4,20,1,61,17,8,0,1.025085,0.986831,1.00823,50,1,917,100,100,0,0,2,-100,0,100,-100,1,160,7,603,69,0,0,6064,59,0,23,0,2003,521,0,46,0,1015,78,0,36,0,443,43,0,18,0,46,90,72,99,0,0,179,18,37,0,0,3,3,0,0
4,20,2,56,17,8,0,1.013484,1.010406,1.021648,48,1,917,100,100,0,0,2,-100,100,0,-100,1,160,7,150,30,0,0,6064,414,0,10,0,2003,351,0,20,0,1015,0,0,10,0,443,5,0,28,0,46,549,112,58,0,0,231,5,36,0,0,2,2,0,0
4,20,3,41,17,8,0,1.041596,0.975677,0.978107,33,0,667,100,100,0,0,2,100,-100,-100,0,1,160,7,199,39,0,0,6064,331,0,13,0,2003,339,0,26,0,1015,0,0,22,0,443,3,0,12,0,46,487,48,39,0,0,231,11,2,0,0,2,2,0,0
4,21,0,50,15,13,0,1.027153,0.993561,0.999042,43,0,667,100,100,0,0,2,0,-100,-100,100,1,160,9,151,27,0,0,6238,346,0,9,0,1961,420,0,18,0,947,1,0,34,0,536,0,0,13,0,37,309,52,49,0,0,300,17,3,0,0,3,3,0,0
4,21,1,61,15,13,0,1.023914,0.989666,1.006922,51,1,917,100,100,0,0,2,-100,0,100,-100,1,160,9,644,69,0,0,6238,73,0,23,0,1961,544,0,46,0,947,69,0,40,0,536,23,0,20,0,37,123,80,71,0,0,195,20,4,0,0,4,4,0,0
4,21,2,59,15,13,0,1.01502,1.007272,1.021086,48,1,917,100,100,0,0,2,-100,100,0,-100,1,160,9,153,27,0,0,6238,349,0,9,0,1961,360,0,18,0,947,1,0,26,0,536,0,0,5,0,37,562,20,41,0,0,241,13,3,0,0,3,3,0,0
4,21,3,41,15,13,0,1.042333,0.976275,0.984023,31,0,667,100,100,0,0,2,100,-100,-100,0,1,160,9,228,36,0,0,6238,342,0,12,0,1961,351,0,24,0,947,9,0,20,0,536,0,0,3,0,37,469,12,36,0,0,239,10,2,0,0,2,2,0,0
4,22,0,49,7,15,1,1.026341,0.994616,1.001684,44,0,667,100,100,0,0,2,0,-100,-100,100,1,160,25,153,24,0,0,5960,400,0,8,0,1982,428,0,16,0,960,0,0,36,0,498,0,0,10,0,82,313,40,48,0,0,316,18,2,0,0,2,2,0,0
4,22,1,58,7,15,1,1.026499,0.984584,1.001865,50,1,917,100,100,0,0,2,-100,0,100,-100,1,160,25,682,63,0,0,5960,87,0,21,0,1982,565,0,42,0,960,45,0,42,0,498,14,0,21,0,82,148,84,69,0,0,213,21,3,0,0,3,3,0,0
4,22,2,57,7,15,1,1.021902,1.003965,1.017725,47,1,917,100,100,0,0,2,-100,100,0,-100,1,160,25,146,24,0,0,5960,450,0,8,0,1982,368,0,16,0,960,0,0,32,0,498,0,0,8,0,82,567,32,48,0,0,253,16,4,0,0,4,4,0,0
4,22,3,39,7,15,1,1.041666,0.971398,0.988525,31,0,667,100,100,0,0,2,100,-100,-100,0,1,160,25,247,30,0,0,5960,355,0,10,0,1982,361,0,20,0,960,9,0,28,0,498,0,0,8,0,82,460,32,46,0,0,249,14,4,0,0,4,4,0,0
4,23,0,35,10,26,0,1.023348,0.997349,1.001201,30,0,667,100,100,0,0,2,0,-100,-100,100,1,160,33,151,24,0,0,6224,343,0,8,0,2038,430,0,16,0,1061,1,0,2,0,383,35,0,7,0,50,352,28,12,0,0,316,1,1,0,0,1,1,0,0
4,23,1,55,10,26,0,1.024424,0.98583,1.002349,49,1,917,100,100,0,0,2,-100,0,100,-100,1,160,33,722,60,0,0,6224,105,0,20,0,2038,570,0,40,0,1061,4,0,42,0,383,26,0,21,0,50,170,84,68,0,0,231,21,3,0,0,3,3,0,0
4,23,2,59,10,26,0,1.022707,1.002046,1.020128,49,1,917,100,100,0,0,2,-100,100,0,-100,1,160,33,143,27,0,0,6224,384,0,9,0,2038,372,0,18,0,1061,1,0,0,0,383,11,0,31,0,50,710,124,15,0,0,250,0,3,0,0,3,3,0,0
4,23,3,38,10,26,0,1.049535,0.969697,0.986539,32,0,667,100,100,0,0,2,100,-100,-100,0,1,160,33,267,27,0,0,6224,371,0,9,0,2038,361,0,18,0,1061,1,0,14,0,383,23,0,13,0,50,491,52,27,0,0,254,7,2,0,0,2,2,0,0
4,24,0,34,13,9,0,1.024389,0.990808,1.005635,29,0,667,100,100,0,0,2,0,-100,-100,100,1,160,35,161,21,0,0,6040,333,0,7,0,2006,437,0,14,0,992,1,0,16,0,520,31,0,9,0,130,364,36,27,0,0,322,8,2,0,0,2,2,0,0
4,24,1,55,13,9,0,1.02742,0.984989,1.002226,49,1,917,100,100,0,0,2,-100,0,100,-100,1,160,35,754,57,0,0,6040,127,0,19,0,2006,589,0,38,0,992,0,0,28,0,520,6,0,21,0,130,206,84,51,0,0,243,14,2,0,0,2,2,0,0
4,24,2,63,13,9,0,1.020887,0.997161,1.022434,50,1,917,100,100,0,0,2,-100,100,0,-100,1,160,35,145,30,0,0,6040,483,0,10,0,2006,382,0,20,0,992,0,0,16,0,520,0,0,21,0,130,760,84,34,0,0,254,8,4,0,0,4,4,0,0
4,24,3,39,13,9,0,1.049556,0.972149,0.991291,32,0,667,100,100,0,0,2,100,-100,-100,0,1,160,35,278,27,0,0,6040,388,0,9,0,2006,370,0,18,0,992,1,0,20,0,520,9,0,14,0,130,514,56,33,0,0,262,10,2,0,0,2,2,0,0
4,25,0,32,5,9,0,1.02293,0.988589,0.998386,29,0,667,100,100,0,0,2,0,-100,-100,100,1,160,56,166,21,0,0,6264,324,0,7,0,2012,444,0,14,0,920,22,0,18,0,521,22,0,9,0,122,373,36,27,0,0,330,9,1,0,0,1,1,0,0
4,25,1,56,5,9,0,1.032215,0.985231,1.004339,49,2,1167,100,100,0,0,2,-100,0,100,-100,1,160,56,783,51,0,0,6264,159,0,17,0,2012,606,0,34,0,920,0,0,38,0,521,0,0,7,0,122,144,28,93,0,0,226,19,36,0,0,2,2,0,0
4,25,2,62,5,9,0,1.021999,0.998937,1.021282,52,1,917,100,100,0,0,2,-100,100,0,-100,1,160,56,142,33,0,0,6264,409,0,11,0,2012,393,0,22,0,920,0,0,30,0,521,0,0,14,0,122,765,56,51,0,0,264,15,5,0,0,5,5,0,0
4,25,3,37,5,9,0,1.055211,0.97056,0.994118,32,0,667,100,100,0,0,2,100,-100,-100,0,1,160,56,287,27,0,0,6264,340,0,9,0,2012,379,0,18,0,920,10,0,30,0,521,0,0,9,0,122,513,36,45,0,0,274,15,3,0,0,3,3,0,0
4,26,0,34,14,12,0,1.025172,0.987725,1.002644,29,0,667,100,100,0,0,2,0,-100,-100,100,1,160,21,180,21,0,0,6200,325,0,7,0,2012,451,0,14,0,921,39,0,20,0,525,14,0,10,0,0,396,40,29,0,0,339,10,1,0,0,1,1,0,0
4,26,1,56,14,12,0,1.036214,0.989855,1.009513,48,2,1167,100,100,0,0,2,-100,0,100,-100,1,160,21,817,54,0,0,6200,189,0,18,0,2012,624,0,36,0,921,0,0,30,0,525,0,0,0,0,0,121,0,52,0,0,239,15,2,0,0,2,2,0,0
4,26,2,60,14,12,0,1.020291,1.001092,1.026062,53,2,1167,100,100,0,0,2,-100,100,0,-100,1,160,21,141,33,0,0,6200,336,0,11,0,2012,404,0,22,0,921,1,0,42,0,525,0,0,5,0,0,764,20,91,0,0,249,21,36,0,0,2,2,0,0
4,26,3,39,14,12,0,1.054267,0.968237,1.004888,33,0,667,100,100,0,0,2,100,-100,-100,0,1,160,21,307,24,0,0,6200,351,0,8,0,2012,387,0,16,0,921,17,0,28,0,525,0,0,4,0,0,506,16,38,0,0,287,14,1,0,0,1,1,0,0
4,27,0,38,16,9,0,1.028532,0.985315,1.00113,30,0,667,100,100,0,0,2,0,-100,-100,100,1,160,16,205,27,0,0,6008,330,0,9,0,2003,460,0,18,0,974,41,0,22,0,473,18,0,11,0,52,414,44,35,0,0,348,11,2,0,0,2,2,0,0
4,27,1,58,16,9,0,1.041167,0.992405,1.008553,48,2,1167,100,100,0,0,2,-100,0,100,-100,1,160,16,859,57,0,0,6008,242,0,19,0,2003,640,0,38,0,974,0,0,24,0,473,0,0,9,0,52,132,36,49,0,0,248,12,3,0,0,3,3,0,0
4,27,2,59,16,9,0,1.018638,0.999666,1.030776,53,2,1167,100,100,0,0,2,-100,100,0,-100,1,160,16,147,33,0,0,6008,425,0,11,0,2003,415,0,22,0,974,0,0,30,0,473,0,0,18,0,52,812,72,45,0,0,262,15,2,0,0,2,2,0,0
4,27,3,41,16,9,0,1.053552,0.973533,1.003161,31,0,667,100,100,0,0,2,100,-100,-100,0,1,160,16,326,27,0,0,6008,359,0,9,0,2003,396,0,18,0,974,12,0,26,0,473,5,0,13,0,52,535,52,41,0,0,297,13,3,0,0,3,3,0,0
4,28,0,41,12,21,0,1.030379,0.984245,1.005501,31,0,667,100,100,0,0,2,0,-100,-100,100,1,160,18,216,24,0,0,6128,348,0,8,0,1994,468,0,16,0,1046,15,0,28,0,413,43,0,14,0,77,431,56,42,0,0,359,14,3,0,0,3,3,0,0
4,28,1,59,12,21,0,1.042245,0.989327,1.007962,50,2,1167,100,100,0,0,2,-100,0,100,-100,1,160,18,893,57,0,0,6128,293,0,19,0,1994,656,0,38,0,1046,1,0,10,0,413,0,0,21,0,77,193,84,35,0,0,250,5,3,0,0,3,3,0,0
4,28,2,45,12,21,0,1.019967,1.00539,1.03054,39,2,1167,100,100,0,0,2,-100,100,0,-100,1,160,18,157,39,0,0,6128,353,0,13,0,1994,428,0,26,0,1046,0,0,8,0,413,14,0,13,0,77,871,52,25,0,0,264,4,2,0,0,2,2,0,0
4,28,3,42,12,21,0,1.052841,0.978427,1.007029,33,1,917,100,100,0,0,2,100,-100,-100,0,1,160,18,343,30,0,0,6128,380,0,10,0,1994,406,0,20,0,1046,1,0,16,0,413,22,0,16,0,77,541,64,68,0,0,267,8,38,0,0,4,4,0,0
4,29,0,45,16,8,0,1.0291,0.983152,1.008737,33,0,667,100,100,0,0,2,0,-100,-100,100,1,160,4,239,24,0,0,6120,363,0,8,0,1991,476,0,16,0,931,24,0,30,0,536,28,0,15,0,38,463,60,46,0,0,370,15,4,0,0,4,4,0,0
4,29,1,60,16,8,0,1.039954,0.989092,1.006095,50,2,1167,100,100,0,0,2,-100,0,100,-100,1,160,4,922,51,0,0,6120,337,0,17,0,1991,673,0,34,0,931,0,0,28,0,536,0,0,0,0,38,176,0,51,0,0,261,14,3,0,0,3,3,0,0
4,29,2,49,16,8,0,1.027212,1.002568,1.036913,39,2,1167,100,100,0,0,2,-100,100,0,-100,1,160,4,187,39,0,0,6120,383,0,13,0,1991,441,0,26,0,931,7,0,32,0,536,0,0,14,0,38,890,56,49,0,0,278,16,2,0,0,2,2,0,0
4,29,3,41,16,8,0,1.05215,0.976001,1.006431,35,1,917,100,100,0,0,2,100,-100,-100,0,1,160,4,364,30,0,0,6120,328,0,10,0,1991,416,0,20,0,931,7,0,30,0,536,7,0,15,0,38,589,60,46,0,0,279,15,3,0,0,3,3,0,0
4,30,0,47,13,18,0,1.030259,0.983033,1.007989,37,0,667,100,100,0,0,2,0,-100,-100,100,1,160,22,251,27,0,0,6120,381,0,9,0,1994,485,0,18,0,941,35,0,32,0,509,12,0,16,0,31,496,64,49,0,0,382,16,4,0,0,4,4,0,0
4,30,1,56,13,18,0,1.041481,0.991496,1.005689,45,2,1167,100,100,0,0,2,-100,0,100,-100,1,160,22,942,45,0,0,6120,398,0,15,0,1994,688,0,30,0,941,0,0,12,0,509,0,0,9,0,31,201,36,35,0,0,263,6,4,0,0,4,4,0,0
4,30,2,47,13,18,0,1.02442,1.002567,1.034758,37,2,1167,100,100,0,0,2,-100,100,0,-100,1,160,22,208,42,0,0,6120,320,0,14,0,1994,455,0,28,0,941,1,0,24,0,509,0,0,18,0,31,955,72,46,0,0,286,12,4,0,0,4,4,0,0
4,30,3,40,13,18,0,1.052819,0.975049,1.004228,33,1,917,100,100,0,0,2,100,-100,-100,0,1,160,22,376,24,0,0,6120,351,0,8,0,1994,424,0,16,0,941,9,0,32,0,509,0,0,7,0,31,594,28,44,0,0,293,16,2,0,0,2,2,0,0
4,31,0,51,12,6,0,1.030648,0.982394,1.004971,41,0,667,100,100,0,0,2,0,-100,-100,100,1,160,21,270,33,0,0,6216,323,0,11,0,2000,496,0,22,0,1052,4,0,34,0,441,36,0,17,0,30,547,68,51,0,0,396,17,3,0,0,3,3,0,0
4,31,1,58,12,6,0,1.045033,0.993321,1.001292,47,2,1167,100,100,0,0,2,-100,0,100,-100,1,160,21,958,42,0,0,6216,328,0,14,0,2000,702,0,28,0,1052,1,0,2,0,441,0,0,18,0,30,283,72,24,0,0,260,1,4,0,0,4,4,0,0
4,31,2,46,12,6,0,1.028809,1.00239,1.036449,40,3,1417,100,100,0,0,2,-100,100,0,-100,1,160,21,233,39,0,0,6216,356,0,13,0,2000,468,0,26,0,1052,1,0,4,0,441,0,0,18,0,30,988,72,57,0,0,251,2,37,0,0,3,3,0,0
4,31,3,41,12,6,0,1.054961,0.978761,1.004469,33,1,917,100,100,0,0,2,100,-100,-100,0,1,160,21,400,27,0,0,6216,390,0,9,0,2000,433,0,18,0,1052,0,0,16,0,441,0,0,18,0,30,655,72,31,0,0,298,8,3,0,0,3,3,0,0
4,32,0,51,10,10,0,1.030659,0.983365,1.003438,42,1,917,100,100,0,0,2,0,-100,-100,100,1,160,21,280,30,0,0,6072,350,0,10,0,2000,506,0,20,0,1059,1,0,16,0,495,23,0,19,0,26,576,76,68,0,0,366,8,38,0,0,4,4,0,0
4,32,1,58,10,10,0,1.046893,0.995537,1.004549,48,2,1167,100,100,0,0,2,-100,0,100,-100,1,160,21,977,39,0,0,6072,401,0,13,0,2000,715,0,26,0,1059,1,0,0,0,495,0,0,11,0,26,342,44,19,0,0,257,0,3,0,0,3,3,0,0
4,32,2,47,10,10,0,1.032156,0.995537,1.039954,41,3,1417,100,100,0,0,2,-100,100,0,-100,1,160,21,262,39,0,0,6072,393,0,13,0,2000,481,0,26,0,1059,1,0,0,0,495,0,0,9,0,26,1028,36,17,0,0,249,0,2,0,0,2,2,0,0
4,32,3,40,10,10,0,1.05347,0.975596,1.005122,34,1,917,100,100,0,0,2,100,-100,-100,0,1,160,21,409,27,0,0,6072,340,0,9,0,2000,442,0,18,0,1059,0,0,0,0,495,0,0,15,0,26,734,60,15,0,0,295,0,3,0,0,3,3,0,0
4,33,0,54,14,12,0,1.035329,0.983561,1.002109,44,1,917,100,100,0,0,2,0,-100,-100,100,1,160,22,300,33,0,0,6208,384,0,11,0,2003,517,0,22,0,927,18,0,38,0,536,4,0,19,0,9,618,76,55,0,0,382,19,3,0,0,3,3,0,0
4,33,1,58,14,12,0,1.047377,0.993736,1.008436,49,2,1167,100,100,0,0,2,-100,0,100,-100,1,160,22,988,42,0,0,6208,329,0,14,0,2003,729,0,28,0,927,0,0,28,0,536,0,0,0,0,9,340,0,48,0,0,268,14,3,0,0,3,3,0,0
4,33,2,48,14,12,0,1.033626,0.997614,1.041893,41,3,1417,100,100,0,0,2,-100,100,0,-100,1,160,22,289,42,0,0,6208,332,0,14,0,2003,495,0,28,0,927,0,0,36,0,536,0,0,0,0,9,1012,0,54,0,0,265,18,2,0,0,2,2,0,0
4,33,3,38,14,12,0,1.054334,0.972649,0.999536,33,1,917,100,100,0,0,2,100,-100,-100,0,1,160,22,420,24,0,0,6208,388,0,8,0,2003,450,0,16,0,927,0,0,28,0,536,0,0,0,0,9,708,0,40,0,0,307,14,2,0,0,2,2,0,0
4,34,0,51,11,17,0,1.034713,0.982597,0.997562,42,1,917,100,100,0,0,2,0,-100,-100,100,1,160,8,321,39,0,0,6086,397,0,13,0,2003,530,0,26,0,1014,0,0,28,0,505,0,0,18,0,0,675,72,49,0,0,392,14,4,0,0,4,4,0,0
4,34,1,58,11,17,0,1.04466,0.995214,1.007539,50,3,1417,100,100,0,0,2,-100,0,100,-100,1,160,8,1013,45,0,0,6086,402,0,15,0,2003,741,0,30,0,1014,0,0,4,0,505,0,0,7,0,0,343,28,59,0,0,233,2,37,0,0,3,3,0,0
4,34,2,45,11,17,0,1.030714,0.996816,1.046428,37,3,1417,100,100,0,0,2,-100,100,0,-100,1,160,8,311,36,0,0,6086,356,0,12,0,2003,507,0,24,0,1014,0,0,10,0,505,0,0,5,0,0,1034,20,28,0,0,267,5,3,0,0,3,3,0,0
4,34,3,38,11,17,0,1.053364,0.975035,1.005299,33,1,917,100,100,0,0,2,100,-100,-100,0,1,160,8,433,21,0,0,6086,343,0,7,0,2003,457,0,14,0,1014,1,0,12,0,505,0,0,5,0,0,739,20,21,0,0,312,6,1,0,0,1,1,0,0
4,35,0,55,14,5,0,1.035785,0.979714,0.997648,46,1,917,100,100,0,0,2,0,-100,-100,100,1,160,16,340,39,0,0,6224,333,0,13,0,1985,543,0,26,0,1031,1,0,14,0,486,0,0,16,0,26,740,64,33,0,0,396,7,3,0,0,3,3,0,0
4,35,1,60,14,5,0,1.044982,0.994868,1.007343,52,3,1417,100,100,0,0,2,-100,0,100,-100,1,160,16,1027,48,0,0,6224,328,0,16,0,1985,754,0,32,0,1031,0,0,8,0,486,0,0,8,0,26,379,32,30,0,0,234,4,3,0,0,3,3,0,0
4,35,2,47,14,5,0,1.032307,0.994419,1.051987,38,3,1417,100,100,0,0,2,-100,100,0,-100,1,160,16,349,42,0,0,6224,377,0,14,0,1985,521,0,28,0,1031,0,0,8,0,486,0,0,14,0,26,1089,56,28,0,0,268,4,3,0,0,3,3,0,0
4,35,3,39,14,5,0,1.051591,0.971702,1.01073,32,1,917,100,100,0,0,2,100,-100,-100,0,1,160,16,463,30,0,0,6224,391,0,10,0,1985,467,0,20,0,1031,1,0,10,0,486,0,0,12,0,26,778,48,24,0,0,315,5,2,0,0,2,2,0,0
4,36,0,56,7,10,0,1.03578,0.979764,0.999867,49,1,917,100,100,0,0,2,0,-100,-100,100,1,160,23,361,45,0,0,6040,375,0,15,0,1973,558,0,30,0,979,1,0,34,0,536,0,0,0,0,89,697,0,55,0,0,410,17,3,0,0,3,3,0,0
4,36,1,57,7,10,0,1.051049,0.996501,1.008369,50,3,1417,100,100,0,0,2,-100,0,100,-100,1,160,23,1048,51,0,0,6040,387,0,17,0,1973,768,0,34,0,979,0,0,20,0,536,0,0,0,0,89,347,0,43,0,0,241,10,3,0,0,3,3,0,0
4,36,2,47,7,10,0,1.03503,0.989907,1.051798,39,3,1417,100,100,0,0,2,-100,100,0,-100,1,160,23,379,45,0,0,6040,403,0,15,0,1973,536,0,30,0,979,0,0,20,0,536,0,0,0,0,89,1053,0,41,0,0,275,10,3,0,0,3,3,0,0
4,36,3,38,7,10,0,1.05102,0.971869,1.012461,31,1,917,100,100,0,0,2,100,-100,-100,0,1,160,23,482,30,0,0,6040,342,0,10,0,1973,477,0,20,0,979,1,0,16,0,536,0,0,0,0,89,765,0,32,0,0,320,8,3,0,0,3,3,0,0
4,37,0,56,11,10,0,1.034797,0.978239,0.999904,49,2,1167,100,100,0,0,2,0,-100,-100,100,1,160,13,383,42,0,0,6032,425,0,14,0,1979,572,0,28,0,1072,1,0,0,0,438,13,0,22,0,32,754,88,52,0,0,374,0,36,0,0,2,2,0,0
4,37,1,58,11,10,0,1.05519,0.995076,1.007255,51,3,1417,100,100,0,0,2,-100,0,100,-100,1,160,13,1069,45,0,0,6032,451,0,15,0,1979,783,0,30,0,1072,0,0,0,0,438,0,0,22,0,32,450,88,19,0,0,239,0,2,0,0,2,2,0,0
4,37,2,48,11,10,0,1.037257,0.988966,1.049745,40,3,1417,100,100,0,0,2,-100,100,0,-100,1,160,13,409,45,0,0,6032,341,0,15,0,1979,551,0,30,0,1072,0,0,0,0,438,4,0,21,0,32,1150,84,21,0,0,272,0,3,0,0,3,3,0,0
4,37,3,37,11,10,0,1.048464,0.974349,1.015308,31,2,1167,100,100,0,0,2,100,-100,-100,0,1,160,13,507,27,0,0,6032,407,0,9,0,1979,486,0,18,0,1072,1,0,0,0,438,0,0,10,0,32,773,40,47,0,0,284,0,36,0,0,2,2,0,0
4,38,0,58,10,9,0,1.035349,0.975904,1.001603,50,2,1167,100,100,0,0,2,0,-100,-100,100,1,160,33,399,45,0,0,6320,354,0,15,0,1976,587,0,30,0,1003,1,0,28,0,530,0,0,13,0,0,791,52,49,0,0,385,14,3,0,0,3,3,0,0
4,38,1,58,10,9,0,1.058971,0.993695,1.007561,51,3,1417,100,100,0,0,2,-100,0,100,-100,1,160,33,1085,45,0,0,6320,378,0,15,0,1976,798,0,30,0,1003,0,0,18,0,530,0,0,3,0,0,458,12,39,0,0,245,9,3,0,0,3,3,0,0
4,38,2,48,10,9,0,1.038439,0.987888,1.04811,41,3,1417,100,100,0,0,2,-100,100,0,-100,1,160,33,443,51,0,0,6320,356,0,17,0,1976,568,0,34,0,1003,1,0,10,0,530,0,0,4,0,0,1165,16,31,0,0,275,5,2,0,0,2,2,0,0
4,38,3,36,10,9,0,1.044749,0.972708,1.011415,30,2,1167,100,100,0,0,2,100,-100,-100,0,1,160,33,527,27,0,0,6320,361,0,9,0,1976,495,0,18,0,1003,1,0,12,0,530,0,0,3,0,0,792,12,25,0,0,288,6,2,0,0,2,2,0,0
4,39,0,57,7,34,0,1.038088,0.972806,1.003867,48,2,1167,100,100,0,0,2,0,-100,-100,100,1,160,31,411,39,0,0,5968,403,0,13,0,1967,600,0,26,0,1040,0,0,14,0,445,13,0,22,0,133,846,88,33,0,0,389,7,3,0,0,3,3,0,0
4,39,1,53,7,34,0,1.060901,0.992279,1.006224,50,3,1417,100,100,0,0,2,-100,0,100,-100,1,160,31,1096,42,0,0,5968,442,0,14,0,1967,812,0,28,0,1040,0,0,4,0,445,0,0,14,0,133,494,56,20,0,0,246,2,1,0,0,1,1,0,0
4,39,2,37,7,34,0,1.040052,0.981352,1.046362,31,4,1667,100,100,0,0,2,-100,100,0,-100,1,160,31,447,27,0,0,5968,371,0,9,0,1967,577,0,18,0,1040,0,0,8,0,445,0,0,17,0,133,1179,68,57,0,0,242,4,37,0,0,3,3,0,0
4,39,3,26,7,34,0,1.043769,0.978954,1.000938,22,2,1167,100,100,0,0,2,100,-100,-100,0,1,160,31,518,6,0,0,5968,411,0,2,0,1967,497,0,4,0,1040,1,0,8,0,445,2,0,14,0,133,834,56,14,0,0,290,4,2,0,0,2,2,0,0
4,40,0,54,10,16,0,1.03728,0.972671,1.003593,46,2,1167,100,100,0,0,2,0,-100,-100,100,1,160,42,428,45,0,0,6400,331,0,15,0,2018,615,0,30,0,956,1,0,34,0,536,0,0,13,0,132,847,52,55,0,0,403,17,3,0,0,3,3,0,0
4,40,1,55,10,16,0,1.061377,0.990471,1.008256,50,3,1417,100,100,0,0,2,-100,0,100,-100,1,160,42,1119,45,0,0,6400,374,0,15,0,2018,827,0,30,0,956,1,0,16,0,536,0,0,0,0,132,461,0,33,0,0,253,8,1,0,0,1,1,0,0
4,40,2,33,10,16,0,1.0368,0.980837,1.04922,28,4,1667,100,100,0,0,2,-100,100,0,-100,1,160,42,463,27,0,0,6400,325,0,9,0,2018,586,0,18,0,956,0,0,18,0,536,0,0,0,0,132,1148,0,31,0,0,249,9,2,0,0,2,2,0,0
4,40,3,25,10,16,0,1.048319,0.965536,1.002344,21,2,1167,100,100,0,0,2,100,-100,-100,0,1,160,42,513,6,0,0,6400,383,0,2,0,2018,499,0,4,0,956,1,0,22,0,536,0,0,2,0,132,816,8,26,0,0,300,11,1,0,0,1,1,0,0
2,1,0,99,15,15,0,0.997294,1.006359,1.000839,0,0,667,100,100,0,0,2,0,-100,-100,100,1,160,0,106,69,0,0,5600,403,0,23,0,1856,123,0,46,0,966,0,0,94,0,503,8,0,49,0,0,213,196,151,0,0,30,47,17,0,0,17,17,0,0
2,1,1,102,15,15,0,0.999002,1.003892,1.002164,0,0,667,100,100,0,0,2,-100,0,100,-100,1,160,0,111,72,0,0,5600,410,0,24,0,1856,124,0,48,0,966,0,0,90,0,503,10,0,50,0,0,220,200,148,0,0,28,45,17,0,0,17,17,0,0
2,1,2,101,15,15,0,0.997453,1.005964,1.000946,0,0,667,100,100,0,0,2,-100,100,0,-100,1,160,0,110,72,0,0,5600,410,0,24,0,1856,124,0,48,0,966,2,0,98,0,503,5,0,49,0,0,207,196,156,0,0,32,49,17,0,0,17,17,0,0
2,1,3,98,15,15,0,0.99674,1.00462,1.002657,0,0,667,100,100,0,0,2,100,-100,-100,0,1,160,0,110,72,0,0,5600,386,0,24,0,1856,124,0,48,0,966,1,0,88,0,503,13,0,47,0,0,210,188,146,0,0,27,44,17,0,0,17,17,0,0
2,2,0,97,8,28,0,0.99634,1.007016,1.000637,15,0,667,100,100,0,0,2,0,-100,-100,100,1,160,7,109,66,0,0,5616,474,0,22,0,1859,142,0,44,0,893,1,0,38,0,530,0,0,9,0,0,189,36,94,0,0,32,19,17,0,0,17,17,0,0
2,2,1,93,8,28,0,0.997511,1.006122,1.000486,16,0,667,100,100,0,0,2,-100,0,100,-100,1,160,7,120,72,0,0,5616,484,0,24,0,1859,148,0,48,0,893,1,0,16,0,530,0,0,14,0,0,239,56,74,0,0,19,8,17,0,0,17,17,0,0
2,2,2,97,8,28,0,0.996599,1.008914,1.001633,15,0,667,100,100,0,0,2,-100,100,0,-100,1,160,7,118,75,0,0,5616,484,0,25,0,1859,149,0,50,0,893,0,0,44,0,530,0,0,5,0,0,155,20,103,0,0,37,22,17,0,0,17,17,0,0
2,2,3,93,8,28,0,0.998032,1.003096,1.00211,15,0,667,100,100,0,0,2,100,-100,-100,0,1,160,7,106,63,0,0,5616,443,0,21,0,1859,145,0,42,0,893,1,0,46,0,530,0,0,14,0,0,199,56,101,0,0,33,23,17,0,0,17,17,0,0
2,3,0,73,9,59,2,0.997068,1.003867,1.004433,29,0,667,100,100,0,0,2,0,-100,-100,100,1,160,4,101,57,0,0,6400,358,0,19,0,1874,161,0,38,0,833,0,0,52,0,536,0,0,0,0,0,109,0,103,0,0,42,26,16,0,0,16,16,0,0
2,3,1,72,9,59,2,0.997001,1.007049,1.003174,29,0,667,100,100,0,0,2,-100,0,100,-100,1,160,4,131,69,0,0,6400,368,0,23,0,1874,171,0,46,0,833,1,0,46,0,536,0,0,0,0,0,157,0,103,0,0,25,23,17,0,0,17,17,0,0
2,3,2,97,9,59,2,0.996173,1.007276,1.000517,31,0,667,100,100,0,0,2,-100,100,0,-100,1,160,4,130,78,0,0,6400,361,0,26,0,1874,172,0,52,0,833,1,0,60,0,536,0,0,0,0,0,66,0,120,0,0,50,30,17,0,0,17,17,0,0
2,3,3,88,9,59,2,0.998004,1.004399,1.000352,29,0,667,100,100,0,0,2,100,-100,-100,0,1,160,4,113,60,0,0,6400,330,0,20,0,1874,165,0,40,0,833,1,0,60,0,536,0,0,0,0,0,117,0,114,0,0,46,30,17,0,0,17,17,0,0
2,4,0,70,17,38,0,0.994285,1.000788,0.999643,42,0,667,100,100,0,0,2,0,-100,-100,100,1,160,3,122,60,0,0,5800,385,0,20,0,1939,168,0,40,0,906,0,0,34,0,530,0,0,4,0,0,75,16,78,0,0,47,17,12,0,0,12,12,0,0
2,4,1,67,17,38,0,1.000777,1.005797,0.999819,39,0,667,100,100,0,0,2,-100,0,100,-100,1,160,3,162,66,0,0,5800,394,0,22,0,1939,172,0,44,0,906,1,0,30,0,530,0,0,1,0,0,109,4,76,0,0,28,15,12,0,0,12,12,0,0
2,4,2,91,17,38,0,0.997901,1.008347,1.003741,41,0,667,100,100,0,0,2,-100,100,0,-100,1,160,3,153,78,0,0,5800,430,0,26,0,1939,186,0,52,0,906,1,0,42,0,530,0,0,0,0,0,1,0,92,0,0,59,21,12,0,0,12,12,0,0
2,4,3,81,17,38,0,0.996976,1.006567,0.999564,40,0,667,100,100,0,0,2,100,-100,-100,0,1,160,3,117,57,0,0,5800,375,0,19,0,1939,168,0,38,0,906,0,0,48,0,530,0,0,0,0,0,43,0,101,0,0,53,24,17,0,0,17,17,0,0
2,5,0,66,16,31,3,0.993895,1.002854,0.997612,48,0,667,100,100,0,0,2,0,-100,-100,100,1,160,0,147,60,0,0,5984,423,0,20,0,1874,188,0,40,0,987,0,0,16,0,473,0,0,7,0,0,70,28,50,0,0,48,8,7,0,0,7,7,0,0
2,5,1,63,16,31,3,0.998126,1.007697,0.998893,47,0,667,100,100,0,0,2,-100,0,100,-100,1,160,0,191,60,0,0,5984,435,0,20,0,1874,192,0,40,0,987,0,0,12,0,473,0,0,16,0,0,139,64,46,0,0,27,6,7,0,0,7,7,0,0
2,5,2,86,16,31,3,0.996078,1.008471,1.004436,46,0,667,100,100,0,0,2,-100,100,0,-100,1,160,0,169,69,0,0,5984,316,0,23,0,1874,209,0,46,0,987,1,0,22,0,473,0,0,16,0,0,32,64,79,0,0,53,11,17,0,0,17,17,0,0
2,5,3,79,16,31,3,0.9953,1.004183,1.001034,52,0,667,100,100,0,0,2,100,-100,-100,0,1,160,0,125,48,0,0,5984,438,0,16,0,1874,184,0,32,0,987,0,0,26,0,473,0,0,21,0,0,101,84,66,0,0,54,13,12,0,0,12,12,0,0
2,6,0,65,9,20,0,0.990461,1.000931,0.99187,50,0,667,100,100,0,0,2,0,-100,-100,100,1,160,5,171,57,0,0,6200,338,0,19,0,1895,207,0,38,0,1012,0,0,8,0,405,0,0,23,0,0,157,92,39,0,0,46,4,6,0,0,6,6,0,0
2,6,1,60,9,20,0,0.997849,1.006036,0.997659,49,0,667,100,100,0,0,2,-100,0,100,-100,1,160,5,218,60,0,0,6200,352,0,20,0,1895,212,0,40,0,1012,0,0,6,0,405,0,0,21,0,0,221,84,36,0,0,25,3,5,0,0,5,5,0,0
2,6,2,84,9,20,0,0.997486,1.005227,1.000925,61,0,667,100,100,0,0,2,-100,100,0,-100,1,160,5,196,75,0,0,6200,397,0,25,0,1895,234,0,50,0,1012,1,0,20,0,405,0,0,21,0,0,85,84,65,0,0,53,10,10,0,0,10,10,0,0
2,6,3,74,9,20,0,0.99347,1.005269,0.999668,59,0,667,100,100,0,0,2,100,-100,-100,0,1,160,5,130,54,0,0,6200,341,0,18,0,1895,202,0,36,0,1012,1,0,22,0,405,0,0,33,0,0,211,132,56,0,0,57,11,8,0,0,8,8,0,0
2,7,0,65,15,17,0,0.989938,0.995914,0.992186,54,0,667,100,100,0,0,2,0,-100,-100,100,1,160,15,198,63,0,0,5768,372,0,21,0,1892,228,0,42,0,1046,0,0,4,0,445,0,0,21,0,1,242,84,33,0,0,44,2,4,0,0,4,4,0,0
2,7,1,59,15,17,0,0.993357,1.007201,0.995417,51,0,667,100,100,0,0,2,-100,0,100,-100,1,160,15,242,54,0,0,5768,418,0,18,0,1892,230,0,36,0,1046,0,0,6,0,445,0,0,11,0,1,268,44,30,0,0,25,3,3,0,0,3,3,0,0
2,7,2,84,15,17,0,0.998724,1.007149,1.001173,68,0,667,100,100,0,0,2,-100,100,0,-100,1,160,15,218,69,0,0,5768,482,0,23,0,1892,257,0,46,0,1046,1,0,6,0,445,0,0,26,0,1,182,104,41,0,0,50,3,6,0,0,6,6,0,0
2,7,3,73,15,17,0,0.996999,1.00478,1.000114,62,0,667,100,100,0,0,2,100,-100,-100,0,1,160,15,141,54,0,0,5768,409,0,18,0,1892,220,0,36,0,1046,1,0,10,0,445,0,0,27,0,1,311,108,36,0,0,58,5,4,0,0,4,4,0,0
2,8,0,66,16,9,0,0.990697,0.994925,0.990766,56,0,667,100,100,0,0,2,0,-100,-100,100,1,160,7,233,66,0,0,6280,405,0,22,0,1898,250,0,44,0,1037,0,0,8,0,470,0,0,12,0,0,286,48,38,0,0,44,4,4,0,0,4,4,0,0
2,8,1,61,16,9,0,0.991409,1.008015,0.989885,52,0,667,100,100,0,0,2,-100,0,100,-100,1,160,7,277,54,0,0,6280,341,0,18,0,1898,248,0,36,0,1037,1,0,4,0,470,0,0,12,0,0,323,48,26,0,0,25,2,2,0,0,2,2,0,0
2,8,2,84,16,9,0,1.000647,1.005666,0.999243,73,0,667,100,100,0,0,2,-100,100,0,-100,1,160,7,238,69,0,0,6280,375,0,23,0,1898,280,0,46,0,1037,1,0,10,0,470,0,0,18,0,0,245,72,43,0,0,50,5,5,0,0,5,5,0,0
2,8,3,77,16,9,0,0.996353,1.005954,1.000337,64,0,667,100,100,0,0,2,100,-100,-100,0,1,160,7,164,54,0,0,6280,318,0,18,0,1898,238,0,36,0,1037,1,0,12,0,470,0,0,24,0,0,403,96,38,0,0,60,6,4,0,0,4,4,0,0
2,9,0,67,8,8,0,0.992239,0.995651,0.988851,58,0,667,100,100,0,0,2,0,-100,-100,100,1,160,16,267,69,0,0,5880,316,0,23,0,1895,273,0,46,0,987,1,0,14,0,522,0,0,2,0,1,285,8,43,0,0,48,7,3,0,0,3,3,0,0
2,9,1,61,8,8,0,0.994526,1.004073,0.989003,52,0,667,100,100,0,0,2,-100,0,100,-100,1,160,16,312,60,0,0,5880,412,0,20,0,1895,268,0,40,0,987,1,0,12,0,522,0,0,4,0,1,332,16,40,0,0,27,6,4,0,0,4,4,0,0
2,9,2,83,8,8,0,1.000607,1.004474,0.999821,75,0,667,100,100,0,0,2,-100,100,0,-100,1,160,16,255,66,0,0,5880,453,0,22,0,1895,302,0,44,0,987,0,0,24,0,522,0,0,4,0,1,243,16,52,0,0,59,12,3,0,0,3,3,0,0
2,9,3,77,8,8,0,0.995878,1.004294,1.000527,67,0,667,100,100,0,0,2,100,-100,-100,0,1,160,16,173,54,0,0,5880,399,0,18,0,1895,256,0,36,0,987,1,0,32,0,522,0,0,4,0,1,393,16,60,0,0,71,16,5,0,0,5,5,0,0
2,10,0,64,13,16,0,0.993308,0.995454,0.989074,57,0,667,100,100,0,0,2,0,-100,-100,100,1,160,1,303,63,0,0,6096,348,0,21,0,1898,294,0,42,0,989,1,0,16,0,467,0,0,21,0,0,358,84,43,0,0,53,8,3,0,0,3,3,0,0
2,10,1,60,13,16,0,0.992838,1.004873,0.991325,55,0,667,100,100,0,0,2,-100,0,100,-100,1,160,1,341,54,0,0,6096,333,0,18,0,1898,286,0,36,0,989,1,0,20,0,467,0,0,6,0,0,348,24,40,0,0,36,10,1,0,0,1,1,0,0
2,10,2,84,13,16,0,1.001782,1.004987,1.000658,75,0,667,100,100,0,0,2,-100,100,0,-100,1,160,1,276,63,0,0,6096,349,0,21,0,1898,323,0,42,0,989,1,0,24,0,467,0,0,12,0,0,274,48,51,0,0,68,12,3,0,0,3,3,0,0
2,10,3,77,13,16,0,0.997291,1.004743,1.002023,68,0,667,100,100,0,0,2,100,-100,-100,0,1,160,1,183,57,0,0,6096,471,0,19,0,1898,275,0,38,0,989,1,0,22,0,467,0,0,27,0,0,485,108,47,0,0,79,11,3,0,0,3,3,0,0
2,11,0,65,13,13,0,0.994284,0.994479,0.991353,60,0,667,100,100,0,0,2,0,-100,-100,100,1,160,6,338,66,0,0,5952,382,0,22,0,1889,316,0,44,0,1009,0,0,22,0,428,0,0,21,0,0,427,84,48,0,0,62,11,2,0,0,2,2,0,0
2,11,1,61,13,13,0,0.995898,1.004928,0.992852,54,0,667,100,100,0,0,2,-100,0,100,-100,1,160,6,380,60,0,0,5952,397,0,20,0,1889,306,0,40,0,1009,0,0,16,0,428,0,0,12,0,0,385,48,40,0,0,42,8,2,0,0,2,2,0,0
2,11,2,83,13,13,0,1.003554,1.008326,1.001279,72,0,667,100,100,0,0,2,-100,100,0,-100,1,160,6,300,66,0,0,5952,411,0,22,0,1889,342,0,44,0,1009,0,0,16,0,428,0,0,33,0,0,392,132,44,0,0,73,8,3,0,0,3,3,0,0
2,11,3,76,13,13,0,0.9994,1.003764,1.000916,66,1,917,100,100,0,0,2,100,-100,-100,0,1,160,6,204,63,0,0,5952,373,0,21,0,1889,296,0,42,0,1009,1,0,12,0,428,10,0,32,0,0,575,128,73,0,0,48,6,37,0,0,3,3,0,0
2,12,0,65,11,14,1,0.993417,0.995866,0.984646,61,0,667,100,100,0,0,2,0,-100,-100,100,1,160,7,363,60,0,0,5952,417,0,20,0,1886,336,0,40,0,1007,0,0,14,0,513,0,0,7,0,1,452,28,36,0,0,68,7,1,0,0,1,1,0,0
2,12,1,58,11,14,1,0.997958,1.000813,0.99082,53,0,667,100,100,0,0,2,-100,0,100,-100,1,160,7,404,57,0,0,5952,317,0,19,0,1886,325,0,38,0,1007,0,0,10,0,513,0,0,5,0,1,402,20,33,0,0,45,5,2,0,0,2,2,0,0
2,12,2,84,11,14,1,1.004509,1.00563,1.00025,71,0,667,100,100,0,0,2,-100,100,0,-100,1,160,7,317,60,0,0,5952,484,0,20,0,1886,362,0,40,0,1007,0,0,12,0,513,0,0,11,0,1,430,44,40,0,0,75,6,4,0,0,4,4,0,0
2,12,3,75,11,14,1,0.998569,1.000126,1.000161,66,1,917,100,100,0,0,2,100,-100,-100,0,1,160,7,222,63,0,0,5952,412,0,21,0,1886,317,0,42,0,1007,0,0,30,0,513,0,0,10,0,1,590,40,59,0,0,59,15,4,0,0,4,4,0,0
2,13,0,65,7,10,0,0.993039,0.995056,0.982483,61,0,667,100,100,0,0,2,0,-100,-100,100,1,160,35,386,63,0,0,6248,331,0,21,0,1901,357,0,42,0,939,1,0,28,0,501,0,0,10,0,0,471,40,51,0,0,81,14,1,0,0,1,1,0,0
2,13,1,57,7,10,0,0.999092,0.997103,0.992585,52,0,667,100,100,0,0,2,-100,0,100,-100,1,160,35,427,57,0,0,6248,384,0,19,0,1901,344,0,38,0,939,0,0,24,0,501,0,0,3,0,0,386,12,47,0,0,55,12,2,0,0,2,2,0,0
2,13,2,83,7,10,0,1.005824,1.002871,1.000501,73,0,667,100,100,0,0,2,-100,100,0,-100,1,160,35,325,60,0,0,6248,380,0,20,0,1901,382,0,40,0,939,1,0,38,0,501,0,0,10,0,0,448,40,68,0,0,89,19,5,0,0,5,5,0,0
2,13,3,74,7,10,0,0.999638,0.995158,1.000336,67,1,917,100,100,0,0,2,100,-100,-100,0,1,160,35,241,60,0,0,6248,317,0,20,0,1901,337,0,40,0,939,0,0,38,0,501,0,0,12,0,0,615,48,64,0,0,75,19,3,0,0,3,3,0,0
2,14,0,69,13,7,0,0.996501,0.992593,0.979177,62,0,667,100,100,0,0,2,0,-100,-100,100,1,160,15,421,66,0,0,5816,356,0,22,0,1907,379,0,44,0,939,0,0,32,0,536,0,0,0,0,7,447,0,56,0,0,96,16,1,0,0,1,1,0,0
2,14,1,59,13,7,0,1.001508,0.992523,0.987827,53,0,667,100,100,0,0,2,-100,0,100,-100,1,160,15,462,57,0,0,5816,460,0,19,0,1907,360,0,38,0,939,0,0,24,0,536,0,0,0,0,7,366,0,47,0,0,65,12,2,0,0,2,2,0,0
2,14,2,81,13,7,0,1.007122,1.001261,0.997398,75,0,667,100,100,0,0,2,-100,100,0,-100,1,160,15,338,60,0,0,5816,437,0,20,0,1907,402,0,40,0,939,0,0,40,0,536,0,0,0,0,7,416,0,66,0,0,106,20,3,0,0,3,3,0,0
2,14,3,76,13,7,0,1.001156,0.994405,1.00033,68,1,917,100,100,0,0,2,100,-100,-100,0,1,160,15,260,57,0,0,5816,376,0,19,0,1907,356,0,38,0,939,1,0,38,0,536,0,0,0,0,7,588,0,61,0,0,92,19,2,0,0,2,2,0,0
2,15,0,69,15,18,0,0.995997,0.98867,0.977148,60,1,917,100,100,0,0,2,0,-100,-100,100,1,160,9,450,66,0,0,6112,377,0,22,0,1955,389,0,44,0,1068,0,0,0,0,380,6,0,29,0,0,535,116,62,0,0,59,0,37,0,0,3,3,0,0
2,15,1,60,15,18,0,0.999884,0.989712,0.983738,54,0,667,100,100,0,0,2,-100,0,100,-100,1,160,9,497,57,0,0,6112,382,0,19,0,1955,370,0,38,0,1068,0,0,0,0,380,0,0,24,0,0,473,96,23,0,0,63,0,2,0,0,2,2,0,0
2,15,2,81,15,18,0,1.011484,1.000109,0.995381,74,1,917,100,100,0,0,2,-100,100,0,-100,1,160,9,346,51,0,0,6112,339,0,17,0,1955,401,0,34,0,1068,0,0,2,0,380,6,0,41,0,0,557,164,57,0,0,71,1,36,0,0,2,2,0,0
2,15,3,72,15,18,0,1.01064,0.989948,1.002713,62,1,917,100,100,0,0,2,100,-100,-100,0,1,160,9,268,45,0,0,6112,445,0,15,0,1955,356,0,30,0,1068,1,0,2,0,380,8,0,37,0,0,747,148,23,0,0,90,1,3,0,0,3,3,0,0
2,16,0,71,14,27,0,0.998621,0.981649,0.977276,60,1,917,100,100,0,0,2,0,-100,-100,100,1,160,14,490,69,0,0,5976,405,0,23,0,1916,412,0,46,0,892,1,0,38,0,536,0,0,6,0,7,526,24,67,0,0,75,19,3,0,0,3,3,0,0
2,16,1,60,14,27,0,1.0034,0.985586,0.987154,53,0,667,100,100,0,0,2,-100,0,100,-100,1,160,14,537,60,0,0,5976,446,0,20,0,1916,390,0,40,0,892,0,0,24,0,536,0,0,0,0,7,452,0,48,0,0,73,12,2,0,0,2,2,0,0
2,16,2,76,14,27,0,1.012144,0.99679,0.992934,68,1,917,100,100,0,0,2,-100,100,0,-100,1,160,14,350,51,0,0,5976,401,0,17,0,1916,418,0,34,0,892,1,0,38,0,536,0,0,6,0,7,554,24,61,0,0,87,19,3,0,0,3,3,0,0
2,16,3,62,14,27,0,1.008768,0.994126,0.996348,54,1,917,100,100,0,0,2,100,-100,-100,0,1,160,14,276,48,0,0,5976,357,0,16,0,1916,372,0,32,0,892,1,0,36,0,536,0,0,8,0,7,754,32,58,0,0,105,18,3,0,0,3,3,0,0
2,17,0,71,18,14,0,1.000251,0.982679,0.980186,60,1,917,100,100,0,0,2,0,-100,-100,100,1,160,18,526,75,0,0,6112,309,0,25,0,1922,434,0,50,0,1020,0,0,24,0,443,0,0,18,0,132,541,72,57,0,0,83,12,4,0,0,4,4,0,0
2,17,1,58,18,14,0,1.005604,0.98846,0.984372,53,1,917,100,100,0,0,2,-100,0,100,-100,1,160,18,571,60,0,0,6112,366,0,20,0,1922,407,0,40,0,1020,0,0,12,0,443,0,0,12,0,132,432,48,68,0,0,44,6,35,0,0,1,1,0,0
2,17,2,80,18,14,0,1.01106,0.997084,0.988845,69,1,917,100,100,0,0,2,-100,100,0,-100,1,160,18,365,51,0,0,6112,468,0,17,0,1922,432,0,34,0,1020,0,0,12,0,443,0,0,30,0,132,639,120,35,0,0,90,6,3,0,0,3,3,0,0
2,17,3,64,18,14,0,1.008061,0.9873,0.995958,54,2,1167,100,100,0,0,2,100,-100,-100,0,1,160,18,294,45,0,0,6112,400,0,15,0,1922,387,0,30,0,1020,1,0,6,0,443,0,0,30,0,132,813,120,61,0,0,71,3,37,0,0,3,3,0,0
2,18,0,69,9,14,0,1.000978,0.979513,0.975415,60,1,917,100,100,0,0,2,0,-100,-100,100,1,160,15,563,69,0,0,6128,343,0,23,0,1913,454,0,46,0,1014,0,0,18,0,503,0,0,14,0,0,564,56,49,0,0,88,9,4,0,0,4,4,0,0
2,18,1,56,9,14,0,1.007001,0.99254,0.983579,49,1,917,100,100,0,0,2,-100,0,100,-100,1,160,15,604,57,0,0,6128,433,0,19,0,1913,426,0,38,0,1014,0,0,8,0,503,0,0,3,0,0,427,12,31,0,0,46,4,2,0,0,2,2,0,0
2,18,2,78,9,14,0,1.011507,0.996214,0.991006,69,1,917,100,100,0,0,2,-100,100,0,-100,1,160,15,371,51,0,0,6128,371,0,17,0,1913,449,0,34,0,1014,1,0,18,0,503,0,0,10,0,0,689,40,43,0,0,95,9,4,0,0,4,4,0,0
2,18,3,65,9,14,0,1.008828,0.983909,0.997191,55,2,1167,100,100,0,0,2,100,-100,-100,0,1,160,15,308,45,0,0,6128,321,0,15,0,1913,402,0,30,0,1014,1,0,10,0,503,0,0,6,0,0,856,24,33,0,0,72,5,4,0,0,4,4,0,0
2,19,0,69,12,15,0,1.000662,0.977726,0.974957,61,1,917,100,100,0,0,2,0,-100,-100,100,1,160,5,602,72,0,0,5976,370,0,24,0,1916,475,0,48,0,931,0,0,42,0,536,0,0,0,0,0,524,0,72,0,0,106,21,3,0,0,3,3,0,0
2,19,1,54,12,15,0,1.008561,0.988233,0.980548,47,1,917,100,100,0,0,2,-100,0,100,-100,1,160,5,642,60,0,0,5976,357,0,20,0,1916,446,0,40,0,931,1,0,20,0,536,0,0,0,0,0,413,0,44,0,0,54,10,2,0,0,2,2,0,0
2,19,2,78,12,15,0,1.011511,0.995318,0.990362,70,1,917,100,100,0,0,2,-100,100,0,-100,1,160,5,379,48,0,0,5976,453,0,16,0,1916,465,0,32,0,931,1,0,42,0,536,0,0,0,0,0,657,0,64,0,0,113,21,3,0,0,3,3,0,0
2,19,3,64,12,15,0,1.009712,0.98362,0.99463,56,2,1167,100,100,0,0,2,100,-100,-100,0,1,160,5,328,48,0,0,5976,352,0,16,0,1916,418,0,32,0,931,0,0,34,0,536,0,0,0,0,0,834,0,56,0,0,86,17,3,0,0,3,3,0,0
2,20,0,63,13,29,0,0.999206,0.977679,0.974315,58,1,917,100,100,0,0,2,0,-100,-100,100,1,160,17,639,69,0,0,6056,398,0,23,0,1916,495,0,46,0,931,0,0,36,0,529,0,0,1,0,7,493,4,63,0,0,122,18,2,0,0,2,2,0,0
2,20,1,51,13,29,0,1.009577,0.990445,0.97719,47,1,917,100,100,0,0,2,-100,0,100,-100,1,160,17,680,60,0,0,6056,395,0,20,0,1916,463,0,40,0,931,1,0,18,0,529,0,0,2,0,7,406,8,42,0,0,61,9,2,0,0,2,2,0,0
2,20,2,76,13,29,0,1.014685,0.997972,0.98599,65,1,917,100,100,0,0,2,-100,100,0,-100,1,160,17,385,51,0,0,6056,358,0,17,0,1916,482,0,34,0,931,1,0,18,0,529,0,0,4,0,7,666,16,41,0,0,119,9,3,0,0,3,3,0,0
2,20,3,59,13,29,0,1.009887,0.982201,0.992663,49,2,1167,100,100,0,0,2,100,-100,-100,0,1,160,17,341,45,0,0,6056,377,0,15,0,1916,430,0,30,0,931,1,0,26,0,529,0,0,0,0,7,815,0,47,0,0,96,13,3,0,0,3,3,0,0
2,21,0,66,14,10,0,1.001835,0.973753,0.977244,60,1,917,100,100,0,0,2,0,-100,-100,100,1,160,8,684,72,0,0,6088,311,0,24,0,1928,516,0,48,0,1018,0,0,12,0,473,0,0,24,0,0,583,96,38,0,0,127,6,1,0,0,1,1,0,0
2,21,1,56,14,10,0,1.011594,0.990101,0.972296,48,1,917,100,100,0,0,2,-100,0,100,-100,1,160,8,727,60,0,0,6088,324,0,20,0,1928,480,0,40,0,1018,1,0,6,0,473,0,0,18,0,0,491,72,28,0,0,63,3,1,0,0,1,1,0,0
2,21,2,75,14,10,0,1.013727,0.995663,0.983664,65,1,917,100,100,0,0,2,-100,100,0,-100,1,160,8,388,48,0,0,6088,458,0,16,0,1928,498,0,32,0,1018,1,0,12,0,473,0,0,12,0,0,713,48,36,0,0,121,6,4,0,0,4,4,0,0
2,21,3,56,14,10,0,1.01042,0.98435,0.994216,48,2,1167,100,100,0,0,2,100,-100,-100,0,1,160,8,354,36,0,0,6088,418,0,12,0,1928,442,0,24,0,1018,1,0,24,0,473,0,0,6,0,0,823,24,44,0,0,104,12,4,0,0,4,4,0,0
2,22,0,63,10,39,1,1.002143,0.973014,0.974723,55,1,917,95.112447,92.112447,1,1,2,0,-100,-100,100,1,160,12,723,72,0,0,6152,333,0,24,0,1937,537,0,48,0,1040,0,0,8,0,468,0,0,15,0,0,629,60,38,0,0,128,4,3,0,0,2,2,0,0
2,22,1,54,10,39,1,1.011062,0.990876,0.971819,47,1,917,100,100,1,1,2,-100,0,100,-100,1,160,12,765,63,0,0,6152,375,0,21,0,1937,498,0,42,0,1040,1,0,4,0,468,0,0,12,0,0,532,48,31,0,0,62,2,3,0,0,3,3,0,0
2,22,2,64,10,39,1,1.01161,0.997752,0.997064,54,2,1167,100,100,1,1,2,-100,100,0,-100,1,160,12,398,48,0,0,6152,367,0,16,0,1937,514,0,32,0,1040,0,0,4,0,468,0,0,18,0,0,763,72,60,0,0,86,2,37,0,0,3,3,0,0
2,22,3,43,10,39,1,1.00506,0.982868,0.990656,40,2,1167,100,100,1,1,2,100,-100,-100,0,1,160,12,356,30,0,0,6152,352,0,10,0,1937,452,0,20,0,1040,1,0,0,0,468,0,0,21,0,0,923,84,12,0,0,103,0,1,0,0,1,1,0,0
2,23,0,65,21,10,0,1.006056,0.977108,0.970102,53,1,917,98.112447,95.112447,1,1,2,0,-100,-100,100,1,160,6,767,69,0,0,5920,359,0,23,0,1943,554,0,46,0,1025,0,0,16,0,512,0,0,4,0,10,632,16,47,0,0,132,8,4,0,0,3,3,0,0
2,23,1,58,21,10,0,1.009154,0.984749,0.971712,48,2,1167,100,100,1,1,2,-100,0,100,-100,1,160,6,812,66,0,0,5920,427,0,22,0,1943,516,0,44,0,1025,0,0,10,0,512,0,0,5,0,10,503,20,70,0,0,31,5,36,0,0,2,2,0,0
2,23,2,66,21,10,0,1.010519,1.001308,0.994742,54,2,1167,100,100,1,1,2,-100,100,0,-100,1,160,6,415,48,0,0,5920,439,0,16,0,1943,528,0,32,0,1025,0,0,12,0,512,0,0,9,0,10,797,36,36,0,0,88,6,4,0,0,4,4,0,0
2,23,3,46,21,10,0,1.01086,0.97691,0.989946,40,2,1167,100,100,1,1,2,100,-100,-100,0,1,160,6,368,27,0,0,5920,372,0,9,0,1943,458,0,18,0,1025,1,0,10,0,512,0,0,6,0,10,960,24,21,0,0,107,5,1,0,0,1,1,0,0
2,24,0,67,13,10,0,1.007146,0.976228,0.969404,54,2,1167,100,98.112447,1,1,2,0,-100,-100,100,1,160,6,815,75,0,0,6200,389,0,25,0,1928,576,0,50,0,1038,0,0,8,0,461,0,0,23,0,0,679,92,79,0,0,96,4,40,0,0,5,5,0,0
2,24,1,59,13,10,0,1.008795,0.985462,0.973828,49,2,1167,100,100,1,1,2,-100,0,100,-100,1,160,6,855,66,0,0,6200,347,0,22,0,1928,535,0,44,0,1038,0,0,10,0,461,0,0,14,0,0,553,56,40,0,0,32,5,4,0,0,4,4,0,0
2,24,2,67,13,10,0,1.013833,0.99837,0.991984,56,2,1167,100,100,1,1,2,-100,100,0,-100,1,160,6,429,48,0,0,6200,357,0,16,0,1928,544,0,32,0,1038,0,0,6,0,461,0,0,18,0,0,873,72,30,0,0,87,3,4,0,0,4,4,0,0
2,24,3,45,13,10,0,1.010848,0.979608,0.993316,39,3,1417,100,100,1,1,2,100,-100,-100,0,1,160,6,381,24,0,0,6200,390,0,8,0,1928,466,0,16,0,1038,1,0,8,0,461,0,0,19,0,0,1016,76,54,0,0,75,4,36,0,0,2,2,0,0
2,25,0,64,14,25,0,1.013872,0.974677,0.970074,55,2,1167,100,100,1,1,2,0,-100,-100,100,1,160,10,861,72,0,0,5984,410,0,24,0,2056,553,0,48,0,1072,0,0,0,0,434,0,0,27,0,0,786,108,30,0,0,93,0,3,0,0,3,3,0,0
2,25,1,59,14,25,0,1.010496,0.986103,0.977523,50,2,1167,100,100,1,1,2,-100,0,100,-100,1,160,10,895,63,0,0,5984,395,0,21,0,2056,520,0,42,0,1072,0,0,0,0,434,0,0,21,0,0,643,84,27,0,0,29,0,3,0,0,3,3,0,0
2,25,2,69,14,25,0,1.015713,0.995984,0.99831,57,2,1167,100,100,1,1,2,-100,100,0,-100,1,160,10,444,51,0,0,5984,441,0,17,0,2056,531,0,34,0,1072,0,0,0,0,434,0,0,18,0,0,955,72,25,0,0,83,0,4,0,0,4,4,0,0
2,25,3,35,14,25,0,1.008066,0.978889,0.984514,31,3,1417,100,100,1,1,2,100,-100,-100,0,1,160,10,383,24,0,0,5984,337,0,8,0,2056,462,0,16,0,1072,1,0,0,0,434,1,0,17,0,0,1096,68,10,0,0,74,0,1,0,0,1,1,0,0
2,26,0,63,8,8,0,1.015873,0.970244,0.970522,55,2,1167,100,100,1,1,2,0,-100,-100,100,1,160,36,899,72,0,0,6328,322,0,24,0,1955,562,0,48,0,1000,1,0,26,0,516,0,0,5,0,125,761,20,56,0,0,103,13,3,0,0,3,3,0,0
2,26,1,60,8,8,0,1.01165,0.984873,0.978304,53,2,1167,100,100,1,1,2,-100,0,100,-100,1,160,36,933,69,0,0,6328,313,0,23,0,1955,534,0,46,0,1000,1,0,14,0,516,0,0,9,0,125,636,36,43,0,0,33,7,3,0,0,3,3,0,0
2,26,2,67,8,8,0,1.018424,0.99561,1.000581,57,2,1167,100,100,1,1,2,-100,100,0,-100,1,160,36,460,57,0,0,6328,353,0,19,0,1955,544,0,38,0,1000,0,0,6,0,516,0,0,6,0,125,946,24,33,0,0,82,3,4,0,0,4,4,0,0
2,26,3,37,8,8,0,1.007009,0.975621,0.987975,31,3,1417,100,100,1,1,2,100,-100,-100,0,1,160,36,400,24,0,0,6328,366,0,8,0,1955,464,0,16,0,1000,0,0,22,0,516,0,0,1,0,125,1066,4,34,0,0,83,11,2,0,0,2,2,0,0
2,27,0,65,20,11,0,1.02015,0.967195,0.973447,55,2,1167,100,100,1,1,2,0,-100,-100,100,1,160,0,951,69,0,0,5912,348,0,23,0,1928,585,0,46,0,1012,0,0,22,0,536,0,0,0,0,2,744,0,51,0,0,111,11,3,0,0,3,3,0,0
2,27,1,62,20,11,0,1.015479,0.986132,0.975235,53,2,1167,100,100,1,1,2,-100,0,100,-100,1,160,0,982,66,0,0,5912,367,0,22,0,1928,556,0,44,0,1012,1,0,18,0,536,0,0,0,0,2,622,0,44,0,0,40,9,2,0,0,2,2,0,0
2,27,2,70,20,11,0,1.017475,0.997665,0.999102,60,2,1167,100,100,1,1,2,-100,100,0,-100,1,160,0,480,54,0,0,5912,436,0,18,0,1928,562,0,36,0,1012,0,0,6,0,536,0,0,0,0,2,950,0,30,0,0,82,3,3,0,0,3,3,0,0
2,27,3,39,20,11,0,1.009617,0.972146,0.987675,30,3,1417,100,100,1,1,2,100,-100,-100,0,1,160,0,421,21,0,0,5912,386,0,7,0,1928,471,0,14,0,1012,1,0,14,0,536,0,0,0,0,2,1074,0,25,0,0,88,7,2,0,0,2,2,0,0
2,28,0,64,7,20,0,1.025393,0.964338,0.975521,54,3,1417,100,100,1,1,2,0,-100,-100,100,1,160,13,1001,75,0,0,6128,370,0,25,0,1922,610,0,50,0,998,0,0,20,0,536,0,0,0,0,0,688,0,87,0,0,83,10,38,0,0,4,4,0,0
2,28,1,57,7,20,0,1.016437,0.988867,0.971013,49,3,1417,100,100,1,1,2,-100,0,100,-100,1,160,13,1022,69,0,0,6128,426,0,23,0,1922,579,0,46,0,998,1,0,20,0,536,0,0,0,0,0,557,0,83,0,0,13,10,37,0,0,3,3,0,0
2,28,2,63,7,20,0,1.022764,0.999822,0.996365,56,2,1167,100,100,1,1,2,-100,100,0,-100,1,160,13,497,57,0,0,6128,347,0,19,0,1922,581,0,38,0,998,1,0,8,0,536,0,0,0,0,0,953,0,35,0,0,82,4,4,0,0,4,4,0,0
2,28,3,39,7,20,0,1.009257,0.969547,0.990129,30,3,1417,100,100,1,1,2,100,-100,-100,0,1,160,13,431,21,0,0,6128,340,0,7,0,1922,478,0,14,0,998,1,0,22,0,536,0,0,0,0,0,1071,0,37,0,0,95,11,4,0,0,4,4,0,0
2,29,0,59,7,38,0,1.02528,0.958612,0.96938,52,3,1417,100,100,1,1,2,0,-100,-100,100,1,160,20,1042,66,0,0,6032,396,0,22,0,1928,632,0,44,0,991,1,0,26,0,536,0,0,0,0,0,661,0,52,0,0,94,13,2,0,0,2,2,0,0
2,29,1,44,7,38,0,1.017828,0.984609,0.962308,40,3,1417,100,100,1,1,2,-100,0,100,-100,1,160,20,1039,42,0,0,6032,355,0,14,0,1928,593,0,28,0,991,1,0,24,0,536,0,0,0,0,0,546,0,42,0,0,23,12,2,0,0,2,2,0,0
2,29,2,55,7,38,0,1.026526,0.998582,0.986647,50,2,1167,100,100,1,1,2,-100,100,0,-100,1,160,20,494,33,0,0,6032,449,0,11,0,1928,592,0,22,0,991,0,0,4,0,536,0,0,0,0,0,968,0,19,0,0,82,2,2,0,0,2,2,0,0
2,29,3,34,7,38,0,1.004086,0.967398,0.990947,28,3,1417,100,100,1,1,2,100,-100,-100,0,1,160,20,435,12,0,0,6032,369,0,4,0,1928,482,0,8,0,991,0,0,22,0,536,0,0,0,0,0,1067,0,32,0,0,103,11,3,0,0,3,3,0,0
2,30,0,60,9,8,0,1.02669,0.957284,0.970698,54,3,1417,100,100,1,1,2,0,-100,-100,100,1,160,50,1084,66,0,0,6280,315,0,22,0,1991,654,0,44,0,1019,1,0,16,0,507,0,0,13,0,19,703,52,44,0,0,99,8,3,0,0,3,3,0,0
2,30,1,43,9,8,0,1.015748,0.984717,0.96693,38,3,1417,100,100,1,1,2,-100,0,100,-100,1,160,50,1066,42,0,0,6280,401,0,14,0,1991,604,0,28,0,1019,1,0,12,0,507,0,0,12,0,19,581,48,28,0,0,28,6,1,0,0,1,1,0,0
2,30,2,55,9,8,0,1.02702,0.995757,0.984965,50,2,1167,100,100,1,1,2,-100,100,0,-100,1,160,50,493,33,0,0,6280,383,0,11,0,1991,603,0,22,0,1019,0,0,6,0,507,0,0,0,0,19,981,0,21,0,0,83,3,2,0,0,2,2,0,0
2,30,3,35,9,8,0,1.003512,0.969045,0.989982,29,3,1417,100,100,1,1,2,100,-100,-100,0,1,160,50,434,12,0,0,6280,331,0,4,0,1991,486,0,8,0,1019,1,0,18,0,507,0,0,4,0,19,1090,16,26,0,0,110,9,2,0,0,2,2,0,0
2,31,0,64,8,7,0,1.023944,0.953469,0.971576,56,3,1417,100,100,1,1,2,0,-100,-100,100,1,160,39,1119,63,0,0,6024,362,0,21,0,1988,675,0,42,0,1045,0,0,14,0,527,0,0,5,0,135,684,20,39,0,0,104,7,2,0,0,2,2,0,0
2,31,1,42,8,7,0,1.015752,0.983039,0.961071,37,3,1417,100,100,1,1,2,-100,0,100,-100,1,160,39,1090,42,0,0,6024,344,0,14,0,1988,618,0,28,0,1045,0,0,8,0,527,0,0,2,0,135,563,8,26,0,0,30,4,2,0,0,2,2,0,0
2,31,2,53,8,7,0,1.026845,0.995367,0.982228,50,2,1167,100,100,1,1,2,-100,100,0,-100,1,160,39,498,33,0,0,6024,493,0,11,0,1988,614,0,22,0,1045,0,0,2,0,527,0,0,0,0,135,966,0,15,0,0,83,1,1,0,0,1,1,0,0
2,31,3,35,8,7,0,1.002063,0.968401,0.989124,30,3,1417,100,100,1,1,2,100,-100,-100,0,1,160,39,440,15,0,0,6024,363,0,5,0,1988,491,0,10,0,1045,0,0,6,0,527,0,0,2,0,135,1084,8,15,0,0,111,3,2,0,0,2,2,0,0
2,32,0,66,18,11,0,1.023161,0.952978,0.970965,56,3,1417,100,100,1,1,2,0,-100,-100,100,1,160,10,1167,66,0,0,6072,420,0,22,0,1988,697,0,44,0,988,0,0,30,0,533,0,0,3,0,25,663,12,58,0,0,116,15,3,0,0,3,3,0,0
2,32,1,46,18,11,0,1.008526,0.98209,0.965168,37,3,1417,100,100,1,1,2,-100,0,100,-100,1,160,10,1124,39,0,0,6072,393,0,13,0,1988,631,0,26,0,988,1,0,20,0,533,0,0,0,0,25,533,0,35,0,0,39,10,1,0,0,1,1,0,0
2,32,2,52,18,11,0,1.025074,0.997234,0.982412,48,3,1417,100,100,1,1,2,-100,100,0,-100,1,160,10,505,33,0,0,6072,429,0,11,0,1988,625,0,22,0,988,0,0,6,0,533,0,0,0,0,25,968,0,53,0,0,51,3,35,0,0,1,1,0,0
2,32,3,37,18,11,0,1.013093,0.957874,0.995048,29,3,1417,100,100,1,1,2,100,-100,-100,0,1,160,10,451,15,0,0,6072,403,0,5,0,1988,496,0,10,0,988,0,0,18,0,533,0,0,0,0,25,1083,0,27,0,0,118,9,2,0,0,2,2,0,0
2,33,0,68,14,9,1,1.021785,0.952302,0.972551,57,4,1667,100,100,1,1,2,0,-100,-100,100,1,160,9,1205,66,0,0,6400,332,0,22,0,1991,716,0,44,0,987,0,0,26,0,536,0,0,0,0,0,607,0,90,0,0,91,13,38,0,0,4,4,0,0
2,33,1,49,14,9,1,1.01024,0.981054,0.96373,37,3,1417,100,100,1,1,2,-100,0,100,-100,1,160,9,1164,42,0,0,6400,333,0,14,0,1991,645,0,28,0,987,1,0,28,0,536,0,0,0,0,0,515,0,50,0,0,49,14,4,0,0,4,4,0,0
2,33,2,52,14,9,1,1.026377,0.993973,0.980175,46,3,1417,100,100,1,1,2,-100,100,0,-100,1,160,9,523,33,0,0,6400,366,0,11,0,1991,636,0,22,0,987,0,0,6,0,536,0,0,0,0,0,979,0,21,0,0,52,3,2,0,0,2,2,0,0
2,33,3,37,14,9,1,1.015036,0.953066,0.997357,29,3,1417,100,100,1,1,2,100,-100,-100,0,1,160,9,457,15,0,0,6400,361,0,5,0,1991,501,0,10,0,987,1,0,16,0,536,0,0,0,0,0,1090,0,27,0,0,123,8,3,0,0,3,3,0,0
2,34,0,71,12,13,1,1.021966,0.94901,0.975601,59,4,1667,100,100,1,1,2,0,-100,-100,100,1,160,17,1240,63,0,0,5888,395,0,21,0,1982,737,0,42,0,998,1,0,28,0,535,0,0,1,0,129,560,4,57,0,0,101,14,4,0,0,4,4,0,0
2,34,1,48,12,13,1,1.00744,0.983411,0.960086,40,3,1417,100,100,1,1,2,-100,0,100,-100,1,160,17,1195,48,0,0,5888,388,0,16,0,1982,661,0,32,0,998,0,0,20,0,535,0,0,0,0,129,473,0,42,0,0,56,10,3,0,0,3,3,0,0
2,34,2,48,12,13,1,1.025114,1.000267,0.969663,44,3,1417,100,100,1,1,2,-100,100,0,-100,1,160,17,519,24,0,0,5888,450,0,8,0,1982,644,0,16,0,998,0,0,2,0,535,0,0,0,0,129,965,0,14,0,0,51,1,2,0,0,2,2,0,0
2,34,3,38,12,13,1,1.020578,0.957934,0.986327,30,3,1417,100,100,1,1,2,100,-100,-100,0,1,160,17,457,12,0,0,5888,408,0,4,0,1982,505,0,8,0,998,0,0,22,0,535,0,0,0,0,129,1060,0,30,0,0,132,11,2,0,0,2,2,0,0
2,35,0,65,12,19,0,1.021977,0.952146,0.977319,54,4,1667,100,100,1,1,2,0,-100,-100,100,1,160,21,1261,54,0,0,6216,490,0,18,0,1997,755,0,36,0,970,0,0,28,0,536,0,0,0,0,0,518,0,54,0,0,111,14,4,0,0,4,4,0,0
2,35,1,49,12,19,0,1.010354,0.986607,0.962324,42,4,1667,100,100,1,1,2,-100,0,100,-100,1,160,21,1222,45,0,0,6216,325,0,15,0,1997,676,0,30,0,970,0,0,30,0,536,0,0,0,0,0,415,0,83,0,0,35,15,36,0,0,2,2,0,0
2,35,2,45,12,19,0,1.028247,0.996524,0.973066,42,3,1417,100,100,1,1,2,-100,100,0,-100,1,160,21,522,21,0,0,6216,395,0,7,0,1997,651,0,14,0,970,0,0,0,0,536,0,0,0,0,0,1013,0,9,0,0,50,0,1,0,0,1,1,0,0
2,35,3,39,12,19,0,1.022591,0.952152,0.992713,28,3,1417,100,100,1,1,2,100,-100,-100,0,1,160,21,460,12,0,0,6216,366,0,4,0,1997,509,0,8,0,970,1,0,20,0,536,0,0,0,0,0,1072,0,30,0,0,139,10,3,0,0,3,3,0,0
2,36,0,62,15,10,0,1.025855,0.949651,0.978053,56,4,1667,100,100,1,1,2,0,-100,-100,100,1,160,31,1277,54,0,0,6152,407,0,18,0,2038,762,0,36,0,1036,0,0,12,0,488,0,0,15,0,0,579,60,36,0,0,114,6,3,0,0,3,3,0,0
2,36,1,55,15,10,0,1.01423,0.984791,0.964154,43,4,1667,100,100,1,1,2,-100,0,100,-100,1,160,31,1264,48,0,0,6152,388,0,16,0,2038,680,0,32,0,1036,0,0,12,0,488,0,0,21,0,0,477,84,34,0,0,38,6,3,0,0,3,3,0,0
2,36,2,46,15,10,0,1.029317,0.993766,0.971823,42,3,1417,100,100,1,1,2,-100,100,0,-100,1,160,31,513,21,0,0,6152,343,0,7,0,2038,655,0,14,0,1036,0,0,0,0,488,0,0,0,0,0,1060,0,9,0,0,49,0,1,0,0,1,1,0,0
2,36,3,40,15,10,0,1.027882,0.949502,0.998881,27,3,1417,100,100,1,1,2,100,-100,-100,0,1,160,31,473,12,0,0,6152,435,0,4,0,2038,510,0,8,0,1036,1,0,12,0,488,0,0,12,0,0,1120,48,24,0,0,141,6,4,0,0,4,4,0,0
2,37,0,64,7,8,0,1.023204,0.953055,0.980566,59,4,1667,100,100,1,1,2,0,-100,-100,100,1,160,31,1301,54,0,0,6088,327,0,18,0,2006,777,0,36,0,1006,0,0,18,0,534,0,0,2,0,16,582,8,38,0,0,122,9,1,0,0,1,1,0,0
2,37,1,55,7,8,0,1.014348,0.985824,0.965923,44,4,1667,100,100,1,1,2,-100,0,100,-100,1,160,31,1291,48,0,0,6088,461,0,16,0,2006,696,0,32,0,1006,1,0,26,0,534,0,0,0,0,16,440,0,52,0,0,46,13,5,0,0,5,5,0,0
2,37,2,45,7,8,0,1.031878,0.991772,0.974909,40,3,1417,100,100,1,1,2,-100,100,0,-100,1,160,31,515,21,0,0,6088,458,0,7,0,2006,662,0,14,0,1006,0,0,0,0,534,0,0,0,0,16,1080,0,11,0,0,47,0,2,0,0,2,2,0,0
2,37,3,38,7,8,0,1.029282,0.952849,0.995322,29,3,1417,100,100,1,1,2,100,-100,-100,0,1,160,31,473,18,0,0,6088,389,0,6,0,2006,516,0,12,0,1006,0,0,22,0,534,0,0,0,0,16,1116,0,38,0,0,147,11,5,0,0,5,5,0,0
2,38,0,65,16,10,0,1.024898,0.950738,0.981373,57,4,1667,100,100,1,1,2,0,-100,-100,100,1,160,13,1329,54,0,0,6241,404,0,18,0,2003,795,0,36,0,1045,1,0,10,0,519,0,0,4,0,0,600,16,32,0,0,125,5,2,0,0,2,2,0,0
2,38,1,56,16,10,0,1.017227,0.977375,0.969028,45,4,1667,100,100,1,1,2,-100,0,100,-100,1,160,13,1319,45,0,0,6241,391,0,15,0,2003,711,0,30,0,1045,0,0,10,0,519,0,0,8,0,0,475,32,31,0,0,48,5,3,0,0,3,3,0,0
2,38,2,47,16,10,0,1.033869,0.986326,0.975431,41,3,1417,100,100,1,1,2,-100,100,0,-100,1,160,13,525,21,0,0,6241,406,0,7,0,2003,666,0,14,0,1045,0,0,0,0,519,0,0,0,0,0,1103,0,11,0,0,45,0,2,0,0,2,2,0,0
2,38,3,40,16,10,0,1.036092,0.94955,0.996904,32,3,1417,100,100,1,1,2,100,-100,-100,0,1,160,13,484,18,0,0,6241,345,0,6,0,2003,522,0,12,0,1045,1,0,6,0,519,0,0,5,0,0,1154,20,16,0,0,148,3,2,0,0,2,2,0,0
2,39,0,58,9,24,0,1.028623,0.9442,0.974453,50,4,1667,100,100,2,2,2,0,-100,-100,100,1,160,33,1356,57,0,0,6272,320,0,19,0,2000,814,0,38,0,1015,1,0,6,0,492,0,0,11,0,0,659,44,31,0,0,125,3,3,0,0,3,3,0,0
2,39,1,52,9,24,0,1.015915,0.972475,0.967278,43,4,1667,90.745988,87.745988,2,2,2,-100,0,100,-100,1,160,33,1338,48,0,0,6272,319,0,16,0,2000,727,0,32,0,1015,1,0,8,0,492,0,0,21,0,0,557,84,34,0,0,47,4,5,0,0,4,4,0,0
2,39,2,47,9,24,0,1.035626,0.982041,0.978193,41,3,1417,100,100,2,2,2,-100,100,0,-100,1,160,33,525,24,0,0,6272,351,0,8,0,2000,674,0,16,0,1015,0,0,0,0,492,0,0,3,0,0,1137,12,12,0,0,43,0,2,0,0,2,2,0,0
2,39,3,36,9,24,0,1.048555,0.94657,0.995059,27,3,1417,100,100,2,2,2,100,-100,-100,0,1,160,33,479,12,0,0,6272,429,0,4,0,2000,526,0,8,0,1015,0,0,16,0,492,0,0,9,0,0,1179,36,26,0,0,153,8,3,0,0,3,3,0,0
2,40,0,59,15,9,0,1.032288,0.945867,0.970342,51,4,1667,100,100,2,2,2,0,-100,-100,100,1,160,21,1393,57,0,0,5928,395,0,19,0,2009,830,0,38,0,991,1,0,18,0,536,0,0,0,0,17,649,0,43,0,0,131,9,3,0,0,3,3,0,0
2,40,1,54,15,9,0,1.018675,0.968968,0.962706,45,4,1667,93.745988,90.745988,2,2,2,-100,0,100,-100,1,160,21,1366,42,0,0,5928,389,0,14,0,2009,741,0,28,0,991,1,0,36,0,536,0,0,0,0,17,519,0,56,0,0,62,18,3,0,0,2,2,0,0
2,40,2,49,15,9,0,1.034889,0.976221,0.976135,41,3,1417,100,100,2,2,2,-100,100,0,-100,1,160,21,530,24,0,0,5928,456,0,8,0,2009,682,0,16,0,991,1,0,2,0,536,0,0,0,0,17,1157,0,14,0,0,42,1,2,0,0,2,2,0,0
2,40,3,37,15,9,0,1.057142,0.942667,0.996669,28,3,1417,100,100,2,2,2,100,-100,-100,0,1,160,21,481,15,0,0,5928,388,0,5,0,2009,531,0,10,0,991,0,0,24,0,536,0,0,0,0,17,1178,0,35,0,0,162,12,3,0,0,3,3,0,0
6,1,0,99,10,19,0,1.006874,0.994932,1.005345,0,0,667,100,100,0,0,2,0,-100,-100,100,1,160,6,109,75,0,0,5600,385,0,25,0,1856,122,0,50,0,880,20,0,94,0,527,5,0,47,0,0,203,188,153,0,0,30,47,17,0,0,17,17,0,0
6,1,1,97,10,19,0,1.006538,0.996404,1.004791,0,0,667,100,100,0,0,2,-100,0,100,-100,1,160,6,108,69,0,0,5600,403,0,23,0,1856,123,0,46,0,880,16,0,98,0,527,3,0,49,0,0,209,196,155,0,0,32,49,17,0,0,17,17,0,0
6,1,2,98,10,19,0,1.004579,0.997038,1.003691,0,0,667,100,100,0,0,2,-100,100,0,-100,1,160,6,102,66,0,0,5600,404,0,22,0,1856,122,0,44,0,880,19,0,98,0,527,3,0,49,0,0,210,196,154,0,0,32,49,17,0,0,17,17,0,0
6,1,3,97,10,19,0,1.006367,0.994951,0.998714,0,0,667,100,100,0,0,2,100,-100,-100,0,1,160,6,106,69,0,0,5600,403,0,23,0,1856,123,0,46,0,880,21,0,94,0,527,6,0,47,0,0,202,188,151,0,0,30,47,17,0,0,17,17,0,0
6,2,0,100,12,26,0,1.009685,0.996931,1.00418,17,0,667,100,100,0,0,2,0,-100,-100,100,1,160,5,114,69,0,0,5642,453,0,23,0,1862,142,0,46,0,926,0,0,56,0,413,0,0,38,0,0,276,152,113,0,0,41,28,17,0,0,17,17,0,0
6,2,1,98,12,26,0,1.007728,0.995442,1.007496,15,0,667,100,100,0,0,2,-100,0,100,-100,1,160,5,117,69,0,0,5642,467,0,23,0,1862,146,0,46,0,926,1,0,48,0,413,0,0,33,0,0,270,132,105,0,0,39,24,17,0,0,17,17,0,0
6,2,2,87,12,26,0,1.003788,0.99926,1.003611,15,0,667,100,100,0,0,2,-100,100,0,-100,1,160,5,91,60,0,0,5642,452,0,20,0,1862,142,0,40,0,926,1,0,50,0,413,0,0,30,0,0,257,120,104,0,0,40,25,17,0,0,17,17,0,0
6,2,3,92,12,26,0,1.00267,0.993633,0.999059,15,0,667,100,100,0,0,2,100,-100,-100,0,1,160,5,112,69,0,0,5642,463,0,23,0,1862,146,0,46,0,926,0,0,60,0,413,0,0,33,0,0,247,132,117,0,0,43,30,17,0,0,17,17,0,0
6,3,0,97,10,28,0,1.008043,0.998449,1.003977,32,0,667,100,100,0,0,2,0,-100,-100,100,1,160,8,113,66,0,0,6400,331,0,22,0,1874,164,0,44,0,944,0,0,38,0,468,0,0,12,0,0,266,48,94,0,0,43,19,17,0,0,17,17,0,0
6,3,1,90,10,28,0,1.012384,0.992501,1.007218,27,0,667,100,100,0,0,2,-100,0,100,-100,1,160,8,116,60,0,0,6400,349,0,20,0,1874,166,0,40,0,944,1,0,34,0,468,0,0,10,0,0,254,40,88,0,0,39,17,17,0,0,17,17,0,0
6,3,2,85,10,28,0,1.00653,0.99927,1.000812,27,0,667,100,100,0,0,2,-100,100,0,-100,1,160,8,95,57,0,0,6400,346,0,19,0,1874,161,0,38,0,944,1,0,22,0,468,0,0,7,0,0,241,28,75,0,0,34,11,17,0,0,17,17,0,0
6,3,3,87,10,28,0,1.003503,0.993113,0.998051,31,0,667,100,100,0,0,2,100,-100,-100,0,1,160,8,118,63,0,0,6400,350,0,21,0,1874,167,0,42,0,944,0,0,34,0,468,0,0,13,0,0,246,52,89,0,0,43,17,17,0,0,17,17,0,0
6,4,0,101,14,14,4,1.008214,0.997537,1.002396,49,0,667,100,100,0,0,2,0,-100,-100,100,1,160,6,120,63,0,0,5680,405,0,21,0,1901,185,0,42,0,1072,0,0,0,0,318,7,0,53,0,0,462,212,55,0,0,26,0,17,0,0,17,17,0,0
6,4,1,91,14,14,4,1.014176,0.993469,1.00769,43,0,667,100,100,0,0,2,-100,0,100,-100,1,160,6,130,60,0,0,5680,407,0,20,0,1901,183,0,40,0,1072,1,0,0,0,318,13,0,45,0,0,411,180,54,0,0,22,0,17,0,0,17,17,0,0
6,4,2,80,14,14,4,1.00743,0.997025,1.001129,42,0,667,100,100,0,0,2,-100,100,0,-100,1,160,6,101,54,0,0,5680,395,0,18,0,1901,179,0,36,0,1072,1,0,0,0,318,0,0,42,0,0,392,168,52,0,0,17,0,17,0,0,17,17,0,0
6,4,3,87,14,14,4,1.003857,0.99287,0.997155,47,0,667,100,100,0,0,2,100,-100,-100,0,1,160,6,129,63,0,0,5680,418,0,21,0,1901,188,0,42,0,1072,0,0,0,0,318,17,0,41,0,0,386,164,55,0,0,26,0,17,0,0,17,17,0,0
6,5,0,99,14,18,0,1.012511,0.996142,1.003043,63,0,667,100,100,0,0,2,0,-100,-100,100,1,160,7,109,60,0,0,5696,484,0,20,0,1922,200,0,40,0,946,0,0,38,0,487,0,0,13,0,0,457,52,90,0,0,29,19,16,0,0,16,16,0,0
6,5,1,91,14,18,0,1.016055,0.993832,1.007556,58,0,667,100,100,0,0,2,-100,0,100,-100,1,160,7,138,60,0,0,5696,464,0,20,0,1922,197,0,40,0,946,0,0,40,0,487,0,0,15,0,0,413,60,92,0,0,26,20,16,0,0,16,16,0,0
6,5,2,78,14,18,0,1.011957,0.996636,1.000264,53,0,667,100,100,0,0,2,-100,100,0,-100,1,160,7,116,54,0,0,5696,425,0,18,0,1922,194,0,36,0,946,0,0,10,0,487,0,0,36,0,0,520,144,48,0,0,12,5,10,0,0,10,10,0,0
6,5,3,87,14,18,0,1.006335,0.994276,0.996769,62,0,667,100,100,0,0,2,100,-100,-100,0,1,160,7,141,63,0,0,5696,486,0,21,0,1922,202,0,42,0,946,1,0,36,0,487,0,0,18,0,0,413,72,79,0,0,33,18,11,0,0,11,11,0,0
6,6,0,94,7,18,0,1.007296,0.99566,1.003843,76,0,667,100,100,0,0,2,0,-100,-100,100,1,160,6,106,60,0,0,6400,365,0,20,0,1898,217,0,40,0,1055,1,0,4,0,385,0,0,36,0,0,590,144,42,0,0,22,2,9,0,0,9,9,0,0
6,6,1,90,7,18,0,1.017754,0.993577,1.00813,71,0,667,100,100,0,0,2,-100,0,100,-100,1,160,6,150,66,0,0,6400,351,0,22,0,1898,219,0,44,0,1055,1,0,2,0,385,0,0,37,0,0,553,148,42,0,0,18,1,9,0,0,9,9,0,0
6,6,2,75,7,18,0,1.012775,0.994655,0.999916,59,0,667,100,100,0,0,2,-100,100,0,-100,1,160,6,132,54,0,0,6400,329,0,18,0,1898,212,0,36,0,1055,1,0,4,0,385,0,0,31,0,0,633,124,38,0,0,6,2,8,0,0,8,8,0,0
6,6,3,85,7,18,0,1.006914,0.990014,0.99749,69,0,667,100,100,0,0,2,100,-100,-100,0,1,160,6,149,60,0,0,6400,379,0,20,0,1898,222,0,40,0,1055,1,0,4,0,385,3,0,40,0,0,567,160,38,0,0,28,2,7,0,0,7,7,0,0
6,7,0,97,16,14,0,1.010612,0.996043,1.003338,83,0,667,100,100,0,0,2,0,-100,-100,100,1,160,7,108,57,0,0,5776,428,0,19,0,1907,236,0,38,0,856,0,0,64,0,536,0,0,0,0,0,531,0,93,0,0,49,32,5,0,0,5,5,0,0
6,7,1,91,16,14,0,1.021232,0.994716,1.003594,76,0,667,100,100,0,0,2,-100,0,100,-100,1,160,7,159,63,0,0,5776,384,0,21,0,1907,240,0,42,0,856,1,0,54,0,536,0,0,0,0,0,502,0,85,0,0,40,27,5,0,0,5,5,0,0
6,7,2,73,16,14,0,1.014259,0.994845,1.00099,63,0,667,100,100,0,0,2,-100,100,0,-100,1,160,7,143,51,0,0,5776,333,0,17,0,1907,229,0,34,0,856,1,0,42,0,536,0,0,0,0,0,600,0,67,0,0,23,21,4,0,0,4,4,0,0
6,7,3,85,16,14,0,1.008953,0.990034,0.996887,73,0,667,100,100,0,0,2,100,-100,-100,0,1,160,7,157,63,0,0,5776,441,0,21,0,1907,243,0,42,0,856,1,0,54,0,536,0,0,3,0,0,528,12,85,0,0,50,27,5,0,0,5,5,0,0
6,8,0,98,9,17,0,1.012219,0.994573,1.002869,87,0,667,100,100,0,0,2,0,-100,-100,100,1,160,10,107,60,0,0,5968,487,0,20,0,1907,256,0,40,0,852,1,0,56,0,536,0,0,0,0,0,479,0,86,0,0,72,28,5,0,0,5,5,0,0
6,8,1,82,9,17,0,1.022187,0.994221,1.00665,72,0,667,100,100,0,0,2,-100,0,100,-100,1,160,10,165,63,0,0,5968,424,0,21,0,1907,261,0,42,0,852,0,0,54,0,536,0,0,0,0,0,446,0,85,0,0,62,27,5,0,0,5,5,0,0
6,8,2,73,9,17,0,1.015785,0.993038,1.001357,65,0,667,100,100,0,0,2,-100,100,0,-100,1,160,10,157,51,0,0,5968,339,0,17,0,1907,246,0,34,0,852,0,0,50,0,536,0,0,0,0,0,561,0,73,0,0,45,25,3,0,0,3,3,0,0
6,8,3,85,9,17,0,1.012573,0.987729,0.997377,73,0,667,100,100,0,0,2,100,-100,-100,0,1,160,10,167,60,0,0,5968,336,0,20,0,1907,263,0,40,0,852,0,0,50,0,536,0,0,0,0,0,483,0,78,0,0,71,25,4,0,0,4,4,0,0
6,9,0,96,14,19,0,1.012153,0.99484,1.001736,88,0,667,100,100,0,0,2,0,-100,-100,100,1,160,0,114,63,0,0,6144,368,0,21,0,1907,277,0,42,0,848,0,0,58,0,536,0,0,0,0,0,427,0,85,0,0,98,29,3,0,0,3,3,0,0
6,9,1,80,14,19,0,1.024026,0.994448,1.009204,74,0,667,100,100,0,0,2,-100,0,100,-100,1,160,0,184,60,0,0,6144,322,0,20,0,1907,281,0,40,0,848,0,0,50,0,536,0,0,0,0,0,404,0,74,0,0,85,25,2,0,0,2,2,0,0
6,9,2,73,14,19,0,1.022602,0.991074,1.001526,64,0,667,100,100,0,0,2,-100,100,0,-100,1,160,0,169,51,0,0,6144,345,0,17,0,1907,263,0,34,0,848,1,0,52,0,536,0,0,0,0,0,518,0,75,0,0,68,26,3,0,0,3,3,0,0
6,9,3,84,14,19,0,1.016883,0.985798,0.99965,72,0,667,100,100,0,0,2,100,-100,-100,0,1,160,0,175,60,0,0,6144,383,0,20,0,1907,283,0,40,0,848,0,0,58,0,536,0,0,0,0,0,428,0,86,0,0,96,29,4,0,0,4,4,0,0
6,10,0,95,11,11,1,1.014011,0.993659,1.001066,89,0,667,100,100,0,0,2,0,-100,-100,100,1,160,2,120,63,0,0,5848,419,0,21,0,1904,298,0,42,0,895,1,0,48,0,536,0,0,0,0,0,386,0,75,0,0,119,24,3,0,0,3,3,0,0
6,10,1,79,11,11,1,1.026157,0.995064,1.009427,74,0,667,100,100,0,0,2,-100,0,100,-100,1,160,2,200,57,0,0,5848,359,0,19,0,1904,300,0,38,0,895,0,0,42,0,536,0,0,0,0,0,373,0,65,0,0,104,21,2,0,0,2,2,0,0
6,10,2,76,11,11,1,1.022225,0.99125,1.002327,65,0,667,100,100,0,0,2,-100,100,0,-100,1,160,2,182,54,0,0,5848,350,0,18,0,1904,281,0,36,0,895,0,0,40,0,536,0,0,0,0,0,488,0,64,0,0,85,20,3,0,0,3,3,0,0
6,10,3,83,11,11,1,1.021725,0.98465,1.001885,72,0,667,100,100,0,0,2,100,-100,-100,0,1,160,2,198,63,0,0,5848,414,0,21,0,1904,304,0,42,0,895,1,0,46,0,536,0,0,0,0,0,385,0,75,0,0,115,23,4,0,0,4,4,0,0
6,11,0,94,13,16,0,1.017504,0.993271,1.001993,89,1,917,100,100,0,0,2,0,-100,-100,100,1,160,0,122,60,0,0,5864,456,0,20,0,1907,318,0,40,0,1024,0,0,14,0,350,0,0,48,0,0,540,192,72,0,0,90,7,36,0,0,2,2,0,0
6,11,1,81,13,16,0,1.027883,0.995324,1.011968,74,0,667,100,100,0,0,2,-100,0,100,-100,1,160,0,217,57,0,0,5864,389,0,19,0,1907,319,0,38,0,1024,1,0,4,0,350,14,0,37,0,0,526,148,27,0,0,104,2,2,0,0,2,2,0,0
6,11,2,73,13,16,0,1.025702,0.990283,1.001635,62,1,917,100,100,0,0,2,-100,100,0,-100,1,160,0,196,51,0,0,5864,345,0,17,0,1907,298,0,34,0,1024,1,0,16,0,350,0,0,33,0,0,579,132,75,0,0,55,8,38,0,0,4,4,0,0
6,11,3,82,13,16,0,1.023877,0.984375,1.005641,71,0,667,100,100,0,0,2,100,-100,-100,0,1,160,0,208,60,0,0,5864,447,0,20,0,1907,324,0,40,0,1024,1,0,10,0,350,15,0,36,0,0,525,144,38,0,0,116,5,4,0,0,4,4,0,0
6,12,0,86,12,27,0,1.015603,0.992642,1.000504,83,1,917,100,100,0,0,2,0,-100,-100,100,1,160,12,120,57,0,0,6168,343,0,19,0,1904,337,0,38,0,935,0,0,32,0,479,0,0,17,0,0,585,68,53,0,0,105,16,1,0,0,1,1,0,0
6,12,1,78,12,27,0,1.029739,0.99761,1.011917,71,1,917,100,100,0,0,2,-100,0,100,-100,1,160,12,227,60,0,0,6168,416,0,20,0,1904,339,0,40,0,935,1,0,36,0,479,0,0,23,0,0,555,92,94,0,0,86,18,36,0,0,2,2,0,0
6,12,2,71,12,27,0,1.031778,0.988067,1.004537,60,1,917,100,100,0,0,2,-100,100,0,-100,1,160,12,201,42,0,0,6168,354,0,14,0,1904,312,0,28,0,935,0,0,24,0,479,0,0,17,0,0,635,68,46,0,0,63,12,4,0,0,4,4,0,0
6,12,3,80,12,27,0,1.02704,0.984145,1.004923,70,1,917,100,100,0,0,2,100,-100,-100,0,1,160,12,219,60,0,0,6168,345,0,20,0,1904,344,0,40,0,935,1,0,32,0,479,0,0,22,0,0,553,88,92,0,0,95,16,37,0,0,3,3,0,0
6,13,0,89,16,12,0,1.018168,0.992249,1.003385,82,1,917,100,100,0,0,2,0,-100,-100,100,1,160,7,127,57,0,0,6008,374,0,19,0,1919,356,0,38,0,970,0,0,28,0,480,0,0,15,0,129,596,60,49,0,0,118,14,1,0,0,1,1,0,0
6,13,1,79,16,12,0,1.032345,0.994749,1.012672,71,1,917,100,100,0,0,2,-100,0,100,-100,1,160,7,239,60,0,0,6008,318,0,20,0,1919,359,0,40,0,970,1,0,30,0,480,0,0,14,0,129,557,56,54,0,0,99,15,2,0,0,2,2,0,0
6,13,2,68,16,12,0,1.034882,0.984454,1.003195,61,1,917,100,100,0,0,2,-100,100,0,-100,1,160,7,197,39,0,0,6008,374,0,13,0,1919,325,0,26,0,970,0,0,18,0,480,0,0,12,0,129,646,48,37,0,0,69,9,3,0,0,3,3,0,0
6,13,3,83,16,12,0,1.031357,0.979453,1.003236,71,1,917,100,100,0,0,2,100,-100,-100,0,1,160,7,243,66,0,0,6008,379,0,22,0,1919,366,0,44,0,970,1,0,26,0,480,0,0,15,0,129,557,60,56,0,0,104,13,4,0,0,4,4,0,0
6,14,0,90,12,16,1,1.018275,0.992565,1.003092,80,1,917,100,100,0,0,2,0,-100,-100,100,1,160,0,136,60,0,0,5880,393,0,20,0,1913,376,0,40,0,1010,1,0,16,0,471,0,0,17,0,0,656,68,42,0,0,123,8,3,0,0,3,3,0,0
6,14,1,78,12,16,1,1.031822,0.99398,1.013954,72,1,917,100,100,0,0,2,-100,0,100,-100,1,160,0,263,69,0,0,5880,352,0,23,0,1913,379,0,46,0,1010,1,0,16,0,471,0,0,16,0,0,610,64,45,0,0,104,8,3,0,0,3,3,0,0
6,14,2,69,12,16,1,1.039277,0.984325,1.00498,61,1,917,100,100,0,0,2,-100,100,0,-100,1,160,0,198,33,0,0,5880,407,0,11,0,1913,336,0,22,0,1010,0,0,10,0,471,0,0,14,0,0,711,56,25,0,0,72,5,2,0,0,2,2,0,0
6,14,3,78,12,16,1,1.03289,0.978708,1.005147,69,1,917,100,100,0,0,2,100,-100,-100,0,1,160,0,249,51,0,0,5880,415,0,17,0,1913,383,0,34,0,1010,0,0,20,0,471,0,0,14,0,0,604,56,43,0,0,111,10,3,0,0,3,3,0,0
6,15,0,88,9,29,1,1.023412,0.991028,0.998402,79,2,1167,100,100,0,0,2,0,-100,-100,100,1,160,12,145,60,0,0,6136,403,0,20,0,1925,396,0,40,0,1060,0,0,2,0,331,27,0,38,0,0,779,152,62,0,0,87,1,37,0,0,3,3,0,0
6,15,1,77,9,29,1,1.033437,0.99096,1.013602,71,1,917,100,100,0,0,2,-100,0,100,-100,1,160,12,285,66,0,0,6136,388,0,22,0,1925,401,0,44,0,1060,1,0,6,0,331,14,0,32,0,0,738,128,32,0,0,105,3,2,0,0,2,2,0,0
6,15,2,57,9,29,1,1.04212,0.98764,1.005166,51,2,1167,100,100,0,0,2,-100,100,0,-100,1,160,12,190,36,0,0,6136,326,0,12,0,1925,348,0,24,0,1060,1,0,2,0,331,16,0,26,0,0,784,104,54,0,0,36,1,37,0,0,3,3,0,0
6,15,3,73,9,29,1,1.040571,0.973073,1.006067,65,1,917,100,100,0,0,2,100,-100,-100,0,1,160,12,252,51,0,0,6136,320,0,17,0,1925,400,0,34,0,1060,0,0,2,0,331,20,0,32,0,0,736,128,25,0,0,109,1,3,0,0,3,3,0,0
6,16,0,89,14,11,0,1.023055,0.991061,1.000053,81,2,1167,100,100,0,0,2,0,-100,-100,100,1,160,3,160,66,0,0,5928,413,0,22,0,1931,415,0,44,0,1009,0,0,22,0,456,11,0,37,0,0,909,148,50,0,0,95,11,3,0,0,3,3,0,0
6,16,1,78,14,11,0,1.040033,0.992716,1.015886,68,2,1167,100,100,0,0,2,-100,0,100,-100,1,160,3,308,63,0,0,5928,426,0,21,0,1931,422,0,42,0,1009,0,0,16,0,456,0,0,31,0,0,821,124,75,0,0,77,8,36,0,0,2,2,0,0
6,16,2,58,14,11,0,1.043858,0.990567,1.003849,52,2,1167,100,100,0,0,2,-100,100,0,-100,1,160,3,202,33,0,0,5928,322,0,11,0,1931,359,0,22,0,1009,0,0,12,0,456,9,0,26,0,0,895,104,27,0,0,40,6,2,0,0,2,2,0,0
6,16,3,73,14,11,0,1.041291,0.972555,1.009197,65,2,1167,100,100,0,0,2,100,-100,-100,0,1,160,3,262,48,0,0,5928,359,0,16,0,1931,416,0,32,0,1009,1,0,14,0,456,12,0,31,0,0,824,124,70,0,0,79,7,37,0,0,3,3,0,0
6,17,0,86,15,18,0,1.026793,0.990821,1.000541,79,2,1167,100,100,0,0,2,0,-100,-100,100,1,160,2,172,63,0,0,6072,423,0,21,0,1931,436,0,42,0,796,14,0,70,0,536,0,0,11,0,0,887,44,97,0,0,127,35,3,0,0,3,3,0,0
6,17,1,78,15,18,0,1.039804,0.993499,1.013575,67,2,1167,100,100,0,0,2,-100,0,100,-100,1,160,2,333,66,0,0,6072,326,0,22,0,1931,441,0,44,0,796,0,0,60,0,536,0,0,0,0,0,764,0,90,0,0,103,30,4,0,0,4,4,0,0
6,17,2,58,15,18,0,1.042607,0.988558,1.002299,51,2,1167,100,100,0,0,2,-100,100,0,-100,1,160,2,216,36,0,0,6072,324,0,12,0,1931,371,0,24,0,796,0,0,48,0,536,0,0,9,0,0,901,36,64,0,0,62,24,2,0,0,2,2,0,0
6,17,3,73,15,18,0,1.049164,0.968164,1.007742,62,2,1167,100,100,0,0,2,100,-100,-100,0,1,160,2,275,48,0,0,6072,390,0,16,0,1931,432,0,32,0,796,4,0,60,0,536,0,0,12,0,0,824,48,82,0,0,106,30,3,0,0,3,3,0,0
6,18,0,87,15,18,0,1.028306,0.99031,0.997827,80,2,1167,100,100,0,0,2,0,-100,-100,100,1,160,2,185,60,0,0,6032,317,0,20,0,1937,453,0,40,0,864,8,0,72,0,536,0,0,0,0,0,825,0,96,0,0,161,36,2,0,0,2,2,0,0
6,18,1,77,15,18,0,1.041317,0.994638,1.015699,66,2,1167,100,100,0,0,2,-100,0,100,-100,1,160,2,364,60,0,0,6032,356,0,20,0,1937,461,0,40,0,864,1,0,54,0,536,0,0,0,0,0,716,0,82,0,0,126,27,4,0,0,4,4,0,0
6,18,2,57,15,18,0,1.0462,0.989461,1.001077,49,2,1167,100,100,0,0,2,-100,100,0,-100,1,160,2,217,30,0,0,6032,344,0,10,0,1937,381,0,20,0,864,1,0,36,0,536,0,0,0,0,0,883,0,52,0,0,77,18,3,0,0,3,3,0,0
6,18,3,71,15,18,0,1.052632,0.965338,1.002104,59,2,1167,100,100,0,0,2,100,-100,-100,0,1,160,2,281,48,0,0,6032,429,0,16,0,1937,445,0,32,0,864,1,0,46,0,536,0,0,0,0,0,786,0,70,0,0,125,23,4,0,0,4,4,0,0
6,19,0,85,19,15,0,1.030552,0.992613,0.997832,76,2,1167,100,100,0,0,2,0,-100,-100,100,1,160,10,192,54,0,0,6040,340,0,18,0,1937,471,0,36,0,907,1,0,52,0,536,0,0,0,0,112,758,0,76,0,0,184,26,3,0,0,3,3,0,0
6,19,1,77,19,15,0,1.046699,0.996487,1.015047,67,2,1167,100,100,0,0,2,-100,0,100,-100,1,160,10,384,63,0,0,6040,386,0,21,0,1937,482,0,42,0,907,0,0,38,0,536,0,0,0,0,112,654,0,65,0,0,142,19,3,0,0,3,3,0,0
6,19,2,61,19,15,0,1.042462,0.986928,1.001713,50,2,1167,100,100,0,0,2,-100,100,0,-100,1,160,10,221,30,0,0,6040,357,0,10,0,1937,391,0,20,0,907,0,0,32,0,536,0,0,0,0,112,841,0,48,0,0,90,16,3,0,0,3,3,0,0
6,19,3,73,19,15,0,1.055856,0.964579,1.001987,60,2,1167,100,100,0,0,2,100,-100,-100,0,1,160,10,302,57,0,0,6040,339,0,19,0,1937,464,0,38,0,907,1,0,40,0,536,0,0,0,0,112,722,0,67,0,0,141,20,4,0,0,4,4,0,0
6,20,0,86,11,13,0,1.034485,0.991909,0.997988,77,2,1167,100,100,0,0,2,0,-100,-100,100,1,160,20,193,51,0,0,5920,366,0,17,0,1953,484,0,34,0,1001,1,0,22,0,490,0,0,13,0,0,808,52,43,0,0,193,11,2,0,0,2,2,0,0
6,20,1,75,11,13,0,1.045132,0.99396,1.017053,67,2,1167,100,100,0,0,2,-100,0,100,-100,1,160,20,403,66,0,0,5920,415,0,22,0,1953,497,0,44,0,1001,1,0,20,0,490,0,0,10,0,0,675,40,50,0,0,148,10,4,0,0,4,4,0,0
6,20,2,60,11,13,0,1.049114,0.986955,1.003254,50,2,1167,100,100,0,0,2,-100,100,0,-100,1,160,20,218,27,0,0,5920,375,0,9,0,1953,394,0,18,0,1001,0,0,12,0,490,0,0,13,0,0,895,52,29,0,0,92,6,4,0,0,4,4,0,0
6,20,3,73,11,13,0,1.053818,0.962182,0.999674,61,2,1167,100,100,0,0,2,100,-100,-100,0,1,160,20,321,57,0,0,5920,375,0,19,0,1953,475,0,38,0,1001,1,0,14,0,490,0,0,10,0,0,752,40,43,0,0,143,7,5,0,0,5,5,0,0
6,21,0,81,8,17,1,1.038457,0.988528,0.998759,73,2,1167,100,100,0,0,2,0,-100,-100,100,1,160,6,191,54,0,0,6056,382,0,18,0,1946,502,0,36,0,916,1,0,42,0,513,0,0,3,0,0,788,12,66,0,0,211,21,3,0,0,3,3,0,0
6,21,1,76,8,17,1,1.045151,0.995366,1.018408,70,2,1167,100,100,0,0,2,-100,0,100,-100,1,160,6,428,60,0,0,6056,320,0,20,0,1946,517,0,40,0,916,1,0,48,0,513,0,0,0,0,0,650,0,72,0,0,170,24,2,0,0,2,2,0,0
6,21,2,59,8,17,1,1.053625,0.987792,1.001593,51,2,1167,100,100,0,0,2,-100,100,0,-100,1,160,6,217,27,0,0,6056,386,0,9,0,1946,403,0,18,0,916,1,0,26,0,513,0,0,6,0,0,912,24,41,0,0,102,13,3,0,0,3,3,0,0
6,21,3,69,8,17,1,1.054693,0.961201,0.999535,62,2,1167,100,100,0,0,2,100,-100,-100,0,1,160,6,332,54,0,0,6056,412,0,18,0,1946,493,0,36,0,916,0,0,40,0,513,0,0,0,0,0,709,0,64,0,0,160,20,3,0,0,3,3,0,0
6,22,0,82,13,11,0,1.04002,0.98799,1.000134,74,2,1167,100,100,0,0,2,0,-100,-100,100,1,160,12,201,54,0,0,6064,395,0,18,0,1949,520,0,36,0,1063,1,0,2,0,389,4,0,38,0,0,948,152,26,0,0,209,1,3,0,0,3,3,0,0
6,22,1,77,13,11,0,1.046345,0.997593,1.01681,69,2,1167,100,100,0,0,2,-100,0,100,-100,1,160,12,450,60,0,0,6064,344,0,20,0,1949,537,0,40,0,1063,0,0,4,0,389,2,0,31,0,0,780,124,28,0,0,170,2,2,0,0,2,2,0,0
6,22,2,58,13,11,0,1.052582,0.988902,1.005423,52,3,1417,100,100,0,0,2,-100,100,0,-100,1,160,12,216,27,0,0,6064,390,0,9,0,1949,412,0,18,0,1063,0,0,2,0,389,5,0,28,0,0,1009,112,49,0,0,67,1,36,0,0,2,2,0,0
6,22,3,70,13,11,0,1.054192,0.959058,0.99969,63,2,1167,100,100,0,0,2,100,-100,-100,0,1,160,12,350,54,0,0,6064,325,0,18,0,1949,511,0,36,0,1063,1,0,2,0,389,7,0,32,0,0,847,128,24,0,0,159,1,2,0,0,2,2,0,0
6,23,0,85,14,10,0,1.041237,0.984313,1.000778,74,2,1167,100,100,0,0,2,0,-100,-100,100,1,160,10,214,54,0,0,5968,407,0,18,0,1946,538,0,36,0,860,1,0,54,0,536,0,0,4,0,136,886,16,78,0,0,233,27,3,0,0,3,3,0,0
6,23,1,81,14,10,0,1.046594,0.99578,1.01643,71,2,1167,100,100,0,0,2,-100,0,100,-100,1,160,10,468,60,0,0,5968,359,0,20,0,1946,557,0,40,0,860,0,0,60,0,536,0,0,2,0,136,702,8,86,0,0,197,30,3,0,0,3,3,0,0
6,23,2,58,14,10,0,1.051483,0.988855,1.003036,52,3,1417,100,100,0,0,2,-100,100,0,-100,1,160,10,216,27,0,0,5968,395,0,9,0,1946,421,0,18,0,860,0,0,54,0,536,0,0,5,0,136,962,20,67,0,0,92,27,2,0,0,2,2,0,0
6,23,3,67,14,10,0,1.056041,0.956398,1.000785,61,2,1167,100,100,0,0,2,100,-100,-100,0,1,160,10,362,51,0,0,5968,366,0,17,0,1946,528,0,34,0,860,0,0,36,0,536,0,0,7,0,136,818,28,57,0,0,175,18,2,0,0,2,2,0,0
6,24,0,86,14,30,0,1.042904,0.98395,1.001039,75,2,1167,100,100,0,0,2,0,-100,-100,100,1,160,7,229,60,0,0,6016,430,0,20,0,1943,558,0,40,0,975,1,0,34,0,428,0,0,21,0,31,935,84,62,0,0,246,17,4,0,0,4,4,0,0
6,24,1,83,14,30,0,1.046549,0.991635,1.013948,73,2,1167,100,100,0,0,2,-100,0,100,-100,1,160,7,489,63,0,0,6016,361,0,21,0,1943,578,0,42,0,975,0,0,20,0,428,7,0,32,0,31,805,128,45,0,0,205,10,2,0,0,2,2,0,0
6,24,2,41,14,30,0,1.053824,0.992289,1.007818,34,3,1417,100,100,0,0,2,-100,100,0,-100,1,160,7,213,27,0,0,6016,328,0,9,0,1943,430,0,18,0,975,2,0,18,0,428,21,0,9,0,31,1001,36,31,0,0,99,9,2,0,0,2,2,0,0
6,24,3,65,14,30,0,1.053972,0.956699,1.001629,59,2,1167,100,100,0,0,2,100,-100,-100,0,1,160,7,377,51,0,0,6016,418,0,17,0,1943,545,0,34,0,975,1,0,22,0,428,0,0,18,0,31,859,72,43,0,0,184,11,2,0,0,2,2,0,0
6,25,0,94,15,7,0,1.046644,0.981635,1.00224,79,2,1167,100,100,0,0,2,0,-100,-100,100,1,160,20,245,63,0,0,6264,323,0,21,0,1934,579,0,42,0,860,0,0,52,0,520,0,0,8,0,10,920,32,81,0,0,268,26,4,0,0,4,4,0,0
6,25,1,84,15,7,0,1.04769,0.990876,1.01337,73,2,1167,100,100,0,0,2,-100,0,100,-100,1,160,20,510,69,0,0,6264,367,0,23,0,1934,601,0,46,0,860,8,0,66,0,520,0,0,7,0,10,770,28,97,0,0,234,33,4,0,0,4,4,0,0
6,25,2,41,15,7,0,1.060455,0.991391,1.008933,34,3,1417,100,100,0,0,2,-100,100,0,-100,1,160,20,226,27,0,0,6264,302,0,9,0,1934,439,0,18,0,860,39,0,20,0,520,11,0,10,0,10,1027,40,35,0,0,106,10,3,0,0,3,3,0,0
6,25,3,64,15,7,0,1.051584,0.957525,1.004559,58,2,1167,100,100,0,0,2,100,-100,-100,0,1,160,20,392,54,0,0,6264,335,0,18,0,1934,560,0,36,0,860,1,0,30,0,520,0,0,8,0,10,870,32,52,0,0,197,15,2,0,0,2,2,0,0
6,26,0,97,12,8,0,1.052328,0.979874,1.003122,82,3,1417,100,100,0,0,2,0,-100,-100,100,1,160,9,256,69,0,0,5984,366,0,23,0,1919,602,0,46,0,996,1,0,30,0,413,0,0,30,0,13,975,120,99,0,0,243,15,40,0,0,6,6,0,0
6,26,1,84,12,8,0,1.051396,0.989343,1.014048,75,2,1167,100,100,0,0,2,-100,0,100,-100,1,160,9,539,78,0,0,5984,361,0,26,0,1919,627,0,52,0,996,0,0,30,0,413,5,0,31,0,13,864,124,64,0,0,245,15,4,0,0,4,4,0,0
6,26,2,40,12,8,0,1.070814,0.990573,1.001255,34,3,1417,100,100,0,0,2,-100,100,0,-100,1,160,9,249,27,0,0,5984,284,0,9,0,1919,448,0,18,0,996,25,0,20,0,413,37,0,10,0,13,1052,40,33,0,0,114,10,2,0,0,2,2,0,0
6,26,3,66,12,8,0,1.054522,0.951561,1.003691,58,2,1167,100,100,0,0,2,100,-100,-100,0,1,160,9,414,51,0,0,5984,374,0,17,0,1919,577,0,34,0,996,0,0,18,0,413,0,0,21,0,13,949,84,39,0,0,204,9,2,0,0,2,2,0,0
6,27,0,97,7,10,0,1.052942,0.978658,1.001965,87,3,1417,100,100,0,0,2,0,-100,-100,100,1,160,15,271,75,0,0,5976,412,0,25,0,2004,596,0,50,0,983,1,0,20,0,512,0,0,16,0,16,1018,64,55,0,0,248,10,5,0,0,5,5,0,0
6,27,1,80,7,10,0,1.051879,0.989623,1.014875,75,2,1167,100,100,0,0,2,-100,0,100,-100,1,160,15,564,75,0,0,5976,356,0,25,0,2004,619,0,50,0,983,0,0,28,0,512,0,0,5,0,16,859,20,59,0,0,256,14,3,0,0,3,3,0,0
6,27,2,43,7,10,0,1.074256,0.988849,1.001544,35,3,1417,100,100,0,0,2,-100,100,0,-100,1,160,15,267,30,0,0,5976,266,0,10,0,2004,449,0,20,0,983,25,0,20,0,512,28,0,10,0,16,1076,40,34,0,0,122,10,2,0,0,2,2,0,0
6,27,3,64,7,10,0,1.059067,0.950456,0.998892,57,2,1167,100,100,0,0,2,100,-100,-100,0,1,160,15,442,54,0,0,5976,402,0,18,0,2004,571,0,36,0,983,0,0,18,0,512,0,0,7,0,16,969,28,42,0,0,210,9,3,0,0,3,3,0,0
6,28,0,93,11,22,0,1.054709,0.976288,1.000567,86,3,1417,100,100,0,0,2,0,-100,-100,100,1,160,14,272,63,0,0,6104,454,0,21,0,1907,617,0,42,0,829,0,0,74,0,536,0,0,0,0,13,951,0,101,0,0,282,37,3,0,0,3,3,0,0
6,28,1,74,11,22,0,1.054314,0.99036,1.014391,69,2,1167,100,100,0,0,2,-100,0,100,-100,1,160,14,569,54,0,0,6104,354,0,18,0,1907,637,0,36,0,829,3,0,62,0,536,0,0,0,0,13,811,0,82,0,0,286,31,1,0,0,1,1,0,0
6,28,2,42,11,22,0,1.074445,0.985175,0.999655,34,3,1417,100,100,0,0,2,-100,100,0,-100,1,160,14,273,21,0,0,6104,248,0,7,0,1907,456,0,14,0,829,63,0,22,0,536,17,0,11,0,13,1106,44,35,0,0,130,11,3,0,0,3,3,0,0
6,28,3,64,11,22,0,1.064687,0.949128,1.00017,57,2,1167,100,100,0,0,2,100,-100,-100,0,1,160,14,468,54,0,0,6104,320,0,18,0,1907,589,0,36,0,829,0,0,42,0,536,0,0,0,0,13,939,0,64,0,0,229,21,2,0,0,2,2,0,0
6,29,0,94,9,11,0,1.057042,0.974705,1.004056,88,3,1417,100,100,0,0,2,0,-100,-100,100,1,160,21,276,63,0,0,6136,340,0,21,0,1955,638,0,42,0,913,0,0,50,0,496,0,0,12,0,10,961,48,75,0,0,305,25,2,0,0,2,2,0,0
6,29,1,71,9,11,0,1.055992,0.987265,1.018039,66,2,1167,100,100,0,0,2,-100,0,100,-100,1,160,21,566,45,0,0,6136,369,0,15,0,1955,652,0,30,0,913,1,0,44,0,496,0,0,8,0,10,814,32,63,0,0,306,22,2,0,0,2,2,0,0
6,29,2,40,9,11,0,1.079747,0.989222,0.995305,34,3,1417,100,100,0,0,2,-100,100,0,-100,1,160,21,282,24,0,0,6136,230,0,8,0,1955,464,0,16,0,913,82,0,24,0,496,11,0,12,0,10,1142,48,36,0,0,140,12,2,0,0,2,2,0,0
6,29,3,66,9,11,0,1.066184,0.9498,1.001058,58,2,1167,100,100,0,0,2,100,-100,-100,0,1,160,21,488,51,0,0,6136,367,0,17,0,1955,606,0,34,0,913,0,0,18,0,496,0,0,14,0,10,985,56,41,0,0,235,9,3,0,0,3,3,0,0
6,30,0,96,13,6,0,1.059225,0.973946,1.006285,88,3,1417,100,100,0,0,2,0,-100,-100,100,1,160,29,286,66,0,0,5960,392,0,22,0,1943,660,0,44,0,904,0,0,56,0,536,0,0,0,0,10,913,0,82,0,0,331,28,2,0,0,2,2,0,0
6,30,1,74,13,6,0,1.059364,0.986824,1.015603,66,2,1167,100,100,0,0,2,-100,0,100,-100,1,160,29,576,48,0,0,5960,386,0,16,0,1943,668,0,32,0,904,0,0,40,0,536,0,0,0,0,10,788,0,60,0,0,324,20,2,0,0,2,2,0,0
6,30,2,40,13,6,0,1.077881,0.98989,0.996975,35,3,1417,100,100,0,0,2,-100,100,0,-100,1,160,29,297,30,0,0,5960,212,0,10,0,1943,474,0,20,0,904,96,0,24,0,536,0,0,11,0,10,1172,44,38,0,0,150,12,2,0,0,2,2,0,0
6,30,3,68,13,6,0,1.066269,0.948798,1.00128,60,2,1167,100,100,0,0,2,100,-100,-100,0,1,160,29,507,54,0,0,5960,419,0,18,0,1943,624,0,36,0,904,1,0,34,0,536,0,0,0,0,10,961,0,58,0,0,249,17,3,0,0,3,3,0,0
6,31,0,98,13,5,0,1.060562,0.972317,1.006975,90,3,1417,100,100,0,0,2,0,-100,-100,100,1,160,22,293,72,0,0,6072,448,0,24,0,1931,681,0,48,0,1072,0,0,0,0,374,5,0,46,0,10,1101,184,30,0,0,328,0,3,0,0,3,3,0,0
6,31,1,77,13,5,0,1.060678,0.984648,1.014284,66,2,1167,100,100,0,0,2,-100,0,100,-100,1,160,22,583,51,0,0,6072,407,0,17,0,1931,685,0,34,0,1072,0,0,0,0,374,15,0,33,0,10,931,132,23,0,0,321,0,3,0,0,3,3,0,0
6,31,2,42,13,5,0,1.081705,0.988994,0.99829,36,3,1417,100,100,0,0,2,-100,100,0,-100,1,160,22,317,33,0,0,6072,185,0,11,0,1931,485,0,22,0,1072,74,0,22,0,374,28,0,11,0,10,1203,44,37,0,0,159,11,2,0,0,2,2,0,0
6,31,3,69,13,5,0,1.071387,0.948983,1.002324,62,3,1417,100,100,0,0,2,100,-100,-100,0,1,160,22,526,57,0,0,6072,332,0,19,0,1931,643,0,38,0,1072,1,0,0,0,374,0,0,24,0,10,1034,96,57,0,0,213,0,36,0,0,2,2,0,0
6,32,0,100,15,29,0,1.066947,0.973523,1.005212,90,3,1417,100,100,0,0,2,0,-100,-100,100,1,160,6,305,69,0,0,6112,327,0,23,0,1922,704,0,46,0,847,0,0,72,0,536,0,0,5,0,1,1062,20,101,0,0,361,36,3,0,0,3,3,0,0
6,32,1,59,15,29,0,1.065717,0.98045,1.019385,49,2,1167,100,100,0,0,2,-100,0,100,-100,1,160,6,601,57,0,0,6112,439,0,19,0,1922,704,0,38,0,847,29,0,34,0,536,0,0,15,0,1,936,60,55,0,0,337,17,1,0,0,1,1,0,0
6,32,2,42,15,29,0,1.087498,0.987804,0.994565,35,4,1667,100,100,0,0,2,-100,100,0,-100,1,160,6,344,36,0,0,6112,155,0,12,0,1922,497,0,24,0,847,96,0,20,0,536,18,0,10,0,1,1194,40,70,0,0,133,10,36,0,0,2,2,0,0
6,32,3,71,15,29,0,1.074351,0.944538,1.002304,62,3,1417,100,100,0,0,2,100,-100,-100,0,1,160,6,554,60,0,0,6112,379,0,20,0,1922,663,0,40,0,847,0,0,40,0,536,0,0,0,0,1,1002,0,66,0,0,230,20,3,0,0,3,3,0,0
6,33,0,99,14,13,0,1.068224,0.974715,1.004154,89,4,1667,100,100,0,0,2,0,-100,-100,100,1,160,26,319,75,0,0,6040,362,0,25,0,1913,729,0,50,0,1041,0,0,14,0,428,0,0,39,0,7,1171,156,81,0,0,330,7,38,0,0,4,4,0,0
6,33,1,59,14,13,0,1.069682,0.982994,1.015605,47,2,1167,100,100,0,0,2,-100,0,100,-100,1,160,26,622,54,0,0,6040,362,0,18,0,1913,722,0,36,0,1041,3,0,32,0,428,11,0,16,0,7,984,64,50,0,0,353,16,0,0,0,0,0,0,0
6,33,2,43,14,13,0,1.085322,0.990038,0.994698,35,4,1667,100,100,0,0,2,-100,100,0,-100,1,160,26,363,36,0,0,6040,141,0,12,0,1913,509,0,24,0,1041,73,0,26,0,428,25,0,13,0,7,1226,52,44,0,0,143,13,3,0,0,3,3,0,0
6,33,3,72,14,13,0,1.075024,0.942198,1.001113,62,3,1417,100,100,0,0,2,100,-100,-100,0,1,160,26,577,60,0,0,6040,424,0,20,0,1913,683,0,40,0,1041,0,0,8,0,428,0,0,19,0,7,1078,76,34,0,0,231,4,3,0,0,3,3,0,0
6,34,0,97,13,18,0,1.071466,0.976305,0.998535,87,4,1667,100,100,0,0,2,0,-100,-100,100,1,160,9,340,78,0,0,6056,373,0,26,0,1923,751,0,52,0,1017,1,0,18,0,378,13,0,41,0,10,1319,164,50,0,0,336,9,3,0,0,3,3,0,0
6,34,1,58,13,18,0,1.070113,0.989015,1.016269,44,3,1417,100,100,0,0,2,-100,0,100,-100,1,160,9,643,54,0,0,6056,405,0,18,0,1923,734,0,36,0,1017,1,0,10,0,378,45,0,16,0,10,984,64,64,0,0,323,5,35,0,0,1,1,0,0
6,34,2,42,13,18,0,1.08955,0.983491,0.995432,35,4,1667,100,100,0,0,2,-100,100,0,-100,1,160,9,388,39,0,0,6056,125,0,13,0,1923,522,0,26,0,1017,64,0,26,0,378,33,0,13,0,10,1257,52,45,0,0,153,13,3,0,0,3,3,0,0
6,34,3,71,13,18,0,1.077489,0.939796,1.002504,61,3,1417,100,100,0,0,2,100,-100,-100,0,1,160,9,594,57,0,0,6056,333,0,19,0,1923,702,0,38,0,1017,1,0,10,0,378,0,0,21,0,10,1192,84,35,0,0,233,5,3,0,0,3,3,0,0
6,35,0,96,11,22,0,1.072831,0.976246,0.998819,89,4,1667,100,100,0,0,2,0,-100,-100,100,1,160,13,361,81,0,0,6048,385,0,27,0,1934,766,0,54,0,925,0,0,58,0,520,0,0,13,0,10,1314,52,91,0,0,362,29,3,0,0,3,3,0,0
6,35,1,53,11,22,0,1.076257,0.989797,1.014502,41,3,1417,100,100,0,0,2,-100,0,100,-100,1,160,13,657,48,0,0,6048,331,0,16,0,1934,750,0,32,0,925,3,0,34,0,520,28,0,17,0,10,1029,68,54,0,0,338,17,2,0,0,2,2,0,0
6,35,2,38,11,22,0,1.103115,0.990441,0.993663,31,4,1667,100,100,0,0,2,-100,100,0,-100,1,160,13,409,33,0,0,6048,112,0,11,0,1934,530,0,22,0,925,63,0,24,0,520,21,0,12,0,10,1287,48,39,0,0,163,12,2,0,0,2,2,0,0
6,35,3,70,11,22,0,1.084883,0.941165,1.002053,58,4,1667,100,100,0,0,2,100,-100,-100,0,1,160,13,617,54,0,0,6048,412,0,18,0,1934,720,0,36,0,925,0,0,8,0,520,0,0,16,0,10,1220,64,68,0,0,199,4,38,0,0,4,4,0,0
6,36,0,88,7,35,0,1.068638,0.979236,0.996815,83,4,1667,100,100,0,0,2,0,-100,-100,100,1,160,25,372,72,0,0,6088,393,0,24,0,1925,790,0,48,0,897,0,0,52,0,526,0,0,7,0,37,1294,28,80,0,0,386,26,2,0,0,2,2,0,0
6,36,1,45,7,35,0,1.06972,0.987623,1.011352,33,3,1417,100,100,0,0,2,-100,0,100,-100,1,160,25,681,42,0,0,6088,384,0,14,0,1925,764,0,28,0,897,1,0,32,0,526,11,0,17,0,37,1053,68,50,0,0,352,16,2,0,0,2,2,0,0
6,36,2,32,7,35,0,1.1041,0.987704,0.992442,25,4,1667,100,100,0,0,2,-100,100,0,-100,1,160,25,429,33,0,0,6088,119,0,11,0,1925,541,0,22,0,897,45,0,30,0,526,6,0,15,0,37,1322,60,47,0,0,175,15,3,0,0,3,3,0,0
6,36,3,64,7,35,0,1.083364,0.942462,1.001261,56,4,1667,100,100,0,0,2,100,-100,-100,0,1,160,25,635,57,0,0,6088,323,0,19,0,1925,736,0,38,0,897,0,0,12,0,526,0,0,3,0,37,1230,12,39,0,0,201,6,4,0,0,4,4,0,0
6,37,0,91,14,7,0,1.070731,0.978028,0.996572,85,4,1667,100,100,0,0,2,0,-100,-100,100,1,160,15,399,75,0,0,6056,408,0,25,0,1940,815,0,50,0,978,0,0,46,0,518,0,0,15,0,0,1332,60,75,0,0,407,23,2,0,0,2,2,0,0
6,37,1,47,14,7,0,1.072863,0.984474,1.013815,34,3,1417,100,100,0,0,2,-100,0,100,-100,1,160,15,709,42,0,0,6056,325,0,14,0,1940,778,0,28,0,978,0,0,30,0,518,0,0,11,0,0,1077,44,52,0,0,363,15,4,0,0,4,4,0,0
6,37,2,33,14,7,0,1.105903,0.986763,0.99667,26,4,1667,100,100,0,0,2,-100,100,0,-100,1,160,15,458,30,0,0,6056,133,0,10,0,1940,551,0,20,0,978,25,0,28,0,518,0,0,6,0,0,1323,24,40,0,0,188,14,1,0,0,1,1,0,0
6,37,3,65,14,7,0,1.084629,0.942931,1.006481,58,4,1667,100,100,0,0,2,100,-100,-100,0,1,160,15,663,57,0,0,6056,392,0,19,0,1940,755,0,38,0,978,1,0,10,0,518,0,0,3,0,0,1240,12,33,0,0,204,5,2,0,0,2,2,0,0
6,38,0,92,12,10,0,1.072675,0.978829,0.997891,85,4,1667,100,100,0,0,2,0,-100,-100,100,1,160,17,425,78,0,0,5920,411,0,26,0,1937,841,0,52,0,950,0,0,64,0,536,0,0,0,0,24,1272,0,94,0,0,437,32,2,0,0,2,2,0,0
6,38,1,49,12,10,0,1.078122,0.983507,1.009694,36,3,1417,100,100,0,0,2,-100,0,100,-100,1,160,17,741,42,0,0,5920,400,0,14,0,1937,792,0,28,0,950,1,0,26,0,536,0,0,0,0,24,1041,0,50,0,0,371,13,5,0,0,5,5,0,0
6,38,2,32,12,10,0,1.107789,0.979865,0.989177,25,4,1667,100,100,0,0,2,-100,100,0,-100,1,160,17,482,30,0,0,5920,138,0,10,0,1937,561,0,20,0,950,12,0,28,0,536,0,0,0,0,24,1305,0,42,0,0,200,14,2,0,0,2,2,0,0
6,38,3,65,12,10,0,1.086444,0.942812,1.006863,58,4,1667,100,100,0,0,2,100,-100,-100,0,1,160,17,690,57,0,0,5920,468,0,19,0,1937,774,0,38,0,950,1,0,16,0,536,0,0,0,0,24,1233,0,41,0,0,209,8,3,0,0,3,3,0,0
6,39,0,92,12,15,0,1.07377,0.978396,0.996493,85,4,1667,100,100,0,0,2,0,-100,-100,100,1,160,10,445,75,0,0,6224,406,0,25,0,1934,866,0,50,0,1037,0,0,18,0,506,0,0,16,0,0,1334,64,49,0,0,443,9,3,0,0,3,3,0,0
6,39,1,47,12,15,0,1.08004,0.982977,1.004394,39,3,1417,100,100,0,0,2,-100,0,100,-100,1,160,10,758,39,0,0,6224,338,0,13,0,1934,802,0,26,0,1037,0,0,10,0,506,0,0,3,0,0,1056,12,29,0,0,373,5,3,0,0,3,3,0,0
6,39,2,34,12,15,0,1.109908,0.975265,0.991191,25,4,1667,100,100,0,0,2,-100,100,0,-100,1,160,10,514,33,0,0,6224,151,0,11,0,1934,572,0,22,0,1037,1,0,16,0,506,0,0,6,0,0,1314,24,33,0,0,205,8,3,0,0,3,3,0,0
6,39,3,62,12,15,0,1.087806,0.94844,1.007613,56,4,1667,100,100,0,0,2,100,-100,-100,0,1,160,10,727,57,0,0,6224,384,0,19,0,1934,793,0,38,0,1037,0,0,4,0,506,0,0,5,0,0,1259,20,25,0,0,210,2,1,0,0,1,1,0,0
6,40,0,96,18,12,0,1.076622,0.977704,0.996693,87,4,1667,100,100,0,0,2,0,-100,-100,100,1,160,6,474,78,0,0,5975,403,0,26,0,1931,892,0,52,0,935,0,0,72,0,536,0,0,0,0,16,1266,0,102,0,0,477,36,2,0,0,2,2,0,0
6,40,1,48,18,12,0,1.080233,0.983432,1.003978,40,3,1417,100,100,0,0,2,-100,0,100,-100,1,160,6,783,36,0,0,5975,399,0,12,0,1931,814,0,24,0,935,1,0,32,0,536,0,0,0,0,16,1036,0,48,0,0,387,16,2,0,0,2,2,0,0
6,40,2,34,18,12,0,1.112488,0.967199,0.992873,24,4,1667,100,100,0,0,2,-100,100,0,-100,1,160,6,545,33,0,0,5975,154,0,11,0,1931,583,0,22,0,935,0,0,16,0,536,0,0,0,0,16,1305,0,33,0,0,210,8,3,0,0,3,3,0,0
6,40,3,63,18,12,0,1.088193,0.948643,1.006845,54,4,1667,100,100,0,0,2,100,-100,-100,0,1,160,6,758,60,0,0,5975,428,0,20,0,1931,813,0,40,0,935,1,0,14,0,536,0,0,0,0,16,1255,0,38,0,0,215,7,2,0,0,2,2,0,0
0,1,0,99,8,13,0,0.999247,1.003173,0.999188,0,0,667,100,100,0,0,2,0,-100,-100,100,1,160,10,111,75,0,0,5600,393,0,25,0,1923,107,0,50,0,957,1,0,96,0,428,30,0,48,0,136,171,192,155,0,0,31,48,17,0,0,17,17,0,0
0,1,1,99,8,13,0,0.99746,1.001865,0.997152,0,0,667,100,100,0,0,2,-100,0,100,-100,1,160,10,106,72,0,0,5600,410,0,24,0,1923,103,0,48,0,957,1,0,92,0,428,31,0,50,0,136,184,200,150,0,0,29,46,17,0,0,17,17,0,0
0,1,2,100,8,13,0,0.997159,1.000882,0.99654,0,0,667,100,100,0,0,2,-100,100,0,-100,1,160,10,110,72,0,0,5600,410,0,24,0,1923,109,0,48,0,957,1,0,96,0,428,24,0,49,0,136,176,196,154,0,0,31,48,17,0,0,17,17,0,0
0,1,3,97,8,13,0,0.998377,1.002378,0.998993,0,0,667,100,100,0,0,2,100,-100,-100,0,1,160,10,107,69,0,0,5600,411,0,23,0,1923,110,0,46,0,957,0,0,96,0,428,28,0,48,0,136,173,192,153,0,0,31,48,17,0,0,17,17,0,0
0,2,0,98,10,19,0,0.998625,1.002438,0.999537,15,0,667,100,100,0,0,2,0,-100,-100,100,1,160,10,126,72,0,0,5632,462,0,24,0,1853,131,0,48,0,893,0,0,48,0,536,0,0,30,0,0,219,120,106,0,0,38,24,17,0,0,17,17,0,0
0,2,1,99,10,19,0,0.997448,1.000629,0.99852,16,0,667,100,100,0,0,2,-100,0,100,-100,1,160,10,114,75,0,0,5632,462,0,25,0,1853,128,0,50,0,893,1,0,44,0,536,0,0,31,0,0,239,124,103,0,0,34,22,17,0,0,17,17,0,0
0,2,2,100,10,19,0,0.996354,1.00117,0.998337,15,0,667,100,100,0,0,2,-100,100,0,-100,1,160,10,124,75,0,0,5632,477,0,25,0,1853,134,0,50,0,893,1,0,54,0,536,0,0,24,0,0,193,96,113,0,0,41,27,17,0,0,17,17,0,0
0,2,3,89,10,19,0,1.001637,0.999867,0.998716,15,0,667,100,100,0,0,2,100,-100,-100,0,1,160,10,106,66,0,0,5632,468,0,22,0,1853,132,0,44,0,893,0,0,28,0,536,0,0,28,0,0,234,112,84,0,0,28,14,17,0,0,17,17,0,0
0,3,0,100,16,19,0,0.998827,1.000432,1.000972,30,0,667,100,100,0,0,2,0,-100,-100,100,1,160,3,135,69,0,0,6400,341,0,23,0,1914,142,0,46,0,811,1,0,70,0,536,0,0,0,0,0,126,0,127,0,0,56,35,17,0,0,17,17,0,0
0,3,1,96,16,19,0,0.995069,0.999299,0.99266,32,0,667,100,100,0,0,2,-100,0,100,-100,1,160,3,113,60,0,0,6400,343,0,20,0,1914,137,0,40,0,811,1,0,72,0,536,0,0,0,0,0,147,0,126,0,0,53,36,17,0,0,17,17,0,0
0,3,2,98,16,19,0,0.994702,1.002856,0.998209,29,0,667,100,100,0,0,2,-100,100,0,-100,1,160,3,137,75,0,0,6400,352,0,25,0,1914,142,0,50,0,811,0,0,62,0,536,0,0,0,0,0,105,0,121,0,0,55,31,17,0,0,17,17,0,0
0,3,3,89,16,19,0,1.004935,1.000645,0.996738,29,0,667,100,100,0,0,2,100,-100,-100,0,1,160,3,117,63,0,0,6400,358,0,21,0,1914,150,0,42,0,811,0,0,48,0,536,0,0,0,0,0,165,0,103,0,0,35,24,17,0,0,17,17,0,0
0,4,0,99,13,17,1,0.999107,0.999697,1.000518,46,0,667,100,100,0,0,2,0,-100,-100,100,1,160,0,140,69,0,0,5648,402,0,23,0,1868,165,0,46,0,942,0,0,46,0,407,0,0,27,0,0,165,108,103,0,0,62,23,17,0,0,17,17,0,0
0,4,1,95,13,17,1,0.995218,0.999639,0.99491,46,0,667,100,100,0,0,2,-100,0,100,-100,1,160,0,120,60,0,0,5648,403,0,20,0,1868,157,0,40,0,942,0,0,34,0,407,0,0,36,0,0,237,144,88,0,0,53,17,17,0,0,17,17,0,0
0,4,2,101,13,17,1,0.999018,1.00228,0.995192,44,0,667,100,100,0,0,2,-100,100,0,-100,1,160,0,160,78,0,0,5648,428,0,26,0,1868,168,0,52,0,942,0,0,30,0,407,0,0,27,0,0,157,108,90,0,0,53,15,17,0,0,17,17,0,0
0,4,3,84,13,17,1,1.005972,0.997558,0.995161,42,0,667,100,100,0,0,2,100,-100,-100,0,1,160,0,126,60,0,0,5648,417,0,20,0,1868,170,0,40,0,942,1,0,18,0,407,0,0,33,0,0,257,132,72,0,0,27,9,17,0,0,17,17,0,0
0,5,0,100,15,29,0,0.997563,0.996163,0.999858,59,0,667,100,100,0,0,2,0,-100,-100,100,1,160,4,145,66,0,0,5640,457,0,22,0,1880,187,0,44,0,1043,0,0,8,0,326,17,0,46,0,0,318,184,64,0,0,49,4,17,0,0,17,17,0,0
0,5,1,89,15,29,0,0.996363,1.000264,0.993702,59,0,667,100,100,0,0,2,-100,0,100,-100,1,160,4,121,60,0,0,5640,432,0,20,0,1880,177,0,40,0,1043,1,0,6,0,326,3,0,45,0,0,398,180,52,0,0,43,3,13,0,0,13,13,0,0
0,5,2,94,15,29,0,0.996728,1.003395,0.9955,58,0,667,100,100,0,0,2,-100,100,0,-100,1,160,4,163,72,0,0,5640,503,0,24,0,1880,192,0,48,0,1043,0,0,8,0,326,1,0,47,0,0,312,188,66,0,0,40,4,17,0,0,17,17,0,0
0,5,3,82,15,29,0,1.005897,0.998575,0.996992,56,0,667,100,100,0,0,2,100,-100,-100,0,1,160,4,127,57,0,0,5640,474,0,19,0,1880,189,0,38,0,1043,1,0,4,0,326,2,0,43,0,0,415,172,47,0,0,17,2,12,0,0,12,12,0,0
0,6,0,98,11,15,0,0.996969,0.996696,1.000696,74,0,667,100,100,0,0,2,0,-100,-100,100,1,160,11,148,69,0,0,6400,334,0,23,0,1874,210,0,46,0,875,0,0,60,0,536,0,0,17,0,19,303,68,107,0,0,67,30,12,0,0,12,12,0,0
0,6,1,84,11,15,0,0.994741,0.999757,0.993726,71,0,667,100,100,0,0,2,-100,0,100,-100,1,160,11,126,63,0,0,6400,322,0,21,0,1874,195,0,42,0,875,0,0,42,0,536,0,0,3,0,19,362,12,75,0,0,58,21,6,0,0,6,6,0,0
0,6,2,96,11,15,0,0.995049,1.002542,0.992704,73,0,667,100,100,0,0,2,-100,100,0,-100,1,160,11,180,72,0,0,6400,385,0,24,0,1874,216,0,48,0,875,1,0,50,0,536,0,0,1,0,19,256,4,94,0,0,55,25,10,0,0,10,10,0,0
0,6,3,83,11,15,0,1.003822,0.996579,0.996377,65,0,667,100,100,0,0,2,100,-100,-100,0,1,160,11,139,63,0,0,6400,371,0,21,0,1874,210,0,42,0,875,1,0,42,0,536,0,0,2,0,19,378,8,77,0,0,31,21,7,0,0,7,7,0,0
0,7,0,98,10,14,0,0.999056,0.997271,1.002743,84,0,667,100,100,0,0,2,0,-100,-100,100,1,160,22,145,66,0,0,5714,382,0,22,0,1880,232,0,44,0,843,1,0,72,0,536,0,0,0,0,0,231,0,106,0,0,97,36,6,0,0,6,6,0,0
0,7,1,83,10,14,0,0.993,0.996853,0.990698,74,0,667,100,100,0,0,2,-100,0,100,-100,1,160,22,130,60,0,0,5714,338,0,20,0,1880,215,0,40,0,843,0,0,50,0,536,0,0,0,0,0,318,0,78,0,0,79,25,4,0,0,4,4,0,0
0,7,2,94,10,14,0,0.997191,1.003188,0.991707,79,0,667,100,100,0,0,2,-100,100,0,-100,1,160,22,189,72,0,0,5714,447,0,24,0,1880,240,0,48,0,843,1,0,64,0,536,0,0,0,0,0,188,0,102,0,0,80,32,7,0,0,7,7,0,0
0,7,3,82,10,14,0,1.004296,0.997384,0.995937,68,0,667,100,100,0,0,2,100,-100,-100,0,1,160,22,153,60,0,0,5714,436,0,20,0,1880,230,0,40,0,843,1,0,42,0,536,0,0,0,0,0,338,0,74,0,0,46,21,6,0,0,6,6,0,0
0,8,0,99,21,12,0,1.002285,0.996085,1.002755,86,0,667,100,100,0,0,2,0,-100,-100,100,1,160,0,151,63,0,0,6107,428,0,21,0,1880,253,0,42,0,962,1,0,38,0,432,0,0,31,0,0,322,124,67,0,0,112,19,4,0,0,4,4,0,0
0,8,1,86,21,12,0,0.991032,0.996747,0.992845,75,0,667,100,100,0,0,2,-100,0,100,-100,1,160,0,149,60,0,0,6107,355,0,20,0,1880,235,0,40,0,962,1,0,14,0,432,0,0,24,0,0,408,96,40,0,0,83,7,3,0,0,3,3,0,0
0,8,2,97,21,12,0,1.000724,1.004093,0.993525,83,0,667,100,100,0,0,2,-100,100,0,-100,1,160,0,203,72,0,0,6107,329,0,24,0,1880,264,0,48,0,962,0,0,34,0,432,0,0,25,0,0,256,100,66,0,0,93,17,4,0,0,4,4,0,0
0,8,3,84,21,12,0,1.007268,0.997632,0.998271,72,0,667,100,100,0,0,2,100,-100,-100,0,1,160,0,176,66,0,0,6107,332,0,22,0,1880,252,0,44,0,962,0,0,22,0,432,0,0,21,0,0,404,84,52,0,0,53,11,4,0,0,4,4,0,0
0,9,0,94,15,33,1,1.000989,0.992143,1.002863,86,0,667,100,100,0,0,2,0,-100,-100,100,1,160,1,142,63,0,0,5736,468,0,21,0,1877,271,0,42,0,976,0,0,30,0,486,0,0,16,0,0,356,64,57,0,0,124,15,3,0,0,3,3,0,0
0,9,1,87,15,33,1,0.990619,0.995107,0.992206,75,0,667,100,100,0,0,2,-100,0,100,-100,1,160,1,172,66,0,0,5736,383,0,22,0,1877,254,0,44,0,976,0,0,18,0,486,0,0,13,0,0,443,52,48,0,0,88,9,4,0,0,4,4,0,0
0,9,2,91,15,33,1,1.001999,0.999129,0.99157,79,0,667,100,100,0,0,2,-100,100,0,-100,1,160,1,208,69,0,0,5736,401,0,23,0,1877,287,0,46,0,976,1,0,26,0,486,0,0,16,0,0,286,64,57,0,0,102,13,4,0,0,4,4,0,0
0,9,3,76,15,33,1,1.010392,0.992402,0.998168,65,0,667,100,100,0,0,2,100,-100,-100,0,1,160,1,195,69,0,0,5736,385,0,23,0,1877,275,0,46,0,976,1,0,18,0,486,0,0,5,0,0,395,20,49,0,0,58,9,4,0,0,4,4,0,0
0,10,0,68,7,43,0,1.006868,0.987882,0.993218,61,0,667,100,100,0,0,2,0,-100,-100,100,1,160,3,139,63,0,0,5896,353,0,21,0,1871,289,0,42,0,897,22,0,34,0,507,0,0,9,0,0,351,36,61,0,0,138,17,3,0,0,3,3,0,0
0,10,1,84,7,43,0,0.991742,0.995473,0.989782,76,0,667,100,100,0,0,2,-100,0,100,-100,1,160,3,181,66,0,0,5896,418,0,22,0,1871,276,0,44,0,897,0,0,44,0,507,0,0,1,0,0,404,4,74,0,0,106,22,4,0,0,4,4,0,0
0,10,2,86,7,43,0,1.000678,0.999749,0.991319,77,0,667,100,100,0,0,2,-100,100,0,-100,1,160,3,224,72,0,0,5896,454,0,24,0,1871,311,0,48,0,897,1,0,42,0,507,0,0,13,0,0,298,52,74,0,0,119,21,4,0,0,4,4,0,0
0,10,3,74,7,43,0,1.009914,0.996798,0.998686,66,0,667,100,100,0,0,2,100,-100,-100,0,1,160,3,227,75,0,0,5896,444,0,25,0,1871,300,0,50,0,897,1,0,30,0,507,0,0,6,0,0,387,24,61,0,0,70,15,3,0,0,3,3,0,0
0,11,0,68,14,47,0,1.00587,0.991132,0.995141,61,0,667,100,100,0,0,2,0,-100,-100,100,1,160,5,172,63,0,0,6312,352,0,21,0,1868,310,0,42,0,897,42,0,36,0,492,0,0,13,0,28,348,52,61,0,0,154,18,2,0,0,2,2,0,0
0,11,1,82,14,47,0,0.992068,0.997917,0.987482,78,0,667,100,100,0,0,2,-100,0,100,-100,1,160,5,203,66,0,0,6312,312,0,22,0,1868,295,0,44,0,897,0,0,32,0,492,0,0,12,0,28,427,48,56,0,0,121,16,1,0,0,1,1,0,0
0,11,2,56,14,47,0,1.011292,0.994443,0.989087,47,0,667,100,100,0,0,2,-100,100,0,-100,1,160,5,250,75,0,0,6312,343,0,25,0,1868,336,0,50,0,897,41,0,6,0,492,7,0,3,0,28,280,12,35,0,0,120,3,2,0,0,2,2,0,0
0,11,3,73,14,47,0,1.008431,0.996752,1.001588,65,0,667,100,100,0,0,2,100,-100,-100,0,1,160,5,260,72,0,0,6312,346,0,24,0,1868,324,0,48,0,897,1,0,28,0,492,0,0,7,0,28,390,28,56,0,0,82,14,2,0,0,2,2,0,0
0,12,0,67,9,13,0,1.003554,0.989523,0.993739,62,0,667,100,100,0,0,2,0,-100,-100,100,1,160,7,204,60,0,0,6000,344,0,20,0,1871,330,0,40,0,919,58,0,38,0,463,0,0,15,0,41,367,60,62,0,0,171,19,2,0,0,2,2,0,0
0,12,1,78,9,13,0,0.989713,0.997794,0.987338,73,0,667,100,100,0,0,2,-100,0,100,-100,1,160,7,223,63,0,0,6000,321,0,21,0,1871,316,0,42,0,919,1,0,28,0,463,0,0,20,0,41,498,80,53,0,0,133,14,2,0,0,2,2,0,0
0,12,2,55,9,13,0,1.018664,0.986185,0.990204,45,0,667,100,100,0,0,2,-100,100,0,-100,1,160,7,292,66,0,0,6000,273,0,22,0,1871,358,0,44,0,919,78,0,8,0,463,27,0,4,0,41,268,16,36,0,0,121,4,3,0,0,3,3,0,0
0,12,3,75,9,13,0,1.011702,0.995217,1.000879,66,0,667,100,100,0,0,2,100,-100,-100,0,1,160,7,293,72,0,0,6000,417,0,24,0,1871,348,0,48,0,919,0,0,26,0,463,0,0,14,0,41,412,56,56,0,0,92,13,3,0,0,3,3,0,0
0,13,0,70,15,11,0,1.003294,0.990447,0.993838,63,0,667,100,100,0,0,2,0,-100,-100,100,1,160,22,226,60,0,0,6184,337,0,20,0,1889,350,0,40,0,969,54,0,36,0,457,0,0,15,0,25,386,60,58,0,0,188,18,1,0,0,1,1,0,0
0,13,1,79,15,11,0,0.99173,0.997433,0.982376,71,0,667,100,100,0,0,2,-100,0,100,-100,1,160,22,246,63,0,0,6184,334,0,21,0,1889,337,0,42,0,969,1,0,22,0,457,0,0,18,0,25,559,72,47,0,0,142,11,2,0,0,2,2,0,0
0,13,2,55,15,11,0,1.02165,0.984536,0.98645,46,0,667,100,100,0,0,2,-100,100,0,-100,1,160,22,324,60,0,0,6184,222,0,20,0,1889,378,0,40,0,969,98,0,12,0,457,53,0,6,0,25,262,24,38,0,0,124,6,3,0,0,3,3,0,0
0,13,3,75,15,11,0,1.014467,0.990892,1.002471,66,0,667,100,100,0,0,2,100,-100,-100,0,1,160,22,311,66,0,0,6184,320,0,22,0,1889,370,0,44,0,969,0,0,14,0,457,0,0,14,0,25,472,56,42,0,0,96,7,3,0,0,3,3,0,0
0,14,0,70,15,9,0,1.001985,0.994115,0.992645,60,0,667,100,100,0,0,2,0,-100,-100,100,1,160,6,253,63,0,0,5992,318,0,21,0,1889,368,0,42,0,883,72,0,36,0,530,0,0,3,0,29,362,12,63,0,0,203,18,3,0,0,3,3,0,0
0,14,1,84,15,9,0,0.994022,0.996045,0.979949,72,0,667,100,100,0,0,2,-100,0,100,-100,1,160,6,261,60,0,0,5992,363,0,20,0,1889,357,0,40,0,883,0,0,40,0,530,0,0,2,0,29,535,8,66,0,0,159,20,3,0,0,3,3,0,0
0,14,2,53,15,9,0,1.022205,0.983032,0.984551,47,0,667,100,100,0,0,2,-100,100,0,-100,1,160,6,368,60,0,0,5992,171,0,20,0,1889,398,0,40,0,883,144,0,14,0,530,46,0,7,0,29,262,28,40,0,0,128,7,3,0,0,3,3,0,0
0,14,3,78,15,9,0,1.015704,0.990271,1.002047,68,0,667,100,100,0,0,2,100,-100,-100,0,1,160,6,345,72,0,0,5992,389,0,24,0,1889,394,0,48,0,883,1,0,32,0,530,0,0,1,0,29,448,4,62,0,0,109,16,3,0,0,3,3,0,0
0,15,0,71,10,12,0,1.006444,0.995044,0.994334,61,0,667,100,100,0,0,2,0,-100,-100,100,1,160,30,282,63,0,0,5992,299,0,21,0,1892,389,0,42,0,873,98,0,38,0,536,0,0,0,0,23,325,0,67,0,0,218,19,4,0,0,4,4,0,0
0,15,1,83,10,12,0,0.99497,0.996697,0.980107,71,0,667,100,100,0,0,2,-100,0,100,-100,1,160,30,272,63,0,0,5992,394,0,21,0,1892,378,0,42,0,873,0,0,38,0,536,0,0,0,0,23,500,0,69,0,0,173,19,5,0,0,5,5,0,0
0,15,2,52,10,12,0,1.026015,0.98092,0.984053,47,0,667,100,100,0,0,2,-100,100,0,-100,1,160,30,401,57,0,0,5992,123,0,19,0,1892,417,0,38,0,873,179,0,16,0,536,38,0,8,0,23,270,32,39,0,0,134,8,2,0,0,2,2,0,0
0,15,3,77,10,12,0,1.019229,0.99195,1.002556,69,0,667,100,100,0,0,2,100,-100,-100,0,1,160,30,365,69,0,0,5992,464,0,23,0,1892,417,0,46,0,873,0,0,34,0,536,0,0,0,0,23,419,0,63,0,0,123,17,3,0,0,3,3,0,0
0,16,0,73,14,15,0,1.005946,0.994928,0.995891,63,0,667,100,100,0,0,2,0,-100,-100,100,1,160,2,312,63,0,0,6160,279,0,21,0,1886,410,0,42,0,903,117,0,40,0,536,0,0,0,0,18,291,0,67,0,0,235,20,3,0,0,3,3,0,0
0,16,1,84,14,15,0,0.991651,0.997277,0.979809,73,0,667,100,100,0,0,2,-100,0,100,-100,1,160,2,288,63,0,0,6160,426,0,21,0,1886,399,0,42,0,903,1,0,32,0,536,0,0,0,0,18,473,0,61,0,0,185,16,4,0,0,4,4,0,0
0,16,2,53,14,15,0,1.029789,0.977549,0.979016,45,0,667,100,100,0,0,2,-100,100,0,-100,1,160,2,439,54,0,0,6160,77,0,18,0,1886,435,0,36,0,903,204,0,18,0,536,29,0,9,0,18,283,36,40,0,0,141,9,2,0,0,2,2,0,0
0,16,3,72,14,15,0,1.017284,0.994593,1.002061,66,0,667,100,100,0,0,2,100,-100,-100,0,1,160,2,386,66,0,0,6160,365,0,22,0,1886,439,0,44,0,903,1,0,24,0,536,0,0,0,0,18,401,0,52,0,0,132,12,3,0,0,3,3,0,0
0,17,0,69,12,16,0,1.006435,0.988374,0.99608,61,0,667,100,100,0,0,2,0,-100,-100,100,1,160,4,341,66,0,0,6136,256,0,22,0,1903,429,0,44,0,916,117,0,42,0,449,6,0,21,0,13,339,84,70,0,0,253,21,3,0,0,3,3,0,0
0,17,1,83,12,16,0,0.993409,0.994364,0.980095,73,0,667,100,100,0,0,2,-100,0,100,-100,1,160,4,306,69,0,0,6136,318,0,23,0,1903,420,0,46,0,916,1,0,24,0,449,0,0,21,0,13,536,84,55,0,0,193,12,4,0,0,4,4,0,0
0,17,2,55,12,16,0,1.032174,0.973464,0.977367,45,0,667,100,100,0,0,2,-100,100,0,-100,1,160,4,478,54,0,0,6136,31,0,18,0,1903,450,0,36,0,916,226,0,20,0,449,46,0,10,0,13,300,40,44,0,0,148,10,3,0,0,3,3,0,0
0,17,3,71,12,16,0,1.020465,0.994332,0.999953,66,0,667,100,100,0,0,2,100,-100,-100,0,1,160,4,415,66,0,0,6136,431,0,22,0,1903,455,0,44,0,916,0,0,28,0,449,0,0,12,0,13,429,48,54,0,0,144,14,2,0,0,2,2,0,0
0,18,0,65,13,18,0,1.009008,0.98438,1.000487,58,0,667,100,100,0,0,2,0,-100,-100,100,1,160,6,364,60,0,0,6145,245,0,20,0,1892,446,0,40,0,946,114,0,42,0,460,4,0,21,0,13,386,84,68,0,0,271,21,3,0,0,3,3,0,0
0,18,1,82,13,18,0,0.997248,0.997876,0.977249,74,0,667,100,100,0,0,2,-100,0,100,-100,1,160,6,323,66,0,0,6145,333,0,22,0,1892,442,0,44,0,946,0,0,28,0,460,0,0,6,0,13,538,24,56,0,0,204,14,3,0,0,3,3,0,0
0,18,2,51,13,18,0,1.027857,0.972633,0.982876,45,0,667,100,100,0,0,2,-100,100,0,-100,1,160,6,500,51,0,0,6145,16,0,17,0,1892,467,0,34,0,946,237,0,22,0,460,60,0,11,0,13,320,44,45,0,0,156,11,3,0,0,3,3,0,0
0,18,3,75,13,18,0,1.023097,0.993415,0.996259,65,0,667,100,100,0,0,2,100,-100,-100,0,1,160,6,453,69,0,0,6145,337,0,23,0,1892,478,0,46,0,946,1,0,20,0,460,0,0,14,0,13,472,56,47,0,0,152,10,2,0,0,2,2,0,0
0,19,0,64,14,9,0,1.008174,0.982357,0.998889,59,0,667,100,100,0,0,2,0,-100,-100,100,1,160,18,390,60,0,0,5965,232,0,20,0,1883,463,0,40,0,1062,75,0,42,0,407,22,0,21,0,13,435,84,66,0,0,290,21,2,0,0,2,2,0,0
0,19,1,85,14,9,0,0.999523,0.993977,0.977165,75,1,917,100,100,0,0,2,-100,0,100,-100,1,160,18,345,72,0,0,5965,354,0,24,0,1883,466,0,48,0,1062,0,0,2,0,407,0,0,27,0,13,603,108,66,0,0,168,1,37,0,0,3,3,0,0
0,19,2,51,14,9,0,1.030371,0.971662,0.981782,46,0,667,100,100,0,0,2,-100,100,0,-100,1,160,18,533,51,0,0,5965,8,0,17,0,1883,484,0,34,0,1062,217,0,20,0,407,98,0,10,0,13,342,40,39,0,0,165,10,1,0,0,1,1,0,0
0,19,3,78,14,9,0,1.023882,0.994021,0.994825,66,0,667,100,100,0,0,2,100,-100,-100,0,1,160,18,500,81,0,0,5965,403,0,27,0,1883,502,0,54,0,1062,0,0,6,0,407,0,0,15,0,13,525,60,41,0,0,151,3,4,0,0,4,4,0,0
0,20,0,65,14,21,0,1.008714,0.978294,0.997306,59,0,667,100,100,0,0,2,0,-100,-100,100,1,160,4,419,57,0,0,5957,221,0,19,0,1889,479,0,38,0,892,95,0,42,0,536,1,0,21,0,7,488,84,65,0,0,309,21,2,0,0,2,2,0,0
0,20,1,79,14,21,0,0.999456,0.991512,0.978329,70,1,917,100,100,0,0,2,-100,0,100,-100,1,160,4,352,66,0,0,5957,358,0,22,0,1889,488,0,44,0,892,1,0,30,0,536,0,0,0,0,7,576,0,60,0,0,179,15,4,0,0,4,4,0,0
0,20,2,54,14,21,0,1.032971,0.96963,0.978328,44,1,917,100,100,0,0,2,-100,100,0,-100,1,160,4,567,48,0,0,5957,9,0,16,0,1889,500,0,32,0,892,245,0,24,0,536,86,0,12,0,7,339,48,78,0,0,141,12,36,0,0,2,2,0,0
0,20,3,73,14,21,0,1.026634,0.994014,0.995878,63,0,667,100,100,0,0,2,100,-100,-100,0,1,160,4,517,60,0,0,5957,465,0,20,0,1889,522,0,40,0,892,0,0,32,0,536,0,0,0,0,7,499,0,60,0,0,163,16,4,0,0,4,4,0,0
0,21,0,68,14,11,0,1.010066,0.976707,0.99589,60,0,667,100,100,0,0,2,0,-100,-100,100,1,160,3,450,60,0,0,6123,224,0,20,0,1910,493,0,40,0,897,103,0,44,0,536,0,0,1,0,0,455,4,68,0,0,329,22,2,0,0,2,2,0,0
0,21,1,78,14,11,0,0.999614,0.990658,0.976465,71,1,917,100,100,0,0,2,-100,0,100,-100,1,160,3,367,60,0,0,6123,370,0,20,0,1910,508,0,40,0,897,0,0,30,0,536,0,0,0,0,0,561,0,54,0,0,192,15,2,0,0,2,2,0,0
0,21,2,56,14,11,0,1.037096,0.9674,0.977939,44,1,917,100,100,0,0,2,-100,100,0,-100,1,160,3,603,51,0,0,6123,8,0,17,0,1910,517,0,34,0,897,278,0,24,0,536,74,0,12,0,0,365,48,49,0,0,149,12,4,0,0,4,4,0,0
0,21,3,72,14,11,0,1.028506,0.993147,0.994491,63,0,667,100,100,0,0,2,100,-100,-100,0,1,160,3,544,63,0,0,6123,371,0,21,0,1910,543,0,42,0,897,1,0,36,0,536,0,0,0,0,0,468,0,63,0,0,178,18,3,0,0,3,3,0,0
0,22,0,71,12,8,0,1.010261,0.976382,0.994843,62,0,667,100,100,0,0,2,0,-100,-100,100,1,160,14,475,60,0,0,5920,240,0,20,0,1910,507,0,40,0,1043,57,0,52,0,465,0,0,21,0,85,476,84,78,0,0,352,26,3,0,0,3,3,0,0
0,22,1,80,12,8,0,1.001441,0.98923,0.977362,70,1,917,100,100,0,0,2,-100,0,100,-100,1,160,14,390,63,0,0,5920,390,0,21,0,1910,529,0,42,0,1043,1,0,2,0,465,0,0,16,0,85,614,64,29,0,0,190,1,3,0,0,3,3,0,0
0,22,2,55,12,8,0,1.034669,0.966574,0.978209,46,1,917,100,100,0,0,2,-100,100,0,-100,1,160,14,627,51,0,0,5920,24,0,17,0,1910,531,0,34,0,1043,266,0,28,0,465,78,0,14,0,85,368,56,53,0,0,159,14,4,0,0,4,4,0,0
0,22,3,72,12,8,0,1.029193,0.990931,0.994387,64,1,917,100,100,0,0,2,100,-100,-100,0,1,160,14,574,63,0,0,5920,438,0,21,0,1910,564,0,42,0,1043,1,0,4,0,465,0,0,16,0,85,485,64,65,0,0,143,2,37,0,0,3,3,0,0
0,23,0,71,15,38,0,1.017731,0.980971,0.993366,61,0,667,100,100,0,0,2,0,-100,-100,100,1,160,6,492,54,0,0,6081,263,0,18,0,1913,525,0,36,0,1004,40,0,52,0,437,0,0,23,0,4,520,92,76,0,0,375,26,3,0,0,3,3,0,0
0,23,1,51,15,38,0,0.998023,0.979694,0.978617,45,1,917,100,100,0,0,2,-100,0,100,-100,1,160,6,410,63,0,0,6081,392,0,21,0,1913,550,0,42,0,1004,0,0,14,0,437,6,0,14,0,4,635,56,37,0,0,196,7,1,0,0,1,1,0,0
0,23,2,58,15,38,0,1.035657,0.963583,0.975243,48,1,917,100,100,0,0,2,-100,100,0,-100,1,160,6,661,48,0,0,6081,25,0,16,0,1913,547,0,32,0,1004,248,0,30,0,437,102,0,15,0,4,406,60,52,0,0,171,15,3,0,0,3,3,0,0
0,23,3,75,15,38,0,1.031025,0.989859,0.993811,66,1,917,100,100,0,0,2,100,-100,-100,0,1,160,6,600,63,0,0,6081,345,0,21,0,1913,585,0,42,0,1004,1,0,8,0,437,0,0,17,0,4,552,68,35,0,0,144,4,3,0,0,3,3,0,0
0,24,0,64,11,17,0,1.014575,0.981427,0.992959,55,1,917,100,100,0,0,2,0,-100,-100,100,1,160,2,517,60,0,0,6023,292,0,20,0,1904,545,0,40,0,1052,0,0,40,0,377,11,0,26,0,1,557,104,100,0,0,358,20,37,0,0,3,3,0,0
0,24,1,49,11,17,0,0.996887,0.980983,0.979976,43,1,917,100,100,0,0,2,-100,0,100,-100,1,160,2,449,60,0,0,6023,320,0,20,0,1904,567,0,40,0,1052,0,0,20,0,377,0,0,7,0,1,653,28,44,0,0,204,10,2,0,0,2,2,0,0
0,24,2,59,11,17,0,1.039832,0.962004,0.973851,49,1,917,100,100,0,0,2,-100,100,0,-100,1,160,2,691,48,0,0,6023,41,0,16,0,1904,560,0,32,0,1052,210,0,38,0,377,143,0,19,0,1,454,76,62,0,0,186,19,4,0,0,4,4,0,0
0,24,3,77,11,17,0,1.035668,0.988829,0.993408,67,1,917,100,100,0,0,2,100,-100,-100,0,1,160,2,634,69,0,0,6023,415,0,23,0,1904,608,0,46,0,1052,1,0,0,0,377,0,0,34,0,1,693,136,29,0,0,141,0,3,0,0,3,3,0,0
0,25,0,61,12,20,0,1.014045,0.982556,0.996,54,1,917,100,100,0,0,2,0,-100,-100,100,1,160,3,535,48,0,0,6078,348,0,16,0,1913,561,0,32,0,975,1,0,22,0,484,0,0,25,0,20,647,100,44,0,0,366,11,3,0,0,3,3,0,0
0,25,1,49,12,20,0,0.998717,0.982245,0.980463,42,1,917,100,100,0,0,2,-100,0,100,-100,1,160,3,489,57,0,0,6078,355,0,19,0,1913,586,0,38,0,975,0,0,20,0,484,0,0,11,0,20,660,44,43,0,0,212,10,2,0,0,2,2,0,0
0,25,2,56,12,20,0,1.044052,0.957943,0.976413,47,1,917,100,100,0,0,2,-100,100,0,-100,1,160,3,716,48,0,0,6078,41,0,16,0,1913,573,0,32,0,975,194,0,40,0,484,138,0,20,0,20,506,80,62,0,0,203,20,3,0,0,3,3,0,0
0,25,3,75,12,20,0,1.037319,0.987748,0.995764,65,1,917,100,100,0,0,2,100,-100,-100,0,1,160,3,650,57,0,0,6078,319,0,19,0,1913,627,0,38,0,975,0,0,24,0,484,0,0,10,0,20,726,40,49,0,0,150,12,3,0,0,3,3,0,0
0,26,0,60,12,12,0,1.013832,0.984068,0.992992,53,1,917,100,100,0,0,2,0,-100,-100,100,1,160,16,554,51,0,0,5905,390,0,17,0,1934,575,0,34,0,943,0,0,22,0,511,0,0,12,0,73,679,48,43,0,0,375,11,2,0,0,2,2,0,0
0,26,1,48,12,12,0,0.998562,0.984055,0.983591,42,1,917,100,100,0,0,2,-100,0,100,-100,1,160,16,526,54,0,0,5905,383,0,18,0,1934,601,0,36,0,943,2,0,28,0,511,0,0,8,0,73,642,32,50,0,0,224,14,2,0,0,2,2,0,0
0,26,2,59,12,12,0,1.04599,0.953149,0.981123,48,1,917,100,100,0,0,2,-100,100,0,-100,1,160,16,741,45,0,0,5905,58,0,15,0,1934,588,0,30,0,943,200,0,42,0,511,117,0,21,0,73,548,84,63,0,0,221,21,3,0,0,3,3,0,0
0,26,3,74,12,12,0,1.037525,0.98604,0.99304,64,1,917,100,100,0,0,2,100,-100,-100,0,1,160,16,663,57,0,0,5905,385,0,19,0,1934,646,0,38,0,943,0,0,30,0,511,0,0,5,0,73,704,20,57,0,0,161,15,4,0,0,4,4,0,0
0,27,0,63,16,12,0,1.01285,0.986314,0.991009,54,2,1167,100,100,0,0,2,0,-100,-100,100,1,160,6,579,51,0,0,6023,449,0,17,0,1944,586,0,34,0,1017,0,0,6,0,443,0,0,27,0,0,755,108,63,0,0,341,3,37,0,0,3,3,0,0
0,27,1,48,16,12,0,1.003694,0.980986,0.981793,41,1,917,100,100,0,0,2,-100,0,100,-100,1,160,6,553,51,0,0,6023,317,0,17,0,1944,618,0,34,0,1017,1,0,4,0,443,27,0,12,0,0,700,48,21,0,0,226,2,0,0,0,0,0,0,0
0,27,2,60,16,12,0,1.051943,0.950074,0.981365,48,1,917,100,100,0,0,2,-100,100,0,-100,1,160,6,773,51,0,0,6023,56,0,17,0,1944,605,0,34,0,1017,192,0,44,0,443,95,0,22,0,0,601,88,69,0,0,239,22,4,0,0,4,4,0,0
0,27,3,74,16,12,0,1.037292,0.985027,0.991869,65,2,1167,100,100,0,0,2,100,-100,-100,0,1,160,6,688,60,0,0,6023,451,0,20,0,1944,659,0,40,0,1017,0,0,6,0,443,0,0,27,0,0,778,108,66,0,0,127,3,37,0,0,3,3,0,0
0,28,0,66,15,8,0,1.013284,0.984347,0.989902,57,2,1167,100,100,0,0,2,0,-100,-100,100,1,160,7,600,51,0,0,6220,369,0,17,0,1931,600,0,34,0,928,0,0,34,0,536,0,0,0,0,28,732,0,57,0,0,355,17,3,0,0,3,3,0,0
0,28,1,49,15,8,0,1.003986,0.983004,0.983475,40,1,917,100,100,0,0,2,-100,0,100,-100,1,160,7,596,54,0,0,6220,338,0,18,0,1931,633,0,36,0,928,6,0,26,0,536,14,0,13,0,28,710,52,48,0,0,237,13,2,0,0,2,2,0,0
0,28,2,62,15,8,0,1.057151,0.948465,0.984957,48,2,1167,100,100,0,0,2,-100,100,0,-100,1,160,7,796,48,0,0,6220,65,0,16,0,1931,621,0,32,0,928,185,0,50,0,536,70,0,25,0,28,627,100,108,0,0,226,25,38,0,0,4,4,0,0
0,28,3,75,15,8,0,1.035387,0.988601,0.990637,66,2,1167,100,100,0,0,2,100,-100,-100,0,1,160,7,713,66,0,0,6220,355,0,22,0,1931,681,0,44,0,928,1,0,26,0,536,0,0,0,0,28,758,0,54,0,0,137,13,3,0,0,3,3,0,0
0,29,0,65,11,18,0,1.014878,0.983472,0.988633,57,2,1167,100,100,0,0,2,0,-100,-100,100,1,160,4,618,48,0,0,5912,439,0,16,0,1910,613,0,32,0,911,0,0,42,0,536,0,0,0,0,28,700,0,64,0,0,373,21,3,0,0,3,3,0,0
0,29,1,47,11,18,0,1.007469,0.981251,0.982239,38,1,917,100,100,0,0,2,-100,0,100,-100,1,160,4,631,51,0,0,5912,367,0,17,0,1910,650,0,34,0,911,16,0,28,0,536,0,0,14,0,28,723,56,49,0,0,249,14,2,0,0,2,2,0,0
0,29,2,58,11,18,0,1.061,0.946454,0.982208,46,2,1167,100,100,0,0,2,-100,100,0,-100,1,160,4,820,54,0,0,5912,50,0,18,0,1910,639,0,36,0,911,179,0,48,0,536,46,0,24,0,28,681,96,76,0,0,245,24,5,0,0,5,5,0,0
0,29,3,75,11,18,0,1.038122,0.987983,0.99073,65,2,1167,100,100,0,0,2,100,-100,-100,0,1,160,4,736,66,0,0,5912,418,0,22,0,1910,703,0,44,0,911,0,0,34,0,536,0,0,0,0,28,730,0,62,0,0,151,17,3,0,0,3,3,0,0
0,30,0,67,15,7,0,1.016531,0.978425,0.988414,60,2,1167,100,100,0,0,2,0,-100,-100,100,1,160,18,633,51,0,0,6216,357,0,17,0,1925,624,0,34,0,1072,0,0,0,0,395,11,0,32,0,28,840,128,21,0,0,371,0,2,0,0,2,2,0,0
0,30,1,48,15,7,0,1.008865,0.979441,0.984076,39,1,917,100,100,0,0,2,-100,0,100,-100,1,160,18,665,51,0,0,6216,414,0,17,0,1925,667,0,34,0,1072,0,0,16,0,395,9,0,16,0,28,756,64,37,0,0,255,8,2,0,0,2,2,0,0
0,30,2,62,15,7,0,1.063315,0.9451,0.979833,49,2,1167,100,100,0,0,2,-100,100,0,-100,1,160,18,861,57,0,0,6216,46,0,19,0,1925,658,0,38,0,1072,131,0,48,0,395,58,0,24,0,28,736,96,75,0,0,265,24,4,0,0,4,4,0,0
0,30,3,76,15,7,0,1.044695,0.987602,0.991762,65,2,1167,100,100,0,0,2,100,-100,-100,0,1,160,18,757,63,0,0,6216,322,0,21,0,1925,724,0,42,0,1072,0,0,0,0,395,0,0,34,0,28,871,136,29,0,0,147,0,4,0,0,4,4,0,0
0,31,0,71,17,8,0,1.018144,0.976113,0.988506,62,2,1167,100,100,0,0,2,0,-100,-100,100,1,160,14,656,57,0,0,5976,423,0,19,0,1928,634,0,38,0,974,1,0,34,0,484,0,0,19,0,0,891,76,59,0,0,385,17,3,0,0,3,3,0,0
0,31,1,50,17,8,0,1.013048,0.978505,0.984297,39,2,1167,100,100,0,0,2,-100,0,100,-100,1,160,14,698,51,0,0,5976,348,0,17,0,1928,684,0,34,0,974,1,0,22,0,484,0,0,17,0,0,781,68,77,0,0,230,11,36,0,0,2,2,0,0
0,31,2,63,17,8,0,1.063758,0.947038,0.977616,49,2,1167,100,100,0,0,2,-100,100,0,-100,1,160,14,893,57,0,0,5976,46,0,19,0,1928,677,0,38,0,974,106,0,48,0,484,51,0,24,0,0,789,96,77,0,0,284,24,5,0,0,5,5,0,0
0,31,3,78,17,8,0,1.046045,0.986589,0.99036,67,2,1167,100,100,0,0,2,100,-100,-100,0,1,160,14,785,63,0,0,5976,393,0,21,0,1928,739,0,42,0,974,1,0,16,0,484,0,0,19,0,0,936,76,45,0,0,151,8,4,0,0,4,4,0,0
0,32,0,73,19,11,1,1.021644,0.974069,0.989615,64,2,1167,100,100,0,0,2,0,-100,-100,100,1,160,5,684,60,0,0,6017,332,0,20,0,1919,651,0,40,0,1019,1,0,16,0,489,0,0,9,0,12,917,36,42,0,0,390,8,3,0,0,3,3,0,0
0,32,1,54,19,11,1,1.017266,0.978071,0.978295,39,2,1167,100,100,0,0,2,-100,0,100,-100,1,160,5,741,54,0,0,6017,391,0,18,0,1919,702,0,36,0,1019,0,0,12,0,489,0,0,8,0,12,801,32,34,0,0,234,6,2,0,0,2,2,0,0
0,32,2,64,19,11,1,1.064645,0.947969,0.977484,50,2,1167,100,100,0,0,2,-100,100,0,-100,1,160,5,918,51,0,0,6017,56,0,17,0,1919,694,0,34,0,1019,68,0,50,0,489,48,0,25,0,12,843,100,77,0,0,304,25,5,0,0,5,5,0,0
0,32,3,79,19,11,1,1.049775,0.983006,0.989807,68,2,1167,100,100,0,0,2,100,-100,-100,0,1,160,5,802,60,0,0,6017,461,0,20,0,1919,759,0,40,0,1019,1,0,14,0,489,0,0,8,0,12,960,32,42,0,0,154,7,4,0,0,4,4,0,0
0,33,0,74,12,13,0,1.022359,0.974027,0.988551,65,2,1167,100,100,0,0,2,0,-100,-100,100,1,160,5,706,57,0,0,6128,416,0,19,0,1992,652,0,38,0,913,1,0,42,0,534,0,0,0,0,0,882,0,67,0,0,408,21,3,0,0,3,3,0,0
0,33,1,52,12,13,0,1.017498,0.976128,0.976242,39,2,1167,100,100,0,0,2,-100,0,100,-100,1,160,5,783,57,0,0,6128,318,0,19,0,1992,709,0,38,0,913,0,0,36,0,534,0,0,0,0,0,772,0,61,0,0,249,18,3,0,0,3,3,0,0
0,33,2,64,12,13,0,1.065332,0.944524,0.974656,51,2,1167,100,100,0,0,2,-100,100,0,-100,1,160,5,938,48,0,0,6128,72,0,16,0,1992,689,0,32,0,913,64,0,52,0,534,24,0,26,0,0,899,104,78,0,0,325,26,5,0,0,5,5,0,0
0,33,3,79,12,13,0,1.057094,0.98268,0.985844,68,2,1167,100,100,0,0,2,100,-100,-100,0,1,160,5,825,63,0,0,6128,361,0,21,0,1992,755,0,42,0,913,1,0,30,0,534,0,0,0,0,0,934,0,59,0,0,165,15,4,0,0,4,4,0,0
0,34,0,77,10,13,0,1.023825,0.971968,0.98652,67,2,1167,100,100,0,0,2,0,-100,-100,100,1,160,8,724,57,0,0,6000,323,0,19,0,1910,671,0,38,0,939,0,0,34,0,536,0,0,0,0,7,875,0,59,0,0,422,17,3,0,0,3,3,0,0
0,34,1,52,10,13,0,1.018889,0.974939,0.974889,41,2,1167,100,100,0,0,2,-100,0,100,-100,1,160,8,814,51,0,0,6000,377,0,17,0,1910,726,0,34,0,939,0,0,28,0,536,0,0,0,0,7,729,0,51,0,0,260,14,3,0,0,3,3,0,0
0,34,2,61,10,13,0,1.067596,0.942957,0.977485,52,2,1167,100,100,0,0,2,-100,100,0,-100,1,160,8,961,51,0,0,6000,87,0,17,0,1910,706,0,34,0,939,54,0,52,0,536,0,0,24,0,7,948,96,77,0,0,347,26,4,0,0,4,4,0,0
0,34,3,76,10,13,0,1.06027,0.982617,0.984959,67,2,1167,100,100,0,0,2,100,-100,-100,0,1,160,8,846,57,0,0,6000,439,0,19,0,1910,774,0,38,0,939,1,0,30,0,536,0,0,0,0,7,915,0,55,0,0,177,15,3,0,0,3,3,0,0
0,35,0,80,16,12,0,1.023984,0.965706,0.983919,68,2,1167,100,100,0,0,2,0,-100,-100,100,1,160,2,749,63,0,0,5968,425,0,21,0,1922,692,0,42,0,953,1,0,26,0,486,0,0,11,0,25,898,44,55,0,0,431,13,4,0,0,4,4,0,0
0,35,1,52,16,12,0,1.019876,0.974021,0.977558,42,2,1167,100,100,0,0,2,-100,0,100,-100,1,160,2,844,51,0,0,5968,444,0,17,0,1922,743,0,34,0,953,0,0,16,0,486,0,0,11,0,25,743,44,39,0,0,265,8,3,0,0,3,3,0,0
0,35,2,62,16,12,0,1.070497,0.939561,0.978889,52,2,1167,100,100,0,0,2,-100,100,0,-100,1,160,2,983,45,0,0,5968,107,0,15,0,1922,721,0,30,0,953,41,0,50,0,486,0,0,14,0,25,964,56,71,0,0,369,25,3,0,0,3,3,0,0
0,35,3,76,16,12,0,1.060335,0.980571,0.983546,67,2,1167,100,100,0,0,2,100,-100,-100,0,1,160,2,867,63,0,0,5968,342,0,21,0,1922,795,0,42,0,953,1,0,30,0,486,0,0,8,0,25,924,32,57,0,0,189,15,3,0,0,3,3,0,0
0,36,0,77,11,11,0,1.022235,0.967507,0.983129,72,2,1167,100,100,0,0,2,0,-100,-100,100,1,160,8,759,57,0,0,6120,326,0,19,0,1922,711,0,38,0,1039,1,0,6,0,478,0,0,11,0,0,953,44,31,0,0,431,3,3,0,0,3,3,0,0
0,36,1,53,11,11,0,1.023058,0.971157,0.978481,43,2,1167,100,100,0,0,2,-100,0,100,-100,1,160,8,873,48,0,0,6120,376,0,16,0,1922,759,0,32,0,1039,1,0,2,0,478,0,0,14,0,0,806,56,26,0,0,262,1,4,0,0,4,4,0,0
0,36,2,63,11,11,0,1.074736,0.940114,0.979201,52,3,1417,100,100,0,0,2,-100,100,0,-100,1,160,8,996,45,0,0,6120,126,0,15,0,1922,736,0,30,0,1039,5,0,50,0,478,0,0,24,0,0,982,96,105,0,0,357,25,37,0,0,3,3,0,0
0,36,3,77,11,11,0,1.061859,0.980592,0.984921,68,2,1167,100,100,0,0,2,100,-100,-100,0,1,160,8,896,66,0,0,6120,420,0,22,0,1922,817,0,44,0,1039,0,0,10,0,478,0,0,9,0,0,955,36,38,0,0,191,5,3,0,0,3,3,0,0
0,37,0,78,8,34,0,1.020645,0.96692,0.984124,74,3,1417,100,100,0,0,2,0,-100,-100,100,1,160,5,780,57,0,0,5960,438,0,19,0,1919,730,0,38,0,1033,0,0,4,0,471,0,0,20,0,16,1008,80,59,0,0,398,2,35,0,0,1,1,0,0
0,37,1,52,8,34,0,1.024495,0.968425,0.979669,45,2,1167,100,100,0,0,2,-100,0,100,-100,1,160,5,902,48,0,0,5960,435,0,16,0,1919,775,0,32,0,1033,0,0,8,0,471,0,0,20,0,16,874,80,30,0,0,263,4,3,0,0,3,3,0,0
0,37,2,64,8,34,0,1.074221,0.940555,0.98295,52,3,1417,100,100,0,0,2,-100,100,0,-100,1,160,5,1020,48,0,0,5960,151,0,16,0,1919,752,0,32,0,1033,0,0,22,0,471,0,0,9,0,16,1006,36,46,0,0,364,11,4,0,0,4,4,0,0
0,37,3,50,8,34,0,1.070862,0.97727,0.981522,44,3,1417,100,100,0,0,2,100,-100,-100,0,1,160,5,912,63,0,0,5960,322,0,21,0,1919,838,0,42,0,1033,0,0,12,0,471,1,0,15,0,16,958,60,73,0,0,160,6,37,0,0,3,3,0,0
0,38,0,77,7,24,0,1.022434,0.96631,0.983325,74,3,1417,100,100,0,0,2,0,-100,-100,100,1,160,30,789,57,0,0,6216,341,0,19,0,1937,746,0,38,0,970,1,0,18,0,497,0,0,9,0,0,1051,36,39,0,0,406,9,1,0,0,1,1,0,0
0,38,1,50,7,24,0,1.026557,0.975206,0.982068,44,2,1167,100,100,0,0,2,-100,0,100,-100,1,160,30,911,42,0,0,6216,369,0,14,0,1937,789,0,28,0,970,0,0,14,0,497,0,0,14,0,0,931,56,32,0,0,268,7,2,0,0,2,2,0,0
0,38,2,55,7,24,0,1.078581,0.931972,0.982916,47,3,1417,100,100,0,0,2,-100,100,0,-100,1,160,30,1040,45,0,0,6216,184,0,15,0,1937,767,0,30,0,970,0,0,18,0,497,0,0,16,0,0,1061,64,39,0,0,370,9,3,0,0,3,3,0,0
0,38,3,45,7,24,0,1.078142,0.97625,0.981229,41,3,1417,100,100,0,0,2,100,-100,-100,0,1,160,30,948,60,0,0,6216,324,0,20,0,1937,858,0,40,0,970,1,0,8,0,497,0,0,1,0,0,951,4,32,0,0,162,4,2,0,0,2,2,0,0
0,39,0,78,18,13,0,1.023491,0.966144,0.985475,74,3,1417,100,100,0,0,2,0,-100,-100,100,1,160,7,807,57,0,0,5880,453,0,19,0,1937,762,0,38,0,979,1,0,24,0,536,0,0,0,0,29,1041,0,45,0,0,417,12,1,0,0,1,1,0,0
0,39,1,52,18,13,0,1.030222,0.976921,0.981975,43,2,1167,100,100,0,0,2,-100,0,100,-100,1,160,7,941,45,0,0,5880,416,0,15,0,1937,804,0,30,0,979,0,0,24,0,536,0,0,0,0,29,903,0,43,0,0,278,12,2,0,0,2,2,0,0
0,39,2,57,18,13,0,1.081182,0.927389,0.984706,48,3,1417,100,100,0,0,2,-100,100,0,-100,1,160,7,1069,45,0,0,5880,234,0,15,0,1937,782,0,30,0,979,1,0,26,0,536,0,0,0,0,29,1047,0,47,0,0,380,13,3,0,0,3,3,0,0
0,39,3,45,18,13,0,1.082064,0.978778,0.982569,36,3,1417,100,100,0,0,2,100,-100,-100,0,1,160,7,1003,63,0,0,5880,322,0,21,0,1937,879,0,42,0,979,1,0,18,0,536,0,0,0,0,29,916,0,41,0,0,170,9,1,0,0,1,1,0,0
0,40,0,79,11,9,0,1.025075,0.964679,0.986794,73,3,1417,100,100,0,0,2,0,-100,-100,100,1,160,39,808,57,0,0,6184,356,0,19,0,1937,781,0,38,0,958,0,0,34,0,510,0,0,3,0,29,1030,12,57,0,0,432,17,2,0,0,2,2,0,0
0,40,1,53,11,9,0,1.033399,0.978173,0.984272,44,2,1167,100,100,0,0,2,-100,0,100,-100,1,160,39,956,45,0,0,6184,349,0,15,0,1937,816,0,30,0,958,0,0,30,0,510,0,0,8,0,29,916,32,53,0,0,289,15,4,0,0,4,4,0,0
0,40,2,57,11,9,0,1.082219,0.927716,0.982958,48,3,1417,100,100,0,0,2,-100,100,0,-100,1,160,39,1095,45,0,0,6184,290,0,15,0,1937,797,0,30,0,958,0,0,28,0,510,0,0,12,0,29,1076,48,49,0,0,391,14,3,0,0,3,3,0,0
0,40,3,45,11,9,0,1.084286,0.973908,0.985886,35,3,1417,100,100,0,0,2,100,-100,-100,0,1,160,39,1052,60,0,0,6184,337,0,20,0,1937,899,0,40,0,958,1,0,24,0,510,0,0,3,0,29,887,12,50,0,0,179,12,3,0,0,3,3,0,0
5,1,0,80,11,64,0,0.993514,0.984776,0.991873,0,0,667,100,100,0,0,2,0,-100,100,-100,1,160,1,107,72,0,0,5600,394,0,24,0,1856,124,0,48,0,915,40,0,60,0,529,25,0,30,0,0,166,120,98,0,0,23,30,7,0,0,7,7,0,0
5,1,1,82,11,64,0,0.993309,0.987056,0.994966,0,0,667,100,100,0,0,2,-100,0,-100,100,1,160,1,106,72,0,0,5600,402,0,24,0,1856,124,0,48,0,915,48,0,60,0,529,20,0,30,0,0,168,120,96,0,0,24,30,6,0,0,6,6,0,0
5,1,2,97,11,64,0,0.999314,0.987939,0.99754,0,0,667,100,100,0,0,2,100,-100,0,-100,1,160,1,112,72,0,0,5600,386,0,24,0,1856,124,0,48,0,915,21,0,88,0,529,6,0,44,0,0,194,176,146,0,0,27,44,17,0,0,17,17,0,0
5,1,3,88,11,64,0,0.992238,0.985125,0.999144,0,0,667,100,100,0,0,2,-100,100,-100,0,1,160,1,109,72,0,0,5600,402,0,24,0,1856,124,0,48,0,915,32,0,76,0,529,14,0,38,0,0,175,152,128,0,0,24,38,14,0,0,14,14,0,0
5,2,0,79,11,21,0,0.995644,0.98786,0.991332,5,0,667,100,100,0,0,2,0,-100,100,-100,1,160,3,132,72,0,0,5624,458,0,24,0,1853,148,0,48,0,795,48,0,56,0,536,0,0,25,0,32,193,100,94,0,0,44,28,7,0,0,7,7,0,0
5,2,1,79,11,21,0,0.992914,0.985281,0.992252,4,0,667,100,100,0,0,2,-100,0,-100,100,1,160,3,122,63,0,0,5624,499,0,21,0,1853,145,0,42,0,795,59,0,62,0,536,0,0,20,0,32,168,80,95,0,0,49,31,6,0,0,6,6,0,0
5,2,2,92,11,21,0,0.997854,0.988587,0.99742,13,0,667,100,100,0,0,2,100,-100,0,-100,1,160,3,109,60,0,0,5624,461,0,20,0,1853,144,0,40,0,795,3,0,90,0,536,0,0,6,0,32,108,24,144,0,0,55,45,17,0,0,17,17,0,0
5,2,3,87,11,21,0,0.993627,0.986121,0.99897,12,0,667,100,100,0,0,2,-100,100,-100,0,1,160,3,118,60,0,0,5624,486,0,20,0,1853,144,0,40,0,795,24,0,76,0,536,0,0,14,0,32,141,56,124,0,0,48,38,14,0,0,14,14,0,0
5,3,0,79,13,15,0,0.996568,0.987745,0.987654,10,0,667,100,100,0,0,2,0,-100,100,-100,1,160,7,157,75,0,0,6400,354,0,25,0,1877,173,0,50,0,783,53,0,58,0,536,0,0,0,0,0,130,0,97,0,0,66,29,7,0,0,7,7,0,0
5,3,1,80,13,15,0,0.99362,0.98382,0.990737,8,0,667,100,100,0,0,2,-100,0,-100,100,1,160,7,136,57,0,0,6400,401,0,19,0,1877,164,0,38,0,783,76,0,60,0,536,0,0,0,0,0,112,0,89,0,0,74,30,5,0,0,5,5,0,0
5,3,2,90,13,15,0,1.000699,0.986524,0.996228,27,0,667,100,100,0,0,2,100,-100,0,-100,1,160,7,119,66,0,0,6400,347,0,22,0,1877,166,0,44,0,783,1,0,70,0,536,0,0,0,0,0,15,0,126,0,0,73,35,17,0,0,17,17,0,0
5,3,3,86,13,15,0,0.996069,0.984172,0.99747,25,0,667,100,100,0,0,2,-100,100,-100,0,1,160,7,130,63,0,0,6400,378,0,21,0,1877,165,0,42,0,783,15,0,78,0,536,0,0,0,0,0,46,0,129,0,0,72,39,15,0,0,15,15,0,0
5,4,0,74,13,29,0,0.998382,0.990089,0.987821,15,0,667,100,100,0,0,2,0,-100,100,-100,1,160,1,189,75,0,0,5640,426,0,25,0,1906,189,0,50,0,837,34,0,58,0,536,0,0,0,0,120,33,0,97,0,0,88,29,7,0,0,7,7,0,0
5,4,1,82,13,29,0,0.996457,0.985931,0.990677,11,0,667,100,100,0,0,2,-100,0,-100,100,1,160,1,152,60,0,0,5640,517,0,20,0,1906,178,0,40,0,837,74,0,66,0,536,0,0,0,0,120,16,0,98,0,0,101,33,6,0,0,6,6,0,0
5,4,2,74,13,29,0,0.995374,0.983206,0.999256,40,0,667,100,100,0,0,2,100,-100,0,-100,1,160,1,66,0,0,0,5640,409,0,0,0,1906,226,0,0,0,837,49,0,18,0,536,0,0,0,0,120,0,0,18,0,0,82,9,0,0,0,0,0,0,0
5,4,3,89,13,29,0,0.994963,0.984668,0.996339,39,0,667,100,100,0,0,2,-100,100,-100,0,1,160,1,82,0,0,0,5640,484,0,0,0,1906,217,0,0,0,837,26,0,46,0,536,0,0,0,0,120,0,0,46,0,0,95,23,0,0,0,0,0,0,0
5,5,0,55,11,58,1,1.002772,0.999387,0.990759,21,0,667,100,100,0,0,2,0,-100,100,-100,1,160,11,186,36,0,0,6400,340,0,12,0,1894,196,0,24,0,927,1,0,48,0,443,0,0,16,0,0,43,64,72,0,0,106,24,6,0,0,6,6,0,0
5,5,1,65,11,58,1,0.998393,0.996023,0.996519,15,0,667,100,100,0,0,2,-100,0,-100,100,1,160,11,150,48,0,0,6400,419,0,16,0,1894,194,0,32,0,927,57,0,54,0,443,0,0,15,0,0,22,60,78,0,0,124,27,4,0,0,4,4,0,0
5,5,2,72,11,58,1,0.99619,0.985897,1.003177,37,0,667,100,100,0,0,2,100,-100,0,-100,1,160,11,95,66,0,0,6400,313,0,22,0,1894,245,0,44,0,927,36,0,52,0,443,0,0,20,0,0,28,80,90,0,0,100,26,8,0,0,8,8,0,0
5,5,3,80,11,58,1,0.994603,0.984264,0.997143,38,0,667,100,100,0,0,2,-100,100,-100,0,1,160,11,71,51,0,0,6400,378,0,17,0,1894,228,0,34,0,927,1,0,64,0,443,0,0,24,0,0,33,96,109,0,0,113,32,14,0,0,14,14,0,0
5,6,0,53,9,22,0,1.0033,1.00261,0.993518,24,0,667,100,100,0,0,2,0,-100,100,-100,1,160,11,196,33,0,0,5883,442,0,11,0,1946,207,0,22,0,1006,0,0,10,0,385,0,0,25,0,55,112,100,37,0,0,103,5,8,0,0,8,8,0,0
5,6,1,62,9,22,0,1.001993,0.999143,0.998002,18,0,667,100,100,0,0,2,-100,0,-100,100,1,160,11,162,51,0,0,5883,337,0,17,0,1946,208,0,34,0,1006,25,0,50,0,385,5,0,25,0,55,69,100,75,0,0,145,25,4,0,0,4,4,0,0
5,6,2,68,9,22,0,0.993947,0.981543,1.006193,40,0,667,100,100,0,0,2,100,-100,0,-100,1,160,11,117,57,0,0,5883,366,0,19,0,1946,264,0,38,0,1006,2,0,52,0,385,19,0,26,0,55,63,104,87,0,0,118,26,8,0,0,8,8,0,0
5,6,3,76,9,22,0,0.996197,0.981289,0.996166,50,0,667,100,100,0,0,2,-100,100,-100,0,1,160,11,84,51,0,0,5883,454,0,17,0,1946,245,0,34,0,1006,0,0,22,0,385,8,0,34,0,55,126,136,63,0,0,112,11,12,0,0,12,12,0,0
5,7,0,54,9,11,0,1.002094,1.004618,0.990337,30,0,667,100,100,0,0,2,0,-100,100,-100,1,160,12,207,33,0,0,6080,378,0,11,0,1981,209,0,22,0,963,0,0,20,0,471,0,0,6,0,26,123,24,47,0,0,105,10,8,0,0,8,8,0,0
5,7,1,58,9,11,0,1.001408,1.000581,0.995397,19,0,667,100,100,0,0,2,-100,0,-100,100,1,160,12,175,39,0,0,6080,430,0,13,0,1981,212,0,26,0,963,1,0,48,0,471,0,0,19,0,26,90,76,73,0,0,163,24,6,0,0,6,6,0,0
5,7,2,69,9,11,0,0.997615,0.983577,1.004325,46,0,667,100,100,0,0,2,100,-100,0,-100,1,160,12,147,54,0,0,6080,432,0,18,0,1981,277,0,36,0,963,1,0,36,0,471,11,0,27,0,26,125,108,70,0,0,128,18,8,0,0,8,8,0,0
5,7,3,76,9,11,0,0.996927,0.980547,0.996481,60,0,667,100,100,0,0,2,-100,100,-100,0,1,160,12,93,51,0,0,6080,361,0,17,0,1981,259,0,34,0,963,0,0,30,0,471,0,0,34,0,26,235,136,61,0,0,120,15,7,0,0,7,7,0,0
5,8,0,53,10,26,0,1.00535,1.010371,0.987539,35,0,667,100,100,0,0,2,0,-100,100,-100,1,160,8,216,30,0,0,6064,482,0,10,0,1970,219,0,20,0,862,1,0,32,0,536,0,0,0,0,78,71,0,58,0,0,113,16,8,0,0,8,8,0,0
5,8,1,49,10,26,0,0.999437,1.006737,0.994949,23,0,667,100,100,0,0,2,-100,0,-100,100,1,160,8,175,36,0,0,6064,360,0,12,0,1970,224,0,24,0,862,13,0,36,0,536,0,0,0,0,78,47,0,56,0,0,177,18,4,0,0,4,4,0,0
5,8,2,66,10,26,0,0.996957,0.984116,1.006201,52,0,667,100,100,0,0,2,100,-100,0,-100,1,160,8,167,54,0,0,6064,345,0,18,0,1970,295,0,36,0,862,9,0,52,0,536,0,0,11,0,78,105,44,82,0,0,148,26,6,0,0,6,6,0,0
5,8,3,73,10,26,0,0.996642,0.981125,0.996601,64,0,667,100,100,0,0,2,-100,100,-100,0,1,160,8,103,51,0,0,6064,436,0,17,0,1970,276,0,34,0,862,4,0,62,0,536,0,0,0,0,78,159,0,87,0,0,147,31,4,0,0,4,4,0,0
5,9,0,52,14,15,0,1.004155,1.009614,0.988447,41,0,667,100,100,0,0,2,0,-100,100,-100,1,160,27,211,30,0,0,6160,419,0,10,0,1967,229,0,20,0,946,1,0,24,0,472,0,0,10,0,35,101,40,44,0,0,120,12,5,0,0,5,5,0,0
5,9,1,51,14,15,0,0.999906,1.008228,0.993054,25,0,667,100,100,0,0,2,-100,0,-100,100,1,160,27,201,39,0,0,6160,402,0,13,0,1967,237,0,26,0,946,9,0,34,0,472,2,0,17,0,35,72,68,55,0,0,190,17,4,0,0,4,4,0,0
5,9,2,63,14,15,0,1.000881,0.988989,0.998458,52,0,667,100,100,0,0,2,100,-100,0,-100,1,160,27,196,54,0,0,6160,381,0,18,0,1967,313,0,36,0,946,5,0,40,0,472,0,0,17,0,35,124,68,64,0,0,165,20,3,0,0,3,3,0,0
5,9,3,74,14,15,0,0.999044,0.979676,0.998122,65,0,667,100,100,0,0,2,-100,100,-100,0,1,160,27,110,48,0,0,6160,347,0,16,0,1967,292,0,32,0,946,1,0,36,0,472,0,0,18,0,35,206,72,58,0,0,162,18,3,0,0,3,3,0,0
5,10,0,52,16,19,0,0.997095,1.00977,0.991082,43,0,667,100,100,0,0,2,0,-100,100,-100,1,160,7,219,30,0,0,6110,357,0,10,0,1974,239,0,20,0,1051,0,0,4,0,401,4,0,26,0,16,219,104,18,0,0,120,2,2,0,0,2,2,0,0
5,10,1,48,16,19,0,1.000749,1.015606,0.99043,25,0,667,100,100,0,0,2,-100,0,-100,100,1,160,7,224,39,0,0,6110,338,0,13,0,1974,250,0,26,0,1051,0,0,12,0,401,22,0,16,0,16,131,64,33,0,0,192,6,4,0,0,4,4,0,0
5,10,2,64,16,19,0,1.003338,0.990727,0.997656,53,0,667,100,100,0,0,2,100,-100,0,-100,1,160,7,233,60,0,0,6110,418,0,20,0,1974,323,0,40,0,1051,0,0,14,0,401,6,0,21,0,16,184,84,42,0,0,168,7,4,0,0,4,4,0,0
5,10,3,73,16,19,0,0.999163,0.981934,1.000566,64,0,667,100,100,0,0,2,-100,100,-100,0,1,160,7,125,51,0,0,6110,418,0,17,0,1974,309,0,34,0,1051,1,0,6,0,401,1,0,32,0,16,337,128,29,0,0,162,3,3,0,0,3,3,0,0
5,11,0,52,13,13,0,1.001883,1.007188,0.992231,42,0,667,100,100,0,0,2,0,-100,100,-100,1,160,33,221,27,0,0,6168,432,0,9,0,1997,245,0,18,0,904,0,0,36,0,521,0,0,4,0,20,215,16,53,0,0,134,18,4,0,0,4,4,0,0
5,11,1,47,13,13,0,0.999468,1.011043,0.988687,27,0,667,100,100,0,0,2,-100,0,-100,100,1,160,33,239,33,0,0,6168,375,0,11,0,1997,252,0,22,0,904,8,0,34,0,521,8,0,17,0,20,159,68,55,0,0,204,17,5,0,0,5,5,0,0
5,11,2,65,13,13,0,1.006485,0.990869,0.997578,55,0,667,100,100,0,0,2,100,-100,0,-100,1,160,33,259,60,0,0,6168,334,0,20,0,1997,340,0,40,0,904,0,0,42,0,521,0,0,15,0,20,208,60,68,0,0,186,21,3,0,0,3,3,0,0
5,11,3,73,13,13,0,1.003105,0.980401,1.003181,63,0,667,100,100,0,0,2,-100,100,-100,0,1,160,33,132,51,0,0,6168,328,0,17,0,1997,311,0,34,0,904,1,0,48,0,521,0,0,4,0,20,316,16,71,0,0,183,24,3,0,0,3,3,0,0
5,12,0,29,8,30,0,1.007608,1.020723,0.984216,27,0,667,100,100,0,0,2,0,-100,100,-100,1,160,34,213,24,0,0,6008,372,0,8,0,1970,253,0,16,0,869,8,0,20,0,536,0,0,0,0,66,204,0,30,0,0,143,10,1,0,0,1,1,0,0
5,12,1,49,8,30,0,1.002477,1.012322,0.990063,31,0,667,100,100,0,0,2,-100,0,-100,100,1,160,34,256,36,0,0,6008,404,0,12,0,1970,264,0,24,0,869,26,0,32,0,536,0,0,8,0,66,149,32,54,0,0,215,16,5,0,0,5,5,0,0
5,12,2,64,8,30,0,1.006695,0.990015,0.998344,56,0,667,100,100,0,0,2,100,-100,0,-100,1,160,34,289,57,0,0,6008,386,0,19,0,1970,359,0,38,0,869,17,0,46,0,536,0,0,0,0,66,144,0,73,0,0,205,23,4,0,0,4,4,0,0
5,12,3,73,8,30,0,1.006689,0.980579,1.002935,64,0,667,100,100,0,0,2,-100,100,-100,0,1,160,34,147,54,0,0,6008,405,0,18,0,1970,329,0,36,0,869,0,0,58,0,536,0,0,0,0,66,249,0,82,0,0,209,29,3,0,0,3,3,0,0
5,13,0,29,13,12,0,1.010907,1.023432,0.977917,26,0,667,100,100,0,0,2,0,-100,100,-100,1,160,16,232,21,0,0,6088,336,0,7,0,1979,260,0,14,0,880,13,0,22,0,536,0,0,0,0,25,207,0,31,0,0,153,11,1,0,0,1,1,0,0
5,13,1,47,13,12,0,1.002461,1.012374,0.989177,32,0,667,100,100,0,0,2,-100,0,-100,100,1,160,16,266,30,0,0,6088,345,0,10,0,1979,274,0,20,0,880,38,0,36,0,536,0,0,0,0,25,125,0,58,0,0,227,18,6,0,0,6,6,0,0
5,13,2,65,13,12,0,1.008472,0.990292,0.995319,56,0,667,100,100,0,0,2,100,-100,0,-100,1,160,16,320,57,0,0,6088,431,0,19,0,1979,375,0,38,0,880,28,0,44,0,536,0,0,0,0,25,89,0,67,0,0,225,22,2,0,0,2,2,0,0
5,13,3,75,13,12,0,1.006244,0.98222,1.00026,66,0,667,100,100,0,0,2,-100,100,-100,0,1,160,16,168,51,0,0,6088,491,0,17,0,1979,346,0,34,0,880,1,0,52,0,536,0,0,0,0,25,205,0,75,0,0,232,26,3,0,0,3,3,0,0
5,14,0,27,9,11,0,1.007551,1.023148,0.978911,25,0,667,100,100,0,0,2,0,-100,100,-100,1,160,34,251,24,0,0,6264,339,0,8,0,1977,268,0,16,0,940,6,0,22,0,536,0,0,0,0,7,186,0,32,0,0,163,11,1,0,0,1,1,0,0
5,14,1,44,9,11,0,1.001575,1.014105,0.986456,35,0,667,100,100,0,0,2,-100,0,-100,100,1,160,34,270,30,0,0,6264,368,0,10,0,1977,283,0,20,0,940,42,0,30,0,536,0,0,0,0,7,86,0,46,0,0,239,15,3,0,0,3,3,0,0
5,14,2,65,9,11,0,1.009072,0.990254,0.995884,56,0,667,100,100,0,0,2,100,-100,0,-100,1,160,34,348,57,0,0,6264,347,0,19,0,1977,394,0,38,0,940,25,0,46,0,536,0,0,0,0,7,65,0,73,0,0,244,23,4,0,0,4,4,0,0
5,14,3,78,9,11,0,1.010051,0.981229,0.99784,68,0,667,100,100,0,0,2,-100,100,-100,0,1,160,34,187,57,0,0,6264,397,0,19,0,1977,365,0,38,0,940,0,0,38,0,536,0,0,0,0,7,201,0,63,0,0,248,19,3,0,0,3,3,0,0
5,15,0,28,8,6,0,1.01299,1.024106,0.98195,25,0,667,100,100,0,0,2,0,-100,100,-100,1,160,40,272,24,0,0,5979,336,0,8,0,1982,276,0,16,0,989,1,0,12,0,473,0,0,6,0,35,206,24,22,0,0,168,6,1,0,0,1,1,0,0
5,15,1,46,8,6,0,1.004069,1.017077,0.979877,37,0,667,100,100,0,0,2,-100,0,-100,100,1,160,40,282,30,0,0,5979,386,0,10,0,1982,293,0,20,0,989,32,0,32,0,473,0,0,16,0,35,120,64,48,0,0,252,16,3,0,0,3,3,0,0
5,15,2,64,8,6,0,1.008752,0.989886,0.997397,60,0,667,100,100,0,0,2,100,-100,0,-100,1,160,40,374,54,0,0,5979,392,0,18,0,1982,409,0,36,0,989,4,0,48,0,473,0,0,21,0,35,110,84,70,0,0,266,24,2,0,0,2,2,0,0
5,15,3,78,8,6,0,1.009816,0.982836,0.999002,69,0,667,100,100,0,0,2,-100,100,-100,0,1,160,40,196,54,0,0,5979,474,0,18,0,1982,383,0,36,0,989,1,0,26,0,473,0,0,20,0,35,263,80,52,0,0,257,13,4,0,0,4,4,0,0
5,16,0,26,15,17,0,1.011001,1.028388,0.978085,23,0,667,100,100,0,0,2,0,-100,100,-100,1,160,5,301,24,0,0,6208,332,0,8,0,1982,284,0,16,0,1071,1,0,0,0,362,9,0,9,0,35,249,36,8,0,0,168,0,0,0,0,0,0,0,0
5,16,1,46,15,17,0,1.007714,1.019615,0.979968,37,0,667,100,100,0,0,2,-100,0,-100,100,1,160,5,296,30,0,0,6208,330,0,10,0,1982,303,0,20,0,1071,0,0,32,0,362,27,0,18,0,35,178,72,48,0,0,265,16,3,0,0,3,3,0,0
5,16,2,63,15,17,0,1.012945,0.990293,0.996946,56,0,667,100,100,0,0,2,100,-100,0,-100,1,160,5,403,51,0,0,6208,455,0,17,0,1982,426,0,34,0,1071,0,0,4,0,362,35,0,22,0,35,187,88,23,0,0,267,2,1,0,0,1,1,0,0
5,16,3,79,15,17,0,1.013154,0.983493,0.99866,70,0,667,100,100,0,0,2,-100,100,-100,0,1,160,5,206,54,0,0,6208,378,0,18,0,1982,401,0,36,0,1071,1,0,0,0,362,7,0,41,0,35,437,164,24,0,0,254,0,3,0,0,3,3,0,0
5,17,0,24,12,10,0,1.012799,1.029764,0.975621,21,0,667,100,100,0,0,2,0,-100,100,-100,1,160,30,319,21,0,0,6072,347,0,7,0,2017,282,0,14,0,996,1,0,2,0,536,0,0,9,0,7,286,36,13,0,0,167,1,2,0,0,2,2,0,0
5,17,1,47,12,10,0,1.012192,1.022601,0.979124,38,0,667,100,100,0,0,2,-100,0,-100,100,1,160,30,307,30,0,0,6072,370,0,10,0,2017,303,0,20,0,996,0,0,14,0,536,9,0,18,0,7,237,72,30,0,0,269,7,3,0,0,3,3,0,0
5,17,2,62,12,10,0,1.01479,0.993536,0.995936,53,0,667,100,100,0,0,2,100,-100,0,-100,1,160,30,428,54,0,0,6072,374,0,18,0,2017,437,0,36,0,996,0,0,30,0,536,14,0,21,0,7,262,84,54,0,0,279,15,3,0,0,3,3,0,0
5,17,3,83,12,10,0,1.014935,0.982197,0.997694,72,0,667,100,100,0,0,2,-100,100,-100,0,1,160,30,223,54,0,0,6072,465,0,18,0,2017,413,0,36,0,996,1,0,30,0,536,0,0,7,0,7,457,28,54,0,0,266,15,3,0,0,3,3,0,0
5,18,0,25,5,16,0,1.02502,1.030292,0.977604,22,0,667,100,100,0,0,2,0,-100,100,-100,1,160,41,343,21,0,0,6128,364,0,7,0,1985,286,0,14,0,944,0,0,12,0,518,0,0,0,0,42,277,0,21,0,0,172,6,1,0,0,1,1,0,0
5,18,1,45,5,16,0,1.01124,1.022804,0.97823,39,0,667,100,100,0,0,2,-100,0,-100,100,1,160,41,315,30,0,0,6128,409,0,10,0,1985,313,0,20,0,944,1,0,38,0,518,0,0,9,0,42,234,36,54,0,0,285,19,3,0,0,3,3,0,0
5,18,2,61,5,16,0,1.012871,0.992278,0.997619,55,0,667,100,100,0,0,2,100,-100,0,-100,1,160,41,447,54,0,0,6128,414,0,18,0,1985,452,0,36,0,944,1,0,42,0,518,0,0,14,0,42,264,56,64,0,0,298,21,2,0,0,2,2,0,0
5,18,3,74,5,16,0,1.012825,0.986945,0.995679,66,0,667,100,100,0,0,2,-100,100,-100,0,1,160,41,231,60,0,0,6128,362,0,20,0,1985,427,0,40,0,944,0,0,36,0,518,0,0,18,0,42,508,72,64,0,0,280,18,4,0,0,4,4,0,0
5,19,0,22,11,25,0,1.022773,1.03103,0.983374,17,0,667,100,100,0,0,2,0,-100,100,-100,1,160,19,354,15,0,0,6240,334,0,5,0,1982,291,0,10,0,1072,0,0,0,0,399,0,0,5,0,0,322,20,7,0,0,171,0,1,0,0,1,1,0,0
5,19,1,43,11,25,0,1.017421,1.024035,0.975262,39,0,667,100,100,0,0,2,-100,0,-100,100,1,160,19,330,30,0,0,6240,354,0,10,0,1982,323,0,20,0,1072,1,0,0,0,399,16,0,17,0,0,321,68,14,0,0,283,0,2,0,0,2,2,0,0
5,19,2,55,11,25,0,1.023464,0.993648,0.996778,48,0,667,100,100,0,0,2,100,-100,0,-100,1,160,19,477,54,0,0,6240,335,0,18,0,1982,470,0,36,0,1072,1,0,0,0,399,22,0,18,0,0,343,72,22,0,0,296,0,2,0,0,2,2,0,0
5,19,3,71,11,25,0,1.012845,0.983521,0.995747,64,1,917,100,100,0,0,2,-100,100,-100,0,1,160,19,254,60,0,0,6240,420,0,20,0,1982,447,0,40,0,1072,0,0,0,0,399,0,0,33,0,0,609,132,58,0,0,244,0,36,0,0,2,2,0,0
5,20,0,23,9,17,0,1.031592,1.030019,0.992267,16,0,667,100,100,0,0,2,0,-100,100,-100,1,160,21,375,18,0,0,6152,354,0,6,0,1979,297,0,12,0,1054,0,0,0,0,466,0,0,6,0,57,354,24,10,0,0,169,0,2,0,0,2,2,0,0
5,20,1,41,9,17,0,1.020172,1.024396,0.974069,37,0,667,100,100,0,0,2,-100,0,-100,100,1,160,21,339,21,0,0,6152,384,0,7,0,1979,330,0,14,0,1054,1,0,6,0,466,17,0,17,0,57,395,68,15,0,0,285,3,1,0,0,1,1,0,0
5,20,2,51,9,17,0,1.019122,0.99445,0.999254,44,0,667,100,100,0,0,2,100,-100,0,-100,1,160,21,496,42,0,0,6152,378,0,14,0,1979,484,0,28,0,1054,1,0,12,0,466,24,0,17,0,57,385,68,32,0,0,299,6,3,0,0,3,3,0,0
5,20,3,68,9,17,0,1.016395,0.981689,0.997567,62,1,917,100,100,0,0,2,-100,100,-100,0,1,160,21,273,57,0,0,6152,330,0,19,0,1979,466,0,38,0,1054,0,0,0,0,466,0,0,27,0,57,727,108,23,0,0,242,0,2,0,0,2,2,0,0
5,21,0,24,11,11,0,1.036356,1.03088,0.994369,16,0,667,100,100,0,0,2,0,-100,100,-100,1,160,22,397,15,0,0,6080,390,0,5,0,2009,302,0,10,0,920,0,0,6,0,536,0,0,0,0,47,354,0,15,0,0,170,3,2,0,0,2,2,0,0
5,21,1,40,11,11,0,1.020944,1.025446,0.969574,35,0,667,100,100,0,0,2,-100,0,-100,100,1,160,22,339,18,0,0,6080,337,0,6,0,2009,336,0,12,0,920,10,0,34,0,536,0,0,17,0,47,453,68,44,0,0,300,17,2,0,0,2,2,0,0
5,21,2,49,11,11,0,1.022105,0.999346,1.002101,44,0,667,100,100,0,0,2,100,-100,0,-100,1,160,22,522,42,0,0,6080,417,0,14,0,2009,498,0,28,0,920,23,0,30,0,536,9,0,15,0,47,403,60,48,0,0,312,15,2,0,0,2,2,0,0
5,21,3,70,11,11,0,1.012071,0.980368,0.994945,64,1,917,100,100,0,0,2,-100,100,-100,0,1,160,22,305,60,0,0,6080,386,0,20,0,2009,483,0,40,0,920,1,0,44,0,536,0,0,0,0,47,693,0,66,0,0,263,22,1,0,0,1,1,0,0
5,22,0,22,9,14,0,1.036133,1.037182,0.999868,15,0,667,100,100,0,0,2,0,-100,100,-100,1,160,40,413,21,0,0,6168,359,0,7,0,2003,309,0,14,0,958,1,0,2,0,520,0,0,0,0,0,373,0,15,0,0,168,1,3,0,0,3,3,0,0
5,22,1,42,9,14,0,1.028439,1.025369,0.966732,35,0,667,100,100,0,0,2,-100,0,-100,100,1,160,40,350,21,0,0,6168,370,0,7,0,2003,343,0,14,0,958,8,0,34,0,520,0,0,6,0,0,453,24,45,0,0,315,17,2,0,0,2,2,0,0
5,22,2,47,9,14,0,1.023033,0.994251,1.001873,44,0,667,100,100,0,0,2,100,-100,0,-100,1,160,40,540,39,0,0,6168,355,0,13,0,2003,511,0,26,0,958,31,0,30,0,520,0,0,15,0,0,462,60,45,0,0,326,15,1,0,0,1,1,0,0
5,22,3,67,9,14,0,1.011029,0.978032,0.996032,60,1,917,100,100,0,0,2,-100,100,-100,0,1,160,40,317,54,0,0,6168,442,0,18,0,2003,501,0,36,0,958,0,0,42,0,520,0,0,3,0,0,670,12,66,0,0,281,21,3,0,0,3,3,0,0
5,23,0,24,10,29,0,1.036504,1.032375,1.005021,17,0,667,100,100,0,0,2,0,-100,100,-100,1,160,33,436,24,0,0,6216,329,0,8,0,2000,317,0,16,0,1020,0,0,4,0,452,0,0,3,0,82,384,12,16,0,0,168,2,2,0,0,2,2,0,0
5,23,1,39,10,29,0,1.029486,1.026277,0.962697,33,0,667,100,100,0,0,2,-100,0,-100,100,1,160,33,362,27,0,0,6216,399,0,9,0,2000,352,0,18,0,1020,0,0,20,0,452,8,0,16,0,82,482,64,35,0,0,322,10,3,0,0,3,3,0,0
5,23,2,48,10,29,0,1.022678,0.989102,0.999393,44,1,917,100,100,0,0,2,100,-100,0,-100,1,160,33,568,42,0,0,6216,390,0,14,0,2000,525,0,28,0,1020,16,0,28,0,452,22,0,14,0,82,440,56,78,0,0,305,14,35,0,0,1,1,0,0
5,23,3,48,10,29,0,1.020737,0.970775,0.993533,42,1,917,100,100,0,0,2,-100,100,-100,0,1,160,33,336,51,0,0,6216,358,0,17,0,2000,518,0,34,0,1020,1,0,20,0,452,10,0,11,0,82,706,44,39,0,0,290,10,1,0,0,1,1,0,0
5,24,0,27,11,12,0,1.045003,1.027896,1.004883,18,0,667,100,100,0,0,2,0,-100,100,-100,1,160,33,457,21,0,0,6312,354,0,7,0,2000,321,0,14,0,931,1,0,8,0,536,0,0,0,0,35,378,0,21,0,0,169,4,3,0,0,3,3,0,0
5,24,1,37,11,12,0,1.029815,1.022235,0.960138,34,0,667,100,100,0,0,2,-100,0,-100,100,1,160,33,362,21,0,0,6312,353,0,7,0,2000,356,0,14,0,931,3,0,32,0,536,0,0,8,0,35,507,32,41,0,0,337,16,1,0,0,1,1,0,0
5,24,2,50,11,12,0,1.025631,0.987519,0.998929,44,1,917,100,100,0,0,2,100,-100,0,-100,1,160,33,590,42,0,0,6312,328,0,14,0,2000,539,0,28,0,931,35,0,28,0,536,8,0,14,0,35,486,56,44,0,0,318,14,1,0,0,1,1,0,0
5,24,3,44,11,12,0,1.024244,0.973734,0.987674,37,1,917,100,100,0,0,2,-100,100,-100,0,1,160,33,389,54,0,0,6312,316,0,18,0,2000,536,0,36,0,931,16,0,20,0,536,0,0,10,0,35,722,40,42,0,0,298,10,2,0,0,2,2,0,0
5,25,0,25,7,9,0,1.044904,1.03085,1.004156,19,0,667,100,100,0,0,2,0,-100,100,-100,1,160,18,479,21,0,0,6136,368,0,7,0,2015,325,0,14,0,1014,0,0,4,0,513,0,0,1,0,61,388,4,15,0,0,169,2,2,0,0,2,2,0,0
5,25,1,36,7,9,0,1.034514,1.017579,0.961149,32,0,667,100,100,0,0,2,-100,0,-100,100,1,160,18,366,15,0,0,6136,383,0,5,0,2015,361,0,10,0,1014,1,0,14,0,513,0,0,4,0,61,523,16,21,0,0,343,7,1,0,0,1,1,0,0
5,25,2,51,7,9,0,1.02476,0.987118,0.997739,45,1,917,100,100,0,0,2,100,-100,0,-100,1,160,18,612,42,0,0,6136,360,0,14,0,2015,553,0,28,0,1014,25,0,34,0,513,0,0,16,0,61,505,64,54,0,0,332,17,3,0,0,3,3,0,0
5,25,3,44,7,9,0,1.020966,0.970637,0.988793,38,1,917,100,100,0,0,2,-100,100,-100,0,1,160,18,433,51,0,0,6136,295,0,17,0,2015,550,0,34,0,1014,11,0,24,0,513,0,0,6,0,61,722,24,45,0,0,308,12,2,0,0,2,2,0,0
5,26,0,25,12,8,0,1.037095,1.024545,1.005264,19,0,667,100,100,0,0,2,0,-100,100,-100,1,160,44,497,21,0,0,6256,336,0,7,0,2018,329,0,14,0,1050,0,0,0,0,492,0,0,2,0,37,416,8,11,0,0,167,0,2,0,0,2,2,0,0
5,26,1,36,12,8,0,1.039659,1.011999,0.959821,31,1,917,100,100,0,0,2,-100,0,-100,100,1,160,44,365,15,0,0,6256,342,0,5,0,2018,366,0,10,0,1050,1,0,4,0,492,0,0,10,0,37,551,40,47,0,0,309,2,36,0,0,2,2,0,0
5,26,2,52,12,8,0,1.023905,0.986748,0.993589,46,1,917,100,100,0,0,2,100,-100,0,-100,1,160,44,638,45,0,0,6256,374,0,15,0,2018,568,0,30,0,1050,4,0,30,0,492,4,0,15,0,37,525,60,49,0,0,345,15,2,0,0,2,2,0,0
5,26,3,47,12,8,0,1.023583,0.970643,0.990488,39,1,917,100,100,0,0,2,-100,100,-100,0,1,160,44,473,48,0,0,6256,283,0,16,0,2018,566,0,32,0,1050,0,0,20,0,492,0,0,13,0,37,755,52,40,0,0,316,10,2,0,0,2,2,0,0
5,27,0,26,15,10,0,1.04549,1.018155,1.000914,19,0,667,100,100,0,0,2,0,-100,100,-100,1,160,17,517,15,0,0,6152,354,0,5,0,2006,334,0,10,0,1026,0,0,4,0,505,0,0,1,0,69,427,4,13,0,0,167,2,2,0,0,2,2,0,0
5,27,1,36,15,10,0,1.042284,1.007223,0.961806,31,1,917,100,100,0,0,2,-100,0,-100,100,1,160,17,378,21,0,0,6152,371,0,7,0,2006,373,0,14,0,1026,1,0,2,0,505,0,0,9,0,69,591,36,13,0,0,308,1,2,0,0,2,2,0,0
5,27,2,52,15,10,0,1.023561,0.986594,0.991017,45,1,917,100,100,0,0,2,100,-100,0,-100,1,160,17,665,45,0,0,6152,387,0,15,0,2006,583,0,30,0,1026,7,0,26,0,505,0,0,11,0,69,533,44,45,0,0,356,13,2,0,0,2,2,0,0
5,27,3,51,15,10,0,1.027922,0.968603,0.989181,39,2,1167,100,100,0,0,2,-100,100,-100,0,1,160,17,511,48,0,0,6152,268,0,16,0,2006,582,0,32,0,1026,1,0,10,0,505,1,0,13,0,69,762,52,66,0,0,284,5,37,0,0,3,3,0,0
5,28,0,25,10,24,0,1.053223,1.022316,1.002402,18,0,667,100,100,0,0,2,0,-100,100,-100,1,160,30,530,12,0,0,6304,372,0,4,0,2012,338,0,8,0,1072,0,0,0,0,395,0,0,10,0,8,484,40,10,0,0,164,0,3,0,0,3,3,0,0
5,28,1,34,10,24,0,1.044352,1.003345,0.962924,30,1,917,100,100,0,0,2,-100,0,-100,100,1,160,30,389,21,0,0,6304,328,0,7,0,2012,380,0,14,0,1072,1,0,0,0,395,12,0,16,0,8,678,64,11,0,0,306,0,2,0,0,2,2,0,0
5,28,2,46,10,24,0,1.020393,0.979014,0.983909,38,1,917,100,100,0,0,2,100,-100,0,-100,1,160,30,688,42,0,0,6304,321,0,14,0,2012,597,0,28,0,1072,1,0,6,0,395,47,0,8,0,8,558,32,24,0,0,357,3,2,0,0,2,2,0,0
5,28,3,46,10,24,0,1.02219,0.962225,0.988241,38,2,1167,100,100,0,0,2,-100,100,-100,0,1,160,30,546,54,0,0,6304,247,0,18,0,2012,600,0,36,0,1072,1,0,0,0,395,25,0,12,0,8,806,48,22,0,0,282,0,2,0,0,2,2,0,0
5,29,0,23,11,12,0,1.059809,1.022287,1.007466,18,0,667,100,100,0,0,2,0,-100,100,-100,1,160,25,537,12,0,0,6224,343,0,4,0,2009,342,0,8,0,986,0,0,2,0,530,0,0,6,0,39,541,24,10,0,0,163,1,2,0,0,2,2,0,0
5,29,1,32,11,12,0,1.048585,1.006289,0.96164,30,1,917,100,100,0,0,2,-100,0,-100,100,1,160,25,409,21,0,0,6224,351,0,7,0,2009,387,0,14,0,986,1,0,16,0,530,0,0,12,0,39,722,48,25,0,0,313,8,1,0,0,1,1,0,0
5,29,2,49,11,12,0,1.021455,0.980961,0.982982,38,1,917,100,100,0,0,2,100,-100,0,-100,1,160,25,718,42,0,0,6224,317,0,14,0,2009,611,0,28,0,986,22,0,20,0,530,37,0,10,0,39,567,40,40,0,0,364,10,3,0,0,3,3,0,0
5,29,3,46,11,12,0,1.024931,0.960689,0.986153,37,2,1167,100,100,0,0,2,-100,100,-100,0,1,160,25,595,57,0,0,6224,238,0,19,0,2009,619,0,38,0,986,4,0,24,0,530,13,0,12,0,39,820,48,49,0,0,291,12,3,0,0,3,3,0,0
5,30,0,22,4,4,0,1.058091,1.021697,1.009162,19,0,667,100,100,0,0,2,0,-100,100,-100,1,160,45,551,12,0,0,6184,356,0,4,0,2057,343,0,8,0,1028,1,0,2,0,486,0,0,2,0,60,563,8,10,0,0,162,1,2,0,0,2,2,0,0
5,30,1,31,4,4,0,1.051048,1.005496,0.964595,30,2,1167,100,100,0,0,2,-100,0,-100,100,1,160,45,425,21,0,0,6184,360,0,7,0,2057,382,0,14,0,1028,0,0,6,0,486,0,0,13,0,60,748,52,47,0,0,282,3,34,0,0,0,0,0,0
5,30,2,50,4,4,0,1.023544,0.981068,0.981021,41,1,917,100,100,0,0,2,100,-100,0,-100,1,160,45,745,42,0,0,6184,326,0,14,0,2057,619,0,28,0,1028,13,0,28,0,486,46,0,14,0,60,588,56,50,0,0,374,14,4,0,0,4,4,0,0
5,30,3,47,4,4,0,1.027828,0.960822,0.98515,39,2,1167,100,100,0,0,2,-100,100,-100,0,1,160,45,634,57,0,0,6184,229,0,19,0,2057,614,0,38,0,1028,1,0,20,0,486,10,0,15,0,60,851,60,45,0,0,298,10,3,0,0,3,3,0,0
5,31,0,21,7,17,0,1.056249,1.024187,1.002338,19,1,917,100,100,0,0,2,0,-100,100,-100,1,160,45,553,12,0,0,6224,330,0,4,0,2009,347,0,8,0,1019,1,0,2,0,466,0,0,10,0,124,564,40,42,0,0,128,1,35,0,0,1,1,0,0
5,31,1,30,7,17,0,1.054331,1.006501,0.961548,28,2,1167,100,100,0,0,2,-100,0,-100,100,1,160,45,439,24,0,0,6224,369,0,8,0,2009,390,0,16,0,1019,1,0,2,0,466,12,0,12,0,124,784,48,12,0,0,282,1,1,0,0,1,1,0,0
5,31,2,51,7,17,0,1.024886,0.980413,0.982035,44,1,917,100,100,0,0,2,100,-100,0,-100,1,160,45,774,45,0,0,6224,333,0,15,0,2009,631,0,30,0,1019,14,0,28,0,466,60,0,14,0,124,598,56,49,0,0,385,14,3,0,0,3,3,0,0
5,31,3,38,7,17,0,1.031411,0.955262,0.977243,33,2,1167,100,100,0,0,2,-100,100,-100,0,1,160,45,645,33,0,0,6224,227,0,11,0,2009,625,0,22,0,1019,0,0,20,0,466,4,0,14,0,124,877,56,33,0,0,307,10,1,0,0,1,1,0,0
5,32,0,21,6,13,0,1.049646,1.017109,1.009316,18,1,917,100,100,0,0,2,0,-100,100,-100,1,160,49,564,12,0,0,6240,337,0,4,0,2024,351,0,8,0,1071,1,0,0,0,455,0,0,6,0,114,585,24,6,0,0,127,0,1,0,0,1,1,0,0
5,32,1,26,6,13,0,1.06702,1.005467,0.961753,24,2,1167,100,100,0,0,2,-100,0,-100,100,1,160,49,450,21,0,0,6240,332,0,7,0,2024,397,0,14,0,1071,1,0,0,0,455,17,0,10,0,114,823,40,9,0,0,281,0,1,0,0,1,1,0,0
5,32,2,50,6,13,0,1.022024,0.974101,0.979311,45,2,1167,100,100,0,0,2,100,-100,0,-100,1,160,49,797,45,0,0,6240,339,0,15,0,2024,643,0,30,0,1071,0,0,14,0,455,86,0,13,0,114,586,52,67,0,0,356,7,36,0,0,2,2,0,0
5,32,3,36,6,13,0,1.036788,0.947084,0.979363,31,2,1167,100,100,0,0,2,-100,100,-100,0,1,160,49,667,36,0,0,6240,233,0,12,0,2024,637,0,24,0,1071,1,0,0,0,455,12,0,13,0,114,918,52,16,0,0,305,0,2,0,0,2,2,0,0
5,33,0,20,9,7,0,1.060158,1.016505,1.004001,17,1,917,100,100,0,0,2,0,-100,100,-100,1,160,17,577,9,0,0,6208,337,0,3,0,2033,354,0,6,0,1007,1,0,6,0,501,0,0,9,0,73,634,36,11,0,0,129,3,1,0,0,1,1,0,0
5,33,1,27,9,7,0,1.072224,0.999854,0.963728,24,2,1167,100,100,0,0,2,-100,0,-100,100,1,160,17,474,21,0,0,6208,339,0,7,0,2033,404,0,14,0,1007,0,0,16,0,501,8,0,9,0,73,845,36,25,0,0,288,8,1,0,0,1,1,0,0
5,33,2,52,9,7,0,1.023106,0.974813,0.981693,46,2,1167,100,100,0,0,2,100,-100,0,-100,1,160,17,836,45,0,0,6208,346,0,15,0,2033,655,0,30,0,1007,2,0,28,0,501,88,0,14,0,73,610,56,45,0,0,369,14,1,0,0,1,1,0,0
5,33,3,36,9,7,0,1.039428,0.946962,0.979025,32,2,1167,100,100,0,0,2,-100,100,-100,0,1,160,17,699,36,0,0,6208,241,0,12,0,2033,649,0,24,0,1007,0,0,12,0,501,9,0,13,0,73,959,52,26,0,0,310,6,1,0,0,1,1,0,0
5,34,0,19,11,12,0,1.059323,1.010711,0.99459,15,1,917,100,100,0,0,2,0,-100,100,-100,1,160,32,584,3,0,0,6192,340,0,1,0,2090,352,0,2,0,950,0,0,16,0,536,0,0,0,0,73,639,0,19,0,0,136,8,1,0,0,1,1,0,0
5,34,1,26,11,12,0,1.075766,0.987671,0.964448,21,2,1167,100,100,0,0,2,-100,0,-100,100,1,160,32,495,24,0,0,6192,344,0,8,0,2090,400,0,16,0,950,2,0,16,0,536,0,0,8,0,73,860,32,26,0,0,295,8,1,0,0,1,1,0,0
5,34,2,52,11,12,0,1.024937,0.978083,0.985158,46,2,1167,100,100,0,0,2,100,-100,0,-100,1,160,32,866,45,0,0,6192,359,0,15,0,2090,643,0,30,0,950,26,0,30,0,536,73,0,15,0,73,636,60,49,0,0,382,15,2,0,0,2,2,0,0
5,34,3,37,11,12,0,1.041909,0.945484,0.980984,31,2,1167,100,100,0,0,2,-100,100,-100,0,1,160,32,737,39,0,0,6192,256,0,13,0,2090,647,0,26,0,950,0,0,18,0,536,0,0,9,0,73,975,36,35,0,0,317,9,2,0,0,2,2,0,0
5,35,0,17,9,14,0,1.062072,1.004296,0.989266,13,1,917,100,100,0,0,2,0,-100,100,-100,1,160,37,585,6,0,0,6184,335,0,2,0,2039,354,0,4,0,999,0,0,8,0,518,0,0,3,0,70,658,12,14,0,0,138,4,2,0,0,2,2,0,0
5,35,1,28,9,14,0,1.075491,0.981448,0.968921,22,2,1167,100,100,0,0,2,-100,0,-100,100,1,160,37,518,24,0,0,6184,350,0,8,0,2039,405,0,16,0,999,0,0,14,0,518,0,0,7,0,70,871,28,26,0,0,300,7,2,0,0,2,2,0,0
5,35,2,46,9,14,0,1.021404,0.972693,0.983146,40,2,1167,100,100,0,0,2,100,-100,0,-100,1,160,37,891,39,0,0,6184,382,0,13,0,2039,656,0,26,0,999,20,0,34,0,518,56,0,17,0,70,671,68,51,0,0,397,17,2,0,0,2,2,0,0
5,35,3,38,9,14,0,1.047205,0.94441,0.976083,30,3,1417,100,100,0,0,2,-100,100,-100,0,1,160,37,773,39,0,0,6184,270,0,13,0,2039,660,0,26,0,999,0,0,2,0,518,0,0,8,0,70,972,32,53,0,0,282,1,36,0,0,2,2,0,0
5,36,0,17,13,8,0,1.067204,1.00566,0.991551,14,1,917,100,100,0,0,2,0,-100,100,-100,1,160,32,592,6,0,0,6288,324,0,2,0,2033,356,0,4,0,1072,0,0,0,0,449,10,0,8,0,88,693,32,4,0,0,137,0,1,0,0,1,1,0,0
5,36,1,28,13,8,0,1.076604,0.973767,0.96304,21,2,1167,100,100,0,0,2,-100,0,-100,100,1,160,32,545,24,0,0,6288,362,0,8,0,2033,413,0,16,0,1072,0,0,0,0,449,15,0,9,0,88,902,36,12,0,0,298,0,2,0,0,2,2,0,0
5,36,2,49,13,8,0,1.02349,0.972008,0.985796,41,2,1167,100,100,0,0,2,100,-100,0,-100,1,160,32,918,39,0,0,6288,323,0,13,0,2033,669,0,26,0,1072,0,0,20,0,449,59,0,18,0,88,729,72,37,0,0,405,10,2,0,0,2,2,0,0
5,36,3,40,13,8,0,1.050414,0.940299,0.975337,31,3,1417,100,100,0,0,2,-100,100,-100,0,1,160,32,807,39,0,0,6288,275,0,13,0,2033,673,0,26,0,1072,0,0,0,0,449,3,0,15,0,88,1026,60,17,0,0,280,0,2,0,0,2,2,0,0
5,37,0,15,11,7,0,1.078005,1.007896,0.993269,13,1,917,100,100,0,0,2,0,-100,100,-100,1,160,21,600,6,0,0,6200,321,0,2,0,2036,358,0,4,0,991,0,0,12,0,516,7,0,7,0,42,720,28,16,0,0,142,6,1,0,0,1,1,0,0
5,37,1,30,11,7,0,1.081268,0.965877,0.96429,21,2,1167,100,100,0,0,2,-100,0,-100,100,1,160,21,569,21,0,0,6200,327,0,7,0,2036,420,0,14,0,991,1,0,20,0,516,10,0,10,0,42,943,40,33,0,0,305,10,3,0,0,3,3,0,0
5,37,2,49,11,7,0,1.026149,0.972163,0.98989,40,2,1167,100,100,0,0,2,100,-100,0,-100,1,160,21,937,39,0,0,6200,357,0,13,0,2036,679,0,26,0,991,1,0,30,0,516,46,0,20,0,42,784,80,49,0,0,417,15,3,0,0,3,3,0,0
5,37,3,44,11,7,0,1.052471,0.938092,0.971366,33,3,1417,100,100,0,0,2,-100,100,-100,0,1,160,21,847,42,0,0,6200,301,0,14,0,2036,687,0,28,0,991,1,0,16,0,516,0,0,7,0,42,1037,28,38,0,0,284,8,4,0,0,4,4,0,0
5,38,0,14,9,8,0,1.081581,0.998156,0.985887,12,1,917,100,100,0,0,2,0,-100,100,-100,1,160,36,606,6,0,0,6176,320,0,2,0,2027,360,0,4,0,970,3,0,12,0,530,1,0,6,0,61,734,24,16,0,0,147,6,1,0,0,1,1,0,0
5,38,1,30,9,8,0,1.084909,0.963354,0.960189,21,2,1167,100,100,0,0,2,-100,0,-100,100,1,160,36,591,27,0,0,6176,320,0,9,0,2027,429,0,18,0,970,15,0,16,0,530,2,0,8,0,61,956,32,31,0,0,310,8,3,0,0,3,3,0,0
5,38,2,46,9,8,0,1.026917,0.970806,0.988179,40,2,1167,100,100,0,0,2,100,-100,0,-100,1,160,36,956,39,0,0,6176,391,0,13,0,2027,692,0,26,0,970,1,0,36,0,530,25,0,21,0,61,837,84,55,0,0,432,18,3,0,0,3,3,0,0
5,38,3,49,9,8,0,1.054411,0.939115,0.96992,37,3,1417,100,100,0,0,2,-100,100,-100,0,1,160,36,886,45,0,0,6176,322,0,15,0,2027,702,0,30,0,970,1,0,18,0,530,0,0,6,0,61,1047,24,41,0,0,289,9,4,0,0,4,4,0,0
5,39,0,13,19,6,0,1.080616,1.006484,0.990962,11,1,917,100,100,0,0,2,0,-100,100,-100,1,160,18,617,9,0,0,6264,319,0,3,0,2021,363,0,6,0,987,3,0,8,0,512,3,0,4,0,35,743,16,13,0,0,150,4,1,0,0,1,1,0,0
5,39,1,35,19,6,0,1.085197,0.950923,0.960688,23,2,1167,100,100,0,0,2,-100,0,-100,100,1,160,18,625,33,0,0,6264,311,0,11,0,2021,437,0,22,0,987,22,0,16,0,512,0,0,6,0,35,957,24,33,0,0,315,8,3,0,0,3,3,0,0
5,39,2,51,19,6,0,1.030235,0.967012,0.985814,42,2,1167,100,100,0,0,2,100,-100,0,-100,1,160,18,989,36,0,0,6264,333,0,12,0,2021,704,0,24,0,987,1,0,36,0,512,4,0,21,0,35,933,84,52,0,0,448,18,2,0,0,2,2,0,0
5,39,3,53,19,6,0,1.057377,0.94058,0.971527,40,3,1417,100,100,0,0,2,-100,100,-100,0,1,160,18,923,45,0,0,6264,346,0,15,0,2021,717,0,30,0,987,1,0,18,0,512,0,0,11,0,35,1071,44,41,0,0,294,9,4,0,0,4,4,0,0
5,40,0,13,12,5,0,1.080596,1.01241,0.992258,11,1,917,100,100,0,0,2,0,-100,100,-100,1,160,24,628,9,0,0,6128,319,0,3,0,2021,363,0,6,0,970,12,0,6,0,536,0,0,3,0,57,747,12,11,0,0,152,3,1,0,0,1,1,0,0
5,40,1,38,12,5,0,1.085795,0.953741,0.958661,25,2,1167,100,100,0,0,2,-100,0,-100,100,1,160,24,663,36,0,0,6128,320,0,12,0,2021,446,0,24,0,970,25,0,24,0,536,0,0,0,0,57,926,0,46,0,0,322,12,5,0,0,5,5,0,0
5,40,2,52,12,5,0,1.035495,0.966371,0.985071,43,3,1417,100,100,0,0,2,100,-100,0,-100,1,160,24,1007,36,0,0,6128,374,0,12,0,2021,713,0,24,0,970,0,0,40,0,536,0,0,4,0,57,882,16,94,0,0,430,20,38,0,0,4,4,0,0
5,40,3,56,12,5,0,1.062141,0.938937,0.973352,42,3,1417,100,100,0,0,2,-100,100,-100,0,1,160,24,961,48,0,0,6128,373,0,16,0,2021,733,0,32,0,970,0,0,22,0,536,0,0,0,0,57,1057,0,48,0,0,300,11,5,0,0,5,5,0,0
7,1,0,96,9,22,0,0.995621,0.991281,1.005678,0,0,667,100,100,0,0,2,0,-100,-100,100,1,160,1,105,72,0,0,5600,410,0,24,0,1856,124,0,48,0,793,24,0,100,0,536,0,0,50,0,0,206,200,158,0,0,33,50,17,0,0,17,17,0,0
7,1,1,96,9,22,0,0.996299,0.990939,1.004304,0,0,667,100,100,0,0,2,-100,0,100,-100,1,160,1,100,69,0,0,5600,395,0,23,0,1856,123,0,46,0,793,34,0,96,0,536,2,0,48,0,0,207,192,153,0,0,31,48,17,0,0,17,17,0,0
7,1,2,98,9,22,0,0.999174,0.990834,1.004653,0,0,667,100,100,0,0,2,-100,100,0,-100,1,160,1,108,75,0,0,5600,393,0,25,0,1856,122,0,50,0,793,35,0,96,0,536,2,0,48,0,0,209,192,155,0,0,31,48,17,0,0,17,17,0,0
7,1,3,97,9,22,0,0.993135,0.988722,1.004913,0,0,667,100,100,0,0,2,100,-100,-100,0,1,160,1,103,72,0,0,5600,402,0,24,0,1856,124,0,48,0,793,28,0,98,0,536,1,0,49,0,0,208,196,156,0,0,32,49,17,0,0,17,17,0,0
7,2,0,92,9,43,0,0.995599,0.988989,1.009435,13,0,667,100,100,0,0,2,0,-100,-100,100,1,160,6,103,57,0,0,5624,495,0,19,0,1853,143,0,38,0,1040,1,0,26,0,415,0,0,24,0,0,257,96,79,0,0,29,13,17,0,0,17,17,0,0
7,2,1,93,9,43,0,0.996445,0.989639,1.002124,13,0,667,100,100,0,0,2,-100,0,100,-100,1,160,6,98,63,0,0,5624,454,0,21,0,1853,144,0,42,0,1040,1,0,38,0,415,0,0,38,0,0,300,152,93,0,0,33,19,17,0,0,17,17,0,0
7,2,2,85,9,43,0,0.995294,0.987348,1.000852,12,0,667,100,100,0,0,2,-100,100,0,-100,1,160,6,78,36,0,0,5624,467,0,12,0,1853,134,0,24,0,1040,0,0,48,0,415,0,0,33,0,0,281,132,94,0,0,38,24,17,0,0,17,17,0,0
7,2,3,83,9,43,0,0.993609,0.985545,1.004783,12,0,667,100,100,0,0,2,100,-100,-100,0,1,160,6,79,39,0,0,5624,484,0,13,0,1853,137,0,26,0,1040,1,0,38,0,415,0,0,31,0,0,281,124,85,0,0,34,19,17,0,0,17,17,0,0
7,3,0,62,11,95,4,0.996297,0.983021,0.998687,27,0,667,95.554767,92.554767,1,1,2,0,-100,-100,100,1,160,18,82,48,0,0,6400,387,0,16,0,1952,159,0,32,0,831,0,0,44,0,536,0,0,0,0,0,186,0,88,0,0,37,22,14,0,0,13,13,0,0
7,3,1,69,11,95,4,0.997369,0.991567,1.006347,28,0,667,100,100,1,1,2,-100,0,100,-100,1,160,18,95,60,0,0,6400,341,0,20,0,1952,164,0,40,0,831,27,0,42,0,536,0,0,0,0,0,233,0,82,0,0,44,21,10,0,0,10,10,0,0
7,3,2,76,11,95,4,0.994852,0.986983,1.004623,21,0,667,100,100,1,1,2,-100,100,0,-100,1,160,18,54,30,0,0,6400,372,0,10,0,1952,144,0,20,0,831,0,0,60,0,536,0,0,0,0,0,206,0,104,0,0,51,30,17,0,0,17,17,0,0
7,3,3,62,11,95,4,0.991199,0.985896,1.007995,24,0,667,100,100,1,1,2,100,-100,-100,0,1,160,18,70,39,0,0,6400,388,0,13,0,1952,150,0,26,0,831,1,0,50,0,536,0,0,0,0,0,201,0,95,0,0,43,25,16,0,0,16,16,0,0
7,4,0,66,17,19,1,0.999198,0.983564,1.00177,37,0,667,98.554767,95.554767,1,1,2,0,-100,-100,100,1,160,1,115,51,0,0,5929,412,0,17,0,1964,176,0,34,0,859,1,0,46,0,536,0,0,0,0,11,135,0,87,0,0,48,23,12,0,0,11,11,0,0
7,4,1,66,17,19,1,1.001718,0.994903,1.006876,35,0,667,100,100,1,1,2,-100,0,100,-100,1,160,1,127,63,0,0,5929,347,0,21,0,1964,185,0,42,0,859,31,0,46,0,536,0,0,0,0,11,164,0,89,0,0,56,23,11,0,0,11,11,0,0
7,4,2,72,17,19,1,0.999576,0.988415,1.007539,35,0,667,100,100,1,1,2,-100,100,0,-100,1,160,1,46,27,0,0,5929,430,0,9,0,1964,153,0,18,0,859,1,0,48,0,536,0,0,0,0,11,155,0,91,0,0,58,24,17,0,0,17,17,0,0
7,4,3,63,17,19,1,0.990461,0.98435,1.008399,37,0,667,100,100,1,1,2,100,-100,-100,0,1,160,1,83,39,0,0,5929,417,0,13,0,1964,163,0,26,0,859,1,0,46,0,536,0,0,0,0,11,149,0,81,0,0,55,23,11,0,0,11,11,0,0
7,5,0,60,11,30,0,1.002075,0.982059,1.002857,46,0,667,100,98.554767,1,1,2,0,-100,-100,100,1,160,7,132,48,0,0,6304,330,0,16,0,1961,192,0,32,0,952,0,0,26,0,536,0,0,0,0,13,109,0,56,0,0,54,13,7,0,0,6,6,0,0
7,5,1,64,11,30,0,1.000286,0.990095,1.009378,43,0,667,100,100,1,1,2,-100,0,100,-100,1,160,7,151,57,0,0,6304,350,0,19,0,1961,204,0,38,0,952,25,0,44,0,536,0,0,0,0,13,101,0,81,0,0,69,22,9,0,0,9,9,0,0
7,5,2,60,11,30,0,0.99676,0.996191,1.010046,44,0,667,100,100,1,1,2,-100,100,0,-100,1,160,7,46,24,0,0,6304,350,0,8,0,1961,161,0,16,0,952,1,0,28,0,536,0,0,0,0,13,128,0,52,0,0,64,14,8,0,0,8,8,0,0
7,5,3,64,11,30,0,0.991279,0.985846,1.007541,45,0,667,100,100,1,1,2,100,-100,-100,0,1,160,7,93,42,0,0,6304,340,0,14,0,1961,177,0,28,0,952,1,0,28,0,536,0,0,0,0,13,125,0,58,0,0,61,14,8,0,0,8,8,0,0
7,6,0,50,4,35,0,1.004103,0.990094,1.006039,43,0,667,100,100,1,1,2,0,-100,-100,100,1,160,8,153,48,0,0,5936,358,0,16,0,1967,208,0,32,0,1030,0,0,6,0,448,1,0,18,0,0,158,72,30,0,0,53,3,4,0,0,4,4,0,0
7,6,1,55,4,35,0,1.005983,0.989042,1.01364,43,0,667,100,100,1,1,2,-100,0,100,-100,1,160,8,169,54,0,0,5936,364,0,18,0,1967,222,0,36,0,1030,3,0,34,0,448,9,0,17,0,0,119,68,62,0,0,81,17,5,0,0,5,5,0,0
7,6,2,52,4,35,0,0.991019,0.994134,1.014528,44,0,667,100,100,1,1,2,-100,100,0,-100,1,160,8,42,24,0,0,5936,410,0,8,0,1967,169,0,16,0,1030,1,0,10,0,448,0,0,22,0,0,203,88,26,0,0,65,5,4,0,0,4,4,0,0
7,6,3,60,4,35,0,0.997382,0.979398,1.006539,50,0,667,100,100,1,1,2,100,-100,-100,0,1,160,8,106,42,0,0,5936,382,0,14,0,1967,191,0,28,0,1030,1,0,14,0,448,0,0,21,0,0,198,84,36,0,0,64,7,4,0,0,4,4,0,0
7,7,0,50,8,11,0,1.006522,0.991902,1.007801,46,0,667,100,100,1,1,2,0,-100,-100,100,1,160,32,177,48,0,0,6096,396,0,16,0,1973,224,0,32,0,944,0,0,24,0,536,0,0,1,0,47,124,4,44,0,0,63,12,2,0,0,2,2,0,0
7,7,1,55,8,11,0,1.007411,0.991075,1.011834,45,0,667,100,100,1,1,2,-100,0,100,-100,1,160,32,199,57,0,0,6096,378,0,19,0,1973,241,0,38,0,944,5,0,30,0,536,0,0,9,0,47,110,36,57,0,0,92,15,4,0,0,4,4,0,0
7,7,2,50,8,11,0,0.996296,0.992226,1.01476,44,0,667,100,100,1,1,2,-100,100,0,-100,1,160,32,47,27,0,0,6096,349,0,9,0,1973,178,0,18,0,944,1,0,32,0,536,0,0,0,0,47,192,0,45,0,0,79,16,2,0,0,2,2,0,0
7,7,3,59,8,11,0,0.996143,0.977381,1.009033,51,0,667,100,100,1,1,2,100,-100,-100,0,1,160,32,118,42,0,0,6096,412,0,14,0,1973,202,0,28,0,944,0,0,32,0,536,0,0,0,0,47,180,0,52,0,0,77,16,3,0,0,3,3,0,0
7,8,0,52,12,11,0,1.006522,0.992455,1.008806,48,0,667,100,100,1,1,2,0,-100,-100,100,1,160,11,206,48,0,0,6192,330,0,16,0,1970,240,0,32,0,1017,0,0,22,0,481,0,0,11,0,23,162,44,40,0,0,73,11,1,0,0,1,1,0,0
7,8,1,55,12,11,0,1.005367,0.991641,1.008015,47,0,667,100,100,1,1,2,-100,0,100,-100,1,160,11,234,57,0,0,6192,376,0,19,0,1970,260,0,38,0,1017,1,0,16,0,481,0,0,14,0,23,143,56,41,0,0,97,8,3,0,0,3,3,0,0
7,8,2,50,12,11,0,0.994795,0.991509,1.014719,44,0,667,100,100,1,1,2,-100,100,0,-100,1,160,11,66,27,0,0,6192,402,0,9,0,1970,187,0,18,0,1017,0,0,8,0,481,0,0,14,0,23,254,56,21,0,0,81,4,2,0,0,2,2,0,0
7,8,3,58,12,11,0,0.99423,0.979568,1.008361,51,0,667,100,100,1,1,2,100,-100,-100,0,1,160,11,132,42,0,0,6192,339,0,14,0,1970,216,0,28,0,1017,0,0,14,0,481,0,0,16,0,23,242,64,30,0,0,83,7,1,0,0,1,1,0,0
7,9,0,54,13,9,0,1.005437,0.993597,1.006395,48,0,667,100,100,1,1,2,0,-100,-100,100,1,160,5,240,48,0,0,6128,358,0,16,0,1958,256,0,32,0,1033,1,0,10,0,419,19,0,17,0,41,209,68,30,0,0,76,5,2,0,0,2,2,0,0
7,9,1,57,13,9,0,1.007297,0.988547,1.007618,48,0,667,100,100,1,1,2,-100,0,100,-100,1,160,5,268,57,0,0,6128,374,0,19,0,1958,279,0,38,0,1033,0,0,16,0,419,5,0,16,0,41,184,64,41,0,0,102,8,3,0,0,3,3,0,0
7,9,2,49,13,9,0,0.9929,0.993567,1.013221,43,0,667,100,100,1,1,2,-100,100,0,-100,1,160,5,73,30,0,0,6128,342,0,10,0,1958,197,0,20,0,1033,0,0,4,0,419,10,0,23,0,41,360,92,18,0,0,81,2,2,0,0,2,2,0,0
7,9,3,59,13,9,0,0.996537,0.976983,1.005824,50,0,667,100,100,1,1,2,100,-100,-100,0,1,160,5,159,45,0,0,6128,362,0,15,0,1958,231,0,30,0,1033,1,0,8,0,419,3,0,24,0,41,343,96,29,0,0,84,4,3,0,0,3,3,0,0
7,10,0,54,14,7,0,1.006409,0.994418,1.008092,48,0,667,100,100,1,1,2,0,-100,-100,100,1,160,9,274,48,0,0,5992,392,0,16,0,1964,272,0,32,0,908,9,0,36,0,536,1,0,18,0,46,236,72,56,0,0,92,18,2,0,0,2,2,0,0
7,10,1,62,14,7,0,1.010856,0.984883,1.006108,51,0,667,100,100,1,1,2,-100,0,100,-100,1,160,9,305,57,0,0,5992,394,0,19,0,1964,298,0,38,0,908,3,0,40,0,536,0,0,5,0,46,157,20,65,0,0,119,20,3,0,0,3,3,0,0
7,10,2,51,14,7,0,0.99698,0.995048,1.007717,43,0,667,100,100,1,1,2,-100,100,0,-100,1,160,9,91,30,0,0,5992,387,0,10,0,1964,207,0,20,0,908,1,0,36,0,536,0,0,10,0,46,376,40,50,0,0,97,18,2,0,0,2,2,0,0
7,10,3,59,14,7,0,0.993177,0.974582,1.003025,50,0,667,100,100,1,1,2,100,-100,-100,0,1,160,9,179,42,0,0,5992,393,0,14,0,1964,245,0,28,0,908,1,0,40,0,536,0,0,3,0,46,330,12,60,0,0,101,20,3,0,0,3,3,0,0
7,11,0,51,5,27,0,1.007528,0.994016,1.005775,49,0,667,100,100,1,1,2,0,-100,-100,100,1,160,42,291,48,0,0,6304,322,0,16,0,1964,288,0,32,0,944,11,0,32,0,497,0,0,6,0,7,240,24,50,0,0,107,16,1,0,0,1,1,0,0
7,11,1,60,5,27,0,1.01245,0.986648,1.005749,52,0,667,100,100,1,1,2,-100,0,100,-100,1,160,42,327,57,0,0,6304,401,0,19,0,1964,317,0,38,0,944,1,0,34,0,497,0,0,16,0,7,186,64,59,0,0,133,17,3,0,0,3,3,0,0
7,11,2,49,5,27,0,1.000048,0.996683,1.008021,43,0,667,100,100,1,1,2,-100,100,0,-100,1,160,42,89,30,0,0,6304,326,0,10,0,1964,217,0,20,0,944,1,0,30,0,497,0,0,9,0,7,400,36,46,0,0,109,15,3,0,0,3,3,0,0
7,11,3,44,5,27,0,1.009548,0.973064,1.000865,36,0,667,100,100,1,1,2,100,-100,-100,0,1,160,42,189,45,0,0,6304,319,0,15,0,1964,260,0,30,0,944,11,0,22,0,497,0,0,9,0,7,339,36,43,0,0,109,11,3,0,0,3,3,0,0
7,12,0,54,17,6,0,1.008454,0.990477,1.006883,49,0,667,100,100,1,1,2,0,-100,-100,100,1,160,19,322,45,0,0,6128,352,0,15,0,1976,303,0,30,0,905,22,0,32,0,536,0,0,0,0,45,203,0,49,0,0,122,16,1,0,0,1,1,0,0
7,12,1,62,17,6,0,1.011719,0.987471,1.004905,53,0,667,100,100,1,1,2,-100,0,100,-100,1,160,19,348,54,0,0,6128,323,0,18,0,1976,335,0,36,0,905,11,0,40,0,536,0,0,0,0,45,156,0,64,0,0,150,20,3,0,0,3,3,0,0
7,12,2,52,17,6,0,0.999115,0.995967,1.00465,45,0,667,100,100,1,1,2,-100,100,0,-100,1,160,19,110,30,0,0,6128,379,0,10,0,1976,224,0,20,0,905,0,0,38,0,536,0,0,0,0,45,375,0,52,0,0,126,19,2,0,0,2,2,0,0
7,12,3,47,17,6,0,1.007801,0.972395,0.999554,37,0,667,100,100,1,1,2,100,-100,-100,0,1,160,19,224,42,0,0,6128,317,0,14,0,1976,274,0,28,0,905,22,0,26,0,536,0,0,0,0,45,311,0,46,0,0,119,13,3,0,0,3,3,0,0
7,13,0,56,16,4,0,1.010617,0.991258,1.007993,49,0,667,100,100,1,1,2,0,-100,-100,100,1,160,13,353,48,0,0,6040,370,0,16,0,1970,319,0,32,0,1072,0,0,22,0,383,25,0,17,0,40,247,68,42,0,0,131,11,2,0,0,2,2,0,0
7,13,1,63,16,4,0,1.012417,0.986729,1.002184,55,0,667,100,100,1,1,2,-100,0,100,-100,1,160,13,370,54,0,0,6040,339,0,18,0,1970,353,0,36,0,1072,1,0,10,0,383,21,0,22,0,40,237,88,34,0,0,152,5,3,0,0,3,3,0,0
7,13,2,56,16,4,0,0.998321,0.995209,1.000459,46,0,667,100,100,1,1,2,-100,100,0,-100,1,160,13,123,30,0,0,6040,429,0,10,0,1970,234,0,20,0,1072,0,0,0,0,383,19,0,24,0,40,482,96,16,0,0,123,0,3,0,0,3,3,0,0
7,13,3,52,16,4,0,1.009406,0.980242,1.000566,39,0,667,100,100,1,1,2,100,-100,-100,0,1,160,13,260,42,0,0,6040,320,0,14,0,1970,288,0,28,0,1072,0,0,22,0,383,9,0,16,0,40,355,64,44,0,0,126,11,4,0,0,4,4,0,0
7,14,0,57,10,11,0,1.013818,0.990576,1.007221,51,0,667,100,100,1,1,2,0,-100,-100,100,1,160,15,378,48,0,0,6172,374,0,16,0,2040,317,0,32,0,882,9,0,38,0,536,6,0,19,0,0,299,76,58,0,0,148,19,2,0,0,2,2,0,0
7,14,1,62,10,11,0,1.012644,0.989428,1.004555,56,0,667,100,100,1,1,2,-100,0,100,-100,1,160,15,397,54,0,0,6172,339,0,18,0,2040,344,0,36,0,882,11,0,44,0,536,0,0,21,0,0,289,84,66,0,0,172,22,2,0,0,2,2,0,0
7,14,2,54,10,11,0,1.000771,0.99725,1.000356,46,0,667,100,100,1,1,2,-100,100,0,-100,1,160,15,136,33,0,0,6172,362,0,11,0,2040,233,0,22,0,882,1,0,42,0,536,0,0,19,0,0,529,76,59,0,0,141,21,3,0,0,3,3,0,0
7,14,3,53,10,11,0,1.007262,0.972099,0.999631,41,0,667,100,100,1,1,2,100,-100,-100,0,1,160,15,283,45,0,0,6172,316,0,15,0,2040,284,0,30,0,882,3,0,36,0,536,0,0,9,0,0,366,36,59,0,0,140,18,4,0,0,4,4,0,0
7,15,0,57,13,11,0,1.015744,0.990297,1.006547,50,0,667,100,100,1,1,2,0,-100,-100,100,1,160,21,396,45,0,0,6032,390,0,15,0,1970,329,0,30,0,967,2,0,42,0,428,0,0,21,0,49,340,84,61,0,0,167,21,2,0,0,2,2,0,0
7,15,1,62,13,11,0,1.014042,0.988,1.005479,55,0,667,100,100,1,1,2,-100,0,100,-100,1,160,21,421,51,0,0,6032,356,0,17,0,1970,361,0,34,0,967,0,0,26,0,428,21,0,21,0,49,350,84,47,0,0,183,13,2,0,0,2,2,0,0
7,15,2,55,13,11,0,1.000358,0.996245,1.000046,47,0,667,100,100,1,1,2,-100,100,0,-100,1,160,21,145,33,0,0,6032,409,0,11,0,1970,241,0,22,0,967,1,0,34,0,428,0,0,15,0,49,556,60,51,0,0,155,17,3,0,0,3,3,0,0
7,15,3,54,13,11,0,1.007651,0.971868,0.999251,42,0,667,100,100,1,1,2,100,-100,-100,0,1,160,21,315,48,0,0,6032,319,0,16,0,1970,300,0,32,0,967,1,0,20,0,428,12,0,18,0,49,418,72,44,0,0,146,10,4,0,0,4,4,0,0
7,16,0,59,18,8,0,1.016399,0.986648,1.010168,50,0,667,100,100,1,1,2,0,-100,-100,100,1,160,4,421,42,0,0,6120,423,0,14,0,1967,340,0,28,0,924,1,0,40,0,535,0,0,0,0,6,313,0,60,0,0,184,20,3,0,0,3,3,0,0
7,16,1,65,18,8,0,1.017277,0.991418,1.001549,55,0,667,100,100,1,1,2,-100,0,100,-100,1,160,4,450,48,0,0,6120,374,0,16,0,1967,377,0,32,0,924,3,0,46,0,535,0,0,22,0,6,403,88,68,0,0,203,23,3,0,0,3,3,0,0
7,16,2,59,18,8,0,1.003328,1.000226,0.997598,48,0,667,100,100,1,1,2,-100,100,0,-100,1,160,4,160,36,0,0,6120,342,0,12,0,1967,253,0,24,0,924,1,0,30,0,535,0,0,0,0,6,542,0,48,0,0,167,15,3,0,0,3,3,0,0
7,16,3,55,18,8,0,1.005252,0.968216,0.997538,45,0,667,100,100,1,1,2,100,-100,-100,0,1,160,4,344,48,0,0,6120,329,0,16,0,1967,316,0,32,0,924,0,0,28,0,535,0,0,12,0,6,444,48,52,0,0,156,14,4,0,0,4,4,0,0
7,17,0,60,17,13,0,1.018206,0.98674,1.014692,52,0,667,100,100,1,1,2,0,-100,-100,100,1,160,10,433,45,0,0,6080,349,0,15,0,1961,352,0,30,0,949,0,0,28,0,476,0,0,18,0,5,370,72,49,0,0,195,14,3,0,0,3,3,0,0
7,17,1,68,17,13,0,1.022613,0.993214,0.999014,56,0,667,100,100,1,1,2,-100,0,100,-100,1,160,10,479,54,0,0,6080,387,0,18,0,1961,395,0,36,0,949,8,0,46,0,476,0,0,7,0,5,392,28,72,0,0,222,23,4,0,0,4,4,0,0
7,17,2,57,17,13,0,1.00923,0.999758,0.993782,46,1,917,100,100,1,1,2,-100,100,0,-100,1,160,10,164,24,0,0,6080,403,0,8,0,1961,261,0,16,0,949,0,0,16,0,476,0,0,23,0,5,602,92,66,0,0,137,8,38,0,0,4,4,0,0
7,17,3,57,17,13,0,1.008659,0.972274,0.996891,46,0,667,100,100,1,1,2,100,-100,-100,0,1,160,10,373,45,0,0,6080,355,0,15,0,1961,331,0,30,0,949,0,0,30,0,476,0,0,12,0,5,471,48,51,0,0,168,15,3,0,0,3,3,0,0
7,18,0,62,17,11,0,1.022689,0.985656,1.0183,54,0,667,100,100,1,1,2,0,-100,-100,100,1,160,0,461,51,0,0,6082,380,0,17,0,1976,366,0,34,0,992,1,0,16,0,439,0,0,20,0,0,444,80,37,0,0,201,8,2,0,0,2,2,0,0
7,18,1,69,17,11,0,1.024242,0.993468,1.001185,57,0,667,100,100,1,1,2,-100,0,100,-100,1,160,0,496,51,0,0,6082,406,0,17,0,1976,412,0,34,0,992,1,0,38,0,439,0,0,22,0,0,451,88,63,0,0,237,19,4,0,0,4,4,0,0
7,18,2,56,17,11,0,1.011604,0.996642,0.991524,47,1,917,100,100,1,1,2,-100,100,0,-100,1,160,0,173,24,0,0,6082,338,0,8,0,1976,269,0,16,0,992,1,0,18,0,439,0,0,21,0,0,684,84,32,0,0,143,9,3,0,0,3,3,0,0
7,18,3,61,17,11,0,1.010541,0.967875,0.994458,49,0,667,100,100,1,1,2,100,-100,-100,0,1,160,0,395,48,0,0,6082,383,0,16,0,1976,344,0,32,0,992,1,0,12,0,439,4,0,24,0,0,562,96,36,0,0,170,6,4,0,0,4,4,0,0
7,19,0,63,16,5,0,1.022361,0.985864,1.018076,55,0,667,100,100,1,1,2,0,-100,-100,100,1,160,1,496,57,0,0,6040,419,0,19,0,2014,360,0,38,0,997,0,0,16,0,425,0,0,23,0,3,528,92,41,0,0,206,8,3,0,0,3,3,0,0
7,19,1,71,16,5,0,1.025829,0.990301,0.997827,60,0,667,100,100,1,1,2,-100,0,100,-100,1,160,1,517,54,0,0,6040,319,0,18,0,2014,418,0,36,0,997,0,0,24,0,425,3,0,27,0,3,542,108,50,0,0,245,12,4,0,0,4,4,0,0
7,19,2,59,16,5,0,1.01421,0.993944,0.992306,49,2,1167,100,100,1,1,2,-100,100,0,-100,1,160,1,185,30,0,0,6040,392,0,10,0,2014,270,0,20,0,997,0,0,22,0,425,0,0,27,0,3,753,108,72,0,0,117,11,37,0,0,3,3,0,0
7,19,3,66,16,5,0,1.009238,0.964354,0.995934,52,1,917,100,100,1,1,2,100,-100,-100,0,1,160,1,434,57,0,0,6040,415,0,19,0,2014,341,0,38,0,997,1,0,16,0,425,10,0,25,0,3,606,100,77,0,0,140,8,38,0,0,4,4,0,0
7,20,0,66,18,23,0,1.023957,0.986506,1.018979,57,1,917,100,100,1,1,2,0,-100,-100,100,1,160,7,525,57,0,0,6168,337,0,19,0,1952,376,0,38,0,963,1,0,16,0,455,0,0,21,0,0,574,84,73,0,0,178,8,36,0,0,2,2,0,0
7,20,1,67,18,23,0,1.024469,0.988393,0.996366,58,1,917,100,100,1,1,2,-100,0,100,-100,1,160,7,538,54,0,0,6168,326,0,18,0,1952,436,0,36,0,963,0,0,46,0,455,1,0,23,0,0,553,92,106,0,0,230,23,38,0,0,4,4,0,0
7,20,2,53,18,23,0,1.023952,0.988049,0.99228,42,2,1167,100,100,1,1,2,-100,100,0,-100,1,160,7,180,24,0,0,6168,437,0,8,0,1952,278,0,16,0,963,1,0,20,0,455,10,0,20,0,0,815,80,36,0,0,123,10,4,0,0,4,4,0,0
7,20,3,68,18,23,0,1.011092,0.96442,0.998351,53,1,917,100,100,1,1,2,100,-100,-100,0,1,160,7,464,57,0,0,6168,330,0,19,0,1952,360,0,38,0,963,0,0,26,0,455,0,0,16,0,0,649,64,55,0,0,148,13,5,0,0,5,5,0,0
7,21,0,69,14,27,0,1.025139,0.987425,1.017531,58,1,917,100,100,1,1,2,0,-100,-100,100,1,160,20,556,60,0,0,6032,387,0,20,0,1934,396,0,40,0,871,1,0,42,0,535,0,0,0,0,60,522,0,70,0,0,195,21,4,0,0,4,4,0,0
7,21,1,66,14,27,0,1.025345,0.989221,0.995613,59,1,917,100,100,1,1,2,-100,0,100,-100,1,160,20,566,57,0,0,6032,328,0,19,0,1934,455,0,38,0,871,22,0,42,0,535,0,0,2,0,60,506,8,67,0,0,248,21,3,0,0,3,3,0,0
7,21,2,37,14,27,0,1.02166,0.994711,0.989034,30,2,1167,100,100,1,1,2,-100,100,0,-100,1,160,20,178,27,0,0,6032,375,0,9,0,1934,287,0,18,0,871,47,0,10,0,535,5,0,5,0,60,839,20,23,0,0,126,5,2,0,0,2,2,0,0
7,21,3,69,14,27,0,1.012103,0.967107,0.997399,54,1,917,100,100,1,1,2,100,-100,-100,0,1,160,20,499,63,0,0,6032,377,0,21,0,1934,381,0,42,0,871,1,0,38,0,535,0,0,0,0,60,592,0,69,0,0,162,19,5,0,0,5,5,0,0
7,22,0,68,13,12,0,1.024765,0.984959,1.018085,59,1,917,100,100,1,1,2,0,-100,-100,100,1,160,5,585,57,0,0,6032,427,0,19,0,1943,415,0,38,0,962,1,0,24,0,444,0,0,18,0,0,577,72,51,0,0,203,12,4,0,0,4,4,0,0
7,22,1,67,13,12,0,1.026402,0.990408,0.993202,60,1,917,100,100,1,1,2,-100,0,100,-100,1,160,5,598,54,0,0,6032,332,0,18,0,1943,473,0,36,0,962,12,0,44,0,444,8,0,22,0,0,559,88,66,0,0,268,22,2,0,0,2,2,0,0
7,22,2,35,13,12,0,1.024075,0.987372,0.988314,28,2,1167,100,100,1,1,2,-100,100,0,-100,1,160,5,185,18,0,0,6032,332,0,6,0,1943,293,0,12,0,962,60,0,14,0,444,25,0,7,0,0,874,28,24,0,0,131,7,2,0,0,2,2,0,0
7,22,3,72,13,12,0,1.013252,0.964023,0.995494,58,1,917,100,100,1,1,2,100,-100,-100,0,1,160,5,536,66,0,0,6032,430,0,22,0,1943,400,0,44,0,962,0,0,26,0,444,0,0,17,0,0,636,68,58,0,0,170,13,5,0,0,5,5,0,0
7,23,0,68,10,21,2,1.025362,0.985553,1.017496,60,1,917,100,100,1,1,2,0,-100,-100,100,1,160,43,601,51,0,0,6256,342,0,17,0,1955,432,0,34,0,1058,0,0,2,0,331,15,0,32,0,26,714,128,25,0,0,201,1,3,0,0,3,3,0,0
7,23,1,69,10,21,2,1.032521,0.992445,0.995654,60,1,917,100,100,1,1,2,-100,0,100,-100,1,160,43,616,57,0,0,6256,350,0,19,0,1955,489,0,38,0,1058,1,0,18,0,331,44,0,23,0,26,640,92,41,0,0,275,9,2,0,0,2,2,0,0
7,23,2,33,10,21,2,1.025737,0.983339,0.989419,27,2,1167,100,100,1,1,2,-100,100,0,-100,1,160,43,195,21,0,0,6256,330,0,7,0,1955,300,0,14,0,1058,50,0,14,0,331,68,0,7,0,26,883,28,25,0,0,136,7,2,0,0,2,2,0,0
7,23,3,61,10,21,2,1.017189,0.975475,1.001472,53,1,917,100,100,1,1,2,100,-100,-100,0,1,160,43,547,60,0,0,6256,338,0,20,0,1955,420,0,40,0,1058,1,0,0,0,331,23,0,24,0,26,728,96,28,0,0,166,0,4,0,0,4,4,0,0
7,24,0,68,17,10,0,1.023632,0.983128,1.018061,59,1,917,100,100,1,1,2,0,-100,-100,100,1,160,5,623,51,0,0,6016,361,0,17,0,1955,449,0,34,0,865,0,0,48,0,536,0,0,15,0,108,717,60,71,0,0,222,24,3,0,0,3,3,0,0
7,24,1,71,17,10,0,1.031711,0.992679,0.993358,61,1,917,100,100,1,1,2,-100,0,100,-100,1,160,5,635,54,0,0,6016,383,0,18,0,1955,504,0,36,0,865,13,0,54,0,536,17,0,27,0,108,675,108,80,0,0,298,27,4,0,0,4,4,0,0
7,24,2,36,17,10,0,1.035971,0.975223,0.988125,27,2,1167,100,100,1,1,2,-100,100,0,-100,1,160,5,219,24,0,0,6016,329,0,8,0,1955,308,0,16,0,865,84,0,14,0,536,61,0,7,0,108,887,28,26,0,0,141,7,2,0,0,2,2,0,0
7,24,3,63,17,10,0,1.021879,0.974425,0.998128,54,1,917,100,100,1,1,2,100,-100,-100,0,1,160,5,582,54,0,0,6016,363,0,18,0,1955,438,0,36,0,865,0,0,46,0,536,0,0,23,0,108,757,92,68,0,0,187,23,2,0,0,2,2,0,0
7,25,0,68,14,10,0,1.023539,0.983203,1.019736,59,2,1167,100,100,1,1,2,0,-100,-100,100,1,160,17,644,54,0,0,5984,395,0,18,0,1964,467,0,36,0,927,0,0,16,0,507,0,0,20,0,20,769,80,74,0,0,193,8,37,0,0,3,3,0,0
7,25,1,75,14,10,0,1.034664,0.990112,0.991454,64,1,917,100,100,1,1,2,-100,0,100,-100,1,160,17,654,51,0,0,5984,415,0,17,0,1964,521,0,34,0,927,12,0,56,0,507,0,0,17,0,20,697,68,79,0,0,323,28,3,0,0,3,3,0,0
7,25,2,36,14,10,0,1.039492,0.972272,0.985111,27,2,1167,100,100,1,1,2,-100,100,0,-100,1,160,17,233,24,0,0,5984,341,0,8,0,1964,316,0,16,0,927,107,0,22,0,507,50,0,11,0,20,902,44,38,0,0,148,11,4,0,0,4,4,0,0
7,25,3,63,14,10,0,1.02202,0.971127,0.993225,52,1,917,100,100,1,1,2,100,-100,-100,0,1,160,17,604,51,0,0,5984,395,0,17,0,1964,455,0,34,0,927,1,0,28,0,507,0,0,9,0,20,762,36,53,0,0,197,14,4,0,0,4,4,0,0
7,26,0,69,16,13,0,1.0247,0.983393,1.015765,60,2,1167,100,100,1,1,2,0,-100,-100,100,1,160,9,666,54,0,0,6112,421,0,18,0,1958,485,0,36,0,924,0,0,32,0,536,0,0,0,0,0,759,0,56,0,0,206,16,3,0,0,3,3,0,0
7,26,1,75,16,13,0,1.036722,0.991363,0.990784,64,1,917,100,100,1,1,2,-100,0,100,-100,1,160,9,673,54,0,0,6112,322,0,18,0,1958,539,0,36,0,924,8,0,54,0,536,0,0,0,0,0,658,0,78,0,0,347,27,3,0,0,3,3,0,0
7,26,2,36,16,13,0,1.036375,0.979218,0.983989,29,2,1167,100,100,1,1,2,-100,100,0,-100,1,160,9,246,21,0,0,6112,354,0,7,0,1958,320,0,14,0,924,122,0,20,0,536,40,0,10,0,0,920,40,31,0,0,156,10,2,0,0,2,2,0,0
7,26,3,65,16,13,0,1.026207,0.973222,0.991129,54,1,917,100,100,1,1,2,100,-100,-100,0,1,160,9,634,54,0,0,6112,426,0,18,0,1958,473,0,36,0,924,0,0,32,0,536,0,0,0,0,0,738,0,58,0,0,209,16,4,0,0,4,4,0,0
7,27,0,65,9,30,0,1.02707,0.980304,1.012983,58,2,1167,100,100,1,1,2,0,-100,-100,100,1,160,29,681,54,0,0,6184,334,0,18,0,1961,503,0,36,0,1019,0,0,4,0,419,0,0,26,0,25,869,104,28,0,0,205,2,3,0,0,3,3,0,0
7,27,1,69,9,30,0,1.036915,0.990469,0.989338,60,1,917,100,100,1,1,2,-100,0,100,-100,1,160,29,682,54,0,0,6184,365,0,18,0,1961,554,0,36,0,1019,0,0,20,0,419,0,0,28,0,25,756,112,46,0,0,353,10,4,0,0,4,4,0,0
7,27,2,30,9,30,0,1.038125,0.970207,0.980856,24,2,1167,100,100,1,1,2,-100,100,0,-100,1,160,29,263,24,0,0,6184,382,0,8,0,1961,325,0,16,0,1019,100,0,24,0,419,44,0,12,0,25,939,48,38,0,0,165,12,3,0,0,3,3,0,0
7,27,3,60,9,30,0,1.028075,0.970404,0.990591,51,2,1167,100,100,1,1,2,100,-100,-100,0,1,160,29,656,54,0,0,6184,343,0,18,0,1961,491,0,36,0,1019,0,0,2,0,419,0,0,25,0,25,810,100,60,0,0,173,1,37,0,0,3,3,0,0
7,28,0,55,8,43,0,1.033248,0.980749,1.02266,49,2,1167,100,100,1,1,2,0,-100,-100,100,1,160,47,704,57,0,0,6016,354,0,19,0,2021,508,0,38,0,1024,0,0,4,0,480,0,0,2,0,0,884,8,27,0,0,205,2,2,0,0,2,2,0,0
7,28,1,56,8,43,0,1.03865,0.987949,0.984959,52,1,917,100,100,1,1,2,-100,0,100,-100,1,160,47,695,54,0,0,6016,406,0,18,0,2021,558,0,36,0,1024,1,0,4,0,480,0,0,0,0,0,764,0,24,0,0,354,2,1,0,0,1,1,0,0
7,28,2,23,8,43,0,1.031092,0.971009,0.973664,20,2,1167,100,100,1,1,2,-100,100,0,-100,1,160,47,275,21,0,0,6016,345,0,7,0,2021,317,0,14,0,1024,76,0,26,0,480,31,0,13,0,0,988,52,37,0,0,176,13,2,0,0,2,2,0,0
7,28,3,55,8,43,0,1.028532,0.964644,0.988702,47,2,1167,100,100,1,1,2,100,-100,-100,0,1,160,47,678,54,0,0,6016,393,0,18,0,2021,489,0,36,0,1024,1,0,4,0,480,0,0,4,0,0,832,16,28,0,0,172,2,3,0,0,3,3,0,0
7,29,0,58,12,4,0,1.035167,0.979057,1.018463,51,2,1167,100,100,1,1,2,0,-100,-100,100,1,160,23,747,60,0,0,6232,391,0,20,0,1964,525,0,40,0,1021,1,0,8,0,536,0,0,0,0,21,886,0,32,0,0,207,4,2,0,0,2,2,0,0
7,29,1,58,12,4,0,1.037377,0.984961,0.984029,51,1,917,100,100,1,1,2,-100,0,100,-100,1,160,23,715,48,0,0,6232,334,0,16,0,1964,574,0,32,0,1021,0,0,22,0,536,0,0,0,0,21,757,0,42,0,0,363,11,2,0,0,2,2,0,0
7,29,2,24,12,4,0,1.044236,0.97316,0.972657,21,3,1417,100,100,1,1,2,-100,100,0,-100,1,160,23,303,21,0,0,6232,371,0,7,0,1964,324,0,14,0,1021,61,0,24,0,536,19,0,12,0,21,981,48,67,0,0,153,12,35,0,0,1,1,0,0
7,29,3,57,12,4,0,1.027335,0.963631,0.986558,49,2,1167,100,100,1,1,2,100,-100,-100,0,1,160,23,714,54,0,0,6232,320,0,18,0,1964,507,0,36,0,1021,1,0,12,0,536,0,0,0,0,21,830,0,36,0,0,175,6,3,0,0,3,3,0,0
7,30,0,53,11,25,0,1.037063,0.974058,1.014649,45,2,1167,100,100,1,1,2,0,-100,-100,100,1,160,39,764,42,0,0,6008,415,0,14,0,1961,536,0,28,0,1011,1,0,14,0,536,0,0,0,0,12,885,0,34,0,0,211,7,3,0,0,3,3,0,0
7,30,1,54,11,25,0,1.042273,0.980232,0.979821,46,1,917,100,100,1,1,2,-100,0,100,-100,1,160,39,733,36,0,0,6008,392,0,12,0,1961,586,0,24,0,1011,1,0,20,0,536,0,0,0,0,12,746,0,38,0,0,370,10,3,0,0,3,3,0,0
7,30,2,23,11,25,0,1.046629,0.965352,0.972206,19,3,1417,100,100,1,1,2,-100,100,0,-100,1,160,39,311,18,0,0,6008,341,0,6,0,1961,330,0,12,0,1011,50,0,22,0,536,8,0,11,0,12,1029,44,30,0,0,163,11,1,0,0,1,1,0,0
7,30,3,53,11,25,0,1.030341,0.959111,0.986661,45,2,1167,100,100,1,1,2,100,-100,-100,0,1,160,39,728,42,0,0,6008,377,0,14,0,1961,521,0,28,0,1011,0,0,16,0,536,0,0,0,0,12,824,0,36,0,0,180,8,3,0,0,3,3,0,0
7,31,0,52,9,22,0,1.036483,0.974944,1.013808,47,2,1167,100,100,1,1,2,0,-100,-100,100,1,160,41,778,42,0,0,6200,348,0,14,0,2009,547,0,28,0,1045,0,0,4,0,491,0,0,15,0,25,955,60,22,0,0,211,2,2,0,0,2,2,0,0
7,31,1,45,9,22,0,1.043664,0.978135,0.972509,37,1,917,100,100,1,1,2,-100,0,100,-100,1,160,41,743,39,0,0,6200,325,0,13,0,2009,599,0,26,0,1045,0,0,12,0,491,0,0,9,0,25,774,36,31,0,0,373,6,3,0,0,3,3,0,0
7,31,2,22,9,22,0,1.065157,0.959729,0.973911,17,3,1417,100,100,1,1,2,-100,100,0,-100,1,160,41,328,15,0,0,6200,377,0,5,0,2009,335,0,10,0,1045,35,0,22,0,491,0,0,11,0,25,1051,44,31,0,0,172,11,2,0,0,2,2,0,0
7,31,3,51,9,22,0,1.030233,0.961003,0.982719,45,2,1167,100,100,1,1,2,100,-100,-100,0,1,160,41,742,36,0,0,6200,440,0,12,0,2009,533,0,24,0,1045,1,0,2,0,491,0,0,15,0,25,898,60,18,0,0,179,1,2,0,0,2,2,0,0
7,32,0,56,13,9,0,1.037518,0.97334,1.015704,48,2,1167,100,100,1,1,2,0,-100,-100,100,1,160,13,809,39,0,0,6216,379,0,13,0,2015,557,0,26,0,1009,1,0,14,0,527,0,0,6,0,0,982,24,31,0,0,216,7,2,0,0,2,2,0,0
7,32,1,48,13,9,0,1.046789,0.972298,0.973073,38,2,1167,100,100,1,1,2,-100,0,100,-100,1,160,13,780,42,0,0,6216,346,0,14,0,2015,610,0,28,0,1009,0,0,18,0,527,0,0,0,0,0,736,0,72,0,0,345,9,37,0,0,3,3,0,0
7,32,2,19,13,9,0,1.063308,0.953575,0.982679,15,3,1417,100,100,1,1,2,-100,100,0,-100,1,160,13,348,18,0,0,6216,349,0,6,0,2015,341,0,12,0,1009,28,0,16,0,527,0,0,3,0,0,1063,12,26,0,0,178,8,2,0,0,2,2,0,0
7,32,3,51,13,9,0,1.030602,0.958015,0.982736,45,2,1167,100,100,1,1,2,100,-100,-100,0,1,160,13,755,36,0,0,6216,377,0,12,0,2015,545,0,24,0,1009,1,0,18,0,527,0,0,0,0,0,898,0,34,0,0,186,9,2,0,0,2,2,0,0
7,33,0,53,11,19,0,1.035902,0.975969,1.013094,46,3,1417,100,100,1,1,2,0,-100,-100,100,1,160,10,825,36,0,0,6040,407,0,12,0,2006,569,0,24,0,1060,1,0,6,0,479,0,0,15,0,0,1040,60,56,0,0,183,3,36,0,0,2,2,0,0
7,33,1,46,11,19,0,1.050603,0.969601,0.97244,37,2,1167,100,100,1,1,2,-100,0,100,-100,1,160,10,814,39,0,0,6040,365,0,13,0,2006,623,0,26,0,1060,1,0,2,0,479,0,0,15,0,0,811,60,21,0,0,343,1,3,0,0,3,3,0,0
7,33,2,19,11,19,0,1.067366,0.947645,0.983414,15,3,1417,100,100,1,1,2,-100,100,0,-100,1,160,10,370,15,0,0,6040,373,0,5,0,2006,346,0,10,0,1060,13,0,18,0,479,0,0,6,0,0,1071,24,25,0,0,186,9,1,0,0,1,1,0,0
7,33,3,48,11,19,0,1.028718,0.955637,0.981584,41,2,1167,100,100,1,1,2,100,-100,-100,0,1,160,10,781,42,0,0,6040,440,0,14,0,2006,559,0,28,0,1060,1,0,0,0,479,0,0,12,0,0,956,48,18,0,0,184,0,2,0,0,2,2,0,0
7,34,0,54,12,28,0,1.03627,0.974,1.010332,45,3,1417,100,100,1,1,2,0,-100,-100,100,1,160,29,836,30,0,0,6304,344,0,10,0,2015,579,0,20,0,1003,0,0,28,0,536,0,0,0,0,24,1034,0,42,0,0,195,14,2,0,0,2,2,0,0
7,34,1,48,12,28,0,1.049968,0.964229,0.975336,39,2,1167,100,100,1,1,2,-100,0,100,-100,1,160,29,847,39,0,0,6304,402,0,13,0,2015,636,0,26,0,1003,1,0,18,0,536,0,0,0,0,24,795,0,37,0,0,349,9,3,0,0,3,3,0,0
7,34,2,20,12,28,0,1.074662,0.946876,0.978182,14,3,1417,100,100,1,1,2,-100,100,0,-100,1,160,29,381,12,0,0,6304,350,0,4,0,2015,350,0,8,0,1003,2,0,20,0,536,0,0,0,0,24,1059,0,28,0,0,194,10,2,0,0,2,2,0,0
7,34,3,28,12,28,0,1.036488,0.958144,0.973153,24,2,1167,100,100,1,1,2,100,-100,-100,0,1,160,29,798,42,0,0,6304,378,0,14,0,2015,573,0,28,0,1003,0,0,10,0,536,0,0,0,0,24,954,0,26,0,0,188,5,1,0,0,1,1,0,0
7,35,0,51,8,12,0,1.038167,0.979545,1.012162,44,3,1417,100,100,1,1,2,0,-100,-100,100,1,160,37,851,33,0,0,6272,359,0,11,0,2024,590,0,22,0,1027,1,0,20,0,503,0,0,6,0,22,1053,24,37,0,0,202,10,3,0,0,3,3,0,0
7,35,1,48,8,12,0,1.051781,0.965135,0.976445,41,2,1167,100,100,1,1,2,-100,0,100,-100,1,160,37,863,36,0,0,6272,342,0,12,0,2024,648,0,24,0,1027,1,0,12,0,503,0,0,12,0,22,847,48,30,0,0,352,6,3,0,0,3,3,0,0
7,35,2,21,8,12,0,1.095808,0.944511,0.976521,14,3,1417,100,100,1,1,2,-100,100,0,-100,1,160,37,401,12,0,0,6272,374,0,4,0,2024,354,0,8,0,1027,0,0,8,0,503,0,0,6,0,22,1079,24,16,0,0,196,4,2,0,0,2,2,0,0
7,35,3,26,8,12,0,1.043477,0.942995,0.983744,21,3,1417,100,100,1,1,2,100,-100,-100,0,1,160,37,827,30,0,0,6272,340,0,10,0,2024,583,0,20,0,1027,1,0,2,0,503,0,0,9,0,22,976,36,48,0,0,154,1,35,0,0,1,1,0,0
7,36,0,51,11,12,0,1.037692,0.981502,1.011378,44,3,1417,100,100,1,1,2,0,-100,-100,100,1,160,41,862,33,0,0,6152,369,0,11,0,2036,601,0,22,0,1057,1,0,2,0,494,0,0,15,0,28,1130,60,17,0,0,201,1,2,0,0,2,2,0,0
7,36,1,48,11,12,0,1.053902,0.96268,0.981674,40,2,1167,100,100,1,1,2,-100,0,100,-100,1,160,41,884,33,0,0,6152,379,0,11,0,2036,659,0,22,0,1057,1,0,2,0,494,0,0,12,0,28,912,48,17,0,0,351,1,2,0,0,2,2,0,0
7,36,2,20,11,12,0,1.08675,0.945326,0.97747,13,3,1417,100,100,1,1,2,-100,100,0,-100,1,160,41,411,9,0,0,6152,350,0,3,0,2036,357,0,6,0,1057,0,0,6,0,494,0,0,9,0,28,1134,36,15,0,0,196,3,3,0,0,3,3,0,0
7,36,3,26,11,12,0,1.042686,0.94115,0.98433,20,3,1417,100,100,1,1,2,100,-100,-100,0,1,160,41,853,30,0,0,6152,376,0,10,0,2036,593,0,20,0,1057,0,0,6,0,494,0,0,0,0,28,962,0,20,0,0,155,3,2,0,0,2,2,0,0
7,37,0,48,13,17,0,1.037135,0.979834,1.019814,41,3,1417,100,100,1,1,2,0,-100,-100,100,1,160,25,877,33,0,0,6176,387,0,11,0,2048,609,0,22,0,1051,0,0,4,0,497,0,0,9,0,19,1181,36,19,0,0,201,2,2,0,0,2,2,0,0
7,37,1,48,13,17,0,1.058944,0.958349,0.98289,39,3,1417,100,100,1,1,2,-100,0,100,-100,1,160,25,906,33,0,0,6176,424,0,11,0,2048,667,0,22,0,1051,1,0,0,0,497,0,0,18,0,19,967,72,51,0,0,314,0,37,0,0,3,3,0,0
7,37,2,17,13,17,0,1.093645,0.938002,0.984741,11,3,1417,100,100,1,1,2,-100,100,0,-100,1,160,25,418,6,0,0,6176,368,0,2,0,2048,359,0,4,0,1051,0,0,0,0,497,0,0,3,0,19,1155,12,6,0,0,194,0,2,0,0,2,2,0,0
7,37,3,28,13,17,0,1.04105,0.938309,0.981787,20,3,1417,100,100,1,1,2,100,-100,-100,0,1,160,25,880,27,0,0,6176,341,0,9,0,2048,599,0,18,0,1051,0,0,0,0,497,0,0,9,0,19,1019,36,13,0,0,153,0,2,0,0,2,2,0,0
7,38,0,38,9,21,0,1.030761,0.981084,1.019098,31,3,1417,100,100,1,1,2,0,-100,-100,100,1,160,50,881,33,0,0,6336,328,0,11,0,2080,608,0,22,0,1042,0,0,6,0,522,0,0,3,0,19,1192,12,23,0,0,201,3,3,0,0,3,3,0,0
7,38,1,45,9,21,0,1.059934,0.958131,0.989557,38,3,1417,100,100,1,1,2,-100,0,100,-100,1,160,50,917,33,0,0,6336,365,0,11,0,2080,669,0,22,0,1042,0,0,16,0,522,0,0,3,0,19,977,12,33,0,0,319,8,3,0,0,3,3,0,0
7,38,2,16,9,21,0,1.097395,0.942682,0.96735,10,3,1417,100,100,1,1,2,-100,100,0,-100,1,160,50,425,6,0,0,6336,349,0,2,0,2080,358,0,4,0,1042,1,0,2,0,522,0,0,0,0,19,1178,0,8,0,0,193,1,2,0,0,2,2,0,0
7,38,3,30,9,21,0,1.043173,0.937523,0.980374,21,3,1417,100,100,1,1,2,100,-100,-100,0,1,160,50,912,30,0,0,6336,367,0,10,0,2080,595,0,20,0,1042,0,0,6,0,522,0,0,2,0,19,1020,8,22,0,0,153,3,3,0,0,3,3,0,0
7,39,0,41,11,9,0,1.036381,0.981533,1.009686,32,4,1667,100,100,1,1,2,0,-100,-100,100,1,160,23,905,27,0,0,6184,353,0,9,0,2042,617,0,18,0,1072,0,0,0,0,501,0,0,12,0,26,1227,48,47,0,0,165,0,36,0,0,2,2,0,0
7,39,1,44,11,9,0,1.06292,0.955007,0.990586,38,3,1417,100,100,1,1,2,-100,0,100,-100,1,160,23,945,33,0,0,6184,413,0,11,0,2042,680,0,22,0,1072,0,0,0,0,501,0,0,11,0,26,1036,44,15,0,0,317,0,2,0,0,2,2,0,0
7,39,2,17,11,9,0,1.096782,0.943851,0.953644,11,4,1667,100,100,1,1,2,-100,100,0,-100,1,160,23,448,12,0,0,6184,361,0,4,0,2042,362,0,8,0,1072,1,0,0,0,501,0,0,6,0,26,1172,24,42,0,0,157,0,36,0,0,2,2,0,0
7,39,3,29,11,9,0,1.044214,0.931447,0.986185,21,3,1417,100,100,1,1,2,100,-100,-100,0,1,160,23,931,24,0,0,6184,329,0,8,0,2042,603,0,16,0,1072,0,0,0,0,501,0,0,6,0,26,1064,24,14,0,0,150,0,3,0,0,3,3,0,0
7,40,0,41,8,10,0,1.037089,0.979018,1.008909,32,4,1667,100,100,1,1,2,0,-100,-100,100,1,160,45,920,30,0,0,6256,366,0,10,0,2042,627,0,20,0,1039,1,0,8,0,533,0,0,0,0,4,1241,0,26,0,0,165,4,4,0,0,4,4,0,0
7,40,1,44,8,10,0,1.070508,0.946997,0.988304,37,3,1417,100,100,1,1,2,-100,0,100,-100,1,160,45,971,39,0,0,6256,356,0,13,0,2042,693,0,26,0,1039,1,0,10,0,533,0,0,3,0,4,1069,12,27,0,0,320,5,2,0,0,2,2,0,0
7,40,2,15,8,10,0,1.095787,0.955973,0.960318,11,4,1667,100,100,1,1,2,-100,100,0,-100,1,160,45,454,9,0,0,6256,341,0,3,0,2042,365,0,6,0,1039,1,0,4,0,533,0,0,0,0,4,1185,0,11,0,0,157,2,2,0,0,2,2,0,0
7,40,3,29,8,10,0,1.035852,0.932196,0.986715,23,3,1417,100,100,1,1,2,100,-100,-100,0,1,160,45,952,24,0,0,6256,364,0,8,0,2042,608,0,16,0,1039,0,0,8,0,533,0,0,0,0,4,1059,0,20,0,0,152,4,2,0,0,2,2,0,0
3,1,0,103,13,16,0,1.000545,0.99543,1.004424,0,0,667,100,100,0,0,2,0,-100,100,-100,1,160,1,116,75,0,0,5600,401,0,25,0,1856,122,0,50,0,987,0,0,86,0,378,39,0,49,0,0,218,196,145,0,0,26,43,17,0,0,17,17,0,0
3,1,1,97,13,16,0,1.000382,0.996523,1.002465,0,0,667,100,100,0,0,2,-100,0,-100,100,1,160,1,107,72,0,0,5600,402,0,24,0,1856,124,0,48,0,987,0,0,88,0,378,44,0,47,0,0,209,188,146,0,0,27,44,17,0,0,17,17,0,0
3,1,2,101,13,16,0,0.999685,0.995155,1.002186,0,0,667,100,100,0,0,2,100,-100,0,-100,1,160,1,106,72,0,0,5600,410,0,24,0,1856,124,0,48,0,987,1,0,90,0,378,39,0,49,0,0,214,196,148,0,0,28,45,17,0,0,17,17,0,0
3,1,3,96,13,16,0,0.997657,0.996148,1.003301,0,0,667,100,100,0,0,2,-100,100,-100,0,1,160,1,106,72,0,0,5600,402,0,24,0,1856,124,0,48,0,987,0,0,88,0,378,45,0,46,0,0,200,184,146,0,0,27,44,17,0,0,17,17,0,0
3,2,0,101,11,12,0,1.001096,0.994977,1.007125,15,0,667,100,100,0,0,2,0,-100,100,-100,1,160,17,128,81,0,0,5632,463,0,27,0,1887,130,0,54,0,944,1,0,36,0,536,0,0,39,0,0,308,156,97,0,0,27,18,17,0,0,17,17,0,0
3,2,1,97,11,12,0,1.000654,0.994351,1.000595,16,0,667,100,100,0,0,2,-100,0,-100,100,1,160,17,115,72,0,0,5632,465,0,24,0,1887,136,0,48,0,944,1,0,40,0,536,0,0,44,0,0,320,176,98,0,0,30,20,17,0,0,17,17,0,0
3,2,2,103,11,12,0,1.000544,0.996664,1.0011,17,0,667,100,100,0,0,2,100,-100,0,-100,1,160,17,110,72,0,0,5632,485,0,24,0,1887,139,0,48,0,944,0,0,34,0,536,0,0,39,0,0,310,156,92,0,0,28,17,17,0,0,17,17,0,0
3,2,3,95,11,12,0,0.998722,0.995603,1.002943,15,0,667,100,100,0,0,2,-100,100,-100,0,1,160,17,117,72,0,0,5632,466,0,24,0,1887,142,0,48,0,944,1,0,16,0,536,1,0,44,0,0,336,176,74,0,0,18,8,17,0,0,17,17,0,0
3,3,0,98,6,15,0,1.003238,0.995398,1.006164,28,0,667,100,100,0,0,2,0,-100,100,-100,1,160,17,135,72,0,0,6400,338,0,24,0,1847,154,0,48,0,867,1,0,60,0,536,0,0,0,0,0,224,0,118,0,0,40,30,17,0,0,17,17,0,0
3,3,1,96,6,15,0,1.002238,0.991571,0.999873,31,0,667,100,100,0,0,2,-100,0,-100,100,1,160,17,121,69,0,0,6400,345,0,23,0,1847,159,0,46,0,867,1,0,48,0,536,0,0,0,0,0,249,0,105,0,0,37,24,17,0,0,17,17,0,0
3,3,2,101,6,15,0,1.001281,0.997503,1.000076,33,0,667,100,100,0,0,2,100,-100,0,-100,1,160,17,111,72,0,0,6400,358,0,24,0,1847,163,0,48,0,867,1,0,46,0,536,0,0,0,0,0,240,0,104,0,0,34,23,17,0,0,17,17,0,0
3,3,3,92,6,15,0,0.999209,0.996164,1.003209,30,0,667,100,100,0,0,2,-100,100,-100,0,1,160,17,124,72,0,0,6400,347,0,24,0,1847,166,0,48,0,867,0,0,46,0,536,0,0,1,0,0,269,4,104,0,0,24,23,17,0,0,17,17,0,0
3,4,0,95,8,12,1,1.004347,0.997588,1.006244,43,0,667,100,100,0,0,2,0,-100,100,-100,1,160,21,136,69,0,0,5624,417,0,23,0,1853,177,0,46,0,894,1,0,40,0,497,0,0,8,0,0,193,32,97,0,0,43,20,17,0,0,17,17,0,0
3,4,1,95,8,12,1,1.002718,0.99271,0.998697,46,0,667,100,100,0,0,2,-100,0,-100,100,1,160,21,134,75,0,0,5624,400,0,25,0,1853,184,0,50,0,894,1,0,44,0,497,0,0,11,0,0,224,44,103,0,0,42,22,17,0,0,17,17,0,0
3,4,2,99,8,12,1,1.000522,0.996584,0.999716,49,0,667,100,100,0,0,2,100,-100,0,-100,1,160,21,115,72,0,0,5624,457,0,24,0,1853,187,0,48,0,894,0,0,42,0,497,0,0,10,0,0,213,40,100,0,0,38,21,17,0,0,17,17,0,0
3,4,3,94,8,12,1,1.00045,0.997074,1.001235,46,0,667,100,100,0,0,2,-100,100,-100,0,1,160,21,141,72,0,0,5624,399,0,24,0,1853,190,0,48,0,894,1,0,52,0,497,0,0,10,0,0,233,40,110,0,0,33,26,17,0,0,17,17,0,0
3,5,0,91,12,17,2,1.008105,0.996195,1.00672,58,0,667,100,100,0,0,2,0,-100,100,-100,1,160,3,141,66,0,0,5840,500,0,22,0,1868,199,0,44,0,834,0,0,44,0,514,0,0,7,0,0,157,28,96,0,0,50,22,15,0,0,15,15,0,0
3,5,1,93,12,17,2,1.004639,0.993018,0.997604,59,0,667,100,100,0,0,2,-100,0,-100,100,1,160,3,145,72,0,0,5840,457,0,24,0,1868,208,0,48,0,834,1,0,66,0,514,0,0,5,0,0,153,20,122,0,0,59,33,16,0,0,16,16,0,0
3,5,2,100,12,17,2,0.99924,0.996837,1.00039,64,0,667,100,100,0,0,2,100,-100,0,-100,1,160,3,125,69,0,0,5840,335,0,23,0,1868,210,0,46,0,834,0,0,52,0,514,0,0,6,0,0,161,24,109,0,0,47,26,17,0,0,17,17,0,0
3,5,3,94,12,17,2,1.003319,0.994693,0.999888,61,0,667,100,100,0,0,2,-100,100,-100,0,1,160,3,153,69,0,0,5840,442,0,23,0,1868,213,0,46,0,834,1,0,68,0,514,0,0,3,0,0,158,12,121,0,0,52,34,15,0,0,15,15,0,0
3,6,0,87,10,30,0,1.008,0.992451,1.0051,67,0,667,100,100,0,0,2,0,-100,100,-100,1,160,7,145,66,0,0,6168,387,0,22,0,1862,221,0,44,0,875,1,0,30,0,536,0,0,0,0,0,120,0,70,0,0,56,15,9,0,0,9,9,0,0
3,6,1,88,10,30,0,1.005771,0.993169,0.996114,69,0,667,100,100,0,0,2,-100,0,-100,100,1,160,7,160,72,0,0,6168,340,0,24,0,1862,232,0,48,0,875,1,0,52,0,536,0,0,0,0,0,93,0,92,0,0,77,26,8,0,0,8,8,0,0
3,6,2,93,10,30,0,0.997962,0.994424,1.000519,74,0,667,100,100,0,0,2,100,-100,0,-100,1,160,7,132,69,0,0,6168,436,0,23,0,1862,233,0,46,0,875,1,0,38,0,536,0,0,0,0,0,112,0,79,0,0,57,19,9,0,0,9,9,0,0
3,6,3,90,10,30,0,1.004101,0.994841,1.000279,69,0,667,100,100,0,0,2,-100,100,-100,0,1,160,7,169,72,0,0,6168,324,0,24,0,1862,237,0,48,0,875,0,0,44,0,536,0,0,0,0,0,106,0,86,0,0,65,22,9,0,0,9,9,0,0
3,7,0,75,13,45,0,1.008212,0.994134,1.008958,63,0,667,100,100,0,0,2,0,-100,100,-100,1,160,2,153,63,0,0,5888,471,0,21,0,1862,242,0,42,0,985,0,0,8,0,443,0,0,3,0,0,121,12,39,0,0,55,4,5,0,0,5,5,0,0
3,7,1,85,13,45,0,1.009741,0.990265,1.000382,70,0,667,100,100,0,0,2,-100,0,-100,100,1,160,2,175,63,0,0,5888,383,0,21,0,1862,253,0,42,0,985,0,0,24,0,443,0,0,18,0,0,142,72,57,0,0,83,12,6,0,0,6,6,0,0
3,7,2,85,13,45,0,0.999639,0.992478,0.999691,77,0,667,100,100,0,0,2,100,-100,0,-100,1,160,2,143,66,0,0,5888,321,0,22,0,1862,255,0,44,0,985,1,0,32,0,443,0,0,12,0,0,133,48,60,0,0,70,16,3,0,0,3,3,0,0
3,7,3,81,13,45,0,1.003557,0.991797,0.998834,69,0,667,100,100,0,0,2,-100,100,-100,0,1,160,2,179,63,0,0,5888,373,0,21,0,1862,258,0,42,0,985,0,0,22,0,443,0,0,6,0,0,113,24,51,0,0,72,11,4,0,0,4,4,0,0
3,8,0,75,13,23,0,1.009071,0.994597,1.010786,65,0,667,100,100,0,0,2,0,-100,100,-100,1,160,11,169,60,0,0,5848,376,0,20,0,1892,262,0,40,0,1072,0,0,0,0,391,0,0,18,0,0,199,72,28,0,0,51,0,4,0,0,4,4,0,0
3,8,1,80,13,23,0,1.008085,0.988796,0.996872,69,0,667,100,100,0,0,2,-100,0,-100,100,1,160,11,183,60,0,0,5848,446,0,20,0,1892,273,0,40,0,1072,0,0,0,0,391,0,0,39,0,0,298,156,30,0,0,78,0,5,0,0,5,5,0,0
3,8,2,82,13,23,0,1.001708,0.986612,0.998241,72,0,667,100,100,0,0,2,100,-100,0,-100,1,160,11,151,60,0,0,5848,400,0,20,0,1892,272,0,40,0,1072,1,0,0,0,391,11,0,39,0,0,292,156,26,0,0,67,0,3,0,0,3,3,0,0
3,8,3,79,13,23,0,1.004267,0.992273,1.00075,68,0,667,100,100,0,0,2,-100,100,-100,0,1,160,11,193,63,0,0,5848,447,0,21,0,1892,279,0,42,0,1072,0,0,0,0,391,0,0,35,0,0,253,140,29,0,0,68,0,4,0,0,4,4,0,0
3,9,0,73,16,17,0,1.010764,0.993735,1.011538,66,0,667,100,100,0,0,2,0,-100,100,-100,1,160,9,190,60,0,0,6008,457,0,20,0,1904,282,0,40,0,970,1,0,8,0,485,0,0,9,0,0,234,36,32,0,0,53,4,2,0,0,2,2,0,0
3,9,1,81,16,17,0,1.00881,0.9892,0.997876,72,0,667,100,100,0,0,2,-100,0,-100,100,1,160,9,195,57,0,0,6008,347,0,19,0,1904,292,0,38,0,970,0,0,18,0,485,0,0,27,0,0,397,108,43,0,0,84,9,3,0,0,3,3,0,0
3,9,2,85,16,17,0,1.00352,0.986554,0.996985,73,0,667,100,100,0,0,2,100,-100,0,-100,1,160,9,167,60,0,0,6008,490,0,20,0,1904,292,0,40,0,970,0,0,46,0,485,0,0,11,0,0,296,44,74,0,0,86,23,4,0,0,4,4,0,0
3,9,3,76,16,17,0,1.005146,0.995647,1.003984,69,0,667,100,100,0,0,2,-100,100,-100,0,1,160,9,216,63,0,0,6008,347,0,21,0,1904,300,0,42,0,970,1,0,26,0,485,0,0,12,0,0,281,48,51,0,0,79,13,2,0,0,2,2,0,0
3,10,0,75,18,23,0,1.014954,0.991499,1.015116,66,0,667,100,100,0,0,2,0,-100,100,-100,1,160,0,212,66,0,0,6096,362,0,22,0,1898,304,0,44,0,995,1,0,6,0,447,0,0,7,0,126,228,28,34,0,0,53,3,3,0,0,3,3,0,0
3,10,1,75,18,23,0,1.007921,0.982788,0.997172,68,0,667,100,100,0,0,2,-100,0,-100,100,1,160,0,202,51,0,0,6096,401,0,17,0,1898,309,0,34,0,995,1,0,18,0,447,0,0,18,0,126,433,72,37,0,0,92,9,1,0,0,1,1,0,0
3,10,2,84,18,23,0,1.009298,0.984557,0.996138,73,0,667,100,100,0,0,2,100,-100,0,-100,1,160,0,185,60,0,0,6096,385,0,20,0,1898,312,0,40,0,995,0,0,26,0,447,0,0,21,0,126,335,84,52,0,0,96,13,3,0,0,3,3,0,0
3,10,3,76,18,23,0,1.005453,0.993852,1.003222,68,0,667,100,100,0,0,2,-100,100,-100,0,1,160,0,246,66,0,0,6096,393,0,22,0,1898,322,0,44,0,995,0,0,24,0,447,0,0,18,0,126,303,72,50,0,0,89,12,2,0,0,2,2,0,0
3,11,0,74,10,14,0,1.016386,0.989416,1.013235,66,0,667,100,100,0,0,2,0,-100,100,-100,1,160,4,232,63,0,0,5696,458,0,21,0,1901,325,0,42,0,938,0,0,14,0,527,0,0,0,0,0,221,0,41,0,0,57,7,3,0,0,3,3,0,0
3,11,1,75,10,14,0,1.012862,0.983175,0.997348,67,0,667,100,100,0,0,2,-100,0,-100,100,1,160,4,216,60,0,0,5696,450,0,20,0,1901,329,0,40,0,938,1,0,38,0,527,0,0,1,0,0,407,4,64,0,0,108,19,3,0,0,3,3,0,0
3,11,2,83,10,14,0,1.01043,0.983936,0.997619,72,0,667,100,100,0,0,2,100,-100,0,-100,1,160,4,192,57,0,0,5696,490,0,19,0,1901,331,0,38,0,938,1,0,40,0,527,0,0,6,0,0,326,24,67,0,0,112,20,4,0,0,4,4,0,0
3,11,3,74,10,14,0,1.007167,0.992766,1.004895,66,0,667,100,100,0,0,2,-100,100,-100,0,1,160,4,266,63,0,0,5696,440,0,21,0,1901,343,0,42,0,938,0,0,30,0,527,0,0,2,0,0,288,8,57,0,0,101,15,3,0,0,3,3,0,0
3,12,0,72,5,11,0,1.016159,0.989054,1.012715,68,0,667,100,100,0,0,2,0,-100,100,-100,1,160,4,252,63,0,0,6400,363,0,21,0,1910,346,0,42,0,911,1,0,14,0,536,0,0,0,0,0,216,0,39,0,0,62,7,2,0,0,2,2,0,0
3,12,1,74,5,11,0,1.012101,0.981749,0.992232,69,0,667,100,100,0,0,2,-100,0,-100,100,1,160,4,239,57,0,0,6400,356,0,19,0,1910,348,0,38,0,911,1,0,42,0,536,0,0,0,0,0,375,0,65,0,0,127,21,2,0,0,2,2,0,0
3,12,2,79,5,11,0,1.010661,0.984667,0.995828,72,0,667,100,100,0,0,2,100,-100,0,-100,1,160,4,201,57,0,0,6400,388,0,19,0,1910,347,0,38,0,911,1,0,48,0,536,0,0,0,0,0,286,0,73,0,0,133,24,3,0,0,3,3,0,0
3,12,3,75,5,11,0,1.007233,0.992076,1.007304,68,0,667,100,100,0,0,2,-100,100,-100,0,1,160,4,294,63,0,0,6400,345,0,21,0,1910,361,0,42,0,911,0,0,44,0,536,0,0,0,0,0,251,0,71,0,0,120,22,3,0,0,3,3,0,0
3,13,0,72,19,17,0,1.019441,0.985637,1.015371,66,0,667,100,100,0,0,2,0,-100,100,-100,1,160,5,271,63,0,0,5712,462,0,21,0,1975,353,0,42,0,943,1,0,12,0,517,0,0,0,0,0,214,0,35,0,0,67,6,1,0,0,1,1,0,0
3,13,1,75,19,17,0,1.014241,0.979364,0.990631,65,0,667,100,100,0,0,2,-100,0,-100,100,1,160,5,259,57,0,0,5712,407,0,19,0,1975,343,0,38,0,943,0,0,34,0,517,0,0,6,0,0,373,24,57,0,0,142,17,2,0,0,2,2,0,0
3,13,2,79,19,17,0,1.010264,0.982956,0.993951,72,0,667,100,100,0,0,2,100,-100,0,-100,1,160,5,220,54,0,0,5712,491,0,18,0,1975,350,0,36,0,943,0,0,40,0,517,0,0,7,0,0,282,28,62,0,0,151,20,2,0,0,2,2,0,0
3,13,3,76,19,17,0,1.01373,0.992878,1.005833,68,0,667,100,100,0,0,2,-100,100,-100,0,1,160,5,317,60,0,0,5712,394,0,20,0,1975,369,0,40,0,943,0,0,36,0,517,0,0,6,0,0,249,24,60,0,0,136,18,2,0,0,2,2,0,0
3,14,0,71,12,11,0,1.022081,0.986976,1.015429,64,0,667,100,100,0,0,2,0,-100,100,-100,1,160,21,291,60,0,0,6120,370,0,20,0,2105,324,0,40,0,916,1,0,18,0,536,0,0,0,0,0,204,0,44,0,0,73,9,3,0,0,3,3,0,0
3,14,1,74,12,11,0,1.017709,0.981223,0.993969,63,0,667,100,100,0,0,2,-100,0,-100,100,1,160,21,278,63,0,0,6120,439,0,21,0,2105,313,0,42,0,916,0,0,42,0,536,0,0,0,0,0,336,0,71,0,0,159,21,4,0,0,4,4,0,0
3,14,2,82,12,11,0,1.014383,0.982694,0.995757,72,0,667,100,100,0,0,2,100,-100,0,-100,1,160,21,236,57,0,0,6120,393,0,19,0,2105,319,0,38,0,916,1,0,50,0,536,0,0,0,0,0,241,0,75,0,0,173,25,3,0,0,3,3,0,0
3,14,3,76,12,11,0,1.015468,0.991325,1.006288,68,0,667,100,100,0,0,2,-100,100,-100,0,1,160,21,334,60,0,0,6120,442,0,20,0,2105,338,0,40,0,916,1,0,44,0,536,0,0,0,0,0,213,0,70,0,0,155,22,3,0,0,3,3,0,0
3,15,0,72,12,13,0,1.024147,0.985246,1.015971,65,0,667,100,100,0,0,2,0,-100,100,-100,1,160,14,320,63,0,0,6008,462,0,21,0,1889,345,0,42,0,919,1,0,18,0,536,0,0,0,0,0,195,0,43,0,0,80,9,2,0,0,2,2,0,0
3,15,1,71,12,13,0,1.018842,0.981681,0.994222,63,0,667,100,100,0,0,2,-100,0,-100,100,1,160,14,301,63,0,0,6008,344,0,21,0,1889,334,0,42,0,919,0,0,42,0,536,0,0,0,0,0,298,0,69,0,0,177,21,3,0,0,3,3,0,0
3,15,2,81,12,13,0,1.016834,0.984346,0.996247,70,0,667,100,100,0,0,2,100,-100,0,-100,1,160,14,255,66,0,0,6008,481,0,22,0,1889,341,0,44,0,919,1,0,42,0,536,0,0,0,0,0,198,0,70,0,0,191,21,3,0,0,3,3,0,0
3,15,3,78,12,13,0,1.016586,0.990973,1.006061,71,0,667,100,100,0,0,2,-100,100,-100,0,1,160,14,352,63,0,0,6008,345,0,21,0,1889,359,0,42,0,919,1,0,42,0,536,0,0,0,0,0,186,0,69,0,0,173,21,3,0,0,3,3,0,0
3,16,0,69,9,16,0,1.021982,0.984411,1.018421,62,0,667,100,100,0,0,2,0,-100,100,-100,1,160,10,340,60,0,0,6136,370,0,20,0,1897,365,0,40,0,1019,1,0,12,0,461,0,0,4,0,0,205,16,38,0,0,83,6,3,0,0,3,3,0,0
3,16,1,70,9,16,0,1.017651,0.979287,0.993291,63,0,667,100,100,0,0,2,-100,0,-100,100,1,160,10,323,63,0,0,6136,364,0,21,0,1897,352,0,42,0,1019,1,0,18,0,461,0,0,20,0,0,367,80,45,0,0,183,9,3,0,0,3,3,0,0
3,16,2,79,9,16,0,1.020022,0.981794,0.998557,69,0,667,100,100,0,0,2,100,-100,0,-100,1,160,10,270,63,0,0,6136,379,0,21,0,1897,353,0,42,0,1019,1,0,6,0,461,0,0,27,0,0,305,108,35,0,0,190,3,4,0,0,4,4,0,0
3,16,3,77,9,16,0,1.019981,0.992448,1.005466,70,0,667,100,100,0,0,2,-100,100,-100,0,1,160,10,376,63,0,0,6136,382,0,21,0,1897,375,0,42,0,1019,1,0,16,0,461,0,0,24,0,0,275,96,41,0,0,179,8,2,0,0,2,2,0,0
3,17,0,68,6,15,0,1.022121,0.984139,1.016447,62,0,667,100,100,0,0,2,0,-100,100,-100,1,160,19,360,57,0,0,5776,442,0,19,0,2040,354,0,38,0,1066,1,0,0,0,450,0,0,11,0,132,226,44,23,0,0,81,0,2,0,0,2,2,0,0
3,17,1,67,6,15,0,1.022142,0.977694,0.993746,63,0,667,100,100,0,0,2,-100,0,-100,100,1,160,19,344,60,0,0,5776,402,0,20,0,2040,339,0,40,0,1066,0,0,2,0,450,0,0,21,0,132,425,84,26,0,0,182,1,2,0,0,2,2,0,0
3,17,2,77,6,15,0,1.020225,0.979836,0.998996,70,0,667,100,100,0,0,2,100,-100,0,-100,1,160,19,293,66,0,0,5776,470,0,22,0,2040,339,0,44,0,1066,1,0,4,0,450,0,0,27,0,132,381,108,32,0,0,189,2,3,0,0,3,3,0,0
3,17,3,74,6,15,0,1.017392,0.990601,1.006008,68,0,667,100,100,0,0,2,-100,100,-100,0,1,160,19,397,66,0,0,5776,411,0,22,0,2040,351,0,44,0,1066,0,0,2,0,450,0,0,27,0,132,358,108,28,0,0,178,1,2,0,0,2,2,0,0
3,18,0,70,13,15,0,1.027923,0.984004,1.016292,62,0,667,100,100,0,0,2,0,-100,100,-100,1,160,4,390,60,0,0,6400,354,0,20,0,1895,374,0,40,0,970,0,0,16,0,488,0,0,6,0,0,244,24,40,0,0,87,8,2,0,0,2,2,0,0
3,18,1,64,13,15,0,1.022001,0.980621,0.988975,60,0,667,100,100,0,0,2,-100,0,-100,100,1,160,4,367,51,0,0,6400,318,0,17,0,1895,356,0,34,0,970,1,0,26,0,488,0,0,12,0,0,460,48,45,0,0,194,13,1,0,0,1,1,0,0
3,18,2,78,13,15,0,1.021488,0.977839,0.99852,70,0,667,100,100,0,0,2,100,-100,0,-100,1,160,4,313,63,0,0,6400,372,0,21,0,1895,360,0,42,0,970,1,0,30,0,488,0,0,15,0,0,420,60,55,0,0,202,15,2,0,0,2,2,0,0
3,18,3,72,13,15,0,1.019765,0.991399,1.002511,66,0,667,100,100,0,0,2,-100,100,-100,0,1,160,4,420,60,0,0,6400,317,0,20,0,1895,371,0,40,0,970,0,0,30,0,488,0,0,15,0,0,396,60,54,0,0,191,15,2,0,0,2,2,0,0
3,19,0,69,15,20,0,1.027174,0.983071,1.012363,60,0,667,100,100,0,0,2,0,-100,100,-100,1,160,0,416,57,0,0,5800,417,0,19,0,1910,393,0,38,0,1023,0,0,0,0,440,0,0,21,0,0,340,84,25,0,0,84,0,3,0,0,3,3,0,0
3,19,1,68,15,20,0,1.026747,0.98528,0.987409,58,0,667,100,100,0,0,2,-100,0,-100,100,1,160,0,388,48,0,0,5800,342,0,16,0,1910,372,0,32,0,1023,0,0,16,0,440,0,0,27,0,0,566,108,36,0,0,200,8,2,0,0,2,2,0,0
3,19,2,73,15,20,0,1.025395,0.976572,0.998964,66,0,667,100,100,0,0,2,100,-100,0,-100,1,160,0,317,51,0,0,5800,461,0,17,0,1910,377,0,34,0,1023,0,0,18,0,440,0,0,21,0,0,492,84,39,0,0,209,9,2,0,0,2,2,0,0
3,19,3,69,15,20,0,1.018683,0.991229,1.001916,63,0,667,100,100,0,0,2,-100,100,-100,0,1,160,0,436,54,0,0,5800,355,0,18,0,1910,389,0,36,0,1023,1,0,10,0,440,0,0,27,0,0,510,108,32,0,0,194,5,2,0,0,2,2,0,0
3,20,0,70,9,13,0,1.02761,0.981835,1.011628,61,0,667,100,100,0,0,2,0,-100,100,-100,1,160,31,428,57,0,0,6184,329,0,19,0,1925,412,0,38,0,1060,0,0,0,0,395,0,0,23,0,59,434,92,25,0,0,81,0,3,0,0,3,3,0,0
3,20,1,66,9,13,0,1.030194,0.988037,0.98492,57,1,917,100,100,0,0,2,-100,0,-100,100,1,160,31,401,51,0,0,6184,353,0,17,0,1925,389,0,34,0,1060,0,0,6,0,395,2,0,31,0,59,608,124,65,0,0,165,3,38,0,0,4,4,0,0
3,20,2,70,9,13,0,1.026252,0.974091,0.996487,64,1,917,100,100,0,0,2,100,-100,0,-100,1,160,31,323,45,0,0,6184,373,0,15,0,1925,392,0,30,0,1060,1,0,2,0,395,6,0,37,0,59,610,148,55,0,0,174,1,36,0,0,2,2,0,0
3,20,3,69,9,13,0,1.020293,0.992606,0.99956,62,1,917,100,100,0,0,2,-100,100,-100,0,1,160,31,457,57,0,0,6184,379,0,19,0,1925,408,0,38,0,1060,0,0,4,0,395,6,0,33,0,59,597,132,61,0,0,160,2,36,0,0,2,2,0,0
3,21,0,74,16,9,0,1.026125,0.980078,1.006939,62,0,667,100,100,0,0,2,0,-100,100,-100,1,160,4,452,60,0,0,5846,399,0,20,0,1934,432,0,40,0,949,1,0,6,0,526,0,0,9,0,0,472,36,32,0,0,81,3,3,0,0,3,3,0,0
3,21,1,66,16,9,0,1.037569,0.987239,0.985184,58,1,917,100,100,0,0,2,-100,0,-100,100,1,160,4,423,51,0,0,5846,358,0,17,0,1934,403,0,34,0,949,0,0,40,0,526,0,0,2,0,0,585,8,63,0,0,182,20,3,0,0,3,3,0,0
3,21,2,74,16,9,0,1.02754,0.973279,0.996071,65,1,917,100,100,0,0,2,100,-100,0,-100,1,160,4,347,45,0,0,5846,466,0,15,0,1934,407,0,30,0,949,1,0,40,0,526,0,0,6,0,0,609,24,59,0,0,192,20,2,0,0,2,2,0,0
3,21,3,68,16,9,0,1.023517,0.991629,1.002636,61,1,917,100,100,0,0,2,-100,100,-100,0,1,160,4,477,57,0,0,5846,403,0,19,0,1934,427,0,38,0,949,0,0,36,0,526,0,0,7,0,0,597,28,61,0,0,175,18,3,0,0,3,3,0,0
3,22,0,75,14,10,0,1.029363,0.976289,1.005256,62,0,667,100,100,0,0,2,0,-100,100,-100,1,160,2,478,60,0,0,6148,463,0,20,0,1928,452,0,40,0,1044,0,0,6,0,398,0,0,18,0,0,544,72,34,0,0,80,3,4,0,0,4,4,0,0
3,22,1,68,14,10,0,1.039713,0.989057,0.981978,60,1,917,100,100,0,0,2,-100,0,-100,100,1,160,2,450,54,0,0,6148,360,0,18,0,1928,418,0,36,0,1044,1,0,14,0,398,3,0,30,0,0,701,120,38,0,0,186,7,3,0,0,3,3,0,0
3,22,2,72,14,10,0,1.027473,0.971273,0.994855,64,1,917,100,100,0,0,2,100,-100,0,-100,1,160,2,349,42,0,0,6148,378,0,14,0,1928,421,0,28,0,1044,0,0,4,0,398,13,0,38,0,0,769,152,26,0,0,190,2,4,0,0,4,4,0,0
3,22,3,71,14,10,0,1.02672,0.990038,1.001824,63,1,917,100,100,0,0,2,-100,100,-100,0,1,160,2,508,60,0,0,6148,315,0,20,0,1928,447,0,40,0,1044,1,0,4,0,398,1,0,32,0,0,731,128,28,0,0,175,2,2,0,0,2,2,0,0
3,23,0,75,14,22,0,1.028328,0.97589,1.004773,63,0,667,100,100,0,0,2,0,-100,100,-100,1,160,3,493,57,0,0,5992,369,0,19,0,1937,471,0,38,0,1007,1,0,8,0,482,0,0,6,0,0,563,24,37,0,0,79,4,5,0,0,5,5,0,0
3,23,1,69,14,22,0,1.038112,0.985119,0.984406,59,1,917,100,100,0,0,2,-100,0,-100,100,1,160,3,477,54,0,0,5992,370,0,18,0,1937,436,0,36,0,1007,1,0,20,0,482,0,0,18,0,0,759,72,44,0,0,193,10,3,0,0,3,3,0,0
3,23,2,67,14,22,0,1.027049,0.965178,0.995999,59,2,1167,100,100,0,0,2,100,-100,0,-100,1,160,3,359,42,0,0,5992,468,0,14,0,1937,432,0,28,0,1007,1,0,22,0,482,1,0,30,0,0,834,120,74,0,0,165,11,36,0,0,2,2,0,0
3,23,3,67,14,22,0,1.026998,0.993319,1.004174,60,2,1167,100,100,0,0,2,-100,100,-100,0,1,160,3,526,54,0,0,5992,338,0,18,0,1937,465,0,36,0,1007,0,0,14,0,482,0,0,16,0,0,753,64,72,0,0,145,7,37,0,0,3,3,0,0
3,24,0,76,17,13,0,1.029777,0.976884,1.001161,66,1,917,100,100,0,0,2,0,-100,100,-100,1,160,2,518,60,0,0,5992,450,0,20,0,1928,491,0,40,0,1008,0,0,4,0,432,0,0,23,0,0,607,92,64,0,0,44,2,37,0,0,3,3,0,0
3,24,1,70,17,13,0,1.045088,0.983566,0.984939,58,2,1167,100,100,0,0,2,-100,0,-100,100,1,160,2,491,48,0,0,5992,397,0,16,0,1928,452,0,32,0,1008,1,0,20,0,432,3,0,30,0,0,835,120,78,0,0,165,10,38,0,0,4,4,0,0
3,24,2,68,17,13,0,1.030197,0.966685,0.997395,58,2,1167,100,100,0,0,2,100,-100,0,-100,1,160,2,375,48,0,0,5992,385,0,16,0,1928,448,0,32,0,1008,0,0,34,0,432,0,0,13,0,0,862,52,56,0,0,179,17,3,0,0,3,3,0,0
3,24,3,68,17,13,0,1.030108,0.992597,0.999712,61,2,1167,100,100,0,0,2,-100,100,-100,0,1,160,2,551,54,0,0,5992,357,0,18,0,1928,483,0,36,0,1008,0,0,8,0,432,2,0,31,0,0,881,124,30,0,0,147,4,2,0,0,2,2,0,0
3,25,0,77,13,32,0,1.034143,0.977281,1.002468,65,1,917,100,100,0,0,2,0,-100,100,-100,1,160,2,556,72,0,0,5999,350,0,24,0,1933,510,0,48,0,965,0,0,12,0,482,0,0,12,0,0,642,48,44,0,0,46,6,4,0,0,4,4,0,0
3,25,1,59,13,32,0,1.048855,0.97725,0.980468,47,2,1167,100,100,0,0,2,-100,0,-100,100,1,160,2,511,51,0,0,5999,428,0,17,0,1933,465,0,34,0,965,14,0,38,0,482,0,0,3,0,0,795,12,63,0,0,180,19,4,0,0,4,4,0,0
3,25,2,65,13,32,0,1.029388,0.964618,0.996987,58,2,1167,100,100,0,0,2,100,-100,0,-100,1,160,2,385,45,0,0,5999,459,0,15,0,1933,458,0,30,0,965,0,0,12,0,482,8,0,31,0,0,985,124,35,0,0,181,6,4,0,0,4,4,0,0
3,25,3,62,13,32,0,1.030563,0.988981,1.002894,55,2,1167,100,100,0,0,2,-100,100,-100,0,1,160,2,560,45,0,0,5999,392,0,15,0,1933,498,0,30,0,965,1,0,28,0,482,0,0,5,0,0,878,20,47,0,0,159,14,2,0,0,2,2,0,0
3,26,0,73,7,43,0,1.03503,0.972683,0.999663,63,1,917,100,100,0,0,2,0,-100,100,-100,1,160,5,588,72,0,0,6112,417,0,24,0,1934,534,0,48,0,901,1,0,24,0,536,0,0,0,0,0,617,0,56,0,0,54,12,4,0,0,4,4,0,0
3,26,1,45,7,43,0,1.057147,0.977628,0.979349,36,2,1167,100,100,0,0,2,-100,0,-100,100,1,160,5,535,51,0,0,6112,352,0,17,0,1934,482,0,34,0,901,12,0,32,0,536,0,0,0,0,0,760,0,57,0,0,192,16,4,0,0,4,4,0,0
3,26,2,52,7,43,0,1.030377,0.962938,0.992577,47,3,1417,100,100,0,0,2,100,-100,0,-100,1,160,5,391,36,0,0,6112,382,0,12,0,1934,470,0,24,0,901,0,0,26,0,536,0,0,8,0,0,973,32,76,0,0,158,13,36,0,0,2,2,0,0
3,26,3,57,7,43,0,1.030574,0.985197,1.006599,50,2,1167,100,100,0,0,2,-100,100,-100,0,1,160,5,579,48,0,0,6112,426,0,16,0,1934,514,0,32,0,901,1,0,28,0,536,0,0,0,0,0,861,0,50,0,0,170,14,3,0,0,3,3,0,0
3,27,0,76,17,10,0,1.03699,0.967536,1.00019,65,1,917,100,100,0,0,2,0,-100,100,-100,1,160,17,622,75,0,0,6152,319,0,25,0,1937,559,0,50,0,952,0,0,28,0,536,0,0,0,0,129,558,0,59,0,0,65,14,3,0,0,3,3,0,0
3,27,1,49,17,10,0,1.062898,0.97411,0.982567,38,2,1167,100,100,0,0,2,-100,0,-100,100,1,160,17,570,45,0,0,6152,388,0,15,0,1937,497,0,30,0,952,11,0,34,0,536,0,0,0,0,129,705,0,55,0,0,206,17,3,0,0,3,3,0,0
3,27,2,53,17,10,0,1.031691,0.961813,0.994699,48,3,1417,100,100,0,0,2,100,-100,0,-100,1,160,17,410,36,0,0,6152,470,0,12,0,1937,482,0,24,0,952,1,0,26,0,536,0,0,0,0,129,934,0,42,0,0,169,13,2,0,0,2,2,0,0
3,27,3,56,17,10,0,1.032887,0.98596,1.010761,49,2,1167,100,100,0,0,2,-100,100,-100,0,1,160,17,608,51,0,0,6152,352,0,17,0,1937,531,0,34,0,952,1,0,30,0,536,0,0,0,0,129,813,0,51,0,0,183,15,2,0,0,2,2,0,0
3,28,0,76,10,15,0,1.041189,0.96124,1.000254,64,1,917,100,100,0,0,2,0,-100,100,-100,1,160,16,653,72,0,0,6120,371,0,24,0,1937,583,0,48,0,1020,0,0,12,0,464,0,0,18,0,1,620,72,44,0,0,67,6,4,0,0,4,4,0,0
3,28,1,48,10,15,0,1.067148,0.975694,0.980682,39,2,1167,100,100,0,0,2,-100,0,-100,100,1,160,16,594,45,0,0,6120,324,0,15,0,1937,512,0,30,0,1020,1,0,28,0,464,0,0,18,0,1,760,72,51,0,0,216,14,4,0,0,4,4,0,0
3,28,2,50,10,15,0,1.032421,0.954882,0.993368,46,3,1417,100,100,0,0,2,100,-100,0,-100,1,160,16,415,30,0,0,6120,407,0,10,0,1937,492,0,20,0,1020,0,0,12,0,464,0,0,15,0,1,1001,60,24,0,0,174,6,1,0,0,1,1,0,0
3,28,3,55,10,15,0,1.040212,0.985885,1.008884,48,2,1167,100,100,0,0,2,-100,100,-100,0,1,160,16,635,45,0,0,6120,409,0,15,0,1937,546,0,30,0,1020,0,0,12,0,464,0,0,21,0,1,897,84,33,0,0,186,6,3,0,0,3,3,0,0
3,29,0,74,12,22,1,1.044139,0.958737,0.998994,61,1,917,100,100,0,0,2,0,-100,100,-100,1,160,10,684,66,0,0,6104,425,0,22,0,1965,605,0,44,0,1051,0,0,4,0,450,0,0,17,0,22,688,68,34,0,0,65,2,4,0,0,4,4,0,0
3,29,1,45,12,22,1,1.069423,0.981391,0.986935,36,2,1167,100,100,0,0,2,-100,0,-100,100,1,160,10,625,36,0,0,6104,376,0,12,0,1965,520,0,24,0,1051,1,0,2,0,450,1,0,18,0,22,824,72,20,0,0,214,1,3,0,0,3,3,0,0
3,29,2,46,12,22,1,1.034811,0.950401,0.995544,44,3,1417,100,100,0,0,2,100,-100,0,-100,1,160,10,417,27,0,0,6104,348,0,9,0,1965,501,0,18,0,1051,1,0,2,0,450,0,0,15,0,22,1082,60,13,0,0,174,1,1,0,0,1,1,0,0
3,29,3,54,12,22,1,1.044391,0.983438,1.012005,48,2,1167,100,100,0,0,2,-100,100,-100,0,1,160,10,656,45,0,0,6104,339,0,15,0,1965,561,0,30,0,1051,1,0,0,0,450,0,0,19,0,22,988,76,19,0,0,184,0,2,0,0,2,2,0,0
3,30,0,73,9,12,0,1.050623,0.955419,1.000495,61,1,917,100,100,0,0,2,0,-100,100,-100,1,160,3,704,60,0,0,6024,331,0,20,0,1964,625,0,40,0,968,0,0,30,0,536,0,0,0,0,24,664,0,58,0,0,76,15,4,0,0,4,4,0,0
3,30,1,45,9,12,0,1.069626,0.982244,0.987536,38,2,1167,100,100,0,0,2,-100,0,-100,100,1,160,3,656,42,0,0,6024,437,0,14,0,1964,531,0,28,0,968,1,0,30,0,536,0,0,1,0,24,790,4,50,0,0,226,15,3,0,0,3,3,0,0
3,30,2,46,9,12,0,1.037559,0.948915,0.995043,42,3,1417,100,100,0,0,2,100,-100,0,-100,1,160,3,425,27,0,0,6024,421,0,9,0,1964,510,0,18,0,968,1,0,18,0,536,0,0,0,0,24,1086,0,29,0,0,182,9,1,0,0,1,1,0,0
3,30,3,52,9,12,0,1.047058,0.987681,1.012503,47,2,1167,100,100,0,0,2,-100,100,-100,0,1,160,3,675,45,0,0,6024,398,0,15,0,1964,576,0,30,0,968,1,0,24,0,536,0,0,0,0,24,975,0,43,0,0,194,12,2,0,0,2,2,0,0
3,31,0,71,17,13,0,1.051539,0.955288,0.999664,61,1,917,100,100,0,0,2,0,-100,100,-100,1,160,6,719,54,0,0,6248,384,0,18,0,1976,643,0,36,0,1010,1,0,14,0,525,0,0,4,0,0,675,16,38,0,0,80,7,3,0,0,3,3,0,0
3,31,1,52,17,13,0,1.064743,0.983687,0.9885,40,2,1167,100,100,0,0,2,-100,0,-100,100,1,160,6,690,39,0,0,6248,379,0,13,0,1976,541,0,26,0,1010,1,0,16,0,525,0,0,4,0,0,808,16,33,0,0,232,8,2,0,0,2,2,0,0
3,31,2,46,17,13,0,1.041053,0.950865,0.996185,40,3,1417,100,100,0,0,2,100,-100,0,-100,1,160,6,437,27,0,0,6248,366,0,9,0,1976,519,0,18,0,1010,0,0,18,0,525,0,0,1,0,0,1092,4,31,0,0,189,9,2,0,0,2,2,0,0
3,31,3,51,17,13,0,1.043587,0.987383,1.013617,46,2,1167,100,100,0,0,2,-100,100,-100,0,1,160,6,700,42,0,0,6248,332,0,14,0,1976,590,0,28,0,1010,1,0,14,0,525,0,0,2,0,0,985,8,32,0,0,199,7,2,0,0,2,2,0,0
3,32,0,74,18,4,0,1.053309,0.952156,1.000507,63,1,917,100,100,0,0,2,0,-100,100,-100,1,160,5,737,60,0,0,5840,429,0,20,0,1982,663,0,40,0,964,1,0,30,0,533,0,0,3,0,12,663,12,58,0,0,91,15,4,0,0,4,4,0,0
3,32,1,55,18,4,0,1.070047,0.986331,0.987796,41,2,1167,100,100,0,0,2,-100,0,-100,100,1,160,5,709,39,0,0,5840,458,0,13,0,1982,554,0,26,0,964,0,0,34,0,533,0,0,0,0,12,772,0,57,0,0,244,17,5,0,0,5,5,0,0
3,32,2,48,18,4,0,1.043446,0.952608,0.998049,41,3,1417,100,100,0,0,2,100,-100,0,-100,1,160,5,455,27,0,0,5840,455,0,9,0,1982,528,0,18,0,964,0,0,18,0,533,0,0,0,0,12,1094,0,31,0,0,196,9,2,0,0,2,2,0,0
3,32,3,57,18,4,0,1.047461,0.988428,1.017663,48,2,1167,100,100,0,0,2,-100,100,-100,0,1,160,5,727,42,0,0,5840,403,0,14,0,1982,598,0,28,0,964,0,0,28,0,533,0,0,0,0,12,972,0,46,0,0,211,14,2,0,0,2,2,0,0
3,33,0,68,15,22,0,1.053411,0.950346,0.994389,57,1,917,100,100,0,0,2,0,-100,100,-100,1,160,13,763,57,0,0,6400,336,0,19,0,1982,682,0,38,0,1053,1,0,8,0,480,0,0,16,0,0,718,64,35,0,0,91,4,4,0,0,4,4,0,0
3,33,1,54,15,22,0,1.070029,0.985974,0.98811,44,2,1167,100,100,0,0,2,-100,0,-100,100,1,160,13,723,39,0,0,6400,390,0,13,0,1982,567,0,26,0,1053,1,0,4,0,480,0,0,18,0,0,853,72,25,0,0,242,2,4,0,0,4,4,0,0
3,33,2,47,15,22,0,1.043649,0.951942,1.001561,39,3,1417,100,100,0,0,2,100,-100,0,-100,1,160,13,462,27,0,0,6400,398,0,9,0,1982,537,0,18,0,1053,0,0,2,0,480,0,0,7,0,0,1139,28,15,0,0,195,1,2,0,0,2,2,0,0
3,33,3,58,15,22,0,1.054993,0.98456,1.016012,48,3,1417,100,100,0,0,2,-100,100,-100,0,1,160,13,743,39,0,0,6400,333,0,13,0,1982,611,0,26,0,1053,0,0,4,0,480,0,0,12,0,0,997,48,57,0,0,176,2,37,0,0,3,3,0,0
3,34,0,65,10,25,0,1.052153,0.947679,0.997463,56,2,1167,100,100,0,0,2,0,-100,100,-100,1,160,19,798,60,0,0,6136,368,0,20,0,2060,674,0,40,0,980,1,0,30,0,491,0,0,14,0,0,708,56,92,0,0,68,15,38,0,0,4,4,0,0
3,34,1,51,10,25,0,1.071364,0.989901,0.989414,44,2,1167,100,100,0,0,2,-100,0,-100,100,1,160,19,738,39,0,0,6136,323,0,13,0,2060,562,0,26,0,980,0,0,22,0,491,0,0,10,0,0,882,40,41,0,0,250,11,3,0,0,3,3,0,0
3,34,2,39,10,25,0,1.046006,0.944016,0.986014,32,3,1417,100,100,0,0,2,100,-100,0,-100,1,160,19,457,24,0,0,6136,343,0,8,0,2060,530,0,16,0,980,0,0,18,0,491,0,0,6,0,0,1155,24,30,0,0,202,9,2,0,0,2,2,0,0
3,34,3,57,10,25,0,1.059681,0.984252,1.014168,48,3,1417,100,100,0,0,2,-100,100,-100,0,1,160,19,758,42,0,0,6136,389,0,14,0,2060,605,0,28,0,980,0,0,20,0,491,0,0,15,0,0,1049,60,40,0,0,183,10,3,0,0,3,3,0,0
3,35,0,60,13,19,0,1.060297,0.947229,0.995581,53,2,1167,94.996972,91.996972,1,1,2,0,-100,100,-100,1,160,5,831,60,0,0,5920,403,0,20,0,1979,694,0,40,0,1043,0,0,12,0,483,0,0,8,0,17,736,32,38,0,0,71,6,3,0,0,2,2,0,0
3,35,1,51,13,19,0,1.078064,0.990686,0.991212,44,2,1167,100,100,1,1,2,-100,0,-100,100,1,160,5,765,39,0,0,5920,395,0,13,0,1979,575,0,26,0,1043,0,0,12,0,483,0,0,6,0,17,901,24,29,0,0,254,6,2,0,0,2,2,0,0
3,35,2,40,13,19,0,1.051677,0.946922,0.987825,31,4,1667,100,100,1,1,2,100,-100,0,-100,1,160,5,477,24,0,0,5920,392,0,8,0,1979,538,0,16,0,1043,0,0,0,0,483,0,0,12,0,17,1182,48,48,0,0,165,0,37,0,0,3,3,0,0
3,35,3,55,13,19,0,1.062718,0.988034,1.018566,46,3,1417,100,100,1,1,2,-100,100,-100,0,1,160,5,764,36,0,0,5920,440,0,12,0,1979,614,0,24,0,1043,0,0,6,0,483,0,0,6,0,17,1083,24,24,0,0,183,3,3,0,0,3,3,0,0
3,36,0,50,12,23,0,1.067243,0.948247,0.991791,44,2,1167,97.996972,94.996972,1,1,2,0,-100,100,-100,1,160,12,859,51,0,0,6400,326,0,17,0,1988,711,0,34,0,963,1,0,28,0,536,0,0,0,0,0,708,0,51,0,0,82,14,3,0,0,2,2,0,0
3,36,1,53,12,23,0,1.08139,0.989272,0.992448,42,2,1167,100,100,1,1,2,-100,0,-100,100,1,160,12,783,36,0,0,6400,332,0,12,0,1988,587,0,24,0,963,1,0,24,0,536,0,0,0,0,0,890,0,42,0,0,263,12,3,0,0,3,3,0,0
3,36,2,40,12,23,0,1.051449,0.949441,0.987567,32,4,1667,100,100,1,1,2,100,-100,0,-100,1,160,12,494,24,0,0,6400,344,0,8,0,1988,546,0,16,0,963,0,0,20,0,536,0,0,0,0,0,1181,0,32,0,0,173,10,2,0,0,2,2,0,0
3,36,3,52,12,23,0,1.067081,0.987695,1.02094,47,3,1417,100,100,1,1,2,-100,100,-100,0,1,160,12,775,33,0,0,6400,374,0,11,0,1988,625,0,22,0,963,0,0,32,0,536,0,0,0,0,0,1068,0,49,0,0,196,16,3,0,0,3,3,0,0
3,37,0,51,13,13,0,1.075792,0.949268,0.990578,42,2,1167,100,97.996972,1,1,2,0,-100,100,-100,1,160,17,895,51,0,0,5936,339,0,17,0,2003,728,0,34,0,1029,1,0,14,0,510,0,0,6,0,18,722,24,37,0,0,86,7,3,0,0,2,2,0,0
3,37,1,52,13,13,0,1.084145,0.988673,0.988586,42,2,1167,100,100,1,1,2,-100,0,-100,100,1,160,17,799,36,0,0,5936,435,0,12,0,2003,599,0,24,0,1029,1,0,12,0,510,0,0,2,0,18,890,8,32,0,0,265,6,4,0,0,4,4,0,0
3,37,2,39,13,13,0,1.052534,0.948826,0.992628,32,4,1667,100,100,1,1,2,100,-100,0,-100,1,160,17,502,21,0,0,5936,377,0,7,0,2003,553,0,14,0,1029,1,0,4,0,510,0,0,12,0,18,1242,48,17,0,0,172,2,3,0,0,3,3,0,0
3,37,3,53,13,13,0,1.067575,0.992755,1.021025,47,3,1417,100,100,1,1,2,-100,100,-100,0,1,160,17,784,30,0,0,5936,424,0,10,0,2003,635,0,20,0,1029,0,0,12,0,510,0,0,3,0,18,1090,12,24,0,0,201,6,1,0,0,1,1,0,0
3,38,0,51,13,9,0,1.07448,0.945878,0.988708,41,2,1167,100,100,1,1,2,0,-100,100,-100,1,160,8,929,51,0,0,6328,343,0,17,0,2000,745,0,34,0,959,1,0,26,0,536,0,0,0,0,0,689,0,51,0,0,95,13,4,0,0,4,4,0,0
3,38,1,57,13,9,0,1.083987,0.991266,0.988747,46,2,1167,100,100,1,1,2,-100,0,-100,100,1,160,8,826,42,0,0,6328,369,0,14,0,2000,610,0,28,0,959,0,0,22,0,536,0,0,0,0,0,887,0,42,0,0,273,11,3,0,0,3,3,0,0
3,38,2,40,13,9,0,1.05598,0.952714,0.99266,34,4,1667,100,100,1,1,2,100,-100,0,-100,1,160,8,519,21,0,0,6328,331,0,7,0,2000,560,0,14,0,959,1,0,30,0,536,0,0,0,0,0,1234,0,41,0,0,185,15,2,0,0,2,2,0,0
3,38,3,51,13,9,0,1.069326,0.9858,1.023341,44,3,1417,100,100,1,1,2,-100,100,-100,0,1,160,8,791,30,0,0,6328,361,0,10,0,2000,645,0,20,0,959,0,0,24,0,536,0,0,0,0,0,1098,0,38,0,0,211,12,2,0,0,2,2,0,0
3,39,0,52,18,9,0,1.084533,0.939681,0.988003,42,2,1167,100,100,1,1,2,0,-100,100,-100,1,160,0,960,45,0,0,5912,365,0,15,0,2000,760,0,30,0,961,1,0,24,0,536,0,0,0,0,11,678,0,45,0,0,104,12,3,0,0,3,3,0,0
3,39,1,61,18,9,0,1.087575,0.990429,0.989331,48,2,1167,100,100,1,1,2,-100,0,-100,100,1,160,0,852,45,0,0,5912,481,0,15,0,2000,622,0,30,0,961,0,0,24,0,536,0,0,0,0,11,870,0,47,0,0,281,12,4,0,0,4,4,0,0
3,39,2,42,18,9,0,1.05671,0.950392,0.988946,35,4,1667,100,100,1,1,2,100,-100,0,-100,1,160,0,536,21,0,0,5912,372,0,7,0,2000,567,0,14,0,961,0,0,34,0,536,0,0,0,0,11,1216,0,45,0,0,200,17,2,0,0,2,2,0,0
3,39,3,53,18,9,0,1.069725,0.989553,1.024318,44,3,1417,100,100,1,1,2,-100,100,-100,0,1,160,0,802,27,0,0,5912,429,0,9,0,2000,654,0,18,0,961,0,0,24,0,536,0,0,0,0,11,1095,0,37,0,0,221,12,2,0,0,2,2,0,0
3,40,0,51,9,15,0,1.084557,0.939696,0.986706,41,2,1167,100,100,1,1,2,0,-100,100,-100,1,160,29,990,48,0,0,6224,385,0,16,0,1988,776,0,32,0,1038,1,0,6,0,463,0,0,17,0,1,744,68,28,0,0,104,3,3,0,0,3,3,0,0
3,40,1,56,9,15,0,1.086389,0.993794,0.993106,48,2,1167,100,100,1,1,2,-100,0,-100,100,1,160,29,857,42,0,0,6224,406,0,14,0,1988,633,0,28,0,1038,1,0,8,0,463,0,0,17,0,1,948,68,30,0,0,281,4,4,0,0,4,4,0,0
3,40,2,42,9,15,0,1.05724,0.949629,0.990627,35,4,1667,100,100,1,1,2,100,-100,0,-100,1,160,29,546,27,0,0,6224,409,0,9,0,1988,576,0,18,0,1038,1,0,12,0,463,0,0,15,0,1,1272,60,27,0,0,203,6,3,0,0,3,3,0,0
3,40,3,53,9,15,0,1.066001,0.990621,1.024725,44,3,1417,100,100,1,1,2,-100,100,-100,0,1,160,29,805,30,0,0,6224,366,0,10,0,1988,664,0,20,0,1038,0,0,6,0,463,0,0,15,0,1,1172,60,24,0,0,220,3,4,0,0,4,4,0,0
1,1,0,99,20,28,0,1.001853,0.996191,0.998076,0,0,667,100,100,0,0,2,0,-100,100,-100,1,160,0,117,72,0,0,5600,402,0,24,0,1856,124,0,48,0,855,19,0,98,0,536,1,0,49,0,0,208,196,156,0,0,32,49,17,0,0,17,17,0,0
1,1,1,99,20,28,0,1.00229,0.995643,0.995117,0,0,667,100,100,0,0,2,-100,0,-100,100,1,160,0,111,75,0,0,5600,409,0,25,0,1856,122,0,50,0,855,10,0,100,0,536,0,0,50,0,0,209,200,159,0,0,33,50,17,0,0,17,17,0,0
1,1,2,96,20,28,0,1.000031,0.992408,0.997014,0,0,667,100,100,0,0,2,100,-100,0,-100,1,160,0,110,69,0,0,5600,403,0,23,0,1856,120,0,46,0,855,16,0,98,0,536,1,0,49,0,0,209,196,155,0,0,32,49,17,0,0,17,17,0,0
1,1,3,98,20,28,0,0.999106,0.99431,0.997423,0,0,667,100,100,0,0,2,-100,100,-100,0,1,160,0,107,72,0,0,5600,410,0,24,0,1856,124,0,48,0,855,20,0,100,0,536,0,0,50,0,0,210,200,158,0,0,33,50,17,0,0,17,17,0,0
1,2,0,99,15,19,0,1.003789,0.995149,0.997334,15,0,667,100,100,0,0,2,0,-100,100,-100,1,160,2,133,78,0,0,5608,469,0,26,0,1849,150,0,52,0,985,1,0,40,0,530,0,0,7,0,65,170,28,100,0,0,35,20,17,0,0,17,17,0,0
1,2,1,99,15,19,0,1.003499,0.998464,0.994308,15,0,667,100,100,0,0,2,-100,0,-100,100,1,160,2,119,69,0,0,5608,487,0,23,0,1849,140,0,46,0,985,1,0,36,0,530,0,0,0,0,65,119,0,93,0,0,34,18,17,0,0,17,17,0,0
1,2,2,99,15,19,0,1.000746,0.99147,0.995817,17,0,667,100,100,0,0,2,100,-100,0,-100,1,160,2,130,75,0,0,5608,466,0,25,0,1849,139,0,50,0,985,0,0,36,0,530,0,0,1,0,65,118,4,95,0,0,33,18,17,0,0,17,17,0,0
1,2,3,91,15,19,0,0.997837,0.9897,0.995322,16,0,667,100,100,0,0,2,-100,100,-100,0,1,160,2,118,75,0,0,5608,479,0,25,0,1849,149,0,50,0,985,0,0,38,0,530,0,0,0,0,65,134,0,97,0,0,35,19,17,0,0,17,17,0,0
1,3,0,98,12,15,0,1.005529,0.993633,0.998714,31,0,667,100,100,0,0,2,0,-100,100,-100,1,160,5,145,75,0,0,6400,345,0,25,0,1942,149,0,50,0,890,0,0,52,0,536,0,0,0,0,0,91,0,111,0,0,44,26,17,0,0,17,17,0,0
1,3,1,95,12,15,0,1.005475,0.999072,0.994156,27,0,667,100,100,0,0,2,-100,0,-100,100,1,160,5,122,63,0,0,6400,367,0,21,0,1942,137,0,42,0,890,1,0,56,0,536,0,0,0,0,0,41,0,111,0,0,45,28,17,0,0,17,17,0,0
1,3,2,101,12,15,0,1.001566,0.989431,0.994695,33,0,667,100,100,0,0,2,100,-100,0,-100,1,160,5,149,78,0,0,6400,341,0,26,0,1942,141,0,52,0,890,0,0,42,0,536,0,0,0,0,0,50,0,102,0,0,37,21,17,0,0,17,17,0,0
1,3,3,91,12,15,0,0.999134,0.992708,0.994377,31,0,667,100,100,0,0,2,-100,100,-100,0,1,160,5,144,81,0,0,6400,361,0,27,0,1942,152,0,54,0,890,1,0,32,0,536,0,0,0,0,0,75,0,93,0,0,34,16,17,0,0,17,17,0,0
1,4,0,86,6,38,0,1.004452,0.992105,0.999482,45,0,667,100,100,0,0,2,0,-100,100,-100,1,160,2,156,75,0,0,5600,406,0,25,0,1835,174,0,50,0,1070,1,0,0,0,334,0,0,39,0,0,220,156,59,0,0,27,0,17,0,0,17,17,0,0
1,4,1,88,6,38,0,1.005646,0.995996,0.992014,40,0,667,100,100,0,0,2,-100,0,-100,100,1,160,2,128,69,0,0,5600,449,0,23,0,1835,160,0,46,0,1070,0,0,2,0,334,0,0,43,0,0,187,172,59,0,0,29,1,17,0,0,17,17,0,0
1,4,2,93,6,38,0,1.001802,0.986103,0.99317,49,0,667,100,100,0,0,2,100,-100,0,-100,1,160,2,157,75,0,0,5600,407,0,25,0,1835,166,0,50,0,1070,0,0,0,0,334,5,0,46,0,0,198,184,59,0,0,20,0,17,0,0,17,17,0,0
1,4,3,86,6,38,0,0.998119,0.991157,0.99668,46,0,667,100,100,0,0,2,-100,100,-100,0,1,160,2,175,84,0,0,5600,450,0,28,0,1835,180,0,56,0,1070,1,0,0,0,334,14,0,37,0,0,193,148,50,0,0,23,0,11,0,0,11,11,0,0
1,5,0,85,11,20,1,1.0039,0.992161,0.996594,60,0,667,100,100,0,0,2,0,-100,100,-100,1,160,5,174,69,0,0,6024,481,0,23,0,1847,197,0,46,0,898,1,0,36,0,536,0,0,0,0,0,163,0,81,0,0,34,18,11,0,0,11,11,0,0
1,5,1,84,11,20,1,1.002112,0.995356,0.989935,54,0,667,100,100,0,0,2,-100,0,-100,100,1,160,5,130,57,0,0,6024,342,0,19,0,1847,179,0,38,0,898,0,0,42,0,536,0,0,0,0,0,138,0,89,0,0,36,21,14,0,0,14,14,0,0
1,5,2,93,11,20,1,1.002904,0.987123,0.99059,65,0,667,100,100,0,0,2,100,-100,0,-100,1,160,5,165,69,0,0,6024,483,0,23,0,1847,186,0,46,0,898,0,0,42,0,536,0,0,5,0,0,162,20,91,0,0,28,21,13,0,0,13,13,0,0
1,5,3,82,11,20,1,0.999705,0.992677,0.997913,54,0,667,100,100,0,0,2,-100,100,-100,0,1,160,5,200,78,0,0,6024,338,0,26,0,1847,206,0,52,0,898,1,0,48,0,536,0,0,14,0,0,185,56,98,0,0,35,24,12,0,0,12,12,0,0
1,6,0,83,17,17,1,1.00636,0.992114,0.995373,68,0,667,100,100,0,0,2,0,-100,100,-100,1,160,0,188,63,0,0,6030,375,0,21,0,1874,218,0,42,0,861,1,0,46,0,536,0,0,0,0,0,115,0,79,0,0,51,23,6,0,0,6,6,0,0
1,6,1,87,17,17,1,1.005017,0.99295,0.989974,66,0,667,100,100,0,0,2,-100,0,-100,100,1,160,0,141,57,0,0,6030,433,0,19,0,1874,198,0,38,0,861,1,0,50,0,536,0,0,0,0,0,87,0,85,0,0,53,25,8,0,0,8,8,0,0
1,6,2,95,17,17,1,1.004266,0.98628,0.991477,74,0,667,100,100,0,0,2,100,-100,0,-100,1,160,0,186,66,0,0,6030,368,0,22,0,1874,205,0,44,0,861,0,0,64,0,536,0,0,0,0,0,92,0,102,0,0,52,32,8,0,0,8,8,0,0
1,6,3,79,17,17,1,1.000197,0.991633,0.99388,62,0,667,100,100,0,0,2,-100,100,-100,0,1,160,0,225,75,0,0,6030,401,0,25,0,1874,231,0,50,0,861,0,0,48,0,536,0,0,0,0,0,128,0,87,0,0,52,24,7,0,0,7,7,0,0
1,7,0,82,14,12,0,1.007726,0.989925,0.995217,71,0,667,100,100,0,0,2,0,-100,100,-100,1,160,11,202,63,0,0,5848,447,0,21,0,1883,239,0,42,0,917,1,0,24,0,533,0,0,0,0,0,94,0,55,0,0,58,12,5,0,0,5,5,0,0
1,7,1,91,14,12,0,1.005873,0.989226,0.990181,72,0,667,100,100,0,0,2,-100,0,-100,100,1,160,11,147,60,0,0,5848,326,0,20,0,1883,218,0,40,0,917,0,0,38,0,533,0,0,0,0,0,49,0,72,0,0,65,19,7,0,0,7,7,0,0
1,7,2,97,14,12,0,1.004046,0.986908,0.990611,80,0,667,100,100,0,0,2,100,-100,0,-100,1,160,11,199,63,0,0,5848,436,0,21,0,1883,226,0,42,0,917,1,0,56,0,533,0,0,3,0,0,47,12,91,0,0,73,28,7,0,0,7,7,0,0
1,7,3,76,14,12,0,0.998614,0.988722,0.993993,64,0,667,100,100,0,0,2,-100,100,-100,0,1,160,11,249,72,0,0,5848,466,0,24,0,1883,255,0,48,0,917,1,0,36,0,533,0,0,0,0,0,92,0,70,0,0,65,18,5,0,0,5,5,0,0
1,8,0,86,16,20,0,1.008826,0.991285,0.996304,73,0,667,100,100,0,0,2,0,-100,100,-100,1,160,0,226,66,0,0,6168,343,0,22,0,1874,261,0,44,0,870,1,0,40,0,536,0,0,0,0,0,60,0,68,0,0,75,20,3,0,0,3,3,0,0
1,8,1,90,16,20,0,1.005427,0.991776,0.98857,76,0,667,100,100,0,0,2,-100,0,-100,100,1,160,0,154,60,0,0,6168,439,0,20,0,1874,238,0,40,0,870,0,0,48,0,536,0,0,0,0,0,3,0,80,0,0,83,24,6,0,0,6,6,0,0
1,8,2,92,16,20,0,1.00371,0.987904,0.989716,81,0,667,100,100,0,0,2,100,-100,0,-100,1,160,0,194,57,0,0,6168,320,0,19,0,1874,251,0,38,0,870,1,0,62,0,536,0,0,0,0,0,0,0,81,0,0,104,31,0,0,0,0,0,0,0
1,8,3,74,16,20,0,1.000134,0.986808,0.993054,63,0,667,100,100,0,0,2,-100,100,-100,0,1,160,0,271,63,0,0,6168,369,0,21,0,1874,276,0,42,0,870,1,0,46,0,536,0,0,0,0,0,48,0,75,0,0,84,23,4,0,0,4,4,0,0
1,9,0,86,9,29,0,1.00952,0.990958,0.996567,74,0,667,100,100,0,0,2,0,-100,100,-100,1,160,5,248,69,0,0,5864,426,0,23,0,1889,281,0,46,0,1036,1,0,2,0,500,0,0,7,0,0,85,28,35,0,0,71,1,5,0,0,5,5,0,0
1,9,1,76,9,29,0,1.009158,0.993409,0.988182,66,0,667,100,100,0,0,2,-100,0,-100,100,1,160,5,161,60,0,0,5864,329,0,20,0,1889,258,0,40,0,1036,1,0,4,0,500,0,0,13,0,0,48,52,32,0,0,81,2,4,0,0,4,4,0,0
1,9,2,85,9,29,0,1.00786,0.987041,0.986793,74,0,667,100,100,0,0,2,100,-100,0,-100,1,160,5,180,48,0,0,5864,388,0,16,0,1889,267,0,32,0,1036,1,0,12,0,500,0,0,11,0,0,36,44,38,0,0,105,6,5,0,0,5,5,0,0
1,9,3,75,9,29,0,1.004856,0.98617,0.991896,64,0,667,100,100,0,0,2,-100,100,-100,0,1,160,5,297,69,0,0,5864,432,0,23,0,1889,299,0,46,0,1036,1,0,14,0,500,0,0,5,0,0,54,20,45,0,0,87,7,4,0,0,4,4,0,0
1,10,0,84,13,13,0,1.008951,0.992275,0.996008,75,0,667,100,100,0,0,2,0,-100,100,-100,1,160,8,269,66,0,0,6048,318,0,22,0,1901,303,0,44,0,865,1,0,42,0,536,0,0,0,0,0,61,0,70,0,0,89,21,3,0,0,3,3,0,0
1,10,1,76,13,13,0,1.01341,0.994583,0.989143,67,0,667,100,100,0,0,2,-100,0,-100,100,1,160,8,183,60,0,0,6048,409,0,20,0,1901,278,0,40,0,865,1,0,42,0,536,0,0,0,0,0,1,0,68,0,0,99,21,3,0,0,3,3,0,0
1,10,2,85,13,13,0,1.008523,0.9847,0.986814,75,0,667,100,100,0,0,2,100,-100,0,-100,1,160,8,132,0,0,0,6048,463,0,0,0,1901,315,0,0,0,865,9,0,64,0,536,0,0,0,0,0,0,0,64,0,0,137,32,0,0,0,0,0,0,0
1,10,3,77,13,13,0,1.008619,0.987297,0.989897,67,0,667,100,100,0,0,2,-100,100,-100,0,1,160,8,323,69,0,0,6048,334,0,23,0,1901,322,0,46,0,865,1,0,48,0,536,0,0,0,0,0,14,0,79,0,0,107,24,4,0,0,4,4,0,0
1,11,0,84,16,16,0,1.008631,0.993601,0.99626,75,0,667,100,100,1,1,2,0,-100,100,-100,1,160,2,286,66,0,0,5848,404,0,22,0,1924,316,0,44,0,946,0,0,28,0,479,0,0,8,0,0,71,32,56,0,0,100,14,3,0,0,3,3,0,0
1,11,1,79,16,16,0,1.016564,0.995966,0.989527,67,0,667,100,100,1,1,2,-100,0,-100,100,1,160,2,203,57,0,0,5848,490,0,19,0,1924,291,0,38,0,946,0,0,22,0,479,0,0,23,0,0,80,92,47,0,0,107,11,3,0,0,3,3,0,0
1,11,2,83,16,16,0,1.010506,0.982616,0.986101,70,0,667,100,100,1,1,2,100,-100,0,-100,1,160,2,145,54,0,0,5848,360,0,18,0,1924,322,0,36,0,946,0,0,54,0,479,0,0,24,0,0,44,96,82,0,0,159,27,5,0,0,5,5,0,0
1,11,3,76,16,16,0,1.009819,0.987161,0.991734,67,0,667,95.199828,92.199828,1,1,2,-100,100,-100,0,1,160,2,340,60,0,0,5848,405,0,20,0,1924,345,0,40,0,946,0,0,34,0,479,0,0,2,0,0,0,8,56,0,0,123,17,1,0,0,0,0,0,0
1,12,0,82,12,24,3,1.014245,0.997331,0.992157,73,0,667,100,100,2,2,2,0,-100,100,-100,1,160,0,307,63,0,0,5888,499,0,21,0,1901,337,0,42,0,980,0,0,16,0,398,0,0,18,0,0,132,72,41,0,0,106,8,2,0,0,2,2,0,0
1,12,1,72,12,24,3,1.017663,0.997163,0.984771,63,0,667,100,100,2,2,2,-100,0,-100,100,1,160,0,209,54,0,0,5888,393,0,18,0,1901,309,0,36,0,980,1,0,20,0,398,0,0,33,0,0,197,132,46,0,0,113,10,4,0,0,4,4,0,0
1,12,2,79,12,24,3,1.009869,0.983199,0.985957,71,0,667,100,100,2,2,2,100,-100,0,-100,1,160,0,146,51,0,0,5888,396,0,17,0,1901,339,0,34,0,980,1,0,30,0,398,8,0,34,0,0,156,136,53,0,0,171,15,3,0,0,3,3,0,0
1,12,3,77,12,24,3,1.011624,0.986336,0.989235,66,0,667,90.356292,87.356292,2,2,2,-100,100,-100,0,1,160,0,372,66,0,0,5888,475,0,22,0,1901,364,0,44,0,980,1,0,20,0,398,0,0,27,0,0,87,108,52,0,0,128,10,5,0,0,4,4,0,0
1,13,0,82,18,22,0,1.018591,1.000196,0.993352,67,0,667,100,100,2,2,2,0,-100,100,-100,1,160,3,321,57,0,0,6104,398,0,19,0,1910,356,0,38,0,962,0,0,16,0,477,0,0,13,0,0,170,52,43,0,0,110,8,4,0,0,4,4,0,0
1,13,1,67,18,22,0,1.021466,1.002007,0.979028,61,0,667,100,100,2,2,2,-100,0,-100,100,1,160,3,222,54,0,0,6104,447,0,18,0,1910,327,0,36,0,962,0,0,24,0,477,0,0,20,0,0,257,80,48,0,0,122,12,3,0,0,3,3,0,0
1,13,2,76,18,22,0,1.012805,0.984159,0.983938,68,0,667,100,100,2,2,2,100,-100,0,-100,1,160,3,157,54,0,0,6104,435,0,18,0,1910,357,0,36,0,962,0,0,46,0,477,0,0,8,0,0,148,32,70,0,0,191,23,3,0,0,3,3,0,0
1,13,3,81,18,22,0,1.012467,0.985719,0.988366,68,0,667,93.356292,90.356292,2,2,2,-100,100,-100,0,1,160,3,405,69,0,0,6104,375,0,23,0,1910,384,0,46,0,962,1,0,14,0,477,0,0,23,0,0,166,92,47,0,0,130,7,5,0,0,4,4,0,0
1,14,0,82,15,12,0,1.020329,1.000966,0.993394,67,0,667,100,100,2,2,2,0,-100,100,-100,1,160,1,336,60,0,0,6048,464,0,20,0,1901,376,0,40,0,1047,1,0,2,0,428,0,0,29,0,0,285,116,34,0,0,105,1,6,0,0,6,6,0,0
1,14,1,69,15,12,0,1.02303,1.003025,0.98007,63,0,667,100,100,2,2,2,-100,0,-100,100,1,160,1,243,57,0,0,6048,361,0,19,0,1901,346,0,38,0,1047,0,0,0,0,428,0,0,27,0,0,376,108,23,0,0,120,0,2,0,0,2,2,0,0
1,14,2,75,15,12,0,1.016078,0.984656,0.984482,67,0,667,100,100,2,2,2,100,-100,0,-100,1,160,1,182,57,0,0,6048,340,0,19,0,1901,376,0,38,0,1047,0,0,12,0,428,5,0,30,0,0,261,120,37,0,0,194,6,3,0,0,3,3,0,0
1,14,3,83,15,12,0,1.016906,0.985284,0.98712,69,0,667,96.356292,93.356292,2,2,2,-100,100,-100,0,1,160,1,429,66,0,0,6048,448,0,22,0,1901,406,0,44,0,1047,1,0,10,0,428,0,0,17,0,0,222,68,44,0,0,129,5,6,0,0,5,5,0,0
1,15,0,70,8,43,1,1.021086,0.998719,0.988398,63,0,667,100,100,2,2,2,0,-100,100,-100,1,160,11,318,36,0,0,6136,370,0,12,0,1904,388,0,24,0,926,1,0,36,0,512,0,0,1,0,0,280,4,56,0,0,119,18,4,0,0,4,4,0,0
1,15,1,64,8,43,1,1.025803,0.994212,0.970575,56,0,667,100,100,2,2,2,-100,0,-100,100,1,160,11,241,36,0,0,6136,408,0,12,0,1904,358,0,24,0,926,0,0,32,0,512,0,0,10,0,0,395,40,48,0,0,134,16,2,0,0,2,2,0,0
1,15,2,65,8,43,1,1.010566,0.989455,0.979644,59,0,667,100,100,2,2,2,100,-100,0,-100,1,160,11,174,30,0,0,6136,383,0,10,0,1904,386,0,20,0,926,0,0,38,0,512,0,0,9,0,0,268,36,52,0,0,211,19,2,0,0,2,2,0,0
1,15,3,75,8,43,1,1.014637,0.982679,0.982825,66,0,667,99.356292,96.356292,2,2,2,-100,100,-100,0,1,160,11,425,45,0,0,6136,350,0,15,0,1904,421,0,30,0,926,1,0,38,0,512,0,0,9,0,0,234,36,63,0,0,143,19,5,0,0,4,4,0,0
1,16,0,69,11,10,0,1.024851,1.000488,0.98593,63,0,667,100,100,2,2,2,0,-100,100,-100,1,160,9,320,36,0,0,5936,448,0,12,0,1991,400,0,24,0,1069,1,0,0,0,329,0,0,36,0,0,441,144,14,0,0,118,0,1,0,0,1,1,0,0
1,16,1,65,11,10,0,1.029955,0.990605,0.970412,57,0,667,100,100,2,2,2,-100,0,-100,100,1,160,9,255,42,0,0,5936,330,0,14,0,1991,372,0,28,0,1069,0,0,0,0,329,26,0,28,0,0,521,112,20,0,0,131,0,3,0,0,3,3,0,0
1,16,2,64,11,10,0,1.011485,0.989031,0.97872,59,0,667,100,100,2,2,2,100,-100,0,-100,1,160,9,167,27,0,0,5936,445,0,9,0,1991,395,0,18,0,1069,1,0,0,0,329,33,0,31,0,0,413,124,13,0,0,209,0,2,0,0,2,2,0,0
1,16,3,77,11,10,0,1.014165,0.982531,0.982426,68,0,667,100,99.356292,2,2,2,-100,100,-100,0,1,160,9,430,48,0,0,5936,427,0,16,0,1991,437,0,32,0,1069,1,0,2,0,329,10,0,38,0,0,394,152,26,0,0,140,1,4,0,0,3,3,0,0
1,17,0,70,7,7,0,1.024831,0.997764,0.985871,63,0,667,100,100,2,2,2,0,-100,100,-100,1,160,11,323,36,0,0,6272,367,0,12,0,1982,409,0,24,0,979,1,0,18,0,525,0,0,3,0,85,432,12,36,0,0,124,9,3,0,0,3,3,0,0
1,17,1,64,7,7,0,1.031796,0.986911,0.968751,57,1,917,100,100,2,2,2,-100,0,-100,100,1,160,11,269,45,0,0,6272,370,0,15,0,1982,387,0,30,0,979,0,0,28,0,525,2,0,26,0,85,545,104,83,0,0,108,14,37,0,0,3,3,0,0
1,17,2,64,7,7,0,1.013209,0.98873,0.975263,59,0,667,100,100,2,2,2,100,-100,0,-100,1,160,11,164,30,0,0,6272,371,0,10,0,1982,405,0,20,0,979,0,0,36,0,525,7,0,29,0,85,482,116,50,0,0,225,18,2,0,0,2,2,0,0
1,17,3,77,7,7,0,1.015703,0.982617,0.981851,70,0,667,100,100,2,2,2,-100,100,-100,0,1,160,11,442,54,0,0,6272,332,0,18,0,1982,455,0,36,0,979,1,0,12,0,525,0,0,13,0,85,440,52,36,0,0,143,6,3,0,0,3,3,0,0
1,18,0,68,12,13,0,1.025665,0.995003,0.986724,62,1,917,100,100,2,2,2,0,-100,100,-100,1,160,14,320,30,0,0,5784,455,0,10,0,2037,406,0,20,0,997,1,0,12,0,382,0,0,30,0,0,541,120,60,0,0,94,6,36,0,0,2,2,0,0
1,18,1,63,12,13,0,1.033859,0.988974,0.967921,57,1,917,100,100,2,2,2,-100,0,-100,100,1,160,14,277,45,0,0,5784,419,0,15,0,2037,385,0,30,0,997,0,0,22,0,382,14,0,26,0,0,636,104,41,0,0,117,11,2,0,0,2,2,0,0
1,18,2,68,12,13,0,1.014297,0.989256,0.974122,60,1,917,100,100,2,2,2,100,-100,0,-100,1,160,14,167,30,0,0,5784,425,0,10,0,2037,404,0,20,0,997,1,0,22,0,382,23,0,30,0,0,559,120,70,0,0,200,11,36,0,0,2,2,0,0
1,18,3,75,12,13,0,1.017917,0.986572,0.978127,68,0,667,100,100,2,2,2,-100,100,-100,0,1,160,14,448,51,0,0,5784,422,0,17,0,2037,461,0,34,0,997,1,0,14,0,382,0,0,32,0,0,565,128,35,0,0,148,7,2,0,0,2,2,0,0
1,19,0,68,13,15,0,1.027011,0.993356,0.986822,60,1,917,100,100,2,2,2,0,-100,100,-100,1,160,21,312,30,0,0,6400,377,0,10,0,2019,407,0,20,0,847,0,0,46,0,536,0,0,0,0,0,519,0,60,0,0,115,23,2,0,0,2,2,0,0
1,19,1,61,13,15,0,1.035226,0.989056,0.96948,56,1,917,100,100,2,2,2,-100,0,-100,100,1,160,21,288,42,0,0,6400,342,0,14,0,2019,389,0,28,0,847,13,0,50,0,536,0,0,14,0,0,654,56,68,0,0,140,25,2,0,0,2,2,0,0
1,19,2,67,13,15,0,1.01697,0.984125,0.971832,57,1,917,100,100,2,2,2,100,-100,0,-100,1,160,21,163,30,0,0,6400,347,0,10,0,2019,411,0,20,0,847,12,0,58,0,536,0,0,23,0,0,606,92,74,0,0,226,29,3,0,0,3,3,0,0
1,19,3,76,13,15,0,1.022006,0.985845,0.975898,67,0,667,100,100,2,2,2,-100,100,-100,0,1,160,21,462,51,0,0,6400,330,0,17,0,2019,466,0,34,0,847,1,0,48,0,536,0,0,0,0,0,527,0,71,0,0,169,24,3,0,0,3,3,0,0
1,20,0,69,13,10,0,1.032547,0.993109,0.984164,59,1,917,100,100,2,2,2,0,-100,100,-100,1,160,14,314,33,0,0,5832,442,0,11,0,1982,418,0,22,0,965,0,0,18,0,426,0,0,23,0,4,610,92,35,0,0,121,9,3,0,0,3,3,0,0
1,20,1,62,13,10,0,1.038813,0.986642,0.971212,55,1,917,100,100,2,2,2,-100,0,-100,100,1,160,14,301,42,0,0,5832,387,0,14,0,1982,403,0,28,0,965,1,0,40,0,426,0,0,22,0,4,714,88,58,0,0,158,20,2,0,0,2,2,0,0
1,20,2,66,13,10,0,1.020732,0.980049,0.967433,57,1,917,100,100,2,2,2,100,-100,0,-100,1,160,14,162,33,0,0,5832,389,0,11,0,1982,422,0,22,0,965,0,0,44,0,426,1,0,30,0,4,699,120,61,0,0,245,22,3,0,0,3,3,0,0
1,20,3,78,13,10,0,1.022546,0.986189,0.974789,70,1,917,100,100,2,2,2,-100,100,-100,0,1,160,14,478,57,0,0,5832,419,0,19,0,1982,482,0,38,0,965,0,0,26,0,426,0,0,26,0,4,580,104,85,0,0,145,13,37,0,0,3,3,0,0
1,21,0,60,9,30,1,1.028143,0.994554,0.982675,54,1,917,100,100,2,2,2,0,-100,100,-100,1,160,11,308,30,0,0,6152,363,0,10,0,1970,428,0,20,0,949,0,0,20,0,483,0,0,4,0,1,623,16,34,0,0,129,10,2,0,0,2,2,0,0
1,21,1,56,9,30,1,1.042444,0.981655,0.975485,50,1,917,100,100,2,2,2,-100,0,-100,100,1,160,11,327,48,0,0,6152,421,0,16,0,1970,419,0,32,0,949,0,0,28,0,483,0,0,5,0,1,717,20,50,0,0,169,14,3,0,0,3,3,0,0
1,21,2,63,9,30,1,1.022279,0.970215,0.963586,54,1,917,100,100,2,2,2,100,-100,0,-100,1,160,11,175,39,0,0,6152,438,0,13,0,1970,435,0,26,0,949,0,0,28,0,483,0,0,11,0,1,730,44,47,0,0,256,14,3,0,0,3,3,0,0
1,21,3,75,9,30,1,1.023333,0.985245,0.976004,67,1,917,100,100,2,2,2,-100,100,-100,0,1,160,11,481,51,0,0,6152,324,0,17,0,1970,499,0,34,0,949,1,0,28,0,483,0,0,4,0,1,579,16,51,0,0,156,14,3,0,0,3,3,0,0
1,22,0,60,11,9,0,1.031066,0.992404,0.983345,54,1,917,100,100,2,2,2,0,-100,100,-100,1,160,3,310,30,0,0,6056,437,0,10,0,1970,438,0,20,0,1025,0,0,10,0,482,0,0,8,0,0,665,32,24,0,0,132,5,2,0,0,2,2,0,0
1,22,1,55,11,9,0,1.046475,0.975699,0.972049,48,1,917,100,100,2,2,2,-100,0,-100,100,1,160,3,355,48,0,0,6056,349,0,16,0,1970,435,0,32,0,1025,0,0,14,0,482,0,0,10,0,0,754,40,34,0,0,174,7,2,0,0,2,2,0,0
1,22,2,65,11,9,0,1.025442,0.972456,0.961696,56,2,1167,100,100,2,2,2,100,-100,0,-100,1,160,3,190,39,0,0,6056,362,0,13,0,1970,448,0,26,0,1025,0,0,20,0,482,0,0,19,0,0,767,76,73,0,0,229,10,37,0,0,3,3,0,0
1,22,3,76,11,9,0,1.022667,0.985336,0.976081,70,1,917,100,100,2,2,2,-100,100,-100,0,1,160,3,497,54,0,0,6056,415,0,18,0,1970,517,0,36,0,1025,0,0,4,0,482,0,0,17,0,0,655,68,26,0,0,156,2,2,0,0,2,2,0,0
1,23,0,58,10,22,0,1.033093,0.989019,0.982556,51,1,917,100,100,2,2,2,0,-100,100,-100,1,160,20,308,30,0,0,6152,367,0,10,0,1969,448,0,20,0,1034,1,0,2,0,498,0,0,2,0,1,708,8,16,0,0,131,1,2,0,0,2,2,0,0
1,23,1,52,10,22,0,1.054401,0.971902,0.964639,45,2,1167,100,100,2,2,2,-100,0,-100,100,1,160,20,383,51,0,0,6152,389,0,17,0,1969,452,0,34,0,1034,1,0,2,0,498,0,0,15,0,1,768,60,57,0,0,139,1,36,0,0,2,2,0,0
1,23,2,62,10,22,0,1.026123,0.970517,0.96011,54,2,1167,100,100,2,2,2,100,-100,0,-100,1,160,20,201,42,0,0,6152,419,0,14,0,1969,457,0,28,0,1034,0,0,10,0,498,0,0,13,0,1,822,52,30,0,0,231,5,3,0,0,3,3,0,0
1,23,3,72,10,22,0,1.025287,0.981434,0.97307,66,1,917,100,100,2,2,2,-100,100,-100,0,1,160,20,512,54,0,0,6152,321,0,18,0,1969,535,0,36,0,1034,1,0,6,0,498,0,0,5,0,1,687,20,28,0,0,157,3,2,0,0,2,2,0,0
1,24,0,59,17,9,0,1.030204,0.988599,0.984155,51,1,917,100,100,2,2,2,0,-100,100,-100,1,160,2,308,27,0,0,6064,452,0,9,0,1973,457,0,18,0,1009,0,0,10,0,488,0,0,9,0,0,753,36,25,0,0,133,5,3,0,0,3,3,0,0
1,24,1,54,17,9,0,1.057283,0.974685,0.967529,45,2,1167,100,100,2,2,2,-100,0,-100,100,1,160,2,415,48,0,0,6064,321,0,16,0,1973,468,0,32,0,1009,1,0,24,0,488,0,0,6,0,0,780,24,46,0,0,148,12,3,0,0,3,3,0,0
1,24,2,65,17,9,0,1.028798,0.969616,0.957586,55,2,1167,100,100,2,2,2,100,-100,0,-100,1,160,2,218,39,0,0,6064,344,0,13,0,1973,470,0,26,0,1009,1,0,14,0,488,0,0,24,0,0,919,96,33,0,0,235,7,3,0,0,3,3,0,0
1,24,3,74,17,9,0,1.027395,0.979246,0.972898,65,1,917,100,100,2,2,2,-100,100,-100,0,1,160,2,534,51,0,0,6064,416,0,17,0,1973,552,0,34,0,1009,0,0,16,0,488,0,0,9,0,0,720,36,37,0,0,163,8,2,0,0,2,2,0,0
1,25,0,59,13,12,0,1.033653,0.989992,0.985997,51,2,1167,100,100,2,2,2,0,-100,100,-100,1,160,18,308,33,0,0,6120,382,0,11,0,1964,468,0,22,0,1056,0,0,0,0,443,0,0,12,0,10,784,48,51,0,0,96,0,37,0,0,3,3,0,0
1,25,1,55,13,12,0,1.061183,0.968402,0.963661,45,2,1167,100,100,2,2,2,-100,0,-100,100,1,160,18,447,48,0,0,6120,371,0,16,0,1964,484,0,32,0,1056,1,0,8,0,443,1,0,23,0,10,866,92,30,0,0,149,4,3,0,0,3,3,0,0
1,25,2,65,13,12,0,1.031807,0.97009,0.958701,56,3,1417,100,100,2,2,2,100,-100,0,-100,1,160,18,233,42,0,0,6120,417,0,14,0,1964,484,0,28,0,1056,1,0,4,0,443,0,0,30,0,10,1013,120,60,0,0,199,2,38,0,0,4,4,0,0
1,25,3,74,13,12,0,1.030688,0.97904,0.974535,63,2,1167,100,100,2,2,2,-100,100,-100,0,1,160,18,548,54,0,0,6120,324,0,18,0,1964,570,0,36,0,1056,0,0,4,0,443,0,0,21,0,10,774,84,64,0,0,127,2,38,0,0,4,4,0,0
1,26,0,59,15,11,0,1.03297,0.988645,0.984521,51,2,1167,100,100,2,2,2,0,-100,100,-100,1,160,18,313,33,0,0,5936,472,0,11,0,1964,479,0,22,0,955,1,0,8,0,536,0,0,0,0,7,793,0,25,0,0,97,4,3,0,0,3,3,0,0
1,26,1,57,15,11,0,1.070621,0.962458,0.962734,43,2,1167,100,100,2,2,2,-100,0,-100,100,1,160,18,474,42,0,0,5936,398,0,14,0,1964,498,0,28,0,955,0,0,40,0,536,0,0,1,0,7,835,4,62,0,0,165,20,4,0,0,4,4,0,0
1,26,2,66,15,11,0,1.032518,0.967455,0.959604,59,3,1417,100,100,2,2,2,100,-100,0,-100,1,160,18,237,42,0,0,5936,338,0,14,0,1964,498,0,28,0,955,1,0,42,0,536,0,0,0,0,7,985,0,62,0,0,217,21,3,0,0,3,3,0,0
1,26,3,75,15,11,0,1.030339,0.977318,0.975948,65,2,1167,100,100,2,2,2,-100,100,-100,0,1,160,18,558,54,0,0,5936,424,0,18,0,1964,588,0,36,0,955,1,0,26,0,536,0,0,0,0,7,756,0,52,0,0,136,13,4,0,0,4,4,0,0
1,27,0,62,19,8,0,1.033507,0.984887,0.984575,53,2,1167,100,100,2,2,2,0,-100,100,-100,1,160,3,319,36,0,0,6248,401,0,12,0,2019,476,0,24,0,973,0,0,10,0,512,0,0,3,0,0,811,12,28,0,0,99,5,3,0,0,3,3,0,0
1,27,1,62,19,8,0,1.079328,0.964432,0.954518,45,2,1167,100,100,2,2,2,-100,0,-100,100,1,160,3,514,54,0,0,6248,323,0,18,0,2019,502,0,36,0,973,1,0,32,0,512,0,0,5,0,0,829,20,60,0,0,176,16,5,0,0,5,5,0,0
1,27,2,69,19,8,0,1.037177,0.968194,0.959175,60,3,1417,100,100,2,2,2,100,-100,0,-100,1,160,3,263,48,0,0,6248,408,0,16,0,2019,500,0,32,0,973,0,0,34,0,512,0,0,9,0,0,1001,36,54,0,0,232,17,2,0,0,2,2,0,0
1,27,3,75,19,8,0,1.032297,0.979974,0.974935,66,2,1167,100,100,2,2,2,-100,100,-100,0,1,160,3,578,54,0,0,6248,331,0,18,0,2019,582,0,36,0,973,1,0,24,0,512,0,0,7,0,0,769,28,48,0,0,145,12,3,0,0,3,3,0,0
1,28,0,60,9,11,0,1.034171,0.984541,0.984798,53,2,1167,100,100,2,2,2,0,-100,100,-100,1,160,22,315,33,0,0,6080,328,0,11,0,1946,487,0,22,0,1072,0,0,0,0,418,0,0,12,0,3,876,48,17,0,0,96,0,3,0,0,3,3,0,0
1,28,1,63,9,11,0,1.082416,0.962063,0.955704,48,2,1167,100,100,2,2,2,-100,0,-100,100,1,160,22,545,54,0,0,6080,363,0,18,0,1946,520,0,36,0,1072,1,0,0,0,418,19,0,25,0,3,929,100,30,0,0,170,0,6,0,0,6,6,0,0
1,28,2,68,9,11,0,1.037395,0.966193,0.958732,60,3,1417,100,100,2,2,2,100,-100,0,-100,1,160,22,269,51,0,0,6080,322,0,17,0,1946,517,0,34,0,1072,0,0,0,0,418,0,0,34,0,3,1146,136,25,0,0,228,0,4,0,0,4,4,0,0
1,28,3,75,9,11,0,1.033065,0.97851,0.97395,67,2,1167,100,100,2,2,2,-100,100,-100,0,1,160,22,590,57,0,0,6080,437,0,19,0,1946,598,0,38,0,1072,1,0,0,0,418,0,0,25,0,3,879,100,25,0,0,142,0,3,0,0,3,3,0,0
1,29,0,60,9,14,0,1.037049,0.982117,0.981786,52,2,1167,100,100,2,2,2,0,-100,100,-100,1,160,20,314,33,0,0,5984,409,0,11,0,1946,498,0,22,0,977,0,0,6,0,507,0,0,6,0,1,913,24,21,0,0,97,3,2,0,0,2,2,0,0
1,29,1,62,9,14,0,1.082431,0.96253,0.956515,52,2,1167,100,100,2,2,2,-100,0,-100,100,1,160,20,571,54,0,0,5984,394,0,18,0,1946,538,0,36,0,977,0,0,44,0,507,0,0,19,0,1,966,76,72,0,0,187,22,5,0,0,5,5,0,0
1,29,2,68,9,14,0,1.039936,0.96483,0.958609,62,3,1417,100,100,2,2,2,100,-100,0,-100,1,160,20,286,51,0,0,5984,373,0,17,0,1946,534,0,34,0,977,0,0,22,0,507,0,0,15,0,1,1194,60,43,0,0,237,11,2,0,0,2,2,0,0
1,29,3,71,9,14,0,1.032642,0.983259,0.976326,64,2,1167,100,100,2,2,2,-100,100,-100,0,1,160,20,605,60,0,0,5984,342,0,20,0,1946,615,0,40,0,977,1,0,24,0,507,0,0,5,0,1,879,20,50,0,0,151,12,3,0,0,3,3,0,0
1,30,0,59,17,19,0,1.038762,0.982613,0.981095,52,2,1167,100,100,2,2,2,0,-100,100,-100,1,160,7,314,30,0,0,5976,339,0,10,0,1963,508,0,20,0,972,1,0,8,0,536,0,0,0,0,0,923,0,24,0,0,98,4,3,0,0,3,3,0,0
1,30,1,61,17,19,0,1.085343,0.958482,0.953369,54,2,1167,100,100,2,2,2,-100,0,-100,100,1,160,7,598,54,0,0,5976,418,0,18,0,1963,556,0,36,0,972,0,0,36,0,536,0,0,0,0,0,935,0,58,0,0,203,18,2,0,0,2,2,0,0
1,30,2,67,17,19,0,1.042072,0.968366,0.956784,59,3,1417,100,100,2,2,2,100,-100,0,-100,1,160,7,307,48,0,0,5976,433,0,16,0,1963,547,0,32,0,972,0,0,34,0,536,0,0,0,0,0,1167,0,52,0,0,253,17,1,0,0,1,1,0,0
1,30,3,72,17,19,0,1.038276,0.985616,0.974928,61,2,1167,100,100,2,2,2,-100,100,-100,0,1,160,7,630,54,0,0,5976,429,0,18,0,1963,625,0,36,0,972,0,0,22,0,536,0,0,0,0,0,864,0,44,0,0,160,11,2,0,0,2,2,0,0
1,31,0,59,14,14,0,1.039506,0.981609,0.98359,52,2,1167,100,100,2,2,2,0,-100,100,-100,1,160,2,320,30,0,0,6264,406,0,10,0,1955,515,0,20,0,1054,1,0,2,0,438,0,0,9,0,0,977,36,16,0,0,97,1,2,0,0,2,2,0,0
1,31,1,62,14,14,0,1.084689,0.956822,0.955706,53,3,1417,100,100,2,2,2,-100,0,-100,100,1,160,2,629,54,0,0,6264,339,0,18,0,1955,569,0,36,0,1054,1,0,6,0,438,5,0,25,0,0,1005,100,64,0,0,169,3,37,0,0,3,3,0,0
1,31,2,67,14,14,0,1.050856,0.964475,0.955859,57,4,1667,100,100,2,2,2,100,-100,0,-100,1,160,2,330,51,0,0,6264,349,0,17,0,1955,559,0,34,0,1054,0,0,6,0,438,0,0,24,0,0,1234,96,63,0,0,219,3,37,0,0,3,3,0,0
1,31,3,71,14,14,0,1.039896,0.983872,0.979654,60,2,1167,100,100,2,2,2,-100,100,-100,0,1,160,2,653,66,0,0,6264,335,0,22,0,1955,642,0,44,0,1054,1,0,2,0,438,0,0,17,0,0,934,68,32,0,0,157,1,4,0,0,4,4,0,0
1,32,0,54,11,28,0,1.040831,0.98589,0.981422,48,2,1167,100,100,2,2,2,0,-100,100,-100,1,160,9,326,33,0,0,5960,336,0,11,0,1931,526,0,22,0,958,0,0,16,0,521,0,0,0,0,0,975,0,33,0,0,102,8,3,0,0,3,3,0,0
1,32,1,62,11,28,0,1.085275,0.951584,0.951996,51,3,1417,100,100,2,2,2,-100,0,-100,100,1,160,9,652,48,0,0,5960,373,0,16,0,1931,585,0,32,0,958,3,0,46,0,521,0,0,7,0,0,992,28,68,0,0,189,23,3,0,0,3,3,0,0
1,32,2,57,11,28,0,1.055487,0.969493,0.95271,47,4,1667,100,100,2,2,2,100,-100,0,-100,1,160,9,338,48,0,0,5960,402,0,16,0,1931,575,0,32,0,958,0,0,30,0,521,0,0,4,0,0,1213,16,54,0,0,230,15,4,0,0,4,4,0,0
1,32,3,69,11,28,0,1.042269,0.978492,0.978402,61,2,1167,100,100,2,2,2,-100,100,-100,0,1,160,9,675,60,0,0,5960,420,0,20,0,1931,659,0,40,0,958,1,0,18,0,521,0,0,9,0,0,963,36,44,0,0,163,9,3,0,0,3,3,0,0
1,33,0,55,17,15,2,1.040202,0.986593,0.977362,47,3,1417,100,100,2,2,2,0,-100,100,-100,1,160,12,340,33,0,0,6176,391,0,11,0,1946,537,0,22,0,1072,0,0,0,0,402,0,0,12,0,0,1005,48,49,0,0,66,0,36,0,0,2,2,0,0
1,33,1,61,17,15,2,1.088191,0.953079,0.955271,50,3,1417,100,100,2,2,2,-100,0,-100,100,1,160,12,678,51,0,0,6176,382,0,17,0,1946,602,0,34,0,1072,1,0,2,0,402,35,0,21,0,0,1079,84,27,0,0,186,1,4,0,0,4,4,0,0
1,33,2,57,17,15,2,1.061359,0.966897,0.951691,49,4,1667,100,100,2,2,2,100,-100,0,-100,1,160,12,369,51,0,0,6176,328,0,17,0,1946,592,0,34,0,1072,0,0,0,0,402,15,0,24,0,0,1319,96,23,0,0,227,0,3,0,0,3,3,0,0
1,33,3,71,17,15,2,1.044078,0.978507,0.977109,63,3,1417,100,100,2,2,2,-100,100,-100,0,1,160,12,706,63,0,0,6176,330,0,21,0,1946,677,0,42,0,1072,1,0,0,0,402,0,0,27,0,0,1046,108,59,0,0,127,0,36,0,0,2,2,0,0
1,34,0,49,14,14,0,1.043191,0.98412,0.977739,45,3,1417,100,100,2,2,2,0,-100,100,-100,1,160,14,331,27,0,0,6016,327,0,9,0,1943,546,0,18,0,1018,0,0,2,0,457,0,0,9,0,11,1060,36,15,0,0,65,1,2,0,0,2,2,0,0
1,34,1,64,14,14,0,1.086137,0.949649,0.954449,52,3,1417,100,100,2,2,2,-100,0,-100,100,1,160,14,704,51,0,0,6016,384,0,17,0,1943,619,0,34,0,1018,0,0,30,0,457,43,0,21,0,11,1141,84,55,0,0,197,15,4,0,0,4,4,0,0
1,34,2,55,14,14,0,1.060382,0.965747,0.949538,47,4,1667,100,100,2,2,2,100,-100,0,-100,1,160,14,393,42,0,0,6016,393,0,14,0,1943,606,0,28,0,1018,0,0,14,0,457,14,0,25,0,11,1409,100,34,0,0,231,7,3,0,0,3,3,0,0
1,34,3,76,14,14,0,1.047774,0.976965,0.976971,64,3,1417,100,100,2,2,2,-100,100,-100,0,1,160,14,746,69,0,0,6016,404,0,23,0,1943,697,0,46,0,1018,0,0,6,0,457,0,0,16,0,11,1109,64,35,0,0,127,3,3,0,0,3,3,0,0
1,35,0,50,15,19,0,1.039051,0.979361,0.982228,44,3,1417,100,100,2,2,2,0,-100,100,-100,1,160,7,342,27,0,0,6020,389,0,9,0,1946,555,0,18,0,1045,0,0,2,0,449,0,0,9,0,0,1116,36,13,0,0,65,1,1,0,0,1,1,0,0
1,35,1,61,15,19,0,1.090034,0.946083,0.952391,49,4,1667,100,100,2,2,2,-100,0,-100,100,1,160,7,725,48,0,0,6020,381,0,16,0,1946,635,0,32,0,1045,1,0,6,0,449,61,0,21,0,0,1190,84,64,0,0,162,3,38,0,0,4,4,0,0
1,35,2,57,15,19,0,1.064846,0.965742,0.950101,49,4,1667,100,100,2,2,2,100,-100,0,-100,1,160,7,419,42,0,0,6020,324,0,14,0,1946,620,0,28,0,1045,1,0,8,0,449,12,0,26,0,0,1521,104,26,0,0,233,4,2,0,0,2,2,0,0
1,35,3,72,15,19,0,1.048369,0.975148,0.974615,62,3,1417,100,100,2,2,2,-100,100,-100,0,1,160,7,765,60,0,0,6020,478,0,20,0,1946,714,0,40,0,1045,0,0,6,0,449,0,0,15,0,0,1169,60,34,0,0,126,3,4,0,0,4,4,0,0
1,36,0,53,18,8,0,1.036664,0.97478,0.980303,43,3,1417,100,100,2,2,2,0,-100,100,-100,1,160,12,346,27,0,0,6168,330,0,9,0,1961,564,0,18,0,996,1,0,2,0,476,0,0,15,0,7,1193,60,17,0,0,63,1,3,0,0,3,3,0,0
1,36,1,64,18,8,0,1.094089,0.9462,0.954409,51,4,1667,100,100,2,2,2,-100,0,-100,100,1,160,12,760,51,0,0,6168,383,0,17,0,1961,652,0,34,0,996,1,0,34,0,476,59,0,23,0,7,1257,92,59,0,0,175,17,4,0,0,4,4,0,0
1,36,2,60,18,8,0,1.066372,0.962775,0.949726,50,4,1667,100,100,2,2,2,100,-100,0,-100,1,160,12,447,45,0,0,6168,404,0,15,0,1961,635,0,30,0,996,0,0,28,0,476,0,0,21,0,7,1583,84,49,0,0,244,14,3,0,0,3,3,0,0
1,36,3,73,18,8,0,1.049655,0.972558,0.973909,65,4,1667,100,100,2,2,2,-100,100,-100,0,1,160,12,792,63,0,0,6168,385,0,21,0,1961,732,0,42,0,996,0,0,12,0,476,0,0,15,0,7,1189,60,71,0,0,96,6,36,0,0,2,2,0,0
1,37,0,49,15,19,0,1.038105,0.978187,0.979508,40,3,1417,100,100,2,2,2,0,-100,100,-100,1,160,3,356,30,0,0,6016,379,0,10,0,1958,574,0,20,0,964,1,0,12,0,534,0,0,2,0,0,1202,8,28,0,0,66,6,3,0,0,3,3,0,0
1,37,1,64,15,19,0,1.094915,0.938011,0.955447,52,4,1667,100,100,2,2,2,-100,0,-100,100,1,160,3,781,51,0,0,6016,390,0,17,0,1958,669,0,34,0,964,1,0,42,0,534,34,0,25,0,0,1320,100,67,0,0,192,21,4,0,0,4,4,0,0
1,37,2,56,15,19,0,1.06792,0.965885,0.951182,51,4,1667,100,100,2,2,2,100,-100,0,-100,1,160,3,472,45,0,0,6016,329,0,15,0,1958,650,0,30,0,964,0,0,24,0,534,0,0,0,0,0,1569,0,43,0,0,254,12,2,0,0,2,2,0,0
1,37,3,77,15,19,0,1.052282,0.971558,0.972638,66,4,1667,100,100,2,2,2,-100,100,-100,0,1,160,3,822,63,0,0,6016,459,0,21,0,1958,750,0,42,0,964,1,0,26,0,534,0,0,0,0,0,1170,0,53,0,0,106,13,3,0,0,3,3,0,0
1,38,0,52,11,13,0,1.041404,0.978033,0.981558,41,4,1667,100,100,2,2,2,0,-100,100,-100,1,160,18,369,30,0,0,6048,432,0,10,0,1955,584,0,20,0,979,1,0,6,0,494,0,0,12,0,1,1225,48,56,0,0,32,3,37,0,0,3,3,0,0
1,38,1,62,11,13,0,1.096032,0.933963,0.955685,54,4,1667,100,100,2,2,2,-100,0,-100,100,1,160,18,802,51,0,0,6048,413,0,17,0,1955,686,0,34,0,979,0,0,52,0,494,7,0,27,0,1,1375,108,77,0,0,214,26,4,0,0,4,4,0,0
1,38,2,60,11,13,0,1.070733,0.965785,0.949826,52,4,1667,100,100,2,2,2,100,-100,0,-100,1,160,18,505,48,0,0,6048,393,0,16,0,1955,666,0,32,0,979,1,0,14,0,494,0,0,18,0,1,1633,72,34,0,0,259,7,2,0,0,2,2,0,0
1,38,3,70,11,13,0,1.04769,0.975947,0.969127,65,4,1667,100,100,2,2,2,-100,100,-100,0,1,160,18,831,60,0,0,6048,362,0,20,0,1955,767,0,40,0,979,0,0,22,0,494,0,0,12,0,1,1217,48,46,0,0,115,11,2,0,0,2,2,0,0
1,39,0,56,17,15,0,1.041821,0.975654,0.976534,42,4,1667,100,100,3,3,2,0,-100,100,-100,1,160,0,382,33,0,0,6104,369,0,11,0,1955,595,0,22,0,1010,0,0,10,0,484,0,0,12,0,0,1278,48,29,0,0,33,5,4,0,0,4,4,0,0
1,39,1,59,17,15,0,1.097369,0.93431,0.956245,53,4,1667,100,100,3,3,2,-100,0,-100,100,1,160,0,824,48,0,0,6104,335,0,16,0,1955,702,0,32,0,1010,0,0,18,0,484,1,0,24,0,0,1463,96,38,0,0,221,9,2,0,0,2,2,0,0
1,39,2,60,17,15,0,1.078608,0.96491,0.953301,52,4,1667,91.607766,88.607766,3,3,2,100,-100,0,-100,1,160,0,532,48,0,0,6104,469,0,16,0,1955,682,0,32,0,1010,0,0,16,0,484,0,0,9,0,0,1647,36,38,0,0,264,8,3,0,0,2,2,0,0
1,39,3,71,17,15,0,1.052767,0.976898,0.971352,65,4,1667,100,100,3,3,2,-100,100,-100,0,1,160,0,861,57,0,0,6104,417,0,19,0,1955,786,0,38,0,1010,0,0,20,0,484,0,0,13,0,0,1259,52,41,0,0,124,10,1,0,0,1,1,0,0
1,40,0,59,11,9,0,1.043573,0.97107,0.976105,45,4,1667,100,100,3,3,2,0,-100,100,-100,1,160,14,398,36,0,0,6176,437,0,12,0,1952,607,0,24,0,992,0,0,12,0,533,0,0,0,0,0,1278,0,34,0,0,34,6,5,0,0,5,5,0,0
1,40,1,61,11,9,0,1.100016,0.929374,0.960121,53,4,1667,100,100,3,3,2,-100,0,-100,100,1,160,14,855,51,0,0,6176,339,0,17,0,1952,719,0,34,0,992,0,0,22,0,533,0,0,4,0,0,1470,16,43,0,0,230,11,2,0,0,2,2,0,0
1,40,2,59,11,9,0,1.083381,0.9642,0.952743,51,4,1667,94.607766,91.607766,3,3,2,100,-100,0,-100,1,160,14,553,48,0,0,6176,393,0,16,0,1952,698,0,32,0,992,1,0,16,0,533,0,0,0,0,0,1627,0,40,0,0,268,8,4,0,0,3,3,0,0
1,40,3,69,11,9,0,1.053492,0.977264,0.971369,64,4,1667,100,100,3,3,2,-100,100,-100,0,1,160,14,877,57,0,0,6176,327,0,19,0,1952,802,0,38,0,992,0,0,26,0,533,0,0,0,0,0,1242,0,49,0,0,135,13,2,0,0,2,2,0,0
