graine,jour,faction,population,naissances_total,morts_total,predations_total,vitesse,taille,perception,armes_equipees,reserves,capacite,defenses_fin,defenses_min_jour,raids_cumul,coalitions_cumul,plans,confiance_0,confiance_1,confiance_2,confiance_3,allies,nourriture_aube,carte_nourriture,stock_nourriture,production_nourriture,consommation_nourriture,sac_nourriture,carte_eau,stock_eau,production_eau,consommation_eau,sac_eau,carte_terre,stock_terre,production_terre,consommation_terre,sac_terre,carte_minerai,stock_minerai,production_minerai,consommation_minerai,sac_minerai,carte_charbon,stock_charbon,production_charbon,consommation_charbon,sac_charbon,carte_energie,stock_energie,production_energie,consommation_energie,sac_energie,carte_fer,stock_fer,production_fer,consommation_fer,sac_fer,carte_armes,stock_armes,production_armes,consommation_armes,sac_armes
4,1,0,47,1,14,0,0.998125,1.005678,1.013803,0,0,334,100,100,0,0,0,0,2,2,2,0,40,2,45,36,0,0,2816,201,0,12,0,932,62,0,24,0,476,2,0,48,0,261,6,0,24,0,0,102,96,78,0,0,15,24,9,0,0,9,9,0,0
4,1,1,46,1,14,0,1.002195,1.008287,1.014716,0,0,334,100,100,0,0,0,2,0,2,2,0,40,2,43,36,0,0,2816,201,0,12,0,932,62,0,24,0,476,0,0,46,0,261,1,0,24,0,0,104,96,76,0,0,14,23,9,0,0,9,9,0,0
4,1,2,48,1,14,0,0.997678,1.005521,1.017785,0,0,334,100,100,0,0,0,2,2,0,0,0,40,2,46,39,0,0,2816,200,0,13,0,932,63,0,26,0,476,1,0,46,0,261,4,0,24,0,0,103,96,77,0,0,14,23,9,0,0,9,9,0,0
4,1,3,46,1,14,0,1.005543,1.003372,1.009627,0,0,334,100,100,0,0,0,2,2,0,0,0,40,2,43,36,0,0,2816,201,0,12,0,932,62,0,24,0,476,2,0,48,0,261,4,0,24,0,0,102,96,78,0,0,15,24,9,0,0,9,9,0,0
4,2,0,46,1,4,0,1.000595,1.004978,1.013067,9,0,334,100,100,0,0,0,0,4,4,4,0,40,3,38,33,0,0,2832,239,0,11,0,962,70,0,22,0,471,1,0,22,0,272,0,0,6,0,65,75,24,51,0,0,17,11,9,0,0,9,9,0,0
4,2,1,46,1,4,0,1.003016,1.008336,1.01565,9,0,334,100,100,0,0,0,4,0,4,4,0,40,3,44,36,0,0,2832,231,0,12,0,962,71,0,24,0,471,1,0,18,0,272,0,0,1,0,65,63,4,48,0,0,14,9,9,0,0,9,9,0,0
4,2,2,47,1,4,0,0.996822,1.005118,1.019682,9,0,334,100,100,0,0,0,4,4,0,0,0,40,3,45,39,0,0,2832,235,0,13,0,962,64,0,26,0,471,1,0,16,0,272,0,0,4,0,65,72,16,47,0,0,13,8,9,0,0,9,9,0,0
4,2,3,45,1,4,0,1.003979,1.003446,1.009716,9,0,334,100,100,0,0,0,4,4,0,0,0,40,3,44,36,0,0,2832,231,0,12,0,962,68,0,24,0,471,1,0,18,0,272,0,0,4,0,65,70,16,48,0,0,15,9,9,0,0,9,9,0,0
4,3,0,36,1,28,3,1.000577,1.004019,1.007709,16,0,334,100,100,0,0,0,0,2,-8,10,0,40,0,19,15,0,0,3200,188,0,5,0,944,75,0,10,0,503,1,0,6,0,211,0,0,18,0,0,135,72,29,0,0,11,3,9,0,0,9,9,0,0
4,3,1,40,1,28,3,1.003481,1.009466,1.0108,16,0,334,100,100,0,0,0,2,0,0,-6,0,40,0,34,21,0,0,3200,178,0,7,0,944,78,0,14,0,503,1,0,14,0,211,0,0,11,0,0,84,44,39,0,0,12,7,9,0,0,9,9,0,0
4,3,2,42,1,28,3,0.995892,1.00776,1.021969,14,0,334,100,100,0,0,0,-8,0,0,-8,0,40,0,42,33,0,0,3200,177,0,11,0,944,75,0,22,0,503,1,0,8,0,211,0,0,17,0,0,118,68,37,0,0,8,4,9,0,0,9,9,0,0
4,3,3,39,1,28,3,0.999597,1.002134,1.012154,15,0,334,100,100,0,0,0,10,-6,-8,0,0,40,0,25,18,0,0,3200,180,0,6,0,944,74,0,12,0,503,0,0,14,0,211,0,0,12,0,0,97,48,38,0,0,13,7,9,0,0,9,9,0,0
4,4,0,24,0,32,2,1.002412,1.002176,1.000741,21,0,334,100,100,0,0,0,0,0,-10,4,0,40,0,20,12,0,0,2896,205,0,4,0,1013,79,0,8,0,487,1,0,16,0,257,0,0,3,0,27,126,12,24,0,0,17,8,2,0,0,2,2,0,0
4,4,1,35,0,32,2,1.00248,1.007636,1.002597,25,0,334,100,100,0,0,0,0,0,2,-10,0,40,0,18,15,0,0,2896,221,0,5,0,1013,83,0,10,0,487,0,0,16,0,257,0,0,4,0,27,81,16,31,0,0,15,8,5,0,0,5,5,0,0
4,4,2,40,0,32,2,0.994073,1.009322,1.022939,21,0,334,100,100,0,0,0,-10,2,0,-10,0,40,0,38,30,0,0,2896,205,0,10,0,1013,85,0,20,0,487,1,0,12,0,257,0,0,3,0,27,96,12,40,0,0,5,6,9,0,0,9,9,0,0
4,4,3,26,0,32,2,1.001514,1.004233,1.002483,20,0,334,100,100,0,0,0,4,-10,-10,0,0,40,0,21,12,0,0,2896,216,0,4,0,1013,78,0,8,0,487,0,0,14,0,257,0,0,5,0,27,105,20,24,0,0,17,7,3,0,0,3,3,0,0
4,5,0,21,0,42,6,1.012661,1.008623,1.000983,21,0,334,100,100,0,0,0,0,-10,-10,0,0,40,0,18,12,0,0,3120,177,0,4,0,1025,83,0,8,0,514,0,0,10,0,252,0,0,2,0,0,136,8,14,0,0,22,5,0,0,0,0,0,0,0
4,5,1,13,0,42,6,1.010434,1.007408,0.993113,11,0,334,100,100,0,0,0,-10,0,-18,-26,0,40,0,12,9,0,0,3120,183,0,3,0,1025,86,0,6,0,514,1,0,6,0,252,0,0,2,0,0,79,8,11,0,0,17,3,1,0,0,1,1,0,0
4,5,2,28,0,42,6,0.991806,1.009854,1.014,25,0,334,100,100,0,0,0,-10,-18,0,-5,0,40,0,28,21,0,0,3120,222,0,7,0,1025,92,0,14,0,514,1,0,4,0,252,0,0,9,0,0,125,36,15,0,0,5,2,2,0,0,2,2,0,0
4,5,3,21,0,42,6,1.000226,1.011786,0.999424,21,0,334,100,100,0,0,0,0,-26,-5,0,0,40,0,19,12,0,0,3120,186,0,4,0,1025,82,0,8,0,514,1,0,0,0,252,0,0,7,0,0,145,28,4,0,0,17,0,0,0,0,0,0,0,0
4,6,0,18,0,11,0,1.007662,1.005363,1.001147,18,0,334,100,100,5,0,0,0,-10,-8,-10,0,40,7,13,9,0,0,3096,201,0,3,0,1034,86,0,6,0,514,0,0,8,0,251,0,0,3,0,7,152,12,11,0,0,26,4,0,0,0,0,0,0,0
4,6,1,12,0,11,0,1.008961,1.001982,0.987165,11,0,334,47.847762,44.847762,5,0,0,-10,0,-18,-56,0,40,7,17,9,0,0,3096,167,0,3,0,1034,89,0,6,0,514,1,0,6,0,251,0,0,0,0,7,83,0,13,0,0,18,3,2,0,0,1,1,0,0
4,6,2,26,0,11,0,0.992974,1.007902,1.012069,25,0,334,100,100,5,0,0,-8,-18,0,-15,0,40,7,29,21,0,0,3096,187,0,7,0,1034,99,0,14,0,514,0,0,12,0,251,0,0,3,0,7,133,12,21,0,0,10,6,1,0,0,1,1,0,0
4,6,3,16,0,11,0,1.005623,1.022698,1.017644,16,0,334,100,100,5,0,0,-10,-56,-15,0,0,40,7,14,9,0,0,3096,218,0,3,0,1034,85,0,6,0,514,0,0,6,0,251,0,0,0,0,7,148,0,9,0,0,20,3,0,0,0,0,0,0,0
4,7,0,18,0,6,0,1.007662,1.005363,1.001147,18,0,334,100,100,10,0,0,0,-22,-6,-10,0,40,10,11,9,0,0,3128,180,0,3,0,1040,89,0,6,0,505,1,0,10,0,272,0,0,0,0,10,156,0,13,0,0,31,5,0,0,0,0,0,0,0
4,7,1,11,0,6,0,1.005696,1.01178,0.984156,11,0,334,11.17678,8.17678,10,0,0,-22,0,-22,-94,0,40,10,22,9,0,0,3128,160,0,3,0,1040,92,0,6,0,505,0,0,10,0,272,0,0,0,0,10,77,0,15,0,0,22,5,1,0,0,0,0,0,0
4,7,2,23,0,6,0,0.992298,1.010991,1.005769,23,0,334,100,100,10,0,0,-6,-22,0,-15,0,40,10,34,21,0,0,3128,218,0,7,0,1040,106,0,14,0,505,0,0,8,0,272,0,0,0,0,10,133,0,15,0,0,14,4,0,0,0,0,0,0,0
4,7,3,14,0,6,0,1.009886,1.032424,1.019227,14,0,334,75.360928,72.360928,10,0,0,-10,-94,-15,0,0,40,10,12,9,0,0,3128,199,0,3,0,1040,88,0,6,0,505,1,0,4,0,272,0,0,0,0,10,156,0,9,0,0,21,2,1,0,0,0,0,0,0
4,8,0,14,0,12,0,1.003677,0.997868,1.00162,14,0,334,100,100,15,0,0,0,-28,5,-12,0,40,3,16,6,0,0,3170,182,0,2,0,1043,91,0,4,0,523,0,0,10,0,266,0,0,3,0,22,162,12,12,0,0,36,5,0,0,0,0,0,0,0
4,8,1,10,0,12,0,1.018272,1.017108,0.998371,10,0,334,3,0,15,0,0,-28,0,-40,-100,0,40,3,15,9,0,0,3170,154,0,3,0,1043,95,0,6,0,523,0,0,6,0,266,0,0,0,0,22,72,0,11,0,0,24,3,1,0,0,0,0,0,0
4,8,2,20,0,12,0,0.992032,1.015461,1.006321,20,0,334,78.07893,75.07893,15,0,0,5,-40,0,-10,0,40,3,42,21,0,0,3170,188,0,7,0,1043,113,0,14,0,523,0,0,0,0,266,0,0,3,0,22,151,12,9,0,0,13,0,1,0,0,0,0,0,0
4,8,3,10,0,12,0,1.01176,1.037296,1.040218,10,0,334,78.360928,75.360928,15,0,0,-12,-100,-10,0,0,40,3,15,9,0,0,3170,182,0,3,0,1043,91,0,6,0,523,0,0,4,0,266,0,0,0,0,22,164,0,9,0,0,22,2,1,0,0,0,0,0,0
4,9,0,14,1,4,0,1.003677,0.997868,1.00162,14,0,334,100,100,20,0,0,0,-24,-8,-22,0,40,9,16,6,0,0,3200,166,0,2,0,1043,93,0,4,0,523,0,0,12,0,272,0,0,0,0,12,165,0,14,0,0,42,6,0,0,0,0,0,0,0
4,9,1,8,1,4,0,1.018132,1.01737,1.010549,8,0,334,3,0,20,0,0,-24,0,-72,-100,0,40,9,11,6,0,0,3200,142,0,2,0,1043,97,0,4,0,523,0,0,6,0,272,0,0,0,0,12,71,0,10,0,0,18,3,1,0,0,0,0,0,0
4,9,2,20,1,4,0,0.992032,1.015461,1.006321,20,0,334,35.952636,32.952636,20,0,0,-8,-72,0,-10,0,40,9,57,21,0,0,3200,161,0,7,0,1043,120,0,14,0,523,1,0,2,0,272,0,0,0,0,12,157,0,11,0,0,18,1,1,0,0,0,0,0,0
4,9,3,9,1,4,0,1.009965,1.017505,1.030098,8,0,334,81.360928,78.360928,20,0,0,-22,-100,-10,0,0,40,9,22,9,0,0,3200,169,0,3,0,1043,94,0,6,0,523,0,0,0,0,272,0,0,0,0,12,172,0,5,0,0,21,0,1,0,0,0,0,0,0
4,10,0,11,0,4,0,1.008988,1.017956,1.008313,11,0,334,100,100,27,0,0,0,-26,-23,-54,0,40,13,11,3,0,0,3120,175,0,1,0,1046,94,0,2,0,539,1,0,2,0,270,0,0,1,0,17,181,4,3,0,0,43,1,0,0,0,0,0,0,0
4,10,1,7,0,4,0,1.008944,1.014522,1.004814,7,0,334,3,0,27,0,0,-26,0,-98,-96,0,40,13,11,6,0,0,3120,132,0,2,0,1046,99,0,4,0,539,1,0,0,0,270,0,0,1,0,17,80,4,4,0,0,9,0,1,0,0,0,0,0,0
4,10,2,20,0,4,0,0.992032,1.015461,1.006321,20,0,334,30.061464,27.061464,27,0,0,-23,-98,0,-9,0,40,13,68,21,0,0,3120,182,0,7,0,1046,127,0,14,0,539,0,0,2,0,270,0,0,0,0,17,158,0,11,0,0,26,1,1,0,0,0,0,0,0
4,10,3,9,0,4,0,1.009965,1.017505,1.030098,8,0,334,3,0,27,0,0,-54,-96,-9,0,0,40,13,27,9,0,0,3120,165,0,3,0,1046,97,0,6,0,539,0,0,0,0,270,0,0,0,0,17,180,0,7,0,0,19,0,2,0,0,1,1,0,0
4,11,0,9,1,3,0,1.003395,1.030363,1.013567,9,0,334,100,100,32,0,0,0,-26,-26,-57,0,40,11,8,3,0,0,3128,179,0,1,0,1049,95,0,2,0,544,1,0,0,0,270,0,0,1,0,28,197,4,1,0,0,43,0,0,0,0,0,0,0,0
4,11,1,7,1,3,0,1.030426,1.007703,1.006159,6,0,334,3,0,32,0,0,-26,0,-100,-99,0,40,11,20,6,0,0,3128,123,0,2,0,1049,101,0,4,0,544,1,0,0,0,270,0,0,0,0,28,81,0,4,0,0,1,0,1,0,0,0,0,0,0
4,11,2,20,1,3,0,0.992032,1.015461,1.006321,20,0,334,12.064246,9.064246,32,0,0,-26,-100,0,-2,0,40,11,83,21,0,0,3128,203,0,7,0,1049,134,0,14,0,544,0,0,0,0,270,0,0,1,0,28,163,4,9,0,0,32,0,1,0,0,0,0,0,0
4,11,3,9,1,3,0,1.009965,1.017505,1.030098,9,0,334,3,0,32,0,0,-57,-99,-2,0,0,40,11,19,9,0,0,3128,161,0,3,0,1049,100,0,6,0,544,0,0,0,0,270,0,0,0,0,28,187,0,5,0,0,18,0,1,0,0,0,0,0,0
4,12,0,7,1,3,0,1.018687,1.024811,1.02212,7,0,334,100,100,38,0,0,0,-28,-36,-61,0,40,15,6,3,0,0,3192,169,0,1,0,1046,96,0,2,0,541,1,0,0,0,272,0,0,0,0,10,213,0,1,0,0,43,0,0,0,0,0,0,0,0
4,12,1,6,1,3,0,1.025666,1.018927,1.015051,5,0,334,3,0,38,0,0,-28,0,-100,-100,0,40,15,15,9,0,0,3192,113,0,3,0,1046,104,0,6,0,541,1,0,0,0,272,0,0,0,0,10,85,0,5,0,0,0,0,1,0,0,0,0,0,0
4,12,2,20,1,3,0,0.992032,1.015461,1.006321,20,0,334,3,0,38,0,0,-36,-100,0,8,0,40,15,82,21,0,0,3192,176,0,7,0,1046,141,0,14,0,541,1,0,2,0,272,0,0,0,0,10,169,0,11,0,0,32,1,1,0,0,0,0,0,0
4,12,3,10,1,3,0,1.008856,1.017311,1.027339,9,0,334,6,3,38,0,0,-61,-100,8,0,0,40,15,26,9,0,0,3192,157,0,3,0,1046,103,0,6,0,541,0,0,0,0,272,0,0,0,0,10,197,0,5,0,0,17,0,1,0,0,0,0,0,0
4,13,0,4,0,9,0,1.010401,1.044086,1.048591,4,0,334,100,100,40,0,0,0,-22,-40,-61,0,40,14,4,3,0,0,3136,169,0,1,0,1043,97,0,2,0,543,1,0,0,0,270,0,0,0,0,17,218,0,1,0,0,43,0,0,0,0,0,0,0,0
4,13,1,4,0,9,0,1.008978,0.991815,1.037092,3,0,334,0,0,40,0,0,-22,0,-100,-100,0,40,14,14,9,0,0,3136,104,0,3,0,1043,107,0,6,0,543,0,0,0,0,270,0,0,0,0,17,84,0,3,0,0,0,0,0,0,0,0,0,0,0
4,13,2,18,0,9,0,0.99155,1.016663,1.005667,18,0,334,6,3,40,0,0,-40,-100,0,6,0,40,14,98,21,0,0,3136,197,0,7,0,1043,148,0,14,0,543,1,0,2,0,270,0,0,2,0,17,173,8,11,0,0,32,1,1,0,0,0,0,0,0
4,13,3,8,0,9,0,1.008019,1.037824,1.031557,7,0,334,9,6,40,0,0,-61,-100,6,0,0,40,14,33,12,0,0,3136,151,0,4,0,1043,107,0,8,0,543,0,0,0,0,270,0,0,0,0,17,198,0,8,0,0,15,0,2,0,0,1,1,0,0
4,14,0,4,1,2,0,1.010401,1.044086,1.048591,4,0,334,73.275347,70.275347,43,0,0,0,-13,-54,-61,0,40,19,6,3,0,0,3184,172,0,1,0,1043,98,0,2,0,544,1,0,0,0,269,0,0,0,0,68,215,0,3,0,0,42,0,1,0,0,0,0,0,0
4,14,1,5,1,2,0,1.021132,0.992358,1.01744,3,0,334,0,0,43,0,0,-13,0,-100,-100,0,40,19,21,9,0,0,3184,97,0,3,0,1043,110,0,6,0,544,0,0,0,0,269,0,0,0,0,68,81,0,3,0,0,0,0,0,0,0,0,0,0,0
4,14,2,16,1,2,0,0.995611,1.02108,1.003388,16,0,334,9,6,43,0,0,-54,-100,0,0,0,40,19,109,18,0,0,3184,173,0,6,0,1043,154,0,12,0,544,1,0,0,0,269,0,0,3,0,68,177,12,8,0,0,31,0,1,0,0,0,0,0,0
4,14,3,8,1,2,0,1.008019,1.037824,1.031557,8,0,334,12,9,43,0,0,-61,-100,0,0,0,40,19,42,12,0,0,3184,147,0,4,0,1043,111,0,8,0,544,0,0,0,0,269,0,0,0,0,68,192,0,6,0,0,14,0,1,0,0,0,0,0,0
4,15,0,1,0,6,0,1.019561,0.972863,1.026114,1,0,334,61.396859,58.396859,45,0,0,0,-7,-62,-61,0,40,21,7,3,0,0,3152,167,0,1,0,1046,99,0,2,0,543,1,0,0,0,271,0,0,0,0,68,212,0,3,0,0,41,0,1,0,0,0,0,0,0
4,15,1,4,0,6,0,1.008978,0.991815,1.037092,3,0,334,0,0,45,0,0,-7,0,-100,-100,0,40,21,28,9,0,0,3152,89,0,3,0,1046,113,0,6,0,543,0,0,0,0,271,0,0,0,0,68,78,0,3,0,0,0,0,0,0,0,0,0,0,0
4,15,2,15,0,6,0,0.997562,1.023025,1.006713,15,0,334,12,9,45,0,0,-62,-100,0,-4,0,40,21,120,18,0,0,3152,191,0,6,0,1046,160,0,12,0,543,0,0,2,0,271,0,0,1,0,68,171,4,10,0,0,31,1,1,0,0,0,0,0,0
4,15,3,7,0,6,0,1.005958,1.024632,1.020979,7,0,334,15,12,45,0,0,-61,-100,-4,0,0,40,21,49,12,0,0,3152,135,0,4,0,1046,115,0,8,0,543,0,0,0,0,271,0,0,0,0,68,186,0,6,0,0,13,0,1,0,0,0,0,0,0
4,16,0,1,0,0,0,1.019561,0.972863,1.026114,1,0,334,64.396859,61.396859,46,0,0,0,-4,-64,-61,0,40,19,11,3,0,0,3200,165,0,1,0,1046,100,0,2,0,544,1,0,0,0,269,0,0,0,0,39,209,0,3,0,0,40,0,1,0,0,0,0,0,0
4,16,1,4,0,0,0,1.008978,0.991815,1.037092,3,0,334,0,0,46,0,0,-4,0,-100,-100,0,40,19,37,9,0,0,3200,82,0,3,0,1046,116,0,6,0,544,0,0,0,0,269,0,0,0,0,39,75,0,3,0,0,0,0,0,0,0,0,0,0,0
4,16,2,15,0,0,0,0.997562,1.023025,1.006713,15,0,334,15,12,46,0,0,-64,-100,0,-6,0,40,19,131,18,0,0,3200,170,0,6,0,1046,166,0,12,0,544,0,0,0,0,269,0,0,3,0,39,195,12,8,0,0,30,0,1,0,0,0,0,0,0
4,16,3,7,0,0,0,1.005958,1.024632,1.020979,7,0,334,18,15,46,0,0,-61,-100,-6,0,0,40,19,57,12,0,0,3200,124,0,4,0,1046,119,0,8,0,544,0,0,0,0,269,0,0,0,0,39,189,0,6,0,0,12,0,1,0,0,0,0,0,0
4,17,0,1,0,1,0,1.019561,0.972863,1.026114,1,0,334,67.396859,64.396859,47,0,0,0,-1,-66,-61,0,40,14,15,3,0,0,3168,163,0,1,0,1046,101,0,2,0,543,1,0,0,0,272,0,0,0,0,50,206,0,3,0,0,39,0,1,0,0,0,0,0,0
4,17,1,4,0,1,0,1.008978,0.991815,1.037092,3,0,334,0,0,47,0,0,-1,0,-100,-100,0,40,14,47,9,0,0,3168,75,0,3,0,1046,119,0,6,0,543,0,0,0,0,272,0,0,0,0,50,72,0,3,0,0,0,0,0,0,0,0,0,0,0
4,17,2,15,0,1,0,0.997562,1.023025,1.006713,15,0,334,18,15,47,0,0,-66,-100,0,-8,0,40,14,145,18,0,0,3168,181,0,6,0,1046,172,0,12,0,543,1,0,0,0,272,0,0,0,0,50,196,0,8,0,0,29,0,1,0,0,0,0,0,0
4,17,3,6,0,1,0,1.00369,1.03326,1.020123,6,0,334,21,18,47,0,0,-61,-100,-8,0,0,40,14,66,9,0,0,3168,114,0,3,0,1046,122,0,6,0,543,0,0,0,0,272,0,0,0,0,50,193,0,5,0,0,11,0,1,0,0,0,0,0,0
4,18,0,1,0,0,0,1.019561,0.972863,1.026114,1,0,334,70.396859,67.396859,48,0,0,0,2,-68,-61,0,40,18,18,3,0,0,3168,161,0,1,0,1049,102,0,2,0,542,1,0,0,0,272,0,0,0,0,50,203,0,3,0,0,38,0,1,0,0,0,0,0,0
4,18,1,4,0,0,0,1.008978,0.991815,1.037092,3,0,334,0,0,48,0,0,2,0,-100,-100,0,40,18,56,9,0,0,3168,68,0,3,0,1049,122,0,6,0,542,0,0,0,0,272,0,0,0,0,50,69,0,3,0,0,0,0,0,0,0,0,0,0,0
4,18,2,15,0,0,0,0.997562,1.023025,1.006713,15,0,334,21,18,48,0,0,-68,-100,0,-10,0,40,18,157,18,0,0,3168,192,0,6,0,1049,178,0,12,0,542,1,0,2,0,272,0,0,0,0,50,195,0,10,0,0,29,1,1,0,0,0,0,0,0
4,18,3,6,0,0,0,1.00369,1.03326,1.020123,6,0,334,24,21,48,0,0,-61,-100,-10,0,0,40,18,73,9,0,0,3168,105,0,3,0,1049,125,0,6,0,542,0,0,0,0,272,0,0,0,0,50,197,0,5,0,0,10,0,1,0,0,0,0,0,0
4,19,0,1,1,0,0,1.019561,0.972863,1.026114,1,0,334,73.396859,70.396859,49,0,0,0,5,-70,-61,0,40,15,22,3,0,0,3200,159,0,1,0,1049,103,0,2,0,543,1,0,0,0,272,0,0,0,0,39,200,0,3,0,0,37,0,1,0,0,0,0,0,0
4,19,1,4,1,0,0,1.008978,0.991815,1.037092,3,0,334,0,0,49,0,0,5,0,-100,-100,0,40,15,65,9,0,0,3200,61,0,3,0,1049,125,0,6,0,543,0,0,0,0,272,0,0,0,0,39,66,0,3,0,0,0,0,0,0,0,0,0,0,0
4,19,2,16,1,0,0,1.003798,1.025339,1.006602,15,0,334,24,21,49,0,0,-70,-100,0,-12,0,40,15,168,18,0,0,3200,171,0,6,0,1049,184,0,12,0,543,0,0,2,0,272,0,0,0,0,39,205,0,10,0,0,29,1,1,0,0,0,0,0,0
4,19,3,6,1,0,0,1.00369,1.03326,1.020123,6,0,334,27,24,49,0,0,-61,-100,-12,0,0,40,15,83,9,0,0,3200,96,0,3,0,1049,128,0,6,0,543,0,0,0,0,272,0,0,0,0,39,201,0,5,0,0,9,0,1,0,0,0,0,0,0
4,20,0,1,0,0,0,1.019561,0.972863,1.026114,1,0,334,76.396859,73.396859,50,0,0,0,10,-72,-61,0,40,17,27,3,0,0,3168,157,0,1,0,1054,101,0,2,0,543,1,0,0,0,272,0,0,0,0,47,197,0,3,0,0,36,0,1,0,0,0,0,0,0
4,20,1,4,0,0,0,1.008978,0.991815,1.037092,3,0,334,0,0,50,0,0,10,0,-100,-100,0,40,17,74,9,0,0,3168,54,0,3,0,1054,126,0,6,0,543,0,0,0,0,272,0,0,0,0,47,63,0,3,0,0,0,0,0,0,0,0,0,0,0
4,20,2,16,0,0,0,1.003798,1.025339,1.006602,15,0,334,27,24,50,0,0,-72,-100,0,-14,0,40,17,181,18,0,0,3168,181,0,6,0,1054,190,0,12,0,543,1,0,0,0,272,0,0,0,0,47,207,0,10,0,0,27,0,2,0,0,1,1,0,0
4,20,3,6,0,0,0,1.00369,1.03326,1.020123,6,0,334,30,27,50,0,0,-61,-100,-14,0,0,40,17,91,9,0,0,3168,87,0,3,0,1054,131,0,6,0,543,0,0,0,0,272,0,0,0,0,47,205,0,5,0,0,8,0,1,0,0,0,0,0,0
4,21,0,1,0,0,0,1.019561,0.972863,1.026114,1,0,334,79.396859,76.396859,51,0,0,0,15,-74,-61,0,40,11,32,3,0,0,3168,155,0,1,0,1049,102,0,2,0,544,1,0,0,0,269,0,0,0,0,47,194,0,3,0,0,35,0,1,0,0,0,0,0,0
4,21,1,4,0,0,0,1.008978,0.991815,1.037092,3,0,334,0,0,51,0,0,15,0,-100,-100,0,40,11,85,9,0,0,3168,47,0,3,0,1049,129,0,6,0,544,0,0,0,0,269,0,0,0,0,47,60,0,3,0,0,0,0,0,0,0,0,0,0,0
4,21,2,16,0,0,0,1.003798,1.025339,1.006602,16,0,334,30,27,51,0,0,-74,-100,0,-16,0,40,11,194,18,0,0,3168,191,0,6,0,1049,196,0,12,0,544,1,0,0,0,269,0,0,3,0,47,223,12,8,0,0,26,0,1,0,0,0,0,0,0
4,21,3,6,0,0,0,1.00369,1.03326,1.020123,6,0,334,33,30,51,0,0,-61,-100,-16,0,0,40,11,99,9,0,0,3168,78,0,3,0,1049,134,0,6,0,544,0,0,0,0,269,0,0,0,0,47,209,0,5,0,0,7,0,1,0,0,0,0,0,0
4,22,0,1,1,0,0,1.019561,0.972863,1.026114,1,0,334,82.396859,79.396859,52,0,0,0,18,-76,-61,0,40,18,36,3,0,0,3200,153,0,1,0,1049,103,0,2,0,544,1,0,0,0,269,0,0,0,0,39,191,0,3,0,0,34,0,1,0,0,0,0,0,0
4,22,1,4,1,0,0,1.008978,0.991815,1.037092,3,0,334,0,0,52,0,0,18,0,-100,-100,0,40,18,95,9,0,0,3200,40,0,3,0,1049,132,0,6,0,544,0,0,0,0,269,0,0,0,0,39,57,0,3,0,0,0,0,0,0,0,0,0,0,0
4,22,2,17,1,0,0,1.005911,1.026821,1.007439,16,0,334,33,30,52,0,0,-76,-100,0,-18,0,40,18,205,18,0,0,3200,169,0,6,0,1049,202,0,12,0,544,1,0,0,0,269,0,0,3,0,39,247,12,8,0,0,25,0,1,0,0,0,0,0,0
4,22,3,6,1,0,0,1.00369,1.03326,1.020123,6,0,334,36,33,52,0,0,-61,-100,-18,0,0,40,18,108,9,0,0,3200,69,0,3,0,1049,137,0,6,0,544,0,0,0,0,269,0,0,0,0,39,213,0,5,0,0,6,0,1,0,0,0,0,0,0
4,23,0,1,0,0,0,1.019561,0.972863,1.026114,1,0,334,85.396859,82.396859,53,0,0,0,23,-78,-61,1,40,22,39,3,0,0,3168,150,0,1,0,1049,104,0,2,0,541,1,0,0,0,272,0,0,0,0,44,188,0,3,0,0,33,0,1,0,0,0,0,0,0
4,23,1,4,0,0,0,1.008978,0.991815,1.037092,3,0,334,0,0,53,0,0,23,0,-100,-97,1,40,22,103,9,0,0,3168,34,0,3,0,1049,135,0,6,0,541,0,0,0,0,272,0,0,0,0,44,54,0,3,0,0,0,0,0,0,0,0,0,0,0
4,23,2,17,0,0,0,1.005911,1.026821,1.007439,16,0,334,36,33,53,0,0,-78,-100,0,-20,0,40,22,215,18,0,0,3168,178,0,6,0,1049,208,0,12,0,541,0,0,4,0,272,0,0,0,0,44,248,0,14,0,0,25,2,2,0,0,1,1,0,0
4,23,3,6,0,0,0,1.00369,1.03326,1.020123,6,0,334,39,36,53,0,0,-61,-97,-20,0,0,40,22,116,9,0,0,3168,60,0,3,0,1049,140,0,6,0,541,0,0,0,0,272,0,0,0,0,44,217,0,5,0,0,5,0,1,0,0,0,0,0,0
4,24,0,1,1,2,0,1.019561,0.972863,1.026114,1,0,334,88.396859,85.396859,54,0,1,0,28,-80,-61,1,40,19,41,3,0,0,3168,147,0,1,0,1058,102,0,2,0,541,1,0,0,0,272,0,0,0,0,44,185,0,3,0,0,32,0,1,0,0,0,0,0,0
4,24,1,2,1,2,0,1.038803,0.979197,1.031805,1,0,334,0,0,54,0,1,28,0,-100,-94,1,40,19,106,3,0,0,3168,30,0,1,0,1058,136,0,2,0,541,0,0,0,0,272,0,0,0,0,44,53,0,1,0,0,0,0,0,0,0,0,0,0,0
4,24,2,17,1,2,0,1.005911,1.026821,1.007439,17,0,334,39,36,54,0,1,-80,-100,0,-22,0,40,19,224,18,0,0,3168,187,0,6,0,1058,214,0,12,0,541,1,0,2,0,272,0,0,0,0,44,253,0,10,0,0,25,1,1,0,0,0,0,0,0
4,24,3,7,1,2,0,1.003843,1.020911,1.025344,6,0,334,42,39,54,0,1,-61,-94,-22,0,0,40,19,124,9,0,0,3168,51,0,3,0,1058,143,0,6,0,541,0,0,0,0,272,0,0,0,0,44,221,0,5,0,0,4,0,1,0,0,0,0,0,0
4,25,0,0,0,3,0,0,0,0,0,0,334,88.396859,88.396859,56,1,1,0,33,-84,-67,0,40,23,40,0,0,0,3200,145,0,0,0,1061,102,0,0,0,544,1,0,0,0,269,0,0,0,0,39,185,0,0,0,0,32,0,0,0,0,0,0,0,0
4,25,1,0,0,3,0,0,0,0,0,0,334,0,0,56,1,1,33,0,-100,-100,0,40,23,104,0,0,0,3200,29,0,0,0,1061,136,0,0,0,544,0,0,0,0,269,0,0,0,0,39,50,0,0,0,0,0,0,0,0,0,0,0,0,0
4,25,2,17,0,3,0,1.005911,1.026821,1.007439,17,0,334,42,39,56,1,1,-84,-100,0,-18,0,40,23,235,18,0,0,3200,164,0,6,0,1061,220,0,12,0,544,1,0,0,0,269,0,0,3,0,39,277,12,8,0,0,24,0,1,0,0,0,0,0,0
4,25,3,7,0,3,0,1.003843,1.020911,1.025344,6,0,334,24.422641,21.422641,56,1,1,-67,-100,-18,0,0,40,23,133,9,0,0,3200,41,0,3,0,1061,146,0,6,0,544,0,0,0,0,269,0,0,0,0,39,226,0,7,0,0,2,0,2,0,0,1,1,0,0
4,26,0,0,0,0,0,0,0,0,0,0,334,88.396859,88.396859,56,1,0,0,35,-84,-67,0,40,28,40,0,0,0,3160,144,0,0,0,1061,102,0,0,0,538,1,0,0,0,272,0,0,0,0,44,185,0,0,0,0,32,0,0,0,0,0,0,0,0
4,26,1,0,0,0,0,0,0,0,0,0,334,0,0,56,1,0,35,0,-100,-100,0,40,28,104,0,0,0,3160,30,0,0,0,1061,136,0,0,0,538,0,0,0,0,272,0,0,0,0,44,50,0,0,0,0,0,0,0,0,0,0,0,0,0
4,26,2,17,0,0,0,1.005911,1.026821,1.007439,17,0,334,45,42,56,1,0,-84,-100,0,-16,0,40,28,242,18,0,0,3160,180,0,6,0,1061,226,0,12,0,538,1,0,6,0,272,0,0,0,0,44,275,0,14,0,0,26,3,1,0,0,0,0,0,0
4,26,3,7,0,0,0,1.003843,1.020911,1.025344,7,0,334,27.422641,24.422641,56,1,0,-67,-100,-16,0,0,40,28,137,9,0,0,3160,32,0,3,0,1061,149,0,6,0,538,0,0,0,0,272,0,0,0,0,44,233,0,5,0,0,1,0,1,0,0,0,0,0,0
4,27,0,0,0,0,0,0,0,0,0,0,334,88.396859,88.396859,56,1,0,0,37,-84,-67,0,40,22,40,0,0,0,3160,143,0,0,0,1061,102,0,0,0,544,1,0,0,0,266,0,0,0,0,44,185,0,0,0,0,32,0,0,0,0,0,0,0,0
4,27,1,0,0,0,0,0,0,0,0,0,334,0,0,56,1,0,37,0,-100,-100,0,40,22,104,0,0,0,3160,31,0,0,0,1061,136,0,0,0,544,0,0,0,0,266,0,0,0,0,44,50,0,0,0,0,0,0,0,0,0,0,0,0,0
4,27,2,17,0,0,0,1.005911,1.026821,1.007439,17,1,459,48,45,56,1,0,-84,-100,0,-14,0,40,22,253,18,0,0,3160,196,0,6,0,1061,232,0,12,0,544,1,0,0,0,266,0,0,6,0,44,286,24,25,0,0,8,0,18,0,0,0,0,0,0
4,27,3,7,0,0,0,1.003843,1.020911,1.025344,7,0,334,30.422641,27.422641,56,1,0,-67,-100,-14,0,0,40,22,147,9,0,0,3160,23,0,3,0,1061,152,0,6,0,544,0,0,0,0,266,0,0,0,0,44,240,0,5,0,0,0,0,1,0,0,0,0,0,0
4,28,0,0,0,3,0,0,0,0,0,0,334,88.396859,88.396859,56,1,0,0,39,-84,-67,0,40,22,40,0,0,0,3200,142,0,0,0,1061,102,0,0,0,538,1,0,0,0,272,0,0,0,0,39,185,0,0,0,0,32,0,0,0,0,0,0,0,0
4,28,1,0,0,3,0,0,0,0,0,0,334,0,0,56,1,0,39,0,-100,-100,0,40,22,104,0,0,0,3200,32,0,0,0,1061,136,0,0,0,538,0,0,0,0,272,0,0,0,0,39,50,0,0,0,0,0,0,0,0,0,0,0,0,0
4,28,2,15,0,3,0,0.99888,1.023605,1.011997,15,1,459,51,48,56,1,0,-84,-100,0,-12,0,40,22,254,12,0,0,3200,174,0,4,0,1061,236,0,8,0,538,1,0,6,0,272,0,0,0,0,39,291,0,12,0,0,10,3,1,0,0,0,0,0,0
4,28,3,6,0,3,0,1.004671,1.021802,1.029149,6,0,334,30.422641,30.422641,56,1,0,-67,-100,-12,0,0,40,22,152,6,0,0,3200,15,0,2,0,1061,154,0,4,0,538,0,0,0,0,272,0,0,0,0,39,250,0,2,0,0,0,0,0,0,0,0,0,0,0
4,29,0,0,1,2,0,0,0,0,0,0,334,88.396859,88.396859,56,1,0,0,41,-84,-67,0,40,20,40,0,0,0,3160,141,0,0,0,1070,102,0,0,0,541,1,0,0,0,272,0,0,0,0,44,185,0,0,0,0,32,0,0,0,0,0,0,0,0
4,29,1,0,1,2,0,0,0,0,0,0,334,0,0,56,1,0,41,0,-100,-100,0,40,20,104,0,0,0,3160,33,0,0,0,1070,136,0,0,0,541,0,0,0,0,272,0,0,0,0,44,50,0,0,0,0,0,0,0,0,0,0,0,0,0
4,29,2,15,1,2,0,0.988224,1.017964,1.01522,14,1,459,54,51,56,1,0,-84,-100,0,-10,0,40,20,261,12,0,0,3160,194,0,4,0,1070,240,0,8,0,541,0,0,4,0,272,0,0,0,0,44,290,0,10,0,0,11,2,1,0,0,0,0,0,0
4,29,3,5,1,2,0,0.996882,1.030262,1.022556,5,0,334,30.422641,30.422641,56,1,0,-67,-100,-10,0,0,40,20,154,3,0,0,3160,9,0,1,0,1070,155,0,2,0,541,0,0,0,0,272,0,0,0,0,44,261,0,1,0,0,0,0,0,0,0,0,0,0,0
4,30,0,0,0,0,0,0,0,0,0,0,334,88.396859,88.396859,56,1,0,0,43,-84,-67,0,40,23,40,0,0,0,3200,140,0,0,0,1073,102,0,0,0,541,1,0,0,0,269,0,0,0,0,39,185,0,0,0,0,32,0,0,0,0,0,0,0,0
4,30,1,0,0,0,0,0,0,0,0,0,334,0,0,56,1,0,43,0,-100,-100,0,40,23,104,0,0,0,3200,34,0,0,0,1073,136,0,0,0,541,0,0,0,0,269,0,0,0,0,39,50,0,0,0,0,0,0,0,0,0,0,0,0,0
4,30,2,15,0,0,0,0.988224,1.017964,1.01522,14,1,459,57,54,56,1,0,-84,-100,0,-8,0,40,23,263,12,0,0,3200,174,0,4,0,1073,244,0,8,0,541,1,0,2,0,269,0,0,3,0,39,309,12,10,0,0,10,1,2,0,0,1,1,0,0
4,30,3,5,0,0,0,0.996882,1.030262,1.022556,5,0,334,30.422641,30.422641,56,1,0,-67,-100,-8,0,0,40,23,156,3,0,0,3200,4,0,1,0,1073,156,0,2,0,541,0,0,0,0,269,0,0,0,0,39,272,0,1,0,0,0,0,0,0,0,0,0,0,0
4,31,0,0,0,3,0,0,0,0,0,0,334,88.396859,88.396859,56,1,0,0,43,-84,-67,0,40,27,40,0,0,0,3159,140,0,0,0,1073,102,0,0,0,540,1,0,0,0,270,0,0,0,0,44,185,0,0,0,0,32,0,0,0,0,0,0,0,0
4,31,1,0,0,3,0,0,0,0,0,0,334,0,0,56,1,0,43,0,-100,-100,0,40,27,104,0,0,0,3159,34,0,0,0,1073,136,0,0,0,540,0,0,0,0,270,0,0,0,0,44,50,0,0,0,0,0,0,0,0,0,0,0,0,0
4,31,2,13,0,3,0,0.991902,1.024646,1.005528,13,1,459,60,57,56,1,0,-84,-100,0,-4,0,40,27,263,6,0,0,3159,196,0,2,0,1073,246,0,4,0,540,1,0,4,0,270,0,0,2,0,44,321,8,8,0,0,11,2,1,0,0,0,0,0,0
4,31,3,4,0,3,0,1.024978,1.028355,1.016284,4,0,334,30.422641,30.422641,56,1,0,-67,-100,-4,0,0,40,27,155,0,0,0,3159,1,0,0,0,1073,156,0,0,0,540,0,0,0,0,270,0,0,0,0,44,284,0,0,0,0,0,0,0,0,0,0,0,0,0
4,32,0,0,0,0,0,0,0,0,0,0,334,88.396859,88.396859,56,1,0,0,43,-84,-67,0,40,28,40,0,0,0,3197,140,0,0,0,1082,102,0,0,0,538,1,0,0,0,272,0,0,0,0,39,185,0,0,0,0,32,0,0,0,0,0,0,0,0
4,32,1,0,0,0,0,0,0,0,0,0,334,0,0,56,1,0,43,0,-100,-100,0,40,28,104,0,0,0,3197,34,0,0,0,1082,136,0,0,0,538,0,0,0,0,272,0,0,0,0,39,50,0,0,0,0,0,0,0,0,0,0,0,0,0
4,32,2,13,0,0,0,0.991902,1.024646,1.005528,13,1,459,63,60,56,1,0,-84,-100,0,-2,0,40,28,261,6,0,0,3197,180,0,2,0,1082,248,0,4,0,538,1,0,6,0,272,0,0,0,0,39,328,0,10,0,0,13,3,1,0,0,0,0,0,0
4,32,3,4,0,0,0,1.024978,1.028355,1.016284,4,0,334,30.422641,30.422641,56,1,0,-67,-100,-2,0,0,40,28,154,0,0,0,3197,1,0,0,0,1082,156,0,0,0,538,0,0,0,0,272,0,0,0,0,39,296,0,0,0,0,0,0,0,0,0,0,0,0,0
4,33,0,0,0,0,0,0,0,0,0,0,334,88.396859,88.396859,56,1,0,0,43,-84,-67,0,40,25,40,0,0,0,3197,140,0,0,0,1082,102,0,0,0,544,1,0,0,0,266,0,0,0,0,39,185,0,0,0,0,32,0,0,0,0,0,0,0,0
4,33,1,0,0,0,0,0,0,0,0,0,334,0,0,56,1,0,43,0,-100,-100,0,40,25,104,0,0,0,3197,34,0,0,0,1082,136,0,0,0,544,0,0,0,0,266,0,0,0,0,39,50,0,0,0,0,0,0,0,0,0,0,0,0,0
4,33,2,13,0,0,0,0.991902,1.024646,1.005528,13,1,459,66,63,56,1,0,-84,-100,0,0,0,40,25,261,6,0,0,3197,164,0,2,0,1082,250,0,4,0,544,1,0,0,0,266,0,0,6,0,39,365,24,4,0,0,12,0,1,0,0,0,0,0,0
4,33,3,4,0,0,0,1.024978,1.028355,1.016284,4,0,334,30.422641,30.422641,56,1,0,-67,-100,0,0,0,40,25,154,0,0,0,3197,1,0,0,0,1082,156,0,0,0,544,0,0,0,0,266,0,0,0,0,39,308,0,0,0,0,0,0,0,0,0,0,0,0,0
4,34,0,0,0,0,0,0,0,0,0,0,334,88.396859,88.396859,56,1,0,0,43,-84,-67,0,40,23,40,0,0,0,3157,140,0,0,0,1082,102,0,0,0,538,1,0,0,0,272,0,0,0,0,44,185,0,0,0,0,32,0,0,0,0,0,0,0,0
4,34,1,0,0,0,0,0,0,0,0,0,334,0,0,56,1,0,43,0,-100,-100,0,40,23,104,0,0,0,3157,34,0,0,0,1082,136,0,0,0,538,0,0,0,0,272,0,0,0,0,44,50,0,0,0,0,0,0,0,0,0,0,0,0,0
4,34,2,13,0,0,0,0.991902,1.024646,1.005528,13,1,459,69,66,56,1,0,-84,-100,0,2,0,40,23,263,6,0,0,3157,188,0,2,0,1082,252,0,4,0,538,1,0,6,0,272,0,0,0,0,44,367,0,10,0,0,14,3,1,0,0,0,0,0,0
4,34,3,4,0,0,0,1.024978,1.028355,1.016284,4,0,334,30.422641,30.422641,56,1,0,-67,-100,2,0,0,40,23,154,0,0,0,3157,1,0,0,0,1082,156,0,0,0,538,0,0,0,0,272,0,0,0,0,44,320,0,0,0,0,0,0,0,0,0,0,0,0,0
4,35,0,0,0,1,0,0,0,0,0,0,334,88.396859,88.396859,56,1,0,0,43,-84,-67,0,40,30,40,0,0,0,3197,140,0,0,0,1088,102,0,0,0,542,1,0,0,0,272,0,0,0,0,68,185,0,0,0,0,32,0,0,0,0,0,0,0,0
4,35,1,0,0,1,0,0,0,0,0,0,334,0,0,56,1,0,43,0,-100,-100,0,40,30,104,0,0,0,3197,34,0,0,0,1088,136,0,0,0,542,0,0,0,0,272,0,0,0,0,68,50,0,0,0,0,0,0,0,0,0,0,0,0,0
4,35,2,12,0,1,0,0.989356,1.015853,0.997189,12,1,459,72,69,56,1,0,-84,-100,0,4,0,40,30,259,6,0,0,3197,172,0,2,0,1088,248,0,4,0,542,1,0,2,0,272,0,0,0,0,68,361,0,6,0,0,14,1,1,0,0,0,0,0,0
4,35,3,4,0,1,0,1.024978,1.028355,1.016284,4,0,334,30.422641,30.422641,56,1,0,-67,-100,4,0,0,40,30,153,0,0,0,3197,1,0,0,0,1088,156,0,0,0,542,0,0,0,0,272,0,0,0,0,68,320,0,0,0,0,0,0,0,0,0,0,0,0,0
4,36,0,0,0,1,0,0,0,0,0,0,334,88.396859,88.396859,56,1,0,0,43,-84,-67,0,40,25,40,0,0,0,3165,140,0,0,0,1082,102,0,0,0,540,1,0,0,0,270,0,0,0,0,44,185,0,0,0,0,32,0,0,0,0,0,0,0,0
4,36,1,0,0,1,0,0,0,0,0,0,334,0,0,56,1,0,43,0,-100,-100,0,40,25,104,0,0,0,3165,34,0,0,0,1082,136,0,0,0,540,0,0,0,0,270,0,0,0,0,44,50,0,0,0,0,0,0,0,0,0,0,0,0,0
4,36,2,12,0,1,0,0.989356,1.015853,0.997189,12,1,459,75,72,56,1,0,-84,-100,0,6,0,40,25,261,6,0,0,3165,189,0,2,0,1082,250,0,4,0,540,1,0,4,0,270,0,0,2,0,44,373,8,8,0,0,15,2,1,0,0,0,0,0,0
4,36,3,3,0,1,0,1.031719,1.055533,1.002823,3,0,334,30.422641,30.422641,56,1,0,-67,-100,6,0,0,40,25,152,0,0,0,3165,1,0,0,0,1082,156,0,0,0,540,0,0,0,0,270,0,0,0,0,44,329,0,0,0,0,0,0,0,0,0,0,0,0,0
4,37,0,0,0,0,0,0,0,0,0,0,334,88.396859,88.396859,56,1,0,0,43,-84,-67,0,40,21,40,0,0,0,3198,140,0,0,0,1082,102,0,0,0,538,1,0,0,0,272,0,0,0,0,42,185,0,0,0,0,32,0,0,0,0,0,0,0,0
4,37,1,0,0,0,0,0,0,0,0,0,334,0,0,56,1,0,43,0,-100,-100,0,40,21,104,0,0,0,3198,34,0,0,0,1082,136,0,0,0,538,0,0,0,0,272,0,0,0,0,42,50,0,0,0,0,0,0,0,0,0,0,0,0,0
4,37,2,12,0,0,0,0.989356,1.015853,0.997189,12,1,459,78,75,56,1,0,-84,-100,0,8,0,40,21,262,6,0,0,3198,174,0,2,0,1082,252,0,4,0,538,1,0,6,0,272,0,0,0,0,42,380,0,10,0,0,17,3,1,0,0,0,0,0,0
4,37,3,3,0,0,0,1.031719,1.055533,1.002823,3,0,334,30.422641,30.422641,56,1,0,-67,-100,8,0,0,40,21,153,0,0,0,3198,1,0,0,0,1082,156,0,0,0,538,0,0,0,0,272,0,0,0,0,42,334,0,0,0,0,0,0,0,0,0,0,0,0,0
4,38,0,0,0,0,0,0,0,0,0,0,334,88.396859,88.396859,56,1,0,0,43,-84,-67,0,40,29,40,0,0,0,3166,140,0,0,0,1085,102,0,0,0,542,1,0,0,0,268,0,0,0,0,47,185,0,0,0,0,32,0,0,0,0,0,0,0,0
4,38,1,0,0,0,0,0,0,0,0,0,334,0,0,56,1,0,43,0,-100,-100,0,40,29,104,0,0,0,3166,34,0,0,0,1085,136,0,0,0,542,0,0,0,0,268,0,0,0,0,47,50,0,0,0,0,0,0,0,0,0,0,0,0,0
4,38,2,12,0,0,0,0.989356,1.015853,0.997189,12,2,584,81,78,56,1,0,-84,-100,0,10,0,40,29,266,6,0,0,3166,191,0,2,0,1085,251,0,4,0,542,1,0,2,0,268,0,0,4,0,47,385,16,23,0,0,0,1,18,0,0,0,0,0,0
4,38,3,3,0,0,0,1.031719,1.055533,1.002823,3,0,334,30.422641,30.422641,56,1,0,-67,-100,10,0,0,40,29,151,0,0,0,3166,1,0,0,0,1085,156,0,0,0,542,0,0,0,0,268,0,0,0,0,47,334,0,0,0,0,0,0,0,0,0,0,0,0,0
4,39,0,0,0,5,0,0,0,0,0,0,334,88.396859,88.396859,56,1,0,0,43,-84,-67,0,40,28,40,0,0,0,3198,140,0,0,0,1082,102,0,0,0,540,1,0,0,0,272,0,0,0,0,42,185,0,0,0,0,32,0,0,0,0,0,0,0,0
4,39,1,0,0,5,0,0,0,0,0,0,334,0,0,56,1,0,43,0,-100,-100,0,40,28,104,0,0,0,3198,34,0,0,0,1082,136,0,0,0,540,0,0,0,0,272,0,0,0,0,42,50,0,0,0,0,0,0,0,0,0,0,0,0,0
4,39,2,7,0,5,0,0.980531,1.007431,0.997981,7,2,584,81,81,56,1,0,-84,-100,0,12,0,40,28,265,6,0,0,3198,176,0,2,0,1082,253,0,4,0,540,1,0,4,0,272,0,0,0,0,42,386,0,6,0,0,2,2,0,0,0,0,0,0,0
4,39,3,3,0,5,0,1.031719,1.055533,1.002823,3,0,334,30.422641,30.422641,56,1,0,-67,-100,12,0,0,40,28,151,0,0,0,3198,1,0,0,0,1082,156,0,0,0,540,0,0,0,0,272,0,0,0,0,42,334,0,0,0,0,0,0,0,0,0,0,0,0,0
4,40,0,0,0,0,0,0,0,0,0,0,334,88.396859,88.396859,56,1,0,0,43,-84,-67,0,40,27,40,0,0,0,3198,140,0,0,0,1082,102,0,0,0,544,1,0,0,0,266,0,0,0,0,45,185,0,0,0,0,32,0,0,0,0,0,0,0,0
4,40,1,0,0,0,0,0,0,0,0,0,334,0,0,56,1,0,43,0,-100,-100,0,40,27,104,0,0,0,3198,34,0,0,0,1082,136,0,0,0,544,0,0,0,0,266,0,0,0,0,45,50,0,0,0,0,0,0,0,0,0,0,0,0,0
4,40,2,7,0,0,0,0.980531,1.007431,0.997981,7,2,584,84,81,56,1,0,-84,-100,0,14,0,40,27,271,6,0,0,3198,166,0,2,0,1082,255,0,4,0,544,1,0,0,0,266,3,0,3,0,45,408,12,4,0,0,1,0,1,0,0,0,0,0,0
4,40,3,3,0,0,0,1.031719,1.055533,1.002823,3,0,334,30.422641,30.422641,56,1,0,-67,-100,14,0,0,40,27,150,0,0,0,3198,1,0,0,0,1082,156,0,0,0,544,0,0,0,0,266,0,0,0,0,45,334,0,0,0,0,0,0,0,0,0,0,0,0,0
6,1,0,49,3,4,0,0.999814,0.998955,1.002865,0,0,334,100,100,0,0,0,0,2,2,2,0,40,0,46,36,0,0,2816,193,0,12,0,932,62,0,24,0,402,23,0,46,0,272,2,0,23,0,0,100,92,76,0,0,14,23,9,0,0,9,9,0,0
6,1,1,49,3,4,0,1.006555,0.999916,1.006181,0,0,334,100,100,0,0,0,2,0,2,2,0,40,0,49,39,0,0,2816,192,0,13,0,932,63,0,26,0,402,24,0,46,0,272,2,0,23,0,0,99,92,77,0,0,14,23,9,0,0,9,9,0,0
6,1,2,51,3,4,0,1.004644,0.998279,1.004145,0,0,334,100,100,0,0,0,2,2,0,0,0,40,0,50,39,0,0,2816,200,0,13,0,932,63,0,26,0,402,21,0,48,0,272,1,0,24,0,0,101,96,79,0,0,15,24,9,0,0,9,9,0,0
6,1,3,50,3,4,0,1.003341,0.998429,1.005031,0,0,334,100,100,0,0,0,2,2,0,0,0,40,0,48,39,0,0,2816,200,0,13,0,932,63,0,26,0,402,19,0,48,0,272,1,0,24,0,0,101,96,79,0,0,15,24,9,0,0,9,9,0,0
6,2,0,49,1,3,0,0.999814,0.998955,1.002865,9,0,334,100,100,0,0,0,0,2,4,4,0,40,2,43,36,0,0,2816,228,0,12,0,935,74,0,24,0,492,1,0,36,0,242,0,0,7,0,0,79,28,66,0,0,23,18,9,0,0,9,9,0,0
6,2,1,49,1,3,0,1.006555,0.999916,1.006181,9,0,334,100,100,0,0,0,2,0,4,4,0,40,2,47,39,0,0,2816,226,0,13,0,935,76,0,26,0,492,0,0,36,0,242,0,0,11,0,0,93,44,67,0,0,23,18,9,0,0,9,9,0,0
6,2,2,50,1,3,0,1.005111,1.000098,1.00312,9,0,334,100,100,0,0,0,4,4,0,0,0,40,2,43,36,0,0,2816,233,0,12,0,935,75,0,24,0,492,1,0,32,0,242,0,0,13,0,0,108,52,62,0,0,22,16,9,0,0,9,9,0,0
6,2,3,49,1,3,0,1.003438,0.996411,1.002565,9,0,334,100,100,0,0,0,4,4,0,0,0,40,2,44,36,0,0,2816,226,0,12,0,935,75,0,24,0,492,1,0,32,0,242,0,0,5,0,0,76,20,62,0,0,22,16,9,0,0,9,9,0,0
6,3,0,44,0,10,0,1.004039,1.000704,1.007372,17,0,334,100,100,0,0,0,0,2,6,6,0,40,0,35,30,0,0,3200,169,0,10,0,998,71,0,20,0,426,1,0,30,0,272,0,0,0,0,0,38,0,58,0,0,29,15,9,0,0,9,9,0,0
6,3,1,49,0,10,0,1.006555,0.999916,1.006181,18,0,334,100,100,0,0,0,2,0,4,6,0,40,0,45,39,0,0,3200,164,0,13,0,998,70,0,26,0,426,1,0,28,0,272,0,0,0,0,0,51,0,59,0,0,28,14,9,0,0,9,9,0,0
6,3,2,47,0,10,0,1.005385,1.001385,1.004636,17,0,334,100,100,0,0,0,6,4,0,0,0,40,0,40,33,0,0,3200,172,0,11,0,998,75,0,22,0,426,1,0,24,0,272,0,0,0,0,0,72,0,53,0,0,25,12,9,0,0,9,9,0,0
6,3,3,47,0,10,0,1.002287,0.998315,1.003172,18,0,334,100,100,0,0,0,6,6,0,0,0,40,0,41,33,0,0,3200,166,0,11,0,998,78,0,22,0,426,0,0,36,0,272,0,0,0,0,0,28,0,65,0,0,31,18,9,0,0,9,9,0,0
6,4,0,38,0,14,0,0.999916,1.003458,1.011561,23,0,334,100,100,0,0,0,0,2,8,8,0,40,0,28,27,0,0,2848,188,0,9,0,1022,65,0,18,0,473,0,0,16,0,241,0,0,3,0,60,9,12,41,0,0,29,8,8,0,0,8,8,0,0
6,4,1,47,0,14,0,1.006288,1.002202,1.009248,26,0,334,100,100,0,0,0,2,0,6,8,0,40,0,41,36,0,0,2848,199,0,12,0,1022,64,0,24,0,473,1,0,18,0,241,0,0,3,0,60,15,12,48,0,0,28,9,9,0,0,9,9,0,0
6,4,2,44,0,14,0,1.003776,0.998186,1.005103,26,0,334,100,100,0,0,0,8,6,0,2,0,40,0,37,33,0,0,2848,186,0,11,0,1022,71,0,22,0,473,1,0,18,0,241,0,0,9,0,60,67,36,47,0,0,25,9,9,0,0,9,9,0,0
6,4,3,44,0,14,0,1.000495,0.998639,1.002155,27,0,334,100,100,0,0,0,8,8,2,0,0,40,0,36,30,0,0,2848,197,0,10,0,1022,73,0,20,0,473,0,0,20,0,241,0,0,13,0,60,32,52,48,0,0,32,10,9,0,0,9,9,0,0
6,5,0,25,0,33,0,0.995854,0.993312,1.014001,22,0,334,100,100,0,0,0,0,2,10,10,0,40,2,28,24,0,0,2914,190,0,8,0,965,73,0,16,0,543,1,0,0,0,158,13,0,8,0,0,34,32,10,0,0,28,0,1,0,0,1,1,0,0
6,5,1,44,0,33,0,1.002397,0.997413,1.009629,34,0,334,100,100,0,0,0,2,0,8,10,0,40,2,43,36,0,0,2914,219,0,12,0,965,76,0,24,0,543,1,0,0,0,158,9,0,21,0,0,91,84,22,0,0,23,0,5,0,0,5,5,0,0
6,5,2,36,0,33,0,1.005021,0.995586,1.005233,32,0,334,100,100,0,0,0,10,8,0,4,0,40,2,35,30,0,0,2914,196,0,10,0,965,81,0,20,0,543,1,0,0,0,158,14,0,16,0,0,128,64,14,0,0,23,0,2,0,0,2,2,0,0
6,5,3,35,0,33,0,0.994685,0.993482,0.997465,31,0,334,100,100,0,0,0,10,10,4,0,0,40,2,33,30,0,0,2914,223,0,10,0,965,80,0,20,0,543,0,0,0,0,158,11,0,16,0,0,96,64,14,0,0,30,0,2,0,0,2,2,0,0
6,6,0,22,0,6,0,0.99448,1.001091,1.014679,20,0,334,100,100,0,0,0,0,4,12,12,0,40,0,29,21,0,0,3080,214,0,7,0,968,80,0,14,0,505,1,0,0,0,200,30,0,7,0,0,55,28,7,0,0,28,0,0,0,0,0,0,0,0
6,6,1,43,0,6,0,1.001027,0.999054,1.007673,38,0,334,100,100,0,0,0,4,0,10,12,0,40,0,48,36,0,0,3080,163,0,12,0,968,88,0,24,0,505,1,0,10,0,200,7,0,20,0,0,163,80,28,0,0,25,5,3,0,0,3,3,0,0
6,6,2,34,0,6,0,1.00241,0.998036,1.00874,33,0,334,100,100,0,0,0,12,10,0,6,0,40,0,37,30,0,0,3080,214,0,10,0,968,91,0,20,0,505,1,0,14,0,200,11,0,15,0,0,179,60,26,0,0,29,7,1,0,0,1,1,0,0
6,6,3,35,0,6,0,0.994685,0.993482,0.997465,33,0,334,100,100,0,0,0,12,12,6,0,0,40,0,35,30,0,0,3080,178,0,10,0,968,90,0,20,0,505,1,0,14,0,200,7,0,16,0,0,162,64,26,0,0,36,7,1,0,0,1,1,0,0
6,7,0,23,4,6,0,0.996031,1.000633,1.015333,20,0,334,100,100,0,0,0,0,4,14,14,0,40,0,35,21,0,0,3048,185,0,7,0,971,87,0,14,0,523,1,0,6,0,196,39,0,7,0,0,87,28,13,0,0,31,3,0,0,0,0,0,0,0
6,7,1,44,4,6,0,1.002048,0.998159,1.006662,41,0,334,100,100,0,0,0,4,0,12,14,0,40,0,52,36,0,0,3048,180,0,12,0,971,100,0,24,0,523,1,0,0,0,196,11,0,20,0,0,246,80,14,0,0,24,0,1,0,0,1,1,0,0
6,7,2,30,4,6,0,0.995259,0.999965,1.005499,29,0,334,100,100,0,0,0,14,12,0,8,0,40,0,38,27,0,0,3048,171,0,9,0,971,100,0,18,0,523,1,0,6,0,196,14,0,12,0,0,225,48,15,0,0,32,3,0,0,0,0,0,0,0
6,7,3,35,4,6,0,0.998748,0.992924,0.997001,33,0,334,100,100,0,0,0,14,14,8,0,0,40,0,41,30,0,0,3048,213,0,10,0,971,100,0,20,0,523,0,0,10,0,196,6,0,16,0,0,221,64,22,0,0,40,5,1,0,0,1,1,0,0
6,8,0,23,2,2,0,0.998124,1.000157,1.016786,19,0,334,100,100,0,0,0,0,4,16,16,0,40,6,40,21,0,0,3024,203,0,7,0,971,94,0,14,0,480,1,0,12,0,272,32,0,7,0,14,97,28,21,0,0,36,6,1,0,0,1,1,0,0
6,8,1,43,2,2,0,1.001284,1.000015,1.006969,41,0,334,100,100,0,0,0,4,0,14,16,0,40,6,54,36,0,0,3024,196,0,12,0,971,112,0,24,0,480,1,0,22,0,272,0,0,11,0,14,271,44,36,0,0,34,11,1,0,0,1,1,0,0
6,8,2,30,2,2,0,0.995259,0.999965,1.005499,29,0,334,100,100,0,0,0,16,14,0,8,0,40,6,43,27,0,0,3024,180,0,9,0,971,109,0,18,0,480,1,0,12,0,272,1,0,13,0,14,271,52,23,0,0,37,6,1,0,0,1,1,0,0
6,8,3,36,2,2,0,1.002053,0.992311,0.996297,34,0,334,100,100,0,0,0,16,16,8,0,0,40,6,44,30,0,0,3024,168,0,10,0,971,110,0,20,0,480,0,0,18,0,272,0,0,6,0,14,232,24,30,0,0,48,9,1,0,0,1,1,0,0
6,9,0,22,2,2,0,0.998222,0.998733,1.017064,19,0,334,100,100,0,0,0,0,6,18,18,0,40,0,46,21,0,0,3000,173,0,7,0,971,101,0,14,0,538,1,0,0,0,197,43,0,7,0,0,133,28,9,0,0,35,0,1,0,0,1,1,0,0
6,9,1,42,2,2,0,0.999799,0.998345,1.004862,41,1,459,100,100,0,0,0,6,0,16,18,0,40,0,51,33,0,0,3000,214,0,11,0,971,123,0,22,0,538,1,0,0,0,197,4,0,20,0,0,304,80,30,0,0,16,0,18,0,0,1,1,0,0
6,9,2,30,2,2,0,0.995259,0.999965,1.005499,30,1,459,100,100,0,0,0,18,16,0,10,0,40,0,51,27,0,0,3000,189,0,9,0,971,118,0,18,0,538,0,0,4,0,197,0,0,13,0,0,308,52,30,0,0,22,2,17,0,0,0,0,0,0
6,9,3,38,2,2,0,1.00485,0.987134,0.996083,35,1,459,100,100,0,0,0,18,18,10,0,0,40,0,53,33,0,0,3000,201,0,11,0,971,121,0,22,0,538,1,0,2,0,197,2,0,16,0,0,281,64,32,0,0,31,1,18,0,0,1,1,0,0
6,10,0,20,0,12,0,0.995619,0.990955,1.009464,18,0,334,100,100,0,0,0,0,6,18,20,1,40,2,48,15,0,0,3024,194,0,5,0,971,106,0,10,0,471,2,0,14,0,272,36,0,7,0,14,143,28,21,0,0,41,7,1,0,0,1,1,0,0
6,10,1,36,0,12,0,1.004846,0.999396,1.00021,36,1,459,100,100,0,0,0,6,0,18,20,1,40,2,33,18,0,0,3024,166,0,6,0,971,129,0,12,0,471,1,0,22,0,272,0,0,4,0,14,309,16,28,0,0,27,11,0,0,0,0,0,0,0
6,10,2,27,0,12,0,0.99649,0.998557,1.005646,27,1,459,100,100,0,0,0,18,18,0,10,0,40,2,48,18,0,0,3024,201,0,6,0,971,124,0,12,0,471,0,0,14,0,272,0,0,0,0,14,305,0,20,0,0,29,7,0,0,0,0,0,0,0
6,10,3,37,0,12,0,1.007378,0.987368,0.996622,35,1,459,100,100,0,0,0,20,20,10,0,2,40,2,59,33,0,0,3024,232,0,11,0,971,132,0,22,0,471,0,0,20,0,272,0,0,2,0,14,273,8,33,0,0,40,10,1,0,0,1,1,0,0
6,11,0,16,0,13,0,0.995966,0.992554,1.008344,16,0,334,100,100,0,0,0,0,-8,-8,22,1,40,12,44,12,0,0,3128,170,0,4,0,1004,110,0,8,0,526,0,0,6,0,251,29,0,7,0,68,161,28,10,0,0,44,3,0,0,0,0,0,0,0
6,11,1,33,0,13,0,1.012087,0.998985,0.998067,33,1,459,100,100,0,0,0,-8,0,22,22,2,40,12,26,18,0,0,3128,188,0,6,0,1004,135,0,12,0,526,1,0,0,0,251,0,0,7,0,68,331,28,6,0,0,27,0,0,0,0,0,0,0,0
6,11,2,24,0,13,0,1.001796,0.999059,1.005787,24,1,459,100,100,0,0,0,-8,22,0,10,1,40,12,43,18,0,0,3128,168,0,6,0,1004,130,0,12,0,526,1,0,0,0,251,0,0,4,0,68,315,16,6,0,0,29,0,0,0,0,0,0,0,0
6,11,3,34,0,13,0,1.01043,0.987171,0.995748,33,1,459,100,100,0,0,0,22,22,10,0,2,40,12,62,33,0,0,3128,184,0,11,0,1004,143,0,22,0,526,0,0,2,0,251,0,0,6,0,68,282,24,15,0,0,40,1,1,0,0,1,1,0,0
6,12,0,16,0,3,0,0.995966,0.992554,1.008344,16,0,334,100,100,0,0,0,0,-16,-14,22,1,40,3,49,12,0,0,2960,198,0,4,0,1010,114,0,8,0,490,0,0,12,0,271,22,0,7,0,65,173,28,16,0,0,50,6,0,0,0,0,0,0,0
6,12,1,30,0,3,0,1.014776,1.002102,1.003998,30,1,459,100,100,0,0,0,-16,0,28,26,2,40,3,18,12,0,0,2960,215,0,4,0,1010,139,0,8,0,490,0,0,16,0,271,0,0,1,0,65,318,4,20,0,0,35,8,0,0,0,0,0,0,0
6,12,2,24,0,3,0,1.001796,0.999059,1.005787,24,1,459,100,100,0,0,0,-14,28,0,10,1,40,3,45,18,0,0,2960,186,0,6,0,1010,136,0,12,0,490,1,0,12,0,271,0,0,0,0,65,297,0,18,0,0,35,6,0,0,0,0,0,0,0
6,12,3,34,0,3,0,1.01043,0.987171,0.995748,34,1,459,100,100,0,0,0,22,26,10,0,2,40,3,70,33,0,0,2960,219,0,11,0,1010,154,0,22,0,490,1,0,14,0,271,0,0,0,0,65,257,0,25,0,0,47,7,0,0,0,0,0,0,0
6,13,0,16,0,6,0,0.995966,0.992554,1.008344,16,0,334,100,100,0,0,0,0,-22,-22,24,1,40,11,50,12,0,0,3152,178,0,4,0,1013,118,0,8,0,541,1,0,0,0,221,27,0,7,0,58,197,28,4,0,0,50,0,0,0,0,0,0,0,0
6,13,1,24,0,6,0,1.016161,1.00005,0.999486,24,1,459,100,100,0,0,0,-22,0,34,30,2,40,11,17,12,0,0,3152,181,0,4,0,1013,143,0,8,0,541,0,0,0,0,221,0,0,12,0,58,364,48,4,0,0,35,0,0,0,0,0,0,0,0
6,13,2,24,0,6,0,1.001796,0.999059,1.005787,24,1,459,100,100,0,0,0,-22,34,0,10,1,40,11,44,18,0,0,3152,204,0,6,0,1013,142,0,12,0,541,0,0,2,0,221,0,0,12,0,58,337,48,8,0,0,36,1,0,0,0,0,0,0,0
6,13,3,34,0,6,0,1.01043,0.987171,0.995748,34,1,459,100,100,0,0,0,24,30,10,0,2,40,11,75,33,0,0,3152,174,0,11,0,1013,165,0,22,0,541,0,0,2,0,221,0,0,15,0,58,304,60,13,0,0,48,1,0,0,0,0,0,0,0
6,14,0,15,0,9,0,1.000251,0.994934,1.013742,15,0,334,93.597534,90.597534,3,1,1,0,-40,-48,22,1,40,9,51,12,0,0,3045,198,0,4,0,1019,122,0,8,0,523,1,0,6,0,248,21,0,6,0,50,209,24,12,0,0,52,3,1,0,0,0,0,0,0
6,14,1,18,0,9,0,1.013767,0.999092,1.001669,18,2,584,100,100,3,1,1,-40,0,48,-8,1,40,9,18,12,0,0,3045,185,0,4,0,1019,144,0,8,0,523,0,0,0,0,248,0,0,9,0,50,382,36,21,0,0,18,0,17,0,0,0,0,0,0
6,14,2,22,0,9,0,0.995174,1.004991,1.013721,22,1,459,87.690443,84.690443,3,1,1,-48,48,0,-8,1,40,9,42,15,0,0,3045,175,0,5,0,1019,147,0,10,0,523,0,0,6,0,248,0,0,6,0,50,356,24,13,0,0,38,3,1,0,0,0,0,0,0
6,14,3,34,0,9,0,1.01043,0.987171,0.995748,34,1,459,100,100,3,1,1,22,-8,-8,0,1,40,9,84,33,0,0,3045,209,0,11,0,1019,176,0,22,0,523,1,0,8,0,248,0,0,9,0,50,328,36,19,0,0,52,4,0,0,0,0,0,0,0
6,15,0,14,0,7,0,1.006192,0.999022,1.011044,14,0,334,96.597534,93.597534,4,1,1,0,-42,-54,22,1,40,8,56,12,0,0,3160,179,0,4,0,1019,126,0,8,0,520,0,0,8,0,269,16,0,5,0,0,232,20,14,0,0,55,4,1,0,0,0,0,0,0
6,15,1,15,0,7,0,1.000081,0.996538,1.009781,15,2,584,100,100,4,1,1,-42,0,53,-4,1,40,8,21,12,0,0,3160,163,0,4,0,1019,145,0,8,0,520,1,0,2,0,269,0,0,0,0,0,391,0,6,0,0,19,1,0,0,0,0,0,0,0
6,15,2,20,0,7,0,1.000623,1.001285,1.013894,20,1,459,78.18777,75.18777,4,1,1,-54,53,0,-8,1,40,8,42,15,0,0,3160,188,0,5,0,1019,152,0,10,0,520,1,0,4,0,269,0,0,0,0,0,362,0,11,0,0,39,2,1,0,0,0,0,0,0
6,15,3,33,0,7,0,1.009083,0.985429,0.996123,33,1,459,100,100,4,1,1,22,-4,-8,0,1,40,8,91,33,0,0,3160,164,0,11,0,1019,187,0,22,0,520,0,0,10,0,269,0,0,0,0,0,324,0,21,0,0,57,5,0,0,0,0,0,0,0
6,16,0,13,0,6,0,1.001924,1.001861,1.011103,13,0,334,99.597534,96.597534,5,1,1,0,-44,-60,22,1,40,6,59,12,0,0,3072,185,0,4,0,1019,130,0,8,0,525,1,0,4,0,272,11,0,5,0,16,245,20,10,0,0,56,2,1,0,0,0,0,0,0
6,16,1,14,0,6,0,0.999586,0.995377,1.007817,14,2,584,100,100,5,1,1,-44,0,58,0,1,40,6,25,12,0,0,3072,168,0,4,0,1019,146,0,8,0,525,0,0,4,0,272,0,0,0,0,16,398,0,8,0,0,21,2,0,0,0,0,0,0,0
6,16,2,18,0,6,0,0.99845,0.999681,1.006691,18,1,459,69.642435,66.642435,5,1,1,-60,58,0,-8,1,40,6,47,15,0,0,3072,163,0,5,0,1019,157,0,10,0,525,0,0,6,0,272,0,0,0,0,16,366,0,13,0,0,41,3,1,0,0,0,0,0,0
6,16,3,31,0,6,0,1.005668,0.986268,0.998708,31,1,459,100,100,5,1,1,22,0,-8,0,1,40,6,98,30,0,0,3072,201,0,10,0,1019,197,0,20,0,525,1,0,2,0,272,0,0,0,0,16,329,0,12,0,0,58,1,0,0,0,0,0,0,0
6,17,0,13,0,5,0,1.001924,1.001861,1.011103,13,0,334,92.677869,89.677869,6,2,1,0,-50,-66,24,1,40,1,65,12,0,0,3144,168,0,4,0,1025,134,0,8,0,508,3,0,10,0,272,6,0,5,0,68,249,20,16,0,0,60,5,1,0,0,0,0,0,0
6,17,1,12,0,5,0,0.990959,0.998651,1.001968,12,2,584,100,100,6,2,1,-50,0,58,0,1,40,1,28,9,0,0,3144,175,0,3,0,1025,149,0,6,0,508,1,0,2,0,272,0,0,0,0,68,393,0,5,0,0,22,1,0,0,0,0,0,0,0
6,17,2,16,0,5,0,1.004463,1.003568,1.006063,16,1,459,72.642435,69.642435,6,2,1,-66,58,0,-8,1,40,1,49,12,0,0,3144,173,0,4,0,1025,161,0,8,0,508,1,0,8,0,272,0,0,0,0,68,352,0,14,0,0,44,4,1,0,0,0,0,0,0
6,17,3,30,0,5,0,1.003823,0.988224,1.000258,30,1,459,100,100,6,2,1,24,0,-8,0,1,40,1,102,27,0,0,3144,161,0,9,0,1025,206,0,18,0,508,1,0,12,0,272,0,0,0,0,68,308,0,21,0,0,64,6,0,0,0,0,0,0,0
6,18,0,13,1,5,0,1.001924,1.001861,1.011103,13,0,334,95.677869,92.677869,6,2,1,0,-50,-66,26,1,40,14,69,12,0,0,3056,167,0,4,0,1028,138,0,8,0,521,2,0,10,0,272,1,0,5,0,47,256,20,16,0,0,64,5,1,0,0,0,0,0,0
6,18,1,10,1,5,0,0.984049,0.997347,0.996037,10,2,584,100,100,6,2,1,-50,0,60,4,1,40,14,32,9,0,0,3056,176,0,3,0,1028,152,0,6,0,521,1,0,0,0,272,0,0,0,0,47,400,0,3,0,0,22,0,0,0,0,0,0,0,0
6,18,2,15,1,5,0,1.004274,0.999457,1.004711,14,1,459,75.642435,72.642435,6,2,1,-66,60,0,-8,1,40,14,51,12,0,0,3056,185,0,4,0,1028,165,0,8,0,521,0,0,6,0,272,0,0,0,0,47,344,0,12,0,0,46,3,1,0,0,0,0,0,0
6,18,3,29,1,5,0,1.0046,0.991013,0.998358,29,1,459,100,100,6,2,1,26,4,-8,0,1,40,14,104,24,0,0,3056,203,0,8,0,1028,214,0,16,0,521,0,0,10,0,272,0,0,0,0,47,294,0,18,0,0,69,5,0,0,0,0,0,0,0
6,19,0,13,0,11,1,1.001924,1.001861,1.011103,13,0,334,98.677869,95.677869,6,2,1,0,-52,-72,26,1,40,9,78,12,0,0,3168,166,0,4,0,1037,142,0,8,0,514,4,0,10,0,272,0,0,1,0,0,247,4,16,0,0,68,5,1,0,0,0,0,0,0
6,19,1,8,0,11,1,0.992476,1.004539,0.992117,8,2,584,100,100,6,2,1,-52,0,65,6,1,40,9,35,6,0,0,3168,180,0,2,0,1037,154,0,4,0,514,0,0,4,0,272,0,0,0,0,0,403,0,6,0,0,24,2,0,0,0,0,0,0,0
6,19,2,10,0,11,1,1.008325,0.999958,0.990469,10,1,459,78.642435,75.642435,6,2,1,-72,65,0,-6,1,40,9,42,3,0,0,3168,169,0,1,0,1037,166,0,2,0,514,0,0,6,0,272,0,0,0,0,0,352,0,9,0,0,48,3,1,0,0,0,0,0,0
6,19,3,25,0,11,1,1.000222,0.996359,0.992446,25,1,459,100,100,6,2,1,26,6,-6,0,1,40,9,102,18,0,0,3168,168,0,6,0,1037,220,0,12,0,514,1,0,8,0,272,0,0,0,0,0,311,0,14,0,0,73,4,0,0,0,0,0,0,0
6,20,0,12,0,11,0,0.999573,1.002804,1.009553,12,0,334,100,98.677869,6,2,1,0,-52,-72,28,1,40,9,84,12,0,0,3096,165,0,4,0,1049,146,0,8,0,528,2,0,8,0,269,0,0,0,0,20,233,0,14,0,0,71,4,1,0,0,0,0,0,0
6,20,1,5,0,11,0,0.9798,0.9856,0.977629,5,2,584,100,100,6,2,1,-52,0,65,8,1,40,9,38,6,0,0,3096,170,0,2,0,1049,156,0,4,0,528,0,0,0,0,269,0,0,0,0,20,416,0,2,0,0,24,0,0,0,0,0,0,0,0
6,20,2,6,0,11,0,0.993398,1.007782,0.982702,6,1,459,81.642435,78.642435,6,2,1,-72,65,0,-6,1,40,9,41,3,0,0,3096,174,0,1,0,1049,167,0,2,0,528,1,0,2,0,269,0,0,0,0,20,350,0,5,0,0,48,1,1,0,0,0,0,0,0
6,20,3,22,0,11,0,0.99888,0.991404,0.997974,22,1,459,100,100,6,2,1,28,8,-6,0,1,40,9,100,15,0,0,3096,210,0,5,0,1049,225,0,10,0,528,0,0,8,0,269,0,0,0,0,20,313,0,13,0,0,77,4,0,0,0,0,0,0,0
6,21,0,13,2,5,0,1.0026,1.003157,1.013768,12,0,334,100,100,6,2,1,0,-52,-72,28,1,40,15,93,12,0,0,3176,165,0,4,0,1055,150,0,8,0,527,3,0,8,0,272,0,0,0,0,68,221,0,12,0,0,75,4,0,0,0,0,0,0,0
6,21,1,3,2,5,0,0.968784,0.958672,1.009833,3,2,584,100,100,6,2,1,-52,0,67,8,1,40,15,40,3,0,0,3176,172,0,1,0,1055,157,0,2,0,527,0,0,0,0,272,0,0,0,0,68,415,0,1,0,0,24,0,0,0,0,0,0,0,0
6,21,2,4,2,5,0,0.991765,0.995466,0.968206,4,1,459,84.642435,81.642435,6,2,1,-72,67,0,-6,1,40,15,42,3,0,0,3176,167,0,1,0,1055,168,0,2,0,527,0,0,4,0,272,0,0,0,0,68,343,0,7,0,0,49,2,1,0,0,0,0,0,0
6,21,3,22,2,5,0,1.003784,0.99014,0.995265,21,1,459,100,100,6,2,1,28,8,-6,0,1,40,15,101,15,0,0,3176,183,0,5,0,1055,230,0,10,0,527,1,0,4,0,272,0,0,0,0,68,304,0,9,0,0,79,2,0,0,0,0,0,0,0
6,22,0,12,0,7,0,0.999911,1.010228,1.015461,11,0,334,100,100,6,2,1,0,-52,-72,28,1,40,23,92,9,0,0,3112,173,0,3,0,1058,153,0,6,0,535,0,0,8,0,272,0,0,0,0,47,210,0,11,0,0,79,4,0,0,0,0,0,0,0
6,22,1,1,0,7,0,1.051869,0.980126,0.971303,1,2,584,100,100,6,2,1,-52,0,69,8,1,40,23,42,3,0,0,3112,168,0,1,0,1058,158,0,2,0,535,0,0,0,0,272,0,0,0,0,47,414,0,1,0,0,24,0,0,0,0,0,0,0,0
6,22,2,2,0,7,0,0.983036,1.031591,0.969999,2,1,459,87.642435,84.642435,6,2,1,-72,69,0,-6,1,40,23,40,0,0,0,3112,163,0,0,0,1058,168,0,0,0,535,1,0,0,0,272,0,0,0,0,47,344,0,2,0,0,48,0,1,0,0,0,0,0,0
6,22,3,20,0,7,0,0.999474,0.985122,0.996984,19,1,459,100,100,6,2,1,28,8,-6,0,1,40,23,99,12,0,0,3112,221,0,4,0,1058,234,0,8,0,535,0,0,4,0,272,0,0,0,0,47,309,0,10,0,0,80,2,1,0,0,1,1,0,0
6,23,0,12,0,3,0,0.999911,1.010228,1.015461,11,0,334,100,100,6,2,1,0,-52,-72,28,1,40,28,93,9,0,0,3176,182,0,3,0,1067,156,0,6,0,526,1,0,8,0,272,0,0,0,0,51,199,0,11,0,0,83,4,0,0,0,0,0,0,0
6,23,1,0,0,3,0,0,0,0,0,2,584,100,100,6,2,1,-52,0,69,8,0,40,28,41,0,0,0,3176,167,0,0,0,1067,158,0,0,0,526,0,0,0,0,272,0,0,0,0,51,414,0,0,0,0,24,0,0,0,0,0,0,0,0
6,23,2,0,0,3,0,0,0,0,0,1,459,87.642435,87.642435,6,2,1,-72,69,0,-6,0,40,28,38,0,0,0,3176,161,0,0,0,1067,168,0,0,0,526,1,0,0,0,272,0,0,0,0,51,344,0,0,0,0,48,0,0,0,0,0,0,0,0
6,23,3,20,0,3,0,0.999474,0.985122,0.996984,20,1,459,100,100,6,2,1,28,8,-6,0,1,40,28,99,12,0,0,3176,197,0,4,0,1067,238,0,8,0,526,1,0,8,0,272,0,0,0,0,51,314,0,12,0,0,84,4,0,0,0,0,0,0,0
6,24,0,11,0,2,0,1.001603,1.019581,1.011833,10,0,334,100,100,6,2,0,0,-52,-72,30,1,40,23,91,6,0,0,3200,168,0,2,0,1067,158,0,4,0,531,1,0,6,0,272,0,0,0,0,57,191,0,8,0,0,86,3,0,0,0,0,0,0,0
6,24,1,0,0,2,0,0,0,0,0,2,584,100,100,6,2,0,-52,0,69,8,0,40,23,41,0,0,0,3200,167,0,0,0,1067,158,0,0,0,531,0,0,0,0,272,0,0,0,0,57,414,0,0,0,0,24,0,0,0,0,0,0,0,0
6,24,2,0,0,2,0,0,0,0,0,1,459,87.642435,87.642435,6,2,0,-72,69,0,-6,0,40,23,38,0,0,0,3200,161,0,0,0,1067,168,0,0,0,531,1,0,0,0,272,0,0,0,0,57,344,0,0,0,0,48,0,0,0,0,0,0,0,0
6,24,3,19,0,2,0,1.003042,0.98661,1.000647,19,1,459,100,100,6,2,0,30,8,-6,0,1,40,23,98,12,0,0,3200,173,0,4,0,1067,242,0,8,0,531,0,0,8,0,272,0,0,0,0,57,305,0,12,0,0,88,4,0,0,0,0,0,0,0
6,25,0,11,1,1,0,1.001603,1.019581,1.011833,10,0,334,100,100,6,2,0,0,-52,-72,32,1,40,22,93,6,0,0,3104,195,0,2,0,1070,160,0,4,0,532,1,0,6,0,267,0,0,2,0,53,191,8,8,0,0,89,3,0,0,0,0,0,0,0
6,25,1,0,1,1,0,0,0,0,0,2,584,100,100,6,2,0,-52,0,69,8,0,40,22,41,0,0,0,3104,167,0,0,0,1070,158,0,0,0,532,0,0,0,0,267,0,0,0,0,53,414,0,0,0,0,24,0,0,0,0,0,0,0,0
6,25,2,0,1,1,0,0,0,0,0,1,459,87.642435,87.642435,6,2,0,-72,69,0,-6,0,40,22,38,0,0,0,3104,161,0,0,0,1070,168,0,0,0,532,1,0,0,0,267,0,0,0,0,53,344,0,0,0,0,48,0,0,0,0,0,0,0,0
6,25,3,19,1,1,0,1.004598,0.978012,1.000989,18,1,459,100,100,6,2,0,32,8,-6,0,1,40,22,98,12,0,0,3104,198,0,4,0,1070,246,0,8,0,532,0,0,6,0,267,0,0,3,0,53,322,12,10,0,0,91,3,0,0,0,0,0,0,0
6,26,0,11,0,0,0,1.001603,1.019581,1.011833,10,0,334,100,100,6,2,0,0,-52,-72,34,1,40,30,93,6,0,0,3200,182,0,2,0,1070,162,0,4,0,538,0,0,4,0,270,0,0,2,0,34,210,8,6,0,0,91,2,0,0,0,0,0,0,0
6,26,1,0,0,0,0,0,0,0,0,2,584,100,100,6,2,0,-52,0,69,8,0,40,30,41,0,0,0,3200,167,0,0,0,1070,158,0,0,0,538,0,0,0,0,270,0,0,0,0,34,414,0,0,0,0,24,0,0,0,0,0,0,0,0
6,26,2,0,0,0,0,0,0,0,0,1,459,87.642435,87.642435,6,2,0,-72,69,0,-6,0,40,30,38,0,0,0,3200,161,0,0,0,1070,168,0,0,0,538,1,0,0,0,270,0,0,0,0,34,344,0,0,0,0,48,0,0,0,0,0,0,0,0
6,26,3,19,0,0,0,1.004598,0.978012,1.000989,18,1,459,100,100,6,2,0,34,8,-6,0,1,40,30,96,12,0,0,3200,175,0,4,0,1070,250,0,8,0,538,1,0,2,0,270,0,0,0,0,34,331,0,8,0,0,91,1,1,0,0,1,1,0,0
6,27,0,10,0,1,0,1.004422,1.02179,1.008696,9,0,334,100,100,6,2,0,0,-52,-72,34,1,40,24,88,3,0,0,3152,170,0,1,0,1070,163,0,2,0,538,0,0,4,0,271,0,0,0,0,27,229,0,5,0,0,93,2,0,0,0,0,0,0,0
6,27,1,0,0,1,0,0,0,0,0,2,584,100,100,6,2,0,-52,0,69,8,0,40,24,41,0,0,0,3152,167,0,0,0,1070,158,0,0,0,538,0,0,0,0,271,0,0,0,0,27,414,0,0,0,0,24,0,0,0,0,0,0,0,0
6,27,2,0,0,1,0,0,0,0,0,1,459,87.642435,87.642435,6,2,0,-72,69,0,-6,0,40,24,38,0,0,0,3152,161,0,0,0,1070,168,0,0,0,538,1,0,0,0,271,0,0,0,0,27,344,0,0,0,0,48,0,0,0,0,0,0,0,0
6,27,3,19,0,1,0,1.004598,0.978012,1.000989,19,1,459,100,100,6,2,0,34,8,-6,0,1,40,24,100,12,0,0,3152,200,0,4,0,1070,254,0,8,0,538,1,0,2,0,271,0,0,1,0,27,346,4,6,0,0,92,1,0,0,0,0,0,0,0
6,28,0,5,1,5,0,0.98696,1.017337,0.98559,4,0,334,100,100,6,2,0,0,-52,-72,34,1,40,29,83,3,0,0,3160,191,0,1,0,1073,164,0,2,0,541,0,0,0,0,267,0,0,0,0,51,228,0,1,0,0,93,0,0,0,0,0,0,0,0
6,28,1,0,1,5,0,0,0,0,0,2,584,100,100,6,2,0,-52,0,69,8,0,40,29,41,0,0,0,3160,167,0,0,0,1073,158,0,0,0,541,0,0,0,0,267,0,0,0,0,51,414,0,0,0,0,24,0,0,0,0,0,0,0,0
6,28,2,0,1,5,0,0,0,0,0,1,459,87.642435,87.642435,6,2,0,-72,69,0,-6,0,40,29,38,0,0,0,3160,161,0,0,0,1073,168,0,0,0,541,1,0,0,0,267,0,0,0,0,51,344,0,0,0,0,48,0,0,0,0,0,0,0,0
6,28,3,20,1,5,0,1.003149,0.980651,0.996579,19,1,459,100,100,6,2,0,34,8,-6,0,1,40,29,100,12,0,0,3160,177,0,4,0,1073,258,0,8,0,541,0,0,4,0,267,0,0,1,0,51,359,4,8,0,0,94,2,0,0,0,0,0,0,0
6,29,0,5,0,0,0,0.98696,1.017337,0.98559,4,0,334,100,100,6,2,0,0,-52,-72,36,1,40,26,84,3,0,0,3152,185,0,1,0,1073,165,0,2,0,532,0,0,0,0,272,0,0,0,0,54,233,0,1,0,0,93,0,0,0,0,0,0,0,0
6,29,1,0,0,0,0,0,0,0,0,2,584,100,100,6,2,0,-52,0,69,8,0,40,26,41,0,0,0,3152,167,0,0,0,1073,158,0,0,0,532,0,0,0,0,272,0,0,0,0,54,414,0,0,0,0,24,0,0,0,0,0,0,0,0
6,29,2,0,0,0,0,0,0,0,0,1,459,87.642435,87.642435,6,2,0,-72,69,0,-6,0,40,26,38,0,0,0,3152,161,0,0,0,1073,168,0,0,0,532,1,0,0,0,272,0,0,0,0,54,344,0,0,0,0,48,0,0,0,0,0,0,0,0
6,29,3,20,0,0,0,1.003149,0.980651,0.996579,19,1,459,100,100,6,2,0,36,8,-6,0,1,40,26,103,12,0,0,3152,201,0,4,0,1073,262,0,8,0,532,0,0,12,0,272,0,0,0,0,54,349,0,18,0,0,99,6,1,0,0,1,1,0,0
6,30,0,5,0,1,0,0.98696,1.017337,0.98559,4,0,334,100,100,6,2,0,0,-52,-72,36,1,40,26,86,3,0,0,3200,179,0,1,0,1073,166,0,2,0,532,0,0,0,0,272,0,0,0,0,34,249,0,1,0,0,93,0,0,0,0,0,0,0,0
6,30,1,0,0,1,0,0,0,0,0,2,584,100,100,6,2,0,-52,0,69,8,0,40,26,41,0,0,0,3200,167,0,0,0,1073,158,0,0,0,532,0,0,0,0,272,0,0,0,0,34,414,0,0,0,0,24,0,0,0,0,0,0,0,0
6,30,2,0,0,1,0,0,0,0,0,1,459,87.642435,87.642435,6,2,0,-72,69,0,-6,0,40,26,38,0,0,0,3200,161,0,0,0,1073,168,0,0,0,532,1,0,0,0,272,0,0,0,0,34,344,0,0,0,0,48,0,0,0,0,0,0,0,0
6,30,3,19,0,1,0,1.009928,0.975879,0.997098,19,1,459,100,100,6,2,0,36,8,-6,0,1,40,26,105,12,0,0,3200,177,0,4,0,1073,266,0,8,0,532,1,0,8,0,272,0,0,0,0,34,354,0,12,0,0,103,4,0,0,0,0,0,0,0
6,31,0,5,0,0,0,0.98696,1.017337,0.98559,4,0,334,100,100,6,2,0,0,-52,-72,36,1,40,23,87,3,0,0,3152,173,0,1,0,1073,167,0,2,0,541,0,0,0,0,266,0,0,0,0,34,265,0,1,0,0,93,0,0,0,0,0,0,0,0
6,31,1,0,0,0,0,0,0,0,0,2,584,100,100,6,2,0,-52,0,69,8,0,40,23,41,0,0,0,3152,167,0,0,0,1073,158,0,0,0,541,0,0,0,0,266,0,0,0,0,34,414,0,0,0,0,24,0,0,0,0,0,0,0,0
6,31,2,0,0,0,0,0,0,0,0,1,459,87.642435,87.642435,6,2,0,-72,69,0,-6,0,40,23,38,0,0,0,3152,161,0,0,0,1073,168,0,0,0,541,1,0,0,0,266,0,0,0,0,34,344,0,0,0,0,48,0,0,0,0,0,0,0,0
6,31,3,19,0,0,0,1.009928,0.975879,0.997098,19,1,459,100,100,6,2,0,36,8,-6,0,1,40,23,112,12,0,0,3152,202,0,4,0,1073,270,0,8,0,541,0,0,4,0,266,0,0,6,0,34,387,24,8,0,0,105,2,0,0,0,0,0,0,0
6,32,0,5,0,1,0,0.98696,1.017337,0.98559,4,0,334,100,100,6,2,0,0,-52,-72,36,1,40,32,87,3,0,0,3200,167,0,1,0,1073,168,0,2,0,542,0,0,0,0,266,0,0,0,0,34,281,0,1,0,0,93,0,0,0,0,0,0,0,0
6,32,1,0,0,1,0,0,0,0,0,2,584,100,100,6,2,0,-52,0,69,8,0,40,32,41,0,0,0,3200,167,0,0,0,1073,158,0,0,0,542,0,0,0,0,266,0,0,0,0,34,414,0,0,0,0,24,0,0,0,0,0,0,0,0
6,32,2,0,0,1,0,0,0,0,0,1,459,87.642435,87.642435,6,2,0,-72,69,0,-6,0,40,32,38,0,0,0,3200,161,0,0,0,1073,168,0,0,0,542,1,0,0,0,266,0,0,0,0,34,344,0,0,0,0,48,0,0,0,0,0,0,0,0
6,32,3,18,0,1,0,1.005485,0.981124,0.998176,18,2,584,100,100,6,2,0,36,8,-6,0,1,40,32,106,9,0,0,3200,180,0,3,0,1073,273,0,6,0,542,0,0,2,0,266,0,0,6,0,34,406,24,22,0,0,89,1,17,0,0,0,0,0,0
6,33,0,5,0,1,0,0.98696,1.017337,0.98559,4,0,334,100,100,6,2,0,0,-52,-72,36,1,40,26,90,3,0,0,3120,193,0,1,0,1076,169,0,2,0,539,0,0,0,0,272,0,0,0,0,51,280,0,1,0,0,93,0,0,0,0,0,0,0,0
6,33,1,0,0,1,0,0,0,0,0,2,584,100,100,6,2,0,-52,0,69,8,0,40,26,41,0,0,0,3120,167,0,0,0,1076,158,0,0,0,539,0,0,0,0,272,0,0,0,0,51,414,0,0,0,0,24,0,0,0,0,0,0,0,0
6,33,2,0,0,1,0,0,0,0,0,1,459,87.642435,87.642435,6,2,0,-72,69,0,-6,0,40,26,38,0,0,0,3120,161,0,0,0,1076,168,0,0,0,539,1,0,0,0,272,0,0,0,0,51,344,0,0,0,0,48,0,0,0,0,0,0,0,0
6,33,3,17,0,1,0,1.007371,0.980161,0.995527,17,2,584,100,100,6,2,0,36,8,-6,0,1,40,26,101,6,0,0,3120,208,0,2,0,1076,275,0,4,0,539,1,0,4,0,272,0,0,0,0,51,417,0,6,0,0,91,2,0,0,0,0,0,0,0
6,34,0,5,0,3,0,0.98696,1.017337,0.98559,4,0,334,100,100,6,2,0,0,-52,-72,38,1,40,31,92,3,0,0,3200,187,0,1,0,1079,170,0,2,0,543,0,0,0,0,270,0,0,0,0,26,301,0,1,0,0,93,0,0,0,0,0,0,0,0
6,34,1,0,0,3,0,0,0,0,0,2,584,100,100,6,2,0,-52,0,69,8,0,40,31,41,0,0,0,3200,167,0,0,0,1079,158,0,0,0,543,0,0,0,0,270,0,0,0,0,26,414,0,0,0,0,24,0,0,0,0,0,0,0,0
6,34,2,0,0,3,0,0,0,0,0,1,459,87.642435,87.642435,6,2,0,-72,69,0,-6,0,40,31,38,0,0,0,3200,161,0,0,0,1079,168,0,0,0,543,1,0,0,0,270,0,0,0,0,26,344,0,0,0,0,48,0,0,0,0,0,0,0,0
6,34,3,14,0,3,0,1.002768,0.987819,0.985814,14,2,584,100,100,6,2,0,38,8,-6,0,1,40,31,95,6,0,0,3200,189,0,2,0,1079,277,0,4,0,543,0,0,2,0,270,0,0,2,0,26,435,8,4,0,0,92,1,0,0,0,0,0,0,0
6,35,0,5,1,0,0,0.98696,1.017337,0.98559,4,0,334,100,100,6,2,0,0,-52,-72,38,1,40,31,93,3,0,0,3200,181,0,1,0,1079,171,0,2,0,544,0,0,0,0,266,0,0,0,0,68,300,0,1,0,0,93,0,0,0,0,0,0,0,0
6,35,1,0,1,0,0,0,0,0,0,2,584,100,100,6,2,0,-52,0,69,8,0,40,31,41,0,0,0,3200,167,0,0,0,1079,158,0,0,0,544,0,0,0,0,266,0,0,0,0,68,414,0,0,0,0,24,0,0,0,0,0,0,0,0
6,35,2,0,1,0,0,0,0,0,0,1,459,87.642435,87.642435,6,2,0,-72,69,0,-6,0,40,31,38,0,0,0,3200,161,0,0,0,1079,168,0,0,0,544,1,0,0,0,266,0,0,0,0,68,344,0,0,0,0,48,0,0,0,0,0,0,0,0
6,35,3,15,1,0,0,1.001791,0.990186,0.981171,14,2,584,100,100,6,2,0,38,8,-6,0,1,40,31,93,6,0,0,3200,173,0,2,0,1079,279,0,4,0,544,0,0,0,0,266,0,0,6,0,68,457,24,2,0,0,92,0,0,0,0,0,0,0,0
6,36,0,5,1,0,0,0.98696,1.017337,0.98559,4,0,334,100,100,6,2,0,0,-52,-72,38,1,40,29,94,3,0,0,3168,175,0,1,0,1079,172,0,2,0,538,0,0,0,0,272,0,0,0,0,34,316,0,1,0,0,93,0,0,0,0,0,0,0,0
6,36,1,0,1,0,0,0,0,0,0,2,584,100,100,6,2,0,-52,0,69,8,0,40,29,41,0,0,0,3168,167,0,0,0,1079,158,0,0,0,538,0,0,0,0,272,0,0,0,0,34,414,0,0,0,0,24,0,0,0,0,0,0,0,0
6,36,2,0,1,0,0,0,0,0,0,1,459,87.642435,87.642435,6,2,0,-72,69,0,-6,0,40,29,38,0,0,0,3168,161,0,0,0,1079,168,0,0,0,538,1,0,0,0,272,0,0,0,0,34,344,0,0,0,0,48,0,0,0,0,0,0,0,0
6,36,3,16,1,0,0,1.001607,0.98555,0.982295,14,2,584,100,100,6,2,0,38,8,-6,0,1,40,29,92,6,0,0,3168,188,0,2,0,1079,281,0,4,0,538,0,0,6,0,272,0,0,0,0,34,464,0,10,0,0,94,3,1,0,0,1,1,0,0
6,37,0,5,0,4,0,0.98696,1.017337,0.98559,4,0,334,100,100,6,2,0,0,-52,-72,38,1,40,31,95,3,0,0,3200,169,0,1,0,1079,173,0,2,0,543,0,0,0,0,269,0,0,0,0,34,332,0,1,0,0,93,0,0,0,0,0,0,0,0
6,37,1,0,0,4,0,0,0,0,0,2,584,100,100,6,2,0,-52,0,69,8,0,40,31,41,0,0,0,3200,167,0,0,0,1079,158,0,0,0,543,0,0,0,0,269,0,0,0,0,34,414,0,0,0,0,24,0,0,0,0,0,0,0,0
6,37,2,0,0,4,0,0,0,0,0,1,459,87.642435,87.642435,6,2,0,-72,69,0,-6,0,40,31,38,0,0,0,3200,161,0,0,0,1079,168,0,0,0,543,1,0,0,0,269,0,0,0,0,34,344,0,0,0,0,48,0,0,0,0,0,0,0,0
6,37,3,12,0,4,0,1.000428,0.999881,0.988301,12,2,584,100,100,6,2,0,38,8,-6,0,1,40,31,87,6,0,0,3200,170,0,2,0,1079,283,0,4,0,543,1,0,0,0,269,0,0,3,0,34,485,12,2,0,0,94,0,0,0,0,0,0,0,0
6,38,0,5,0,1,0,0.98696,1.017337,0.98559,4,0,334,100,100,6,2,0,0,-52,-72,38,1,40,26,99,3,0,0,3136,195,0,1,0,1079,174,0,2,0,544,0,0,0,0,263,0,0,0,0,59,331,0,1,0,0,93,0,0,0,0,0,0,0,0
6,38,1,0,0,1,0,0,0,0,0,2,584,100,100,6,2,0,-52,0,69,8,0,40,26,41,0,0,0,3136,167,0,0,0,1079,158,0,0,0,544,0,0,0,0,263,0,0,0,0,59,414,0,0,0,0,24,0,0,0,0,0,0,0,0
6,38,2,0,0,1,0,0,0,0,0,1,459,87.642435,87.642435,6,2,0,-72,69,0,-6,0,40,26,38,0,0,0,3136,161,0,0,0,1079,168,0,0,0,544,1,0,0,0,263,0,0,0,0,59,344,0,0,0,0,48,0,0,0,0,0,0,0,0
6,38,3,11,0,1,0,1.002682,0.997072,0.995166,11,3,709,100,100,6,2,0,38,8,-6,0,1,40,26,88,6,0,0,3136,188,0,2,0,1079,285,0,4,0,544,1,0,0,0,263,0,0,6,0,59,499,24,19,0,0,77,0,17,0,0,0,0,0,0
6,39,0,5,0,0,0,0.98696,1.017337,0.98559,4,0,334,100,100,6,2,0,0,-52,-72,38,1,40,32,99,3,0,0,3200,189,0,1,0,1079,175,0,2,0,538,0,0,0,0,272,0,0,0,0,34,333,0,1,0,0,93,0,0,0,0,0,0,0,0
6,39,1,0,0,0,0,0,0,0,0,2,584,100,100,6,2,0,-52,0,69,8,0,40,32,41,0,0,0,3200,167,0,0,0,1079,158,0,0,0,538,0,0,0,0,272,0,0,0,0,34,414,0,0,0,0,24,0,0,0,0,0,0,0,0
6,39,2,0,0,0,0,0,0,0,0,1,459,87.642435,87.642435,6,2,0,-72,69,0,-6,0,40,32,38,0,0,0,3200,161,0,0,0,1079,168,0,0,0,538,1,0,0,0,272,0,0,0,0,34,344,0,0,0,0,48,0,0,0,0,0,0,0,0
6,39,3,11,0,0,0,1.002682,0.997072,0.995166,11,3,709,100,100,6,2,0,38,8,-6,0,1,40,32,89,6,0,0,3200,175,0,2,0,1079,287,0,4,0,538,1,0,6,0,272,0,0,0,0,34,508,0,8,0,0,80,3,0,0,0,0,0,0,0
6,40,0,5,0,0,0,0.98696,1.017337,0.98559,4,0,334,100,100,6,2,0,0,-52,-72,38,1,40,29,99,3,0,0,3168,183,0,1,0,1079,176,0,2,0,544,0,0,0,0,270,0,0,0,0,42,333,0,1,0,0,93,0,0,0,0,0,0,0,0
6,40,1,0,0,0,0,0,0,0,0,2,584,100,100,6,2,0,-52,0,69,8,0,40,29,41,0,0,0,3168,167,0,0,0,1079,158,0,0,0,544,0,0,0,0,270,0,0,0,0,42,414,0,0,0,0,24,0,0,0,0,0,0,0,0
6,40,2,0,0,0,0,0,0,0,0,1,459,87.642435,87.642435,6,2,0,-72,69,0,-6,0,40,29,38,0,0,0,3168,161,0,0,0,1079,168,0,0,0,544,1,0,0,0,270,0,0,0,0,42,344,0,0,0,0,48,0,0,0,0,0,0,0,0
6,40,3,11,0,0,0,1.002682,0.997072,0.995166,11,3,709,100,100,6,2,0,38,8,-6,0,1,40,29,89,6,0,0,3168,194,0,2,0,1079,289,0,4,0,544,1,0,0,0,270,0,0,2,0,42,523,8,2,0,0,80,0,0,0,0,0,0,0,0
0,1,0,50,0,2,0,1.00036,0.995079,0.994995,0,0,334,100,100,0,0,0,0,0,2,2,0,40,0,47,39,0,0,2822,200,0,13,0,932,63,0,26,0,406,19,0,48,0,272,1,0,24,0,0,101,96,79,0,0,15,24,9,0,0,9,9,0,0
0,1,1,50,0,2,0,1.00036,0.995079,0.994995,0,0,334,100,100,0,0,0,0,0,2,2,0,40,0,47,39,0,0,2822,200,0,13,0,932,63,0,26,0,406,19,0,48,0,272,1,0,24,0,0,101,96,79,0,0,15,24,9,0,0,9,9,0,0
0,1,2,48,0,2,0,0.999163,0.995002,0.995778,0,0,334,100,100,0,0,0,2,2,0,0,0,40,0,47,39,0,0,2822,192,0,13,0,932,63,0,26,0,406,21,0,46,0,272,2,0,23,0,0,97,92,77,0,0,14,23,9,0,0,9,9,0,0
0,1,3,50,0,2,0,1.00036,0.995079,0.994995,0,0,334,100,100,0,0,0,2,2,0,0,0,40,0,47,39,0,0,2822,196,0,13,0,932,63,0,26,0,406,22,0,48,0,272,1,0,24,0,0,101,96,79,0,0,15,24,9,0,0,9,9,0,0
0,2,0,49,1,12,2,1.000199,0.995261,0.999037,8,0,334,100,100,0,0,0,0,-2,2,-2,0,40,1,45,36,0,0,2832,234,0,12,0,937,75,0,24,0,457,1,0,38,0,272,0,0,1,0,0,54,4,68,0,0,25,19,9,0,0,9,9,0,0
0,2,1,47,1,12,2,1.003299,0.994792,0.993047,9,0,334,100,100,0,0,0,-2,0,2,-2,0,40,1,40,30,0,0,2832,236,0,10,0,937,73,0,20,0,457,0,0,48,0,272,0,0,1,0,0,46,4,76,0,0,30,24,9,0,0,9,9,0,0
0,2,2,46,1,12,2,1.000386,0.997599,0.996634,8,0,334,100,100,0,0,0,2,2,0,2,0,40,1,43,36,0,0,2832,212,0,12,0,937,75,0,24,0,457,1,0,38,0,272,0,0,2,0,0,54,8,68,0,0,24,19,9,0,0,9,9,0,0
0,2,3,45,1,12,2,1.001848,0.996078,0.996286,9,0,334,100,100,0,0,0,-2,-2,2,0,0,40,1,36,30,0,0,2832,216,0,10,0,937,71,0,20,0,457,1,0,38,0,272,0,0,1,0,0,56,4,66,0,0,25,19,9,0,0,9,9,0,0
0,3,0,47,0,24,3,0.997172,0.996549,0.997435,15,0,334,100,100,0,0,0,0,-6,-2,-4,0,40,0,37,30,0,0,3120,175,0,10,0,1009,70,0,20,0,458,1,0,20,0,272,0,0,0,0,0,23,0,48,0,0,26,10,9,0,0,9,9,0,0
0,3,1,37,0,24,3,0.999308,0.993117,0.994492,16,0,334,100,100,0,0,0,-6,0,-4,-8,0,40,0,35,27,0,0,3120,180,0,9,0,1009,70,0,18,0,458,1,0,18,0,272,0,0,0,0,0,17,0,43,0,0,31,9,8,0,0,8,8,0,0
0,3,2,40,0,24,3,1.008029,0.998333,0.996732,14,0,334,100,100,0,0,0,-2,-4,0,2,0,40,0,32,27,0,0,3120,221,0,9,0,1009,76,0,18,0,458,1,0,20,0,272,0,0,0,0,0,24,0,47,0,0,25,10,9,0,0,9,9,0,0
0,3,3,39,0,24,3,1.002986,0.997868,0.995601,18,0,334,100,100,0,0,0,-4,-8,2,0,0,40,0,29,24,0,0,3120,163,0,8,0,1009,73,0,16,0,458,1,0,24,0,272,0,0,0,0,0,23,0,50,0,0,28,12,9,0,0,9,9,0,0
0,4,0,41,0,16,2,0.997058,0.995404,0.995448,22,0,334,100,100,0,0,0,0,-10,0,-2,0,40,0,32,27,0,0,2993,199,0,9,0,986,79,0,18,0,543,1,0,0,0,197,0,0,18,0,0,83,72,27,0,0,17,0,9,0,0,9,9,0,0
0,4,1,37,0,16,2,0.999308,0.993117,0.994492,24,0,334,100,100,0,0,0,-10,0,-10,-14,0,40,0,39,27,0,0,2993,198,0,9,0,986,79,0,18,0,543,1,0,0,0,197,4,0,16,0,0,75,64,23,0,0,24,0,7,0,0,7,7,0,0
0,4,2,36,0,16,2,1.00673,1.000362,0.994239,22,0,334,100,100,0,0,0,0,-10,0,2,0,40,0,30,27,0,0,2993,172,0,9,0,986,85,0,18,0,543,0,0,2,0,197,0,0,15,0,0,75,60,25,0,0,19,1,7,0,0,7,7,0,0
0,4,3,33,0,16,2,1.007069,0.996068,0.996775,26,0,334,100,100,0,0,0,-2,-14,2,0,0,40,0,23,21,0,0,2993,173,0,7,0,986,80,0,14,0,543,1,0,0,0,197,4,0,15,0,0,82,60,15,0,0,24,0,4,0,0,4,4,0,0
0,5,0,33,0,20,0,1.001107,1.004703,0.993061,29,0,334,100,100,0,0,0,0,-10,2,0,0,40,2,24,18,0,0,2968,216,0,6,0,998,85,0,12,0,507,1,0,8,0,224,0,0,15,0,0,142,60,18,0,0,19,4,2,0,0,2,2,0,0
0,5,1,36,0,20,0,1.000128,0.992471,0.995846,31,0,334,100,100,0,0,0,-10,0,-8,-12,0,40,2,38,27,0,0,2968,216,0,9,0,998,88,0,18,0,507,0,0,10,0,224,1,0,15,0,0,129,60,25,0,0,26,5,3,0,0,3,3,0,0
0,5,2,32,0,20,0,1.010258,1.003128,0.994287,29,0,334,100,100,0,0,0,2,-8,0,2,0,40,2,31,24,0,0,2968,176,0,8,0,998,93,0,16,0,507,1,0,4,0,224,6,0,15,0,0,136,60,16,0,0,19,2,2,0,0,2,2,0,0
0,5,3,26,0,20,0,1.004809,0.984333,0.985603,26,0,334,100,100,0,0,0,0,-12,2,0,0,40,2,22,18,0,0,2968,182,0,6,0,998,86,0,12,0,507,0,0,16,0,224,0,0,4,0,0,91,16,22,0,0,32,8,0,0,0,0,0,0,0
0,6,0,29,2,6,0,1.003159,1.000135,1.001677,28,0,334,100,100,0,0,0,0,-8,4,2,0,40,4,16,15,0,0,3104,178,0,5,0,1004,90,0,10,0,507,1,0,10,0,251,0,0,3,0,0,154,12,17,0,0,23,5,1,0,0,1,1,0,0
0,6,1,37,2,6,0,1.000157,0.992031,0.995438,34,0,334,100,100,0,0,0,-8,0,-6,-10,0,40,4,36,27,0,0,3104,171,0,9,0,1004,97,0,18,0,507,0,0,14,0,251,0,0,1,0,0,126,4,25,0,0,32,7,1,0,0,1,1,0,0
0,6,2,32,2,6,0,1.010258,1.003128,0.994287,31,0,334,100,100,0,0,0,4,-6,0,4,0,40,4,30,24,0,0,3104,184,0,8,0,1004,101,0,16,0,507,1,0,12,0,251,0,0,10,0,0,171,40,22,0,0,24,6,1,0,0,1,1,0,0
0,6,3,25,2,6,0,0.998204,0.983374,0.990051,24,0,334,100,100,0,0,0,2,-10,4,0,0,40,4,26,18,0,0,3104,198,0,6,0,1004,92,0,12,0,507,1,0,0,0,251,4,0,10,0,0,137,40,6,0,0,32,0,0,0,0,0,0,0,0
0,7,0,24,2,8,0,1.013811,0.993462,0.999383,23,0,334,100,100,0,0,0,0,-6,6,2,0,40,3,17,15,0,0,3048,184,0,5,0,1007,92,0,10,0,443,0,0,14,0,268,0,0,0,0,27,150,0,19,0,0,30,7,0,0,0,0,0,0,0
0,7,1,36,2,8,0,0.99961,0.99111,0.994574,34,0,334,100,100,0,0,0,-6,0,-4,-8,0,40,3,36,27,0,0,3048,181,0,9,0,1007,106,0,18,0,443,6,0,28,0,268,0,0,4,0,27,109,16,39,0,0,45,14,1,0,0,1,1,0,0
0,7,2,32,2,8,0,1.012435,0.999658,0.990104,31,0,334,100,100,0,0,0,6,-4,0,4,0,40,3,32,24,0,0,3048,192,0,8,0,1007,109,0,16,0,443,1,0,24,0,268,0,0,0,0,27,148,0,32,0,0,36,12,0,0,0,0,0,0,0
0,7,3,25,2,8,0,0.998204,0.983374,0.990051,24,0,334,100,100,0,0,0,2,-8,4,0,0,40,3,27,18,0,0,3048,167,0,6,0,1007,98,0,12,0,443,8,0,20,0,268,0,0,4,0,27,136,16,28,0,0,41,10,1,0,0,1,1,0,0
0,8,0,22,0,2,0,1.015103,0.992958,1.000225,22,0,334,100,100,0,0,0,0,-6,8,4,0,40,0,20,15,0,0,3000,195,0,5,0,1004,97,0,10,0,484,1,0,8,0,271,0,0,0,0,5,154,0,13,0,0,34,4,0,0,0,0,0,0,0
0,8,1,36,0,2,0,0.99961,0.99111,0.994574,35,0,334,100,100,0,0,0,-6,0,-2,-6,0,40,0,36,27,0,0,3000,192,0,9,0,1004,115,0,18,0,484,2,0,28,0,271,0,0,0,0,5,87,0,39,0,0,58,14,1,0,0,1,1,0,0
0,8,2,32,0,2,0,1.012435,0.999658,0.990104,31,0,334,100,100,0,0,0,8,-2,0,4,0,40,0,31,24,0,0,3000,208,0,8,0,1004,117,0,16,0,484,0,0,10,0,271,0,0,0,0,5,145,0,20,0,0,40,5,1,0,0,1,1,0,0
0,8,3,25,0,2,0,0.998204,0.983374,0.990051,25,0,334,100,100,0,0,0,4,-6,4,0,0,40,0,26,18,0,0,3000,184,0,6,0,1004,104,0,12,0,484,6,0,20,0,271,0,0,1,0,5,126,4,26,0,0,51,10,0,0,0,0,0,0,0
0,9,0,21,0,1,0,1.016887,0.988598,1.001294,21,0,334,100,100,0,0,0,0,-6,10,6,0,40,6,21,15,0,0,3096,168,0,5,0,1004,102,0,10,0,540,1,0,0,0,172,4,0,11,0,5,210,44,5,0,0,34,0,0,0,0,0,0,0,0
0,9,1,36,0,1,0,0.99961,0.99111,0.994574,36,0,334,100,100,0,0,0,-6,0,0,-4,0,40,6,35,27,0,0,3096,203,0,9,0,1004,124,0,18,0,540,0,0,6,0,172,20,0,14,0,5,145,56,15,0,0,61,3,0,0,0,0,0,0,0
0,9,2,32,0,1,0,1.012435,0.999658,0.990104,32,0,334,100,100,0,0,0,10,0,0,4,0,40,6,31,24,0,0,3096,168,0,8,0,1004,125,0,16,0,540,0,0,0,0,172,8,0,16,0,5,218,64,8,0,0,40,0,0,0,0,0,0,0,0
0,9,3,25,0,1,0,0.998204,0.983374,0.990051,25,0,334,100,100,0,0,0,6,-4,4,0,0,40,6,26,18,0,0,3096,201,0,6,0,1004,110,0,12,0,540,0,0,6,0,172,17,0,10,0,5,166,40,12,0,0,54,3,0,0,0,0,0,0,0
0,10,0,21,0,3,0,1.016887,0.988598,1.001294,21,0,334,100,100,0,0,0,0,-6,12,8,0,40,0,24,15,0,0,3104,182,0,5,0,1004,107,0,10,0,531,0,0,2,0,188,7,0,11,0,0,264,44,7,0,0,35,1,0,0,0,0,0,0,0
0,10,1,35,0,3,0,0.998203,0.988707,0.990599,35,0,334,100,100,0,0,0,-6,0,2,-2,0,40,0,31,24,0,0,3104,159,0,8,0,1004,132,0,16,0,531,0,0,8,0,188,33,0,14,0,0,202,56,16,0,0,65,4,0,0,0,0,0,0,0
0,10,2,31,0,3,0,1.012912,1.000858,0.989027,31,1,459,100,100,0,0,0,12,2,0,6,0,40,0,30,24,0,0,3104,184,0,8,0,1004,133,0,16,0,531,0,0,4,0,188,7,0,16,0,0,270,64,29,0,0,25,2,17,0,0,0,0,0,0
0,10,3,24,0,3,0,0.997072,0.983083,0.99014,24,0,334,100,100,0,0,0,8,-2,6,0,0,40,0,27,18,0,0,3104,170,0,6,0,1004,116,0,12,0,531,0,0,0,0,188,29,0,10,0,0,217,40,6,0,0,54,0,0,0,0,0,0,0,0
0,11,0,19,1,5,0,1.01133,0.987585,1.001311,19,1,459,100,100,0,0,0,0,-6,12,10,0,40,0,27,15,0,0,3006,188,0,5,0,1010,112,0,10,0,496,1,0,4,0,228,4,0,10,0,68,278,40,26,0,0,20,2,17,0,0,0,0,0,0
0,11,1,35,1,5,0,0.998771,0.988191,0.988197,34,0,334,100,100,0,0,0,-6,0,4,-2,0,40,0,28,21,0,0,3006,173,0,7,0,1010,139,0,14,0,496,1,0,18,0,228,36,0,14,0,68,233,56,25,0,0,74,9,0,0,0,0,0,0,0
0,11,2,30,1,5,0,1.014032,1.000369,0.988731,30,1,459,100,100,0,0,0,12,4,0,6,0,40,0,34,24,0,0,3006,187,0,8,0,1010,141,0,16,0,496,0,0,10,0,228,1,0,15,0,68,312,60,18,0,0,30,5,0,0,0,0,0,0,0
0,11,3,23,1,5,0,0.998908,0.983385,0.988537,23,0,334,100,100,0,0,0,10,-2,6,0,0,40,0,28,15,0,0,3006,189,0,5,0,1010,121,0,10,0,496,0,0,12,0,228,29,0,10,0,68,240,40,17,0,0,60,6,0,0,0,0,0,0,0
0,12,0,18,1,5,0,1.014468,0.988222,0.999884,18,1,459,100,100,0,0,0,0,-6,18,-8,0,40,3,28,12,0,0,3056,165,0,4,0,1030,110,0,8,0,480,0,0,10,0,272,0,0,4,0,5,297,16,14,0,0,25,5,0,0,0,0,0,0,0
0,12,1,32,1,5,0,1.001394,0.990543,0.986811,31,0,334,100,100,0,0,0,-6,0,6,0,0,40,3,29,24,0,0,3056,178,0,8,0,1030,147,0,16,0,480,1,0,18,0,272,23,0,13,0,5,274,52,28,0,0,82,9,1,0,0,1,1,0,0
0,12,2,31,1,5,0,1.014633,1.002049,0.989439,30,1,459,100,100,0,0,0,18,6,0,-8,0,40,3,38,24,0,0,3056,197,0,8,0,1030,140,0,16,0,480,1,0,16,0,272,0,0,1,0,5,309,4,24,0,0,38,8,0,0,0,0,0,0,0
0,12,3,22,1,5,0,0.997955,0.981485,0.98681,22,0,334,100,100,0,0,0,-8,0,-8,0,0,40,3,29,15,0,0,3056,201,0,5,0,1030,121,0,10,0,480,1,0,16,0,272,20,0,9,0,5,267,36,21,0,0,68,8,0,0,0,0,0,0,0
0,13,0,19,2,2,0,1.012648,0.988275,0.996765,18,1,459,100,100,0,0,0,0,-4,20,-6,1,40,1,29,12,0,0,3072,175,0,4,0,1010,114,0,8,0,476,1,0,8,0,260,0,0,3,0,0,308,12,12,0,0,29,4,0,0,0,0,0,0,0
0,13,1,30,2,2,0,1.006245,0.996343,0.983936,30,1,459,100,100,0,0,0,-4,0,8,2,0,40,1,31,24,0,0,3072,178,0,8,0,1010,155,0,16,0,476,2,0,24,0,260,11,0,12,0,0,289,48,49,0,0,77,12,17,0,0,0,0,0,0
0,13,2,31,2,2,0,1.014633,1.002049,0.989439,30,1,459,100,100,0,0,0,20,8,0,-6,1,40,1,43,27,0,0,3072,205,0,9,0,1010,149,0,18,0,476,0,0,12,0,260,0,0,9,0,0,338,36,23,0,0,43,6,1,0,0,1,1,0,0
0,13,3,23,2,2,0,0.997935,0.979593,0.98573,22,1,459,100,100,0,0,0,-6,2,-6,0,0,40,1,32,15,0,0,3072,174,0,5,0,1010,126,0,10,0,476,6,0,18,0,260,11,0,9,0,0,288,36,40,0,0,60,9,17,0,0,0,0,0,0
0,14,0,15,1,17,0,1.015521,0.978227,0.996295,14,1,459,100,100,0,0,0,0,-4,20,-4,1,40,8,31,12,0,0,3080,184,0,4,0,1010,118,0,8,0,476,0,0,6,0,266,0,0,1,0,1,315,4,12,0,0,31,3,1,0,0,1,1,0,0
0,14,1,24,1,17,0,1.008137,0.98668,0.99092,23,1,459,100,100,0,0,0,-4,0,10,4,0,40,8,35,24,0,0,3080,180,0,8,0,1010,163,0,16,0,476,0,0,10,0,266,0,0,12,0,1,337,48,18,0,0,82,5,0,0,0,0,0,0,0
0,14,2,28,1,17,0,1.012536,0.994034,0.989834,28,1,459,100,100,0,0,0,20,10,0,-4,1,40,8,46,27,0,0,3080,165,0,9,0,1010,158,0,18,0,476,1,0,8,0,266,0,0,3,0,1,350,12,17,0,0,47,4,0,0,0,0,0,0,0
0,14,3,20,1,17,0,0.999418,0.975394,0.986631,19,1,459,100,100,0,0,0,-4,4,-4,0,0,40,8,27,12,0,0,3080,187,0,4,0,1010,130,0,8,0,476,1,0,20,0,266,2,0,10,0,1,317,40,26,0,0,69,10,1,0,0,1,1,0,0
0,15,0,16,1,6,0,1.012194,0.976413,0.998635,15,1,459,100,100,0,0,0,0,-4,22,-2,1,40,2,37,12,0,0,3112,165,0,4,0,1013,122,0,8,0,544,0,0,0,0,227,0,0,6,0,0,352,24,4,0,0,31,0,0,0,0,0,0,0,0
0,15,1,22,1,6,0,1.003836,0.988951,0.985925,21,1,459,100,100,0,0,0,-4,0,12,6,0,40,2,44,24,0,0,3112,188,0,8,0,1013,171,0,16,0,544,0,0,0,0,227,0,0,3,0,0,354,12,10,0,0,81,0,1,0,0,1,1,0,0
0,15,2,26,1,6,0,1.010645,0.991053,0.984373,26,2,584,100,100,0,0,0,22,12,0,-2,1,40,2,52,24,0,0,3112,177,0,8,0,1013,166,0,16,0,544,1,0,0,0,227,0,0,9,0,0,380,36,25,0,0,30,0,17,0,0,0,0,0,0
0,15,3,18,1,6,0,1.002791,0.972799,0.988244,18,1,459,100,100,0,0,0,-2,6,-2,0,0,40,2,28,12,0,0,3112,163,0,4,0,1013,134,0,8,0,544,1,0,0,0,227,4,0,10,0,0,370,40,4,0,0,69,0,0,0,0,0,0,0,0
0,16,0,16,1,4,0,1.012194,0.976413,0.998635,15,1,459,100,100,0,0,0,0,-4,24,0,1,40,4,41,12,0,0,3040,177,0,4,0,1016,126,0,8,0,511,1,0,8,0,272,0,0,0,0,68,338,0,14,0,0,34,4,1,0,0,1,1,0,0
0,16,1,20,1,4,0,1.01311,0.984033,0.980874,20,1,459,100,100,0,0,0,-4,0,12,8,0,40,4,53,24,0,0,3040,182,0,8,0,1016,179,0,16,0,511,1,0,2,0,272,0,0,0,0,68,344,0,10,0,0,82,1,0,0,0,0,0,0,0
0,16,2,27,1,4,0,1.007368,0.988515,0.978379,26,2,584,100,100,0,0,0,24,12,0,0,1,40,4,62,24,0,0,3040,191,0,8,0,1016,174,0,16,0,511,0,0,10,0,272,0,0,0,0,68,362,0,18,0,0,35,5,0,0,0,0,0,0,0
0,16,3,16,1,4,0,1.013528,0.981747,0.979299,16,1,459,100,100,0,0,0,0,8,0,0,0,40,4,30,12,0,0,3040,173,0,4,0,1016,138,0,8,0,511,1,0,12,0,272,0,0,4,0,68,370,16,16,0,0,75,6,0,0,0,0,0,0,0
0,17,0,14,0,8,0,1.01073,0.971084,0.989524,14,1,459,100,100,0,0,0,0,-2,26,2,1,40,3,44,9,0,0,3064,190,0,3,0,1016,129,0,6,0,515,0,0,10,0,272,0,0,0,0,7,337,0,13,0,0,39,5,0,0,0,0,0,0,0
0,17,1,16,0,8,0,1.00981,0.979922,0.981856,16,1,459,100,100,0,0,0,-2,0,14,10,0,40,3,52,12,0,0,3064,182,0,4,0,1016,183,0,8,0,515,0,0,4,0,272,0,0,0,0,7,353,0,8,0,0,84,2,0,0,0,0,0,0,0
0,17,2,26,0,8,0,1.005911,0.986991,0.978113,25,2,584,100,100,0,0,0,26,14,0,0,1,40,3,67,24,0,0,3064,196,0,8,0,1016,182,0,16,0,515,0,0,6,0,272,0,0,0,0,7,363,0,16,0,0,37,3,1,0,0,1,1,0,0
0,17,3,15,0,8,0,1.007484,0.982078,0.976648,15,1,459,100,100,0,0,0,2,10,0,0,0,40,3,33,9,0,0,3064,186,0,3,0,1016,141,0,6,0,515,0,0,12,0,272,0,0,0,0,7,367,0,15,0,0,81,6,0,0,0,0,0,0,0
0,18,0,13,1,1,0,1.020082,0.975839,0.9895,13,1,459,100,100,0,0,0,0,-2,28,4,1,40,3,41,6,0,0,3176,174,0,2,0,1034,131,0,4,0,544,0,0,0,0,242,1,0,8,0,0,384,32,2,0,0,39,0,0,0,0,0,0,0,0
0,18,1,16,1,1,0,1.00981,0.979922,0.981856,16,1,459,100,100,0,0,0,-2,0,16,12,0,40,3,56,12,0,0,3176,186,0,4,0,1034,187,0,8,0,544,0,0,0,0,242,0,0,3,0,0,378,12,4,0,0,84,0,0,0,0,0,0,0,0
0,18,2,27,1,1,0,1.009027,0.988972,0.976954,26,2,584,100,100,0,0,0,28,16,0,2,1,40,3,78,24,0,0,3176,162,0,8,0,1034,190,0,16,0,544,0,0,0,0,242,0,0,6,0,0,396,24,8,0,0,37,0,0,0,0,0,0,0,0
0,18,3,15,1,1,0,1.007484,0.982078,0.976648,15,2,584,100,100,0,0,0,4,12,2,0,0,40,3,37,9,0,0,3176,168,0,3,0,1034,144,0,6,0,544,0,0,0,0,242,4,0,8,0,0,396,32,20,0,0,64,0,17,0,0,0,0,0,0
0,19,0,12,1,6,0,1.02195,0.976954,0.986668,12,2,584,100,100,0,0,0,0,-2,30,6,1,40,2,42,6,0,0,3096,191,0,2,0,1034,133,0,4,0,528,0,0,6,0,255,0,0,1,0,10,375,4,25,0,0,25,3,17,0,0,0,0,0,0
0,19,1,16,1,6,0,1.00981,0.979922,0.981856,16,2,584,100,100,0,0,0,-2,0,16,14,0,40,2,60,12,0,0,3096,166,0,4,0,1034,191,0,8,0,528,0,0,0,0,255,0,0,3,0,10,386,12,21,0,0,67,0,17,0,0,0,0,0,0
0,19,2,27,1,6,0,1.01285,0.992844,0.975448,25,2,584,100,100,0,0,0,30,16,0,2,1,40,2,85,24,0,0,3096,167,0,8,0,1034,198,0,16,0,528,0,0,0,0,255,0,0,9,0,10,439,36,10,0,0,36,0,1,0,0,1,1,0,0
0,19,3,11,1,6,0,1.007507,0.981438,0.972222,11,2,584,100,100,0,0,0,6,14,2,0,0,40,2,37,9,0,0,3096,174,0,3,0,1034,147,0,6,0,528,0,0,4,0,255,4,0,5,0,10,415,20,7,0,0,66,2,0,0,0,0,0,0,0
0,20,0,12,0,1,0,1.02195,0.976954,0.986668,12,2,584,100,100,0,0,0,0,-2,32,8,1,40,5,44,6,0,0,3104,177,0,2,0,1037,135,0,4,0,521,0,0,6,0,272,0,0,0,0,11,384,0,8,0,0,28,3,0,0,0,0,0,0,0
0,20,1,16,0,1,0,1.00981,0.979922,0.981856,16,2,584,100,100,0,0,0,-2,0,16,16,0,40,5,60,12,0,0,3104,170,0,4,0,1037,195,0,8,0,521,0,0,0,0,272,0,0,0,0,11,399,0,4,0,0,67,0,0,0,0,0,0,0,0
0,20,2,27,0,1,0,1.01285,0.992844,0.975448,26,2,584,100,100,0,0,0,32,16,0,4,1,40,5,93,24,0,0,3104,180,0,8,0,1037,206,0,16,0,521,1,0,8,0,272,0,0,0,0,11,438,0,18,0,0,39,4,1,0,0,1,1,0,0
0,20,3,10,0,1,0,1.002969,0.983458,0.973212,10,2,584,100,100,0,0,0,8,16,4,0,0,40,5,43,9,0,0,3104,176,0,3,0,1037,150,0,6,0,521,0,0,8,0,272,0,0,4,0,11,426,16,11,0,0,70,4,0,0,0,0,0,0,0
0,21,0,12,2,1,0,1.02195,0.976954,0.986668,12,2,584,100,100,0,0,0,0,0,34,10,1,40,5,48,6,0,0,3080,195,0,2,0,1037,137,0,4,0,541,0,0,0,0,248,0,0,6,0,16,418,24,2,0,0,28,0,0,0,0,0,0,0,0
0,21,1,17,2,1,0,1.017856,0.983737,0.982675,16,2,584,100,100,0,0,0,0,0,16,18,0,40,5,62,12,0,0,3080,174,0,4,0,1037,199,0,8,0,541,0,0,0,0,248,0,0,3,0,16,424,12,4,0,0,67,0,0,0,0,0,0,0,0
0,21,2,27,2,1,0,1.011784,0.991035,0.978532,26,2,584,100,100,0,0,0,34,16,0,6,1,40,5,100,24,0,0,3080,193,0,8,0,1037,214,0,16,0,541,0,0,4,0,248,0,0,6,0,16,465,24,12,0,0,41,2,0,0,0,0,0,0,0
0,21,3,10,2,1,0,1.002969,0.983458,0.973212,10,2,584,100,100,0,0,0,10,18,6,0,0,40,5,51,9,0,0,3080,179,0,3,0,1037,153,0,6,0,541,0,0,0,0,248,5,0,4,0,16,445,16,3,0,0,70,0,0,0,0,0,0,0,0
0,22,0,9,0,5,0,1.015727,0.962424,0.980836,9,2,584,100,100,0,0,0,0,2,36,12,1,40,3,51,6,0,0,3128,181,0,2,0,1037,139,0,4,0,537,0,0,0,0,254,1,0,5,0,0,447,20,2,0,0,28,0,0,0,0,0,0,0,0
0,22,1,17,0,5,0,1.017856,0.983737,0.982675,16,2,584,100,100,0,0,0,2,0,18,18,0,40,3,67,12,0,0,3128,177,0,4,0,1037,203,0,8,0,537,0,0,0,0,254,0,0,3,0,0,447,12,6,0,0,66,0,1,0,0,1,1,0,0
0,22,2,25,0,5,0,1.012982,0.993317,0.976691,24,3,709,100,100,0,0,0,36,18,0,6,1,40,3,107,24,0,0,3128,206,0,8,0,1037,222,0,16,0,537,0,0,0,0,254,0,0,9,0,0,487,36,27,0,0,23,0,18,0,0,1,1,0,0
0,22,3,10,0,5,0,1.002969,0.983458,0.973212,10,2,584,100,100,0,0,0,12,18,6,0,0,40,3,58,9,0,0,3128,166,0,3,0,1037,156,0,6,0,537,1,0,6,0,254,1,0,4,0,0,469,16,9,0,0,73,3,0,0,0,0,0,0,0
0,23,0,8,2,5,0,1.013834,0.959771,0.982509,7,2,584,100,100,0,0,0,0,2,36,14,1,40,6,56,6,0,0,3160,170,0,2,0,1037,141,0,4,0,526,0,0,0,0,269,0,0,1,0,11,459,4,2,0,0,28,0,0,0,0,0,0,0,0
0,23,1,16,2,5,0,1.013091,0.977596,0.981353,16,2,584,100,100,0,0,0,2,0,20,20,2,40,6,70,12,0,0,3160,180,0,4,0,1037,207,0,8,0,526,0,0,6,0,269,0,0,0,0,11,452,0,10,0,0,69,3,0,0,0,0,0,0,0
0,23,2,24,2,5,0,1.010484,0.984331,0.973273,23,3,709,100,100,0,0,0,36,20,0,6,2,40,6,116,24,0,0,3160,173,0,8,0,1037,230,0,16,0,526,1,0,8,0,269,0,0,3,0,11,498,12,16,0,0,27,4,0,0,0,0,0,0,0
0,23,3,10,2,5,0,1.002969,0.983458,0.973212,10,2,584,100,100,0,0,0,14,20,6,0,1,40,6,65,9,0,0,3160,169,0,3,0,1037,159,0,6,0,526,0,0,4,0,269,0,0,1,0,11,472,4,7,0,0,75,2,0,0,0,0,0,0,0
0,24,0,9,2,2,0,1.021247,0.955182,0.981688,7,2,584,100,100,0,0,0,0,2,38,16,1,40,2,63,6,0,0,3112,168,0,2,0,1034,143,0,4,0,526,1,0,6,0,260,0,0,2,0,22,463,8,10,0,0,30,3,1,0,0,1,1,0,0
0,24,1,16,2,2,0,1.013091,0.977596,0.981353,16,2,584,100,100,0,0,0,2,0,22,22,2,40,2,73,12,0,0,3112,184,0,4,0,1034,211,0,8,0,526,1,0,0,0,260,0,0,2,0,22,473,8,4,0,0,69,0,0,0,0,0,0,0,0
0,24,2,23,2,2,0,1.010612,0.984437,0.974703,22,3,709,100,100,0,0,0,38,22,0,6,2,40,2,130,27,0,0,3112,172,0,9,0,1034,239,0,18,0,526,1,0,8,0,260,0,0,4,0,22,512,16,19,0,0,30,4,1,0,0,1,1,0,0
0,24,3,10,2,2,0,1.021005,0.984887,0.969468,9,2,584,100,100,0,0,0,16,22,6,0,1,40,2,75,9,0,0,3112,164,0,3,0,1034,162,0,6,0,526,0,0,2,0,260,1,0,3,0,22,485,12,5,0,0,76,1,0,0,0,0,0,0,0
0,25,0,9,0,0,0,1.021247,0.955182,0.981688,8,2,584,100,100,0,0,0,0,4,40,18,1,40,7,68,6,0,0,3136,173,0,2,0,1034,145,0,4,0,522,0,0,6,0,264,0,0,4,0,10,475,16,10,0,0,32,3,1,0,0,1,1,0,0
0,25,1,16,0,0,0,1.013091,0.977596,0.981353,16,2,584,100,100,0,0,0,4,0,24,24,2,40,7,77,12,0,0,3136,164,0,4,0,1034,215,0,8,0,522,0,0,4,0,264,0,0,0,0,10,493,0,8,0,0,71,2,0,0,0,0,0,0,0
0,25,2,23,0,0,0,1.010612,0.984437,0.974703,23,3,709,100,100,0,0,0,40,24,0,8,2,40,7,144,27,0,0,3136,172,0,9,0,1034,248,0,18,0,522,0,0,6,0,264,0,0,4,0,10,531,16,15,0,0,33,3,0,0,0,0,0,0,0
0,25,3,10,0,0,0,1.021005,0.984887,0.969468,9,2,584,100,100,0,0,0,18,24,8,0,1,40,7,81,9,0,0,3136,167,0,3,0,1034,165,0,6,0,522,1,0,8,0,264,0,0,1,0,10,482,4,13,0,0,79,4,1,0,0,1,1,0,0
0,26,0,11,2,0,0,1.014936,0.95512,0.972127,9,2,584,100,100,0,0,0,0,4,42,18,1,40,9,72,6,0,0,3112,178,0,2,0,1042,147,0,4,0,526,1,0,2,0,257,2,0,4,0,68,487,16,4,0,0,33,1,0,0,0,0,0,0,0
0,26,1,16,2,0,0,1.013091,0.977596,0.981353,16,2,584,100,100,0,0,0,4,0,26,24,2,40,9,79,12,0,0,3112,168,0,4,0,1042,214,0,8,0,526,1,0,2,0,257,0,0,0,0,68,487,0,6,0,0,72,1,0,0,0,0,0,0,0
0,26,2,23,2,0,0,1.010612,0.984437,0.974703,23,3,709,100,100,0,0,0,42,26,0,8,2,40,9,157,27,0,0,3112,172,0,9,0,1042,254,0,18,0,526,1,0,2,0,257,0,0,9,0,68,556,36,11,0,0,34,1,0,0,0,0,0,0,0
0,26,3,10,2,0,0,1.021005,0.984887,0.969468,10,2,584,100,100,0,0,0,18,24,8,0,1,40,9,85,9,0,0,3112,170,0,3,0,1042,168,0,6,0,526,2,0,8,0,257,0,0,0,0,68,471,0,11,0,0,83,4,0,0,0,0,0,0,0
0,27,0,11,0,2,0,1.014936,0.95512,0.972127,9,3,709,100,100,0,0,0,0,6,44,20,2,40,4,73,6,0,0,3128,165,0,2,0,1072,143,0,4,0,511,0,0,10,0,270,0,0,2,0,11,481,8,31,0,0,20,5,18,0,0,1,1,0,0
0,27,1,16,0,2,0,1.013091,0.977596,0.981353,16,2,584,100,100,0,0,0,6,0,28,26,2,40,4,81,12,0,0,3128,172,0,4,0,1072,210,0,8,0,511,1,0,6,0,270,0,0,0,0,11,494,0,10,0,0,75,3,0,0,0,0,0,0,0
0,27,2,22,0,2,0,1.012694,0.986169,0.977917,22,3,709,100,100,0,0,0,44,28,0,10,2,40,4,168,27,0,0,3128,172,0,9,0,1072,242,0,18,0,511,1,0,6,0,270,0,0,2,0,11,566,8,15,0,0,37,3,0,0,0,0,0,0,0
0,27,3,9,0,2,0,1.02566,0.993386,0.985262,9,2,584,100,100,0,0,0,20,26,10,0,2,40,4,92,9,0,0,3128,173,0,3,0,1072,168,0,6,0,511,0,0,8,0,270,0,0,0,0,11,466,0,11,0,0,87,4,0,0,0,0,0,0,0
0,28,0,10,0,4,0,1.019949,0.955997,0.978941,9,3,709,100,100,0,0,0,0,6,46,22,2,40,7,74,6,0,0,3112,168,0,2,0,1034,145,0,4,0,514,0,0,6,0,272,0,0,0,0,47,477,0,10,0,0,22,3,1,0,0,1,1,0,0
0,28,1,15,0,4,0,1.017933,0.973766,0.985393,15,2,584,100,100,0,0,0,6,0,30,26,2,40,7,82,12,0,0,3112,176,0,4,0,1034,214,0,8,0,514,0,0,4,0,272,0,0,0,0,47,492,0,8,0,0,77,2,0,0,0,0,0,0,0
0,28,2,21,0,4,0,1.02078,0.982618,0.973296,21,3,709,100,100,0,0,0,46,30,0,10,2,40,7,185,27,0,0,3112,165,0,9,0,1034,251,0,18,0,514,0,0,10,0,272,0,0,0,0,47,554,0,19,0,0,42,5,0,0,0,0,0,0,0
0,28,3,8,0,4,0,1.033266,0.999265,0.995421,8,2,584,100,100,0,0,0,22,26,10,0,2,40,7,100,9,0,0,3112,177,0,3,0,1034,171,0,6,0,514,1,0,2,0,272,0,0,0,0,47,463,0,5,0,0,88,1,0,0,0,0,0,0,0
0,29,0,11,2,2,0,1.025329,0.950084,0.970768,10,3,709,100,100,0,0,0,0,6,46,22,2,40,9,78,6,0,0,3136,172,0,2,0,1034,147,0,4,0,534,0,0,4,0,262,0,0,2,0,5,491,8,6,0,0,24,2,0,0,0,0,0,0,0
0,29,1,14,2,2,0,1.019101,0.97693,0.988985,14,3,709,100,100,0,0,0,6,0,32,28,2,40,9,84,12,0,0,3136,181,0,4,0,1034,218,0,8,0,534,0,0,2,0,262,0,0,0,0,5,483,0,23,0,0,61,1,17,0,0,0,0,0,0
0,29,2,20,2,2,0,1.017715,0.982866,0.971632,20,3,709,100,100,0,0,0,46,32,0,10,2,40,9,198,27,0,0,3136,159,0,9,0,1034,260,0,18,0,534,1,0,2,0,262,0,0,6,0,5,581,24,11,0,0,43,1,0,0,0,0,0,0,0
0,29,3,9,2,2,0,1.036428,1.002497,0.988206,8,2,584,100,100,0,0,0,22,28,10,0,2,40,9,108,9,0,0,3136,166,0,3,0,1034,174,0,6,0,534,0,0,2,0,262,0,0,2,0,5,483,8,5,0,0,89,1,0,0,0,0,0,0,0
0,30,0,10,0,2,0,1.021625,0.955643,0.97491,9,3,709,100,100,0,0,0,0,6,48,24,2,40,17,78,6,0,0,3144,175,0,2,0,1034,149,0,4,0,536,0,0,2,0,258,2,0,5,0,18,514,20,6,0,0,24,1,1,0,0,1,1,0,0
0,30,1,13,0,2,0,1.014375,0.974584,0.990279,13,3,709,100,100,0,0,0,6,0,34,28,2,40,17,80,9,0,0,3144,164,0,3,0,1034,221,0,6,0,536,0,0,2,0,258,0,0,0,0,18,495,0,5,0,0,62,1,0,0,0,0,0,0,0
0,30,2,20,0,2,0,1.017715,0.982866,0.971632,20,3,709,100,100,0,0,0,48,34,0,10,2,40,17,215,27,0,0,3144,154,0,9,0,1034,269,0,18,0,536,1,0,2,0,258,0,0,4,0,18,601,16,11,0,0,44,1,0,0,0,0,0,0,0
0,30,3,9,0,2,0,1.036428,1.002497,0.988206,8,2,584,100,100,0,0,0,24,28,10,0,2,40,17,111,9,0,0,3144,170,0,3,0,1034,177,0,6,0,536,0,0,2,0,258,0,0,3,0,18,494,12,7,0,0,89,1,1,0,0,1,1,0,0
0,31,0,10,0,6,0,1.021625,0.955643,0.97491,10,3,709,100,100,0,0,0,0,6,50,26,2,40,5,82,6,0,0,3120,179,0,2,0,1037,151,0,4,0,517,1,0,8,0,272,0,0,2,0,20,521,8,10,0,0,28,4,0,0,0,0,0,0,0
0,31,1,10,0,6,0,1.015825,0.982079,0.98266,10,3,709,100,100,0,0,0,6,0,36,30,2,40,5,81,9,0,0,3120,172,0,3,0,1037,224,0,6,0,517,1,0,2,0,272,0,0,0,0,20,499,0,5,0,0,63,1,0,0,0,0,0,0,0
0,31,2,18,0,6,0,1.022904,0.983867,0.976866,18,3,709,100,100,0,0,0,50,36,0,10,2,40,5,233,27,0,0,3120,141,0,9,0,1037,278,0,18,0,517,0,0,10,0,272,0,0,0,0,20,594,0,19,0,0,49,5,0,0,0,0,0,0,0
0,31,3,8,0,6,0,1.040783,1.011625,0.994843,8,2,584,100,100,0,0,0,26,30,10,0,2,40,5,118,9,0,0,3120,174,0,3,0,1037,180,0,6,0,517,0,0,6,0,272,0,0,0,0,20,488,0,9,0,0,92,3,0,0,0,0,0,0,0
0,32,0,10,0,1,0,1.021625,0.955643,0.97491,10,3,709,100,100,0,0,0,0,6,52,28,2,40,2,85,6,0,0,3144,167,0,2,0,1037,153,0,4,0,544,1,0,0,0,250,4,0,5,0,30,556,20,2,0,0,28,0,0,0,0,0,0,0,0
0,32,1,10,0,1,0,1.015825,0.982079,0.98266,10,3,709,100,100,0,0,0,6,0,38,32,2,40,2,88,9,0,0,3144,183,0,3,0,1037,227,0,6,0,544,1,0,0,0,250,0,0,2,0,30,510,8,3,0,0,63,0,0,0,0,0,0,0,0
0,32,2,18,0,1,0,1.022904,0.983867,0.976866,18,4,834,100,100,0,0,0,52,38,0,10,2,40,2,249,27,0,0,3144,130,0,9,0,1037,287,0,18,0,544,0,0,0,0,250,2,0,6,0,30,604,24,26,0,0,32,0,17,0,0,0,0,0,0
0,32,3,7,0,1,0,1.04329,1.002567,0.988745,7,2,584,100,100,0,0,0,28,32,10,0,2,40,2,123,9,0,0,3144,171,0,3,0,1037,183,0,6,0,544,0,0,0,0,250,1,0,2,0,30,496,8,3,0,0,92,0,0,0,0,0,0,0,0
0,33,0,10,1,1,0,1.016428,0.959254,0.988181,9,3,709,100,100,0,0,0,0,6,54,28,2,40,3,89,6,0,0,3160,171,0,2,0,1037,155,0,4,0,520,1,0,6,0,272,0,0,4,0,27,573,16,8,0,0,31,3,0,0,0,0,0,0,0
0,33,1,10,1,1,0,1.015825,0.982079,0.98266,10,3,709,100,100,0,0,0,6,0,40,32,2,40,3,97,9,0,0,3160,170,0,3,0,1037,230,0,6,0,520,0,0,4,0,272,0,0,0,0,27,520,0,7,0,0,65,2,0,0,0,0,0,0,0
0,33,2,18,1,1,0,1.022904,0.983867,0.976866,18,4,834,100,100,0,0,0,54,40,0,10,2,40,3,268,27,0,0,3160,119,0,9,0,1037,296,0,18,0,520,1,0,8,0,272,0,0,2,0,27,607,8,17,0,0,36,4,0,0,0,0,0,0,0
0,33,3,7,1,1,0,1.04329,1.002567,0.988745,7,3,709,100,100,0,0,0,28,32,10,0,2,40,3,132,9,0,0,3160,169,0,3,0,1037,186,0,6,0,520,1,0,2,0,272,0,0,1,0,27,481,4,22,0,0,76,1,17,0,0,0,0,0,0
0,34,0,10,0,2,0,1.016428,0.959254,0.988181,9,3,709,100,100,0,0,0,0,6,56,28,2,40,6,91,6,0,0,3128,183,0,2,0,1037,157,0,4,0,530,1,0,4,0,262,0,0,2,0,35,582,8,8,0,0,32,2,1,0,0,1,1,0,0
0,34,1,9,0,2,0,1.029898,0.990169,0.981863,9,3,709,100,100,0,0,0,6,0,42,34,2,40,6,101,6,0,0,3128,182,0,2,0,1037,232,0,4,0,530,1,0,0,0,262,0,0,2,0,35,535,8,2,0,0,65,0,0,0,0,0,0,0,0
0,34,2,17,0,2,0,1.029924,0.981057,0.983155,17,4,834,100,100,0,0,0,56,42,0,10,2,40,6,285,24,0,0,3128,109,0,8,0,1037,304,0,16,0,530,0,0,8,0,262,0,0,2,0,35,611,8,16,0,0,40,4,0,0,0,0,0,0,0
0,34,3,7,0,2,0,1.04329,1.002567,0.988745,7,3,709,100,100,0,0,0,28,34,10,0,2,40,6,142,9,0,0,3128,167,0,3,0,1037,189,0,6,0,530,1,0,2,0,262,2,0,2,0,35,487,8,5,0,0,77,1,0,0,0,0,0,0,0
0,35,0,10,0,1,0,1.016428,0.959254,0.988181,10,3,709,100,100,0,0,0,0,6,58,30,2,40,5,96,6,0,0,3176,171,0,2,0,1043,159,0,4,0,520,1,0,6,0,272,0,0,0,0,19,591,0,8,0,0,35,3,0,0,0,0,0,0,0
0,35,1,8,0,1,0,1.044538,0.998707,0.980777,8,3,709,100,100,0,0,0,6,0,42,34,2,40,5,101,3,0,0,3176,172,0,1,0,1043,233,0,2,0,520,0,0,4,0,272,0,0,0,0,19,547,0,5,0,0,67,2,0,0,0,0,0,0,0
0,35,2,17,0,1,0,1.029924,0.981057,0.983155,17,4,834,100,100,0,0,0,58,42,0,10,2,40,5,302,24,0,0,3176,100,0,8,0,1043,312,0,16,0,520,1,0,8,0,272,0,0,0,0,19,607,0,16,0,0,44,4,0,0,0,0,0,0,0
0,35,3,7,0,1,0,1.04329,1.002567,0.988745,7,3,709,100,100,0,0,0,30,34,10,0,2,40,5,152,9,0,0,3176,165,0,3,0,1043,192,0,6,0,520,3,0,4,0,272,0,0,2,0,19,491,8,7,0,0,79,2,0,0,0,0,0,0,0
0,36,0,10,0,0,0,1.016428,0.959254,0.988181,10,4,834,100,100,0,0,0,0,6,60,30,2,40,3,101,6,0,0,3128,183,0,2,0,1046,161,0,4,0,529,0,0,4,0,263,0,0,3,0,35,589,12,23,0,0,20,2,17,0,0,0,0,0,0
0,36,1,8,0,0,0,1.044538,0.998707,0.980777,8,3,709,100,100,0,0,0,6,0,42,34,2,40,3,104,3,0,0,3128,187,0,1,0,1046,234,0,2,0,529,1,0,2,0,263,0,0,0,0,35,553,0,3,0,0,68,1,0,0,0,0,0,0,0
0,36,2,17,0,0,0,1.029924,0.981057,0.983155,17,4,834,100,100,0,0,0,60,42,0,10,2,40,3,321,24,0,0,3128,91,0,8,0,1046,320,0,16,0,529,1,0,6,0,263,0,0,3,0,35,617,12,14,0,0,47,3,0,0,0,0,0,0,0
0,36,3,7,0,0,0,1.04329,1.002567,0.988745,7,3,709,100,100,0,0,0,30,34,10,0,2,40,3,162,9,0,0,3128,163,0,3,0,1046,195,0,6,0,529,2,0,4,0,263,1,0,2,0,35,495,8,7,0,0,81,2,0,0,0,0,0,0,0
0,37,0,11,3,0,0,1.021161,0.961854,0.986054,10,4,834,100,100,0,0,0,0,6,62,32,2,40,10,103,6,0,0,3176,171,0,2,0,1046,163,0,4,0,544,0,0,0,0,248,0,0,6,0,68,611,24,2,0,0,20,0,0,0,0,0,0,0,0
0,37,1,8,3,0,0,1.044538,0.998707,0.980777,8,3,709,100,100,0,0,0,6,0,42,34,2,40,10,104,3,0,0,3176,178,0,1,0,1046,235,0,2,0,544,1,0,0,0,248,0,0,3,0,68,564,12,1,0,0,68,0,0,0,0,0,0,0,0
0,37,2,18,3,0,0,1.036963,0.9815,0.988306,17,4,834,100,100,0,0,0,62,42,0,10,2,40,10,336,24,0,0,3176,82,0,8,0,1046,328,0,16,0,544,1,0,0,0,248,3,0,6,0,68,633,24,8,0,0,47,0,0,0,0,0,0,0,0
0,37,3,8,3,0,0,1.039081,1.003448,0.994743,7,3,709,100,100,0,0,0,32,34,10,0,2,40,10,171,9,0,0,3176,161,0,3,0,1046,198,0,6,0,544,0,0,2,0,248,5,0,2,0,68,498,8,5,0,0,82,1,0,0,0,0,0,0,0
0,38,0,11,0,0,0,1.021161,0.961854,0.986054,10,4,834,100,100,0,0,0,0,6,64,32,2,40,17,104,6,0,0,3144,182,0,2,0,1079,159,0,4,0,530,1,0,2,0,269,0,0,3,0,21,629,12,6,0,0,20,1,1,0,0,1,1,0,0
0,38,1,8,0,0,0,1.044538,0.998707,0.980777,8,3,709,100,100,0,0,0,6,0,42,34,2,40,17,104,3,0,0,3144,169,0,1,0,1079,233,0,2,0,530,0,0,2,0,269,0,0,0,0,21,578,0,3,0,0,69,1,0,0,0,0,0,0,0
0,38,2,18,0,0,0,1.036963,0.9815,0.988306,17,4,834,100,100,0,0,0,64,42,0,10,2,40,17,349,24,0,0,3144,72,0,8,0,1079,318,0,16,0,530,0,0,8,0,269,0,0,3,0,21,642,12,18,0,0,50,4,1,0,0,1,1,0,0
0,38,3,8,0,0,0,1.039081,1.003448,0.994743,7,3,709,100,100,0,0,0,32,34,10,0,2,40,17,177,9,0,0,3144,166,0,3,0,1079,195,0,6,0,530,1,0,2,0,269,2,0,3,0,21,506,12,7,0,0,82,1,1,0,0,1,1,0,0
0,39,0,11,0,2,0,1.021161,0.961854,0.986054,11,4,834,100,100,0,0,0,0,6,66,32,2,40,15,106,6,0,0,3144,169,0,2,0,1046,161,0,4,0,538,0,0,4,0,268,0,0,1,0,24,644,4,6,0,0,22,2,0,0,0,0,0,0,0
0,39,1,8,0,2,0,1.044538,0.998707,0.980777,8,3,709,100,100,0,0,0,6,0,44,34,2,40,15,102,3,0,0,3144,184,0,1,0,1046,234,0,2,0,538,0,0,0,0,268,0,0,0,0,24,586,0,1,0,0,69,0,0,0,0,0,0,0,0
0,39,2,18,0,2,0,1.036963,0.9815,0.988306,18,4,834,100,100,0,0,0,66,44,0,10,2,40,15,362,24,0,0,3144,62,0,8,0,1046,326,0,16,0,538,1,0,0,0,268,0,0,3,0,24,661,12,8,0,0,50,0,0,0,0,0,0,0,0
0,39,3,6,0,2,0,1.03146,1.002007,1.001526,6,3,709,100,100,0,0,0,32,34,10,0,2,40,15,176,3,0,0,3144,173,0,1,0,1046,196,0,2,0,538,1,0,2,0,268,0,0,2,0,24,514,8,3,0,0,83,1,0,0,0,0,0,0,0
0,40,0,12,2,0,0,1.026272,0.959698,0.992948,11,4,834,100,100,0,0,0,0,6,68,34,2,40,11,110,6,0,0,3160,180,0,2,0,1052,163,0,4,0,530,1,0,4,0,272,0,0,0,0,11,650,0,6,0,0,24,2,0,0,0,0,0,0,0
0,40,1,8,2,0,0,1.044538,0.998707,0.980777,8,4,834,100,100,0,0,0,6,0,46,36,2,40,11,101,3,0,0,3160,175,0,1,0,1052,235,0,2,0,530,0,0,2,0,272,0,0,0,0,11,589,0,20,0,0,53,1,17,0,0,0,0,0,0
0,40,2,19,2,0,0,1.035846,0.983915,0.987609,18,4,834,100,100,0,0,0,68,46,0,10,2,40,11,380,24,0,0,3160,52,0,8,0,1052,334,0,16,0,530,0,0,6,0,272,0,0,0,0,11,661,0,14,0,0,53,3,0,0,0,0,0,0,0
0,40,3,6,2,0,0,1.03146,1.002007,1.001526,6,3,709,100,100,0,0,0,34,36,10,0,2,40,11,177,3,0,0,3160,166,0,1,0,1052,197,0,2,0,530,1,0,2,0,272,0,0,0,0,11,519,0,3,0,0,84,1,0,0,0,0,0,0,0
2,1,0,48,0,5,0,0.99592,1.005111,0.997639,0,0,334,100,100,0,0,0,0,0,2,2,0,40,0,49,39,0,0,2816,192,0,13,0,932,63,0,26,0,500,6,0,44,0,218,12,0,22,0,0,96,88,75,0,0,13,22,9,0,0,9,9,0,0
2,1,1,49,0,5,0,0.997094,1.003909,0.994754,0,0,334,100,100,0,0,0,0,0,2,2,0,40,0,49,39,0,0,2816,192,0,13,0,932,63,0,26,0,500,1,0,44,0,218,11,0,23,0,0,101,92,75,0,0,13,22,9,0,0,9,9,0,0
2,1,2,50,0,5,0,0.995982,1.004429,0.995847,0,0,334,100,100,0,0,0,2,2,0,2,0,40,0,49,39,0,0,2816,200,0,13,0,932,63,0,26,0,500,0,0,44,0,218,19,0,24,0,0,105,96,75,0,0,13,22,9,0,0,9,9,0,0
2,1,3,48,0,5,0,0.994329,1.004951,0.998973,0,0,334,100,100,0,0,0,2,2,2,0,0,40,0,49,39,0,0,2816,200,0,13,0,932,63,0,26,0,500,1,0,40,0,218,17,0,23,0,0,103,92,71,0,0,11,20,9,0,0,9,9,0,0
2,2,0,44,0,13,0,0.996928,1.000889,0.991358,9,0,334,100,100,0,0,0,0,0,4,4,0,40,3,48,39,0,0,2832,219,0,13,0,932,76,0,26,0,494,1,0,16,0,266,0,0,12,0,7,117,48,47,0,0,12,8,9,0,0,9,9,0,0
2,2,1,45,0,13,0,0.996472,1.004164,0.997652,9,0,334,100,100,0,0,0,0,0,4,4,0,40,3,48,39,0,0,2832,218,0,13,0,932,76,0,26,0,494,1,0,8,0,266,0,0,14,0,7,135,56,39,0,0,8,4,9,0,0,9,9,0,0
2,2,2,48,0,13,0,1.000231,1.006836,0.996549,9,0,334,100,100,0,0,0,4,4,0,2,0,40,3,43,36,0,0,2832,234,0,12,0,932,75,0,24,0,494,0,0,6,0,266,0,0,21,0,7,160,84,36,0,0,7,3,9,0,0,9,9,0,0
2,2,3,45,0,13,0,0.994828,1.003331,0.996133,9,0,334,100,100,0,0,0,4,4,2,0,0,40,3,49,39,0,0,2832,235,0,13,0,932,76,0,26,0,494,0,0,14,0,266,0,0,18,0,7,147,72,45,0,0,9,7,9,0,0,9,9,0,0
2,3,0,44,0,9,0,0.996928,1.000889,0.991358,18,0,334,100,100,0,0,0,0,2,6,6,0,40,0,52,39,0,0,3200,162,0,13,0,949,84,0,26,0,461,1,0,20,0,272,0,0,0,0,0,83,0,51,0,0,13,10,9,0,0,9,9,0,0
2,3,1,42,0,9,0,0.994661,1.004389,0.998788,17,0,334,100,100,0,0,0,2,0,6,6,0,40,0,50,39,0,0,3200,160,0,13,0,949,85,0,26,0,461,1,0,18,0,272,0,0,0,0,0,100,0,49,0,0,8,9,9,0,0,9,9,0,0
2,3,2,46,0,9,0,1.001452,1.007584,0.999539,18,0,334,100,100,0,0,0,6,6,0,2,0,40,0,41,36,0,0,3200,174,0,12,0,949,86,0,24,0,461,1,0,22,0,272,0,0,0,0,0,124,0,52,0,0,9,11,9,0,0,9,9,0,0
2,3,3,41,0,9,0,0.996311,1.00005,0.999522,15,0,334,100,100,0,0,0,6,6,2,0,0,40,0,51,39,0,0,3200,177,0,13,0,949,85,0,26,0,461,0,0,22,0,272,0,0,0,0,0,109,0,53,0,0,11,11,9,0,0,9,9,0,0
2,4,0,39,1,10,1,1.001268,0.996915,0.987969,24,0,334,100,100,0,0,0,0,2,8,6,0,40,0,55,39,0,0,2880,193,0,13,0,935,97,0,26,0,509,1,0,6,0,232,0,0,8,0,21,101,32,31,0,0,10,3,6,0,0,6,6,0,0
2,4,1,40,1,10,1,0.992574,1.00879,1.00001,26,0,334,100,100,0,0,0,2,0,8,2,0,40,0,52,36,0,0,2880,186,0,12,0,935,97,0,24,0,509,1,0,10,0,232,0,0,8,0,21,99,32,36,0,0,6,5,7,0,0,7,7,0,0
2,4,2,45,1,10,1,1.000933,1.010096,1.003514,26,0,334,100,100,0,0,0,8,8,0,2,0,40,0,43,36,0,0,2880,196,0,12,0,935,98,0,24,0,509,1,0,10,0,232,0,0,8,0,21,131,32,40,0,0,5,5,9,0,0,9,9,0,0
2,4,3,40,1,10,1,0.99488,0.999004,0.999671,23,0,334,100,100,0,0,0,6,2,2,0,0,40,0,55,36,0,0,2880,196,0,12,0,935,97,0,24,0,509,1,0,6,0,232,0,0,12,0,21,133,48,36,0,0,5,3,9,0,0,9,9,0,0
2,5,0,39,0,3,1,1.001268,0.996915,0.987969,30,0,334,100,100,0,0,0,0,2,8,2,0,40,5,64,39,0,0,2880,229,0,13,0,940,108,0,26,0,491,0,0,20,0,231,0,0,6,0,0,99,24,43,0,0,15,10,5,0,0,5,5,0,0
2,5,1,39,0,3,1,0.99185,1.007171,1.001042,32,0,334,100,100,0,0,0,2,0,10,4,0,40,5,56,36,0,0,2880,206,0,12,0,940,109,0,24,0,491,1,0,10,0,231,0,0,9,0,0,122,36,30,0,0,7,5,4,0,0,4,4,0,0
2,5,2,44,0,3,1,1.00016,1.010042,1.003886,35,0,334,100,100,0,0,0,8,10,0,4,0,40,5,45,39,0,0,2880,218,0,13,0,940,111,0,26,0,491,0,0,14,0,231,0,0,13,0,0,161,52,37,0,0,7,7,5,0,0,5,5,0,0
2,5,3,39,0,3,1,0.993173,0.998268,1.001631,32,0,334,100,100,0,0,0,2,4,4,0,0,40,5,63,36,0,0,2880,216,0,12,0,940,109,0,24,0,491,0,0,12,0,231,0,0,13,0,0,168,52,32,0,0,7,6,4,0,0,4,4,0,0
2,6,0,39,1,2,1,0.999466,0.997112,0.990642,34,0,334,100,100,0,0,0,0,-8,-8,2,0,40,7,76,39,0,0,3200,177,0,13,0,1051,97,0,26,0,501,0,0,6,0,217,5,0,16,0,68,140,64,23,0,0,16,3,2,0,0,2,2,0,0
2,6,1,39,1,2,1,0.99185,1.007171,1.001042,36,0,334,100,100,0,0,0,-8,0,14,6,0,40,7,60,36,0,0,3200,155,0,12,0,1051,92,0,24,0,501,1,0,8,0,217,0,0,12,0,68,146,48,24,0,0,9,4,2,0,0,2,2,0,0
2,6,2,43,1,2,1,0.999256,1.012035,1.006889,40,0,334,100,100,0,0,0,-8,14,0,4,0,40,7,44,39,0,0,3200,161,0,13,0,1051,94,0,26,0,501,1,0,12,0,217,0,0,10,0,68,172,40,29,0,0,11,6,2,0,0,2,2,0,0
2,6,3,39,1,2,1,0.993173,0.998268,1.001631,36,0,334,100,100,0,0,0,2,6,4,0,0,40,7,68,36,0,0,3200,165,0,12,0,1051,91,0,24,0,501,0,0,16,0,217,0,0,9,0,68,172,36,32,0,0,13,8,2,0,0,2,2,0,0
2,7,0,39,3,4,0,0.999055,1.000634,0.989349,35,0,334,100,100,0,0,0,0,-14,-14,4,0,40,3,86,39,0,0,2880,221,0,13,0,938,110,0,26,0,447,1,0,20,0,272,0,0,5,0,2,138,20,37,0,0,24,10,2,0,0,2,2,0,0
2,7,1,39,3,4,0,0.997166,1.010731,1.000919,37,0,334,100,100,0,0,0,-14,0,20,8,1,40,3,65,36,0,0,2880,168,0,12,0,938,104,0,24,0,447,1,0,22,0,272,0,0,0,0,2,127,0,36,0,0,19,11,1,0,0,1,1,0,0
2,7,2,42,3,4,0,0.995323,1.015241,1.007697,40,0,334,100,100,0,0,0,-14,20,0,6,1,40,3,43,36,0,0,2880,186,0,12,0,938,106,0,24,0,447,1,0,24,0,272,0,0,0,0,2,149,0,38,0,0,22,12,1,0,0,1,1,0,0
2,7,3,39,3,4,0,0.993173,0.998268,1.001631,38,0,334,100,100,0,0,0,4,8,6,0,0,40,3,73,36,0,0,2880,186,0,12,0,938,103,0,24,0,447,1,0,26,0,272,0,0,0,0,2,149,0,40,0,0,25,13,1,0,0,1,1,0,0
2,8,0,39,0,4,0,0.999055,1.000634,0.989349,37,0,334,100,100,0,0,0,0,-22,-20,6,0,40,1,96,39,0,0,2984,169,0,13,0,941,123,0,26,0,529,0,0,4,0,197,4,0,17,0,0,204,68,19,0,0,25,2,1,0,0,1,1,0,0
2,8,1,39,0,4,0,0.997166,1.010731,1.000919,38,0,334,100,100,0,0,0,-22,0,26,10,1,40,1,72,36,0,0,2984,181,0,12,0,941,116,0,24,0,529,0,0,4,0,197,0,0,15,0,0,186,60,18,0,0,20,2,1,0,0,1,1,0,0
2,8,2,40,0,4,0,0.997546,1.018412,1.009323,39,0,334,100,100,0,0,0,-20,26,0,6,1,40,1,45,36,0,0,2984,212,0,12,0,941,118,0,24,0,529,0,0,4,0,197,6,0,18,0,0,217,72,18,0,0,23,2,1,0,0,1,1,0,0
2,8,3,37,0,4,0,0.990417,0.998591,1.002715,37,0,334,100,100,0,0,0,6,10,6,0,0,40,1,69,30,0,0,2984,209,0,10,0,941,113,0,20,0,529,1,0,6,0,197,0,0,15,0,0,210,60,16,0,0,28,3,0,0,0,0,0,0,0
2,9,0,32,0,20,0,0.998678,1.004245,0.994956,31,0,334,100,100,3,0,1,0,-28,-38,2,0,40,0,106,39,0,0,3040,205,0,13,0,953,136,0,26,0,544,0,0,0,0,188,0,0,13,0,52,241,52,15,0,0,24,0,1,0,0,1,1,0,0
2,9,1,31,0,20,0,0.995489,1.013271,1.003989,31,0,334,100,100,3,0,1,-28,0,37,12,1,40,0,75,33,0,0,3040,195,0,11,0,953,127,0,22,0,544,0,0,0,0,188,0,0,9,0,52,211,36,11,0,0,20,0,0,0,0,0,0,0,0
2,9,2,38,0,20,0,1.000738,1.018535,1.010697,38,1,459,81.160121,78.160121,3,0,1,-38,37,0,8,1,40,0,47,33,0,0,3040,161,0,11,0,953,129,0,22,0,544,0,0,0,0,188,0,0,18,0,52,267,72,30,0,0,5,0,18,0,0,0,0,0,0
2,9,3,34,0,20,0,0.986063,0.998179,1.004042,34,0,334,100,100,3,0,1,2,12,8,0,0,40,0,68,30,0,0,3040,162,0,10,0,953,123,0,20,0,544,1,0,0,0,188,0,0,18,0,52,280,72,10,0,0,28,0,0,0,0,0,0,0,0
2,10,0,31,1,8,0,1.004982,1.00528,0.997271,30,0,334,100,100,5,0,1,0,-32,-50,0,0,40,1,120,36,0,0,3000,161,0,12,0,959,148,0,24,0,526,1,0,0,0,240,0,0,3,0,0,260,12,12,0,0,24,0,0,0,0,0,0,0,0
2,10,1,28,1,8,0,0.997786,1.015165,1.004645,28,0,334,100,100,5,0,1,-32,0,45,14,1,40,1,82,30,0,0,3000,210,0,10,0,959,134,0,20,0,526,0,0,4,0,240,0,0,3,0,0,225,12,14,0,0,22,2,0,0,0,0,0,0,0
2,10,2,36,1,8,0,0.999945,1.017334,1.011693,36,1,459,67.969001,64.969001,5,0,1,-50,45,0,10,1,40,1,50,30,0,0,3000,185,0,10,0,959,139,0,20,0,526,0,0,4,0,240,3,0,17,0,0,333,68,16,0,0,6,2,1,0,0,0,0,0,0
2,10,3,33,1,8,0,0.9872,1.000866,1.006245,33,1,459,100,100,5,0,1,0,14,10,0,0,40,1,72,30,0,0,3000,190,0,10,0,959,133,0,20,0,526,0,0,10,0,240,0,0,3,0,0,272,12,37,0,0,16,5,17,0,0,0,0,0,0
2,11,0,30,0,4,0,1.006376,1.008067,0.996859,29,0,334,100,100,7,0,1,0,-36,-62,-2,0,40,3,134,36,0,0,2976,198,0,12,0,965,160,0,24,0,528,0,0,2,0,260,0,0,1,0,2,263,4,16,0,0,24,1,1,0,0,1,1,0,0
2,11,1,28,0,4,0,0.997786,1.015165,1.004645,28,0,334,100,100,7,0,1,-36,0,53,16,1,40,3,91,30,0,0,2976,172,0,10,0,965,141,0,20,0,528,1,0,0,0,260,0,0,3,0,2,244,12,10,0,0,22,0,0,0,0,0,0,0,0
2,11,2,33,0,4,0,0.997321,1.019847,1.010252,33,1,459,56.222394,53.222394,7,0,1,-62,53,0,10,1,40,3,48,27,0,0,2976,212,0,9,0,965,148,0,18,0,528,1,0,10,0,260,0,0,3,0,2,341,12,21,0,0,10,5,1,0,0,0,0,0,0
2,11,3,33,0,4,0,0.9872,1.000866,1.006245,33,1,459,100,100,7,0,1,-2,16,10,0,0,40,3,77,30,0,0,2976,219,0,10,0,965,143,0,20,0,528,1,0,2,0,260,0,0,8,0,2,309,32,12,0,0,17,1,0,0,0,0,0,0,0
2,12,0,31,2,16,0,1.008409,1.008387,0.998023,30,0,334,100,100,7,0,1,0,-36,-62,0,0,40,8,149,36,0,0,3144,156,0,12,0,971,172,0,24,0,510,0,0,4,0,255,0,0,2,0,0,272,8,16,0,0,26,2,0,0,0,0,0,0,0
2,12,1,27,2,16,0,0.99641,1.01378,1.004859,27,0,334,100,100,7,0,1,-36,0,55,18,1,40,8,100,30,0,0,3144,190,0,10,0,971,148,0,20,0,510,1,0,4,0,255,0,0,2,0,0,252,8,14,0,0,24,2,0,0,0,0,0,0,0
2,12,2,31,2,16,0,0.994173,1.022706,1.008742,30,1,459,59.222394,56.222394,7,0,1,-62,55,0,12,1,40,8,43,21,0,0,3144,172,0,7,0,971,155,0,14,0,510,1,0,16,0,255,0,0,8,0,0,365,32,25,0,0,17,8,1,0,0,0,0,0,0
2,12,3,21,2,16,0,0.999677,0.975883,0.999496,21,1,459,100,100,7,0,1,0,18,12,0,0,40,8,73,27,0,0,3144,177,0,9,0,971,152,0,18,0,510,1,0,10,0,255,0,0,5,0,0,316,20,19,0,0,22,5,0,0,0,0,0,0,0
2,13,0,28,0,18,1,1.01014,1.008671,0.994448,27,0,334,100,100,7,0,1,0,-38,-68,0,0,40,0,166,36,0,0,2976,177,0,12,0,974,184,0,24,0,538,0,0,0,0,243,0,0,3,0,2,282,12,14,0,0,25,0,1,0,0,1,1,0,0
2,13,1,22,0,18,1,0.990839,1.012478,1.003379,22,0,334,100,100,7,0,1,-38,0,62,20,2,40,0,100,21,0,0,2976,212,0,7,0,974,152,0,14,0,538,0,0,2,0,243,0,0,3,0,2,270,12,9,0,0,25,1,0,0,0,0,0,0,0
2,13,2,23,0,18,1,0.987532,1.017713,1.002297,23,1,459,62.222394,59.222394,7,0,1,-68,62,0,16,1,40,0,34,18,0,0,2976,199,0,6,0,974,161,0,12,0,538,1,0,4,0,243,0,0,5,0,2,385,20,12,0,0,18,2,1,0,0,0,0,0,0
2,13,3,19,0,18,1,1.000626,0.970488,1.002582,19,1,459,100,100,7,0,1,0,20,16,0,1,40,0,87,27,0,0,2976,171,0,9,0,974,161,0,18,0,538,0,0,2,0,243,7,0,5,0,2,331,20,11,0,0,23,1,0,0,0,0,0,0,0
2,14,0,27,0,2,1,1.013982,1.011961,0.996788,27,1,459,100,100,9,0,1,0,-44,-86,-4,0,40,0,190,36,0,0,3112,201,0,12,0,989,196,0,24,0,536,0,0,0,0,251,0,0,3,0,19,276,12,29,0,0,8,0,17,0,0,0,0,0,0
2,14,1,22,0,2,1,0.990839,1.012478,1.003379,22,1,459,100,100,9,0,1,-44,0,73,22,2,40,0,108,21,0,0,3112,183,0,7,0,989,156,0,14,0,536,0,0,0,0,251,0,0,6,0,19,287,24,24,0,0,8,0,17,0,0,0,0,0,0
2,14,2,22,0,2,1,0.991219,1.022163,1.005526,22,2,584,48.665491,45.665491,9,0,1,-86,73,0,16,1,40,0,36,18,0,0,3112,170,0,6,0,989,167,0,12,0,536,1,0,0,0,251,1,0,11,0,19,421,44,25,0,0,0,0,18,0,0,0,0,0,0
2,14,3,19,0,2,1,1.000626,0.970488,1.002582,19,1,459,100,100,9,0,1,-4,22,16,0,1,40,0,105,27,0,0,3112,167,0,9,0,989,170,0,18,0,536,0,0,8,0,251,2,0,5,0,19,338,20,17,0,0,27,4,0,0,0,0,0,0,0
2,15,0,25,0,4,0,1.014595,1.017907,0.991949,25,1,459,100,100,12,0,1,0,-50,-100,-8,0,40,4,208,36,0,0,3072,162,0,12,0,989,208,0,24,0,544,0,0,0,0,234,0,0,6,0,21,305,24,12,0,0,8,0,0,0,0,0,0,0,0
2,15,1,22,0,4,0,0.990839,1.012478,1.003379,22,1,459,100,100,12,0,1,-50,0,84,24,2,40,4,114,21,0,0,3072,210,0,7,0,989,160,0,14,0,544,0,0,0,0,234,0,0,6,0,21,319,24,7,0,0,8,0,0,0,0,0,0,0,0
2,15,2,20,0,4,0,0.992901,1.016722,1.001792,20,2,584,11.37964,11.37964,12,0,1,-100,84,0,16,1,40,4,42,18,0,0,3072,190,0,6,0,989,173,0,12,0,544,1,0,0,0,234,5,0,9,0,21,460,36,6,0,0,0,0,0,0,0,0,0,0,0
2,15,3,19,0,4,0,1.000626,0.970488,1.002582,19,1,459,100,100,12,0,1,-8,24,16,0,1,40,4,119,27,0,0,3072,163,0,9,0,989,179,0,18,0,544,0,0,0,0,234,10,0,5,0,21,355,20,9,0,0,27,0,0,0,0,0,0,0,0
2,16,0,25,0,4,0,1.014595,1.017907,0.991949,25,1,459,100,100,13,0,1,0,-52,-100,-8,0,40,2,228,36,0,0,3128,173,0,12,0,989,220,0,24,0,518,0,0,4,0,271,0,0,2,0,16,309,8,16,0,0,10,2,0,0,0,0,0,0,0
2,16,1,21,0,4,0,0.98666,1.0174,1.000747,21,1,459,100,100,13,0,1,-52,0,89,26,2,40,2,121,21,0,0,3128,181,0,7,0,989,164,0,14,0,518,1,0,2,0,271,0,0,1,0,16,331,4,9,0,0,9,1,0,0,0,0,0,0,0
2,16,2,18,0,4,0,0.999042,1.017034,1.004687,18,2,584,0,0,13,0,1,-100,89,0,18,1,40,2,50,18,0,0,3128,164,0,6,0,989,179,0,12,0,518,1,0,10,0,271,0,0,3,0,16,473,12,16,0,0,5,5,0,0,0,0,0,0,0
2,16,3,18,0,4,0,1.001241,0.968635,1.000752,18,1,459,100,100,13,0,1,-8,26,18,0,1,40,2,138,27,0,0,3128,159,0,9,0,989,188,0,18,0,518,0,0,6,0,271,5,0,5,0,16,366,20,15,0,0,30,3,0,0,0,0,0,0,0
2,17,0,25,0,7,0,1.014595,1.017907,0.991949,25,1,459,100,100,14,0,1,0,-54,-100,-8,0,40,10,245,36,0,0,3032,184,0,12,0,1014,223,0,24,0,508,1,0,2,0,272,0,0,0,0,35,307,0,14,0,0,14,1,0,0,0,0,0,0,0
2,17,1,18,0,7,0,0.991117,1.018501,0.996589,18,1,459,100,100,14,0,1,-54,0,92,28,2,40,10,125,21,0,0,3032,209,0,7,0,1014,163,0,14,0,508,1,0,6,0,272,0,0,0,0,35,324,0,13,0,0,12,3,0,0,0,0,0,0,0
2,17,2,15,0,7,0,0.993738,1.00868,1.00813,15,2,584,3,0,14,0,1,-100,92,0,18,1,40,10,55,15,0,0,3032,181,0,5,0,1014,181,0,10,0,508,1,0,12,0,272,0,0,0,0,35,457,0,19,0,0,7,6,1,0,0,0,0,0,0
2,17,3,17,0,7,0,1.002332,0.968679,0.998703,17,1,459,100,100,14,0,1,-8,28,18,0,1,40,10,156,27,0,0,3032,156,0,9,0,1014,192,0,18,0,508,4,0,8,0,272,1,0,4,0,35,368,16,17,0,0,34,4,0,0,0,0,0,0,0
2,18,0,22,0,6,0,1.010151,1.023924,0.986587,22,1,459,100,100,15,0,1,0,-56,-100,-8,0,40,4,261,30,0,0,3096,189,0,10,0,992,233,0,20,0,529,0,0,2,0,269,0,0,0,0,33,307,0,12,0,0,18,1,0,0,0,0,0,0,0
2,18,1,17,0,6,0,0.991323,1.017693,0.993939,17,1,459,100,100,15,0,1,-56,0,97,30,2,40,4,135,21,0,0,3096,184,0,7,0,992,167,0,14,0,529,0,0,4,0,269,0,0,0,0,33,330,0,11,0,0,14,2,0,0,0,0,0,0,0
2,18,2,13,0,6,0,1.000425,1.007621,1.001999,13,2,584,3,0,15,0,1,-100,97,0,18,1,40,4,63,15,0,0,3096,193,0,5,0,992,186,0,10,0,529,1,0,4,0,269,0,0,0,0,33,449,0,11,0,0,5,2,1,0,0,0,0,0,0
2,18,3,17,0,6,0,1.002332,0.968679,0.998703,17,1,459,100,100,15,0,1,-8,30,18,0,1,40,4,176,27,0,0,3096,154,0,9,0,992,201,0,18,0,529,3,0,8,0,269,0,0,4,0,33,370,16,17,0,0,38,4,0,0,0,0,0,0,0
2,19,0,22,0,5,0,1.010151,1.023924,0.986587,22,1,459,100,100,15,0,1,0,-56,-100,-6,0,40,9,275,30,0,0,3176,157,0,10,0,1004,243,0,20,0,540,0,0,0,0,265,0,0,0,0,14,314,0,10,0,0,18,0,0,0,0,0,0,0,0
2,19,1,17,0,5,0,0.991323,1.017693,0.993939,17,1,459,100,100,15,0,1,-56,0,99,32,2,40,9,145,21,0,0,3176,160,0,7,0,1004,168,0,14,0,540,0,0,0,0,265,0,0,3,0,14,352,12,7,0,0,14,0,0,0,0,0,0,0,0
2,19,2,10,0,5,0,0.994352,1.028507,0.993312,10,2,584,6,3,15,0,1,-100,99,0,18,1,40,9,63,9,0,0,3176,177,0,3,0,1004,189,0,6,0,540,0,0,2,0,265,0,0,0,0,14,459,0,7,0,0,5,1,1,0,0,0,0,0,0
2,19,3,15,0,5,0,1.008788,0.958401,1.005228,15,1,459,100,100,15,0,1,-6,32,18,0,1,40,9,184,21,0,0,3176,154,0,7,0,1004,208,0,14,0,540,0,0,6,0,265,0,0,4,0,14,376,16,13,0,0,41,3,0,0,0,0,0,0,0
2,20,0,20,1,7,0,1.002461,1.027099,0.983438,20,1,459,100,100,15,0,1,0,-56,-100,-4,0,40,16,285,27,0,0,3088,166,0,9,0,1013,252,0,18,0,532,0,0,0,0,272,0,0,0,0,30,317,0,9,0,0,18,0,0,0,0,0,0,0,0
2,20,1,15,1,7,0,0.982258,1.017673,0.989086,15,1,459,100,100,15,0,1,-56,0,100,34,2,40,16,149,15,0,0,3088,186,0,5,0,1013,173,0,10,0,532,1,0,2,0,272,0,0,0,0,30,351,0,7,0,0,15,1,0,0,0,0,0,0,0
2,20,2,8,1,7,0,0.997018,1.023551,0.993954,8,2,584,9,6,15,0,1,-100,100,0,18,1,40,16,66,9,0,0,3088,164,0,3,0,1013,192,0,6,0,532,1,0,2,0,272,0,0,0,0,30,469,0,7,0,0,5,1,1,0,0,0,0,0,0
2,20,3,15,1,7,0,1.010505,0.955881,0.997601,14,1,459,100,100,15,0,1,-4,34,18,0,1,40,16,196,18,0,0,3088,157,0,6,0,1013,214,0,12,0,532,0,0,6,0,272,0,0,0,0,30,367,0,12,0,0,44,3,0,0,0,0,0,0,0
2,21,0,17,0,7,0,1.002941,1.018363,0.988674,17,1,459,100,100,16,0,1,0,-58,-100,-4,0,40,6,297,24,0,0,3128,162,0,8,0,1019,260,0,16,0,524,0,0,6,0,272,0,0,0,0,65,303,0,14,0,0,26,3,0,0,0,0,0,0,0
2,21,1,13,0,7,0,0.985121,1.018242,0.981746,13,1,459,100,100,16,0,1,-58,0,100,36,2,40,6,155,15,0,0,3128,166,0,5,0,1019,178,0,10,0,524,1,0,0,0,272,0,0,0,0,65,348,0,5,0,0,15,0,0,0,0,0,0,0,0
2,21,2,6,0,7,0,0.986099,1.019301,1.011385,6,2,584,0,0,16,0,1,-100,100,0,18,1,40,6,73,9,0,0,3128,169,0,3,0,1019,195,0,6,0,524,1,0,0,0,272,0,0,0,0,65,466,0,3,0,0,0,0,0,0,0,0,0,0,0
2,21,3,15,0,7,0,1.010505,0.955881,0.997601,14,1,459,100,100,16,0,1,-4,36,18,0,1,40,6,208,18,0,0,3128,160,0,6,0,1019,220,0,12,0,524,6,0,8,0,272,0,0,0,0,65,352,0,16,0,0,47,4,1,0,0,1,1,0,0
2,22,0,18,2,3,0,1.006823,1.015329,0.9886,17,1,459,100,100,16,0,1,0,-58,-100,-2,0,40,10,313,24,0,0,3112,153,0,8,0,1025,268,0,16,0,534,0,0,2,0,264,0,0,1,0,50,309,4,10,0,0,27,1,0,0,0,0,0,0,0
2,22,1,12,2,3,0,0.989807,1.020925,0.98037,12,1,459,100,100,16,0,1,-58,0,100,38,2,40,10,166,15,0,0,3112,188,0,5,0,1025,183,0,10,0,534,1,0,0,0,264,0,0,0,0,50,346,0,5,0,0,15,0,0,0,0,0,0,0,0
2,22,2,5,2,3,0,0.989368,1.02235,1.034798,4,2,584,0,0,16,0,1,-100,100,0,18,1,40,10,76,6,0,0,3112,169,0,2,0,1025,197,0,4,0,534,0,0,2,0,264,0,0,1,0,50,466,4,4,0,0,1,1,0,0,0,0,0,0,0
2,22,3,15,2,3,0,1.010505,0.955881,0.997601,15,1,459,100,100,16,0,1,-2,38,18,0,1,40,10,220,18,0,0,3112,163,0,6,0,1025,226,0,12,0,534,5,0,8,0,264,2,0,4,0,50,357,16,14,0,0,51,4,0,0,0,0,0,0,0
2,23,0,17,0,6,0,1.002941,1.018363,0.988674,17,1,459,100,100,16,0,1,0,-58,-100,0,0,40,12,328,24,0,0,3160,143,0,8,0,1037,273,0,16,0,532,0,0,0,0,267,0,0,1,0,44,314,4,8,0,0,27,0,0,0,0,0,0,0,0
2,23,1,10,0,6,0,0.981305,1.020114,0.978446,10,1,459,100,100,16,0,1,-58,0,100,40,2,40,12,166,9,0,0,3160,173,0,3,0,1037,186,0,6,0,532,1,0,0,0,267,0,0,0,0,44,355,0,3,0,0,15,0,0,0,0,0,0,0,0
2,23,2,3,0,6,0,0.976059,1.00427,1.004965,2,2,584,3,0,16,0,1,-100,100,0,18,1,40,12,80,6,0,0,3160,162,0,2,0,1037,199,0,4,0,532,0,0,0,0,267,1,0,0,0,44,462,0,4,0,0,0,0,1,0,0,0,0,0,0
2,23,3,14,0,6,0,1.015437,0.950593,0.993901,14,1,459,100,100,16,0,1,0,40,18,0,1,40,12,231,18,0,0,3160,158,0,6,0,1037,229,0,12,0,532,8,0,6,0,267,2,0,3,0,44,360,12,12,0,0,54,3,0,0,0,0,0,0,0
2,24,0,15,0,8,0,1.005689,1.02203,0.982059,15,1,459,100,100,16,0,1,0,-58,-100,2,0,40,11,339,21,0,0,3128,135,0,7,0,1037,280,0,14,0,539,0,0,0,0,258,0,0,3,0,53,331,12,7,0,0,27,0,0,0,0,0,0,0,0
2,24,1,8,0,8,0,0.987941,1.029711,0.977701,8,1,459,100,100,16,0,1,-58,0,100,42,2,40,11,169,9,0,0,3128,200,0,3,0,1037,189,0,6,0,539,1,0,0,0,258,0,0,0,0,53,352,0,3,0,0,15,0,0,0,0,0,0,0,0
2,24,2,1,0,8,0,1.003893,1.061507,1.026065,0,2,584,3,3,16,0,1,-100,100,0,18,1,40,11,78,0,0,0,3128,159,0,0,0,1037,199,0,0,0,539,2,0,0,0,258,1,0,0,0,53,462,0,0,0,0,0,0,0,0,0,0,0,0,0
2,24,3,12,0,8,0,1.013578,0.949445,0.994358,12,1,459,100,100,16,0,1,2,42,18,0,1,40,11,243,15,0,0,3128,155,0,5,0,1037,234,0,10,0,539,5,0,6,0,258,7,0,3,0,53,364,12,11,0,0,57,3,0,0,0,0,0,0,0
2,25,0,16,1,2,0,1.008975,1.023348,0.983511,15,1,459,100,100,17,0,1,0,-60,-100,2,0,40,15,354,21,0,0,3168,129,0,7,0,1046,287,0,14,0,534,0,0,2,0,272,0,0,1,0,36,343,4,9,0,0,28,1,0,0,0,0,0,0,0
2,25,1,7,1,2,0,1.009148,1.03627,0.970705,7,1,459,100,100,17,0,1,-60,0,100,44,1,40,15,169,6,0,0,3168,190,0,2,0,1046,191,0,4,0,534,1,0,0,0,272,0,0,0,0,36,367,0,2,0,0,15,0,0,0,0,0,0,0,0
2,25,2,0,1,2,0,0,0,0,0,2,584,0,0,17,0,1,-100,100,0,18,0,40,15,77,0,0,0,3168,158,0,0,0,1046,199,0,0,0,534,0,0,0,0,272,0,0,0,0,36,457,0,0,0,0,0,0,0,0,0,0,0,0,0
2,25,3,12,1,2,0,1.013578,0.949445,0.994358,12,1,459,100,100,17,0,1,2,44,18,0,1,40,15,256,15,0,0,3168,154,0,5,0,1046,239,0,10,0,534,9,0,6,0,272,4,0,3,0,36,368,12,11,0,0,60,3,0,0,0,0,0,0,0
2,26,0,17,2,1,0,1.017646,1.018075,0.984514,15,1,459,100,100,17,0,0,0,-60,-100,4,0,40,10,371,21,0,0,3152,138,0,7,0,1046,294,0,14,0,544,0,0,0,0,257,0,0,3,0,36,358,12,9,0,0,27,0,1,0,0,1,1,0,0
2,26,1,7,2,1,0,1.009148,1.03627,0.970705,7,1,459,100,100,17,0,0,-60,0,100,44,1,40,10,172,6,0,0,3152,181,0,2,0,1046,193,0,4,0,544,1,0,0,0,257,0,0,0,0,36,382,0,2,0,0,15,0,0,0,0,0,0,0,0
2,26,2,0,2,1,0,0,0,0,0,2,584,0,0,17,0,0,-100,100,0,18,0,40,10,77,0,0,0,3152,158,0,0,0,1046,199,0,0,0,544,0,0,0,0,257,0,0,0,0,36,457,0,0,0,0,0,0,0,0,0,0,0,0,0
2,26,3,12,2,1,0,1.006827,0.954212,1.011196,11,1,459,100,100,17,0,0,4,44,18,0,1,40,10,272,15,0,0,3152,153,0,5,0,1046,244,0,10,0,544,3,0,6,0,257,10,0,3,0,36,372,12,11,0,0,63,3,0,0,0,0,0,0,0
2,27,0,17,1,1,0,1.027736,1.02335,0.981063,15,1,459,100,100,17,0,0,0,-60,-100,6,0,40,17,378,18,0,0,3152,147,0,6,0,1046,300,0,12,0,539,1,0,0,0,272,0,0,0,0,40,360,0,8,0,0,26,0,1,0,0,1,1,0,0
2,27,1,7,1,1,0,1.009148,1.03627,0.970705,7,1,459,100,100,17,0,0,-60,0,100,44,1,40,17,174,6,0,0,3152,172,0,2,0,1046,195,0,4,0,539,1,0,0,0,272,0,0,0,0,40,392,0,2,0,0,15,0,0,0,0,0,0,0,0
2,27,2,0,1,1,0,0,0,0,0,2,584,0,0,17,0,0,-100,100,0,18,0,40,17,77,0,0,0,3152,158,0,0,0,1046,199,0,0,0,539,0,0,0,0,272,0,0,0,0,40,457,0,0,0,0,0,0,0,0,0,0,0,0,0
2,27,3,12,1,1,0,1.006827,0.954212,1.011196,11,1,459,100,100,17,0,0,6,44,18,0,1,40,17,284,15,0,0,3152,152,0,5,0,1046,249,0,10,0,539,1,0,6,0,272,6,0,4,0,40,381,16,13,0,0,65,3,1,0,0,1,1,0,0
2,28,0,17,0,0,0,1.027736,1.02335,0.981063,16,1,459,100,100,17,0,0,0,-60,-100,6,0,40,16,389,21,0,0,3112,155,0,7,0,1056,300,0,14,0,531,1,0,6,0,272,0,0,0,0,50,357,0,15,0,0,28,3,1,0,0,1,1,0,0
2,28,1,7,0,0,0,1.009148,1.03627,0.970705,7,1,459,100,100,17,0,0,-60,0,100,46,1,40,16,180,6,0,0,3112,203,0,2,0,1056,197,0,4,0,531,1,0,0,0,272,0,0,0,0,50,390,0,2,0,0,15,0,0,0,0,0,0,0,0
2,28,2,0,0,0,0,0,0,0,0,2,584,0,0,17,0,0,-100,100,0,18,0,40,16,77,0,0,0,3112,158,0,0,0,1056,199,0,0,0,531,0,0,0,0,272,0,0,0,0,50,457,0,0,0,0,0,0,0,0,0,0,0,0,0
2,28,3,12,0,0,0,1.006827,0.954212,1.011196,12,1,459,100,100,17,0,0,6,46,18,0,1,40,16,297,15,0,0,3112,151,0,5,0,1056,251,0,10,0,531,0,0,8,0,272,2,0,4,0,50,390,16,13,0,0,69,4,0,0,0,0,0,0,0
2,29,0,12,0,6,0,1.034273,1.026617,0.985288,12,1,459,100,100,17,0,0,0,-60,-100,8,0,40,21,385,6,0,0,3152,168,0,2,0,1046,302,0,4,0,536,0,0,4,0,270,0,0,0,0,55,355,0,6,0,0,30,2,0,0,0,0,0,0,0
2,29,1,6,0,6,0,1.014906,1.041339,0.978543,6,1,459,100,100,17,0,0,-60,0,100,46,1,40,21,178,3,0,0,3152,195,0,1,0,1046,198,0,2,0,536,1,0,0,0,270,0,0,0,0,55,394,0,1,0,0,15,0,0,0,0,0,0,0,0
2,29,2,0,0,6,0,0,0,0,0,2,584,0,0,17,0,0,-100,100,0,18,0,40,21,77,0,0,0,3152,158,0,0,0,1046,199,0,0,0,536,0,0,0,0,270,0,0,0,0,55,457,0,0,0,0,0,0,0,0,0,0,0,0,0
2,29,3,12,0,6,0,1.006827,0.954212,1.011196,12,2,584,100,100,17,0,0,8,46,18,0,1,40,21,308,15,0,0,3152,150,0,5,0,1046,256,0,10,0,536,1,0,4,0,270,0,0,4,0,55,384,16,26,0,0,54,2,17,0,0,0,0,0,0
2,30,0,12,0,0,0,1.034273,1.026617,0.985288,12,1,459,100,100,17,0,0,0,-60,-100,10,0,40,22,383,6,0,0,3152,186,0,2,0,1064,304,0,4,0,540,1,0,0,0,268,0,0,1,0,35,369,4,2,0,0,30,0,0,0,0,0,0,0,0
2,30,1,6,0,0,0,1.014906,1.041339,0.978543,6,1,459,100,100,17,0,0,-60,0,100,46,1,40,22,177,3,0,0,3152,188,0,1,0,1064,199,0,2,0,540,1,0,0,0,268,0,0,0,0,35,408,0,1,0,0,15,0,0,0,0,0,0,0,0
2,30,2,0,0,0,0,0,0,0,0,2,584,0,0,17,0,0,-100,100,0,18,0,40,22,77,0,0,0,3152,158,0,0,0,1064,199,0,0,0,540,0,0,0,0,268,0,0,0,0,35,457,0,0,0,0,0,0,0,0,0,0,0,0,0
2,30,3,12,0,0,0,1.006827,0.954212,1.011196,12,2,584,100,100,17,0,0,10,46,18,0,1,40,22,319,15,0,0,3152,149,0,5,0,1064,261,0,10,0,540,0,0,4,0,268,0,0,3,0,35,393,12,9,0,0,56,2,0,0,0,0,0,0,0
2,31,0,12,0,0,0,1.034273,1.026617,0.985288,12,1,459,100,100,17,0,0,0,-60,-100,10,0,40,31,379,6,0,0,3184,172,0,2,0,1064,306,0,4,0,537,0,0,4,0,272,0,0,0,0,28,380,0,6,0,0,32,2,0,0,0,0,0,0,0
2,31,1,6,0,0,0,1.014906,1.041339,0.978543,6,1,459,100,100,17,0,0,-60,0,100,46,1,40,31,175,3,0,0,3184,181,0,1,0,1064,200,0,2,0,537,1,0,0,0,272,0,0,0,0,28,424,0,1,0,0,15,0,0,0,0,0,0,0,0
2,31,2,0,0,0,0,0,0,0,0,2,584,0,0,17,0,0,-100,100,0,18,0,40,31,77,0,0,0,3184,158,0,0,0,1064,199,0,0,0,537,0,0,0,0,272,0,0,0,0,28,457,0,0,0,0,0,0,0,0,0,0,0,0,0
2,31,3,12,0,0,0,1.006827,0.954212,1.011196,12,2,584,100,100,17,0,0,10,46,18,0,1,40,31,328,15,0,0,3184,148,0,5,0,1064,266,0,10,0,537,0,0,4,0,272,0,0,0,0,28,390,0,9,0,0,58,2,0,0,0,0,0,0,0
2,32,0,12,1,1,0,1.034273,1.026617,0.985288,12,2,584,100,100,17,0,0,0,-60,-100,12,0,40,13,384,6,0,0,3166,184,0,2,0,1064,308,0,4,0,539,0,0,2,0,264,0,0,4,0,20,392,16,21,0,0,16,1,17,0,0,0,0,0,0
2,32,1,6,1,1,0,1.014906,1.041339,0.978543,6,1,459,100,100,17,0,0,-60,0,100,48,1,40,13,175,3,0,0,3166,174,0,1,0,1064,201,0,2,0,539,1,0,0,0,264,0,0,0,0,20,440,0,1,0,0,15,0,0,0,0,0,0,0,0
2,32,2,0,1,1,0,0,0,0,0,2,584,0,0,17,0,0,-100,100,0,18,0,40,13,77,0,0,0,3166,158,0,0,0,1064,199,0,0,0,539,0,0,0,0,264,0,0,0,0,20,457,0,0,0,0,0,0,0,0,0,0,0,0,0
2,32,3,12,1,1,0,1.014564,0.963515,1.017112,11,2,584,100,100,17,0,0,12,48,18,0,1,40,13,340,15,0,0,3166,139,0,5,0,1064,271,0,10,0,539,1,0,2,0,264,1,0,3,0,20,406,12,7,0,0,59,1,0,0,0,0,0,0,0
2,33,0,11,0,1,0,1.032853,1.029975,0.98611,11,2,584,100,100,17,0,0,0,-60,-100,12,0,40,21,377,3,0,0,3184,171,0,1,0,1061,309,0,2,0,532,1,0,4,0,272,0,0,0,0,31,404,0,5,0,0,18,2,0,0,0,0,0,0,0
2,33,1,6,0,1,0,1.014906,1.041339,0.978543,6,1,459,100,100,17,0,0,-60,0,100,48,1,40,21,174,3,0,0,3184,167,0,1,0,1061,202,0,2,0,532,1,0,0,0,272,0,0,0,0,31,456,0,1,0,0,15,0,0,0,0,0,0,0,0
2,33,2,0,0,1,0,0,0,0,0,2,584,0,0,17,0,0,-100,100,0,18,0,40,21,77,0,0,0,3184,158,0,0,0,1061,199,0,0,0,532,0,0,0,0,272,0,0,0,0,31,457,0,0,0,0,0,0,0,0,0,0,0,0,0
2,33,3,12,0,1,0,1.014564,0.963515,1.017112,11,2,584,100,100,17,0,0,12,48,18,0,1,40,21,356,18,0,0,3184,137,0,6,0,1061,277,0,12,0,532,2,0,6,0,272,0,0,1,0,31,399,4,14,0,0,61,3,1,0,0,1,1,0,0
2,34,0,11,1,2,0,1.032853,1.029975,0.98611,11,2,584,100,100,17,0,0,0,-60,-100,14,0,40,15,377,3,0,0,3112,191,0,1,0,1064,310,0,2,0,544,1,0,0,0,258,0,0,6,0,53,439,24,1,0,0,18,0,0,0,0,0,0,0,0
2,34,1,4,1,2,0,0.989326,1.061775,0.967965,4,1,459,100,100,17,0,0,-60,0,100,48,1,40,15,172,0,0,0,3112,193,0,0,0,1064,202,0,0,0,544,1,0,0,0,258,0,0,0,0,53,456,0,0,0,0,15,0,0,0,0,0,0,0,0
2,34,2,0,1,2,0,0,0,0,0,2,584,0,0,17,0,0,-100,100,0,18,0,40,15,77,0,0,0,3112,158,0,0,0,1064,199,0,0,0,544,0,0,0,0,258,0,0,0,0,53,457,0,0,0,0,0,0,0,0,0,0,0,0,0
2,34,3,13,1,2,0,1.016459,0.970033,1.023929,12,2,584,100,100,17,0,0,14,48,18,0,1,40,15,372,18,0,0,3112,135,0,6,0,1064,283,0,12,0,544,0,0,2,0,258,5,0,3,0,53,406,12,8,0,0,62,1,0,0,0,0,0,0,0
2,35,0,11,2,0,0,1.032853,1.029975,0.98611,11,2,584,100,100,17,0,0,0,-60,-100,14,0,40,20,374,3,0,0,3176,179,0,1,0,1067,311,0,2,0,531,1,0,6,0,272,0,0,0,0,31,449,0,7,0,0,21,3,0,0,0,0,0,0,0
2,35,1,4,2,0,0,0.989326,1.061775,0.967965,4,1,459,100,100,17,0,0,-60,0,100,48,1,40,20,170,0,0,0,3176,189,0,0,0,1067,202,0,0,0,531,1,0,0,0,272,0,0,0,0,31,459,0,0,0,0,15,0,0,0,0,0,0,0,0
2,35,2,0,2,0,0,0,0,0,0,2,584,0,0,17,0,0,-100,100,0,18,0,40,20,77,0,0,0,3176,158,0,0,0,1067,199,0,0,0,531,0,0,0,0,272,0,0,0,0,31,457,0,0,0,0,0,0,0,0,0,0,0,0,0
2,35,3,15,2,0,0,1.015477,0.969048,1.023286,12,2,584,100,100,17,0,0,14,48,18,0,1,40,20,390,18,0,0,3176,140,0,6,0,1067,289,0,12,0,531,1,0,6,0,272,1,0,4,0,31,411,16,14,0,0,64,3,1,0,0,1,1,0,0
2,36,0,11,0,0,0,1.032853,1.029975,0.98611,11,2,584,100,100,17,0,0,0,-60,-100,14,0,40,20,372,3,0,0,3176,167,0,1,0,1061,312,0,2,0,541,1,0,0,0,260,0,0,6,0,31,489,24,1,0,0,21,0,0,0,0,0,0,0,0
2,36,1,4,0,0,0,0.989326,1.061775,0.967965,4,1,459,100,100,17,0,0,-60,0,100,50,1,40,20,169,0,0,0,3176,185,0,0,0,1061,202,0,0,0,541,1,0,0,0,260,0,0,0,0,31,459,0,0,0,0,15,0,0,0,0,0,0,0,0
2,36,2,0,0,0,0,0,0,0,0,2,584,0,0,17,0,0,-100,100,0,18,0,40,20,77,0,0,0,3176,158,0,0,0,1061,199,0,0,0,541,0,0,0,0,260,0,0,0,0,31,457,0,0,0,0,0,0,0,0,0,0,0,0,0
2,36,3,15,0,0,0,1.015477,0.969048,1.023286,13,2,584,100,100,17,0,0,14,50,18,0,1,40,20,410,24,0,0,3176,141,0,8,0,1061,297,0,16,0,541,0,0,4,0,260,3,0,4,0,31,416,16,14,0,0,65,2,1,0,0,1,1,0,0
2,37,0,11,0,1,0,1.032853,1.029975,0.98611,11,3,709,100,100,17,0,0,0,-60,-100,14,0,40,26,370,3,0,0,3144,187,0,1,0,1061,313,0,2,0,540,1,0,0,0,263,0,0,6,0,36,507,24,18,0,0,4,0,17,0,0,0,0,0,0
2,37,1,4,0,1,0,0.989326,1.061775,0.967965,4,1,459,100,100,17,0,0,-60,0,100,50,1,40,26,166,0,0,0,3144,181,0,0,0,1061,202,0,0,0,540,1,0,0,0,263,0,0,0,0,36,459,0,0,0,0,15,0,0,0,0,0,0,0,0
2,37,2,0,0,1,0,0,0,0,0,2,584,0,0,17,0,0,-100,100,0,18,0,40,26,77,0,0,0,3144,158,0,0,0,1061,199,0,0,0,540,0,0,0,0,263,0,0,0,0,36,457,0,0,0,0,0,0,0,0,0,0,0,0,0
2,37,3,14,0,1,0,1.013559,0.966369,1.022004,14,2,584,100,100,17,0,0,14,50,18,0,1,40,26,423,21,0,0,3144,143,0,7,0,1061,304,0,14,0,540,0,0,4,0,263,2,0,4,0,36,424,16,11,0,0,67,2,0,0,0,0,0,0,0
2,38,0,11,0,1,0,1.032853,1.029975,0.98611,11,3,709,100,100,17,0,0,0,-60,-100,14,0,40,23,368,3,0,0,3176,175,0,1,0,1064,314,0,2,0,532,0,0,4,0,269,0,0,3,0,68,514,12,5,0,0,6,2,0,0,0,0,0,0,0
2,38,1,4,0,1,0,0.989326,1.061775,0.967965,4,1,459,100,100,17,0,0,-60,0,100,50,1,40,23,166,0,0,0,3176,177,0,0,0,1064,202,0,0,0,532,1,0,0,0,269,0,0,0,0,68,459,0,0,0,0,15,0,0,0,0,0,0,0,0
2,38,2,0,0,1,0,0,0,0,0,2,584,0,0,17,0,0,-100,100,0,18,0,40,23,77,0,0,0,3176,158,0,0,0,1064,199,0,0,0,532,0,0,0,0,269,0,0,0,0,68,457,0,0,0,0,0,0,0,0,0,0,0,0,0
2,38,3,13,0,1,0,1.017436,0.969808,1.022955,13,2,584,100,100,17,0,0,14,50,18,0,1,40,23,437,21,0,0,3176,138,0,7,0,1064,311,0,14,0,532,3,0,6,0,269,0,0,2,0,68,419,8,13,0,0,70,3,0,0,0,0,0,0,0
2,39,0,11,0,0,0,1.032853,1.029975,0.98611,11,3,709,100,100,17,0,0,0,-60,-100,16,0,40,23,368,3,0,0,3152,195,0,1,0,1064,315,0,2,0,530,0,0,6,0,272,0,0,0,0,36,519,0,7,0,0,9,3,0,0,0,0,0,0,0
2,39,1,4,0,0,0,0.989326,1.061775,0.967965,4,1,459,100,100,17,0,0,-60,0,100,50,1,40,23,162,0,0,0,3152,173,0,0,0,1064,202,0,0,0,530,1,0,0,0,272,0,0,0,0,36,459,0,0,0,0,15,0,0,0,0,0,0,0,0
2,39,2,0,0,0,0,0,0,0,0,2,584,0,0,17,0,0,-100,100,0,18,0,40,23,77,0,0,0,3152,158,0,0,0,1064,199,0,0,0,530,0,0,0,0,272,0,0,0,0,36,457,0,0,0,0,0,0,0,0,0,0,0,0,0
2,39,3,13,0,0,0,1.017436,0.969808,1.022955,13,2,584,100,100,17,0,0,16,50,18,0,1,40,23,454,21,0,0,3152,134,0,7,0,1064,318,0,14,0,530,5,0,6,0,272,0,0,0,0,36,409,0,13,0,0,73,3,0,0,0,0,0,0,0
2,40,0,11,0,0,0,1.032853,1.029975,0.98611,11,3,709,100,100,17,0,0,0,-60,-100,16,0,40,23,364,3,0,0,3184,183,0,1,0,1064,316,0,2,0,539,0,0,2,0,265,0,0,2,0,31,541,8,3,0,0,10,1,0,0,0,0,0,0,0
2,40,1,4,0,0,0,0.989326,1.061775,0.967965,4,1,459,100,100,17,0,0,-60,0,100,50,1,40,23,161,0,0,0,3184,169,0,0,0,1064,202,0,0,0,539,1,0,0,0,265,0,0,0,0,31,459,0,0,0,0,15,0,0,0,0,0,0,0,0
2,40,2,0,0,0,0,0,0,0,0,2,584,0,0,17,0,0,-100,100,0,18,0,40,23,77,0,0,0,3184,158,0,0,0,1064,199,0,0,0,539,0,0,0,0,265,0,0,0,0,31,457,0,0,0,0,0,0,0,0,0,0,0,0,0
2,40,3,13,0,0,0,1.017436,0.969808,1.022955,13,2,584,100,100,17,0,0,16,50,18,0,1,40,23,472,21,0,0,3184,130,0,7,0,1064,325,0,14,0,539,2,0,6,0,265,2,0,3,0,31,411,12,13,0,0,76,3,0,0,0,0,0,0,0
5,1,0,48,0,5,0,0.993887,0.988146,0.997315,0,0,334,100,100,0,0,0,0,2,2,2,0,40,0,49,39,0,0,2816,200,0,13,0,932,63,0,26,0,483,0,0,46,0,198,20,0,23,0,0,92,92,77,0,0,14,23,9,0,0,9,9,0,0
5,1,1,49,0,5,0,0.994396,0.988932,0.997265,0,0,334,100,100,0,0,0,2,0,2,2,0,40,0,48,39,0,0,2816,192,0,13,0,932,63,0,26,0,483,3,0,46,0,198,24,0,23,0,0,96,92,77,0,0,14,23,9,0,0,9,9,0,0
5,1,2,49,0,5,0,0.99337,0.98957,0.99639,0,0,334,100,100,0,0,0,2,2,0,2,0,40,0,50,39,0,0,2816,192,0,13,0,932,63,0,26,0,483,4,0,46,0,198,18,0,23,0,0,103,92,77,0,0,14,23,9,0,0,9,9,0,0
5,1,3,49,0,5,0,0.994585,0.989749,0.995392,0,0,334,100,100,0,0,0,2,2,2,0,0,40,0,49,39,0,0,2816,192,0,13,0,932,63,0,26,0,483,5,0,46,0,198,18,0,23,0,0,104,92,77,0,0,14,23,9,0,0,9,9,0,0
5,2,0,38,0,33,0,0.998514,0.982919,1.003829,6,0,334,100,100,0,0,0,0,2,2,4,0,40,2,48,39,0,0,2840,235,0,13,0,932,76,0,26,0,415,1,0,2,0,255,0,0,23,0,0,168,92,33,0,0,6,1,9,0,0,9,9,0,0
5,2,1,46,0,33,0,0.994364,0.990335,0.995715,8,0,334,100,100,0,0,0,2,0,4,4,0,40,2,44,36,0,0,2840,211,0,12,0,932,75,0,24,0,415,0,0,28,0,255,13,0,22,0,0,143,88,58,0,0,19,14,9,0,0,9,9,0,0
5,2,2,42,0,33,0,0.993155,0.987586,1.000295,8,0,334,100,100,0,0,0,2,4,0,2,0,40,2,46,36,0,0,2840,219,0,12,0,932,75,0,24,0,415,1,0,16,0,255,0,0,21,0,0,158,84,46,0,0,13,8,9,0,0,9,9,0,0
5,2,3,36,0,33,0,1.001806,0.984741,0.99688,7,0,334,100,100,0,0,0,4,4,2,0,0,40,2,48,39,0,0,2840,218,0,13,0,932,76,0,26,0,415,1,0,6,0,255,0,0,18,0,0,155,72,37,0,0,8,3,9,0,0,9,9,0,0
5,3,0,36,0,4,0,1.000735,0.986286,1.002612,14,0,334,100,100,0,0,0,0,2,4,6,0,40,4,59,39,0,0,3120,184,0,13,0,941,89,0,26,0,543,1,0,0,0,225,0,0,3,0,22,171,12,25,0,0,0,0,6,0,0,6,6,0,0
5,3,1,45,0,4,0,0.992161,0.988517,0.996441,17,0,334,100,100,0,0,0,2,0,6,4,0,40,4,41,33,0,0,3120,234,0,11,0,941,86,0,22,0,543,1,0,0,0,225,11,0,22,0,22,202,88,29,0,0,10,0,9,0,0,9,9,0,0
5,3,2,41,0,4,0,0.993228,0.990113,1.001645,17,0,334,100,100,0,0,0,4,6,0,2,0,40,4,50,36,0,0,3120,165,0,12,0,941,87,0,24,0,543,1,0,0,0,225,0,0,19,0,22,218,76,30,0,0,4,0,9,0,0,9,9,0,0
5,3,3,36,0,4,0,1.001806,0.984741,0.99688,16,0,334,100,100,0,0,0,6,4,2,0,0,40,4,58,39,0,0,3120,169,0,13,0,941,89,0,26,0,543,1,0,0,0,225,0,0,2,0,22,150,8,29,0,0,0,0,8,0,0,8,8,0,0
5,4,0,36,1,8,0,1.000735,0.986286,1.002612,20,0,334,100,100,0,0,0,0,-8,-8,8,0,40,4,70,39,0,0,2936,223,0,13,0,941,102,0,26,0,528,1,0,0,0,256,0,0,3,0,0,187,12,13,0,0,0,0,0,0,0,0,0,0,0
5,4,1,42,1,8,0,0.991488,0.986291,0.995363,25,0,334,100,100,0,0,0,-8,0,16,-8,0,40,4,40,33,0,0,2936,178,0,11,0,941,97,0,22,0,528,1,0,10,0,256,0,0,11,0,0,226,44,37,0,0,7,5,8,0,0,8,8,0,0
5,4,2,38,1,8,0,0.991814,0.984135,1.00426,24,0,334,100,100,0,0,0,-8,16,0,-8,0,40,4,48,33,0,0,2936,201,0,11,0,941,98,0,22,0,528,1,0,0,0,256,0,0,12,0,0,264,48,19,0,0,0,0,4,0,0,4,4,0,0
5,4,3,35,1,8,0,1.002637,0.984389,1.000507,23,0,334,100,100,0,0,0,8,-8,-8,0,0,40,4,72,39,0,0,2936,200,0,13,0,941,102,0,26,0,528,1,0,0,0,256,0,0,1,0,0,158,4,13,0,0,0,0,0,0,0,0,0,0,0
5,5,0,35,0,6,0,1.002335,0.985919,1.001669,20,0,334,100,100,0,0,0,0,-16,-14,10,0,40,2,79,36,0,0,2952,175,0,12,0,944,114,0,24,0,506,0,0,2,0,262,0,0,2,0,0,196,8,16,0,0,0,1,1,0,0,1,1,0,0
5,5,1,39,0,6,0,0.992237,0.988343,0.996764,33,0,334,100,100,0,0,0,-16,0,26,-14,1,40,2,40,33,0,0,2952,197,0,11,0,944,108,0,22,0,506,1,0,20,0,262,0,0,4,0,0,222,16,37,0,0,14,10,3,0,0,3,3,0,0
5,5,2,36,0,6,0,0.993144,0.98251,1.004072,27,0,334,100,100,0,0,0,-14,26,0,-16,1,40,2,51,30,0,0,2952,241,0,10,0,944,108,0,20,0,506,1,0,8,0,262,0,0,4,0,0,271,16,26,0,0,0,4,4,0,0,4,4,0,0
5,5,3,35,0,6,0,1.002637,0.984389,1.000507,23,0,334,100,100,0,0,0,10,-14,-16,0,0,40,2,85,39,0,0,2952,232,0,13,0,944,115,0,26,0,506,0,0,4,0,262,0,0,0,0,0,154,0,21,0,0,0,2,2,0,0,2,2,0,0
5,6,0,35,1,2,1,1.002335,0.985919,1.001669,21,0,334,100,100,0,0,0,0,-24,-22,6,0,40,1,91,36,0,0,3040,216,0,12,0,950,126,0,24,0,543,0,0,0,0,231,0,0,3,0,0,213,12,12,0,0,0,0,0,0,0,0,0,0,0
5,6,1,40,1,2,1,0.995651,0.987236,1.001298,36,0,334,100,100,0,0,0,-24,0,36,-20,1,40,1,45,33,0,0,3040,219,0,11,0,950,119,0,22,0,543,1,0,0,0,231,4,0,20,0,0,304,80,15,0,0,12,0,2,0,0,2,2,0,0
5,6,2,35,1,2,1,0.993052,0.982592,1.004523,30,0,334,100,100,0,0,0,-22,36,0,-22,1,40,1,54,30,0,0,3040,195,0,10,0,950,118,0,20,0,543,0,0,2,0,231,0,0,11,0,0,317,44,14,0,0,0,1,1,0,0,1,1,0,0
5,6,3,34,1,2,1,1.00485,0.985955,0.999807,25,0,334,100,100,0,0,0,6,-20,-22,0,0,40,1,99,39,0,0,3040,184,0,13,0,950,128,0,26,0,543,0,0,0,0,231,0,0,3,0,0,169,12,13,0,0,0,0,0,0,0,0,0,0,0
5,7,0,33,0,10,0,1.002979,0.988423,1.002867,20,0,334,100,100,4,0,1,0,-34,-36,0,0,40,2,99,33,0,0,3056,170,0,11,0,1028,112,0,22,0,514,0,0,0,0,266,0,0,2,0,0,226,8,11,0,0,0,0,0,0,0,0,0,0,0
5,7,1,38,0,10,0,0.997162,0.988668,1.005711,36,1,459,80.213942,77.213942,4,0,1,-34,0,58,-46,1,40,2,44,33,0,0,3056,168,0,11,0,1028,112,0,22,0,514,1,0,18,0,266,0,0,4,0,0,289,16,50,0,0,2,9,19,0,0,1,1,0,0
5,7,2,33,0,10,0,0.993516,0.983076,1.003208,29,0,334,91.857511,91.857511,4,0,1,-36,58,0,-36,1,40,2,55,27,0,0,3056,239,0,9,0,1028,110,0,18,0,514,1,0,8,0,266,0,0,3,0,0,317,12,21,0,0,2,4,2,0,0,2,2,0,0
5,7,3,30,0,10,0,1.001867,0.985086,0.997337,21,0,334,100,100,4,0,1,0,-46,-36,0,0,40,2,105,33,0,0,3056,195,0,11,0,1028,127,0,22,0,514,0,0,0,0,266,0,0,1,0,0,179,4,11,0,0,0,0,0,0,0,0,0,0,0
5,8,0,30,0,12,1,1.003709,0.984759,1.003445,18,0,334,100,100,7,0,1,0,-46,-52,-10,0,40,8,108,33,0,0,3024,182,0,11,0,1084,90,0,22,0,525,1,0,0,0,258,0,0,1,0,0,235,4,11,0,0,0,0,0,0,0,0,0,0,0
5,8,1,36,0,12,1,0.99811,0.988881,1.003978,35,1,459,67.482182,64.482182,7,0,1,-46,0,77,-63,1,40,8,47,33,0,0,3024,183,0,11,0,1084,90,0,22,0,525,1,0,12,0,258,0,0,6,0,0,303,24,27,0,0,6,6,2,0,0,1,1,0,0
5,8,2,29,0,12,1,0.986716,0.98765,0.999386,27,0,334,86.880971,83.880971,7,0,1,-52,77,0,-45,1,40,8,52,24,0,0,3024,198,0,8,0,1084,94,0,16,0,525,1,0,4,0,258,0,0,7,0,0,324,28,16,0,0,2,2,2,0,0,1,1,0,0
5,8,3,27,0,12,1,1.009009,0.984275,1.000738,19,0,334,100,100,7,0,1,-10,-63,-45,0,0,40,8,110,33,0,0,3024,194,0,11,0,1084,109,0,22,0,525,0,0,2,0,258,0,0,0,0,0,180,0,15,0,0,0,1,1,0,0,1,1,0,0
5,9,0,28,0,10,0,1.006417,0.986109,1.002068,16,0,334,100,100,10,0,1,0,-48,-58,-16,0,40,2,116,30,0,0,3088,190,0,10,0,971,100,0,20,0,544,1,0,0,0,243,0,0,1,0,0,246,4,10,0,0,0,0,0,0,0,0,0,0,0
5,9,1,34,0,10,0,0.996772,0.989594,1.002426,34,1,459,50.498278,47.498278,10,0,1,-48,0,88,-75,1,40,2,51,30,0,0,3088,201,0,10,0,971,100,0,20,0,544,1,0,0,0,243,0,0,13,0,0,360,52,12,0,0,5,0,1,0,0,0,0,0,0
5,9,2,27,0,10,0,0.988264,0.989263,0.997656,26,0,334,78.199926,75.199926,10,0,1,-58,88,0,-49,1,40,2,54,21,0,0,3088,162,0,7,0,971,101,0,14,0,544,1,0,0,0,243,0,0,12,0,0,325,48,11,0,0,0,0,2,0,0,1,1,0,0
5,9,3,23,0,10,0,1.01503,0.98754,1.001649,16,0,334,100,100,10,0,1,-16,-75,-49,0,0,40,2,125,33,0,0,3088,156,0,11,0,971,120,0,22,0,544,0,0,0,0,243,0,0,3,0,0,195,12,11,0,0,0,0,0,0,0,0,0,0,0
5,10,0,26,0,8,0,1.007892,0.986897,1.002623,15,0,334,100,100,12,0,1,0,-50,-64,-18,0,40,5,126,30,0,0,3088,184,0,10,0,977,110,0,20,0,515,0,0,2,0,272,0,0,0,0,0,249,0,14,0,0,0,1,1,0,0,1,1,0,0
5,10,1,31,0,8,0,0.996642,0.986386,1.005097,31,1,459,45.03228,42.03228,12,0,1,-50,0,96,-81,1,40,5,55,30,0,0,3088,157,0,10,0,977,110,0,20,0,515,0,0,16,0,272,0,0,0,0,0,346,0,28,0,0,12,8,1,0,0,0,0,0,0
5,10,2,25,0,8,0,0.988365,0.992688,0.994659,25,0,334,63.304182,63.304182,12,0,1,-64,96,0,-51,1,40,5,52,18,0,0,3088,193,0,6,0,977,107,0,12,0,515,1,0,12,0,272,0,0,0,0,0,316,0,18,0,0,6,6,0,0,0,0,0,0,0
5,10,3,22,0,8,0,1.017943,0.984326,1.003436,15,0,334,100,100,12,0,1,-18,-81,-51,0,0,40,5,143,33,0,0,3088,130,0,11,0,977,131,0,22,0,515,1,0,0,0,272,0,0,0,0,0,201,0,11,0,0,0,0,0,0,0,0,0,0,0
5,11,0,24,1,11,0,1.011869,0.985885,1.005786,14,0,334,100,100,15,0,1,0,-56,-82,-24,0,40,7,137,30,0,0,3120,172,0,10,0,977,120,0,20,0,529,1,0,0,0,272,0,0,0,0,68,239,0,10,0,0,0,0,0,0,0,0,0,0,0
5,11,1,29,1,11,0,0.999576,0.98477,1.010908,29,1,459,48.03228,45.03228,15,0,1,-56,0,100,-81,1,40,7,64,30,0,0,3120,172,0,10,0,977,120,0,20,0,529,1,0,4,0,272,0,0,0,0,68,330,0,16,0,0,13,2,1,0,0,0,0,0,0
5,11,2,23,1,11,0,0.989757,0.992225,0.993705,22,0,334,42.399715,39.399715,15,0,1,-82,100,0,-42,1,40,7,52,18,0,0,3120,162,0,6,0,977,113,0,12,0,529,0,0,8,0,272,0,0,0,0,68,300,0,16,0,0,9,4,1,0,0,0,0,0,0
5,11,3,18,1,11,0,1.015616,0.984118,1.006969,14,0,334,100,100,15,0,1,-24,-81,-42,0,0,40,7,151,27,0,0,3120,99,0,9,0,977,140,0,18,0,529,1,0,2,0,272,0,0,0,0,68,188,0,13,0,0,0,1,1,0,0,1,1,0,0
5,12,0,22,2,8,2,1.014509,0.991775,1.007255,14,0,334,88.829524,88.829524,18,0,1,0,-51,-77,-54,0,40,4,150,30,0,0,3088,146,0,10,0,989,130,0,20,0,531,0,0,2,0,261,0,0,0,0,0,242,0,14,0,0,0,1,1,0,0,1,1,0,0
5,12,1,28,2,8,2,1.005023,0.984332,1.006551,27,1,459,51.03228,48.03228,18,0,1,-51,0,100,-81,1,40,4,71,27,0,0,3088,190,0,9,0,989,129,0,18,0,531,1,0,8,0,261,0,0,3,0,0,340,12,19,0,0,16,4,1,0,0,0,0,0,0
5,12,2,20,2,8,2,0.986632,0.999557,0.993732,20,0,334,45.399715,42.399715,18,0,1,-77,100,0,-42,1,40,4,53,15,0,0,3088,174,0,5,0,989,118,0,10,0,531,1,0,2,0,261,0,0,6,0,0,329,24,9,0,0,9,1,1,0,0,0,0,0,0
5,12,3,18,2,8,2,1.014384,0.980409,1.014,15,0,334,87.347498,87.347498,18,0,1,-54,-81,-42,0,0,40,4,174,27,0,0,3088,72,0,9,0,989,149,0,18,0,531,1,0,0,0,261,0,0,0,0,0,196,0,9,0,0,0,0,0,0,0,0,0,0,0
5,13,0,21,2,8,0,1.021538,0.98539,1.01314,14,0,334,88.829524,88.829524,18,0,1,0,-51,-77,-54,0,40,6,165,27,0,0,3112,115,0,9,0,992,139,0,18,0,544,0,0,0,0,256,0,0,0,0,0,250,0,9,0,0,0,0,0,0,0,0,0,0,0
5,13,1,26,2,8,0,1.001945,0.989896,0.997892,24,1,459,54.03228,51.03228,18,0,1,-51,0,100,-81,1,40,6,78,24,0,0,3112,210,0,8,0,992,137,0,16,0,544,1,0,0,0,256,0,0,7,0,0,370,28,12,0,0,14,0,2,0,0,1,1,0,0
5,13,2,18,2,8,0,0.986604,0.994727,0.990585,18,0,334,48.399715,45.399715,18,0,1,-77,100,0,-42,1,40,6,55,15,0,0,3112,181,0,5,0,992,123,0,10,0,544,1,0,0,0,256,0,0,9,0,0,329,36,7,0,0,8,0,1,0,0,0,0,0,0
5,13,3,17,2,8,0,1.015039,0.980679,1.008736,15,0,334,87.347498,87.347498,18,0,1,-54,-81,-42,0,0,40,6,189,27,0,0,3112,45,0,9,0,992,158,0,18,0,544,1,0,0,0,256,0,0,0,0,0,204,0,9,0,0,0,0,0,0,0,0,0,0,0
5,14,0,16,1,17,2,1.013423,0.981048,1.015873,11,0,334,88.829524,88.829524,18,0,1,0,-50,-74,-57,0,40,8,165,15,0,0,3168,89,0,5,0,998,144,0,10,0,529,0,0,0,0,272,0,0,0,0,24,255,0,5,0,0,0,0,0,0,0,0,0,0,0
5,14,1,19,1,17,2,0.990392,0.982708,0.98759,17,1,459,57.03228,54.03228,18,0,1,-50,0,100,-89,1,40,8,84,24,0,0,3168,176,0,8,0,998,145,0,16,0,529,0,0,10,0,272,0,0,0,0,24,365,0,22,0,0,17,5,2,0,0,1,1,0,0
5,14,2,16,1,17,2,0.988743,0.990696,0.997173,16,0,334,51.399715,48.399715,18,0,1,-74,100,0,-44,1,40,8,55,12,0,0,3168,183,0,4,0,998,127,0,8,0,529,1,0,6,0,272,0,0,0,0,24,322,0,12,0,0,10,3,1,0,0,0,0,0,0
5,14,3,15,1,17,2,1.017812,0.983531,1.015293,14,0,334,87.347498,87.347498,18,0,1,-57,-89,-44,0,0,40,8,206,24,0,0,3168,20,0,8,0,998,166,0,16,0,529,1,0,0,0,272,0,0,0,0,24,204,0,8,0,0,0,0,0,0,0,0,0,0,0
5,15,0,15,0,4,0,1.013362,0.981837,1.012021,11,0,334,88.829524,88.829524,18,0,1,0,-50,-74,-57,0,40,3,170,15,0,0,3160,68,0,5,0,1024,149,0,10,0,544,0,0,0,0,254,0,0,0,0,14,267,0,5,0,0,0,0,0,0,0,0,0,0,0
5,15,1,18,0,4,0,0.991343,0.980411,0.99047,17,1,459,60.03228,57.03228,18,0,1,-50,0,100,-89,1,40,3,98,24,0,0,3160,189,0,8,0,1024,148,0,16,0,544,0,0,0,0,254,6,0,6,0,14,380,24,12,0,0,15,0,2,0,0,1,1,0,0
5,15,2,14,0,4,0,0.9935,0.999126,0.986606,14,0,334,54.399715,51.399715,18,0,1,-74,100,0,-44,1,40,3,59,12,0,0,3160,163,0,4,0,1024,128,0,8,0,544,1,0,0,0,254,0,0,6,0,14,330,24,6,0,0,9,0,1,0,0,0,0,0,0
5,15,3,15,0,4,0,1.017812,0.983531,1.015293,14,0,334,87.347498,87.347498,18,0,1,-57,-89,-44,0,0,40,3,216,15,0,0,3160,0,0,5,0,1024,177,0,10,0,544,1,0,0,0,254,0,0,0,0,14,216,0,5,0,0,0,0,0,0,0,0,0,0,0
5,16,0,15,3,7,0,1.013362,0.981837,1.012021,11,0,334,88.829524,88.829524,18,0,1,0,-50,-74,-57,0,40,3,176,15,0,0,3169,48,0,5,0,1016,154,0,10,0,535,0,0,0,0,266,0,0,0,0,5,279,0,5,0,0,0,0,0,0,0,0,0,0,0
5,16,1,14,3,7,0,0.999949,0.978547,0.987524,14,2,584,63.03228,60.03228,18,0,1,-50,0,100,-89,1,40,3,101,15,0,0,3169,166,0,5,0,1016,153,0,10,0,535,1,0,8,0,266,0,0,6,0,5,389,24,32,0,0,1,4,18,0,0,0,0,0,0
5,16,2,13,3,7,0,0.993879,0.984033,0.997768,11,0,334,57.399715,54.399715,18,0,1,-74,100,0,-44,1,40,3,67,12,0,0,3169,161,0,4,0,1016,132,0,8,0,535,1,0,0,0,266,1,0,5,0,5,330,20,6,0,0,8,0,1,0,0,0,0,0,0
5,16,3,16,3,7,0,1.017481,0.979062,1.0223,14,0,334,87.347498,87.347498,18,0,1,-57,-89,-44,0,0,40,3,208,0,0,0,3169,0,0,0,0,1016,201,0,0,0,535,1,0,0,0,266,0,0,0,0,5,233,0,0,0,0,0,0,0,0,0,0,0,0,0
5,17,0,15,1,3,0,1.013362,0.981837,1.012021,11,0,334,88.829524,88.829524,18,0,1,0,-50,-74,-57,0,40,10,177,15,0,0,3128,28,0,5,0,1025,159,0,10,0,532,0,0,0,0,272,0,0,0,0,19,291,0,5,0,0,0,0,0,0,0,0,0,0,0
5,17,1,14,1,3,0,1.001072,0.976991,0.988957,13,2,584,66.03228,63.03228,18,0,1,-50,0,100,-89,1,40,10,111,15,0,0,3128,179,0,5,0,1025,158,0,10,0,532,1,0,6,0,272,0,0,0,0,19,379,0,13,0,0,3,3,1,0,0,0,0,0,0
5,17,2,11,1,3,0,0.997789,0.973187,1.004056,9,0,334,60.399715,57.399715,18,0,1,-74,100,0,-44,1,40,10,73,9,0,0,3128,161,0,3,0,1025,135,0,6,0,532,1,0,6,0,272,0,0,1,0,19,323,4,13,0,0,9,3,2,0,0,1,1,0,0
5,17,3,16,1,3,0,1.017481,0.979062,1.0223,14,0,334,87.347498,87.347498,18,0,1,-57,-89,-44,0,0,40,10,226,24,0,0,3128,0,0,8,0,1025,209,0,16,0,532,1,0,0,0,272,0,0,0,0,19,242,0,8,0,0,0,0,0,0,0,0,0,0,0
5,18,0,15,0,7,0,1.013362,0.981837,1.012021,11,0,334,88.829524,88.829524,18,0,1,0,-50,-74,-57,0,40,9,182,15,0,0,3128,8,0,5,0,1028,164,0,10,0,543,0,0,0,0,263,0,0,0,0,68,286,0,5,0,0,0,0,0,0,0,0,0,0,0
5,18,1,10,0,7,0,1.016079,0.963191,0.982839,9,2,584,69.03228,66.03228,18,0,1,-50,0,100,-89,1,40,9,119,15,0,0,3128,192,0,5,0,1028,163,0,10,0,543,1,0,0,0,263,0,0,0,0,68,370,0,9,0,0,1,0,2,0,0,1,1,0,0
5,18,2,9,0,7,0,0.987113,0.969965,1.013888,8,0,334,63.399715,60.399715,18,0,1,-74,100,0,-44,1,40,9,75,9,0,0,3128,155,0,3,0,1028,135,0,6,0,543,0,0,2,0,263,0,0,3,0,68,326,12,9,0,0,8,1,2,0,0,1,1,0,0
5,18,3,15,0,7,0,1.019438,0.979673,1.020338,13,0,334,87.347498,87.347498,18,0,1,-57,-89,-44,0,0,40,9,238,21,0,0,3128,1,0,7,0,1028,216,0,14,0,543,1,0,0,0,263,0,0,0,0,68,235,0,7,0,0,0,0,0,0,0,0,0,0,0
5,19,0,15,0,4,0,1.013362,0.981837,1.012021,11,0,334,88.829524,88.829524,18,0,1,0,-50,-74,-57,0,40,17,171,0,0,0,3163,0,0,0,0,1037,179,0,0,0,538,0,0,0,0,272,0,0,0,0,8,303,0,0,0,0,0,0,0,0,0,0,0,0,0
5,19,1,8,0,4,0,1.023016,0.954369,0.979493,8,2,584,72.03228,69.03228,18,0,1,-50,0,100,-89,1,40,17,128,12,0,0,3163,178,0,4,0,1037,167,0,8,0,538,1,0,0,0,272,0,0,0,0,8,381,0,6,0,0,0,0,1,0,0,0,0,0,0
5,19,2,7,0,4,0,0.985159,0.963096,1.010372,7,0,334,66.399715,63.399715,18,0,1,-74,100,0,-44,1,40,17,73,3,0,0,3163,153,0,1,0,1037,136,0,2,0,538,0,0,6,0,272,0,0,0,0,8,325,0,9,0,0,10,3,1,0,0,0,0,0,0
5,19,3,15,0,4,0,1.019438,0.979673,1.020338,13,0,334,87.347498,87.347498,18,0,1,-57,-89,-44,0,0,40,17,252,21,0,0,3163,1,0,7,0,1037,223,0,14,0,538,1,0,0,0,272,0,0,0,0,8,245,0,7,0,0,0,0,0,0,0,0,0,0,0
5,20,0,15,1,3,0,1.013362,0.981837,1.012021,11,0,334,88.829524,88.829524,18,0,1,0,-50,-74,-57,0,40,9,165,0,0,0,3163,0,0,0,0,1040,194,0,0,0,542,0,0,0,0,272,0,0,0,0,8,320,0,0,0,0,0,0,0,0,0,0,0,0,0
5,20,1,7,1,3,0,1.025397,0.945359,0.972385,7,2,584,72.03228,72.03228,18,0,1,-50,0,100,-89,1,40,9,135,9,0,0,3163,167,0,3,0,1040,170,0,6,0,542,1,0,0,0,272,0,0,0,0,8,395,0,3,0,0,0,0,0,0,0,0,0,0,0
5,20,2,5,1,3,0,0.989959,0.965633,1.016479,5,0,334,69.399715,66.399715,18,0,1,-74,100,0,-44,1,40,9,74,3,0,0,3163,145,0,1,0,1040,137,0,2,0,542,0,0,2,0,272,0,0,0,0,8,329,0,5,0,0,10,1,1,0,0,0,0,0,0
5,20,3,16,1,3,0,1.024198,0.979143,1.019665,13,0,334,87.347498,87.347498,18,0,1,-57,-89,-44,0,0,40,9,269,21,0,0,3163,1,0,7,0,1040,230,0,14,0,542,1,0,0,0,272,0,0,0,0,8,255,0,7,0,0,0,0,0,0,0,0,0,0,0
5,21,0,15,0,4,0,1.013362,0.981837,1.012021,11,0,334,79.853767,79.853767,19,1,1,0,-56,-80,-51,0,40,15,156,0,0,0,3146,0,0,0,0,1043,209,0,0,0,544,0,0,0,0,269,0,0,0,0,29,334,0,0,0,0,0,0,0,0,0,0,0,0,0
5,21,1,5,0,4,0,1.030088,0.954973,0.973046,5,2,584,72.03228,72.03228,19,1,1,-56,0,98,-91,1,40,15,143,9,0,0,3146,173,0,3,0,1043,173,0,6,0,544,1,0,0,0,269,0,0,0,0,29,392,0,3,0,0,0,0,0,0,0,0,0,0,0
5,21,2,3,0,4,0,0.969053,0.933704,1.038601,3,0,334,72.399715,69.399715,19,1,1,-80,98,0,-46,1,40,15,73,0,0,0,3146,140,0,0,0,1043,137,0,0,0,544,0,0,0,0,269,1,0,2,0,29,334,8,2,0,0,9,0,1,0,0,0,0,0,0
5,21,3,16,0,4,0,1.024198,0.979143,1.019665,13,0,334,87.347498,87.347498,19,1,1,-51,-91,-46,0,0,40,15,283,21,0,0,3146,1,0,7,0,1043,237,0,14,0,544,1,0,0,0,269,0,0,0,0,29,265,0,7,0,0,0,0,0,0,0,0,0,0,0
5,22,0,13,0,6,0,1.022525,0.992915,1.020148,11,0,334,79.853767,79.853767,19,1,1,0,-56,-80,-51,0,40,17,147,0,0,0,3162,0,0,0,0,1046,224,0,0,0,544,0,0,0,0,272,0,0,0,0,23,334,0,0,0,0,0,0,0,0,0,0,0,0,0
5,22,1,3,0,6,0,1.02002,0.966975,1.01143,3,2,584,72.03228,72.03228,19,1,1,-56,0,100,-91,1,40,17,149,6,0,0,3162,166,0,2,0,1046,175,0,4,0,544,1,0,0,0,272,0,0,0,0,23,398,0,2,0,0,0,0,0,0,0,0,0,0,0
5,22,2,1,0,6,0,1.016009,0.901507,1.106923,1,0,334,75.399715,72.399715,19,1,1,-80,100,0,-46,1,40,17,71,0,0,0,3162,137,0,0,0,1046,137,0,0,0,544,0,0,0,0,272,0,0,1,0,23,334,4,2,0,0,8,0,1,0,0,0,0,0,0
5,22,3,16,0,6,0,1.024198,0.979143,1.019665,13,0,334,87.347498,87.347498,19,1,1,-51,-91,-46,0,0,40,17,294,21,0,0,3162,1,0,7,0,1046,244,0,14,0,544,1,0,0,0,272,0,0,0,0,23,275,0,7,0,0,0,0,0,0,0,0,0,0,0
5,23,0,13,2,1,0,1.022525,0.992915,1.020148,11,0,334,79.853767,79.853767,19,1,1,0,-56,-80,-51,0,40,19,144,0,0,0,3164,0,0,0,0,1049,239,0,0,0,541,0,0,0,0,272,0,0,0,0,68,334,0,0,0,0,0,0,0,0,0,0,0,0,0
5,23,1,2,2,1,0,1.003612,0.966219,1.023289,2,2,584,72.03228,72.03228,19,1,1,-56,0,100,-91,1,40,19,151,3,0,0,3164,162,0,1,0,1049,176,0,2,0,541,1,0,0,0,272,0,0,0,0,68,397,0,1,0,0,0,0,0,0,0,0,0,0,0
5,23,2,1,2,1,0,1.016009,0.901507,1.106923,1,0,334,78.399715,75.399715,19,1,1,-80,100,0,-46,1,40,19,70,0,0,0,3164,136,0,0,0,1049,137,0,0,0,541,0,0,0,0,272,0,0,0,0,68,332,0,2,0,0,7,0,1,0,0,0,0,0,0
5,23,3,18,2,1,0,1.025703,0.971621,1.025568,13,0,334,87.347498,87.347498,19,1,1,-51,-91,-46,0,0,40,19,308,21,0,0,3164,1,0,7,0,1049,251,0,14,0,541,0,0,4,0,272,0,0,0,0,68,260,0,15,0,0,0,2,2,0,0,2,2,0,0
5,24,0,12,0,4,0,1.023289,0.996797,1.008245,10,0,334,79.853767,79.853767,19,1,1,0,-56,-80,-51,0,40,22,136,0,0,0,3162,0,0,0,0,1049,251,0,0,0,541,0,0,0,0,269,0,0,0,0,34,334,0,0,0,0,0,0,0,0,0,0,0,0,0
5,24,1,0,0,4,0,0,0,0,0,2,584,72.03228,72.03228,19,1,1,-56,0,100,-91,0,40,22,149,0,0,0,3162,160,0,0,0,1049,176,0,0,0,541,1,0,0,0,269,0,0,0,0,34,397,0,0,0,0,0,0,0,0,0,0,0,0,0
5,24,2,0,0,4,0,0,0,0,0,0,334,78.399715,78.399715,19,1,1,-80,100,0,-46,0,40,22,69,0,0,0,3162,135,0,0,0,1049,137,0,0,0,541,0,0,0,0,269,0,0,0,0,34,332,0,0,0,0,7,0,0,0,0,0,0,0,0
5,24,3,18,0,4,0,1.025703,0.971621,1.025568,15,0,334,87.347498,87.347498,19,1,1,-51,-91,-46,0,0,40,22,326,24,0,0,3162,0,0,8,0,1049,259,0,16,0,541,1,0,2,0,269,0,0,3,0,34,277,12,12,0,0,0,1,1,0,0,1,1,0,0
5,25,0,12,0,0,0,1.023289,0.996797,1.008245,10,0,334,79.853767,79.853767,19,1,0,0,-56,-80,-51,0,40,29,126,0,0,0,3162,0,0,0,0,1052,263,0,0,0,538,0,0,0,0,272,0,0,0,0,34,334,0,0,0,0,0,0,0,0,0,0,0,0,0
5,25,1,0,0,0,0,0,0,0,0,2,584,72.03228,72.03228,19,1,0,-56,0,100,-91,0,40,29,149,0,0,0,3162,160,0,0,0,1052,176,0,0,0,538,1,0,0,0,272,0,0,0,0,34,397,0,0,0,0,0,0,0,0,0,0,0,0,0
5,25,2,0,0,0,0,0,0,0,0,0,334,78.399715,78.399715,19,1,0,-80,100,0,-46,0,40,29,69,0,0,0,3162,135,0,0,0,1052,137,0,0,0,538,0,0,0,0,272,0,0,0,0,34,332,0,0,0,0,7,0,0,0,0,0,0,0,0
5,25,3,18,0,0,0,1.025703,0.971621,1.025568,16,0,334,87.347498,87.347498,19,1,0,-51,-91,-46,0,0,40,29,334,24,0,0,3162,0,0,8,0,1052,267,0,16,0,538,1,0,6,0,272,0,0,0,0,34,278,0,16,0,0,2,3,1,0,0,1,1,0,0
5,26,0,12,0,0,0,1.023289,0.996797,1.008245,10,0,334,79.853767,79.853767,19,1,0,0,-56,-80,-51,0,40,25,121,0,0,0,3162,0,0,0,0,1052,275,0,0,0,541,0,0,0,0,269,0,0,0,0,34,334,0,0,0,0,0,0,0,0,0,0,0,0,0
5,26,1,0,0,0,0,0,0,0,0,2,584,72.03228,72.03228,19,1,0,-56,0,100,-91,0,40,25,149,0,0,0,3162,160,0,0,0,1052,176,0,0,0,541,1,0,0,0,269,0,0,0,0,34,397,0,0,0,0,0,0,0,0,0,0,0,0,0
5,26,2,0,0,0,0,0,0,0,0,0,334,78.399715,78.399715,19,1,0,-80,100,0,-46,0,40,25,69,0,0,0,3162,135,0,0,0,1052,137,0,0,0,541,0,0,0,0,269,0,0,0,0,34,332,0,0,0,0,7,0,0,0,0,0,0,0,0
5,26,3,18,0,0,0,1.025703,0.971621,1.025568,17,0,334,90.347498,87.347498,19,1,0,-51,-91,-46,0,0,40,25,334,24,0,0,3162,0,0,8,0,1052,275,0,16,0,541,0,0,4,0,269,0,0,3,0,34,291,12,16,0,0,2,2,2,0,0,1,1,0,0
5,27,0,11,0,1,0,1.017765,1.00405,1.00288,9,0,334,79.853767,79.853767,19,1,0,0,-56,-80,-51,0,40,24,114,0,0,0,3162,0,0,0,0,1052,287,0,0,0,538,0,0,0,0,272,0,0,0,0,34,334,0,0,0,0,0,0,0,0,0,0,0,0,0
5,27,1,0,0,1,0,0,0,0,0,2,584,72.03228,72.03228,19,1,0,-56,0,100,-91,0,40,24,149,0,0,0,3162,160,0,0,0,1052,176,0,0,0,538,1,0,0,0,272,0,0,0,0,34,397,0,0,0,0,0,0,0,0,0,0,0,0,0
5,27,2,0,0,1,0,0,0,0,0,0,334,78.399715,78.399715,19,1,0,-80,100,0,-46,0,40,24,69,0,0,0,3162,135,0,0,0,1052,137,0,0,0,538,0,0,0,0,272,0,0,0,0,34,332,0,0,0,0,7,0,0,0,0,0,0,0,0
5,27,3,18,0,1,0,1.025703,0.971621,1.025568,18,0,334,93.347498,90.347498,19,1,0,-51,-91,-46,0,0,40,24,334,24,0,0,3162,0,0,8,0,1052,283,0,16,0,538,0,0,6,0,272,0,0,0,0,34,292,0,16,0,0,4,3,1,0,0,0,0,0,0
5,28,0,11,0,1,0,1.017765,1.00405,1.00288,9,0,334,79.853767,79.853767,19,1,0,0,-56,-80,-51,0,40,23,110,0,0,0,3163,0,0,0,0,1052,299,0,0,0,544,0,0,0,0,266,0,0,0,0,34,334,0,0,0,0,0,0,0,0,0,0,0,0,0
5,28,1,0,0,1,0,0,0,0,0,2,584,72.03228,72.03228,19,1,0,-56,0,100,-91,0,40,23,149,0,0,0,3163,160,0,0,0,1052,176,0,0,0,544,1,0,0,0,266,0,0,0,0,34,397,0,0,0,0,0,0,0,0,0,0,0,0,0
5,28,2,0,0,1,0,0,0,0,0,0,334,78.399715,78.399715,19,1,0,-80,100,0,-46,0,40,23,69,0,0,0,3163,135,0,0,0,1052,137,0,0,0,544,0,0,0,0,266,0,0,0,0,34,332,0,0,0,0,7,0,0,0,0,0,0,0,0
5,28,3,17,0,1,0,1.023489,0.977483,1.026061,17,0,334,96.347498,93.347498,19,1,0,-51,-91,-46,0,0,40,23,334,24,0,0,3163,0,0,8,0,1052,291,0,16,0,544,0,0,0,0,266,0,0,3,0,34,311,12,10,0,0,3,0,1,0,0,0,0,0,0
5,29,0,10,0,1,0,1.023477,1.009799,1.012443,8,0,334,79.853767,79.853767,19,1,0,0,-56,-80,-51,0,40,22,105,0,0,0,3164,0,0,0,0,1064,307,0,0,0,541,0,0,0,0,272,0,0,0,0,34,334,0,0,0,0,0,0,0,0,0,0,0,0,0
5,29,1,0,0,1,0,0,0,0,0,2,584,72.03228,72.03228,19,1,0,-56,0,100,-91,0,40,22,149,0,0,0,3164,160,0,0,0,1064,176,0,0,0,541,1,0,0,0,272,0,0,0,0,34,397,0,0,0,0,0,0,0,0,0,0,0,0,0
5,29,2,0,0,1,0,0,0,0,0,0,334,78.399715,78.399715,19,1,0,-80,100,0,-46,0,40,22,69,0,0,0,3164,135,0,0,0,1064,137,0,0,0,541,0,0,0,0,272,0,0,0,0,34,332,0,0,0,0,7,0,0,0,0,0,0,0,0
5,29,3,17,0,1,0,1.023489,0.977483,1.026061,17,0,334,99.347498,96.347498,19,1,0,-51,-91,-46,0,0,40,22,334,24,0,0,3164,0,0,8,0,1064,291,0,16,0,541,1,0,2,0,272,0,0,0,0,34,316,0,12,0,0,3,1,1,0,0,0,0,0,0
5,30,0,11,2,0,0,1.022605,1.015766,1.014095,8,0,334,79.853767,79.853767,19,1,0,0,-56,-80,-51,0,40,21,102,0,0,0,3165,0,0,0,0,1052,319,0,0,0,541,0,0,0,0,272,0,0,0,0,34,334,0,0,0,0,0,0,0,0,0,0,0,0,0
5,30,1,0,2,0,0,0,0,0,0,2,584,72.03228,72.03228,19,1,0,-56,0,100,-91,0,40,21,149,0,0,0,3165,160,0,0,0,1052,176,0,0,0,541,1,0,0,0,272,0,0,0,0,34,397,0,0,0,0,0,0,0,0,0,0,0,0,0
5,30,2,0,2,0,0,0,0,0,0,0,334,78.399715,78.399715,19,1,0,-80,100,0,-46,0,40,21,69,0,0,0,3165,135,0,0,0,1052,137,0,0,0,541,0,0,0,0,272,0,0,0,0,34,332,0,0,0,0,7,0,0,0,0,0,0,0,0
5,30,3,18,2,0,0,1.02393,0.973166,1.02414,17,0,334,100,99.347498,19,1,0,-51,-91,-46,0,0,40,21,334,24,0,0,3165,0,0,8,0,1052,299,0,16,0,541,0,0,4,0,272,0,0,0,0,34,319,0,14,0,0,4,2,1,0,0,0,0,0,0
5,31,0,11,0,0,0,1.022605,1.015766,1.014095,8,0,334,79.853767,79.853767,19,1,0,0,-56,-80,-51,0,40,21,96,0,0,0,3163,0,0,0,0,1052,331,0,0,0,541,1,0,0,0,271,0,0,0,0,34,334,0,0,0,0,0,0,0,0,0,0,0,0,0
5,31,1,0,0,0,0,0,0,0,0,2,584,72.03228,72.03228,19,1,0,-56,0,100,-91,0,40,21,149,0,0,0,3163,160,0,0,0,1052,176,0,0,0,541,1,0,0,0,271,0,0,0,0,34,397,0,0,0,0,0,0,0,0,0,0,0,0,0
5,31,2,0,0,0,0,0,0,0,0,0,334,78.399715,78.399715,19,1,0,-80,100,0,-46,0,40,21,69,0,0,0,3163,135,0,0,0,1052,137,0,0,0,541,0,0,0,0,271,0,0,0,0,34,332,0,0,0,0,7,0,0,0,0,0,0,0,0
5,31,3,18,0,0,0,1.02393,0.973166,1.02414,17,0,334,100,100,19,1,0,-51,-91,-46,0,0,40,21,334,24,0,0,3163,0,0,8,0,1052,307,0,16,0,541,0,0,2,0,271,0,0,1,0,34,322,4,12,0,0,4,1,1,0,0,1,1,0,0
5,32,0,11,0,1,0,1.022605,1.015766,1.014095,8,0,334,79.853767,79.853767,19,1,0,0,-56,-80,-51,0,40,22,95,0,0,0,3163,0,0,0,0,1052,334,0,0,0,544,1,0,0,0,267,0,0,2,0,34,334,8,0,0,0,0,0,0,0,0,0,0,0,0
5,32,1,0,0,1,0,0,0,0,0,2,584,72.03228,72.03228,19,1,0,-56,0,100,-91,0,40,22,149,0,0,0,3163,160,0,0,0,1052,176,0,0,0,544,1,0,0,0,267,0,0,0,0,34,397,0,0,0,0,0,0,0,0,0,0,0,0,0
5,32,2,0,0,1,0,0,0,0,0,0,334,78.399715,78.399715,19,1,0,-80,100,0,-46,0,40,22,69,0,0,0,3163,135,0,0,0,1052,137,0,0,0,544,0,0,0,0,267,0,0,0,0,34,332,0,0,0,0,7,0,0,0,0,0,0,0,0
5,32,3,17,0,1,0,1.030194,0.97537,1.027123,17,0,334,100,100,19,1,0,-51,-91,-46,0,0,40,22,334,24,0,0,3163,0,0,8,0,1052,315,0,16,0,544,0,0,0,0,267,0,0,3,0,34,326,12,8,0,0,4,0,0,0,0,0,0,0,0
5,33,0,11,1,0,0,1.022605,1.015766,1.014095,8,0,334,79.853767,79.853767,19,1,0,0,-56,-80,-51,0,40,27,89,0,0,0,3164,0,0,0,0,1066,334,0,0,0,535,0,0,4,0,272,0,0,0,0,34,326,0,8,0,0,0,2,2,0,0,2,2,0,0
5,33,1,0,1,0,0,0,0,0,0,2,584,72.03228,72.03228,19,1,0,-56,0,100,-91,0,40,27,149,0,0,0,3164,160,0,0,0,1066,176,0,0,0,535,1,0,0,0,272,0,0,0,0,34,397,0,0,0,0,0,0,0,0,0,0,0,0,0
5,33,2,0,1,0,0,0,0,0,0,0,334,78.399715,78.399715,19,1,0,-80,100,0,-46,0,40,27,69,0,0,0,3164,135,0,0,0,1066,137,0,0,0,535,0,0,0,0,272,0,0,0,0,34,332,0,0,0,0,7,0,0,0,0,0,0,0,0
5,33,3,18,1,0,0,1.033562,0.97168,1.024577,17,0,334,100,100,19,1,0,-51,-91,-46,0,0,40,27,334,24,0,0,3164,0,0,8,0,1066,311,0,16,0,535,0,0,6,0,272,0,0,0,0,34,320,0,14,0,0,7,3,0,0,0,0,0,0,0
5,34,0,11,0,0,0,1.022605,1.015766,1.014095,10,0,334,79.853767,79.853767,19,1,0,0,-56,-80,-51,0,40,26,86,0,0,0,3163,0,0,0,0,1052,334,0,0,0,535,1,0,2,0,272,0,0,0,0,34,330,0,4,0,0,0,1,1,0,0,1,1,0,0
5,34,1,0,0,0,0,0,0,0,0,2,584,72.03228,72.03228,19,1,0,-56,0,100,-91,0,40,26,149,0,0,0,3163,160,0,0,0,1052,176,0,0,0,535,1,0,0,0,272,0,0,0,0,34,397,0,0,0,0,0,0,0,0,0,0,0,0,0
5,34,2,0,0,0,0,0,0,0,0,0,334,78.399715,78.399715,19,1,0,-80,100,0,-46,0,40,26,69,0,0,0,3163,135,0,0,0,1052,137,0,0,0,535,0,0,0,0,272,0,0,0,0,34,332,0,0,0,0,7,0,0,0,0,0,0,0,0
5,34,3,18,0,0,0,1.033562,0.97168,1.024577,17,0,334,100,100,19,1,0,-51,-91,-46,0,0,40,26,334,24,0,0,3163,0,0,8,0,1052,318,0,16,0,535,0,0,6,0,272,0,0,0,0,34,318,0,16,0,0,9,3,1,0,0,1,1,0,0
5,35,0,11,0,2,0,1.022605,1.015766,1.014095,11,0,334,79.853767,79.853767,19,1,0,0,-56,-80,-51,0,40,26,82,0,0,0,3163,0,0,0,0,1052,334,0,0,0,538,0,0,4,0,269,0,0,0,0,34,330,0,4,0,0,2,2,0,0,0,0,0,0,0
5,35,1,0,0,2,0,0,0,0,0,2,584,72.03228,72.03228,19,1,0,-56,0,100,-91,0,40,26,149,0,0,0,3163,160,0,0,0,1052,176,0,0,0,538,1,0,0,0,269,0,0,0,0,34,397,0,0,0,0,0,0,0,0,0,0,0,0,0
5,35,2,0,0,2,0,0,0,0,0,0,334,78.399715,78.399715,19,1,0,-80,100,0,-46,0,40,26,69,0,0,0,3163,135,0,0,0,1052,137,0,0,0,538,0,0,0,0,269,0,0,0,0,34,332,0,0,0,0,7,0,0,0,0,0,0,0,0
5,35,3,16,0,2,0,1.035969,0.96607,1.033165,16,0,334,100,100,19,1,0,-51,-91,-46,0,0,40,26,334,18,0,0,3163,2,0,6,0,1052,322,0,12,0,538,1,0,2,0,269,0,0,3,0,34,328,12,8,0,0,10,1,0,0,0,0,0,0,0
5,36,0,12,2,0,0,1.026192,1.012638,1.018797,11,0,334,82.853767,79.853767,19,1,0,0,-56,-80,-51,0,40,26,77,0,0,0,3167,0,0,0,0,1058,334,0,0,0,537,1,0,0,0,272,0,0,0,0,34,332,0,2,0,0,1,0,1,0,0,0,0,0,0
5,36,1,0,2,0,0,0,0,0,0,2,584,72.03228,72.03228,19,1,0,-56,0,100,-91,0,40,26,149,0,0,0,3167,160,0,0,0,1058,176,0,0,0,537,1,0,0,0,272,0,0,0,0,34,397,0,0,0,0,0,0,0,0,0,0,0,0,0
5,36,2,0,2,0,0,0,0,0,0,0,334,78.399715,78.399715,19,1,0,-80,100,0,-46,0,40,26,69,0,0,0,3167,135,0,0,0,1058,137,0,0,0,537,0,0,0,0,272,0,0,0,0,34,332,0,0,0,0,7,0,0,0,0,0,0,0,0
5,36,3,17,2,0,0,1.036721,0.962304,1.039723,16,0,334,100,100,19,1,0,-51,-91,-46,0,0,40,26,334,18,0,0,3167,2,0,6,0,1058,322,0,12,0,537,1,0,6,0,272,0,0,0,0,34,322,0,12,0,0,13,3,0,0,0,0,0,0,0
5,37,0,12,0,0,0,1.026192,1.012638,1.018797,11,0,334,85.853767,82.853767,19,1,0,0,-56,-80,-51,0,40,23,84,12,0,0,3157,4,0,4,0,1058,326,0,8,0,535,0,0,4,0,272,0,0,0,0,34,322,0,12,0,0,1,2,2,0,0,1,1,0,0
5,37,1,0,0,0,0,0,0,0,0,2,584,72.03228,72.03228,19,1,0,-56,0,100,-91,0,40,23,149,0,0,0,3157,160,0,0,0,1058,176,0,0,0,535,1,0,0,0,272,0,0,0,0,34,397,0,0,0,0,0,0,0,0,0,0,0,0,0
5,37,2,0,0,0,0,0,0,0,0,0,334,78.399715,78.399715,19,1,0,-80,100,0,-46,0,40,23,69,0,0,0,3157,135,0,0,0,1058,137,0,0,0,535,0,0,0,0,272,0,0,0,0,34,332,0,0,0,0,7,0,0,0,0,0,0,0,0
5,37,3,17,0,0,0,1.036721,0.962304,1.039723,16,0,334,100,100,19,1,0,-51,-91,-46,0,0,40,23,334,18,0,0,3157,2,0,6,0,1058,322,0,12,0,535,1,0,6,0,272,0,0,0,0,34,320,0,14,0,0,15,3,1,0,0,1,1,0,0
5,38,0,12,0,1,0,1.026192,1.012638,1.018797,12,0,334,88.853767,85.853767,19,1,0,0,-56,-80,-51,0,40,25,92,12,0,0,3161,4,0,4,0,1064,326,0,8,0,535,1,0,2,0,272,0,0,0,0,34,326,0,8,0,0,1,1,1,0,0,0,0,0,0
5,38,1,0,0,1,0,0,0,0,0,2,584,72.03228,72.03228,19,1,0,-56,0,100,-91,0,40,25,149,0,0,0,3161,160,0,0,0,1064,176,0,0,0,535,1,0,0,0,272,0,0,0,0,34,397,0,0,0,0,0,0,0,0,0,0,0,0,0
5,38,2,0,0,1,0,0,0,0,0,0,334,78.399715,78.399715,19,1,0,-80,100,0,-46,0,40,25,69,0,0,0,3161,135,0,0,0,1064,137,0,0,0,535,0,0,0,0,272,0,0,0,0,34,332,0,0,0,0,7,0,0,0,0,0,0,0,0
5,38,3,16,0,1,0,1.038234,0.965448,1.034242,16,1,459,100,100,19,1,0,-51,-91,-46,0,0,40,25,320,0,0,0,3161,0,0,0,0,1064,334,0,0,0,535,1,0,6,0,272,0,0,0,0,34,311,0,23,0,0,1,3,17,0,0,0,0,0,0
5,39,0,12,0,2,0,1.026192,1.012638,1.018797,12,0,334,91.853767,88.853767,19,1,0,0,-56,-80,-51,0,40,25,99,12,0,0,3168,4,0,4,0,1058,326,0,8,0,541,0,0,2,0,269,0,0,0,0,34,326,0,8,0,0,1,1,1,0,0,0,0,0,0
5,39,1,0,0,2,0,0,0,0,0,2,584,72.03228,72.03228,19,1,0,-56,0,100,-91,0,40,25,149,0,0,0,3168,160,0,0,0,1058,176,0,0,0,541,1,0,0,0,269,0,0,0,0,34,397,0,0,0,0,0,0,0,0,0,0,0,0,0
5,39,2,0,0,2,0,0,0,0,0,0,334,78.399715,78.399715,19,1,0,-80,100,0,-46,0,40,25,69,0,0,0,3168,135,0,0,0,1058,137,0,0,0,541,0,0,0,0,269,0,0,0,0,34,332,0,0,0,0,7,0,0,0,0,0,0,0,0
5,39,3,14,0,2,0,1.044262,0.971487,1.046368,14,1,459,100,100,19,1,0,-51,-91,-46,0,0,40,25,308,0,0,0,3168,0,0,0,0,1058,352,0,0,0,541,1,0,2,0,269,0,0,0,0,34,324,0,2,0,0,2,1,0,0,0,0,0,0,0
5,40,0,12,0,1,0,1.026192,1.012638,1.018797,12,0,334,94.853767,91.853767,19,1,0,0,-56,-80,-51,0,40,28,103,12,0,0,3170,4,0,4,0,1058,326,0,8,0,544,0,0,0,0,266,0,0,3,0,68,330,12,6,0,0,0,0,1,0,0,0,0,0,0
5,40,1,0,0,1,0,0,0,0,0,2,584,72.03228,72.03228,19,1,0,-56,0,100,-91,0,40,28,149,0,0,0,3170,160,0,0,0,1058,176,0,0,0,544,1,0,0,0,266,0,0,0,0,68,397,0,0,0,0,0,0,0,0,0,0,0,0,0
5,40,2,0,0,1,0,0,0,0,0,0,334,78.399715,78.399715,19,1,0,-80,100,0,-46,0,40,28,69,0,0,0,3170,135,0,0,0,1058,137,0,0,0,544,0,0,0,0,266,0,0,0,0,68,332,0,0,0,0,7,0,0,0,0,0,0,0,0
5,40,3,13,0,1,0,1.046732,0.973069,1.040057,13,1,459,100,100,19,1,0,-51,-91,-46,0,0,40,28,300,0,0,0,3170,0,0,0,0,1058,367,0,0,0,544,1,0,0,0,266,0,0,3,0,68,336,12,0,0,0,2,0,0,0,0,0,0,0,0
7,1,0,47,0,22,0,1.001253,0.990062,0.999222,0,0,334,100,100,0,0,0,0,2,2,2,0,40,1,45,39,0,0,2816,200,0,13,0,932,63,0,26,0,443,10,0,48,0,248,1,0,24,0,0,99,96,79,0,0,15,24,9,0,0,9,9,0,0
7,1,1,45,0,22,0,0.999652,0.982022,1.003075,0,0,334,100,100,0,0,0,2,0,2,2,0,40,1,49,39,0,0,2816,200,0,13,0,932,63,0,26,0,443,11,0,44,0,248,3,0,22,0,0,92,88,75,0,0,13,22,9,0,0,9,9,0,0
7,1,2,43,0,22,0,0.998978,0.987427,1.000238,0,0,334,100,100,0,0,0,2,2,0,2,0,40,1,42,33,0,0,2816,202,0,11,0,932,61,0,22,0,443,9,0,46,0,248,2,0,23,0,0,103,92,75,0,0,14,23,9,0,0,9,9,0,0
7,1,3,43,0,22,0,0.996037,0.986724,1.004454,0,0,334,100,100,0,0,0,2,2,2,0,0,40,1,46,39,0,0,2816,192,0,13,0,932,63,0,26,0,443,11,0,42,0,248,6,0,21,0,0,92,84,73,0,0,12,21,9,0,0,9,9,0,0
7,2,0,47,0,3,0,1.001253,0.990062,0.999222,9,0,334,100,100,0,0,0,0,4,4,4,0,40,3,46,39,0,0,2824,236,0,13,0,958,71,0,26,0,440,0,0,36,0,272,0,0,1,0,0,53,4,67,0,0,24,18,9,0,0,9,9,0,0
7,2,1,44,0,3,0,0.999921,0.981575,1.004133,9,0,334,100,100,0,0,0,4,0,4,4,0,40,3,52,39,0,0,2824,230,0,13,0,958,71,0,26,0,440,0,0,38,0,272,0,0,3,0,0,52,12,69,0,0,23,19,9,0,0,9,9,0,0
7,2,2,42,0,3,0,0.996753,0.985966,0.997827,9,0,334,100,100,0,0,0,4,4,0,2,0,40,3,39,30,0,0,2824,245,0,10,0,958,65,0,20,0,440,1,0,32,0,272,0,0,2,0,0,68,8,60,0,0,21,16,9,0,0,9,9,0,0
7,2,3,42,0,3,0,0.993741,0.985246,1.002143,9,0,334,100,100,0,0,0,4,4,2,0,0,40,3,48,36,0,0,2824,225,0,12,0,958,71,0,24,0,440,0,0,38,0,272,0,0,6,0,0,65,24,68,0,0,22,19,9,0,0,9,9,0,0
7,3,0,44,0,23,2,0.999139,0.985927,0.998323,18,0,334,100,100,0,0,0,0,-8,10,2,0,40,0,48,39,0,0,3200,176,0,13,0,947,84,0,26,0,517,1,0,2,0,251,0,0,6,0,0,60,24,33,0,0,16,1,9,0,0,9,9,0,0
7,3,1,35,0,23,2,1.005642,0.985054,0.999097,15,0,334,100,100,0,0,0,-8,0,-8,-6,0,40,0,55,39,0,0,3200,173,0,13,0,947,84,0,26,0,517,0,0,0,0,251,0,0,6,0,0,61,24,31,0,0,14,0,9,0,0,9,9,0,0
7,3,2,35,0,23,2,0.999838,0.989345,0.994513,15,0,334,100,100,0,0,0,10,-8,0,-2,0,40,0,35,27,0,0,3200,194,0,9,0,947,74,0,18,0,517,1,0,2,0,251,0,0,3,0,0,69,12,29,0,0,13,1,9,0,0,9,9,0,0
7,3,3,38,0,23,2,0.988885,0.985729,0.999695,17,0,334,100,100,0,0,0,2,-6,-2,0,0,40,0,54,33,0,0,3200,172,0,11,0,947,82,0,22,0,517,1,0,4,0,251,0,0,5,0,0,70,20,33,0,0,15,2,9,0,0,9,9,0,0
7,4,0,42,0,5,0,0.998407,0.983834,1.000536,26,0,334,100,100,0,0,0,0,-16,16,4,0,40,0,48,33,0,0,2872,209,0,11,0,953,92,0,22,0,475,1,0,24,0,272,0,0,0,0,5,26,0,51,0,0,20,12,8,0,0,8,8,0,0
7,4,1,34,0,5,0,1.00679,0.986386,0.998931,23,0,334,100,100,0,0,0,-16,0,-14,-4,0,40,0,70,39,0,0,2872,181,0,13,0,953,97,0,26,0,475,0,0,12,0,272,0,0,0,0,5,39,0,37,0,0,14,6,6,0,0,6,6,0,0
7,4,2,34,0,5,0,1.002179,0.989767,0.996276,23,0,334,100,100,0,0,0,16,-14,0,-2,0,40,0,35,27,0,0,2872,246,0,9,0,953,83,0,18,0,475,1,0,12,0,272,0,0,0,0,5,48,0,33,0,0,13,6,6,0,0,6,6,0,0
7,4,3,37,0,5,0,0.988054,0.985415,0.999228,26,0,334,100,100,0,0,0,4,-4,-2,0,0,40,0,55,30,0,0,2872,204,0,10,0,953,92,0,20,0,475,0,0,22,0,272,0,0,0,0,5,42,0,44,0,0,20,11,6,0,0,6,6,0,0
7,5,0,42,1,0,0,0.998407,0.983834,1.000536,34,0,334,100,100,0,0,0,0,-24,22,10,1,40,0,49,33,0,0,3144,156,0,11,0,959,103,0,22,0,487,0,0,22,0,268,0,0,0,0,0,2,0,41,0,0,27,11,4,0,0,4,4,0,0
7,5,1,34,1,0,0,1.00679,0.986386,0.998931,29,0,334,100,100,0,0,0,-24,0,-20,-10,0,40,0,84,39,0,0,3144,190,0,13,0,959,110,0,26,0,487,1,0,8,0,268,0,0,1,0,0,33,4,27,0,0,15,4,3,0,0,3,3,0,0
7,5,2,34,1,0,0,1.002179,0.989767,0.996276,29,0,334,100,100,0,0,0,22,-20,0,2,1,40,0,38,27,0,0,3144,203,0,9,0,959,92,0,18,0,487,0,0,16,0,268,0,0,0,0,0,34,0,31,0,0,18,8,3,0,0,3,3,0,0
7,5,3,38,1,0,0,0.987205,0.983454,0.999041,32,0,334,100,100,0,0,0,10,-10,2,0,0,40,0,59,30,0,0,3144,157,0,10,0,959,102,0,20,0,487,0,0,12,0,268,0,0,3,0,0,43,12,28,0,0,23,6,3,0,0,3,3,0,0
7,6,0,40,1,14,2,0.997927,0.984578,0.999718,35,0,334,100,100,4,0,1,0,-44,42,-8,1,40,0,28,9,0,0,2992,199,0,3,0,965,124,0,6,0,487,0,0,16,0,272,0,0,0,0,0,0,0,19,0,0,35,8,0,0,0,0,0,0,0
7,6,1,31,1,14,2,1.009293,0.993708,0.998119,29,0,334,100,100,4,0,1,-44,0,-54,-27,0,40,0,100,39,0,0,2992,183,0,13,0,965,123,0,26,0,487,1,0,10,0,272,0,0,0,0,0,23,0,25,0,0,19,5,1,0,0,1,1,0,0
7,6,2,30,1,14,2,0.997143,0.986701,0.997608,29,0,334,64.776765,61.776765,4,0,1,42,-54,0,-8,1,40,0,32,21,0,0,2992,162,0,7,0,965,99,0,14,0,487,0,0,14,0,272,0,0,0,0,0,24,0,25,0,0,23,7,2,0,0,1,1,0,0
7,6,3,34,1,14,2,0.992727,0.989019,1.003296,33,0,334,100,100,4,0,1,-8,-27,-8,0,0,40,0,59,30,0,0,2992,181,0,10,0,965,112,0,20,0,487,1,0,16,0,272,0,0,0,0,0,30,0,28,0,0,30,8,1,0,0,1,1,0,0
7,7,0,27,2,20,1,0.988772,0.985224,1.000091,26,0,334,100,100,7,0,1,0,-54,52,-17,1,40,0,21,15,0,0,2952,218,0,5,0,983,129,0,10,0,539,0,0,4,0,228,0,0,5,0,0,24,20,11,0,0,36,2,1,0,0,1,1,0,0
7,7,1,30,2,20,1,1.009886,1.000017,0.996728,28,0,334,80.589683,77.589683,7,0,1,-54,0,-64,-51,0,40,0,119,39,0,0,2952,171,0,13,0,983,136,0,26,0,539,1,0,0,0,228,0,0,8,0,0,51,32,17,0,0,17,0,2,0,0,1,1,0,0
7,7,2,29,2,20,1,0.99942,0.990639,0.998768,29,0,334,67.776765,64.776765,7,0,1,52,-64,0,-17,1,40,0,33,21,0,0,2952,205,0,7,0,983,106,0,14,0,539,0,0,0,0,228,0,0,12,0,0,80,48,9,0,0,22,0,1,0,0,0,0,0,0
7,7,3,31,2,20,1,0.988861,0.99712,1.006696,30,0,334,100,100,7,0,1,-17,-51,-17,0,0,40,0,66,30,0,0,2952,201,0,10,0,983,122,0,20,0,539,0,0,2,0,228,0,0,14,0,0,87,56,12,0,0,31,1,0,0,0,0,0,0,0
7,8,0,21,0,15,0,0.992628,0.992956,1.005558,21,0,334,100,100,11,0,1,0,-64,62,-24,1,40,1,24,15,0,0,3168,186,0,5,0,980,134,0,10,0,526,1,0,2,0,245,0,0,6,0,0,58,24,7,0,0,37,1,0,0,0,0,0,0,0
7,8,1,28,0,15,0,1.009267,1.002592,0.99894,27,0,334,37.336522,34.336522,11,0,1,-64,0,-74,-75,0,40,1,137,39,0,0,3168,160,0,13,0,980,149,0,26,0,526,1,0,6,0,245,0,0,6,0,0,66,24,23,0,0,18,3,2,0,0,1,1,0,0
7,8,2,26,0,15,0,1.003121,0.990466,1.003163,26,0,334,70.776765,67.776765,11,0,1,62,-74,0,-26,1,40,1,35,21,0,0,3168,169,0,7,0,980,113,0,14,0,526,1,0,2,0,245,0,0,9,0,0,120,36,11,0,0,22,1,1,0,0,0,0,0,0
7,8,3,27,0,15,0,0.997757,1.005434,1.008219,26,0,334,86.725457,83.725457,11,0,1,-24,-75,-26,0,0,40,1,75,33,0,0,3168,159,0,11,0,980,133,0,22,0,526,1,0,2,0,245,0,0,6,0,0,110,24,17,0,0,30,1,2,0,0,1,1,0,0
7,9,0,19,0,10,0,0.993254,0.994276,1.01073,19,0,334,94.819236,91.819236,13,0,1,0,-71,78,-38,1,40,5,22,12,0,0,3032,201,0,4,0,983,138,0,8,0,526,0,0,6,0,272,0,0,0,0,2,63,0,12,0,0,39,3,1,0,0,0,0,0,0
7,9,1,26,0,10,0,1.005175,1.000464,0.994816,26,0,334,40.336522,37.336522,13,0,1,-71,0,-88,-79,0,40,5,158,39,0,0,3032,151,0,13,0,983,162,0,26,0,526,1,0,4,0,272,0,0,0,0,2,62,0,19,0,0,19,2,1,0,0,0,0,0,0
7,9,2,23,0,10,0,1.005893,0.988533,1.009866,23,0,334,63.393365,60.393365,13,0,1,78,-88,0,-33,1,40,5,39,21,0,0,3032,192,0,7,0,983,120,0,14,0,526,1,0,6,0,272,0,0,0,0,2,117,0,15,0,0,24,3,1,0,0,0,0,0,0
7,9,3,24,0,10,0,0.997162,1.004538,1.002617,24,0,334,89.725457,86.725457,13,0,1,-38,-79,-33,0,0,40,5,89,33,0,0,3032,153,0,11,0,983,144,0,22,0,526,0,0,4,0,272,0,0,0,0,2,105,0,17,0,0,31,2,1,0,0,0,0,0,0
7,10,0,18,0,7,0,0.99365,0.998505,1.008082,18,0,334,82.79403,79.79403,17,0,1,0,-77,97,-54,1,40,12,19,12,0,0,3152,178,0,4,0,986,142,0,8,0,533,1,0,0,0,271,0,0,0,0,4,75,0,6,0,0,38,0,1,0,0,0,0,0,0
7,10,1,24,0,7,0,1.007424,1.002394,0.99442,24,0,334,30.037608,27.037608,17,0,1,-77,0,-100,-91,0,40,12,173,36,0,0,3152,137,0,12,0,986,174,0,24,0,533,1,0,2,0,271,0,0,1,0,4,65,4,16,0,0,19,1,1,0,0,0,0,0,0
7,10,2,22,0,7,0,1.004871,0.988129,1.010991,22,0,334,46.17007,43.17007,17,0,1,97,-100,0,-39,1,40,12,42,21,0,0,3152,162,0,7,0,986,124,0,14,0,533,0,0,6,0,271,0,0,0,0,4,121,0,15,0,0,26,3,1,0,0,0,0,0,0
7,10,3,21,0,7,0,0.999269,1.00526,1.005674,21,0,334,92.725457,89.725457,17,0,1,-54,-91,-39,0,0,40,12,103,30,0,0,3152,143,0,10,0,986,154,0,20,0,533,1,0,2,0,271,0,0,0,0,4,103,0,14,0,0,31,1,1,0,0,0,0,0,0
7,11,0,17,2,7,0,0.995815,0.995886,1.010824,17,0,334,68.631602,65.631602,22,0,1,0,-77,100,-62,1,40,11,21,12,0,0,3080,188,0,4,0,992,146,0,8,0,517,1,0,4,0,266,0,0,2,0,12,90,8,10,0,0,39,2,1,0,0,0,0,0,0
7,11,1,23,2,7,0,1.01006,1.003672,0.993342,22,0,334,20.138461,17.138461,22,0,1,-77,0,-100,-100,0,40,11,192,36,0,0,3080,117,0,12,0,992,186,0,24,0,517,0,0,10,0,266,0,0,0,0,12,56,0,24,0,0,23,5,1,0,0,0,0,0,0
7,11,2,22,2,7,0,1.005173,0.990114,1.011328,21,0,334,13.993608,10.993608,22,0,1,100,-100,0,-34,1,40,11,45,18,0,0,3080,182,0,6,0,992,130,0,12,0,517,0,0,10,0,266,0,0,2,0,12,123,8,18,0,0,30,5,1,0,0,0,0,0,0
7,11,3,18,2,7,0,1.000151,1.005492,1.004998,18,0,334,95.725457,92.725457,22,0,1,-62,-100,-34,0,0,40,11,119,30,0,0,3080,128,0,10,0,992,164,0,20,0,517,1,0,4,0,266,0,0,2,0,12,107,8,16,0,0,32,2,1,0,0,0,0,0,0
7,12,0,15,2,9,0,0.99379,0.996949,1.010365,15,0,334,71.631602,68.631602,25,0,1,0,-78,100,-61,1,40,3,21,9,0,0,3120,168,0,3,0,995,149,0,6,0,526,0,0,4,0,269,0,0,1,0,68,85,4,9,0,0,40,2,1,0,0,0,0,0,0
7,12,1,22,2,9,0,1.00873,1.005211,0.999779,20,0,334,13.074695,10.074695,25,0,1,-78,0,-97,-100,0,40,3,215,36,0,0,3120,106,0,12,0,995,198,0,24,0,526,1,0,2,0,269,0,0,0,0,68,38,0,18,0,0,22,1,2,0,0,1,1,0,0
7,12,2,20,2,9,0,1.008211,0.98329,1.016455,19,0,334,6.072063,3.072063,25,0,1,100,-97,0,-30,1,40,3,51,18,0,0,3120,202,0,6,0,995,136,0,12,0,526,1,0,8,0,269,0,0,2,0,68,113,8,18,0,0,32,4,2,0,0,1,1,0,0
7,12,3,16,2,9,0,1.012622,1.008554,0.989613,15,0,334,84.79948,81.79948,25,0,1,-61,-100,-30,0,0,40,3,140,30,0,0,3120,108,0,10,0,995,174,0,20,0,526,0,0,4,0,269,0,0,0,0,68,91,0,16,0,0,33,2,1,0,0,0,0,0,0
7,13,0,14,0,7,0,0.995984,1.001951,1.007315,14,0,334,74.631602,71.631602,27,0,1,0,-82,100,-58,1,40,12,23,9,0,0,3152,182,0,3,0,995,152,0,6,0,527,0,0,2,0,272,0,0,0,0,11,88,0,7,0,0,40,1,1,0,0,0,0,0,0
7,13,1,19,0,7,0,1.008736,1.002483,1.004518,18,0,334,16.074695,13.074695,27,0,1,-82,0,-100,-100,0,40,12,235,36,0,0,3152,72,0,12,0,995,210,0,24,0,527,0,0,6,0,272,0,0,0,0,11,31,0,22,0,0,23,3,2,0,0,1,1,0,0
7,13,2,19,0,7,0,1.009284,0.982322,1.01961,19,0,334,3,0,27,0,1,100,-100,0,-24,1,40,12,55,18,0,0,3152,168,0,6,0,995,142,0,12,0,527,1,0,10,0,272,0,0,0,0,11,117,0,18,0,0,36,5,1,0,0,0,0,0,0
7,13,3,14,0,7,0,1.011757,1.00757,0.995079,13,0,334,62.76687,59.76687,27,0,1,-58,-100,-24,0,0,40,12,159,30,0,0,3152,90,0,10,0,995,184,0,20,0,527,0,0,0,0,272,0,0,0,0,11,81,0,14,0,0,31,0,2,0,0,1,1,0,0
7,14,0,8,2,14,0,1.008814,1.024931,1.013641,8,0,334,77.631602,74.631602,29,0,1,0,-81,100,-60,1,40,1,24,9,0,0,3160,165,0,3,0,998,155,0,6,0,542,0,0,0,0,260,0,0,3,0,45,112,12,5,0,0,39,0,1,0,0,0,0,0,0
7,14,1,17,2,14,0,1.020671,0.992848,1.020287,16,0,334,4.075786,1.075786,29,0,1,-81,0,-100,-100,0,40,1,260,33,0,0,3160,42,0,11,0,998,221,0,22,0,542,0,0,0,0,260,0,0,0,0,45,24,0,13,0,0,22,0,1,0,0,0,0,0,0
7,14,2,16,2,14,0,1.011241,0.987434,1.01846,16,0,334,3,0,29,0,1,100,-100,0,-23,1,40,1,59,15,0,0,3160,165,0,5,0,998,147,0,10,0,542,1,0,2,0,260,2,0,7,0,45,136,28,9,0,0,36,1,1,0,0,0,0,0,0
7,14,3,13,2,14,0,1.007609,1.004188,0.994204,12,0,334,65.76687,62.76687,29,0,1,-60,-100,-23,0,0,40,1,188,30,0,0,3160,66,0,10,0,998,194,0,20,0,542,0,0,0,0,260,0,0,0,0,45,69,0,12,0,0,30,0,1,0,0,0,0,0,0
7,15,0,6,0,5,0,0.998381,1.039192,1.004684,6,0,334,80.631602,77.631602,29,0,1,0,-81,100,-60,1,40,20,26,6,0,0,3168,163,0,2,0,1088,151,0,4,0,544,0,0,0,0,260,0,0,3,0,32,123,12,4,0,0,38,0,1,0,0,0,0,0,0
7,15,1,16,0,5,0,1.022244,0.992304,1.028812,15,0,334,7.075786,4.075786,29,0,1,-81,0,-100,-100,0,40,20,280,33,0,0,3168,14,0,11,0,1088,199,0,22,0,544,0,0,0,0,260,0,0,0,0,32,21,0,15,0,0,20,0,2,0,0,1,1,0,0
7,15,2,15,0,5,0,1.012805,0.992229,1.021057,15,0,334,6,3,29,0,1,100,-100,0,-23,1,40,20,66,15,0,0,3168,168,0,5,0,1088,137,0,10,0,544,1,0,0,0,260,5,0,6,0,32,162,24,7,0,0,35,0,1,0,0,0,0,0,0
7,15,3,12,0,5,0,1.006851,1.002714,0.992792,12,0,334,68.76687,65.76687,29,0,1,-60,-100,-23,0,0,40,20,209,30,0,0,3168,43,0,10,0,1088,174,0,20,0,544,0,0,0,0,260,0,0,0,0,32,63,0,12,0,0,29,0,1,0,0,0,0,0,0
7,16,0,4,0,6,0,0.999472,1.039998,1.012891,4,0,334,83.631602,80.631602,29,0,1,0,-81,100,-60,1,40,11,32,6,0,0,3174,155,0,2,0,1004,153,0,4,0,529,1,0,2,0,272,0,0,0,0,41,120,0,6,0,0,38,1,1,0,0,0,0,0,0
7,16,1,16,0,6,0,1.022244,0.992304,1.028812,16,0,334,10.075786,7.075786,29,0,1,-81,0,-100,-100,0,40,11,271,0,0,0,3174,0,0,0,0,1004,232,0,0,0,529,1,0,2,0,272,0,0,0,0,41,29,0,4,0,0,20,1,1,0,0,0,0,0,0
7,16,2,11,0,6,0,1.008671,0.991473,1.020425,11,0,334,9,6,29,0,1,100,-100,0,-23,1,40,11,69,12,0,0,3174,165,0,4,0,1004,141,0,8,0,529,2,0,8,0,272,1,0,4,0,41,170,16,14,0,0,38,4,1,0,0,0,0,0,0
7,16,3,12,0,6,0,1.006851,1.002714,0.992792,12,0,334,71.76687,68.76687,29,0,1,-60,-100,-23,0,0,40,11,236,30,0,0,3174,21,0,10,0,1004,184,0,20,0,529,0,0,0,0,272,0,0,0,0,41,57,0,12,0,0,28,0,1,0,0,0,0,0,0
7,17,0,2,1,3,0,0.997265,1.035356,1.001,2,0,334,86.631602,83.631602,29,0,1,0,-81,100,-60,1,40,17,34,3,0,0,3184,150,0,1,0,1010,154,0,2,0,532,1,0,0,0,272,0,0,0,0,43,119,0,3,0,0,37,0,1,0,0,0,0,0,0
7,17,1,17,1,3,0,1.021999,0.990599,1.030325,16,0,334,13.075786,10.075786,29,0,1,-81,0,-100,-100,0,40,17,262,0,0,0,3184,0,0,0,0,1010,265,0,0,0,532,0,0,4,0,272,0,0,0,0,43,35,0,6,0,0,21,2,1,0,0,0,0,0,0
7,17,2,11,1,3,0,1.008671,0.991473,1.020425,11,0,334,12,9,29,0,1,100,-100,0,-23,1,40,17,73,12,0,0,3184,150,0,4,0,1010,145,0,8,0,532,3,0,8,0,272,0,0,1,0,43,166,4,14,0,0,41,4,1,0,0,0,0,0,0
7,17,3,11,1,3,0,1.003085,1.011001,0.994062,11,0,334,74.76687,71.76687,29,0,1,-60,-100,-23,0,0,40,17,252,27,0,0,3184,0,0,9,0,1010,193,0,18,0,532,0,0,0,0,272,0,0,0,0,43,51,0,11,0,0,27,0,1,0,0,0,0,0,0
7,18,0,0,2,6,0,0,0,0,0,0,334,86.631602,86.631602,29,0,1,0,-81,100,-60,0,40,12,33,0,0,0,3172,148,0,0,0,1016,154,0,0,0,530,1,0,0,0,272,0,0,0,0,44,119,0,0,0,0,37,0,0,0,0,0,0,0,0
7,18,1,17,2,6,0,1.016718,1.002617,1.031073,15,1,459,16.075786,13.075786,29,0,1,-81,0,-100,-100,0,40,12,255,0,0,0,3172,0,0,0,0,1016,295,0,0,0,530,1,0,2,0,272,0,0,0,0,44,26,0,21,0,0,4,1,18,0,0,0,0,0,0
7,18,2,10,2,6,0,1.00908,0.983272,1.020465,10,0,334,15,12,29,0,1,100,-100,0,-23,0,40,12,80,12,0,0,3172,135,0,4,0,1016,149,0,8,0,530,6,0,6,0,272,0,0,0,0,44,160,0,12,0,0,43,3,1,0,0,0,0,0,0
7,18,3,10,2,6,0,1.010468,1.002352,0.998916,10,0,334,77.76687,74.76687,29,0,1,-60,-100,-23,0,0,40,12,252,0,0,0,3172,0,0,0,0,1016,220,0,0,0,530,0,0,0,0,272,0,0,0,0,44,52,0,2,0,0,26,0,1,0,0,0,0,0,0
7,19,0,0,0,1,0,0,0,0,0,0,334,86.631602,86.631602,31,0,0,0,-81,98,-60,0,40,22,34,0,0,0,3157,148,0,0,0,1019,154,0,0,0,538,1,0,0,0,269,0,0,0,0,51,119,0,0,0,0,37,0,0,0,0,0,0,0,0
7,19,1,17,0,1,0,1.016718,1.002617,1.031073,15,1,459,3,0,31,0,0,-81,0,-100,-94,0,40,22,266,30,0,0,3157,6,0,10,0,1019,305,0,20,0,538,0,0,4,0,269,0,0,0,0,51,17,0,18,0,0,4,2,2,0,0,1,1,0,0
7,19,2,9,0,1,0,1.003012,0.986768,1.017001,9,0,334,18,15,31,0,0,98,-100,0,-27,0,40,22,95,12,0,0,3157,121,0,4,0,1019,153,0,8,0,538,3,0,6,0,269,0,0,3,0,51,165,12,12,0,0,45,3,1,0,0,0,0,0,0
7,19,3,10,0,1,0,1.010468,1.002352,0.998916,10,0,334,80.76687,77.76687,31,0,0,-60,-94,-27,0,0,40,22,248,0,0,0,3157,0,0,0,0,1019,247,0,0,0,538,0,0,0,0,269,0,0,0,0,51,53,0,2,0,0,25,0,1,0,0,0,0,0,0
7,20,0,0,0,3,0,0,0,0,0,0,334,86.631602,86.631602,33,0,0,0,-81,94,-60,0,40,17,34,0,0,0,3163,148,0,0,0,1019,154,0,0,0,544,1,0,0,0,266,0,0,0,0,68,119,0,0,0,0,37,0,0,0,0,0,0,0,0
7,20,1,16,0,3,0,1.01603,1.001509,1.026749,15,1,459,3,0,33,0,0,-81,0,-100,-88,0,40,17,275,30,0,0,3163,6,0,10,0,1019,315,0,20,0,544,0,0,0,0,266,0,0,0,0,68,3,0,14,0,0,2,0,2,0,0,1,1,0,0
7,20,2,8,0,3,0,0.995229,0.988462,1.012065,8,0,334,21,18,33,0,0,94,-100,0,-31,0,40,17,114,9,0,0,3163,109,0,3,0,1019,156,0,6,0,544,1,0,2,0,266,0,0,3,0,68,170,12,7,0,0,45,1,1,0,0,0,0,0,0
7,20,3,9,0,3,0,1.008755,1.005527,1.002703,9,0,334,83.76687,80.76687,33,0,0,-60,-88,-31,0,0,40,17,245,0,0,0,3163,0,0,0,0,1019,271,0,0,0,544,0,0,0,0,266,0,0,0,0,68,51,0,2,0,0,24,0,1,0,0,0,0,0,0
7,21,0,0,0,0,0,0,0,0,0,0,334,86.631602,86.631602,34,0,0,0,-81,92,-60,0,40,16,34,0,0,0,3165,148,0,0,0,1025,154,0,0,0,541,1,0,0,0,272,0,0,0,0,47,119,0,0,0,0,37,0,0,0,0,0,0,0,0
7,21,1,16,0,0,0,1.01603,1.001509,1.026749,16,1,459,0,0,34,0,0,-81,0,-100,-85,0,40,16,299,30,0,0,3165,6,0,10,0,1025,322,0,20,0,541,0,0,0,0,272,0,0,0,0,47,2,0,10,0,0,0,0,0,0,0,0,0,0,0
7,21,2,8,0,0,0,0.995229,0.988462,1.012065,8,0,334,24,21,34,0,0,92,-100,0,-33,0,40,16,122,9,0,0,3165,98,0,3,0,1025,162,0,6,0,541,0,0,4,0,272,0,0,0,0,47,170,0,9,0,0,48,2,1,0,0,0,0,0,0
7,21,3,9,0,0,0,1.008755,1.005527,1.002703,9,1,459,86.76687,83.76687,34,0,0,-60,-85,-33,0,0,40,16,243,0,0,0,3165,0,0,0,0,1025,295,0,0,0,541,0,0,0,0,272,0,0,0,0,47,35,0,19,0,0,6,0,18,0,0,0,0,0,0
7,22,0,0,1,2,0,0,0,0,0,0,334,86.631602,86.631602,35,0,0,0,-81,90,-60,0,40,18,34,0,0,0,3165,148,0,0,0,1025,154,0,0,0,541,1,0,0,0,272,0,0,0,0,68,119,0,0,0,0,37,0,0,0,0,0,0,0,0
7,22,1,15,1,2,0,1.016922,0.997229,1.026651,15,1,459,0,0,35,0,0,-81,0,-100,-82,0,40,18,291,0,0,0,3165,8,0,0,0,1025,346,0,0,0,541,0,0,0,0,272,0,0,0,0,68,0,0,0,0,0,0,0,0,0,0,0,0,0,0
7,22,2,8,1,2,0,0.995229,0.988462,1.012065,8,0,334,27,24,35,0,0,90,-100,0,-35,0,40,18,129,9,0,0,3165,87,0,3,0,1025,171,0,6,0,541,1,0,2,0,272,0,0,0,0,68,165,0,7,0,0,48,1,1,0,0,0,0,0,0
7,22,3,9,1,2,0,1.009812,1.004403,1.017362,8,1,459,89.76687,86.76687,35,0,0,-60,-82,-35,0,0,40,18,242,0,0,0,3165,0,0,0,0,1025,316,0,0,0,541,0,0,0,0,272,0,0,0,0,68,33,0,2,0,0,5,0,1,0,0,0,0,0,0
7,23,0,0,0,4,0,0,0,0,0,0,334,86.631602,86.631602,36,0,0,0,-81,88,-60,0,40,17,34,0,0,0,3176,148,0,0,0,1081,154,0,0,0,541,1,0,0,0,272,0,0,0,0,47,119,0,0,0,0,37,0,0,0,0,0,0,0,0
7,23,1,15,0,4,0,1.016922,0.997229,1.026651,15,1,459,0,0,36,0,0,-81,0,-100,-79,0,40,17,307,24,0,0,3176,0,0,8,0,1081,329,0,16,0,541,0,0,0,0,272,0,0,0,0,47,4,0,8,0,0,0,0,0,0,0,0,0,0,0
7,23,2,7,0,4,0,0.990601,0.996336,1.019822,7,0,334,30,27,36,0,0,88,-100,0,-37,0,40,17,135,9,0,0,3176,76,0,3,0,1081,173,0,6,0,541,0,0,4,0,272,0,0,0,0,47,159,0,9,0,0,49,2,1,0,0,0,0,0,0
7,23,3,6,0,4,0,1.024863,1.009884,1.013435,6,1,459,92.76687,89.76687,36,0,0,-60,-79,-37,0,0,40,17,236,0,0,0,3176,0,0,0,0,1081,316,0,0,0,541,0,0,0,0,272,0,0,0,0,47,34,0,2,0,0,4,0,1,0,0,0,0,0,0
7,24,0,0,1,0,0,0,0,0,0,0,334,86.631602,86.631602,38,0,0,0,-81,84,-60,0,40,18,34,0,0,0,3171,148,0,0,0,1034,154,0,0,0,541,1,0,0,0,272,0,0,0,0,50,119,0,0,0,0,37,0,0,0,0,0,0,0,0
7,24,1,15,1,0,0,1.016922,0.997229,1.026651,15,1,459,0,0,38,0,0,-81,0,-100,-73,0,40,18,324,24,0,0,3171,0,0,8,0,1034,336,0,16,0,541,0,0,0,0,272,0,0,0,0,50,4,0,8,0,0,0,0,0,0,0,0,0,0,0
7,24,2,7,1,0,0,0.990601,0.996336,1.019822,7,0,334,33,30,38,0,0,84,-100,0,-41,0,40,18,142,9,0,0,3171,66,0,3,0,1034,183,0,6,0,541,1,0,2,0,272,0,0,0,0,50,159,0,7,0,0,49,1,1,0,0,0,0,0,0
7,24,3,7,1,0,0,1.020912,1.014243,1.00539,6,1,459,95.76687,92.76687,38,0,0,-60,-73,-41,0,0,40,18,235,0,0,0,3171,0,0,0,0,1034,331,0,0,0,541,0,0,0,0,272,0,0,0,0,50,35,0,2,0,0,3,0,1,0,0,0,0,0,0
7,25,0,0,0,0,0,0,0,0,0,0,334,86.631602,86.631602,40,0,0,0,-81,80,-60,0,40,30,34,0,0,0,3162,148,0,0,0,1058,154,0,0,0,543,1,0,0,0,272,0,0,0,0,50,119,0,0,0,0,37,0,0,0,0,0,0,0,0
7,25,1,15,0,0,0,1.016922,0.997229,1.026651,15,1,459,0,0,40,0,0,-81,0,-100,-67,0,40,30,337,24,0,0,3162,0,0,8,0,1058,331,0,16,0,543,0,0,0,0,272,0,0,0,0,50,4,0,8,0,0,0,0,0,0,0,0,0,0,0
7,25,2,7,0,0,0,0.990601,0.996336,1.019822,7,0,334,36,33,40,0,0,80,-100,0,-45,0,40,30,145,9,0,0,3162,56,0,3,0,1058,187,0,6,0,543,0,0,2,0,272,0,0,0,0,50,159,0,7,0,0,49,1,1,0,0,0,0,0,0
7,25,3,7,0,0,0,1.020912,1.014243,1.00539,6,1,459,98.76687,95.76687,40,0,0,-60,-67,-45,0,0,40,30,248,15,0,0,3162,3,0,5,0,1058,330,0,10,0,543,0,0,0,0,272,0,0,0,0,50,29,0,9,0,0,1,0,2,0,0,1,1,0,0
7,26,0,0,0,12,0,0,0,0,0,0,334,86.631602,86.631602,42,0,0,0,-81,76,-60,0,40,31,34,0,0,0,3165,148,0,0,0,1034,154,0,0,0,542,1,0,0,0,272,0,0,0,0,65,119,0,0,0,0,37,0,0,0,0,0,0,0,0
7,26,1,8,0,12,0,1.003851,0.973085,1.019202,8,1,459,0,0,42,0,0,-81,0,-100,-61,0,40,31,324,0,0,0,3165,8,0,0,0,1034,333,0,0,0,542,0,0,0,0,272,0,0,0,0,65,0,0,0,0,0,0,0,0,0,0,0,0,0,0
7,26,2,5,0,12,0,0.96526,0.990444,1.019504,5,0,334,39,36,42,0,0,76,-100,0,-49,0,40,31,144,3,0,0,3165,48,0,1,0,1034,195,0,2,0,542,0,0,2,0,272,0,0,0,0,65,161,0,5,0,0,49,1,1,0,0,0,0,0,0
7,26,3,4,0,12,0,1.010119,0.998455,1.01424,4,1,459,100,98.76687,42,0,0,-60,-61,-49,0,0,40,31,249,6,0,0,3165,6,0,2,0,1034,332,0,4,0,542,0,0,0,0,272,0,0,0,0,65,25,0,4,0,0,0,0,1,0,0,0,0,0,0
7,27,0,0,0,3,0,0,0,0,0,0,334,86.631602,86.631602,45,0,0,0,-80,77,-62,0,40,21,34,0,0,0,3200,148,0,0,0,1070,154,0,0,0,541,1,0,0,0,272,0,0,0,0,59,119,0,0,0,0,37,0,0,0,0,0,0,0,0
7,27,1,6,0,3,0,1.015633,0.974048,1.013779,6,1,459,0,0,45,0,0,-80,0,-100,-66,0,40,21,322,0,0,0,3200,0,0,0,0,1070,332,0,0,0,541,0,0,0,0,272,0,0,0,0,59,3,0,0,0,0,0,0,0,0,0,0,0,0,0
7,27,2,5,0,3,0,0.96526,0.990444,1.019504,5,0,334,24.62614,21.62614,45,0,0,77,-100,0,-50,0,40,21,145,3,0,0,3200,42,0,1,0,1070,201,0,2,0,541,1,0,2,0,272,0,0,0,0,59,159,0,5,0,0,49,1,1,0,0,0,0,0,0
7,27,3,3,0,3,0,1.014423,0.984475,1.033281,3,1,459,100,100,45,0,0,-62,-66,-50,0,0,40,21,255,6,0,0,3200,0,0,2,0,1070,334,0,4,0,541,0,0,0,0,272,0,0,0,0,59,23,0,2,0,0,0,0,0,0,0,0,0,0,0
7,28,0,0,0,0,0,0,0,0,0,0,334,86.631602,86.631602,46,0,0,0,-80,75,-62,0,40,28,34,0,0,0,3191,148,0,0,0,1076,154,0,0,0,544,1,0,0,0,269,0,0,0,0,53,119,0,0,0,0,37,0,0,0,0,0,0,0,0
7,28,1,6,0,0,0,1.015633,0.974048,1.013779,6,1,459,0,0,46,0,0,-80,0,-100,-63,0,40,28,322,0,0,0,3191,0,0,0,0,1076,333,0,0,0,544,0,0,0,0,269,0,0,0,0,53,9,0,0,0,0,0,0,0,0,0,0,0,0,0
7,28,2,5,0,0,0,0.96526,0.990444,1.019504,5,0,334,27.62614,24.62614,46,0,0,75,-100,0,-52,0,40,28,145,3,0,0,3191,36,0,1,0,1076,207,0,2,0,544,1,0,0,0,269,1,0,2,0,53,170,8,3,0,0,48,0,1,0,0,0,0,0,0
7,28,3,3,0,0,0,1.014423,0.984475,1.033281,3,1,459,100,100,46,0,0,-62,-63,-52,0,0,40,28,252,0,0,0,3191,0,0,0,0,1076,337,0,0,0,544,0,0,0,0,269,0,0,0,0,53,26,0,0,0,0,0,0,0,0,0,0,0,0,0
7,29,0,0,0,1,0,0,0,0,0,0,334,86.631602,86.631602,47,0,0,0,-80,75,-62,0,40,25,34,0,0,0,3191,147,0,0,0,1076,154,0,0,0,541,1,0,0,0,272,0,0,0,0,53,119,0,0,0,0,37,0,0,0,0,0,0,0,0
7,29,1,6,0,1,0,1.015633,0.974048,1.013779,6,1,459,0,0,47,0,0,-80,0,-100,-60,0,40,25,324,0,0,0,3191,0,0,0,0,1076,339,0,0,0,541,0,0,0,0,272,0,0,0,0,53,10,0,0,0,0,0,0,0,0,0,0,0,0,0
7,29,2,4,0,1,0,0.974019,0.981588,1.020577,4,0,334,30.62614,27.62614,47,0,0,75,-100,0,-54,0,40,25,142,0,0,0,3191,32,0,0,0,1076,207,0,0,0,541,0,0,4,0,272,0,0,1,0,53,179,4,6,0,0,49,2,1,0,0,0,0,0,0
7,29,3,3,0,1,0,1.014423,0.984475,1.033281,3,1,459,100,100,47,0,0,-62,-60,-54,0,0,40,25,253,0,0,0,3191,0,0,0,0,1076,340,0,0,0,541,0,0,0,0,272,0,0,0,0,53,29,0,0,0,0,0,0,0,0,0,0,0,0,0
7,30,0,0,2,0,0,0,0,0,0,0,334,86.631602,86.631602,48,0,0,0,-80,75,-62,0,40,25,34,0,0,0,3191,146,0,0,0,1073,154,0,0,0,541,1,0,0,0,272,0,0,0,0,53,119,0,0,0,0,37,0,0,0,0,0,0,0,0
7,30,1,8,2,0,0,1.017888,0.96432,1.033162,6,1,459,0,0,48,0,0,-80,0,-100,-57,0,40,25,326,0,0,0,3191,0,0,0,0,1073,348,0,0,0,541,0,0,0,0,272,0,0,0,0,53,11,0,0,0,0,0,0,0,0,0,0,0,0,0
7,30,2,4,2,0,0,0.974019,0.981588,1.020577,4,0,334,33.62614,30.62614,48,0,0,75,-100,0,-56,0,40,25,141,0,0,0,3191,29,0,0,0,1073,207,0,0,0,541,1,0,2,0,272,0,0,0,0,53,186,0,4,0,0,49,1,1,0,0,0,0,0,0
7,30,3,3,2,0,0,1.014423,0.984475,1.033281,3,1,459,100,100,48,0,0,-62,-57,-56,0,0,40,25,254,0,0,0,3191,0,0,0,0,1073,346,0,0,0,541,0,0,0,0,272,0,0,0,0,53,32,0,0,0,0,0,0,0,0,0,0,0,0,0
7,31,0,0,0,1,0,0,0,0,0,0,334,86.631602,86.631602,49,0,0,0,-80,75,-62,0,40,22,34,0,0,0,3189,145,0,0,0,1070,154,0,0,0,544,1,0,0,0,269,0,0,0,0,50,119,0,0,0,0,37,0,0,0,0,0,0,0,0
7,31,1,8,0,1,0,1.017888,0.96432,1.033162,6,1,459,0,0,49,0,0,-80,0,-100,-54,0,40,22,324,0,0,0,3189,0,0,0,0,1070,360,0,0,0,544,0,0,0,0,269,0,0,0,0,50,15,0,0,0,0,0,0,0,0,0,0,0,0,0
7,31,2,4,0,1,0,0.974019,0.981588,1.020577,4,0,334,36.62614,33.62614,49,0,0,75,-100,0,-58,0,40,22,139,0,0,0,3189,26,0,0,0,1070,207,0,0,0,544,1,0,0,0,269,1,0,2,0,50,203,8,2,0,0,48,0,1,0,0,0,0,0,0
7,31,3,2,0,1,0,1.007821,1.010041,1.07104,2,1,459,100,100,49,0,0,-62,-54,-58,0,0,40,22,255,0,0,0,3189,0,0,0,0,1070,352,0,0,0,544,0,0,0,0,269,0,0,0,0,50,32,0,0,0,0,0,0,0,0,0,0,0,0,0
7,32,0,0,0,2,0,0,0,0,0,0,334,86.631602,86.631602,50,0,0,0,-80,75,-62,0,40,26,34,0,0,0,3190,144,0,0,0,1070,154,0,0,0,542,1,0,0,0,271,0,0,0,0,53,119,0,0,0,0,37,0,0,0,0,0,0,0,0
7,32,1,6,0,2,0,1.00683,0.972887,1.023389,4,1,459,0,0,50,0,0,-80,0,-100,-51,0,40,26,322,0,0,0,3190,0,0,0,0,1070,372,0,0,0,542,0,0,0,0,271,0,0,0,0,53,13,0,0,0,0,0,0,0,0,0,0,0,0,0
7,32,2,4,0,2,0,0.974019,0.981588,1.020577,4,0,334,39.62614,36.62614,50,0,0,75,-100,0,-60,0,40,26,138,0,0,0,3190,23,0,0,0,1070,207,0,0,0,542,1,0,2,0,271,0,0,2,0,53,218,8,4,0,0,48,1,1,0,0,0,0,0,0
7,32,3,2,0,2,0,1.007821,1.010041,1.07104,2,1,459,100,100,50,0,0,-62,-51,-60,0,0,40,26,256,0,0,0,3190,0,0,0,0,1070,358,0,0,0,542,0,0,0,0,271,0,0,0,0,53,32,0,0,0,0,0,0,0,0,0,0,0,0,0
7,33,0,0,1,0,0,0,0,0,0,0,334,86.631602,86.631602,51,0,0,0,-80,75,-62,0,40,25,34,0,0,0,3192,143,0,0,0,1070,154,0,0,0,541,1,0,0,0,272,0,0,0,0,59,119,0,0,0,0,37,0,0,0,0,0,0,0,0
7,33,1,7,1,0,0,1.002557,0.976024,1.006111,4,1,459,0,0,51,0,0,-80,0,-100,-48,0,40,25,325,0,0,0,3192,0,0,0,0,1070,384,0,0,0,541,0,0,0,0,272,0,0,0,0,59,11,0,0,0,0,0,0,0,0,0,0,0,0,0
7,33,2,4,1,0,0,0.974019,0.981588,1.020577,4,0,334,42.62614,39.62614,51,0,0,75,-100,0,-62,0,40,25,136,0,0,0,3192,20,0,0,0,1070,207,0,0,0,541,0,0,4,0,272,0,0,0,0,59,223,0,6,0,0,49,2,1,0,0,0,0,0,0
7,33,3,2,1,0,0,1.007821,1.010041,1.07104,2,1,459,100,100,51,0,0,-62,-48,-62,0,0,40,25,258,0,0,0,3192,0,0,0,0,1070,364,0,0,0,541,0,0,0,0,272,0,0,0,0,59,32,0,0,0,0,0,0,0,0,0,0,0,0,0
7,34,0,0,0,1,0,0,0,0,0,0,334,86.631602,86.631602,52,0,0,0,-80,75,-62,0,40,29,34,0,0,0,3191,142,0,0,0,1067,154,0,0,0,541,1,0,0,0,272,0,0,0,0,63,119,0,0,0,0,37,0,0,0,0,0,0,0,0
7,34,1,7,0,1,0,1.002557,0.976024,1.006111,4,1,459,0,0,52,0,0,-80,0,-100,-45,0,40,29,325,0,0,0,3191,0,0,0,0,1067,399,0,0,0,541,0,0,0,0,272,0,0,0,0,63,6,0,0,0,0,0,0,0,0,0,0,0,0,0
7,34,2,3,0,1,0,0.968534,0.983885,1.005052,3,0,334,45.62614,42.62614,52,0,0,75,-100,0,-64,0,40,29,134,0,0,0,3191,17,0,0,0,1067,207,0,0,0,541,1,0,2,0,272,0,0,0,0,63,227,0,4,0,0,49,1,1,0,0,0,0,0,0
7,34,3,2,0,1,0,1.007821,1.010041,1.07104,2,1,459,100,100,52,0,0,-62,-45,-64,0,0,40,29,258,0,0,0,3191,0,0,0,0,1067,370,0,0,0,541,0,0,0,0,272,0,0,0,0,63,32,0,0,0,0,0,0,0,0,0,0,0,0,0
7,35,0,0,0,0,0,0,0,0,0,0,334,86.631602,86.631602,54,0,0,0,-80,73,-62,0,40,29,34,0,0,0,3191,141,0,0,0,1067,154,0,0,0,541,1,0,0,0,272,0,0,0,0,62,119,0,0,0,0,37,0,0,0,0,0,0,0,0
7,35,1,7,0,0,0,1.002557,0.976024,1.006111,4,1,459,0,0,54,0,0,-80,0,-100,-39,0,40,29,325,0,0,0,3191,0,0,0,0,1067,409,0,0,0,541,0,0,0,0,272,0,0,0,0,62,6,0,0,0,0,0,0,0,0,0,0,0,0,0
7,35,2,3,0,0,0,0.968534,0.983885,1.005052,3,0,334,48.62614,45.62614,54,0,0,73,-100,0,-68,0,40,29,133,0,0,0,3191,15,0,0,0,1067,212,0,0,0,541,2,0,2,0,272,0,0,0,0,62,229,0,4,0,0,49,1,1,0,0,0,0,0,0
7,35,3,2,0,0,0,1.007821,1.010041,1.07104,2,1,459,100,100,54,0,0,-62,-39,-68,0,0,40,29,258,0,0,0,3191,0,0,0,0,1067,376,0,0,0,541,0,0,0,0,272,0,0,0,0,62,32,0,0,0,0,0,0,0,0,0,0,0,0,0
7,36,0,0,1,0,0,0,0,0,0,0,334,86.631602,86.631602,56,0,0,0,-80,71,-62,0,40,29,34,0,0,0,3191,140,0,0,0,1067,154,0,0,0,544,1,0,0,0,269,0,0,0,0,62,119,0,0,0,0,37,0,0,0,0,0,0,0,0
7,36,1,7,1,0,0,1.002557,0.976024,1.006111,4,1,459,0,0,56,0,0,-80,0,-100,-33,0,40,29,323,0,0,0,3191,0,0,0,0,1067,419,0,0,0,544,0,0,0,0,269,0,0,0,0,62,6,0,0,0,0,0,0,0,0,0,0,0,0,0
7,36,2,3,1,0,0,0.968534,0.983885,1.005052,3,0,334,51.62614,48.62614,56,0,0,71,-100,0,-72,0,40,29,132,0,0,0,3191,13,0,0,0,1067,217,0,0,0,544,0,0,2,0,269,2,0,1,0,62,235,4,4,0,0,49,1,1,0,0,0,0,0,0
7,36,3,3,1,0,0,0.998218,0.996907,1.074499,2,1,459,100,100,56,0,0,-62,-33,-72,0,0,40,29,260,0,0,0,3191,0,0,0,0,1067,382,0,0,0,544,0,0,0,0,269,0,0,0,0,62,32,0,0,0,0,0,0,0,0,0,0,0,0,0
7,37,0,0,0,0,0,0,0,0,0,0,334,86.631602,86.631602,58,0,0,0,-80,69,-62,0,40,24,34,0,0,0,3190,139,0,0,0,1067,154,0,0,0,538,1,0,0,0,272,0,0,0,0,62,119,0,0,0,0,37,0,0,0,0,0,0,0,0
7,37,1,7,0,0,0,1.002557,0.976024,1.006111,4,1,459,0,0,58,0,0,-80,0,-100,-27,0,40,24,325,0,0,0,3190,0,0,0,0,1067,429,0,0,0,538,0,0,0,0,272,0,0,0,0,62,6,0,0,0,0,0,0,0,0,0,0,0,0,0
7,37,2,3,0,0,0,0.968534,0.983885,1.005052,3,0,334,54.62614,51.62614,58,0,0,69,-100,0,-76,0,40,24,129,0,0,0,3190,11,0,0,0,1067,222,0,0,0,538,1,0,2,0,272,1,0,1,0,62,241,4,4,0,0,49,1,1,0,0,0,0,0,0
7,37,3,3,0,0,0,0.998218,0.996907,1.074499,2,1,459,100,100,58,0,0,-62,-27,-76,0,0,40,24,260,0,0,0,3190,0,0,0,0,1067,388,0,0,0,538,3,0,0,0,272,0,0,0,0,62,32,0,0,0,0,0,0,0,0,0,0,0,0,0
7,38,0,0,0,0,0,0,0,0,0,0,334,86.631602,86.631602,60,0,0,0,-80,67,-62,0,40,30,34,0,0,0,3190,138,0,0,0,1067,154,0,0,0,541,1,0,0,0,269,0,0,0,0,62,119,0,0,0,0,37,0,0,0,0,0,0,0,0
7,38,1,7,0,0,0,1.002557,0.976024,1.006111,4,1,459,0,0,60,0,0,-80,0,-100,-21,0,40,30,324,0,0,0,3190,0,0,0,0,1067,439,0,0,0,541,0,0,0,0,269,0,0,0,0,62,6,0,0,0,0,0,0,0,0,0,0,0,0,0
7,38,2,3,0,0,0,0.968534,0.983885,1.005052,3,0,334,57.62614,54.62614,60,0,0,67,-100,0,-80,0,40,30,126,0,0,0,3190,9,0,0,0,1067,227,0,0,0,541,2,0,2,0,269,0,0,1,0,62,247,4,4,0,0,49,1,1,0,0,0,0,0,0
7,38,3,3,0,0,0,0.998218,0.996907,1.074499,2,1,459,100,100,60,0,0,-62,-21,-80,0,0,40,30,261,0,0,0,3190,0,0,0,0,1067,394,0,0,0,541,3,0,0,0,269,3,0,0,0,62,32,0,0,0,0,0,0,0,0,0,0,0,0,0
7,39,0,0,0,0,0,0,0,0,0,0,334,86.631602,86.631602,62,0,0,0,-80,65,-62,0,40,32,34,0,0,0,3190,137,0,0,0,1067,154,0,0,0,538,1,0,0,0,272,0,0,0,0,62,119,0,0,0,0,37,0,0,0,0,0,0,0,0
7,39,1,7,0,0,0,1.002557,0.976024,1.006111,4,1,459,0,0,62,0,0,-80,0,-100,-15,0,40,32,322,0,0,0,3190,0,0,0,0,1067,449,0,0,0,538,0,0,0,0,272,0,0,0,0,62,6,0,0,0,0,0,0,0,0,0,0,0,0,0
7,39,2,3,0,0,0,0.968534,0.983885,1.005052,3,0,334,60.62614,57.62614,62,0,0,65,-100,0,-84,0,40,32,123,0,0,0,3190,7,0,0,0,1067,232,0,0,0,538,3,0,2,0,272,0,0,0,0,62,249,0,4,0,0,49,1,1,0,0,0,0,0,0
7,39,3,3,0,0,0,0.998218,0.996907,1.074499,2,1,459,100,100,62,0,0,-62,-15,-84,0,0,40,32,261,0,0,0,3190,0,0,0,0,1067,400,0,0,0,538,6,0,0,0,272,3,0,0,0,62,32,0,0,0,0,0,0,0,0,0,0,0,0,0
7,40,0,0,0,0,0,0,0,0,0,0,334,86.631602,86.631602,64,0,0,0,-80,63,-62,0,40,28,34,0,0,0,3190,136,0,0,0,1067,154,0,0,0,538,1,0,0,0,272,0,0,0,0,62,119,0,0,0,0,37,0,0,0,0,0,0,0,0
7,40,1,7,0,0,0,1.002557,0.976024,1.006111,4,1,459,0,0,64,0,0,-80,0,-100,-9,0,40,28,323,0,0,0,3190,0,0,0,0,1067,459,0,0,0,538,0,0,0,0,272,0,0,0,0,62,6,0,0,0,0,0,0,0,0,0,0,0,0,0
7,40,2,3,0,0,0,0.968534,0.983885,1.005052,3,0,334,63.62614,60.62614,64,0,0,63,-100,0,-88,0,40,28,120,0,0,0,3190,5,0,0,0,1067,237,0,0,0,538,4,0,2,0,272,0,0,0,0,62,251,0,4,0,0,49,1,1,0,0,0,0,0,0
7,40,3,3,0,0,0,0.998218,0.996907,1.074499,2,1,459,100,100,64,0,0,-62,-9,-88,0,0,40,28,262,0,0,0,3190,0,0,0,0,1067,406,0,0,0,538,9,0,0,0,272,3,0,0,0,62,32,0,0,0,0,0,0,0,0,0,0,0,0,0
1,1,0,49,0,6,0,1.003122,1.000253,1.004191,0,0,334,100,100,0,0,0,0,2,0,2,0,40,0,43,36,0,0,2816,201,0,12,0,932,62,0,24,0,388,25,0,48,0,272,1,0,24,0,68,85,96,78,0,0,15,24,9,0,0,9,9,0,0
1,1,1,50,0,6,0,1.004033,0.998556,1.002814,0,0,334,100,100,0,0,0,2,0,2,2,0,40,0,50,39,0,0,2816,200,0,13,0,932,63,0,26,0,388,25,0,48,0,272,1,0,24,0,68,84,96,79,0,0,15,24,9,0,0,9,9,0,0
1,1,2,48,0,6,0,1.00576,1.000005,1.004865,0,0,334,100,100,0,0,0,0,2,0,0,0,40,0,46,36,0,0,2816,201,0,12,0,932,62,0,24,0,388,27,0,46,0,272,2,0,23,0,68,83,92,76,0,0,14,23,9,0,0,9,9,0,0
1,1,3,47,0,6,0,1.004186,0.993837,1.002492,0,0,334,100,100,0,0,0,2,2,0,0,0,40,0,43,33,0,0,2816,202,0,11,0,932,61,0,22,0,388,22,0,48,0,272,1,0,24,0,68,86,96,77,0,0,15,24,9,0,0,9,9,0,0
1,2,0,46,0,12,0,1.004294,0.999287,1.007603,9,0,334,100,100,0,0,0,0,2,2,4,0,40,0,39,33,0,0,2816,237,0,11,0,950,73,0,22,0,436,6,0,46,0,272,0,0,1,0,0,31,4,75,0,0,29,23,9,0,0,9,9,0,0
1,2,1,48,0,12,0,1.003871,1.000376,1.003598,9,0,334,100,100,0,0,0,2,0,4,4,0,40,0,48,39,0,0,2816,233,0,13,0,950,76,0,26,0,436,9,0,44,0,272,0,0,1,0,0,28,4,75,0,0,28,22,9,0,0,9,9,0,0
1,2,2,41,0,12,0,1.007555,0.997575,1.004353,7,0,334,100,100,0,0,0,2,4,0,0,0,40,0,41,33,0,0,2816,222,0,11,0,950,73,0,22,0,436,14,0,38,0,272,0,0,2,0,0,38,8,67,0,0,24,19,9,0,0,9,9,0,0
1,2,3,47,0,12,0,1.004186,0.993837,1.002492,9,0,334,100,100,0,0,0,4,4,0,0,0,40,0,38,33,0,0,2816,240,0,11,0,950,72,0,22,0,436,0,0,46,0,272,0,0,1,0,0,32,4,75,0,0,29,23,9,0,0,9,9,0,0
1,3,0,39,0,16,0,1.000812,0.999406,1.012439,17,0,334,100,100,0,0,0,0,2,2,6,0,40,1,32,24,0,0,3200,183,0,8,0,959,81,0,16,0,531,0,0,12,0,179,2,0,19,0,0,85,76,38,0,0,26,6,9,0,0,9,9,0,0
1,3,1,47,0,16,0,1.003882,0.999959,1.004987,18,0,334,100,100,0,0,0,2,0,6,6,0,40,1,41,36,0,0,3200,173,0,12,0,959,88,0,24,0,531,1,0,10,0,179,8,0,22,0,0,93,88,40,0,0,24,5,9,0,0,9,9,0,0
1,3,2,39,0,16,0,1.010354,0.998607,1.003781,15,0,334,100,100,0,0,0,2,6,0,0,0,40,1,41,30,0,0,3200,171,0,10,0,959,83,0,20,0,531,1,0,16,0,179,3,0,18,0,0,84,72,42,0,0,24,8,8,0,0,8,8,0,0
1,3,3,41,0,16,0,1.00448,0.996284,1.006433,17,0,334,100,100,0,0,0,6,6,0,0,0,40,1,28,24,0,0,3200,185,0,8,0,959,80,0,16,0,531,0,0,2,0,179,0,0,21,0,0,105,84,28,0,0,21,1,9,0,0,9,9,0,0
1,4,0,35,2,18,0,1.00457,1.002122,1.007446,25,0,334,100,100,0,0,0,0,2,4,8,0,40,0,26,21,0,0,2896,209,0,7,0,984,88,0,14,0,455,0,0,24,0,242,0,0,5,0,7,81,20,41,0,0,33,12,5,0,0,5,5,0,0
1,4,1,44,2,18,0,1.003926,1.00166,1.00844,27,0,334,100,100,0,0,0,2,0,8,8,0,40,0,43,36,0,0,2896,202,0,12,0,984,99,0,24,0,455,0,0,26,0,242,0,0,17,0,7,120,68,56,0,0,28,13,9,0,0,9,9,0,0
1,4,2,39,2,18,0,1.011678,0.99871,1.007283,22,0,334,100,100,0,0,0,4,8,0,0,0,40,0,41,30,0,0,2896,202,0,10,0,984,93,0,20,0,455,1,0,30,0,242,0,0,6,0,7,66,24,54,0,0,32,15,7,0,0,7,7,0,0
1,4,3,32,2,18,0,1.007291,0.988467,1.007919,25,0,334,100,100,0,0,0,8,8,0,0,0,40,0,19,15,0,0,2896,203,0,5,0,984,85,0,10,0,455,1,0,6,0,242,0,0,15,0,7,160,60,19,0,0,20,3,4,0,0,4,4,0,0
1,5,0,27,0,23,4,1.000598,0.999019,1.018417,24,0,334,100,100,0,0,0,0,-2,-2,0,0,40,0,29,18,0,0,3032,168,0,6,0,992,94,0,12,0,445,0,0,16,0,271,0,0,1,0,0,75,4,26,0,0,39,8,2,0,0,2,2,0,0
1,5,1,43,0,23,4,1.001035,1.002361,1.006497,36,0,334,100,100,0,0,0,-2,0,8,-2,0,40,0,44,36,0,0,3032,234,0,12,0,992,111,0,24,0,445,0,0,32,0,271,0,0,0,0,0,82,0,52,0,0,40,16,4,0,0,4,4,0,0
1,5,2,37,0,23,4,1.015929,1.000766,1.007151,28,0,334,100,100,0,0,0,-2,8,0,-2,0,40,0,34,24,0,0,3032,235,0,8,0,992,101,0,16,0,445,1,0,30,0,271,0,0,0,0,0,35,0,48,0,0,42,15,5,0,0,5,5,0,0
1,5,3,20,0,23,4,1.00409,0.989095,1.009852,20,0,334,100,100,0,0,0,0,-2,-2,0,0,40,0,18,12,0,0,3032,167,0,4,0,992,89,0,8,0,445,1,0,18,0,271,0,0,0,0,0,151,0,22,0,0,29,9,0,0,0,0,0,0,0
1,6,0,27,0,7,0,1.000598,0.999019,1.018417,26,0,334,100,100,0,0,0,0,0,-2,2,0,40,4,29,18,0,0,3104,183,0,6,0,1001,100,0,12,0,445,1,0,20,0,272,0,0,0,0,68,47,0,28,0,0,48,10,1,0,0,1,1,0,0
1,6,1,42,0,7,0,0.998061,0.999444,1.006766,39,0,334,100,100,0,0,0,0,0,10,-2,0,40,4,47,36,0,0,3104,179,0,12,0,1001,123,0,24,0,445,1,0,30,0,272,0,0,0,0,68,36,0,46,0,0,53,15,2,0,0,2,2,0,0
1,6,2,33,0,7,0,1.015302,0.999651,1.005439,32,0,334,100,100,0,0,0,-2,10,0,-2,0,40,4,24,15,0,0,3104,193,0,5,0,1001,115,0,10,0,445,0,0,30,0,272,0,0,0,0,68,0,0,35,0,0,57,15,0,0,0,0,0,0,0
1,6,3,18,0,7,0,0.999944,0.984726,1.009065,18,0,334,100,100,0,0,0,2,-2,-2,0,0,40,4,16,9,0,0,3104,192,0,3,0,1001,92,0,6,0,445,1,0,18,0,272,0,0,0,0,68,130,0,21,0,0,38,9,0,0,0,0,0,0,0
1,7,0,27,0,9,0,1.000598,0.999019,1.018417,27,0,334,100,100,0,0,0,0,0,0,4,0,40,5,28,18,0,0,3024,198,0,6,0,1007,106,0,12,0,528,0,0,4,0,206,4,0,14,0,0,110,56,10,0,0,50,2,0,0,0,0,0,0,0
1,7,1,41,0,9,0,1.000139,1.000326,1.005096,40,0,334,100,100,0,0,0,0,0,12,0,0,40,5,49,36,0,0,3024,197,0,12,0,1007,135,0,24,0,528,0,0,8,0,206,7,0,17,0,0,99,68,22,0,0,56,4,1,0,0,1,1,0,0
1,7,2,26,0,9,0,1.019029,0.997126,1.009895,26,0,334,100,100,0,0,0,0,12,0,-2,0,40,5,26,21,0,0,3024,193,0,7,0,1007,119,0,14,0,528,1,0,2,0,206,0,0,12,0,0,56,48,9,0,0,58,1,0,0,0,0,0,0,0
1,7,3,17,0,9,0,0.992532,0.976481,1.009882,17,0,334,100,100,0,0,0,4,0,-2,0,0,40,5,14,9,0,0,3024,171,0,3,0,1007,95,0,6,0,528,0,0,4,0,206,4,0,8,0,0,169,32,7,0,0,40,2,0,0,0,0,0,0,0
1,8,0,21,0,15,0,0.986819,0.984608,1.015543,21,0,334,100,100,0,0,0,0,0,0,6,0,40,3,26,18,0,0,3089,165,0,6,0,1007,112,0,12,0,455,5,0,16,0,272,0,0,4,0,9,112,16,22,0,0,58,8,0,0,0,0,0,0,0
1,8,1,35,0,15,0,0.999256,0.994464,1.001958,35,0,334,100,100,0,0,0,0,0,14,2,0,40,3,52,36,0,0,3089,216,0,12,0,1007,147,0,24,0,455,10,0,22,0,272,0,0,7,0,9,99,28,34,0,0,67,11,0,0,0,0,0,0,0
1,8,2,25,0,15,0,1.017209,0.994471,1.012048,25,0,334,100,100,0,0,0,0,14,0,0,0,40,3,29,21,0,0,3089,160,0,7,0,1007,126,0,14,0,455,0,0,22,0,272,0,0,0,0,9,42,0,29,0,0,69,11,0,0,0,0,0,0,0
1,8,3,15,0,15,0,0.996633,0.970625,1.005102,15,0,334,100,100,0,0,0,6,2,0,0,0,40,3,10,6,0,0,3089,191,0,2,0,1007,97,0,4,0,455,1,0,14,0,272,0,0,4,0,9,175,16,16,0,0,47,7,0,0,0,0,0,0,0
1,9,0,19,0,5,0,0.986749,0.976491,1.011215,19,0,334,100,100,0,0,0,0,0,0,6,0,40,1,27,15,0,0,3128,171,0,5,0,1021,111,0,10,0,516,0,0,10,0,239,3,0,8,0,5,141,32,15,0,0,63,5,0,0,0,0,0,0,0
1,9,1,35,0,5,0,0.999256,0.994464,1.001958,35,0,334,100,100,0,0,0,0,0,14,4,0,40,1,63,36,0,0,3128,169,0,12,0,1021,154,0,24,0,516,0,0,20,0,239,0,0,11,0,5,128,44,32,0,0,77,10,0,0,0,0,0,0,0
1,9,2,24,0,5,0,1.015084,0.997102,1.011598,24,0,334,100,100,0,0,0,0,14,0,0,0,40,1,34,21,0,0,3128,168,0,7,0,1021,130,0,14,0,516,0,0,10,0,239,0,0,5,0,5,62,20,17,0,0,74,5,0,0,0,0,0,0,0
1,9,3,13,0,5,0,0.99516,0.972656,1.011561,13,0,334,100,100,0,0,0,6,4,0,0,0,40,1,12,6,0,0,3128,174,0,2,0,1021,99,0,4,0,516,0,0,2,0,239,1,0,5,0,5,208,20,4,0,0,48,1,0,0,0,0,0,0,0
1,10,0,19,0,2,0,0.986749,0.976491,1.011215,19,0,334,100,100,0,0,0,0,-8,6,12,0,40,14,30,15,0,0,3024,179,0,5,0,1010,116,0,10,0,484,2,0,16,0,242,0,0,3,0,30,144,12,21,0,0,71,8,0,0,0,0,0,0,0
1,10,1,33,0,2,0,1.001946,0.994121,0.998483,33,0,334,100,100,0,0,0,-8,0,-8,-8,0,40,14,69,36,0,0,3024,178,0,12,0,1010,166,0,24,0,484,1,0,14,0,242,12,0,9,0,30,144,36,26,0,0,84,7,0,0,0,0,0,0,0
1,10,2,24,0,2,0,1.015084,0.997102,1.011598,24,0,334,100,100,0,0,0,6,-8,0,4,0,40,14,37,21,0,0,3024,177,0,7,0,1010,137,0,14,0,484,1,0,8,0,242,0,0,9,0,30,100,36,15,0,0,78,4,0,0,0,0,0,0,0
1,10,3,13,0,2,0,0.99516,0.972656,1.011561,13,0,334,100,100,0,0,0,12,-8,4,0,0,40,14,12,6,0,0,3024,191,0,2,0,1010,101,0,4,0,484,8,0,10,0,242,0,0,1,0,30,203,4,12,0,0,53,5,0,0,0,0,0,0,0
1,11,0,18,0,1,0,0.986105,0.972267,1.012252,18,0,334,100,100,0,0,0,0,-14,12,16,0,40,11,32,12,0,0,3072,188,0,4,0,1010,120,0,8,0,500,1,0,14,0,272,0,0,0,0,37,132,0,18,0,0,78,7,0,0,0,0,0,0,0
1,11,1,33,0,1,0,1.001946,0.994121,0.998483,33,0,334,100,100,0,0,0,-14,0,-16,-14,0,40,11,78,36,0,0,3072,189,0,12,0,1010,178,0,24,0,500,1,0,14,0,272,3,0,9,0,37,157,36,26,0,0,91,7,0,0,0,0,0,0,0
1,11,2,24,0,1,0,1.015084,0.997102,1.011598,24,0,334,100,100,0,0,0,12,-16,0,8,0,40,11,41,21,0,0,3072,186,0,7,0,1010,144,0,14,0,500,1,0,12,0,272,0,0,0,0,37,90,0,19,0,0,84,6,0,0,0,0,0,0,0
1,11,3,13,0,1,0,0.99516,0.972656,1.011561,13,0,334,100,100,0,0,0,16,-14,8,0,0,40,11,12,6,0,0,3072,176,0,2,0,1010,103,0,4,0,500,3,0,10,0,272,0,0,0,0,37,204,0,12,0,0,58,5,0,0,0,0,0,0,0
1,12,0,19,3,1,0,0.987298,0.973405,1.007343,18,0,334,100,100,0,0,0,0,-22,16,22,1,40,4,34,12,0,0,3072,166,0,4,0,1019,124,0,8,0,498,1,0,6,0,240,0,0,6,0,68,146,24,10,0,0,81,3,0,0,0,0,0,0,0
1,12,1,33,3,1,0,1.001946,0.994121,0.998483,33,0,334,100,100,0,0,0,-22,0,-22,-18,0,40,4,91,36,0,0,3072,200,0,12,0,1019,187,0,24,0,498,4,0,18,0,240,5,0,9,0,68,163,36,30,0,0,100,9,0,0,0,0,0,0,0
1,12,2,25,3,1,0,1.014806,0.994683,1.013628,24,0,334,100,100,0,0,0,16,-22,0,12,0,40,4,47,21,0,0,3072,195,0,7,0,1019,148,0,14,0,498,0,0,10,0,240,0,0,9,0,68,109,36,17,0,0,89,5,0,0,0,0,0,0,0
1,12,3,13,3,1,0,0.986169,0.974661,1.013942,12,0,334,100,100,0,0,0,22,-18,12,0,1,40,4,14,6,0,0,3072,185,0,2,0,1019,105,0,4,0,498,5,0,8,0,240,2,0,4,0,68,210,16,10,0,0,62,4,0,0,0,0,0,0,0
1,13,0,18,3,8,0,0.991496,0.965325,1.003963,17,0,334,100,100,4,0,0,0,-30,30,24,2,40,2,35,12,0,0,3168,167,0,4,0,1010,128,0,8,0,536,1,0,0,0,213,11,0,7,0,0,182,28,4,0,0,81,0,0,0,0,0,0,0,0
1,13,1,31,3,8,0,0.996238,1.00001,0.99651,29,0,334,100,100,4,0,0,-30,0,-46,-26,0,40,2,103,36,0,0,3168,155,0,12,0,1010,199,0,24,0,536,1,0,10,0,213,7,0,7,0,0,184,28,22,0,0,105,5,0,0,0,0,0,0,0
1,13,2,23,3,8,0,1.014805,1.000102,1.009476,23,0,334,57.65406,54.65406,4,0,0,30,-46,0,26,2,40,2,52,21,0,0,3168,163,0,7,0,1010,155,0,14,0,536,0,0,0,0,213,1,0,11,0,0,162,44,9,0,0,88,0,1,0,0,0,0,0,0
1,13,3,13,3,8,0,0.986169,0.974661,1.013942,12,0,334,100,100,4,0,0,24,-26,26,0,2,40,2,19,9,0,0,3168,169,0,3,0,1010,108,0,6,0,536,1,0,4,0,213,15,0,4,0,0,233,16,9,0,0,63,2,1,0,0,1,1,0,0
1,14,0,16,1,10,0,0.998405,0.968544,0.998088,14,0,334,100,100,9,1,1,0,-38,36,30,2,40,10,36,12,0,0,3086,169,0,4,0,1028,132,0,8,0,525,0,0,6,0,270,6,0,6,0,14,203,24,12,0,0,83,3,1,0,0,1,1,0,0
1,14,1,28,1,10,0,0.997594,1.00378,0.996904,27,0,334,94.370546,91.370546,9,1,1,-38,0,-68,-48,0,40,10,116,36,0,0,3086,146,0,12,0,1028,204,0,24,0,525,1,0,6,0,270,0,0,7,0,14,207,28,22,0,0,106,3,2,0,0,1,1,0,0
1,14,2,21,1,10,0,1.014103,0.998121,1.015326,21,0,334,41.866802,38.866802,9,1,1,36,-68,0,36,2,40,10,55,18,0,0,3086,166,0,6,0,1028,158,0,12,0,525,1,0,2,0,270,0,0,2,0,14,177,8,10,0,0,88,1,1,0,0,0,0,0,0
1,14,3,11,1,10,0,0.987152,0.968006,1.015305,11,0,334,84.373731,81.373731,9,1,1,30,-48,36,0,2,40,10,17,6,0,0,3086,170,0,2,0,1028,105,0,4,0,525,0,0,6,0,270,11,0,4,0,14,250,16,10,0,0,65,3,1,0,0,0,0,0,0
1,15,0,15,0,7,0,1.001339,0.96882,1.001588,14,0,334,100,100,14,2,1,0,-46,42,36,2,40,4,40,12,0,0,3088,165,0,4,0,1019,136,0,8,0,517,1,0,8,0,259,3,0,5,0,40,217,20,14,0,0,86,4,1,0,0,1,1,0,0
1,15,1,26,0,7,0,0.995946,1.009589,0.99184,26,0,334,86.031132,83.031132,14,2,1,-46,0,-90,-70,0,40,4,134,36,0,0,3088,154,0,12,0,1019,216,0,24,0,517,1,0,6,0,259,0,0,3,0,40,202,12,20,0,0,108,3,1,0,0,0,0,0,0
1,15,2,19,0,7,0,1.013685,0.998492,1.015677,19,0,334,15.02437,12.02437,14,2,1,42,-90,0,48,2,40,4,62,18,0,0,3088,171,0,6,0,1019,161,0,12,0,517,1,0,4,0,259,0,0,3,0,40,194,12,12,0,0,89,2,1,0,0,0,0,0,0
1,15,3,9,0,7,0,0.991662,0.967187,1.017798,9,0,334,59.088423,56.088423,14,2,1,36,-70,48,0,2,40,4,20,6,0,0,3088,173,0,2,0,1019,107,0,4,0,517,4,0,4,0,259,11,0,2,0,40,250,8,8,0,0,66,2,1,0,0,0,0,0,0
1,16,0,13,2,6,1,0.99272,0.977142,1.007484,13,0,334,100,100,16,4,1,0,-54,40,37,2,40,4,47,12,0,0,3112,154,0,4,0,1022,140,0,8,0,514,6,0,8,0,258,1,0,4,0,38,230,16,12,0,0,90,4,0,0,0,0,0,0,0
1,16,1,28,2,6,1,1.001491,1.00464,0.992934,26,0,334,69.673081,66.673081,16,4,1,-54,0,-100,-88,0,40,4,154,36,0,0,3112,148,0,12,0,1022,228,0,24,0,514,1,0,8,0,258,0,0,4,0,38,199,16,22,0,0,111,4,1,0,0,0,0,0,0
1,16,2,18,2,6,1,1.019804,1.004217,1.015571,18,0,334,18.02437,15.02437,16,4,1,40,-100,0,51,2,40,4,67,15,0,0,3112,179,0,5,0,1022,166,0,10,0,514,1,0,2,0,258,0,0,4,0,38,219,16,9,0,0,89,1,1,0,0,0,0,0,0
1,16,3,6,2,6,1,1.007342,0.976772,1.026734,6,0,334,62.088423,59.088423,16,4,1,37,-88,51,0,2,40,4,21,3,0,0,3112,179,0,1,0,1022,108,0,2,0,514,6,0,4,0,258,11,0,2,0,38,251,8,7,0,0,67,2,1,0,0,0,0,0,0
1,17,0,12,1,5,1,0.994702,0.977204,1.005363,12,0,334,100,100,17,5,1,0,-56,41,37,2,40,3,52,9,0,0,3128,146,0,3,0,1025,143,0,6,0,499,10,0,8,0,272,0,0,1,0,23,232,4,11,0,0,94,4,0,0,0,0,0,0,0
1,17,1,28,1,5,1,1.001491,1.00464,0.992934,26,0,334,62.427408,59.427408,17,5,1,-56,0,-100,-96,0,40,3,174,36,0,0,3128,148,0,12,0,1025,240,0,24,0,499,4,0,18,0,272,0,0,0,0,23,176,0,34,0,0,118,9,2,0,0,1,1,0,0
1,17,2,16,1,5,1,1.019951,1.009677,1.014451,16,0,334,21.02437,18.02437,17,5,1,41,-100,0,56,2,40,3,71,15,0,0,3128,180,0,5,0,1025,171,0,10,0,499,1,0,6,0,272,0,0,0,0,23,223,0,13,0,0,91,3,1,0,0,0,0,0,0
1,17,3,5,1,5,1,1.008949,0.949046,1.020504,4,0,334,65.088423,62.088423,17,5,1,37,-96,56,0,2,40,3,25,3,0,0,3128,172,0,1,0,1025,109,0,2,0,499,10,0,2,0,272,10,0,1,0,23,258,4,5,0,0,67,1,1,0,0,0,0,0,0
1,18,0,11,0,10,0,0.988019,0.981376,1.003774,11,0,334,100,100,17,5,1,0,-56,43,37,2,40,14,54,9,0,0,3147,131,0,3,0,1058,137,0,6,0,544,2,0,8,0,245,0,0,3,0,4,247,12,11,0,0,98,4,0,0,0,0,0,0,0
1,18,1,26,0,10,0,1.001091,1.002742,0.992385,25,0,334,65.427408,62.427408,17,5,1,-56,0,-100,-96,0,40,14,186,30,0,0,3147,144,0,10,0,1058,235,0,20,0,544,0,0,4,0,245,9,0,9,0,4,211,36,18,0,0,118,2,2,0,0,1,1,0,0
1,18,2,11,0,10,0,1.031059,1.003593,1.004908,11,0,334,24.02437,21.02437,17,5,1,43,-100,0,58,2,40,14,72,12,0,0,3147,179,0,4,0,1058,172,0,8,0,544,1,0,0,0,245,1,0,5,0,4,246,20,6,0,0,90,0,1,0,0,0,0,0,0
1,18,3,3,0,10,0,0.986667,0.961828,1.00488,2,0,334,68.088423,65.088423,17,5,1,37,-96,58,0,2,40,14,25,3,0,0,3147,166,0,1,0,1058,107,0,2,0,544,6,0,4,0,245,8,0,2,0,4,275,8,7,0,0,68,2,1,0,0,0,0,0,0
1,19,0,10,0,5,0,0.992862,0.976579,1.00332,10,0,334,100,100,22,7,1,0,-62,50,33,2,40,13,56,6,0,0,3136,126,0,2,0,1043,139,0,4,0,517,3,0,8,0,269,0,0,3,0,42,255,12,10,0,0,102,4,0,0,0,0,0,0,0
1,19,1,25,0,5,0,1.001404,1.003744,0.994959,25,0,334,38.145079,35.145079,22,7,1,-62,0,-100,-100,0,40,13,200,30,0,0,3136,156,0,10,0,1043,245,0,20,0,517,1,0,14,0,269,1,0,8,0,42,220,32,26,0,0,132,7,1,0,0,0,0,0,0
1,19,2,10,0,5,0,1.029302,1.012411,1.011861,10,0,334,3,0,22,7,1,50,-100,0,67,2,40,13,77,9,0,0,3136,165,0,3,0,1043,175,0,6,0,517,0,0,4,0,269,0,0,1,0,42,258,4,9,0,0,75,2,1,0,0,0,0,0,0
1,19,3,1,0,5,0,0.987235,0.931015,1.062164,0,0,334,71.088423,68.088423,22,7,1,33,-100,67,0,2,40,13,25,0,0,0,3136,171,0,0,0,1043,107,0,0,0,517,4,0,2,0,269,7,0,1,0,42,275,4,4,0,0,68,1,1,0,0,0,0,0,0
1,20,0,9,0,3,0,0.998309,0.970432,1.004597,9,0,334,100,100,26,7,1,0,-70,52,45,2,40,11,60,6,0,0,3136,122,0,2,0,1043,141,0,4,0,527,3,0,8,0,272,0,0,0,0,53,251,0,10,0,0,106,4,0,0,0,0,0,0,0
1,20,1,24,0,3,0,0.999546,1.004347,0.998768,24,0,334,41.145079,38.145079,26,7,1,-70,0,-100,-100,0,40,11,215,30,0,0,3136,161,0,10,0,1043,255,0,20,0,527,1,0,8,0,272,0,0,1,0,53,207,4,20,0,0,143,4,1,0,0,0,0,0,0
1,20,2,9,0,3,0,1.030721,1.021742,1.005952,9,0,334,6,3,26,7,1,52,-100,0,81,2,40,11,82,9,0,0,3136,168,0,3,0,1043,178,0,6,0,527,1,0,0,0,272,0,0,0,0,53,259,0,5,0,0,74,0,1,0,0,0,0,0,0
1,20,3,1,0,3,0,0.987235,0.931015,1.062164,0,0,334,3,0,26,7,1,45,-100,81,0,2,40,11,25,0,0,0,3136,170,0,0,0,1043,107,0,0,0,527,2,0,2,0,272,6,0,1,0,53,275,4,4,0,0,60,1,1,0,0,0,0,0,0
1,21,0,9,2,4,0,0.999384,0.961668,1.014905,8,0,334,100,100,28,7,1,0,-74,57,48,2,40,18,65,6,0,0,3144,119,0,2,0,1046,143,0,4,0,529,0,0,6,0,254,3,0,3,0,68,255,12,8,0,0,109,3,0,0,0,0,0,0,0
1,21,1,24,2,4,0,1.003627,1.008925,0.999216,23,0,334,44.145079,41.145079,28,7,1,-74,0,-100,-100,0,40,18,230,30,0,0,3144,159,0,10,0,1046,265,0,20,0,529,1,0,6,0,254,5,0,7,0,68,217,28,18,0,0,161,3,1,0,0,0,0,0,0
1,21,2,7,2,4,0,1.013483,1.017337,1.021659,7,0,334,3,0,28,7,1,57,-100,0,89,2,40,18,81,6,0,0,3144,173,0,2,0,1046,177,0,4,0,529,0,0,4,0,254,0,0,0,0,68,251,0,8,0,0,67,2,1,0,0,0,0,0,0
1,21,3,1,2,4,0,0.987235,0.931015,1.062164,0,0,334,3,0,28,7,1,48,-100,89,0,2,40,18,25,0,0,0,3144,169,0,0,0,1046,107,0,0,0,529,0,0,2,0,254,5,0,1,0,68,275,4,4,0,0,52,1,1,0,0,0,0,0,0
1,22,0,7,1,5,0,0.993068,0.936336,1.008646,6,0,334,100,100,29,7,1,0,-76,60,52,1,40,14,68,6,0,0,3152,116,0,2,0,1046,145,0,4,0,511,5,0,4,0,272,1,0,2,0,61,255,8,8,0,0,110,2,1,0,0,1,1,0,0
1,22,1,23,1,5,0,1.005042,1.010828,0.998603,22,0,334,47.145079,44.145079,29,7,1,-76,0,-100,-100,0,40,14,249,30,0,0,3152,157,0,10,0,1046,275,0,20,0,511,10,0,12,0,272,0,0,5,0,61,214,20,26,0,0,165,6,2,0,0,1,1,0,0
1,22,2,7,1,5,0,1.036529,1.01136,1.010972,6,0,334,3,0,29,7,1,60,-100,0,94,1,40,14,82,3,0,0,3152,173,0,1,0,1046,178,0,2,0,511,1,0,2,0,272,0,0,0,0,61,250,0,5,0,0,59,1,1,0,0,0,0,0,0
1,22,3,0,1,5,0,0,0,0,0,0,334,3,3,29,7,1,52,-100,94,0,0,40,14,26,0,0,0,3152,168,0,0,0,1046,107,0,0,0,511,0,0,0,0,272,5,0,0,0,61,275,0,0,0,0,52,0,0,0,0,0,0,0,0
1,23,0,6,0,3,0,1.007583,0.926408,1.000101,6,0,334,100,100,30,7,1,0,-78,63,54,1,40,23,74,6,0,0,3168,107,0,2,0,1049,147,0,4,0,528,9,0,2,0,263,3,0,1,0,62,255,4,4,0,0,111,1,0,0,0,0,0,0,0
1,23,1,22,0,3,0,1.005758,1.011917,0.998604,22,1,459,50.145079,47.145079,30,7,1,-78,0,-100,-100,0,40,23,262,30,0,0,3168,148,0,10,0,1049,285,0,20,0,528,10,0,10,0,263,1,0,5,0,62,195,20,39,0,0,152,5,18,0,0,0,0,0,0
1,23,2,6,0,3,0,1.041213,1.010644,1.015242,5,0,334,3,0,30,7,1,63,-100,0,99,1,40,23,80,3,0,0,3168,173,0,1,0,1049,179,0,2,0,528,1,0,0,0,263,0,0,0,0,62,251,0,5,0,0,49,0,2,0,0,1,1,0,0
1,23,3,0,0,3,0,0,0,0,0,0,334,3,3,30,7,1,54,-100,99,0,0,40,23,28,0,0,0,3168,168,0,0,0,1049,107,0,0,0,528,0,0,0,0,263,5,0,0,0,62,275,0,0,0,0,52,0,0,0,0,0,0,0,0
1,24,0,5,0,6,0,1.004799,0.926068,0.988039,5,0,334,100,100,32,7,1,0,-82,69,56,1,40,27,77,6,0,0,3184,99,0,2,0,1052,149,0,4,0,526,13,0,2,0,265,2,0,1,0,65,255,4,4,0,0,112,1,0,0,0,0,0,0,0
1,24,1,18,0,6,0,1.005608,1.018233,0.998649,18,1,459,53.145079,50.145079,32,7,1,-82,0,-100,-100,0,40,27,276,30,0,0,3184,132,0,10,0,1052,295,0,20,0,526,16,0,6,0,265,1,0,3,0,65,189,12,18,0,0,154,3,1,0,0,0,0,0,0
1,24,2,5,0,6,0,1.060687,1.006392,1.019924,5,0,334,3,0,32,7,1,69,-100,0,100,1,40,27,79,3,0,0,3184,166,0,1,0,1052,177,0,2,0,526,1,0,0,0,265,0,0,0,0,65,251,0,3,0,0,32,0,1,0,0,0,0,0,0
1,24,3,0,0,6,0,0,0,0,0,0,334,3,3,32,7,1,56,-100,100,0,0,40,27,30,0,0,0,3184,168,0,0,0,1052,107,0,0,0,526,0,0,0,0,265,5,0,0,0,65,275,0,0,0,0,52,0,0,0,0,0,0,0,0
1,25,0,4,0,6,0,0.996458,0.914685,1.002297,4,0,334,100,100,34,7,1,0,-86,75,58,1,40,20,81,6,0,0,3176,92,0,2,0,1070,145,0,4,0,535,14,0,2,0,272,1,0,1,0,59,255,4,4,0,0,113,1,0,0,0,0,0,0,0
1,25,1,15,0,6,0,0.998883,1.007701,1.000961,15,1,459,56.145079,53.145079,34,7,1,-86,0,-100,-100,0,40,20,297,27,0,0,3176,121,0,9,0,1070,292,0,18,0,535,16,0,6,0,272,0,0,1,0,59,179,4,17,0,0,156,3,1,0,0,0,0,0,0
1,25,2,3,0,6,0,1.082599,0.964322,1.016238,3,0,334,3,0,34,7,1,75,-100,0,100,1,40,20,77,0,0,0,3176,169,0,0,0,1070,177,0,0,0,535,1,0,0,0,272,0,0,0,0,59,255,0,2,0,0,25,0,1,0,0,0,0,0,0
1,25,3,0,0,6,0,0,0,0,0,0,334,3,3,34,7,1,58,-100,100,0,0,40,20,32,0,0,0,3176,168,0,0,0,1070,107,0,0,0,535,0,0,0,0,272,5,0,0,0,59,275,0,0,0,0,52,0,0,0,0,0,0,0,0
1,26,0,4,1,4,0,0.996458,0.914685,1.002297,4,0,334,100,100,36,7,1,0,-90,81,60,1,40,20,86,6,0,0,3192,86,0,2,0,1058,144,0,4,0,535,15,0,2,0,272,0,0,1,0,62,255,4,4,0,0,114,1,0,0,0,0,0,0,0
1,26,1,13,1,4,0,0.999218,0.999181,1.005808,13,1,459,59.145079,56.145079,36,7,1,-90,0,-100,-100,0,40,20,319,27,0,0,3192,105,0,9,0,1058,301,0,18,0,535,18,0,4,0,272,0,0,0,0,62,167,0,15,0,0,157,2,1,0,0,0,0,0,0
1,26,2,2,1,4,0,1.045877,0.993317,0.942738,1,0,334,3,0,36,7,1,81,-100,0,100,1,40,20,75,0,0,0,3192,166,0,0,0,1058,177,0,0,0,535,1,0,0,0,272,0,0,0,0,62,256,0,2,0,0,13,0,1,0,0,0,0,0,0
1,26,3,0,1,4,0,0,0,0,0,0,334,3,3,36,7,1,60,-100,100,0,0,40,20,34,0,0,0,3192,168,0,0,0,1058,107,0,0,0,535,0,0,0,0,272,5,0,0,0,62,275,0,0,0,0,52,0,0,0,0,0,0,0,0
1,27,0,3,0,5,0,0.961691,0.926441,1.033234,3,0,334,100,100,36,7,1,0,-90,83,60,0,40,29,87,3,0,0,3200,81,0,1,0,1058,145,0,2,0,543,13,0,2,0,269,2,0,1,0,65,256,4,3,0,0,115,1,0,0,0,0,0,0,0
1,27,1,11,0,5,0,0.991622,0.986973,0.99883,11,1,459,62.145079,59.145079,36,7,1,-90,0,-100,-100,0,40,29,342,27,0,0,3200,83,0,9,0,1058,310,0,18,0,543,17,0,2,0,269,0,0,0,0,65,157,0,13,0,0,157,1,1,0,0,0,0,0,0
1,27,2,0,0,5,0,0,0,0,0,0,334,3,3,36,7,1,83,-100,0,100,0,40,29,73,0,0,0,3200,164,0,0,0,1058,177,0,0,0,543,1,0,0,0,269,0,0,0,0,65,256,0,0,0,0,13,0,0,0,0,0,0,0,0
1,27,3,0,0,5,0,0,0,0,0,0,334,3,3,36,7,1,60,-100,100,0,0,40,29,34,0,0,0,3200,168,0,0,0,1058,107,0,0,0,543,0,0,0,0,269,5,0,0,0,65,275,0,0,0,0,52,0,0,0,0,0,0,0,0
1,28,0,3,0,1,0,0.961691,0.926441,1.033234,3,0,334,100,100,36,7,0,0,-90,83,60,0,40,27,89,3,0,0,3200,77,0,1,0,1058,146,0,2,0,540,14,0,2,0,272,1,0,1,0,68,257,4,3,0,0,116,1,0,0,0,0,0,0,0
1,28,1,10,0,1,0,1.00043,0.996125,0.996954,10,1,459,65.145079,62.145079,36,7,0,-90,0,-100,-100,0,40,27,364,24,0,0,3200,64,0,8,0,1058,318,0,16,0,540,16,0,2,0,272,0,0,0,0,68,145,0,12,0,0,157,1,1,0,0,0,0,0,0
1,28,2,0,0,1,0,0,0,0,0,0,334,3,3,36,7,0,83,-100,0,100,0,40,27,73,0,0,0,3200,164,0,0,0,1058,177,0,0,0,540,1,0,0,0,272,0,0,0,0,68,256,0,0,0,0,13,0,0,0,0,0,0,0,0
1,28,3,0,0,1,0,0,0,0,0,0,334,3,3,36,7,0,60,-100,100,0,0,40,27,34,0,0,0,3200,168,0,0,0,1058,107,0,0,0,540,0,0,0,0,272,5,0,0,0,68,275,0,0,0,0,52,0,0,0,0,0,0,0,0
1,29,0,3,0,0,0,0.961691,0.926441,1.033234,3,0,334,100,100,36,7,0,0,-90,83,60,0,40,30,93,3,0,0,3200,73,0,1,0,1061,147,0,2,0,544,12,0,2,0,271,1,0,1,0,62,261,4,3,0,0,117,1,0,0,0,0,0,0,0
1,29,1,10,0,0,0,1.00043,0.996125,0.996954,10,1,459,68.145079,65.145079,36,7,0,-90,0,-100,-100,0,40,30,384,24,0,0,3200,46,0,8,0,1061,326,0,16,0,544,14,0,2,0,271,0,0,0,0,62,136,0,12,0,0,157,1,1,0,0,0,0,0,0
1,29,2,0,0,0,0,0,0,0,0,0,334,3,3,36,7,0,83,-100,0,100,0,40,30,73,0,0,0,3200,164,0,0,0,1061,177,0,0,0,544,1,0,0,0,271,0,0,0,0,62,256,0,0,0,0,13,0,0,0,0,0,0,0,0
1,29,3,0,0,0,0,0,0,0,0,0,334,3,3,36,7,0,60,-100,100,0,0,40,30,34,0,0,0,3200,168,0,0,0,1061,107,0,0,0,544,0,0,0,0,271,5,0,0,0,62,275,0,0,0,0,52,0,0,0,0,0,0,0,0
1,30,0,3,0,0,0,0.961691,0.926441,1.033234,3,0,334,100,100,36,7,0,0,-90,83,60,0,40,28,97,3,0,0,3200,69,0,1,0,1061,148,0,2,0,542,10,0,2,0,270,2,0,1,0,62,265,4,3,0,0,118,1,0,0,0,0,0,0,0
1,30,1,10,0,0,0,1.00043,0.996125,0.996954,10,2,584,71.145079,68.145079,36,7,0,-90,0,-100,-100,0,40,28,406,24,0,0,3200,28,0,8,0,1061,334,0,16,0,542,14,0,2,0,270,0,0,0,0,62,110,0,29,0,0,140,1,18,0,0,0,0,0,0
1,30,2,0,0,0,0,0,0,0,0,0,334,3,3,36,7,0,83,-100,0,100,0,40,28,73,0,0,0,3200,164,0,0,0,1061,177,0,0,0,542,1,0,0,0,270,0,0,0,0,62,256,0,0,0,0,13,0,0,0,0,0,0,0,0
1,30,3,0,0,0,0,0,0,0,0,0,334,3,3,36,7,0,60,-100,100,0,0,40,28,34,0,0,0,3200,168,0,0,0,1061,107,0,0,0,542,0,0,0,0,270,5,0,0,0,62,275,0,0,0,0,52,0,0,0,0,0,0,0,0
1,31,0,3,0,0,0,0.961691,0.926441,1.033234,3,0,334,100,100,36,7,0,0,-90,83,60,0,40,26,103,3,0,0,3200,65,0,1,0,1061,149,0,2,0,541,11,0,2,0,269,1,0,1,0,62,269,4,3,0,0,119,1,0,0,0,0,0,0,0
1,31,1,10,0,0,0,1.00043,0.996125,0.996954,10,2,584,74.145079,71.145079,36,7,0,-90,0,-100,-100,0,40,26,428,24,0,0,3200,10,0,8,0,1061,342,0,16,0,541,12,0,2,0,269,2,0,1,0,62,105,4,12,0,0,140,1,1,0,0,0,0,0,0
1,31,2,0,0,0,0,0,0,0,0,0,334,3,3,36,7,0,83,-100,0,100,0,40,26,73,0,0,0,3200,164,0,0,0,1061,177,0,0,0,541,1,0,0,0,269,0,0,0,0,62,256,0,0,0,0,13,0,0,0,0,0,0,0,0
1,31,3,0,0,0,0,0,0,0,0,0,334,3,3,36,7,0,60,-100,100,0,0,40,26,34,0,0,0,3200,168,0,0,0,1061,107,0,0,0,541,0,0,0,0,269,5,0,0,0,62,275,0,0,0,0,52,0,0,0,0,0,0,0,0
1,32,0,3,1,1,0,0.961691,0.926441,1.033234,3,0,334,100,100,36,7,0,0,-90,83,60,0,40,27,107,3,0,0,3200,61,0,1,0,1061,150,0,2,0,538,12,0,2,0,272,0,0,1,0,62,273,4,3,0,0,120,1,0,0,0,0,0,0,0
1,32,1,10,1,1,0,1.013287,0.991619,0.991584,9,2,584,77.145079,74.145079,36,7,0,-90,0,-100,-100,0,40,27,425,0,0,0,3200,0,0,0,0,1061,363,0,0,0,538,13,0,2,0,272,1,0,1,0,62,108,4,4,0,0,140,1,1,0,0,0,0,0,0
1,32,2,0,1,1,0,0,0,0,0,0,334,3,3,36,7,0,83,-100,0,100,0,40,27,73,0,0,0,3200,164,0,0,0,1061,177,0,0,0,538,1,0,0,0,272,0,0,0,0,62,256,0,0,0,0,13,0,0,0,0,0,0,0,0
1,32,3,0,1,1,0,0,0,0,0,0,334,3,3,36,7,0,60,-100,100,0,0,40,27,34,0,0,0,3200,168,0,0,0,1061,107,0,0,0,538,0,0,0,0,272,5,0,0,0,62,275,0,0,0,0,52,0,0,0,0,0,0,0,0
1,33,0,4,1,0,0,0.960056,0.929928,1.040467,3,0,334,100,100,36,7,0,0,-90,83,60,0,40,23,112,3,0,0,3190,57,0,1,0,1061,151,0,2,0,544,10,0,2,0,266,2,0,1,0,62,277,4,3,0,0,121,1,0,0,0,0,0,0,0
1,33,1,10,1,0,0,1.013287,0.991619,0.991584,9,2,584,80.145079,77.145079,36,7,0,-90,0,-100,-100,0,40,23,423,0,0,0,3190,0,0,0,0,1061,387,0,0,0,544,11,0,2,0,266,3,0,1,0,62,109,4,6,0,0,139,1,2,0,0,1,1,0,0
1,33,2,0,1,0,0,0,0,0,0,0,334,3,3,36,7,0,83,-100,0,100,0,40,23,73,0,0,0,3190,164,0,0,0,1061,177,0,0,0,544,1,0,0,0,266,0,0,0,0,62,256,0,0,0,0,13,0,0,0,0,0,0,0,0
1,33,3,0,1,0,0,0,0,0,0,0,334,3,3,36,7,0,60,-100,100,0,0,40,23,34,0,0,0,3190,168,0,0,0,1061,107,0,0,0,544,0,0,0,0,266,5,0,0,0,62,275,0,0,0,0,52,0,0,0,0,0,0,0,0
1,34,0,4,0,0,0,0.960056,0.929928,1.040467,3,1,459,100,100,36,7,0,0,-90,83,60,0,40,29,115,3,0,0,3190,52,0,1,0,1061,152,0,2,0,544,6,0,4,0,270,2,0,2,0,59,267,8,24,0,0,105,2,18,0,0,1,1,0,0
1,34,1,10,0,0,0,1.013287,0.991619,0.991584,10,2,584,83.145079,80.145079,36,7,0,-90,0,-100,-100,0,40,29,420,0,0,0,3190,0,0,0,0,1061,411,0,0,0,544,9,0,2,0,270,2,0,1,0,59,112,4,4,0,0,139,1,1,0,0,0,0,0,0
1,34,2,0,0,0,0,0,0,0,0,0,334,3,3,36,7,0,83,-100,0,100,0,40,29,73,0,0,0,3190,164,0,0,0,1061,177,0,0,0,544,1,0,0,0,270,0,0,0,0,59,256,0,0,0,0,13,0,0,0,0,0,0,0,0
1,34,3,0,0,0,0,0,0,0,0,0,334,3,3,36,7,0,60,-100,100,0,0,40,29,34,0,0,0,3190,168,0,0,0,1061,107,0,0,0,544,0,0,0,0,270,5,0,0,0,59,275,0,0,0,0,52,0,0,0,0,0,0,0,0
1,35,0,4,0,0,0,0.960056,0.929928,1.040467,4,1,459,100,100,36,7,0,0,-90,83,60,0,40,22,122,3,0,0,3190,47,0,1,0,1061,153,0,2,0,540,5,0,4,0,272,0,0,2,0,59,276,8,5,0,0,107,2,0,0,0,0,0,0,0
1,35,1,10,0,0,0,1.013287,0.991619,0.991584,10,2,584,86.145079,83.145079,36,7,0,-90,0,-100,-100,0,40,22,420,0,0,0,3190,0,0,0,0,1061,435,0,0,0,540,8,0,2,0,272,1,0,1,0,59,115,4,4,0,0,139,1,1,0,0,0,0,0,0
1,35,2,0,0,0,0,0,0,0,0,0,334,3,3,36,7,0,83,-100,0,100,0,40,22,73,0,0,0,3190,164,0,0,0,1061,177,0,0,0,540,1,0,0,0,272,0,0,0,0,59,256,0,0,0,0,13,0,0,0,0,0,0,0,0
1,35,3,0,0,0,0,0,0,0,0,0,334,3,3,36,7,0,60,-100,100,0,0,40,22,34,0,0,0,3190,168,0,0,0,1061,107,0,0,0,540,0,0,0,0,272,5,0,0,0,59,275,0,0,0,0,52,0,0,0,0,0,0,0,0
1,36,0,4,0,2,0,0.960056,0.929928,1.040467,4,1,459,100,100,36,7,0,0,-90,83,60,0,40,24,127,3,0,0,3190,42,0,1,0,1061,154,0,2,0,538,4,0,4,0,272,0,0,0,0,59,277,0,5,0,0,109,2,0,0,0,0,0,0,0
1,36,1,8,0,2,0,0.996779,0.988123,0.988191,8,2,584,89.145079,86.145079,36,7,0,-90,0,-100,-100,0,40,24,420,0,0,0,3190,0,0,0,0,1061,456,0,0,0,538,6,0,2,0,272,0,0,1,0,59,118,4,4,0,0,139,1,1,0,0,0,0,0,0
1,36,2,0,0,2,0,0,0,0,0,0,334,3,3,36,7,0,83,-100,0,100,0,40,24,73,0,0,0,3190,164,0,0,0,1061,177,0,0,0,538,1,0,0,0,272,0,0,0,0,59,256,0,0,0,0,13,0,0,0,0,0,0,0,0
1,36,3,0,0,2,0,0,0,0,0,0,334,3,3,36,7,0,60,-100,100,0,0,40,24,34,0,0,0,3190,168,0,0,0,1061,107,0,0,0,538,0,0,0,0,272,5,0,0,0,59,275,0,0,0,0,52,0,0,0,0,0,0,0,0
1,37,0,4,0,1,0,0.960056,0.929928,1.040467,4,1,459,100,100,36,7,0,0,-90,83,60,0,40,27,132,3,0,0,3192,37,0,1,0,1064,155,0,2,0,541,3,0,4,0,272,0,0,0,0,59,278,0,5,0,0,111,2,0,0,0,0,0,0,0
1,37,1,7,0,1,0,1.001127,0.989425,0.998311,7,2,584,92.145079,89.145079,36,7,0,-90,0,-100,-100,0,40,27,417,0,0,0,3192,0,0,0,0,1064,477,0,0,0,541,6,0,0,0,272,0,0,0,0,59,116,0,2,0,0,138,0,1,0,0,0,0,0,0
1,37,2,0,0,1,0,0,0,0,0,0,334,3,3,36,7,0,83,-100,0,100,0,40,27,73,0,0,0,3192,164,0,0,0,1064,177,0,0,0,541,1,0,0,0,272,0,0,0,0,59,256,0,0,0,0,13,0,0,0,0,0,0,0,0
1,37,3,0,0,1,0,0,0,0,0,0,334,3,3,36,7,0,60,-100,100,0,0,40,27,34,0,0,0,3192,168,0,0,0,1064,107,0,0,0,541,0,0,0,0,272,5,0,0,0,59,275,0,0,0,0,52,0,0,0,0,0,0,0,0
1,38,0,3,0,1,0,0.961691,0.926441,1.033234,3,1,459,100,100,36,7,0,0,-90,85,62,0,40,28,132,3,0,0,3193,34,0,1,0,1064,156,0,2,0,541,4,0,2,0,272,0,0,0,0,68,275,0,3,0,0,112,1,0,0,0,0,0,0,0
1,38,1,7,0,1,0,1.001127,0.989425,0.998311,7,2,584,95.145079,92.145079,36,7,0,-90,0,-100,-100,0,40,28,413,0,0,0,3193,0,0,0,0,1064,498,0,0,0,541,6,0,0,0,272,0,0,0,0,68,114,0,2,0,0,137,0,1,0,0,0,0,0,0
1,38,2,0,0,1,0,0,0,0,0,0,334,3,3,36,7,0,85,-100,0,100,0,40,28,73,0,0,0,3193,163,0,0,0,1064,177,0,0,0,541,1,0,0,0,272,0,0,0,0,68,256,0,0,0,0,13,0,0,0,0,0,0,0,0
1,38,3,0,0,1,0,0,0,0,0,0,334,3,3,36,7,0,62,-100,100,0,0,40,28,34,0,0,0,3193,167,0,0,0,1064,107,0,0,0,541,0,0,0,0,272,5,0,0,0,68,275,0,0,0,0,52,0,0,0,0,0,0,0,0
1,39,0,2,0,1,0,0.955728,0.907022,1.05056,2,1,459,100,100,36,7,0,0,-90,87,64,0,40,32,135,3,0,0,3193,32,0,1,0,1073,157,0,2,0,541,2,0,2,0,272,0,0,0,0,65,275,0,3,0,0,113,1,0,0,0,0,0,0,0
1,39,1,7,0,1,0,1.001127,0.989425,0.998311,7,2,584,98.145079,95.145079,36,7,0,-90,0,-100,-100,0,40,32,410,0,0,0,3193,0,0,0,0,1073,510,0,0,0,541,6,0,0,0,272,0,0,0,0,65,112,0,2,0,0,136,0,1,0,0,0,0,0,0
1,39,2,0,0,1,0,0,0,0,0,0,334,3,3,36,7,0,87,-100,0,100,0,40,32,73,0,0,0,3193,162,0,0,0,1073,177,0,0,0,541,1,0,0,0,272,0,0,0,0,65,256,0,0,0,0,13,0,0,0,0,0,0,0,0
1,39,3,0,0,1,0,0,0,0,0,0,334,3,3,36,7,0,64,-100,100,0,0,40,32,34,0,0,0,3193,166,0,0,0,1073,107,0,0,0,541,0,0,0,0,272,5,0,0,0,65,275,0,0,0,0,52,0,0,0,0,0,0,0,0
1,40,0,2,0,0,0,0.955728,0.907022,1.05056,2,1,459,100,100,36,7,0,0,-90,89,66,0,40,26,140,3,0,0,3193,31,0,1,0,1064,158,0,2,0,544,0,0,2,0,272,0,0,0,0,65,275,0,3,0,0,114,1,0,0,0,0,0,0,0
1,40,1,7,0,0,0,1.001127,0.989425,0.998311,7,2,584,100,98.145079,36,7,0,-90,0,-100,-100,0,40,26,413,0,0,0,3193,0,0,0,0,1064,531,0,0,0,544,6,0,0,0,272,0,0,0,0,65,110,0,2,0,0,135,0,1,0,0,0,0,0,0
1,40,2,0,0,0,0,0,0,0,0,0,334,3,3,36,7,0,89,-100,0,100,0,40,26,73,0,0,0,3193,161,0,0,0,1064,177,0,0,0,544,1,0,0,0,272,0,0,0,0,65,256,0,0,0,0,13,0,0,0,0,0,0,0,0
1,40,3,0,0,0,0,0,0,0,0,0,334,3,3,36,7,0,66,-100,100,0,0,40,26,34,0,0,0,3193,165,0,0,0,1064,107,0,0,0,544,0,0,0,0,272,5,0,0,0,65,275,0,0,0,0,52,0,0,0,0,0,0,0,0
3,1,0,48,0,5,0,0.997897,0.996495,1.007206,0,0,334,100,100,0,0,0,0,2,2,2,0,40,0,49,39,0,0,2816,184,0,13,0,932,63,0,26,0,492,3,0,44,0,172,28,0,22,0,0,97,88,75,0,0,13,22,9,0,0,9,9,0,0
3,1,1,50,0,5,0,0.996939,0.995431,1.008426,0,0,334,100,100,0,0,0,2,0,2,2,0,40,0,49,39,0,0,2816,200,0,13,0,932,63,0,26,0,492,1,0,46,0,172,26,0,24,0,0,103,96,77,0,0,14,23,9,0,0,9,9,0,0
3,1,2,48,0,5,0,0.996396,0.994112,1.011742,0,0,334,100,100,0,0,0,2,2,0,2,0,40,0,48,39,0,0,2816,192,0,13,0,932,63,0,26,0,492,0,0,46,0,172,25,0,23,0,0,99,92,77,0,0,14,23,9,0,0,9,9,0,0
3,1,3,49,0,5,0,0.997789,0.998366,1.008344,0,0,334,100,100,0,0,0,2,2,2,0,0,40,0,46,39,0,0,2816,200,0,13,0,932,63,0,26,0,492,0,0,46,0,172,24,0,24,0,0,103,96,77,0,0,14,23,9,0,0,9,9,0,0
3,2,0,46,3,7,0,0.998763,0.998016,1.006583,9,0,334,100,100,0,0,0,0,2,4,4,0,40,1,46,39,0,0,2840,203,0,13,0,932,76,0,26,0,433,0,0,24,0,271,7,0,21,0,0,142,84,55,0,0,16,12,9,0,0,9,9,0,0
3,2,1,51,3,7,0,0.997128,0.994328,1.009017,9,0,334,100,100,0,0,0,2,0,4,4,0,40,1,48,39,0,0,2840,233,0,13,0,932,76,0,26,0,433,1,0,24,0,271,3,0,24,0,0,161,96,55,0,0,17,12,9,0,0,9,9,0,0
3,2,2,47,3,7,0,0.997928,0.99431,1.012119,9,0,334,100,100,0,0,0,4,4,0,4,0,40,1,49,39,0,0,2840,219,0,13,0,932,76,0,26,0,433,0,0,24,0,271,2,0,23,0,0,153,92,55,0,0,17,12,9,0,0,9,9,0,0
3,2,3,47,3,7,0,0.997205,1.001713,1.009092,9,0,334,100,100,0,0,0,4,4,4,0,0,40,1,44,36,0,0,2840,227,0,12,0,932,75,0,24,0,433,0,0,30,0,271,1,0,23,0,0,152,92,60,0,0,20,15,9,0,0,9,9,0,0
3,3,0,43,0,16,1,1.001122,0.998353,1.009602,17,0,334,100,100,0,0,0,0,0,4,0,0,40,0,46,36,0,0,3120,217,0,12,0,932,88,0,24,0,417,1,0,30,0,272,0,0,7,0,0,125,28,60,0,0,22,15,9,0,0,9,9,0,0
3,3,1,45,0,16,1,0.991649,0.988725,1.010661,17,0,334,100,100,0,0,0,0,0,6,6,0,40,0,52,42,0,0,3120,168,0,14,0,932,90,0,28,0,417,0,0,34,0,272,0,0,3,0,0,119,12,66,0,0,25,17,9,0,0,9,9,0,0
3,3,2,45,0,16,1,0.997382,0.995907,1.010187,16,0,334,100,100,0,0,0,4,6,0,4,0,40,0,54,39,0,0,3120,159,0,13,0,932,89,0,26,0,417,1,0,26,0,272,0,0,2,0,0,120,8,57,0,0,21,13,9,0,0,9,9,0,0
3,3,3,42,0,16,1,0.999053,0.999994,1.009213,18,0,334,100,100,0,0,0,0,6,4,0,0,40,0,32,27,0,0,3120,171,0,9,0,932,84,0,18,0,417,1,0,32,0,272,0,0,1,0,0,114,4,59,0,0,27,16,9,0,0,9,9,0,0
3,4,0,43,0,12,0,1.001122,0.998353,1.009602,26,0,334,100,100,0,0,0,0,0,6,2,0,40,0,46,36,0,0,2976,162,0,12,0,950,100,0,24,0,492,0,0,16,0,209,0,0,15,0,0,164,60,46,0,0,21,8,9,0,0,9,9,0,0
3,4,1,43,0,12,0,0.994548,0.990746,1.010643,25,0,334,100,100,0,0,0,0,0,8,8,0,40,0,58,42,0,0,2976,173,0,14,0,950,104,0,28,0,492,1,0,12,0,209,0,0,18,0,0,159,72,44,0,0,22,6,9,0,0,9,9,0,0
3,4,2,43,0,12,0,0.998356,0.996908,1.010577,23,0,334,100,100,0,0,0,6,8,0,4,0,40,0,53,39,0,0,2976,189,0,13,0,950,102,0,26,0,492,0,0,8,0,209,0,0,18,0,0,162,72,39,0,0,16,4,9,0,0,9,9,0,0
3,4,3,34,0,12,0,1.000924,1.00269,1.006424,26,0,334,100,100,0,0,0,2,8,4,0,0,40,0,25,21,0,0,2976,194,0,7,0,950,91,0,14,0,492,1,0,8,0,209,0,0,12,0,0,157,48,23,0,0,27,4,4,0,0,4,4,0,0
3,5,0,41,0,16,0,0.99942,0.996063,1.007808,33,0,334,100,100,0,0,0,0,-8,8,8,0,40,2,46,36,0,0,2907,171,0,12,0,953,112,0,24,0,498,1,0,12,0,254,0,0,5,0,65,152,20,32,0,0,23,6,4,0,0,4,4,0,0
3,5,1,38,0,16,0,0.991223,0.991324,1.012068,31,0,334,100,100,0,0,0,-8,0,10,-8,0,40,2,63,39,0,0,2907,173,0,13,0,953,117,0,26,0,498,1,0,8,0,254,0,0,5,0,65,150,20,29,0,0,22,4,4,0,0,4,4,0,0
3,5,2,40,0,16,0,0.99755,0.992769,1.008671,29,0,334,100,100,0,0,0,8,10,0,4,0,40,2,59,39,0,0,2907,221,0,13,0,953,115,0,26,0,498,1,0,8,0,254,0,0,2,0,65,137,8,33,0,0,14,4,6,0,0,6,6,0,0
3,5,3,28,0,16,0,0.997328,1.002253,0.998613,27,0,334,100,100,0,0,0,8,-8,4,0,0,40,2,23,18,0,0,2907,215,0,6,0,953,97,0,12,0,498,0,0,4,0,254,0,0,6,0,65,172,24,12,0,0,28,2,1,0,0,1,1,0,0
3,6,0,41,1,3,1,0.99942,0.996063,1.007808,37,0,334,100,100,0,0,0,0,-16,10,12,0,40,2,49,36,0,0,3080,182,0,12,0,956,124,0,24,0,531,1,0,4,0,229,0,0,14,0,0,205,56,20,0,0,23,2,2,0,0,2,2,0,0
3,6,1,37,1,3,1,0.990809,0.992734,1.011351,35,0,334,100,100,0,0,0,-16,0,12,-18,0,40,2,71,36,0,0,3080,179,0,12,0,956,129,0,24,0,531,1,0,6,0,229,0,0,12,0,0,195,48,20,0,0,24,3,1,0,0,1,1,0,0
3,6,2,41,1,3,1,0.998405,0.992547,1.009693,35,0,334,100,100,0,0,0,10,12,0,2,0,40,2,65,39,0,0,3080,168,0,13,0,956,128,0,26,0,531,0,0,2,0,229,0,0,10,0,0,173,40,21,0,0,12,1,3,0,0,3,3,0,0
3,6,3,26,1,3,1,0.997497,1.001158,1.001515,26,0,334,100,100,0,0,0,12,-18,2,0,0,40,2,20,18,0,0,3080,181,0,6,0,956,103,0,12,0,531,0,0,2,0,229,0,0,7,0,0,209,28,8,0,0,29,1,0,0,0,0,0,0,0
3,7,0,40,1,7,2,0.997871,0.996337,1.00479,39,0,334,100,100,0,0,0,0,-22,12,10,0,40,0,53,36,0,0,2944,193,0,12,0,956,136,0,24,0,543,1,0,0,0,214,2,0,18,0,0,279,72,14,0,0,22,0,1,0,0,1,1,0,0
3,7,1,35,1,7,2,0.993518,0.993555,1.009521,35,0,334,100,100,0,0,0,-22,0,14,-32,0,40,0,76,33,0,0,2944,179,0,11,0,956,140,0,22,0,543,1,0,0,0,214,0,0,15,0,0,261,60,11,0,0,24,0,0,0,0,0,0,0,0
3,7,2,40,1,7,2,0.997833,0.993907,1.0116,38,0,334,100,100,0,0,0,12,14,0,2,0,40,0,71,39,0,0,2944,202,0,13,0,956,141,0,26,0,543,0,0,0,0,214,0,0,12,0,0,223,48,15,0,0,11,0,1,0,0,1,1,0,0
3,7,3,24,1,7,2,1.001793,1.000228,1.00544,23,0,334,100,100,0,0,0,10,-32,2,0,0,40,0,26,18,0,0,2944,197,0,6,0,956,109,0,12,0,543,1,0,0,0,214,0,0,11,0,0,263,44,6,0,0,29,0,0,0,0,0,0,0,0
3,8,0,39,1,4,0,0.997851,0.996336,1.005682,39,0,334,100,100,4,0,0,0,-30,14,8,0,40,2,55,36,0,0,3008,197,0,12,0,962,148,0,24,0,514,1,0,14,0,255,0,0,2,0,0,278,8,26,0,0,29,7,0,0,0,0,0,0,0
3,8,1,35,1,4,0,0.993518,0.993555,1.009521,35,1,459,72.140796,69.140796,4,0,0,-30,0,16,-64,0,40,2,83,33,0,0,3008,173,0,11,0,962,151,0,22,0,514,1,0,2,0,255,0,0,12,0,0,294,48,32,0,0,7,1,18,0,0,0,0,0,0
3,8,2,40,1,4,0,0.997833,0.993907,1.0116,39,0,334,100,100,4,0,0,14,16,0,-2,0,40,2,77,39,0,0,3008,237,0,13,0,962,154,0,26,0,514,1,0,8,0,255,0,0,1,0,0,221,4,23,0,0,14,4,1,0,0,1,1,0,0
3,8,3,22,1,4,0,1.003947,1.003906,1.008905,20,0,334,100,100,4,0,0,8,-64,-2,0,0,40,2,31,18,0,0,3008,167,0,6,0,962,115,0,12,0,514,0,0,6,0,255,0,0,4,0,0,281,16,14,0,0,31,3,1,0,0,1,1,0,0
3,9,0,39,1,5,0,0.997056,0.99419,1.004582,38,0,334,100,100,7,0,0,0,-30,16,4,0,40,1,60,36,0,0,3064,202,0,12,0,959,160,0,24,0,511,0,0,12,0,269,0,0,0,0,0,271,0,24,0,0,35,6,0,0,0,0,0,0,0
3,9,1,35,1,5,0,0.993518,0.993555,1.009521,35,1,459,50.208336,47.208336,7,0,0,-30,0,18,-82,0,40,1,86,33,0,0,3064,167,0,11,0,959,162,0,22,0,511,1,0,12,0,269,0,0,0,0,0,288,0,25,0,0,12,6,1,0,0,0,0,0,0
3,9,2,38,1,5,0,0.99865,0.994894,1.011394,38,0,334,100,100,7,0,0,16,18,0,-6,0,40,1,91,39,0,0,3064,184,0,13,0,959,167,0,26,0,511,0,0,8,0,269,0,0,0,0,0,216,0,21,0,0,18,4,0,0,0,0,0,0,0
3,9,3,20,1,5,0,1.003803,1.009742,1.008552,19,1,459,100,100,7,0,0,4,-82,-6,0,0,40,1,37,21,0,0,3064,178,0,7,0,959,122,0,14,0,511,1,0,2,0,269,0,0,0,0,0,268,0,28,0,0,14,1,18,0,0,1,1,0,0
3,10,0,39,0,5,0,0.997056,0.99419,1.004582,38,0,334,100,100,9,0,0,0,-30,18,0,0,40,4,65,36,0,0,2992,215,0,12,0,959,172,0,24,0,496,0,0,24,0,258,0,0,0,0,2,250,0,38,0,0,46,12,1,0,0,1,1,0,0
3,10,1,33,0,5,0,0.989529,0.992886,1.010354,33,1,459,32.801165,29.801165,9,0,0,-30,0,20,-94,1,40,4,92,33,0,0,2992,145,0,11,0,959,173,0,22,0,496,0,0,10,0,258,0,0,8,0,2,314,32,23,0,0,16,5,1,0,0,0,0,0,0
3,10,2,38,0,5,0,0.99865,0.994894,1.011394,38,0,334,100,100,9,0,0,18,20,0,-10,1,40,4,101,39,0,0,2992,213,0,13,0,959,180,0,26,0,496,1,0,8,0,258,0,0,5,0,2,232,20,21,0,0,22,4,0,0,0,0,0,0,0
3,10,3,17,0,5,0,0.991671,1.021495,1.007659,17,1,459,100,100,9,0,0,0,-94,-10,0,0,40,4,43,18,0,0,2992,176,0,6,0,959,128,0,12,0,496,1,0,6,0,258,0,0,1,0,2,275,4,12,0,0,17,3,0,0,0,0,0,0,0
3,11,0,39,1,6,0,0.997056,0.99419,1.004582,39,1,459,100,100,14,0,0,0,-36,20,7,1,40,3,73,36,0,0,3168,164,0,12,0,962,184,0,24,0,521,1,0,2,0,242,0,0,13,0,47,278,52,31,0,0,30,1,17,0,0,0,0,0,0
3,11,1,32,1,6,0,0.990731,0.996726,1.013844,31,1,459,19.944649,16.944649,14,0,0,-36,0,16,-100,1,40,3,102,33,0,0,3168,125,0,11,0,962,184,0,22,0,521,0,0,8,0,242,0,0,6,0,47,322,24,21,0,0,19,4,1,0,0,0,0,0,0
3,11,2,38,1,6,0,0.99865,0.994894,1.011394,38,0,334,100,100,14,0,0,20,16,0,-14,2,40,3,111,39,0,0,3168,162,0,13,0,962,193,0,26,0,521,0,0,10,0,242,0,0,5,0,47,237,20,23,0,0,27,5,0,0,0,0,0,0,0
3,11,3,13,1,6,0,0.98353,1.028067,1.012002,13,1,459,75.990891,72.990891,14,0,0,7,-100,-14,0,0,40,3,42,12,0,0,3168,163,0,4,0,962,132,0,8,0,521,0,0,4,0,242,0,0,3,0,47,278,12,10,0,0,18,2,1,0,0,0,0,0,0
3,12,0,37,0,5,0,0.997994,0.992633,1.005503,37,1,459,100,100,16,0,0,0,-36,22,5,1,40,2,78,36,0,0,3032,169,0,12,0,965,196,0,24,0,487,0,0,22,0,272,0,0,0,0,0,261,0,34,0,0,41,11,0,0,0,0,0,0,0
3,12,1,31,0,5,0,0.993088,0.998894,1.016144,30,1,459,5.830736,2.830736,16,0,0,-36,0,18,-100,1,40,2,112,36,0,0,3032,97,0,12,0,965,196,0,24,0,487,0,0,18,0,272,0,0,0,0,0,306,0,34,0,0,26,9,2,0,0,1,1,0,0
3,12,2,38,0,5,0,0.99865,0.994894,1.011394,38,0,334,100,100,16,0,0,22,18,0,-18,2,40,2,118,39,0,0,3032,191,0,13,0,965,206,0,26,0,487,0,0,14,0,272,0,0,0,0,0,227,0,27,0,0,34,7,0,0,0,0,0,0,0
3,12,3,11,0,5,0,0.982733,1.027209,1.006945,11,1,459,78.990891,75.990891,16,0,0,5,-100,-18,0,0,40,2,47,12,0,0,3032,154,0,4,0,965,136,0,8,0,487,1,0,0,0,272,0,0,0,0,0,287,0,6,0,0,17,0,1,0,0,0,0,0,0
3,13,0,36,0,3,0,1.000226,0.994387,1.007252,36,1,459,100,100,17,0,0,0,-36,24,5,1,40,4,87,36,0,0,3048,176,0,12,0,965,208,0,24,0,493,0,0,20,0,272,0,0,0,0,2,244,0,32,0,0,51,10,0,0,0,0,0,0,0
3,13,1,31,0,3,0,0.993088,0.998894,1.016144,31,1,459,3,0,17,0,0,-36,0,23,-100,1,40,4,117,36,0,0,3048,70,0,12,0,965,208,0,24,0,493,1,0,16,0,272,0,0,0,0,2,293,0,30,0,0,33,8,1,0,0,0,0,0,0
3,13,2,38,0,3,0,0.99865,0.994894,1.011394,38,0,334,100,100,17,0,0,24,23,0,-20,2,40,4,131,39,0,0,3048,220,0,13,0,965,219,0,26,0,493,0,0,14,0,272,0,0,0,0,2,217,0,27,0,0,41,7,0,0,0,0,0,0,0
3,13,3,9,0,3,0,0.977602,1.017263,0.999969,9,1,459,81.990891,78.990891,17,0,0,5,-100,-20,0,0,40,4,54,12,0,0,3048,139,0,4,0,965,140,0,8,0,493,1,0,0,0,272,0,0,0,0,2,296,0,6,0,0,16,0,1,0,0,0,0,0,0
3,14,0,36,1,3,0,1.000226,0.994387,1.007252,36,1,459,100,100,17,0,1,0,-36,26,7,1,40,1,100,36,0,0,3120,184,0,12,0,971,220,0,24,0,536,1,0,2,0,244,0,0,11,0,0,293,44,14,0,0,52,1,0,0,0,0,0,0,0
3,14,1,31,1,3,0,0.994786,0.998693,1.01751,30,1,459,6,3,17,0,1,-36,0,25,-100,1,40,1,130,33,0,0,3120,52,0,11,0,971,219,0,22,0,536,0,0,2,0,244,0,0,11,0,0,339,44,15,0,0,33,1,1,0,0,0,0,0,0
3,14,2,36,1,3,0,0.998145,0.993031,1.012865,36,0,334,100,100,17,0,1,26,25,0,-20,2,40,1,137,36,0,0,3120,170,0,12,0,971,231,0,24,0,536,0,0,4,0,244,0,0,6,0,0,242,24,16,0,0,43,2,0,0,0,0,0,0,0
3,14,3,9,1,3,0,0.977602,1.017263,0.999969,9,1,459,84.990891,81.990891,17,0,1,7,-100,-20,0,0,40,1,64,12,0,0,3120,126,0,4,0,971,144,0,8,0,536,1,0,0,0,244,0,0,0,0,0,305,0,6,0,0,15,0,1,0,0,0,0,0,0
3,15,0,34,0,7,0,0.997757,0.99388,1.004721,34,1,459,100,100,17,0,1,0,-36,28,9,1,40,5,108,36,0,0,3056,176,0,12,0,974,232,0,24,0,488,0,0,22,0,272,0,0,0,0,2,276,0,34,0,0,63,11,0,0,0,0,0,0,0
3,15,1,29,0,7,0,0.995179,0.994867,1.017753,28,1,459,9,6,17,0,1,-36,0,29,-100,1,40,5,141,33,0,0,3056,27,0,11,0,974,230,0,22,0,488,0,0,20,0,272,0,0,0,0,2,321,0,35,0,0,41,10,2,0,0,1,1,0,0
3,15,2,33,0,7,0,0.996797,0.989536,1.015008,33,0,334,100,100,17,0,1,28,29,0,-20,2,40,5,142,30,0,0,3056,187,0,10,0,974,241,0,20,0,488,1,0,14,0,272,0,0,0,0,2,235,0,24,0,0,50,7,0,0,0,0,0,0,0
3,15,3,9,0,7,0,0.977602,1.017263,0.999969,9,1,459,87.990891,84.990891,17,0,1,9,-100,-20,0,0,40,5,74,12,0,0,3056,113,0,4,0,974,148,0,8,0,488,1,0,0,0,272,0,0,0,0,2,314,0,6,0,0,14,0,1,0,0,0,0,0,0
3,16,0,22,1,17,0,1.000068,0.994125,0.997014,22,1,459,100,100,17,0,1,0,-36,30,11,1,40,5,116,30,0,0,3078,172,0,10,0,980,242,0,20,0,498,7,0,10,0,272,0,0,0,0,2,256,0,20,0,0,68,5,0,0,0,0,0,0,0
3,16,1,28,1,17,0,0.992453,0.996952,1.017867,27,1,459,12,9,17,0,1,-36,0,33,-100,1,40,5,148,27,0,0,3078,8,0,9,0,980,239,0,18,0,498,0,0,12,0,272,0,0,0,0,2,315,0,23,0,0,46,6,1,0,0,0,0,0,0
3,16,2,30,1,17,0,1.000264,0.992729,1.015598,30,0,334,100,100,17,0,1,30,33,0,-20,2,40,5,144,27,0,0,3078,208,0,9,0,980,250,0,18,0,498,1,0,14,0,272,0,0,0,0,2,226,0,23,0,0,57,7,0,0,0,0,0,0,0
3,16,3,9,1,17,0,0.977602,1.017263,0.999969,9,1,459,90.990891,87.990891,17,0,1,11,-100,-20,0,0,40,5,83,12,0,0,3078,100,0,4,0,980,152,0,8,0,498,1,0,0,0,272,0,0,0,0,2,323,0,6,0,0,13,0,1,0,0,0,0,0,0
3,17,0,22,1,4,0,0.991115,0.996342,1.000208,21,1,459,100,100,17,0,1,0,-36,32,13,1,40,3,135,30,0,0,3124,180,0,10,0,992,252,0,20,0,515,3,0,10,0,265,0,0,0,0,1,236,0,20,0,0,73,5,0,0,0,0,0,0,0
3,17,1,26,1,4,0,0.992171,0.995109,1.019446,25,1,459,15,12,17,0,1,-36,0,37,-100,1,40,3,152,24,0,0,3124,9,0,8,0,992,247,0,16,0,515,0,0,14,0,265,0,0,0,0,1,310,0,26,0,0,51,7,2,0,0,1,1,0,0
3,17,2,29,1,4,0,0.99875,0.990505,1.015034,29,0,334,100,100,17,0,1,32,37,0,-20,2,40,3,151,27,0,0,3124,168,0,9,0,992,259,0,18,0,515,0,0,10,0,265,0,0,0,0,1,238,0,19,0,0,62,5,0,0,0,0,0,0,0
3,17,3,9,1,4,0,0.977602,1.017263,0.999969,9,1,459,93.990891,90.990891,17,0,1,13,-100,-20,0,0,40,3,90,12,0,0,3124,87,0,4,0,992,156,0,8,0,515,1,0,0,0,265,0,0,0,0,1,332,0,6,0,0,12,0,1,0,0,0,0,0,0
3,18,0,20,0,6,0,0.990841,0.999129,0.994046,19,1,459,100,100,17,0,1,0,-36,34,15,1,40,0,146,27,0,0,3071,189,0,9,0,995,261,0,18,0,496,6,0,12,0,272,0,0,0,0,16,216,0,23,0,0,78,6,1,0,0,1,1,0,0
3,18,1,23,0,6,0,0.992459,1.001266,1.020537,23,1,459,18,15,17,0,1,-36,0,41,-100,1,40,0,155,24,0,0,3071,9,0,8,0,995,255,0,16,0,496,0,0,18,0,272,0,0,0,0,16,296,0,28,0,0,59,9,1,0,0,0,0,0,0
3,18,2,28,0,6,0,0.998948,0.988471,1.018139,28,0,334,100,100,17,0,1,34,41,0,-20,2,40,0,157,27,0,0,3071,177,0,9,0,995,268,0,18,0,496,0,0,12,0,272,0,0,0,0,16,234,0,21,0,0,68,6,0,0,0,0,0,0,0
3,18,3,9,0,6,0,0.977602,1.017263,0.999969,9,1,459,96.990891,93.990891,17,0,1,15,-100,-20,0,0,40,0,100,12,0,0,3071,74,0,4,0,995,160,0,8,0,496,1,0,0,0,272,0,0,0,0,16,341,0,6,0,0,11,0,1,0,0,0,0,0,0
3,19,0,19,1,3,0,0.995289,1.000115,0.989189,19,1,459,100,100,17,0,1,0,-36,36,17,1,40,2,160,27,0,0,3130,160,0,9,0,998,270,0,18,0,544,0,0,6,0,237,4,0,5,0,0,236,20,15,0,0,81,3,0,0,0,0,0,0,0
3,19,1,22,1,3,0,0.991305,1.0042,1.017935,22,1,459,21,18,17,0,1,-36,0,43,-100,1,40,2,165,24,0,0,3130,1,0,8,0,998,263,0,16,0,544,0,0,0,0,237,7,0,8,0,0,335,32,10,0,0,58,0,1,0,0,0,0,0,0
3,19,2,28,1,3,0,0.992422,0.989727,1.019727,27,1,459,100,100,17,0,1,36,43,0,-20,2,40,2,169,27,0,0,3130,179,0,9,0,998,277,0,18,0,544,0,0,0,0,237,0,0,11,0,0,271,44,26,0,0,51,0,17,0,0,0,0,0,0
3,19,3,9,1,3,0,0.977602,1.017263,0.999969,9,1,459,99.990891,96.990891,17,0,1,17,-100,-20,0,0,40,2,110,12,0,0,3130,61,0,4,0,998,164,0,8,0,544,1,0,0,0,237,0,0,0,0,0,350,0,6,0,0,10,0,1,0,0,0,0,0,0
3,20,0,18,0,2,0,0.992056,0.999459,0.983432,18,1,459,100,100,17,0,1,0,-36,38,19,1,40,11,174,27,0,0,3091,164,0,9,0,998,279,0,18,0,525,1,0,8,0,270,0,0,4,0,19,235,16,17,0,0,85,4,0,0,0,0,0,0,0
3,20,1,21,0,2,0,0.99154,1.005385,1.018975,21,1,459,24,21,17,0,1,-36,0,47,-100,1,40,11,176,24,0,0,3091,1,0,8,0,998,271,0,16,0,525,0,0,6,0,270,0,0,7,0,19,364,28,16,0,0,60,3,1,0,0,0,0,0,0
3,20,2,28,0,2,0,0.992422,0.989727,1.019727,27,1,459,100,100,17,0,1,38,47,0,-20,2,40,11,175,27,0,0,3091,181,0,9,0,998,286,0,18,0,525,0,0,4,0,270,0,0,2,0,19,281,8,15,0,0,52,2,1,0,0,1,1,0,0
3,20,3,9,0,2,0,0.977602,1.017263,0.999969,9,1,459,100,99.990891,17,0,1,19,-100,-20,0,0,40,11,120,12,0,0,3091,48,0,4,0,998,168,0,8,0,525,1,0,0,0,270,0,0,0,0,19,359,0,6,0,0,9,0,1,0,0,0,0,0,0
3,21,0,17,0,3,0,0.993514,0.99447,0.982019,17,1,459,100,100,17,0,1,0,-36,40,21,2,40,16,185,24,0,0,3100,170,0,8,0,1001,287,0,16,0,544,1,0,0,0,232,8,0,4,0,19,243,16,8,0,0,85,0,0,0,0,0,0,0,0
3,21,1,21,0,3,0,0.99154,1.005385,1.018975,21,2,584,27,24,17,0,1,-36,0,49,-100,1,40,16,185,24,0,0,3100,1,0,8,0,1001,276,0,16,0,544,0,0,0,0,232,9,0,7,0,19,382,28,27,0,0,42,0,18,0,0,0,0,0,0
3,21,2,26,0,3,0,0.992117,0.987517,1.017441,26,1,459,100,100,17,0,1,40,49,0,-20,2,40,16,177,24,0,0,3100,184,0,8,0,1001,294,0,16,0,544,0,0,0,0,232,0,0,12,0,19,338,48,8,0,0,52,0,0,0,0,0,0,0,0
3,21,3,9,0,3,0,0.977602,1.017263,0.999969,9,1,459,100,100,17,0,1,21,-100,-20,0,1,40,16,130,12,0,0,3100,35,0,4,0,1001,172,0,8,0,544,1,0,0,0,232,0,0,0,0,19,370,0,4,0,0,9,0,0,0,0,0,0,0,0
3,22,0,15,0,6,0,0.989899,0.992501,0.97858,15,1,459,100,100,17,0,2,0,-36,42,25,2,40,9,193,18,0,0,3100,178,0,6,0,1019,293,0,12,0,518,2,0,8,0,261,4,0,4,0,22,245,16,14,0,0,89,4,0,0,0,0,0,0,0
3,22,1,20,0,6,0,0.991029,1.010592,1.017516,20,2,584,30,27,17,0,2,-36,0,51,-100,1,40,9,171,0,0,0,3100,1,0,0,0,1019,297,0,0,0,518,2,0,12,0,261,3,0,6,0,22,409,24,14,0,0,47,6,1,0,0,0,0,0,0
3,22,2,25,0,6,0,0.993111,0.983647,1.017841,25,1,459,100,100,17,0,2,42,51,0,-20,2,40,9,181,21,0,0,3100,190,0,7,0,1019,301,0,14,0,518,1,0,2,0,261,0,0,11,0,22,390,44,9,0,0,53,1,0,0,0,0,0,0,0
3,22,3,7,0,6,0,0.973301,1.002282,1.001799,7,1,459,100,100,17,0,2,25,-100,-20,0,1,40,9,137,9,0,0,3100,24,0,3,0,1019,175,0,6,0,518,1,0,0,0,261,0,0,0,0,22,379,0,3,0,0,9,0,0,0,0,0,0,0,0
3,23,0,13,1,7,0,0.996006,0.989138,0.980371,13,1,459,100,100,17,0,2,0,-36,44,29,2,40,2,197,12,0,0,3109,190,0,4,0,1025,297,0,8,0,512,5,0,8,0,266,0,0,4,0,25,249,16,12,0,0,93,4,0,0,0,0,0,0,0
3,23,1,19,1,7,0,0.99228,1.006714,1.018046,19,2,584,33,30,17,0,2,-36,0,53,-100,1,40,2,160,0,0,0,3109,1,0,0,0,1025,318,0,0,0,512,7,0,12,0,266,0,0,3,0,25,424,12,14,0,0,52,6,1,0,0,0,0,0,0
3,23,2,24,1,7,0,0.992437,0.98827,1.019567,23,2,584,100,100,17,0,2,44,53,0,-20,2,40,2,186,21,0,0,3109,197,0,7,0,1025,308,0,14,0,512,1,0,4,0,266,0,0,6,0,25,403,24,28,0,0,38,2,17,0,0,0,0,0,0
3,23,3,5,1,7,0,0.979943,1.003419,1.011295,5,1,459,100,100,17,0,2,29,-100,-20,0,1,40,2,143,6,0,0,3109,16,0,2,0,1025,177,0,4,0,512,1,0,0,0,266,0,0,0,0,25,386,0,2,0,0,9,0,0,0,0,0,0,0,0
3,24,0,11,1,8,0,0.988827,0.992631,0.989073,11,1,459,100,100,17,0,2,0,-36,46,33,2,40,11,203,12,0,0,3182,172,0,4,0,1028,301,0,8,0,540,3,0,6,0,238,2,0,3,0,47,256,12,10,0,0,96,3,0,0,0,0,0,0,0
3,24,1,19,1,8,0,0.99269,1.00178,1.019063,18,2,584,36,33,17,0,2,-36,0,57,-100,1,40,11,151,0,0,0,3182,1,0,0,0,1028,339,0,0,0,540,1,0,6,0,238,12,0,5,0,47,441,20,8,0,0,54,3,1,0,0,0,0,0,0
3,24,2,21,1,8,0,0.995924,0.990394,1.022281,20,2,584,100,100,17,0,2,46,57,0,-20,2,40,11,197,24,0,0,3182,164,0,8,0,1028,316,0,16,0,540,1,0,0,0,238,0,0,9,0,47,439,36,10,0,0,37,0,1,0,0,1,1,0,0
3,24,3,3,1,8,0,1.000661,1.040198,1.040148,3,1,459,100,100,17,0,2,33,-100,-20,0,1,40,11,142,3,0,0,3182,11,0,1,0,1028,178,0,2,0,540,1,0,0,0,238,0,0,0,0,47,386,0,1,0,0,9,0,0,0,0,0,0,0,0
3,25,0,10,1,6,0,0.98256,0.982824,0.985145,10,1,459,100,100,17,0,2,0,-36,48,37,2,40,7,214,12,0,0,3118,180,0,4,0,1043,302,0,8,0,520,6,0,6,0,272,0,0,2,0,33,254,8,10,0,0,99,3,0,0,0,0,0,0,0
3,25,1,18,1,6,0,0.998746,1.00537,1.024687,16,2,584,39,36,17,0,2,-36,0,61,-100,1,40,7,157,15,0,0,3118,4,0,5,0,1043,344,0,10,0,520,1,0,12,0,272,6,0,6,0,33,459,24,21,0,0,58,6,2,0,0,1,1,0,0
3,25,2,19,1,6,0,0.996477,0.98731,1.024368,19,2,584,100,100,17,0,2,48,61,0,-20,2,40,7,205,18,0,0,3118,168,0,6,0,1043,322,0,12,0,520,0,0,4,0,272,0,0,0,0,33,446,0,10,0,0,39,2,0,0,0,0,0,0,0
3,25,3,2,1,6,0,1.000355,1.024103,1.05451,2,1,459,100,100,17,0,2,37,-100,-20,0,1,40,7,141,0,0,0,3118,9,0,0,0,1043,178,0,0,0,520,1,0,0,0,272,0,0,0,0,33,389,0,0,0,0,9,0,0,0,0,0,0,0,0
3,26,0,9,0,8,0,0.982835,0.984582,0.984219,9,1,459,100,100,17,0,2,0,-36,48,39,1,40,19,218,9,0,0,3146,166,0,3,0,1049,305,0,6,0,511,9,0,6,0,272,0,0,0,0,22,261,0,9,0,0,102,3,0,0,0,0,0,0,0
3,26,1,15,0,8,0,0.994769,0.99112,1.022903,15,2,584,42,39,17,0,2,-36,0,65,-100,1,40,19,159,12,0,0,3146,5,0,4,0,1049,348,0,8,0,511,4,0,12,0,272,0,0,6,0,22,480,24,18,0,0,63,6,1,0,0,0,0,0,0
3,26,2,17,0,8,0,0.996854,0.988286,1.01592,17,2,584,100,100,17,0,2,48,65,0,-20,2,40,19,212,18,0,0,3146,166,0,6,0,1049,328,0,12,0,511,0,0,6,0,272,0,0,0,0,22,449,0,12,0,0,42,3,0,0,0,0,0,0,0
3,26,3,0,0,8,0,0,0,0,0,1,459,100,100,17,0,2,39,-100,-20,0,0,40,19,139,0,0,0,3146,8,0,0,0,1049,178,0,0,0,511,1,0,0,0,272,0,0,0,0,22,389,0,0,0,0,9,0,0,0,0,0,0,0,0
3,27,0,9,0,2,0,0.982835,0.984582,0.984219,9,1,459,100,100,17,0,0,0,-36,50,41,1,40,9,223,9,0,0,3134,177,0,3,0,1049,308,0,6,0,535,7,0,6,0,259,0,0,3,0,36,264,12,9,0,0,105,3,0,0,0,0,0,0,0
3,27,1,14,0,2,0,0.989616,0.995439,1.021276,14,3,709,45,42,17,0,0,-36,0,69,-100,1,40,9,163,12,0,0,3134,5,0,4,0,1049,352,0,8,0,535,0,0,6,0,259,5,0,5,0,36,483,20,29,0,0,48,3,18,0,0,0,0,0,0
3,27,2,16,0,2,0,0.993315,0.986809,1.011114,16,2,584,100,100,17,0,0,50,69,0,-20,2,40,9,220,18,0,0,3134,158,0,6,0,1049,334,0,12,0,535,1,0,2,0,259,0,0,0,0,36,458,0,8,0,0,43,1,0,0,0,0,0,0,0
3,27,3,0,0,2,0,0,0,0,0,1,459,100,100,17,0,0,41,-100,-20,0,0,40,9,139,0,0,0,3134,9,0,0,0,1049,178,0,0,0,535,1,0,0,0,259,0,0,0,0,36,389,0,0,0,0,9,0,0,0,0,0,0,0,0
3,28,0,9,1,1,0,0.982835,0.984582,0.984219,9,1,459,100,100,17,0,0,0,-36,52,43,1,40,14,231,9,0,0,3167,164,0,3,0,1049,311,0,6,0,538,2,0,6,0,270,0,0,1,0,20,281,4,9,0,0,108,3,0,0,0,0,0,0,0
3,28,1,13,1,1,0,0.988907,0.996123,1.020246,13,3,709,48,45,17,0,0,-36,0,73,-100,1,40,14,164,9,0,0,3167,6,0,3,0,1049,355,0,6,0,538,0,0,4,0,270,0,0,5,0,20,504,20,9,0,0,49,2,1,0,0,0,0,0,0
3,28,2,17,1,1,0,0.996778,0.989615,1.01272,16,2,584,100,100,17,0,0,52,73,0,-20,2,40,14,232,18,0,0,3167,151,0,6,0,1049,340,0,12,0,538,0,0,2,0,270,0,0,1,0,20,470,4,8,0,0,44,1,0,0,0,0,0,0,0
3,28,3,0,1,1,0,0,0,0,0,1,459,100,100,17,0,0,43,-100,-20,0,0,40,14,139,0,0,0,3167,10,0,0,0,1049,178,0,0,0,538,1,0,0,0,270,0,0,0,0,20,389,0,0,0,0,9,0,0,0,0,0,0,0,0
3,29,0,9,0,0,0,0.982835,0.984582,0.984219,9,1,459,100,100,17,0,0,0,-36,54,45,1,40,13,238,9,0,0,3137,175,0,3,0,1052,314,0,6,0,520,2,0,6,0,272,0,0,0,0,39,272,0,9,0,0,111,3,0,0,0,0,0,0,0
3,29,1,13,0,0,0,0.988907,0.996123,1.020246,13,3,709,51,48,17,0,0,-36,0,77,-100,1,40,13,167,9,0,0,3137,6,0,3,0,1052,358,0,6,0,520,5,0,10,0,272,0,0,0,0,39,501,0,15,0,0,53,5,1,0,0,0,0,0,0
3,29,2,17,0,0,0,0.996778,0.989615,1.01272,16,2,584,100,100,17,0,0,54,77,0,-20,2,40,13,242,18,0,0,3137,151,0,6,0,1052,346,0,12,0,520,1,0,2,0,272,0,0,0,0,39,477,0,10,0,0,44,1,1,0,0,1,1,0,0
3,29,3,0,0,0,0,0,0,0,0,1,459,100,100,17,0,0,45,-100,-20,0,0,40,13,139,0,0,0,3137,11,0,0,0,1052,178,0,0,0,520,1,0,0,0,272,0,0,0,0,39,389,0,0,0,0,9,0,0,0,0,0,0,0,0
3,30,0,8,0,2,0,0.98053,0.973606,0.980818,8,1,459,100,100,17,0,0,0,-36,56,47,1,40,13,241,6,0,0,3137,187,0,2,0,1070,313,0,4,0,514,5,0,6,0,272,0,0,0,0,39,264,0,8,0,0,114,3,0,0,0,0,0,0,0
3,30,1,12,0,2,0,0.988011,0.99624,1.023604,12,3,709,54,51,17,0,0,-36,0,81,-100,1,40,13,173,9,0,0,3137,6,0,3,0,1070,358,0,6,0,514,7,0,10,0,272,0,0,0,0,39,498,0,15,0,0,57,5,1,0,0,0,0,0,0
3,30,2,17,0,2,0,0.996778,0.989615,1.01272,17,2,584,100,100,17,0,0,56,81,0,-20,2,40,13,252,18,0,0,3137,151,0,6,0,1070,340,0,12,0,514,1,0,6,0,272,0,0,0,0,39,482,0,12,0,0,47,3,0,0,0,0,0,0,0
3,30,3,0,0,2,0,0,0,0,0,1,459,100,100,17,0,0,47,-100,-20,0,0,40,13,139,0,0,0,3137,12,0,0,0,1070,178,0,0,0,514,1,0,0,0,272,0,0,0,0,39,389,0,0,0,0,9,0,0,0,0,0,0,0,0
3,31,0,9,1,1,0,0.980943,0.98115,0.986648,8,1,459,100,100,17,0,0,0,-36,58,49,1,40,18,244,6,0,0,3162,176,0,2,0,1058,315,0,4,0,520,8,0,6,0,272,0,0,0,0,46,260,0,8,0,0,117,3,0,0,0,0,0,0,0
3,31,1,12,1,1,0,0.988011,0.99624,1.023604,12,3,709,57,54,17,0,0,-36,0,83,-100,1,40,18,176,9,0,0,3162,6,0,3,0,1058,361,0,6,0,520,9,0,10,0,272,0,0,0,0,46,486,0,15,0,0,61,5,1,0,0,0,0,0,0
3,31,2,16,1,1,0,0.995857,0.995826,1.011625,16,2,584,100,100,17,0,0,58,83,0,-20,2,40,18,260,15,0,0,3162,152,0,5,0,1058,342,0,10,0,520,0,0,4,0,272,0,0,0,0,46,488,0,9,0,0,49,2,0,0,0,0,0,0,0
3,31,3,0,1,1,0,0,0,0,0,1,459,100,100,17,0,0,49,-100,-20,0,0,40,18,139,0,0,0,3162,13,0,0,0,1058,178,0,0,0,520,1,0,0,0,272,0,0,0,0,46,389,0,0,0,0,9,0,0,0,0,0,0,0,0
3,32,0,7,1,2,0,0.983739,0.976987,0.98725,6,1,459,100,100,17,0,0,0,-36,60,51,1,40,16,246,6,0,0,3162,164,0,2,0,1058,317,0,4,0,517,3,0,8,0,272,0,0,0,0,22,265,0,12,0,0,120,4,1,0,0,1,1,0,0
3,32,1,13,1,2,0,0.99361,0.997585,1.025214,12,3,709,60,57,17,0,0,-36,0,87,-100,1,40,16,182,9,0,0,3162,6,0,3,0,1058,364,0,6,0,517,11,0,10,0,272,0,0,0,0,22,483,0,15,0,0,65,5,1,0,0,0,0,0,0
3,32,2,16,1,2,0,0.995857,0.995826,1.011625,16,2,584,100,100,17,0,0,60,87,0,-20,2,40,16,269,15,0,0,3162,154,0,5,0,1058,347,0,10,0,517,0,0,6,0,272,0,0,0,0,22,494,0,11,0,0,52,3,0,0,0,0,0,0,0
3,32,3,0,1,2,0,0,0,0,0,1,459,100,100,17,0,0,51,-100,-20,0,0,40,16,139,0,0,0,3162,14,0,0,0,1058,178,0,0,0,517,1,0,0,0,272,0,0,0,0,22,389,0,0,0,0,9,0,0,0,0,0,0,0,0
3,33,0,7,0,0,0,0.983739,0.976987,0.98725,7,1,459,100,100,17,0,0,0,-36,62,53,1,40,16,251,6,0,0,3129,178,0,2,0,1058,319,0,4,0,526,0,0,6,0,272,0,0,0,0,36,260,0,8,0,0,123,3,0,0,0,0,0,0,0
3,33,1,13,0,0,0,0.99361,0.997585,1.025214,12,3,709,63,60,17,0,0,-36,0,91,-100,1,40,16,187,9,0,0,3129,14,0,3,0,1058,367,0,6,0,526,8,0,12,0,272,0,0,0,0,36,476,0,19,0,0,69,6,2,0,0,1,1,0,0
3,33,2,16,0,0,0,0.995857,0.995826,1.011625,16,3,709,100,100,17,0,0,62,91,0,-20,2,40,16,277,15,0,0,3129,156,0,5,0,1058,352,0,10,0,526,0,0,6,0,272,0,0,0,0,36,483,0,28,0,0,38,3,17,0,0,0,0,0,0
3,33,3,0,0,0,0,0,0,0,0,1,459,100,100,17,0,0,53,-100,-20,0,0,40,16,139,0,0,0,3129,15,0,0,0,1058,178,0,0,0,526,1,0,0,0,272,0,0,0,0,36,389,0,0,0,0,9,0,0,0,0,0,0,0,0
3,34,0,7,0,1,0,0.983739,0.976987,0.98725,7,1,459,100,100,17,0,0,0,-36,62,55,1,40,17,253,6,0,0,3160,168,0,2,0,1058,321,0,4,0,523,1,0,2,0,272,0,0,0,0,68,256,0,4,0,0,124,1,0,0,0,0,0,0,0
3,34,1,12,0,1,0,0.997806,1.002393,1.03214,12,3,709,66,63,17,0,0,-36,0,95,-100,1,40,17,189,9,0,0,3160,15,0,3,0,1058,370,0,6,0,523,10,0,10,0,272,0,0,0,0,68,461,0,15,0,0,73,5,1,0,0,0,0,0,0
3,34,2,16,0,1,0,0.995857,0.995826,1.011625,16,3,709,100,100,17,0,0,62,95,0,-20,2,40,17,282,15,0,0,3160,158,0,5,0,1058,357,0,10,0,523,0,0,6,0,272,0,0,0,0,68,472,0,11,0,0,41,3,0,0,0,0,0,0,0
3,34,3,0,0,1,0,0,0,0,0,1,459,100,100,17,0,0,55,-100,-20,0,0,40,17,139,0,0,0,3160,16,0,0,0,1058,178,0,0,0,523,1,0,0,0,272,0,0,0,0,68,389,0,0,0,0,9,0,0,0,0,0,0,0,0
3,35,0,7,0,0,0,0.983739,0.976987,0.98725,7,1,459,100,100,17,0,0,0,-36,64,57,1,40,9,261,6,0,0,3136,182,0,2,0,1058,323,0,4,0,527,0,0,4,0,272,0,0,0,0,39,253,0,6,0,0,126,2,0,0,0,0,0,0,0
3,35,1,12,0,0,0,0.997806,1.002393,1.03214,12,3,709,69,66,17,0,0,-36,0,99,-100,1,40,9,196,9,0,0,3136,17,0,3,0,1058,373,0,6,0,527,8,0,10,0,272,0,0,0,0,39,455,0,15,0,0,77,5,1,0,0,0,0,0,0
3,35,2,16,0,0,0,0.995857,0.995826,1.011625,16,3,709,100,100,17,0,0,64,99,0,-20,2,40,9,289,15,0,0,3136,160,0,5,0,1058,362,0,10,0,527,0,0,6,0,272,0,0,0,0,39,478,0,11,0,0,44,3,0,0,0,0,0,0,0
3,35,3,0,0,0,0,0,0,0,0,1,459,100,100,17,0,0,57,-100,-20,0,0,40,9,139,0,0,0,3136,17,0,0,0,1058,178,0,0,0,527,1,0,0,0,272,0,0,0,0,39,389,0,0,0,0,9,0,0,0,0,0,0,0,0
3,36,0,6,0,3,0,0.993482,0.973779,0.983887,6,1,459,100,100,17,0,0,0,-36,66,59,1,40,15,261,3,0,0,3160,173,0,1,0,1058,324,0,2,0,526,1,0,2,0,272,0,0,0,0,18,273,0,3,0,0,127,1,0,0,0,0,0,0,0
3,36,1,11,0,3,0,0.999676,1.009469,1.03679,11,3,709,72,69,17,0,0,-36,0,100,-100,1,40,15,202,9,0,0,3160,19,0,3,0,1058,376,0,6,0,526,12,0,8,0,272,0,0,0,0,18,448,0,13,0,0,80,4,1,0,0,0,0,0,0
3,36,2,15,0,3,0,0.99112,1.000171,1.009355,15,3,709,100,100,17,0,0,66,100,0,-20,2,40,15,298,15,0,0,3160,162,0,5,0,1058,367,0,10,0,526,1,0,2,0,272,0,0,0,0,18,486,0,7,0,0,45,1,0,0,0,0,0,0,0
3,36,3,0,0,3,0,0,0,0,0,1,459,100,100,17,0,0,59,-100,-20,0,0,40,15,139,0,0,0,3160,18,0,0,0,1058,178,0,0,0,526,1,0,0,0,272,0,0,0,0,18,389,0,0,0,0,9,0,0,0,0,0,0,0,0
3,37,0,6,0,6,0,0.993482,0.973779,0.983887,6,1,459,100,100,17,0,0,0,-36,68,61,1,40,13,264,3,0,0,3160,165,0,1,0,1061,325,0,2,0,527,0,0,4,0,271,0,0,0,0,27,288,0,5,0,0,129,2,0,0,0,0,0,0,0
3,37,1,9,0,6,0,0.996306,1.003864,1.022389,9,3,709,75,72,17,0,0,-36,0,100,-100,1,40,13,202,3,0,0,3160,24,0,1,0,1061,377,0,2,0,527,15,0,8,0,271,0,0,1,0,27,447,4,11,0,0,83,4,1,0,0,0,0,0,0
3,37,2,11,0,6,0,0.993012,0.981975,1.003101,11,3,709,100,100,17,0,0,68,100,0,-20,2,40,13,295,6,0,0,3160,160,0,2,0,1061,369,0,4,0,527,0,0,4,0,271,0,0,0,0,27,495,0,6,0,0,47,2,0,0,0,0,0,0,0
3,37,3,0,0,6,0,0,0,0,0,1,459,100,100,17,0,0,61,-100,-20,0,0,40,13,139,0,0,0,3160,19,0,0,0,1061,178,0,0,0,527,1,0,0,0,271,0,0,0,0,27,389,0,0,0,0,9,0,0,0,0,0,0,0,0
3,38,0,6,0,0,0,0.993482,0.973779,0.983887,6,1,459,100,100,17,0,0,0,-36,68,63,1,40,13,268,3,0,0,3144,181,0,1,0,1076,326,0,2,0,527,0,0,2,0,272,0,0,0,0,44,288,0,3,0,0,130,1,0,0,0,0,0,0,0
3,38,1,9,0,0,0,0.996306,1.003864,1.022389,9,3,709,78,75,17,0,0,-36,0,100,-100,1,40,13,205,3,0,0,3144,31,0,1,0,1076,378,0,2,0,527,16,0,8,0,272,0,0,0,0,44,442,0,11,0,0,86,4,1,0,0,0,0,0,0
3,38,2,11,0,0,0,0.993012,0.981975,1.003101,11,3,709,100,100,17,0,0,68,100,0,-20,2,40,13,301,6,0,0,3144,162,0,2,0,1076,371,0,4,0,527,0,0,6,0,272,0,0,0,0,44,502,0,8,0,0,50,3,0,0,0,0,0,0,0
3,38,3,0,0,0,0,0,0,0,0,1,459,100,100,17,0,0,63,-100,-20,0,0,40,13,139,0,0,0,3144,20,0,0,0,1076,178,0,0,0,527,1,0,0,0,272,0,0,0,0,44,389,0,0,0,0,9,0,0,0,0,0,0,0,0
3,39,0,6,2,0,0,0.993482,0.973779,0.983887,6,1,459,100,100,17,0,0,0,-36,68,65,1,40,22,269,3,0,0,3168,173,0,1,0,1088,324,0,2,0,523,1,0,2,0,272,0,0,0,0,30,302,0,3,0,0,131,1,0,0,0,0,0,0,0
3,39,1,10,2,0,0,0.993051,1.008726,1.016816,9,3,709,81,78,17,0,0,-36,0,100,-100,1,40,22,207,3,0,0,3168,37,0,1,0,1088,376,0,2,0,523,20,0,8,0,272,0,0,0,0,30,437,0,11,0,0,89,4,1,0,0,0,0,0,0
3,39,2,12,2,0,0,0.99977,0.981528,1.001318,11,3,709,100,100,17,0,0,68,100,0,-20,2,40,22,302,6,0,0,3168,165,0,2,0,1088,367,0,4,0,523,0,0,6,0,272,0,0,0,0,30,509,0,8,0,0,53,3,0,0,0,0,0,0,0
3,39,3,0,2,0,0,0,0,0,0,1,459,100,100,17,0,0,65,-100,-20,0,0,40,22,139,0,0,0,3168,21,0,0,0,1088,178,0,0,0,523,1,0,0,0,272,0,0,0,0,30,389,0,0,0,0,9,0,0,0,0,0,0,0,0
3,40,0,6,0,0,0,0.993482,0.973779,0.983887,6,1,459,100,100,17,0,0,0,-36,68,67,1,40,23,269,3,0,0,3160,165,0,1,0,1073,325,0,2,0,538,1,0,0,0,260,0,0,3,0,68,313,12,1,0,0,131,0,0,0,0,0,0,0,0
3,40,1,10,0,0,0,0.993051,1.008726,1.016816,9,3,709,84,81,17,0,0,-36,0,100,-100,1,40,23,210,6,0,0,3160,41,0,2,0,1073,378,0,4,0,538,15,0,8,0,260,2,0,4,0,68,439,16,14,0,0,91,4,2,0,0,1,1,0,0
3,40,2,12,0,0,0,0.99977,0.981528,1.001318,11,3,709,100,100,17,0,0,68,100,0,-20,2,40,23,303,6,0,0,3160,175,0,2,0,1073,369,0,4,0,538,1,0,2,0,260,0,0,3,0,68,515,12,6,0,0,53,1,1,0,0,1,1,0,0
3,40,3,0,0,0,0,0,0,0,0,1,459,100,100,17,0,0,67,-100,-20,0,0,40,23,139,0,0,0,3160,22,0,0,0,1073,178,0,0,0,538,1,0,0,0,260,0,0,0,0,68,389,0,0,0,0,9,0,0,0,0,0,0,0,0
