graine,jour,faction,population,naissances_total,morts_total,predations_total,vitesse,taille,perception,armes_equipees,reserves,capacite,defenses_fin,defenses_min_jour,raids_cumul,coalitions_cumul,plans,confiance_0,confiance_1,confiance_2,confiance_3,allies,nourriture_aube,carte_nourriture,stock_nourriture,production_nourriture,consommation_nourriture,sac_nourriture,carte_eau,stock_eau,production_eau,consommation_eau,sac_eau,carte_terre,stock_terre,production_terre,consommation_terre,sac_terre,carte_minerai,stock_minerai,production_minerai,consommation_minerai,sac_minerai,carte_charbon,stock_charbon,production_charbon,consommation_charbon,sac_charbon,carte_energie,stock_energie,production_energie,consommation_energie,sac_energie,carte_fer,stock_fer,production_fer,consommation_fer,sac_fer,carte_armes,stock_armes,production_armes,consommation_armes,sac_armes
6,1,0,48,6,13,0,1.005949,0.994114,1.007527,0,0,334,100,100,0,0,0,0,0,2,2,0,80,7,55,39,0,0,2816,192,0,13,0,932,63,0,26,0,482,1,0,46,0,261,2,0,23,0,0,99,92,77,0,0,14,23,9,0,0,9,9,0,0
6,1,1,47,6,13,0,1.004728,0.997921,1.006122,0,0,334,100,100,0,0,0,0,0,2,2,0,80,7,54,36,0,0,2816,201,0,12,0,932,62,0,24,0,482,0,0,42,0,261,2,0,23,0,0,102,92,72,0,0,12,21,9,0,0,9,9,0,0
6,1,2,49,6,13,0,1.002158,0.997896,1.003866,0,0,334,100,100,0,0,0,2,2,0,0,0,80,7,56,39,0,0,2816,200,0,13,0,932,63,0,26,0,482,0,0,48,0,261,3,0,24,0,0,101,96,79,0,0,15,24,9,0,0,9,9,0,0
6,1,3,49,6,13,0,1.003205,0.991098,1.00705,0,0,334,100,100,0,0,0,2,2,0,0,0,80,7,61,39,0,0,2816,200,0,13,0,932,63,0,26,0,482,1,0,46,0,261,2,0,23,0,0,98,92,77,0,0,14,23,9,0,0,9,9,0,0
6,2,0,48,6,6,0,1.005386,0.993622,1.010444,9,0,334,100,100,0,0,0,0,0,4,4,0,80,1,60,36,0,0,2808,220,0,12,0,935,75,0,24,0,498,0,0,16,0,194,0,0,20,0,0,150,80,46,0,0,13,8,9,0,0,9,9,0,0
6,2,1,47,6,6,0,1.005052,0.995758,1.007095,9,0,334,100,100,0,0,0,0,0,4,4,0,80,1,63,36,0,0,2808,230,0,12,0,935,74,0,24,0,498,0,0,12,0,194,0,0,17,0,0,144,68,42,0,0,9,6,9,0,0,9,9,0,0
6,2,2,52,6,6,0,1.000516,0.995704,1.002896,9,0,334,100,100,0,0,0,4,4,0,0,0,80,1,67,39,0,0,2808,234,0,13,0,935,76,0,26,0,498,0,0,10,0,194,3,0,24,0,0,173,96,41,0,0,11,5,9,0,0,9,9,0,0
6,2,3,46,6,6,0,1.002331,0.987117,1.005419,9,0,334,100,100,0,0,0,4,4,0,0,0,80,1,66,36,0,0,2808,235,0,12,0,935,75,0,24,0,498,0,0,10,0,194,0,0,23,0,0,167,92,40,0,0,10,5,9,0,0,9,9,0,0
6,3,0,46,6,29,9,1.009579,0.989864,1.006315,16,0,334,100,100,0,0,0,0,-4,-14,-10,0,80,5,74,36,0,0,3200,160,0,12,0,945,85,0,24,0,461,1,0,18,0,244,0,0,12,0,0,162,48,48,0,0,13,9,9,0,0,9,9,0,0
6,3,1,36,6,29,9,1.002635,0.994539,1.006105,16,0,334,100,100,0,0,0,-4,0,-8,-16,0,80,5,72,42,0,0,3200,169,0,14,0,945,80,0,28,0,461,1,0,14,0,244,0,0,6,0,0,134,24,42,0,0,9,7,7,0,0,7,7,0,0
6,3,2,46,6,29,9,0.993745,0.999347,1.000988,17,0,334,100,100,0,0,0,-14,-8,0,-10,0,80,5,81,45,0,0,3200,167,0,15,0,945,86,0,30,0,461,1,0,22,0,244,0,0,8,0,0,162,32,53,0,0,14,11,8,0,0,8,8,0,0
6,3,3,42,6,29,9,1.002673,0.98244,1.001768,16,0,334,100,100,0,0,0,-10,-16,-10,0,0,80,5,76,33,0,0,3200,178,0,11,0,945,85,0,22,0,461,1,0,22,0,244,0,0,5,0,0,155,20,45,0,0,15,11,6,0,0,6,6,0,0
6,4,0,45,5,6,0,1.008155,0.986952,1.010592,25,0,334,100,100,0,0,0,0,-2,-12,-8,0,80,2,82,36,0,0,2888,190,0,12,0,929,97,0,24,0,525,1,0,8,0,195,0,0,20,0,0,218,80,38,0,0,8,4,9,0,0,9,9,0,0
6,4,1,37,5,6,0,1.000184,0.993231,1.004133,23,0,334,100,100,0,0,0,-2,0,-6,-14,0,80,2,101,42,0,0,2888,167,0,14,0,929,94,0,28,0,525,1,0,4,0,195,1,0,13,0,0,171,52,32,0,0,4,2,7,0,0,7,7,0,0
6,4,2,44,5,6,0,0.991282,0.996077,0.997346,25,0,334,100,100,0,0,0,-12,-6,0,-10,0,80,2,93,42,0,0,2888,179,0,14,0,929,100,0,28,0,525,1,0,4,0,195,6,0,17,0,0,213,68,34,0,0,8,2,8,0,0,8,8,0,0
6,4,3,43,5,6,0,1.01047,0.983845,1.00023,22,0,334,100,100,0,0,0,-8,-14,-10,0,0,80,2,90,36,0,0,2888,212,0,12,0,929,97,0,24,0,525,0,0,4,0,195,0,0,17,0,0,208,68,32,0,0,9,2,8,0,0,8,8,0,0
6,5,0,44,5,4,0,1.011817,0.98487,1.007897,32,0,334,100,100,0,0,0,0,-2,-10,-6,0,80,2,86,30,0,0,2992,223,0,10,0,932,107,0,20,0,542,1,0,0,0,207,3,0,20,0,0,290,80,22,0,0,2,0,6,0,0,6,6,0,0
6,5,1,38,5,4,0,0.998004,0.989833,1.00254,29,0,334,100,100,0,0,0,-2,0,-4,-12,0,80,2,118,39,0,0,2992,165,0,13,0,932,107,0,26,0,542,0,0,2,0,207,0,0,12,0,0,208,48,23,0,0,1,1,4,0,0,4,4,0,0
6,5,2,44,5,4,0,0.99017,0.997449,0.997537,33,0,334,100,100,0,0,0,-10,-4,0,-10,0,80,2,107,39,0,0,2992,194,0,13,0,932,113,0,26,0,542,0,0,2,0,207,1,0,17,0,0,272,68,25,0,0,4,1,5,0,0,5,5,0,0
6,5,3,44,5,4,0,1.011524,0.982353,0.998712,30,0,334,100,100,0,0,0,-6,-12,-10,0,0,80,2,106,36,0,0,2992,157,0,12,0,932,109,0,24,0,542,0,0,0,0,207,0,0,19,0,0,284,76,26,0,0,2,0,7,0,0,7,7,0,0
6,6,0,43,7,4,2,1.012594,0.982312,1.012447,37,0,334,100,100,0,0,0,0,0,-14,-6,0,80,0,90,30,0,0,2984,169,0,10,0,941,117,0,20,0,422,0,0,36,0,272,0,0,3,0,0,265,12,52,0,0,17,18,3,0,0,3,3,0,0
6,6,1,39,7,4,2,0.999341,0.992807,1.004531,33,0,334,100,100,0,0,0,0,0,-4,-16,0,80,0,138,39,0,0,2984,162,0,13,0,941,120,0,26,0,422,0,0,24,0,272,0,0,0,0,0,181,0,41,0,0,11,12,2,0,0,2,2,0,0
6,6,2,46,7,4,2,0.99267,0.994411,0.999563,38,0,334,100,100,0,0,0,-14,-4,0,-12,0,80,0,124,39,0,0,2984,209,0,13,0,941,126,0,26,0,422,0,0,34,0,272,0,0,1,0,0,240,4,53,0,0,18,17,3,0,0,3,3,0,0
6,6,3,45,7,4,2,1.012125,0.983701,0.996351,37,0,334,100,100,0,0,0,-6,-16,-12,0,0,80,0,122,39,0,0,2984,196,0,13,0,941,122,0,26,0,422,1,0,28,0,272,0,0,0,0,0,253,0,47,0,0,13,14,3,0,0,3,3,0,0
6,7,0,43,2,0,0,1.012594,0.982312,1.012447,40,0,334,100,100,0,0,0,0,0,-12,-4,0,80,9,96,33,0,0,2880,195,0,11,0,935,125,0,22,0,433,1,0,32,0,265,0,0,3,0,0,247,12,47,0,0,31,16,2,0,0,2,2,0,0
6,7,1,40,2,0,0,0.998112,0.992988,1.005111,35,0,334,100,100,0,0,0,0,0,-2,-14,0,80,9,156,42,0,0,2880,165,0,14,0,935,134,0,28,0,433,0,0,26,0,265,0,0,2,0,0,162,8,44,0,0,22,13,2,0,0,2,2,0,0
6,7,2,47,2,0,0,0.993173,0.993837,0.999554,41,0,334,100,100,0,0,0,-12,-2,0,-12,0,80,9,135,39,0,0,2880,230,0,13,0,935,139,0,26,0,433,1,0,26,0,265,0,0,1,0,0,216,4,45,0,0,28,13,3,0,0,3,3,0,0
6,7,3,45,2,0,0,1.012125,0.983701,0.996351,40,0,334,100,100,0,0,0,-4,-14,-12,0,0,80,9,141,42,0,0,2880,241,0,14,0,935,136,0,28,0,433,0,0,26,0,265,0,0,1,0,0,228,4,46,0,0,23,13,3,0,0,3,3,0,0
6,8,0,40,1,11,0,1.014503,0.986348,1.011586,39,0,334,100,100,0,0,0,0,0,-10,-2,0,80,10,96,30,0,0,3064,222,0,10,0,929,135,0,20,0,467,0,0,28,0,257,0,0,0,0,0,218,0,38,0,0,45,14,0,0,0,0,0,0,0
6,8,1,36,1,11,0,0.996547,0.994758,1.008648,33,0,334,100,100,0,0,0,0,0,0,-12,0,80,10,174,45,0,0,3064,166,0,15,0,929,149,0,30,0,467,0,0,14,0,257,0,0,3,0,0,150,12,33,0,0,27,7,2,0,0,2,2,0,0
6,8,2,46,1,11,0,0.995574,0.99355,0.999,43,0,334,100,100,0,0,0,-10,0,0,-12,0,80,10,144,39,0,0,3064,170,0,13,0,929,152,0,26,0,467,1,0,18,0,257,0,0,0,0,0,205,0,35,0,0,35,9,2,0,0,2,2,0,0
6,8,3,43,1,11,0,1.013297,0.982312,0.99653,41,0,334,100,100,0,0,0,-2,-12,-12,0,0,80,10,155,42,0,0,3064,182,0,14,0,929,150,0,28,0,467,1,0,14,0,257,0,0,1,0,0,226,4,30,0,0,29,7,1,0,0,1,1,0,0
6,9,0,41,4,1,0,1.014093,0.988726,1.01095,39,0,334,100,100,0,0,0,0,0,-10,0,0,80,10,98,30,0,0,2960,172,0,10,0,991,140,0,20,0,442,0,0,24,0,272,0,0,0,0,68,182,0,36,0,0,56,12,1,0,0,1,1,0,0
6,9,1,36,4,1,0,0.996547,0.994758,1.008648,35,0,334,100,100,0,0,0,0,0,0,-10,0,80,10,194,45,0,0,2960,171,0,15,0,991,143,0,30,0,442,0,0,24,0,272,0,0,0,0,68,109,0,41,0,0,38,12,1,0,0,1,1,0,0
6,9,2,48,4,1,0,0.995096,0.995827,0.998531,45,0,334,100,100,0,0,0,-10,0,0,-12,0,80,10,160,39,0,0,2960,191,0,13,0,991,156,0,26,0,442,0,0,28,0,272,0,0,0,0,68,162,0,43,0,0,48,14,1,0,0,1,1,0,0
6,9,3,43,4,1,0,1.014081,0.979455,0.994031,41,0,334,100,100,0,0,0,0,-10,-12,0,0,80,10,165,39,0,0,2960,230,0,13,0,991,139,0,26,0,442,0,0,28,0,272,0,0,0,0,68,183,0,43,0,0,42,14,1,0,0,1,1,0,0
6,10,0,42,8,3,0,1.016118,0.986808,1.009655,40,0,334,100,100,0,0,0,0,0,-8,2,0,80,9,100,30,0,0,2984,201,0,10,0,932,150,0,20,0,544,0,0,0,0,174,3,0,19,0,35,253,76,10,0,0,56,0,0,0,0,0,0,0,0
6,10,1,39,8,3,0,1.000033,0.993545,1.007732,36,0,334,100,100,0,0,0,0,0,2,-8,0,80,9,221,45,0,0,2984,176,0,15,0,932,158,0,30,0,544,0,0,0,0,174,9,0,13,0,35,151,52,15,0,0,38,0,0,0,0,0,0,0,0
6,10,2,48,8,3,0,0.998667,0.992092,1.000519,44,0,334,100,100,0,0,0,-8,2,0,-12,0,80,9,173,39,0,0,2984,202,0,13,0,932,169,0,26,0,544,0,0,0,0,174,7,0,20,0,35,236,80,15,0,0,47,0,1,0,0,1,1,0,0
6,10,3,44,8,3,0,1.01513,0.978322,0.994512,42,0,334,100,100,0,0,0,2,-8,-12,0,0,80,9,178,39,0,0,2984,174,0,13,0,932,152,0,26,0,544,0,0,0,0,174,4,0,21,0,35,266,84,15,0,0,41,0,1,0,0,1,1,0,0
6,11,0,39,3,6,0,1.020906,0.97972,1.007985,36,0,334,100,100,0,0,0,0,0,-6,4,0,80,5,104,33,0,0,2864,228,0,11,0,929,161,0,22,0,439,0,0,20,0,272,0,0,3,0,68,232,12,33,0,0,65,10,1,0,0,1,1,0,0
6,11,1,39,3,6,0,0.999153,0.99625,1.010016,36,0,334,100,100,0,0,0,0,0,4,-6,0,80,5,243,45,0,0,2864,186,0,15,0,929,173,0,30,0,439,1,0,18,0,272,0,0,9,0,68,152,36,35,0,0,46,9,1,0,0,1,1,0,0
6,11,2,48,3,6,0,1.000984,0.990065,1.000575,44,0,334,100,100,0,0,0,-6,4,0,-12,0,80,5,183,39,0,0,2864,221,0,13,0,929,182,0,26,0,439,1,0,34,0,272,0,0,7,0,68,213,28,51,0,0,62,17,2,0,0,2,2,0,0
6,11,3,44,3,6,0,1.01513,0.978322,0.994512,43,0,334,100,100,0,0,0,4,-6,-12,0,0,80,5,194,39,0,0,2864,229,0,13,0,929,165,0,26,0,439,0,0,22,0,272,0,0,4,0,68,245,16,37,0,0,51,11,1,0,0,1,1,0,0
6,12,0,36,1,12,0,1.022848,0.973266,1.006307,34,0,334,100,100,0,0,0,0,2,-4,6,0,80,0,122,36,0,0,3136,177,0,12,0,926,173,0,24,0,435,1,0,20,0,272,0,0,0,0,0,212,0,34,0,0,74,10,1,0,0,1,1,0,0
6,12,1,35,1,12,0,1.003531,0.992487,1.007625,33,0,334,100,100,0,0,0,2,0,6,-4,0,80,0,268,45,0,0,3136,196,0,15,0,926,188,0,30,0,435,5,0,22,0,272,0,0,0,0,0,122,0,39,0,0,56,11,1,0,0,1,1,0,0
6,12,2,44,1,12,0,1.003952,0.99205,1.004067,42,0,334,100,100,0,0,0,-4,6,0,-10,0,80,0,191,39,0,0,3136,160,0,13,0,926,195,0,26,0,435,1,0,32,0,272,0,0,0,0,0,181,0,47,0,0,77,16,1,0,0,1,1,0,0
6,12,3,44,1,12,0,1.016277,0.980963,0.995941,43,0,334,100,100,0,0,0,6,-4,-10,0,0,80,0,209,39,0,0,3136,172,0,13,0,926,178,0,26,0,435,0,0,24,0,272,0,0,0,0,0,227,0,37,0,0,63,12,0,0,0,0,0,0,0
6,13,0,36,8,3,0,1.020034,0.974078,1.008143,34,0,334,100,100,0,0,0,0,4,-2,8,0,80,1,138,33,0,0,2896,186,0,11,0,935,184,0,22,0,472,1,0,18,0,260,0,0,1,0,38,193,4,29,0,0,83,9,0,0,0,0,0,0,0
6,13,1,37,8,3,0,1.005777,0.987897,1.008748,34,1,459,100,100,0,0,0,4,0,8,-2,0,80,1,300,45,0,0,2896,210,0,15,0,935,200,0,30,0,472,0,0,22,0,260,0,0,3,0,38,78,12,56,0,0,49,11,18,0,0,1,1,0,0
6,13,2,45,8,3,0,1.006709,0.99221,1.005012,42,0,334,100,100,0,0,0,-2,8,0,-10,0,80,1,205,39,0,0,2896,159,0,13,0,935,204,0,26,0,472,1,0,22,0,260,0,0,6,0,38,180,24,37,0,0,87,11,1,0,0,1,1,0,0
6,13,3,46,8,3,0,1.015902,0.98079,0.995155,43,0,334,100,100,0,0,0,8,-2,-10,0,0,80,1,222,42,0,0,2896,226,0,14,0,935,190,0,28,0,472,1,0,14,0,260,0,0,2,0,38,217,8,30,0,0,69,7,1,0,0,1,1,0,0
6,14,0,37,6,1,0,1.022634,0.977726,1.00828,33,0,334,100,100,0,0,0,0,4,0,10,0,80,0,153,33,0,0,3080,203,0,11,0,926,195,0,22,0,536,1,0,0,0,160,4,0,17,0,68,248,68,13,0,0,82,0,1,0,0,1,1,0,0
6,14,1,38,6,1,0,1.008026,0.990062,1.010348,35,1,459,100,100,0,0,0,4,0,10,0,0,80,0,326,45,0,0,3080,158,0,15,0,926,215,0,30,0,536,0,0,0,0,160,14,0,13,0,68,113,52,17,0,0,48,0,1,0,0,1,1,0,0
6,14,2,46,6,1,0,1.007992,0.99411,1.003753,43,0,334,100,100,0,0,0,0,10,0,-10,0,80,0,219,42,0,0,3080,156,0,14,0,926,218,0,28,0,536,1,0,8,0,160,17,0,17,0,68,224,68,24,0,0,90,4,1,0,0,1,1,0,0
6,14,3,48,6,1,0,1.017225,0.983392,0.997691,44,1,459,100,100,0,0,0,10,0,-10,0,0,80,0,235,42,0,0,3080,166,0,14,0,926,204,0,28,0,536,1,0,0,0,160,4,0,23,0,68,276,92,33,0,0,51,0,18,0,0,1,1,0,0
6,15,0,38,7,4,0,1.023859,0.975362,1.007438,34,0,334,100,100,0,0,0,0,4,2,12,0,80,2,165,33,0,0,2856,235,0,11,0,923,206,0,22,0,494,0,0,6,0,236,0,0,10,0,68,267,40,21,0,0,83,3,2,0,0,2,2,0,0
6,15,1,41,7,4,0,1.005443,0.995301,1.014088,36,1,459,100,100,0,0,0,4,0,12,2,0,80,2,357,48,0,0,2856,184,0,16,0,923,231,0,32,0,494,1,0,10,0,236,10,0,13,0,68,137,52,28,0,0,52,5,1,0,0,1,1,0,0
6,15,2,45,7,4,0,1.005411,0.997773,1.00549,42,0,334,100,100,0,0,0,2,12,0,-10,0,80,2,224,36,0,0,2856,154,0,12,0,923,230,0,24,0,494,1,0,20,0,236,9,0,17,0,68,258,68,34,0,0,99,10,1,0,0,1,1,0,0
6,15,3,48,7,4,0,1.018343,0.980639,0.998084,44,1,459,100,100,0,0,0,12,2,-10,0,0,80,2,251,42,0,0,2856,224,0,14,0,923,218,0,28,0,494,1,0,14,0,236,0,0,13,0,68,296,52,32,0,0,56,7,2,0,0,2,2,0,0
6,16,0,39,4,2,0,1.022177,0.973858,1.008601,36,0,334,100,100,0,0,0,0,6,4,12,0,80,6,182,33,0,0,3048,186,0,11,0,923,217,0,22,0,427,1,0,20,0,272,0,0,0,0,8,251,0,33,0,0,92,10,1,0,0,1,1,0,0
6,16,1,40,4,2,0,1.004299,0.997969,1.015447,36,1,459,100,100,0,0,0,6,0,14,4,0,80,6,383,51,0,0,3048,198,0,17,0,923,248,0,34,0,427,7,0,24,0,272,0,0,10,0,8,141,40,45,0,0,62,12,2,0,0,2,2,0,0
6,16,2,46,4,2,0,1.006855,0.99947,1.003969,43,0,334,100,100,0,0,0,4,14,0,-10,0,80,6,233,36,0,0,3048,169,0,12,0,923,242,0,24,0,427,2,0,38,0,272,0,0,9,0,8,259,36,52,0,0,117,19,1,0,0,1,1,0,0
6,16,3,49,4,2,0,1.01971,0.978944,0.996986,45,1,459,100,100,0,0,0,12,4,-10,0,0,80,6,259,42,0,0,3048,162,0,14,0,923,232,0,28,0,427,0,0,28,0,272,0,0,0,0,8,269,0,44,0,0,69,14,1,0,0,1,1,0,0
6,17,0,39,3,4,0,1.022177,0.973858,1.008601,37,0,334,100,100,0,0,0,0,6,6,14,0,80,8,189,33,0,0,2832,224,0,11,0,923,228,0,22,0,448,1,0,20,0,272,0,0,0,0,68,218,0,33,0,0,101,10,1,0,0,1,1,0,0
6,17,1,40,3,4,0,1.003678,0.995766,1.01337,37,2,584,100,100,0,0,0,6,0,16,6,0,80,8,408,48,0,0,2832,214,0,16,0,923,264,0,32,0,448,12,0,22,0,272,0,0,0,0,68,84,0,57,0,0,55,11,18,0,0,1,1,0,0
6,17,2,46,3,4,0,1.006855,0.99947,1.003969,44,0,334,100,100,0,0,0,6,16,0,-10,0,80,8,241,36,0,0,2832,191,0,12,0,923,254,0,24,0,448,1,0,32,0,272,0,0,0,0,68,213,0,46,0,0,132,16,1,0,0,1,1,0,0
6,17,3,48,3,4,0,1.021038,0.97477,0.999278,44,1,459,100,100,0,0,0,14,6,-10,0,0,80,8,277,45,0,0,2832,210,0,15,0,923,247,0,30,0,448,0,0,18,0,272,0,0,0,0,68,232,0,37,0,0,76,9,2,0,0,2,2,0,0
6,18,0,36,6,13,0,1.025655,0.973567,1.006245,32,0,334,100,100,0,0,0,0,8,8,16,0,80,3,203,33,0,0,3008,174,0,11,0,920,239,0,22,0,483,1,0,18,0,206,0,0,6,0,0,223,24,31,0,0,109,9,1,0,0,1,1,0,0
6,18,1,38,6,13,0,1.010737,0.996753,1.015917,35,2,584,100,100,0,0,0,8,0,18,8,0,80,3,427,42,0,0,3008,160,0,14,0,920,278,0,28,0,483,7,0,22,0,206,4,0,11,0,0,106,44,38,0,0,65,11,1,0,0,1,1,0,0
6,18,2,47,6,13,0,1.008387,1.000573,1.005215,45,0,334,100,100,0,0,0,8,18,0,-8,0,80,3,251,36,0,0,3008,213,0,12,0,920,266,0,24,0,483,1,0,18,0,206,4,0,20,0,0,278,80,32,0,0,140,9,1,0,0,1,1,0,0
6,18,3,45,6,13,0,1.020217,0.977031,1.000718,43,1,459,100,100,0,0,0,16,8,-8,0,0,80,3,286,39,0,0,3008,261,0,13,0,920,260,0,26,0,483,0,0,8,0,206,0,0,21,0,0,310,84,23,0,0,79,4,1,0,0,1,1,0,0
6,19,0,38,6,23,0,1.02504,0.965849,1.003381,33,1,459,100,100,0,0,0,0,10,10,18,0,80,1,223,36,0,0,3000,174,0,12,0,929,251,0,24,0,501,1,0,0,0,228,9,0,15,0,14,267,60,31,0,0,91,0,18,0,0,1,1,0,0
6,19,1,39,6,23,0,1.009924,0.998253,1.016339,36,2,584,100,100,0,0,0,10,0,20,10,1,80,1,450,45,0,0,3000,179,0,15,0,929,293,0,30,0,501,1,0,22,0,228,0,0,4,0,14,86,16,39,0,0,75,11,1,0,0,1,1,0,0
6,19,2,47,6,23,0,1.008387,1.000573,1.005215,46,0,334,100,100,0,0,0,10,20,0,-8,1,80,1,261,39,0,0,3000,233,0,13,0,929,279,0,26,0,501,0,0,26,0,228,0,0,4,0,14,265,16,41,0,0,152,13,1,0,0,1,1,0,0
6,19,3,25,6,23,0,1.001929,0.978579,0.990868,22,1,459,100,100,0,0,0,18,10,-8,0,0,80,1,291,36,0,0,3000,204,0,12,0,929,272,0,24,0,501,0,0,2,0,228,16,0,2,0,14,306,8,16,0,0,79,1,1,0,0,1,1,0,0
6,20,0,38,1,1,0,1.02504,0.965849,1.003381,34,1,459,100,100,0,0,0,0,10,12,20,1,80,10,242,39,0,0,3072,179,0,13,0,938,260,0,26,0,524,1,0,4,0,186,5,0,17,0,11,331,68,21,0,0,91,2,2,0,0,2,2,0,0
6,20,1,40,1,1,0,1.008155,0.996523,1.013892,37,2,584,100,100,0,0,0,10,0,22,12,1,80,10,479,48,0,0,3072,196,0,16,0,938,304,0,32,0,524,1,0,4,0,186,19,0,11,0,11,114,44,22,0,0,76,2,1,0,0,1,1,0,0
6,20,2,47,1,1,0,1.008387,1.000573,1.005215,47,1,459,100,100,0,0,0,12,22,0,-8,1,80,10,267,39,0,0,3072,173,0,13,0,938,289,0,26,0,524,0,0,4,0,186,8,0,20,0,11,304,80,34,0,0,137,2,17,0,0,0,0,0,0
6,20,3,24,1,1,0,1.003076,0.975739,0.992038,22,1,459,100,100,0,0,0,20,12,-8,0,1,80,10,316,36,0,0,3072,167,0,12,0,938,284,0,24,0,524,1,0,6,0,186,25,0,4,0,11,319,16,20,0,0,81,3,1,0,0,1,1,0,0
6,21,0,39,4,3,0,1.026798,0.972382,1.004256,35,1,459,100,100,0,0,0,0,12,14,22,1,80,3,259,36,0,0,2976,185,0,12,0,923,272,0,24,0,418,1,0,24,0,272,0,0,5,0,22,330,20,38,0,0,102,12,1,0,0,1,1,0,0
6,21,1,40,4,3,0,1.008155,0.996523,1.013892,38,3,709,100,100,0,0,0,12,0,24,14,1,80,3,512,51,0,0,2976,211,0,17,0,923,321,0,34,0,418,15,0,22,0,272,8,0,11,0,22,106,44,58,0,0,69,11,18,0,0,1,1,0,0
6,21,2,45,4,3,0,1.007578,1.000774,1.007506,45,1,459,100,100,0,0,0,14,24,0,-8,1,80,3,269,33,0,0,2976,195,0,11,0,923,300,0,22,0,418,2,0,40,0,272,0,0,8,0,22,302,32,51,0,0,157,20,0,0,0,0,0,0,0
6,21,3,26,4,3,0,1.006542,0.968844,0.988709,23,1,459,100,100,0,0,0,22,14,-8,0,1,80,3,347,36,0,0,2976,147,0,12,0,923,296,0,24,0,418,17,0,8,0,272,21,0,4,0,22,319,16,22,0,0,84,4,1,0,0,1,1,0,0
6,22,0,36,2,8,0,1.022775,0.975705,1.004704,33,1,459,100,100,0,0,0,0,12,16,24,1,80,4,268,30,0,0,3040,192,0,10,0,932,282,0,20,0,479,0,0,14,0,205,0,0,14,0,11,373,56,28,0,0,107,7,2,0,0,2,2,0,0
6,22,1,40,2,8,0,1.008155,0.996523,1.013892,39,3,709,100,100,0,0,0,12,0,26,16,1,80,4,542,51,0,0,3040,154,0,17,0,932,338,0,34,0,479,8,0,22,0,205,18,0,11,0,11,126,44,41,0,0,79,11,1,0,0,1,1,0,0
6,22,2,44,2,8,0,1.008154,1.001397,1.00652,44,1,459,100,100,0,0,0,16,26,0,-8,1,80,4,275,33,0,0,3040,211,0,11,0,932,311,0,22,0,479,1,0,24,0,205,0,0,19,0,11,360,76,35,0,0,169,12,0,0,0,0,0,0,0
6,22,3,24,2,8,0,1.01253,0.974461,0.993047,20,1,459,100,100,0,0,0,24,16,-8,0,1,80,4,368,30,0,0,3040,127,0,10,0,932,306,0,20,0,479,21,0,8,0,205,29,0,4,0,11,321,16,20,0,0,87,4,1,0,0,1,1,0,0
6,23,0,34,5,17,0,1.022813,0.980397,1.004869,33,2,584,100,100,0,0,0,0,14,18,26,1,80,4,275,27,0,0,3048,203,0,9,0,941,291,0,18,0,502,0,0,0,0,210,11,0,16,0,11,424,64,28,0,0,89,0,18,0,0,1,1,0,0
6,23,1,34,5,17,0,1.007704,0.985738,1.011726,32,3,709,100,100,0,0,0,14,0,28,18,1,80,4,574,51,0,0,3048,169,0,17,0,941,355,0,34,0,502,1,0,12,0,210,8,0,11,0,11,147,44,29,0,0,85,6,0,0,0,0,0,0,0
6,23,2,40,5,17,0,1.010554,1.003623,1.010975,39,2,584,100,100,0,0,0,18,28,0,-8,1,80,4,278,30,0,0,3048,157,0,10,0,941,321,0,20,0,502,1,0,4,0,210,7,0,19,0,11,432,76,31,0,0,154,2,17,0,0,0,0,0,0
6,23,3,24,5,17,0,1.011389,0.972051,0.985086,19,2,584,100,100,0,0,0,26,18,-8,0,1,80,4,394,33,0,0,3048,116,0,11,0,941,317,0,22,0,502,27,0,10,0,210,24,0,5,0,11,305,20,42,0,0,73,5,19,0,0,2,2,0,0
6,24,0,33,3,2,0,1.021575,0.977675,1.002123,33,2,584,100,100,0,0,0,0,14,20,26,2,80,36,273,24,0,0,3016,161,0,8,0,1078,279,0,16,0,481,0,0,18,0,272,0,0,11,0,22,459,44,26,0,0,98,9,0,0,0,0,0,0,0
6,24,1,35,3,2,0,1.008925,0.983769,1.015112,32,4,834,100,100,0,0,0,14,0,30,18,1,80,36,610,57,0,0,3016,188,0,19,0,1078,317,0,38,0,481,1,0,10,0,272,0,0,8,0,22,137,32,48,0,0,72,5,18,0,0,1,1,0,0
6,24,2,41,3,2,0,1.011335,1.006078,1.011278,38,2,584,100,100,0,0,0,20,30,0,-8,2,80,36,280,30,0,0,3016,179,0,10,0,1078,307,0,20,0,481,0,0,20,0,272,0,0,7,0,22,445,28,32,0,0,163,10,1,0,0,1,1,0,0
6,24,3,24,3,2,0,1.011389,0.972051,0.985086,21,2,584,100,100,0,0,0,26,18,-8,0,1,80,36,417,36,0,0,3016,112,0,12,0,1078,293,0,24,0,481,31,0,12,0,272,18,0,6,0,22,307,24,28,0,0,77,6,2,0,0,2,2,0,0
6,25,0,31,2,5,0,1.024696,0.980406,1.002093,31,2,584,100,100,0,0,0,0,14,22,28,2,80,4,278,21,0,0,2960,169,0,7,0,938,286,0,14,0,490,0,0,12,0,272,0,0,0,0,62,443,0,19,0,0,104,6,0,0,0,0,0,0,0
6,25,1,36,2,5,0,1.009359,0.985229,1.016603,33,4,834,100,100,0,0,0,14,0,32,20,2,80,4,648,57,0,0,2960,206,0,19,0,938,336,0,38,0,490,0,0,8,0,272,0,0,0,0,62,108,0,29,0,0,75,4,1,0,0,1,1,0,0
6,25,2,39,2,5,0,1.00957,1.004222,1.012125,37,2,584,100,100,0,0,0,22,32,0,-8,2,80,4,289,33,0,0,2960,191,0,11,0,938,318,0,22,0,490,0,0,18,0,272,0,0,0,0,62,417,0,31,0,0,171,9,1,0,0,1,1,0,0
6,25,3,24,2,5,0,1.014777,0.971494,0.984418,22,2,584,100,100,0,0,0,28,20,-8,0,2,80,4,444,36,0,0,2960,100,0,12,0,938,305,0,24,0,490,38,0,10,0,272,13,0,5,0,62,303,20,24,0,0,81,5,1,0,0,1,1,0,0
6,26,0,31,3,4,0,1.024696,0.980406,1.002093,31,2,584,100,100,0,0,0,0,16,24,30,2,80,8,286,21,0,0,3064,179,0,7,0,944,293,0,14,0,490,0,0,18,0,272,0,0,0,0,8,438,0,25,0,0,113,9,0,0,0,0,0,0,0
6,26,1,35,3,4,0,1.013506,0.98691,1.017687,32,4,834,100,100,0,0,0,16,0,34,22,2,80,8,681,54,0,0,3064,152,0,18,0,944,354,0,36,0,490,1,0,8,0,272,0,0,0,0,8,97,0,28,0,0,78,4,1,0,0,1,1,0,0
6,26,2,39,3,4,0,1.005197,1.005407,1.012274,37,2,584,100,100,0,0,0,24,34,0,-6,2,80,8,293,30,0,0,3064,206,0,10,0,944,325,0,20,0,490,1,0,20,0,272,0,0,0,0,8,402,0,32,0,0,180,10,1,0,0,1,1,0,0
6,26,3,24,3,4,0,1.01817,0.975053,0.985016,22,2,584,100,100,0,0,0,30,22,-6,0,2,80,8,473,33,0,0,3064,89,0,11,0,944,316,0,22,0,490,34,0,10,0,272,8,0,5,0,8,306,20,23,0,0,85,5,1,0,0,1,1,0,0
6,27,0,32,3,3,0,1.027198,0.981277,1.001123,31,3,709,100,100,0,0,0,0,16,26,32,2,80,5,297,21,0,0,3048,189,0,7,0,950,300,0,14,0,544,0,0,0,0,188,11,0,15,0,16,491,60,24,0,0,96,0,17,0,0,0,0,0,0
6,27,1,34,3,3,0,1.015397,0.987457,1.016775,32,4,834,100,100,0,0,0,16,0,36,24,2,80,5,717,54,0,0,3048,171,0,18,0,950,372,0,36,0,544,1,0,0,0,188,0,0,8,0,16,121,32,20,0,0,77,0,1,0,0,1,1,0,0
6,27,2,38,3,3,0,1.005359,1.004842,1.012177,36,2,584,100,100,0,0,0,26,36,0,-6,2,80,5,302,30,0,0,3048,157,0,10,0,950,335,0,20,0,544,1,0,0,0,188,8,0,18,0,16,479,72,12,0,0,179,0,1,0,0,1,1,0,0
6,27,3,25,3,3,0,1.017383,0.979266,0.985027,23,3,709,100,100,0,0,0,32,24,-6,0,2,80,5,501,33,0,0,3048,86,0,11,0,950,327,0,22,0,544,22,0,12,0,188,23,0,6,0,16,294,24,42,0,0,73,6,18,0,0,1,1,0,0
6,28,0,28,4,5,0,1.022819,0.984678,0.998702,27,3,709,100,100,0,0,0,0,16,28,34,2,80,6,305,21,0,0,2968,198,0,7,0,950,307,0,14,0,469,3,0,24,0,263,0,0,11,0,5,516,44,33,0,0,107,12,1,0,0,1,1,0,0
6,28,1,36,4,5,0,1.015934,0.987325,1.015875,33,4,834,100,100,0,0,0,16,0,38,26,2,80,6,759,54,0,0,2968,191,0,18,0,950,390,0,36,0,469,0,0,4,0,263,0,0,6,0,5,130,24,24,0,0,78,2,1,0,0,1,1,0,0
6,28,2,37,4,5,0,1.002447,1.008168,1.011495,36,2,584,100,100,0,0,0,28,38,0,-4,2,80,6,306,30,0,0,2968,173,0,10,0,950,345,0,20,0,469,0,0,28,0,263,0,0,8,0,5,493,32,40,0,0,192,14,1,0,0,1,1,0,0
6,28,3,27,4,5,0,1.020297,0.981715,0.990571,24,3,709,100,100,0,0,0,34,26,-4,0,2,80,6,524,33,0,0,2968,90,0,11,0,950,338,0,22,0,469,26,0,14,0,263,19,0,7,0,5,301,28,27,0,0,79,7,1,0,0,1,1,0,0
6,29,0,28,8,8,0,1.022819,0.984678,0.998702,28,3,709,100,100,0,0,0,0,18,30,36,2,80,2,309,21,0,0,3008,163,0,7,0,947,314,0,14,0,460,6,0,24,0,272,0,0,0,0,0,510,0,31,0,0,119,12,0,0,0,0,0,0,0
6,29,1,37,8,8,0,1.016026,0.987855,1.013873,34,4,834,100,100,0,0,0,18,0,40,28,2,80,2,794,54,0,0,3008,225,0,18,0,947,408,0,36,0,460,1,0,8,0,272,0,0,0,0,0,114,0,28,0,0,81,4,1,0,0,1,1,0,0
6,29,2,36,8,8,0,1.009605,1.013847,1.013272,34,2,584,100,100,0,0,0,30,40,0,-2,2,80,2,321,30,0,0,3008,182,0,10,0,947,355,0,20,0,460,0,0,24,0,272,0,0,0,0,0,478,0,34,0,0,204,12,0,0,0,0,0,0,0
6,29,3,27,8,8,0,1.029899,0.992936,0.984444,20,3,709,100,100,0,0,0,36,28,-2,0,2,80,2,543,27,0,0,3008,94,0,9,0,947,347,0,18,0,460,30,0,14,0,272,12,0,7,0,0,310,28,25,0,0,85,7,1,0,0,1,1,0,0
6,30,0,28,4,4,0,1.024786,0.986452,1.000753,27,3,709,100,100,0,0,0,0,20,32,38,3,80,8,320,21,0,0,3032,176,0,7,0,950,321,0,14,0,493,0,0,18,0,252,0,0,9,0,68,521,36,25,0,0,128,9,0,0,0,0,0,0,0
6,30,1,37,4,4,0,1.017142,0.983896,1.014645,33,4,834,100,100,0,0,0,20,0,42,30,3,80,8,826,51,0,0,3032,171,0,17,0,950,425,0,34,0,493,1,0,6,0,252,0,0,3,0,68,101,12,25,0,0,83,3,1,0,0,1,1,0,0
6,30,2,35,4,4,0,1.011278,1.013312,1.012986,33,2,584,100,100,0,0,0,32,42,0,-2,2,80,8,332,30,0,0,3032,192,0,10,0,950,365,0,20,0,493,1,0,14,0,252,0,0,6,0,68,476,24,26,0,0,210,7,1,0,0,1,1,0,0
6,30,3,28,4,4,0,1.029142,0.99218,0.982145,21,3,709,100,100,0,0,0,38,30,-2,0,2,80,8,562,30,0,0,3032,113,0,10,0,950,357,0,20,0,493,30,0,18,0,252,5,0,9,0,68,314,36,32,0,0,92,9,2,0,0,2,2,0,0
6,31,0,25,6,11,0,1.02859,0.97886,0.992207,24,3,709,100,100,0,0,0,0,20,34,40,3,80,5,327,21,0,0,2936,197,0,7,0,956,328,0,14,0,485,0,0,18,0,272,0,0,0,0,20,502,0,27,0,0,136,9,1,0,0,1,1,0,0
6,31,1,38,6,11,0,1.018568,0.981439,1.008364,32,4,834,100,100,0,0,0,20,0,44,32,3,80,5,834,48,0,0,2936,206,0,16,0,956,441,0,32,0,485,0,0,10,0,272,0,0,0,0,20,82,0,30,0,0,86,5,2,0,0,2,2,0,0
6,31,2,34,6,11,0,1.014541,1.006433,1.006737,31,2,584,100,100,0,0,0,34,44,0,-2,2,80,5,343,30,0,0,2936,203,0,10,0,956,375,0,20,0,485,0,0,12,0,272,0,0,0,0,20,467,0,24,0,0,215,6,1,0,0,1,1,0,0
6,31,3,26,6,11,0,1.027482,0.992189,0.97735,20,3,709,100,100,0,0,0,40,32,-2,0,2,80,5,578,27,0,0,2936,140,0,9,0,956,366,0,18,0,485,19,0,20,0,272,0,0,5,0,20,307,20,33,0,0,100,10,2,0,0,2,2,0,0
6,32,0,25,3,2,0,1.02859,0.97886,0.992207,25,3,709,100,100,0,0,0,0,20,34,42,3,80,26,333,21,0,0,3136,165,0,7,0,953,335,0,14,0,469,4,0,20,0,272,0,0,0,0,11,492,0,27,0,0,146,10,0,0,0,0,0,0,0
6,32,1,39,3,2,0,1.017883,0.981991,1.008736,34,4,834,100,100,0,0,0,20,0,44,34,3,80,26,834,51,0,0,3136,151,0,17,0,953,458,0,34,0,469,1,0,12,0,272,0,0,0,0,11,66,0,33,0,0,90,6,2,0,0,2,2,0,0
6,32,2,34,3,2,0,1.018682,1.007876,1.008283,31,2,584,100,100,0,0,0,34,44,0,-2,2,80,26,352,33,0,0,3136,158,0,11,0,953,386,0,22,0,469,0,0,20,0,272,0,0,0,0,11,451,0,33,0,0,224,10,1,0,0,1,1,0,0
6,32,3,26,3,2,0,1.031274,0.990073,0.976263,21,3,709,100,100,0,0,0,42,34,-2,0,2,80,26,592,27,0,0,3136,161,0,9,0,953,375,0,18,0,469,19,0,18,0,272,0,0,0,0,11,282,0,31,0,0,107,9,2,0,0,2,2,0,0
6,33,0,26,2,2,0,1.026651,0.981458,0.990643,25,3,709,100,100,0,0,0,0,22,36,44,3,80,9,346,21,0,0,2928,189,0,7,0,953,342,0,14,0,530,1,0,8,0,244,0,0,8,0,68,509,32,15,0,0,150,4,0,0,0,0,0,0,0
6,33,1,39,2,2,0,1.012802,0.981129,1.005672,35,4,834,100,100,0,0,0,22,0,46,36,3,80,9,834,48,0,0,2928,192,0,16,0,953,474,0,32,0,530,0,0,6,0,244,0,0,6,0,68,64,24,26,0,0,91,3,2,0,0,2,2,0,0
6,33,2,33,2,2,0,1.016859,1.00656,1.006639,31,2,584,100,100,0,0,0,36,46,0,0,2,80,9,367,33,0,0,2928,169,0,11,0,953,397,0,22,0,530,0,0,2,0,244,0,0,10,0,68,476,40,15,0,0,224,1,1,0,0,1,1,0,0
6,33,3,26,2,2,0,1.031274,0.990073,0.976263,23,4,834,100,100,0,0,0,44,36,0,0,2,80,9,610,27,0,0,2928,190,0,9,0,953,384,0,18,0,530,1,0,20,0,244,0,0,4,0,68,248,16,50,0,0,98,10,19,0,0,2,2,0,0
6,34,0,26,3,3,0,1.032134,0.98161,0.991883,24,3,709,100,100,0,0,0,0,22,38,46,3,80,9,351,18,0,0,2920,213,0,6,0,959,348,0,12,0,474,1,0,22,0,269,0,0,0,0,21,491,0,30,0,0,160,11,1,0,0,1,1,0,0
6,34,1,40,3,3,0,1.013523,0.980102,1.004983,37,4,834,100,100,0,0,0,22,0,46,38,3,80,9,834,48,0,0,2920,241,0,16,0,959,490,0,32,0,474,1,0,12,0,269,0,0,3,0,21,58,12,30,0,0,96,6,1,0,0,1,1,0,0
6,34,2,32,3,3,0,1.020157,1.007438,1.007592,31,2,584,100,100,0,0,0,38,46,0,0,2,80,9,377,30,0,0,2920,182,0,10,0,959,407,0,20,0,474,1,0,20,0,269,0,0,0,0,21,461,0,32,0,0,233,10,1,0,0,1,1,0,0
6,34,3,26,3,3,0,1.028189,0.990187,0.972232,24,4,834,100,100,0,0,0,46,38,0,0,2,80,9,625,27,0,0,2920,219,0,9,0,959,393,0,18,0,474,1,0,14,0,269,0,0,0,0,21,226,0,25,0,0,104,7,1,0,0,1,1,0,0
6,35,0,27,3,1,0,1.032534,0.977258,0.99006,25,3,709,100,100,0,0,0,0,22,38,46,3,80,32,354,21,0,0,3144,180,0,7,0,959,355,0,14,0,527,1,0,6,0,251,0,0,3,0,68,488,12,15,0,0,162,3,1,0,0,1,1,0,0
6,35,1,41,3,1,0,1.014725,0.980944,1.004072,38,4,834,100,100,0,0,0,22,0,48,40,3,80,32,834,51,0,0,3144,184,0,17,0,959,507,0,34,0,527,1,0,2,0,251,0,0,10,0,68,77,40,21,0,0,96,1,1,0,0,1,1,0,0
6,35,2,32,3,1,0,1.02099,1.007263,1.005677,31,2,584,100,100,0,0,0,38,48,0,0,2,80,32,385,30,0,0,3144,188,0,10,0,959,417,0,20,0,527,0,0,6,0,251,0,0,2,0,68,453,8,16,0,0,236,3,0,0,0,0,0,0,0
6,35,3,26,3,1,0,1.028189,0.990187,0.972232,25,4,834,100,100,0,0,0,46,40,0,0,2,80,32,637,27,0,0,3144,184,0,9,0,959,402,0,18,0,527,1,0,4,0,251,0,0,6,0,68,235,24,15,0,0,105,2,1,0,0,1,1,0,0
6,36,0,28,3,0,0,1.032885,0.973455,0.990463,26,3,709,100,100,0,0,0,0,22,40,46,3,80,10,369,24,0,0,2912,201,0,8,0,956,363,0,16,0,519,0,0,4,0,216,10,0,11,0,60,520,44,14,0,0,163,2,1,0,0,1,1,0,0
6,36,1,42,3,0,0,1.012757,0.982621,1.003869,39,4,834,100,100,0,0,0,22,0,50,42,3,80,10,834,51,0,0,2912,238,0,17,0,956,524,0,34,0,519,0,0,12,0,216,0,0,6,0,60,72,24,31,0,0,101,6,1,0,0,1,1,0,0
6,36,2,32,3,0,0,1.02099,1.007263,1.005677,31,3,709,100,100,0,0,0,40,50,0,0,2,80,10,397,30,0,0,2912,194,0,10,0,956,427,0,20,0,519,0,0,2,0,216,2,0,15,0,60,485,60,31,0,0,219,1,18,0,0,1,1,0,0
6,36,3,27,3,0,0,1.025705,0.993073,0.973211,26,4,834,100,100,0,0,0,46,42,0,0,2,80,10,656,27,0,0,2912,221,0,9,0,956,411,0,18,0,519,0,0,10,0,216,2,0,10,0,60,257,40,19,0,0,110,5,0,0,0,0,0,0,0
6,37,0,29,2,2,0,1.034882,0.969184,0.991232,27,3,709,100,100,0,0,0,0,22,40,46,3,80,12,382,27,0,0,3152,164,0,9,0,953,372,0,18,0,506,1,0,10,0,260,0,0,10,0,68,539,40,21,0,0,167,5,1,0,0,1,1,0,0
6,37,1,41,2,2,0,1.013579,0.980849,1.003173,39,4,834,100,100,0,0,0,22,0,52,42,3,80,12,834,48,0,0,3152,180,0,16,0,953,540,0,32,0,506,0,0,4,0,260,0,0,12,0,68,98,48,22,0,0,102,2,1,0,0,1,1,0,0
6,37,2,32,2,2,0,1.021033,1.009107,1.008941,31,3,709,100,100,0,0,0,40,52,0,0,2,80,12,412,30,0,0,3152,200,0,10,0,953,437,0,20,0,506,1,0,8,0,260,0,0,2,0,68,475,8,18,0,0,223,4,0,0,0,0,0,0,0
6,37,3,27,2,2,0,1.025705,0.993073,0.973211,26,4,834,100,100,0,0,0,46,42,0,0,2,80,12,672,27,0,0,3152,185,0,9,0,953,420,0,18,0,506,0,0,14,0,260,0,0,2,0,68,240,8,25,0,0,116,7,1,0,0,1,1,0,0
6,38,0,30,5,0,0,1.03647,0.968826,0.993852,28,3,709,100,100,0,0,0,0,22,42,48,3,80,3,397,27,0,0,2952,182,0,9,0,956,381,0,18,0,481,1,0,18,0,258,0,0,3,0,44,529,12,29,0,0,175,9,1,0,0,1,1,0,0
6,38,1,42,5,0,0,1.013882,0.981251,1.004928,40,4,834,100,100,0,0,0,22,0,54,44,3,80,3,834,48,0,0,2952,243,0,16,0,956,556,0,32,0,481,0,0,12,0,258,0,0,4,0,44,88,16,30,0,0,107,6,1,0,0,1,1,0,0
6,38,2,33,5,0,0,1.02241,1.008445,1.00981,31,3,709,100,100,0,0,0,42,54,0,2,2,80,3,428,30,0,0,2952,158,0,10,0,956,447,0,20,0,481,1,0,18,0,258,0,0,3,0,44,468,12,30,0,0,231,9,1,0,0,1,1,0,0
6,38,3,29,5,0,0,1.031167,0.991018,0.973903,27,4,834,100,100,0,0,0,48,44,2,0,2,80,3,690,27,0,0,2952,221,0,9,0,956,429,0,18,0,481,1,0,14,0,258,0,0,4,0,44,235,16,23,0,0,123,7,0,0,0,0,0,0,0
6,39,0,31,3,7,0,1.036706,0.964359,0.993629,29,3,709,100,100,0,0,0,0,22,44,48,3,80,16,409,27,0,0,3088,207,0,9,0,962,387,0,18,0,536,1,0,0,0,200,8,0,13,0,2,585,52,11,0,0,174,0,1,0,0,1,1,0,0
6,39,1,42,3,7,0,1.013679,0.981606,1.005496,40,4,834,100,100,0,0,0,22,0,56,46,3,80,16,834,45,0,0,3088,186,0,15,0,962,568,0,30,0,536,1,0,2,0,200,0,0,15,0,2,146,60,19,0,0,107,1,1,0,0,1,1,0,0
6,39,2,31,3,7,0,1.024534,1.009319,1.011717,31,3,709,100,100,0,0,0,44,56,0,2,2,80,16,442,30,0,0,3088,163,0,10,0,962,457,0,20,0,536,1,0,0,0,200,7,0,14,0,2,531,56,10,0,0,231,0,0,0,0,0,0,0,0
6,39,3,26,3,7,0,1.022912,0.974356,0.972745,24,4,834,100,100,0,0,0,48,46,2,0,2,80,16,699,27,0,0,3088,183,0,9,0,962,438,0,18,0,536,1,0,0,0,200,4,0,11,0,2,285,44,11,0,0,122,0,1,0,0,1,1,0,0
6,40,0,30,4,3,0,1.036134,0.963758,0.993138,29,3,709,100,100,0,0,0,0,22,46,50,3,80,0,420,24,0,0,2960,168,0,8,0,960,395,0,16,0,460,2,0,26,0,272,0,0,8,0,13,598,32,36,0,0,186,13,1,0,0,1,1,0,0
6,40,1,41,4,3,0,1.017604,0.980232,1.007877,39,4,834,100,100,0,0,0,22,0,58,48,3,80,0,834,48,0,0,2960,232,0,16,0,960,580,0,32,0,460,1,0,18,0,272,0,0,0,0,13,125,0,36,0,0,115,9,1,0,0,1,1,0,0
6,40,2,32,4,3,0,1.025022,1.009416,1.013021,31,3,709,100,100,0,0,0,46,58,0,2,2,80,0,458,30,0,0,2960,170,0,10,0,960,467,0,20,0,460,0,0,22,0,272,0,0,7,0,13,544,28,32,0,0,242,11,0,0,0,0,0,0,0
6,40,3,28,4,3,0,1.028483,0.9799,0.977032,25,4,834,100,100,0,0,0,50,48,2,0,2,80,0,721,27,0,0,2960,220,0,9,0,960,447,0,18,0,460,1,0,18,0,272,0,0,4,0,13,278,16,29,0,0,130,9,1,0,0,1,1,0,0
2,1,0,49,5,4,0,0.998095,1.003248,0.999797,0,0,334,100,100,0,0,0,0,0,2,2,0,80,1,56,36,0,0,2816,201,0,12,0,932,62,0,24,0,392,23,0,46,0,272,2,0,23,0,0,99,92,76,0,0,14,23,9,0,0,9,9,0,0
2,1,1,51,5,4,0,0.998291,1.005925,0.994331,0,0,334,100,100,0,0,0,0,0,2,2,0,80,1,58,39,0,0,2816,200,0,13,0,932,63,0,26,0,392,21,0,48,0,272,1,0,24,0,0,101,96,79,0,0,15,24,9,0,0,9,9,0,0
2,1,2,51,5,4,0,0.99604,1.005195,0.994465,0,0,334,100,100,0,0,0,2,2,0,0,0,80,1,58,39,0,0,2816,200,0,13,0,932,63,0,26,0,392,24,0,48,0,272,1,0,24,0,0,101,96,79,0,0,15,24,9,0,0,9,9,0,0
2,1,3,50,5,4,0,0.995982,1.004429,0.995847,0,0,334,100,100,0,0,0,2,2,0,0,0,80,1,59,39,0,0,2816,200,0,13,0,932,63,0,26,0,392,24,0,48,0,272,1,0,24,0,0,101,96,79,0,0,15,24,9,0,0,9,9,0,0
2,2,0,47,1,7,0,0.997018,1.003066,0.999878,8,0,334,100,100,0,0,0,0,0,4,2,0,80,3,55,30,0,0,2800,238,0,10,0,935,72,0,20,0,396,14,0,48,0,272,0,0,2,0,0,48,8,76,0,0,29,24,9,0,0,9,9,0,0
2,2,1,47,1,7,0,0.999245,1.003916,0.988429,9,0,334,100,100,0,0,0,0,0,4,2,0,80,3,60,36,0,0,2800,241,0,12,0,935,75,0,24,0,396,6,0,48,0,272,0,0,1,0,0,44,4,78,0,0,30,24,9,0,0,9,9,0,0
2,2,2,52,1,7,0,0.996557,1.005437,0.994173,9,0,334,100,100,0,0,0,4,4,0,2,0,80,3,65,39,0,0,2800,232,0,13,0,935,76,0,26,0,396,13,0,48,0,272,0,0,1,0,0,43,4,79,0,0,30,24,9,0,0,9,9,0,0
2,2,3,49,1,7,0,0.997279,1.003619,0.996118,9,0,334,100,100,0,0,0,2,2,2,0,0,80,3,66,39,0,0,2800,225,0,13,0,935,76,0,26,0,396,14,0,46,0,272,0,0,1,0,0,45,4,77,0,0,29,23,9,0,0,9,9,0,0
2,3,0,46,6,6,0,0.997614,0.998088,0.996156,16,0,334,100,100,0,0,0,0,0,6,4,0,80,0,50,27,0,0,3200,182,0,9,0,941,81,0,18,0,524,0,0,20,0,143,3,0,24,0,0,114,96,47,0,0,30,10,9,0,0,9,9,0,0
2,3,1,45,6,6,0,1.001012,1.002728,0.984598,16,0,334,100,100,0,0,0,0,0,6,4,0,80,0,66,33,0,0,3200,183,0,11,0,941,86,0,22,0,524,0,0,6,0,143,7,0,23,0,0,118,92,35,0,0,24,3,9,0,0,9,9,0,0
2,3,2,54,6,6,0,0.999024,1.00392,0.995356,17,0,334,100,100,0,0,0,6,6,0,2,0,80,0,74,39,0,0,3200,167,0,13,0,941,89,0,26,0,524,1,0,20,0,143,9,0,24,0,0,105,96,51,0,0,31,10,9,0,0,9,9,0,0
2,3,3,50,6,6,0,0.99906,1.002765,0.99693,18,0,334,100,100,0,0,0,4,4,2,0,0,80,0,77,39,0,0,3200,163,0,13,0,941,89,0,26,0,524,0,0,20,0,143,10,0,23,0,0,103,92,51,0,0,30,10,9,0,0,9,9,0,0
2,4,0,45,3,1,0,0.998862,0.997381,0.994973,24,0,334,100,100,0,0,0,0,0,8,6,0,80,5,46,27,0,0,2808,223,0,9,0,950,90,0,18,0,424,1,0,26,0,272,0,0,3,0,68,73,12,53,0,0,34,13,9,0,0,9,9,0,0
2,4,1,45,3,1,0,1.001012,1.002728,0.984598,25,0,334,100,100,0,0,0,0,0,6,6,0,80,5,69,33,0,0,2808,223,0,11,0,950,97,0,22,0,424,1,0,28,0,272,0,0,7,0,68,89,28,57,0,0,29,14,9,0,0,9,9,0,0
2,4,2,55,3,1,0,1.000826,1.002898,0.993301,26,0,334,100,100,0,0,0,8,6,0,2,0,80,5,82,39,0,0,2808,204,0,13,0,950,102,0,26,0,424,1,0,32,0,272,0,0,9,0,68,78,36,63,0,0,38,16,9,0,0,9,9,0,0
2,4,3,52,3,1,0,1.001012,0.999707,0.997733,27,0,334,100,100,0,0,0,6,6,2,0,0,80,5,88,39,0,0,2808,188,0,13,0,950,102,0,26,0,424,0,0,32,0,272,0,0,10,0,68,80,40,63,0,0,37,16,9,0,0,9,9,0,0
2,5,0,45,4,4,0,0.998494,0.995974,1.00193,33,0,334,100,100,0,0,0,0,2,10,8,0,80,2,48,27,0,0,3008,169,0,9,0,944,99,0,18,0,527,0,0,10,0,147,4,0,23,0,0,154,92,31,0,0,33,5,6,0,0,6,6,0,0
2,5,1,46,4,4,0,1.002295,1.002037,0.982697,34,0,334,100,100,0,0,0,2,0,8,8,0,80,2,75,33,0,0,3008,167,0,11,0,944,108,0,22,0,527,1,0,0,0,147,8,0,23,0,0,182,92,23,0,0,23,0,6,0,0,6,6,0,0
2,5,2,54,4,4,0,1.000621,1.001782,0.992113,34,0,334,100,100,0,0,0,10,8,0,4,0,80,2,82,39,0,0,3008,240,0,13,0,944,115,0,26,0,527,0,0,4,0,147,8,0,26,0,0,159,104,35,0,0,31,2,9,0,0,9,9,0,0
2,5,3,52,4,4,0,1.003454,0.997103,0.999418,35,0,334,100,100,0,0,0,8,8,4,0,0,80,2,98,45,0,0,3008,201,0,15,0,944,117,0,30,0,527,0,0,4,0,147,11,0,22,0,0,145,88,35,0,0,31,2,8,0,0,8,8,0,0
2,6,0,43,2,16,2,0.996987,0.997408,1.000655,38,0,334,100,100,0,0,0,0,0,10,4,0,80,1,46,24,0,0,2928,204,0,8,0,944,107,0,16,0,402,1,0,34,0,272,0,0,4,0,4,136,16,48,0,0,47,17,3,0,0,3,3,0,0
2,6,1,44,2,16,2,1.000708,0.999542,0.982971,38,0,334,100,100,0,0,0,0,0,4,8,0,80,1,77,30,0,0,2928,207,0,10,0,944,118,0,20,0,402,1,0,30,0,272,0,0,8,0,4,180,32,46,0,0,35,15,3,0,0,3,3,0,0
2,6,2,52,2,16,2,0.999163,1.001975,0.994158,41,0,334,100,100,0,0,0,10,4,0,6,0,80,1,79,36,0,0,2928,174,0,12,0,944,127,0,24,0,402,0,0,38,0,272,0,0,8,0,4,146,32,60,0,0,45,19,5,0,0,5,5,0,0
2,6,3,44,2,16,2,1.001765,0.993787,1.003571,36,0,334,100,100,0,0,0,4,8,6,0,0,80,1,106,45,0,0,2928,206,0,15,0,944,132,0,30,0,402,11,0,28,0,272,0,0,11,0,4,152,44,51,0,0,41,14,4,0,0,4,4,0,0
2,7,0,42,6,10,0,0.99204,0.997227,0.998414,39,0,334,100,100,0,0,0,0,0,12,6,0,80,2,37,18,0,0,2832,243,0,6,0,950,113,0,12,0,472,1,0,14,0,206,0,0,20,0,11,209,80,22,0,0,53,7,1,0,0,1,1,0,0
2,7,1,43,6,10,0,1.001922,1.001636,0.984171,40,0,334,100,100,0,0,0,0,0,6,10,0,80,2,79,30,0,0,2832,249,0,10,0,950,128,0,20,0,472,0,0,10,0,206,0,0,17,0,11,239,68,24,0,0,38,5,2,0,0,2,2,0,0
2,7,2,48,6,10,0,0.993523,0.994046,0.992996,39,0,334,100,100,0,0,0,12,6,0,8,0,80,2,78,33,0,0,2832,207,0,11,0,950,138,0,22,0,472,1,0,24,0,206,0,0,12,0,11,171,48,41,0,0,54,12,3,0,0,3,3,0,0
2,7,3,46,6,10,0,1.003111,0.995323,1.00266,40,0,334,100,100,0,0,0,6,10,8,0,0,80,2,126,45,0,0,2832,219,0,15,0,950,147,0,30,0,472,2,0,30,0,206,2,0,15,0,11,172,60,49,0,0,54,15,2,0,0,2,2,0,0
2,8,0,42,0,2,0,0.99204,0.997227,0.998414,40,0,334,100,100,0,0,0,0,2,14,8,0,80,35,28,18,0,0,3104,195,0,6,0,1088,101,0,12,0,426,0,0,30,0,272,0,0,0,0,62,177,0,38,0,0,67,15,1,0,0,1,1,0,0
2,8,1,42,0,2,0,0.999631,1.002951,0.984378,41,0,334,100,100,0,0,0,2,0,6,10,0,80,35,73,30,0,0,3104,196,0,10,0,1088,108,0,20,0,426,0,0,18,0,272,0,0,0,0,62,209,0,30,0,0,46,9,1,0,0,1,1,0,0
2,8,2,48,0,2,0,0.993523,0.994046,0.992996,42,0,334,100,100,0,0,0,14,6,0,8,0,80,35,75,33,0,0,3104,244,0,11,0,1088,116,0,22,0,426,0,0,36,0,272,0,0,0,0,62,118,0,53,0,0,69,18,3,0,0,3,3,0,0
2,8,3,45,0,2,0,1.00526,0.997001,1.004247,41,0,334,100,100,0,0,0,8,10,8,0,0,80,35,135,48,0,0,3104,157,0,16,0,1088,115,0,32,0,426,8,0,30,0,272,0,0,2,0,62,130,8,50,0,0,67,15,2,0,0,2,2,0,0
2,9,0,36,6,9,1,0.986725,0.999207,1.00293,36,0,334,100,100,0,0,0,0,4,12,12,0,80,0,32,15,0,0,2956,232,0,5,0,962,106,0,10,0,399,0,0,30,0,272,0,0,0,0,5,155,0,35,0,0,82,15,0,0,0,0,0,0,0
2,9,1,46,6,9,1,1.002718,1.007859,0.982638,42,0,334,100,100,0,0,0,4,0,6,12,0,80,0,79,30,0,0,2956,240,0,10,0,962,118,0,20,0,399,1,0,26,0,272,0,0,0,0,5,186,0,36,0,0,59,13,0,0,0,0,0,0,0
2,9,2,47,6,9,1,0.992808,0.995901,0.994504,45,0,334,100,100,0,0,0,12,6,0,6,0,80,0,79,33,0,0,2956,185,0,11,0,962,127,0,22,0,399,1,0,42,0,272,0,0,0,0,5,85,0,55,0,0,89,21,1,0,0,1,1,0,0
2,9,3,45,6,9,1,1.005237,0.994303,1.005236,41,0,334,100,100,0,0,0,12,12,6,0,0,80,0,156,48,0,0,2956,152,0,16,0,962,131,0,32,0,399,24,0,26,0,272,0,0,0,0,5,98,0,44,0,0,79,13,1,0,0,1,1,0,0
2,10,0,36,1,2,0,0.992159,0.997487,1.003482,35,0,334,100,100,0,0,0,0,6,16,16,0,80,12,30,12,0,0,3048,192,0,4,0,959,110,0,8,0,415,0,0,26,0,260,0,0,2,0,0,150,8,30,0,0,95,13,0,0,0,0,0,0,0
2,10,1,46,1,2,0,1.002718,1.007859,0.982638,42,0,334,100,100,0,0,0,6,0,8,14,0,80,12,79,33,0,0,3048,183,0,11,0,959,129,0,22,0,415,1,0,30,0,260,0,0,2,0,0,166,8,45,0,0,72,15,2,0,0,2,2,0,0
2,10,2,47,1,2,0,0.992808,0.995901,0.994504,46,0,334,100,100,0,0,0,16,8,0,6,0,80,12,80,33,0,0,3048,223,0,11,0,959,138,0,22,0,415,0,0,38,0,260,0,0,4,0,0,67,16,51,0,0,107,19,1,0,0,1,1,0,0
2,10,3,44,1,2,0,1.004063,0.99383,1.005893,42,0,334,100,100,0,0,0,16,14,6,0,0,80,12,173,51,0,0,3048,146,0,17,0,959,148,0,34,0,415,36,0,24,0,260,0,0,4,0,0,85,16,43,0,0,90,12,1,0,0,1,1,0,0
2,11,0,35,3,5,0,0.99082,0.999578,1.00716,34,0,334,100,100,0,0,0,0,8,20,20,2,80,8,28,15,0,0,2962,237,0,5,0,956,115,0,10,0,431,0,0,16,0,263,0,0,3,0,0,154,12,23,0,0,102,8,1,0,0,1,1,0,0
2,11,1,48,3,5,0,1.00514,1.006021,0.984225,44,0,334,100,100,0,0,0,8,0,10,16,0,80,8,81,33,0,0,2962,222,0,11,0,956,140,0,22,0,431,0,0,28,0,263,0,0,2,0,0,152,8,41,0,0,85,14,1,0,0,1,1,0,0
2,11,2,46,3,5,0,0.991976,0.998391,0.995078,46,0,334,100,100,0,0,0,20,10,0,8,1,80,8,81,33,0,0,2962,165,0,11,0,956,149,0,22,0,431,0,0,32,0,263,0,0,3,0,0,58,12,43,0,0,123,16,0,0,0,0,0,0,0
2,11,3,42,3,5,0,1.007149,0.992161,1.00744,40,0,334,100,100,0,0,0,20,16,8,0,1,80,8,190,42,0,0,2962,144,0,14,0,956,162,0,28,0,431,44,0,24,0,263,0,0,1,0,0,61,4,40,0,0,101,12,1,0,0,1,1,0,0
2,12,0,34,4,3,0,0.993624,1.002427,1.006221,33,0,334,100,100,0,0,0,0,10,24,24,2,80,0,28,15,0,0,3048,197,0,5,0,962,120,0,10,0,481,0,0,14,0,205,0,0,12,0,0,202,48,19,0,0,109,7,0,0,0,0,0,0,0
2,12,1,49,4,3,0,1.004825,1.004602,0.984008,45,0,334,100,100,0,0,0,10,0,12,18,0,80,0,82,33,0,0,3048,163,0,11,0,962,151,0,22,0,481,1,0,12,0,205,0,0,16,0,0,208,64,27,0,0,89,6,2,0,0,2,2,0,0
2,12,2,47,4,3,0,0.992047,0.998756,0.992276,46,0,334,100,100,0,0,0,24,12,0,8,1,80,0,84,33,0,0,3048,204,0,11,0,962,160,0,22,0,481,0,0,14,0,205,3,0,21,0,0,132,84,25,0,0,130,7,0,0,0,0,0,0,0
2,12,3,42,4,3,0,1.011121,0.991078,1.007283,40,0,334,100,100,0,0,0,24,18,8,0,1,80,0,207,42,0,0,3048,144,0,14,0,962,176,0,28,0,481,42,0,24,0,205,3,0,12,0,0,83,48,40,0,0,112,12,1,0,0,1,1,0,0
2,13,0,32,1,8,0,0.994048,1.000697,1.006627,31,0,334,100,100,0,0,0,0,12,28,28,2,80,8,26,15,0,0,2865,229,0,5,0,959,125,0,10,0,509,1,0,2,0,184,0,0,18,0,2,282,72,9,0,0,109,1,1,0,0,1,1,0,0
2,13,1,47,1,8,0,1.004999,1.002956,0.981665,45,1,459,100,100,0,0,0,12,0,14,20,1,80,8,76,33,0,0,2865,215,0,11,0,959,162,0,22,0,509,0,0,4,0,184,0,0,24,0,2,287,96,34,0,0,73,2,18,0,0,1,1,0,0
2,13,2,45,1,8,0,0.993566,0.997488,0.991157,44,0,334,100,100,0,0,0,28,14,0,8,1,80,8,84,36,0,0,2865,233,0,12,0,959,172,0,24,0,509,1,0,4,0,184,14,0,20,0,2,211,80,18,0,0,131,2,1,0,0,1,1,0,0
2,13,3,41,1,8,0,1.013989,0.991974,1.005739,39,0,334,100,100,0,0,0,28,20,8,0,2,80,8,224,45,0,0,2865,143,0,15,0,959,191,0,30,0,509,31,0,24,0,184,3,0,12,0,2,105,48,41,0,0,123,12,1,0,0,1,1,0,0
2,14,0,27,1,11,0,0.994286,0.998602,1.009112,27,1,459,100,100,0,0,0,0,14,32,32,2,80,19,18,12,0,0,3144,193,0,4,0,959,129,0,8,0,462,1,0,6,0,232,0,0,12,0,2,313,48,27,0,0,95,3,17,0,0,0,0,0,0
2,14,1,42,1,11,0,1.006698,1.003695,0.98539,41,1,459,100,100,0,0,0,14,0,16,22,1,80,19,67,24,0,0,3144,160,0,8,0,959,170,0,16,0,462,1,0,10,0,232,0,0,9,0,2,320,36,20,0,0,77,5,1,0,0,1,1,0,0
2,14,2,46,1,11,0,0.994837,0.997397,0.992669,45,0,334,100,100,0,0,0,32,16,0,10,1,80,19,89,36,0,0,3144,176,0,12,0,959,184,0,24,0,462,0,0,36,0,232,0,0,14,0,2,236,56,48,0,0,149,18,0,0,0,0,0,0,0
2,14,3,40,1,11,0,1.013885,0.989872,1.005237,39,0,334,100,100,0,0,0,32,22,10,0,2,80,19,245,45,0,0,3144,143,0,15,0,959,206,0,30,0,462,25,0,24,0,232,7,0,12,0,2,127,48,41,0,0,134,12,1,0,0,1,1,0,0
2,15,0,24,4,10,0,0.990987,1.000102,1.011686,24,1,459,100,100,0,0,0,0,14,36,36,2,80,2,19,12,0,0,2888,218,0,4,0,971,133,0,8,0,544,1,0,0,0,159,0,0,9,0,62,351,36,4,0,0,95,0,0,0,0,0,0,0,0
2,15,1,42,4,10,0,1.00796,1.005811,0.986234,41,1,459,100,100,0,0,0,14,0,18,24,1,80,2,64,24,0,0,2888,222,0,8,0,971,178,0,16,0,544,1,0,0,0,159,0,0,19,0,62,388,76,8,0,0,77,0,0,0,0,0,0,0,0
2,15,2,44,4,10,0,0.995061,0.996705,0.993475,42,1,459,100,100,0,0,0,36,18,0,12,1,80,2,94,33,0,0,2888,207,0,11,0,971,195,0,22,0,544,0,0,0,0,159,10,0,21,0,62,290,84,30,0,0,131,0,18,0,0,1,1,0,0
2,15,3,39,4,10,0,1.012748,0.989771,1.002894,37,0,334,100,100,0,0,0,36,24,12,0,2,80,2,271,42,0,0,2888,145,0,14,0,971,220,0,28,0,544,1,0,24,0,159,28,0,12,0,62,137,48,38,0,0,146,12,0,0,0,0,0,0,0
2,16,0,21,3,5,0,0.988271,0.999611,1.006685,21,1,459,100,100,0,0,0,0,14,40,40,2,80,10,22,12,0,0,3040,190,0,4,0,995,137,0,8,0,463,0,0,4,0,254,0,0,0,0,6,359,0,8,0,0,97,2,0,0,0,0,0,0,0
2,16,1,42,3,5,0,1.013802,1.004971,0.987734,40,2,584,100,100,0,0,0,14,0,20,26,2,80,10,58,21,0,0,3040,173,0,7,0,995,176,0,14,0,463,1,0,12,0,254,0,0,11,0,6,411,44,38,0,0,65,6,18,0,0,1,1,0,0
2,16,2,45,3,5,0,0.996787,0.995735,0.995283,43,1,459,100,100,0,0,0,40,20,0,14,2,80,10,104,33,0,0,3040,240,0,11,0,995,201,0,22,0,463,0,0,26,0,254,0,0,15,0,6,329,60,39,0,0,143,13,1,0,0,1,1,0,0
2,16,3,39,3,5,0,1.014895,0.988534,1.001718,36,1,459,100,100,0,0,0,40,26,14,0,2,80,10,292,42,0,0,3040,164,0,14,0,995,230,0,28,0,463,1,0,28,0,254,16,0,14,0,6,143,56,61,0,0,142,14,18,0,0,1,1,0,0
2,17,0,20,4,2,0,0.989527,1.003508,1.006537,20,1,459,100,100,0,0,0,0,14,44,44,2,80,4,30,12,0,0,3008,165,0,4,0,977,141,0,8,0,454,1,0,2,0,272,0,0,0,0,2,369,0,6,0,0,98,1,0,0,0,0,0,0,0
2,17,1,42,4,2,0,1.013802,1.004971,0.987734,41,2,584,100,100,0,0,0,14,0,22,28,2,80,4,54,21,0,0,3008,236,0,7,0,977,183,0,14,0,454,1,0,24,0,272,0,0,0,0,2,395,0,33,0,0,76,12,1,0,0,1,1,0,0
2,17,2,47,4,2,0,0.997974,0.995499,0.998491,44,1,459,100,100,0,0,0,44,22,0,16,2,80,4,117,36,0,0,3008,183,0,12,0,977,213,0,24,0,454,1,0,32,0,272,0,0,0,0,2,300,0,46,0,0,158,16,1,0,0,1,1,0,0
2,17,3,40,4,2,0,1.017538,0.986009,0.997486,36,1,459,100,100,0,0,0,44,28,16,0,2,80,4,312,39,0,0,3008,192,0,13,0,977,243,0,26,0,454,1,0,30,0,272,1,0,15,0,2,173,60,45,0,0,156,15,1,0,0,1,1,0,0
2,18,0,21,3,4,0,0.982325,1.002508,1.00515,20,1,459,100,100,0,0,0,0,14,46,46,2,80,4,37,12,0,0,2984,189,0,4,0,980,145,0,8,0,462,0,0,4,0,272,0,0,0,0,0,378,0,8,0,0,100,2,0,0,0,0,0,0,0
2,18,1,41,3,4,0,1.014895,1.002256,0.991208,40,2,584,100,100,0,0,0,14,0,24,30,2,80,4,52,21,0,0,2984,187,0,7,0,980,190,0,14,0,462,1,0,22,0,272,0,0,0,0,0,381,0,29,0,0,87,11,0,0,0,0,0,0,0
2,18,2,47,3,4,0,0.998916,0.996377,0.999064,44,1,459,100,100,0,0,0,46,24,0,16,2,80,4,125,36,0,0,2984,204,0,12,0,980,225,0,24,0,462,0,0,32,0,272,0,0,0,0,0,271,0,46,0,0,173,16,1,0,0,1,1,0,0
2,18,3,39,3,4,0,1.015124,0.988685,0.998226,36,1,459,100,100,0,0,0,46,30,16,0,2,80,4,324,36,0,0,2984,220,0,12,0,980,255,0,24,0,462,1,0,26,0,272,0,0,1,0,0,152,4,42,0,0,167,13,2,0,0,2,2,0,0
2,19,0,22,4,5,0,0.980779,1.000873,1.001238,20,2,584,100,100,0,0,0,0,14,48,48,2,80,8,45,12,0,0,3024,164,0,4,0,980,149,0,8,0,494,0,0,0,0,254,0,0,2,0,0,379,8,23,0,0,82,0,18,0,0,1,1,0,0
2,19,1,40,4,5,0,1.017607,1.004316,0.992706,39,2,584,100,100,0,0,0,14,0,26,32,2,80,8,53,24,0,0,3024,226,0,8,0,980,198,0,16,0,494,0,0,16,0,254,0,0,1,0,0,375,4,26,0,0,94,8,1,0,0,1,1,0,0
2,19,2,46,4,5,0,1.001027,0.996014,0.995029,44,1,459,100,100,0,0,0,48,26,0,16,2,80,8,131,36,0,0,3024,217,0,12,0,980,237,0,24,0,494,0,0,18,0,254,0,0,7,0,0,284,28,32,0,0,181,9,1,0,0,1,1,0,0
2,19,3,39,4,5,0,1.014176,0.99445,0.99272,36,1,459,100,100,0,0,0,48,32,16,0,2,80,8,336,33,0,0,3024,170,0,11,0,980,266,0,22,0,494,0,0,12,0,254,0,0,8,0,0,178,32,25,0,0,172,6,1,0,0,1,1,0,0
2,20,0,21,4,9,0,0.982325,1.002508,1.00515,21,2,584,100,100,0,0,0,0,14,50,50,2,80,12,48,12,0,0,3064,186,0,4,0,980,153,0,8,0,492,0,0,2,0,266,0,0,0,0,0,390,0,6,0,0,83,1,0,0,0,0,0,0,0
2,20,1,37,4,9,0,1.017029,1.001911,0.990195,37,2,584,100,100,0,0,0,14,0,28,34,2,80,12,51,24,0,0,3064,178,0,8,0,980,206,0,16,0,492,1,0,4,0,266,0,0,1,0,0,384,4,12,0,0,96,2,0,0,0,0,0,0,0
2,20,2,47,4,9,0,1.003583,0.989067,0.993377,43,1,459,100,100,0,0,0,50,28,0,16,2,80,12,138,36,0,0,3064,159,0,12,0,980,249,0,24,0,492,0,0,14,0,266,0,0,4,0,0,289,16,28,0,0,187,7,1,0,0,1,1,0,0
2,20,3,37,4,9,0,1.01699,0.989171,0.987271,34,1,459,100,100,0,0,0,50,34,16,0,2,80,12,351,36,0,0,3064,207,0,12,0,980,278,0,24,0,492,0,0,16,0,266,0,0,1,0,0,167,4,30,0,0,179,8,1,0,0,1,1,0,0
2,21,0,20,4,1,0,0.976535,1.005312,1.006634,20,2,584,100,100,0,0,0,0,16,52,52,2,80,4,52,12,0,0,2976,209,0,4,0,998,157,0,8,0,502,0,0,0,0,264,0,0,2,0,0,409,8,4,0,0,83,0,0,0,0,0,0,0,0
2,21,1,38,4,1,0,1.015049,1.001777,0.98969,37,2,584,100,100,0,0,0,16,0,30,36,2,80,4,56,24,0,0,2976,221,0,8,0,998,208,0,16,0,502,1,0,8,0,264,0,0,1,0,0,389,4,16,0,0,100,4,0,0,0,0,0,0,0
2,21,2,48,4,1,0,1.004275,0.989105,0.992031,44,1,459,100,100,0,0,0,52,30,0,18,2,80,4,150,39,0,0,2976,187,0,13,0,998,256,0,26,0,502,0,0,24,0,264,0,0,1,0,0,269,4,41,0,0,197,12,2,0,0,2,2,0,0
2,21,3,39,4,1,0,1.018563,0.98777,0.984967,35,1,459,100,100,0,0,0,52,36,18,0,2,80,4,372,39,0,0,2976,157,0,13,0,998,279,0,26,0,502,0,0,10,0,264,0,0,4,0,0,175,16,25,0,0,183,5,1,0,0,1,1,0,0
2,22,0,18,4,4,0,0.978872,1.002223,1.006249,17,2,584,100,100,0,0,0,0,16,54,54,2,80,17,56,12,0,0,3016,185,0,4,0,986,161,0,8,0,544,0,0,0,0,210,0,0,3,0,0,430,12,4,0,0,83,0,0,0,0,0,0,0,0
2,22,1,39,4,4,0,1.017581,1.001363,0.987147,37,2,584,100,100,0,0,0,16,0,30,38,2,80,17,54,24,0,0,3016,175,0,8,0,986,216,0,16,0,544,1,0,0,0,210,0,0,16,0,0,460,64,10,0,0,99,0,1,0,0,1,1,0,0
2,22,2,47,4,4,0,1.004355,0.988386,0.989026,45,1,459,100,100,0,0,0,54,30,0,18,2,80,17,157,39,0,0,3016,206,0,13,0,986,263,0,26,0,544,0,0,0,0,210,3,0,22,0,0,359,88,15,0,0,196,0,1,0,0,1,1,0,0
2,22,3,41,4,4,0,1.017642,0.990148,0.98305,36,1,459,100,100,0,0,0,54,38,18,0,2,80,17,390,39,0,0,3016,201,0,13,0,986,286,0,26,0,544,0,0,0,0,210,0,0,18,0,0,247,72,17,0,0,181,0,2,0,0,2,2,0,0
2,23,0,16,3,11,0,0.985679,1.001088,1.001411,15,2,584,100,100,0,0,0,0,16,56,56,2,80,1,59,9,0,0,2936,164,0,3,0,971,164,0,6,0,512,0,0,0,0,234,0,0,6,0,0,466,24,5,0,0,82,0,1,0,0,1,1,0,0
2,23,1,37,3,11,0,1.016562,1.001792,0.988153,37,3,709,100,100,0,0,0,16,0,32,40,2,80,1,55,24,0,0,2936,216,0,8,0,971,224,0,16,0,512,1,0,0,0,234,0,0,15,0,0,511,60,25,0,0,82,0,17,0,0,0,0,0,0
2,23,2,43,3,11,0,1.000283,0.986862,0.987716,41,1,459,100,100,0,0,0,56,32,0,20,3,80,1,175,39,0,0,2936,226,0,13,0,971,276,0,26,0,512,1,0,18,0,234,0,0,3,0,0,360,12,33,0,0,204,9,1,0,0,1,1,0,0
2,23,3,41,3,11,0,1.018821,0.988458,0.984151,36,2,584,100,100,0,0,0,56,40,20,0,3,80,1,409,42,0,0,2936,242,0,14,0,971,300,0,28,0,512,0,0,0,0,234,0,0,17,0,0,291,68,35,0,0,162,0,19,0,0,2,2,0,0
2,24,0,16,3,1,0,0.985679,1.001088,1.001411,16,2,584,100,100,0,0,0,0,16,58,58,2,80,8,64,9,0,0,3168,177,0,3,0,971,167,0,6,0,499,1,0,2,0,254,0,0,3,0,0,490,12,5,0,0,83,1,0,0,0,0,0,0,0
2,24,1,36,3,1,0,1.017308,1.003606,0.988558,36,3,709,100,100,0,0,0,16,0,34,42,2,80,8,58,24,0,0,3168,171,0,8,0,971,232,0,16,0,499,1,0,12,0,254,0,0,3,0,0,520,12,20,0,0,88,6,0,0,0,0,0,0,0
2,24,2,45,3,1,0,1.002886,0.986228,0.987592,42,1,459,100,100,0,0,0,58,34,0,20,3,80,8,195,42,0,0,3168,169,0,14,0,971,290,0,28,0,499,0,0,16,0,254,0,0,6,0,0,369,24,32,0,0,211,8,1,0,0,1,1,0,0
2,24,3,42,3,1,0,1.019338,0.989488,0.98433,38,2,584,100,100,0,0,0,58,42,20,0,3,80,8,431,42,0,0,3168,187,0,14,0,971,314,0,28,0,499,1,0,14,0,254,0,0,6,0,0,300,24,32,0,0,167,7,2,0,0,2,2,0,0
2,25,0,11,5,10,0,1.013361,1.00361,1.004879,11,2,584,100,100,0,0,0,0,16,60,60,2,80,0,66,9,0,0,2904,190,0,3,0,965,170,0,6,0,479,1,0,6,0,272,0,0,0,0,0,486,0,9,0,0,86,3,0,0,0,0,0,0,0
2,25,1,37,5,10,0,1.021299,1.001371,0.990647,35,3,709,100,100,0,0,0,16,0,36,44,2,80,0,64,24,0,0,2904,207,0,8,0,965,240,0,16,0,479,0,0,18,0,272,0,0,0,0,0,510,0,26,0,0,97,9,0,0,0,0,0,0,0
2,25,2,42,5,10,0,0.999282,0.988126,0.988653,39,1,459,100,100,0,0,0,60,36,0,22,3,80,0,213,45,0,0,2904,181,0,15,0,965,305,0,30,0,479,0,0,18,0,272,0,0,0,0,0,350,0,35,0,0,219,9,1,0,0,1,1,0,0
2,25,3,44,5,10,0,1.0194,0.987457,0.981741,40,2,584,100,100,0,0,0,60,44,22,0,3,80,0,452,42,0,0,2904,235,0,14,0,965,328,0,28,0,479,0,0,22,0,272,0,0,0,0,0,279,0,38,0,0,177,11,1,0,0,1,1,0,0
2,26,0,11,4,0,0,1.013361,1.00361,1.004879,11,3,709,100,100,0,0,0,0,16,62,62,2,80,14,75,9,0,0,3128,176,0,3,0,959,173,0,6,0,499,1,0,2,0,264,0,0,1,0,0,485,4,22,0,0,70,1,17,0,0,0,0,0,0
2,26,1,37,4,0,0,1.021299,1.001371,0.990647,35,3,709,100,100,0,0,0,16,0,38,46,2,80,14,73,30,0,0,3128,160,0,10,0,959,250,0,20,0,499,1,0,12,0,264,0,0,1,0,0,507,4,24,0,0,102,6,1,0,0,1,1,0,0
2,26,2,44,4,0,0,1.002133,0.98556,0.988184,40,1,459,100,100,0,0,0,62,38,0,24,3,80,14,234,48,0,0,3128,195,0,16,0,959,321,0,32,0,499,1,0,14,0,264,0,0,3,0,0,347,12,32,0,0,225,7,1,0,0,1,1,0,0
2,26,3,46,4,0,0,1.015047,0.987802,0.98217,41,2,584,100,100,0,0,0,62,46,24,0,3,80,14,470,42,0,0,3128,177,0,14,0,959,342,0,28,0,499,1,0,14,0,264,0,0,3,0,0,276,12,32,0,0,182,7,2,0,0,2,2,0,0
2,27,0,11,5,3,0,1.013361,1.00361,1.004879,11,3,709,100,100,0,0,0,0,16,64,64,2,80,6,83,9,0,0,2880,194,0,3,0,956,176,0,6,0,493,0,0,4,0,257,0,0,3,0,11,496,12,7,0,0,72,2,0,0,0,0,0,0,0
2,27,1,40,5,3,0,1.018453,0.996618,0.990471,36,3,709,100,100,0,0,0,16,0,40,48,2,80,6,83,30,0,0,2880,193,0,10,0,956,260,0,20,0,493,0,0,16,0,257,0,0,3,0,11,508,12,28,0,0,109,8,1,0,0,1,1,0,0
2,27,2,44,5,3,0,1.006151,0.987195,0.988114,40,1,459,100,100,0,0,0,64,40,0,26,3,80,6,263,48,0,0,2880,215,0,16,0,956,337,0,32,0,493,0,0,16,0,257,0,0,3,0,11,340,12,36,0,0,231,8,2,0,0,2,2,0,0
2,27,3,45,5,3,0,1.020776,0.98581,0.983504,41,2,584,100,100,0,0,0,64,48,26,0,3,80,6,481,39,0,0,2880,238,0,13,0,956,355,0,26,0,493,1,0,18,0,257,0,0,6,0,11,282,24,35,0,0,189,9,2,0,0,2,2,0,0
2,28,0,11,5,2,0,1.013361,1.00361,1.004879,11,3,709,100,100,0,0,0,0,16,66,66,2,80,2,90,9,0,0,3104,180,0,3,0,959,179,0,6,0,481,0,0,6,0,272,0,0,0,0,0,504,0,9,0,0,75,3,0,0,0,0,0,0,0
2,28,1,41,5,2,0,1.02039,0.995948,0.992245,37,3,709,100,100,0,0,0,16,0,42,50,2,80,2,91,30,0,0,3104,239,0,10,0,959,270,0,20,0,481,1,0,20,0,272,0,0,0,0,0,491,0,34,0,0,117,10,2,0,0,2,2,0,0
2,28,2,46,5,2,0,1.004752,0.988505,0.989434,42,1,459,100,100,0,0,0,66,42,0,26,3,80,2,293,51,0,0,3104,154,0,17,0,959,354,0,34,0,481,0,0,12,0,272,0,0,0,0,0,326,0,31,0,0,236,6,1,0,0,1,1,0,0
2,28,3,45,5,2,0,1.018818,0.989675,0.979553,41,2,584,100,100,0,0,0,66,50,26,0,3,80,2,493,39,0,0,3104,180,0,13,0,959,368,0,26,0,481,1,0,24,0,272,0,0,0,0,0,258,0,39,0,0,200,12,1,0,0,1,1,0,0
2,29,0,11,2,2,0,1.013361,1.00361,1.004879,11,3,709,100,100,0,0,0,0,16,68,68,2,80,6,99,9,0,0,3000,166,0,3,0,959,182,0,6,0,493,1,0,2,0,272,0,0,0,0,0,516,0,5,0,0,76,1,0,0,0,0,0,0,0
2,29,1,42,2,2,0,1.02365,0.996683,0.99159,39,3,709,100,100,0,0,0,16,0,44,52,2,80,6,96,30,0,0,3000,188,0,10,0,959,280,0,20,0,493,0,0,16,0,272,0,0,0,0,0,482,0,28,0,0,124,8,1,0,0,1,1,0,0
2,29,2,45,2,2,0,1.004161,0.987903,0.990318,41,1,459,100,100,0,0,0,68,44,0,26,3,80,6,315,48,0,0,3000,180,0,16,0,959,370,0,32,0,493,0,0,12,0,272,0,0,0,0,0,309,0,32,0,0,240,6,2,0,0,2,2,0,0
2,29,3,45,2,2,0,1.018818,0.989675,0.979553,42,3,709,100,100,0,0,0,68,52,26,0,3,80,6,505,39,0,0,3000,234,0,13,0,959,381,0,26,0,493,0,0,22,0,272,0,0,0,0,0,217,0,56,0,0,192,11,19,0,0,2,2,0,0
2,30,0,12,3,5,0,1.020151,0.987654,1.008487,11,3,709,100,100,0,0,0,0,16,68,68,2,80,14,108,9,0,0,2976,184,0,3,0,962,185,0,6,0,490,1,0,6,0,252,0,0,0,0,11,513,0,9,0,0,79,3,0,0,0,0,0,0,0
2,30,1,40,3,5,0,1.023387,0.997528,0.994444,38,3,709,100,100,0,0,0,16,0,46,54,2,80,14,96,27,0,0,2976,241,0,9,0,962,289,0,18,0,490,0,0,18,0,252,0,0,2,0,11,478,8,29,0,0,132,9,1,0,0,1,1,0,0
2,30,2,45,3,5,0,1.005329,0.990044,0.98979,42,1,459,100,100,0,0,0,68,46,0,26,3,80,14,331,48,0,0,2976,207,0,16,0,962,386,0,32,0,490,0,0,18,0,252,0,0,0,0,11,290,0,36,0,0,248,9,1,0,0,1,1,0,0
2,30,3,44,3,5,0,1.021375,0.989504,0.984725,43,3,709,100,100,0,0,0,68,54,26,0,3,80,14,518,39,0,0,2976,176,0,13,0,962,394,0,26,0,490,1,0,8,0,252,0,0,9,0,11,249,36,21,0,0,196,4,0,0,0,0,0,0,0
2,31,0,13,1,2,0,1.025488,0.987403,1.013307,11,3,709,100,100,0,0,0,0,16,70,70,2,80,15,121,9,0,0,2992,169,0,3,0,965,188,0,6,0,541,1,0,0,0,249,0,0,2,0,0,533,8,5,0,0,78,0,1,0,0,1,1,0,0
2,31,1,40,1,2,0,1.023387,0.997528,0.994444,39,3,709,100,100,0,0,0,16,0,48,56,2,80,15,99,27,0,0,2992,192,0,9,0,965,298,0,18,0,541,0,0,0,0,249,0,0,4,0,0,500,16,11,0,0,131,0,1,0,0,1,1,0,0
2,31,2,45,1,2,0,1.005329,0.990044,0.98979,43,2,584,100,100,0,0,0,70,48,0,26,3,80,15,346,48,0,0,2992,242,0,16,0,965,402,0,32,0,541,0,0,2,0,249,0,0,6,0,0,294,24,37,0,0,231,1,18,0,0,1,1,0,0
2,31,3,42,1,2,0,1.024073,0.990163,0.985415,41,3,709,100,100,0,0,0,70,56,26,0,3,80,15,528,39,0,0,2992,215,0,13,0,965,407,0,26,0,541,0,0,2,0,249,0,0,11,0,0,293,44,17,0,0,196,1,1,0,0,1,1,0,0
2,32,0,13,4,7,0,1.025488,0.987403,1.013307,12,3,709,100,100,0,0,0,0,16,72,72,2,80,15,131,12,0,0,3058,192,0,4,0,965,192,0,8,0,493,1,0,6,0,258,0,0,0,0,11,527,0,12,0,0,80,3,1,0,0,1,1,0,0
2,32,1,41,4,7,0,1.02217,0.996822,0.995248,40,3,709,100,100,0,0,0,16,0,50,58,2,80,15,104,27,0,0,3058,245,0,9,0,965,307,0,18,0,493,0,0,12,0,258,0,0,5,0,11,516,20,21,0,0,137,6,0,0,0,0,0,0,0
2,32,2,39,4,7,0,1.006126,0.990867,0.991188,37,2,584,100,100,0,0,0,72,50,0,26,3,80,15,366,48,0,0,3058,181,0,16,0,965,415,0,32,0,493,0,0,12,0,258,0,0,6,0,11,304,24,30,0,0,236,6,1,0,0,1,1,0,0
2,32,3,44,4,7,0,1.026476,0.990318,0.989286,42,3,709,100,100,0,0,0,72,58,26,0,3,80,15,540,39,0,0,3058,160,0,13,0,965,420,0,26,0,493,1,0,20,0,258,0,0,3,0,11,289,12,33,0,0,206,10,0,0,0,0,0,0,0
2,33,0,13,6,2,0,1.025488,0.987403,1.013307,13,3,709,100,100,0,0,0,0,16,74,74,2,80,3,146,12,0,0,3032,175,0,4,0,956,196,0,8,0,494,0,0,4,0,272,0,0,0,0,0,536,0,8,0,0,82,2,0,0,0,0,0,0,0
2,33,1,43,6,2,0,1.022983,0.998757,1.000802,39,3,709,100,100,0,0,0,16,0,52,60,2,80,3,107,27,0,0,3032,195,0,9,0,956,316,0,18,0,494,0,0,12,0,272,0,0,0,0,0,510,0,23,0,0,142,6,1,0,0,1,1,0,0
2,33,2,40,6,2,0,1.00526,0.988863,0.992395,37,2,584,100,100,0,0,0,74,52,0,28,3,80,3,401,51,0,0,3032,189,0,17,0,956,432,0,34,0,494,0,0,12,0,272,0,0,0,0,0,290,0,31,0,0,241,6,1,0,0,1,1,0,0
2,33,3,45,6,2,0,1.024771,0.989378,0.988552,42,3,709,100,100,0,0,0,74,60,28,0,3,80,3,559,42,0,0,3032,198,0,14,0,956,434,0,28,0,494,0,0,24,0,272,0,0,0,0,0,266,0,40,0,0,217,12,1,0,0,1,1,0,0
2,34,0,15,5,2,0,1.036515,0.980614,1.011909,13,3,709,100,100,0,0,0,0,16,76,74,2,80,7,161,12,0,0,2888,198,0,4,0,944,200,0,8,0,487,1,0,2,0,257,0,0,3,0,10,548,12,6,0,0,83,1,0,0,0,0,0,0,0
2,34,1,44,5,2,0,1.021705,0.998512,1.000918,40,3,709,100,100,0,0,0,16,0,54,62,2,80,7,120,33,0,0,2888,245,0,11,0,944,327,0,22,0,487,1,0,20,0,257,0,0,2,0,10,500,8,35,0,0,150,10,2,0,0,2,2,0,0
2,34,2,41,5,2,0,1.005287,0.987613,0.992601,38,2,584,100,100,0,0,0,76,54,0,30,3,80,7,434,54,0,0,2888,203,0,18,0,944,450,0,36,0,487,0,0,18,0,257,0,0,0,0,10,269,0,38,0,0,249,9,1,0,0,1,1,0,0
2,34,3,44,5,2,0,1.026822,0.989818,0.993338,41,3,709,100,100,0,0,0,74,62,30,0,3,80,7,571,42,0,0,2888,227,0,14,0,944,448,0,28,0,487,1,0,14,0,257,0,0,10,0,10,294,40,30,0,0,223,7,1,0,0,1,1,0,0
2,35,0,16,6,1,0,1.040185,0.980598,1.015137,13,3,709,100,100,0,0,0,0,16,78,76,2,80,4,169,12,0,0,3128,179,0,4,0,941,204,0,8,0,543,1,0,0,0,227,0,0,6,0,0,583,24,6,0,0,82,0,1,0,0,1,1,0,0
2,35,1,44,6,1,0,1.021705,0.998512,1.000918,42,3,709,100,100,0,0,0,16,0,56,64,2,80,4,133,36,0,0,3128,189,0,12,0,941,339,0,24,0,543,0,0,2,0,227,0,0,15,0,0,561,60,16,0,0,150,1,1,0,0,1,1,0,0
2,35,2,43,6,1,0,1.0059,0.987976,0.99561,38,2,584,100,100,0,0,0,78,56,0,30,3,80,4,467,54,0,0,3128,216,0,18,0,941,468,0,36,0,543,0,0,0,0,227,0,0,12,0,0,314,48,20,0,0,248,0,1,0,0,1,1,0,0
2,35,3,46,6,1,0,1.028186,0.990268,0.994427,42,3,709,100,100,0,0,0,76,64,30,0,3,80,4,591,45,0,0,3128,168,0,15,0,941,463,0,30,0,543,1,0,0,0,227,0,0,12,0,0,342,48,17,0,0,222,0,1,0,0,1,1,0,0
2,36,0,18,6,2,0,1.040861,0.972343,1.02441,14,3,709,100,100,0,0,0,0,16,80,78,2,80,13,177,12,0,0,2960,207,0,4,0,941,208,0,8,0,485,0,0,4,0,272,0,0,0,0,5,585,0,10,0,0,83,2,1,0,0,1,1,0,0
2,36,1,44,6,2,0,1.022421,0.99624,1.003233,42,3,709,100,100,0,0,0,16,0,58,66,2,80,13,144,36,0,0,2960,229,0,12,0,941,351,0,24,0,485,1,0,16,0,272,0,0,0,0,5,548,0,30,0,0,157,8,1,0,0,1,1,0,0
2,36,2,46,6,2,0,1.005483,0.989464,0.99808,39,3,709,100,100,0,0,0,80,58,0,30,3,80,13,497,54,0,0,2960,155,0,18,0,941,486,0,36,0,485,1,0,20,0,272,0,0,0,0,5,272,0,59,0,0,239,10,19,0,0,2,2,0,0
2,36,3,45,6,2,0,1.0288,0.989544,0.991342,42,4,834,100,100,0,0,0,78,66,30,0,3,80,13,607,45,0,0,2960,187,0,15,0,941,478,0,30,0,485,1,0,18,0,272,0,0,0,0,5,305,0,54,0,0,212,9,19,0,0,2,2,0,0
2,37,0,19,4,2,0,1.044207,0.969644,1.023468,15,4,834,100,100,0,0,0,0,16,82,80,2,80,5,182,12,0,0,3040,185,0,4,0,938,212,0,8,0,535,0,0,0,0,219,0,0,6,0,0,601,24,25,0,0,64,0,19,0,0,2,2,0,0
2,37,1,44,4,2,0,1.019666,0.995972,1.002083,42,3,709,100,100,0,0,0,16,0,60,68,2,80,5,150,36,0,0,3040,173,0,12,0,938,363,0,24,0,535,1,0,4,0,219,0,0,8,0,0,578,32,18,0,0,158,2,1,0,0,1,1,0,0
2,37,2,46,4,2,0,1.005212,0.991218,0.998672,40,3,709,100,100,0,0,0,82,60,0,30,3,80,5,533,57,0,0,3040,170,0,19,0,938,505,0,38,0,535,1,0,2,0,219,0,0,12,0,0,310,48,27,0,0,237,1,3,0,0,3,3,0,0
2,37,3,46,4,2,0,1.031048,0.989358,0.992804,44,4,834,100,100,0,0,0,80,68,30,0,3,80,5,632,45,0,0,3040,207,0,15,0,938,493,0,30,0,535,0,0,4,0,219,3,0,21,0,0,385,84,21,0,0,213,2,1,0,0,1,1,0,0
2,38,0,20,1,1,0,1.047017,0.966336,1.025078,17,4,834,100,100,0,0,0,0,16,84,82,2,80,3,194,15,0,0,2872,217,0,5,0,932,217,0,10,0,495,1,0,6,0,247,0,0,2,0,0,607,8,13,0,0,66,3,1,0,0,1,1,0,0
2,38,1,44,1,1,0,1.019666,0.995972,1.002083,43,3,709,100,100,0,0,0,16,0,62,70,2,80,3,160,36,0,0,2872,221,0,12,0,932,375,0,24,0,495,1,0,14,0,247,0,0,7,0,0,594,28,28,0,0,164,7,1,0,0,1,1,0,0
2,38,2,45,1,1,0,1.006283,0.991773,1.001534,42,3,709,100,100,0,0,0,84,62,0,32,3,80,3,559,54,0,0,2872,194,0,18,0,932,523,0,36,0,495,1,0,10,0,247,0,0,10,0,0,338,40,32,0,0,240,5,2,0,0,2,2,0,0
2,38,3,46,1,1,0,1.031048,0.989358,0.992804,45,4,834,100,100,0,0,0,82,70,32,0,3,80,3,651,48,0,0,2872,225,0,16,0,932,509,0,32,0,495,0,0,18,0,247,0,0,9,0,0,406,36,36,0,0,221,9,1,0,0,1,1,0,0
2,39,0,22,5,4,0,1.052543,0.960188,1.024678,18,4,834,100,100,0,0,0,0,16,86,84,2,80,6,204,15,0,0,3112,192,0,5,0,935,222,0,10,0,478,0,0,10,0,263,0,0,3,0,0,619,12,17,0,0,70,5,1,0,0,1,1,0,0
2,39,1,45,5,4,0,1.019498,0.995955,1.002998,44,3,709,100,100,0,0,0,16,0,64,72,2,80,6,169,36,0,0,3112,165,0,12,0,935,387,0,24,0,478,1,0,24,0,263,0,0,1,0,0,579,4,36,0,0,176,12,0,0,0,0,0,0,0
2,39,2,43,5,4,0,1.011903,0.989881,0.997246,41,3,709,100,100,0,0,0,86,64,0,32,3,80,6,583,51,0,0,3112,220,0,17,0,935,540,0,34,0,478,0,0,10,0,263,0,0,5,0,0,343,20,29,0,0,244,5,1,0,0,1,1,0,0
2,39,3,46,5,4,0,1.032914,0.987095,0.989939,45,4,834,100,100,0,0,0,84,72,32,0,3,80,6,667,45,0,0,3112,164,0,15,0,935,524,0,30,0,478,0,0,24,0,263,0,0,0,0,0,384,0,39,0,0,233,12,0,0,0,0,0,0,0
2,40,0,22,5,3,0,1.052543,0.960188,1.024678,19,4,834,100,100,0,0,0,0,16,88,86,2,80,0,215,15,0,0,3000,165,0,5,0,941,227,0,10,0,490,1,0,8,0,243,0,0,3,0,0,631,12,17,0,0,72,4,2,0,0,2,2,0,0
2,40,1,46,5,3,0,1.018654,0.995565,1.003366,44,3,709,100,100,0,0,0,16,0,66,74,2,80,0,176,36,0,0,3000,220,0,12,0,941,399,0,24,0,490,1,0,18,0,243,0,0,5,0,0,584,20,32,0,0,184,9,1,0,0,1,1,0,0
2,40,2,44,5,3,0,1.012932,0.989363,1.001822,41,4,834,100,100,0,0,0,88,66,0,34,3,80,0,610,48,0,0,3000,161,0,16,0,941,556,0,32,0,490,0,0,12,0,243,0,0,9,0,0,349,36,47,0,0,232,6,18,0,0,1,1,0,0
2,40,3,46,5,3,0,1.036116,0.987841,0.991387,43,4,834,100,100,0,0,0,86,74,34,0,3,80,0,683,42,0,0,3000,192,0,14,0,941,538,0,28,0,490,1,0,14,0,243,0,0,9,0,0,407,36,30,0,0,239,7,1,0,0,1,1,0,0
0,1,0,50,3,2,0,1.00036,0.995079,0.994995,0,0,334,100,100,0,0,0,0,0,2,2,0,80,6,55,39,0,0,2816,200,0,13,0,932,63,0,26,0,447,13,0,48,0,272,1,0,24,0,0,101,96,79,0,0,15,24,9,0,0,9,9,0,0
0,1,1,51,3,2,0,1.001595,0.993388,0.993613,0,0,334,100,100,0,0,0,0,0,2,2,0,80,6,56,39,0,0,2816,200,0,13,0,932,63,0,26,0,447,7,0,48,0,272,1,0,24,0,0,101,96,79,0,0,15,24,9,0,0,9,9,0,0
0,1,2,51,3,2,0,1.000372,0.9933,0.995194,0,0,334,100,100,0,0,0,2,2,0,2,0,80,6,55,39,0,0,2816,200,0,13,0,932,63,0,26,0,447,12,0,48,0,272,1,0,24,0,0,101,96,79,0,0,15,24,9,0,0,9,9,0,0
0,1,3,49,3,2,0,1.002935,0.996883,0.995904,0,0,334,100,100,0,0,0,2,2,2,0,0,80,6,55,39,0,0,2816,192,0,13,0,932,63,0,26,0,447,8,0,46,0,272,2,0,23,0,0,99,92,77,0,0,14,23,9,0,0,9,9,0,0
0,2,0,48,3,19,0,1.000963,0.999443,0.996723,8,0,334,100,100,0,0,0,0,0,4,4,0,80,0,56,36,0,0,2816,234,0,12,0,941,75,0,24,0,398,5,0,44,0,272,0,0,1,0,0,44,4,74,0,0,28,22,9,0,0,9,9,0,0
0,2,1,44,3,19,0,1.004566,0.986908,0.985907,9,0,334,100,100,0,0,0,0,0,4,4,0,80,0,49,30,0,0,2816,235,0,10,0,941,73,0,20,0,398,0,0,32,0,272,0,0,1,0,0,64,4,60,0,0,22,16,9,0,0,9,9,0,0
0,2,2,49,3,19,0,0.998359,0.994942,0.99518,8,0,334,100,100,0,0,0,4,4,0,2,0,80,0,58,36,0,0,2816,233,0,12,0,941,66,0,24,0,398,0,0,48,0,272,0,0,1,0,0,44,4,78,0,0,30,24,9,0,0,9,9,0,0
0,2,3,44,3,19,0,0.996555,1.00171,0.990335,8,0,334,100,100,0,0,0,4,4,2,0,0,80,0,61,39,0,0,2816,226,0,13,0,941,76,0,26,0,398,1,0,32,0,272,0,0,2,0,0,55,8,63,0,0,21,16,9,0,0,9,9,0,0
0,3,0,48,5,5,0,1.003293,1.003263,0.997097,17,0,334,100,100,0,0,0,0,0,6,6,0,80,0,62,33,0,0,3200,175,0,11,0,956,83,0,22,0,514,0,0,10,0,206,1,0,23,0,0,114,92,39,0,0,24,5,9,0,0,9,9,0,0
0,3,1,44,5,5,0,1.009689,0.985485,0.985471,18,0,334,100,100,0,0,0,0,0,6,6,0,80,0,57,33,0,0,3200,180,0,11,0,956,81,0,22,0,514,0,0,4,0,206,0,0,15,0,0,107,60,33,0,0,15,2,9,0,0,9,9,0,0
0,3,2,49,5,5,0,1.002673,0.995359,0.99815,15,0,334,100,100,0,0,0,6,6,0,4,0,80,0,61,33,0,0,3200,173,0,11,0,956,74,0,22,0,514,1,0,12,0,206,0,0,12,0,0,69,48,41,0,0,27,6,9,0,0,9,9,0,0
0,3,3,44,5,5,0,0.999972,0.999688,0.993218,17,0,334,100,100,0,0,0,6,6,4,0,0,80,0,76,39,0,0,3200,169,0,13,0,956,86,0,26,0,514,1,0,8,0,206,0,0,9,0,0,69,36,39,0,0,16,4,9,0,0,9,9,0,0
0,4,0,43,2,14,2,1.001154,1.004935,0.998313,24,0,334,100,100,0,0,0,0,0,2,2,0,80,2,59,30,0,0,2808,221,0,10,0,947,93,0,20,0,419,1,0,36,0,272,0,0,1,0,0,69,4,58,0,0,36,18,6,0,0,6,6,0,0
0,4,1,42,2,14,2,1.011296,0.986726,0.986057,25,0,334,100,100,0,0,0,0,0,6,6,0,80,2,59,30,0,0,2808,222,0,10,0,947,91,0,20,0,419,1,0,22,0,272,0,0,0,0,0,75,0,48,0,0,18,11,8,0,0,8,8,0,0
0,4,2,45,2,14,2,1.005437,0.99906,1.000645,21,0,334,100,100,0,0,0,2,6,0,2,0,80,2,61,27,0,0,2808,211,0,9,0,947,83,0,18,0,419,1,0,36,0,272,0,0,0,0,0,22,0,63,0,0,36,18,9,0,0,9,9,0,0
0,4,3,43,2,14,2,0.998741,1.000582,0.993936,25,0,334,100,100,0,0,0,2,6,2,0,0,80,2,92,39,0,0,2808,200,0,13,0,947,99,0,26,0,419,1,0,26,0,272,0,0,0,0,0,29,0,57,0,0,20,13,9,0,0,9,9,0,0
0,5,0,42,0,10,0,1.000265,1.006166,0.996979,29,0,334,100,100,0,0,0,0,0,2,4,0,80,20,56,27,0,0,3008,169,0,9,0,959,102,0,18,0,544,1,0,0,0,160,19,0,19,0,68,124,76,21,0,0,30,0,6,0,0,6,6,0,0
0,5,1,37,0,10,0,1.007784,0.988739,0.985903,30,0,334,100,100,0,0,0,0,0,8,6,0,80,20,43,18,0,0,3008,174,0,6,0,959,97,0,12,0,544,1,0,0,0,160,0,0,19,0,68,137,76,14,0,0,14,0,4,0,0,4,4,0,0
0,5,2,45,0,10,0,1.005437,0.99906,1.000645,30,0,334,100,100,0,0,0,2,8,0,2,0,80,20,57,27,0,0,3008,261,0,9,0,959,92,0,18,0,544,1,0,0,0,160,7,0,24,0,68,93,96,25,0,0,28,0,8,0,0,8,8,0,0
0,5,3,39,0,10,0,0.995057,1.00482,0.99579,30,0,334,100,100,0,0,0,4,6,2,0,0,80,20,100,33,0,0,3008,234,0,11,0,959,110,0,22,0,544,1,0,0,0,160,5,0,19,0,68,84,76,21,0,0,15,0,5,0,0,5,5,0,0
0,6,0,43,2,6,0,1.000582,1.004946,0.998808,35,0,334,100,100,0,0,0,0,2,4,6,0,80,14,59,27,0,0,3000,222,0,9,0,983,111,0,18,0,500,0,0,18,0,259,0,0,19,0,0,176,76,35,0,0,35,9,4,0,0,4,4,0,0
0,6,1,37,2,6,0,1.014375,0.990956,0.983262,33,0,334,100,100,0,0,0,2,0,10,8,0,80,14,37,18,0,0,3000,219,0,6,0,983,103,0,12,0,500,0,0,2,0,259,0,0,13,0,0,194,52,12,0,0,13,1,2,0,0,2,2,0,0
0,6,2,41,2,6,0,1.004399,1.00087,1.001724,35,0,334,100,100,0,0,0,4,10,0,4,0,80,14,56,27,0,0,3000,207,0,9,0,983,101,0,18,0,500,0,0,18,0,259,0,0,7,0,0,105,28,33,0,0,34,9,3,0,0,3,3,0,0
0,6,3,38,2,6,0,0.998359,1.003121,0.995806,35,0,334,100,100,0,0,0,6,8,4,0,0,80,14,108,30,0,0,3000,185,0,10,0,983,120,0,20,0,500,0,0,10,0,259,0,0,5,0,0,100,20,24,0,0,18,5,2,0,0,2,2,0,0
0,7,0,44,1,4,2,1.002151,1.003036,0.999004,39,0,334,100,100,0,0,0,0,0,0,6,0,80,5,65,27,0,0,3016,170,0,9,0,983,120,0,18,0,444,1,0,32,0,272,0,0,0,0,0,148,0,45,0,0,49,16,2,0,0,2,2,0,0
0,7,1,37,1,4,2,1.014375,0.990956,0.983262,35,0,334,100,100,0,0,0,0,0,6,8,0,80,5,43,21,0,0,3016,175,0,7,0,983,110,0,14,0,444,1,0,20,0,272,0,0,0,0,0,182,0,29,0,0,22,10,1,0,0,1,1,0,0
0,7,2,38,1,4,2,1.00095,1.003111,0.998799,37,0,334,100,100,0,0,0,0,6,0,4,0,80,5,54,24,0,0,3016,246,0,8,0,983,109,0,16,0,444,0,0,24,0,272,0,0,0,0,0,88,0,34,0,0,45,12,1,0,0,1,1,0,0
0,7,3,37,1,4,2,0.998378,1.00422,0.995057,36,0,334,100,100,0,0,0,6,8,4,0,0,80,5,116,30,0,0,3016,225,0,10,0,983,130,0,20,0,444,0,0,16,0,272,0,0,0,0,0,89,0,28,0,0,25,8,1,0,0,1,1,0,0
0,8,0,38,3,41,0,1.001927,1.006833,0.999314,35,0,334,100,100,0,0,0,0,0,2,8,0,80,5,49,15,0,0,3008,217,0,5,0,986,125,0,10,0,544,1,0,0,0,156,21,0,18,0,0,228,72,9,0,0,47,0,2,0,0,2,2,0,0
0,8,1,25,3,41,0,1.012312,1.003799,0.980627,24,0,334,100,100,0,0,0,0,0,8,10,0,80,5,35,15,0,0,3008,221,0,5,0,986,115,0,10,0,544,1,0,0,0,156,12,0,12,0,0,225,48,7,0,0,21,0,1,0,0,1,1,0,0
0,8,2,20,3,41,0,1.003382,1.003658,0.997861,19,0,334,100,100,0,0,0,2,8,0,6,0,80,5,39,15,0,0,3008,203,0,5,0,986,114,0,10,0,544,0,0,0,0,156,19,0,4,0,0,104,16,5,0,0,45,0,0,0,0,0,0,0,0
0,8,3,35,3,41,0,1.010847,1.015547,0.996604,33,0,334,100,100,0,0,0,8,10,6,0,0,80,5,130,27,0,0,3008,179,0,9,0,986,139,0,18,0,544,0,0,0,0,156,8,0,16,0,0,159,64,9,0,0,25,0,0,0,0,0,0,0,0
0,9,0,35,1,8,0,1.002809,1.01021,1.00405,35,1,459,100,100,0,0,0,0,0,4,12,0,80,24,34,15,0,0,3120,174,0,5,0,1016,130,0,10,0,512,0,0,8,0,272,3,0,18,0,0,287,72,30,0,0,34,4,17,0,0,0,0,0,0
0,9,1,23,1,8,0,1.013268,1.002422,0.978957,23,0,334,100,100,0,0,0,0,0,10,12,0,80,24,34,15,0,0,3120,191,0,5,0,1016,120,0,10,0,512,1,0,4,0,272,0,0,12,0,0,281,48,9,0,0,23,2,0,0,0,0,0,0,0
0,9,2,18,1,8,0,1.005655,1.002652,1.002698,17,0,334,100,100,0,0,0,4,10,0,6,0,80,24,51,15,0,0,3120,178,0,5,0,1016,119,0,10,0,512,1,0,6,0,272,14,0,5,0,0,128,20,13,0,0,47,3,1,0,0,1,1,0,0
0,9,3,35,1,8,0,1.008919,1.011752,0.994369,32,0,334,100,100,0,0,0,12,12,6,0,0,80,24,136,24,0,0,3120,216,0,8,0,1016,147,0,16,0,512,0,0,6,0,272,0,0,8,0,0,192,32,16,0,0,27,3,1,0,0,1,1,0,0
0,10,0,35,3,1,0,1.007801,1.008063,1.006565,34,1,459,100,100,0,0,0,0,0,6,16,0,80,18,30,12,0,0,3096,231,0,4,0,1019,134,0,8,0,471,1,0,24,0,263,0,0,3,0,5,288,12,28,0,0,46,12,0,0,0,0,0,0,0
0,10,1,24,3,1,0,1.012942,1.000842,0.974919,23,1,459,100,100,0,0,0,0,0,12,12,0,80,18,39,15,0,0,3096,163,0,5,0,1019,125,0,10,0,471,1,0,14,0,263,0,0,3,0,5,274,12,36,0,0,13,7,17,0,0,0,0,0,0
0,10,2,18,3,1,0,1.005655,1.002652,1.002698,18,0,334,100,100,0,0,0,6,12,0,6,0,80,18,62,15,0,0,3096,163,0,5,0,1019,124,0,10,0,471,13,0,10,0,263,9,0,5,0,5,145,20,15,0,0,52,5,0,0,0,0,0,0,0
0,10,3,36,3,1,0,1.00995,1.012363,0.992392,33,0,334,100,100,0,0,0,16,12,6,0,0,80,18,141,24,0,0,3096,173,0,8,0,1019,155,0,16,0,471,0,0,12,0,263,0,0,6,0,5,211,24,22,0,0,32,6,1,0,0,1,1,0,0
0,11,0,35,3,8,1,1.007801,1.008063,1.006565,34,1,459,100,100,0,0,0,0,-2,8,18,0,80,23,26,15,0,0,3008,191,0,5,0,1019,139,0,10,0,464,1,0,30,0,272,0,0,0,0,19,268,0,37,0,0,60,15,1,0,0,1,1,0,0
0,11,1,25,3,8,1,1.015672,1.001183,0.975558,23,1,459,100,100,0,0,0,-2,0,10,6,0,80,23,47,15,0,0,3008,230,0,5,0,1019,130,0,10,0,464,1,0,16,0,272,0,0,0,0,19,254,0,23,0,0,20,8,1,0,0,1,1,0,0
0,11,2,18,3,8,1,1.005655,1.002652,1.002698,18,0,334,100,100,0,0,0,8,10,0,6,0,80,23,72,15,0,0,3008,148,0,5,0,1019,129,0,10,0,464,19,0,10,0,272,4,0,5,0,19,162,20,15,0,0,57,5,0,0,0,0,0,0,0
0,11,3,30,3,8,1,1.009946,1.015326,0.99095,27,0,334,100,100,0,0,0,18,6,6,0,0,80,23,141,24,0,0,3008,217,0,8,0,1019,163,0,16,0,464,0,0,18,0,272,0,0,0,0,19,186,0,28,0,0,40,9,1,0,0,1,1,0,0
0,12,0,35,3,1,0,1.004488,1.011071,1.007101,34,1,459,100,100,0,0,0,0,-2,12,22,1,80,17,23,12,0,0,3097,247,0,4,0,1022,143,0,8,0,488,0,0,18,0,242,0,0,8,0,0,293,32,22,0,0,69,9,0,0,0,0,0,0,0
0,12,1,25,3,1,0,1.015672,1.001183,0.975558,24,1,459,100,100,0,0,0,-2,0,12,8,0,80,17,50,15,0,0,3097,200,0,5,0,1022,135,0,10,0,488,0,0,12,0,242,0,0,6,0,0,286,24,19,0,0,25,6,1,0,0,1,1,0,0
0,12,2,19,3,1,0,1.006379,0.994961,1.010067,18,0,334,100,100,0,0,0,12,12,0,6,0,80,17,84,15,0,0,3097,133,0,5,0,1022,134,0,10,0,488,23,0,10,0,242,7,0,5,0,0,173,20,15,0,0,62,5,0,0,0,0,0,0,0
0,12,3,31,3,1,0,1.011851,1.014921,0.988769,28,0,334,100,100,0,0,0,22,8,6,0,1,80,17,147,24,0,0,3097,179,0,8,0,1022,171,0,16,0,488,0,0,14,0,242,0,0,8,0,0,214,32,24,0,0,46,7,1,0,0,1,1,0,0
0,13,0,31,1,6,0,1.004978,1.010279,1.006126,30,1,459,100,100,0,0,0,0,-2,16,26,1,80,11,21,12,0,0,3096,208,0,4,0,1020,146,0,8,0,489,1,0,10,0,272,0,0,0,0,16,294,0,16,0,0,73,5,1,0,0,1,1,0,0
0,13,1,26,1,6,0,1.018262,1.004112,0.978625,25,1,459,100,100,0,0,0,-2,0,14,10,0,80,11,55,15,0,0,3096,170,0,5,0,1020,140,0,10,0,489,0,0,14,0,272,0,0,0,0,16,284,0,19,0,0,32,7,0,0,0,0,0,0,0
0,13,2,18,1,6,0,1.00402,0.990503,1.003197,17,0,334,100,100,0,0,0,16,14,0,6,0,80,11,88,12,0,0,3096,118,0,4,0,1020,138,0,8,0,489,28,0,10,0,272,2,0,5,0,16,189,20,16,0,0,66,5,1,0,0,1,1,0,0
0,13,3,30,1,6,0,1.010311,1.016008,0.991393,28,0,334,100,100,0,0,0,26,10,6,0,1,80,11,159,27,0,0,3096,227,0,9,0,1020,180,0,18,0,489,1,0,12,0,272,0,0,0,0,16,197,0,23,0,0,51,6,1,0,0,1,1,0,0
0,14,0,27,0,12,0,1.009873,1.010177,1.009458,27,1,459,100,100,0,0,0,0,0,20,30,2,80,8,21,9,0,0,3096,174,0,3,0,1025,149,0,6,0,498,1,0,12,0,248,0,0,6,0,12,324,24,15,0,0,79,6,0,0,0,0,0,0,0
0,14,1,22,0,12,0,1.016992,1.001642,0.97893,21,1,459,100,100,0,0,0,0,0,16,12,0,80,8,45,6,0,0,3096,238,0,2,0,1025,142,0,4,0,498,0,0,10,0,248,0,0,5,0,12,294,20,14,0,0,36,5,1,0,0,1,1,0,0
0,14,2,17,0,12,0,1.001992,0.992697,1.000189,17,0,334,100,100,0,0,0,20,16,0,6,1,80,8,93,9,0,0,3096,105,0,3,0,1025,141,0,6,0,498,29,0,10,0,248,3,0,5,0,12,205,20,13,0,0,71,5,0,0,0,0,0,0,0
0,14,3,27,0,12,0,1.011793,1.015562,0.988288,26,0,334,100,100,0,0,0,30,12,6,0,1,80,8,158,18,0,0,3096,191,0,6,0,1025,186,0,12,0,498,0,0,12,0,248,0,0,6,0,12,223,24,20,0,0,56,6,1,0,0,1,1,0,0
0,15,0,26,4,2,0,1.018976,1.011672,1.012036,25,1,459,100,100,0,0,0,0,0,24,34,2,80,16,23,9,0,0,3032,216,0,3,0,1046,152,0,6,0,463,0,0,20,0,272,0,0,0,0,16,318,0,23,0,0,89,10,0,0,0,0,0,0,0
0,15,1,22,4,2,0,1.016992,1.001642,0.97893,22,1,459,100,100,0,0,0,0,0,18,12,0,80,16,39,6,0,0,3032,214,0,2,0,1046,144,0,4,0,463,1,0,16,0,272,0,0,0,0,16,293,0,18,0,0,44,8,0,0,0,0,0,0,0
0,15,2,18,4,2,0,0.997177,0.990668,0.997434,17,0,334,100,100,0,0,0,24,18,0,6,1,80,16,99,9,0,0,3032,93,0,3,0,1046,144,0,6,0,463,43,0,10,0,272,0,0,3,0,16,216,12,13,0,0,76,5,0,0,0,0,0,0,0
0,15,3,29,4,2,0,1.010749,1.014865,0.988351,27,0,334,100,100,0,0,0,34,12,6,0,1,80,16,166,18,0,0,3032,246,0,6,0,1046,192,0,12,0,463,1,0,20,0,272,0,0,0,0,16,203,0,26,0,0,66,10,0,0,0,0,0,0,0
0,16,0,26,2,3,0,1.018976,1.011672,1.012036,25,1,459,100,100,0,0,0,0,0,26,38,2,80,31,20,9,0,0,3184,187,0,3,0,1046,155,0,6,0,467,0,0,14,0,271,0,0,1,0,5,320,4,19,0,0,95,7,1,0,0,1,1,0,0
0,16,1,20,2,3,0,1.019015,1.001771,0.979516,19,1,459,100,100,0,0,0,0,0,22,16,1,80,31,31,6,0,0,3184,190,0,2,0,1046,146,0,4,0,467,1,0,12,0,271,0,0,0,0,5,294,0,14,0,0,50,6,0,0,0,0,0,0,0
0,16,2,18,2,3,0,0.997177,0.990668,0.997434,17,0,334,100,100,0,0,0,26,22,0,8,2,80,31,101,9,0,0,3184,88,0,3,0,1046,147,0,6,0,467,54,0,12,0,271,0,0,0,0,5,211,0,17,0,0,81,6,1,0,0,1,1,0,0
0,16,3,30,2,3,0,1.01118,1.017215,0.988002,27,0,334,100,100,0,0,0,38,16,8,0,1,80,31,171,18,0,0,3184,211,0,6,0,1046,198,0,12,0,467,0,0,26,0,271,0,0,0,0,5,186,0,34,0,0,78,13,1,0,0,1,1,0,0
0,17,0,22,2,5,0,1.022235,1.015294,1.006882,22,1,459,100,100,0,0,0,0,0,30,42,2,80,11,23,9,0,0,3120,214,0,3,0,1043,158,0,6,0,510,1,0,4,0,239,0,0,9,0,2,363,36,7,0,0,97,2,0,0,0,0,0,0,0
0,17,1,19,2,5,0,1.021869,1.004688,0.983492,18,1,459,100,100,0,0,0,0,0,24,18,1,80,11,38,9,0,0,3120,167,0,3,0,1043,149,0,6,0,510,0,0,6,0,239,0,0,2,0,2,314,8,11,0,0,52,3,1,0,0,1,1,0,0
0,17,2,19,2,5,0,1.001368,0.986886,0.996302,18,0,334,100,100,0,0,0,30,24,0,8,2,80,11,105,9,0,0,3120,83,0,3,0,1043,150,0,6,0,510,55,0,12,0,239,0,0,6,0,2,232,24,15,0,0,87,6,0,0,0,0,0,0,0
0,17,3,31,2,5,0,1.013402,1.016913,0.987167,28,0,334,100,100,0,0,0,42,18,8,0,1,80,11,171,18,0,0,3120,175,0,6,0,1043,204,0,12,0,510,1,0,10,0,239,0,0,13,0,2,237,52,18,0,0,82,5,1,0,0,1,1,0,0
0,18,0,22,1,1,0,1.022235,1.015294,1.006882,22,1,459,100,100,0,0,0,0,0,34,46,2,80,18,25,9,0,0,3016,189,0,3,0,1040,161,0,6,0,495,0,0,12,0,261,0,0,0,0,20,372,0,15,0,0,103,6,0,0,0,0,0,0,0
0,18,1,19,1,1,0,1.021869,1.004688,0.983492,19,1,459,100,100,0,0,0,0,0,26,20,2,80,18,40,9,0,0,3016,225,0,3,0,1040,152,0,6,0,495,0,0,8,0,261,0,0,0,0,20,309,0,11,0,0,56,4,0,0,0,0,0,0,0
0,18,2,19,1,1,0,1.001368,0.986886,0.996302,18,0,334,100,100,0,0,0,34,26,0,8,2,80,18,110,9,0,0,3016,77,0,3,0,1040,153,0,6,0,495,56,0,12,0,261,3,0,6,0,20,251,24,17,0,0,92,6,1,0,0,1,1,0,0
0,18,3,31,1,1,0,1.009157,1.012528,0.982806,28,0,334,100,100,0,0,0,46,20,8,0,2,80,18,181,21,0,0,3016,217,0,7,0,1040,211,0,14,0,495,0,0,18,0,261,0,0,2,0,20,224,8,27,0,0,90,9,1,0,0,1,1,0,0
0,19,0,22,4,1,0,1.022235,1.015294,1.006882,22,2,584,100,100,0,0,0,0,0,36,48,2,80,35,21,9,0,0,3184,164,0,3,0,1040,164,0,6,0,527,0,0,4,0,230,0,0,7,0,68,376,28,24,0,0,88,2,17,0,0,0,0,0,0
0,19,1,19,4,1,0,1.023722,1.00402,0.975544,18,1,459,100,100,0,0,0,0,0,28,22,2,80,35,40,9,0,0,3184,203,0,3,0,1040,155,0,6,0,527,1,0,0,0,230,0,0,5,0,68,326,20,3,0,0,56,0,0,0,0,0,0,0,0
0,19,2,20,4,1,0,0.999192,0.983311,0.993248,19,0,334,100,100,0,0,0,36,28,0,10,2,80,35,110,9,0,0,3184,71,0,3,0,1040,156,0,6,0,527,51,0,12,0,230,11,0,6,0,68,260,24,15,0,0,98,6,0,0,0,0,0,0,0
0,19,3,33,4,1,0,1.013628,1.011457,0.983991,29,0,334,100,100,0,0,0,48,22,10,0,2,80,35,187,21,0,0,3184,179,0,7,0,1040,218,0,14,0,527,1,0,4,0,230,3,0,13,0,68,263,52,13,0,0,91,2,1,0,0,1,1,0,0
0,20,0,21,2,2,0,1.02047,1.016744,1.004992,21,2,584,100,100,0,0,0,0,0,40,52,2,80,22,26,9,0,0,3040,195,0,3,0,1040,167,0,6,0,541,0,0,0,0,191,6,0,12,0,11,431,48,3,0,0,88,0,0,0,0,0,0,0,0
0,20,1,19,2,2,0,1.023722,1.00402,0.975544,18,2,584,100,100,0,0,0,0,0,30,24,2,80,22,40,9,0,0,3040,181,0,3,0,1040,158,0,6,0,541,1,0,0,0,191,0,0,12,0,11,380,48,22,0,0,38,0,18,0,0,1,1,0,0
0,20,2,21,2,2,0,1.006251,0.983587,1.004412,18,0,334,100,100,0,0,0,40,30,0,12,2,80,22,114,9,0,0,3040,64,0,3,0,1040,159,0,6,0,541,37,0,14,0,191,28,0,7,0,11,281,28,19,0,0,104,7,1,0,0,1,1,0,0
0,20,3,33,2,2,0,1.013628,1.011457,0.983991,30,1,459,100,100,0,0,0,52,24,12,0,2,80,22,191,21,0,0,3040,227,0,7,0,1040,225,0,14,0,541,0,0,4,0,191,12,0,15,0,11,298,60,32,0,0,74,2,19,0,0,2,2,0,0
0,21,0,13,1,20,0,1.02659,1.021303,0.989636,13,2,584,100,100,0,0,0,0,0,42,56,2,80,24,25,9,0,0,3104,171,0,3,0,1040,170,0,6,0,493,0,0,6,0,272,0,0,6,0,68,446,24,9,0,0,91,3,0,0,0,0,0,0,0
0,21,1,16,1,20,0,1.023747,1.005187,0.967457,16,2,584,100,100,0,0,0,0,0,32,26,2,80,24,43,9,0,0,3104,207,0,3,0,1040,161,0,6,0,493,1,0,12,0,272,0,0,0,0,68,365,0,15,0,0,44,6,0,0,0,0,0,0,0
0,21,2,20,1,20,0,1.002287,0.986115,0.999442,18,1,459,100,100,0,0,0,42,32,0,12,2,80,24,114,9,0,0,3104,64,0,3,0,1040,162,0,6,0,493,36,0,16,0,272,20,0,8,0,68,275,32,38,0,0,94,8,18,0,0,1,1,0,0
0,21,3,26,1,20,0,1.015989,1.013828,0.983476,24,1,459,100,100,0,0,0,56,26,12,0,2,80,24,192,21,0,0,3104,187,0,7,0,1040,232,0,14,0,493,1,0,14,0,272,4,0,8,0,68,307,32,23,0,0,80,7,1,0,0,1,1,0,0
0,22,0,13,2,3,0,1.02659,1.021303,0.989636,13,2,584,100,100,0,0,0,0,0,44,60,2,80,33,34,9,0,0,3112,179,0,3,0,1049,173,0,6,0,515,0,0,2,0,242,0,0,6,0,48,465,24,5,0,0,92,1,0,0,0,0,0,0,0
0,22,1,16,2,3,0,1.023747,1.005187,0.967457,16,2,584,100,100,0,0,0,0,0,32,28,2,80,33,45,9,0,0,3112,188,0,3,0,1049,161,0,6,0,515,1,0,0,0,242,0,0,6,0,48,398,24,3,0,0,44,0,0,0,0,0,0,0,0
0,22,2,19,2,3,0,1.001386,0.992935,0.991902,18,1,459,100,100,0,0,0,44,32,0,12,2,80,33,113,9,0,0,3112,65,0,3,0,1049,165,0,6,0,515,29,0,16,0,242,21,0,8,0,48,289,32,21,0,0,101,8,1,0,0,1,1,0,0
0,22,3,26,2,3,0,1.014579,1.015784,0.980311,23,1,459,100,100,0,0,0,60,28,12,0,2,80,33,198,18,0,0,3112,195,0,6,0,1049,232,0,12,0,515,1,0,12,0,242,5,0,8,0,48,324,32,20,0,0,85,6,1,0,0,1,1,0,0
0,23,0,12,2,1,0,1.024399,1.026308,0.991912,12,2,584,100,100,0,0,0,0,0,46,62,2,80,16,46,9,0,0,3152,179,0,3,0,1043,176,0,6,0,470,2,0,10,0,272,0,0,0,0,7,458,0,13,0,0,97,5,0,0,0,0,0,0,0
0,23,1,17,2,1,0,1.018071,1.006261,0.967791,16,2,584,100,100,0,0,0,0,0,34,30,2,80,16,51,9,0,0,3152,169,0,3,0,1043,164,0,6,0,470,1,0,12,0,272,0,0,0,0,7,404,0,15,0,0,50,6,0,0,0,0,0,0,0
0,23,2,19,2,1,0,1.001386,0.992935,0.991902,19,1,459,100,100,0,0,0,46,34,0,12,2,80,16,120,9,0,0,3152,67,0,3,0,1043,168,0,6,0,470,34,0,16,0,272,13,0,8,0,7,316,32,19,0,0,109,8,0,0,0,0,0,0,0
0,23,3,27,2,1,0,1.016011,1.014059,0.978173,24,1,459,100,100,0,0,0,62,30,12,0,2,80,16,207,18,0,0,3152,163,0,6,0,1043,238,0,12,0,470,12,0,18,0,272,0,0,5,0,7,338,20,26,0,0,93,9,1,0,0,1,1,0,0
0,24,0,10,2,11,0,1.024291,1.026757,0.978129,9,2,584,100,100,0,0,0,0,0,48,64,2,80,27,52,9,0,0,3080,164,0,3,0,1043,179,0,6,0,508,1,0,2,0,272,0,0,0,0,12,470,0,5,0,0,98,1,0,0,0,0,0,0,0
0,24,1,16,2,11,0,1.014012,1.001819,0.962323,15,2,584,100,100,0,0,0,0,0,36,32,2,80,27,58,9,0,0,3080,197,0,3,0,1043,167,0,6,0,508,1,0,4,0,272,0,0,0,0,12,407,0,9,0,0,51,2,1,0,0,1,1,0,0
0,24,2,16,2,11,0,1.000922,0.989549,0.989896,16,1,459,100,100,0,0,0,48,36,0,12,2,80,27,121,9,0,0,3080,69,0,3,0,1043,171,0,6,0,508,30,0,14,0,272,6,0,7,0,12,339,28,17,0,0,116,7,0,0,0,0,0,0,0
0,24,3,24,2,11,0,1.014305,1.01022,0.97886,21,1,459,100,100,0,0,0,64,32,12,0,2,80,27,211,18,0,0,3080,178,0,6,0,1043,244,0,12,0,508,1,0,20,0,272,0,0,0,0,12,322,0,28,0,0,102,10,1,0,0,1,1,0,0
0,25,0,10,4,2,0,1.024329,1.020166,0.985786,8,2,584,100,100,0,0,0,0,0,50,64,2,80,17,68,12,0,0,3104,158,0,4,0,1040,183,0,8,0,518,1,0,0,0,272,0,0,0,0,18,473,0,6,0,0,97,0,1,0,0,1,1,0,0
0,25,1,17,4,2,0,1.012956,1.001961,0.960268,16,2,584,100,100,0,0,0,0,0,38,32,2,80,17,59,9,0,0,3104,178,0,3,0,1040,170,0,6,0,518,0,0,6,0,272,0,0,0,0,18,415,0,9,0,0,54,3,0,0,0,0,0,0,0
0,25,2,16,4,2,0,1.000922,0.989549,0.989896,16,1,459,100,100,0,0,0,50,38,0,12,2,80,17,131,9,0,0,3104,74,0,3,0,1040,174,0,6,0,518,26,0,14,0,272,0,0,6,0,18,358,24,17,0,0,123,7,0,0,0,0,0,0,0
0,25,3,25,4,2,0,1.021573,1.007256,0.974358,21,1,459,100,100,0,0,0,64,32,12,0,2,80,17,223,18,0,0,3104,196,0,6,0,1040,250,0,12,0,518,0,0,12,0,272,0,0,0,0,18,314,0,20,0,0,107,6,1,0,0,1,1,0,0
0,26,0,10,1,2,0,1.024329,1.020166,0.985786,9,2,584,100,100,0,0,0,0,0,52,64,2,80,16,82,15,0,0,3120,151,0,5,0,1031,188,0,10,0,493,0,0,4,0,272,0,0,0,0,18,471,0,11,0,0,98,2,1,0,0,1,1,0,0
0,26,1,16,1,2,0,1.01046,1.004506,0.960139,15,2,584,100,100,0,0,0,0,0,40,34,2,80,16,71,12,0,0,3120,197,0,4,0,1031,174,0,8,0,493,1,0,8,0,272,0,0,0,0,18,413,0,14,0,0,57,4,1,0,0,1,1,0,0
0,26,2,16,1,2,0,0.992748,0.988628,0.991682,15,1,459,100,100,0,0,0,52,40,0,12,2,80,16,140,9,0,0,3120,71,0,3,0,1031,177,0,6,0,493,32,0,12,0,272,0,0,0,0,18,355,0,15,0,0,129,6,0,0,0,0,0,0,0
0,26,3,25,1,2,0,1.021573,1.007256,0.974358,22,1,459,100,100,0,0,0,64,34,12,0,2,80,16,232,21,0,0,3120,164,0,7,0,1031,257,0,14,0,493,1,0,20,0,272,0,0,0,0,18,300,0,31,0,0,115,10,2,0,0,2,2,0,0
0,27,0,9,3,2,0,1.033273,1.022905,0.977173,9,2,584,100,100,0,0,0,0,0,54,66,2,80,31,91,12,0,0,3120,145,0,4,0,1031,192,0,8,0,529,0,0,0,0,259,0,0,1,0,18,480,4,4,0,0,98,0,0,0,0,0,0,0,0
0,27,1,17,3,2,0,1.005741,1.000026,0.949233,16,2,584,100,100,0,0,0,0,0,40,36,2,80,31,77,12,0,0,3120,177,0,4,0,1031,178,0,8,0,529,1,0,4,0,259,0,0,1,0,18,426,4,8,0,0,59,2,0,0,0,0,0,0,0
0,27,2,16,3,2,0,0.992748,0.988628,0.991682,15,1,459,100,100,0,0,0,54,40,0,12,2,80,31,145,9,0,0,3120,68,0,3,0,1031,180,0,6,0,529,27,0,12,0,259,0,0,5,0,18,370,20,17,0,0,134,6,1,0,0,1,1,0,0
0,27,3,26,3,2,0,1.029987,1.013469,0.970408,23,1,459,100,100,0,0,0,66,36,12,0,2,80,31,241,18,0,0,3120,189,0,6,0,1031,263,0,12,0,529,1,0,4,0,259,0,0,6,0,18,324,24,12,0,0,116,2,1,0,0,1,1,0,0
0,28,0,10,1,0,0,1.035049,1.014981,0.98167,9,2,584,100,100,0,0,0,0,0,56,68,2,80,39,99,12,0,0,3072,140,0,4,0,1034,196,0,8,0,524,1,0,0,0,269,0,0,0,0,23,485,0,4,0,0,98,0,0,0,0,0,0,0,0
0,28,1,17,1,0,0,1.005741,1.000026,0.949233,16,2,584,100,100,0,0,0,0,0,42,38,2,80,39,81,12,0,0,3072,204,0,4,0,1034,182,0,8,0,524,0,0,4,0,269,0,0,2,0,23,436,8,10,0,0,60,2,1,0,0,1,1,0,0
0,28,2,16,1,0,0,0.992748,0.988628,0.991682,16,1,459,100,100,0,0,0,56,42,0,12,2,80,39,146,9,0,0,3072,65,0,3,0,1034,183,0,6,0,524,23,0,12,0,269,0,0,1,0,23,371,4,15,0,0,140,6,0,0,0,0,0,0,0
0,28,3,26,1,0,0,1.029987,1.013469,0.970408,24,1,459,100,100,0,0,0,68,38,12,0,2,80,39,247,21,0,0,3072,212,0,7,0,1034,270,0,14,0,524,1,0,8,0,269,0,0,0,0,23,319,0,17,0,0,119,4,1,0,0,1,1,0,0
0,29,0,11,3,7,0,1.034874,1.008171,0.977765,9,2,584,100,100,0,0,0,0,0,56,68,2,80,21,114,12,0,0,3168,142,0,4,0,1034,200,0,8,0,527,0,0,2,0,248,0,0,0,0,22,483,0,8,0,0,98,1,1,0,0,1,1,0,0
0,29,1,11,3,7,0,0.9995,1.000597,0.938291,11,2,584,100,100,0,0,0,0,0,44,40,2,80,21,88,12,0,0,3168,183,0,4,0,1034,186,0,8,0,527,1,0,2,0,248,2,0,4,0,22,458,16,6,0,0,61,1,0,0,0,0,0,0,0
0,29,2,15,3,7,0,0.985318,0.989418,0.989857,15,1,459,100,100,0,0,0,56,44,0,14,2,80,21,147,6,0,0,3168,63,0,2,0,1034,185,0,4,0,527,18,0,12,0,248,4,0,6,0,22,387,24,14,0,0,146,6,0,0,0,0,0,0,0
0,29,3,28,3,7,0,1.032749,1.010982,0.971747,25,1,459,100,100,0,0,0,68,40,14,0,2,80,21,259,21,0,0,3168,179,0,7,0,1034,277,0,14,0,527,1,0,6,0,248,0,0,8,0,22,353,32,15,0,0,121,3,1,0,0,1,1,0,0
0,30,0,11,1,0,0,1.034874,1.008171,0.977765,10,3,709,100,100,0,0,0,0,0,58,70,2,80,19,126,12,0,0,3104,143,0,4,0,1037,204,0,8,0,534,1,0,0,0,257,0,0,3,0,21,481,12,23,0,0,80,0,18,0,0,1,1,0,0
0,30,1,11,1,0,0,0.9995,1.000597,0.938291,11,2,584,100,100,0,0,0,0,0,46,42,2,80,19,100,12,0,0,3104,168,0,4,0,1037,190,0,8,0,534,1,0,2,0,257,1,0,4,0,21,479,16,6,0,0,62,1,0,0,0,0,0,0,0
0,30,2,15,1,0,0,0.985318,0.989418,0.989857,15,2,584,100,100,0,0,0,58,46,0,14,2,80,19,154,6,0,0,3104,62,0,2,0,1037,187,0,4,0,534,10,0,12,0,257,4,0,6,0,21,392,24,31,0,0,135,6,17,0,0,0,0,0,0
0,30,3,29,1,0,0,1.034778,1.010177,0.972645,26,1,459,100,100,0,0,0,70,42,14,0,2,80,19,271,21,0,0,3104,208,0,7,0,1037,284,0,14,0,534,0,0,4,0,257,0,0,3,0,21,367,12,13,0,0,122,2,1,0,0,1,1,0,0
0,31,0,11,3,2,0,1.034874,1.008171,0.977765,11,3,709,100,100,0,0,0,0,0,60,72,2,80,37,135,12,0,0,3168,144,0,4,0,1037,208,0,8,0,529,1,0,2,0,259,0,0,1,0,56,480,4,6,0,0,81,1,0,0,0,0,0,0,0
0,31,1,12,3,2,0,0.997775,0.992686,0.936791,11,2,584,100,100,0,0,0,0,0,46,44,2,80,37,110,12,0,0,3168,153,0,4,0,1037,194,0,8,0,529,0,0,4,0,259,0,0,3,0,56,486,12,8,0,0,64,2,0,0,0,0,0,0,0
0,31,2,15,3,2,0,0.986834,0.979455,0.999403,14,2,584,100,100,0,0,0,60,46,0,14,2,80,37,153,6,0,0,3168,61,0,2,0,1037,189,0,4,0,529,2,0,12,0,259,4,0,6,0,56,405,24,14,0,0,141,6,0,0,0,0,0,0,0
0,31,3,29,3,2,0,1.034662,1.0035,0.970077,26,1,459,100,100,0,0,0,72,44,14,0,2,80,37,277,21,0,0,3168,172,0,7,0,1037,291,0,14,0,529,0,0,4,0,259,0,0,4,0,56,375,16,13,0,0,123,2,1,0,0,1,1,0,0
0,32,0,11,1,2,0,1.034874,1.008171,0.977765,11,3,709,100,100,0,0,0,0,0,60,72,2,80,38,144,12,0,0,3096,145,0,4,0,1034,212,0,8,0,494,0,0,6,0,272,0,0,0,0,68,470,0,10,0,0,84,3,0,0,0,0,0,0,0
0,32,1,11,1,2,0,0.999472,1.000348,0.946742,10,2,584,100,100,0,0,0,0,0,46,46,2,80,38,117,12,0,0,3096,145,0,4,0,1034,198,0,8,0,494,1,0,4,0,272,0,0,0,0,68,476,0,10,0,0,65,2,1,0,0,1,1,0,0
0,32,2,15,1,2,0,0.986834,0.979455,0.999403,14,2,584,100,100,0,0,0,60,46,0,14,2,80,38,151,6,0,0,3096,60,0,2,0,1034,191,0,4,0,494,9,0,12,0,272,0,0,4,0,68,405,16,16,0,0,146,6,1,0,0,1,1,0,0
0,32,3,29,1,2,0,1.030572,0.998176,0.968419,26,1,459,100,100,0,0,0,72,46,14,0,2,80,38,287,21,0,0,3096,200,0,7,0,1034,298,0,14,0,494,0,0,18,0,272,0,0,0,0,68,348,0,27,0,0,131,9,1,0,0,1,1,0,0
0,33,0,9,4,2,0,1.033611,1.00744,0.970477,9,3,709,100,100,0,0,0,0,0,62,74,2,80,14,157,12,0,0,3160,138,0,4,0,1037,216,0,8,0,500,1,0,2,0,260,0,0,0,0,18,473,0,6,0,0,85,1,0,0,0,0,0,0,0
0,33,1,12,4,2,0,0.998972,1.00271,0.945629,11,2,584,100,100,0,0,0,0,0,46,48,2,80,14,129,12,0,0,3160,138,0,4,0,1037,202,0,8,0,500,1,0,4,0,260,0,0,2,0,18,488,8,8,0,0,67,2,0,0,0,0,0,0,0
0,33,2,17,4,2,0,0.995256,0.980092,1.002059,15,2,584,100,100,0,0,0,62,46,0,14,2,80,14,161,6,0,0,3160,59,0,2,0,1037,193,0,4,0,500,14,0,12,0,260,0,0,4,0,18,419,16,14,0,0,152,6,0,0,0,0,0,0,0
0,33,3,30,4,2,0,1.028626,0.995852,0.965779,27,1,459,100,100,0,0,0,74,48,14,0,2,80,14,295,21,0,0,3160,164,0,7,0,1037,305,0,14,0,500,0,0,18,0,260,0,0,5,0,18,358,20,27,0,0,139,9,1,0,0,1,1,0,0
0,34,0,9,2,0,0,1.033611,1.00744,0.970477,9,3,709,100,100,0,0,0,0,0,62,74,2,80,17,170,12,0,0,3088,133,0,4,0,1037,220,0,8,0,522,0,0,4,0,257,0,0,0,0,18,474,0,8,0,0,87,2,0,0,0,0,0,0,0
0,34,1,12,2,0,0,0.998972,1.00271,0.945629,11,3,709,100,100,0,0,0,0,0,48,50,2,80,17,142,12,0,0,3088,130,0,4,0,1037,206,0,8,0,522,1,0,2,0,257,0,0,3,0,18,487,12,25,0,0,50,1,18,0,0,1,1,0,0
0,34,2,17,2,0,0,0.995256,0.980092,1.002059,15,2,584,100,100,0,0,0,62,48,0,14,2,80,17,164,6,0,0,3088,64,0,2,0,1037,195,0,4,0,522,7,0,14,0,257,2,0,7,0,18,441,28,18,0,0,158,7,1,0,0,1,1,0,0
0,34,3,32,2,0,0,1.030942,0.996757,0.966912,28,1,459,100,100,0,0,0,74,50,14,0,2,80,17,304,21,0,0,3088,199,0,7,0,1037,312,0,14,0,522,0,0,10,0,257,0,0,3,0,18,368,12,19,0,0,143,5,1,0,0,1,1,0,0
0,35,0,10,2,1,0,1.032998,0.993359,0.965232,9,3,709,100,100,0,0,0,0,0,64,76,2,80,23,183,12,0,0,3160,128,0,4,0,1037,224,0,8,0,544,0,0,0,0,224,0,0,0,0,18,479,0,4,0,0,87,0,0,0,0,0,0,0,0
0,35,1,12,2,1,0,0.998972,1.00271,0.945629,12,3,709,100,100,0,0,0,0,0,50,52,2,80,23,154,12,0,0,3160,122,0,4,0,1037,210,0,8,0,544,1,0,0,0,224,4,0,5,0,18,515,20,4,0,0,50,0,0,0,0,0,0,0,0
0,35,2,17,2,1,0,1.003323,0.988659,0.993405,15,2,584,100,100,0,0,0,64,50,0,14,2,80,23,167,6,0,0,3160,61,0,2,0,1037,197,0,4,0,544,1,0,6,0,224,17,0,6,0,18,467,24,10,0,0,160,3,1,0,0,1,1,0,0
0,35,3,32,2,1,0,1.030942,0.996757,0.966912,29,2,584,100,100,0,0,0,76,52,14,0,2,80,23,308,21,0,0,3160,160,0,7,0,1037,319,0,14,0,544,0,0,0,0,224,2,0,16,0,18,421,64,28,0,0,124,0,19,0,0,2,2,0,0
0,36,0,12,5,3,0,1.035517,1.001808,0.96762,9,3,709,100,100,0,0,0,0,2,66,78,2,80,6,207,15,0,0,3096,121,0,5,0,1031,229,0,10,0,544,0,0,0,0,209,0,0,3,0,18,493,12,7,0,0,86,0,1,0,0,1,1,0,0
0,36,1,13,5,3,0,1.001888,1.004348,0.943374,12,3,709,100,100,0,0,0,2,0,52,54,2,80,6,172,12,0,0,3096,114,0,4,0,1031,214,0,8,0,544,1,0,0,0,209,8,0,5,0,18,543,20,4,0,0,50,0,0,0,0,0,0,0,0
0,36,2,16,5,3,0,1.005058,0.984575,0.99963,16,3,709,100,100,0,0,0,66,52,0,16,2,80,6,171,6,0,0,3096,58,0,2,0,1031,199,0,4,0,544,1,0,0,0,209,35,0,6,0,18,484,24,19,0,0,143,0,17,0,0,0,0,0,0
0,36,3,32,5,3,0,1.038599,1.002321,0.973973,29,2,584,100,100,0,0,0,78,54,16,0,2,80,6,318,21,0,0,3096,185,0,7,0,1031,326,0,14,0,544,0,0,0,0,209,11,0,15,0,18,489,60,9,0,0,123,0,1,0,0,1,1,0,0
0,37,0,12,2,3,0,1.031604,0.995063,0.958243,9,3,709,100,100,0,0,0,0,2,66,80,2,80,20,219,12,0,0,3096,113,0,4,0,1031,233,0,8,0,482,0,0,6,0,272,0,0,0,0,15,493,0,12,0,0,88,3,1,0,0,1,1,0,0
0,37,1,13,2,3,0,1.001888,1.004348,0.943374,12,3,709,100,100,0,0,0,2,0,52,56,2,80,20,188,15,0,0,3096,104,0,5,0,1031,219,0,10,0,482,0,0,10,0,272,3,0,5,0,15,558,20,17,0,0,54,5,1,0,0,1,1,0,0
0,37,2,17,2,3,0,1.005096,0.981542,0.998051,16,3,709,100,100,0,0,0,66,52,0,16,2,80,20,175,6,0,0,3096,56,0,2,0,1031,201,0,4,0,482,11,0,12,0,272,29,0,6,0,15,506,24,14,0,0,149,6,0,0,0,0,0,0,0
0,37,3,30,2,3,0,1.042826,1.002843,0.974902,28,3,709,100,100,0,0,0,80,56,16,0,2,80,20,321,21,0,0,3096,202,0,7,0,1031,333,0,14,0,482,1,0,24,0,272,0,0,11,0,15,500,44,50,0,0,117,12,18,0,0,1,1,0,0
0,38,0,13,2,2,0,1.029898,0.990377,0.953758,10,3,709,100,100,0,0,0,0,2,66,80,2,80,18,236,15,0,0,3168,104,0,5,0,1028,238,0,10,0,541,0,0,0,0,226,1,0,5,0,15,518,20,7,0,0,87,0,1,0,0,1,1,0,0
0,38,1,14,2,2,0,1.005905,1.00637,0.94634,13,3,709,100,100,0,0,0,2,0,54,58,2,80,18,205,15,0,0,3168,94,0,5,0,1028,224,0,10,0,541,0,0,0,0,226,4,0,5,0,15,585,20,5,0,0,54,0,0,0,0,0,0,0,0
0,38,2,15,2,2,0,1.003684,0.985301,0.991588,14,3,709,100,100,0,0,0,66,54,0,16,2,80,18,179,9,0,0,3168,52,0,3,0,1028,204,0,6,0,541,1,0,10,0,226,35,0,6,0,15,527,24,15,0,0,153,5,1,0,0,1,1,0,0
0,38,3,30,2,2,0,1.042826,1.002843,0.974902,29,3,709,100,100,0,0,0,80,58,16,0,2,80,18,328,21,0,0,3168,165,0,7,0,1028,340,0,14,0,541,0,0,2,0,226,8,0,14,0,15,562,56,11,0,0,117,1,1,0,0,1,1,0,0
0,39,0,13,2,6,0,1.02809,0.982087,0.944319,10,3,709,100,100,0,0,0,0,4,68,82,2,80,29,250,15,0,0,3112,94,0,5,0,1060,237,0,10,0,510,0,0,6,0,272,0,0,1,0,9,521,4,13,0,0,89,3,1,0,0,1,1,0,0
0,39,1,13,2,6,0,1.001888,1.004348,0.943374,13,3,709,100,100,0,0,0,4,0,56,60,2,80,29,215,15,0,0,3112,83,0,5,0,1060,220,0,10,0,510,0,0,6,0,272,0,0,4,0,9,602,16,11,0,0,57,3,0,0,0,0,0,0,0
0,39,2,14,2,6,0,0.997455,0.982323,0.993709,14,3,709,100,100,0,0,0,68,56,0,18,2,80,29,183,9,0,0,3112,50,0,3,0,1060,201,0,6,0,510,3,0,10,0,272,30,0,5,0,9,543,20,13,0,0,158,5,0,0,0,0,0,0,0
0,39,3,28,2,6,0,1.042347,1.00204,0.970378,27,3,709,100,100,0,0,0,82,60,18,0,2,80,29,334,21,0,0,3112,184,0,7,0,1060,336,0,14,0,510,0,0,8,0,272,0,0,8,0,9,593,32,15,0,0,121,4,0,0,0,0,0,0,0
0,40,0,13,2,2,0,1.02809,0.982087,0.944319,11,3,709,100,100,0,0,0,0,4,70,82,2,80,29,259,15,0,0,3112,84,0,5,0,1028,242,0,10,0,501,1,0,8,0,269,0,0,0,0,68,506,0,15,0,0,92,4,1,0,0,1,1,0,0
0,40,1,13,2,2,0,1.001888,1.004348,0.943374,13,3,709,100,100,0,0,0,4,0,58,62,2,80,29,227,15,0,0,3112,73,0,5,0,1028,225,0,10,0,501,0,0,6,0,269,0,0,0,0,68,591,0,11,0,0,60,3,0,0,0,0,0,0,0
0,40,2,15,2,2,0,1.003937,0.982041,0.992954,13,3,709,100,100,0,0,0,70,58,0,18,2,80,29,191,9,0,0,3112,49,0,3,0,1028,204,0,6,0,501,11,0,8,0,269,26,0,4,0,68,548,16,11,0,0,162,4,0,0,0,0,0,0,0
0,40,3,27,2,2,0,1.040884,1.003308,0.970302,26,3,709,100,100,0,0,0,82,62,18,0,2,80,29,338,21,0,0,3112,205,0,7,0,1028,343,0,14,0,501,1,0,8,0,269,0,0,3,0,68,588,12,17,0,0,124,4,1,0,0,1,1,0,0
4,1,0,45,2,22,0,1.003428,1.009032,1.011664,0,0,334,100,100,0,0,0,0,2,2,2,0,80,3,54,39,0,0,2816,200,0,13,0,932,63,0,26,0,466,15,0,36,0,272,7,0,18,0,0,88,72,61,0,0,12,18,6,0,0,6,6,0,0
4,1,1,46,2,22,0,1.006757,1.004306,1.010174,0,0,334,100,100,0,0,0,2,0,2,2,0,80,3,55,39,0,0,2816,200,0,13,0,932,63,0,26,0,466,17,0,38,0,272,6,0,19,0,0,87,76,65,0,0,12,19,7,0,0,7,7,0,0
4,1,2,40,2,22,0,1.00124,1.005502,1.010994,0,0,334,100,100,0,0,0,2,2,0,2,0,80,3,51,39,0,0,2816,200,0,13,0,932,63,0,26,0,466,23,0,28,0,272,11,0,14,0,0,80,56,45,0,0,12,14,2,0,0,2,2,0,0
4,1,3,49,2,22,0,1.000775,1.006646,1.016376,0,0,334,100,100,0,0,0,2,2,2,0,0,80,3,52,36,0,0,2816,201,0,12,0,932,62,0,24,0,466,9,0,48,0,272,1,0,24,0,0,102,96,78,0,0,15,24,9,0,0,9,9,0,0
4,2,0,47,5,3,0,1.001361,1.009584,1.00896,6,0,334,100,100,0,0,0,0,2,4,4,0,80,7,67,39,0,0,2816,238,0,13,0,932,76,0,26,0,424,12,0,36,0,240,0,0,14,0,13,98,56,61,0,0,24,18,6,0,0,6,6,0,0
4,2,1,47,5,3,0,1.005104,1.005334,1.012706,7,0,334,100,100,0,0,0,2,0,4,4,0,80,7,68,42,0,0,2816,236,0,14,0,932,77,0,28,0,424,3,0,38,0,240,0,0,14,0,13,94,56,66,0,0,24,19,7,0,0,7,7,0,0
4,2,2,39,5,3,0,1.002072,1.006834,1.01023,2,0,334,100,100,0,0,0,4,4,0,2,0,80,7,68,39,0,0,2816,243,0,13,0,932,76,0,26,0,424,25,0,28,0,240,3,0,14,0,13,97,56,45,0,0,24,14,2,0,0,2,2,0,0
4,2,3,49,5,3,0,1.001058,1.006309,1.014762,9,0,334,100,100,0,0,0,4,4,2,0,0,80,7,58,36,0,0,2816,236,0,12,0,932,74,0,24,0,424,0,0,36,0,240,0,0,9,0,13,89,36,66,0,0,24,18,9,0,0,9,9,0,0
4,3,0,45,3,19,1,1.005367,1.007984,1.009249,11,0,334,100,100,0,0,0,0,2,6,6,0,80,0,75,39,0,0,3200,178,0,13,0,932,89,0,26,0,438,6,0,36,0,272,0,0,0,0,0,54,0,59,0,0,37,18,5,0,0,5,5,0,0
4,3,1,37,3,19,1,1.003903,1.005324,1.012223,14,0,334,100,100,0,0,0,2,0,4,0,0,80,0,81,42,0,0,3200,175,0,14,0,932,91,0,28,0,438,4,0,22,0,272,0,0,0,0,0,62,0,42,0,0,32,11,3,0,0,3,3,0,0
4,3,2,36,3,19,1,1.003404,1.007388,1.009623,3,0,334,100,100,0,0,0,6,4,0,2,0,80,0,84,39,0,0,3200,191,0,13,0,932,89,0,26,0,438,17,0,26,0,272,0,0,3,0,0,84,12,41,0,0,36,13,1,0,0,1,1,0,0
4,3,3,48,3,19,1,1.000794,1.005758,1.014964,18,0,334,100,100,0,0,0,6,0,2,0,0,80,0,64,36,0,0,3200,175,0,12,0,932,86,0,24,0,438,1,0,22,0,272,0,0,0,0,0,51,0,52,0,0,26,11,9,0,0,9,9,0,0
4,4,0,46,5,4,0,1.006303,1.006588,1.009885,16,0,334,100,100,0,0,0,0,2,8,8,0,80,1,92,42,0,0,2840,223,0,14,0,929,103,0,28,0,544,0,0,6,0,139,16,0,18,0,24,111,72,30,0,0,35,3,5,0,0,5,5,0,0
4,4,1,38,5,4,0,1.009736,1.002012,1.013803,17,0,334,100,100,0,0,0,2,0,6,2,0,80,1,102,39,0,0,2840,189,0,13,0,929,104,0,26,0,544,0,0,4,0,139,25,0,11,0,24,92,44,23,0,0,31,2,3,0,0,3,3,0,0
4,4,2,37,5,4,0,1.002999,1.007649,1.010944,4,0,334,100,100,0,0,0,8,6,0,2,0,80,1,101,39,0,0,2840,238,0,13,0,929,102,0,26,0,544,1,0,16,0,139,15,0,13,0,24,108,52,31,0,0,43,8,1,0,0,1,1,0,0
4,4,3,46,5,4,0,1.003239,1.007002,1.014182,25,0,334,100,100,0,0,0,8,2,2,0,0,80,1,70,36,0,0,2840,211,0,12,0,929,98,0,24,0,544,1,0,0,0,139,15,0,20,0,24,115,80,28,0,0,18,0,8,0,0,8,8,0,0
4,5,0,39,2,14,0,1.005119,1.006697,1.012084,18,0,334,100,100,0,0,0,0,4,10,10,0,80,11,108,42,0,0,3032,163,0,14,0,929,117,0,28,0,441,3,0,24,0,248,11,0,12,0,40,136,48,42,0,0,45,12,2,0,0,2,2,0,0
4,5,1,37,2,14,0,1.008797,1.004172,1.017216,18,0,334,100,100,0,0,0,4,0,8,4,0,80,11,119,39,0,0,3032,194,0,13,0,929,117,0,26,0,441,11,0,20,0,248,20,0,10,0,40,93,40,39,0,0,38,10,3,0,0,3,3,0,0
4,5,2,36,2,14,0,1.006682,1.006397,1.009078,5,0,334,100,100,0,0,0,10,8,0,2,0,80,11,110,33,0,0,3032,190,0,11,0,929,113,0,22,0,441,1,0,20,0,248,7,0,14,0,40,139,56,33,0,0,52,10,1,0,0,1,1,0,0
4,5,3,43,2,14,0,1.004797,1.005844,1.011361,32,0,334,100,100,0,0,0,10,4,2,0,0,80,11,67,30,0,0,3032,251,0,10,0,929,108,0,20,0,441,0,0,26,0,248,1,0,20,0,40,147,80,48,0,0,25,13,6,0,0,6,6,0,0
4,6,0,38,4,20,0,1.00552,1.00946,1.015259,20,0,334,100,100,0,0,0,0,6,12,12,0,80,4,124,36,0,0,2960,192,0,12,0,944,129,0,24,0,496,1,0,10,0,225,9,0,12,0,45,158,48,26,0,0,48,5,2,0,0,2,2,0,0
4,6,1,37,4,20,0,1.006367,1.003215,1.021038,20,0,334,100,100,0,0,0,6,0,10,6,0,80,4,144,39,0,0,2960,192,0,13,0,944,130,0,26,0,496,10,0,20,0,225,23,0,10,0,45,98,40,41,0,0,44,10,4,0,0,4,4,0,0
4,6,2,37,4,20,0,1.005736,1.006757,1.006857,6,0,334,100,100,0,0,0,12,10,0,2,0,80,4,126,33,0,0,2960,247,0,11,0,944,124,0,22,0,496,0,0,12,0,225,1,0,15,0,45,172,60,27,0,0,56,6,2,0,0,2,2,0,0
4,6,3,27,4,20,0,1.007958,1.007758,1.019631,22,0,334,100,100,0,0,0,12,6,2,0,0,80,4,68,30,0,0,2960,198,0,10,0,944,118,0,20,0,496,4,0,6,0,225,13,0,3,0,45,149,12,20,0,0,26,3,2,0,0,2,2,0,0
4,7,0,38,5,2,0,1.000919,1.006583,1.015973,22,0,334,100,100,0,0,0,0,6,14,14,0,80,0,137,33,0,0,3064,231,0,11,0,950,140,0,22,0,419,4,0,26,0,272,0,0,9,0,10,159,36,41,0,0,59,13,2,0,0,2,2,0,0
4,7,1,40,5,2,0,1.011133,1.004078,1.021155,24,0,334,100,100,0,0,0,6,0,12,8,0,80,0,169,39,0,0,3064,190,0,13,0,950,143,0,26,0,419,23,0,20,0,272,13,0,10,0,10,106,40,41,0,0,50,10,4,0,0,4,4,0,0
4,7,2,37,5,2,0,1.004456,1.00662,1.006588,8,0,334,100,100,0,0,0,14,12,0,2,0,80,0,135,30,0,0,3064,200,0,10,0,950,134,0,20,0,419,1,0,26,0,272,0,0,1,0,10,162,4,42,0,0,66,13,3,0,0,3,3,0,0
4,7,3,27,5,2,0,1.007958,1.007758,1.019631,24,0,334,100,100,0,0,0,14,8,2,0,0,80,0,87,30,0,0,3064,161,0,10,0,950,128,0,20,0,419,32,0,8,0,272,9,0,4,0,10,158,16,22,0,0,28,4,2,0,0,2,2,0,0
4,8,0,37,4,2,0,1.001889,1.009151,1.017506,24,0,334,100,100,0,0,0,0,6,16,14,0,80,7,150,36,0,0,3040,181,0,12,0,947,152,0,24,0,440,4,0,24,0,242,0,0,8,0,21,166,32,40,0,0,69,12,2,0,0,2,2,0,0
4,8,1,41,4,2,0,1.012842,1.001976,1.023091,28,0,334,100,100,0,0,0,6,0,14,8,0,80,7,193,45,0,0,3040,183,0,15,0,947,158,0,30,0,440,31,0,20,0,242,15,0,10,0,21,115,40,43,0,0,56,10,4,0,0,4,4,0,0
4,8,2,37,4,2,0,1.006008,1.004397,1.003176,11,0,334,100,100,0,0,0,16,14,0,2,0,80,7,148,30,0,0,3040,257,0,10,0,947,144,0,20,0,440,1,0,20,0,242,0,0,6,0,21,159,24,36,0,0,73,10,3,0,0,3,3,0,0
4,8,3,29,4,2,0,1.008052,1.009811,1.016666,26,0,334,100,100,0,0,0,14,8,2,0,0,80,7,109,30,0,0,3040,132,0,10,0,947,138,0,20,0,440,53,0,8,0,242,9,0,4,0,21,163,16,20,0,0,31,4,1,0,0,1,1,0,0
4,9,0,35,1,17,0,1.001734,1.007874,1.019624,24,0,334,100,100,0,0,0,0,6,18,16,0,80,6,170,36,0,0,3056,212,0,12,0,944,164,0,24,0,388,23,0,20,0,272,0,0,0,0,46,134,0,32,0,0,79,10,0,0,0,0,0,0,0
4,9,1,40,1,17,0,1.011398,0.999968,1.02033,30,0,334,100,100,0,0,0,6,0,16,8,0,80,6,214,45,0,0,3056,175,0,15,0,944,173,0,30,0,388,58,0,18,0,272,6,0,9,0,46,113,36,39,0,0,62,9,3,0,0,3,3,0,0
4,9,2,26,1,17,0,1.013057,1.001366,1.006753,9,0,334,100,100,0,0,0,18,16,0,2,0,80,6,151,30,0,0,3056,210,0,10,0,944,154,0,20,0,388,19,0,12,0,272,0,0,0,0,46,136,0,24,0,0,78,6,1,0,0,1,1,0,0
4,9,3,27,1,17,0,1.0098,1.011068,1.01396,25,0,334,100,100,0,0,0,16,8,2,0,0,80,6,124,30,0,0,3056,109,0,10,0,944,148,0,20,0,388,89,0,6,0,272,6,0,3,0,46,157,12,18,0,0,33,3,1,0,0,1,1,0,0
4,10,0,35,4,5,0,1.000791,1.007287,1.01312,24,0,334,100,100,0,0,0,0,8,20,16,1,80,9,186,33,0,0,3136,166,0,11,0,947,175,0,22,0,428,33,0,20,0,272,0,0,0,0,22,120,0,31,0,0,89,10,0,0,0,0,0,0,0
4,10,1,40,4,5,0,1.016302,1.001111,1.018062,33,0,334,100,100,0,0,0,8,0,16,10,0,80,9,237,45,0,0,3136,168,0,15,0,947,188,0,30,0,428,72,0,18,0,272,0,0,6,0,22,107,24,39,0,0,68,9,3,0,0,3,3,0,0
4,10,2,25,4,5,0,1.012501,1.003332,1.007173,9,0,334,100,100,0,0,0,20,16,0,2,1,80,9,165,27,0,0,3136,175,0,9,0,947,163,0,18,0,428,29,0,12,0,272,0,0,0,0,22,130,0,23,0,0,83,6,1,0,0,1,1,0,0
4,10,3,27,4,5,0,1.003374,1.012414,1.020393,25,0,334,100,100,0,0,0,16,10,2,0,0,80,9,143,30,0,0,3136,80,0,10,0,947,158,0,20,0,428,111,0,4,0,272,4,0,2,0,22,154,8,14,0,0,35,2,0,0,0,0,0,0,0
4,11,0,35,4,20,0,1.00099,1.00288,1.011592,22,0,334,100,100,0,0,0,0,8,22,18,1,80,0,206,36,0,0,3016,199,0,12,0,947,187,0,24,0,425,41,0,20,0,272,0,0,0,0,50,88,0,32,0,0,99,10,0,0,0,0,0,0,0
4,11,1,34,4,20,0,1.010467,0.994318,1.012147,32,0,334,100,100,0,0,0,8,0,18,12,0,80,0,261,45,0,0,3016,161,0,15,0,947,203,0,30,0,425,79,0,18,0,272,0,0,0,0,50,81,0,35,0,0,76,9,1,0,0,1,1,0,0
4,11,2,22,4,20,0,1.01589,0.996812,1.004589,8,0,334,100,100,0,0,0,22,18,0,2,1,80,0,183,27,0,0,3016,181,0,9,0,947,172,0,18,0,425,32,0,12,0,272,0,0,0,0,50,110,0,23,0,0,88,6,1,0,0,1,1,0,0
4,11,3,20,4,20,0,1.004474,1.010929,1.010414,17,0,334,100,100,0,0,0,18,12,2,0,0,80,0,162,30,0,0,3016,59,0,10,0,947,168,0,20,0,425,117,0,6,0,272,1,0,3,0,50,151,12,18,0,0,37,3,1,0,0,1,1,0,0
4,12,0,33,0,12,0,0.999826,0.998045,1.011595,21,0,334,100,100,0,0,0,0,10,24,20,2,80,12,222,30,0,0,3008,234,0,10,0,950,197,0,20,0,452,52,0,22,0,272,0,0,0,0,68,54,0,34,0,0,109,11,1,0,0,1,1,0,0
4,12,1,30,0,12,0,1.003884,0.985134,1.015806,29,0,334,100,100,0,0,0,10,0,20,14,1,80,12,273,33,0,0,3008,164,0,11,0,950,214,0,22,0,452,88,0,18,0,272,0,0,0,0,68,50,0,31,0,0,84,9,1,0,0,1,1,0,0
4,12,2,18,0,12,0,1.025316,0.990469,1.000576,6,0,334,100,100,0,0,0,24,20,0,2,2,80,12,190,15,0,0,3008,194,0,5,0,950,177,0,10,0,452,36,0,14,0,272,0,0,0,0,68,87,0,23,0,0,93,7,2,0,0,2,2,0,0
4,12,3,18,0,12,0,1.00034,1.011481,1.007731,16,0,334,100,100,0,0,0,20,14,2,0,1,80,12,179,24,0,0,3008,55,0,8,0,950,176,0,16,0,452,123,0,8,0,272,0,0,1,0,68,137,4,18,0,0,40,4,1,0,0,1,1,0,0
4,13,0,34,2,2,0,0.999679,0.996645,1.012823,22,0,334,100,100,0,0,0,0,10,26,22,2,80,7,236,30,0,0,3128,191,0,10,0,986,207,0,20,0,464,62,0,22,0,254,0,0,4,0,22,53,16,34,0,0,119,11,1,0,0,1,1,0,0
4,13,1,30,2,2,0,1.002128,0.984161,1.011843,29,1,459,100,100,0,0,0,10,0,20,14,1,80,7,289,30,0,0,3128,172,0,10,0,986,224,0,20,0,464,96,0,18,0,254,0,0,4,0,22,30,16,45,0,0,76,9,17,0,0,0,0,0,0
4,13,2,17,2,2,0,1.022337,0.989904,1.000278,8,0,334,100,100,0,0,0,26,20,0,2,2,80,7,201,15,0,0,3128,171,0,5,0,986,182,0,10,0,464,30,0,14,0,254,0,0,6,0,22,105,24,23,0,0,98,7,2,0,0,2,2,0,0
4,13,3,18,2,2,0,1.00034,1.011481,1.007731,17,0,334,100,100,0,0,0,22,14,2,0,1,80,7,197,24,0,0,3128,53,0,8,0,986,184,0,16,0,464,128,0,8,0,254,0,0,2,0,22,130,8,18,0,0,43,4,1,0,0,1,1,0,0
4,14,0,31,5,7,0,0.99753,0.990366,1.014621,21,0,334,100,100,0,0,0,0,10,26,24,2,80,2,243,27,0,0,3008,220,0,9,0,989,216,0,18,0,460,63,0,20,0,259,1,0,10,0,53,62,40,31,0,0,128,10,1,0,0,1,1,0,0
4,14,1,30,5,7,0,1.00844,0.986353,1.012107,27,1,459,100,100,0,0,0,10,0,20,14,1,80,2,307,30,0,0,3008,172,0,10,0,989,234,0,20,0,460,110,0,16,0,259,0,0,0,0,53,11,0,28,0,0,83,8,1,0,0,1,1,0,0
4,14,2,17,5,7,0,1.034398,0.998126,1.010905,9,0,334,100,100,0,0,0,26,20,0,2,2,80,2,215,15,0,0,3008,189,0,5,0,989,187,0,10,0,460,28,0,14,0,259,0,0,0,0,53,85,0,23,0,0,103,7,2,0,0,2,2,0,0
4,14,3,19,5,7,0,0.995741,1.005728,1.006723,18,0,334,100,100,0,0,0,24,14,2,0,1,80,2,218,24,0,0,3008,51,0,8,0,989,192,0,16,0,460,132,0,8,0,259,0,0,2,0,53,122,8,16,0,0,47,4,0,0,0,0,0,0,0
4,15,0,32,4,0,0,0.996972,0.987586,1.013315,22,0,334,100,100,0,0,0,0,12,28,26,2,80,10,258,27,0,0,3136,180,0,9,0,983,225,0,18,0,499,59,0,22,0,224,5,0,11,0,68,71,44,35,0,0,137,11,2,0,0,2,2,0,0
4,15,1,31,4,0,0,1.007707,0.986907,1.010386,28,1,459,100,100,0,0,0,12,0,22,16,1,80,10,333,36,0,0,3136,170,0,12,0,983,246,0,24,0,499,106,0,16,0,224,10,0,8,0,68,13,32,30,0,0,90,8,1,0,0,1,1,0,0
4,15,2,17,4,0,0,1.034398,0.998126,1.010905,11,0,334,100,100,0,0,0,28,22,0,2,2,80,10,227,15,0,0,3136,167,0,5,0,983,192,0,10,0,499,18,0,16,0,224,0,0,6,0,68,84,24,25,0,0,109,8,2,0,0,2,2,0,0
4,15,3,21,4,0,0,0.998155,1.006178,1.010218,18,0,334,100,100,0,0,0,26,16,2,0,1,80,10,243,27,0,0,3136,47,0,9,0,983,201,0,18,0,499,133,0,8,0,224,5,0,4,0,68,119,16,19,0,0,50,4,1,0,0,1,1,0,0
4,16,0,34,7,0,0,0.997893,0.988594,1.015142,24,0,334,100,100,0,0,0,0,12,30,28,2,80,19,272,30,0,0,3008,210,0,10,0,974,235,0,20,0,509,49,0,22,0,236,7,0,11,0,68,79,44,36,0,0,146,11,2,0,0,2,2,0,0
4,16,1,35,7,0,0,1.004781,0.987338,1.015133,29,1,459,100,100,0,0,0,12,0,24,18,1,80,19,361,39,0,0,3008,166,0,13,0,974,259,0,26,0,509,105,0,16,0,236,13,0,8,0,68,14,32,31,0,0,97,8,1,0,0,1,1,0,0
4,16,2,18,7,0,0,1.032856,0.997732,1.012314,13,0,334,100,100,0,0,0,30,24,0,2,2,80,19,240,15,0,0,3008,193,0,5,0,974,197,0,10,0,509,5,0,16,0,236,0,0,3,0,68,71,12,25,0,0,115,8,2,0,0,2,2,0,0
4,16,3,21,7,0,0,0.998155,1.006178,1.010218,19,0,334,100,100,0,0,0,28,18,2,0,1,80,19,262,30,0,0,3008,48,0,10,0,974,211,0,20,0,509,128,0,10,0,236,9,0,5,0,68,117,20,22,0,0,54,5,1,0,0,1,1,0,0
4,17,0,33,5,2,0,0.995527,0.988246,1.01543,25,1,459,100,100,0,0,0,0,14,30,30,2,80,5,285,30,0,0,3120,166,0,10,0,965,245,0,20,0,501,40,0,24,0,221,10,0,12,0,68,72,48,55,0,0,139,12,19,0,0,2,2,0,0
4,17,1,37,5,2,0,1.008148,0.985863,1.007514,29,1,459,100,100,0,0,0,14,0,26,20,2,80,5,390,42,0,0,3120,165,0,14,0,965,273,0,28,0,501,102,0,18,0,221,22,0,9,0,68,12,36,38,0,0,103,9,3,0,0,3,3,0,0
4,17,2,20,5,2,0,1.033811,1.000439,1.011832,15,0,334,100,100,0,0,0,30,26,0,2,2,80,5,256,18,0,0,3120,169,0,6,0,965,203,0,12,0,501,0,0,10,0,221,0,0,6,0,68,75,24,20,0,0,118,5,2,0,0,2,2,0,0
4,17,3,21,5,2,0,0.998155,1.006178,1.010218,20,1,459,100,100,0,0,0,30,20,2,0,2,80,5,289,30,0,0,3120,49,0,10,0,965,221,0,20,0,501,126,0,10,0,221,13,0,5,0,68,98,20,39,0,0,41,5,18,0,0,1,1,0,0
4,18,0,32,2,7,0,0.996362,0.98933,1.014638,26,1,459,100,100,0,0,0,0,14,32,32,2,80,11,298,30,0,0,2984,203,0,10,0,964,255,0,20,0,443,46,0,24,0,272,0,0,10,0,44,80,40,38,0,0,149,12,2,0,0,2,2,0,0
4,18,1,33,2,7,0,1.011703,0.989886,1.003624,27,2,584,100,100,0,0,0,14,0,28,22,2,80,11,417,45,0,0,2984,161,0,15,0,964,286,0,30,0,443,107,0,18,0,272,13,0,9,0,44,1,36,56,0,0,92,9,20,0,0,3,3,0,0
4,18,2,20,2,7,0,1.033811,1.000439,1.011832,17,0,334,100,100,0,0,0,32,28,0,4,2,80,11,269,18,0,0,2984,191,0,6,0,964,209,0,12,0,443,2,0,16,0,272,0,0,0,0,44,55,0,26,0,0,124,8,2,0,0,2,2,0,0
4,18,3,21,2,7,0,1.004467,1.005598,1.008712,20,1,459,100,100,0,0,0,32,22,4,0,2,80,11,314,30,0,0,2984,50,0,10,0,964,231,0,20,0,443,131,0,10,0,272,8,0,5,0,44,101,20,20,0,0,46,5,0,0,0,0,0,0,0
4,19,0,25,2,22,0,1.002479,0.981711,1.021725,21,1,459,100,100,0,0,0,0,16,34,34,2,80,29,295,21,0,0,3120,164,0,7,0,959,262,0,14,0,501,33,0,20,0,253,0,0,8,0,22,96,32,31,0,0,157,10,2,0,0,2,2,0,0
4,19,1,30,2,22,0,1.016644,0.988775,1.009164,27,2,584,100,100,0,0,0,16,0,30,24,2,80,29,450,42,0,0,3120,162,0,14,0,959,300,0,28,0,501,98,0,18,0,253,9,0,9,0,22,12,36,34,0,0,100,9,1,0,0,1,1,0,0
4,19,2,17,2,22,0,1.03397,0.992827,1.009082,16,0,334,100,100,0,0,0,34,30,0,6,2,80,29,271,15,0,0,3120,166,0,5,0,959,214,0,10,0,501,0,0,8,0,253,0,0,2,0,22,65,8,13,0,0,128,4,0,0,0,0,0,0,0
4,19,3,14,2,22,0,0.992621,1.011319,1.005264,14,1,459,100,100,0,0,0,34,24,6,0,2,80,29,322,18,0,0,3120,55,0,6,0,959,237,0,12,0,501,121,0,10,0,253,7,0,5,0,22,108,20,16,0,0,51,5,0,0,0,0,0,0,0
4,20,0,24,4,4,0,0.998263,0.977446,1.018781,22,1,459,100,100,0,0,0,0,16,34,36,2,80,5,309,21,0,0,3008,196,0,7,0,992,269,0,14,0,528,16,0,20,0,243,0,0,8,0,41,105,32,29,0,0,166,10,1,0,0,1,1,0,0
4,20,1,29,4,4,0,1.016021,0.988406,1.010543,27,2,584,100,100,0,0,0,16,0,32,26,2,80,5,482,42,0,0,3008,166,0,14,0,992,314,0,28,0,528,83,0,20,0,243,7,0,10,0,41,28,40,36,0,0,109,10,1,0,0,1,1,0,0
4,20,2,17,4,4,0,1.037933,0.995255,1.008138,15,0,334,100,100,0,0,0,34,32,0,6,2,80,5,283,15,0,0,3008,192,0,5,0,992,219,0,10,0,528,0,0,2,0,243,0,0,4,0,41,78,16,9,0,0,128,1,1,0,0,1,1,0,0
4,20,3,16,4,4,0,0.998672,1.006574,1.003128,14,1,459,100,100,0,0,0,36,26,6,0,2,80,5,342,18,0,0,3008,67,0,6,0,992,243,0,12,0,528,113,0,10,0,243,4,0,5,0,41,115,20,16,0,0,56,5,0,0,0,0,0,0,0
4,21,0,24,1,2,0,0.998263,0.977446,1.018781,23,1,459,100,100,0,0,0,0,16,34,38,2,80,23,315,21,0,0,3120,165,0,7,0,989,276,0,14,0,509,7,0,20,0,259,0,0,8,0,16,125,32,29,0,0,175,10,1,0,0,1,1,0,0
4,21,1,27,1,2,0,1.01639,0.979305,1.0047,26,3,709,100,100,0,0,0,16,0,32,28,2,80,23,513,42,0,0,3120,155,0,14,0,989,328,0,28,0,509,79,0,16,0,259,2,0,8,0,16,23,32,49,0,0,99,8,18,0,0,1,1,0,0
4,21,2,17,1,2,0,1.037933,0.995255,1.008138,16,1,459,100,100,0,0,0,34,32,0,6,2,80,23,292,15,0,0,3120,170,0,5,0,989,224,0,10,0,509,0,0,6,0,259,0,0,2,0,16,73,8,30,0,0,113,3,18,0,0,1,1,0,0
4,21,3,17,1,2,0,0.997409,1.004045,1.005039,14,1,459,100,100,0,0,0,38,28,6,0,2,80,23,362,21,0,0,3120,76,0,7,0,989,250,0,14,0,509,107,0,12,0,259,0,0,4,0,16,116,16,21,0,0,61,6,1,0,0,1,1,0,0
4,22,0,24,4,1,0,0.998253,0.975363,1.017354,23,1,459,100,100,0,0,0,0,16,36,40,2,80,11,328,21,0,0,3008,198,0,7,0,989,283,0,14,0,502,2,0,20,0,270,0,0,2,0,68,106,8,27,0,0,185,10,0,0,0,0,0,0,0
4,22,1,29,4,1,0,1.01706,0.976871,1.005898,27,3,709,100,100,0,0,0,16,0,34,30,2,80,11,546,42,0,0,3008,146,0,14,0,989,342,0,28,0,502,72,0,16,0,270,0,0,2,0,68,1,8,30,0,0,107,8,0,0,0,0,0,0,0
4,22,2,17,4,1,0,1.037933,0.995255,1.008138,17,1,459,100,100,0,0,0,36,34,0,6,2,80,11,306,15,0,0,3008,204,0,5,0,989,229,0,10,0,502,1,0,8,0,270,0,0,0,0,68,60,0,13,0,0,117,4,0,0,0,0,0,0,0
4,22,3,18,4,1,0,1.000476,1.006497,0.999137,15,1,459,100,100,0,0,0,40,30,6,0,2,80,11,379,21,0,0,3008,92,0,7,0,989,257,0,14,0,502,99,0,14,0,270,0,0,0,0,68,93,0,23,0,0,67,7,1,0,0,1,1,0,0
4,23,0,25,2,0,0,0.998076,0.972172,1.015291,23,1,459,100,100,0,0,0,0,16,38,42,2,80,16,344,21,0,0,3120,167,0,7,0,986,290,0,14,0,511,0,0,14,0,265,0,0,4,0,16,116,16,23,0,0,191,7,1,0,0,1,1,0,0
4,23,1,29,2,0,0,1.01706,0.976871,1.005898,27,3,709,100,100,0,0,0,16,0,36,32,2,80,16,562,21,0,0,3120,150,0,7,0,986,370,0,14,0,511,66,0,18,0,265,0,0,3,0,16,0,12,25,0,0,116,9,0,0,0,0,0,0,0
4,23,2,18,2,0,0,1.039169,0.994375,1.004921,17,1,459,100,100,0,0,0,38,36,0,6,2,80,16,314,15,0,0,3120,182,0,5,0,986,234,0,10,0,511,0,0,4,0,265,0,0,0,0,16,68,0,9,0,0,119,2,0,0,0,0,0,0,0
4,23,3,18,2,0,0,1.000476,1.006497,0.999137,16,2,584,100,100,0,0,0,42,32,6,0,2,80,16,396,24,0,0,3120,106,0,8,0,986,265,0,16,0,511,91,0,14,0,265,0,0,0,0,16,58,0,41,0,0,56,7,18,0,0,1,1,0,0
4,24,0,25,3,4,0,0.998076,0.972172,1.015291,24,1,459,100,100,0,0,0,0,16,40,44,2,80,14,357,24,0,0,2984,206,0,8,0,983,298,0,16,0,508,0,0,14,0,255,0,0,4,0,38,114,16,24,0,0,197,7,1,0,0,1,1,0,0
4,24,1,29,3,4,0,1.01706,0.976871,1.005898,27,3,709,100,100,0,0,0,16,0,36,34,2,80,14,593,42,0,0,2984,147,0,14,0,983,384,0,28,0,508,58,0,18,0,255,0,0,8,0,38,10,32,34,0,0,124,9,1,0,0,1,1,0,0
4,24,2,19,3,4,0,1.038705,0.993012,1.003553,16,1,459,100,100,0,0,0,40,36,0,6,2,80,14,328,15,0,0,2984,215,0,5,0,983,239,0,10,0,508,1,0,6,0,255,0,0,2,0,38,69,8,13,0,0,121,3,1,0,0,1,1,0,0
4,24,3,16,3,4,0,0.989372,1.00829,1.004947,15,2,584,100,100,0,0,0,44,34,6,0,2,80,14,410,15,0,0,2984,123,0,5,0,983,270,0,10,0,508,82,0,14,0,255,0,0,3,0,38,57,12,19,0,0,63,7,0,0,0,0,0,0,0
4,25,0,27,9,3,0,0.999162,0.969431,1.013219,25,1,459,100,100,0,0,0,0,18,42,46,2,80,9,374,24,0,0,3120,173,0,8,0,989,306,0,16,0,496,0,0,18,0,263,0,0,0,0,12,113,0,26,0,0,206,9,0,0,0,0,0,0,0
4,25,1,28,9,3,0,1.015773,0.975145,1.003096,25,3,709,100,100,0,0,0,18,0,38,36,2,80,9,619,36,0,0,3120,146,0,12,0,989,396,0,24,0,496,54,0,16,0,263,0,0,6,0,12,13,24,30,0,0,131,8,1,0,0,1,1,0,0
4,25,2,22,9,3,0,1.033872,0.98833,0.994846,17,1,459,100,100,0,0,0,42,38,0,6,2,80,9,341,18,0,0,3120,190,0,6,0,989,245,0,12,0,496,1,0,6,0,263,0,0,3,0,12,81,12,14,0,0,123,3,1,0,0,1,1,0,0
4,25,3,18,9,3,0,0.989939,1.005437,1.006574,15,2,584,100,100,0,0,0,46,36,6,0,2,80,9,421,15,0,0,3120,142,0,5,0,989,275,0,10,0,496,80,0,14,0,263,0,0,0,0,12,41,0,21,0,0,69,7,1,0,0,1,1,0,0
4,26,0,29,4,1,0,0.995944,0.972286,1.020917,25,1,459,100,100,0,0,0,0,18,44,48,2,80,19,388,24,0,0,3048,210,0,8,0,995,314,0,16,0,511,0,0,12,0,246,0,0,9,0,15,133,36,22,0,0,211,6,1,0,0,1,1,0,0
4,26,1,29,4,1,0,1.016035,0.973251,1.001471,26,3,709,100,100,0,0,0,18,0,40,38,2,80,19,645,36,0,0,3048,146,0,12,0,995,408,0,24,0,511,54,0,18,0,246,0,0,2,0,15,1,8,32,0,0,139,9,1,0,0,1,1,0,0
4,26,2,23,4,1,0,1.035149,0.989291,0.995295,18,1,459,100,100,0,0,0,44,40,0,6,2,80,19,343,18,0,0,3048,162,0,6,0,995,251,0,12,0,511,0,0,4,0,246,0,0,9,0,15,126,36,14,0,0,123,2,2,0,0,2,2,0,0
4,26,3,17,4,1,0,0.986834,1.009147,1.007495,16,2,584,100,100,0,0,0,48,38,6,0,2,80,19,432,15,0,0,3048,159,0,5,0,995,280,0,10,0,511,64,0,16,0,246,0,0,6,0,15,51,24,23,0,0,76,8,1,0,0,1,1,0,0
4,27,0,29,1,2,0,0.995944,0.972286,1.020917,26,2,584,100,100,0,0,0,0,18,46,50,2,80,32,396,24,0,0,3064,173,0,8,0,992,322,0,16,0,494,0,0,22,0,270,0,0,0,0,68,82,0,51,0,0,203,11,19,0,0,2,2,0,0
4,27,1,28,1,2,0,1.015047,0.97568,1.001202,26,3,709,100,100,0,0,0,18,0,42,38,2,80,32,632,3,0,0,3064,156,0,1,0,992,439,0,2,0,494,66,0,8,0,270,0,0,2,0,68,0,8,9,0,0,143,4,0,0,0,0,0,0,0
4,27,2,24,1,2,0,1.035166,0.986717,0.994751,20,1,459,100,100,0,0,0,46,42,0,6,2,80,32,347,21,0,0,3064,188,0,7,0,992,258,0,14,0,494,0,0,6,0,270,0,0,0,0,68,109,0,17,0,0,124,3,2,0,0,2,2,0,0
4,27,3,16,1,2,0,0.987436,1.011995,1.005739,16,2,584,100,100,0,0,0,50,38,6,0,2,80,32,436,15,0,0,3064,169,0,5,0,992,285,0,10,0,494,52,0,14,0,270,0,0,0,0,68,32,0,19,0,0,83,7,0,0,0,0,0,0,0
4,28,0,27,1,15,0,0.999477,0.966371,1.028771,25,2,584,100,100,0,0,0,0,18,46,52,2,80,24,403,24,0,0,2992,216,0,8,0,995,330,0,16,0,526,0,0,6,0,209,4,0,11,0,29,113,44,16,0,0,205,3,1,0,0,1,1,0,0
4,28,1,21,1,15,0,1.019484,0.982205,1.010328,20,3,709,100,100,0,0,0,18,0,42,40,2,80,24,641,24,0,0,2992,152,0,8,0,995,456,0,16,0,526,64,0,8,0,209,8,0,4,0,29,0,16,16,0,0,147,4,0,0,0,0,0,0,0
4,28,2,20,1,15,0,1.042862,0.994597,1.000121,19,1,459,100,100,0,0,0,46,42,0,6,2,80,24,354,21,0,0,2992,213,0,7,0,995,265,0,14,0,526,1,0,2,0,209,4,0,8,0,29,133,32,11,0,0,124,1,1,0,0,1,1,0,0
4,28,3,15,1,15,0,0.992238,1.008992,0.99753,15,2,584,100,100,0,0,0,52,40,6,0,2,80,24,444,15,0,0,2992,180,0,5,0,995,290,0,10,0,526,43,0,12,0,209,3,0,6,0,29,45,24,17,0,0,89,6,0,0,0,0,0,0,0
4,29,0,27,2,2,0,0.997459,0.963173,1.02895,24,2,584,100,100,0,0,0,0,18,46,52,2,80,21,412,24,0,0,3136,181,0,8,0,1052,323,0,16,0,515,0,0,10,0,248,7,0,9,0,68,129,36,20,0,0,209,5,1,0,0,1,1,0,0
4,29,1,21,2,2,0,1.019484,0.982205,1.010328,20,3,709,100,100,0,0,0,18,0,42,40,2,80,21,659,24,0,0,3136,155,0,8,0,1052,455,0,16,0,515,64,0,8,0,248,8,0,4,0,68,0,16,16,0,0,151,4,0,0,0,0,0,0,0
4,29,2,20,2,2,0,1.042862,0.994597,1.000121,20,1,459,100,100,0,0,0,46,42,0,6,2,80,21,362,21,0,0,3136,186,0,7,0,1052,254,0,14,0,515,0,0,8,0,248,2,0,8,0,68,150,32,15,0,0,128,4,0,0,0,0,0,0,0
4,29,3,15,2,2,0,0.992238,1.008992,0.99753,15,2,584,100,100,0,0,0,52,40,6,0,2,80,21,456,15,0,0,3136,192,0,5,0,1052,289,0,10,0,515,35,0,12,0,248,0,0,5,0,68,48,20,17,0,0,95,6,0,0,0,0,0,0,0
4,30,0,25,1,2,0,0.996108,0.972773,1.026878,23,2,584,100,100,0,0,0,0,18,48,54,2,80,13,426,27,0,0,3048,209,0,9,0,998,332,0,18,0,475,3,0,18,0,272,0,0,7,0,42,131,28,29,0,0,217,9,1,0,0,1,1,0,0
4,30,1,21,1,2,0,1.019484,0.982205,1.010328,20,3,709,100,100,0,0,0,18,0,44,42,2,80,13,682,24,0,0,3048,158,0,8,0,998,469,0,16,0,475,74,0,8,0,272,4,0,4,0,42,0,16,16,0,0,155,4,0,0,0,0,0,0,0
4,30,2,20,1,2,0,1.042862,0.994597,1.000121,20,1,459,100,100,0,0,0,48,44,0,6,2,80,13,377,21,0,0,3048,215,0,7,0,998,258,0,14,0,475,1,0,14,0,272,0,0,2,0,42,140,8,21,0,0,135,7,0,0,0,0,0,0,0
4,30,3,16,1,2,0,0.986916,1.007219,0.995638,15,2,584,100,100,0,0,0,54,42,6,0,2,80,13,471,15,0,0,3048,172,0,5,0,998,294,0,10,0,475,35,0,12,0,272,0,0,0,0,42,48,0,17,0,0,101,6,0,0,0,0,0,0,0
4,31,0,21,1,4,0,1.00173,0.959324,1.031205,20,2,584,100,100,0,0,0,0,18,50,56,2,80,19,442,27,0,0,3128,175,0,9,0,992,341,0,18,0,544,1,0,2,0,213,13,0,5,0,17,156,20,13,0,0,217,1,1,0,0,1,1,0,0
4,31,1,22,1,4,0,1.017185,0.982462,1.008382,20,3,709,100,100,0,0,0,18,0,46,44,2,80,19,700,24,0,0,3128,161,0,8,0,992,486,0,16,0,544,66,0,8,0,213,15,0,4,0,17,0,16,16,0,0,159,4,0,0,0,0,0,0,0
4,31,2,20,1,4,0,1.042862,0.994597,1.000121,20,2,584,100,100,0,0,0,50,46,0,6,2,80,19,391,21,0,0,3128,188,0,7,0,992,265,0,14,0,544,1,0,0,0,213,7,0,8,0,17,167,32,24,0,0,118,0,17,0,0,0,0,0,0
4,31,3,16,1,4,0,0.986916,1.007219,0.995638,15,2,584,100,100,0,0,0,56,44,6,0,2,80,19,487,15,0,0,3128,191,0,5,0,992,299,0,10,0,544,21,0,14,0,213,4,0,7,0,17,61,28,21,0,0,107,7,1,0,0,1,1,0,0
4,32,0,21,3,0,0,1.00173,0.959324,1.031205,21,2,584,100,100,0,0,0,0,18,50,56,2,80,18,462,27,0,0,3136,177,0,9,0,992,350,0,18,0,478,12,0,10,0,272,8,0,5,0,28,160,20,19,0,0,222,5,0,0,0,0,0,0,0
4,32,1,23,3,0,0,1.020573,0.981604,1.008349,20,3,709,100,100,0,0,0,18,0,48,44,2,80,18,709,33,0,0,3136,160,0,11,0,992,497,0,22,0,478,74,0,10,0,272,10,0,5,0,28,0,20,23,0,0,163,5,1,0,0,1,1,0,0
4,32,2,20,3,0,0,1.042862,0.994597,1.000121,20,2,584,100,100,0,0,0,50,48,0,6,2,80,18,409,21,0,0,3136,161,0,7,0,992,272,0,14,0,478,0,0,16,0,272,0,0,7,0,28,189,28,23,0,0,126,8,0,0,0,0,0,0,0
4,32,3,18,3,0,0,0.990338,1.007596,0.996329,16,3,709,100,100,0,0,0,56,44,6,0,2,80,18,499,15,0,0,3136,170,0,5,0,992,304,0,10,0,478,19,0,14,0,272,0,0,4,0,28,58,16,36,0,0,97,7,17,0,0,0,0,0,0
4,33,0,22,3,1,0,1.000191,0.960063,1.029732,21,2,584,100,100,0,0,0,0,18,52,58,2,80,15,484,27,0,0,3032,179,0,9,0,992,359,0,18,0,496,20,0,10,0,263,3,0,5,0,50,164,20,19,0,0,227,5,0,0,0,0,0,0,0
4,33,1,24,3,1,0,1.017183,0.98081,1.009081,21,3,709,100,100,0,0,0,18,0,50,46,2,80,15,709,33,0,0,3032,158,0,11,0,992,508,0,22,0,496,79,0,10,0,263,8,0,5,0,50,0,20,23,0,0,167,5,1,0,0,1,1,0,0
4,33,2,19,3,1,0,1.039746,0.992169,1.002594,19,2,584,100,100,0,0,0,52,50,0,6,2,80,15,425,21,0,0,3032,182,0,7,0,992,279,0,14,0,496,0,0,12,0,263,0,0,3,0,50,185,12,19,0,0,132,6,0,0,0,0,0,0,0
4,33,3,19,3,1,0,0.99238,1.005857,1.001707,16,3,709,100,100,0,0,0,58,46,6,0,2,80,15,514,15,0,0,3032,195,0,5,0,992,309,0,10,0,496,4,0,18,0,263,0,0,3,0,50,54,12,25,0,0,105,9,1,0,0,1,1,0,0
4,34,0,25,5,3,0,0.998006,0.962719,1.025001,21,3,709,100,100,0,0,0,0,18,54,60,2,80,15,511,30,0,0,3080,179,0,10,0,989,369,0,20,0,533,11,0,10,0,217,15,0,5,0,42,148,20,39,0,0,214,5,18,0,0,1,1,0,0
4,34,1,24,5,3,0,1.01659,0.978668,1.012316,21,3,709,100,100,0,0,0,18,0,50,48,2,80,15,709,30,0,0,3080,164,0,10,0,989,518,0,20,0,533,71,0,12,0,217,19,0,6,0,42,3,24,24,0,0,172,6,1,0,0,1,1,0,0
4,34,2,18,5,3,0,1.040681,0.993842,0.997552,18,2,584,100,100,0,0,0,54,50,0,6,2,80,15,441,21,0,0,3080,204,0,7,0,989,286,0,14,0,533,0,0,2,0,217,3,0,7,0,42,207,28,9,0,0,133,1,0,0,0,0,0,0,0
4,34,3,19,5,3,0,0.990473,1.011921,0.994918,17,3,709,100,100,0,0,0,60,48,6,0,2,80,15,518,15,0,0,3080,171,0,5,0,989,314,0,10,0,533,1,0,6,0,217,0,0,6,0,42,82,24,13,0,0,107,3,1,0,0,1,1,0,0
4,35,0,26,4,1,0,0.996724,0.965923,1.024526,22,3,709,100,100,0,0,0,0,20,56,62,3,80,6,535,30,0,0,3064,184,0,10,0,989,379,0,20,0,479,21,0,14,0,269,8,0,7,0,33,154,28,28,0,0,219,7,2,0,0,2,2,0,0
4,35,1,25,4,1,0,1.014327,0.978545,1.016461,21,3,709,100,100,0,0,0,20,0,52,50,3,80,6,709,30,0,0,3064,170,0,10,0,989,528,0,20,0,479,77,0,12,0,269,16,0,6,0,33,6,24,24,0,0,177,6,1,0,0,1,1,0,0
4,35,2,18,4,1,0,1.040681,0.993842,0.997552,18,2,584,100,100,0,0,0,56,52,0,8,2,80,6,459,21,0,0,3064,179,0,7,0,989,293,0,14,0,479,0,0,12,0,269,0,0,3,0,33,217,12,19,0,0,139,6,0,0,0,0,0,0,0
4,35,3,20,4,1,0,0.994867,1.010235,0.991819,18,3,709,100,100,0,0,0,62,50,8,0,2,80,6,533,18,0,0,3064,194,0,6,0,989,320,0,12,0,479,0,0,12,0,269,0,0,0,0,33,71,0,20,0,0,112,6,1,0,0,1,1,0,0
4,36,0,27,6,9,0,0.999331,0.96596,1.028229,24,3,709,100,100,0,0,0,0,20,58,64,3,80,19,554,30,0,0,3064,188,0,10,0,989,389,0,20,0,516,5,0,16,0,245,18,0,8,0,33,167,32,28,0,0,226,8,1,0,0,1,1,0,0
4,36,1,23,6,9,0,1.011474,0.984218,1.014945,18,3,709,100,100,0,0,0,20,0,54,52,3,80,19,709,30,0,0,3064,183,0,10,0,989,538,0,20,0,516,63,0,16,0,245,12,0,8,0,33,14,32,30,0,0,183,8,2,0,0,2,2,0,0
4,36,2,18,6,9,0,1.04101,0.992615,0.998861,17,2,584,100,100,0,0,0,58,54,0,8,2,80,19,474,21,0,0,3064,202,0,7,0,989,300,0,14,0,516,1,0,0,0,245,0,0,5,0,33,233,20,7,0,0,139,0,0,0,0,0,0,0,0
4,36,3,18,6,9,0,1.009784,1.006597,0.990309,15,3,709,100,100,0,0,0,64,52,8,0,2,80,19,542,18,0,0,3064,168,0,6,0,989,326,0,12,0,516,0,0,0,0,245,0,0,0,0,33,80,0,8,0,0,111,0,1,0,0,1,1,0,0
4,37,0,28,2,0,0,0.999871,0.964893,1.028285,25,3,709,100,100,0,0,0,0,20,60,64,3,80,23,577,30,0,0,3040,191,0,10,0,986,399,0,20,0,533,0,0,16,0,263,9,0,9,0,21,187,36,28,0,0,233,8,1,0,0,1,1,0,0
4,37,1,23,2,0,0,1.011474,0.984218,1.014945,20,4,834,100,100,0,0,0,20,0,54,54,3,80,23,709,30,0,0,3040,206,0,10,0,986,548,0,20,0,533,43,0,20,0,263,8,0,10,0,21,12,40,51,0,0,174,10,19,0,0,2,2,0,0
4,37,2,18,2,0,0,1.04101,0.992615,0.998861,17,2,584,100,100,0,0,0,60,54,0,8,2,80,23,487,21,0,0,3040,177,0,7,0,986,307,0,14,0,533,1,0,0,0,263,0,0,3,0,21,253,12,9,0,0,138,0,1,0,0,1,1,0,0
4,37,3,19,2,0,0,1.007664,1.005029,0.994456,16,3,709,100,100,0,0,0,64,54,8,0,2,80,23,558,21,0,0,3040,207,0,7,0,986,333,0,14,0,533,0,0,0,0,263,0,0,0,0,21,80,0,9,0,0,110,0,1,0,0,1,1,0,0
4,38,0,28,4,3,0,0.998074,0.963131,1.029547,25,3,709,100,100,0,0,0,0,20,62,66,3,80,14,598,33,0,0,3112,192,0,11,0,983,410,0,22,0,538,0,0,0,0,236,25,0,8,0,5,215,32,13,0,0,232,0,1,0,0,1,1,0,0
4,38,1,24,4,3,0,1.012676,0.982053,1.011778,22,4,834,100,100,0,0,0,20,0,54,56,3,80,14,737,30,0,0,3112,173,0,10,0,983,558,0,20,0,538,26,0,20,0,236,4,0,10,0,5,46,40,32,0,0,183,10,1,0,0,1,1,0,0
4,38,2,20,4,3,0,1.035314,0.992721,1.000887,18,3,709,100,100,0,0,0,62,54,0,8,2,80,14,505,21,0,0,3112,200,0,7,0,983,314,0,14,0,538,0,0,4,0,236,0,0,6,0,5,252,24,28,0,0,123,2,17,0,0,0,0,0,0
4,38,3,17,4,3,0,1.001699,0.998476,0.997398,16,3,709,100,100,0,0,0,66,56,8,0,2,80,14,564,15,0,0,3112,183,0,5,0,983,338,0,10,0,538,0,0,0,0,236,0,0,0,0,5,95,0,7,0,0,109,0,1,0,0,1,1,0,0
4,39,0,28,4,3,0,0.998074,0.963131,1.029547,26,4,834,100,100,0,0,0,0,20,64,68,3,80,13,619,33,0,0,3040,193,0,11,0,983,421,0,22,0,518,1,0,10,0,259,20,0,9,0,10,222,36,40,0,0,219,5,18,0,0,1,1,0,0
4,39,1,23,4,3,0,1.00744,0.979632,1.010052,21,4,834,100,100,0,0,0,20,0,56,58,3,80,13,757,27,0,0,3040,188,0,9,0,983,567,0,18,0,518,12,0,20,0,259,0,0,7,0,10,55,28,31,0,0,192,10,1,0,0,1,1,0,0
4,39,2,21,4,3,0,1.034174,0.99083,1.003714,18,3,709,100,100,0,0,0,64,56,0,8,2,80,13,530,27,0,0,3040,171,0,9,0,983,323,0,18,0,518,0,0,6,0,259,0,0,6,0,10,285,24,17,0,0,125,3,1,0,0,1,1,0,0
4,39,3,18,4,3,0,0.999422,1.001644,1.000833,16,3,709,100,100,0,0,0,68,58,8,0,2,80,13,576,15,0,0,3040,217,0,5,0,983,343,0,10,0,518,1,0,2,0,259,0,0,0,0,10,97,0,7,0,0,110,1,0,0,0,0,0,0,0
4,40,0,29,3,2,0,0.998866,0.965734,1.0278,27,4,834,100,100,0,0,0,0,20,66,68,3,80,20,641,33,0,0,3064,194,0,11,0,986,432,0,22,0,499,3,0,18,0,268,13,0,9,0,26,239,36,31,0,0,227,9,1,0,0,1,1,0,0
4,40,1,24,3,2,0,1.005586,0.984683,1.01251,22,4,834,100,100,0,0,0,20,0,56,60,3,80,20,776,27,0,0,3064,204,0,9,0,986,576,0,18,0,499,4,0,20,0,268,0,0,0,0,26,34,0,31,0,0,201,10,1,0,0,1,1,0,0
4,40,2,21,3,2,0,1.031586,0.995601,1.004543,18,3,709,100,100,0,0,0,66,56,0,8,2,80,20,547,24,0,0,3064,190,0,8,0,986,331,0,16,0,499,1,0,8,0,268,0,0,2,0,26,278,8,18,0,0,128,4,1,0,0,1,1,0,0
4,40,3,17,3,2,0,0.999805,0.996459,1.002675,15,3,709,100,100,0,0,0,68,60,8,0,2,80,20,581,12,0,0,3064,195,0,4,0,986,347,0,8,0,499,1,0,4,0,268,0,0,0,0,26,104,0,10,0,0,111,2,1,0,0,1,1,0,0
7,1,0,50,3,4,0,0.999823,0.987533,1.000533,0,0,334,100,100,0,0,0,0,0,2,2,0,80,7,55,39,0,0,2816,200,0,13,0,935,63,0,26,0,405,20,0,48,0,272,1,0,24,0,0,101,96,79,0,0,15,24,9,0,0,9,9,0,0
7,1,1,49,3,4,0,1.001226,0.98988,1.001279,0,0,334,100,100,0,0,0,0,0,2,2,0,80,7,55,39,0,0,2816,192,0,13,0,935,62,0,26,0,405,24,0,46,0,272,2,0,23,0,0,99,92,77,0,0,14,23,9,0,0,9,9,0,0
7,1,2,51,3,4,0,1.001107,0.984406,1.002568,0,0,334,100,100,0,0,0,2,2,0,0,0,80,7,56,39,0,0,2816,192,0,13,0,935,62,0,26,0,405,22,0,46,0,272,2,0,23,0,0,99,92,77,0,0,14,23,9,0,0,9,9,0,0
7,1,3,49,3,4,0,1.001455,0.989184,1.004308,0,0,334,100,100,0,0,0,2,2,0,0,0,80,7,54,39,0,0,2816,200,0,13,0,935,62,0,26,0,405,25,0,44,0,272,3,0,22,0,0,94,88,75,0,0,13,22,9,0,0,9,9,0,0
7,2,0,46,2,6,0,0.996983,0.984208,1.001463,9,0,334,100,100,0,0,0,0,2,4,4,0,80,0,60,36,0,0,2832,234,0,12,0,923,75,0,24,0,458,0,0,34,0,272,0,0,1,0,0,57,4,64,0,0,23,17,9,0,0,9,9,0,0
7,2,1,49,2,6,0,1.001226,0.98988,1.001279,9,0,334,100,100,0,0,0,2,0,4,4,0,80,0,64,39,0,0,2832,218,0,13,0,923,75,0,26,0,458,1,0,46,0,272,0,0,2,0,0,47,8,77,0,0,28,23,9,0,0,9,9,0,0
7,2,2,52,2,6,0,1.00449,0.987031,1.001921,9,0,334,100,100,0,0,0,4,4,0,0,0,80,0,70,45,0,0,2832,206,0,15,0,923,77,0,30,0,458,0,0,44,0,272,0,0,2,0,0,47,8,77,0,0,27,22,9,0,0,9,9,0,0
7,2,3,48,2,6,0,1.002008,0.989133,1.0024,9,0,334,100,100,0,0,0,4,4,0,0,0,80,0,64,39,0,0,2832,234,0,13,0,923,75,0,26,0,458,2,0,44,0,272,0,0,3,0,0,48,12,75,0,0,26,22,9,0,0,9,9,0,0
7,3,0,43,3,12,0,0.998347,0.986741,1.000095,18,0,334,100,100,0,0,0,0,2,6,6,0,80,2,64,36,0,0,3112,176,0,12,0,929,87,0,24,0,500,1,0,2,0,171,0,0,21,0,0,126,84,32,0,0,15,1,9,0,0,9,9,0,0
7,3,1,45,3,12,0,1.00188,0.990608,1.002469,14,0,334,100,100,0,0,0,2,0,6,4,0,80,2,66,36,0,0,3112,157,0,12,0,929,87,0,24,0,500,1,0,12,0,171,0,0,18,0,0,94,72,42,0,0,25,6,9,0,0,9,9,0,0
7,3,2,50,3,12,0,1.008939,0.990431,1.003646,17,0,334,100,100,0,0,0,6,6,0,2,0,80,2,77,42,0,0,3112,220,0,14,0,929,91,0,28,0,500,0,0,12,0,171,6,0,21,0,0,102,84,44,0,0,24,6,9,0,0,9,9,0,0
7,3,3,48,3,12,0,1.002928,0.987784,1.000669,18,0,334,100,100,0,0,0,6,4,2,0,0,80,2,72,36,0,0,3112,174,0,12,0,929,87,0,24,0,500,0,0,16,0,171,2,0,22,0,0,107,88,46,0,0,25,8,9,0,0,9,9,0,0
7,4,0,40,1,25,0,1.004153,0.982619,0.999337,24,0,334,100,100,0,0,0,0,2,8,8,0,80,5,63,27,0,0,2920,220,0,9,0,932,96,0,18,0,436,0,0,16,0,272,0,0,0,0,0,102,0,41,0,0,15,8,8,0,0,8,8,0,0
7,4,1,40,1,25,0,1.004131,0.990533,1.000161,21,0,334,100,100,0,0,0,2,0,8,6,0,80,5,67,30,0,0,2920,190,0,10,0,932,97,0,20,0,436,1,0,24,0,272,0,0,0,0,0,58,0,52,0,0,28,12,9,0,0,9,9,0,0
7,4,2,44,1,25,0,1.00823,0.989206,1.002387,23,0,334,100,100,0,0,0,8,8,0,4,0,80,5,81,36,0,0,2920,158,0,12,0,932,103,0,24,0,436,0,0,24,0,272,0,0,6,0,0,89,24,54,0,0,27,12,9,0,0,9,9,0,0
7,4,3,38,1,25,0,0.996596,0.980302,0.99537,22,0,334,100,100,0,0,0,8,6,4,0,0,80,5,64,24,0,0,2920,198,0,8,0,932,95,0,16,0,436,0,0,22,0,272,0,0,2,0,0,86,8,46,0,0,28,11,8,0,0,8,8,0,0
7,5,0,42,6,1,0,1.000284,0.981265,0.999844,32,0,334,100,100,0,0,0,0,2,10,10,0,80,8,67,27,0,0,2944,171,0,9,0,971,105,0,18,0,455,0,0,18,0,272,0,0,0,0,0,84,0,35,0,0,20,9,4,0,0,4,4,0,0
7,5,1,40,6,1,0,1.006567,0.988642,1.001277,29,0,334,100,100,0,0,0,2,0,10,8,0,80,8,71,27,0,0,2944,229,0,9,0,971,106,0,18,0,455,0,0,18,0,272,0,0,0,0,0,38,0,37,0,0,32,9,5,0,0,5,5,0,0
7,5,2,45,6,1,0,1.010658,0.987093,1.001388,32,0,334,100,100,0,0,0,10,10,0,4,0,80,8,89,36,0,0,2944,190,0,12,0,971,115,0,24,0,455,1,0,28,0,272,0,0,0,0,0,54,0,52,0,0,35,14,6,0,0,6,6,0,0
7,5,3,40,6,1,0,0.994413,0.978147,0.994314,30,0,334,100,100,0,0,0,10,8,4,0,0,80,8,71,24,0,0,2944,232,0,8,0,971,103,0,16,0,455,1,0,24,0,272,0,0,0,0,0,63,0,40,0,0,36,12,4,0,0,4,4,0,0
7,6,0,40,4,18,3,1.000585,0.984412,1.005629,33,0,334,100,100,0,0,0,0,2,6,6,0,80,1,72,30,0,0,3008,215,0,10,0,968,115,0,20,0,479,0,0,12,0,244,0,0,3,0,0,83,12,26,0,0,24,6,2,0,0,2,2,0,0
7,6,1,33,4,18,3,1.00759,0.984358,1.004083,28,0,334,100,100,0,0,0,2,0,4,6,0,80,1,75,27,0,0,3008,180,0,9,0,968,115,0,18,0,479,0,0,12,0,244,0,0,5,0,0,45,20,27,0,0,35,6,3,0,0,3,3,0,0
7,6,2,41,4,18,3,1.010988,0.985689,0.99999,34,0,334,100,100,0,0,0,6,4,0,2,0,80,1,99,39,0,0,3008,220,0,13,0,968,128,0,26,0,479,1,0,16,0,244,0,0,5,0,0,51,20,35,0,0,40,8,3,0,0,3,3,0,0
7,6,3,39,4,18,3,0.998026,0.980387,0.993236,33,0,334,100,100,0,0,0,6,6,2,0,0,80,1,77,24,0,0,3008,184,0,8,0,968,111,0,16,0,479,0,0,20,0,244,0,0,7,0,0,74,28,34,0,0,43,10,3,0,0,3,3,0,0
7,7,0,36,2,8,1,1.000472,0.983342,1.004462,32,0,334,100,100,0,0,0,0,4,8,2,0,80,11,62,21,0,0,3032,168,0,7,0,968,122,0,14,0,448,0,0,22,0,272,0,0,0,0,0,66,0,33,0,0,33,11,2,0,0,2,2,0,0
7,7,1,32,2,8,1,1.005836,0.985375,1.002596,30,0,334,100,100,0,0,0,4,0,6,6,0,80,11,85,27,0,0,3032,226,0,9,0,968,124,0,18,0,448,1,0,16,0,272,0,0,0,0,0,35,0,27,0,0,42,8,1,0,0,1,1,0,0
7,7,2,40,2,8,1,1.008923,0.98321,1.003705,35,0,334,100,100,0,0,0,8,6,0,2,0,80,11,117,36,0,0,3032,167,0,12,0,968,140,0,24,0,448,0,0,24,0,272,0,0,0,0,0,28,0,40,0,0,50,12,2,0,0,2,2,0,0
7,7,3,39,2,8,1,0.996006,0.980983,0.994091,35,0,334,100,100,0,0,0,2,6,2,0,0,80,11,79,24,0,0,3032,209,0,8,0,968,119,0,16,0,448,0,0,28,0,272,0,0,0,0,0,51,0,40,0,0,55,14,2,0,0,2,2,0,0
7,8,0,36,6,1,0,0.99918,0.985801,1.006707,33,0,334,100,100,0,0,0,0,4,10,4,0,80,3,63,21,0,0,2992,221,0,7,0,980,129,0,14,0,477,1,0,16,0,272,0,0,0,0,36,45,0,25,0,0,40,8,1,0,0,1,1,0,0
7,8,1,34,6,1,0,1.007422,0.983909,1.001959,31,0,334,100,100,0,0,0,4,0,8,8,0,80,3,99,27,0,0,2992,185,0,9,0,980,133,0,18,0,477,0,0,12,0,272,0,0,0,0,36,22,0,23,0,0,47,6,1,0,0,1,1,0,0
7,8,2,41,6,1,0,1.007055,0.982471,1.004123,37,0,334,100,100,0,0,0,10,8,0,2,0,80,3,134,36,0,0,2992,219,0,12,0,980,152,0,24,0,477,0,0,20,0,272,0,0,0,0,36,0,0,34,0,0,59,10,1,0,0,1,1,0,0
7,8,3,41,6,1,0,0.99427,0.97818,0.994586,37,0,334,100,100,0,0,0,4,8,2,0,0,80,3,85,24,0,0,2992,162,0,8,0,980,127,0,16,0,477,1,0,18,0,272,0,0,0,0,36,35,0,28,0,0,63,9,1,0,0,1,1,0,0
7,9,0,37,4,0,0,1.000501,0.987736,1.007556,34,0,334,100,100,0,0,0,0,4,12,6,0,80,17,62,21,0,0,3042,178,0,7,0,980,136,0,14,0,527,1,0,2,0,251,0,0,6,0,0,75,24,11,0,0,40,1,1,0,0,1,1,0,0
7,9,1,35,4,0,0,1.008638,0.982878,1.00026,32,0,334,100,100,0,0,0,4,0,10,10,0,80,17,105,27,0,0,3042,223,0,9,0,980,142,0,18,0,527,1,0,2,0,251,0,0,4,0,0,42,16,13,0,0,47,1,1,0,0,1,1,0,0
7,9,2,42,4,0,0,1.006306,0.981508,1.003394,38,0,334,100,100,0,0,0,12,10,0,2,0,80,17,148,36,0,0,3042,166,0,12,0,980,164,0,24,0,527,0,0,6,0,251,0,0,5,0,0,15,20,22,0,0,60,3,2,0,0,2,2,0,0
7,9,3,42,4,0,0,0.995963,0.977144,0.99521,38,0,334,100,100,0,0,0,6,10,2,0,0,80,17,81,24,0,0,3042,190,0,8,0,980,135,0,16,0,527,1,0,6,0,251,0,0,6,0,0,58,24,18,0,0,64,3,2,0,0,2,2,0,0
7,10,0,36,5,8,0,1.000682,0.992295,1.007839,33,0,334,100,100,0,0,0,0,4,14,8,0,80,2,69,24,0,0,2904,237,0,8,0,974,144,0,16,0,445,0,0,22,0,272,0,0,0,0,0,56,0,32,0,0,50,11,1,0,0,1,1,0,0
7,10,1,33,5,8,0,1.014678,0.980851,0.999698,31,0,334,100,100,0,0,0,4,0,12,12,0,80,2,116,27,0,0,2904,179,0,9,0,974,151,0,18,0,445,0,0,22,0,272,0,0,0,0,0,25,0,33,0,0,57,11,1,0,0,1,1,0,0
7,10,2,42,5,8,0,1.006306,0.981508,1.003394,40,0,334,100,100,0,0,0,14,12,0,2,0,80,2,142,18,0,0,2904,222,0,6,0,974,191,0,12,0,445,1,0,26,0,272,0,0,0,0,0,0,0,32,0,0,73,13,0,0,0,0,0,0,0
7,10,3,42,5,8,0,0.99147,0.976629,0.998915,37,0,334,100,100,0,0,0,8,12,2,0,0,80,2,84,24,0,0,2904,228,0,8,0,974,143,0,16,0,445,1,0,30,0,272,0,0,0,0,0,30,0,40,0,0,78,15,1,0,0,1,1,0,0
7,11,0,34,4,19,0,0.998971,0.989406,1.007839,32,0,334,100,100,0,0,0,0,4,14,10,0,80,23,66,24,0,0,3128,193,0,8,0,971,152,0,16,0,468,1,0,12,0,272,0,0,0,0,68,34,0,22,0,0,55,6,1,0,0,1,1,0,0
7,11,1,31,4,19,0,1.013822,0.97637,1.001025,28,0,334,100,100,0,0,0,4,0,14,14,0,80,23,125,24,0,0,3128,210,0,8,0,971,159,0,16,0,468,0,0,8,0,272,0,0,0,0,68,7,0,18,0,0,60,4,1,0,0,1,1,0,0
7,11,2,38,4,19,0,1.008195,0.979775,1.009191,36,0,334,100,100,0,0,0,14,14,0,2,0,80,23,115,0,0,0,3128,180,0,0,0,971,230,0,0,0,468,11,0,0,0,272,0,0,0,0,68,0,0,0,0,0,73,0,0,0,0,0,0,0,0
7,11,3,35,4,19,0,0.993706,0.968807,0.997257,31,0,334,100,100,0,0,0,10,14,2,0,0,80,23,77,24,0,0,3128,178,0,8,0,971,151,0,16,0,468,0,0,14,0,272,0,0,0,0,68,4,0,26,0,0,83,7,2,0,0,2,2,0,0
7,12,0,34,3,9,0,1.002961,0.988401,1.009916,32,0,334,100,100,0,0,0,0,4,16,12,0,80,16,71,24,0,0,2896,255,0,8,0,977,160,0,16,0,493,0,0,16,0,267,0,0,0,0,1,22,0,26,0,0,62,8,1,0,0,1,1,0,0
7,12,1,30,3,9,0,1.012673,0.97853,1.001765,28,0,334,100,100,0,0,0,4,0,16,16,0,80,16,127,21,0,0,2896,172,0,7,0,977,166,0,14,0,493,1,0,14,0,267,0,0,0,0,1,6,0,23,0,0,66,7,1,0,0,1,1,0,0
7,12,2,36,3,9,0,1.00941,0.976754,1.005418,34,0,334,100,100,0,0,0,16,16,0,2,0,80,16,97,3,0,0,2896,237,0,1,0,977,261,0,2,0,493,8,0,12,0,267,0,0,0,0,1,0,0,13,0,0,79,6,0,0,0,0,0,0,0
7,12,3,32,3,9,0,0.991455,0.967266,0.997242,29,0,334,100,100,0,0,0,12,16,2,0,0,80,16,84,24,0,0,2896,207,0,8,0,977,159,0,16,0,493,0,0,12,0,267,0,0,0,0,1,0,0,22,0,0,88,6,1,0,0,1,1,0,0
7,13,0,35,5,5,0,1.000341,0.984217,1.012014,32,0,334,100,100,0,0,0,0,4,18,14,0,80,5,76,21,0,0,3120,214,0,7,0,986,167,0,14,0,503,1,0,10,0,261,0,0,6,0,0,46,24,19,0,0,66,5,1,0,0,1,1,0,0
7,13,1,29,5,5,0,1.012142,0.974747,1.003098,27,0,334,100,100,0,0,0,4,0,18,18,0,80,5,128,15,0,0,3120,217,0,5,0,986,174,0,10,0,503,1,0,12,0,261,0,0,0,0,0,0,0,17,0,0,72,6,0,0,0,0,0,0,0
7,13,2,36,5,5,0,1.013122,0.967519,1.005812,32,0,334,100,100,0,0,0,18,18,0,4,0,80,5,108,30,0,0,3120,191,0,10,0,986,271,0,20,0,503,1,0,16,0,261,0,0,2,0,0,1,8,26,0,0,87,8,0,0,0,0,0,0,0
7,13,3,32,5,5,0,0.991455,0.967266,0.997242,30,0,334,100,100,0,0,0,14,18,4,0,0,80,5,98,24,0,0,3120,167,0,8,0,986,167,0,16,0,503,1,0,8,0,261,0,0,0,0,0,0,0,18,0,0,91,4,1,0,0,1,1,0,0
7,14,0,36,5,1,0,1.001527,0.986096,1.015105,33,0,334,100,100,0,0,0,0,6,20,16,1,80,1,85,24,0,0,3032,171,0,8,0,992,175,0,16,0,505,0,0,10,0,248,0,0,9,0,0,79,36,20,0,0,70,5,1,0,0,1,1,0,0
7,14,1,31,5,1,0,1.010847,0.977157,1.002018,27,0,334,100,100,0,0,0,6,0,20,18,1,80,1,134,18,0,0,3032,182,0,6,0,992,180,0,12,0,505,0,0,16,0,248,0,0,3,0,0,5,12,24,0,0,79,8,1,0,0,1,1,0,0
7,14,2,36,5,1,0,1.014716,0.969185,1.008483,32,0,334,100,100,0,0,0,20,20,0,4,2,80,1,115,27,0,0,3032,242,0,9,0,992,280,0,18,0,505,1,0,12,0,248,0,0,3,0,0,5,12,25,0,0,91,6,2,0,0,2,2,0,0
7,14,3,33,5,1,0,0.993884,0.968031,0.996536,31,0,334,100,100,0,0,0,16,18,4,0,0,80,1,108,24,0,0,3032,199,0,8,0,992,175,0,16,0,505,0,0,4,0,248,0,0,9,0,0,39,36,14,0,0,92,2,1,0,0,1,1,0,0
7,15,0,37,8,3,0,0.999129,0.98137,1.018549,32,0,334,100,100,0,0,0,0,6,22,18,1,80,2,89,21,0,0,2920,248,0,7,0,995,182,0,14,0,518,0,0,6,0,233,0,0,9,0,0,114,36,15,0,0,72,3,1,0,0,1,1,0,0
7,15,1,33,8,3,0,1.01393,0.974043,1.002241,28,0,334,100,100,0,0,0,6,0,22,20,2,80,2,140,18,0,0,2920,233,0,6,0,995,186,0,12,0,518,0,0,12,0,233,0,0,3,0,0,10,12,22,0,0,83,6,2,0,0,2,2,0,0
7,15,2,37,8,3,0,1.01395,0.96928,1.011244,34,1,459,100,100,0,0,0,22,22,0,6,2,80,2,127,27,0,0,2920,197,0,9,0,995,289,0,18,0,518,0,0,6,0,233,0,0,9,0,0,26,36,34,0,0,76,3,18,0,0,1,1,0,0
7,15,3,34,8,3,0,0.98994,0.965567,0.997152,31,0,334,100,100,0,0,0,18,20,6,0,1,80,2,115,21,0,0,2920,231,0,7,0,995,182,0,14,0,518,1,0,2,0,233,0,0,15,0,0,108,60,11,0,0,92,1,1,0,0,1,1,0,0
7,16,0,36,3,3,0,1.001099,0.979311,1.022736,31,0,334,100,100,0,0,0,0,6,24,20,2,80,3,90,21,0,0,3096,204,0,7,0,1001,189,0,14,0,475,0,0,18,0,266,0,0,0,0,0,101,0,29,0,0,79,9,2,0,0,2,2,0,0
7,16,1,33,3,3,0,1.01393,0.974043,1.002241,30,0,334,100,100,0,0,0,6,0,24,22,2,80,3,142,18,0,0,3096,194,0,6,0,1001,192,0,12,0,475,0,0,18,0,266,0,0,3,0,0,11,12,28,0,0,90,9,2,0,0,2,2,0,0
7,16,2,38,3,3,0,1.012379,0.968531,1.013724,35,1,459,100,100,0,0,0,24,24,0,6,2,80,3,135,27,0,0,3096,255,0,9,0,1001,298,0,18,0,475,1,0,14,0,266,0,0,0,0,0,18,0,25,0,0,82,7,1,0,0,1,1,0,0
7,16,3,34,3,3,0,0.988055,0.967077,0.996954,31,0,334,100,100,0,0,0,20,22,6,0,2,80,3,116,18,0,0,3096,191,0,6,0,1001,188,0,12,0,475,0,0,16,0,266,0,0,3,0,0,113,12,24,0,0,99,8,1,0,0,1,1,0,0
7,17,0,37,4,5,0,1.00179,0.979178,1.024137,33,0,334,100,100,0,0,0,0,6,26,22,2,80,14,92,24,0,0,3032,160,0,8,0,1001,197,0,16,0,508,0,0,12,0,242,0,0,5,0,0,113,20,24,0,0,83,6,2,0,0,2,2,0,0
7,17,1,34,4,5,0,1.015514,0.973622,1.002615,31,0,334,100,100,0,0,0,6,0,26,24,2,80,14,147,18,0,0,3032,235,0,6,0,1001,198,0,12,0,508,1,0,2,0,242,0,0,16,0,0,82,64,10,0,0,90,1,1,0,0,1,1,0,0
7,17,2,35,4,5,0,1.009405,0.966741,1.014045,33,1,459,100,100,0,0,0,26,26,0,6,2,80,14,130,21,0,0,3032,210,0,7,0,1001,305,0,14,0,508,0,0,10,0,242,0,0,4,0,0,32,16,19,0,0,86,5,1,0,0,1,1,0,0
7,17,3,34,4,5,0,0.98972,0.96191,1.003469,31,0,334,100,100,0,0,0,22,24,6,0,2,80,14,109,15,0,0,3032,232,0,5,0,1001,193,0,10,0,508,0,0,12,0,242,0,0,5,0,0,131,20,19,0,0,104,6,1,0,0,1,1,0,0
7,18,0,36,3,9,0,1.002707,0.978582,1.021222,32,0,334,100,100,0,0,0,0,8,28,24,2,80,4,89,18,0,0,3094,223,0,6,0,1007,203,0,12,0,508,1,0,12,0,243,0,0,2,0,0,116,8,20,0,0,88,6,1,0,0,1,1,0,0
7,18,1,32,3,9,0,1.014644,0.975424,1.001369,31,0,334,100,100,0,0,0,8,0,28,26,2,80,4,151,18,0,0,3094,195,0,6,0,1007,204,0,12,0,508,0,0,10,0,243,0,0,12,0,0,127,48,18,0,0,94,5,1,0,0,1,1,0,0
7,18,2,31,3,9,0,1.014086,0.965556,1.005044,31,1,459,100,100,0,0,0,28,28,0,8,2,80,4,129,21,0,0,3094,168,0,7,0,1007,312,0,14,0,508,1,0,8,0,243,0,0,3,0,0,42,12,15,0,0,90,4,0,0,0,0,0,0,0
7,18,3,35,3,9,0,0.993685,0.960555,1.004797,32,0,334,100,100,0,0,0,24,26,8,0,2,80,4,112,18,0,0,3094,192,0,6,0,1007,199,0,12,0,508,1,0,4,0,243,0,0,12,0,0,184,48,12,0,0,105,2,1,0,0,1,1,0,0
7,19,0,37,4,3,0,1.000859,0.97769,1.021156,33,0,334,100,100,0,0,0,0,10,30,26,2,80,1,88,18,0,0,2968,181,0,6,0,1010,209,0,12,0,504,1,0,18,0,242,0,0,3,0,0,117,12,28,0,0,95,9,2,0,0,2,2,0,0
7,19,1,32,4,3,0,1.013502,0.974939,1.003597,31,0,334,100,100,0,0,0,10,0,30,28,2,80,1,155,18,0,0,2968,237,0,6,0,1010,210,0,12,0,504,1,0,8,0,242,0,0,6,0,0,154,24,14,0,0,98,4,0,0,0,0,0,0,0
7,19,2,30,4,3,0,1.014052,0.96437,1.006039,30,1,459,100,100,0,0,0,30,30,0,8,2,80,1,139,21,0,0,2968,202,0,7,0,1010,319,0,14,0,504,1,0,6,0,242,0,0,6,0,0,70,24,13,0,0,93,3,0,0,0,0,0,0,0
7,19,3,36,4,3,0,0.995262,0.955882,1.008521,32,0,334,100,100,0,0,0,26,28,8,0,2,80,1,116,21,0,0,2968,222,0,7,0,1010,206,0,14,0,504,1,0,4,0,242,0,0,12,0,0,236,48,13,0,0,106,2,1,0,0,1,1,0,0
7,20,0,35,2,2,0,0.996836,0.975315,1.019826,33,0,334,100,100,0,0,0,0,10,32,28,2,80,17,86,18,0,0,3088,242,0,6,0,1007,215,0,12,0,512,0,0,16,0,236,0,0,3,0,14,110,12,24,0,0,102,8,1,0,0,1,1,0,0
7,20,1,32,2,2,0,1.013502,0.974939,1.003597,31,0,334,100,100,0,0,0,10,0,32,30,2,80,17,154,18,0,0,3088,199,0,6,0,1007,216,0,12,0,512,1,0,8,0,236,0,0,12,0,14,200,48,16,0,0,101,4,1,0,0,1,1,0,0
7,20,2,30,2,2,0,1.014052,0.96437,1.006039,30,1,459,100,100,0,0,0,32,32,0,8,2,80,17,145,21,0,0,3088,165,0,7,0,1007,326,0,14,0,512,1,0,0,0,236,0,0,12,0,14,127,48,7,0,0,93,0,0,0,0,0,0,0,0
7,20,3,38,2,2,0,0.993896,0.955947,1.009486,33,0,334,100,100,0,0,0,28,30,8,0,2,80,17,115,21,0,0,3088,179,0,7,0,1007,213,0,14,0,512,0,0,10,0,236,0,0,9,0,14,270,36,21,0,0,109,5,2,0,0,2,2,0,0
7,21,0,35,3,3,0,0.998517,0.973436,1.022674,33,0,334,100,100,0,0,0,0,12,34,30,2,80,2,83,15,0,0,3056,202,0,5,0,1010,220,0,10,0,496,0,0,12,0,253,0,0,6,0,0,132,24,19,0,0,107,6,1,0,0,1,1,0,0
7,21,1,33,3,3,0,1.01537,0.975828,1.001607,32,0,334,100,100,0,0,0,12,0,34,32,2,80,2,160,18,0,0,3056,161,0,6,0,1010,222,0,12,0,496,1,0,12,0,253,0,0,5,0,0,219,20,18,0,0,107,6,0,0,0,0,0,0,0
7,21,2,29,3,3,0,1.017287,0.964004,1.008502,29,1,459,100,100,0,0,0,34,34,0,8,2,80,2,152,21,0,0,3056,200,0,7,0,1010,333,0,14,0,496,1,0,12,0,253,0,0,0,0,0,125,0,19,0,0,99,6,0,0,0,0,0,0,0
7,21,3,38,3,3,0,0.992711,0.950104,1.007072,34,1,459,100,100,0,0,0,30,32,8,0,2,80,2,114,21,0,0,3056,206,0,7,0,1010,220,0,14,0,496,0,0,12,0,253,0,0,8,0,0,277,32,40,0,0,96,6,19,0,0,2,2,0,0
7,22,0,36,4,7,0,1.000017,0.973531,1.022366,33,0,334,100,100,0,0,0,0,14,36,32,2,80,6,84,18,0,0,3120,161,0,6,0,1010,226,0,12,0,496,1,0,14,0,245,0,0,6,0,0,150,24,22,0,0,113,7,1,0,0,1,1,0,0
7,22,1,32,4,7,0,1.014417,0.971982,1.002371,30,0,334,100,100,0,0,0,14,0,36,34,2,80,6,158,15,0,0,3120,203,0,5,0,1010,227,0,10,0,496,0,0,16,0,245,0,0,9,0,0,247,36,23,0,0,114,8,1,0,0,1,1,0,0
7,22,2,29,4,7,0,1.017287,0.964004,1.008502,29,1,459,100,100,0,0,0,36,36,0,10,2,80,6,159,21,0,0,3120,164,0,7,0,1010,340,0,14,0,496,1,0,6,0,245,0,0,6,0,0,153,24,13,0,0,102,3,0,0,0,0,0,0,0
7,22,3,35,4,7,0,0.993251,0.948762,1.009738,32,1,459,100,100,0,0,0,32,34,10,0,2,80,6,110,21,0,0,3120,161,0,7,0,1010,227,0,14,0,496,0,0,12,0,245,0,0,3,0,0,283,12,21,0,0,101,6,1,0,0,1,1,0,0
7,23,0,35,2,1,0,0.999887,0.970675,1.022433,33,0,334,100,100,0,0,0,0,14,38,34,2,80,14,85,21,0,0,2952,214,0,7,0,1004,233,0,14,0,487,0,0,16,0,272,0,0,0,0,0,142,0,25,0,0,120,8,1,0,0,1,1,0,0
7,23,1,32,2,1,0,1.014417,0.971982,1.002371,31,0,334,100,100,0,0,0,14,0,38,36,2,80,14,157,18,0,0,2952,165,0,6,0,1004,233,0,12,0,487,1,0,14,0,272,0,0,0,0,0,242,0,22,0,0,120,7,1,0,0,1,1,0,0
7,23,2,30,2,1,0,1.014372,0.966634,1.007498,29,1,459,100,100,0,0,0,38,38,0,12,2,80,14,167,21,0,0,2952,200,0,7,0,1004,347,0,14,0,487,1,0,6,0,272,0,0,0,0,0,157,0,13,0,0,105,3,0,0,0,0,0,0,0
7,23,3,36,2,1,0,0.99523,0.949127,1.012204,33,1,459,100,100,0,0,0,34,36,12,0,2,80,14,120,24,0,0,2952,190,0,8,0,1004,235,0,16,0,487,1,0,20,0,272,0,0,0,0,0,270,0,30,0,0,110,10,1,0,0,1,1,0,0
7,24,0,33,0,9,0,1.000248,0.975517,1.02073,32,0,334,100,100,0,0,0,0,14,40,36,2,80,19,82,21,0,0,3048,172,0,7,0,1004,240,0,14,0,493,1,0,14,0,248,0,0,3,0,65,134,12,23,0,0,126,7,1,0,0,1,1,0,0
7,24,1,30,0,9,0,1.014821,0.969615,1.000477,30,0,334,100,100,0,0,0,14,0,40,38,2,80,19,150,15,0,0,3048,208,0,5,0,1004,238,0,10,0,493,0,0,16,0,248,0,0,0,0,65,221,0,21,0,0,128,8,0,0,0,0,0,0,0
7,24,2,27,0,9,0,1.022136,0.968984,1.004705,26,1,459,100,100,0,0,0,40,40,0,12,2,80,19,169,21,0,0,3048,163,0,7,0,1004,354,0,14,0,493,1,0,6,0,248,0,0,0,0,65,142,0,15,0,0,107,3,1,0,0,1,1,0,0
7,24,3,34,0,9,0,0.99634,0.950313,1.011064,32,1,459,100,100,0,0,0,36,38,12,0,2,80,19,122,24,0,0,3048,210,0,8,0,1004,243,0,16,0,493,0,0,16,0,248,0,0,3,0,65,256,12,26,0,0,117,8,1,0,0,1,1,0,0
7,25,0,34,5,6,0,1.002572,0.973197,1.020271,33,0,334,100,100,0,0,0,0,14,42,38,2,80,1,87,21,0,0,3040,228,0,7,0,1007,247,0,14,0,488,0,0,18,0,272,0,0,0,0,0,126,0,25,0,0,135,9,0,0,0,0,0,0,0
7,25,1,31,5,6,0,1.013836,0.965087,0.999617,29,0,334,100,100,0,0,0,14,0,42,40,2,80,1,155,15,0,0,3040,173,0,5,0,1007,243,0,10,0,488,0,0,20,0,272,0,0,0,0,0,212,0,25,0,0,138,10,0,0,0,0,0,0,0
7,25,2,28,5,6,0,1.020249,0.972125,1.007126,26,1,459,100,100,0,0,0,42,42,0,14,2,80,1,178,18,0,0,3040,194,0,6,0,1007,360,0,12,0,488,0,0,6,0,272,0,0,0,0,0,147,0,12,0,0,110,3,0,0,0,0,0,0,0
7,25,3,30,5,6,0,0.998275,0.950315,1.009268,29,1,459,100,100,0,0,0,38,40,14,0,2,80,1,129,24,0,0,3040,168,0,8,0,1007,251,0,16,0,488,0,0,14,0,272,0,0,0,0,0,245,0,24,0,0,123,7,1,0,0,1,1,0,0
7,26,0,34,3,1,0,1.00274,0.976071,1.019555,32,0,334,100,100,0,0,0,0,14,44,40,2,80,3,96,24,0,0,3008,186,0,8,0,1001,255,0,16,0,490,1,0,14,0,257,0,0,3,0,0,130,12,24,0,0,141,7,1,0,0,1,1,0,0
7,26,1,32,3,1,0,1.016716,0.965928,1.001922,29,0,334,100,100,0,0,0,14,0,42,42,2,80,3,161,18,0,0,3008,208,0,6,0,1001,249,0,12,0,490,0,0,18,0,257,0,0,6,0,0,227,24,26,0,0,146,9,1,0,0,1,1,0,0
7,26,2,29,3,1,0,1.020565,0.974214,1.005778,26,1,459,100,100,0,0,0,44,42,0,14,2,80,3,187,21,0,0,3008,223,0,7,0,1001,367,0,14,0,490,0,0,6,0,257,0,0,3,0,0,161,12,15,0,0,112,3,1,0,0,1,1,0,0
7,26,3,30,3,1,0,0.998275,0.950315,1.009268,30,1,459,100,100,0,0,0,40,42,14,0,2,80,3,142,24,0,0,3008,186,0,8,0,1001,259,0,16,0,490,1,0,14,0,257,0,0,3,0,0,252,12,22,0,0,130,7,0,0,0,0,0,0,0
7,27,0,33,1,3,0,1.006173,0.977818,1.021576,32,0,334,100,100,0,0,0,0,14,46,42,2,80,23,103,27,0,0,3048,239,0,9,0,1007,262,0,18,0,473,1,0,18,0,272,0,0,0,0,0,117,0,29,0,0,149,9,1,0,0,1,1,0,0
7,27,1,32,1,3,0,1.016716,0.965928,1.001922,30,0,334,100,100,0,0,0,14,0,44,44,2,80,23,160,18,0,0,3048,170,0,6,0,1007,253,0,12,0,473,0,0,24,0,272,0,0,0,0,0,212,0,32,0,0,157,12,1,0,0,1,1,0,0
7,27,2,30,1,3,0,1.020365,0.973037,1.007567,27,1,459,100,100,0,0,0,46,44,0,14,2,80,23,192,21,0,0,3048,187,0,7,0,1007,371,0,14,0,473,1,0,10,0,272,0,0,0,0,0,159,0,19,0,0,116,5,1,0,0,1,1,0,0
7,27,3,28,1,3,0,0.999476,0.948893,1.011478,28,1,459,100,100,0,0,0,42,44,14,0,2,80,23,149,24,0,0,3048,204,0,8,0,1007,265,0,16,0,473,1,0,18,0,272,0,0,0,0,0,240,0,26,0,0,139,9,0,0,0,0,0,0,0
7,28,0,31,1,2,0,1.003577,0.976684,1.020684,31,0,334,100,100,0,0,0,0,14,48,44,2,80,0,112,27,0,0,3064,197,0,9,0,995,271,0,18,0,493,0,0,16,0,259,0,0,1,0,0,111,4,25,0,0,157,8,0,0,0,0,0,0,0
7,28,1,33,1,2,0,1.017973,0.967979,1.001368,31,0,334,100,100,0,0,0,14,0,46,46,2,80,0,162,18,0,0,3064,204,0,6,0,995,259,0,12,0,493,0,0,18,0,259,0,0,5,0,0,223,20,26,0,0,165,9,1,0,0,1,1,0,0
7,28,2,30,1,2,0,1.020365,0.973037,1.007567,28,1,459,100,100,0,0,0,48,46,0,14,2,80,0,204,24,0,0,3064,213,0,8,0,995,379,0,16,0,493,1,0,6,0,259,0,0,2,0,0,168,8,16,0,0,118,3,1,0,0,1,1,0,0
7,28,3,28,1,2,0,0.999476,0.948893,1.011478,28,1,459,100,100,0,0,0,44,46,14,0,2,80,0,164,24,0,0,3064,168,0,8,0,995,273,0,16,0,493,1,0,12,0,259,0,0,5,0,0,257,20,20,0,0,145,6,0,0,0,0,0,0,0
7,29,0,31,6,3,0,1.002837,0.977209,1.018243,30,0,334,100,100,0,0,0,0,14,50,46,2,80,7,123,27,0,0,3064,229,0,9,0,992,280,0,18,0,472,0,0,18,0,272,0,0,0,0,0,101,0,27,0,0,166,9,0,0,0,0,0,0,0
7,29,1,33,6,3,0,1.014734,0.975987,1.000675,30,0,334,100,100,0,0,0,14,0,46,48,2,80,7,165,21,0,0,3064,164,0,7,0,992,266,0,14,0,472,1,0,20,0,272,0,0,0,0,0,210,0,29,0,0,174,10,1,0,0,1,1,0,0
7,29,2,30,6,3,0,1.020365,0.973037,1.007567,29,1,459,100,100,0,0,0,50,46,0,14,2,80,7,216,24,0,0,3064,175,0,8,0,992,387,0,16,0,472,1,0,12,0,272,0,0,0,0,0,163,0,22,0,0,123,6,1,0,0,1,1,0,0
7,29,3,31,6,3,0,0.997164,0.948799,1.015176,28,1,459,100,100,0,0,0,46,48,14,0,2,80,7,179,24,0,0,3064,188,0,8,0,992,281,0,16,0,472,1,0,18,0,272,0,0,0,0,0,248,0,26,0,0,154,9,0,0,0,0,0,0,0
7,30,0,31,0,1,0,1.002837,0.977209,1.018243,30,1,459,100,100,0,0,0,0,14,52,48,2,80,7,139,30,0,0,3008,188,0,10,0,980,290,0,20,0,494,1,0,12,0,272,0,0,0,0,0,80,0,41,0,0,154,6,18,0,0,1,1,0,0
7,30,1,32,0,1,0,1.013258,0.978217,1.000931,30,0,334,100,100,0,0,0,14,0,48,50,2,80,7,172,24,0,0,3008,195,0,8,0,980,274,0,16,0,494,0,0,16,0,272,0,0,0,0,0,198,0,26,0,0,181,8,1,0,0,1,1,0,0
7,30,2,30,0,1,0,1.020365,0.973037,1.007567,30,2,584,100,100,0,0,0,52,48,0,16,2,80,7,224,24,0,0,3008,201,0,8,0,980,395,0,16,0,494,1,0,6,0,272,0,0,0,0,0,150,0,31,0,0,109,3,17,0,0,0,0,0,0
7,30,3,31,0,1,0,0.997164,0.948799,1.015176,28,1,459,100,100,0,0,0,48,50,16,0,2,80,7,194,30,0,0,3008,203,0,10,0,980,291,0,20,0,494,1,0,16,0,272,0,0,0,0,0,231,0,30,0,0,160,8,2,0,0,2,2,0,0
7,31,0,33,6,1,0,1.002175,0.978982,1.01888,31,1,459,100,100,0,0,0,0,14,54,50,2,80,4,159,30,0,0,3056,219,0,10,0,980,300,0,20,0,474,1,0,18,0,272,0,0,0,0,0,69,0,28,0,0,163,9,0,0,0,0,0,0,0
7,31,1,33,6,1,0,1.012869,0.980052,0.999735,31,0,334,100,100,0,0,0,14,0,50,52,2,80,4,185,24,0,0,3056,227,0,8,0,980,282,0,16,0,474,0,0,24,0,272,0,0,0,0,0,181,0,34,0,0,192,12,1,0,0,1,1,0,0
7,31,2,31,6,1,0,1.019349,0.970496,1.012907,29,2,584,100,100,0,0,0,54,50,0,16,2,80,4,233,24,0,0,3056,163,0,8,0,980,403,0,16,0,474,1,0,10,0,272,0,0,0,0,0,148,0,18,0,0,114,5,0,0,0,0,0,0,0
7,31,3,32,6,1,0,0.999183,0.946728,1.015584,30,1,459,100,100,0,0,0,50,52,16,0,2,80,4,212,30,0,0,3056,162,0,10,0,980,301,0,20,0,474,1,0,18,0,272,0,0,0,0,0,218,0,30,0,0,168,9,1,0,0,1,1,0,0
7,32,0,34,4,3,0,1.001043,0.978526,1.020768,31,1,459,100,100,0,0,0,0,14,54,50,2,80,26,169,33,0,0,3072,175,0,11,0,1088,278,0,22,0,474,0,0,18,0,272,0,0,0,0,68,38,0,31,0,0,171,9,1,0,0,1,1,0,0
7,32,1,33,4,3,0,1.012869,0.980052,0.999735,32,0,334,100,100,0,0,0,14,0,50,52,2,80,26,188,27,0,0,3072,185,0,9,0,1088,264,0,18,0,474,1,0,22,0,272,0,0,0,0,68,148,0,33,0,0,202,11,1,0,0,1,1,0,0
7,32,2,31,4,3,0,1.022302,0.97275,1.012208,28,2,584,100,100,0,0,0,54,50,0,16,2,80,26,235,21,0,0,3072,189,0,7,0,1088,389,0,14,0,474,1,0,12,0,272,0,0,0,0,68,127,0,21,0,0,119,6,1,0,0,1,1,0,0
7,32,3,32,4,3,0,0.995638,0.94518,1.015464,30,1,459,100,100,0,0,0,50,52,16,0,2,80,26,230,33,0,0,3072,175,0,11,0,1088,279,0,22,0,474,0,0,16,0,272,0,0,0,0,68,189,0,29,0,0,175,8,1,0,0,1,1,0,0
7,33,0,36,6,7,0,1.003887,0.982772,1.024141,32,1,459,100,100,0,0,0,0,14,56,52,2,80,3,188,36,0,0,2912,201,0,12,0,971,290,0,24,0,495,1,0,12,0,256,0,0,5,0,0,49,20,26,0,0,176,6,1,0,0,1,1,0,0
7,33,1,31,6,7,0,1.023914,0.979465,0.996305,29,0,334,100,100,0,0,0,14,0,52,54,2,80,3,199,27,0,0,2912,215,0,9,0,971,273,0,18,0,495,0,0,18,0,256,0,0,4,0,0,144,16,27,0,0,211,9,0,0,0,0,0,0,0
7,33,2,29,6,7,0,1.020702,0.984208,1.014017,26,2,584,100,100,0,0,0,56,52,0,18,2,80,3,242,21,0,0,2912,223,0,7,0,971,396,0,14,0,495,1,0,8,0,256,0,0,3,0,0,136,12,17,0,0,122,4,1,0,0,1,1,0,0
7,33,3,33,6,7,0,0.999681,0.943398,1.016418,31,1,459,100,100,0,0,0,52,54,18,0,2,80,3,251,33,0,0,2912,196,0,11,0,971,290,0,22,0,495,1,0,10,0,256,0,0,4,0,0,199,16,23,0,0,179,5,1,0,0,1,1,0,0
7,34,0,37,4,1,0,1.006265,0.984305,1.025466,33,1,459,100,100,0,0,0,0,14,58,54,2,80,8,209,42,0,0,3064,223,0,14,0,959,304,0,28,0,490,0,0,16,0,261,0,0,2,0,0,40,8,34,0,0,182,8,2,0,0,2,2,0,0
7,34,1,31,4,1,0,1.025417,0.982025,0.993224,28,0,334,100,100,0,0,0,14,0,52,56,2,80,8,214,30,0,0,3064,174,0,10,0,959,283,0,20,0,490,0,0,18,0,261,0,0,3,0,0,143,12,30,0,0,219,9,1,0,0,1,1,0,0
7,34,2,30,4,1,0,1.024173,0.987565,1.013566,27,2,584,100,100,0,0,0,58,52,0,18,2,80,8,249,24,0,0,3064,186,0,8,0,959,404,0,16,0,490,0,0,10,0,261,0,0,0,0,0,133,0,20,0,0,126,5,1,0,0,1,1,0,0
7,34,3,34,4,1,0,0.999315,0.94282,1.017432,32,1,459,100,100,0,0,0,54,56,18,0,2,80,8,276,33,0,0,3064,216,0,11,0,959,301,0,22,0,490,0,0,10,0,261,0,0,6,0,0,217,24,23,0,0,183,5,1,0,0,1,1,0,0
7,35,0,35,1,8,0,1.006812,0.984036,1.025883,33,1,459,100,100,0,0,0,0,16,58,56,2,80,12,229,42,0,0,3053,172,0,14,0,959,318,0,28,0,523,1,0,8,0,248,0,0,1,0,0,36,4,24,0,0,185,4,1,0,0,1,1,0,0
7,35,1,31,1,8,0,1.025677,0.981102,0.993297,28,1,459,100,100,0,0,0,16,0,54,58,2,80,12,224,27,0,0,3053,203,0,9,0,959,292,0,18,0,523,0,0,4,0,248,0,0,10,0,0,168,40,32,0,0,203,2,18,0,0,1,1,0,0
7,35,2,28,1,8,0,1.022291,0.986842,1.00992,26,2,584,100,100,0,0,0,58,54,0,18,2,80,12,254,21,0,0,3053,219,0,7,0,959,411,0,14,0,523,1,0,4,0,248,0,0,2,0,0,145,8,13,0,0,127,2,1,0,0,1,1,0,0
7,35,3,31,1,8,0,0.99622,0.942081,1.020036,30,1,459,100,100,0,0,0,56,58,18,0,2,80,12,287,27,0,0,3053,173,0,9,0,959,310,0,18,0,523,1,0,2,0,248,0,0,11,0,0,264,44,13,0,0,183,1,1,0,0,1,1,0,0
7,36,0,36,6,4,0,1.007832,0.983041,1.027114,34,1,459,100,100,0,0,0,0,18,60,58,2,80,1,254,42,0,0,3064,187,0,14,0,971,332,0,28,0,483,0,0,16,0,272,0,0,0,0,0,21,0,32,0,0,192,8,1,0,0,1,1,0,0
7,36,1,34,6,4,0,1.029881,0.98172,0.997719,29,1,459,100,100,0,0,0,18,0,56,60,2,80,1,237,27,0,0,3064,163,0,9,0,971,301,0,18,0,483,0,0,16,0,272,0,0,0,0,0,158,0,27,0,0,210,8,1,0,0,1,1,0,0
7,36,2,27,6,4,0,1.020489,0.985805,1.009756,25,2,584,100,100,0,0,0,60,56,0,20,3,80,1,265,21,0,0,3064,184,0,7,0,971,418,0,14,0,483,1,0,12,0,272,0,0,0,0,0,139,0,21,0,0,132,6,1,0,0,1,1,0,0
7,36,3,30,6,4,0,0.999256,0.93993,1.021921,29,1,459,100,100,0,0,0,58,60,20,0,3,80,1,302,27,0,0,3064,205,0,9,0,971,319,0,18,0,483,0,0,16,0,272,0,0,0,0,0,254,0,25,0,0,191,8,0,0,0,0,0,0,0
7,37,0,37,5,15,0,1.010628,0.988672,1.027149,34,1,459,100,100,0,0,0,0,20,62,60,3,80,3,285,42,0,0,2976,209,0,14,0,968,346,0,28,0,481,1,0,14,0,272,0,0,0,0,0,8,0,30,0,0,198,7,1,0,0,1,1,0,0
7,37,1,30,5,15,0,1.029722,0.978488,0.998178,26,1,459,100,100,0,0,0,20,0,58,62,3,80,3,255,30,0,0,2976,207,0,10,0,968,311,0,20,0,481,0,0,14,0,272,0,0,0,0,0,139,0,28,0,0,215,7,2,0,0,2,2,0,0
7,37,2,24,5,15,0,1.029069,0.982296,1.01728,22,2,584,100,100,0,0,0,62,58,0,22,3,80,3,271,18,0,0,2976,215,0,6,0,968,424,0,12,0,481,0,0,4,0,272,0,0,0,0,0,144,0,12,0,0,133,2,1,0,0,1,1,0,0
7,37,3,26,5,15,0,1.0097,0.936138,1.018672,24,1,459,100,100,0,0,0,60,62,22,0,3,80,3,309,24,0,0,2976,167,0,8,0,968,327,0,16,0,481,0,0,18,0,272,0,0,0,0,0,241,0,28,0,0,199,9,1,0,0,1,1,0,0
7,38,0,39,3,0,0,1.009688,0.987253,1.025875,35,1,459,100,100,0,0,0,0,20,62,62,3,80,26,306,42,0,0,3144,158,0,14,0,971,360,0,28,0,523,1,0,0,0,239,0,0,15,0,68,52,60,16,0,0,197,0,1,0,0,1,1,0,0
7,38,1,30,3,0,0,1.029722,0.978488,0.998178,28,1,459,100,100,0,0,0,20,0,58,64,3,80,26,265,30,0,0,3144,167,0,10,0,971,321,0,20,0,523,1,0,14,0,239,0,0,3,0,68,125,12,26,0,0,221,7,1,0,0,1,1,0,0
7,38,2,24,3,0,0,1.029069,0.982296,1.01728,23,2,584,100,100,0,0,0,62,58,0,22,3,80,26,277,21,0,0,3144,184,0,7,0,971,431,0,14,0,523,0,0,0,0,239,0,0,3,0,68,147,12,9,0,0,132,0,1,0,0,1,1,0,0
7,38,3,27,3,0,0,1.014793,0.934598,1.019191,25,1,459,100,100,0,0,0,62,64,22,0,3,80,26,322,24,0,0,3144,189,0,8,0,971,335,0,16,0,523,0,0,6,0,239,0,0,12,0,68,273,48,16,0,0,201,3,1,0,0,1,1,0,0
7,39,0,39,5,4,0,1.009151,0.987956,1.028646,35,1,459,100,100,0,0,0,0,20,64,64,3,80,11,331,45,0,0,2912,176,0,15,0,968,375,0,30,0,535,0,0,2,0,239,0,0,8,0,10,80,32,21,0,0,196,1,2,0,0,2,2,0,0
7,39,1,31,5,4,0,1.03277,0.976203,0.997163,28,1,459,100,100,0,0,0,20,0,58,66,3,80,11,283,30,0,0,2912,207,0,10,0,968,331,0,20,0,535,1,0,6,0,239,0,0,12,0,10,164,48,18,0,0,223,3,1,0,0,1,1,0,0
7,39,2,24,5,4,0,1.03705,0.980804,1.022017,23,2,584,100,100,0,0,0,64,58,0,22,3,80,11,289,21,0,0,2912,209,0,7,0,968,438,0,14,0,535,1,0,0,0,239,0,0,2,0,10,165,8,7,0,0,132,0,0,0,0,0,0,0,0
7,39,3,27,5,4,0,1.014461,0.932676,1.019562,25,1,459,100,100,0,0,0,64,66,22,0,3,80,11,332,24,0,0,2912,218,0,8,0,968,343,0,16,0,535,1,0,0,0,239,0,0,8,0,10,307,32,10,0,0,200,0,1,0,0,1,1,0,0
7,40,0,39,1,1,0,1.009151,0.987956,1.028646,37,1,459,100,100,0,0,0,0,20,66,66,3,80,5,356,45,0,0,3128,194,0,15,0,962,390,0,30,0,540,1,0,0,0,239,0,0,6,0,0,102,24,17,0,0,195,0,1,0,0,1,1,0,0
7,40,1,31,1,1,0,1.03277,0.976203,0.997163,29,1,459,100,100,0,0,0,20,0,60,68,3,80,5,304,33,0,0,3128,165,0,11,0,962,342,0,22,0,540,0,0,4,0,239,0,0,12,0,0,210,48,17,0,0,224,2,1,0,0,1,1,0,0
7,40,2,24,1,1,0,1.03705,0.980804,1.022017,23,2,584,100,100,0,0,0,66,60,0,22,3,80,5,302,21,0,0,3128,178,0,7,0,962,445,0,14,0,540,1,0,0,0,239,0,0,3,0,0,190,12,9,0,0,131,0,1,0,0,1,1,0,0
7,40,3,27,1,1,0,1.016324,0.934735,1.022962,25,1,459,100,100,0,0,0,66,68,22,0,3,80,5,345,27,0,0,3128,182,0,9,0,962,352,0,18,0,540,1,0,0,0,239,1,0,11,0,0,355,44,11,0,0,199,0,1,0,0,1,1,0,0
3,1,0,50,5,7,0,0.995721,0.996191,1.007549,0,0,334,100,100,0,0,0,0,2,2,2,0,80,0,57,39,0,0,2816,200,0,13,0,932,63,0,26,0,500,1,0,44,0,206,17,0,23,0,0,100,92,75,0,0,13,22,9,0,0,9,9,0,0
3,1,1,48,5,7,0,0.996397,0.995151,1.00912,0,0,334,100,100,0,0,0,2,0,2,2,0,80,0,53,36,0,0,2816,201,0,12,0,932,62,0,24,0,500,0,0,44,0,206,20,0,23,0,0,100,92,74,0,0,13,22,9,0,0,9,9,0,0
3,1,2,50,5,7,0,0.997723,0.997695,1.007253,0,0,334,100,100,0,0,0,2,2,0,0,0,80,0,57,39,0,0,2816,192,0,13,0,932,63,0,26,0,500,1,0,44,0,206,17,0,23,0,0,101,92,75,0,0,13,22,9,0,0,9,9,0,0
3,1,3,50,5,7,0,1.001518,1.001522,1.008373,0,0,334,100,100,0,0,0,2,2,0,0,0,80,0,61,39,0,0,2816,200,0,13,0,932,63,0,26,0,500,0,0,40,0,206,20,0,23,0,0,104,92,71,0,0,11,20,9,0,0,9,9,0,0
3,2,0,50,7,2,0,0.995355,0.995661,1.010201,8,0,334,100,100,0,0,0,0,2,4,2,0,80,8,57,36,0,0,2808,242,0,12,0,980,66,0,24,0,439,0,0,28,0,232,6,0,23,0,0,150,92,58,0,0,18,14,9,0,0,9,9,0,0
3,2,1,49,7,2,0,0.997981,0.994876,1.009809,9,0,334,100,100,0,0,0,2,0,4,4,0,80,8,58,36,0,0,2808,237,0,12,0,980,66,0,24,0,439,1,0,28,0,232,7,0,23,0,0,151,92,58,0,0,18,14,9,0,0,9,9,0,0
3,2,2,52,7,2,0,0.998153,0.995701,1.006665,9,0,334,100,100,0,0,0,4,4,0,0,0,80,8,59,39,0,0,2808,217,0,13,0,980,62,0,26,0,439,0,0,26,0,232,5,0,24,0,0,157,96,57,0,0,17,13,9,0,0,9,9,0,0
3,2,3,52,7,2,0,1.004084,1.001223,1.007718,9,0,334,100,100,0,0,0,2,4,0,0,0,80,8,66,39,0,0,2808,241,0,13,0,980,65,0,26,0,439,0,0,24,0,232,1,0,25,0,0,166,100,55,0,0,14,12,9,0,0,9,9,0,0
3,3,0,48,3,21,0,0.991169,0.993035,1.00947,16,0,334,100,100,0,0,0,0,2,6,4,0,80,2,66,39,0,0,3112,179,0,13,0,932,79,0,26,0,435,1,0,28,0,272,0,0,6,0,0,131,24,59,0,0,23,14,9,0,0,9,9,0,0
3,3,1,46,3,21,0,0.999567,0.999735,1.011337,18,0,334,100,100,0,0,0,2,0,6,6,0,80,2,59,30,0,0,3112,178,0,10,0,932,76,0,20,0,435,0,0,28,0,272,0,0,7,0,0,140,28,56,0,0,23,14,9,0,0,9,9,0,0
3,3,2,49,3,21,0,0.997811,0.999496,1.005598,18,0,334,100,100,0,0,0,6,6,0,0,0,80,2,63,39,0,0,3112,240,0,13,0,932,75,0,26,0,435,0,0,20,0,272,0,0,5,0,0,142,20,51,0,0,18,10,9,0,0,9,9,0,0
3,3,3,42,3,21,0,1.004547,0.998757,1.008777,18,0,334,100,100,0,0,0,4,6,0,0,0,80,2,68,36,0,0,3112,177,0,12,0,932,77,0,24,0,435,1,0,20,0,272,0,0,1,0,0,131,4,50,0,0,15,10,9,0,0,9,9,0,0
3,4,0,41,2,23,0,0.993747,0.988595,1.004984,24,0,334,100,100,0,0,0,0,2,8,6,0,80,4,69,36,0,0,2944,199,0,12,0,949,88,0,24,0,493,1,0,8,0,231,0,0,7,0,0,138,28,38,0,0,18,4,9,0,0,9,9,0,0
3,4,1,43,2,23,0,0.99911,0.998922,1.010604,25,0,334,100,100,0,0,0,2,0,8,8,0,80,4,60,33,0,0,2944,217,0,11,0,949,87,0,22,0,493,1,0,6,0,231,0,0,6,0,0,146,24,35,0,0,17,3,9,0,0,9,9,0,0
3,4,2,43,2,23,0,0.997715,0.997555,1.005693,24,0,334,100,100,0,0,0,8,8,0,0,0,80,4,71,39,0,0,2944,178,0,13,0,949,85,0,26,0,493,1,0,4,0,231,0,0,0,0,0,124,0,35,0,0,11,2,9,0,0,9,9,0,0
3,4,3,37,2,23,0,1.00303,0.998123,1.006007,23,0,334,100,100,0,0,0,6,8,0,0,0,80,4,80,36,0,0,2944,195,0,12,0,949,87,0,24,0,493,0,0,6,0,231,0,0,3,0,0,128,12,32,0,0,11,3,7,0,0,7,7,0,0
3,5,0,35,3,19,1,0.989508,0.992859,1.004537,28,0,334,100,100,0,0,0,0,0,4,4,0,80,6,85,36,0,0,2960,226,0,12,0,941,100,0,24,0,504,1,0,0,0,246,0,0,3,0,0,147,12,20,0,0,14,0,4,0,0,4,4,0,0
3,5,1,39,3,19,1,0.997997,1.005666,1.009036,29,0,334,100,100,0,0,0,0,0,10,10,0,80,6,70,33,0,0,2960,163,0,11,0,941,98,0,22,0,504,1,0,0,0,246,0,0,11,0,0,185,44,21,0,0,12,0,5,0,0,5,5,0,0
3,5,2,40,3,19,1,0.9989,1.002619,1.00735,32,0,334,100,100,0,0,0,4,10,0,0,0,80,6,78,36,0,0,2960,211,0,12,0,941,97,0,24,0,504,1,0,0,0,246,0,0,7,0,0,148,28,20,0,0,7,0,4,0,0,4,4,0,0
3,5,3,34,3,19,1,1.006284,0.993082,1.007138,27,0,334,100,100,0,0,0,4,10,0,0,0,80,6,97,39,0,0,2960,217,0,13,0,941,100,0,26,0,504,0,0,0,0,246,0,0,5,0,0,146,20,19,0,0,8,0,3,0,0,3,3,0,0
3,6,0,36,2,11,0,0.992793,0.993539,1.007435,32,0,334,100,100,0,0,0,0,0,4,4,0,80,28,101,36,0,0,3112,179,0,12,0,944,112,0,24,0,533,0,0,4,0,262,0,0,1,0,1,148,4,20,0,0,14,2,2,0,0,2,2,0,0
3,6,1,40,2,11,0,0.99658,1.004899,1.008256,34,0,334,100,100,0,0,0,0,0,12,12,0,80,28,81,33,0,0,3112,201,0,11,0,944,109,0,22,0,533,0,0,2,0,262,0,0,6,0,1,206,24,19,0,0,10,1,3,0,0,3,3,0,0
3,6,2,39,2,11,0,0.999382,1.003532,1.007705,35,0,334,100,100,0,0,0,4,12,0,0,0,80,28,81,33,0,0,3112,160,0,11,0,944,108,0,22,0,533,1,0,4,0,262,0,0,2,0,1,154,8,19,0,0,7,2,2,0,0,2,2,0,0
3,6,3,24,2,11,0,1.015836,1.00201,1.014896,21,0,334,100,100,0,0,0,4,12,0,0,0,80,28,107,36,0,0,3112,171,0,12,0,944,112,0,24,0,533,1,0,2,0,262,0,0,1,0,1,136,4,18,0,0,7,1,2,0,0,2,2,0,0
3,7,0,36,5,2,0,0.991066,0.992111,1.005042,33,0,334,100,100,0,0,0,0,0,6,6,0,80,9,112,33,0,0,2904,212,0,11,0,970,114,0,22,0,512,1,0,2,0,266,0,0,3,0,2,162,12,15,0,0,14,1,1,0,0,1,1,0,0
3,7,1,40,5,2,0,0.995109,1.003834,1.010228,36,0,334,100,100,0,0,0,0,0,14,14,0,80,9,95,36,0,0,2904,229,0,12,0,970,119,0,24,0,512,0,0,14,0,266,0,0,0,0,2,193,0,30,0,0,15,7,2,0,0,2,2,0,0
3,7,2,41,5,2,0,0.998766,1.005596,1.007602,37,0,334,100,100,0,0,0,6,14,0,0,0,80,9,93,33,0,0,2904,206,0,11,0,970,110,0,22,0,512,0,0,10,0,266,0,0,3,0,2,160,12,23,0,0,11,5,1,0,0,1,1,0,0
3,7,3,25,5,2,0,1.016462,1.002068,1.01293,23,0,334,100,100,0,0,0,6,14,0,0,0,80,9,139,36,0,0,2904,167,0,12,0,970,121,0,24,0,512,1,0,6,0,266,0,0,0,0,2,131,0,20,0,0,9,3,1,0,0,1,1,0,0
3,8,0,38,5,3,0,0.98979,0.99074,1.005535,34,0,334,100,100,0,0,0,0,0,8,8,0,80,3,133,36,0,0,3072,164,0,12,0,941,126,0,24,0,525,0,0,4,0,263,0,0,1,0,0,170,4,18,0,0,15,2,1,0,0,1,1,0,0
3,8,1,41,5,3,0,0.992868,1.004362,1.010725,37,0,334,100,100,0,0,0,0,0,16,16,0,80,3,111,36,0,0,3072,177,0,12,0,941,131,0,24,0,525,0,0,6,0,263,0,0,1,0,0,202,4,20,0,0,17,3,1,0,0,1,1,0,0
3,8,2,39,5,3,0,0.998436,1.004202,1.00859,37,0,334,100,100,0,0,0,8,16,0,0,0,80,3,103,33,0,0,3072,242,0,11,0,941,121,0,22,0,525,1,0,4,0,263,0,0,4,0,0,174,16,17,0,0,12,2,1,0,0,1,1,0,0
3,8,3,26,5,3,0,1.015076,1.003683,1.014976,24,0,334,100,100,0,0,0,8,16,0,0,0,80,3,170,39,0,0,3072,161,0,13,0,941,134,0,26,0,525,1,0,2,0,263,0,0,3,0,0,132,12,17,0,0,9,1,1,0,0,1,1,0,0
3,9,0,38,1,1,0,0.98979,0.99074,1.005535,35,0,334,100,100,0,0,0,0,2,10,10,0,80,19,148,39,0,0,3000,193,0,13,0,953,134,0,26,0,505,1,0,8,0,272,0,0,0,0,0,162,0,25,0,0,17,4,2,0,0,2,2,0,0
3,9,1,40,1,1,0,0.993509,1.002364,1.010806,37,0,334,100,100,0,0,0,2,0,18,18,0,80,19,120,36,0,0,3000,212,0,12,0,953,138,0,24,0,505,0,0,12,0,272,0,0,0,0,0,193,0,28,0,0,21,6,2,0,0,2,2,0,0
3,9,2,40,1,1,0,0.999538,1.005756,1.012825,38,0,334,100,100,0,0,0,10,18,0,2,0,80,19,115,33,0,0,3000,192,0,11,0,953,132,0,22,0,505,1,0,12,0,272,0,0,0,0,0,166,0,25,0,0,17,6,1,0,0,1,1,0,0
3,9,3,26,1,1,0,1.015076,1.003683,1.014976,25,0,334,100,100,0,0,0,10,18,2,0,0,80,19,201,42,0,0,3000,153,0,14,0,953,140,0,28,0,505,1,0,6,0,272,0,0,0,0,0,125,0,22,0,0,11,3,1,0,0,1,1,0,0
3,10,0,37,3,3,0,0.990794,0.995483,1.00586,35,0,334,100,100,0,0,0,0,2,12,12,0,80,2,165,39,0,0,2992,214,0,13,0,938,147,0,26,0,512,1,0,6,0,265,0,0,2,0,0,164,8,21,0,0,19,3,1,0,0,1,1,0,0
3,10,1,42,3,3,0,0.99458,1.000715,1.011566,39,0,334,100,100,0,0,0,2,0,20,20,2,80,2,133,36,0,0,2992,160,0,12,0,938,150,0,24,0,512,1,0,4,0,265,0,0,2,0,0,214,8,18,0,0,22,2,1,0,0,1,1,0,0
3,10,2,39,3,3,0,1.000749,1.004773,1.013894,38,0,334,100,100,0,0,0,12,20,0,2,1,80,2,123,30,0,0,2992,238,0,10,0,938,142,0,20,0,512,0,0,16,0,265,0,0,0,0,0,151,0,28,0,0,24,8,1,0,0,1,1,0,0
3,10,3,26,3,3,0,1.015076,1.003683,1.014976,26,0,334,100,100,0,0,0,12,20,2,0,1,80,2,236,42,0,0,2992,145,0,14,0,938,154,0,28,0,512,1,0,6,0,265,0,0,3,0,0,125,12,20,0,0,14,3,0,0,0,0,0,0,0
3,11,0,37,4,8,0,0.987939,0.991174,1.003725,34,0,334,100,100,0,0,0,0,2,14,14,0,80,7,188,42,0,0,3072,163,0,14,0,935,161,0,28,0,524,1,0,0,0,258,0,0,2,0,0,175,8,16,0,0,18,0,1,0,0,1,1,0,0
3,11,1,40,4,8,0,0.99444,0.999986,1.012884,38,0,334,100,100,0,0,0,2,0,22,22,2,80,7,145,39,0,0,3072,201,0,13,0,935,163,0,26,0,524,1,0,0,0,258,0,0,4,0,0,232,16,15,0,0,21,0,1,0,0,1,1,0,0
3,11,2,39,4,8,0,1.001004,1.003893,1.014747,38,0,334,100,100,0,0,0,14,22,0,2,1,80,7,131,30,0,0,3072,189,0,10,0,935,152,0,20,0,524,0,0,6,0,258,0,0,4,0,0,172,16,16,0,0,27,3,0,0,0,0,0,0,0
3,11,3,24,4,8,0,1.019534,1.002123,1.014139,23,0,334,100,100,0,0,0,14,22,2,0,1,80,7,259,36,0,0,3072,139,0,12,0,935,166,0,24,0,524,1,0,0,0,258,0,0,4,0,0,140,16,12,0,0,14,0,0,0,0,0,0,0,0
3,12,0,37,7,1,0,0.987346,0.99058,1.003677,34,0,334,100,100,0,0,0,0,2,16,16,0,80,18,209,42,0,0,2904,184,0,14,0,935,175,0,28,0,544,1,0,0,0,234,0,0,8,0,68,191,32,16,0,0,17,0,1,0,0,1,1,0,0
3,12,1,42,7,1,0,0.995854,0.999962,1.014779,39,0,334,100,100,0,0,0,2,0,24,24,2,80,18,161,39,0,0,2904,244,0,13,0,935,176,0,26,0,544,1,0,0,0,234,0,0,9,0,68,253,36,15,0,0,20,0,1,0,0,1,1,0,0
3,12,2,40,7,1,0,0.999621,1.005466,1.015367,38,0,334,100,100,0,0,0,16,24,0,4,1,80,18,138,33,0,0,2904,235,0,11,0,935,163,0,22,0,544,0,0,0,0,234,0,0,12,0,68,207,48,13,0,0,26,0,1,0,0,1,1,0,0
3,12,3,27,7,1,0,1.025463,0.999977,1.012621,23,0,334,100,100,0,0,0,16,24,4,0,1,80,18,285,36,0,0,2904,135,0,12,0,935,178,0,24,0,544,1,0,0,0,234,0,0,9,0,68,162,36,14,0,0,13,0,1,0,0,1,1,0,0
3,13,0,36,2,2,0,0.984515,0.988456,1.003744,34,0,334,100,100,0,0,0,0,4,18,16,0,80,16,226,39,0,0,3088,214,0,13,0,926,188,0,26,0,540,0,0,2,0,236,0,0,6,0,2,215,24,17,0,0,17,1,1,0,0,1,1,0,0
3,13,1,41,2,2,0,0.994685,0.999553,1.014518,39,1,459,100,100,0,0,0,4,0,26,26,2,80,16,171,39,0,0,3088,189,0,13,0,926,189,0,26,0,540,1,0,0,0,236,0,0,9,0,2,274,36,32,0,0,2,0,18,0,0,1,1,0,0
3,13,2,41,2,2,0,1.001469,1.006914,1.017437,39,0,334,100,100,0,0,0,18,26,0,4,1,80,16,146,36,0,0,3088,183,0,12,0,926,175,0,24,0,540,1,0,2,0,236,0,0,9,0,2,244,36,16,0,0,26,1,1,0,0,1,1,0,0
3,13,3,28,2,2,0,1.023768,0.999972,1.01225,24,0,334,100,100,0,0,0,16,26,4,0,1,80,16,320,42,0,0,3088,126,0,14,0,926,192,0,28,0,540,1,0,0,0,236,3,0,9,0,2,195,36,18,0,0,11,0,2,0,0,2,2,0,0
3,14,0,37,1,0,0,0.982391,0.986518,1.004456,35,0,334,100,100,0,0,0,0,4,18,18,0,80,22,235,39,0,0,2976,165,0,13,0,926,201,0,26,0,523,0,0,2,0,272,0,0,0,0,2,215,0,17,0,0,17,1,1,0,0,1,1,0,0
3,14,1,41,1,0,0,0.994685,0.999553,1.014518,40,1,459,100,100,0,0,0,4,0,28,28,2,80,22,184,39,0,0,2976,231,0,13,0,926,202,0,26,0,523,1,0,4,0,272,0,0,0,0,2,272,0,19,0,0,3,2,1,0,0,1,1,0,0
3,14,2,41,1,0,0,1.001469,1.006914,1.017437,40,0,334,100,100,0,0,0,18,28,0,4,1,80,22,158,39,0,0,2976,225,0,13,0,926,188,0,26,0,523,0,0,6,0,272,0,0,0,0,2,240,0,21,0,0,28,3,1,0,0,1,1,0,0
3,14,3,28,1,0,0,1.023768,0.999972,1.01225,26,0,334,100,100,0,0,0,18,28,4,0,1,80,22,334,45,0,0,2976,115,0,15,0,926,207,0,30,0,523,1,0,10,0,272,0,0,3,0,2,195,12,27,0,0,15,5,1,0,0,1,1,0,0
3,15,0,37,4,3,0,0.984553,0.986915,1.004982,35,0,334,100,100,0,0,0,0,4,18,18,0,80,18,255,42,0,0,3088,186,0,14,0,923,215,0,28,0,526,0,0,2,0,271,0,0,0,0,2,214,0,18,0,0,17,1,1,0,0,1,1,0,0
3,15,1,42,4,3,0,0.994857,0.998596,1.017592,41,1,459,100,100,0,0,0,4,0,28,30,2,80,18,196,39,0,0,3088,177,0,13,0,923,215,0,26,0,526,1,0,2,0,271,0,0,1,0,2,278,4,15,0,0,4,1,0,0,0,0,0,0,0
3,15,2,41,4,3,0,1.002323,1.005473,1.016563,40,0,334,100,100,0,0,0,18,28,0,6,1,80,18,170,39,0,0,3088,171,0,13,0,923,201,0,26,0,526,0,0,4,0,271,0,0,0,0,2,240,0,17,0,0,30,2,0,0,0,0,0,0,0
3,15,3,28,4,3,0,1.025381,0.998848,1.01318,26,1,459,100,100,0,0,0,18,30,6,0,1,80,18,334,45,0,0,3088,104,0,15,0,923,222,0,30,0,526,1,0,6,0,271,0,0,0,0,2,170,0,40,0,0,0,3,18,0,0,1,1,0,0
3,16,0,36,2,3,0,0.983914,0.989306,1.00748,35,0,334,100,100,0,0,0,0,4,20,20,2,80,13,274,39,0,0,2896,208,0,13,0,917,228,0,26,0,520,0,0,6,0,260,0,0,3,0,0,224,12,19,0,0,20,3,0,0,0,0,0,0,0
3,16,1,43,2,3,0,0.994684,0.997826,1.018136,41,1,459,100,100,0,0,0,4,0,30,32,2,80,13,213,42,0,0,2896,217,0,14,0,917,229,0,28,0,520,0,0,10,0,260,0,0,0,0,0,269,0,26,0,0,8,5,1,0,0,1,1,0,0
3,16,2,41,2,3,0,1.002323,1.005473,1.016563,40,0,334,100,100,0,0,0,20,30,0,6,2,80,13,188,42,0,0,2896,212,0,14,0,917,215,0,28,0,520,0,0,0,0,260,0,0,9,0,0,277,36,16,0,0,29,0,1,0,0,1,1,0,0
3,16,3,27,2,3,0,1.02434,0.998364,1.010231,26,1,459,100,100,0,0,0,20,32,6,0,2,80,13,365,45,0,0,2896,85,0,15,0,917,237,0,30,0,520,0,0,10,0,260,0,0,0,0,0,160,0,27,0,0,4,5,1,0,0,1,1,0,0
3,17,0,37,3,3,0,0.985993,0.990637,1.008638,35,1,459,100,100,0,0,0,0,4,22,22,2,80,15,298,42,0,0,3176,158,0,14,0,917,242,0,28,0,538,1,0,0,0,245,0,0,8,0,68,223,32,33,0,0,2,0,18,0,0,1,1,0,0
3,17,1,44,3,3,0,0.995226,0.996753,1.020406,42,1,459,100,100,0,0,0,4,0,32,34,2,80,15,227,42,0,0,3176,160,0,14,0,917,243,0,28,0,538,0,0,0,0,245,0,0,9,0,68,289,36,16,0,0,7,0,1,0,0,1,1,0,0
3,17,2,40,3,3,0,1.00139,1.011547,1.018342,39,0,334,100,100,0,0,0,22,32,0,6,2,80,15,201,42,0,0,3176,157,0,14,0,917,229,0,28,0,538,0,0,2,0,245,0,0,1,0,68,265,4,16,0,0,30,1,0,0,0,0,0,0,0
3,17,3,26,3,3,0,1.022604,0.999106,1.010692,26,1,459,100,100,0,0,0,22,34,6,0,2,80,15,398,45,0,0,3176,67,0,15,0,917,252,0,30,0,538,0,0,0,0,245,0,0,6,0,68,169,24,15,0,0,4,0,0,0,0,0,0,0,0
3,18,0,37,3,3,0,0.985993,0.990637,1.008638,36,1,459,100,100,0,0,0,0,4,24,24,2,80,6,320,42,0,0,2912,179,0,14,0,917,256,0,28,0,512,1,0,12,0,272,0,0,0,0,0,212,0,28,0,0,7,6,1,0,0,1,1,0,0
3,18,1,44,3,3,0,0.997308,0.997612,1.024354,42,1,459,100,100,0,0,0,4,0,34,36,2,80,6,241,42,0,0,2912,198,0,14,0,917,257,0,28,0,512,1,0,8,0,272,0,0,0,0,0,280,0,24,0,0,10,4,1,0,0,1,1,0,0
3,18,2,39,3,3,0,1.001341,1.009336,1.016561,37,0,334,100,100,0,0,0,24,34,0,8,2,80,6,218,39,0,0,2912,192,0,13,0,917,242,0,26,0,512,1,0,4,0,272,0,0,0,0,0,263,0,19,0,0,31,2,1,0,0,1,1,0,0
3,18,3,27,3,3,0,1.024535,1.001044,1.010067,26,1,459,100,100,0,0,0,24,36,8,0,2,80,6,440,45,0,0,2912,50,0,15,0,917,267,0,30,0,512,0,0,6,0,272,0,0,0,0,0,165,0,21,0,0,7,3,0,0,0,0,0,0,0
3,19,0,37,1,2,0,0.985993,0.990637,1.008638,37,1,459,100,100,0,0,0,0,4,26,26,2,80,29,339,42,0,0,2912,200,0,14,0,1071,231,0,28,0,523,0,0,4,0,267,0,0,3,0,68,206,12,18,0,0,9,2,0,0,0,0,0,0,0
3,19,1,43,1,2,0,0.997204,0.999852,1.023801,42,1,459,100,100,0,0,0,4,0,34,40,2,80,29,251,42,0,0,2912,235,0,14,0,1071,236,0,28,0,523,1,0,6,0,267,0,0,2,0,68,266,8,22,0,0,12,3,1,0,0,1,1,0,0
3,19,2,38,1,2,0,1.00287,1.011164,1.018521,37,0,334,100,100,0,0,0,26,34,0,10,2,80,29,232,39,0,0,2912,227,0,13,0,1071,222,0,26,0,523,1,0,6,0,267,0,0,0,0,68,242,0,21,0,0,33,3,1,0,0,1,1,0,0
3,19,3,28,1,2,0,1.026887,1.001221,1.011747,26,1,459,100,100,0,0,0,26,40,10,0,2,80,29,459,45,0,0,2912,34,0,15,0,1071,238,0,30,0,523,0,0,6,0,267,0,0,0,0,68,142,0,23,0,0,9,3,1,0,0,1,1,0,0
3,20,0,37,4,4,0,0.984652,0.991254,1.010749,36,1,459,100,100,0,0,0,0,4,28,30,2,80,7,362,42,0,0,3104,212,0,14,0,917,245,0,28,0,525,0,0,6,0,266,0,0,1,0,68,190,4,20,0,0,12,3,0,0,0,0,0,0,0
3,20,1,43,4,4,0,0.996526,1.00054,1.02076,42,1,459,100,100,0,0,0,4,0,36,44,2,80,7,261,39,0,0,3104,178,0,13,0,917,249,0,26,0,525,0,0,4,0,266,0,0,4,0,68,265,16,17,0,0,14,2,0,0,0,0,0,0,0
3,20,2,39,4,4,0,1.00239,1.012543,1.01717,37,0,334,100,100,0,0,0,28,36,0,14,2,80,7,250,39,0,0,3104,175,0,13,0,917,235,0,26,0,525,0,0,2,0,266,0,0,1,0,68,231,4,15,0,0,34,1,0,0,0,0,0,0,0
3,20,3,27,4,4,0,1.023281,1.003014,1.010248,26,1,459,100,100,0,0,0,30,44,14,0,2,80,7,459,48,0,0,3104,9,0,16,0,917,254,0,32,0,525,0,0,6,0,266,0,0,0,0,68,118,0,24,0,0,11,3,1,0,0,1,1,0,0
3,21,0,37,3,3,0,0.986048,0.994712,1.010092,35,1,459,100,100,0,0,0,0,4,28,32,2,80,3,381,39,0,0,2966,161,0,13,0,917,258,0,26,0,517,0,0,12,0,272,0,0,0,0,0,180,0,27,0,0,17,6,1,0,0,1,1,0,0
3,21,1,42,3,3,0,0.99752,0.999197,1.022233,41,1,459,100,100,0,0,0,4,0,38,48,2,80,3,275,39,0,0,2966,225,0,13,0,917,262,0,26,0,517,0,0,6,0,272,0,0,0,0,0,261,0,21,0,0,16,3,1,0,0,1,1,0,0
3,21,2,40,3,3,0,1.002809,1.013952,1.016488,37,0,334,100,100,0,0,0,28,38,0,16,2,80,3,269,42,0,0,2966,217,0,14,0,917,249,0,28,0,517,1,0,2,0,272,0,0,0,0,0,230,0,18,0,0,34,1,1,0,0,1,1,0,0
3,21,3,27,3,3,0,1.025836,1.003422,1.008382,26,1,459,100,100,0,0,0,32,48,16,0,2,80,3,459,45,0,0,2966,4,0,15,0,917,269,0,30,0,517,1,0,2,0,272,0,0,0,0,0,118,0,17,0,0,12,1,0,0,0,0,0,0,0
3,22,0,35,4,2,0,0.983603,0.995151,1.008731,34,2,584,100,100,0,0,0,0,6,30,36,2,80,8,401,39,0,0,3089,182,0,13,0,917,271,0,26,0,536,1,0,2,0,267,0,0,0,0,0,160,0,34,0,0,0,1,18,0,0,1,1,0,0
3,22,1,44,4,2,0,0.998163,0.998214,1.023002,42,1,459,100,100,0,0,0,6,0,40,52,2,80,8,292,39,0,0,3089,169,0,13,0,917,275,0,26,0,536,0,0,2,0,267,0,0,0,0,0,263,0,15,0,0,17,1,0,0,0,0,0,0,0
3,22,2,41,4,2,0,1.003953,1.014765,1.013803,38,1,459,100,100,0,0,0,30,40,0,20,3,80,8,292,45,0,0,3089,161,0,15,0,917,264,0,30,0,536,1,0,0,0,267,0,0,2,0,0,221,8,34,0,0,16,0,18,0,0,1,1,0,0
3,22,3,28,4,2,0,1.025644,1.00003,1.005034,26,1,459,100,100,0,0,0,36,52,20,0,3,80,8,459,48,0,0,3089,3,0,16,0,917,285,0,32,0,536,0,0,4,0,267,0,0,3,0,0,125,12,22,0,0,13,2,1,0,0,1,1,0,0
3,23,0,35,3,9,0,0.983603,0.995151,1.008731,35,2,584,100,100,0,0,0,0,6,32,40,2,80,2,420,39,0,0,2887,205,0,13,0,917,284,0,26,0,538,1,0,0,0,251,0,0,12,0,0,212,48,13,0,0,0,0,0,0,0,0,0,0,0
3,23,1,41,3,9,0,1.000842,0.999189,1.024946,38,1,459,100,100,0,0,0,6,0,42,56,2,80,2,305,39,0,0,2887,207,0,13,0,917,288,0,26,0,538,0,0,6,0,251,0,0,0,0,0,256,0,21,0,0,19,3,1,0,0,1,1,0,0
3,23,2,40,3,9,0,1.008182,1.015468,1.018025,37,1,459,100,100,0,0,0,32,42,0,24,3,80,2,311,42,0,0,2887,201,0,14,0,917,278,0,28,0,538,1,0,0,0,251,0,0,3,0,0,233,12,16,0,0,15,0,1,0,0,1,1,0,0
3,23,3,26,3,9,0,1.029994,0.998478,1.0073,25,1,459,100,100,0,0,0,40,56,24,0,3,80,2,459,42,0,0,2887,5,0,14,0,917,299,0,28,0,538,0,0,0,0,251,0,0,6,0,0,150,24,16,0,0,12,0,1,0,0,1,1,0,0
3,24,0,33,3,5,0,0.985831,0.994147,1.009625,32,2,584,100,100,0,0,0,0,8,34,44,2,80,5,442,39,0,0,2963,156,0,13,0,923,297,0,26,0,514,1,0,12,0,272,0,0,0,0,0,203,0,25,0,0,6,6,0,0,0,0,0,0,0
3,24,1,42,3,5,0,1.001487,0.998376,1.026661,39,1,459,100,100,0,0,0,8,0,44,60,2,80,5,323,39,0,0,2963,256,0,13,0,923,301,0,26,0,514,1,0,8,0,272,0,0,0,0,0,250,0,23,0,0,22,4,1,0,0,1,1,0,0
3,24,2,39,3,5,0,1.009766,1.014232,1.019561,36,1,459,100,100,0,0,0,34,44,0,28,3,80,5,330,42,0,0,2963,242,0,14,0,923,292,0,28,0,514,1,0,0,0,272,0,0,0,0,0,234,0,16,0,0,14,0,1,0,0,1,1,0,0
3,24,3,26,3,5,0,1.029994,0.998478,1.0073,26,1,459,100,100,0,0,0,44,60,28,0,3,80,5,459,42,0,0,2963,5,0,14,0,923,313,0,28,0,514,0,0,6,0,272,0,0,0,0,0,147,0,20,0,0,15,3,0,0,0,0,0,0,0
3,25,0,33,2,2,0,0.985831,0.994147,1.009625,32,2,584,100,100,0,0,0,0,8,36,48,2,80,8,468,39,0,0,3099,173,0,13,0,923,310,0,26,0,543,1,0,0,0,248,0,0,12,0,0,249,48,15,0,0,5,0,1,0,0,1,1,0,0
3,25,1,42,2,2,0,1.001487,0.998376,1.026661,40,1,459,100,100,0,0,0,8,0,46,64,2,80,8,337,42,0,0,3099,199,0,14,0,923,315,0,28,0,543,0,0,2,0,248,0,0,6,0,0,275,24,18,0,0,22,1,1,0,0,1,1,0,0
3,25,2,38,2,2,0,1.008996,1.015433,1.023829,35,1,459,100,100,0,0,0,36,46,0,32,3,80,8,347,39,0,0,3099,189,0,13,0,923,305,0,26,0,543,1,0,0,0,248,0,0,0,0,0,242,0,15,0,0,13,0,1,0,0,1,1,0,0
3,25,3,27,2,2,0,1.029067,0.999974,1.004779,26,1,459,100,100,0,0,0,48,64,32,0,3,80,8,459,42,0,0,3099,5,0,14,0,923,327,0,28,0,543,0,0,0,0,248,0,0,6,0,0,169,24,14,0,0,15,0,0,0,0,0,0,0,0
3,26,0,27,0,21,0,0.987544,0.996712,1.011016,27,2,584,100,100,0,0,0,0,10,38,52,2,80,8,489,36,0,0,2898,191,0,12,0,923,322,0,24,0,540,1,0,2,0,258,0,0,4,0,0,257,16,14,0,0,6,1,0,0,0,0,0,0,0
3,26,1,32,0,21,0,0.996015,1.006189,1.017497,31,1,459,100,100,0,0,0,10,0,48,68,2,80,8,337,27,0,0,2898,251,0,9,0,923,324,0,18,0,540,1,0,0,0,258,0,0,8,0,0,306,32,11,0,0,21,0,1,0,0,1,1,0,0
3,26,2,37,0,21,0,1.009582,1.017115,1.023043,35,1,459,100,100,0,0,0,38,48,0,34,3,80,8,361,39,0,0,2898,233,0,13,0,923,318,0,26,0,540,1,0,0,0,258,0,0,0,0,0,243,0,15,0,0,12,0,1,0,0,1,1,0,0
3,26,3,23,0,21,0,1.029477,0.995551,0.997901,22,1,459,100,100,0,0,0,52,68,34,0,3,80,8,459,36,0,0,2898,7,0,12,0,923,339,0,24,0,540,1,0,0,0,258,0,0,2,0,0,177,8,14,0,0,14,0,1,0,0,1,1,0,0
3,27,0,29,6,20,0,0.987124,0.992323,1.007534,27,2,584,100,100,0,0,0,0,12,40,56,2,80,10,520,36,0,0,3104,215,0,12,0,950,334,0,24,0,524,0,0,10,0,272,0,0,0,0,8,244,0,22,0,0,11,5,0,0,0,0,0,0,0
3,27,1,33,6,20,0,0.993558,1.004843,1.018504,32,1,459,100,100,0,0,0,12,0,50,70,2,80,10,348,27,0,0,3104,209,0,9,0,950,333,0,18,0,524,0,0,6,0,272,0,0,0,0,8,308,0,15,0,0,24,3,0,0,0,0,0,0,0
3,27,2,18,6,20,0,1.008541,1.029633,1.04516,17,1,459,100,100,0,0,0,40,50,0,36,3,80,10,376,39,0,0,3104,182,0,13,0,950,331,0,26,0,524,1,0,0,0,272,0,0,0,0,8,233,0,13,0,0,12,0,0,0,0,0,0,0,0
3,27,3,25,6,20,0,1.030702,0.994018,0.996928,23,2,584,100,100,0,0,0,56,70,36,0,3,80,10,459,36,0,0,3104,7,0,12,0,950,351,0,24,0,524,1,0,6,0,272,0,0,0,0,8,159,0,35,0,0,0,3,17,0,0,0,0,0,0
3,28,0,29,2,1,0,0.987124,0.992323,1.007534,27,2,584,100,100,0,0,0,0,12,40,60,2,80,15,549,39,0,0,3134,172,0,13,0,944,347,0,26,0,519,1,0,10,0,272,0,0,0,0,56,223,0,25,0,0,15,5,1,0,0,1,1,0,0
3,28,1,34,2,1,0,0.99478,1.002689,1.018804,32,1,459,100,100,0,0,0,12,0,50,74,2,80,15,359,30,0,0,3134,165,0,10,0,944,343,0,20,0,519,1,0,2,0,272,0,0,0,0,56,299,0,14,0,0,24,1,1,0,0,1,1,0,0
3,28,2,18,2,1,0,1.008541,1.029633,1.04516,17,1,459,100,100,0,0,0,40,50,0,38,3,80,15,409,39,0,0,3134,182,0,13,0,944,344,0,26,0,519,1,0,0,0,272,0,0,0,0,56,218,0,15,0,0,11,0,1,0,0,1,1,0,0
3,28,3,25,2,1,0,1.029962,0.995165,0.995322,22,2,584,100,100,0,0,0,60,74,38,0,3,80,15,485,33,0,0,3134,8,0,11,0,944,362,0,22,0,519,0,0,12,0,272,0,0,0,0,56,137,0,25,0,0,5,6,1,0,0,1,1,0,0
3,29,0,30,4,0,0,0.986675,0.990793,1.008655,28,3,709,100,100,0,0,0,0,12,42,64,2,80,3,577,39,0,0,2967,193,0,13,0,947,360,0,26,0,526,0,0,10,0,264,0,0,1,0,22,194,4,42,0,0,2,5,18,0,0,1,1,0,0
3,29,1,34,4,0,0,0.99478,1.002689,1.018804,33,1,459,100,100,0,0,0,12,0,52,78,2,80,3,371,30,0,0,2967,224,0,10,0,947,353,0,20,0,526,0,0,4,0,264,0,0,3,0,22,312,12,16,0,0,25,2,1,0,0,1,1,0,0
3,29,2,19,4,0,0,1.007455,1.026651,1.045769,18,1,459,100,100,0,0,0,42,52,0,40,3,80,3,448,39,0,0,2967,182,0,13,0,947,357,0,26,0,526,1,0,0,0,264,0,0,0,0,22,208,0,13,0,0,11,0,0,0,0,0,0,0,0
3,29,3,27,4,0,0,1.029094,0.995205,0.994894,23,2,584,100,100,0,0,0,64,78,40,0,3,80,3,510,33,0,0,2967,8,0,11,0,947,373,0,22,0,526,0,0,6,0,264,0,0,4,0,22,151,16,19,0,0,7,3,1,0,0,1,1,0,0
3,30,0,31,2,2,0,0.984236,0.986934,1.006353,29,3,709,100,100,0,0,0,0,12,44,66,2,80,24,601,39,0,0,3061,221,0,13,0,1040,346,0,26,0,511,0,0,12,0,272,0,0,0,0,22,176,0,27,0,0,7,6,1,0,0,1,1,0,0
3,30,1,32,2,2,0,0.996149,1.002783,1.019054,32,1,459,100,100,0,0,0,12,0,52,80,2,80,24,378,30,0,0,3061,179,0,10,0,1040,345,0,20,0,511,0,0,6,0,272,0,0,0,0,22,313,0,16,0,0,28,3,0,0,0,0,0,0,0
3,30,2,19,2,2,0,1.007455,1.026651,1.045769,18,1,459,100,100,0,0,0,44,52,0,42,3,80,24,459,39,0,0,3061,181,0,13,0,1040,346,0,26,0,511,0,0,4,0,272,0,0,0,0,22,192,0,19,0,0,12,2,1,0,0,1,1,0,0
3,30,3,28,2,2,0,1.029918,0.996491,0.996073,24,2,584,100,100,0,0,0,66,80,42,0,3,80,24,527,33,0,0,3061,8,0,11,0,1040,360,0,22,0,511,0,0,12,0,272,0,0,0,0,22,141,0,27,0,0,11,6,2,0,0,2,2,0,0
3,31,0,27,4,16,0,0.981937,0.988681,1.007693,26,3,709,100,100,0,0,0,0,14,46,70,2,80,10,627,39,0,0,3044,176,0,13,0,947,359,0,26,0,543,0,0,0,0,236,5,0,8,0,24,206,32,15,0,0,6,0,1,0,0,1,1,0,0
3,31,1,29,4,16,0,0.996862,0.995797,1.012018,27,2,584,100,100,0,0,0,14,0,52,84,2,80,10,394,30,0,0,3044,216,0,10,0,947,355,0,20,0,543,0,0,0,0,236,0,0,7,0,24,321,28,27,0,0,11,0,17,0,0,0,0,0,0
3,31,2,19,4,16,0,1.003858,1.025058,1.041703,18,1,459,100,100,0,0,0,46,52,0,44,3,80,10,459,39,0,0,3044,180,0,13,0,947,359,0,26,0,543,1,0,0,0,236,0,0,2,0,24,187,8,13,0,0,12,0,0,0,0,0,0,0,0
3,31,3,23,4,16,0,1.027208,0.98119,0.992617,22,2,584,100,100,0,0,0,70,84,44,0,3,80,10,548,33,0,0,3044,8,0,11,0,947,371,0,22,0,543,0,0,0,0,236,8,0,6,0,24,161,24,11,0,0,11,0,0,0,0,0,0,0,0
3,32,0,26,3,3,0,0.981722,0.983771,1.008576,25,3,709,100,100,0,0,0,0,14,48,74,2,80,16,650,36,0,0,3097,168,0,12,0,947,371,0,24,0,536,0,0,2,0,247,6,0,7,0,27,229,28,14,0,0,7,1,0,0,0,0,0,0,0
3,32,1,29,3,3,0,0.998631,0.996805,1.009651,26,2,584,100,100,0,0,0,14,0,52,88,2,80,16,405,27,0,0,3097,177,0,9,0,947,364,0,18,0,536,0,0,0,0,247,0,0,6,0,27,351,24,11,0,0,10,0,1,0,0,1,1,0,0
3,32,2,20,3,3,0,1.006402,1.024032,1.037995,18,1,459,100,100,0,0,0,48,52,0,46,3,80,16,459,39,0,0,3097,179,0,13,0,947,372,0,26,0,536,0,0,4,0,247,0,0,3,0,27,182,12,17,0,0,14,2,0,0,0,0,0,0,0
3,32,3,23,3,3,0,1.027208,0.98119,0.992617,22,2,584,100,100,0,0,0,74,88,46,0,3,80,16,577,33,0,0,3097,8,0,11,0,947,382,0,22,0,536,1,0,2,0,247,9,0,7,0,27,189,28,15,0,0,11,1,1,0,0,1,1,0,0
3,33,0,26,6,0,0,0.981722,0.983771,1.008576,25,3,709,100,100,0,0,0,0,14,48,78,2,80,9,681,39,0,0,3017,160,0,13,0,950,384,0,26,0,527,0,0,6,0,242,8,0,7,0,68,236,28,21,0,0,9,3,1,0,0,1,1,0,0
3,33,1,30,6,0,0,1.000681,0.997784,1.010053,27,2,584,100,100,0,0,0,14,0,54,90,2,80,9,420,27,0,0,3017,226,0,9,0,950,373,0,18,0,527,0,0,4,0,242,0,0,5,0,68,356,20,15,0,0,11,2,1,0,0,1,1,0,0
3,33,2,22,6,0,0,1.008189,1.028992,1.040057,18,1,459,100,100,0,0,0,48,54,0,48,3,80,9,459,39,0,0,3017,177,0,13,0,950,385,0,26,0,527,0,0,2,0,242,3,0,4,0,68,183,16,15,0,0,15,1,0,0,0,0,0,0,0
3,33,3,26,6,0,0,1.030148,0.980258,0.994892,23,2,584,100,100,0,0,0,78,90,48,0,3,80,9,584,33,0,0,3017,8,0,11,0,950,393,0,22,0,527,0,0,6,0,242,11,0,7,0,68,200,28,17,0,0,14,3,0,0,0,0,0,0,0
3,34,0,26,2,1,0,0.981722,0.983771,1.008576,26,3,709,100,100,0,0,0,0,14,50,82,2,80,10,709,39,0,0,3086,152,0,13,0,944,397,0,26,0,498,1,0,14,0,272,1,0,7,0,26,245,28,27,0,0,16,7,0,0,0,0,0,0,0
3,34,1,31,2,1,0,1.000727,0.997906,1.008959,28,2,584,100,100,0,0,0,14,0,54,94,2,80,10,436,30,0,0,3086,185,0,10,0,944,383,0,20,0,498,0,0,10,0,272,0,0,0,0,26,351,0,22,0,0,15,5,1,0,0,1,1,0,0
3,34,2,22,2,1,0,1.008189,1.028992,1.040057,18,1,459,100,100,0,0,0,50,54,0,50,3,80,10,459,42,0,0,3086,180,0,14,0,944,399,0,28,0,498,0,0,6,0,272,0,0,3,0,26,175,12,20,0,0,18,3,0,0,0,0,0,0,0
3,34,3,26,2,1,0,1.02964,0.987448,0.996942,22,3,709,100,100,0,0,0,82,94,50,0,3,80,10,584,33,0,0,3086,16,0,11,0,944,404,0,22,0,498,0,0,12,0,272,1,0,10,0,26,213,40,44,0,0,1,6,19,0,0,2,2,0,0
3,35,0,27,4,1,0,0.98324,0.981385,1.010384,26,4,834,100,100,0,0,0,0,14,52,86,2,80,9,709,39,0,0,3006,144,0,13,0,944,410,0,26,0,534,1,0,4,0,252,2,0,7,0,17,248,28,34,0,0,1,2,17,0,0,0,0,0,0
3,35,1,31,4,1,0,0.999157,0.999708,1.010259,28,2,584,100,100,0,0,0,14,0,56,98,2,80,9,448,27,0,0,3006,232,0,9,0,944,392,0,18,0,534,1,0,2,0,252,0,0,6,0,17,380,24,13,0,0,15,1,1,0,0,1,1,0,0
3,35,2,23,4,1,0,1.010352,1.028931,1.040376,18,1,459,100,100,0,0,0,52,56,0,52,3,80,9,459,42,0,0,3006,183,0,14,0,944,413,0,28,0,534,1,0,0,0,252,0,0,2,0,17,169,8,14,0,0,18,0,0,0,0,0,0,0,0
3,35,3,27,4,1,0,1.027671,0.989568,0.994149,24,3,709,100,100,0,0,0,86,98,52,0,3,80,9,604,33,0,0,3006,16,0,11,0,944,415,0,22,0,534,0,0,2,0,252,0,0,5,0,17,242,20,15,0,0,1,1,1,0,0,1,1,0,0
3,36,0,29,6,5,0,0.985439,0.979248,1.013524,26,4,834,100,100,0,0,0,0,14,52,90,2,80,7,743,42,0,0,3093,134,0,14,0,938,424,0,28,0,490,5,0,14,0,272,0,0,2,0,43,227,8,30,0,0,7,7,1,0,0,1,1,0,0
3,36,1,27,6,5,0,0.996601,1.003739,1.014177,25,2,584,100,100,0,0,0,14,0,58,100,2,80,7,464,30,0,0,3093,190,0,10,0,938,402,0,20,0,490,1,0,12,0,272,0,0,0,0,43,364,0,24,0,0,20,6,1,0,0,1,1,0,0
3,36,2,23,6,5,0,1.010352,1.028931,1.040376,18,1,459,100,100,0,0,0,52,58,0,54,3,80,7,459,42,0,0,3093,185,0,14,0,938,427,0,28,0,490,3,0,10,0,272,0,0,0,0,43,145,0,24,0,0,23,5,0,0,0,0,0,0,0
3,36,3,30,6,5,0,1.026033,0.993196,0.995955,25,3,709,100,100,0,0,0,90,100,54,0,3,80,7,628,36,0,0,3093,15,0,12,0,938,427,0,24,0,490,0,0,12,0,272,0,0,0,0,43,223,0,26,0,0,6,6,1,0,0,1,1,0,0
3,37,0,29,1,1,0,0.985439,0.979248,1.013524,27,4,834,100,100,0,0,0,0,14,54,92,2,80,22,767,42,0,0,3001,130,0,14,0,932,438,0,28,0,499,2,0,18,0,272,0,0,0,0,30,205,0,34,0,0,15,9,1,0,0,1,1,0,0
3,37,1,27,1,1,0,0.998396,1.003212,1.015035,25,2,584,100,100,0,0,0,14,0,58,100,2,80,22,482,30,0,0,3001,224,0,10,0,932,412,0,20,0,499,1,0,12,0,272,0,0,0,0,30,349,0,24,0,0,25,6,1,0,0,1,1,0,0
3,37,2,23,1,1,0,1.010352,1.028931,1.040376,18,1,459,100,100,0,0,0,54,58,0,56,3,80,22,459,42,0,0,3001,187,0,14,0,932,431,0,28,0,499,1,0,8,0,272,0,0,0,0,30,123,0,22,0,0,27,4,0,0,0,0,0,0,0
3,37,3,30,1,1,0,1.026033,0.993196,0.995955,26,3,709,100,100,0,0,0,92,100,56,0,3,80,22,649,39,0,0,3001,22,0,13,0,932,440,0,26,0,499,0,0,12,0,272,0,0,0,0,30,211,0,29,0,0,10,6,2,0,0,2,2,0,0
3,38,0,27,5,10,0,0.985106,0.979673,1.012402,25,4,834,100,100,0,0,0,0,14,56,96,2,80,18,794,42,0,0,3080,126,0,14,0,935,452,0,28,0,497,1,0,8,0,272,0,0,0,0,68,181,0,24,0,0,18,4,1,0,0,1,1,0,0
3,38,1,25,5,10,0,0.997782,1.002771,1.012977,24,3,709,100,100,0,0,0,14,0,60,100,2,80,18,498,30,0,0,3080,186,0,10,0,935,422,0,20,0,497,0,0,4,0,272,0,0,0,0,68,316,0,33,0,0,9,2,18,0,0,1,1,0,0
3,38,2,23,5,10,0,1.008953,1.026161,1.047069,17,1,459,100,100,0,0,0,56,60,0,58,3,80,18,459,42,0,0,3080,189,0,14,0,935,431,0,28,0,497,1,0,2,0,272,0,0,0,0,68,107,0,16,0,0,28,1,0,0,0,0,0,0,0
3,38,3,29,5,10,0,1.023327,0.998832,1.001595,26,3,709,100,100,0,0,0,96,100,58,0,3,80,18,674,39,0,0,3080,22,0,13,0,935,453,0,26,0,497,1,0,4,0,272,0,0,0,0,68,192,0,19,0,0,11,2,1,0,0,1,1,0,0
3,39,0,28,5,3,0,0.988409,0.977419,1.010773,25,4,834,100,100,0,0,0,0,14,58,100,2,80,6,826,39,0,0,2993,133,0,13,0,929,465,0,26,0,544,1,0,0,0,254,0,0,6,0,30,198,24,15,0,0,17,0,1,0,0,1,1,0,0
3,39,1,27,5,3,0,1.000646,1.000944,1.018129,25,3,709,100,100,0,0,0,14,0,60,100,2,80,6,521,30,0,0,2993,222,0,10,0,929,432,0,20,0,544,0,0,0,0,254,0,0,3,0,30,330,12,10,0,0,9,0,0,0,0,0,0,0,0
3,39,2,24,5,3,0,1.008915,1.024163,1.045319,17,1,459,100,100,0,0,0,58,60,0,60,3,80,6,459,48,0,0,2993,197,0,16,0,929,427,0,32,0,544,1,0,0,0,254,0,0,3,0,30,103,12,16,0,0,28,0,0,0,0,0,0,0,0
3,39,3,27,5,3,0,1.022573,0.999901,1.006197,25,3,709,100,100,0,0,0,100,100,60,0,3,80,6,694,36,0,0,2993,23,0,12,0,929,465,0,24,0,544,1,0,0,0,254,0,0,6,0,30,217,24,14,0,0,10,0,1,0,0,1,1,0,0
3,40,0,29,2,5,0,0.992519,0.974477,1.008583,25,4,834,100,100,0,0,0,0,14,58,100,2,80,20,834,39,0,0,3116,139,0,13,0,929,478,0,26,0,516,1,0,10,0,272,0,0,0,0,5,185,0,25,0,0,21,5,1,0,0,1,1,0,0
3,40,1,25,2,5,0,1.004297,0.99807,1.019526,23,3,709,100,100,0,0,0,14,0,60,100,2,80,20,529,27,0,0,3116,185,0,9,0,929,441,0,18,0,516,1,0,4,0,272,0,0,0,0,5,332,0,15,0,0,10,2,1,0,0,1,1,0,0
3,40,2,23,2,5,0,1.009057,1.028896,1.049374,16,2,584,100,100,0,0,0,58,60,0,62,3,80,20,459,45,0,0,3116,157,0,15,0,929,429,0,30,0,516,0,0,4,0,272,0,0,0,0,5,82,0,38,0,0,12,2,18,0,0,1,1,0,0
3,40,3,26,2,5,0,1.024346,0.998179,1.009453,25,3,709,100,100,0,0,0,100,100,62,0,3,80,20,709,33,0,0,3116,24,0,11,0,929,476,0,22,0,516,1,0,10,0,272,0,0,0,0,5,211,0,23,0,0,14,5,1,0,0,1,1,0,0
1,1,0,50,2,2,0,1.004033,0.998556,1.002814,0,0,334,100,100,0,0,0,0,0,2,2,0,80,6,55,39,0,0,2816,200,0,13,0,932,63,0,26,0,472,0,0,48,0,272,1,0,24,0,0,101,96,79,0,0,15,24,9,0,0,9,9,0,0
1,1,1,50,2,2,0,1.006478,0.997715,1.004123,0,0,334,100,100,0,0,0,0,0,2,2,0,80,6,58,39,0,0,2816,200,0,13,0,932,63,0,26,0,472,7,0,46,0,272,2,0,23,0,0,98,92,77,0,0,14,23,9,0,0,9,9,0,0
1,1,2,51,2,2,0,1.004006,0.998372,1.004176,0,0,334,100,100,0,0,0,2,2,0,0,0,80,6,57,39,0,0,2816,200,0,13,0,932,63,0,26,0,472,5,0,48,0,272,1,0,24,0,0,101,96,79,0,0,15,24,9,0,0,9,9,0,0
1,1,3,49,2,2,0,1.006917,1.000539,1.001216,0,0,334,100,100,0,0,0,2,2,0,0,0,80,6,51,36,0,0,2816,201,0,12,0,932,62,0,24,0,472,6,0,48,0,272,1,0,24,0,0,102,96,78,0,0,15,24,9,0,0,9,9,0,0
1,2,0,48,4,7,0,1.007506,0.999262,1.001982,9,0,334,100,100,0,0,0,0,0,2,4,0,80,7,60,39,0,0,2808,225,0,13,0,935,76,0,26,0,456,0,0,34,0,215,0,0,4,0,0,68,16,65,0,0,23,17,9,0,0,9,9,0,0
1,2,1,50,4,7,0,1.004071,0.994998,1.003414,9,0,334,100,100,0,0,0,0,0,4,4,0,80,7,63,36,0,0,2808,234,0,12,0,935,75,0,24,0,456,0,0,26,0,215,0,0,20,0,0,139,80,56,0,0,18,13,9,0,0,9,9,0,0
1,2,2,49,4,7,0,1.000044,0.997323,1.004342,9,0,334,100,100,0,0,0,2,4,0,0,0,80,7,62,39,0,0,2808,224,0,13,0,935,76,0,26,0,456,0,0,26,0,215,0,0,16,0,0,124,64,57,0,0,19,13,9,0,0,9,9,0,0
1,2,3,50,4,7,0,1.004838,1.000318,1.001418,9,0,334,100,100,0,0,0,4,4,0,0,0,80,7,51,33,0,0,2808,237,0,11,0,935,73,0,22,0,456,0,0,20,0,215,0,0,22,0,0,158,88,49,0,0,16,10,9,0,0,9,9,0,0
1,3,0,49,5,18,2,1.006747,0.996809,1.00085,18,0,334,100,100,0,0,0,0,0,-2,2,0,80,1,72,39,0,0,3200,164,0,13,0,938,89,0,26,0,475,0,0,12,0,209,0,0,18,0,0,114,72,43,0,0,20,6,9,0,0,9,9,0,0
1,3,1,49,5,18,2,1.00341,0.991508,1.005909,18,0,334,100,100,0,0,0,0,0,6,4,0,80,1,67,33,0,0,3200,173,0,11,0,938,86,0,22,0,475,1,0,14,0,209,0,0,15,0,0,172,60,43,0,0,16,7,9,0,0,9,9,0,0
1,3,2,41,5,18,2,1.001459,0.998287,1.005681,16,0,334,100,100,0,0,0,-2,6,0,-4,0,80,1,69,39,0,0,3200,162,0,13,0,938,89,0,26,0,475,0,0,24,0,209,0,0,12,0,0,130,48,55,0,0,22,12,9,0,0,9,9,0,0
1,3,3,45,5,18,2,1.003871,0.9961,1.006007,18,0,334,100,100,0,0,0,2,4,-4,0,0,80,1,56,33,0,0,3200,176,0,11,0,938,84,0,22,0,475,0,0,18,0,209,0,0,15,0,0,184,60,47,0,0,16,9,9,0,0,9,9,0,0
1,4,0,42,2,19,1,1.010629,0.995909,0.995972,21,0,334,100,100,0,0,0,0,0,0,-2,0,80,1,82,42,0,0,2888,189,0,14,0,935,103,0,28,0,510,0,0,0,0,211,1,0,15,0,0,158,60,22,0,0,16,0,4,0,0,4,4,0,0
1,4,1,46,2,19,1,0.999149,0.987628,1.008403,26,0,334,100,100,0,0,0,0,0,8,4,0,80,1,69,33,0,0,2888,209,0,11,0,935,97,0,22,0,510,1,0,8,0,211,0,0,18,0,0,221,72,37,0,0,11,4,9,0,0,9,9,0,0
1,4,2,38,2,19,1,1.000143,0.998064,0.999492,23,0,334,100,100,0,0,0,0,8,0,-4,0,80,1,82,39,0,0,2888,156,0,13,0,935,102,0,26,0,510,1,0,8,0,211,0,0,13,0,0,162,52,35,0,0,19,4,7,0,0,7,7,0,0
1,4,3,41,2,19,1,1.00032,0.996461,1.005881,25,0,334,100,100,0,0,0,-2,4,-4,0,0,80,1,61,33,0,0,2888,200,0,11,0,935,95,0,22,0,510,0,0,6,0,211,0,0,14,0,0,224,56,33,0,0,11,3,8,0,0,8,8,0,0
1,5,0,41,2,5,0,1.008692,0.992521,1.001085,23,0,334,100,100,0,0,0,0,2,2,0,0,80,4,94,39,0,0,2888,214,0,13,0,938,116,0,26,0,428,4,0,30,0,272,0,0,1,0,2,124,4,53,0,0,26,15,5,0,0,5,5,0,0
1,5,1,43,2,5,0,1.004223,0.989811,1.003989,33,0,334,100,100,0,0,0,2,0,10,6,0,80,4,69,30,0,0,2888,233,0,10,0,938,107,0,20,0,428,0,0,32,0,272,0,0,0,0,2,186,0,52,0,0,22,16,5,0,0,5,5,0,0
1,5,2,38,2,5,0,1.000143,0.998064,0.999492,30,0,334,100,100,0,0,0,2,10,0,-4,0,80,4,100,42,0,0,2888,152,0,14,0,938,116,0,28,0,428,0,0,26,0,272,0,0,0,0,2,131,0,48,0,0,28,13,4,0,0,4,4,0,0
1,5,3,42,2,5,0,1.001469,0.996851,1.004763,33,0,334,100,100,0,0,0,0,6,-4,0,0,80,4,71,33,0,0,2888,228,0,11,0,938,106,0,22,0,428,0,0,26,0,272,0,0,0,0,2,196,0,45,0,0,20,13,4,0,0,4,4,0,0
1,6,0,43,6,1,0,1.010582,0.991589,0.998567,28,0,334,100,100,0,0,0,0,2,4,2,0,80,11,115,42,0,0,3152,159,0,14,0,938,130,0,28,0,431,4,0,30,0,271,0,0,0,0,0,86,0,54,0,0,36,15,5,0,0,5,5,0,0
1,6,1,43,6,1,0,1.005917,0.989309,1.002508,37,0,334,100,100,0,0,0,2,0,12,8,0,80,11,73,30,0,0,3152,180,0,10,0,938,117,0,20,0,431,1,0,34,0,271,0,0,1,0,0,160,4,50,0,0,36,17,3,0,0,3,3,0,0
1,6,2,40,6,1,0,1.002796,0.996419,0.997766,34,0,334,100,100,0,0,0,4,12,0,-4,0,80,11,123,42,0,0,3152,148,0,14,0,938,130,0,28,0,431,0,0,24,0,271,0,0,0,0,0,104,0,42,0,0,38,12,2,0,0,2,2,0,0
1,6,3,43,6,1,0,0.999666,0.995432,1.005132,37,0,334,100,100,0,0,0,2,8,-4,0,0,80,11,78,36,0,0,3152,174,0,12,0,938,118,0,24,0,431,0,0,24,0,271,0,0,0,0,0,170,0,42,0,0,29,12,3,0,0,3,3,0,0
1,7,0,42,2,7,0,1.013233,0.990113,0.99891,32,0,334,100,100,0,0,0,0,2,6,4,0,80,6,133,45,0,0,2896,181,0,15,0,935,145,0,30,0,538,0,0,6,0,144,17,0,14,0,2,125,56,29,0,0,35,3,4,0,0,4,4,0,0
1,7,1,43,2,7,0,1.003054,0.987287,1.003325,39,0,334,100,100,0,0,0,2,0,14,10,0,80,6,79,30,0,0,2896,191,0,10,0,935,127,0,20,0,538,1,0,4,0,144,15,0,19,0,2,235,76,18,0,0,36,2,2,0,0,2,2,0,0
1,7,2,38,2,7,0,1.006129,0.993299,0.99721,34,0,334,100,100,0,0,0,6,14,0,-2,0,80,6,140,42,0,0,2896,158,0,14,0,935,144,0,28,0,538,0,0,0,0,144,8,0,16,0,2,167,64,18,0,0,36,0,2,0,0,2,2,0,0
1,7,3,41,2,7,0,1.002603,0.992492,1.004975,38,0,334,100,100,0,0,0,4,10,-2,0,0,80,6,89,36,0,0,2896,207,0,12,0,935,130,0,24,0,538,0,0,0,0,144,3,0,21,0,2,255,84,16,0,0,27,0,2,0,0,2,2,0,0
1,8,0,40,5,4,0,1.014651,0.993153,0.998796,35,0,334,100,100,0,0,0,0,4,8,6,0,80,2,151,42,0,0,2904,205,0,14,0,937,157,0,28,0,433,5,0,28,0,272,3,0,14,0,5,145,56,48,0,0,46,14,3,0,0,3,3,0,0
1,8,1,43,5,4,0,1.002285,0.988481,1.004969,40,0,334,100,100,0,0,0,4,0,16,12,0,80,2,83,27,0,0,2904,203,0,9,0,937,136,0,18,0,433,1,0,36,0,272,0,0,15,0,5,265,60,47,0,0,53,18,1,0,0,1,1,0,0
1,8,2,39,5,4,0,1.010907,0.992355,1.000035,35,0,334,100,100,0,0,0,8,16,0,0,0,80,2,160,39,0,0,2904,171,0,13,0,937,157,0,26,0,433,0,0,18,0,272,0,0,8,0,5,183,32,33,0,0,44,9,1,0,0,1,1,0,0
1,8,3,43,5,4,0,1.002428,0.990376,1.002993,40,0,334,100,100,0,0,0,6,12,0,0,0,80,2,99,36,0,0,2904,242,0,12,0,937,139,0,24,0,433,0,0,24,0,272,0,0,3,0,5,246,12,38,0,0,38,12,1,0,0,1,1,0,0
1,9,0,41,5,2,0,1.016635,0.997523,0.999173,37,0,334,100,100,0,0,0,0,6,10,8,0,80,1,175,39,0,0,2992,232,0,13,0,941,170,0,26,0,474,1,0,28,0,262,0,0,3,0,8,121,12,43,0,0,59,14,1,0,0,1,1,0,0
1,9,1,45,5,2,0,1.001165,0.990958,1.005236,41,0,334,100,100,0,0,0,6,0,18,14,0,80,1,87,27,0,0,2992,215,0,9,0,941,145,0,18,0,474,0,0,24,0,262,0,0,1,0,8,251,4,35,0,0,64,12,1,0,0,1,1,0,0
1,9,2,38,5,2,0,1.013488,0.993121,0.998057,35,0,334,100,100,0,0,0,10,18,0,2,0,80,1,180,42,0,0,2992,174,0,14,0,941,171,0,28,0,474,0,0,10,0,262,0,0,7,0,8,202,28,28,0,0,47,5,2,0,0,2,2,0,0
1,9,3,44,5,2,0,1.002915,0.988748,1.002133,41,0,334,100,100,0,0,0,8,14,2,0,0,80,1,108,36,0,0,2992,187,0,12,0,941,151,0,24,0,474,1,0,12,0,262,0,0,2,0,8,245,8,26,0,0,43,6,1,0,0,1,1,0,0
1,10,0,43,7,0,0,1.015084,0.995906,0.998518,38,0,334,100,100,0,0,0,0,8,12,10,0,80,6,193,39,0,0,3048,178,0,13,0,944,183,0,26,0,464,1,0,22,0,269,0,0,2,0,0,107,8,39,0,0,68,11,2,0,0,2,2,0,0
1,10,1,46,7,0,0,1.003712,0.99028,1.005423,42,0,334,100,100,0,0,0,8,0,20,16,1,80,6,89,27,0,0,3048,161,0,9,0,944,154,0,18,0,464,0,0,22,0,269,0,0,1,0,0,237,4,35,0,0,73,11,2,0,0,2,2,0,0
1,10,2,40,7,0,0,1.01937,0.993626,0.996695,37,0,334,100,100,0,0,0,12,20,0,2,1,80,6,201,42,0,0,3048,178,0,14,0,944,185,0,28,0,464,0,0,18,0,269,0,0,0,0,0,185,0,34,0,0,55,9,1,0,0,1,1,0,0
1,10,3,46,7,0,0,1.004976,0.989837,1.002161,42,0,334,100,100,0,0,0,10,16,2,0,0,80,6,117,36,0,0,3048,227,0,12,0,944,163,0,24,0,464,1,0,18,0,269,0,0,0,0,0,230,0,32,0,0,51,9,1,0,0,1,1,0,0
1,11,0,44,4,4,0,1.017952,0.995739,1.000078,39,0,334,100,100,0,0,0,0,8,14,12,0,80,8,205,39,0,0,2976,218,0,13,0,941,196,0,26,0,426,1,0,28,0,272,0,0,0,0,48,65,0,45,0,0,80,14,2,0,0,2,2,0,0
1,11,1,45,4,4,0,1.004198,0.987626,1.004231,43,0,334,100,100,0,0,0,8,0,22,18,1,80,8,84,27,0,0,2976,178,0,9,0,941,163,0,18,0,426,1,0,32,0,272,0,0,0,0,48,194,0,43,0,0,88,16,1,0,0,1,1,0,0
1,11,2,41,4,4,0,1.021299,0.992371,0.999854,37,0,334,100,100,0,0,0,14,22,0,2,1,80,8,225,45,0,0,2976,179,0,15,0,941,200,0,30,0,426,1,0,20,0,272,0,0,0,0,48,148,0,37,0,0,64,10,1,0,0,1,1,0,0
1,11,3,45,4,4,0,1.003466,0.989184,1.002128,42,0,334,100,100,0,0,0,12,18,2,0,0,80,8,123,36,0,0,2976,169,0,12,0,941,175,0,24,0,426,1,0,30,0,272,0,0,0,0,48,198,0,46,0,0,64,15,2,0,0,2,2,0,0
1,12,0,43,3,6,0,1.020806,0.996883,1.001234,38,0,334,100,100,0,0,0,0,8,16,14,0,80,7,221,39,0,0,2976,161,0,13,0,941,209,0,26,0,497,0,0,8,0,212,0,0,17,0,0,124,68,25,0,0,82,4,2,0,0,2,2,0,0
1,12,1,45,3,6,0,1.004198,0.987626,1.004231,44,0,334,100,100,0,0,0,8,0,24,20,2,80,7,81,27,0,0,2976,196,0,9,0,941,172,0,18,0,497,1,0,16,0,212,0,0,15,0,0,244,60,27,0,0,95,8,1,0,0,1,1,0,0
1,12,2,42,3,6,0,1.020257,0.991203,1.000155,38,0,334,100,100,0,0,0,16,24,0,2,1,80,7,249,45,0,0,2976,179,0,15,0,941,215,0,30,0,497,1,0,12,0,212,0,0,10,0,0,174,40,31,0,0,68,6,2,0,0,2,2,0,0
1,12,3,42,3,6,0,1.003439,0.991692,1.003339,41,0,334,100,100,0,0,0,14,20,2,0,1,80,7,125,36,0,0,2976,192,0,12,0,941,187,0,24,0,497,1,0,12,0,212,0,0,15,0,0,247,60,26,0,0,69,6,1,0,0,1,1,0,0
1,13,0,43,4,6,0,1.02317,0.996851,1.006352,38,0,334,100,100,0,0,0,0,10,18,16,0,80,1,236,39,0,0,2896,193,0,13,0,938,222,0,26,0,461,1,0,20,0,272,0,0,0,0,0,104,0,37,0,0,90,10,2,0,0,2,2,0,0
1,13,1,46,4,6,0,1.00314,0.986673,1.002764,45,0,334,100,100,0,0,0,10,0,26,22,2,80,1,80,27,0,0,2896,214,0,9,0,938,181,0,18,0,461,1,0,20,0,272,0,0,0,0,0,232,0,29,0,0,105,10,0,0,0,0,0,0,0
1,13,2,39,4,6,0,1.022622,0.990365,0.999718,37,0,334,100,100,0,0,0,18,26,0,2,1,80,1,266,42,0,0,2896,179,0,14,0,938,229,0,28,0,461,0,0,20,0,272,0,0,0,0,0,151,0,36,0,0,77,10,1,0,0,1,1,0,0
1,13,3,42,4,6,0,1.005564,0.994651,1.004647,41,0,334,100,100,0,0,0,16,22,2,0,1,80,1,136,33,0,0,2896,219,0,11,0,938,198,0,22,0,461,0,0,24,0,272,0,0,0,0,0,229,0,35,0,0,81,12,0,0,0,0,0,0,0
1,14,0,44,4,1,0,1.024838,0.997598,1.006619,39,0,334,100,100,0,0,0,0,10,20,18,1,80,10,246,36,0,0,3056,226,0,12,0,944,234,0,24,0,479,1,0,12,0,272,0,0,0,0,18,84,0,28,0,0,94,6,2,0,0,2,2,0,0
1,14,1,47,4,1,0,1.002742,0.98582,1.003884,45,0,334,100,100,0,0,0,10,0,28,24,2,80,10,77,27,0,0,3056,159,0,9,0,944,190,0,18,0,479,1,0,20,0,272,0,0,0,0,18,218,0,31,0,0,114,10,1,0,0,1,1,0,0
1,14,2,40,4,1,0,1.024642,0.988196,1.001123,38,1,459,100,100,0,0,0,20,28,0,2,2,80,10,288,42,0,0,3056,182,0,14,0,944,243,0,28,0,479,1,0,14,0,272,0,0,0,0,18,112,0,47,0,0,66,7,18,0,0,1,1,0,0
1,14,3,42,4,1,0,1.005564,0.994651,1.004647,41,0,334,100,100,0,0,0,18,24,2,0,1,80,10,144,36,0,0,3056,165,0,12,0,944,210,0,24,0,479,0,0,18,0,272,0,0,0,0,18,214,0,32,0,0,89,9,1,0,0,1,1,0,0
1,15,0,44,2,10,0,1.025442,0.997262,1.002752,40,0,334,100,100,0,0,0,0,10,22,20,2,80,0,255,36,0,0,2984,170,0,12,0,947,246,0,24,0,518,0,0,10,0,159,5,0,19,0,0,151,76,26,0,0,97,5,2,0,0,2,2,0,0
1,15,1,45,2,10,0,1.002331,0.98558,1.004247,44,1,459,100,100,0,0,0,10,0,30,26,2,80,0,75,27,0,0,2984,175,0,9,0,947,199,0,18,0,518,1,0,4,0,159,10,0,22,0,0,291,88,32,0,0,98,2,18,0,0,1,1,0,0
1,15,2,36,2,10,0,1.024672,0.988176,0.997535,35,1,459,100,100,0,0,0,22,30,0,2,2,80,0,309,42,0,0,2984,184,0,14,0,947,257,0,28,0,518,0,0,10,0,159,1,0,14,0,0,157,56,26,0,0,70,5,1,0,0,1,1,0,0
1,15,3,40,2,10,0,1.006456,0.994388,1.00328,39,1,459,100,100,0,0,0,20,26,2,0,2,80,0,154,33,0,0,2984,192,0,11,0,947,221,0,22,0,518,0,0,4,0,159,2,0,19,0,0,275,76,32,0,0,74,2,17,0,0,0,0,0,0
1,16,0,40,5,15,0,1.031518,1.000146,0.997122,37,0,334,100,100,0,0,0,0,10,24,22,2,80,5,259,30,0,0,2888,212,0,10,0,950,256,0,20,0,420,1,0,28,0,267,0,0,6,0,0,150,24,40,0,0,110,14,1,0,0,1,1,0,0
1,16,1,41,5,15,0,1.002957,0.983877,1.005543,38,1,459,100,100,0,0,0,10,0,32,28,2,80,5,70,24,0,0,2888,194,0,8,0,950,207,0,16,0,420,0,0,24,0,267,0,0,11,0,0,326,44,32,0,0,110,12,0,0,0,0,0,0,0
1,16,2,37,5,15,0,1.02631,0.98619,0.997238,36,1,459,100,100,0,0,0,24,32,0,2,2,80,5,331,42,0,0,2888,190,0,14,0,950,271,0,28,0,420,0,0,24,0,267,0,0,1,0,0,139,4,38,0,0,82,12,0,0,0,0,0,0,0
1,16,3,37,5,15,0,1.004195,0.997146,1.00306,36,1,459,100,100,0,0,0,22,28,2,0,2,80,5,155,27,0,0,2888,223,0,9,0,950,230,0,18,0,420,0,0,24,0,267,0,0,2,0,0,262,8,35,0,0,85,12,1,0,0,1,1,0,0
1,17,0,40,6,4,0,1.031518,1.000146,0.997122,38,0,334,100,100,0,0,0,0,12,26,24,2,80,1,266,30,0,0,3056,162,0,10,0,965,266,0,20,0,519,1,0,10,0,229,0,0,9,0,0,181,36,22,0,0,114,5,1,0,0,1,1,0,0
1,17,1,41,6,4,0,1.004859,0.984399,1.010605,36,1,459,100,100,0,0,0,12,0,34,30,2,80,1,70,24,0,0,3056,225,0,8,0,965,215,0,16,0,519,0,0,0,0,229,0,0,9,0,0,367,36,12,0,0,108,0,2,0,0,2,2,0,0
1,17,2,38,6,4,0,1.030731,0.985971,0.994571,35,1,459,100,100,0,0,0,26,34,0,2,2,80,1,357,42,0,0,3056,203,0,14,0,965,285,0,28,0,519,1,0,4,0,229,0,0,14,0,0,190,56,20,0,0,83,2,1,0,0,1,1,0,0
1,17,3,38,6,4,0,1.007915,0.997915,1.000571,36,1,459,100,100,0,0,0,24,30,2,0,2,80,1,163,27,0,0,3056,177,0,9,0,965,239,0,18,0,519,0,0,4,0,229,0,0,11,0,0,310,44,13,0,0,87,2,0,0,0,0,0,0,0
1,18,0,42,5,17,0,1.036972,1.001248,0.999776,39,0,334,100,100,0,0,0,0,12,28,26,2,80,4,278,30,0,0,2944,216,0,10,0,962,276,0,20,0,460,0,0,28,0,263,0,0,1,0,0,162,4,40,0,0,127,14,1,0,0,1,1,0,0
1,18,1,31,5,17,0,0.992037,0.992745,1.01597,27,1,459,100,100,0,0,0,12,0,36,32,2,80,4,74,27,0,0,2944,175,0,9,0,962,224,0,18,0,460,0,0,12,0,263,0,0,3,0,0,360,12,23,0,0,113,6,1,0,0,1,1,0,0
1,18,2,34,5,17,0,1.02534,0.990683,0.994318,32,1,459,100,100,0,0,0,28,36,0,2,2,80,4,367,36,0,0,2944,217,0,12,0,962,297,0,24,0,460,1,0,24,0,263,0,0,0,0,0,167,0,38,0,0,94,12,1,0,0,1,1,0,0
1,18,3,38,5,17,0,1.006608,0.996933,1.002259,35,1,459,100,100,0,0,0,26,32,2,0,2,80,4,165,27,0,0,2944,202,0,9,0,962,248,0,18,0,460,1,0,20,0,263,0,0,5,0,0,316,20,31,0,0,96,10,1,0,0,1,1,0,0
1,19,0,41,3,3,0,1.040728,0.998793,0.996094,38,1,459,100,100,0,0,0,0,12,30,28,2,80,3,279,27,0,0,3088,165,0,9,0,965,285,0,18,0,496,0,0,14,0,244,0,0,11,0,0,180,44,42,0,0,116,7,18,0,0,1,1,0,0
1,19,1,31,3,3,0,0.992037,0.992745,1.01597,28,1,459,100,100,0,0,0,12,0,38,34,2,80,3,90,30,0,0,3088,174,0,10,0,965,234,0,20,0,496,1,0,6,0,244,0,0,4,0,0,373,16,20,0,0,114,3,2,0,0,2,2,0,0
1,19,2,34,3,3,0,1.024685,0.991349,0.994424,32,1,459,100,100,0,0,0,30,38,0,2,2,80,3,389,36,0,0,3088,171,0,12,0,965,309,0,24,0,496,0,0,14,0,244,0,0,6,0,0,179,24,28,0,0,100,7,1,0,0,1,1,0,0
1,19,3,39,3,3,0,1.006232,0.992663,1.003037,36,1,459,100,100,0,0,0,28,34,2,0,2,80,3,174,27,0,0,3088,227,0,9,0,965,257,0,18,0,496,1,0,14,0,244,0,0,7,0,0,336,28,25,0,0,102,7,1,0,0,1,1,0,0
1,20,0,39,3,10,0,1.043421,1.001111,0.997893,38,1,459,100,100,0,0,0,0,12,32,30,2,80,7,280,27,0,0,3000,203,0,9,0,968,294,0,18,0,494,0,0,16,0,266,0,0,1,0,0,171,4,27,0,0,123,8,1,0,0,1,1,0,0
1,20,1,31,3,10,0,0.992037,0.992745,1.01597,30,1,459,100,100,0,0,0,12,0,40,36,2,80,7,102,30,0,0,3000,173,0,10,0,968,244,0,20,0,494,0,0,8,0,266,0,0,1,0,0,374,4,20,0,0,117,4,1,0,0,1,1,0,0
1,20,2,32,3,10,0,1.026076,0.994141,1.000514,30,2,584,100,100,0,0,0,32,40,0,2,2,80,7,400,33,0,0,3000,174,0,11,0,968,320,0,22,0,494,0,0,12,0,266,0,0,3,0,0,166,12,42,0,0,88,6,18,0,0,1,1,0,0
1,20,3,36,3,10,0,1.009662,0.995268,0.999983,33,1,459,100,100,0,0,0,30,36,2,0,2,80,7,180,27,0,0,3000,179,0,9,0,968,266,0,18,0,494,0,0,16,0,266,0,0,1,0,0,327,4,27,0,0,109,8,1,0,0,1,1,0,0
1,21,0,38,3,1,0,1.043559,1.001888,0.999653,38,1,459,100,100,0,0,0,0,12,34,32,2,80,2,284,27,0,0,2952,243,0,9,0,971,303,0,18,0,522,0,0,2,0,221,0,0,15,0,0,237,60,11,0,0,124,1,0,0,0,0,0,0,0
1,21,1,32,3,1,0,0.992938,0.992286,1.01492,31,2,584,100,100,0,0,0,12,0,40,38,2,80,2,121,30,0,0,2952,172,0,10,0,971,254,0,20,0,522,1,0,2,0,221,0,0,12,0,0,410,48,29,0,0,101,1,17,0,0,0,0,0,0
1,21,2,33,3,1,0,1.028512,0.997962,1.001613,31,2,584,100,100,0,0,0,34,40,0,2,2,80,2,421,33,0,0,2952,187,0,11,0,971,331,0,22,0,522,0,0,6,0,221,0,0,9,0,0,200,36,19,0,0,90,3,1,0,0,1,1,0,0
1,21,3,37,3,1,0,1.01001,0.995621,1.000812,34,1,459,100,100,0,0,0,32,38,2,0,2,80,2,191,27,0,0,2952,198,0,9,0,971,275,0,18,0,522,0,0,8,0,221,0,0,15,0,0,385,60,19,0,0,112,4,1,0,0,1,1,0,0
1,22,0,38,3,5,0,1.04273,0.999902,0.996855,37,1,459,100,100,0,0,0,0,12,36,34,2,80,10,289,27,0,0,3032,196,0,9,0,971,312,0,18,0,480,1,0,14,0,248,0,0,8,0,0,262,32,23,0,0,131,7,0,0,0,0,0,0,0
1,22,1,32,3,5,0,0.992938,0.992286,1.01492,31,2,584,100,100,0,0,0,12,0,42,40,2,80,10,136,30,0,0,3032,178,0,10,0,971,264,0,20,0,480,0,0,12,0,248,0,0,4,0,0,419,16,24,0,0,106,6,1,0,0,1,1,0,0
1,22,2,31,3,5,0,1.027684,0.997406,1.003174,30,2,584,100,100,0,0,0,36,42,0,2,2,80,10,438,33,0,0,3032,183,0,11,0,971,342,0,22,0,480,1,0,14,0,248,0,0,6,0,0,214,24,27,0,0,96,7,1,0,0,1,1,0,0
1,22,3,37,3,5,0,1.010221,1.000285,1.001594,33,2,584,100,100,0,0,0,34,40,2,0,2,80,10,192,24,0,0,3032,217,0,8,0,971,283,0,16,0,480,1,0,22,0,248,0,0,6,0,0,374,24,49,0,0,105,11,18,0,0,1,1,0,0
1,23,0,39,3,3,0,1.043615,0.997876,0.994705,37,1,459,100,100,0,0,0,0,14,38,36,2,80,5,295,27,0,0,3024,237,0,9,0,974,321,0,18,0,493,1,0,12,0,207,4,0,17,0,1,320,68,23,0,0,136,6,1,0,0,1,1,0,0
1,23,1,32,3,3,0,0.992938,0.992286,1.01492,32,2,584,100,100,0,0,0,14,0,44,42,2,80,5,151,30,0,0,3024,184,0,10,0,974,274,0,20,0,493,0,0,6,0,207,0,0,15,0,1,480,60,16,0,0,109,3,0,0,0,0,0,0,0
1,23,2,33,3,3,0,1.026292,0.99809,1.004155,31,2,584,100,100,0,0,0,38,44,0,2,2,80,5,462,33,0,0,3024,181,0,11,0,974,353,0,22,0,493,1,0,12,0,207,3,0,11,0,1,253,44,23,0,0,102,6,0,0,0,0,0,0,0
1,23,3,34,3,3,0,1.005746,1.003325,1.000485,31,2,584,100,100,0,0,0,36,42,2,0,2,80,5,191,21,0,0,3024,173,0,7,0,974,290,0,14,0,493,0,0,22,0,207,0,0,9,0,1,396,36,33,0,0,114,11,2,0,0,2,2,0,0
1,24,0,40,4,2,0,1.045394,0.996161,0.99393,38,1,459,100,100,0,0,0,0,14,40,38,2,80,8,306,30,0,0,3032,188,0,10,0,971,331,0,20,0,465,1,0,26,0,259,0,0,7,0,0,327,28,38,0,0,148,13,1,0,0,1,1,0,0
1,24,1,33,4,2,0,0.996444,0.991006,1.018675,32,2,584,100,100,0,0,0,14,0,46,44,2,80,8,169,30,0,0,3032,190,0,10,0,971,284,0,20,0,465,1,0,10,0,259,0,0,4,0,0,493,16,20,0,0,114,5,0,0,0,0,0,0,0
1,24,2,34,4,2,0,1.026534,0.998728,1.004693,31,2,584,100,100,0,0,0,40,46,0,2,2,80,8,483,36,0,0,3032,184,0,12,0,971,365,0,24,0,465,1,0,24,0,259,0,0,3,0,0,244,12,38,0,0,113,12,1,0,0,1,1,0,0
1,24,3,33,4,2,0,1.006453,1.006967,1.001406,31,2,584,100,100,0,0,0,38,44,2,0,2,80,8,191,21,0,0,3032,204,0,7,0,971,297,0,14,0,465,0,0,18,0,259,0,0,6,0,0,404,24,27,0,0,122,9,1,0,0,1,1,0,0
1,25,0,42,6,2,0,1.047074,0.995051,0.993017,39,1,459,100,100,0,0,0,0,14,42,40,2,80,2,315,30,0,0,3000,226,0,10,0,968,341,0,20,0,465,0,0,24,0,272,0,0,0,0,0,310,0,34,0,0,160,12,0,0,0,0,0,0,0
1,25,1,34,6,2,0,0.997113,0.990088,1.020883,32,2,584,100,100,0,0,0,14,0,48,44,2,80,2,187,33,0,0,3000,194,0,11,0,968,295,0,22,0,465,0,0,14,0,272,0,0,0,0,0,483,0,27,0,0,120,7,1,0,0,1,1,0,0
1,25,2,35,6,2,0,1.031118,0.996645,1.003772,31,3,709,100,100,0,0,0,42,48,0,2,2,80,2,500,33,0,0,3000,195,0,11,0,968,376,0,22,0,465,1,0,20,0,272,0,0,0,0,0,211,0,50,0,0,105,10,18,0,0,1,1,0,0
1,25,3,33,6,2,0,1.006453,1.006967,1.001406,32,2,584,100,100,0,0,0,40,44,2,0,2,80,2,197,21,0,0,3000,164,0,7,0,968,304,0,14,0,465,1,0,22,0,272,0,0,0,0,0,390,0,31,0,0,132,11,1,0,0,1,1,0,0
1,26,0,43,4,1,0,1.047495,0.996625,0.994731,39,1,459,100,100,0,0,0,0,16,44,42,2,80,6,326,33,0,0,3016,173,0,11,0,965,352,0,22,0,451,0,0,24,0,272,0,0,0,0,0,290,0,39,0,0,170,12,2,0,0,2,2,0,0
1,26,1,35,4,1,0,0.996903,0.989404,1.018792,33,2,584,100,100,0,0,0,16,0,50,46,2,80,6,208,36,0,0,3016,196,0,12,0,965,307,0,24,0,451,0,0,18,0,272,0,0,0,0,0,468,0,32,0,0,128,9,1,0,0,1,1,0,0
1,26,2,36,4,1,0,1.031512,0.994057,1.003882,32,3,709,100,100,0,0,0,44,50,0,4,2,80,6,518,33,0,0,3016,205,0,11,0,965,387,0,22,0,451,0,0,28,0,272,0,0,0,0,0,185,0,43,0,0,117,14,2,0,0,2,2,0,0
1,26,3,33,4,1,0,1.005887,1.005462,1.00178,32,2,584,100,100,0,0,0,42,46,4,0,2,80,6,200,21,0,0,3016,204,0,7,0,965,311,0,14,0,451,1,0,24,0,272,0,0,0,0,0,371,0,31,0,0,144,12,0,0,0,0,0,0,0
1,27,0,43,1,0,0,1.047495,0.996625,0.994731,41,1,459,100,100,0,0,0,0,16,46,44,2,80,20,329,33,0,0,3048,215,0,11,0,962,363,0,22,0,439,1,0,26,0,272,0,0,0,0,0,268,0,39,0,0,182,13,1,0,0,1,1,0,0
1,27,1,35,1,0,0,0.996903,0.989404,1.018792,34,2,584,100,100,0,0,0,16,0,52,48,2,80,20,222,36,0,0,3048,205,0,12,0,962,319,0,24,0,439,0,0,18,0,272,0,0,0,0,0,453,0,32,0,0,136,9,1,0,0,1,1,0,0
1,27,2,37,1,0,0,1.03527,0.993907,1.004778,34,3,709,100,100,0,0,0,46,52,0,4,2,80,20,535,36,0,0,3048,157,0,12,0,962,399,0,24,0,439,1,0,26,0,272,0,0,0,0,0,162,0,40,0,0,129,13,1,0,0,1,1,0,0
1,27,3,33,1,0,0,1.005887,1.005462,1.00178,32,2,584,100,100,0,0,0,44,48,4,0,2,80,20,205,21,0,0,3048,164,0,7,0,962,318,0,14,0,439,6,0,28,0,272,0,0,0,0,0,351,0,37,0,0,157,14,1,0,0,1,1,0,0
1,28,0,29,4,20,0,1.05017,0.994783,0.993411,27,1,459,100,100,0,0,0,0,18,48,46,2,80,9,332,30,0,0,3064,162,0,10,0,962,373,0,20,0,502,3,0,10,0,203,19,0,5,0,10,284,20,22,0,0,186,5,1,0,0,1,1,0,0
1,28,1,33,4,20,0,0.998022,0.985342,1.021158,32,3,709,100,100,0,0,0,18,0,54,50,2,80,9,228,27,0,0,3064,161,0,9,0,962,328,0,18,0,502,0,0,6,0,203,0,0,15,0,10,503,60,32,0,0,122,3,17,0,0,0,0,0,0
1,28,2,37,4,20,0,1.035536,0.993538,1.005891,34,3,709,100,100,0,0,0,48,54,0,6,2,80,9,551,33,0,0,3064,165,0,11,0,962,410,0,22,0,502,1,0,12,0,203,0,0,12,0,10,197,48,25,0,0,134,6,1,0,0,1,1,0,0
1,28,3,33,4,20,0,1.008768,1.003773,1.002974,32,2,584,100,100,0,0,0,46,50,6,0,2,80,9,207,18,0,0,3064,205,0,6,0,962,324,0,12,0,502,0,0,18,0,203,4,0,14,0,10,386,56,24,0,0,166,9,0,0,0,0,0,0,0
1,29,0,30,4,2,0,1.051913,0.993612,0.990732,28,1,459,100,100,0,0,0,0,18,50,48,2,80,12,344,30,0,0,3056,155,0,10,0,980,383,0,20,0,457,18,0,12,0,252,14,0,6,0,68,284,24,24,0,0,191,6,1,0,0,1,1,0,0
1,29,1,34,4,2,0,0.99998,0.985158,1.021558,32,3,709,100,100,0,0,0,18,0,56,50,2,80,12,237,27,0,0,3056,175,0,9,0,980,337,0,18,0,457,1,0,14,0,252,0,0,4,0,68,494,16,25,0,0,128,7,1,0,0,1,1,0,0
1,29,2,37,4,2,0,1.03358,0.998448,1.004556,33,3,709,100,100,0,0,0,50,56,0,6,2,80,12,563,33,0,0,3056,173,0,11,0,980,421,0,22,0,457,1,0,18,0,252,0,0,13,0,68,218,52,31,0,0,142,9,1,0,0,1,1,0,0
1,29,3,33,4,2,0,1.008768,1.003773,1.002974,32,2,584,100,100,0,0,0,48,50,6,0,2,80,12,206,18,0,0,3056,166,0,6,0,980,330,0,12,0,457,1,0,26,0,252,0,0,6,0,68,376,24,34,0,0,178,13,1,0,0,1,1,0,0
1,30,0,29,5,7,0,1.054064,0.988441,0.984258,26,2,584,100,100,0,0,0,0,18,52,50,2,80,4,362,33,0,0,2968,146,0,11,0,977,394,0,22,0,480,22,0,12,0,265,8,0,6,0,16,272,24,42,0,0,179,6,18,0,0,1,1,0,0
1,30,1,35,5,7,0,0.998288,0.984222,1.02275,33,3,709,100,100,0,0,0,18,0,58,52,2,80,4,247,27,0,0,2968,188,0,9,0,977,346,0,18,0,480,1,0,4,0,265,0,0,2,0,16,504,8,15,0,0,129,2,1,0,0,1,1,0,0
1,30,2,38,5,7,0,1.033161,0.994285,1.002946,33,3,709,100,100,0,0,0,52,58,0,6,2,80,4,579,33,0,0,2968,181,0,11,0,977,432,0,22,0,480,1,0,16,0,265,0,0,4,0,16,220,16,31,0,0,148,8,2,0,0,2,2,0,0
1,30,3,30,5,7,0,1.005689,1.001378,1.001724,30,2,584,100,100,0,0,0,50,52,6,0,2,80,4,208,18,0,0,2968,215,0,6,0,977,336,0,12,0,480,1,0,14,0,265,0,0,1,0,16,372,4,20,0,0,185,7,0,0,0,0,0,0,0
1,31,0,30,6,4,0,1.052098,0.980362,0.982844,26,2,584,100,100,0,0,0,0,18,54,52,2,80,0,387,33,0,0,3032,146,0,11,0,974,405,0,22,0,502,17,0,14,0,212,22,0,7,0,11,279,28,27,0,0,185,7,1,0,0,1,1,0,0
1,31,1,36,6,4,0,0.998899,0.981198,1.025258,33,3,709,100,100,0,0,0,18,0,60,54,2,80,0,257,27,0,0,3032,200,0,9,0,974,355,0,18,0,502,0,0,10,0,212,0,0,12,0,11,548,48,21,0,0,133,5,1,0,0,1,1,0,0
1,31,2,37,6,4,0,1.034551,0.995844,1.00556,33,3,709,100,100,0,0,0,54,60,0,6,2,80,0,593,33,0,0,3032,204,0,11,0,974,443,0,22,0,502,1,0,12,0,212,0,0,9,0,11,246,36,27,0,0,152,6,2,0,0,2,2,0,0
1,31,3,31,6,4,0,1.0069,0.997776,1.00156,30,2,584,100,100,0,0,0,52,54,6,0,2,80,0,212,18,0,0,3032,179,0,6,0,974,342,0,12,0,502,0,0,10,0,212,0,0,12,0,11,421,48,16,0,0,190,5,0,0,0,0,0,0,0
1,32,0,31,4,1,0,1.05394,0.979485,0.982245,26,2,584,100,100,0,0,0,0,18,56,54,2,80,8,409,33,0,0,3016,137,0,11,0,971,416,0,22,0,530,10,0,16,0,200,32,0,8,0,10,292,32,31,0,0,191,8,2,0,0,2,2,0,0
1,32,1,38,4,1,0,0.998118,0.984097,1.023402,34,4,834,100,100,0,0,0,18,0,60,56,2,80,8,269,30,0,0,3016,210,0,10,0,971,365,0,20,0,530,0,0,2,0,200,0,0,15,0,10,594,60,31,0,0,116,1,18,0,0,1,1,0,0
1,32,2,37,4,1,0,1.034551,0.995844,1.00556,35,4,834,100,100,0,0,0,56,60,0,6,2,80,8,610,36,0,0,3016,155,0,12,0,971,455,0,24,0,530,0,0,4,0,200,1,0,17,0,10,296,68,35,0,0,136,2,18,0,0,1,1,0,0
1,32,3,31,4,1,0,1.0069,0.997776,1.00156,30,2,584,100,100,0,0,0,54,56,6,0,2,80,8,216,18,0,0,3016,230,0,6,0,971,348,0,12,0,530,0,0,0,0,200,6,0,15,0,10,485,60,8,0,0,189,0,1,0,0,1,1,0,0
1,33,0,34,7,1,0,1.056825,0.981252,0.980063,28,2,584,100,100,0,0,0,0,18,58,56,2,80,6,434,36,0,0,3088,134,0,12,0,968,428,0,24,0,442,20,0,18,0,272,23,0,9,0,5,306,36,34,0,0,198,9,2,0,0,2,2,0,0
1,33,1,39,7,1,0,0.999256,0.984773,1.024804,35,4,834,100,100,0,0,0,18,0,62,58,2,80,6,279,30,0,0,3088,162,0,10,0,968,375,0,20,0,442,0,0,20,0,272,0,0,0,0,5,577,0,34,0,0,124,10,2,0,0,2,2,0,0
1,33,2,39,7,1,0,1.036465,0.991512,1.007452,36,4,834,100,100,0,0,0,58,62,0,6,2,80,6,628,36,0,0,3088,178,0,12,0,968,467,0,24,0,442,0,0,24,0,272,0,0,1,0,5,279,4,38,0,0,147,12,1,0,0,1,1,0,0
1,33,3,31,7,1,0,1.006669,0.99924,1.00195,30,2,584,100,100,0,0,0,56,58,6,0,2,80,6,220,18,0,0,3088,193,0,6,0,968,354,0,12,0,442,1,0,26,0,272,0,0,6,0,5,494,24,32,0,0,202,13,0,0,0,0,0,0,0
1,34,0,34,3,3,0,1.056825,0.981252,0.980063,30,2,584,100,100,0,0,0,0,18,60,58,2,80,3,457,39,0,0,2928,135,0,13,0,956,441,0,26,0,519,11,0,22,0,223,12,0,11,0,7,326,44,39,0,0,207,11,2,0,0,2,2,0,0
1,34,1,38,3,3,0,0.995813,0.984514,1.028636,35,4,834,100,100,0,0,0,18,0,64,60,2,80,3,283,27,0,0,2928,178,0,9,0,956,384,0,18,0,519,1,0,2,0,223,0,0,12,0,7,629,48,13,0,0,124,1,1,0,0,1,1,0,0
1,34,2,40,3,3,0,1.038995,0.988674,1.00854,37,4,834,100,100,0,0,0,60,64,0,6,2,80,3,650,42,0,0,2928,197,0,14,0,956,481,0,28,0,519,1,0,4,0,223,1,0,17,0,7,344,68,20,0,0,148,2,1,0,0,1,1,0,0
1,34,3,31,3,3,0,1.007872,0.99881,1.002371,29,3,709,100,100,0,0,0,58,60,6,0,2,80,3,229,21,0,0,2928,243,0,7,0,956,361,0,14,0,519,1,0,4,0,223,0,0,13,0,7,528,52,30,0,0,186,2,18,0,0,1,1,0,0
1,35,0,33,2,3,0,1.056823,0.980199,0.976943,31,2,584,100,100,0,0,0,0,18,62,60,2,80,16,475,36,0,0,3000,137,0,12,0,959,453,0,24,0,477,14,0,22,0,272,1,0,11,0,2,349,44,36,0,0,217,11,1,0,0,1,1,0,0
1,35,1,38,2,3,0,0.995813,0.984514,1.028636,36,4,834,100,100,0,0,0,18,0,66,62,2,80,16,288,27,0,0,3000,203,0,9,0,959,393,0,18,0,477,1,0,12,0,272,0,0,0,0,2,623,0,23,0,0,129,6,1,0,0,1,1,0,0
1,35,2,39,2,3,0,1.040403,0.984333,1.009822,36,4,834,100,100,0,0,0,62,66,0,6,2,80,16,663,39,0,0,3000,224,0,13,0,959,494,0,26,0,477,1,0,16,0,272,0,0,1,0,2,334,4,31,0,0,155,8,1,0,0,1,1,0,0
1,35,3,32,2,3,0,1.008612,1.001638,1.00224,30,3,709,100,100,0,0,0,60,62,6,0,2,80,16,233,21,0,0,3000,205,0,7,0,959,368,0,14,0,477,0,0,12,0,272,0,0,0,0,2,524,0,21,0,0,191,6,1,0,0,1,1,0,0
1,36,0,36,5,0,0,1.058,0.978665,0.975586,32,3,709,100,100,0,0,0,0,20,64,62,3,80,18,498,36,0,0,3080,140,0,12,0,965,465,0,24,0,536,0,0,14,0,215,17,0,11,0,2,363,44,45,0,0,206,7,18,0,0,1,1,0,0
1,36,1,39,5,0,0,0.994814,0.985813,1.030458,37,4,834,100,100,0,0,0,20,0,68,64,3,80,18,295,27,0,0,3080,228,0,9,0,965,402,0,18,0,536,0,0,4,0,215,0,0,12,0,2,673,48,15,0,0,130,2,1,0,0,1,1,0,0
1,36,2,40,5,0,0,1.040425,0.982232,1.011981,37,4,834,100,100,0,0,0,64,68,0,6,2,80,18,679,39,0,0,3080,172,0,13,0,965,507,0,26,0,536,0,0,2,0,215,0,0,9,0,2,370,36,17,0,0,155,1,1,0,0,1,1,0,0
1,36,3,32,5,0,0,1.008612,1.001638,1.00224,31,3,709,100,100,0,0,0,62,64,6,0,2,80,18,230,21,0,0,3080,166,0,7,0,965,375,0,14,0,536,0,0,4,0,215,0,0,9,0,2,564,36,13,0,0,192,2,1,0,0,1,1,0,0
1,37,0,34,4,9,0,1.06588,0.973773,0.976478,29,3,709,100,100,0,0,0,0,22,66,64,3,80,4,510,30,0,0,2976,134,0,10,0,959,475,0,20,0,480,8,0,22,0,272,6,0,11,0,0,388,44,36,0,0,215,11,2,0,0,2,2,0,0
1,37,1,39,4,9,0,0.994814,0.985813,1.030458,38,4,834,100,100,0,0,0,22,0,70,66,3,80,4,299,27,0,0,2976,180,0,9,0,959,411,0,18,0,480,0,0,14,0,272,0,0,0,0,0,667,0,25,0,0,136,7,1,0,0,1,1,0,0
1,37,2,40,4,9,0,1.046147,0.98691,1.009682,36,4,834,100,100,0,0,0,66,70,0,8,2,80,4,699,39,0,0,2976,199,0,13,0,959,520,0,26,0,480,1,0,8,0,272,0,0,0,0,0,361,0,23,0,0,158,4,1,0,0,1,1,0,0
1,37,3,29,4,9,0,1.006522,1.004133,1.002183,29,3,709,100,100,0,0,0,64,66,8,0,2,80,4,236,21,0,0,2976,215,0,7,0,959,382,0,14,0,480,1,0,10,0,272,0,0,0,0,0,556,0,17,0,0,197,5,0,0,0,0,0,0,0
1,38,0,34,5,4,0,1.069304,0.975623,0.974291,30,3,709,100,100,0,0,0,0,22,68,66,3,80,3,525,30,0,0,3000,130,0,10,0,971,485,0,20,0,454,12,0,26,0,263,0,0,6,0,0,389,24,40,0,0,226,13,2,0,0,2,2,0,0
1,38,1,40,5,4,0,1.003496,0.982154,1.03432,38,4,834,100,100,0,0,0,22,0,72,68,3,80,3,302,24,0,0,3000,213,0,8,0,971,419,0,16,0,454,1,0,14,0,263,0,0,6,0,0,686,24,22,0,0,143,7,0,0,0,0,0,0,0
1,38,2,39,5,4,0,1.046352,0.987303,1.011699,36,4,834,100,100,0,0,0,68,72,0,8,2,80,3,716,39,0,0,3000,226,0,13,0,971,533,0,26,0,454,0,0,16,0,263,0,0,3,0,0,357,12,33,0,0,164,8,2,0,0,2,2,0,0
1,38,3,30,5,4,0,1.011536,1.001568,1.000812,28,3,709,100,100,0,0,0,66,68,8,0,2,80,3,247,21,0,0,3000,179,0,7,0,971,389,0,14,0,454,0,0,22,0,263,0,0,0,0,0,544,0,29,0,0,208,11,0,0,0,0,0,0,0
1,39,0,33,6,6,0,1.07252,0.975794,0.972896,31,3,709,100,100,0,0,0,0,22,70,68,3,80,1,542,30,0,0,3064,126,0,10,0,968,495,0,20,0,526,0,0,18,0,200,7,0,14,0,3,433,56,30,0,0,234,9,1,0,0,1,1,0,0
1,39,1,40,6,6,0,1.002716,0.978907,1.034944,36,4,834,100,100,0,0,0,22,0,74,70,3,80,1,304,24,0,0,3064,165,0,8,0,968,427,0,16,0,526,1,0,6,0,200,0,0,12,0,3,735,48,16,0,0,145,3,1,0,0,1,1,0,0
1,39,2,40,6,6,0,1.043835,0.984393,1.013189,38,4,834,100,100,0,0,0,70,74,0,10,2,80,1,735,39,0,0,3064,174,0,13,0,968,546,0,26,0,526,1,0,2,0,200,0,0,15,0,3,421,60,15,0,0,165,1,0,0,0,0,0,0,0
1,39,3,30,6,6,0,1.010713,1.000326,1.002938,26,3,709,100,100,0,0,0,68,70,10,0,2,80,1,260,24,0,0,3064,221,0,8,0,968,397,0,16,0,526,1,0,2,0,200,5,0,13,0,3,593,52,12,0,0,208,1,1,0,0,1,1,0,0
1,40,0,36,5,5,0,1.076413,0.976242,0.978282,32,3,709,100,100,0,0,0,0,24,72,70,3,80,2,560,30,0,0,2992,123,0,10,0,971,505,0,20,0,517,0,0,12,0,236,0,0,10,0,0,466,40,24,0,0,239,6,1,0,0,1,1,0,0
1,40,1,39,5,5,0,1.00517,0.973618,1.033674,35,4,834,100,100,0,0,0,24,0,76,72,3,80,2,306,24,0,0,2992,197,0,8,0,971,435,0,16,0,517,0,0,4,0,236,0,0,9,0,0,777,36,16,0,0,145,2,2,0,0,2,2,0,0
1,40,2,39,5,5,0,1.047838,0.984743,1.015078,36,4,834,100,100,0,0,0,72,76,0,12,2,80,2,755,42,0,0,2992,200,0,14,0,971,557,0,28,0,517,1,0,6,0,236,0,0,9,0,0,448,36,22,0,0,167,3,1,0,0,1,1,0,0
1,40,3,29,5,5,0,1.008753,1.003587,1.004171,27,4,834,100,100,0,0,0,70,72,12,0,2,80,2,270,24,0,0,2992,183,0,8,0,971,405,0,16,0,517,1,0,6,0,236,0,0,11,0,0,619,44,33,0,0,193,3,18,0,0,1,1,0,0
5,1,0,51,7,1,0,0.99408,0.989046,0.996473,0,0,334,100,100,0,0,0,0,0,2,2,0,80,7,58,39,0,0,2816,200,0,13,0,932,63,0,26,0,482,1,0,48,0,218,17,0,24,0,68,84,96,79,0,0,15,24,9,0,0,9,9,0,0
5,1,1,51,7,1,0,0.994166,0.991462,0.995759,0,0,334,100,100,0,0,0,0,0,2,2,0,80,7,53,39,0,0,2816,200,0,13,0,932,63,0,26,0,482,1,0,46,0,218,15,0,24,0,68,86,96,77,0,0,14,23,9,0,0,9,9,0,0
5,1,2,52,7,1,0,0.995338,0.988859,0.998418,0,0,334,100,100,0,0,0,2,2,0,0,0,80,7,56,36,0,0,2816,201,0,12,0,932,62,0,24,0,482,5,0,48,0,218,13,0,24,0,68,85,96,78,0,0,15,24,9,0,0,9,9,0,0
5,1,3,52,7,1,0,0.996945,0.987378,1.00054,0,0,334,100,100,0,0,0,2,2,0,0,0,80,7,58,39,0,0,2816,200,0,13,0,932,63,0,26,0,482,1,0,48,0,218,13,0,24,0,68,84,96,79,0,0,15,24,9,0,0,9,9,0,0
5,2,0,52,6,4,0,0.994468,0.98854,0.996174,9,0,334,100,100,0,0,0,0,0,4,4,0,80,1,68,39,0,0,2808,232,0,13,0,932,76,0,26,0,415,1,0,30,0,272,0,0,17,0,0,108,68,61,0,0,21,15,9,0,0,9,9,0,0
5,2,1,50,6,4,0,0.998402,0.992195,0.994416,9,0,334,100,100,0,0,0,0,0,4,4,0,80,1,55,39,0,0,2808,224,0,13,0,932,76,0,26,0,415,1,0,30,0,272,0,0,15,0,0,102,60,61,0,0,20,15,9,0,0,9,9,0,0
5,2,2,55,6,4,0,0.999835,0.988893,0.99951,9,0,334,100,100,0,0,0,4,4,0,0,0,80,1,62,39,0,0,2808,232,0,13,0,932,75,0,26,0,415,0,0,38,0,272,0,0,13,0,0,85,52,69,0,0,25,19,9,0,0,9,9,0,0
5,2,3,51,6,4,0,0.998113,0.985328,1.003392,9,0,334,100,100,0,0,0,4,4,0,0,0,80,1,63,39,0,0,2808,231,0,13,0,932,76,0,26,0,415,0,0,34,0,272,0,0,13,0,0,87,52,65,0,0,23,17,9,0,0,9,9,0,0
5,3,0,50,3,6,1,0.994716,0.987735,0.997938,15,0,334,100,100,0,0,0,0,-2,6,6,0,80,1,73,39,0,0,3200,167,0,13,0,920,89,0,26,0,478,0,0,16,0,176,0,0,18,0,0,150,72,47,0,0,20,8,9,0,0,9,9,0,0
5,3,1,50,3,6,1,1.000182,0.990296,0.994795,18,0,334,100,100,0,0,0,-2,0,0,4,0,80,1,69,39,0,0,3200,161,0,13,0,920,89,0,26,0,478,1,0,12,0,176,0,0,24,0,0,172,96,43,0,0,17,6,9,0,0,9,9,0,0
5,3,2,55,3,6,1,0.999343,0.989106,0.999077,18,0,334,100,100,0,0,0,6,0,0,0,0,80,1,70,45,0,0,3200,162,0,15,0,920,90,0,30,0,478,0,0,18,0,176,0,0,24,0,0,147,96,51,0,0,25,9,9,0,0,9,9,0,0
5,3,3,50,3,6,1,0.997289,0.986076,1.001729,18,0,334,100,100,0,0,0,6,4,0,0,0,80,1,66,39,0,0,3200,167,0,13,0,920,89,0,26,0,478,0,0,18,0,176,1,0,23,0,0,146,92,49,0,0,23,9,9,0,0,9,9,0,0
5,4,0,48,8,8,0,0.996334,0.98489,0.996718,23,0,334,100,100,0,0,0,0,-2,8,8,0,80,2,72,30,0,0,2800,203,0,10,0,926,99,0,20,0,390,0,0,32,0,272,0,0,0,0,0,107,0,60,0,0,27,16,9,0,0,9,9,0,0
5,4,1,50,8,8,0,1.001879,0.990987,0.995634,27,0,334,100,100,0,0,0,-2,0,2,6,0,80,2,75,36,0,0,2800,203,0,12,0,926,101,0,24,0,390,1,0,36,0,272,0,0,0,0,0,123,0,66,0,0,26,18,9,0,0,9,9,0,0
5,4,2,54,8,8,0,1.002274,0.988112,0.999655,25,0,334,100,100,0,0,0,8,2,0,0,0,80,2,78,45,0,0,2800,180,0,15,0,926,105,0,30,0,390,0,0,44,0,272,0,0,0,0,0,84,0,77,0,0,38,22,9,0,0,9,9,0,0
5,4,3,53,8,8,0,0.999909,0.98428,1.004814,27,0,334,100,100,0,0,0,8,6,0,0,0,80,2,74,39,0,0,2800,200,0,13,0,926,102,0,26,0,390,0,0,42,0,272,0,0,1,0,0,94,4,73,0,0,35,21,9,0,0,9,9,0,0
5,5,0,49,3,7,1,0.997011,0.985545,0.996355,32,0,334,100,100,0,0,0,0,-4,10,10,0,80,8,71,33,0,0,2800,240,0,11,0,929,110,0,22,0,457,1,0,16,0,214,0,0,17,0,0,149,68,43,0,0,27,8,8,0,0,8,8,0,0
5,5,1,51,3,7,1,1.003928,0.988711,0.996711,36,0,334,100,100,0,0,0,-4,0,2,2,0,80,8,84,36,0,0,2800,245,0,12,0,929,113,0,24,0,457,1,0,20,0,214,0,0,11,0,0,138,44,46,0,0,29,10,7,0,0,7,7,0,0
5,5,2,50,3,7,1,0.99774,0.98979,1.001966,32,0,334,100,100,0,0,0,10,2,0,0,0,80,8,87,45,0,0,2800,199,0,15,0,929,120,0,30,0,457,0,0,26,0,214,0,0,9,0,0,77,36,59,0,0,42,13,9,0,0,9,9,0,0
5,5,3,51,3,7,1,1.000315,0.984383,1.007862,35,0,334,100,100,0,0,0,10,2,0,0,0,80,8,76,39,0,0,2800,238,0,13,0,929,115,0,26,0,457,1,0,14,0,214,0,0,21,0,0,152,84,43,0,0,34,7,8,0,0,8,8,0,0
5,6,0,42,5,33,0,1.001709,0.987244,1.005128,34,0,334,100,100,0,0,0,0,-4,12,12,0,80,4,69,30,0,0,3112,181,0,10,0,935,120,0,20,0,403,1,0,24,0,272,0,0,0,0,0,122,0,42,0,0,35,12,4,0,0,4,4,0,0
5,6,1,40,5,33,0,1.003833,0.988581,0.993141,31,0,334,100,100,0,0,0,-4,0,4,4,0,80,4,81,36,0,0,3112,182,0,12,0,935,125,0,24,0,403,0,0,28,0,272,0,0,0,0,0,99,0,48,0,0,39,14,4,0,0,4,4,0,0
5,6,2,48,5,33,0,1.001421,0.989182,1.008269,38,0,334,100,100,0,0,0,12,4,0,2,0,80,4,96,42,0,0,3112,215,0,14,0,935,134,0,28,0,403,3,0,36,0,272,0,0,0,0,0,32,0,58,0,0,56,18,4,0,0,4,4,0,0
5,6,3,43,5,33,0,0.999926,0.978883,1.007278,35,0,334,100,100,0,0,0,12,4,2,0,0,80,4,85,39,0,0,3112,174,0,13,0,935,128,0,26,0,403,6,0,34,0,272,0,0,0,0,0,108,0,55,0,0,47,17,4,0,0,4,4,0,0
5,7,0,42,3,3,0,1.001709,0.987244,1.005128,38,0,334,100,100,0,0,0,0,-4,14,14,0,80,4,73,30,0,0,2968,209,0,10,0,941,130,0,20,0,498,1,0,6,0,195,0,0,18,0,8,191,72,20,0,0,36,3,2,0,0,2,2,0,0
5,7,1,41,3,3,0,1.003444,0.98863,0.993122,35,0,334,100,100,0,0,0,-4,0,6,6,0,80,4,94,36,0,0,2968,202,0,12,0,941,137,0,24,0,498,1,0,22,0,195,0,0,8,0,8,101,32,40,0,0,47,11,3,0,0,3,3,0,0
5,7,2,48,3,3,0,1.000323,0.986137,1.0086,40,0,334,100,100,0,0,0,14,6,0,2,0,80,4,106,39,0,0,2968,154,0,13,0,941,147,0,26,0,498,1,0,16,0,195,0,0,18,0,8,89,72,35,0,0,61,8,3,0,0,3,3,0,0
5,7,3,42,3,3,0,1.000954,0.981648,1.006789,39,0,334,100,100,0,0,0,14,6,2,0,0,80,4,101,39,0,0,2968,198,0,13,0,941,141,0,26,0,498,1,0,8,0,195,10,0,17,0,8,164,68,25,0,0,49,4,2,0,0,2,2,0,0
5,8,0,40,4,4,0,1.000445,0.987012,1.001352,38,0,334,100,100,0,0,0,0,-4,16,16,0,80,3,73,24,0,0,2944,159,0,8,0,944,138,0,16,0,421,1,0,24,0,272,0,0,0,0,5,178,0,34,0,0,47,12,1,0,0,1,1,0,0
5,8,1,41,4,4,0,1.001624,0.989517,0.993343,37,0,334,100,100,0,0,0,-4,0,8,8,0,80,3,106,36,0,0,2944,221,0,12,0,944,149,0,24,0,421,0,0,32,0,272,0,0,0,0,5,65,0,48,0,0,61,16,2,0,0,2,2,0,0
5,8,2,49,4,4,0,1.00134,0.986864,1.00603,43,0,334,100,100,0,0,0,16,8,0,2,0,80,3,116,39,0,0,2944,197,0,13,0,944,160,0,26,0,421,0,0,40,0,272,0,0,0,0,5,43,0,59,0,0,78,20,3,0,0,3,3,0,0
5,8,3,43,4,4,0,1.002385,0.985872,1.003841,40,0,334,100,100,0,0,0,16,8,2,0,0,80,3,116,36,0,0,2944,224,0,12,0,944,153,0,24,0,421,1,0,26,0,272,0,0,10,0,5,181,40,40,0,0,61,13,1,0,0,1,1,0,0
5,9,0,40,6,2,0,1.000445,0.987012,1.001352,39,0,334,100,100,0,0,0,0,-4,18,18,0,80,1,75,24,0,0,3016,191,0,8,0,947,146,0,16,0,487,1,0,18,0,206,0,0,8,0,0,199,32,28,0,0,55,9,1,0,0,1,1,0,0
5,9,1,40,6,2,0,1.00491,0.984858,0.99425,38,0,334,100,100,0,0,0,-4,0,10,10,0,80,1,120,36,0,0,3016,168,0,12,0,947,161,0,24,0,487,0,0,6,0,206,7,0,16,0,0,124,64,20,0,0,63,3,1,0,0,1,1,0,0
5,9,2,51,6,2,0,1.004944,0.985904,1.00839,46,0,334,100,100,0,0,0,18,10,0,2,0,80,1,127,42,0,0,3016,238,0,14,0,947,174,0,28,0,487,1,0,20,0,206,0,0,14,0,0,78,56,38,0,0,86,10,2,0,0,2,2,0,0
5,9,3,46,6,2,0,1.005572,0.987284,1.008215,41,0,334,100,100,0,0,0,18,10,2,0,0,80,1,132,39,0,0,3016,168,0,13,0,947,166,0,26,0,487,1,0,12,0,206,3,0,18,0,0,243,72,27,0,0,66,6,1,0,0,1,1,0,0
5,10,0,41,5,2,0,1.002529,0.986869,1.003593,40,0,334,100,100,0,0,0,0,-4,20,20,2,80,1,76,24,0,0,2968,223,0,8,0,938,154,0,16,0,463,0,0,14,0,246,0,0,6,0,0,218,24,22,0,0,62,7,0,0,0,0,0,0,0
5,10,1,42,5,2,0,1.007927,0.983364,0.995248,39,0,334,100,100,0,0,0,-4,0,12,12,0,80,1,137,39,0,0,2968,179,0,13,0,938,174,0,26,0,463,0,0,24,0,246,0,0,9,0,0,138,36,39,0,0,74,12,1,0,0,1,1,0,0
5,10,2,52,5,2,0,1.003777,0.985086,1.008604,48,0,334,100,100,0,0,0,20,12,0,4,1,80,1,142,45,0,0,2968,172,0,15,0,938,189,0,30,0,463,0,0,16,0,246,0,0,13,0,0,112,52,35,0,0,92,8,2,0,0,2,2,0,0
5,10,3,45,5,2,0,1.007966,0.986988,1.008017,40,0,334,100,100,0,0,0,20,12,4,0,1,80,1,140,36,0,0,2968,198,0,12,0,938,178,0,24,0,463,0,0,30,0,246,0,0,8,0,0,246,32,46,0,0,79,15,2,0,0,2,2,0,0
5,11,0,43,5,2,0,1.003134,0.988632,1.00011,39,0,334,100,100,0,0,0,0,-2,22,22,2,80,0,78,24,0,0,2928,174,0,8,0,938,162,0,16,0,503,1,0,4,0,221,0,0,13,0,0,272,52,14,0,0,63,2,1,0,0,1,1,0,0
5,11,1,42,5,2,0,1.007927,0.983364,0.995248,40,0,334,100,100,0,0,0,-2,0,14,14,0,80,0,156,42,0,0,2928,195,0,14,0,938,188,0,28,0,503,0,0,14,0,221,0,0,4,0,0,141,16,30,0,0,80,7,1,0,0,1,1,0,0
5,11,2,53,5,2,0,1.001802,0.982646,1.008354,50,0,334,100,100,0,0,0,22,14,0,4,1,80,0,153,42,0,0,2928,218,0,14,0,938,203,0,28,0,503,0,0,12,0,221,0,0,17,0,0,169,68,28,0,0,97,6,1,0,0,1,1,0,0
5,11,3,45,5,2,0,1.007966,0.986988,1.008017,42,1,459,100,100,0,0,0,22,14,4,0,1,80,0,154,39,0,0,2928,228,0,13,0,938,191,0,26,0,503,0,0,10,0,221,0,0,17,0,0,287,68,44,0,0,65,5,19,0,0,2,2,0,0
5,12,0,43,5,4,0,1.004597,0.987183,0.998028,39,0,334,100,100,0,0,0,0,0,24,24,2,80,1,81,24,0,0,2936,206,0,8,0,938,170,0,16,0,405,0,0,28,0,272,0,0,0,0,0,249,0,40,0,0,75,14,2,0,0,2,2,0,0
5,12,1,42,5,4,0,1.00669,0.98468,0.993798,40,0,334,100,100,0,0,0,0,0,16,16,0,80,1,170,39,0,0,2936,206,0,13,0,938,201,0,26,0,405,1,0,32,0,272,0,0,0,0,0,111,0,47,0,0,95,16,1,0,0,1,1,0,0
5,12,2,52,5,4,0,1.00214,0.981602,1.010299,50,0,334,100,100,0,0,0,24,16,0,6,1,80,1,160,42,0,0,2936,258,0,14,0,938,217,0,28,0,405,0,0,38,0,272,0,0,0,0,0,132,0,54,0,0,115,19,1,0,0,1,1,0,0
5,12,3,47,5,4,0,1.011396,0.983891,1.01066,44,1,459,100,100,0,0,0,24,16,6,0,1,80,1,168,39,0,0,2936,170,0,13,0,938,204,0,26,0,405,0,0,38,0,272,0,0,0,0,0,251,0,53,0,0,83,19,1,0,0,1,1,0,0
5,13,0,42,7,11,0,1.005529,0.985309,0.999269,39,0,334,100,100,0,0,0,0,0,26,26,2,80,2,82,27,0,0,2936,242,0,9,0,950,175,0,18,0,449,0,0,22,0,257,0,0,2,0,0,238,8,33,0,0,85,11,1,0,0,1,1,0,0
5,13,1,42,7,11,0,1.009447,0.986246,0.997516,38,0,334,100,100,0,0,0,0,0,18,18,0,80,2,184,39,0,0,2936,223,0,13,0,950,212,0,26,0,449,0,0,22,0,257,0,0,0,0,0,89,0,37,0,0,105,11,1,0,0,1,1,0,0
5,13,2,51,7,11,0,1.003018,0.980265,1.011653,48,0,334,100,100,0,0,0,26,18,0,8,1,80,2,170,42,0,0,2936,192,0,14,0,950,228,0,28,0,449,1,0,22,0,257,0,0,4,0,0,126,16,38,0,0,125,11,1,0,0,1,1,0,0
5,13,3,45,7,11,0,1.011326,0.983296,1.009354,43,1,459,100,100,0,0,0,26,18,8,0,1,80,2,180,39,0,0,2936,206,0,13,0,950,214,0,26,0,449,1,0,24,0,257,0,0,2,0,0,237,8,39,0,0,94,12,1,0,0,1,1,0,0
5,14,0,45,5,4,0,1.011852,0.982314,1.001535,40,1,459,100,100,0,0,0,0,0,28,28,2,80,11,82,27,0,0,3000,191,0,9,0,938,184,0,18,0,544,0,0,0,0,173,0,0,18,0,3,299,72,28,0,0,67,0,18,0,0,1,1,0,0
5,14,1,42,5,4,0,1.009447,0.986246,0.997516,39,0,334,100,100,0,0,0,0,0,20,20,2,80,11,201,42,0,0,3000,167,0,14,0,938,226,0,28,0,544,0,0,0,0,173,13,0,17,0,3,156,68,18,0,0,103,0,2,0,0,2,2,0,0
5,14,2,49,5,4,0,1.004529,0.980349,1.012979,47,0,334,100,100,0,0,0,28,20,0,8,2,80,11,181,42,0,0,3000,223,0,14,0,938,242,0,28,0,544,1,0,0,0,173,4,0,23,0,3,219,92,16,0,0,124,0,1,0,0,1,1,0,0
5,14,3,45,5,4,0,1.013683,0.987231,1.010697,42,1,459,100,100,0,0,0,28,20,8,0,2,80,11,189,39,0,0,3000,228,0,13,0,938,227,0,26,0,544,1,0,0,0,173,6,0,18,0,3,308,72,15,0,0,93,0,1,0,0,1,1,0,0
5,15,0,44,3,3,0,1.012394,0.98201,1.003537,40,1,459,100,100,0,0,0,0,0,30,30,2,80,2,83,30,0,0,3024,232,0,10,0,932,194,0,20,0,451,1,0,14,0,239,0,0,12,0,0,332,48,28,0,0,72,7,2,0,0,2,2,0,0
5,15,1,42,3,3,0,1.007213,0.985469,1.000029,39,0,334,100,100,0,0,0,0,0,22,22,2,80,2,222,42,0,0,3024,183,0,14,0,932,240,0,28,0,451,0,0,24,0,239,3,0,16,0,0,190,64,40,0,0,114,12,1,0,0,1,1,0,0
5,15,2,49,3,3,0,1.004529,0.980349,1.012979,48,0,334,100,100,0,0,0,30,22,0,8,2,80,2,191,42,0,0,3024,160,0,14,0,932,256,0,28,0,451,1,0,24,0,239,0,0,11,0,0,246,44,40,0,0,135,12,1,0,0,1,1,0,0
5,15,3,46,3,3,0,1.014005,0.986446,1.012827,43,1,459,100,100,0,0,0,30,22,8,0,2,80,2,199,39,0,0,3024,170,0,13,0,932,240,0,26,0,451,0,0,28,0,239,0,0,14,0,0,343,56,43,0,0,106,14,1,0,0,1,1,0,0
5,16,0,41,4,12,0,1.015053,0.979983,1.004542,38,1,459,100,100,0,0,0,0,2,32,32,2,80,4,82,27,0,0,2920,179,0,9,0,977,189,0,18,0,434,0,0,28,0,272,0,0,0,0,0,307,0,39,0,0,85,14,1,0,0,1,1,0,0
5,16,1,42,4,12,0,1.008401,0.985367,1.003246,39,0,334,100,100,0,0,0,2,0,24,24,2,80,4,238,42,0,0,2920,215,0,14,0,977,248,0,28,0,434,0,0,20,0,272,0,0,3,0,0,180,12,36,0,0,123,10,1,0,0,1,1,0,0
5,16,2,48,4,12,0,1.011322,0.981611,1.014351,46,0,334,100,100,0,0,0,32,24,0,10,2,80,4,202,42,0,0,2920,185,0,14,0,977,262,0,28,0,434,1,0,30,0,272,0,0,0,0,0,216,0,44,0,0,150,15,0,0,0,0,0,0,0
5,16,3,42,4,12,0,1.014114,0.985251,1.013117,41,1,459,100,100,0,0,0,32,24,10,0,2,80,4,204,36,0,0,2920,200,0,12,0,977,238,0,24,0,434,1,0,32,0,272,0,0,0,0,0,310,0,46,0,0,121,16,1,0,0,1,1,0,0
5,17,0,43,8,3,0,1.018587,0.979839,1.004866,39,1,459,100,100,0,0,0,0,4,34,34,2,80,3,88,27,0,0,2926,231,0,9,0,941,198,0,18,0,454,1,0,14,0,241,0,0,10,0,0,339,40,25,0,0,91,7,1,0,0,1,1,0,0
5,17,1,45,8,3,0,1.01041,0.985912,1.000996,40,0,334,100,100,0,0,0,4,0,26,26,2,80,3,258,42,0,0,2926,159,0,14,0,941,262,0,28,0,454,0,0,24,0,241,0,0,4,0,0,173,16,40,0,0,134,12,1,0,0,1,1,0,0
5,17,2,48,8,3,0,1.011851,0.982074,1.016069,45,0,334,100,100,0,0,0,34,26,0,10,2,80,3,211,39,0,0,2926,216,0,13,0,941,275,0,26,0,454,1,0,24,0,241,0,0,10,0,0,234,40,39,0,0,161,12,1,0,0,1,1,0,0
5,17,3,42,8,3,0,1.012233,0.981828,1.015711,40,1,459,100,100,0,0,0,34,26,10,0,2,80,3,210,30,0,0,2926,228,0,10,0,941,248,0,20,0,454,0,0,28,0,241,0,0,7,0,0,317,28,38,0,0,135,14,0,0,0,0,0,0,0
5,18,0,42,2,4,0,1.019212,0.978115,1.004789,39,2,584,100,100,0,0,0,0,6,36,36,2,80,18,93,33,0,0,3112,177,0,11,0,954,209,0,22,0,540,1,0,0,0,144,1,0,23,0,0,416,92,32,0,0,72,0,19,0,0,2,2,0,0
5,18,1,45,2,4,0,1.007237,0.987125,0.998318,40,0,334,100,100,0,0,0,6,0,28,28,2,80,18,276,48,0,0,3112,186,0,16,0,954,266,0,32,0,540,0,0,0,0,144,16,0,17,0,0,233,68,20,0,0,132,0,2,0,0,2,2,0,0
5,18,2,48,2,4,0,1.011289,0.983509,1.017116,45,1,459,100,100,0,0,0,36,28,0,12,2,80,18,221,42,0,0,3112,154,0,14,0,954,282,0,28,0,540,1,0,2,0,144,13,0,21,0,0,298,84,35,0,0,144,1,18,0,0,1,1,0,0
5,18,3,41,2,4,0,1.009701,0.982511,1.014784,40,2,584,100,100,0,0,0,36,28,12,0,2,80,18,214,30,0,0,3112,176,0,10,0,954,258,0,20,0,540,0,0,2,0,144,15,0,19,0,0,381,76,31,0,0,118,1,18,0,0,1,1,0,0
5,19,0,44,6,0,0,1.021092,0.978952,1.006506,41,3,709,100,100,0,0,0,0,6,38,38,2,80,7,102,33,0,0,2824,228,0,11,0,935,220,0,22,0,542,1,0,0,0,150,2,0,23,0,0,495,92,30,0,0,54,0,18,0,0,1,1,0,0
5,19,1,47,6,0,0,1.008826,0.98835,0.999506,42,1,459,100,100,0,0,0,6,0,30,30,2,80,7,295,48,0,0,2824,213,0,16,0,935,282,0,32,0,542,0,0,0,0,150,28,0,18,0,0,285,72,37,0,0,113,0,19,0,0,2,2,0,0
5,19,2,49,6,0,0,1.014007,0.983011,1.017794,46,1,459,100,100,0,0,0,38,30,0,12,2,80,7,233,42,0,0,2824,188,0,14,0,935,296,0,28,0,542,0,0,2,0,150,25,0,22,0,0,385,88,18,0,0,144,1,1,0,0,1,1,0,0
5,19,3,42,6,0,0,1.011148,0.980909,1.016948,41,2,584,100,100,0,0,0,38,30,12,0,2,80,7,216,30,0,0,2824,213,0,10,0,935,268,0,20,0,542,1,0,0,0,150,30,0,19,0,0,464,76,10,0,0,118,0,0,0,0,0,0,0,0
5,20,0,40,3,29,0,1.021875,0.978435,1.0063,38,3,709,100,100,0,0,0,0,6,40,40,2,80,10,108,33,0,0,3008,173,0,11,0,932,231,0,22,0,458,0,0,6,0,272,0,0,2,0,0,500,8,19,0,0,56,3,1,0,0,1,1,0,0
5,20,1,39,3,29,0,1.00468,0.98602,0.996834,36,1,459,100,100,0,0,0,6,0,32,32,2,80,10,314,48,0,0,3008,238,0,16,0,932,298,0,32,0,458,0,0,4,0,272,10,0,18,0,0,352,72,22,0,0,114,2,1,0,0,1,1,0,0
5,20,2,41,3,29,0,1.019178,0.981372,1.02048,39,2,584,100,100,0,0,0,40,32,0,12,2,80,10,246,45,0,0,3008,220,0,15,0,932,311,0,30,0,458,0,0,6,0,272,4,0,21,0,0,425,84,40,0,0,129,3,18,0,0,1,1,0,0
5,20,3,36,3,29,0,1.015563,0.981307,1.020416,34,3,709,100,100,0,0,0,40,32,12,0,2,80,10,221,30,0,0,3008,161,0,10,0,932,278,0,20,0,458,1,0,6,0,272,10,0,20,0,0,526,80,35,0,0,103,3,18,0,0,1,1,0,0
5,21,0,41,4,8,0,1.019224,0.974821,1.007549,38,3,709,100,100,0,0,0,0,6,42,42,2,80,10,118,33,0,0,2992,242,0,11,0,932,242,0,22,0,500,1,0,8,0,265,0,0,3,0,68,491,12,21,0,0,59,4,1,0,0,1,1,0,0
5,21,1,38,4,8,0,1.002342,0.983753,0.997723,36,1,459,100,100,0,0,0,6,0,32,34,2,80,10,335,45,0,0,2992,184,0,15,0,932,313,0,30,0,500,1,0,10,0,265,0,0,11,0,68,369,44,27,0,0,118,5,1,0,0,1,1,0,0
5,21,2,37,4,8,0,1.019525,0.979463,1.019562,37,2,584,100,100,0,0,0,42,32,0,14,2,80,10,257,39,0,0,2992,166,0,13,0,932,324,0,26,0,500,0,0,4,0,265,0,0,6,0,68,432,24,17,0,0,131,2,0,0,0,0,0,0,0
5,21,3,36,4,8,0,1.017885,0.978276,1.022087,33,3,709,100,100,0,0,0,42,34,14,0,2,80,10,234,30,0,0,2992,203,0,10,0,932,288,0,20,0,500,1,0,8,0,265,0,0,11,0,68,550,44,20,0,0,106,4,1,0,0,1,1,0,0
5,22,0,32,8,12,0,1.034196,0.967747,1.024823,29,3,709,100,100,0,0,0,0,8,44,44,2,80,3,131,36,0,0,3016,189,0,12,0,938,254,0,24,0,499,1,0,12,0,272,0,0,0,0,0,475,0,26,0,0,64,6,1,0,0,1,1,0,0
5,22,1,40,8,12,0,1.00771,0.985153,1.001074,36,1,459,100,100,0,0,0,8,0,34,36,2,80,3,356,42,0,0,3016,220,0,14,0,938,327,0,28,0,499,0,0,14,0,272,0,0,0,0,0,356,0,30,0,0,124,7,1,0,0,1,1,0,0
5,22,2,38,8,12,0,1.021303,0.980022,1.018229,37,2,584,100,100,0,0,0,44,34,0,16,2,80,3,280,39,0,0,3016,212,0,13,0,938,337,0,26,0,499,0,0,8,0,272,0,0,0,0,0,428,0,21,0,0,135,4,0,0,0,0,0,0,0
5,22,3,38,8,12,0,1.021384,0.977976,1.024399,34,3,709,100,100,0,0,0,44,36,16,0,2,80,3,248,30,0,0,3016,157,0,10,0,938,298,0,20,0,499,1,0,12,0,272,0,0,0,0,0,543,0,24,0,0,111,6,1,0,0,1,1,0,0
5,23,0,30,4,19,0,1.032603,0.968066,1.021908,29,3,709,100,100,0,0,0,0,10,46,46,2,80,6,151,33,0,0,3040,210,0,11,0,938,265,0,22,0,523,0,0,10,0,251,0,0,3,0,0,479,12,21,0,0,69,5,0,0,0,0,0,0,0
5,23,1,31,4,19,0,0.999901,0.981606,1.003355,26,1,459,100,100,0,0,0,10,0,36,38,2,80,6,367,30,0,0,3040,170,0,10,0,938,337,0,20,0,523,1,0,2,0,251,0,0,9,0,0,388,36,16,0,0,123,1,2,0,0,2,2,0,0
5,23,2,38,4,19,0,1.021303,0.980022,1.018229,37,2,584,100,100,0,0,0,46,36,0,18,2,80,6,293,39,0,0,3040,161,0,13,0,938,350,0,26,0,523,1,0,2,0,251,0,0,6,0,0,452,24,17,0,0,135,1,1,0,0,1,1,0,0
5,23,3,34,4,19,0,1.026466,0.978303,1.028448,31,3,709,100,100,0,0,0,46,38,18,0,2,80,6,255,27,0,0,3040,198,0,9,0,938,307,0,18,0,523,0,0,4,0,251,0,0,3,0,0,552,12,15,0,0,112,2,1,0,0,1,1,0,0
5,24,0,30,6,4,0,1.036159,0.967063,1.018432,28,3,709,100,100,0,0,0,0,10,48,48,2,80,9,171,33,0,0,2928,169,0,11,0,956,276,0,22,0,501,0,0,12,0,272,0,0,0,0,68,454,0,25,0,0,74,6,1,0,0,1,1,0,0
5,24,1,32,6,4,0,1.002392,0.98142,1.006045,27,1,459,100,100,0,0,0,10,0,38,40,2,80,9,381,30,0,0,2928,209,0,10,0,956,347,0,20,0,501,1,0,12,0,272,0,0,0,0,68,362,0,26,0,0,127,6,2,0,0,2,2,0,0
5,24,2,38,6,4,0,1.02284,0.978719,1.015977,36,2,584,100,100,0,0,0,48,38,0,18,2,80,9,309,36,0,0,2928,215,0,12,0,956,362,0,24,0,501,1,0,6,0,272,0,0,0,0,68,434,0,18,0,0,138,3,0,0,0,0,0,0,0
5,24,3,35,6,4,0,1.028732,0.977088,1.027862,32,3,709,100,100,0,0,0,48,40,18,0,2,80,9,267,30,0,0,2928,242,0,10,0,956,317,0,20,0,501,0,0,12,0,272,0,0,0,0,68,528,0,24,0,0,117,6,1,0,0,1,1,0,0
5,25,0,30,2,1,0,1.032353,0.966214,1.022169,28,3,709,100,100,0,0,0,0,10,50,50,2,80,8,191,33,0,0,3136,192,0,11,0,953,287,0,22,0,520,1,0,8,0,263,0,0,1,0,0,454,4,21,0,0,77,4,1,0,0,1,1,0,0
5,25,1,33,2,1,0,1.003937,0.97843,1.004027,29,2,584,100,100,0,0,0,10,0,40,42,2,80,8,399,33,0,0,3136,166,0,11,0,953,358,0,22,0,520,1,0,6,0,263,0,0,2,0,0,349,8,38,0,0,111,3,19,0,0,2,2,0,0
5,25,2,38,2,1,0,1.02284,0.978719,1.015977,36,2,584,100,100,0,0,0,50,40,0,20,3,80,8,325,36,0,0,3136,165,0,12,0,953,374,0,24,0,520,1,0,2,0,263,0,0,3,0,0,447,12,16,0,0,138,1,1,0,0,1,1,0,0
5,25,3,35,2,1,0,1.028732,0.977088,1.027862,33,3,709,100,100,0,0,0,50,42,20,0,3,80,8,278,30,0,0,3136,197,0,10,0,953,327,0,20,0,520,1,0,6,0,263,0,0,3,0,0,539,12,18,0,0,119,3,1,0,0,1,1,0,0
5,26,0,31,3,0,0,1.032952,0.965319,1.025944,29,3,709,100,100,0,0,0,0,12,52,52,2,80,12,211,33,0,0,2856,223,0,11,0,953,298,0,22,0,503,1,0,12,0,272,0,0,0,0,68,429,0,25,0,0,82,6,1,0,0,1,1,0,0
5,26,1,34,3,0,0,1.005391,0.978386,1.005166,31,2,584,100,100,0,0,0,12,0,42,44,2,80,12,417,36,0,0,2856,201,0,12,0,953,370,0,24,0,503,1,0,10,0,272,0,0,0,0,68,325,0,24,0,0,115,5,1,0,0,1,1,0,0
5,26,2,39,3,0,0,1.026538,0.978862,1.018473,37,2,584,100,100,0,0,0,52,42,0,20,3,80,12,338,36,0,0,2856,219,0,12,0,953,386,0,24,0,503,1,0,6,0,272,0,0,0,0,68,427,0,20,0,0,140,3,1,0,0,1,1,0,0
5,26,3,35,3,0,0,1.028732,0.977088,1.027862,34,3,709,100,100,0,0,0,52,44,20,0,3,80,12,286,30,0,0,2856,240,0,10,0,953,337,0,20,0,503,0,0,14,0,272,0,0,0,0,68,513,0,26,0,0,125,7,1,0,0,1,1,0,0
5,27,0,31,3,8,0,1.038887,0.966604,1.025855,29,3,709,100,100,0,0,0,0,14,54,54,2,80,9,232,33,0,0,3200,181,0,11,0,953,309,0,22,0,517,1,0,6,0,260,0,0,4,0,0,443,16,19,0,0,84,3,1,0,0,1,1,0,0
5,27,1,33,3,8,0,1.005305,0.978783,1.005895,31,2,584,100,100,0,0,0,14,0,44,46,2,80,9,435,36,0,0,3200,155,0,12,0,953,382,0,24,0,517,1,0,6,0,260,0,0,6,0,0,345,24,20,0,0,117,3,1,0,0,1,1,0,0
5,27,2,36,3,8,0,1.020811,0.980272,1.022573,34,2,584,100,100,0,0,0,54,44,0,22,3,80,9,352,36,0,0,3200,168,0,12,0,953,398,0,24,0,517,1,0,6,0,260,0,0,0,0,0,423,0,20,0,0,142,3,1,0,0,1,1,0,0
5,27,3,34,3,8,0,1.028508,0.981042,1.028879,33,3,709,100,100,0,0,0,54,46,22,0,3,80,9,295,30,0,0,3200,195,0,10,0,953,347,0,20,0,517,1,0,8,0,260,0,0,2,0,0,519,8,18,0,0,129,4,0,0,0,0,0,0,0
5,28,0,32,5,8,0,1.039459,0.975379,1.025446,28,3,709,100,100,0,0,0,0,14,56,56,2,80,0,255,36,0,0,2888,202,0,12,0,950,321,0,24,0,497,1,0,12,0,272,0,0,0,0,0,431,0,26,0,0,89,6,1,0,0,1,1,0,0
5,28,1,32,5,8,0,1.004155,0.979422,1.004525,31,2,584,100,100,0,0,0,14,0,46,48,2,80,0,452,33,0,0,2888,183,0,11,0,950,393,0,22,0,497,0,0,18,0,272,0,0,0,0,0,331,0,31,0,0,125,9,1,0,0,1,1,0,0
5,28,2,37,5,8,0,1.017865,0.980657,1.018534,34,2,584,100,100,0,0,0,56,46,0,22,3,80,0,370,36,0,0,2888,200,0,12,0,950,410,0,24,0,497,0,0,4,0,272,0,0,0,0,0,421,0,18,0,0,143,2,1,0,0,1,1,0,0
5,28,3,30,5,8,0,1.03112,0.983809,1.027575,29,3,709,100,100,0,0,0,56,48,22,0,3,80,0,307,30,0,0,2888,239,0,10,0,950,357,0,20,0,497,0,0,16,0,272,0,0,0,0,0,499,0,28,0,0,136,8,1,0,0,1,1,0,0
5,29,0,30,4,5,0,1.044429,0.974147,1.028344,27,3,709,100,100,0,0,0,0,16,58,58,2,80,1,286,42,0,0,3048,156,0,14,0,947,335,0,28,0,527,1,0,4,0,238,0,0,8,0,0,456,32,22,0,0,89,2,2,0,0,2,2,0,0
5,29,1,33,4,5,0,1.007294,0.9742,1.01116,30,2,584,100,100,0,0,0,16,0,48,50,2,80,1,474,33,0,0,3048,212,0,11,0,947,404,0,22,0,527,0,0,4,0,238,0,0,8,0,0,365,32,15,0,0,127,2,0,0,0,0,0,0,0
5,29,2,37,4,5,0,1.017865,0.980657,1.018534,35,2,584,100,100,0,0,0,58,48,0,22,3,80,1,383,36,0,0,3048,231,0,12,0,947,422,0,24,0,527,0,0,2,0,238,0,0,4,0,0,438,16,16,0,0,143,1,1,0,0,1,1,0,0
5,29,3,30,4,5,0,1.03441,0.983358,1.02584,29,3,709,100,100,0,0,0,58,50,22,0,3,80,1,326,30,0,0,3048,199,0,10,0,947,367,0,20,0,527,1,0,4,0,238,0,0,10,0,0,541,40,14,0,0,138,2,0,0,0,0,0,0,0
5,30,0,30,4,3,0,1.041736,0.97245,1.026627,27,3,709,100,100,0,0,0,0,16,60,60,2,80,4,312,39,0,0,3144,161,0,13,0,947,348,0,26,0,507,1,0,8,0,272,0,0,0,0,0,442,0,23,0,0,92,4,1,0,0,1,1,0,0
5,30,1,34,4,3,0,1.010294,0.971419,1.011936,30,2,584,100,100,0,0,0,16,0,50,52,2,80,4,490,33,0,0,3144,168,0,11,0,947,415,0,22,0,507,0,0,10,0,272,0,0,0,0,0,353,0,25,0,0,130,5,2,0,0,2,2,0,0
5,30,2,38,4,3,0,1.019096,0.978972,1.017897,36,2,584,100,100,0,0,0,60,50,0,22,3,80,4,399,36,0,0,3144,182,0,12,0,947,434,0,24,0,507,0,0,6,0,272,0,0,0,0,0,444,0,20,0,0,145,3,1,0,0,1,1,0,0
5,30,3,29,4,3,0,1.03547,0.983794,1.02445,28,3,709,100,100,0,0,0,60,52,22,0,3,80,4,341,30,0,0,3144,159,0,10,0,947,377,0,20,0,507,0,0,14,0,272,0,0,0,0,0,533,0,26,0,0,144,7,1,0,0,1,1,0,0
5,31,0,30,3,2,0,1.041736,0.97245,1.026627,28,3,709,100,100,0,0,0,0,16,62,62,2,80,5,344,42,0,0,2912,165,0,14,0,947,362,0,28,0,544,1,0,0,0,242,0,0,9,0,2,479,36,16,0,0,91,0,1,0,0,1,1,0,0
5,31,1,34,3,2,0,1.010294,0.971419,1.011936,32,3,709,100,100,0,0,0,16,0,52,54,2,80,5,506,33,0,0,2912,211,0,11,0,947,426,0,22,0,544,0,0,0,0,242,0,0,6,0,2,364,24,30,0,0,112,0,18,0,0,1,1,0,0
5,31,2,39,3,2,0,1.017788,0.978928,1.019305,36,2,584,100,100,0,0,0,62,52,0,22,3,80,5,415,36,0,0,2912,204,0,12,0,947,446,0,24,0,544,0,0,0,0,242,0,0,3,0,2,459,12,14,0,0,144,0,1,0,0,1,1,0,0
5,31,3,29,3,2,0,1.030045,0.982238,1.026459,28,3,709,100,100,0,0,0,62,54,22,0,3,80,5,359,30,0,0,2912,192,0,10,0,947,387,0,20,0,544,0,0,0,0,242,0,0,9,0,2,574,36,10,0,0,144,0,0,0,0,0,0,0,0
5,32,0,30,2,2,0,1.041736,0.97245,1.026627,29,3,709,100,100,0,0,0,0,16,64,64,2,80,7,374,42,0,0,3000,169,0,14,0,989,367,0,28,0,540,1,0,2,0,239,0,0,9,0,0,511,36,18,0,0,91,1,1,0,0,1,1,0,0
5,32,1,33,2,2,0,1.010728,0.971733,1.011155,32,3,709,100,100,0,0,0,16,0,54,56,2,80,7,522,33,0,0,3000,166,0,11,0,989,430,0,22,0,540,1,0,0,0,239,0,0,9,0,0,408,36,13,0,0,111,0,1,0,0,1,1,0,0
5,32,2,39,2,2,0,1.017762,0.976869,1.021615,36,2,584,100,100,0,0,0,64,54,0,22,3,80,7,430,36,0,0,3000,225,0,12,0,989,446,0,24,0,540,1,0,0,0,239,0,0,3,0,0,478,12,14,0,0,143,0,1,0,0,1,1,0,0
5,32,3,30,2,2,0,1.030207,0.983967,1.027583,28,4,834,100,100,0,0,0,64,56,22,0,3,80,7,379,33,0,0,3000,224,0,11,0,989,381,0,22,0,540,0,0,0,0,239,0,0,12,0,0,603,48,30,0,0,126,0,18,0,0,1,1,0,0
5,33,0,32,8,1,0,1.041551,0.967804,1.023888,30,3,709,100,100,0,0,0,0,16,66,66,2,80,6,403,42,0,0,3064,173,0,14,0,944,381,0,28,0,513,0,0,10,0,264,0,0,3,0,0,516,12,24,0,0,96,5,0,0,0,0,0,0,0
5,33,1,34,8,1,0,1.016962,0.966892,1.01279,32,3,709,100,100,0,0,0,16,0,56,58,2,80,6,537,30,0,0,3064,211,0,10,0,944,440,0,20,0,513,1,0,10,0,264,0,0,2,0,0,413,8,20,0,0,116,5,0,0,0,0,0,0,0
5,33,2,41,8,1,0,1.018765,0.976978,1.019825,37,2,584,100,100,0,0,0,66,56,0,22,3,80,6,442,36,0,0,3064,174,0,12,0,944,458,0,24,0,513,1,0,4,0,264,0,0,2,0,0,485,8,18,0,0,144,2,1,0,0,1,1,0,0
5,33,3,32,8,1,0,1.031552,0.985524,1.025887,29,4,834,100,100,0,0,0,66,58,22,0,3,80,6,404,33,0,0,3064,183,0,11,0,944,392,0,22,0,513,0,0,8,0,264,0,0,1,0,0,603,4,21,0,0,129,4,1,0,0,1,1,0,0
5,34,0,32,2,8,0,1.042555,0.967262,1.020618,29,3,709,100,100,0,0,0,0,16,68,68,2,80,10,434,42,0,0,2968,175,0,14,0,947,395,0,28,0,517,1,0,8,0,265,0,0,0,0,0,507,0,24,0,0,99,4,1,0,0,1,1,0,0
5,34,1,31,2,8,0,1.017173,0.971137,1.011604,29,3,709,100,100,0,0,0,16,0,56,60,2,80,10,546,30,0,0,2968,167,0,10,0,947,450,0,20,0,517,1,0,6,0,265,0,0,4,0,0,427,16,18,0,0,118,3,1,0,0,1,1,0,0
5,34,2,37,2,8,0,1.017411,0.979269,1.022948,34,2,584,100,100,0,0,0,68,56,0,24,3,80,10,449,33,0,0,2968,218,0,11,0,947,469,0,22,0,517,1,0,6,0,265,0,0,0,0,0,478,0,21,0,0,145,3,2,0,0,2,2,0,0
5,34,3,33,2,8,0,1.032335,0.98525,1.024623,30,4,834,100,100,0,0,0,68,60,24,0,3,80,10,420,33,0,0,2968,228,0,11,0,947,403,0,22,0,517,0,0,6,0,265,0,0,3,0,0,613,12,19,0,0,131,3,1,0,0,1,1,0,0
5,35,0,29,4,37,0,1.035425,0.968931,1.021481,27,3,709,100,100,0,0,0,0,16,70,70,2,80,13,455,39,0,0,3072,178,0,13,0,947,408,0,26,0,543,0,0,2,0,240,0,0,8,0,15,525,32,17,0,0,99,1,1,0,0,1,1,0,0
5,35,1,32,4,37,0,1.016835,0.970205,1.014329,30,3,709,100,100,0,0,0,16,0,58,62,2,80,13,564,30,0,0,3072,198,0,10,0,947,460,0,20,0,543,1,0,0,0,240,0,0,9,0,15,462,36,10,0,0,118,0,0,0,0,0,0,0,0
5,35,2,19,4,37,0,1.017472,0.983987,1.022094,18,3,709,100,100,0,0,0,70,58,0,24,3,80,13,458,33,0,0,3072,170,0,11,0,947,480,0,22,0,543,1,0,0,0,240,1,0,5,0,15,485,20,28,0,0,128,0,17,0,0,0,0,0,0
5,35,3,20,4,37,0,1.038905,0.986421,1.024075,18,4,834,100,100,0,0,0,70,62,24,0,3,80,13,432,33,0,0,3072,184,0,11,0,947,414,0,22,0,543,0,0,0,0,240,5,0,4,0,15,633,16,13,0,0,130,0,1,0,0,1,1,0,0
5,36,0,29,4,2,0,1.035425,0.968931,1.021481,28,3,709,100,100,0,0,0,0,18,72,72,2,80,12,482,39,0,0,3032,184,0,13,0,953,418,0,26,0,501,0,0,10,0,270,0,0,2,0,68,508,8,25,0,0,103,5,1,0,0,1,1,0,0
5,36,1,33,4,2,0,1.021564,0.970232,1.012659,29,3,709,100,100,0,0,0,18,0,60,64,2,80,12,577,27,0,0,3032,237,0,9,0,953,469,0,18,0,501,1,0,12,0,270,0,0,0,0,68,439,0,23,0,0,123,6,1,0,0,1,1,0,0
5,36,2,18,4,2,0,1.017415,0.983209,1.020768,17,3,709,100,100,0,0,0,72,60,0,26,3,80,12,492,36,0,0,3032,155,0,12,0,953,492,0,24,0,501,1,0,6,0,270,0,0,1,0,68,469,4,20,0,0,130,3,1,0,0,1,1,0,0
5,36,3,22,4,2,0,1.039503,0.984802,1.023109,19,4,834,100,100,0,0,0,72,64,26,0,3,80,12,461,33,0,0,3032,169,0,11,0,953,425,0,22,0,501,7,0,8,0,270,1,0,4,0,68,628,16,21,0,0,133,4,1,0,0,1,1,0,0
5,37,0,28,4,16,0,1.037729,0.971233,1.02027,27,3,709,100,100,0,0,0,0,18,74,74,2,80,8,506,33,0,0,3112,192,0,11,0,953,429,0,22,0,544,0,0,0,0,227,0,0,12,0,18,562,48,11,0,0,103,0,0,0,0,0,0,0,0
5,37,1,28,4,16,0,1.006604,0.979256,1.002481,25,3,709,100,100,0,0,0,18,0,62,66,2,80,8,582,24,0,0,3112,196,0,8,0,953,477,0,16,0,544,1,0,0,0,227,0,0,12,0,18,486,48,10,0,0,122,0,1,0,0,1,1,0,0
5,37,2,15,4,16,0,1.019991,0.978449,1.013296,14,3,709,100,100,0,0,0,74,62,0,26,3,80,8,512,24,0,0,3112,145,0,8,0,953,500,0,16,0,544,1,0,0,0,227,2,0,4,0,18,483,16,8,0,0,130,0,0,0,0,0,0,0,0
5,37,3,19,4,16,0,1.038586,0.983286,1.026884,17,4,834,100,100,0,0,0,74,66,26,0,3,80,8,480,27,0,0,3112,162,0,9,0,953,434,0,18,0,544,1,0,6,0,227,11,0,5,0,18,637,20,17,0,0,135,3,1,0,0,1,1,0,0
5,38,0,27,2,5,0,1.038185,0.968591,1.021876,26,3,709,100,100,0,0,0,0,18,76,76,2,80,17,530,33,0,0,3112,201,0,11,0,977,440,0,22,0,520,0,0,2,0,250,0,0,9,0,19,600,36,15,0,0,103,1,1,0,0,1,1,0,0
5,38,1,29,2,5,0,1.00932,0.972831,1.004555,25,3,709,100,100,0,0,0,18,0,64,68,2,80,17,593,27,0,0,3112,159,0,9,0,977,486,0,18,0,520,0,0,2,0,250,0,0,7,0,19,518,28,13,0,0,122,1,1,0,0,1,1,0,0
5,38,2,15,2,5,0,1.019991,0.978449,1.013296,14,3,709,100,100,0,0,0,76,64,0,26,3,80,17,536,24,0,0,3112,138,0,8,0,977,508,0,16,0,520,1,0,4,0,250,0,0,4,0,19,494,16,14,0,0,131,2,1,0,0,1,1,0,0
5,38,3,16,2,5,0,1.043418,0.979683,1.026885,15,4,834,100,100,0,0,0,76,68,26,0,3,80,17,505,27,0,0,3112,158,0,9,0,977,443,0,18,0,520,1,0,2,0,250,10,0,5,0,19,650,20,13,0,0,135,1,1,0,0,1,1,0,0
5,39,0,27,4,0,0,1.038185,0.968591,1.021876,27,3,709,100,100,0,0,0,0,18,78,78,2,80,18,552,33,0,0,3096,163,0,11,0,974,451,0,22,0,514,1,0,8,0,272,0,0,0,0,19,598,0,19,0,0,107,4,0,0,0,0,0,0,0
5,39,1,30,4,0,0,1.009361,0.971049,1.002658,26,4,834,100,100,0,0,0,18,0,66,70,2,80,18,614,30,0,0,3096,184,0,10,0,974,496,0,20,0,514,1,0,8,0,272,0,0,0,0,19,496,0,39,0,0,107,4,19,0,0,2,2,0,0
5,39,2,18,4,0,0,1.021702,0.971267,1.012545,15,3,709,100,100,0,0,0,78,66,0,26,3,80,18,559,24,0,0,3096,131,0,8,0,974,516,0,16,0,514,1,0,6,0,272,0,0,0,0,19,489,0,14,0,0,134,3,0,0,0,0,0,0,0
5,39,3,16,4,0,0,1.043418,0.979683,1.026885,16,4,834,100,100,0,0,0,78,70,26,0,3,80,18,528,27,0,0,3096,157,0,9,0,974,452,0,18,0,514,1,0,6,0,272,5,0,5,0,19,661,20,15,0,0,138,3,0,0,0,0,0,0,0
5,40,0,27,2,1,0,1.038185,0.968591,1.021876,27,4,834,100,100,0,0,0,0,18,80,80,2,80,25,574,33,0,0,3048,173,0,11,0,1088,429,0,22,0,544,1,0,0,0,249,0,0,6,0,19,611,24,28,0,0,90,0,17,0,0,0,0,0,0
5,40,1,31,2,1,0,1.009552,0.972938,1.002399,28,4,834,100,100,0,0,0,18,0,68,70,2,80,25,628,30,0,0,3048,208,0,10,0,1088,476,0,20,0,544,1,0,0,0,249,0,0,9,0,19,537,36,12,0,0,106,0,1,0,0,1,1,0,0
5,40,2,18,2,1,0,1.020269,0.981509,1.011286,14,3,709,100,100,0,0,0,80,68,0,26,3,80,25,584,30,0,0,3048,119,0,10,0,1088,496,0,20,0,544,1,0,0,0,249,4,0,4,0,19,497,16,14,0,0,132,0,2,0,0,2,2,0,0
5,40,3,16,2,1,0,1.043418,0.979683,1.026885,16,4,834,100,100,0,0,0,80,70,26,0,3,80,25,545,27,0,0,3048,156,0,9,0,1088,434,0,18,0,544,1,0,0,0,249,0,0,5,0,19,678,20,9,0,0,138,0,0,0,0,0,0,0,0
