graine,jour,faction,population,naissances_total,morts_total,predations_total,vitesse,taille,perception,armes_equipees,reserves,capacite,defenses_fin,defenses_min_jour,raids_cumul,coalitions_cumul,plans,confiance_0,confiance_1,confiance_2,confiance_3,allies,nourriture_aube,carte_nourriture,stock_nourriture,production_nourriture,consommation_nourriture,sac_nourriture,carte_eau,stock_eau,production_eau,consommation_eau,sac_eau,carte_terre,stock_terre,production_terre,consommation_terre,sac_terre,carte_minerai,stock_minerai,production_minerai,consommation_minerai,sac_minerai,carte_charbon,stock_charbon,production_charbon,consommation_charbon,sac_charbon,carte_energie,stock_energie,production_energie,consommation_energie,sac_energie,carte_fer,stock_fer,production_fer,consommation_fer,sac_fer,carte_armes,stock_armes,production_armes,consommation_armes,sac_armes
4,1,0,45,2,22,0,1.005189,1.006681,1.011773,0,0,334,100,100,0,0,0,0,2,2,2,0,80,3,54,39,0,0,2816,200,0,13,0,932,63,0,26,0,466,15,0,36,0,272,7,0,18,0,0,88,72,61,0,0,12,18,6,0,0,6,6,0,0
4,1,1,46,2,22,0,1.006845,1.003853,1.009563,0,0,334,100,100,0,0,0,2,0,2,2,0,80,3,55,39,0,0,2816,200,0,13,0,932,63,0,26,0,466,17,0,38,0,272,6,0,19,0,0,87,76,65,0,0,12,19,7,0,0,7,7,0,0
4,1,2,40,2,22,0,1.00124,1.005502,1.010994,0,0,334,100,100,0,0,0,2,2,0,2,0,80,3,51,39,0,0,2816,200,0,13,0,932,63,0,26,0,466,23,0,28,0,272,11,0,14,0,0,80,56,45,0,0,12,14,2,0,0,2,2,0,0
4,1,3,49,2,22,0,1.000775,1.006646,1.016376,0,0,334,100,100,0,0,0,2,2,2,0,0,80,3,52,36,0,0,2816,201,0,12,0,932,62,0,24,0,466,9,0,48,0,272,1,0,24,0,0,102,96,78,0,0,15,24,9,0,0,9,9,0,0
4,2,0,44,2,4,0,1.009508,1.009176,1.01465,6,0,334,100,100,0,0,0,0,4,4,4,0,80,6,67,39,0,0,2845,221,0,13,0,935,76,0,26,0,388,17,0,34,0,268,0,0,10,0,0,86,40,59,0,0,23,17,6,0,0,6,6,0,0
4,2,1,47,2,4,0,1.008646,1.004905,1.008726,7,0,334,100,100,0,0,0,4,0,2,4,0,80,6,67,39,0,0,2845,233,0,13,0,935,76,0,26,0,388,18,0,38,0,268,0,0,7,0,0,67,28,65,0,0,24,19,7,0,0,7,7,0,0
4,2,2,39,2,4,0,1.00435,1.006707,1.015326,2,0,334,100,100,0,0,0,4,2,0,2,0,80,6,68,39,0,0,2845,231,0,13,0,935,76,0,26,0,388,31,0,28,0,268,0,0,11,0,0,96,44,45,0,0,24,14,2,0,0,2,2,0,0
4,2,3,48,2,4,0,1.001493,1.006953,1.017686,9,0,334,100,100,0,0,0,4,4,2,0,0,80,6,57,36,0,0,2845,224,0,12,0,935,74,0,24,0,388,2,0,46,0,268,0,0,1,0,0,47,4,76,0,0,29,23,9,0,0,9,9,0,0
4,3,0,44,4,8,1,1.010538,1.009116,1.013171,12,0,334,100,100,0,0,0,0,6,4,6,0,80,2,80,36,0,0,3200,165,0,12,0,932,88,0,24,0,430,10,0,36,0,232,0,0,9,0,0,79,36,60,0,0,35,18,6,0,0,6,6,0,0
4,3,1,44,4,8,1,1.006194,1.004984,1.011097,14,0,334,100,100,0,0,0,6,0,-2,6,0,80,2,79,42,0,0,3200,172,0,14,0,932,90,0,28,0,430,6,0,36,0,232,0,0,9,0,0,56,36,64,0,0,35,18,7,0,0,7,7,0,0
4,3,2,40,4,8,1,1.006738,1.009096,1.016089,4,0,334,100,100,0,0,0,4,-2,0,2,0,80,2,85,39,0,0,3200,179,0,13,0,932,89,0,26,0,430,27,0,28,0,232,0,0,12,0,0,116,48,45,0,0,36,14,2,0,0,2,2,0,0
4,3,3,46,4,8,1,1.002469,1.001927,1.020328,17,0,334,100,100,0,0,0,6,6,2,0,0,80,2,62,33,0,0,3200,165,0,11,0,932,85,0,22,0,430,0,0,28,0,232,0,0,9,0,0,42,36,57,0,0,34,14,9,0,0,9,9,0,0
4,4,0,44,2,12,1,1.009512,1.004607,1.013695,17,0,334,100,100,0,0,0,0,4,4,8,0,80,1,93,39,0,0,2824,204,0,13,0,935,101,0,26,0,503,0,0,24,0,206,7,0,17,0,8,114,68,47,0,0,42,12,5,0,0,5,5,0,0
4,4,1,38,2,12,1,1.007073,1.006378,1.008711,18,0,334,100,100,0,0,0,4,0,-6,6,0,80,1,93,42,0,0,2824,194,0,14,0,935,104,0,28,0,503,1,0,12,0,206,3,0,12,0,8,79,48,30,0,0,39,6,2,0,0,2,2,0,0
4,4,2,36,2,12,1,1.006583,1.012145,1.017524,6,0,334,100,100,0,0,0,4,-6,0,2,0,80,1,96,36,0,0,2824,207,0,12,0,935,101,0,24,0,503,10,0,26,0,206,0,0,12,0,8,129,48,44,0,0,46,13,3,0,0,3,3,0,0
4,4,3,46,2,12,1,1.002651,1.001677,1.019115,26,0,334,100,100,0,0,0,8,6,2,0,0,80,1,69,30,0,0,2824,205,0,10,0,935,95,0,20,0,503,0,0,8,0,206,0,0,15,0,8,83,60,36,0,0,29,4,9,0,0,9,9,0,0
4,5,0,45,3,1,0,1.010535,1.002916,1.015791,22,0,334,100,100,0,0,0,0,4,4,8,0,80,14,111,42,0,0,2928,242,0,14,0,1024,98,0,28,0,448,0,0,24,0,229,4,0,17,0,13,149,68,48,0,0,49,12,5,0,0,5,5,0,0
4,5,1,39,3,1,0,1.007283,1.005783,1.007838,20,0,334,100,100,0,0,0,4,0,-4,8,0,80,14,116,42,0,0,2928,222,0,14,0,1024,85,0,28,0,448,7,0,24,0,229,0,0,8,0,13,75,32,42,0,0,49,12,2,0,0,2,2,0,0
4,5,2,35,3,1,0,1.010071,1.011409,1.016664,9,0,334,100,100,0,0,0,4,-4,0,2,0,80,14,102,33,0,0,2928,160,0,11,0,1024,91,0,22,0,448,1,0,24,0,229,2,0,13,0,13,157,52,41,0,0,55,12,3,0,0,3,3,0,0
4,5,3,47,3,1,0,1.003309,1.001952,1.017631,35,0,334,100,100,0,0,0,8,8,2,0,0,80,14,72,33,0,0,2928,244,0,11,0,1024,88,0,22,0,448,1,0,26,0,229,0,0,9,0,13,87,36,49,0,0,36,13,6,0,0,6,6,0,0
4,6,0,45,4,1,0,1.010535,1.002916,1.015791,27,0,334,100,100,0,0,0,0,4,4,8,0,80,17,122,42,0,0,3120,183,0,14,0,953,106,0,28,0,447,0,0,22,0,233,0,0,12,0,68,149,48,48,0,0,54,11,6,0,0,6,6,0,0
4,6,1,41,4,1,0,1.007605,1.006047,1.011248,22,0,334,100,100,0,0,0,4,0,-4,10,0,80,17,134,42,0,0,3120,169,0,14,0,953,93,0,28,0,447,10,0,24,0,233,0,0,12,0,68,81,48,42,0,0,59,12,2,0,0,2,2,0,0
4,6,2,36,4,1,0,1.010851,1.010211,1.015969,12,0,334,100,100,0,0,0,4,-4,0,2,0,80,17,116,33,0,0,3120,194,0,11,0,953,99,0,22,0,447,1,0,22,0,233,0,0,11,0,68,162,44,39,0,0,63,11,3,0,0,3,3,0,0
4,6,3,47,4,1,0,1.00573,1.00458,1.019954,40,0,334,100,100,0,0,0,8,10,2,0,0,80,17,76,33,0,0,3120,186,0,11,0,953,99,0,22,0,447,1,0,26,0,233,0,0,10,0,68,84,40,43,0,0,46,13,3,0,0,3,3,0,0
4,7,0,45,3,4,0,1.013044,1.004667,1.01769,33,0,334,100,100,0,0,0,0,4,6,10,0,80,7,137,42,0,0,2850,212,0,14,0,935,120,0,28,0,430,0,0,26,0,249,0,0,6,0,19,138,24,52,0,0,61,13,6,0,0,6,6,0,0
4,7,1,40,3,4,0,1.009772,1.004373,1.011352,24,0,334,100,100,0,0,0,4,0,-4,12,0,80,7,149,39,0,0,2850,187,0,13,0,935,106,0,26,0,430,20,0,22,0,249,0,0,7,0,19,76,28,39,0,0,68,11,2,0,0,2,2,0,0
4,7,2,37,3,4,0,1.011897,1.009712,1.017636,15,0,334,100,100,0,0,0,6,-4,0,2,0,80,7,132,36,0,0,2850,226,0,12,0,935,111,0,24,0,430,1,0,26,0,249,0,0,4,0,19,143,16,44,0,0,73,13,3,0,0,3,3,0,0
4,7,3,46,3,4,0,1.008366,1.003856,1.019352,42,0,334,100,100,0,0,0,10,12,2,0,0,80,7,73,30,0,0,2850,223,0,10,0,935,109,0,20,0,430,1,0,30,0,249,0,0,6,0,19,81,24,44,0,0,59,15,2,0,0,2,2,0,0
4,8,0,44,2,9,0,1.015972,1.005309,1.017129,37,0,334,100,100,0,0,0,0,6,8,12,0,80,27,141,36,0,0,3128,155,0,12,0,962,126,0,24,0,521,1,0,2,0,222,6,0,17,0,11,203,68,20,0,0,59,1,3,0,0,3,3,0,0
4,8,1,40,2,9,0,1.009482,1.002174,1.01342,26,0,334,100,100,0,0,0,6,0,-4,14,0,80,27,162,36,0,0,3128,207,0,12,0,962,109,0,24,0,521,7,0,22,0,222,0,0,8,0,11,76,32,38,0,0,77,11,2,0,0,2,2,0,0
4,8,2,36,2,9,0,1.011175,1.009303,1.020109,18,0,334,100,100,0,0,0,8,-4,0,2,0,80,27,141,33,0,0,3128,178,0,11,0,962,119,0,22,0,521,1,0,2,0,222,0,0,12,0,11,189,48,19,0,0,71,1,3,0,0,3,3,0,0
4,8,3,41,2,9,0,1.006387,1.008183,1.018118,39,0,334,100,100,0,0,0,12,14,2,0,0,80,27,49,15,0,0,3128,172,0,5,0,962,111,0,10,0,521,0,0,10,0,222,0,0,7,0,11,109,28,17,0,0,63,5,1,0,0,1,1,0,0
4,9,0,40,4,17,5,1.016554,0.995473,1.014106,36,0,334,100,100,0,0,0,0,6,-2,10,0,80,3,155,36,0,0,2928,187,0,12,0,965,138,0,24,0,451,0,0,30,0,227,0,0,6,0,8,198,24,46,0,0,72,15,2,0,0,2,2,0,0
4,9,1,34,4,17,5,1.010494,1.002448,1.007002,27,0,334,100,100,0,0,0,6,0,-20,10,0,80,3,166,33,0,0,2928,156,0,11,0,965,120,0,22,0,451,1,0,16,0,227,10,0,11,0,8,106,44,31,0,0,83,8,2,0,0,2,2,0,0
4,9,2,35,4,17,5,1.011881,1.008383,1.019812,19,0,334,100,100,0,0,0,-2,-20,0,-4,0,80,3,165,33,0,0,2928,211,0,11,0,965,130,0,22,0,451,0,0,10,0,227,2,0,13,0,8,223,52,27,0,0,73,5,3,0,0,3,3,0,0
4,9,3,39,4,17,5,1.006915,1.008361,1.023677,37,0,334,100,100,0,0,0,10,10,-4,0,0,80,3,43,15,0,0,2928,222,0,5,0,965,116,0,10,0,451,0,0,12,0,227,0,0,9,0,8,143,36,19,0,0,68,6,1,0,0,1,1,0,0
4,10,0,40,3,12,0,1.017969,0.999075,1.014864,37,0,334,100,100,6,0,0,0,0,-4,12,0,80,6,167,33,0,0,3040,232,0,11,0,968,149,0,22,0,478,0,0,18,0,249,0,0,8,0,11,216,32,31,0,0,80,9,1,0,0,1,1,0,0
4,10,1,32,3,12,0,1.010395,1.007762,1.003932,27,0,334,77.61646,74.61646,6,0,0,0,0,-56,4,0,80,6,184,33,0,0,3040,175,0,11,0,968,131,0,22,0,478,8,0,20,0,249,0,0,10,0,11,115,40,37,0,0,90,10,3,0,0,2,2,0,0
4,10,2,27,3,12,0,1.015767,1.019019,1.017195,20,0,334,71.965017,68.965017,6,0,0,-4,-56,0,-8,0,80,6,177,30,0,0,3040,166,0,10,0,968,140,0,20,0,478,0,0,12,0,249,0,0,6,0,11,228,24,28,0,0,76,6,3,0,0,2,2,0,0
4,10,3,40,3,12,0,1.007956,1.009164,1.023593,38,0,334,100,100,6,0,0,12,4,-8,0,0,80,6,38,18,0,0,3040,177,0,6,0,968,122,0,12,0,478,1,0,8,0,249,0,0,10,0,11,184,40,16,0,0,71,4,1,0,0,1,1,0,0
4,11,0,40,6,7,0,1.018561,0.995751,1.017111,36,0,334,100,100,11,0,0,0,-10,-2,14,0,80,5,171,27,0,0,3008,183,0,9,0,999,150,0,18,0,488,0,0,12,0,217,0,0,18,0,22,282,72,23,0,0,85,6,1,0,0,1,1,0,0
4,11,1,32,6,7,0,1.013632,1.012393,1.016062,26,0,334,80.61646,77.61646,11,0,0,-10,0,-86,-4,0,80,5,197,30,0,0,3008,189,0,10,0,999,129,0,20,0,488,8,0,18,0,217,3,0,9,0,22,123,36,34,0,0,96,9,3,0,0,2,2,0,0
4,11,2,25,6,7,0,1.013651,1.015394,1.017109,22,0,334,28.335599,25.335599,11,0,0,-2,-86,0,-8,0,80,5,193,27,0,0,3008,170,0,9,0,999,144,0,18,0,488,0,0,8,0,217,5,0,8,0,22,243,32,23,0,0,77,4,3,0,0,2,2,0,0
4,11,3,41,6,7,0,1.007135,1.010239,1.024272,39,0,334,100,100,11,0,0,14,-4,-8,0,0,80,5,40,21,0,0,3008,226,0,7,0,999,127,0,14,0,488,1,0,16,0,217,0,0,11,0,22,220,44,25,0,0,78,8,1,0,0,1,1,0,0
4,12,0,40,1,2,0,1.018561,0.995751,1.017111,37,1,459,100,100,15,0,0,0,-18,-2,16,0,80,12,182,30,0,0,3000,237,0,10,0,980,160,0,20,0,465,0,0,18,0,247,0,0,9,0,68,269,36,49,0,0,75,9,19,0,0,2,2,0,0
4,12,1,30,1,2,0,1.011763,1.017472,1.017496,26,0,334,83.61646,80.61646,15,0,0,-18,0,-100,-8,0,80,12,207,30,0,0,3000,203,0,10,0,980,139,0,20,0,465,8,0,20,0,247,1,0,10,0,68,127,40,36,0,0,103,10,3,0,0,2,2,0,0
4,12,2,25,1,2,0,1.013651,1.015394,1.017109,24,0,334,3,0,15,0,0,-2,-100,0,-8,0,80,12,208,27,0,0,3000,176,0,9,0,980,153,0,18,0,465,5,0,16,0,247,0,0,5,0,68,234,20,29,0,0,75,8,2,0,0,1,1,0,0
4,12,3,42,1,2,0,1.008701,1.011331,1.022558,40,0,334,100,100,15,0,0,16,-8,-8,0,0,80,12,34,21,0,0,3000,178,0,7,0,980,134,0,14,0,465,1,0,20,0,247,0,0,8,0,68,223,32,29,0,0,87,10,1,0,0,1,1,0,0
4,13,0,41,1,3,0,1.018994,0.993653,1.015953,39,1,459,100,100,17,0,0,0,-22,6,20,1,80,6,193,30,0,0,3072,187,0,10,0,977,170,0,20,0,467,0,0,26,0,272,0,0,0,0,20,248,0,38,0,0,87,13,1,0,0,1,1,0,0
4,13,1,28,1,3,0,1.010868,1.021596,1.016392,26,0,334,86.61646,83.61646,17,0,0,-22,0,-100,-10,0,80,6,220,30,0,0,3072,163,0,10,0,977,149,0,20,0,467,3,0,20,0,272,0,0,1,0,20,110,4,34,0,0,111,10,2,0,0,1,1,0,0
4,13,2,25,1,3,0,1.013651,1.015394,1.017109,25,0,334,3,0,17,0,0,6,-100,0,-6,0,80,6,226,27,0,0,3072,182,0,9,0,977,162,0,18,0,467,2,0,16,0,272,0,0,0,0,20,209,0,27,0,0,76,8,1,0,0,0,0,0,0
4,13,3,41,1,3,0,1.007728,1.010619,1.022613,40,0,334,100,100,17,0,0,20,-10,-6,0,1,80,6,33,21,0,0,3072,217,0,7,0,977,141,0,14,0,467,0,0,24,0,272,0,0,0,0,20,206,0,33,0,0,98,12,1,0,0,1,1,0,0
4,14,0,39,0,8,0,1.020152,0.997648,1.016048,38,1,459,100,100,20,0,0,0,-32,12,22,1,80,13,201,30,0,0,3016,232,0,10,0,980,180,0,20,0,445,0,0,30,0,272,0,0,0,0,19,223,0,42,0,0,101,15,1,0,0,1,1,0,0
4,14,1,23,0,8,0,1.011264,1.026097,1.020459,23,0,334,79.671917,76.671917,20,0,0,-32,0,-100,-10,0,80,13,231,27,0,0,3016,166,0,9,0,980,158,0,18,0,445,10,0,14,0,272,0,0,0,0,19,91,0,25,0,0,117,7,1,0,0,0,0,0,0
4,14,2,25,0,8,0,1.013651,1.015394,1.017109,25,0,334,3,0,20,0,0,12,-100,0,-4,0,80,13,238,27,0,0,3016,188,0,9,0,980,171,0,18,0,445,7,0,16,0,272,0,0,0,0,19,188,0,27,0,0,72,8,1,0,0,0,0,0,0
4,14,3,40,0,8,0,1.009741,1.009979,1.020699,40,0,334,100,100,20,0,0,22,-10,-4,0,1,80,13,26,18,0,0,3016,170,0,6,0,980,147,0,12,0,445,1,0,26,0,272,0,0,0,0,19,191,0,32,0,0,111,13,0,0,0,0,0,0,0
4,15,0,37,1,5,1,1.018428,1.000618,1.016535,37,1,459,100,100,23,0,0,0,-48,21,24,2,80,8,202,27,0,0,3034,184,0,9,0,989,189,0,18,0,532,0,0,6,0,240,0,0,6,0,19,253,24,15,0,0,104,3,0,0,0,0,0,0,0
4,15,1,21,1,5,1,1.014939,1.031219,1.021083,21,0,334,74.062514,71.062514,23,0,0,-48,0,-100,-12,0,80,8,253,27,0,0,3034,166,0,9,0,989,167,0,18,0,532,1,0,12,0,240,0,0,4,0,19,90,16,23,0,0,122,6,1,0,0,0,0,0,0
4,15,2,25,1,5,1,1.013651,1.015394,1.017109,25,0,334,3,0,23,0,0,21,-100,0,-2,1,80,8,257,27,0,0,3034,194,0,9,0,989,180,0,18,0,532,0,0,8,0,240,0,0,7,0,19,203,28,19,0,0,64,4,1,0,0,0,0,0,0
4,15,3,40,1,5,1,1.007939,1.010091,1.021058,39,0,334,100,100,23,0,0,24,-12,-2,0,1,80,8,29,18,0,0,3034,218,0,6,0,989,150,0,12,0,532,1,0,2,0,240,0,0,15,0,19,259,60,8,0,0,112,1,0,0,0,0,0,0,0
4,16,0,35,2,8,0,1.018854,1.003096,1.015,35,1,459,100,100,25,0,1,0,-52,29,28,2,80,10,210,27,0,0,3072,234,0,9,0,992,198,0,18,0,460,0,0,24,0,272,0,0,0,0,7,237,0,33,0,0,116,12,0,0,0,0,0,0,0
4,16,1,20,2,8,0,1.001438,1.038058,1.031164,18,0,334,77.062514,74.062514,25,0,1,-52,0,-100,-12,0,80,10,270,24,0,0,3072,169,0,8,0,992,175,0,16,0,460,1,0,12,0,272,0,0,0,0,7,74,0,22,0,0,127,6,1,0,0,0,0,0,0
4,16,2,24,2,8,0,1.013062,1.019372,1.014948,24,0,334,3,0,25,0,1,29,-100,0,0,1,80,10,268,24,0,0,3072,161,0,8,0,992,188,0,16,0,460,5,0,16,0,272,0,0,0,0,7,194,0,26,0,0,65,8,1,0,0,0,0,0,0
4,16,3,38,2,8,0,1.006381,1.00891,1.02326,37,0,334,100,100,25,0,1,28,-12,0,0,1,80,10,24,15,0,0,3072,173,0,5,0,992,155,0,10,0,460,0,0,28,0,272,0,0,0,0,7,245,0,35,0,0,125,14,1,0,0,1,1,0,0
4,17,0,33,2,11,0,1.021108,0.994174,1.01117,32,1,459,100,100,27,0,1,0,-56,35,32,2,80,19,215,24,0,0,3068,191,0,8,0,995,206,0,16,0,522,1,0,6,0,254,0,0,7,0,48,265,28,14,0,0,119,3,0,0,0,0,0,0,0
4,17,1,18,2,11,0,1.000821,1.038998,1.036953,16,1,459,80.062514,77.062514,27,0,1,-56,0,-100,-12,0,80,19,283,27,0,0,3068,156,0,9,0,995,184,0,18,0,522,1,0,4,0,254,0,0,0,0,48,40,0,34,0,0,110,2,19,0,0,1,1,0,0
4,17,2,23,2,11,0,1.011398,1.017709,1.009027,22,0,334,3,0,27,0,1,35,-100,0,4,1,80,19,276,24,0,0,3068,161,0,8,0,995,196,0,16,0,522,1,0,10,0,254,0,0,2,0,48,182,8,20,0,0,53,5,1,0,0,0,0,0,0
4,17,3,34,2,11,0,1.005913,1.00778,1.01956,34,0,334,100,100,27,0,1,32,-12,4,0,1,80,19,25,12,0,0,3068,207,0,4,0,995,159,0,8,0,522,1,0,4,0,254,0,0,9,0,48,279,36,8,0,0,127,2,0,0,0,0,0,0,0
4,18,0,32,2,5,0,1.024126,0.990939,1.015262,30,1,459,100,100,29,0,1,0,-60,43,36,2,80,22,223,24,0,0,3080,230,0,8,0,1004,214,0,16,0,523,1,0,6,0,242,0,0,10,0,16,302,40,16,0,0,121,3,1,0,0,1,1,0,0
4,18,1,17,2,5,0,0.995849,1.043559,1.035562,15,1,459,83.062514,80.062514,29,0,1,-60,0,-100,-12,0,80,22,300,27,0,0,3080,137,0,9,0,1004,193,0,18,0,523,0,0,4,0,242,0,0,0,0,16,27,0,17,0,0,110,2,2,0,0,1,1,0,0
4,18,2,23,2,5,0,1.011398,1.017709,1.009027,22,1,459,3,0,29,0,1,43,-100,0,6,1,80,22,291,24,0,0,3080,162,0,8,0,1004,201,0,16,0,523,1,0,6,0,242,0,0,5,0,16,176,20,35,0,0,26,3,19,0,0,1,1,0,0
4,18,3,33,2,5,0,1.008656,1.006288,1.016248,33,1,459,100,100,29,0,1,36,-12,6,0,1,80,22,23,12,0,0,3080,169,0,4,0,1004,163,0,8,0,523,1,0,6,0,242,0,0,15,0,16,313,60,27,0,0,113,3,17,0,0,0,0,0,0
4,19,0,30,0,5,0,1.028839,0.991037,1.015676,29,1,459,100,100,30,0,1,0,-62,48,38,2,80,16,222,21,0,0,3080,191,0,7,0,1024,216,0,14,0,491,0,0,16,0,254,0,0,3,0,16,306,12,25,0,0,128,8,1,0,0,1,1,0,0
4,19,1,14,0,5,0,1.001985,1.034524,1.027933,14,1,459,86.062514,83.062514,30,0,1,-62,0,-100,-12,0,80,16,319,27,0,0,3080,119,0,9,0,1024,197,0,18,0,491,0,0,0,0,254,0,0,3,0,16,34,12,11,0,0,109,0,1,0,0,0,0,0,0
4,19,2,23,0,5,0,1.011398,1.017709,1.009027,23,1,459,3,0,30,0,1,48,-100,0,8,1,80,16,302,24,0,0,3080,163,0,8,0,1024,200,0,16,0,491,5,0,14,0,254,0,0,3,0,16,173,12,24,0,0,29,7,1,0,0,0,0,0,0
4,19,3,33,0,5,0,1.008656,1.006288,1.016248,33,1,459,100,100,30,0,1,38,-12,8,0,1,80,16,22,12,0,0,3080,212,0,4,0,1024,166,0,8,0,491,1,0,20,0,254,0,0,6,0,16,330,24,24,0,0,123,10,0,0,0,0,0,0,0
4,20,0,29,2,10,0,1.029846,0.987543,1.013691,29,1,459,100,100,30,0,1,0,-62,48,42,2,80,25,225,21,0,0,3088,226,0,7,0,1010,223,0,14,0,497,1,0,12,0,272,0,0,0,0,21,302,0,19,0,0,134,6,0,0,0,0,0,0,0
4,20,1,14,2,10,0,1.005829,1.033342,1.02656,13,1,459,89.062514,86.062514,30,0,1,-62,0,-100,-8,0,80,25,341,27,0,0,3088,104,0,9,0,1010,206,0,18,0,497,0,0,0,0,272,0,0,0,0,21,29,0,11,0,0,108,0,1,0,0,0,0,0,0
4,20,2,23,2,10,0,1.009239,1.024803,1.005681,22,1,459,6,3,30,0,1,48,-100,0,10,1,80,25,316,24,0,0,3088,164,0,8,0,1010,205,0,16,0,497,8,0,14,0,272,0,0,0,0,21,158,0,24,0,0,35,7,1,0,0,0,0,0,0
4,20,3,26,2,10,0,1.014154,1.002992,1.021454,26,1,459,100,100,30,0,1,42,-8,10,0,1,80,25,16,9,0,0,3088,176,0,3,0,1010,169,0,6,0,497,0,0,18,0,272,0,0,0,0,21,322,0,21,0,0,132,9,0,0,0,0,0,0,0
4,21,0,29,2,6,0,1.029846,0.987543,1.013691,29,1,459,100,100,31,0,1,0,-64,53,46,2,80,15,229,21,0,0,3096,190,0,7,0,1007,230,0,14,0,508,1,0,16,0,264,0,0,2,0,16,309,8,23,0,0,142,8,0,0,0,0,0,0,0
4,21,1,13,2,6,0,1.004114,1.030329,1.023643,12,1,459,92.062514,89.062514,31,0,1,-64,0,-100,-6,0,80,15,363,27,0,0,3096,89,0,9,0,1007,215,0,18,0,508,0,0,0,0,264,0,0,0,0,16,25,0,13,0,0,106,0,2,0,0,1,1,0,0
4,21,2,23,2,6,0,1.00847,1.028197,1.00335,21,1,459,3,0,31,0,1,53,-100,0,12,1,80,15,336,24,0,0,3096,162,0,8,0,1007,213,0,16,0,508,5,0,14,0,264,0,0,2,0,16,149,8,26,0,0,40,7,2,0,0,1,1,0,0
4,21,3,23,2,6,0,1.017911,1.007796,1.024165,22,1,459,100,100,31,0,1,46,-6,12,0,1,80,15,26,9,0,0,3096,211,0,3,0,1007,172,0,6,0,508,1,0,8,0,264,0,0,4,0,16,339,16,11,0,0,136,4,0,0,0,0,0,0,0
4,22,0,30,4,2,0,1.030761,0.98814,1.015035,29,1,459,100,100,31,0,1,0,-64,55,48,2,80,17,235,21,0,0,3096,218,0,7,0,1007,237,0,14,0,481,0,0,22,0,272,0,0,0,0,68,280,0,29,0,0,153,11,0,0,0,0,0,0,0
4,22,1,14,4,2,0,1.007101,1.028978,1.019038,13,1,459,95.062514,92.062514,31,0,1,-64,0,-100,-4,0,80,17,386,27,0,0,3096,75,0,9,0,1007,224,0,18,0,481,0,0,0,0,272,0,0,0,0,68,14,0,11,0,0,105,0,1,0,0,0,0,0,0
4,22,2,22,4,2,0,1.010809,1.027212,1.002326,21,1,459,6,3,31,0,1,55,-100,0,14,1,80,17,351,24,0,0,3096,163,0,8,0,1007,221,0,16,0,481,7,0,16,0,272,0,0,0,0,68,121,0,28,0,0,46,8,2,0,0,1,1,0,0
4,22,3,24,4,2,0,1.01956,1.00204,1.026143,21,1,459,100,100,31,0,1,48,-4,14,0,1,80,17,22,6,0,0,3096,186,0,2,0,1007,174,0,4,0,481,1,0,24,0,272,0,0,0,0,68,311,0,28,0,0,147,12,1,0,0,1,1,0,0
4,23,0,29,0,3,0,1.029196,0.990055,1.01362,28,1,459,100,100,31,0,1,0,-64,55,52,2,80,15,233,18,0,0,3088,182,0,6,0,1007,243,0,12,0,537,0,0,2,0,253,0,0,7,0,21,315,28,10,0,0,153,1,1,0,0,1,1,0,0
4,23,1,14,0,3,0,1.007101,1.028978,1.019038,13,1,459,98.062514,95.062514,31,0,1,-64,0,-100,-2,0,80,15,414,30,0,0,3088,59,0,10,0,1007,234,0,20,0,537,0,0,0,0,253,0,0,0,0,21,9,0,14,0,0,103,0,2,0,0,1,1,0,0
4,23,2,20,0,3,0,1.010439,1.025335,1.00576,20,1,459,9,6,31,0,1,55,-100,0,16,1,80,15,367,24,0,0,3088,157,0,8,0,1007,229,0,16,0,537,0,0,8,0,253,0,0,5,0,21,129,20,18,0,0,49,4,1,0,0,0,0,0,0
4,23,3,24,0,3,0,1.01956,1.00204,1.026143,22,1,459,100,100,31,0,1,52,-2,16,0,1,80,15,24,6,0,0,3088,240,0,2,0,1007,176,0,4,0,537,1,0,4,0,253,0,0,7,0,21,343,28,8,0,0,148,2,1,0,0,1,1,0,0
4,24,0,24,0,13,0,1.030952,0.982591,1.013459,24,1,459,100,100,31,0,1,0,-64,57,56,2,80,25,236,18,0,0,3096,219,0,6,0,1013,249,0,12,0,505,1,0,4,0,272,0,0,0,0,14,320,0,10,0,0,155,2,0,0,0,0,0,0,0
4,24,1,13,0,13,0,1.00592,1.021194,1.012379,13,1,459,100,98.062514,31,0,1,-64,0,-100,2,0,80,25,442,30,0,0,3096,35,0,10,0,1013,244,0,20,0,505,0,0,0,0,272,0,0,0,0,14,6,0,12,0,0,102,0,1,0,0,0,0,0,0
4,24,2,18,0,13,0,1.010517,1.02294,1.010575,18,1,459,12,9,31,0,1,57,-100,0,18,1,80,25,383,24,0,0,3096,153,0,8,0,1013,234,0,16,0,505,1,0,8,0,272,0,0,0,0,14,117,0,18,0,0,52,4,1,0,0,0,0,0,0
4,24,3,19,0,13,0,1.021453,1.005824,1.027854,18,1,459,100,100,31,0,1,56,2,18,0,1,80,25,11,3,0,0,3096,215,0,1,0,1013,177,0,2,0,505,1,0,6,0,272,0,0,0,0,14,358,0,9,0,0,150,3,1,0,0,1,1,0,0
4,25,0,21,1,19,0,1.033565,0.981487,1.013041,21,1,459,100,100,31,0,1,0,-64,59,60,2,80,18,234,12,0,0,3176,191,0,4,0,1019,253,0,8,0,537,0,0,8,0,246,0,0,2,0,1,343,8,12,0,0,159,4,0,0,0,0,0,0,0
4,25,1,7,1,19,0,0.995993,1.033604,1.022023,7,1,459,100,100,31,0,1,-64,0,-100,8,0,80,18,451,15,0,0,3176,18,0,5,0,1019,249,0,10,0,537,0,0,0,0,246,0,0,0,0,1,7,0,5,0,0,102,0,0,0,0,0,0,0,0
4,25,2,12,1,19,0,1.015846,1.018141,1.000737,11,2,584,15,12,31,0,1,59,-100,0,22,2,80,18,390,15,0,0,3176,154,0,5,0,1019,239,0,10,0,537,1,0,0,0,246,0,0,3,0,1,108,12,24,0,0,34,0,18,0,0,0,0,0,0
4,25,3,16,1,19,0,1.018322,1.011147,1.028444,16,2,584,100,100,31,0,1,60,8,22,0,2,80,18,9,0,0,0,3176,195,0,0,0,1019,177,0,0,0,537,1,0,0,0,246,0,0,9,0,1,399,36,17,0,0,133,0,17,0,0,0,0,0,0
4,26,0,21,1,4,0,1.033565,0.981487,1.013041,21,2,584,100,100,31,0,1,0,-64,59,62,2,80,36,233,12,0,0,3184,166,0,4,0,1046,257,0,8,0,544,0,0,0,0,251,0,0,9,0,25,375,36,21,0,0,142,0,17,0,0,0,0,0,0
4,26,1,7,1,4,0,0.987598,1.019078,1.023505,6,1,459,100,100,31,0,1,-64,0,-100,12,0,80,36,458,15,0,0,3184,7,0,5,0,1046,254,0,10,0,544,0,0,0,0,251,0,0,0,0,25,5,0,5,0,0,102,0,0,0,0,0,0,0,0
4,26,2,10,1,4,0,1.015582,1.012584,0.996641,9,2,584,18,15,31,0,1,59,-100,0,24,2,80,36,406,15,0,0,3184,153,0,5,0,1046,244,0,10,0,544,1,0,0,0,251,3,0,3,0,25,114,12,9,0,0,32,0,2,0,0,1,1,0,0
4,26,3,15,1,4,0,1.014795,1.01126,1.029223,15,2,584,100,100,31,0,1,62,12,24,0,2,80,36,3,0,0,0,3184,178,0,0,0,1046,177,0,0,0,544,1,0,0,0,251,0,0,6,0,25,440,24,0,0,0,133,0,0,0,0,0,0,0,0
4,27,0,19,4,8,0,1.038628,0.97071,1.017431,17,2,584,100,100,31,0,1,0,-64,59,64,2,80,24,232,9,0,0,3076,206,0,3,0,1049,260,0,6,0,524,0,0,6,0,272,0,0,0,0,33,378,0,9,0,0,145,3,0,0,0,0,0,0,0
4,27,1,7,4,8,0,0.987598,1.019078,1.023505,6,1,459,100,100,31,0,1,-64,0,-100,18,0,80,24,458,0,0,0,3076,1,0,0,0,1049,272,0,0,0,524,0,0,0,0,272,0,0,0,0,33,6,0,2,0,0,101,0,1,0,0,1,1,0,0
4,27,2,9,4,8,0,1.013888,1.009436,0.992681,8,2,584,21,18,31,0,1,59,-100,0,26,2,80,24,417,9,0,0,3076,156,0,3,0,1049,247,0,6,0,524,1,0,6,0,272,0,0,3,0,33,118,12,11,0,0,34,3,1,0,0,0,0,0,0
4,27,3,14,4,8,0,1.014542,0.999327,1.035309,13,2,584,100,100,31,0,1,64,18,26,0,2,80,24,7,0,0,0,3076,203,0,0,0,1049,177,0,0,0,524,0,0,6,0,272,0,0,0,0,33,451,0,6,0,0,136,3,0,0,0,0,0,0,0
4,28,0,16,0,4,0,1.03698,0.969815,1.02614,14,2,584,100,100,31,0,1,0,-64,61,68,2,80,38,231,9,0,0,3186,184,0,3,0,1049,263,0,6,0,526,0,0,6,0,271,0,0,0,0,17,392,0,11,0,0,147,3,1,0,0,1,1,0,0
4,28,1,7,0,4,0,0.987598,1.019078,1.023505,7,1,459,100,100,31,0,1,-64,0,-100,24,1,80,38,458,0,0,0,3186,1,0,0,0,1049,290,0,0,0,526,0,0,0,0,271,0,0,0,0,17,9,0,0,0,0,101,0,0,0,0,0,0,0,0
4,28,2,8,0,4,0,1.010172,1.013178,0.984002,7,2,584,24,21,31,0,1,61,-100,0,28,2,80,38,418,6,0,0,3186,153,0,2,0,1049,249,0,4,0,526,4,0,6,0,271,0,0,0,0,17,109,0,12,0,0,35,3,2,0,0,1,1,0,0
4,28,3,14,0,4,0,1.014542,0.999327,1.035309,13,2,584,100,100,31,0,1,68,24,28,0,3,80,38,11,3,0,0,3186,187,0,1,0,1049,178,0,2,0,526,1,0,2,0,271,0,0,1,0,17,470,4,5,0,0,136,1,1,0,0,1,1,0,0
4,29,0,14,0,6,0,1.04787,0.967423,1.027295,13,2,584,100,100,31,0,1,0,-64,63,72,2,80,42,231,9,0,0,3186,165,0,3,0,1052,266,0,6,0,543,0,0,0,0,266,0,0,3,0,10,430,12,5,0,0,146,0,1,0,0,1,1,0,0
4,29,1,6,0,6,0,0.971,1.011093,1.036585,6,1,459,100,100,31,0,1,-64,0,-100,28,1,80,42,458,0,0,0,3186,1,0,0,0,1052,308,0,0,0,543,0,0,0,0,266,0,0,0,0,10,9,0,0,0,0,101,0,0,0,0,0,0,0,0
4,29,2,5,0,6,0,1.016568,1.024242,0.976501,5,2,584,27,24,31,0,1,63,-100,0,30,2,80,42,422,6,0,0,3186,151,0,2,0,1052,251,0,4,0,543,2,0,2,0,266,2,0,1,0,10,107,4,6,0,0,35,1,1,0,0,0,0,0,0
4,29,3,14,0,6,0,1.014542,0.999327,1.035309,14,2,584,100,100,31,0,1,72,28,30,0,3,80,42,8,3,0,0,3186,171,0,1,0,1052,179,0,2,0,543,0,0,2,0,266,0,0,0,0,10,488,0,3,0,0,137,1,0,0,0,0,0,0,0
4,30,0,13,2,3,0,1.048756,0.971862,1.03173,13,2,584,100,100,31,0,1,0,-64,65,74,2,80,32,234,6,0,0,3091,197,0,2,0,1058,265,0,4,0,536,0,0,2,0,267,0,0,1,0,53,439,4,4,0,0,147,1,0,0,0,0,0,0,0
4,30,1,8,2,3,0,0.983861,1.008579,1.024811,6,1,459,100,100,31,0,1,-64,0,-100,34,1,80,32,458,0,0,0,3091,1,0,0,0,1058,326,0,0,0,536,0,0,0,0,267,0,0,0,0,53,9,0,0,0,0,101,0,0,0,0,0,0,0,0
4,30,2,4,2,3,0,1.020165,1.028068,0.969095,4,2,584,30,27,31,0,1,65,-100,0,32,2,80,32,426,6,0,0,3091,144,0,2,0,1058,250,0,4,0,536,6,0,0,0,267,4,0,0,0,53,103,0,4,0,0,34,0,1,0,0,0,0,0,0
4,30,3,13,2,3,0,1.020065,0.995449,1.042535,13,3,709,100,100,31,0,1,74,34,32,0,3,80,32,14,3,0,0,3091,203,0,1,0,1058,180,0,2,0,536,0,0,2,0,267,0,0,2,0,53,482,8,20,0,0,121,1,17,0,0,0,0,0,0
4,31,0,12,1,5,0,1.043465,0.962472,1.038327,12,2,584,100,100,31,0,1,0,-64,65,76,2,80,53,225,3,0,0,3185,183,0,1,0,1061,266,0,2,0,538,1,0,0,0,260,0,0,2,0,34,463,8,1,0,0,147,0,0,0,0,0,0,0,0
4,31,1,8,1,5,0,0.983861,1.008579,1.024811,6,1,459,100,100,31,0,1,-64,0,-100,38,1,80,53,458,21,0,0,3185,2,0,7,0,1061,333,0,14,0,538,0,0,0,0,260,0,0,0,0,34,2,0,7,0,0,101,0,0,0,0,0,0,0,0
4,31,2,3,1,5,0,1.014163,1.047995,0.961569,3,2,584,33,30,31,0,1,65,-100,0,34,2,80,53,428,3,0,0,3185,139,0,1,0,1061,248,0,2,0,538,8,0,0,0,260,8,0,0,0,34,100,0,3,0,0,33,0,1,0,0,0,0,0,0
4,31,3,11,1,5,0,1.03321,1.004606,1.055676,10,3,709,100,100,31,0,1,76,38,34,0,3,80,53,15,3,0,0,3185,188,0,1,0,1061,181,0,2,0,538,1,0,2,0,260,0,0,6,0,34,514,24,3,0,0,122,1,0,0,0,0,0,0,0
4,32,0,11,0,4,0,1.046518,0.958284,1.042824,11,2,584,100,100,31,0,1,0,-64,65,80,2,80,56,219,3,0,0,3186,170,0,1,0,1058,267,0,2,0,533,1,0,2,0,272,0,0,0,0,11,494,0,3,0,0,148,1,0,0,0,0,0,0,0
4,32,1,8,0,4,0,0.983861,1.008579,1.024811,6,1,459,100,100,31,0,1,-64,0,-100,42,1,80,56,458,6,0,0,3186,7,0,2,0,1058,350,0,4,0,533,0,0,0,0,272,0,0,0,0,11,0,0,2,0,0,101,0,0,0,0,0,0,0,0
4,32,2,1,0,4,0,1.003211,1.06507,0.94506,1,2,584,36,33,31,0,1,65,-100,0,36,2,80,56,425,0,0,0,3186,136,0,0,0,1058,248,0,0,0,533,11,0,0,0,272,8,0,0,0,11,98,0,2,0,0,32,0,1,0,0,0,0,0,0
4,32,3,10,0,4,0,1.028935,1.00506,1.06068,9,3,709,100,100,31,0,1,80,42,36,0,3,80,56,19,6,0,0,3186,174,0,2,0,1058,183,0,4,0,533,0,0,4,0,272,0,0,0,0,11,529,0,8,0,0,123,2,1,0,0,1,1,0,0
4,33,0,11,1,6,0,1.046518,0.958284,1.042824,11,3,709,100,100,31,0,1,0,-64,65,82,1,80,50,219,3,0,0,3119,198,0,1,0,1058,268,0,2,0,543,1,0,0,0,269,0,0,2,0,59,490,8,18,0,0,131,0,17,0,0,0,0,0,0
4,33,1,4,1,6,0,1.030615,1.007077,0.993171,3,1,459,100,100,31,0,1,-64,0,-100,46,1,80,50,455,0,0,0,3119,1,0,0,0,1058,362,0,0,0,543,0,0,0,0,269,0,0,0,0,59,0,0,0,0,0,101,0,0,0,0,0,0,0,0
4,33,2,0,1,6,0,0,0,0,0,2,584,36,36,31,0,1,65,-100,0,38,0,80,50,423,0,0,0,3119,135,0,0,0,1058,248,0,0,0,543,11,0,0,0,269,8,0,0,0,59,98,0,0,0,0,32,0,0,0,0,0,0,0,0
4,33,3,10,1,6,0,1.036366,0.993549,1.056901,9,3,709,100,100,31,0,1,82,46,38,0,2,80,50,27,6,0,0,3119,193,0,2,0,1058,185,0,4,0,543,1,0,0,0,269,0,0,1,0,59,534,4,2,0,0,123,0,0,0,0,0,0,0,0
4,34,0,10,2,1,0,1.040983,0.967766,1.044707,10,3,709,100,100,31,0,0,0,-64,65,84,1,80,58,212,3,0,0,3197,186,0,1,0,1067,269,0,2,0,544,1,0,0,0,266,0,0,3,0,34,517,12,1,0,0,131,0,0,0,0,0,0,0,0
4,34,1,5,2,1,0,1.048153,1.019065,1.000488,3,1,459,100,100,31,0,0,-64,0,-100,50,1,80,58,458,0,0,0,3197,1,0,0,0,1067,374,0,0,0,544,0,0,0,0,266,0,0,0,0,34,0,0,0,0,0,101,0,0,0,0,0,0,0,0
4,34,2,0,2,1,0,0,0,0,0,2,584,36,36,31,0,0,65,-100,0,40,0,80,58,422,0,0,0,3197,135,0,0,0,1067,248,0,0,0,544,11,0,0,0,266,8,0,0,0,34,98,0,0,0,0,32,0,0,0,0,0,0,0,0
4,34,3,11,2,1,0,1.041851,0.994833,1.05689,9,3,709,100,100,31,0,0,84,50,40,0,2,80,58,34,6,0,0,3197,180,0,2,0,1067,187,0,4,0,544,1,0,0,0,266,0,0,3,0,34,559,12,4,0,0,122,0,1,0,0,1,1,0,0
4,35,0,10,0,0,0,1.040983,0.967766,1.044707,10,3,709,100,100,31,0,0,0,-64,65,84,1,80,61,208,3,0,0,3188,175,0,1,0,1064,270,0,2,0,537,0,0,2,0,272,0,0,0,0,34,531,0,3,0,0,132,1,0,0,0,0,0,0,0
4,35,1,5,0,0,0,1.048153,1.019065,1.000488,3,1,459,100,100,31,0,0,-64,0,-100,52,1,80,61,459,0,0,0,3188,9,0,0,0,1064,386,0,0,0,537,0,0,0,0,272,0,0,0,0,34,0,0,0,0,0,101,0,0,0,0,0,0,0,0
4,35,2,0,0,0,0,0,0,0,0,2,584,36,36,31,0,0,65,-100,0,40,0,80,61,422,0,0,0,3188,135,0,0,0,1064,248,0,0,0,537,11,0,0,0,272,8,0,0,0,34,98,0,0,0,0,32,0,0,0,0,0,0,0,0
4,35,3,11,0,0,0,1.041851,0.994833,1.05689,10,3,709,100,100,31,0,0,84,52,40,0,2,80,61,38,9,0,0,3188,165,0,3,0,1064,190,0,6,0,537,1,0,6,0,272,0,0,0,0,34,565,0,11,0,0,124,3,1,0,0,1,1,0,0
4,36,0,10,0,0,0,1.040983,0.967766,1.044707,10,3,709,100,100,31,0,0,0,-64,65,84,1,80,43,209,3,0,0,3112,212,0,1,0,1064,271,0,2,0,542,0,0,0,0,272,0,0,0,0,56,536,0,1,0,0,132,0,0,0,0,0,0,0,0
4,36,1,5,0,0,0,1.048153,1.019065,1.000488,3,1,459,100,100,31,0,0,-64,0,-100,54,1,80,43,459,0,0,0,3112,13,0,0,0,1064,398,0,0,0,542,0,0,0,0,272,0,0,0,0,56,0,0,0,0,0,101,0,0,0,0,0,0,0,0
4,36,2,0,0,0,0,0,0,0,0,2,584,36,36,31,0,0,65,-100,0,40,0,80,43,422,0,0,0,3112,135,0,0,0,1064,248,0,0,0,542,11,0,0,0,272,8,0,0,0,56,98,0,0,0,0,32,0,0,0,0,0,0,0,0
4,36,3,11,0,0,0,1.041851,0.994833,1.05689,11,3,709,100,100,31,0,0,84,54,40,0,2,80,43,44,9,0,0,3112,182,0,3,0,1064,193,0,6,0,542,1,0,2,0,272,0,0,0,0,56,566,0,5,0,0,125,1,0,0,0,0,0,0,0
4,37,0,9,0,1,0,1.043351,0.96578,1.052238,9,3,709,100,100,31,0,0,0,-64,65,84,1,80,66,200,0,0,0,3192,202,0,0,0,1064,271,0,0,0,539,0,0,2,0,269,0,0,1,0,4,572,4,2,0,0,133,1,0,0,0,0,0,0,0
4,37,1,5,0,1,0,1.048153,1.019065,1.000488,3,1,459,100,100,31,0,0,-64,0,-100,56,1,80,66,459,0,0,0,3192,17,0,0,0,1064,410,0,0,0,539,0,0,0,0,269,0,0,0,0,4,0,0,0,0,0,101,0,0,0,0,0,0,0,0
4,37,2,0,0,1,0,0,0,0,0,2,584,36,36,31,0,0,65,-100,0,40,0,80,66,422,0,0,0,3192,135,0,0,0,1064,248,0,0,0,539,11,0,0,0,269,8,0,0,0,4,98,0,0,0,0,32,0,0,0,0,0,0,0,0
4,37,3,11,0,1,0,1.041851,0.994833,1.05689,11,3,709,100,100,31,0,0,84,56,40,0,2,80,66,44,9,0,0,3192,167,0,3,0,1064,196,0,6,0,539,0,0,4,0,269,0,0,2,0,4,597,8,7,0,0,127,2,0,0,0,0,0,0,0
4,38,0,9,0,2,0,1.043351,0.96578,1.052238,9,3,709,100,100,31,0,0,0,-64,65,86,1,80,50,198,0,0,0,3160,193,0,0,0,1067,271,0,0,0,538,0,0,0,0,269,0,0,3,0,45,601,12,0,0,0,133,0,0,0,0,0,0,0,0
4,38,1,4,0,2,0,1.030615,1.007077,0.993171,3,1,459,100,100,31,0,0,-64,0,-100,60,1,80,50,459,0,0,0,3160,13,0,0,0,1067,422,0,0,0,538,0,0,0,0,269,0,0,0,0,45,0,0,0,0,0,101,0,0,0,0,0,0,0,0
4,38,2,0,0,2,0,0,0,0,0,2,584,36,36,31,0,0,65,-100,0,40,0,80,50,422,0,0,0,3160,135,0,0,0,1067,248,0,0,0,538,11,0,0,0,269,8,0,0,0,45,98,0,0,0,0,32,0,0,0,0,0,0,0,0
4,38,3,10,0,2,0,1.042998,0.997363,1.055787,10,3,709,100,100,31,0,0,86,60,40,0,2,80,50,53,6,0,0,3160,185,0,2,0,1067,198,0,4,0,538,0,0,6,0,269,0,0,0,0,45,595,0,8,0,0,130,3,0,0,0,0,0,0,0
4,39,0,9,1,0,0,1.043351,0.96578,1.052238,9,4,834,100,100,31,0,0,0,-64,65,86,1,80,65,189,0,0,0,3200,184,0,0,0,1070,271,0,0,0,541,1,0,2,0,272,0,0,0,0,34,599,0,19,0,0,117,1,17,0,0,0,0,0,0
4,39,1,5,1,0,0,1.040917,1.018173,0.997976,3,1,459,100,100,31,0,0,-64,0,-100,64,1,80,65,459,0,0,0,3200,10,0,0,0,1070,434,0,0,0,541,0,0,0,0,272,0,0,0,0,34,0,0,0,0,0,101,0,0,0,0,0,0,0,0
4,39,2,0,1,0,0,0,0,0,0,2,584,36,36,31,0,0,65,-100,0,40,0,80,65,422,0,0,0,3200,135,0,0,0,1070,248,0,0,0,541,11,0,0,0,272,8,0,0,0,34,98,0,0,0,0,32,0,0,0,0,0,0,0,0
4,39,3,10,1,0,0,1.042998,0.997363,1.055787,10,4,834,100,100,31,0,0,86,64,40,0,2,80,65,55,6,0,0,3200,172,0,2,0,1070,200,0,4,0,541,0,0,0,0,272,0,0,0,0,34,593,0,19,0,0,113,0,17,0,0,0,0,0,0
4,40,0,9,2,2,0,1.043351,0.96578,1.052238,9,4,834,100,100,31,0,0,0,-64,65,86,1,80,54,183,0,0,0,3168,175,0,0,0,1070,271,0,0,0,541,1,0,0,0,271,0,0,1,0,45,620,4,0,0,0,117,0,0,0,0,0,0,0,0
4,40,1,5,2,2,0,1.018156,0.999034,1.012674,3,1,459,100,100,31,0,0,-64,0,-100,68,1,80,54,459,0,0,0,3168,6,0,0,0,1070,446,0,0,0,541,0,0,0,0,271,0,0,0,0,45,0,0,0,0,0,101,0,0,0,0,0,0,0,0
4,40,2,0,2,2,0,0,0,0,0,2,584,36,36,31,0,0,65,-100,0,40,0,80,54,422,0,0,0,3168,135,0,0,0,1070,248,0,0,0,541,11,0,0,0,271,8,0,0,0,45,98,0,0,0,0,32,0,0,0,0,0,0,0,0
4,40,3,10,2,2,0,1.035295,0.992209,1.0552,9,4,834,100,100,31,0,0,86,68,40,0,2,80,54,65,6,0,0,3168,191,0,2,0,1070,202,0,4,0,541,1,0,0,0,271,0,0,0,0,45,597,0,2,0,0,113,0,0,0,0,0,0,0,0
0,1,0,50,3,2,0,1.00036,0.995079,0.994995,0,0,334,100,100,0,0,0,0,0,2,2,0,80,6,55,39,0,0,2816,200,0,13,0,932,63,0,26,0,447,13,0,48,0,272,1,0,24,0,0,101,96,79,0,0,15,24,9,0,0,9,9,0,0
0,1,1,51,3,2,0,1.002061,0.994268,0.994787,0,0,334,100,100,0,0,0,0,0,2,2,0,80,6,56,39,0,0,2816,200,0,13,0,932,63,0,26,0,447,7,0,48,0,272,1,0,24,0,0,101,96,79,0,0,15,24,9,0,0,9,9,0,0
0,1,2,50,3,2,0,1.00036,0.995079,0.994995,0,0,334,100,100,0,0,0,2,2,0,2,0,80,6,55,39,0,0,2816,200,0,13,0,932,63,0,26,0,447,12,0,48,0,272,1,0,24,0,0,101,96,79,0,0,15,24,9,0,0,9,9,0,0
0,1,3,50,3,2,0,1.001245,0.993786,0.994843,0,0,334,100,100,0,0,0,2,2,2,0,0,80,6,55,39,0,0,2816,192,0,13,0,932,63,0,26,0,447,8,0,46,0,272,2,0,23,0,0,99,92,77,0,0,14,23,9,0,0,9,9,0,0
0,2,0,45,2,18,0,0.998418,0.993958,0.993437,9,0,334,100,100,0,0,0,0,2,4,4,0,80,4,61,39,0,0,2808,225,0,13,0,932,76,0,26,0,408,0,0,36,0,264,0,0,2,0,7,59,8,67,0,0,24,18,9,0,0,9,9,0,0
0,2,1,47,2,18,0,0.997106,0.992787,0.99024,8,0,334,100,100,0,0,0,2,0,4,4,0,80,4,63,39,0,0,2808,240,0,13,0,932,76,0,26,0,408,0,0,32,0,264,0,0,3,0,7,63,12,63,0,0,22,16,9,0,0,9,9,0,0
0,2,2,44,2,18,0,1.010779,1.000175,0.99087,9,0,334,100,100,0,0,0,4,4,0,2,0,80,4,52,33,0,0,2808,211,0,11,0,932,74,0,22,0,408,1,0,42,0,264,0,0,3,0,7,56,12,71,0,0,27,21,9,0,0,9,9,0,0
0,2,3,49,2,18,0,0.999346,0.99595,0.996582,8,0,334,100,100,0,0,0,4,4,2,0,0,80,4,63,39,0,0,2808,225,0,13,0,932,76,0,26,0,408,0,0,36,0,264,0,0,4,0,7,61,16,67,0,0,23,18,9,0,0,9,9,0,0
0,3,0,46,6,6,0,0.999085,0.995742,0.997577,18,0,334,100,100,0,0,0,0,2,6,6,0,80,0,73,36,0,0,3200,168,0,12,0,935,88,0,24,0,461,1,0,16,0,272,0,0,0,0,0,30,0,46,0,0,23,8,9,0,0,9,9,0,0
0,3,1,46,6,6,0,1.00023,0.996631,0.995911,16,0,334,100,100,0,0,0,2,0,6,6,0,80,0,74,39,0,0,3200,180,0,13,0,935,89,0,26,0,461,0,0,18,0,272,0,0,0,0,0,31,0,49,0,0,22,9,9,0,0,9,9,0,0
0,3,2,46,6,6,0,1.011929,0.999711,0.990896,18,0,334,100,100,0,0,0,6,6,0,2,0,80,0,58,33,0,0,3200,156,0,11,0,935,85,0,22,0,461,1,0,24,0,272,0,0,0,0,0,20,0,53,0,0,30,12,9,0,0,9,9,0,0
0,3,3,47,6,6,0,0.997803,0.998379,0.991278,15,0,334,100,100,0,0,0,6,6,2,0,0,80,0,75,42,0,0,3200,162,0,14,0,935,90,0,28,0,461,1,0,14,0,272,0,0,0,0,0,31,0,46,0,0,21,7,9,0,0,9,9,0,0
0,4,0,45,2,12,0,0.999846,0.996839,0.999656,26,0,334,100,100,0,0,0,0,2,8,8,0,80,0,80,36,0,0,2824,214,0,12,0,935,100,0,24,0,487,1,0,12,0,221,0,0,9,0,0,41,36,42,0,0,20,6,9,0,0,9,9,0,0
0,4,1,43,2,12,0,0.99661,0.998691,0.999031,23,0,334,100,100,0,0,0,2,0,8,8,0,80,0,82,39,0,0,2824,225,0,13,0,935,102,0,26,0,487,0,0,12,0,221,0,0,12,0,0,51,48,39,0,0,21,6,7,0,0,7,7,0,0
0,4,2,45,2,12,0,1.010405,0.999539,0.991313,26,0,334,100,100,0,0,0,8,8,0,2,0,80,0,57,30,0,0,2824,172,0,10,0,935,95,0,20,0,487,0,0,22,0,221,0,0,15,0,0,47,60,50,0,0,32,11,9,0,0,9,9,0,0
0,4,3,42,2,12,0,0.996866,0.996224,0.994041,23,0,334,100,100,0,0,0,8,8,2,0,0,80,0,85,42,0,0,2824,189,0,14,0,935,104,0,28,0,487,1,0,12,0,221,0,0,12,0,0,49,48,40,0,0,20,6,7,0,0,7,7,0,0
0,5,0,40,3,21,0,0.997346,0.99443,0.998903,30,0,334,100,100,0,0,0,0,4,10,10,0,80,7,89,36,0,0,3040,157,0,12,0,935,112,0,24,0,511,1,0,6,0,237,0,0,8,0,0,57,32,28,0,0,18,3,5,0,0,5,5,0,0
0,5,1,38,3,21,0,0.993194,0.996447,0.999951,26,0,334,100,100,0,0,0,4,0,10,10,0,80,7,99,42,0,0,3040,168,0,14,0,935,116,0,28,0,511,1,0,8,0,237,0,0,6,0,0,58,24,30,0,0,21,4,4,0,0,4,4,0,0
0,5,2,37,3,21,0,1.001283,0.99519,0.994631,27,0,334,100,100,0,0,0,10,10,0,2,0,80,7,54,27,0,0,3040,190,0,9,0,935,104,0,18,0,511,1,0,8,0,237,0,0,11,0,0,72,44,27,0,0,31,4,5,0,0,5,5,0,0
0,5,3,42,3,21,0,0.997826,0.997789,0.992526,29,0,334,100,100,0,0,0,10,10,2,0,0,80,7,100,42,0,0,3040,221,0,14,0,935,118,0,28,0,511,0,0,10,0,237,0,0,10,0,0,70,40,36,0,0,19,5,6,0,0,6,6,0,0
0,6,0,38,2,8,0,0.999873,0.994883,0.996469,33,0,334,100,100,0,0,0,0,6,12,12,0,80,2,96,30,0,0,2960,187,0,10,0,941,122,0,20,0,441,0,0,24,0,272,0,0,0,0,5,34,0,40,0,0,27,12,3,0,0,3,3,0,0
0,6,1,35,2,8,0,0.992142,1.000612,1.000435,27,0,334,100,100,0,0,0,6,0,12,12,0,80,2,107,33,0,0,2960,199,0,11,0,941,127,0,22,0,441,0,0,24,0,272,0,0,0,0,5,27,0,43,0,0,29,12,4,0,0,4,4,0,0
0,6,2,37,2,8,0,1.001283,0.99519,0.994631,32,0,334,100,100,0,0,0,12,12,0,4,0,80,2,60,27,0,0,2960,216,0,9,0,941,113,0,18,0,441,3,0,30,0,272,0,0,0,0,5,44,0,45,0,0,43,15,3,0,0,3,3,0,0
0,6,3,41,2,8,0,1.00211,1.002072,0.99266,33,0,334,100,100,0,0,0,12,12,4,0,0,80,2,106,36,0,0,2960,167,0,12,0,941,130,0,24,0,441,1,0,24,0,272,0,0,0,0,5,43,0,44,0,0,27,12,4,0,0,4,4,0,0
0,7,0,40,5,1,0,0.997592,0.994111,0.994655,36,0,334,100,100,0,0,0,0,6,14,14,0,80,15,107,30,0,0,2952,219,0,10,0,959,132,0,20,0,536,1,0,2,0,223,0,0,5,0,5,57,20,14,0,0,27,1,1,0,0,1,1,0,0
0,7,1,35,5,1,0,0.995029,1.00054,1.003216,30,0,334,100,100,0,0,0,6,0,14,14,0,80,15,124,33,0,0,2952,233,0,11,0,959,138,0,22,0,536,1,0,0,0,223,0,0,12,0,5,72,48,15,0,0,27,0,2,0,0,2,2,0,0
0,7,2,37,5,1,0,1.001283,0.99519,0.994631,35,0,334,100,100,0,0,0,14,14,0,4,0,80,15,61,27,0,0,2952,170,0,9,0,959,122,0,18,0,536,0,0,6,0,223,0,0,15,0,5,104,60,17,0,0,45,3,1,0,0,1,1,0,0
0,7,3,43,5,1,0,1.004357,1.00593,0.992996,37,0,334,100,100,0,0,0,14,14,4,0,0,80,15,116,36,0,0,2952,202,0,12,0,959,142,0,24,0,536,0,0,2,0,223,0,0,17,0,5,110,68,18,0,0,26,1,2,0,0,2,2,0,0
0,8,0,41,3,3,0,0.998048,0.996147,0.997941,37,0,334,100,100,0,0,0,0,6,16,16,0,80,8,115,33,0,0,3040,168,0,11,0,967,143,0,22,0,503,0,0,10,0,214,0,0,10,0,33,93,40,25,0,0,30,5,2,0,0,2,2,0,0
0,8,1,36,3,3,0,0.997913,0.999729,1.003532,32,0,334,100,100,0,0,0,6,0,16,16,0,80,8,137,33,0,0,3040,187,0,11,0,967,147,0,22,0,503,0,0,10,0,214,0,0,12,0,33,103,48,25,0,0,30,5,2,0,0,2,2,0,0
0,8,2,35,3,3,0,1.005733,0.999885,0.995968,34,0,334,100,100,0,0,0,16,16,0,4,0,80,8,61,21,0,0,3040,198,0,7,0,967,126,0,14,0,503,1,0,14,0,214,4,0,15,0,33,147,60,23,0,0,51,7,1,0,0,1,1,0,0
0,8,3,43,3,3,0,1.006417,1.008971,0.996474,38,0,334,100,100,0,0,0,16,16,4,0,0,80,8,127,36,0,0,3040,235,0,12,0,967,151,0,24,0,503,0,0,8,0,214,0,0,14,0,33,142,56,24,0,0,28,4,2,0,0,2,2,0,0
0,9,0,41,4,1,0,0.998048,0.996147,0.997941,39,0,334,100,100,0,0,0,0,6,18,18,0,80,7,129,33,0,0,2961,200,0,11,0,965,154,0,22,0,507,0,0,6,0,244,0,0,9,0,0,127,36,19,0,0,32,3,1,0,0,1,1,0,0
0,9,1,36,4,1,0,0.997913,0.999729,1.003532,34,0,334,100,100,0,0,0,6,0,18,18,0,80,7,149,33,0,0,2961,223,0,11,0,965,158,0,22,0,507,0,0,4,0,244,0,0,10,0,0,143,40,17,0,0,31,2,1,0,0,1,1,0,0
0,9,2,36,4,1,0,1.005355,0.999789,0.993433,35,0,334,100,100,0,0,0,18,18,0,4,0,80,7,63,21,0,0,2961,228,0,7,0,965,133,0,14,0,507,0,0,24,0,244,0,0,4,0,0,149,16,31,0,0,63,12,0,0,0,0,0,0,0
0,9,3,45,4,1,0,1.009516,1.011307,1.001888,39,0,334,100,100,0,0,0,18,18,4,0,0,80,7,140,36,0,0,2961,180,0,12,0,965,163,0,24,0,507,0,0,2,0,244,0,0,8,0,0,173,32,18,0,0,27,1,2,0,0,2,2,0,0
0,10,0,42,4,4,0,1.000746,0.996861,1.000168,40,0,334,100,100,0,0,0,0,6,20,20,2,80,1,140,33,0,0,3016,236,0,11,0,959,165,0,22,0,532,1,0,0,0,191,0,0,12,0,0,179,48,13,0,0,31,0,1,0,0,1,1,0,0
0,10,1,37,4,4,0,0.999826,0.999153,1.00434,35,0,334,100,100,0,0,0,6,0,20,20,2,80,1,164,33,0,0,3016,176,0,11,0,959,169,0,22,0,532,0,0,4,0,191,0,0,15,0,0,203,60,17,0,0,32,2,1,0,0,1,1,0,0
0,10,2,35,4,4,0,1.008898,0.999159,0.997036,32,0,334,100,100,0,0,0,20,20,0,4,2,80,1,70,24,0,0,3016,184,0,8,0,959,141,0,16,0,532,1,0,4,0,191,15,0,12,0,0,197,48,14,0,0,64,2,1,0,0,1,1,0,0
0,10,3,44,4,4,0,1.007594,1.0097,1.001844,40,0,334,100,100,0,0,0,20,20,4,0,2,80,1,153,39,0,0,3016,218,0,13,0,959,176,0,26,0,532,0,0,2,0,191,7,0,20,0,0,249,80,19,0,0,26,1,2,0,0,2,2,0,0
0,11,0,44,9,3,0,1.004506,0.99303,1.003854,40,0,334,100,100,0,0,0,0,8,22,22,2,80,7,147,33,0,0,3048,183,0,11,0,956,176,0,22,0,460,0,0,10,0,272,0,0,0,0,0,173,0,23,0,0,35,5,1,0,0,1,1,0,0
0,11,1,38,9,3,0,1.005932,1.000433,1.0067,35,0,334,100,100,0,0,0,8,0,22,22,2,80,7,175,33,0,0,3048,224,0,11,0,956,180,0,22,0,460,1,0,14,0,272,0,0,0,0,0,188,0,27,0,0,38,7,1,0,0,1,1,0,0
0,11,2,35,9,3,0,1.005691,0.99934,0.99519,32,0,334,100,100,0,0,0,22,22,0,6,2,80,7,80,27,0,0,3048,196,0,9,0,956,150,0,18,0,460,1,0,24,0,272,3,0,12,0,0,224,48,35,0,0,75,12,1,0,0,1,1,0,0
0,11,3,47,9,3,0,1.011531,1.007369,1.003338,42,0,334,100,100,0,0,0,22,22,6,0,2,80,7,167,39,0,0,3048,161,0,13,0,956,189,0,26,0,460,0,0,30,0,272,0,0,7,0,0,254,28,45,0,0,40,15,1,0,0,1,1,0,0
0,12,0,44,2,3,0,1.004506,0.99303,1.003854,41,0,334,100,100,0,0,0,0,8,24,24,2,80,1,159,33,0,0,2944,224,0,11,0,953,187,0,22,0,494,1,0,4,0,227,0,0,16,0,0,240,64,19,0,0,35,2,2,0,0,2,2,0,0
0,12,1,38,2,3,0,1.007526,0.999713,1.003097,35,0,334,100,100,0,0,0,8,0,24,24,2,80,1,187,33,0,0,2944,175,0,11,0,953,191,0,22,0,494,0,0,10,0,227,0,0,13,0,0,239,52,23,0,0,42,5,1,0,0,1,1,0,0
0,12,2,35,2,3,0,1.010858,1.000032,0.995507,32,0,334,100,100,0,0,0,24,24,0,6,2,80,1,92,27,0,0,2944,200,0,9,0,953,159,0,18,0,494,9,0,22,0,227,0,0,3,0,0,210,12,33,0,0,85,11,1,0,0,1,1,0,0
0,12,3,46,2,3,0,1.011494,1.008407,1.003366,42,1,459,100,100,0,0,0,24,24,6,0,2,80,1,177,39,0,0,2944,197,0,13,0,953,202,0,26,0,494,0,0,6,0,227,0,0,16,0,0,295,64,40,0,0,24,3,19,0,0,2,2,0,0
0,13,0,45,3,3,0,1.007209,0.99588,1.001924,42,1,459,100,100,0,0,0,0,8,26,26,2,80,1,167,33,0,0,2952,169,0,11,0,956,198,0,22,0,527,1,0,2,0,205,0,0,14,0,4,284,56,32,0,0,18,1,18,0,0,1,1,0,0
0,13,1,38,3,3,0,1.012647,0.999094,1.006232,35,1,459,100,100,0,0,0,8,0,26,26,2,80,1,194,30,0,0,2952,223,0,10,0,956,201,0,20,0,527,0,0,4,0,205,0,0,16,0,4,285,64,33,0,0,26,2,18,0,0,1,1,0,0
0,13,2,34,3,3,0,1.010532,0.998815,0.992669,32,0,334,100,100,0,0,0,26,26,0,6,2,80,1,103,27,0,0,2952,204,0,9,0,956,168,0,18,0,527,1,0,18,0,205,7,0,11,0,4,240,44,29,0,0,93,9,1,0,0,1,1,0,0
0,13,3,46,3,3,0,1.011494,1.008407,1.003366,44,1,459,100,100,0,0,0,26,26,6,0,2,80,1,187,39,0,0,2952,234,0,13,0,956,215,0,26,0,527,1,0,0,0,205,0,0,19,0,4,370,76,15,0,0,23,0,1,0,0,1,1,0,0
0,14,0,45,2,5,0,1.007844,0.99636,1.003325,42,1,459,100,100,0,0,0,0,8,28,28,2,80,13,171,33,0,0,3104,209,0,11,0,959,209,0,22,0,540,1,0,0,0,197,0,0,12,0,0,336,48,13,0,0,17,0,1,0,0,1,1,0,0
0,14,1,36,2,5,0,1.012016,0.999813,1.004291,34,1,459,100,100,0,0,0,8,0,28,28,2,80,13,193,24,0,0,3104,177,0,8,0,959,209,0,16,0,540,0,0,0,0,197,0,0,18,0,0,364,72,10,0,0,25,0,1,0,0,1,1,0,0
0,14,2,34,2,5,0,1.010532,0.998815,0.992669,33,1,459,100,100,0,0,0,28,28,0,8,2,80,13,110,27,0,0,3104,161,0,9,0,959,177,0,18,0,540,1,0,4,0,197,16,0,11,0,0,269,44,32,0,0,77,2,18,0,0,1,1,0,0
0,14,3,45,2,5,0,1.01341,1.006455,0.996899,43,2,584,100,100,0,0,0,28,28,8,0,2,80,13,190,33,0,0,3104,177,0,11,0,959,226,0,22,0,540,1,0,0,0,197,0,0,22,0,0,429,88,30,0,0,5,0,18,0,0,1,1,0,0
0,15,0,44,4,2,0,1.004616,0.99487,1.005886,41,1,459,100,100,0,0,0,0,8,30,28,2,80,4,176,33,0,0,2864,241,0,11,0,968,220,0,22,0,522,1,0,4,0,208,0,0,12,0,0,385,48,17,0,0,18,2,1,0,0,1,1,0,0
0,15,1,36,4,2,0,1.012016,0.999813,1.004291,35,2,584,100,100,0,0,0,8,0,30,30,2,80,4,199,24,0,0,2864,229,0,8,0,968,217,0,16,0,522,1,0,0,0,208,5,0,18,0,0,426,72,27,0,0,7,0,18,0,0,1,1,0,0
0,15,2,36,4,2,0,1.014794,0.998956,0.99339,34,1,459,100,100,0,0,0,30,30,0,8,2,80,4,123,27,0,0,2864,166,0,9,0,968,186,0,18,0,522,1,0,14,0,208,14,0,11,0,0,304,44,23,0,0,84,7,0,0,0,0,0,0,0
0,15,3,46,4,2,0,1.013612,1.004284,0.999501,44,2,584,100,100,0,0,0,28,30,8,0,2,80,4,200,36,0,0,2864,216,0,12,0,968,238,0,24,0,522,0,0,4,0,208,0,0,20,0,0,508,80,18,0,0,6,2,1,0,0,1,1,0,0
0,16,0,45,5,5,0,1.006489,0.99251,1.00702,42,2,584,100,100,0,0,0,0,10,32,30,2,80,0,184,33,0,0,3152,186,0,11,0,966,231,0,22,0,499,0,0,4,0,256,0,0,10,0,0,413,40,34,0,0,2,2,18,0,0,1,1,0,0
0,16,1,33,5,5,0,1.01813,0.998187,1.004253,32,2,584,100,100,0,0,0,10,0,32,32,2,80,0,207,24,0,0,3152,185,0,8,0,966,225,0,16,0,499,0,0,16,0,256,0,0,5,0,0,437,20,24,0,0,15,8,0,0,0,0,0,0,0
0,16,2,38,5,5,0,1.016917,0.996294,0.997537,34,1,459,100,100,0,0,0,32,32,0,10,2,80,0,136,30,0,0,3152,168,0,10,0,966,196,0,20,0,499,2,0,24,0,256,2,0,12,0,0,326,48,36,0,0,95,12,1,0,0,1,1,0,0
0,16,3,46,5,5,0,1.013885,1.003548,0.997512,44,2,584,100,100,0,0,0,30,32,10,0,2,80,0,206,36,0,0,3152,158,0,12,0,966,246,0,24,0,499,0,0,2,0,256,0,0,6,0,0,537,24,16,0,0,6,1,1,0,0,1,1,0,0
0,17,0,46,6,8,0,1.00671,0.990526,1.00747,41,2,584,100,100,0,0,0,0,12,34,32,2,80,4,185,30,0,0,2896,219,0,10,0,965,241,0,20,0,460,0,0,16,0,246,0,0,5,0,0,422,20,28,0,0,9,8,1,0,0,1,1,0,0
0,17,1,32,6,8,0,1.022101,0.991106,1.006144,30,2,584,100,100,0,0,0,12,0,34,34,2,80,4,219,24,0,0,2896,208,0,8,0,965,233,0,16,0,460,0,0,16,0,246,0,0,5,0,0,448,20,26,0,0,22,8,1,0,0,1,1,0,0
0,17,2,39,6,8,0,1.01589,0.995727,0.998352,34,1,459,100,100,0,0,0,34,34,0,12,2,80,4,147,30,0,0,2896,168,0,10,0,965,206,0,20,0,460,3,0,26,0,246,0,0,10,0,0,343,40,40,0,0,106,13,2,0,0,2,2,0,0
0,17,3,43,6,8,0,1.013073,0.997844,0.997969,42,2,584,100,100,0,0,0,32,34,12,0,2,80,4,214,36,0,0,2896,196,0,12,0,965,258,0,24,0,460,0,0,14,0,246,0,0,8,0,0,558,32,28,0,0,12,7,1,0,0,1,1,0,0
0,18,0,38,4,14,0,1.009246,0.992762,1.00832,35,2,584,100,100,0,0,0,0,12,36,34,2,80,2,185,30,0,0,3056,163,0,10,0,965,251,0,20,0,466,0,0,18,0,252,0,0,0,0,18,399,0,32,0,0,16,9,2,0,0,2,2,0,0
0,18,1,28,4,14,0,1.023794,0.988801,0.998595,26,2,584,100,100,0,0,0,12,0,36,36,2,80,2,219,21,0,0,3056,169,0,7,0,965,240,0,14,0,466,1,0,14,0,252,0,0,0,0,18,437,0,23,0,0,28,7,1,0,0,1,1,0,0
0,18,2,41,4,14,0,1.015355,0.993992,1.001208,35,1,459,100,100,0,0,0,36,36,0,12,2,80,2,163,33,0,0,3056,166,0,11,0,965,217,0,22,0,466,1,0,26,0,252,0,0,9,0,18,349,36,41,0,0,117,13,2,0,0,2,2,0,0
0,18,3,43,4,14,0,1.013073,0.997844,0.997969,43,3,709,100,100,0,0,0,34,36,12,0,2,80,2,225,36,0,0,3056,237,0,12,0,965,270,0,24,0,466,1,0,20,0,252,0,0,0,0,18,516,0,49,0,0,5,10,17,0,0,0,0,0,0
0,19,0,40,4,0,0,1.009827,0.995476,1.008379,37,2,584,100,100,0,0,0,0,12,38,36,2,80,0,196,30,0,0,2992,195,0,10,0,968,261,0,20,0,478,0,0,18,0,230,0,0,6,0,0,410,24,30,0,0,24,9,1,0,0,1,1,0,0
0,19,1,28,4,0,0,1.023794,0.988801,0.998595,27,2,584,100,100,0,0,0,12,0,38,38,2,80,0,228,21,0,0,2992,206,0,7,0,968,247,0,14,0,478,0,0,10,0,230,0,0,6,0,0,459,24,19,0,0,32,5,1,0,0,1,1,0,0
0,19,2,42,4,0,0,1.015611,0.991043,1.002692,37,2,584,100,100,0,0,0,38,38,0,14,2,80,0,176,33,0,0,2992,170,0,11,0,968,228,0,22,0,478,1,0,18,0,230,12,0,15,0,0,376,60,50,0,0,107,9,19,0,0,2,2,0,0
0,19,3,44,4,0,0,1.014267,0.996797,0.999055,43,3,709,100,100,0,0,0,36,38,14,0,2,80,0,238,36,0,0,2992,182,0,12,0,968,282,0,24,0,478,0,0,22,0,230,0,0,3,0,0,511,12,34,0,0,16,11,0,0,0,0,0,0,0
0,20,0,41,3,14,0,1.008952,0.997411,1.009288,37,2,584,100,100,0,0,0,0,12,40,38,2,80,3,199,30,0,0,2968,217,0,10,0,965,271,0,20,0,531,0,0,0,0,207,4,0,18,0,0,487,72,12,0,0,23,0,1,0,0,1,1,0,0
0,20,1,29,3,14,0,1.026697,0.987164,0.998275,28,3,709,100,100,0,0,0,12,0,40,40,2,80,3,241,21,0,0,2968,171,0,7,0,965,254,0,14,0,531,1,0,0,0,207,0,0,7,0,0,480,28,24,0,0,15,0,17,0,0,0,0,0,0
0,20,2,37,3,14,0,1.014536,0.994764,0.996157,36,2,584,100,100,0,0,0,40,40,0,14,2,80,3,183,33,0,0,2968,173,0,11,0,965,239,0,22,0,531,0,0,12,0,207,17,0,11,0,0,403,44,25,0,0,112,6,1,0,0,1,1,0,0
0,20,3,36,3,14,0,1.008516,0.995347,1.00284,35,3,709,100,100,0,0,0,38,40,14,0,2,80,3,245,36,0,0,2968,214,0,12,0,965,294,0,24,0,531,1,0,0,0,207,4,0,16,0,0,569,64,14,0,0,15,0,1,0,0,1,1,0,0
0,21,0,42,3,2,0,1.010441,0.996219,1.009042,38,2,584,100,100,0,0,0,0,12,42,40,2,80,6,209,36,0,0,3064,164,0,12,0,962,283,0,24,0,436,1,0,30,0,272,0,0,4,0,5,474,16,46,0,0,36,15,2,0,0,2,2,0,0
0,21,1,29,3,2,0,1.027845,0.987087,1.000421,26,3,709,100,100,0,0,0,12,0,42,42,2,80,6,244,18,0,0,3064,216,0,6,0,962,260,0,12,0,436,0,0,16,0,272,0,0,0,0,5,470,0,24,0,0,22,8,1,0,0,1,1,0,0
0,21,2,37,3,2,0,1.014536,0.994764,0.996157,37,2,584,100,100,0,0,0,42,42,0,14,2,80,6,198,33,0,0,3064,181,0,11,0,962,250,0,22,0,436,19,0,22,0,272,6,0,11,0,5,426,44,33,0,0,123,11,0,0,0,0,0,0,0
0,21,3,36,3,2,0,1.008516,0.995347,1.00284,36,3,709,100,100,0,0,0,40,42,14,0,2,80,6,258,36,0,0,3064,166,0,12,0,962,306,0,24,0,436,0,0,22,0,272,0,0,4,0,5,568,16,34,0,0,26,11,0,0,0,0,0,0,0
0,22,0,42,3,2,0,1.012442,0.99477,1.011881,39,3,709,100,100,0,0,0,0,12,44,42,2,80,12,219,33,0,0,2976,191,0,11,0,962,294,0,22,0,506,0,0,10,0,236,0,0,11,0,2,498,44,40,0,0,23,5,18,0,0,1,1,0,0
0,22,1,29,3,2,0,1.027845,0.987087,1.000421,27,3,709,100,100,0,0,0,12,0,44,44,2,80,12,248,21,0,0,2976,180,0,7,0,962,267,0,14,0,506,1,0,4,0,236,0,0,6,0,2,506,24,13,0,0,23,2,1,0,0,1,1,0,0
0,22,2,38,3,2,0,1.015258,0.994917,0.995328,37,2,584,100,100,0,0,0,44,44,0,14,2,80,12,212,33,0,0,2976,189,0,11,0,962,261,0,22,0,506,14,0,22,0,236,8,0,11,0,2,446,44,33,0,0,134,11,0,0,0,0,0,0,0
0,22,3,36,3,2,0,1.00893,0.9927,1.001696,35,3,709,100,100,0,0,0,42,44,14,0,2,80,12,277,36,0,0,2976,198,0,12,0,962,318,0,24,0,506,1,0,6,0,236,0,0,6,0,2,586,24,18,0,0,29,3,0,0,0,0,0,0,0
0,23,0,41,4,5,0,1.015525,0.997628,1.014258,38,3,709,100,100,0,0,0,0,12,46,44,2,80,7,226,30,0,0,2896,211,0,10,0,1052,279,0,20,0,441,0,0,30,0,272,0,0,0,0,7,473,0,42,0,0,37,15,1,0,0,1,1,0,0
0,23,1,28,4,5,0,1.03461,0.989899,0.998975,27,3,709,100,100,0,0,0,12,0,46,44,2,80,7,252,21,0,0,2896,216,0,7,0,1052,257,0,14,0,441,1,0,16,0,272,0,0,0,0,7,498,0,25,0,0,30,8,1,0,0,1,1,0,0
0,23,2,39,4,5,0,1.017438,0.993626,0.993752,37,2,584,100,100,0,0,0,46,46,0,14,2,80,7,229,36,0,0,2896,195,0,12,0,1052,246,0,24,0,441,31,0,22,0,272,0,0,8,0,7,454,32,36,0,0,144,11,1,0,0,1,1,0,0
0,23,3,36,4,5,0,1.004658,0.989744,0.999562,33,3,709,100,100,0,0,0,44,44,14,0,2,80,7,297,36,0,0,2896,222,0,12,0,1052,312,0,24,0,441,1,0,18,0,272,0,0,0,0,7,569,0,32,0,0,37,9,1,0,0,1,1,0,0
0,24,0,41,1,5,0,1.015525,0.997628,1.014258,39,3,709,100,100,0,0,0,0,14,48,46,2,80,7,238,33,0,0,3144,159,0,11,0,959,290,0,22,0,475,0,0,18,0,228,0,0,13,0,0,513,52,31,0,0,45,9,1,0,0,1,1,0,0
0,24,1,28,1,5,0,1.03461,0.989899,0.998975,28,3,709,100,100,0,0,0,14,0,48,46,2,80,7,258,21,0,0,3144,181,0,7,0,959,264,0,14,0,475,0,0,16,0,228,0,0,2,0,0,500,8,23,0,0,38,8,0,0,0,0,0,0,0
0,24,2,36,1,5,0,1.018274,0.993122,0.997393,35,2,584,100,100,0,0,0,48,48,0,16,2,80,7,244,36,0,0,3144,192,0,12,0,959,258,0,24,0,475,33,0,22,0,228,1,0,11,0,0,477,44,36,0,0,154,11,1,0,0,1,1,0,0
0,24,3,35,1,5,0,0.99959,0.984047,0.998361,32,3,709,100,100,0,0,0,46,46,16,0,2,80,7,316,39,0,0,3144,173,0,13,0,959,325,0,26,0,475,1,0,12,0,228,0,0,8,0,0,588,32,27,0,0,42,6,1,0,0,1,1,0,0
0,25,0,41,2,3,0,1.015525,0.997628,1.014258,40,3,709,100,100,0,0,0,0,14,50,48,2,80,2,246,33,0,0,2936,179,0,11,0,959,301,0,22,0,445,0,0,26,0,272,0,0,0,0,4,491,0,39,0,0,57,13,1,0,0,1,1,0,0
0,25,1,28,2,3,0,1.03461,0.989899,0.998975,28,3,709,100,100,0,0,0,14,0,50,48,2,80,2,266,21,0,0,2936,218,0,7,0,959,271,0,14,0,445,0,0,16,0,272,0,0,0,0,4,494,0,23,0,0,46,8,0,0,0,0,0,0,0
0,25,2,35,2,3,0,1.014072,0.99457,1.001072,34,2,584,100,100,0,0,0,50,50,0,16,2,80,2,255,33,0,0,2936,185,0,11,0,959,269,0,22,0,445,48,0,20,0,272,0,0,1,0,4,465,4,31,0,0,164,10,0,0,0,0,0,0,0
0,25,3,35,2,3,0,1.002194,0.981761,1.001123,32,3,709,100,100,0,0,0,48,48,16,0,2,80,2,336,39,0,0,2936,197,0,13,0,959,338,0,26,0,445,0,0,20,0,272,0,0,0,0,4,568,0,35,0,0,51,10,1,0,0,1,1,0,0
0,26,0,40,3,3,0,1.011505,0.997159,1.011374,39,3,709,100,100,0,0,0,0,16,52,50,2,80,4,254,33,0,0,3016,191,0,11,0,959,312,0,22,0,459,1,0,20,0,272,0,0,0,0,0,475,0,31,0,0,67,10,0,0,0,0,0,0,0
0,26,1,29,3,3,0,1.033414,0.986958,0.99834,28,3,709,100,100,0,0,0,16,0,52,50,2,80,4,274,21,0,0,3016,183,0,7,0,959,278,0,14,0,459,0,0,16,0,272,0,0,0,0,0,498,0,23,0,0,54,8,0,0,0,0,0,0,0
0,26,2,35,3,3,0,1.014072,0.99457,1.001072,34,2,584,100,100,0,0,0,52,52,0,18,2,80,4,273,36,0,0,3016,178,0,12,0,959,281,0,24,0,459,59,0,20,0,272,0,0,0,0,0,444,0,34,0,0,173,10,1,0,0,1,1,0,0
0,26,3,35,3,3,0,0.999724,0.982635,0.994722,32,3,709,100,100,0,0,0,50,50,18,0,2,80,4,353,36,0,0,3016,222,0,12,0,959,350,0,24,0,459,1,0,16,0,272,0,0,0,0,0,549,0,30,0,0,58,8,1,0,0,1,1,0,0
0,27,0,41,5,2,0,1.011122,0.998014,1.011602,39,3,709,100,100,0,0,0,0,16,54,52,2,80,4,267,33,0,0,3016,204,0,11,0,962,323,0,22,0,470,1,0,20,0,272,0,0,0,0,2,459,0,33,0,0,76,10,1,0,0,1,1,0,0
0,27,1,28,5,2,0,1.03104,0.985475,0.999432,26,3,709,100,100,0,0,0,16,0,54,52,2,80,4,280,18,0,0,3016,220,0,6,0,962,284,0,12,0,470,1,0,12,0,272,0,0,0,0,2,495,0,20,0,0,59,6,1,0,0,1,1,0,0
0,27,2,36,5,2,0,1.017128,0.992009,0.998835,35,2,584,100,100,0,0,0,54,54,0,18,2,80,4,294,36,0,0,3016,171,0,12,0,962,293,0,24,0,470,63,0,20,0,272,0,0,0,0,2,427,0,32,0,0,183,10,0,0,0,0,0,0,0
0,27,3,37,5,2,0,1.000299,0.98235,0.997138,33,3,709,100,100,0,0,0,52,52,18,0,2,80,4,371,36,0,0,3016,175,0,12,0,962,362,0,24,0,470,0,0,18,0,272,0,0,0,0,2,534,0,32,0,0,66,9,1,0,0,1,1,0,0
0,28,0,39,5,17,0,1.013178,0.998301,1.014139,38,3,709,100,100,0,0,0,0,16,56,54,2,80,3,270,27,0,0,3016,218,0,9,0,962,332,0,18,0,516,0,0,10,0,216,1,0,17,0,36,518,68,21,0,0,80,5,1,0,0,1,1,0,0
0,28,1,15,5,17,0,1.029866,0.990987,1.002569,13,3,709,100,100,0,0,0,16,0,56,54,2,80,3,269,9,0,0,3016,189,0,3,0,962,287,0,6,0,516,1,0,4,0,216,3,0,5,0,36,523,20,9,0,0,60,2,1,0,0,1,1,0,0
0,28,2,36,5,17,0,1.017144,0.987532,0.992906,34,2,584,100,100,0,0,0,56,56,0,20,3,80,3,311,33,0,0,3016,164,0,11,0,962,304,0,22,0,516,52,0,20,0,216,8,0,10,0,36,434,40,33,0,0,192,10,1,0,0,1,1,0,0
0,28,3,40,5,17,0,1.003527,0.986808,0.999699,34,3,709,100,100,0,0,0,54,54,20,0,3,80,3,397,39,0,0,3016,205,0,13,0,962,375,0,26,0,516,0,0,6,0,216,0,0,12,0,36,562,48,23,0,0,67,3,2,0,0,2,2,0,0
0,29,0,40,4,0,0,1.014266,1.001064,1.016494,39,3,709,100,100,0,0,0,0,16,58,56,2,80,8,274,27,0,0,3072,170,0,9,0,977,341,0,18,0,524,0,0,10,0,187,1,0,17,0,2,586,68,19,0,0,85,5,0,0,0,0,0,0,0
0,29,1,15,4,0,0,1.029866,0.990987,1.002569,14,3,709,100,100,0,0,0,16,0,58,56,2,80,8,274,9,0,0,3072,171,0,3,0,977,290,0,6,0,524,0,0,6,0,187,1,0,6,0,2,553,24,11,0,0,62,3,1,0,0,1,1,0,0
0,29,2,38,4,0,0,1.022166,0.989233,0.994193,35,2,584,100,100,0,0,0,58,58,0,20,3,80,8,329,36,0,0,3072,156,0,12,0,977,316,0,24,0,524,36,0,20,0,187,32,0,10,0,2,455,40,34,0,0,201,10,1,0,0,1,1,0,0
0,29,3,41,4,0,0,1.006255,0.987108,0.999849,36,4,834,100,100,0,0,0,56,56,20,0,3,80,8,415,39,0,0,3072,240,0,13,0,977,388,0,26,0,524,1,0,0,0,187,14,0,16,0,2,607,64,34,0,0,48,0,19,0,0,2,2,0,0
0,30,0,41,2,1,0,1.012845,1.000205,1.017264,39,3,709,100,100,0,0,0,0,16,60,58,2,80,6,279,27,0,0,3056,193,0,9,0,974,350,0,18,0,434,0,0,30,0,272,0,0,1,0,10,566,4,41,0,0,99,15,1,0,0,1,1,0,0
0,30,1,15,2,1,0,1.029866,0.990987,1.002569,15,3,709,100,100,0,0,0,16,0,60,58,2,80,6,283,9,0,0,3056,177,0,3,0,974,293,0,6,0,434,3,0,12,0,272,0,0,1,0,10,551,4,15,0,0,68,6,0,0,0,0,0,0,0
0,30,2,38,2,1,0,1.022166,0.989233,0.994193,36,2,584,100,100,0,0,0,60,60,0,20,3,80,6,349,39,0,0,3056,153,0,13,0,974,329,0,26,0,434,52,0,22,0,272,21,0,11,0,10,477,44,37,0,0,211,11,1,0,0,1,1,0,0
0,30,3,41,2,1,0,1.002918,0.988024,1.00125,37,4,834,100,100,0,0,0,58,58,20,0,3,80,6,429,39,0,0,3056,186,0,13,0,974,401,0,26,0,434,1,0,24,0,272,0,0,14,0,10,639,56,41,0,0,58,12,2,0,0,2,2,0,0
0,31,0,41,6,12,0,1.01553,1.006864,1.019299,38,4,834,100,100,0,0,0,0,16,62,60,2,80,5,278,24,0,0,2952,224,0,8,0,974,358,0,16,0,499,1,0,14,0,198,0,0,17,0,8,611,68,41,0,0,88,7,18,0,0,1,1,0,0
0,31,1,16,6,12,0,1.029917,0.989658,1.000538,15,3,709,100,100,0,0,0,16,0,62,60,2,80,5,293,9,0,0,2952,183,0,3,0,974,296,0,6,0,499,1,0,8,0,198,5,0,6,0,8,573,24,11,0,0,72,4,0,0,0,0,0,0,0
0,31,2,34,6,12,0,1.026028,0.98601,0.99549,31,3,709,100,100,0,0,0,62,62,0,22,3,80,5,354,30,0,0,2952,153,0,10,0,974,339,0,20,0,499,41,0,20,0,198,37,0,10,0,8,480,40,49,0,0,203,10,18,0,0,1,1,0,0
0,31,3,38,6,12,0,1.00809,0.980634,1.008109,35,4,834,100,100,0,0,0,60,60,22,0,3,80,5,442,33,0,0,2952,230,0,11,0,974,412,0,22,0,499,0,0,10,0,198,0,0,17,0,8,699,68,23,0,0,62,5,1,0,0,1,1,0,0
0,32,0,41,0,0,0,1.01553,1.006864,1.019299,39,4,834,100,100,0,0,0,0,16,64,62,2,80,18,275,24,0,0,3136,175,0,8,0,992,366,0,16,0,473,0,0,14,0,249,0,0,15,0,68,647,60,24,0,0,94,7,1,0,0,1,1,0,0
0,32,1,16,0,0,0,1.029917,0.989658,1.000538,15,3,709,100,100,0,0,0,16,0,62,60,2,80,18,295,9,0,0,3136,164,0,3,0,992,299,0,6,0,473,5,0,12,0,249,0,0,5,0,68,576,20,17,0,0,77,6,1,0,0,1,1,0,0
0,32,2,34,0,0,0,1.026028,0.98601,0.99549,32,3,709,100,100,0,0,0,64,62,0,22,3,80,18,367,30,0,0,3136,173,0,10,0,992,349,0,20,0,473,46,0,24,0,249,25,0,12,0,68,492,48,36,0,0,214,12,1,0,0,1,1,0,0
0,32,3,38,0,0,0,1.00809,0.980634,1.008109,36,4,834,100,100,0,0,0,62,60,22,0,3,80,18,451,33,0,0,3136,181,0,11,0,992,423,0,22,0,473,1,0,12,0,249,0,0,8,0,68,706,32,25,0,0,67,6,1,0,0,1,1,0,0
0,33,0,41,5,2,0,1.021323,1.007373,1.021661,39,4,834,100,100,0,0,0,0,16,66,64,2,80,8,273,21,0,0,2928,215,0,7,0,992,373,0,14,0,434,0,0,36,0,272,0,0,0,0,15,619,0,45,0,0,111,18,1,0,0,1,1,0,0
0,33,1,16,5,2,0,1.029917,0.989658,1.000538,16,3,709,100,100,0,0,0,16,0,64,62,2,80,8,305,9,0,0,2928,169,0,3,0,992,302,0,6,0,434,14,0,12,0,272,0,0,0,0,15,570,0,15,0,0,83,6,0,0,0,0,0,0,0
0,33,2,35,5,2,0,1.024088,0.985854,0.996171,32,3,709,100,100,0,0,0,66,64,0,22,3,80,8,375,27,0,0,2928,194,0,9,0,992,358,0,18,0,434,51,0,24,0,272,13,0,12,0,15,517,48,35,0,0,225,12,1,0,0,1,1,0,0
0,33,3,40,5,2,0,1.010694,0.97978,1.008755,37,4,834,100,100,0,0,0,64,62,22,0,3,80,8,467,33,0,0,2928,228,0,11,0,992,434,0,22,0,434,1,0,24,0,272,0,0,0,0,15,684,0,37,0,0,78,12,1,0,0,1,1,0,0
0,34,0,42,4,8,0,1.023893,1.007999,1.021951,40,4,834,100,100,0,0,0,0,16,68,66,2,80,5,272,21,0,0,3104,167,0,7,0,998,380,0,14,0,539,1,0,2,0,191,0,0,21,0,5,715,84,11,0,0,111,1,1,0,0,1,1,0,0
0,34,1,16,4,8,0,1.029917,0.989658,1.000538,16,3,709,100,100,0,0,0,16,0,66,64,2,80,5,311,9,0,0,3104,174,0,3,0,998,305,0,6,0,539,3,0,12,0,191,9,0,6,0,5,584,24,15,0,0,89,6,0,0,0,0,0,0,0
0,34,2,37,4,8,0,1.025137,0.985209,0.996002,33,3,709,100,100,0,0,0,68,66,0,24,3,80,5,386,27,0,0,3104,222,0,9,0,998,367,0,18,0,539,25,0,26,0,191,27,0,13,0,5,544,52,37,0,0,237,13,1,0,0,1,1,0,0
0,34,3,33,4,8,0,1.01123,0.980959,1.014298,31,4,834,100,100,0,0,0,66,64,24,0,3,80,5,474,33,0,0,3104,177,0,11,0,998,445,0,22,0,539,0,0,2,0,191,6,0,12,0,5,730,48,15,0,0,78,1,1,0,0,1,1,0,0
0,35,0,41,3,3,0,1.023921,1.009516,1.020589,40,4,834,100,100,0,0,0,0,18,70,68,2,80,4,271,21,0,0,3016,206,0,7,0,998,387,0,14,0,424,0,0,34,0,272,0,0,0,0,0,694,0,43,0,0,127,17,1,0,0,1,1,0,0
0,35,1,18,3,3,0,1.033325,0.991913,0.999558,16,3,709,100,100,0,0,0,18,0,68,66,2,80,4,319,9,0,0,3016,179,0,3,0,998,308,0,6,0,424,12,0,12,0,272,3,0,6,0,0,602,24,15,0,0,95,6,0,0,0,0,0,0,0
0,35,2,37,3,3,0,1.025137,0.985209,0.996002,34,3,709,100,100,0,0,0,70,68,0,26,3,80,4,391,27,0,0,3016,176,0,9,0,998,376,0,18,0,424,31,0,30,0,272,12,0,15,0,0,586,60,43,0,0,250,15,2,0,0,2,2,0,0
0,35,3,32,3,3,0,1.017823,0.983509,1.019142,30,4,834,100,100,0,0,0,68,66,26,0,3,80,4,492,33,0,0,3016,205,0,11,0,998,456,0,22,0,424,1,0,20,0,272,0,0,6,0,0,733,24,33,0,0,87,10,1,0,0,1,1,0,0
0,36,0,37,2,21,0,1.027404,1.012195,1.019752,37,4,834,100,100,0,0,0,0,18,70,70,2,80,17,263,21,0,0,3019,238,0,7,0,995,394,0,14,0,466,0,0,22,0,245,0,0,1,0,5,686,4,29,0,0,138,11,0,0,0,0,0,0,0
0,36,1,16,2,21,0,1.026664,0.987916,0.999651,15,4,834,100,100,0,0,0,18,0,70,66,2,80,17,323,12,0,0,3019,181,0,4,0,995,312,0,8,0,466,16,0,10,0,245,1,0,5,0,5,595,20,33,0,0,82,5,18,0,0,1,1,0,0
0,36,2,37,2,21,0,1.025768,0.987761,0.995553,35,4,834,100,100,0,0,0,70,70,0,26,3,80,17,398,27,0,0,3019,199,0,9,0,995,385,0,18,0,466,30,0,28,0,245,6,0,14,0,5,600,56,56,0,0,246,14,18,0,0,1,1,0,0
0,36,3,19,2,21,0,1.032716,0.982491,1.012082,18,4,834,100,100,0,0,0,70,66,26,0,3,80,17,505,33,0,0,3019,162,0,11,0,995,467,0,22,0,466,16,0,0,0,245,6,0,0,0,5,722,0,11,0,0,87,0,0,0,0,0,0,0,0
0,37,0,36,3,2,0,1.026053,1.010941,1.017384,36,4,834,100,100,0,0,0,0,18,72,70,2,80,26,253,18,0,0,3104,195,0,6,0,1000,397,0,12,0,475,0,0,20,0,244,0,0,2,0,68,668,8,26,0,0,148,10,0,0,0,0,0,0,0
0,37,1,17,3,2,0,1.027237,0.988013,1.001579,16,4,834,100,100,0,0,0,18,0,70,66,2,80,26,328,12,0,0,3104,185,0,4,0,1000,316,0,8,0,475,23,0,10,0,244,0,0,4,0,68,597,16,14,0,0,87,5,0,0,0,0,0,0,0
0,37,2,37,3,2,0,1.024835,0.986514,0.99622,35,4,834,100,100,0,0,0,72,70,0,26,3,80,26,406,27,0,0,3104,217,0,9,0,1000,392,0,18,0,475,22,0,28,0,244,7,0,14,0,68,617,56,39,0,0,259,14,1,0,0,1,1,0,0
0,37,3,20,3,2,0,1.03322,0.983494,1.009984,18,4,834,100,100,0,0,0,70,66,26,0,3,80,26,531,33,0,0,3104,132,0,11,0,1000,478,0,22,0,475,26,0,2,0,244,13,0,1,0,68,711,4,15,0,0,87,1,1,0,0,1,1,0,0
0,38,0,35,1,2,0,1.025605,1.012141,1.016811,35,4,834,100,100,0,0,0,0,18,74,72,2,80,1,251,18,0,0,3120,233,0,6,0,995,403,0,12,0,440,1,0,22,0,264,0,0,1,0,14,661,4,28,0,0,159,11,0,0,0,0,0,0,0
0,38,1,17,1,2,0,1.027237,0.988013,1.001579,16,4,834,100,100,0,0,0,18,0,72,66,2,80,1,340,12,0,0,3120,164,0,4,0,995,320,0,8,0,440,37,0,10,0,264,0,0,0,0,14,598,0,16,0,0,91,5,1,0,0,1,1,0,0
0,38,2,37,1,2,0,1.026028,0.990121,0.998074,35,4,834,100,100,0,0,0,74,72,0,28,3,80,1,414,27,0,0,3120,171,0,9,0,995,401,0,18,0,440,27,0,28,0,264,0,0,13,0,14,647,52,39,0,0,272,14,1,0,0,1,1,0,0
0,38,3,20,1,2,0,1.03322,0.983494,1.009984,19,4,834,100,100,0,0,0,72,66,28,0,3,80,1,565,36,0,0,3120,100,0,12,0,995,490,0,24,0,440,42,0,2,0,264,13,0,1,0,14,702,4,16,0,0,87,1,1,0,0,1,1,0,0
0,39,0,35,5,2,0,1.032831,1.01002,1.016984,34,4,834,100,100,0,0,0,0,18,76,74,2,80,15,245,15,0,0,3112,193,0,5,0,995,408,0,10,0,448,0,0,22,0,272,0,0,0,0,25,651,0,27,0,0,170,11,0,0,0,0,0,0,0
0,39,1,18,5,2,0,1.028516,0.987461,1.001776,17,4,834,100,100,0,0,0,18,0,74,68,2,80,15,348,12,0,0,3112,167,0,4,0,995,324,0,8,0,448,48,0,10,0,272,0,0,0,0,25,590,0,14,0,0,96,5,0,0,0,0,0,0,0
0,39,2,37,5,2,0,1.019993,0.986855,0.998596,35,4,834,100,100,0,0,0,76,74,0,28,3,80,15,420,24,0,0,3112,190,0,8,0,995,409,0,16,0,448,32,0,28,0,272,0,0,0,0,25,626,0,38,0,0,285,14,1,0,0,1,1,0,0
0,39,3,22,5,2,0,1.033412,0.983849,1.003161,20,4,834,100,100,0,0,0,74,68,28,0,3,80,15,598,36,0,0,3112,68,0,12,0,995,502,0,24,0,448,61,0,2,0,272,12,0,1,0,25,695,4,14,0,0,88,1,0,0,0,0,0,0,0
0,40,0,33,1,2,0,1.034614,1.012996,1.018437,32,4,834,100,100,0,0,0,0,18,78,76,2,80,20,231,12,0,0,3016,226,0,4,0,1026,406,0,8,0,543,1,0,0,0,167,1,0,20,0,22,742,80,6,0,0,169,0,1,0,0,1,1,0,0
0,40,1,18,1,2,0,1.028516,0.987461,1.001776,17,4,834,100,100,0,0,0,18,0,76,70,2,80,20,353,12,0,0,3016,177,0,4,0,1026,325,0,8,0,543,36,0,12,0,167,18,0,6,0,22,602,24,18,0,0,101,6,1,0,0,1,1,0,0
0,40,2,38,1,2,0,1.019971,0.986581,0.99963,36,4,834,100,100,0,0,0,78,76,0,28,3,80,20,423,24,0,0,3016,217,0,8,0,1026,412,0,16,0,543,2,0,30,0,167,22,0,15,0,22,663,60,40,0,0,299,15,1,0,0,1,1,0,0
0,40,3,22,1,2,0,1.033412,0.983849,1.003161,20,4,834,100,100,0,0,0,76,70,28,0,3,80,20,626,36,0,0,3016,34,0,12,0,1026,503,0,24,0,543,57,0,4,0,167,33,0,2,0,22,691,8,18,0,0,89,2,1,0,0,1,1,0,0
2,1,0,49,5,4,0,0.996656,1.004876,0.999269,0,0,334,100,100,0,0,0,0,0,2,2,0,80,1,56,36,0,0,2816,201,0,12,0,932,62,0,24,0,392,23,0,46,0,272,2,0,23,0,0,99,92,76,0,0,14,23,9,0,0,9,9,0,0
2,1,1,51,5,4,0,0.996924,1.00601,0.996899,0,0,334,100,100,0,0,0,0,0,2,2,0,80,1,58,39,0,0,2816,200,0,13,0,932,63,0,26,0,392,21,0,48,0,272,1,0,24,0,0,101,96,79,0,0,15,24,9,0,0,9,9,0,0
2,1,2,51,5,4,0,0.996936,1.003643,0.996073,0,0,334,100,100,0,0,0,2,2,0,0,0,80,1,58,39,0,0,2816,200,0,13,0,932,63,0,26,0,392,24,0,48,0,272,1,0,24,0,0,101,96,79,0,0,15,24,9,0,0,9,9,0,0
2,1,3,50,5,4,0,0.995982,1.004429,0.995847,0,0,334,100,100,0,0,0,2,2,0,0,0,80,1,59,39,0,0,2816,200,0,13,0,932,63,0,26,0,392,24,0,48,0,272,1,0,24,0,0,101,96,79,0,0,15,24,9,0,0,9,9,0,0
2,2,0,47,2,6,0,0.996837,1.004303,1.000512,9,0,334,100,100,0,0,0,0,0,4,2,0,80,13,56,33,0,0,2816,237,0,11,0,935,73,0,22,0,386,16,0,46,0,272,0,0,2,0,0,48,8,75,0,0,28,23,9,0,0,9,9,0,0
2,2,1,50,2,6,0,0.99694,1.004559,0.996004,9,0,334,100,100,0,0,0,0,0,4,2,0,80,13,62,39,0,0,2816,224,0,13,0,935,76,0,26,0,386,14,0,46,0,272,0,0,1,0,0,43,4,77,0,0,29,23,9,0,0,9,9,0,0
2,2,2,52,2,6,0,0.998158,1.003733,0.996422,9,0,334,100,100,0,0,0,4,4,0,0,0,80,13,64,39,0,0,2816,232,0,13,0,935,76,0,26,0,386,18,0,48,0,272,0,0,1,0,0,43,4,79,0,0,30,24,9,0,0,9,9,0,0
2,2,3,48,2,6,0,0.996306,1.002895,0.994668,9,0,334,100,100,0,0,0,2,2,0,0,0,80,13,63,39,0,0,2816,225,0,13,0,935,76,0,26,0,386,18,0,44,0,272,0,0,1,0,0,46,4,75,0,0,28,22,9,0,0,9,9,0,0
2,3,0,44,4,19,0,0.99866,1.004004,1.000638,17,0,334,100,100,0,0,0,0,0,6,4,0,80,6,58,30,0,0,3200,180,0,10,0,938,83,0,20,0,422,7,0,42,0,272,0,0,0,0,0,0,0,64,0,0,43,21,6,0,0,6,6,0,0
2,3,1,45,4,19,0,0.999189,1.008242,0.99549,16,0,334,100,100,0,0,0,0,0,6,4,0,80,6,57,30,0,0,3200,164,0,10,0,938,86,0,20,0,422,1,0,42,0,272,0,0,0,0,0,0,0,58,0,0,47,21,3,0,0,3,3,0,0
2,3,2,49,4,19,0,0.992364,1.00473,0.997802,16,0,334,100,100,0,0,0,6,6,0,0,0,80,6,56,30,0,0,3200,170,0,10,0,938,86,0,20,0,422,2,0,46,0,272,0,0,0,0,0,0,0,58,0,0,52,23,1,0,0,1,1,0,0
2,3,3,44,4,19,0,0.994318,1.005374,0.995178,16,0,334,100,100,0,0,0,4,4,0,0,0,80,6,56,27,0,0,3200,168,0,9,0,938,85,0,18,0,422,0,0,42,0,272,0,0,0,0,0,0,0,63,0,0,43,21,6,0,0,6,6,0,0
2,4,0,40,5,13,1,0.998358,1.000722,1.000813,19,0,334,100,100,0,0,0,0,-2,8,6,0,80,1,39,3,0,0,2848,207,0,1,0,971,108,0,2,0,417,18,0,16,0,272,0,0,0,0,0,0,0,17,0,0,51,8,0,0,0,0,0,0,0
2,4,1,43,5,13,1,0.999059,1.009104,0.997432,19,0,334,100,100,0,0,0,-2,0,2,4,0,80,1,39,3,0,0,2848,190,0,1,0,971,114,0,2,0,417,9,0,16,0,272,0,0,0,0,0,0,0,17,0,0,55,8,0,0,0,0,0,0,0
2,4,2,47,5,13,1,0.994344,1.003737,1.002111,17,0,334,100,100,0,0,0,8,2,0,0,0,80,1,24,3,0,0,2848,216,0,1,0,971,111,0,2,0,417,18,0,16,0,272,0,0,0,0,0,0,0,17,0,0,60,8,0,0,0,0,0,0,0
2,4,3,44,5,13,1,0.99902,0.997819,0.99676,20,0,334,100,100,0,0,0,6,4,0,0,0,80,1,32,3,0,0,2848,211,0,1,0,971,110,0,2,0,417,8,0,16,0,272,0,0,0,0,0,0,0,17,0,0,51,8,0,0,0,0,0,0,0
2,5,0,42,4,22,1,1.002078,1.000436,1.000878,19,0,334,100,100,0,0,0,0,-4,4,6,0,80,0,20,3,0,0,3121,166,0,1,0,983,133,0,2,0,441,28,0,16,0,269,0,0,0,0,0,0,0,17,0,0,59,8,0,0,0,0,0,0,0
2,5,1,41,4,22,1,1.001696,1.011026,0.997776,18,0,334,100,100,0,0,0,-4,0,4,6,0,80,0,14,3,0,0,3121,217,0,1,0,983,142,0,2,0,441,20,0,16,0,269,0,0,0,0,0,0,0,17,0,0,63,8,0,0,0,0,0,0,0
2,5,2,33,4,22,1,1.001218,1.004011,1.001598,17,0,334,100,100,0,0,0,4,4,0,2,0,80,0,12,3,0,0,3121,168,0,1,0,983,127,0,2,0,441,25,0,16,0,269,0,0,0,0,0,0,0,17,0,0,68,8,0,0,0,0,0,0,0
2,5,3,40,4,22,1,1.001502,1.00341,0.990475,19,0,334,100,100,0,0,0,6,6,2,0,0,80,0,13,3,0,0,3121,166,0,1,0,983,135,0,2,0,441,18,0,14,0,269,0,0,0,0,0,0,0,15,0,0,58,7,0,0,0,0,0,0,0
2,6,0,26,1,57,2,1.001366,1.005314,1.016589,19,0,334,100,100,0,0,0,0,-6,0,8,0,80,2,26,18,0,0,3088,158,0,6,0,1021,139,0,12,0,531,5,0,26,0,241,0,0,9,0,5,12,36,40,0,0,68,13,4,0,0,4,4,0,0
2,6,1,30,1,57,2,1.00875,1.009895,1.006331,15,0,334,100,100,0,0,0,-6,0,2,2,0,80,2,30,24,0,0,3088,168,0,8,0,1021,144,0,16,0,531,0,0,24,0,241,0,0,7,0,5,1,28,44,0,0,69,12,6,0,0,6,6,0,0
2,6,2,21,1,57,2,1.006449,1.003122,1.001303,15,0,334,100,100,0,0,0,0,2,0,0,0,80,2,17,15,0,0,3088,170,0,5,0,1021,129,0,10,0,531,5,0,20,0,241,0,0,10,0,5,21,40,31,0,0,75,10,3,0,0,3,3,0,0
2,6,3,23,1,57,2,1.009069,1.009919,0.999973,16,0,334,100,100,0,0,0,8,2,0,0,0,80,2,23,12,0,0,3088,154,0,4,0,1021,139,0,8,0,531,0,0,24,0,241,0,0,5,0,5,3,20,34,0,0,67,12,3,0,0,3,3,0,0
2,7,0,26,1,2,0,1.001366,1.005314,1.016589,23,0,334,100,100,0,0,0,0,-6,2,10,0,80,19,31,18,0,0,3047,166,0,6,0,1020,145,0,12,0,544,1,0,4,0,227,2,0,13,0,2,67,52,14,0,0,68,2,2,0,0,2,2,0,0
2,7,1,30,1,2,0,1.00875,1.009895,1.006331,21,0,334,100,100,0,0,0,-6,0,4,4,0,80,19,39,24,0,0,3047,178,0,8,0,1020,152,0,16,0,544,0,0,0,0,227,0,0,9,0,2,36,36,18,0,0,64,0,5,0,0,5,5,0,0
2,7,2,22,1,2,0,1.008741,1.004451,0.996928,18,0,334,100,100,0,0,0,2,4,0,0,0,80,19,24,15,0,0,3047,177,0,5,0,1020,133,0,10,0,544,1,0,4,0,227,0,0,9,0,2,59,36,13,0,0,75,2,2,0,0,2,2,0,0
2,7,3,21,1,2,0,1.006003,1.01482,1.00498,18,0,334,100,100,0,0,0,10,4,0,0,0,80,19,21,12,0,0,3047,159,0,4,0,1020,143,0,8,0,544,0,0,0,0,227,0,0,9,0,2,45,36,8,0,0,65,0,2,0,0,2,2,0,0
2,8,0,28,6,2,0,1.00545,1.003648,1.018692,25,0,334,100,100,0,0,0,0,-6,4,12,0,80,11,40,18,0,0,3040,174,0,6,0,1016,151,0,12,0,482,0,0,18,0,256,0,0,6,0,2,82,24,26,0,0,76,9,1,0,0,1,1,0,0
2,8,1,31,6,2,0,1.01058,1.012138,1.013676,25,0,334,100,100,0,0,0,-6,0,6,6,0,80,11,52,24,0,0,3040,188,0,8,0,1016,160,0,16,0,482,0,0,18,0,256,0,0,5,0,2,41,20,30,0,0,71,9,2,0,0,2,2,0,0
2,8,2,23,6,2,0,1.010445,0.998629,0.996721,19,0,334,100,100,0,0,0,4,6,0,2,0,80,11,37,18,0,0,3040,181,0,6,0,1016,139,0,12,0,482,1,0,14,0,256,0,0,3,0,2,64,12,22,0,0,81,7,1,0,0,1,1,0,0
2,8,3,21,6,2,0,1.006003,1.01482,1.00498,20,0,334,100,100,0,0,0,12,6,2,0,0,80,11,28,12,0,0,3040,166,0,4,0,1016,147,0,8,0,482,1,0,12,0,256,0,0,4,0,2,60,16,18,0,0,70,6,1,0,0,1,1,0,0
2,9,0,30,6,1,0,1.003878,1.004527,1.019386,26,0,334,100,100,0,0,0,0,-6,4,14,0,80,16,44,18,0,0,3032,188,0,6,0,1007,157,0,12,0,489,0,0,14,0,272,0,0,0,0,2,77,0,22,0,0,82,7,1,0,0,1,1,0,0
2,9,1,31,6,1,0,1.017612,1.012935,1.014571,26,0,334,100,100,0,0,0,-6,0,8,8,0,80,16,60,27,0,0,3032,196,0,9,0,1007,169,0,18,0,489,1,0,16,0,272,0,0,0,0,2,29,0,29,0,0,77,8,2,0,0,2,2,0,0
2,9,2,26,6,1,0,1.018791,0.99241,0.993518,20,0,334,100,100,0,0,0,4,8,0,2,0,80,16,52,21,0,0,3032,191,0,7,0,1007,146,0,14,0,489,0,0,14,0,272,0,0,0,0,2,54,0,25,0,0,86,7,2,0,0,2,2,0,0
2,9,3,21,6,1,0,1.006003,1.01482,1.00498,21,0,334,100,100,0,0,0,14,8,2,0,0,80,16,34,12,0,0,3032,173,0,4,0,1007,151,0,8,0,489,0,0,12,0,272,0,0,0,0,2,61,0,16,0,0,76,6,0,0,0,0,0,0,0
2,10,0,30,3,2,0,1.00625,1.000741,1.019443,26,0,334,100,100,0,0,0,0,-4,6,16,0,80,9,43,18,0,0,3024,200,0,6,0,1007,163,0,12,0,526,1,0,4,0,232,0,0,15,0,0,138,60,14,0,0,82,2,2,0,0,2,2,0,0
2,10,1,31,3,2,0,1.01252,1.014354,1.014716,27,0,334,100,100,0,0,0,-4,0,10,10,0,80,9,73,27,0,0,3024,204,0,9,0,1007,178,0,18,0,526,1,0,2,0,232,0,0,9,0,0,67,36,15,0,0,76,1,2,0,0,2,2,0,0
2,10,2,27,3,2,0,1.01903,0.991301,0.990977,22,0,334,100,100,0,0,0,6,10,0,2,0,80,9,68,24,0,0,3024,205,0,8,0,1007,154,0,16,0,526,0,0,6,0,232,0,0,7,0,0,81,28,18,0,0,87,3,2,0,0,2,2,0,0
2,10,3,21,3,2,0,1.006003,1.01482,1.00498,21,0,334,100,100,0,0,0,16,10,2,0,0,80,9,41,12,0,0,3024,180,0,4,0,1007,155,0,8,0,526,1,0,4,0,232,0,0,6,0,0,94,24,8,0,0,78,2,0,0,0,0,0,0,0
2,11,0,29,3,8,0,1.013646,1.002477,1.025324,26,0,334,100,100,0,0,0,0,-4,6,16,0,80,18,35,12,0,0,3168,166,0,4,0,1007,167,0,8,0,509,0,0,12,0,272,0,0,0,0,2,137,0,18,0,0,87,6,1,0,0,1,1,0,0
2,11,1,30,3,8,0,1.006885,1.017404,1.010361,27,0,334,100,100,0,0,0,-4,0,12,12,0,80,18,79,24,0,0,3168,165,0,8,0,1007,186,0,16,0,509,0,0,10,0,272,0,0,0,0,2,62,0,20,0,0,80,5,1,0,0,1,1,0,0
2,11,2,24,3,8,0,1.015024,0.989867,0.995701,22,0,334,100,100,0,0,0,6,12,0,2,0,80,18,70,15,0,0,3168,173,0,5,0,1007,159,0,10,0,509,0,0,10,0,272,0,0,0,0,2,81,0,17,0,0,91,5,1,0,0,1,1,0,0
2,11,3,21,3,8,0,1.012273,1.012421,1.01002,20,0,334,100,100,0,0,0,16,12,2,0,0,80,18,42,9,0,0,3168,188,0,3,0,1007,158,0,6,0,509,0,0,6,0,272,0,0,0,0,2,100,0,9,0,0,81,3,0,0,0,0,0,0,0
2,12,0,29,1,3,0,1.013646,1.002477,1.025324,27,0,334,100,100,0,0,0,0,-4,6,16,0,80,9,34,12,0,0,3056,181,0,4,0,1022,171,0,8,0,495,0,0,14,0,265,0,0,0,0,0,134,0,20,0,0,93,7,1,0,0,1,1,0,0
2,12,1,29,1,3,0,1.011913,1.014125,1.00999,27,0,334,100,100,0,0,0,-4,0,14,12,0,80,9,90,27,0,0,3056,174,0,9,0,1022,195,0,18,0,495,1,0,6,0,265,0,0,1,0,0,64,4,17,0,0,82,3,1,0,0,1,1,0,0
2,12,2,24,1,3,0,1.015024,0.989867,0.995701,23,0,334,100,100,0,0,0,6,14,0,2,0,80,9,76,15,0,0,3056,192,0,5,0,1022,164,0,10,0,495,1,0,12,0,265,0,0,5,0,0,99,20,19,0,0,96,6,1,0,0,1,1,0,0
2,12,3,20,1,3,0,1.014415,1.00979,1.008667,19,0,334,100,100,0,0,0,16,12,2,0,0,80,9,49,12,0,0,3056,163,0,4,0,1022,162,0,8,0,495,0,0,12,0,265,0,0,1,0,0,102,4,18,0,0,86,6,1,0,0,1,1,0,0
2,13,0,28,4,3,1,1.009995,1.003194,1.02038,27,0,334,100,100,0,0,0,0,-2,8,12,0,80,12,34,12,0,0,3072,196,0,4,0,1022,175,0,8,0,495,0,0,16,0,246,0,0,3,0,0,141,12,20,0,0,101,8,0,0,0,0,0,0,0
2,13,1,30,4,3,1,1.012147,1.013136,1.010996,28,0,334,100,100,0,0,0,-2,0,16,12,0,80,12,106,27,0,0,3072,184,0,9,0,1022,204,0,18,0,495,0,0,10,0,246,0,0,8,0,0,92,32,21,0,0,86,5,1,0,0,1,1,0,0
2,13,2,25,4,3,1,1.019911,0.985774,0.990226,23,0,334,100,100,0,0,0,8,16,0,2,0,80,12,86,15,0,0,3072,163,0,5,0,1022,169,0,10,0,495,0,0,10,0,246,0,0,9,0,0,137,36,15,0,0,101,5,0,0,0,0,0,0,0
2,13,3,20,4,3,1,1.014415,1.00979,1.008667,20,0,334,100,100,0,0,0,12,12,2,0,0,80,12,57,12,0,0,3072,171,0,4,0,1022,166,0,8,0,495,1,0,8,0,246,0,0,6,0,0,131,24,12,0,0,90,4,0,0,0,0,0,0,0
2,14,0,30,4,0,0,1.010971,1.002732,1.0212,27,0,334,100,100,0,0,0,0,0,12,14,0,80,18,34,12,0,0,3072,164,0,4,0,1013,179,0,8,0,541,0,0,0,0,229,0,0,15,0,0,212,60,6,0,0,100,0,1,0,0,1,1,0,0
2,14,1,30,4,0,0,1.012147,1.013136,1.010996,29,0,334,100,100,0,0,0,0,0,18,14,0,80,18,120,30,0,0,3072,192,0,10,0,1013,214,0,20,0,541,0,0,0,0,229,0,0,9,0,0,133,36,12,0,0,85,0,1,0,0,1,1,0,0
2,14,2,26,4,0,0,1.021061,0.986863,0.991931,23,0,334,100,100,0,0,0,12,18,0,2,0,80,18,98,21,0,0,3072,179,0,7,0,1013,176,0,14,0,541,0,0,2,0,229,0,0,12,0,0,191,48,11,0,0,101,1,1,0,0,1,1,0,0
2,14,3,21,4,0,0,1.021658,1.009814,1.008532,20,0,334,100,100,0,0,0,14,14,2,0,0,80,18,61,12,0,0,3072,179,0,4,0,1013,170,0,8,0,541,0,0,2,0,229,0,0,7,0,0,170,28,6,0,0,91,1,0,0,0,0,0,0,0
2,15,0,30,5,2,0,1.010971,1.002732,1.0212,28,0,334,100,100,0,0,0,0,0,14,16,0,80,9,36,15,0,0,3008,185,0,5,0,1010,184,0,10,0,474,0,0,24,0,272,0,0,0,0,0,198,0,31,0,0,111,12,1,0,0,1,1,0,0
2,15,1,30,5,2,0,1.012312,1.009553,1.013262,29,0,334,100,100,0,0,0,0,0,20,16,1,80,9,133,30,0,0,3008,200,0,10,0,1010,224,0,20,0,474,0,0,14,0,272,0,0,0,0,0,126,0,24,0,0,92,7,0,0,0,0,0,0,0
2,15,2,27,5,2,0,1.021265,0.98637,0.990533,24,0,334,100,100,0,0,0,14,20,0,2,1,80,9,110,21,0,0,3008,194,0,7,0,1010,183,0,14,0,474,1,0,16,0,272,0,0,0,0,0,183,0,25,0,0,108,8,1,0,0,1,1,0,0
2,15,3,23,5,2,0,1.023101,1.00596,1.007853,20,0,334,100,100,0,0,0,16,16,2,0,0,80,9,68,12,0,0,3008,194,0,4,0,1010,174,0,8,0,474,0,0,12,0,272,0,0,0,0,0,169,0,18,0,0,96,6,1,0,0,1,1,0,0
2,16,0,30,3,6,0,1.010304,1.001984,1.02113,28,0,334,100,100,0,0,0,0,0,16,18,0,80,17,37,15,0,0,3144,198,0,5,0,1007,189,0,10,0,519,1,0,6,0,245,0,0,12,0,41,235,48,13,0,0,113,3,1,0,0,1,1,0,0
2,16,1,31,3,6,0,1.010255,1.008024,1.014743,29,0,334,100,100,0,0,0,0,0,22,18,1,80,17,149,30,0,0,3144,160,0,10,0,1007,234,0,20,0,519,1,0,2,0,245,0,0,4,0,41,137,16,14,0,0,92,1,1,0,0,1,1,0,0
2,16,2,27,3,6,0,1.019526,0.985343,0.985984,24,0,334,100,100,0,0,0,16,22,0,2,1,80,17,115,18,0,0,3144,161,0,6,0,1007,189,0,12,0,519,1,0,8,0,245,0,0,8,0,41,210,32,16,0,0,111,4,1,0,0,1,1,0,0
2,16,3,19,3,6,0,1.021697,0.997495,1.00032,17,0,334,100,100,0,0,0,18,18,2,0,0,80,17,69,15,0,0,3144,166,0,5,0,1007,179,0,10,0,519,1,0,6,0,245,0,0,3,0,41,173,12,13,0,0,98,3,1,0,0,1,1,0,0
2,17,0,31,4,5,0,1.013029,1.001356,1.016939,28,0,334,100,100,0,0,0,0,0,18,20,1,80,3,41,15,0,0,3056,163,0,5,0,1007,194,0,10,0,469,1,0,24,0,272,0,0,0,0,0,221,0,31,0,0,124,12,1,0,0,1,1,0,0
2,17,1,31,4,5,0,1.010254,1.007583,1.01455,29,0,334,100,100,0,0,0,0,0,24,20,2,80,3,169,30,0,0,3056,175,0,10,0,1007,244,0,20,0,469,1,0,18,0,272,0,0,0,0,0,124,0,30,0,0,100,9,1,0,0,1,1,0,0
2,17,2,26,4,5,0,1.018807,0.984602,0.984844,25,0,334,100,100,0,0,0,18,24,0,2,1,80,3,123,21,0,0,3056,183,0,7,0,1007,196,0,14,0,469,1,0,18,0,272,0,0,0,0,0,197,0,27,0,0,119,9,1,0,0,1,1,0,0
2,17,3,18,4,5,0,1.026001,0.995885,1.004282,16,0,334,100,100,0,0,0,20,20,2,0,2,80,3,78,12,0,0,3056,159,0,4,0,1007,183,0,8,0,469,1,0,12,0,272,0,0,0,0,0,172,0,18,0,0,103,6,1,0,0,1,1,0,0
2,18,0,32,3,2,0,1.019519,0.995994,1.015022,28,1,459,100,100,0,0,0,0,0,20,22,2,80,3,44,15,0,0,3000,183,0,5,0,1010,199,0,10,0,527,0,0,6,0,222,2,0,16,0,0,271,64,30,0,0,109,3,18,0,0,1,1,0,0
2,18,1,30,3,2,0,1.01149,1.006591,1.019495,29,0,334,100,100,0,0,0,0,0,26,22,2,80,3,188,30,0,0,3000,198,0,10,0,1010,254,0,20,0,527,1,0,4,0,222,0,0,8,0,0,157,32,16,0,0,101,2,1,0,0,1,1,0,0
2,18,2,26,3,2,0,1.018807,0.984602,0.984844,26,0,334,100,100,0,0,0,20,26,0,2,2,80,3,137,21,0,0,3000,206,0,7,0,1010,203,0,14,0,527,1,0,6,0,222,0,0,9,0,0,237,36,13,0,0,122,3,0,0,0,0,0,0,0
2,18,3,19,3,2,0,1.030464,0.989008,1.000679,17,0,334,100,100,0,0,0,22,22,2,0,2,80,3,90,12,0,0,3000,161,0,4,0,1010,187,0,8,0,527,1,0,2,0,222,3,0,9,0,0,217,36,8,0,0,103,1,1,0,0,1,1,0,0
2,19,0,32,2,3,0,1.019519,0.995994,1.015022,29,1,459,100,100,0,0,0,0,0,22,24,2,80,13,47,18,0,0,3112,209,0,6,0,1007,205,0,12,0,514,1,0,12,0,252,0,0,2,0,17,267,8,22,0,0,113,6,2,0,0,2,2,0,0
2,19,1,32,2,3,0,1.013926,1.005719,1.020831,30,0,334,100,100,0,0,0,0,0,28,24,2,80,13,205,30,0,0,3112,158,0,10,0,1007,264,0,20,0,514,1,0,2,0,252,0,0,9,0,17,195,36,12,0,0,102,1,0,0,0,0,0,0,0
2,19,2,24,2,3,0,1.020116,0.991829,0.991368,24,1,459,100,100,0,0,0,22,28,0,2,2,80,13,137,15,0,0,3112,175,0,5,0,1007,208,0,10,0,514,1,0,4,0,252,0,0,10,0,17,268,40,26,0,0,107,2,17,0,0,0,0,0,0
2,19,3,18,2,3,0,1.03221,0.98508,1.0009,17,0,334,100,100,0,0,0,24,24,2,0,2,80,13,93,12,0,0,3112,154,0,4,0,1007,191,0,8,0,514,0,0,12,0,252,0,0,4,0,17,225,16,18,0,0,108,6,1,0,0,1,1,0,0
2,20,0,26,4,9,0,1.017465,0.997479,1.015761,25,1,459,100,100,0,0,0,0,0,22,24,2,80,13,45,18,0,0,3056,171,0,6,0,1055,196,0,12,0,489,0,0,18,0,272,0,0,0,0,22,248,0,26,0,0,121,9,1,0,0,1,1,0,0
2,20,1,31,4,9,0,1.011333,1.01231,1.018352,28,0,334,100,100,0,0,0,0,0,28,26,2,80,13,219,30,0,0,3056,188,0,10,0,1055,262,0,20,0,489,1,0,10,0,272,0,0,0,0,22,182,0,22,0,0,106,5,1,0,0,1,1,0,0
2,20,2,25,4,9,0,1.019859,0.990647,0.991936,24,1,459,100,100,0,0,0,22,28,0,4,2,80,13,146,15,0,0,3056,202,0,5,0,1055,207,0,10,0,489,0,0,16,0,272,0,0,0,0,22,252,0,21,0,0,115,8,0,0,0,0,0,0,0
2,20,3,19,4,9,0,1.034381,0.986391,0.995836,17,0,334,100,100,0,0,0,24,26,4,0,2,80,13,100,12,0,0,3056,148,0,4,0,1055,186,0,8,0,489,1,0,6,0,272,0,0,0,0,22,230,0,10,0,0,111,3,0,0,0,0,0,0,0
2,21,0,25,4,7,0,1.023347,0.994305,1.014219,24,1,459,100,100,0,0,0,0,0,24,26,2,80,8,52,18,0,0,3072,171,0,6,0,1004,202,0,12,0,486,1,0,16,0,267,0,0,3,0,0,255,12,22,0,0,129,8,0,0,0,0,0,0,0
2,21,1,30,4,7,0,1.011436,1.013002,1.011309,27,0,334,100,100,0,0,0,0,0,30,28,2,80,8,230,27,0,0,3072,220,0,9,0,1004,271,0,18,0,486,0,0,12,0,267,0,0,0,0,0,176,0,23,0,0,111,6,1,0,0,1,1,0,0
2,21,2,24,4,7,0,1.020116,0.991829,0.991368,24,1,459,100,100,0,0,0,24,30,0,4,2,80,8,153,15,0,0,3072,172,0,5,0,1004,212,0,10,0,486,0,0,14,0,267,0,0,0,0,0,250,0,19,0,0,122,7,0,0,0,0,0,0,0
2,21,3,19,4,7,0,1.036453,0.984361,0.993781,16,0,334,100,100,0,0,0,26,28,4,0,2,80,8,107,12,0,0,3072,133,0,4,0,1004,190,0,8,0,486,0,0,14,0,267,0,0,2,0,0,235,8,20,0,0,117,7,1,0,0,1,1,0,0
2,22,0,26,5,3,0,1.024149,0.99524,1.011316,24,1,459,100,100,0,0,0,0,0,26,28,2,80,1,66,21,0,0,3104,171,0,7,0,1004,209,0,14,0,484,1,0,18,0,272,0,0,0,0,0,245,0,27,0,0,137,9,1,0,0,1,1,0,0
2,22,1,31,5,3,0,1.016582,1.008886,1.015612,27,0,334,100,100,0,0,0,0,0,32,30,2,80,1,242,27,0,0,3104,181,0,9,0,1004,280,0,18,0,484,1,0,8,0,272,0,0,0,0,0,174,0,19,0,0,114,4,1,0,0,1,1,0,0
2,22,2,24,5,3,0,1.018984,0.991195,0.991971,23,1,459,100,100,0,0,0,26,32,0,6,2,80,1,158,12,0,0,3104,200,0,4,0,1004,216,0,8,0,484,0,0,18,0,272,0,0,0,0,0,245,0,22,0,0,131,9,0,0,0,0,0,0,0
2,22,3,19,5,3,0,1.04161,0.977015,0.993659,16,0,334,100,100,0,0,0,28,30,6,0,2,80,1,122,15,0,0,3104,117,0,5,0,1004,195,0,10,0,484,1,0,14,0,272,0,0,0,0,0,231,0,21,0,0,123,7,1,0,0,1,1,0,0
2,23,0,26,0,1,0,1.024149,0.99524,1.011316,25,1,459,100,100,0,0,0,0,0,26,30,2,80,15,75,21,0,0,3080,170,0,7,0,1004,216,0,14,0,524,1,0,6,0,259,0,0,5,0,68,250,20,15,0,0,139,3,1,0,0,1,1,0,0
2,23,1,30,0,1,0,1.016365,1.01023,1.013006,27,1,459,100,100,0,0,0,0,0,34,32,2,80,15,256,30,0,0,3080,212,0,10,0,1004,290,0,20,0,524,0,0,2,0,259,0,0,3,0,68,153,12,33,0,0,96,1,19,0,0,2,2,0,0
2,23,2,24,0,1,0,1.018984,0.991195,0.991971,23,1,459,100,100,0,0,0,26,34,0,6,2,80,15,164,15,0,0,3080,171,0,5,0,1004,221,0,10,0,524,1,0,6,0,259,0,0,3,0,68,244,12,13,0,0,133,3,1,0,0,1,1,0,0
2,23,3,19,0,1,0,1.04161,0.977015,0.993659,17,0,334,100,100,0,0,0,30,32,6,0,2,80,15,134,18,0,0,3080,100,0,6,0,1004,201,0,12,0,524,1,0,6,0,259,0,0,2,0,68,225,8,14,0,0,125,3,1,0,0,1,1,0,0
2,24,0,23,1,7,0,1.017569,0.994776,1.016162,23,1,459,100,100,0,0,0,0,0,28,32,2,80,9,81,18,0,0,3104,170,0,6,0,1004,222,0,12,0,482,0,0,20,0,272,0,0,0,0,0,241,0,26,0,0,149,10,0,0,0,0,0,0,0
2,24,1,27,1,7,0,1.009994,1.016687,1.012235,26,1,459,100,100,0,0,0,0,0,36,34,2,80,9,269,21,0,0,3104,175,0,7,0,1004,297,0,14,0,482,1,0,8,0,272,0,0,0,0,0,153,0,17,0,0,99,4,1,0,0,1,1,0,0
2,24,2,24,1,7,0,1.018051,0.992586,0.997484,23,1,459,100,100,0,0,0,28,36,0,8,2,80,9,173,15,0,0,3104,190,0,5,0,1004,226,0,10,0,482,1,0,16,0,272,0,0,0,0,0,240,0,21,0,0,141,8,0,0,0,0,0,0,0
2,24,3,19,1,7,0,1.04161,0.977015,0.993659,18,0,334,100,100,0,0,0,32,34,8,0,2,80,9,146,18,0,0,3104,83,0,6,0,1004,207,0,12,0,482,1,0,12,0,272,0,0,0,0,0,222,0,20,0,0,130,6,1,0,0,1,1,0,0
2,25,0,24,3,5,0,1.017066,0.997705,1.019187,23,1,459,100,100,0,0,0,0,0,30,34,2,80,5,90,18,0,0,3040,173,0,6,0,1016,228,0,12,0,544,0,0,0,0,224,5,0,10,0,0,292,40,6,0,0,149,0,0,0,0,0,0,0,0
2,25,1,25,3,5,0,1.017481,1.018404,1.01361,25,1,459,100,100,0,0,0,0,0,38,36,2,80,5,274,18,0,0,3040,206,0,6,0,1016,303,0,12,0,544,1,0,0,0,224,0,0,9,0,0,200,36,6,0,0,99,0,0,0,0,0,0,0,0
2,25,2,25,3,5,0,1.02005,0.990879,0.998271,23,1,459,100,100,0,0,0,30,38,0,8,2,80,5,184,15,0,0,3040,209,0,5,0,1016,231,0,10,0,544,1,0,0,0,224,2,0,13,0,0,302,52,7,0,0,140,0,1,0,0,1,1,0,0
2,25,3,17,3,5,0,1.038656,0.976467,0.991646,16,0,334,100,100,0,0,0,34,36,8,0,2,80,5,159,15,0,0,3040,59,0,5,0,1016,212,0,10,0,544,1,0,0,0,224,3,0,6,0,0,256,24,5,0,0,130,0,0,0,0,0,0,0,0
2,26,0,26,5,17,0,1.01612,0.998392,1.022413,23,1,459,100,100,0,0,0,0,0,32,36,2,80,13,107,18,0,0,3160,183,0,6,0,1019,234,0,12,0,506,0,0,12,0,269,0,0,5,0,13,304,20,20,0,0,154,6,1,0,0,1,1,0,0
2,26,1,20,5,17,0,1.019525,1.011156,1.015832,19,1,459,100,100,0,0,0,0,0,38,38,2,80,13,278,18,0,0,3160,175,0,6,0,1019,309,0,12,0,506,1,0,4,0,269,0,0,3,0,13,219,12,10,0,0,101,2,0,0,0,0,0,0,0
2,26,2,17,5,17,0,1.018734,1.003613,0.995028,16,1,459,100,100,0,0,0,32,38,0,10,2,80,13,188,15,0,0,3160,179,0,5,0,1019,236,0,10,0,506,1,0,10,0,269,0,0,2,0,13,295,8,17,0,0,144,5,1,0,0,1,1,0,0
2,26,3,16,5,17,0,1.044497,0.962701,0.997359,13,0,334,100,100,0,0,0,36,38,10,0,2,80,13,169,15,0,0,3160,37,0,5,0,1019,217,0,10,0,506,7,0,6,0,269,0,0,3,0,13,264,12,13,0,0,132,3,1,0,0,1,1,0,0
2,27,0,26,2,1,0,1.01612,0.998392,1.022413,24,1,459,100,100,0,0,0,0,0,34,40,2,80,17,113,18,0,0,3088,190,0,6,0,1019,240,0,12,0,530,1,0,4,0,234,0,0,9,0,57,332,36,12,0,0,155,2,1,0,0,1,1,0,0
2,27,1,20,2,1,0,1.019525,1.011156,1.015832,19,1,459,100,100,0,0,0,0,0,38,40,2,80,17,291,18,0,0,3088,196,0,6,0,1019,315,0,12,0,530,0,0,2,0,234,0,0,9,0,57,249,36,10,0,0,101,1,1,0,0,1,1,0,0
2,27,2,18,2,1,0,1.016225,1.006743,0.994474,16,1,459,100,100,0,0,0,34,38,0,14,2,80,17,201,15,0,0,3088,172,0,5,0,1019,241,0,10,0,530,1,0,0,0,234,9,0,5,0,57,310,20,5,0,0,144,0,0,0,0,0,0,0,0
2,27,3,16,2,1,0,1.044497,0.962701,0.997359,14,0,334,100,100,0,0,0,40,40,14,0,2,80,17,186,18,0,0,3088,26,0,6,0,1019,223,0,12,0,530,7,0,8,0,234,2,0,4,0,57,267,16,16,0,0,135,4,1,0,0,1,1,0,0
2,28,0,26,4,2,0,1.01612,0.998392,1.022413,25,1,459,100,100,0,0,0,0,0,36,44,2,80,20,120,18,0,0,3136,197,0,6,0,1019,246,0,12,0,470,0,0,22,0,272,0,0,0,0,16,319,0,30,0,0,165,11,1,0,0,1,1,0,0
2,28,1,22,4,2,0,1.021856,1.008184,1.012686,20,1,459,100,100,0,0,0,0,0,38,44,2,80,20,302,18,0,0,3136,169,0,6,0,1019,321,0,12,0,470,0,0,12,0,272,0,0,0,0,16,248,0,18,0,0,107,6,0,0,0,0,0,0,0
2,28,2,19,4,2,0,1.016991,0.999396,0.992965,15,1,459,100,100,0,0,0,36,38,0,16,2,80,20,215,15,0,0,3136,164,0,5,0,1019,246,0,10,0,470,16,0,8,0,272,5,0,4,0,16,317,16,15,0,0,147,4,1,0,0,1,1,0,0
2,28,3,15,4,2,0,1.051868,0.961874,0.997786,14,0,334,100,100,0,0,0,44,44,16,0,2,80,20,203,18,0,0,3136,15,0,6,0,1019,229,0,12,0,470,14,0,8,0,272,0,0,2,0,16,268,8,16,0,0,138,4,1,0,0,1,1,0,0
2,29,0,28,4,0,0,1.017556,0.997159,1.021333,26,1,459,100,100,0,0,0,0,0,38,48,2,80,11,126,18,0,0,3120,164,0,6,0,1016,252,0,12,0,527,1,0,4,0,232,0,0,13,0,21,378,52,10,0,0,167,2,0,0,0,0,0,0,0
2,29,1,23,4,0,0,1.026327,1.004428,1.012396,20,1,459,100,100,0,0,0,0,0,40,48,2,80,11,311,18,0,0,3120,196,0,6,0,1016,327,0,12,0,527,1,0,4,0,232,0,0,6,0,21,272,24,12,0,0,108,2,1,0,0,1,1,0,0
2,29,2,20,4,0,0,1.016799,1.006577,0.991551,16,1,459,100,100,0,0,0,38,40,0,18,2,80,11,227,18,0,0,3120,154,0,6,0,1016,252,0,12,0,527,11,0,10,0,232,14,0,5,0,21,326,20,20,0,0,150,5,2,0,0,2,2,0,0
2,29,3,15,4,0,0,1.051868,0.961874,0.997786,15,0,334,100,100,0,0,0,48,48,18,0,2,80,11,219,18,0,0,3120,5,0,6,0,1016,235,0,12,0,527,8,0,8,0,232,3,0,4,0,21,279,16,14,0,0,142,4,0,0,0,0,0,0,0
2,30,0,30,5,1,0,1.018776,0.995564,1.02263,26,1,459,100,100,0,0,0,0,0,40,50,2,80,9,137,21,0,0,3126,168,0,7,0,1048,244,0,14,0,469,1,0,24,0,272,0,0,0,0,16,362,0,33,0,0,178,12,1,0,0,1,1,0,0
2,30,1,24,5,1,0,1.024352,1.007307,1.013517,21,1,459,100,100,0,0,0,0,0,42,52,2,80,9,322,18,0,0,3126,166,0,6,0,1048,324,0,12,0,469,0,0,16,0,272,0,0,0,0,16,265,0,24,0,0,115,8,1,0,0,1,1,0,0
2,30,2,21,5,1,0,1.018312,1.003367,0.995163,18,1,459,100,100,0,0,0,40,42,0,20,3,80,9,248,21,0,0,3126,142,0,7,0,1048,248,0,14,0,469,22,0,10,0,272,9,0,5,0,16,336,20,19,0,0,154,5,1,0,0,1,1,0,0
2,30,3,15,5,1,0,1.058082,0.954432,1.001905,14,1,459,100,100,0,0,0,50,52,20,0,3,80,9,237,18,0,0,3126,5,0,6,0,1048,238,0,12,0,469,12,0,8,0,272,0,0,3,0,16,269,12,31,0,0,129,4,17,0,0,0,0,0,0
2,31,0,31,2,1,0,1.019695,0.994947,1.023914,27,1,459,100,100,0,0,0,0,0,42,54,2,80,14,145,21,0,0,3062,178,0,7,0,1010,251,0,14,0,473,0,0,18,0,269,0,0,2,0,18,358,8,29,0,0,185,9,2,0,0,2,2,0,0
2,31,1,23,2,1,0,1.022201,1.007225,1.016794,21,1,459,100,100,0,0,0,0,0,44,54,2,80,14,326,15,0,0,3062,192,0,5,0,1010,329,0,10,0,473,1,0,14,0,269,0,0,1,0,18,263,4,21,0,0,121,7,1,0,0,1,1,0,0
2,31,2,22,2,1,0,1.019867,1.001466,0.995196,19,1,459,100,100,0,0,0,42,44,0,22,3,80,14,266,21,0,0,3062,129,0,7,0,1010,255,0,14,0,473,36,0,10,0,269,4,0,5,0,18,346,20,19,0,0,158,5,1,0,0,1,1,0,0
2,31,3,15,2,1,0,1.058082,0.954432,1.001905,14,1,459,100,100,0,0,0,54,54,22,0,3,80,14,256,18,0,0,3062,5,0,6,0,1010,244,0,12,0,473,19,0,8,0,269,0,0,0,0,18,262,0,16,0,0,132,4,1,0,0,1,1,0,0
2,32,0,31,5,2,0,1.026717,0.994276,1.024326,27,2,584,100,100,0,0,0,0,2,44,58,2,80,10,153,21,0,0,3110,187,0,7,0,1013,258,0,14,0,506,1,0,8,0,227,1,0,14,0,13,397,56,34,0,0,171,4,18,0,0,1,1,0,0
2,32,1,23,5,2,0,1.022201,1.007225,1.016794,22,1,459,100,100,0,0,0,2,0,46,58,2,80,10,333,15,0,0,3110,163,0,5,0,1013,334,0,10,0,506,0,0,6,0,227,0,0,12,0,13,315,48,13,0,0,123,3,1,0,0,1,1,0,0
2,32,2,24,5,2,0,1.021982,1.0009,0.999679,20,1,459,100,100,0,0,0,44,46,0,24,3,80,10,282,21,0,0,3110,115,0,7,0,1013,262,0,14,0,506,36,0,12,0,227,10,0,6,0,13,361,24,21,0,0,163,6,1,0,0,1,1,0,0
2,32,3,16,5,2,0,1.055198,0.953465,1.003435,15,1,459,100,100,0,0,0,58,58,24,0,3,80,10,275,18,0,0,3110,5,0,6,0,1013,250,0,12,0,506,20,0,8,0,227,2,0,4,0,13,273,16,14,0,0,136,4,0,0,0,0,0,0,0
2,33,0,32,3,2,0,1.028283,0.993901,1.023266,28,2,584,100,100,0,0,0,0,2,46,62,2,80,13,162,24,0,0,3061,195,0,8,0,1007,266,0,16,0,488,1,0,22,0,246,0,0,4,0,59,382,16,34,0,0,180,11,2,0,0,2,2,0,0
2,33,1,23,3,2,0,1.022201,1.007225,1.016794,23,1,459,100,100,0,0,0,2,0,48,62,2,80,13,340,15,0,0,3061,190,0,5,0,1007,339,0,10,0,488,1,0,10,0,246,0,0,4,0,59,319,16,15,0,0,128,5,0,0,0,0,0,0,0
2,33,2,24,3,2,0,1.024556,0.9974,1.001655,20,1,459,100,100,0,0,0,46,48,0,26,3,80,13,295,21,0,0,3061,91,0,7,0,1007,269,0,14,0,488,41,0,12,0,246,15,0,6,0,59,365,24,23,0,0,167,6,2,0,0,2,2,0,0
2,33,3,16,3,2,0,1.057745,0.954637,1.003491,14,1,459,100,100,0,0,0,62,62,26,0,3,80,13,294,21,0,0,3061,4,0,7,0,1007,257,0,14,0,488,18,0,8,0,246,3,0,4,0,59,272,16,17,0,0,139,4,1,0,0,1,1,0,0
2,34,0,30,3,4,0,1.025326,0.995246,1.019033,28,2,584,100,100,0,0,0,0,2,48,66,2,80,15,164,21,0,0,3124,203,0,7,0,1004,273,0,14,0,478,1,0,18,0,256,0,0,8,0,0,407,32,27,0,0,188,9,1,0,0,1,1,0,0
2,34,1,23,3,4,0,1.024099,1.008765,1.017148,22,1,459,100,100,0,0,0,2,0,50,66,2,80,15,347,15,0,0,3124,161,0,5,0,1004,344,0,10,0,478,1,0,12,0,256,0,0,4,0,0,340,16,17,0,0,134,6,0,0,0,0,0,0,0
2,34,2,23,3,4,0,1.023682,0.998837,1.001406,21,1,459,100,100,0,0,0,48,50,0,28,3,80,15,306,21,0,0,3124,67,0,7,0,1004,276,0,14,0,478,51,0,14,0,256,9,0,7,0,0,383,28,23,0,0,173,7,1,0,0,1,1,0,0
2,34,3,18,3,4,0,1.058719,0.952918,1.00306,15,1,459,100,100,0,0,0,66,66,28,0,3,80,15,315,24,0,0,3124,3,0,8,0,1004,265,0,16,0,478,22,0,8,0,256,0,0,3,0,0,275,12,18,0,0,142,4,1,0,0,1,1,0,0
2,35,0,25,3,12,0,1.015813,0.995665,1.01381,25,2,584,100,100,0,0,0,0,4,50,68,2,80,13,161,18,0,0,3121,166,0,6,0,1042,273,0,12,0,544,1,0,0,0,187,5,0,13,0,4,470,52,6,0,0,188,0,0,0,0,0,0,0,0
2,35,1,22,3,12,0,1.021182,1.012935,1.010935,20,2,584,100,100,0,0,0,4,0,52,70,2,80,13,358,18,0,0,3121,179,0,6,0,1042,341,0,12,0,544,1,0,0,0,187,0,0,11,0,4,374,44,25,0,0,116,0,18,0,0,1,1,0,0
2,35,2,21,3,12,0,1.025736,0.991654,1.008543,19,2,584,100,100,0,0,0,50,52,0,28,3,80,13,321,21,0,0,3121,45,0,7,0,1042,274,0,14,0,544,37,0,14,0,187,20,0,7,0,4,388,28,40,0,0,162,7,18,0,0,1,1,0,0
2,35,3,17,3,12,0,1.057944,0.952659,1.007757,14,1,459,100,100,0,0,0,68,70,28,0,3,80,13,336,24,0,0,3121,2,0,8,0,1042,259,0,16,0,544,10,0,12,0,187,0,0,5,0,4,288,20,22,0,0,147,6,1,0,0,1,1,0,0
2,36,0,25,5,1,0,1.022209,0.991731,1.013734,24,3,709,100,100,0,0,0,0,4,54,72,2,80,14,172,18,0,0,3073,181,0,6,0,1022,276,0,12,0,529,0,0,6,0,242,0,0,12,0,68,489,48,29,0,0,174,3,17,0,0,0,0,0,0
2,36,1,23,5,1,0,1.023169,1.016258,1.007979,21,2,584,100,100,0,0,0,4,0,56,72,2,80,14,375,21,0,0,3073,196,0,7,0,1022,342,0,14,0,529,1,0,2,0,242,0,0,7,0,68,391,28,11,0,0,116,1,1,0,0,1,1,0,0
2,36,2,23,5,1,0,1.028268,0.989479,1.005666,20,2,584,100,100,0,0,0,54,56,0,28,3,80,14,335,21,0,0,3073,27,0,7,0,1022,278,0,14,0,529,30,0,14,0,242,24,0,7,0,68,393,28,23,0,0,168,7,1,0,0,1,1,0,0
2,36,3,18,5,1,0,1.061845,0.944218,1.00766,15,1,459,100,100,0,0,0,72,72,28,0,3,80,14,359,24,0,0,3073,2,0,8,0,1022,261,0,16,0,529,1,0,10,0,242,0,0,5,0,68,288,20,20,0,0,151,5,1,0,0,1,1,0,0
2,37,0,26,3,2,0,1.023382,0.992566,1.011388,24,3,709,100,100,0,0,0,0,4,58,76,2,80,12,185,18,0,0,3120,196,0,6,0,995,282,0,12,0,503,1,0,8,0,268,0,0,1,0,2,494,4,16,0,0,177,4,1,0,0,1,1,0,0
2,37,1,24,3,2,0,1.026281,1.018732,1.008584,22,2,584,100,100,0,0,0,4,0,60,76,2,80,12,388,24,0,0,3120,163,0,8,0,995,350,0,16,0,503,1,0,6,0,268,0,0,3,0,2,404,12,16,0,0,118,3,1,0,0,1,1,0,0
2,37,2,23,3,2,0,1.028268,0.989479,1.005666,21,2,584,100,100,0,0,0,58,60,0,28,3,80,12,355,24,0,0,3120,6,0,8,0,995,286,0,16,0,503,33,0,14,0,268,17,0,7,0,2,414,28,24,0,0,174,7,1,0,0,1,1,0,0
2,37,3,17,3,2,0,1.064492,0.941015,1.003527,15,1,459,100,100,0,0,0,76,76,28,0,3,80,12,358,0,0,0,3120,2,0,0,0,995,288,0,0,0,503,1,0,6,0,268,0,0,0,0,2,295,0,8,0,0,153,3,1,0,0,1,1,0,0
2,38,0,25,3,3,0,1.02291,0.9905,1.010757,24,3,709,100,100,0,0,0,0,4,62,80,2,80,13,190,18,0,0,3104,162,0,6,0,995,288,0,12,0,492,0,0,16,0,272,0,0,0,0,2,487,0,24,0,0,184,8,1,0,0,1,1,0,0
2,38,1,25,3,3,0,1.024647,1.02085,1.00839,23,2,584,100,100,0,0,0,4,0,64,78,2,80,13,403,24,0,0,3104,185,0,8,0,995,358,0,16,0,492,0,0,8,0,272,0,0,0,0,2,401,0,18,0,0,121,4,1,0,0,1,1,0,0
2,38,2,22,3,3,0,1.028388,0.989107,1.006437,22,2,584,100,100,0,0,0,62,64,0,28,3,80,13,369,24,0,0,3104,2,0,8,0,995,294,0,16,0,492,38,0,14,0,272,10,0,7,0,2,437,28,22,0,0,181,7,0,0,0,0,0,0,0
2,38,3,18,3,3,0,1.068015,0.942591,1.009653,15,1,459,100,100,0,0,0,80,78,28,0,3,80,13,355,0,0,0,3104,2,0,0,0,995,315,0,0,0,492,0,0,6,0,272,0,0,0,0,2,301,0,8,0,0,155,3,1,0,0,1,1,0,0
2,39,0,26,4,4,0,1.024275,0.987891,1.015358,25,3,709,100,100,0,0,0,0,4,66,84,2,80,8,203,18,0,0,3044,185,0,6,0,986,294,0,12,0,505,1,0,10,0,272,0,0,0,0,4,488,0,16,0,0,189,5,0,0,0,0,0,0,0
2,39,1,25,4,4,0,1.024647,1.02085,1.00839,24,2,584,100,100,0,0,0,4,0,68,82,2,80,8,423,27,0,0,3044,205,0,9,0,986,367,0,18,0,505,1,0,6,0,272,0,0,0,0,4,399,0,17,0,0,123,3,1,0,0,1,1,0,0
2,39,2,22,4,4,0,1.03464,0.987507,1.010061,20,2,584,100,100,0,0,0,66,68,0,30,3,80,8,390,24,0,0,3044,2,0,8,0,986,302,0,16,0,505,42,0,12,0,272,4,0,6,0,4,455,24,20,0,0,187,6,0,0,0,0,0,0,0
2,39,3,17,4,4,0,1.073186,0.949251,1.008974,14,1,459,100,100,0,0,0,84,82,30,0,3,80,8,350,0,0,0,3044,2,0,0,0,986,342,0,0,0,505,1,0,4,0,272,0,0,0,0,4,310,0,6,0,0,156,2,1,0,0,1,1,0,0
2,40,0,25,4,4,0,1.02291,0.9905,1.010757,25,3,709,100,100,0,0,0,0,6,70,88,2,80,17,210,18,0,0,3101,207,0,6,0,986,300,0,12,0,521,1,0,8,0,263,0,0,3,0,0,501,12,14,0,0,193,4,0,0,0,0,0,0,0
2,40,1,26,4,4,0,1.026477,1.020357,1.007063,24,2,584,100,100,0,0,0,6,0,72,86,2,80,17,435,24,0,0,3101,170,0,8,0,986,375,0,16,0,521,0,0,4,0,263,0,0,2,0,0,416,8,12,0,0,125,2,0,0,0,0,0,0,0
2,40,2,22,4,4,0,1.038712,0.98835,1.015231,18,2,584,100,100,0,0,0,70,72,0,32,3,80,17,409,24,0,0,3101,2,0,8,0,986,310,0,16,0,521,43,0,10,0,263,2,0,5,0,0,467,20,20,0,0,191,5,1,0,0,1,1,0,0
2,40,3,17,4,4,0,1.073186,0.949251,1.008974,15,1,459,100,100,0,0,0,88,86,32,0,3,80,17,350,0,0,0,3101,2,0,0,0,986,372,0,0,0,521,0,0,2,0,263,0,0,1,0,0,325,4,4,0,0,156,1,1,0,0,1,1,0,0
6,1,0,48,6,13,0,1.006963,0.995415,1.00816,0,0,334,100,100,0,0,0,0,0,2,2,0,80,7,55,39,0,0,2816,192,0,13,0,932,63,0,26,0,482,1,0,46,0,261,2,0,23,0,0,99,92,77,0,0,14,23,9,0,0,9,9,0,0
6,1,1,47,6,13,0,1.004681,1.000851,1.007027,0,0,334,100,100,0,0,0,0,0,2,2,0,80,7,54,36,0,0,2816,201,0,12,0,932,62,0,24,0,482,0,0,42,0,261,2,0,23,0,0,102,92,72,0,0,12,21,9,0,0,9,9,0,0
6,1,2,49,6,13,0,1.002158,0.997896,1.003866,0,0,334,100,100,0,0,0,2,2,0,0,0,80,7,56,39,0,0,2816,200,0,13,0,932,63,0,26,0,482,0,0,48,0,261,3,0,24,0,0,101,96,79,0,0,15,24,9,0,0,9,9,0,0
6,1,3,49,6,13,0,1.00593,0.995023,1.008033,0,0,334,100,100,0,0,0,2,2,0,0,0,80,7,61,39,0,0,2816,200,0,13,0,932,63,0,26,0,482,1,0,46,0,261,2,0,23,0,0,98,92,77,0,0,14,23,9,0,0,9,9,0,0
6,2,0,42,2,21,0,0.998952,0.995643,1.009505,6,0,334,100,100,0,0,0,0,2,4,4,0,80,3,52,33,0,0,2808,221,0,11,0,926,74,0,22,0,445,0,0,32,0,272,0,0,2,0,0,58,8,61,0,0,21,16,9,0,0,9,9,0,0
6,2,1,42,2,21,0,1.002344,0.999926,1.009028,9,0,334,100,100,0,0,0,2,0,4,4,0,80,3,50,27,0,0,2808,249,0,9,0,926,71,0,18,0,445,1,0,22,0,272,0,0,2,0,0,76,8,49,0,0,14,11,9,0,0,9,9,0,0
6,2,2,48,2,21,0,1.001145,0.99743,1.00359,9,0,334,100,100,0,0,0,4,4,0,2,0,80,3,57,33,0,0,2808,236,0,11,0,926,74,0,22,0,445,1,0,24,0,272,0,0,3,0,0,77,12,53,0,0,18,12,9,0,0,9,9,0,0
6,2,3,42,2,21,0,1.006678,0.994408,1.003346,8,0,334,100,100,0,0,0,4,4,2,0,0,80,3,67,42,0,0,2808,233,0,14,0,926,77,0,28,0,445,1,0,14,0,272,0,0,2,0,0,74,8,42,0,0,14,7,7,0,0,7,7,0,0
6,3,0,43,4,2,1,1.000715,0.994213,1.008212,15,0,334,100,100,0,0,0,0,2,6,4,0,80,2,60,33,0,0,3200,168,0,11,0,953,85,0,22,0,415,1,0,32,0,272,0,0,0,0,0,14,0,61,0,0,28,16,9,0,0,9,9,0,0
6,3,1,42,4,2,1,0.998734,1.00118,1.010352,18,0,334,100,100,0,0,0,2,0,6,0,0,80,2,53,27,0,0,3200,198,0,9,0,953,80,0,18,0,415,0,0,34,0,272,0,0,0,0,0,31,0,61,0,0,22,17,9,0,0,9,9,0,0
6,3,2,48,4,2,1,1.001145,0.99743,1.00359,18,0,334,100,100,0,0,0,6,6,0,0,0,80,2,63,33,0,0,3200,177,0,11,0,953,85,0,22,0,415,1,0,36,0,272,0,0,0,0,0,29,0,65,0,0,27,18,9,0,0,9,9,0,0
6,3,3,43,4,2,1,1.009199,0.992094,1.009432,14,0,334,100,100,0,0,0,4,0,0,0,0,80,2,84,39,0,0,3200,178,0,13,0,953,90,0,26,0,415,0,0,28,0,272,0,0,0,0,0,36,0,55,0,0,21,14,7,0,0,7,7,0,0
6,4,0,38,4,11,1,0.999292,0.994283,1.010416,24,0,334,100,100,0,0,0,0,2,2,6,0,80,2,53,21,0,0,2816,198,0,7,0,956,98,0,14,0,460,0,0,22,0,272,0,0,0,0,0,0,0,29,0,0,39,11,0,0,0,0,0,0,0
6,4,1,38,4,11,1,1.003015,1.001675,1.014352,26,0,334,100,100,0,0,0,2,0,6,2,0,80,2,57,27,0,0,2816,219,0,9,0,956,89,0,18,0,460,0,0,18,0,272,0,0,0,0,0,7,0,39,0,0,25,9,6,0,0,6,6,0,0
6,4,2,49,4,11,1,1.004402,0.998753,1.003759,27,0,334,100,100,0,0,0,2,6,0,-2,0,80,2,67,30,0,0,2816,223,0,10,0,956,95,0,20,0,460,1,0,24,0,272,0,0,0,0,0,0,0,46,0,0,33,12,6,0,0,6,6,0,0
6,4,3,44,4,11,1,1.010496,0.992277,1.011538,21,0,334,100,100,0,0,0,6,2,-2,0,0,80,2,99,39,0,0,2816,218,0,13,0,956,103,0,26,0,460,0,0,18,0,272,0,0,0,0,0,4,0,49,0,0,21,9,9,0,0,9,9,0,0
6,5,0,36,4,14,0,1.000697,0.994949,1.010274,22,0,334,100,100,0,0,0,0,4,4,10,0,80,8,32,0,0,0,3120,240,0,0,0,965,119,0,0,0,450,23,0,0,0,272,0,0,0,0,68,0,0,0,0,0,39,0,0,0,0,0,0,0,0
6,5,1,34,4,14,0,1.010219,1.00068,1.011395,29,0,334,100,100,0,0,0,4,0,8,4,0,80,8,37,3,0,0,3120,180,0,1,0,965,114,0,2,0,450,11,0,6,0,272,0,0,0,0,68,0,0,7,0,0,28,3,0,0,0,0,0,0,0
6,5,2,47,4,14,0,1.008116,0.994614,1.005135,31,0,334,100,100,0,0,0,4,8,0,0,0,80,8,34,0,0,0,3120,174,0,0,0,965,119,0,0,0,450,22,0,0,0,272,0,0,0,0,68,0,0,0,0,0,33,0,0,0,0,0,0,0,0
6,5,3,42,4,14,0,1.008066,0.990898,1.011287,28,0,334,100,100,0,0,0,10,4,0,0,0,80,8,71,0,0,0,3120,174,0,0,0,965,139,0,0,0,450,11,0,4,0,272,0,0,0,0,68,0,0,4,0,0,23,2,0,0,0,0,0,0,0
6,6,0,37,1,8,0,0.999911,0.994231,1.010963,22,0,334,100,100,0,0,0,0,6,6,14,0,80,3,18,3,0,0,2945,203,0,1,0,977,141,0,2,0,488,9,0,32,0,245,0,0,4,0,0,0,16,33,0,0,55,16,0,0,0,0,0,0,0
6,6,1,34,1,8,0,1.010219,1.00068,1.011395,29,0,334,100,100,0,0,0,6,0,10,4,0,80,3,48,27,0,0,2945,217,0,9,0,977,123,0,18,0,488,0,0,26,0,245,0,0,7,0,0,4,28,41,0,0,38,13,3,0,0,3,3,0,0
6,6,2,39,1,8,0,1.009292,0.991842,1.007185,30,0,334,100,100,0,0,0,6,10,0,0,0,80,3,34,21,0,0,2945,199,0,7,0,977,126,0,14,0,488,0,0,36,0,245,0,0,10,0,0,4,40,53,0,0,46,18,5,0,0,5,5,0,0
6,6,3,42,1,8,0,1.008066,0.990898,1.011287,28,0,334,100,100,0,0,0,14,4,0,0,0,80,3,80,36,0,0,2945,216,0,12,0,977,151,0,24,0,488,0,0,20,0,245,0,0,6,0,0,1,24,40,0,0,29,10,4,0,0,4,4,0,0
6,7,0,28,0,10,0,1.003973,0.988155,1.023203,20,0,334,100,100,0,0,0,0,6,8,16,0,80,16,7,3,0,0,3056,221,0,1,0,987,156,0,2,0,508,10,0,6,0,267,0,0,1,0,51,0,4,7,0,0,58,3,0,0,0,0,0,0,0
6,7,1,34,0,10,0,1.010219,1.00068,1.011395,32,0,334,100,100,0,0,0,6,0,12,6,0,80,16,25,0,0,0,3056,183,0,0,0,987,150,0,0,0,508,3,0,8,0,267,0,0,1,0,51,0,4,8,0,0,42,4,0,0,0,0,0,0,0
6,7,2,38,0,10,0,1.008918,0.993428,1.008217,35,0,334,100,100,0,0,0,8,12,0,0,0,80,16,31,21,0,0,3056,241,0,7,0,987,133,0,14,0,508,0,0,8,0,267,0,0,2,0,51,1,8,17,0,0,49,4,1,0,0,1,1,0,0
6,7,3,42,0,10,0,1.008066,0.990898,1.011287,32,0,334,100,100,0,0,0,16,6,0,0,0,80,16,61,9,0,0,3056,171,0,3,0,987,181,0,6,0,508,0,0,10,0,267,0,0,1,0,51,0,4,13,0,0,34,5,0,0,0,0,0,0,0
6,8,0,17,2,23,0,1.008791,0.980529,1.03456,12,0,334,100,100,0,0,0,0,6,10,18,0,80,3,23,15,0,0,3046,188,0,5,0,992,161,0,10,0,496,1,0,10,0,272,0,0,0,0,0,0,0,15,0,0,63,5,0,0,0,0,0,0,0
6,8,1,28,2,23,0,1.002951,0.996536,1.011035,24,0,334,100,100,0,0,0,6,0,14,8,0,80,3,23,9,0,0,3046,202,0,3,0,992,165,0,6,0,496,1,0,14,0,272,0,0,0,0,0,0,0,17,0,0,49,7,0,0,0,0,0,0,0
6,8,2,35,2,23,0,1.010102,0.993517,1.0083,34,0,334,100,100,0,0,0,10,14,0,0,0,80,3,29,21,0,0,3046,196,0,7,0,992,140,0,14,0,496,1,0,8,0,272,0,0,0,0,0,1,0,17,0,0,52,4,1,0,0,1,1,0,0
6,8,3,41,2,23,0,1.009763,0.991442,1.011511,31,0,334,100,100,0,0,0,18,8,0,0,0,80,3,49,15,0,0,3046,218,0,5,0,992,207,0,10,0,496,0,0,12,0,272,0,0,0,0,0,0,0,17,0,0,40,6,0,0,0,0,0,0,0
6,9,0,14,2,17,1,1.005757,0.980593,1.036294,11,0,334,100,100,0,0,0,0,6,8,20,1,80,1,39,18,0,0,3113,165,0,6,0,989,167,0,12,0,510,1,0,0,0,270,0,0,0,0,0,5,0,10,0,0,61,0,2,0,0,2,2,0,0
6,9,1,25,2,17,1,1.009078,0.991093,1.014293,21,0,334,100,100,0,0,0,6,0,10,10,0,80,1,38,24,0,0,3113,166,0,8,0,989,173,0,16,0,510,1,0,4,0,270,0,0,2,0,0,8,8,16,0,0,49,2,2,0,0,2,2,0,0
6,9,2,31,2,17,1,1.009158,0.989732,1.004701,31,0,334,100,100,0,0,0,8,10,0,-2,0,80,1,37,21,0,0,3113,233,0,7,0,989,147,0,14,0,510,0,0,6,0,270,0,0,0,0,0,5,0,13,0,0,55,3,0,0,0,0,0,0,0
6,9,3,36,2,17,1,1.008775,0.989838,1.012692,27,0,334,100,100,0,0,0,20,10,-2,0,1,80,1,65,36,0,0,3113,165,0,12,0,989,219,0,24,0,510,0,0,2,0,270,0,0,0,0,0,0,0,16,0,0,40,1,1,0,0,1,1,0,0
6,10,0,14,2,1,0,1.005757,0.980593,1.036294,13,0,334,100,100,0,0,0,0,6,8,22,1,80,11,60,18,0,0,3016,177,0,6,0,989,173,0,12,0,544,1,0,0,0,254,0,0,0,0,5,9,0,8,0,0,60,0,1,0,0,1,1,0,0
6,10,1,25,2,1,0,1.009078,0.991093,1.014293,23,0,334,100,100,0,0,0,6,0,10,12,0,80,11,57,24,0,0,3016,189,0,8,0,989,181,0,16,0,544,1,0,0,0,254,0,0,9,0,5,51,36,10,0,0,48,0,1,0,0,1,1,0,0
6,10,2,32,2,1,0,1.011733,0.988916,1.006458,31,0,334,100,100,0,0,0,8,10,0,-2,0,80,11,41,21,0,0,3016,195,0,7,0,989,154,0,14,0,544,0,0,0,0,254,0,0,6,0,5,39,24,7,0,0,55,0,0,0,0,0,0,0,0
6,10,3,36,2,1,0,1.011149,0.988457,1.010153,27,0,334,100,100,0,0,0,22,12,-2,0,1,80,11,81,36,0,0,3016,205,0,12,0,989,231,0,24,0,544,0,0,0,0,254,0,0,3,0,5,9,12,20,0,0,36,0,4,0,0,4,4,0,0
6,11,0,15,6,3,0,1.006367,0.972778,1.034657,14,0,334,100,100,0,0,0,0,8,10,24,1,80,13,79,18,0,0,3032,189,0,6,0,989,179,0,12,0,542,1,0,0,0,257,0,0,0,0,0,11,0,6,0,0,60,0,0,0,0,0,0,0,0
6,11,1,25,6,3,0,1.011965,0.990013,1.020003,22,0,334,100,100,0,0,0,8,0,12,14,0,80,13,72,24,0,0,3032,196,0,8,0,989,189,0,16,0,542,1,0,0,0,257,0,0,9,0,0,86,36,10,0,0,47,0,1,0,0,1,1,0,0
6,11,2,34,6,3,0,1.01574,0.988756,1.008858,31,0,334,100,100,0,0,0,10,12,0,0,0,80,13,50,21,0,0,3032,236,0,7,0,989,161,0,14,0,542,0,0,2,0,257,0,0,3,0,0,68,12,11,0,0,55,1,1,0,0,1,1,0,0
6,11,3,36,6,3,0,1.008886,0.990334,1.011944,30,0,334,100,100,0,0,0,24,14,0,0,1,80,13,94,33,0,0,3032,158,0,11,0,989,242,0,22,0,542,0,0,0,0,257,0,0,3,0,0,27,12,17,0,0,33,0,3,0,0,3,3,0,0
6,12,0,15,2,10,0,1.009858,0.972366,1.040616,13,0,334,100,100,0,0,0,0,8,12,26,1,80,12,94,18,0,0,3096,168,0,6,0,989,185,0,12,0,525,0,0,4,0,272,0,0,0,0,0,14,0,12,0,0,61,2,1,0,0,1,1,0,0
6,12,1,21,2,10,0,1.01477,0.985483,1.015847,19,0,334,100,100,0,0,0,8,0,14,16,0,80,12,89,27,0,0,3096,162,0,9,0,989,198,0,18,0,525,0,0,10,0,272,0,0,0,0,0,78,0,21,0,0,51,5,1,0,0,1,1,0,0
6,12,2,33,2,10,0,1.020042,0.986426,1.006332,30,0,334,100,100,0,0,0,12,14,0,0,0,80,12,54,24,0,0,3096,194,0,8,0,989,169,0,16,0,525,0,0,4,0,272,0,0,0,0,0,71,0,14,0,0,56,2,1,0,0,1,1,0,0
6,12,3,33,2,10,0,1.012089,0.990686,1.013291,30,0,334,100,100,0,0,0,26,16,0,0,1,80,12,108,33,0,0,3096,199,0,11,0,989,250,0,22,0,525,1,0,2,0,272,0,0,0,0,0,26,0,17,0,0,32,1,2,0,0,2,2,0,0
6,13,0,15,2,2,0,1.009858,0.972366,1.040616,14,0,334,100,100,0,0,0,0,8,14,28,1,80,19,117,21,0,0,2960,178,0,7,0,983,192,0,14,0,527,0,0,0,0,272,0,0,0,0,8,14,0,9,0,0,60,0,1,0,0,1,1,0,0
6,13,1,21,2,2,0,1.01477,0.985483,1.015847,20,0,334,100,100,0,0,0,8,0,16,18,0,80,19,109,27,0,0,2960,156,0,9,0,983,207,0,18,0,527,0,0,8,0,272,0,0,0,0,8,76,0,19,0,0,54,4,1,0,0,1,1,0,0
6,13,2,32,2,2,0,1.019146,0.981145,1.010368,29,0,334,100,100,0,0,0,14,16,0,0,0,80,19,59,24,0,0,2960,241,0,8,0,983,177,0,16,0,527,0,0,6,0,272,0,0,0,0,8,70,0,16,0,0,58,3,1,0,0,1,1,0,0
6,13,3,34,2,2,0,1.011276,0.989511,1.014131,32,0,334,100,100,0,0,0,28,18,0,0,1,80,19,124,33,0,0,2960,243,0,11,0,983,261,0,22,0,527,0,0,4,0,272,0,0,0,0,8,26,0,17,0,0,33,2,1,0,0,1,1,0,0
6,14,0,16,2,1,0,1.004171,0.979601,1.042009,15,0,334,100,100,0,0,0,0,8,16,30,1,80,19,136,21,0,0,3144,188,0,7,0,983,199,0,14,0,538,0,0,0,0,258,0,0,3,0,0,22,12,7,0,0,60,0,0,0,0,0,0,0,0
6,14,1,21,2,1,0,1.01477,0.985483,1.015847,21,0,334,100,100,0,0,0,8,0,18,20,1,80,19,131,27,0,0,3144,150,0,9,0,983,216,0,18,0,538,0,0,0,0,258,0,0,8,0,0,110,32,9,0,0,54,0,0,0,0,0,0,0,0
6,14,2,31,2,1,0,1.017165,0.980395,1.010262,29,0,334,100,100,0,0,0,16,18,0,0,0,80,19,65,24,0,0,3144,201,0,8,0,983,185,0,16,0,538,0,0,4,0,258,0,0,3,0,0,90,12,14,0,0,59,2,1,0,0,1,1,0,0
6,14,3,35,2,1,0,1.015271,0.989189,1.013361,33,0,334,100,100,0,0,0,30,20,0,0,2,80,19,141,33,0,0,3144,198,0,11,0,983,272,0,22,0,538,0,0,2,0,258,0,0,0,0,0,42,0,15,0,0,33,1,1,0,0,1,1,0,0
6,15,0,18,7,4,0,1.003333,0.972025,1.033556,15,0,334,100,100,0,0,0,0,8,18,32,1,80,11,158,24,0,0,3088,164,0,8,0,980,207,0,16,0,529,0,0,0,0,263,0,0,0,0,0,29,0,10,0,0,59,0,1,0,0,1,1,0,0
6,15,1,21,7,4,0,1.007224,0.985607,1.015367,20,0,334,100,100,0,0,0,8,0,20,22,2,80,11,156,27,0,0,3088,136,0,9,0,980,225,0,18,0,529,1,0,8,0,263,0,0,0,0,0,110,0,17,0,0,58,4,0,0,0,0,0,0,0
6,15,2,31,7,4,0,1.015132,0.977292,1.010004,28,0,334,100,100,0,0,0,18,20,0,0,1,80,11,70,21,0,0,3088,163,0,7,0,980,192,0,14,0,529,0,0,6,0,263,0,0,3,0,0,103,12,15,0,0,61,3,1,0,0,1,1,0,0
6,15,3,36,7,4,0,1.014941,0.98904,1.011898,33,0,334,100,100,0,0,0,32,22,0,0,2,80,11,158,33,0,0,3088,232,0,11,0,980,283,0,22,0,529,0,0,0,0,263,0,0,6,0,0,70,24,13,0,0,32,0,1,0,0,1,1,0,0
6,16,0,19,2,0,0,0.999202,0.97191,1.03054,16,0,334,100,100,0,0,0,0,8,20,34,2,80,13,181,24,0,0,3056,178,0,8,0,977,215,0,16,0,526,0,0,0,0,267,0,0,3,0,8,40,12,10,0,0,58,0,1,0,0,1,1,0,0
6,16,1,22,2,0,0,1.012032,0.982947,1.013274,20,0,334,100,100,0,0,0,8,0,22,24,2,80,13,177,27,0,0,3056,122,0,9,0,977,234,0,18,0,526,1,0,6,0,267,0,0,0,0,8,110,0,17,0,0,60,3,1,0,0,1,1,0,0
6,16,2,31,2,0,0,1.015132,0.977292,1.010004,29,0,334,100,100,0,0,0,20,22,0,0,2,80,13,79,24,0,0,3056,212,0,8,0,977,200,0,16,0,526,0,0,8,0,267,0,0,1,0,8,106,4,18,0,0,64,4,1,0,0,1,1,0,0
6,16,3,36,2,0,0,1.014941,0.98904,1.011898,34,1,459,100,100,0,0,0,34,24,0,0,2,80,13,177,36,0,0,3056,184,0,12,0,977,295,0,24,0,526,0,0,4,0,267,0,0,1,0,8,56,4,35,0,0,16,2,18,0,0,1,1,0,0
6,17,0,19,3,9,0,0.999202,0.97191,1.03054,17,0,334,100,100,0,0,0,0,8,22,36,2,80,18,203,27,0,0,3056,190,0,9,0,974,224,0,18,0,521,1,0,2,0,272,0,0,0,0,8,36,0,13,0,0,58,1,1,0,0,1,1,0,0
6,17,1,21,3,9,0,1.013686,0.980685,1.008078,20,0,334,100,100,0,0,0,8,0,24,24,2,80,18,194,24,0,0,3056,108,0,8,0,974,242,0,16,0,521,1,0,6,0,272,0,0,0,0,8,111,0,16,0,0,62,3,1,0,0,1,1,0,0
6,17,2,25,3,9,0,1.010605,0.976619,1.006574,23,0,334,100,100,0,0,0,22,24,0,0,2,80,18,85,24,0,0,3056,173,0,8,0,974,208,0,16,0,521,0,0,8,0,272,0,0,0,0,8,97,0,18,0,0,67,4,1,0,0,1,1,0,0
6,17,3,37,3,9,0,1.018994,0.988022,1.010048,34,1,459,100,100,0,0,0,36,24,0,0,2,80,18,195,36,0,0,3056,216,0,12,0,974,307,0,24,0,521,0,0,6,0,272,0,0,0,0,8,53,0,20,0,0,18,3,1,0,0,1,1,0,0
6,18,0,20,5,3,0,1.003446,0.967688,1.035396,18,0,334,100,100,0,0,0,0,8,24,38,2,80,10,228,27,0,0,3136,162,0,9,0,974,233,0,18,0,514,1,0,6,0,272,0,0,0,0,0,36,0,17,0,0,60,3,1,0,0,1,1,0,0
6,18,1,20,5,3,0,1.018203,0.976332,1.004804,20,0,334,100,100,0,0,0,8,0,26,26,2,80,10,215,24,0,0,3136,95,0,8,0,974,250,0,16,0,514,0,0,10,0,272,0,0,0,0,0,108,0,18,0,0,67,5,0,0,0,0,0,0,0
6,18,2,24,5,3,0,1.013348,0.972301,1.011721,22,0,334,100,100,0,0,0,24,26,0,0,2,80,10,95,24,0,0,3136,180,0,8,0,974,216,0,16,0,514,1,0,2,0,272,0,0,0,0,0,102,0,12,0,0,67,1,1,0,0,1,1,0,0
6,18,3,40,5,3,0,1.020286,0.989514,1.013936,35,1,459,100,100,0,0,0,38,26,0,0,2,80,10,219,39,0,0,3136,166,0,13,0,974,320,0,26,0,514,1,0,8,0,272,0,0,0,0,0,47,0,23,0,0,21,4,1,0,0,1,1,0,0
6,19,0,18,4,6,0,0.996362,0.985562,1.044331,16,0,334,100,100,0,0,0,0,10,26,40,2,80,13,248,27,0,0,3016,173,0,9,0,974,242,0,18,0,514,1,0,0,0,272,0,0,0,0,8,34,0,11,0,0,59,0,1,0,0,1,1,0,0
6,19,1,22,4,6,0,1.021357,0.971679,0.998845,20,0,334,100,100,0,0,0,10,0,28,28,2,80,13,237,24,0,0,3016,83,0,8,0,974,258,0,16,0,514,1,0,8,0,272,0,0,0,0,8,109,0,16,0,0,71,4,0,0,0,0,0,0,0
6,19,2,23,4,6,0,1.009426,0.973813,1.008262,22,0,334,100,100,0,0,0,26,28,0,0,2,80,13,108,21,0,0,3016,189,0,7,0,974,223,0,14,0,514,1,0,6,0,272,0,0,0,0,8,104,0,15,0,0,69,3,1,0,0,1,1,0,0
6,19,3,39,4,6,0,1.019006,0.989515,1.011795,34,1,459,100,100,0,0,0,40,28,0,0,2,80,13,225,33,0,0,3016,195,0,11,0,974,331,0,22,0,514,0,0,10,0,272,0,0,0,0,8,39,0,25,0,0,24,5,2,0,0,2,2,0,0
6,20,0,18,1,0,0,0.996362,0.985562,1.044331,17,0,334,100,100,0,0,0,0,10,26,42,2,80,27,272,30,0,0,3008,185,0,10,0,980,252,0,20,0,541,1,0,0,0,256,0,0,0,0,8,31,0,12,0,0,58,0,1,0,0,1,1,0,0
6,20,1,22,1,0,0,1.021357,0.971679,0.998845,20,0,334,100,100,0,0,0,10,0,30,30,2,80,27,250,24,0,0,3008,77,0,8,0,980,266,0,16,0,541,1,0,0,0,256,0,0,7,0,8,144,28,10,0,0,70,0,1,0,0,1,1,0,0
6,20,2,23,1,0,0,1.009426,0.973813,1.008262,23,0,334,100,100,0,0,0,26,30,0,0,2,80,27,119,21,0,0,3008,199,0,7,0,980,230,0,14,0,541,0,0,4,0,256,0,0,0,0,8,110,0,11,0,0,71,2,0,0,0,0,0,0,0
6,20,3,40,1,0,0,1.018597,0.989082,1.012331,36,1,459,100,100,0,0,0,42,30,0,0,2,80,27,232,33,0,0,3008,233,0,11,0,980,342,0,22,0,541,0,0,0,0,256,0,0,9,0,8,77,36,15,0,0,22,0,2,0,0,2,2,0,0
6,21,0,19,3,4,0,1.002376,0.981406,1.043497,18,1,459,100,100,0,0,0,0,10,28,44,2,80,6,299,30,0,0,3176,157,0,10,0,980,262,0,20,0,519,1,0,0,0,270,0,0,0,0,0,21,0,27,0,0,41,0,17,0,0,0,0,0,0
6,21,1,21,3,4,0,1.030676,0.968823,0.999368,19,0,334,100,100,0,0,0,10,0,32,32,2,80,6,266,21,0,0,3176,72,0,7,0,980,273,0,14,0,519,1,0,6,0,270,0,0,0,0,0,146,0,15,0,0,72,3,1,0,0,1,1,0,0
6,21,2,23,3,4,0,1.012127,0.972217,1.014245,22,0,334,100,100,0,0,0,28,32,0,0,2,80,6,134,21,0,0,3176,169,0,7,0,980,237,0,14,0,519,1,0,2,0,270,0,0,0,0,0,118,0,9,0,0,72,1,0,0,0,0,0,0,0
6,21,3,39,3,4,0,1.016595,0.990643,1.012331,37,1,459,100,100,0,0,0,44,32,0,0,2,80,6,237,30,0,0,3176,183,0,10,0,980,352,0,20,0,519,0,0,12,0,270,0,0,0,0,0,70,0,24,0,0,27,6,1,0,0,1,1,0,0
6,22,0,20,3,6,0,1.002813,0.974322,1.03706,17,1,459,100,100,0,0,0,0,12,30,46,2,80,10,323,27,0,0,3000,169,0,9,0,983,271,0,18,0,528,1,0,0,0,272,0,0,0,0,5,22,0,11,0,0,40,0,1,0,0,1,1,0,0
6,22,1,22,3,6,0,1.035765,0.968256,0.996637,20,0,334,100,100,0,0,0,12,0,34,34,2,80,10,283,24,0,0,3000,67,0,8,0,983,281,0,16,0,528,0,0,6,0,272,0,0,0,0,5,147,0,16,0,0,74,3,1,0,0,1,1,0,0
6,22,2,21,3,6,0,1.014884,0.96188,1.009442,20,0,334,100,100,0,0,0,30,34,0,0,2,80,10,149,21,0,0,3000,187,0,7,0,983,244,0,14,0,528,0,0,4,0,272,0,0,0,0,5,119,0,13,0,0,73,2,1,0,0,1,1,0,0
6,22,3,36,3,6,0,1.017256,0.991554,1.017185,35,1,459,100,100,0,0,0,46,34,0,0,2,80,10,244,27,0,0,3000,207,0,9,0,983,361,0,18,0,528,0,0,8,0,272,0,0,0,0,5,68,0,19,0,0,30,4,1,0,0,1,1,0,0
6,23,0,13,3,12,0,1.002959,0.978899,1.050508,12,1,459,100,100,0,0,0,0,14,32,48,2,80,10,331,15,0,0,3088,184,0,5,0,989,276,0,10,0,522,1,0,0,0,270,0,0,0,0,0,22,0,7,0,0,39,0,1,0,0,1,1,0,0
6,23,1,19,3,12,0,1.042986,0.970351,0.98978,18,1,459,100,100,0,0,0,14,0,36,36,2,80,10,290,18,0,0,3088,63,0,6,0,989,287,0,12,0,522,1,0,8,0,270,0,0,0,0,0,130,0,33,0,0,60,4,18,0,0,1,1,0,0
6,23,2,20,3,12,0,1.017684,0.966943,1.00804,19,0,334,100,100,0,0,0,32,36,0,2,2,80,10,162,18,0,0,3088,208,0,6,0,989,250,0,12,0,522,1,0,2,0,270,0,0,0,0,0,126,0,8,0,0,74,1,0,0,0,0,0,0,0
6,23,3,38,3,12,0,1.017078,0.990947,1.022251,36,1,459,100,100,0,0,0,48,36,2,0,2,80,10,252,27,0,0,3088,162,0,9,0,989,370,0,18,0,522,0,0,10,0,270,0,0,2,0,0,77,8,19,0,0,35,5,0,0,0,0,0,0,0
6,24,0,11,4,5,0,1.012992,0.97305,1.050387,10,1,459,100,100,0,0,0,0,14,32,48,2,80,16,342,15,0,0,3096,166,0,5,0,1070,272,0,10,0,520,1,0,0,0,272,0,0,0,0,0,28,0,5,0,0,39,0,0,0,0,0,0,0,0
6,24,1,20,4,5,0,1.038582,0.970122,0.989721,19,1,459,100,100,0,0,0,14,0,38,38,2,80,16,303,18,0,0,3096,62,0,6,0,1070,278,0,12,0,520,0,0,10,0,272,0,0,0,0,0,131,0,16,0,0,65,5,0,0,0,0,0,0,0
6,24,2,20,4,5,0,1.025056,0.961545,1.01471,18,0,334,100,100,0,0,0,32,38,0,2,2,80,16,179,18,0,0,3096,182,0,6,0,1070,241,0,12,0,520,0,0,4,0,272,0,0,0,0,0,131,0,12,0,0,75,2,1,0,0,1,1,0,0
6,24,3,38,4,5,0,1.014538,0.989783,1.024395,35,1,459,100,100,0,0,0,48,38,2,0,2,80,16,256,24,0,0,3096,196,0,8,0,1070,357,0,16,0,520,0,0,12,0,272,0,0,0,0,0,72,0,22,0,0,40,6,1,0,0,1,1,0,0
6,25,0,11,0,3,0,1.012992,0.97305,1.050387,10,1,459,100,100,0,0,0,0,14,32,48,2,80,13,359,15,0,0,3000,190,0,5,0,1010,277,0,10,0,532,1,0,0,0,254,0,0,0,0,68,21,0,7,0,0,38,0,1,0,0,1,1,0,0
6,25,1,19,0,3,0,1.042986,0.970351,0.98978,19,1,459,100,100,0,0,0,14,0,40,40,2,80,13,319,18,0,0,3000,60,0,6,0,1010,284,0,12,0,532,1,0,2,0,254,0,0,6,0,68,147,24,8,0,0,66,1,0,0,0,0,0,0,0
6,25,2,19,0,3,0,1.022727,0.96153,1.015197,18,0,334,100,100,0,0,0,32,40,0,2,2,80,13,186,15,0,0,3000,205,0,5,0,1010,246,0,10,0,532,1,0,2,0,254,0,0,3,0,68,134,12,9,0,0,75,1,1,0,0,1,1,0,0
6,25,3,37,0,3,0,1.017172,0.99119,1.023662,35,1,459,100,100,0,0,0,48,40,2,0,2,80,13,260,27,0,0,3000,221,0,9,0,1010,366,0,18,0,532,0,0,6,0,254,0,0,9,0,68,91,36,17,0,0,42,3,1,0,0,1,1,0,0
6,26,0,13,9,2,0,1.016731,0.971499,1.06013,11,1,459,100,100,0,0,0,0,14,34,50,2,80,7,376,15,0,0,3176,174,0,5,0,1013,282,0,10,0,514,1,0,0,0,272,0,0,0,0,0,33,0,5,0,0,38,0,0,0,0,0,0,0,0
6,26,1,22,9,2,0,1.045712,0.964254,0.993014,19,1,459,100,100,0,0,0,14,0,42,42,2,80,7,334,18,0,0,3176,59,0,6,0,1013,290,0,12,0,514,0,0,10,0,272,0,0,0,0,0,148,0,16,0,0,71,5,0,0,0,0,0,0,0
6,26,2,21,9,2,0,1.027056,0.959667,1.012125,18,0,334,100,100,0,0,0,34,42,0,4,2,80,7,203,15,0,0,3176,181,0,5,0,1013,251,0,10,0,514,1,0,6,0,272,0,0,0,0,0,138,0,11,0,0,78,3,0,0,0,0,0,0,0
6,26,3,37,9,2,0,1.018445,0.988746,1.025428,35,1,459,100,100,0,0,0,50,42,4,0,2,80,7,271,27,0,0,3176,175,0,9,0,1013,375,0,18,0,514,0,0,12,0,272,0,0,0,0,0,85,0,23,0,0,47,6,1,0,0,1,1,0,0
6,27,0,12,4,5,0,1.011118,0.978501,1.054504,10,2,584,100,100,0,0,0,0,16,34,50,2,80,14,393,18,0,0,3016,187,0,6,0,1007,288,0,12,0,537,1,0,0,0,242,0,0,3,0,68,20,12,25,0,0,20,0,18,0,0,1,1,0,0
6,27,1,23,4,5,0,1.044299,0.962592,0.996389,19,1,459,100,100,0,0,0,16,0,44,44,2,80,14,343,18,0,0,3016,55,0,6,0,1007,296,0,12,0,537,1,0,4,0,242,0,0,6,0,68,160,24,12,0,0,72,2,1,0,0,1,1,0,0
6,27,2,20,4,5,0,1.032601,0.964446,1.018964,16,0,334,100,100,0,0,0,34,44,0,4,2,80,14,214,18,0,0,3016,178,0,6,0,1007,257,0,12,0,537,1,0,0,0,242,0,0,9,0,68,164,36,10,0,0,76,0,2,0,0,2,2,0,0
6,27,3,37,4,5,0,1.015639,0.987579,1.02706,35,1,459,100,100,0,0,0,50,44,4,0,2,80,14,276,27,0,0,3016,193,0,9,0,1007,384,0,18,0,537,0,0,2,0,242,0,0,12,0,68,120,48,13,0,0,47,1,1,0,0,1,1,0,0
6,28,0,13,4,4,0,1.010861,0.971518,1.055277,11,2,584,100,100,0,0,0,0,16,36,50,2,80,10,413,18,0,0,3080,169,0,6,0,1004,294,0,12,0,499,0,0,4,0,272,0,0,0,0,0,25,0,12,0,0,21,2,1,0,0,1,1,0,0
6,28,1,22,4,4,0,1.048648,0.959081,0.999821,18,1,459,100,100,0,0,0,16,0,46,46,2,80,10,354,18,0,0,3080,50,0,6,0,1004,302,0,12,0,499,1,0,18,0,272,0,0,0,0,0,145,0,28,0,0,79,9,2,0,0,2,2,0,0
6,28,2,21,4,4,0,1.031826,0.966235,1.016911,18,0,334,100,100,0,0,0,36,46,0,6,2,80,10,231,21,0,0,3080,175,0,7,0,1004,264,0,14,0,499,0,0,10,0,272,0,0,0,0,0,162,0,19,0,0,80,5,1,0,0,1,1,0,0
6,28,3,36,4,4,0,1.011446,0.993189,1.029652,34,2,584,100,100,0,0,0,50,46,6,0,2,80,10,282,24,0,0,3080,220,0,8,0,1004,392,0,16,0,499,0,0,12,0,272,0,0,0,0,0,98,0,39,0,0,35,6,18,0,0,1,1,0,0
6,29,0,13,1,2,0,1.010861,0.971518,1.055277,12,2,584,100,100,0,0,0,0,16,36,50,2,80,22,430,18,0,0,3112,182,0,6,0,1004,300,0,12,0,496,0,0,6,0,272,0,0,0,0,14,14,0,14,0,0,23,3,1,0,0,1,1,0,0
6,29,1,21,1,2,0,1.050482,0.962147,0.998872,19,1,459,100,100,0,0,0,16,0,48,46,2,80,22,362,18,0,0,3112,54,0,6,0,1004,308,0,12,0,496,1,0,18,0,272,0,0,0,0,14,133,0,26,0,0,87,9,1,0,0,1,1,0,0
6,29,2,21,1,2,0,1.041446,0.968605,1.018966,18,0,334,100,100,0,0,0,36,48,0,6,2,80,22,244,18,0,0,3112,172,0,6,0,1004,270,0,12,0,496,0,0,12,0,272,0,0,0,0,14,159,0,20,0,0,85,6,1,0,0,1,1,0,0
6,29,3,36,1,2,0,1.011446,0.993189,1.029652,35,2,584,100,100,0,0,0,50,46,6,0,2,80,22,289,27,0,0,3112,175,0,9,0,1004,401,0,18,0,496,0,0,12,0,272,0,0,0,0,14,92,0,23,0,0,40,6,1,0,0,1,1,0,0
6,30,0,12,2,4,0,1.023824,0.949957,1.04445,11,2,584,100,100,0,0,0,0,16,38,50,2,80,26,438,15,0,0,3064,164,0,5,0,1007,305,0,10,0,526,0,0,4,0,265,0,0,0,0,2,19,0,9,0,0,25,2,0,0,0,0,0,0,0
6,30,1,21,2,4,0,1.051153,0.955212,0.994314,19,1,459,100,100,0,0,0,16,0,50,48,2,80,26,374,18,0,0,3064,51,0,6,0,1007,314,0,12,0,526,0,0,6,0,265,0,0,2,0,2,142,8,14,0,0,89,3,1,0,0,1,1,0,0
6,30,2,20,2,4,0,1.040118,0.973977,1.017086,18,0,334,100,100,0,0,0,38,50,0,6,2,80,26,255,18,0,0,3064,177,0,6,0,1007,276,0,12,0,526,1,0,2,0,265,0,0,4,0,2,179,16,10,0,0,85,1,1,0,0,1,1,0,0
6,30,3,36,2,4,0,1.011446,0.993189,1.029652,36,2,584,100,100,0,0,0,50,48,6,0,2,80,26,290,27,0,0,3064,202,0,9,0,1007,410,0,18,0,526,0,0,6,0,265,0,0,1,0,2,98,4,15,0,0,43,3,0,0,0,0,0,0,0
6,31,0,14,7,3,0,1.024101,0.954483,1.042136,11,2,584,100,100,0,0,0,0,16,40,52,2,80,8,454,15,0,0,3040,179,0,5,0,1010,310,0,10,0,496,0,0,6,0,272,0,0,0,0,19,8,0,11,0,0,28,3,0,0,0,0,0,0,0
6,31,1,22,7,3,0,1.049646,0.954256,0.9992,19,1,459,100,100,0,0,0,16,0,52,50,2,80,8,387,18,0,0,3040,40,0,6,0,1010,320,0,12,0,496,4,0,14,0,272,0,0,0,0,19,135,0,22,0,0,95,7,1,0,0,1,1,0,0
6,31,2,21,7,3,0,1.040501,0.986081,1.017362,18,0,334,100,100,0,0,0,40,52,0,6,2,80,8,273,18,0,0,3040,183,0,6,0,1010,282,0,12,0,496,0,0,10,0,272,0,0,0,0,19,178,0,18,0,0,89,5,1,0,0,1,1,0,0
6,31,3,36,7,3,0,1.014201,0.994153,1.032267,35,2,584,100,100,0,0,0,52,50,6,0,2,80,8,295,24,0,0,3040,230,0,8,0,1010,418,0,16,0,496,0,0,12,0,272,0,0,0,0,19,95,0,20,0,0,49,6,0,0,0,0,0,0,0
6,32,0,15,4,0,0,1.023244,0.952137,1.040764,11,2,584,100,100,0,0,0,0,18,42,52,2,80,13,462,6,0,0,3112,194,0,2,0,1004,327,0,4,0,497,1,0,6,0,272,0,0,0,0,15,0,0,8,0,0,31,3,0,0,0,0,0,0,0
6,32,1,23,4,0,0,1.050991,0.954021,0.999893,20,2,584,100,100,0,0,0,18,0,56,54,2,80,13,400,18,0,0,3112,31,0,6,0,1004,326,0,12,0,497,10,0,16,0,272,0,0,0,0,15,111,0,41,0,0,85,8,18,0,0,1,1,0,0
6,32,2,23,4,0,0,1.041647,0.98774,1.021426,19,1,459,100,100,0,0,0,42,56,0,6,2,80,13,290,21,0,0,3112,194,0,7,0,1004,289,0,14,0,497,1,0,8,0,272,0,0,0,0,15,161,0,34,0,0,75,4,18,0,0,1,1,0,0
6,32,3,36,4,0,0,1.014201,0.994153,1.032267,35,2,584,100,100,0,0,0,52,54,6,0,2,80,13,296,24,0,0,3112,185,0,8,0,1004,426,0,16,0,497,1,0,8,0,272,0,0,0,0,15,96,0,18,0,0,52,4,1,0,0,1,1,0,0
6,33,0,14,1,4,0,1.026014,0.950005,1.038727,11,2,584,100,100,0,0,0,0,20,44,54,3,80,19,482,21,0,0,3104,171,0,7,0,998,334,0,14,0,497,0,0,8,0,272,0,0,0,0,0,2,0,15,0,0,35,4,0,0,0,0,0,0,0
6,33,1,22,1,4,0,1.050158,0.953666,0.99964,20,2,584,100,100,0,0,0,20,0,60,58,3,80,19,409,18,0,0,3104,21,0,6,0,998,332,0,12,0,497,14,0,16,0,272,0,0,0,0,0,104,0,24,0,0,92,8,1,0,0,1,1,0,0
6,33,2,22,1,4,0,1.039154,0.988766,1.023191,19,1,459,100,100,0,0,0,44,60,0,6,2,80,19,296,18,0,0,3104,164,0,6,0,998,295,0,12,0,497,1,0,10,0,272,0,0,0,0,0,158,0,20,0,0,78,5,2,0,0,2,2,0,0
6,33,3,36,1,4,0,1.012977,0.99205,1.032968,35,2,584,100,100,0,0,0,54,58,6,0,2,80,19,300,24,0,0,3104,212,0,8,0,998,434,0,16,0,497,1,0,10,0,272,0,0,0,0,0,95,0,18,0,0,57,5,0,0,0,0,0,0,0
6,34,0,16,3,2,0,1.031272,0.948012,1.039529,11,2,584,100,100,0,0,0,0,24,46,56,3,80,12,503,21,0,0,3103,181,0,7,0,1007,341,0,14,0,544,0,0,0,0,227,2,0,4,0,17,11,16,7,0,0,35,0,0,0,0,0,0,0,0
6,34,1,23,3,2,0,1.053585,0.953531,1.000155,21,2,584,100,100,0,0,0,24,0,64,62,3,80,12,424,18,0,0,3103,13,0,6,0,1007,338,0,12,0,544,0,0,14,0,227,10,0,8,0,17,126,32,22,0,0,98,7,1,0,0,1,1,0,0
6,34,2,22,3,2,0,1.039154,0.988766,1.023191,21,1,459,100,100,0,0,0,46,64,0,6,2,80,12,311,18,0,0,3103,183,0,6,0,1007,301,0,12,0,544,1,0,0,0,227,0,0,12,0,17,215,48,8,0,0,77,0,1,0,0,1,1,0,0
6,34,3,34,3,2,0,1.01568,0.990079,1.030809,33,2,584,100,100,0,0,0,56,62,6,0,2,80,12,297,21,0,0,3103,168,0,7,0,1007,441,0,14,0,544,1,0,0,0,227,0,0,6,0,17,132,24,9,0,0,56,0,1,0,0,1,1,0,0
6,35,0,17,5,2,0,1.032942,0.945072,1.040157,11,3,709,100,100,0,0,0,0,26,48,56,3,80,14,529,24,0,0,3022,188,0,8,0,1004,349,0,16,0,517,1,0,4,0,251,0,0,5,0,65,0,20,31,0,0,19,2,18,0,0,1,1,0,0
6,35,1,24,5,2,0,1.056469,0.953841,1.001831,22,2,584,100,100,0,0,0,26,0,68,66,3,80,14,440,21,0,0,3022,12,0,7,0,1004,345,0,14,0,517,1,0,8,0,251,13,0,8,0,65,141,32,17,0,0,101,4,1,0,0,1,1,0,0
6,35,2,21,5,2,0,1.041141,0.990751,1.022641,20,1,459,100,100,0,0,0,48,68,0,6,2,80,14,320,18,0,0,3022,194,0,6,0,1004,307,0,12,0,517,1,0,8,0,251,0,0,2,0,65,209,8,14,0,0,81,4,0,0,0,0,0,0,0
6,35,3,36,5,2,0,1.017555,0.990179,1.029864,34,2,584,100,100,0,0,0,56,66,6,0,2,80,14,300,21,0,0,3022,198,0,7,0,1004,448,0,14,0,517,0,0,6,0,251,0,0,5,0,65,142,20,13,0,0,59,3,0,0,0,0,0,0,0
6,36,0,18,4,3,0,1.040956,0.950914,1.042881,12,3,709,100,100,0,0,0,0,28,50,58,3,80,5,548,21,0,0,3092,163,0,7,0,1004,356,0,14,0,514,1,0,6,0,242,1,0,5,0,0,14,20,15,0,0,21,3,1,0,0,1,1,0,0
6,36,1,25,4,3,0,1.056239,0.953589,1.001745,23,2,584,100,100,0,0,0,28,0,72,70,3,80,5,454,21,0,0,3092,12,0,7,0,1004,352,0,14,0,514,0,0,12,0,242,15,0,8,0,0,165,32,21,0,0,106,6,1,0,0,1,1,0,0
6,36,2,19,4,3,0,1.04062,0.992361,1.026085,18,1,459,100,100,0,0,0,50,72,0,6,2,80,5,335,18,0,0,3092,166,0,6,0,1004,313,0,12,0,514,0,0,4,0,242,0,0,6,0,0,241,24,12,0,0,82,2,1,0,0,1,1,0,0
6,36,3,37,4,3,0,1.016403,0.98872,1.033142,34,2,584,100,100,0,0,0,58,70,6,0,2,80,5,305,21,0,0,3092,234,0,7,0,1004,455,0,14,0,514,1,0,8,0,242,0,0,6,0,0,173,24,17,0,0,62,4,1,0,0,1,1,0,0
6,37,0,19,3,0,0,1.042091,0.946467,1.04264,13,3,709,100,100,0,0,0,0,30,52,60,3,80,16,569,24,0,0,3099,168,0,8,0,1001,364,0,16,0,490,2,0,10,0,272,0,0,1,0,16,1,4,20,0,0,25,5,1,0,0,1,1,0,0
6,37,1,26,3,0,0,1.057068,0.952554,1.000613,24,2,584,100,100,0,0,0,30,0,76,74,3,80,16,469,24,0,0,3099,11,0,8,0,1001,360,0,16,0,490,6,0,16,0,272,7,0,8,0,16,188,32,26,0,0,113,8,1,0,0,1,1,0,0
6,37,2,19,3,0,0,1.04062,0.992361,1.026085,19,1,459,100,100,0,0,0,52,76,0,6,2,80,16,348,18,0,0,3099,180,0,6,0,1001,319,0,12,0,490,0,0,8,0,272,0,0,0,0,16,242,0,14,0,0,86,4,0,0,0,0,0,0,0
6,37,3,38,3,0,0,1.017692,0.988427,1.0308,35,2,584,100,100,0,0,0,60,74,6,0,2,80,16,300,21,0,0,3099,189,0,7,0,1001,462,0,14,0,490,0,0,14,0,272,0,0,0,0,16,167,0,23,0,0,68,7,1,0,0,1,1,0,0
6,38,0,19,4,4,0,1.053575,0.944108,1.043172,13,3,709,100,100,0,0,0,0,34,54,62,3,80,19,568,0,0,0,3017,180,0,0,0,1001,385,0,0,0,501,12,0,4,0,267,0,0,0,0,16,0,0,4,0,0,27,2,0,0,0,0,0,0,0
6,38,1,25,4,4,0,1.06159,0.948762,1.002754,23,2,584,100,100,0,0,0,34,0,80,78,3,80,19,477,18,0,0,3017,13,0,6,0,1001,366,0,12,0,501,10,0,16,0,267,0,0,7,0,16,209,28,24,0,0,120,8,1,0,0,1,1,0,0
6,38,2,19,4,4,0,1.036869,0.987553,1.02409,18,1,459,100,100,0,0,0,54,80,0,6,2,80,19,360,18,0,0,3017,186,0,6,0,1001,325,0,12,0,501,0,0,4,0,267,0,0,0,0,16,247,0,10,0,0,88,2,0,0,0,0,0,0,0
6,38,3,39,4,4,0,1.018166,0.987003,1.031738,36,2,584,100,100,0,0,0,62,78,6,0,2,80,19,294,21,0,0,3017,223,0,7,0,1001,469,0,14,0,501,1,0,4,0,267,0,0,5,0,16,191,20,13,0,0,69,2,1,0,0,1,1,0,0
6,39,0,20,3,2,0,1.053268,0.945744,1.039877,13,3,709,100,100,0,0,0,0,38,56,64,3,80,6,588,21,0,0,3140,185,0,7,0,1004,392,0,14,0,544,0,0,12,0,216,10,0,6,0,11,7,24,23,0,0,31,6,2,0,0,2,2,0,0
6,39,1,25,3,2,0,1.063715,0.946826,1.00094,23,2,584,100,100,0,0,0,38,0,82,82,3,80,6,491,18,0,0,3140,13,0,6,0,1004,372,0,12,0,544,0,0,10,0,216,16,0,8,0,11,240,32,18,0,0,124,5,1,0,0,1,1,0,0
6,39,2,19,3,2,0,1.036869,0.987553,1.02409,18,1,459,100,100,0,0,0,56,82,0,6,2,80,6,371,18,0,0,3140,160,0,6,0,1004,331,0,12,0,544,0,0,0,0,216,0,0,3,0,11,268,12,8,0,0,87,0,1,0,0,1,1,0,0
6,39,3,39,3,2,0,1.019513,0.989393,1.027041,36,2,584,100,100,0,0,0,64,82,6,0,2,80,6,297,24,0,0,3140,175,0,8,0,1004,477,0,16,0,544,1,0,0,0,216,0,0,13,0,11,250,52,10,0,0,68,0,1,0,0,1,1,0,0
6,40,0,22,6,1,0,1.052227,0.945451,1.043994,15,3,709,100,100,0,0,0,0,42,58,66,3,80,4,607,21,0,0,3020,189,0,7,0,1007,399,0,14,0,490,1,0,14,0,254,6,0,7,0,32,8,28,27,0,0,35,7,3,0,0,3,3,0,0
6,40,1,25,6,1,0,1.060981,0.950788,1.003381,23,3,709,100,100,0,0,0,42,0,86,86,3,80,4,501,18,0,0,3020,13,0,6,0,1007,378,0,12,0,490,11,0,16,0,254,11,0,8,0,32,240,32,41,0,0,114,8,18,0,0,1,1,0,0
6,40,2,21,6,1,0,1.041668,0.986593,1.02259,19,1,459,100,100,0,0,0,58,86,0,6,2,80,4,390,18,0,0,3020,166,0,6,0,1007,337,0,12,0,490,1,0,2,0,254,0,0,6,0,32,296,24,8,0,0,88,1,0,0,0,0,0,0,0
6,40,3,40,6,1,0,1.019613,0.988712,1.024309,37,2,584,100,100,0,0,0,66,86,6,0,2,80,4,303,24,0,0,3020,215,0,8,0,1007,485,0,16,0,490,0,0,10,0,254,0,0,6,0,32,269,24,20,0,0,72,5,1,0,0,1,1,0,0
5,1,0,52,7,1,0,0.996168,0.990902,0.998967,0,0,334,100,100,0,0,0,0,0,2,2,0,80,7,58,39,0,0,2816,200,0,13,0,932,63,0,26,0,482,1,0,48,0,218,17,0,24,0,68,84,96,79,0,0,15,24,9,0,0,9,9,0,0
5,1,1,52,7,1,0,0.996266,0.989037,0.998898,0,0,334,100,100,0,0,0,0,0,2,2,0,80,7,53,39,0,0,2816,200,0,13,0,932,63,0,26,0,482,1,0,46,0,218,15,0,24,0,68,86,96,77,0,0,14,23,9,0,0,9,9,0,0
5,1,2,52,7,1,0,0.995525,0.990894,0.996866,0,0,334,100,100,0,0,0,2,2,0,0,0,80,7,56,36,0,0,2816,201,0,12,0,932,62,0,24,0,482,5,0,48,0,218,13,0,24,0,68,85,96,78,0,0,15,24,9,0,0,9,9,0,0
5,1,3,50,7,1,0,0.994246,0.988953,0.996393,0,0,334,100,100,0,0,0,2,2,0,0,0,80,7,58,39,0,0,2816,200,0,13,0,932,63,0,26,0,482,1,0,48,0,218,13,0,24,0,68,84,96,79,0,0,15,24,9,0,0,9,9,0,0
5,2,0,53,5,3,0,0.998163,0.989611,0.999162,9,0,334,100,100,0,0,0,0,0,4,4,0,80,0,66,45,0,0,2808,229,0,15,0,926,78,0,30,0,470,1,0,22,0,229,0,0,21,0,0,130,84,55,0,0,17,11,9,0,0,9,9,0,0
5,2,1,52,5,3,0,0.995963,0.988227,0.996318,9,0,334,100,100,0,0,0,0,0,4,4,0,80,0,57,39,0,0,2808,231,0,13,0,926,76,0,26,0,470,1,0,22,0,229,0,0,23,0,0,142,92,53,0,0,16,11,9,0,0,9,9,0,0
5,2,2,53,5,3,0,0.994513,0.991527,0.996727,9,0,334,100,100,0,0,0,4,4,0,2,0,80,0,65,36,0,0,2808,241,0,12,0,926,74,0,24,0,470,0,0,20,0,229,0,0,26,0,0,156,104,50,0,0,16,10,9,0,0,9,9,0,0
5,2,3,50,5,3,0,0.990808,0.986999,0.999215,9,0,334,100,100,0,0,0,4,4,2,0,0,80,0,63,33,0,0,2808,235,0,11,0,926,74,0,22,0,470,0,0,16,0,229,7,0,24,0,0,152,96,45,0,0,14,8,9,0,0,9,9,0,0
5,3,0,54,6,9,0,1.000376,0.990536,0.999487,18,0,334,100,100,0,0,0,0,0,6,6,0,80,1,76,45,0,0,3200,161,0,15,0,937,93,0,30,0,412,0,0,34,0,251,0,0,4,0,0,96,16,67,0,0,25,17,9,0,0,9,9,0,0
5,3,1,50,6,9,0,0.996153,0.987195,0.996216,18,0,334,100,100,0,0,0,0,0,6,6,0,80,1,59,36,0,0,3200,167,0,12,0,937,86,0,24,0,412,1,0,30,0,251,0,0,9,0,0,134,36,60,0,0,22,15,9,0,0,9,9,0,0
5,3,2,51,6,9,0,0.993254,0.988704,0.994075,18,0,334,100,100,0,0,0,6,6,0,2,0,80,1,67,36,0,0,3200,176,0,12,0,937,86,0,24,0,412,1,0,26,0,251,0,0,8,0,0,148,32,56,0,0,20,13,9,0,0,9,9,0,0
5,3,3,50,6,9,0,0.993302,0.988248,1.001792,17,0,334,100,100,0,0,0,6,6,2,0,0,80,1,64,33,0,0,3200,174,0,11,0,937,85,0,22,0,412,1,0,38,0,251,0,0,7,0,0,129,28,67,0,0,24,19,9,0,0,9,9,0,0
5,4,0,53,2,7,0,1.000454,0.988551,1.000024,26,0,334,100,100,0,0,0,0,2,8,8,0,80,5,87,48,0,0,2832,187,0,16,0,935,109,0,32,0,534,0,0,2,0,179,0,0,21,0,0,160,84,36,0,0,17,1,9,0,0,9,9,0,0
5,4,1,49,2,7,0,0.99848,0.986004,0.995606,26,0,334,100,100,0,0,0,2,0,8,8,0,80,5,65,36,0,0,2832,177,0,12,0,935,98,0,24,0,534,1,0,2,0,179,9,0,21,0,0,202,84,32,0,0,14,1,9,0,0,9,9,0,0
5,4,2,49,2,7,0,0.993127,0.989688,0.996444,26,0,334,100,100,0,0,0,8,8,0,2,0,80,5,63,33,0,0,2832,202,0,11,0,935,97,0,22,0,534,0,0,4,0,179,0,0,21,0,0,216,84,33,0,0,13,2,9,0,0,9,9,0,0
5,4,3,49,2,7,0,0.993335,0.988919,1.003017,26,0,334,100,100,0,0,0,8,8,2,0,0,80,5,61,33,0,0,2832,209,0,11,0,935,96,0,22,0,534,0,0,4,0,179,0,0,21,0,0,194,84,33,0,0,17,2,9,0,0,9,9,0,0
5,5,0,53,5,1,0,1.000454,0.988551,1.000024,35,0,334,100,100,0,0,0,0,2,10,10,0,80,2,101,48,0,0,2848,214,0,16,0,935,125,0,32,0,457,1,0,14,0,209,0,0,18,0,0,201,72,48,0,0,15,7,9,0,0,9,9,0,0
5,5,1,50,5,1,0,0.999719,0.986238,0.996167,35,0,334,100,100,0,0,0,2,0,10,10,0,80,2,74,39,0,0,2848,187,0,13,0,935,111,0,26,0,457,0,0,40,0,209,0,0,9,0,0,188,36,67,0,0,27,20,7,0,0,7,7,0,0
5,5,2,51,5,1,0,0.994276,0.989917,0.996457,35,0,334,100,100,0,0,0,10,10,0,2,0,80,2,65,33,0,0,2848,230,0,11,0,935,108,0,22,0,457,0,0,18,0,209,0,0,21,0,0,274,84,43,0,0,15,9,7,0,0,7,7,0,0
5,5,3,50,5,1,0,0.997493,0.987927,1.002221,34,0,334,100,100,0,0,0,10,10,2,0,0,80,2,63,33,0,0,2848,237,0,11,0,935,107,0,22,0,457,1,0,14,0,209,1,0,23,0,0,264,92,39,0,0,17,7,7,0,0,7,7,0,0
5,6,0,52,0,22,0,0.99989,0.988397,0.99872,44,0,334,100,100,0,0,0,0,2,12,12,0,80,6,116,45,0,0,3032,242,0,15,0,932,140,0,30,0,449,1,0,18,0,207,0,0,18,0,6,245,72,41,0,0,20,9,4,0,0,4,4,0,0
5,6,1,48,0,22,0,0.997201,0.985915,0.996403,41,0,334,100,100,0,0,0,2,0,12,12,0,80,6,75,36,0,0,3032,197,0,12,0,932,123,0,24,0,449,0,0,24,0,207,0,0,21,0,6,243,84,44,0,0,35,12,4,0,0,4,4,0,0
5,6,2,38,0,22,0,1.006844,0.996438,1.003987,33,1,459,100,100,0,0,0,12,12,0,2,0,80,6,61,33,0,0,3032,168,0,11,0,932,119,0,22,0,449,0,0,18,0,207,7,0,14,0,6,285,56,52,0,0,4,9,20,0,0,3,3,0,0
5,6,3,44,0,22,0,1.000447,0.992742,1.008174,37,0,334,100,100,0,0,0,12,12,2,0,0,80,6,63,33,0,0,3032,176,0,11,0,932,118,0,22,0,449,1,0,32,0,207,0,0,6,0,6,247,24,51,0,0,29,16,4,0,0,4,4,0,0
5,7,0,49,3,10,2,1.001068,0.990594,1.002485,46,1,459,100,100,0,0,0,0,2,14,8,0,80,3,128,45,0,0,3032,175,0,15,0,941,155,0,30,0,516,0,0,6,0,218,0,0,15,0,0,279,60,42,0,0,4,3,19,0,0,2,2,0,0
5,7,1,46,3,10,2,1.001093,0.985098,0.998568,42,1,459,100,100,0,0,0,2,0,12,6,0,80,3,82,36,0,0,3032,193,0,12,0,941,135,0,24,0,516,1,0,4,0,218,0,0,12,0,0,270,48,37,0,0,18,2,19,0,0,2,2,0,0
5,7,2,36,3,10,2,1.007098,0.996838,1.004914,34,1,459,100,100,0,0,0,14,12,0,2,0,80,3,72,33,0,0,3032,159,0,11,0,941,130,0,22,0,516,1,0,14,0,218,0,0,7,0,0,299,28,27,0,0,10,7,1,0,0,1,1,0,0
5,7,3,44,3,10,2,0.997378,0.993146,1.007664,40,1,459,100,100,0,0,0,8,6,2,0,0,80,3,71,33,0,0,3032,177,0,11,0,941,129,0,22,0,516,0,0,4,0,218,11,0,16,0,0,291,64,34,0,0,13,2,18,0,0,1,1,0,0
5,8,0,48,3,11,1,1.00226,0.990618,1.004976,46,1,459,100,100,0,0,0,0,2,10,8,0,80,3,142,45,0,0,2960,183,0,15,0,938,170,0,30,0,405,1,0,34,0,260,0,0,1,0,0,248,4,51,0,0,20,17,1,0,0,1,1,0,0
5,8,1,44,3,11,1,1.00351,0.986643,0.999635,41,1,459,100,100,0,0,0,2,0,14,8,0,80,3,88,36,0,0,2960,191,0,12,0,938,147,0,24,0,405,0,0,30,0,260,0,0,5,0,0,261,20,44,0,0,32,15,1,0,0,1,1,0,0
5,8,2,31,3,11,1,1.008784,1.000726,1.007059,31,1,459,100,100,0,0,0,10,14,0,4,0,80,3,85,33,0,0,2960,152,0,11,0,938,141,0,22,0,405,1,0,22,0,260,0,0,3,0,0,292,12,33,0,0,21,11,0,0,0,0,0,0,0
5,8,3,44,3,11,1,0.996722,0.988666,1.009603,40,1,459,100,100,0,0,0,8,8,4,0,0,80,3,75,33,0,0,2960,186,0,11,0,938,140,0,22,0,405,1,0,34,0,260,0,0,14,0,0,315,56,49,0,0,28,17,2,0,0,2,2,0,0
5,9,0,46,6,18,0,1.004315,0.990192,1.012408,42,1,459,100,100,0,0,0,0,4,12,10,0,80,0,156,45,0,0,2952,184,0,15,0,941,185,0,30,0,437,1,0,20,0,272,0,0,0,0,0,234,0,37,0,0,29,10,1,0,0,1,1,0,0
5,9,1,43,6,18,0,1.008659,0.983134,1.004261,39,1,459,100,100,0,0,0,4,0,16,10,0,80,0,98,33,0,0,2952,200,0,11,0,941,158,0,22,0,437,0,0,24,0,272,0,0,0,0,0,240,0,37,0,0,43,12,1,0,0,1,1,0,0
5,9,2,29,6,18,0,1.013611,0.994219,1.010975,28,1,459,100,100,0,0,0,12,16,0,4,0,80,0,101,30,0,0,2952,151,0,10,0,941,151,0,20,0,437,1,0,16,0,272,0,0,0,0,0,279,0,26,0,0,29,8,0,0,0,0,0,0,0
5,9,3,37,6,18,0,1.000203,0.983287,1.010725,35,1,459,100,100,0,0,0,10,10,4,0,0,80,0,75,27,0,0,2952,205,0,9,0,941,149,0,18,0,437,1,0,26,0,272,0,0,0,0,0,294,0,37,0,0,40,13,1,0,0,1,1,0,0
5,10,0,47,6,3,0,1.00418,0.990325,1.012339,43,1,459,100,100,0,0,0,0,4,14,12,0,80,1,172,45,0,0,3008,195,0,15,0,953,200,0,30,0,460,0,0,20,0,240,0,0,10,0,0,252,40,39,0,0,37,10,2,0,0,2,2,0,0
5,10,1,41,6,3,0,1.009568,0.982766,1.002891,38,1,459,100,100,0,0,0,4,0,18,12,0,80,1,102,30,0,0,3008,219,0,10,0,953,168,0,20,0,460,1,0,26,0,240,0,0,6,0,0,241,24,40,0,0,54,13,2,0,0,2,2,0,0
5,10,2,31,6,3,0,1.012768,0.998712,1.010321,28,1,459,100,100,0,0,0,14,18,0,6,0,80,1,120,30,0,0,3008,160,0,10,0,953,161,0,20,0,460,0,0,16,0,240,0,0,6,0,0,292,24,28,0,0,36,8,1,0,0,1,1,0,0
5,10,3,39,6,3,0,1.003414,0.984812,1.015212,35,1,459,100,100,0,0,0,12,12,6,0,0,80,1,85,27,0,0,3008,159,0,9,0,953,158,0,18,0,460,1,0,20,0,240,0,0,10,0,0,319,40,31,0,0,49,10,1,0,0,1,1,0,0
5,11,0,45,4,8,0,1.001681,0.992009,1.013439,43,1,459,100,100,0,0,0,0,6,16,14,0,80,1,192,48,0,0,2992,204,0,16,0,953,216,0,32,0,423,1,0,26,0,270,0,0,0,0,5,223,0,44,0,0,49,13,1,0,0,1,1,0,0
5,11,1,38,4,8,0,1.008585,0.984614,1.001558,37,1,459,100,100,0,0,0,6,0,20,14,1,80,1,102,24,0,0,2992,170,0,8,0,953,176,0,16,0,423,0,0,34,0,270,0,0,0,0,5,216,0,44,0,0,70,17,1,0,0,1,1,0,0
5,11,2,30,4,8,0,1.017241,0.994818,1.015142,28,1,459,100,100,0,0,0,16,20,0,8,1,80,1,136,30,0,0,2992,167,0,10,0,953,171,0,20,0,423,0,0,18,0,270,0,0,0,0,5,273,0,28,0,0,45,9,0,0,0,0,0,0,0
5,11,3,41,4,8,0,1.007168,0.987347,1.016601,36,1,459,100,100,0,0,0,14,14,8,0,0,80,1,91,27,0,0,2992,191,0,9,0,953,167,0,18,0,423,1,0,34,0,270,0,0,2,0,5,297,8,47,0,0,64,17,2,0,0,2,2,0,0
5,12,0,47,4,3,0,0.999632,0.989671,1.011788,43,1,459,100,100,0,0,0,0,6,18,16,0,80,5,210,45,0,0,2936,216,0,15,0,959,231,0,30,0,533,1,0,2,0,221,0,0,12,0,0,269,48,19,0,0,49,1,1,0,0,1,1,0,0
5,12,1,36,4,3,0,1.011102,0.982192,1.003266,36,1,459,100,100,0,0,0,6,0,22,16,1,80,5,102,21,0,0,2936,189,0,7,0,959,183,0,14,0,533,1,0,4,0,221,0,0,13,0,0,274,52,11,0,0,72,2,0,0,0,0,0,0,0
5,12,2,30,4,3,0,1.017241,0.994818,1.015142,28,1,459,100,100,0,0,0,18,22,0,8,1,80,5,151,30,0,0,2936,175,0,10,0,959,181,0,20,0,533,1,0,0,0,221,0,0,9,0,0,314,36,12,0,0,44,0,1,0,0,1,1,0,0
5,12,3,42,4,3,0,1.007852,0.986473,1.01659,38,1,459,100,100,0,0,0,16,16,8,0,0,80,5,94,27,0,0,2936,221,0,9,0,959,176,0,18,0,533,0,0,4,0,221,0,0,14,0,0,353,56,17,0,0,64,2,2,0,0,2,2,0,0
5,13,0,46,4,11,0,0.999486,0.989068,1.011408,43,1,459,100,100,0,0,0,0,8,20,16,1,80,6,223,42,0,0,3088,155,0,14,0,962,245,0,28,0,472,0,0,28,0,233,0,0,6,0,2,264,24,46,0,0,61,14,2,0,0,2,2,0,0
5,13,1,37,4,11,0,1.012686,0.97995,1.005418,36,1,459,100,100,0,0,0,8,0,24,18,1,80,6,108,21,0,0,3088,210,0,7,0,962,190,0,14,0,472,0,0,16,0,233,0,0,6,0,2,290,24,23,0,0,80,8,0,0,0,0,0,0,0
5,13,2,31,4,11,0,1.019015,0.992813,1.020211,29,1,459,100,100,0,0,0,20,24,0,8,2,80,6,171,30,0,0,3088,183,0,10,0,962,191,0,20,0,472,0,0,10,0,233,0,0,9,0,2,345,36,22,0,0,48,5,1,0,0,1,1,0,0
5,13,3,34,4,11,0,1.016378,0.993151,1.017653,30,1,459,100,100,0,0,0,16,18,8,0,0,80,6,94,27,0,0,3088,170,0,9,0,962,185,0,18,0,472,1,0,20,0,233,8,0,10,0,2,367,40,31,0,0,73,10,1,0,0,1,1,0,0
5,14,0,39,3,20,0,0.999251,0.986485,1.010075,38,1,459,100,100,0,0,0,0,8,22,18,1,80,1,223,27,0,0,3048,156,0,9,0,965,254,0,18,0,487,1,0,14,0,209,0,0,15,0,0,320,60,23,0,0,68,7,0,0,0,0,0,0,0
5,14,1,34,3,20,0,1.008908,0.979959,1.000744,34,1,459,100,100,0,0,0,8,0,26,20,2,80,1,105,18,0,0,3048,167,0,6,0,965,196,0,12,0,487,1,0,8,0,209,0,0,15,0,0,352,60,14,0,0,84,4,0,0,0,0,0,0,0
5,14,2,27,3,20,0,1.020789,0.99238,1.023343,26,1,459,100,100,0,0,0,22,26,0,10,2,80,1,176,21,0,0,3048,193,0,7,0,965,198,0,14,0,487,0,0,12,0,209,0,0,9,0,0,375,36,21,0,0,53,6,1,0,0,1,1,0,0
5,14,3,31,3,20,0,1.017765,0.995921,1.012609,27,2,584,100,100,0,0,0,18,20,10,0,1,80,1,95,18,0,0,3048,154,0,6,0,965,191,0,12,0,487,1,0,12,0,209,22,0,10,0,0,387,40,37,0,0,61,6,18,0,0,1,1,0,0
5,15,0,40,6,0,0,1.000471,0.987549,1.011271,38,1,459,100,100,0,0,0,0,10,24,20,2,80,2,230,27,0,0,3008,164,0,9,0,1004,263,0,18,0,538,1,0,2,0,188,0,0,15,0,0,384,60,13,0,0,68,1,1,0,0,1,1,0,0
5,15,1,37,6,0,0,1.01106,0.979784,0.996841,34,2,584,100,100,0,0,0,10,0,28,22,2,80,2,109,18,0,0,3008,191,0,6,0,1004,202,0,12,0,538,0,0,2,0,188,9,0,18,0,0,416,72,25,0,0,68,1,17,0,0,0,0,0,0
5,15,2,28,6,0,0,1.019065,0.991926,1.024027,27,2,584,100,100,0,0,0,24,28,0,10,2,80,2,188,21,0,0,3008,207,0,7,0,1004,205,0,14,0,538,1,0,0,0,188,2,0,13,0,0,420,52,24,0,0,36,0,17,0,0,0,0,0,0
5,15,3,32,6,0,0,1.020673,0.996301,1.013383,28,2,584,100,100,0,0,0,20,22,10,0,2,80,2,99,18,0,0,3008,141,0,6,0,1004,197,0,12,0,538,1,0,2,0,188,37,0,12,0,0,440,48,12,0,0,60,1,2,0,0,2,2,0,0
5,16,0,38,3,12,0,0.996762,0.98739,1.008042,37,2,584,100,100,0,0,0,0,10,26,22,2,80,13,232,27,0,0,3040,171,0,9,0,1016,263,0,18,0,544,1,0,0,0,200,0,0,9,0,0,406,36,26,0,0,51,0,17,0,0,0,0,0,0
5,16,1,34,3,12,0,1.016596,0.978833,1.003677,31,2,584,100,100,0,0,0,10,0,28,22,2,80,13,108,21,0,0,3040,211,0,7,0,1016,209,0,14,0,544,0,0,0,0,200,17,0,16,0,0,483,64,9,0,0,67,0,1,0,0,1,1,0,0
5,16,2,25,3,12,0,1.023246,0.982506,1.026528,23,2,584,100,100,0,0,0,26,28,0,10,2,80,13,192,18,0,0,3040,173,0,6,0,1016,208,0,12,0,544,1,0,0,0,200,4,0,10,0,0,464,40,8,0,0,35,0,1,0,0,1,1,0,0
5,16,3,31,3,12,0,1.021461,0.993093,1.01475,29,2,584,100,100,0,0,0,22,22,10,0,2,80,13,99,18,0,0,3040,135,0,6,0,1016,200,0,12,0,544,1,0,0,0,200,52,0,12,0,0,495,48,8,0,0,59,0,1,0,0,1,1,0,0
5,17,0,38,4,0,0,0.996762,0.98739,1.008042,37,2,584,100,100,0,0,0,0,10,28,24,2,80,5,239,27,0,0,3064,180,0,9,0,1001,272,0,18,0,430,0,0,26,0,270,0,0,1,0,5,390,4,37,0,0,63,13,1,0,0,1,1,0,0
5,17,1,35,4,0,0,1.017504,0.976338,1.006951,32,3,709,100,100,0,0,0,10,0,30,24,2,80,5,116,24,0,0,3064,169,0,8,0,1001,217,0,16,0,430,1,0,26,0,270,2,0,16,0,5,511,64,53,0,0,62,13,18,0,0,1,1,0,0
5,17,2,27,4,0,0,1.024004,0.984635,1.030005,24,2,584,100,100,0,0,0,28,30,0,10,2,80,5,204,18,0,0,3064,190,0,6,0,1001,214,0,12,0,430,8,0,20,0,270,0,0,4,0,5,464,16,28,0,0,44,10,1,0,0,1,1,0,0
5,17,3,32,4,0,0,1.021999,0.993338,1.015643,30,3,709,100,100,0,0,0,24,24,10,0,2,80,5,102,18,0,0,3064,130,0,6,0,1001,206,0,12,0,430,12,0,24,0,270,40,0,12,0,5,511,48,49,0,0,53,12,18,0,0,1,1,0,0
5,18,0,38,4,1,0,0.99904,0.989247,1.010047,37,2,584,100,100,0,0,0,0,12,30,26,2,80,5,245,27,0,0,2992,181,0,9,0,995,281,0,18,0,516,1,0,4,0,221,0,0,14,0,4,450,56,13,0,0,65,2,0,0,0,0,0,0,0
5,18,1,36,4,1,0,1.017029,0.977807,1.007842,33,3,709,100,100,0,0,0,12,0,30,26,2,80,5,122,24,0,0,2992,198,0,8,0,995,225,0,16,0,516,0,0,6,0,221,0,0,15,0,4,573,60,16,0,0,64,3,1,0,0,1,1,0,0
5,18,2,28,4,1,0,1.022983,0.985347,1.032488,25,2,584,100,100,0,0,0,30,30,0,10,2,80,5,213,21,0,0,2992,204,0,7,0,995,221,0,14,0,516,0,0,14,0,221,5,0,10,0,4,493,40,23,0,0,50,7,1,0,0,1,1,0,0
5,18,3,33,4,1,0,1.021805,0.993394,1.016377,31,3,709,100,100,0,0,0,26,26,10,0,2,80,5,105,21,0,0,2992,123,0,7,0,995,213,0,14,0,516,0,0,24,0,221,37,0,12,0,4,543,48,33,0,0,64,12,1,0,0,1,1,0,0
5,19,0,38,3,0,0,0.99904,0.989247,1.010047,37,2,584,100,100,0,0,0,0,12,32,28,2,80,11,250,27,0,0,3040,190,0,9,0,995,290,0,18,0,469,0,0,16,0,272,0,0,0,0,0,444,0,27,0,0,72,8,1,0,0,1,1,0,0
5,19,1,37,3,0,0,1.017503,0.977621,1.003943,34,3,709,100,100,0,0,0,12,0,32,28,2,80,11,125,24,0,0,3040,226,0,8,0,995,233,0,16,0,469,0,0,18,0,272,0,0,0,0,0,559,0,28,0,0,72,9,1,0,0,1,1,0,0
5,19,2,30,3,0,0,1.022727,0.981674,1.03654,26,3,709,100,100,0,0,0,32,32,0,10,2,80,11,222,21,0,0,3040,169,0,7,0,995,228,0,14,0,469,0,0,16,0,272,0,0,5,0,0,490,20,42,0,0,40,8,18,0,0,1,1,0,0
5,19,3,33,3,0,0,1.021805,0.993394,1.016377,32,3,709,100,100,0,0,0,28,28,10,0,2,80,11,103,21,0,0,3040,115,0,7,0,995,220,0,14,0,469,0,0,26,0,272,24,0,13,0,0,574,52,35,0,0,76,13,1,0,0,1,1,0,0
5,20,0,32,2,29,0,0.999922,0.984258,1.010052,32,2,584,100,100,0,0,0,0,14,34,30,2,80,8,252,24,0,0,3048,200,0,8,0,995,298,0,16,0,416,1,0,14,0,272,0,0,0,0,2,439,0,22,0,0,79,7,0,0,0,0,0,0,0
5,20,1,32,2,29,0,1.021593,0.980975,1.001598,30,3,709,100,100,0,0,0,14,0,34,30,2,80,8,129,24,0,0,3048,181,0,8,0,995,241,0,16,0,416,1,0,14,0,272,0,0,0,0,2,552,0,24,0,0,78,7,1,0,0,1,1,0,0
5,20,2,23,2,29,0,1.022571,0.976472,1.039192,20,3,709,100,100,0,0,0,34,34,0,12,2,80,8,225,18,0,0,3048,197,0,6,0,995,234,0,12,0,416,0,0,12,0,272,0,0,0,0,2,482,0,20,0,0,45,6,1,0,0,1,1,0,0
5,20,3,24,2,29,0,1.027433,0.996249,1.016444,23,4,834,100,100,0,0,0,30,30,12,0,2,80,8,92,9,0,0,3048,111,0,3,0,995,223,0,6,0,416,0,0,20,0,272,11,0,13,0,2,603,52,40,0,0,69,10,17,0,0,0,0,0,0
5,21,0,28,4,11,0,0.9992,0.977272,1.012535,27,2,584,100,100,0,0,0,0,16,36,32,2,80,11,257,21,0,0,3096,161,0,7,0,1010,305,0,14,0,527,1,0,6,0,252,0,0,0,0,0,442,0,13,0,0,82,3,0,0,0,0,0,0,0
5,21,1,31,4,11,0,1.023179,0.975061,1.000657,28,3,709,100,100,0,0,0,16,0,36,32,2,80,11,141,21,0,0,3096,214,0,7,0,1010,248,0,14,0,527,1,0,2,0,252,0,0,3,0,0,570,12,11,0,0,78,1,1,0,0,1,1,0,0
5,21,2,21,4,11,0,1.026934,0.972867,1.041301,20,3,709,100,100,0,0,0,36,36,0,14,2,80,11,230,21,0,0,3096,167,0,7,0,1010,241,0,14,0,527,1,0,0,0,252,0,0,6,0,0,513,24,9,0,0,44,0,1,0,0,1,1,0,0
5,21,3,24,4,11,0,1.027295,0.998227,1.016617,22,4,834,100,100,0,0,0,32,32,14,0,2,80,11,84,6,0,0,3096,117,0,2,0,1010,225,0,4,0,527,0,0,8,0,252,0,0,11,0,0,652,44,12,0,0,72,4,1,0,0,1,1,0,0
5,22,0,29,3,4,0,1.00304,0.977515,1.01754,26,2,584,100,100,0,0,0,0,18,38,34,2,80,19,267,21,0,0,3064,166,0,7,0,1019,312,0,14,0,496,1,0,6,0,272,0,0,0,0,5,444,0,15,0,0,84,3,1,0,0,1,1,0,0
5,22,1,29,3,4,0,1.023552,0.971923,0.999845,27,3,709,100,100,0,0,0,18,0,38,34,2,80,19,141,18,0,0,3064,177,0,6,0,1019,254,0,12,0,496,0,0,10,0,272,0,0,0,0,5,569,0,18,0,0,82,5,1,0,0,1,1,0,0
5,22,2,22,3,4,0,1.028673,0.970787,1.041666,21,3,709,100,100,0,0,0,38,38,0,14,2,80,19,242,21,0,0,3064,195,0,7,0,1019,248,0,14,0,496,0,0,10,0,272,0,0,0,0,5,508,0,17,0,0,49,5,0,0,0,0,0,0,0
5,22,3,23,3,4,0,1.028359,0.996741,1.016592,22,4,834,100,100,0,0,0,34,34,14,0,2,80,19,81,6,0,0,3064,123,0,2,0,1019,227,0,4,0,496,0,0,18,0,272,0,0,0,0,5,647,0,22,0,0,80,9,1,0,0,1,1,0,0
5,23,0,29,4,2,0,1.008984,0.979099,1.017359,26,2,584,100,100,0,0,0,0,18,40,36,2,80,17,274,21,0,0,3056,170,0,7,0,1022,319,0,14,0,506,1,0,4,0,263,0,0,2,0,0,456,8,13,0,0,85,2,1,0,0,1,1,0,0
5,23,1,29,4,2,0,1.026582,0.973798,1.002595,27,3,709,100,100,0,0,0,18,0,40,36,2,80,17,147,18,0,0,3056,206,0,6,0,1022,260,0,12,0,506,0,0,8,0,263,0,0,4,0,0,586,16,16,0,0,85,4,1,0,0,1,1,0,0
5,23,2,22,4,2,0,1.028673,0.970787,1.041666,21,3,709,100,100,0,0,0,40,40,0,14,2,80,17,257,21,0,0,3056,166,0,7,0,1022,255,0,14,0,506,1,0,6,0,263,0,0,2,0,0,518,8,15,0,0,51,3,1,0,0,1,1,0,0
5,23,3,25,4,2,0,1.031552,0.996805,1.019754,23,4,834,100,100,0,0,0,36,36,14,0,2,80,17,78,6,0,0,3056,130,0,2,0,1022,229,0,4,0,506,0,0,16,0,263,0,0,1,0,0,650,4,18,0,0,88,8,0,0,0,0,0,0,0
5,24,0,30,1,2,0,1.007951,0.977836,1.019405,27,2,584,100,100,0,0,0,0,18,42,38,2,80,19,286,21,0,0,3056,174,0,7,0,1022,326,0,14,0,518,1,0,2,0,259,0,0,4,0,2,478,16,11,0,0,85,1,1,0,0,1,1,0,0
5,24,1,29,1,2,0,1.026582,0.973798,1.002595,28,4,834,100,100,0,0,0,18,0,42,38,2,80,19,146,18,0,0,3056,171,0,6,0,1022,266,0,12,0,518,1,0,6,0,259,0,0,4,0,2,588,16,31,0,0,70,3,18,0,0,1,1,0,0
5,24,2,20,1,2,0,1.028239,0.967755,1.040708,20,3,709,100,100,0,0,0,42,42,0,14,2,80,19,268,18,0,0,3056,194,0,6,0,1022,261,0,12,0,518,1,0,4,0,259,0,0,2,0,2,528,8,10,0,0,53,2,0,0,0,0,0,0,0
5,24,3,25,1,2,0,1.031552,0.996805,1.019754,23,4,834,100,100,0,0,0,38,38,14,0,2,80,19,73,6,0,0,3056,151,0,2,0,1022,231,0,4,0,518,1,0,12,0,259,0,0,3,0,2,663,12,16,0,0,93,6,1,0,0,1,1,0,0
5,25,0,32,7,1,0,1.009047,0.983703,1.018686,28,2,584,100,100,0,0,0,0,18,44,40,2,80,6,297,24,0,0,3040,176,0,8,0,1022,334,0,16,0,518,0,0,10,0,251,0,0,0,0,0,475,0,20,0,0,89,5,1,0,0,1,1,0,0
5,25,1,30,7,1,0,1.030398,0.973076,1.001909,28,4,834,100,100,0,0,0,18,0,44,40,2,80,6,152,18,0,0,3040,200,0,6,0,1022,272,0,12,0,518,1,0,6,0,251,0,0,6,0,0,617,24,12,0,0,73,3,0,0,0,0,0,0,0
5,25,2,21,7,1,0,1.024908,0.965204,1.040979,20,3,709,100,100,0,0,0,44,44,0,14,2,80,6,284,18,0,0,3040,168,0,6,0,1022,267,0,12,0,518,1,0,6,0,251,0,0,3,0,0,545,12,12,0,0,56,3,0,0,0,0,0,0,0
5,25,3,27,7,1,0,1.033333,0.995414,1.023139,24,4,834,100,100,0,0,0,40,40,14,0,2,80,6,72,6,0,0,3040,172,0,2,0,1022,233,0,4,0,518,0,0,6,0,251,0,0,12,0,0,718,48,10,0,0,95,3,1,0,0,1,1,0,0
5,26,0,32,1,1,0,1.009047,0.983703,1.018686,29,3,709,100,100,0,0,0,0,18,46,42,2,80,21,304,27,0,0,3024,183,0,9,0,1019,343,0,18,0,520,0,0,0,0,250,0,0,9,0,5,498,36,30,0,0,70,0,19,0,0,2,2,0,0
5,26,1,29,1,1,0,1.03057,0.97068,1.00277,27,4,834,100,100,0,0,0,18,0,46,42,2,80,21,152,18,0,0,3024,164,0,6,0,1019,278,0,12,0,520,1,0,6,0,250,0,0,3,0,5,632,12,14,0,0,75,3,1,0,0,1,1,0,0
5,26,2,22,1,1,0,1.024665,0.965778,1.037137,20,3,709,100,100,0,0,0,46,46,0,16,2,80,21,295,18,0,0,3024,205,0,6,0,1019,273,0,12,0,520,0,0,4,0,250,0,0,6,0,5,569,24,12,0,0,57,2,1,0,0,1,1,0,0
5,26,3,27,1,1,0,1.033333,0.995414,1.023139,25,4,834,100,100,0,0,0,42,42,16,0,2,80,21,68,6,0,0,3024,207,0,2,0,1019,235,0,4,0,520,0,0,12,0,250,0,0,4,0,5,735,16,16,0,0,100,6,1,0,0,1,1,0,0
5,27,0,34,4,0,0,1.012806,0.983305,1.019601,31,3,709,100,100,0,0,0,0,18,48,44,2,80,10,317,27,0,0,3080,190,0,9,0,1019,352,0,18,0,544,0,0,0,0,230,0,0,9,0,0,538,36,11,0,0,69,0,1,0,0,1,1,0,0
5,27,1,30,4,0,0,1.029631,0.967694,1.004715,28,4,834,100,100,0,0,0,18,0,48,44,2,80,10,160,18,0,0,3080,201,0,6,0,1019,284,0,12,0,544,1,0,0,0,230,0,0,6,0,0,664,24,8,0,0,74,0,1,0,0,1,1,0,0
5,27,2,23,4,0,0,1.021524,0.965981,1.040937,21,4,834,100,100,0,0,0,48,48,0,16,2,80,10,305,18,0,0,3080,177,0,6,0,1019,279,0,12,0,544,0,0,0,0,230,0,0,9,0,0,596,36,25,0,0,39,0,18,0,0,1,1,0,0
5,27,3,27,4,0,0,1.033333,0.995414,1.023139,26,4,834,100,100,0,0,0,44,44,16,0,2,80,10,62,6,0,0,3080,178,0,2,0,1019,237,0,4,0,544,0,0,0,0,230,0,0,18,0,0,824,72,4,0,0,99,0,1,0,0,1,1,0,0
5,28,0,32,4,10,0,1.013922,0.973759,1.026942,28,3,709,100,100,0,0,0,0,20,50,46,3,80,18,317,18,0,0,3016,198,0,6,0,1013,358,0,12,0,543,0,0,0,0,251,0,0,5,0,0,568,20,8,0,0,68,0,1,0,0,1,1,0,0
5,28,1,29,4,10,0,1.031589,0.965666,1.008805,26,4,834,100,100,0,0,0,20,0,50,46,3,80,18,151,9,0,0,3016,168,0,3,0,1013,287,0,6,0,543,1,0,0,0,251,0,0,4,0,0,696,16,5,0,0,73,0,1,0,0,1,1,0,0
5,28,2,20,4,10,0,1.017955,0.966822,1.040682,19,4,834,100,100,0,0,0,50,50,0,18,2,80,18,318,21,0,0,3016,211,0,7,0,1013,286,0,14,0,543,1,0,0,0,251,0,0,3,0,0,605,12,9,0,0,38,0,1,0,0,1,1,0,0
5,28,3,27,4,10,0,1.033333,0.995414,1.023139,27,4,834,100,100,0,0,0,46,46,18,0,2,80,18,53,6,0,0,3016,213,0,2,0,1013,239,0,4,0,543,0,0,0,0,251,0,0,9,0,0,832,36,2,0,0,99,0,0,0,0,0,0,0,0
5,29,0,32,5,1,0,1.016323,0.976064,1.029954,28,4,834,100,100,0,0,0,0,20,52,48,3,80,27,318,15,0,0,3064,217,0,5,0,1034,363,0,10,0,544,0,0,0,0,224,0,0,9,0,0,595,36,26,0,0,49,0,19,0,0,2,2,0,0
5,29,1,31,5,1,0,1.034492,0.969104,1.010673,27,4,834,100,100,0,0,0,20,0,52,48,3,80,27,148,9,0,0,3064,216,0,3,0,1034,290,0,6,0,544,1,0,0,0,224,0,0,12,0,0,756,48,5,0,0,72,0,1,0,0,1,1,0,0
5,29,2,21,5,1,0,1.018381,0.974132,1.039139,20,4,834,100,100,0,0,0,52,52,0,18,2,80,27,331,21,0,0,3064,184,0,7,0,1034,293,0,14,0,544,1,0,0,0,224,0,0,9,0,0,649,36,7,0,0,38,0,0,0,0,0,0,0,0
5,29,3,28,5,1,0,1.033305,0.99295,1.025106,27,4,834,100,100,0,0,0,48,48,18,0,2,80,27,38,6,0,0,3064,184,0,2,0,1034,241,0,4,0,544,0,0,0,0,224,0,0,18,0,0,832,72,2,0,0,99,0,0,0,0,0,0,0,0
5,30,0,32,3,1,0,1.015447,0.9742,1.025781,29,4,834,100,100,0,0,0,0,20,54,48,3,80,15,314,15,0,0,3072,180,0,5,0,1061,365,0,10,0,505,1,0,2,0,271,0,0,0,0,68,586,0,9,0,0,49,1,1,0,0,1,1,0,0
5,30,1,31,3,1,0,1.034492,0.969104,1.010673,28,4,834,100,100,0,0,0,20,0,52,48,3,80,15,135,9,0,0,3072,182,0,3,0,1061,284,0,6,0,505,0,0,10,0,271,0,0,0,0,68,739,0,17,0,0,75,5,2,0,0,2,2,0,0
5,30,2,21,3,1,0,1.018381,0.974132,1.039139,20,4,834,100,100,0,0,0,54,52,0,18,2,80,15,348,21,0,0,3072,220,0,7,0,1061,288,0,14,0,505,0,0,10,0,271,0,0,0,0,68,630,0,19,0,0,42,5,1,0,0,1,1,0,0
5,30,3,30,3,1,0,1.039958,0.989776,1.025983,27,4,834,100,100,0,0,0,48,48,18,0,2,80,15,35,9,0,0,3072,217,0,3,0,1061,241,0,6,0,505,1,0,14,0,271,0,0,1,0,68,815,4,19,0,0,105,7,1,0,0,1,1,0,0
5,31,0,33,4,0,0,1.017942,0.973103,1.024117,30,4,834,100,100,0,0,0,0,20,56,52,3,80,9,312,15,0,0,3064,199,0,5,0,1034,370,0,10,0,502,0,0,10,0,272,0,0,0,0,0,586,0,17,0,0,53,5,1,0,0,1,1,0,0
5,31,1,32,4,0,0,1.035358,0.967188,1.010891,30,4,834,100,100,0,0,0,20,0,54,50,3,80,9,129,9,0,0,3064,228,0,3,0,1034,287,0,6,0,502,0,0,12,0,272,0,0,0,0,0,739,0,17,0,0,80,6,1,0,0,1,1,0,0
5,31,2,22,4,0,0,1.020756,0.975048,1.040225,21,4,834,100,100,0,0,0,56,54,0,20,3,80,9,365,21,0,0,3064,192,0,7,0,1034,295,0,14,0,502,1,0,2,0,272,0,0,0,0,0,638,0,9,0,0,43,1,0,0,0,0,0,0,0
5,31,3,31,4,0,0,1.042727,0.986414,1.02658,28,4,834,100,100,0,0,0,52,50,20,0,3,80,9,29,9,0,0,3064,184,0,3,0,1034,244,0,6,0,502,1,0,18,0,272,0,0,0,0,0,809,0,23,0,0,113,9,1,0,0,1,1,0,0
5,32,0,34,3,3,0,1.023968,0.970433,1.023536,30,4,834,100,100,0,0,0,0,20,58,56,3,80,5,307,15,0,0,3072,217,0,5,0,1031,375,0,10,0,497,1,0,4,0,272,0,0,0,0,0,592,0,11,0,0,54,2,1,0,0,1,1,0,0
5,32,1,32,3,3,0,1.035358,0.967188,1.010891,31,4,834,100,100,0,0,0,20,0,56,54,3,80,5,127,12,0,0,3072,192,0,4,0,1031,291,0,8,0,497,0,0,12,0,272,0,0,0,0,0,738,0,18,0,0,85,6,1,0,0,1,1,0,0
5,32,2,23,3,3,0,1.021655,0.968038,1.039743,21,4,834,100,100,0,0,0,58,56,0,24,3,80,5,377,21,0,0,3072,163,0,7,0,1031,302,0,14,0,497,0,0,10,0,272,0,0,0,0,0,636,0,19,0,0,47,5,1,0,0,1,1,0,0
5,32,3,29,3,3,0,1.040613,0.986038,1.024419,27,4,834,100,100,0,0,0,56,54,24,0,3,80,5,28,9,0,0,3072,206,0,3,0,1031,247,0,6,0,497,1,0,18,0,272,0,0,0,0,0,803,0,23,0,0,121,9,1,0,0,1,1,0,0
5,33,0,35,5,5,0,1.023578,0.972355,1.024427,31,4,834,100,100,0,0,0,0,22,60,60,3,80,11,297,15,0,0,3056,178,0,5,0,1031,380,0,10,0,529,1,0,4,0,259,0,0,3,0,0,613,12,13,0,0,54,2,2,0,0,2,2,0,0
5,33,1,32,5,5,0,1.03962,0.969678,1.016551,31,4,834,100,100,0,0,0,22,0,58,56,3,80,11,120,12,0,0,3056,236,0,4,0,1031,295,0,8,0,529,0,0,6,0,259,0,0,2,0,0,752,8,10,0,0,88,3,0,0,0,0,0,0,0
5,33,2,23,5,5,0,1.020438,0.970506,1.037035,21,4,834,100,100,0,0,0,60,58,0,26,3,80,11,393,21,0,0,3056,197,0,7,0,1031,309,0,14,0,529,0,0,2,0,259,0,0,4,0,0,650,16,11,0,0,47,1,1,0,0,1,1,0,0
5,33,3,28,5,5,0,1.040252,0.989867,1.028259,25,4,834,100,100,0,0,0,60,56,26,0,3,80,11,31,9,0,0,3056,174,0,3,0,1031,250,0,6,0,529,0,0,4,0,259,0,0,4,0,0,824,16,9,0,0,122,2,1,0,0,1,1,0,0
5,34,0,35,1,2,0,1.023578,0.972355,1.024427,33,4,834,100,100,0,0,0,0,22,62,64,3,80,8,295,18,0,0,3096,193,0,6,0,1022,386,0,12,0,500,1,0,10,0,260,0,0,2,0,0,620,8,18,0,0,58,5,1,0,0,1,1,0,0
5,34,1,32,1,2,0,1.03962,0.969678,1.016551,31,4,834,100,100,0,0,0,22,0,60,60,3,80,8,114,12,0,0,3096,200,0,4,0,1022,299,0,8,0,500,1,0,12,0,260,0,0,2,0,0,759,8,18,0,0,93,6,1,0,0,1,1,0,0
5,34,2,22,1,2,0,1.021174,0.973203,1.030743,20,4,834,100,100,0,0,0,62,60,0,28,3,80,8,406,21,0,0,3096,167,0,7,0,1022,316,0,14,0,500,0,0,10,0,260,0,0,2,0,0,654,8,19,0,0,51,5,1,0,0,1,1,0,0
5,34,3,28,1,2,0,1.040252,0.989867,1.028259,26,4,834,100,100,0,0,0,64,60,28,0,3,80,8,34,12,0,0,3096,190,0,4,0,1022,254,0,8,0,500,1,0,10,0,260,0,0,6,0,0,828,24,16,0,0,126,5,1,0,0,1,1,0,0
5,35,0,37,4,1,0,1.022406,0.967231,1.022395,34,4,834,100,100,0,0,0,0,22,64,66,3,80,20,293,18,0,0,3040,208,0,6,0,1022,392,0,12,0,513,0,0,10,0,265,0,0,3,0,8,631,12,18,0,0,62,5,1,0,0,1,1,0,0
5,35,1,32,4,1,0,1.03962,0.969678,1.016551,32,4,834,100,100,0,0,0,22,0,62,60,3,80,20,103,12,0,0,3040,164,0,4,0,1022,303,0,8,0,513,0,0,4,0,265,0,0,2,0,8,776,8,8,0,0,95,2,0,0,0,0,0,0,0
5,35,2,22,4,1,0,1.020344,0.978377,1.025973,20,4,834,100,100,0,0,0,64,62,0,28,3,80,20,423,24,0,0,3040,185,0,8,0,1022,324,0,16,0,513,0,0,6,0,265,0,0,1,0,8,651,4,16,0,0,53,3,1,0,0,1,1,0,0
5,35,3,29,4,1,0,1.039321,0.988865,1.027193,27,4,834,100,100,0,0,0,66,60,28,0,3,80,20,34,12,0,0,3040,206,0,4,0,1022,258,0,8,0,513,0,0,14,0,265,0,0,1,0,8,814,4,20,0,0,132,7,1,0,0,1,1,0,0
5,36,0,36,1,7,0,1.021751,0.969985,1.026873,35,4,834,100,100,0,0,0,0,22,66,70,3,80,16,286,18,0,0,3072,165,0,6,0,1022,398,0,12,0,487,0,0,12,0,272,0,0,0,0,5,628,0,20,0,0,67,6,1,0,0,1,1,0,0
5,36,1,29,1,7,0,1.034588,0.969414,1.013378,29,4,834,100,100,0,0,0,22,0,64,64,3,80,16,99,12,0,0,3072,208,0,4,0,1022,307,0,8,0,487,0,0,6,0,272,0,0,0,0,5,783,0,10,0,0,98,3,0,0,0,0,0,0,0
5,36,2,23,1,7,0,1.020793,0.978533,1.027926,21,4,834,100,100,0,0,0,66,64,0,32,3,80,16,444,24,0,0,3072,203,0,8,0,1022,332,0,16,0,487,0,0,12,0,272,0,0,0,0,5,641,0,22,0,0,58,6,1,0,0,1,1,0,0
5,36,3,26,1,7,0,1.045383,0.988652,1.03129,25,4,834,100,100,0,0,0,70,64,32,0,3,80,16,29,12,0,0,3072,173,0,4,0,1022,262,0,8,0,487,1,0,8,0,272,0,0,0,0,5,817,0,14,0,0,135,4,1,0,0,1,1,0,0
5,37,0,35,2,5,0,1.021916,0.96927,1.026605,35,4,834,100,100,0,0,0,0,24,68,74,3,80,10,285,18,0,0,3088,187,0,6,0,1022,404,0,12,0,531,1,0,2,0,248,0,0,9,0,0,672,36,8,0,0,68,1,0,0,0,0,0,0,0
5,37,1,28,2,5,0,1.044217,0.965812,1.018018,26,4,834,100,100,0,0,0,24,0,66,68,3,80,10,97,12,0,0,3088,175,0,4,0,1022,311,0,8,0,531,0,0,0,0,248,0,0,3,0,0,806,12,4,0,0,98,0,0,0,0,0,0,0,0
5,37,2,22,2,5,0,1.022776,0.972176,1.029441,21,4,834,100,100,0,0,0,68,66,0,36,3,80,10,460,24,0,0,3088,172,0,8,0,1022,340,0,16,0,531,1,0,8,0,248,0,0,3,0,0,651,12,18,0,0,61,4,1,0,0,1,1,0,0
5,37,3,26,2,5,0,1.045383,0.988652,1.03129,26,4,834,100,100,0,0,0,74,68,36,0,3,80,10,33,12,0,0,3088,191,0,4,0,1022,266,0,8,0,531,0,0,2,0,248,0,0,6,0,0,830,24,6,0,0,136,1,0,0,0,0,0,0,0
5,38,0,34,1,4,0,1.022165,0.966258,1.028525,33,4,834,100,100,0,0,0,0,24,70,78,3,80,22,280,18,0,0,2944,202,0,6,0,1022,410,0,12,0,508,0,0,10,0,272,0,0,0,0,8,673,0,16,0,0,73,5,0,0,0,0,0,0,0
5,38,1,28,1,4,0,1.044217,0.965812,1.018018,26,4,834,100,100,0,0,0,24,0,68,70,3,80,22,91,12,0,0,2944,231,0,4,0,1022,315,0,8,0,508,0,0,6,0,272,0,0,0,0,8,811,0,12,0,0,100,3,1,0,0,1,1,0,0
5,38,2,21,1,4,0,1.020498,0.972918,1.025661,21,4,834,100,100,0,0,0,70,68,0,38,3,80,22,474,24,0,0,2944,190,0,8,0,1022,348,0,16,0,508,0,0,12,0,272,0,0,0,0,8,640,0,20,0,0,67,6,0,0,0,0,0,0,0
5,38,3,25,1,4,0,1.046625,0.98943,1.029595,25,4,834,100,100,0,0,0,78,70,38,0,3,80,22,32,12,0,0,2944,209,0,4,0,1022,270,0,8,0,508,0,0,4,0,272,0,0,0,0,8,826,0,8,0,0,138,2,0,0,0,0,0,0,0
5,39,0,36,5,5,0,1.023705,0.96339,1.026718,33,4,834,100,100,0,0,0,0,26,72,82,3,80,1,287,18,0,0,3200,162,0,6,0,1022,416,0,12,0,528,0,0,6,0,259,0,0,5,0,0,696,20,14,0,0,75,3,1,0,0,1,1,0,0
5,39,1,28,5,5,0,1.039139,0.962998,1.019087,26,4,834,100,100,0,0,0,26,0,70,74,3,80,1,90,12,0,0,3200,199,0,4,0,1022,319,0,8,0,528,0,0,2,0,259,0,0,4,0,0,828,16,8,0,0,100,1,1,0,0,1,1,0,0
5,39,2,21,5,5,0,1.027141,0.97159,1.027164,20,4,834,100,100,0,0,0,72,70,0,40,3,80,1,493,24,0,0,3200,161,0,8,0,1022,356,0,16,0,528,0,0,6,0,259,0,0,3,0,0,655,12,14,0,0,70,3,0,0,0,0,0,0,0
5,39,3,23,5,5,0,1.050229,0.989287,1.028532,22,4,834,100,100,0,0,0,82,74,40,0,3,80,1,34,9,0,0,3200,181,0,3,0,1022,273,0,6,0,528,0,0,2,0,259,0,0,1,0,0,829,4,5,0,0,139,1,0,0,0,0,0,0,0
5,40,0,37,5,11,0,1.024266,0.956884,1.029376,33,4,834,100,100,0,0,0,0,26,72,84,3,80,20,286,18,0,0,3064,168,0,6,0,1022,422,0,12,0,535,1,0,2,0,254,0,0,6,0,8,727,24,10,0,0,75,1,1,0,0,1,1,0,0
5,40,1,21,5,11,0,1.051127,0.96882,1.030389,21,4,834,100,100,0,0,0,26,0,72,74,3,80,20,81,9,0,0,3064,168,0,3,0,1022,322,0,6,0,535,1,0,0,0,254,0,0,2,0,8,831,8,3,0,0,100,0,0,0,0,0,0,0,0
5,40,2,19,5,11,0,1.029355,0.968793,1.03034,17,4,834,100,100,0,0,0,72,72,0,40,3,80,20,511,27,0,0,3064,163,0,9,0,1022,365,0,18,0,535,1,0,0,0,254,0,0,2,0,8,661,8,11,0,0,69,0,1,0,0,1,1,0,0
5,40,3,25,5,11,0,1.048435,0.985184,1.030017,22,4,834,100,100,0,0,0,84,74,40,0,3,80,20,37,9,0,0,3064,195,0,3,0,1022,276,0,6,0,535,0,0,2,0,254,0,0,4,0,8,829,16,7,0,0,139,1,1,0,0,1,1,0,0
3,1,0,50,5,7,0,0.99572,0.995239,1.007557,0,0,334,100,100,0,0,0,0,2,2,2,0,80,0,57,39,0,0,2816,200,0,13,0,932,63,0,26,0,500,1,0,44,0,206,17,0,23,0,0,100,92,75,0,0,13,22,9,0,0,9,9,0,0
3,1,1,48,5,7,0,0.996397,0.995151,1.00912,0,0,334,100,100,0,0,0,2,0,2,2,0,80,0,53,36,0,0,2816,201,0,12,0,932,62,0,24,0,500,0,0,44,0,206,20,0,23,0,0,100,92,74,0,0,13,22,9,0,0,9,9,0,0
3,1,2,50,5,7,0,0.998611,0.997003,1.008145,0,0,334,100,100,0,0,0,2,2,0,0,0,80,0,57,39,0,0,2816,192,0,13,0,932,63,0,26,0,500,1,0,44,0,206,17,0,23,0,0,101,92,75,0,0,13,22,9,0,0,9,9,0,0
3,1,3,50,5,7,0,0.999033,1.001129,1.010142,0,0,334,100,100,0,0,0,2,2,0,0,0,80,0,61,39,0,0,2816,200,0,13,0,932,63,0,26,0,500,0,0,40,0,206,20,0,23,0,0,104,92,71,0,0,11,20,9,0,0,9,9,0,0
3,2,0,48,1,7,0,0.995808,0.992078,1.006411,9,0,334,100,100,0,0,0,0,2,4,4,0,80,5,59,36,0,0,2816,234,0,12,0,951,70,0,24,0,441,1,0,26,0,272,0,0,17,0,0,129,68,56,0,0,17,13,9,0,0,9,9,0,0
3,2,1,45,1,7,0,0.997552,0.993751,1.012449,9,0,334,100,100,0,0,0,2,0,4,4,0,80,5,54,33,0,0,2816,230,0,11,0,951,71,0,22,0,441,1,0,28,0,272,0,0,20,0,0,138,80,57,0,0,18,14,9,0,0,9,9,0,0
3,2,2,49,1,7,0,0.999236,1.000228,1.008371,9,0,334,100,100,0,0,0,4,4,0,0,0,80,5,62,36,0,0,2816,218,0,12,0,951,71,0,24,0,441,1,0,24,0,272,0,0,17,0,0,131,68,54,0,0,16,12,9,0,0,9,9,0,0
3,2,3,50,1,7,0,0.999033,1.001129,1.010142,9,0,334,100,100,0,0,0,4,4,0,0,0,80,5,72,42,0,0,2816,240,0,14,0,951,70,0,28,0,441,1,0,20,0,272,0,0,20,0,0,149,80,52,0,0,12,10,9,0,0,9,9,0,0
3,3,0,49,1,3,0,0.995154,0.992254,1.006411,18,0,334,100,100,0,0,0,0,2,6,6,0,80,4,69,36,0,0,3200,174,0,12,0,938,82,0,24,0,416,0,0,34,0,255,0,0,6,0,0,107,24,64,0,0,25,17,9,0,0,9,9,0,0
3,3,1,44,1,3,0,0.997468,0.991963,1.012472,17,0,334,100,100,0,0,0,2,0,6,6,0,80,4,55,30,0,0,3200,175,0,10,0,938,81,0,20,0,416,0,0,36,0,255,0,0,3,0,0,103,12,64,0,0,27,18,9,0,0,9,9,0,0
3,3,2,49,1,3,0,0.999236,1.000228,1.008371,18,0,334,100,100,0,0,0,6,6,0,2,0,80,4,69,39,0,0,3200,156,0,13,0,938,84,0,26,0,416,1,0,30,0,255,0,0,6,0,0,110,24,61,0,0,22,15,9,0,0,9,9,0,0
3,3,3,48,1,3,0,1.002285,1.001972,1.011462,17,0,334,100,100,0,0,0,6,6,2,0,0,80,4,81,42,0,0,3200,176,0,14,0,938,84,0,28,0,416,1,0,30,0,255,0,0,2,0,0,112,8,62,0,0,18,15,9,0,0,9,9,0,0
3,4,0,49,3,2,0,0.995154,0.992254,1.006411,27,0,334,100,100,0,0,0,0,2,8,8,0,80,0,77,36,0,0,2824,209,0,12,0,941,94,0,24,0,430,1,0,32,0,272,0,0,0,0,0,62,0,62,0,0,32,16,9,0,0,9,9,0,0
3,4,1,44,3,2,0,1.000945,0.990994,1.010671,26,0,334,100,100,0,0,0,2,0,8,8,0,80,0,61,30,0,0,2824,209,0,10,0,941,91,0,20,0,430,0,0,24,0,272,0,0,0,0,0,67,0,52,0,0,30,12,9,0,0,9,9,0,0
3,4,2,51,3,2,0,1.001413,0.99817,1.009575,27,0,334,100,100,0,0,0,8,8,0,2,0,80,0,78,39,0,0,2824,182,0,13,0,941,97,0,26,0,430,1,0,30,0,272,0,0,0,0,0,66,0,61,0,0,28,15,9,0,0,9,9,0,0
3,4,3,47,3,2,0,1.00091,1.003489,1.010734,26,0,334,100,100,0,0,0,8,8,2,0,0,80,0,93,42,0,0,2824,218,0,14,0,941,98,0,28,0,430,0,0,28,0,272,0,0,0,0,0,67,0,60,0,0,23,14,9,0,0,9,9,0,0
3,5,0,49,2,1,0,0.995154,0.992254,1.006411,36,0,334,100,100,0,0,0,0,2,10,10,0,80,23,82,36,0,0,2920,244,0,12,0,938,106,0,24,0,432,0,0,30,0,272,0,0,0,0,68,6,0,56,0,0,40,15,7,0,0,7,7,0,0
3,5,1,44,2,1,0,1.001941,0.991013,1.008667,35,0,334,100,100,0,0,0,2,0,10,10,0,80,23,61,30,0,0,2920,243,0,10,0,938,101,0,20,0,432,1,0,30,0,272,0,0,0,0,68,19,0,48,0,0,41,15,4,0,0,4,4,0,0
3,5,2,51,2,1,0,1.001413,0.99817,1.009575,36,0,334,100,100,0,0,0,10,10,0,2,0,80,23,82,42,0,0,2920,205,0,14,0,938,111,0,28,0,432,0,0,28,0,272,0,0,0,0,68,8,0,58,0,0,34,14,8,0,0,8,8,0,0
3,5,3,48,2,1,0,1.000741,1.00286,1.009374,35,0,334,100,100,0,0,0,10,10,2,0,0,80,23,100,42,0,0,2920,157,0,14,0,938,112,0,28,0,432,1,0,24,0,272,0,0,0,0,68,17,0,50,0,0,29,12,6,0,0,6,6,0,0
3,6,0,44,5,16,0,0.992682,0.98884,1.004204,39,0,334,100,100,0,0,0,0,4,12,12,0,80,3,88,36,0,0,3008,183,0,12,0,935,118,0,24,0,454,0,0,14,0,239,0,0,9,0,0,28,36,30,0,0,45,7,2,0,0,2,2,0,0
3,6,1,42,5,16,0,1.003755,0.989179,1.011223,36,0,334,100,100,0,0,0,4,0,12,12,0,80,3,67,30,0,0,3008,189,0,10,0,935,111,0,20,0,454,1,0,16,0,239,0,0,5,0,0,26,20,30,0,0,47,8,2,0,0,2,2,0,0
3,6,2,52,5,16,0,1.001445,0.999478,1.009357,43,0,334,100,100,0,0,0,12,12,0,4,0,80,3,90,42,0,0,3008,228,0,14,0,935,125,0,28,0,454,1,0,16,0,239,0,0,12,0,0,35,48,38,0,0,38,8,4,0,0,4,4,0,0
3,6,3,43,5,16,0,0.99864,1.003421,1.009839,39,0,334,100,100,0,0,0,12,12,4,0,0,80,3,106,36,0,0,3008,201,0,12,0,935,124,0,24,0,454,1,0,12,0,239,0,0,7,0,0,34,28,28,0,0,33,6,2,0,0,2,2,0,0
3,7,0,46,4,0,0,0.994462,0.986725,1.006824,41,0,334,100,100,0,0,0,0,6,14,14,0,80,14,98,39,0,0,2912,206,0,13,0,935,131,0,26,0,432,1,0,26,0,272,0,0,0,0,9,2,0,43,0,0,56,13,2,0,0,2,2,0,0
3,7,1,43,4,0,0,1.00268,0.990861,1.012329,38,0,334,100,100,0,0,0,6,0,14,14,0,80,14,70,33,0,0,2912,240,0,11,0,935,122,0,22,0,432,0,0,24,0,272,0,0,0,0,9,3,0,39,0,0,57,12,2,0,0,2,2,0,0
3,7,2,53,4,0,0,1.001573,0.997049,1.008067,47,0,334,100,100,0,0,0,14,14,0,4,0,80,14,101,45,0,0,2912,161,0,15,0,935,140,0,30,0,432,1,0,36,0,272,0,0,0,0,9,0,0,53,0,0,55,18,1,0,0,1,1,0,0
3,7,3,43,4,0,0,0.99864,1.003421,1.009839,41,0,334,100,100,0,0,0,14,14,4,0,0,80,14,116,36,0,0,2912,250,0,12,0,935,136,0,24,0,432,1,0,26,0,272,0,0,0,0,9,2,0,40,0,0,45,13,1,0,0,1,1,0,0
3,8,0,47,4,1,0,0.993495,0.98784,1.006859,43,0,334,100,100,0,0,0,0,6,16,16,0,80,5,108,39,0,0,3008,243,0,13,0,932,144,0,26,0,477,0,0,16,0,227,0,0,12,0,0,34,48,33,0,0,62,8,2,0,0,2,2,0,0
3,8,1,43,4,1,0,1.005357,0.991479,1.012054,39,0,334,100,100,0,0,0,6,0,16,16,0,80,5,82,36,0,0,3008,185,0,12,0,932,134,0,24,0,477,0,0,14,0,227,0,0,12,0,0,37,48,30,0,0,62,7,2,0,0,2,2,0,0
3,8,2,54,4,1,0,1.003481,0.99672,1.0061,48,0,334,100,100,0,0,0,16,16,0,6,0,80,5,111,45,0,0,3008,189,0,15,0,932,155,0,30,0,477,1,0,26,0,227,0,0,9,0,0,6,36,47,0,0,65,13,3,0,0,3,3,0,0
3,8,3,44,4,1,0,0.999468,1.00227,1.010833,42,0,334,100,100,0,0,0,16,16,6,0,0,80,5,126,36,0,0,3008,195,0,12,0,932,148,0,24,0,477,1,0,12,0,227,0,0,12,0,0,41,48,26,0,0,50,6,1,0,0,1,1,0,0
3,9,0,44,2,8,0,0.990931,0.988412,1.004875,42,0,334,100,100,0,0,0,0,8,18,18,0,80,6,114,36,0,0,2888,184,0,12,0,929,156,0,24,0,433,0,0,24,0,272,0,0,0,0,0,13,0,38,0,0,73,12,1,0,0,1,1,0,0
3,9,1,41,2,8,0,1.00756,0.991936,1.01291,39,0,334,100,100,0,0,0,8,0,18,18,0,80,6,91,33,0,0,2888,235,0,11,0,929,145,0,22,0,433,1,0,26,0,272,0,0,0,0,0,14,0,39,0,0,74,13,1,0,0,1,1,0,0
3,9,2,52,2,8,0,1.006095,0.998327,1.009028,48,0,334,100,100,0,0,0,18,18,0,8,0,80,6,75,0,0,0,2888,231,0,0,0,929,197,0,0,0,433,14,0,20,0,272,0,0,0,0,0,0,0,20,0,0,75,10,0,0,0,0,0,0,0
3,9,3,45,2,8,0,1.000914,1.001469,1.010019,43,0,334,100,100,0,0,0,18,18,8,0,0,80,6,137,36,0,0,2888,251,0,12,0,929,160,0,24,0,433,0,0,28,0,272,0,0,0,0,0,15,0,42,0,0,63,14,1,0,0,1,1,0,0
3,10,0,44,3,5,0,0.991006,0.989281,1.004735,42,0,334,100,100,0,0,0,0,10,20,20,2,80,2,126,36,0,0,3112,208,0,12,0,955,165,0,24,0,492,1,0,10,0,205,0,0,16,0,0,70,64,24,0,0,77,5,1,0,0,1,1,0,0
3,10,1,41,3,5,0,1.00756,0.991936,1.01291,40,0,334,100,100,0,0,0,10,0,20,20,2,80,2,99,33,0,0,3112,183,0,11,0,955,153,0,22,0,492,1,0,12,0,205,0,0,16,0,0,70,64,25,0,0,79,6,1,0,0,1,1,0,0
3,10,2,54,3,5,0,1.007343,0.99532,1.007975,48,0,334,100,100,0,0,0,20,20,0,10,2,80,2,85,42,0,0,3112,165,0,14,0,955,208,0,28,0,492,0,0,32,0,205,0,0,19,0,0,43,76,50,0,0,89,16,2,0,0,2,2,0,0
3,10,3,41,3,5,0,1.004879,1.002922,1.009479,40,0,334,100,100,0,0,0,20,20,10,0,2,80,2,143,33,0,0,3112,195,0,11,0,955,166,0,22,0,492,0,0,8,0,205,0,0,10,0,0,51,40,21,0,0,66,4,1,0,0,1,1,0,0
3,11,0,45,7,5,0,0.990975,0.989748,1.006238,43,0,334,100,100,0,0,0,0,12,22,22,2,80,7,132,36,0,0,2784,240,0,12,0,944,177,0,24,0,487,1,0,12,0,227,0,0,12,0,0,109,48,26,0,0,82,6,1,0,0,1,1,0,0
3,11,1,42,7,5,0,1.006907,0.987579,1.0115,39,0,334,100,100,0,0,0,12,0,22,22,2,80,7,110,33,0,0,2784,219,0,11,0,944,164,0,22,0,487,0,0,16,0,227,0,0,15,0,0,120,60,27,0,0,87,8,0,0,0,0,0,0,0
3,11,2,55,7,5,0,1.008343,0.99772,1.006835,49,0,334,100,100,0,0,0,22,22,0,10,2,80,7,95,42,0,0,2784,201,0,14,0,944,222,0,28,0,487,1,0,20,0,227,0,0,12,0,0,68,48,38,0,0,97,10,2,0,0,2,2,0,0
3,11,3,40,7,5,0,1.004829,1.003416,1.010277,39,0,334,100,100,0,0,0,22,22,10,0,2,80,7,149,33,0,0,2784,255,0,11,0,944,177,0,22,0,487,1,0,8,0,227,0,0,6,0,0,71,24,19,0,0,70,4,0,0,0,0,0,0,0
3,12,0,44,2,4,0,0.991178,0.990809,1.005048,43,0,334,100,100,0,0,0,0,12,24,24,2,80,4,137,36,0,0,3088,183,0,12,0,938,189,0,24,0,478,1,0,18,0,272,0,0,0,0,0,94,0,32,0,0,90,9,1,0,0,1,1,0,0
3,12,1,43,2,4,0,1.007427,0.986017,1.01056,39,0,334,100,100,0,0,0,12,0,24,24,2,80,4,125,39,0,0,3088,164,0,13,0,938,177,0,26,0,478,0,0,16,0,272,0,0,0,0,0,104,0,33,0,0,93,8,2,0,0,2,2,0,0
3,12,2,53,2,4,0,1.008619,0.998791,1.009639,48,0,334,100,100,0,0,0,24,24,0,10,2,80,4,100,42,0,0,3088,220,0,14,0,938,236,0,28,0,478,1,0,20,0,272,0,0,0,0,0,47,0,38,0,0,105,10,2,0,0,2,2,0,0
3,12,3,40,2,4,0,1.004829,1.003416,1.010277,39,0,334,100,100,0,0,0,24,24,10,0,2,80,4,161,33,0,0,3088,204,0,11,0,938,188,0,22,0,478,1,0,12,0,272,0,0,0,0,0,63,0,25,0,0,75,6,1,0,0,1,1,0,0
3,13,0,42,5,12,0,0.992597,0.990799,1.005903,41,0,334,100,100,0,0,0,0,12,26,26,2,80,2,147,36,0,0,2896,215,0,12,0,941,198,0,24,0,506,1,0,10,0,240,0,0,3,0,0,98,12,22,0,0,95,5,0,0,0,0,0,0,0
3,13,1,40,5,12,0,1.008146,0.985728,1.01238,36,0,334,100,100,0,0,0,12,0,26,26,2,80,2,138,39,0,0,2896,212,0,13,0,941,190,0,26,0,506,1,0,4,0,240,0,0,3,0,0,109,12,19,0,0,94,2,1,0,0,1,1,0,0
3,13,2,52,5,12,0,1.009841,0.992689,1.006616,48,0,334,100,100,0,0,0,26,26,0,10,2,80,2,105,39,0,0,2896,154,0,13,0,941,249,0,26,0,506,1,0,12,0,240,0,0,9,0,0,79,36,29,0,0,109,6,2,0,0,2,2,0,0
3,13,3,39,5,12,0,1.006856,1.003815,1.009636,38,0,334,100,100,0,0,0,26,26,10,0,2,80,2,173,33,0,0,2896,257,0,11,0,941,199,0,22,0,506,1,0,8,0,240,0,0,0,0,0,61,0,19,0,0,79,4,0,0,0,0,0,0,0
3,14,0,31,6,20,0,0.99417,0.986524,1.006825,28,0,334,100,100,0,0,0,0,12,28,28,2,80,2,157,36,0,0,3112,161,0,12,0,938,210,0,24,0,454,1,0,18,0,272,0,0,0,0,0,76,0,32,0,0,103,9,1,0,0,1,1,0,0
3,14,1,36,6,20,0,1.013108,0.983864,1.015349,31,0,334,100,100,0,0,0,12,0,28,28,2,80,2,156,42,0,0,3112,158,0,14,0,938,204,0,28,0,454,0,0,16,0,272,0,0,0,0,0,87,0,34,0,0,100,8,2,0,0,2,2,0,0
3,14,2,53,6,20,0,1.011754,0.992493,1.006274,50,0,334,100,100,0,0,0,28,28,0,12,2,80,2,112,39,0,0,3112,177,0,13,0,938,262,0,26,0,454,0,0,40,0,272,0,0,0,0,0,41,0,55,0,0,128,20,1,0,0,1,1,0,0
3,14,3,39,6,20,0,1.009179,1.004793,1.012278,37,0,334,100,100,0,0,0,28,28,12,0,2,80,2,184,33,0,0,3112,207,0,11,0,938,210,0,22,0,454,0,0,16,0,272,0,0,0,0,0,48,0,29,0,0,86,8,1,0,0,1,1,0,0
3,15,0,30,3,2,0,0.992516,0.985517,1.006203,28,0,334,100,100,0,0,0,0,14,30,30,2,80,4,178,36,0,0,2984,166,0,12,0,935,222,0,24,0,477,0,0,16,0,272,0,0,0,0,0,53,0,30,0,0,110,8,1,0,0,1,1,0,0
3,15,1,36,3,2,0,1.012023,0.981862,1.014348,32,0,334,100,100,0,0,0,14,0,30,30,2,80,4,182,42,0,0,2984,172,0,14,0,935,218,0,28,0,477,1,0,12,0,272,0,0,0,0,0,65,0,30,0,0,104,6,2,0,0,2,2,0,0
3,15,2,54,3,2,0,1.013503,0.991449,1.004895,51,0,334,100,100,0,0,0,30,30,0,14,2,80,4,116,39,0,0,2984,207,0,13,0,935,275,0,26,0,477,0,0,28,0,272,0,0,0,0,0,29,0,43,0,0,141,14,1,0,0,1,1,0,0
3,15,3,40,3,2,0,1.007745,1.002938,1.012159,38,0,334,100,100,0,0,0,30,30,14,0,2,80,4,194,33,0,0,2984,157,0,11,0,935,221,0,22,0,477,1,0,10,0,272,0,0,0,0,0,47,0,23,0,0,90,5,1,0,0,1,1,0,0
3,16,0,31,5,4,0,0.99494,0.986899,1.006311,29,0,334,100,100,0,0,0,0,14,32,32,2,80,6,200,36,0,0,2888,172,0,12,0,935,234,0,24,0,484,1,0,14,0,246,0,0,6,0,0,57,24,28,0,0,116,7,1,0,0,1,1,0,0
3,16,1,37,5,4,0,1.011547,0.979241,1.016838,33,0,334,100,100,0,0,0,14,0,32,32,2,80,6,204,42,0,0,2888,178,0,14,0,935,232,0,28,0,484,0,0,4,0,246,0,0,13,0,0,113,52,20,0,0,105,2,1,0,0,1,1,0,0
3,16,2,55,5,4,0,1.015942,0.988394,1.002981,51,1,459,100,100,0,0,0,32,32,0,16,2,80,6,127,42,0,0,2888,227,0,14,0,935,289,0,28,0,484,1,0,26,0,246,0,0,6,0,0,20,24,59,0,0,136,13,18,0,0,1,1,0,0
3,16,3,38,5,4,0,1.010214,1.002731,1.009441,37,0,334,100,100,0,0,0,32,32,16,0,2,80,6,205,33,0,0,2888,194,0,11,0,935,232,0,22,0,484,0,0,16,0,246,0,0,1,0,0,40,4,29,0,0,97,8,1,0,0,1,1,0,0
3,17,0,31,2,3,0,0.99494,0.986899,1.006311,30,0,334,100,100,0,0,0,0,14,34,34,2,80,4,220,36,0,0,3000,177,0,12,0,932,246,0,24,0,500,0,0,12,0,255,0,0,4,0,2,57,16,26,0,0,121,6,1,0,0,1,1,0,0
3,17,1,36,2,3,0,1.007985,0.975494,1.011034,33,0,334,100,100,0,0,0,14,0,34,34,2,80,4,226,42,0,0,3000,183,0,14,0,932,246,0,28,0,500,1,0,8,0,255,0,0,2,0,2,109,8,24,0,0,108,4,1,0,0,1,1,0,0
3,17,2,54,2,3,0,1.014095,0.990871,1.003838,51,1,459,100,100,0,0,0,34,34,0,16,2,80,4,134,42,0,0,3000,158,0,14,0,932,303,0,28,0,500,0,0,20,0,255,0,0,6,0,2,30,24,38,0,0,144,10,2,0,0,2,2,0,0
3,17,3,39,2,3,0,1.010405,1.004517,1.009601,38,0,334,100,100,0,0,0,34,34,16,0,2,80,4,216,33,0,0,3000,233,0,11,0,932,243,0,22,0,500,1,0,4,0,255,0,0,5,0,2,63,20,15,0,0,99,2,0,0,0,0,0,0,0
3,18,0,32,6,2,0,0.998352,0.989349,1.011035,30,0,334,100,100,0,0,0,0,14,36,36,2,80,0,244,36,0,0,3008,182,0,12,0,932,258,0,24,0,455,1,0,16,0,270,0,0,1,0,0,45,4,28,0,0,129,8,0,0,0,0,0,0,0
3,18,1,36,6,2,0,1.007985,0.975494,1.011034,34,0,334,100,100,0,0,0,14,0,36,36,2,80,0,252,42,0,0,3008,189,0,14,0,932,260,0,28,0,455,0,0,16,0,270,0,0,0,0,0,84,0,32,0,0,115,8,1,0,0,1,1,0,0
3,18,2,57,6,2,0,1.013845,0.989086,1.002743,53,1,459,100,100,0,0,0,36,36,0,16,2,80,0,142,42,0,0,3008,178,0,14,0,932,317,0,28,0,455,1,0,36,0,270,0,0,1,0,0,8,4,52,0,0,161,18,1,0,0,1,1,0,0
3,18,3,39,6,2,0,1.010657,1.007749,1.007638,37,0,334,100,100,0,0,0,36,36,16,0,2,80,0,232,36,0,0,3008,182,0,12,0,932,255,0,24,0,455,0,0,18,0,270,0,0,0,0,0,54,0,32,0,0,107,9,1,0,0,1,1,0,0
3,19,0,31,4,3,0,0.998258,0.98667,1.011022,29,0,334,100,100,0,0,0,0,14,38,38,2,80,2,257,33,0,0,2928,187,0,11,0,926,269,0,22,0,541,1,0,0,0,179,9,0,12,0,38,83,48,13,0,0,128,0,1,0,0,1,1,0,0
3,19,1,37,4,3,0,1.00652,0.975876,1.00926,35,0,334,100,100,0,0,0,14,0,38,38,2,80,2,276,42,0,0,2928,195,0,14,0,926,274,0,28,0,541,0,0,0,0,179,2,0,16,0,38,141,64,16,0,0,114,0,1,0,0,1,1,0,0
3,19,2,57,4,3,0,1.012442,0.990243,1.004769,52,1,459,100,100,0,0,0,38,38,0,18,2,80,2,154,45,0,0,2928,194,0,15,0,926,332,0,30,0,541,0,0,4,0,179,6,0,27,0,38,105,108,23,0,0,161,2,2,0,0,2,2,0,0
3,19,3,40,4,3,0,1.01224,1.005817,1.007454,38,0,334,100,100,0,0,0,38,38,18,0,2,80,2,247,36,0,0,2928,211,0,12,0,926,267,0,24,0,541,0,0,0,0,179,1,0,20,0,38,126,80,14,0,0,106,0,1,0,0,1,1,0,0
3,20,0,32,5,5,0,1.002193,0.99184,1.016121,29,0,334,100,100,0,0,0,0,14,40,40,2,80,1,277,33,0,0,3000,193,0,11,0,932,280,0,22,0,443,0,0,22,0,272,0,0,9,0,0,98,36,35,0,0,138,11,1,0,0,1,1,0,0
3,20,1,37,5,5,0,1.00652,0.975876,1.00926,36,1,459,100,100,0,0,0,14,0,40,40,2,80,1,300,42,0,0,3000,208,0,14,0,932,288,0,28,0,443,0,0,18,0,272,0,0,2,0,0,115,8,51,0,0,105,9,18,0,0,1,1,0,0
3,20,2,57,5,5,0,1.013558,0.990619,1.005137,53,1,459,100,100,0,0,0,40,40,0,18,2,80,1,161,45,0,0,3000,202,0,15,0,932,347,0,30,0,443,1,0,40,0,272,0,0,6,0,0,87,24,59,0,0,179,20,2,0,0,2,2,0,0
3,20,3,39,5,5,0,1.009827,1.003278,1.002751,36,0,334,100,100,0,0,0,40,40,18,0,2,80,1,264,36,0,0,3000,159,0,12,0,932,279,0,24,0,443,1,0,20,0,272,0,0,1,0,0,110,4,34,0,0,115,10,1,0,0,1,1,0,0
3,21,0,28,1,12,0,0.997867,0.9858,1.016432,26,1,459,100,100,0,0,0,0,16,42,42,2,80,8,302,36,0,0,2984,205,0,12,0,932,292,0,24,0,475,0,0,6,0,272,0,0,0,0,2,76,0,37,0,0,123,3,18,0,0,1,1,0,0
3,21,1,34,1,12,0,1.00064,0.973324,1.006834,34,1,459,100,100,0,0,0,16,0,42,42,2,80,8,316,42,0,0,2984,157,0,14,0,932,302,0,28,0,475,1,0,4,0,272,0,0,0,0,2,114,0,18,0,0,107,2,0,0,0,0,0,0,0
3,21,2,55,1,12,0,1.011609,0.989091,1.00293,52,1,459,100,100,0,0,0,42,42,0,20,3,80,8,170,48,0,0,2984,209,0,16,0,932,357,0,32,0,475,1,0,24,0,272,0,0,0,0,2,62,0,42,0,0,190,12,1,0,0,1,1,0,0
3,21,3,37,1,12,0,1.008099,1.002765,1.002138,35,1,459,100,100,0,0,0,42,42,20,0,3,80,8,276,33,0,0,2984,189,0,11,0,932,290,0,22,0,475,1,0,12,0,272,0,0,0,0,2,85,0,42,0,0,103,6,18,0,0,1,1,0,0
3,22,0,28,2,4,0,1.000541,0.987485,1.01621,26,1,459,100,100,0,0,0,0,16,44,44,2,80,9,319,33,0,0,2976,166,0,11,0,926,303,0,22,0,471,0,0,12,0,272,0,0,0,0,0,68,0,25,0,0,128,6,1,0,0,1,1,0,0
3,22,1,33,2,4,0,1.002379,0.974337,1.008795,33,1,459,100,100,0,0,0,16,0,44,44,2,80,9,342,42,0,0,2976,173,0,14,0,926,316,0,28,0,471,0,0,8,0,272,0,0,0,0,0,107,0,22,0,0,111,4,0,0,0,0,0,0,0
3,22,2,56,2,4,0,1.01236,0.988149,1.00474,53,1,459,100,100,0,0,0,44,44,0,20,3,80,9,185,51,0,0,2976,217,0,17,0,926,374,0,34,0,471,0,0,34,0,272,0,0,0,0,0,26,0,53,0,0,206,17,1,0,0,1,1,0,0
3,22,3,35,2,4,0,1.007913,1.003875,1.002318,34,1,459,100,100,0,0,0,44,44,20,0,3,80,9,291,33,0,0,2976,213,0,11,0,926,301,0,22,0,471,1,0,18,0,272,0,0,0,0,0,71,0,31,0,0,111,9,1,0,0,1,1,0,0
3,23,0,28,2,5,0,1.000541,0.987485,1.01621,27,1,459,100,100,0,0,0,0,16,46,44,2,80,13,340,33,0,0,3000,183,0,11,0,929,314,0,22,0,468,1,0,14,0,272,0,0,0,0,1,56,0,27,0,0,134,7,1,0,0,1,1,0,0
3,23,1,31,2,5,0,1.005702,0.974897,1.008519,31,1,459,100,100,0,0,0,16,0,46,46,2,80,13,364,39,0,0,3000,183,0,13,0,929,329,0,26,0,468,1,0,8,0,272,0,0,0,0,1,103,0,21,0,0,115,4,0,0,0,0,0,0,0
3,23,2,56,2,5,0,1.014161,0.986951,1.007226,52,1,459,100,100,0,0,0,46,46,0,20,3,80,13,176,30,0,0,3000,215,0,10,0,929,405,0,20,0,468,0,0,34,0,272,0,0,0,0,1,0,0,44,0,0,223,17,0,0,0,0,0,0,0
3,23,3,34,2,5,0,1.007806,1.007217,1.001497,34,1,459,100,100,0,0,0,44,46,20,0,3,80,13,298,30,0,0,3000,168,0,10,0,929,311,0,20,0,468,1,0,18,0,272,0,0,0,0,1,60,0,28,0,0,120,9,0,0,0,0,0,0,0
3,24,0,30,6,12,0,0.997417,0.987947,1.018543,28,1,459,100,100,0,0,0,0,18,48,46,2,80,2,368,33,0,0,2944,200,0,11,0,932,325,0,22,0,518,0,0,4,0,255,0,0,5,0,2,76,20,15,0,0,136,2,0,0,0,0,0,0,0
3,24,1,31,6,12,0,1.005702,0.974897,1.008519,31,1,459,100,100,0,0,0,18,0,48,48,2,80,2,389,39,0,0,2944,195,0,13,0,932,342,0,26,0,518,1,0,6,0,255,0,0,0,0,2,101,0,19,0,0,118,3,0,0,0,0,0,0,0
3,24,2,49,6,12,0,1.019152,0.987895,1.002251,42,1,459,100,100,0,0,0,48,48,0,20,3,80,2,192,51,0,0,2944,206,0,17,0,932,422,0,34,0,518,1,0,12,0,255,0,0,8,0,2,10,32,33,0,0,227,6,2,0,0,2,2,0,0
3,24,3,33,6,12,0,1.010337,1.010433,1.00274,32,1,459,100,100,0,0,0,46,48,20,0,3,80,2,311,30,0,0,2944,188,0,10,0,932,321,0,20,0,518,1,0,4,0,255,0,0,4,0,2,77,16,14,0,0,122,2,0,0,0,0,0,0,0
3,25,0,30,1,5,0,0.997417,0.987947,1.018543,28,1,459,100,100,0,0,0,0,18,50,48,2,80,21,388,33,0,0,3000,159,0,11,0,932,336,0,22,0,482,0,0,12,0,272,0,0,0,0,0,74,0,25,0,0,141,6,1,0,0,1,1,0,0
3,25,1,28,1,5,0,1.000767,0.980262,1.006879,28,2,584,100,100,0,0,0,18,0,50,50,2,80,21,407,39,0,0,3000,183,0,13,0,932,355,0,26,0,482,1,0,6,0,272,0,0,0,0,0,80,0,36,0,0,104,3,17,0,0,0,0,0,0
3,25,2,50,1,5,0,1.019519,0.988024,1.003261,44,1,459,100,100,0,0,0,50,50,0,20,3,80,21,157,0,0,0,3000,229,0,0,0,932,459,0,0,0,482,9,0,24,0,272,0,0,0,0,0,0,0,24,0,0,239,12,0,0,0,0,0,0,0
3,25,3,31,1,5,0,1.003901,1.014298,1.003035,30,1,459,100,100,0,0,0,48,50,20,0,3,80,21,321,30,0,0,3000,201,0,10,0,932,331,0,20,0,482,1,0,12,0,272,0,0,0,0,0,69,0,24,0,0,127,6,1,0,0,1,1,0,0
3,26,0,30,4,5,0,0.999781,0.980715,1.017988,27,2,584,100,100,0,0,0,0,18,52,48,2,80,8,400,27,0,0,3104,184,0,9,0,929,345,0,18,0,481,0,0,12,0,272,0,0,0,0,0,51,0,40,0,0,129,6,18,0,0,1,1,0,0
3,26,1,29,4,5,0,1.002604,0.981848,1.006747,28,2,584,100,100,0,0,0,18,0,52,52,2,80,8,436,39,0,0,3104,174,0,13,0,929,368,0,26,0,481,0,0,10,0,272,0,0,0,0,0,74,0,23,0,0,109,5,0,0,0,0,0,0,0
3,26,2,49,4,5,0,1.02297,0.98671,1.001453,42,1,459,100,100,0,0,0,52,52,0,20,3,80,8,124,0,0,0,3104,179,0,0,0,929,459,0,0,0,481,20,0,16,0,272,0,0,0,0,0,0,0,16,0,0,247,8,0,0,0,0,0,0,0
3,26,3,30,4,5,0,1.001858,1.014866,1.00651,30,1,459,100,100,0,0,0,48,52,20,0,3,80,8,335,30,0,0,3104,160,0,10,0,929,341,0,20,0,481,0,0,16,0,272,0,0,0,0,0,59,0,26,0,0,135,8,0,0,0,0,0,0,0
3,27,0,30,2,2,0,0.999781,0.980715,1.017988,28,2,584,100,100,0,0,0,0,18,54,50,2,80,13,418,30,0,0,2992,208,0,10,0,929,355,0,20,0,502,1,0,6,0,265,0,0,3,0,0,62,12,18,0,0,131,3,1,0,0,1,1,0,0
3,27,1,29,2,2,0,1.002604,0.981848,1.006747,28,2,584,100,100,0,0,0,18,0,54,54,2,80,13,459,39,0,0,2992,164,0,13,0,929,381,0,26,0,502,1,0,6,0,265,0,0,0,0,0,70,0,21,0,0,111,3,1,0,0,1,1,0,0
3,27,2,48,2,2,0,1.021703,0.983446,1.000941,40,1,459,100,100,0,0,0,54,54,0,20,3,80,13,102,9,0,0,2992,183,0,3,0,929,453,0,6,0,502,10,0,28,0,265,0,0,4,0,0,0,16,31,0,0,261,14,0,0,0,0,0,0,0
3,27,3,31,2,2,0,1.003216,1.014331,1.00813,30,1,459,100,100,0,0,0,50,54,20,0,3,80,13,353,30,0,0,2992,168,0,10,0,929,351,0,20,0,502,0,0,10,0,265,0,0,0,0,0,56,0,20,0,0,140,5,0,0,0,0,0,0,0
3,28,0,30,1,1,0,0.999781,0.980715,1.017988,29,2,584,100,100,0,0,0,0,18,56,52,2,80,20,434,30,0,0,3064,168,0,10,0,926,365,0,20,0,521,1,0,2,0,244,0,0,7,0,68,76,28,14,0,0,131,1,1,0,0,1,1,0,0
3,28,1,29,1,1,0,1.005887,0.985,1.003955,28,2,584,100,100,0,0,0,18,0,56,56,2,80,20,480,36,0,0,3064,155,0,12,0,926,393,0,24,0,521,0,0,4,0,244,0,0,1,0,68,58,4,16,0,0,113,2,0,0,0,0,0,0,0
3,28,2,48,1,1,0,1.021703,0.983446,1.000941,40,1,459,100,100,0,0,0,56,56,0,20,3,80,20,133,63,0,0,3064,170,0,21,0,926,417,0,42,0,521,0,0,20,0,244,3,0,14,0,68,7,56,49,0,0,267,10,4,0,0,4,4,0,0
3,28,3,31,1,1,0,1.003216,1.014331,1.00813,30,1,459,100,100,0,0,0,52,56,20,0,3,80,20,364,30,0,0,3064,175,0,10,0,926,361,0,20,0,521,0,0,8,0,244,0,0,3,0,68,48,12,20,0,0,143,4,1,0,0,1,1,0,0
3,29,0,29,3,6,0,0.999197,0.985617,1.018115,29,2,584,100,100,0,0,0,0,18,58,54,2,80,10,449,30,0,0,3000,192,0,10,0,926,375,0,20,0,502,0,0,4,0,259,0,0,6,0,68,86,24,14,0,0,133,2,0,0,0,0,0,0,0
3,29,1,29,3,6,0,1.004323,0.983014,1.003043,27,3,709,100,100,0,0,0,18,0,58,58,2,80,10,505,39,0,0,3000,145,0,13,0,926,406,0,26,0,502,1,0,2,0,259,0,0,3,0,68,36,12,34,0,0,96,1,18,0,0,1,1,0,0
3,29,2,49,3,6,0,1.02153,0.981757,1.002747,43,1,459,100,100,0,0,0,58,58,0,20,3,80,10,108,3,0,0,3000,177,0,1,0,926,457,0,2,0,502,9,0,18,0,259,0,0,3,0,68,0,12,19,0,0,276,9,0,0,0,0,0,0,0
3,29,3,28,3,6,0,1.007215,1.016169,1.013252,28,1,459,100,100,0,0,0,54,58,20,0,3,80,10,377,30,0,0,3000,182,0,10,0,926,371,0,20,0,502,1,0,8,0,259,0,0,0,0,68,30,0,18,0,0,147,4,0,0,0,0,0,0,0
3,30,0,29,4,1,0,0.999197,0.985617,1.018115,29,2,584,100,100,0,0,0,0,18,60,56,2,80,7,465,30,0,0,2992,217,0,10,0,955,381,0,20,0,485,0,0,12,0,266,0,0,0,0,29,71,0,22,0,0,139,6,0,0,0,0,0,0,0
3,30,1,29,4,1,0,1.002517,0.978222,1.001891,27,3,709,100,100,0,0,0,18,0,60,60,2,80,7,531,39,0,0,2992,135,0,13,0,955,413,0,26,0,485,0,0,4,0,266,0,0,3,0,29,42,12,19,0,0,97,2,1,0,0,1,1,0,0
3,30,2,50,4,1,0,1.021128,0.982654,1.002164,43,1,459,100,100,0,0,0,60,60,0,20,3,80,7,84,3,0,0,2992,191,0,1,0,955,457,0,2,0,485,19,0,20,0,266,0,0,3,0,29,0,12,21,0,0,286,10,0,0,0,0,0,0,0
3,30,3,30,4,1,0,1.003173,1.015355,1.013954,28,1,459,100,100,0,0,0,56,60,20,0,3,80,7,395,30,0,0,2992,192,0,10,0,955,370,0,20,0,485,1,0,14,0,266,0,0,0,0,29,16,0,24,0,0,154,7,0,0,0,0,0,0,0
3,31,0,29,8,5,0,1.0015,0.985879,1.018767,28,2,584,100,100,0,0,0,0,18,62,58,2,80,0,484,27,0,0,3056,179,0,9,0,920,390,0,18,0,479,0,0,12,0,272,0,0,0,0,0,74,0,21,0,0,145,6,0,0,0,0,0,0,0
3,31,1,30,8,5,0,1.001104,0.979665,1.002287,27,3,709,100,100,0,0,0,18,0,62,62,2,80,0,556,36,0,0,3056,126,0,12,0,920,425,0,24,0,479,0,0,6,0,272,0,0,0,0,0,40,0,20,0,0,99,3,1,0,0,1,1,0,0
3,31,2,52,8,5,0,1.023395,0.984427,1.000986,42,1,459,100,100,0,0,0,62,62,0,20,3,80,0,57,3,0,0,3056,204,0,1,0,920,457,0,2,0,479,41,0,10,0,272,0,0,0,0,0,0,0,11,0,0,291,5,0,0,0,0,0,0,0
3,31,3,30,8,5,0,1.008621,1.012303,1.011765,26,1,459,100,100,0,0,0,58,62,20,0,3,80,0,413,30,0,0,3056,200,0,10,0,920,380,0,20,0,479,0,0,16,0,272,0,0,0,0,0,1,0,28,0,0,161,8,1,0,0,1,1,0,0
3,32,0,29,2,4,0,1.0015,0.985879,1.018767,28,2,584,100,100,0,0,0,0,18,66,60,2,80,9,494,27,0,0,3040,205,0,9,0,920,399,0,18,0,490,1,0,10,0,264,0,0,0,0,68,53,0,21,0,0,149,5,1,0,0,1,1,0,0
3,32,1,30,2,4,0,1.001104,0.979665,1.002287,28,3,709,100,100,0,0,0,18,0,66,64,2,80,9,581,39,0,0,3040,115,0,13,0,920,438,0,26,0,490,0,0,8,0,264,0,0,0,0,68,17,0,23,0,0,102,4,1,0,0,1,1,0,0
3,32,2,50,2,4,0,1.023438,0.986346,0.995913,39,1,459,100,100,0,0,0,66,66,0,22,3,80,9,32,0,0,0,3040,192,0,0,0,920,459,0,0,0,490,43,0,24,0,264,0,0,6,0,68,0,24,24,0,0,303,12,0,0,0,0,0,0,0
3,32,3,30,2,4,0,1.008621,1.012303,1.011765,27,1,459,100,100,0,0,0,60,64,22,0,3,80,9,398,3,0,0,3040,169,0,1,0,920,411,0,2,0,490,9,0,0,0,264,0,0,0,0,68,0,0,1,0,0,161,0,0,0,0,0,0,0,0
3,33,0,30,5,7,0,1.002469,0.98473,1.020546,29,3,709,100,100,0,0,0,0,18,68,62,2,80,2,512,27,0,0,3096,167,0,9,0,929,408,0,18,0,542,1,0,0,0,198,4,0,14,0,0,100,56,26,0,0,132,0,17,0,0,0,0,0,0
3,33,1,32,5,7,0,1.005324,0.981609,1.000835,29,4,834,100,100,0,0,0,18,0,68,66,2,80,2,603,39,0,0,3096,104,0,13,0,929,451,0,26,0,542,0,0,0,0,198,0,0,9,0,0,38,36,32,0,0,84,0,18,0,0,1,1,0,0
3,33,2,44,5,7,0,1.023752,0.984535,0.993458,37,1,459,100,100,0,0,0,68,68,0,22,3,80,2,70,60,0,0,3096,146,0,20,0,929,419,0,40,0,542,25,0,20,0,198,24,0,10,0,0,11,40,46,0,0,310,10,3,0,0,3,3,0,0
3,33,3,31,5,7,0,1.009395,1.013334,1.014543,27,2,584,100,100,0,0,0,62,66,22,0,3,80,2,420,33,0,0,3096,176,0,11,0,929,422,0,22,0,542,1,0,8,0,198,0,0,13,0,0,29,52,40,0,0,146,4,19,0,0,2,2,0,0
3,34,0,30,3,3,0,1.001126,0.981863,1.019421,28,3,709,100,100,0,0,0,0,18,70,62,2,80,0,524,27,0,0,3032,192,0,9,0,923,417,0,18,0,466,0,0,18,0,271,0,0,4,0,0,104,16,29,0,0,140,9,1,0,0,1,1,0,0
3,34,1,32,3,3,0,1.006474,0.981394,0.998327,29,4,834,100,100,0,0,0,18,0,70,68,2,80,0,631,42,0,0,3032,90,0,14,0,923,465,0,28,0,466,0,0,10,0,271,0,0,0,0,0,27,0,26,0,0,88,5,1,0,0,1,1,0,0
3,34,2,44,3,3,0,1.024718,0.986265,0.993659,39,2,584,100,100,0,0,0,70,70,0,22,3,80,0,108,60,0,0,3032,106,0,20,0,923,419,0,40,0,466,38,0,20,0,271,14,0,10,0,0,7,40,61,0,0,301,10,19,0,0,2,2,0,0
3,34,3,31,3,3,0,1.009395,1.013334,1.014543,29,2,584,100,100,0,0,0,62,68,22,0,3,80,0,440,36,0,0,3032,181,0,12,0,923,434,0,24,0,466,1,0,12,0,271,0,0,1,0,0,24,4,26,0,0,151,6,1,0,0,1,1,0,0
3,35,0,29,6,9,0,1.000492,0.978421,1.019088,27,3,709,100,100,0,0,0,0,18,72,64,2,80,4,537,27,0,0,3032,217,0,9,0,923,426,0,18,0,462,0,0,18,0,272,0,0,0,0,0,89,0,29,0,0,148,9,1,0,0,1,1,0,0
3,35,1,32,6,9,0,1.007678,0.984007,0.998542,27,4,834,100,100,0,0,0,18,0,72,70,2,80,4,651,36,0,0,3032,78,0,12,0,923,477,0,24,0,462,1,0,8,0,272,0,0,0,0,0,21,0,22,0,0,91,4,1,0,0,1,1,0,0
3,35,2,43,6,9,0,1.023751,0.985279,0.993253,39,2,584,100,100,0,0,0,72,72,0,24,3,80,4,139,57,0,0,3032,67,0,19,0,923,438,0,38,0,462,56,0,18,0,272,5,0,9,0,0,18,36,39,0,0,309,9,1,0,0,1,1,0,0
3,35,3,30,6,9,0,1.007992,1.010756,1.014082,29,2,584,100,100,0,0,0,64,70,24,0,3,80,4,464,36,0,0,3032,186,0,12,0,923,446,0,24,0,462,1,0,12,0,272,0,0,0,0,0,15,0,26,0,0,156,6,1,0,0,1,1,0,0
3,36,0,28,1,3,0,1.000037,0.980097,1.021027,28,3,709,100,100,0,0,0,0,20,76,66,3,80,6,548,27,0,0,3096,178,0,9,0,926,435,0,18,0,529,0,0,4,0,223,0,0,9,0,0,127,36,13,0,0,150,2,0,0,0,0,0,0,0
3,36,1,31,1,3,0,1.008145,0.981961,1.000815,27,4,834,100,100,0,0,0,20,0,74,72,3,80,6,679,42,0,0,3096,56,0,14,0,926,491,0,28,0,529,0,0,4,0,223,0,0,8,0,0,48,32,22,0,0,91,2,2,0,0,2,2,0,0
3,36,2,43,1,3,0,1.023445,0.990385,0.99551,39,2,584,100,100,0,0,0,76,74,0,28,3,80,6,175,57,0,0,3096,31,0,19,0,926,457,0,38,0,529,40,0,20,0,223,18,0,10,0,0,32,40,43,0,0,317,10,2,0,0,2,2,0,0
3,36,3,30,1,3,0,1.007992,1.010756,1.014082,30,2,584,100,100,0,0,0,66,72,28,0,3,80,6,486,36,0,0,3096,191,0,12,0,926,458,0,24,0,529,1,0,4,0,223,0,0,6,0,0,40,24,16,0,0,158,2,0,0,0,0,0,0,0
3,37,0,28,5,10,0,0.995634,0.98293,1.027523,26,3,709,100,100,0,0,0,0,22,80,68,3,80,3,564,27,0,0,3028,204,0,9,0,926,444,0,18,0,544,0,0,0,0,199,0,0,12,0,2,181,48,9,0,0,150,0,0,0,0,0,0,0,0
3,37,1,29,5,10,0,1.010151,0.984965,0.998586,27,4,834,100,100,0,0,0,22,0,76,74,3,80,3,702,39,0,0,3028,36,0,13,0,926,504,0,26,0,544,0,0,0,0,199,0,0,12,0,2,98,48,15,0,0,90,0,1,0,0,1,1,0,0
3,37,2,41,5,10,0,1.028654,0.989595,0.995631,37,2,584,100,100,0,0,0,80,76,0,32,3,80,3,202,51,0,0,3028,9,0,17,0,926,474,0,34,0,544,22,0,18,0,199,40,0,9,0,2,46,36,37,0,0,325,9,1,0,0,1,1,0,0
3,37,3,29,5,10,0,1.013884,1.013754,1.017256,28,3,709,100,100,0,0,0,68,74,32,0,3,80,3,506,30,0,0,3028,198,0,10,0,926,468,0,20,0,544,1,0,0,0,199,0,0,12,0,2,78,48,27,0,0,141,0,17,0,0,0,0,0,0
3,38,0,28,2,2,0,0.995634,0.98293,1.027523,26,3,709,100,100,0,0,0,0,24,84,68,3,80,15,577,27,0,0,3120,165,0,9,0,941,453,0,18,0,516,1,0,4,0,234,0,0,8,0,0,215,32,15,0,0,151,2,1,0,0,1,1,0,0
3,38,1,27,2,2,0,1.005887,0.982897,1.005274,26,4,834,100,100,0,0,0,24,0,78,76,3,80,15,719,33,0,0,3120,22,0,11,0,941,515,0,22,0,516,0,0,4,0,234,0,0,3,0,0,110,12,17,0,0,91,2,1,0,0,1,1,0,0
3,38,2,42,2,2,0,1.030526,0.989851,0.99733,38,2,584,100,100,0,0,0,84,78,0,34,3,80,15,229,51,0,0,3120,9,0,17,0,941,491,0,34,0,516,14,0,22,0,234,50,0,11,0,0,64,44,43,0,0,334,11,2,0,0,2,2,0,0
3,38,3,30,2,2,0,1.010047,1.013435,1.017449,28,3,709,100,100,0,0,0,68,76,34,0,3,80,15,517,30,0,0,3120,157,0,10,0,941,478,0,20,0,516,0,0,6,0,234,0,0,6,0,0,101,24,18,0,0,143,3,1,0,0,1,1,0,0
3,39,0,27,3,4,0,0.992787,0.981291,1.025919,26,3,709,100,100,0,0,0,0,28,88,70,3,80,3,587,24,0,0,2994,199,0,8,0,941,461,0,16,0,503,0,0,10,0,272,0,0,0,0,0,206,0,20,0,0,155,5,1,0,0,1,1,0,0
3,39,1,27,3,4,0,1.006661,0.987864,1.002138,26,4,834,100,100,0,0,0,28,0,80,80,3,80,3,744,30,0,0,2994,16,0,10,0,941,525,0,20,0,503,1,0,4,0,272,0,0,0,0,0,115,0,14,0,0,93,2,0,0,0,0,0,0,0
3,39,2,41,3,4,0,1.032682,0.989919,0.997589,39,3,709,100,100,0,0,0,88,80,0,36,3,80,3,254,51,0,0,2994,9,0,17,0,941,508,0,34,0,503,15,0,20,0,272,40,0,10,0,0,64,40,56,0,0,326,10,18,0,0,1,1,0,0
3,39,3,31,3,4,0,1.009074,1.010379,1.02069,29,3,709,100,100,0,0,0,70,80,36,0,3,80,3,539,33,0,0,2994,162,0,11,0,941,489,0,22,0,503,0,0,6,0,272,0,0,0,0,0,101,0,19,0,0,145,3,1,0,0,1,1,0,0
3,40,0,27,0,3,0,0.992787,0.981291,1.025919,27,3,709,100,100,0,0,0,0,30,92,72,3,80,15,593,24,0,0,3061,162,0,8,0,1088,445,0,16,0,488,1,0,8,0,259,0,0,3,0,0,221,12,16,0,0,159,4,0,0,0,0,0,0,0
3,40,1,27,0,3,0,1.006661,0.987864,1.002138,26,4,834,100,100,0,0,0,30,0,82,84,3,80,15,762,30,0,0,3061,16,0,10,0,1088,505,0,20,0,488,1,0,6,0,259,0,0,2,0,0,128,8,18,0,0,95,3,1,0,0,1,1,0,0
3,40,2,40,0,3,0,1.032158,0.991258,0.994921,39,3,709,100,100,0,0,0,92,82,0,38,3,80,15,280,54,0,0,3061,8,0,18,0,1088,472,0,36,0,488,22,0,20,0,259,34,0,10,0,0,76,40,40,0,0,335,10,1,0,0,1,1,0,0
3,40,3,29,0,3,0,1.013327,1.011551,1.020564,28,3,709,100,100,0,0,0,72,84,38,0,3,80,15,550,33,0,0,3061,166,0,11,0,1088,467,0,22,0,488,0,0,12,0,259,0,0,3,0,0,99,12,25,0,0,150,6,1,0,0,1,1,0,0
1,1,0,50,2,2,0,1.004033,0.998556,1.002814,0,0,334,100,100,0,0,0,0,0,2,2,0,80,6,55,39,0,0,2816,200,0,13,0,932,63,0,26,0,472,0,0,48,0,272,1,0,24,0,0,101,96,79,0,0,15,24,9,0,0,9,9,0,0
1,1,1,50,2,2,0,1.005892,0.999904,1.005122,0,0,334,100,100,0,0,0,0,0,2,2,0,80,6,58,39,0,0,2816,200,0,13,0,932,63,0,26,0,472,7,0,46,0,272,2,0,23,0,0,98,92,77,0,0,14,23,9,0,0,9,9,0,0
1,1,2,51,2,2,0,1.003712,0.998325,1.003966,0,0,334,100,100,0,0,0,2,2,0,0,0,80,6,57,39,0,0,2816,200,0,13,0,932,63,0,26,0,472,5,0,48,0,272,1,0,24,0,0,101,96,79,0,0,15,24,9,0,0,9,9,0,0
1,1,3,49,2,2,0,1.006917,1.000539,1.001216,0,0,334,100,100,0,0,0,2,2,0,0,0,80,6,51,36,0,0,2816,201,0,12,0,932,62,0,24,0,472,6,0,48,0,272,1,0,24,0,0,102,96,78,0,0,15,24,9,0,0,9,9,0,0
1,2,0,50,5,8,0,1.008098,1.001701,1.001517,8,0,334,100,100,0,0,0,0,2,4,4,0,80,0,63,36,0,0,2816,234,0,12,0,932,75,0,24,0,480,1,0,26,0,206,0,0,1,0,0,66,4,56,0,0,19,13,9,0,0,9,9,0,0
1,2,1,50,5,8,0,1.004251,1.001863,1.002794,9,0,334,100,100,0,0,0,2,0,4,4,0,80,0,69,39,0,0,2816,233,0,13,0,932,76,0,26,0,480,1,0,18,0,206,0,0,23,0,0,158,92,49,0,0,14,9,9,0,0,9,9,0,0
1,2,2,51,5,8,0,1.003674,0.998074,1.004716,9,0,334,100,100,0,0,0,4,4,0,0,0,80,0,64,39,0,0,2816,224,0,13,0,932,76,0,26,0,480,0,0,18,0,206,0,0,22,0,0,157,88,49,0,0,15,9,9,0,0,9,9,0,0
1,2,3,46,5,8,0,1.010432,1.001107,1.001475,8,0,334,100,100,0,0,0,4,4,0,0,0,80,0,51,33,0,0,2816,237,0,11,0,932,73,0,22,0,480,0,0,18,0,206,0,0,16,0,0,135,64,47,0,0,15,9,9,0,0,9,9,0,0
1,3,0,39,3,28,3,1.010897,1.003507,1.006462,13,0,334,100,100,0,0,0,0,-4,0,0,0,80,3,68,36,0,0,3200,172,0,12,0,932,87,0,24,0,415,1,0,28,0,272,0,0,0,0,0,19,0,58,0,0,24,14,9,0,0,9,9,0,0
1,3,1,46,3,28,3,1.004905,1.004495,1.002415,17,0,334,100,100,0,0,0,-4,0,2,2,0,80,3,78,39,0,0,3200,170,0,13,0,932,89,0,26,0,415,1,0,30,0,272,0,0,0,0,0,111,0,61,0,0,20,15,9,0,0,9,9,0,0
1,3,2,41,3,28,3,1.001884,0.988202,1.005185,12,0,334,100,100,0,0,0,0,2,0,-2,0,80,3,66,36,0,0,3200,161,0,12,0,932,88,0,24,0,415,4,0,30,0,272,0,0,0,0,0,109,0,56,0,0,23,15,7,0,0,7,7,0,0
1,3,3,46,3,28,3,1.011551,1.00264,0.99661,15,0,334,100,100,0,0,0,0,2,-2,0,0,80,3,59,36,0,0,3200,179,0,12,0,932,85,0,24,0,415,1,0,28,0,272,0,0,0,0,0,93,0,58,0,0,20,14,9,0,0,9,9,0,0
1,4,0,39,4,6,2,1.012524,1.005164,1.008962,22,0,334,100,100,0,0,0,0,-4,0,2,0,80,0,84,36,0,0,2880,177,0,12,0,938,99,0,24,0,537,1,0,0,0,141,14,0,16,0,68,55,64,28,0,0,16,0,8,0,0,8,8,0,0
1,4,1,46,4,6,2,1.005327,1.006854,1.003226,25,0,334,100,100,0,0,0,-4,0,-4,-2,0,80,0,89,36,0,0,2880,192,0,12,0,938,101,0,24,0,537,1,0,2,0,141,14,0,20,0,68,159,80,32,0,0,12,1,9,0,0,9,9,0,0
1,4,2,42,4,6,2,0.999816,0.989748,1.004787,19,0,334,100,100,0,0,0,0,-4,0,-4,0,80,0,83,36,0,0,2880,172,0,12,0,938,100,0,24,0,537,1,0,8,0,141,18,0,16,0,68,137,64,36,0,0,19,4,8,0,0,8,8,0,0
1,4,3,43,4,6,2,1.009433,1.000274,0.997199,23,0,334,100,100,0,0,0,2,-2,-4,0,0,80,0,62,33,0,0,2880,226,0,11,0,938,96,0,22,0,537,1,0,0,0,141,8,0,22,0,68,152,88,29,0,0,11,0,9,0,0,9,9,0,0
1,5,0,39,1,3,0,1.012524,1.005164,1.008962,30,0,334,100,100,0,0,0,0,-2,2,4,0,80,3,100,39,0,0,3000,181,0,13,0,944,112,0,26,0,472,1,0,18,0,212,7,0,16,0,3,91,64,41,0,0,20,9,5,0,0,5,5,0,0
1,5,1,46,1,3,0,1.008224,1.008696,1.001082,33,0,334,100,100,0,0,0,-2,0,-2,0,0,80,3,97,36,0,0,3000,206,0,12,0,944,113,0,24,0,472,1,0,18,0,212,13,0,19,0,3,209,76,42,0,0,15,9,6,0,0,6,6,0,0
1,5,2,41,1,3,0,1.000023,0.990354,1.005728,27,0,334,100,100,0,0,0,2,-2,0,-4,0,80,3,90,33,0,0,3000,183,0,11,0,944,111,0,22,0,472,0,0,22,0,212,19,0,17,0,3,170,68,47,0,0,23,11,7,0,0,7,7,0,0
1,5,3,42,1,3,0,1.008587,1.000083,0.997814,32,0,334,100,100,0,0,0,4,0,-4,0,0,80,3,69,33,0,0,3000,172,0,11,0,944,107,0,22,0,472,0,0,16,0,212,2,0,21,0,3,223,84,37,0,0,14,8,5,0,0,5,5,0,0
1,6,0,35,3,5,0,1.017867,1.008765,1.013133,32,0,334,100,100,0,0,0,0,-2,4,6,0,80,8,110,33,0,0,2912,187,0,11,0,947,123,0,22,0,472,1,0,12,0,255,0,0,11,0,0,123,44,27,0,0,24,6,2,0,0,2,2,0,0
1,6,1,46,3,5,0,1.007918,1.005497,1.001019,39,0,334,100,100,0,0,0,-2,0,0,2,0,80,8,101,36,0,0,2912,220,0,12,0,947,125,0,24,0,472,0,0,24,0,255,0,0,16,0,0,247,64,42,0,0,24,12,3,0,0,3,3,0,0
1,6,2,43,3,5,0,1.00302,0.989103,1.006214,34,0,334,100,100,0,0,0,4,0,0,-4,0,80,8,100,33,0,0,2912,195,0,11,0,947,122,0,22,0,472,1,0,18,0,255,9,0,17,0,0,218,68,37,0,0,28,9,4,0,0,4,4,0,0
1,6,3,42,3,5,0,1.008587,1.000083,0.997814,37,0,334,100,100,0,0,0,6,2,-4,0,0,80,8,78,33,0,0,2912,215,0,11,0,947,118,0,22,0,472,0,0,18,0,255,0,0,5,0,0,225,20,35,0,0,20,9,3,0,0,3,3,0,0
1,7,0,36,4,2,0,1.016635,1.008506,1.010152,34,0,334,100,100,0,0,0,0,-2,6,6,0,80,11,125,33,0,0,3064,197,0,11,0,953,134,0,22,0,413,0,0,26,0,272,0,0,0,0,68,84,0,39,0,0,36,13,1,0,0,1,1,0,0
1,7,1,46,4,2,0,1.006902,1.007187,1.001161,41,0,334,100,100,0,0,0,-2,0,2,2,0,80,11,106,36,0,0,3064,162,0,12,0,953,137,0,24,0,413,0,0,38,0,272,0,0,0,0,68,193,0,54,0,0,41,19,2,0,0,2,2,0,0
1,7,2,43,4,2,0,1.001798,0.986595,1.004572,37,0,334,100,100,0,0,0,6,2,0,-4,0,80,11,107,33,0,0,3064,221,0,11,0,953,133,0,22,0,413,1,0,36,0,272,0,0,9,0,68,201,36,53,0,0,43,18,3,0,0,3,3,0,0
1,7,3,43,4,2,0,1.009176,1.001058,0.996423,40,0,334,100,100,0,0,0,6,2,-4,0,0,80,11,81,33,0,0,3064,162,0,11,0,953,129,0,22,0,413,0,0,26,0,272,0,0,0,0,68,186,0,39,0,0,32,13,1,0,0,1,1,0,0
1,8,0,34,4,8,0,1.015905,0.995827,1.008974,32,0,334,100,100,0,0,0,0,-2,8,8,0,80,3,130,24,0,0,2960,217,0,8,0,953,142,0,16,0,426,0,0,24,0,270,0,0,0,0,0,62,0,34,0,0,47,12,1,0,0,1,1,0,0
1,8,1,47,4,8,0,1.007242,1.004496,0.99989,42,0,334,100,100,0,0,0,-2,0,4,4,0,80,3,112,36,0,0,2960,176,0,12,0,953,149,0,24,0,426,1,0,34,0,270,0,0,0,0,0,159,0,50,0,0,56,17,2,0,0,2,2,0,0
1,8,2,43,4,8,0,1.00316,0.983509,1.004279,39,0,334,100,100,0,0,0,8,4,0,-4,0,80,3,114,33,0,0,2960,167,0,11,0,953,144,0,22,0,426,0,0,28,0,270,0,0,0,0,0,178,0,43,0,0,55,14,2,0,0,2,2,0,0
1,8,3,40,4,8,0,1.008807,0.997001,0.997536,39,0,334,100,100,0,0,0,8,4,-4,0,0,80,3,79,27,0,0,2960,206,0,9,0,953,138,0,18,0,426,0,0,30,0,270,0,0,0,0,0,165,0,41,0,0,46,15,1,0,0,1,1,0,0
1,9,0,36,5,3,0,1.01678,0.99627,1.008643,33,0,334,100,100,0,0,0,0,0,10,10,0,80,1,138,24,0,0,2944,175,0,8,0,968,150,0,16,0,426,1,0,20,0,272,0,0,0,0,0,49,0,30,0,0,56,10,1,0,0,1,1,0,0
1,9,1,46,5,3,0,1.007956,1.003265,1.000519,42,0,334,100,100,0,0,0,0,0,6,6,0,80,1,124,39,0,0,2944,180,0,13,0,968,162,0,26,0,426,2,0,36,0,272,0,0,0,0,0,123,0,53,0,0,72,18,2,0,0,2,2,0,0
1,9,2,43,5,3,0,1.002312,0.984982,1.003086,40,0,334,100,100,0,0,0,10,6,0,-4,0,80,1,122,33,0,0,2944,193,0,11,0,968,152,0,22,0,426,0,0,30,0,272,0,0,0,0,0,152,0,43,0,0,69,15,1,0,0,1,1,0,0
1,9,3,41,5,3,0,1.009837,0.996582,0.998563,40,0,334,100,100,0,0,0,10,6,-4,0,0,80,1,84,27,0,0,2944,253,0,9,0,968,144,0,18,0,426,0,0,30,0,272,0,0,0,0,0,143,0,39,0,0,61,15,0,0,0,0,0,0,0
1,10,0,38,4,0,0,1.019667,0.992894,1.008489,34,0,334,100,100,0,0,0,0,2,12,12,0,80,6,149,30,0,0,2992,193,0,10,0,957,160,0,20,0,409,0,0,28,0,272,0,0,0,0,0,26,0,40,0,0,69,14,1,0,0,1,1,0,0
1,10,1,47,4,0,0,1.008594,1.004569,0.999274,44,0,334,100,100,0,0,0,2,0,8,8,0,80,6,138,39,0,0,2992,185,0,13,0,957,175,0,26,0,409,11,0,36,0,272,0,0,0,0,0,89,0,51,0,0,89,18,1,0,0,1,1,0,0
1,10,2,43,4,0,0,1.002312,0.984982,1.003086,41,0,334,100,100,0,0,0,12,8,0,-2,0,80,6,128,36,0,0,2992,218,0,12,0,957,163,0,24,0,409,1,0,32,0,272,0,0,0,0,0,123,0,46,0,0,84,16,1,0,0,1,1,0,0
1,10,3,42,4,0,0,1.01042,0.997182,0.998059,40,0,334,100,100,0,0,0,12,8,-2,0,0,80,6,89,27,0,0,2992,203,0,9,0,957,153,0,18,0,409,0,0,30,0,272,0,0,0,0,0,119,0,41,0,0,75,15,1,0,0,1,1,0,0
1,11,0,40,5,2,0,1.022828,0.991181,1.00908,35,0,334,100,100,0,0,0,0,4,14,14,0,80,4,166,36,0,0,2960,207,0,12,0,950,172,0,24,0,517,1,0,2,0,185,4,0,17,0,0,93,68,18,0,0,68,1,2,0,0,2,2,0,0
1,11,1,47,5,2,0,1.010042,1.004509,0.999433,44,0,334,100,100,0,0,0,4,0,10,10,0,80,4,150,39,0,0,2960,197,0,13,0,950,188,0,26,0,517,1,0,22,0,185,9,0,18,0,0,139,72,37,0,0,99,11,1,0,0,1,1,0,0
1,11,2,44,5,2,0,1.003612,0.985329,1.003213,42,0,334,100,100,0,0,0,14,10,0,-2,0,80,4,137,36,0,0,2960,163,0,12,0,950,175,0,24,0,517,1,0,4,0,185,1,0,20,0,0,202,80,18,0,0,85,2,1,0,0,1,1,0,0
1,11,3,42,5,2,0,1.010683,0.999382,1.000524,40,0,334,100,100,0,0,0,14,10,-2,0,0,80,4,89,27,0,0,2960,256,0,9,0,950,162,0,18,0,517,0,0,8,0,185,0,0,18,0,0,187,72,19,0,0,78,4,1,0,0,1,1,0,0
1,12,0,42,3,1,0,1.025559,0.989894,1.010201,37,0,334,100,100,0,0,0,0,4,16,16,0,80,9,185,39,0,0,3048,154,0,13,0,938,185,0,26,0,491,0,0,10,0,199,1,0,18,0,0,155,72,27,0,0,71,5,2,0,0,2,2,0,0
1,12,1,47,3,1,0,1.010042,1.004509,0.999433,45,0,334,100,100,0,0,0,4,0,12,12,0,80,9,161,42,0,0,3048,208,0,14,0,938,202,0,28,0,491,1,0,16,0,199,15,0,18,0,0,196,72,32,0,0,106,8,1,0,0,1,1,0,0
1,12,2,45,3,1,0,1.005516,0.986118,1.002103,43,0,334,100,100,0,0,0,16,12,0,-2,0,80,9,150,39,0,0,3048,186,0,13,0,938,188,0,26,0,491,1,0,14,0,199,0,0,19,0,0,266,76,29,0,0,91,7,1,0,0,1,1,0,0
1,12,3,41,3,1,0,1.010738,0.998985,1.000894,40,0,334,100,100,0,0,0,16,12,-2,0,0,80,9,94,30,0,0,3048,204,0,10,0,938,172,0,20,0,491,0,0,14,0,199,0,0,16,0,0,241,64,26,0,0,84,7,1,0,0,1,1,0,0
1,13,0,40,2,11,0,1.026546,0.9886,1.01033,36,0,334,100,100,0,0,0,0,6,18,18,0,80,2,204,42,0,0,2880,146,0,14,0,935,199,0,28,0,459,1,0,14,0,272,0,0,1,0,0,142,4,32,0,0,76,7,2,0,0,2,2,0,0
1,13,1,44,2,11,0,1.006913,1.002344,0.99903,42,0,334,100,100,0,0,0,6,0,14,14,0,80,2,173,42,0,0,2880,211,0,14,0,935,216,0,28,0,459,2,0,28,0,272,1,0,14,0,0,218,56,44,0,0,119,14,1,0,0,1,1,0,0
1,13,2,44,2,11,0,1.004345,0.985176,1.001823,43,0,334,100,100,0,0,0,18,14,0,-2,0,80,2,162,39,0,0,2880,216,0,13,0,935,201,0,26,0,459,1,0,20,0,272,0,0,0,0,0,245,0,35,0,0,100,10,1,0,0,1,1,0,0
1,13,3,38,2,11,0,1.008137,0.992717,1.002342,38,0,334,100,100,0,0,0,18,14,-2,0,0,80,2,94,27,0,0,2880,250,0,9,0,935,181,0,18,0,459,1,0,20,0,272,0,0,0,0,0,225,0,29,0,0,94,10,0,0,0,0,0,0,0
1,14,0,41,2,0,0,1.026553,0.988631,1.010041,38,0,334,100,100,0,0,0,0,6,20,20,2,80,0,223,42,0,0,3152,140,0,14,0,938,213,0,28,0,504,0,0,8,0,189,0,0,17,0,0,203,68,24,0,0,79,4,1,0,0,1,1,0,0
1,14,1,44,2,0,0,1.006913,1.002344,0.99903,43,0,334,100,100,0,0,0,6,0,16,16,0,80,0,189,42,0,0,3152,153,0,14,0,938,230,0,28,0,504,1,0,16,0,189,9,0,15,0,0,263,60,32,0,0,126,8,1,0,0,1,1,0,0
1,14,2,45,2,0,0,1.005338,0.985654,1.002625,44,1,459,100,100,0,0,0,20,16,0,-2,1,80,0,177,39,0,0,3152,159,0,13,0,938,214,0,26,0,504,1,0,8,0,189,1,0,20,0,0,304,80,38,0,0,87,4,17,0,0,0,0,0,0
1,14,3,38,2,0,0,1.008137,0.992717,1.002342,38,1,459,100,100,0,0,0,20,16,-2,0,1,80,0,100,27,0,0,3152,203,0,9,0,938,190,0,18,0,504,1,0,10,0,189,4,0,18,0,0,278,72,36,0,0,82,5,17,0,0,0,0,0,0
1,15,0,33,3,22,0,1.03132,0.990915,1.009496,31,0,334,100,100,0,0,0,0,6,22,22,2,80,1,222,27,0,0,2896,138,0,9,0,935,222,0,18,0,423,1,0,20,0,272,0,0,0,0,0,187,0,31,0,0,88,10,1,0,0,1,1,0,0
1,15,1,39,3,22,0,1.003352,0.996555,0.99891,39,0,334,100,100,0,0,0,6,0,18,18,0,80,1,193,30,0,0,2896,171,0,10,0,935,240,0,20,0,423,0,0,30,0,272,0,0,9,0,0,276,36,40,0,0,141,15,0,0,0,0,0,0,0
1,15,2,41,3,22,0,1.000132,0.981032,1.006646,39,1,459,100,100,0,0,0,22,18,0,0,1,80,1,176,30,0,0,2896,192,0,10,0,935,224,0,20,0,423,0,0,24,0,272,0,0,1,0,0,289,4,36,0,0,98,12,1,0,0,1,1,0,0
1,15,3,36,3,22,0,1.007038,0.995085,1.001113,35,1,459,100,100,0,0,0,22,18,0,0,1,80,1,104,24,0,0,2896,253,0,8,0,935,198,0,16,0,423,0,0,28,0,272,0,0,4,0,0,275,16,36,0,0,96,14,0,0,0,0,0,0,0
1,16,0,31,3,4,0,1.026924,0.985681,1.010147,30,0,334,100,100,0,0,0,0,6,24,24,2,80,1,232,27,0,0,2984,144,0,9,0,974,231,0,18,0,478,1,0,6,0,272,0,0,0,0,0,187,0,17,0,0,90,3,1,0,0,1,1,0,0
1,16,1,40,3,4,0,1.005748,0.997715,0.998354,39,0,334,100,100,0,0,0,6,0,20,20,2,80,1,200,30,0,0,2984,194,0,10,0,974,250,0,20,0,478,0,0,24,0,272,0,0,0,0,0,259,0,34,0,0,153,12,0,0,0,0,0,0,0
1,16,2,40,3,4,0,0.999307,0.978407,1.006276,38,1,459,100,100,0,0,0,24,20,0,0,2,80,1,184,33,0,0,2984,228,0,11,0,974,235,0,22,0,478,1,0,14,0,272,0,0,0,0,0,278,0,27,0,0,104,7,1,0,0,1,1,0,0
1,16,3,37,3,4,0,1.006236,0.992224,1.002126,35,1,459,100,100,0,0,0,24,20,0,0,2,80,1,111,24,0,0,2984,209,0,8,0,974,206,0,16,0,478,1,0,14,0,272,0,0,0,0,0,268,0,24,0,0,102,7,1,0,0,1,1,0,0
1,17,0,32,4,5,0,1.02901,0.986738,1.008115,31,0,334,100,100,0,0,0,0,6,26,26,2,80,2,246,27,0,0,3080,152,0,9,0,974,240,0,18,0,489,0,0,8,0,272,0,0,0,0,0,187,0,17,0,0,94,4,0,0,0,0,0,0,0
1,17,1,38,4,5,0,1.002415,0.998841,1.002193,36,0,334,100,100,0,0,0,6,0,22,22,2,80,2,204,30,0,0,3080,200,0,10,0,974,260,0,20,0,489,1,0,18,0,272,0,0,0,0,0,246,0,30,0,0,161,9,1,0,0,1,1,0,0
1,17,2,39,4,5,0,1.003932,0.97769,1.005741,37,1,459,100,100,0,0,0,26,22,0,2,2,80,2,197,33,0,0,3080,177,0,11,0,974,246,0,22,0,489,1,0,14,0,272,0,0,0,0,0,266,0,27,0,0,110,7,1,0,0,1,1,0,0
1,17,3,38,4,5,0,1.004813,0.991411,1.003725,36,1,459,100,100,0,0,0,26,22,2,0,2,80,2,116,24,0,0,3080,164,0,8,0,974,214,0,16,0,489,1,0,12,0,272,0,0,0,0,0,263,0,22,0,0,107,6,1,0,0,1,1,0,0
1,18,0,31,3,5,0,1.03103,0.988711,1.007644,30,0,334,100,100,0,0,0,0,6,28,28,2,80,11,259,27,0,0,2912,159,0,9,0,971,249,0,18,0,469,0,0,16,0,272,0,0,0,0,0,175,0,27,0,0,101,8,1,0,0,1,1,0,0
1,18,1,38,3,5,0,1.006897,1.000929,1.003233,36,0,334,100,100,0,0,0,6,0,22,24,2,80,11,212,30,0,0,2912,200,0,10,0,971,270,0,20,0,469,1,0,22,0,272,0,0,0,0,0,229,0,34,0,0,171,11,1,0,0,1,1,0,0
1,18,2,40,3,5,0,1.008995,0.976433,1.007125,37,1,459,100,100,0,0,0,28,22,0,2,2,80,11,209,33,0,0,2912,199,0,11,0,971,257,0,22,0,469,1,0,18,0,272,0,0,0,0,0,252,0,31,0,0,118,9,1,0,0,1,1,0,0
1,18,3,36,3,5,0,1.003392,0.990047,1.0019,35,1,459,100,100,0,0,0,28,24,2,0,2,80,11,121,27,0,0,2912,213,0,9,0,971,223,0,18,0,469,0,0,20,0,272,0,0,0,0,0,246,0,31,0,0,116,10,1,0,0,1,1,0,0
1,19,0,32,4,1,0,1.034153,0.986915,1.006948,31,0,334,100,100,0,0,0,0,8,30,30,2,80,0,273,27,0,0,3032,167,0,9,0,968,258,0,18,0,440,1,0,20,0,270,0,0,0,0,0,163,0,29,0,0,111,10,0,0,0,0,0,0,0
1,19,1,37,4,1,0,1.006479,1.002584,1.00506,36,0,334,100,100,0,0,0,8,0,24,26,2,80,0,221,30,0,0,3032,200,0,10,0,968,280,0,20,0,440,6,0,28,0,270,0,0,2,0,0,214,8,40,0,0,184,14,1,0,0,1,1,0,0
1,19,2,42,4,1,0,1.010133,0.979011,1.003584,38,1,459,100,100,0,0,0,30,24,0,4,2,80,0,220,33,0,0,3032,220,0,11,0,968,268,0,22,0,440,0,0,24,0,270,0,0,0,0,0,232,0,37,0,0,129,12,1,0,0,1,1,0,0
1,19,3,37,4,1,0,1.006635,0.993183,1.00177,36,1,459,100,100,0,0,0,30,26,4,0,2,80,0,135,27,0,0,3032,168,0,9,0,968,232,0,18,0,440,1,0,26,0,270,0,0,0,0,0,228,0,35,0,0,129,13,0,0,0,0,0,0,0
1,20,0,31,1,3,0,1.03634,0.98717,1.009838,30,1,459,100,100,0,0,0,0,8,32,32,2,80,10,284,30,0,0,3008,173,0,10,0,971,268,0,20,0,526,1,0,4,0,196,0,0,13,0,0,198,52,33,0,0,95,2,18,0,0,1,1,0,0
1,20,1,37,1,3,0,1.006479,1.002584,1.00506,37,1,459,100,100,0,0,0,8,0,26,28,2,80,10,231,30,0,0,3008,201,0,10,0,971,287,0,20,0,526,1,0,8,0,196,11,0,14,0,0,252,56,35,0,0,171,4,17,0,0,0,0,0,0
1,20,2,41,1,3,0,1.009258,0.978761,1.006024,38,1,459,100,100,0,0,0,32,26,0,4,2,80,10,237,36,0,0,3008,166,0,12,0,971,277,0,24,0,526,0,0,6,0,196,0,0,19,0,0,302,76,22,0,0,130,3,2,0,0,2,2,0,0
1,20,3,37,1,3,0,1.009583,0.995644,1.002703,35,1,459,100,100,0,0,0,32,28,4,0,2,80,10,135,24,0,0,3008,219,0,8,0,971,240,0,16,0,526,0,0,6,0,196,1,0,18,0,0,301,72,16,0,0,131,3,1,0,0,1,1,0,0
1,21,0,31,2,4,0,1.036148,0.985807,1.015395,30,1,459,100,100,0,0,0,0,8,34,34,2,80,9,299,30,0,0,3040,172,0,10,0,965,278,0,20,0,449,0,0,16,0,272,0,0,0,0,0,189,0,26,0,0,103,8,0,0,0,0,0,0,0
1,21,1,37,2,4,0,1.004929,1.000207,1.004086,36,1,459,100,100,0,0,0,8,0,28,30,2,80,9,242,30,0,0,3040,202,0,10,0,965,297,0,20,0,449,10,0,26,0,272,0,0,11,0,0,275,44,36,0,0,184,13,0,0,0,0,0,0,0
1,21,2,39,2,4,0,1.012773,0.978219,1.006046,38,1,459,100,100,0,0,0,34,28,0,4,2,80,9,250,36,0,0,3040,177,0,12,0,965,289,0,24,0,449,0,0,22,0,272,0,0,0,0,0,281,0,36,0,0,140,11,1,0,0,1,1,0,0
1,21,3,37,2,4,0,1.009583,0.995644,1.002703,36,1,459,100,100,0,0,0,34,30,4,0,2,80,9,144,27,0,0,3040,173,0,9,0,965,249,0,18,0,449,1,0,22,0,272,0,0,1,0,0,289,4,33,0,0,141,11,1,0,0,1,1,0,0
1,22,0,30,5,5,0,1.034347,0.986997,1.01497,28,1,459,100,100,0,0,0,0,8,36,36,2,80,5,313,30,0,0,2952,163,0,10,0,962,288,0,20,0,515,1,0,0,0,209,5,0,12,0,0,242,48,12,0,0,102,0,1,0,0,1,1,0,0
1,22,1,37,5,5,0,1.006075,1.001115,1.001155,35,1,459,100,100,0,0,0,8,0,30,32,2,80,5,253,33,0,0,2952,202,0,11,0,962,308,0,22,0,515,1,0,22,0,209,0,0,10,0,0,297,40,35,0,0,194,11,1,0,0,1,1,0,0
1,22,2,40,5,5,0,1.01824,0.97611,1.004621,38,1,459,100,100,0,0,0,36,30,0,4,2,80,5,265,36,0,0,2952,190,0,12,0,962,301,0,24,0,515,0,0,2,0,209,0,0,16,0,0,348,64,14,0,0,141,1,0,0,0,0,0,0,0
1,22,3,37,5,5,0,1.011013,0.993276,1.004755,36,1,459,100,100,0,0,0,36,32,4,0,2,80,5,156,27,0,0,2952,215,0,9,0,962,258,0,18,0,515,1,0,4,0,209,3,0,17,0,0,361,68,13,0,0,143,2,0,0,0,0,0,0,0
1,23,0,29,4,6,0,1.034887,0.980058,1.012024,27,1,459,100,100,0,0,0,0,10,38,38,2,80,6,336,33,0,0,3056,154,0,11,0,959,299,0,22,0,465,0,0,18,0,261,0,0,5,0,0,245,20,31,0,0,110,9,1,0,0,1,1,0,0
1,23,1,36,4,6,0,1.005188,0.999353,1.002798,35,1,459,100,100,0,0,0,10,0,32,34,2,80,6,263,33,0,0,3056,194,0,11,0,959,319,0,22,0,465,1,0,20,0,261,0,0,7,0,0,309,28,33,0,0,203,10,1,0,0,1,1,0,0
1,23,2,42,4,6,0,1.01506,0.977502,1.005931,37,1,459,100,100,0,0,0,38,32,0,6,2,80,6,281,36,0,0,3056,202,0,12,0,959,313,0,24,0,465,1,0,16,0,261,0,0,4,0,0,349,16,30,0,0,148,8,1,0,0,1,1,0,0
1,23,3,35,4,6,0,1.012688,0.993121,1.005381,34,1,459,100,100,0,0,0,38,34,6,0,2,80,6,160,27,0,0,3056,169,0,9,0,959,267,0,18,0,465,0,0,26,0,261,0,0,3,0,0,352,12,37,0,0,155,13,1,0,0,1,1,0,0
1,24,0,29,3,8,0,1.032205,0.978826,1.009794,27,1,459,100,100,0,0,0,0,10,40,40,2,80,5,358,33,0,0,2968,146,0,11,0,953,310,0,22,0,469,0,0,12,0,272,0,0,0,0,7,233,0,25,0,0,115,6,1,0,0,1,1,0,0
1,24,1,36,3,8,0,1.006433,1.002799,1.00321,35,1,459,100,100,0,0,0,10,0,34,36,2,80,5,275,30,0,0,2968,188,0,10,0,953,329,0,20,0,469,4,0,24,0,272,0,0,0,0,7,290,0,34,0,0,215,12,0,0,0,0,0,0,0
1,24,2,37,3,8,0,1.015952,0.981933,1.008143,33,1,459,100,100,0,0,0,40,34,0,6,2,80,5,290,36,0,0,2968,220,0,12,0,953,325,0,24,0,469,0,0,20,0,272,0,0,0,0,7,324,0,36,0,0,156,10,2,0,0,2,2,0,0
1,24,3,35,3,8,0,1.015602,0.993116,1.003254,34,1,459,100,100,0,0,0,40,36,6,0,2,80,5,166,24,0,0,2968,214,0,8,0,953,275,0,16,0,469,1,0,16,0,272,0,0,0,0,7,343,0,24,0,0,163,8,0,0,0,0,0,0,0
1,25,0,29,2,3,0,1.032205,0.978826,1.009794,28,1,459,100,100,0,0,0,0,12,42,42,2,80,2,375,33,0,0,3128,138,0,11,0,965,321,0,22,0,519,1,0,2,0,181,11,0,10,0,0,275,40,15,0,0,115,1,1,0,0,1,1,0,0
1,25,1,36,2,3,0,1.009047,1.002602,1.003502,34,1,459,100,100,0,0,0,12,0,36,38,2,80,2,286,27,0,0,3128,183,0,9,0,965,338,0,18,0,519,0,0,12,0,181,14,0,13,0,0,336,52,23,0,0,220,6,1,0,0,1,1,0,0
1,25,2,36,2,3,0,1.015509,0.98569,1.003195,33,1,459,100,100,0,0,0,42,36,0,8,2,80,2,309,36,0,0,3128,171,0,12,0,965,337,0,24,0,519,0,0,6,0,181,3,0,14,0,0,376,56,20,0,0,158,3,1,0,0,1,1,0,0
1,25,3,35,2,3,0,1.015602,0.993116,1.003254,34,2,584,100,100,0,0,0,42,38,8,0,2,80,2,179,24,0,0,3128,171,0,8,0,965,283,0,16,0,519,0,0,8,0,181,8,0,16,0,0,389,64,35,0,0,149,4,18,0,0,1,1,0,0
1,26,0,27,3,6,0,1.032484,0.977647,1.011799,27,2,584,100,100,0,0,0,0,12,44,44,2,80,3,396,33,0,0,2976,130,0,11,0,968,332,0,22,0,422,1,0,18,0,272,1,0,10,0,9,287,40,46,0,0,107,9,17,0,0,0,0,0,0
1,26,1,34,3,6,0,1.012468,1.005904,1.003463,33,1,459,100,100,0,0,0,12,0,38,40,2,80,3,296,27,0,0,2976,178,0,9,0,968,347,0,18,0,422,13,0,24,0,272,2,0,12,0,9,360,48,35,0,0,231,12,1,0,0,1,1,0,0
1,26,2,37,3,6,0,1.020556,0.982786,1.001836,33,1,459,100,100,0,0,0,44,38,0,8,2,80,3,328,36,0,0,2976,187,0,12,0,968,349,0,24,0,422,1,0,24,0,272,0,0,3,0,9,366,12,38,0,0,169,12,1,0,0,1,1,0,0
1,26,3,35,3,6,0,1.016278,0.993349,1.00435,34,2,584,100,100,0,0,0,44,40,8,0,2,80,3,186,24,0,0,2976,216,0,8,0,968,291,0,16,0,422,0,0,30,0,272,0,0,8,0,9,393,32,38,0,0,164,15,0,0,0,0,0,0,0
1,27,0,30,6,3,0,1.034739,0.968052,1.013934,27,2,584,100,100,0,0,0,0,14,46,46,2,80,1,419,33,0,0,3064,124,0,11,0,965,343,0,22,0,442,0,0,16,0,272,0,0,1,0,0,281,4,27,0,0,115,8,0,0,0,0,0,0,0
1,27,1,33,6,3,0,1.018188,1.008134,1.002226,32,1,459,100,100,0,0,0,14,0,40,42,2,80,1,304,24,0,0,3064,168,0,8,0,965,355,0,16,0,442,27,0,22,0,272,0,0,2,0,0,355,8,30,0,0,242,11,0,0,0,0,0,0,0
1,27,2,38,6,3,0,1.020043,0.982203,1.003341,34,1,459,100,100,0,0,0,46,40,0,10,2,80,1,347,36,0,0,3064,202,0,12,0,965,361,0,24,0,442,0,0,28,0,272,0,0,0,0,0,339,0,44,0,0,181,14,2,0,0,2,2,0,0
1,27,3,35,6,3,0,1.015712,0.994291,1.00209,33,2,584,100,100,0,0,0,46,42,10,0,2,80,1,198,27,0,0,3064,172,0,9,0,965,300,0,18,0,442,0,0,24,0,272,0,0,0,0,0,374,0,35,0,0,175,12,1,0,0,1,1,0,0
1,28,0,29,5,11,0,1.03258,0.967051,1.013482,25,2,584,100,100,0,0,0,0,16,48,48,2,80,4,435,27,0,0,2976,125,0,9,0,962,352,0,18,0,490,0,0,6,0,215,0,0,12,0,2,329,48,17,0,0,117,3,1,0,0,1,1,0,0
1,28,1,32,5,11,0,1.022284,1.008975,1.003359,30,1,459,100,100,0,0,0,16,0,42,42,2,80,4,307,18,0,0,2976,169,0,6,0,962,361,0,12,0,490,21,0,24,0,215,6,0,12,0,2,388,48,32,0,0,253,12,1,0,0,1,1,0,0
1,28,2,38,5,11,0,1.022484,0.974406,1.006316,34,1,459,100,100,0,0,0,48,42,0,12,2,80,4,359,30,0,0,2976,218,0,10,0,962,371,0,20,0,490,0,0,18,0,215,0,0,12,0,2,374,48,30,0,0,189,9,1,0,0,1,1,0,0
1,28,3,31,5,11,0,1.014541,0.993669,0.998126,30,2,584,100,100,0,0,0,48,42,12,0,2,80,4,199,21,0,0,2976,210,0,7,0,962,307,0,14,0,490,0,0,12,0,215,0,0,12,0,2,416,48,21,0,0,180,6,1,0,0,1,1,0,0
1,29,0,29,5,1,0,1.0297,0.96676,1.014588,25,2,584,100,100,0,0,0,0,16,50,50,2,80,13,449,27,0,0,3120,127,0,9,0,986,361,0,18,0,481,1,0,6,0,271,0,0,0,0,0,327,0,19,0,0,118,3,2,0,0,2,2,0,0
1,29,1,33,5,1,0,1.021023,1.006457,1.002596,31,2,584,100,100,0,0,0,16,0,44,44,2,80,13,309,18,0,0,3120,171,0,6,0,986,367,0,12,0,481,26,0,26,0,271,0,0,7,0,0,382,28,51,0,0,248,13,18,0,0,1,1,0,0
1,29,2,41,5,1,0,1.022811,0.971623,1.002238,35,1,459,100,100,0,0,0,50,44,0,12,2,80,13,373,33,0,0,3120,169,0,11,0,986,382,0,22,0,481,0,0,14,0,271,0,0,0,0,0,362,0,29,0,0,194,7,2,0,0,2,2,0,0
1,29,3,31,5,1,0,1.014541,0.993669,0.998126,31,2,584,100,100,0,0,0,50,44,12,0,2,80,13,203,21,0,0,3120,172,0,7,0,986,314,0,14,0,481,1,0,10,0,271,0,0,0,0,0,416,0,17,0,0,185,5,0,0,0,0,0,0,0
1,30,0,30,4,0,0,1.028067,0.966192,1.013589,27,2,584,100,100,0,0,0,0,16,52,52,2,80,12,464,27,0,0,2976,129,0,9,0,986,370,0,18,0,445,0,0,16,0,257,0,0,3,0,2,329,12,27,0,0,125,8,1,0,0,1,1,0,0
1,30,1,33,4,0,0,1.021023,1.006457,1.002596,32,2,584,100,100,0,0,0,16,0,46,46,2,80,12,309,18,0,0,2976,172,0,6,0,986,373,0,12,0,445,28,0,28,0,257,0,0,9,0,2,399,36,36,0,0,261,14,1,0,0,1,1,0,0
1,30,2,44,4,0,0,1.025844,0.972375,1.003954,37,2,584,100,100,0,0,0,52,46,0,12,2,80,12,387,36,0,0,2976,180,0,12,0,986,394,0,24,0,445,1,0,26,0,257,0,0,3,0,2,332,12,59,0,0,188,13,19,0,0,2,2,0,0
1,30,3,31,4,0,0,1.014541,0.993669,0.998126,31,2,584,100,100,0,0,0,52,46,12,0,2,80,12,210,21,0,0,2976,214,0,7,0,986,321,0,14,0,445,0,0,28,0,257,0,0,0,0,2,396,0,35,0,0,199,14,0,0,0,0,0,0,0
1,31,0,30,1,2,0,1.028067,0.966192,1.013589,28,2,584,100,100,0,0,0,0,16,54,54,2,80,12,474,27,0,0,3048,130,0,9,0,986,379,0,18,0,525,1,0,2,0,182,0,0,15,0,0,389,60,13,0,0,125,1,1,0,0,1,1,0,0
1,31,1,33,1,2,0,1.021945,1.005724,0.998755,32,2,584,100,100,0,0,0,16,0,48,48,2,80,12,312,18,0,0,3048,165,0,6,0,986,379,0,12,0,525,13,0,26,0,182,11,0,13,0,0,433,52,32,0,0,274,13,0,0,0,0,0,0,0
1,31,2,43,1,2,0,1.0254,0.97154,1.004712,38,2,584,100,100,0,0,0,54,48,0,12,2,80,12,394,36,0,0,3048,188,0,12,0,986,406,0,24,0,525,0,0,6,0,182,3,0,21,0,0,416,84,24,0,0,188,3,3,0,0,3,3,0,0
1,31,3,31,1,2,0,1.014541,0.993669,0.998126,31,2,584,100,100,0,0,0,54,48,12,0,2,80,12,214,21,0,0,3048,176,0,7,0,986,328,0,14,0,525,0,0,0,0,182,12,0,15,0,0,466,60,7,0,0,199,0,0,0,0,0,0,0,0
1,32,0,31,3,1,0,1.027807,0.964977,1.014378,29,2,584,100,100,0,0,0,0,16,56,56,2,80,10,488,27,0,0,2984,131,0,9,0,986,388,0,18,0,465,1,0,2,0,251,1,0,15,0,2,453,60,13,0,0,125,1,1,0,0,1,1,0,0
1,32,1,34,3,1,0,1.019413,1.005348,0.998075,32,2,584,100,100,0,0,0,16,0,50,50,2,80,10,314,18,0,0,2984,158,0,6,0,986,385,0,12,0,465,17,0,28,0,251,0,0,13,0,2,466,52,36,0,0,287,14,1,0,0,1,1,0,0
1,32,2,42,3,1,0,1.025678,0.970843,1.004411,40,2,584,100,100,0,0,0,56,50,0,14,2,80,10,404,36,0,0,2984,189,0,12,0,986,418,0,24,0,465,1,0,24,0,251,0,0,6,0,2,419,24,38,0,0,199,12,1,0,0,1,1,0,0
1,32,3,32,3,1,0,1.013616,0.994207,0.99869,31,3,709,100,100,0,0,0,56,50,14,0,2,80,10,223,21,0,0,2984,218,0,7,0,986,335,0,14,0,465,0,0,20,0,251,0,0,12,0,2,485,48,44,0,0,192,10,17,0,0,0,0,0,0
1,33,0,30,0,6,0,1.030898,0.96116,1.014029,29,3,709,100,100,0,0,0,0,16,58,58,2,80,10,497,27,0,0,3064,139,0,9,0,1038,382,0,18,0,430,1,0,14,0,272,0,0,1,0,0,432,4,42,0,0,114,7,18,0,0,1,1,0,0
1,33,1,32,0,6,0,1.021063,1.005944,1.0009,31,2,584,100,100,0,0,0,16,0,52,52,2,80,10,305,15,0,0,3064,151,0,5,0,1038,375,0,10,0,430,28,0,28,0,272,0,0,0,0,0,448,0,35,0,0,300,14,1,0,0,1,1,0,0
1,33,2,42,0,6,0,1.025678,0.970843,1.004411,41,2,584,100,100,0,0,0,58,52,0,14,2,80,10,417,36,0,0,3064,191,0,12,0,1038,414,0,24,0,430,1,0,28,0,272,0,0,0,0,0,394,0,42,0,0,212,14,1,0,0,1,1,0,0
1,33,3,29,0,6,0,1.014721,1.002047,0.999458,28,3,709,100,100,0,0,0,58,52,14,0,2,80,10,229,21,0,0,3064,179,0,7,0,1038,333,0,14,0,430,1,0,26,0,272,0,0,0,0,0,465,0,35,0,0,204,13,1,0,0,1,1,0,0
1,34,0,31,4,1,0,1.031648,0.958092,1.016976,30,3,709,100,100,0,0,0,0,16,60,60,2,80,2,511,27,0,0,2992,148,0,9,0,989,391,0,18,0,498,1,0,6,0,212,0,0,6,0,68,441,24,15,0,0,117,3,0,0,0,0,0,0,0
1,34,1,33,4,1,0,1.02155,1.003455,0.999958,32,2,584,100,100,0,0,0,16,0,54,54,2,80,2,306,15,0,0,2992,146,0,5,0,989,380,0,10,0,498,19,0,28,0,212,4,0,14,0,68,471,56,33,0,0,314,14,0,0,0,0,0,0,0
1,34,2,41,4,1,0,1.026148,0.972006,1.00433,41,2,584,100,100,0,0,0,60,54,0,16,2,80,2,429,36,0,0,2992,193,0,12,0,989,426,0,24,0,498,1,0,12,0,212,0,0,18,0,68,442,72,24,0,0,218,6,0,0,0,0,0,0,0
1,34,3,31,4,1,0,1.012723,1.002142,0.998372,29,3,709,100,100,0,0,0,60,54,16,0,2,80,2,242,21,0,0,2992,215,0,7,0,989,340,0,14,0,498,0,0,10,0,212,5,0,13,0,68,500,52,17,0,0,209,5,0,0,0,0,0,0,0
1,35,0,33,5,1,0,1.034963,0.964126,1.016129,30,3,709,100,100,0,0,0,0,18,62,62,2,80,3,527,27,0,0,3064,156,0,9,0,986,400,0,18,0,466,0,0,10,0,255,0,0,2,0,0,445,8,21,0,0,121,5,1,0,0,1,1,0,0
1,35,1,33,5,1,0,1.021497,1.004147,1.00285,31,2,584,100,100,0,0,0,18,0,56,56,2,80,3,306,15,0,0,3064,140,0,5,0,986,385,0,10,0,466,15,0,28,0,255,0,0,10,0,0,492,40,35,0,0,327,14,1,0,0,1,1,0,0
1,35,2,43,5,1,0,1.02775,0.972648,0.999365,41,2,584,100,100,0,0,0,62,56,0,16,2,80,3,443,36,0,0,3064,196,0,12,0,986,438,0,24,0,466,0,0,22,0,255,0,0,9,0,0,461,36,34,0,0,229,11,0,0,0,0,0,0,0
1,35,3,31,5,1,0,1.012723,1.002142,0.998372,29,3,709,100,100,0,0,0,62,56,16,0,2,80,3,254,24,0,0,3064,176,0,8,0,986,348,0,16,0,466,0,0,24,0,255,0,0,5,0,0,503,20,34,0,0,220,12,1,0,0,1,1,0,0
1,36,0,23,3,10,0,1.035568,0.971277,1.010672,21,3,709,100,100,0,0,0,0,18,64,64,2,80,9,536,27,0,0,2978,168,0,9,0,980,409,0,18,0,446,0,0,14,0,272,0,0,0,0,2,425,0,25,0,0,127,7,1,0,0,1,1,0,0
1,36,1,34,3,10,0,1.020473,1.005669,1.000976,32,2,584,100,100,0,0,0,18,0,58,58,2,80,9,300,15,0,0,2978,142,0,5,0,980,390,0,10,0,446,13,0,30,0,272,0,0,0,0,2,472,0,37,0,0,341,15,1,0,0,1,1,0,0
1,36,2,45,3,10,0,1.027143,0.972143,0.999934,41,2,584,100,100,0,0,0,64,58,0,16,2,80,9,460,42,0,0,2978,195,0,14,0,980,452,0,28,0,446,1,0,26,0,272,0,0,0,0,2,436,0,42,0,0,241,13,1,0,0,1,1,0,0
1,36,3,31,3,10,0,1.012723,1.002142,0.998372,30,3,709,100,100,0,0,0,64,58,16,0,2,80,9,265,24,0,0,2978,209,0,8,0,980,356,0,16,0,446,3,0,26,0,272,0,0,0,0,2,479,0,36,0,0,232,13,1,0,0,1,1,0,0
1,37,0,24,5,1,0,1.037879,0.971295,1.013658,22,3,709,100,100,0,0,0,0,20,66,66,3,80,9,555,27,0,0,3048,192,0,9,0,1001,412,0,18,0,445,0,0,16,0,272,0,0,0,0,0,401,0,27,0,0,134,8,1,0,0,1,1,0,0
1,37,1,35,5,1,0,1.021943,1.006057,1.000947,33,2,584,100,100,0,0,0,20,0,60,60,3,80,9,295,15,0,0,3048,143,0,5,0,1001,392,0,10,0,445,16,0,32,0,272,0,0,0,0,0,450,0,39,0,0,356,16,1,0,0,1,1,0,0
1,37,2,46,5,1,0,1.027562,0.971444,0.999131,41,2,584,100,100,0,0,0,66,60,0,18,2,80,9,476,42,0,0,3048,192,0,14,0,1001,460,0,28,0,445,0,0,30,0,272,0,0,0,0,0,404,0,48,0,0,254,15,2,0,0,2,2,0,0
1,37,3,32,5,1,0,1.010466,1.000521,1.002202,31,3,709,100,100,0,0,0,66,60,18,0,2,80,9,277,24,0,0,3048,170,0,8,0,1001,358,0,16,0,445,0,0,22,0,272,0,0,0,0,0,480,0,30,0,0,243,11,0,0,0,0,0,0,0
1,38,0,24,0,3,0,1.037879,0.971295,1.013658,23,3,709,100,100,0,0,0,0,20,68,68,3,80,10,573,30,0,0,3016,158,0,10,0,977,422,0,20,0,461,0,0,16,0,256,0,0,0,0,5,389,0,28,0,0,141,8,1,0,0,1,1,0,0
1,38,1,35,0,3,0,1.021943,1.006057,1.000947,34,2,584,100,100,0,0,0,20,0,62,62,3,80,10,288,15,0,0,3016,143,0,5,0,977,397,0,10,0,461,12,0,34,0,256,0,0,5,0,5,447,20,41,0,0,372,17,1,0,0,1,1,0,0
1,38,2,43,0,3,0,1.023558,0.973157,1.002712,41,2,584,100,100,0,0,0,68,62,0,18,2,80,10,488,39,0,0,3016,197,0,13,0,977,473,0,26,0,461,0,0,20,0,256,0,0,9,0,5,421,36,35,0,0,263,10,1,0,0,1,1,0,0
1,38,3,32,0,3,0,1.010466,1.000521,1.002202,31,3,709,100,100,0,0,0,68,62,18,0,2,80,10,289,24,0,0,3016,210,0,8,0,977,366,0,16,0,461,1,0,16,0,256,0,0,2,0,5,472,8,26,0,0,250,8,1,0,0,1,1,0,0
1,39,0,22,2,3,0,1.045213,0.96816,1.012842,22,3,709,100,100,0,0,0,0,20,70,70,3,80,12,591,30,0,0,3040,164,0,10,0,980,432,0,20,0,463,0,0,12,0,271,0,0,0,0,14,370,0,22,0,0,147,6,0,0,0,0,0,0,0
1,39,1,37,2,3,0,1.021533,1.004952,1.000232,35,2,584,100,100,0,0,0,20,0,64,64,3,80,12,283,15,0,0,3040,143,0,5,0,980,402,0,10,0,463,2,0,34,0,271,0,0,0,0,14,425,0,39,0,0,389,17,0,0,0,0,0,0,0
1,39,2,42,2,3,0,1.023799,0.973479,1.004017,41,3,709,100,100,0,0,0,70,64,0,18,2,80,12,499,36,0,0,3040,206,0,12,0,980,485,0,24,0,463,1,0,20,0,271,0,0,1,0,14,391,4,51,0,0,255,10,18,0,0,1,1,0,0
1,39,3,32,2,3,0,1.010466,1.000521,1.002202,32,3,709,100,100,0,0,0,70,64,18,0,2,80,12,299,24,0,0,3040,170,0,8,0,980,374,0,16,0,463,1,0,24,0,271,0,0,0,0,14,457,0,32,0,0,262,12,0,0,0,0,0,0,0
1,40,0,22,4,4,0,1.045213,0.96816,1.012842,22,4,834,100,100,0,0,0,0,20,72,72,3,80,2,613,30,0,0,2976,172,0,10,0,980,442,0,20,0,544,0,0,0,0,175,8,0,6,0,19,370,24,27,0,0,130,0,17,0,0,0,0,0,0
1,40,1,38,4,4,0,1.02196,1.006366,1.00157,34,3,709,100,100,0,0,0,20,0,66,66,3,80,2,277,15,0,0,2976,141,0,5,0,980,407,0,10,0,544,0,0,2,0,175,16,0,17,0,19,484,68,26,0,0,372,1,18,0,0,1,1,0,0
1,40,2,42,4,4,0,1.025034,0.971066,1.003305,41,3,709,100,100,0,0,0,72,66,0,20,3,80,2,516,36,0,0,2976,216,0,12,0,980,497,0,24,0,544,1,0,0,0,175,8,0,19,0,19,472,76,12,0,0,255,0,0,0,0,0,0,0,0
1,40,3,31,4,4,0,1.008556,1.003714,1.002826,30,3,709,100,100,0,0,0,72,66,20,0,3,80,2,307,21,0,0,2976,211,0,7,0,980,381,0,14,0,544,1,0,0,0,175,5,0,14,0,19,518,56,7,0,0,262,0,0,0,0,0,0,0,0
7,1,0,51,3,4,0,1.001444,0.988065,1.000002,0,0,334,100,100,0,0,0,0,0,2,2,0,80,7,55,39,0,0,2816,200,0,13,0,935,63,0,26,0,405,20,0,48,0,272,1,0,24,0,0,101,96,79,0,0,15,24,9,0,0,9,9,0,0
7,1,1,49,3,4,0,1.001226,0.98988,1.001279,0,0,334,100,100,0,0,0,0,0,2,2,0,80,7,55,39,0,0,2816,192,0,13,0,935,62,0,26,0,405,24,0,46,0,272,2,0,23,0,0,99,92,77,0,0,14,23,9,0,0,9,9,0,0
7,1,2,50,3,4,0,1.000417,0.985632,1.001234,0,0,334,100,100,0,0,0,2,2,0,0,0,80,7,56,39,0,0,2816,192,0,13,0,935,62,0,26,0,405,22,0,46,0,272,2,0,23,0,0,99,92,77,0,0,14,23,9,0,0,9,9,0,0
7,1,3,49,3,4,0,1.001033,0.990731,1.00406,0,0,334,100,100,0,0,0,2,2,0,0,0,80,7,54,39,0,0,2816,200,0,13,0,935,62,0,26,0,405,25,0,44,0,272,3,0,22,0,0,94,88,75,0,0,13,22,9,0,0,9,9,0,0
7,2,0,48,4,10,0,0.999691,0.993398,0.998629,8,0,334,100,100,0,0,0,0,0,4,4,0,80,0,57,36,0,0,2832,233,0,12,0,929,75,0,24,0,408,0,0,48,0,267,0,0,1,0,0,44,4,78,0,0,30,24,9,0,0,9,9,0,0
7,2,1,51,4,10,0,1.001602,0.992242,1.002051,9,0,334,100,100,0,0,0,0,0,4,4,0,80,0,63,39,0,0,2832,218,0,13,0,929,75,0,26,0,408,9,0,46,0,267,0,0,5,0,0,59,20,77,0,0,28,23,9,0,0,9,9,0,0
7,2,2,50,4,10,0,1.000257,0.986953,1.000915,9,0,334,100,100,0,0,0,4,4,0,0,0,80,0,66,42,0,0,2832,216,0,14,0,929,76,0,28,0,408,5,0,46,0,267,0,0,2,0,0,46,8,78,0,0,28,23,9,0,0,9,9,0,0
7,2,3,44,4,10,0,0.998788,0.993079,1.002235,9,0,334,100,100,0,0,0,4,4,0,0,0,80,0,55,36,0,0,2832,227,0,12,0,929,74,0,24,0,408,23,0,38,0,267,0,0,5,0,0,61,20,66,0,0,24,19,8,0,0,8,8,0,0
7,3,0,41,1,11,0,1.000444,0.995114,0.98849,17,0,334,100,100,0,0,0,0,0,6,6,0,80,0,54,30,0,0,3112,175,0,10,0,929,85,0,20,0,544,0,0,0,0,128,2,0,22,0,0,118,88,28,0,0,21,0,9,0,0,9,9,0,0
7,3,1,51,1,11,0,1.001602,0.992242,1.002051,18,0,334,100,100,0,0,0,0,0,6,6,0,80,0,75,42,0,0,3112,153,0,14,0,929,89,0,28,0,544,1,0,8,0,128,16,0,23,0,0,128,92,40,0,0,23,4,9,0,0,9,9,0,0
7,3,2,50,1,11,0,1.000257,0.986953,1.000915,18,0,334,100,100,0,0,0,6,6,0,0,0,80,0,80,45,0,0,3112,239,0,15,0,929,91,0,30,0,544,1,0,4,0,128,13,0,23,0,0,118,92,37,0,0,21,2,9,0,0,9,9,0,0
7,3,3,41,1,11,0,1.000624,0.993179,0.998576,17,0,334,100,100,0,0,0,6,6,0,0,0,80,0,64,36,0,0,3112,171,0,12,0,929,86,0,24,0,544,1,0,22,0,128,12,0,18,0,0,99,72,50,0,0,27,11,8,0,0,8,8,0,0
7,4,0,42,5,5,0,1.001942,0.995101,0.98719,26,0,334,100,100,0,0,0,0,0,8,8,0,80,0,61,30,0,0,2928,228,0,10,0,935,95,0,20,0,417,0,0,22,0,272,0,0,2,0,68,78,8,48,0,0,24,11,8,0,0,8,8,0,0
7,4,1,51,5,5,0,1.004177,0.995087,0.999148,27,0,334,100,100,0,0,0,0,0,8,8,0,80,0,86,42,0,0,2928,168,0,14,0,935,103,0,28,0,417,1,0,38,0,272,0,0,16,0,68,122,64,70,0,0,33,19,9,0,0,9,9,0,0
7,4,2,48,5,5,0,0.996777,0.990066,1.003762,26,0,334,100,100,0,0,0,8,8,0,0,0,80,0,92,42,0,0,2928,175,0,14,0,935,105,0,28,0,417,1,0,34,0,272,0,0,13,0,68,104,52,66,0,0,29,17,9,0,0,9,9,0,0
7,4,3,42,5,5,0,0.999866,0.994484,0.998623,25,0,334,100,100,0,0,0,8,8,0,0,0,80,0,80,36,0,0,2928,198,0,12,0,935,98,0,24,0,417,1,0,30,0,272,0,0,12,0,68,89,48,58,0,0,34,15,8,0,0,8,8,0,0
7,5,0,39,1,4,0,0.997593,0.993681,0.984862,32,0,334,100,100,0,0,0,0,0,10,10,0,80,3,58,24,0,0,2952,178,0,8,0,944,103,0,16,0,464,0,0,14,0,257,0,0,0,0,0,64,0,30,0,0,27,7,4,0,0,4,4,0,0
7,5,1,52,1,4,0,1.00198,0.995227,0.998027,36,0,334,100,100,0,0,0,0,0,10,10,0,80,3,98,42,0,0,2952,183,0,14,0,944,114,0,28,0,464,1,0,26,0,257,0,0,2,0,0,91,8,56,0,0,38,13,8,0,0,8,8,0,0
7,5,2,48,1,4,0,0.996777,0.990066,1.003762,35,0,334,100,100,0,0,0,10,10,0,0,0,80,3,107,45,0,0,2952,200,0,15,0,944,114,0,30,0,464,0,0,20,0,257,0,0,8,0,0,104,32,49,0,0,32,10,7,0,0,7,7,0,0
7,5,3,41,1,4,0,0.998271,0.995002,0.997212,32,0,334,100,100,0,0,0,10,10,0,0,0,80,3,87,33,0,0,2952,225,0,11,0,944,109,0,22,0,464,0,0,22,0,257,0,0,5,0,0,83,20,43,0,0,40,11,5,0,0,5,5,0,0
7,6,0,37,6,6,0,0.997389,0.992229,0.982662,34,0,334,100,100,0,0,0,0,2,12,12,0,80,0,57,21,0,0,2928,236,0,7,0,944,110,0,14,0,406,1,0,20,0,272,0,0,0,0,0,50,0,31,0,0,35,10,2,0,0,2,2,0,0
7,6,1,53,6,6,0,1.004547,0.994311,0.998387,43,0,334,100,100,0,0,0,2,0,12,12,0,80,0,107,42,0,0,2928,197,0,14,0,944,128,0,28,0,406,0,0,40,0,272,0,0,0,0,0,46,0,62,0,0,54,20,4,0,0,4,4,0,0
7,6,2,47,6,6,0,0.99637,0.985777,1.00082,39,0,334,100,100,0,0,0,12,12,0,2,0,80,0,120,42,0,0,2928,226,0,14,0,944,128,0,28,0,406,0,0,30,0,272,0,0,0,0,0,71,0,50,0,0,44,15,3,0,0,3,3,0,0
7,6,3,43,6,6,0,0.997443,0.994063,0.9968,37,0,334,100,100,0,0,0,12,12,2,0,0,80,0,100,33,0,0,2928,173,0,11,0,944,120,0,22,0,406,0,0,36,0,272,0,0,0,0,0,49,0,51,0,0,56,18,2,0,0,2,2,0,0
7,7,0,35,2,5,0,0.995078,0.993145,0.985389,34,0,334,100,100,0,0,0,0,2,14,14,0,80,7,58,18,0,0,3032,193,0,6,0,951,116,0,12,0,484,0,0,6,0,272,0,0,0,0,0,57,0,14,0,0,37,3,1,0,0,1,1,0,0
7,7,1,52,2,5,0,1.005225,0.996529,0.997014,46,0,334,100,100,0,0,0,2,0,14,14,0,80,7,107,39,0,0,3032,211,0,13,0,951,141,0,26,0,484,0,0,18,0,272,0,0,0,0,0,27,0,37,0,0,60,9,3,0,0,3,3,0,0
7,7,2,48,2,5,0,0.99784,0.98548,1.001705,42,0,334,100,100,0,0,0,14,14,0,2,0,80,7,140,48,0,0,3032,163,0,16,0,951,140,0,32,0,484,1,0,14,0,272,0,0,0,0,0,53,0,36,0,0,48,7,3,0,0,3,3,0,0
7,7,3,42,2,5,0,0.999023,0.996957,0.997582,38,0,334,100,100,0,0,0,14,14,2,0,0,80,7,103,33,0,0,3032,199,0,11,0,951,128,0,22,0,484,0,0,22,0,272,0,0,0,0,0,22,0,37,0,0,65,11,2,0,0,2,2,0,0
7,8,0,35,3,6,1,0.998491,0.994187,0.986341,34,0,334,100,100,0,0,0,0,4,14,16,0,80,2,59,18,0,0,2848,256,0,6,0,947,122,0,12,0,538,1,0,0,0,164,0,0,18,0,0,138,72,6,0,0,37,0,0,0,0,0,0,0,0
7,8,1,49,3,6,1,1.008981,0.998272,0.999256,47,0,334,100,100,0,0,0,4,0,10,16,0,80,2,115,42,0,0,2848,225,0,14,0,947,155,0,28,0,538,1,0,2,0,164,8,0,22,0,0,110,88,18,0,0,60,1,1,0,0,1,1,0,0
7,8,2,48,3,6,1,0.99792,0.986544,1.003531,45,0,334,100,100,0,0,0,14,10,0,2,0,80,2,161,45,0,0,2848,188,0,15,0,947,155,0,30,0,538,0,0,2,0,164,5,0,22,0,0,139,88,19,0,0,48,1,1,0,0,1,1,0,0
7,8,3,42,3,6,1,0.998683,1.0001,0.996012,39,0,334,100,100,0,0,0,16,16,2,0,0,80,2,111,33,0,0,2848,226,0,11,0,947,139,0,22,0,538,1,0,0,0,164,15,0,18,0,0,96,72,13,0,0,64,0,1,0,0,1,1,0,0
7,9,0,36,6,2,0,0.998553,0.992075,0.985795,34,0,334,100,100,0,0,0,0,6,16,18,0,80,4,58,18,0,0,3112,215,0,6,0,947,128,0,12,0,490,1,0,8,0,222,0,0,12,0,0,187,48,16,0,0,40,4,1,0,0,1,1,0,0
7,9,1,51,6,2,0,1.009687,0.996045,0.997052,48,0,334,100,100,0,0,0,6,0,12,18,0,80,4,126,42,0,0,3112,162,0,14,0,947,169,0,28,0,490,0,0,22,0,222,0,0,20,0,0,169,80,38,0,0,70,11,1,0,0,1,1,0,0
7,9,2,47,6,2,0,1.002636,0.988762,1.004309,44,0,334,100,100,0,0,0,16,12,0,4,0,80,4,173,42,0,0,3112,214,0,14,0,947,169,0,28,0,490,1,0,8,0,222,0,0,17,0,0,200,68,24,0,0,51,4,1,0,0,1,1,0,0
7,9,3,44,6,2,0,1.002336,1.00104,0.995737,40,0,334,100,100,0,0,0,18,18,4,0,0,80,4,125,36,0,0,3112,172,0,12,0,947,151,0,24,0,490,0,0,14,0,222,11,0,18,0,0,157,72,28,0,0,70,7,1,0,0,1,1,0,0
7,10,0,34,3,2,0,0.996646,0.994154,0.983871,33,0,334,100,100,0,0,0,0,8,18,20,1,80,1,54,15,0,0,3040,174,0,5,0,947,133,0,10,0,517,1,0,2,0,182,1,0,20,0,0,274,80,9,0,0,40,1,1,0,0,1,1,0,0
7,10,1,53,3,2,0,1.007907,0.995356,0.99633,49,0,334,100,100,0,0,0,8,0,14,20,1,80,1,135,42,0,0,3040,177,0,14,0,947,183,0,28,0,517,1,0,6,0,182,11,0,23,0,0,256,92,22,0,0,72,3,1,0,0,1,1,0,0
7,10,2,48,3,2,0,1.000796,0.988697,1.004838,45,0,334,100,100,0,0,0,18,14,0,4,0,80,1,191,45,0,0,3040,152,0,15,0,947,184,0,30,0,517,0,0,8,0,182,0,0,18,0,0,264,72,25,0,0,54,4,1,0,0,1,1,0,0
7,10,3,44,3,2,0,1.002336,1.00104,0.995737,41,0,334,100,100,0,0,0,20,20,4,0,2,80,1,135,36,0,0,3040,196,0,12,0,947,163,0,24,0,517,1,0,10,0,182,9,0,19,0,0,224,76,26,0,0,73,5,2,0,0,2,2,0,0
7,11,0,34,0,2,0,0.996646,0.994154,0.983871,34,1,459,100,100,0,0,0,0,8,20,22,2,80,19,50,15,0,0,2856,231,0,5,0,944,138,0,10,0,528,0,0,6,0,200,0,0,14,0,0,312,56,28,0,0,26,3,17,0,0,0,0,0,0
7,11,1,51,0,2,0,1.007862,0.996977,0.995698,48,1,459,100,100,0,0,0,8,0,16,22,1,80,19,140,45,0,0,2856,189,0,15,0,944,198,0,30,0,528,0,0,8,0,200,12,0,22,0,0,298,88,44,0,0,57,4,19,0,0,2,2,0,0
7,11,2,48,0,2,0,1.000796,0.988697,1.004838,46,1,459,100,100,0,0,0,20,16,0,4,1,80,19,207,48,0,0,2856,176,0,16,0,944,200,0,32,0,528,0,0,0,0,200,0,0,15,0,0,299,60,35,0,0,36,0,18,0,0,1,1,0,0
7,11,3,44,0,2,0,1.002336,1.00104,0.995737,43,1,459,100,100,0,0,0,22,22,4,0,2,80,19,144,36,0,0,2856,220,0,12,0,944,175,0,24,0,528,1,0,4,0,200,11,0,19,0,0,282,76,35,0,0,57,2,18,0,0,1,1,0,0
7,12,0,31,4,13,0,1.002958,0.996512,0.982096,29,1,459,100,100,0,0,0,0,8,22,24,2,80,1,47,15,0,0,3032,192,0,5,0,947,143,0,10,0,443,1,0,20,0,272,0,0,0,0,0,303,0,25,0,0,36,10,0,0,0,0,0,0,0
7,12,1,48,4,13,0,1.009108,0.995328,0.998653,47,1,459,100,100,0,0,0,8,0,18,22,1,80,1,152,45,0,0,3032,203,0,15,0,947,213,0,30,0,443,0,0,28,0,272,0,0,12,0,0,314,48,45,0,0,70,14,1,0,0,1,1,0,0
7,12,2,48,4,13,0,1.001262,0.992394,1.006842,46,1,459,100,100,0,0,0,22,18,0,4,1,80,1,229,48,0,0,3032,200,0,16,0,947,213,0,32,0,443,0,0,22,0,272,0,0,0,0,0,274,0,40,0,0,46,11,1,0,0,1,1,0,0
7,12,3,41,4,13,0,1.007923,1.004375,0.999599,40,1,459,100,100,0,0,0,24,22,4,0,2,80,1,153,36,0,0,3032,164,0,12,0,947,187,0,24,0,443,1,0,30,0,272,0,0,11,0,0,300,44,42,0,0,72,15,0,0,0,0,0,0,0
7,13,0,32,5,6,0,1.007543,0.998314,0.986054,28,1,459,100,100,0,0,0,0,10,24,26,2,80,2,52,15,0,0,2880,244,0,5,0,941,148,0,10,0,495,0,0,10,0,191,2,0,16,0,2,365,64,17,0,0,40,5,1,0,0,1,1,0,0
7,13,1,46,5,6,0,1.012843,0.997782,1.000334,45,1,459,100,100,0,0,0,10,0,20,24,2,80,2,167,45,0,0,2880,204,0,15,0,941,228,0,30,0,495,1,0,10,0,191,7,0,17,0,2,374,68,25,0,0,75,5,0,0,0,0,0,0,0
7,13,2,47,5,6,0,1.005904,0.993391,1.006387,45,1,459,100,100,0,0,0,24,20,0,4,2,80,2,244,48,0,0,2880,208,0,16,0,941,229,0,32,0,495,1,0,8,0,191,1,0,20,0,2,345,80,26,0,0,49,4,1,0,0,1,1,0,0
7,13,3,42,5,6,0,1.010529,1.002372,1.00162,40,1,459,100,100,0,0,0,26,24,4,0,2,80,2,168,36,0,0,2880,175,0,12,0,941,199,0,24,0,495,0,0,18,0,191,2,0,16,0,2,349,64,32,0,0,80,9,1,0,0,1,1,0,0
7,14,0,32,4,8,0,1.009334,0.998381,0.988211,28,1,459,100,100,0,0,0,0,12,26,28,2,80,1,56,18,0,0,3000,206,0,6,0,938,154,0,12,0,425,0,0,22,0,272,0,0,2,0,0,358,8,32,0,0,49,11,2,0,0,2,2,0,0
7,14,1,44,4,8,0,1.014872,0.997459,0.996795,42,1,459,100,100,0,0,0,12,0,22,26,2,80,1,184,45,0,0,3000,207,0,15,0,938,243,0,30,0,425,0,0,26,0,272,0,0,7,0,0,373,28,43,0,0,87,13,1,0,0,1,1,0,0
7,14,2,45,4,8,0,1.007467,0.995174,1.004795,43,1,459,100,100,0,0,0,26,22,0,6,2,80,1,265,48,0,0,3000,209,0,16,0,938,245,0,32,0,425,0,0,22,0,272,0,0,1,0,0,326,4,40,0,0,59,11,1,0,0,1,1,0,0
7,14,3,42,4,8,0,1.011724,1.002365,1.001604,40,1,459,100,100,0,0,0,28,26,6,0,2,80,1,186,39,0,0,3000,184,0,13,0,938,212,0,26,0,425,1,0,32,0,272,0,0,2,0,0,327,8,47,0,0,95,16,1,0,0,1,1,0,0
7,15,0,32,5,5,0,1.009334,0.998381,0.988211,30,1,459,100,100,0,0,0,0,14,28,30,2,80,4,55,18,0,0,3008,168,0,6,0,938,160,0,12,0,463,0,0,18,0,264,0,0,1,0,0,353,4,26,0,0,57,9,1,0,0,1,1,0,0
7,15,1,43,5,5,0,1.013893,0.995754,0.99598,41,1,459,100,100,0,0,0,14,0,24,28,2,80,4,202,45,0,0,3008,212,0,15,0,938,258,0,30,0,463,1,0,20,0,264,0,0,3,0,0,360,12,37,0,0,96,10,1,0,0,1,1,0,0
7,15,2,45,5,5,0,1.007505,0.990569,1.004748,43,1,459,100,100,0,0,0,28,24,0,6,2,80,4,288,48,0,0,3008,212,0,16,0,938,261,0,32,0,463,1,0,14,0,264,0,0,3,0,0,321,12,32,0,0,65,7,1,0,0,1,1,0,0
7,15,3,43,5,5,0,1.014845,1.00195,1.001994,39,1,459,100,100,0,0,0,30,28,6,0,2,80,4,205,39,0,0,3008,185,0,13,0,938,225,0,26,0,463,0,0,28,0,264,0,0,1,0,0,303,4,43,0,0,108,14,1,0,0,1,1,0,0
7,16,0,31,3,5,0,1.009322,0.996344,0.985813,30,1,459,100,100,0,0,0,0,14,30,32,2,80,11,55,18,0,0,3048,218,0,6,0,938,166,0,12,0,445,1,0,16,0,264,0,0,3,0,5,354,12,24,0,0,64,8,1,0,0,1,1,0,0
7,16,1,41,3,5,0,1.013449,0.995177,0.995566,40,1,459,100,100,0,0,0,14,0,26,30,2,80,11,207,39,0,0,3048,156,0,13,0,938,271,0,26,0,445,1,0,30,0,264,0,0,2,0,5,336,8,45,0,0,110,15,1,0,0,1,1,0,0
7,16,2,45,3,5,0,1.007299,0.989725,1.00431,42,1,459,100,100,0,0,0,30,26,0,8,2,80,11,299,42,0,0,3048,153,0,14,0,938,275,0,28,0,445,1,0,22,0,264,0,0,0,0,5,308,0,38,0,0,75,11,1,0,0,1,1,0,0
7,16,3,44,3,5,0,1.015934,0.999738,1.000709,40,1,459,100,100,0,0,0,32,30,8,0,2,80,11,218,39,0,0,3048,185,0,13,0,938,238,0,26,0,445,0,0,30,0,264,0,0,3,0,5,280,12,47,0,0,121,15,2,0,0,2,2,0,0
7,17,0,26,0,9,0,1.015501,0.989139,0.98319,26,2,584,100,100,0,0,0,0,14,30,34,2,80,9,55,18,0,0,3016,181,0,6,0,944,172,0,12,0,538,1,0,0,0,156,2,0,14,0,0,401,56,23,0,0,47,0,17,0,0,0,0,0,0
7,17,1,40,0,9,0,1.010334,0.994103,0.994901,40,2,584,100,100,0,0,0,14,0,28,32,2,80,9,224,39,0,0,3016,166,0,13,0,944,284,0,26,0,538,0,0,2,0,156,15,0,16,0,0,385,64,32,0,0,94,1,17,0,0,0,0,0,0
7,17,2,44,0,9,0,1.009695,0.987712,1.005751,42,1,459,100,100,0,0,0,30,28,0,8,2,80,9,316,45,0,0,3016,157,0,15,0,944,290,0,30,0,538,1,0,2,0,156,2,0,20,0,0,386,80,19,0,0,75,1,1,0,0,1,1,0,0
7,17,3,42,0,9,0,1.022517,1.000462,1.001284,40,1,459,100,100,0,0,0,34,32,8,0,2,80,9,233,42,0,0,3016,183,0,14,0,944,252,0,28,0,538,1,0,0,0,156,18,0,16,0,0,345,64,16,0,0,120,0,1,0,0,1,1,0,0
7,18,0,27,2,0,0,1.014452,0.992385,0.984909,26,2,584,100,100,0,0,0,0,14,32,36,2,80,6,59,18,0,0,2944,221,0,6,0,944,178,0,12,0,460,1,0,12,0,263,0,0,2,0,5,404,8,18,0,0,53,6,0,0,0,0,0,0,0
7,18,1,40,2,0,0,1.010334,0.994103,0.994901,40,2,584,100,100,0,0,0,14,0,30,34,2,80,6,240,39,0,0,2944,177,0,13,0,944,297,0,26,0,460,0,0,24,0,263,0,0,15,0,5,425,60,37,0,0,106,12,0,0,0,0,0,0,0
7,18,2,44,2,0,0,1.009695,0.987712,1.005751,43,1,459,100,100,0,0,0,32,30,0,10,2,80,6,335,45,0,0,2944,162,0,15,0,944,305,0,30,0,460,1,0,18,0,263,0,0,5,0,5,388,20,35,0,0,83,9,1,0,0,1,1,0,0
7,18,3,43,2,0,0,1.022188,0.998079,1.001112,41,1,459,100,100,0,0,0,36,34,10,0,2,80,6,256,42,0,0,2944,183,0,14,0,944,266,0,28,0,460,1,0,30,0,263,8,0,16,0,5,379,64,46,0,0,134,15,1,0,0,1,1,0,0
7,19,0,30,5,8,0,1.01721,0.9905,0.986421,26,2,584,100,100,0,0,0,0,16,34,38,2,80,1,73,21,0,0,3016,187,0,7,0,941,185,0,14,0,539,1,0,0,0,167,4,0,14,0,0,468,56,9,0,0,52,0,1,0,0,1,1,0,0
7,19,1,39,5,8,0,1.010244,0.994382,0.991175,38,2,584,100,100,0,0,0,16,0,32,36,2,80,1,253,36,0,0,3016,189,0,12,0,941,309,0,24,0,539,0,0,0,0,167,18,0,15,0,0,488,60,12,0,0,106,0,0,0,0,0,0,0,0
7,19,2,42,5,8,0,1.012794,0.987668,1.003034,42,2,584,100,100,0,0,0,34,32,0,12,2,80,1,350,39,0,0,3016,169,0,13,0,941,318,0,26,0,539,1,0,0,0,167,7,0,20,0,0,429,80,30,0,0,66,0,17,0,0,0,0,0,0
7,19,3,40,5,8,0,1.01897,0.998219,0.99841,38,2,584,100,100,0,0,0,38,36,12,0,2,80,1,269,36,0,0,3016,184,0,12,0,941,278,0,24,0,539,0,0,6,0,167,17,0,15,0,0,417,60,37,0,0,119,3,18,0,0,1,1,0,0
7,20,0,30,5,11,0,1.01721,0.9905,0.986421,27,2,584,100,100,0,0,0,0,16,36,40,2,80,1,80,21,0,0,2928,230,0,7,0,953,192,0,14,0,492,0,0,8,0,270,0,0,4,0,0,482,16,19,0,0,54,4,2,0,0,2,2,0,0
7,20,1,40,5,11,0,1.009807,0.995975,0.991989,38,3,709,100,100,0,0,0,16,0,34,38,2,80,1,266,36,0,0,2928,210,0,12,0,953,321,0,24,0,492,1,0,14,0,270,2,0,16,0,0,524,64,45,0,0,95,7,18,0,0,1,1,0,0
7,20,2,38,5,11,0,1.01176,0.986264,0.998476,36,2,584,100,100,0,0,0,36,34,0,14,2,80,1,349,24,0,0,2928,183,0,8,0,953,326,0,16,0,492,0,0,16,0,270,0,0,9,0,0,457,36,24,0,0,74,8,0,0,0,0,0,0,0
7,20,3,37,5,11,0,1.024577,0.991587,0.998067,34,2,584,100,100,0,0,0,40,38,14,0,2,80,1,270,24,0,0,2928,192,0,8,0,953,286,0,16,0,492,1,0,14,0,270,2,0,15,0,0,470,60,24,0,0,125,7,1,0,0,1,1,0,0
7,21,0,30,7,4,0,1.01721,0.9905,0.986421,29,3,709,100,100,0,0,0,0,16,38,42,2,80,2,88,21,0,0,3072,193,0,7,0,977,199,0,14,0,463,0,0,12,0,236,0,0,6,0,0,485,24,38,0,0,42,6,18,0,0,1,1,0,0
7,21,1,38,7,4,0,1.016952,0.997413,0.990984,36,3,709,100,100,0,0,0,16,0,36,40,2,80,2,278,36,0,0,3072,158,0,12,0,977,333,0,24,0,463,3,0,28,0,236,0,0,5,0,0,516,20,42,0,0,108,14,1,0,0,1,1,0,0
7,21,2,40,7,4,0,1.014638,0.989003,1.00208,35,3,709,100,100,0,0,0,38,36,0,14,2,80,2,361,27,0,0,3072,200,0,9,0,977,335,0,18,0,463,1,0,14,0,236,0,0,12,0,0,480,48,42,0,0,63,7,18,0,0,1,1,0,0
7,21,3,40,7,4,0,1.028644,0.998662,1.00152,35,3,709,100,100,0,0,0,42,40,14,0,2,80,2,280,27,0,0,3072,210,0,9,0,977,295,0,18,0,463,0,0,22,0,236,1,0,16,0,0,501,64,50,0,0,118,11,18,0,0,1,1,0,0
7,22,0,30,1,3,0,1.01721,0.9905,0.986421,30,3,709,100,100,0,0,0,0,16,40,44,2,80,17,94,21,0,0,2992,236,0,7,0,971,206,0,14,0,503,1,0,2,0,200,0,0,15,0,68,536,60,9,0,0,43,1,0,0,0,0,0,0,0
7,22,1,36,1,3,0,1.020739,0.995102,0.994903,35,3,709,100,100,0,0,0,16,0,36,40,2,80,17,291,33,0,0,2992,165,0,11,0,971,344,0,22,0,503,1,0,14,0,200,7,0,14,0,68,545,56,27,0,0,114,7,1,0,0,1,1,0,0
7,22,2,40,1,3,0,1.014638,0.989003,1.00208,36,3,709,100,100,0,0,0,40,36,0,14,2,80,17,364,27,0,0,2992,215,0,9,0,971,344,0,18,0,503,1,0,8,0,200,0,0,18,0,68,531,72,21,0,0,65,4,2,0,0,2,2,0,0
7,22,3,40,1,3,0,1.030107,1.000421,1.003583,35,3,709,100,100,0,0,0,44,40,14,0,2,80,17,287,33,0,0,2992,159,0,11,0,971,306,0,22,0,503,0,0,18,0,200,3,0,16,0,68,532,64,33,0,0,125,9,2,0,0,2,2,0,0
7,23,0,26,3,12,0,1.014709,0.982991,0.98728,26,3,709,100,100,0,0,0,0,16,42,46,2,80,3,98,18,0,0,3080,200,0,6,0,971,212,0,12,0,514,1,0,0,0,204,0,0,9,0,0,589,36,6,0,0,43,0,0,0,0,0,0,0,0
7,23,1,34,3,12,0,1.027818,0.989027,0.999519,33,3,709,100,100,0,0,0,16,0,38,42,2,80,3,307,33,0,0,3080,174,0,11,0,971,355,0,22,0,514,1,0,6,0,204,11,0,14,0,0,594,56,17,0,0,117,3,0,0,0,0,0,0,0
7,23,2,41,3,12,0,1.013846,0.989608,0.999709,38,4,834,100,100,0,0,0,42,38,0,14,2,80,3,373,27,0,0,3080,166,0,9,0,971,353,0,18,0,514,0,0,4,0,204,0,0,20,0,0,604,80,32,0,0,49,2,18,0,0,1,1,0,0
7,23,3,36,3,12,0,1.029115,1.00426,1.005108,33,3,709,100,100,0,0,0,46,42,14,0,2,80,3,296,33,0,0,3080,172,0,11,0,971,317,0,22,0,514,1,0,2,0,204,9,0,15,0,0,586,60,15,0,0,125,1,1,0,0,1,1,0,0
7,24,0,27,3,3,0,1.011891,0.983267,0.98353,26,4,834,100,100,0,0,0,0,16,44,48,2,80,13,106,18,0,0,3008,168,0,6,0,971,218,0,12,0,538,1,0,0,0,215,0,0,9,0,0,619,36,23,0,0,26,0,17,0,0,0,0,0,0
7,24,1,33,3,3,0,1.02767,0.991745,0.99474,31,4,834,100,100,0,0,0,16,0,40,44,2,80,13,324,36,0,0,3008,184,0,12,0,971,367,0,24,0,538,0,0,2,0,215,11,0,14,0,0,634,56,33,0,0,100,1,18,0,0,1,1,0,0
7,24,2,42,3,3,0,1.013477,0.988472,1.001405,39,4,834,100,100,0,0,0,44,40,0,14,2,80,13,376,27,0,0,3008,188,0,9,0,971,362,0,18,0,538,0,0,0,0,215,0,0,18,0,0,682,72,11,0,0,48,0,1,0,0,1,1,0,0
7,24,3,35,3,3,0,1.029515,1.004349,1.005962,33,4,834,100,100,0,0,0,48,44,14,0,2,80,13,311,36,0,0,3008,188,0,12,0,971,329,0,24,0,538,1,0,2,0,215,9,0,15,0,0,630,60,33,0,0,108,1,18,0,0,1,1,0,0
7,25,0,27,4,3,0,1.009965,0.984873,0.980352,25,4,834,100,100,0,0,0,0,16,46,50,2,80,3,110,15,0,0,2928,216,0,5,0,971,223,0,10,0,532,0,0,2,0,223,0,0,10,0,0,667,40,9,0,0,26,1,1,0,0,1,1,0,0
7,25,1,34,4,3,0,1.026995,0.992448,0.99593,32,4,834,100,100,0,0,0,16,0,42,46,2,80,3,348,36,0,0,2928,195,0,12,0,971,379,0,24,0,532,0,0,4,0,223,1,0,15,0,0,693,60,18,0,0,101,2,1,0,0,1,1,0,0
7,25,2,42,4,3,0,1.013477,0.988472,1.001405,40,4,834,100,100,0,0,0,46,42,0,14,2,80,3,378,27,0,0,2928,209,0,9,0,971,371,0,18,0,532,0,0,2,0,223,0,0,24,0,0,782,96,13,0,0,48,1,1,0,0,1,1,0,0
7,25,3,35,4,3,0,1.04026,1.004481,1.002374,32,4,834,100,100,0,0,0,50,46,14,0,2,80,3,333,36,0,0,2928,189,0,12,0,971,341,0,24,0,532,0,0,6,0,223,6,0,13,0,0,679,52,20,0,0,110,3,1,0,0,1,1,0,0
7,26,0,25,6,12,0,1.006963,0.981249,0.981321,24,4,834,100,100,0,0,0,0,16,48,52,2,80,7,112,15,0,0,3096,184,0,5,0,974,228,0,10,0,502,1,0,8,0,266,0,0,0,0,0,667,0,13,0,0,30,4,0,0,0,0,0,0,0
7,26,1,35,6,12,0,1.02535,0.996864,1.000503,32,4,834,100,100,0,0,0,16,0,44,48,2,80,7,367,36,0,0,3096,205,0,12,0,974,391,0,24,0,502,1,0,6,0,266,0,0,1,0,0,694,4,20,0,0,103,3,1,0,0,1,1,0,0
7,26,2,38,6,12,0,1.013199,0.996453,0.995494,37,4,834,100,100,0,0,0,48,44,0,16,2,80,7,383,27,0,0,3096,158,0,9,0,974,380,0,18,0,502,0,0,8,0,266,0,0,6,0,0,801,24,17,0,0,52,4,0,0,0,0,0,0,0
7,26,3,34,6,12,0,1.039259,1.003098,0.999853,31,4,834,100,100,0,0,0,52,48,16,0,2,80,7,351,36,0,0,3096,182,0,12,0,974,353,0,24,0,502,0,0,16,0,266,0,0,6,0,0,690,24,30,0,0,117,8,1,0,0,1,1,0,0
7,27,0,24,3,7,0,1.005911,0.983402,0.982806,23,4,834,100,100,0,0,0,0,16,50,54,2,80,1,116,15,0,0,3000,226,0,5,0,996,230,0,10,0,504,1,0,6,0,245,0,0,6,0,0,695,24,13,0,0,32,3,1,0,0,1,1,0,0
7,27,1,33,3,7,0,1.030353,0.997379,0.999064,31,4,834,100,100,0,0,0,16,0,46,50,2,80,1,384,39,0,0,3000,157,0,13,0,996,393,0,26,0,504,1,0,6,0,245,0,0,3,0,0,699,12,21,0,0,105,3,1,0,0,1,1,0,0
7,27,2,38,3,7,0,1.016666,0.997113,0.994353,35,4,834,100,100,0,0,0,50,46,0,18,2,80,1,391,27,0,0,3000,183,0,9,0,996,384,0,18,0,504,1,0,12,0,245,0,0,6,0,0,818,24,23,0,0,57,6,1,0,0,1,1,0,0
7,27,3,33,3,7,0,1.036193,1.003003,0.998543,31,4,834,100,100,0,0,0,54,50,18,0,2,80,1,370,33,0,0,3000,185,0,11,0,996,358,0,22,0,504,0,0,12,0,245,0,0,12,0,0,730,48,25,0,0,122,6,1,0,0,1,1,0,0
7,28,0,24,1,0,0,1.005911,0.983402,0.982806,24,4,834,100,100,0,0,0,0,16,52,56,2,80,3,124,15,0,0,3016,197,0,5,0,974,235,0,10,0,466,1,0,12,0,272,0,0,0,0,0,695,0,17,0,0,38,6,0,0,0,0,0,0,0
7,28,1,34,1,0,0,1.031426,0.998836,1.001068,32,4,834,100,100,0,0,0,16,0,48,52,2,80,3,407,39,0,0,3016,167,0,13,0,974,406,0,26,0,466,1,0,14,0,272,0,0,0,0,0,687,0,29,0,0,111,7,1,0,0,1,1,0,0
7,28,2,38,1,0,0,1.016666,0.997113,0.994353,36,4,834,100,100,0,0,0,52,48,0,18,2,80,3,401,27,0,0,3016,216,0,9,0,974,393,0,18,0,466,0,0,26,0,272,0,0,0,0,0,797,0,37,0,0,69,13,1,0,0,1,1,0,0
7,28,3,33,1,0,0,1.036193,1.003003,0.998543,32,4,834,100,100,0,0,0,56,52,18,0,2,80,3,392,33,0,0,3016,189,0,11,0,974,369,0,22,0,466,1,0,26,0,272,0,0,0,0,0,708,0,39,0,0,134,13,1,0,0,1,1,0,0
7,29,0,14,3,12,0,1.017298,0.99253,0.982252,13,4,834,100,100,0,0,0,0,18,52,58,2,80,14,122,15,0,0,3096,168,0,5,0,971,240,0,10,0,509,0,0,8,0,270,0,0,0,0,8,696,0,13,0,0,42,4,0,0,0,0,0,0,0
7,29,1,35,3,12,0,1.030203,0.998355,1.001074,33,4,834,100,100,0,0,0,18,0,50,54,2,80,14,435,42,0,0,3096,175,0,14,0,971,420,0,28,0,509,0,0,8,0,270,0,0,0,0,8,675,0,24,0,0,114,4,1,0,0,1,1,0,0
7,29,2,37,3,12,0,1.016417,0.997744,0.995151,36,4,834,100,100,0,0,0,52,50,0,18,2,80,14,402,24,0,0,3096,170,0,8,0,971,401,0,16,0,509,1,0,10,0,270,0,0,1,0,8,800,4,20,0,0,73,5,1,0,0,1,1,0,0
7,29,3,34,3,12,0,1.037726,1.005938,0.999498,33,4,834,100,100,0,0,0,58,54,18,0,2,80,14,412,33,0,0,3096,193,0,11,0,971,380,0,22,0,509,1,0,10,0,270,0,0,1,0,8,703,4,21,0,0,139,5,0,0,0,0,0,0,0
7,30,0,14,2,2,0,1.017298,0.99253,0.982252,13,4,834,100,100,0,0,0,0,20,54,58,3,80,10,138,18,0,0,2976,180,0,6,0,1030,234,0,12,0,517,1,0,2,0,215,5,0,4,0,17,704,16,8,0,0,43,1,0,0,0,0,0,0,0
7,30,1,36,2,2,0,1.028331,0.998451,1.002815,34,4,834,100,100,0,0,0,20,0,52,56,3,80,10,457,42,0,0,2976,190,0,14,0,1030,411,0,28,0,517,0,0,6,0,215,0,0,9,0,17,706,36,22,0,0,116,3,1,0,0,1,1,0,0
7,30,2,36,2,2,0,1.019189,1.001013,0.998896,35,4,834,100,100,0,0,0,54,52,0,18,2,80,10,404,24,0,0,2976,189,0,8,0,1030,394,0,16,0,517,0,0,10,0,215,0,0,18,0,17,826,72,18,0,0,78,5,0,0,0,0,0,0,0
7,30,3,34,2,2,0,1.037726,1.005938,0.999498,33,4,834,100,100,0,0,0,58,56,18,0,2,80,10,433,33,0,0,2976,196,0,11,0,1030,382,0,22,0,517,0,0,10,0,215,8,0,13,0,17,749,52,23,0,0,143,5,1,0,0,1,1,0,0
7,31,0,14,4,8,0,1.009549,0.97769,0.977764,11,4,834,100,100,0,0,0,0,20,56,58,3,80,14,151,15,0,0,2992,185,0,5,0,971,239,0,10,0,473,6,0,6,0,263,2,0,3,0,24,705,12,11,0,0,46,3,0,0,0,0,0,0,0
7,31,1,37,4,8,0,1.028616,0.999113,1.001401,35,4,834,100,100,0,0,0,20,0,54,56,3,80,14,483,42,0,0,2992,204,0,14,0,971,425,0,28,0,473,1,0,8,0,263,0,0,6,0,24,721,24,24,0,0,119,4,1,0,0,1,1,0,0
7,31,2,31,4,8,0,1.028481,1.006816,0.996409,29,4,834,100,100,0,0,0,56,54,0,18,2,80,14,405,24,0,0,2992,209,0,8,0,971,402,0,16,0,473,1,0,24,0,263,0,0,3,0,24,804,12,34,0,0,89,12,1,0,0,1,1,0,0
7,31,3,34,4,8,0,1.037726,1.005938,0.999498,34,4,834,100,100,0,0,0,58,56,18,0,2,80,14,446,33,0,0,2992,199,0,11,0,971,393,0,22,0,473,0,0,26,0,263,0,0,8,0,24,756,32,37,0,0,156,13,0,0,0,0,0,0,0
7,32,0,15,3,4,0,1.011914,0.968639,0.976807,11,4,834,100,100,0,0,0,0,22,58,60,3,80,4,165,18,0,0,3152,165,0,6,0,968,245,0,12,0,521,2,0,6,0,227,10,0,3,0,0,722,12,12,0,0,49,3,0,0,0,0,0,0,0
7,32,1,37,3,4,0,1.029273,1.000192,1.001298,35,4,834,100,100,0,0,0,22,0,56,58,3,80,4,516,45,0,0,3152,152,0,15,0,968,440,0,30,0,521,0,0,6,0,227,0,0,8,0,0,746,32,23,0,0,121,3,1,0,0,1,1,0,0
7,32,2,29,3,4,0,1.029841,1.00307,0.997203,28,4,834,100,100,0,0,0,58,56,0,20,3,80,4,412,21,0,0,3152,171,0,7,0,968,409,0,14,0,521,1,0,12,0,227,0,0,9,0,0,825,36,21,0,0,94,6,1,0,0,1,1,0,0
7,32,3,34,3,4,0,1.035068,1.00844,1.001067,33,4,834,100,100,0,0,0,60,58,20,0,3,80,4,461,30,0,0,3152,203,0,10,0,968,403,0,20,0,521,0,0,4,0,227,4,0,13,0,0,811,52,14,0,0,158,2,0,0,0,0,0,0,0
7,33,0,16,3,2,0,1.004048,0.979374,0.982357,11,4,834,100,100,0,0,0,0,24,60,62,3,80,10,185,18,0,0,3048,168,0,6,0,974,251,0,12,0,544,0,0,2,0,207,16,0,3,0,3,726,12,8,0,0,50,1,0,0,0,0,0,0,0
7,33,1,38,3,2,0,1.029462,1.002118,1.001613,36,4,834,100,100,0,0,0,24,0,58,60,3,80,10,545,45,0,0,3048,156,0,15,0,974,455,0,30,0,544,0,0,0,0,207,0,0,12,0,3,798,48,17,0,0,120,0,1,0,0,1,1,0,0
7,33,2,28,3,2,0,1.029234,1.00161,0.995646,28,4,834,100,100,0,0,0,60,58,0,22,3,80,10,421,21,0,0,3048,207,0,7,0,974,416,0,14,0,544,1,0,0,0,207,7,0,11,0,3,827,44,7,0,0,94,0,0,0,0,0,0,0,0
7,33,3,34,3,2,0,1.035068,1.00844,1.001067,33,4,834,100,100,0,0,0,62,60,22,0,3,80,10,471,30,0,0,3048,159,0,10,0,974,413,0,20,0,544,0,0,0,0,207,14,0,13,0,3,822,52,12,0,0,157,0,1,0,0,1,1,0,0
7,34,0,16,1,0,0,1.004048,0.979374,0.982357,11,4,834,100,100,0,0,0,0,24,60,64,3,80,19,206,21,0,0,3064,169,0,7,0,971,258,0,14,0,495,4,0,6,0,272,13,0,3,0,17,725,12,13,0,0,53,3,0,0,0,0,0,0,0
7,34,1,38,1,0,0,1.029462,1.002118,1.001613,37,4,834,100,100,0,0,0,24,0,58,62,3,80,19,566,45,0,0,3064,167,0,15,0,971,470,0,30,0,495,1,0,8,0,272,0,0,0,0,17,790,0,25,0,0,123,4,1,0,0,1,1,0,0
7,34,2,28,1,0,0,1.029234,1.00161,0.995646,28,4,834,100,100,0,0,0,60,58,0,22,3,80,19,425,21,0,0,3064,172,0,7,0,971,423,0,14,0,495,0,0,12,0,272,0,0,7,0,17,827,28,19,0,0,100,6,0,0,0,0,0,0,0
7,34,3,35,1,0,0,1.033185,1.006659,1.001385,34,4,834,100,100,0,0,0,64,62,22,0,3,80,19,487,30,0,0,3064,163,0,10,0,971,423,0,20,0,495,1,0,18,0,272,1,0,13,0,17,824,52,28,0,0,166,9,0,0,0,0,0,0,0
7,35,0,15,5,5,0,1.012069,0.968358,0.995481,9,4,834,100,100,0,0,0,0,24,60,66,3,80,7,220,18,0,0,2992,171,0,6,0,971,264,0,12,0,472,11,0,6,0,272,10,0,3,0,68,725,12,12,0,0,56,3,0,0,0,0,0,0,0
7,35,1,40,5,5,0,1.027523,1.003571,0.99777,38,4,834,100,100,0,0,0,24,0,60,64,3,80,7,589,45,0,0,2992,178,0,15,0,971,485,0,30,0,472,0,0,14,0,272,0,0,0,0,68,761,0,29,0,0,130,7,0,0,0,0,0,0,0
7,35,2,27,5,5,0,1.032882,0.998797,1.000609,26,4,834,100,100,0,0,0,60,60,0,22,3,80,7,433,18,0,0,2992,202,0,6,0,971,429,0,12,0,472,1,0,16,0,272,0,0,0,0,68,805,0,22,0,0,108,8,0,0,0,0,0,0,0
7,35,3,35,5,5,0,1.031667,1.007282,1.005583,33,4,834,100,100,0,0,0,66,64,22,0,3,80,7,497,27,0,0,2992,167,0,9,0,971,432,0,18,0,472,1,0,26,0,272,0,0,1,0,68,791,4,37,0,0,178,13,1,0,0,1,1,0,0
7,36,0,15,1,7,0,1.012069,0.968358,0.995481,9,4,834,100,100,0,0,0,0,26,60,68,3,80,18,236,21,0,0,3056,173,0,7,0,974,271,0,14,0,522,9,0,6,0,228,15,0,3,0,17,724,12,13,0,0,59,3,0,0,0,0,0,0,0
7,36,1,40,1,7,0,1.027523,1.003571,0.99777,38,4,834,100,100,0,0,0,26,0,60,64,3,80,18,616,48,0,0,3056,194,0,16,0,974,501,0,32,0,522,0,0,4,0,228,0,0,8,0,17,788,32,22,0,0,131,2,1,0,0,1,1,0,0
7,36,2,20,1,7,0,1.048653,1.00023,0.998279,19,4,834,100,100,0,0,0,60,60,0,22,3,80,18,434,18,0,0,3056,169,0,6,0,974,435,0,12,0,522,0,0,8,0,228,10,0,4,0,17,812,16,16,0,0,111,4,1,0,0,1,1,0,0
7,36,3,36,1,7,0,1.032567,1.007709,1.006172,34,4,834,100,100,0,0,0,68,64,22,0,3,80,18,504,27,0,0,3056,171,0,9,0,974,441,0,18,0,522,0,0,8,0,228,0,0,14,0,17,823,56,19,0,0,181,4,1,0,0,1,1,0,0
7,37,0,15,3,0,0,1.012069,0.968358,0.995481,9,4,834,100,100,0,0,0,0,26,62,70,3,80,13,259,21,0,0,3032,175,0,7,0,971,278,0,14,0,481,18,0,6,0,242,12,0,3,0,31,723,12,13,0,0,62,3,0,0,0,0,0,0,0
7,37,1,41,3,0,0,1.028524,1.001998,0.996707,39,4,834,100,100,0,0,0,26,0,62,66,3,80,13,641,48,0,0,3032,210,0,16,0,971,517,0,32,0,481,0,0,6,0,242,0,0,9,0,31,816,36,24,0,0,133,3,1,0,0,1,1,0,0
7,37,2,21,3,0,0,1.048265,0.998931,0.997494,20,4,834,100,100,0,0,0,62,62,0,22,3,80,13,449,18,0,0,3032,167,0,6,0,971,441,0,12,0,481,22,0,8,0,242,6,0,4,0,31,817,16,14,0,0,115,4,0,0,0,0,0,0,0
7,37,3,37,3,0,0,1.036203,1.009055,1.00701,35,4,834,100,100,0,0,0,70,66,22,0,3,80,13,514,30,0,0,3032,173,0,10,0,971,451,0,20,0,481,0,0,12,0,242,6,0,15,0,31,822,60,24,0,0,186,6,1,0,0,1,1,0,0
7,38,0,15,4,23,0,1.012069,0.968358,0.995481,9,4,834,100,100,0,0,0,0,26,64,72,3,80,14,278,21,0,0,3088,177,0,7,0,971,285,0,14,0,500,19,0,6,0,266,9,0,3,0,26,722,12,13,0,0,65,3,0,0,0,0,0,0,0
7,38,1,24,4,23,0,1.037716,1.01243,0.999601,21,4,834,100,100,0,0,0,26,0,64,68,3,80,14,666,48,0,0,3088,153,0,16,0,971,533,0,32,0,500,6,0,2,0,266,2,0,1,0,26,802,4,18,0,0,134,1,0,0,0,0,0,0,0
7,38,2,19,4,23,0,1.053739,1.000768,0.996243,17,4,834,100,100,0,0,0,64,64,0,22,3,80,14,459,18,0,0,3088,172,0,6,0,971,447,0,12,0,500,23,0,10,0,266,1,0,5,0,26,822,20,18,0,0,119,5,1,0,0,1,1,0,0
7,38,3,37,4,23,0,1.036181,1.008646,1.00665,35,4,834,100,100,0,0,0,72,68,22,0,3,80,14,521,27,0,0,3088,183,0,9,0,971,460,0,18,0,500,0,0,16,0,266,0,0,6,0,26,817,24,27,0,0,193,8,1,0,0,1,1,0,0
7,39,0,15,2,0,0,1.012069,0.968358,0.995481,9,4,834,100,100,0,0,0,0,26,66,74,3,80,9,301,21,0,0,3080,179,0,7,0,974,292,0,14,0,534,13,0,6,0,211,18,0,3,0,45,721,12,13,0,0,68,3,0,0,0,0,0,0,0
7,39,1,25,2,0,0,1.037605,1.011698,1.003859,21,4,834,100,100,0,0,0,26,0,66,70,3,80,9,708,48,0,0,3080,121,0,16,0,974,549,0,32,0,534,5,0,4,0,211,14,0,2,0,45,791,8,22,0,0,135,2,1,0,0,1,1,0,0
7,39,2,20,2,0,0,1.051517,1.00139,0.996849,18,4,834,100,100,0,0,0,66,66,0,22,3,80,9,473,18,0,0,3080,179,0,6,0,974,453,0,12,0,534,16,0,10,0,211,12,0,5,0,45,824,20,18,0,0,123,5,1,0,0,1,1,0,0
7,39,3,37,2,0,0,1.036181,1.008646,1.00665,36,4,834,100,100,0,0,0,74,70,22,0,3,80,9,528,27,0,0,3080,193,0,9,0,974,469,0,18,0,534,0,0,4,0,211,3,0,16,0,45,823,64,15,0,0,194,2,1,0,0,1,1,0,0
7,40,0,16,4,0,0,1.013128,0.962467,0.99971,9,4,834,100,100,0,0,0,0,26,68,76,3,80,12,322,21,0,0,3072,181,0,7,0,971,299,0,14,0,513,14,0,6,0,272,15,0,3,0,45,720,12,13,0,0,71,3,0,0,0,0,0,0,0
7,40,1,26,4,0,0,1.035415,1.009394,1.004558,22,4,834,100,100,0,0,0,26,0,68,72,3,80,12,752,51,0,0,3072,87,0,17,0,971,566,0,34,0,513,6,0,4,0,272,12,0,2,0,45,779,8,23,0,0,136,2,1,0,0,1,1,0,0
7,40,2,20,4,0,0,1.051517,1.00139,0.996849,19,4,834,100,100,0,0,0,68,68,0,22,3,80,12,488,18,0,0,3072,193,0,6,0,971,459,0,12,0,513,12,0,12,0,272,6,0,6,0,45,824,24,20,0,0,128,6,1,0,0,1,1,0,0
7,40,3,39,4,0,0,1.038166,1.008827,1.009568,37,4,834,100,100,0,0,0,76,72,22,0,3,80,12,536,27,0,0,3072,203,0,9,0,971,478,0,18,0,513,1,0,10,0,272,0,0,3,0,45,819,12,19,0,0,199,5,0,0,0,0,0,0,0
