graine,jour,faction,population,naissances_total,morts_total,predations_total,vitesse,taille,perception,armes_equipees,reserves,capacite,defenses_fin,defenses_min_jour,raids_cumul,coalitions_cumul,plans,confiance_0,confiance_1,confiance_2,confiance_3,allies,nourriture_aube,carte_nourriture,stock_nourriture,production_nourriture,consommation_nourriture,sac_nourriture,carte_eau,stock_eau,production_eau,consommation_eau,sac_eau,carte_terre,stock_terre,production_terre,consommation_terre,sac_terre,carte_minerai,stock_minerai,production_minerai,consommation_minerai,sac_minerai,carte_charbon,stock_charbon,production_charbon,consommation_charbon,sac_charbon,carte_energie,stock_energie,production_energie,consommation_energie,sac_energie,carte_fer,stock_fer,production_fer,consommation_fer,sac_fer,carte_armes,stock_armes,production_armes,consommation_armes,sac_armes
2,1,0,49,4,6,0,0.99742,1.005355,1.001197,0,0,334,100,100,4,0,0,0,-24,2,14,0,80,2,55,36,0,0,2792,201,0,12,0,911,62,0,24,0,386,23,0,46,0,272,2,0,23,0,0,98,92,76,0,0,14,23,9,0,0,9,9,0,0
2,1,1,50,4,6,0,0.994193,1.005538,0.998396,0,0,334,100,100,4,0,0,-24,0,-24,-32,0,80,2,57,39,0,0,2792,224,0,13,0,911,84,0,26,0,386,30,0,48,0,272,1,0,24,0,0,101,96,79,0,0,15,24,9,0,0,9,9,0,0
2,1,2,50,4,6,0,0.995872,1.004029,0.997539,0,0,334,100,100,4,0,0,2,-24,0,12,0,80,2,56,36,0,0,2792,201,0,12,0,911,62,0,24,0,386,24,0,48,0,272,1,0,24,0,0,102,96,78,0,0,15,24,9,0,0,9,9,0,0
2,1,3,49,4,6,0,0.996285,1.003343,0.998907,0,0,334,81.513548,81.513548,4,0,0,14,-32,12,0,0,80,2,58,39,0,0,2792,192,0,13,0,911,63,0,26,0,386,26,0,46,0,272,2,0,23,0,0,99,92,77,0,0,14,23,9,0,0,9,9,0,0
2,2,0,47,2,28,0,1.000588,1.005564,1.00032,8,0,334,100,100,13,0,0,0,-32,16,16,0,80,17,57,33,0,0,2904,237,0,11,0,926,70,0,22,0,488,1,0,34,0,200,0,0,21,0,0,136,84,63,0,0,22,17,9,0,0,9,9,0,0
2,2,1,46,2,28,0,0.993394,1.005361,0.990978,7,0,334,3,0,13,0,0,-32,0,-56,-62,0,80,17,54,39,0,0,2904,161,0,13,0,926,118,0,26,0,488,0,0,44,0,200,0,0,22,0,0,129,88,77,0,0,27,22,10,0,0,9,9,0,0
2,2,2,40,2,28,0,0.993162,0.997483,0.992796,7,0,334,72.696065,69.696065,13,0,0,16,-56,0,28,1,80,17,59,36,0,0,2904,227,0,12,0,926,74,0,24,0,488,7,0,32,0,200,2,0,16,0,0,118,64,56,0,0,25,16,6,0,0,5,5,0,0
2,2,3,39,2,28,0,0.997873,1.002741,0.99767,7,0,334,76.376658,73.376658,13,0,0,16,-62,28,0,1,80,17,61,39,0,0,2904,218,0,13,0,926,70,0,26,0,488,13,0,28,0,200,3,0,14,0,0,113,56,49,0,0,24,14,4,0,0,3,3,0,0
2,3,0,42,0,32,1,1.00034,1.007502,1.003642,16,0,334,100,100,14,1,1,0,-34,16,19,0,80,14,50,21,0,0,3110,183,0,7,0,923,77,0,14,0,471,0,0,22,0,201,0,0,12,0,0,153,48,47,0,0,24,11,9,0,0,9,9,0,0
2,3,1,33,0,32,1,0.98432,1.014585,0.990468,11,0,334,3,0,14,1,1,-34,0,-64,-74,0,80,14,23,9,0,0,3110,202,0,3,0,923,122,0,6,0,471,0,0,18,0,201,4,0,20,0,0,182,80,41,0,0,23,9,10,0,0,9,9,0,0
2,3,2,38,0,32,1,0.991171,0.999264,0.992392,12,0,334,75.696065,72.696065,14,1,1,16,-64,0,31,1,80,14,72,33,0,0,3110,176,0,11,0,923,82,0,22,0,471,0,0,28,0,201,2,0,15,0,0,145,60,49,0,0,34,14,5,0,0,4,4,0,0
2,3,3,27,0,32,1,0.993334,1.005682,0.998403,6,0,334,79.376658,76.376658,14,1,1,19,-74,31,0,1,80,14,48,15,0,0,3110,174,0,5,0,923,75,0,10,0,471,4,0,22,0,201,12,0,11,0,0,140,44,33,0,0,32,11,3,0,0,2,2,0,0
2,4,0,40,1,19,0,0.997603,1.010547,1.006019,25,0,334,100,100,23,1,1,0,-52,48,45,2,80,15,46,21,0,0,2960,222,0,7,0,1015,84,0,14,0,505,0,0,12,0,271,0,0,0,0,19,135,0,35,0,0,22,6,8,0,0,8,8,0,0
2,4,1,31,1,19,0,0.987516,1.020639,0.99176,18,0,334,6,3,23,1,1,-52,0,-100,-100,0,80,15,14,9,0,0,2960,166,0,3,0,1015,126,0,6,0,505,1,0,6,0,271,0,0,4,0,19,190,16,25,0,0,18,3,8,0,0,7,7,0,0
2,4,2,31,1,19,0,0.998873,1.000772,0.988226,15,0,334,32.576018,29.576018,23,1,1,48,-100,0,87,2,80,15,73,27,0,0,2960,217,0,9,0,1015,91,0,18,0,505,0,0,8,0,271,0,0,2,0,19,135,8,27,0,0,33,4,5,0,0,4,4,0,0
2,4,3,20,1,19,0,0.979674,1.007602,1.01087,6,0,334,40.985614,37.985614,23,1,1,45,-100,87,0,2,80,15,47,12,0,0,2960,207,0,4,0,1015,79,0,8,0,505,0,0,10,0,271,2,0,10,0,19,166,40,20,0,0,34,5,3,0,0,2,2,0,0
2,5,0,39,2,15,1,1.00461,1.011378,1.007788,30,0,334,100,100,27,2,1,0,-60,64,48,2,80,9,46,18,0,0,3163,176,0,6,0,1021,90,0,12,0,480,1,0,20,0,269,0,0,0,0,0,118,0,34,0,0,28,10,4,0,0,4,4,0,0
2,5,1,23,2,15,1,0.987802,1.018216,0.99966,19,0,334,3,0,27,2,1,-60,0,-100,-100,0,80,9,12,9,0,0,3163,169,0,3,0,1021,130,0,6,0,480,0,0,20,0,269,0,0,0,0,0,178,0,29,0,0,19,10,3,0,0,2,2,0,0
2,5,2,30,2,15,1,0.997534,1.00332,0.992008,19,0,334,10.720643,7.720643,27,2,1,64,-100,0,100,2,80,9,83,27,0,0,3163,177,0,9,0,1021,100,0,18,0,480,0,0,12,0,269,0,0,0,0,0,121,0,31,0,0,37,6,5,0,0,4,4,0,0
2,5,3,17,2,15,1,0.978317,1.005945,1.008642,6,0,334,43.985614,40.985614,27,2,1,48,-100,100,0,2,80,9,50,12,0,0,3163,183,0,4,0,1021,83,0,8,0,480,0,0,12,0,269,0,0,2,0,0,171,8,20,0,0,38,6,2,0,0,1,1,0,0
2,6,0,41,4,13,1,1.008201,1.008821,1.006655,33,0,334,100,100,28,3,1,0,-62,64,51,2,80,5,44,18,0,0,2940,219,0,6,0,1032,93,0,12,0,503,1,0,12,0,244,0,0,18,0,16,188,72,24,0,0,31,6,3,0,0,3,3,0,0
2,6,1,17,4,13,1,0.988826,1.006376,1.002195,15,0,334,3,0,28,3,1,-62,0,-100,-100,0,80,5,19,9,0,0,2940,153,0,3,0,1032,129,0,6,0,503,1,0,4,0,244,0,0,7,0,16,213,28,11,0,0,13,2,2,0,0,1,1,0,0
2,6,2,28,4,13,1,0.998832,1.006147,0.989492,20,0,334,13.720643,10.720643,28,3,1,64,-100,0,100,2,80,5,94,24,0,0,2940,219,0,8,0,1032,108,0,16,0,503,0,0,18,0,244,0,0,0,0,16,93,0,34,0,0,45,9,4,0,0,3,3,0,0
2,6,3,14,4,13,1,0.975368,1.012099,1.006456,6,0,334,46.985614,43.985614,28,3,1,51,-100,100,0,2,80,5,54,9,0,0,2940,219,0,3,0,1032,86,0,6,0,503,1,0,2,0,244,0,0,3,0,16,177,12,9,0,0,37,1,2,0,0,1,1,0,0
2,7,0,39,0,6,0,1.008701,1.004286,1.002687,34,0,334,100,100,33,4,1,0,-70,70,69,2,80,22,42,24,0,0,3200,170,0,8,0,1029,96,0,16,0,471,1,0,24,0,272,0,0,0,0,9,174,0,38,0,0,40,12,3,0,0,3,3,0,0
2,7,1,15,0,6,0,0.988257,1.006469,1.013311,14,0,334,3,0,33,4,1,-70,0,-100,-100,0,80,22,21,9,0,0,3200,133,0,3,0,1029,133,0,6,0,471,16,0,12,0,272,0,0,0,0,9,207,0,19,0,0,11,6,2,0,0,1,1,0,0
2,7,2,27,0,6,0,0.997487,1.004737,0.988097,22,0,334,3,0,33,4,1,70,-100,0,100,2,80,22,102,24,0,0,3200,183,0,8,0,1029,113,0,16,0,471,1,0,14,0,272,0,0,0,0,9,75,0,30,0,0,51,7,4,0,0,3,3,0,0
2,7,3,13,0,6,0,0.975537,1.010157,1.017246,6,0,334,3,0,33,4,1,69,-100,100,0,2,80,22,47,9,0,0,3200,202,0,3,0,1029,89,0,6,0,471,0,0,4,0,272,0,0,0,0,9,176,0,11,0,0,37,2,2,0,0,1,1,0,0
2,8,0,37,1,6,0,1.01014,1.005735,1.001797,35,0,334,100,100,35,5,1,0,-72,70,73,2,80,32,44,24,0,0,3032,211,0,8,0,1027,101,0,16,0,533,0,0,4,0,247,0,0,8,0,41,198,32,14,0,0,41,2,1,0,0,1,1,0,0
2,8,1,13,1,6,0,0.986338,1.000806,1.009349,13,0,334,3,0,35,5,1,-72,0,-100,-100,0,80,32,21,9,0,0,3032,115,0,3,0,1027,137,0,6,0,533,4,0,12,0,247,0,0,1,0,41,204,4,17,0,0,10,6,1,0,0,0,0,0,0
2,8,2,26,1,6,0,0.996483,1.002488,0.988846,24,0,334,6,3,35,5,1,70,-100,0,100,2,80,32,114,21,0,0,3032,229,0,7,0,1027,120,0,14,0,533,1,0,0,0,247,0,0,13,0,41,119,52,11,0,0,49,0,2,0,0,1,1,0,0
2,8,3,13,1,6,0,0.97282,1.007429,1.024861,6,0,334,3,0,35,5,1,73,-100,100,0,2,80,32,46,9,0,0,3032,186,0,3,0,1027,92,0,6,0,533,0,0,0,0,247,0,0,3,0,41,189,12,7,0,0,35,0,2,0,0,1,1,0,0
2,9,0,37,4,8,0,1.008327,1.010287,1.007427,34,0,334,100,100,36,5,1,0,-74,70,81,2,80,14,54,24,0,0,3200,166,0,8,0,1061,94,0,16,0,512,0,0,12,0,269,0,0,2,0,0,201,8,22,0,0,46,6,1,0,0,1,1,0,0
2,9,1,12,4,8,0,0.994508,1.007518,0.998598,10,0,334,6,3,36,5,1,-74,0,-100,-100,0,80,14,29,9,0,0,3200,99,0,3,0,1061,136,0,6,0,512,0,0,4,0,269,0,0,0,0,0,208,0,9,0,0,11,2,1,0,0,0,0,0,0
2,9,2,24,4,8,0,0.993375,1.002218,0.987393,23,0,334,9,6,36,5,1,70,-100,0,100,2,80,14,127,21,0,0,3200,196,0,7,0,1061,113,0,14,0,512,0,0,16,0,269,0,0,0,0,0,109,0,27,0,0,55,8,2,0,0,1,1,0,0
2,9,3,12,4,8,0,0.973625,1.014576,1.026129,6,0,334,3,0,36,5,1,81,-100,100,0,2,80,14,49,9,0,0,3200,170,0,3,0,1061,92,0,6,0,512,1,0,2,0,269,0,0,0,0,0,197,0,9,0,0,34,1,2,0,0,1,1,0,0
2,10,0,30,1,15,0,1.006052,1.017555,1.003115,28,0,334,100,100,36,5,1,0,-74,72,81,2,80,36,49,18,0,0,3072,211,0,6,0,1030,100,0,12,0,531,0,0,10,0,262,0,0,2,0,14,201,8,18,0,0,50,5,1,0,0,1,1,0,0
2,10,1,11,1,15,0,0.995581,1.011121,0.995235,9,0,334,9,6,36,5,1,-74,0,-100,-100,0,80,36,31,9,0,0,3072,84,0,3,0,1030,140,0,6,0,531,1,0,0,0,262,0,0,0,0,14,213,0,7,0,0,9,0,2,0,0,1,1,0,0
2,10,2,23,1,15,0,0.990791,1.002675,0.977895,22,0,334,12,9,36,5,1,72,-100,0,100,2,80,36,130,18,0,0,3072,166,0,6,0,1030,119,0,12,0,531,1,0,0,0,262,0,0,8,0,14,150,32,8,0,0,54,0,1,0,0,0,0,0,0
2,10,3,7,1,15,0,0.964421,0.992894,1.03092,4,0,334,6,3,36,5,1,81,-100,100,0,2,80,36,54,9,0,0,3072,179,0,3,0,1030,95,0,6,0,531,0,0,2,0,262,0,0,0,0,14,190,0,7,0,0,34,1,1,0,0,0,0,0,0
2,11,0,29,3,4,0,1.009433,1.014945,1.001408,27,0,334,100,100,36,5,1,0,-74,72,81,2,80,40,49,18,0,0,3136,175,0,6,0,1033,106,0,12,0,520,0,0,12,0,272,0,0,0,0,46,195,0,20,0,0,55,6,1,0,0,1,1,0,0
2,11,1,12,3,4,0,0.986091,1.012,0.990323,10,0,334,12,9,36,5,1,-74,0,-100,-100,0,80,40,35,9,0,0,3136,70,0,3,0,1033,144,0,6,0,520,1,0,6,0,272,0,0,0,0,46,202,0,13,0,0,10,3,2,0,0,1,1,0,0
2,11,2,24,3,4,0,0.994807,1.002578,0.976856,22,0,334,15,12,36,5,1,72,-100,0,100,2,80,40,140,18,0,0,3136,201,0,6,0,1033,125,0,12,0,520,1,0,6,0,272,0,0,0,0,46,138,0,16,0,0,55,3,2,0,0,1,1,0,0
2,11,3,5,3,4,0,0.97008,0.983825,1.024094,2,0,334,9,6,36,5,1,81,-100,100,0,2,80,40,63,9,0,0,3136,169,0,3,0,1033,98,0,6,0,520,0,0,0,0,272,0,0,0,0,46,187,0,5,0,0,33,0,1,0,0,0,0,0,0
2,12,0,27,1,16,0,1.007692,1.015496,0.99805,26,0,334,100,100,37,5,1,0,-76,80,83,2,80,41,48,15,0,0,3102,221,0,5,0,1039,111,0,10,0,523,0,0,14,0,268,0,0,1,0,24,192,4,21,0,0,61,7,1,0,0,1,1,0,0
2,12,1,12,1,16,0,0.976942,1.007764,0.992806,10,0,334,15,12,37,5,1,-76,0,-100,-100,0,80,41,41,9,0,0,3102,65,0,3,0,1039,148,0,6,0,523,0,0,2,0,268,0,0,0,0,24,206,0,9,0,0,9,1,2,0,0,1,1,0,0
2,12,2,13,1,16,0,0.99446,0.99346,0.976172,13,0,334,3,0,37,5,1,80,-100,0,100,2,80,41,135,18,0,0,3102,171,0,6,0,1039,131,0,12,0,523,3,0,4,0,268,1,0,2,0,24,136,8,12,0,0,56,2,1,0,0,0,0,0,0
2,12,3,3,1,16,0,1.02616,0.963744,1.037063,0,0,334,12,9,37,5,1,83,-100,100,0,2,80,41,70,6,0,0,3102,170,0,2,0,1039,100,0,4,0,523,0,0,0,0,268,0,0,0,0,24,183,0,4,0,0,32,0,1,0,0,0,0,0,0
2,13,0,25,2,7,0,1.010514,1.020146,1.001167,25,0,334,100,100,38,5,1,0,-78,86,83,2,80,47,41,12,0,0,3192,190,0,4,0,1040,115,0,8,0,535,1,0,2,0,264,0,0,4,0,68,202,16,6,0,0,62,1,0,0,0,0,0,0,0
2,13,1,9,2,7,0,0.977236,1.018252,0.998189,9,0,334,18,15,38,5,1,-78,0,-100,-100,0,80,47,42,9,0,0,3192,50,0,3,0,1040,152,0,6,0,535,1,0,0,0,264,0,0,0,0,68,201,0,5,0,0,8,0,1,0,0,0,0,0,0
2,13,2,15,2,7,0,0.994486,0.997115,0.967749,13,0,334,3,0,38,5,1,86,-100,0,100,2,80,47,143,18,0,0,3192,160,0,6,0,1040,137,0,12,0,535,4,0,4,0,264,3,0,2,0,68,132,8,12,0,0,57,2,1,0,0,0,0,0,0
2,13,3,1,2,7,0,0.94486,0.927125,0.975234,0,0,334,15,12,38,5,1,83,-100,100,0,2,80,47,70,3,0,0,3192,166,0,1,0,1040,101,0,2,0,535,0,0,0,0,264,0,0,0,0,68,180,0,3,0,0,31,0,1,0,0,0,0,0,0
2,14,0,22,1,4,0,1.016661,1.012692,1.003798,22,0,334,100,100,39,5,1,0,-80,86,91,1,80,41,43,12,0,0,3120,225,0,4,0,1045,119,0,8,0,543,1,0,0,0,249,0,0,9,0,43,249,36,4,0,0,62,0,0,0,0,0,0,0,0
2,14,1,10,1,4,0,0.973783,1.019725,1.000075,9,0,334,21,18,39,5,1,-80,0,-100,-100,0,80,41,53,9,0,0,3120,38,0,3,0,1045,156,0,6,0,543,1,0,0,0,249,0,0,3,0,43,218,12,5,0,0,7,0,1,0,0,0,0,0,0
2,14,2,15,1,4,0,0.994486,0.997115,0.967749,13,0,334,6,3,39,5,1,86,-100,0,100,1,80,41,159,21,0,0,3120,146,0,7,0,1045,144,0,14,0,543,1,0,4,0,249,12,0,2,0,43,127,8,13,0,0,58,2,1,0,0,0,0,0,0
2,14,3,0,1,4,0,0,0,0,0,0,334,0,0,39,5,1,91,-100,100,0,0,80,41,64,0,0,0,3120,165,0,0,0,1045,101,0,0,0,543,0,0,0,0,249,0,0,0,0,43,180,0,0,0,0,31,0,0,0,0,0,0,0,0
2,15,0,19,2,5,0,1.015919,1.01604,1.002595,19,0,334,100,100,40,5,1,0,-82,94,91,1,80,33,45,12,0,0,3192,199,0,4,0,1045,123,0,8,0,527,1,0,6,0,268,0,0,0,0,36,256,0,10,0,0,65,3,0,0,0,0,0,0,0
2,15,1,9,2,5,0,0.980857,1.021377,1.010522,8,0,334,24,21,40,5,1,-82,0,-100,-100,0,80,33,60,9,0,0,3192,25,0,3,0,1045,160,0,6,0,527,0,0,2,0,268,0,0,0,0,36,226,0,7,0,0,7,1,1,0,0,0,0,0,0
2,15,2,16,2,5,0,0.999594,0.99345,0.968343,13,0,334,3,0,40,5,1,94,-100,0,100,1,80,33,174,21,0,0,3192,132,0,7,0,1045,151,0,14,0,527,6,0,4,0,268,12,0,2,0,36,122,8,13,0,0,59,2,1,0,0,0,0,0,0
2,15,3,0,2,5,0,0,0,0,0,0,334,0,0,40,5,1,91,-100,100,0,0,80,33,64,0,0,0,3192,165,0,0,0,1045,101,0,0,0,527,0,0,0,0,268,0,0,0,0,36,180,0,0,0,0,31,0,0,0,0,0,0,0,0
2,16,0,19,3,3,0,1.02371,1.010415,1.004678,18,0,334,100,100,40,5,1,0,-82,94,91,1,80,43,52,12,0,0,3192,176,0,4,0,1048,124,0,8,0,519,0,0,4,0,272,0,0,0,0,38,268,0,8,0,0,67,2,0,0,0,0,0,0,0
2,16,1,9,3,3,0,0.973348,1.023312,1.004856,8,0,334,27,24,40,5,1,-82,0,-100,-100,0,80,43,67,9,0,0,3192,13,0,3,0,1048,164,0,6,0,519,0,0,4,0,272,0,0,0,0,38,227,0,9,0,0,8,2,1,0,0,0,0,0,0
2,16,2,16,3,3,0,1.003211,0.988632,0.960572,12,0,334,6,3,40,5,1,94,-100,0,100,1,80,43,195,21,0,0,3192,117,0,7,0,1048,158,0,14,0,519,20,0,4,0,272,10,0,2,0,38,117,8,13,0,0,60,2,1,0,0,0,0,0,0
2,16,3,0,3,3,0,0,0,0,0,0,334,0,0,40,5,1,91,-100,100,0,0,80,43,64,0,0,0,3192,165,0,0,0,1048,101,0,0,0,519,0,0,0,0,272,0,0,0,0,38,180,0,0,0,0,31,0,0,0,0,0,0,0,0
2,17,0,20,3,4,0,1.028007,1.010542,1.00665,17,1,459,100,100,40,5,1,0,-82,96,91,1,80,44,61,9,0,0,3136,210,0,3,0,1043,127,0,6,0,519,1,0,4,0,268,0,0,4,0,41,270,16,26,0,0,51,2,18,0,0,1,1,0,0
2,17,1,8,3,4,0,0.973662,1.020907,1.005286,7,0,334,30,27,40,5,1,-82,0,-100,-100,0,80,44,75,12,0,0,3136,0,0,4,0,1043,171,0,8,0,519,0,0,2,0,268,0,0,0,0,41,227,0,10,0,0,7,1,2,0,0,1,1,0,0
2,17,2,15,3,4,0,1.001822,0.989248,0.956751,10,0,334,9,6,40,5,1,96,-100,0,100,1,80,44,210,21,0,0,3136,102,0,7,0,1043,165,0,14,0,519,36,0,2,0,268,9,0,1,0,41,110,4,11,0,0,60,1,1,0,0,0,0,0,0
2,17,3,0,3,4,0,0,0,0,0,0,334,0,0,40,5,1,91,-100,100,0,0,80,44,64,0,0,0,3136,165,0,0,0,1043,101,0,0,0,519,0,0,0,0,268,0,0,0,0,41,180,0,0,0,0,31,0,0,0,0,0,0,0,0
2,18,0,17,1,5,0,1.034491,1.00979,1.000305,15,1,459,100,100,40,5,1,0,-82,98,91,1,80,36,59,9,0,0,3184,187,0,3,0,1046,130,0,6,0,519,0,0,10,0,272,0,0,0,0,27,285,0,15,0,0,55,5,1,0,0,1,1,0,0
2,18,1,9,1,5,0,0.970594,1.012042,1.002283,8,0,334,33,30,40,5,1,-82,0,-100,-100,0,80,36,76,0,0,0,3184,0,0,0,0,1046,186,0,0,0,519,1,0,0,0,272,0,0,0,0,27,230,0,2,0,0,6,0,1,0,0,0,0,0,0
2,18,2,13,1,5,0,1.000046,0.981498,0.960884,8,0,334,12,9,40,5,1,98,-100,0,100,1,80,36,225,18,0,0,3184,89,0,6,0,1046,171,0,12,0,519,47,0,4,0,272,7,0,2,0,27,107,8,14,0,0,60,2,2,0,0,1,1,0,0
2,18,3,0,1,5,0,0,0,0,0,0,334,0,0,40,5,1,91,-100,100,0,0,80,36,64,0,0,0,3184,165,0,0,0,1046,101,0,0,0,519,0,0,0,0,272,0,0,0,0,27,180,0,0,0,0,31,0,0,0,0,0,0,0,0
2,19,0,15,2,4,0,1.042118,1.013435,1.008004,14,1,459,100,100,40,5,1,0,-82,100,91,1,80,39,63,9,0,0,3183,167,0,3,0,1049,133,0,6,0,544,0,0,0,0,246,0,0,9,0,38,333,36,5,0,0,54,0,1,0,0,1,1,0,0
2,19,1,9,2,4,0,0.970594,1.012042,1.002283,8,0,334,36,33,40,5,1,-82,0,-100,-100,0,80,39,79,0,0,0,3183,0,0,0,0,1049,201,0,0,0,544,1,0,0,0,246,2,0,3,0,38,248,12,4,0,0,4,0,2,0,0,1,1,0,0
2,19,2,13,2,4,0,0.992107,0.979969,0.955742,7,0,334,15,12,40,5,1,100,-100,0,100,1,80,39,244,15,0,0,3183,79,0,5,0,1049,176,0,10,0,544,43,0,4,0,246,17,0,2,0,38,105,8,13,0,0,60,2,2,0,0,1,1,0,0
2,19,3,0,2,4,0,0,0,0,0,0,334,0,0,40,5,1,91,-100,100,0,0,80,39,64,0,0,0,3183,165,0,0,0,1049,101,0,0,0,544,0,0,0,0,246,0,0,0,0,38,180,0,0,0,0,31,0,0,0,0,0,0,0,0
2,20,0,16,3,6,1,1.048746,1.011074,0.995492,14,1,459,100,100,40,5,1,0,-84,100,91,1,80,33,70,9,0,0,3143,189,0,3,0,1055,136,0,6,0,527,0,0,6,0,269,0,0,2,0,43,338,8,9,0,0,57,3,0,0,0,0,0,0,0
2,20,1,8,3,6,1,0.974717,1.015763,1.0093,8,0,334,39,36,40,5,1,-84,0,-100,-100,0,80,33,80,0,0,0,3143,0,0,0,0,1055,211,0,0,0,527,0,0,2,0,269,0,0,2,0,43,262,8,4,0,0,4,1,1,0,0,0,0,0,0
2,20,2,10,3,6,1,1.012315,0.978623,0.951623,6,0,334,18,15,40,5,1,100,-100,0,100,1,80,33,252,9,0,0,3143,71,0,3,0,1055,176,0,6,0,527,49,0,4,0,269,16,0,2,0,43,105,8,11,0,0,60,2,2,0,0,1,1,0,0
2,20,3,0,3,6,1,0,0,0,0,0,334,0,0,40,5,1,91,-100,100,0,0,80,33,64,0,0,0,3143,165,0,0,0,1055,101,0,0,0,527,0,0,0,0,269,0,0,0,0,43,180,0,0,0,0,31,0,0,0,0,0,0,0,0
2,21,0,16,1,3,0,1.048746,1.011074,0.995492,14,1,459,100,100,40,5,1,0,-84,100,91,1,80,52,71,9,0,0,3184,170,0,3,0,1074,133,0,6,0,543,1,0,0,0,256,0,0,6,0,35,374,24,5,0,0,56,0,1,0,0,1,1,0,0
2,21,1,7,1,3,0,0.963977,1.01949,1.014022,7,0,334,42,39,40,5,1,-84,0,-100,-100,0,80,52,78,0,0,0,3184,0,0,0,0,1074,216,0,0,0,543,0,0,0,0,256,0,0,1,0,35,274,4,2,0,0,3,0,1,0,0,0,0,0,0
2,21,2,9,1,3,0,1.017647,0.978514,0.937799,5,0,334,21,18,40,5,1,100,-100,0,100,1,80,52,262,6,0,0,3184,67,0,2,0,1074,178,0,4,0,543,43,0,6,0,256,22,0,3,0,35,109,12,14,0,0,60,3,3,0,0,2,2,0,0
2,21,3,0,1,3,0,0,0,0,0,0,334,0,0,40,5,1,91,-100,100,0,0,80,52,64,0,0,0,3184,165,0,0,0,1074,101,0,0,0,543,0,0,0,0,256,0,0,0,0,35,180,0,0,0,0,31,0,0,0,0,0,0,0,0
2,22,0,15,1,2,0,1.043123,1.01573,0.995012,14,1,459,100,100,40,5,1,0,-84,100,91,1,80,36,72,6,0,0,3145,200,0,2,0,1071,135,0,4,0,531,0,0,4,0,269,0,0,3,0,43,387,12,8,0,0,57,2,1,0,0,1,1,0,0
2,22,1,8,1,2,0,0.959351,1.014959,1.010121,7,0,334,45,42,40,5,1,-84,0,-100,-100,0,80,36,79,0,0,0,3145,0,0,0,0,1071,221,0,0,0,531,1,0,0,0,269,0,0,0,0,43,282,0,2,0,0,2,0,1,0,0,0,0,0,0
2,22,2,8,1,2,0,1.02221,0.968625,0.949285,6,0,334,24,21,40,5,1,100,-100,0,100,1,80,36,268,6,0,0,3145,56,0,2,0,1071,180,0,4,0,531,48,0,4,0,269,20,0,2,0,43,113,8,10,0,0,60,2,2,0,0,1,1,0,0
2,22,3,0,1,2,0,0,0,0,0,0,334,0,0,40,5,1,91,-100,100,0,0,80,36,64,0,0,0,3145,165,0,0,0,1071,101,0,0,0,531,0,0,0,0,269,0,0,0,0,43,180,0,0,0,0,31,0,0,0,0,0,0,0,0
2,23,0,14,1,3,0,1.041814,1.014877,1.00014,14,2,584,100,100,40,5,1,0,-84,100,91,1,80,54,72,6,0,0,3192,183,0,2,0,1071,137,0,4,0,539,1,0,0,0,263,0,0,3,0,35,397,12,19,0,0,40,0,17,0,0,0,0,0,0
2,23,1,8,1,3,0,0.959351,1.014959,1.010121,7,0,334,48,45,40,5,1,-84,0,-100,-100,0,80,54,76,0,0,0,3192,0,0,0,0,1071,226,0,0,0,539,0,0,2,0,263,0,0,3,0,35,298,12,6,0,0,1,1,2,0,0,1,1,0,0
2,23,2,7,1,3,0,1.021216,0.959823,0.943937,5,0,334,27,24,40,5,1,100,-100,0,100,1,80,54,278,6,0,0,3192,46,0,2,0,1071,182,0,4,0,539,47,0,4,0,263,21,0,2,0,35,117,8,10,0,0,60,2,2,0,0,1,1,0,0
2,23,3,0,1,3,0,0,0,0,0,0,334,0,0,40,5,1,91,-100,100,0,0,80,54,64,0,0,0,3192,165,0,0,0,1071,101,0,0,0,539,0,0,0,0,263,0,0,0,0,35,180,0,0,0,0,31,0,0,0,0,0,0,0,0
2,24,0,13,0,2,0,1.046481,1.011589,1.012004,13,2,584,100,100,40,5,1,0,-84,100,91,1,80,67,70,6,0,0,3192,167,0,2,0,1074,139,0,4,0,539,1,0,2,0,260,0,0,4,0,37,424,16,4,0,0,41,1,0,0,0,0,0,0,0
2,24,1,8,0,2,0,0.959351,1.014959,1.010121,8,0,334,51,48,40,5,1,-84,0,-100,-100,0,80,67,72,0,0,0,3192,0,0,0,0,1074,231,0,0,0,539,0,0,2,0,260,3,0,3,0,37,314,12,4,0,0,1,1,1,0,0,0,0,0,0
2,24,2,6,0,2,0,1.026341,0.952253,0.956012,5,0,334,30,27,40,5,1,100,-100,0,100,1,80,67,277,3,0,0,3192,38,0,1,0,1074,183,0,2,0,539,42,0,6,0,260,20,0,3,0,37,126,12,11,0,0,61,3,2,0,0,1,1,0,0
2,24,3,0,0,2,0,0,0,0,0,0,334,0,0,40,5,1,91,-100,100,0,0,80,67,64,0,0,0,3192,165,0,0,0,1074,101,0,0,0,539,0,0,0,0,260,0,0,0,0,37,180,0,0,0,0,31,0,0,0,0,0,0,0,0
2,25,0,12,0,3,0,1.050127,1.009772,0.998511,12,2,584,100,100,40,5,1,0,-84,100,91,1,80,53,74,6,0,0,3152,191,0,2,0,1077,141,0,4,0,530,0,0,6,0,272,0,0,0,0,43,419,0,8,0,0,44,3,0,0,0,0,0,0,0
2,25,1,8,0,3,0,0.959351,1.014959,1.010121,8,0,334,54,51,40,5,1,-84,0,-100,-100,0,80,53,71,0,0,0,3152,0,0,0,0,1077,236,0,0,0,530,0,0,6,0,272,0,0,3,0,43,331,12,8,0,0,3,3,1,0,0,0,0,0,0
2,25,2,4,0,3,0,1.011299,0.93342,0.935228,4,0,334,33,30,40,5,1,100,-100,0,100,1,80,53,276,0,0,0,3152,34,0,0,0,1077,183,0,0,0,530,39,0,6,0,272,17,0,3,0,43,139,12,8,0,0,63,3,1,0,0,0,0,0,0
2,25,3,0,0,3,0,0,0,0,0,0,334,0,0,40,5,1,91,-100,100,0,0,80,53,64,0,0,0,3152,164,0,0,0,1077,101,0,0,0,530,0,0,0,0,272,0,0,0,0,43,180,0,0,0,0,31,0,0,0,0,0,0,0,0
2,26,0,11,0,2,0,1.044791,1.009609,0.996903,11,2,584,100,100,40,5,1,0,-84,100,91,1,80,62,77,6,0,0,3192,176,0,2,0,1077,143,0,4,0,544,0,0,0,0,255,2,0,6,0,36,462,24,2,0,0,44,0,0,0,0,0,0,0,0
2,26,1,8,0,2,0,0.959351,1.014959,1.010121,8,0,334,57,54,40,5,1,-84,0,-100,-100,0,80,62,68,0,0,0,3192,0,0,0,0,1077,241,0,0,0,544,0,0,0,0,255,3,0,3,0,36,334,12,2,0,0,2,0,1,0,0,0,0,0,0
2,26,2,3,0,2,0,1.008177,0.947956,0.942999,3,0,334,36,33,40,5,1,100,-100,0,100,1,80,62,276,0,0,0,3192,32,0,0,0,1077,183,0,0,0,544,35,0,4,0,255,18,0,2,0,36,144,8,6,0,0,64,2,1,0,0,0,0,0,0
2,26,3,0,0,2,0,0,0,0,0,0,334,0,0,40,5,1,91,-100,100,0,0,80,62,64,0,0,0,3192,163,0,0,0,1077,101,0,0,0,544,0,0,0,0,255,0,0,0,0,36,180,0,0,0,0,31,0,0,0,0,0,0,0,0
2,27,0,11,2,1,0,1.044791,1.009609,0.996903,11,2,584,100,100,40,5,1,0,-84,100,91,1,80,50,85,6,0,0,3160,194,0,2,0,1077,145,0,4,0,539,1,0,2,0,272,0,0,2,0,52,469,8,4,0,0,45,1,0,0,0,0,0,0,0
2,27,1,9,2,1,0,0.962235,1.010965,1.015261,8,0,334,60,57,40,5,1,-84,0,-100,-100,0,80,50,71,0,0,0,3160,0,0,0,0,1077,246,0,0,0,539,0,0,2,0,272,0,0,3,0,52,334,12,4,0,0,2,1,1,0,0,0,0,0,0
2,27,2,3,2,1,0,0.960443,0.950753,0.944034,2,0,334,39,36,40,5,1,100,-100,0,100,1,80,50,275,0,0,0,3160,31,0,0,0,1077,183,0,0,0,539,33,0,2,0,272,17,0,1,0,52,147,4,4,0,0,64,1,1,0,0,0,0,0,0
2,27,3,0,2,1,0,0,0,0,0,0,334,0,0,40,5,1,91,-100,100,0,0,80,50,64,0,0,0,3160,162,0,0,0,1077,101,0,0,0,539,0,0,0,0,272,0,0,0,0,52,180,0,0,0,0,31,0,0,0,0,0,0,0,0
2,28,0,9,0,4,0,1.055852,1.004808,0.999894,9,2,584,100,100,40,5,1,0,-84,100,91,1,80,62,87,6,0,0,3181,180,0,2,0,1077,147,0,4,0,538,1,0,4,0,270,0,0,0,0,35,480,0,6,0,0,47,2,0,0,0,0,0,0,0
2,28,1,9,0,4,0,0.962235,1.010965,1.015261,8,0,334,63,60,40,5,1,-84,0,-100,-100,0,80,62,77,6,0,0,3181,8,0,2,0,1077,247,0,4,0,538,0,0,2,0,270,0,0,2,0,35,330,8,8,0,0,1,1,2,0,0,1,1,0,0
2,28,2,1,0,4,0,1.000738,0.887604,0.935863,1,0,334,42,39,40,5,1,100,-100,0,100,1,80,62,272,0,0,0,3181,30,0,0,0,1077,183,0,0,0,538,31,0,2,0,270,16,0,1,0,35,147,4,4,0,0,64,1,1,0,0,0,0,0,0
2,28,3,0,0,4,0,0,0,0,0,0,334,0,0,40,5,1,91,-100,100,0,0,80,62,64,0,0,0,3181,161,0,0,0,1077,101,0,0,0,538,0,0,0,0,270,0,0,0,0,35,180,0,0,0,0,31,0,0,0,0,0,0,0,0
2,29,0,8,1,3,0,1.063226,1.009343,1.005771,8,2,584,100,100,42,5,1,0,-88,100,91,0,80,65,87,3,0,0,3189,169,0,1,0,1080,148,0,2,0,532,1,0,6,0,272,0,0,0,0,36,490,0,7,0,0,50,3,0,0,0,0,0,0,0
2,29,1,9,1,3,0,0.95649,1.015755,1.026553,8,0,334,66,63,42,5,1,-88,0,-100,-100,0,80,65,83,6,0,0,3189,8,0,2,0,1080,248,0,4,0,532,0,0,6,0,272,0,0,0,0,36,324,0,10,0,0,3,3,1,0,0,0,0,0,0
2,29,2,0,1,3,0,0,0,0,0,0,334,0,0,42,5,1,100,-100,0,100,0,80,65,266,0,0,0,3189,31,0,0,0,1080,183,0,0,0,532,31,0,0,0,272,16,0,0,0,36,147,0,0,0,0,64,0,0,0,0,0,0,0,0
2,29,3,0,1,3,0,0,0,0,0,0,334,0,0,42,5,1,91,-100,100,0,0,80,65,64,0,0,0,3189,160,0,0,0,1080,101,0,0,0,532,0,0,0,0,272,0,0,0,0,36,180,0,0,0,0,31,0,0,0,0,0,0,0,0
2,30,0,9,1,1,0,1.066913,1.004496,1.006683,8,3,709,100,100,42,5,0,0,-88,100,91,0,80,54,94,3,0,0,3157,191,0,1,0,1075,149,0,2,0,544,1,0,0,0,263,1,0,5,0,55,495,20,18,0,0,33,0,17,0,0,0,0,0,0
2,30,1,8,1,1,0,0.957795,1.025084,1.032589,7,0,334,69,66,42,5,0,-88,0,-100,-100,0,80,54,92,9,0,0,3157,7,0,3,0,1075,252,0,6,0,544,0,0,0,0,263,0,0,3,0,55,329,12,7,0,0,1,0,2,0,0,1,1,0,0
2,30,2,0,1,1,0,0,0,0,0,0,334,0,0,42,5,0,100,-100,0,100,0,80,54,266,0,0,0,3157,33,0,0,0,1075,183,0,0,0,544,31,0,0,0,263,16,0,0,0,55,147,0,0,0,0,64,0,0,0,0,0,0,0,0
2,30,3,0,1,1,0,0,0,0,0,0,334,0,0,42,5,0,91,-100,100,0,0,80,54,64,0,0,0,3157,159,0,0,0,1075,101,0,0,0,544,0,0,0,0,263,0,0,0,0,55,180,0,0,0,0,31,0,0,0,0,0,0,0,0
2,31,0,9,0,0,0,1.066913,1.004496,1.006683,8,3,709,100,100,42,5,0,0,-88,100,91,0,80,59,94,3,0,0,3189,180,0,1,0,1075,150,0,2,0,535,1,0,6,0,272,0,0,1,0,46,507,4,9,0,0,35,3,1,0,0,1,1,0,0
2,31,1,8,0,0,0,0.957795,1.025084,1.032589,8,0,334,72,69,42,5,0,-88,0,-100,-100,0,80,59,100,9,0,0,3189,7,0,3,0,1075,256,0,6,0,535,1,0,2,0,272,0,0,0,0,46,327,0,7,0,0,1,1,1,0,0,0,0,0,0
2,31,2,0,0,0,0,0,0,0,0,0,334,0,0,42,5,0,100,-100,0,100,0,80,59,266,0,0,0,3189,34,0,0,0,1075,183,0,0,0,535,31,0,0,0,272,16,0,0,0,46,147,0,0,0,0,64,0,0,0,0,0,0,0,0
2,31,3,0,0,0,0,0,0,0,0,0,334,0,0,42,5,0,91,-100,100,0,0,80,59,64,0,0,0,3189,159,0,0,0,1075,101,0,0,0,535,0,0,0,0,272,0,0,0,0,46,180,0,0,0,0,31,0,0,0,0,0,0,0,0
2,32,0,6,0,3,0,1.053011,1.005264,0.99451,6,3,709,100,100,42,5,0,0,-88,100,91,0,80,67,94,3,0,0,3189,170,0,1,0,1075,151,0,2,0,536,1,0,6,0,272,0,0,0,0,46,508,0,7,0,0,38,3,0,0,0,0,0,0,0
2,32,1,8,0,3,0,0.957795,1.025084,1.032589,8,0,334,75,72,42,5,0,-88,0,-100,-100,0,80,67,108,9,0,0,3189,7,0,3,0,1075,260,0,6,0,536,1,0,2,0,272,0,0,0,0,46,325,0,7,0,0,1,1,1,0,0,0,0,0,0
2,32,2,0,0,3,0,0,0,0,0,0,334,0,0,42,5,0,100,-100,0,100,0,80,67,266,0,0,0,3189,34,0,0,0,1075,183,0,0,0,536,31,0,0,0,272,16,0,0,0,46,147,0,0,0,0,64,0,0,0,0,0,0,0,0
2,32,3,0,0,3,0,0,0,0,0,0,334,0,0,42,5,0,91,-100,100,0,0,80,67,64,0,0,0,3189,159,0,0,0,1075,101,0,0,0,536,0,0,0,0,272,0,0,0,0,46,180,0,0,0,0,31,0,0,0,0,0,0,0,0
2,33,0,7,1,0,0,1.04596,1.012134,1.001718,6,3,709,100,100,42,5,0,0,-88,100,91,0,80,58,103,3,0,0,3173,179,0,1,0,1075,152,0,2,0,544,1,0,0,0,263,3,0,3,0,60,522,12,1,0,0,38,0,0,0,0,0,0,0,0
2,33,1,8,1,0,0,0.957795,1.025084,1.032589,8,0,334,78,75,42,5,0,-88,0,-100,-100,0,80,58,119,9,0,0,3173,7,0,3,0,1075,264,0,6,0,544,1,0,0,0,263,0,0,3,0,60,331,12,5,0,0,0,0,1,0,0,0,0,0,0
2,33,2,0,1,0,0,0,0,0,0,0,334,0,0,42,5,0,100,-100,0,100,0,80,58,266,0,0,0,3173,34,0,0,0,1075,183,0,0,0,544,31,0,0,0,263,16,0,0,0,60,147,0,0,0,0,64,0,0,0,0,0,0,0,0
2,33,3,0,1,0,0,0,0,0,0,0,334,0,0,42,5,0,91,-100,100,0,0,80,58,64,0,0,0,3173,159,0,0,0,1075,101,0,0,0,544,0,0,0,0,263,0,0,0,0,60,180,0,0,0,0,31,0,0,0,0,0,0,0,0
2,34,0,7,1,1,0,1.04596,1.012134,1.001718,6,3,709,100,100,42,5,0,0,-88,100,91,0,80,63,106,3,0,0,3189,171,0,1,0,1075,153,0,2,0,540,0,0,4,0,269,3,0,3,0,46,544,12,7,0,0,39,2,1,0,0,1,1,0,0
2,34,1,8,1,1,0,0.952587,1.039542,1.041903,7,0,334,78,78,42,5,0,-88,0,-100,-100,0,80,63,128,9,0,0,3189,7,0,3,0,1075,268,0,6,0,540,0,0,2,0,269,0,0,0,0,46,329,0,5,0,0,1,1,0,0,0,0,0,0,0
2,34,2,0,1,1,0,0,0,0,0,0,334,0,0,42,5,0,100,-100,0,100,0,80,63,266,0,0,0,3189,34,0,0,0,1075,183,0,0,0,540,31,0,0,0,269,16,0,0,0,46,147,0,0,0,0,64,0,0,0,0,0,0,0,0
2,34,3,0,1,1,0,0,0,0,0,0,334,0,0,42,5,0,91,-100,100,0,0,80,63,64,0,0,0,3189,159,0,0,0,1075,101,0,0,0,540,0,0,0,0,269,0,0,0,0,46,180,0,0,0,0,31,0,0,0,0,0,0,0,0
2,35,0,7,1,0,0,1.04596,1.012134,1.001718,7,3,709,100,100,42,5,0,0,-88,100,91,0,80,54,112,3,0,0,3173,179,0,1,0,1075,154,0,2,0,539,1,0,4,0,272,0,0,3,0,51,554,12,5,0,0,41,2,0,0,0,0,0,0,0
2,35,1,9,1,0,0,0.959099,1.030908,1.028049,7,0,334,81,78,42,5,0,-88,0,-100,-100,0,80,54,141,9,0,0,3173,7,0,3,0,1075,272,0,6,0,539,0,0,0,0,272,0,0,0,0,51,329,0,5,0,0,0,0,1,0,0,0,0,0,0
2,35,2,0,1,0,0,0,0,0,0,0,334,0,0,42,5,0,100,-100,0,100,0,80,54,266,0,0,0,3173,34,0,0,0,1075,183,0,0,0,539,31,0,0,0,272,16,0,0,0,51,147,0,0,0,0,64,0,0,0,0,0,0,0,0
2,35,3,0,1,0,0,0,0,0,0,0,334,0,0,42,5,0,91,-100,100,0,0,80,54,64,0,0,0,3173,159,0,0,0,1075,101,0,0,0,539,0,0,0,0,272,0,0,0,0,51,180,0,0,0,0,31,0,0,0,0,0,0,0,0
2,36,0,7,0,0,0,1.04596,1.012134,1.001718,7,3,709,100,100,42,5,0,0,-88,100,91,0,80,61,115,3,0,0,3188,171,0,1,0,1075,155,0,2,0,544,1,0,0,0,269,0,0,3,0,35,583,12,1,0,0,41,0,0,0,0,0,0,0,0
2,36,1,9,0,0,0,0.959099,1.030908,1.028049,7,0,334,81,81,42,5,0,-88,0,-100,-100,0,80,61,153,9,0,0,3188,7,0,3,0,1075,276,0,6,0,544,0,0,0,0,269,0,0,0,0,35,331,0,3,0,0,0,0,0,0,0,0,0,0,0
2,36,2,0,0,0,0,0,0,0,0,0,334,0,0,42,5,0,100,-100,0,100,0,80,61,266,0,0,0,3188,34,0,0,0,1075,183,0,0,0,544,31,0,0,0,269,16,0,0,0,35,147,0,0,0,0,64,0,0,0,0,0,0,0,0
2,36,3,0,0,0,0,0,0,0,0,0,334,0,0,42,5,0,91,-100,100,0,0,80,61,64,0,0,0,3188,159,0,0,0,1075,101,0,0,0,544,0,0,0,0,269,0,0,0,0,35,180,0,0,0,0,31,0,0,0,0,0,0,0,0
2,37,0,8,1,0,0,1.05497,1.005213,0.999211,7,3,709,100,100,42,5,0,0,-88,100,91,0,80,57,120,3,0,0,3172,179,0,1,0,1075,156,0,2,0,535,4,0,6,0,272,0,0,0,0,56,579,0,7,0,0,44,3,0,0,0,0,0,0,0
2,37,1,9,1,0,0,0.959099,1.030908,1.028049,7,0,334,81,81,42,5,0,-88,0,-100,-100,0,80,57,163,9,0,0,3172,7,0,3,0,1075,280,0,6,0,535,0,0,0,0,272,0,0,0,0,56,331,0,3,0,0,0,0,0,0,0,0,0,0,0
2,37,2,0,1,0,0,0,0,0,0,0,334,0,0,42,5,0,100,-100,0,100,0,80,57,266,0,0,0,3172,34,0,0,0,1075,183,0,0,0,535,31,0,0,0,272,16,0,0,0,56,147,0,0,0,0,64,0,0,0,0,0,0,0,0
2,37,3,0,1,0,0,0,0,0,0,0,334,0,0,42,5,0,91,-100,100,0,0,80,57,64,0,0,0,3172,159,0,0,0,1075,101,0,0,0,535,0,0,0,0,272,0,0,0,0,56,180,0,0,0,0,31,0,0,0,0,0,0,0,0
2,38,0,8,1,0,0,1.05497,1.005213,0.999211,7,3,709,100,100,42,5,0,0,-88,100,91,0,80,62,122,3,0,0,3188,170,0,1,0,1075,157,0,2,0,535,7,0,6,0,269,0,0,3,0,36,599,12,9,0,0,46,3,1,0,0,1,1,0,0
2,38,1,10,1,0,0,0.964187,1.035797,1.032722,7,0,334,81,81,42,5,0,-88,0,-100,-100,0,80,62,174,9,0,0,3188,7,0,3,0,1075,284,0,6,0,535,0,0,0,0,269,0,0,0,0,36,331,0,3,0,0,0,0,0,0,0,0,0,0,0
2,38,2,0,1,0,0,0,0,0,0,0,334,0,0,42,5,0,100,-100,0,100,0,80,62,266,0,0,0,3188,34,0,0,0,1075,183,0,0,0,535,31,0,0,0,269,16,0,0,0,36,147,0,0,0,0,64,0,0,0,0,0,0,0,0
2,38,3,0,1,0,0,0,0,0,0,0,334,0,0,42,5,0,91,-100,100,0,0,80,62,64,0,0,0,3188,159,0,0,0,1075,101,0,0,0,535,0,0,0,0,269,0,0,0,0,36,180,0,0,0,0,31,0,0,0,0,0,0,0,0
2,39,0,8,1,0,0,1.05497,1.005213,0.999211,8,4,834,100,100,42,5,0,0,-88,100,91,0,80,60,129,3,0,0,3171,177,0,1,0,1075,158,0,2,0,541,4,0,6,0,263,6,0,3,0,48,590,12,24,0,0,32,3,17,0,0,0,0,0,0
2,39,1,11,1,0,0,0.956549,1.044198,1.033436,7,0,334,81,81,42,5,0,-88,0,-100,-100,0,80,60,181,9,0,0,3171,7,0,3,0,1075,288,0,6,0,541,0,0,0,0,263,0,0,0,0,48,331,0,3,0,0,0,0,0,0,0,0,0,0,0
2,39,2,0,1,0,0,0,0,0,0,0,334,0,0,42,5,0,100,-100,0,100,0,80,60,266,0,0,0,3171,34,0,0,0,1075,183,0,0,0,541,31,0,0,0,263,16,0,0,0,48,147,0,0,0,0,64,0,0,0,0,0,0,0,0
2,39,3,0,1,0,0,0,0,0,0,0,334,0,0,42,5,0,91,-100,100,0,0,80,60,64,0,0,0,3171,159,0,0,0,1075,101,0,0,0,541,0,0,0,0,263,0,0,0,0,48,180,0,0,0,0,31,0,0,0,0,0,0,0,0
2,40,0,8,0,0,0,1.05497,1.005213,0.999211,8,4,834,100,100,42,5,0,0,-88,100,91,0,80,64,130,3,0,0,3176,168,0,1,0,1075,159,0,2,0,534,8,0,6,0,272,3,0,3,0,46,607,12,7,0,0,35,3,0,0,0,0,0,0,0
2,40,1,11,0,0,0,0.956549,1.044198,1.033436,7,0,334,81,81,42,5,0,-88,0,-100,-100,0,80,64,189,9,0,0,3176,17,0,3,0,1075,292,0,6,0,534,0,0,0,0,272,0,0,0,0,46,331,0,3,0,0,0,0,0,0,0,0,0,0,0
2,40,2,0,0,0,0,0,0,0,0,0,334,0,0,42,5,0,100,-100,0,100,0,80,64,266,0,0,0,3176,34,0,0,0,1075,183,0,0,0,534,31,0,0,0,272,16,0,0,0,46,147,0,0,0,0,64,0,0,0,0,0,0,0,0
2,40,3,0,0,0,0,0,0,0,0,0,334,0,0,42,5,0,91,-100,100,0,0,80,64,64,0,0,0,3176,159,0,0,0,1075,101,0,0,0,534,0,0,0,0,272,0,0,0,0,46,180,0,0,0,0,31,0,0,0,0,0,0,0,0
6,1,0,48,3,13,1,1.00101,0.995972,1.003597,0,0,334,100,100,8,0,0,0,-32,36,2,1,80,4,53,36,0,0,2802,201,0,12,0,911,62,0,24,0,483,1,0,48,0,261,2,0,24,0,0,102,96,78,0,0,15,24,9,0,0,9,9,0,0
6,1,1,47,3,13,1,1.007809,0.999924,1.006835,0,0,334,100,100,8,0,0,-32,0,-62,-32,0,80,4,54,39,0,0,2802,214,0,13,0,911,84,0,26,0,483,1,0,40,0,261,3,0,23,0,0,105,92,71,0,0,11,20,9,0,0,9,9,0,0
6,1,2,48,3,13,1,1.005129,0.997017,1.003055,0,0,334,63.199936,63.199936,8,0,0,36,-62,0,36,2,80,4,62,39,0,0,2802,192,0,13,0,911,63,0,26,0,483,4,0,44,0,261,5,0,22,0,0,96,88,75,0,0,13,22,9,0,0,9,9,0,0
6,1,3,47,3,13,1,1.00503,0.997265,1.00447,0,0,334,100,100,8,0,0,2,-32,36,0,1,80,4,62,39,0,0,2802,192,0,13,0,911,63,0,26,0,483,1,0,46,0,261,2,0,23,0,0,99,92,77,0,0,14,23,9,0,0,9,9,0,0
6,2,0,46,2,30,0,0.997226,0.999477,1.002827,7,0,334,100,100,15,1,1,0,-46,54,4,1,80,2,55,33,0,0,2936,230,0,11,0,920,73,0,22,0,506,1,0,10,0,245,0,0,14,0,51,119,56,39,0,0,11,5,9,0,0,9,9,0,0
6,2,1,39,2,30,0,1.006211,0.999463,1.00525,7,0,334,79.683853,76.683853,15,1,1,-46,0,-88,-56,0,80,2,53,33,0,0,2936,156,0,11,0,920,112,0,22,0,506,0,0,4,0,245,0,0,4,0,51,86,16,35,0,0,3,2,10,0,0,9,9,0,0
6,2,2,35,2,30,0,0.995503,0.995464,0.996918,6,0,334,35.432935,32.432935,15,1,1,54,-88,0,56,2,80,2,69,36,0,0,2936,220,0,12,0,920,75,0,24,0,506,0,0,10,0,245,0,0,13,0,51,122,52,28,0,0,15,5,3,0,0,2,2,0,0
6,2,3,42,2,30,0,1.000528,0.998013,1.003739,6,0,334,94.897576,91.897576,15,1,1,4,-56,56,0,1,80,2,66,36,0,0,2936,213,0,12,0,920,75,0,24,0,506,1,0,10,0,245,0,0,4,0,51,73,16,42,0,0,9,5,10,0,0,9,9,0,0
6,3,0,44,2,11,0,0.994079,0.998596,1.002975,15,0,334,100,100,23,1,1,0,-58,56,38,2,80,7,58,33,0,0,3130,173,0,11,0,1001,69,0,22,0,460,1,0,22,0,272,0,0,0,0,0,84,0,51,0,0,13,11,9,0,0,9,9,0,0
6,3,1,36,2,11,0,1.009383,0.999559,1.007878,13,0,334,66.853664,63.853664,23,1,1,-58,0,-100,-100,0,80,7,62,33,0,0,3130,176,0,11,0,1001,122,0,22,0,460,0,0,14,0,272,0,0,0,0,0,58,0,45,0,0,0,7,10,0,0,9,9,0,0
6,3,2,33,2,11,0,0.99666,0.99719,1.00979,7,0,334,38.432935,35.432935,23,1,1,56,-100,0,90,2,80,7,82,33,0,0,3130,174,0,11,0,1001,69,0,22,0,460,1,0,20,0,272,0,0,0,0,0,104,0,35,0,0,23,10,2,0,0,1,1,0,0
6,3,3,40,2,11,0,1.001946,0.998857,1.002232,13,0,334,51.723561,48.723561,23,1,1,38,-100,90,0,2,80,7,77,33,0,0,3130,160,0,11,0,1001,71,0,22,0,460,1,0,24,0,272,0,0,0,0,0,35,0,55,0,0,11,12,10,0,0,9,9,0,0
6,4,0,45,5,11,0,0.994989,0.996391,1.004196,24,0,334,100,100,29,2,1,0,-68,86,38,2,80,8,65,33,0,0,2902,206,0,11,0,957,77,0,22,0,477,0,0,22,0,268,0,0,2,0,14,58,8,51,0,0,15,11,9,0,0,9,9,0,0
6,4,1,30,5,11,0,1.005774,1.003662,1.012906,20,0,334,58.066316,58.066316,29,2,1,-68,0,-100,-100,0,80,8,62,24,0,0,2902,182,0,8,0,957,132,0,16,0,477,0,0,8,0,268,0,0,0,0,14,48,0,24,0,0,0,4,4,0,0,4,4,0,0
6,4,2,33,5,11,0,0.9956,0.993767,1.004134,7,0,334,3,0,29,2,1,86,-100,0,100,2,80,8,91,33,0,0,2902,218,0,11,0,957,77,0,22,0,477,1,0,20,0,268,0,0,0,0,14,72,0,35,0,0,31,10,2,0,0,1,1,0,0
6,4,3,39,5,11,0,1.002171,0.999977,1.003688,20,0,334,54.723561,51.723561,29,2,1,38,-100,100,0,2,80,8,88,30,0,0,2902,182,0,10,0,957,81,0,20,0,477,0,0,16,0,268,0,0,2,0,14,14,8,46,0,0,9,8,10,0,0,9,9,0,0
6,5,0,42,1,13,0,0.996079,0.997375,1.002033,31,0,334,100,100,31,3,1,0,-70,92,38,2,80,10,66,30,0,0,3002,239,0,10,0,961,87,0,20,0,469,1,0,20,0,272,0,0,0,0,0,31,0,42,0,0,19,10,6,0,0,6,6,0,0
6,5,1,27,1,13,0,1.007459,1.0041,1.017363,22,0,334,48.300869,48.300869,31,3,1,-70,0,-100,-100,0,80,10,72,27,0,0,3002,173,0,9,0,961,151,0,18,0,469,1,0,14,0,272,0,0,0,0,0,34,0,29,0,0,4,7,3,0,0,3,3,0,0
6,5,2,29,1,13,0,0.992107,0.988207,0.996444,6,0,334,3,0,31,3,1,92,-100,0,100,2,80,10,94,30,0,0,3002,175,0,10,0,961,87,0,20,0,469,0,0,16,0,272,0,0,0,0,0,56,0,32,0,0,36,8,3,0,0,2,2,0,0
6,5,3,37,1,13,0,1.001815,1.002281,1.007627,27,0,334,57.723561,54.723561,31,3,1,38,-100,100,0,2,80,10,90,27,0,0,3002,214,0,9,0,961,90,0,18,0,469,0,0,18,0,272,0,0,0,0,0,1,0,31,0,0,16,9,2,0,0,1,1,0,0
6,6,0,40,1,13,0,0.996653,0.997231,1.002862,35,0,334,100,100,34,3,1,0,-76,100,52,2,80,10,68,30,0,0,3090,187,0,10,0,964,97,0,20,0,497,0,0,12,0,272,0,0,0,0,11,20,0,28,0,0,22,6,3,0,0,3,3,0,0
6,6,1,24,1,13,0,1.000794,1.009819,1.02106,22,0,334,51.300869,48.300869,34,3,1,-76,0,-100,-100,0,80,10,85,27,0,0,3090,167,0,9,0,964,173,0,18,0,497,1,0,4,0,272,0,0,0,0,11,34,0,17,0,0,4,2,2,0,0,1,1,0,0
6,6,2,26,1,13,0,0.990517,0.991392,0.994439,6,0,334,3,0,34,3,1,100,-100,0,100,2,80,10,95,30,0,0,3090,216,0,10,0,964,94,0,20,0,497,0,0,8,0,272,0,0,0,0,11,38,0,24,0,0,37,4,3,0,0,2,2,0,0
6,6,3,33,1,13,0,0.997267,0.994975,1.000555,24,0,334,23.201224,20.201224,34,3,1,52,-100,100,0,2,80,10,94,24,0,0,3090,169,0,8,0,964,101,0,16,0,497,0,0,8,0,272,0,0,0,0,11,0,0,18,0,0,19,4,1,0,0,0,0,0,0
6,7,0,39,2,11,0,0.996621,0.996355,1.004394,36,0,334,100,100,37,4,1,0,-80,98,52,2,80,12,74,30,0,0,3012,217,0,10,0,964,107,0,20,0,506,1,0,14,0,272,0,0,0,0,0,11,0,26,0,0,28,7,1,0,0,1,1,0,0
6,7,1,22,2,11,0,1.00117,1.007764,1.021911,21,0,334,38.803554,35.803554,37,4,1,-80,0,-100,-100,0,80,12,102,27,0,0,3012,154,0,9,0,964,195,0,18,0,506,0,0,6,0,272,0,0,0,0,0,32,0,19,0,0,5,3,2,0,0,1,1,0,0
6,7,2,24,2,11,0,0.997946,0.988105,0.988598,6,0,334,3,0,37,4,1,98,-100,0,100,2,80,12,98,27,0,0,3012,181,0,9,0,964,103,0,18,0,506,1,0,8,0,272,0,0,0,0,0,30,0,23,0,0,38,4,3,0,0,2,2,0,0
6,7,3,29,2,11,0,0.992812,0.994671,0.997782,22,0,334,26.201224,23.201224,37,4,1,52,-100,100,0,2,80,12,98,21,0,0,3012,193,0,7,0,964,114,0,14,0,506,1,0,8,0,272,0,0,0,0,0,0,0,17,0,0,22,4,1,0,0,0,0,0,0
6,8,0,39,8,6,0,0.996621,0.996355,1.004394,37,0,334,100,100,38,5,1,0,-80,98,52,2,80,6,67,12,0,0,3078,174,0,4,0,970,129,0,8,0,499,1,0,24,0,272,0,0,0,0,8,0,0,28,0,0,40,12,0,0,0,0,0,0,0
6,8,1,23,8,6,0,1.002798,0.996547,1.023043,20,0,334,28.69735,25.69735,38,5,1,-80,0,-100,-100,0,80,6,117,24,0,0,3078,134,0,8,0,970,214,0,16,0,499,0,0,0,0,272,0,0,0,0,8,39,0,10,0,0,4,0,1,0,0,0,0,0,0
6,8,2,25,8,6,0,1.007657,0.983057,0.987858,6,0,334,6,3,38,5,1,98,-100,0,100,2,80,6,117,24,0,0,3078,205,0,8,0,970,111,0,16,0,499,1,0,12,0,272,0,0,0,0,8,11,0,28,0,0,40,6,4,0,0,3,3,0,0
6,8,3,29,8,6,0,0.995555,0.996702,0.997312,20,0,334,29.201224,26.201224,38,5,1,52,-100,100,0,2,80,6,104,15,0,0,3078,215,0,5,0,970,128,0,10,0,499,0,0,10,0,272,0,0,0,0,8,0,0,17,0,0,26,5,1,0,0,0,0,0,0
6,9,0,40,2,9,0,0.996979,0.994366,1.004035,37,0,334,100,100,39,6,1,0,-80,96,52,2,80,10,46,3,0,0,3110,214,0,1,0,967,157,0,2,0,495,9,0,16,0,272,0,0,0,0,0,0,0,17,0,0,48,8,0,0,0,0,0,0,0
6,9,1,22,2,9,0,1.011182,0.985458,1.024392,18,0,334,19.758526,16.758526,39,6,1,-80,0,-100,-100,0,80,10,138,27,0,0,3110,112,0,9,0,967,236,0,18,0,495,1,0,0,0,272,0,0,0,0,0,41,0,15,0,0,1,0,3,0,0,2,2,0,0
6,9,2,23,2,9,0,1.005505,0.981992,0.992099,7,0,334,9,6,39,6,1,96,-100,0,100,2,80,10,131,24,0,0,3110,172,0,8,0,967,119,0,16,0,495,0,0,16,0,272,0,0,0,0,0,0,0,28,0,0,46,8,2,0,0,1,1,0,0
6,9,3,24,2,9,0,0.996088,0.993154,0.98948,15,0,334,32.201224,29.201224,39,6,1,52,-100,100,0,2,80,10,109,15,0,0,3110,181,0,5,0,967,145,0,10,0,495,1,0,8,0,272,0,0,0,0,0,0,0,15,0,0,29,4,1,0,0,0,0,0,0
6,10,0,40,5,5,0,0.997284,0.990072,1.001511,36,0,334,100,100,43,7,1,0,-86,98,72,2,80,12,26,3,0,0,3112,173,0,1,0,975,182,0,2,0,530,0,0,20,0,256,0,0,1,0,8,0,4,21,0,0,58,10,0,0,0,0,0,0,0
6,10,1,22,5,5,0,1.016665,0.983451,1.02035,19,0,334,0,0,43,7,1,-86,0,-100,-100,0,80,12,152,27,0,0,3112,81,0,9,0,975,253,0,18,0,530,0,0,0,0,256,0,0,0,0,8,48,0,9,0,0,0,0,0,0,0,0,0,0,0
6,10,2,23,5,5,0,1.010296,0.97644,0.992568,7,0,334,12,9,43,7,1,98,-100,0,100,2,80,12,150,24,0,0,3112,189,0,8,0,975,127,0,16,0,530,1,0,0,0,256,0,0,10,0,8,33,40,16,0,0,42,0,4,0,0,3,3,0,0
6,10,3,24,5,5,0,0.996431,0.991823,0.993146,13,0,334,3,0,43,7,1,72,-100,100,0,2,80,12,127,24,0,0,3112,179,0,8,0,975,153,0,16,0,530,1,0,2,0,256,0,0,5,0,8,15,20,22,0,0,24,1,6,0,0,5,5,0,0
6,11,0,33,1,20,0,1.003998,0.983105,1.006459,29,0,334,100,100,43,7,1,0,-86,100,76,2,80,12,33,21,0,0,3048,198,0,7,0,973,189,0,14,0,517,0,0,12,0,258,0,0,8,0,10,24,32,23,0,0,62,6,2,0,0,2,2,0,0
6,11,1,17,1,20,0,1.008847,0.991945,1.018738,16,0,334,0,0,43,7,1,-86,0,-100,-100,0,80,12,159,21,0,0,3048,52,0,7,0,973,274,0,14,0,517,0,0,0,0,258,0,0,0,0,10,55,0,7,0,0,0,0,0,0,0,0,0,0,0
6,11,2,20,1,20,0,1.006094,0.976959,0.987804,7,0,334,15,12,43,7,1,100,-100,0,100,2,80,12,163,24,0,0,3048,198,0,8,0,973,135,0,16,0,517,0,0,10,0,258,0,0,3,0,10,28,12,26,0,0,43,5,4,0,0,3,3,0,0
6,11,3,20,1,20,0,0.991227,0.991238,0.993641,13,0,334,6,3,43,7,1,76,-100,100,0,2,80,12,144,27,0,0,3048,178,0,9,0,973,162,0,18,0,517,0,0,4,0,258,0,0,3,0,10,18,12,21,0,0,22,2,4,0,0,3,3,0,0
6,12,0,35,6,14,0,1.006598,0.98033,1.006133,29,0,334,100,100,43,7,1,0,-86,100,78,2,80,9,41,18,0,0,3112,223,0,6,0,986,195,0,12,0,510,0,0,16,0,272,0,0,0,0,3,20,0,24,0,0,69,8,1,0,0,1,1,0,0
6,12,1,15,6,14,0,1.010913,0.99019,1.017463,14,0,334,0,0,43,7,1,-86,0,-100,-100,0,80,9,166,15,0,0,3112,30,0,5,0,986,284,0,10,0,510,0,0,0,0,272,0,0,0,0,3,77,0,5,0,0,0,0,0,0,0,0,0,0,0
6,12,2,18,6,14,0,1.016024,0.972984,0.994435,8,0,334,18,15,43,7,1,100,-100,0,100,2,80,9,182,24,0,0,3112,170,0,8,0,986,140,0,16,0,510,0,0,6,0,272,0,0,0,0,3,17,0,20,0,0,43,3,3,0,0,2,2,0,0
6,12,3,14,6,14,0,1.005555,0.978778,1.003144,11,0,334,9,6,43,7,1,78,-100,100,0,2,80,9,156,18,0,0,3112,168,0,6,0,986,168,0,12,0,510,0,0,6,0,272,0,0,0,0,3,11,0,16,0,0,23,3,2,0,0,1,1,0,0
6,13,0,34,2,5,1,1.00489,0.979823,1.009262,29,0,334,100,100,43,7,1,0,-88,100,80,2,80,14,39,18,0,0,3160,182,0,6,0,1011,201,0,12,0,517,1,0,14,0,260,0,0,9,0,0,63,36,24,0,0,74,7,2,0,0,2,2,0,0
6,13,1,15,2,5,1,1.010913,0.99019,1.017463,14,0,334,0,0,43,7,1,-88,0,-100,-100,0,80,14,178,15,0,0,3160,10,0,5,0,1011,294,0,10,0,517,0,0,0,0,260,0,0,0,0,0,91,0,5,0,0,0,0,0,0,0,0,0,0,0
6,13,2,17,2,5,1,1.016304,0.969074,1.003178,10,0,334,21,18,43,7,1,100,-100,0,100,2,80,14,208,27,0,0,3160,175,0,9,0,1011,146,0,18,0,517,1,0,2,0,260,0,0,3,0,0,17,12,15,0,0,42,1,2,0,0,1,1,0,0
6,13,3,13,2,5,1,0.993556,0.982406,1.010988,10,0,334,12,9,43,7,1,80,-100,100,0,2,80,14,173,15,0,0,3160,157,0,5,0,1011,173,0,10,0,517,1,0,8,0,260,0,0,0,0,0,3,0,17,0,0,25,4,2,0,0,1,1,0,0
6,14,0,33,2,3,0,1.00318,0.978467,1.00766,30,0,334,100,100,43,7,1,0,-88,100,80,2,80,44,34,18,0,0,3075,222,0,6,0,1014,207,0,12,0,522,0,0,12,0,267,0,0,4,0,22,74,16,22,0,0,78,6,2,0,0,2,2,0,0
6,14,1,15,2,3,0,1.010913,0.99019,1.017463,14,0,334,0,0,43,7,1,-88,0,-100,-100,0,80,44,169,0,0,0,3075,0,0,0,0,1014,314,0,0,0,522,0,0,0,0,267,0,0,0,0,22,108,0,0,0,0,0,0,0,0,0,0,0,0,0
6,14,2,18,2,3,0,1.01618,0.969521,1.003097,11,0,334,24,21,43,7,1,100,-100,0,100,2,80,44,229,27,0,0,3075,181,0,9,0,1014,152,0,18,0,522,1,0,6,0,267,0,0,0,0,22,1,0,19,0,0,43,3,2,0,0,1,1,0,0
6,14,3,12,2,3,0,1.005939,0.978104,1.012246,9,0,334,15,12,43,7,1,80,-100,100,0,2,80,44,180,12,0,0,3075,148,0,4,0,1014,177,0,8,0,522,0,0,6,0,267,0,0,1,0,22,2,4,14,0,0,26,3,2,0,0,1,1,0,0
6,15,0,33,2,4,0,1.004436,0.978797,1.008241,31,0,334,100,100,43,7,1,0,-88,100,82,2,80,27,34,18,0,0,3145,183,0,6,0,1017,213,0,12,0,513,1,0,20,0,272,0,0,0,0,5,77,0,28,0,0,87,10,1,0,0,1,1,0,0
6,15,1,15,2,4,0,1.010913,0.99019,1.017463,14,0,334,0,0,43,7,1,-88,0,-100,-100,0,80,27,164,0,0,0,3145,0,0,0,0,1017,334,0,0,0,513,0,0,0,0,272,0,0,0,0,5,128,0,0,0,0,0,0,0,0,0,0,0,0,0
6,15,2,18,2,4,0,1.010845,0.964574,0.998411,11,0,334,27,24,43,7,1,100,-100,0,100,2,80,27,224,0,0,0,3145,195,0,0,0,1017,176,0,0,0,513,3,0,4,0,272,0,0,0,0,5,0,0,6,0,0,44,2,1,0,0,0,0,0,0
6,15,3,10,2,4,0,1.012389,0.981637,1.02306,8,0,334,18,15,43,7,1,82,-100,100,0,2,80,27,192,9,0,0,3145,141,0,3,0,1017,180,0,6,0,513,0,0,4,0,272,0,0,0,0,5,0,0,9,0,0,27,2,1,0,0,0,0,0,0
6,16,0,33,3,2,0,1.007303,0.976343,1.005314,31,0,334,100,100,44,8,1,0,-88,100,82,2,80,26,35,18,0,0,3113,216,0,6,0,1020,219,0,12,0,535,0,0,6,0,262,0,0,5,0,68,83,20,14,0,0,89,3,1,0,0,1,1,0,0
6,16,1,15,3,2,0,1.010913,0.99019,1.017463,14,0,334,0,0,44,8,1,-88,0,-100,-100,0,80,26,158,0,0,0,3113,0,0,0,0,1020,334,0,0,0,535,0,0,0,0,262,0,0,0,0,68,117,0,0,0,0,0,0,0,0,0,0,0,0,0
6,16,2,19,3,2,0,1.007534,0.96411,0.99313,11,0,334,30,27,44,8,1,100,-100,0,98,2,80,26,243,24,0,0,3113,169,0,8,0,1020,181,0,16,0,535,0,0,4,0,262,0,0,4,0,68,6,16,18,0,0,43,2,3,0,0,2,2,0,0
6,16,3,10,3,2,0,1.017166,0.977127,1.013289,7,0,334,18,18,44,8,1,82,-100,98,0,2,80,26,196,6,0,0,3113,129,0,2,0,1020,185,0,4,0,535,1,0,2,0,262,0,0,1,0,68,0,4,4,0,0,28,1,0,0,0,0,0,0,0
6,17,0,32,1,6,0,1.013169,0.97702,1.003632,30,0,334,100,100,45,9,1,0,-88,100,82,2,80,29,34,15,0,0,3145,178,0,5,0,1023,224,0,10,0,516,0,0,16,0,264,0,0,8,0,68,92,32,23,0,0,96,8,1,0,0,1,1,0,0
6,17,1,14,1,6,0,1.013143,0.986524,1.022154,13,0,334,0,0,45,9,1,-88,0,-100,-100,0,80,29,148,0,0,0,3145,0,0,0,0,1023,334,0,0,0,516,0,0,0,0,264,0,0,0,0,68,106,0,0,0,0,0,0,0,0,0,0,0,0,0
6,17,2,18,1,6,0,1.009121,0.961436,0.991696,13,0,334,33,30,45,9,1,100,-100,0,96,2,80,29,254,18,0,0,3145,184,0,6,0,1023,187,0,12,0,516,0,0,6,0,264,0,0,0,0,68,0,0,14,0,0,45,3,1,0,0,0,0,0,0
6,17,3,8,1,6,0,1.022854,0.985721,1.040954,5,0,334,18,18,45,9,1,82,-100,96,0,2,80,29,193,0,0,0,3145,119,0,0,0,1023,194,0,0,0,516,7,0,0,0,264,0,0,0,0,68,0,0,0,0,0,28,0,0,0,0,0,0,0,0
6,18,0,32,2,3,0,1.013169,0.97702,1.003632,31,0,334,100,100,45,9,1,0,-88,100,84,2,80,31,34,15,0,0,3082,205,0,5,0,1031,229,0,10,0,541,0,0,0,0,245,0,0,18,0,19,179,72,7,0,0,95,0,1,0,0,1,1,0,0
6,18,1,14,2,3,0,1.013143,0.986524,1.022154,13,0,334,0,0,45,9,1,-88,0,-100,-100,0,80,31,143,0,0,0,3082,0,0,0,0,1031,334,0,0,0,541,0,0,0,0,245,0,0,0,0,19,123,0,0,0,0,0,0,0,0,0,0,0,0,0
6,18,2,18,2,3,0,1.017481,0.957882,0.993987,12,0,334,36,33,45,9,1,100,-100,0,98,2,80,31,267,21,0,0,3082,199,0,7,0,1031,191,0,14,0,541,0,0,0,0,245,0,0,6,0,19,16,24,15,0,0,41,0,4,0,0,3,3,0,0
6,18,3,7,2,3,0,1.023617,0.954961,1.039555,3,0,334,21,18,45,9,1,84,-100,98,0,2,80,31,203,9,0,0,3082,108,0,3,0,1031,197,0,6,0,541,8,0,2,0,245,2,0,1,0,19,0,4,7,0,0,28,1,1,0,0,0,0,0,0
6,19,0,33,2,5,0,1.014581,0.974416,1.00591,32,0,334,100,100,46,10,1,0,-88,100,84,2,80,42,30,15,0,0,3186,168,0,5,0,1034,234,0,10,0,516,1,0,18,0,272,0,0,0,0,68,156,0,23,0,0,104,9,0,0,0,0,0,0,0
6,19,1,12,2,5,0,1.014567,0.998637,1.028588,11,0,334,0,0,46,10,1,-88,0,-100,-100,0,80,42,135,0,0,0,3186,0,0,0,0,1034,334,0,0,0,516,0,0,0,0,272,0,0,0,0,68,117,0,0,0,0,0,0,0,0,0,0,0,0,0
6,19,2,18,2,5,0,1.022016,0.960515,0.990674,14,0,334,39,36,46,10,1,100,-100,0,96,2,80,42,279,21,0,0,3186,174,0,7,0,1034,198,0,14,0,516,1,0,2,0,272,0,0,0,0,68,1,0,15,0,0,39,1,3,0,0,2,2,0,0
6,19,3,5,2,5,0,1.033559,0.955672,1.042184,1,0,334,21,21,46,10,1,84,-100,96,0,2,80,42,201,3,0,0,3186,100,0,1,0,1034,198,0,2,0,516,10,0,4,0,272,0,0,2,0,68,1,8,7,0,0,29,2,1,0,0,1,1,0,0
6,20,0,31,1,7,0,1.014637,0.976272,1.004604,30,0,334,100,100,47,11,1,0,-88,100,84,2,80,26,32,12,0,0,3084,187,0,4,0,1034,238,0,8,0,528,1,0,16,0,270,0,0,2,0,0,169,8,22,0,0,111,8,1,0,0,1,1,0,0
6,20,1,11,1,7,0,1.023953,1.000471,1.033356,10,0,334,0,0,47,11,1,-88,0,-100,-100,0,80,26,132,0,0,0,3084,0,0,0,0,1034,334,0,0,0,528,0,0,0,0,270,0,0,0,0,0,137,0,0,0,0,0,0,0,0,0,0,0,0,0
6,20,2,19,1,7,0,1.024857,0.956982,0.989314,16,0,334,42,39,47,11,1,100,-100,0,94,2,80,26,301,24,0,0,3084,188,0,8,0,1034,203,0,16,0,528,1,0,0,0,270,0,0,0,0,0,1,0,12,0,0,37,0,2,0,0,1,1,0,0
6,20,3,1,1,7,0,1.111634,0.916989,0.948685,0,0,334,21,21,47,11,1,84,-100,94,0,2,80,26,200,3,0,0,3084,94,0,1,0,1034,199,0,2,0,528,10,0,0,0,270,0,0,0,0,0,0,0,1,0,0,29,0,0,0,0,0,0,0,0
6,21,0,33,2,3,0,1.01033,0.976967,1.00003,31,0,334,100,100,48,12,1,0,-88,100,84,1,80,31,30,12,0,0,3133,208,0,4,0,1040,242,0,8,0,544,1,0,0,0,251,3,0,18,0,17,254,72,4,0,0,111,0,0,0,0,0,0,0,0
6,21,1,10,2,3,0,1.019981,0.993499,1.027144,9,0,334,0,0,48,12,1,-88,0,-100,-100,0,80,31,127,0,0,0,3133,0,0,0,0,1040,334,0,0,0,544,0,0,0,0,251,0,0,0,0,17,148,0,0,0,0,0,0,0,0,0,0,0,0,0
6,21,2,18,2,3,0,1.029655,0.956336,0.988604,16,0,334,45,42,48,12,1,100,-100,0,94,1,80,31,317,24,0,0,3133,161,0,8,0,1040,208,0,16,0,544,1,0,0,0,251,0,0,0,0,17,6,0,12,0,0,35,0,2,0,0,1,1,0,0
6,21,3,0,2,3,0,0,0,0,0,0,334,21,21,48,12,1,84,-100,94,0,0,80,31,198,0,0,0,3133,93,0,0,0,1040,199,0,0,0,544,10,0,0,0,251,0,0,0,0,17,0,0,0,0,0,29,0,0,0,0,0,0,0,0
6,22,0,33,3,2,0,1.007005,0.978024,1.001364,30,1,459,100,100,48,12,1,0,-88,100,86,1,80,38,27,12,0,0,3158,171,0,4,0,1045,246,0,8,0,528,0,0,16,0,258,0,0,15,0,22,292,60,39,0,0,101,8,18,0,0,1,1,0,0
6,22,1,11,3,2,0,1.025086,0.991508,1.022771,9,0,334,0,0,48,12,1,-88,0,-100,-100,0,80,38,124,0,0,0,3158,0,0,0,0,1045,334,0,0,0,528,0,0,0,0,258,0,0,0,0,22,165,0,0,0,0,0,0,0,0,0,0,0,0,0
6,22,2,18,3,2,0,1.029678,0.953853,0.989524,16,0,334,48,45,48,12,1,100,-100,0,94,1,80,38,333,21,0,0,3158,168,0,7,0,1045,215,0,14,0,528,0,0,2,0,258,0,0,2,0,22,13,8,13,0,0,34,1,2,0,0,1,1,0,0
6,22,3,0,3,2,0,0,0,0,0,0,334,21,21,48,12,1,86,-100,94,0,0,80,38,197,0,0,0,3158,93,0,0,0,1045,199,0,0,0,528,10,0,0,0,258,0,0,0,0,22,0,0,0,0,0,29,0,0,0,0,0,0,0,0
6,23,0,32,1,3,0,1.007527,0.97572,0.99688,30,1,459,100,100,48,12,1,0,-88,100,88,1,80,34,25,12,0,0,3093,190,0,4,0,1048,250,0,8,0,541,1,0,2,0,248,2,0,18,0,22,373,72,8,0,0,101,1,1,0,0,1,1,0,0
6,23,1,10,1,3,0,1.019981,0.993499,1.027144,9,0,334,0,0,48,12,1,-88,0,-100,-100,0,80,34,117,0,0,0,3093,0,0,0,0,1048,334,0,0,0,541,0,0,0,0,248,0,0,0,0,22,182,0,0,0,0,0,0,0,0,0,0,0,0,0
6,23,2,18,1,3,0,1.028708,0.951519,0.984952,16,1,459,51,48,48,12,1,100,-100,0,94,1,80,34,333,21,0,0,3093,183,0,7,0,1048,219,0,14,0,541,0,0,0,0,248,0,0,3,0,22,9,12,28,0,0,15,0,19,0,0,1,1,0,0
6,23,3,0,1,3,0,0,0,0,0,0,334,21,21,48,12,1,88,-100,94,0,0,80,34,196,0,0,0,3093,93,0,0,0,1048,199,0,0,0,541,10,0,0,0,248,0,0,0,0,22,0,0,0,0,0,29,0,0,0,0,0,0,0,0
6,24,0,32,2,2,0,1.009674,0.972655,0.99957,30,1,459,100,100,48,12,1,0,-88,100,90,1,80,31,28,12,0,0,3102,202,0,4,0,1048,254,0,8,0,517,1,0,24,0,267,0,0,7,0,22,388,28,30,0,0,112,12,1,0,0,1,1,0,0
6,24,1,10,2,2,0,1.019981,0.993499,1.027144,9,0,334,0,0,48,12,1,-88,0,-100,-100,0,80,31,112,0,0,0,3102,0,0,0,0,1048,334,0,0,0,517,0,0,0,0,267,0,0,0,0,22,199,0,0,0,0,0,0,0,0,0,0,0,0,0
6,24,2,18,2,2,0,1.034433,0.948476,0.981907,16,1,459,54,51,48,12,1,100,-100,0,94,1,80,31,351,18,0,0,3102,199,0,6,0,1048,225,0,12,0,517,1,0,2,0,267,0,0,0,0,22,9,0,12,0,0,14,1,2,0,0,1,1,0,0
6,24,3,0,2,2,0,0,0,0,0,0,334,21,21,48,12,1,90,-100,94,0,0,80,31,195,0,0,0,3102,93,0,0,0,1048,199,0,0,0,517,10,0,0,0,267,0,0,0,0,22,0,0,0,0,0,29,0,0,0,0,0,0,0,0
6,25,0,20,0,15,0,0.998307,0.969228,1.004311,20,2,584,100,100,48,12,1,0,-88,100,92,1,80,44,19,9,0,0,3190,167,0,3,0,1054,257,0,6,0,544,1,0,0,0,243,16,0,8,0,19,400,32,20,0,0,95,0,17,0,0,0,0,0,0
6,25,1,10,0,15,0,1.019981,0.993499,1.027144,9,0,334,0,0,48,12,1,-88,0,-100,-100,0,80,44,106,0,0,0,3190,0,0,0,0,1054,334,0,0,0,544,0,0,0,0,243,0,0,0,0,19,214,0,0,0,0,0,0,0,0,0,0,0,0,0
6,25,2,15,0,15,0,1.033039,0.943243,0.981404,14,1,459,57,54,48,12,1,100,-100,0,94,1,80,44,355,15,0,0,3190,176,0,5,0,1054,227,0,10,0,544,1,0,0,0,243,0,0,3,0,19,29,12,9,0,0,12,0,2,0,0,1,1,0,0
6,25,3,0,0,15,0,0,0,0,0,0,334,21,21,48,12,1,92,-100,94,0,0,80,44,194,0,0,0,3190,93,0,0,0,1054,199,0,0,0,544,10,0,0,0,243,0,0,0,0,19,0,0,0,0,0,29,0,0,0,0,0,0,0,0
6,26,0,19,4,2,0,1.003675,0.962667,1.002215,18,2,584,100,100,48,12,1,0,-88,100,94,1,80,30,27,9,0,0,3126,152,0,3,0,1060,260,0,6,0,528,3,0,14,0,272,9,0,7,0,27,426,28,17,0,0,102,7,0,0,0,0,0,0,0
6,26,1,10,4,2,0,1.019981,0.993499,1.027144,9,0,334,0,0,48,12,1,-88,0,-100,-100,0,80,30,104,0,0,0,3126,0,0,0,0,1060,334,0,0,0,528,0,0,0,0,272,0,0,0,0,27,231,0,0,0,0,0,0,0,0,0,0,0,0,0
6,26,2,18,4,2,0,1.044106,0.94841,0.978315,15,1,459,60,57,48,12,1,100,-100,0,94,1,80,30,371,15,0,0,3126,204,0,5,0,1060,226,0,10,0,528,1,0,0,0,272,0,0,0,0,27,31,0,7,0,0,11,0,1,0,0,0,0,0,0
6,26,3,0,4,2,0,0,0,0,0,0,334,21,21,48,12,1,94,-100,94,0,0,80,30,193,0,0,0,3126,93,0,0,0,1060,199,0,0,0,528,10,0,0,0,272,0,0,0,0,27,0,0,0,0,0,29,0,0,0,0,0,0,0,0
6,27,0,18,1,2,0,1.007357,0.962915,1.001967,17,2,584,100,100,48,12,1,0,-88,100,96,1,80,50,30,9,0,0,3182,138,0,3,0,1060,263,0,6,0,543,0,0,4,0,248,20,0,7,0,19,460,28,9,0,0,103,2,1,0,0,1,1,0,0
6,27,1,10,1,2,0,1.019981,0.993499,1.027144,9,0,334,0,0,48,12,1,-88,0,-100,-100,0,80,50,101,0,0,0,3182,0,0,0,0,1060,334,0,0,0,543,0,0,0,0,248,0,0,0,0,19,248,0,0,0,0,0,0,0,0,0,0,0,0,0
6,27,2,18,1,2,0,1.042356,0.945016,0.982304,14,1,459,63,60,48,12,1,100,-100,0,94,1,80,50,372,12,0,0,3182,182,0,4,0,1060,227,0,8,0,543,1,0,0,0,248,0,0,6,0,19,62,24,10,0,0,8,0,3,0,0,2,2,0,0
6,27,3,0,1,2,0,0,0,0,0,0,334,21,21,48,12,1,96,-100,94,0,0,80,50,192,0,0,0,3182,93,0,0,0,1060,199,0,0,0,543,10,0,0,0,248,0,0,0,0,19,0,0,0,0,0,29,0,0,0,0,0,0,0,0
6,28,0,19,3,3,0,1.003563,0.958325,1.00565,17,2,584,100,100,48,12,1,0,-88,100,96,1,80,27,38,9,0,0,3134,125,0,3,0,1060,266,0,6,0,514,9,0,12,0,272,14,0,6,0,24,481,24,15,0,0,109,6,0,0,0,0,0,0,0
6,28,1,11,3,3,0,1.020242,1.001647,1.032076,9,0,334,0,0,48,12,1,-88,0,-100,-100,0,80,27,100,0,0,0,3134,0,0,0,0,1060,334,0,0,0,514,0,0,0,0,272,0,0,0,0,24,265,0,0,0,0,0,0,0,0,0,0,0,0,0
6,28,2,16,3,3,0,1.046903,0.944645,0.987633,14,1,459,66,63,48,12,1,100,-100,0,94,1,80,27,378,9,0,0,3134,209,0,3,0,1060,230,0,6,0,514,0,0,10,0,272,0,0,0,0,24,54,0,17,0,0,11,5,2,0,0,1,1,0,0
6,28,3,0,3,3,0,0,0,0,0,0,334,21,21,48,12,1,96,-100,94,0,0,80,27,192,0,0,0,3134,93,0,0,0,1060,199,0,0,0,514,10,0,0,0,272,0,0,0,0,24,0,0,0,0,0,29,0,0,0,0,0,0,0,0
6,29,0,16,2,13,0,0.991763,0.958325,0.990955,14,2,584,100,100,48,12,1,0,-88,100,96,1,80,35,42,12,0,0,3181,110,0,4,0,1052,270,0,8,0,541,4,0,8,0,251,25,0,4,0,68,483,16,14,0,0,112,4,1,0,0,1,1,0,0
6,29,1,7,2,13,0,0.99271,1.00487,1.05926,5,0,334,0,0,48,12,1,-88,0,-100,-100,0,80,35,95,0,0,0,3181,0,0,0,0,1052,334,0,0,0,541,0,0,0,0,251,0,0,0,0,68,265,0,0,0,0,0,0,0,0,0,0,0,0,0
6,29,2,12,2,13,0,1.029115,0.942145,0.978598,10,1,459,69,66,48,12,1,100,-100,0,94,1,80,35,381,9,0,0,3181,190,0,3,0,1052,233,0,6,0,541,0,0,0,0,251,0,0,6,0,68,71,24,7,0,0,9,0,2,0,0,1,1,0,0
6,29,3,0,2,13,0,0,0,0,0,0,334,21,21,48,12,1,96,-100,94,0,0,80,35,192,0,0,0,3181,93,0,0,0,1052,199,0,0,0,541,10,0,0,0,251,0,0,0,0,68,0,0,0,0,0,29,0,0,0,0,0,0,0,0
6,30,0,18,3,1,0,0.989067,0.957732,0.988618,15,2,584,100,100,48,12,1,0,-88,100,96,1,80,47,51,12,0,0,3185,98,0,4,0,1055,274,0,8,0,520,17,0,8,0,269,21,0,4,0,40,491,16,14,0,0,115,4,1,0,0,1,1,0,0
6,30,1,7,3,1,0,0.99271,1.00487,1.05926,5,0,334,0,0,48,12,1,-88,0,-100,-100,0,80,47,96,0,0,0,3185,0,0,0,0,1055,334,0,0,0,520,0,0,0,0,269,0,0,0,0,40,270,0,0,0,0,0,0,0,0,0,0,0,0,0
6,30,2,12,3,1,0,1.022319,0.940859,0.986488,10,1,459,72,69,48,12,1,100,-100,0,94,1,80,47,386,9,0,0,3185,175,0,3,0,1055,233,0,6,0,520,1,0,2,0,269,0,0,3,0,40,91,12,9,0,0,8,1,2,0,0,1,1,0,0
6,30,3,0,3,1,0,0,0,0,0,0,334,21,21,48,12,1,96,-100,94,0,0,80,47,192,0,0,0,3185,93,0,0,0,1055,199,0,0,0,520,10,0,0,0,269,0,0,0,0,40,0,0,0,0,0,29,0,0,0,0,0,0,0,0
6,31,0,17,1,4,0,0.990356,0.950351,0.984258,14,3,709,100,100,48,12,1,0,-88,100,96,1,80,30,63,12,0,0,3153,92,0,4,0,1055,278,0,8,0,514,28,0,10,0,272,16,0,5,0,48,484,20,33,0,0,102,5,18,0,0,1,1,0,0
6,31,1,6,1,4,0,0.987688,0.991827,1.055572,5,0,334,0,0,48,12,1,-88,0,-100,-100,0,80,30,95,0,0,0,3153,0,0,0,0,1055,334,0,0,0,514,0,0,0,0,272,0,0,0,0,48,275,0,0,0,0,0,0,0,0,0,0,0,0,0
6,31,2,11,1,4,0,1.02632,0.934577,0.98325,10,1,459,75,72,48,12,1,100,-100,0,94,1,80,30,396,6,0,0,3153,185,0,2,0,1055,232,0,4,0,514,0,0,10,0,272,0,0,0,0,48,84,0,16,0,0,11,5,2,0,0,1,1,0,0
6,31,3,0,1,4,0,0,0,0,0,0,334,21,21,48,12,1,96,-100,94,0,0,80,30,192,0,0,0,3153,93,0,0,0,1055,199,0,0,0,514,10,0,0,0,272,0,0,0,0,48,0,0,0,0,0,29,0,0,0,0,0,0,0,0
6,32,0,16,3,3,0,0.995433,0.948754,0.982316,13,3,709,100,100,48,12,1,0,-88,100,96,1,80,45,73,12,0,0,3178,87,0,4,0,1063,282,0,8,0,528,23,0,12,0,268,11,0,6,0,35,499,24,18,0,0,107,6,1,0,0,1,1,0,0
6,32,1,7,3,3,0,0.988478,0.983918,1.050259,5,0,334,0,0,48,12,1,-88,0,-100,-100,0,80,45,98,0,0,0,3178,0,0,0,0,1063,334,0,0,0,528,0,0,0,0,268,0,0,0,0,35,282,0,0,0,0,0,0,0,0,0,0,0,0,0
6,32,2,11,3,3,0,1.038048,0.926321,0.989586,10,1,459,78,75,48,12,1,100,-100,0,94,1,80,45,398,3,0,0,3178,173,0,1,0,1063,233,0,2,0,528,1,0,2,0,268,0,0,3,0,35,108,12,5,0,0,11,1,1,0,0,0,0,0,0
6,32,3,0,3,3,0,0,0,0,0,0,334,21,21,48,12,1,96,-100,94,0,0,80,45,192,0,0,0,3178,93,0,0,0,1063,199,0,0,0,528,10,0,0,0,268,0,0,0,0,35,0,0,0,0,0,29,0,0,0,0,0,0,0,0
6,33,0,12,1,6,0,0.994468,0.948778,0.98337,10,3,709,100,100,48,12,1,0,-88,100,96,1,80,45,84,15,0,0,3143,82,0,5,0,1063,287,0,10,0,537,12,0,12,0,260,5,0,6,0,45,513,24,19,0,0,112,6,1,0,0,1,1,0,0
6,33,1,8,1,6,0,0.987848,0.989899,1.043609,5,0,334,0,0,48,12,1,-88,0,-100,-100,0,80,45,105,6,0,0,3143,8,0,2,0,1063,330,0,4,0,537,0,0,0,0,260,0,0,0,0,45,285,0,2,0,0,0,0,0,0,0,0,0,0,0
6,33,2,9,1,6,0,1.052145,0.919973,0.992356,8,1,459,81,78,48,12,1,100,-100,0,94,1,80,45,400,3,0,0,3143,185,0,1,0,1063,231,0,2,0,537,1,0,6,0,260,0,0,0,0,45,106,0,11,0,0,12,3,2,0,0,1,1,0,0
6,33,3,0,1,6,0,0,0,0,0,0,334,21,21,48,12,1,96,-100,94,0,0,80,45,192,0,0,0,3143,93,0,0,0,1063,199,0,0,0,537,10,0,0,0,260,0,0,0,0,45,0,0,0,0,0,29,0,0,0,0,0,0,0,0
6,34,0,11,0,4,0,0.995665,0.952545,0.976825,10,3,709,100,100,48,12,1,0,-88,100,96,1,80,40,101,12,0,0,3184,82,0,4,0,1066,291,0,8,0,538,3,0,12,0,269,0,0,5,0,36,521,20,18,0,0,117,6,1,0,0,1,1,0,0
6,34,1,6,0,4,0,0.987688,0.991827,1.055572,5,0,334,0,0,48,12,1,-88,0,-100,-100,0,80,40,104,0,0,0,3184,0,0,0,0,1066,334,0,0,0,538,0,0,0,0,269,0,0,0,0,36,285,0,0,0,0,0,0,0,0,0,0,0,0,0
6,34,2,8,0,4,0,1.050799,0.915627,0.991934,8,1,459,84,81,48,12,1,100,-100,0,94,1,80,40,399,0,0,0,3184,176,0,0,0,1066,231,0,0,0,538,0,0,4,0,269,0,0,3,0,36,138,12,6,0,0,13,2,1,0,0,0,0,0,0
6,34,3,0,0,4,0,0,0,0,0,0,334,21,21,48,12,1,96,-100,94,0,0,80,40,192,0,0,0,3184,93,0,0,0,1066,199,0,0,0,538,10,0,0,0,269,0,0,0,0,36,0,0,0,0,0,29,0,0,0,0,0,0,0,0
6,35,0,13,3,1,0,1.003378,0.958823,0.972959,11,3,709,100,100,48,12,1,0,-88,100,96,1,80,48,117,12,0,0,3178,83,0,4,0,1069,292,0,8,0,538,0,0,6,0,269,0,0,0,0,37,520,0,10,0,0,120,3,0,0,0,0,0,0,0
6,35,1,6,3,1,0,0.987688,0.991827,1.055572,5,0,334,0,0,48,12,1,-88,0,-100,-100,0,80,48,104,0,0,0,3178,0,0,0,0,1069,334,0,0,0,538,0,0,0,0,269,0,0,0,0,37,290,0,0,0,0,0,0,0,0,0,0,0,0,0
6,35,2,8,3,1,0,1.039776,0.91497,1.009354,7,1,459,87,84,48,12,1,100,-100,0,94,1,80,48,398,0,0,0,3178,168,0,0,0,1069,231,0,0,0,538,1,0,2,0,269,0,0,3,0,37,163,12,4,0,0,13,1,1,0,0,0,0,0,0
6,35,3,0,3,1,0,0,0,0,0,0,334,21,21,48,12,1,96,-100,94,0,0,80,48,192,0,0,0,3178,93,0,0,0,1069,199,0,0,0,538,10,0,0,0,269,0,0,0,0,37,0,0,0,0,0,29,0,0,0,0,0,0,0,0
6,36,0,12,1,2,0,0.997885,0.958572,0.970251,10,3,709,100,100,48,12,1,0,-88,100,96,1,80,56,128,12,0,0,3162,90,0,4,0,1063,296,0,8,0,535,1,0,2,0,272,0,0,0,0,48,521,0,8,0,0,120,1,1,0,0,1,1,0,0
6,36,1,6,1,2,0,0.987688,0.991827,1.055572,5,0,334,0,0,48,12,1,-88,0,-100,-100,0,80,56,103,0,0,0,3162,0,0,0,0,1063,334,0,0,0,535,0,0,0,0,272,0,0,0,0,48,295,0,0,0,0,0,0,0,0,0,0,0,0,0
6,36,2,8,1,2,0,1.034933,0.914644,1.021625,6,1,459,90,87,48,12,1,100,-100,0,94,1,80,56,400,3,0,0,3162,167,0,1,0,1063,232,0,2,0,535,1,0,6,0,272,0,0,0,0,48,158,0,11,0,0,14,3,2,0,0,1,1,0,0
6,36,3,0,1,2,0,0,0,0,0,0,334,21,21,48,12,1,96,-100,94,0,0,80,56,192,0,0,0,3162,93,0,0,0,1063,199,0,0,0,535,10,0,0,0,272,0,0,0,0,48,0,0,0,0,0,29,0,0,0,0,0,0,0,0
6,37,0,12,2,4,0,0.991198,0.959353,0.95825,10,3,709,100,100,48,12,1,0,-88,100,96,1,80,50,143,12,0,0,3178,90,0,4,0,1063,300,0,8,0,544,1,0,0,0,260,0,0,3,0,48,536,12,6,0,0,119,0,1,0,0,1,1,0,0
6,37,1,5,2,4,0,0.987352,0.99845,1.057228,4,0,334,0,0,48,12,1,-88,0,-100,-100,0,80,50,101,0,0,0,3178,0,0,0,0,1063,334,0,0,0,544,0,0,0,0,260,0,0,0,0,48,300,0,0,0,0,0,0,0,0,0,0,0,0,0
6,37,2,7,2,4,0,1.026906,0.926018,1.032293,6,1,459,93,90,48,12,1,100,-100,0,94,1,80,50,403,3,0,0,3178,158,0,1,0,1063,233,0,2,0,544,1,0,0,0,260,3,0,3,0,48,173,12,3,0,0,13,0,1,0,0,0,0,0,0
6,37,3,0,2,4,0,0,0,0,0,0,334,21,21,48,12,1,96,-100,94,0,0,80,50,192,0,0,0,3178,93,0,0,0,1063,199,0,0,0,544,10,0,0,0,260,0,0,0,0,48,0,0,0,0,0,29,0,0,0,0,0,0,0,0
6,38,0,12,1,3,0,0.997518,0.945291,0.95553,10,3,709,100,100,48,12,1,0,-88,100,96,1,80,61,152,12,0,0,3179,90,0,4,0,1066,301,0,8,0,543,1,0,0,0,264,0,0,3,0,68,542,12,6,0,0,118,0,1,0,0,1,1,0,0
6,38,1,5,1,3,0,0.987352,0.99845,1.057228,4,0,334,0,0,48,12,1,-88,0,-100,-100,0,80,61,100,0,0,0,3179,0,0,0,0,1066,334,0,0,0,543,0,0,0,0,264,0,0,0,0,68,300,0,0,0,0,0,0,0,0,0,0,0,0,0
6,38,2,5,1,3,0,1.020318,0.907532,1.073118,4,1,459,96,93,48,12,1,100,-100,0,94,1,80,61,404,3,0,0,3179,150,0,1,0,1066,234,0,2,0,543,0,0,2,0,264,2,0,3,0,68,178,12,7,0,0,12,1,2,0,0,1,1,0,0
6,38,3,0,1,3,0,0,0,0,0,0,334,21,21,48,12,1,96,-100,94,0,0,80,61,192,0,0,0,3179,93,0,0,0,1066,199,0,0,0,543,10,0,0,0,264,0,0,0,0,68,0,0,0,0,0,29,0,0,0,0,0,0,0,0
6,39,0,12,1,2,0,1.000086,0.953749,0.947631,10,3,709,100,100,48,12,1,0,-88,100,96,1,80,46,163,9,0,0,3171,99,0,3,0,1066,304,0,6,0,544,1,0,0,0,269,0,0,3,0,53,558,12,5,0,0,117,0,1,0,0,1,1,0,0
6,39,1,5,1,2,0,0.987352,0.99845,1.057228,4,0,334,0,0,48,12,1,-88,0,-100,-100,0,80,46,101,0,0,0,3171,0,0,0,0,1066,334,0,0,0,544,0,0,0,0,269,0,0,0,0,53,300,0,0,0,0,0,0,0,0,0,0,0,0,0
6,39,2,4,1,2,0,1.024556,0.920106,1.075083,4,1,459,99,96,48,12,1,100,-100,0,94,1,80,46,408,3,0,0,3171,144,0,1,0,1066,235,0,2,0,544,0,0,0,0,269,0,0,2,0,53,189,8,3,0,0,11,0,1,0,0,0,0,0,0
6,39,3,0,1,2,0,0,0,0,0,0,334,21,21,48,12,1,96,-100,94,0,0,80,46,192,0,0,0,3171,93,0,0,0,1066,199,0,0,0,544,10,0,0,0,269,0,0,0,0,53,0,0,0,0,0,29,0,0,0,0,0,0,0,0
6,40,0,11,1,3,0,1.000365,0.957627,0.943807,10,3,709,100,100,48,12,1,0,-88,100,96,1,80,57,173,9,0,0,3171,108,0,3,0,1066,307,0,6,0,541,0,0,4,0,272,0,0,0,0,55,558,0,9,0,0,118,2,1,0,0,1,1,0,0
6,40,1,5,1,3,0,0.986863,0.959329,1.072363,3,0,334,0,0,48,12,1,-88,0,-100,-100,0,80,57,101,0,0,0,3171,0,0,0,0,1066,334,0,0,0,541,0,0,0,0,272,0,0,0,0,55,301,0,0,0,0,0,0,0,0,0,0,0,0,0
6,40,2,3,1,3,0,1.028359,0.901744,1.118695,3,1,459,100,99,48,12,1,100,-100,0,94,1,80,57,411,3,0,0,3171,139,0,1,0,1066,236,0,2,0,541,0,0,0,0,272,0,0,0,0,55,189,0,3,0,0,10,0,1,0,0,0,0,0,0
6,40,3,0,1,3,0,0,0,0,0,0,334,21,21,48,12,1,96,-100,94,0,0,80,57,192,0,0,0,3171,93,0,0,0,1066,199,0,0,0,541,10,0,0,0,272,0,0,0,0,55,0,0,0,0,0,29,0,0,0,0,0,0,0,0
0,1,0,49,2,5,0,1.000794,0.996848,0.998417,0,0,334,100,100,8,0,0,0,-32,8,32,1,80,5,56,39,0,0,2792,200,0,13,0,911,63,0,26,0,451,10,0,48,0,272,1,0,24,0,0,101,96,79,0,0,15,24,9,0,0,9,9,0,0
0,1,1,48,2,5,0,1.001523,1.000253,0.997465,0,0,334,100,100,8,0,0,-32,0,-36,-52,0,80,5,52,36,0,0,2792,225,0,12,0,911,81,0,24,0,451,3,0,48,0,272,1,0,24,0,0,102,96,78,0,0,15,24,9,0,0,9,9,0,0
0,1,2,51,2,5,0,1.002109,0.995421,0.995261,0,0,334,91.012703,91.012703,8,0,0,8,-36,0,36,1,80,5,54,39,0,0,2792,200,0,13,0,911,63,0,26,0,451,12,0,48,0,272,1,0,24,0,0,101,96,79,0,0,15,24,9,0,0,9,9,0,0
0,1,3,49,2,5,0,1.001085,0.996073,0.996852,0,0,334,72.748087,72.748087,8,0,0,32,-52,36,0,2,80,5,54,39,0,0,2792,200,0,13,0,911,63,0,26,0,451,6,0,48,0,272,1,0,24,0,0,101,96,79,0,0,15,24,9,0,0,9,9,0,0
0,2,0,47,5,17,0,1.000946,0.995756,0.997274,7,0,334,100,100,12,0,1,0,-40,22,46,2,80,4,58,33,0,0,2920,236,0,11,0,917,74,0,22,0,420,0,0,42,0,272,0,0,1,0,0,51,4,71,0,0,27,21,9,0,0,9,9,0,0
0,2,1,44,5,17,0,0.999318,0.99994,0.997888,7,0,334,100,100,12,0,1,-40,0,-52,-68,0,80,4,59,39,0,0,2920,164,0,13,0,917,115,0,26,0,420,0,0,32,0,272,0,0,1,0,0,57,4,63,0,0,22,16,9,0,0,9,9,0,0
0,2,2,50,5,17,0,1.000179,0.993859,0.997786,8,0,334,73.984082,70.984082,12,0,1,22,-52,0,60,2,80,4,65,39,0,0,2920,224,0,13,0,917,76,0,26,0,420,1,0,46,0,272,0,0,1,0,0,42,4,79,0,0,28,23,10,0,0,9,9,0,0
0,2,3,44,5,17,0,1.004437,0.990508,0.992994,7,0,334,56.52315,53.52315,12,0,1,46,-68,60,0,2,80,4,53,33,0,0,2920,228,0,11,0,917,74,0,22,0,420,0,0,30,0,272,0,0,1,0,0,61,4,61,0,0,20,15,10,0,0,9,9,0,0
0,3,0,39,3,30,0,1.003968,0.993853,0.994138,12,0,334,100,100,20,1,1,0,-54,64,46,2,80,3,61,33,0,0,3110,178,0,11,0,923,85,0,22,0,509,1,0,6,0,245,0,0,0,0,0,33,0,35,0,0,21,3,9,0,0,9,9,0,0
0,3,1,36,3,30,0,1.002307,0.998836,1.000966,13,0,334,94.694423,91.694423,20,1,1,-54,0,-100,-88,0,80,3,69,39,0,0,3110,197,0,13,0,923,149,0,26,0,509,0,0,4,0,245,0,0,0,0,0,35,0,37,0,0,14,2,10,0,0,9,9,0,0
0,3,2,45,3,30,0,0.999085,0.989878,0.996742,14,0,334,24.90037,21.90037,20,1,1,64,-100,0,100,2,80,3,66,36,0,0,3110,162,0,12,0,923,88,0,24,0,509,0,0,14,0,245,0,0,5,0,0,33,20,46,0,0,25,7,10,0,0,9,9,0,0
0,3,3,38,3,30,0,0.997688,0.994349,0.990955,12,0,334,59.52315,56.52315,20,1,1,46,-88,100,0,2,80,3,63,36,0,0,3110,172,0,12,0,923,86,0,24,0,509,1,0,4,0,245,0,0,0,0,0,41,0,36,0,0,12,2,10,0,0,9,9,0,0
0,4,0,41,7,12,0,1.003785,0.99248,0.99738,20,0,334,100,100,25,2,1,0,-62,76,58,2,80,6,71,33,0,0,2862,208,0,11,0,926,93,0,22,0,504,0,0,12,0,272,0,0,0,0,0,9,0,41,0,0,18,6,9,0,0,9,9,0,0
0,4,1,34,7,12,0,1.008478,0.997299,1.000835,19,0,334,88.99731,85.99731,25,2,1,-62,0,-100,-100,0,80,6,86,39,0,0,2862,228,0,13,0,926,183,0,26,0,504,1,0,0,0,272,0,0,0,0,0,23,0,29,0,0,6,0,8,0,0,7,7,0,0
0,4,2,41,7,12,0,0.996681,0.987741,0.996037,19,0,334,11.339577,8.339577,25,2,1,76,-100,0,100,2,80,6,66,27,0,0,2862,196,0,9,0,926,97,0,18,0,504,1,0,14,0,272,0,0,0,0,0,7,0,43,0,0,22,7,10,0,0,9,9,0,0
0,4,3,37,7,12,0,0.995362,0.99676,0.991594,19,0,334,44.892352,41.892352,25,2,1,58,-100,100,0,2,80,6,80,33,0,0,2862,203,0,11,0,926,97,0,22,0,504,1,0,10,0,272,0,0,0,0,0,19,0,39,0,0,8,5,9,0,0,8,8,0,0
0,5,0,39,0,9,0,1.002116,0.992258,0.996722,28,0,334,100,100,28,3,1,0,-66,88,58,2,80,5,75,30,0,0,3032,157,0,10,0,936,103,0,20,0,518,0,0,8,0,239,0,0,8,0,0,28,32,30,0,0,16,4,6,0,0,6,6,0,0
0,5,1,33,0,9,0,1.008333,0.99844,1.000799,25,0,334,79.593908,76.593908,28,3,1,-66,0,-100,-100,0,80,5,113,42,0,0,3032,180,0,14,0,936,220,0,28,0,518,1,0,0,0,239,0,0,1,0,0,20,4,24,0,0,1,0,5,0,0,4,4,0,0
0,5,2,38,0,9,0,0.992555,0.987898,0.99556,27,0,334,3,0,28,3,1,88,-100,0,100,2,80,5,59,27,0,0,3032,234,0,9,0,936,106,0,18,0,518,1,0,10,0,239,0,0,14,0,0,45,56,33,0,0,20,5,7,0,0,6,6,0,0
0,5,3,34,0,9,0,0.988889,0.996085,0.990704,24,0,334,47.892352,44.892352,28,3,1,58,-100,100,0,2,80,5,92,30,0,0,3032,236,0,10,0,936,107,0,20,0,518,1,0,8,0,239,0,0,7,0,0,32,28,30,0,0,6,4,6,0,0,5,5,0,0
0,6,0,38,3,9,0,1.002653,0.994406,0.99517,32,0,334,100,100,31,5,1,0,-68,92,56,2,80,23,82,30,0,0,3078,180,0,10,0,936,113,0,20,0,517,1,0,6,0,250,0,0,7,0,49,37,28,22,0,0,16,3,3,0,0,3,3,0,0
0,6,1,31,3,9,0,1.007714,0.99717,0.997739,27,0,334,62.732261,59.732261,31,5,1,-68,0,-100,-100,0,80,23,130,39,0,0,3078,184,0,13,0,936,254,0,26,0,517,1,0,4,0,250,0,0,0,0,49,2,0,23,0,0,0,2,3,0,0,2,2,0,0
0,6,2,36,3,9,0,0.992578,0.98892,0.990782,31,0,334,3,0,31,5,1,92,-100,0,96,2,80,23,50,27,0,0,3078,187,0,9,0,936,115,0,18,0,517,0,0,12,0,250,0,0,10,0,49,61,40,27,0,0,23,6,3,0,0,2,2,0,0
0,6,3,33,3,9,0,0.988996,0.99562,0.991161,27,0,334,50.892352,47.892352,31,5,1,56,-100,96,0,2,80,23,100,30,0,0,3078,192,0,10,0,936,117,0,20,0,517,0,0,6,0,250,0,0,5,0,49,36,20,24,0,0,5,3,4,0,0,3,3,0,0
0,7,0,36,3,8,0,0.998019,0.995174,0.993367,32,0,334,100,100,33,6,1,0,-70,98,56,2,80,5,89,30,0,0,2936,204,0,10,0,941,123,0,20,0,474,0,0,16,0,272,0,0,0,0,0,24,0,30,0,0,22,8,2,0,0,2,2,0,0
0,7,1,31,3,8,0,1.010456,0.99736,0.999411,28,0,334,50.193988,50.193988,33,6,1,-70,0,-100,-100,0,80,5,140,27,0,0,2936,184,0,9,0,941,296,0,18,0,474,1,0,10,0,272,0,0,0,0,0,0,0,19,0,0,5,5,0,0,0,0,0,0,0
0,7,2,35,3,8,0,0.990201,0.989153,0.988342,31,0,334,3,0,33,6,1,98,-100,0,100,2,80,5,52,27,0,0,2936,214,0,9,0,941,124,0,18,0,474,1,0,20,0,272,0,0,0,0,0,43,0,35,0,0,30,10,3,0,0,2,2,0,0
0,7,3,31,3,8,0,0.986362,0.998183,0.995585,28,0,334,53.892352,50.892352,33,6,1,56,-100,100,0,2,80,5,117,30,0,0,2936,229,0,10,0,941,127,0,20,0,474,1,0,14,0,272,0,0,0,0,0,23,0,30,0,0,9,7,3,0,0,2,2,0,0
0,8,0,33,4,14,0,1.0009,0.994711,0.992717,30,0,334,100,100,37,7,1,0,-76,98,74,2,80,13,100,30,0,0,3172,158,0,10,0,944,133,0,20,0,515,0,0,6,0,260,0,0,4,0,0,38,16,18,0,0,24,3,1,0,0,1,1,0,0
0,8,1,30,4,14,0,1.014161,0.998723,0.996272,25,0,334,43.763067,40.763067,37,7,1,-76,0,-100,-100,0,80,13,164,39,0,0,3172,168,0,13,0,944,308,0,26,0,515,1,0,0,0,260,0,0,2,0,0,6,8,19,0,0,2,0,3,0,0,2,2,0,0
0,8,2,33,4,14,0,0.986964,0.989253,0.986664,31,0,334,6,3,37,7,1,98,-100,0,100,2,80,13,58,27,0,0,3172,170,0,9,0,944,133,0,18,0,515,0,0,10,0,260,0,0,3,0,0,49,12,23,0,0,33,5,2,0,0,1,1,0,0
0,8,3,27,4,14,0,0.978302,0.995588,0.99141,25,0,334,27.105492,24.105492,37,7,1,74,-100,100,0,2,80,13,128,27,0,0,3172,189,0,9,0,944,136,0,18,0,515,0,0,4,0,260,0,0,3,0,0,34,12,17,0,0,9,2,2,0,0,1,1,0,0
0,9,0,34,6,10,0,0.996511,0.993564,0.988205,29,0,334,100,100,40,8,1,0,-80,98,74,2,80,0,110,24,0,0,2982,181,0,8,0,945,141,0,16,0,509,1,0,8,0,272,0,0,0,0,3,37,0,18,0,0,27,4,1,0,0,1,1,0,0
0,9,1,27,6,10,0,1.017929,0.988751,0.987798,23,0,334,29.743581,26.743581,40,8,1,-80,0,-100,-100,0,80,0,187,36,0,0,2982,136,0,12,0,945,310,0,24,0,509,0,0,6,0,272,0,0,0,0,3,6,0,22,0,0,3,3,2,0,0,1,1,0,0
0,9,2,33,6,10,0,0.988077,0.988224,0.985483,31,0,334,3,0,40,8,1,98,-100,0,100,2,80,0,75,27,0,0,2982,200,0,9,0,945,142,0,18,0,509,1,0,14,0,272,0,0,0,0,3,34,0,27,0,0,18,7,2,0,0,1,1,0,0
0,9,3,25,6,10,0,0.987285,0.996435,0.988131,24,0,334,30.105492,27.105492,40,8,1,74,-100,100,0,2,80,0,145,24,0,0,2982,226,0,8,0,945,144,0,16,0,509,0,0,6,0,272,0,0,0,0,3,30,0,18,0,0,10,3,2,0,0,1,1,0,0
0,10,0,34,4,28,0,0.996879,0.997167,0.993755,29,0,334,100,100,43,10,1,0,-82,96,72,2,80,16,120,27,0,0,3136,202,0,9,0,955,150,0,18,0,510,1,0,12,0,272,0,0,0,0,17,21,0,25,0,0,31,6,2,0,0,2,2,0,0
0,10,1,26,4,28,0,1.010635,0.982806,0.978047,22,0,334,14.422177,11.422177,43,10,1,-82,0,-100,-100,0,80,16,190,15,0,0,3136,104,0,5,0,955,324,0,10,0,510,1,0,4,0,272,0,0,0,0,17,0,0,11,0,0,4,2,1,0,0,0,0,0,0
0,10,2,22,4,28,0,0.98282,0.991662,0.98038,21,0,334,3,0,43,10,1,96,-100,0,98,2,80,16,90,30,0,0,3136,157,0,10,0,955,152,0,20,0,510,3,0,12,0,272,0,0,0,0,17,22,0,26,0,0,17,6,2,0,0,1,1,0,0
0,10,3,13,4,28,0,0.966628,0.997873,1.000554,12,0,334,33.105492,30.105492,43,10,1,72,-100,98,0,2,80,16,154,21,0,0,3136,194,0,7,0,955,151,0,14,0,510,1,0,2,0,272,0,0,0,0,17,32,0,11,0,0,10,1,1,0,0,0,0,0,0
0,11,0,35,4,5,0,0.997004,0.994648,0.995526,30,0,334,100,100,45,12,1,0,-82,94,70,2,80,23,127,24,0,0,3174,160,0,8,0,958,158,0,16,0,508,1,0,18,0,272,0,0,0,0,8,8,0,30,0,0,38,9,2,0,0,2,2,0,0
0,11,1,25,4,5,0,1.00794,0.983932,0.980277,21,0,334,3,0,45,12,1,-82,0,-100,-100,0,80,23,208,36,0,0,3174,76,0,12,0,958,310,0,24,0,508,1,0,0,0,272,0,0,0,0,8,1,0,14,0,0,0,0,1,0,0,0,0,0,0
0,11,2,22,4,5,0,0.986088,0.988979,0.980511,21,0,334,6,3,45,12,1,94,-100,0,96,2,80,23,120,30,0,0,3174,141,0,10,0,958,162,0,20,0,508,3,0,12,0,272,0,0,0,0,8,7,0,24,0,0,22,6,1,0,0,0,0,0,0
0,11,3,12,4,5,0,0.961914,1.000282,0.998874,10,0,334,36.105492,33.105492,45,12,1,70,-100,96,0,2,80,23,169,18,0,0,3174,175,0,6,0,958,157,0,12,0,508,0,0,4,0,272,0,0,0,0,8,35,0,14,0,0,10,2,2,0,0,1,1,0,0
0,12,0,36,4,2,0,0.99927,0.99442,0.993818,32,0,334,100,100,46,13,1,0,-82,94,70,2,80,17,122,12,0,0,3078,185,0,4,0,964,174,0,8,0,531,1,0,8,0,268,0,0,1,0,68,0,4,12,0,0,42,4,0,0,0,0,0,0,0
0,12,1,26,4,2,0,1.009895,0.984425,0.980674,21,0,334,0,0,46,13,1,-82,0,-100,-100,0,80,17,199,0,0,0,3078,61,0,0,0,964,334,0,0,0,531,0,0,0,0,268,0,0,0,0,68,0,0,0,0,0,0,0,0,0,0,0,0,0,0
0,12,2,24,4,2,0,0.985123,0.988977,0.980193,21,0,334,9,6,46,13,1,94,-100,0,94,2,80,17,134,18,0,0,3078,137,0,6,0,964,181,0,12,0,531,1,0,8,0,268,0,0,2,0,68,0,8,16,0,0,25,4,1,0,0,0,0,0,0
0,12,3,10,4,2,0,0.972591,1.00211,1.011181,9,0,334,39.105492,36.105492,46,13,1,70,-100,94,0,2,80,17,183,15,0,0,3078,182,0,5,0,964,162,0,10,0,531,0,0,0,0,268,0,0,1,0,68,30,4,9,0,0,8,0,2,0,0,1,1,0,0
0,13,0,34,3,7,0,1.009922,0.998006,0.9883,30,0,334,100,100,47,14,1,0,-82,92,70,2,80,20,117,18,0,0,3102,199,0,6,0,967,183,0,12,0,524,1,0,12,0,266,0,0,3,0,54,0,12,18,0,0,48,6,0,0,0,0,0,0,0
0,13,1,25,3,7,0,1.013333,0.990041,0.983651,21,0,334,0,0,47,14,1,-82,0,-100,-100,0,80,20,185,0,0,0,3102,35,0,0,0,967,334,0,0,0,524,0,0,0,0,266,0,0,0,0,54,0,0,0,0,0,0,0,0,0,0,0,0,0,0
0,13,2,24,3,7,0,0.985123,0.988977,0.980193,21,0,334,9,9,47,14,1,92,-100,0,92,2,80,20,126,6,0,0,3102,135,0,2,0,967,213,0,4,0,524,1,0,6,0,266,0,0,2,0,54,0,8,8,0,0,28,3,0,0,0,0,0,0,0
0,13,3,9,3,7,0,0.967703,1.004771,0.995029,8,0,334,42.105492,39.105492,47,14,1,70,-100,92,0,2,80,20,192,9,0,0,3102,169,0,3,0,967,165,0,6,0,524,0,0,2,0,266,0,0,1,0,54,35,4,7,0,0,8,1,1,0,0,0,0,0,0
0,14,0,30,2,11,0,1.002195,0.996959,0.994176,27,0,334,100,100,48,15,1,0,-82,92,70,2,80,22,96,0,0,0,3096,221,0,0,0,973,201,0,0,0,513,2,0,14,0,272,0,0,0,0,20,0,0,14,0,0,55,7,0,0,0,0,0,0,0
0,14,1,21,2,11,0,1.005104,0.985985,0.986076,20,0,334,0,0,48,15,1,-82,0,-100,-100,0,80,22,203,30,0,0,3096,0,0,10,0,973,314,0,20,0,513,0,0,0,0,272,0,0,0,0,20,5,0,10,0,0,0,0,0,0,0,0,0,0,0
0,14,2,25,2,11,0,0.984073,0.986558,0.982569,21,0,334,12,9,48,15,1,92,-100,0,90,2,80,22,122,0,0,0,3096,135,0,0,0,973,249,0,0,0,513,3,0,10,0,272,0,0,0,0,20,0,0,12,0,0,32,5,1,0,0,0,0,0,0
0,14,3,7,2,11,0,0.951539,1.014167,1.005817,6,0,334,45.105492,42.105492,48,15,1,70,-100,90,0,2,80,22,200,9,0,0,3096,181,0,3,0,973,168,0,6,0,513,1,0,2,0,272,0,0,0,0,20,28,0,7,0,0,8,1,1,0,0,0,0,0,0
0,15,0,19,5,14,0,1.005851,0.991417,0.98702,17,0,334,100,100,49,16,1,0,-82,92,68,2,80,24,101,15,0,0,3155,186,0,5,0,973,209,0,10,0,520,5,0,12,0,272,0,0,0,0,48,0,0,17,0,0,61,6,0,0,0,0,0,0,0
0,15,1,23,5,14,0,1.005054,0.981104,0.990297,20,0,334,0,0,49,16,1,-82,0,-100,-100,0,80,24,189,0,0,0,3155,0,0,0,0,973,334,0,0,0,520,0,0,0,0,272,0,0,0,0,48,0,0,0,0,0,0,0,0,0,0,0,0,0,0
0,15,2,26,5,14,0,0.983942,0.984218,0.981947,21,0,334,15,12,49,16,1,92,-100,0,88,2,80,24,118,3,0,0,3155,133,0,1,0,973,280,0,2,0,520,12,0,0,0,272,0,0,0,0,48,0,0,3,0,0,31,0,1,0,0,0,0,0,0
0,15,3,6,5,14,0,0.914753,1.011667,0.993612,4,0,334,48.105492,45.105492,49,16,1,68,-100,88,0,2,80,24,208,9,0,0,3155,171,0,3,0,973,171,0,6,0,520,1,0,0,0,272,0,0,0,0,48,23,0,5,0,0,7,0,1,0,0,0,0,0,0
0,16,0,18,3,7,0,1.015871,1.012123,0.997653,14,0,334,100,100,50,17,1,0,-82,90,68,2,80,27,93,0,0,0,3119,167,0,0,0,979,224,0,0,0,511,5,0,12,0,271,0,0,1,0,44,0,4,12,0,0,67,6,0,0,0,0,0,0,0
0,16,1,24,3,7,0,1.007526,0.982623,0.989102,20,0,334,0,0,50,17,1,-82,0,-100,-100,0,80,27,204,27,0,0,3119,1,0,9,0,979,316,0,18,0,511,0,0,0,0,271,0,0,0,0,44,0,0,9,0,0,0,0,0,0,0,0,0,0,0
0,16,2,24,3,7,0,0.990512,0.990179,0.97981,19,0,334,18,15,50,17,1,90,-100,0,86,2,80,27,112,0,0,0,3119,139,0,0,0,979,310,0,0,0,511,22,0,2,0,271,0,0,0,0,44,0,0,4,0,0,31,1,1,0,0,0,0,0,0
0,16,3,4,3,7,0,0.915172,1.028183,1.016857,2,0,334,51.105492,48.105492,50,17,1,68,-100,86,0,2,80,27,213,3,0,0,3119,180,0,1,0,979,172,0,2,0,511,0,0,4,0,271,0,0,0,0,44,16,0,7,0,0,8,2,1,0,0,0,0,0,0
0,17,0,16,1,9,0,1.012793,1.012596,0.997104,12,0,334,100,100,51,18,1,0,-82,88,68,2,80,24,106,15,0,0,3109,152,0,5,0,985,229,0,10,0,532,0,0,8,0,254,6,0,6,0,27,19,24,17,0,0,69,4,2,0,0,2,2,0,0
0,17,1,22,1,9,0,1.025499,0.990663,0.986163,18,0,334,0,0,51,18,1,-82,0,-100,-100,0,80,24,223,30,0,0,3109,10,0,10,0,985,314,0,20,0,532,0,0,0,0,254,0,0,0,0,27,2,0,10,0,0,0,0,0,0,0,0,0,0,0
0,17,2,22,1,9,0,0.989087,0.991494,0.980217,17,0,334,21,18,51,18,1,88,-100,0,86,2,80,24,123,18,0,0,3109,133,0,6,0,985,322,0,12,0,532,15,0,16,0,254,0,0,3,0,27,0,12,24,0,0,38,8,1,0,0,0,0,0,0
0,17,3,2,1,9,0,0.901539,1.076848,1.032581,0,0,334,54.105492,51.105492,51,18,1,68,-100,86,0,2,80,24,216,3,0,0,3109,175,0,1,0,985,173,0,2,0,532,0,0,0,0,254,3,0,0,0,27,13,0,3,0,0,7,0,1,0,0,0,0,0,0
0,18,0,14,1,6,0,1.015016,1.010209,1.008701,12,0,334,100,100,51,18,1,0,-82,90,68,2,80,36,113,12,0,0,3134,140,0,4,0,1001,233,0,8,0,535,0,0,2,0,272,1,0,5,0,14,40,20,8,0,0,69,1,1,0,0,1,1,0,0
0,18,1,21,1,6,0,1.023559,0.990622,0.9874,18,0,334,0,0,51,18,1,-82,0,-100,-100,0,80,36,236,27,0,0,3134,21,0,9,0,1001,316,0,18,0,535,0,0,0,0,272,0,0,0,0,14,23,0,9,0,0,0,0,0,0,0,0,0,0,0
0,18,2,20,1,6,0,0.987766,0.996387,0.982412,15,0,334,24,21,51,18,1,90,-100,0,86,2,80,36,118,3,0,0,3134,118,0,1,0,1001,332,0,2,0,535,16,0,6,0,272,0,0,0,0,14,0,0,9,0,0,40,3,1,0,0,0,0,0,0
0,18,3,2,1,6,0,0.901539,1.076848,1.032581,0,0,334,57.105492,54.105492,51,18,1,68,-100,86,0,2,80,36,217,3,0,0,3134,172,0,1,0,1001,171,0,2,0,535,0,0,0,0,272,3,0,0,0,14,10,0,3,0,0,6,0,1,0,0,0,0,0,0
0,19,0,13,1,5,1,1.013858,1.004897,1.009449,12,0,334,100,100,52,18,1,0,-86,90,77,1,80,37,123,12,0,0,3174,130,0,4,0,1006,237,0,8,0,520,2,0,10,0,272,0,0,1,0,33,37,4,16,0,0,73,5,1,0,0,1,1,0,0
0,19,1,21,1,5,1,1.018385,0.984903,0.988933,18,0,334,0,0,52,18,1,-86,0,-100,-100,0,80,37,258,27,0,0,3174,1,0,9,0,1006,316,0,18,0,520,0,0,0,0,272,0,0,0,0,33,31,0,9,0,0,0,0,0,0,0,0,0,0,0
0,19,2,19,1,5,1,0.986077,0.994871,0.98009,14,0,334,27,24,52,18,1,90,-100,0,97,1,80,37,118,3,0,0,3174,105,0,1,0,1006,332,0,2,0,520,22,0,6,0,272,0,0,0,0,33,0,0,9,0,0,42,3,1,0,0,0,0,0,0
0,19,3,0,1,5,1,0,0,0,0,0,334,41.842081,41.842081,52,18,1,77,-100,97,0,0,80,37,215,0,0,0,3174,170,0,0,0,1006,171,0,0,0,520,0,0,0,0,272,3,0,0,0,33,10,0,0,0,0,6,0,0,0,0,0,0,0,0
0,20,0,10,1,6,0,1.019018,1.019859,1.003798,10,0,334,100,100,52,18,1,0,-86,92,77,1,80,36,124,6,0,0,3144,123,0,2,0,1012,239,0,4,0,534,1,0,4,0,268,0,0,2,0,33,45,8,6,0,0,75,2,0,0,0,0,0,0,0
0,20,1,22,1,6,0,1.021059,0.986575,0.98896,18,0,334,0,0,52,18,1,-86,0,-100,-100,0,80,36,273,27,0,0,3144,11,0,9,0,1012,316,0,18,0,534,0,0,0,0,268,0,0,1,0,33,43,4,9,0,0,0,0,0,0,0,0,0,0,0
0,20,2,16,1,6,0,0.984708,1.004328,0.99157,11,0,334,30,27,52,18,1,92,-100,0,97,1,80,36,121,9,0,0,3144,91,0,3,0,1012,328,0,6,0,534,21,0,8,0,268,0,0,1,0,33,0,4,13,0,0,45,4,1,0,0,0,0,0,0
0,20,3,0,1,6,0,0,0,0,0,0,334,41.842081,41.842081,52,18,1,77,-100,97,0,0,80,36,215,0,0,0,3144,170,0,0,0,1012,171,0,0,0,534,0,0,0,0,268,3,0,0,0,33,10,0,0,0,0,6,0,0,0,0,0,0,0,0
0,21,0,11,3,2,0,1.019715,1.024521,1.002115,10,0,334,100,100,52,18,1,0,-86,92,77,1,80,44,129,6,0,0,3153,119,0,2,0,1016,241,0,4,0,531,0,0,6,0,268,0,0,2,0,36,51,8,8,0,0,78,3,0,0,0,0,0,0,0
0,21,1,23,3,2,0,1.019855,0.988528,0.989504,18,0,334,0,0,52,18,1,-86,0,-100,-100,0,80,44,290,30,0,0,3153,10,0,10,0,1016,314,0,20,0,531,0,0,0,0,268,0,0,1,0,36,54,4,10,0,0,0,0,0,0,0,0,0,0,0
0,21,2,15,3,2,0,0.990195,0.991971,0.999075,9,0,334,33,30,52,18,1,92,-100,0,97,1,80,44,127,6,0,0,3153,81,0,2,0,1016,330,0,4,0,531,23,0,6,0,268,0,0,1,0,36,0,4,10,0,0,47,3,1,0,0,0,0,0,0
0,21,3,0,3,2,0,0,0,0,0,0,334,41.842081,41.842081,52,18,1,77,-100,97,0,0,80,44,215,0,0,0,3153,170,0,0,0,1016,171,0,0,0,531,0,0,0,0,268,3,0,0,0,36,10,0,0,0,0,6,0,0,0,0,0,0,0,0
0,22,0,12,4,2,0,1.026614,1.023975,1.01162,10,0,334,100,100,52,18,1,0,-86,92,77,1,80,34,136,6,0,0,3135,122,0,2,0,1014,243,0,4,0,530,1,0,6,0,267,0,0,0,0,39,47,0,10,0,0,80,3,1,0,0,1,1,0,0
0,22,1,23,4,2,0,1.023034,0.996195,0.9905,18,0,334,0,0,52,18,1,-86,0,-100,-100,0,80,34,317,33,0,0,3135,9,0,11,0,1014,312,0,22,0,530,0,0,0,0,267,0,0,0,0,39,60,0,11,0,0,0,0,0,0,0,0,0,0,0
0,22,2,16,4,2,0,0.99106,0.989627,0.995088,8,0,334,36,33,52,18,1,92,-100,0,97,1,80,34,150,21,0,0,3135,75,0,7,0,1014,320,0,14,0,530,19,0,8,0,267,0,0,3,0,39,1,12,17,0,0,50,4,1,0,0,0,0,0,0
0,22,3,0,4,2,0,0,0,0,0,0,334,41.842081,41.842081,52,18,1,77,-100,97,0,0,80,34,215,0,0,0,3135,170,0,0,0,1014,171,0,0,0,530,0,0,0,0,267,3,0,0,0,39,10,0,0,0,0,6,0,0,0,0,0,0,0,0
0,23,0,13,2,2,0,1.022937,1.030403,1.020682,11,0,334,100,100,52,18,1,0,-86,94,77,1,80,42,141,6,0,0,3116,124,0,2,0,1014,245,0,4,0,540,1,0,2,0,262,0,0,6,0,31,74,24,6,0,0,80,1,1,0,0,1,1,0,0
0,23,1,23,2,2,0,1.023034,0.996195,0.9905,18,0,334,0,0,52,18,1,-86,0,-100,-100,0,80,42,334,33,0,0,3116,19,0,11,0,1014,312,0,22,0,540,0,0,0,0,262,0,0,0,0,31,71,0,11,0,0,0,0,0,0,0,0,0,0,0
0,23,2,15,2,2,0,1.000498,0.98202,1.00993,6,0,334,39,36,52,18,1,94,-100,0,97,1,80,42,163,18,0,0,3116,77,0,6,0,1014,322,0,12,0,540,11,0,10,0,262,0,0,4,0,31,1,16,22,0,0,52,5,3,0,0,2,2,0,0
0,23,3,0,2,2,0,0,0,0,0,0,334,41.842081,41.842081,52,18,1,77,-100,97,0,0,80,42,215,0,0,0,3116,170,0,0,0,1014,171,0,0,0,540,0,0,0,0,262,3,0,0,0,31,10,0,0,0,0,6,0,0,0,0,0,0,0,0
0,24,0,12,0,5,0,1.030373,1.03786,1.027338,11,0,334,100,100,52,18,1,0,-86,94,77,1,80,42,143,6,0,0,3120,133,0,2,0,1017,247,0,4,0,535,0,0,6,0,272,0,0,0,0,39,70,0,10,0,0,82,3,1,0,0,1,1,0,0
0,24,1,21,0,5,0,1.023202,0.993523,0.989683,17,0,334,0,0,52,18,1,-86,0,-100,-100,0,80,42,334,30,0,0,3120,0,0,10,0,1017,314,0,20,0,535,0,0,0,0,272,0,0,0,0,39,78,0,10,0,0,0,0,0,0,0,0,0,0,0
0,24,2,13,0,5,0,0.990343,0.972917,0.99375,7,0,334,42,39,52,18,1,94,-100,0,97,1,80,42,158,0,0,0,3120,86,0,0,0,1017,334,0,0,0,535,13,0,2,0,272,0,0,0,0,39,0,0,4,0,0,52,1,1,0,0,0,0,0,0
0,24,3,0,0,5,0,0,0,0,0,0,334,41.842081,41.842081,52,18,1,77,-100,97,0,0,80,42,215,0,0,0,3120,170,0,0,0,1017,171,0,0,0,535,0,0,0,0,272,3,0,0,0,39,10,0,0,0,0,6,0,0,0,0,0,0,0,0
0,25,0,11,1,2,0,1.030809,1.036413,1.030316,11,0,334,100,100,52,18,1,0,-86,96,77,1,80,38,148,6,0,0,3111,143,0,2,0,1025,249,0,4,0,535,0,0,6,0,272,0,0,0,0,42,68,0,8,0,0,85,3,0,0,0,0,0,0,0
0,25,1,22,1,2,0,1.025982,0.995376,0.990554,17,0,334,0,0,52,18,1,-86,0,-100,-100,0,80,38,334,30,0,0,3111,10,0,10,0,1025,314,0,20,0,535,0,0,0,0,272,0,0,0,0,42,85,0,10,0,0,0,0,0,0,0,0,0,0,0
0,25,2,12,1,2,0,0.992057,0.969295,0.997748,6,0,334,45,42,52,18,1,96,-100,0,97,1,80,38,159,3,0,0,3111,96,0,1,0,1025,332,0,2,0,535,16,0,0,0,272,0,0,0,0,42,0,0,3,0,0,51,0,1,0,0,0,0,0,0
0,25,3,0,1,2,0,0,0,0,0,0,334,41.842081,41.842081,52,18,1,77,-100,97,0,0,80,38,215,0,0,0,3111,170,0,0,0,1025,171,0,0,0,535,0,0,0,0,272,3,0,0,0,42,10,0,0,0,0,6,0,0,0,0,0,0,0,0
0,26,0,10,4,11,0,1.02364,1.038258,1.02173,10,0,334,100,100,52,18,1,0,-86,96,77,1,80,29,152,6,0,0,3110,154,0,2,0,1028,251,0,4,0,540,1,0,0,0,261,0,0,5,0,45,86,20,2,0,0,85,0,0,0,0,0,0,0,0
0,26,1,19,4,11,0,1.031459,0.997808,0.984706,14,0,334,0,0,52,18,1,-86,0,-100,-100,0,80,29,334,27,0,0,3110,1,0,9,0,1028,316,0,18,0,540,0,0,0,0,261,0,0,0,0,45,85,0,9,0,0,0,0,0,0,0,0,0,0,0
0,26,2,9,4,11,0,1.023947,0.947286,0.989049,4,0,334,45,45,52,18,1,96,-100,0,97,1,80,29,167,12,0,0,3110,104,0,4,0,1028,326,0,8,0,540,10,0,6,0,261,0,0,3,0,45,2,12,10,0,0,54,3,0,0,0,0,0,0,0
0,26,3,0,4,11,0,0,0,0,0,0,334,41.842081,41.842081,52,18,1,77,-100,97,0,0,80,29,215,0,0,0,3110,170,0,0,0,1028,171,0,0,0,540,0,0,0,0,261,3,0,0,0,45,10,0,0,0,0,6,0,0,0,0,0,0,0,0
0,27,0,8,2,5,0,1.018659,1.038304,1.025481,7,0,334,100,100,52,18,1,0,-86,98,77,1,80,33,151,3,0,0,3124,159,0,1,0,1026,252,0,2,0,537,1,0,4,0,272,0,0,0,0,51,81,0,5,0,0,87,2,0,0,0,0,0,0,0
0,27,1,20,2,5,0,1.031856,1.000699,0.984507,14,0,334,0,0,52,18,1,-86,0,-100,-100,0,80,33,334,30,0,0,3124,0,0,10,0,1026,314,0,20,0,537,0,0,0,0,272,0,0,0,0,51,92,0,10,0,0,0,0,0,0,0,0,0,0,0
0,27,2,7,2,5,0,1.010361,0.934348,0.980289,2,0,334,48,45,52,18,1,98,-100,0,97,1,80,33,170,0,0,0,3124,119,0,0,0,1026,332,0,0,0,537,13,0,0,0,272,0,0,0,0,51,0,0,2,0,0,53,0,1,0,0,0,0,0,0
0,27,3,0,2,5,0,0,0,0,0,0,334,41.842081,41.842081,52,18,1,77,-100,97,0,0,80,33,215,0,0,0,3124,170,0,0,0,1026,171,0,0,0,537,0,0,0,0,272,3,0,0,0,51,10,0,0,0,0,6,0,0,0,0,0,0,0,0
0,28,0,7,0,6,0,1.027143,1.041944,1.020611,6,0,334,100,100,52,18,1,0,-86,98,77,1,80,56,155,6,0,0,3128,165,0,2,0,1073,251,0,4,0,532,1,0,6,0,272,0,0,0,0,65,73,0,8,0,0,90,3,0,0,0,0,0,0,0
0,28,1,17,0,6,0,1.031756,0.997849,0.986661,11,0,334,0,0,52,18,1,-86,0,-100,-100,0,80,56,334,30,0,0,3128,10,0,10,0,1073,306,0,20,0,532,0,0,0,0,272,0,0,0,0,65,85,0,10,0,0,0,0,0,0,0,0,0,0,0
0,28,2,5,0,6,0,0.998124,0.926464,0.979049,0,0,334,48,48,52,18,1,98,-100,0,97,1,80,56,169,0,0,0,3128,128,0,0,0,1073,332,0,0,0,532,19,0,0,0,272,0,0,0,0,65,0,0,0,0,0,53,0,0,0,0,0,0,0,0
0,28,3,0,0,6,0,0,0,0,0,0,334,41.842081,41.842081,52,18,1,77,-100,97,0,0,80,56,215,0,0,0,3128,170,0,0,0,1073,171,0,0,0,532,0,0,0,0,272,3,0,0,0,65,10,0,0,0,0,6,0,0,0,0,0,0,0,0
0,29,0,8,1,0,0,1.026835,1.043163,1.018388,6,0,334,100,100,52,18,1,0,-86,98,77,1,80,48,163,6,0,0,3149,172,0,2,0,1040,253,0,4,0,538,0,0,4,0,269,0,0,0,0,68,67,0,6,0,0,92,2,0,0,0,0,0,0,0
0,29,1,17,1,0,0,1.031756,0.997849,0.986661,11,0,334,0,0,52,18,1,-86,0,-100,-100,0,80,48,334,30,0,0,3149,10,0,10,0,1040,314,0,20,0,538,0,0,0,0,269,0,0,0,0,68,75,0,10,0,0,0,0,0,0,0,0,0,0,0
0,29,2,5,1,0,0,0.998124,0.926464,0.979049,0,0,334,48,48,52,18,1,98,-100,0,97,1,80,48,171,3,0,0,3149,130,0,1,0,1040,330,0,2,0,538,18,0,4,0,269,1,0,2,0,68,3,8,5,0,0,55,2,0,0,0,0,0,0,0
0,29,3,0,1,0,0,0,0,0,0,0,334,41.842081,41.842081,52,18,1,77,-100,97,0,0,80,48,215,0,0,0,3149,170,0,0,0,1040,171,0,0,0,538,0,0,0,0,269,3,0,0,0,68,10,0,0,0,0,6,0,0,0,0,0,0,0,0
0,30,0,8,0,3,1,1.026835,1.043163,1.018388,6,0,334,100,100,52,18,1,0,-88,100,77,1,80,52,173,9,0,0,3149,177,0,3,0,1043,256,0,6,0,541,1,0,0,0,270,0,0,2,0,51,72,8,3,0,0,92,0,0,0,0,0,0,0,0
0,30,1,15,0,3,1,1.03689,0.99819,0.986923,10,0,334,0,0,52,18,1,-88,0,-100,-100,0,80,52,334,27,0,0,3149,1,0,9,0,1043,316,0,18,0,541,0,0,0,0,270,0,0,0,0,51,83,0,9,0,0,0,0,0,0,0,0,0,0,0
0,30,2,4,0,3,1,1.001081,0.937596,0.992907,0,0,334,51,48,52,18,1,100,-100,0,100,1,80,52,168,0,0,0,3149,133,0,0,0,1043,330,0,0,0,541,16,0,4,0,270,0,0,1,0,51,1,4,6,0,0,56,2,1,0,0,0,0,0,0
0,30,3,0,0,3,1,0,0,0,0,0,334,41.842081,41.842081,52,18,1,77,-100,100,0,0,80,52,215,0,0,0,3149,170,0,0,0,1043,171,0,0,0,541,0,0,0,0,270,3,0,0,0,51,10,0,0,0,0,6,0,0,0,0,0,0,0,0
0,31,0,8,1,1,1,1.026835,1.043163,1.018388,6,0,334,100,100,52,18,1,0,-90,100,77,1,80,53,182,9,0,0,3168,166,0,3,0,1041,259,0,6,0,541,1,0,2,0,269,0,0,1,0,47,75,4,5,0,0,93,1,0,0,0,0,0,0,0
0,31,1,16,1,1,1,1.033328,0.996866,0.990406,10,0,334,0,0,52,18,1,-90,0,-100,-100,0,80,53,334,27,0,0,3168,1,0,9,0,1041,316,0,18,0,541,0,0,0,0,269,0,0,0,0,47,91,0,9,0,0,0,0,0,0,0,0,0,0,0
0,31,2,3,1,1,1,0.996205,0.940168,0.984029,0,0,334,51,51,52,18,1,100,-100,0,100,1,80,53,168,0,0,0,3168,137,0,0,0,1041,330,0,0,0,541,15,0,2,0,269,1,0,1,0,47,3,4,2,0,0,57,1,0,0,0,0,0,0,0
0,31,3,0,1,1,1,0,0,0,0,0,334,41.842081,41.842081,52,18,1,77,-100,100,0,0,80,53,215,0,0,0,3168,170,0,0,0,1041,171,0,0,0,541,0,0,0,0,269,3,0,0,0,47,10,0,0,0,0,6,0,0,0,0,0,0,0,0
0,32,0,8,0,0,0,1.026835,1.043163,1.018388,6,0,334,100,100,52,18,1,0,-90,100,77,1,80,56,192,9,0,0,3159,171,0,3,0,1039,262,0,6,0,538,0,0,4,0,272,0,0,0,0,51,68,0,7,0,0,95,2,0,0,0,0,0,0,0
0,32,1,16,0,0,0,1.033328,0.996866,0.990406,10,0,334,0,0,52,18,1,-90,0,-100,-100,0,80,56,334,30,0,0,3159,0,0,10,0,1039,314,0,20,0,538,0,0,0,0,272,0,0,0,0,51,98,0,10,0,0,0,0,0,0,0,0,0,0,0
0,32,2,3,0,0,0,0.996205,0.940168,0.984029,0,0,334,54,51,52,18,1,100,-100,0,100,1,80,56,167,0,0,0,3159,134,0,0,0,1039,330,0,0,0,538,16,0,2,0,272,0,0,1,0,51,3,4,4,0,0,57,1,1,0,0,0,0,0,0
0,32,3,0,0,0,0,0,0,0,0,0,334,41.842081,41.842081,52,18,1,77,-100,100,0,0,80,56,215,0,0,0,3159,170,0,0,0,1039,171,0,0,0,538,0,0,0,0,272,3,0,0,0,51,10,0,0,0,0,6,0,0,0,0,0,0,0,0
0,33,0,8,0,0,0,1.026835,1.043163,1.018388,6,0,334,100,100,52,18,1,0,-90,100,77,1,80,59,200,9,0,0,3158,176,0,3,0,1037,265,0,6,0,538,1,0,2,0,272,0,0,0,0,51,63,0,5,0,0,96,1,0,0,0,0,0,0,0
0,33,1,16,0,0,0,1.033328,0.996866,0.990406,10,0,334,0,0,52,18,1,-90,0,-100,-100,0,80,59,334,30,0,0,3158,0,0,10,0,1037,314,0,20,0,538,0,0,0,0,272,0,0,0,0,51,105,0,10,0,0,0,0,0,0,0,0,0,0,0
0,33,2,3,0,0,0,0.996205,0.940168,0.984029,0,0,334,57,54,52,18,1,100,-100,0,100,1,80,59,166,0,0,0,3158,131,0,0,0,1037,330,0,0,0,538,19,0,0,0,272,0,0,0,0,51,1,0,2,0,0,56,0,1,0,0,0,0,0,0
0,33,3,0,0,0,0,0,0,0,0,0,334,41.842081,41.842081,52,18,1,77,-100,100,0,0,80,59,215,0,0,0,3158,170,0,0,0,1037,171,0,0,0,538,0,0,0,0,272,3,0,0,0,51,10,0,0,0,0,6,0,0,0,0,0,0,0,0
0,34,0,8,0,1,0,1.026835,1.043163,1.018388,6,0,334,100,100,52,18,1,0,-90,100,77,1,80,54,210,9,0,0,3174,165,0,3,0,1038,268,0,6,0,544,1,0,0,0,266,0,0,3,0,35,88,12,3,0,0,96,0,0,0,0,0,0,0,0
0,34,1,15,0,1,0,1.035708,0.996819,0.994893,10,0,334,0,0,52,18,1,-90,0,-100,-100,0,80,54,334,27,0,0,3174,1,0,9,0,1038,316,0,18,0,544,0,0,0,0,266,0,0,0,0,35,113,0,9,0,0,0,0,0,0,0,0,0,0,0
0,34,2,3,0,1,0,0.996205,0.940168,0.984029,0,0,334,57,57,52,18,1,100,-100,0,100,1,80,54,165,0,0,0,3174,128,0,0,0,1038,330,0,0,0,544,17,0,2,0,266,2,0,1,0,35,3,4,2,0,0,57,1,0,0,0,0,0,0,0
0,34,3,0,0,1,0,0,0,0,0,0,334,41.842081,41.842081,52,18,1,77,-100,100,0,0,80,54,215,0,0,0,3174,170,0,0,0,1038,171,0,0,0,544,0,0,0,0,266,3,0,0,0,35,10,0,0,0,0,6,0,0,0,0,0,0,0,0
0,35,0,9,2,0,0,1.033363,1.045011,1.022605,6,0,334,100,100,52,18,1,0,-90,100,77,1,80,54,220,9,0,0,3160,170,0,3,0,1040,271,0,6,0,544,1,0,0,0,266,0,0,3,0,51,97,12,3,0,0,96,0,0,0,0,0,0,0,0
0,35,1,16,2,0,0,1.03231,0.999255,0.989022,10,0,334,0,0,52,18,1,-90,0,-100,-100,0,80,54,334,27,0,0,3160,1,0,9,0,1040,316,0,18,0,544,0,0,0,0,266,0,0,0,0,51,121,0,9,0,0,0,0,0,0,0,0,0,0,0
0,35,2,3,2,0,0,0.996205,0.940168,0.984029,0,0,334,60,57,52,18,1,100,-100,0,100,1,80,54,164,0,0,0,3160,125,0,0,0,1040,330,0,0,0,544,15,0,2,0,266,4,0,1,0,51,3,4,4,0,0,57,1,1,0,0,0,0,0,0
0,35,3,0,2,0,0,0,0,0,0,0,334,41.842081,41.842081,52,18,1,77,-100,100,0,0,80,54,215,0,0,0,3160,170,0,0,0,1040,171,0,0,0,544,0,0,0,0,266,3,0,0,0,51,10,0,0,0,0,6,0,0,0,0,0,0,0,0
0,36,0,9,1,1,0,1.033363,1.045011,1.022605,6,0,334,100,100,52,18,1,0,-90,100,77,1,80,38,228,9,0,0,3151,182,0,3,0,1042,274,0,6,0,544,1,0,0,0,266,0,0,3,0,47,106,12,3,0,0,96,0,0,0,0,0,0,0,0
0,36,1,17,1,1,0,1.031953,0.997118,0.992483,10,0,334,0,0,52,18,1,-90,0,-100,-100,0,80,38,334,27,0,0,3151,1,0,9,0,1042,316,0,18,0,544,0,0,0,0,266,0,0,0,0,47,133,0,9,0,0,0,0,0,0,0,0,0,0,0
0,36,2,2,1,1,0,1.057297,0.904228,0.970876,0,0,334,63,60,52,18,1,100,-100,0,100,1,80,38,163,0,0,0,3151,122,0,0,0,1042,330,0,0,0,544,13,0,2,0,266,6,0,1,0,47,3,4,4,0,0,57,1,1,0,0,0,0,0,0
0,36,3,0,1,1,0,0,0,0,0,0,334,41.842081,41.842081,52,18,1,77,-100,100,0,0,80,38,215,0,0,0,3151,170,0,0,0,1042,171,0,0,0,544,0,0,0,0,266,3,0,0,0,47,10,0,0,0,0,6,0,0,0,0,0,0,0,0
0,37,0,9,0,1,0,1.033363,1.045011,1.022605,6,0,334,100,100,52,18,1,0,-90,100,77,1,80,62,234,9,0,0,3174,170,0,3,0,1041,277,0,6,0,536,0,0,4,0,272,0,0,0,0,31,114,0,7,0,0,98,2,0,0,0,0,0,0,0
0,37,1,16,0,1,0,1.03308,0.994675,0.993434,9,0,334,0,0,52,18,1,-90,0,-100,-100,0,80,62,334,24,0,0,3174,2,0,8,0,1041,318,0,16,0,536,1,0,4,0,272,0,0,0,0,31,139,0,16,0,0,0,2,2,0,0,2,2,0,0
0,37,2,2,0,1,0,1.057297,0.904228,0.970876,0,0,334,66,63,52,18,1,100,-100,0,100,1,80,62,161,0,0,0,3174,120,0,0,0,1041,330,0,0,0,536,11,0,2,0,272,5,0,1,0,31,3,4,4,0,0,57,1,1,0,0,0,0,0,0
0,37,3,0,0,1,0,0,0,0,0,0,334,41.842081,41.842081,52,18,1,77,-100,100,0,0,80,62,215,0,0,0,3174,170,0,0,0,1041,171,0,0,0,536,0,0,0,0,272,3,0,0,0,31,10,0,0,0,0,6,0,0,0,0,0,0,0,0
0,38,0,10,1,0,0,1.034603,1.057912,1.036611,6,0,334,100,100,52,18,1,0,-90,100,77,1,80,57,244,9,0,0,3152,182,0,3,0,1045,280,0,6,0,537,1,0,2,0,272,0,0,0,0,51,109,0,5,0,0,99,1,0,0,0,0,0,0,0
0,38,1,16,1,0,0,1.03308,0.994675,0.993434,11,0,334,0,0,52,18,1,-90,0,-100,-100,0,80,57,334,24,0,0,3152,2,0,8,0,1045,318,0,16,0,537,1,0,4,0,272,0,0,0,0,51,140,0,16,0,0,0,2,2,0,0,2,2,0,0
0,38,2,2,1,0,0,1.057297,0.904228,0.970876,0,0,334,69,66,52,18,1,100,-100,0,100,1,80,57,159,0,0,0,3152,118,0,0,0,1045,330,0,0,0,537,9,0,2,0,272,4,0,1,0,51,3,4,4,0,0,57,1,1,0,0,0,0,0,0
0,38,3,0,1,0,0,0,0,0,0,0,334,41.842081,41.842081,52,18,1,77,-100,100,0,0,80,57,215,0,0,0,3152,170,0,0,0,1045,171,0,0,0,537,0,0,0,0,272,3,0,0,0,51,10,0,0,0,0,6,0,0,0,0,0,0,0,0
0,39,0,10,0,2,0,1.034603,1.057912,1.036611,6,0,334,100,100,52,18,1,0,-90,100,77,1,80,64,251,12,0,0,3176,168,0,4,0,1046,284,0,8,0,540,0,0,2,0,270,0,0,2,0,34,128,8,6,0,0,100,1,0,0,0,0,0,0,0
0,39,1,15,0,2,0,1.029813,0.99581,0.992558,12,0,334,0,0,52,18,1,-90,0,-100,-100,0,80,64,334,24,0,0,3176,2,0,8,0,1046,318,0,16,0,540,0,0,4,0,270,0,0,0,0,34,137,0,16,0,0,0,2,2,0,0,2,2,0,0
0,39,2,1,0,2,0,1.071807,0.944179,1.026266,0,0,334,72,69,52,18,1,100,-100,0,100,1,80,64,157,0,0,0,3176,116,0,0,0,1046,330,0,0,0,540,9,0,0,0,270,4,0,0,0,34,1,0,2,0,0,56,0,1,0,0,0,0,0,0
0,39,3,0,0,2,0,0,0,0,0,0,334,41.842081,41.842081,52,18,1,77,-100,100,0,0,80,64,215,0,0,0,3176,170,0,0,0,1046,171,0,0,0,540,0,0,0,0,270,3,0,0,0,34,10,0,0,0,0,6,0,0,0,0,0,0,0,0
0,40,0,10,1,1,0,1.034603,1.057912,1.036611,6,0,334,100,100,52,18,1,0,-90,100,77,1,80,47,262,12,0,0,3153,178,0,4,0,1041,288,0,8,0,537,1,0,2,0,272,0,0,0,0,51,122,0,6,0,0,101,1,0,0,0,0,0,0,0
0,40,1,15,1,1,0,1.023786,0.99649,1.000682,13,0,334,0,0,52,18,1,-90,0,-100,-100,0,80,47,334,21,0,0,3153,3,0,7,0,1041,320,0,14,0,537,0,0,4,0,272,0,0,0,0,51,141,0,13,0,0,1,2,1,0,0,1,1,0,0
0,40,2,1,1,1,0,1.071807,0.944179,1.026266,0,0,334,72,72,52,18,1,100,-100,0,100,1,80,47,156,0,0,0,3153,115,0,0,0,1041,330,0,0,0,537,9,0,0,0,272,4,0,0,0,51,1,0,0,0,0,56,0,0,0,0,0,0,0,0
0,40,3,0,1,1,0,0,0,0,0,0,334,41.842081,41.842081,52,18,1,77,-100,100,0,0,80,47,215,0,0,0,3153,170,0,0,0,1041,171,0,0,0,537,0,0,0,0,272,3,0,0,0,51,10,0,0,0,0,6,0,0,0,0,0,0,0,0
4,1,0,45,2,26,0,1.003972,1.007589,1.012275,0,0,334,100,100,9,0,0,0,-34,44,2,1,80,3,54,39,0,0,2812,200,0,13,0,916,63,0,26,0,467,15,0,36,0,272,7,0,18,0,0,88,72,61,0,0,12,18,6,0,0,6,6,0,0
4,1,1,42,2,26,0,1.002137,1.008816,1.015526,0,0,334,100,100,9,0,0,-34,0,-62,-34,0,80,3,55,39,0,0,2812,204,0,13,0,916,79,0,26,0,467,22,0,32,0,272,9,0,16,0,0,80,64,57,0,0,10,16,6,0,0,6,6,0,0
4,1,2,42,2,26,0,1.001445,1.00165,1.013588,0,0,334,58.407802,58.407802,9,0,0,44,-62,0,44,2,80,3,53,39,0,0,2812,200,0,13,0,916,63,0,26,0,467,19,0,32,0,272,9,0,16,0,0,83,64,53,0,0,12,16,4,0,0,4,4,0,0
4,1,3,47,2,26,0,0.999903,1.003757,1.00961,0,0,334,100,100,9,0,0,2,-34,44,0,1,80,3,50,36,0,0,2812,193,0,12,0,916,62,0,24,0,467,15,0,42,0,272,4,0,21,0,0,92,84,72,0,0,12,21,9,0,0,9,9,0,0
4,2,0,46,5,16,0,1.002843,1.012768,1.009382,5,0,334,100,100,12,0,1,0,-36,52,0,1,80,13,65,39,0,0,2812,238,0,13,0,963,58,0,26,0,407,12,0,36,0,272,0,0,7,0,5,72,28,61,0,0,24,18,6,0,0,6,6,0,0
4,2,1,35,5,16,0,1.001914,1.001498,1.019915,5,0,334,87.448479,84.448479,12,0,1,-36,0,-68,-48,0,80,13,62,39,0,0,2812,239,0,13,0,963,100,0,26,0,407,9,0,30,0,272,0,0,9,0,5,76,36,57,0,0,18,15,7,0,0,6,6,0,0
4,2,2,42,5,16,0,1.000035,1.003835,1.011744,3,0,334,53.008914,50.008914,12,0,1,52,-68,0,48,2,80,13,64,36,0,0,2812,242,0,12,0,963,72,0,24,0,407,23,0,32,0,272,0,0,9,0,5,77,36,54,0,0,23,16,5,0,0,4,4,0,0
4,2,3,42,5,16,0,0.99919,1.00946,1.012465,6,0,334,100,100,12,0,1,0,-48,48,0,1,80,13,51,30,0,0,2812,216,0,10,0,963,60,0,20,0,407,6,0,40,0,272,0,0,4,0,5,57,16,68,0,0,23,20,9,0,0,9,9,0,0
4,3,0,46,3,19,0,1.003528,1.014194,1.006776,9,0,334,100,100,20,0,1,0,-42,54,10,1,80,7,83,42,0,0,3200,178,0,14,0,923,69,0,28,0,437,9,0,36,0,272,0,0,0,0,0,27,0,62,0,0,36,18,6,0,0,6,6,0,0
4,3,1,26,3,19,0,1.006489,1.000717,1.016809,9,0,334,25.533561,22.533561,20,0,1,-42,0,-74,-96,0,80,7,73,36,0,0,3200,192,0,12,0,923,131,0,24,0,437,0,0,14,0,272,0,0,0,0,0,54,0,38,0,0,19,7,6,0,0,5,5,0,0
4,3,2,40,3,19,0,1.000395,1.006109,1.007364,5,0,334,56.008914,53.008914,20,0,1,54,-74,0,58,2,80,7,73,36,0,0,3200,188,0,12,0,923,84,0,24,0,437,28,0,28,0,272,0,0,0,0,0,43,0,50,0,0,32,14,5,0,0,4,4,0,0
4,3,3,37,3,19,0,0.996375,1.010924,1.01515,12,0,334,52.035867,49.035867,20,0,1,10,-96,58,0,1,80,7,60,30,0,0,3200,164,0,10,0,923,70,0,20,0,437,0,0,26,0,272,0,0,0,0,0,18,0,56,0,0,26,13,10,0,0,9,9,0,0
4,4,0,40,1,21,0,1.000469,1.014333,1.003182,12,0,334,100,100,31,0,1,0,-56,98,4,1,80,7,79,27,0,0,2908,219,0,9,0,931,78,0,18,0,490,0,0,30,0,243,0,0,12,0,5,39,48,51,0,0,45,15,6,0,0,6,6,0,0
4,4,1,16,1,21,0,1.0026,0.999043,1.023259,9,0,334,3,0,31,0,1,-56,0,-100,-100,0,80,7,56,15,0,0,2908,211,0,5,0,931,141,0,10,0,490,0,0,0,0,243,0,0,0,0,5,56,0,15,0,0,14,0,5,0,0,4,4,0,0
4,4,2,37,1,21,0,0.998807,1.006546,1.007211,7,0,334,3,0,31,0,1,98,-100,0,94,2,80,7,73,33,0,0,2908,217,0,11,0,931,95,0,22,0,490,19,0,28,0,243,0,0,8,0,5,37,32,49,0,0,41,14,5,0,0,4,4,0,0
4,4,3,36,1,21,0,0.996496,1.013802,1.020271,19,0,334,55.035867,52.035867,31,0,1,4,-100,94,0,1,80,7,72,30,0,0,2908,173,0,10,0,931,80,0,20,0,490,1,0,12,0,243,0,0,7,0,5,26,28,40,0,0,23,6,9,0,0,8,8,0,0
4,5,0,36,2,8,0,1.002716,1.013522,1.002651,15,0,334,100,100,35,0,1,0,-60,100,2,1,80,31,75,24,0,0,3152,171,0,8,0,1051,68,0,16,0,496,1,0,26,0,244,0,0,6,0,68,17,24,46,0,0,52,13,6,0,0,6,6,0,0
4,5,1,14,2,8,0,1.000287,0.99881,1.028705,11,0,334,3,0,35,0,1,-60,0,-100,-100,0,80,31,52,15,0,0,3152,190,0,5,0,1051,134,0,10,0,496,0,0,0,0,244,0,0,0,0,68,45,0,11,0,0,11,0,3,0,0,2,2,0,0
4,5,2,37,2,8,0,1.00075,1.00518,1.009087,10,0,334,3,0,35,0,1,100,-100,0,96,2,80,31,62,33,0,0,3152,169,0,11,0,1051,89,0,22,0,496,7,0,26,0,244,0,0,10,0,68,30,40,47,0,0,49,13,5,0,0,4,4,0,0
4,5,3,36,2,8,0,0.99727,1.014443,1.019833,26,0,334,58.035867,55.035867,35,0,1,2,-100,96,0,1,80,31,88,30,0,0,3152,175,0,10,0,1051,69,0,20,0,496,0,0,8,0,244,0,0,9,0,68,32,36,30,0,0,21,4,6,0,0,5,5,0,0
4,6,0,34,1,7,0,1.006077,1.016778,1.001941,19,0,334,100,100,39,0,1,0,-64,100,10,1,80,18,76,21,0,0,3008,200,0,7,0,987,75,0,14,0,542,1,0,0,0,201,15,0,15,0,2,75,60,19,0,0,46,0,6,0,0,6,6,0,0
4,6,1,13,1,7,0,1.004533,1.0028,1.028449,12,0,334,3,0,39,0,1,-64,0,-100,-100,0,80,18,46,15,0,0,3008,171,0,5,0,987,144,0,10,0,542,0,0,0,0,201,0,0,0,0,2,53,0,9,0,0,9,0,2,0,0,1,1,0,0
4,6,2,35,1,7,0,1.002399,1.006171,1.006764,12,0,334,6,3,39,0,1,100,-100,0,100,2,80,18,72,30,0,0,3008,194,0,10,0,987,99,0,20,0,542,0,0,8,0,201,7,0,14,0,2,71,56,30,0,0,47,4,6,0,0,5,5,0,0
4,6,3,35,1,7,0,1.002109,1.020143,1.024821,29,0,334,45.343665,42.343665,39,0,1,10,-100,100,0,1,80,18,100,30,0,0,3008,169,0,10,0,987,79,0,20,0,542,1,0,0,0,201,5,0,15,0,2,91,60,18,0,0,17,0,4,0,0,3,3,0,0
4,7,0,34,4,12,0,1.011586,1.012202,1.004281,23,0,334,100,100,42,0,1,0,-66,100,8,1,80,17,81,21,0,0,3038,223,0,7,0,987,82,0,14,0,468,4,0,26,0,269,3,0,13,0,5,100,52,41,0,0,55,13,4,0,0,4,4,0,0
4,7,1,9,4,12,0,1.0162,1.007218,1.030169,9,0,334,3,0,42,0,1,-66,0,-100,-100,0,80,17,39,15,0,0,3038,163,0,5,0,987,154,0,10,0,468,0,0,0,0,269,0,0,0,0,5,51,0,7,0,0,8,0,1,0,0,0,0,0,0
4,7,2,33,4,12,0,0.996154,1.005822,1.005683,16,0,334,3,0,42,0,1,100,-100,0,96,2,80,17,68,24,0,0,3038,215,0,8,0,987,107,0,16,0,468,1,0,24,0,269,0,0,8,0,5,73,32,42,0,0,54,12,5,0,0,4,4,0,0
4,7,3,33,4,12,0,1.006231,1.022774,1.027002,30,0,334,48.343665,45.343665,42,0,1,8,-100,96,0,1,80,17,107,30,0,0,3038,148,0,10,0,987,89,0,20,0,468,1,0,22,0,269,0,0,6,0,5,94,24,38,0,0,25,11,3,0,0,2,2,0,0
4,8,0,33,1,6,0,1.015575,1.01383,1.009199,26,0,334,100,100,44,0,1,0,-66,100,6,1,80,23,88,24,0,0,3166,181,0,8,0,990,90,0,16,0,541,1,0,4,0,194,15,0,15,0,12,157,60,20,0,0,53,2,4,0,0,4,4,0,0
4,8,1,9,1,6,0,1.0162,1.007218,1.030169,9,0,334,3,0,44,0,1,-66,0,-100,-100,0,80,23,45,15,0,0,3166,159,0,5,0,990,164,0,10,0,541,0,0,0,0,194,0,0,0,0,12,49,0,7,0,0,7,0,1,0,0,0,0,0,0
4,8,2,31,1,6,0,0.998529,1.004899,1.008066,17,0,334,6,3,44,0,1,100,-100,0,92,2,80,23,73,21,0,0,3166,175,0,7,0,990,114,0,14,0,541,0,0,2,0,194,18,0,12,0,12,119,48,19,0,0,50,1,5,0,0,4,4,0,0
4,8,3,31,1,6,0,1.005621,1.025014,1.028931,30,0,334,51.343665,48.343665,44,0,1,6,-100,92,0,1,80,23,121,30,0,0,3166,129,0,10,0,990,99,0,20,0,541,0,0,2,0,194,8,0,13,0,12,147,52,16,0,0,24,1,2,0,0,1,1,0,0
4,9,0,30,2,13,0,1.015816,1.009249,1.009665,27,0,334,100,100,46,0,1,0,-66,100,2,1,80,22,93,24,0,0,3030,212,0,8,0,993,98,0,16,0,509,0,0,8,0,272,3,0,12,0,18,194,48,20,0,0,55,4,2,0,0,2,2,0,0
4,9,1,9,2,13,0,1.0162,1.007218,1.030169,9,0,334,3,0,46,0,1,-66,0,-100,-100,0,80,22,55,15,0,0,3030,155,0,5,0,993,174,0,10,0,509,0,0,0,0,272,0,0,0,0,18,51,0,7,0,0,6,0,1,0,0,0,0,0,0
4,9,2,30,2,13,0,1.000358,1.004256,1.011292,19,0,334,9,6,46,0,1,100,-100,0,88,2,80,22,77,21,0,0,3030,201,0,7,0,993,121,0,14,0,509,1,0,14,0,272,6,0,12,0,18,148,48,31,0,0,52,7,5,0,0,4,4,0,0
4,9,3,24,2,13,0,1.008977,1.029361,1.022082,23,0,334,54.343665,51.343665,46,0,1,2,-100,88,0,1,80,22,131,30,0,0,3030,112,0,10,0,993,109,0,20,0,509,1,0,12,0,272,1,0,7,0,18,158,28,24,0,0,29,6,1,0,0,0,0,0,0
4,10,0,31,2,4,0,1.016998,1.008409,1.011891,28,0,334,100,100,48,0,1,0,-66,100,0,1,80,19,100,21,0,0,3174,175,0,7,0,996,105,0,14,0,535,0,0,4,0,227,6,0,12,0,68,229,48,13,0,0,56,2,1,0,0,1,1,0,0
4,10,1,9,2,4,0,1.0162,1.007218,1.030169,9,0,334,3,0,48,0,1,-66,0,-100,-100,0,80,19,71,15,0,0,3174,140,0,5,0,996,184,0,10,0,535,0,0,0,0,227,0,0,0,0,68,44,0,7,0,0,5,0,1,0,0,0,0,0,0
4,10,2,29,2,4,0,0.997527,1.003116,1.009933,22,0,334,12,9,48,0,1,100,-100,0,84,2,80,19,84,21,0,0,3174,164,0,7,0,996,128,0,14,0,535,0,0,4,0,227,14,0,13,0,68,179,52,21,0,0,49,2,5,0,0,4,4,0,0
4,10,3,22,2,4,0,1.013098,1.031717,1.023186,21,0,334,57.343665,54.343665,48,0,1,0,-100,84,0,1,80,19,152,30,0,0,3174,94,0,10,0,996,119,0,20,0,535,1,0,2,0,227,3,0,7,0,68,170,28,16,0,0,28,1,2,0,0,1,1,0,0
4,11,0,30,3,5,0,1.018604,1.010237,1.010928,28,0,334,100,100,50,0,1,0,-66,100,-2,1,80,9,107,21,0,0,3038,217,0,7,0,999,112,0,14,0,478,0,0,24,0,272,0,0,6,0,27,229,24,33,0,0,67,12,1,0,0,1,1,0,0
4,11,1,9,3,5,0,1.01418,0.993004,1.022073,8,0,334,3,0,50,0,1,-66,0,-100,-100,0,80,9,88,15,0,0,3038,115,0,5,0,999,194,0,10,0,478,0,0,0,0,272,0,0,0,0,27,42,0,7,0,0,4,0,1,0,0,0,0,0,0
4,11,2,29,3,5,0,0.997527,1.003116,1.009933,26,0,334,15,12,50,0,1,100,-100,0,80,2,80,9,94,21,0,0,3038,192,0,7,0,999,132,0,14,0,478,1,0,26,0,272,1,0,13,0,27,204,52,39,0,0,59,13,3,0,0,2,2,0,0
4,11,3,21,3,5,0,1.004035,1.030111,1.039074,19,0,334,60.343665,57.343665,50,0,1,-2,-100,80,0,1,80,9,174,27,0,0,3038,71,0,9,0,999,128,0,18,0,478,1,0,12,0,272,0,0,3,0,27,174,12,23,0,0,33,6,1,0,0,0,0,0,0
4,12,0,30,4,6,0,1.016554,1.007821,1.011239,28,1,459,100,100,52,0,1,0,-66,100,-6,1,80,12,116,21,0,0,3128,180,0,7,0,999,119,0,14,0,523,0,0,2,0,236,8,0,14,0,16,274,56,28,0,0,50,1,18,0,0,1,1,0,0
4,12,1,9,4,6,0,1.018834,0.993159,1.021723,8,0,334,3,0,52,0,1,-66,0,-100,-100,0,80,12,104,15,0,0,3128,95,0,5,0,999,204,0,10,0,523,0,0,0,0,236,0,0,0,0,16,43,0,7,0,0,3,0,1,0,0,0,0,0,0
4,12,2,28,4,6,0,0.996158,1.003077,1.011696,26,0,334,18,15,52,0,1,100,-100,0,76,2,80,12,103,21,0,0,3128,220,0,7,0,999,136,0,14,0,523,1,0,12,0,236,0,0,11,0,16,237,44,23,0,0,63,6,2,0,0,1,1,0,0
4,12,3,20,4,6,0,1.006526,1.027587,1.040066,17,0,334,63.343665,60.343665,52,0,1,-6,-100,76,0,1,80,12,200,30,0,0,3128,48,0,10,0,999,138,0,20,0,523,0,0,6,0,236,0,0,3,0,16,181,12,20,0,0,34,3,2,0,0,1,1,0,0
4,13,0,27,1,8,0,1.024043,1.004893,1.009981,26,1,459,100,100,52,0,1,0,-66,100,-4,1,80,16,115,15,0,0,3104,225,0,5,0,1002,121,0,10,0,496,0,0,24,0,272,0,0,8,0,5,287,32,31,0,0,61,12,1,0,0,1,1,0,0
4,13,1,9,1,8,0,1.014707,0.997917,1.025208,8,0,334,6,3,52,0,1,-66,0,-100,-100,0,80,16,121,15,0,0,3104,81,0,5,0,1002,214,0,10,0,496,0,0,0,0,272,0,0,0,0,5,41,0,7,0,0,2,0,1,0,0,0,0,0,0
4,13,2,25,1,8,0,0.992045,1.002451,1.006991,24,0,334,21,18,52,0,1,100,-100,0,78,2,80,16,106,15,0,0,3104,187,0,5,0,1002,141,0,10,0,496,0,0,22,0,272,0,0,0,0,5,237,0,31,0,0,72,11,2,0,0,1,1,0,0
4,13,3,19,1,8,0,1.002541,1.026745,1.034488,17,0,334,66.343665,63.343665,52,0,1,-4,-100,78,0,1,80,16,227,30,0,0,3104,34,0,10,0,1002,148,0,20,0,496,1,0,2,0,272,0,0,0,0,5,180,0,16,0,0,33,1,2,0,0,1,1,0,0
4,14,0,26,2,11,0,1.023183,1.000014,1.004731,25,1,459,100,100,53,0,1,0,-66,100,-2,1,80,34,109,12,0,0,3120,193,0,4,0,1014,125,0,8,0,544,0,0,0,0,254,0,0,6,0,15,322,24,4,0,0,61,0,0,0,0,0,0,0,0
4,14,1,8,2,11,0,1.015418,0.991849,1.02074,8,0,334,3,0,53,0,1,-66,0,-100,-100,0,80,34,136,15,0,0,3120,64,0,5,0,1014,224,0,10,0,544,0,0,0,0,254,0,0,0,0,15,39,0,7,0,0,1,0,1,0,0,0,0,0,0
4,14,2,20,2,11,0,0.995052,1.001387,1.00685,19,0,334,24,21,53,0,1,100,-100,0,78,2,80,34,110,12,0,0,3120,221,0,4,0,1014,145,0,8,0,544,0,0,0,0,254,4,0,8,0,15,263,32,6,0,0,71,0,1,0,0,0,0,0,0
4,14,3,17,2,11,0,1.005307,1.03296,1.027389,16,0,334,69.343665,66.343665,53,0,1,-2,-100,78,0,1,80,34,249,30,0,0,3120,23,0,10,0,1014,158,0,20,0,544,1,0,0,0,254,0,0,0,0,15,178,0,14,0,0,31,0,2,0,0,1,1,0,0
4,15,0,25,2,6,0,1.024103,1.006248,1.003851,23,1,459,100,100,54,0,1,0,-66,100,0,1,80,30,106,12,0,0,3192,162,0,4,0,1014,129,0,8,0,531,0,0,8,0,246,4,0,12,0,17,373,48,14,0,0,64,4,1,0,0,1,1,0,0
4,15,1,8,2,6,0,1.015418,0.991849,1.02074,8,0,334,3,0,54,0,1,-66,0,-100,-100,0,80,30,152,15,0,0,3192,43,0,5,0,1014,234,0,10,0,531,0,0,0,0,246,0,0,0,0,17,37,0,7,0,0,0,0,1,0,0,0,0,0,0
4,15,2,19,2,6,0,0.989435,0.998145,1.012033,17,0,334,27,24,54,0,1,100,-100,0,78,2,80,30,114,12,0,0,3192,196,0,4,0,1014,149,0,8,0,531,1,0,4,0,246,6,0,8,0,17,302,32,10,0,0,72,2,1,0,0,0,0,0,0
4,15,3,15,2,6,0,1.009968,1.038545,1.019484,15,0,334,72.343665,69.343665,54,0,1,0,-100,78,0,1,80,30,277,27,0,0,3192,7,0,9,0,1014,167,0,18,0,531,1,0,0,0,246,0,0,0,0,17,179,0,11,0,0,30,0,1,0,0,0,0,0,0
4,16,0,22,4,5,0,1.024873,1.007908,1.011017,20,2,584,100,100,54,0,1,0,-66,100,2,1,80,42,102,12,0,0,3112,204,0,4,0,1017,133,0,8,0,509,1,0,8,0,267,0,0,8,0,60,376,32,31,0,0,50,4,18,0,0,1,1,0,0
4,16,1,9,4,5,0,1.019911,0.983001,1.019523,8,0,334,3,3,54,0,1,-66,0,-100,-100,0,80,42,166,15,0,0,3112,30,0,5,0,1017,244,0,10,0,509,1,0,0,0,267,0,0,0,0,60,32,0,5,0,0,0,0,0,0,0,0,0,0,0
4,16,2,19,4,5,0,0.990321,1.000595,1.007417,16,0,334,30,27,54,0,1,100,-100,0,80,2,80,42,115,12,0,0,3112,172,0,4,0,1017,153,0,8,0,509,0,0,14,0,267,0,0,7,0,60,315,28,20,0,0,78,7,1,0,0,0,0,0,0
4,16,3,16,4,5,0,1.011475,1.037819,1.014145,15,1,459,75.343665,72.343665,54,0,1,2,-100,80,0,1,80,42,297,24,0,0,3112,2,0,8,0,1017,178,0,16,0,509,0,0,4,0,267,0,0,0,0,60,149,0,31,0,0,14,2,18,0,0,0,0,0,0
4,17,0,21,2,4,0,1.029548,1.003694,1.008328,20,2,584,100,100,54,0,1,0,-66,100,4,1,80,30,103,12,0,0,3122,177,0,4,0,1014,137,0,8,0,544,1,0,0,0,236,3,0,12,0,29,435,48,6,0,0,49,0,1,0,0,1,1,0,0
4,17,1,8,2,4,0,1.015418,0.991849,1.02074,8,0,334,3,3,54,0,1,-66,0,-100,-100,0,80,30,180,15,0,0,3122,16,0,5,0,1014,254,0,10,0,544,1,0,0,0,236,0,0,0,0,29,37,0,5,0,0,0,0,0,0,0,0,0,0,0
4,17,2,19,2,4,0,0.998224,0.99535,1.008008,14,0,334,33,30,54,0,1,100,-100,0,82,2,80,30,129,15,0,0,3122,195,0,5,0,1014,158,0,10,0,544,0,0,0,0,236,8,0,7,0,29,329,28,7,0,0,77,0,1,0,0,0,0,0,0
4,17,3,16,2,4,0,1.011475,1.037819,1.014145,15,1,459,78.343665,75.343665,54,0,1,4,-100,82,0,1,80,30,318,24,0,0,3122,2,0,8,0,1014,189,0,16,0,544,0,0,0,0,236,1,0,5,0,29,169,20,12,0,0,12,0,2,0,0,1,1,0,0
4,18,0,19,1,5,0,1.030681,1.004012,1.01077,19,2,584,100,100,54,0,1,0,-66,100,8,1,80,24,112,12,0,0,3122,207,0,4,0,1017,141,0,8,0,536,1,0,4,0,263,0,0,6,0,25,460,24,8,0,0,51,2,0,0,0,0,0,0,0
4,18,1,7,1,5,0,1.019523,0.989262,1.028737,7,0,334,3,3,54,0,1,-66,0,-100,-100,0,80,24,195,15,0,0,3122,3,0,5,0,1017,264,0,10,0,536,1,0,0,0,263,0,0,0,0,25,32,0,5,0,0,0,0,0,0,0,0,0,0,0
4,18,2,17,1,5,0,0.997496,0.995113,1.017282,12,1,459,36,33,54,0,1,100,-100,0,84,2,80,24,133,15,0,0,3122,170,0,5,0,1017,160,0,10,0,536,0,0,4,0,263,4,0,7,0,25,310,28,30,0,0,60,2,19,0,0,1,1,0,0
4,18,3,17,1,5,0,1.011741,1.037718,1.00949,16,1,459,81.343665,78.343665,54,0,1,8,-100,84,0,1,80,24,340,24,0,0,3122,2,0,8,0,1017,200,0,16,0,536,0,0,0,0,263,0,0,1,0,25,175,4,10,0,0,11,0,1,0,0,0,0,0,0
4,19,0,16,2,9,0,1.036925,1.015818,1.01008,16,2,584,100,100,54,0,1,0,-66,100,12,1,80,30,119,12,0,0,3125,183,0,4,0,1014,145,0,8,0,525,1,0,8,0,272,0,0,0,0,27,473,0,12,0,0,55,4,0,0,0,0,0,0,0
4,19,1,7,2,9,0,1.019523,0.989262,1.028737,7,0,334,3,3,54,0,1,-66,0,-100,-100,0,80,30,194,0,0,0,3125,0,0,0,0,1014,284,0,0,0,525,1,0,0,0,272,0,0,0,0,27,33,0,0,0,0,0,0,0,0,0,0,0,0,0
4,19,2,16,2,9,0,0.993205,0.991786,1.02318,12,1,459,39,36,54,0,1,100,-100,0,86,2,80,30,140,9,0,0,3125,197,0,3,0,1014,163,0,6,0,525,0,0,10,0,272,0,0,4,0,27,312,16,17,0,0,63,5,2,0,0,1,1,0,0
4,19,3,14,2,9,0,1.006371,1.042809,1.018999,12,1,459,84.343665,81.343665,54,0,1,12,-100,86,0,1,80,30,351,18,0,0,3125,4,0,6,0,1014,206,0,12,0,525,1,0,0,0,272,0,0,0,0,27,175,0,10,0,0,9,0,2,0,0,1,1,0,0
4,20,0,13,1,4,0,1.030283,1.008302,1.004792,13,2,584,100,100,54,0,1,0,-66,100,16,1,80,33,116,6,0,0,3175,164,0,2,0,1068,141,0,4,0,523,1,0,6,0,272,0,0,0,0,19,482,0,8,0,0,58,3,0,0,0,0,0,0,0
4,20,1,7,1,4,0,1.019523,0.989262,1.028737,7,0,334,3,3,54,0,1,-66,0,-100,-100,0,80,33,196,0,0,0,3175,0,0,0,0,1068,289,0,0,0,523,1,0,0,0,272,0,0,0,0,19,33,0,0,0,0,0,0,0,0,0,0,0,0,0
4,20,2,16,1,4,0,0.996128,0.995911,1.024714,12,1,459,42,39,54,0,1,100,-100,0,88,2,80,33,149,12,0,0,3175,176,0,4,0,1068,164,0,8,0,523,1,0,8,0,272,0,0,0,0,19,313,0,16,0,0,65,4,2,0,0,1,1,0,0
4,20,3,14,1,4,0,1.006371,1.042809,1.018999,13,1,459,87.343665,84.343665,54,0,1,16,-100,88,0,1,80,33,372,18,0,0,3175,4,0,6,0,1068,200,0,12,0,523,1,0,6,0,272,0,0,0,0,19,174,0,16,0,0,10,3,2,0,0,1,1,0,0
4,21,0,13,4,2,0,1.030849,1.012831,1.002745,12,2,584,100,100,54,0,1,0,-66,100,20,2,80,27,122,6,0,0,3095,188,0,2,0,1032,143,0,4,0,538,1,0,2,0,269,0,0,1,0,44,488,4,4,0,0,59,1,0,0,0,0,0,0,0
4,21,1,7,4,2,0,1.019523,0.989262,1.028737,7,0,334,3,3,54,0,1,-66,0,-100,-100,0,80,27,198,0,0,0,3095,0,0,0,0,1032,309,0,0,0,538,1,0,0,0,269,0,0,0,0,44,33,0,0,0,0,0,0,0,0,0,0,0,0,0
4,21,2,16,4,2,0,1.00583,0.991596,1.025829,12,1,459,45,42,54,0,1,100,-100,0,90,2,80,27,159,12,0,0,3095,195,0,4,0,1032,168,0,8,0,538,1,0,2,0,269,0,0,2,0,44,314,8,10,0,0,64,1,2,0,0,1,1,0,0
4,21,3,16,4,2,0,1.008804,1.037167,1.026082,14,1,459,90.343665,87.343665,54,0,1,20,-100,90,0,2,80,27,393,18,0,0,3095,4,0,6,0,1032,206,0,12,0,538,1,0,2,0,269,0,0,0,0,44,179,0,10,0,0,10,1,1,0,0,0,0,0,0
4,22,0,13,2,3,0,1.026495,1.006032,0.996365,11,3,709,100,100,55,1,1,0,-66,98,22,2,80,33,125,6,0,0,3181,172,0,2,0,1032,145,0,4,0,538,1,0,0,0,260,0,0,5,0,22,504,20,21,0,0,41,0,18,0,0,1,1,0,0
4,22,1,7,2,3,0,1.019523,0.989262,1.028737,7,0,334,0,0,55,1,1,-66,0,-100,-100,0,80,33,199,0,0,0,3181,0,0,0,0,1032,329,0,0,0,538,0,0,0,0,260,0,0,0,0,22,23,0,0,0,0,0,0,0,0,0,0,0,0,0
4,22,2,16,2,3,0,1.00583,0.991596,1.025829,13,1,459,48,45,55,1,1,98,-100,0,90,2,80,33,165,12,0,0,3181,174,0,4,0,1032,172,0,8,0,538,1,0,4,0,260,0,0,3,0,22,338,12,12,0,0,64,2,2,0,0,1,1,0,0
4,22,3,15,2,3,0,1.007145,1.035019,1.022657,12,1,459,93.343665,90.343665,55,1,1,22,-100,90,0,2,80,33,388,0,0,0,3181,2,0,0,0,1032,224,0,0,0,538,0,0,4,0,260,0,0,4,0,22,199,16,8,0,0,10,2,2,0,0,1,1,0,0
4,23,0,15,5,2,0,1.027049,1.004412,0.98672,12,3,709,100,100,56,2,1,0,-66,98,24,2,80,35,133,9,0,0,3100,187,0,3,0,1029,148,0,6,0,517,1,0,6,0,272,0,0,0,0,50,499,0,11,0,0,43,3,1,0,0,1,1,0,0
4,23,1,7,5,2,0,1.019523,0.989262,1.028737,7,0,334,0,0,56,2,1,-66,0,-100,-100,0,80,35,198,0,0,0,3100,0,0,0,0,1029,334,0,0,0,517,0,0,0,0,272,0,0,0,0,50,9,0,0,0,0,0,0,0,0,0,0,0,0,0
4,23,2,17,5,2,0,1.003049,0.991279,1.021897,14,1,459,51,48,56,2,1,98,-100,0,90,2,80,35,175,12,0,0,3100,201,0,4,0,1029,176,0,8,0,517,0,0,10,0,272,0,0,0,0,50,331,0,18,0,0,67,5,2,0,0,1,1,0,0
4,23,3,15,5,2,0,1.003274,1.032008,1.025439,11,1,459,96.343665,93.343665,56,2,1,24,-100,90,0,2,80,35,386,0,0,0,3100,2,0,0,0,1029,242,0,0,0,517,6,0,6,0,272,0,0,0,0,50,198,0,10,0,0,11,3,2,0,0,1,1,0,0
4,24,0,14,2,3,0,1.027361,1.007178,0.979959,12,3,709,100,100,57,3,1,0,-66,96,26,2,80,37,136,9,0,0,3172,168,0,3,0,1032,151,0,6,0,523,1,0,2,0,272,0,0,0,0,19,509,0,7,0,0,43,1,1,0,0,1,1,0,0
4,24,1,8,2,3,0,1.019528,0.990314,1.008769,7,0,334,0,0,57,3,1,-66,0,-100,-100,0,80,37,198,0,0,0,3172,0,0,0,0,1032,334,0,0,0,523,0,0,0,0,272,0,0,0,0,19,3,0,0,0,0,0,0,0,0,0,0,0,0,0
4,24,2,17,2,3,0,1.003049,0.991279,1.021897,15,1,459,54,51,57,3,1,96,-100,0,90,2,80,37,184,15,0,0,3172,178,0,5,0,1032,181,0,10,0,523,1,0,8,0,272,0,0,0,0,19,339,0,17,0,0,69,4,2,0,0,1,1,0,0
4,24,3,14,2,3,0,1.007838,1.034338,1.028625,10,1,459,99.343665,96.343665,57,3,1,26,-100,90,0,2,80,37,395,12,0,0,3172,6,0,4,0,1032,246,0,8,0,523,6,0,10,0,272,0,0,0,0,19,190,0,20,0,0,13,5,3,0,0,2,2,0,0
4,25,0,14,3,3,0,1.021275,1.006554,0.983802,12,3,709,100,100,58,4,1,0,-66,96,28,2,80,28,146,9,0,0,3096,182,0,3,0,1032,154,0,6,0,531,1,0,2,0,263,0,0,0,0,41,514,0,7,0,0,43,1,1,0,0,1,1,0,0
4,25,1,9,3,3,0,1.014078,0.991564,1.005166,7,0,334,0,0,58,4,1,-66,0,-100,-100,0,80,28,198,0,0,0,3096,0,0,0,0,1032,334,0,0,0,531,2,0,0,0,263,0,0,0,0,41,0,0,0,0,0,0,0,0,0,0,0,0,0,0
4,25,2,17,3,3,0,1.000493,0.997979,1.028479,15,1,459,57,54,58,4,1,96,-100,0,90,2,80,28,196,15,0,0,3096,195,0,5,0,1032,191,0,10,0,531,0,0,4,0,263,0,0,6,0,41,356,24,13,0,0,69,2,2,0,0,1,1,0,0
4,25,3,13,3,3,0,1.017326,1.034065,1.027162,11,1,459,100,99.343665,58,4,1,28,-100,90,0,2,80,28,407,12,0,0,3096,6,0,4,0,1032,250,0,8,0,531,2,0,10,0,263,0,0,3,0,41,196,12,18,0,0,16,5,2,0,0,1,1,0,0
4,26,0,14,1,3,0,1.021275,1.006554,0.983802,13,3,709,100,100,58,4,1,0,-66,96,30,2,80,30,150,9,0,0,3167,164,0,3,0,1038,154,0,6,0,544,1,0,0,0,254,0,0,0,0,22,526,0,5,0,0,42,0,1,0,0,1,1,0,0
4,26,1,8,1,3,0,1.010229,1.003734,1.003279,6,0,334,0,0,58,4,1,-66,0,-100,-100,0,80,30,200,0,0,0,3167,9,0,0,0,1038,334,0,0,0,544,2,0,0,0,254,0,0,0,0,22,0,0,0,0,0,0,0,0,0,0,0,0,0,0
4,26,2,17,1,3,0,1.006688,1.004669,1.038024,15,1,459,60,57,58,4,1,96,-100,0,92,2,80,30,204,15,0,0,3167,172,0,5,0,1038,196,0,10,0,544,0,0,0,0,254,3,0,6,0,22,388,24,9,0,0,67,0,2,0,0,1,1,0,0
4,26,3,12,1,3,0,1.0141,1.034908,1.020255,11,1,459,100,100,58,4,1,30,-100,92,0,2,80,30,413,9,0,0,3167,7,0,3,0,1038,253,0,6,0,544,0,0,2,0,254,4,0,5,0,22,221,20,7,0,0,16,1,1,0,0,1,1,0,0
4,27,0,15,2,6,0,1.020738,1.008103,0.982153,14,3,709,100,100,58,4,1,0,-66,96,32,2,80,34,157,9,0,0,3115,178,0,3,0,1048,154,0,6,0,521,1,0,0,0,272,0,0,0,0,68,523,0,3,0,0,42,0,0,0,0,0,0,0,0
4,27,1,7,2,6,0,1.015907,1.004044,1.007127,6,0,334,0,0,58,4,1,-66,0,-100,-100,0,80,34,199,0,0,0,3115,1,0,0,0,1048,334,0,0,0,521,2,0,0,0,272,0,0,0,0,68,0,0,0,0,0,0,0,0,0,0,0,0,0,0
4,27,2,15,2,6,0,1.007343,1.00445,1.034566,13,1,459,63,60,58,4,1,96,-100,0,94,2,80,34,211,12,0,0,3115,190,0,4,0,1048,200,0,8,0,521,1,0,10,0,272,0,0,3,0,68,382,12,18,0,0,70,5,2,0,0,1,1,0,0
4,27,3,10,2,6,0,1.018692,1.02305,1.017541,10,2,584,100,100,58,4,1,32,-100,94,0,2,80,34,417,6,0,0,3115,8,0,2,0,1048,255,0,4,0,521,1,0,8,0,272,0,0,4,0,68,210,16,27,0,0,3,4,17,0,0,0,0,0,0
4,28,0,15,2,2,0,1.020738,1.008103,0.982153,14,3,709,100,100,59,5,1,0,-66,94,32,2,80,39,164,9,0,0,3152,191,0,3,0,1044,154,0,6,0,544,1,0,0,0,255,0,0,3,0,68,530,12,5,0,0,41,0,1,0,0,1,1,0,0
4,28,1,7,2,2,0,1.015907,1.004044,1.007127,6,0,334,0,0,59,5,1,-66,0,-100,-100,0,80,39,200,0,0,0,3152,0,0,0,0,1044,334,0,0,0,544,0,0,0,0,255,4,0,1,0,68,4,4,0,0,0,0,0,0,0,0,0,0,0,0
4,28,2,17,2,2,0,1.005294,1.005257,1.029668,14,2,584,66,63,59,5,1,94,-100,0,94,2,80,39,221,12,0,0,3152,170,0,4,0,1044,210,0,8,0,544,1,0,2,0,255,0,0,6,0,68,379,24,27,0,0,52,1,19,0,0,1,1,0,0
4,28,3,8,2,2,0,1.010756,1.026439,1.038691,8,2,584,100,100,59,5,1,32,-100,94,0,2,80,39,420,6,0,0,3152,8,0,2,0,1044,257,0,4,0,544,1,0,0,0,255,0,0,3,0,68,220,12,2,0,0,3,0,0,0,0,0,0,0,0
4,29,0,14,3,4,0,1.023674,1.001047,0.969873,13,3,709,100,100,60,6,1,0,-66,92,32,2,80,32,162,3,0,0,3137,174,0,1,0,1047,155,0,2,0,530,1,0,0,0,270,0,0,1,0,41,550,4,1,0,0,41,0,0,0,0,0,0,0,0
4,29,1,8,3,4,0,1.005416,1.004451,1.016342,6,0,334,0,0,60,6,1,-66,0,-100,-100,0,80,32,202,0,0,0,3137,0,0,0,0,1047,334,0,0,0,530,5,0,0,0,270,0,0,0,0,41,1,0,0,0,0,0,0,0,0,0,0,0,0,0
4,29,2,17,3,4,0,1.005294,1.005257,1.029668,15,2,584,69,66,60,6,1,92,-100,0,94,2,80,32,230,12,0,0,3137,196,0,4,0,1047,214,0,8,0,530,0,0,4,0,270,0,0,5,0,41,394,20,12,0,0,52,2,2,0,0,1,1,0,0
4,29,3,7,3,4,0,1.014246,1.027983,1.06887,6,2,584,100,100,60,6,1,32,-100,94,0,2,80,32,422,3,0,0,3137,9,0,1,0,1047,258,0,2,0,530,1,0,6,0,270,0,0,0,0,41,219,0,7,0,0,6,3,0,0,0,0,0,0,0
4,30,0,13,1,3,0,1.020647,1.004948,0.978965,13,3,709,100,100,61,7,1,0,-66,90,32,2,80,26,163,3,0,0,3160,182,0,1,0,1054,156,0,2,0,514,0,0,10,0,272,0,0,0,0,30,551,0,11,0,0,46,5,0,0,0,0,0,0,0
4,30,1,8,1,3,0,1.005416,1.004451,1.016342,6,0,334,0,0,61,7,1,-66,0,-100,-100,0,80,26,203,0,0,0,3160,0,0,0,0,1054,334,0,0,0,514,6,0,0,0,272,0,0,0,0,30,0,0,0,0,0,0,0,0,0,0,0,0,0,0
4,30,2,18,1,3,0,1.001504,1.004724,1.027495,16,2,584,72,69,61,7,1,90,-100,0,94,2,80,26,240,12,0,0,3160,174,0,4,0,1054,220,0,8,0,514,1,0,16,0,272,0,0,0,0,30,388,0,24,0,0,58,8,2,0,0,1,1,0,0
4,30,3,5,1,3,0,1.009613,1.040108,1.066153,4,2,584,100,100,61,7,1,32,-100,94,0,2,80,26,426,3,0,0,3160,11,0,1,0,1054,259,0,2,0,514,0,0,4,0,272,0,0,0,0,30,218,0,7,0,0,7,2,1,0,0,1,1,0,0
4,31,0,12,1,4,0,1.020858,1.007473,0.973224,12,3,709,100,100,62,8,1,0,-66,90,32,2,80,44,158,3,0,0,3136,167,0,1,0,1050,157,0,2,0,535,1,0,2,0,256,0,0,3,0,62,565,12,3,0,0,47,1,0,0,0,0,0,0,0
4,31,1,8,1,4,0,1.005416,1.004451,1.016342,6,0,334,0,0,62,8,1,-66,0,-100,-100,0,80,44,201,0,0,0,3136,0,0,0,0,1050,334,0,0,0,535,2,0,2,0,256,2,0,1,0,62,0,4,4,0,0,0,1,1,0,0,1,1,0,0
4,31,2,18,1,4,0,0.998982,1.001018,1.030238,16,2,584,75,72,62,8,1,90,-100,0,94,2,80,44,250,12,0,0,3136,199,0,4,0,1050,224,0,8,0,535,0,0,2,0,256,3,0,7,0,62,407,28,10,0,0,57,1,2,0,0,1,1,0,0
4,31,3,3,1,4,0,1.045816,1.030511,1.092182,3,2,584,100,100,62,8,1,32,-100,94,0,2,80,44,429,3,0,0,3136,15,0,1,0,1050,260,0,2,0,535,1,0,0,0,256,0,0,0,0,62,217,0,1,0,0,7,0,0,0,0,0,0,0,0
4,32,0,13,3,4,0,1.016987,1.009222,0.966913,11,3,709,100,100,63,9,1,0,-66,88,32,2,80,47,162,3,0,0,3176,169,0,1,0,1075,155,0,2,0,536,0,0,6,0,255,0,0,3,0,39,582,12,7,0,0,50,3,0,0,0,0,0,0,0
4,32,1,8,3,4,0,1.005416,1.004451,1.016342,7,0,334,0,0,63,9,1,-66,0,-100,-100,0,80,47,200,0,0,0,3176,0,0,0,0,1075,334,0,0,0,536,1,0,0,0,255,4,0,1,0,39,4,4,0,0,0,0,0,0,0,0,0,0,0,0
4,32,2,18,3,4,0,1.001026,0.996562,1.034346,16,2,584,78,75,63,9,1,88,-100,0,94,2,80,47,254,9,0,0,3176,177,0,3,0,1075,221,0,6,0,536,0,0,4,0,255,5,0,8,0,39,445,32,11,0,0,57,2,2,0,0,1,1,0,0
4,32,3,1,3,4,0,1.06609,1.054843,1.165306,1,2,584,100,100,63,9,1,32,-100,94,0,2,80,47,426,0,0,0,3176,14,0,0,0,1075,260,0,0,0,536,1,0,0,0,255,0,0,0,0,39,217,0,0,0,0,7,0,0,0,0,0,0,0,0
4,33,0,10,1,7,0,1.011791,1.010042,0.962681,9,3,709,100,100,63,9,1,0,-66,90,34,2,80,40,164,6,0,0,3144,161,0,2,0,1051,157,0,4,0,531,0,0,2,0,266,0,0,0,0,49,588,0,6,0,0,50,1,1,0,0,1,1,0,0
4,33,1,8,1,7,0,1.01544,0.993797,1.011516,6,0,334,0,0,63,9,1,-66,0,-100,-100,0,80,40,198,0,0,0,3144,0,0,0,0,1051,334,0,0,0,531,4,0,2,0,266,3,0,1,0,49,5,4,4,0,0,0,1,1,0,0,1,1,0,0
4,33,2,15,1,7,0,0.998684,0.994871,1.042151,14,2,584,81,78,63,9,1,90,-100,0,96,2,80,40,259,12,0,0,3144,186,0,4,0,1051,225,0,8,0,531,0,0,6,0,266,0,0,5,0,49,457,20,14,0,0,58,3,2,0,0,1,1,0,0
4,33,3,1,1,7,0,1.06609,1.054843,1.165306,1,2,584,100,100,63,9,1,34,-100,96,0,2,80,40,425,0,0,0,3144,15,0,0,0,1051,260,0,0,0,531,1,0,0,0,266,0,0,0,0,49,217,0,0,0,0,7,0,0,0,0,0,0,0,0
4,34,0,9,0,5,0,1.010771,1.015065,0.951862,9,3,709,100,100,63,9,1,0,-66,90,36,2,80,49,169,6,0,0,3184,156,0,2,0,1050,159,0,4,0,518,0,0,6,0,272,0,0,0,0,42,589,0,8,0,0,53,3,0,0,0,0,0,0,0
4,34,1,5,0,5,0,1.018337,1.011586,0.992081,4,0,334,0,0,63,9,1,-66,0,-100,-100,0,80,49,196,0,0,0,3184,0,0,0,0,1050,334,0,0,0,518,11,0,0,0,272,3,0,0,0,42,5,0,0,0,0,0,0,0,0,0,0,0,0,0
4,34,2,14,0,5,0,1.003169,0.9926,1.044878,14,2,584,84,81,63,9,1,90,-100,0,98,2,80,49,269,12,0,0,3184,166,0,4,0,1050,229,0,8,0,518,3,0,10,0,272,0,0,0,0,42,458,0,16,0,0,62,5,1,0,0,0,0,0,0
4,34,3,1,0,5,0,1.06609,1.054843,1.165306,1,2,584,100,100,63,9,1,36,-100,98,0,2,80,49,424,0,0,0,3184,16,0,0,0,1050,260,0,0,0,518,1,0,0,0,272,0,0,0,0,42,217,0,0,0,0,7,0,0,0,0,0,0,0,0
4,35,0,8,1,2,0,1.017405,1.011716,0.952046,8,3,709,100,100,63,9,1,0,-66,92,38,2,80,43,176,6,0,0,3171,152,0,2,0,1065,161,0,4,0,524,0,0,4,0,272,0,0,0,0,56,586,0,6,0,0,55,2,0,0,0,0,0,0,0
4,35,1,5,1,2,0,1.018337,1.011586,0.992081,4,0,334,0,0,63,9,1,-66,0,-100,-100,0,80,43,195,0,0,0,3171,0,0,0,0,1065,334,0,0,0,524,16,0,0,0,272,3,0,0,0,56,5,0,0,0,0,0,0,0,0,0,0,0,0,0
4,35,2,14,1,2,0,1.005941,0.997158,1.043926,13,2,584,87,84,63,9,1,92,-100,0,100,2,80,43,284,12,0,0,3171,163,0,4,0,1065,233,0,8,0,524,6,0,8,0,272,0,0,0,0,56,450,0,14,0,0,65,4,1,0,0,0,0,0,0
4,35,3,1,1,2,0,1.06609,1.054843,1.165306,1,2,584,100,100,63,9,1,38,-100,100,0,2,80,43,423,0,0,0,3171,17,0,0,0,1065,260,0,0,0,524,1,0,0,0,272,0,0,0,0,56,217,0,0,0,0,7,0,0,0,0,0,0,0,0
4,36,0,9,2,1,0,1.022521,1.01702,0.951929,8,3,709,100,100,63,9,1,0,-66,94,40,2,80,47,185,6,0,0,3171,149,0,2,0,1065,163,0,4,0,541,1,0,2,0,252,0,0,3,0,62,597,12,4,0,0,56,1,0,0,0,0,0,0,0
4,36,1,5,2,1,0,1.018337,1.011586,0.992081,4,0,334,0,0,63,9,1,-66,0,-100,-100,0,80,47,195,0,0,0,3171,0,0,0,0,1065,334,0,0,0,541,16,0,0,0,252,8,0,0,0,62,5,0,0,0,0,0,0,0,0,0,0,0,0,0
4,36,2,14,2,1,0,1.005163,0.994306,1.048271,12,2,584,90,87,63,9,1,94,-100,0,100,2,80,47,295,12,0,0,3171,160,0,4,0,1065,237,0,8,0,541,0,0,6,0,252,8,0,4,0,62,455,16,14,0,0,66,3,2,0,0,1,1,0,0
4,36,3,1,2,1,0,1.06609,1.054843,1.165306,1,2,584,100,100,63,9,1,40,-100,100,0,2,80,47,422,0,0,0,3171,18,0,0,0,1065,260,0,0,0,541,1,0,0,0,252,0,0,0,0,62,217,0,0,0,0,7,0,0,0,0,0,0,0,0
4,37,0,9,0,1,0,1.022521,1.01702,0.951929,8,3,709,100,100,63,9,1,0,-66,96,42,2,80,60,188,6,0,0,3171,145,0,2,0,1064,165,0,4,0,527,1,0,2,0,272,0,0,0,0,62,594,0,6,0,0,56,1,1,0,0,1,1,0,0
4,37,1,5,0,1,0,1.018337,1.011586,0.992081,4,0,334,0,0,63,9,1,-66,0,-100,-100,0,80,60,193,0,0,0,3171,0,0,0,0,1064,334,0,0,0,527,20,0,0,0,272,8,0,0,0,62,5,0,0,0,0,0,0,0,0,0,0,0,0,0
4,37,2,13,0,1,0,1.001253,0.996886,1.051393,12,2,584,93,90,63,9,1,96,-100,0,100,2,80,60,304,12,0,0,3171,157,0,4,0,1064,238,0,8,0,527,5,0,6,0,272,5,0,3,0,62,456,12,14,0,0,67,3,2,0,0,1,1,0,0
4,37,3,1,0,1,0,1.06609,1.054843,1.165306,1,2,584,100,100,63,9,1,42,-100,100,0,2,80,60,421,0,0,0,3171,19,0,0,0,1064,260,0,0,0,527,1,0,0,0,272,0,0,0,0,62,217,0,0,0,0,7,0,0,0,0,0,0,0,0
4,38,0,7,0,5,0,1.032086,1.01572,0.947538,7,3,709,100,100,63,9,1,0,-66,96,44,1,80,57,191,3,0,0,3171,142,0,1,0,1066,166,0,2,0,512,1,0,6,0,272,0,0,0,0,62,590,0,7,0,0,59,3,0,0,0,0,0,0,0
4,38,1,5,0,5,0,1.018337,1.011586,0.992081,4,0,334,0,0,63,9,1,-66,0,-100,-100,0,80,57,191,0,0,0,3171,0,0,0,0,1066,334,0,0,0,512,25,0,0,0,272,8,0,0,0,62,5,0,0,0,0,0,0,0,0,0,0,0,0,0
4,38,2,11,0,5,0,0.99902,0.995932,1.053766,11,2,584,96,93,63,9,1,96,-100,0,100,1,80,57,306,6,0,0,3171,157,0,2,0,1066,240,0,4,0,512,17,0,6,0,272,2,0,3,0,62,461,12,10,0,0,69,3,1,0,0,0,0,0,0
4,38,3,0,0,5,0,0,0,0,0,2,584,100,100,63,9,1,44,-100,100,0,0,80,57,420,0,0,0,3171,20,0,0,0,1066,260,0,0,0,512,1,0,0,0,272,0,0,0,0,62,217,0,0,0,0,7,0,0,0,0,0,0,0,0
4,39,0,8,1,1,0,1.037931,1.019369,0.945197,7,3,709,100,100,63,9,1,0,-66,96,46,1,80,56,195,3,0,0,3179,141,0,1,0,1072,167,0,2,0,515,1,0,6,0,272,0,0,0,0,62,586,0,7,0,0,62,3,0,0,0,0,0,0,0
4,39,1,5,1,1,0,1.018337,1.011586,0.992081,4,0,334,0,0,63,9,1,-66,0,-100,-100,0,80,56,191,0,0,0,3179,0,0,0,0,1072,334,0,0,0,515,30,0,0,0,272,8,0,0,0,62,5,0,0,0,0,0,0,0,0,0,0,0,0,0
4,39,2,10,1,1,0,0.994949,0.99864,1.052595,10,2,584,99,96,63,9,1,96,-100,0,100,1,80,56,312,6,0,0,3179,151,0,2,0,1072,239,0,4,0,515,31,0,4,0,272,0,0,2,0,62,464,8,8,0,0,70,2,1,0,0,0,0,0,0
4,39,3,0,1,1,0,0,0,0,0,2,584,100,100,63,9,1,46,-100,100,0,0,80,56,420,0,0,0,3179,22,0,0,0,1072,260,0,0,0,515,1,0,0,0,272,0,0,0,0,62,217,0,0,0,0,7,0,0,0,0,0,0,0,0
4,40,0,8,0,1,0,1.037931,1.019369,0.945197,7,3,709,100,100,63,9,1,0,-66,96,48,1,80,61,197,3,0,0,3171,147,0,1,0,1073,168,0,2,0,543,1,0,0,0,250,2,0,4,0,68,599,16,3,0,0,61,0,1,0,0,1,1,0,0
4,40,1,5,0,1,0,1.018337,1.011586,0.992081,4,0,334,0,0,63,9,1,-66,0,-100,-100,0,80,61,190,0,0,0,3171,0,0,0,0,1073,334,0,0,0,543,30,0,0,0,250,12,0,0,0,68,5,0,0,0,0,0,0,0,0,0,0,0,0,0
4,40,2,9,0,1,0,0.998993,1.000022,1.062997,9,2,584,100,99,63,9,1,96,-100,0,100,1,80,61,313,3,0,0,3171,147,0,1,0,1073,240,0,2,0,543,28,0,4,0,250,10,0,2,0,68,465,8,7,0,0,71,2,1,0,0,0,0,0,0
4,40,3,0,0,1,0,0,0,0,0,2,584,100,100,63,9,1,48,-100,100,0,0,80,61,420,0,0,0,3171,24,0,0,0,1073,260,0,0,0,543,1,0,0,0,250,0,0,0,0,68,217,0,0,0,0,7,0,0,0,0,0,0,0,0
5,1,0,50,6,7,0,0.995024,0.987064,0.995712,0,0,334,100,100,4,0,0,0,-24,14,2,0,80,10,54,36,0,0,2802,193,0,12,0,911,62,0,24,0,484,3,0,46,0,211,18,0,23,0,67,83,92,76,0,0,14,23,9,0,0,9,9,0,0
5,1,1,49,6,7,0,0.99521,0.990578,0.999263,0,0,334,100,100,4,0,0,-24,0,-32,-24,0,80,10,52,39,0,0,2802,214,0,13,0,911,84,0,26,0,484,1,0,44,0,211,24,0,22,0,67,81,88,75,0,0,13,22,9,0,0,9,9,0,0
5,1,2,49,6,7,0,0.998476,0.991187,0.998043,0,0,334,81.778783,81.778783,4,0,0,14,-32,0,12,0,80,10,58,39,0,0,2802,184,0,13,0,911,63,0,26,0,484,9,0,44,0,211,15,0,22,0,67,80,88,75,0,0,13,22,9,0,0,9,9,0,0
5,1,3,51,6,7,0,0.99299,0.988446,0.998121,0,0,334,100,100,4,0,0,2,-24,12,0,0,80,10,59,39,0,0,2802,200,0,13,0,911,63,0,26,0,484,3,0,46,0,211,14,0,23,0,67,82,92,77,0,0,14,23,9,0,0,9,9,0,0
5,2,0,49,2,27,1,0.998066,0.98561,0.998445,8,0,334,100,100,14,0,0,0,-34,30,8,1,80,9,59,39,0,0,2830,218,0,13,0,917,69,0,26,0,428,1,0,36,0,272,0,0,18,0,0,105,72,67,0,0,23,18,9,0,0,9,9,0,0
5,2,1,33,2,27,1,0.995775,0.983627,0.996375,7,0,334,55.539008,52.539008,14,0,0,-34,0,-66,-66,0,80,9,39,21,0,0,2830,248,0,7,0,917,100,0,14,0,428,1,0,10,0,272,5,0,19,0,0,134,76,37,0,0,8,5,10,0,0,9,9,0,0
5,2,2,43,2,27,1,0.999352,0.985345,1.000082,8,0,334,54.278275,51.278275,14,0,0,30,-66,0,32,2,80,9,57,33,0,0,2830,204,0,11,0,917,74,0,22,0,428,1,0,26,0,272,0,0,15,0,0,100,60,57,0,0,16,13,10,0,0,9,9,0,0
5,2,3,49,2,27,1,0.995379,0.989457,0.999158,7,0,334,76.518678,73.518678,14,0,0,8,-66,32,0,1,80,9,68,39,0,0,2830,240,0,13,0,917,76,0,26,0,428,1,0,30,0,272,0,0,14,0,0,92,56,63,0,0,19,15,10,0,0,9,9,0,0
5,3,0,47,4,16,0,0.998791,0.986416,0.999433,15,0,334,100,100,22,0,1,0,-42,56,2,1,80,5,62,39,0,0,3120,156,0,13,0,950,82,0,26,0,516,0,0,10,0,246,0,0,12,0,0,129,48,41,0,0,19,5,9,0,0,9,9,0,0
5,3,1,25,4,16,0,0.997419,0.986044,1.002815,14,0,334,16.090847,13.090847,22,0,1,-42,0,-90,-98,0,80,5,38,18,0,0,3120,209,0,6,0,950,113,0,12,0,516,1,0,4,0,246,0,0,5,0,0,143,20,22,0,0,4,2,6,0,0,5,5,0,0
5,3,2,43,4,16,0,0.998729,0.986533,0.997951,16,0,334,17.755411,14.755411,22,0,1,56,-90,0,50,2,80,5,58,30,0,0,3120,231,0,10,0,950,84,0,20,0,516,0,0,6,0,246,0,0,6,0,0,105,24,36,0,0,9,3,10,0,0,9,9,0,0
5,3,3,47,4,16,0,0.99868,0.990937,1.0043,14,0,334,79.518678,76.518678,22,0,1,2,-98,50,0,1,80,5,75,39,0,0,3120,178,0,13,0,950,89,0,26,0,516,1,0,10,0,246,0,0,8,0,0,96,32,43,0,0,14,5,10,0,0,9,9,0,0
5,4,0,43,2,21,1,0.997298,0.988248,0.999078,22,0,334,100,100,31,0,1,0,-58,68,24,2,80,7,67,36,0,0,3024,185,0,12,0,958,91,0,24,0,520,1,0,4,0,188,12,0,18,0,0,180,72,30,0,0,14,2,7,0,0,7,7,0,0
5,4,1,22,2,21,1,1.001001,0.99213,1.001393,16,0,334,3,0,31,0,1,-58,0,-100,-100,0,80,7,32,18,0,0,3024,178,0,6,0,958,126,0,12,0,520,0,0,6,0,188,4,0,11,0,0,182,44,20,0,0,3,3,4,0,0,3,3,0,0
5,4,2,39,2,21,1,0.994619,0.988765,1.000574,22,0,334,3,0,31,0,1,68,-100,0,88,2,80,7,52,30,0,0,3024,178,0,10,0,958,94,0,20,0,520,1,0,2,0,188,0,0,18,0,0,160,72,32,0,0,0,1,10,0,0,9,9,0,0
5,4,3,39,2,21,1,1.001329,0.988369,1.009047,17,0,334,39.461236,36.461236,31,0,1,24,-100,88,0,2,80,7,85,39,0,0,3024,206,0,13,0,958,102,0,26,0,520,1,0,8,0,188,6,0,15,0,0,130,60,31,0,0,13,4,5,0,0,4,4,0,0
5,5,0,42,1,9,0,0.997166,0.987197,0.998646,28,0,334,100,100,34,1,1,0,-62,80,24,2,80,5,81,36,0,0,3010,218,0,12,0,961,100,0,24,0,533,1,0,6,0,212,8,0,19,0,0,241,76,32,0,0,10,3,7,0,0,7,7,0,0
5,5,1,19,1,9,0,1.008602,0.989249,1.003955,16,0,334,3,0,34,1,1,-62,0,-100,-100,0,80,5,38,18,0,0,3010,180,0,6,0,961,139,0,12,0,533,0,0,0,0,212,8,0,9,0,0,223,36,12,0,0,0,0,3,0,0,2,2,0,0
5,5,2,37,1,9,0,0.999522,0.987065,0.997695,30,0,334,0,0,34,1,1,80,-100,0,98,2,80,5,47,30,0,0,3010,201,0,10,0,961,104,0,20,0,533,0,0,0,0,212,0,0,8,0,0,198,32,10,0,0,0,0,0,0,0,0,0,0,0
5,5,3,37,1,9,0,1.003416,0.988742,1.008322,19,0,334,42.461236,39.461236,34,1,1,24,-100,98,0,2,80,5,101,39,0,0,3010,154,0,13,0,961,115,0,26,0,533,0,0,6,0,212,7,0,14,0,0,174,56,29,0,0,11,3,5,0,0,4,4,0,0
5,6,0,41,3,9,0,0.992352,0.988539,0.997128,34,0,334,100,100,36,2,1,0,-64,86,24,2,80,13,87,33,0,0,3028,165,0,11,0,964,111,0,22,0,482,0,0,28,0,260,0,0,8,0,65,228,32,45,0,0,21,14,3,0,0,3,3,0,0
5,6,1,18,3,9,0,1.010564,0.987316,1.007743,17,0,334,0,0,36,2,1,-64,0,-100,-100,0,80,13,42,18,0,0,3028,175,0,6,0,964,152,0,12,0,482,0,0,2,0,260,0,0,8,0,65,245,32,10,0,0,0,1,1,0,0,1,1,0,0
5,6,2,35,3,9,0,1.001583,0.984121,1.000913,28,0,334,0,0,36,2,1,86,-100,0,100,2,80,13,49,27,0,0,3028,227,0,9,0,964,113,0,18,0,482,1,0,8,0,260,0,0,3,0,65,190,12,23,0,0,1,4,3,0,0,3,3,0,0
5,6,3,35,3,9,0,1.004408,0.986581,1.012108,20,0,334,45.461236,42.461236,36,2,1,24,-100,100,0,2,80,13,116,36,0,0,3028,177,0,12,0,964,127,0,24,0,482,0,0,24,0,260,0,0,7,0,65,156,28,46,0,0,18,12,5,0,0,4,4,0,0
5,7,0,38,1,8,0,0.996879,0.990208,1.004074,33,0,334,100,100,40,3,1,0,-70,86,42,2,80,12,94,30,0,0,3028,186,0,10,0,973,121,0,20,0,474,0,0,30,0,270,0,0,1,0,4,205,4,44,0,0,34,15,2,0,0,2,2,0,0
5,7,1,17,1,8,0,1.008999,0.989,1.008404,17,0,334,0,0,40,3,1,-70,0,-100,-100,0,80,12,45,18,0,0,3028,171,0,6,0,973,165,0,12,0,474,0,0,4,0,270,0,0,0,0,4,247,0,10,0,0,2,2,0,0,0,0,0,0,0
5,7,2,34,1,8,0,1.001237,0.985232,0.996146,30,0,334,3,0,40,3,1,86,-100,0,100,2,80,12,57,24,0,0,3028,184,0,8,0,973,121,0,16,0,474,1,0,12,0,270,0,0,0,0,4,184,0,26,0,0,4,6,3,0,0,2,2,0,0
5,7,3,33,1,8,0,1.002994,0.988657,1.006396,22,0,334,25.452914,22.452914,40,3,1,42,-100,100,0,2,80,12,126,30,0,0,3028,204,0,10,0,973,137,0,20,0,474,0,0,24,0,270,0,0,1,0,4,129,4,46,0,0,24,12,6,0,0,5,5,0,0
5,8,0,38,4,8,0,0.997748,0.992138,1.003809,34,0,334,100,100,44,4,1,0,-76,86,60,2,80,3,101,27,0,0,3038,211,0,9,0,982,130,0,18,0,487,0,0,24,0,261,0,0,7,0,0,213,28,37,0,0,44,12,2,0,0,2,2,0,0
5,8,1,15,4,8,0,1.007803,0.989471,1.002181,15,0,334,3,0,44,4,1,-76,0,-100,-100,0,80,3,51,18,0,0,3038,158,0,6,0,982,178,0,12,0,487,0,0,0,0,261,0,0,1,0,0,260,4,8,0,0,1,0,1,0,0,0,0,0,0
5,8,2,33,4,8,0,0.99923,0.985871,0.994511,30,0,334,6,3,44,4,1,86,-100,0,100,2,80,3,66,21,0,0,3038,223,0,7,0,982,128,0,14,0,487,1,0,12,0,261,0,0,0,0,0,176,0,23,0,0,8,6,2,0,0,1,1,0,0
5,8,3,32,4,8,0,1.000875,0.990516,1.005975,24,0,334,3,0,44,4,1,60,-100,100,0,2,80,3,125,27,0,0,3038,162,0,9,0,982,146,0,18,0,487,1,0,20,0,261,0,0,3,0,0,121,12,37,0,0,30,10,4,0,0,3,3,0,0
5,9,0,35,1,7,0,0.9999,0.995061,1.010824,33,0,334,100,100,47,5,1,0,-80,96,60,2,80,33,100,27,0,0,3136,164,0,9,0,991,139,0,18,0,486,1,0,18,0,260,0,0,5,0,66,204,20,29,0,0,52,9,1,0,0,1,1,0,0
5,9,1,13,1,7,0,1.013364,0.979351,1.004791,13,0,334,3,0,47,5,1,-80,0,-100,-100,0,80,33,58,18,0,0,3136,137,0,6,0,991,191,0,12,0,486,0,0,0,0,260,0,0,0,0,66,252,0,8,0,0,0,0,1,0,0,0,0,0,0
5,9,2,33,1,7,0,0.99923,0.985871,0.994511,31,0,334,3,0,47,5,1,96,-100,0,100,2,80,33,54,21,0,0,3136,183,0,7,0,991,135,0,14,0,486,0,0,16,0,260,0,0,0,0,66,151,0,27,0,0,14,8,2,0,0,1,1,0,0
5,9,3,31,1,7,0,1.000614,0.993201,1.005961,25,0,334,6,3,47,5,1,60,-100,100,0,2,80,33,132,24,0,0,3136,186,0,8,0,991,154,0,16,0,486,0,0,22,0,260,0,0,7,0,66,111,28,38,0,0,37,11,4,0,0,3,3,0,0
5,10,0,33,2,6,0,1.000748,1.003218,1.013284,31,0,334,100,100,48,6,1,0,-80,96,60,2,80,14,110,27,0,0,2984,184,0,9,0,991,148,0,18,0,500,1,0,18,0,242,0,0,12,0,7,238,48,29,0,0,60,9,1,0,0,1,1,0,0
5,10,1,14,2,6,0,1.016857,0.978662,1.004624,13,0,334,0,0,48,6,1,-80,0,-100,-100,0,80,14,68,18,0,0,2984,118,0,6,0,991,204,0,12,0,500,1,0,4,0,242,0,0,0,0,7,256,0,10,0,0,2,2,0,0,0,0,0,0,0
5,10,2,33,2,6,0,0.99923,0.985871,0.994511,32,0,334,6,3,48,6,1,96,-100,0,98,2,80,14,64,21,0,0,2984,223,0,7,0,991,142,0,14,0,500,1,0,2,0,242,0,0,9,0,7,191,36,13,0,0,13,1,2,0,0,1,1,0,0
5,10,3,28,2,6,0,0.998619,0.992687,1.004121,25,0,334,9,6,48,6,1,60,-100,98,0,2,80,14,140,21,0,0,2984,212,0,7,0,991,161,0,14,0,500,0,0,18,0,242,0,0,9,0,7,128,36,31,0,0,43,9,3,0,0,2,2,0,0
5,11,0,31,1,9,0,1.003608,1.00929,1.011769,29,0,334,100,100,49,7,1,0,-80,96,60,2,80,32,118,24,0,0,3136,199,0,8,0,1000,156,0,16,0,499,1,0,18,0,272,0,0,0,0,43,213,0,28,0,0,68,9,1,0,0,1,1,0,0
5,11,1,12,1,9,0,1.007581,0.975282,0.999907,11,0,334,0,0,49,7,1,-80,0,-100,-100,0,80,32,70,12,0,0,3136,100,0,4,0,1000,211,0,8,0,499,0,0,0,0,272,0,0,0,0,43,246,0,4,0,0,0,0,0,0,0,0,0,0,0
5,11,2,32,1,9,0,0.997856,0.985778,0.993815,32,0,334,9,6,49,7,1,96,-100,0,98,2,80,32,65,18,0,0,3136,184,0,6,0,1000,148,0,12,0,499,1,0,10,0,272,0,0,0,0,43,184,0,18,0,0,17,5,1,0,0,0,0,0,0
5,11,3,25,1,9,0,0.999565,0.990748,1.005111,24,0,334,12,9,49,7,1,60,-100,98,0,2,80,32,138,15,0,0,3136,179,0,5,0,1000,166,0,10,0,499,1,0,16,0,272,0,0,0,0,43,112,0,25,0,0,49,8,2,0,0,1,1,0,0
5,12,0,28,4,8,0,1.004738,1.009104,1.015505,26,0,334,100,100,50,8,1,0,-80,96,60,2,80,20,120,21,0,0,3064,161,0,7,0,1022,163,0,14,0,533,1,0,4,0,233,0,0,11,0,5,261,44,13,0,0,69,2,1,0,0,1,1,0,0
5,12,1,13,4,8,0,1.01116,0.969823,1.005623,11,0,334,0,0,50,8,1,-80,0,-100,-100,0,80,20,76,12,0,0,3064,84,0,4,0,1022,218,0,8,0,533,0,0,0,0,233,0,0,0,0,5,256,0,4,0,0,0,0,0,0,0,0,0,0,0
5,12,2,30,4,8,0,0.996875,0.988128,0.996449,30,0,334,12,9,50,8,1,96,-100,0,96,2,80,20,72,18,0,0,3064,210,0,6,0,1022,154,0,12,0,533,1,0,4,0,233,0,0,8,0,5,221,32,12,0,0,18,2,1,0,0,0,0,0,0
5,12,3,25,4,8,0,1.001024,0.981435,1.008553,23,0,334,15,12,50,8,1,60,-100,96,0,2,80,20,146,12,0,0,3064,206,0,4,0,1022,170,0,8,0,533,0,0,4,0,233,3,0,11,0,5,158,44,10,0,0,50,2,1,0,0,0,0,0,0
5,13,0,24,4,18,0,1.011238,1.013521,1.014075,22,0,334,100,100,51,9,1,0,-80,96,60,2,80,20,129,18,0,0,3152,167,0,6,0,1019,169,0,12,0,510,1,0,12,0,260,1,0,8,0,5,282,32,20,0,0,74,6,1,0,0,1,1,0,0
5,13,1,12,4,18,0,1.007581,0.975282,0.999907,11,0,334,0,0,51,9,1,-80,0,-100,-100,0,80,20,81,12,0,0,3152,67,0,4,0,1019,225,0,8,0,510,1,0,0,0,260,0,0,0,0,5,266,0,4,0,0,0,0,0,0,0,0,0,0,0
5,13,2,21,4,18,0,1.011281,0.991274,1.009139,20,0,334,15,12,51,9,1,96,-100,0,94,2,80,20,75,18,0,0,3152,174,0,6,0,1019,160,0,12,0,510,0,0,10,0,260,0,0,3,0,5,223,12,18,0,0,22,5,1,0,0,0,0,0,0
5,13,3,25,4,18,0,1.009507,0.978631,1.005549,21,0,334,18,15,51,9,1,60,-100,94,0,2,80,20,143,12,0,0,3152,177,0,4,0,1019,174,0,8,0,510,0,0,12,0,260,0,0,3,0,5,167,12,20,0,0,54,6,2,0,0,1,1,0,0
5,14,0,21,0,9,0,1.022019,1.018202,1.012702,20,0,334,100,100,52,10,1,0,-80,96,60,2,80,24,139,18,0,0,3064,177,0,6,0,1025,175,0,12,0,523,3,0,16,0,239,0,0,2,0,68,266,8,24,0,0,81,8,1,0,0,1,1,0,0
5,14,1,10,0,9,0,0.998938,0.978578,0.990989,10,0,334,0,0,52,10,1,-80,0,-100,-100,0,80,24,85,12,0,0,3064,51,0,4,0,1025,232,0,8,0,523,0,0,0,0,239,0,0,0,0,68,260,0,4,0,0,0,0,0,0,0,0,0,0,0
5,14,2,21,0,9,0,1.011281,0.991274,1.009139,20,0,334,18,15,52,10,1,96,-100,0,92,2,80,24,90,18,0,0,3064,179,0,6,0,1025,166,0,12,0,523,0,0,0,0,239,2,0,10,0,68,253,40,10,0,0,20,0,2,0,0,1,1,0,0
5,14,3,21,0,9,0,1.008417,0.98143,1.005276,19,0,334,21,18,52,10,1,60,-100,92,0,2,80,24,142,9,0,0,3064,213,0,3,0,1025,177,0,6,0,523,0,0,0,0,239,5,0,12,0,68,208,48,7,0,0,52,0,2,0,0,1,1,0,0
5,15,0,21,5,6,0,1.028723,1.012449,1.012825,19,0,334,100,100,53,11,1,0,-80,96,60,2,80,17,149,15,0,0,3128,191,0,5,0,1031,180,0,10,0,499,7,0,14,0,272,0,0,0,0,16,253,0,19,0,0,88,7,0,0,0,0,0,0,0
5,15,1,10,5,6,0,0.998938,0.978578,0.990989,10,0,334,0,0,53,11,1,-80,0,-100,-100,0,80,17,91,12,0,0,3128,37,0,4,0,1031,239,0,8,0,499,0,0,0,0,272,0,0,0,0,16,270,0,4,0,0,0,0,0,0,0,0,0,0,0
5,15,2,22,5,6,0,1.021437,0.995505,1.013491,20,0,334,21,18,53,11,1,96,-100,0,90,2,80,17,107,18,0,0,3128,176,0,6,0,1031,172,0,12,0,499,0,0,12,0,272,0,0,2,0,16,253,8,20,0,0,25,6,1,0,0,0,0,0,0
5,15,3,19,5,6,0,1.012043,0.979625,1.008182,17,0,334,24,21,53,11,1,60,-100,90,0,2,80,17,141,9,0,0,3128,189,0,3,0,1031,180,0,6,0,499,0,0,12,0,272,0,0,5,0,16,226,20,19,0,0,56,6,2,0,0,1,1,0,0
5,16,0,21,2,4,0,1.028386,1.01311,1.008881,18,0,334,100,100,54,12,1,0,-80,94,60,2,80,35,152,12,0,0,3168,166,0,4,0,1031,184,0,8,0,530,1,0,12,0,253,0,0,7,0,6,281,28,18,0,0,93,6,1,0,0,1,1,0,0
5,16,1,10,2,4,0,1.000647,0.992488,0.999806,9,0,334,0,0,54,12,1,-80,0,-100,-100,0,80,35,93,9,0,0,3168,24,0,3,0,1031,243,0,6,0,530,0,0,0,0,253,0,0,0,0,6,281,0,3,0,0,0,0,0,0,0,0,0,0,0
5,16,2,22,2,4,0,1.021437,0.995505,1.013491,20,0,334,24,21,54,12,1,94,-100,0,88,2,80,35,124,21,0,0,3168,179,0,7,0,1031,179,0,14,0,530,1,0,4,0,253,0,0,4,0,6,265,16,15,0,0,25,2,2,0,0,1,1,0,0
5,16,3,17,2,4,0,1.017357,0.980253,1.005995,16,0,334,27,24,54,12,1,60,-100,88,0,2,80,35,141,9,0,0,3168,167,0,3,0,1031,183,0,6,0,530,1,0,2,0,253,0,0,8,0,6,265,32,9,0,0,55,1,2,0,0,1,1,0,0
5,17,0,19,0,11,0,1.031023,1.013361,1.005513,17,1,459,100,100,55,13,1,0,-80,94,60,2,80,23,155,12,0,0,3072,197,0,4,0,1036,188,0,8,0,542,0,0,2,0,247,0,0,7,0,18,293,28,25,0,0,76,1,18,0,0,1,1,0,0
5,17,1,9,0,11,0,0.996114,0.984579,0.990145,9,0,334,0,0,55,13,1,-80,0,-100,-100,0,80,23,101,9,0,0,3072,11,0,3,0,1036,247,0,6,0,542,0,0,0,0,247,0,0,0,0,18,284,0,3,0,0,0,0,0,0,0,0,0,0,0
5,17,2,18,0,11,0,1.018359,0.995357,1.007097,18,1,459,27,24,55,13,1,94,-100,0,86,2,80,23,128,12,0,0,3072,185,0,4,0,1036,183,0,8,0,542,1,0,0,0,247,4,0,9,0,18,290,36,23,0,0,7,0,18,0,0,0,0,0,0
5,17,3,13,0,11,0,1.019687,0.973504,1.002448,13,1,459,30,27,55,13,1,60,-100,86,0,2,80,23,143,6,0,0,3072,188,0,2,0,1036,185,0,4,0,542,0,0,2,0,247,0,0,5,0,18,271,20,23,0,0,38,1,18,0,0,0,0,0,0
5,18,0,19,2,5,0,1.037359,1.006262,1.003147,16,1,459,100,100,56,14,1,0,-80,92,58,2,80,35,159,12,0,0,3200,174,0,4,0,1051,192,0,8,0,517,1,0,8,0,272,0,0,0,0,11,296,0,14,0,0,79,4,1,0,0,1,1,0,0
5,18,1,9,2,5,0,0.996114,0.984579,0.990145,9,0,334,0,0,56,14,1,-80,0,-100,-100,0,80,35,105,6,0,0,3200,0,0,2,0,1051,253,0,4,0,517,0,0,0,0,272,0,0,0,0,11,287,0,2,0,0,0,0,0,0,0,0,0,0,0
5,18,2,17,2,5,0,1.019096,0.998658,1.012315,17,1,459,30,27,56,14,1,92,-100,0,84,2,80,35,128,9,0,0,3200,164,0,3,0,1051,186,0,6,0,517,1,0,12,0,272,0,0,4,0,11,304,16,17,0,0,12,6,1,0,0,0,0,0,0
5,18,3,11,2,5,0,1.030242,0.980057,1.012727,11,1,459,33,30,56,14,1,58,-100,84,0,2,80,35,137,3,0,0,3200,174,0,1,0,1051,186,0,2,0,517,0,0,6,0,272,0,0,0,0,11,279,0,9,0,0,40,3,1,0,0,0,0,0,0
5,19,0,19,4,4,0,1.046054,1.014835,0.999182,15,1,459,100,100,57,15,1,0,-80,92,56,2,80,27,168,12,0,0,3087,199,0,4,0,1054,196,0,8,0,509,0,0,12,0,272,0,0,0,0,27,287,0,18,0,0,84,6,1,0,0,1,1,0,0
5,19,1,9,4,4,0,0.996114,0.984579,0.990145,9,0,334,0,0,57,15,1,-80,0,-100,-100,0,80,27,103,0,0,0,3087,0,0,0,0,1054,263,0,0,0,509,0,0,0,0,272,0,0,0,0,27,293,0,0,0,0,0,0,0,0,0,0,0,0,0
5,19,2,18,4,4,0,1.017612,0.996488,1.008917,17,1,459,33,30,57,15,1,92,-100,0,82,2,80,27,135,9,0,0,3087,176,0,3,0,1054,189,0,6,0,509,0,0,16,0,272,0,0,0,0,27,295,0,21,0,0,19,8,1,0,0,0,0,0,0
5,19,3,10,4,4,0,1.031967,0.992623,1.022835,9,1,459,36,33,57,15,1,56,-100,82,0,2,80,27,140,3,0,0,3087,186,0,1,0,1054,187,0,2,0,509,1,0,8,0,272,0,0,0,0,27,274,0,11,0,0,43,4,1,0,0,0,0,0,0
5,20,0,16,2,9,0,1.045707,1.012118,1.003659,13,1,459,100,100,58,16,1,0,-80,92,56,2,80,22,168,6,0,0,3159,178,0,2,0,1054,198,0,4,0,508,0,0,12,0,272,0,0,0,0,0,298,0,18,0,0,88,6,2,0,0,2,2,0,0
5,20,1,9,2,9,0,0.996114,0.984579,0.990145,9,0,334,0,0,58,16,1,-80,0,-100,-100,0,80,22,102,0,0,0,3159,0,0,0,0,1054,273,0,0,0,508,0,0,0,0,272,0,0,0,0,0,299,0,0,0,0,0,0,0,0,0,0,0,0,0
5,20,2,17,2,9,0,1.015791,1.010088,1.002951,15,1,459,36,33,58,16,1,92,-100,0,80,2,80,22,144,12,0,0,3159,186,0,4,0,1054,193,0,8,0,508,1,0,8,0,272,0,0,0,0,0,291,0,16,0,0,21,4,2,0,0,1,1,0,0
5,20,3,7,2,9,0,1.034225,0.992225,1.016027,5,1,459,39,36,58,16,1,56,-100,80,0,2,80,22,141,3,0,0,3159,175,0,1,0,1054,188,0,2,0,508,0,0,4,0,272,0,0,0,0,0,278,0,9,0,0,43,2,2,0,0,1,1,0,0
5,21,0,17,4,4,0,1.058095,1.022532,1.012022,13,1,459,100,100,59,17,1,0,-80,92,54,2,80,30,175,6,0,0,3143,208,0,2,0,1054,200,0,4,0,538,1,0,2,0,269,0,0,2,0,8,309,8,6,0,0,88,1,1,0,0,1,1,0,0
5,21,1,9,4,4,0,0.996114,0.984579,0.990145,9,0,334,0,0,59,17,1,-80,0,-100,-100,0,80,30,105,0,0,0,3143,0,0,0,0,1054,283,0,0,0,538,0,0,0,0,269,0,0,0,0,8,305,0,0,0,0,0,0,0,0,0,0,0,0,0
5,21,2,18,4,4,0,1.013981,1.007849,1.006113,16,1,459,39,36,59,17,1,92,-100,0,78,2,80,30,155,15,0,0,3143,164,0,5,0,1054,198,0,10,0,538,0,0,4,0,269,0,0,1,0,8,302,4,13,0,0,21,2,2,0,0,1,1,0,0
5,21,3,5,4,4,0,1.05194,1.008774,1.000848,4,1,459,42,39,59,17,1,54,-100,78,0,2,80,30,145,3,0,0,3143,167,0,1,0,1054,189,0,2,0,538,0,0,0,0,269,0,0,0,0,8,290,0,5,0,0,41,0,2,0,0,1,1,0,0
5,22,0,15,2,4,0,1.060304,1.024688,1.012538,12,1,459,100,100,60,18,1,0,-80,90,52,2,80,41,171,6,0,0,3143,189,0,2,0,1077,196,0,4,0,533,0,0,6,0,268,0,0,2,0,25,322,8,12,0,0,89,3,2,0,0,2,2,0,0
5,22,1,10,2,4,0,0.998783,0.985479,0.993952,9,0,334,0,0,60,18,1,-80,0,-100,-100,0,80,41,101,0,0,0,3143,0,0,0,0,1077,288,0,0,0,533,0,0,0,0,268,0,0,0,0,25,313,0,0,0,0,0,0,0,0,0,0,0,0,0
5,22,2,18,2,4,0,1.013981,1.007849,1.006113,17,1,459,42,39,60,18,1,90,-100,0,76,2,80,41,166,18,0,0,3143,172,0,6,0,1077,192,0,12,0,533,0,0,6,0,268,0,0,2,0,25,306,8,16,0,0,22,3,2,0,0,1,1,0,0
5,22,3,4,2,4,0,1.018102,1.006847,0.998426,3,1,459,45,42,60,18,1,52,-100,76,0,2,80,41,147,3,0,0,3143,177,0,1,0,1077,187,0,2,0,533,0,0,0,0,268,0,0,0,0,25,287,0,3,0,0,40,0,1,0,0,0,0,0,0
5,23,0,13,2,4,0,1.059236,1.027037,1.007963,12,1,459,100,100,61,19,1,0,-80,90,50,2,80,47,170,6,0,0,3148,172,0,2,0,1054,198,0,4,0,538,1,0,2,0,272,0,0,0,0,60,319,0,6,0,0,89,1,1,0,0,1,1,0,0
5,23,1,10,2,4,0,0.998783,0.985479,0.993952,9,0,334,0,0,61,19,1,-80,0,-100,-100,0,80,47,107,9,0,0,3148,7,0,3,0,1054,292,0,6,0,538,0,0,0,0,272,0,0,0,0,60,308,0,3,0,0,0,0,0,0,0,0,0,0,0
5,23,2,20,2,4,0,1.016622,1.00756,1.006672,18,1,459,45,42,61,19,1,90,-100,0,74,2,80,47,180,18,0,0,3148,180,0,6,0,1054,198,0,12,0,538,1,0,2,0,272,0,0,0,0,60,299,0,10,0,0,22,1,1,0,0,0,0,0,0
5,23,3,2,2,4,0,1.045709,1.016939,0.973587,1,1,459,48,45,61,19,1,50,-100,74,0,2,80,47,143,0,0,0,3148,173,0,0,0,1054,187,0,0,0,538,0,0,0,0,272,0,0,0,0,60,284,0,4,0,0,38,0,2,0,0,1,1,0,0
5,24,0,11,1,5,0,1.063372,1.028948,1.005254,11,1,459,100,100,62,20,1,0,-80,90,48,1,80,44,173,3,0,0,3099,214,0,1,0,1057,199,0,2,0,540,1,0,0,0,262,0,0,3,0,31,336,12,1,0,0,89,0,0,0,0,0,0,0,0
5,24,1,10,1,5,0,0.998783,0.985479,0.993952,9,0,334,0,0,62,20,1,-80,0,-100,-100,0,80,44,113,9,0,0,3099,7,0,3,0,1057,296,0,6,0,540,0,0,0,0,262,0,0,1,0,31,322,4,3,0,0,0,0,0,0,0,0,0,0,0
5,24,2,20,1,5,0,1.018066,1.010735,1.00636,17,1,459,48,45,62,20,1,90,-100,0,72,1,80,44,185,15,0,0,3099,187,0,5,0,1057,203,0,10,0,540,1,0,4,0,262,0,0,6,0,31,325,24,13,0,0,22,2,2,0,0,1,1,0,0
5,24,3,0,1,5,0,0,0,0,0,1,459,48,48,62,20,1,48,-100,72,0,0,80,44,141,0,0,0,3099,171,0,0,0,1057,187,0,0,0,540,0,0,0,0,262,0,0,0,0,31,284,0,0,0,0,38,0,0,0,0,0,0,0,0
5,25,0,6,0,6,0,1.077114,1.078649,1.023113,6,1,459,100,100,62,20,1,0,-80,92,48,1,80,53,163,0,0,0,3187,203,0,0,0,1063,199,0,0,0,529,0,0,4,0,272,0,0,0,0,17,340,0,4,0,0,91,2,0,0,0,0,0,0,0
5,25,1,10,0,6,0,0.998783,0.985479,0.993952,9,0,334,0,0,62,20,1,-80,0,-100,-100,0,80,53,121,9,0,0,3187,7,0,3,0,1063,300,0,6,0,529,0,0,0,0,272,0,0,0,0,17,331,0,3,0,0,0,0,0,0,0,0,0,0,0
5,25,2,19,0,6,0,1.019929,1.012388,1.006658,17,1,459,51,48,62,20,1,92,-100,0,72,1,80,53,195,15,0,0,3187,162,0,5,0,1063,208,0,10,0,529,1,0,12,0,272,0,0,0,0,17,321,0,21,0,0,26,6,2,0,0,1,1,0,0
5,25,3,0,0,6,0,0,0,0,0,1,459,48,48,62,20,1,48,-100,72,0,0,80,53,141,0,0,0,3187,171,0,0,0,1063,187,0,0,0,529,0,0,0,0,272,0,0,0,0,17,284,0,0,0,0,38,0,0,0,0,0,0,0,0
5,26,0,4,2,4,0,1.082931,1.089454,1.030371,4,1,459,100,100,62,20,1,0,-80,94,48,1,80,38,159,0,0,0,3155,197,0,0,0,1066,199,0,0,0,526,0,0,0,0,272,0,0,0,0,22,357,0,0,0,0,91,0,0,0,0,0,0,0,0
5,26,1,11,2,4,0,0.993536,0.992381,1.000884,9,0,334,0,0,62,20,1,-80,0,-100,-100,0,80,38,132,9,0,0,3155,7,0,3,0,1066,304,0,6,0,526,0,0,0,0,272,0,0,0,0,22,331,0,3,0,0,0,0,0,0,0,0,0,0,0
5,26,2,18,2,4,0,1.015436,1.010942,1.008074,16,1,459,54,51,62,20,1,94,-100,0,72,1,80,38,209,15,0,0,3155,170,0,5,0,1066,210,0,10,0,526,1,0,12,0,272,0,0,0,0,22,312,0,21,0,0,30,6,2,0,0,1,1,0,0
5,26,3,0,2,4,0,0,0,0,0,1,459,48,48,62,20,1,48,-100,72,0,0,80,38,141,0,0,0,3155,171,0,0,0,1066,187,0,0,0,526,0,0,0,0,272,0,0,0,0,22,284,0,0,0,0,38,0,0,0,0,0,0,0,0
5,27,0,3,1,3,0,1.07195,1.091945,1.0307,3,1,459,100,100,62,20,1,0,-80,94,48,1,80,54,157,0,0,0,3146,193,0,0,0,1061,199,0,0,0,538,0,0,0,0,269,0,0,0,0,23,373,0,0,0,0,91,0,0,0,0,0,0,0,0
5,27,1,11,1,3,0,0.993536,0.992381,1.000884,9,0,334,0,0,62,20,1,-80,0,-100,-100,0,80,54,141,12,0,0,3146,6,0,4,0,1061,311,0,8,0,538,0,0,0,0,269,0,0,0,0,23,330,0,4,0,0,0,0,0,0,0,0,0,0,0
5,27,2,17,1,3,0,1.012501,1.009254,1.012694,15,1,459,57,54,62,20,1,94,-100,0,72,1,80,54,219,12,0,0,3146,188,0,4,0,1061,214,0,8,0,538,1,0,6,0,269,0,0,3,0,23,322,12,14,0,0,31,3,2,0,0,1,1,0,0
5,27,3,0,1,3,0,0,0,0,0,1,459,48,48,62,20,1,48,-100,72,0,0,80,54,141,0,0,0,3146,171,0,0,0,1061,187,0,0,0,538,0,0,0,0,269,0,0,0,0,23,284,0,0,0,0,38,0,0,0,0,0,0,0,0
5,28,0,1,0,5,0,1.070699,1.076708,1.012271,1,1,459,100,100,62,20,1,0,-80,94,48,1,80,58,156,0,0,0,3185,190,0,0,0,1061,199,0,0,0,538,0,0,0,0,269,0,0,0,0,26,381,0,0,0,0,91,0,0,0,0,0,0,0,0
5,28,1,11,0,5,0,0.993536,0.992381,1.000884,9,0,334,0,0,62,20,1,-80,0,-100,-100,0,80,58,151,12,0,0,3185,6,0,4,0,1061,318,0,8,0,538,0,0,0,0,269,0,0,0,0,26,330,0,4,0,0,0,0,0,0,0,0,0,0,0
5,28,2,14,0,5,0,1.014025,1.002362,1.016868,13,1,459,60,57,62,20,1,94,-100,0,72,1,80,58,223,12,0,0,3185,167,0,4,0,1061,218,0,8,0,538,1,0,6,0,269,0,0,0,0,26,325,0,14,0,0,32,3,2,0,0,1,1,0,0
5,28,3,0,0,5,0,0,0,0,0,1,459,48,48,62,20,1,48,-100,72,0,0,80,58,141,0,0,0,3185,171,0,0,0,1061,187,0,0,0,538,0,0,0,0,269,0,0,0,0,26,284,0,0,0,0,38,0,0,0,0,0,0,0,0
5,29,0,0,0,3,0,0,0,0,0,1,459,100,100,62,20,1,0,-80,94,48,0,80,54,155,0,0,0,3145,189,0,0,0,1064,199,0,0,0,539,0,0,0,0,272,0,0,0,0,45,381,0,0,0,0,91,0,0,0,0,0,0,0,0
5,29,1,11,0,3,0,0.993536,0.992381,1.000884,9,0,334,0,0,62,20,1,-80,0,-100,-100,0,80,54,162,12,0,0,3145,6,0,4,0,1064,325,0,8,0,539,0,0,0,0,272,0,0,0,0,45,330,0,4,0,0,0,0,0,0,0,0,0,0,0
5,29,2,12,0,3,0,1.017902,0.995508,1.012695,12,1,459,63,60,62,20,1,94,-100,0,72,0,80,54,234,9,0,0,3145,190,0,3,0,1064,221,0,6,0,539,0,0,6,0,272,0,0,0,0,45,320,0,11,0,0,34,3,1,0,0,0,0,0,0
5,29,3,0,0,3,0,0,0,0,0,1,459,48,48,62,20,1,48,-100,72,0,0,80,54,141,0,0,0,3145,171,0,0,0,1064,187,0,0,0,539,0,0,0,0,272,0,0,0,0,45,284,0,0,0,0,38,0,0,0,0,0,0,0,0
5,30,0,0,0,0,0,0,0,0,0,1,459,100,100,63,20,0,0,-80,92,48,0,80,69,155,0,0,0,3185,189,0,0,0,1088,199,0,0,0,544,0,0,0,0,269,0,0,0,0,59,381,0,0,0,0,91,0,0,0,0,0,0,0,0
5,30,1,11,0,0,0,0.993536,0.992381,1.000884,9,0,334,0,0,63,20,0,-80,0,-100,-100,0,80,69,169,12,0,0,3185,6,0,4,0,1088,317,0,8,0,544,0,0,0,0,269,0,0,0,0,59,323,0,4,0,0,0,0,0,0,0,0,0,0,0
5,30,2,12,0,0,0,1.017902,0.995508,1.012695,12,1,459,66,63,63,20,0,92,-100,0,70,0,80,69,236,9,0,0,3185,175,0,3,0,1088,215,0,6,0,544,0,0,0,0,269,0,0,3,0,59,339,12,5,0,0,33,0,1,0,0,0,0,0,0
5,30,3,0,0,0,0,0,0,0,0,1,459,48,48,63,20,0,48,-100,70,0,0,80,69,141,0,0,0,3185,171,0,0,0,1088,187,0,0,0,544,0,0,0,0,269,0,0,0,0,59,284,0,0,0,0,38,0,0,0,0,0,0,0,0
5,31,0,0,1,0,0,0,0,0,0,1,459,100,100,64,20,0,0,-80,90,48,0,80,49,155,0,0,0,3153,189,0,0,0,1064,199,0,0,0,541,0,0,0,0,272,0,0,0,0,48,381,0,0,0,0,91,0,0,0,0,0,0,0,0
5,31,1,12,1,0,0,0.999847,0.996281,1.003684,9,0,334,0,0,64,20,0,-80,0,-100,-100,0,80,49,181,12,0,0,3153,6,0,4,0,1064,324,0,8,0,541,0,0,0,0,272,0,0,0,0,48,325,0,4,0,0,0,0,0,0,0,0,0,0,0
5,31,2,12,1,0,0,1.017902,0.995508,1.012695,12,1,459,69,66,64,20,0,90,-100,0,68,0,80,49,245,9,0,0,3153,192,0,3,0,1064,218,0,6,0,541,1,0,2,0,272,0,0,0,0,48,346,0,7,0,0,33,1,1,0,0,0,0,0,0
5,31,3,0,1,0,0,0,0,0,0,1,459,48,48,64,20,0,48,-100,68,0,0,80,49,141,0,0,0,3153,171,0,0,0,1064,187,0,0,0,541,0,0,0,0,272,0,0,0,0,48,284,0,0,0,0,38,0,0,0,0,0,0,0,0
5,32,0,0,2,2,0,0,0,0,0,1,459,100,100,65,20,0,0,-80,88,48,0,80,57,155,0,0,0,3184,189,0,0,0,1064,199,0,0,0,544,0,0,0,0,266,0,0,0,0,34,381,0,0,0,0,91,0,0,0,0,0,0,0,0
5,32,1,14,2,2,0,1.004761,1.001259,1.009684,9,0,334,0,0,65,20,0,-80,0,-100,-100,0,80,57,190,12,0,0,3184,6,0,4,0,1064,326,0,8,0,544,0,0,0,0,266,0,0,1,0,34,330,4,4,0,0,0,0,0,0,0,0,0,0,0
5,32,2,10,2,2,0,1.006498,0.990629,1.004226,10,1,459,72,69,65,20,0,88,-100,0,66,0,80,57,255,9,0,0,3184,177,0,3,0,1064,221,0,6,0,544,1,0,0,0,266,0,0,5,0,34,378,20,5,0,0,32,0,1,0,0,0,0,0,0
5,32,3,0,2,2,0,0,0,0,0,1,459,48,48,65,20,0,48,-100,66,0,0,80,57,141,0,0,0,3184,171,0,0,0,1064,187,0,0,0,544,0,0,0,0,266,0,0,0,0,34,284,0,0,0,0,38,0,0,0,0,0,0,0,0
5,33,0,0,1,0,0,0,0,0,0,1,459,100,100,67,20,0,0,-80,84,48,0,80,58,155,0,0,0,3172,189,0,0,0,1064,199,0,0,0,541,0,0,0,0,269,0,0,0,0,34,381,0,0,0,0,91,0,0,0,0,0,0,0,0
5,33,1,15,1,0,0,1.002317,1.005732,1.009186,9,0,334,0,0,67,20,0,-80,0,-100,-100,0,80,58,198,12,0,0,3172,16,0,4,0,1064,326,0,8,0,541,1,0,0,0,269,0,0,0,0,34,330,0,4,0,0,0,0,0,0,0,0,0,0,0
5,33,2,10,1,0,0,1.006498,0.990629,1.004226,10,2,584,75,72,67,20,0,84,-100,0,62,0,80,58,266,9,0,0,3172,164,0,3,0,1064,224,0,6,0,541,1,0,2,0,269,0,0,3,0,34,392,12,24,0,0,15,1,18,0,0,0,0,0,0
5,33,3,0,1,0,0,0,0,0,0,1,459,48,48,67,20,0,48,-100,62,0,0,80,58,141,0,0,0,3172,171,0,0,0,1064,187,0,0,0,541,0,0,0,0,269,0,0,0,0,34,284,0,0,0,0,38,0,0,0,0,0,0,0,0
5,34,0,0,1,5,1,0,0,0,0,1,459,100,100,69,20,0,0,-80,78,48,0,80,56,155,0,0,0,3164,189,0,0,0,1085,199,0,0,0,544,0,0,0,0,272,0,0,0,0,45,381,0,0,0,0,91,0,0,0,0,0,0,0,0
5,34,1,11,1,5,1,1.000468,1.009094,1.030934,6,0,334,0,0,69,20,0,-80,0,-100,-100,0,80,56,204,12,0,0,3164,17,0,4,0,1085,318,0,8,0,544,0,0,0,0,272,0,0,0,0,45,325,0,4,0,0,0,0,0,0,0,0,0,0,0
5,34,2,10,1,5,1,1.006498,0.990629,1.004226,10,2,584,78,75,69,20,0,78,-100,0,56,0,80,56,276,9,0,0,3164,167,0,3,0,1085,221,0,6,0,544,0,0,2,0,272,0,0,0,0,45,401,0,7,0,0,15,1,1,0,0,0,0,0,0
5,34,3,0,1,5,1,0,0,0,0,1,459,48,48,69,20,0,48,-100,56,0,0,80,56,141,0,0,0,3164,171,0,0,0,1085,187,0,0,0,544,0,0,0,0,272,0,0,0,0,45,284,0,0,0,0,38,0,0,0,0,0,0,0,0
5,35,0,0,1,3,0,0,0,0,0,1,459,100,100,71,20,0,0,-80,74,48,0,80,58,155,0,0,0,3184,189,0,0,0,1064,199,0,0,0,542,0,0,0,0,272,0,0,0,0,45,381,0,0,0,0,91,0,0,0,0,0,0,0,0
5,35,1,10,1,3,0,0.996948,0.994272,1.035078,6,0,334,0,0,71,20,0,-80,0,-100,-100,0,80,58,215,12,0,0,3184,2,0,4,0,1064,325,0,8,0,542,0,0,0,0,272,0,0,0,0,45,327,0,4,0,0,0,0,0,0,0,0,0,0,0
5,35,2,9,1,3,0,1.008705,0.990266,0.99665,9,2,584,81,78,71,20,0,74,-100,0,52,0,80,58,286,9,0,0,3184,162,0,3,0,1064,224,0,6,0,542,0,0,2,0,272,0,0,0,0,45,411,0,7,0,0,15,1,1,0,0,0,0,0,0
5,35,3,0,1,3,0,0,0,0,0,1,459,48,48,71,20,0,48,-100,52,0,0,80,58,141,0,0,0,3184,171,0,0,0,1064,187,0,0,0,542,0,0,0,0,272,0,0,0,0,45,284,0,0,0,0,38,0,0,0,0,0,0,0,0
5,36,0,0,0,2,0,0,0,0,0,1,459,100,100,73,20,0,0,-80,70,48,0,80,56,155,0,0,0,3174,189,0,0,0,1085,199,0,0,0,544,0,0,0,0,266,0,0,0,0,47,381,0,0,0,0,91,0,0,0,0,0,0,0,0
5,36,1,8,0,2,0,1.000244,1.002358,1.043668,4,0,334,0,0,73,20,0,-80,0,-100,-100,0,80,56,219,9,0,0,3174,7,0,3,0,1085,319,0,6,0,544,0,0,0,0,266,0,0,0,0,47,328,0,3,0,0,0,0,0,0,0,0,0,0,0
5,36,2,9,0,2,0,1.008705,0.990266,0.99665,9,2,584,84,81,73,20,0,70,-100,0,48,0,80,56,295,9,0,0,3174,158,0,3,0,1085,221,0,6,0,544,0,0,0,0,266,0,0,3,0,47,435,12,5,0,0,14,0,1,0,0,0,0,0,0
5,36,3,0,0,2,0,0,0,0,0,1,459,48,48,73,20,0,48,-100,48,0,0,80,56,141,0,0,0,3174,171,0,0,0,1085,187,0,0,0,544,0,0,0,0,266,0,0,0,0,47,284,0,0,0,0,38,0,0,0,0,0,0,0,0
5,37,0,0,1,1,0,0,0,0,0,1,459,100,100,75,20,0,0,-80,66,48,0,80,58,155,0,0,0,3181,189,0,0,0,1072,199,0,0,0,544,0,0,0,0,269,0,0,0,0,48,381,0,0,0,0,91,0,0,0,0,0,0,0,0
5,37,1,7,1,1,0,1.008178,1.002817,1.044817,3,0,334,0,0,75,20,0,-80,0,-100,-100,0,80,58,225,6,0,0,3181,8,0,2,0,1072,319,0,4,0,544,0,0,0,0,269,0,0,0,0,48,329,0,2,0,0,0,0,0,0,0,0,0,0,0
5,37,2,10,1,1,0,1.019127,0.977169,1.003171,9,2,584,87,84,75,20,0,66,-100,0,44,0,80,58,307,9,0,0,3181,154,0,3,0,1072,222,0,6,0,544,0,0,0,0,269,0,0,3,0,48,459,12,5,0,0,13,0,1,0,0,0,0,0,0
5,37,3,0,1,1,0,0,0,0,0,1,459,48,48,75,20,0,48,-100,44,0,0,80,58,141,0,0,0,3181,171,0,0,0,1072,187,0,0,0,544,0,0,0,0,269,0,0,0,0,48,284,0,0,0,0,38,0,0,0,0,0,0,0,0
5,38,0,0,1,2,0,0,0,0,0,1,459,100,100,77,20,0,0,-80,62,48,0,80,54,155,0,0,0,3192,189,0,0,0,1068,199,0,0,0,541,0,0,0,0,272,0,0,0,0,50,381,0,0,0,0,91,0,0,0,0,0,0,0,0
5,38,1,7,1,2,0,1.024564,1.008159,1.037999,3,0,334,0,0,77,20,0,-80,0,-100,-100,0,80,54,229,3,0,0,3192,0,0,1,0,1068,325,0,2,0,541,0,0,0,0,272,0,0,0,0,50,329,0,1,0,0,0,0,0,0,0,0,0,0,0
5,38,2,9,1,2,0,1.012925,0.968568,1.001546,8,2,584,90,87,77,20,0,62,-100,0,40,0,80,54,317,12,0,0,3192,148,0,4,0,1068,226,0,8,0,541,1,0,2,0,272,0,0,0,0,50,463,0,10,0,0,12,1,2,0,0,1,1,0,0
5,38,3,0,1,2,0,0,0,0,0,1,459,48,48,77,20,0,48,-100,40,0,0,80,54,141,0,0,0,3192,171,0,0,0,1068,187,0,0,0,541,0,0,0,0,272,0,0,0,0,50,284,0,0,0,0,38,0,0,0,0,0,0,0,0
5,39,0,0,1,0,0,0,0,0,0,1,459,100,100,78,20,0,0,-80,60,48,0,80,62,155,0,0,0,3175,189,0,0,0,1068,199,0,0,0,541,0,0,0,0,272,0,0,0,0,50,381,0,0,0,0,91,0,0,0,0,0,0,0,0
5,39,1,8,1,0,0,1.014299,1.01148,1.026772,3,0,334,0,0,78,20,0,-80,0,-100,-100,0,80,62,236,6,0,0,3175,8,0,2,0,1068,329,0,4,0,541,0,0,0,0,272,0,0,0,0,50,332,0,2,0,0,0,0,0,0,0,0,0,0,0
5,39,2,9,1,0,0,1.012925,0.968568,1.001546,9,2,584,93,90,78,20,0,60,-100,0,38,0,80,62,330,12,0,0,3175,143,0,4,0,1068,230,0,8,0,541,0,0,4,0,272,0,0,0,0,50,464,0,10,0,0,13,2,1,0,0,0,0,0,0
5,39,3,0,1,0,0,0,0,0,0,1,459,48,48,78,20,0,48,-100,38,0,0,80,62,141,0,0,0,3175,171,0,0,0,1068,187,0,0,0,541,0,0,0,0,272,0,0,0,0,50,284,0,0,0,0,38,0,0,0,0,0,0,0,0
5,40,0,0,0,1,0,0,0,0,0,1,459,100,100,79,20,0,0,-80,58,48,0,80,57,155,0,0,0,3192,189,0,0,0,1068,199,0,0,0,544,0,0,0,0,269,0,0,0,0,50,381,0,0,0,0,91,0,0,0,0,0,0,0,0
5,40,1,7,0,1,0,1.005178,1.005384,1.027646,3,0,334,0,0,79,20,0,-80,0,-100,-100,0,80,57,233,0,0,0,3192,0,0,0,0,1068,334,0,0,0,544,0,0,0,0,269,0,0,0,0,50,334,0,0,0,0,0,0,0,0,0,0,0,0,0
5,40,2,9,0,1,0,1.012925,0.968568,1.001546,9,2,584,96,93,79,20,0,58,-100,0,36,0,80,57,343,12,0,0,3192,138,0,4,0,1068,234,0,8,0,544,0,0,0,0,269,0,0,3,0,50,481,12,6,0,0,12,0,1,0,0,0,0,0,0
5,40,3,0,0,1,0,0,0,0,0,1,459,48,48,79,20,0,48,-100,36,0,0,80,57,141,0,0,0,3192,171,0,0,0,1068,187,0,0,0,544,0,0,0,0,269,0,0,0,0,50,284,0,0,0,0,38,0,0,0,0,0,0,0,0
7,1,0,48,6,8,0,1.000363,0.989676,1.000038,0,0,334,100,100,2,0,0,0,-20,2,2,0,80,7,51,36,0,0,2812,185,0,12,0,912,62,0,24,0,398,24,0,44,0,272,3,0,22,0,0,98,88,74,0,0,13,22,9,0,0,9,9,0,0
7,1,1,48,6,8,0,1.003531,0.992054,1.002826,0,0,334,100,100,2,0,0,-20,0,-20,-20,0,80,7,51,36,0,0,2812,205,0,12,0,912,81,0,24,0,398,28,0,44,0,272,3,0,22,0,0,98,88,74,0,0,13,22,9,0,0,9,9,0,0
7,1,2,52,6,8,0,1.001633,0.989499,0.998567,0,0,334,91.149843,91.149843,2,0,0,2,-20,0,0,0,80,7,57,39,0,0,2812,200,0,13,0,912,62,0,26,0,398,20,0,48,0,272,1,0,24,0,0,101,96,79,0,0,15,24,9,0,0,9,9,0,0
7,1,3,50,6,8,0,0.998053,0.989584,1.002395,0,0,334,100,100,2,0,0,2,-20,0,0,0,80,7,55,39,0,0,2812,192,0,13,0,912,63,0,26,0,398,23,0,46,0,272,2,0,23,0,0,99,92,77,0,0,14,23,9,0,0,9,9,0,0
7,2,0,45,3,22,0,0.99961,0.994843,0.999885,8,0,334,100,100,12,0,0,0,-34,14,4,0,80,1,57,36,0,0,2870,197,0,12,0,903,74,0,24,0,461,1,0,38,0,195,0,0,21,0,0,131,84,68,0,0,23,19,9,0,0,9,9,0,0
7,2,1,41,3,22,0,0.996208,0.987331,1.007577,7,0,334,12.545991,9.545991,12,0,0,-34,0,-36,-66,0,80,1,54,39,0,0,2870,234,0,13,0,903,115,0,26,0,461,0,0,38,0,195,0,0,19,0,0,120,76,71,0,0,22,19,10,0,0,9,9,0,0
7,2,2,46,3,22,0,0.998355,0.987093,0.991479,9,0,334,69.736493,66.736493,12,0,0,14,-36,0,14,1,80,1,61,39,0,0,2870,223,0,13,0,903,75,0,26,0,461,1,0,26,0,195,0,0,13,0,0,111,52,59,0,0,18,13,10,0,0,9,9,0,0
7,2,3,47,3,22,0,1.000258,0.99379,1.003939,7,0,334,80.494145,77.494145,12,0,0,4,-66,14,0,1,80,1,67,42,0,0,2870,200,0,14,0,903,77,0,28,0,461,1,0,40,0,195,0,0,17,0,0,110,68,74,0,0,24,20,10,0,0,9,9,0,0
7,3,0,45,2,14,0,0.99961,0.994843,0.999885,17,0,334,100,100,19,1,1,0,-46,14,40,1,80,5,63,36,0,0,3056,212,0,12,0,950,84,0,24,0,503,0,0,16,0,256,0,0,7,0,0,130,28,46,0,0,22,8,9,0,0,9,9,0,0
7,3,1,31,2,14,0,0.985433,0.98369,1.002029,13,0,334,7.255594,4.255594,19,1,1,-46,0,-54,-100,0,80,5,46,18,0,0,3056,187,0,6,0,950,118,0,12,0,503,1,0,2,0,256,0,0,0,0,0,109,0,28,0,0,13,1,10,0,0,9,9,0,0
7,3,2,45,2,14,0,0.999241,0.987586,0.991461,17,0,334,72.736493,69.736493,19,1,1,14,-54,0,50,1,80,5,69,36,0,0,3056,165,0,12,0,950,85,0,24,0,503,0,0,10,0,256,0,0,5,0,0,106,20,42,0,0,13,5,10,0,0,9,9,0,0
7,3,3,46,2,14,0,0.998329,0.992766,1.003926,14,0,334,33.311809,30.311809,19,1,1,40,-100,50,0,2,80,5,76,39,0,0,3056,204,0,13,0,950,85,0,26,0,503,1,0,14,0,256,0,0,4,0,0,96,16,47,0,0,21,7,10,0,0,9,9,0,0
7,4,0,45,3,10,0,0.999804,0.995887,0.998952,25,0,334,100,100,26,1,1,0,-56,24,60,2,80,12,67,36,0,0,2988,155,0,12,0,958,93,0,24,0,475,1,0,20,0,262,0,0,5,0,0,117,20,50,0,0,23,10,9,0,0,9,9,0,0
7,4,1,27,3,10,0,0.983435,0.98153,1.00084,17,0,334,3,0,26,1,1,-56,0,-84,-100,0,80,12,27,12,0,0,2988,202,0,4,0,958,130,0,8,0,475,1,0,12,0,262,0,0,0,0,0,98,0,28,0,0,13,6,6,0,0,5,5,0,0
7,4,2,44,3,10,0,0.997603,0.987466,0.990809,26,0,334,55.834978,52.834978,26,1,1,24,-84,0,76,2,80,12,87,36,0,0,2988,196,0,12,0,958,96,0,24,0,475,1,0,14,0,262,0,0,2,0,0,85,8,46,0,0,10,7,10,0,0,9,9,0,0
7,4,3,44,3,10,0,0.998647,0.993463,1.002907,22,0,334,12.984965,9.984965,26,1,1,60,-100,76,0,2,80,12,83,36,0,0,2988,210,0,12,0,958,95,0,24,0,475,1,0,18,0,262,0,0,3,0,0,75,12,50,0,0,20,9,10,0,0,9,9,0,0
7,5,0,41,4,13,0,0.998733,0.996642,0.990799,30,0,334,100,100,29,2,1,0,-60,24,72,2,80,6,75,33,0,0,2960,171,0,11,0,960,104,0,22,0,535,1,0,4,0,191,9,0,18,0,0,179,72,25,0,0,20,2,5,0,0,5,5,0,0
7,5,1,26,4,13,0,0.985737,0.981503,1.000572,21,0,334,3,0,29,2,1,-60,0,-94,-100,0,80,6,33,9,0,0,2960,172,0,3,0,960,139,0,6,0,535,1,0,0,0,191,0,0,15,0,0,164,60,11,0,0,3,0,4,0,0,3,3,0,0
7,5,2,42,4,13,0,0.996274,0.985941,0.988675,32,0,334,58.834978,55.834978,29,2,1,24,-94,0,88,2,80,6,95,33,0,0,2960,237,0,11,0,960,107,0,22,0,535,0,0,4,0,191,0,0,18,0,0,146,72,27,0,0,9,2,6,0,0,5,5,0,0
7,5,3,42,4,13,0,0.995821,0.992545,1.005812,27,0,334,3,0,29,2,1,72,-100,88,0,2,80,6,84,36,0,0,2960,226,0,12,0,960,107,0,24,0,535,1,0,2,0,191,2,0,19,0,0,135,76,30,0,0,13,1,8,0,0,7,7,0,0
7,6,0,41,5,9,0,1.00313,0.993228,0.99443,32,0,334,100,100,33,3,1,0,-66,42,72,2,80,10,80,30,0,0,3088,184,0,10,0,977,111,0,20,0,504,1,0,16,0,256,0,0,16,0,0,228,64,32,0,0,25,8,3,0,0,3,3,0,0
7,6,1,26,5,9,0,0.985149,0.979848,1.003763,23,0,334,3,0,33,3,1,-66,0,-100,-100,0,80,10,23,9,0,0,3088,183,0,3,0,977,148,0,6,0,504,0,0,4,0,256,0,0,2,0,0,178,8,11,0,0,3,2,2,0,0,1,1,0,0
7,6,2,41,5,9,0,0.997416,0.985442,0.985433,36,0,334,33.628972,30.628972,33,3,1,42,-100,0,100,2,80,10,108,33,0,0,3088,184,0,11,0,977,118,0,22,0,504,1,0,10,0,256,0,0,4,0,0,150,16,29,0,0,10,5,4,0,0,3,3,0,0
7,6,3,39,5,9,0,1.000658,0.995164,1.009851,30,0,334,6,3,33,3,1,72,-100,100,0,2,80,10,96,36,0,0,3088,172,0,12,0,977,119,0,24,0,504,1,0,10,0,256,0,0,5,0,0,138,20,32,0,0,13,5,5,0,0,4,4,0,0
7,7,0,35,0,26,1,1.000858,0.999775,0.993294,30,0,334,100,100,36,4,1,0,-72,57,72,2,80,23,76,24,0,0,2970,183,0,8,0,963,119,0,16,0,544,1,0,0,0,179,15,0,15,0,29,280,60,14,0,0,22,0,3,0,0,3,3,0,0
7,7,1,22,0,26,1,0.990936,0.982468,1.001432,20,0,334,0,0,36,4,1,-72,0,-100,-100,0,80,23,18,12,0,0,2970,183,0,4,0,963,160,0,8,0,544,0,0,0,0,179,2,0,13,0,29,232,52,4,0,0,0,0,0,0,0,0,0,0,0
7,7,2,33,0,26,1,0.995238,0.977763,0.983344,32,0,334,20.899742,17.899742,36,4,1,57,-100,0,100,2,80,23,93,12,0,0,2970,219,0,4,0,963,122,0,8,0,544,1,0,0,0,179,4,0,20,0,29,228,80,8,0,0,11,0,2,0,0,1,1,0,0
7,7,3,31,0,26,1,1.002646,0.998455,1.013514,26,0,334,9,6,36,4,1,72,-100,100,0,2,80,23,100,27,0,0,2970,172,0,9,0,963,128,0,18,0,544,1,0,0,0,179,11,0,13,0,29,176,52,17,0,0,9,0,4,0,0,3,3,0,0
7,8,0,33,2,7,0,1.002365,1.000378,0.993102,31,1,459,100,100,37,5,1,0,-72,57,72,2,80,5,75,21,0,0,3077,189,0,7,0,1011,126,0,14,0,469,0,0,28,0,272,1,0,14,0,0,299,56,54,0,0,18,14,18,0,0,1,1,0,0
7,8,1,22,2,7,0,0.989542,0.979144,0.99565,19,0,334,0,0,37,5,1,-72,0,-100,-100,0,80,5,26,12,0,0,3077,187,0,4,0,1011,172,0,8,0,469,0,0,4,0,272,0,0,0,0,0,237,0,10,0,0,1,2,1,0,0,1,1,0,0
7,8,2,32,2,7,0,0.994435,0.974953,0.984517,31,0,334,23.899742,20.899742,37,5,1,57,-100,0,98,2,80,5,92,12,0,0,3077,182,0,4,0,1011,126,0,8,0,469,1,0,22,0,272,0,0,5,0,0,236,20,28,0,0,21,11,1,0,0,0,0,0,0
7,8,3,29,2,7,0,1.005692,0.995608,1.017339,27,0,334,12,9,37,5,1,72,-100,98,0,2,80,5,114,27,0,0,3077,177,0,9,0,1011,134,0,18,0,469,1,0,16,0,272,0,0,11,0,0,208,44,29,0,0,15,8,2,0,0,1,1,0,0
7,9,0,31,4,10,0,1.00532,1.001797,0.992863,30,1,459,100,100,40,6,1,0,-76,69,72,2,80,2,82,21,0,0,3018,181,0,7,0,1009,130,0,14,0,484,1,0,24,0,253,0,0,8,0,68,300,32,31,0,0,30,12,0,0,0,0,0,0,0
7,9,1,20,4,10,0,0.993634,0.988924,0.991247,17,0,334,0,0,40,6,1,-76,0,-100,-100,0,80,2,29,12,0,0,3018,175,0,4,0,1009,184,0,8,0,484,1,0,6,0,253,0,0,1,0,68,226,4,12,0,0,2,3,1,0,0,1,1,0,0
7,9,2,31,4,10,0,0.996921,0.971868,0.984694,29,0,334,11.628982,8.628982,40,6,1,69,-100,0,100,2,80,2,91,12,0,0,3018,218,0,4,0,1009,130,0,8,0,484,1,0,12,0,253,0,0,5,0,68,236,20,20,0,0,26,6,2,0,0,1,1,0,0
7,9,3,28,4,10,0,1.002363,0.996927,1.011226,26,0,334,15,12,40,6,1,72,-100,100,0,2,80,2,127,24,0,0,3018,188,0,8,0,1009,142,0,16,0,484,0,0,12,0,253,0,0,5,0,68,204,20,24,0,0,19,6,2,0,0,1,1,0,0
7,10,0,31,1,5,0,1.00532,1.001797,0.992863,30,1,459,100,100,44,7,1,0,-82,75,84,2,80,19,87,21,0,0,3103,183,0,7,0,1006,134,0,14,0,531,1,0,4,0,250,0,0,12,0,0,352,48,13,0,0,31,2,1,0,0,1,1,0,0
7,10,1,19,1,5,0,0.999914,0.984314,0.989631,16,0,334,0,0,44,7,1,-82,0,-100,-100,0,80,19,38,15,0,0,3103,150,0,5,0,1006,199,0,10,0,531,0,0,0,0,250,0,0,0,0,0,234,0,5,0,0,0,0,0,0,0,0,0,0,0
7,10,2,30,1,5,0,0.997932,0.972938,0.984025,29,0,334,6.577969,3.577969,44,7,1,75,-100,0,100,2,80,19,97,15,0,0,3103,182,0,5,0,1006,135,0,10,0,531,0,0,8,0,250,0,0,4,0,0,252,16,17,0,0,28,4,2,0,0,1,1,0,0
7,10,3,26,1,5,0,1.003859,0.999311,1.010401,25,0,334,3,0,44,7,1,84,-100,100,0,2,80,19,132,24,0,0,3103,200,0,8,0,1006,150,0,16,0,531,0,0,2,0,250,0,0,5,0,0,227,20,14,0,0,18,1,2,0,0,1,1,0,0
7,11,0,31,3,6,0,1.00532,1.001797,0.992863,31,1,459,100,100,47,8,1,0,-86,81,90,2,80,12,93,21,0,0,3086,185,0,7,0,1009,138,0,14,0,493,0,0,22,0,272,0,0,0,0,0,340,0,29,0,0,42,11,0,0,0,0,0,0,0
7,11,1,18,3,6,0,1.008592,0.978178,0.988636,14,0,334,0,0,47,8,1,-86,0,-100,-100,0,80,12,47,15,0,0,3086,136,0,5,0,1009,214,0,10,0,493,0,0,0,0,272,0,0,0,0,0,243,0,5,0,0,0,0,0,0,0,0,0,0,0
7,11,2,29,3,6,0,1.000616,0.959925,0.984078,28,0,334,3,0,47,8,1,81,-100,0,100,2,80,12,94,12,0,0,3086,212,0,4,0,1009,139,0,8,0,493,1,0,14,0,272,0,0,0,0,0,247,0,20,0,0,34,7,1,0,0,0,0,0,0
7,11,3,25,3,6,0,1.002916,0.992537,1.014629,24,0,334,3,0,47,8,1,90,-100,100,0,2,80,12,137,21,0,0,3086,167,0,7,0,1009,157,0,14,0,493,1,0,14,0,272,0,0,0,0,0,221,0,23,0,0,24,7,1,0,0,0,0,0,0
7,12,0,31,5,5,0,1.008018,1.000092,0.994754,30,1,459,100,100,48,9,1,0,-86,81,90,2,80,23,96,18,0,0,3120,188,0,6,0,1017,144,0,12,0,529,1,0,6,0,257,0,0,4,0,0,361,16,12,0,0,45,3,0,0,0,0,0,0,0
7,12,1,17,5,5,0,1.004466,0.978673,0.983601,14,0,334,0,0,48,9,1,-86,0,-100,-100,0,80,23,53,15,0,0,3120,113,0,5,0,1017,224,0,10,0,529,0,0,0,0,257,0,0,0,0,0,250,0,5,0,0,0,0,0,0,0,0,0,0,0
7,12,2,31,5,5,0,1.00473,0.960128,0.981312,28,1,459,6,3,48,9,1,81,-100,0,98,2,80,23,92,12,0,0,3120,179,0,4,0,1017,143,0,8,0,529,0,0,6,0,257,0,0,8,0,0,271,32,31,0,0,18,3,19,0,0,1,1,0,0
7,12,3,24,5,5,0,1.007171,0.996119,1.009335,22,0,334,6,3,48,9,1,90,-100,98,0,2,80,23,150,21,0,0,3120,175,0,7,0,1017,164,0,14,0,529,0,0,4,0,257,0,0,3,0,0,231,12,15,0,0,24,2,2,0,0,1,1,0,0
7,13,0,30,1,4,0,1.014469,0.998744,0.995978,28,1,459,100,100,49,10,1,0,-86,81,90,2,80,17,97,18,0,0,3048,191,0,6,0,1010,150,0,12,0,509,0,0,14,0,272,0,0,0,0,2,356,0,22,0,0,51,7,1,0,0,1,1,0,0
7,13,1,17,1,4,0,1.004466,0.978673,0.983601,14,0,334,0,0,49,10,1,-86,0,-100,-100,0,80,17,60,18,0,0,3048,90,0,6,0,1010,242,0,12,0,509,0,0,0,0,272,0,0,0,0,2,258,0,6,0,0,0,0,0,0,0,0,0,0,0
7,13,2,31,1,4,0,1.00473,0.960128,0.981312,29,1,459,9,6,49,10,1,81,-100,0,98,2,80,17,91,12,0,0,3048,208,0,4,0,1010,147,0,8,0,509,1,0,12,0,272,0,0,0,0,2,268,0,20,0,0,22,6,2,0,0,1,1,0,0
7,13,3,22,1,4,0,1.007025,0.990208,1.011557,21,0,334,9,6,49,10,1,90,-100,98,0,2,80,17,160,18,0,0,3048,185,0,6,0,1010,170,0,12,0,509,1,0,8,0,272,0,0,0,0,2,228,0,18,0,0,26,4,2,0,0,1,1,0,0
7,14,0,30,5,4,0,1.01621,1.000505,0.998585,28,2,584,100,100,50,11,1,0,-86,81,90,2,80,15,101,18,0,0,3139,184,0,6,0,1013,156,0,12,0,515,0,0,12,0,230,7,0,11,0,2,380,44,37,0,0,39,6,18,0,0,1,1,0,0
7,14,1,18,5,4,0,1.005283,0.973374,0.9906,14,0,334,0,0,50,11,1,-86,0,-100,-100,0,80,15,65,15,0,0,3139,68,0,5,0,1013,257,0,10,0,515,0,0,0,0,230,0,0,0,0,2,267,0,5,0,0,0,0,0,0,0,0,0,0,0
7,14,2,31,5,4,0,1.00473,0.960128,0.981312,30,1,459,12,9,50,11,1,81,-100,0,98,2,80,15,91,12,0,0,3139,173,0,4,0,1013,151,0,8,0,515,1,0,10,0,230,0,0,14,0,2,323,56,18,0,0,25,5,2,0,0,1,1,0,0
7,14,3,22,5,4,0,0.998623,0.9946,1.016594,20,0,334,12,9,50,11,1,90,-100,98,0,2,80,15,170,15,0,0,3139,190,0,5,0,1013,175,0,10,0,515,0,0,8,0,230,1,0,9,0,2,264,36,15,0,0,29,4,1,0,0,0,0,0,0
7,15,0,29,2,5,0,1.01861,0.99576,0.995255,27,2,584,100,100,51,12,1,0,-86,81,88,2,80,24,101,15,0,0,3104,181,0,5,0,1016,161,0,10,0,482,7,0,22,0,272,0,0,7,0,49,379,28,29,0,0,49,11,1,0,0,1,1,0,0
7,15,1,16,2,5,0,1.006712,0.982404,0.98808,14,0,334,0,0,51,12,1,-86,0,-100,-100,0,80,24,67,15,0,0,3104,45,0,5,0,1016,272,0,10,0,482,0,0,0,0,272,0,0,0,0,49,264,0,5,0,0,0,0,0,0,0,0,0,0,0
7,15,2,30,2,5,0,1.005452,0.961248,0.98196,30,1,459,15,12,51,12,1,81,-100,0,96,2,80,24,89,12,0,0,3104,202,0,4,0,1016,155,0,8,0,482,0,0,20,0,272,0,0,0,0,49,303,0,26,0,0,34,10,1,0,0,0,0,0,0
7,15,3,23,2,5,0,0.996643,0.994254,1.018771,20,0,334,15,12,51,12,1,88,-100,96,0,2,80,24,179,15,0,0,3104,163,0,5,0,1016,180,0,10,0,482,0,0,14,0,272,0,0,1,0,49,256,4,23,0,0,34,7,2,0,0,1,1,0,0
7,16,0,27,4,6,0,1.017743,0.999497,0.993623,26,2,584,100,100,52,13,1,0,-86,81,88,2,80,19,103,15,0,0,3136,179,0,5,0,1037,163,0,10,0,518,0,0,16,0,269,0,0,0,0,0,371,0,23,0,0,56,8,1,0,0,1,1,0,0
7,16,1,17,4,6,0,1.008046,0.97884,0.984369,14,0,334,0,0,52,13,1,-86,0,-100,-100,0,80,19,68,15,0,0,3136,24,0,5,0,1037,279,0,10,0,518,0,0,0,0,269,0,0,0,0,0,272,0,5,0,0,0,0,0,0,0,0,0,0,0
7,16,2,31,4,6,0,1.004604,0.961629,0.98441,30,1,459,18,15,52,13,1,81,-100,0,94,2,80,19,94,12,0,0,3136,168,0,4,0,1037,156,0,8,0,518,0,0,6,0,269,0,0,2,0,0,321,8,12,0,0,36,3,1,0,0,0,0,0,0
7,16,3,21,4,6,0,1.005863,0.99403,1.016272,18,0,334,18,15,52,13,1,88,-100,94,0,2,80,19,184,18,0,0,3136,158,0,6,0,1037,181,0,12,0,518,1,0,10,0,269,0,0,1,0,0,252,4,20,0,0,37,5,2,0,0,1,1,0,0
7,17,0,23,2,12,0,1.019675,1.003739,0.996298,23,2,584,100,100,52,13,1,0,-86,83,90,2,80,18,99,12,0,0,3080,180,0,4,0,1013,167,0,8,0,476,16,0,16,0,272,0,0,0,0,2,363,0,20,0,0,64,8,0,0,0,0,0,0,0
7,17,1,14,2,12,0,1.00248,0.967791,0.983969,10,0,334,0,0,52,13,1,-86,0,-100,-100,0,80,18,81,18,0,0,3080,1,0,6,0,1013,297,0,12,0,476,0,0,0,0,272,0,0,0,0,2,276,0,6,0,0,0,0,0,0,0,0,0,0,0
7,17,2,29,2,12,0,1.005633,0.966429,0.985308,28,1,459,21,18,52,13,1,83,-100,0,96,2,80,18,87,12,0,0,3080,197,0,4,0,1013,157,0,8,0,476,0,0,24,0,272,0,0,0,0,2,306,0,32,0,0,46,12,2,0,0,1,1,0,0
7,17,3,20,2,12,0,1.006174,0.994274,1.019319,17,0,334,21,18,52,13,1,90,-100,96,0,2,80,18,200,21,0,0,3080,154,0,7,0,1013,188,0,14,0,476,1,0,12,0,272,0,0,0,0,2,244,0,23,0,0,41,6,2,0,0,1,1,0,0
7,18,0,20,2,19,0,1.018244,1.003822,0.994113,20,2,584,100,100,53,14,1,0,-86,83,88,2,80,23,96,9,0,0,3131,186,0,3,0,1016,167,0,6,0,529,6,0,14,0,233,14,0,7,0,10,383,28,17,0,0,71,7,0,0,0,0,0,0,0
7,18,1,13,2,19,0,0.99556,0.961561,0.974927,9,0,334,0,0,53,14,1,-86,0,-100,-100,0,80,23,76,0,0,0,3131,0,0,0,0,1016,325,0,0,0,529,0,0,0,0,233,0,0,0,0,10,290,0,0,0,0,0,0,0,0,0,0,0,0,0
7,18,2,17,2,19,0,1.001599,0.97577,0.983364,17,1,459,24,21,53,14,1,83,-100,0,94,2,80,23,81,9,0,0,3131,165,0,3,0,1016,157,0,6,0,529,1,0,8,0,233,6,0,6,0,10,323,24,13,0,0,49,4,1,0,0,0,0,0,0
7,18,3,19,2,19,0,1.009613,0.993728,1.021739,15,0,334,24,21,53,14,1,88,-100,94,0,2,80,23,213,18,0,0,3131,152,0,6,0,1016,194,0,12,0,529,1,0,2,0,233,0,0,6,0,10,268,24,12,0,0,40,1,2,0,0,1,1,0,0
7,19,0,18,1,7,0,1.023211,0.999782,0.992078,17,2,584,100,100,54,15,1,0,-86,83,88,2,80,17,98,6,0,0,3099,196,0,2,0,1035,169,0,4,0,482,20,0,12,0,269,8,0,6,0,21,399,24,14,0,0,77,6,0,0,0,0,0,0,0
7,19,1,13,1,7,0,0.99556,0.961561,0.974927,9,0,334,0,0,54,15,1,-86,0,-100,-100,0,80,17,69,0,0,0,3099,0,0,0,0,1035,334,0,0,0,482,0,0,0,0,269,0,0,0,0,21,307,0,0,0,0,0,0,0,0,0,0,0,0,0
7,19,2,17,1,7,0,1.001599,0.97577,0.983364,17,1,459,27,24,54,15,1,83,-100,0,92,2,80,17,92,9,0,0,3099,169,0,3,0,1035,157,0,6,0,482,13,0,12,0,269,0,0,6,0,21,336,24,17,0,0,54,6,1,0,0,0,0,0,0
7,19,3,15,1,7,0,1.013244,0.99175,1.01915,12,0,334,27,24,54,15,1,88,-100,92,0,2,80,17,227,15,0,0,3099,160,0,5,0,1035,199,0,10,0,482,3,0,10,0,269,0,0,3,0,21,264,12,19,0,0,43,5,2,0,0,1,1,0,0
7,20,0,17,4,4,0,1.033028,1.005049,0.990789,15,2,584,100,100,55,16,1,0,-86,81,88,2,80,22,95,6,0,0,3131,176,0,2,0,1035,171,0,4,0,522,16,0,12,0,266,5,0,6,0,25,424,24,16,0,0,82,6,1,0,0,1,1,0,0
7,20,1,15,4,4,0,0.998734,0.960317,0.975752,9,0,334,0,0,55,16,1,-86,0,-100,-100,0,80,22,64,0,0,0,3131,0,0,0,0,1035,334,0,0,0,522,0,0,0,0,266,0,0,0,0,25,321,0,0,0,0,0,0,0,0,0,0,0,0,0
7,20,2,18,4,4,0,1.005392,0.97884,0.986891,17,1,459,30,27,55,16,1,81,-100,0,90,2,80,22,101,9,0,0,3131,173,0,3,0,1035,157,0,6,0,522,9,0,12,0,266,0,0,3,0,25,337,12,17,0,0,59,6,1,0,0,0,0,0,0
7,20,3,13,4,4,0,1.008268,0.985191,1.018545,11,0,334,30,27,55,16,1,88,-100,90,0,2,80,22,240,12,0,0,3131,173,0,4,0,1035,203,0,8,0,522,1,0,8,0,266,0,0,0,0,25,251,0,16,0,0,45,4,2,0,0,1,1,0,0
7,21,0,17,3,5,0,1.031513,0.994055,0.998504,15,2,584,100,100,56,17,1,0,-86,81,88,2,80,29,100,6,0,0,3105,181,0,2,0,1038,173,0,4,0,534,9,0,10,0,232,13,0,5,0,39,436,20,14,0,0,86,5,1,0,0,1,1,0,0
7,21,1,13,3,5,0,1.000619,0.963665,0.971649,8,0,334,0,0,56,17,1,-86,0,-100,-100,0,80,29,53,0,0,0,3105,0,0,0,0,1038,334,0,0,0,534,0,0,0,0,232,0,0,0,0,39,327,0,0,0,0,0,0,0,0,0,0,0,0,0
7,21,2,19,3,5,0,1.01219,0.978958,0.991107,17,1,459,33,30,56,17,1,81,-100,0,88,2,80,29,112,9,0,0,3105,176,0,3,0,1038,157,0,6,0,534,0,0,12,0,232,16,0,6,0,39,348,24,19,0,0,63,6,2,0,0,1,1,0,0
7,21,3,12,3,5,0,1.014207,0.991953,1.017112,10,0,334,33,30,56,17,1,88,-100,88,0,2,80,29,247,9,0,0,3105,189,0,3,0,1038,206,0,6,0,534,1,0,4,0,232,1,0,4,0,39,258,16,9,0,0,46,2,1,0,0,0,0,0,0
7,22,0,15,3,5,0,1.033483,0.985318,1.00461,13,2,584,100,100,57,18,1,0,-86,81,86,2,80,25,99,3,0,0,3131,187,0,1,0,1043,174,0,2,0,490,23,0,10,0,272,8,0,5,0,19,449,20,13,0,0,90,5,1,0,0,1,1,0,0
7,22,1,13,3,5,0,1.000619,0.963665,0.971649,8,0,334,0,0,57,18,1,-86,0,-100,-100,0,80,25,47,0,0,0,3131,0,0,0,0,1043,334,0,0,0,490,0,0,0,0,272,0,0,0,0,19,333,0,0,0,0,0,0,0,0,0,0,0,0,0
7,22,2,21,3,5,0,1.01481,0.972117,0.997164,18,1,459,36,33,57,18,1,81,-100,0,86,2,80,25,122,9,0,0,3131,178,0,3,0,1043,157,0,6,0,490,7,0,14,0,272,9,0,7,0,19,364,28,21,0,0,68,7,2,0,0,1,1,0,0
7,22,3,10,3,5,0,1.009168,0.98702,1.021708,8,0,334,36,33,57,18,1,86,-100,86,0,2,80,25,248,6,0,0,3131,175,0,2,0,1043,208,0,4,0,490,2,0,8,0,272,0,0,1,0,19,267,4,12,0,0,49,4,1,0,0,0,0,0,0
7,23,0,14,0,3,0,1.035161,0.986596,0.998333,13,2,584,100,100,58,19,1,0,-86,79,84,2,80,28,96,3,0,0,3139,171,0,1,0,1042,175,0,2,0,508,23,0,12,0,272,2,0,6,0,68,458,24,15,0,0,95,6,1,0,0,1,1,0,0
7,23,1,13,0,3,0,1.000619,0.963665,0.971649,8,0,334,0,0,58,19,1,-86,0,-100,-100,0,80,28,45,0,0,0,3139,0,0,0,0,1042,334,0,0,0,508,0,0,0,0,272,0,0,0,0,68,319,0,0,0,0,0,0,0,0,0,0,0,0,0
7,23,2,21,0,3,0,1.01481,0.972117,0.997164,19,1,459,39,36,58,19,1,79,-100,0,84,2,80,28,124,12,0,0,3139,177,0,4,0,1042,158,0,8,0,508,9,0,16,0,272,1,0,8,0,68,375,32,24,0,0,74,8,2,0,0,1,1,0,0
7,23,3,8,0,3,0,1.008628,0.983024,1.027647,6,0,334,39,36,58,19,1,84,-100,84,0,2,80,28,253,6,0,0,3139,187,0,2,0,1042,210,0,4,0,508,2,0,6,0,272,0,0,0,0,68,257,0,10,0,0,51,3,1,0,0,0,0,0,0
7,24,0,13,2,7,0,1.049134,0.993967,0.995407,13,2,584,100,100,59,20,1,0,-86,79,84,2,80,30,97,3,0,0,3139,180,0,1,0,1044,176,0,2,0,535,11,0,12,0,236,11,0,6,0,5,478,24,13,0,0,101,6,0,0,0,0,0,0,0
7,24,1,12,2,7,0,1.006272,0.965324,0.959212,8,0,334,0,0,59,20,1,-86,0,-100,-100,0,80,30,42,0,0,0,3139,0,0,0,0,1044,334,0,0,0,535,0,0,0,0,236,0,0,0,0,5,331,0,0,0,0,0,0,0,0,0,0,0,0,0
7,24,2,21,2,7,0,1.02082,0.966971,1.000797,19,2,584,42,39,59,20,1,79,-100,0,84,2,80,30,130,9,0,0,3139,177,0,3,0,1044,161,0,6,0,535,1,0,14,0,236,14,0,8,0,5,381,32,38,0,0,62,7,19,0,0,1,1,0,0
7,24,3,5,2,7,0,1.019791,0.97771,1.028458,4,0,334,42,39,59,20,1,84,-100,84,0,2,80,30,258,6,0,0,3139,177,0,2,0,1044,212,0,4,0,535,1,0,4,0,236,0,0,0,0,5,265,0,8,0,0,52,2,1,0,0,0,0,0,0
7,25,0,11,2,7,0,1.062632,1.004847,1.00541,10,3,709,100,100,60,21,1,0,-86,79,84,2,80,31,98,3,0,0,3163,166,0,1,0,1058,177,0,2,0,525,7,0,8,0,255,12,0,4,0,6,482,16,26,0,0,88,4,17,0,0,0,0,0,0
7,25,1,11,2,7,0,1.009686,0.965986,0.946338,6,0,334,0,0,60,21,1,-86,0,-100,-100,0,80,31,49,12,0,0,3163,5,0,4,0,1058,326,0,8,0,525,0,0,0,0,255,0,0,0,0,6,330,0,4,0,0,0,0,0,0,0,0,0,0,0
7,25,2,21,2,7,0,1.02082,0.966971,1.000797,20,2,584,45,42,60,21,1,79,-100,0,82,2,80,31,134,9,0,0,3163,169,0,3,0,1058,164,0,6,0,525,0,0,14,0,255,17,0,8,0,6,407,32,21,0,0,67,7,2,0,0,1,1,0,0
7,25,3,3,2,7,0,1.028448,0.956192,1.02378,2,0,334,45,42,60,21,1,84,-100,82,0,2,80,31,259,0,0,0,3163,172,0,0,0,1058,212,0,0,0,525,1,0,2,0,255,0,0,1,0,6,281,4,4,0,0,52,1,1,0,0,0,0,0,0
7,26,0,8,2,7,0,1.060909,1.004387,1.011899,7,3,709,100,100,61,22,1,0,-86,79,84,2,80,40,94,0,0,0,3152,171,0,0,0,1059,177,0,0,0,499,11,0,8,0,272,8,0,4,0,30,494,16,10,0,0,91,4,1,0,0,1,1,0,0
7,26,1,13,2,7,0,1.009397,0.96361,0.945855,6,0,334,0,0,61,22,1,-86,0,-100,-100,0,80,40,64,15,0,0,3152,5,0,5,0,1059,324,0,10,0,499,0,0,0,0,272,0,0,0,0,30,329,0,5,0,0,0,0,0,0,0,0,0,0,0
7,26,2,19,2,7,0,1.029228,0.969379,0.999749,19,2,584,48,45,61,22,1,79,-100,0,80,2,80,40,138,9,0,0,3152,161,0,3,0,1059,167,0,6,0,499,13,0,14,0,272,10,0,7,0,30,431,28,19,0,0,73,7,1,0,0,0,0,0,0
7,26,3,1,2,7,0,1.04176,0.913521,1.045276,0,0,334,48,45,61,22,1,84,-100,80,0,2,80,40,258,0,0,0,3152,169,0,0,0,1059,212,0,0,0,499,4,0,0,0,272,0,0,0,0,30,279,0,2,0,0,51,0,1,0,0,0,0,0,0
7,27,0,8,1,3,0,1.060909,1.004387,1.011899,8,3,709,100,100,62,23,1,0,-86,79,82,2,80,44,92,0,0,0,3158,171,0,0,0,1058,177,0,0,0,511,12,0,8,0,272,4,0,4,0,62,502,16,8,0,0,95,4,0,0,0,0,0,0,0
7,27,1,13,1,3,0,1.009397,0.96361,0.945855,6,0,334,0,0,62,23,1,-86,0,-100,-100,0,80,44,76,15,0,0,3158,5,0,5,0,1058,324,0,10,0,511,0,0,0,0,272,0,0,0,0,62,324,0,5,0,0,0,0,0,0,0,0,0,0,0
7,27,2,17,1,3,0,1.030614,0.969928,1.00516,16,2,584,51,48,62,23,1,79,-100,0,78,2,80,44,139,6,0,0,3158,148,0,2,0,1058,169,0,4,0,511,27,0,10,0,272,5,0,5,0,62,437,20,14,0,0,77,5,1,0,0,0,0,0,0
7,27,3,1,1,3,0,1.04176,0.913521,1.045276,0,0,334,51,48,62,23,1,82,-100,78,0,2,80,44,257,0,0,0,3158,168,0,0,0,1058,212,0,0,0,511,4,0,0,0,272,0,0,0,0,62,280,0,2,0,0,50,0,1,0,0,0,0,0,0
7,28,0,9,2,1,0,1.066286,1.008919,1.012539,8,3,709,100,100,63,24,1,0,-86,77,80,1,80,46,90,0,0,0,3158,171,0,0,0,1062,177,0,0,0,532,5,0,8,0,254,6,0,4,0,36,516,16,8,0,0,99,4,0,0,0,0,0,0,0
7,28,1,13,2,1,0,1.009397,0.96361,0.945855,6,0,334,0,0,63,24,1,-86,0,-100,-100,0,80,46,90,15,0,0,3158,5,0,5,0,1062,324,0,10,0,532,0,0,0,0,254,0,0,0,0,36,329,0,5,0,0,0,0,0,0,0,0,0,0,0
7,28,2,18,2,1,0,1.034683,0.971825,1.007116,16,2,584,54,51,63,24,1,77,-100,0,76,1,80,46,140,6,0,0,3158,145,0,2,0,1062,171,0,4,0,532,26,0,12,0,254,11,0,6,0,36,455,24,18,0,0,81,6,2,0,0,1,1,0,0
7,28,3,0,2,1,0,0,0,0,0,0,334,51,51,63,24,1,80,-100,76,0,0,80,46,256,0,0,0,3158,167,0,0,0,1062,212,0,0,0,532,4,0,0,0,254,0,0,0,0,36,280,0,0,0,0,50,0,0,0,0,0,0,0,0
7,29,0,8,1,3,0,1.066915,1.016495,1.014864,7,3,709,100,100,63,24,1,0,-86,77,80,1,80,45,92,3,0,0,3158,169,0,1,0,1059,178,0,2,0,523,6,0,8,0,260,2,0,4,0,34,527,16,11,0,0,102,4,1,0,0,1,1,0,0
7,29,1,14,1,3,0,1.00829,0.969703,0.945536,6,0,334,0,0,63,24,1,-86,0,-100,-100,0,80,45,103,15,0,0,3158,5,0,5,0,1059,324,0,10,0,523,0,0,0,0,260,0,0,0,0,34,329,0,5,0,0,0,0,0,0,0,0,0,0,0
7,29,2,16,1,3,0,1.034825,0.98232,1.003236,15,2,584,57,54,63,24,1,77,-100,0,76,1,80,45,139,3,0,0,3158,142,0,1,0,1059,172,0,2,0,523,28,0,10,0,260,18,0,5,0,34,469,20,15,0,0,84,5,2,0,0,1,1,0,0
7,29,3,0,1,3,0,0,0,0,0,0,334,51,51,63,24,1,80,-100,76,0,0,80,45,256,0,0,0,3158,167,0,0,0,1059,212,0,0,0,523,4,0,0,0,260,0,0,0,0,34,280,0,0,0,0,50,0,0,0,0,0,0,0,0
7,30,0,7,2,4,0,1.058799,1.007856,1.037481,6,3,709,100,100,63,24,1,0,-86,77,80,1,80,39,96,3,0,0,3157,168,0,1,0,1060,179,0,2,0,514,6,0,6,0,272,0,0,2,0,63,528,8,7,0,0,105,3,0,0,0,0,0,0,0
7,30,1,15,2,4,0,1.001651,0.966206,0.944324,6,0,334,0,0,63,24,1,-86,0,-100,-100,0,80,39,118,15,0,0,3157,5,0,5,0,1060,324,0,10,0,514,0,0,0,0,272,0,0,0,0,63,329,0,5,0,0,0,0,0,0,0,0,0,0,0
7,30,2,14,2,4,0,1.040206,0.970716,1.000669,14,2,584,60,57,63,24,1,77,-100,0,76,1,80,39,133,0,0,0,3157,142,0,0,0,1060,172,0,0,0,514,42,0,10,0,272,13,0,5,0,63,477,20,12,0,0,88,5,1,0,0,0,0,0,0
7,30,3,0,2,4,0,0,0,0,0,0,334,51,51,63,24,1,80,-100,76,0,0,80,39,256,0,0,0,3157,167,0,0,0,1060,212,0,0,0,514,4,0,0,0,272,0,0,0,0,63,280,0,0,0,0,50,0,0,0,0,0,0,0,0
7,31,0,5,1,3,0,1.056464,1.003423,1.042607,4,3,709,100,100,63,24,1,0,-86,77,80,1,80,48,98,3,0,0,3164,168,0,1,0,1060,180,0,2,0,524,5,0,4,0,257,1,0,2,0,39,532,8,7,0,0,106,2,1,0,0,1,1,0,0
7,31,1,16,1,3,0,1.005259,0.965412,0.946214,6,0,334,0,0,63,24,1,-86,0,-100,-100,0,80,48,128,15,0,0,3164,5,0,5,0,1060,324,0,10,0,524,1,0,4,0,257,0,0,0,0,39,321,0,13,0,0,0,2,2,0,0,2,2,0,0
7,31,2,13,1,3,0,1.042171,0.972278,1.000944,13,2,584,63,60,63,24,1,77,-100,0,76,1,80,48,127,0,0,0,3164,136,0,0,0,1060,172,0,0,0,524,44,0,10,0,257,20,0,5,0,39,494,20,12,0,0,92,5,1,0,0,0,0,0,0
7,31,3,0,1,3,0,0,0,0,0,0,334,51,51,63,24,1,80,-100,76,0,0,80,48,256,0,0,0,3164,167,0,0,0,1060,212,0,0,0,524,4,0,0,0,257,0,0,0,0,39,280,0,0,0,0,50,0,0,0,0,0,0,0,0
7,32,0,5,1,5,0,1.056557,1.026418,1.049541,4,3,709,100,100,63,24,1,0,-86,77,80,1,80,52,100,3,0,0,3171,162,0,1,0,1068,181,0,2,0,530,1,0,4,0,253,2,0,2,0,39,538,8,5,0,0,108,2,0,0,0,0,0,0,0
7,32,1,14,1,5,0,1.010192,0.957625,0.947413,8,0,334,0,0,63,24,1,-86,0,-100,-100,0,80,52,137,15,0,0,3171,5,0,5,0,1068,324,0,10,0,530,0,0,6,0,253,0,0,4,0,39,323,16,17,0,0,0,3,3,0,0,3,3,0,0
7,32,2,11,1,5,0,1.054912,0.973157,1.001197,11,3,709,66,63,63,24,1,77,-100,0,76,1,80,52,124,0,0,0,3171,131,0,0,0,1068,172,0,0,0,530,45,0,8,0,253,28,0,4,0,39,492,16,27,0,0,78,4,18,0,0,0,0,0,0
7,32,3,0,1,5,0,0,0,0,0,0,334,51,51,63,24,1,80,-100,76,0,0,80,52,256,0,0,0,3171,167,0,0,0,1068,212,0,0,0,530,4,0,0,0,253,0,0,0,0,39,280,0,0,0,0,50,0,0,0,0,0,0,0,0
7,33,0,4,0,2,0,1.094821,1.055374,1.042758,3,3,709,100,100,63,24,1,0,-86,77,80,1,80,50,106,6,0,0,3173,155,0,2,0,1060,183,0,4,0,533,0,0,2,0,270,1,0,1,0,42,536,4,6,0,0,108,1,1,0,0,1,1,0,0
7,33,1,14,0,2,0,1.010192,0.957625,0.947413,11,0,334,0,0,63,24,1,-86,0,-100,-100,0,80,50,151,15,0,0,3173,5,0,5,0,1060,324,0,10,0,533,0,0,0,0,270,0,0,2,0,42,329,8,5,0,0,0,0,0,0,0,0,0,0,0
7,33,2,10,0,2,0,1.058893,0.970358,1.003796,10,3,709,69,66,63,24,1,77,-100,0,76,1,80,50,121,0,0,0,3173,128,0,0,0,1060,172,0,0,0,533,47,0,8,0,270,24,0,4,0,42,507,16,10,0,0,81,4,1,0,0,0,0,0,0
7,33,3,0,0,2,0,0,0,0,0,0,334,51,51,63,24,1,80,-100,76,0,0,80,50,256,0,0,0,3173,167,0,0,0,1060,212,0,0,0,533,4,0,0,0,270,0,0,0,0,42,280,0,0,0,0,50,0,0,0,0,0,0,0,0
7,34,0,4,1,1,0,1.094821,1.055374,1.042758,4,3,709,100,100,63,24,1,0,-86,77,80,1,80,54,112,6,0,0,3173,149,0,2,0,1060,182,0,4,0,543,0,0,0,0,254,3,0,1,0,42,538,4,2,0,0,108,0,0,0,0,0,0,0,0
7,34,1,15,1,1,0,1.006209,0.955788,0.94517,11,0,334,0,0,63,24,1,-86,0,-100,-100,0,80,54,162,15,0,0,3173,5,0,5,0,1060,324,0,10,0,543,0,0,0,0,254,3,0,6,0,42,329,24,5,0,0,0,0,0,0,0,0,0,0,0
7,34,2,9,1,1,0,1.065913,0.965075,1.007185,9,3,709,72,69,63,24,1,77,-100,0,76,1,80,54,123,0,0,0,3173,126,0,0,0,1060,172,0,0,0,543,40,0,8,0,254,26,0,4,0,42,522,16,10,0,0,84,4,1,0,0,0,0,0,0
7,34,3,0,1,1,0,0,0,0,0,0,334,51,51,63,24,1,80,-100,76,0,0,80,54,256,0,0,0,3173,167,0,0,0,1060,212,0,0,0,543,4,0,0,0,254,0,0,0,0,42,280,0,0,0,0,50,0,0,0,0,0,0,0,0
7,35,0,4,3,2,0,1.094821,1.055374,1.042758,4,3,709,100,100,63,24,1,0,-86,79,80,1,80,41,118,6,0,0,3172,143,0,2,0,1064,181,0,4,0,517,1,0,2,0,272,2,0,1,0,42,538,4,4,0,0,109,1,0,0,0,0,0,0,0
7,35,1,15,3,2,0,0.998258,0.957393,0.9431,11,0,334,0,0,63,24,1,-86,0,-100,-100,0,80,41,179,15,0,0,3172,5,0,5,0,1064,324,0,10,0,517,5,0,10,0,272,0,0,3,0,42,319,12,19,0,0,3,5,2,0,0,2,2,0,0
7,35,2,10,3,2,0,1.064694,0.955559,1.003164,8,3,709,75,72,63,24,1,79,-100,0,76,1,80,41,126,0,0,0,3172,125,0,0,0,1064,172,0,0,0,517,38,0,8,0,272,22,0,4,0,42,537,16,10,0,0,87,4,1,0,0,0,0,0,0
7,35,3,0,3,2,0,0,0,0,0,0,334,51,51,63,24,1,80,-100,76,0,0,80,41,256,0,0,0,3172,167,0,0,0,1064,212,0,0,0,517,4,0,0,0,272,0,0,0,0,42,280,0,0,0,0,50,0,0,0,0,0,0,0,0
7,36,0,4,3,1,0,1.094821,1.055374,1.042758,4,3,709,100,100,63,24,1,0,-86,81,80,1,80,54,122,6,0,0,3172,137,0,2,0,1057,180,0,4,0,533,1,0,0,0,269,1,0,1,0,47,540,4,2,0,0,109,0,0,0,0,0,0,0,0
7,36,1,18,3,1,0,1.000519,0.96496,0.937992,13,0,334,3,0,63,24,1,-86,0,-100,-100,0,80,54,193,15,0,0,3172,5,0,5,0,1057,324,0,10,0,533,1,0,8,0,269,0,0,3,0,47,323,12,17,0,0,5,4,2,0,0,1,1,0,0
7,36,2,9,3,1,0,1.064573,0.967084,1.008255,7,3,709,78,75,63,24,1,81,-100,0,76,1,80,54,129,3,0,0,3172,122,0,1,0,1057,173,0,2,0,533,37,0,8,0,269,18,0,4,0,47,546,16,13,0,0,89,4,2,0,0,1,1,0,0
7,36,3,0,3,1,0,0,0,0,0,0,334,51,51,63,24,1,80,-100,76,0,0,80,54,256,0,0,0,3172,167,0,0,0,1057,212,0,0,0,533,4,0,0,0,269,0,0,0,0,47,280,0,0,0,0,50,0,0,0,0,0,0,0,0
7,37,0,3,1,2,0,1.092706,1.0555,1.051743,3,3,709,100,100,63,24,1,0,-86,81,80,1,80,48,128,6,0,0,3159,131,0,2,0,1057,179,0,4,0,525,4,0,0,0,272,1,0,0,0,45,538,0,2,0,0,109,0,0,0,0,0,0,0,0
7,37,1,19,1,2,0,1.000642,0.963698,0.939975,14,0,334,6,3,63,24,1,-86,0,-100,-100,0,80,48,203,18,0,0,3159,14,0,6,0,1057,322,0,12,0,525,1,0,10,0,272,0,0,0,0,45,312,0,22,0,0,7,5,3,0,0,2,2,0,0
7,37,2,8,1,2,0,1.066874,0.966906,1.014389,7,3,709,81,78,63,24,1,81,-100,0,76,1,80,48,133,3,0,0,3159,120,0,1,0,1057,174,0,2,0,525,35,0,8,0,272,14,0,4,0,45,555,16,13,0,0,91,4,2,0,0,1,1,0,0
7,37,3,0,1,2,0,0,0,0,0,0,334,51,51,63,24,1,80,-100,76,0,0,80,48,256,0,0,0,3159,167,0,0,0,1057,212,0,0,0,525,4,0,0,0,272,0,0,0,0,45,280,0,0,0,0,50,0,0,0,0,0,0,0,0
7,38,0,2,2,5,0,1.098819,1.092399,1.018717,2,3,709,100,100,70,24,1,0,-100,100,80,1,80,49,133,6,0,0,3167,126,0,2,0,1051,178,0,4,0,541,4,0,0,0,262,1,0,0,0,38,536,0,2,0,0,109,0,0,0,0,0,0,0,0
7,38,1,18,2,5,0,1.009429,0.963509,0.941013,14,0,334,9,6,70,24,1,-100,0,-100,-100,0,80,49,220,21,0,0,3167,13,0,7,0,1051,320,0,14,0,541,1,0,0,0,262,0,0,5,0,38,323,20,13,0,0,4,0,3,0,0,2,2,0,0
7,38,2,7,2,5,0,1.056926,0.962686,1.021063,6,3,709,3,0,70,24,1,100,-100,0,100,1,80,49,138,3,0,0,3167,109,0,1,0,1051,175,0,2,0,541,34,0,4,0,262,17,0,2,0,38,559,8,7,0,0,92,2,1,0,0,0,0,0,0
7,38,3,0,2,5,0,0,0,0,0,0,334,51,51,70,24,1,80,-100,100,0,0,80,49,256,0,0,0,3167,167,0,0,0,1051,212,0,0,0,541,4,0,0,0,262,0,0,0,0,38,280,0,0,0,0,50,0,0,0,0,0,0,0,0
7,39,0,0,0,6,0,0,0,0,0,3,709,100,100,72,24,1,0,-100,100,80,0,80,56,131,0,0,0,3169,124,0,0,0,1049,178,0,0,0,538,4,0,0,0,272,1,0,0,0,51,536,0,0,0,0,109,0,0,0,0,0,0,0,0
7,39,1,16,0,6,0,1.003417,0.964697,0.935858,14,0,334,12,9,72,24,1,-100,0,-100,-100,0,80,56,238,24,0,0,3169,2,0,8,0,1049,318,0,16,0,538,1,0,0,0,272,0,0,0,0,51,322,0,12,0,0,2,0,2,0,0,1,1,0,0
7,39,2,5,0,6,0,1.051972,0.97667,1.002686,4,3,709,3,0,72,24,1,100,-100,0,100,0,80,56,140,3,0,0,3169,102,0,1,0,1049,176,0,2,0,538,33,0,4,0,272,15,0,2,0,51,560,8,7,0,0,93,2,1,0,0,0,0,0,0
7,39,3,0,0,6,0,0,0,0,0,0,334,51,51,72,24,1,80,-100,100,0,0,80,56,256,0,0,0,3169,167,0,0,0,1049,212,0,0,0,538,4,0,0,0,272,0,0,0,0,51,280,0,0,0,0,50,0,0,0,0,0,0,0,0
7,40,0,0,0,1,0,0,0,0,0,3,709,100,100,75,24,0,0,-100,94,80,0,80,65,131,0,0,0,3160,124,0,0,0,1048,178,0,0,0,544,4,0,0,0,272,1,0,0,0,51,536,0,0,0,0,109,0,0,0,0,0,0,0,0
7,40,1,15,0,1,0,1.00413,0.957431,0.934341,14,0,334,0,0,75,24,0,-100,0,-100,-100,0,80,65,254,21,0,0,3160,3,0,7,0,1048,320,0,14,0,544,0,0,0,0,272,0,0,0,0,51,327,0,7,0,0,0,0,0,0,0,0,0,0,0
7,40,2,5,0,1,0,1.051972,0.97667,1.002686,4,3,709,6,3,75,24,0,94,-100,0,94,0,80,65,142,3,0,0,3160,112,0,1,0,1048,177,0,2,0,544,30,0,4,0,272,13,0,2,0,51,564,8,7,0,0,96,2,1,0,0,0,0,0,0
7,40,3,0,0,1,0,0,0,0,0,0,334,51,51,75,24,0,80,-100,94,0,0,80,65,256,0,0,0,3160,167,0,0,0,1048,212,0,0,0,544,4,0,0,0,272,0,0,0,0,51,280,0,0,0,0,50,0,0,0,0,0,0,0,0
3,1,0,49,4,5,0,0.995611,0.993637,1.009584,0,0,334,100,100,5,0,0,0,-26,2,20,1,80,4,52,36,0,0,2802,201,0,12,0,911,62,0,24,0,503,1,0,44,0,198,17,0,23,0,0,101,92,74,0,0,13,22,9,0,0,9,9,0,0
3,1,1,49,4,5,0,0.998014,1.00001,1.009185,0,0,334,100,100,5,0,0,-26,0,-26,-38,0,80,4,57,39,0,0,2802,214,0,13,0,911,84,0,26,0,503,1,0,40,0,198,29,0,22,0,0,99,88,71,0,0,11,20,9,0,0,9,9,0,0
3,1,2,51,4,5,0,0.995655,0.99708,1.008101,0,0,334,100,100,5,0,0,2,-26,0,20,1,80,4,59,39,0,0,2802,200,0,13,0,911,63,0,26,0,503,1,0,44,0,198,16,0,24,0,0,105,96,75,0,0,13,22,9,0,0,9,9,0,0
3,1,3,50,4,5,0,0.997349,0.996092,1.009573,0,0,334,77.010104,77.010104,5,0,0,20,-38,20,0,2,80,4,53,36,0,0,2802,201,0,12,0,911,62,0,24,0,503,0,0,46,0,198,19,0,24,0,0,104,96,76,0,0,14,23,9,0,0,9,9,0,0
3,2,0,40,3,36,0,0.994873,0.996208,1.007984,7,0,334,100,100,11,0,1,0,-34,24,22,2,80,4,42,24,0,0,2822,248,0,8,0,920,70,0,16,0,440,1,0,24,0,272,0,0,17,0,0,133,68,48,0,0,17,12,8,0,0,8,8,0,0
3,2,1,39,3,36,0,1.003387,1.005698,1.011426,6,0,334,84.482041,81.482041,11,0,1,-34,0,-62,-46,0,80,4,62,39,0,0,2822,242,0,13,0,920,118,0,26,0,440,8,0,24,0,272,17,0,12,0,0,106,48,43,0,0,20,12,3,0,0,2,2,0,0
3,2,2,41,3,36,0,0.994224,0.983663,0.997615,8,0,334,46.465738,43.465738,11,0,1,24,-62,0,42,2,80,4,59,36,0,0,2822,217,0,12,0,920,75,0,24,0,440,1,0,14,0,272,0,0,16,0,0,136,64,46,0,0,10,7,10,0,0,9,9,0,0
3,2,3,46,3,36,0,0.995991,0.99563,1.010331,5,0,334,80.010104,77.010104,11,0,1,22,-46,42,0,2,80,4,57,36,0,0,2822,235,0,12,0,920,74,0,24,0,440,1,0,20,0,272,0,0,19,0,0,142,76,52,0,0,14,10,10,0,0,9,9,0,0
3,3,0,39,2,27,2,0.996827,0.999581,1.013623,14,0,334,100,100,17,1,1,0,-44,34,38,2,80,12,41,24,0,0,3200,200,0,8,0,927,78,0,16,0,501,1,0,10,0,240,0,0,12,0,0,163,48,32,0,0,15,5,7,0,0,7,7,0,0
3,3,1,26,2,27,2,0.993866,0.99812,1.011479,6,0,334,76.716848,73.716848,17,1,1,-44,0,-92,-80,0,80,12,72,39,0,0,3200,190,0,13,0,927,152,0,26,0,501,4,0,12,0,240,17,0,6,0,0,108,24,29,0,0,24,6,2,0,0,1,1,0,0
3,3,2,36,2,27,2,0.99476,0.981984,0.997086,16,0,334,21.336668,18.336668,17,1,1,34,-92,0,68,2,80,12,76,36,0,0,3200,164,0,12,0,927,87,0,24,0,501,0,0,12,0,240,0,0,4,0,0,125,16,40,0,0,8,6,8,0,0,7,7,0,0
3,3,3,40,2,27,2,0.991196,0.996122,1.003022,12,0,334,51.686863,48.686863,17,1,1,38,-80,68,0,2,80,12,66,36,0,0,3200,177,0,12,0,927,86,0,24,0,501,0,0,8,0,240,0,0,8,0,0,150,32,40,0,0,8,4,10,0,0,9,9,0,0
3,4,0,36,6,18,0,0.996074,1.001228,1.015693,18,0,334,100,100,18,2,1,0,-44,34,38,2,80,1,37,18,0,0,2936,235,0,6,0,932,84,0,12,0,496,1,0,10,0,246,0,0,11,0,68,177,44,30,0,0,13,5,7,0,0,7,7,0,0
3,4,1,25,6,18,0,0.989809,0.996564,1.013126,7,0,334,66.327525,63.327525,18,2,1,-44,0,-98,-86,0,80,1,98,39,0,0,2936,191,0,13,0,932,186,0,26,0,496,0,0,12,0,246,11,0,6,0,68,103,24,29,0,0,28,6,2,0,0,1,1,0,0
3,4,2,33,6,18,0,0.991215,0.97905,1.001877,19,0,334,24.336668,21.336668,18,2,1,34,-98,0,68,2,80,1,94,33,0,0,2936,181,0,11,0,932,98,0,22,0,496,0,0,12,0,246,0,0,6,0,68,114,24,35,0,0,8,6,6,0,0,5,5,0,0
3,4,3,35,6,18,0,0.991937,1.00584,1.003463,19,0,334,54.686863,51.686863,18,2,1,38,-86,68,0,2,80,1,82,33,0,0,2936,198,0,11,0,932,97,0,22,0,496,1,0,6,0,246,0,0,6,0,68,139,24,35,0,0,2,3,9,0,0,8,8,0,0
3,5,0,34,4,9,0,1.001129,0.999462,1.017684,22,0,334,100,100,18,2,1,0,-44,36,42,2,80,10,34,15,0,0,3031,194,0,5,0,944,89,0,10,0,499,0,0,18,0,268,0,0,2,0,11,167,8,35,0,0,16,9,6,0,0,6,6,0,0
3,5,1,26,4,9,0,0.986314,1.003491,1.010048,8,0,334,69.327525,66.327525,18,2,1,-44,0,-98,-86,0,80,10,126,39,0,0,3031,196,0,13,0,944,220,0,26,0,499,0,0,8,0,268,4,0,7,0,11,112,28,25,0,0,30,4,2,0,0,1,1,0,0
3,5,2,31,4,9,0,0.993615,0.970677,1.002503,21,0,334,27.336668,24.336668,18,2,1,36,-98,0,68,2,80,10,103,27,0,0,3031,195,0,9,0,944,107,0,18,0,499,0,0,8,0,268,0,0,2,0,11,110,8,29,0,0,6,4,6,0,0,5,5,0,0
3,5,3,33,4,9,0,0.993492,1.003207,1.003647,25,0,334,57.686863,54.686863,18,2,1,42,-86,68,0,2,80,10,91,30,0,0,3031,223,0,10,0,944,107,0,20,0,499,1,0,12,0,268,0,0,0,0,11,124,0,32,0,0,3,6,5,0,0,4,4,0,0
3,6,0,31,4,19,1,1.00557,1.004734,1.013879,26,0,334,100,100,20,4,1,0,-44,36,40,2,80,2,33,15,0,0,3064,235,0,5,0,953,94,0,10,0,543,0,0,0,0,217,4,0,17,0,0,243,68,9,0,0,14,0,2,0,0,2,2,0,0
3,6,1,18,4,19,1,0.982581,0.999481,1.013019,7,0,334,33.988238,30.988238,20,4,1,-44,0,-100,-100,0,80,2,134,24,0,0,3064,162,0,8,0,953,239,0,16,0,543,0,0,0,0,217,0,0,4,0,0,130,16,12,0,0,28,0,2,0,0,1,1,0,0
3,6,2,30,4,19,1,0.99568,0.973722,1.006318,24,0,334,30.336668,27.336668,20,4,1,36,-100,0,64,2,80,2,119,27,0,0,3064,211,0,9,0,953,116,0,18,0,543,0,0,0,0,217,0,0,9,0,0,146,36,17,0,0,2,0,4,0,0,3,3,0,0
3,6,3,30,4,19,1,0.99538,1.006103,1.004637,26,0,334,60.686863,57.686863,20,4,1,40,-100,64,0,2,80,2,95,21,0,0,3064,183,0,7,0,953,114,0,14,0,543,1,0,0,0,217,2,0,16,0,0,192,64,13,0,0,0,0,3,0,0,2,2,0,0
3,7,0,30,5,10,0,1.00621,1.005581,1.014472,27,0,334,100,100,22,5,1,0,-46,42,42,2,80,25,26,15,0,0,3078,199,0,5,0,990,99,0,10,0,539,1,0,4,0,235,0,0,10,0,65,270,40,13,0,0,14,2,2,0,0,2,2,0,0
3,7,1,18,5,10,0,0.978223,0.996611,1.015585,7,0,334,28.578362,25.578362,22,5,1,-46,0,-100,-100,0,80,25,155,24,0,0,3078,186,0,8,0,990,258,0,16,0,539,0,0,0,0,235,0,0,2,0,65,126,8,12,0,0,26,0,2,0,0,1,1,0,0
3,7,2,27,5,10,0,1.004182,0.969747,1.009724,22,0,334,24.957043,21.957043,22,5,1,42,-100,0,70,2,80,25,128,24,0,0,3078,173,0,8,0,990,124,0,16,0,539,0,0,0,0,235,3,0,12,0,65,185,48,12,0,0,0,0,2,0,0,1,1,0,0
3,7,3,29,5,10,0,0.998,1.005283,1.006614,25,0,334,60.686863,60.686863,22,5,1,42,-100,70,0,2,80,25,101,21,0,0,3078,218,0,7,0,990,121,0,14,0,539,1,0,0,0,235,1,0,15,0,65,245,60,7,0,0,0,0,0,0,0,0,0,0,0
3,8,0,28,3,9,0,1.005687,1.010239,1.019089,27,0,334,100,100,25,6,1,0,-50,56,44,2,80,22,23,12,0,0,3152,165,0,4,0,985,103,0,8,0,535,1,0,0,0,252,0,0,15,0,5,328,60,6,0,0,13,0,1,0,0,1,1,0,0
3,8,1,17,3,9,0,0.975023,0.997045,1.008908,7,0,334,17.783812,14.783812,25,6,1,-50,0,-100,-100,0,80,22,175,27,0,0,3152,159,0,9,0,985,280,0,18,0,535,0,0,0,0,252,1,0,4,0,5,139,16,13,0,0,24,0,2,0,0,1,1,0,0
3,8,2,26,3,9,0,1.00412,0.970791,1.011396,22,0,334,9.014915,9.014915,25,6,1,56,-100,0,82,2,80,22,145,27,0,0,3152,185,0,9,0,985,133,0,18,0,535,0,0,6,0,252,0,0,3,0,5,195,12,19,0,0,1,3,2,0,0,2,2,0,0
3,8,3,27,3,9,0,1.002201,1.010413,1.009454,22,0,334,60.686863,60.686863,25,6,1,44,-100,82,0,2,80,22,106,21,0,0,3152,182,0,7,0,985,128,0,14,0,535,0,0,4,0,252,0,0,1,0,5,250,4,15,0,0,0,2,2,0,0,2,2,0,0
3,9,0,26,3,6,0,1.005401,1.010019,1.017242,26,0,334,100,100,25,6,1,0,-50,58,46,2,80,14,22,12,0,0,3007,197,0,4,0,983,107,0,8,0,533,1,0,4,0,261,0,0,5,0,12,330,20,8,0,0,15,2,0,0,0,0,0,0,0
3,9,1,19,3,6,0,0.975367,0.995107,1.012704,8,1,459,20.783812,17.783812,25,6,1,-50,0,-100,-100,0,80,14,199,30,0,0,3007,157,0,10,0,983,305,0,20,0,533,0,0,0,0,261,0,0,1,0,12,117,4,31,0,0,5,0,19,0,0,1,1,0,0
3,9,2,24,3,6,0,1.004038,0.967648,1.014185,22,0,334,12.014915,9.014915,25,6,1,58,-100,0,82,2,80,14,162,27,0,0,3007,190,0,9,0,983,142,0,18,0,533,1,0,2,0,261,0,0,3,0,12,209,12,15,0,0,0,1,2,0,0,1,1,0,0
3,9,3,26,3,6,0,0.997545,1.003993,1.003364,22,0,334,60.686863,60.686863,25,6,1,46,-100,82,0,2,80,14,113,18,0,0,3007,205,0,6,0,983,134,0,12,0,533,0,0,4,0,261,0,0,3,0,12,265,12,14,0,0,0,2,2,0,0,2,2,0,0
3,10,0,26,2,7,0,1.005401,1.010019,1.017242,26,0,334,100,100,26,7,1,0,-50,60,46,2,80,27,22,12,0,0,3128,167,0,4,0,989,111,0,8,0,544,1,0,0,0,221,6,0,15,0,12,330,60,4,0,0,15,0,0,0,0,0,0,0,0
3,10,1,18,2,7,0,0.974856,0.996632,1.012886,9,1,459,12.631189,9.631189,26,7,1,-50,0,-100,-100,0,80,27,220,30,0,0,3128,168,0,10,0,989,330,0,20,0,544,0,0,0,0,221,0,0,0,0,12,108,0,14,0,0,3,0,2,0,0,1,1,0,0
3,10,2,22,2,7,0,0.996922,0.968676,1.017728,21,0,334,12.014915,12.014915,26,7,1,60,-100,0,82,2,80,27,180,24,0,0,3128,190,0,8,0,989,147,0,16,0,544,1,0,0,0,221,2,0,10,0,12,258,40,8,0,0,0,0,0,0,0,0,0,0,0
3,10,3,24,2,7,0,0.996261,1.004964,1.000344,22,0,334,60.686863,60.686863,26,7,1,46,-100,82,0,2,80,27,111,18,0,0,3128,173,0,6,0,989,140,0,12,0,544,0,0,0,0,221,2,0,13,0,12,328,52,6,0,0,0,0,0,0,0,0,0,0,0
3,11,0,23,3,12,0,1.001336,1.015896,1.016976,23,1,459,100,100,27,8,1,0,-50,62,48,2,80,6,28,12,0,0,3080,185,0,4,0,998,115,0,8,0,506,1,0,14,0,272,0,0,6,0,0,309,24,35,0,0,5,7,17,0,0,0,0,0,0
3,11,1,15,3,12,0,0.962627,0.997963,1.002887,6,1,459,0,0,27,8,1,-50,0,-100,-100,0,80,6,238,27,0,0,3080,151,0,9,0,998,357,0,18,0,506,0,0,0,0,272,0,0,0,0,0,102,0,9,0,0,0,0,0,0,0,0,0,0,0
3,11,2,21,3,12,0,0.996013,0.966818,1.012522,19,0,334,15.014915,12.014915,27,8,1,62,-100,0,82,2,80,6,190,18,0,0,3080,162,0,6,0,998,150,0,12,0,506,0,0,10,0,272,0,0,2,0,0,271,8,20,0,0,6,5,2,0,0,1,1,0,0
3,11,3,22,3,12,0,0.996172,0.999968,1.003125,20,0,334,60.686863,60.686863,27,8,1,48,-100,82,0,2,80,6,122,15,0,0,3080,192,0,5,0,998,145,0,10,0,506,0,0,12,0,272,0,0,2,0,0,317,8,19,0,0,5,6,1,0,0,1,1,0,0
3,12,0,24,5,10,0,1.003622,1.013714,1.014855,21,1,459,100,100,28,9,1,0,-50,62,48,2,80,22,35,12,0,0,3108,206,0,4,0,1008,119,0,8,0,535,0,0,4,0,256,0,0,6,0,12,339,24,8,0,0,7,2,0,0,0,0,0,0,0
3,12,1,16,5,10,0,0.958256,0.997229,0.998954,6,1,459,0,0,28,9,1,-50,0,-100,-100,0,80,22,264,27,0,0,3108,147,0,9,0,1008,374,0,18,0,535,0,0,0,0,256,0,0,1,0,12,93,4,9,0,0,0,0,0,0,0,0,0,0,0
3,12,2,17,5,10,0,0.99451,0.969793,1.021381,16,0,334,18.014915,15.014915,28,9,1,62,-100,0,82,2,80,22,196,15,0,0,3108,160,0,5,0,1008,152,0,10,0,535,0,0,0,0,256,1,0,8,0,12,313,32,7,0,0,5,0,1,0,0,0,0,0,0
3,12,3,19,5,10,0,0.997091,1.004179,1.003828,18,0,334,63.686863,60.686863,28,9,1,48,-100,82,0,2,80,22,123,15,0,0,3108,165,0,5,0,1008,150,0,10,0,535,1,0,2,0,256,0,0,0,0,12,323,0,11,0,0,4,1,2,0,0,1,1,0,0
3,13,0,25,2,2,0,1.00449,1.015388,1.014311,21,1,459,100,100,29,10,1,0,-50,64,48,2,80,32,34,15,0,0,3116,177,0,5,0,1055,112,0,10,0,544,0,0,0,0,259,0,0,7,0,14,375,28,9,0,0,5,0,2,0,0,2,2,0,0
3,13,1,17,2,2,0,0.956923,0.995212,0.998024,6,1,459,0,0,29,10,1,-50,0,-100,-100,0,80,32,292,30,0,0,3116,141,0,10,0,1055,375,0,20,0,544,0,0,0,0,259,0,0,2,0,14,85,8,10,0,0,0,0,0,0,0,0,0,0,0
3,13,2,17,2,2,0,0.99451,0.969793,1.021381,16,0,334,21.014915,18.014915,29,10,1,64,-100,0,80,2,80,32,207,15,0,0,3116,162,0,5,0,1055,145,0,10,0,544,0,0,0,0,259,0,0,2,0,14,327,8,9,0,0,3,0,2,0,0,1,1,0,0
3,13,3,17,2,2,0,0.999632,1.002289,1.007741,17,0,334,66.686863,63.686863,29,10,1,48,-100,80,0,2,80,32,129,12,0,0,3116,182,0,4,0,1055,148,0,8,0,544,1,0,0,0,259,0,0,3,0,14,330,12,6,0,0,3,0,1,0,0,0,0,0,0
3,14,0,24,5,7,1,1.009314,1.017742,1.0191,21,1,459,100,100,30,11,1,0,-50,62,48,2,80,9,36,12,0,0,3076,188,0,4,0,1017,116,0,8,0,538,0,0,6,0,248,0,0,9,0,18,416,36,12,0,0,7,3,1,0,0,1,1,0,0
3,14,1,17,5,7,1,0.960739,0.993322,0.995548,6,1,459,0,0,30,11,1,-50,0,-100,-100,0,80,9,320,30,0,0,3076,134,0,10,0,1017,390,0,20,0,538,0,0,0,0,248,0,0,3,0,18,91,12,10,0,0,0,0,0,0,0,0,0,0,0
3,14,2,17,5,7,1,0.986401,0.969308,1.015732,16,0,334,24.014915,21.014915,30,11,1,62,-100,0,76,2,80,9,223,15,0,0,3076,164,0,5,0,1017,147,0,10,0,538,0,0,0,0,248,0,0,6,0,18,329,24,7,0,0,2,0,1,0,0,0,0,0,0
3,14,3,16,5,7,1,1.000334,0.997609,1.010354,15,0,334,69.686863,66.686863,30,11,1,48,-100,76,0,2,80,9,144,12,0,0,3076,193,0,4,0,1017,152,0,8,0,538,1,0,0,0,248,0,0,6,0,18,330,24,6,0,0,2,0,1,0,0,0,0,0,0
3,15,0,25,5,6,1,1.010583,1.015008,1.01657,21,1,459,100,100,31,12,1,0,-50,62,44,2,80,17,45,15,0,0,3108,199,0,5,0,1011,121,0,10,0,522,0,0,12,0,272,0,0,0,0,9,414,0,19,0,0,12,6,1,0,0,1,1,0,0
3,15,1,17,5,6,1,0.965758,0.989357,0.995906,6,1,459,0,0,31,12,1,-50,0,-100,-100,0,80,17,345,27,0,0,3108,128,0,9,0,1011,408,0,18,0,522,1,0,0,0,272,0,0,0,0,9,86,0,9,0,0,0,0,0,0,0,0,0,0,0
3,15,2,15,5,6,1,0.986497,0.968438,1.013361,14,0,334,27.014915,24.014915,31,12,1,62,-100,0,72,2,80,17,234,12,0,0,3108,175,0,4,0,1011,148,0,8,0,522,0,0,2,0,272,0,0,0,0,9,324,0,10,0,0,1,1,2,0,0,1,1,0,0
3,15,3,16,5,6,1,1.004425,0.979341,1.013221,13,0,334,72.686863,69.686863,31,12,1,44,-100,72,0,2,80,17,149,9,0,0,3108,174,0,3,0,1011,155,0,6,0,522,1,0,4,0,272,0,0,0,0,9,323,0,11,0,0,2,2,2,0,0,1,1,0,0
3,16,0,25,4,6,0,1.010739,1.008457,1.011218,21,1,459,100,100,32,13,1,0,-50,62,44,2,80,19,50,15,0,0,3106,169,0,5,0,1013,126,0,10,0,541,0,0,2,0,267,0,0,3,0,14,435,12,11,0,0,11,1,2,0,0,2,2,0,0
3,16,1,16,4,6,0,0.96389,0.990514,0.994745,6,1,459,0,0,32,13,1,-50,0,-100,-100,0,80,19,362,27,0,0,3106,132,0,9,0,1013,429,0,18,0,541,0,0,0,0,267,0,0,0,0,14,69,0,9,0,0,0,0,0,0,0,0,0,0,0
3,16,2,16,4,6,0,0.999282,0.957287,1.02664,14,0,334,30.014915,27.014915,32,13,1,62,-100,0,70,2,80,19,244,9,0,0,3106,189,0,3,0,1013,148,0,6,0,541,1,0,0,0,267,0,0,1,0,14,331,4,5,0,0,0,0,1,0,0,0,0,0,0
3,16,3,14,4,6,0,0.998281,0.983424,1.008998,12,0,334,75.686863,72.686863,32,13,1,44,-100,70,0,2,80,19,159,12,0,0,3106,178,0,4,0,1013,159,0,8,0,541,0,0,2,0,267,0,0,1,0,14,326,4,10,0,0,1,1,2,0,0,1,1,0,0
3,17,0,24,4,7,0,1.013249,1.005708,1.011015,21,2,584,100,100,33,14,1,0,-50,60,44,2,80,19,56,15,0,0,3106,179,0,5,0,1009,131,0,10,0,514,0,0,18,0,272,0,0,0,0,20,404,0,42,0,0,2,9,18,0,0,1,1,0,0
3,17,1,17,4,7,0,0.95736,0.987112,0.994933,6,1,459,0,0,33,14,1,-50,0,-100,-100,0,80,19,385,27,0,0,3106,137,0,9,0,1009,441,0,18,0,514,1,0,2,0,272,0,0,0,0,20,55,0,13,0,0,0,1,1,0,0,1,1,0,0
3,17,2,15,4,7,0,0.997296,0.965858,1.021938,14,0,334,30.014915,30.014915,33,14,1,60,-100,0,68,2,80,19,249,12,0,0,3106,169,0,4,0,1009,149,0,8,0,514,0,0,4,0,272,0,0,0,0,20,324,0,10,0,0,1,2,1,0,0,1,1,0,0
3,17,3,12,4,7,0,0.99917,0.980183,0.990931,10,0,334,78.686863,75.686863,33,14,1,44,-100,68,0,2,80,19,170,12,0,0,3106,184,0,4,0,1009,163,0,8,0,514,0,0,6,0,272,0,0,0,0,20,317,0,12,0,0,3,3,1,0,0,0,0,0,0
3,18,0,23,3,3,0,1.015199,1.004462,1.008566,21,2,584,100,100,34,15,1,0,-50,60,44,2,80,28,66,15,0,0,3098,190,0,5,0,1012,136,0,10,0,512,1,0,14,0,272,0,0,0,0,14,400,0,21,0,0,8,7,1,0,0,1,1,0,0
3,18,1,18,3,3,0,0.966852,0.983785,0.997779,7,1,459,0,0,34,15,1,-50,0,-100,-100,0,80,28,409,30,0,0,3098,140,0,10,0,1012,439,0,20,0,512,1,0,4,0,272,0,0,0,0,14,34,0,16,0,0,1,2,1,0,0,1,1,0,0
3,18,2,16,3,3,0,1.001833,0.967311,1.020869,15,0,334,33.014915,30.014915,34,15,1,60,-100,0,66,2,80,28,258,12,0,0,3098,182,0,4,0,1012,150,0,8,0,512,0,0,4,0,272,0,0,0,0,14,324,0,10,0,0,2,2,1,0,0,0,0,0,0
3,18,3,11,3,3,0,1.011791,0.973978,0.997048,8,0,334,81.686863,78.686863,34,15,1,44,-100,66,0,2,80,28,180,12,0,0,3098,168,0,4,0,1012,167,0,8,0,512,3,0,6,0,272,0,0,0,0,14,320,0,14,0,0,4,3,2,0,0,1,1,0,0
3,19,0,24,4,7,0,1.020861,1.004089,1.012866,20,2,584,100,100,36,16,1,0,-52,66,44,2,80,20,68,12,0,0,3122,163,0,4,0,1011,140,0,8,0,528,1,0,6,0,248,1,0,11,0,28,449,44,12,0,0,10,3,1,0,0,1,1,0,0
3,19,1,16,4,7,0,0.963156,0.985057,0.995037,7,1,459,0,0,36,16,1,-52,0,-100,-100,0,80,20,432,30,0,0,3122,142,0,10,0,1011,439,0,20,0,528,1,0,2,0,248,0,0,2,0,28,29,8,14,0,0,0,1,1,0,0,1,1,0,0
3,19,2,17,4,7,0,1.003089,0.968833,1.024093,15,0,334,21.191505,18.191505,36,16,1,66,-100,0,70,2,80,20,274,15,0,0,3122,193,0,5,0,1011,152,0,10,0,528,0,0,2,0,248,0,0,2,0,28,327,8,11,0,0,2,1,2,0,0,1,1,0,0
3,19,3,8,4,7,0,1.019493,0.974478,0.993316,6,0,334,84.686863,81.686863,36,16,1,44,-100,70,0,2,80,20,184,6,0,0,3122,171,0,2,0,1011,169,0,4,0,528,0,0,6,0,248,3,0,3,0,28,323,12,12,0,0,5,3,2,0,0,1,1,0,0
3,20,0,21,3,7,0,1.018602,0.999529,1.017852,18,2,584,100,100,37,17,1,0,-52,64,44,2,80,24,71,12,0,0,3132,175,0,4,0,1023,144,0,8,0,535,1,0,4,0,272,0,0,1,0,26,458,4,12,0,0,10,2,2,0,0,2,2,0,0
3,20,1,16,3,7,0,0.964006,0.989004,0.996583,8,1,459,0,0,37,17,1,-52,0,-100,-100,0,80,24,459,30,0,0,3132,136,0,10,0,1023,439,0,20,0,535,0,0,0,0,272,0,0,0,0,26,11,0,10,0,0,0,0,0,0,0,0,0,0,0
3,20,2,17,3,7,0,1.001898,0.970639,1.026978,15,0,334,24.191505,21.191505,37,17,1,64,-100,0,68,2,80,24,277,12,0,0,3132,172,0,4,0,1023,153,0,8,0,535,0,0,2,0,272,0,0,0,0,26,324,0,10,0,0,1,1,2,0,0,1,1,0,0
3,20,3,7,3,7,0,1.022595,0.970792,1.00465,5,0,334,87.686863,84.686863,37,17,1,44,-100,68,0,2,80,24,187,3,0,0,3132,170,0,1,0,1023,170,0,2,0,535,0,0,4,0,272,1,0,2,0,26,325,8,9,0,0,5,2,2,0,0,1,1,0,0
3,21,0,20,2,8,0,1.019157,1.002606,1.024583,18,2,584,100,100,38,18,1,0,-52,64,42,2,80,24,76,12,0,0,3118,182,0,4,0,1014,148,0,8,0,534,0,0,2,0,251,2,0,10,0,30,505,40,8,0,0,10,1,1,0,0,1,1,0,0
3,21,1,14,2,8,0,0.95426,0.992375,0.993593,8,1,459,0,0,38,18,1,-52,0,-100,-100,0,80,24,459,33,0,0,3118,109,0,11,0,1014,437,0,22,0,534,0,0,0,0,251,2,0,1,0,30,3,4,11,0,0,0,0,0,0,0,0,0,0,0
3,21,2,16,2,8,0,1.003619,0.968099,1.025289,15,0,334,27.191505,24.191505,38,18,1,64,-100,0,66,2,80,24,284,12,0,0,3118,183,0,4,0,1014,154,0,8,0,534,1,0,0,0,251,0,0,6,0,30,330,24,6,0,0,0,0,1,0,0,0,0,0,0
3,21,3,5,2,8,0,1.035343,0.952734,1.011145,4,0,334,90.686863,87.686863,38,18,1,42,-100,66,0,2,80,24,189,3,0,0,3118,162,0,1,0,1014,171,0,2,0,534,6,0,2,0,251,0,0,1,0,30,325,4,7,0,0,4,1,2,0,0,1,1,0,0
3,22,0,20,3,3,0,1.021793,1.003539,1.025511,18,3,709,100,100,39,19,1,0,-52,62,42,2,80,41,86,12,0,0,3168,190,0,4,0,1020,149,0,8,0,511,0,0,18,0,272,0,0,2,0,28,487,8,41,0,0,1,9,18,0,0,1,1,0,0
3,22,1,15,3,3,0,0.959798,0.99336,0.991529,8,1,459,0,0,39,19,1,-52,0,-100,-100,0,80,41,459,15,0,0,3168,90,0,5,0,1020,449,0,10,0,511,0,0,0,0,272,0,0,0,0,28,0,0,5,0,0,0,0,0,0,0,0,0,0,0
3,22,2,17,3,3,0,1.004328,0.966625,1.020529,15,0,334,27.191505,27.191505,39,19,1,62,-100,0,64,2,80,41,288,12,0,0,3168,163,0,4,0,1020,155,0,8,0,511,0,0,10,0,272,0,0,2,0,28,320,8,16,0,0,4,5,1,0,0,1,1,0,0
3,22,3,3,3,3,0,1.064751,0.924994,0.990803,3,0,334,93.686863,90.686863,39,19,1,42,-100,64,0,2,80,41,186,0,0,0,3168,157,0,0,0,1020,171,0,0,0,511,10,0,2,0,272,0,0,0,0,28,324,0,4,0,0,4,1,1,0,0,0,0,0,0
3,23,0,21,2,2,0,1.024293,1.002504,1.022502,19,3,709,100,100,40,20,1,0,-52,60,40,2,80,40,88,12,0,0,3168,166,0,4,0,1024,150,0,8,0,514,1,0,14,0,272,0,0,0,0,31,484,0,20,0,0,7,7,1,0,0,1,1,0,0
3,23,1,15,2,2,0,0.959798,0.99336,0.991529,8,1,459,0,0,40,20,1,-52,0,-100,-100,0,80,40,459,9,0,0,3168,72,0,3,0,1024,453,0,6,0,514,1,0,2,0,272,0,0,0,0,31,0,0,5,0,0,1,1,0,0,0,0,0,0,0
3,23,2,18,2,2,0,1.003538,0.966489,1.019874,16,0,334,30.191505,27.191505,40,20,1,60,-100,0,62,2,80,40,296,12,0,0,3168,174,0,4,0,1024,159,0,8,0,514,0,0,12,0,272,0,0,0,0,31,312,0,20,0,0,8,6,2,0,0,1,1,0,0
3,23,3,1,2,2,0,1.086227,0.950806,1.02073,1,0,334,96.686863,93.686863,40,20,1,40,-100,62,0,2,80,40,185,0,0,0,3168,154,0,0,0,1024,171,0,0,0,514,8,0,2,0,272,0,0,0,0,31,323,0,4,0,0,4,1,1,0,0,0,0,0,0
3,24,0,18,3,6,0,1.026987,1.002552,1.019118,17,3,709,100,100,41,21,1,0,-52,60,38,1,80,27,98,12,0,0,3120,173,0,4,0,1017,151,0,8,0,537,1,0,4,0,254,0,0,6,0,36,513,24,10,0,0,8,2,1,0,0,1,1,0,0
3,24,1,14,3,6,0,0.964397,0.987711,0.994464,7,1,459,0,0,41,21,1,-52,0,-100,-100,0,80,27,459,27,0,0,3120,48,0,9,0,1017,441,0,18,0,537,0,0,0,0,254,1,0,2,0,36,4,8,9,0,0,0,0,0,0,0,0,0,0,0
3,24,2,20,3,6,0,0.998682,0.970163,1.017265,17,0,334,33.191505,30.191505,41,21,1,60,-100,0,60,1,80,27,306,12,0,0,3120,192,0,4,0,1017,161,0,8,0,537,0,0,4,0,254,0,0,9,0,36,328,36,12,0,0,9,2,2,0,0,1,1,0,0
3,24,3,0,3,6,0,0,0,0,0,0,334,96.686863,96.686863,41,21,1,38,-100,60,0,0,80,27,184,0,0,0,3120,153,0,0,0,1017,171,0,0,0,537,8,0,0,0,254,0,0,0,0,36,323,0,0,0,0,4,0,0,0,0,0,0,0,0
3,25,0,16,3,4,0,1.027048,0.996203,1.0161,16,3,709,100,100,41,21,1,0,-52,62,38,1,80,39,107,12,0,0,3168,183,0,4,0,1030,152,0,8,0,531,0,0,8,0,271,0,0,1,0,31,517,4,12,0,0,12,4,0,0,0,0,0,0,0
3,25,1,15,3,4,0,0.957711,0.977434,0.996716,7,1,459,0,0,41,21,1,-52,0,-100,-100,0,80,39,459,27,0,0,3168,25,0,9,0,1030,441,0,18,0,531,0,0,2,0,271,0,0,1,0,31,0,4,13,0,0,0,1,1,0,0,1,1,0,0
3,25,2,20,3,4,0,1.003369,0.969794,1.022182,17,0,334,36.191505,33.191505,41,21,1,62,-100,0,60,1,80,39,306,9,0,0,3168,169,0,3,0,1030,164,0,6,0,531,0,0,4,0,271,0,0,0,0,31,323,0,11,0,0,9,2,2,0,0,1,1,0,0
3,25,3,0,3,4,0,0,0,0,0,0,334,96.686863,96.686863,41,21,1,38,-100,60,0,0,80,39,184,0,0,0,3168,153,0,0,0,1030,171,0,0,0,531,8,0,0,0,271,0,0,0,0,31,323,0,0,0,0,4,0,0,0,0,0,0,0,0
3,26,0,16,4,5,0,1.03358,0.98866,1.0228,15,3,709,100,100,43,21,1,0,-56,76,38,1,80,30,116,12,0,0,3142,163,0,4,0,1038,153,0,8,0,543,0,0,0,0,241,1,0,8,0,34,562,32,4,0,0,12,0,0,0,0,0,0,0,0
3,26,1,15,4,5,0,0.972138,0.978519,1.000696,7,1,459,0,0,43,21,1,-56,0,-100,-100,0,80,30,459,27,0,0,3142,11,0,9,0,1038,441,0,18,0,543,0,0,0,0,241,8,0,2,0,34,4,8,9,0,0,0,0,0,0,0,0,0,0,0
3,26,2,19,4,5,0,1.003929,0.975163,1.025308,16,0,334,12.684613,9.684613,43,21,1,76,-100,0,72,1,80,30,310,9,0,0,3142,186,0,3,0,1038,167,0,6,0,543,1,0,0,0,241,2,0,10,0,34,329,40,7,0,0,7,0,2,0,0,1,1,0,0
3,26,3,0,4,5,0,0,0,0,0,0,334,96.686863,96.686863,43,21,1,38,-100,72,0,0,80,30,184,0,0,0,3142,153,0,0,0,1038,171,0,0,0,543,8,0,0,0,241,0,0,0,0,34,323,0,0,0,0,4,0,0,0,0,0,0,0,0
3,27,0,16,3,3,0,1.043202,0.989462,1.022676,14,3,709,100,100,43,21,1,0,-56,76,38,1,80,44,130,15,0,0,3162,166,0,5,0,1031,155,0,10,0,510,1,0,8,0,272,0,0,1,0,34,563,4,15,0,0,15,4,1,0,0,1,1,0,0
3,27,1,16,3,3,0,0.963462,0.982169,1.007104,6,1,459,0,0,43,21,1,-56,0,-100,-100,0,80,44,459,24,0,0,3162,2,0,8,0,1031,443,0,16,0,510,6,0,4,0,272,6,0,2,0,34,3,8,14,0,0,1,2,1,0,0,1,1,0,0
3,27,2,18,3,3,0,1.004221,0.973984,1.028382,16,0,334,15.684613,12.684613,43,21,1,76,-100,0,72,1,80,44,309,9,0,0,3162,164,0,3,0,1031,170,0,6,0,510,0,0,16,0,272,0,0,2,0,34,315,8,23,0,0,13,8,2,0,0,1,1,0,0
3,27,3,0,3,3,0,0,0,0,0,0,334,96.686863,96.686863,43,21,1,38,-100,72,0,0,80,44,184,0,0,0,3162,153,0,0,0,1031,171,0,0,0,510,8,0,0,0,272,0,0,0,0,34,323,0,0,0,0,4,0,0,0,0,0,0,0,0
3,28,0,15,1,5,0,1.049225,0.989847,1.02053,14,3,709,100,100,43,21,1,0,-56,78,38,1,80,36,139,12,0,0,3112,170,0,4,0,1036,156,0,8,0,540,0,0,2,0,259,0,0,4,0,34,583,16,8,0,0,15,1,1,0,0,1,1,0,0
3,28,1,14,1,5,0,0.956334,0.978142,1.000334,7,1,459,3,0,43,21,1,-56,0,-100,-100,0,80,36,459,27,0,0,3112,1,0,9,0,1036,441,0,18,0,540,2,0,6,0,259,8,0,3,0,34,4,12,21,0,0,1,3,3,0,0,2,2,0,0
3,28,2,17,1,5,0,1.007689,0.966496,1.033703,15,0,334,18.684613,15.684613,43,21,1,78,-100,0,72,1,80,36,317,9,0,0,3112,183,0,3,0,1036,173,0,6,0,540,1,0,0,0,259,0,0,4,0,34,329,16,7,0,0,11,0,2,0,0,1,1,0,0
3,28,3,0,1,5,0,0,0,0,0,0,334,96.686863,96.686863,43,21,1,38,-100,72,0,0,80,36,184,0,0,0,3112,153,0,0,0,1036,171,0,0,0,540,8,0,0,0,259,0,0,0,0,34,323,0,0,0,0,4,0,0,0,0,0,0,0,0
3,29,0,14,3,5,0,1.042345,0.993976,1.023493,14,3,709,100,100,43,21,1,0,-56,80,38,1,80,33,152,12,0,0,3113,175,0,4,0,1033,157,0,8,0,540,1,0,0,0,252,4,0,6,0,65,603,24,4,0,0,15,0,0,0,0,0,0,0,0
3,29,1,14,3,5,0,0.952927,0.976322,1.005174,9,1,459,6,3,43,21,1,-56,0,-100,-100,0,80,33,459,27,0,0,3113,1,0,9,0,1033,441,0,18,0,540,1,0,2,0,252,5,0,3,0,65,4,12,15,0,0,0,1,2,0,0,1,1,0,0
3,29,2,16,3,5,0,1.00258,0.966325,1.032832,13,0,334,21.684613,18.684613,43,21,1,80,-100,0,72,1,80,33,320,9,0,0,3113,195,0,3,0,1033,173,0,6,0,540,0,0,2,0,252,0,0,7,0,65,329,28,9,0,0,10,1,2,0,0,1,1,0,0
3,29,3,0,3,5,0,0,0,0,0,0,334,96.686863,96.686863,43,21,1,38,-100,72,0,0,80,33,184,0,0,0,3113,153,0,0,0,1033,171,0,0,0,540,8,0,0,0,252,0,0,0,0,65,323,0,0,0,0,4,0,0,0,0,0,0,0,0
3,30,0,14,1,2,0,1.047982,0.99943,1.026806,13,4,834,100,100,43,21,1,0,-56,82,38,1,80,38,164,12,0,0,3153,181,0,4,0,1042,158,0,8,0,535,1,0,4,0,268,0,0,4,0,27,603,16,25,0,0,0,2,17,0,0,0,0,0,0
3,30,1,14,1,2,0,0.952927,0.976322,1.005174,10,1,459,6,6,43,21,1,-56,0,-100,-100,0,80,38,459,27,0,0,3153,1,0,9,0,1042,441,0,18,0,535,0,0,2,0,268,1,0,4,0,27,22,16,13,0,0,0,1,1,0,0,1,1,0,0
3,30,2,15,1,2,0,1.001984,0.971398,1.033005,13,0,334,24.684613,21.684613,43,21,1,82,-100,0,72,1,80,38,322,6,0,0,3153,177,0,2,0,1042,175,0,4,0,535,0,0,4,0,268,0,0,4,0,27,330,16,10,0,0,10,2,2,0,0,1,1,0,0
3,30,3,0,1,2,0,0,0,0,0,0,334,96.686863,96.686863,43,21,1,38,-100,72,0,0,80,38,184,0,0,0,3153,153,0,0,0,1042,171,0,0,0,535,8,0,0,0,268,0,0,0,0,27,323,0,0,0,0,4,0,0,0,0,0,0,0,0
3,31,0,13,1,5,0,1.049725,0.995111,1.028772,12,4,834,100,100,43,21,1,0,-56,82,38,1,80,35,172,12,0,0,3145,163,0,4,0,1041,159,0,8,0,518,0,0,10,0,272,0,0,0,0,24,604,0,16,0,0,4,5,1,0,0,1,1,0,0
3,31,1,12,1,5,0,0.946977,0.972363,1.005102,9,1,459,6,6,43,21,1,-56,0,-100,-100,0,80,35,457,0,0,0,3145,0,0,0,0,1041,459,0,0,0,518,1,0,4,0,272,0,0,1,0,24,33,4,8,0,0,0,2,2,0,0,2,2,0,0
3,31,2,14,1,5,0,1.012326,0.982844,1.039938,13,0,334,27.684613,24.684613,43,21,1,82,-100,0,72,1,80,35,327,6,0,0,3145,192,0,2,0,1041,174,0,4,0,518,1,0,8,0,272,0,0,0,0,24,322,0,12,0,0,13,4,1,0,0,0,0,0,0
3,31,3,0,1,5,0,0,0,0,0,0,334,96.686863,96.686863,43,21,1,38,-100,72,0,0,80,35,184,0,0,0,3145,153,0,0,0,1041,171,0,0,0,518,8,0,0,0,272,0,0,0,0,24,323,0,0,0,0,4,0,0,0,0,0,0,0,0
3,32,0,13,0,1,0,1.049725,0.995111,1.028772,13,4,834,100,100,43,21,1,0,-56,84,38,1,80,42,181,12,0,0,3156,178,0,4,0,1047,160,0,8,0,524,0,0,6,0,272,0,0,0,0,16,600,0,10,0,0,7,3,0,0,0,0,0,0,0
3,32,1,12,0,1,0,0.946977,0.972363,1.005102,11,1,459,6,6,43,21,1,-56,0,-100,-100,0,80,42,455,0,0,0,3156,0,0,0,0,1047,459,0,0,0,524,0,0,6,0,272,0,0,0,0,16,40,0,8,0,0,2,3,1,0,0,1,1,0,0
3,32,2,13,0,1,0,1.011637,0.986282,1.048132,12,0,334,30.684613,27.684613,43,21,1,84,-100,0,72,1,80,42,326,3,0,0,3156,177,0,1,0,1047,175,0,2,0,524,0,0,10,0,272,0,0,0,0,16,319,0,15,0,0,16,5,2,0,0,1,1,0,0
3,32,3,0,0,1,0,0,0,0,0,0,334,96.686863,96.686863,43,21,1,38,-100,72,0,0,80,42,184,0,0,0,3156,153,0,0,0,1047,171,0,0,0,524,8,0,0,0,272,0,0,0,0,16,323,0,0,0,0,4,0,0,0,0,0,0,0,0
3,33,0,11,0,4,0,1.050352,0.990577,1.035439,11,4,834,100,100,43,21,1,0,-56,84,38,1,80,47,188,12,0,0,3124,193,0,4,0,1049,161,0,8,0,524,0,0,6,0,272,0,0,0,0,44,590,0,10,0,0,10,3,0,0,0,0,0,0,0
3,33,1,12,0,4,0,0.946977,0.972363,1.005102,12,1,459,9,6,43,21,1,-56,0,-100,-100,0,80,47,452,0,0,0,3124,0,0,0,0,1049,459,0,0,0,524,1,0,4,0,272,0,0,0,0,44,49,0,6,0,0,3,2,1,0,0,0,0,0,0
3,33,2,11,0,4,0,1.024765,0.987023,1.05137,11,1,459,33.684613,30.684613,43,21,1,84,-100,0,72,1,80,47,326,3,0,0,3124,187,0,1,0,1049,176,0,2,0,524,1,0,8,0,272,0,0,0,0,44,297,0,28,0,0,2,4,18,0,0,0,0,0,0
3,33,3,0,0,4,0,0,0,0,0,0,334,96.686863,96.686863,43,21,1,38,-100,72,0,0,80,47,184,0,0,0,3124,153,0,0,0,1049,171,0,0,0,524,8,0,0,0,272,0,0,0,0,44,323,0,0,0,0,4,0,0,0,0,0,0,0,0
3,34,0,10,2,2,0,1.045557,0.992347,1.034692,10,4,834,100,100,43,21,1,0,-56,86,38,1,80,41,200,12,0,0,3188,178,0,4,0,1046,162,0,8,0,535,1,0,2,0,264,0,0,0,0,6,609,0,6,0,0,11,1,0,0,0,0,0,0,0
3,34,1,13,2,2,0,0.950239,0.965282,1.004367,12,1,459,12,9,43,21,1,-56,0,-100,-100,0,80,41,455,0,0,0,3188,0,0,0,0,1046,459,0,0,0,535,1,0,0,0,264,2,0,3,0,6,74,12,2,0,0,2,0,1,0,0,0,0,0,0
3,34,2,11,2,2,0,1.025211,0.992943,1.055405,10,1,459,36.684613,33.684613,43,21,1,86,-100,0,72,1,80,41,331,3,0,0,3188,175,0,1,0,1046,177,0,2,0,535,1,0,6,0,264,0,0,3,0,6,322,12,9,0,0,4,3,1,0,0,0,0,0,0
3,34,3,0,2,2,0,0,0,0,0,0,334,96.686863,96.686863,43,21,1,38,-100,72,0,0,80,41,184,0,0,0,3188,153,0,0,0,1046,171,0,0,0,535,8,0,0,0,264,0,0,0,0,6,323,0,0,0,0,4,0,0,0,0,0,0,0,0
3,35,0,10,4,4,0,1.049046,0.986998,1.040568,9,4,834,100,100,43,21,1,0,-56,86,38,1,80,42,207,9,0,0,3163,165,0,3,0,1045,162,0,6,0,527,0,0,4,0,272,0,0,0,0,28,619,0,7,0,0,13,2,0,0,0,0,0,0,0
3,35,1,13,4,4,0,0.950445,0.96084,1.002769,11,1,459,15,12,43,21,1,-56,0,-100,-100,0,80,42,457,0,0,0,3163,0,0,0,0,1045,459,0,0,0,527,0,0,6,0,272,0,0,2,0,28,89,8,10,0,0,3,3,2,0,0,1,1,0,0
3,35,2,11,4,4,0,1.03195,1.005222,1.055761,8,1,459,39.684613,36.684613,43,21,1,86,-100,0,72,1,80,42,337,3,0,0,3163,187,0,1,0,1045,178,0,2,0,527,0,0,10,0,272,0,0,0,0,28,313,0,15,0,0,7,5,2,0,0,1,1,0,0
3,35,3,0,4,4,0,0,0,0,0,0,334,96.686863,96.686863,43,21,1,38,-100,72,0,0,80,42,184,0,0,0,3163,153,0,0,0,1045,171,0,0,0,527,8,0,0,0,272,0,0,0,0,28,323,0,0,0,0,4,0,0,0,0,0,0,0,0
3,36,0,9,0,5,0,1.050219,0.985864,1.041106,8,4,834,100,100,43,21,1,0,-56,86,38,1,80,53,221,12,0,0,3163,175,0,4,0,1047,163,0,8,0,530,0,0,6,0,272,0,0,0,0,34,609,0,10,0,0,16,3,0,0,0,0,0,0,0
3,36,1,13,0,5,0,0.950445,0.96084,1.002769,12,1,459,18,15,43,21,1,-56,0,-100,-100,0,80,53,455,0,0,0,3163,0,0,0,0,1047,459,0,0,0,530,1,0,4,0,272,0,0,0,0,34,98,0,8,0,0,3,2,2,0,0,1,1,0,0
3,36,2,7,0,5,0,1.043436,1.014888,1.059073,5,1,459,42.684613,39.684613,43,21,1,86,-100,0,72,1,80,53,333,3,0,0,3163,175,0,1,0,1047,179,0,2,0,530,1,0,2,0,272,0,0,0,0,34,316,0,7,0,0,6,1,2,0,0,1,1,0,0
3,36,3,0,0,5,0,0,0,0,0,0,334,96.686863,96.686863,43,21,1,38,-100,72,0,0,80,53,184,0,0,0,3163,153,0,0,0,1047,171,0,0,0,530,8,0,0,0,272,0,0,0,0,34,323,0,0,0,0,4,0,0,0,0,0,0,0,0
3,37,0,8,1,3,0,1.050336,0.984788,1.033908,7,4,834,100,100,43,21,1,0,-56,86,38,1,80,54,232,12,0,0,3171,178,0,4,0,1048,164,0,8,0,538,0,0,2,0,270,0,0,2,0,34,611,8,6,0,0,17,1,0,0,0,0,0,0,0
3,37,1,14,1,3,0,0.9447,0.96307,0.99831,13,1,459,21,18,43,21,1,-56,0,-100,-100,0,80,54,452,0,0,0,3171,0,0,0,0,1048,459,0,0,0,538,1,0,4,0,270,0,0,0,0,34,109,0,6,0,0,4,2,1,0,0,0,0,0,0
3,37,2,5,1,3,0,1.038311,1.032256,1.070577,4,1,459,45.684613,42.684613,43,21,1,86,-100,0,72,1,80,54,331,3,0,0,3171,167,0,1,0,1048,180,0,2,0,538,1,0,0,0,270,0,0,0,0,34,327,0,3,0,0,5,0,1,0,0,0,0,0,0
3,37,3,0,1,3,0,0,0,0,0,0,334,96.686863,96.686863,43,21,1,38,-100,72,0,0,80,54,184,0,0,0,3171,153,0,0,0,1048,171,0,0,0,538,8,0,0,0,270,0,0,0,0,34,323,0,0,0,0,4,0,0,0,0,0,0,0,0
3,38,0,7,0,4,0,1.048785,0.98861,1.029937,6,4,834,100,100,43,21,1,0,-56,86,38,1,80,57,242,12,0,0,3160,166,0,4,0,1056,165,0,8,0,534,0,0,0,0,271,0,0,1,0,36,623,4,4,0,0,17,0,0,0,0,0,0,0,0
3,38,1,13,0,4,0,0.93856,0.96934,0.994648,12,1,459,24,21,43,21,1,-56,0,-100,-100,0,80,57,459,21,0,0,3160,3,0,7,0,1056,445,0,14,0,534,3,0,8,0,271,0,0,0,0,36,105,0,19,0,0,6,4,2,0,0,1,1,0,0
3,38,2,3,0,4,0,1.054286,1.027003,1.096034,2,1,459,48.684613,45.684613,43,21,1,86,-100,0,72,1,80,57,333,3,0,0,3160,177,0,1,0,1056,181,0,2,0,534,1,0,0,0,271,0,0,0,0,36,324,0,3,0,0,4,0,1,0,0,0,0,0,0
3,38,3,0,0,4,0,0,0,0,0,0,334,96.686863,96.686863,43,21,1,38,-100,72,0,0,80,57,184,0,0,0,3160,153,0,0,0,1056,171,0,0,0,534,8,0,0,0,271,0,0,0,0,36,323,0,0,0,0,4,0,0,0,0,0,0,0,0
3,39,0,6,0,3,0,1.058869,0.986416,1.030124,5,4,834,100,100,43,21,1,0,-56,86,38,1,80,50,256,12,0,0,3172,163,0,4,0,1056,166,0,8,0,542,1,0,0,0,266,1,0,1,0,45,623,4,4,0,0,17,0,0,0,0,0,0,0,0
3,39,1,13,0,3,0,0.93856,0.96934,0.994648,13,1,459,27,24,43,21,1,-56,0,-100,-100,0,80,50,459,21,0,0,3172,3,0,7,0,1056,445,0,14,0,542,0,0,4,0,266,0,0,4,0,45,123,16,13,0,0,7,2,1,0,0,0,0,0,0
3,39,2,1,0,3,0,1.052083,1.013093,1.08409,0,1,459,51.684613,48.684613,43,21,1,86,-100,0,72,1,80,50,330,0,0,0,3172,174,0,0,0,1056,181,0,0,0,542,1,0,0,0,266,0,0,0,0,45,330,0,2,0,0,3,0,1,0,0,0,0,0,0
3,39,3,0,0,3,0,0,0,0,0,0,334,96.686863,96.686863,43,21,1,38,-100,72,0,0,80,50,184,0,0,0,3172,153,0,0,0,1056,171,0,0,0,542,8,0,0,0,266,0,0,0,0,45,323,0,0,0,0,4,0,0,0,0,0,0,0,0
3,40,0,4,2,2,0,1.031285,0.983842,1.041728,3,4,834,100,100,43,21,1,0,-56,86,38,1,80,55,265,9,0,0,3172,162,0,3,0,1061,166,0,6,0,535,1,0,0,0,270,0,0,1,0,53,624,4,3,0,0,17,0,0,0,0,0,0,0,0
3,40,1,15,2,2,0,0.932549,0.966017,0.994019,13,1,459,30,27,43,21,1,-56,0,-100,-100,0,80,55,459,21,0,0,3172,3,0,7,0,1061,445,0,14,0,535,0,0,6,0,270,0,0,2,0,53,131,8,15,0,0,9,3,1,0,0,0,0,0,0
3,40,2,1,2,2,0,1.052083,1.013093,1.08409,0,1,459,54.684613,51.684613,43,21,1,86,-100,0,72,1,80,55,329,0,0,0,3172,173,0,0,0,1061,181,0,0,0,535,1,0,0,0,270,0,0,0,0,53,328,0,2,0,0,2,0,1,0,0,0,0,0,0
3,40,3,0,2,2,0,0,0,0,0,0,334,96.686863,96.686863,43,21,1,38,-100,72,0,0,80,55,184,0,0,0,3172,153,0,0,0,1061,171,0,0,0,535,8,0,0,0,270,0,0,0,0,53,323,0,0,0,0,4,0,0,0,0,0,0,0,0
1,1,0,49,2,7,0,1.002619,0.999108,1.002546,0,0,334,100,100,9,0,0,0,-34,44,2,1,80,5,53,36,0,0,2802,193,0,12,0,911,62,0,24,0,479,2,0,46,0,272,2,0,23,0,0,100,92,76,0,0,14,23,9,0,0,9,9,0,0
1,1,1,48,2,7,0,1.00047,1.002856,1.005722,0,0,334,100,100,9,0,0,-34,0,-62,-34,0,80,5,55,39,0,0,2802,204,0,13,0,911,84,0,26,0,479,2,0,44,0,272,3,0,22,0,0,97,88,75,0,0,13,22,9,0,0,9,9,0,0
1,1,2,48,2,7,0,1.003334,0.997129,1.002988,0,0,334,58.847306,58.847306,9,0,0,44,-62,0,42,2,80,5,52,36,0,0,2802,201,0,12,0,911,62,0,24,0,479,7,0,46,0,272,2,0,23,0,0,99,92,76,0,0,14,23,9,0,0,9,9,0,0
1,1,3,50,2,7,0,1.004033,0.998556,1.002814,0,0,334,100,100,9,0,0,2,-34,42,0,1,80,5,55,39,0,0,2802,200,0,13,0,911,63,0,26,0,479,6,0,48,0,272,1,0,24,0,0,101,96,79,0,0,15,24,9,0,0,9,9,0,0
1,2,0,47,2,11,0,1.00407,1.000326,1.001979,7,0,334,100,100,17,0,1,0,-42,46,20,2,80,7,59,36,0,0,2848,212,0,12,0,920,71,0,24,0,415,1,0,30,0,272,0,0,2,0,0,65,8,60,0,0,20,15,9,0,0,9,9,0,0
1,2,1,46,2,11,0,1.000414,1.003068,1.009033,7,0,334,57.726247,54.726247,17,0,1,-42,0,-70,-82,0,80,7,58,36,0,0,2848,224,0,12,0,920,115,0,24,0,415,1,0,38,0,272,0,0,3,0,0,56,12,70,0,0,22,19,10,0,0,9,9,0,0
1,2,2,46,2,11,0,1.002538,0.995682,1.003902,8,0,334,61.847306,58.847306,17,0,1,46,-70,0,58,2,80,7,54,33,0,0,2848,230,0,11,0,920,73,0,22,0,415,1,0,38,0,272,0,0,2,0,0,55,8,69,0,0,23,19,10,0,0,9,9,0,0
1,2,3,47,2,11,0,1.004003,0.999289,1.00528,7,0,334,66.774501,63.774501,17,0,1,20,-82,58,0,2,80,7,58,39,0,0,2848,225,0,13,0,920,76,0,26,0,415,1,0,36,0,272,0,0,1,0,0,53,4,69,0,0,23,18,10,0,0,9,9,0,0
1,3,0,42,4,20,0,1.005666,0.999094,0.999165,13,0,334,100,100,24,1,1,0,-54,82,20,2,80,4,63,33,0,0,3120,218,0,11,0,949,82,0,22,0,503,1,0,14,0,235,0,0,9,0,0,75,36,43,0,0,18,7,9,0,0,9,9,0,0
1,3,1,40,4,20,0,1.000282,1.002992,1.008189,14,0,334,52.096794,49.096794,24,1,1,-54,0,-100,-100,0,80,4,65,36,0,0,3120,166,0,12,0,949,128,0,24,0,503,1,0,4,0,235,0,0,6,0,0,61,24,36,0,0,14,2,10,0,0,9,9,0,0
1,3,2,45,4,20,0,1.003933,0.995978,1.003667,16,0,334,3,0,24,1,1,82,-100,0,94,2,80,4,49,33,0,0,3120,173,0,11,0,949,84,0,22,0,503,1,0,6,0,235,0,0,12,0,0,83,48,37,0,0,15,3,10,0,0,9,9,0,0
1,3,3,43,4,20,0,1.007312,0.999839,1.004678,13,0,334,69.774501,66.774501,24,1,1,20,-100,94,0,2,80,4,65,36,0,0,3120,166,0,12,0,949,88,0,24,0,503,1,0,12,0,235,0,0,5,0,0,44,20,44,0,0,19,6,10,0,0,9,9,0,0
1,4,0,39,2,13,1,1.006921,0.997708,1.003548,19,0,334,100,100,28,2,1,0,-62,88,35,2,80,6,65,27,0,0,2980,167,0,9,0,931,91,0,18,0,538,0,0,4,0,243,0,0,7,0,0,88,28,31,0,0,11,2,9,0,0,9,9,0,0
1,4,1,38,2,13,1,0.998864,1.00302,1.011544,21,0,334,45.457701,42.457701,28,2,1,-62,0,-100,-100,0,80,6,79,36,0,0,2980,174,0,12,0,931,159,0,24,0,538,1,0,0,0,243,0,0,2,0,0,54,8,32,0,0,4,0,10,0,0,9,9,0,0
1,4,2,41,2,13,1,1.003285,0.997583,1.003541,23,0,334,3,0,28,2,1,88,-100,0,100,2,80,6,45,30,0,0,2980,198,0,10,0,931,94,0,20,0,538,0,0,2,0,243,0,0,14,0,0,123,56,32,0,0,1,1,10,0,0,9,9,0,0
1,4,3,41,2,13,1,1.007672,0.999602,1.005811,19,0,334,52.08981,49.08981,28,2,1,35,-100,100,0,2,80,6,77,33,0,0,2980,184,0,11,0,931,99,0,22,0,538,1,0,2,0,243,0,0,6,0,0,52,24,33,0,0,10,1,10,0,0,9,9,0,0
1,5,0,37,4,12,0,1.006421,1.001405,1.003634,25,0,334,100,100,31,3,1,0,-66,94,41,2,80,6,72,27,0,0,2968,167,0,9,0,943,100,0,18,0,449,1,0,22,0,272,0,0,0,0,0,61,0,43,0,0,16,11,6,0,0,6,6,0,0
1,5,1,37,4,12,0,1.000126,1.0067,1.011223,28,0,334,40.057552,37.057552,31,3,1,-66,0,-100,-100,0,80,6,92,36,0,0,2968,164,0,12,0,943,190,0,24,0,449,0,0,18,0,272,0,0,0,0,0,31,0,40,0,0,8,9,5,0,0,4,4,0,0
1,5,2,40,4,12,0,1.00727,0.991657,1.006214,29,0,334,0,0,31,3,1,94,-100,0,100,2,80,6,46,27,0,0,2968,228,0,9,0,943,100,0,18,0,449,1,0,24,0,272,0,0,0,0,0,95,0,43,0,0,7,12,5,0,0,5,5,0,0
1,5,3,37,4,12,0,1.010657,1.000745,1.003885,24,0,334,47.194902,44.194902,31,3,1,41,-100,100,0,2,80,6,85,30,0,0,2968,189,0,10,0,943,109,0,20,0,449,1,0,26,0,272,0,0,0,0,0,17,0,52,0,0,15,13,8,0,0,7,7,0,0
1,6,0,36,3,6,0,1.006611,0.995251,1.003582,29,0,334,100,100,32,3,1,0,-68,100,43,2,80,2,74,24,0,0,3058,178,0,8,0,955,108,0,16,0,467,0,0,22,0,265,0,0,2,0,0,50,8,36,0,0,24,11,3,0,0,3,3,0,0
1,6,1,37,3,6,0,1.001275,1.002903,1.015365,31,0,334,43.057552,40.057552,32,3,1,-68,0,-100,-100,0,80,2,107,36,0,0,3058,145,0,12,0,955,221,0,24,0,467,0,0,20,0,265,0,0,2,0,0,16,8,40,0,0,14,10,4,0,0,3,3,0,0
1,6,2,38,3,6,0,1.010953,0.994885,1.005728,32,0,334,3,0,32,3,1,100,-100,0,100,2,80,2,47,27,0,0,3058,179,0,9,0,955,109,0,18,0,467,0,0,22,0,265,0,0,2,0,0,80,8,39,0,0,14,11,4,0,0,3,3,0,0
1,6,3,37,3,6,0,1.008328,1.000516,1.004117,30,0,334,50.194902,47.194902,32,3,1,43,-100,100,0,2,80,2,95,27,0,0,3058,199,0,9,0,955,118,0,18,0,467,0,0,16,0,265,0,0,1,0,0,5,4,33,0,0,19,8,4,0,0,3,3,0,0
1,7,0,34,4,6,0,1.008111,0.996517,1.003189,30,0,334,100,100,33,3,1,0,-70,100,45,2,80,13,76,24,0,0,2996,182,0,8,0,958,116,0,16,0,517,0,0,12,0,194,3,0,15,0,67,86,60,24,0,0,28,6,2,0,0,2,2,0,0
1,7,1,38,4,6,0,1.003707,1.002761,1.012656,33,0,334,46.057552,43.057552,33,3,1,-70,0,-100,-100,0,80,13,123,36,0,0,2996,116,0,12,0,958,252,0,24,0,517,1,0,2,0,194,0,0,17,0,67,65,68,20,0,0,12,1,3,0,0,2,2,0,0
1,7,2,38,4,6,0,1.010699,0.996158,1.003144,34,0,334,3,0,33,3,1,100,-100,0,100,2,80,13,41,27,0,0,2996,204,0,9,0,958,118,0,18,0,517,1,0,8,0,194,2,0,17,0,67,125,68,23,0,0,15,4,3,0,0,2,2,0,0
1,7,3,36,4,6,0,1.0093,1.000988,1.005117,31,0,334,53.194902,50.194902,33,3,1,45,-100,100,0,2,80,13,95,24,0,0,2996,210,0,8,0,958,126,0,16,0,517,1,0,2,0,194,6,0,18,0,67,61,72,16,0,0,17,1,3,0,0,2,2,0,0
1,8,0,33,1,8,0,1.012517,0.9994,1.000826,31,0,334,100,100,38,4,1,0,-78,98,63,2,80,19,81,21,0,0,3052,189,0,7,0,955,123,0,14,0,469,1,0,20,0,271,0,0,3,0,10,82,12,29,0,0,37,10,1,0,0,1,1,0,0
1,8,1,36,1,8,0,1.006712,1.003648,1.013694,33,0,334,41.185029,38.185029,38,4,1,-78,0,-100,-100,0,80,19,135,36,0,0,3052,86,0,12,0,955,283,0,24,0,469,1,0,12,0,271,0,0,1,0,10,55,4,30,0,0,15,6,3,0,0,2,2,0,0
1,8,2,37,1,8,0,1.009535,0.996421,1.00251,34,0,334,3,0,38,4,1,98,-100,0,100,2,80,19,41,27,0,0,3052,234,0,9,0,955,127,0,18,0,469,0,0,24,0,271,0,0,2,0,10,106,8,37,0,0,25,12,2,0,0,1,1,0,0
1,8,3,33,1,8,0,1.011379,1.004458,1.001398,30,0,334,32.730173,29.730173,38,4,1,63,-100,100,0,2,80,19,92,24,0,0,3052,166,0,8,0,955,134,0,16,0,469,0,0,20,0,271,0,0,6,0,10,70,24,34,0,0,24,10,3,0,0,2,2,0,0
1,9,0,33,2,7,0,1.016595,1.001478,0.998455,31,0,334,100,100,40,4,1,0,-82,100,71,2,80,18,88,21,0,0,3084,197,0,7,0,964,130,0,14,0,479,1,0,12,0,247,0,0,12,0,0,126,48,21,0,0,42,6,1,0,0,1,1,0,0
1,9,1,34,2,7,0,1.005078,1.003314,1.017081,33,1,459,44.185029,41.185029,40,4,1,-82,0,-100,-100,0,80,18,149,36,0,0,3084,58,0,12,0,964,310,0,24,0,479,1,0,20,0,247,0,0,2,0,0,27,8,53,0,0,6,10,19,0,0,1,1,0,0
1,9,2,35,2,7,0,1.00803,0.997672,1.005288,33,0,334,3,0,40,4,1,100,-100,0,100,2,80,18,43,30,0,0,3084,187,0,10,0,964,134,0,20,0,479,0,0,18,0,247,0,0,4,0,0,104,16,32,0,0,32,9,2,0,0,1,1,0,0
1,9,3,32,2,7,0,1.011844,1.009324,1.001687,30,0,334,24.611637,21.611637,40,4,1,71,-100,100,0,2,80,18,93,21,0,0,3084,174,0,7,0,964,141,0,14,0,479,1,0,14,0,247,0,0,7,0,0,90,28,25,0,0,29,7,2,0,0,1,1,0,0
1,10,0,32,6,6,1,1.012558,1.00289,1.000788,30,0,334,100,100,41,4,1,0,-90,100,76,2,80,15,92,21,0,0,3038,197,0,7,0,964,137,0,14,0,508,1,0,14,0,240,0,0,13,0,0,170,52,23,0,0,48,7,1,0,0,1,1,0,0
1,10,1,33,6,6,1,1.00777,1.003862,1.012966,32,1,459,47.185029,44.185029,41,4,1,-90,0,-100,-100,0,80,15,171,36,0,0,3038,22,0,12,0,964,341,0,24,0,508,1,0,4,0,240,0,0,3,0,0,38,12,18,0,0,7,2,1,0,0,0,0,0,0
1,10,2,38,6,6,1,1.009861,0.995289,1.005194,34,0,334,3,0,41,4,1,100,-100,0,100,2,80,15,55,30,0,0,3038,188,0,10,0,964,141,0,20,0,508,1,0,10,0,240,0,0,8,0,0,129,32,24,0,0,35,5,2,0,0,1,1,0,0
1,10,3,31,6,6,1,1.012756,1.017147,0.996965,29,0,334,27.611637,24.611637,41,4,1,76,-100,100,0,2,80,15,95,21,0,0,3038,191,0,7,0,964,148,0,14,0,508,0,0,8,0,240,0,0,8,0,0,120,32,19,0,0,31,4,2,0,0,1,1,0,0
1,11,0,32,5,7,0,1.012205,1.007092,1.002263,30,0,334,100,100,43,4,1,0,-94,100,84,2,80,7,97,21,0,0,3027,206,0,7,0,961,144,0,14,0,540,0,0,2,0,205,6,0,14,0,0,232,56,11,0,0,48,1,1,0,0,1,1,0,0
1,11,1,33,5,7,0,1.008417,1.000671,1.013332,30,1,459,50.185029,47.185029,43,4,1,-94,0,-100,-100,0,80,7,187,30,0,0,3027,0,0,10,0,961,376,0,20,0,540,0,0,2,0,205,0,0,8,0,0,71,32,16,0,0,6,1,2,0,0,1,1,0,0
1,11,2,36,5,7,0,1.006879,0.999627,1.007145,33,0,334,3,0,43,4,1,100,-100,0,100,2,80,7,62,30,0,0,3027,191,0,10,0,961,148,0,20,0,540,0,0,2,0,205,2,0,17,0,0,196,68,18,0,0,33,1,3,0,0,2,2,0,0
1,11,3,31,5,7,0,1.019427,1.012675,1.000835,28,0,334,19.243897,16.243897,43,4,1,84,-100,100,0,2,80,7,104,21,0,0,3027,201,0,7,0,961,155,0,14,0,540,1,0,0,0,205,2,0,15,0,0,186,60,11,0,0,29,0,2,0,0,1,1,0,0
1,12,0,31,5,6,0,1.012517,1.00662,1.003423,29,0,334,100,100,43,4,1,0,-94,100,86,2,80,11,102,24,0,0,3101,166,0,8,0,956,152,0,16,0,500,0,0,12,0,252,0,0,6,0,0,252,24,22,0,0,53,6,1,0,0,1,1,0,0
1,12,1,34,5,6,0,1.007503,1.002341,1.01272,30,1,459,53.185029,50.185029,43,4,1,-94,0,-100,-100,0,80,11,199,30,0,0,3101,0,0,10,0,956,411,0,20,0,500,0,0,0,0,252,5,0,15,0,0,133,60,14,0,0,4,0,2,0,0,1,1,0,0
1,12,2,36,5,6,0,1.006879,0.999627,1.007145,35,0,334,6,3,43,4,1,100,-100,0,100,2,80,11,77,30,0,0,3101,201,0,10,0,956,155,0,20,0,500,0,0,14,0,252,0,0,2,0,0,192,8,28,0,0,38,7,2,0,0,1,1,0,0
1,12,3,30,5,6,0,1.028061,1.013723,1.002402,26,0,334,22.243897,19.243897,43,4,1,86,-100,100,0,2,80,11,113,21,0,0,3101,163,0,7,0,956,162,0,14,0,500,0,0,14,0,252,0,0,2,0,0,187,8,25,0,0,34,7,2,0,0,1,1,0,0
1,13,0,31,4,9,0,1.010976,1.009837,1.003841,28,1,459,100,100,43,4,1,0,-94,100,88,2,80,7,113,27,0,0,2996,166,0,9,0,961,161,0,18,0,537,1,0,0,0,217,4,0,12,0,0,289,48,28,0,0,35,0,18,0,0,1,1,0,0
1,13,1,33,4,9,0,1.011891,1.005401,1.010647,30,1,459,56.185029,53.185029,43,4,1,-94,0,-100,-100,0,80,7,209,30,0,0,2996,0,0,10,0,961,439,0,20,0,537,0,0,2,0,217,0,0,5,0,0,152,20,18,0,0,2,1,3,0,0,2,2,0,0
1,13,2,35,4,9,0,1.008036,1.001742,1.006701,35,0,334,9,6,43,4,1,100,-100,0,100,2,80,7,92,30,0,0,2996,211,0,10,0,961,162,0,20,0,537,0,0,4,0,217,2,0,16,0,0,255,64,16,0,0,39,2,1,0,0,0,0,0,0
1,13,3,27,4,9,0,1.031064,1.007334,0.999238,24,0,334,25.243897,22.243897,43,4,1,88,-100,100,0,2,80,7,120,18,0,0,2996,167,0,6,0,961,168,0,12,0,537,0,0,0,0,217,5,0,13,0,0,246,52,10,0,0,32,0,2,0,0,1,1,0,0
1,14,0,30,2,4,0,1.013355,1.009187,1.003693,28,1,459,100,100,43,4,1,0,-94,100,90,2,80,25,118,24,0,0,3061,175,0,8,0,969,169,0,16,0,519,0,0,8,0,257,0,0,6,0,0,312,24,18,0,0,38,4,1,0,0,1,1,0,0
1,14,1,33,2,4,0,1.012141,1.00701,1.012021,31,1,459,59.185029,56.185029,43,4,1,-94,0,-100,-100,0,80,25,216,30,0,0,3061,0,0,10,0,969,439,0,20,0,519,0,0,0,0,257,0,0,7,0,0,183,28,14,0,0,0,0,2,0,0,1,1,0,0
1,14,2,36,2,4,0,1.008309,1.000998,1.005509,35,0,334,12,9,43,4,1,100,-100,0,100,2,80,25,103,30,0,0,3061,166,0,10,0,969,169,0,20,0,519,1,0,12,0,257,0,0,6,0,0,272,24,24,0,0,44,6,1,0,0,0,0,0,0
1,14,3,25,2,4,0,1.03027,1.006051,0.99735,23,0,334,28.243897,25.243897,43,4,1,90,-100,100,0,2,80,25,123,18,0,0,3061,182,0,6,0,969,174,0,12,0,519,1,0,4,0,257,0,0,7,0,0,277,28,14,0,0,32,2,2,0,0,1,1,0,0
1,15,0,28,5,7,1,1.016929,1.007202,1.002057,27,1,459,100,100,43,4,1,0,-96,100,92,2,80,10,129,24,0,0,3013,185,0,8,0,971,177,0,16,0,469,0,0,18,0,271,0,0,0,0,0,301,0,28,0,0,46,9,1,0,0,1,1,0,0
1,15,1,34,5,7,1,1.013608,1.007076,1.011441,32,1,459,59.185029,59.185029,43,4,1,-96,0,-100,-100,0,80,10,233,30,0,0,3013,0,0,10,0,971,439,0,20,0,469,0,0,20,0,271,0,0,0,0,0,170,0,30,0,0,10,10,0,0,0,0,0,0,0
1,15,2,35,5,7,1,1.01112,1.007068,1.005174,34,0,334,15,12,43,4,1,100,-100,0,100,2,80,10,114,30,0,0,3013,176,0,10,0,971,176,0,20,0,469,1,0,22,0,271,0,0,0,0,0,255,0,34,0,0,54,11,1,0,0,0,0,0,0
1,15,3,25,5,7,1,1.034589,1.008323,0.989586,22,0,334,31.243897,28.243897,43,4,1,92,-100,100,0,2,80,10,134,18,0,0,3013,191,0,6,0,971,180,0,12,0,469,1,0,12,0,271,0,0,0,0,0,272,0,22,0,0,36,6,2,0,0,1,1,0,0
1,16,0,22,3,12,0,1.022998,1.008526,1.00409,22,1,459,100,100,43,4,1,0,-96,100,94,2,80,5,135,18,0,0,2994,199,0,6,0,977,183,0,12,0,468,0,0,18,0,272,0,0,0,0,0,288,0,24,0,0,55,9,0,0,0,0,0,0,0
1,16,1,33,3,12,0,1.015689,1.005578,1.009289,30,2,584,62.185029,59.185029,43,4,1,-96,0,-100,-100,0,80,5,240,27,0,0,2994,11,0,9,0,977,441,0,18,0,468,1,0,24,0,272,0,0,0,0,0,132,0,54,0,0,3,12,19,0,0,1,1,0,0
1,16,2,34,3,12,0,1.015067,1.00907,1.007154,32,0,334,18,15,43,4,1,100,-100,0,100,2,80,5,130,30,0,0,2994,187,0,10,0,977,183,0,20,0,468,0,0,22,0,272,0,0,0,0,0,233,0,36,0,0,63,11,2,0,0,1,1,0,0
1,16,3,24,3,12,0,1.035198,0.999521,0.983199,21,0,334,34.243897,31.243897,43,4,1,94,-100,100,0,2,80,5,147,18,0,0,2994,208,0,6,0,977,186,0,12,0,468,1,0,12,0,272,0,0,0,0,0,267,0,22,0,0,40,6,2,0,0,1,1,0,0
1,17,0,21,7,6,0,1.032557,1.007004,1.000496,20,1,459,100,100,43,4,1,0,-96,100,96,2,80,8,147,18,0,0,3094,171,0,6,0,985,189,0,12,0,538,0,0,0,0,242,1,0,9,0,0,335,36,6,0,0,55,0,0,0,0,0,0,0,0
1,17,1,35,7,6,0,1.014569,1.001826,1.009241,31,2,584,65.185029,62.185029,43,4,1,-96,0,-100,-100,0,80,8,254,27,0,0,3094,11,0,9,0,985,463,0,18,0,538,0,0,2,0,242,0,0,3,0,0,146,12,15,0,0,2,1,2,0,0,1,1,0,0
1,17,2,35,7,6,0,1.011387,1.012306,1.002536,32,0,334,21,18,43,4,1,100,-100,0,100,2,80,8,147,30,0,0,3094,207,0,10,0,985,190,0,20,0,538,1,0,4,0,242,0,0,7,0,0,260,28,18,0,0,63,2,2,0,0,1,1,0,0
1,17,3,23,7,6,0,1.032309,0.993126,0.982335,19,1,459,37.243897,34.243897,43,4,1,96,-100,100,0,2,80,8,155,18,0,0,3094,178,0,6,0,985,192,0,12,0,538,1,0,0,0,242,0,0,7,0,0,284,28,27,0,0,21,0,19,0,0,1,1,0,0
1,18,0,18,4,23,0,1.030136,1.005261,0.991339,16,1,459,100,100,43,4,1,0,-96,100,98,2,80,15,161,18,0,0,3052,184,0,6,0,988,195,0,12,0,529,0,0,4,0,237,3,0,6,0,8,350,24,12,0,0,56,2,1,0,0,1,1,0,0
1,18,1,35,4,23,0,1.011415,1.006125,1.006259,32,2,584,68.185029,65.185029,43,4,1,-96,0,-100,-100,0,80,15,259,27,0,0,3052,11,0,9,0,988,485,0,18,0,529,1,0,2,0,237,0,0,14,0,8,206,56,15,0,0,1,1,2,0,0,1,1,0,0
1,18,2,20,4,23,0,1.009181,1.01752,0.995869,18,0,334,24,21,43,4,1,100,-100,0,100,2,80,15,156,30,0,0,3052,162,0,10,0,988,197,0,20,0,529,4,0,2,0,237,9,0,1,0,8,250,4,14,0,0,63,1,1,0,0,0,0,0,0
1,18,3,22,4,23,0,1.020884,0.996293,0.974776,18,1,459,40.243897,37.243897,43,4,1,98,-100,100,0,2,80,15,165,15,0,0,3052,214,0,5,0,988,197,0,10,0,529,0,0,2,0,237,0,0,2,0,8,294,8,13,0,0,19,1,3,0,0,2,2,0,0
1,19,0,17,5,5,0,1.02866,0.990743,0.995369,15,1,459,100,100,43,4,1,0,-96,100,100,2,80,25,176,18,0,0,3106,200,0,6,0,988,201,0,12,0,498,1,0,8,0,255,0,0,5,0,28,357,20,16,0,0,59,4,1,0,0,1,1,0,0
1,19,1,35,5,5,0,1.012773,1.010231,1.008038,32,2,584,71.185029,68.185029,43,4,1,-96,0,-100,-100,0,80,25,260,24,0,0,3106,22,0,8,0,988,504,0,16,0,498,0,0,18,0,255,0,0,5,0,28,213,20,30,0,0,8,9,2,0,0,1,1,0,0
1,19,2,23,5,5,0,1.008414,1.019613,0.995417,18,0,334,27,24,43,4,1,100,-100,0,100,2,80,25,182,30,0,0,3106,132,0,10,0,988,204,0,20,0,498,14,0,4,0,255,14,0,2,0,28,243,8,18,0,0,63,2,2,0,0,1,1,0,0
1,19,3,20,5,5,0,1.020457,0.995659,0.975131,18,1,459,43.243897,40.243897,43,4,1,100,-100,100,0,2,80,25,170,15,0,0,3106,187,0,5,0,988,202,0,10,0,498,0,0,6,0,255,0,0,3,0,28,308,12,15,0,0,20,3,2,0,0,1,1,0,0
1,20,0,14,3,8,0,1.043426,1.001313,0.992731,13,1,459,100,100,44,4,1,0,-98,100,100,2,80,20,181,12,0,0,3157,179,0,4,0,996,205,0,8,0,517,1,0,4,0,255,0,0,3,0,0,377,12,8,0,0,61,2,0,0,0,0,0,0,0
1,20,1,33,3,8,0,1.010376,1.005862,1.006058,31,2,584,74.185029,71.185029,44,4,1,-98,0,-100,-100,0,80,20,264,24,0,0,3157,12,0,8,0,996,523,0,16,0,517,1,0,2,0,255,0,0,11,0,0,272,44,14,0,0,7,1,2,0,0,1,1,0,0
1,20,2,25,3,8,0,1.009661,1.022575,0.997999,19,0,334,21.681798,18.681798,44,4,1,100,-100,0,100,2,80,20,209,33,0,0,3157,98,0,11,0,996,212,0,22,0,517,28,0,4,0,255,12,0,2,0,0,235,8,19,0,0,63,2,2,0,0,1,1,0,0
1,20,3,18,3,8,0,1.020423,0.995645,0.979629,17,1,459,46.243897,43.243897,44,4,1,100,-100,100,0,2,80,20,173,12,0,0,3157,163,0,4,0,996,206,0,8,0,517,0,0,2,0,255,0,0,3,0,0,327,12,10,0,0,19,1,2,0,0,1,1,0,0
1,21,0,10,3,14,0,1.033357,0.997694,0.994906,8,1,459,100,100,44,4,1,0,-98,100,100,2,80,16,191,12,0,0,3079,193,0,4,0,996,209,0,8,0,508,1,0,0,0,263,0,0,0,0,30,374,0,6,0,0,60,0,1,0,0,1,1,0,0
1,21,1,30,3,14,0,1.006806,1.00765,1.008054,29,2,584,77.185029,74.185029,44,4,1,-98,0,-100,-100,0,80,16,266,24,0,0,3079,12,0,8,0,996,542,0,16,0,508,0,0,4,0,263,0,0,0,0,30,273,0,16,0,0,7,2,2,0,0,1,1,0,0
1,21,2,23,3,14,0,1.010839,1.027441,0.996322,18,0,334,24.681798,21.681798,44,4,1,100,-100,0,100,2,80,16,238,36,0,0,3079,61,0,12,0,996,221,0,24,0,508,29,0,6,0,263,15,0,3,0,30,229,12,24,0,0,63,3,3,0,0,2,2,0,0
1,21,3,16,3,14,0,1.026343,0.998328,0.976124,15,1,459,49.243897,46.243897,44,4,1,100,-100,100,0,2,80,16,181,12,0,0,3079,189,0,4,0,996,210,0,8,0,508,1,0,0,0,263,0,0,1,0,30,337,4,6,0,0,18,0,1,0,0,0,0,0,0
1,22,0,6,1,23,0,1.04845,0.994625,0.992485,6,1,459,100,100,44,4,1,0,-98,100,100,2,80,34,199,12,0,0,3154,179,0,4,0,1002,210,0,8,0,503,1,0,0,0,272,0,0,0,0,24,372,0,4,0,0,60,0,0,0,0,0,0,0,0
1,22,1,20,1,23,0,0.999449,1.023681,1.004913,19,2,584,80.185029,77.185029,44,4,1,-98,0,-100,-100,0,80,34,272,24,0,0,3154,12,0,8,0,1002,561,0,16,0,503,6,0,14,0,272,0,0,0,0,24,262,0,24,0,0,13,7,1,0,0,0,0,0,0
1,22,2,19,1,23,0,0.997206,1.015492,1.001988,17,0,334,27.681798,24.681798,44,4,1,100,-100,0,100,2,80,34,265,33,0,0,3154,35,0,11,0,1002,229,0,22,0,503,45,0,2,0,272,14,0,1,0,24,218,4,15,0,0,63,1,1,0,0,0,0,0,0
1,22,3,12,1,23,0,1.039508,0.988407,0.964031,11,1,459,52.243897,49.243897,44,4,1,100,-100,100,0,2,80,34,183,9,0,0,3154,170,0,3,0,1002,213,0,6,0,503,0,0,4,0,272,0,0,0,0,24,343,0,11,0,0,18,2,2,0,0,1,1,0,0
1,23,0,4,3,5,0,1.077193,0.991928,1.00731,4,1,459,100,100,44,4,1,0,-98,100,100,2,80,27,204,6,0,0,3116,170,0,2,0,1014,212,0,4,0,543,1,0,0,0,243,0,0,0,0,34,381,0,2,0,0,60,0,0,0,0,0,0,0,0
1,23,1,19,3,5,0,0.994111,1.016424,1.006972,18,2,584,83.185029,80.185029,44,4,1,-98,0,-100,-100,0,80,27,285,21,0,0,3116,13,0,7,0,1014,570,0,14,0,543,1,0,6,0,243,7,0,7,0,34,290,28,17,0,0,14,3,2,0,0,1,1,0,0
1,23,2,21,3,5,0,1.00493,1.015583,1.003625,17,0,334,30.681798,27.681798,44,4,1,100,-100,0,100,2,80,27,295,33,0,0,3116,15,0,11,0,1014,234,0,22,0,543,43,0,2,0,243,28,0,1,0,34,207,4,15,0,0,63,1,1,0,0,0,0,0,0
1,23,3,11,3,5,0,1.03484,0.986201,0.942636,10,1,459,55.243897,52.243897,44,4,1,100,-100,100,0,2,80,27,185,6,0,0,3116,203,0,2,0,1014,215,0,4,0,543,0,0,0,0,243,0,0,0,0,34,345,0,4,0,0,17,0,1,0,0,0,0,0,0
1,24,0,2,2,6,0,1.094509,1.021052,1.01812,2,1,459,100,100,47,6,1,0,-100,98,98,2,80,45,205,3,0,0,3152,164,0,1,0,1022,213,0,2,0,535,1,0,0,0,269,0,0,0,0,57,381,0,1,0,0,60,0,0,0,0,0,0,0,0
1,24,1,18,2,6,0,0.991486,1.013489,1.005005,18,2,584,67.780787,64.780787,47,6,1,-100,0,-100,-100,0,80,45,300,21,0,0,3152,13,0,7,0,1022,570,0,14,0,535,1,0,2,0,269,0,0,7,0,57,311,28,11,0,0,14,1,1,0,0,0,0,0,0
1,24,2,22,2,6,0,1.010013,1.019458,1.00122,16,1,459,25.127717,22.127717,47,6,1,98,-100,0,100,2,80,45,320,30,0,0,3152,8,0,10,0,1022,241,0,20,0,535,44,0,6,0,269,28,0,3,0,57,183,12,37,0,0,47,3,19,0,0,1,1,0,0
1,24,3,9,2,6,0,1.022732,0.985212,0.942403,8,1,459,58.243897,55.243897,47,6,1,98,-100,100,0,2,80,45,184,6,0,0,3152,189,0,2,0,1022,217,0,4,0,535,0,0,0,0,269,0,0,0,0,57,344,0,6,0,0,15,0,2,0,0,1,1,0,0
1,25,0,0,0,5,0,0,0,0,0,1,459,100,100,48,7,1,0,-100,98,96,0,80,41,203,0,0,0,3145,161,0,0,0,1025,213,0,0,0,537,1,0,0,0,267,0,0,0,0,68,381,0,0,0,0,60,0,0,0,0,0,0,0,0
1,25,1,18,0,5,0,0.991486,1.013489,1.005005,18,2,584,56.779856,53.779856,48,7,1,-100,0,-100,-100,0,80,41,312,21,0,0,3145,13,0,7,0,1025,570,0,14,0,537,1,0,0,0,267,0,0,5,0,68,322,20,9,0,0,13,0,1,0,0,0,0,0,0
1,25,2,21,0,5,0,1.011969,1.021509,0.999709,16,1,459,28.127717,25.127717,48,7,1,98,-100,0,100,1,80,41,336,27,0,0,3145,9,0,9,0,1025,250,0,18,0,537,43,0,8,0,267,24,0,4,0,68,176,16,23,0,0,48,4,3,0,0,2,2,0,0
1,25,3,7,0,5,0,1.00899,0.999911,0.945292,7,1,459,61.243897,58.243897,48,7,1,96,-100,100,0,1,80,41,188,6,0,0,3145,177,0,2,0,1025,219,0,4,0,537,0,0,0,0,267,0,0,0,0,68,340,0,4,0,0,14,0,1,0,0,0,0,0,0
1,26,0,0,2,3,0,0,0,0,0,1,459,100,100,49,8,1,0,-100,98,94,0,80,39,203,0,0,0,3147,160,0,0,0,1031,213,0,0,0,511,1,0,0,0,272,0,0,0,0,34,381,0,0,0,0,60,0,0,0,0,0,0,0,0
1,26,1,19,2,3,0,0.99605,1.015326,1.006472,18,3,709,49.16405,46.16405,49,8,1,-100,0,-100,-100,0,80,39,327,21,0,0,3147,13,0,7,0,1031,570,0,14,0,511,1,0,12,0,272,0,0,0,0,34,301,0,38,0,0,1,6,18,0,0,0,0,0,0
1,26,2,21,2,3,0,1.020387,1.019285,0.998816,17,1,459,31.127717,28.127717,49,8,1,98,-100,0,100,1,80,39,358,27,0,0,3147,9,0,9,0,1031,256,0,18,0,511,56,0,8,0,272,20,0,4,0,34,169,16,23,0,0,49,4,3,0,0,2,2,0,0
1,26,3,5,2,3,0,1.005499,1.003708,0.938161,5,1,459,64.243897,61.243897,49,8,1,94,-100,100,0,1,80,39,193,3,0,0,3147,168,0,1,0,1031,220,0,2,0,511,0,0,0,0,272,0,0,0,0,34,354,0,3,0,0,13,0,1,0,0,0,0,0,0
1,27,0,0,0,8,0,0,0,0,0,1,459,100,100,49,8,1,0,-100,100,94,0,80,49,203,0,0,0,3138,159,0,0,0,1034,213,0,0,0,525,1,0,0,0,272,0,0,0,0,68,381,0,0,0,0,60,0,0,0,0,0,0,0,0
1,27,1,15,0,8,0,0.992386,1.02001,1.005809,15,3,709,52.16405,49.16405,49,8,1,-100,0,-100,-100,0,80,49,327,12,0,0,3138,16,0,4,0,1034,577,0,8,0,525,1,0,2,0,272,0,0,0,0,68,293,0,8,0,0,1,1,1,0,0,0,0,0,0
1,27,2,19,0,8,0,1.02445,1.018002,0.996221,17,1,459,34.127717,31.127717,49,8,1,100,-100,0,100,1,80,49,372,21,0,0,3138,11,0,7,0,1034,263,0,14,0,525,63,0,8,0,272,16,0,4,0,68,166,16,19,0,0,51,4,2,0,0,1,1,0,0
1,27,3,3,0,8,0,0.986023,1.027118,0.952661,3,1,459,67.243897,64.243897,49,8,1,94,-100,100,0,1,80,49,195,3,0,0,3138,169,0,1,0,1034,221,0,2,0,525,0,0,0,0,272,0,0,0,0,68,351,0,3,0,0,12,0,1,0,0,0,0,0,0
1,28,0,0,0,8,0,0,0,0,0,1,459,100,100,53,9,1,0,-100,100,100,0,80,48,203,0,0,0,3166,158,0,0,0,1055,213,0,0,0,535,1,0,0,0,264,0,0,0,0,45,381,0,0,0,0,60,0,0,0,0,0,0,0,0
1,28,1,11,0,8,0,0.998778,1.010603,0.999569,11,3,709,41.163868,38.163868,53,9,1,-100,0,-100,-100,0,80,48,335,12,0,0,3166,7,0,4,0,1055,581,0,8,0,535,0,0,4,0,264,0,0,3,0,45,306,12,10,0,0,2,2,1,0,0,0,0,0,0
1,28,2,17,0,8,0,1.03357,1.018469,0.99491,16,1,459,27.987455,24.987455,53,9,1,100,-100,0,100,1,80,48,382,18,0,0,3166,12,0,6,0,1055,269,0,12,0,535,61,0,8,0,264,17,0,4,0,45,170,16,18,0,0,53,4,2,0,0,1,1,0,0
1,28,3,1,0,8,0,0.976188,0.951129,0.941693,1,1,459,22.435738,19.435738,53,9,1,100,-100,100,0,1,80,48,197,3,0,0,3166,164,0,1,0,1055,222,0,2,0,535,0,0,0,0,264,0,0,0,0,45,348,0,3,0,0,11,0,1,0,0,0,0,0,0
1,29,0,0,2,4,0,0,0,0,0,1,459,100,100,53,9,1,0,-100,100,100,0,80,44,203,0,0,0,3165,157,0,0,0,1058,213,0,0,0,544,1,0,0,0,256,0,0,0,0,47,381,0,0,0,0,60,0,0,0,0,0,0,0,0
1,29,1,11,2,4,0,0.994918,1.002239,1.007686,10,3,709,44.163868,41.163868,53,9,1,-100,0,-100,-100,0,80,44,347,12,0,0,3165,6,0,4,0,1058,588,0,8,0,544,0,0,0,0,256,0,0,0,0,47,315,0,6,0,0,1,0,1,0,0,0,0,0,0
1,29,2,16,2,4,0,1.036125,1.020555,0.992278,15,2,584,30.987455,27.987455,53,9,1,100,-100,0,100,0,80,44,402,18,0,0,3165,12,0,6,0,1058,272,0,12,0,544,53,0,8,0,256,26,0,4,0,47,159,16,33,0,0,39,4,18,0,0,0,0,0,0
1,29,3,0,2,4,0,0,0,0,0,1,459,22.435738,22.435738,53,9,1,100,-100,100,0,0,80,44,196,0,0,0,3165,162,0,0,0,1058,222,0,0,0,544,0,0,0,0,256,0,0,0,0,47,348,0,0,0,0,11,0,0,0,0,0,0,0,0
1,30,0,0,0,2,0,0,0,0,0,1,459,100,100,54,9,0,0,-100,100,100,0,80,56,203,0,0,0,3157,156,0,0,0,1056,213,0,0,0,542,1,0,0,0,272,0,0,0,0,45,381,0,0,0,0,60,0,0,0,0,0,0,0,0
1,30,1,11,0,2,0,0.994918,1.002239,1.007686,10,3,709,29.25741,26.25741,54,9,0,-100,0,-100,-100,0,80,56,357,12,0,0,3157,6,0,4,0,1056,594,0,8,0,542,0,0,0,0,272,0,0,0,0,45,326,0,6,0,0,0,0,1,0,0,0,0,0,0
1,30,2,14,0,2,0,1.043527,1.021319,0.992941,13,2,584,33.987455,30.987455,54,9,0,100,-100,0,100,0,80,56,419,18,0,0,3157,20,0,6,0,1056,278,0,12,0,542,45,0,10,0,272,21,0,5,0,45,165,20,20,0,0,42,5,2,0,0,1,1,0,0
1,30,3,0,0,2,0,0,0,0,0,1,459,22.435738,22.435738,54,9,0,100,-100,100,0,0,80,56,196,0,0,0,3157,161,0,0,0,1056,222,0,0,0,542,0,0,0,0,272,0,0,0,0,45,348,0,0,0,0,11,0,0,0,0,0,0,0,0
1,31,0,0,0,2,0,0,0,0,0,1,459,100,100,56,9,0,0,-100,98,100,0,80,57,203,0,0,0,3169,155,0,0,0,1058,213,0,0,0,541,1,0,0,0,271,0,0,0,0,45,381,0,0,0,0,60,0,0,0,0,0,0,0,0
1,31,1,11,0,2,0,0.994918,1.002239,1.007686,10,3,709,0,0,56,9,0,-100,0,-100,-100,0,80,57,366,12,0,0,3169,6,0,4,0,1058,598,0,8,0,541,0,0,0,0,271,0,0,0,0,45,332,0,4,0,0,0,0,0,0,0,0,0,0,0
1,31,2,12,0,2,0,1.047108,1.030365,0.993347,12,2,584,36.987455,33.987455,56,9,0,98,-100,0,98,0,80,57,434,15,0,0,3169,19,0,5,0,1058,283,0,10,0,541,38,0,10,0,271,17,0,5,0,45,181,20,17,0,0,46,5,1,0,0,0,0,0,0
1,31,3,0,0,2,0,0,0,0,0,1,459,22.435738,22.435738,56,9,0,100,-100,98,0,0,80,57,196,0,0,0,3169,160,0,0,0,1058,222,0,0,0,541,0,0,0,0,271,0,0,0,0,45,348,0,0,0,0,11,0,0,0,0,0,0,0,0
1,32,0,0,0,1,0,0,0,0,0,1,459,100,100,57,9,0,0,-100,98,100,0,80,60,203,0,0,0,3169,154,0,0,0,1071,213,0,0,0,543,1,0,0,0,271,0,0,0,0,45,381,0,0,0,0,60,0,0,0,0,0,0,0,0
1,32,1,11,0,1,0,0.994918,1.002239,1.007686,10,3,709,0,0,57,9,0,-100,0,-100,-100,0,80,60,375,12,0,0,3169,6,0,4,0,1071,598,0,8,0,543,0,0,0,0,271,0,0,0,0,45,343,0,4,0,0,0,0,0,0,0,0,0,0,0
1,32,2,11,0,1,0,1.045624,1.027947,0.998401,11,2,584,39.987455,36.987455,57,9,0,98,-100,0,98,0,80,60,445,15,0,0,3169,20,0,5,0,1071,282,0,10,0,543,29,0,10,0,271,12,0,5,0,45,190,20,17,0,0,50,5,1,0,0,0,0,0,0
1,32,3,0,0,1,0,0,0,0,0,1,459,22.435738,22.435738,57,9,0,100,-100,98,0,0,80,60,196,0,0,0,3169,159,0,0,0,1071,222,0,0,0,543,0,0,0,0,271,0,0,0,0,45,348,0,0,0,0,11,0,0,0,0,0,0,0,0
1,33,0,0,0,4,0,0,0,0,0,1,459,100,100,58,9,0,0,-100,98,100,0,80,66,203,0,0,0,3177,153,0,0,0,1058,213,0,0,0,543,1,0,0,0,270,0,0,0,0,68,381,0,0,0,0,60,0,0,0,0,0,0,0,0
1,33,1,11,0,4,0,0.994918,1.002239,1.007686,10,3,709,0,0,58,9,0,-100,0,-100,-100,0,80,66,382,12,0,0,3177,6,0,4,0,1058,605,0,8,0,543,0,0,0,0,270,0,0,0,0,68,333,0,4,0,0,0,0,0,0,0,0,0,0,0
1,33,2,7,0,4,0,1.059282,1.028074,0.99175,7,2,584,42.987455,39.987455,58,9,0,98,-100,0,98,0,80,66,446,6,0,0,3177,17,0,2,0,1058,284,0,4,0,543,22,0,8,0,270,10,0,4,0,68,200,16,12,0,0,53,4,1,0,0,0,0,0,0
1,33,3,0,0,4,0,0,0,0,0,1,459,22.435738,22.435738,58,9,0,100,-100,98,0,0,80,66,196,0,0,0,3177,158,0,0,0,1058,222,0,0,0,543,0,0,0,0,270,0,0,0,0,68,348,0,0,0,0,11,0,0,0,0,0,0,0,0
1,34,0,0,2,2,0,0,0,0,0,1,459,100,100,58,9,0,0,-100,100,100,0,80,52,203,0,0,0,3185,152,0,0,0,1069,213,0,0,0,542,1,0,0,0,269,0,0,0,0,43,381,0,0,0,0,60,0,0,0,0,0,0,0,0
1,34,1,11,2,2,0,0.99792,1.012206,1.001184,10,3,709,0,0,58,9,0,-100,0,-100,-100,0,80,52,396,12,0,0,3185,6,0,4,0,1069,610,0,8,0,542,1,0,0,0,269,0,0,2,0,43,351,8,4,0,0,0,0,0,0,0,0,0,0,0
1,34,2,7,2,2,0,1.044013,1.034791,0.984136,6,2,584,45.987455,42.987455,58,9,0,100,-100,0,100,0,80,52,449,6,0,0,3185,10,0,2,0,1069,286,0,4,0,542,17,0,6,0,269,8,0,3,0,43,205,12,10,0,0,55,3,1,0,0,0,0,0,0
1,34,3,0,2,2,0,0,0,0,0,1,459,22.435738,22.435738,58,9,0,100,-100,100,0,0,80,52,196,0,0,0,3185,157,0,0,0,1069,222,0,0,0,542,0,0,0,0,269,0,0,0,0,43,348,0,0,0,0,11,0,0,0,0,0,0,0,0
1,35,0,0,0,1,0,0,0,0,0,1,459,100,100,59,9,0,0,-100,100,100,0,80,57,203,0,0,0,3185,151,0,0,0,1064,213,0,0,0,535,1,0,0,0,272,0,0,0,0,50,381,0,0,0,0,60,0,0,0,0,0,0,0,0
1,35,1,11,0,1,0,0.99792,1.012206,1.001184,10,3,709,0,0,59,9,0,-100,0,-100,-100,0,80,57,409,12,0,0,3185,6,0,4,0,1064,617,0,8,0,535,0,0,4,0,272,0,0,0,0,50,352,0,10,0,0,1,2,1,0,0,1,1,0,0
1,35,2,6,0,1,0,1.038107,1.021702,0.985335,5,2,584,48.987455,45.987455,59,9,0,100,-100,0,100,0,80,57,458,9,0,0,3185,2,0,3,0,1064,289,0,6,0,535,19,0,4,0,272,6,0,2,0,50,209,8,11,0,0,55,2,2,0,0,1,1,0,0
1,35,3,0,0,1,0,0,0,0,0,1,459,22.435738,22.435738,59,9,0,100,-100,100,0,0,80,57,196,0,0,0,3185,156,0,0,0,1064,222,0,0,0,535,0,0,0,0,272,0,0,0,0,50,348,0,0,0,0,11,0,0,0,0,0,0,0,0
1,36,0,0,1,0,0,0,0,0,0,1,459,100,100,59,9,0,0,-100,100,100,0,80,50,203,0,0,0,3173,150,0,0,0,1067,213,0,0,0,539,1,0,0,0,272,0,0,0,0,50,381,0,0,0,0,60,0,0,0,0,0,0,0,0
1,36,1,11,1,0,0,0.99792,1.012206,1.001184,11,3,709,3,0,59,9,0,-100,0,-100,-100,0,80,50,424,12,0,0,3173,6,0,4,0,1067,621,0,8,0,539,1,0,2,0,272,0,0,0,0,50,359,0,8,0,0,1,1,1,0,0,0,0,0,0
1,36,2,7,1,0,0,1.024375,1.022582,0.985792,6,2,584,51.987455,48.987455,59,9,0,100,-100,0,100,0,80,50,473,9,0,0,3173,7,0,3,0,1067,292,0,6,0,539,17,0,4,0,272,4,0,2,0,50,211,8,9,0,0,56,2,1,0,0,0,0,0,0
1,36,3,0,1,0,0,0,0,0,0,1,459,22.435738,22.435738,59,9,0,100,-100,100,0,0,80,50,196,0,0,0,3173,155,0,0,0,1067,222,0,0,0,539,0,0,0,0,272,0,0,0,0,50,348,0,0,0,0,11,0,0,0,0,0,0,0,0
1,37,0,0,2,1,0,0,0,0,0,1,459,100,100,59,9,0,0,-100,100,100,0,80,51,203,0,0,0,3185,149,0,0,0,1064,213,0,0,0,544,1,0,0,0,259,0,0,0,0,50,381,0,0,0,0,60,0,0,0,0,0,0,0,0
1,37,1,11,2,1,0,0.991294,1.000658,0.996556,10,3,709,6,3,59,9,0,-100,0,-100,-100,0,80,51,437,12,0,0,3185,6,0,4,0,1064,628,0,8,0,544,1,0,0,0,259,1,0,4,0,50,384,16,6,0,0,0,0,1,0,0,0,0,0,0
1,37,2,8,2,1,0,1.024316,1.024635,0.986334,6,2,584,54.987455,51.987455,59,9,0,100,-100,0,100,0,80,51,475,0,0,0,3185,2,0,0,0,1064,301,0,0,0,544,13,0,4,0,259,5,0,2,0,50,214,8,8,0,0,56,2,2,0,0,1,1,0,0
1,37,3,0,2,1,0,0,0,0,0,1,459,22.435738,22.435738,59,9,0,100,-100,100,0,0,80,51,196,0,0,0,3185,154,0,0,0,1064,222,0,0,0,544,0,0,0,0,259,0,0,0,0,50,348,0,0,0,0,11,0,0,0,0,0,0,0,0
1,38,0,0,2,0,0,0,0,0,0,1,459,100,100,59,9,0,0,-100,100,100,0,80,57,203,0,0,0,3161,148,0,0,0,1066,213,0,0,0,543,1,0,0,0,272,0,0,0,0,47,381,0,0,0,0,60,0,0,0,0,0,0,0,0
1,38,1,12,2,0,0,0.986789,0.995783,0.998168,10,3,709,6,6,59,9,0,-100,0,-100,-100,0,80,57,451,12,0,0,3161,16,0,4,0,1066,633,0,8,0,543,1,0,0,0,272,0,0,1,0,47,399,4,4,0,0,0,0,0,0,0,0,0,0,0
1,38,2,9,2,0,0,1.019645,1.024694,0.985308,7,2,584,57.987455,54.987455,59,9,0,100,-100,0,100,0,80,57,486,9,0,0,3161,7,0,3,0,1066,304,0,6,0,543,8,0,6,0,272,2,0,3,0,47,219,12,13,0,0,57,3,2,0,0,1,1,0,0
1,38,3,0,2,0,0,0,0,0,0,1,459,22.435738,22.435738,59,9,0,100,-100,100,0,0,80,57,196,0,0,0,3161,153,0,0,0,1066,222,0,0,0,543,0,0,0,0,272,0,0,0,0,47,348,0,0,0,0,11,0,0,0,0,0,0,0,0
1,39,0,0,0,1,0,0,0,0,0,1,459,100,100,59,9,0,0,-100,100,100,0,80,57,203,0,0,0,3170,147,0,0,0,1064,213,0,0,0,544,1,0,0,0,269,0,0,0,0,47,381,0,0,0,0,60,0,0,0,0,0,0,0,0
1,39,1,11,0,1,0,0.988167,0.98997,0.994907,9,3,709,6,6,59,9,0,-100,0,-100,-100,0,80,57,462,12,0,0,3170,20,0,4,0,1064,640,0,8,0,544,1,0,0,0,269,0,0,0,0,47,410,0,4,0,0,0,0,0,0,0,0,0,0,0
1,39,2,9,0,1,0,1.019645,1.024694,0.985308,8,3,709,60.987455,57.987455,59,9,0,100,-100,0,100,0,80,57,498,9,0,0,3170,7,0,3,0,1064,307,0,6,0,544,0,0,8,0,269,1,0,4,0,47,209,16,32,0,0,42,4,19,0,0,1,1,0,0
1,39,3,0,0,1,0,0,0,0,0,1,459,22.435738,22.435738,59,9,0,100,-100,100,0,0,80,57,196,0,0,0,3170,152,0,0,0,1064,222,0,0,0,544,0,0,0,0,269,0,0,0,0,47,348,0,0,0,0,11,0,0,0,0,0,0,0,0
1,40,0,0,0,2,0,0,0,0,0,1,459,100,100,59,9,0,0,-100,100,100,0,80,65,203,0,0,0,3190,146,0,0,0,1080,213,0,0,0,542,1,0,0,0,272,0,0,0,0,61,381,0,0,0,0,60,0,0,0,0,0,0,0,0
1,40,1,9,0,2,0,0.9952,1.001359,0.990494,9,3,709,6,6,59,9,0,-100,0,-100,-100,0,80,65,470,12,0,0,3190,5,0,4,0,1080,637,0,8,0,542,0,0,2,0,272,0,0,0,0,61,409,0,6,0,0,1,1,0,0,0,0,0,0,0
1,40,2,9,0,2,0,1.019645,1.024694,0.985308,9,3,709,63.987455,60.987455,59,9,0,100,-100,0,100,0,80,65,506,9,0,0,3190,7,0,3,0,1080,304,0,6,0,542,1,0,0,0,272,0,0,1,0,61,210,4,5,0,0,41,0,1,0,0,0,0,0,0
1,40,3,0,0,2,0,0,0,0,0,1,459,22.435738,22.435738,59,9,0,100,-100,100,0,0,80,65,196,0,0,0,3190,151,0,0,0,1080,222,0,0,0,542,0,0,0,0,272,0,0,0,0,61,348,0,0,0,0,11,0,0,0,0,0,0,0,0
