graine,jour,faction,population,naissances_total,morts_total,predations_total,vitesse,taille,perception,armes_equipees,reserves,capacite,defenses_fin,defenses_min_jour,raids_cumul,coalitions_cumul,plans,confiance_0,confiance_1,confiance_2,confiance_3,allies,nourriture_aube,carte_nourriture,stock_nourriture,production_nourriture,consommation_nourriture,sac_nourriture,carte_eau,stock_eau,production_eau,consommation_eau,sac_eau,carte_terre,stock_terre,production_terre,consommation_terre,sac_terre,carte_minerai,stock_minerai,production_minerai,consommation_minerai,sac_minerai,carte_charbon,stock_charbon,production_charbon,consommation_charbon,sac_charbon,carte_energie,stock_energie,production_energie,consommation_energie,sac_energie,carte_fer,stock_fer,production_fer,consommation_fer,sac_fer,carte_armes,stock_armes,production_armes,consommation_armes,sac_armes
0,1,0,50,3,2,0,1.00036,0.995079,0.994995,0,0,334,100,100,0,0,0,0,0,2,2,0,80,6,55,39,0,0,2816,200,0,13,0,932,63,0,26,0,447,13,0,48,0,272,1,0,24,0,0,101,96,79,0,0,15,24,9,0,0,9,9,0,0
0,1,1,51,3,2,0,1.002061,0.994268,0.994787,0,0,334,100,100,0,0,0,0,0,2,2,0,80,6,56,39,0,0,2816,200,0,13,0,932,63,0,26,0,447,7,0,48,0,272,1,0,24,0,0,101,96,79,0,0,15,24,9,0,0,9,9,0,0
0,1,2,50,3,2,0,1.00036,0.995079,0.994995,0,0,334,100,100,0,0,0,2,2,0,2,0,80,6,55,39,0,0,2816,200,0,13,0,932,63,0,26,0,447,12,0,48,0,272,1,0,24,0,0,101,96,79,0,0,15,24,9,0,0,9,9,0,0
0,1,3,50,3,2,0,1.001245,0.993786,0.994843,0,0,334,100,100,0,0,0,2,2,2,0,0,80,6,55,39,0,0,2816,192,0,13,0,932,63,0,26,0,447,8,0,46,0,272,2,0,23,0,0,99,92,77,0,0,14,23,9,0,0,9,9,0,0
0,2,0,45,2,18,0,0.998418,0.993958,0.993437,9,0,334,100,100,0,0,0,0,2,4,4,0,80,4,61,39,0,0,2808,225,0,13,0,932,76,0,26,0,408,0,0,36,0,264,0,0,2,0,7,59,8,67,0,0,24,18,9,0,0,9,9,0,0
0,2,1,47,2,18,0,0.997106,0.992787,0.99024,8,0,334,100,100,0,0,0,2,0,4,4,0,80,4,63,39,0,0,2808,240,0,13,0,932,76,0,26,0,408,0,0,32,0,264,0,0,3,0,7,63,12,63,0,0,22,16,9,0,0,9,9,0,0
0,2,2,44,2,18,0,1.010779,1.000175,0.99087,9,0,334,100,100,0,0,0,4,4,0,2,0,80,4,52,33,0,0,2808,211,0,11,0,932,74,0,22,0,408,1,0,42,0,264,0,0,3,0,7,56,12,71,0,0,27,21,9,0,0,9,9,0,0
0,2,3,49,2,18,0,0.999346,0.99595,0.996582,8,0,334,100,100,0,0,0,4,4,2,0,0,80,4,63,39,0,0,2808,225,0,13,0,932,76,0,26,0,408,0,0,36,0,264,0,0,4,0,7,61,16,67,0,0,23,18,9,0,0,9,9,0,0
0,3,0,46,3,6,0,1.001124,0.992988,0.995409,18,0,334,100,100,0,0,0,0,2,6,6,0,76,0,75,39,0,0,3200,167,0,13,0,935,89,0,26,0,454,0,0,18,0,272,0,0,0,0,0,27,0,49,0,0,24,9,9,0,0,9,9,0,0
0,3,1,45,3,6,0,0.995451,0.995926,0.991965,15,0,334,100,100,0,0,0,2,0,6,6,0,76,0,70,36,0,0,3200,181,0,12,0,935,88,0,24,0,454,1,0,20,0,272,0,0,0,0,0,29,0,50,0,0,23,10,9,0,0,9,9,0,0
0,3,2,43,3,6,0,1.014097,1.001654,0.994824,17,0,334,100,100,0,0,0,6,6,0,2,0,76,0,57,33,0,0,3200,156,0,11,0,935,85,0,22,0,454,1,0,18,0,272,0,0,0,0,0,26,0,47,0,0,27,9,9,0,0,9,9,0,0
0,3,3,48,3,6,0,0.999381,0.996648,0.996021,16,0,334,100,100,0,0,0,6,6,2,0,0,76,0,72,42,0,0,3200,162,0,14,0,935,90,0,28,0,454,1,0,20,0,272,0,0,0,0,0,26,0,52,0,0,24,10,9,0,0,9,9,0,0
0,4,0,43,2,14,3,1.00323,0.98676,0.996238,27,0,334,100,100,0,0,0,0,0,6,0,0,76,1,86,36,0,0,2848,197,0,12,0,938,101,0,24,0,478,1,0,14,0,224,0,0,12,0,0,47,48,42,0,0,23,7,8,0,0,8,8,0,0
0,4,1,42,2,14,3,1.000129,0.999009,0.997466,22,0,334,100,100,0,0,0,0,0,2,0,0,76,1,81,36,0,0,2848,212,0,12,0,938,100,0,24,0,478,0,0,10,0,224,0,0,12,0,0,53,48,40,0,0,19,5,9,0,0,9,9,0,0
0,4,2,41,2,14,3,1.014164,1.002385,0.992677,25,0,334,100,100,0,0,0,6,2,0,2,0,76,1,66,33,0,0,2848,174,0,11,0,938,96,0,22,0,478,0,0,16,0,224,0,0,9,0,0,35,36,43,0,0,27,8,8,0,0,8,8,0,0
0,4,3,44,2,14,3,0.997236,0.99322,0.992984,25,0,334,100,100,0,0,0,0,0,2,0,0,76,1,84,42,0,0,2848,196,0,14,0,938,104,0,28,0,478,0,0,10,0,224,0,0,15,0,0,58,60,42,0,0,20,5,9,0,0,9,9,0,0
0,5,0,39,2,15,0,1.003093,0.98432,0.994247,31,0,334,100,100,0,0,0,0,0,8,2,0,72,0,100,39,0,0,2944,229,0,13,0,935,114,0,26,0,529,0,0,2,0,238,0,0,9,0,0,80,36,23,0,0,20,1,4,0,0,4,4,0,0
0,5,1,39,2,15,0,1.003499,0.997803,1.002407,30,0,334,100,100,0,0,0,0,0,4,2,0,72,0,91,39,0,0,2944,157,0,13,0,935,113,0,26,0,529,0,0,0,0,238,0,0,6,0,0,73,24,23,0,0,14,0,5,0,0,5,5,0,0
0,5,2,40,2,15,0,1.013431,0.998758,0.993497,31,0,334,100,100,0,0,0,8,4,0,4,0,72,0,76,33,0,0,2944,194,0,11,0,935,107,0,22,0,529,1,0,2,0,238,0,0,11,0,0,72,44,21,0,0,24,1,4,0,0,4,4,0,0
0,5,3,39,2,15,0,0.997578,0.989969,0.992616,31,0,334,100,100,0,0,0,2,2,4,0,0,72,0,91,36,0,0,2944,236,0,12,0,935,116,0,24,0,529,0,0,2,0,238,0,0,5,0,0,70,20,22,0,0,17,1,4,0,0,4,4,0,0
0,6,0,40,4,9,0,1.004445,0.985665,0.991124,34,0,334,100,100,0,0,0,0,0,10,4,0,72,2,118,36,0,0,3042,178,0,12,0,941,126,0,24,0,544,0,0,0,0,208,0,0,12,0,0,129,48,16,0,0,18,0,2,0,0,2,2,0,0
0,6,1,41,4,9,0,1.001911,0.99638,1.001155,35,0,334,100,100,0,0,0,0,0,6,4,0,72,2,107,39,0,0,3042,187,0,13,0,941,126,0,26,0,544,0,0,0,0,208,0,0,14,0,0,129,56,17,0,0,12,0,2,0,0,2,2,0,0
0,6,2,36,4,9,0,1.012053,0.996682,0.988747,33,0,334,100,100,0,0,0,10,6,0,6,0,72,2,79,27,0,0,3042,221,0,9,0,941,116,0,18,0,544,1,0,0,0,208,0,0,18,0,0,147,72,13,0,0,22,0,2,0,0,2,2,0,0
0,6,3,35,4,9,0,0.999196,0.99081,0.996828,31,0,334,100,100,0,0,0,4,4,6,0,0,72,2,99,33,0,0,3042,186,0,11,0,941,127,0,22,0,544,0,0,0,0,208,0,0,17,0,0,137,68,15,0,0,15,0,2,0,0,2,2,0,0
0,7,0,39,2,4,0,1.007902,0.983519,0.991019,35,0,334,100,100,0,0,0,0,0,12,6,0,68,1,126,36,0,0,2928,214,0,12,0,950,138,0,24,0,544,0,0,0,0,245,0,0,5,0,0,152,20,16,0,0,16,0,2,0,0,2,2,0,0
0,7,1,42,2,4,0,1.001688,0.996721,1.00202,36,0,334,100,100,0,0,0,0,0,8,6,0,68,1,119,39,0,0,2928,221,0,13,0,950,139,0,26,0,544,0,0,0,0,245,0,0,9,0,0,165,36,17,0,0,10,0,2,0,0,2,2,0,0
0,7,2,35,2,4,0,1.010168,0.997882,0.990646,34,0,334,100,100,0,0,0,12,8,0,6,0,68,1,86,27,0,0,2928,176,0,9,0,950,125,0,18,0,544,1,0,0,0,245,0,0,7,0,0,179,28,11,0,0,21,0,1,0,0,1,1,0,0
0,7,3,34,2,4,0,1.000418,0.992987,0.998127,32,0,334,100,100,0,0,0,6,6,6,0,0,68,1,112,30,0,0,2928,229,0,10,0,950,137,0,20,0,544,0,0,0,0,245,0,0,6,0,0,164,24,12,0,0,14,0,1,0,0,1,1,0,0
0,8,0,42,6,4,0,1.01171,0.984948,0.99164,37,0,334,100,100,0,0,0,0,2,14,8,0,68,3,139,36,0,0,3120,163,0,12,0,953,150,0,24,0,543,0,0,0,0,206,0,0,12,0,0,203,48,14,0,0,15,0,1,0,0,1,1,0,0
0,8,1,42,6,4,0,1.007583,0.998664,1.003039,36,0,334,100,100,0,0,0,2,0,10,8,0,68,3,134,39,0,0,3120,166,0,13,0,953,152,0,26,0,543,1,0,0,0,206,0,0,18,0,0,236,72,17,0,0,8,0,2,0,0,2,2,0,0
0,8,2,36,6,4,0,1.010386,0.99574,0.990642,35,0,334,100,100,0,0,0,14,10,0,6,0,68,3,92,27,0,0,3120,212,0,9,0,953,134,0,18,0,543,1,0,0,0,206,0,0,18,0,0,259,72,9,0,0,21,0,0,0,0,0,0,0,0
0,8,3,32,6,4,0,1.000328,0.990944,0.992987,31,0,334,100,100,0,0,0,8,8,6,0,0,68,3,117,24,0,0,3120,187,0,8,0,953,145,0,16,0,543,0,0,0,0,206,0,0,18,0,0,243,72,10,0,0,13,0,1,0,0,1,1,0,0
0,9,0,40,3,24,0,1.012917,0.98768,0.995761,36,0,334,100,100,0,0,0,0,4,16,10,0,64,4,152,39,0,0,2936,196,0,13,0,959,163,0,26,0,515,0,0,6,0,233,0,0,6,0,30,210,24,23,0,0,16,3,2,0,0,2,2,0,0
0,9,1,36,3,24,0,1.008028,1.003046,1.005332,33,0,334,100,100,0,0,0,4,0,12,10,0,64,4,130,30,0,0,2936,202,0,10,0,959,162,0,20,0,515,1,0,6,0,233,0,0,9,0,30,257,36,18,0,0,10,3,1,0,0,1,1,0,0
0,9,2,23,3,24,0,1.006591,0.989723,0.993663,20,0,334,100,100,0,0,0,16,12,0,6,0,64,4,98,27,0,0,2936,167,0,9,0,959,143,0,18,0,515,1,0,6,0,233,8,0,5,0,30,279,20,17,0,0,23,3,1,0,0,1,1,0,0
0,9,3,32,3,24,0,1.000328,0.990944,0.992987,32,0,334,100,100,0,0,0,10,10,6,0,0,64,4,124,24,0,0,2936,235,0,8,0,959,153,0,16,0,515,1,0,10,0,233,0,0,5,0,30,251,20,18,0,0,18,5,0,0,0,0,0,0,0
0,10,0,38,6,8,0,1.009021,0.987088,1.001583,35,0,334,100,100,0,0,0,0,4,18,12,0,64,0,157,30,0,0,3000,234,0,10,0,965,173,0,20,0,482,1,0,8,0,262,0,0,3,0,8,217,12,20,0,0,19,4,1,0,0,1,1,0,0
0,10,1,35,6,8,0,1.015115,1.007092,1.008392,32,0,334,100,100,0,0,0,4,0,14,12,0,64,0,137,30,0,0,3000,228,0,10,0,965,172,0,20,0,482,1,0,18,0,262,0,0,3,0,8,256,12,30,0,0,18,9,1,0,0,1,1,0,0
0,10,2,25,6,8,0,1.006019,0.989183,0.99527,21,1,459,100,100,0,0,0,18,14,0,6,0,64,0,122,30,0,0,3000,158,0,10,0,965,153,0,20,0,482,10,0,12,0,262,2,0,6,0,8,271,24,41,0,0,11,6,18,0,0,1,1,0,0
0,10,3,31,6,8,0,1.001534,0.987809,0.993039,30,0,334,100,100,0,0,0,12,12,6,0,0,64,0,127,21,0,0,3000,196,0,7,0,965,160,0,14,0,482,1,0,12,0,262,0,0,3,0,8,261,12,19,0,0,24,6,0,0,0,0,0,0,0
0,11,0,38,1,1,0,1.009021,0.987088,1.001583,36,0,334,100,100,0,0,0,0,4,20,14,1,60,5,161,30,0,0,3080,186,0,10,0,977,183,0,20,0,511,0,0,10,0,230,0,0,9,0,5,248,36,22,0,0,23,5,1,0,0,1,1,0,0
0,11,1,35,1,1,0,1.017182,1.007155,1.00243,32,1,459,100,100,0,0,0,4,0,16,14,0,60,5,140,27,0,0,3080,184,0,9,0,977,181,0,18,0,511,1,0,12,0,230,0,0,9,0,5,269,36,40,0,0,6,6,18,0,0,1,1,0,0
0,11,2,25,1,1,0,1.006019,0.989183,0.99527,22,1,459,100,100,0,0,0,20,16,0,6,1,60,5,142,30,0,0,3080,155,0,10,0,977,163,0,20,0,511,0,0,16,0,230,9,0,8,0,5,285,32,30,0,0,17,8,2,0,0,2,2,0,0
0,11,3,31,1,1,0,1.001534,0.987809,0.993039,30,1,459,100,100,0,0,0,14,14,6,0,0,60,5,134,21,0,0,3080,246,0,7,0,977,167,0,14,0,511,1,0,6,0,230,0,0,9,0,5,282,36,32,0,0,9,3,18,0,0,1,1,0,0
0,12,0,35,4,7,0,1.011127,0.984079,1.000722,34,1,459,100,100,0,0,0,0,4,22,16,1,60,5,159,27,0,0,3000,219,0,9,0,977,192,0,18,0,524,0,0,0,0,224,0,0,12,0,5,287,48,26,0,0,6,0,17,0,0,0,0,0,0
0,12,1,34,4,7,0,1.016343,1.007014,1.001175,32,1,459,100,100,0,0,0,4,0,18,16,0,60,5,150,30,0,0,3000,219,0,10,0,977,191,0,20,0,524,1,0,0,0,224,0,0,18,0,5,346,72,12,0,0,5,0,1,0,0,1,1,0,0
0,12,2,25,4,7,0,1.010031,0.982577,0.989779,22,1,459,100,100,0,0,0,22,18,0,6,1,60,5,164,30,0,0,3000,152,0,10,0,977,173,0,20,0,524,1,0,12,0,224,1,0,8,0,5,305,32,24,0,0,22,6,1,0,0,1,1,0,0
0,12,3,32,4,7,0,1.003102,0.989962,0.994754,31,1,459,100,100,0,0,0,16,16,6,0,0,60,5,135,21,0,0,3000,208,0,7,0,977,174,0,14,0,524,0,0,4,0,224,0,0,15,0,5,348,60,11,0,0,11,2,0,0,0,0,0,0,0
0,13,0,35,3,0,0,1.011127,0.984079,1.000722,34,1,459,100,100,0,0,0,0,4,24,18,1,56,6,161,27,0,0,3160,175,0,9,0,977,201,0,18,0,505,0,0,6,0,245,0,0,6,0,5,311,24,17,0,0,8,3,1,0,0,1,1,0,0
0,13,1,35,3,0,0,1.020432,1.010264,1.001718,33,1,459,100,100,0,0,0,4,0,20,18,1,56,6,156,30,0,0,3160,175,0,10,0,977,201,0,20,0,505,1,0,6,0,245,0,0,12,0,5,393,48,18,0,0,7,3,1,0,0,1,1,0,0
0,13,2,26,3,0,0,1.011171,0.982602,0.986091,23,1,459,100,100,0,0,0,24,20,0,8,2,56,6,183,30,0,0,3160,157,0,10,0,977,183,0,20,0,505,1,0,18,0,245,0,0,1,0,5,291,4,30,0,0,30,9,1,0,0,1,1,0,0
0,13,3,33,3,0,0,1.001292,0.990149,0.992876,31,1,459,100,100,0,0,0,18,18,8,0,0,56,6,139,24,0,0,3160,168,0,8,0,977,182,0,16,0,505,1,0,8,0,245,0,0,9,0,5,383,36,18,0,0,14,4,1,0,0,1,1,0,0
0,14,0,36,3,3,0,1.012357,0.986418,0.999925,35,1,459,100,100,0,0,0,0,4,26,20,2,56,4,162,27,0,0,2896,219,0,9,0,974,210,0,18,0,531,0,0,2,0,230,0,0,6,0,5,341,24,11,0,0,9,1,0,0,0,0,0,0,0
0,14,1,34,3,3,0,1.023874,1.013873,1.005726,32,1,459,100,100,0,0,0,4,0,22,20,2,56,4,159,27,0,0,2896,211,0,9,0,974,210,0,18,0,531,1,0,2,0,230,0,0,12,0,5,445,48,13,0,0,7,1,1,0,0,1,1,0,0
0,14,2,27,3,3,0,1.016372,0.982622,0.988821,24,1,459,100,100,0,0,0,26,22,0,10,2,56,4,199,30,0,0,2896,169,0,10,0,974,193,0,20,0,531,0,0,8,0,230,0,0,9,0,5,319,36,20,0,0,33,4,1,0,0,1,1,0,0
0,14,3,32,3,3,0,1.001301,0.991267,0.993471,31,1,459,100,100,0,0,0,20,20,10,0,2,56,4,144,24,0,0,2896,207,0,8,0,974,190,0,16,0,531,1,0,2,0,230,0,0,15,0,5,448,60,12,0,0,14,1,1,0,0,1,1,0,0
0,15,0,35,1,5,0,1.011164,0.986447,0.998718,34,1,459,100,100,0,0,0,0,6,28,20,2,52,10,158,24,0,0,3144,175,0,8,0,980,218,0,16,0,469,1,0,14,0,272,0,0,0,0,0,338,0,24,0,0,15,7,1,0,0,1,1,0,0
0,15,1,32,1,5,0,1.035325,1.015706,1.002462,31,2,584,100,100,0,0,0,6,0,24,22,2,52,10,157,27,0,0,3144,168,0,9,0,980,219,0,18,0,469,0,0,22,0,272,0,0,0,0,0,409,0,50,0,0,0,11,18,0,0,1,1,0,0
0,15,2,26,1,5,0,1.018164,0.981324,0.990477,24,1,459,100,100,0,0,0,28,24,0,12,2,52,10,215,30,0,0,3144,188,0,10,0,980,203,0,20,0,469,0,0,18,0,272,0,0,0,0,0,298,0,30,0,0,41,9,1,0,0,1,1,0,0
0,15,3,32,1,5,0,0.999767,0.992391,0.996327,31,2,584,100,100,0,0,0,20,22,12,0,2,52,10,144,21,0,0,3144,168,0,7,0,980,197,0,14,0,469,0,0,22,0,272,0,0,0,0,0,413,0,46,0,0,8,11,17,0,0,0,0,0,0
0,16,0,34,1,1,0,1.011103,0.987236,0.998621,34,1,459,100,100,0,0,0,0,6,30,22,2,52,3,157,24,0,0,2912,212,0,8,0,983,226,0,16,0,535,0,0,2,0,217,0,0,11,0,10,390,44,10,0,0,16,1,0,0,0,0,0,0,0
0,16,1,32,1,1,0,1.035325,1.015706,1.002462,32,2,584,100,100,0,0,0,6,0,26,24,2,52,3,165,27,0,0,2912,191,0,9,0,983,228,0,18,0,535,1,0,2,0,217,0,0,14,0,10,470,56,11,0,0,1,1,0,0,0,0,0,0,0
0,16,2,27,1,1,0,1.01466,0.982492,0.98969,25,1,459,100,100,0,0,0,30,26,0,12,2,52,3,230,30,0,0,2912,208,0,10,0,983,213,0,20,0,535,0,0,2,0,217,6,0,10,0,10,331,40,14,0,0,41,1,1,0,0,1,1,0,0
0,16,3,32,1,1,0,0.999767,0.992391,0.996327,31,2,584,100,100,0,0,0,22,24,12,0,2,52,3,147,24,0,0,2912,208,0,8,0,983,205,0,16,0,535,1,0,2,0,217,0,0,14,0,10,474,56,12,0,0,8,1,1,0,0,1,1,0,0
0,17,0,32,0,6,0,1.013085,0.987102,0.998846,32,2,584,100,100,0,0,0,0,8,32,24,2,48,1,159,24,0,0,3136,170,0,8,0,999,229,0,16,0,516,1,0,2,0,260,0,0,3,0,0,391,12,27,0,0,0,1,17,0,0,0,0,0,0
0,17,1,30,0,6,0,1.035337,1.015196,1.001863,30,2,584,100,100,0,0,0,8,0,28,24,2,48,1,172,27,0,0,3136,214,0,9,0,999,230,0,18,0,516,0,0,6,0,260,0,0,7,0,0,496,28,15,0,0,4,3,0,0,0,0,0,0,0
0,17,2,27,0,6,0,1.01466,0.982492,0.98969,26,1,459,100,100,0,0,0,32,28,0,12,2,48,1,244,30,0,0,3136,171,0,10,0,999,219,0,20,0,516,1,0,10,0,260,0,0,6,0,0,350,24,22,0,0,45,5,1,0,0,1,1,0,0
0,17,3,30,0,6,0,0.998015,0.995138,0.993438,30,2,584,100,100,0,0,0,24,24,12,0,2,48,1,150,24,0,0,3136,168,0,8,0,999,213,0,16,0,516,0,0,10,0,260,0,0,2,0,0,478,8,18,0,0,13,5,0,0,0,0,0,0,0
0,18,0,20,0,38,0,0.992575,0.986737,0.999963,20,2,584,100,100,0,0,0,0,8,32,26,2,48,7,157,21,0,0,3000,195,0,7,0,983,236,0,14,0,515,0,0,10,0,227,0,0,6,0,10,398,24,17,0,0,5,5,0,0,0,0,0,0,0
0,18,1,16,0,38,0,1.032171,1.023257,1.009577,16,2,584,100,100,0,0,0,8,0,30,24,2,48,7,173,24,0,0,3000,176,0,8,0,983,238,0,16,0,515,4,0,2,0,227,14,0,1,0,10,491,4,10,0,0,5,1,0,0,0,0,0,0,0
0,18,2,20,0,38,0,1.007043,0.975556,0.977073,20,1,459,100,100,0,0,0,32,30,0,12,2,48,7,235,12,0,0,3000,196,0,4,0,983,223,0,8,0,515,0,0,10,0,227,3,0,9,0,10,378,36,14,0,0,50,5,0,0,0,0,0,0,0
0,18,3,25,0,38,0,0.991323,0.98801,0.992458,25,2,584,100,100,0,0,0,26,24,12,0,2,48,7,144,15,0,0,3000,205,0,5,0,983,218,0,10,0,515,1,0,4,0,227,0,0,12,0,10,529,48,9,0,0,15,2,0,0,0,0,0,0,0
0,19,0,21,1,12,0,0.997228,0.986875,1.000636,20,2,584,100,100,0,0,0,0,8,32,26,2,44,5,168,21,0,0,3192,168,0,7,0,1016,243,0,14,0,517,1,0,0,0,245,4,0,8,0,17,440,32,7,0,0,5,0,0,0,0,0,0,0,0
0,19,1,16,1,12,0,1.032171,1.023257,1.009577,16,2,584,100,100,0,0,0,8,0,32,26,2,44,5,191,24,0,0,3192,160,0,8,0,1016,246,0,16,0,517,12,0,2,0,245,13,0,1,0,17,485,4,10,0,0,6,1,0,0,0,0,0,0,0
0,19,2,20,1,12,0,1.007043,0.975556,0.977073,20,2,584,100,100,0,0,0,32,32,0,12,2,44,5,236,12,0,0,3192,172,0,4,0,1016,227,0,8,0,517,0,0,12,0,245,0,0,3,0,17,374,12,33,0,0,39,6,17,0,0,0,0,0,0
0,19,3,13,1,12,0,0.98138,0.995885,0.977039,13,2,584,100,100,0,0,0,26,26,12,0,2,44,5,143,15,0,0,3192,175,0,5,0,1016,223,0,10,0,517,3,0,2,0,245,14,0,1,0,17,527,4,7,0,0,16,1,0,0,0,0,0,0,0
0,20,0,22,2,0,0,0.995944,0.982204,0.994341,20,2,584,100,100,0,0,0,0,8,34,26,2,44,8,179,21,0,0,3064,204,0,7,0,1016,250,0,14,0,505,1,0,10,0,258,0,0,4,0,62,439,16,17,0,0,10,5,0,0,0,0,0,0,0
0,20,1,16,2,0,0,1.032171,1.023257,1.009577,16,2,584,100,100,0,0,0,8,0,34,26,2,44,8,206,24,0,0,3064,144,0,8,0,1016,254,0,16,0,505,21,0,2,0,258,12,0,1,0,62,479,4,10,0,0,7,1,0,0,0,0,0,0,0
0,20,2,21,2,0,0,1.006871,0.978617,0.978542,20,2,584,100,100,0,0,0,34,34,0,12,2,44,8,236,12,0,0,3064,204,0,4,0,1016,231,0,8,0,505,0,0,2,0,258,5,0,9,0,62,410,36,6,0,0,40,1,0,0,0,0,0,0,0
0,20,3,13,2,0,0,0.98138,0.995885,0.977039,13,2,584,100,100,0,0,0,26,26,12,0,2,44,8,155,15,0,0,3064,165,0,5,0,1016,228,0,10,0,505,17,0,2,0,258,13,0,1,0,62,524,4,7,0,0,17,1,0,0,0,0,0,0,0
0,21,0,22,1,3,0,0.995944,0.982204,0.994341,20,2,584,100,100,0,0,0,0,8,34,26,2,40,9,188,24,0,0,3184,174,0,8,0,1010,258,0,16,0,463,3,0,16,0,272,0,0,0,0,34,432,0,24,0,0,18,8,0,0,0,0,0,0,0
0,21,1,15,1,3,0,1.031425,1.024266,1.011774,15,2,584,100,100,0,0,0,8,0,36,26,2,40,9,217,21,0,0,3184,129,0,7,0,1010,261,0,14,0,463,40,0,2,0,272,11,0,1,0,34,474,4,9,0,0,8,1,0,0,0,0,0,0,0
0,21,2,21,1,3,0,1.006871,0.978617,0.978542,20,2,584,100,100,0,0,0,34,36,0,12,2,40,9,238,15,0,0,3184,178,0,5,0,1010,236,0,10,0,463,3,0,18,0,272,0,0,5,0,34,422,20,25,0,0,48,9,1,0,0,1,1,0,0
0,21,3,12,1,3,0,0.978593,0.984369,0.977355,11,2,584,100,100,0,0,0,26,26,12,0,2,40,9,160,12,0,0,3184,156,0,4,0,1010,232,0,8,0,463,33,0,2,0,272,12,0,1,0,34,522,4,6,0,0,18,1,0,0,0,0,0,0,0
0,22,0,22,1,2,0,0.995944,0.982204,0.994341,20,2,584,100,100,0,0,0,0,10,36,28,2,40,7,199,24,0,0,3064,208,0,8,0,1013,266,0,16,0,514,1,0,8,0,254,0,0,4,0,62,432,16,16,0,0,22,4,0,0,0,0,0,0,0
0,22,1,14,1,2,0,1.03092,1.029342,1.008734,14,2,584,100,100,0,0,0,10,0,38,28,2,40,7,227,18,0,0,3064,116,0,6,0,1013,267,0,12,0,514,46,0,2,0,254,13,0,1,0,62,470,4,8,0,0,9,1,0,0,0,0,0,0,0
0,22,2,21,1,2,0,1.001934,0.974708,0.973714,20,2,584,100,100,0,0,0,36,38,0,12,2,40,7,239,12,0,0,3064,209,0,4,0,1013,240,0,8,0,514,1,0,14,0,254,0,0,2,0,62,418,8,18,0,0,55,7,0,0,0,0,0,0,0
0,22,3,12,1,2,0,0.978593,0.984369,0.977355,11,2,584,100,100,0,0,0,28,28,12,0,2,40,7,170,15,0,0,3064,147,0,5,0,1013,237,0,10,0,514,35,0,2,0,254,20,0,1,0,62,519,4,7,0,0,19,1,0,0,0,0,0,0,0
0,23,0,22,0,1,0,0.995944,0.982204,0.994341,20,2,584,100,100,0,0,0,0,10,38,30,2,36,2,209,24,0,0,3184,178,0,8,0,1019,274,0,16,0,499,0,0,10,0,264,0,0,2,0,51,431,8,18,0,0,27,5,0,0,0,0,0,0,0
0,23,1,14,0,1,0,1.03092,1.029342,1.008734,14,2,584,100,100,0,0,0,10,0,40,28,2,36,2,239,18,0,0,3184,104,0,6,0,1019,273,0,12,0,499,52,0,2,0,264,15,0,1,0,51,466,4,8,0,0,10,1,0,0,0,0,0,0,0
0,23,2,21,0,1,0,1.001934,0.974708,0.973714,20,2,584,100,100,0,0,0,38,40,0,12,2,36,2,239,12,0,0,3184,184,0,4,0,1019,244,0,8,0,499,1,0,16,0,264,0,0,3,0,51,416,12,22,0,0,62,8,1,0,0,1,1,0,0
0,23,3,11,0,1,0,0.978547,0.991275,0.990994,10,2,584,100,100,0,0,0,30,28,12,0,2,36,2,181,15,0,0,3184,138,0,5,0,1019,242,0,10,0,499,42,0,2,0,264,19,0,1,0,51,516,4,7,0,0,20,1,0,0,0,0,0,0,0
0,24,0,18,1,16,0,0.990651,0.970495,1.000439,16,2,584,100,100,0,0,0,0,10,40,30,2,36,7,218,24,0,0,3064,212,0,8,0,1019,282,0,16,0,517,0,0,0,0,246,0,0,2,0,62,431,8,8,0,0,27,0,0,0,0,0,0,0,0
0,24,1,10,1,16,0,1.02515,1.042115,1.010043,10,2,584,100,100,0,0,0,10,0,40,28,2,36,7,246,18,0,0,3064,92,0,6,0,1019,279,0,12,0,517,50,0,2,0,246,16,0,1,0,62,462,4,8,0,0,11,1,0,0,0,0,0,0,0
0,24,2,18,1,16,0,0.999047,0.972242,0.971953,17,2,584,100,100,0,0,0,40,40,0,12,2,36,7,240,12,0,0,3064,207,0,4,0,1019,248,0,8,0,517,0,0,2,0,246,0,0,7,0,62,444,28,6,0,0,63,1,0,0,0,0,0,0,0
0,24,3,7,1,16,0,0.988808,1.003781,1.011709,6,2,584,100,100,0,0,0,30,28,12,0,2,36,7,185,12,0,0,3064,131,0,4,0,1019,246,0,8,0,517,40,0,2,0,246,20,0,1,0,62,514,4,6,0,0,21,1,0,0,0,0,0,0,0
0,25,0,18,0,0,0,0.990651,0.970495,1.000439,16,2,584,100,100,0,0,0,0,10,42,30,2,32,5,229,24,0,0,3184,186,0,8,0,1019,290,0,16,0,527,0,0,2,0,272,0,0,0,0,34,438,0,10,0,0,28,1,0,0,0,0,0,0,0
0,25,1,10,0,0,0,1.02515,1.042115,1.010043,10,2,584,100,100,0,0,0,10,0,40,28,2,32,5,262,18,0,0,3184,84,0,6,0,1019,285,0,12,0,527,51,0,2,0,272,15,0,1,0,34,458,4,8,0,0,12,1,0,0,0,0,0,0,0
0,25,2,18,0,0,0,0.999047,0.972242,0.971953,17,2,584,100,100,0,0,0,42,40,0,12,2,32,5,245,15,0,0,3184,184,0,5,0,1019,253,0,10,0,527,0,0,10,0,272,0,0,0,0,34,444,0,17,0,0,67,5,1,0,0,1,1,0,0
0,25,3,7,0,0,0,0.988808,1.003781,1.011709,6,2,584,100,100,0,0,0,30,28,12,0,2,32,5,196,12,0,0,3184,128,0,4,0,1019,250,0,8,0,527,40,0,2,0,272,19,0,1,0,34,512,4,6,0,0,22,1,0,0,0,0,0,0,0
0,26,0,18,0,3,0,0.990651,0.970495,1.000439,16,2,584,100,100,0,0,0,0,10,44,32,2,32,3,241,24,0,0,3136,160,0,8,0,1019,298,0,16,0,529,0,0,0,0,251,0,0,6,0,45,471,24,8,0,0,28,0,0,0,0,0,0,0,0
0,26,1,10,0,3,0,1.02515,1.042115,1.010043,10,2,584,100,100,0,0,0,10,0,42,28,2,32,3,278,18,0,0,3136,76,0,6,0,1019,291,0,12,0,529,55,0,2,0,251,17,0,1,0,45,454,4,8,0,0,13,1,0,0,0,0,0,0,0
0,26,2,16,0,3,0,1.006528,0.96946,0.968681,16,2,584,100,100,0,0,0,44,42,0,12,2,32,3,247,12,0,0,3136,210,0,4,0,1019,257,0,8,0,529,0,0,6,0,251,0,0,6,0,45,464,24,10,0,0,70,3,0,0,0,0,0,0,0
0,26,3,6,0,3,0,1.003015,0.999138,1.035334,5,2,584,100,100,0,0,0,32,28,12,0,2,32,3,204,9,0,0,3136,126,0,3,0,1019,253,0,6,0,529,41,0,2,0,251,21,0,1,0,45,511,4,5,0,0,23,1,0,0,0,0,0,0,0
0,27,0,18,0,0,0,0.990651,0.970495,1.000439,16,2,584,100,100,0,0,0,0,12,46,34,2,28,5,253,24,0,0,3120,198,0,8,0,1028,306,0,16,0,517,1,0,2,0,272,0,0,0,0,51,461,0,10,0,0,29,1,0,0,0,0,0,0,0
0,27,1,10,0,0,0,1.02515,1.042115,1.010043,10,2,584,100,100,0,0,0,12,0,44,28,2,28,5,291,18,0,0,3120,68,0,6,0,1028,294,0,12,0,517,62,0,2,0,272,16,0,1,0,51,450,4,8,0,0,14,1,0,0,0,0,0,0,0
0,27,2,16,0,0,0,1.006528,0.96946,0.968681,16,2,584,100,100,0,0,0,46,44,0,12,2,28,5,252,12,0,0,3120,190,0,4,0,1028,261,0,8,0,517,1,0,8,0,272,0,0,0,0,51,469,0,12,0,0,74,4,0,0,0,0,0,0,0
0,27,3,6,0,0,0,1.003015,0.999138,1.035334,5,2,584,100,100,0,0,0,34,28,12,0,2,28,5,210,9,0,0,3120,125,0,3,0,1028,256,0,6,0,517,45,0,2,0,272,20,0,1,0,51,510,4,5,0,0,24,1,0,0,0,0,0,0,0
0,28,0,17,0,2,0,0.98479,0.969369,0.999635,16,2,584,100,100,0,0,0,0,12,46,34,2,28,9,266,24,0,0,3184,172,0,8,0,1025,314,0,16,0,534,0,0,2,0,259,0,0,2,0,34,476,8,10,0,0,30,1,0,0,0,0,0,0,0
0,28,1,9,0,2,0,1.012991,1.03689,0.996368,9,2,584,100,100,0,0,0,12,0,46,28,2,28,9,302,18,0,0,3184,52,0,6,0,1025,300,0,12,0,534,64,0,0,0,259,18,0,0,0,34,444,0,6,0,0,14,0,0,0,0,0,0,0,0
0,28,2,16,0,2,0,1.006528,0.96946,0.968681,16,3,709,100,100,0,0,0,46,46,0,12,2,28,9,254,12,0,0,3184,170,0,4,0,1025,265,0,8,0,534,0,0,4,0,259,0,0,6,0,34,485,24,25,0,0,59,2,17,0,0,0,0,0,0
0,28,3,6,0,2,0,1.003015,0.999138,1.035334,5,2,584,100,100,0,0,0,34,28,12,0,2,28,9,216,9,0,0,3184,124,0,3,0,1025,259,0,6,0,534,45,0,2,0,259,22,0,1,0,34,509,4,5,0,0,25,1,0,0,0,0,0,0,0
0,29,0,17,1,1,0,0.98479,0.969369,0.999635,16,2,584,100,100,0,0,0,0,12,48,34,2,24,2,278,24,0,0,3080,211,0,8,0,1025,322,0,16,0,517,1,0,2,0,272,0,0,0,0,62,466,0,10,0,0,31,1,0,0,0,0,0,0,0
0,29,1,9,1,1,0,1.012991,1.03689,0.996368,9,2,584,100,100,0,0,0,12,0,46,30,2,24,2,317,18,0,0,3080,37,0,6,0,1025,306,0,12,0,517,71,0,0,0,272,18,0,0,0,62,438,0,6,0,0,14,0,0,0,0,0,0,0,0
0,29,2,16,1,1,0,1.008911,0.97536,0.970694,15,3,709,100,100,0,0,0,48,46,0,12,2,24,2,256,12,0,0,3080,190,0,4,0,1025,269,0,8,0,517,0,0,12,0,272,0,0,0,0,62,475,0,16,0,0,65,6,0,0,0,0,0,0,0
0,29,3,6,1,1,0,1.003015,0.999138,1.035334,5,2,584,100,100,0,0,0,34,30,12,0,2,24,2,224,9,0,0,3080,123,0,3,0,1025,262,0,6,0,517,48,0,2,0,272,21,0,1,0,62,508,4,5,0,0,26,1,0,0,0,0,0,0,0
0,30,0,16,0,2,0,0.985777,0.974698,1.008228,16,2,584,100,100,0,0,0,0,14,50,36,2,24,4,287,21,0,0,3192,186,0,7,0,1025,329,0,14,0,544,1,0,0,0,242,0,0,3,0,0,505,12,7,0,0,31,0,0,0,0,0,0,0,0
0,30,1,9,0,2,0,1.012991,1.03689,0.996368,9,2,584,100,100,0,0,0,14,0,50,32,2,24,4,331,18,0,0,3192,25,0,6,0,1025,312,0,12,0,544,71,0,0,0,242,27,0,0,0,0,432,0,6,0,0,14,0,0,0,0,0,0,0,0
0,30,2,15,0,2,0,1.016894,0.979766,0.969418,14,3,709,100,100,0,0,0,50,50,0,12,2,24,4,253,9,0,0,3192,170,0,3,0,1025,272,0,6,0,544,0,0,0,0,242,4,0,8,0,0,536,32,5,0,0,64,0,1,0,0,1,1,0,0
0,30,3,6,0,2,0,1.003015,0.999138,1.035334,5,2,584,100,100,0,0,0,36,32,12,0,2,24,4,231,9,0,0,3192,121,0,3,0,1025,265,0,6,0,544,46,0,2,0,242,26,0,1,0,0,507,4,5,0,0,27,1,0,0,0,0,0,0,0
0,31,0,11,0,7,0,0.989885,0.97614,1.015972,11,2,584,100,100,0,0,0,0,18,52,38,2,20,5,295,21,0,0,3152,162,0,7,0,1034,336,0,14,0,520,1,0,0,0,269,0,0,3,0,42,516,12,7,0,0,31,0,0,0,0,0,0,0,0
0,31,1,8,0,7,0,1.019907,1.051903,1.001833,8,2,584,100,100,0,0,0,18,0,54,36,2,20,5,341,15,0,0,3152,14,0,5,0,1034,317,0,10,0,520,77,0,0,0,269,27,0,0,0,42,427,0,5,0,0,14,0,0,0,0,0,0,0,0
0,31,2,14,0,7,0,1.01321,0.986354,0.977984,14,3,709,100,100,0,0,0,52,54,0,14,2,20,5,248,6,0,0,3152,192,0,2,0,1034,271,0,4,0,520,0,0,12,0,269,0,0,4,0,42,547,16,14,0,0,70,6,0,0,0,0,0,0,0
0,31,3,6,0,7,0,1.003015,0.999138,1.035334,5,2,584,100,100,0,0,0,38,36,14,0,2,20,5,238,9,0,0,3152,119,0,3,0,1034,268,0,6,0,520,50,0,2,0,269,25,0,1,0,42,506,4,5,0,0,28,1,0,0,0,0,0,0,0
0,32,0,11,0,1,0,0.989885,0.97614,1.015972,11,2,584,100,100,0,0,0,0,20,52,38,3,20,6,309,21,0,0,3168,167,0,7,0,1063,332,0,14,0,532,1,0,0,0,257,0,0,3,0,51,521,12,7,0,0,31,0,0,0,0,0,0,0,0
0,32,1,7,0,1,0,1.015772,1.048574,0.982993,7,2,584,100,100,0,0,0,20,0,58,38,3,20,6,348,12,0,0,3168,5,0,4,0,1063,318,0,8,0,532,83,0,0,0,257,28,0,0,0,51,423,0,4,0,0,14,0,0,0,0,0,0,0,0
0,32,2,14,0,1,0,1.01321,0.986354,0.977984,14,3,709,100,100,0,0,0,52,58,0,14,2,20,6,244,6,0,0,3168,175,0,2,0,1063,267,0,4,0,532,0,0,6,0,257,0,0,6,0,51,580,24,8,0,0,73,3,0,0,0,0,0,0,0
0,32,3,6,0,1,0,1.003015,0.999138,1.035334,5,2,584,100,100,0,0,0,38,38,14,0,2,20,6,243,9,0,0,3168,117,0,3,0,1063,265,0,6,0,532,48,0,2,0,257,29,0,1,0,51,505,4,5,0,0,29,1,0,0,0,0,0,0,0
0,33,0,9,1,4,0,0.994888,0.974919,1.01035,9,2,584,100,100,0,0,0,0,22,52,40,3,20,1,322,18,0,0,3126,165,0,6,0,1040,338,0,12,0,517,0,0,4,0,270,0,0,0,0,62,511,0,10,0,0,33,2,0,0,0,0,0,0,0
0,33,1,6,1,4,0,1.020724,1.037317,0.993763,6,2,584,100,100,0,0,0,22,0,60,40,3,20,1,346,0,0,0,3126,3,0,0,0,1040,330,0,0,0,517,89,0,0,0,270,28,0,0,0,62,423,0,0,0,0,14,0,0,0,0,0,0,0,0
0,33,2,14,1,4,0,1.01321,0.986354,0.977984,14,3,709,100,100,0,0,0,52,60,0,14,2,20,1,240,6,0,0,3126,198,0,2,0,1040,269,0,4,0,517,1,0,8,0,270,0,0,2,0,62,584,8,10,0,0,77,4,0,0,0,0,0,0,0
0,33,3,6,1,4,0,1.028886,1.002718,1.029081,4,2,584,100,100,0,0,0,40,40,14,0,2,20,1,247,6,0,0,3126,116,0,2,0,1040,267,0,4,0,517,52,0,2,0,270,28,0,1,0,62,505,4,4,0,0,30,1,0,0,0,0,0,0,0
0,34,0,9,0,0,0,0.994888,0.974919,1.01035,9,2,584,100,100,0,0,0,0,24,52,40,3,20,7,335,18,0,0,3173,165,0,6,0,1055,341,0,12,0,530,0,0,0,0,260,1,0,2,0,51,513,8,6,0,0,33,0,0,0,0,0,0,0,0
0,34,1,6,0,0,0,1.020724,1.037317,0.993763,6,2,584,100,100,0,0,0,24,0,62,42,3,20,7,343,0,0,0,3173,3,0,0,0,1055,339,0,0,0,530,90,0,0,0,260,31,0,0,0,51,423,0,0,0,0,14,0,0,0,0,0,0,0,0
0,34,2,14,0,0,0,1.01321,0.986354,0.977984,14,4,834,100,100,0,0,0,52,62,0,14,2,20,7,236,6,0,0,3173,181,0,2,0,1055,271,0,4,0,530,1,0,6,0,260,0,0,6,0,51,600,24,25,0,0,63,3,17,0,0,0,0,0,0
0,34,3,6,0,0,0,1.028886,1.002718,1.029081,4,2,584,100,100,0,0,0,40,42,14,0,2,20,7,249,6,0,0,3173,115,0,2,0,1055,266,0,4,0,530,57,0,2,0,260,27,0,1,0,51,505,4,4,0,0,31,1,0,0,0,0,0,0,0
0,35,0,9,0,0,0,0.994888,0.974919,1.01035,9,2,584,100,100,0,0,0,0,26,54,42,3,20,5,349,18,0,0,3173,165,0,6,0,1046,347,0,12,0,514,1,0,2,0,272,0,0,1,0,51,509,4,8,0,0,34,1,0,0,0,0,0,0,0
0,35,1,6,0,0,0,1.020724,1.037317,0.993763,6,2,584,100,100,0,0,0,26,0,64,44,3,20,5,339,0,0,0,3173,3,0,0,0,1046,351,0,0,0,514,96,0,0,0,272,31,0,0,0,51,423,0,0,0,0,14,0,0,0,0,0,0,0,0
0,35,2,14,0,0,0,1.01321,0.986354,0.977984,14,4,834,100,100,0,0,0,54,64,0,14,2,20,5,231,6,0,0,3173,164,0,2,0,1046,273,0,4,0,514,1,0,12,0,272,0,0,0,0,51,603,0,14,0,0,69,6,0,0,0,0,0,0,0
0,35,3,6,0,0,0,1.028886,1.002718,1.029081,4,2,584,100,100,0,0,0,42,44,14,0,2,20,5,250,6,0,0,3173,114,0,2,0,1046,268,0,4,0,514,64,0,2,0,272,26,0,1,0,51,505,4,4,0,0,32,1,0,0,0,0,0,0,0
0,36,0,9,0,0,0,0.994888,0.974919,1.01035,9,2,584,100,100,0,0,0,0,28,54,42,3,20,6,361,18,0,0,3133,165,0,6,0,1046,353,0,12,0,517,0,0,4,0,270,0,0,0,0,59,499,0,10,0,0,36,2,0,0,0,0,0,0,0
0,36,1,6,0,0,0,1.020724,1.037317,0.993763,6,2,584,100,100,0,0,0,28,0,66,46,3,20,6,335,0,0,0,3133,3,0,0,0,1046,363,0,0,0,517,101,0,0,0,270,31,0,0,0,59,423,0,0,0,0,14,0,0,0,0,0,0,0,0
0,36,2,14,0,0,0,1.01321,0.986354,0.977984,14,4,834,100,100,0,0,0,54,66,0,14,2,20,6,229,6,0,0,3133,187,0,2,0,1046,275,0,4,0,517,0,0,12,0,270,0,0,1,0,59,602,4,14,0,0,75,6,0,0,0,0,0,0,0
0,36,3,6,0,0,0,1.028886,1.002718,1.029081,4,2,584,100,100,0,0,0,42,46,14,0,2,20,6,253,6,0,0,3133,113,0,2,0,1046,270,0,4,0,517,70,0,2,0,270,26,0,1,0,59,505,4,4,0,0,33,1,0,0,0,0,0,0,0
0,37,0,8,0,1,0,1.008104,0.983125,1.012915,8,2,584,100,100,0,0,0,0,30,54,42,3,20,3,370,15,0,0,3173,166,0,5,0,1046,358,0,10,0,539,0,0,0,0,251,0,0,0,0,51,494,0,5,0,0,36,0,0,0,0,0,0,0,0
0,37,1,6,0,1,0,1.020724,1.037317,0.993763,6,2,584,100,100,0,0,0,30,0,68,48,3,20,3,331,0,0,0,3173,3,0,0,0,1046,375,0,0,0,539,101,0,0,0,251,37,0,0,0,51,423,0,0,0,0,14,0,0,0,0,0,0,0,0
0,37,2,14,0,1,0,1.01321,0.986354,0.977984,14,4,834,100,100,0,0,0,54,68,0,14,2,20,3,225,6,0,0,3173,170,0,2,0,1046,277,0,4,0,539,0,0,2,0,251,1,0,8,0,51,647,32,4,0,0,76,1,0,0,0,0,0,0,0
0,37,3,6,0,1,0,1.028886,1.002718,1.029081,4,2,584,100,100,0,0,0,42,48,14,0,2,20,3,255,6,0,0,3173,112,0,2,0,1046,272,0,4,0,539,71,0,2,0,251,31,0,1,0,51,505,4,4,0,0,34,1,0,0,0,0,0,0,0
0,38,0,8,0,0,0,1.008104,0.983125,1.012915,8,2,584,100,100,0,0,0,0,32,56,42,3,20,8,381,15,0,0,3133,168,0,5,0,1049,363,0,10,0,515,0,0,2,0,272,0,0,0,0,59,487,0,7,0,0,37,1,0,0,0,0,0,0,0
0,38,1,6,0,0,0,1.020724,1.037317,0.993763,6,2,584,100,100,0,0,0,32,0,70,50,3,20,8,328,0,0,0,3133,3,0,0,0,1049,387,0,0,0,515,107,0,0,0,272,37,0,0,0,59,423,0,0,0,0,14,0,0,0,0,0,0,0,0
0,38,2,14,0,0,0,1.01321,0.986354,0.977984,14,4,834,100,100,0,0,0,56,70,0,14,2,20,8,221,6,0,0,3133,193,0,2,0,1049,279,0,4,0,515,0,0,12,0,272,0,0,1,0,59,646,4,14,0,0,82,6,0,0,0,0,0,0,0
0,38,3,6,0,0,0,1.028886,1.002718,1.029081,4,2,584,100,100,0,0,0,42,50,14,0,2,20,8,256,6,0,0,3133,111,0,2,0,1049,274,0,4,0,515,78,0,2,0,272,30,0,1,0,59,505,4,4,0,0,35,1,0,0,0,0,0,0,0
0,39,0,8,0,0,0,1.008104,0.983125,1.012915,8,2,584,100,100,0,0,0,0,34,58,42,3,20,6,393,15,0,0,3173,170,0,5,0,1049,368,0,10,0,544,0,0,0,0,242,1,0,2,0,34,490,8,5,0,0,37,0,0,0,0,0,0,0,0
0,39,1,6,0,0,0,1.020724,1.037317,0.993763,6,2,584,100,100,0,0,0,34,0,72,52,3,20,6,325,0,0,0,3173,3,0,0,0,1049,399,0,0,0,544,107,0,0,0,242,43,0,0,0,34,423,0,0,0,0,14,0,0,0,0,0,0,0,0
0,39,2,14,0,0,0,1.01321,0.986354,0.977984,14,4,834,100,100,0,0,0,58,72,0,14,2,20,6,216,6,0,0,3173,176,0,2,0,1049,281,0,4,0,544,0,0,0,0,242,4,0,8,0,34,710,32,2,0,0,82,0,0,0,0,0,0,0,0
0,39,3,6,0,0,0,1.028886,1.002718,1.029081,4,2,584,100,100,0,0,0,42,52,14,0,2,20,6,259,6,0,0,3173,110,0,2,0,1049,276,0,4,0,544,76,0,2,0,242,38,0,1,0,34,505,4,4,0,0,36,1,0,0,0,0,0,0,0
0,40,0,8,0,1,0,1.008104,0.983125,1.012915,8,2,584,100,100,0,0,0,0,36,58,44,3,20,3,405,15,0,0,3133,172,0,5,0,1049,373,0,10,0,540,1,0,0,0,251,0,0,1,0,59,489,4,5,0,0,37,0,0,0,0,0,0,0,0
0,40,1,5,0,1,0,0.97868,1.032481,0.979614,5,2,584,100,100,0,0,0,36,0,76,54,3,20,3,322,0,0,0,3133,3,0,0,0,1049,408,0,0,0,540,107,0,0,0,251,49,0,0,0,59,423,0,0,0,0,14,0,0,0,0,0,0,0,0
0,40,2,14,0,1,0,1.01321,0.986354,0.977984,14,4,834,100,100,0,0,0,58,76,0,14,2,20,3,213,6,0,0,3133,199,0,2,0,1049,283,0,4,0,540,1,0,2,0,251,2,0,8,0,59,747,32,4,0,0,83,1,0,0,0,0,0,0,0
0,40,3,6,0,1,0,1.028886,1.002718,1.029081,4,2,584,100,100,0,0,0,44,54,14,0,2,20,3,263,6,0,0,3133,109,0,2,0,1049,278,0,4,0,540,74,0,2,0,251,46,0,1,0,59,505,4,4,0,0,37,1,0,0,0,0,0,0,0
4,1,0,45,2,22,0,1.005189,1.006681,1.011773,0,0,334,100,100,0,0,0,0,2,2,2,0,80,3,54,39,0,0,2816,200,0,13,0,932,63,0,26,0,466,15,0,36,0,272,7,0,18,0,0,88,72,61,0,0,12,18,6,0,0,6,6,0,0
4,1,1,46,2,22,0,1.006845,1.003853,1.009563,0,0,334,100,100,0,0,0,2,0,2,2,0,80,3,55,39,0,0,2816,200,0,13,0,932,63,0,26,0,466,17,0,38,0,272,6,0,19,0,0,87,76,65,0,0,12,19,7,0,0,7,7,0,0
4,1,2,40,2,22,0,1.00124,1.005502,1.010994,0,0,334,100,100,0,0,0,2,2,0,2,0,80,3,51,39,0,0,2816,200,0,13,0,932,63,0,26,0,466,23,0,28,0,272,11,0,14,0,0,80,56,45,0,0,12,14,2,0,0,2,2,0,0
4,1,3,49,2,22,0,1.000775,1.006646,1.016376,0,0,334,100,100,0,0,0,2,2,2,0,0,80,3,52,36,0,0,2816,201,0,12,0,932,62,0,24,0,466,9,0,48,0,272,1,0,24,0,0,102,96,78,0,0,15,24,9,0,0,9,9,0,0
4,2,0,44,2,4,0,1.009508,1.009176,1.01465,6,0,334,100,100,0,0,0,0,4,4,4,0,80,6,67,39,0,0,2845,221,0,13,0,935,76,0,26,0,388,17,0,34,0,268,0,0,10,0,0,86,40,59,0,0,23,17,6,0,0,6,6,0,0
4,2,1,47,2,4,0,1.008646,1.004905,1.008726,7,0,334,100,100,0,0,0,4,0,2,4,0,80,6,67,39,0,0,2845,233,0,13,0,935,76,0,26,0,388,18,0,38,0,268,0,0,7,0,0,67,28,65,0,0,24,19,7,0,0,7,7,0,0
4,2,2,39,2,4,0,1.00435,1.006707,1.015326,2,0,334,100,100,0,0,0,4,2,0,2,0,80,6,68,39,0,0,2845,231,0,13,0,935,76,0,26,0,388,31,0,28,0,268,0,0,11,0,0,96,44,45,0,0,24,14,2,0,0,2,2,0,0
4,2,3,48,2,4,0,1.001493,1.006953,1.017686,9,0,334,100,100,0,0,0,4,4,2,0,0,80,6,57,36,0,0,2845,224,0,12,0,935,74,0,24,0,388,2,0,46,0,268,0,0,1,0,0,47,4,76,0,0,29,23,9,0,0,9,9,0,0
4,3,0,42,5,14,0,1.015895,1.009567,1.015007,11,0,334,100,100,0,0,0,0,6,6,6,0,76,0,75,33,0,0,3200,166,0,11,0,932,87,0,22,0,395,16,0,36,0,272,0,0,0,0,0,44,0,59,0,0,35,18,6,0,0,6,6,0,0
4,3,1,45,5,14,0,1.01245,1.008339,1.014936,14,0,334,100,100,0,0,0,6,0,4,6,0,76,0,82,42,0,0,3200,172,0,14,0,932,90,0,28,0,395,27,0,30,0,272,0,0,0,0,0,24,0,56,0,0,33,15,6,0,0,6,6,0,0
4,3,2,36,5,14,0,1.010476,1.009955,1.01665,4,0,334,100,100,0,0,0,6,4,0,2,0,76,0,83,39,0,0,3200,179,0,13,0,932,89,0,26,0,395,45,0,20,0,272,0,0,0,0,0,75,0,35,0,0,33,10,1,0,0,1,1,0,0
4,3,3,46,5,14,0,1.004754,1.006094,1.018966,17,0,334,100,100,0,0,0,6,6,2,0,0,76,0,63,33,0,0,3200,165,0,11,0,932,85,0,22,0,395,1,0,36,0,272,0,0,0,0,0,1,0,63,0,0,39,18,8,0,0,8,8,0,0
4,4,0,39,2,5,1,1.015309,1.007908,1.015204,15,0,334,100,100,0,0,0,0,6,2,10,0,76,11,73,24,0,0,2832,220,0,8,0,941,95,0,16,0,442,8,0,38,0,272,0,0,0,0,14,3,0,58,0,0,48,19,6,0,0,6,6,0,0
4,4,1,46,2,5,1,1.014248,1.010451,1.01552,20,0,334,100,100,0,0,0,6,0,2,10,0,76,11,75,21,0,0,2832,208,0,7,0,941,118,0,14,0,442,20,0,34,0,272,0,0,0,0,14,0,0,41,0,0,50,17,0,0,0,0,0,0,0
4,4,2,36,2,5,1,1.012446,1.013544,1.013517,4,0,334,100,100,0,0,0,2,2,0,4,0,76,11,95,36,0,0,2832,211,0,12,0,941,101,0,24,0,442,47,0,22,0,272,0,0,0,0,14,42,0,36,0,0,43,11,1,0,0,1,1,0,0
4,4,3,45,2,5,1,1.004416,1.00516,1.017815,25,0,334,100,100,0,0,0,10,10,4,0,0,76,11,31,0,0,0,2832,215,0,0,0,941,118,0,0,0,442,6,0,16,0,272,0,0,0,0,14,0,0,16,0,0,47,8,0,0,0,0,0,0,0
4,5,0,37,3,13,0,1.015511,1.008008,1.014459,19,0,334,100,100,0,0,0,0,8,4,12,0,72,6,71,24,0,0,3112,173,0,8,0,959,103,0,16,0,459,0,0,26,0,219,0,0,13,0,0,26,52,44,0,0,56,13,5,0,0,5,5,0,0
4,5,1,48,3,13,0,1.016055,1.012323,1.015898,20,0,334,100,100,0,0,0,8,0,2,12,0,72,6,84,42,0,0,3112,236,0,14,0,959,132,0,28,0,459,7,0,34,0,219,4,0,17,0,0,25,68,60,0,0,61,17,6,0,0,6,6,0,0
4,5,2,34,3,13,0,1.011906,1.012226,1.010331,5,0,334,100,100,0,0,0,4,2,0,4,0,72,6,102,33,0,0,3112,164,0,11,0,959,112,0,22,0,459,46,0,22,0,219,2,0,11,0,0,67,44,35,0,0,53,11,1,0,0,1,1,0,0
4,5,3,37,3,13,0,1.006885,1.008304,1.014843,25,0,334,100,100,0,0,0,12,12,4,0,0,72,6,34,27,0,0,3112,161,0,9,0,959,127,0,18,0,459,0,0,26,0,219,0,0,6,0,0,0,24,41,0,0,57,13,3,0,0,3,3,0,0
4,6,0,38,2,4,0,1.017594,1.003349,1.014643,24,0,334,100,100,0,0,0,0,8,6,14,0,72,18,81,27,0,0,2944,223,0,9,0,956,112,0,18,0,455,0,0,26,0,251,0,0,3,0,16,8,12,45,0,0,64,13,5,0,0,5,5,0,0
4,6,1,48,2,4,0,1.016055,1.012323,1.015898,26,0,334,100,100,0,0,0,8,0,2,14,0,72,18,93,45,0,0,2944,173,0,15,0,956,147,0,30,0,455,1,0,32,0,251,0,0,9,0,16,19,36,59,0,0,71,16,6,0,0,6,6,0,0
4,6,2,32,2,4,0,1.00956,1.014175,1.007884,6,0,334,100,100,0,0,0,6,2,0,4,0,72,18,111,33,0,0,2944,199,0,11,0,956,123,0,22,0,455,37,0,22,0,251,0,0,11,0,16,79,44,35,0,0,63,11,1,0,0,1,1,0,0
4,6,3,36,2,4,0,1.007596,1.007885,1.020471,27,0,334,100,100,0,0,0,14,14,4,0,0,72,18,36,27,0,0,2944,179,0,9,0,956,136,0,18,0,455,0,0,18,0,251,0,0,4,0,16,0,16,33,0,0,63,9,3,0,0,3,3,0,0
4,7,0,32,3,20,1,1.013482,1.007369,1.012446,25,0,334,100,100,0,0,0,0,10,2,18,0,68,7,68,15,0,0,3048,180,0,5,0,953,117,0,10,0,435,1,0,22,0,247,0,0,7,0,0,18,28,35,0,0,71,11,4,0,0,4,4,0,0
4,7,1,43,3,20,1,1.020946,1.009956,1.012159,25,0,334,100,100,0,0,0,10,0,2,18,0,68,7,87,24,0,0,3048,205,0,8,0,953,155,0,16,0,435,6,0,34,0,247,0,0,8,0,0,14,32,54,0,0,82,17,6,0,0,6,6,0,0
4,7,2,31,3,20,1,1.010445,1.011985,1.005478,6,0,334,100,100,0,0,0,2,2,0,6,0,68,7,119,27,0,0,3048,158,0,9,0,953,132,0,18,0,435,39,0,22,0,247,0,0,6,0,0,87,24,33,0,0,73,11,1,0,0,1,1,0,0
4,7,3,31,3,20,1,1.006992,1.013657,1.016932,25,0,334,100,100,0,0,0,18,18,6,0,0,68,7,28,12,0,0,3048,203,0,4,0,953,140,0,8,0,435,0,0,20,0,247,0,0,4,0,0,3,16,30,0,0,70,10,3,0,0,3,3,0,0
4,8,0,33,2,4,0,1.013221,1.008323,1.012219,29,0,334,100,100,0,0,0,0,10,2,20,1,68,16,64,15,0,0,2920,239,0,5,0,1010,122,0,10,0,542,0,0,2,0,188,0,0,17,0,16,90,68,11,0,0,70,1,2,0,0,2,2,0,0
4,8,1,44,2,4,0,1.021276,1.010694,1.013543,31,0,334,100,100,0,0,0,10,0,4,20,1,68,16,88,27,0,0,2920,249,0,9,0,1010,164,0,18,0,542,1,0,6,0,188,6,0,18,0,16,76,72,27,0,0,79,3,6,0,0,6,6,0,0
4,8,2,27,2,4,0,1.017494,1.013697,1.007895,7,0,334,100,100,0,0,0,2,4,0,8,0,68,16,119,21,0,0,2920,200,0,7,0,1010,139,0,14,0,542,19,0,20,0,188,15,0,10,0,16,100,40,27,0,0,83,10,0,0,0,0,0,0,0
4,8,3,31,2,4,0,1.006992,1.013657,1.016932,28,0,334,100,100,0,0,0,20,20,8,0,2,68,16,21,12,0,0,2920,168,0,4,0,1010,141,0,8,0,542,0,0,0,0,188,1,0,17,0,16,80,68,8,0,0,68,0,2,0,0,2,2,0,0
4,9,0,18,0,18,0,1.024642,0.996668,1.020807,17,0,334,100,100,0,0,0,0,10,2,22,1,64,18,55,15,0,0,3143,201,0,5,0,1013,127,0,10,0,441,21,0,6,0,272,0,0,0,0,14,94,0,13,0,0,72,3,1,0,0,1,1,0,0
4,9,1,43,0,18,0,1.019558,1.00849,1.012885,37,0,334,100,100,0,0,0,10,0,4,24,1,64,18,81,27,0,0,3143,196,0,9,0,1013,173,0,18,0,441,1,0,36,0,272,0,0,6,0,14,66,24,51,0,0,94,18,3,0,0,3,3,0,0
4,9,2,27,0,18,0,1.017494,1.013697,1.007895,7,0,334,100,100,0,0,0,2,4,0,10,0,64,18,121,21,0,0,3143,166,0,7,0,1013,146,0,14,0,441,20,0,20,0,272,5,0,10,0,14,130,40,27,0,0,93,10,0,0,0,0,0,0,0
4,9,3,29,0,18,0,1.004679,1.013285,1.018328,28,0,334,100,100,0,0,0,22,24,10,0,2,64,18,16,9,0,0,3143,191,0,3,0,1013,144,0,6,0,441,0,0,18,0,272,0,0,1,0,14,64,4,23,0,0,76,9,1,0,0,1,1,0,0
4,10,0,18,3,4,0,1.029133,0.98967,1.024213,17,0,334,100,100,0,0,0,0,10,4,24,1,64,4,62,12,0,0,2962,179,0,4,0,1019,131,0,8,0,422,45,0,6,0,272,0,0,0,0,17,101,0,10,0,0,75,3,0,0,0,0,0,0,0
4,10,1,44,3,4,0,1.020087,1.009111,1.013622,40,0,334,100,100,0,0,0,10,0,6,26,1,64,4,77,27,0,0,2962,240,0,9,0,1019,182,0,18,0,422,8,0,36,0,272,0,0,0,0,17,34,0,49,0,0,110,18,2,0,0,2,2,0,0
4,10,2,27,3,4,0,1.020574,1.013557,1.012157,7,0,334,100,100,0,0,0,4,6,0,12,0,64,4,123,18,0,0,2962,213,0,6,0,1019,152,0,12,0,422,30,0,20,0,272,0,0,5,0,17,124,20,26,0,0,103,10,0,0,0,0,0,0,0
4,10,3,27,3,4,0,1.002518,1.013518,1.017684,27,0,334,100,100,0,0,0,24,26,12,0,2,64,4,17,9,0,0,2962,221,0,3,0,1019,144,0,6,0,422,1,0,18,0,272,0,0,0,0,17,60,0,21,0,0,85,9,0,0,0,0,0,0,0
4,11,0,18,0,2,0,1.029133,0.98967,1.024213,17,0,334,100,100,0,0,0,0,12,4,26,1,60,17,67,12,0,0,3184,173,0,4,0,1019,135,0,8,0,432,60,0,8,0,271,0,0,0,0,10,93,0,14,0,0,78,4,1,0,0,1,1,0,0
4,11,1,44,0,2,0,1.020087,1.009111,1.013622,42,0,334,100,100,0,0,0,12,0,6,30,1,60,17,70,27,0,0,3184,187,0,9,0,1019,191,0,18,0,432,17,0,36,0,271,0,0,0,0,10,4,0,47,0,0,127,18,1,0,0,1,1,0,0
4,11,2,27,0,2,0,1.020574,1.013557,1.012157,7,0,334,100,100,0,0,0,4,6,0,14,0,60,17,123,21,0,0,3184,179,0,7,0,1019,159,0,14,0,432,36,0,20,0,271,0,0,0,0,10,114,0,27,0,0,113,10,0,0,0,0,0,0,0
4,11,3,25,0,2,0,1.005448,1.016323,1.019226,25,0,334,100,100,0,0,0,26,30,14,0,2,60,17,15,9,0,0,3184,191,0,3,0,1019,147,0,6,0,432,1,0,18,0,271,0,0,1,0,10,60,4,21,0,0,94,9,0,0,0,0,0,0,0
4,12,0,19,1,7,0,1.029633,0.989563,1.028108,18,0,334,100,100,0,0,0,0,12,4,30,1,60,8,71,12,0,0,2973,167,0,4,0,1019,139,0,8,0,537,54,0,8,0,194,11,0,4,0,65,97,16,12,0,0,82,4,0,0,0,0,0,0,0
4,12,1,44,1,7,0,1.020087,1.009111,1.013622,43,0,334,100,100,0,0,0,12,0,6,32,1,60,8,65,27,0,0,2973,230,0,9,0,1019,200,0,18,0,537,0,0,20,0,194,15,0,18,0,65,45,72,31,0,0,136,10,1,0,0,1,1,0,0
4,12,2,27,1,7,0,1.020574,1.013557,1.012157,7,0,334,100,100,0,0,0,4,6,0,16,0,60,8,131,21,0,0,2973,225,0,7,0,1019,166,0,14,0,537,17,0,20,0,194,11,0,10,0,65,127,40,27,0,0,123,10,0,0,0,0,0,0,0
4,12,3,18,1,7,0,1.010915,1.021896,1.021365,18,0,334,100,100,0,0,0,30,32,16,0,2,60,8,20,9,0,0,2973,187,0,3,0,1019,150,0,6,0,537,0,0,2,0,194,0,0,9,0,65,94,36,5,0,0,95,1,0,0,0,0,0,0,0
4,13,0,20,3,1,0,1.028706,0.990217,1.032212,18,0,334,100,100,0,0,0,0,-8,4,-8,0,56,9,72,12,0,0,3184,160,0,4,0,1019,143,0,8,0,508,53,0,10,0,261,11,0,5,0,8,110,20,16,0,0,86,5,1,0,0,1,1,0,0
4,13,1,45,3,1,0,1.020053,1.010657,1.011015,44,0,334,100,100,0,0,0,-8,0,-8,40,1,56,9,60,27,0,0,3184,177,0,9,0,1019,209,0,18,0,508,1,0,18,0,261,0,0,16,0,8,99,64,27,0,0,145,9,0,0,0,0,0,0,0
4,13,2,27,3,1,0,1.020315,1.016163,1.014222,6,0,334,100,100,0,0,0,4,-8,0,-8,0,56,9,134,21,0,0,3184,191,0,7,0,1019,173,0,14,0,508,0,0,20,0,261,1,0,10,0,8,157,40,27,0,0,133,10,0,0,0,0,0,0,0
4,13,3,18,3,1,0,1.010915,1.021896,1.021365,18,0,334,100,100,0,0,0,-8,40,-8,0,1,56,9,21,9,0,0,3184,166,0,3,0,1019,153,0,6,0,508,0,0,2,0,261,0,0,5,0,8,126,20,5,0,0,96,1,0,0,0,0,0,0,0
4,14,0,15,1,19,0,1.035636,0.972875,1.029235,14,0,334,100,100,0,0,0,0,-16,4,-14,0,56,13,72,12,0,0,2976,152,0,4,0,1016,147,0,8,0,468,53,0,10,0,272,6,0,5,0,25,125,20,14,0,0,91,5,0,0,0,0,0,0,0
4,14,1,37,1,19,0,1.01573,1.009917,1.00935,36,0,334,100,100,0,0,0,-16,0,-14,50,1,56,13,56,30,0,0,2976,210,0,10,0,1016,219,0,20,0,468,1,0,18,0,272,0,0,0,0,25,86,0,30,0,0,153,9,1,0,0,1,1,0,0
4,14,2,24,1,19,0,1.021495,1.013795,1.013773,5,0,334,100,100,0,0,0,4,-14,0,-14,0,56,13,136,21,0,0,2976,229,0,7,0,1016,180,0,14,0,468,0,0,16,0,272,0,0,1,0,25,138,4,23,0,0,141,8,0,0,0,0,0,0,0
4,14,3,16,1,19,0,1.009813,1.019185,1.01925,16,0,334,100,100,0,0,0,-14,50,-14,0,1,56,13,21,9,0,0,2976,177,0,3,0,1016,156,0,6,0,468,0,0,6,0,272,0,0,0,0,25,134,0,9,0,0,99,3,0,0,0,0,0,0,0
4,15,0,11,0,16,0,1.034987,0.953756,1.020902,11,0,334,100,100,0,0,0,0,-16,4,-10,0,52,17,76,12,0,0,3152,149,0,4,0,1088,139,0,8,0,497,52,0,8,0,268,3,0,4,0,8,135,16,12,0,0,95,4,0,0,0,0,0,0,0
4,15,1,33,0,16,0,1.01529,1.002684,1.005938,33,0,334,100,100,0,0,0,-16,0,-14,50,1,52,17,56,30,0,0,3152,163,0,10,0,1088,199,0,20,0,497,1,0,6,0,268,0,0,3,0,8,104,12,16,0,0,156,3,0,0,0,0,0,0,0
4,15,2,20,0,16,0,1.023072,1.007106,1.012422,4,0,334,100,100,0,0,0,4,-14,0,-12,0,52,17,137,21,0,0,3152,198,0,7,0,1088,166,0,14,0,497,0,0,6,0,268,0,0,0,0,8,142,0,13,0,0,144,3,0,0,0,0,0,0,0
4,15,3,12,0,16,0,1.014852,1.017982,1.021722,12,0,334,100,100,0,0,0,-10,50,-12,0,1,52,17,25,9,0,0,3152,190,0,3,0,1088,150,0,6,0,497,0,0,6,0,268,0,0,0,0,8,128,0,9,0,0,102,3,0,0,0,0,0,0,0
4,16,0,11,1,1,0,1.034987,0.953756,1.020902,11,0,334,100,100,0,0,0,0,-16,4,-8,0,52,10,85,12,0,0,3096,150,0,4,0,1016,143,0,8,0,533,47,0,8,0,272,0,0,3,0,13,141,12,12,0,0,99,4,0,0,0,0,0,0,0
4,16,1,32,1,1,0,1.017484,1.004426,1.005122,32,0,334,100,100,0,0,0,-16,0,-14,54,1,52,10,67,30,0,0,3096,200,0,10,0,1016,209,0,20,0,533,0,0,8,0,272,0,0,0,0,13,101,0,18,0,0,160,4,0,0,0,0,0,0,0
4,16,2,21,1,1,0,1.024641,1.00698,1.014408,4,0,334,100,100,0,0,0,4,-14,0,-10,0,52,10,146,21,0,0,3096,171,0,7,0,1016,173,0,14,0,533,0,0,0,0,272,0,0,0,0,13,152,0,7,0,0,144,0,0,0,0,0,0,0,0
4,16,3,12,1,1,0,1.014852,1.017982,1.021722,12,0,334,100,100,0,0,0,-8,54,-10,0,1,52,10,34,9,0,0,3096,175,0,3,0,1016,153,0,6,0,533,1,0,0,0,272,0,0,0,0,13,142,0,3,0,0,102,0,0,0,0,0,0,0,0
4,17,0,8,1,15,0,1.03812,0.972827,1.010427,8,0,334,100,100,0,0,0,0,-16,4,-8,0,48,16,92,12,0,0,3080,151,0,4,0,1016,147,0,8,0,493,39,0,8,0,272,0,0,0,0,36,135,0,12,0,0,103,4,0,0,0,0,0,0,0
4,17,1,28,1,15,0,1.025297,1.007616,1.005265,27,0,334,100,100,0,0,0,-16,0,-14,56,1,48,16,72,30,0,0,3080,158,0,10,0,1016,219,0,20,0,493,0,0,6,0,272,0,0,0,0,36,102,0,16,0,0,163,3,0,0,0,0,0,0,0
4,17,2,16,1,15,0,1.024434,1.006791,1.010548,4,0,334,100,100,0,0,0,4,-14,0,-10,0,48,16,148,18,0,0,3080,216,0,6,0,1016,179,0,12,0,493,1,0,2,0,272,0,0,0,0,36,144,0,8,0,0,145,1,0,0,0,0,0,0,0
4,17,3,10,1,15,0,1.009866,1.032211,1.027122,10,0,334,100,100,0,0,0,-8,56,-10,0,1,48,16,35,9,0,0,3080,192,0,3,0,1016,156,0,6,0,493,1,0,0,0,272,0,0,0,0,36,148,0,3,0,0,102,0,0,0,0,0,0,0,0
4,18,0,8,0,1,0,1.03812,0.972827,1.010427,8,0,334,100,100,0,0,0,0,-16,4,-8,0,48,16,106,12,0,0,3104,155,0,4,0,1035,148,0,8,0,538,31,0,8,0,272,0,0,0,0,13,129,0,12,0,0,107,4,0,0,0,0,0,0,0
4,18,1,28,0,1,0,1.025297,1.007616,1.005265,27,0,334,100,100,0,0,0,-16,0,-14,58,1,48,16,90,33,0,0,3104,199,0,11,0,1035,218,0,22,0,538,1,0,4,0,272,0,0,0,0,13,100,0,17,0,0,164,2,1,0,0,1,1,0,0
4,18,2,15,0,1,0,1.024759,1.009052,1.009511,4,0,334,100,100,0,0,0,4,-14,0,-10,0,48,16,150,15,0,0,3104,195,0,5,0,1035,182,0,10,0,538,0,0,2,0,272,0,0,0,0,13,154,0,7,0,0,146,1,0,0,0,0,0,0,0
4,18,3,10,0,1,0,1.009866,1.032211,1.027122,10,0,334,100,100,0,0,0,-8,58,-10,0,1,48,16,39,9,0,0,3104,179,0,3,0,1035,157,0,6,0,538,1,0,0,0,272,0,0,0,0,13,162,0,3,0,0,102,0,0,0,0,0,0,0,0
4,19,0,8,0,1,0,1.03812,0.972827,1.010427,8,0,334,100,100,0,0,0,0,-16,4,-8,0,44,13,119,12,0,0,3184,159,0,4,0,1019,152,0,8,0,538,23,0,8,0,269,0,0,0,0,11,123,0,12,0,0,111,4,0,0,0,0,0,0,0
4,19,1,28,0,1,0,1.025297,1.007616,1.005265,28,0,334,100,100,0,0,0,-16,0,-14,60,1,44,13,105,33,0,0,3184,160,0,11,0,1019,229,0,22,0,538,0,0,4,0,269,0,0,3,0,11,114,12,15,0,0,166,2,0,0,0,0,0,0,0
4,19,2,14,0,1,0,1.022525,1.007989,1.00233,4,0,334,100,100,0,0,0,4,-14,0,-10,0,44,13,153,12,0,0,3184,176,0,4,0,1019,186,0,8,0,538,1,0,2,0,269,0,0,0,0,11,165,0,6,0,0,147,1,0,0,0,0,0,0,0
4,19,3,10,0,1,0,1.009866,1.032211,1.027122,10,0,334,100,100,0,0,0,-8,60,-10,0,1,44,13,44,9,0,0,3184,166,0,3,0,1019,160,0,6,0,538,1,0,0,0,269,0,0,0,0,11,176,0,3,0,0,102,0,0,0,0,0,0,0,0
4,20,0,8,0,1,0,1.03812,0.972827,1.010427,8,0,334,100,100,0,0,0,0,-16,4,-8,0,44,3,131,12,0,0,3000,163,0,4,0,1022,156,0,8,0,538,15,0,8,0,270,0,0,0,0,38,117,0,12,0,0,115,4,0,0,0,0,0,0,0
4,20,1,28,0,1,0,1.025297,1.007616,1.005265,28,0,334,100,100,0,0,0,-16,0,-14,62,1,44,3,121,33,0,0,3000,201,0,11,0,1022,240,0,22,0,538,0,0,4,0,270,0,0,1,0,38,118,4,15,0,0,168,2,0,0,0,0,0,0,0
4,20,2,14,0,1,0,1.022525,1.007989,1.00233,4,0,334,100,100,0,0,0,4,-14,0,-10,0,44,3,158,12,0,0,3000,230,0,4,0,1022,190,0,8,0,538,1,0,2,0,270,0,0,1,0,38,163,4,6,0,0,148,1,0,0,0,0,0,0,0
4,20,3,9,0,1,0,1.004787,1.025569,1.030118,9,0,334,100,100,0,0,0,-8,62,-10,0,1,44,3,45,6,0,0,3000,186,0,2,0,1022,162,0,4,0,538,1,0,0,0,270,0,0,0,0,38,183,0,2,0,0,102,0,0,0,0,0,0,0,0
4,21,0,8,1,1,0,1.03812,0.972827,1.010427,8,0,334,100,100,0,0,0,0,-16,4,-8,0,40,15,140,12,0,0,3184,167,0,4,0,1025,160,0,8,0,535,7,0,8,0,272,0,0,0,0,68,105,0,12,0,0,119,4,0,0,0,0,0,0,0
4,21,1,27,1,1,0,1.025666,1.010847,1.003582,27,0,334,100,100,0,0,0,-16,0,-12,62,1,40,15,134,33,0,0,3184,162,0,11,0,1025,251,0,22,0,535,0,0,6,0,272,0,0,0,0,68,101,0,17,0,0,171,3,0,0,0,0,0,0,0
4,21,2,15,1,1,0,1.018852,0.999977,1.00637,4,0,334,100,100,0,0,0,4,-12,0,-10,0,40,15,163,12,0,0,3184,212,0,4,0,1025,194,0,8,0,535,0,0,4,0,272,0,0,0,0,68,155,0,8,0,0,150,2,0,0,0,0,0,0,0
4,21,3,9,1,1,0,1.004787,1.025569,1.030118,9,0,334,100,100,0,0,0,-8,62,-10,0,1,40,15,47,6,0,0,3184,175,0,2,0,1025,164,0,4,0,535,1,0,0,0,272,0,0,0,0,68,181,0,2,0,0,102,0,0,0,0,0,0,0,0
4,22,0,8,1,0,0,1.03812,0.972827,1.010427,8,0,334,100,100,0,0,0,0,-16,4,-6,0,40,10,151,12,0,0,3072,171,0,4,0,1025,164,0,8,0,535,1,0,6,0,272,0,0,0,0,24,101,0,10,0,0,122,3,0,0,0,0,0,0,0
4,22,1,27,1,0,0,1.025666,1.010847,1.003582,27,0,334,100,100,0,0,0,-16,0,-12,62,1,40,10,151,33,0,0,3072,204,0,11,0,1025,262,0,22,0,535,0,0,6,0,272,0,0,0,0,24,96,0,17,0,0,174,3,0,0,0,0,0,0,0
4,22,2,16,1,0,0,1.02116,1.002326,1.002651,4,0,334,100,100,0,0,0,4,-12,0,-10,0,40,10,166,12,0,0,3072,193,0,4,0,1025,198,0,8,0,535,1,0,2,0,272,0,0,0,0,24,166,0,6,0,0,151,1,0,0,0,0,0,0,0
4,22,3,9,1,0,0,1.004787,1.025569,1.030118,9,0,334,100,100,0,0,0,-6,62,-10,0,1,40,10,50,6,0,0,3072,196,0,2,0,1025,166,0,4,0,535,1,0,0,0,272,0,0,0,0,24,188,0,2,0,0,102,0,0,0,0,0,0,0,0
4,23,0,7,0,1,0,1.031299,0.984463,1.004022,7,0,334,100,100,0,0,0,0,-16,4,-4,0,36,12,159,12,0,0,3184,175,0,4,0,1025,168,0,8,0,538,1,0,0,0,269,0,0,0,0,0,100,0,4,0,0,122,0,0,0,0,0,0,0,0
4,23,1,27,0,1,0,1.025666,1.010847,1.003582,27,0,334,100,100,0,0,0,-16,0,-12,64,1,36,12,164,33,0,0,3184,166,0,11,0,1025,273,0,22,0,538,1,0,2,0,269,0,0,3,0,0,113,12,13,0,0,175,1,0,0,0,0,0,0,0
4,23,2,16,0,1,0,1.02116,1.002326,1.002651,4,0,334,100,100,0,0,0,4,-12,0,-10,0,36,12,168,12,0,0,3184,173,0,4,0,1025,202,0,8,0,538,0,0,4,0,269,0,0,0,0,0,173,0,10,0,0,152,2,1,0,0,1,1,0,0
4,23,3,9,0,1,0,1.004787,1.025569,1.030118,9,0,334,100,100,0,0,0,-4,64,-10,0,1,36,12,53,6,0,0,3184,185,0,2,0,1025,168,0,4,0,538,1,0,0,0,269,0,0,0,0,0,213,0,2,0,0,102,0,0,0,0,0,0,0,0
4,24,0,6,0,5,0,1.039048,0.969653,1.000877,6,0,334,100,100,0,0,0,0,-16,4,-2,0,36,10,164,9,0,0,3040,165,0,3,0,1025,171,0,6,0,544,1,0,0,0,263,0,0,0,0,22,114,0,3,0,0,122,0,0,0,0,0,0,0,0
4,24,1,26,0,5,0,1.024516,1.007726,1.003714,26,0,334,100,100,0,0,0,-16,0,-10,66,1,36,10,175,30,0,0,3040,209,0,10,0,1025,283,0,20,0,544,1,0,0,0,263,0,0,6,0,22,138,24,10,0,0,175,0,0,0,0,0,0,0,0
4,24,2,15,0,5,0,1.022426,1.001886,1.00242,5,0,334,100,100,0,0,0,4,-10,0,-10,0,36,10,172,12,0,0,3040,225,0,4,0,1025,206,0,8,0,544,0,0,0,0,263,0,0,3,0,22,182,12,6,0,0,151,0,1,0,0,1,1,0,0
4,24,3,7,0,5,0,1.006222,1.011378,1.014133,7,0,334,100,100,0,0,0,-2,66,-10,0,1,36,10,54,6,0,0,3040,174,0,2,0,1025,170,0,4,0,544,1,0,0,0,263,0,0,0,0,22,222,0,2,0,0,102,0,0,0,0,0,0,0,0
4,25,0,6,0,0,0,1.039048,0.969653,1.000877,6,0,334,100,100,0,0,0,0,-16,4,-2,0,32,14,171,9,0,0,3184,172,0,3,0,1031,174,0,6,0,543,1,0,0,0,269,0,0,0,0,14,114,0,3,0,0,122,0,0,0,0,0,0,0,0
4,25,1,26,0,0,0,1.024516,1.007726,1.003714,26,1,459,100,100,0,0,0,-16,0,-10,66,1,32,14,184,30,0,0,3184,173,0,10,0,1031,293,0,20,0,543,1,0,0,0,269,0,0,3,0,14,140,12,27,0,0,158,0,17,0,0,0,0,0,0
4,25,2,15,0,0,0,1.022426,1.001886,1.00242,6,0,334,100,100,0,0,0,4,-10,0,-10,0,32,14,173,12,0,0,3184,206,0,4,0,1031,210,0,8,0,543,1,0,0,0,269,0,0,0,0,14,193,0,6,0,0,150,0,1,0,0,1,1,0,0
4,25,3,7,0,0,0,1.006222,1.011378,1.014133,7,0,334,100,100,0,0,0,-2,66,-10,0,1,32,14,58,6,0,0,3184,165,0,2,0,1031,172,0,4,0,543,1,0,0,0,269,0,0,0,0,14,237,0,2,0,0,102,0,0,0,0,0,0,0,0
4,26,0,5,0,3,0,1.053847,0.981267,1.0092,5,0,334,100,100,0,0,0,0,-16,4,-2,0,32,10,178,9,0,0,3080,171,0,3,0,1031,177,0,6,0,542,1,0,0,0,269,0,0,0,0,27,114,0,3,0,0,122,0,0,0,0,0,0,0,0
4,26,1,25,0,3,0,1.02426,1.004862,1.003986,25,1,459,100,100,0,0,0,-16,0,-8,66,1,32,10,196,30,0,0,3080,217,0,10,0,1031,303,0,20,0,542,0,0,2,0,269,0,0,3,0,27,149,12,12,0,0,159,1,0,0,0,0,0,0,0
4,26,2,14,0,3,0,1.022424,0.992723,0.99505,6,0,334,100,100,0,0,0,4,-8,0,-10,0,32,10,174,12,0,0,3080,187,0,4,0,1031,214,0,8,0,542,0,0,2,0,269,0,0,0,0,27,204,0,8,0,0,150,1,1,0,0,1,1,0,0
4,26,3,7,0,3,0,1.006222,1.011378,1.014133,7,0,334,100,100,0,0,0,-2,66,-10,0,1,32,10,62,6,0,0,3080,180,0,2,0,1031,174,0,4,0,542,1,0,0,0,269,0,0,0,0,27,241,0,2,0,0,102,0,0,0,0,0,0,0,0
4,27,0,5,0,1,0,1.053847,0.981267,1.0092,5,0,334,100,100,0,0,0,0,-16,4,0,0,28,10,186,9,0,0,3192,171,0,3,0,1031,180,0,6,0,544,1,0,0,0,263,0,0,0,0,14,114,0,3,0,0,122,0,0,0,0,0,0,0,0
4,27,1,24,0,1,0,1.02146,1.002844,1.005393,24,1,459,100,100,0,0,0,-16,0,-8,66,1,28,10,203,27,0,0,3192,183,0,9,0,1031,312,0,18,0,544,0,0,0,0,263,0,0,6,0,14,181,24,9,0,0,159,0,0,0,0,0,0,0,0
4,27,2,14,0,1,0,1.022424,0.992723,0.99505,7,0,334,100,100,0,0,0,4,-8,0,-10,0,28,10,177,12,0,0,3192,169,0,4,0,1031,218,0,8,0,544,0,0,0,0,263,0,0,3,0,14,227,12,6,0,0,149,0,1,0,0,1,1,0,0
4,27,3,7,0,1,0,1.006222,1.011378,1.014133,7,0,334,100,100,0,0,0,0,66,-10,0,1,28,10,64,6,0,0,3192,171,0,2,0,1031,176,0,4,0,544,1,0,0,0,263,0,0,0,0,14,256,0,2,0,0,102,0,0,0,0,0,0,0,0
4,28,0,5,1,2,0,1.053847,0.981267,1.0092,5,0,334,100,100,0,0,0,0,-16,4,0,0,28,13,193,9,0,0,3024,171,0,3,0,1037,183,0,6,0,541,1,0,0,0,266,0,0,0,0,47,114,0,3,0,0,122,0,0,0,0,0,0,0,0
4,28,1,24,1,2,0,1.022055,1.008394,0.998921,23,1,459,100,100,0,0,0,-16,0,-8,68,1,28,13,210,27,0,0,3024,222,0,9,0,1037,318,0,18,0,541,1,0,2,0,266,0,0,3,0,47,191,12,11,0,0,160,1,0,0,0,0,0,0,0
4,28,2,13,1,2,0,1.026737,0.992786,0.998244,7,0,334,100,100,0,0,0,4,-8,0,-10,0,28,13,179,12,0,0,3024,207,0,4,0,1037,222,0,8,0,541,0,0,0,0,266,0,0,3,0,47,236,12,6,0,0,148,0,1,0,0,1,1,0,0
4,28,3,7,1,2,0,1.006222,1.011378,1.014133,7,0,334,100,100,0,0,0,0,68,-10,0,1,28,13,67,6,0,0,3024,186,0,2,0,1037,178,0,4,0,541,1,0,0,0,266,0,0,0,0,47,260,0,2,0,0,102,0,0,0,0,0,0,0,0
4,29,0,5,0,4,0,1.053847,0.981267,1.0092,5,0,334,100,100,0,0,0,0,-14,6,2,0,24,8,200,9,0,0,3192,171,0,3,0,1031,186,0,6,0,540,1,0,0,0,270,0,0,0,0,14,114,0,3,0,0,122,0,0,0,0,0,0,0,0
4,29,1,22,0,4,0,1.027235,1.008461,0.998473,21,1,459,100,100,0,0,0,-14,0,-8,70,1,24,8,216,27,0,0,3192,189,0,9,0,1031,327,0,18,0,540,1,0,2,0,270,0,0,0,0,14,195,0,13,0,0,160,1,1,0,0,1,1,0,0
4,29,2,11,0,4,0,1.030775,1.00126,1.007435,6,0,334,100,100,0,0,0,6,-8,0,-10,0,24,8,176,9,0,0,3192,191,0,3,0,1031,225,0,6,0,540,1,0,0,0,270,0,0,0,0,14,246,0,5,0,0,147,0,1,0,0,1,1,0,0
4,29,3,7,0,4,0,1.006222,1.011378,1.014133,7,0,334,100,100,0,0,0,2,70,-10,0,1,24,8,68,6,0,0,3192,177,0,2,0,1031,180,0,4,0,540,1,0,0,0,270,0,0,0,0,14,275,0,2,0,0,102,0,0,0,0,0,0,0,0
4,30,0,5,0,1,0,1.053847,0.981267,1.0092,5,0,334,100,100,0,0,0,0,-14,6,2,0,24,6,207,9,0,0,3192,171,0,3,0,1037,189,0,6,0,538,1,0,0,0,272,0,0,0,0,14,114,0,3,0,0,122,0,0,0,0,0,0,0,0
4,30,1,22,0,1,0,1.027235,1.008461,0.998473,22,1,459,100,100,0,0,0,-14,0,-8,72,1,24,6,225,27,0,0,3192,158,0,9,0,1037,336,0,18,0,538,0,0,4,0,272,0,0,0,0,14,199,0,13,0,0,162,2,0,0,0,0,0,0,0
4,30,2,10,0,1,0,1.030064,0.99894,1.015318,6,0,334,100,100,0,0,0,6,-8,0,-10,0,24,6,172,6,0,0,3192,178,0,2,0,1037,227,0,4,0,538,0,0,4,0,272,0,0,0,0,14,255,0,8,0,0,148,2,1,0,0,1,1,0,0
4,30,3,7,0,1,0,1.006222,1.011378,1.014133,7,1,459,100,100,0,0,0,2,72,-10,0,1,24,6,71,6,0,0,3192,168,0,2,0,1037,182,0,4,0,538,1,0,0,0,272,0,0,0,0,14,273,0,19,0,0,85,0,17,0,0,0,0,0,0
4,31,0,5,0,0,0,1.053847,0.981267,1.0092,5,0,334,100,100,0,0,0,0,-14,6,2,0,20,8,214,9,0,0,3096,171,0,3,0,1040,192,0,6,0,542,1,0,0,0,271,0,0,0,0,33,114,0,3,0,0,122,0,0,0,0,0,0,0,0
4,31,1,22,0,0,0,1.027235,1.008461,0.998473,22,1,459,100,100,0,0,0,-14,0,-8,72,1,20,8,234,27,0,0,3096,199,0,9,0,1040,345,0,18,0,542,0,0,2,0,271,0,0,0,0,33,197,0,11,0,0,163,1,0,0,0,0,0,0,0
4,31,2,10,0,0,0,1.030064,0.99894,1.015318,7,0,334,100,100,0,0,0,6,-8,0,-10,0,20,8,170,6,0,0,3096,166,0,2,0,1040,229,0,4,0,542,0,0,0,0,271,0,0,1,0,33,272,4,4,0,0,147,0,1,0,0,1,1,0,0
4,31,3,7,0,0,0,1.006222,1.011378,1.014133,7,1,459,100,100,0,0,0,2,72,-10,0,1,20,8,73,6,0,0,3096,183,0,2,0,1040,184,0,4,0,542,1,0,0,0,271,0,0,0,0,33,277,0,2,0,0,85,0,0,0,0,0,0,0,0
4,32,0,4,0,9,0,1.054877,0.989673,1.014258,4,0,334,100,100,0,0,0,0,-14,6,2,0,20,5,220,9,0,0,3144,163,0,3,0,1040,195,0,6,0,541,1,0,0,0,269,0,0,0,0,31,114,0,3,0,0,122,0,0,0,0,0,0,0,0
4,32,1,14,0,9,0,1.041213,1.020932,1.002359,14,1,459,100,100,0,0,0,-14,0,-8,72,1,20,5,238,24,0,0,3144,169,0,8,0,1040,353,0,16,0,541,1,0,2,0,269,0,0,0,0,31,204,0,10,0,0,164,1,0,0,0,0,0,0,0
4,32,2,10,0,9,0,1.030064,0.99894,1.015318,8,0,334,100,100,0,0,0,6,-8,0,-10,0,20,5,171,6,0,0,3144,202,0,2,0,1040,231,0,4,0,541,0,0,0,0,269,0,0,3,0,31,280,12,4,0,0,146,0,1,0,0,1,1,0,0
4,32,3,7,0,9,0,1.006222,1.011378,1.014133,7,1,459,100,100,0,0,0,2,72,-10,0,1,20,5,74,6,0,0,3144,174,0,2,0,1040,186,0,4,0,541,1,0,0,0,269,0,0,0,0,31,292,0,2,0,0,85,0,0,0,0,0,0,0,0
4,33,0,4,0,2,0,1.054877,0.989673,1.014258,4,0,334,100,100,0,0,0,0,-14,6,2,0,20,17,226,9,0,0,3160,156,0,3,0,1043,198,0,6,0,538,1,0,0,0,272,0,0,0,0,34,111,0,3,0,0,122,0,0,0,0,0,0,0,0
4,33,1,14,0,2,0,1.041213,1.020932,1.002359,14,1,459,100,100,0,0,0,-14,0,-8,72,1,20,17,249,24,0,0,3160,187,0,8,0,1043,361,0,16,0,538,0,0,4,0,272,0,0,0,0,34,192,0,12,0,0,166,2,0,0,0,0,0,0,0
4,33,2,9,0,2,0,1.025104,1.005483,1.014491,8,1,459,100,100,0,0,0,6,-8,0,-10,0,20,17,168,6,0,0,3160,190,0,2,0,1043,233,0,4,0,538,1,0,2,0,272,0,0,0,0,34,270,0,23,0,0,129,1,18,0,0,1,1,0,0
4,33,3,6,0,2,0,1.00732,0.997879,1.00428,6,1,459,100,100,0,0,0,2,72,-10,0,1,20,17,73,6,0,0,3160,165,0,2,0,1043,188,0,4,0,538,1,0,0,0,272,0,0,0,0,34,300,0,2,0,0,85,0,0,0,0,0,0,0,0
4,34,0,4,0,0,0,1.054877,0.989673,1.014258,4,0,334,100,100,0,0,0,0,-14,6,2,0,20,7,233,9,0,0,3184,149,0,3,0,1043,201,0,6,0,541,1,0,0,0,269,0,0,0,0,25,111,0,3,0,0,122,0,0,0,0,0,0,0,0
4,34,1,14,0,0,0,1.041213,1.020932,1.002359,14,1,459,100,100,0,0,0,-14,0,-6,72,1,20,7,261,24,0,0,3184,165,0,8,0,1043,369,0,16,0,541,1,0,2,0,269,0,0,0,0,25,199,0,10,0,0,167,1,0,0,0,0,0,0,0
4,34,2,9,0,0,0,1.025104,1.005483,1.014491,9,1,459,100,100,0,0,0,6,-6,0,-10,0,20,7,167,6,0,0,3184,179,0,2,0,1043,235,0,4,0,541,1,0,0,0,269,0,0,3,0,25,297,12,2,0,0,129,0,0,0,0,0,0,0,0
4,34,3,6,0,0,0,1.00732,0.997879,1.00428,6,1,459,100,100,0,0,0,2,72,-10,0,1,20,7,76,6,0,0,3184,173,0,2,0,1043,190,0,4,0,541,1,0,0,0,269,0,0,0,0,25,304,0,2,0,0,85,0,0,0,0,0,0,0,0
4,35,0,4,0,0,0,1.054877,0.989673,1.014258,4,0,334,100,100,0,0,0,0,-14,6,2,0,20,4,243,9,0,0,3160,142,0,3,0,1043,204,0,6,0,544,1,0,0,0,266,0,0,0,0,31,111,0,3,0,0,122,0,0,0,0,0,0,0,0
4,35,1,14,0,0,0,1.041213,1.020932,1.002359,14,1,459,100,100,0,0,0,-14,0,-6,74,1,20,4,277,24,0,0,3160,183,0,8,0,1043,377,0,16,0,544,1,0,0,0,266,0,0,3,0,31,203,12,8,0,0,167,0,0,0,0,0,0,0,0
4,35,2,9,0,0,0,1.025104,1.005483,1.014491,9,1,459,100,100,0,0,0,6,-6,0,-10,0,20,4,167,6,0,0,3160,168,0,2,0,1043,237,0,4,0,544,1,0,0,0,266,0,0,3,0,31,324,12,2,0,0,129,0,0,0,0,0,0,0,0
4,35,3,6,0,0,0,1.00732,0.997879,1.00428,6,1,459,100,100,0,0,0,2,74,-10,0,1,20,4,78,6,0,0,3160,165,0,2,0,1043,192,0,4,0,544,1,0,0,0,266,0,0,0,0,31,319,0,2,0,0,85,0,0,0,0,0,0,0,0
4,36,0,3,0,2,0,1.04161,1.042574,1.011856,3,0,334,100,100,0,0,0,0,-14,6,2,0,20,5,247,6,0,0,3144,136,0,2,0,1043,206,0,4,0,541,1,0,0,0,269,0,0,0,0,61,110,0,2,0,0,122,0,0,0,0,0,0,0,0
4,36,1,14,0,2,0,1.041213,1.020932,1.002359,14,1,459,100,100,0,0,0,-14,0,-6,74,1,20,5,292,24,0,0,3144,161,0,8,0,1043,385,0,16,0,541,1,0,0,0,269,0,0,3,0,61,210,12,8,0,0,167,0,0,0,0,0,0,0,0
4,36,2,8,0,2,0,1.035399,0.999951,1.023631,8,1,459,100,100,0,0,0,6,-6,0,-10,0,20,5,167,6,0,0,3144,189,0,2,0,1043,239,0,4,0,541,0,0,4,0,269,0,0,0,0,61,318,0,6,0,0,131,2,0,0,0,0,0,0,0
4,36,3,6,0,2,0,1.00732,0.997879,1.00428,6,1,459,100,100,0,0,0,2,74,-10,0,1,20,5,81,6,0,0,3144,173,0,2,0,1043,194,0,4,0,541,1,0,0,0,269,0,0,0,0,61,320,0,2,0,0,85,0,0,0,0,0,0,0,0
4,37,0,3,0,3,0,1.04161,1.042574,1.011856,3,0,334,100,100,0,0,0,0,-14,6,2,0,20,11,252,6,0,0,3160,131,0,2,0,1046,208,0,4,0,538,1,0,0,0,272,0,0,0,0,31,111,0,2,0,0,122,0,0,0,0,0,0,0,0
4,37,1,13,0,3,0,1.042879,1.024629,1.000532,13,1,459,100,100,0,0,0,-14,0,-4,76,1,20,11,302,21,0,0,3160,180,0,7,0,1046,392,0,14,0,538,0,0,4,0,272,0,0,0,0,31,199,0,11,0,0,169,2,0,0,0,0,0,0,0
4,37,2,7,0,3,0,1.042949,1.001925,1.020148,7,1,459,100,100,0,0,0,6,-4,0,-10,0,20,11,167,6,0,0,3160,179,0,2,0,1046,241,0,4,0,538,1,0,2,0,272,0,0,0,0,31,328,0,4,0,0,132,1,0,0,0,0,0,0,0
4,37,3,5,0,3,0,0.998838,1.007927,1.007342,5,1,459,100,100,0,0,0,2,76,-10,0,1,20,11,83,6,0,0,3160,165,0,2,0,1046,196,0,4,0,538,1,0,0,0,272,0,0,0,0,31,329,0,2,0,0,85,0,0,0,0,0,0,0,0
4,38,0,2,0,1,0,1.034395,1.051889,0.962762,2,0,334,100,100,0,0,0,0,-14,6,2,0,20,4,253,3,0,0,3192,127,0,1,0,1049,209,0,2,0,538,1,0,0,0,272,0,0,0,0,25,113,0,1,0,0,122,0,0,0,0,0,0,0,0
4,38,1,13,0,1,0,1.042879,1.024629,1.000532,13,1,459,100,100,0,0,0,-14,0,-4,76,1,20,4,315,21,0,0,3192,160,0,7,0,1049,399,0,14,0,538,1,0,2,0,272,0,0,0,0,25,207,0,9,0,0,170,1,0,0,0,0,0,0,0
4,38,2,7,0,1,0,1.042949,1.001925,1.020148,7,1,459,100,100,0,0,0,6,-4,0,-10,0,20,4,171,6,0,0,3192,170,0,2,0,1049,243,0,4,0,538,0,0,4,0,272,0,0,0,0,25,339,0,6,0,0,134,2,0,0,0,0,0,0,0
4,38,3,5,0,1,0,0.998838,1.007927,1.007342,5,1,459,100,100,0,0,0,2,76,-10,0,1,20,4,88,6,0,0,3192,166,0,2,0,1049,198,0,4,0,538,1,0,0,0,272,0,0,0,0,25,333,0,2,0,0,85,0,0,0,0,0,0,0,0
4,39,0,2,0,0,0,1.034395,1.051889,0.962762,2,0,334,100,100,0,0,0,0,-14,6,2,0,20,7,257,3,0,0,3128,124,0,1,0,1052,210,0,2,0,538,1,0,0,0,272,0,0,0,0,56,115,0,1,0,0,122,0,0,0,0,0,0,0,0
4,39,1,13,0,0,0,1.042879,1.024629,1.000532,13,1,459,100,100,0,0,0,-14,0,-4,76,1,20,7,326,21,0,0,3128,180,0,7,0,1052,406,0,14,0,538,0,0,4,0,272,0,0,0,0,56,196,0,11,0,0,172,2,0,0,0,0,0,0,0
4,39,2,7,0,0,0,1.042949,1.001925,1.020148,7,1,459,100,100,0,0,0,6,-4,0,-10,0,20,7,172,6,0,0,3128,185,0,2,0,1052,245,0,4,0,538,1,0,2,0,272,0,0,0,0,56,338,0,4,0,0,135,1,0,0,0,0,0,0,0
4,39,3,5,0,0,0,0.998838,1.007927,1.007342,5,1,459,100,100,0,0,0,2,76,-10,0,1,20,7,94,6,0,0,3128,167,0,2,0,1052,200,0,4,0,538,1,0,0,0,272,0,0,0,0,56,337,0,2,0,0,85,0,0,0,0,0,0,0,0
4,40,0,2,0,0,0,1.034395,1.051889,0.962762,2,0,334,100,100,0,0,0,0,-14,6,2,0,20,5,260,3,0,0,3192,121,0,1,0,1052,211,0,2,0,543,1,0,0,0,270,0,0,0,0,25,117,0,1,0,0,122,0,0,0,0,0,0,0,0
4,40,1,13,0,0,0,1.042879,1.024629,1.000532,13,1,459,100,100,0,0,0,-14,0,-4,78,1,20,5,339,21,0,0,3192,160,0,7,0,1052,413,0,14,0,543,0,0,0,0,270,0,0,0,0,25,206,0,7,0,0,172,0,0,0,0,0,0,0,0
4,40,2,7,0,0,0,1.042949,1.001925,1.020148,7,1,459,100,100,0,0,0,6,-4,0,-10,0,20,5,175,6,0,0,3192,176,0,2,0,1052,247,0,4,0,543,0,0,2,0,270,0,0,2,0,25,359,8,4,0,0,136,1,0,0,0,0,0,0,0
4,40,3,5,0,0,0,0.998838,1.007927,1.007342,5,1,459,100,100,0,0,0,2,78,-10,0,1,20,5,99,6,0,0,3192,168,0,2,0,1052,202,0,4,0,543,1,0,0,0,270,0,0,0,0,25,341,0,2,0,0,85,0,0,0,0,0,0,0,0
6,1,0,48,6,13,0,1.006963,0.995415,1.00816,0,0,334,100,100,0,0,0,0,0,2,2,0,80,7,55,39,0,0,2816,192,0,13,0,932,63,0,26,0,482,1,0,46,0,261,2,0,23,0,0,99,92,77,0,0,14,23,9,0,0,9,9,0,0
6,1,1,47,6,13,0,1.004681,1.000851,1.007027,0,0,334,100,100,0,0,0,0,0,2,2,0,80,7,54,36,0,0,2816,201,0,12,0,932,62,0,24,0,482,0,0,42,0,261,2,0,23,0,0,102,92,72,0,0,12,21,9,0,0,9,9,0,0
6,1,2,49,6,13,0,1.002158,0.997896,1.003866,0,0,334,100,100,0,0,0,2,2,0,0,0,80,7,56,39,0,0,2816,200,0,13,0,932,63,0,26,0,482,0,0,48,0,261,3,0,24,0,0,101,96,79,0,0,15,24,9,0,0,9,9,0,0
6,1,3,49,6,13,0,1.00593,0.995023,1.008033,0,0,334,100,100,0,0,0,2,2,0,0,0,80,7,61,39,0,0,2816,200,0,13,0,932,63,0,26,0,482,1,0,46,0,261,2,0,23,0,0,98,92,77,0,0,14,23,9,0,0,9,9,0,0
6,2,0,42,2,21,0,0.998952,0.995643,1.009505,6,0,334,100,100,0,0,0,0,2,4,4,0,80,3,52,33,0,0,2808,221,0,11,0,926,74,0,22,0,445,0,0,32,0,272,0,0,2,0,0,58,8,61,0,0,21,16,9,0,0,9,9,0,0
6,2,1,42,2,21,0,1.002344,0.999926,1.009028,9,0,334,100,100,0,0,0,2,0,4,4,0,80,3,50,27,0,0,2808,249,0,9,0,926,71,0,18,0,445,1,0,22,0,272,0,0,2,0,0,76,8,49,0,0,14,11,9,0,0,9,9,0,0
6,2,2,48,2,21,0,1.001145,0.99743,1.00359,9,0,334,100,100,0,0,0,4,4,0,2,0,80,3,57,33,0,0,2808,236,0,11,0,926,74,0,22,0,445,1,0,24,0,272,0,0,3,0,0,77,12,53,0,0,18,12,9,0,0,9,9,0,0
6,2,3,42,2,21,0,1.006678,0.994408,1.003346,8,0,334,100,100,0,0,0,4,4,2,0,0,80,3,67,42,0,0,2808,233,0,14,0,926,77,0,28,0,445,1,0,14,0,272,0,0,2,0,0,74,8,42,0,0,14,7,7,0,0,7,7,0,0
6,3,0,42,2,3,0,0.998952,0.995643,1.009505,15,0,334,100,100,0,0,0,0,2,6,4,0,76,0,63,33,0,0,3200,168,0,11,0,953,85,0,22,0,433,0,0,30,0,256,0,0,3,0,0,28,12,59,0,0,27,15,9,0,0,9,9,0,0
6,3,1,42,2,3,0,1.007805,0.995392,1.009245,17,0,334,100,100,0,0,0,2,0,6,6,0,76,0,49,24,0,0,3200,199,0,8,0,953,79,0,16,0,433,1,0,24,0,256,0,0,5,0,0,63,20,50,0,0,17,12,9,0,0,9,9,0,0
6,3,2,48,2,3,0,1.001145,0.99743,1.00359,18,0,334,100,100,0,0,0,6,6,0,4,0,76,0,61,33,0,0,3200,177,0,11,0,953,85,0,22,0,433,0,0,34,0,256,0,0,3,0,0,43,12,63,0,0,26,17,9,0,0,9,9,0,0
6,3,3,41,2,3,0,1.005576,0.993191,1.002029,15,0,334,100,100,0,0,0,4,6,4,0,0,76,0,81,42,0,0,3200,177,0,14,0,953,91,0,28,0,433,1,0,24,0,256,0,0,3,0,0,51,12,52,0,0,19,12,7,0,0,7,7,0,0
6,4,0,35,4,25,2,0.999339,0.989375,1.009375,20,0,334,100,100,0,0,0,0,2,8,-6,0,76,2,70,33,0,0,2808,203,0,11,0,956,96,0,22,0,440,0,0,18,0,272,0,0,0,0,0,1,0,35,0,0,33,9,3,0,0,3,3,0,0
6,4,1,34,4,25,2,1.000258,0.987153,1.00892,21,0,334,100,100,0,0,0,2,0,8,4,0,76,2,43,24,0,0,2808,253,0,8,0,956,87,0,16,0,440,1,0,18,0,272,0,0,0,0,0,37,0,30,0,0,24,9,2,0,0,2,2,0,0
6,4,2,43,4,25,2,1.003847,0.995668,1.000807,24,0,334,100,100,0,0,0,8,8,0,2,0,76,2,63,30,0,0,2808,223,0,10,0,956,95,0,20,0,440,0,0,26,0,272,0,0,0,0,0,2,0,54,0,0,30,13,9,0,0,9,9,0,0
6,4,3,40,4,25,2,1.001805,0.992195,1.001458,22,0,334,100,100,0,0,0,-6,4,2,0,0,76,2,107,42,0,0,2808,210,0,14,0,956,105,0,28,0,440,1,0,24,0,272,0,0,0,0,0,16,0,50,0,0,25,12,6,0,0,6,6,0,0
6,5,0,35,5,4,0,1.002083,0.979403,1.008426,20,0,334,100,100,0,0,0,0,2,10,-4,0,72,2,55,3,0,0,3200,167,0,1,0,953,127,0,2,0,434,13,0,14,0,272,0,0,0,0,0,0,0,15,0,0,40,7,0,0,0,0,0,0,0
6,5,1,34,5,4,0,0.997942,0.984801,1.010319,23,0,334,100,100,0,0,0,2,0,10,6,0,72,2,54,27,0,0,3200,210,0,9,0,953,96,0,18,0,434,0,0,28,0,272,0,0,0,0,0,13,0,41,0,0,36,14,2,0,0,2,2,0,0
6,5,2,44,5,4,0,1.002852,0.997897,1.002065,33,0,334,100,100,0,0,0,10,10,0,2,0,72,2,40,3,0,0,3200,179,0,1,0,953,126,0,2,0,434,12,0,18,0,272,0,0,0,0,0,0,0,19,0,0,39,9,0,0,0,0,0,0,0
6,5,3,40,5,4,0,1.001805,0.992195,1.001458,28,0,334,100,100,0,0,0,-4,6,2,0,0,72,2,108,27,0,0,3200,161,0,9,0,953,129,0,18,0,434,0,0,24,0,272,0,0,0,0,0,0,0,33,0,0,37,12,0,0,0,0,0,0,0
6,6,0,35,4,14,0,1.001003,0.977615,1.002813,18,0,334,100,100,0,0,0,0,2,12,-2,0,72,7,38,0,0,0,2928,220,0,0,0,947,160,0,0,0,452,30,0,6,0,272,0,0,0,0,8,0,0,6,0,0,43,3,0,0,0,0,0,0,0
6,6,1,33,4,14,0,0.996943,0.985049,1.01039,25,0,334,100,100,0,0,0,2,0,12,8,0,72,7,63,30,0,0,2928,166,0,10,0,947,106,0,20,0,452,1,0,16,0,272,0,0,0,0,8,0,0,30,0,0,42,8,2,0,0,2,2,0,0
6,6,2,40,4,14,0,1.004021,0.989875,1.003968,31,0,334,100,100,0,0,0,12,12,0,6,0,72,7,12,0,0,0,2928,231,0,0,0,947,159,0,0,0,452,19,0,14,0,272,0,0,0,0,8,0,0,14,0,0,46,7,0,0,0,0,0,0,0
6,6,3,35,4,14,0,1.002447,0.98666,1.0014,23,0,334,100,100,0,0,0,-2,8,6,0,0,72,7,83,0,0,0,2928,209,0,0,0,947,171,0,0,0,452,16,0,6,0,272,0,0,0,0,8,0,0,6,0,0,40,3,0,0,0,0,0,0,0
6,7,0,25,3,42,2,0.994962,0.988522,0.998336,14,0,334,100,100,0,0,0,0,2,8,0,0,68,1,40,24,0,0,3096,177,0,8,0,966,168,0,16,0,537,12,0,18,0,237,0,0,6,0,0,9,24,26,0,0,52,9,0,0,0,0,0,0,0
6,7,1,33,3,42,2,0.997444,0.982515,1.012245,26,0,334,100,100,0,0,0,2,0,12,4,0,68,1,75,30,0,0,3096,227,0,10,0,966,116,0,20,0,537,0,0,2,0,237,0,0,7,0,0,18,28,16,0,0,41,1,2,0,0,2,2,0,0
6,7,2,22,3,42,2,1.022608,0.990342,1.00353,16,0,334,100,100,0,0,0,8,12,0,8,0,68,1,16,12,0,0,3096,187,0,4,0,966,162,0,8,0,537,1,0,22,0,237,0,0,3,0,0,1,12,28,0,0,56,11,1,0,0,1,1,0,0
6,7,3,24,3,42,2,1.004694,0.976772,0.997022,16,0,334,100,100,0,0,0,0,4,8,0,0,68,1,81,24,0,0,3096,166,0,8,0,966,179,0,16,0,537,0,0,18,0,237,0,0,5,0,0,13,20,30,0,0,47,9,2,0,0,2,2,0,0
6,8,0,25,3,16,0,0.994962,0.988522,0.998336,14,0,334,100,100,0,0,0,0,2,10,2,0,68,5,52,24,0,0,3001,224,0,8,0,1001,176,0,16,0,525,0,0,20,0,223,3,0,10,0,46,21,40,28,0,0,62,10,0,0,0,0,0,0,0
6,8,1,22,3,16,0,0.997156,0.986867,1.009529,17,0,334,100,100,0,0,0,2,0,16,4,0,68,5,89,30,0,0,3001,184,0,10,0,1001,126,0,20,0,525,0,0,4,0,223,12,0,4,0,46,27,16,18,0,0,41,2,2,0,0,2,2,0,0
6,8,2,19,3,16,0,1.013005,0.985269,1.001229,17,0,334,100,100,0,0,0,10,16,0,10,0,68,5,23,9,0,0,3001,217,0,3,0,1001,165,0,6,0,525,1,0,4,0,223,0,0,6,0,46,19,24,9,0,0,57,2,1,0,0,1,1,0,0
6,8,3,25,3,16,0,1.004573,0.971814,0.995748,18,0,334,100,100,0,0,0,2,4,10,0,0,68,5,91,24,0,0,3001,198,0,8,0,1001,187,0,16,0,525,1,0,2,0,223,4,0,10,0,46,39,40,14,0,0,46,1,2,0,0,2,2,0,0
6,9,0,23,2,7,0,0.989405,0.998857,0.996676,14,0,334,100,100,0,0,0,0,4,12,4,0,64,16,61,21,0,0,3192,192,0,7,0,995,183,0,14,0,494,0,0,14,0,272,0,0,3,0,0,27,12,21,0,0,69,7,0,0,0,0,0,0,0
6,9,1,22,2,7,0,0.999935,0.984476,1.011855,19,0,334,100,100,0,0,0,4,0,20,6,1,64,16,106,30,0,0,3192,160,0,10,0,995,136,0,20,0,494,5,0,8,0,272,8,0,4,0,0,32,16,20,0,0,44,4,1,0,0,1,1,0,0
6,9,2,19,2,7,0,1.013005,0.985269,1.001229,18,0,334,100,100,0,0,0,12,20,0,14,1,64,16,26,12,0,0,3192,194,0,4,0,995,169,0,8,0,494,1,0,10,0,272,0,0,0,0,0,27,0,16,0,0,61,5,1,0,0,1,1,0,0
6,9,3,22,2,7,0,1.004487,0.975945,0.992152,17,0,334,100,100,0,0,0,4,6,14,0,0,64,16,89,15,0,0,3192,168,0,5,0,995,192,0,10,0,494,0,0,14,0,272,0,0,4,0,0,50,16,23,0,0,51,7,2,0,0,2,2,0,0
6,10,0,17,3,10,1,0.985729,0.985983,1.000087,12,0,334,100,100,0,0,0,0,6,14,0,0,64,8,70,21,0,0,3120,162,0,7,0,1010,190,0,14,0,520,1,0,2,0,236,7,0,5,0,0,59,20,9,0,0,70,1,0,0,0,0,0,0,0
6,10,1,21,3,10,1,1.000393,0.981273,1.005522,19,0,334,100,100,0,0,0,6,0,22,6,1,64,8,125,30,0,0,3120,136,0,10,0,1010,146,0,20,0,520,9,0,6,0,236,5,0,3,0,0,32,12,18,0,0,46,3,1,0,0,1,1,0,0
6,10,2,21,3,10,1,1.025468,0.990503,1.00395,18,0,334,100,100,0,0,0,14,22,0,14,1,64,8,34,12,0,0,3120,171,0,4,0,1010,173,0,8,0,520,1,0,2,0,236,0,0,6,0,0,70,24,6,0,0,62,1,0,0,0,0,0,0,0
6,10,3,20,3,10,1,1.00509,0.979805,0.988241,18,0,334,100,100,0,0,0,0,6,14,0,0,64,8,96,15,0,0,3120,213,0,5,0,1010,197,0,10,0,520,0,0,6,0,236,0,0,9,0,0,76,36,13,0,0,53,3,1,0,0,1,1,0,0
6,11,0,15,2,4,0,0.985789,0.988199,1.001872,11,0,334,100,100,0,0,0,0,6,16,0,0,60,11,77,15,0,0,3096,180,0,5,0,1048,192,0,10,0,525,1,0,2,0,265,2,0,5,0,9,72,20,7,0,0,71,1,0,0,0,0,0,0,0
6,11,1,21,2,4,0,1.001792,0.97834,1.006604,19,0,334,100,100,0,0,0,6,0,24,8,1,60,11,141,27,0,0,3096,114,0,9,0,1048,138,0,18,0,525,10,0,6,0,265,6,0,3,0,9,33,12,17,0,0,48,3,1,0,0,1,1,0,0
6,11,2,20,2,4,0,1.026391,0.989388,1.002284,17,0,334,100,100,0,0,0,16,24,0,16,1,60,11,41,12,0,0,3096,194,0,4,0,1048,174,0,8,0,525,1,0,4,0,265,0,0,2,0,9,81,8,12,0,0,62,2,2,0,0,2,2,0,0
6,11,3,21,2,4,0,1.008581,0.975097,0.989554,19,0,334,100,100,0,0,0,0,8,16,0,0,60,11,104,15,0,0,3096,188,0,5,0,1048,193,0,10,0,525,0,0,6,0,265,0,0,1,0,9,105,4,13,0,0,55,3,1,0,0,1,1,0,0
6,12,0,15,2,0,0,0.985789,0.988199,1.001872,11,0,334,100,100,0,0,0,0,6,16,2,0,60,16,87,15,0,0,3152,200,0,5,0,1016,197,0,10,0,539,1,0,2,0,215,6,0,5,0,0,85,20,7,0,0,72,1,0,0,0,0,0,0,0
6,12,1,22,2,0,0,1.00266,0.978492,1.002626,20,0,334,100,100,0,0,0,6,0,26,10,1,60,16,162,30,0,0,3152,91,0,10,0,1016,148,0,20,0,539,7,0,6,0,215,18,0,3,0,0,33,12,18,0,0,50,3,1,0,0,1,1,0,0
6,12,2,21,2,0,0,1.028493,0.986836,0.998661,19,0,334,100,100,0,0,0,16,26,0,18,1,60,16,44,12,0,0,3152,170,0,4,0,1016,178,0,8,0,539,1,0,0,0,215,4,0,11,0,0,148,44,6,0,0,61,0,1,0,0,1,1,0,0
6,12,3,21,2,0,0,1.008581,0.975097,0.989554,20,0,334,100,100,0,0,0,2,10,18,0,0,60,16,109,15,0,0,3152,162,0,5,0,1016,198,0,10,0,539,0,0,0,0,215,8,0,10,0,0,171,40,7,0,0,54,0,1,0,0,1,1,0,0
6,13,0,15,3,3,0,0.985789,0.988199,1.001872,11,0,334,100,100,0,0,0,0,8,16,4,0,56,3,99,15,0,0,3089,180,0,5,0,1016,202,0,10,0,469,6,0,10,0,272,1,0,5,0,11,107,20,15,0,0,77,5,0,0,0,0,0,0,0
6,13,1,22,3,3,0,1.008463,0.974103,1.005229,20,0,334,100,100,0,0,0,8,0,28,12,1,56,3,179,27,0,0,3089,68,0,9,0,1016,157,0,18,0,469,28,0,6,0,272,15,0,3,0,11,34,12,17,0,0,52,3,1,0,0,1,1,0,0
6,13,2,22,3,3,0,1.026717,0.982772,0.999515,20,0,334,100,100,0,0,0,16,28,0,18,1,56,3,48,12,0,0,3089,190,0,4,0,1016,182,0,8,0,469,0,0,16,0,272,0,0,4,0,11,159,16,22,0,0,68,8,1,0,0,1,1,0,0
6,13,3,20,3,3,0,1.01034,0.979834,0.991845,19,0,334,100,100,0,0,0,4,12,18,0,0,56,3,114,15,0,0,3089,185,0,5,0,1016,203,0,10,0,469,2,0,16,0,272,0,0,8,0,11,192,32,21,0,0,62,8,0,0,0,0,0,0,0
6,14,0,15,2,3,0,0.985789,0.988199,1.001872,11,0,334,100,100,0,0,0,0,8,18,6,0,56,10,111,15,0,0,3096,200,0,5,0,1019,207,0,10,0,527,1,0,8,0,228,8,0,5,0,36,114,20,13,0,0,81,4,0,0,0,0,0,0,0
6,14,1,21,2,3,0,1.008603,0.977486,1.002922,20,0,334,100,100,0,0,0,8,0,30,14,1,56,10,193,24,0,0,3096,46,0,8,0,1019,165,0,16,0,527,29,0,8,0,228,20,0,4,0,36,41,16,18,0,0,55,4,1,0,0,1,1,0,0
6,14,2,22,2,3,0,1.028966,0.976473,0.998192,20,0,334,100,100,0,0,0,18,30,0,18,1,56,10,42,9,0,0,3096,165,0,3,0,1019,185,0,6,0,527,1,0,0,0,228,0,0,12,0,36,219,48,5,0,0,67,0,1,0,0,1,1,0,0
6,14,3,20,2,3,0,1.010376,0.980642,0.995958,18,0,334,100,100,0,0,0,6,14,18,0,0,56,10,122,15,0,0,3096,208,0,5,0,1019,208,0,10,0,527,0,0,6,0,228,3,0,8,0,36,217,32,13,0,0,64,3,1,0,0,1,1,0,0
6,15,0,12,2,20,0,0.986123,0.986473,1.000549,11,0,334,100,100,0,0,0,0,12,20,6,1,52,7,119,15,0,0,3144,179,0,5,0,1022,212,0,10,0,497,1,0,6,0,257,3,0,5,0,8,140,20,11,0,0,84,3,0,0,0,0,0,0,0
6,15,1,15,2,20,0,1.013934,0.971723,1.008262,15,0,334,100,100,0,0,0,12,0,34,18,1,52,7,208,24,0,0,3144,28,0,8,0,1022,173,0,16,0,497,27,0,8,0,257,16,0,4,0,8,50,16,16,0,0,59,4,0,0,0,0,0,0,0
6,15,2,23,2,20,0,1.02462,0.976367,0.996827,21,0,334,100,100,0,0,0,20,34,0,18,2,52,7,45,12,0,0,3144,186,0,4,0,1022,189,0,8,0,497,1,0,0,0,257,2,0,13,0,8,282,52,6,0,0,66,0,1,0,0,1,1,0,0
6,15,3,10,2,20,0,1.003172,0.960622,0.977403,9,0,334,100,100,0,0,0,6,18,18,0,0,52,7,126,15,0,0,3144,182,0,5,0,1022,213,0,10,0,497,9,0,0,0,257,3,0,0,0,8,212,0,5,0,0,64,0,0,0,0,0,0,0,0
6,16,0,12,0,0,0,0.986123,0.986473,1.000549,11,0,334,100,100,0,0,0,0,14,20,8,1,52,8,132,15,0,0,3144,161,0,5,0,1019,217,0,10,0,528,1,0,4,0,258,0,0,3,0,25,160,12,9,0,0,86,2,0,0,0,0,0,0,0
6,16,1,15,0,0,0,1.013934,0.971723,1.008262,15,0,334,100,100,0,0,0,14,0,38,22,2,52,8,228,24,0,0,3144,16,0,8,0,1019,181,0,16,0,528,22,0,8,0,258,14,0,4,0,25,59,16,16,0,0,63,4,0,0,0,0,0,0,0
6,16,2,23,0,0,0,1.02462,0.976367,0.996827,22,1,459,100,100,0,0,0,20,38,0,18,2,52,8,49,15,0,0,3144,205,0,5,0,1019,194,0,10,0,528,0,0,4,0,258,0,0,6,0,25,295,24,28,0,0,50,2,18,0,0,1,1,0,0
6,16,3,10,0,0,0,1.003172,0.960622,0.977403,9,0,334,100,100,0,0,0,8,22,18,0,1,52,8,142,15,0,0,3144,166,0,5,0,1019,218,0,10,0,528,15,0,0,0,258,11,0,0,0,25,207,0,5,0,0,64,0,0,0,0,0,0,0,0
6,17,0,11,2,2,0,0.986241,0.977713,0.992357,10,0,334,100,100,0,0,0,0,16,20,10,1,48,13,138,12,0,0,3152,184,0,4,0,1019,221,0,8,0,499,1,0,6,0,272,0,0,0,0,68,150,0,10,0,0,89,3,0,0,0,0,0,0,0
6,17,1,14,2,2,0,1.016828,0.969882,1.005766,14,0,334,100,100,0,0,0,16,0,42,26,2,48,13,243,21,0,0,3152,5,0,7,0,1019,188,0,14,0,499,23,0,8,0,272,10,0,4,0,68,60,16,15,0,0,67,4,0,0,0,0,0,0,0
6,17,2,24,2,2,0,1.026636,0.975239,0.998855,23,1,459,100,100,0,0,0,20,42,0,18,2,48,13,49,15,0,0,3152,176,0,5,0,1019,199,0,10,0,499,1,0,14,0,272,0,0,0,0,68,276,0,19,0,0,57,7,0,0,0,0,0,0,0
6,17,3,11,2,2,0,1.016009,0.967603,0.977492,9,0,334,100,100,0,0,0,10,26,18,0,1,48,13,154,15,0,0,3152,150,0,5,0,1019,223,0,10,0,499,30,0,0,0,272,11,0,0,0,68,202,0,5,0,0,64,0,0,0,0,0,0,0,0
6,18,0,11,0,0,0,0.986241,0.977713,0.992357,10,0,334,100,100,0,0,0,0,18,20,10,1,48,15,146,12,0,0,3135,168,0,4,0,1019,225,0,8,0,529,0,0,2,0,257,0,0,3,0,51,164,12,6,0,0,90,1,0,0,0,0,0,0,0
6,18,1,14,0,0,0,1.016828,0.969882,1.005766,14,0,334,100,100,0,0,0,18,0,44,30,2,48,15,257,21,0,0,3135,4,0,7,0,1019,195,0,14,0,529,17,0,8,0,257,11,0,4,0,51,61,16,15,0,0,71,4,0,0,0,0,0,0,0
6,18,2,24,0,0,0,1.026636,0.975239,0.998855,23,1,459,100,100,0,0,0,20,44,0,18,2,48,15,55,18,0,0,3135,193,0,6,0,1019,205,0,12,0,529,1,0,4,0,257,0,0,3,0,51,285,12,12,0,0,58,2,1,0,0,1,1,0,0
6,18,3,11,0,0,0,1.016009,0.967603,0.977492,9,0,334,100,100,0,0,0,10,30,18,0,1,48,15,168,18,0,0,3135,132,0,6,0,1019,229,0,12,0,529,38,0,0,0,257,15,0,0,0,51,196,0,6,0,0,64,0,0,0,0,0,0,0,0
6,19,0,10,2,7,0,0.991696,0.9798,0.998856,9,0,334,100,100,0,0,0,0,22,22,10,2,44,5,156,12,0,0,3142,184,0,4,0,1019,229,0,8,0,499,0,0,6,0,272,0,0,0,0,31,154,0,10,0,0,93,3,0,0,0,0,0,0,0
6,19,1,12,2,7,0,1.018945,0.972307,1.020555,12,0,334,100,100,0,0,0,22,0,48,34,3,44,5,271,18,0,0,3142,5,0,6,0,1019,201,0,12,0,499,15,0,8,0,272,7,0,4,0,31,72,16,14,0,0,75,4,0,0,0,0,0,0,0
6,19,2,24,2,7,0,1.023412,0.973624,0.997705,23,1,459,100,100,0,0,0,22,48,0,18,2,44,5,59,18,0,0,3142,162,0,6,0,1019,211,0,12,0,499,1,0,12,0,272,0,0,0,0,31,295,0,18,0,0,64,6,0,0,0,0,0,0,0
6,19,3,9,2,7,0,1.025404,0.966505,0.980857,6,0,334,100,100,0,0,0,10,34,18,0,1,44,5,178,12,0,0,3142,116,0,4,0,1019,233,0,8,0,499,50,0,0,0,272,15,0,0,0,31,192,0,4,0,0,64,0,0,0,0,0,0,0,0
6,20,0,9,1,2,0,0.99939,0.976809,0.996878,9,0,334,100,100,0,0,0,0,24,22,10,2,44,13,160,9,0,0,3137,170,0,3,0,1028,232,0,6,0,509,1,0,4,0,272,0,0,0,0,25,164,0,7,0,0,95,2,0,0,0,0,0,0,0
6,20,1,13,1,2,0,1.021596,0.968003,1.018988,12,1,459,100,100,0,0,0,24,0,50,38,3,44,13,286,18,0,0,3137,5,0,6,0,1028,207,0,12,0,509,13,0,8,0,272,3,0,4,0,25,66,16,31,0,0,62,4,17,0,0,0,0,0,0
6,20,2,23,1,2,0,1.023867,0.972022,1.001654,22,1,459,100,100,0,0,0,22,50,0,18,2,44,13,65,18,0,0,3137,171,0,6,0,1028,217,0,12,0,509,0,0,10,0,272,0,0,0,0,25,294,0,18,0,0,68,5,1,0,0,1,1,0,0
6,20,3,9,1,2,0,1.025404,0.966505,0.980857,6,0,334,100,100,0,0,0,10,38,18,0,1,44,13,186,12,0,0,3137,102,0,4,0,1028,237,0,8,0,509,65,0,0,0,272,15,0,0,0,25,188,0,4,0,0,64,0,0,0,0,0,0,0,0
6,21,0,9,1,0,0,0.99939,0.976809,0.996878,9,0,334,100,100,0,0,0,0,26,24,12,2,40,9,164,9,0,0,3112,189,0,3,0,1031,235,0,6,0,514,0,0,4,0,272,0,0,0,0,62,157,0,7,0,0,97,2,0,0,0,0,0,0,0
6,21,1,14,1,0,0,1.023898,0.960655,1.020052,12,1,459,100,100,0,0,0,26,0,54,40,3,40,9,298,18,0,0,3112,5,0,6,0,1031,213,0,12,0,514,6,0,10,0,272,0,0,3,0,62,60,12,18,0,0,66,5,1,0,0,1,1,0,0
6,21,2,23,1,0,0,1.023867,0.972022,1.001654,23,1,459,100,100,0,0,0,24,54,0,18,2,40,9,67,18,0,0,3112,181,0,6,0,1031,223,0,12,0,514,1,0,8,0,272,0,0,0,0,62,286,0,14,0,0,72,4,0,0,0,0,0,0,0
6,21,3,9,1,0,0,1.025404,0.966505,0.980857,6,0,334,100,100,0,0,0,12,40,18,0,1,40,9,194,12,0,0,3112,88,0,4,0,1031,241,0,8,0,514,80,0,0,0,272,15,0,0,0,62,184,0,4,0,0,64,0,0,0,0,0,0,0,0
6,22,0,9,0,1,0,0.99939,0.976809,0.996878,9,0,334,100,100,0,0,0,0,28,26,12,2,40,4,171,9,0,0,3135,176,0,3,0,1031,238,0,6,0,516,1,0,2,0,267,0,0,0,0,20,166,0,5,0,0,98,1,0,0,0,0,0,0,0
6,22,1,14,0,1,0,1.023898,0.960655,1.020052,13,1,459,100,100,0,0,0,28,0,58,44,3,40,4,312,18,0,0,3135,13,0,6,0,1031,219,0,12,0,516,0,0,10,0,267,0,0,1,0,20,57,4,18,0,0,70,5,1,0,0,1,1,0,0
6,22,2,23,0,1,0,1.023867,0.972022,1.001654,23,1,459,100,100,0,0,0,26,58,0,20,3,40,4,71,18,0,0,3135,191,0,6,0,1031,229,0,12,0,516,1,0,10,0,267,0,0,2,0,20,301,8,16,0,0,77,5,0,0,0,0,0,0,0
6,22,3,8,0,1,0,1.036267,0.966243,0.978203,5,0,334,100,100,0,0,0,12,44,20,0,2,40,4,203,12,0,0,3135,74,0,4,0,1031,245,0,8,0,516,88,0,0,0,267,17,0,0,0,20,180,0,4,0,0,64,0,0,0,0,0,0,0,0
6,23,0,9,0,0,0,0.99939,0.976809,0.996878,9,0,334,100,100,0,0,0,0,30,28,12,2,36,7,177,9,0,0,3183,163,0,3,0,1031,241,0,6,0,529,1,0,2,0,254,0,0,4,0,38,193,16,5,0,0,99,1,0,0,0,0,0,0,0
6,23,1,14,0,0,0,1.023898,0.960655,1.020052,14,1,459,100,100,0,0,0,30,0,60,46,3,36,7,323,18,0,0,3183,12,0,6,0,1031,225,0,12,0,529,0,0,4,0,254,0,0,2,0,38,58,8,10,0,0,72,2,0,0,0,0,0,0,0
6,23,2,23,0,0,0,1.023867,0.972022,1.001654,23,1,459,100,100,0,0,0,28,60,0,20,3,36,7,74,18,0,0,3183,161,0,6,0,1031,235,0,12,0,529,0,0,4,0,254,0,0,6,0,38,326,24,10,0,0,79,2,0,0,0,0,0,0,0
6,23,3,8,0,0,0,1.036267,0.966243,0.978203,5,0,334,100,100,0,0,0,12,46,20,0,2,36,7,215,12,0,0,3183,62,0,4,0,1031,249,0,8,0,529,94,0,0,0,254,23,0,0,0,38,176,0,4,0,0,64,0,0,0,0,0,0,0,0
6,24,0,9,0,2,0,0.99939,0.976809,0.996878,9,0,334,100,100,0,0,0,0,32,30,12,2,36,4,184,9,0,0,3110,182,0,3,0,1031,244,0,6,0,524,0,0,4,0,267,0,0,2,0,39,194,8,7,0,0,101,2,0,0,0,0,0,0,0
6,24,1,13,0,2,0,1.021695,0.958168,1.022506,13,1,459,100,100,0,0,0,32,0,64,46,3,36,4,331,15,0,0,3110,13,0,5,0,1031,230,0,10,0,524,1,0,4,0,267,0,0,0,0,39,61,0,9,0,0,74,2,0,0,0,0,0,0,0
6,24,2,23,0,2,0,1.023867,0.972022,1.001654,23,1,459,100,100,0,0,0,30,64,0,20,3,36,4,78,18,0,0,3110,171,0,6,0,1031,241,0,12,0,524,1,0,6,0,267,0,0,0,0,39,331,0,12,0,0,82,3,0,0,0,0,0,0,0
6,24,3,7,0,2,0,1.037622,0.973771,0.982311,5,0,334,100,100,0,0,0,12,46,20,0,2,36,4,226,12,0,0,3110,50,0,4,0,1031,253,0,8,0,524,96,0,0,0,267,26,0,0,0,39,172,0,4,0,0,64,0,0,0,0,0,0,0,0
6,25,0,9,0,0,0,0.99939,0.976809,0.996878,9,0,334,100,100,0,0,0,0,34,32,12,2,32,5,188,9,0,0,3144,169,0,3,0,1034,247,0,6,0,531,0,0,2,0,272,0,0,0,0,22,206,0,5,0,0,102,1,0,0,0,0,0,0,0
6,25,1,13,0,0,0,1.021695,0.958168,1.022506,13,1,459,100,100,0,0,0,34,0,68,46,3,32,5,341,15,0,0,3144,13,0,5,0,1034,235,0,10,0,531,1,0,2,0,272,0,0,0,0,22,66,0,7,0,0,75,1,0,0,0,0,0,0,0
6,25,2,23,0,0,0,1.023867,0.972022,1.001654,23,1,459,100,100,0,0,0,32,68,0,20,3,32,5,82,18,0,0,3144,181,0,6,0,1034,247,0,12,0,531,1,0,4,0,272,0,0,0,0,22,338,0,10,0,0,84,2,0,0,0,0,0,0,0
6,25,3,7,0,0,0,1.037622,0.973771,0.982311,5,0,334,100,100,0,0,0,12,46,20,0,2,32,5,237,12,0,0,3144,39,0,4,0,1034,257,0,8,0,531,101,0,0,0,272,26,0,0,0,22,168,0,4,0,0,64,0,0,0,0,0,0,0,0
6,26,0,9,0,2,0,0.99939,0.976809,0.996878,9,0,334,100,100,0,0,0,0,36,32,14,2,32,9,190,9,0,0,3112,187,0,3,0,1034,250,0,6,0,516,0,0,4,0,272,0,0,0,0,39,199,0,7,0,0,104,2,0,0,0,0,0,0,0
6,26,1,13,0,2,0,1.021695,0.958168,1.022506,13,1,459,100,100,0,0,0,36,0,72,46,3,32,9,351,15,0,0,3112,13,0,5,0,1034,240,0,10,0,516,0,0,6,0,272,0,0,0,0,39,67,0,11,0,0,78,3,0,0,0,0,0,0,0
6,26,2,21,0,2,0,1.028653,0.972872,1.003827,21,1,459,100,100,0,0,0,32,72,0,22,3,32,9,78,15,0,0,3112,183,0,5,0,1034,252,0,10,0,516,0,0,12,0,272,0,0,0,0,39,338,0,17,0,0,90,6,0,0,0,0,0,0,0
6,26,3,7,0,2,0,1.037622,0.973771,0.982311,5,0,334,100,100,0,0,0,14,46,22,0,2,32,9,247,12,0,0,3112,30,0,4,0,1034,261,0,8,0,516,109,0,0,0,272,26,0,0,0,39,164,0,4,0,0,64,0,0,0,0,0,0,0,0
6,27,0,9,0,3,0,0.99939,0.976809,0.996878,9,0,334,100,100,0,0,0,0,40,34,18,2,28,6,193,9,0,0,3152,173,0,3,0,1037,253,0,6,0,537,1,0,0,0,252,1,0,4,0,3,241,16,3,0,0,104,0,0,0,0,0,0,0,0
6,27,1,12,0,3,0,1.025062,0.962404,1.019768,12,1,459,100,100,0,0,0,40,0,76,48,3,28,6,355,12,0,0,3152,14,0,4,0,1037,244,0,8,0,537,0,0,2,0,252,0,0,1,0,3,77,4,6,0,0,79,1,0,0,0,0,0,0,0
6,27,2,20,0,3,0,1.027117,0.97221,1.011051,20,1,459,100,100,0,0,0,34,76,0,26,3,28,6,81,15,0,0,3152,187,0,5,0,1037,257,0,10,0,537,1,0,2,0,252,0,0,7,0,3,380,28,7,0,0,91,1,0,0,0,0,0,0,0
6,27,3,6,0,3,0,1.030827,0.989243,0.976726,4,0,334,100,100,0,0,0,18,48,26,0,2,28,6,255,12,0,0,3152,21,0,4,0,1037,265,0,8,0,537,110,0,0,0,252,30,0,0,0,3,160,0,4,0,0,64,0,0,0,0,0,0,0,0
6,28,0,9,0,2,0,0.99939,0.976809,0.996878,9,0,334,100,100,0,0,0,0,42,34,22,3,28,3,197,9,0,0,3152,191,0,3,0,1040,256,0,6,0,533,0,0,2,0,271,0,0,1,0,39,240,4,5,0,0,105,1,0,0,0,0,0,0,0
6,28,1,11,0,2,0,1.027416,0.96043,1.025112,11,1,459,100,100,0,0,0,42,0,80,50,3,28,3,359,12,0,0,3152,8,0,4,0,1040,248,0,8,0,533,1,0,2,0,271,0,0,0,0,39,83,0,6,0,0,80,1,0,0,0,0,0,0,0
6,28,2,19,0,2,0,1.023813,0.976985,1.012807,19,1,459,100,100,0,0,0,34,80,0,28,3,28,3,79,12,0,0,3152,161,0,4,0,1040,261,0,8,0,533,1,0,4,0,271,0,0,0,0,39,389,0,8,0,0,93,2,0,0,0,0,0,0,0
6,28,3,6,0,2,0,1.030827,0.989243,0.976726,4,0,334,100,100,0,0,0,22,50,28,0,3,28,3,266,12,0,0,3152,13,0,4,0,1040,269,0,8,0,533,113,0,0,0,271,31,0,0,0,39,156,0,4,0,0,64,0,0,0,0,0,0,0,0
6,29,0,9,0,1,0,0.99939,0.976809,0.996878,9,0,334,100,100,0,0,0,0,44,34,24,3,24,6,202,9,0,0,3157,177,0,3,0,1043,259,0,6,0,517,1,0,2,0,271,0,0,1,0,22,256,4,5,0,0,106,1,0,0,0,0,0,0,0
6,29,1,11,0,1,0,1.027416,0.96043,1.025112,11,1,459,100,100,0,0,0,44,0,84,52,3,24,6,365,12,0,0,3157,6,0,4,0,1043,252,0,8,0,517,1,0,6,0,271,0,0,0,0,22,85,0,10,0,0,83,3,0,0,0,0,0,0,0
6,29,2,18,0,1,0,1.023603,0.977847,1.010779,18,1,459,100,100,0,0,0,34,84,0,30,3,24,6,76,12,0,0,3157,160,0,4,0,1043,265,0,8,0,517,1,0,12,0,271,0,0,0,0,22,390,0,16,0,0,99,6,0,0,0,0,0,0,0
6,29,3,6,0,1,0,1.030827,0.989243,0.976726,4,0,334,100,100,0,0,0,24,52,30,0,3,24,6,276,12,0,0,3157,5,0,4,0,1043,273,0,8,0,517,119,0,0,0,271,31,0,0,0,22,152,0,4,0,0,64,0,0,0,0,0,0,0,0
6,30,0,9,0,2,0,0.99939,0.976809,0.996878,9,0,334,100,100,0,0,0,0,46,36,26,3,24,2,205,9,0,0,3162,163,0,3,0,1043,262,0,6,0,520,0,0,4,0,272,0,0,0,0,22,266,0,7,0,0,108,2,0,0,0,0,0,0,0
6,30,1,11,0,2,0,1.027416,0.96043,1.025112,11,1,459,100,100,0,0,0,46,0,88,52,3,24,2,371,12,0,0,3162,6,0,4,0,1043,256,0,8,0,520,1,0,6,0,272,0,0,0,0,22,87,0,10,0,0,86,3,0,0,0,0,0,0,0
6,30,2,18,0,2,0,1.023603,0.977847,1.010779,18,2,584,100,100,0,0,0,36,88,0,32,3,24,2,75,12,0,0,3162,160,0,4,0,1043,269,0,8,0,520,0,0,10,0,272,0,0,0,0,22,376,0,31,0,0,87,5,17,0,0,0,0,0,0
6,30,3,4,0,2,0,1.069337,0.988261,0.977495,3,0,334,100,100,0,0,0,26,52,32,0,3,24,2,270,0,0,0,3162,2,0,0,0,1043,282,0,0,0,520,122,0,0,0,272,31,0,0,0,22,152,0,0,0,0,64,0,0,0,0,0,0,0,0
6,31,0,9,0,0,0,0.99939,0.976809,0.996878,9,0,334,100,100,0,0,0,0,48,38,28,3,20,3,210,9,0,0,3129,181,0,3,0,1046,265,0,6,0,526,1,0,2,0,271,0,0,1,0,39,265,4,5,0,0,109,1,0,0,0,0,0,0,0
6,31,1,11,0,0,0,1.027416,0.96043,1.025112,11,1,459,100,100,0,0,0,48,0,92,54,3,20,3,377,12,0,0,3129,6,0,4,0,1046,260,0,8,0,526,0,0,6,0,271,0,0,0,0,39,89,0,10,0,0,89,3,0,0,0,0,0,0,0
6,31,2,18,0,0,0,1.023603,0.977847,1.010779,18,2,584,100,100,0,0,0,38,92,0,34,3,20,3,75,12,0,0,3129,160,0,4,0,1046,273,0,8,0,526,0,0,8,0,271,0,0,0,0,39,381,0,12,0,0,91,4,0,0,0,0,0,0,0
6,31,3,4,0,0,0,1.069337,0.988261,0.977495,3,0,334,100,100,0,0,0,28,54,34,0,3,20,3,267,0,0,0,3129,2,0,0,0,1046,291,0,0,0,526,124,0,0,0,271,31,0,0,0,39,152,0,0,0,0,64,0,0,0,0,0,0,0,0
6,32,0,9,0,0,0,0.99939,0.976809,0.996878,9,0,334,100,100,0,0,0,0,50,40,30,3,20,4,212,9,0,0,3161,167,0,3,0,1049,268,0,6,0,544,1,0,0,0,246,1,0,4,0,22,295,16,3,0,0,109,0,0,0,0,0,0,0,0
6,32,1,11,0,0,0,1.027416,0.96043,1.025112,11,1,459,100,100,0,0,0,50,0,96,56,3,20,4,382,12,0,0,3161,6,0,4,0,1049,264,0,8,0,544,0,0,0,0,246,1,0,5,0,22,117,20,4,0,0,89,0,0,0,0,0,0,0,0
6,32,2,18,0,0,0,1.023603,0.977847,1.010779,18,2,584,100,100,0,0,0,40,96,0,36,3,20,4,75,12,0,0,3161,160,0,4,0,1049,274,0,8,0,544,0,0,0,0,246,2,0,10,0,22,434,40,4,0,0,91,0,0,0,0,0,0,0,0
6,32,3,4,0,0,0,1.069337,0.988261,0.977495,3,0,334,100,100,0,0,0,30,56,36,0,3,20,4,267,0,0,0,3161,2,0,0,0,1049,300,0,0,0,544,124,0,0,0,246,34,0,0,0,22,152,0,0,0,0,64,0,0,0,0,0,0,0,0
6,33,0,8,0,1,0,0.997695,0.972601,1.00813,8,0,334,100,100,0,0,0,0,52,42,32,3,20,6,215,9,0,0,3129,177,0,3,0,1046,271,0,6,0,517,1,0,6,0,272,0,0,1,0,39,290,4,9,0,0,112,3,0,0,0,0,0,0,0
6,33,1,11,0,1,0,1.027416,0.96043,1.025112,11,1,459,100,100,0,0,0,52,0,100,56,3,20,6,387,12,0,0,3129,6,0,4,0,1046,268,0,8,0,517,0,0,6,0,272,0,0,1,0,39,123,4,10,0,0,92,3,0,0,0,0,0,0,0
6,33,2,18,0,1,0,1.023603,0.977847,1.010779,18,2,584,100,100,0,0,0,42,100,0,38,3,20,6,75,12,0,0,3129,160,0,4,0,1046,278,0,8,0,517,0,0,12,0,272,0,0,2,0,39,443,8,16,0,0,97,6,0,0,0,0,0,0,0
6,33,3,4,0,1,0,1.069337,0.988261,0.977495,3,0,334,100,100,0,0,0,32,56,38,0,3,20,6,264,0,0,0,3129,2,0,0,0,1046,309,0,0,0,517,127,0,0,0,272,34,0,0,0,39,152,0,0,0,0,64,0,0,0,0,0,0,0,0
6,34,0,8,0,2,0,0.997695,0.972601,1.00813,8,0,334,100,100,0,0,0,0,54,44,34,3,20,8,220,9,0,0,3161,164,0,3,0,1046,274,0,6,0,544,1,0,0,0,248,3,0,3,0,22,316,12,3,0,0,112,0,0,0,0,0,0,0,0
6,34,1,11,0,2,0,1.027416,0.96043,1.025112,11,1,459,100,100,0,0,0,54,0,100,56,3,20,8,389,12,0,0,3161,6,0,4,0,1046,272,0,8,0,544,0,0,0,0,248,1,0,5,0,22,151,20,4,0,0,92,0,0,0,0,0,0,0,0
6,34,2,17,0,2,0,1.023032,0.974869,1.012784,17,2,584,100,100,0,0,0,44,100,0,40,3,20,8,70,12,0,0,3161,160,0,4,0,1046,282,0,8,0,544,0,0,0,0,248,0,0,9,0,22,492,36,4,0,0,97,0,0,0,0,0,0,0,0
6,34,3,3,0,2,0,1.044323,0.971879,0.9772,3,0,334,100,100,0,0,0,34,56,40,0,3,20,8,262,0,0,0,3161,2,0,0,0,1046,315,0,0,0,544,127,0,0,0,248,34,0,0,0,22,152,0,0,0,0,64,0,0,0,0,0,0,0,0
6,35,0,8,0,1,0,0.997695,0.972601,1.00813,8,0,334,100,100,0,0,0,0,56,44,36,3,20,10,223,9,0,0,3138,175,0,3,0,1049,277,0,6,0,538,1,0,2,0,254,4,0,3,0,39,323,12,5,0,0,113,1,0,0,0,0,0,0,0
6,35,1,10,0,1,0,1.021167,0.968325,1.029853,10,1,459,100,100,0,0,0,56,0,100,56,3,20,10,388,9,0,0,3138,7,0,3,0,1049,275,0,6,0,538,0,0,2,0,254,0,0,5,0,39,178,20,5,0,0,93,1,0,0,0,0,0,0,0
6,35,2,17,0,1,0,1.023032,0.974869,1.012784,17,3,709,100,100,0,0,0,44,100,0,42,3,20,10,69,12,0,0,3138,161,0,4,0,1049,286,0,8,0,538,1,0,0,0,254,0,0,8,0,39,520,32,21,0,0,80,0,17,0,0,0,0,0,0
6,35,3,3,0,1,0,1.044323,0.971879,0.9772,3,0,334,100,100,0,0,0,36,56,42,0,3,20,10,261,0,0,0,3138,2,0,0,0,1049,321,0,0,0,538,128,0,0,0,254,36,0,0,0,39,152,0,0,0,0,64,0,0,0,0,0,0,0,0
6,36,0,8,0,0,0,0.997695,0.972601,1.00813,8,0,334,100,100,0,0,0,0,58,44,40,3,20,6,226,9,0,0,3164,162,0,3,0,1052,280,0,6,0,532,1,0,4,0,270,1,0,3,0,21,331,12,7,0,0,115,2,0,0,0,0,0,0,0
6,36,1,10,0,0,0,1.021167,0.968325,1.029853,10,1,459,100,100,0,0,0,58,0,100,56,3,20,6,390,9,0,0,3164,7,0,3,0,1052,278,0,6,0,532,0,0,4,0,270,0,0,0,0,21,183,0,7,0,0,95,2,0,0,0,0,0,0,0
6,36,2,17,0,0,0,1.023032,0.974869,1.012784,17,3,709,100,100,0,0,0,44,100,0,44,3,20,6,68,12,0,0,3164,162,0,4,0,1052,290,0,8,0,532,1,0,4,0,270,0,0,1,0,21,534,4,8,0,0,82,2,0,0,0,0,0,0,0
6,36,3,3,0,0,0,1.044323,0.971879,0.9772,3,0,334,100,100,0,0,0,40,56,44,0,3,20,6,259,0,0,0,3164,2,0,0,0,1052,327,0,0,0,532,128,0,0,0,270,37,0,0,0,21,152,0,0,0,0,64,0,0,0,0,0,0,0,0
6,37,0,8,0,0,0,0.997695,0.972601,1.00813,8,0,334,100,100,0,0,0,0,60,46,42,3,20,4,229,9,0,0,3140,173,0,3,0,1052,283,0,6,0,532,0,0,4,0,272,0,0,1,0,39,327,4,7,0,0,117,2,0,0,0,0,0,0,0
6,37,1,10,0,0,0,1.021167,0.968325,1.029853,10,2,584,100,100,0,0,0,60,0,100,56,3,20,4,393,9,0,0,3140,7,0,3,0,1052,281,0,6,0,532,1,0,2,0,272,0,0,0,0,39,171,0,22,0,0,79,1,17,0,0,0,0,0,0
6,37,2,17,0,0,0,1.023032,0.974869,1.012784,17,3,709,100,100,0,0,0,46,100,0,46,3,20,4,70,12,0,0,3140,163,0,4,0,1052,294,0,8,0,532,0,0,6,0,272,0,0,0,0,39,543,0,10,0,0,85,3,0,0,0,0,0,0,0
6,37,3,3,0,0,0,1.044323,0.971879,0.9772,3,0,334,100,100,0,0,0,42,56,46,0,3,20,4,259,0,0,0,3140,2,0,0,0,1052,333,0,0,0,532,129,0,0,0,272,37,0,0,0,39,152,0,0,0,0,64,0,0,0,0,0,0,0,0
6,38,0,8,1,1,0,0.997695,0.972601,1.00813,8,0,334,100,100,0,0,0,0,62,48,44,3,20,2,235,9,0,0,3140,184,0,3,0,1052,286,0,6,0,532,0,0,2,0,260,1,0,3,0,59,331,12,5,0,0,118,1,0,0,0,0,0,0,0
6,38,1,9,1,1,0,1.02026,0.966324,1.014353,9,2,584,100,100,0,0,0,62,0,100,58,3,20,2,397,9,0,0,3140,7,0,3,0,1052,284,0,6,0,532,1,0,2,0,260,0,0,4,0,59,188,16,5,0,0,80,1,0,0,0,0,0,0,0
6,38,2,18,1,1,0,1.020699,0.977014,1.012214,17,3,709,100,100,0,0,0,48,100,0,48,3,20,2,70,12,0,0,3140,164,0,4,0,1052,298,0,8,0,532,1,0,4,0,260,0,0,4,0,59,551,16,8,0,0,87,2,0,0,0,0,0,0,0
6,38,3,3,1,1,0,1.044323,0.971879,0.9772,3,0,334,100,100,0,0,0,44,58,48,0,3,20,2,259,0,0,0,3140,2,0,0,0,1052,334,0,0,0,532,132,0,0,0,260,37,0,0,0,59,152,0,0,0,0,64,0,0,0,0,0,0,0,0
6,39,0,8,0,0,0,0.997695,0.972601,1.00813,8,0,334,100,100,0,0,0,0,64,48,46,3,20,4,240,9,0,0,3165,171,0,3,0,1052,289,0,6,0,536,1,0,2,0,260,0,0,1,0,68,329,4,5,0,0,119,1,0,0,0,0,0,0,0
6,39,1,9,0,0,0,1.02026,0.966324,1.014353,9,2,584,100,100,0,0,0,64,0,100,58,3,20,4,402,9,0,0,3165,7,0,3,0,1052,287,0,6,0,536,0,0,2,0,260,0,0,3,0,68,195,12,5,0,0,81,1,0,0,0,0,0,0,0
6,39,2,18,0,0,0,1.020699,0.977014,1.012214,17,3,709,100,100,0,0,0,48,100,0,50,3,20,4,68,12,0,0,3165,164,0,4,0,1052,302,0,8,0,536,1,0,4,0,260,0,0,6,0,68,565,24,10,0,0,88,2,1,0,0,1,1,0,0
6,39,3,3,0,0,0,1.044323,0.971879,0.9772,3,0,334,100,100,0,0,0,46,58,50,0,3,20,4,259,0,0,0,3165,2,0,0,0,1052,334,0,0,0,536,132,0,0,0,260,40,0,0,0,68,152,0,0,0,0,64,0,0,0,0,0,0,0,0
6,40,0,8,0,0,0,0.997695,0.972601,1.00813,8,0,334,100,100,0,0,0,0,66,50,48,3,20,3,246,9,0,0,3141,182,0,3,0,1052,292,0,6,0,535,1,0,0,0,254,3,0,3,0,42,331,12,3,0,0,119,0,0,0,0,0,0,0,0
6,40,1,9,0,0,0,1.02026,0.966324,1.014353,9,2,584,100,100,0,0,0,66,0,100,58,3,20,3,407,9,0,0,3141,7,0,3,0,1052,290,0,6,0,535,1,0,2,0,254,0,0,3,0,42,211,12,5,0,0,82,1,0,0,0,0,0,0,0
6,40,2,18,0,0,0,1.020699,0.977014,1.012214,18,3,709,100,100,0,0,0,50,100,0,52,3,20,3,67,12,0,0,3141,164,0,4,0,1052,306,0,8,0,535,1,0,6,0,254,0,0,6,0,42,596,24,10,0,0,91,3,0,0,0,0,0,0,0
6,40,3,3,0,0,0,1.044323,0.971879,0.9772,3,0,334,100,100,0,0,0,48,58,52,0,3,20,3,258,0,0,0,3141,2,0,0,0,1052,334,0,0,0,535,132,0,0,0,254,43,0,0,0,42,152,0,0,0,0,64,0,0,0,0,0,0,0,0
2,1,0,49,5,4,0,0.996656,1.004876,0.999269,0,0,334,100,100,0,0,0,0,0,2,2,0,80,1,56,36,0,0,2816,201,0,12,0,932,62,0,24,0,392,23,0,46,0,272,2,0,23,0,0,99,92,76,0,0,14,23,9,0,0,9,9,0,0
2,1,1,51,5,4,0,0.996924,1.00601,0.996899,0,0,334,100,100,0,0,0,0,0,2,2,0,80,1,58,39,0,0,2816,200,0,13,0,932,63,0,26,0,392,21,0,48,0,272,1,0,24,0,0,101,96,79,0,0,15,24,9,0,0,9,9,0,0
2,1,2,51,5,4,0,0.996936,1.003643,0.996073,0,0,334,100,100,0,0,0,2,2,0,0,0,80,1,58,39,0,0,2816,200,0,13,0,932,63,0,26,0,392,24,0,48,0,272,1,0,24,0,0,101,96,79,0,0,15,24,9,0,0,9,9,0,0
2,1,3,50,5,4,0,0.995982,1.004429,0.995847,0,0,334,100,100,0,0,0,2,2,0,0,0,80,1,59,39,0,0,2816,200,0,13,0,932,63,0,26,0,392,24,0,48,0,272,1,0,24,0,0,101,96,79,0,0,15,24,9,0,0,9,9,0,0
2,2,0,47,2,6,0,0.996837,1.004303,1.000512,9,0,334,100,100,0,0,0,0,0,4,2,0,80,13,56,33,0,0,2816,237,0,11,0,935,73,0,22,0,386,16,0,46,0,272,0,0,2,0,0,48,8,75,0,0,28,23,9,0,0,9,9,0,0
2,2,1,50,2,6,0,0.99694,1.004559,0.996004,9,0,334,100,100,0,0,0,0,0,4,2,0,80,13,62,39,0,0,2816,224,0,13,0,935,76,0,26,0,386,14,0,46,0,272,0,0,1,0,0,43,4,77,0,0,29,23,9,0,0,9,9,0,0
2,2,2,52,2,6,0,0.998158,1.003733,0.996422,9,0,334,100,100,0,0,0,4,4,0,0,0,80,13,64,39,0,0,2816,232,0,13,0,935,76,0,26,0,386,18,0,48,0,272,0,0,1,0,0,43,4,79,0,0,30,24,9,0,0,9,9,0,0
2,2,3,48,2,6,0,0.996306,1.002895,0.994668,9,0,334,100,100,0,0,0,2,2,0,0,0,80,13,63,39,0,0,2816,225,0,13,0,935,76,0,26,0,386,18,0,44,0,272,0,0,1,0,0,46,4,75,0,0,28,22,9,0,0,9,9,0,0
2,3,0,36,5,37,0,1.003791,0.997931,0.994809,13,0,334,100,100,0,0,0,0,0,6,4,0,76,0,57,27,0,0,3200,181,0,9,0,938,82,0,18,0,544,0,0,16,0,125,16,0,15,0,0,79,60,41,0,0,28,8,8,0,0,8,8,0,0
2,3,1,48,5,37,0,0.997034,1.003372,0.99735,18,0,334,100,100,0,0,0,0,0,6,4,0,76,0,63,33,0,0,3200,163,0,11,0,938,87,0,22,0,544,0,0,14,0,125,13,0,23,0,0,109,92,43,0,0,27,7,9,0,0,9,9,0,0
2,3,2,36,5,37,0,1.005917,0.994976,0.994486,13,0,334,100,100,0,0,0,6,6,0,0,0,76,0,57,33,0,0,3200,169,0,11,0,938,87,0,22,0,544,0,0,18,0,125,17,0,12,0,0,61,48,39,0,0,34,9,5,0,0,5,5,0,0
2,3,3,45,5,37,0,1.001534,0.99629,0.995123,17,0,334,100,100,0,0,0,4,4,0,0,0,76,0,69,36,0,0,3200,165,0,12,0,938,88,0,24,0,544,0,0,18,0,125,10,0,20,0,0,94,80,48,0,0,28,9,9,0,0,9,9,0,0
2,4,0,34,4,9,1,1.011623,0.999551,0.996685,19,0,334,100,100,0,0,0,0,0,2,4,0,76,3,66,27,0,0,2904,184,0,9,0,956,91,0,18,0,484,1,0,12,0,272,3,0,13,0,7,108,52,35,0,0,27,6,7,0,0,7,7,0,0
2,4,1,46,4,9,1,0.99916,1.000682,0.999969,25,0,334,100,100,0,0,0,0,0,6,4,0,76,3,65,33,0,0,2904,192,0,11,0,956,98,0,22,0,484,0,0,18,0,272,0,0,13,0,7,127,52,47,0,0,27,9,9,0,0,9,9,0,0
2,4,2,37,4,9,1,1.005801,0.994035,0.993234,18,0,334,100,100,0,0,0,2,6,0,-2,0,76,3,76,36,0,0,2904,185,0,12,0,956,99,0,24,0,484,1,0,10,0,272,4,0,13,0,7,96,52,32,0,0,34,5,5,0,0,5,5,0,0
2,4,3,43,4,9,1,1.007609,0.999161,0.991606,25,0,334,100,100,0,0,0,4,4,-2,0,0,76,3,73,33,0,0,2904,181,0,11,0,956,99,0,22,0,484,0,0,18,0,272,0,0,10,0,7,99,40,47,0,0,28,9,9,0,0,9,9,0,0
2,5,0,36,5,14,4,1.019655,0.996851,1.000907,25,0,334,100,100,0,0,0,0,-4,0,0,0,72,4,78,27,0,0,2928,189,0,9,0,953,100,0,18,0,473,1,0,22,0,244,0,0,3,0,2,98,12,39,0,0,34,11,4,0,0,4,4,0,0
2,5,1,39,5,14,4,1.004666,1.002394,0.997387,27,0,334,100,100,0,0,0,-4,0,-2,-6,0,72,4,67,30,0,0,2928,224,0,10,0,953,108,0,20,0,473,0,0,10,0,244,5,0,13,0,2,158,52,24,0,0,30,5,2,0,0,2,2,0,0
2,5,2,35,5,14,4,1.005851,0.994641,0.996385,22,0,334,100,100,0,0,0,0,-2,0,-2,0,72,4,95,39,0,0,2928,199,0,13,0,953,112,0,26,0,473,0,0,22,0,244,0,0,4,0,2,81,16,43,0,0,41,11,4,0,0,4,4,0,0
2,5,3,41,5,14,4,1.003651,0.998017,0.9956,34,0,334,100,100,0,0,0,0,-6,-2,0,0,72,4,80,33,0,0,2928,199,0,11,0,953,110,0,22,0,473,1,0,14,0,244,0,0,10,0,2,120,40,31,0,0,32,7,3,0,0,3,3,0,0
2,6,0,37,4,3,0,1.016741,0.997094,1.001791,28,0,334,100,100,0,0,0,0,-4,2,2,0,72,2,83,24,0,0,3000,209,0,8,0,959,108,0,16,0,452,1,0,26,0,269,0,0,0,0,5,73,0,42,0,0,43,13,4,0,0,4,4,0,0
2,6,1,39,4,3,0,1.004654,1.002283,0.993089,28,0,334,100,100,0,0,0,-4,0,0,-4,0,72,2,71,27,0,0,3000,176,0,9,0,959,117,0,18,0,452,4,0,28,0,269,0,0,5,0,5,154,20,41,0,0,42,14,2,0,0,2,2,0,0
2,6,2,35,4,3,0,1.005476,0.995465,0.995267,26,0,334,100,100,0,0,0,2,0,0,-2,0,72,2,119,39,0,0,3000,215,0,13,0,959,125,0,26,0,452,0,0,12,0,269,0,0,3,0,5,72,12,33,0,0,43,6,4,0,0,4,4,0,0
2,6,3,41,4,3,0,1.003651,0.998017,0.9956,37,0,334,100,100,0,0,0,2,-4,-2,0,0,72,2,85,33,0,0,3000,219,0,11,0,959,121,0,22,0,452,0,0,20,0,269,0,0,0,0,5,102,0,35,0,0,40,10,2,0,0,2,2,0,0
2,7,0,37,0,3,0,1.016741,0.997094,1.001791,32,0,334,100,100,0,0,0,0,-4,4,4,0,68,13,85,24,0,0,3104,164,0,8,0,962,116,0,16,0,541,1,0,0,0,172,7,0,17,0,11,144,68,14,0,0,40,0,3,0,0,3,3,0,0
2,7,1,37,0,3,0,1.006979,1.003687,0.997967,29,0,334,100,100,0,0,0,-4,0,2,-4,0,68,13,73,27,0,0,3104,224,0,9,0,962,126,0,18,0,541,1,0,6,0,172,20,0,14,0,11,197,56,19,0,0,43,3,2,0,0,2,2,0,0
2,7,2,35,0,3,0,1.005476,0.995465,0.995267,30,0,334,100,100,0,0,0,4,2,0,-2,0,68,13,136,39,0,0,3104,167,0,13,0,962,138,0,26,0,541,0,0,0,0,172,12,0,12,0,11,118,48,19,0,0,40,0,3,0,0,3,3,0,0
2,7,3,40,0,3,0,1.001603,0.99803,0.9938,39,0,334,100,100,0,0,0,4,-4,-2,0,0,68,13,85,33,0,0,3104,167,0,11,0,962,132,0,22,0,541,0,0,0,0,172,1,0,17,0,11,173,68,13,0,0,39,0,1,0,0,1,1,0,0
2,8,0,37,5,14,0,1.016741,0.997094,1.001791,35,0,334,100,100,0,0,0,0,-4,6,6,0,68,5,87,24,0,0,2992,191,0,8,0,974,121,0,16,0,447,1,0,26,0,251,0,0,12,0,2,176,48,36,0,0,52,13,1,0,0,1,1,0,0
2,8,1,26,5,14,0,1.018469,0.982909,1.001171,19,0,334,100,100,0,0,0,-4,0,4,-2,0,68,5,76,27,0,0,2992,178,0,9,0,974,132,0,18,0,447,31,0,0,0,251,25,0,0,0,2,188,0,9,0,0,43,0,0,0,0,0,0,0,0
2,8,2,36,5,14,0,1.007863,0.995507,0.998748,33,0,334,100,100,0,0,0,6,4,0,0,0,68,5,155,39,0,0,2992,183,0,13,0,974,151,0,26,0,447,1,0,22,0,251,2,0,12,0,2,141,48,37,0,0,50,11,1,0,0,1,1,0,0
2,8,3,41,5,14,0,1.001248,0.997064,0.992302,40,0,334,100,100,0,0,0,6,-2,0,0,0,68,5,97,33,0,0,2992,188,0,11,0,974,140,0,22,0,447,0,0,18,0,251,0,0,10,0,2,201,40,29,0,0,48,9,0,0,0,0,0,0,0
2,9,0,37,3,5,1,1.016741,0.997094,1.001791,36,0,334,100,100,0,0,0,0,-2,6,8,0,64,5,88,24,0,0,2984,218,0,8,0,959,129,0,16,0,412,1,0,34,0,270,0,0,2,0,22,157,8,44,0,0,68,17,1,0,0,1,1,0,0
2,9,1,23,3,5,1,1.013729,0.977809,1.007622,18,0,334,100,100,0,0,0,-2,0,0,0,0,64,5,89,24,0,0,2984,152,0,8,0,959,140,0,16,0,412,61,0,2,0,270,24,0,1,0,22,182,4,10,0,0,44,1,0,0,0,0,0,0,0
2,9,2,36,3,5,1,1.006819,0.994251,0.999889,33,0,334,100,100,0,0,0,6,0,0,0,0,64,5,175,39,0,0,2984,190,0,13,0,959,164,0,26,0,412,9,0,22,0,270,0,0,2,0,22,124,8,37,0,0,60,11,1,0,0,1,1,0,0
2,9,3,42,3,5,1,1.002441,0.997396,0.995733,40,0,334,100,100,0,0,0,8,0,0,0,0,64,5,107,36,0,0,2984,207,0,12,0,959,152,0,24,0,412,0,0,30,0,270,0,0,0,0,22,174,0,44,0,0,62,15,1,0,0,1,1,0,0
2,10,0,37,2,4,0,1.014996,0.998809,1.001656,36,0,334,100,100,0,0,0,0,-2,8,10,0,64,3,86,21,0,0,3064,174,0,7,0,959,136,0,14,0,447,1,0,24,0,235,0,0,12,0,22,191,48,31,0,0,80,12,0,0,0,0,0,0,0
2,10,1,23,2,4,0,1.013729,0.977809,1.007622,18,0,334,100,100,0,0,0,-2,0,2,2,0,64,3,107,27,0,0,3064,128,0,9,0,959,149,0,18,0,447,89,0,2,0,235,28,0,1,0,22,175,4,11,0,0,45,1,0,0,0,0,0,0,0
2,10,2,36,2,4,0,1.005433,0.991354,1.000595,33,0,334,100,100,0,0,0,8,2,0,2,0,64,3,195,39,0,0,3064,197,0,13,0,959,177,0,26,0,447,11,0,22,0,235,0,0,6,0,22,123,24,37,0,0,70,11,1,0,0,1,1,0,0
2,10,3,40,2,4,0,1.000643,0.997423,0.995001,39,0,334,100,100,0,0,0,10,2,2,0,0,64,3,108,30,0,0,3064,227,0,10,0,959,162,0,20,0,447,1,0,18,0,235,0,0,14,0,22,217,56,30,0,0,70,9,1,0,0,1,1,0,0
2,11,0,36,1,2,0,1.012547,0.999348,0.99982,35,0,334,100,100,0,0,0,0,-2,10,12,0,60,16,74,18,0,0,3056,211,0,6,0,971,142,0,12,0,519,0,0,8,0,235,0,0,8,0,68,207,32,16,0,0,83,4,1,0,0,1,1,0,0
2,11,1,24,1,2,0,1.013152,0.978,1.006554,18,0,334,100,100,0,0,0,-2,0,4,4,0,60,16,121,27,0,0,3056,104,0,9,0,971,158,0,18,0,519,92,0,2,0,235,38,0,1,0,68,168,4,11,0,0,46,1,0,0,0,0,0,0,0
2,11,2,36,1,2,0,1.005433,0.991354,1.000595,34,0,334,100,100,0,0,0,10,4,0,2,0,60,16,211,39,0,0,3056,204,0,13,0,971,190,0,26,0,519,1,0,18,0,235,0,0,8,0,68,122,32,33,0,0,78,9,1,0,0,1,1,0,0
2,11,3,39,1,2,0,0.99938,0.997622,0.995482,39,0,334,100,100,0,0,0,12,4,2,0,0,60,16,104,27,0,0,3056,178,0,9,0,971,171,0,18,0,519,0,0,6,0,235,0,0,10,0,68,242,40,15,0,0,73,3,0,0,0,0,0,0,0
2,12,0,38,4,0,0,1.011746,0.99744,1.003526,36,1,459,100,100,0,0,0,0,-2,12,14,0,60,4,68,18,0,0,3120,169,0,6,0,977,148,0,12,0,533,1,0,2,0,166,9,0,18,0,16,271,72,25,0,0,67,1,17,0,0,0,0,0,0
2,12,1,25,4,0,0,1.014775,0.975112,1.008326,18,0,334,100,100,0,0,0,-2,0,6,6,0,60,4,136,27,0,0,3120,79,0,9,0,977,167,0,18,0,533,90,0,4,0,166,70,0,2,0,16,164,8,15,0,0,47,2,1,0,0,1,1,0,0
2,12,2,37,4,0,0,1.006867,0.989737,0.999579,35,0,334,100,100,0,0,0,12,6,0,2,0,60,4,227,39,0,0,3120,155,0,13,0,977,203,0,26,0,533,0,0,2,0,166,6,0,12,0,16,170,48,17,0,0,78,1,1,0,0,1,1,0,0
2,12,3,39,4,0,0,0.99938,0.997622,0.995482,39,1,459,100,100,0,0,0,14,6,2,0,0,60,4,103,27,0,0,3120,202,0,9,0,977,180,0,18,0,533,1,0,4,0,166,10,0,17,0,16,295,68,30,0,0,58,2,17,0,0,0,0,0,0
2,13,0,39,3,5,0,1.013811,0.99595,1.005517,36,1,459,100,100,0,0,0,0,0,14,16,0,56,0,61,18,0,0,2984,205,0,6,0,974,154,0,12,0,516,0,0,8,0,194,7,0,20,0,16,352,80,16,0,0,70,4,1,0,0,1,1,0,0
2,13,1,25,3,5,0,1.018077,0.975865,1.008631,19,0,334,100,100,0,0,0,0,0,8,8,0,56,0,153,30,0,0,2984,52,0,10,0,974,177,0,20,0,516,93,0,2,0,194,93,0,1,0,16,156,4,12,0,0,48,1,0,0,0,0,0,0,0
2,13,2,35,3,5,0,1.005719,0.989717,0.998984,34,0,334,100,100,0,0,0,14,8,0,4,0,56,0,235,33,0,0,2984,163,0,11,0,974,214,0,22,0,516,0,0,8,0,194,6,0,12,0,16,214,48,19,0,0,82,4,0,0,0,0,0,0,0
2,13,3,38,3,5,0,0.998013,0.997269,0.991773,38,1,459,100,100,0,0,0,16,8,4,0,0,56,0,104,27,0,0,2984,226,0,9,0,974,189,0,18,0,516,1,0,8,0,194,11,0,17,0,16,363,68,17,0,0,62,4,0,0,0,0,0,0,0
2,14,0,41,5,7,0,1.016603,0.993999,1.004517,37,2,584,100,100,0,0,0,0,2,16,18,0,56,1,52,18,0,0,3056,239,0,6,0,977,160,0,12,0,486,0,0,12,0,224,0,0,18,0,19,404,72,37,0,0,58,6,18,0,0,1,1,0,0
2,14,1,24,5,7,0,1.022932,0.973457,1.010277,19,0,334,100,100,0,0,0,2,0,12,12,0,56,1,169,30,0,0,3056,20,0,10,0,977,187,0,20,0,486,110,0,0,0,224,103,0,0,0,19,146,0,10,0,0,48,0,0,0,0,0,0,0,0
2,14,2,34,5,7,0,1.010843,0.983181,1.002485,32,0,334,100,100,0,0,0,16,12,0,4,0,56,1,245,30,0,0,3056,173,0,10,0,977,224,0,20,0,486,0,0,8,0,224,12,0,12,0,19,257,48,20,0,0,85,4,1,0,0,1,1,0,0
2,14,3,36,5,7,0,0.998248,1.001733,0.996702,36,2,584,100,100,0,0,0,18,12,4,0,0,56,1,104,27,0,0,3056,178,0,9,0,977,198,0,18,0,486,1,0,12,0,224,3,0,17,0,19,410,68,38,0,0,51,6,17,0,0,0,0,0,0
2,15,0,41,0,2,0,1.016603,0.993999,1.004517,38,3,709,100,100,0,0,0,0,6,18,20,1,52,4,41,21,0,0,3060,190,0,7,0,977,167,0,14,0,454,0,0,2,0,238,12,0,22,0,9,486,88,30,0,0,40,1,19,0,0,2,2,0,0
2,15,1,24,0,2,0,1.022932,0.973457,1.010277,19,0,334,100,100,0,0,0,6,0,16,16,0,52,4,180,24,0,0,3060,3,0,8,0,977,201,0,16,0,454,139,0,4,0,238,101,0,2,0,9,143,8,14,0,0,49,2,1,0,0,1,1,0,0
2,15,2,32,0,2,0,1.012904,0.980146,1.009841,31,0,334,100,100,0,0,0,18,16,0,6,0,52,4,253,30,0,0,3060,176,0,10,0,977,234,0,20,0,454,6,0,22,0,238,1,0,11,0,9,279,44,34,0,0,95,11,1,0,0,1,1,0,0
2,15,3,36,0,2,0,0.998248,1.001733,0.996702,36,2,584,100,100,0,0,0,20,16,6,0,1,52,4,110,27,0,0,3060,204,0,9,0,977,207,0,18,0,454,0,0,28,0,238,0,0,3,0,9,405,12,37,0,0,65,14,0,0,0,0,0,0,0
2,16,0,40,0,2,0,1.017435,0.993586,1.003323,39,3,709,100,100,0,0,0,0,10,22,24,2,52,2,31,21,0,0,3043,221,0,7,0,980,174,0,14,0,438,0,0,30,0,253,0,0,12,0,16,512,48,39,0,0,54,15,1,0,0,1,1,0,0
2,16,1,24,0,2,0,1.022932,0.973457,1.010277,20,0,334,100,100,0,0,0,10,0,20,20,2,52,2,191,24,0,0,3043,3,0,8,0,980,215,0,16,0,438,168,0,4,0,253,99,0,2,0,16,140,8,14,0,0,50,2,1,0,0,1,1,0,0
2,16,2,31,0,2,0,1.012193,0.977809,1.010195,31,1,459,100,100,0,0,0,22,20,0,6,2,52,2,262,30,0,0,3043,181,0,10,0,980,244,0,20,0,438,8,0,20,0,253,0,0,10,0,16,284,40,47,0,0,88,10,17,0,0,0,0,0,0
2,16,3,36,0,2,0,0.998248,1.001733,0.996702,36,2,584,100,100,0,0,0,24,20,6,0,2,52,2,110,27,0,0,3043,158,0,9,0,980,216,0,18,0,438,0,0,18,0,253,0,0,10,0,16,435,40,27,0,0,74,9,0,0,0,0,0,0,0
2,17,0,36,0,10,0,1.016762,0.996331,1.004739,36,3,709,100,100,0,0,0,0,14,26,28,2,48,2,27,21,0,0,3051,173,0,7,0,980,181,0,14,0,472,0,0,18,0,244,0,0,4,0,19,520,16,25,0,0,63,9,0,0,0,0,0,0,0
2,17,1,23,0,10,0,1.030908,0.973007,1.009564,20,0,334,100,100,0,0,0,14,0,24,24,2,48,2,199,24,0,0,3051,3,0,8,0,980,226,0,16,0,472,177,0,4,0,244,108,0,2,0,19,137,8,14,0,0,51,2,1,0,0,1,1,0,0
2,17,2,29,0,10,0,1.021064,0.976856,1.009825,29,1,459,100,100,0,0,0,26,24,0,6,2,48,2,269,27,0,0,3051,188,0,9,0,980,253,0,18,0,472,10,0,18,0,244,0,0,7,0,19,294,28,27,0,0,97,9,0,0,0,0,0,0,0
2,17,3,33,0,10,0,0.993239,1.00595,0.993783,33,2,584,100,100,0,0,0,28,24,6,0,2,48,2,110,27,0,0,3051,184,0,9,0,980,225,0,18,0,472,1,0,14,0,244,0,0,6,0,19,450,24,23,0,0,81,7,0,0,0,0,0,0,0
2,18,0,34,1,3,0,1.014732,1.00164,1.002426,33,3,709,100,100,0,0,0,0,18,30,32,2,48,1,30,21,0,0,2996,185,0,7,0,986,188,0,14,0,532,1,0,2,0,203,0,0,15,0,28,585,60,9,0,0,64,1,0,0,0,0,0,0,0
2,18,1,23,1,3,0,1.030908,0.973007,1.009564,21,0,334,100,100,0,0,0,18,0,28,28,2,48,1,211,24,0,0,2996,3,0,8,0,986,237,0,16,0,532,181,0,4,0,203,120,0,2,0,28,133,8,14,0,0,52,2,1,0,0,1,1,0,0
2,18,2,29,1,3,0,1.021064,0.976856,1.009825,29,1,459,100,100,0,0,0,30,28,0,6,2,48,1,278,27,0,0,2996,197,0,9,0,986,262,0,18,0,532,1,0,10,0,203,15,0,9,0,28,319,36,19,0,0,102,5,0,0,0,0,0,0,0
2,18,3,33,1,3,0,0.993239,1.00595,0.993783,33,3,709,100,100,0,0,0,32,28,6,0,2,48,1,114,27,0,0,2996,213,0,9,0,986,234,0,18,0,532,1,0,0,0,203,0,0,16,0,28,504,64,26,0,0,64,0,17,0,0,0,0,0,0
2,19,0,34,0,2,0,1.014732,1.00164,1.002426,33,3,709,100,100,0,0,0,0,22,34,36,3,44,1,34,24,0,0,3108,206,0,8,0,986,193,0,16,0,494,0,0,12,0,270,0,0,1,0,36,575,4,22,0,0,69,6,1,0,0,1,1,0,0
2,19,1,22,0,2,0,1.034652,0.975894,1.013119,21,0,334,100,100,0,0,0,22,0,32,32,3,44,1,220,24,0,0,3108,3,0,8,0,986,248,0,16,0,494,187,0,4,0,270,118,0,2,0,36,128,8,14,0,0,53,2,1,0,0,1,1,0,0
2,19,2,28,0,2,0,1.020561,0.97445,1.009206,28,1,459,100,100,0,0,0,34,32,0,6,2,44,1,284,27,0,0,3108,158,0,9,0,986,271,0,18,0,494,0,0,12,0,270,6,0,9,0,36,344,36,21,0,0,108,6,0,0,0,0,0,0,0
2,19,3,33,0,2,0,0.993239,1.00595,0.993783,33,3,709,100,100,0,0,0,36,32,6,0,2,44,1,118,27,0,0,3108,170,0,9,0,986,243,0,18,0,494,1,0,12,0,270,0,0,1,0,36,500,4,21,0,0,70,6,0,0,0,0,0,0,0
2,20,0,34,1,5,0,1.014732,1.00164,1.002426,34,3,709,100,100,0,0,0,0,24,38,38,3,44,4,34,24,0,0,3067,163,0,8,0,983,201,0,16,0,484,1,0,14,0,259,0,0,7,0,14,598,28,22,0,0,76,7,0,0,0,0,0,0,0
2,20,1,21,1,5,0,1.034472,0.974988,1.014367,21,0,334,100,100,0,0,0,24,0,36,36,3,44,4,232,24,0,0,3067,3,0,8,0,983,256,0,16,0,484,204,0,4,0,259,116,0,2,0,14,127,8,12,0,0,55,2,0,0,0,0,0,0,0
2,20,2,27,1,5,0,1.020945,0.973747,1.006711,26,1,459,100,100,0,0,0,38,36,0,6,2,44,4,291,24,0,0,3067,161,0,8,0,983,279,0,16,0,484,0,0,12,0,259,0,0,6,0,14,365,24,20,0,0,114,6,0,0,0,0,0,0,0
2,20,3,31,1,5,0,0.992344,1.007328,0.992957,31,3,709,100,100,0,0,0,38,36,6,0,2,44,4,117,24,0,0,3067,188,0,8,0,983,251,0,16,0,484,1,0,12,0,259,0,0,6,0,14,519,24,20,0,0,76,6,0,0,0,0,0,0,0
2,21,0,34,0,1,0,1.014732,1.00164,1.002426,34,3,709,100,100,0,0,0,0,26,40,40,3,40,3,35,24,0,0,2990,184,0,8,0,992,209,0,16,0,434,0,0,30,0,272,0,0,0,0,22,577,0,38,0,0,91,15,0,0,0,0,0,0,0
2,21,1,21,0,1,0,1.034472,0.974988,1.014367,21,0,334,100,100,0,0,0,26,0,40,38,3,40,3,243,24,0,0,2990,3,0,8,0,992,264,0,16,0,434,232,0,4,0,272,114,0,2,0,22,126,8,12,0,0,57,2,0,0,0,0,0,0,0
2,21,2,26,0,1,0,1.02535,0.975821,1.009613,25,1,459,100,100,0,0,0,40,40,0,6,2,40,3,298,24,0,0,2990,173,0,8,0,992,287,0,16,0,434,8,0,18,0,272,0,0,0,0,22,346,0,28,0,0,122,9,1,0,0,1,1,0,0
2,21,3,31,0,1,0,0.992344,1.007328,0.992957,31,3,709,100,100,0,0,0,40,38,6,0,2,40,3,118,24,0,0,2990,212,0,8,0,992,259,0,16,0,434,0,0,24,0,272,0,0,0,0,22,504,0,32,0,0,88,12,0,0,0,0,0,0,0
2,22,0,30,0,13,0,1.012992,0.993506,0.998105,30,4,834,100,100,0,0,0,0,28,42,42,3,40,0,35,24,0,0,3062,205,0,8,0,992,217,0,16,0,510,1,0,4,0,211,0,0,11,0,22,609,44,29,0,0,76,2,17,0,0,0,0,0,0
2,22,1,16,0,13,0,1.036635,0.961642,0.999565,16,0,334,100,100,0,0,0,28,0,44,42,3,40,0,256,24,0,0,3062,3,0,8,0,992,272,0,16,0,510,234,0,4,0,211,124,0,2,0,22,125,8,12,0,0,59,2,0,0,0,0,0,0,0
2,22,2,23,0,13,0,1.029892,0.971445,0.999443,23,1,459,100,100,0,0,0,42,44,0,6,2,40,0,302,21,0,0,3062,187,0,7,0,992,294,0,14,0,510,0,0,12,0,211,8,0,9,0,22,372,36,19,0,0,128,6,0,0,0,0,0,0,0
2,22,3,30,0,13,0,0.992797,1.003624,0.987981,30,3,709,100,100,0,0,0,42,42,6,0,2,40,0,121,24,0,0,3062,172,0,8,0,992,267,0,16,0,510,1,0,6,0,211,0,0,11,0,22,551,44,14,0,0,91,3,0,0,0,0,0,0,0
2,23,0,28,0,6,0,1.014737,0.990664,0.992547,28,4,834,100,100,0,0,0,0,30,44,42,3,36,4,34,24,0,0,3067,166,0,8,0,995,225,0,16,0,481,0,0,10,0,268,0,0,2,0,22,616,8,18,0,0,81,5,0,0,0,0,0,0,0
2,23,1,15,0,6,0,1.040189,0.958385,0.996049,15,0,334,100,100,0,0,0,30,0,48,46,3,36,4,272,24,0,0,3067,3,0,8,0,995,280,0,16,0,481,245,0,4,0,268,122,0,2,0,22,124,8,12,0,0,61,2,0,0,0,0,0,0,0
2,23,2,21,0,6,0,1.032515,0.967272,1.007275,21,2,584,100,100,0,0,0,44,48,0,6,2,36,4,309,21,0,0,3067,204,0,7,0,995,301,0,14,0,481,1,0,14,0,268,0,0,8,0,22,375,32,38,0,0,118,7,17,0,0,0,0,0,0
2,23,3,29,0,6,0,0.99183,1.001269,0.988954,29,3,709,100,100,0,0,0,42,46,6,0,2,36,4,125,24,0,0,3067,189,0,8,0,995,275,0,16,0,481,0,0,16,0,268,0,0,2,0,22,552,8,24,0,0,99,8,0,0,0,0,0,0,0
2,24,0,26,0,8,0,1.015605,0.992031,0.994277,26,4,834,100,100,0,0,0,0,34,46,44,3,36,5,34,21,0,0,3060,194,0,7,0,995,232,0,14,0,532,1,0,4,0,235,0,0,3,0,14,634,12,11,0,0,83,2,0,0,0,0,0,0,0
2,24,1,13,0,8,0,1.043337,0.952481,0.994537,13,1,459,100,100,0,0,0,34,0,52,50,3,36,5,286,21,0,0,3060,4,0,7,0,995,287,0,14,0,532,243,0,4,0,235,129,0,2,0,14,107,8,28,0,0,46,2,17,0,0,0,0,0,0
2,24,2,19,0,8,0,1.030141,0.969447,1.012662,19,2,584,100,100,0,0,0,46,52,0,8,2,36,5,313,21,0,0,3060,175,0,7,0,995,308,0,14,0,532,0,0,2,0,235,0,0,6,0,14,407,24,9,0,0,119,1,0,0,0,0,0,0,0
2,24,3,27,0,8,0,0.992606,0.999837,0.991776,27,3,709,100,100,0,0,0,44,50,8,0,2,36,5,128,24,0,0,3060,207,0,8,0,995,283,0,16,0,532,0,0,4,0,235,0,0,3,0,14,569,12,12,0,0,101,2,0,0,0,0,0,0,0
2,25,0,26,1,5,0,1.015605,0.992031,0.994277,26,4,834,100,100,0,0,0,0,36,48,46,3,32,2,35,21,0,0,3135,160,0,7,0,1001,239,0,14,0,525,0,0,2,0,264,0,0,5,0,22,662,20,9,0,0,84,1,0,0,0,0,0,0,0
2,25,1,12,1,5,0,1.035361,0.956441,0.997689,12,1,459,100,100,0,0,0,36,0,56,52,3,32,2,301,21,0,0,3135,4,0,7,0,1001,294,0,14,0,525,244,0,4,0,264,127,0,2,0,22,107,8,11,0,0,48,2,0,0,0,0,0,0,0
2,25,2,18,1,5,0,1.035901,0.969745,1.013938,17,2,584,100,100,0,0,0,48,56,0,8,2,32,2,324,21,0,0,3135,196,0,7,0,1001,315,0,14,0,525,1,0,2,0,264,0,0,0,0,22,407,0,9,0,0,120,1,0,0,0,0,0,0,0
2,25,3,25,1,5,0,0.987445,0.997581,0.992267,25,3,709,100,100,0,0,0,46,52,8,0,2,32,2,131,24,0,0,3135,171,0,8,0,1001,291,0,16,0,525,0,0,0,0,264,0,0,3,0,22,590,12,8,0,0,101,0,0,0,0,0,0,0,0
2,26,0,25,0,6,0,1.014668,0.994739,0.999058,25,4,834,100,100,0,0,0,0,38,50,48,3,32,8,36,21,0,0,3064,190,0,7,0,998,246,0,14,0,517,1,0,2,0,269,0,0,3,0,14,682,12,9,0,0,85,1,0,0,0,0,0,0,0
2,26,1,10,0,6,0,1.037931,0.948116,0.994755,10,1,459,100,100,0,0,0,38,0,58,56,3,32,8,315,21,0,0,3064,4,0,7,0,998,301,0,14,0,517,248,0,2,0,269,126,0,1,0,14,102,4,9,0,0,49,1,0,0,0,0,0,0,0
2,26,2,17,0,6,0,1.03339,0.973312,1.011309,16,2,584,100,100,0,0,0,50,58,0,8,2,32,8,335,24,0,0,3064,169,0,8,0,998,323,0,16,0,517,1,0,0,0,269,0,0,0,0,14,414,0,10,0,0,119,0,1,0,0,1,1,0,0
2,26,3,23,0,6,0,0.984277,0.997273,0.989541,23,3,709,100,100,0,0,0,48,56,8,0,2,32,8,136,24,0,0,3064,193,0,8,0,998,299,0,16,0,517,1,0,2,0,269,0,0,0,0,14,597,0,10,0,0,102,1,0,0,0,0,0,0,0
2,27,0,24,0,3,0,1.015796,0.993177,0.997283,24,4,834,100,100,0,0,0,0,40,52,50,3,28,7,37,21,0,0,3074,213,0,7,0,998,253,0,14,0,538,0,0,4,0,263,0,0,3,0,25,700,12,11,0,0,87,2,0,0,0,0,0,0,0
2,27,1,10,0,3,0,1.037931,0.948116,0.994755,10,1,459,100,100,0,0,0,40,0,62,60,3,28,7,330,21,0,0,3074,4,0,7,0,998,308,0,14,0,538,249,0,2,0,263,128,0,1,0,25,97,4,9,0,0,50,1,0,0,0,0,0,0,0
2,27,2,17,0,3,0,1.03339,0.973312,1.011309,17,2,584,100,100,0,0,0,52,62,0,8,2,28,7,346,24,0,0,3074,191,0,8,0,998,331,0,16,0,538,1,0,0,0,263,0,0,0,0,25,415,0,8,0,0,119,0,0,0,0,0,0,0,0
2,27,3,21,0,3,0,0.98847,1.005394,0.994394,21,4,834,100,100,0,0,0,50,60,8,0,2,28,7,141,24,0,0,3074,161,0,8,0,998,307,0,16,0,538,1,0,0,0,263,0,0,3,0,25,598,12,25,0,0,85,0,17,0,0,0,0,0,0
2,28,0,22,0,3,0,1.013408,0.996471,0.99487,22,4,834,100,100,0,0,0,0,44,56,54,3,28,5,34,15,0,0,3138,183,0,5,0,998,258,0,10,0,533,1,0,2,0,272,0,0,0,0,17,710,0,7,0,0,88,1,0,0,0,0,0,0,0
2,28,1,10,0,3,0,1.037931,0.948116,0.994755,10,1,459,100,100,0,0,0,44,0,64,64,3,28,5,345,21,0,0,3138,4,0,7,0,998,315,0,14,0,533,252,0,2,0,272,127,0,1,0,17,92,4,9,0,0,51,1,0,0,0,0,0,0,0
2,28,2,17,0,3,0,1.03339,0.973312,1.011309,17,2,584,100,100,0,0,0,56,64,0,10,2,28,5,358,24,0,0,3138,165,0,8,0,998,339,0,16,0,533,1,0,0,0,272,0,0,0,0,17,424,0,8,0,0,119,0,0,0,0,0,0,0,0
2,28,3,20,0,3,0,0.985972,1.005918,0.994768,20,4,834,100,100,0,0,0,54,64,10,0,2,28,5,145,21,0,0,3138,180,0,7,0,998,314,0,14,0,533,0,0,4,0,272,0,0,0,0,17,604,0,11,0,0,87,2,0,0,0,0,0,0,0
2,29,0,21,0,4,0,1.009653,0.99919,0.990761,21,4,834,100,100,0,0,0,0,48,60,56,3,24,3,34,15,0,0,3034,211,0,5,0,1007,263,0,10,0,535,0,0,4,0,272,0,0,0,0,25,715,0,9,0,0,90,2,0,0,0,0,0,0,0
2,29,1,10,0,4,0,1.037931,0.948116,0.994755,10,1,459,100,100,0,0,0,48,0,68,68,3,24,3,360,21,0,0,3034,4,0,7,0,1007,322,0,14,0,535,256,0,2,0,272,126,0,1,0,25,87,4,9,0,0,52,1,0,0,0,0,0,0,0
2,29,2,16,0,4,0,1.038923,0.976198,1.013564,16,2,584,100,100,0,0,0,60,68,0,10,2,24,3,366,21,0,0,3034,188,0,7,0,1007,346,0,14,0,535,1,0,0,0,272,0,0,0,0,25,426,0,7,0,0,119,0,0,0,0,0,0,0,0
2,29,3,18,0,4,0,0.990062,1.003738,0.992223,18,4,834,100,100,0,0,0,56,68,10,0,2,24,3,149,21,0,0,3034,200,0,7,0,1007,321,0,14,0,535,0,0,0,0,272,0,0,0,0,25,608,0,7,0,0,87,0,0,0,0,0,0,0,0
2,30,0,22,1,0,0,1.012167,0.995796,0.99357,21,4,834,100,100,0,0,0,0,50,62,56,3,24,5,35,15,0,0,3186,184,0,5,0,1010,268,0,10,0,538,1,0,2,0,263,0,0,3,0,17,737,12,7,0,0,91,1,0,0,0,0,0,0,0
2,30,1,10,1,0,0,1.037931,0.948116,0.994755,10,1,459,100,100,0,0,0,50,0,72,70,3,24,5,376,21,0,0,3186,4,0,7,0,1010,329,0,14,0,538,254,0,2,0,263,131,0,1,0,17,82,4,9,0,0,53,1,0,0,0,0,0,0,0
2,30,2,16,1,0,0,1.038923,0.976198,1.013564,16,2,584,100,100,0,0,0,62,72,0,10,2,24,5,374,21,0,0,3186,164,0,7,0,1010,353,0,14,0,538,1,0,0,0,263,0,0,0,0,17,436,0,7,0,0,119,0,0,0,0,0,0,0,0
2,30,3,18,1,0,0,0.990062,1.003738,0.992223,18,4,834,100,100,0,0,0,56,70,10,0,2,24,5,156,21,0,0,3186,174,0,7,0,1010,328,0,14,0,538,1,0,2,0,263,0,0,0,0,17,616,0,9,0,0,88,1,0,0,0,0,0,0,0
2,31,0,22,0,0,0,1.012167,0.995796,0.99357,21,4,834,100,100,0,0,0,0,52,64,58,3,20,3,36,18,0,0,3034,211,0,6,0,1007,274,0,12,0,529,1,0,6,0,272,0,0,0,0,47,735,0,14,0,0,93,3,1,0,0,1,1,0,0
2,31,1,10,0,0,0,1.037931,0.948116,0.994755,10,1,459,100,100,0,0,0,52,0,76,74,3,20,3,390,21,0,0,3034,4,0,7,0,1007,336,0,14,0,529,258,0,2,0,272,130,0,1,0,47,77,4,9,0,0,54,1,0,0,0,0,0,0,0
2,31,2,16,0,0,0,1.038923,0.976198,1.013564,16,2,584,100,100,0,0,0,64,76,0,12,2,20,3,383,21,0,0,3034,188,0,7,0,1007,360,0,14,0,529,1,0,0,0,272,0,0,0,0,47,432,0,7,0,0,119,0,0,0,0,0,0,0,0
2,31,3,18,0,0,0,0.990062,1.003738,0.992223,18,4,834,100,100,0,0,0,58,74,12,0,2,20,3,164,21,0,0,3034,196,0,7,0,1007,335,0,14,0,529,0,0,4,0,272,0,0,0,0,47,611,0,11,0,0,90,2,0,0,0,0,0,0,0
2,32,0,20,0,7,0,1.012892,1.002794,0.991537,20,4,834,100,100,0,0,0,0,58,68,62,3,20,3,33,12,0,0,3186,184,0,4,0,1007,278,0,8,0,532,1,0,6,0,269,0,0,0,0,0,747,0,10,0,0,96,3,0,0,0,0,0,0,0
2,32,1,10,0,7,0,1.037931,0.948116,0.994755,10,1,459,100,100,0,0,0,58,0,80,78,3,20,3,404,21,0,0,3186,4,0,7,0,1007,343,0,14,0,532,262,0,2,0,269,129,0,1,0,0,72,4,9,0,0,55,1,0,0,0,0,0,0,0
2,32,2,12,0,7,0,1.045076,0.965572,1.025507,12,2,584,100,100,0,0,0,68,80,0,12,2,20,3,388,18,0,0,3186,165,0,6,0,1007,366,0,12,0,532,1,0,0,0,269,0,0,0,0,0,448,0,6,0,0,119,0,0,0,0,0,0,0,0
2,32,3,17,0,7,0,0.996287,1.002294,0.995828,17,4,834,100,100,0,0,0,62,78,12,0,2,20,3,166,18,0,0,3186,171,0,6,0,1007,341,0,12,0,532,0,0,0,0,269,0,0,3,0,0,635,12,6,0,0,90,0,0,0,0,0,0,0,0
2,33,0,20,1,0,0,1.012892,1.002794,0.991537,20,4,834,100,100,0,0,0,0,62,72,66,3,20,0,33,12,0,0,3050,215,0,4,0,1019,282,0,8,0,529,1,0,6,0,272,0,0,0,0,33,754,0,10,0,0,99,3,0,0,0,0,0,0,0
2,33,1,11,1,0,0,1.031525,0.94458,0.985483,10,1,459,100,100,0,0,0,62,0,84,82,3,20,0,419,21,0,0,3050,4,0,7,0,1019,350,0,14,0,529,266,0,2,0,272,128,0,1,0,33,67,4,9,0,0,56,1,0,0,0,0,0,0,0
2,33,2,12,1,0,0,1.045076,0.965572,1.025507,12,2,584,100,100,0,0,0,72,84,0,12,2,20,0,398,18,0,0,3050,178,0,6,0,1019,372,0,12,0,529,1,0,0,0,272,0,0,0,0,33,448,0,6,0,0,119,0,0,0,0,0,0,0,0
2,33,3,17,1,0,0,0.996287,1.002294,0.995828,17,4,834,100,100,0,0,0,66,82,12,0,2,20,0,171,18,0,0,3050,195,0,6,0,1019,347,0,12,0,529,1,0,2,0,272,0,0,0,0,33,639,0,8,0,0,91,1,0,0,0,0,0,0,0
2,34,0,20,0,0,0,1.012892,1.002794,0.991537,20,4,834,100,100,0,0,0,0,66,76,68,3,20,2,32,12,0,0,3145,190,0,4,0,1019,286,0,8,0,535,0,0,4,0,272,0,0,0,0,5,774,0,8,0,0,101,2,0,0,0,0,0,0,0
2,34,1,11,0,0,0,1.031525,0.94458,0.985483,10,1,459,100,100,0,0,0,66,0,88,86,3,20,2,431,21,0,0,3145,12,0,7,0,1019,357,0,14,0,535,268,0,4,0,272,126,0,2,0,5,64,8,11,0,0,58,2,0,0,0,0,0,0,0
2,34,2,12,0,0,0,1.045076,0.965572,1.025507,12,2,584,100,100,0,0,0,76,88,0,14,2,20,2,408,18,0,0,3145,191,0,6,0,1019,378,0,12,0,535,1,0,0,0,272,0,0,0,0,5,448,0,6,0,0,119,0,0,0,0,0,0,0,0
2,34,3,17,0,0,0,0.996287,1.002294,0.995828,17,4,834,100,100,0,0,0,68,86,14,0,2,20,2,177,18,0,0,3145,171,0,6,0,1019,353,0,12,0,535,1,0,0,0,272,0,0,0,0,5,662,0,6,0,0,91,0,0,0,0,0,0,0,0
2,35,0,19,0,2,0,1.008407,1.00576,0.992382,19,4,834,100,100,0,0,0,0,70,78,70,3,20,3,31,12,0,0,3136,165,0,4,0,1019,290,0,8,0,538,1,0,2,0,266,0,0,3,0,22,795,12,6,0,0,102,1,0,0,0,0,0,0,0
2,35,1,11,0,2,0,1.031525,0.94458,0.985483,10,1,459,100,100,0,0,0,70,0,92,88,3,20,3,445,21,0,0,3136,13,0,7,0,1019,364,0,14,0,538,267,0,4,0,266,127,0,2,0,22,61,8,11,0,0,60,2,0,0,0,0,0,0,0
2,35,2,12,0,2,0,1.045076,0.965572,1.025507,12,2,584,100,100,0,0,0,78,92,0,14,2,20,3,417,18,0,0,3136,172,0,6,0,1019,384,0,12,0,538,1,0,0,0,266,0,0,0,0,22,459,0,6,0,0,119,0,0,0,0,0,0,0,0
2,35,3,16,0,2,0,0.997234,0.998835,1.005198,16,4,834,100,100,0,0,0,70,88,14,0,2,20,3,181,18,0,0,3136,187,0,6,0,1019,359,0,12,0,538,1,0,0,0,266,0,0,0,0,22,668,0,6,0,0,91,0,0,0,0,0,0,0,0
2,36,0,19,0,3,0,1.008407,1.00576,0.992382,19,4,834,100,100,0,0,0,0,74,82,72,3,20,6,30,12,0,0,3096,197,0,4,0,1019,294,0,8,0,529,1,0,6,0,272,0,0,0,0,28,802,0,10,0,0,105,3,0,0,0,0,0,0,0
2,36,1,10,0,3,0,1.037931,0.948116,0.994755,10,1,459,100,100,0,0,0,74,0,94,92,3,20,6,458,21,0,0,3096,6,0,7,0,1019,371,0,14,0,529,271,0,2,0,272,126,0,1,0,28,56,4,9,0,0,61,1,0,0,0,0,0,0,0
2,36,2,11,0,3,0,1.049126,0.960362,1.015711,11,2,584,100,100,0,0,0,82,94,0,14,2,20,6,426,18,0,0,3096,177,0,6,0,1019,390,0,12,0,529,1,0,0,0,272,0,0,0,0,28,459,0,6,0,0,119,0,0,0,0,0,0,0,0
2,36,3,15,0,3,0,0.987398,1.005571,0.998022,15,4,834,100,100,0,0,0,72,92,14,0,2,20,6,185,18,0,0,3096,164,0,6,0,1019,365,0,12,0,529,0,0,4,0,272,0,0,0,0,28,673,0,10,0,0,93,2,0,0,0,0,0,0,0
2,37,0,19,0,3,0,1.008407,1.00576,0.992382,19,4,834,100,100,0,0,0,0,78,84,74,3,20,8,28,12,0,0,3132,173,0,4,0,1019,298,0,8,0,539,1,0,2,0,262,0,0,4,0,68,812,16,6,0,0,106,1,0,0,0,0,0,0,0
2,37,1,10,0,3,0,1.037931,0.948116,0.994755,10,1,459,100,100,0,0,0,78,0,96,96,3,20,8,458,21,0,0,3132,4,0,7,0,1019,378,0,14,0,539,271,0,2,0,262,129,0,1,0,68,51,4,9,0,0,62,1,0,0,0,0,0,0,0
2,37,2,9,0,3,0,1.055281,0.958072,1.020288,9,2,584,100,100,0,0,0,84,96,0,14,2,20,8,429,12,0,0,3132,185,0,4,0,1019,394,0,8,0,539,1,0,0,0,262,0,0,0,0,68,455,0,4,0,0,119,0,0,0,0,0,0,0,0
2,37,3,14,0,3,0,0.97971,1.007935,0.991306,14,4,834,100,100,0,0,0,74,96,14,0,2,20,8,186,15,0,0,3132,175,0,5,0,1019,370,0,10,0,539,1,0,0,0,262,0,0,2,0,68,676,8,5,0,0,93,0,0,0,0,0,0,0,0
2,38,0,19,0,1,0,1.008407,1.00576,0.992382,19,4,834,100,100,0,0,0,0,82,88,78,3,20,0,28,12,0,0,3098,205,0,4,0,1028,302,0,8,0,537,1,0,4,0,265,0,0,2,0,22,828,8,8,0,0,108,2,0,0,0,0,0,0,0
2,38,1,9,0,1,0,1.036193,0.937695,0.994884,9,1,459,100,100,0,0,0,82,0,100,100,3,20,0,458,18,0,0,3098,5,0,6,0,1028,384,0,12,0,537,271,0,2,0,265,131,0,1,0,22,47,4,8,0,0,63,1,0,0,0,0,0,0,0
2,38,2,9,0,1,0,1.055281,0.958072,1.020288,9,2,584,100,100,0,0,0,88,100,0,14,2,20,0,435,12,0,0,3098,171,0,4,0,1028,398,0,8,0,537,1,0,0,0,265,0,0,0,0,22,468,0,4,0,0,119,0,0,0,0,0,0,0,0
2,38,3,14,0,1,0,0.97971,1.007935,0.991306,14,4,834,100,100,0,0,0,78,100,14,0,2,20,0,190,15,0,0,3098,187,0,5,0,1028,375,0,10,0,537,0,0,2,0,265,0,0,2,0,22,689,8,7,0,0,94,1,0,0,0,0,0,0,0
2,39,0,19,0,1,0,1.008407,1.00576,0.992382,19,4,834,100,100,0,0,0,0,86,92,80,3,20,2,28,12,0,0,3164,181,0,4,0,1031,306,0,8,0,529,1,0,6,0,272,0,0,0,0,8,824,0,10,0,0,111,3,0,0,0,0,0,0,0
2,39,1,9,0,1,0,1.036193,0.937695,0.994884,9,1,459,100,100,0,0,0,86,0,100,100,3,20,2,458,18,0,0,3164,5,0,6,0,1031,390,0,12,0,529,275,0,2,0,272,130,0,1,0,8,43,4,8,0,0,64,1,0,0,0,0,0,0,0
2,39,2,8,0,1,0,1.06543,0.964808,1.029584,8,2,584,100,100,0,0,0,92,100,0,14,2,20,2,442,12,0,0,3164,181,0,4,0,1031,402,0,8,0,529,1,0,0,0,272,0,0,0,0,8,467,0,4,0,0,119,0,0,0,0,0,0,0,0
2,39,3,14,0,1,0,0.97971,1.007935,0.991306,14,4,834,100,100,0,0,0,80,100,14,0,2,20,2,194,15,0,0,3164,167,0,5,0,1031,380,0,10,0,529,1,0,2,0,272,0,0,0,0,8,707,0,7,0,0,95,1,0,0,0,0,0,0,0
2,40,0,18,0,4,0,1.006932,1.003159,0.992021,18,4,834,100,100,0,0,0,0,90,96,82,3,20,1,29,12,0,0,3100,213,0,4,0,1031,310,0,8,0,533,1,0,4,0,270,0,0,1,0,22,826,4,8,0,0,113,2,0,0,0,0,0,0,0
2,40,1,7,0,4,0,1.049647,0.921168,1.013717,7,1,459,100,100,0,0,0,90,0,100,100,3,20,1,458,18,0,0,3100,5,0,6,0,1031,396,0,12,0,533,273,0,2,0,270,129,0,1,0,22,39,4,8,0,0,65,1,0,0,0,0,0,0,0
2,40,2,7,0,4,0,1.059587,0.98003,1.02744,7,2,584,100,100,0,0,0,96,100,0,14,2,20,1,445,9,0,0,3100,169,0,3,0,1031,405,0,6,0,533,1,0,0,0,270,0,0,0,0,22,481,0,3,0,0,119,0,0,0,0,0,0,0,0
2,40,3,14,0,4,0,0.97971,1.007935,0.991306,14,4,834,100,100,0,0,0,82,100,14,0,2,20,1,198,15,0,0,3100,179,0,5,0,1031,385,0,10,0,533,0,0,2,0,270,0,0,1,0,22,716,4,7,0,0,96,1,0,0,0,0,0,0,0
5,1,0,52,7,1,0,0.996168,0.990902,0.998967,0,0,334,100,100,0,0,0,0,0,2,2,0,80,7,58,39,0,0,2816,200,0,13,0,932,63,0,26,0,482,1,0,48,0,218,17,0,24,0,68,84,96,79,0,0,15,24,9,0,0,9,9,0,0
5,1,1,52,7,1,0,0.996266,0.989037,0.998898,0,0,334,100,100,0,0,0,0,0,2,2,0,80,7,53,39,0,0,2816,200,0,13,0,932,63,0,26,0,482,1,0,46,0,218,15,0,24,0,68,86,96,77,0,0,14,23,9,0,0,9,9,0,0
5,1,2,52,7,1,0,0.995525,0.990894,0.996866,0,0,334,100,100,0,0,0,2,2,0,0,0,80,7,56,36,0,0,2816,201,0,12,0,932,62,0,24,0,482,5,0,48,0,218,13,0,24,0,68,85,96,78,0,0,15,24,9,0,0,9,9,0,0
5,1,3,50,7,1,0,0.994246,0.988953,0.996393,0,0,334,100,100,0,0,0,2,2,0,0,0,80,7,58,39,0,0,2816,200,0,13,0,932,63,0,26,0,482,1,0,48,0,218,13,0,24,0,68,84,96,79,0,0,15,24,9,0,0,9,9,0,0
5,2,0,53,5,3,0,0.998163,0.989611,0.999162,9,0,334,100,100,0,0,0,0,0,4,4,0,80,0,66,45,0,0,2808,229,0,15,0,926,78,0,30,0,470,1,0,22,0,229,0,0,21,0,0,130,84,55,0,0,17,11,9,0,0,9,9,0,0
5,2,1,52,5,3,0,0.995963,0.988227,0.996318,9,0,334,100,100,0,0,0,0,0,4,4,0,80,0,57,39,0,0,2808,231,0,13,0,926,76,0,26,0,470,1,0,22,0,229,0,0,23,0,0,142,92,53,0,0,16,11,9,0,0,9,9,0,0
5,2,2,53,5,3,0,0.994513,0.991527,0.996727,9,0,334,100,100,0,0,0,4,4,0,2,0,80,0,65,36,0,0,2808,241,0,12,0,926,74,0,24,0,470,0,0,20,0,229,0,0,26,0,0,156,104,50,0,0,16,10,9,0,0,9,9,0,0
5,2,3,50,5,3,0,0.990808,0.986999,0.999215,9,0,334,100,100,0,0,0,4,4,2,0,0,80,0,63,33,0,0,2808,235,0,11,0,926,74,0,22,0,470,0,0,16,0,229,7,0,24,0,0,152,96,45,0,0,14,8,9,0,0,9,9,0,0
5,3,0,54,5,13,0,1.000986,0.988654,1.002572,18,0,334,100,100,0,0,0,0,0,6,6,0,76,0,75,45,0,0,3200,161,0,15,0,937,93,0,30,0,412,1,0,30,0,251,0,0,4,0,0,100,16,63,0,0,23,15,9,0,0,9,9,0,0
5,3,1,49,5,13,0,0.999836,0.986299,1.001193,17,0,334,100,100,0,0,0,0,0,6,6,0,76,0,62,39,0,0,3200,166,0,13,0,937,87,0,26,0,412,1,0,30,0,251,0,0,9,0,0,130,36,61,0,0,22,15,9,0,0,9,9,0,0
5,3,2,47,5,13,0,0.997869,0.994463,0.994945,18,0,334,100,100,0,0,0,6,6,0,2,0,76,0,57,36,0,0,3200,176,0,12,0,937,86,0,24,0,412,1,0,26,0,251,0,0,2,0,0,124,8,56,0,0,20,13,9,0,0,9,9,0,0
5,3,3,50,5,13,0,0.990972,0.98599,0.999952,18,0,334,100,100,0,0,0,6,6,2,0,0,76,0,65,33,0,0,3200,174,0,11,0,937,85,0,22,0,412,1,0,38,0,251,0,0,7,0,0,130,28,67,0,0,24,19,9,0,0,9,9,0,0
5,4,0,55,4,1,0,1.001577,0.988154,1.003387,27,0,334,100,100,0,0,0,0,0,8,8,0,76,0,83,45,0,0,2816,188,0,15,0,935,108,0,30,0,512,1,0,8,0,172,0,0,23,0,0,168,92,41,0,0,18,4,9,0,0,9,9,0,0
5,4,1,50,4,1,0,1.001493,0.985839,1.004033,26,0,334,100,100,0,0,0,0,0,8,8,0,76,0,69,39,0,0,2816,200,0,13,0,935,100,0,26,0,512,0,0,10,0,172,9,0,21,0,0,190,84,41,0,0,18,5,9,0,0,9,9,0,0
5,4,2,47,4,1,0,0.997869,0.994463,0.994945,27,0,334,100,100,0,0,0,8,8,0,2,0,76,0,61,36,0,0,2816,213,0,12,0,935,98,0,24,0,512,1,0,8,0,172,0,0,22,0,0,191,88,38,0,0,15,4,9,0,0,9,9,0,0
5,4,3,51,4,1,0,0.993321,0.984003,1.002693,27,0,334,100,100,0,0,0,8,8,2,0,0,76,0,60,30,0,0,2816,210,0,10,0,935,95,0,20,0,512,0,0,8,0,172,0,0,25,0,0,211,100,36,0,0,19,4,9,0,0,9,9,0,0
5,5,0,51,2,14,3,1.001984,0.989084,1.007598,35,0,334,100,100,0,0,0,0,0,10,-2,0,72,0,87,39,0,0,2808,216,0,13,0,932,121,0,26,0,397,1,0,30,0,272,0,0,0,0,0,126,0,59,0,0,25,15,8,0,0,8,8,0,0
5,5,1,48,2,14,3,1.001176,0.982491,1.008125,33,0,334,100,100,0,0,0,0,0,8,0,0,72,0,78,36,0,0,2808,226,0,12,0,932,112,0,24,0,397,1,0,38,0,272,0,0,9,0,0,179,36,64,0,0,30,19,7,0,0,7,7,0,0
5,5,2,43,2,14,3,0.993147,0.994947,0.995276,33,0,334,100,100,0,0,0,10,8,0,-2,0,72,0,53,27,0,0,2808,253,0,9,0,932,107,0,18,0,397,1,0,30,0,272,0,0,0,0,0,159,0,49,0,0,25,15,5,0,0,5,5,0,0
5,5,3,49,2,14,3,0.996495,0.985612,1.005285,36,0,334,100,100,0,0,0,-2,0,-2,0,0,72,0,57,30,0,0,2808,245,0,10,0,932,105,0,20,0,397,0,0,36,0,272,0,0,0,0,0,170,0,58,0,0,31,18,6,0,0,6,6,0,0
5,6,0,52,6,12,3,1.004595,0.985414,1.007287,43,0,334,100,100,0,0,0,0,2,10,-8,0,72,0,88,36,0,0,3104,249,0,12,0,953,133,0,24,0,480,1,0,12,0,200,0,0,18,0,0,183,72,32,0,0,27,6,4,0,0,4,4,0,0
5,6,1,44,6,12,3,1.000303,0.9784,1.006517,38,0,334,100,100,0,0,0,2,0,4,-6,0,72,0,72,27,0,0,3104,169,0,9,0,953,121,0,18,0,480,1,0,14,0,200,0,0,21,0,0,251,84,29,0,0,34,7,3,0,0,3,3,0,0
5,6,2,43,6,12,3,1.000687,0.990867,0.995315,35,0,334,100,100,0,0,0,10,4,0,-6,0,72,0,53,24,0,0,3104,202,0,8,0,953,115,0,16,0,480,0,0,16,0,200,0,0,9,0,0,182,36,30,0,0,30,8,3,0,0,3,3,0,0
5,6,3,46,6,12,3,0.998391,0.987771,1.003812,39,0,334,100,100,0,0,0,-8,-6,-6,0,0,72,0,58,27,0,0,3104,187,0,9,0,953,114,0,18,0,480,1,0,16,0,200,0,0,15,0,0,214,60,33,0,0,35,8,4,0,0,4,4,0,0
5,7,0,53,6,2,0,1.006263,0.985766,1.007349,47,0,334,100,100,0,0,0,0,2,12,-6,0,68,3,94,42,0,0,2896,183,0,14,0,968,147,0,28,0,451,0,0,20,0,240,0,0,7,0,68,171,28,40,0,0,34,10,3,0,0,3,3,0,0
5,7,1,46,6,2,0,1.002051,0.979871,1.008155,41,0,334,100,100,0,0,0,2,0,6,-4,0,68,3,75,27,0,0,2896,212,0,9,0,968,130,0,18,0,451,0,0,32,0,240,0,0,8,0,68,238,32,45,0,0,48,16,2,0,0,2,2,0,0
5,7,2,42,6,2,0,1.002437,0.989732,0.992824,36,0,334,100,100,0,0,0,12,6,0,-6,0,68,3,45,21,0,0,2896,264,0,7,0,968,122,0,14,0,451,0,0,18,0,240,0,0,5,0,68,171,20,31,0,0,36,9,3,0,0,3,3,0,0
5,7,3,48,6,2,0,1.001541,0.98747,1.005607,43,0,334,100,100,0,0,0,-6,-4,-6,0,0,68,3,54,27,0,0,2896,228,0,9,0,968,123,0,18,0,451,1,0,22,0,240,0,0,12,0,68,227,48,35,0,0,44,11,2,0,0,2,2,0,0
5,8,0,52,3,6,1,1.001608,0.989908,1.006569,50,0,334,100,100,0,0,0,0,2,14,-10,0,68,7,93,36,0,0,3000,214,0,12,0,965,159,0,24,0,415,1,0,28,0,272,0,0,0,0,68,131,0,40,0,0,48,14,0,0,0,0,0,0,0
5,8,1,46,3,6,1,1.00561,0.980444,1.011809,42,0,334,100,100,0,0,0,2,0,8,-4,0,68,7,70,27,0,0,3000,253,0,9,0,965,139,0,18,0,415,0,0,40,0,272,0,0,0,0,68,185,0,53,0,0,66,20,2,0,0,2,2,0,0
5,8,2,41,3,6,1,1.003457,0.990785,0.994911,38,0,334,100,100,0,0,0,14,8,0,-8,0,68,7,41,24,0,0,3000,214,0,8,0,965,130,0,16,0,415,0,0,24,0,272,0,0,0,0,68,135,0,36,0,0,46,12,2,0,0,2,2,0,0
5,8,3,47,3,6,1,1.001829,0.987295,1.007568,44,0,334,100,100,0,0,0,-10,-4,-8,0,0,68,7,48,24,0,0,3000,172,0,8,0,965,131,0,16,0,415,1,0,36,0,272,0,0,0,0,68,179,0,48,0,0,60,18,2,0,0,2,2,0,0
5,9,0,53,4,4,0,1.002514,0.989267,1.00663,50,0,334,100,100,0,0,0,0,4,16,-8,0,64,2,98,39,0,0,2992,253,0,13,0,971,172,0,26,0,474,1,0,16,0,242,0,0,7,0,0,145,28,31,0,0,55,8,1,0,0,1,1,0,0
5,9,1,44,4,4,0,1.00795,0.979891,1.014833,42,0,334,100,100,0,0,0,4,0,10,-2,0,64,2,69,30,0,0,2992,197,0,10,0,971,149,0,20,0,474,1,0,20,0,242,0,0,10,0,0,210,40,32,0,0,75,10,1,0,0,1,1,0,0
5,9,2,41,4,4,0,1.004741,0.992769,0.993857,39,0,334,100,100,0,0,0,16,10,0,-6,0,64,2,39,24,0,0,2992,165,0,8,0,971,138,0,16,0,474,0,0,10,0,242,0,0,5,0,0,152,20,20,0,0,50,5,1,0,0,1,1,0,0
5,9,3,48,4,4,0,1.00114,0.987392,1.008945,46,0,334,100,100,0,0,0,-8,-2,-6,0,0,64,2,38,24,0,0,2992,221,0,8,0,971,139,0,16,0,474,1,0,20,0,242,0,0,8,0,0,198,32,30,0,0,69,10,1,0,0,1,1,0,0
5,10,0,53,1,5,0,1.002514,0.989267,1.00663,51,0,334,100,100,0,0,0,0,6,18,-4,0,64,3,102,42,0,0,3000,186,0,14,0,968,186,0,28,0,533,1,0,2,0,167,0,0,24,0,0,240,96,18,0,0,55,1,1,0,0,1,1,0,0
5,10,1,42,1,5,0,1.006176,0.97962,1.016044,41,0,334,100,100,0,0,0,6,0,12,2,0,64,3,69,30,0,0,3000,239,0,10,0,968,159,0,20,0,533,0,0,6,0,167,8,0,19,0,0,282,76,18,0,0,77,3,1,0,0,1,1,0,0
5,10,2,42,1,5,0,1.006896,0.992707,0.994356,40,0,334,100,100,0,0,0,18,12,0,-4,0,64,3,36,24,0,0,3000,220,0,8,0,968,146,0,16,0,533,0,0,2,0,167,0,0,24,0,0,253,96,12,0,0,50,1,1,0,0,1,1,0,0
5,10,3,45,1,5,0,1.000952,0.988819,1.004625,44,1,459,100,100,0,0,0,-4,2,-4,0,0,64,3,32,21,0,0,3000,166,0,7,0,968,146,0,14,0,533,1,0,2,0,167,4,0,26,0,0,291,104,28,0,0,52,1,18,0,0,1,1,0,0
5,11,0,54,2,8,0,1.001507,0.98645,1.006638,52,0,334,100,100,0,0,0,0,6,20,0,1,60,2,104,42,0,0,3019,223,0,14,0,971,200,0,28,0,436,0,0,22,0,269,0,0,1,0,0,223,4,38,0,0,65,11,1,0,0,1,1,0,0
5,11,1,41,2,8,0,1.006873,0.980344,1.015328,41,1,459,100,100,0,0,0,6,0,14,4,0,60,2,66,30,0,0,3019,187,0,10,0,971,169,0,20,0,436,1,0,32,0,269,0,0,8,0,0,271,32,59,0,0,76,16,17,0,0,0,0,0,0
5,11,2,41,2,8,0,1.011922,0.991125,0.99504,39,0,334,100,100,0,0,0,20,14,0,-2,1,60,2,38,24,0,0,3019,170,0,8,0,971,154,0,16,0,436,1,0,26,0,269,0,0,2,0,0,240,8,36,0,0,62,13,1,0,0,1,1,0,0
5,11,3,40,2,8,0,1.000679,0.989954,1.001744,40,1,459,100,100,0,0,0,0,4,-2,0,0,60,2,26,21,0,0,3019,183,0,7,0,971,153,0,14,0,436,0,0,28,0,269,0,0,4,0,0,289,16,35,0,0,66,14,0,0,0,0,0,0,0
5,12,0,54,1,16,0,1.001681,0.988464,1.010218,52,0,334,100,100,0,0,0,0,6,20,4,1,60,6,102,45,0,0,2952,154,0,15,0,968,215,0,30,0,430,1,0,26,0,272,0,0,0,0,68,180,0,43,0,0,77,13,1,0,0,1,1,0,0
5,12,1,39,1,16,0,1.008921,0.981385,1.020347,39,1,459,100,100,0,0,0,6,0,16,6,0,60,6,67,30,0,0,2952,224,0,10,0,968,179,0,20,0,430,0,0,32,0,272,0,0,0,0,68,229,0,42,0,0,92,16,0,0,0,0,0,0,0
5,12,2,36,1,16,0,1.010679,0.993953,0.994924,35,0,334,100,100,0,0,0,20,16,0,-2,1,60,6,39,27,0,0,2952,208,0,9,0,968,163,0,18,0,430,1,0,14,0,272,0,0,0,0,68,215,0,25,0,0,68,7,1,0,0,1,1,0,0
5,12,3,32,1,16,0,1.004598,0.993542,1.007803,32,1,459,100,100,0,0,0,4,6,-2,0,0,60,6,26,18,0,0,2952,209,0,6,0,968,159,0,12,0,430,1,0,20,0,272,0,0,0,0,68,263,0,26,0,0,76,10,0,0,0,0,0,0,0
5,13,0,53,0,8,0,1.000854,0.989583,1.010492,52,0,334,100,100,0,0,0,0,8,-8,-8,0,56,2,106,45,0,0,3096,181,0,15,0,968,230,0,30,0,502,1,0,12,0,272,0,0,0,0,0,168,0,29,0,0,82,6,1,0,0,1,1,0,0
5,13,1,38,0,8,0,1.012064,0.981594,1.020995,38,1,459,100,100,0,0,0,8,0,-8,-8,0,56,2,68,30,0,0,3096,175,0,10,0,968,189,0,20,0,502,1,0,14,0,272,0,0,0,0,0,221,0,24,0,0,99,7,0,0,0,0,0,0,0
5,13,2,33,0,8,0,1.008501,0.993835,0.996805,33,0,334,100,100,0,0,0,-8,-8,0,6,0,56,2,41,24,0,0,3096,164,0,8,0,968,171,0,16,0,502,1,0,6,0,272,0,0,0,0,0,216,0,14,0,0,71,3,0,0,0,0,0,0,0
5,13,3,29,0,8,0,1.008668,0.992492,1.005315,29,1,459,100,100,0,0,0,-8,-8,6,0,0,56,2,31,18,0,0,3096,171,0,6,0,968,165,0,12,0,502,0,0,10,0,272,0,0,0,0,0,264,0,16,0,0,81,5,0,0,0,0,0,0,0
5,14,0,50,1,3,0,0.999033,0.986957,1.013913,50,0,334,100,100,0,0,0,0,10,-14,-14,0,56,1,111,45,0,0,2872,209,0,15,0,971,245,0,30,0,474,0,0,20,0,253,0,0,4,0,0,163,16,35,0,0,92,10,0,0,0,0,0,0,0
5,14,1,38,1,3,0,1.012064,0.981594,1.020995,38,1,459,100,100,0,0,0,10,0,-14,-12,0,56,1,74,30,0,0,2872,207,0,10,0,971,199,0,20,0,474,1,0,22,0,253,0,0,7,0,0,234,28,32,0,0,110,11,0,0,0,0,0,0,0
5,14,2,33,1,3,0,1.008501,0.993835,0.996805,33,0,334,100,100,0,0,0,-14,-14,0,16,0,56,1,46,24,0,0,2872,211,0,8,0,971,179,0,16,0,474,0,0,14,0,253,0,0,5,0,0,231,20,22,0,0,78,7,0,0,0,0,0,0,0
5,14,3,30,1,3,0,1.010864,0.99025,1.007623,29,1,459,100,100,0,0,0,-14,-12,16,0,0,56,1,34,18,0,0,2872,200,0,6,0,971,171,0,12,0,474,0,0,16,0,253,0,0,3,0,0,271,12,22,0,0,89,8,0,0,0,0,0,0,0
5,15,0,51,2,0,0,0.999192,0.988344,1.014751,50,0,334,100,100,0,0,0,0,10,-20,-20,0,52,6,116,45,0,0,3104,240,0,15,0,971,260,0,30,0,504,0,0,14,0,224,0,0,12,0,0,199,48,29,0,0,99,7,0,0,0,0,0,0,0
5,15,1,38,2,0,0,1.012064,0.981594,1.020995,38,1,459,100,100,0,0,0,10,0,-20,-16,0,52,6,78,30,0,0,3104,159,0,10,0,971,209,0,20,0,504,0,0,10,0,224,4,0,17,0,0,299,68,20,0,0,115,5,0,0,0,0,0,0,0
5,15,2,34,2,0,0,1.00825,0.993477,0.997744,33,0,334,100,100,0,0,0,-20,-20,0,24,1,52,6,49,24,0,0,3104,170,0,8,0,971,187,0,16,0,504,1,0,8,0,224,0,0,6,0,0,256,24,16,0,0,82,4,0,0,0,0,0,0,0
5,15,3,30,2,0,0,1.010864,0.99025,1.007623,29,1,459,100,100,0,0,0,-20,-16,24,0,1,52,6,34,18,0,0,3104,164,0,6,0,971,177,0,12,0,504,0,0,8,0,224,0,0,9,0,0,308,36,16,0,0,92,4,1,0,0,1,1,0,0
5,16,0,49,1,13,0,1.001552,0.995145,1.017438,47,0,334,89.069517,86.069517,10,1,1,0,0,-44,-64,0,52,0,120,42,0,0,2968,175,0,14,0,974,274,0,28,0,448,0,0,30,0,272,0,0,0,0,0,168,0,48,0,0,112,15,2,0,0,1,1,0,0
5,16,1,33,1,13,0,1.016402,0.981901,1.023776,33,1,459,100,100,10,1,1,0,0,-54,-32,0,52,0,82,30,0,0,2968,183,0,10,0,974,219,0,20,0,448,1,0,26,0,272,0,0,4,0,0,291,16,36,0,0,128,13,0,0,0,0,0,0,0
5,16,2,31,1,13,0,1.01131,0.9908,1.002882,30,0,334,62.998798,59.998798,10,1,1,-44,-54,0,53,1,52,0,54,24,0,0,2968,216,0,8,0,974,195,0,16,0,448,0,0,16,0,272,0,0,0,0,0,242,0,28,0,0,88,8,2,0,0,1,1,0,0
5,16,3,28,1,13,0,1.012394,0.986872,1.009178,28,1,459,64.229123,61.229123,10,1,1,-64,-32,53,0,1,52,0,34,18,0,0,2968,200,0,6,0,974,180,0,12,0,448,1,0,20,0,272,0,0,0,0,0,295,0,28,0,0,101,10,1,0,0,0,0,0,0
5,17,0,44,1,10,0,1.000612,0.995159,1.021826,42,1,459,81.817863,78.817863,17,2,1,0,-4,-82,-86,0,48,3,114,30,0,0,3072,188,0,10,0,977,284,0,20,0,448,1,0,32,0,272,0,0,0,0,0,122,0,63,0,0,109,16,19,0,0,1,1,0,0
5,17,1,32,1,10,0,1.019183,0.983488,1.02376,32,1,459,100,100,17,2,1,-4,0,-76,-46,0,48,3,88,30,0,0,3072,196,0,10,0,977,229,0,20,0,448,2,0,26,0,272,0,0,0,0,0,267,0,36,0,0,141,13,0,0,0,0,0,0,0
5,17,2,29,1,10,0,1.014331,0.993526,1.003376,29,0,334,3,0,17,2,1,-82,-76,0,79,1,48,3,42,24,0,0,3072,177,0,8,0,977,203,0,16,0,448,1,0,14,0,272,0,0,0,0,0,240,0,24,0,0,94,7,1,0,0,0,0,0,0
5,17,3,27,1,10,0,1.015176,0.986644,1.00977,27,1,459,67.229123,64.229123,17,2,1,-86,-46,79,0,1,48,3,30,18,0,0,3072,166,0,6,0,977,183,0,12,0,448,0,0,22,0,272,0,0,0,0,0,282,0,30,0,0,111,11,1,0,0,0,0,0,0
5,18,0,37,1,23,0,1.001625,0.993238,1.019803,36,1,459,73.894369,70.894369,23,3,1,0,-6,-100,-100,0,48,8,114,33,0,0,2944,197,0,11,0,992,295,0,22,0,456,1,0,12,0,272,0,0,0,0,2,112,0,27,0,0,113,6,2,0,0,1,1,0,0
5,18,1,24,1,23,0,1.019946,0.983447,1.022932,24,1,459,100,100,23,3,1,-6,0,-94,-64,0,48,8,91,27,0,0,2944,203,0,9,0,992,238,0,18,0,456,1,0,16,0,272,0,0,0,0,2,254,0,25,0,0,149,8,0,0,0,0,0,0,0
5,18,2,22,1,23,0,1.014908,0.995509,0.998918,22,0,334,3,0,23,3,1,-100,-94,0,100,1,48,8,30,18,0,0,2944,214,0,6,0,992,209,0,12,0,456,1,0,6,0,272,0,0,0,0,2,240,0,14,0,0,96,3,1,0,0,0,0,0,0
5,18,3,27,1,23,0,1.014575,0.989874,1.008639,26,1,459,41.966736,38.966736,23,3,1,-100,-64,100,0,1,48,8,28,15,0,0,2944,198,0,5,0,992,185,0,10,0,456,1,0,18,0,272,0,0,0,0,2,274,0,25,0,0,119,9,1,0,0,0,0,0,0
5,19,0,36,2,7,0,1.005238,0.995398,1.018805,36,1,459,76.894369,73.894369,29,4,1,0,-10,-100,-100,0,44,3,126,33,0,0,3144,205,0,11,0,1001,306,0,22,0,544,1,0,0,0,224,0,0,12,0,67,147,48,13,0,0,115,0,1,0,0,0,0,0,0
5,19,1,23,2,7,0,1.023825,0.985853,1.018907,22,1,459,94.808665,91.808665,29,4,1,-10,0,-100,-82,0,44,3,105,27,0,0,3144,170,0,9,0,1001,247,0,18,0,544,1,0,0,0,224,3,0,9,0,67,279,36,11,0,0,148,0,1,0,0,0,0,0,0
5,19,2,21,2,7,0,1.016685,0.997679,0.996703,21,0,334,3,0,29,4,1,-100,-100,0,100,1,44,3,28,18,0,0,3144,186,0,6,0,1001,212,0,12,0,544,1,0,0,0,224,0,0,6,0,67,256,24,8,0,0,84,0,1,0,0,0,0,0,0
5,19,3,25,2,7,0,1.018866,0.982588,1.011639,24,1,459,30.319158,27.319158,29,4,1,-100,-82,100,0,1,44,3,22,12,0,0,3144,167,0,4,0,1001,189,0,8,0,544,1,0,0,0,224,4,0,14,0,67,324,56,6,0,0,118,0,1,0,0,0,0,0,0
5,20,0,35,2,7,0,1.002715,0.993205,1.020397,35,1,459,79.894369,76.894369,34,6,1,0,-2,-100,-100,0,44,3,130,30,0,0,3048,159,0,10,0,1001,316,0,20,0,506,0,0,6,0,272,0,0,0,0,2,153,0,18,0,0,129,3,1,0,0,0,0,0,0
5,20,1,21,2,7,0,1.021122,0.987071,1.018365,21,1,459,72.120493,69.120493,34,6,1,-2,0,-100,-100,0,44,3,117,27,0,0,3048,170,0,9,0,1001,256,0,18,0,506,0,0,10,0,272,0,0,3,0,2,282,12,21,0,0,152,5,1,0,0,0,0,0,0
5,20,2,19,2,7,0,1.015505,1.001082,0.996849,19,0,334,3,0,34,6,1,-100,-100,0,100,1,44,3,22,15,0,0,3048,216,0,5,0,1001,217,0,10,0,506,1,0,6,0,272,0,0,0,0,2,255,0,13,0,0,74,3,1,0,0,0,0,0,0
5,20,3,25,2,7,0,1.028438,0.984041,1.013509,22,1,459,33.319158,30.319158,34,6,1,-100,-100,100,0,1,44,3,24,12,0,0,3048,194,0,4,0,1001,193,0,8,0,506,1,0,18,0,272,0,0,4,0,2,329,16,26,0,0,125,9,2,0,0,1,1,0,0
5,21,0,33,0,10,0,1.005279,0.989849,1.025568,33,1,459,65.007117,62.007117,37,7,1,0,2,-100,-100,0,40,6,138,30,0,0,3120,162,0,10,0,1004,326,0,20,0,514,1,0,2,0,266,0,0,3,0,0,173,12,14,0,0,140,1,1,0,0,0,0,0,0
5,21,1,16,0,10,0,1.016208,0.992975,1.019887,16,1,459,75.120493,72.120493,37,7,1,2,0,-100,-100,0,40,6,125,24,0,0,3120,173,0,8,0,1004,264,0,16,0,514,1,0,2,0,266,0,0,0,0,0,274,0,12,0,0,152,1,1,0,0,0,0,0,0
5,21,2,18,0,10,0,1.017614,1.00168,0.992612,18,0,334,3,0,37,7,1,-100,-100,0,100,1,40,6,21,15,0,0,3120,192,0,5,0,1004,222,0,10,0,514,0,0,4,0,266,0,0,0,0,0,261,0,11,0,0,64,2,1,0,0,0,0,0,0
5,21,3,23,0,10,0,1.028047,0.984405,1.020624,21,1,459,36.319158,33.319158,37,7,1,-100,-100,100,0,1,40,6,21,15,0,0,3120,164,0,5,0,1004,195,0,10,0,514,0,0,16,0,266,0,0,0,0,0,323,0,25,0,0,131,8,2,0,0,1,1,0,0
5,22,0,32,0,7,0,1.006144,0.991096,1.024947,32,1,459,68.007117,65.007117,39,7,1,0,-2,-100,-100,0,40,8,142,30,0,0,3072,167,0,10,0,1013,336,0,20,0,544,1,0,0,0,241,0,0,4,0,19,194,16,12,0,0,139,0,1,0,0,0,0,0,0
5,22,1,15,0,7,0,1.012851,0.994009,1.016977,15,1,459,78.120493,75.120493,39,7,1,-2,0,-100,-100,0,40,8,141,24,0,0,3072,173,0,8,0,1013,272,0,16,0,544,1,0,0,0,241,0,0,3,0,19,282,12,10,0,0,151,0,1,0,0,0,0,0,0
5,22,2,17,0,7,0,1.018872,0.996147,0.993883,17,1,459,3,0,39,7,1,-100,-100,0,100,1,40,8,23,15,0,0,3072,169,0,5,0,1013,224,0,10,0,544,0,0,0,0,241,0,0,6,0,19,278,24,24,0,0,38,0,18,0,0,0,0,0,0
5,22,3,19,0,7,0,1.02722,0.986686,1.025612,19,1,459,26.653063,23.653063,39,7,1,-100,-100,100,0,1,40,8,20,9,0,0,3072,194,0,3,0,1013,198,0,6,0,544,0,0,0,0,241,8,0,10,0,19,367,40,5,0,0,130,0,1,0,0,0,0,0,0
5,23,0,31,0,9,0,1.004743,0.99223,1.025435,31,1,459,71.007117,68.007117,42,8,1,0,0,-100,-100,0,36,7,146,27,0,0,3096,166,0,9,0,1016,345,0,18,0,523,0,0,4,0,272,0,0,0,0,54,182,0,15,0,0,148,2,1,0,0,0,0,0,0
5,23,1,13,0,9,0,1.010691,0.991129,1.01453,13,1,459,65.584208,62.584208,42,8,1,0,0,-100,-100,0,36,7,158,24,0,0,3096,158,0,8,0,1016,280,0,16,0,523,0,0,4,0,272,0,0,0,0,54,271,0,14,0,0,152,2,1,0,0,0,0,0,0
5,23,2,14,0,9,0,1.026425,1.004126,1.011979,14,1,459,3,0,42,8,1,-100,-100,0,100,1,36,7,24,12,0,0,3096,188,0,4,0,1016,228,0,8,0,523,1,0,2,0,272,0,0,0,0,54,270,0,8,0,0,22,1,1,0,0,0,0,0,0
5,23,3,16,0,9,0,1.028774,0.983181,1.019258,16,2,584,29.653063,26.653063,42,8,1,-100,-100,100,0,1,36,7,7,3,0,0,3096,174,0,1,0,1016,199,0,2,0,523,0,0,12,0,272,0,0,8,0,54,375,32,32,0,0,118,6,18,0,0,0,0,0,0
5,24,0,20,2,21,0,1.001489,0.992134,1.029846,20,1,459,58.605306,55.605306,45,9,1,0,2,-100,-100,0,36,4,147,24,0,0,3136,167,0,8,0,1022,353,0,16,0,528,0,0,2,0,272,0,0,0,0,25,175,0,12,0,0,156,1,1,0,0,0,0,0,0
5,24,1,12,2,21,0,1.02605,0.99574,1.016069,11,1,459,68.584208,65.584208,45,9,1,2,0,-100,-100,0,36,4,175,21,0,0,3136,138,0,7,0,1022,287,0,14,0,528,1,0,2,0,272,0,0,0,0,25,266,0,11,0,0,152,1,1,0,0,0,0,0,0
5,24,2,13,2,21,0,1.028473,1.015011,1.013114,12,1,459,3,0,45,9,1,-100,-100,0,100,1,36,4,27,12,0,0,3136,170,0,4,0,1022,232,0,8,0,528,0,0,4,0,272,0,0,0,0,25,277,0,10,0,0,7,2,1,0,0,0,0,0,0
5,24,3,10,2,21,0,1.027331,0.980735,1.03306,10,2,584,32.653063,29.653063,45,9,1,-100,-100,100,0,1,36,4,2,0,0,0,3136,182,0,0,0,1022,199,0,0,0,528,0,0,8,0,272,0,0,0,0,25,368,0,10,0,0,121,4,1,0,0,0,0,0,0
5,25,0,19,0,11,0,1.002258,0.992248,1.033856,19,1,459,43.577968,40.577968,50,10,1,0,0,-100,-100,0,32,4,157,24,0,0,3136,171,0,8,0,1034,361,0,16,0,542,1,0,0,0,263,0,0,6,0,54,192,24,10,0,0,159,0,1,0,0,0,0,0,0
5,25,1,10,0,11,0,1.034071,0.995123,1.025983,9,1,459,71.584208,68.584208,50,10,1,0,0,-100,-100,0,32,4,188,18,0,0,3136,120,0,6,0,1034,293,0,12,0,542,1,0,0,0,263,0,0,3,0,54,268,12,10,0,0,150,0,2,0,0,1,1,0,0
5,25,2,8,0,11,0,1.034013,0.996566,1.009003,8,1,459,0,0,50,10,1,-100,-100,0,100,1,32,4,26,9,0,0,3136,186,0,3,0,1034,235,0,6,0,542,0,0,0,0,263,0,0,0,0,54,271,0,3,0,0,0,0,0,0,0,0,0,0,0
5,25,3,7,0,11,0,1.039813,0.952627,1.058522,7,2,584,5.953485,2.953485,50,10,1,-100,-100,100,0,1,32,4,2,0,0,0,3136,172,0,0,0,1034,199,0,0,0,542,1,0,0,0,263,0,0,0,0,54,380,0,2,0,0,120,0,1,0,0,0,0,0,0
5,26,0,16,1,10,0,1.005713,0.985476,1.036773,15,1,459,46.577968,43.577968,52,10,1,0,-2,-100,-100,0,32,5,161,15,0,0,3174,171,0,5,0,1043,366,0,10,0,542,0,0,2,0,268,0,0,2,0,30,216,8,9,0,0,159,1,1,0,0,0,0,0,0
5,26,1,9,1,10,0,1.022704,0.991975,1.024645,9,1,459,74.584208,71.584208,52,10,1,-2,0,-100,-100,0,32,5,198,15,0,0,3174,105,0,5,0,1043,298,0,10,0,542,1,0,0,0,268,0,0,0,0,30,267,0,7,0,0,149,0,1,0,0,0,0,0,0
5,26,2,6,1,10,0,1.012209,1.015942,1.007071,6,1,459,0,0,52,10,1,-100,-100,0,100,1,32,5,29,9,0,0,3174,175,0,3,0,1043,232,0,6,0,542,0,0,0,0,268,0,0,0,0,30,260,0,3,0,0,0,0,0,0,0,0,0,0,0
5,26,3,4,1,10,0,1.03564,0.958961,1.048679,4,2,584,8.953485,5.953485,52,10,1,-100,-100,100,0,1,32,5,2,0,0,0,3174,165,0,0,0,1043,199,0,0,0,542,0,0,2,0,268,0,0,2,0,30,387,8,4,0,0,120,1,1,0,0,0,0,0,0
5,27,0,12,0,9,0,1.010209,1.00418,1.036299,12,1,459,49.577968,46.577968,54,10,1,0,-6,-100,-100,0,28,12,163,15,0,0,3176,174,0,5,0,1055,371,0,10,0,538,1,0,2,0,266,0,0,3,0,34,225,12,9,0,0,159,1,1,0,0,0,0,0,0
5,27,1,8,0,9,0,1.019068,0.982043,1.025821,8,1,459,77.584208,74.584208,54,10,1,-6,0,-100,-100,0,28,12,209,15,0,0,3176,91,0,5,0,1055,303,0,10,0,538,1,0,0,0,266,0,0,0,0,34,266,0,7,0,0,148,0,1,0,0,0,0,0,0
5,27,2,4,0,9,0,1.014497,1.004118,0.992307,4,1,459,0,0,54,10,1,-100,-100,0,100,1,28,12,30,3,0,0,3176,168,0,1,0,1055,233,0,2,0,538,0,0,0,0,266,1,0,2,0,34,283,8,1,0,0,0,0,0,0,0,0,0,0,0
5,27,3,2,0,9,0,1.058177,0.948981,1.077258,2,2,584,3,0,54,10,1,-100,-100,100,0,1,28,12,0,0,0,0,3176,161,0,0,0,1055,199,0,0,0,538,3,0,0,0,266,0,0,0,0,34,385,0,2,0,0,103,0,1,0,0,0,0,0,0
5,28,0,10,0,4,0,1.021152,1.005177,1.038679,10,1,459,35.015438,32.015438,58,10,0,0,-4,-100,-100,0,28,15,170,15,0,0,3184,165,0,5,0,1055,376,0,10,0,535,1,0,6,0,272,0,0,0,0,56,218,0,13,0,0,161,3,1,0,0,0,0,0,0
5,28,1,8,0,4,0,1.019068,0.982043,1.025821,8,1,459,60.780739,57.780739,58,10,0,-4,0,-100,-100,0,28,15,222,15,0,0,3184,78,0,5,0,1055,308,0,10,0,535,1,0,0,0,272,0,0,0,0,56,265,0,7,0,0,147,0,1,0,0,0,0,0,0
5,28,2,2,0,4,0,1.010446,1.000908,0.982458,2,1,459,0,0,58,10,0,-100,-100,0,100,1,28,15,30,3,0,0,3184,171,0,1,0,1055,234,0,2,0,535,0,0,0,0,272,0,0,1,0,56,286,4,1,0,0,0,0,0,0,0,0,0,0,0
5,28,3,2,0,4,0,1.058177,0.948981,1.077258,2,2,584,3,0,58,10,0,-100,-100,100,0,1,28,15,0,0,0,0,3184,159,0,0,0,1055,199,0,0,0,535,6,0,0,0,272,0,0,0,0,56,383,0,2,0,0,86,0,1,0,0,0,0,0,0
5,29,0,9,0,3,0,1.022462,1.001643,1.047394,9,1,459,38.015438,35.015438,60,10,0,0,-3,-100,-100,0,24,7,182,15,0,0,3200,150,0,5,0,1055,381,0,10,0,538,0,0,4,0,272,0,0,0,0,56,213,0,11,0,0,162,2,1,0,0,0,0,0,0
5,29,1,8,0,3,0,1.019068,0.982043,1.025821,8,1,459,42.615744,39.615744,60,10,0,-3,0,-100,-100,0,24,7,236,15,0,0,3200,65,0,5,0,1055,313,0,10,0,538,1,0,0,0,272,0,0,0,0,56,264,0,7,0,0,146,0,1,0,0,0,0,0,0
5,29,2,1,0,3,0,1.069928,0.943567,1.002577,1,1,459,0,0,60,10,0,-100,-100,0,98,1,24,7,33,3,0,0,3200,168,0,1,0,1055,235,0,2,0,538,0,0,0,0,272,0,0,0,0,56,285,0,1,0,0,0,0,0,0,0,0,0,0,0
5,29,3,1,0,3,0,1.014338,0.969212,1.073659,1,2,584,3,0,60,10,0,-100,-100,98,0,1,24,7,0,0,0,0,3200,157,0,0,0,1055,199,0,0,0,538,9,0,0,0,272,0,0,0,0,56,381,0,2,0,0,82,0,1,0,0,0,0,0,0
5,30,0,7,0,2,0,1.024017,0.985399,1.064328,7,1,459,41.015438,38.015438,62,10,0,0,-7,-100,-100,0,24,6,191,15,0,0,3200,136,0,5,0,1055,386,0,10,0,544,0,0,0,0,272,0,0,0,0,56,212,0,7,0,0,161,0,1,0,0,0,0,0,0
5,30,1,8,0,2,0,1.019068,0.982043,1.025821,8,1,459,45.615744,42.615744,62,10,0,-7,0,-100,-100,0,24,6,247,15,0,0,3200,52,0,5,0,1055,318,0,10,0,544,1,0,0,0,272,0,0,0,0,56,263,0,7,0,0,145,0,1,0,0,0,0,0,0
5,30,2,1,0,2,0,1.069928,0.943567,1.002577,1,1,459,0,0,62,10,0,-100,-100,0,100,1,24,6,37,3,0,0,3200,166,0,1,0,1055,236,0,2,0,544,0,0,0,0,272,0,0,0,0,56,273,0,1,0,0,0,0,0,0,0,0,0,0,0
5,30,3,1,0,2,0,1.014338,0.969212,1.073659,1,2,584,6,3,62,10,0,-100,-100,100,0,1,24,6,0,0,0,0,3200,156,0,0,0,1055,199,0,0,0,544,9,0,0,0,272,0,0,0,0,56,379,0,2,0,0,81,0,1,0,0,0,0,0,0
5,31,0,6,0,2,0,1.025234,0.99028,1.057461,6,1,459,44.015438,41.015438,62,10,0,0,-7,-100,-100,0,20,7,199,12,0,0,3200,125,0,4,0,1055,390,0,8,0,542,0,0,0,0,272,0,0,0,0,68,206,0,6,0,0,160,0,1,0,0,0,0,0,0
5,31,1,8,0,2,0,1.019068,0.982043,1.025821,8,1,459,48.615744,45.615744,62,10,0,-7,0,-100,-100,0,20,7,257,15,0,0,3200,39,0,5,0,1055,323,0,10,0,542,1,0,0,0,272,0,0,0,0,68,256,0,7,0,0,144,0,1,0,0,0,0,0,0
5,31,2,1,0,2,0,1.069928,0.943567,1.002577,1,1,459,0,0,62,10,0,-100,-100,0,100,0,20,7,40,3,0,0,3200,164,0,1,0,1055,237,0,2,0,542,0,0,0,0,272,0,0,0,0,68,272,0,1,0,0,0,0,0,0,0,0,0,0,0
5,31,3,0,0,2,0,0,0,0,0,2,584,6,6,62,10,0,-100,-100,100,0,0,20,7,0,0,0,0,3200,155,0,0,0,1055,199,0,0,0,542,9,0,0,0,272,0,0,0,0,68,379,0,0,0,0,81,0,0,0,0,0,0,0,0
5,32,0,6,0,1,0,1.025234,0.99028,1.057461,6,2,584,47.015438,44.015438,63,10,0,0,-7,-100,-100,0,20,10,208,12,0,0,3200,114,0,4,0,1058,394,0,8,0,544,0,0,0,0,272,0,0,0,0,56,189,0,23,0,0,142,0,18,0,0,0,0,0,0
5,32,1,7,0,1,0,1.030749,0.980471,1.030485,7,1,459,51.615744,48.615744,63,10,0,-7,0,-100,-100,0,20,10,266,15,0,0,3200,27,0,5,0,1058,328,0,10,0,544,1,0,0,0,272,0,0,0,0,56,255,0,7,0,0,143,0,1,0,0,0,0,0,0
5,32,2,1,0,1,0,1.069928,0.943567,1.002577,1,1,459,0,0,63,10,0,-100,-100,0,100,0,20,10,43,3,0,0,3200,154,0,1,0,1058,238,0,2,0,544,0,0,0,0,272,0,0,0,0,56,271,0,1,0,0,0,0,0,0,0,0,0,0,0
5,32,3,0,0,1,0,0,0,0,0,2,584,6,6,63,10,0,-100,-100,100,0,0,20,10,0,0,0,0,3200,155,0,0,0,1058,199,0,0,0,544,9,0,0,0,272,0,0,0,0,56,379,0,0,0,0,81,0,0,0,0,0,0,0,0
5,33,0,5,0,1,0,1.027609,0.999069,1.036356,5,2,584,50.015438,47.015438,63,10,0,0,-5,-100,-100,0,20,10,214,9,0,0,3200,104,0,3,0,1058,397,0,6,0,544,0,0,0,0,272,0,0,0,0,65,184,0,5,0,0,141,0,1,0,0,0,0,0,0
5,33,1,7,0,1,0,1.030749,0.980471,1.030485,7,1,459,54.615744,51.615744,63,10,0,-5,0,-100,-100,0,20,10,279,15,0,0,3200,16,0,5,0,1058,333,0,10,0,544,1,0,0,0,272,0,0,0,0,65,251,0,7,0,0,142,0,1,0,0,0,0,0,0
5,33,2,1,0,1,0,1.069928,0.943567,1.002577,1,1,459,0,0,63,10,0,-100,-100,0,100,0,20,10,45,3,0,0,3200,152,0,1,0,1058,239,0,2,0,544,0,0,0,0,272,0,0,0,0,65,270,0,1,0,0,0,0,0,0,0,0,0,0,0
5,33,3,0,0,1,0,0,0,0,0,2,584,6,6,63,10,0,-100,-100,100,0,0,20,10,0,0,0,0,3200,155,0,0,0,1058,199,0,0,0,544,9,0,0,0,272,0,0,0,0,65,379,0,0,0,0,81,0,0,0,0,0,0,0,0
5,34,0,5,0,0,0,1.027609,0.999069,1.036356,5,2,584,53.015438,50.015438,63,10,0,0,-3,-100,-100,0,20,9,224,9,0,0,3200,95,0,3,0,1061,400,0,6,0,544,0,0,0,0,272,0,0,0,0,56,185,0,5,0,0,140,0,1,0,0,0,0,0,0
5,34,1,7,0,0,0,1.030749,0.980471,1.030485,7,1,459,57.615744,54.615744,63,10,0,-3,0,-100,-100,0,20,9,292,15,0,0,3200,5,0,5,0,1061,338,0,10,0,544,1,0,0,0,272,0,0,0,0,56,250,0,7,0,0,141,0,1,0,0,0,0,0,0
5,34,2,1,0,0,0,1.069928,0.943567,1.002577,1,1,459,0,0,63,10,0,-100,-100,0,100,0,20,9,47,3,0,0,3200,150,0,1,0,1061,240,0,2,0,544,0,0,0,0,272,0,0,0,0,56,269,0,1,0,0,0,0,0,0,0,0,0,0,0
5,34,3,0,0,0,0,0,0,0,0,2,584,6,6,63,10,0,-100,-100,100,0,0,20,9,0,0,0,0,3200,155,0,0,0,1061,199,0,0,0,544,9,0,0,0,272,0,0,0,0,56,379,0,0,0,0,81,0,0,0,0,0,0,0,0
5,35,0,5,0,1,0,1.027609,0.999069,1.036356,5,2,584,56.015438,53.015438,63,10,0,0,-1,-100,-100,0,20,10,232,9,0,0,3198,86,0,3,0,1061,403,0,6,0,544,0,0,0,0,272,0,0,0,0,56,186,0,5,0,0,139,0,1,0,0,0,0,0,0
5,35,1,6,0,1,0,1.028674,0.979071,1.032771,6,1,459,60.615744,57.615744,63,10,0,-1,0,-100,-100,0,20,10,288,0,0,0,3198,1,0,0,0,1061,350,0,0,0,544,1,0,0,0,272,0,0,0,0,56,254,0,2,0,0,140,0,1,0,0,0,0,0,0
5,35,2,1,0,1,0,1.069928,0.943567,1.002577,1,1,459,0,0,63,10,0,-100,-100,0,100,0,20,10,51,3,0,0,3198,148,0,1,0,1061,241,0,2,0,544,0,0,0,0,272,0,0,0,0,56,268,0,1,0,0,0,0,0,0,0,0,0,0,0
5,35,3,0,0,1,0,0,0,0,0,2,584,6,6,63,10,0,-100,-100,100,0,0,20,10,0,0,0,0,3198,155,0,0,0,1061,199,0,0,0,544,9,0,0,0,272,0,0,0,0,56,379,0,0,0,0,81,0,0,0,0,0,0,0,0
5,36,0,5,0,0,0,1.027609,0.999069,1.036356,5,2,584,59.015438,56.015438,63,10,0,0,1,-100,-100,0,20,10,241,9,0,0,3195,77,0,3,0,1064,406,0,6,0,544,0,0,0,0,272,0,0,0,0,56,187,0,5,0,0,138,0,1,0,0,0,0,0,0
5,36,1,6,0,0,0,1.028674,0.979071,1.032771,6,1,459,63.615744,60.615744,63,10,0,1,0,-100,-100,0,20,10,286,0,0,0,3195,1,0,0,0,1064,362,0,0,0,544,1,0,0,0,272,0,0,0,0,56,258,0,2,0,0,139,0,1,0,0,0,0,0,0
5,36,2,1,0,0,0,1.069928,0.943567,1.002577,1,1,459,0,0,63,10,0,-100,-100,0,100,0,20,10,54,3,0,0,3195,146,0,1,0,1064,242,0,2,0,544,0,0,0,0,272,0,0,0,0,56,267,0,1,0,0,0,0,0,0,0,0,0,0,0
5,36,3,0,0,0,0,0,0,0,0,2,584,6,6,63,10,0,-100,-100,100,0,0,20,10,0,0,0,0,3195,155,0,0,0,1064,199,0,0,0,544,9,0,0,0,272,0,0,0,0,56,379,0,0,0,0,81,0,0,0,0,0,0,0,0
5,37,0,5,0,0,0,1.027609,0.999069,1.036356,5,2,584,62.015438,59.015438,63,10,0,0,3,-100,-100,0,20,8,248,9,0,0,3195,68,0,3,0,1064,409,0,6,0,544,0,0,0,0,272,0,0,0,0,56,188,0,5,0,0,137,0,1,0,0,0,0,0,0
5,37,1,6,0,0,0,1.028674,0.979071,1.032771,6,1,459,66.615744,63.615744,63,10,0,3,0,-100,-100,0,20,8,284,0,0,0,3195,1,0,0,0,1064,374,0,0,0,544,1,0,0,0,272,0,0,0,0,56,262,0,2,0,0,138,0,1,0,0,0,0,0,0
5,37,2,1,0,0,0,1.069928,0.943567,1.002577,1,1,459,0,0,63,10,0,-100,-100,0,100,0,20,8,57,3,0,0,3195,144,0,1,0,1064,243,0,2,0,544,0,0,0,0,272,0,0,0,0,56,266,0,1,0,0,0,0,0,0,0,0,0,0,0
5,37,3,0,0,0,0,0,0,0,0,2,584,6,6,63,10,0,-100,-100,100,0,0,20,8,0,0,0,0,3195,155,0,0,0,1064,199,0,0,0,544,9,0,0,0,272,0,0,0,0,56,379,0,0,0,0,81,0,0,0,0,0,0,0,0
5,38,0,4,0,2,0,1.038846,1.004003,1.045266,4,2,584,65.015438,62.015438,63,10,0,0,3,-100,-100,0,20,7,256,9,0,0,3195,60,0,3,0,1064,412,0,6,0,544,0,0,0,0,272,0,0,0,0,56,186,0,5,0,0,136,0,1,0,0,0,0,0,0
5,38,1,5,0,2,0,1.032668,0.9709,1.028183,5,1,459,69.615744,66.615744,63,10,0,3,0,-100,-100,0,20,7,279,0,0,0,3195,0,0,0,0,1064,386,0,0,0,544,1,0,0,0,272,0,0,0,0,56,263,0,2,0,0,137,0,1,0,0,0,0,0,0
5,38,2,1,0,2,0,1.069928,0.943567,1.002577,1,1,459,0,0,63,10,0,-100,-100,0,100,0,20,7,61,3,0,0,3195,142,0,1,0,1064,244,0,2,0,544,0,0,0,0,272,0,0,0,0,56,265,0,1,0,0,0,0,0,0,0,0,0,0,0
5,38,3,0,0,2,0,0,0,0,0,2,584,6,6,63,10,0,-100,-100,100,0,0,20,7,0,0,0,0,3195,155,0,0,0,1064,199,0,0,0,544,9,0,0,0,272,0,0,0,0,56,379,0,0,0,0,81,0,0,0,0,0,0,0,0
5,39,0,3,0,2,0,1.059458,0.991082,1.044423,3,2,584,68.015438,65.015438,63,10,0,0,3,-100,-100,0,20,7,260,6,0,0,3195,54,0,2,0,1064,414,0,4,0,544,0,0,0,0,272,0,0,0,0,62,185,0,4,0,0,135,0,1,0,0,0,0,0,0
5,39,1,4,0,2,0,1.043804,0.971153,1.022296,4,2,584,72.615744,69.615744,63,10,0,3,0,-100,-100,0,20,7,279,0,0,0,3195,0,0,0,0,1064,395,0,0,0,544,1,0,0,0,272,0,0,0,0,62,247,0,19,0,0,119,0,18,0,0,0,0,0,0
5,39,2,1,0,2,0,1.069928,0.943567,1.002577,1,1,459,0,0,63,10,0,-100,-100,0,100,0,20,7,63,3,0,0,3195,140,0,1,0,1064,245,0,2,0,544,0,0,0,0,272,0,0,0,0,62,264,0,1,0,0,0,0,0,0,0,0,0,0,0
5,39,3,0,0,2,0,0,0,0,0,2,584,6,6,63,10,0,-100,-100,100,0,0,20,7,0,0,0,0,3195,155,0,0,0,1064,199,0,0,0,544,9,0,0,0,272,0,0,0,0,62,379,0,0,0,0,81,0,0,0,0,0,0,0,0
5,40,0,3,0,0,0,1.059458,0.991082,1.044423,3,2,584,71.015438,68.015438,63,10,0,0,3,-100,-100,0,20,19,263,6,0,0,3196,49,0,2,0,1088,410,0,4,0,544,0,0,0,0,272,0,0,0,0,62,184,0,4,0,0,134,0,1,0,0,0,0,0,0
5,40,1,4,0,0,0,1.043804,0.971153,1.022296,4,2,584,75.615744,72.615744,63,10,0,3,0,-100,-100,0,20,19,276,0,0,0,3196,0,0,0,0,1088,395,0,0,0,544,1,0,0,0,272,0,0,0,0,62,248,0,2,0,0,118,0,1,0,0,0,0,0,0
5,40,2,1,0,0,0,1.069928,0.943567,1.002577,1,1,459,0,0,63,10,0,-100,-100,0,100,0,20,19,65,3,0,0,3196,138,0,1,0,1088,243,0,2,0,544,0,0,0,0,272,0,0,0,0,62,263,0,1,0,0,0,0,0,0,0,0,0,0,0
5,40,3,0,0,0,0,0,0,0,0,2,584,6,6,63,10,0,-100,-100,100,0,0,20,19,0,0,0,0,3196,155,0,0,0,1088,199,0,0,0,544,9,0,0,0,272,0,0,0,0,62,379,0,0,0,0,81,0,0,0,0,0,0,0,0
3,1,0,50,5,7,0,0.99572,0.995239,1.007557,0,0,334,100,100,0,0,0,0,2,2,2,0,80,0,57,39,0,0,2816,200,0,13,0,932,63,0,26,0,500,1,0,44,0,206,17,0,23,0,0,100,92,75,0,0,13,22,9,0,0,9,9,0,0
3,1,1,48,5,7,0,0.996397,0.995151,1.00912,0,0,334,100,100,0,0,0,2,0,2,2,0,80,0,53,36,0,0,2816,201,0,12,0,932,62,0,24,0,500,0,0,44,0,206,20,0,23,0,0,100,92,74,0,0,13,22,9,0,0,9,9,0,0
3,1,2,50,5,7,0,0.998611,0.997003,1.008145,0,0,334,100,100,0,0,0,2,2,0,0,0,80,0,57,39,0,0,2816,192,0,13,0,932,63,0,26,0,500,1,0,44,0,206,17,0,23,0,0,101,92,75,0,0,13,22,9,0,0,9,9,0,0
3,1,3,50,5,7,0,0.999033,1.001129,1.010142,0,0,334,100,100,0,0,0,2,2,0,0,0,80,0,61,39,0,0,2816,200,0,13,0,932,63,0,26,0,500,0,0,40,0,206,20,0,23,0,0,104,92,71,0,0,11,20,9,0,0,9,9,0,0
3,2,0,48,1,7,0,0.995808,0.992078,1.006411,9,0,334,100,100,0,0,0,0,2,4,4,0,80,5,59,36,0,0,2816,234,0,12,0,951,70,0,24,0,441,1,0,26,0,272,0,0,17,0,0,129,68,56,0,0,17,13,9,0,0,9,9,0,0
3,2,1,45,1,7,0,0.997552,0.993751,1.012449,9,0,334,100,100,0,0,0,2,0,4,4,0,80,5,54,33,0,0,2816,230,0,11,0,951,71,0,22,0,441,1,0,28,0,272,0,0,20,0,0,138,80,57,0,0,18,14,9,0,0,9,9,0,0
3,2,2,49,1,7,0,0.999236,1.000228,1.008371,9,0,334,100,100,0,0,0,4,4,0,0,0,80,5,62,36,0,0,2816,218,0,12,0,951,71,0,24,0,441,1,0,24,0,272,0,0,17,0,0,131,68,54,0,0,16,12,9,0,0,9,9,0,0
3,2,3,50,1,7,0,0.999033,1.001129,1.010142,9,0,334,100,100,0,0,0,4,4,0,0,0,80,5,72,42,0,0,2816,240,0,14,0,951,70,0,28,0,441,1,0,20,0,272,0,0,20,0,0,149,80,52,0,0,12,10,9,0,0,9,9,0,0
3,3,0,45,4,23,10,0.997851,0.992271,1.008015,17,0,334,100,100,0,0,0,0,-8,-12,-20,0,76,2,71,36,0,0,3200,174,0,12,0,938,82,0,24,0,400,4,0,36,0,271,0,0,0,0,0,77,0,64,0,0,27,18,8,0,0,8,8,0,0
3,3,1,39,4,23,10,1.000424,0.996348,1.014589,16,0,334,100,100,0,0,0,-8,0,-12,-12,0,76,2,62,33,0,0,3200,174,0,11,0,938,82,0,22,0,400,8,0,30,0,271,0,0,1,0,0,102,4,51,0,0,28,15,5,0,0,5,5,0,0
3,3,2,43,4,23,10,0.993202,0.998008,1.007883,17,0,334,100,100,0,0,0,-12,-12,0,-6,0,76,2,67,36,0,0,3200,157,0,12,0,938,83,0,24,0,400,3,0,34,0,271,0,0,0,0,0,79,0,64,0,0,24,17,9,0,0,9,9,0,0
3,3,3,46,4,23,10,1.001023,1.004713,1.009373,17,0,334,100,100,0,0,0,-20,-12,-6,0,0,76,2,84,39,0,0,3200,177,0,13,0,938,83,0,26,0,400,1,0,32,0,271,0,0,0,0,0,101,0,63,0,0,19,16,9,0,0,9,9,0,0
3,4,0,41,2,15,5,0.995582,0.996852,1.006918,23,0,334,100,100,3,0,0,0,-10,-21,-56,0,76,0,86,39,0,0,2888,188,0,13,0,938,95,0,26,0,449,1,0,28,0,226,0,0,8,0,2,69,32,57,0,0,33,14,8,0,0,8,8,0,0
3,4,1,36,2,15,5,0.999625,1.001552,1.014731,20,0,334,100,100,3,0,0,-10,0,-10,-20,0,76,0,68,30,0,0,2888,197,0,10,0,938,92,0,20,0,449,0,0,28,0,226,2,0,14,0,2,125,56,48,0,0,37,14,5,0,0,5,5,0,0
3,4,2,41,2,15,5,0.998808,0.998316,1.008559,26,0,334,100,100,3,0,0,-21,-10,0,-8,0,76,0,71,30,0,0,2888,168,0,10,0,938,93,0,20,0,449,1,0,28,0,226,0,0,10,0,2,83,40,52,0,0,31,14,7,0,0,7,7,0,0
3,4,3,42,2,15,5,1.004025,1.002767,1.016419,25,0,334,80.947788,77.947788,3,0,0,-56,-20,-8,0,0,76,0,89,33,0,0,2888,208,0,11,0,938,94,0,22,0,449,1,0,18,0,226,0,0,12,0,2,118,48,45,0,0,20,9,8,0,0,7,7,0,0
3,5,0,39,1,10,0,0.996235,0.997799,1.007701,29,0,334,74.660077,71.660077,15,0,0,0,-11,-61,-76,0,72,15,93,36,0,0,2912,207,0,12,0,953,107,0,24,0,533,0,0,2,0,193,3,0,17,0,2,128,68,26,0,0,28,1,6,0,0,5,5,0,0
3,5,1,34,1,10,0,1.000497,1.002553,1.014568,24,0,334,88.286467,85.286467,15,0,0,-11,0,-22,-44,0,72,15,78,30,0,0,2912,215,0,10,0,953,102,0,20,0,533,0,0,2,0,193,14,0,12,0,2,163,48,22,0,0,33,1,5,0,0,4,4,0,0
3,5,2,39,1,10,0,1.0009,1.004095,1.009181,31,0,334,87.91844,84.91844,15,0,0,-61,-22,0,-5,0,72,15,79,33,0,0,2912,172,0,11,0,953,104,0,22,0,533,1,0,4,0,193,5,0,16,0,2,139,64,25,0,0,28,2,5,0,0,4,4,0,0
3,5,3,39,1,10,0,1.007506,1.002826,1.017158,31,0,334,54.281787,51.281787,15,0,0,-76,-44,-5,0,0,72,15,88,30,0,0,2912,252,0,10,0,953,104,0,20,0,533,1,0,4,0,193,0,0,14,0,2,165,56,24,0,0,17,2,5,0,0,4,4,0,0
3,6,0,37,2,12,0,0.990203,1.001384,1.004917,32,0,334,46.525738,43.525738,27,0,0,0,-13,-93,-100,0,72,9,106,36,0,0,3144,156,0,12,0,959,119,0,24,0,523,0,0,4,0,265,0,0,3,0,0,135,12,22,0,0,27,2,3,0,0,2,2,0,0
3,6,1,30,2,12,0,1.001818,1.007471,1.015443,25,0,334,91.286467,88.286467,27,0,0,-13,0,-46,-60,0,72,9,81,27,0,0,3144,172,0,9,0,959,111,0,18,0,523,1,0,8,0,265,4,0,11,0,0,198,44,25,0,0,33,4,4,0,0,3,3,0,0
3,6,2,36,2,12,0,1.000369,1.00488,1.007665,31,0,334,74.676759,71.676759,27,0,0,-93,-46,0,11,0,72,9,81,27,0,0,3144,180,0,9,0,959,113,0,18,0,523,1,0,2,0,265,0,0,5,0,0,159,20,17,0,0,26,1,3,0,0,2,2,0,0
3,6,3,38,2,12,0,1.008894,1.001403,1.018691,35,0,334,11.856524,8.856524,27,0,0,-100,-60,11,0,0,72,9,96,30,0,0,3144,203,0,10,0,959,114,0,20,0,523,0,0,6,0,265,0,0,6,0,0,184,24,22,0,0,17,3,3,0,0,2,2,0,0
3,7,0,34,0,10,0,0.98851,1.002392,1.00739,32,0,334,15.432675,12.432675,39,0,0,0,-2,-100,-100,0,68,3,121,36,0,0,2952,163,0,12,0,968,131,0,24,0,514,0,0,4,0,263,0,0,2,0,5,138,8,20,0,0,27,2,2,0,0,1,1,0,0
3,7,1,28,0,10,0,0.998746,1.011185,1.016111,26,0,334,67.574723,64.574723,39,0,0,-2,0,-62,-94,0,68,3,95,27,0,0,2952,181,0,9,0,968,120,0,18,0,514,0,0,6,0,263,0,0,6,0,5,215,24,19,0,0,34,3,2,0,0,1,1,0,0
3,7,2,33,0,10,0,0.999971,1.008587,1.008718,30,0,334,69.69867,66.69867,39,0,0,-100,-62,0,14,1,68,3,83,27,0,0,2952,183,0,9,0,968,122,0,18,0,514,1,0,6,0,263,0,0,3,0,5,167,12,21,0,0,26,3,3,0,0,2,2,0,0
3,7,3,36,0,10,0,1.006675,1.005661,1.019946,35,0,334,3,0,39,0,0,-100,-94,14,0,1,68,3,94,30,0,0,2952,235,0,10,0,968,124,0,20,0,514,1,0,14,0,263,0,0,2,0,5,181,8,28,0,0,22,7,2,0,0,1,1,0,0
3,8,0,32,3,13,0,0.986767,1.007905,1.008988,31,0,334,18.432675,15.432675,43,1,1,0,0,-100,-100,0,68,8,134,30,0,0,3072,159,0,10,0,971,141,0,20,0,475,0,0,18,0,272,0,0,0,0,5,123,0,32,0,0,34,9,2,0,0,1,1,0,0
3,8,1,26,3,13,0,0.995911,1.013445,1.01467,23,0,334,61.900753,58.900753,43,1,1,0,0,-86,-100,0,68,8,99,21,0,0,3072,186,0,7,0,971,127,0,14,0,475,0,0,18,0,272,0,0,0,0,5,198,0,29,0,0,41,9,2,0,0,1,1,0,0
3,8,2,28,3,13,0,1.001904,1.0071,1.012225,27,0,334,49.987046,46.987046,43,1,1,-100,-86,0,23,1,68,8,76,18,0,0,3072,192,0,6,0,971,128,0,12,0,475,1,0,14,0,272,0,0,0,0,5,160,0,24,0,0,31,7,2,0,0,1,1,0,0
3,8,3,35,3,13,0,1.008512,1.004093,1.018726,34,0,334,6,3,43,1,1,-100,-100,23,0,1,68,8,97,27,0,0,3072,190,0,9,0,971,133,0,18,0,475,0,0,20,0,272,0,0,0,0,5,167,0,31,0,0,31,10,1,0,0,0,0,0,0
3,9,0,32,1,8,0,0.986767,1.007905,1.008988,32,0,334,8.60421,5.60421,46,2,1,0,2,-100,-100,0,64,18,142,30,0,0,3008,157,0,10,0,989,151,0,20,0,466,0,0,18,0,272,0,0,0,0,7,110,0,30,0,0,42,9,1,0,0,0,0,0,0
3,9,1,23,1,8,0,0.995501,1.016171,1.017254,21,0,334,64.900753,61.900753,46,2,1,2,0,-100,-100,0,64,18,105,21,0,0,3008,185,0,7,0,989,134,0,14,0,466,8,0,16,0,272,0,0,0,0,7,183,0,27,0,0,47,8,2,0,0,1,1,0,0
3,9,2,26,1,8,0,0.999679,1.009437,1.009193,26,0,334,35.920456,32.920456,46,2,1,-100,-100,0,29,1,64,18,72,15,0,0,3008,207,0,5,0,989,133,0,10,0,466,0,0,16,0,272,0,0,0,0,7,154,0,23,0,0,38,8,1,0,0,0,0,0,0
3,9,3,33,1,8,0,1.008681,0.999338,1.016312,31,0,334,9,6,46,2,1,-100,-100,29,0,1,64,18,104,30,0,0,3008,209,0,10,0,989,143,0,20,0,466,1,0,20,0,272,0,0,0,0,7,148,0,34,0,0,39,10,2,0,0,1,1,0,0
3,10,0,32,1,5,0,0.986767,1.007905,1.008988,32,0,334,11.60421,8.60421,49,3,1,0,6,-100,-100,0,64,19,149,30,0,0,3146,153,0,10,0,1001,161,0,20,0,542,0,0,2,0,179,0,0,15,0,5,173,60,14,0,0,42,1,1,0,0,0,0,0,0
3,10,1,21,1,5,0,0.994767,1.01946,1.016909,20,0,334,56.287364,53.287364,49,3,1,6,0,-100,-100,0,64,19,112,21,0,0,3146,171,0,7,0,1001,141,0,14,0,542,0,0,8,0,179,18,0,6,0,5,200,24,19,0,0,49,4,2,0,0,1,1,0,0
3,10,2,24,1,5,0,1.001584,1.007573,1.009811,24,0,334,30.898462,27.898462,49,3,1,-100,-100,0,35,1,64,19,67,12,0,0,3146,177,0,4,0,1001,137,0,8,0,542,0,0,0,0,179,12,0,12,0,5,213,48,6,0,0,37,0,1,0,0,0,0,0,0
3,10,3,33,1,5,0,1.006554,1.000091,1.017459,31,0,334,4.315916,1.315916,49,3,1,-100,-100,35,0,1,64,19,104,27,0,0,3146,167,0,9,0,1001,149,0,18,0,542,1,0,0,0,179,17,0,13,0,5,204,52,13,0,0,37,0,2,0,0,1,1,0,0
3,11,0,32,2,9,0,0.986767,1.007905,1.008988,32,0,334,6.304064,3.304064,51,4,1,0,12,-100,-100,0,60,4,160,30,0,0,3048,151,0,10,0,1016,165,0,20,0,488,0,0,12,0,254,0,0,3,0,5,178,12,24,0,0,47,6,1,0,0,0,0,0,0
3,11,1,20,2,9,0,0.993882,1.021606,1.014379,19,0,334,59.287364,56.287364,51,4,1,12,0,-100,-100,0,60,4,122,18,0,0,3048,160,0,6,0,1016,144,0,12,0,488,1,0,10,0,254,14,0,6,0,5,218,24,18,0,0,53,5,1,0,0,0,0,0,0
3,11,2,22,2,9,0,0.999726,0.999975,1.010133,21,0,334,18.430098,15.430098,51,4,1,-100,-100,0,38,1,60,4,66,12,0,0,3048,181,0,4,0,1016,141,0,8,0,488,1,0,18,0,254,4,0,10,0,5,246,40,24,0,0,45,9,1,0,0,0,0,0,0
3,11,3,29,2,9,0,1.005088,0.994076,1.018694,28,0,334,7.315916,4.315916,51,4,1,-100,-100,38,0,1,60,4,107,24,0,0,3048,190,0,8,0,1016,154,0,16,0,488,0,0,12,0,254,13,0,14,0,5,253,56,24,0,0,41,6,2,0,0,1,1,0,0
3,12,0,30,3,14,0,0.981664,1.007491,1.011686,29,0,334,9.304064,6.304064,54,5,1,0,16,-100,-100,0,60,3,171,27,0,0,3056,142,0,9,0,1007,174,0,18,0,471,1,0,16,0,272,0,0,0,0,50,157,0,27,0,0,54,8,1,0,0,0,0,0,0
3,12,1,20,3,14,0,0.99296,1.019631,1.013403,17,0,334,49.249889,46.249889,54,5,1,16,0,-100,-100,0,60,3,135,18,0,0,3056,150,0,6,0,1007,150,0,12,0,471,0,0,14,0,272,7,0,7,0,50,228,28,24,0,0,58,7,2,0,0,1,1,0,0
3,12,2,18,3,14,0,1.000115,0.999239,1.001551,17,0,334,21.430098,18.430098,54,5,1,-100,-100,0,42,1,60,3,65,9,0,0,3056,188,0,3,0,1007,141,0,6,0,471,0,0,14,0,272,0,0,4,0,50,247,16,21,0,0,50,7,2,0,0,1,1,0,0
3,12,3,24,3,14,0,1.006915,0.991939,1.019164,24,0,334,3,0,54,5,1,-100,-100,42,0,1,60,3,111,21,0,0,3056,210,0,7,0,1007,161,0,14,0,471,0,0,18,0,272,2,0,11,0,50,270,44,27,0,0,43,9,1,0,0,0,0,0,0
3,13,0,30,2,6,0,0.979138,1.008602,1.012448,28,0,334,3.923205,0.923205,58,6,1,0,18,-100,-100,0,56,13,182,30,0,0,3152,134,0,10,0,1013,184,0,20,0,503,0,0,14,0,272,0,0,0,0,68,129,0,28,0,0,59,7,2,0,0,1,1,0,0
3,13,1,19,2,6,0,0.996244,1.020552,1.007781,16,0,334,52.249889,49.249889,58,6,1,18,0,-100,-100,0,56,13,147,21,0,0,3152,139,0,7,0,1013,157,0,14,0,503,0,0,6,0,272,0,0,7,0,68,239,28,17,0,0,59,3,2,0,0,1,1,0,0
3,13,2,16,2,6,0,0.997302,0.997138,0.99598,16,0,334,3,0,58,6,1,-100,-100,0,51,1,56,13,59,6,0,0,3152,168,0,2,0,1013,143,0,4,0,503,0,0,10,0,272,0,0,0,0,68,233,0,14,0,0,51,5,1,0,0,0,0,0,0
3,13,3,23,2,6,0,1.004382,0.991708,1.024398,23,0,334,6,3,58,6,1,-100,-100,51,0,1,56,13,119,21,0,0,3152,179,0,7,0,1013,165,0,14,0,503,0,0,12,0,272,0,0,2,0,68,257,8,21,0,0,48,6,1,0,0,0,0,0,0
3,14,0,26,1,13,0,0.976822,1.004822,1.011632,25,0,334,3,0,61,7,1,0,22,-100,-100,1,56,3,190,30,0,0,3072,126,0,10,0,1016,194,0,20,0,544,0,0,0,0,218,0,0,9,0,10,168,36,14,0,0,57,0,2,0,0,1,1,0,0
3,14,1,16,1,13,0,0.998452,1.010734,1.008361,14,0,334,55.249889,52.249889,61,7,1,22,0,-100,-100,1,56,3,161,21,0,0,3072,121,0,7,0,1016,164,0,14,0,544,0,0,0,0,218,0,0,6,0,10,269,24,11,0,0,57,0,2,0,0,1,1,0,0
3,14,2,13,1,13,0,1.001545,1.012422,0.994333,12,0,334,6,3,61,7,1,-100,-100,0,55,1,56,3,55,3,0,0,3072,183,0,1,0,1016,144,0,2,0,544,0,0,0,0,218,1,0,8,0,10,274,32,3,0,0,50,0,1,0,0,0,0,0,0
3,14,3,21,1,13,0,1.006484,0.999834,1.029712,21,1,459,3,0,61,7,1,-100,-100,55,0,1,56,3,127,18,0,0,3072,198,0,6,0,1016,165,0,12,0,544,0,0,0,0,218,5,0,10,0,10,284,40,25,0,0,24,0,18,0,0,0,0,0,0
3,15,0,24,0,7,0,0.971911,1.002431,1.009582,24,0,334,6,3,61,7,2,0,22,-100,-100,1,52,15,200,30,0,0,3152,122,0,10,0,1055,183,0,20,0,517,1,0,6,0,272,0,0,0,0,2,165,0,18,0,0,59,3,1,0,0,0,0,0,0
3,15,1,14,0,7,0,0.993813,1.007135,1.009187,13,0,334,58.249889,55.249889,61,7,2,22,0,-100,-100,1,52,15,169,18,0,0,3152,107,0,6,0,1055,167,0,12,0,517,1,0,0,0,272,0,0,0,0,2,274,0,10,0,0,55,0,2,0,0,1,1,0,0
3,15,2,12,0,7,0,0.998356,1.010347,0.99469,11,1,459,9,6,61,7,2,-100,-100,0,57,1,52,15,51,3,0,0,3152,169,0,1,0,1055,145,0,2,0,517,1,0,4,0,272,0,0,1,0,2,269,4,26,0,0,33,2,19,0,0,1,1,0,0
3,15,3,19,0,7,0,1.010947,1.002363,1.035145,19,1,459,6,3,61,7,2,-100,-100,57,0,1,52,15,131,12,0,0,3152,173,0,4,0,1055,163,0,8,0,517,0,0,14,0,272,0,0,5,0,2,303,20,20,0,0,30,7,1,0,0,0,0,0,0
3,16,0,23,1,7,0,0.968785,1.001809,1.00889,23,0,334,3,0,62,8,2,0,28,-100,-100,1,52,14,213,27,0,0,3088,121,0,9,0,1037,189,0,18,0,544,1,0,0,0,244,0,0,3,0,18,185,12,11,0,0,55,0,1,0,0,0,0,0,0
3,16,1,13,1,7,0,1.006655,1.008957,1.021694,12,1,459,61.249889,58.249889,62,8,2,28,0,-100,-100,1,52,14,177,15,0,0,3088,96,0,5,0,1037,172,0,10,0,544,1,0,0,0,244,0,0,4,0,18,278,16,24,0,0,37,0,18,0,0,0,0,0,0
3,16,2,10,1,7,0,1.002928,1.008367,0.999515,10,1,459,12,9,62,8,2,-100,-100,0,55,1,52,14,42,0,0,0,3088,181,0,0,0,1037,145,0,0,0,544,1,0,0,0,244,2,0,7,0,18,305,28,2,0,0,32,0,1,0,0,0,0,0,0
3,16,3,17,1,7,0,1.006931,0.998958,1.02682,17,1,459,9,6,62,8,2,-100,-100,55,0,1,52,14,131,12,0,0,3088,198,0,4,0,1037,167,0,8,0,544,0,0,0,0,244,3,0,9,0,18,342,36,6,0,0,29,0,1,0,0,0,0,0,0
3,17,0,22,2,7,0,0.966341,1.006636,1.006653,21,0,334,6,3,62,8,2,0,28,-100,-100,1,48,13,226,24,0,0,3160,122,0,8,0,1043,197,0,16,0,523,1,0,8,0,272,0,0,0,0,5,184,0,18,0,0,58,4,1,0,0,0,0,0,0
3,17,1,12,2,7,0,1.008795,1.010342,1.025917,10,1,459,64.249889,61.249889,62,8,2,28,0,-100,-100,1,48,13,187,12,0,0,3160,87,0,4,0,1043,176,0,8,0,523,1,0,2,0,272,0,0,0,0,5,277,0,10,0,0,36,1,2,0,0,1,1,0,0
3,17,2,8,2,7,0,1.017472,1.008914,1.008375,8,1,459,15,12,62,8,2,-100,-100,0,55,1,48,13,37,0,0,0,3160,171,0,0,0,1043,145,0,0,0,523,1,0,2,0,272,0,0,2,0,5,326,8,4,0,0,32,1,1,0,0,0,0,0,0
3,17,3,16,2,7,0,1.003457,1.000616,1.032259,16,1,459,12,9,62,8,2,-100,-100,55,0,1,48,13,128,9,0,0,3160,178,0,3,0,1043,167,0,6,0,523,1,0,8,0,272,0,0,3,0,5,358,12,13,0,0,32,4,1,0,0,0,0,0,0
3,18,0,20,0,7,0,0.967763,1.005843,1.006689,19,0,334,9,6,62,8,2,0,28,-100,-100,1,48,12,238,21,0,0,3104,117,0,7,0,1052,201,0,14,0,540,1,0,0,0,259,0,0,8,0,24,222,32,11,0,0,56,0,2,0,0,1,1,0,0
3,18,1,11,0,7,0,1.006645,1.00353,1.01816,10,1,459,67.249889,64.249889,62,8,2,28,0,-100,-100,1,48,12,192,9,0,0,3104,88,0,3,0,1052,179,0,6,0,540,0,0,4,0,259,0,0,2,0,24,283,8,11,0,0,36,2,2,0,0,1,1,0,0
3,18,2,4,0,7,0,0.970419,1.031651,0.997579,4,1,459,18,15,62,8,2,-100,-100,0,57,1,48,12,32,0,0,0,3104,163,0,0,0,1052,145,0,0,0,540,0,0,2,0,259,0,0,0,0,24,331,0,4,0,0,32,1,1,0,0,0,0,0,0
3,18,3,16,0,7,0,1.003457,1.000616,1.032259,16,1,459,15,12,62,8,2,-100,-100,57,0,1,48,12,132,9,0,0,3104,199,0,3,0,1052,167,0,6,0,540,1,0,0,0,259,0,0,3,0,24,374,12,5,0,0,31,0,1,0,0,0,0,0,0
3,19,0,21,3,5,0,0.965213,1.007517,1.007115,20,0,334,12,9,62,8,2,0,28,-100,-100,1,44,12,248,21,0,0,3160,114,0,7,0,1055,205,0,14,0,523,1,0,6,0,263,0,0,3,0,25,236,12,15,0,0,58,3,1,0,0,0,0,0,0
3,19,1,9,3,5,0,1.009558,0.996113,1.017906,9,1,459,70.249889,67.249889,62,8,2,28,0,-100,-100,1,44,12,198,9,0,0,3160,90,0,3,0,1055,182,0,6,0,523,1,0,2,0,263,0,0,3,0,25,294,12,7,0,0,36,1,1,0,0,0,0,0,0
3,19,2,4,3,5,0,0.940795,1.057947,0.971086,3,1,459,21,18,62,8,2,-100,-100,0,59,1,44,12,33,0,0,0,3160,159,0,0,0,1055,145,0,0,0,523,1,0,2,0,263,0,0,0,0,25,330,0,4,0,0,32,1,1,0,0,0,0,0,0
3,19,3,15,3,5,0,0.997695,0.996334,1.028673,14,1,459,18,15,62,8,2,-100,-100,59,0,1,44,12,128,6,0,0,3160,181,0,2,0,1055,169,0,4,0,523,0,0,10,0,263,0,0,3,0,25,389,12,14,0,0,35,5,1,0,0,0,0,0,0
3,20,0,19,1,8,0,0.966585,1.011065,1.013093,17,0,334,3,0,64,10,2,0,34,-100,-100,1,44,14,251,18,0,0,3104,119,0,6,0,1055,211,0,12,0,535,1,0,6,0,266,0,0,1,0,39,239,4,16,0,0,56,3,2,0,0,1,1,0,0
3,20,1,8,1,8,0,1.020093,0.996098,1.019216,8,1,459,73.249889,70.249889,64,10,2,34,0,-100,-100,1,44,14,201,6,0,0,3104,95,0,2,0,1055,184,0,4,0,535,1,0,0,0,266,0,0,3,0,39,305,12,4,0,0,35,0,1,0,0,0,0,0,0
3,20,2,2,1,8,0,0.91559,1.125161,0.97222,1,1,459,24,21,64,10,2,-100,-100,0,63,1,44,14,36,3,0,0,3104,154,0,1,0,1055,146,0,2,0,535,1,0,0,0,266,0,0,0,0,39,328,0,5,0,0,30,0,2,0,0,1,1,0,0
3,20,3,13,1,8,0,0.99922,0.987676,1.037444,13,2,584,6.703071,3.703071,64,10,2,-100,-100,63,0,1,44,14,126,6,0,0,3104,204,0,2,0,1055,171,0,4,0,535,1,0,2,0,266,0,0,2,0,39,380,8,23,0,0,18,1,18,0,0,0,0,0,0
3,21,0,16,0,8,0,0.964821,1.013499,1.009337,15,0,334,6,3,65,11,2,0,32,-100,-100,1,40,26,249,12,0,0,3152,128,0,4,0,1061,215,0,8,0,544,1,0,0,0,259,0,0,1,0,68,235,4,8,0,0,54,0,2,0,0,1,1,0,0
3,21,1,7,0,8,0,1.016656,0.987367,1.017396,7,1,459,76.249889,73.249889,65,11,2,32,0,-100,-100,1,40,26,203,6,0,0,3152,104,0,2,0,1061,186,0,4,0,544,1,0,0,0,259,0,0,3,0,68,313,12,4,0,0,34,0,1,0,0,0,0,0,0
3,21,2,0,0,8,0,0,0,0,0,1,459,24,24,65,11,2,-100,-100,0,69,0,40,26,34,0,0,0,3152,152,0,0,0,1061,146,0,0,0,544,1,0,0,0,259,0,0,0,0,68,328,0,0,0,0,30,0,0,0,0,0,0,0,0
3,21,3,11,0,8,0,1.000331,0.991716,1.046058,11,2,584,3,0,65,11,2,-100,-100,69,0,0,40,26,124,6,0,0,3152,186,0,2,0,1061,173,0,4,0,544,1,0,0,0,259,3,0,6,0,68,400,24,4,0,0,14,0,1,0,0,0,0,0,0
3,22,0,13,0,4,0,0.959911,1.010382,1.017219,13,0,334,3,0,67,12,1,0,33,-100,-100,1,40,24,248,9,0,0,3160,133,0,3,0,1067,218,0,6,0,530,0,0,6,0,272,0,0,0,0,68,224,0,11,0,0,53,3,1,0,0,0,0,0,0
3,22,1,7,0,4,0,1.016656,0.987367,1.017396,7,1,459,79.249889,76.249889,67,12,1,33,0,-100,-100,1,40,24,206,6,0,0,3160,114,0,2,0,1067,185,0,4,0,530,0,0,4,0,272,0,0,0,0,68,305,0,8,0,0,35,2,1,0,0,0,0,0,0
3,22,2,0,0,4,0,0,0,0,0,1,459,24,24,67,12,1,-100,-100,0,73,0,40,24,34,0,0,0,3160,152,0,0,0,1067,146,0,0,0,530,1,0,0,0,272,0,0,0,0,68,328,0,0,0,0,30,0,0,0,0,0,0,0,0
3,22,3,10,0,4,0,0.987938,0.995609,1.04544,10,2,584,3,0,67,12,1,-100,-100,73,0,0,40,24,123,6,0,0,3160,170,0,2,0,1067,175,0,4,0,530,1,0,6,0,272,0,0,3,0,68,402,12,10,0,0,16,3,1,0,0,0,0,0,0
3,23,0,11,0,3,0,0.957062,1.009482,1.01982,11,0,334,3,0,70,13,1,0,37,-100,-100,1,36,23,242,3,0,0,3136,143,0,1,0,1076,219,0,2,0,544,0,0,0,0,266,0,0,2,0,68,229,8,3,0,0,49,0,1,0,0,0,0,0,0
3,23,1,7,0,3,0,1.016656,0.987367,1.017396,7,1,459,68.986966,65.986966,70,13,1,37,0,-100,-100,1,36,23,207,6,0,0,3136,121,0,2,0,1076,184,0,4,0,544,0,0,0,0,266,0,0,3,0,68,313,12,4,0,0,37,0,1,0,0,0,0,0,0
3,23,2,0,0,3,0,0,0,0,0,1,459,24,24,70,13,1,-100,-100,0,75,0,36,23,34,0,0,0,3136,152,0,0,0,1076,146,0,0,0,544,1,0,0,0,266,0,0,0,0,68,328,0,0,0,0,30,0,0,0,0,0,0,0,0
3,23,3,9,0,3,0,0.986637,0.995707,1.052716,9,2,584,3,0,70,13,1,-100,-100,75,0,0,36,23,122,6,0,0,3136,182,0,2,0,1076,177,0,4,0,544,1,0,0,0,266,0,0,1,0,68,402,4,4,0,0,12,0,1,0,0,0,0,0,0
3,24,0,9,0,2,0,0.960653,1.005415,1.024635,9,0,334,3,0,73,14,1,0,41,-100,-100,1,36,13,241,3,0,0,3160,155,0,1,0,1076,220,0,2,0,538,1,0,2,0,269,0,0,0,0,36,236,0,5,0,0,38,1,1,0,0,0,0,0,0
3,24,1,7,0,2,0,1.016656,0.987367,1.017396,7,1,459,71.986966,68.986966,73,14,1,41,0,-100,-100,1,36,13,212,6,0,0,3160,128,0,2,0,1076,183,0,4,0,538,0,0,0,0,269,0,0,3,0,36,324,12,4,0,0,39,0,1,0,0,0,0,0,0
3,24,2,0,0,2,0,0,0,0,0,1,459,24,24,73,14,1,-100,-100,0,77,0,36,13,34,0,0,0,3160,152,0,0,0,1076,146,0,0,0,538,1,0,0,0,269,0,0,0,0,36,328,0,0,0,0,30,0,0,0,0,0,0,0,0
3,24,3,9,0,2,0,0.986637,0.995707,1.052716,9,2,584,3,0,73,14,1,-100,-100,77,0,0,36,13,125,6,0,0,3160,171,0,2,0,1076,179,0,4,0,538,0,0,4,0,269,0,0,0,0,36,411,0,8,0,0,18,2,1,0,0,0,0,0,0
3,25,0,7,0,3,0,0.95318,1.011593,1.027233,7,0,334,3,0,76,15,1,0,45,-100,-100,1,32,19,236,0,0,0,3144,170,0,0,0,1079,220,0,0,0,541,1,0,0,0,269,0,0,0,0,50,243,0,2,0,0,26,0,1,0,0,0,0,0,0
3,25,1,7,0,3,0,1.016656,0.987367,1.017396,7,1,459,74.986966,71.986966,76,15,1,45,0,-100,-100,1,32,19,214,6,0,0,3144,135,0,2,0,1079,182,0,4,0,541,1,0,2,0,269,0,0,0,0,50,321,0,6,0,0,42,1,1,0,0,0,0,0,0
3,25,2,0,0,3,0,0,0,0,0,1,459,24,24,76,15,1,-100,-100,0,79,0,32,19,34,0,0,0,3144,152,0,0,0,1079,146,0,0,0,541,1,0,0,0,269,0,0,0,0,50,328,0,0,0,0,30,0,0,0,0,0,0,0,0
3,25,3,8,0,3,0,0.994306,0.995642,1.058377,8,2,584,3,0,76,15,1,-100,-100,79,0,0,32,19,123,3,0,0,3144,177,0,1,0,1079,180,0,2,0,541,0,0,0,0,269,0,0,3,0,50,426,12,3,0,0,22,0,1,0,0,0,0,0,0
3,26,0,5,0,4,0,0.946703,1.039217,1.026066,5,0,334,3,0,79,16,1,0,49,-100,-100,1,32,21,232,0,0,0,3168,179,0,0,0,1082,220,0,0,0,535,0,0,4,0,272,0,0,0,0,42,243,0,6,0,0,24,2,1,0,0,0,0,0,0
3,26,1,7,0,4,0,1.016656,0.987367,1.017396,7,1,459,58.776756,55.776756,79,16,1,49,0,-100,-100,1,32,21,217,6,0,0,3168,142,0,2,0,1082,181,0,4,0,535,0,0,4,0,272,0,0,0,0,42,316,0,8,0,0,46,2,1,0,0,0,0,0,0
3,26,2,0,0,4,0,0,0,0,0,1,459,24,24,79,16,1,-100,-100,0,81,0,32,21,34,0,0,0,3168,152,0,0,0,1082,146,0,0,0,535,1,0,0,0,272,0,0,0,0,42,328,0,0,0,0,30,0,0,0,0,0,0,0,0
3,26,3,6,0,4,0,1.003225,0.993841,1.054063,6,2,584,3,0,79,16,1,-100,-100,81,0,0,32,21,120,3,0,0,3168,168,0,1,0,1082,181,0,2,0,535,1,0,2,0,272,0,0,0,0,42,435,0,5,0,0,19,1,1,0,0,0,0,0,0
3,27,0,3,0,3,0,0.950941,1.054754,1.022744,3,0,334,3,0,82,17,1,0,53,-100,-100,1,28,21,228,0,0,0,3176,174,0,0,0,1084,220,0,0,0,540,0,0,0,0,272,0,0,0,0,48,255,0,2,0,0,20,0,1,0,0,0,0,0,0
3,27,1,7,0,3,0,1.016656,0.987367,1.017396,7,1,459,47.364435,44.364435,82,17,1,53,0,-100,-100,1,28,21,218,6,0,0,3176,149,0,2,0,1084,178,0,4,0,540,1,0,2,0,272,0,0,0,0,48,313,0,6,0,0,49,1,1,0,0,0,0,0,0
3,27,2,0,0,3,0,0,0,0,0,1,459,24,24,82,17,1,-100,-100,0,83,0,28,21,34,0,0,0,3176,152,0,0,0,1084,146,0,0,0,540,1,0,0,0,272,0,0,0,0,48,328,0,0,0,0,30,0,0,0,0,0,0,0,0
3,27,3,5,0,3,0,1.000197,1.000444,1.030857,5,2,584,3,0,82,17,1,-100,-100,83,0,0,28,21,121,3,0,0,3176,169,0,1,0,1084,182,0,2,0,540,0,0,2,0,272,0,0,0,0,48,433,0,5,0,0,11,1,1,0,0,0,0,0,0
3,28,0,1,0,3,0,0.945872,1.080422,1.042761,1,0,334,3,0,85,18,1,0,57,-100,-100,1,28,19,225,0,0,0,3184,171,0,0,0,1082,220,0,0,0,544,0,0,0,0,269,0,0,0,0,59,256,0,2,0,0,16,0,1,0,0,0,0,0,0
3,28,1,7,0,3,0,1.016656,0.987367,1.017396,7,1,459,30.12607,27.12607,85,18,1,57,0,-100,-100,1,28,19,218,6,0,0,3184,156,0,2,0,1082,177,0,4,0,544,1,0,0,0,269,0,0,2,0,59,320,8,4,0,0,51,0,1,0,0,0,0,0,0
3,28,2,0,0,3,0,0,0,0,0,1,459,24,24,85,18,1,-100,-100,0,85,0,28,19,34,0,0,0,3184,152,0,0,0,1082,146,0,0,0,544,1,0,0,0,269,0,0,0,0,59,328,0,0,0,0,30,0,0,0,0,0,0,0,0
3,28,3,4,0,3,0,0.986875,0.997576,1.01537,4,2,584,3,0,85,18,1,-100,-100,85,0,0,28,19,123,3,0,0,3184,163,0,1,0,1082,183,0,2,0,544,0,0,0,0,269,0,0,1,0,59,437,4,3,0,0,7,0,1,0,0,0,0,0,0
3,29,0,0,0,3,0,0,0,0,0,0,334,0,0,87,18,1,0,63,-100,-100,0,24,17,224,0,0,0,3184,170,0,0,0,1082,220,0,0,0,542,0,0,0,0,271,0,0,0,0,62,256,0,0,0,0,13,0,0,0,0,0,0,0,0
3,29,1,6,0,3,0,1.00828,0.996818,1.012682,6,1,459,14.74106,11.74106,87,18,1,63,0,-100,-100,0,24,17,220,6,0,0,3184,163,0,2,0,1082,176,0,4,0,542,1,0,2,0,271,0,0,1,0,62,321,4,6,0,0,51,1,1,0,0,0,0,0,0
3,29,2,0,0,3,0,0,0,0,0,1,459,24,24,87,18,1,-100,-100,0,81,0,24,17,34,0,0,0,3184,152,0,0,0,1082,146,0,0,0,542,1,0,0,0,271,0,0,0,0,62,328,0,0,0,0,30,0,0,0,0,0,0,0,0
3,29,3,3,0,3,0,1.000417,0.972615,1.025143,3,2,584,6,3,87,18,1,-100,-100,81,0,0,24,17,126,3,0,0,3184,158,0,1,0,1082,184,0,2,0,542,0,0,0,0,271,0,0,0,0,62,437,0,3,0,0,9,0,1,0,0,0,0,0,0
3,30,0,0,0,1,0,0,0,0,0,0,334,0,0,89,18,0,0,64,-100,-100,0,24,17,224,0,0,0,3192,170,0,0,0,1079,220,0,0,0,544,0,0,0,0,272,0,0,0,0,62,256,0,0,0,0,13,0,0,0,0,0,0,0,0
3,30,1,6,0,1,0,1.00828,0.996818,1.012682,6,1,459,3,0,89,18,0,64,0,-100,-100,0,24,17,223,6,0,0,3192,163,0,2,0,1079,178,0,4,0,544,1,0,0,0,272,0,0,0,0,62,320,0,4,0,0,55,0,1,0,0,0,0,0,0
3,30,2,0,0,1,0,0,0,0,0,1,459,24,24,89,18,0,-100,-100,0,82,0,24,17,34,0,0,0,3192,152,0,0,0,1079,146,0,0,0,544,1,0,0,0,272,0,0,0,0,62,328,0,0,0,0,30,0,0,0,0,0,0,0,0
3,30,3,2,0,1,0,1.009615,0.987383,1.008423,2,2,584,3,0,89,18,0,-100,-100,82,0,0,24,17,130,3,0,0,3192,154,0,1,0,1079,185,0,2,0,544,0,0,0,0,272,0,0,0,0,62,437,0,3,0,0,0,0,1,0,0,0,0,0,0
3,31,0,0,0,0,0,0,0,0,0,0,334,0,0,90,18,0,0,62,-100,-100,0,20,11,224,0,0,0,3192,170,0,0,0,1079,220,0,0,0,544,0,0,0,0,272,0,0,0,0,62,256,0,0,0,0,13,0,0,0,0,0,0,0,0
3,31,1,6,0,0,0,1.00828,0.996818,1.012682,6,1,459,6,3,90,18,0,62,0,-100,-100,0,20,11,226,6,0,0,3192,163,0,2,0,1079,180,0,4,0,544,1,0,0,0,272,0,0,0,0,62,327,0,4,0,0,54,0,1,0,0,0,0,0,0
3,31,2,0,0,0,0,0,0,0,0,1,459,24,24,90,18,0,-100,-100,0,85,0,20,11,34,0,0,0,3192,152,0,0,0,1079,146,0,0,0,544,1,0,0,0,272,0,0,0,0,62,328,0,0,0,0,30,0,0,0,0,0,0,0,0
3,31,3,2,0,0,0,1.009615,0.987383,1.008423,2,2,584,0,0,90,18,0,-100,-100,85,0,0,20,11,133,3,0,0,3192,151,0,1,0,1079,186,0,2,0,544,0,0,0,0,272,0,0,0,0,62,431,0,1,0,0,0,0,0,0,0,0,0,0,0
3,32,0,0,1,0,0,0,0,0,0,0,334,0,0,91,18,0,0,60,-100,-100,0,20,14,224,0,0,0,3192,170,0,0,0,1079,220,0,0,0,544,0,0,0,0,272,0,0,0,0,62,256,0,0,0,0,13,0,0,0,0,0,0,0,0
3,32,1,7,1,0,0,1.01769,0.985733,1.018647,6,1,459,9,6,91,18,0,60,0,-100,-100,0,20,14,229,6,0,0,3192,163,0,2,0,1079,182,0,4,0,544,1,0,0,0,272,0,0,0,0,62,334,0,4,0,0,53,0,1,0,0,0,0,0,0
3,32,2,0,1,0,0,0,0,0,0,1,459,24,24,91,18,0,-100,-100,0,88,0,20,14,34,0,0,0,3192,152,0,0,0,1079,146,0,0,0,544,1,0,0,0,272,0,0,0,0,62,328,0,0,0,0,30,0,0,0,0,0,0,0,0
3,32,3,2,1,0,0,1.009615,0.987383,1.008423,2,2,584,0,0,91,18,0,-100,-100,88,0,0,20,14,137,3,0,0,3192,148,0,1,0,1079,187,0,2,0,544,0,0,0,0,272,0,0,0,0,62,425,0,1,0,0,0,0,0,0,0,0,0,0,0
3,33,0,0,0,1,0,0,0,0,0,0,334,0,0,92,18,0,0,58,-100,-100,0,20,14,224,0,0,0,3192,170,0,0,0,1079,220,0,0,0,544,0,0,0,0,272,0,0,0,0,59,256,0,0,0,0,13,0,0,0,0,0,0,0,0
3,33,1,7,0,1,0,1.01769,0.985733,1.018647,6,1,459,12,9,92,18,0,58,0,-100,-100,0,20,14,232,6,0,0,3192,162,0,2,0,1079,184,0,4,0,544,1,0,0,0,272,0,0,0,0,59,342,0,6,0,0,51,0,2,0,0,1,1,0,0
3,33,2,0,0,1,0,0,0,0,0,1,459,24,24,92,18,0,-100,-100,0,91,0,20,14,34,0,0,0,3192,152,0,0,0,1079,146,0,0,0,544,1,0,0,0,272,0,0,0,0,59,328,0,0,0,0,30,0,0,0,0,0,0,0,0
3,33,3,1,0,1,0,0.952321,1.044108,0.971164,1,2,584,0,0,92,18,0,-100,-100,91,0,0,20,14,138,3,0,0,3192,145,0,1,0,1079,188,0,2,0,544,0,0,0,0,272,0,0,0,0,59,416,0,1,0,0,0,0,0,0,0,0,0,0,0
3,34,0,0,0,0,0,0,0,0,0,0,334,0,0,93,18,0,0,56,-100,-100,0,20,11,224,0,0,0,3192,170,0,0,0,1079,220,0,0,0,544,0,0,0,0,272,0,0,0,0,62,256,0,0,0,0,13,0,0,0,0,0,0,0,0
3,34,1,7,0,0,0,1.01769,0.985733,1.018647,7,1,459,15,12,93,18,0,56,0,-100,-100,0,20,11,236,6,0,0,3192,161,0,2,0,1079,186,0,4,0,544,1,0,0,0,272,0,0,0,0,62,352,0,4,0,0,50,0,1,0,0,0,0,0,0
3,34,2,0,0,0,0,0,0,0,0,1,459,24,24,93,18,0,-100,-100,0,94,0,20,11,34,0,0,0,3192,152,0,0,0,1079,146,0,0,0,544,1,0,0,0,272,0,0,0,0,62,328,0,0,0,0,30,0,0,0,0,0,0,0,0
3,34,3,1,0,0,0,0.952321,1.044108,0.971164,1,2,584,0,0,93,18,0,-100,-100,94,0,0,20,11,140,3,0,0,3192,143,0,1,0,1079,189,0,2,0,544,0,0,0,0,272,0,0,0,0,62,407,0,1,0,0,0,0,0,0,0,0,0,0,0
3,35,0,0,0,0,0,0,0,0,0,0,334,0,0,94,18,0,0,54,-100,-100,0,20,13,224,0,0,0,3192,170,0,0,0,1079,220,0,0,0,544,0,0,0,0,272,0,0,0,0,62,256,0,0,0,0,13,0,0,0,0,0,0,0,0
3,35,1,7,0,0,0,1.01769,0.985733,1.018647,7,1,459,18,15,94,18,0,54,0,-100,-100,0,20,13,237,6,0,0,3192,160,0,2,0,1079,188,0,4,0,544,1,0,0,0,272,0,0,0,0,62,362,0,4,0,0,49,0,1,0,0,0,0,0,0
3,35,2,0,0,0,0,0,0,0,0,1,459,24,24,94,18,0,-100,-100,0,97,0,20,13,34,0,0,0,3192,152,0,0,0,1079,146,0,0,0,544,1,0,0,0,272,0,0,0,0,62,328,0,0,0,0,30,0,0,0,0,0,0,0,0
3,35,3,1,0,0,0,0.952321,1.044108,0.971164,1,2,584,0,0,94,18,0,-100,-100,97,0,0,20,13,143,3,0,0,3192,141,0,1,0,1079,190,0,2,0,544,0,0,0,0,272,0,0,0,0,62,398,0,1,0,0,0,0,0,0,0,0,0,0,0
3,36,0,0,0,1,0,0,0,0,0,0,334,0,0,95,18,0,0,52,-100,-100,0,20,16,224,0,0,0,3192,170,0,0,0,1079,220,0,0,0,544,0,0,0,0,272,0,0,0,0,62,256,0,0,0,0,13,0,0,0,0,0,0,0,0
3,36,1,6,0,1,0,1.00828,0.996818,1.012682,6,1,459,21,18,95,18,0,52,0,-100,-100,0,20,16,240,6,0,0,3192,159,0,2,0,1079,190,0,4,0,544,1,0,0,0,272,0,0,0,0,62,369,0,4,0,0,48,0,1,0,0,0,0,0,0
3,36,2,0,0,1,0,0,0,0,0,1,459,24,24,95,18,0,-100,-100,0,100,0,20,16,34,0,0,0,3192,152,0,0,0,1079,146,0,0,0,544,1,0,0,0,272,0,0,0,0,62,328,0,0,0,0,30,0,0,0,0,0,0,0,0
3,36,3,1,0,1,0,0.952321,1.044108,0.971164,1,2,584,0,0,95,18,0,-100,-100,100,0,0,20,16,145,3,0,0,3192,139,0,1,0,1079,191,0,2,0,544,0,0,0,0,272,0,0,0,0,62,389,0,1,0,0,0,0,0,0,0,0,0,0,0
3,37,0,0,0,0,0,0,0,0,0,0,334,0,0,96,18,0,0,50,-100,-100,0,20,16,224,0,0,0,3192,170,0,0,0,1079,220,0,0,0,544,0,0,0,0,272,0,0,0,0,65,256,0,0,0,0,13,0,0,0,0,0,0,0,0
3,37,1,6,0,0,0,1.00828,0.996818,1.012682,6,1,459,24,21,96,18,0,50,0,-100,-100,0,20,16,242,6,0,0,3192,159,0,2,0,1079,192,0,4,0,544,1,0,0,0,272,0,0,0,0,65,376,0,4,0,0,47,0,1,0,0,0,0,0,0
3,37,2,0,0,0,0,0,0,0,0,1,459,24,24,96,18,0,-100,-100,0,100,0,20,16,34,0,0,0,3192,152,0,0,0,1079,146,0,0,0,544,1,0,0,0,272,0,0,0,0,65,328,0,0,0,0,30,0,0,0,0,0,0,0,0
3,37,3,1,0,0,0,0.952321,1.044108,0.971164,1,2,584,0,0,96,18,0,-100,-100,100,0,0,20,16,149,3,0,0,3192,137,0,1,0,1079,192,0,2,0,544,0,0,0,0,272,0,0,0,0,65,380,0,1,0,0,0,0,0,0,0,0,0,0,0
3,38,0,0,0,0,0,0,0,0,0,0,334,0,0,97,18,0,0,48,-100,-100,0,20,13,224,0,0,0,3192,170,0,0,0,1079,220,0,0,0,544,0,0,0,0,272,0,0,0,0,65,256,0,0,0,0,13,0,0,0,0,0,0,0,0
3,38,1,6,0,0,0,1.00828,0.996818,1.012682,6,1,459,27,24,97,18,0,48,0,-100,-100,0,20,13,247,6,0,0,3192,159,0,2,0,1079,194,0,4,0,544,1,0,0,0,272,0,0,0,0,65,383,0,4,0,0,46,0,1,0,0,0,0,0,0
3,38,2,0,0,0,0,0,0,0,0,1,459,24,24,97,18,0,-100,-100,0,100,0,20,13,34,0,0,0,3192,152,0,0,0,1079,146,0,0,0,544,1,0,0,0,272,0,0,0,0,65,328,0,0,0,0,30,0,0,0,0,0,0,0,0
3,38,3,1,0,0,0,0.952321,1.044108,0.971164,1,2,584,0,0,97,18,0,-100,-100,100,0,0,20,13,153,3,0,0,3192,135,0,1,0,1079,193,0,2,0,544,0,0,0,0,272,0,0,0,0,65,371,0,1,0,0,0,0,0,0,0,0,0,0,0
3,39,0,0,0,0,0,0,0,0,0,0,334,0,0,98,18,0,0,46,-100,-100,0,20,17,224,0,0,0,3192,170,0,0,0,1079,220,0,0,0,544,0,0,0,0,272,0,0,0,0,65,256,0,0,0,0,13,0,0,0,0,0,0,0,0
3,39,1,6,0,0,0,1.00828,0.996818,1.012682,6,1,459,30,27,98,18,0,46,0,-100,-100,0,20,17,249,6,0,0,3192,159,0,2,0,1079,196,0,4,0,544,1,0,0,0,272,0,0,0,0,65,390,0,4,0,0,45,0,1,0,0,0,0,0,0
3,39,2,0,0,0,0,0,0,0,0,1,459,24,24,98,18,0,-100,-100,0,100,0,20,17,34,0,0,0,3192,152,0,0,0,1079,146,0,0,0,544,1,0,0,0,272,0,0,0,0,65,328,0,0,0,0,30,0,0,0,0,0,0,0,0
3,39,3,1,0,0,0,0.952321,1.044108,0.971164,1,2,584,0,0,98,18,0,-100,-100,100,0,0,20,17,156,3,0,0,3192,133,0,1,0,1079,194,0,2,0,544,0,0,0,0,272,0,0,0,0,65,362,0,1,0,0,0,0,0,0,0,0,0,0,0
3,40,0,0,0,0,0,0,0,0,0,0,334,0,0,99,18,0,0,44,-100,-100,0,20,17,224,0,0,0,3192,170,0,0,0,1079,220,0,0,0,544,0,0,0,0,272,0,0,0,0,65,256,0,0,0,0,13,0,0,0,0,0,0,0,0
3,40,1,6,0,0,0,1.00828,0.996818,1.012682,6,2,584,33,30,99,18,0,44,0,-100,-100,0,20,17,252,6,0,0,3192,159,0,2,0,1079,198,0,4,0,544,1,0,0,0,272,0,0,0,0,65,380,0,21,0,0,27,0,18,0,0,0,0,0,0
3,40,2,0,0,0,0,0,0,0,0,1,459,24,24,99,18,0,-100,-100,0,100,0,20,17,34,0,0,0,3192,152,0,0,0,1079,146,0,0,0,544,1,0,0,0,272,0,0,0,0,65,328,0,0,0,0,30,0,0,0,0,0,0,0,0
3,40,3,1,0,0,0,0.952321,1.044108,0.971164,1,2,584,0,0,99,18,0,-100,-100,100,0,0,20,17,158,3,0,0,3192,131,0,1,0,1079,195,0,2,0,544,0,0,0,0,272,0,0,0,0,65,353,0,1,0,0,0,0,0,0,0,0,0,0,0
1,1,0,50,2,2,0,1.004033,0.998556,1.002814,0,0,334,100,100,0,0,0,0,0,2,2,0,80,6,55,39,0,0,2816,200,0,13,0,932,63,0,26,0,472,0,0,48,0,272,1,0,24,0,0,101,96,79,0,0,15,24,9,0,0,9,9,0,0
1,1,1,50,2,2,0,1.005892,0.999904,1.005122,0,0,334,100,100,0,0,0,0,0,2,2,0,80,6,58,39,0,0,2816,200,0,13,0,932,63,0,26,0,472,7,0,46,0,272,2,0,23,0,0,98,92,77,0,0,14,23,9,0,0,9,9,0,0
1,1,2,51,2,2,0,1.003712,0.998325,1.003966,0,0,334,100,100,0,0,0,2,2,0,0,0,80,6,57,39,0,0,2816,200,0,13,0,932,63,0,26,0,472,5,0,48,0,272,1,0,24,0,0,101,96,79,0,0,15,24,9,0,0,9,9,0,0
1,1,3,49,2,2,0,1.006917,1.000539,1.001216,0,0,334,100,100,0,0,0,2,2,0,0,0,80,6,51,36,0,0,2816,201,0,12,0,932,62,0,24,0,472,6,0,48,0,272,1,0,24,0,0,102,96,78,0,0,15,24,9,0,0,9,9,0,0
1,2,0,50,5,8,0,1.008098,1.001701,1.001517,8,0,334,100,100,0,0,0,0,2,4,4,0,80,0,63,36,0,0,2816,234,0,12,0,932,75,0,24,0,480,1,0,26,0,206,0,0,1,0,0,66,4,56,0,0,19,13,9,0,0,9,9,0,0
1,2,1,50,5,8,0,1.004251,1.001863,1.002794,9,0,334,100,100,0,0,0,2,0,4,4,0,80,0,69,39,0,0,2816,233,0,13,0,932,76,0,26,0,480,1,0,18,0,206,0,0,23,0,0,158,92,49,0,0,14,9,9,0,0,9,9,0,0
1,2,2,51,5,8,0,1.003674,0.998074,1.004716,9,0,334,100,100,0,0,0,4,4,0,0,0,80,0,64,39,0,0,2816,224,0,13,0,932,76,0,26,0,480,0,0,18,0,206,0,0,22,0,0,157,88,49,0,0,15,9,9,0,0,9,9,0,0
1,2,3,46,5,8,0,1.010432,1.001107,1.001475,8,0,334,100,100,0,0,0,4,4,0,0,0,80,0,51,33,0,0,2816,237,0,11,0,932,73,0,22,0,480,0,0,18,0,206,0,0,16,0,0,135,64,47,0,0,15,9,9,0,0,9,9,0,0
1,3,0,46,6,21,5,1.010401,1.003467,1.005224,16,0,334,100,100,0,0,0,0,-2,-6,-2,0,76,1,67,36,0,0,3200,172,0,12,0,932,87,0,24,0,544,1,0,0,0,130,12,0,21,0,0,134,84,30,0,0,10,0,9,0,0,9,9,0,0
1,3,1,46,6,21,5,0.999508,1.005749,1.004141,17,0,334,100,100,0,0,0,-2,0,-8,0,0,76,1,81,42,0,0,3200,169,0,14,0,932,90,0,28,0,544,1,0,0,0,130,13,0,19,0,0,213,76,32,0,0,5,0,9,0,0,9,9,0,0
1,3,2,43,6,21,5,1.00606,0.995627,1.001423,16,0,334,100,100,0,0,0,-6,-8,0,-2,0,76,1,76,42,0,0,3200,159,0,14,0,932,90,0,28,0,544,0,0,0,0,130,24,0,15,0,0,202,60,26,0,0,9,0,6,0,0,6,6,0,0
1,3,3,47,6,21,5,1.009259,1.002707,0.999978,17,0,334,100,100,0,0,0,-2,0,-2,0,0,76,1,62,36,0,0,3200,179,0,12,0,932,85,0,24,0,544,0,0,0,0,130,10,0,22,0,0,209,88,30,0,0,6,0,9,0,0,9,9,0,0
1,4,0,42,3,12,0,1.007904,1.00225,1.011356,25,0,334,100,100,0,0,0,0,0,-4,0,0,76,4,74,36,0,0,2888,186,0,12,0,923,99,0,24,0,417,1,0,26,0,272,0,0,12,0,0,143,48,54,0,0,15,13,8,0,0,8,8,0,0
1,4,1,45,3,12,0,0.997615,1.0045,1.005733,26,0,334,100,100,0,0,0,0,0,-6,2,0,76,4,92,39,0,0,2888,182,0,13,0,923,103,0,26,0,417,1,0,34,0,272,0,0,13,0,0,217,52,65,0,0,13,17,9,0,0,9,9,0,0
1,4,2,41,3,12,0,1.007251,0.993925,1.000787,20,0,334,100,100,0,0,0,-4,-6,0,0,0,76,4,88,39,0,0,2888,175,0,13,0,923,103,0,26,0,417,0,0,28,0,272,9,0,15,0,0,226,60,53,0,0,17,14,6,0,0,6,6,0,0
1,4,3,45,3,12,0,1.005016,1.005399,0.999352,25,0,334,100,100,0,0,0,0,2,0,0,0,76,4,70,36,0,0,2888,208,0,12,0,923,97,0,24,0,417,0,0,30,0,272,0,0,10,0,0,203,40,60,0,0,12,15,9,0,0,9,9,0,0
1,5,0,39,2,4,0,1.009763,1.005574,1.013417,30,0,334,100,100,0,0,0,0,0,-2,2,0,72,0,83,36,0,0,2896,204,0,12,0,935,111,0,24,0,477,1,0,18,0,237,0,0,6,0,0,138,24,40,0,0,19,9,5,0,0,5,5,0,0
1,5,1,47,2,4,0,0.999745,1.004119,1.003674,35,0,334,100,100,0,0,0,0,0,-4,4,0,72,0,103,39,0,0,2896,196,0,13,0,935,116,0,26,0,477,1,0,18,0,237,0,0,12,0,0,241,48,41,0,0,17,9,5,0,0,5,5,0,0
1,5,2,41,2,4,0,1.007251,0.993925,1.000787,26,0,334,100,100,0,0,0,-2,-4,0,0,0,72,0,110,42,0,0,2896,192,0,14,0,935,117,0,28,0,477,1,0,16,0,237,3,0,15,0,0,261,60,42,0,0,19,8,6,0,0,6,6,0,0
1,5,3,44,2,4,0,1.004108,1.005333,0.999988,34,0,334,100,100,0,0,0,2,4,0,0,0,72,0,79,36,0,0,2896,231,0,12,0,935,109,0,24,0,477,0,0,14,0,237,0,0,8,0,0,216,32,36,0,0,14,7,5,0,0,5,5,0,0
1,6,0,38,5,5,1,1.010581,1.004674,1.011501,34,0,334,100,100,0,0,0,0,-2,0,4,0,72,8,95,36,0,0,2984,225,0,12,0,935,123,0,24,0,526,1,0,0,0,158,14,0,16,0,68,186,64,16,0,0,17,0,2,0,0,2,2,0,0
1,6,1,48,5,5,1,0.997493,1.005388,1.002801,38,0,334,100,100,0,0,0,-2,0,-8,4,0,72,8,113,39,0,0,2984,208,0,13,0,935,129,0,26,0,526,1,0,0,0,158,20,0,19,0,68,296,76,21,0,0,13,0,4,0,0,4,4,0,0
1,6,2,41,5,5,1,1.008156,0.994635,1.003982,32,0,334,100,100,0,0,0,0,-8,0,0,0,72,8,125,42,0,0,2984,209,0,14,0,935,131,0,28,0,526,0,0,18,0,158,0,0,6,0,68,245,24,40,0,0,24,9,4,0,0,4,4,0,0
1,6,3,44,5,5,1,1.002817,1.004749,1.003314,38,0,334,100,100,0,0,0,4,4,0,0,0,72,8,87,36,0,0,2984,175,0,12,0,935,121,0,24,0,526,0,0,0,0,158,9,0,21,0,68,282,84,18,0,0,11,0,3,0,0,3,3,0,0
1,7,0,39,2,1,0,1.010893,1.005207,1.00984,36,0,334,100,100,0,0,0,0,-2,2,6,0,68,5,108,36,0,0,3040,175,0,12,0,929,135,0,24,0,484,1,0,16,0,264,1,0,16,0,0,237,64,30,0,0,24,8,1,0,0,1,1,0,0
1,7,1,48,2,1,0,0.997493,1.005388,1.002801,42,1,459,100,100,0,0,0,-2,0,-6,6,0,68,5,123,42,0,0,3040,226,0,14,0,929,143,0,28,0,484,1,0,16,0,264,0,0,21,0,0,297,84,53,0,0,1,8,20,0,0,3,3,0,0
1,7,2,41,2,1,0,1.011273,0.996528,1.004866,35,0,334,100,100,0,0,0,2,-6,0,0,0,68,5,141,42,0,0,3040,154,0,14,0,929,145,0,28,0,484,1,0,16,0,264,0,0,1,0,0,229,4,36,0,0,29,8,3,0,0,3,3,0,0
1,7,3,44,2,1,0,1.002817,1.004749,1.003314,41,0,334,100,100,0,0,0,6,6,0,0,0,68,5,95,39,0,0,3040,198,0,13,0,929,134,0,26,0,484,1,0,10,0,264,0,0,12,0,0,317,48,27,0,0,14,5,2,0,0,2,2,0,0
1,8,0,40,3,4,0,1.009177,1.004992,1.010543,37,0,334,100,100,0,0,0,0,0,4,8,0,68,0,122,36,0,0,2968,196,0,12,0,929,147,0,24,0,419,2,0,32,0,272,0,0,1,0,0,212,4,46,0,0,39,16,1,0,0,1,1,0,0
1,8,1,49,3,4,0,0.998033,1.005548,1.003072,45,1,459,100,100,0,0,0,0,0,-4,8,0,68,0,134,42,0,0,2968,164,0,14,0,929,157,0,28,0,419,0,0,34,0,272,0,0,0,0,0,262,0,52,0,0,16,17,2,0,0,2,2,0,0
1,8,2,40,3,4,0,1.01043,0.996234,1.005704,37,0,334,100,100,0,0,0,4,-4,0,2,0,68,0,159,42,0,0,2968,171,0,14,0,929,159,0,28,0,419,2,0,30,0,272,0,0,0,0,0,198,0,48,0,0,42,15,2,0,0,2,2,0,0
1,8,3,42,3,4,0,1.005412,1.009413,1.003341,40,1,459,100,100,0,0,0,8,8,2,0,0,68,0,101,33,0,0,2968,223,0,11,0,929,145,0,22,0,419,0,0,26,0,272,0,0,0,0,0,278,0,56,0,0,9,13,18,0,0,1,1,0,0
1,9,0,39,1,5,0,1.011077,1.003082,1.010176,37,0,334,100,100,0,0,0,0,0,6,10,0,64,15,129,36,0,0,2976,216,0,12,0,938,159,0,24,0,519,1,0,4,0,176,10,0,17,0,0,279,68,18,0,0,40,2,1,0,0,1,1,0,0
1,9,1,47,1,5,0,0.995717,1.002374,1.004908,45,1,459,100,100,0,0,0,0,0,-2,10,0,64,15,137,42,0,0,2976,181,0,14,0,938,168,0,28,0,519,1,0,8,0,176,0,0,18,0,0,327,72,24,0,0,19,4,1,0,0,1,1,0,0
1,9,2,38,1,5,0,1.011678,0.992599,1.006107,37,0,334,100,100,0,0,0,6,-2,0,2,0,64,15,173,42,0,0,2976,189,0,14,0,938,173,0,28,0,519,1,0,2,0,176,9,0,15,0,0,257,60,18,0,0,42,1,1,0,0,1,1,0,0
1,9,3,43,1,5,0,1.003899,1.008479,1.000336,41,1,459,100,100,0,0,0,10,10,2,0,0,64,15,108,33,0,0,2976,170,0,11,0,938,156,0,22,0,519,0,0,12,0,176,0,0,18,0,0,342,72,25,0,0,14,6,1,0,0,1,1,0,0
1,10,0,37,0,6,0,1.013198,1.004565,1.012235,36,1,459,100,100,0,0,0,0,0,8,12,0,64,3,144,36,0,0,2968,165,0,12,0,932,171,0,24,0,506,0,0,22,0,228,0,0,11,0,0,285,44,53,0,0,33,11,18,0,0,1,1,0,0
1,10,1,47,0,6,0,0.995717,1.002374,1.004908,46,2,584,100,100,0,0,0,0,0,-2,12,0,64,3,143,42,0,0,2968,200,0,14,0,932,182,0,28,0,506,1,0,0,0,228,1,0,22,0,0,399,88,33,0,0,1,0,18,0,0,1,1,0,0
1,10,2,36,0,6,0,1.010023,0.994941,1.008233,36,1,459,100,100,0,0,0,8,-2,0,2,0,64,3,193,42,0,0,2968,209,0,14,0,932,187,0,28,0,506,1,0,14,0,228,0,0,11,0,0,270,44,45,0,0,32,7,17,0,0,0,0,0,0
1,10,3,41,0,6,0,1.003755,1.005848,0.999352,40,1,459,100,100,0,0,0,12,12,2,0,0,64,3,113,33,0,0,2968,188,0,11,0,932,167,0,22,0,506,0,0,0,0,228,0,0,18,0,0,418,72,13,0,0,13,0,1,0,0,1,1,0,0
1,11,0,37,2,10,0,1.012242,1.00769,1.010418,36,1,459,100,100,0,0,0,0,2,10,14,0,60,0,158,36,0,0,2992,172,0,12,0,935,183,0,24,0,527,0,0,0,0,221,3,0,15,0,0,350,60,12,0,0,33,0,0,0,0,0,0,0,0
1,11,1,45,2,10,0,0.995576,1.001151,1.007589,44,2,584,100,100,0,0,0,2,0,0,14,0,60,0,141,33,0,0,2992,222,0,11,0,935,193,0,22,0,527,1,0,12,0,221,0,0,4,0,0,409,16,23,0,0,7,6,0,0,0,0,0,0,0
1,11,2,34,2,10,0,1.010523,0.998178,1.012218,34,1,459,100,100,0,0,0,10,0,0,4,0,60,0,212,39,0,0,2992,160,0,13,0,935,200,0,26,0,527,1,0,2,0,221,0,0,6,0,0,294,24,15,0,0,33,1,0,0,0,0,0,0,0
1,11,3,37,2,10,0,1.000021,1.007599,0.997066,37,1,459,100,100,0,0,0,14,14,4,0,0,60,0,115,30,0,0,2992,209,0,10,0,935,177,0,20,0,527,1,0,2,0,221,0,0,15,0,0,449,60,12,0,0,14,1,0,0,0,0,0,0,0
1,12,0,37,1,3,0,1.012242,1.00769,1.010418,36,1,459,100,100,0,0,0,0,2,12,16,0,60,11,168,36,0,0,3080,179,0,12,0,984,188,0,24,0,463,1,0,14,0,270,0,0,3,0,2,351,12,28,0,0,39,7,1,0,0,1,1,0,0
1,12,1,43,1,3,0,0.994421,1.001279,1.008236,42,2,584,100,100,0,0,0,2,0,2,16,0,60,11,131,27,0,0,3080,168,0,9,0,984,197,0,18,0,463,1,0,24,0,270,0,0,0,0,2,391,0,35,0,0,18,12,1,0,0,1,1,0,0
1,12,2,34,1,3,0,1.013257,1.000332,1.011734,33,1,459,100,100,0,0,0,12,2,0,4,0,60,11,233,39,0,0,3080,177,0,13,0,984,204,0,26,0,463,1,0,18,0,270,0,0,0,0,2,278,0,31,0,0,42,9,0,0,0,0,0,0,0
1,12,3,37,1,3,0,1.000021,1.007599,0.997066,37,2,584,100,100,0,0,0,16,16,4,0,0,60,11,121,30,0,0,3080,162,0,10,0,984,174,0,20,0,463,1,0,24,0,270,0,0,0,0,2,408,0,51,0,0,9,12,17,0,0,0,0,0,0
1,13,0,34,0,11,0,1.011825,1.012883,1.009198,34,1,459,100,100,0,0,0,0,4,14,18,0,56,0,172,33,0,0,2928,187,0,11,0,956,199,0,22,0,500,0,0,10,0,269,0,0,1,0,0,349,4,21,0,0,44,5,0,0,0,0,0,0,0
1,13,1,39,0,11,0,0.993185,0.997833,1.008492,39,2,584,100,100,0,0,0,4,0,4,18,0,56,0,122,24,0,0,2928,189,0,8,0,956,205,0,16,0,500,0,0,12,0,269,0,0,2,0,0,392,8,20,0,0,24,6,0,0,0,0,0,0,0
1,13,2,34,0,11,0,1.013257,1.000332,1.011734,33,1,459,100,100,0,0,0,14,4,0,6,0,56,0,249,39,0,0,2928,194,0,13,0,956,217,0,26,0,500,0,0,10,0,269,0,0,0,0,0,270,0,25,0,0,46,5,1,0,0,1,1,0,0
1,13,3,33,0,11,0,0.999073,1.006349,0.998141,33,2,584,100,100,0,0,0,18,18,6,0,0,56,0,122,30,0,0,2928,187,0,10,0,956,184,0,20,0,500,1,0,12,0,269,0,0,0,0,0,396,0,22,0,0,15,6,0,0,0,0,0,0,0
1,14,0,34,3,1,0,1.014245,1.016695,1.011112,33,2,584,100,100,0,0,0,0,4,16,20,1,56,0,182,30,0,0,2936,199,0,10,0,962,209,0,20,0,544,0,0,0,0,178,8,0,15,0,0,399,60,27,0,0,27,0,17,0,0,0,0,0,0
1,14,1,40,3,1,0,0.993314,0.998836,1.008905,39,2,584,100,100,0,0,0,4,0,6,20,1,56,0,120,24,0,0,2936,214,0,8,0,962,213,0,16,0,544,0,0,0,0,178,11,0,19,0,0,477,76,8,0,0,24,0,0,0,0,0,0,0,0
1,14,2,35,3,1,0,1.013495,0.997533,1.012541,34,1,459,100,100,0,0,0,16,6,0,8,0,56,0,269,39,0,0,2936,211,0,13,0,962,230,0,26,0,544,0,0,0,0,178,5,0,14,0,0,330,56,13,0,0,46,0,0,0,0,0,0,0,0
1,14,3,33,3,1,0,0.999073,1.006349,0.998141,33,2,584,100,100,0,0,0,20,20,8,0,2,56,0,133,30,0,0,2936,216,0,10,0,962,194,0,20,0,544,1,0,0,0,178,7,0,15,0,0,463,60,10,0,0,15,0,0,0,0,0,0,0,0
1,15,0,35,3,0,0,1.015404,1.01799,1.009554,33,2,584,100,100,0,0,0,0,4,18,22,1,52,7,189,30,0,0,3144,211,0,10,0,965,219,0,20,0,497,1,0,10,0,272,0,0,8,0,0,426,32,22,0,0,31,5,1,0,0,1,1,0,0
1,15,1,41,3,0,0,0.992655,0.998843,1.010033,39,3,709,100,100,0,0,0,4,0,8,22,1,52,7,116,24,0,0,3144,166,0,8,0,965,221,0,16,0,497,0,0,16,0,272,0,0,11,0,0,495,44,43,0,0,14,8,18,0,0,1,1,0,0
1,15,2,35,3,0,0,1.013495,0.997533,1.012541,34,1,459,100,100,0,0,0,18,8,0,8,0,52,7,283,39,0,0,3144,163,0,13,0,965,243,0,26,0,497,1,0,8,0,272,0,0,5,0,0,344,20,23,0,0,49,4,1,0,0,1,1,0,0
1,15,3,34,3,0,0,0.998871,1.008586,0.9974,33,2,584,100,100,0,0,0,22,22,8,0,2,52,7,142,30,0,0,3144,173,0,10,0,965,204,0,20,0,497,0,0,12,0,272,0,0,7,0,0,486,28,22,0,0,21,6,0,0,0,0,0,0,0
1,16,0,32,3,12,0,1.019874,1.016793,1.008723,31,2,584,100,100,0,0,0,0,4,20,24,2,52,4,187,21,0,0,2992,169,0,7,0,962,226,0,14,0,477,0,0,14,0,272,0,0,0,0,4,420,0,23,0,0,37,7,1,0,0,1,1,0,0
1,16,1,38,3,12,0,0.992415,0.999504,1.009363,37,3,709,100,100,0,0,0,4,0,10,22,1,52,4,102,18,0,0,2992,191,0,6,0,962,227,0,12,0,477,0,0,24,0,272,0,0,0,0,4,480,0,32,0,0,25,12,1,0,0,1,1,0,0
1,16,2,33,3,12,0,1.016151,0.992223,1.012484,31,1,459,100,100,0,0,0,20,10,0,8,1,52,4,291,30,0,0,2992,174,0,10,0,962,253,0,20,0,477,0,0,14,0,272,0,0,0,0,4,337,0,24,0,0,56,7,0,0,0,0,0,0,0
1,16,3,33,3,12,0,0.997125,1.008275,0.998715,31,2,584,100,100,0,0,0,24,22,8,0,2,52,4,143,24,0,0,2992,203,0,8,0,962,212,0,16,0,477,1,0,16,0,272,0,0,0,0,4,473,0,26,0,0,28,8,1,0,0,1,1,0,0
1,17,0,32,0,3,0,1.019874,1.016793,1.008723,32,2,584,100,100,0,0,0,0,6,22,26,2,48,2,185,21,0,0,3000,194,0,7,0,995,233,0,14,0,472,1,0,14,0,258,0,0,6,0,0,440,24,21,0,0,44,7,0,0,0,0,0,0,0
1,17,1,38,0,3,0,0.992415,0.999504,1.009363,38,3,709,100,100,0,0,0,6,0,12,24,1,48,2,92,18,0,0,3000,219,0,6,0,995,233,0,12,0,472,0,0,24,0,258,0,0,4,0,0,483,16,30,0,0,37,12,0,0,0,0,0,0,0
1,17,2,31,0,3,0,1.016777,0.996003,1.013089,29,1,459,100,100,0,0,0,22,12,0,10,1,48,2,295,27,0,0,3000,196,0,9,0,995,262,0,18,0,472,1,0,14,0,258,0,0,0,0,0,326,0,25,0,0,62,7,1,0,0,1,1,0,0
1,17,3,32,0,3,0,0.999974,1.008661,0.996803,31,2,584,100,100,0,0,0,26,24,10,0,2,48,2,146,24,0,0,3000,162,0,8,0,995,220,0,16,0,472,1,0,18,0,258,0,0,4,0,0,477,16,28,0,0,36,9,1,0,0,1,1,0,0
1,18,0,31,0,7,0,1.020244,1.01683,1.009477,31,2,584,100,100,0,0,0,0,6,24,28,2,48,12,182,21,0,0,3008,211,0,7,0,998,240,0,14,0,493,0,0,10,0,212,3,0,15,0,59,484,60,17,0,0,49,5,0,0,0,0,0,0,0
1,18,1,35,0,7,0,0.993684,0.998163,1.011724,35,3,709,100,100,0,0,0,6,0,14,26,1,48,12,73,15,0,0,3008,176,0,5,0,998,238,0,10,0,493,0,0,12,0,212,0,0,18,0,59,546,72,17,0,0,43,6,0,0,0,0,0,0,0
1,18,2,29,0,7,0,1.015072,0.99178,1.016576,28,1,459,100,100,0,0,0,24,14,0,10,1,48,12,289,21,0,0,3008,222,0,7,0,998,269,0,14,0,493,1,0,12,0,212,0,0,9,0,59,341,36,21,0,0,67,6,1,0,0,1,1,0,0
1,18,3,31,0,7,0,1.000575,1.010686,0.994204,31,3,709,100,100,0,0,0,28,26,10,0,2,48,12,141,21,0,0,3008,187,0,7,0,998,227,0,14,0,493,1,0,18,0,212,0,0,12,0,59,483,48,42,0,0,28,9,17,0,0,0,0,0,0
1,19,0,32,1,2,0,1.021257,1.014766,1.009081,31,3,709,100,100,0,0,0,0,6,26,30,2,44,3,185,21,0,0,3064,173,0,7,0,1010,247,0,14,0,535,1,0,8,0,198,0,0,11,0,0,513,44,32,0,0,36,4,17,0,0,0,0,0,0
1,19,1,35,1,2,0,0.993684,0.998163,1.011724,35,4,834,100,100,0,0,0,6,0,16,28,1,44,3,66,15,0,0,3064,208,0,5,0,1010,243,0,10,0,535,0,0,0,0,198,8,0,19,0,0,617,76,22,0,0,26,0,17,0,0,0,0,0,0
1,19,2,28,1,2,0,1.016812,0.992236,1.02012,28,2,584,100,100,0,0,0,26,16,0,10,1,44,3,287,21,0,0,3064,186,0,7,0,1010,276,0,14,0,535,1,0,0,0,198,1,0,14,0,0,389,56,24,0,0,50,0,17,0,0,0,0,0,0
1,19,3,30,1,2,0,1.002608,1.010064,0.993734,30,3,709,100,100,0,0,0,30,28,10,0,2,44,3,137,18,0,0,3064,214,0,6,0,1010,233,0,12,0,535,1,0,0,0,198,10,0,14,0,0,550,56,6,0,0,28,0,0,0,0,0,0,0,0
1,20,0,32,0,6,0,1.021257,1.014766,1.009081,31,3,709,100,100,0,0,0,0,6,26,32,2,44,9,183,21,0,0,3072,198,0,7,0,1013,254,0,14,0,498,1,0,4,0,251,5,0,16,0,68,564,64,13,0,0,37,2,1,0,0,1,1,0,0
1,20,1,33,0,6,0,0.987273,0.993686,1.01247,33,4,834,100,100,0,0,0,6,0,18,30,1,44,9,55,15,0,0,3072,168,0,5,0,1013,248,0,10,0,498,0,0,16,0,251,0,0,8,0,68,628,32,21,0,0,34,8,0,0,0,0,0,0,0
1,20,2,27,0,6,0,1.020663,0.99331,1.018079,27,2,584,100,100,0,0,0,26,18,0,10,1,44,9,289,21,0,0,3072,207,0,7,0,1013,283,0,14,0,498,0,0,10,0,251,0,0,1,0,68,376,4,17,0,0,55,5,0,0,0,0,0,0,0
1,20,3,27,0,6,0,1.002196,1.011346,0.993831,27,3,709,100,100,0,0,0,32,30,10,0,2,44,9,133,18,0,0,3072,178,0,6,0,1013,239,0,12,0,498,1,0,14,0,251,0,0,10,0,68,570,40,20,0,0,35,7,0,0,0,0,0,0,0
1,21,0,31,0,2,0,1.01827,1.011505,1.010594,31,3,709,100,100,0,0,0,0,6,26,34,2,40,4,178,18,0,0,3016,224,0,6,0,1013,260,0,12,0,438,0,0,28,0,272,0,0,5,0,68,550,20,34,0,0,51,14,0,0,0,0,0,0,0
1,21,1,32,0,2,0,0.984569,0.992573,1.013115,32,4,834,100,100,0,0,0,6,0,18,32,1,40,4,44,12,0,0,3016,195,0,4,0,1013,252,0,8,0,438,0,0,30,0,272,0,0,0,0,68,594,0,34,0,0,49,15,0,0,0,0,0,0,0
1,21,2,27,0,2,0,1.020663,0.99331,1.018079,27,2,584,100,100,0,0,0,26,18,0,10,1,40,4,291,21,0,0,3016,173,0,7,0,1013,290,0,14,0,438,1,0,20,0,272,0,0,0,0,68,349,0,27,0,0,65,10,0,0,0,0,0,0,0
1,21,3,27,0,2,0,1.002196,1.011346,0.993831,27,3,709,100,100,0,0,0,34,32,10,0,2,40,4,133,18,0,0,3016,201,0,6,0,1013,245,0,12,0,438,7,0,22,0,272,0,0,0,0,68,542,0,28,0,0,46,11,0,0,0,0,0,0,0
1,22,0,30,0,2,0,1.022013,1.012025,1.00895,30,3,709,100,100,0,0,0,0,8,28,36,2,40,3,173,18,0,0,3080,187,0,6,0,1019,266,0,12,0,436,1,0,26,0,272,0,0,0,0,0,535,0,32,0,0,64,13,0,0,0,0,0,0,0
1,22,1,32,0,2,0,0.984569,0.992573,1.013115,32,4,834,100,100,0,0,0,8,0,20,34,2,40,3,34,12,0,0,3080,223,0,4,0,1019,256,0,8,0,436,0,0,30,0,272,0,0,0,0,0,577,0,34,0,0,64,15,0,0,0,0,0,0,0
1,22,2,26,0,2,0,1.016955,0.990573,1.017434,26,2,584,100,100,0,0,0,28,20,0,10,2,40,3,296,21,0,0,3080,187,0,7,0,1019,297,0,14,0,436,0,0,22,0,272,0,0,0,0,0,337,0,29,0,0,76,11,0,0,0,0,0,0,0
1,22,3,27,0,2,0,1.002196,1.011346,0.993831,27,3,709,100,100,0,0,0,36,34,10,0,2,40,3,131,18,0,0,3080,168,0,6,0,1019,251,0,12,0,436,15,0,22,0,272,0,0,0,0,0,531,0,28,0,0,57,11,0,0,0,0,0,0,0
1,23,0,30,2,2,0,1.022013,1.012025,1.00895,30,4,834,100,100,0,0,0,0,10,30,38,2,36,6,165,18,0,0,3040,207,0,6,0,1019,272,0,12,0,535,1,0,2,0,202,5,0,15,0,5,587,60,25,0,0,48,1,17,0,0,0,0,0,0
1,23,1,31,2,2,0,0.985158,0.992362,1.011758,31,4,834,100,100,0,0,0,10,0,24,38,2,36,6,22,9,0,0,3040,188,0,3,0,1019,259,0,6,0,535,1,0,2,0,202,0,0,18,0,5,661,72,5,0,0,65,1,0,0,0,0,0,0,0
1,23,2,27,2,2,0,1.010695,0.989992,1.017919,25,2,584,100,100,0,0,0,30,24,0,10,2,36,6,299,21,0,0,3040,194,0,7,0,1019,304,0,14,0,535,1,0,0,0,202,4,0,11,0,5,391,44,7,0,0,76,0,0,0,0,0,0,0,0
1,23,3,27,2,2,0,1.002196,1.011346,0.993831,27,3,709,100,100,0,0,0,38,38,10,0,2,36,6,128,18,0,0,3040,191,0,6,0,1019,257,0,12,0,535,0,0,18,0,202,6,0,11,0,5,563,44,24,0,0,66,9,0,0,0,0,0,0,0
1,24,0,30,0,7,0,1.022013,1.012025,1.00895,30,4,834,100,100,0,0,0,0,14,32,40,2,36,8,155,18,0,0,3096,171,0,6,0,1022,278,0,12,0,473,1,0,20,0,258,0,0,5,0,0,605,20,26,0,0,58,10,0,0,0,0,0,0,0
1,24,1,27,0,7,0,0.984526,0.991363,1.014098,27,4,834,100,100,0,0,0,14,0,28,42,2,36,8,16,9,0,0,3096,194,0,3,0,1022,262,0,6,0,473,1,0,12,0,258,0,0,14,0,0,718,56,15,0,0,71,6,0,0,0,0,0,0,0
1,24,2,26,0,7,0,1.012301,0.990515,1.017342,24,2,584,100,100,0,0,0,32,28,0,12,2,36,8,298,21,0,0,3096,160,0,7,0,1022,311,0,14,0,473,0,0,18,0,258,0,0,4,0,0,398,16,27,0,0,84,9,1,0,0,1,1,0,0
1,24,3,25,0,7,0,1.000893,1.012282,0.992852,25,3,709,100,100,0,0,0,40,42,12,0,2,36,8,123,15,0,0,3096,215,0,5,0,1022,259,0,10,0,473,1,0,18,0,258,0,0,6,0,0,574,24,23,0,0,75,9,0,0,0,0,0,0,0
1,25,0,28,0,14,0,1.022002,1.011391,1.0133,28,4,834,100,100,0,0,0,0,16,34,42,2,32,1,146,15,0,0,3104,184,0,5,0,1025,283,0,10,0,467,1,0,26,0,272,0,0,0,0,54,577,0,31,0,0,71,13,0,0,0,0,0,0,0
1,25,1,17,0,14,0,0.982916,0.99399,1.021857,17,4,834,100,100,0,0,0,16,0,32,46,2,32,1,16,9,0,0,3104,164,0,3,0,1025,265,0,6,0,467,1,0,12,0,272,0,0,0,0,54,703,0,15,0,0,77,6,0,0,0,0,0,0,0
1,25,2,25,0,14,0,1.015209,0.988962,1.017703,24,2,584,100,100,0,0,0,34,32,0,14,2,32,1,298,18,0,0,3104,168,0,6,0,1025,317,0,12,0,467,1,0,14,0,272,0,0,0,0,54,376,0,22,0,0,90,7,1,0,0,1,1,0,0
1,25,3,24,0,14,0,1.002136,1.014246,0.991999,24,3,709,100,100,0,0,0,42,46,14,0,2,32,1,119,15,0,0,3104,185,0,5,0,1025,264,0,10,0,467,5,0,20,0,272,0,0,0,0,54,557,0,25,0,0,85,10,0,0,0,0,0,0,0
1,26,0,27,0,4,0,1.020866,1.013635,1.01391,27,4,834,100,100,0,0,0,0,18,36,44,2,32,4,137,15,0,0,3040,191,0,5,0,1031,288,0,10,0,534,0,0,4,0,203,8,0,13,0,5,637,52,9,0,0,73,2,0,0,0,0,0,0,0
1,26,1,17,0,4,0,0.982916,0.99399,1.021857,17,4,834,100,100,0,0,0,18,0,36,50,2,32,4,17,9,0,0,3040,168,0,3,0,1031,268,0,6,0,534,0,0,4,0,203,0,0,9,0,5,749,36,7,0,0,79,2,0,0,0,0,0,0,0
1,26,2,24,0,4,0,1.018183,0.987172,1.018781,24,2,584,100,100,0,0,0,36,36,0,14,2,32,4,298,18,0,0,3040,177,0,6,0,1031,323,0,12,0,534,1,0,2,0,203,3,0,12,0,5,433,48,8,0,0,91,1,0,0,0,0,0,0,0
1,26,3,22,0,4,0,1.00319,1.012416,0.994526,22,3,709,100,100,0,0,0,44,50,14,0,2,32,4,118,15,0,0,3040,196,0,5,0,1031,269,0,10,0,534,1,0,6,0,203,9,0,9,0,5,594,36,11,0,0,88,3,0,0,0,0,0,0,0
1,27,0,26,0,3,0,1.024492,1.016271,1.015957,26,4,834,100,100,0,0,0,0,20,38,44,3,28,0,131,15,0,0,3096,199,0,5,0,1031,293,0,10,0,487,0,0,24,0,266,0,0,8,0,0,655,32,29,0,0,85,12,0,0,0,0,0,0,0
1,27,1,17,0,3,0,0.982916,0.99399,1.021857,17,4,834,100,100,0,0,0,20,0,40,54,3,28,0,18,9,0,0,3096,172,0,3,0,1031,271,0,6,0,487,1,0,8,0,266,0,0,6,0,0,779,24,11,0,0,83,4,0,0,0,0,0,0,0
1,27,2,22,0,3,0,1.017143,0.986065,1.023797,22,2,584,100,100,0,0,0,38,40,0,14,2,28,0,298,18,0,0,3096,179,0,6,0,1031,329,0,12,0,487,1,0,12,0,266,0,0,3,0,0,442,12,18,0,0,97,6,0,0,0,0,0,0,0
1,27,3,22,0,3,0,1.00319,1.012416,0.994526,22,4,834,100,100,0,0,0,44,54,14,0,2,28,0,116,15,0,0,3096,169,0,5,0,1031,274,0,10,0,487,1,0,12,0,266,0,0,9,0,0,613,36,34,0,0,77,6,17,0,0,0,0,0,0
1,28,0,26,1,1,0,1.024492,1.016271,1.015957,26,4,834,100,100,0,0,0,0,22,40,44,3,28,4,122,15,0,0,3104,168,0,5,0,1031,298,0,10,0,471,0,0,24,0,272,0,0,0,0,5,643,0,29,0,0,97,12,0,0,0,0,0,0,0
1,28,1,17,1,1,0,0.97705,0.992663,1.022812,16,4,834,100,100,0,0,0,22,0,44,58,3,28,4,18,9,0,0,3104,168,0,3,0,1031,274,0,6,0,471,0,0,14,0,272,0,0,0,0,5,779,0,17,0,0,90,7,0,0,0,0,0,0,0
1,28,2,22,1,1,0,1.017143,0.986065,1.023797,22,2,584,100,100,0,0,0,40,44,0,14,2,28,4,299,18,0,0,3104,183,0,6,0,1031,335,0,12,0,471,1,0,18,0,272,0,0,0,0,5,435,0,24,0,0,106,9,0,0,0,0,0,0,0
1,28,3,22,1,1,0,1.00319,1.012416,0.994526,22,4,834,100,100,0,0,0,44,58,14,0,2,28,4,114,15,0,0,3104,182,0,5,0,1031,279,0,10,0,471,1,0,18,0,272,0,0,0,0,5,602,0,23,0,0,86,9,0,0,0,0,0,0,0
1,29,0,26,0,1,0,1.024492,1.016271,1.015957,26,4,834,100,100,0,0,0,0,24,42,46,3,24,1,115,15,0,0,3072,177,0,5,0,1028,303,0,10,0,533,0,0,4,0,236,0,0,11,0,5,695,44,9,0,0,99,2,0,0,0,0,0,0,0
1,29,1,16,0,1,0,0.977917,0.99408,1.022967,15,4,834,100,100,0,0,0,24,0,48,60,3,24,1,23,12,0,0,3072,163,0,4,0,1028,278,0,8,0,533,1,0,0,0,236,0,0,7,0,5,818,28,6,0,0,89,0,1,0,0,1,1,0,0
1,29,2,22,0,1,0,1.017143,0.986065,1.023797,22,2,584,100,100,0,0,0,42,48,0,14,2,24,1,299,18,0,0,3072,187,0,6,0,1028,341,0,12,0,533,1,0,4,0,236,0,0,4,0,5,458,16,10,0,0,108,2,0,0,0,0,0,0,0
1,29,3,22,0,1,0,1.00319,1.012416,0.994526,22,4,834,100,100,0,0,0,46,60,14,0,2,24,1,112,15,0,0,3072,195,0,5,0,1028,284,0,10,0,533,1,0,2,0,236,2,0,9,0,5,643,36,7,0,0,87,1,0,0,0,0,0,0,0
1,30,0,25,0,1,0,1.025786,1.013666,1.014517,25,4,834,100,100,0,0,0,0,26,44,48,3,24,4,104,12,0,0,3112,187,0,4,0,1028,307,0,8,0,534,0,0,2,0,205,11,0,12,0,0,754,48,6,0,0,100,1,0,0,0,0,0,0,0
1,30,1,16,0,1,0,0.977917,0.99408,1.022967,16,4,834,100,100,0,0,0,26,0,52,64,3,24,4,28,12,0,0,3112,159,0,4,0,1028,282,0,8,0,534,1,0,0,0,205,4,0,8,0,0,830,32,4,0,0,89,0,0,0,0,0,0,0,0
1,30,2,22,0,1,0,1.017143,0.986065,1.023797,22,3,709,100,100,0,0,0,44,52,0,14,2,24,4,299,18,0,0,3112,191,0,6,0,1028,347,0,12,0,534,1,0,0,0,205,8,0,10,0,0,492,40,23,0,0,91,0,17,0,0,0,0,0,0
1,30,3,22,0,1,0,1.00319,1.012416,0.994526,22,4,834,100,100,0,0,0,48,64,14,0,2,24,4,109,15,0,0,3112,168,0,5,0,1028,289,0,10,0,534,1,0,8,0,205,7,0,9,0,0,683,36,13,0,0,91,4,0,0,0,0,0,0,0
1,31,0,24,0,2,0,1.026704,1.014053,1.012677,24,4,834,100,100,0,0,0,0,28,46,48,3,20,3,92,12,0,0,3116,186,0,4,0,1031,311,0,8,0,499,0,0,16,0,272,0,0,11,0,0,795,44,20,0,0,108,8,0,0,0,0,0,0,0
1,31,1,16,0,2,0,0.977917,0.99408,1.022967,16,4,834,100,100,0,0,0,28,0,56,68,3,20,3,29,12,0,0,3116,152,0,4,0,1031,286,0,8,0,499,1,0,8,0,272,0,0,4,0,0,828,16,12,0,0,93,4,0,0,0,0,0,0,0
1,31,2,22,0,2,0,1.017143,0.986065,1.023797,22,3,709,100,100,0,0,0,46,56,0,14,2,20,3,299,18,0,0,3116,163,0,6,0,1031,353,0,12,0,499,1,0,8,0,272,0,0,8,0,0,527,32,14,0,0,95,4,0,0,0,0,0,0,0
1,31,3,21,0,2,0,1.001746,1.016974,0.994724,21,4,834,100,100,0,0,0,48,68,14,0,2,20,3,108,15,0,0,3116,176,0,5,0,1031,294,0,10,0,499,1,0,10,0,272,0,0,7,0,0,713,28,15,0,0,96,5,0,0,0,0,0,0,0
1,32,0,23,0,4,0,1.026196,1.012442,1.014478,23,4,834,100,100,0,0,0,0,30,48,48,3,20,4,81,12,0,0,3080,190,0,4,0,1031,315,0,8,0,502,1,0,10,0,236,2,0,11,0,68,825,44,14,0,0,113,5,0,0,0,0,0,0,0
1,32,1,16,0,4,0,0.977917,0.99408,1.022967,16,4,834,100,100,0,0,0,30,0,58,72,3,20,4,32,12,0,0,3080,148,0,4,0,1031,290,0,8,0,502,0,0,8,0,236,0,0,5,0,68,830,20,12,0,0,97,4,0,0,0,0,0,0,0
1,32,2,20,0,4,0,1.011484,0.982021,1.023397,20,3,709,100,100,0,0,0,48,58,0,14,2,20,4,296,18,0,0,3080,159,0,6,0,1031,359,0,12,0,502,0,0,16,0,236,0,0,0,0,68,505,0,22,0,0,103,8,0,0,0,0,0,0,0
1,32,3,20,0,4,0,1.002222,1.013701,0.995813,20,4,834,100,100,0,0,0,48,72,14,0,2,20,4,105,15,0,0,3080,190,0,5,0,1031,299,0,10,0,502,0,0,10,0,236,0,0,9,0,68,734,36,15,0,0,101,5,0,0,0,0,0,0,0
1,33,0,23,0,0,0,1.026196,1.012442,1.014478,23,4,834,100,100,0,0,0,0,32,48,50,3,20,5,73,12,0,0,3160,163,0,4,0,1031,319,0,8,0,490,1,0,18,0,272,0,0,2,0,0,814,8,22,0,0,122,9,0,0,0,0,0,0,0
1,33,1,16,0,0,0,0.977917,0.99408,1.022967,16,4,834,100,100,0,0,0,32,0,62,74,3,20,5,34,12,0,0,3160,144,0,4,0,1031,294,0,8,0,490,1,0,8,0,272,0,0,0,0,0,822,0,12,0,0,101,4,0,0,0,0,0,0,0
1,33,2,20,0,0,0,1.011484,0.982021,1.023397,20,3,709,100,100,0,0,0,48,62,0,14,2,20,5,297,18,0,0,3160,157,0,6,0,1031,365,0,12,0,490,0,0,12,0,272,0,0,0,0,0,504,0,18,0,0,109,6,0,0,0,0,0,0,0
1,33,3,20,0,0,0,1.002222,1.013701,0.995813,20,4,834,100,100,0,0,0,50,74,14,0,2,20,5,103,15,0,0,3160,165,0,5,0,1031,304,0,10,0,490,1,0,14,0,272,0,0,0,0,0,732,0,19,0,0,108,7,0,0,0,0,0,0,0
1,34,0,20,0,10,0,1.030085,1.010605,1.014737,20,4,834,100,100,0,0,0,0,32,50,50,3,20,3,67,12,0,0,3088,168,0,4,0,1031,323,0,8,0,538,0,0,4,0,247,0,0,6,0,5,830,24,8,0,0,124,2,0,0,0,0,0,0,0
1,34,1,15,0,10,0,0.973884,0.990279,1.026416,15,4,834,100,100,0,0,0,32,0,64,76,3,20,3,34,12,0,0,3088,140,0,4,0,1031,298,0,8,0,538,0,0,2,0,247,0,0,3,0,5,830,12,6,0,0,102,1,0,0,0,0,0,0,0
1,34,2,17,0,10,0,1.006744,0.977217,1.026036,17,3,709,100,100,0,0,0,50,64,0,14,2,20,3,298,18,0,0,3088,155,0,6,0,1031,371,0,12,0,538,1,0,0,0,247,0,0,0,0,5,515,0,6,0,0,109,0,0,0,0,0,0,0,0
1,34,3,17,0,10,0,0.999274,1.009718,0.992247,17,4,834,100,100,0,0,0,50,76,14,0,2,20,3,103,15,0,0,3088,180,0,5,0,1031,309,0,10,0,538,0,0,2,0,247,0,0,3,0,5,749,12,7,0,0,109,1,0,0,0,0,0,0,0
1,35,0,20,0,3,0,1.030085,1.010605,1.014737,20,4,834,100,100,0,0,0,0,34,52,52,3,20,2,63,12,0,0,3088,176,0,4,0,1031,327,0,8,0,519,1,0,4,0,258,0,0,10,0,5,830,40,8,0,0,126,2,0,0,0,0,0,0,0
1,35,1,14,0,3,0,0.971752,0.989272,1.024111,14,4,834,100,100,0,0,0,34,0,64,78,3,20,2,35,12,0,0,3088,129,0,4,0,1031,302,0,8,0,519,1,0,4,0,258,0,0,4,0,5,830,16,8,0,0,104,2,0,0,0,0,0,0,0
1,35,2,15,0,3,0,0.994232,0.976287,1.03676,15,3,709,100,100,0,0,0,52,64,0,14,2,20,2,304,18,0,0,3088,140,0,6,0,1031,377,0,12,0,519,1,0,6,0,258,0,0,0,0,5,520,0,12,0,0,112,3,0,0,0,0,0,0,0
1,35,3,17,0,3,0,0.999274,1.009718,0.992247,17,4,834,100,100,0,0,0,52,78,14,0,2,20,2,106,15,0,0,3088,198,0,5,0,1031,314,0,10,0,519,1,0,8,0,258,0,0,0,0,5,748,0,13,0,0,113,4,0,0,0,0,0,0,0
1,36,0,19,0,1,0,1.02504,1.00459,1.015766,19,4,834,100,100,0,0,0,0,34,54,52,3,20,8,56,12,0,0,3152,176,0,4,0,1031,331,0,8,0,534,1,0,2,0,267,0,0,3,0,0,830,12,6,0,0,127,1,0,0,0,0,0,0,0
1,36,1,14,0,1,0,0.971752,0.989272,1.024111,14,4,834,100,100,0,0,0,34,0,66,80,3,20,8,36,12,0,0,3152,119,0,4,0,1031,306,0,8,0,534,1,0,4,0,267,0,0,2,0,0,828,8,8,0,0,106,2,0,0,0,0,0,0,0
1,36,2,15,0,1,0,0.994232,0.976287,1.03676,15,3,709,100,100,0,0,0,54,66,0,14,2,20,8,311,18,0,0,3152,127,0,6,0,1031,383,0,12,0,534,0,0,4,0,267,0,0,0,0,0,527,0,10,0,0,114,2,0,0,0,0,0,0,0
1,36,3,17,0,1,0,0.999274,1.009718,0.992247,17,4,834,100,100,0,0,0,52,80,14,0,2,20,8,107,15,0,0,3152,176,0,5,0,1031,319,0,10,0,534,0,0,2,0,267,0,0,0,0,0,758,0,7,0,0,114,1,0,0,0,0,0,0,0
1,37,0,16,0,4,0,1.026004,0.997026,1.019266,16,4,834,100,100,0,0,0,0,34,56,54,3,20,2,54,12,0,0,3120,177,0,4,0,1031,335,0,8,0,533,0,0,6,0,251,0,0,6,0,4,830,24,10,0,0,130,3,0,0,0,0,0,0,0
1,37,1,14,0,4,0,0.971752,0.989272,1.024111,14,4,834,100,100,0,0,0,34,0,68,82,3,20,2,38,12,0,0,3120,109,0,4,0,1031,310,0,8,0,533,0,0,4,0,251,0,0,6,0,4,830,24,8,0,0,108,2,0,0,0,0,0,0,0
1,37,2,15,0,4,0,0.994232,0.976287,1.03676,15,3,709,100,100,0,0,0,56,68,0,14,2,20,2,318,18,0,0,3120,114,0,6,0,1031,389,0,12,0,533,0,0,2,0,251,0,0,3,0,4,548,12,8,0,0,115,1,0,0,0,0,0,0,0
1,37,3,16,0,4,0,0.997885,1.014818,0.987986,16,4,834,100,100,0,0,0,54,82,14,0,2,20,2,110,15,0,0,3120,194,0,5,0,1031,324,0,10,0,533,1,0,0,0,251,0,0,3,0,4,777,12,5,0,0,114,0,0,0,0,0,0,0,0
1,38,0,15,1,2,0,1.028807,0.996064,1.015007,15,4,834,100,100,0,0,0,0,36,58,56,3,20,1,55,12,0,0,3160,181,0,4,0,1031,339,0,8,0,518,1,0,10,0,268,0,0,2,0,1,822,8,14,0,0,135,5,0,0,0,0,0,0,0
1,38,1,13,1,2,0,0.971169,0.990064,1.021151,13,4,834,100,100,0,0,0,36,0,70,84,3,20,1,40,12,0,0,3160,99,0,4,0,1031,314,0,8,0,518,1,0,4,0,268,0,0,2,0,1,828,8,8,0,0,110,2,0,0,0,0,0,0,0
1,38,2,16,1,2,0,0.996921,0.972013,1.039567,15,3,709,100,100,0,0,0,58,70,0,14,2,20,1,326,18,0,0,3160,101,0,6,0,1031,395,0,12,0,518,1,0,4,0,268,0,0,0,0,1,555,0,10,0,0,117,2,0,0,0,0,0,0,0
1,38,3,16,1,2,0,0.997885,1.014818,0.987986,16,4,834,100,100,0,0,0,56,84,14,0,2,20,1,113,15,0,0,3160,173,0,5,0,1031,329,0,10,0,518,0,0,6,0,268,0,0,0,0,1,787,0,11,0,0,117,3,0,0,0,0,0,0,0
1,39,0,15,1,2,0,1.028807,0.996064,1.015007,15,4,834,100,100,0,0,0,0,36,60,58,3,20,0,55,12,0,0,3120,186,0,4,0,1028,343,0,8,0,535,1,0,6,0,254,1,0,6,0,15,830,24,10,0,0,138,3,0,0,0,0,0,0,0
1,39,1,11,1,2,0,0.981463,1.003989,1.015557,11,4,834,100,100,0,0,0,36,0,72,86,3,20,0,40,9,0,0,3120,91,0,3,0,1028,317,0,6,0,535,0,0,4,0,254,0,0,4,0,15,831,16,7,0,0,112,2,0,0,0,0,0,0,0
1,39,2,16,1,2,0,0.996921,0.972013,1.039567,15,3,709,100,100,0,0,0,60,72,0,14,2,20,0,336,21,0,0,3120,86,0,7,0,1028,402,0,14,0,535,1,0,0,0,254,0,0,4,0,15,579,16,9,0,0,116,0,1,0,0,1,1,0,0
1,39,3,17,1,2,0,0.995639,1.012709,0.985017,16,4,834,100,100,0,0,0,58,86,14,0,2,20,0,116,15,0,0,3120,192,0,5,0,1028,334,0,10,0,535,0,0,0,0,254,0,0,3,0,15,806,12,5,0,0,117,0,0,0,0,0,0,0,0
1,40,0,15,0,1,0,1.028807,0.996064,1.015007,15,4,834,100,100,0,0,0,0,36,62,60,3,20,5,57,12,0,0,3184,167,0,4,0,1031,347,0,8,0,523,0,0,12,0,269,0,0,1,0,5,818,4,16,0,0,144,6,0,0,0,0,0,0,0
1,40,1,10,0,1,0,0.975794,1.007228,1.024012,10,4,834,100,100,0,0,0,36,0,74,88,3,20,5,41,9,0,0,3184,85,0,3,0,1031,320,0,6,0,523,1,0,0,0,269,0,0,3,0,5,831,12,3,0,0,112,0,0,0,0,0,0,0,0
1,40,2,16,0,1,0,0.996921,0.972013,1.039567,16,3,709,100,100,0,0,0,62,74,0,14,2,20,5,345,21,0,0,3184,71,0,7,0,1031,409,0,14,0,523,0,0,4,0,269,0,0,0,0,5,585,0,11,0,0,118,2,0,0,0,0,0,0,0
1,40,3,17,0,1,0,0.995639,1.012709,0.985017,16,4,834,100,100,0,0,0,60,88,14,0,2,20,5,117,15,0,0,3184,170,0,5,0,1031,339,0,10,0,523,1,0,2,0,269,0,0,0,0,5,814,0,9,0,0,117,1,1,0,0,1,1,0,0
7,1,0,51,3,4,0,1.001444,0.988065,1.000002,0,0,334,100,100,0,0,0,0,0,2,2,0,80,7,55,39,0,0,2816,200,0,13,0,935,63,0,26,0,405,20,0,48,0,272,1,0,24,0,0,101,96,79,0,0,15,24,9,0,0,9,9,0,0
7,1,1,49,3,4,0,1.001226,0.98988,1.001279,0,0,334,100,100,0,0,0,0,0,2,2,0,80,7,55,39,0,0,2816,192,0,13,0,935,62,0,26,0,405,24,0,46,0,272,2,0,23,0,0,99,92,77,0,0,14,23,9,0,0,9,9,0,0
7,1,2,50,3,4,0,1.000417,0.985632,1.001234,0,0,334,100,100,0,0,0,2,2,0,0,0,80,7,56,39,0,0,2816,192,0,13,0,935,62,0,26,0,405,22,0,46,0,272,2,0,23,0,0,99,92,77,0,0,14,23,9,0,0,9,9,0,0
7,1,3,49,3,4,0,1.001033,0.990731,1.00406,0,0,334,100,100,0,0,0,2,2,0,0,0,80,7,54,39,0,0,2816,200,0,13,0,935,62,0,26,0,405,25,0,44,0,272,3,0,22,0,0,94,88,75,0,0,13,22,9,0,0,9,9,0,0
7,2,0,48,4,10,0,0.999691,0.993398,0.998629,8,0,334,100,100,0,0,0,0,0,4,4,0,80,0,57,36,0,0,2832,233,0,12,0,929,75,0,24,0,408,0,0,48,0,267,0,0,1,0,0,44,4,78,0,0,30,24,9,0,0,9,9,0,0
7,2,1,51,4,10,0,1.001602,0.992242,1.002051,9,0,334,100,100,0,0,0,0,0,4,4,0,80,0,63,39,0,0,2832,218,0,13,0,929,75,0,26,0,408,9,0,46,0,267,0,0,5,0,0,59,20,77,0,0,28,23,9,0,0,9,9,0,0
7,2,2,50,4,10,0,1.000257,0.986953,1.000915,9,0,334,100,100,0,0,0,4,4,0,0,0,80,0,66,42,0,0,2832,216,0,14,0,929,76,0,28,0,408,5,0,46,0,267,0,0,2,0,0,46,8,78,0,0,28,23,9,0,0,9,9,0,0
7,2,3,44,4,10,0,0.998788,0.993079,1.002235,9,0,334,100,100,0,0,0,4,4,0,0,0,80,0,55,36,0,0,2832,227,0,12,0,929,74,0,24,0,408,23,0,38,0,267,0,0,5,0,0,61,20,66,0,0,24,19,8,0,0,8,8,0,0
7,3,0,42,2,16,1,0.997058,0.995678,0.998558,14,0,334,100,100,0,0,0,0,2,0,6,0,76,5,61,36,0,0,3112,173,0,12,0,929,87,0,24,0,400,1,0,32,0,272,0,0,0,0,0,0,0,56,0,0,40,16,6,0,0,6,6,0,0
7,3,1,47,2,16,1,1.002044,0.996883,1.000821,17,0,334,100,100,0,0,0,2,0,4,6,0,76,5,66,39,0,0,3112,154,0,13,0,929,88,0,26,0,400,1,0,38,0,272,0,0,0,0,0,7,0,69,0,0,38,19,9,0,0,9,9,0,0
7,3,2,47,2,16,1,0.998195,0.987316,1.000169,18,0,334,100,100,0,0,0,0,4,0,0,0,76,5,79,45,0,0,3112,239,0,15,0,929,91,0,30,0,400,0,0,38,0,272,0,0,0,0,0,0,0,59,0,0,44,19,3,0,0,3,3,0,0
7,3,3,43,2,16,1,0.997093,0.996615,0.998095,16,0,334,100,100,0,0,0,6,6,0,0,0,76,5,60,33,0,0,3112,172,0,11,0,929,85,0,22,0,400,23,0,36,0,272,0,0,0,0,0,16,0,61,0,0,35,18,7,0,0,7,7,0,0
7,4,0,42,3,3,0,0.997058,0.995678,0.998558,20,0,334,100,100,0,0,0,0,2,2,8,0,76,18,35,0,0,0,2928,219,0,0,0,935,123,0,0,0,425,20,0,8,0,268,0,0,2,0,68,0,8,8,0,0,44,4,0,0,0,0,0,0,0
7,4,1,46,3,3,0,1.002364,0.997916,1.000262,26,0,334,100,100,0,0,0,2,0,4,8,0,76,18,32,3,0,0,2928,186,0,1,0,935,125,0,2,0,425,17,0,10,0,268,0,0,1,0,68,0,4,11,0,0,43,5,0,0,0,0,0,0,0
7,4,2,49,3,3,0,0.997837,0.986877,1.001466,21,0,334,100,100,0,0,0,2,4,0,0,0,76,18,50,0,0,0,2928,192,0,0,0,935,136,0,0,0,425,27,0,4,0,268,0,0,1,0,68,0,4,4,0,0,46,2,0,0,0,0,0,0,0
7,4,3,42,3,3,0,0.996089,0.992519,0.995335,22,0,334,100,100,0,0,0,8,8,0,0,0,76,18,29,0,0,0,2928,225,0,0,0,935,118,0,0,0,425,42,0,16,0,268,0,0,0,0,68,0,0,16,0,0,43,8,0,0,0,0,0,0,0
7,5,0,37,1,22,1,0.99387,0.997332,0.998009,19,0,334,100,100,0,0,0,0,4,-2,10,0,72,2,14,0,0,0,3032,177,0,0,0,944,153,0,0,0,497,9,0,20,0,268,0,0,1,0,0,0,4,20,0,0,54,10,0,0,0,0,0,0,0
7,5,1,38,1,22,1,1.000543,1.002025,0.996065,26,0,334,100,100,0,0,0,4,0,4,10,0,72,2,15,3,0,0,3032,203,0,1,0,944,156,0,2,0,497,6,0,20,0,268,0,0,1,0,0,0,4,21,0,0,53,10,0,0,0,0,0,0,0
7,5,2,47,1,22,1,0.997645,0.98487,1.00112,20,0,334,100,100,0,0,0,-2,4,0,-2,0,72,2,21,3,0,0,3032,246,0,1,0,944,176,0,2,0,497,21,0,18,0,268,0,0,1,0,0,0,4,19,0,0,55,9,0,0,0,0,0,0,0
7,5,3,36,1,22,1,0.999697,0.996681,0.991395,21,0,334,100,100,0,0,0,10,10,-2,0,0,72,2,9,0,0,0,3032,183,0,0,0,944,151,0,0,0,497,36,0,20,0,268,0,0,1,0,0,0,4,20,0,0,53,10,0,0,0,0,0,0,0
7,6,0,24,0,58,6,1.006753,0.994717,1.007066,15,0,334,100,100,0,0,0,0,0,-6,-4,0,72,0,23,21,0,0,3064,189,0,7,0,983,160,0,14,0,538,0,0,10,0,240,0,0,6,0,15,7,24,25,0,0,55,5,4,0,0,4,4,0,0
7,6,1,26,0,58,6,1.003407,0.994502,0.997391,18,0,334,100,100,0,0,0,0,0,-2,-2,0,72,0,23,21,0,0,3064,190,0,7,0,983,160,0,14,0,538,0,0,8,0,240,0,0,6,0,15,19,24,23,0,0,53,4,4,0,0,4,4,0,0
7,6,2,29,0,58,6,1.009251,0.985858,0.989932,19,0,334,100,100,0,0,0,-6,-2,0,-12,0,72,0,27,24,0,0,3064,191,0,8,0,983,181,0,16,0,538,1,0,20,0,240,0,0,11,0,15,26,44,38,0,0,60,10,5,0,0,5,5,0,0
7,6,3,21,0,58,6,1.016727,0.983857,0.987602,13,0,334,100,100,0,0,0,-4,-2,-12,0,0,72,0,21,18,0,0,3064,181,0,6,0,983,154,0,12,0,538,23,0,16,0,240,0,0,6,0,15,6,24,24,0,0,60,8,1,0,0,1,1,0,0
7,7,0,26,2,4,0,1.009926,0.999639,1.01306,19,0,334,100,100,0,0,0,0,0,-4,-2,0,68,5,33,21,0,0,2979,214,0,7,0,1004,167,0,14,0,544,0,0,0,0,218,0,0,11,0,18,50,44,13,0,0,52,0,3,0,0,3,3,0,0
7,7,1,26,2,4,0,1.003407,0.994502,0.997391,22,0,334,100,100,0,0,0,0,0,0,0,0,68,5,34,21,0,0,2979,205,0,7,0,1004,167,0,14,0,544,0,0,0,0,218,0,0,10,0,18,66,40,11,0,0,51,0,2,0,0,2,2,0,0
7,7,2,25,2,4,0,1.014421,0.988088,0.984,21,0,334,100,100,0,0,0,-4,0,0,-12,0,68,5,41,24,0,0,2979,207,0,8,0,1004,189,0,16,0,544,1,0,0,0,218,5,0,11,0,18,73,44,12,0,0,58,0,2,0,0,2,2,0,0
7,7,3,21,2,4,0,1.016727,0.983857,0.987602,14,0,334,100,100,0,0,0,-2,0,-12,0,0,68,5,33,18,0,0,2979,210,0,6,0,1004,160,0,12,0,544,7,0,16,0,218,9,0,8,0,18,17,32,24,0,0,67,8,1,0,0,1,1,0,0
7,8,0,23,0,8,0,1.014131,1.002601,1.013711,19,0,334,100,100,0,0,0,0,0,-2,0,0,68,2,45,24,0,0,3200,180,0,8,0,1001,175,0,16,0,499,0,0,0,0,248,1,0,11,0,0,97,44,12,0,0,50,0,2,0,0,2,2,0,0
7,8,1,25,0,8,0,1.003574,0.994597,0.995721,23,0,334,100,100,0,0,0,0,0,2,2,0,68,2,41,21,0,0,3200,172,0,7,0,1001,174,0,14,0,499,0,0,0,0,248,0,0,12,0,0,125,48,9,0,0,50,0,1,0,0,1,1,0,0
7,8,2,25,0,8,0,1.014421,0.988088,0.984,23,0,334,100,100,0,0,0,-2,2,0,-12,0,68,2,56,24,0,0,3200,174,0,8,0,1001,197,0,16,0,499,1,0,18,0,248,0,0,5,0,0,81,20,28,0,0,66,9,1,0,0,1,1,0,0
7,8,3,17,0,8,0,1.016526,0.988461,0.985026,13,0,334,100,100,0,0,0,0,2,-12,0,0,68,2,46,18,0,0,3200,183,0,6,0,1001,166,0,12,0,499,5,0,14,0,248,2,0,7,0,0,38,28,22,0,0,73,7,1,0,0,1,1,0,0
7,9,0,23,3,1,0,1.014131,1.002601,1.013711,21,0,334,100,100,0,0,0,0,0,0,0,0,64,2,61,24,0,0,3000,197,0,8,0,1001,183,0,16,0,539,1,0,4,0,230,0,0,1,0,21,102,4,14,0,0,51,2,1,0,0,1,1,0,0
7,9,1,26,3,1,0,1.006012,0.991175,0.998893,24,0,334,100,100,0,0,0,0,0,4,4,0,64,2,53,21,0,0,3000,188,0,7,0,1001,181,0,14,0,539,0,0,0,0,230,0,0,12,0,21,181,48,9,0,0,49,0,1,0,0,1,1,0,0
7,9,2,25,3,1,0,1.008505,0.989525,0.983331,23,0,334,100,100,0,0,0,0,4,0,-12,0,64,2,70,24,0,0,3000,189,0,8,0,1001,205,0,16,0,539,1,0,0,0,230,8,0,10,0,21,123,40,10,0,0,65,0,1,0,0,1,1,0,0
7,9,3,18,3,1,0,1.017695,0.995084,0.982115,14,0,334,100,100,0,0,0,0,4,-12,0,0,64,2,63,18,0,0,3000,208,0,6,0,1001,172,0,12,0,539,1,0,4,0,230,7,0,7,0,21,57,28,12,0,0,74,2,1,0,0,1,1,0,0
7,10,0,23,3,0,0,1.014131,1.002601,1.013711,22,0,334,100,100,0,0,0,0,0,2,0,0,64,9,71,24,0,0,3096,166,0,8,0,1052,179,0,16,0,516,0,0,6,0,249,0,0,5,0,68,106,20,16,0,0,53,3,1,0,0,1,1,0,0
7,10,1,28,3,0,0,1.008175,0.990557,0.995577,25,0,334,100,100,0,0,0,0,0,6,6,0,64,9,60,21,0,0,3096,203,0,7,0,1052,176,0,14,0,516,1,0,6,0,249,0,0,6,0,68,190,24,15,0,0,51,3,1,0,0,1,1,0,0
7,10,2,26,3,0,0,1.011104,0.987728,0.980941,24,0,334,100,100,0,0,0,2,6,0,-10,0,64,9,83,24,0,0,3096,212,0,8,0,1052,201,0,16,0,516,0,0,10,0,249,5,0,11,0,68,147,44,20,0,0,69,5,1,0,0,1,1,0,0
7,10,3,18,3,0,0,1.017695,0.995084,0.982115,15,0,334,100,100,0,0,0,0,6,-10,0,0,64,9,71,18,0,0,3096,184,0,6,0,1052,163,0,12,0,516,0,0,8,0,249,3,0,8,0,68,73,32,16,0,0,77,4,1,0,0,1,1,0,0
7,11,0,23,4,1,0,1.016156,0.997655,1.011414,22,0,334,100,100,0,0,0,0,0,4,2,0,60,13,81,21,0,0,3096,184,0,7,0,1001,186,0,14,0,496,1,0,8,0,263,0,0,3,0,16,118,12,15,0,0,57,4,0,0,0,0,0,0,0
7,11,1,30,4,1,0,1.003199,0.994361,0.994479,26,0,334,100,100,0,0,0,0,0,6,8,0,60,13,67,21,0,0,3096,168,0,7,0,1001,183,0,14,0,496,0,0,10,0,263,0,0,6,0,16,212,24,19,0,0,55,5,1,0,0,1,1,0,0
7,11,2,27,4,1,0,1.01292,0.990317,0.982252,25,0,334,100,100,0,0,0,4,6,0,-10,0,60,13,89,24,0,0,3096,178,0,8,0,1001,209,0,16,0,496,0,0,18,0,263,0,0,5,0,16,156,20,28,0,0,77,9,1,0,0,1,1,0,0
7,11,3,18,4,1,0,1.017695,0.995084,0.982115,16,0,334,100,100,0,0,0,2,8,-10,0,0,60,13,83,18,0,0,3096,216,0,6,0,1001,169,0,12,0,496,0,0,12,0,263,0,0,3,0,16,68,12,20,0,0,82,6,1,0,0,1,1,0,0
7,12,0,24,3,0,0,1.018035,0.996494,1.013075,22,0,334,100,100,0,0,0,0,0,6,4,0,60,12,95,24,0,0,3016,201,0,8,0,1001,194,0,16,0,499,0,0,4,0,265,0,0,2,0,7,127,8,14,0,0,58,2,1,0,0,1,1,0,0
7,12,1,31,3,0,0,1.006026,0.990835,0.996104,27,0,334,100,100,0,0,0,0,0,8,8,0,60,12,71,21,0,0,3016,203,0,7,0,1001,190,0,14,0,499,1,0,14,0,265,0,0,0,0,7,204,0,25,0,0,60,7,2,0,0,2,2,0,0
7,12,2,28,3,0,0,1.010026,0.993311,0.985035,26,0,334,100,100,0,0,0,6,8,0,-10,0,60,12,99,24,0,0,3016,207,0,8,0,1001,217,0,16,0,499,1,0,14,0,265,0,0,5,0,7,164,20,24,0,0,83,7,1,0,0,1,1,0,0
7,12,3,18,3,0,0,1.017695,0.995084,0.982115,17,0,334,100,100,0,0,0,4,8,-10,0,0,60,12,92,18,0,0,3016,192,0,6,0,1001,175,0,12,0,499,0,0,12,0,265,0,0,0,0,7,65,0,20,0,0,87,6,1,0,0,1,1,0,0
7,13,0,24,2,6,0,1.019315,0.995697,1.008835,22,0,334,100,100,0,0,0,0,0,8,6,0,56,5,105,21,0,0,3200,170,0,7,0,1001,201,0,14,0,534,0,0,4,0,218,0,0,9,0,0,169,36,13,0,0,59,2,1,0,0,1,1,0,0
7,13,1,28,2,6,0,1.002406,0.993435,0.989427,26,0,334,100,100,0,0,0,0,0,10,10,0,56,5,71,18,0,0,3200,166,0,6,0,1001,196,0,12,0,534,1,0,0,0,218,2,0,16,0,0,280,64,8,0,0,59,0,1,0,0,1,1,0,0
7,13,2,27,2,6,0,1.010666,0.990334,0.986014,26,0,334,100,100,0,0,0,8,10,0,-10,0,56,5,104,21,0,0,3200,172,0,7,0,1001,224,0,14,0,534,0,0,4,0,218,2,0,13,0,0,219,52,13,0,0,84,2,1,0,0,1,1,0,0
7,13,3,18,2,6,0,1.023861,1.002771,0.985589,17,0,334,100,100,0,0,0,6,10,-10,0,0,56,5,102,18,0,0,3200,168,0,6,0,1001,181,0,12,0,534,1,0,2,0,218,2,0,7,0,0,96,28,8,0,0,88,1,0,0,0,0,0,0,0
7,14,0,23,1,3,0,1.017049,0.995104,1.011636,23,0,334,100,100,0,0,0,0,0,10,6,0,56,2,114,21,0,0,2968,187,0,7,0,1043,196,0,14,0,486,1,0,12,0,272,0,0,0,0,13,165,0,19,0,0,65,6,0,0,0,0,0,0,0
7,14,1,27,1,3,0,1.003542,0.984189,0.994439,25,0,334,100,100,0,0,0,0,0,12,12,0,56,2,74,18,0,0,2968,204,0,6,0,1043,196,0,12,0,486,0,0,16,0,272,0,0,2,0,13,277,8,24,0,0,66,8,1,0,0,1,1,0,0
7,14,2,27,1,3,0,1.010666,0.990334,0.986014,27,0,334,100,100,0,0,0,10,12,0,-10,0,56,2,113,21,0,0,2968,202,0,7,0,1043,225,0,14,0,486,1,0,18,0,272,0,0,2,0,13,217,8,25,0,0,93,9,0,0,0,0,0,0,0
7,14,3,18,1,3,0,1.023861,1.002771,0.985589,17,0,334,100,100,0,0,0,6,12,-10,0,0,56,2,112,18,0,0,2968,192,0,6,0,1043,178,0,12,0,486,0,0,12,0,272,0,0,2,0,13,90,8,20,0,0,93,6,1,0,0,1,1,0,0
7,15,0,23,2,0,0,1.017049,0.995104,1.011636,23,0,334,100,100,0,0,0,0,0,12,8,0,52,14,122,21,0,0,3152,205,0,7,0,1010,203,0,14,0,488,1,0,12,0,272,0,0,0,0,1,159,0,19,0,0,71,6,0,0,0,0,0,0,0
7,15,1,28,2,0,0,1.00405,0.978369,0.99487,26,0,334,100,100,0,0,0,0,0,14,14,0,52,14,74,18,0,0,3152,171,0,6,0,1010,202,0,12,0,488,1,0,14,0,272,0,0,0,0,1,272,0,22,0,0,72,7,1,0,0,1,1,0,0
7,15,2,28,2,0,0,1.012046,0.989657,0.984178,27,0,334,100,100,0,0,0,12,14,0,-10,0,52,14,116,21,0,0,3152,168,0,7,0,1010,232,0,14,0,488,1,0,20,0,272,0,0,0,0,1,207,0,27,0,0,103,10,0,0,0,0,0,0,0
7,15,3,18,2,0,0,1.023861,1.002771,0.985589,18,0,334,100,100,0,0,0,8,14,-10,0,0,52,14,118,18,0,0,3152,168,0,6,0,1010,184,0,12,0,488,1,0,8,0,272,0,0,0,0,1,96,0,14,0,0,97,4,0,0,0,0,0,0,0
7,16,0,23,2,3,0,1.015786,1.002697,1.011414,22,0,334,100,100,0,0,0,0,0,12,10,0,52,8,126,18,0,0,3008,176,0,6,0,1007,209,0,12,0,541,1,0,0,0,213,2,0,11,0,13,214,44,6,0,0,71,0,0,0,0,0,0,0,0
7,16,1,28,2,3,0,1.00523,0.980398,0.999173,26,1,459,100,100,0,0,0,0,0,16,16,0,52,8,77,21,0,0,3008,216,0,7,0,1007,209,0,14,0,541,0,0,4,0,213,1,0,14,0,13,308,56,30,0,0,56,2,18,0,0,1,1,0,0
7,16,2,27,2,3,0,1.010649,0.990067,0.987109,26,0,334,100,100,0,0,0,12,16,0,-10,0,52,8,119,21,0,0,3008,197,0,7,0,1007,239,0,14,0,541,1,0,0,0,213,6,0,13,0,13,264,52,9,0,0,102,0,1,0,0,1,1,0,0
7,16,3,18,2,3,0,1.023861,1.002771,0.985589,18,0,334,100,100,0,0,0,10,16,-10,0,0,52,8,127,18,0,0,3008,192,0,6,0,1007,190,0,12,0,541,1,0,0,0,213,4,0,8,0,13,128,32,6,0,0,97,0,0,0,0,0,0,0,0
7,17,0,23,1,1,0,1.015786,1.002697,1.011414,22,0,334,100,100,0,0,0,0,0,14,12,0,48,6,133,18,0,0,3144,203,0,6,0,1010,215,0,12,0,481,0,0,16,0,272,0,0,2,0,1,213,8,24,0,0,78,8,1,0,0,1,1,0,0
7,17,1,28,1,1,0,1.00523,0.980398,0.999173,27,1,459,100,100,0,0,0,0,0,18,18,0,48,6,81,21,0,0,3144,181,0,7,0,1010,216,0,14,0,481,0,0,18,0,272,0,0,1,0,1,302,4,27,0,0,64,9,1,0,0,1,1,0,0
7,17,2,27,1,1,0,1.012766,0.987321,0.992416,26,0,334,100,100,0,0,0,14,18,0,-10,0,48,6,120,18,0,0,3144,164,0,6,0,1010,245,0,12,0,481,0,0,22,0,272,0,0,6,0,1,278,24,28,0,0,113,11,0,0,0,0,0,0,0
7,17,3,18,1,1,0,1.023861,1.002771,0.985589,18,0,334,100,100,0,0,0,12,18,-10,0,0,48,6,136,18,0,0,3144,168,0,6,0,1010,196,0,12,0,481,0,0,10,0,272,0,0,4,0,1,145,16,16,0,0,102,5,0,0,0,0,0,0,0
7,18,0,23,1,4,0,1.015786,1.002697,1.011414,23,0,334,100,100,0,0,0,0,0,16,12,0,48,4,137,18,0,0,3000,174,0,6,0,1013,221,0,12,0,503,0,0,6,0,272,0,0,0,0,15,218,0,12,0,0,81,3,0,0,0,0,0,0,0
7,18,1,26,1,4,0,1.003205,0.978443,0.999548,25,1,459,100,100,0,0,0,0,0,20,20,2,48,4,82,18,0,0,3000,219,0,6,0,1013,222,0,12,0,503,1,0,10,0,272,0,0,0,0,15,301,0,16,0,0,69,5,0,0,0,0,0,0,0
7,18,2,27,1,4,0,1.012766,0.987321,0.992416,26,0,334,100,100,0,0,0,16,20,0,-8,1,48,4,122,18,0,0,3000,203,0,6,0,1013,251,0,12,0,503,0,0,12,0,272,0,0,0,0,15,273,0,20,0,0,118,6,1,0,0,1,1,0,0
7,18,3,17,1,4,0,1.022869,1.00126,0.982025,17,0,334,100,100,0,0,0,12,20,-8,0,1,48,4,144,15,0,0,3000,193,0,5,0,1013,201,0,10,0,503,1,0,8,0,272,0,0,0,0,15,138,0,13,0,0,106,4,0,0,0,0,0,0,0
7,19,0,22,0,2,0,1.013054,1.004114,1.009584,22,0,334,100,100,0,0,0,0,0,16,14,0,44,6,136,15,0,0,3144,202,0,5,0,1019,226,0,10,0,511,1,0,8,0,248,0,0,3,0,3,231,12,13,0,0,85,4,0,0,0,0,0,0,0
7,19,1,25,0,2,0,1.004212,0.976169,1.00105,24,1,459,100,100,0,0,0,0,0,22,22,2,44,6,83,18,0,0,3144,187,0,6,0,1019,228,0,12,0,511,0,0,4,0,248,0,0,9,0,3,342,36,12,0,0,70,2,1,0,0,1,1,0,0
7,19,2,27,0,2,0,1.012766,0.987321,0.992416,27,1,459,100,100,0,0,0,16,22,0,-8,1,44,6,124,18,0,0,3144,170,0,6,0,1019,257,0,12,0,511,1,0,8,0,248,0,0,9,0,3,295,36,31,0,0,105,4,17,0,0,0,0,0,0
7,19,3,17,0,2,0,1.022869,1.00126,0.982025,17,0,334,100,100,0,0,0,14,22,-8,0,1,44,6,151,15,0,0,3144,171,0,5,0,1019,206,0,10,0,511,0,0,10,0,248,0,0,3,0,3,152,12,15,0,0,111,5,0,0,0,0,0,0,0
7,20,0,22,2,2,0,1.013054,1.004114,1.009584,22,0,334,100,100,0,0,0,0,0,18,16,0,44,4,137,15,0,0,3008,175,0,5,0,1022,231,0,10,0,491,1,0,14,0,272,0,0,0,0,4,239,0,19,0,0,92,7,0,0,0,0,0,0,0
7,20,1,25,2,2,0,1.004212,0.976169,1.00105,25,1,459,100,100,0,0,0,0,0,24,24,2,44,4,88,18,0,0,3008,228,0,6,0,1022,234,0,12,0,491,1,0,10,0,272,0,0,0,0,4,344,0,16,0,0,75,5,0,0,0,0,0,0,0
7,20,2,27,2,2,0,1.0107,0.988546,0.990776,26,1,459,100,100,0,0,0,18,24,0,-8,1,44,4,125,18,0,0,3008,209,0,6,0,1022,263,0,12,0,491,1,0,14,0,272,0,0,0,0,4,288,0,20,0,0,112,7,0,0,0,0,0,0,0
7,20,3,17,2,2,0,1.025181,1.007906,0.978776,16,0,334,100,100,0,0,0,16,24,-8,0,1,44,4,159,15,0,0,3008,197,0,5,0,1022,211,0,10,0,491,0,0,8,0,272,0,0,0,0,4,145,0,13,0,0,115,4,0,0,0,0,0,0,0
7,21,0,23,3,12,0,1.013265,1.007689,1.012292,22,0,334,100,100,0,0,0,0,2,20,18,1,40,9,139,15,0,0,3144,204,0,5,0,1022,236,0,10,0,503,1,0,10,0,272,0,0,0,0,9,227,0,15,0,0,97,5,0,0,0,0,0,0,0
7,21,1,25,3,12,0,1.004212,0.976169,1.00105,25,1,459,100,100,0,0,0,2,0,26,26,2,40,9,88,18,0,0,3144,197,0,6,0,1022,240,0,12,0,503,0,0,12,0,272,0,0,0,0,9,343,0,18,0,0,81,6,0,0,0,0,0,0,0
7,21,2,16,3,12,0,1.017651,0.995401,0.996799,14,1,459,100,100,0,0,0,20,26,0,-8,2,40,9,121,15,0,0,3144,177,0,5,0,1022,268,0,10,0,503,5,0,8,0,272,0,0,0,0,9,284,0,15,0,0,115,4,1,0,0,1,1,0,0
7,21,3,18,3,12,0,1.024938,1.007108,0.97569,16,0,334,100,100,0,0,0,18,26,-8,0,1,40,9,164,15,0,0,3144,175,0,5,0,1022,216,0,10,0,503,0,0,8,0,272,0,0,0,0,9,147,0,15,0,0,118,4,1,0,0,1,1,0,0
7,22,0,20,1,11,0,1.00707,0.994142,1.007143,18,0,334,100,100,0,0,0,0,2,22,20,2,40,7,128,6,0,0,3120,179,0,2,0,1028,238,0,4,0,491,0,0,18,0,272,0,0,0,0,19,221,0,22,0,0,105,9,1,0,0,1,1,0,0
7,22,1,24,1,11,0,1.000535,0.973144,0.996864,24,1,459,100,100,0,0,0,2,0,26,28,2,40,7,86,15,0,0,3120,167,0,5,0,1028,242,0,10,0,491,0,0,12,0,272,0,0,0,0,19,343,0,17,0,0,87,6,0,0,0,0,0,0,0
7,22,2,12,1,11,0,1.015292,0.994478,0.984634,11,1,459,100,100,0,0,0,22,26,0,-8,2,40,7,115,6,0,0,3120,175,0,2,0,1028,270,0,4,0,491,12,0,8,0,272,0,0,0,0,19,278,0,12,0,0,118,4,1,0,0,1,1,0,0
7,22,3,16,1,11,0,1.024105,1.005844,0.976695,15,0,334,100,100,0,0,0,20,28,-8,0,2,40,7,161,9,0,0,3120,218,0,3,0,1028,219,0,6,0,491,1,0,8,0,272,0,0,0,0,19,140,0,13,0,0,121,4,1,0,0,1,1,0,0
7,23,0,19,0,3,0,1.004217,0.995424,1.00482,18,0,334,100,100,0,0,0,0,4,24,22,2,36,3,124,6,0,0,3064,205,0,2,0,1064,240,0,4,0,486,0,0,16,0,272,0,0,0,0,12,211,0,20,0,0,112,8,1,0,0,1,1,0,0
7,23,1,24,0,3,0,1.000535,0.973144,0.996864,24,1,459,100,100,0,0,0,4,0,28,30,2,36,3,88,15,0,0,3064,210,0,5,0,1064,244,0,10,0,486,0,0,12,0,272,0,0,0,0,12,344,0,17,0,0,93,6,0,0,0,0,0,0,0
7,23,2,10,0,3,0,1.01311,0.984039,0.991655,10,1,459,100,100,0,0,0,24,28,0,-8,2,36,3,113,6,0,0,3064,177,0,2,0,1064,266,0,4,0,486,16,0,8,0,272,0,0,0,0,12,274,0,10,0,0,122,4,0,0,0,0,0,0,0
7,23,3,16,0,3,0,1.024105,1.005844,0.976695,16,0,334,100,100,0,0,0,22,30,-8,0,2,36,3,157,9,0,0,3064,199,0,3,0,1064,219,0,6,0,486,0,0,10,0,272,0,0,0,0,12,149,0,13,0,0,126,5,0,0,0,0,0,0,0
7,24,0,19,0,9,0,1.004217,0.995424,1.00482,19,0,334,100,100,0,0,0,0,4,26,22,2,36,14,117,6,0,0,3200,184,0,2,0,1052,242,0,4,0,509,0,0,8,0,263,0,0,6,0,0,242,24,10,0,0,116,4,0,0,0,0,0,0,0
7,24,1,22,0,9,0,1.004834,0.966081,0.994886,22,1,459,100,100,0,0,0,4,0,30,32,2,36,14,88,15,0,0,3200,181,0,5,0,1052,249,0,10,0,509,1,0,8,0,263,0,0,0,0,0,346,0,13,0,0,97,4,0,0,0,0,0,0,0
7,24,2,10,0,9,0,1.01311,0.984039,0.991655,10,1,459,100,100,0,0,0,26,30,0,-8,2,36,14,114,6,0,0,3200,165,0,2,0,1052,268,0,4,0,509,17,0,8,0,263,0,0,3,0,0,293,12,10,0,0,126,4,0,0,0,0,0,0,0
7,24,3,9,0,9,0,1.034267,0.986987,0.989511,9,0,334,100,100,0,0,0,22,32,-8,0,2,36,14,149,6,0,0,3200,181,0,2,0,1052,221,0,4,0,509,1,0,8,0,263,0,0,0,0,0,146,0,10,0,0,130,4,0,0,0,0,0,0,0
7,25,0,19,0,0,0,1.004217,0.995424,1.00482,19,0,334,100,100,0,0,0,0,4,28,22,2,32,3,113,6,0,0,3080,211,0,2,0,1055,244,0,4,0,495,0,0,16,0,271,0,0,1,0,13,243,4,18,0,0,124,8,0,0,0,0,0,0,0
7,25,1,22,0,0,0,1.004834,0.966081,0.994886,22,1,459,100,100,0,0,0,4,0,30,34,2,32,3,90,15,0,0,3080,210,0,5,0,1055,254,0,10,0,495,1,0,12,0,271,0,0,0,0,13,346,0,17,0,0,103,6,0,0,0,0,0,0,0
7,25,2,10,0,0,0,1.01311,0.984039,0.991655,10,1,459,100,100,0,0,0,28,30,0,-8,2,32,3,115,6,0,0,3080,169,0,2,0,1055,270,0,4,0,495,21,0,8,0,271,0,0,0,0,13,289,0,10,0,0,130,4,0,0,0,0,0,0,0
7,25,3,9,0,0,0,1.034267,0.986987,0.989511,9,0,334,100,100,0,0,0,22,34,-8,0,2,32,3,152,6,0,0,3080,170,0,2,0,1055,223,0,4,0,495,2,0,8,0,271,0,0,0,0,13,153,0,10,0,0,134,4,0,0,0,0,0,0,0
7,26,0,19,0,0,0,1.004217,0.995424,1.00482,19,0,334,100,100,0,0,0,0,4,28,22,2,32,9,103,6,0,0,3168,190,0,2,0,1055,246,0,4,0,515,0,0,8,0,267,0,0,2,0,22,258,8,10,0,0,128,4,0,0,0,0,0,0,0
7,26,1,22,0,0,0,1.004834,0.966081,0.994886,22,1,459,100,100,0,0,0,4,0,30,34,2,32,9,87,15,0,0,3168,183,0,5,0,1055,259,0,10,0,515,1,0,6,0,267,0,0,2,0,22,360,8,11,0,0,106,3,0,0,0,0,0,0,0
7,26,2,10,0,0,0,1.01311,0.984039,0.991655,10,1,459,100,100,0,0,0,28,30,0,-8,2,32,9,114,6,0,0,3168,173,0,2,0,1055,272,0,4,0,515,19,0,8,0,267,0,0,1,0,22,289,4,10,0,0,134,4,0,0,0,0,0,0,0
7,26,3,9,0,0,0,1.034267,0.986987,0.989511,9,0,334,100,100,0,0,0,22,34,-8,0,2,32,9,154,6,0,0,3168,175,0,2,0,1055,225,0,4,0,515,3,0,8,0,267,0,0,0,0,22,149,0,10,0,0,138,4,0,0,0,0,0,0,0
7,27,0,19,0,2,0,1.004217,0.995424,1.00482,19,1,459,100,100,0,0,0,0,6,28,24,2,28,1,94,6,0,0,3112,169,0,2,0,1055,248,0,4,0,544,0,0,0,0,222,6,0,11,0,17,305,44,19,0,0,111,0,17,0,0,0,0,0,0
7,27,1,20,0,2,0,1.004499,0.966771,0.998884,20,2,584,100,100,0,0,0,6,0,32,36,2,28,1,85,15,0,0,3112,204,0,5,0,1055,264,0,10,0,544,1,0,0,0,222,1,0,11,0,17,396,44,22,0,0,89,0,17,0,0,0,0,0,0
7,27,2,10,0,2,0,1.01311,0.984039,0.991655,10,1,459,100,100,0,0,0,28,32,0,-8,2,28,1,115,6,0,0,3112,177,0,2,0,1055,274,0,4,0,544,11,0,8,0,222,8,0,4,0,17,301,16,10,0,0,138,4,0,0,0,0,0,0,0
7,27,3,9,0,2,0,1.034267,0.986987,0.989511,9,0,334,100,100,0,0,0,24,36,-8,0,2,28,1,156,6,0,0,3112,180,0,2,0,1055,227,0,4,0,544,1,0,2,0,222,5,0,4,0,17,167,16,4,0,0,139,1,0,0,0,0,0,0,0
7,28,0,19,0,2,0,1.004217,0.995424,1.00482,19,1,459,100,100,0,0,0,0,6,30,24,2,28,9,86,6,0,0,3152,196,0,2,0,1055,250,0,4,0,493,0,0,18,0,272,0,0,6,0,2,324,24,20,0,0,120,9,0,0,0,0,0,0,0
7,28,1,19,0,2,0,1.003801,0.974431,0.998484,19,2,584,100,100,0,0,0,6,0,34,36,2,28,9,82,12,0,0,3152,180,0,4,0,1055,268,0,8,0,493,1,0,12,0,272,0,0,1,0,2,401,4,16,0,0,95,6,0,0,0,0,0,0,0
7,28,2,9,0,2,0,1.003704,0.978894,0.991566,9,1,459,100,100,0,0,0,30,34,0,-8,2,28,9,115,6,0,0,3152,165,0,2,0,1055,276,0,4,0,493,12,0,8,0,272,4,0,4,0,2,324,16,10,0,0,142,4,0,0,0,0,0,0,0
7,28,3,9,0,2,0,1.034267,0.986987,0.989511,9,0,334,100,100,0,0,0,24,36,-8,0,2,28,9,156,6,0,0,3152,169,0,2,0,1055,229,0,4,0,493,2,0,8,0,272,1,0,4,0,2,190,16,10,0,0,143,4,0,0,0,0,0,0,0
7,29,0,19,0,0,0,1.004217,0.995424,1.00482,19,1,459,100,100,0,0,0,0,6,30,26,2,24,1,78,6,0,0,3120,175,0,2,0,1058,252,0,4,0,517,1,0,8,0,257,0,0,6,0,24,355,24,10,0,0,124,4,0,0,0,0,0,0,0
7,29,1,19,0,0,0,1.003801,0.974431,0.998484,19,2,584,100,100,0,0,0,6,0,34,36,2,24,1,81,12,0,0,3120,205,0,4,0,1058,272,0,8,0,517,0,0,10,0,257,0,0,3,0,24,414,12,14,0,0,100,5,0,0,0,0,0,0,0
7,29,2,9,0,0,0,1.003704,0.978894,0.991566,9,1,459,100,100,0,0,0,30,34,0,-8,2,24,1,118,6,0,0,3120,170,0,2,0,1058,278,0,4,0,517,7,0,8,0,257,3,0,4,0,24,336,16,10,0,0,146,4,0,0,0,0,0,0,0
7,29,3,9,0,0,0,1.034267,0.986987,0.989511,9,0,334,100,100,0,0,0,26,36,-8,0,2,24,1,159,6,0,0,3120,174,0,2,0,1058,231,0,4,0,517,0,0,8,0,257,0,0,4,0,24,202,16,10,0,0,147,4,0,0,0,0,0,0,0
7,30,0,19,1,1,0,1.004217,0.995424,1.00482,19,1,459,100,100,0,0,0,0,6,30,26,2,24,0,71,6,0,0,3120,202,0,2,0,1058,254,0,4,0,518,0,0,8,0,272,0,0,0,0,68,345,0,10,0,0,128,4,0,0,0,0,0,0,0
7,30,1,19,1,1,0,1.003801,0.974431,0.998484,19,2,584,100,100,0,0,0,6,0,36,38,2,24,0,80,12,0,0,3120,182,0,4,0,1058,276,0,8,0,518,0,0,8,0,272,0,0,0,0,68,402,0,12,0,0,104,4,0,0,0,0,0,0,0
7,30,2,10,1,1,0,1.003991,0.986732,0.992385,9,1,459,100,100,0,0,0,30,36,0,-8,2,24,0,121,6,0,0,3120,175,0,2,0,1058,280,0,4,0,518,2,0,8,0,272,0,0,3,0,68,338,12,10,0,0,150,4,0,0,0,0,0,0,0
7,30,3,8,1,1,0,1.036717,0.99156,0.988562,8,0,334,100,100,0,0,0,26,38,-8,0,2,24,0,162,6,0,0,3120,179,0,2,0,1058,233,0,4,0,518,1,0,4,0,272,0,0,0,0,68,196,0,6,0,0,149,2,0,0,0,0,0,0,0
7,31,0,18,0,2,0,1.003637,0.997925,1.005249,18,2,584,100,100,0,0,0,0,8,32,28,2,20,2,61,6,0,0,3136,181,0,2,0,1058,256,0,4,0,544,0,0,0,0,224,4,0,11,0,1,398,44,19,0,0,111,0,17,0,0,0,0,0,0
7,31,1,18,0,2,0,1.000293,0.978253,0.994055,18,2,584,100,100,0,0,0,8,0,38,40,2,20,2,79,12,0,0,3136,207,0,4,0,1058,280,0,8,0,544,0,0,0,0,224,0,0,9,0,1,449,36,4,0,0,104,0,0,0,0,0,0,0,0
7,31,2,10,0,2,0,1.003991,0.986732,0.992385,9,1,459,100,100,0,0,0,32,38,0,-6,2,20,2,120,6,0,0,3136,179,0,2,0,1058,282,0,4,0,544,0,0,2,0,224,8,0,4,0,1,354,16,6,0,0,150,1,1,0,0,1,1,0,0
7,31,3,8,0,2,0,1.036717,0.99156,0.988562,8,0,334,100,100,0,0,0,28,40,-6,0,2,20,2,162,6,0,0,3136,169,0,2,0,1058,235,0,4,0,544,1,0,0,0,224,2,0,4,0,1,228,16,2,0,0,149,0,0,0,0,0,0,0,0
7,32,0,18,1,0,0,1.003637,0.997925,1.005249,18,2,584,100,100,0,0,0,0,8,34,30,2,20,6,51,6,0,0,3136,209,0,2,0,1058,258,0,4,0,505,0,0,14,0,272,0,0,4,0,15,408,16,16,0,0,118,7,0,0,0,0,0,0,0
7,32,1,19,1,0,0,1.0026,0.977085,0.9886,18,2,584,100,100,0,0,0,8,0,40,42,2,20,6,77,12,0,0,3136,185,0,4,0,1058,284,0,8,0,505,1,0,6,0,272,0,0,0,0,15,467,0,10,0,0,107,3,0,0,0,0,0,0,0
7,32,2,10,1,0,0,1.003991,0.986732,0.992385,10,1,459,100,100,0,0,0,34,40,0,-6,2,20,6,118,6,0,0,3136,167,0,2,0,1058,284,0,4,0,505,4,0,8,0,272,4,0,4,0,15,370,16,10,0,0,154,4,0,0,0,0,0,0,0
7,32,3,8,1,0,0,1.036717,0.99156,0.988562,8,0,334,100,100,0,0,0,30,42,-6,0,2,20,6,162,6,0,0,3136,175,0,2,0,1058,237,0,4,0,505,1,0,6,0,272,0,0,2,0,15,233,8,8,0,0,152,3,0,0,0,0,0,0,0
7,33,0,18,0,0,0,1.003637,0.997925,1.005249,18,2,584,100,100,0,0,0,0,8,34,30,2,20,6,41,6,0,0,3128,189,0,2,0,1068,260,0,4,0,509,1,0,12,0,272,0,0,0,0,30,411,0,14,0,0,124,6,0,0,0,0,0,0,0
7,33,1,19,0,0,0,1.0026,0.977085,0.9886,18,2,584,100,100,0,0,0,8,0,40,42,2,20,6,75,12,0,0,3128,218,0,4,0,1068,283,0,8,0,509,0,0,10,0,272,0,0,0,0,30,459,0,16,0,0,111,5,1,0,0,1,1,0,0
7,33,2,10,0,0,0,1.003991,0.986732,0.992385,10,1,459,100,100,0,0,0,34,40,0,-6,2,20,6,116,6,0,0,3128,171,0,2,0,1068,284,0,4,0,509,4,0,8,0,272,0,0,4,0,30,380,16,10,0,0,158,4,0,0,0,0,0,0,0
7,33,3,8,0,0,0,1.036717,0.99156,0.988562,8,0,334,100,100,0,0,0,30,42,-6,0,2,20,6,161,6,0,0,3128,165,0,2,0,1068,236,0,4,0,509,0,0,6,0,272,0,0,0,0,30,234,0,8,0,0,155,3,0,0,0,0,0,0,0
7,34,0,18,0,1,0,1.003637,0.997925,1.005249,18,2,584,100,100,0,0,0,0,8,38,30,2,20,7,34,6,0,0,3168,169,0,2,0,1058,262,0,4,0,505,1,0,12,0,272,0,0,0,0,22,414,0,14,0,0,130,6,0,0,0,0,0,0,0
7,34,1,18,0,1,0,1.008196,0.97146,0.99125,18,2,584,100,100,0,0,0,8,0,40,42,2,20,7,72,12,0,0,3168,195,0,4,0,1058,287,0,8,0,505,0,0,6,0,272,0,0,0,0,22,466,0,10,0,0,114,3,0,0,0,0,0,0,0
7,34,2,10,0,1,0,1.003991,0.986732,0.992385,10,1,459,100,100,0,0,0,38,40,0,-6,2,20,7,114,6,0,0,3168,175,0,2,0,1058,286,0,4,0,505,8,0,8,0,272,0,0,0,0,22,376,0,10,0,0,162,4,0,0,0,0,0,0,0
7,34,3,8,0,1,0,1.036717,0.99156,0.988562,8,0,334,100,100,0,0,0,30,42,-6,0,2,20,7,161,6,0,0,3168,171,0,2,0,1058,238,0,4,0,505,0,0,6,0,272,0,0,0,0,22,232,0,8,0,0,158,3,0,0,0,0,0,0,0
7,35,0,18,0,2,0,1.003637,0.997925,1.005249,18,2,584,100,100,0,0,0,0,10,42,32,2,20,0,29,6,0,0,3120,197,0,2,0,1058,264,0,4,0,506,1,0,14,0,272,0,0,0,0,24,413,0,16,0,0,137,7,0,0,0,0,0,0,0
7,35,1,17,0,2,0,1.009674,0.974103,0.992978,17,2,584,100,100,0,0,0,10,0,40,42,2,20,0,70,12,0,0,3120,173,0,4,0,1058,291,0,8,0,506,1,0,2,0,272,0,0,0,0,24,477,0,6,0,0,115,1,0,0,0,0,0,0,0
7,35,2,9,0,2,0,1.003436,0.990006,0.998517,9,1,459,100,100,0,0,0,42,40,0,-6,2,20,0,114,6,0,0,3120,171,0,2,0,1058,288,0,4,0,506,14,0,6,0,272,0,0,0,0,24,374,0,8,0,0,165,3,0,0,0,0,0,0,0
7,35,3,8,0,2,0,1.036717,0.99156,0.988562,8,0,334,100,100,0,0,0,32,42,-6,0,2,20,0,164,6,0,0,3120,177,0,2,0,1058,240,0,4,0,506,0,0,6,0,272,0,0,0,0,24,230,0,8,0,0,161,3,0,0,0,0,0,0,0
7,36,0,18,0,0,0,1.003637,0.997925,1.005249,18,2,584,100,100,0,0,0,0,12,44,34,2,20,5,22,6,0,0,3136,177,0,2,0,1073,263,0,4,0,514,1,0,12,0,267,0,0,3,0,13,428,12,14,0,0,143,6,0,0,0,0,0,0,0
7,36,1,17,0,0,0,1.009674,0.974103,0.992978,17,2,584,100,100,0,0,0,12,0,42,42,2,20,5,68,12,0,0,3136,208,0,4,0,1073,292,0,8,0,514,0,0,4,0,267,0,0,0,0,13,484,0,8,0,0,117,2,0,0,0,0,0,0,0
7,36,2,9,0,0,0,1.003436,0.990006,0.998517,9,1,459,100,100,0,0,0,44,42,0,-6,2,20,5,113,6,0,0,3136,168,0,2,0,1073,284,0,4,0,514,17,0,6,0,267,0,0,2,0,13,380,8,8,0,0,168,3,0,0,0,0,0,0,0
7,36,3,8,0,0,0,1.036717,0.99156,0.988562,8,0,334,100,100,0,0,0,34,42,-6,0,2,20,5,163,6,0,0,3136,167,0,2,0,1073,239,0,4,0,514,0,0,6,0,267,0,0,0,0,13,239,0,8,0,0,164,3,0,0,0,0,0,0,0
7,37,0,18,0,0,0,1.003637,0.997925,1.005249,18,2,584,100,100,0,0,0,0,12,48,38,2,20,10,14,6,0,0,3128,205,0,2,0,1058,265,0,4,0,539,1,0,2,0,241,2,0,11,0,68,468,44,4,0,0,144,1,0,0,0,0,0,0,0
7,37,1,17,0,0,0,1.009674,0.974103,0.992978,17,2,584,100,100,0,0,0,12,0,42,44,2,20,10,66,12,0,0,3128,187,0,4,0,1058,296,0,8,0,539,1,0,0,0,241,0,0,2,0,68,488,8,4,0,0,117,0,0,0,0,0,0,0,0
7,37,2,9,0,0,0,1.003436,0.990006,0.998517,9,1,459,100,100,0,0,0,48,42,0,-6,2,20,10,111,6,0,0,3128,165,0,2,0,1058,286,0,4,0,539,13,0,6,0,241,7,0,3,0,68,384,12,8,0,0,171,3,0,0,0,0,0,0,0
7,37,3,8,0,0,0,1.036717,0.99156,0.988562,8,0,334,100,100,0,0,0,38,44,-6,0,2,20,10,163,6,0,0,3128,173,0,2,0,1058,241,0,4,0,539,0,0,0,0,241,2,0,4,0,68,253,16,2,0,0,164,0,0,0,0,0,0,0,0
7,38,0,18,0,1,0,1.003637,0.997925,1.005249,18,2,584,100,100,0,0,0,0,12,52,42,2,20,2,9,6,0,0,3176,185,0,2,0,1058,267,0,4,0,520,0,0,10,0,272,0,0,2,0,0,493,8,12,0,0,149,5,0,0,0,0,0,0,0
7,38,1,17,0,1,0,1.009674,0.974103,0.992978,17,3,709,100,100,0,0,0,12,0,44,46,2,20,2,65,12,0,0,3176,166,0,4,0,1058,300,0,8,0,520,0,0,4,0,272,0,0,0,0,0,492,0,25,0,0,102,2,17,0,0,0,0,0,0
7,38,2,9,0,1,0,1.003436,0.990006,0.998517,9,2,584,100,100,0,0,0,52,44,0,-6,2,20,2,112,6,0,0,3176,162,0,2,0,1058,288,0,4,0,520,16,0,6,0,272,4,0,3,0,0,376,12,25,0,0,157,3,17,0,0,0,0,0,0
7,38,3,7,0,1,0,1.038992,0.991275,0.997894,7,0,334,100,100,0,0,0,42,46,-6,0,2,20,2,163,6,0,0,3176,171,0,2,0,1058,243,0,4,0,520,1,0,2,0,272,0,0,2,0,0,262,8,4,0,0,165,1,0,0,0,0,0,0,0
7,39,0,12,0,7,0,0.99054,1.004188,1.001275,12,3,709,100,100,0,0,0,0,12,56,46,2,20,4,6,3,0,0,3128,166,0,1,0,1061,268,0,2,0,529,1,0,2,0,267,0,0,0,0,24,490,0,20,0,0,133,1,17,0,0,0,0,0,0
7,39,1,17,0,7,0,1.009674,0.974103,0.992978,17,3,709,100,100,0,0,0,12,0,44,48,2,20,4,65,12,0,0,3128,201,0,4,0,1061,304,0,8,0,529,1,0,2,0,267,0,0,0,0,24,501,0,6,0,0,103,1,0,0,0,0,0,0,0
7,39,2,9,0,7,0,1.003436,0.990006,0.998517,9,2,584,100,100,0,0,0,56,44,0,-6,2,20,4,112,6,0,0,3128,159,0,2,0,1061,290,0,4,0,529,16,0,6,0,267,4,0,3,0,24,386,12,8,0,0,160,3,0,0,0,0,0,0,0
7,39,3,6,0,7,0,1.041955,1.008985,0.999075,6,0,334,100,100,0,0,0,46,48,-6,0,2,20,4,164,6,0,0,3128,162,0,2,0,1061,245,0,4,0,529,0,0,4,0,267,0,0,2,0,24,270,8,6,0,0,167,2,0,0,0,0,0,0,0
7,40,0,11,0,2,0,0.983058,1.006833,0.996385,11,3,709,100,100,0,0,0,0,12,58,48,2,20,5,6,3,0,0,3160,185,0,1,0,1061,269,0,2,0,529,0,0,4,0,263,0,0,0,0,68,485,0,5,0,0,135,2,0,0,0,0,0,0,0
7,40,1,16,0,2,0,1.013982,0.970297,1.000074,16,3,709,100,100,0,0,0,12,0,46,48,2,20,5,58,9,0,0,3160,181,0,3,0,1061,307,0,6,0,529,0,0,4,0,263,0,0,0,0,68,494,0,7,0,0,105,2,0,0,0,0,0,0,0
7,40,2,9,0,2,0,1.003436,0.990006,0.998517,9,2,584,100,100,0,0,0,58,46,0,-6,2,20,5,110,6,0,0,3160,156,0,2,0,1061,292,0,4,0,529,16,0,6,0,263,7,0,3,0,68,390,12,8,0,0,163,3,0,0,0,0,0,0,0
7,40,3,6,0,2,0,1.041955,1.008985,0.999075,6,0,334,100,100,0,0,0,48,48,-6,0,2,20,5,165,6,0,0,3160,154,0,2,0,1061,247,0,4,0,529,1,0,2,0,263,1,0,2,0,68,274,8,4,0,0,168,1,0,0,0,0,0,0,0
