graine,jour,faction,population,naissances_total,morts_total,predations_total,vitesse,taille,perception,armes_equipees,reserves,capacite,defenses_fin,defenses_min_jour,raids_cumul,coalitions_cumul,plans,confiance_0,confiance_1,confiance_2,confiance_3,allies,nourriture_aube,carte_nourriture,stock_nourriture,production_nourriture,consommation_nourriture,sac_nourriture,carte_eau,stock_eau,production_eau,consommation_eau,sac_eau,carte_terre,stock_terre,production_terre,consommation_terre,sac_terre,carte_minerai,stock_minerai,production_minerai,consommation_minerai,sac_minerai,carte_charbon,stock_charbon,production_charbon,consommation_charbon,sac_charbon,carte_energie,stock_energie,production_energie,consommation_energie,sac_energie,carte_fer,stock_fer,production_fer,consommation_fer,sac_fer,carte_armes,stock_armes,production_armes,consommation_armes,sac_armes
1,1,0,48,0,11,0,1.004446,0.999383,1.003972,0,0,334,100,100,0,0,0,0,2,2,2,0,40,0,41,33,0,0,2816,202,0,11,0,932,61,0,22,0,388,25,0,48,0,272,1,0,24,0,156,122,96,77,0,0,15,24,9,0,0,9,9,0,0
1,1,1,45,0,11,0,1.002747,0.992628,1.002883,0,0,334,100,100,0,0,0,2,0,2,2,0,40,0,40,33,0,0,2816,194,0,11,0,932,61,0,22,0,388,26,0,44,0,272,3,0,22,0,156,115,88,73,0,0,13,22,9,0,0,9,9,0,0
1,1,2,49,0,11,0,1.002798,0.997231,1.003768,0,0,334,100,100,0,0,0,2,2,0,0,0,40,0,49,39,0,0,2816,200,0,13,0,932,63,0,26,0,388,27,0,46,0,272,2,0,23,0,156,115,92,77,0,0,14,23,9,0,0,9,9,0,0
1,1,3,47,0,11,0,1.00399,0.996878,1.005095,0,0,334,100,100,0,0,0,2,2,0,0,0,40,0,43,33,0,0,2816,194,0,11,0,932,61,0,22,0,388,27,0,46,0,272,2,0,23,0,156,120,92,75,0,0,14,23,9,0,0,9,9,0,0
1,2,0,37,1,27,0,0.998771,1.000619,1.013254,8,0,334,100,100,0,0,0,0,2,4,4,0,40,0,31,24,0,0,2848,226,0,8,0,956,69,0,16,0,506,0,0,28,0,173,0,0,19,0,171,176,76,54,0,0,20,14,9,0,0,9,9,0,0
1,2,1,35,1,27,0,1.006164,0.99886,0.999734,8,0,334,100,100,0,0,0,2,0,4,4,0,40,0,32,27,0,0,2848,220,0,9,0,956,70,0,18,0,506,0,0,32,0,173,0,0,15,0,171,145,60,59,0,0,20,16,9,0,0,9,9,0,0
1,2,2,46,1,27,0,1.004719,0.999975,1.002571,8,0,334,100,100,0,0,0,4,4,0,0,0,40,0,50,39,0,0,2848,234,0,13,0,956,76,0,26,0,506,0,0,34,0,173,4,0,22,0,171,167,88,65,0,0,22,17,9,0,0,9,9,0,0
1,2,3,45,1,27,0,1.002484,0.995922,1.004137,8,0,334,100,100,0,0,0,4,4,0,0,0,40,0,39,33,0,0,2848,224,0,11,0,956,72,0,22,0,506,0,0,34,0,173,0,0,23,0,171,185,92,63,0,0,22,17,9,0,0,9,9,0,0
1,3,0,36,0,5,0,0.997152,0.999871,1.013221,17,0,334,100,100,0,0,0,0,2,6,4,0,40,1,29,24,0,0,3200,181,0,8,0,977,75,0,16,0,506,1,0,8,0,224,0,0,6,0,0,241,24,34,0,0,15,4,9,0,0,9,9,0,0
1,3,1,35,0,5,0,1.006164,0.99886,0.999734,17,0,334,100,100,0,0,0,2,0,4,6,0,40,1,33,27,0,0,3200,176,0,9,0,977,79,0,18,0,506,1,0,8,0,224,0,0,6,0,0,210,24,35,0,0,15,4,9,0,0,9,9,0,0
1,3,2,44,0,5,0,1.003636,1.001541,1.004489,16,0,334,100,100,0,0,0,6,4,0,0,0,40,1,47,36,0,0,3200,176,0,12,0,977,84,0,24,0,506,0,0,14,0,224,0,0,16,0,0,256,64,44,0,0,20,7,9,0,0,9,9,0,0
1,3,3,43,0,5,0,1.001066,0.996088,1.005653,17,0,334,100,100,0,0,0,4,6,0,0,0,40,1,34,27,0,0,3200,170,0,9,0,977,81,0,18,0,506,0,0,6,0,224,1,0,23,0,0,307,92,33,0,0,16,3,9,0,0,9,9,0,0
1,4,0,32,1,13,1,0.999586,0.998623,1.013875,26,0,334,100,100,0,0,0,0,2,-8,4,0,40,0,28,21,0,0,2896,210,0,7,0,980,82,0,14,0,497,1,0,12,0,250,0,0,3,0,208,247,12,25,0,0,18,6,3,0,0,3,3,0,0
1,4,1,34,1,13,1,1.007335,0.999444,1.002158,25,0,334,100,100,0,0,0,2,0,6,6,0,40,0,35,27,0,0,2896,204,0,9,0,980,88,0,18,0,497,0,0,10,0,250,0,0,1,0,208,203,4,29,0,0,15,5,5,0,0,5,5,0,0
1,4,2,42,1,13,1,1.003096,1.001597,1.00502,23,0,334,100,100,0,0,0,-8,6,0,-10,0,40,0,49,36,0,0,2896,200,0,12,0,980,96,0,24,0,497,1,0,8,0,250,0,0,18,0,208,304,72,38,0,0,15,4,9,0,0,9,9,0,0
1,4,3,38,1,13,1,1.003831,0.993411,1.007456,26,1,459,100,100,0,0,0,4,6,-10,0,0,40,0,31,24,0,0,2896,191,0,8,0,980,89,0,16,0,497,1,0,16,0,250,0,0,1,0,208,281,4,53,0,0,1,8,23,0,0,6,6,0,0
1,5,0,29,0,7,0,1.003278,1.005664,1.011565,27,1,459,100,100,0,0,0,0,2,-16,10,0,40,1,20,15,0,0,3063,173,0,5,0,983,87,0,10,0,480,1,0,10,0,272,0,0,0,0,102,271,0,34,0,0,5,5,18,0,0,1,1,0,0
1,5,1,34,0,7,0,1.007335,0.999444,1.002158,30,0,334,100,100,0,0,0,2,0,8,8,0,40,1,37,27,0,0,3063,161,0,9,0,983,97,0,18,0,480,1,0,10,0,272,0,0,0,0,102,253,0,23,0,0,18,5,2,0,0,2,2,0,0
1,5,2,42,0,7,0,1.003096,1.001597,1.00502,32,1,459,100,100,0,0,0,-16,8,0,-18,0,40,1,53,36,0,0,3063,226,0,12,0,983,108,0,24,0,480,1,0,24,0,272,0,0,0,0,102,268,0,63,0,0,5,12,22,0,0,5,5,0,0
1,5,3,34,0,7,0,1.005243,0.993742,1.007815,32,1,459,100,100,0,0,0,10,8,-18,0,0,40,1,32,24,0,0,3063,202,0,8,0,983,97,0,16,0,480,0,0,20,0,272,0,0,0,0,102,288,0,30,0,0,10,10,1,0,0,1,1,0,0
1,6,0,21,0,9,1,1.009221,1.012747,1.012116,21,1,459,100,100,0,0,0,0,4,-24,10,0,40,0,18,12,0,0,3072,188,0,4,0,986,91,0,8,0,544,1,0,0,0,203,0,0,6,0,102,312,24,4,0,0,5,0,0,0,0,0,0,0,0
1,6,1,34,0,9,1,1.007335,0.999444,1.002158,32,1,459,100,100,0,0,0,4,0,-8,14,0,40,0,37,27,0,0,3072,198,0,9,0,986,106,0,18,0,544,1,0,0,0,203,0,0,14,0,102,306,56,28,0,0,0,0,18,0,0,1,1,0,0
1,6,2,42,0,9,1,1.003096,1.001597,1.00502,37,1,459,100,100,0,0,0,-24,-8,0,-26,0,40,0,58,36,0,0,3072,172,0,12,0,986,120,0,24,0,544,1,0,0,0,203,4,0,19,0,102,401,76,18,0,0,2,0,3,0,0,3,3,0,0
1,6,3,33,0,9,1,1.003928,0.996116,1.010011,32,1,459,100,100,0,0,0,10,14,-26,0,0,40,0,30,21,0,0,3072,161,0,7,0,986,104,0,14,0,544,0,0,0,0,203,5,0,18,0,102,426,72,9,0,0,9,0,1,0,0,1,1,0,0
1,7,0,19,1,8,0,1.014227,1.017204,1.014521,19,1,459,40.969388,35.969388,6,0,0,0,6,-68,24,1,40,4,15,9,0,0,2992,164,0,3,0,992,94,0,6,0,519,0,0,4,0,237,0,0,6,0,166,379,24,7,0,0,7,2,0,0,0,0,0,0,0
1,7,1,34,1,8,0,1.007335,0.999444,1.002158,33,1,459,100,100,6,0,0,6,0,-22,20,1,40,4,40,27,0,0,2992,235,0,9,0,992,115,0,18,0,519,0,0,6,0,237,0,0,12,0,166,364,48,17,0,0,2,3,1,0,0,1,1,0,0
1,7,2,40,1,8,0,0.999748,1.006685,1.006671,37,1,459,82.49704,77.49704,6,0,0,-68,-22,0,-42,0,40,4,60,36,0,0,2992,190,0,12,0,992,132,0,24,0,519,1,0,10,0,237,0,0,16,0,166,445,64,24,0,0,6,5,1,0,0,1,1,0,0
1,7,3,30,1,8,0,1.00071,0.996919,1.006101,30,1,459,100,100,6,0,0,24,20,-42,0,2,40,4,28,21,0,0,2992,177,0,7,0,992,111,0,14,0,519,1,0,6,0,237,0,0,10,0,166,452,40,13,0,0,12,3,0,0,0,0,0,0,0
1,8,0,15,1,15,0,1.005913,1.019064,1.016385,15,1,459,45.969388,40.969388,6,0,1,0,6,-76,30,1,40,4,13,6,0,0,3040,175,0,2,0,1001,96,0,4,0,490,1,0,8,0,255,0,0,0,0,145,384,0,10,0,0,11,4,0,0,0,0,0,0,0
1,8,1,32,1,15,0,1.004363,1.000644,1.007969,31,1,459,100,100,6,0,1,6,0,-22,22,1,40,4,40,24,0,0,3040,193,0,8,0,1001,123,0,16,0,490,1,0,8,0,255,0,0,5,0,145,451,20,16,0,0,6,4,0,0,0,0,0,0,0
1,8,2,35,1,15,0,0.998242,1.011404,1.010678,34,1,459,87.49704,82.49704,6,0,1,-76,-22,0,-50,0,40,4,55,30,0,0,3040,204,0,10,0,1001,142,0,20,0,490,0,0,16,0,255,0,0,10,0,145,447,40,28,0,0,13,8,1,0,0,1,1,0,0
1,8,3,27,1,15,0,1.001485,0.998059,1.007706,27,2,584,100,100,6,0,1,30,22,-50,0,2,40,4,21,18,0,0,3040,197,0,6,0,1001,117,0,12,0,490,1,0,18,0,255,0,0,2,0,145,420,8,41,0,0,4,9,17,0,0,0,0,0,0
1,9,0,13,0,13,0,1.007932,1.013222,1.009847,13,1,459,50.969388,45.969388,12,0,1,0,9,-82,32,1,40,4,14,6,0,0,3096,182,0,2,0,1013,98,0,4,0,543,1,0,0,0,213,1,0,8,0,266,414,32,2,0,0,11,0,0,0,0,0,0,0,0
1,9,1,30,0,13,0,1.0039,1.004163,1.009553,29,1,459,81.241407,76.241407,12,0,1,9,0,-58,27,1,40,4,43,24,0,0,3096,225,0,8,0,1013,131,0,16,0,543,1,0,0,0,213,0,0,9,0,266,449,36,10,0,0,5,0,1,0,0,1,1,0,0
1,9,2,33,0,13,0,0.998361,1.014034,1.015065,33,1,459,69.615931,64.615931,12,0,1,-82,-58,0,-56,0,40,4,58,30,0,0,3096,159,0,10,0,1013,152,0,20,0,543,0,0,0,0,213,9,0,15,0,266,449,60,10,0,0,13,0,0,0,0,0,0,0,0
1,9,3,20,0,13,0,1.019938,1.003984,1.000438,20,2,584,100,100,12,0,1,32,27,-56,0,2,40,4,18,15,0,0,3096,165,0,5,0,1013,122,0,10,0,543,0,0,2,0,213,5,0,9,0,266,457,36,7,0,0,5,1,0,0,0,0,0,0,0
1,10,0,11,1,14,0,1.004222,1.002454,1.010906,11,1,459,30.554344,25.554344,17,0,1,0,9,-100,44,1,40,2,12,3,0,0,3104,168,0,1,0,1013,99,0,2,0,526,1,0,0,0,248,3,0,7,0,162,458,28,1,0,0,11,0,0,0,0,0,0,0,0
1,10,1,26,1,14,0,0.998895,1.005622,1.019048,26,1,459,86.241407,81.241407,17,0,1,9,0,-80,23,1,40,2,44,24,0,0,3104,187,0,8,0,1013,139,0,16,0,526,0,0,4,0,248,0,0,9,0,162,451,36,12,0,0,7,2,0,0,0,0,0,0,0
1,10,2,29,1,14,0,1.001732,1.018275,1.013333,28,1,459,47.011107,42.011107,17,0,1,-100,-80,0,-68,0,40,2,58,24,0,0,3104,174,0,8,0,1013,160,0,16,0,526,0,0,6,0,248,2,0,13,0,162,451,52,14,0,0,16,3,0,0,0,0,0,0,0
1,10,3,17,1,14,0,1.012913,1.010984,1.007421,17,2,584,100,100,17,0,1,44,23,-68,0,2,40,2,22,15,0,0,3104,172,0,5,0,1013,127,0,10,0,526,1,0,8,0,248,0,0,5,0,162,473,20,13,0,0,9,4,0,0,0,0,0,0,0
1,11,0,11,0,7,0,1.004222,1.002454,1.010906,11,1,459,19.008641,14.008641,21,0,1,0,11,-100,49,1,40,7,11,3,0,0,3087,180,0,1,0,1025,100,0,2,0,502,1,0,6,0,266,0,0,3,0,220,456,12,7,0,0,14,3,0,0,0,0,0,0,0
1,11,1,24,0,7,0,1.000454,1.008089,1.02014,24,1,459,76.438455,71.438455,21,0,1,11,0,-100,24,1,40,7,50,24,0,0,3087,187,0,8,0,1025,147,0,16,0,502,1,0,8,0,266,0,0,0,0,220,443,0,16,0,0,11,4,0,0,0,0,0,0,0
1,11,2,27,0,7,0,1.003328,1.021405,1.01388,26,2,584,30.716239,25.716239,21,0,1,-100,-100,0,-72,0,40,7,60,24,0,0,3087,176,0,8,0,1025,168,0,16,0,502,1,0,20,0,266,0,0,2,0,220,414,8,47,0,0,8,10,18,0,0,1,1,0,0
1,11,3,14,0,7,0,1.006976,0.998291,1.001452,14,2,584,100,100,21,0,1,49,24,-72,0,2,40,7,24,12,0,0,3087,159,0,4,0,1025,131,0,8,0,502,1,0,6,0,266,1,0,5,0,220,500,20,10,0,0,12,3,0,0,0,0,0,0,0
1,12,0,8,0,10,0,1.009855,1.004176,1.015952,8,1,459,24.008641,19.008641,26,0,1,0,16,-100,49,1,40,3,9,3,0,0,3128,168,0,1,0,1029,101,0,2,0,516,0,0,4,0,255,0,0,3,0,226,458,12,5,0,0,16,2,0,0,0,0,0,0,0
1,12,1,22,0,10,0,0.998069,1.007737,1.023938,22,1,459,47.945573,42.945573,26,0,1,16,0,-100,31,1,40,3,61,24,0,0,3128,179,0,8,0,1029,153,0,16,0,516,1,0,10,0,255,0,0,0,0,226,441,0,18,0,0,16,5,0,0,0,0,0,0,0
1,12,2,24,0,10,0,1.008696,1.030476,1.012101,24,2,584,17.033712,12.033712,26,0,1,-100,-100,0,-78,0,40,3,66,24,0,0,3128,173,0,8,0,1029,174,0,16,0,516,0,0,6,0,255,4,0,9,0,226,451,36,14,0,0,11,3,0,0,0,0,0,0,0
1,12,3,12,0,10,0,1.00682,1.005525,1.004359,12,2,584,100,100,26,0,1,49,31,-78,0,2,40,3,30,12,0,0,3128,157,0,4,0,1029,135,0,8,0,516,5,0,6,0,255,0,0,2,0,226,501,8,10,0,0,15,3,0,0,0,0,0,0,0
1,13,0,8,1,5,0,1.009855,1.004176,1.015952,8,2,584,17.057796,12.057796,30,0,1,0,20,-100,52,2,40,6,10,3,0,0,3136,175,0,1,0,1028,102,0,2,0,508,0,0,2,0,263,0,0,4,0,258,441,16,20,0,0,0,1,17,0,0,0,0,0,0
1,13,1,20,1,5,0,0.998929,1.007755,1.023153,20,2,584,37.821251,32.821251,30,0,1,20,0,-100,32,2,40,6,72,24,0,0,3136,165,0,8,0,1028,161,0,16,0,508,0,0,10,0,263,0,0,0,0,258,424,0,35,0,0,4,5,17,0,0,0,0,0,0
1,13,2,23,1,5,0,1.014137,1.032884,1.012991,22,2,584,5,0,30,0,1,-100,-100,0,-82,0,40,6,78,24,0,0,3136,157,0,8,0,1028,182,0,16,0,508,1,0,14,0,263,0,0,7,0,258,464,28,22,0,0,18,7,0,0,0,0,0,0,0
1,13,3,11,1,5,0,1.010264,1.008173,1.00176,11,3,709,100,100,30,0,1,52,32,-82,0,2,40,6,34,9,0,0,3136,158,0,3,0,1028,138,0,6,0,508,9,0,6,0,263,0,0,2,0,258,486,8,26,0,0,1,3,17,0,0,0,0,0,0
1,14,0,7,0,7,0,1.010059,1.002536,1.020323,7,2,584,5,0,32,0,1,0,28,-100,55,2,40,4,10,3,0,0,3160,166,0,1,0,1031,103,0,2,0,508,0,0,6,0,269,0,0,0,0,242,442,0,7,0,0,3,3,0,0,0,0,0,0,0
1,14,1,17,0,7,0,1.00813,1.013071,1.019222,17,2,584,29.429621,24.429621,32,0,1,28,0,-100,37,2,40,4,78,18,0,0,3160,155,0,6,0,1031,167,0,12,0,508,1,0,4,0,269,0,0,2,0,242,440,8,10,0,0,6,2,0,0,0,0,0,0,0
1,14,2,21,0,7,0,1.011831,1.034893,1.011259,20,2,584,10,5,32,0,1,-100,-100,0,-86,0,40,4,89,24,0,0,3160,134,0,8,0,1031,190,0,16,0,508,4,0,14,0,269,0,0,0,0,242,458,0,24,0,0,24,7,1,0,0,1,1,0,0
1,14,3,10,0,7,0,1.004469,1.015859,0.999652,10,3,709,100,100,32,0,1,55,37,-86,0,2,40,4,39,9,0,0,3160,160,0,3,0,1031,141,0,6,0,508,11,0,6,0,269,0,0,1,0,242,484,4,9,0,0,4,3,0,0,0,0,0,0,0
1,15,0,7,1,8,1,1.010059,1.002536,1.020323,7,2,584,10,5,33,0,1,0,36,-100,57,2,40,10,9,3,0,0,3160,166,0,1,0,1037,104,0,2,0,533,0,0,2,0,265,0,0,3,0,261,454,12,3,0,0,4,1,0,0,0,0,0,0,0
1,15,1,15,1,8,1,1.017585,1.021703,1.020904,14,2,584,20.670862,15.670862,33,0,1,36,0,-100,45,2,40,10,81,12,0,0,3160,150,0,4,0,1037,171,0,8,0,533,0,0,4,0,265,0,0,0,0,261,447,0,8,0,0,8,2,0,0,0,0,0,0,0
1,15,2,17,1,8,1,1.003269,1.02723,1.020335,17,2,584,15,10,33,0,1,-100,-100,0,-90,0,40,10,103,21,0,0,3160,106,0,7,0,1037,197,0,14,0,533,1,0,6,0,265,0,0,1,0,261,467,4,13,0,0,27,3,0,0,0,0,0,0,0
1,15,3,9,1,8,1,1.004029,1.015882,1.00124,9,3,709,100,100,33,0,1,57,45,-90,0,2,40,10,43,9,0,0,3160,155,0,3,0,1037,144,0,6,0,533,10,0,4,0,265,1,0,2,0,261,488,8,7,0,0,6,2,0,0,0,0,0,0,0
1,16,0,7,1,6,0,1.010059,1.002536,1.020323,7,2,584,15,10,33,0,1,0,38,-100,57,2,40,3,13,3,0,0,3176,166,0,1,0,1052,105,0,2,0,544,0,0,0,0,242,2,0,4,0,261,472,16,1,0,0,4,0,0,0,0,0,0,0,0
1,16,1,15,1,6,0,1.021644,1.026833,1.019696,13,2,584,25.670862,20.670862,33,0,1,38,0,-100,47,2,40,3,90,15,0,0,3176,138,0,5,0,1052,172,0,10,0,544,0,0,0,0,242,3,0,6,0,261,479,24,7,0,0,7,0,1,0,0,1,1,0,0
1,16,2,14,1,6,0,1.008017,1.019385,1.00993,14,2,584,20,15,33,0,1,-100,-100,0,-90,0,40,3,118,21,0,0,3176,82,0,7,0,1052,200,0,14,0,544,1,0,0,0,242,1,0,5,0,261,495,20,7,0,0,27,0,0,0,0,0,0,0,0
1,16,3,7,1,6,0,1.003269,1.012043,1.001575,7,3,709,100,100,33,0,1,57,47,-90,0,2,40,3,40,3,0,0,3176,153,0,1,0,1052,144,0,2,0,544,6,0,4,0,242,8,0,2,0,261,494,8,5,0,0,8,2,0,0,0,0,0,0,0
1,17,0,6,0,6,0,1.014409,1.001049,1.009852,6,2,584,20,15,33,0,1,0,40,-100,59,2,40,13,15,3,0,0,3184,166,0,1,0,1046,106,0,2,0,524,0,0,6,0,272,0,0,2,0,267,473,8,7,0,0,7,3,0,0,0,0,0,0,0
1,17,1,13,0,6,0,1.028161,1.030425,1.016983,12,2,584,30.670862,25.670862,33,0,1,40,0,-100,49,2,40,13,94,15,0,0,3184,126,0,5,0,1046,177,0,10,0,524,1,0,4,0,272,0,0,3,0,267,492,12,11,0,0,8,2,1,0,0,1,1,0,0
1,17,2,13,0,6,0,1.006668,1.014714,1.014031,13,3,709,25,20,33,0,1,-100,-100,0,-90,0,40,13,134,21,0,0,3184,61,0,7,0,1046,207,0,14,0,524,1,0,0,0,272,0,0,1,0,267,490,4,24,0,0,10,0,17,0,0,0,0,0,0
1,17,3,5,0,6,0,0.998814,1.010598,1.009223,5,3,709,100,100,33,0,1,59,49,-90,0,2,40,13,42,3,0,0,3184,145,0,1,0,1046,145,0,2,0,524,13,0,2,0,272,7,0,1,0,267,498,4,3,0,0,9,1,0,0,0,0,0,0,0
1,18,0,6,1,4,0,1.014409,1.001049,1.009852,6,2,584,25,20,33,0,1,0,42,-100,59,2,40,11,17,3,0,0,3184,167,0,1,0,1052,107,0,2,0,538,1,0,2,0,257,0,0,3,0,273,482,12,3,0,0,8,1,0,0,0,0,0,0,0
1,18,1,11,1,4,0,1.032447,1.036263,1.022118,11,2,584,35.670862,30.670862,33,0,1,42,0,-100,49,2,40,11,99,12,0,0,3184,117,0,4,0,1052,181,0,8,0,538,1,0,0,0,257,5,0,4,0,273,513,16,4,0,0,8,0,0,0,0,0,0,0,0
1,18,2,13,1,4,0,1.006668,1.014714,1.014031,13,3,709,30,25,33,0,1,-100,-100,0,-90,0,40,11,152,21,0,0,3184,41,0,7,0,1052,214,0,14,0,538,1,0,0,0,257,0,0,0,0,273,498,0,7,0,0,10,0,0,0,0,0,0,0,0
1,18,3,4,1,4,0,1.024649,1.066591,0.996456,3,3,709,100,100,33,0,1,59,49,-90,0,2,40,11,41,0,0,0,3184,140,0,0,0,1052,145,0,0,0,538,14,0,2,0,257,9,0,1,0,273,503,4,2,0,0,10,1,0,0,0,0,0,0,0
1,19,0,6,1,3,0,1.014409,1.001049,1.009852,6,2,584,30,25,33,0,1,0,44,-100,61,2,40,15,22,3,0,0,3176,168,0,1,0,1052,108,0,2,0,542,1,0,2,0,257,0,0,3,0,282,491,12,3,0,0,9,1,0,0,0,0,0,0,0
1,19,1,10,1,3,0,1.03479,1.037133,1.020126,10,2,584,40.670862,35.670862,33,0,1,44,0,-100,51,2,40,15,107,12,0,0,3176,110,0,4,0,1052,185,0,8,0,542,1,0,0,0,257,11,0,3,0,282,524,12,4,0,0,8,0,0,0,0,0,0,0,0
1,19,2,13,1,3,0,1.006668,1.014714,1.014031,13,3,709,35,30,33,0,1,-100,-100,0,-90,0,40,15,167,21,0,0,3176,21,0,7,0,1052,221,0,14,0,542,1,0,0,0,257,0,0,0,0,282,506,0,7,0,0,10,0,0,0,0,0,0,0,0
1,19,3,3,1,3,0,1.019549,1.029103,0.983521,1,3,709,100,100,33,0,1,61,51,-90,0,2,40,15,40,0,0,0,3176,144,0,0,0,1052,145,0,0,0,542,12,0,2,0,257,11,0,1,0,282,505,4,2,0,0,11,1,0,0,0,0,0,0,0
1,20,0,6,1,4,0,1.014409,1.001049,1.009852,6,2,584,35,30,33,0,1,0,46,-100,61,2,40,16,25,3,0,0,3176,169,0,1,0,1052,109,0,2,0,535,1,0,6,0,272,0,0,0,0,300,484,0,7,0,0,12,3,0,0,0,0,0,0,0
1,20,1,10,1,4,0,1.035123,1.024371,1.018365,9,2,584,45.670862,40.670862,33,0,1,46,0,-100,51,2,40,16,115,12,0,0,3176,104,0,4,0,1052,189,0,8,0,535,0,0,4,0,272,8,0,3,0,300,528,12,8,0,0,10,2,0,0,0,0,0,0,0
1,20,2,12,1,4,0,1.012635,1.009317,1.013129,12,3,709,40,35,33,0,1,-100,-100,0,-90,0,40,16,185,21,0,0,3176,1,0,7,0,1052,228,0,14,0,535,1,0,0,0,272,0,0,0,0,300,499,0,7,0,0,10,0,0,0,0,0,0,0,0
1,20,3,1,1,4,0,0.980301,0.981755,0.995055,0,3,709,100,100,33,0,1,61,51,-90,0,2,40,16,39,0,0,0,3176,149,0,0,0,1052,145,0,0,0,535,10,0,2,0,272,10,0,1,0,300,507,4,2,0,0,12,1,0,0,0,0,0,0,0
1,21,0,6,0,2,0,1.014409,1.001049,1.009852,6,2,584,40,35,33,0,1,0,48,-100,61,1,40,20,26,3,0,0,3165,170,0,1,0,1055,110,0,2,0,544,1,0,0,0,263,3,0,3,0,282,495,12,1,0,0,12,0,0,0,0,0,0,0,0
1,21,1,9,0,2,0,1.043603,1.032793,1.02153,8,2,584,50.670862,45.670862,33,0,1,48,0,-100,51,1,40,20,120,9,0,0,3165,107,0,3,0,1055,192,0,6,0,544,0,0,0,0,263,7,0,4,0,282,542,16,5,0,0,9,0,1,0,0,1,1,0,0
1,21,2,12,0,2,0,1.012635,1.009317,1.013129,12,3,709,45,40,33,0,1,-100,-100,0,-90,0,40,20,183,0,0,0,3165,0,0,0,0,1055,249,0,0,0,544,1,0,0,0,263,0,0,0,0,282,514,0,0,0,0,10,0,0,0,0,0,0,0,0
1,21,3,0,0,2,0,0,0,0,0,3,709,100,100,33,0,1,61,51,-90,0,0,40,20,38,0,0,0,3165,148,0,0,0,1055,145,0,0,0,544,10,0,0,0,263,10,0,0,0,282,507,0,0,0,0,12,0,0,0,0,0,0,0,0
1,22,0,6,0,2,0,1.014409,1.001049,1.009852,6,2,584,45,40,33,0,1,0,50,-100,61,1,40,18,30,3,0,0,3164,171,0,1,0,1055,111,0,2,0,537,0,0,6,0,272,0,0,3,0,294,500,12,7,0,0,15,3,0,0,0,0,0,0,0
1,22,1,8,0,2,0,1.033023,1.040449,1.012722,8,2,584,55.670862,50.670862,33,0,1,50,0,-100,51,1,40,18,125,9,0,0,3164,111,0,3,0,1055,195,0,6,0,537,0,0,2,0,272,4,0,3,0,294,549,12,5,0,0,10,1,0,0,0,0,0,0,0
1,22,2,11,0,2,0,1.014497,1.002764,1.009598,11,3,709,50,45,33,0,1,-100,-100,0,-90,0,40,18,179,0,0,0,3164,0,0,0,0,1055,267,0,0,0,537,1,0,0,0,272,0,0,0,0,294,520,0,0,0,0,10,0,0,0,0,0,0,0,0
1,22,3,0,0,2,0,0,0,0,0,3,709,100,100,33,0,1,61,51,-90,0,0,40,18,38,0,0,0,3164,148,0,0,0,1055,145,0,0,0,537,10,0,0,0,272,10,0,0,0,294,507,0,0,0,0,12,0,0,0,0,0,0,0,0
1,23,0,6,0,3,0,1.014409,1.001049,1.009852,6,2,584,50,45,33,0,1,0,52,-100,61,1,40,25,31,3,0,0,3165,172,0,1,0,1058,112,0,2,0,543,0,0,0,0,266,3,0,3,0,285,511,12,1,0,0,15,0,0,0,0,0,0,0,0
1,23,1,5,0,3,0,1.039565,1.028715,0.9765,5,2,584,60.670862,55.670862,33,0,1,52,0,-100,51,1,40,25,129,9,0,0,3165,108,0,3,0,1058,198,0,6,0,543,1,0,0,0,266,3,0,1,0,285,550,4,3,0,0,10,0,0,0,0,0,0,0,0
1,23,2,11,0,3,0,1.014497,1.002764,1.009598,11,3,709,55,50,33,0,1,-100,-100,0,-90,0,40,25,176,0,0,0,3165,0,0,0,0,1058,285,0,0,0,543,1,0,0,0,266,0,0,0,0,285,535,0,0,0,0,10,0,0,0,0,0,0,0,0
1,23,3,0,0,3,0,0,0,0,0,3,709,100,100,33,0,1,61,51,-90,0,0,40,25,38,0,0,0,3165,148,0,0,0,1058,145,0,0,0,543,10,0,0,0,266,10,0,0,0,285,507,0,0,0,0,12,0,0,0,0,0,0,0,0
1,24,0,5,0,3,0,0.992099,0.976281,1.012785,5,2,584,55,50,33,0,1,0,54,-100,61,1,40,20,32,3,0,0,3173,173,0,1,0,1061,113,0,2,0,541,1,0,2,0,272,1,0,2,0,285,516,8,3,0,0,16,1,0,0,0,0,0,0,0
1,24,1,3,0,3,0,1.056302,1.0145,0.995861,3,2,584,65.670862,60.670862,33,0,1,54,0,-100,51,1,40,20,133,6,0,0,3173,109,0,2,0,1061,200,0,4,0,541,1,0,0,0,272,2,0,1,0,285,552,4,2,0,0,10,0,0,0,0,0,0,0,0
1,24,2,11,0,3,0,1.014497,1.002764,1.009598,11,3,709,60,55,33,0,1,-100,-100,0,-90,0,40,20,174,0,0,0,3173,0,0,0,0,1061,303,0,0,0,541,1,0,0,0,272,0,0,0,0,285,550,0,0,0,0,10,0,0,0,0,0,0,0,0
1,24,3,0,0,3,0,0,0,0,0,3,709,100,100,33,0,1,61,51,-90,0,0,40,20,38,0,0,0,3173,148,0,0,0,1061,145,0,0,0,541,10,0,0,0,272,10,0,0,0,285,507,0,0,0,0,12,0,0,0,0,0,0,0,0
1,25,0,5,0,2,0,0.992099,0.976281,1.012785,5,3,709,60,55,33,0,1,0,56,-100,61,1,40,22,34,3,0,0,3181,167,0,1,0,1067,114,0,2,0,542,1,0,2,0,272,0,0,1,0,277,508,4,20,0,0,0,1,17,0,0,0,0,0,0
1,25,1,1,0,2,0,1.041731,0.923483,0.953628,1,2,584,70.670862,65.670862,33,0,1,56,0,-100,51,1,40,22,131,0,0,0,3181,114,0,0,0,1067,200,0,0,0,542,1,0,0,0,272,1,0,1,0,277,556,4,0,0,0,10,0,0,0,0,0,0,0,0
1,25,2,11,0,2,0,1.014497,1.002764,1.009598,11,3,709,65,60,33,0,1,-100,-100,0,-90,0,40,22,172,0,0,0,3181,0,0,0,0,1067,321,0,0,0,542,1,0,0,0,272,0,0,0,0,277,565,0,0,0,0,10,0,0,0,0,0,0,0,0
1,25,3,0,0,2,0,0,0,0,0,3,709,100,100,33,0,1,61,51,-90,0,0,40,22,38,0,0,0,3181,148,0,0,0,1067,145,0,0,0,542,10,0,0,0,272,10,0,0,0,277,507,0,0,0,0,12,0,0,0,0,0,0,0,0
1,26,0,5,0,3,0,0.992099,0.976281,1.012785,5,3,709,65,60,33,0,1,0,56,-100,61,0,40,31,34,3,0,0,3181,169,0,1,0,1088,112,0,2,0,541,0,0,4,0,272,0,0,0,0,285,503,0,5,0,0,2,2,0,0,0,0,0,0,0
1,26,1,0,0,3,0,0,0,0,0,2,584,70.670862,70.670862,33,0,1,56,0,-100,51,0,40,31,130,0,0,0,3181,113,0,0,0,1088,200,0,0,0,541,1,0,0,0,272,1,0,0,0,285,556,0,0,0,0,10,0,0,0,0,0,0,0,0
1,26,2,9,0,3,0,1.021764,0.996384,1.006515,9,3,709,70,65,33,0,1,-100,-100,0,-90,0,40,31,164,0,0,0,3181,0,0,0,0,1088,321,0,0,0,541,1,0,0,0,272,0,0,0,0,285,580,0,0,0,0,10,0,0,0,0,0,0,0,0
1,26,3,0,0,3,0,0,0,0,0,3,709,100,100,33,0,1,61,51,-90,0,0,40,31,38,0,0,0,3181,148,0,0,0,1088,145,0,0,0,541,10,0,0,0,272,10,0,0,0,285,507,0,0,0,0,12,0,0,0,0,0,0,0,0
1,27,0,4,0,1,0,0.96982,0.992163,1.031942,4,3,709,70,65,35,0,0,0,52,-100,57,0,40,30,36,3,0,0,3191,163,0,1,0,1073,113,0,2,0,541,1,0,2,0,272,0,0,0,0,282,503,0,3,0,0,3,1,0,0,0,0,0,0,0
1,27,1,0,0,1,0,0,0,0,0,2,584,70.670862,70.670862,35,0,0,52,0,-100,51,0,40,30,130,0,0,0,3191,113,0,0,0,1073,200,0,0,0,541,1,0,0,0,272,1,0,0,0,282,556,0,0,0,0,10,0,0,0,0,0,0,0,0
1,27,2,9,0,1,0,1.021764,0.996384,1.006515,9,3,709,39.40257,34.40257,35,0,0,-100,-100,0,-90,0,40,30,161,0,0,0,3191,0,0,0,0,1073,333,0,0,0,541,1,0,0,0,272,0,0,0,0,282,595,0,0,0,0,10,0,0,0,0,0,0,0,0
1,27,3,0,0,1,0,0,0,0,0,3,709,100,100,35,0,0,57,51,-90,0,0,40,30,38,0,0,0,3191,148,0,0,0,1073,145,0,0,0,541,10,0,0,0,272,10,0,0,0,282,507,0,0,0,0,12,0,0,0,0,0,0,0,0
1,28,0,4,0,0,0,0.96982,0.992163,1.031942,4,3,709,75,70,35,0,0,0,52,-100,57,0,40,24,39,3,0,0,3191,158,0,1,0,1076,114,0,2,0,544,1,0,0,0,272,0,0,0,0,282,505,0,1,0,0,3,0,0,0,0,0,0,0,0
1,28,1,0,0,0,0,0,0,0,0,2,584,70.670862,70.670862,35,0,0,52,0,-100,51,0,40,24,130,0,0,0,3191,113,0,0,0,1076,200,0,0,0,544,1,0,0,0,272,1,0,0,0,282,556,0,0,0,0,10,0,0,0,0,0,0,0,0
1,28,2,9,0,0,0,1.021764,0.996384,1.006515,9,3,709,44.40257,39.40257,35,0,0,-100,-100,0,-90,0,40,24,160,0,0,0,3191,0,0,0,0,1076,342,0,0,0,544,1,0,0,0,272,0,0,0,0,282,610,0,0,0,0,10,0,0,0,0,0,0,0,0
1,28,3,0,0,0,0,0,0,0,0,3,709,100,100,35,0,0,57,51,-90,0,0,40,24,38,0,0,0,3191,148,0,0,0,1076,145,0,0,0,544,10,0,0,0,272,10,0,0,0,282,507,0,0,0,0,12,0,0,0,0,0,0,0,0
1,29,0,4,0,0,0,0.96982,0.992163,1.031942,4,3,709,80,75,35,0,0,0,52,-100,57,0,40,28,42,3,0,0,3191,153,0,1,0,1073,115,0,2,0,544,1,0,0,0,272,0,0,0,0,282,507,0,1,0,0,3,0,0,0,0,0,0,0,0
1,29,1,0,0,0,0,0,0,0,0,2,584,70.670862,70.670862,35,0,0,52,0,-100,51,0,40,28,130,0,0,0,3191,113,0,0,0,1073,200,0,0,0,544,1,0,0,0,272,1,0,0,0,282,556,0,0,0,0,10,0,0,0,0,0,0,0,0
1,29,2,9,0,0,0,1.021764,0.996384,1.006515,9,3,709,49.40257,44.40257,35,0,0,-100,-100,0,-90,0,40,28,159,0,0,0,3191,0,0,0,0,1073,354,0,0,0,544,1,0,0,0,272,0,0,0,0,282,625,0,0,0,0,10,0,0,0,0,0,0,0,0
1,29,3,0,0,0,0,0,0,0,0,3,709,100,100,35,0,0,57,51,-90,0,0,40,28,38,0,0,0,3191,148,0,0,0,1073,145,0,0,0,544,10,0,0,0,272,10,0,0,0,282,507,0,0,0,0,12,0,0,0,0,0,0,0,0
1,30,0,4,0,0,0,0.96982,0.992163,1.031942,4,3,709,85,80,35,0,0,0,52,-100,57,0,40,27,43,3,0,0,3191,148,0,1,0,1079,116,0,2,0,544,1,0,0,0,272,0,0,0,0,282,509,0,1,0,0,3,0,0,0,0,0,0,0,0
1,30,1,0,0,0,0,0,0,0,0,2,584,70.670862,70.670862,35,0,0,52,0,-100,51,0,40,27,130,0,0,0,3191,113,0,0,0,1079,200,0,0,0,544,1,0,0,0,272,1,0,0,0,282,556,0,0,0,0,10,0,0,0,0,0,0,0,0
1,30,2,9,0,0,0,1.021764,0.996384,1.006515,9,3,709,54.40257,49.40257,35,0,0,-100,-100,0,-90,0,40,27,157,0,0,0,3191,0,0,0,0,1079,360,0,0,0,544,1,0,0,0,272,0,0,0,0,282,640,0,0,0,0,10,0,0,0,0,0,0,0,0
1,30,3,0,0,0,0,0,0,0,0,3,709,100,100,35,0,0,57,51,-90,0,0,40,27,38,0,0,0,3191,148,0,0,0,1079,145,0,0,0,544,10,0,0,0,272,10,0,0,0,282,507,0,0,0,0,12,0,0,0,0,0,0,0,0
1,31,0,4,0,3,0,0.96982,0.992163,1.031942,4,3,709,90,85,35,0,0,0,52,-100,57,0,40,28,44,3,0,0,3191,143,0,1,0,1073,117,0,2,0,544,1,0,0,0,272,0,0,0,0,282,511,0,1,0,0,3,0,0,0,0,0,0,0,0
1,31,1,0,0,3,0,0,0,0,0,2,584,70.670862,70.670862,35,0,0,52,0,-100,51,0,40,28,130,0,0,0,3191,113,0,0,0,1073,200,0,0,0,544,1,0,0,0,272,1,0,0,0,282,556,0,0,0,0,10,0,0,0,0,0,0,0,0
1,31,2,6,0,3,0,1.021074,0.982062,1.010646,6,3,709,59.40257,54.40257,35,0,0,-100,-100,0,-90,0,40,28,154,0,0,0,3191,0,0,0,0,1073,369,0,0,0,544,1,0,0,0,272,0,0,0,0,282,649,0,0,0,0,10,0,0,0,0,0,0,0,0
1,31,3,0,0,3,0,0,0,0,0,3,709,100,100,35,0,0,57,51,-90,0,0,40,28,38,0,0,0,3191,148,0,0,0,1073,145,0,0,0,544,10,0,0,0,272,10,0,0,0,282,507,0,0,0,0,12,0,0,0,0,0,0,0,0
1,32,0,4,0,0,0,0.96982,0.992163,1.031942,4,3,709,95,90,35,0,0,0,52,-100,57,0,40,25,47,3,0,0,3194,138,0,1,0,1076,118,0,2,0,544,1,0,0,0,272,0,0,0,0,288,513,0,1,0,0,3,0,0,0,0,0,0,0,0
1,32,1,0,0,0,0,0,0,0,0,2,584,70.670862,70.670862,35,0,0,52,0,-100,51,0,40,25,130,0,0,0,3194,113,0,0,0,1076,200,0,0,0,544,1,0,0,0,272,1,0,0,0,288,556,0,0,0,0,10,0,0,0,0,0,0,0,0
1,32,2,6,0,0,0,1.021074,0.982062,1.010646,6,3,709,64.40257,59.40257,35,0,0,-100,-100,0,-90,0,40,25,155,0,0,0,3194,0,0,0,0,1076,378,0,0,0,544,1,0,0,0,272,0,0,0,0,288,658,0,0,0,0,10,0,0,0,0,0,0,0,0
1,32,3,0,0,0,0,0,0,0,0,3,709,100,100,35,0,0,57,51,-90,0,0,40,25,38,0,0,0,3194,148,0,0,0,1076,145,0,0,0,544,10,0,0,0,272,10,0,0,0,288,507,0,0,0,0,12,0,0,0,0,0,0,0,0
1,33,0,4,0,0,0,0.96982,0.992163,1.031942,4,3,709,100,95,35,0,0,0,52,-100,57,0,40,30,50,3,0,0,3194,133,0,1,0,1076,119,0,2,0,544,1,0,0,0,272,0,0,0,0,288,515,0,1,0,0,3,0,0,0,0,0,0,0,0
1,33,1,0,0,0,0,0,0,0,0,2,584,70.670862,70.670862,35,0,0,52,0,-100,51,0,40,30,130,0,0,0,3194,113,0,0,0,1076,200,0,0,0,544,1,0,0,0,272,1,0,0,0,288,556,0,0,0,0,10,0,0,0,0,0,0,0,0
1,33,2,6,0,0,0,1.021074,0.982062,1.010646,6,3,709,69.40257,64.40257,35,0,0,-100,-100,0,-90,0,40,30,155,0,0,0,3194,0,0,0,0,1076,387,0,0,0,544,1,0,0,0,272,0,0,0,0,288,667,0,0,0,0,10,0,0,0,0,0,0,0,0
1,33,3,0,0,0,0,0,0,0,0,3,709,100,100,35,0,0,57,51,-90,0,0,40,30,38,0,0,0,3194,148,0,0,0,1076,145,0,0,0,544,10,0,0,0,272,10,0,0,0,288,507,0,0,0,0,12,0,0,0,0,0,0,0,0
1,34,0,4,0,0,0,0.96982,0.992163,1.031942,4,3,709,100,100,35,0,0,0,52,-100,57,0,40,27,53,3,0,0,3194,128,0,1,0,1076,120,0,2,0,544,1,0,0,0,272,0,0,0,0,288,517,0,1,0,0,3,0,0,0,0,0,0,0,0
1,34,1,0,0,0,0,0,0,0,0,2,584,70.670862,70.670862,35,0,0,52,0,-100,51,0,40,27,130,0,0,0,3194,113,0,0,0,1076,200,0,0,0,544,1,0,0,0,272,1,0,0,0,288,556,0,0,0,0,10,0,0,0,0,0,0,0,0
1,34,2,6,0,0,0,1.021074,0.982062,1.010646,6,3,709,74.40257,69.40257,35,0,0,-100,-100,0,-90,0,40,27,158,0,0,0,3194,0,0,0,0,1076,396,0,0,0,544,1,0,0,0,272,0,0,0,0,288,676,0,0,0,0,10,0,0,0,0,0,0,0,0
1,34,3,0,0,0,0,0,0,0,0,3,709,100,100,35,0,0,57,51,-90,0,0,40,27,38,0,0,0,3194,148,0,0,0,1076,145,0,0,0,544,10,0,0,0,272,10,0,0,0,288,507,0,0,0,0,12,0,0,0,0,0,0,0,0
1,35,0,4,0,0,0,0.96982,0.992163,1.031942,4,3,709,100,100,35,0,0,0,52,-100,57,0,40,27,56,3,0,0,3194,123,0,1,0,1076,121,0,2,0,544,1,0,0,0,272,0,0,0,0,288,519,0,1,0,0,3,0,0,0,0,0,0,0,0
1,35,1,0,0,0,0,0,0,0,0,2,584,70.670862,70.670862,35,0,0,52,0,-100,51,0,40,27,130,0,0,0,3194,113,0,0,0,1076,200,0,0,0,544,1,0,0,0,272,1,0,0,0,288,556,0,0,0,0,10,0,0,0,0,0,0,0,0
1,35,2,6,0,0,0,1.021074,0.982062,1.010646,6,3,709,79.40257,74.40257,35,0,0,-100,-100,0,-90,0,40,27,157,0,0,0,3194,0,0,0,0,1076,405,0,0,0,544,1,0,0,0,272,0,0,0,0,288,685,0,0,0,0,10,0,0,0,0,0,0,0,0
1,35,3,0,0,0,0,0,0,0,0,3,709,100,100,35,0,0,57,51,-90,0,0,40,27,38,0,0,0,3194,148,0,0,0,1076,145,0,0,0,544,10,0,0,0,272,10,0,0,0,288,507,0,0,0,0,12,0,0,0,0,0,0,0,0
1,36,0,4,0,1,0,0.96982,0.992163,1.031942,4,3,709,100,100,35,0,0,0,52,-100,57,0,40,28,59,3,0,0,3194,118,0,1,0,1076,122,0,2,0,544,1,0,0,0,272,0,0,0,0,288,521,0,1,0,0,3,0,0,0,0,0,0,0,0
1,36,1,0,0,1,0,0,0,0,0,2,584,70.670862,70.670862,35,0,0,52,0,-100,51,0,40,28,130,0,0,0,3194,113,0,0,0,1076,200,0,0,0,544,1,0,0,0,272,1,0,0,0,288,556,0,0,0,0,10,0,0,0,0,0,0,0,0
1,36,2,5,0,1,0,1.012773,0.985528,1.011823,5,3,709,84.40257,79.40257,35,0,0,-100,-100,0,-90,0,40,28,157,0,0,0,3194,0,0,0,0,1076,411,0,0,0,544,1,0,0,0,272,0,0,0,0,288,694,0,0,0,0,10,0,0,0,0,0,0,0,0
1,36,3,0,0,1,0,0,0,0,0,3,709,100,100,35,0,0,57,51,-90,0,0,40,28,38,0,0,0,3194,148,0,0,0,1076,145,0,0,0,544,10,0,0,0,272,10,0,0,0,288,507,0,0,0,0,12,0,0,0,0,0,0,0,0
1,37,0,4,0,1,0,0.96982,0.992163,1.031942,4,3,709,100,100,35,0,0,0,52,-100,57,0,40,30,62,3,0,0,3195,113,0,1,0,1079,123,0,2,0,544,1,0,0,0,272,0,0,0,0,288,523,0,1,0,0,3,0,0,0,0,0,0,0,0
1,37,1,0,0,1,0,0,0,0,0,2,584,70.670862,70.670862,35,0,0,52,0,-100,51,0,40,30,130,0,0,0,3195,113,0,0,0,1079,200,0,0,0,544,1,0,0,0,272,1,0,0,0,288,556,0,0,0,0,10,0,0,0,0,0,0,0,0
1,37,2,4,0,1,0,1.016381,0.968776,1.016639,4,3,709,89.40257,84.40257,35,0,0,-100,-100,0,-90,0,40,30,158,0,0,0,3195,0,0,0,0,1079,414,0,0,0,544,1,0,0,0,272,0,0,0,0,288,703,0,0,0,0,10,0,0,0,0,0,0,0,0
1,37,3,0,0,1,0,0,0,0,0,3,709,100,100,35,0,0,57,51,-90,0,0,40,30,38,0,0,0,3195,148,0,0,0,1079,145,0,0,0,544,10,0,0,0,272,10,0,0,0,288,507,0,0,0,0,12,0,0,0,0,0,0,0,0
1,38,0,4,0,0,0,0.96982,0.992163,1.031942,4,3,709,100,100,35,0,0,0,52,-100,57,0,40,33,65,3,0,0,3196,108,0,1,0,1082,124,0,2,0,544,1,0,0,0,272,0,0,0,0,288,525,0,1,0,0,3,0,0,0,0,0,0,0,0
1,38,1,0,0,0,0,0,0,0,0,2,584,70.670862,70.670862,35,0,0,52,0,-100,51,0,40,33,130,0,0,0,3196,113,0,0,0,1082,200,0,0,0,544,1,0,0,0,272,1,0,0,0,288,556,0,0,0,0,10,0,0,0,0,0,0,0,0
1,38,2,4,0,0,0,1.016381,0.968776,1.016639,4,3,709,94.40257,89.40257,35,0,0,-100,-100,0,-90,0,40,33,157,0,0,0,3196,0,0,0,0,1082,417,0,0,0,544,1,0,0,0,272,0,0,0,0,288,709,0,0,0,0,10,0,0,0,0,0,0,0,0
1,38,3,0,0,0,0,0,0,0,0,3,709,100,100,35,0,0,57,51,-90,0,0,40,33,38,0,0,0,3196,148,0,0,0,1082,145,0,0,0,544,10,0,0,0,272,10,0,0,0,288,507,0,0,0,0,12,0,0,0,0,0,0,0,0
1,39,0,4,0,0,0,0.96982,0.992163,1.031942,4,3,709,100,100,35,0,0,0,52,-100,57,0,40,30,68,3,0,0,3196,103,0,1,0,1082,125,0,2,0,544,1,0,0,0,272,0,0,0,0,288,527,0,1,0,0,3,0,0,0,0,0,0,0,0
1,39,1,0,0,0,0,0,0,0,0,2,584,70.670862,70.670862,35,0,0,52,0,-100,51,0,40,30,130,0,0,0,3196,113,0,0,0,1082,200,0,0,0,544,1,0,0,0,272,1,0,0,0,288,556,0,0,0,0,10,0,0,0,0,0,0,0,0
1,39,2,4,0,0,0,1.016381,0.968776,1.016639,4,3,709,99.40257,94.40257,35,0,0,-100,-100,0,-90,0,40,30,159,0,0,0,3196,0,0,0,0,1082,420,0,0,0,544,1,0,0,0,272,0,0,0,0,288,709,0,0,0,0,10,0,0,0,0,0,0,0,0
1,39,3,0,0,0,0,0,0,0,0,3,709,100,100,35,0,0,57,51,-90,0,0,40,30,38,0,0,0,3196,148,0,0,0,1082,145,0,0,0,544,10,0,0,0,272,10,0,0,0,288,507,0,0,0,0,12,0,0,0,0,0,0,0,0
1,40,0,4,0,0,0,0.96982,0.992163,1.031942,4,3,709,100,100,35,0,0,0,52,-100,57,0,40,30,71,3,0,0,3196,98,0,1,0,1082,126,0,2,0,544,1,0,0,0,272,0,0,0,0,288,529,0,1,0,0,3,0,0,0,0,0,0,0,0
1,40,1,0,0,0,0,0,0,0,0,2,584,70.670862,70.670862,35,0,0,52,0,-100,51,0,40,30,130,0,0,0,3196,113,0,0,0,1082,200,0,0,0,544,1,0,0,0,272,1,0,0,0,288,556,0,0,0,0,10,0,0,0,0,0,0,0,0
1,40,2,4,0,0,0,1.016381,0.968776,1.016639,4,3,709,100,99.40257,35,0,0,-100,-100,0,-90,0,40,30,161,0,0,0,3196,0,0,0,0,1082,423,0,0,0,544,1,0,0,0,272,0,0,0,0,288,709,0,0,0,0,10,0,0,0,0,0,0,0,0
1,40,3,0,0,0,0,0,0,0,0,3,709,100,100,35,0,0,57,51,-90,0,0,40,30,38,0,0,0,3196,148,0,0,0,1082,145,0,0,0,544,10,0,0,0,272,10,0,0,0,288,507,0,0,0,0,12,0,0,0,0,0,0,0,0
2,1,0,49,0,4,0,0.997025,1.006007,0.996268,0,0,334,100,100,0,0,0,0,0,2,2,0,40,1,46,36,0,0,2816,201,0,12,0,932,62,0,24,0,500,2,0,48,0,218,10,0,24,0,156,121,96,78,0,0,15,24,9,0,0,9,9,0,0
2,1,1,48,0,4,0,0.998157,1.005083,1.000317,0,0,334,100,100,0,0,0,0,0,2,2,0,40,1,48,39,0,0,2816,184,0,13,0,932,63,0,26,0,500,1,0,44,0,218,12,0,22,0,156,116,88,75,0,0,13,22,9,0,0,9,9,0,0
2,1,2,50,0,4,0,0.995982,1.004429,0.995847,0,0,334,100,100,0,0,0,2,2,0,0,0,40,1,49,39,0,0,2816,200,0,13,0,932,63,0,26,0,500,0,0,44,0,218,19,0,24,0,156,124,96,75,0,0,13,22,9,0,0,9,9,0,0
2,1,3,49,0,4,0,0.995889,1.004052,0.993043,0,0,334,100,100,0,0,0,2,2,0,0,0,40,1,49,39,0,0,2816,192,0,13,0,932,63,0,26,0,500,1,0,40,0,218,20,0,23,0,156,124,92,71,0,0,11,20,9,0,0,9,9,0,0
2,2,0,48,1,1,0,0.995683,1.005555,0.99779,9,0,334,100,100,0,0,0,0,0,4,4,0,40,0,42,36,0,0,2840,236,0,12,0,935,74,0,24,0,489,1,0,12,0,232,0,0,19,0,159,188,76,42,0,0,12,6,9,0,0,9,9,0,0
2,2,1,48,1,1,0,0.998157,1.005083,1.000317,9,0,334,100,100,0,0,0,0,0,4,4,0,40,0,50,39,0,0,2840,203,0,13,0,935,76,0,26,0,489,0,0,18,0,232,0,0,21,0,159,187,84,49,0,0,13,9,9,0,0,9,9,0,0
2,2,2,51,1,1,0,0.9966,1.003468,0.995143,9,0,334,100,100,0,0,0,4,4,0,0,0,40,0,49,39,0,0,2840,233,0,13,0,935,76,0,26,0,489,1,0,10,0,232,7,0,24,0,159,215,96,41,0,0,9,5,9,0,0,9,9,0,0
2,2,3,49,1,1,0,0.995889,1.004052,0.993043,9,0,334,100,100,0,0,0,4,4,0,0,0,40,0,49,39,0,0,2840,218,0,13,0,935,76,0,26,0,489,1,0,16,0,232,7,0,23,0,159,205,92,47,0,0,10,8,9,0,0,9,9,0,0
2,3,0,40,1,31,0,0.985691,1.006409,0.993759,16,0,334,100,100,0,0,0,0,2,6,6,0,40,0,27,21,0,0,3120,181,0,7,0,938,81,0,14,0,498,1,0,8,0,194,0,0,18,0,109,278,72,33,0,0,7,4,9,0,0,9,9,0,0
2,3,1,40,1,31,0,0.999559,1.006258,1.002776,14,0,334,100,100,0,0,0,2,0,6,6,0,40,0,37,27,0,0,3120,226,0,9,0,938,85,0,18,0,498,1,0,8,0,194,7,0,17,0,109,245,68,31,0,0,10,4,7,0,0,7,7,0,0
2,3,2,45,1,31,0,0.992854,1.007909,0.990248,16,0,334,100,100,0,0,0,6,6,0,0,0,40,0,28,21,0,0,3120,175,0,7,0,938,83,0,14,0,498,1,0,14,0,194,0,0,22,0,109,309,88,39,0,0,7,7,9,0,0,9,9,0,0
2,3,3,41,1,31,0,0.993748,1.006504,0.993352,14,0,334,100,100,0,0,0,6,6,0,0,0,40,0,27,21,0,0,3120,162,0,7,0,938,83,0,14,0,498,0,0,16,0,194,0,0,22,0,109,299,88,41,0,0,9,8,9,0,0,9,9,0,0
2,4,0,29,1,41,0,0.984829,1.010944,1.003361,25,0,334,100,100,0,0,0,0,4,8,8,0,40,0,21,15,0,0,3072,168,0,5,0,1013,86,0,10,0,462,1,0,18,0,272,0,0,0,0,85,302,0,27,0,0,14,9,2,0,0,2,2,0,0
2,4,1,35,1,41,0,1.001781,1.008428,0.997909,19,0,334,100,100,0,0,0,4,0,8,8,0,40,0,32,24,0,0,3072,178,0,8,0,1013,93,0,16,0,462,1,0,24,0,272,0,0,7,0,85,301,28,44,0,0,16,12,6,0,0,6,6,0,0
2,4,2,32,1,41,0,0.990369,1.01037,0.993903,25,0,334,100,100,0,0,0,8,8,0,2,0,40,0,24,18,0,0,3072,164,0,6,0,1013,89,0,12,0,462,0,0,16,0,272,0,0,0,0,85,304,0,30,0,0,11,8,4,0,0,4,4,0,0
2,4,3,30,1,41,0,0.98834,1.009779,1.000733,22,0,334,100,100,0,0,0,8,8,2,0,0,40,0,21,15,0,0,3072,164,0,5,0,1013,88,0,10,0,462,0,0,22,0,272,0,0,0,0,85,299,0,35,0,0,16,11,4,0,0,4,4,0,0
2,5,0,24,0,23,0,0.983125,1.01348,1.003118,24,1,459,100,100,0,0,0,0,-8,14,14,0,40,0,17,12,0,0,2955,188,0,4,0,1022,90,0,8,0,483,0,0,14,0,272,0,0,0,0,225,285,0,35,0,0,4,7,17,0,0,0,0,0,0
2,5,1,32,0,23,0,0.999491,1.004111,0.999408,25,0,334,100,100,0,0,0,-8,0,-8,-8,0,40,0,33,24,0,0,2955,207,0,8,0,1022,101,0,16,0,483,0,0,22,0,272,0,0,0,0,225,278,0,38,0,0,23,11,4,0,0,4,4,0,0
2,5,2,26,0,23,0,0.993566,1.018109,1.000044,25,1,459,100,100,0,0,0,14,-8,0,6,0,40,0,19,15,0,0,2955,175,0,5,0,1022,94,0,10,0,483,0,0,18,0,272,0,0,0,0,225,283,0,42,0,0,2,9,18,0,0,1,1,0,0
2,5,3,21,0,23,0,0.985867,1.013227,1.008038,21,1,459,100,100,0,0,0,14,-8,6,0,0,40,0,14,12,0,0,2955,178,0,4,0,1022,92,0,8,0,483,0,0,6,0,272,0,0,0,0,225,290,0,27,0,0,2,3,17,0,0,0,0,0,0
2,6,0,16,0,16,0,0.986519,1.023958,1.003842,16,1,459,100,100,0,0,0,0,-8,16,16,0,40,7,12,9,0,0,3104,177,0,3,0,1028,93,0,6,0,490,1,0,10,0,271,0,0,0,0,164,292,0,13,0,0,9,5,0,0,0,0,0,0,0
2,6,1,31,0,16,0,0.995181,1.00614,0.999302,29,1,459,100,100,0,0,0,-8,0,-6,-6,0,40,7,28,21,0,0,3104,168,0,7,0,1028,108,0,14,0,490,1,0,22,0,271,0,0,0,0,164,286,0,48,0,0,16,11,18,0,0,1,1,0,0
2,6,2,22,0,16,0,0.988584,1.0149,1.007741,22,1,459,100,100,0,0,0,16,-6,0,6,0,40,7,17,12,0,0,3104,177,0,4,0,1028,98,0,8,0,490,0,0,12,0,271,0,0,1,0,164,294,4,16,0,0,8,6,0,0,0,0,0,0,0
2,6,3,18,0,16,0,0.99179,1.0158,1.008697,18,1,459,100,100,0,0,0,16,-6,6,0,0,40,7,15,12,0,0,3104,185,0,4,0,1028,96,0,8,0,490,0,0,8,0,271,0,0,0,0,164,293,0,12,0,0,6,4,0,0,0,0,0,0,0
2,7,0,14,0,7,0,0.993854,1.026241,1.000985,14,1,459,100,100,0,0,0,0,-8,18,18,0,40,2,15,9,0,0,3088,174,0,3,0,1034,96,0,6,0,499,1,0,12,0,249,0,0,2,0,190,302,8,15,0,0,15,6,0,0,0,0,0,0,0
2,7,1,30,0,7,0,0.993985,1.0103,1.000343,30,1,459,100,100,0,0,0,-8,0,-4,-4,0,40,2,29,21,0,0,3088,194,0,7,0,1034,115,0,14,0,499,1,0,12,0,249,1,0,14,0,190,346,56,19,0,0,22,6,0,0,0,0,0,0,0
2,7,2,20,0,7,0,0.993106,1.016355,1.005967,20,1,459,100,100,0,0,0,18,-4,0,6,0,40,2,18,12,0,0,3088,183,0,4,0,1034,102,0,8,0,499,0,0,12,0,249,0,0,3,0,190,313,12,16,0,0,14,6,0,0,0,0,0,0,0
2,7,3,16,0,7,0,0.990477,1.010949,1.005768,16,1,459,100,100,0,0,0,18,-4,6,0,0,40,2,17,12,0,0,3088,163,0,4,0,1034,100,0,8,0,499,1,0,8,0,249,0,0,3,0,190,337,12,12,0,0,10,4,0,0,0,0,0,0,0
2,8,0,13,1,10,0,0.99788,1.02676,1.010141,12,1,459,100,100,0,0,0,0,-8,20,20,2,40,2,17,9,0,0,3040,181,0,3,0,1034,99,0,6,0,476,0,0,8,0,272,0,0,0,0,252,300,0,11,0,0,19,4,0,0,0,0,0,0,0
2,8,1,28,1,10,0,0.991327,1.010236,1.000496,28,1,459,100,100,0,0,0,-8,0,-2,-2,0,40,2,30,21,0,0,3040,229,0,7,0,1034,122,0,14,0,476,0,0,20,0,272,0,0,1,0,252,338,4,27,0,0,32,10,0,0,0,0,0,0,0
2,8,2,16,1,10,0,0.990378,1.016217,1.001937,16,1,459,100,100,0,0,0,20,-2,0,6,1,40,2,19,9,0,0,3040,192,0,3,0,1034,105,0,6,0,476,0,0,12,0,272,0,0,0,0,252,310,0,15,0,0,20,6,0,0,0,0,0,0,0
2,8,3,14,1,10,0,0.985421,1.016337,1.011962,14,1,459,100,100,0,0,0,20,-2,6,0,1,40,2,21,12,0,0,3040,175,0,4,0,1034,104,0,8,0,476,1,0,6,0,272,0,0,0,0,252,339,0,10,0,0,13,3,0,0,0,0,0,0,0
2,9,0,14,1,1,0,1.005015,1.023522,1.01013,12,1,459,100,100,0,0,0,0,-8,20,22,2,40,9,23,12,0,0,3168,164,0,4,0,1034,103,0,8,0,518,1,0,4,0,266,0,0,2,0,229,320,8,10,0,0,20,2,1,0,0,1,1,0,0
2,9,1,28,1,1,0,0.991327,1.010236,1.000496,28,1,459,100,100,0,0,0,-8,0,0,-2,0,40,9,33,21,0,0,3168,194,0,7,0,1034,129,0,14,0,518,1,0,12,0,266,0,0,2,0,229,352,8,19,0,0,38,6,0,0,0,0,0,0,0
2,9,2,16,1,1,0,0.990378,1.016217,1.001937,16,1,459,100,100,0,0,0,20,0,0,6,1,40,9,19,9,0,0,3168,173,0,3,0,1034,108,0,6,0,518,1,0,6,0,266,0,0,2,0,229,329,8,9,0,0,23,3,0,0,0,0,0,0,0
2,9,3,13,1,1,0,0.983803,1.016277,1.01158,13,1,459,100,100,0,0,0,22,-2,6,0,1,40,9,25,12,0,0,3168,181,0,4,0,1034,108,0,8,0,518,0,0,2,0,266,0,0,0,0,229,337,0,6,0,0,14,1,0,0,0,0,0,0,0
2,10,0,15,3,0,0,1.00884,1.019904,1.012089,13,1,459,100,100,0,0,0,0,-8,20,24,2,40,8,29,12,0,0,3064,178,0,4,0,1034,107,0,8,0,508,1,0,6,0,260,0,0,3,0,225,329,12,12,0,0,22,3,1,0,0,1,1,0,0
2,10,1,30,3,0,0,0.996317,1.009521,0.998926,28,1,459,100,100,0,0,0,-8,0,2,0,0,40,8,37,21,0,0,3064,231,0,7,0,1034,136,0,14,0,508,0,0,16,0,260,0,0,6,0,225,368,24,23,0,0,46,8,0,0,0,0,0,0,0
2,10,2,16,3,0,0,0.990378,1.016217,1.001937,16,1,459,100,100,0,0,0,20,2,0,6,1,40,8,18,9,0,0,3064,186,0,3,0,1034,111,0,6,0,508,0,0,10,0,260,0,0,3,0,225,343,12,13,0,0,28,5,0,0,0,0,0,0,0
2,10,3,13,3,0,0,0.983803,1.016277,1.01158,13,1,459,100,100,0,0,0,24,0,6,0,1,40,8,31,12,0,0,3064,164,0,4,0,1034,112,0,8,0,508,0,0,6,0,260,0,0,0,0,225,363,0,10,0,0,17,3,0,0,0,0,0,0,0
2,11,0,15,0,15,0,1.00884,1.019904,1.012089,14,1,459,100,100,0,0,0,0,-8,20,24,2,40,20,36,15,0,0,3144,190,0,5,0,1055,106,0,10,0,532,0,0,4,0,237,0,0,6,0,300,342,24,11,0,0,23,2,1,0,0,1,1,0,0
2,11,1,18,0,15,0,0.997328,0.990581,0.990874,17,1,459,100,100,0,0,0,-8,0,2,0,0,40,20,29,18,0,0,3144,195,0,6,0,1055,139,0,12,0,532,0,0,6,0,237,11,0,4,0,300,370,16,14,0,0,48,3,1,0,0,1,1,0,0
2,11,2,14,0,15,0,0.989427,1.015009,0.99803,14,1,459,100,100,0,0,0,20,2,0,6,1,40,20,14,9,0,0,3144,167,0,3,0,1055,111,0,6,0,532,1,0,2,0,237,2,0,7,0,300,366,28,5,0,0,29,1,0,0,0,0,0,0,0
2,11,3,12,0,15,0,0.983485,1.014948,1.009075,12,1,459,100,100,0,0,0,24,0,6,0,1,40,20,34,12,0,0,3144,163,0,4,0,1055,107,0,8,0,532,0,0,0,0,237,0,0,5,0,300,379,20,4,0,0,17,0,0,0,0,0,0,0,0
2,12,0,15,0,4,0,1.00884,1.019904,1.012089,15,1,459,100,100,0,0,0,0,-8,22,26,2,40,1,48,15,0,0,3168,170,0,5,0,1034,111,0,10,0,506,1,0,6,0,272,0,0,0,0,215,372,0,11,0,0,26,3,0,0,0,0,0,0,0
2,12,1,17,0,4,0,0.99158,0.991646,0.984922,17,1,459,100,100,0,0,0,-8,0,4,2,0,40,1,34,15,0,0,3168,172,0,5,0,1034,144,0,10,0,506,13,0,8,0,272,7,0,4,0,215,390,16,13,0,0,52,4,0,0,0,0,0,0,0
2,12,2,12,0,4,0,0.989135,1.019616,1.005501,12,1,459,100,100,0,0,0,22,4,0,6,1,40,1,13,6,0,0,3168,167,0,2,0,1034,113,0,4,0,506,0,0,8,0,272,0,0,2,0,215,376,8,10,0,0,33,4,0,0,0,0,0,0,0
2,12,3,11,0,4,0,0.977114,1.012497,1.010482,11,1,459,100,100,0,0,0,26,2,6,0,1,40,1,38,9,0,0,3168,164,0,3,0,1034,110,0,6,0,506,1,0,2,0,272,0,0,0,0,215,386,0,5,0,0,18,1,0,0,0,0,0,0,0
2,13,0,16,3,2,0,1.009852,1.021789,1.010999,15,2,584,100,100,0,0,0,0,-8,24,26,2,40,1,56,15,0,0,3128,182,0,5,0,1043,116,0,10,0,527,1,0,0,0,244,0,0,6,0,258,383,24,22,0,0,9,0,17,0,0,0,0,0,0
2,13,1,17,3,2,0,0.988606,0.996871,0.98082,16,2,584,100,100,0,0,0,-8,0,4,2,0,40,1,37,12,0,0,3128,159,0,4,0,1043,148,0,8,0,527,22,0,8,0,244,10,0,4,0,258,386,16,29,0,0,39,4,17,0,0,0,0,0,0
2,13,2,12,3,2,0,0.99087,1.028651,1.00502,11,2,584,100,100,0,0,0,24,4,0,6,1,40,1,15,6,0,0,3128,169,0,2,0,1043,115,0,4,0,527,0,0,0,0,244,3,0,6,0,258,393,24,19,0,0,16,0,17,0,0,0,0,0,0
2,13,3,11,3,2,0,0.977114,1.012497,1.010482,11,2,584,100,100,0,0,0,26,2,6,0,1,40,1,46,9,0,0,3128,166,0,3,0,1043,113,0,6,0,527,1,0,0,0,244,0,0,3,0,258,390,12,20,0,0,1,0,17,0,0,0,0,0,0
2,14,0,15,0,1,0,1.003991,1.024481,1.011066,14,2,584,100,100,0,0,0,0,-8,24,26,2,40,17,63,18,0,0,3128,184,0,6,0,1040,122,0,12,0,502,0,0,8,0,272,0,0,0,0,258,376,0,16,0,0,12,4,1,0,0,1,1,0,0
2,14,1,17,0,1,0,0.988606,0.996871,0.98082,16,2,584,100,100,0,0,0,-8,0,6,4,0,40,17,36,12,0,0,3128,146,0,4,0,1040,152,0,8,0,502,38,0,8,0,272,6,0,4,0,258,397,16,14,0,0,42,4,1,0,0,1,1,0,0
2,14,2,12,0,1,0,0.99087,1.028651,1.00502,11,2,584,100,100,0,0,0,24,6,0,6,1,40,17,17,9,0,0,3128,170,0,3,0,1040,118,0,6,0,502,1,0,6,0,272,0,0,3,0,258,406,12,11,0,0,18,3,1,0,0,1,1,0,0
2,14,3,11,0,1,0,0.977114,1.012497,1.010482,11,2,584,100,100,0,0,0,26,4,6,0,1,40,17,53,9,0,0,3128,168,0,3,0,1040,116,0,6,0,502,1,0,4,0,272,0,0,0,0,258,395,0,7,0,0,3,2,0,0,0,0,0,0,0
2,15,0,12,2,7,0,1.004689,1.0131,1.017592,12,2,584,100,100,0,0,0,0,-8,28,28,2,40,1,73,18,0,0,3160,163,0,6,0,1040,128,0,12,0,511,1,0,2,0,259,1,0,3,0,242,389,12,8,0,0,13,1,0,0,0,0,0,0,0
2,15,1,16,2,7,0,0.992864,0.995182,0.97822,15,2,584,100,100,0,0,0,-8,0,6,6,0,40,1,39,12,0,0,3160,133,0,4,0,1040,156,0,8,0,511,52,0,4,0,259,13,0,2,0,242,400,8,8,0,0,44,2,0,0,0,0,0,0,0
2,15,2,11,2,7,0,0.99248,1.027861,1.017641,11,2,584,100,100,0,0,0,28,6,0,8,1,40,1,22,9,0,0,3160,171,0,3,0,1040,121,0,6,0,511,1,0,6,0,259,0,0,0,0,242,409,0,9,0,0,21,3,0,0,0,0,0,0,0
2,15,3,11,2,7,0,0.966886,1.0208,1.009368,10,2,584,100,100,0,0,0,28,6,8,0,1,40,1,59,9,0,0,3160,170,0,3,0,1040,119,0,6,0,511,0,0,4,0,259,0,0,0,0,242,397,0,7,0,0,5,2,0,0,0,0,0,0,0
2,16,0,12,0,3,0,1.004689,1.0131,1.017592,12,2,584,100,100,0,0,0,0,-6,30,30,2,40,2,88,18,0,0,3160,145,0,6,0,1040,134,0,12,0,539,1,0,2,0,233,3,0,3,0,267,402,12,8,0,0,14,1,0,0,0,0,0,0,0
2,16,1,14,0,3,0,0.995512,0.994132,0.969246,13,2,584,100,100,0,0,0,-6,0,6,6,0,40,2,46,12,0,0,3160,121,0,4,0,1040,160,0,8,0,539,51,0,4,0,233,28,0,2,0,267,401,8,10,0,0,45,2,1,0,0,1,1,0,0
2,16,2,11,0,3,0,0.99248,1.027861,1.017641,11,2,584,100,100,0,0,0,30,6,0,8,1,40,2,27,9,0,0,3160,173,0,3,0,1040,124,0,6,0,539,1,0,0,0,233,0,0,4,0,267,434,16,3,0,0,21,0,0,0,0,0,0,0,0
2,16,3,10,0,3,0,0.965013,1.019103,1.013982,10,2,584,100,100,0,0,0,30,6,8,0,1,40,2,63,9,0,0,3160,172,0,3,0,1040,122,0,6,0,539,0,0,0,0,233,0,0,4,0,267,419,16,3,0,0,5,0,0,0,0,0,0,0,0
2,17,0,13,3,0,0,1.009597,1.013207,1.023954,12,2,584,100,100,0,0,0,0,-6,32,30,2,40,8,102,18,0,0,3160,127,0,6,0,1040,140,0,12,0,514,0,0,2,0,272,0,0,3,0,267,415,12,8,0,0,15,1,0,0,0,0,0,0,0
2,17,1,14,3,0,0,0.995512,0.994132,0.969246,14,2,584,100,100,0,0,0,-6,0,8,8,0,40,8,50,12,0,0,3160,111,0,4,0,1040,164,0,8,0,514,68,0,4,0,272,26,0,2,0,267,404,8,8,0,0,47,2,0,0,0,0,0,0,0
2,17,2,12,3,0,0,0.990656,1.027067,1.019171,11,2,584,100,100,0,0,0,32,8,0,10,1,40,8,34,9,0,0,3160,175,0,3,0,1040,127,0,6,0,514,1,0,4,0,272,0,0,0,0,267,439,0,7,0,0,23,2,0,0,0,0,0,0,0
2,17,3,11,3,0,0,0.955952,1.026465,1.019152,10,2,584,100,100,0,0,0,30,8,10,0,1,40,8,71,9,0,0,3160,175,0,3,0,1040,125,0,6,0,514,0,0,4,0,272,0,0,0,0,267,421,0,7,0,0,7,2,0,0,0,0,0,0,0
2,18,0,13,0,3,0,1.009597,1.013207,1.023954,12,2,584,100,100,0,0,0,0,-4,32,30,2,40,7,116,18,0,0,3160,108,0,6,0,1040,146,0,12,0,513,2,0,6,0,268,0,0,0,0,264,410,0,14,0,0,17,3,1,0,0,1,1,0,0
2,18,1,12,0,3,0,0.996774,0.993464,0.96469,12,2,584,100,100,0,0,0,-4,0,10,8,0,40,7,54,12,0,0,3160,101,0,4,0,1040,168,0,8,0,513,77,0,2,0,268,29,0,1,0,264,402,4,6,0,0,48,1,0,0,0,0,0,0,0
2,18,2,11,0,3,0,0.992458,1.025659,1.020785,10,2,584,100,100,0,0,0,32,10,0,10,1,40,7,38,9,0,0,3160,176,0,3,0,1040,130,0,6,0,513,1,0,6,0,268,0,0,0,0,264,437,0,11,0,0,25,3,1,0,0,1,1,0,0
2,18,3,11,0,3,0,0.955952,1.026465,1.019152,10,2,584,100,100,0,0,0,30,8,10,0,1,40,7,77,9,0,0,3160,177,0,3,0,1040,128,0,6,0,513,1,0,2,0,268,0,0,0,0,264,426,0,7,0,0,7,1,1,0,0,1,1,0,0
2,19,0,13,0,1,0,1.009597,1.013207,1.023954,13,2,584,100,100,0,0,0,0,-2,34,30,2,40,3,130,18,0,0,3160,89,0,6,0,1040,152,0,12,0,523,2,0,6,0,251,2,0,3,0,270,419,12,12,0,0,20,3,0,0,0,0,0,0,0
2,19,1,11,0,1,0,0.998789,0.992337,0.968418,11,2,584,100,100,0,0,0,-2,0,12,10,0,40,3,61,9,0,0,3160,94,0,3,0,1040,171,0,6,0,523,87,0,2,0,251,34,0,1,0,270,401,4,5,0,0,49,1,0,0,0,0,0,0,0
2,19,2,11,0,1,0,0.992458,1.025659,1.020785,11,2,584,100,100,0,0,0,34,12,0,10,1,40,3,44,9,0,0,3160,178,0,3,0,1040,133,0,6,0,523,1,0,0,0,251,3,0,5,0,270,463,20,3,0,0,25,0,0,0,0,0,0,0,0
2,19,3,11,0,1,0,0.955952,1.026465,1.019152,11,2,584,100,100,0,0,0,30,10,10,0,1,40,3,84,9,0,0,3160,179,0,3,0,1040,131,0,6,0,523,0,0,4,0,251,0,0,2,0,270,439,8,7,0,0,9,2,0,0,0,0,0,0,0
2,20,0,14,2,2,0,1.014439,1.011254,1.023452,13,2,584,100,100,0,0,0,0,-2,36,32,2,40,5,143,18,0,0,3192,70,0,6,0,1043,158,0,12,0,515,4,0,6,0,268,0,0,2,0,238,424,8,12,0,0,23,3,0,0,0,0,0,0,0
2,20,1,11,2,2,0,0.998789,0.992337,0.968418,11,2,584,100,100,0,0,0,-2,0,14,10,0,40,5,66,9,0,0,3192,88,0,3,0,1043,174,0,6,0,515,95,0,2,0,268,36,0,1,0,238,400,4,5,0,0,50,1,0,0,0,0,0,0,0
2,20,2,11,2,2,0,1.004171,1.018927,1.022342,10,2,584,100,100,0,0,0,36,14,0,10,1,40,5,50,9,0,0,3192,164,0,3,0,1043,136,0,6,0,515,0,0,6,0,268,0,0,3,0,238,491,12,9,0,0,28,3,0,0,0,0,0,0,0
2,20,3,10,2,2,0,0.965013,1.019103,1.013982,10,2,584,100,100,0,0,0,32,10,10,0,1,40,5,87,9,0,0,3192,165,0,3,0,1043,134,0,6,0,515,1,0,2,0,268,0,0,1,0,238,463,4,5,0,0,10,1,0,0,0,0,0,0,0
2,21,0,13,0,2,0,1.024454,1.009943,1.030569,12,2,584,100,100,0,0,0,0,-2,36,32,2,40,4,153,15,0,0,3168,51,0,5,0,1043,163,0,10,0,539,0,0,4,0,258,0,0,3,0,257,434,12,11,0,0,24,2,1,0,0,1,1,0,0
2,21,1,11,0,2,0,0.998789,0.992337,0.968418,11,2,584,100,100,0,0,0,-2,0,14,10,0,40,4,70,9,0,0,3168,82,0,3,0,1043,177,0,6,0,539,97,0,2,0,258,41,0,1,0,257,399,4,5,0,0,51,1,0,0,0,0,0,0,0
2,21,2,11,0,2,0,1.004171,1.018927,1.022342,10,3,709,100,100,0,0,0,36,14,0,10,1,40,4,56,9,0,0,3168,158,0,3,0,1043,139,0,6,0,539,0,0,0,0,258,0,0,4,0,257,510,16,22,0,0,10,0,18,0,0,1,1,0,0
2,21,3,9,0,2,0,0.969026,1.022776,1.015728,9,2,584,100,100,0,0,0,32,10,10,0,1,40,4,91,9,0,0,3168,168,0,3,0,1043,137,0,6,0,539,0,0,2,0,258,0,0,1,0,257,468,4,5,0,0,11,1,0,0,0,0,0,0,0
2,22,0,12,1,2,0,1.018315,1.015235,1.03516,12,2,584,100,100,0,0,0,0,-2,38,36,2,40,6,162,15,0,0,3152,34,0,5,0,1046,168,0,10,0,526,1,0,2,0,242,10,0,2,0,276,441,8,7,0,0,25,1,0,0,0,0,0,0,0
2,22,1,12,1,2,0,1.003649,0.99198,0.975914,11,2,584,100,100,0,0,0,-2,0,16,10,0,40,6,75,9,0,0,3152,76,0,3,0,1046,180,0,6,0,526,110,0,2,0,242,46,0,1,0,276,398,4,5,0,0,52,1,0,0,0,0,0,0,0
2,22,2,11,1,2,0,1.004171,1.018927,1.022342,11,3,709,100,100,0,0,0,38,16,0,10,1,40,6,65,9,0,0,3152,168,0,3,0,1046,142,0,6,0,526,0,0,0,0,242,0,0,6,0,276,540,24,3,0,0,10,0,0,0,0,0,0,0,0
2,22,3,8,1,2,0,0.962551,1.016633,1.022723,8,2,584,100,100,0,0,0,36,10,10,0,1,40,6,99,9,0,0,3152,163,0,3,0,1046,140,0,6,0,526,0,0,0,0,242,3,0,3,0,276,483,12,3,0,0,11,0,0,0,0,0,0,0,0
2,23,0,11,0,5,0,1.026527,1.009236,1.026905,11,2,584,100,100,0,0,0,0,0,40,40,2,40,10,173,15,0,0,3160,20,0,5,0,1046,173,0,10,0,518,11,0,2,0,263,9,0,1,0,276,441,4,7,0,0,26,1,0,0,0,0,0,0,0
2,23,1,12,0,5,0,1.003649,0.99198,0.975914,11,2,584,100,100,0,0,0,0,0,18,12,0,40,10,82,9,0,0,3160,68,0,3,0,1046,183,0,6,0,518,117,0,4,0,263,47,0,2,0,276,400,8,9,0,0,53,2,1,0,0,1,1,0,0
2,23,2,8,0,5,0,1.020091,1.010433,1.041237,8,3,709,100,100,0,0,0,40,18,0,10,1,40,10,67,6,0,0,3160,178,0,2,0,1046,144,0,4,0,518,0,0,0,0,263,2,0,4,0,276,557,16,2,0,0,10,0,0,0,0,0,0,0,0
2,23,3,7,0,5,0,0.950072,1.020484,1.029363,7,2,584,100,100,0,0,0,40,12,10,0,1,40,10,102,6,0,0,3160,160,0,2,0,1046,142,0,4,0,518,1,0,2,0,263,0,0,3,0,276,497,12,4,0,0,12,1,0,0,0,0,0,0,0
2,24,0,11,1,6,0,1.029716,1.003802,1.016221,10,2,584,100,100,0,0,0,0,0,44,44,2,40,8,185,15,0,0,3184,6,0,5,0,1052,178,0,10,0,503,18,0,2,0,272,8,0,1,0,282,438,4,7,0,0,27,1,0,0,0,0,0,0,0
2,24,1,9,1,6,0,0.99739,0.992564,0.965551,9,2,584,100,100,0,0,0,0,0,20,12,1,40,8,85,9,0,0,3184,61,0,3,0,1052,186,0,6,0,503,125,0,4,0,272,45,0,2,0,282,401,8,7,0,0,55,2,0,0,0,0,0,0,0
2,24,2,6,1,6,0,1.014389,0.99494,1.062756,6,3,709,100,100,0,0,0,44,20,0,10,2,40,8,63,3,0,0,3184,168,0,1,0,1052,145,0,2,0,503,0,0,4,0,272,0,0,2,0,282,569,8,5,0,0,12,2,0,0,0,0,0,0,0
2,24,3,7,1,6,0,0.950072,1.020484,1.029363,7,2,584,100,100,0,0,0,44,12,10,0,1,40,8,107,6,0,0,3184,158,0,2,0,1052,144,0,4,0,503,1,0,4,0,272,0,0,0,0,282,492,0,6,0,0,14,2,0,0,0,0,0,0,0
2,25,0,11,1,1,0,1.029716,1.003802,1.016221,10,2,584,100,100,0,0,0,0,0,46,46,2,40,3,183,0,0,0,3163,2,0,0,0,1060,188,0,0,0,505,31,0,2,0,272,7,0,1,0,285,441,4,4,0,0,27,1,1,0,0,1,1,0,0
2,25,1,9,1,1,0,0.99739,0.992564,0.965551,9,2,584,100,100,0,0,0,0,0,22,14,1,40,3,93,9,0,0,3163,57,0,3,0,1060,189,0,6,0,505,133,0,4,0,272,43,0,2,0,285,405,8,7,0,0,57,2,0,0,0,0,0,0,0
2,25,2,6,1,1,0,0.999636,0.992151,1.056335,5,3,709,100,100,0,0,0,46,22,0,10,2,40,3,66,3,0,0,3163,176,0,1,0,1060,146,0,2,0,505,1,0,2,0,272,0,0,0,0,285,569,0,3,0,0,13,1,0,0,0,0,0,0,0
2,25,3,7,1,1,0,0.950072,1.020484,1.029363,7,2,584,100,100,0,0,0,46,14,10,0,1,40,3,114,6,0,0,3163,156,0,2,0,1060,146,0,4,0,505,1,0,6,0,272,0,0,0,0,285,490,0,8,0,0,17,3,0,0,0,0,0,0,0
2,26,0,11,1,0,0,1.029716,1.003802,1.016221,11,2,584,100,100,0,0,0,0,0,48,48,2,40,16,177,0,0,0,3175,2,0,0,0,1073,194,0,0,0,512,42,0,2,0,272,6,0,1,0,269,446,4,2,0,0,28,1,0,0,0,0,0,0,0
2,26,1,9,1,0,0,0.99739,0.992564,0.965551,9,2,584,100,100,0,0,0,0,0,22,14,1,40,16,100,9,0,0,3175,53,0,3,0,1073,186,0,6,0,512,141,0,4,0,272,41,0,2,0,269,409,8,7,0,0,59,2,0,0,0,0,0,0,0
2,26,2,7,1,0,0,1.003133,1.005644,1.064323,5,3,709,100,100,0,0,0,48,22,0,10,2,40,16,73,6,0,0,3175,167,0,2,0,1073,145,0,4,0,512,1,0,2,0,272,0,0,0,0,269,582,0,6,0,0,13,1,1,0,0,1,1,0,0
2,26,3,7,1,0,0,0.950072,1.020484,1.029363,7,2,584,100,100,0,0,0,48,14,10,0,1,40,16,118,6,0,0,3175,154,0,2,0,1073,145,0,4,0,512,0,0,6,0,272,0,0,0,0,269,488,0,8,0,0,20,3,0,0,0,0,0,0,0
2,27,0,11,1,1,0,1.029716,1.003802,1.016221,11,2,584,100,100,0,0,0,0,0,50,50,2,40,11,174,0,0,0,3159,2,0,0,0,1049,209,0,0,0,531,45,0,2,0,258,12,0,1,0,285,451,4,2,0,0,29,1,0,0,0,0,0,0,0
2,27,1,10,1,1,0,1.002702,0.998277,0.966616,9,2,584,100,100,0,0,0,0,0,22,14,1,40,11,107,9,0,0,3159,49,0,3,0,1049,189,0,6,0,531,142,0,4,0,258,44,0,2,0,285,413,8,7,0,0,61,2,0,0,0,0,0,0,0
2,27,2,7,1,1,0,1.003133,1.005644,1.064323,6,3,709,100,100,0,0,0,50,22,0,10,2,40,11,82,9,0,0,3159,172,0,3,0,1049,148,0,6,0,531,0,0,2,0,258,0,0,0,0,285,578,0,7,0,0,13,1,1,0,0,1,1,0,0
2,27,3,6,1,1,0,0.937884,1.031927,1.029729,6,3,709,100,100,0,0,0,50,14,10,0,1,40,11,120,3,0,0,3159,153,0,1,0,1049,146,0,2,0,531,0,0,2,0,258,0,0,2,0,285,482,8,20,0,0,4,1,17,0,0,0,0,0,0
2,28,0,12,1,0,0,1.03543,1.002384,1.018857,11,2,584,100,100,0,0,0,0,0,54,52,2,40,11,170,0,0,0,3159,2,0,0,0,1049,224,0,0,0,544,43,0,2,0,244,25,0,1,0,287,456,4,2,0,0,30,1,0,0,0,0,0,0,0
2,28,1,10,1,0,0,1.002702,0.998277,0.966616,9,2,584,100,100,0,0,0,0,0,22,14,1,40,11,114,12,0,0,3159,43,0,4,0,1049,193,0,8,0,544,138,0,4,0,244,51,0,2,0,287,414,8,10,0,0,62,2,1,0,0,1,1,0,0
2,28,2,7,1,0,0,1.003133,1.005644,1.064323,7,3,709,100,100,0,0,0,54,22,0,10,2,40,11,88,9,0,0,3159,177,0,3,0,1049,151,0,6,0,544,0,0,0,0,244,0,0,3,0,287,590,12,3,0,0,13,0,0,0,0,0,0,0,0
2,28,3,6,1,0,0,0.937884,1.031927,1.029729,6,3,709,100,100,0,0,0,52,14,10,0,1,40,11,122,3,0,0,3159,153,0,1,0,1049,147,0,2,0,544,0,0,0,0,244,0,0,2,0,287,493,8,1,0,0,4,0,0,0,0,0,0,0,0
2,29,0,12,0,0,0,1.03543,1.002384,1.018857,11,2,584,100,100,0,0,0,0,0,56,54,2,40,9,183,15,0,0,3166,5,0,5,0,1049,229,0,10,0,533,45,0,4,0,264,23,0,2,0,269,456,8,11,0,0,31,2,1,0,0,1,1,0,0
2,29,1,10,0,0,0,1.002702,0.998277,0.966616,10,2,584,100,100,0,0,0,0,0,22,14,1,40,9,126,12,0,0,3166,37,0,4,0,1049,197,0,8,0,533,138,0,4,0,264,55,0,2,0,269,417,8,8,0,0,64,2,0,0,0,0,0,0,0
2,29,2,7,0,0,0,1.003133,1.005644,1.064323,7,3,709,100,100,0,0,0,56,22,0,10,2,40,9,98,9,0,0,3166,166,0,3,0,1049,154,0,6,0,533,0,0,0,0,264,0,0,1,0,269,610,4,3,0,0,13,0,0,0,0,0,0,0,0
2,29,3,6,0,0,0,0.937884,1.031927,1.029729,6,3,709,100,100,0,0,0,54,14,10,0,1,40,9,122,3,0,0,3166,153,0,1,0,1049,148,0,2,0,533,1,0,0,0,264,0,0,1,0,269,502,4,1,0,0,4,0,0,0,0,0,0,0,0
2,30,0,11,1,1,0,1.043331,1.010828,1.026812,11,2,584,100,100,0,0,0,0,0,60,58,2,40,7,197,15,0,0,3153,5,0,5,0,1049,234,0,10,0,524,51,0,4,0,260,21,0,2,0,285,458,8,9,0,0,33,2,0,0,0,0,0,0,0
2,30,1,10,1,1,0,1.002702,0.998277,0.966616,10,2,584,100,100,0,0,0,0,0,24,18,1,40,7,135,12,0,0,3153,33,0,4,0,1049,201,0,8,0,524,140,0,4,0,260,59,0,2,0,285,420,8,8,0,0,66,2,0,0,0,0,0,0,0
2,30,2,7,1,1,0,1.003133,1.005644,1.064323,7,3,709,100,100,0,0,0,60,24,0,10,2,40,7,106,9,0,0,3153,170,0,3,0,1049,157,0,6,0,524,1,0,0,0,260,0,0,0,0,285,610,0,3,0,0,13,0,0,0,0,0,0,0,0
2,30,3,7,1,1,0,0.942778,1.023067,1.030434,6,3,709,100,100,0,0,0,58,18,10,0,1,40,7,126,3,0,0,3153,152,0,1,0,1049,149,0,2,0,524,1,0,0,0,260,3,0,3,0,285,519,12,1,0,0,4,0,0,0,0,0,0,0,0
2,31,0,11,0,1,0,1.043331,1.010828,1.026812,11,2,584,100,100,0,0,0,0,0,64,60,2,40,17,210,15,0,0,3146,5,0,5,0,1049,239,0,10,0,520,59,0,4,0,265,19,0,2,0,285,460,8,9,0,0,35,2,0,0,0,0,0,0,0
2,31,1,9,0,1,0,1.002285,0.996184,0.961026,9,2,584,100,100,0,0,0,0,0,26,20,2,40,17,142,12,0,0,3146,21,0,4,0,1049,205,0,8,0,520,144,0,2,0,265,64,0,1,0,285,421,4,6,0,0,67,1,0,0,0,0,0,0,0
2,31,2,7,0,1,0,1.003133,1.005644,1.064323,7,3,709,100,100,0,0,0,64,26,0,10,2,40,17,113,9,0,0,3146,174,0,3,0,1049,160,0,6,0,520,1,0,0,0,265,0,0,1,0,285,614,4,3,0,0,13,0,0,0,0,0,0,0,0
2,31,3,7,0,1,0,0.942778,1.023067,1.030434,6,3,709,100,100,0,0,0,60,20,10,0,2,40,17,126,3,0,0,3146,158,0,1,0,1049,150,0,2,0,520,1,0,6,0,265,0,0,3,0,285,528,12,9,0,0,6,3,1,0,0,1,1,0,0
2,32,0,12,1,1,0,1.041319,1.013072,1.023022,11,2,584,100,100,0,0,0,0,2,66,64,2,40,20,220,15,0,0,3170,5,0,5,0,1049,244,0,10,0,517,65,0,4,0,272,17,0,2,0,269,462,8,9,0,0,37,2,0,0,0,0,0,0,0
2,32,1,9,1,1,0,1.002285,0.996184,0.961026,9,2,584,100,100,0,0,0,2,0,30,22,2,40,20,148,12,0,0,3170,10,0,4,0,1049,209,0,8,0,517,154,0,2,0,272,63,0,1,0,269,422,4,6,0,0,68,1,0,0,0,0,0,0,0
2,32,2,6,1,1,0,0.997251,1.007433,1.077225,6,3,709,100,100,0,0,0,66,30,0,10,2,40,20,117,6,0,0,3170,163,0,2,0,1049,162,0,4,0,517,0,0,2,0,272,0,0,0,0,269,629,0,4,0,0,14,1,0,0,0,0,0,0,0
2,32,3,7,1,1,0,0.942778,1.023067,1.030434,7,3,709,100,100,0,0,0,64,22,10,0,2,40,20,127,3,0,0,3170,164,0,1,0,1049,151,0,2,0,517,1,0,4,0,272,0,0,0,0,269,529,0,5,0,0,8,2,0,0,0,0,0,0,0
2,33,0,11,0,1,0,1.043331,1.010828,1.026812,11,2,584,100,100,0,0,0,0,2,68,66,2,40,10,229,15,0,0,3153,5,0,5,0,1049,249,0,10,0,537,61,0,4,0,261,22,0,2,0,285,464,8,9,0,0,39,2,0,0,0,0,0,0,0
2,33,1,9,0,1,0,1.002285,0.996184,0.961026,9,2,584,100,100,0,0,0,2,0,32,24,2,40,10,148,3,0,0,3153,2,0,1,0,1049,219,0,2,0,537,157,0,2,0,261,65,0,1,0,285,426,4,3,0,0,69,1,0,0,0,0,0,0,0
2,33,2,6,0,1,0,0.997251,1.007433,1.077225,6,3,709,100,100,0,0,0,68,32,0,10,2,40,10,123,6,0,0,3153,169,0,2,0,1049,164,0,4,0,537,1,0,0,0,261,0,0,0,0,285,630,0,2,0,0,14,0,0,0,0,0,0,0,0
2,33,3,7,0,1,0,0.942778,1.023067,1.030434,7,3,709,100,100,0,0,0,66,24,10,0,2,40,10,130,3,0,0,3153,170,0,1,0,1049,152,0,2,0,537,0,0,2,0,261,0,0,1,0,285,536,4,3,0,0,9,1,0,0,0,0,0,0,0
2,34,0,11,1,2,0,1.041811,1.00229,1.013224,10,2,584,100,100,0,0,0,0,2,72,68,2,40,10,239,15,0,0,3147,5,0,5,0,1052,254,0,10,0,527,63,0,4,0,266,20,0,2,0,285,466,8,9,0,0,41,2,0,0,0,0,0,0,0
2,34,1,9,1,2,0,1.002285,0.996184,0.961026,9,2,584,100,100,0,0,0,2,0,34,28,2,40,10,145,0,0,0,3147,2,0,0,0,1052,231,0,0,0,527,164,0,2,0,266,67,0,1,0,285,431,4,2,0,0,70,1,0,0,0,0,0,0,0
2,34,2,6,1,2,0,0.997251,1.007433,1.077225,6,3,709,100,100,0,0,0,72,34,0,10,2,40,10,131,6,0,0,3147,175,0,2,0,1052,166,0,4,0,527,0,0,2,0,266,0,0,0,0,285,629,0,4,0,0,15,1,0,0,0,0,0,0,0
2,34,3,6,1,2,0,0.940058,1.026707,1.027746,6,3,709,100,100,0,0,0,68,28,10,0,2,40,10,132,3,0,0,3147,176,0,1,0,1052,153,0,2,0,527,1,0,0,0,266,0,0,0,0,285,541,0,1,0,0,9,0,0,0,0,0,0,0,0
2,35,0,11,0,0,0,1.041811,1.00229,1.013224,10,2,584,100,100,0,0,0,0,2,76,70,2,40,15,253,18,0,0,3179,4,0,6,0,1049,260,0,12,0,541,59,0,4,0,255,24,0,2,0,277,464,8,12,0,0,42,2,1,0,0,1,1,0,0
2,35,1,9,0,0,0,1.002285,0.996184,0.961026,9,2,584,100,100,0,0,0,2,0,38,30,2,40,15,146,0,0,0,3179,2,0,0,0,1049,243,0,0,0,541,165,0,2,0,255,75,0,1,0,277,433,4,2,0,0,71,1,0,0,0,0,0,0,0
2,35,2,6,0,0,0,0.997251,1.007433,1.077225,6,3,709,100,100,0,0,0,76,38,0,10,2,40,15,136,6,0,0,3179,165,0,2,0,1049,168,0,4,0,541,0,0,0,0,255,0,0,1,0,277,643,4,2,0,0,15,0,0,0,0,0,0,0,0
2,35,3,6,0,0,0,0.940058,1.026707,1.027746,6,3,709,100,100,0,0,0,70,30,10,0,2,40,15,132,3,0,0,3179,167,0,1,0,1049,154,0,2,0,541,1,0,0,0,255,0,0,1,0,277,553,4,1,0,0,9,0,0,0,0,0,0,0,0
2,36,0,10,0,1,0,1.038134,1.011607,1.008683,10,2,584,100,100,0,0,0,0,2,80,72,2,40,10,265,18,0,0,3146,4,0,6,0,1072,254,0,12,0,520,58,0,4,0,272,22,0,2,0,294,465,8,10,0,0,44,2,0,0,0,0,0,0,0
2,36,1,9,0,1,0,1.002285,0.996184,0.961026,9,2,584,100,100,0,0,0,2,0,40,32,2,40,10,142,0,0,0,3146,2,0,0,0,1072,244,0,0,0,520,175,0,2,0,272,74,0,1,0,294,435,4,2,0,0,72,1,0,0,0,0,0,0,0
2,36,2,6,0,1,0,0.997251,1.007433,1.077225,6,3,709,100,100,0,0,0,80,40,0,10,2,40,10,143,6,0,0,3146,171,0,2,0,1072,170,0,4,0,520,1,0,2,0,272,0,0,0,0,294,639,0,4,0,0,16,1,0,0,0,0,0,0,0
2,36,3,6,0,1,0,0.940058,1.026707,1.027746,6,3,709,100,100,0,0,0,72,32,10,0,2,40,10,136,3,0,0,3146,174,0,1,0,1072,155,0,2,0,520,0,0,4,0,272,0,0,0,0,294,551,0,5,0,0,11,2,0,0,0,0,0,0,0
2,37,0,10,0,1,0,1.038134,1.011607,1.008683,10,2,584,100,100,0,0,0,0,2,82,74,2,40,11,281,18,0,0,3163,4,0,6,0,1049,260,0,12,0,544,54,0,4,0,252,26,0,2,0,269,466,8,10,0,0,46,2,0,0,0,0,0,0,0
2,37,1,9,0,1,0,1.002285,0.996184,0.961026,9,2,584,100,100,0,0,0,2,0,42,34,2,40,11,141,0,0,0,3163,2,0,0,0,1049,256,0,0,0,544,173,0,2,0,252,85,0,1,0,269,440,4,2,0,0,73,1,0,0,0,0,0,0,0
2,37,2,5,0,1,0,1.004069,1.024586,1.090742,5,3,709,100,100,0,0,0,82,42,0,10,2,40,11,149,6,0,0,3163,169,0,2,0,1049,172,0,4,0,544,1,0,0,0,252,0,0,1,0,269,644,4,2,0,0,16,0,0,0,0,0,0,0,0
2,37,3,6,0,1,0,0.940058,1.026707,1.027746,6,3,709,100,100,0,0,0,74,34,10,0,2,40,11,136,3,0,0,3163,165,0,1,0,1049,156,0,2,0,544,0,0,0,0,252,0,0,1,0,269,576,4,1,0,0,11,0,0,0,0,0,0,0,0
2,38,0,10,0,1,0,1.038134,1.011607,1.008683,10,2,584,100,100,0,0,0,0,2,84,76,2,40,17,294,18,0,0,3155,4,0,6,0,1049,266,0,12,0,539,52,0,4,0,258,27,0,2,0,285,467,8,10,0,0,48,2,0,0,0,0,0,0,0
2,38,1,9,0,1,0,1.002285,0.996184,0.961026,9,2,584,100,100,0,0,0,2,0,44,36,2,40,17,137,0,0,0,3155,2,0,0,0,1049,268,0,0,0,539,174,0,2,0,258,93,0,1,0,285,445,4,2,0,0,74,1,0,0,0,0,0,0,0
2,38,2,4,0,1,0,1.00757,1.057637,1.1084,4,3,709,100,100,0,0,0,84,44,0,10,2,40,17,149,3,0,0,3155,169,0,1,0,1049,173,0,2,0,539,1,0,0,0,258,0,0,1,0,285,650,4,1,0,0,16,0,0,0,0,0,0,0,0
2,38,3,6,0,1,0,0.940058,1.026707,1.027746,6,3,709,100,100,0,0,0,76,36,10,0,2,40,17,138,3,0,0,3155,172,0,1,0,1049,157,0,2,0,539,0,0,0,0,258,0,0,1,0,285,585,4,1,0,0,11,0,0,0,0,0,0,0,0
2,39,0,10,0,0,0,1.038134,1.011607,1.008683,10,2,584,100,100,0,0,0,0,2,86,78,2,40,21,309,18,0,0,3155,4,0,6,0,1073,263,0,12,0,535,51,0,4,0,257,28,0,2,0,285,468,8,10,0,0,50,2,0,0,0,0,0,0,0
2,39,1,9,0,0,0,1.002285,0.996184,0.961026,9,2,584,100,100,0,0,0,2,0,46,38,2,40,21,135,0,0,0,3155,2,0,0,0,1073,274,0,0,0,535,178,0,2,0,257,98,0,1,0,285,450,4,2,0,0,75,1,0,0,0,0,0,0,0
2,39,2,4,0,0,0,1.00757,1.057637,1.1084,4,3,709,100,100,0,0,0,86,46,0,10,2,40,21,149,3,0,0,3155,170,0,1,0,1073,171,0,2,0,535,1,0,0,0,257,1,0,2,0,285,660,8,1,0,0,16,0,0,0,0,0,0,0,0
2,39,3,6,0,0,0,0.940058,1.026707,1.027746,6,3,709,100,100,0,0,0,78,38,10,0,2,40,21,139,3,0,0,3155,179,0,1,0,1073,155,0,2,0,535,0,0,0,0,257,0,0,3,0,285,602,12,1,0,0,11,0,0,0,0,0,0,0,0
2,40,0,10,0,0,0,1.038134,1.011607,1.008683,10,2,584,100,100,0,0,0,0,2,88,80,2,40,6,326,18,0,0,3171,4,0,6,0,1052,269,0,12,0,522,53,0,4,0,270,26,0,2,0,269,469,8,10,0,0,52,2,0,0,0,0,0,0,0
2,40,1,9,0,0,0,1.002285,0.996184,0.961026,9,2,584,100,100,0,0,0,2,0,48,42,2,40,6,134,0,0,0,3171,2,0,0,0,1052,286,0,0,0,522,186,0,2,0,270,99,0,1,0,269,455,4,2,0,0,76,1,0,0,0,0,0,0,0
2,40,2,4,0,0,0,1.00757,1.057637,1.1084,4,4,834,100,100,0,0,0,88,48,0,10,2,40,6,155,3,0,0,3171,171,0,1,0,1052,172,0,2,0,522,0,0,4,0,270,0,0,1,0,269,645,4,22,0,0,1,2,17,0,0,0,0,0,0
2,40,3,6,0,0,0,0.940058,1.026707,1.027746,6,3,709,100,100,0,0,0,80,42,10,0,2,40,6,142,3,0,0,3171,170,0,1,0,1052,156,0,2,0,522,1,0,2,0,270,0,0,0,0,269,621,0,3,0,0,12,1,0,0,0,0,0,0,0
0,1,0,49,0,4,0,1.001085,0.996073,0.996852,0,0,334,100,100,0,0,0,0,0,2,2,0,40,0,47,39,0,0,2824,200,0,13,0,932,63,0,26,0,406,19,0,48,0,272,1,0,24,0,200,109,96,79,0,0,15,24,9,0,0,9,9,0,0
0,1,1,49,0,4,0,0.999983,0.997045,0.994506,0,0,334,100,100,0,0,0,0,0,2,2,0,40,0,46,39,0,0,2824,200,0,13,0,932,63,0,26,0,406,16,0,48,0,272,1,0,24,0,200,109,96,79,0,0,15,24,9,0,0,9,9,0,0
0,1,2,50,0,4,0,1.00036,0.995079,0.994995,0,0,334,100,100,0,0,0,2,2,0,0,0,40,0,47,39,0,0,2824,197,0,13,0,932,63,0,26,0,406,22,0,48,0,272,1,0,24,0,200,109,96,79,0,0,15,24,9,0,0,9,9,0,0
0,1,3,48,0,4,0,0.999155,0.995129,0.99505,0,0,334,100,100,0,0,0,2,2,0,0,0,40,0,47,39,0,0,2824,179,0,13,0,932,63,0,26,0,406,26,0,44,0,272,3,0,22,0,200,105,88,75,0,0,13,22,9,0,0,9,9,0,0
0,2,0,47,1,13,0,1.000974,0.995375,0.997288,9,0,334,100,100,0,0,0,0,0,4,4,0,40,0,48,39,0,0,2840,226,0,13,0,935,76,0,26,0,466,0,0,40,0,229,0,0,14,0,156,127,56,71,0,0,26,20,9,0,0,9,9,0,0
0,2,1,45,1,13,0,1.00157,0.993589,0.997856,8,0,334,100,100,0,0,0,0,0,4,4,0,40,0,43,36,0,0,2840,235,0,12,0,935,75,0,24,0,466,0,0,40,0,229,0,0,3,0,156,78,12,70,0,0,26,20,9,0,0,9,9,0,0
0,2,2,46,1,13,0,0.998929,0.99595,0.994766,9,0,334,100,100,0,0,0,4,4,0,0,0,40,0,47,39,0,0,2840,214,0,13,0,935,76,0,26,0,466,0,0,40,0,229,0,0,13,0,156,120,52,71,0,0,26,20,9,0,0,9,9,0,0
0,2,3,46,1,13,0,0.998601,1.000518,0.999144,8,0,334,100,100,0,0,0,4,4,0,0,0,40,0,41,33,0,0,2840,200,0,11,0,935,74,0,22,0,466,0,0,38,0,229,0,0,19,0,156,150,76,67,0,0,23,19,9,0,0,9,9,0,0
0,3,0,46,0,3,0,1.001298,0.992751,0.999003,18,0,334,100,100,0,0,0,0,0,6,4,0,40,0,49,39,0,0,3128,166,0,13,0,941,89,0,26,0,443,1,0,26,0,243,0,0,4,0,289,86,16,57,0,0,30,13,9,0,0,9,9,0,0
0,3,1,45,0,3,0,1.00157,0.993589,0.997856,17,0,334,100,100,0,0,0,0,0,6,6,0,40,0,43,36,0,0,3128,178,0,12,0,941,87,0,24,0,443,0,0,24,0,243,0,0,8,0,289,64,32,54,0,0,29,12,9,0,0,9,9,0,0
0,3,2,46,0,3,0,0.998929,0.99595,0.994766,18,0,334,100,100,0,0,0,6,6,0,0,0,40,0,49,39,0,0,3128,155,0,13,0,941,89,0,26,0,443,0,0,22,0,243,0,0,10,0,289,107,40,53,0,0,28,11,9,0,0,9,9,0,0
0,3,3,44,0,3,0,0.997649,0.998245,0.997077,17,0,334,100,100,0,0,0,4,6,0,0,0,40,0,39,33,0,0,3128,215,0,11,0,941,85,0,22,0,443,1,0,24,0,243,0,0,7,0,289,128,28,53,0,0,26,12,9,0,0,9,9,0,0
0,4,0,45,0,7,0,1.000066,0.992405,0.998967,26,0,334,100,100,0,0,0,0,0,8,6,0,40,0,53,39,0,0,2936,195,0,13,0,941,102,0,26,0,424,0,0,28,0,260,0,0,2,0,135,65,8,59,0,0,35,14,9,0,0,9,9,0,0
0,4,1,44,0,7,0,1.001785,0.993757,0.99671,26,0,334,100,100,0,0,0,0,0,8,8,0,40,0,43,36,0,0,2936,217,0,12,0,941,99,0,24,0,424,0,0,30,0,260,0,0,2,0,135,38,8,58,0,0,36,15,8,0,0,8,8,0,0
0,4,2,42,0,7,0,0.999486,0.993504,0.991323,23,0,334,100,100,0,0,0,8,8,0,0,0,40,0,52,39,0,0,2936,160,0,13,0,941,102,0,26,0,424,0,0,24,0,260,0,0,7,0,135,110,28,55,0,0,31,12,9,0,0,9,9,0,0
0,4,3,43,0,7,0,0.997778,0.998525,0.995886,26,0,334,100,100,0,0,0,6,8,0,0,0,40,0,38,33,0,0,2936,160,0,11,0,941,96,0,22,0,424,0,0,34,0,260,0,0,1,0,135,144,4,63,0,0,34,17,9,0,0,9,9,0,0
0,5,0,43,0,7,0,0.997607,0.992103,0.999847,33,0,334,100,100,0,0,0,0,0,10,8,0,40,3,49,36,0,0,2984,226,0,12,0,941,114,0,24,0,483,1,0,10,0,245,0,0,7,0,121,91,28,32,0,0,35,5,5,0,0,5,5,0,0
0,5,1,42,0,7,0,1.000308,0.994802,0.999714,32,0,334,100,100,0,0,0,0,0,10,10,0,40,3,43,36,0,0,2984,161,0,12,0,941,111,0,24,0,483,1,0,16,0,245,0,0,2,0,121,86,8,38,0,0,39,8,5,0,0,5,5,0,0
0,5,2,40,0,7,0,0.997586,0.990342,0.992156,30,0,334,100,100,0,0,0,10,10,0,0,0,40,3,57,39,0,0,2984,169,0,13,0,941,115,0,26,0,483,0,0,10,0,245,0,0,8,0,121,139,32,33,0,0,31,5,5,0,0,5,5,0,0
0,5,3,42,0,7,0,0.995666,0.997652,0.994837,34,0,334,100,100,0,0,0,8,10,0,0,0,40,3,40,33,0,0,2984,170,0,11,0,941,107,0,22,0,483,1,0,8,0,245,0,0,10,0,121,198,40,27,0,0,34,4,4,0,0,4,4,0,0
0,6,0,25,0,28,0,1.002914,0.994469,1.000667,22,0,334,100,100,0,0,0,0,-8,12,-8,0,40,0,50,36,0,0,2968,171,0,12,0,944,126,0,24,0,543,1,0,0,0,156,27,0,3,0,163,96,12,16,0,0,33,0,2,0,0,2,2,0,0
0,6,1,37,0,28,0,0.998061,0.993895,1.005319,32,0,334,100,100,0,0,0,-8,0,-8,20,1,40,0,44,36,0,0,2968,195,0,12,0,944,123,0,24,0,543,0,0,2,0,156,3,0,17,0,163,152,68,20,0,0,37,1,3,0,0,3,3,0,0
0,6,2,36,0,28,0,0.997485,0.988868,0.99202,32,0,334,100,100,0,0,0,12,-8,0,-8,0,40,0,65,39,0,0,2968,172,0,13,0,944,128,0,26,0,543,0,0,0,0,156,9,0,15,0,163,206,60,17,0,0,29,0,2,0,0,2,2,0,0
0,6,3,41,0,28,0,0.993265,0.995595,0.994618,37,1,459,100,100,0,0,0,-8,20,-8,0,1,40,0,40,33,0,0,2968,189,0,11,0,944,118,0,22,0,543,1,0,0,0,156,14,0,19,0,163,272,76,32,0,0,15,0,19,0,0,2,2,0,0
0,7,0,25,1,5,0,1.002914,0.994469,1.000667,24,0,334,100,100,0,0,0,0,-14,14,-14,0,40,6,69,36,0,0,2984,134,0,12,0,1032,119,0,24,0,474,15,0,6,0,237,34,0,3,0,219,97,12,20,0,0,35,3,1,0,0,1,1,0,0
0,7,1,36,1,5,0,0.998628,0.991378,1.006084,34,0,334,100,100,0,0,0,-14,0,-14,30,1,40,6,52,36,0,0,2984,234,0,12,0,1032,118,0,24,0,474,0,0,16,0,237,0,0,11,0,219,181,44,30,0,0,44,8,1,0,0,1,1,0,0
0,7,2,34,1,5,0,0.997825,0.988173,0.995779,31,0,334,100,100,0,0,0,14,-14,0,-14,0,40,6,76,39,0,0,2984,179,0,13,0,1032,117,0,26,0,474,0,0,16,0,237,5,0,12,0,219,238,48,31,0,0,36,8,1,0,0,1,1,0,0
0,7,3,40,1,5,0,0.990958,0.997159,0.991888,39,1,459,100,100,0,0,0,-14,30,-14,0,1,40,6,42,33,0,0,2984,209,0,11,0,1032,101,0,22,0,474,1,0,18,0,237,4,0,19,0,219,347,76,31,0,0,23,9,1,0,0,1,1,0,0
0,8,0,25,1,5,0,1.002914,0.994469,1.000667,25,0,334,100,100,0,0,0,0,-22,16,-20,0,40,0,85,36,0,0,3144,97,0,12,0,944,131,0,24,0,492,24,0,6,0,272,31,0,3,0,173,100,12,18,0,0,38,3,0,0,0,0,0,0,0
0,8,1,35,1,5,0,0.997043,0.99155,1.005053,34,0,334,100,100,0,0,0,-22,0,-20,40,1,40,0,56,33,0,0,3144,187,0,11,0,944,129,0,22,0,492,0,0,10,0,272,0,0,0,0,173,208,0,23,0,0,48,5,1,0,0,1,1,0,0
0,8,2,32,1,5,0,0.999216,0.989934,1.003545,29,0,334,100,100,0,0,0,16,-20,0,-22,0,40,0,82,33,0,0,3144,190,0,11,0,944,128,0,22,0,492,0,0,10,0,272,0,0,5,0,173,253,20,23,0,0,40,5,1,0,0,1,1,0,0
0,8,3,39,1,5,0,0.988726,0.998249,0.993673,39,1,459,100,100,0,0,0,-20,40,-22,0,1,40,0,42,33,0,0,3144,158,0,11,0,944,112,0,22,0,492,1,0,14,0,272,0,0,4,0,173,385,16,25,0,0,30,7,0,0,0,0,0,0,0
0,9,0,23,0,8,0,1.003257,1.002373,1.007408,23,0,334,100,100,7,0,1,0,-40,4,-58,0,40,7,104,36,0,0,2992,60,0,12,0,959,143,0,24,0,473,36,0,6,0,270,29,0,3,0,228,103,12,18,0,0,41,3,0,0,0,0,0,0,0
0,9,1,33,0,8,0,0.992821,0.991987,1.007345,33,0,334,89.858373,84.858373,7,0,1,-40,0,-40,71,1,40,7,59,30,0,0,2992,222,0,10,0,959,139,0,20,0,473,0,0,22,0,270,0,0,1,0,228,195,4,32,0,0,59,11,0,0,0,0,0,0,0
0,9,2,30,0,8,0,1.005723,0.994106,1.005618,28,0,334,100,100,7,0,1,4,-40,0,-34,0,40,7,91,33,0,0,2992,195,0,11,0,959,139,0,22,0,473,0,0,10,0,270,0,0,0,0,228,251,0,23,0,0,44,5,1,0,0,1,1,0,0
0,9,3,37,0,8,0,0.985441,0.997625,0.993533,37,1,459,68.818795,63.818795,7,0,1,-58,71,-34,0,1,40,7,42,30,0,0,2992,181,0,10,0,959,122,0,20,0,473,0,0,22,0,270,0,0,0,0,228,380,0,32,0,0,41,11,0,0,0,0,0,0,0
0,10,0,22,1,6,1,0.997,1.009793,1.002148,21,0,334,100,100,9,0,1,0,-44,2,-70,0,40,8,124,36,0,0,3096,26,0,12,0,959,155,0,24,0,533,36,0,6,0,252,26,0,3,0,267,97,12,18,0,0,44,3,0,0,0,0,0,0,0
0,10,1,31,1,6,1,0.991047,0.993979,1.005755,31,0,334,94.858373,89.858373,9,0,1,-44,0,-46,82,1,40,8,63,30,0,0,3096,179,0,10,0,959,149,0,20,0,533,0,0,0,0,252,0,0,7,0,267,237,28,10,0,0,59,0,0,0,0,0,0,0,0
0,10,2,30,1,6,1,1.005723,0.994106,1.005618,29,0,334,100,100,9,0,1,2,-46,0,-36,0,40,8,101,33,0,0,3096,193,0,11,0,959,150,0,22,0,533,1,0,0,0,252,0,0,2,0,267,249,8,13,0,0,43,0,1,0,0,1,1,0,0
0,10,3,35,1,6,1,0.983148,0.997712,0.9964,35,2,584,58.65497,53.65497,9,0,1,-70,82,-36,0,1,40,8,44,30,0,0,3096,198,0,10,0,959,132,0,20,0,533,0,0,4,0,252,0,0,11,0,267,399,44,31,0,0,26,2,17,0,0,0,0,0,0
0,11,0,20,2,8,0,0.997431,1.007309,1.008807,19,0,334,100,100,11,0,1,0,-48,2,-82,0,40,2,147,36,0,0,3016,1,0,12,0,965,167,0,24,0,493,40,0,8,0,272,22,0,4,0,237,100,16,22,0,0,47,4,1,0,0,1,1,0,0
0,11,1,29,2,8,0,0.986918,0.995659,1.004685,29,0,334,99.858373,94.858373,11,0,1,-48,0,-46,90,1,40,2,68,27,0,0,3016,211,0,9,0,965,158,0,18,0,493,1,0,8,0,272,0,0,0,0,237,232,0,17,0,0,63,4,0,0,0,0,0,0,0
0,11,2,31,2,8,0,1.009147,0.994445,1.006044,30,0,334,100,100,11,0,1,2,-46,0,-36,0,40,2,115,33,0,0,3016,191,0,11,0,965,161,0,22,0,493,0,0,10,0,272,0,0,0,0,237,249,0,21,0,0,48,5,0,0,0,0,0,0,0
0,11,3,32,2,8,0,0.982448,1.002094,0.995528,31,2,584,42.36966,37.36966,11,0,1,-82,90,-36,0,1,40,2,44,27,0,0,3016,218,0,9,0,965,141,0,18,0,493,1,0,14,0,272,0,0,0,0,237,397,0,23,0,0,33,7,0,0,0,0,0,0,0
0,12,0,21,2,8,0,0.996789,1.004417,1.009399,20,0,334,100,100,11,0,1,0,-48,6,-82,0,40,3,160,24,0,0,3133,1,0,8,0,962,187,0,16,0,527,35,0,8,0,264,18,0,4,0,120,109,16,16,0,0,51,4,0,0,0,0,0,0,0
0,12,1,25,2,8,0,0.980133,0.99625,1.009262,25,1,459,100,99.858373,11,0,1,-48,0,-46,92,1,40,3,70,24,0,0,3133,174,0,8,0,962,166,0,16,0,527,1,0,6,0,264,0,0,2,0,120,273,8,31,0,0,49,3,17,0,0,0,0,0,0
0,12,2,31,2,8,0,1.009147,0.994445,1.006044,30,0,334,100,100,11,0,1,6,-46,0,-36,0,40,3,125,33,0,0,3133,188,0,11,0,962,172,0,22,0,527,1,0,2,0,264,0,0,3,0,120,270,12,15,0,0,48,1,1,0,0,1,1,0,0
0,12,3,29,2,8,0,0.989298,0.999383,0.998206,27,2,584,47.36966,42.36966,11,0,1,-82,92,-36,0,1,40,3,45,24,0,0,3133,178,0,8,0,962,149,0,16,0,527,0,0,6,0,264,0,0,3,0,120,468,12,16,0,0,35,3,1,0,0,1,1,0,0
0,13,0,20,1,6,0,1.000989,1.008545,1.010341,19,0,334,100,100,11,0,1,0,-48,10,-82,0,40,2,171,24,0,0,3020,1,0,8,0,983,204,0,16,0,524,28,0,10,0,267,13,0,5,0,237,121,20,20,0,0,55,5,1,0,0,1,1,0,0
0,13,1,22,1,6,0,0.985823,0.999107,1.003256,22,1,459,100,100,11,0,1,-48,0,-46,94,1,40,2,77,21,0,0,3020,182,0,7,0,983,173,0,14,0,524,1,0,8,0,267,0,0,3,0,237,279,12,15,0,0,53,4,0,0,0,0,0,0,0
0,13,2,32,1,6,0,1.010552,0.994302,1.004652,31,0,334,100,100,11,0,1,10,-46,0,-36,0,40,2,136,33,0,0,3020,185,0,11,0,983,180,0,22,0,524,0,0,6,0,267,0,0,0,0,237,277,0,17,0,0,51,3,0,0,0,0,0,0,0
0,13,3,27,1,6,0,0.988028,1.000876,1.000404,26,2,584,52.36966,47.36966,11,0,1,-82,94,-36,0,1,40,2,47,21,0,0,3020,206,0,7,0,983,153,0,14,0,524,0,0,4,0,267,0,0,2,0,237,481,8,13,0,0,36,2,1,0,0,1,1,0,0
0,14,0,20,5,4,0,1.002384,1.0125,1.008266,19,0,334,100,100,11,0,1,0,-48,14,-82,0,40,0,184,24,0,0,3085,1,0,8,0,983,218,0,16,0,490,30,0,10,0,272,8,0,5,0,206,135,20,18,0,0,60,5,0,0,0,0,0,0,0
0,14,1,21,5,4,0,0.983637,1.004441,1.000339,20,1,459,100,100,11,0,1,-48,0,-46,96,1,40,0,82,18,0,0,3085,194,0,6,0,983,179,0,12,0,490,3,0,16,0,272,0,0,0,0,206,266,0,22,0,0,61,8,0,0,0,0,0,0,0
0,14,2,34,5,4,0,1.012873,0.99737,1.008598,31,0,334,100,100,11,0,1,14,-46,0,-36,0,40,0,146,33,0,0,3085,189,0,11,0,983,191,0,22,0,490,0,0,12,0,272,0,0,0,0,206,276,0,25,0,0,56,6,1,0,0,1,1,0,0
0,14,3,27,5,4,0,0.992481,1.003057,1.002558,26,3,709,57.36966,52.36966,11,0,1,-82,96,-36,0,1,40,0,50,21,0,0,3085,172,0,7,0,983,160,0,14,0,490,0,0,12,0,272,0,0,0,0,206,494,0,36,0,0,25,6,17,0,0,0,0,0,0
0,15,0,19,0,4,0,0.997957,1.011305,1.0066,18,0,334,100,100,12,0,1,0,-50,16,-88,0,40,8,195,24,0,0,3061,1,0,8,0,983,232,0,16,0,513,25,0,10,0,254,6,0,5,0,248,144,20,20,0,0,64,5,1,0,0,1,1,0,0
0,15,1,19,0,4,0,0.983428,1.010859,1.000564,18,1,459,100,100,12,0,1,-50,0,-46,100,1,40,8,85,15,0,0,3061,168,0,5,0,983,184,0,10,0,513,1,0,12,0,254,0,0,3,0,248,284,12,19,0,0,66,6,1,0,0,1,1,0,0
0,15,2,34,0,4,0,1.012873,0.99737,1.008598,32,1,459,100,100,12,0,1,16,-46,0,-36,0,40,8,160,39,0,0,3061,189,0,13,0,983,204,0,26,0,513,1,0,8,0,254,0,0,6,0,248,272,24,40,0,0,42,4,18,0,0,1,1,0,0
0,15,3,26,0,4,0,0.998407,1.006699,1.001083,25,3,709,54.08804,49.08804,12,0,1,-88,100,-36,0,1,40,8,51,21,0,0,3061,202,0,7,0,983,167,0,14,0,513,1,0,6,0,254,0,0,6,0,248,509,24,15,0,0,27,3,1,0,0,1,1,0,0
0,16,0,19,1,9,0,0.997957,1.011305,1.0066,19,0,334,100,100,12,0,1,0,-50,20,-88,1,40,6,207,24,0,0,3086,1,0,8,0,986,246,0,16,0,508,21,0,10,0,272,1,0,5,0,187,158,20,18,0,0,69,5,0,0,0,0,0,0,0
0,16,1,16,1,9,0,0.984378,1.004378,1.000941,16,1,459,100,100,12,0,1,-50,0,-46,100,1,40,6,91,15,0,0,3086,184,0,5,0,986,189,0,10,0,508,1,0,6,0,272,0,0,0,0,187,276,0,11,0,0,69,3,0,0,0,0,0,0,0
0,16,2,33,1,9,0,1.011997,0.995042,1.007996,31,1,459,100,100,12,0,1,20,-46,0,-36,1,40,6,174,39,0,0,3086,189,0,13,0,986,217,0,26,0,508,0,0,6,0,272,0,0,0,0,187,275,0,21,0,0,44,3,1,0,0,1,1,0,0
0,16,3,22,1,9,0,0.999424,1.004657,0.999845,22,3,709,59.08804,54.08804,12,0,1,-88,100,-36,0,1,40,6,50,18,0,0,3086,170,0,6,0,986,173,0,12,0,508,0,0,6,0,272,0,0,0,0,187,571,0,12,0,0,30,3,0,0,0,0,0,0,0
0,17,0,19,1,5,0,0.993945,1.009427,1.010112,18,0,334,100,100,12,0,2,0,-50,24,-88,1,40,2,222,24,0,0,3062,1,0,8,0,993,257,0,16,0,544,11,0,10,0,252,0,0,3,0,217,164,12,18,0,0,74,5,0,0,0,0,0,0,0
0,17,1,14,1,5,0,0.990682,1.000054,0.993761,14,1,459,100,100,12,0,2,-50,0,-46,100,1,40,2,99,15,0,0,3062,163,0,5,0,993,194,0,10,0,544,1,0,0,0,252,0,0,5,0,217,326,20,5,0,0,69,0,0,0,0,0,0,0,0
0,17,2,32,1,5,0,1.010681,0.995344,1.006929,31,1,459,100,100,12,0,2,24,-46,0,-36,1,40,2,186,36,0,0,3062,191,0,12,0,993,228,0,24,0,544,0,0,0,0,252,0,0,10,0,217,325,40,14,0,0,43,0,1,0,0,1,1,0,0
0,17,3,21,1,5,0,0.995487,1.005942,0.999525,21,3,709,64.08804,59.08804,12,0,2,-88,100,-36,0,1,40,2,52,18,0,0,3062,206,0,6,0,993,179,0,12,0,544,0,0,0,0,252,0,0,3,0,217,589,12,6,0,0,30,0,0,0,0,0,0,0,0
0,18,0,17,2,9,0,0.994245,1.015405,1.004667,17,0,334,100,100,12,0,2,0,-50,28,-88,1,40,1,236,24,0,0,3094,1,0,8,0,1001,265,0,16,0,544,1,0,10,0,246,0,0,4,0,208,171,16,18,0,0,79,5,0,0,0,0,0,0,0
0,18,1,13,2,9,0,0.991144,1.002121,1.003762,12,1,459,100,100,12,0,2,-50,0,-46,100,1,40,1,105,12,0,0,3094,177,0,4,0,1001,198,0,8,0,544,1,0,0,0,246,3,0,4,0,208,338,16,4,0,0,69,0,0,0,0,0,0,0,0
0,18,2,29,2,9,0,1.006728,0.997335,1.009835,29,1,459,100,100,12,0,2,28,-46,0,-36,1,40,1,196,33,0,0,3094,187,0,11,0,1001,239,0,22,0,544,0,0,0,0,246,0,0,8,0,208,367,32,11,0,0,43,0,0,0,0,0,0,0,0
0,18,3,20,2,9,0,0.995325,1.002113,1.003195,19,4,834,69.08804,64.08804,12,0,2,-88,100,-36,0,1,40,1,58,18,0,0,3094,179,0,6,0,1001,185,0,12,0,544,0,0,0,0,246,0,0,4,0,208,636,16,23,0,0,13,0,17,0,0,0,0,0,0
0,19,0,15,1,6,0,0.994759,1.016822,1.001389,15,1,459,100,100,12,0,2,0,-50,30,-88,1,40,5,227,0,0,0,3056,1,0,0,0,1010,286,0,0,0,537,1,0,0,0,240,8,0,4,0,255,182,16,17,0,0,62,0,17,0,0,0,0,0,0
0,19,1,11,1,6,0,0.995379,0.994496,1.018289,10,1,459,100,100,12,0,2,-50,0,-46,100,1,40,5,107,9,0,0,3056,185,0,3,0,1010,201,0,6,0,537,1,0,4,0,240,2,0,3,0,255,343,12,7,0,0,71,2,0,0,0,0,0,0,0
0,19,2,30,1,6,0,1.010732,0.99665,1.013232,29,2,584,100,100,12,0,2,30,-46,0,-36,1,40,5,210,33,0,0,3056,178,0,11,0,1010,250,0,22,0,537,1,0,2,0,240,0,0,12,0,255,406,48,30,0,0,27,1,17,0,0,0,0,0,0
0,19,3,18,1,6,0,0.999554,1.007923,1.004785,17,4,834,74.08804,69.08804,12,0,2,-88,100,-36,0,1,40,5,63,15,0,0,3056,210,0,5,0,1010,190,0,10,0,537,0,0,0,0,240,0,0,6,0,255,665,24,7,0,0,12,0,1,0,0,1,1,0,0
0,20,0,14,0,5,0,0.988521,1.01962,1.001019,14,1,459,100,100,12,0,2,0,-50,34,-88,1,40,8,221,0,0,0,3154,1,0,0,0,1010,307,0,0,0,529,1,0,4,0,265,5,0,3,0,198,199,12,4,0,0,64,2,0,0,0,0,0,0,0
0,20,1,10,0,5,0,0.991909,0.98602,1.020221,9,1,459,100,100,12,0,2,-50,0,-46,100,1,40,8,108,9,0,0,3154,171,0,3,0,1010,204,0,6,0,529,0,0,6,0,265,0,0,2,0,198,358,8,9,0,0,74,3,0,0,0,0,0,0,0
0,20,2,28,0,5,0,1.008609,1.002586,1.007659,27,2,584,100,100,12,0,2,34,-46,0,-36,1,40,8,223,33,0,0,3154,168,0,11,0,1010,261,0,22,0,529,1,0,4,0,265,0,0,4,0,198,429,16,17,0,0,28,2,1,0,0,1,1,0,0
0,20,3,17,0,5,0,0.99619,1.007901,1.005028,17,4,834,79.08804,74.08804,12,0,2,-88,100,-36,0,1,40,8,68,15,0,0,3154,187,0,5,0,1010,195,0,10,0,529,0,0,0,0,265,0,0,2,0,198,721,8,5,0,0,12,0,0,0,0,0,0,0,0
0,21,0,13,2,8,0,0.996164,1.028108,1.001879,13,1,459,100,100,12,0,2,0,-50,36,-88,1,40,12,214,0,0,0,3139,1,0,0,0,1022,325,0,0,0,519,0,0,6,0,268,4,0,3,0,280,205,12,6,0,0,67,3,0,0,0,0,0,0,0
0,21,1,9,2,8,0,0.985022,0.981362,1.000349,7,1,459,100,100,12,0,2,-50,0,-46,100,1,40,12,111,6,0,0,3139,175,0,2,0,1022,206,0,4,0,519,2,0,4,0,268,0,0,2,0,280,360,8,6,0,0,76,2,0,0,0,0,0,0,0
0,21,2,25,2,8,0,1.007475,1.008803,1.011897,25,2,584,100,100,12,0,2,36,-46,0,-36,1,40,12,229,27,0,0,3139,162,0,9,0,1022,270,0,18,0,519,0,0,10,0,268,0,0,0,0,280,419,0,19,0,0,33,5,0,0,0,0,0,0,0
0,21,3,16,2,8,0,1.002201,1.000305,1.004287,15,4,834,84.08804,79.08804,12,0,2,-88,100,-36,0,1,40,12,70,12,0,0,3139,166,0,4,0,1022,199,0,8,0,519,1,0,4,0,268,0,0,0,0,280,724,0,8,0,0,14,2,0,0,0,0,0,0,0
0,22,0,13,1,4,0,0.996164,1.028108,1.001879,13,1,459,100,100,12,0,2,0,-50,38,-88,1,40,7,207,0,0,0,3116,1,0,0,0,1034,340,0,0,0,540,1,0,0,0,241,8,0,3,0,252,226,12,0,0,0,67,0,0,0,0,0,0,0,0
0,22,1,7,1,4,0,0.980839,0.965217,1.011818,5,1,459,100,100,12,0,2,-50,0,-46,100,1,40,7,116,6,0,0,3116,172,0,2,0,1034,208,0,4,0,540,1,0,4,0,241,4,0,2,0,252,363,8,8,0,0,77,2,1,0,0,1,1,0,0
0,22,2,25,1,4,0,1.00987,1.005861,1.013255,24,2,584,100,100,12,0,2,38,-46,0,-36,1,40,7,241,27,0,0,3116,151,0,9,0,1034,276,0,18,0,540,0,0,0,0,241,1,0,11,0,252,478,44,9,0,0,33,0,0,0,0,0,0,0,0
0,22,3,15,1,4,0,1.003726,0.99929,1.004713,14,4,834,89.08804,84.08804,12,0,2,-88,100,-36,0,1,40,7,75,12,0,0,3116,186,0,4,0,1034,200,0,8,0,540,1,0,0,0,241,0,0,6,0,252,754,24,6,0,0,13,0,1,0,0,1,1,0,0
0,23,0,12,0,5,0,0.992231,1.029774,1.003983,12,1,459,100,100,12,0,2,0,-50,42,-88,1,40,16,198,0,0,0,3164,1,0,0,0,1037,355,0,0,0,533,1,0,4,0,270,5,0,3,0,215,243,12,4,0,0,69,2,0,0,0,0,0,0,0
0,23,1,6,0,5,0,0.987006,0.960167,1.003236,5,1,459,100,100,12,0,2,-50,0,-46,100,1,40,16,116,3,0,0,3164,164,0,1,0,1037,209,0,2,0,533,0,0,2,0,270,3,0,2,0,215,369,8,5,0,0,77,1,1,0,0,1,1,0,0
0,23,2,23,0,5,0,1.013662,1.009962,1.015865,22,2,584,100,100,12,0,2,42,-46,0,-36,1,40,16,247,24,0,0,3164,141,0,8,0,1037,284,0,16,0,533,0,0,4,0,270,0,0,2,0,215,496,8,14,0,0,34,2,1,0,0,1,1,0,0
0,23,3,14,0,5,0,1.00559,0.993202,1.006637,14,4,834,94.08804,89.08804,12,0,2,-88,100,-36,0,1,40,16,77,12,0,0,3164,167,0,4,0,1037,201,0,8,0,533,1,0,2,0,270,0,0,0,0,215,797,0,6,0,0,14,1,0,0,0,0,0,0,0
0,24,0,9,0,9,0,0.999917,1.023377,0.998385,9,1,459,100,100,12,0,2,0,-50,46,-88,1,40,16,190,0,0,0,3141,1,0,0,0,1040,364,0,0,0,505,9,0,4,0,272,3,0,2,0,300,247,8,4,0,0,71,2,0,0,0,0,0,0,0
0,24,1,4,0,9,0,0.994342,0.970789,1.026007,4,1,459,100,100,12,0,2,-50,0,-46,100,1,40,16,115,0,0,0,3141,158,0,0,0,1040,209,0,0,0,505,7,0,2,0,272,2,0,1,0,300,371,4,2,0,0,78,1,0,0,0,0,0,0,0
0,24,2,21,0,9,0,1.008691,1.006599,1.015886,21,2,584,100,100,12,0,2,46,-46,0,-36,1,40,16,256,24,0,0,3141,125,0,8,0,1040,292,0,16,0,505,0,0,12,0,272,0,0,0,0,300,476,0,20,0,0,40,6,0,0,0,0,0,0,0
0,24,3,12,0,9,0,1.008451,0.99765,1.009563,12,5,959,99.08804,94.08804,12,0,2,-88,100,-36,0,1,40,16,76,9,0,0,3141,182,0,3,0,1040,201,0,6,0,505,1,0,6,0,272,0,0,0,0,300,771,0,26,0,0,0,3,17,0,0,0,0,0,0
0,25,0,8,0,7,0,1.007674,1.014684,0.988901,8,1,459,100,100,12,0,2,0,-50,50,-88,1,40,11,187,0,0,0,3176,1,0,0,0,1055,373,0,0,0,517,14,0,4,0,272,1,0,2,0,235,257,8,4,0,0,73,2,0,0,0,0,0,0,0
0,25,1,2,0,7,0,0.957288,0.950623,0.99423,2,1,459,100,100,12,0,2,-50,0,-46,100,1,40,11,113,0,0,0,3176,154,0,0,0,1055,209,0,0,0,517,8,0,2,0,272,1,0,1,0,235,373,4,2,0,0,79,1,0,0,0,0,0,0,0
0,25,2,19,0,7,0,1.017466,1.006516,1.014148,19,2,584,100,100,12,0,2,50,-46,0,-36,1,40,11,270,21,0,0,3176,112,0,7,0,1055,299,0,14,0,517,1,0,8,0,272,0,0,0,0,235,482,0,15,0,0,44,4,0,0,0,0,0,0,0
0,25,3,10,0,7,0,1.013978,0.997473,0.999049,10,5,959,100,99.08804,12,0,2,-88,100,-36,0,1,40,11,74,3,0,0,3176,169,0,1,0,1055,202,0,2,0,517,1,0,6,0,272,0,0,0,0,235,802,0,7,0,0,3,3,0,0,0,0,0,0,0
0,26,0,7,0,6,0,0.997625,1.02326,0.998418,7,1,459,100,100,12,0,2,0,-50,52,-88,1,40,14,185,0,0,0,3145,1,0,0,0,1058,382,0,0,0,532,15,0,2,0,265,4,0,1,0,273,262,4,2,0,0,74,1,0,0,0,0,0,0,0
0,26,1,1,0,6,0,1.006117,0.903328,1.049095,1,1,459,100,100,12,0,2,-50,0,-46,100,1,40,14,111,0,0,0,3145,152,0,0,0,1058,209,0,0,0,532,8,0,0,0,265,1,0,0,0,273,373,0,0,0,0,79,0,0,0,0,0,0,0,0
0,26,2,17,0,6,0,1.02651,1.00045,1.024768,17,3,709,100,100,12,0,2,52,-46,0,-36,1,40,14,280,18,0,0,3145,102,0,6,0,1058,305,0,12,0,532,1,0,6,0,265,0,0,3,0,273,483,12,29,0,0,30,3,17,0,0,0,0,0,0
0,26,3,8,0,6,0,1.022993,0.98028,1.015794,8,5,959,100,100,12,0,2,-88,100,-36,0,1,40,14,76,3,0,0,3145,190,0,1,0,1058,203,0,2,0,532,0,0,4,0,265,0,0,0,0,273,803,0,5,0,0,5,2,0,0,0,0,0,0,0
0,27,0,6,0,6,0,1.013301,1.021863,1.019827,6,1,459,100,100,12,0,2,0,-50,56,-88,1,40,26,182,0,0,0,3186,1,0,0,0,1067,388,0,0,0,526,22,0,2,0,272,3,0,1,0,244,267,4,2,0,0,75,1,0,0,0,0,0,0,0
0,27,1,0,0,6,0,0,0,0,0,1,459,100,100,12,0,2,-50,0,-46,100,0,40,26,110,0,0,0,3186,151,0,0,0,1067,209,0,0,0,526,8,0,0,0,272,1,0,0,0,244,373,0,0,0,0,79,0,0,0,0,0,0,0,0
0,27,2,15,0,6,0,1.032554,0.998786,1.018842,15,3,709,100,100,12,0,2,56,-46,0,-36,1,40,26,286,15,0,0,3186,87,0,5,0,1067,310,0,10,0,526,1,0,6,0,272,0,0,0,0,244,490,0,11,0,0,33,3,0,0,0,0,0,0,0
0,27,3,6,0,6,0,1.02487,0.969957,1.016859,6,5,959,100,100,12,0,2,-88,100,-36,0,0,40,26,70,0,0,0,3186,182,0,0,0,1067,203,0,0,0,526,1,0,2,0,272,0,0,0,0,244,836,0,2,0,0,6,1,0,0,0,0,0,0,0
0,28,0,5,0,3,0,1.009945,1.010384,1.023997,5,2,584,100,100,12,0,1,0,-50,58,-88,1,40,32,177,0,0,0,3187,1,0,0,0,1067,394,0,0,0,532,24,0,2,0,272,2,0,1,0,263,255,4,19,0,0,59,1,17,0,0,0,0,0,0
0,28,1,0,0,3,0,0,0,0,0,1,459,100,100,12,0,1,-50,0,-46,100,0,40,32,110,0,0,0,3187,151,0,0,0,1067,209,0,0,0,532,8,0,0,0,272,1,0,0,0,263,373,0,0,0,0,79,0,0,0,0,0,0,0,0
0,28,2,13,0,3,0,1.04096,0.988408,1.032191,13,3,709,100,100,12,0,1,58,-46,0,-36,1,40,32,293,15,0,0,3187,74,0,5,0,1067,315,0,10,0,532,1,0,6,0,272,0,0,0,0,263,494,0,11,0,0,36,3,0,0,0,0,0,0,0
0,28,3,6,0,3,0,1.02487,0.969957,1.016859,6,5,959,100,100,12,0,1,-88,100,-36,0,0,40,32,64,0,0,0,3187,176,0,0,0,1067,203,0,0,0,532,1,0,2,0,272,0,0,0,0,263,853,0,2,0,0,7,1,0,0,0,0,0,0,0
0,29,0,5,1,3,0,1.009945,1.010384,1.023997,5,2,584,100,100,12,0,1,0,-50,60,-88,1,40,24,175,0,0,0,3188,0,0,0,0,1073,397,0,0,0,538,24,0,2,0,272,1,0,1,0,263,260,4,2,0,0,60,1,0,0,0,0,0,0,0
0,29,1,0,1,3,0,0,0,0,0,1,459,100,100,12,0,1,-50,0,-46,100,0,40,24,110,0,0,0,3188,151,0,0,0,1073,209,0,0,0,538,8,0,0,0,272,1,0,0,0,263,373,0,0,0,0,79,0,0,0,0,0,0,0,0
0,29,2,11,1,3,0,1.051803,0.995914,1.030566,11,3,709,100,100,12,0,1,60,-46,0,-36,1,40,24,303,12,0,0,3188,65,0,4,0,1073,319,0,8,0,538,0,0,4,0,272,0,0,0,0,263,501,0,8,0,0,38,2,0,0,0,0,0,0,0
0,29,3,6,1,3,0,0.9974,0.962129,1.020189,5,5,959,100,100,12,0,1,-88,100,-36,0,0,40,24,60,0,0,0,3188,170,0,0,0,1073,203,0,0,0,538,0,0,2,0,272,0,0,0,0,263,862,0,2,0,0,8,1,0,0,0,0,0,0,0
0,30,0,6,3,0,0,1.000447,1.005742,1.023223,5,2,584,100,100,12,0,0,0,-50,60,-88,1,40,17,177,0,0,0,3179,0,0,0,0,1070,403,0,0,0,535,25,0,2,0,272,0,0,1,0,276,265,4,2,0,0,61,1,0,0,0,0,0,0,0
0,30,1,0,3,0,0,0,0,0,0,1,459,100,100,12,0,0,-50,0,-46,100,0,40,17,110,0,0,0,3179,151,0,0,0,1070,209,0,0,0,535,8,0,0,0,272,1,0,0,0,276,373,0,0,0,0,79,0,0,0,0,0,0,0,0
0,30,2,12,3,0,0,1.049594,0.99463,1.031552,11,3,709,100,100,12,0,0,60,-46,0,-36,1,40,17,313,12,0,0,3179,58,0,4,0,1070,323,0,8,0,535,1,0,2,0,272,0,0,0,0,276,510,0,6,0,0,39,1,0,0,0,0,0,0,0
0,30,3,7,3,0,0,0.997566,0.971608,1.024121,5,5,959,100,100,12,0,0,-88,100,-36,0,0,40,17,61,0,0,0,3179,172,0,0,0,1070,203,0,0,0,535,1,0,2,0,272,0,0,0,0,276,864,0,4,0,0,8,1,1,0,0,1,1,0,0
0,31,0,5,0,4,0,0.984135,0.993995,1.027738,4,2,584,100,100,12,0,0,0,-50,60,-88,1,40,15,176,0,0,0,3178,0,0,0,0,1070,409,0,0,0,538,22,0,4,0,266,0,0,0,0,273,265,0,6,0,0,62,2,1,0,0,1,1,0,0
0,31,1,0,0,4,0,0,0,0,0,1,459,100,100,12,0,0,-50,0,-46,100,0,40,15,110,0,0,0,3178,151,0,0,0,1070,209,0,0,0,538,8,0,0,0,266,1,0,0,0,273,373,0,0,0,0,79,0,0,0,0,0,0,0,0
0,31,2,11,0,4,0,1.051803,0.995914,1.030566,11,3,709,100,100,12,0,0,60,-46,0,-36,1,40,15,318,12,0,0,3178,50,0,4,0,1070,327,0,8,0,538,0,0,2,0,266,0,0,0,0,273,519,0,6,0,0,40,1,0,0,0,0,0,0,0
0,31,3,5,0,4,0,1.001428,0.944778,1.021876,5,5,959,100,100,12,0,0,-88,100,-36,0,0,40,15,58,0,0,0,3178,173,0,0,0,1070,203,0,0,0,538,1,0,0,0,266,0,0,0,0,273,870,0,0,0,0,8,0,0,0,0,0,0,0,0
0,32,0,5,0,1,0,0.984135,0.993995,1.027738,5,2,584,73.086482,68.086482,14,0,0,0,-50,68,-100,1,40,31,174,0,0,0,3187,0,0,0,0,1070,415,0,0,0,544,18,0,4,0,267,0,0,2,0,265,275,8,4,0,0,64,2,0,0,0,0,0,0,0
0,32,1,0,0,1,0,0,0,0,0,1,459,100,100,14,0,0,-50,0,-46,96,0,40,31,110,0,0,0,3187,151,0,0,0,1070,209,0,0,0,544,8,0,0,0,267,1,0,0,0,265,373,0,0,0,0,79,0,0,0,0,0,0,0,0
0,32,2,11,0,1,0,1.051803,0.995914,1.030566,11,3,709,100,100,14,0,0,68,-46,0,-40,1,40,31,323,12,0,0,3187,43,0,4,0,1070,331,0,8,0,544,0,0,0,0,267,0,0,3,0,265,542,12,4,0,0,40,0,0,0,0,0,0,0,0
0,32,3,4,0,1,0,0.997247,0.94827,1.034636,4,5,959,100,100,14,0,0,-100,96,-40,0,0,40,31,55,0,0,0,3187,168,0,0,0,1070,203,0,0,0,544,1,0,0,0,267,0,0,0,0,265,884,0,0,0,0,8,0,0,0,0,0,0,0,0
0,33,0,4,0,7,0,0.967955,0.973692,1.001244,4,2,584,55.257131,50.257131,15,0,0,0,-50,71,-100,1,40,25,174,0,0,0,3187,0,0,0,0,1070,418,0,0,0,538,17,0,4,0,272,0,0,0,0,273,277,0,4,0,0,66,2,0,0,0,0,0,0,0
0,33,1,0,0,7,0,0,0,0,0,1,459,100,100,15,0,0,-50,0,-46,94,0,40,25,110,0,0,0,3187,151,0,0,0,1070,209,0,0,0,538,8,0,0,0,272,1,0,0,0,273,373,0,0,0,0,79,0,0,0,0,0,0,0,0
0,33,2,6,0,7,0,1.010717,1.011482,1.021972,6,3,709,100,100,15,0,0,71,-46,0,-42,1,40,25,329,12,0,0,3187,36,0,4,0,1070,335,0,8,0,538,1,0,2,0,272,0,0,0,0,273,536,0,6,0,0,41,1,0,0,0,0,0,0,0
0,33,3,3,0,7,0,0.976741,0.947286,1.003564,3,5,959,100,100,15,0,0,-100,94,-42,0,0,40,25,53,0,0,0,3187,164,0,0,0,1070,203,0,0,0,538,1,0,0,0,272,0,0,0,0,273,890,0,0,0,0,8,0,0,0,0,0,0,0,0
0,34,0,4,0,2,0,0.967955,0.973692,1.001244,4,2,584,60.257131,55.257131,15,0,0,0,-50,71,-100,1,40,27,174,0,0,0,3188,0,0,0,0,1073,421,0,0,0,539,15,0,4,0,272,0,0,0,0,288,279,0,4,0,0,68,2,0,0,0,0,0,0,0
0,34,1,0,0,2,0,0,0,0,0,1,459,100,100,15,0,0,-50,0,-46,94,0,40,27,110,0,0,0,3188,151,0,0,0,1073,209,0,0,0,539,8,0,0,0,272,1,0,0,0,288,373,0,0,0,0,79,0,0,0,0,0,0,0,0
0,34,2,4,0,2,0,1.00593,1.038049,1.025035,4,3,709,100,100,15,0,0,71,-46,0,-42,1,40,27,337,9,0,0,3188,35,0,3,0,1073,338,0,6,0,539,1,0,0,0,272,0,0,0,0,288,533,0,3,0,0,41,0,0,0,0,0,0,0,0
0,34,3,3,0,2,0,0.976741,0.947286,1.003564,3,5,959,100,100,15,0,0,-100,94,-42,0,0,40,27,52,0,0,0,3188,161,0,0,0,1073,203,0,0,0,539,1,0,0,0,272,0,0,0,0,288,896,0,0,0,0,8,0,0,0,0,0,0,0,0
0,35,0,4,0,0,0,0.967955,0.973692,1.001244,4,2,584,65.257131,60.257131,15,0,0,0,-50,73,-100,1,40,20,176,0,0,0,3188,0,0,0,0,1076,424,0,0,0,543,12,0,4,0,272,0,0,0,0,294,278,0,4,0,0,70,2,0,0,0,0,0,0,0
0,35,1,0,0,0,0,0,0,0,0,1,459,100,100,15,0,0,-50,0,-46,94,0,40,20,110,0,0,0,3188,151,0,0,0,1076,209,0,0,0,543,8,0,0,0,272,1,0,0,0,294,373,0,0,0,0,79,0,0,0,0,0,0,0,0
0,35,2,4,0,0,0,1.00593,1.038049,1.025035,4,3,709,100,100,15,0,0,73,-46,0,-42,1,40,20,348,9,0,0,3188,36,0,3,0,1076,341,0,6,0,543,1,0,0,0,272,0,0,0,0,294,530,0,3,0,0,41,0,0,0,0,0,0,0,0
0,35,3,3,0,0,0,0.976741,0.947286,1.003564,3,5,959,100,100,15,0,0,-100,94,-42,0,0,40,20,53,0,0,0,3188,158,0,0,0,1076,203,0,0,0,543,1,0,0,0,272,0,0,0,0,294,899,0,0,0,0,8,0,0,0,0,0,0,0,0
0,36,0,3,0,1,0,0.964852,0.948628,0.99774,3,2,584,70.257131,65.257131,15,0,0,0,-50,73,-100,1,40,22,177,0,0,0,3188,0,0,0,0,1076,427,0,0,0,542,8,0,4,0,272,0,0,0,0,288,280,0,4,0,0,72,2,0,0,0,0,0,0,0
0,36,1,0,0,1,0,0,0,0,0,1,459,100,100,15,0,0,-50,0,-46,94,0,40,22,110,0,0,0,3188,151,0,0,0,1076,209,0,0,0,542,8,0,0,0,272,1,0,0,0,288,373,0,0,0,0,79,0,0,0,0,0,0,0,0
0,36,2,4,0,1,0,1.00593,1.038049,1.025035,4,3,709,100,100,15,0,0,73,-46,0,-42,1,40,22,358,9,0,0,3188,37,0,3,0,1076,344,0,6,0,542,1,0,0,0,272,0,0,0,0,288,527,0,3,0,0,41,0,0,0,0,0,0,0,0
0,36,3,3,0,1,0,0.976741,0.947286,1.003564,3,5,959,100,100,15,0,0,-100,94,-42,0,0,40,22,54,0,0,0,3188,155,0,0,0,1076,203,0,0,0,542,1,0,0,0,272,0,0,0,0,288,905,0,0,0,0,8,0,0,0,0,0,0,0,0
0,37,0,3,0,0,0,0.964852,0.948628,0.99774,3,2,584,75.257131,70.257131,15,0,0,0,-50,73,-100,1,40,26,178,0,0,0,3189,0,0,0,0,1076,430,0,0,0,544,4,0,4,0,272,0,0,0,0,288,282,0,4,0,0,74,2,0,0,0,0,0,0,0
0,37,1,0,0,0,0,0,0,0,0,1,459,100,100,15,0,0,-50,0,-46,94,0,40,26,110,0,0,0,3189,151,0,0,0,1076,209,0,0,0,544,8,0,0,0,272,1,0,0,0,288,373,0,0,0,0,79,0,0,0,0,0,0,0,0
0,37,2,4,0,0,0,1.00593,1.038049,1.025035,4,3,709,100,100,15,0,0,73,-46,0,-42,1,40,26,369,9,0,0,3189,38,0,3,0,1076,347,0,6,0,544,1,0,0,0,272,0,0,0,0,288,524,0,3,0,0,41,0,0,0,0,0,0,0,0
0,37,3,3,0,0,0,0.976741,0.947286,1.003564,3,5,959,100,100,15,0,0,-100,94,-42,0,0,40,26,55,0,0,0,3189,152,0,0,0,1076,203,0,0,0,544,1,0,0,0,272,0,0,0,0,288,911,0,0,0,0,8,0,0,0,0,0,0,0,0
0,38,0,3,0,0,0,0.964852,0.948628,0.99774,3,2,584,80.257131,75.257131,15,0,0,0,-50,73,-100,1,40,21,180,0,0,0,3189,0,0,0,0,1076,433,0,0,0,544,0,0,4,0,272,0,0,0,0,288,284,0,4,0,0,76,2,0,0,0,0,0,0,0
0,38,1,0,0,0,0,0,0,0,0,1,459,100,100,15,0,0,-50,0,-46,94,0,40,21,110,0,0,0,3189,151,0,0,0,1076,209,0,0,0,544,8,0,0,0,272,1,0,0,0,288,373,0,0,0,0,79,0,0,0,0,0,0,0,0
0,38,2,4,0,0,0,1.00593,1.038049,1.025035,4,3,709,100,100,15,0,0,73,-46,0,-42,1,40,21,380,9,0,0,3189,39,0,3,0,1076,350,0,6,0,544,1,0,0,0,272,0,0,0,0,288,521,0,3,0,0,41,0,0,0,0,0,0,0,0
0,38,3,3,0,0,0,0.976741,0.947286,1.003564,3,5,959,100,100,15,0,0,-100,94,-42,0,0,40,21,56,0,0,0,3189,149,0,0,0,1076,203,0,0,0,544,1,0,0,0,272,0,0,0,0,288,917,0,0,0,0,8,0,0,0,0,0,0,0,0
0,39,0,3,0,0,0,0.964852,0.948628,0.99774,3,2,584,85.257131,80.257131,15,0,0,0,-50,73,-100,1,40,28,181,0,0,0,3189,0,0,0,0,1076,436,0,0,0,544,0,0,0,0,272,0,0,0,0,288,290,0,0,0,0,76,0,0,0,0,0,0,0,0
0,39,1,0,0,0,0,0,0,0,0,1,459,100,100,15,0,0,-50,0,-46,94,0,40,28,110,0,0,0,3189,151,0,0,0,1076,209,0,0,0,544,8,0,0,0,272,1,0,0,0,288,373,0,0,0,0,79,0,0,0,0,0,0,0,0
0,39,2,4,0,0,0,1.00593,1.038049,1.025035,4,3,709,100,100,15,0,0,73,-46,0,-42,1,40,28,391,9,0,0,3189,40,0,3,0,1076,353,0,6,0,544,1,0,0,0,272,0,0,0,0,288,518,0,3,0,0,41,0,0,0,0,0,0,0,0
0,39,3,3,0,0,0,0.976741,0.947286,1.003564,3,5,959,100,100,15,0,0,-100,94,-42,0,0,40,28,55,0,0,0,3189,146,0,0,0,1076,203,0,0,0,544,1,0,0,0,272,0,0,0,0,288,923,0,0,0,0,8,0,0,0,0,0,0,0,0
0,40,0,3,1,0,0,0.964852,0.948628,0.99774,3,2,584,90.257131,85.257131,15,0,0,0,-50,73,-100,1,40,24,184,0,0,0,3189,0,0,0,0,1076,439,0,0,0,544,0,0,0,0,272,0,0,0,0,288,296,0,0,0,0,76,0,0,0,0,0,0,0,0
0,40,1,0,1,0,0,0,0,0,0,1,459,100,100,15,0,0,-50,0,-46,94,0,40,24,110,0,0,0,3189,151,0,0,0,1076,209,0,0,0,544,8,0,0,0,272,1,0,0,0,288,373,0,0,0,0,79,0,0,0,0,0,0,0,0
0,40,2,4,1,0,0,1.00593,1.038049,1.025035,4,3,709,100,100,15,0,0,73,-46,0,-42,1,40,24,402,9,0,0,3189,41,0,3,0,1076,356,0,6,0,544,1,0,0,0,272,0,0,0,0,288,515,0,3,0,0,41,0,0,0,0,0,0,0,0
0,40,3,4,1,0,0,0.976873,0.936411,0.967603,3,5,959,100,100,15,0,0,-100,94,-42,0,0,40,24,56,0,0,0,3189,143,0,0,0,1076,203,0,0,0,544,1,0,0,0,272,0,0,0,0,288,929,0,0,0,0,8,0,0,0,0,0,0,0,0
3,1,0,49,0,6,0,0.99596,0.995282,1.009364,0,0,334,100,100,0,0,0,0,2,2,2,0,40,0,49,39,0,0,2816,192,0,13,0,932,63,0,26,0,492,1,0,46,0,172,27,0,23,0,157,118,92,77,0,0,14,23,9,0,0,9,9,0,0
3,1,1,50,0,6,0,0.996939,0.995431,1.008426,0,0,334,100,100,0,0,0,2,0,2,2,0,40,0,47,39,0,0,2816,200,0,13,0,932,63,0,26,0,492,1,0,46,0,172,26,0,24,0,157,121,96,77,0,0,14,23,9,0,0,9,9,0,0
3,1,2,48,0,6,0,1.000212,0.995226,1.00853,0,0,334,100,100,0,0,0,2,2,0,2,0,40,0,49,39,0,0,2816,192,0,13,0,932,63,0,26,0,492,3,0,44,0,172,28,0,22,0,157,113,88,75,0,0,13,22,9,0,0,9,9,0,0
3,1,3,47,0,6,0,0.997354,0.999845,1.006476,0,0,334,100,100,0,0,0,2,2,2,0,0,40,0,47,39,0,0,2816,192,0,13,0,932,63,0,26,0,492,1,0,44,0,172,23,0,23,0,157,120,92,75,0,0,13,22,9,0,0,9,9,0,0
3,2,0,48,1,5,0,0.994956,0.993992,1.008894,9,0,334,100,100,0,0,0,0,2,4,4,0,40,0,50,39,0,0,2842,218,0,13,0,935,76,0,26,0,417,0,0,30,0,272,4,0,23,0,157,185,92,61,0,0,20,15,9,0,0,9,9,0,0
3,2,1,49,1,5,0,0.995563,0.997435,1.010523,8,0,334,100,100,0,0,0,2,0,4,4,0,40,0,43,36,0,0,2842,232,0,12,0,935,75,0,24,0,417,1,0,32,0,272,2,0,24,0,157,193,96,62,0,0,21,16,9,0,0,9,9,0,0
3,2,2,46,1,5,0,0.998964,0.993009,1.00956,8,0,334,100,100,0,0,0,4,4,0,2,0,40,0,50,39,0,0,2842,219,0,13,0,935,76,0,26,0,417,0,0,36,0,272,8,0,20,0,157,153,80,67,0,0,22,18,9,0,0,9,9,0,0
3,2,3,47,1,5,0,0.997354,0.999845,1.006476,9,0,334,100,100,0,0,0,4,4,2,0,0,40,0,45,39,0,0,2842,220,0,13,0,935,76,0,26,0,417,0,0,28,0,272,0,0,23,0,157,189,92,59,0,0,18,14,9,0,0,9,9,0,0
3,3,0,50,2,10,0,0.995323,0.99207,1.009183,18,0,334,100,100,0,0,0,0,2,6,6,0,40,1,51,39,0,0,3200,157,0,13,0,1047,56,0,26,0,414,0,0,34,0,272,0,0,4,0,0,211,16,65,0,0,28,17,9,0,0,9,9,0,0
3,3,1,44,2,10,0,0.99873,0.999904,1.009904,17,0,334,100,100,0,0,0,2,0,6,6,0,40,1,40,33,0,0,3200,172,0,11,0,1047,56,0,22,0,414,1,0,28,0,272,0,0,2,0,0,219,8,57,0,0,26,14,9,0,0,9,9,0,0
3,3,2,44,2,10,0,0.996376,0.994205,1.00981,16,0,334,100,100,0,0,0,6,6,0,2,0,40,1,53,39,0,0,3200,160,0,13,0,1047,69,0,26,0,414,1,0,36,0,272,0,0,8,0,0,187,32,65,0,0,32,18,8,0,0,8,8,0,0
3,3,3,44,2,10,0,1.000302,1.00091,1.008225,17,0,334,100,100,0,0,0,6,6,2,0,0,40,1,44,36,0,0,3200,161,0,12,0,1047,62,0,24,0,414,1,0,24,0,272,0,0,0,0,0,210,0,54,0,0,21,12,9,0,0,9,9,0,0
3,4,0,48,0,4,0,0.99156,0.990784,1.0089,27,0,334,100,100,0,0,0,0,2,8,8,0,40,3,48,39,0,0,2856,166,0,13,0,941,69,0,26,0,487,1,0,18,0,225,0,0,11,0,168,245,44,49,0,0,28,9,9,0,0,9,9,0,0
3,4,1,43,0,4,0,1.001569,1.001123,1.010983,25,0,334,100,100,0,0,0,2,0,8,8,0,40,3,39,33,0,0,2856,205,0,11,0,941,67,0,22,0,487,0,0,12,0,225,0,0,13,0,168,260,52,41,0,0,23,6,9,0,0,9,9,0,0
3,4,2,43,0,4,0,0.995537,0.992087,1.007451,23,0,334,100,100,0,0,0,8,8,0,2,0,40,3,53,36,0,0,2856,184,0,12,0,941,81,0,24,0,487,0,0,18,0,225,0,0,11,0,168,209,44,46,0,0,33,9,8,0,0,8,8,0,0
3,4,3,44,0,4,0,1.000302,1.00091,1.008225,26,0,334,100,100,0,0,0,8,8,2,0,0,40,3,46,36,0,0,2856,193,0,12,0,941,74,0,24,0,487,1,0,10,0,225,0,0,12,0,168,254,48,40,0,0,17,5,9,0,0,9,9,0,0
3,5,0,44,0,14,1,0.995008,0.992045,1.01256,32,0,334,100,100,0,0,0,0,2,6,2,0,40,1,51,39,0,0,2872,177,0,13,0,944,82,0,26,0,438,0,0,32,0,271,0,0,0,0,173,215,0,57,0,0,38,16,6,0,0,6,6,0,0
3,5,1,41,0,14,1,1.002234,1.003106,1.012715,33,0,334,100,100,0,0,0,2,0,10,10,0,40,1,40,33,0,0,2872,231,0,11,0,944,78,0,22,0,438,1,0,20,0,271,0,0,1,0,173,253,4,39,0,0,29,10,4,0,0,4,4,0,0
3,5,2,41,0,14,1,0.994428,0.994438,1.004319,30,0,334,100,100,0,0,0,6,10,0,2,0,40,1,52,33,0,0,2872,210,0,11,0,944,92,0,22,0,438,0,0,30,0,271,0,0,0,0,173,180,0,53,0,0,42,15,6,0,0,6,6,0,0
3,5,3,38,0,14,1,1.002576,0.999925,1.008147,32,0,334,100,100,0,0,0,2,10,2,0,0,40,1,44,33,0,0,2872,226,0,11,0,944,85,0,22,0,438,0,0,22,0,271,0,0,0,0,173,236,0,39,0,0,25,11,3,0,0,3,3,0,0
3,6,0,43,2,9,2,0.994014,0.997651,1.011857,37,0,334,100,100,0,0,0,0,4,8,-4,0,40,0,54,36,0,0,3128,193,0,12,0,958,88,0,24,0,448,1,0,20,0,245,0,0,11,0,52,248,44,38,0,0,45,10,3,0,0,3,3,0,0
3,6,1,37,2,9,2,1.003602,1.006732,1.013548,34,1,459,100,100,0,0,0,4,0,12,4,0,40,0,43,33,0,0,3128,179,0,11,0,958,87,0,22,0,448,0,0,22,0,245,0,0,3,0,52,274,12,54,0,0,21,11,19,0,0,2,2,0,0
3,6,2,40,2,9,2,0.993756,0.995845,1.006092,36,0,334,100,100,0,0,0,8,12,0,0,0,40,0,50,30,0,0,3128,159,0,10,0,958,102,0,20,0,448,0,0,30,0,245,0,0,6,0,52,233,24,44,0,0,55,15,2,0,0,2,2,0,0
3,6,3,37,2,9,2,1.001503,0.999391,1.012982,33,1,459,100,100,0,0,0,-4,4,0,0,0,40,0,52,33,0,0,3128,177,0,11,0,958,96,0,22,0,448,0,0,18,0,245,0,0,7,0,52,274,28,50,0,0,15,9,19,0,0,2,2,0,0
3,7,0,41,4,11,0,0.993248,1.000187,1.013871,37,0,334,100,100,0,0,0,0,4,10,-2,0,40,0,56,36,0,0,2913,215,0,12,0,956,100,0,24,0,448,1,0,24,0,272,0,0,0,0,192,235,0,40,0,0,55,12,2,0,0,2,2,0,0
3,7,1,36,4,11,0,1.004258,1.007278,1.014532,34,1,459,100,100,0,0,0,4,0,14,6,0,40,0,50,33,0,0,2913,187,0,11,0,956,98,0,22,0,448,0,0,24,0,272,0,0,0,0,192,264,0,37,0,0,32,12,1,0,0,1,1,0,0
3,7,2,38,4,11,0,0.998276,1.002205,1.006708,35,0,334,100,100,0,0,0,10,14,0,2,0,40,0,48,30,0,0,2913,183,0,10,0,956,112,0,20,0,448,1,0,14,0,272,0,0,0,0,192,231,0,26,0,0,61,7,1,0,0,1,1,0,0
3,7,3,35,4,11,0,0.999046,1.002379,1.01244,33,1,459,100,100,0,0,0,-2,6,2,0,0,40,0,58,33,0,0,2913,193,0,11,0,956,107,0,22,0,448,1,0,20,0,272,0,0,0,0,192,262,0,33,0,0,24,10,1,0,0,1,1,0,0
3,8,0,41,0,4,0,0.993248,1.000187,1.013871,39,1,459,100,100,0,0,0,0,4,12,0,0,40,0,66,39,0,0,2992,161,0,13,0,953,113,0,26,0,544,1,0,0,0,186,3,0,18,0,139,302,72,32,0,0,37,0,18,0,0,1,1,0,0
3,8,1,35,0,4,0,1.005519,1.005965,1.013567,34,1,459,100,100,0,0,0,4,0,16,8,0,40,0,57,33,0,0,2992,196,0,11,0,953,109,0,22,0,544,0,0,0,0,186,5,0,16,0,139,342,64,13,0,0,31,0,1,0,0,1,1,0,0
3,8,2,37,0,4,0,0.999269,1.003332,1.004746,35,1,459,100,100,0,0,0,12,16,0,4,0,40,0,48,30,0,0,2992,207,0,10,0,953,122,0,20,0,544,1,0,0,0,186,9,0,15,0,139,280,60,29,0,0,43,0,18,0,0,1,1,0,0
3,8,3,33,0,4,0,0.998378,1.004805,1.014162,32,1,459,100,100,0,0,0,0,8,4,0,0,40,0,59,27,0,0,2992,213,0,9,0,953,116,0,18,0,544,1,0,0,0,186,4,0,16,0,139,339,64,11,0,0,23,0,1,0,0,1,1,0,0
3,9,0,41,0,1,0,0.993248,1.000187,1.013871,40,1,459,100,100,0,0,0,0,4,14,2,0,40,12,75,39,0,0,3064,187,0,13,0,959,126,0,26,0,442,1,0,28,0,272,0,0,3,0,224,284,12,43,0,0,50,14,1,0,0,1,1,0,0
3,9,1,34,0,1,0,1.004557,1.004438,1.012112,34,1,459,100,100,0,0,0,4,0,18,10,0,40,12,65,33,0,0,3064,198,0,11,0,959,120,0,22,0,442,0,0,20,0,272,0,0,5,0,224,346,20,31,0,0,41,10,0,0,0,0,0,0,0
3,9,2,37,0,1,0,0.999269,1.003332,1.004746,36,1,459,100,100,0,0,0,14,18,0,4,0,40,12,44,30,0,0,3064,160,0,10,0,959,132,0,20,0,442,3,0,30,0,272,0,0,9,0,224,298,36,42,0,0,57,15,1,0,0,1,1,0,0
3,9,3,33,0,1,0,0.998378,1.004805,1.014162,33,1,459,100,100,0,0,0,2,10,4,0,0,40,12,57,27,0,0,3064,171,0,9,0,959,125,0,18,0,442,1,0,22,0,272,0,0,4,0,224,348,16,31,0,0,34,11,0,0,0,0,0,0,0
3,10,0,41,2,0,0,0.993248,1.000187,1.013871,41,1,459,100,100,0,0,0,0,4,16,4,0,40,2,80,39,0,0,2936,213,0,13,0,995,130,0,26,0,543,1,0,0,0,161,12,0,18,0,207,367,72,13,0,0,50,0,0,0,0,0,0,0,0
3,10,1,35,2,0,0,1.0043,1.003116,1.013447,34,2,584,100,100,0,0,0,4,0,20,12,1,40,2,76,33,0,0,2936,201,0,11,0,995,122,0,22,0,543,0,0,0,0,161,8,0,15,0,207,405,60,28,0,0,24,0,17,0,0,0,0,0,0
3,10,2,37,2,0,0,0.999269,1.003332,1.004746,37,1,459,100,100,0,0,0,16,20,0,4,1,40,2,47,30,0,0,2936,185,0,10,0,995,133,0,20,0,543,0,0,4,0,161,19,0,15,0,207,362,60,14,0,0,59,2,0,0,0,0,0,0,0
3,10,3,34,2,0,0,0.998132,1.003451,1.013231,33,2,584,100,100,0,0,0,4,12,4,0,0,40,2,60,27,0,0,2936,193,0,9,0,995,125,0,18,0,543,1,0,0,0,161,8,0,16,0,207,410,64,26,0,0,17,0,17,0,0,0,0,0,0
3,11,0,36,0,14,0,0.997657,1.004866,1.012608,36,2,584,100,100,0,0,0,0,6,18,6,0,40,1,86,39,0,0,3016,159,0,13,0,953,143,0,26,0,500,0,0,14,0,272,0,0,12,0,180,404,48,44,0,0,40,7,17,0,0,0,0,0,0
3,11,1,32,0,14,0,1.001833,1.001806,1.007485,31,2,584,100,100,0,0,0,6,0,22,14,1,40,1,86,36,0,0,3016,202,0,12,0,953,134,0,24,0,500,1,0,10,0,272,0,0,8,0,180,431,32,24,0,0,28,5,1,0,0,1,1,0,0
3,11,2,34,0,14,0,1.003522,1.002406,1.005905,34,2,584,100,100,0,0,0,18,22,0,4,1,40,1,46,27,0,0,3016,211,0,9,0,953,142,0,18,0,500,0,0,12,0,272,6,0,13,0,180,388,52,38,0,0,48,6,17,0,0,0,0,0,0
3,11,3,31,0,14,0,1.000567,1.002091,1.015049,30,2,584,100,100,0,0,0,6,14,4,0,0,40,1,63,30,0,0,3016,213,0,10,0,953,135,0,20,0,500,1,0,8,0,272,0,0,8,0,180,437,32,20,0,0,20,4,1,0,0,1,1,0,0
3,12,0,36,0,2,0,0.997657,1.004866,1.012608,36,2,584,100,100,0,0,0,0,8,20,8,1,40,7,96,39,0,0,3136,174,0,13,0,956,156,0,26,0,543,0,0,0,0,178,14,0,13,0,116,458,52,13,0,0,40,0,0,0,0,0,0,0,0
3,12,1,32,0,2,0,1.001833,1.001806,1.007485,32,3,709,100,100,0,0,0,8,0,24,16,1,40,7,97,36,0,0,3136,158,0,12,0,956,146,0,24,0,543,1,0,0,0,178,7,0,12,0,116,495,48,29,0,0,11,0,17,0,0,0,0,0,0
3,12,2,33,0,2,0,1.005893,1.002593,1.005859,33,2,584,100,100,0,0,0,20,24,0,6,2,40,7,42,24,0,0,3136,169,0,8,0,956,150,0,16,0,543,1,0,0,0,178,20,0,13,0,116,491,52,8,0,0,48,0,0,0,0,0,0,0,0
3,12,3,30,0,2,0,0.999504,0.999318,1.011843,30,3,709,100,100,0,0,0,8,16,6,0,0,40,7,66,27,0,0,3136,173,0,9,0,956,144,0,18,0,543,1,0,0,0,178,8,0,13,0,116,528,52,26,0,0,3,0,17,0,0,0,0,0,0
3,13,0,35,2,4,0,0.996906,1.002587,1.014232,34,2,584,100,100,0,0,0,0,10,22,10,1,40,2,107,39,0,0,2952,189,0,13,0,962,169,0,26,0,448,0,0,18,0,272,1,0,13,0,240,494,52,31,0,0,49,9,0,0,0,0,0,0,0
3,13,1,33,2,4,0,1.003206,0.999055,1.008616,32,3,709,100,100,0,0,0,10,0,26,18,1,40,2,109,36,0,0,2952,162,0,12,0,962,158,0,24,0,448,1,0,18,0,272,0,0,7,0,240,511,28,30,0,0,20,9,0,0,0,0,0,0,0
3,13,2,32,2,4,0,1.004698,1.000886,1.005044,32,3,709,100,100,0,0,0,22,26,0,6,2,40,2,42,24,0,0,2952,200,0,8,0,962,158,0,16,0,448,5,0,26,0,272,7,0,13,0,240,504,52,51,0,0,44,13,17,0,0,0,0,0,0
3,13,3,29,2,4,0,0.995925,1.001652,1.011697,29,3,709,100,100,0,0,0,10,18,6,0,0,40,2,72,27,0,0,2952,198,0,9,0,962,153,0,18,0,448,0,0,22,0,272,0,0,8,0,240,544,32,31,0,0,14,11,0,0,0,0,0,0,0
3,14,0,34,1,1,0,0.997988,1.001098,1.013229,33,2,584,100,100,0,0,0,0,10,24,10,1,40,1,122,39,0,0,3088,197,0,13,0,962,182,0,26,0,462,0,0,18,0,272,0,0,1,0,161,483,4,33,0,0,57,9,1,0,0,1,1,0,0
3,14,1,34,1,1,0,1.002698,1.001091,1.010808,32,3,709,100,100,0,0,0,10,0,28,20,2,40,1,123,36,0,0,3088,165,0,12,0,962,170,0,24,0,462,1,0,18,0,272,0,0,0,0,161,500,0,32,0,0,28,9,1,0,0,1,1,0,0
3,14,2,32,1,1,0,1.004698,1.000886,1.005044,32,3,709,100,100,0,0,0,24,28,0,6,2,40,1,42,24,0,0,3088,160,0,8,0,962,166,0,16,0,462,4,0,26,0,272,0,0,7,0,161,548,28,34,0,0,57,13,0,0,0,0,0,0,0
3,14,3,29,1,1,0,0.995925,1.001652,1.011697,29,3,709,100,100,0,0,0,10,20,6,0,1,40,1,79,27,0,0,3088,160,0,9,0,962,162,0,18,0,462,1,0,20,0,272,0,0,0,0,161,565,0,29,0,0,24,10,0,0,0,0,0,0,0
3,15,0,34,2,1,0,0.997988,1.001098,1.013229,34,3,709,100,100,0,0,0,0,10,26,12,1,40,1,136,39,0,0,2952,206,0,13,0,962,195,0,26,0,494,1,0,14,0,228,0,0,6,0,234,481,24,44,0,0,47,7,17,0,0,0,0,0,0
3,15,1,34,2,1,0,1.002698,1.001091,1.010808,33,3,709,100,100,0,0,0,10,0,30,22,2,40,1,135,36,0,0,2952,175,0,12,0,962,182,0,24,0,494,1,0,8,0,228,0,0,12,0,234,547,48,22,0,0,31,4,1,0,0,1,1,0,0
3,15,2,32,2,1,0,1.005581,1.001083,1.007438,31,3,709,100,100,0,0,0,26,30,0,8,2,40,1,41,24,0,0,2952,192,0,8,0,962,174,0,16,0,494,1,0,24,0,228,0,0,11,0,234,569,44,32,0,0,69,12,0,0,0,0,0,0,0
3,15,3,30,2,1,0,1.000806,0.996313,1.01257,29,4,834,100,100,0,0,0,12,22,8,0,1,40,1,88,27,0,0,2952,186,0,9,0,962,171,0,18,0,494,1,0,6,0,228,2,0,13,0,234,600,52,32,0,0,10,3,17,0,0,0,0,0,0
3,16,0,33,0,11,1,0.999282,1.005627,1.013254,33,3,709,100,100,0,0,0,0,12,28,8,1,40,0,149,39,0,0,3000,159,0,13,0,959,208,0,26,0,487,1,0,6,0,233,0,0,12,0,205,560,48,19,0,0,50,3,0,0,0,0,0,0,0
3,16,1,28,0,11,1,1.008463,0.998494,1.016741,28,3,709,100,100,0,0,0,12,0,32,22,2,40,0,141,33,0,0,3000,186,0,11,0,959,193,0,22,0,487,0,0,16,0,233,0,0,3,0,205,541,12,27,0,0,39,8,0,0,0,0,0,0,0
3,16,2,30,0,11,1,1.003589,1.000899,1.005767,29,3,709,100,100,0,0,0,28,32,0,8,2,40,0,44,27,0,0,3000,223,0,9,0,959,183,0,18,0,487,1,0,12,0,233,7,0,11,0,205,596,44,23,0,0,74,6,1,0,0,1,1,0,0
3,16,3,28,0,11,1,1.000583,0.999782,1.011313,27,4,834,100,100,0,0,0,8,22,8,0,1,40,0,91,24,0,0,3000,220,0,8,0,959,179,0,16,0,487,0,0,22,0,233,0,0,2,0,205,588,8,32,0,0,20,11,1,0,0,1,1,0,0
3,17,0,32,0,4,0,1.000247,1.004729,1.011564,32,3,709,100,100,0,0,0,0,14,30,10,1,40,1,167,39,0,0,3088,169,0,13,0,980,215,0,26,0,457,0,0,16,0,272,0,0,0,0,135,549,0,29,0,0,58,8,0,0,0,0,0,0,0
3,17,1,27,0,4,0,1.008562,1.000565,1.018611,27,3,709,100,100,0,0,0,14,0,32,24,2,40,1,155,33,0,0,3088,203,0,11,0,980,204,0,22,0,457,1,0,14,0,272,0,0,0,0,135,525,0,25,0,0,46,7,0,0,0,0,0,0,0
3,17,2,28,0,4,0,1.007115,1.003171,1.004981,28,4,834,100,100,0,0,0,30,32,0,10,2,40,1,47,24,0,0,3088,185,0,8,0,980,188,0,16,0,457,11,0,20,0,272,0,0,7,0,135,641,28,45,0,0,67,10,17,0,0,0,0,0,0
3,17,3,28,0,4,0,1.000583,0.999782,1.011313,28,4,834,100,100,0,0,0,10,24,10,0,1,40,1,96,24,0,0,3088,184,0,8,0,980,181,0,16,0,457,1,0,20,0,272,0,0,0,0,135,628,0,28,0,0,30,10,0,0,0,0,0,0,0
3,18,0,32,1,1,0,1.000247,1.004729,1.011564,32,3,709,100,100,0,0,0,0,14,32,10,1,40,12,180,39,0,0,3008,180,0,13,0,1075,195,0,26,0,540,0,0,0,0,194,5,0,13,0,249,597,52,13,0,0,58,0,0,0,0,0,0,0,0
3,18,1,27,1,1,0,1.008562,1.000565,1.018611,27,3,709,100,100,0,0,0,14,0,34,24,2,40,12,169,33,0,0,3008,165,0,11,0,1075,185,0,22,0,540,1,0,0,0,194,8,0,10,0,249,581,40,11,0,0,46,0,0,0,0,0,0,0,0
3,18,2,27,1,1,0,1.00763,1.001531,1.007829,27,4,834,100,100,0,0,0,32,34,0,10,2,40,12,50,24,0,0,3008,205,0,8,0,1075,176,0,16,0,540,1,0,14,0,194,12,0,9,0,249,661,36,22,0,0,74,7,0,0,0,0,0,0,0
3,18,3,29,1,1,0,0.99821,1.000238,1.011694,28,4,834,100,100,0,0,0,10,24,10,0,1,40,12,99,24,0,0,3008,220,0,8,0,1075,165,0,16,0,540,1,0,0,0,194,8,0,13,0,249,681,52,8,0,0,30,0,0,0,0,0,0,0,0
3,19,0,31,1,2,0,1.001497,1.006155,1.009378,31,4,834,100,100,0,0,0,0,14,32,12,1,40,2,196,39,0,0,3088,183,0,13,0,968,208,0,26,0,454,0,0,18,0,272,0,0,5,0,168,587,20,48,0,0,50,9,17,0,0,0,0,0,0
3,19,1,27,1,2,0,1.008562,1.000565,1.018611,27,3,709,100,100,0,0,0,14,0,36,26,2,40,2,182,33,0,0,3088,183,0,11,0,968,196,0,22,0,454,1,0,18,0,272,0,0,8,0,168,593,32,29,0,0,55,9,0,0,0,0,0,0,0
3,19,2,26,1,2,0,1.00992,1.002182,1.009565,26,5,959,100,100,0,0,0,32,36,0,10,2,40,2,52,21,0,0,3088,171,0,7,0,968,183,0,14,0,454,13,0,18,0,272,3,0,9,0,168,705,36,42,0,0,66,9,17,0,0,0,0,0,0
3,19,3,30,1,2,0,1.00028,0.997186,1.012196,28,5,959,100,100,0,0,0,12,26,10,0,1,40,2,104,24,0,0,3088,183,0,8,0,968,173,0,16,0,454,1,0,24,0,272,0,0,8,0,168,717,32,51,0,0,24,12,18,0,0,1,1,0,0
3,20,0,29,1,4,0,1.001964,1.007466,1.007581,29,4,834,100,100,0,0,0,0,14,34,14,1,40,0,214,39,0,0,2960,187,0,13,0,971,221,0,26,0,544,0,0,0,0,182,0,0,12,0,255,640,48,13,0,0,50,0,0,0,0,0,0,0,0
3,20,1,27,1,4,0,1.008562,1.000565,1.018611,27,4,834,100,100,0,0,0,14,0,38,28,2,40,0,197,33,0,0,2960,201,0,11,0,971,207,0,22,0,544,1,0,0,0,182,8,0,10,0,255,614,40,28,0,0,38,0,17,0,0,0,0,0,0
3,20,2,26,1,4,0,1.007994,1.005497,1.004515,25,5,959,100,100,0,0,0,34,38,0,12,2,40,0,57,21,0,0,2960,186,0,7,0,971,190,0,14,0,544,1,0,12,0,182,25,0,8,0,255,724,32,19,0,0,72,6,0,0,0,0,0,0,0
3,20,3,29,1,4,0,0.99878,0.996511,1.011737,28,5,959,100,100,0,0,0,14,28,12,0,1,40,0,104,21,0,0,2960,226,0,7,0,971,180,0,14,0,544,1,0,0,0,182,10,0,14,0,255,776,56,9,0,0,23,0,1,0,0,1,1,0,0
3,21,0,25,0,10,0,1.003006,1.003641,1.002523,25,4,834,100,100,0,0,0,0,16,36,16,1,40,3,222,27,0,0,3104,197,0,9,0,974,230,0,18,0,457,0,0,12,0,272,0,0,0,0,141,637,0,21,0,0,56,6,0,0,0,0,0,0,0
3,21,1,24,0,10,0,1.012572,0.999635,1.022287,24,4,834,100,100,0,0,0,16,0,40,30,2,40,3,203,24,0,0,3104,166,0,8,0,974,215,0,16,0,457,1,0,18,0,272,0,0,8,0,141,685,32,26,0,0,47,9,0,0,0,0,0,0,0
3,21,2,25,0,10,0,1.003343,1.007605,1.002606,24,5,959,100,100,0,0,0,36,40,0,12,2,40,3,59,21,0,0,3104,193,0,7,0,974,197,0,14,0,457,20,0,14,0,272,18,0,7,0,141,735,28,23,0,0,78,7,1,0,0,1,1,0,0
3,21,3,27,0,10,0,0.99938,0.994794,1.012425,27,6,1084,100,100,0,0,0,16,30,12,0,1,40,3,98,15,0,0,3104,192,0,5,0,974,185,0,10,0,457,1,0,24,0,272,0,0,10,0,141,840,40,46,0,0,18,12,17,0,0,0,0,0,0
3,22,0,20,0,16,0,1.012637,0.999883,1.00467,20,5,959,100,100,0,0,0,0,18,38,16,1,40,0,215,12,0,0,3064,168,0,4,0,1001,234,0,8,0,538,0,0,0,0,200,0,0,12,0,167,730,48,21,0,0,39,0,17,0,0,0,0,0,0
3,22,1,21,0,16,0,1.018192,1.002395,1.020664,21,5,959,100,100,0,0,0,18,0,42,32,2,40,0,203,15,0,0,3064,193,0,5,0,1001,220,0,10,0,538,1,0,0,0,200,5,0,10,0,167,712,40,22,0,0,30,0,17,0,0,0,0,0,0
3,22,2,21,0,16,0,1.003242,1.016237,1.003204,21,5,959,100,100,0,0,0,38,42,0,12,2,40,0,59,18,0,0,3064,162,0,6,0,1001,203,0,12,0,538,8,0,12,0,200,39,0,6,0,167,779,24,18,0,0,84,6,0,0,0,0,0,0,0
3,22,3,23,0,16,0,1.002413,0.991543,1.014224,23,6,1084,100,100,0,0,0,16,32,12,0,1,40,0,87,9,0,0,3064,226,0,3,0,1001,188,0,6,0,538,1,0,0,0,200,6,0,12,0,167,897,48,3,0,0,18,0,0,0,0,0,0,0,0
3,23,0,21,1,1,0,1.01299,0.996988,1.004825,20,5,959,100,100,0,0,0,0,18,40,18,1,40,3,217,12,0,0,3120,192,0,4,0,1034,238,0,8,0,522,1,0,2,0,228,0,0,6,0,155,766,24,6,0,0,40,1,0,0,0,0,0,0,0
3,23,1,20,1,1,0,1.020738,0.9983,1.021325,20,5,959,100,100,0,0,0,18,0,44,32,2,40,3,203,12,0,0,3120,168,0,4,0,1034,224,0,8,0,522,1,0,6,0,228,7,0,10,0,155,797,40,10,0,0,33,3,0,0,0,0,0,0,0
3,23,2,21,1,1,0,1.003242,1.016237,1.003204,21,5,959,100,100,0,0,0,40,44,0,12,2,40,3,64,18,0,0,3120,167,0,6,0,1034,209,0,12,0,522,2,0,12,0,228,45,0,6,0,155,791,24,18,0,0,90,6,0,0,0,0,0,0,0
3,23,3,23,1,1,0,1.002413,0.991543,1.014224,23,7,1209,100,100,0,0,0,18,32,12,0,1,40,3,79,9,0,0,3120,200,0,3,0,1034,191,0,6,0,522,0,0,8,0,228,8,0,12,0,155,983,48,28,0,0,5,4,17,0,0,0,0,0,0
3,24,0,21,2,0,0,1.01299,0.996988,1.004825,20,5,959,100,100,0,0,0,0,18,42,18,1,40,11,216,12,0,0,3112,167,0,4,0,1037,242,0,8,0,507,0,0,8,0,271,0,0,1,0,254,772,4,14,0,0,43,4,1,0,0,1,1,0,0
3,24,1,21,2,0,0,1.02277,0.99533,1.022651,20,6,1084,100,100,0,0,0,18,0,46,32,2,40,11,203,12,0,0,3112,200,0,4,0,1037,228,0,8,0,507,1,0,10,0,271,0,0,7,0,254,801,28,31,0,0,21,5,17,0,0,0,0,0,0
3,24,2,21,2,0,0,1.003242,1.016237,1.003204,21,5,959,100,100,0,0,0,42,46,0,12,2,40,11,68,18,0,0,3112,172,0,6,0,1037,215,0,12,0,507,2,0,12,0,271,39,0,6,0,254,801,24,18,0,0,96,6,0,0,0,0,0,0,0
3,24,3,24,2,0,0,1.004026,0.990007,1.012677,23,7,1209,100,100,0,0,0,18,32,12,0,1,40,11,71,9,0,0,3112,174,0,3,0,1037,194,0,6,0,507,0,0,8,0,271,0,0,8,0,254,1023,32,11,0,0,9,4,0,0,0,0,0,0,0
3,25,0,19,0,2,0,1.008111,0.996188,1.005777,19,5,959,100,100,0,0,0,0,20,44,20,3,40,0,216,12,0,0,3048,182,0,4,0,1037,246,0,8,0,500,1,0,8,0,258,0,0,1,0,193,782,4,12,0,0,47,4,0,0,0,0,0,0,0
3,25,1,21,0,2,0,1.02277,0.99533,1.022651,20,6,1084,100,100,0,0,0,20,0,46,34,3,40,0,202,12,0,0,3048,175,0,4,0,1037,232,0,8,0,500,1,0,10,0,258,0,0,3,0,193,865,12,16,0,0,25,5,1,0,0,1,1,0,0
3,25,2,21,0,2,0,1.003242,1.016237,1.003204,21,5,959,100,100,0,0,0,44,46,0,12,2,40,0,74,18,0,0,3048,177,0,6,0,1037,221,0,12,0,500,7,0,12,0,258,35,0,6,0,193,813,24,18,0,0,102,6,0,0,0,0,0,0,0
3,25,3,24,0,2,0,1.004026,0.990007,1.012677,23,7,1209,100,100,0,0,0,20,34,12,0,2,40,0,66,9,0,0,3048,211,0,3,0,1037,197,0,6,0,500,0,0,8,0,258,0,0,8,0,193,1057,32,13,0,0,12,4,1,0,0,1,1,0,0
3,26,0,19,0,1,0,1.008111,0.996188,1.005777,19,5,959,100,100,0,0,0,0,20,46,22,3,40,5,217,12,0,0,3072,199,0,4,0,1039,250,0,8,0,516,0,0,6,0,225,0,0,6,0,189,814,24,10,0,0,50,3,0,0,0,0,0,0,0
3,26,1,20,0,1,0,1.02459,0.996131,1.023978,20,6,1084,100,100,0,0,0,20,0,46,36,3,40,5,203,12,0,0,3072,198,0,4,0,1039,236,0,8,0,516,1,0,0,0,225,8,0,10,0,189,913,40,4,0,0,25,0,0,0,0,0,0,0,0
3,26,2,21,0,1,0,1.003242,1.016237,1.003204,21,6,1084,100,100,0,0,0,46,46,0,12,2,40,5,78,18,0,0,3072,182,0,6,0,1039,225,0,12,0,516,11,0,12,0,225,37,0,6,0,189,808,24,35,0,0,91,6,17,0,0,0,0,0,0
3,26,3,24,0,1,0,1.004026,0.990007,1.012677,24,7,1209,100,100,0,0,0,22,36,12,0,2,40,5,57,9,0,0,3072,184,0,3,0,1039,200,0,6,0,516,1,0,6,0,225,2,0,13,0,189,1175,52,9,0,0,15,3,0,0,0,0,0,0,0
3,27,0,18,0,3,0,1.006559,0.99607,1.00678,18,6,1084,100,100,0,0,0,0,20,48,22,3,40,8,218,12,0,0,3104,176,0,4,0,1056,249,0,8,0,544,0,0,0,0,192,2,0,10,0,161,888,40,21,0,0,33,0,17,0,0,0,0,0,0
3,27,1,19,0,3,0,1.022548,0.9993,1.022652,19,7,1209,100,100,0,0,0,20,0,48,38,3,40,8,205,12,0,0,3104,174,0,4,0,1056,236,0,8,0,544,1,0,0,0,192,16,0,9,0,161,985,36,21,0,0,8,0,17,0,0,0,0,0,0
3,27,2,20,0,3,0,1.000145,1.017185,1.008426,20,6,1084,100,100,0,0,0,48,48,0,12,2,40,8,80,18,0,0,3104,179,0,6,0,1056,223,0,12,0,544,1,0,10,0,192,59,0,5,0,161,818,20,16,0,0,96,5,0,0,0,0,0,0,0
3,27,3,24,0,3,0,1.004026,0.990007,1.012677,24,7,1209,100,100,0,0,0,22,38,12,0,2,40,8,50,9,0,0,3104,221,0,3,0,1056,201,0,6,0,544,1,0,0,0,192,13,0,13,0,161,1206,52,3,0,0,15,0,0,0,0,0,0,0,0
3,28,0,17,1,8,0,1.005473,0.995984,1.000528,17,6,1084,100,100,0,0,0,0,20,50,22,3,40,4,220,12,0,0,3088,194,0,4,0,1058,247,0,8,0,501,0,0,8,0,272,0,0,2,0,245,899,8,12,0,0,37,4,0,0,0,0,0,0,0
3,28,1,19,1,8,0,1.029615,1.000207,1.024588,18,7,1209,100,100,0,0,0,20,0,50,40,3,40,4,205,12,0,0,3088,199,0,4,0,1058,234,0,8,0,501,1,0,6,0,272,7,0,9,0,245,1020,36,10,0,0,11,3,0,0,0,0,0,0,0
3,28,2,16,1,8,0,0.996919,1.003516,1.010133,16,6,1084,100,100,0,0,0,50,50,0,12,2,40,4,85,18,0,0,3088,169,0,6,0,1058,226,0,12,0,501,2,0,8,0,272,55,0,4,0,245,826,16,14,0,0,100,4,0,0,0,0,0,0,0
3,28,3,22,1,8,0,1.001713,0.983556,1.011982,22,8,1334,100,100,0,0,0,22,40,12,0,2,40,4,40,9,0,0,3088,194,0,3,0,1058,198,0,6,0,501,1,0,8,0,272,0,0,13,0,245,1189,52,28,0,0,2,4,17,0,0,0,0,0,0
3,29,0,16,0,7,0,1.002508,0.997191,0.99739,16,6,1084,100,100,0,0,0,0,20,52,26,3,40,11,217,9,0,0,3184,174,0,3,0,1037,250,0,6,0,484,1,0,8,0,272,0,0,0,0,200,917,0,11,0,0,41,4,0,0,0,0,0,0,0
3,29,1,17,0,7,0,1.033995,0.99262,1.022633,16,8,1334,100,100,0,0,0,20,0,52,44,3,40,11,196,6,0,0,3184,178,0,2,0,1037,236,0,4,0,484,0,0,16,0,272,0,0,7,0,200,1040,28,37,0,0,1,8,18,0,0,1,1,0,0
3,29,2,14,0,7,0,0.996168,1.009917,1.004989,14,6,1084,100,100,0,0,0,52,52,0,14,2,40,11,87,12,0,0,3184,165,0,4,0,1037,230,0,8,0,484,12,0,8,0,272,51,0,4,0,200,836,16,12,0,0,104,4,0,0,0,0,0,0,0
3,29,3,20,0,7,0,1.006117,0.978467,1.014671,20,8,1334,100,100,0,0,0,26,44,14,0,2,40,11,29,3,0,0,3184,171,0,1,0,1037,199,0,2,0,484,1,0,18,0,272,0,0,0,0,200,1206,0,19,0,0,11,9,0,0,0,0,0,0,0
3,30,0,16,0,5,0,1.002508,0.997191,0.99739,16,7,1209,100,100,0,0,0,0,20,52,30,3,40,11,219,9,0,0,3032,195,0,3,0,1058,253,0,6,0,515,1,0,4,0,250,0,0,5,0,252,928,20,24,0,0,26,2,17,0,0,0,0,0,0
3,30,1,14,0,5,0,1.041688,0.99437,1.022671,14,8,1334,100,100,0,0,0,20,0,52,46,3,40,11,191,6,0,0,3032,199,0,2,0,1058,238,0,4,0,515,1,0,4,0,250,0,0,4,0,252,1062,16,6,0,0,3,2,0,0,0,0,0,0,0
3,30,2,13,0,5,0,1.000238,1.015303,1.009827,13,6,1084,100,100,0,0,0,52,52,0,16,2,40,11,89,12,0,0,3032,163,0,4,0,1058,234,0,8,0,515,16,0,6,0,250,53,0,3,0,252,841,12,10,0,0,107,3,0,0,0,0,0,0,0
3,30,3,19,0,5,0,1.007157,0.978423,1.015649,19,8,1334,100,100,0,0,0,30,46,16,0,2,40,11,21,3,0,0,3032,206,0,1,0,1058,200,0,2,0,515,1,0,8,0,250,0,0,7,0,252,1240,28,9,0,0,15,4,0,0,0,0,0,0,0
3,31,0,12,1,18,0,1.008428,1.001025,1.006971,12,7,1209,100,100,0,0,0,0,22,52,34,3,40,8,221,9,0,0,3184,176,0,3,0,1058,256,0,6,0,543,1,0,0,0,230,3,0,6,0,185,972,24,3,0,0,26,0,0,0,0,0,0,0,0
3,31,1,8,1,18,0,1.024403,0.9751,1.028084,8,8,1334,100,100,0,0,0,22,0,52,48,3,40,8,189,6,0,0,3184,183,0,2,0,1058,240,0,4,0,543,1,0,0,0,230,2,0,4,0,185,1091,16,2,0,0,3,0,0,0,0,0,0,0,0
3,31,2,13,1,18,0,1.000238,1.015303,1.009827,13,6,1084,100,100,0,0,0,52,52,0,18,2,40,8,95,12,0,0,3184,162,0,4,0,1058,238,0,8,0,543,11,0,6,0,230,56,0,3,0,185,846,12,10,0,0,110,3,0,0,0,0,0,0,0
3,31,3,12,1,18,0,1.009385,0.98691,1.0192,11,8,1334,100,100,0,0,0,34,48,18,0,2,40,8,13,3,0,0,3184,186,0,1,0,1058,201,0,2,0,543,1,0,0,0,230,14,0,4,0,185,1275,16,1,0,0,15,0,0,0,0,0,0,0,0
3,32,0,12,1,0,0,1.008428,1.001025,1.006971,12,7,1209,100,100,0,0,0,0,22,54,36,3,40,8,228,9,0,0,3176,169,0,3,0,1055,259,0,6,0,493,0,0,10,0,272,0,0,3,0,243,986,12,13,0,0,31,5,0,0,0,0,0,0,0
3,32,1,9,1,0,0,1.032001,0.968749,1.030435,8,8,1334,100,100,0,0,0,22,0,52,52,3,40,8,193,6,0,0,3176,173,0,2,0,1055,242,0,4,0,493,1,0,6,0,272,0,0,2,0,243,1108,8,8,0,0,6,3,0,0,0,0,0,0,0
3,32,2,13,1,0,0,1.000238,1.015303,1.009827,13,6,1084,100,100,0,0,0,54,52,0,20,3,40,8,101,12,0,0,3176,161,0,4,0,1055,242,0,8,0,493,23,0,6,0,272,53,0,3,0,243,851,12,10,0,0,113,3,0,0,0,0,0,0,0
3,32,3,12,1,0,0,1.009385,0.98691,1.0192,11,8,1334,100,100,0,0,0,36,52,20,0,3,40,8,16,6,0,0,3176,172,0,2,0,1055,203,0,4,0,493,11,0,8,0,272,10,0,4,0,243,1301,16,12,0,0,18,4,1,0,0,1,1,0,0
3,33,0,11,0,1,0,1.013914,1.002518,1.010994,11,7,1209,100,100,0,0,0,0,22,54,40,3,40,11,226,6,0,0,3152,163,0,2,0,1055,261,0,4,0,527,1,0,2,0,249,0,0,5,0,297,1002,20,4,0,0,32,1,0,0,0,0,0,0,0
3,33,1,9,0,1,0,1.032001,0.968749,1.030435,8,8,1334,100,100,0,0,0,22,0,52,54,3,40,11,196,6,0,0,3152,170,0,2,0,1055,244,0,4,0,527,1,0,2,0,249,0,0,4,0,297,1121,16,6,0,0,6,1,1,0,0,1,1,0,0
3,33,2,13,0,1,0,1.000238,1.015303,1.009827,13,6,1084,100,100,0,0,0,54,52,0,22,3,40,11,107,12,0,0,3152,160,0,4,0,1055,246,0,8,0,527,23,0,6,0,249,57,0,3,0,297,853,12,10,0,0,116,3,0,0,0,0,0,0,0
3,33,3,12,0,1,0,1.009385,0.98691,1.0192,12,8,1334,100,100,0,0,0,40,54,22,0,3,40,11,21,6,0,0,3152,174,0,2,0,1055,205,0,4,0,527,9,0,8,0,249,13,0,4,0,297,1307,16,10,0,0,22,4,0,0,0,0,0,0,0
3,34,0,11,0,2,0,1.013914,1.002518,1.010994,11,7,1209,100,100,0,0,0,0,24,56,44,3,40,1,231,6,0,0,3152,158,0,2,0,1058,263,0,4,0,512,1,0,8,0,272,0,0,0,0,264,1007,0,10,0,0,36,4,0,0,0,0,0,0,0
3,34,1,9,0,2,0,1.032001,0.968749,1.030435,9,8,1334,100,100,0,0,0,24,0,54,56,3,40,1,201,6,0,0,3152,167,0,2,0,1058,246,0,4,0,512,1,0,6,0,272,0,0,0,0,264,1125,0,8,0,0,9,3,0,0,0,0,0,0,0
3,34,2,12,0,2,0,1.002985,1.009555,1.010025,12,6,1084,100,100,0,0,0,56,54,0,24,3,40,1,112,9,0,0,3152,160,0,3,0,1058,249,0,6,0,512,24,0,6,0,272,54,0,3,0,264,859,12,9,0,0,119,3,0,0,0,0,0,0,0
3,34,3,11,0,2,0,1.01027,0.9862,1.022768,11,8,1334,100,100,0,0,0,44,56,24,0,3,40,1,26,6,0,0,3152,176,0,2,0,1058,207,0,4,0,512,9,0,8,0,272,9,0,4,0,264,1319,16,10,0,0,26,4,0,0,0,0,0,0,0
3,35,0,9,1,5,0,1.003164,1.017546,1.01905,9,7,1209,100,100,0,0,0,0,24,58,48,3,40,5,228,3,0,0,3152,154,0,1,0,1061,264,0,2,0,496,1,0,6,0,272,0,0,0,0,264,1015,0,7,0,0,39,3,0,0,0,0,0,0,0
3,35,1,9,1,5,0,1.032001,0.968749,1.030435,9,8,1334,100,100,0,0,0,24,0,54,60,3,40,5,205,6,0,0,3152,164,0,2,0,1061,248,0,4,0,496,1,0,6,0,272,0,0,0,0,264,1129,0,8,0,0,12,3,0,0,0,0,0,0,0
3,35,2,9,1,5,0,0.987495,1.010433,1.007479,9,6,1084,100,100,0,0,0,58,54,0,28,3,40,5,105,3,0,0,3152,163,0,1,0,1061,250,0,2,0,496,33,0,6,0,272,51,0,3,0,264,867,12,7,0,0,122,3,0,0,0,0,0,0,0
3,35,3,12,1,5,0,1.011118,0.980649,1.02572,11,8,1334,100,100,0,0,0,48,60,28,0,3,40,5,34,6,0,0,3152,179,0,2,0,1061,209,0,4,0,496,16,0,8,0,272,5,0,4,0,264,1330,16,10,0,0,30,4,0,0,0,0,0,0,0
3,36,0,9,0,0,0,1.003164,1.017546,1.01905,9,8,1334,100,100,0,0,0,0,24,58,48,3,40,13,230,3,0,0,3168,152,0,1,0,1067,265,0,2,0,538,1,0,0,0,248,0,0,6,0,248,1036,24,18,0,0,22,0,17,0,0,0,0,0,0
3,36,1,9,0,0,0,1.032001,0.968749,1.030435,9,8,1334,100,100,0,0,0,24,0,54,62,3,40,13,210,6,0,0,3168,161,0,2,0,1067,250,0,4,0,538,1,0,0,0,248,0,0,5,0,248,1159,20,2,0,0,12,0,0,0,0,0,0,0,0
3,36,2,9,0,0,0,0.987495,1.010433,1.007479,9,6,1084,100,100,0,0,0,58,54,0,28,3,40,13,103,3,0,0,3168,169,0,1,0,1067,251,0,2,0,538,33,0,6,0,248,50,0,3,0,248,875,12,7,0,0,125,3,0,0,0,0,0,0,0
3,36,3,12,0,0,0,1.011118,0.980649,1.02572,11,8,1334,100,100,0,0,0,48,62,28,0,3,40,13,38,9,0,0,3168,164,0,3,0,1067,212,0,6,0,538,8,0,8,0,248,12,0,4,0,248,1327,16,13,0,0,33,4,1,0,0,1,1,0,0
3,37,0,9,1,0,0,1.003164,1.017546,1.01905,9,8,1334,100,100,0,0,0,0,26,58,50,3,40,13,232,3,0,0,3152,150,0,1,0,1067,266,0,2,0,515,0,0,6,0,272,0,0,0,0,264,1044,0,7,0,0,25,3,0,0,0,0,0,0,0
3,37,1,10,1,0,0,1.03557,0.968259,1.033968,9,8,1334,100,100,0,0,0,26,0,54,64,3,40,13,212,6,0,0,3152,158,0,2,0,1067,252,0,4,0,515,1,0,6,0,272,0,0,0,0,264,1163,0,8,0,0,15,3,0,0,0,0,0,0,0
3,37,2,9,1,0,0,0.987495,1.010433,1.007479,9,6,1084,100,100,0,0,0,58,54,0,28,3,40,13,103,3,0,0,3152,175,0,1,0,1067,252,0,2,0,515,38,0,6,0,272,47,0,3,0,264,883,12,7,0,0,128,3,0,0,0,0,0,0,0
3,37,3,12,1,0,0,1.011118,0.980649,1.02572,12,8,1334,100,100,0,0,0,50,64,28,0,3,40,13,43,9,0,0,3152,165,0,3,0,1067,215,0,6,0,515,7,0,8,0,272,8,0,4,0,264,1329,16,11,0,0,37,4,0,0,0,0,0,0,0
3,38,0,8,1,4,0,1.012935,1.044281,1.035606,7,8,1334,100,100,0,0,0,0,26,58,50,3,40,12,232,3,0,0,3152,140,0,1,0,1085,264,0,2,0,511,0,0,2,0,269,0,0,3,0,264,1065,12,3,0,0,26,1,0,0,0,0,0,0,0
3,38,1,9,1,4,0,1.043376,0.963146,1.038475,8,8,1334,100,100,0,0,0,26,0,54,66,3,40,12,218,9,0,0,3152,153,0,3,0,1085,246,0,6,0,511,1,0,6,0,269,0,0,0,0,264,1161,0,11,0,0,17,3,1,0,0,1,1,0,0
3,38,2,8,1,4,0,0.984826,1.005554,1.001592,8,6,1084,100,100,0,0,0,58,54,0,28,3,40,12,101,3,0,0,3152,181,0,1,0,1085,250,0,2,0,511,46,0,4,0,269,45,0,2,0,264,886,8,5,0,0,130,2,0,0,0,0,0,0,0
3,38,3,12,1,4,0,1.011118,0.980649,1.02572,12,8,1334,100,100,0,0,0,50,66,28,0,3,40,12,49,9,0,0,3152,166,0,3,0,1085,212,0,6,0,511,12,0,8,0,269,4,0,4,0,264,1329,16,11,0,0,41,4,0,0,0,0,0,0,0
3,39,0,8,1,1,0,1.012935,1.044281,1.035606,7,8,1334,100,100,0,0,0,0,26,58,52,3,40,16,233,3,0,0,3168,139,0,1,0,1064,265,0,2,0,531,0,0,2,0,268,0,0,2,0,257,1080,8,5,0,0,26,1,1,0,0,1,1,0,0
3,39,1,9,1,1,0,1.043376,0.963146,1.038475,9,8,1334,100,100,0,0,0,26,0,56,66,3,40,16,227,9,0,0,3168,149,0,3,0,1064,249,0,6,0,531,0,0,4,0,268,0,0,0,0,257,1163,0,7,0,0,19,2,0,0,0,0,0,0,0
3,39,2,8,1,1,0,0.988756,1.000137,1.010247,7,6,1084,100,100,0,0,0,58,56,0,28,3,40,16,98,3,0,0,3168,172,0,1,0,1064,251,0,2,0,531,48,0,2,0,268,46,0,1,0,257,895,4,3,0,0,131,1,0,0,0,0,0,0,0
3,39,3,12,1,1,0,1.011118,0.980649,1.02572,12,8,1334,100,100,0,0,0,52,66,28,0,3,40,16,52,9,0,0,3168,167,0,3,0,1064,215,0,6,0,531,8,0,8,0,268,0,0,4,0,257,1329,16,11,0,0,45,4,0,0,0,0,0,0,0
3,40,0,8,0,0,0,1.012935,1.044281,1.035606,8,8,1334,100,100,0,0,0,0,26,58,52,3,40,9,234,3,0,0,3160,138,0,1,0,1061,266,0,2,0,505,0,0,6,0,272,0,0,0,0,273,1085,0,7,0,0,29,3,0,0,0,0,0,0,0
3,40,1,9,0,0,0,1.043376,0.963146,1.038475,9,8,1334,100,100,0,0,0,26,0,56,68,3,40,9,234,9,0,0,3160,145,0,3,0,1061,252,0,6,0,505,0,0,6,0,272,0,0,0,0,273,1163,0,9,0,0,22,3,0,0,0,0,0,0,0
3,40,2,8,0,0,0,0.988756,1.000137,1.010247,7,6,1084,100,100,0,0,0,58,56,0,28,3,40,9,102,6,0,0,3160,170,0,2,0,1061,253,0,4,0,505,58,0,2,0,272,45,0,1,0,273,895,4,4,0,0,132,1,0,0,0,0,0,0,0
3,40,3,12,0,0,0,1.011118,0.980649,1.02572,12,8,1334,100,100,0,0,0,52,68,28,0,3,40,9,57,9,0,0,3160,168,0,3,0,1061,218,0,6,0,505,15,0,8,0,272,0,0,0,0,273,1323,0,11,0,0,49,4,0,0,0,0,0,0,0
