graine,jour,faction,population,naissances_total,morts_total,predations_total,vitesse,taille,perception,armes_equipees,reserves,capacite,defenses_fin,defenses_min_jour,raids_cumul,coalitions_cumul,plans,confiance_0,confiance_1,confiance_2,confiance_3,allies,nourriture_aube,carte_nourriture,stock_nourriture,production_nourriture,consommation_nourriture,sac_nourriture,carte_eau,stock_eau,production_eau,consommation_eau,sac_eau,carte_terre,stock_terre,production_terre,consommation_terre,sac_terre,carte_minerai,stock_minerai,production_minerai,consommation_minerai,sac_minerai,carte_charbon,stock_charbon,production_charbon,consommation_charbon,sac_charbon,carte_energie,stock_energie,production_energie,consommation_energie,sac_energie,carte_fer,stock_fer,production_fer,consommation_fer,sac_fer,carte_armes,stock_armes,production_armes,consommation_armes,sac_armes
1,1,0,51,5,6,0,1.008289,1.002118,1.000992,0,0,334,100,100,9,0,0,0,-34,44,2,1,80,1,54,36,0,0,2802,201,0,12,0,911,62,0,24,0,476,0,0,48,0,272,1,0,24,0,139,121,96,78,0,0,15,24,9,0,0,9,9,0,0
1,1,1,48,5,6,0,1.003077,1.000757,1.004058,0,0,334,100,100,9,0,0,-34,0,-62,-34,0,80,1,52,36,0,0,2802,215,0,12,0,911,81,0,24,0,476,3,0,46,0,272,2,0,23,0,139,136,92,76,0,0,14,23,9,0,0,9,9,0,0
1,1,2,50,5,6,0,1.007409,0.997313,1.002677,0,0,334,63.847306,58.847306,9,0,0,44,-62,0,44,2,80,1,61,39,0,0,2802,200,0,13,0,911,63,0,26,0,476,7,0,46,0,272,2,0,23,0,139,115,92,77,0,0,14,23,9,0,0,9,9,0,0
1,1,3,50,5,6,0,1.004367,0.996653,1.005424,0,0,334,100,100,9,0,0,2,-34,44,0,1,80,1,58,39,0,0,2802,192,0,13,0,911,63,0,26,0,476,8,0,46,0,272,2,0,23,0,139,118,92,77,0,0,14,23,9,0,0,9,9,0,0
1,2,0,49,5,14,0,1.009807,1.000481,1.001351,8,0,334,100,100,16,0,1,0,-40,46,14,1,80,11,53,33,0,0,2912,243,0,11,0,922,73,0,22,0,512,0,0,8,0,186,0,0,22,0,120,208,88,37,0,0,10,4,9,0,0,9,9,0,0
1,2,1,42,5,14,0,1.001001,0.992172,1.005739,6,0,334,46.494891,41.494891,16,0,1,-40,0,-68,-76,0,80,11,42,30,0,0,2912,157,0,10,0,922,106,0,20,0,512,1,0,16,0,186,0,0,10,0,120,207,40,44,0,0,13,8,9,0,0,9,9,0,0
1,2,2,49,5,14,0,1.008936,1.000305,1.002059,8,0,334,68.847306,63.847306,16,0,1,46,-68,0,54,2,80,11,63,36,0,0,2912,226,0,12,0,922,75,0,24,0,512,1,0,6,0,186,13,0,22,0,120,200,88,36,0,0,8,3,9,0,0,9,9,0,0
1,2,3,50,5,14,0,1.005637,0.999271,1.007659,7,0,334,74.754961,69.754961,16,0,1,14,-76,54,0,1,80,11,70,42,0,0,2912,208,0,14,0,922,77,0,28,0,512,0,0,12,0,186,4,0,22,0,120,198,88,44,0,0,11,6,9,0,0,9,9,0,0
1,3,0,48,5,18,0,1.01126,1.000219,1.000365,15,0,334,100,100,21,0,1,0,-50,46,46,2,80,5,53,33,0,0,3020,183,0,11,0,932,84,0,22,0,457,1,0,20,0,263,0,0,0,0,57,234,0,49,0,0,11,10,9,0,0,9,9,0,0
1,3,1,36,5,18,0,0.991453,0.994215,1.001426,13,0,334,51.494891,46.494891,21,0,1,-50,0,-78,-100,0,80,5,46,30,0,0,3020,205,0,10,0,932,125,0,20,0,457,1,0,0,0,263,0,0,6,0,57,254,24,28,0,0,4,0,9,0,0,9,9,0,0
1,3,2,50,5,18,0,1.01105,1.00221,1.001986,16,0,334,73.847306,68.847306,21,0,1,46,-78,0,86,2,80,5,71,39,0,0,3020,164,0,13,0,932,88,0,26,0,457,1,0,30,0,263,0,0,13,0,57,266,52,61,0,0,14,15,9,0,0,9,9,0,0
1,3,3,43,5,18,0,1.003756,1.003519,1.008577,14,0,334,38.252757,33.252757,21,0,1,46,-100,86,0,2,80,5,78,42,0,0,3020,208,0,14,0,932,91,0,28,0,457,1,0,26,0,263,0,0,4,0,57,182,16,56,0,0,16,13,8,0,0,8,8,0,0
1,4,0,41,2,29,0,1.010563,1.005574,1.001698,20,0,334,100,100,26,1,1,0,-58,70,46,2,80,5,53,33,0,0,2960,220,0,11,0,929,95,0,22,0,444,1,0,20,0,272,0,0,0,0,141,203,0,49,0,0,12,10,9,0,0,9,9,0,0
1,4,1,26,2,29,0,0.989051,0.993303,1.004394,20,0,334,34.825481,29.825481,26,1,1,-58,0,-100,-100,0,80,5,52,30,0,0,2960,159,0,10,0,929,150,0,20,0,444,1,0,14,0,272,0,0,0,0,141,274,0,30,0,0,8,7,3,0,0,3,3,0,0
1,4,2,44,2,29,0,1.00725,1.001278,0.999195,23,0,334,47.229204,42.229204,26,1,1,70,-100,0,100,2,80,5,71,36,0,0,2960,182,0,12,0,929,100,0,24,0,444,0,0,32,0,272,0,0,0,0,141,223,0,58,0,0,23,16,7,0,0,7,7,0,0
1,4,3,39,2,29,0,1.004824,1.008372,1.005001,17,0,334,43.252757,38.252757,26,1,1,46,-100,100,0,2,80,5,94,42,0,0,2960,215,0,14,0,929,105,0,28,0,444,0,0,18,0,272,0,0,0,0,141,154,0,46,0,0,18,9,7,0,0,7,7,0,0
1,5,0,39,4,20,0,1.012268,1.009938,0.994309,25,0,334,100,100,30,3,1,0,-62,68,56,2,80,3,59,30,0,0,3110,169,0,10,0,942,105,0,20,0,538,1,0,2,0,181,0,0,12,0,116,302,48,24,0,0,7,1,6,0,0,6,6,0,0
1,5,1,22,4,20,0,0.983034,0.997894,1.007082,20,0,334,22.733795,17.733795,30,3,1,-62,0,-100,-100,0,80,3,59,21,0,0,3110,136,0,7,0,942,162,0,14,0,538,1,0,0,0,181,4,0,11,0,116,325,44,9,0,0,7,0,1,0,0,1,1,0,0
1,5,2,39,4,20,0,1.0109,1.005903,0.996051,26,0,334,52.229204,47.229204,30,3,1,68,-100,0,98,2,80,3,84,36,0,0,3110,206,0,12,0,942,109,0,24,0,538,1,0,2,0,181,9,0,16,0,116,276,64,26,0,0,18,1,6,0,0,6,6,0,0
1,5,3,34,4,20,0,1.005723,1.00726,1.006216,19,0,334,30.841576,25.841576,30,3,1,56,-100,98,0,2,80,3,114,39,0,0,3110,163,0,13,0,942,118,0,26,0,538,1,0,0,0,181,1,0,14,0,116,254,56,23,0,0,13,0,5,0,0,5,5,0,0
1,6,0,38,5,15,0,1.014378,1.011322,0.992251,30,0,334,100,100,37,3,1,0,-76,94,76,2,80,6,58,21,0,0,3030,219,0,7,0,962,112,0,14,0,475,1,0,18,0,272,0,0,0,0,203,283,0,31,0,0,13,9,3,0,0,3,3,0,0
1,6,1,20,5,15,0,0.989826,1.004737,1.009361,18,0,334,27.733795,22.733795,37,3,1,-76,0,-100,-100,0,80,6,67,18,0,0,3030,118,0,6,0,962,175,0,12,0,475,0,0,12,0,272,0,0,4,0,203,320,16,20,0,0,12,6,1,0,0,1,1,0,0
1,6,2,35,5,15,0,1.017495,1.012023,0.997869,28,1,459,26.138036,21.138036,37,3,1,94,-100,0,100,2,80,6,87,27,0,0,3030,158,0,9,0,962,118,0,18,0,475,1,0,22,0,272,0,0,9,0,203,296,36,54,0,0,9,11,20,0,0,3,3,0,0
1,6,3,31,5,15,0,1.0048,1.007967,0.999731,21,0,334,8.722351,3.722351,37,3,1,76,-100,100,0,2,80,6,125,30,0,0,3030,183,0,10,0,962,125,0,20,0,475,0,0,16,0,272,0,0,1,0,203,231,4,36,0,0,16,8,5,0,0,5,5,0,0
1,7,0,37,2,5,0,1.01588,1.013017,0.992315,32,1,459,100,100,37,3,1,0,-76,96,78,2,80,21,55,21,0,0,3036,174,0,7,0,985,119,0,14,0,483,0,0,16,0,272,0,0,0,0,151,288,0,46,0,0,1,8,20,0,0,3,3,0,0
1,7,1,20,2,5,0,0.99375,1.001693,1.012748,18,0,334,32.733795,27.733795,37,3,1,-76,0,-100,-100,0,80,21,73,18,0,0,3036,112,0,6,0,985,188,0,12,0,483,1,0,0,0,272,0,0,0,0,151,326,0,8,0,0,11,0,1,0,0,1,1,0,0
1,7,2,35,2,5,0,1.015196,1.012467,1.000613,30,1,459,31.138036,26.138036,37,3,1,96,-100,0,100,2,80,21,92,24,0,0,3036,195,0,8,0,985,126,0,16,0,483,1,0,24,0,272,0,0,0,0,151,275,0,36,0,0,19,12,2,0,0,2,2,0,0
1,7,3,29,2,5,0,1.003796,1.009514,1.001646,24,0,334,13.722351,8.722351,37,3,1,78,-100,100,0,2,80,21,141,30,0,0,3036,198,0,10,0,985,132,0,20,0,483,1,0,20,0,272,0,0,0,0,151,210,0,36,0,0,23,10,3,0,0,3,3,0,0
1,8,0,35,0,6,0,1.012548,1.011395,0.994958,33,1,459,100,100,38,3,1,0,-78,100,78,2,80,20,55,21,0,0,3006,234,0,7,0,988,126,0,14,0,496,1,0,8,0,272,0,0,0,0,153,298,0,17,0,0,4,4,1,0,0,1,1,0,0
1,8,1,18,0,6,0,0.994132,1.003325,1.010817,17,0,334,37.733795,32.733795,38,3,1,-78,0,-100,-100,0,80,20,82,18,0,0,3006,96,0,6,0,988,201,0,12,0,496,1,0,2,0,272,0,0,0,0,153,324,0,10,0,0,11,1,1,0,0,1,1,0,0
1,8,2,35,0,6,0,1.015196,1.012467,1.000613,32,1,459,28.105907,23.105907,38,3,1,100,-100,0,100,2,80,20,99,27,0,0,3006,231,0,9,0,988,135,0,18,0,496,0,0,26,0,272,0,0,0,0,153,251,0,39,0,0,30,13,2,0,0,2,2,0,0
1,8,3,27,0,6,0,1.005157,1.005731,0.99665,25,0,334,18.722351,13.722351,38,3,1,78,-100,100,0,2,80,20,156,27,0,0,3006,160,0,9,0,988,141,0,18,0,496,0,0,10,0,272,0,0,0,0,153,252,0,21,0,0,27,5,1,0,0,1,1,0,0
1,9,0,33,2,6,0,1.010013,1.007027,0.992939,32,1,459,100,100,39,3,1,0,-80,100,86,2,80,13,54,21,0,0,3142,192,0,7,0,988,133,0,14,0,491,0,0,16,0,272,0,0,0,0,125,354,0,25,0,0,11,8,1,0,0,1,1,0,0
1,9,1,16,2,6,0,1.000685,0.999912,1.012161,16,0,334,42.733795,37.733795,39,3,1,-80,0,-100,-100,0,80,13,95,15,0,0,3142,83,0,5,0,988,211,0,10,0,491,1,0,0,0,272,0,0,0,0,125,329,0,5,0,0,11,0,0,0,0,0,0,0,0
1,9,2,34,2,6,0,1.013745,1.010966,1.001923,33,1,459,33.105907,28.105907,39,3,1,100,-100,0,100,2,80,13,109,27,0,0,3142,187,0,9,0,988,144,0,18,0,491,1,0,22,0,272,0,0,0,0,125,260,0,33,0,0,40,11,1,0,0,1,1,0,0
1,9,3,28,2,6,0,1.006024,1.000683,0.994746,25,0,334,12.465185,7.465185,39,3,1,86,-100,100,0,2,80,13,172,27,0,0,3142,172,0,9,0,988,150,0,18,0,491,1,0,14,0,272,0,0,0,0,125,239,0,25,0,0,33,7,1,0,0,1,1,0,0
1,10,0,32,5,6,0,1.010915,1.005783,0.993076,31,1,459,100,100,41,4,1,0,-88,98,86,2,80,13,56,18,0,0,2966,249,0,6,0,993,139,0,12,0,488,0,0,12,0,272,0,0,0,0,213,360,0,18,0,0,17,6,0,0,0,0,0,0,0
1,10,1,15,5,6,0,0.999827,0.998667,1.006799,15,0,334,34.642347,29.642347,41,4,1,-88,0,-100,-100,0,80,13,105,15,0,0,2966,72,0,5,0,993,221,0,10,0,488,1,0,0,0,272,0,0,0,0,213,329,0,5,0,0,11,0,0,0,0,0,0,0,0
1,10,2,34,5,6,0,1.014329,1.014492,1.000282,32,1,459,29.957134,24.957134,41,4,1,98,-100,0,98,2,80,13,115,24,0,0,2966,217,0,8,0,993,152,0,16,0,488,1,0,26,0,272,0,0,0,0,213,241,0,34,0,0,53,13,0,0,0,0,0,0,0
1,10,3,29,5,6,0,1.0059,1.003568,0.994907,25,0,334,17.465185,12.465185,41,4,1,86,-100,98,0,2,80,13,193,30,0,0,2966,190,0,10,0,993,160,0,20,0,488,1,0,18,0,272,0,0,0,0,213,218,0,30,0,0,41,9,1,0,0,1,1,0,0
1,11,0,29,3,11,0,1.012935,1.008629,0.990461,27,2,584,100,100,41,4,1,0,-88,100,88,2,80,7,59,18,0,0,3134,211,0,6,0,999,145,0,12,0,510,0,0,10,0,251,0,0,2,0,96,402,8,35,0,0,4,5,18,0,0,1,1,0,0
1,11,1,15,3,11,0,0.999827,0.998667,1.006799,15,0,334,39.642347,34.642347,41,4,1,-88,0,-100,-100,0,80,7,119,15,0,0,3134,62,0,5,0,999,231,0,10,0,510,1,0,0,0,251,0,0,0,0,96,329,0,5,0,0,11,0,0,0,0,0,0,0,0
1,11,2,31,3,11,0,1.017477,1.01267,1.004154,27,1,459,34.957134,29.957134,41,4,1,100,-100,0,100,2,80,7,120,21,0,0,3134,176,0,7,0,999,159,0,14,0,510,0,0,10,0,251,2,0,11,0,96,319,44,19,0,0,57,5,1,0,0,1,1,0,0
1,11,3,27,3,11,0,1.003909,0.99812,0.9944,24,0,334,22.465185,17.465185,41,4,1,88,-100,100,0,2,80,7,212,30,0,0,3134,207,0,10,0,999,170,0,20,0,510,0,0,16,0,251,0,0,6,0,96,221,24,30,0,0,47,8,2,0,0,2,2,0,0
1,12,0,27,7,6,0,1.010329,1.008711,0.990048,26,2,584,100,100,41,4,1,0,-88,100,90,2,80,12,63,15,0,0,3126,177,0,5,0,1004,148,0,10,0,501,0,0,10,0,264,0,0,2,0,114,470,8,15,0,0,9,5,0,0,0,0,0,0,0
1,12,1,16,7,6,0,1.001405,1.00017,1.005271,15,0,334,44.642347,39.642347,41,4,1,-88,0,-100,-100,0,80,12,127,15,0,0,3126,52,0,5,0,1004,241,0,10,0,501,1,0,0,0,264,0,0,0,0,114,329,0,5,0,0,11,0,0,0,0,0,0,0,0
1,12,2,32,7,6,0,1.021408,1.013167,1.000705,27,1,459,39.957134,34.957134,41,4,1,100,-100,0,100,2,80,12,130,21,0,0,3126,202,0,7,0,1004,166,0,14,0,501,0,0,14,0,264,0,0,6,0,114,333,24,25,0,0,62,7,2,0,0,2,2,0,0
1,12,3,28,7,6,0,1.003781,1.001022,0.998635,24,0,334,27.465185,22.465185,41,4,1,90,-100,100,0,2,80,12,233,27,0,0,3126,171,0,9,0,1004,179,0,18,0,501,1,0,18,0,264,0,0,2,0,114,252,8,29,0,0,55,9,1,0,0,1,1,0,0
1,13,0,29,4,4,0,1.015962,1.010191,0.990693,26,2,584,100,100,41,4,1,0,-88,100,92,2,80,7,67,15,0,0,3070,217,0,5,0,996,153,0,10,0,538,1,0,2,0,238,0,0,6,0,160,503,24,9,0,0,9,1,1,0,0,1,1,0,0
1,13,1,16,4,4,0,1.001405,1.00017,1.005271,15,0,334,49.642347,44.642347,41,4,1,-88,0,-100,-100,0,80,7,140,15,0,0,3070,41,0,5,0,996,251,0,10,0,538,1,0,0,0,238,0,0,0,0,160,327,0,7,0,0,10,0,1,0,0,1,1,0,0
1,13,2,31,4,4,0,1.018056,1.012132,0.998776,28,2,584,44.957134,39.957134,41,4,1,100,-100,0,100,2,80,7,143,24,0,0,3070,162,0,8,0,996,174,0,16,0,538,0,0,2,0,238,6,0,12,0,160,419,48,29,0,0,45,1,18,0,0,1,1,0,0
1,13,3,27,4,4,0,1.01224,0.998174,0.997158,23,0,334,32.465185,27.465185,41,4,1,92,-100,100,0,2,80,7,255,33,0,0,3070,180,0,11,0,996,190,0,22,0,538,0,0,2,0,238,2,0,8,0,160,273,32,17,0,0,54,1,2,0,0,2,2,0,0
1,14,0,28,2,7,0,1.018669,1.007884,0.995523,25,2,584,100,100,41,4,1,0,-88,100,94,2,80,24,68,18,0,0,3078,182,0,6,0,993,159,0,12,0,539,1,0,0,0,227,0,0,15,0,194,576,60,8,0,0,8,0,1,0,0,1,1,0,0
1,14,1,16,2,7,0,1.001405,1.00017,1.005271,16,0,334,54.642347,49.642347,41,4,1,-88,0,-100,-100,0,80,24,148,15,0,0,3078,30,0,5,0,993,261,0,10,0,539,1,0,0,0,227,0,0,0,0,194,329,0,5,0,0,10,0,0,0,0,0,0,0,0
1,14,2,30,2,7,0,1.017923,1.018128,0.996612,27,2,584,49.957134,44.957134,41,4,1,100,-100,0,100,2,80,24,157,27,0,0,3078,178,0,9,0,993,183,0,18,0,539,0,0,4,0,227,7,0,11,0,194,460,44,15,0,0,46,2,1,0,0,1,1,0,0
1,14,3,24,2,7,0,1.019095,1.003594,0.992257,22,1,459,37.465185,32.465185,41,4,1,94,-100,100,0,2,80,24,272,27,0,0,3078,200,0,9,0,993,199,0,18,0,539,1,0,0,0,227,8,0,9,0,194,287,36,28,0,0,36,0,18,0,0,1,1,0,0
1,15,0,27,3,6,0,1.018766,1.005833,0.994142,24,2,584,100,100,41,4,1,0,-88,100,96,2,80,10,73,15,0,0,3070,221,0,5,0,1002,164,0,10,0,518,1,0,0,0,239,3,0,15,0,180,577,60,7,0,0,7,0,1,0,0,1,1,0,0
1,15,1,15,3,6,0,1.010652,1.006756,1.000212,15,0,334,59.642347,54.642347,41,4,1,-88,0,-100,-100,0,80,10,151,12,0,0,3070,20,0,4,0,1002,268,0,8,0,518,1,0,0,0,239,0,0,0,0,180,330,0,4,0,0,10,0,0,0,0,0,0,0,0
1,15,2,29,3,6,0,1.018937,1.01613,0.998393,26,2,584,54.957134,49.957134,41,4,1,100,-100,0,100,2,80,10,173,24,0,0,3070,180,0,8,0,1002,191,0,16,0,518,0,0,18,0,239,5,0,10,0,180,484,40,28,0,0,54,9,1,0,0,1,1,0,0
1,15,3,24,3,6,0,1.018947,1.000648,0.992165,22,1,459,42.465185,37.465185,41,4,1,96,-100,100,0,2,80,10,295,27,0,0,3070,167,0,9,0,1002,205,0,18,0,518,1,0,8,0,239,6,0,9,0,180,354,36,19,0,0,39,4,1,0,0,1,1,0,0
1,16,0,25,3,8,0,1.025621,1.004,0.995534,22,2,584,100,100,42,5,1,0,-88,98,96,2,80,19,75,15,0,0,3094,189,0,5,0,1010,169,0,10,0,520,0,0,6,0,246,0,0,9,0,239,577,36,13,0,0,9,3,1,0,0,1,1,0,0
1,16,1,17,3,8,0,1.017813,1.001651,0.999499,15,0,334,54.531934,49.531934,42,5,1,-88,0,-100,-100,0,80,19,161,12,0,0,3094,11,0,4,0,1010,275,0,8,0,520,1,0,0,0,246,0,0,0,0,239,330,0,4,0,0,10,0,0,0,0,0,0,0,0
1,16,2,27,3,8,0,1.018942,1.017541,0.997574,25,3,709,59.957134,54.957134,42,5,1,98,-100,0,100,2,80,19,177,21,0,0,3094,184,0,7,0,1010,198,0,14,0,520,0,0,12,0,246,5,0,10,0,239,494,40,38,0,0,42,6,18,0,0,1,1,0,0
1,16,3,21,3,8,0,1.016635,0.995399,0.999895,20,1,459,47.465185,42.465185,42,5,1,96,-100,100,0,2,80,19,310,24,0,0,3094,191,0,8,0,1010,213,0,16,0,520,0,0,6,0,246,4,0,8,0,239,371,32,16,0,0,41,3,1,0,0,1,1,0,0
1,17,0,25,4,5,0,1.023151,0.995382,0.999852,21,2,584,100,100,42,5,1,0,-88,100,98,2,80,28,78,12,0,0,3070,232,0,4,0,1022,173,0,8,0,512,1,0,4,0,267,0,0,2,0,165,576,8,10,0,0,10,2,1,0,0,1,1,0,0
1,17,1,18,4,5,0,1.010027,1.00567,0.998581,15,0,334,59.531934,54.531934,42,5,1,-88,0,-100,-100,0,80,28,168,12,0,0,3070,16,0,4,0,1022,282,0,8,0,512,1,0,0,0,267,0,0,0,0,165,328,0,6,0,0,9,0,1,0,0,1,1,0,0
1,17,2,26,4,5,0,1.017555,1.020269,0.995675,25,3,709,64.957134,59.957134,42,5,1,100,-100,0,100,2,80,28,182,21,0,0,3070,182,0,7,0,1022,202,0,14,0,512,0,0,14,0,267,0,0,8,0,165,523,32,23,0,0,48,7,1,0,0,1,1,0,0
1,17,3,20,4,5,0,1.023578,0.999195,1.00147,19,2,584,52.465185,47.465185,42,5,1,98,-100,100,0,2,80,28,321,21,0,0,3070,163,0,7,0,1022,220,0,14,0,512,0,0,10,0,267,0,0,4,0,165,403,16,34,0,0,29,5,17,0,0,0,0,0,0
1,18,0,24,2,8,0,1.027877,0.993005,0.994567,20,2,584,100,100,42,5,1,0,-88,100,98,2,80,25,76,12,0,0,3098,203,0,4,0,1022,177,0,8,0,521,1,0,6,0,266,0,0,0,0,270,570,0,14,0,0,11,3,2,0,0,2,2,0,0
1,18,1,18,2,8,0,1.000551,0.996295,1.000756,15,0,334,64.531934,59.531934,42,5,1,-88,0,-100,-100,0,80,25,171,12,0,0,3098,6,0,4,0,1022,289,0,8,0,521,1,0,0,0,266,0,0,0,0,270,328,0,6,0,0,8,0,1,0,0,1,1,0,0
1,18,2,25,2,8,0,1.017235,1.017875,0.997237,25,3,709,69.957134,64.957134,42,5,1,100,-100,0,100,2,80,25,193,21,0,0,3098,189,0,7,0,1022,206,0,14,0,521,1,0,8,0,266,0,0,4,0,270,527,16,15,0,0,52,4,0,0,0,0,0,0,0
1,18,3,16,2,8,0,1.036794,0.992299,0.996127,15,2,584,57.465185,52.465185,42,5,1,98,-100,100,0,2,80,25,336,18,0,0,3098,177,0,6,0,1022,226,0,12,0,521,1,0,4,0,266,0,0,2,0,270,399,8,12,0,0,30,2,1,0,0,1,1,0,0
1,19,0,24,3,6,0,1.031873,0.988522,0.993944,21,2,584,100,100,43,6,1,0,-88,98,98,2,80,27,73,12,0,0,3106,175,0,4,0,1082,169,0,8,0,532,0,0,4,0,245,0,0,3,0,154,578,12,10,0,0,12,2,1,0,0,1,1,0,0
1,19,1,19,3,6,0,1.001719,1.000516,1.000151,16,0,334,55.788084,50.788084,43,6,1,-88,0,-100,-100,0,80,27,174,12,0,0,3106,6,0,4,0,1082,281,0,8,0,532,1,0,0,0,245,0,0,0,0,154,328,0,6,0,0,7,0,1,0,0,1,1,0,0
1,19,2,23,3,6,0,1.018303,1.018597,1.00168,22,3,709,74.957134,69.957134,43,6,1,98,-100,0,100,2,80,27,202,18,0,0,3106,198,0,6,0,1082,200,0,12,0,532,1,0,6,0,245,6,0,9,0,154,563,36,12,0,0,55,3,0,0,0,0,0,0,0
1,19,3,14,3,6,0,1.038598,0.98918,1.002028,14,2,584,62.465185,57.465185,43,6,1,98,-100,100,0,2,80,27,349,15,0,0,3106,188,0,5,0,1082,216,0,10,0,532,1,0,0,0,245,3,0,6,0,154,424,24,5,0,0,30,0,0,0,0,0,0,0,0
1,20,0,24,2,5,0,1.023473,0.986059,0.992015,21,2,584,100,100,44,7,1,0,-88,96,96,2,80,32,78,12,0,0,3088,227,0,4,0,1037,173,0,8,0,541,0,0,0,0,248,0,0,9,0,157,578,36,6,0,0,11,0,1,0,0,1,1,0,0
1,20,1,18,2,5,0,1.004294,1.002981,0.998252,17,0,334,34.223122,29.223122,44,7,1,-88,0,-100,-100,0,80,32,178,12,0,0,3088,15,0,4,0,1037,288,0,8,0,541,1,0,0,0,248,0,0,0,0,157,328,0,6,0,0,6,0,1,0,0,1,1,0,0
1,20,2,23,2,5,0,1.022131,1.022817,1.002178,21,4,834,79.957134,74.957134,44,7,1,96,-100,0,100,2,80,32,204,15,0,0,3088,170,0,5,0,1037,205,0,10,0,541,0,0,4,0,248,2,0,10,0,157,627,40,28,0,0,39,2,18,0,0,1,1,0,0
1,20,3,12,2,5,0,1.036633,0.993281,1.005052,12,2,584,67.465185,62.465185,44,7,1,96,-100,100,0,2,80,32,353,9,0,0,3088,171,0,3,0,1037,219,0,6,0,541,1,0,0,0,248,6,0,6,0,157,470,24,3,0,0,30,0,0,0,0,0,0,0,0
1,21,0,24,7,8,0,1.028056,0.989059,0.991865,21,2,584,100,100,45,8,1,0,-88,96,96,2,80,29,79,12,0,0,3105,199,0,4,0,1037,177,0,8,0,523,0,0,8,0,272,0,0,0,0,172,570,0,14,0,0,14,4,1,0,0,1,1,0,0
1,21,1,18,7,8,0,1.019743,1.000062,0.992454,15,0,334,26.632107,21.632107,45,8,1,-88,0,-100,-100,0,80,29,184,12,0,0,3105,6,0,4,0,1037,295,0,8,0,523,1,0,0,0,272,0,0,0,0,172,330,0,4,0,0,6,0,0,0,0,0,0,0,0
1,21,2,23,7,8,0,1.027219,1.023679,1.00397,21,4,834,84.957134,79.957134,45,8,1,96,-100,0,98,2,80,29,211,15,0,0,3105,190,0,5,0,1037,210,0,10,0,523,1,0,10,0,272,0,0,2,0,172,624,8,17,0,0,43,5,1,0,0,1,1,0,0
1,21,3,11,7,8,0,1.026766,0.992446,0.997621,9,2,584,72.465185,67.465185,45,8,1,96,-100,98,0,2,80,29,361,9,0,0,3105,172,0,3,0,1037,222,0,6,0,523,1,0,2,0,272,3,0,3,0,172,480,12,5,0,0,31,1,0,0,0,0,0,0,0
1,22,0,15,3,18,0,1.019583,0.976477,0.999167,12,3,709,100,100,47,10,1,0,-88,94,92,2,80,29,75,9,0,0,3154,172,0,3,0,1038,180,0,6,0,518,1,0,8,0,272,0,0,0,0,216,554,0,30,0,0,0,4,18,0,0,1,1,0,0
1,22,1,16,3,18,0,1.015817,0.994135,0.997539,14,0,334,14.969872,9.969872,47,10,1,-88,0,-100,-100,0,80,29,192,15,0,0,3154,5,0,5,0,1038,305,0,10,0,518,1,0,0,0,272,0,0,0,0,216,327,0,7,0,0,5,0,1,0,0,1,1,0,0
1,22,2,21,3,18,0,1.027644,1.029257,1.005395,19,4,834,89.957134,84.957134,47,10,1,94,-100,0,96,2,80,29,217,15,0,0,3154,162,0,5,0,1038,215,0,10,0,518,1,0,12,0,272,0,0,0,0,216,626,0,19,0,0,48,6,1,0,0,1,1,0,0
1,22,3,9,3,18,0,1.022725,0.999155,0.995789,7,2,584,77.465185,72.465185,47,10,1,92,-100,96,0,2,80,29,365,6,0,0,3154,183,0,2,0,1038,224,0,4,0,518,0,0,4,0,272,0,0,3,0,216,484,12,8,0,0,32,2,1,0,0,1,1,0,0
1,23,0,15,4,10,0,1.031265,0.979812,1.0118,11,3,709,100,100,48,11,1,0,-88,94,92,2,80,25,86,9,0,0,3099,194,0,3,0,1036,183,0,6,0,544,1,0,0,0,236,0,0,6,0,242,578,24,3,0,0,0,0,0,0,0,0,0,0,0
1,23,1,17,4,10,0,1.015587,0.994896,0.995121,15,0,334,5,0,48,11,1,-88,0,-100,-100,0,80,25,209,18,0,0,3099,4,0,6,0,1036,314,0,12,0,544,1,0,0,0,236,0,0,0,0,242,326,0,8,0,0,4,0,1,0,0,1,1,0,0
1,23,2,18,4,10,0,1.027869,1.032906,1.009589,16,4,834,94.957134,89.957134,48,11,1,94,-100,0,94,2,80,25,224,15,0,0,3099,176,0,5,0,1036,217,0,10,0,544,1,0,0,0,236,0,0,9,0,242,672,36,7,0,0,47,0,1,0,0,1,1,0,0
1,23,3,5,4,10,0,1.026949,0.991204,1.028168,4,3,709,82.465185,77.465185,48,11,1,92,-100,94,0,2,80,25,365,3,0,0,3099,173,0,1,0,1036,225,0,2,0,544,0,0,0,0,236,0,0,0,0,242,485,0,20,0,0,14,0,18,0,0,1,1,0,0
1,24,0,16,1,2,0,1.034311,0.979202,1.013682,11,3,709,100,100,49,12,1,0,-88,92,92,2,80,29,93,9,0,0,3137,176,0,3,0,1037,186,0,6,0,537,1,0,6,0,271,0,0,0,0,175,619,0,13,0,0,1,3,2,0,0,2,2,0,0
1,24,1,17,1,2,0,1.015587,0.994896,0.995121,16,0,334,5,0,49,12,1,-88,0,-100,-100,0,80,29,226,21,0,0,3137,3,0,7,0,1037,320,0,14,0,537,1,0,0,0,271,0,0,0,0,175,325,0,9,0,0,3,0,1,0,0,1,1,0,0
1,24,2,18,1,2,0,1.027869,1.032906,1.009589,17,4,834,99.957134,94.957134,49,12,1,92,-100,0,92,2,80,29,236,15,0,0,3137,193,0,5,0,1037,219,0,10,0,537,0,0,2,0,271,0,0,1,0,175,687,4,9,0,0,47,1,1,0,0,1,1,0,0
1,24,3,3,1,2,0,1.043292,0.991249,1.020748,3,3,709,87.465185,82.465185,49,12,1,92,-100,92,0,2,80,29,366,0,0,0,3137,168,0,0,0,1037,225,0,0,0,537,0,0,0,0,271,0,0,0,0,175,499,0,0,0,0,14,0,0,0,0,0,0,0,0
1,25,0,15,2,5,0,1.037049,0.979302,1.019393,12,3,709,100,100,49,12,1,0,-88,92,92,1,80,38,100,9,0,0,3128,205,0,3,0,1037,189,0,6,0,544,1,0,0,0,254,0,0,9,0,223,656,36,5,0,0,0,0,1,0,0,1,1,0,0
1,25,1,18,2,5,0,1.016387,0.993945,0.998113,17,0,334,10,5,49,12,1,-88,0,-100,-100,0,80,38,245,21,0,0,3128,3,0,7,0,1037,320,0,14,0,544,1,0,0,0,254,0,0,0,0,223,327,0,7,0,0,3,0,0,0,0,0,0,0,0
1,25,2,18,2,5,0,1.040078,1.032673,1.007568,17,5,959,100,99.957134,49,12,1,92,-100,0,94,1,80,38,245,15,0,0,3128,170,0,5,0,1037,221,0,10,0,544,0,0,0,0,254,0,0,9,0,223,735,36,22,0,0,30,0,17,0,0,0,0,0,0
1,25,3,0,2,5,0,0,0,0,0,3,709,87.465185,87.465185,49,12,1,92,-100,94,0,0,80,38,363,0,0,0,3128,165,0,0,0,1037,225,0,0,0,544,0,0,0,0,254,0,0,0,0,223,499,0,0,0,0,14,0,0,0,0,0,0,0,0
1,26,0,14,2,3,0,1.036483,0.977232,1.022824,12,3,709,100,100,49,12,1,0,-88,92,92,1,80,45,103,9,0,0,3117,187,0,3,0,1040,192,0,6,0,537,1,0,6,0,263,0,0,3,0,300,657,12,11,0,0,2,3,1,0,0,1,1,0,0
1,26,1,19,2,3,0,1.019799,0.992271,0.997611,17,0,334,15,10,49,12,1,-88,0,-100,-100,0,80,45,259,21,0,0,3117,13,0,7,0,1040,320,0,14,0,537,1,0,0,0,263,0,0,0,0,300,318,0,9,0,0,2,0,1,0,0,1,1,0,0
1,26,2,17,2,3,0,1.046924,1.033754,1.008537,15,5,959,100,100,49,12,1,92,-100,0,94,1,80,45,250,12,0,0,3117,188,0,4,0,1040,222,0,8,0,537,1,0,0,0,263,0,0,6,0,300,753,24,6,0,0,29,0,1,0,0,1,1,0,0
1,26,3,0,2,3,0,0,0,0,0,3,709,87.465185,87.465185,49,12,1,92,-100,94,0,0,80,45,363,0,0,0,3117,165,0,0,0,1040,225,0,0,0,537,0,0,0,0,263,0,0,0,0,300,499,0,0,0,0,14,0,0,0,0,0,0,0,0
1,27,0,11,3,11,0,1.040437,0.965545,1.015422,10,3,709,100,100,49,12,1,0,-88,92,92,1,80,35,106,6,0,0,3164,171,0,2,0,1043,194,0,4,0,544,1,0,0,0,259,0,0,6,0,169,705,24,4,0,0,1,0,1,0,0,1,1,0,0
1,27,1,15,3,11,0,1.017165,1.002955,0.981574,13,0,334,20,15,49,12,1,-88,0,-100,-100,0,80,35,278,21,0,0,3164,23,0,7,0,1043,320,0,14,0,544,1,0,0,0,259,0,0,0,0,169,319,0,9,0,0,1,0,1,0,0,1,1,0,0
1,27,2,16,3,11,0,1.047395,1.033546,1.014735,14,5,959,100,100,49,12,1,92,-100,0,94,1,80,35,259,12,0,0,3164,167,0,4,0,1043,223,0,8,0,544,1,0,0,0,259,0,0,7,0,169,814,28,4,0,0,29,0,0,0,0,0,0,0,0
1,27,3,0,3,11,0,0,0,0,0,3,709,87.465185,87.465185,49,12,1,92,-100,94,0,0,80,35,363,0,0,0,3164,165,0,0,0,1043,225,0,0,0,544,0,0,0,0,259,0,0,0,0,169,499,0,0,0,0,14,0,0,0,0,0,0,0,0
1,28,0,10,0,11,0,1.039337,0.974095,1.013967,10,3,709,100,100,50,12,1,0,-90,98,92,1,80,52,108,3,0,0,3118,199,0,1,0,1035,195,0,2,0,544,1,0,0,0,260,3,0,6,0,284,708,24,1,0,0,1,0,0,0,0,0,0,0,0
1,28,1,10,0,11,0,1.012842,1.011294,0.986833,9,0,334,25,20,50,12,1,-90,0,-100,-100,0,80,52,290,21,0,0,3118,11,0,7,0,1035,320,0,14,0,544,1,0,0,0,260,0,0,0,0,284,310,0,9,0,0,0,0,1,0,0,1,1,0,0
1,28,2,11,0,11,0,1.035681,1.04236,1.005459,9,6,1084,94.663144,89.663144,50,12,1,98,-100,0,100,1,80,52,264,15,0,0,3118,162,0,5,0,1035,225,0,10,0,544,1,0,0,0,260,0,0,3,0,284,802,12,24,0,0,11,0,18,0,0,1,1,0,0
1,28,3,0,0,11,0,0,0,0,0,3,709,87.465185,87.465185,50,12,1,92,-100,100,0,0,80,52,363,0,0,0,3118,165,0,0,0,1035,225,0,0,0,544,0,0,0,0,260,0,0,0,0,284,499,0,0,0,0,14,0,0,0,0,0,0,0,0
1,29,0,8,2,5,0,1.032122,0.963286,1.0256,8,3,709,100,100,51,12,1,0,-92,100,92,1,80,50,98,0,0,0,3184,189,0,0,0,1046,195,0,0,0,533,0,0,10,0,270,0,0,3,0,253,703,12,10,0,0,6,5,0,0,0,0,0,0,0
1,29,1,11,2,5,0,1.021002,1.013554,0.980162,9,0,334,30,25,51,12,1,-92,0,-100,-100,0,80,50,297,3,0,0,3184,0,0,1,0,1046,332,0,2,0,533,1,0,0,0,270,0,0,0,0,253,316,0,1,0,0,0,0,0,0,0,0,0,0,0
1,29,2,9,2,5,0,1.026071,1.02566,1.005538,8,6,1084,87.929948,82.929948,51,12,1,100,-100,0,100,1,80,50,273,12,0,0,3184,155,0,4,0,1046,229,0,8,0,533,1,0,2,0,270,0,0,2,0,253,802,8,8,0,0,11,1,1,0,0,1,1,0,0
1,29,3,0,2,5,0,0,0,0,0,3,709,87.465185,87.465185,51,12,1,92,-100,100,0,0,80,50,363,0,0,0,3184,165,0,0,0,1046,225,0,0,0,533,0,0,0,0,270,0,0,0,0,253,499,0,0,0,0,14,0,0,0,0,0,0,0,0
1,30,0,7,1,4,0,1.030824,0.97492,1.024436,7,3,709,100,100,51,12,1,0,-92,100,92,1,80,49,96,0,0,0,3181,181,0,0,0,1041,195,0,0,0,536,0,0,6,0,272,0,0,0,0,253,703,0,6,0,0,9,3,0,0,0,0,0,0,0
1,30,1,11,1,4,0,1.019248,1.014438,0.980881,8,0,334,35,30,51,12,1,-92,0,-100,-100,0,80,49,295,0,0,0,3181,0,0,0,0,1041,334,0,0,0,536,1,0,0,0,272,0,0,0,0,253,331,0,0,0,0,0,0,0,0,0,0,0,0,0
1,30,2,7,1,4,0,1.041373,1.030308,1.00661,7,6,1084,92.929948,87.929948,51,12,1,100,-100,0,100,1,80,49,283,12,0,0,3181,150,0,4,0,1041,233,0,8,0,536,1,0,2,0,272,0,0,0,0,253,796,0,6,0,0,12,1,0,0,0,0,0,0,0
1,30,3,0,1,4,0,0,0,0,0,3,709,87.465185,87.465185,51,12,1,92,-100,100,0,0,80,49,363,0,0,0,3181,165,0,0,0,1041,225,0,0,0,536,0,0,0,0,272,0,0,0,0,253,499,0,0,0,0,14,0,0,0,0,0,0,0,0
1,31,0,6,1,3,0,1.026848,0.969844,1.018233,6,3,709,100,100,51,12,1,0,-92,100,92,1,80,49,96,0,0,0,3171,174,0,0,0,1049,195,0,0,0,536,0,0,6,0,272,0,0,0,0,261,703,0,6,0,0,12,3,0,0,0,0,0,0,0
1,31,1,11,1,3,0,1.019248,1.014438,0.980881,8,0,334,40,35,51,12,1,-92,0,-100,-100,0,80,49,317,21,0,0,3171,3,0,7,0,1049,320,0,14,0,536,1,0,0,0,272,0,0,0,0,261,327,0,7,0,0,0,0,0,0,0,0,0,0,0
1,31,2,6,1,3,0,1.034741,1.028137,1.013661,5,6,1084,97.929948,92.929948,51,12,1,100,-100,0,100,1,80,49,293,9,0,0,3171,148,0,3,0,1049,236,0,6,0,536,1,0,2,0,272,0,0,0,0,261,791,0,5,0,0,13,1,0,0,0,0,0,0,0
1,31,3,0,1,3,0,0,0,0,0,3,709,87.465185,87.465185,51,12,1,92,-100,100,0,0,80,49,363,0,0,0,3171,165,0,0,0,1049,225,0,0,0,536,0,0,0,0,272,0,0,0,0,261,499,0,0,0,0,14,0,0,0,0,0,0,0,0
1,32,0,5,1,6,0,1.02421,0.973308,1.027311,5,3,709,100,100,51,12,1,0,-92,100,92,1,80,53,97,0,0,0,3166,168,0,0,0,1052,195,0,0,0,538,0,0,6,0,272,0,0,0,0,277,703,0,6,0,0,15,3,0,0,0,0,0,0,0
1,32,1,9,1,6,0,1.01469,1.015961,0.98438,5,0,334,45,40,51,12,1,-92,0,-100,-100,0,80,53,334,18,0,0,3166,4,0,6,0,1052,322,0,12,0,538,1,0,0,0,272,0,0,0,0,277,326,0,6,0,0,0,0,0,0,0,0,0,0,0
1,32,2,4,1,6,0,1.059854,1.003721,1.023497,3,6,1084,100,97.929948,51,12,1,100,-100,0,100,1,80,53,301,6,0,0,3166,156,0,2,0,1052,238,0,4,0,538,1,0,0,0,272,0,0,0,0,277,789,0,2,0,0,13,0,0,0,0,0,0,0,0
1,32,3,0,1,6,0,0,0,0,0,3,709,87.465185,87.465185,51,12,1,92,-100,100,0,0,80,53,363,0,0,0,3166,165,0,0,0,1052,225,0,0,0,538,0,0,0,0,272,0,0,0,0,277,499,0,0,0,0,14,0,0,0,0,0,0,0,0
1,33,0,4,0,3,0,1.022522,0.973664,1.031663,4,3,709,100,100,51,12,1,0,-92,100,92,1,80,60,98,0,0,0,3161,179,0,0,0,1064,195,0,0,0,537,1,0,2,0,272,0,0,0,0,295,701,0,2,0,0,16,1,0,0,0,0,0,0,0
1,33,1,8,0,3,0,1.014667,1.015399,0.97519,4,0,334,50,45,51,12,1,-92,0,-100,-100,0,80,60,334,15,0,0,3161,5,0,5,0,1064,324,0,10,0,537,1,0,4,0,272,0,0,0,0,295,320,0,11,0,0,1,2,1,0,0,1,1,0,0
1,33,2,3,0,3,0,1.037894,1.007727,1.023482,2,6,1084,100,100,51,12,1,100,-100,0,100,1,80,60,307,6,0,0,3161,158,0,2,0,1064,237,0,4,0,537,1,0,0,0,272,0,0,0,0,295,787,0,2,0,0,13,0,0,0,0,0,0,0,0
1,33,3,0,0,3,0,0,0,0,0,3,709,87.465185,87.465185,51,12,1,92,-100,100,0,0,80,60,363,0,0,0,3161,165,0,0,0,1064,225,0,0,0,537,0,0,0,0,272,0,0,0,0,295,499,0,0,0,0,14,0,0,0,0,0,0,0,0
1,34,0,4,1,2,0,1.022522,0.973664,1.031663,4,3,709,100,100,51,12,1,0,-92,100,92,1,80,68,96,0,0,0,3179,175,0,0,0,1072,195,0,0,0,539,1,0,0,0,272,0,0,0,0,287,709,0,0,0,0,16,0,0,0,0,0,0,0,0
1,34,1,8,1,2,0,1.005344,1.014982,0.974633,4,0,334,55,50,51,12,1,-92,0,-100,-100,0,80,68,334,12,0,0,3179,6,0,4,0,1072,326,0,8,0,539,2,0,4,0,272,0,0,0,0,287,315,0,10,0,0,2,2,1,0,0,1,1,0,0
1,34,2,2,1,2,0,1.047696,1.033984,1.038379,1,6,1084,100,100,51,12,1,100,-100,0,100,1,80,68,309,3,0,0,3179,162,0,1,0,1072,235,0,2,0,539,1,0,0,0,272,0,0,0,0,287,786,0,1,0,0,13,0,0,0,0,0,0,0,0
1,34,3,0,1,2,0,0,0,0,0,3,709,87.465185,87.465185,51,12,1,92,-100,100,0,0,80,68,363,0,0,0,3179,165,0,0,0,1072,225,0,0,0,539,0,0,0,0,272,0,0,0,0,287,499,0,0,0,0,14,0,0,0,0,0,0,0,0
1,35,0,4,0,2,0,1.022522,0.973664,1.031663,4,4,834,100,100,51,12,1,0,-92,100,92,0,80,67,96,0,0,0,3198,171,0,0,0,1073,195,0,0,0,539,0,0,4,0,272,0,0,0,0,282,688,0,21,0,0,1,2,17,0,0,0,0,0,0
1,35,1,8,0,2,0,1.005344,1.014982,0.974633,5,0,334,60,55,51,12,1,-92,0,-100,-100,0,80,67,334,0,0,0,3198,0,0,0,0,1073,334,0,0,0,539,0,0,4,0,272,0,0,0,0,282,317,0,8,0,0,2,2,2,0,0,2,2,0,0
1,35,2,0,0,2,0,0,0,0,0,6,1084,100,100,51,12,1,100,-100,0,100,0,80,67,307,0,0,0,3198,160,0,0,0,1073,235,0,0,0,539,1,0,0,0,272,0,0,0,0,282,786,0,0,0,0,13,0,0,0,0,0,0,0,0
1,35,3,0,0,2,0,0,0,0,0,3,709,87.465185,87.465185,51,12,1,92,-100,100,0,0,80,67,363,0,0,0,3198,165,0,0,0,1073,225,0,0,0,539,0,0,0,0,272,0,0,0,0,282,499,0,0,0,0,14,0,0,0,0,0,0,0,0
1,36,0,5,1,0,0,1.037213,0.961498,1.05416,4,4,834,100,100,51,12,0,0,-92,100,92,0,80,65,100,0,0,0,3182,167,0,0,0,1073,195,0,0,0,536,1,0,2,0,272,0,0,0,0,284,702,0,2,0,0,2,1,0,0,0,0,0,0,0
1,36,1,8,1,0,0,1.005344,1.014982,0.974633,7,0,334,65,60,51,12,0,-92,0,-100,-100,0,80,65,334,12,0,0,3182,6,0,4,0,1073,326,0,8,0,536,1,0,4,0,272,0,0,0,0,284,307,0,10,0,0,3,2,1,0,0,1,1,0,0
1,36,2,0,1,0,0,0,0,0,0,6,1084,100,100,51,12,0,100,-100,0,100,0,80,65,307,0,0,0,3182,160,0,0,0,1073,235,0,0,0,536,1,0,0,0,272,0,0,0,0,284,786,0,0,0,0,13,0,0,0,0,0,0,0,0
1,36,3,0,1,0,0,0,0,0,0,3,709,87.465185,87.465185,51,12,0,92,-100,100,0,0,80,65,363,0,0,0,3182,165,0,0,0,1073,225,0,0,0,536,0,0,0,0,272,0,0,0,0,284,499,0,0,0,0,14,0,0,0,0,0,0,0,0
1,37,0,5,0,0,0,1.037213,0.961498,1.05416,4,4,834,100,100,51,12,0,0,-92,100,92,0,80,62,104,0,0,0,3172,178,0,0,0,1073,195,0,0,0,541,1,0,0,0,269,0,0,3,0,300,712,12,2,0,0,1,0,1,0,0,1,1,0,0
1,37,1,8,0,0,0,1.005344,1.014982,0.974633,8,0,334,70,65,51,12,0,-92,0,-100,-100,0,80,62,334,12,0,0,3172,6,0,4,0,1073,326,0,8,0,541,0,0,4,0,269,0,0,0,0,300,299,0,8,0,0,5,2,0,0,0,0,0,0,0
1,37,2,0,0,0,0,0,0,0,0,6,1084,100,100,51,12,0,100,-100,0,100,0,80,62,307,0,0,0,3172,160,0,0,0,1073,235,0,0,0,541,1,0,0,0,269,0,0,0,0,300,786,0,0,0,0,13,0,0,0,0,0,0,0,0
1,37,3,0,0,0,0,0,0,0,0,3,709,87.465185,87.465185,51,12,0,92,-100,100,0,0,80,62,363,0,0,0,3172,165,0,0,0,1073,225,0,0,0,541,0,0,0,0,269,0,0,0,0,300,499,0,0,0,0,14,0,0,0,0,0,0,0,0
1,38,0,1,0,6,0,1.080004,0.97005,1.041921,1,4,834,100,100,51,12,0,0,-92,100,92,0,80,61,101,0,0,0,3188,173,0,0,0,1073,195,0,0,0,542,1,0,0,0,269,3,0,0,0,300,712,0,0,0,0,1,0,0,0,0,0,0,0,0
1,38,1,6,0,6,0,0.994058,1.011431,0.971533,6,0,334,75,70,51,12,0,-92,0,-100,-100,0,80,61,334,12,0,0,3188,6,0,4,0,1073,326,0,8,0,542,0,0,2,0,269,0,0,0,0,300,293,0,6,0,0,6,1,0,0,0,0,0,0,0
1,38,2,0,0,6,0,0,0,0,0,6,1084,100,100,51,12,0,100,-100,0,100,0,80,61,307,0,0,0,3188,160,0,0,0,1073,235,0,0,0,542,1,0,0,0,269,0,0,0,0,300,786,0,0,0,0,13,0,0,0,0,0,0,0,0
1,38,3,0,0,6,0,0,0,0,0,3,709,87.465185,87.465185,51,12,0,92,-100,100,0,0,80,61,363,0,0,0,3188,165,0,0,0,1073,225,0,0,0,542,0,0,0,0,269,0,0,0,0,300,499,0,0,0,0,14,0,0,0,0,0,0,0,0
1,39,0,1,0,0,0,1.080004,0.97005,1.041921,1,4,834,100,100,51,12,0,0,-92,100,92,0,80,68,100,0,0,0,3190,172,0,0,0,1075,195,0,0,0,542,2,0,0,0,272,3,0,0,0,300,712,0,0,0,0,1,0,0,0,0,0,0,0,0
1,39,1,6,0,0,0,0.994058,1.011431,0.971533,6,0,334,80,75,51,12,0,-92,0,-100,-100,0,80,68,334,12,0,0,3190,6,0,4,0,1075,326,0,8,0,542,1,0,0,0,272,0,0,0,0,300,289,0,4,0,0,6,0,0,0,0,0,0,0,0
1,39,2,0,0,0,0,0,0,0,0,6,1084,100,100,51,12,0,100,-100,0,100,0,80,68,307,0,0,0,3190,160,0,0,0,1075,235,0,0,0,542,1,0,0,0,272,0,0,0,0,300,786,0,0,0,0,13,0,0,0,0,0,0,0,0
1,39,3,0,0,0,0,0,0,0,0,3,709,87.465185,87.465185,51,12,0,92,-100,100,0,0,80,68,363,0,0,0,3190,165,0,0,0,1075,225,0,0,0,542,0,0,0,0,272,0,0,0,0,300,499,0,0,0,0,14,0,0,0,0,0,0,0,0
1,40,0,1,0,0,0,1.080004,0.97005,1.041921,1,4,834,100,100,51,12,0,0,-92,100,92,0,80,70,99,0,0,0,3190,171,0,0,0,1073,195,0,0,0,544,2,0,0,0,267,3,0,0,0,300,712,0,0,0,0,1,0,0,0,0,0,0,0,0
1,40,1,6,0,0,0,0.994058,1.011431,0.971533,6,0,334,85,80,51,12,0,-92,0,-100,-100,0,80,70,334,12,0,0,3190,6,0,4,0,1073,326,0,8,0,544,1,0,0,0,267,4,0,1,0,300,289,4,4,0,0,6,0,0,0,0,0,0,0,0
1,40,2,0,0,0,0,0,0,0,0,6,1084,100,100,51,12,0,100,-100,0,100,0,80,70,307,0,0,0,3190,160,0,0,0,1073,235,0,0,0,544,1,0,0,0,267,0,0,0,0,300,786,0,0,0,0,13,0,0,0,0,0,0,0,0
1,40,3,0,0,0,0,0,0,0,0,3,709,87.465185,87.465185,51,12,0,92,-100,100,0,0,80,70,363,0,0,0,3190,165,0,0,0,1073,225,0,0,0,544,0,0,0,0,267,0,0,0,0,300,499,0,0,0,0,14,0,0,0,0,0,0,0,0
2,1,0,51,5,4,0,0.998822,1.007155,0.99508,0,0,334,100,100,5,0,0,0,-26,2,20,1,80,0,56,36,0,0,2792,201,0,12,0,911,62,0,24,0,382,24,0,48,0,272,1,0,24,0,142,121,96,78,0,0,15,24,9,0,0,9,9,0,0
2,1,1,50,5,4,0,0.99523,1.00569,0.997793,0,0,334,100,100,5,0,0,-26,0,-26,-38,0,80,0,58,39,0,0,2792,224,0,13,0,911,84,0,26,0,382,34,0,48,0,272,1,0,24,0,142,137,96,79,0,0,15,24,9,0,0,9,9,0,0
2,1,2,51,5,4,0,0.995543,1.004855,0.995153,0,0,334,100,100,5,0,0,2,-26,0,20,1,80,0,60,39,0,0,2792,200,0,13,0,911,63,0,26,0,382,24,0,48,0,272,1,0,24,0,142,120,96,79,0,0,15,24,9,0,0,9,9,0,0
2,1,3,49,5,4,0,0.993001,1.002565,0.996037,0,0,334,81.891935,76.891935,5,0,0,20,-38,20,0,2,80,0,59,39,0,0,2792,192,0,13,0,911,63,0,26,0,382,28,0,44,0,272,3,0,22,0,142,110,88,75,0,0,13,22,9,0,0,9,9,0,0
2,2,0,50,5,39,0,1.003548,1.003932,0.992105,7,0,334,100,100,10,0,1,0,-32,12,28,1,80,4,61,36,0,0,2912,234,0,12,0,917,74,0,24,0,431,4,0,48,0,272,0,0,1,0,170,79,4,78,0,0,30,24,9,0,0,9,9,0,0
2,2,1,29,5,39,0,1.001607,0.987969,0.981311,7,0,334,77.293545,72.293545,10,0,1,-32,0,-52,-48,0,80,4,58,39,0,0,2912,161,0,13,0,917,118,0,26,0,431,43,0,16,0,272,0,0,1,0,170,122,4,35,0,0,20,8,3,0,0,3,3,0,0
2,2,2,48,5,39,0,0.996168,1.00466,0.989996,8,0,334,85.605481,80.605481,10,0,1,12,-52,0,36,1,80,4,69,39,0,0,2912,216,0,13,0,917,76,0,26,0,431,7,0,44,0,272,0,0,1,0,170,81,4,75,0,0,28,22,9,0,0,9,9,0,0
2,2,3,40,5,39,0,1.002034,0.995545,0.998021,6,0,334,78.173839,73.173839,10,0,1,28,-48,36,0,2,80,4,65,33,0,0,2912,212,0,11,0,917,74,0,22,0,431,24,0,32,0,272,0,0,3,0,170,85,12,55,0,0,23,16,6,0,0,6,6,0,0
2,3,0,46,5,18,0,1.000266,1.004789,0.991974,14,0,334,100,100,17,0,1,0,-42,40,30,2,80,2,55,30,0,0,3160,174,0,10,0,911,84,0,20,0,441,1,0,32,0,272,0,0,0,0,64,94,0,60,0,0,37,16,9,0,0,9,9,0,0
2,3,1,27,5,18,0,1.003944,0.994114,0.981593,9,0,334,48.128505,43.128505,17,0,1,-42,0,-94,-58,0,80,2,76,30,0,0,3160,162,0,10,0,911,143,0,20,0,441,49,0,14,0,272,0,0,0,0,64,103,0,30,0,0,24,7,3,0,0,3,3,0,0
2,3,2,41,5,18,0,0.996554,1.012531,0.985455,16,0,334,30.816663,25.816663,17,0,1,40,-94,0,64,2,80,2,80,39,0,0,3160,155,0,13,0,911,89,0,26,0,441,1,0,26,0,272,0,0,0,0,64,92,0,57,0,0,32,13,9,0,0,9,9,0,0
2,3,3,40,5,18,0,1.003693,0.997872,0.994955,10,0,334,83.173839,78.173839,17,0,1,30,-58,64,0,2,80,2,84,39,0,0,3160,159,0,13,0,911,87,0,26,0,441,25,0,28,0,272,0,0,0,0,64,109,0,51,0,0,32,14,5,0,0,5,5,0,0
2,4,0,45,1,17,0,0.998091,1.006086,0.99234,22,0,334,100,100,21,1,1,0,-48,58,30,2,80,2,54,30,0,0,2965,203,0,10,0,938,91,0,20,0,477,0,0,28,0,272,0,0,0,0,176,74,0,56,0,0,42,14,9,0,0,9,9,0,0
2,4,1,21,1,17,0,0.993769,1.004175,0.977254,11,0,334,39.351357,34.351357,21,1,1,-48,0,-100,-70,0,80,2,81,21,0,0,2965,160,0,7,0,938,159,0,14,0,477,38,0,16,0,272,0,0,0,0,176,99,0,31,0,0,28,8,4,0,0,4,4,0,0
2,4,2,35,1,17,0,0.996354,1.012947,0.985913,23,0,334,5,0,21,1,1,58,-100,0,82,2,80,2,90,33,0,0,2965,147,0,11,0,938,100,0,22,0,477,1,0,12,0,272,0,0,0,0,176,89,0,35,0,0,32,6,6,0,0,6,6,0,0
2,4,3,37,1,17,0,0.997634,1.000035,0.993737,13,0,334,88.173839,83.173839,21,1,1,30,-70,82,0,2,80,2,97,36,0,0,2965,171,0,12,0,938,99,0,24,0,477,16,0,28,0,272,0,0,0,0,176,82,0,50,0,0,41,14,5,0,0,5,5,0,0
2,5,0,47,8,8,0,1.002572,1.004668,0.993558,31,0,334,100,100,23,2,1,0,-50,64,30,2,80,3,59,30,0,0,2950,236,0,10,0,965,98,0,20,0,483,0,0,20,0,243,0,0,12,0,205,108,48,44,0,0,45,10,7,0,0,7,7,0,0
2,5,1,20,8,8,0,0.99723,1.002207,0.979531,14,0,334,34.90439,29.90439,23,2,1,-50,0,-100,-78,0,80,3,95,21,0,0,2950,182,0,7,0,965,175,0,14,0,483,32,0,16,0,243,0,0,0,0,205,85,0,29,0,0,33,8,3,0,0,3,3,0,0
2,5,2,35,8,8,0,0.990524,1.014386,0.984694,28,0,334,5,0,23,2,1,64,-100,0,88,2,80,3,107,33,0,0,2950,144,0,11,0,965,111,0,22,0,483,0,0,18,0,243,0,0,3,0,205,93,12,35,0,0,38,9,3,0,0,3,3,0,0
2,5,3,36,8,8,0,0.990799,1.001451,0.988242,16,0,334,93.173839,88.173839,23,2,1,30,-78,88,0,2,80,3,111,30,0,0,2950,188,0,10,0,965,109,0,20,0,483,4,0,26,0,243,0,0,11,0,205,95,44,46,0,0,49,13,5,0,0,5,5,0,0
2,6,0,48,6,7,0,1.004611,1.001,0.995159,37,0,334,100,100,26,3,1,0,-54,64,42,2,80,5,57,30,0,0,3028,179,0,10,0,962,108,0,20,0,544,0,0,0,0,205,3,0,23,0,173,255,92,20,0,0,40,0,5,0,0,5,5,0,0
2,6,1,20,6,7,0,1.001328,1.014723,0.989025,15,0,334,26.722574,21.722574,26,3,1,-54,0,-100,-96,0,80,5,111,21,0,0,3028,215,0,7,0,962,191,0,14,0,544,16,0,16,0,205,0,0,3,0,173,75,12,27,0,0,39,8,2,0,0,2,2,0,0
2,6,2,33,6,7,0,0.991521,1.012196,0.984721,28,0,334,10,5,26,3,1,64,-100,0,100,2,80,5,130,36,0,0,3028,145,0,12,0,962,120,0,24,0,544,0,0,0,0,205,3,0,13,0,173,150,52,16,0,0,36,0,2,0,0,2,2,0,0
2,6,3,36,6,7,0,0.991723,1.001095,0.989381,20,0,334,84.072404,79.072404,26,3,1,42,-96,100,0,2,80,5,130,33,0,0,3028,205,0,11,0,962,120,0,22,0,544,0,0,4,0,205,9,0,13,0,173,137,52,25,0,0,46,2,5,0,0,5,5,0,0
2,7,0,47,6,9,0,1.003449,0.998625,0.993052,39,1,459,100,100,27,3,1,0,-56,72,44,2,80,9,58,33,0,0,3064,208,0,11,0,959,119,0,22,0,534,1,0,6,0,208,0,0,18,0,144,300,72,40,0,0,23,3,20,0,0,3,3,0,0
2,7,1,18,6,9,0,0.997512,1.015459,0.994858,15,0,334,31.722574,26.722574,27,3,1,-56,0,-100,-98,0,80,9,121,21,0,0,3064,188,0,7,0,959,207,0,14,0,534,0,0,16,0,208,0,0,0,0,144,100,0,25,0,0,46,8,1,0,0,1,1,0,0
2,7,2,35,6,9,0,0.995673,1.010445,0.979976,29,0,334,5,0,27,3,1,72,-100,0,100,2,80,9,153,33,0,0,3064,149,0,11,0,959,131,0,22,0,534,1,0,2,0,208,8,0,13,0,144,193,52,17,0,0,35,1,2,0,0,2,2,0,0
2,7,3,34,6,9,0,0.993682,1.000217,0.992479,24,0,334,89.072404,84.072404,27,3,1,44,-98,100,0,2,80,9,144,33,0,0,3064,158,0,11,0,959,131,0,22,0,534,0,0,0,0,208,12,0,12,0,144,216,48,21,0,0,41,0,5,0,0,5,5,0,0
2,8,0,46,2,7,1,1.003793,0.997894,0.991996,41,1,459,100,100,27,3,1,0,-56,72,46,2,80,5,65,33,0,0,3016,238,0,11,0,956,127,0,22,0,472,0,0,28,0,272,0,0,0,0,178,291,0,45,0,0,34,14,3,0,0,3,3,0,0
2,8,1,16,2,7,1,0.996994,1.015256,0.990598,15,0,334,36.722574,31.722574,27,3,1,-56,0,-100,-98,0,80,5,133,21,0,0,3016,163,0,7,0,956,223,0,14,0,472,0,0,0,0,272,0,0,0,0,178,139,0,9,0,0,45,0,1,0,0,1,1,0,0
2,8,2,34,2,7,1,0.99664,1.007457,0.974969,29,0,334,10,5,27,3,1,72,-100,0,100,2,80,5,179,39,0,0,3016,141,0,13,0,956,144,0,26,0,472,6,0,22,0,272,0,0,8,0,178,204,32,39,0,0,44,11,2,0,0,2,2,0,0
2,8,3,33,2,7,1,0.999489,0.995381,0.991873,27,0,334,94.072404,89.072404,27,3,1,46,-98,100,0,2,80,5,166,33,0,0,3016,169,0,11,0,956,142,0,22,0,472,0,0,18,0,272,0,0,12,0,178,244,48,35,0,0,47,9,3,0,0,3,3,0,0
2,9,0,44,2,11,0,1.004847,0.995667,0.988275,41,1,459,100,100,33,4,1,0,-66,72,76,2,80,12,67,30,0,0,3056,182,0,10,0,970,137,0,20,0,480,1,0,26,0,272,0,0,0,0,165,343,0,38,0,0,46,13,1,0,0,1,1,0,0
2,9,1,14,2,11,0,0.99638,1.026493,0.989061,14,0,334,31.657838,26.657838,33,4,1,-66,0,-100,-100,0,80,12,148,21,0,0,3056,180,0,7,0,970,239,0,14,0,480,0,0,0,0,272,0,0,0,0,165,141,0,7,0,0,45,0,0,0,0,0,0,0,0
2,9,2,32,2,11,0,0.995136,1.007477,0.97199,29,0,334,15,10,33,4,1,72,-100,0,100,2,80,12,196,36,0,0,3056,143,0,12,0,970,150,0,24,0,480,3,0,22,0,272,0,0,0,0,165,181,0,38,0,0,53,11,2,0,0,2,2,0,0
2,9,3,30,2,11,0,0.999003,0.992838,0.992768,26,0,334,61.053256,56.053256,33,4,1,76,-100,100,0,2,80,12,176,27,0,0,3056,183,0,9,0,970,149,0,18,0,480,0,0,18,0,272,0,0,0,0,165,225,0,31,0,0,54,9,2,0,0,2,2,0,0
2,10,0,43,6,13,0,1.009872,0.993431,0.988241,39,2,584,100,100,37,5,1,0,-78,90,76,2,80,7,73,30,0,0,2996,208,0,10,0,968,147,0,20,0,506,0,0,10,0,242,0,0,17,0,231,405,68,39,0,0,33,5,18,0,0,1,1,0,0
2,10,1,14,6,13,0,1.00734,1.023197,1.001305,12,0,334,19.932543,14.932543,37,5,1,-78,0,-100,-100,0,80,7,166,21,0,0,2996,179,0,7,0,968,255,0,14,0,506,0,0,0,0,242,0,0,0,0,231,143,0,7,0,0,45,0,0,0,0,0,0,0,0
2,10,2,31,6,13,0,0.999558,1.009917,0.969103,28,0,334,5,0,37,5,1,90,-100,0,98,2,80,7,213,33,0,0,2996,148,0,11,0,968,161,0,22,0,506,1,0,14,0,242,0,0,6,0,231,177,24,27,0,0,59,7,1,0,0,1,1,0,0
2,10,3,25,6,13,0,1.005526,0.993859,0.997087,24,0,334,66.053256,61.053256,37,5,1,76,-100,98,0,2,80,7,190,27,0,0,2996,200,0,9,0,968,158,0,18,0,506,1,0,8,0,242,0,0,7,0,231,240,28,19,0,0,57,4,1,0,0,1,1,0,0
2,11,0,40,4,14,0,1.013691,0.994911,0.991748,36,2,584,100,100,38,5,1,0,-80,92,84,2,80,12,79,33,0,0,3080,226,0,11,0,965,158,0,22,0,526,1,0,4,0,234,0,0,8,0,220,442,32,19,0,0,33,2,2,0,0,2,2,0,0
2,11,1,12,4,14,0,1.000248,1.027913,1.008182,8,0,334,24.932543,19.932543,38,5,1,-80,0,-100,-100,0,80,12,186,21,0,0,3080,158,0,7,0,965,271,0,14,0,526,0,0,2,0,234,4,0,1,0,220,138,4,9,0,0,46,1,0,0,0,0,0,0,0
2,11,2,28,4,14,0,1.000562,1.005668,0.975511,26,0,334,10,5,38,5,1,92,-100,0,100,2,80,12,234,36,0,0,3080,129,0,12,0,965,173,0,24,0,526,0,0,6,0,234,1,0,8,0,220,195,32,20,0,0,61,3,1,0,0,1,1,0,0
2,11,3,23,4,14,0,1.006918,0.998134,0.996006,22,1,459,59.410916,54.410916,38,5,1,84,-100,100,0,2,80,12,205,24,0,0,3080,167,0,8,0,965,166,0,16,0,526,1,0,4,0,234,5,0,7,0,220,281,28,29,0,0,42,2,17,0,0,0,0,0,0
2,12,0,38,3,5,0,1.014873,0.993907,0.991527,36,3,709,100,100,38,5,1,0,-80,94,86,2,80,21,89,30,0,0,3116,176,0,10,0,971,168,0,20,0,504,0,0,16,0,258,0,0,6,0,171,526,24,45,0,0,23,8,18,0,0,1,1,0,0
2,12,1,12,3,5,0,1.000248,1.027913,1.008182,8,0,334,29.932543,24.932543,38,5,1,-80,0,-100,-100,0,80,21,201,21,0,0,3116,159,0,7,0,971,287,0,14,0,504,1,0,2,0,258,1,0,3,0,171,141,12,9,0,0,47,1,0,0,0,0,0,0,0
2,12,2,29,3,5,0,0.998512,1.007299,0.965687,26,0,334,15,10,38,5,1,94,-100,0,100,2,80,21,260,36,0,0,3116,113,0,12,0,971,185,0,24,0,504,0,0,8,0,258,0,0,5,0,171,208,20,22,0,0,64,4,1,0,0,1,1,0,0
2,12,3,22,3,5,0,1.000669,0.992639,0.990837,20,1,459,64.410916,59.410916,38,5,1,86,-100,100,0,2,80,21,218,21,0,0,3116,177,0,7,0,971,173,0,14,0,504,1,0,14,0,258,1,0,8,0,171,299,32,23,0,0,48,7,1,0,0,1,1,0,0
2,13,0,38,3,8,0,1.014067,0.99335,0.992869,36,3,709,100,100,39,6,1,0,-80,94,86,2,80,11,100,27,0,0,3044,201,0,9,0,980,177,0,18,0,509,0,0,12,0,257,0,0,6,0,247,553,24,23,0,0,28,6,1,0,0,1,1,0,0
2,13,1,11,3,8,0,1.000711,1.020827,1.013156,7,0,334,16.294173,11.294173,39,6,1,-80,0,-100,-100,0,80,11,221,21,0,0,3044,160,0,7,0,980,297,0,14,0,509,1,0,2,0,257,0,0,1,0,247,136,4,9,0,0,48,1,0,0,0,0,0,0,0
2,13,2,28,3,8,0,0.998947,1.002906,0.968847,25,1,459,20,15,39,6,1,94,-100,0,100,2,80,11,284,36,0,0,3044,96,0,12,0,980,197,0,24,0,509,0,0,10,0,257,0,0,6,0,247,209,24,41,0,0,51,5,18,0,0,1,1,0,0
2,13,3,19,3,8,0,1.001391,0.993204,0.991086,17,1,459,69.410916,64.410916,39,6,1,86,-100,100,0,2,80,11,234,21,0,0,3044,188,0,7,0,980,180,0,14,0,509,1,0,8,0,257,0,0,4,0,247,304,16,17,0,0,51,4,1,0,0,1,1,0,0
2,14,0,38,6,7,0,1.022931,0.990324,0.995834,34,3,709,100,100,40,7,1,0,-80,94,86,2,80,15,112,27,0,0,3102,226,0,9,0,975,186,0,18,0,524,0,0,12,0,263,0,0,5,0,202,580,20,23,0,0,33,6,1,0,0,1,1,0,0
2,14,1,11,6,7,0,1.004206,1.02135,1.018504,7,0,334,5,0,40,7,1,-80,0,-100,-100,0,80,15,241,21,0,0,3102,152,0,7,0,975,300,0,14,0,524,1,0,2,0,263,0,0,0,0,202,127,0,9,0,0,49,1,0,0,0,0,0,0,0
2,14,2,28,6,7,0,0.997991,0.997327,0.965042,25,1,459,25,20,40,7,1,94,-100,0,98,2,80,15,311,39,0,0,3102,71,0,13,0,975,213,0,26,0,524,0,0,4,0,263,0,0,2,0,202,216,8,19,0,0,52,2,1,0,0,1,1,0,0
2,14,3,18,6,7,0,0.995989,1.001947,0.987871,16,1,459,74.410916,69.410916,40,7,1,86,-100,98,0,2,80,15,249,18,0,0,3102,163,0,6,0,975,186,0,12,0,524,1,0,2,0,263,0,0,2,0,202,352,8,10,0,0,51,1,1,0,0,1,1,0,0
2,15,0,38,5,5,0,1.023931,0.989122,0.998613,34,4,834,100,100,41,8,1,0,-80,94,86,2,80,14,123,27,0,0,3142,179,0,9,0,975,192,0,18,0,520,1,0,14,0,265,0,0,1,0,174,639,4,44,0,0,21,7,19,0,0,2,2,0,0
2,15,1,10,5,5,0,1.012884,1.01525,1.014887,7,0,334,5,0,41,8,1,-80,0,-100,-100,0,80,14,258,21,0,0,3142,134,0,7,0,975,304,0,14,0,520,3,0,0,0,265,0,0,0,0,174,120,0,7,0,0,49,0,0,0,0,0,0,0,0
2,15,2,30,5,5,0,0.997499,0.99324,0.965402,26,1,459,30,25,41,8,1,94,-100,0,96,2,80,14,343,42,0,0,3142,45,0,14,0,975,230,0,28,0,520,1,0,2,0,265,0,0,6,0,174,240,24,18,0,0,52,1,1,0,0,1,1,0,0
2,15,3,17,5,5,0,1.007096,0.994201,0.989501,15,1,459,79.410916,74.410916,41,8,1,86,-100,96,0,2,80,14,267,18,0,0,3142,171,0,6,0,975,192,0,12,0,520,1,0,4,0,265,0,0,0,0,174,349,0,12,0,0,52,2,1,0,0,1,1,0,0
2,16,0,36,1,5,0,1.024952,0.99065,0.99778,34,4,834,100,100,42,9,1,0,-80,96,84,2,80,13,131,27,0,0,3072,211,0,9,0,980,198,0,18,0,520,0,0,10,0,248,0,0,6,0,232,678,24,21,0,0,25,5,1,0,0,1,1,0,0
2,16,1,9,1,5,0,1.007356,1.011603,1.008316,7,1,459,5,0,42,9,1,-80,0,-100,-100,0,80,13,276,21,0,0,3072,117,0,7,0,980,314,0,14,0,520,1,0,2,0,248,0,0,0,0,232,97,0,28,0,0,32,1,18,0,0,1,1,0,0
2,16,2,31,1,5,0,0.999584,0.992313,0.966883,27,1,459,35,30,42,9,1,96,-100,0,96,2,80,13,373,42,0,0,3072,19,0,14,0,980,247,0,28,0,520,1,0,12,0,248,0,0,6,0,232,252,24,30,0,0,56,6,2,0,0,2,2,0,0
2,16,3,15,1,5,0,1.007486,0.999142,0.98826,14,1,459,84.410916,79.410916,42,9,1,84,-100,96,0,2,80,13,277,12,0,0,3072,181,0,4,0,980,196,0,8,0,520,0,0,4,0,248,2,0,7,0,232,376,28,10,0,0,53,2,1,0,0,1,1,0,0
2,17,0,36,4,8,0,1.026022,0.991642,0.994222,33,5,959,100,100,44,10,1,0,-82,100,84,2,80,23,138,27,0,0,3148,165,0,9,0,982,204,0,18,0,502,0,0,12,0,269,0,0,3,0,193,722,12,40,0,0,13,6,18,0,0,1,1,0,0
2,17,1,6,4,8,0,1.004704,1.004043,1.000779,4,1,459,5,0,44,10,1,-82,0,-100,-100,0,80,23,285,12,0,0,3148,104,0,4,0,982,315,0,8,0,502,1,0,0,0,269,0,0,0,0,193,96,0,6,0,0,31,0,1,0,0,1,1,0,0
2,17,2,32,4,8,0,1.00024,0.989535,0.96777,29,2,584,24.979084,19.979084,44,10,1,100,-100,0,100,2,80,23,400,42,0,0,3148,12,0,14,0,982,264,0,28,0,502,1,0,18,0,269,0,0,0,0,193,219,0,51,0,0,47,9,18,0,0,1,1,0,0
2,17,3,13,4,8,0,1.010048,0.992817,0.988056,13,1,459,89.410916,84.410916,44,10,1,84,-100,100,0,2,80,23,286,12,0,0,3148,177,0,4,0,982,200,0,8,0,502,2,0,10,0,269,0,0,2,0,193,379,8,14,0,0,58,5,0,0,0,0,0,0,0
2,18,0,34,1,8,0,1.027697,0.992932,0.992527,32,5,959,100,100,45,11,1,0,-82,100,84,2,80,20,140,24,0,0,3052,200,0,8,0,993,209,0,16,0,510,1,0,14,0,272,0,0,0,0,242,724,0,24,0,0,19,7,1,0,0,1,1,0,0
2,18,1,7,1,8,0,1.004692,1.00358,1.003097,5,1,459,5,0,45,11,1,-82,0,-100,-100,0,80,20,301,15,0,0,3052,93,0,5,0,993,316,0,10,0,510,1,0,0,0,272,0,0,0,0,242,94,0,7,0,0,30,0,1,0,0,1,1,0,0
2,18,2,29,1,8,0,0.996657,0.989881,0.967783,27,2,584,29.979084,24.979084,45,11,1,100,-100,0,100,2,80,20,419,33,0,0,3052,23,0,11,0,993,278,0,22,0,510,1,0,14,0,272,0,0,0,0,242,210,0,27,0,0,53,7,1,0,0,1,1,0,0
2,18,3,10,1,8,0,0.999419,1.015373,0.997383,10,1,459,94.410916,89.410916,45,11,1,84,-100,100,0,2,80,20,287,6,0,0,3052,177,0,2,0,993,202,0,4,0,510,1,0,6,0,272,0,0,0,0,242,380,0,8,0,0,61,3,0,0,0,0,0,0,0
2,19,0,34,4,4,0,1.026852,0.992123,0.994346,32,5,959,100,100,46,12,1,0,-82,100,84,2,80,25,145,24,0,0,3082,237,0,8,0,1019,211,0,16,0,544,1,0,0,0,239,0,0,8,0,235,773,32,10,0,0,18,0,1,0,0,1,1,0,0
2,19,1,9,4,4,0,1.014849,0.997133,1.005589,6,1,459,5,0,46,12,1,-82,0,-100,-100,0,80,25,315,15,0,0,3082,81,0,5,0,1019,318,0,10,0,544,1,0,0,0,239,0,0,0,0,235,87,0,7,0,0,29,0,1,0,0,1,1,0,0
2,19,2,29,4,4,0,0.996657,0.989881,0.967783,28,2,584,34.979084,29.979084,46,12,1,100,-100,0,100,2,80,25,441,33,0,0,3082,23,0,11,0,1019,292,0,22,0,544,1,0,0,0,239,5,0,11,0,235,254,44,13,0,0,52,0,1,0,0,1,1,0,0
2,19,3,8,4,4,0,1.005386,1.01034,0.998239,7,2,584,99.410916,94.410916,46,12,1,84,-100,100,0,2,80,25,287,0,0,0,3082,166,0,0,0,1019,202,0,0,0,544,1,0,0,0,239,0,0,4,0,235,404,16,17,0,0,44,0,17,0,0,0,0,0,0
2,20,0,33,3,5,0,1.026963,0.993344,0.993352,32,6,1084,100,100,49,13,1,0,-86,100,96,2,80,25,146,21,0,0,3146,195,0,7,0,1017,215,0,14,0,517,1,0,12,0,265,0,0,0,0,196,810,0,38,0,0,6,6,18,0,0,1,1,0,0
2,20,1,10,3,5,0,1.009856,0.998432,1.003667,6,1,459,5,0,49,13,1,-86,0,-100,-100,0,80,25,330,15,0,0,3146,67,0,5,0,1017,319,0,10,0,517,1,0,0,0,265,0,0,1,0,196,89,4,7,0,0,28,0,1,0,0,1,1,0,0
2,20,2,29,3,5,0,0.996072,0.997824,0.967767,28,2,584,39.979084,34.979084,49,13,1,100,-100,0,100,2,80,25,464,33,0,0,3146,23,0,11,0,1017,306,0,22,0,517,1,0,12,0,265,0,0,8,0,196,281,32,23,0,0,58,6,0,0,0,0,0,0,0
2,20,3,6,3,5,0,0.999578,1.000516,0.971862,5,2,584,64.378741,59.378741,49,13,1,96,-100,100,0,2,80,25,290,3,0,0,3146,172,0,1,0,1017,203,0,2,0,517,0,0,4,0,265,0,0,0,0,196,403,0,7,0,0,45,2,1,0,0,1,1,0,0
2,21,0,31,3,6,0,1.028183,0.98936,0.99793,31,6,1084,100,100,52,14,1,0,-90,100,100,2,80,25,153,21,0,0,3061,231,0,7,0,1015,219,0,14,0,524,1,0,6,0,262,0,0,4,0,241,843,16,13,0,0,9,3,0,0,0,0,0,0,0
2,21,1,9,3,6,0,1.012163,0.996336,0.991252,6,1,459,5,0,52,14,1,-90,0,-100,-100,0,80,25,344,18,0,0,3061,51,0,6,0,1015,323,0,12,0,524,1,0,2,0,262,0,0,0,0,241,84,0,10,0,0,28,1,1,0,0,1,1,0,0
2,21,2,30,3,6,0,1.000059,0.995416,0.967046,28,2,584,44.979084,39.979084,52,14,1,100,-100,0,100,2,80,25,486,33,0,0,3061,31,0,11,0,1015,319,0,22,0,524,0,0,10,0,262,0,0,6,0,241,300,24,23,0,0,62,5,1,0,0,1,1,0,0
2,21,3,5,3,6,0,0.991907,0.996176,0.975763,4,2,584,30.153175,25.153175,52,14,1,100,-100,100,0,2,80,25,293,3,0,0,3061,172,0,1,0,1015,204,0,2,0,524,1,0,2,0,262,0,0,0,0,241,403,0,3,0,0,46,1,0,0,0,0,0,0,0
2,22,0,30,1,5,0,1.028893,0.992998,1.000054,29,6,1084,100,100,54,15,1,0,-92,100,100,2,80,34,154,21,0,0,3152,193,0,7,0,1017,223,0,14,0,534,1,0,4,0,266,0,0,3,0,298,844,12,11,0,0,11,2,0,0,0,0,0,0,0
2,22,1,8,1,5,0,1.016346,0.99386,0.984728,6,1,459,5,0,54,15,1,-92,0,-100,-100,0,80,34,348,18,0,0,3152,36,0,6,0,1017,328,0,12,0,534,1,0,0,0,266,0,0,0,0,298,76,0,8,0,0,27,0,1,0,0,1,1,0,0
2,22,2,30,1,5,0,1.000059,0.995416,0.967046,29,3,709,49.979084,44.979084,54,15,1,100,-100,0,98,2,80,34,512,33,0,0,3152,38,0,11,0,1017,330,0,22,0,534,0,0,6,0,266,0,0,3,0,298,276,12,36,0,0,47,3,18,0,0,1,1,0,0
2,22,3,3,1,5,0,1.020638,0.977685,0.96783,2,2,584,17.733599,12.733599,54,15,1,100,-100,98,0,2,80,34,295,3,0,0,3152,166,0,1,0,1017,205,0,2,0,534,1,0,0,0,266,0,0,0,0,298,402,0,3,0,0,45,0,1,0,0,1,1,0,0
2,23,0,31,4,3,0,1.02891,0.991436,0.999986,29,6,1084,100,100,55,16,1,0,-92,98,100,2,80,25,169,21,0,0,3080,228,0,7,0,1021,227,0,14,0,533,0,0,6,0,259,0,0,5,0,247,876,20,15,0,0,13,3,1,0,0,1,1,0,0
2,23,1,8,4,3,0,1.007482,1.009582,0.99603,7,1,459,5,0,55,16,1,-92,0,-100,-100,0,80,25,360,18,0,0,3080,22,0,6,0,1021,332,0,12,0,533,1,0,0,0,259,0,0,0,0,247,75,0,6,0,0,27,0,0,0,0,0,0,0,0
2,23,2,32,4,3,0,1.002137,0.994498,0.967387,30,3,709,54.979084,49.979084,55,16,1,98,-100,0,98,2,80,25,539,33,0,0,3080,45,0,11,0,1021,341,0,22,0,533,0,0,6,0,259,0,0,8,0,247,309,32,17,0,0,50,3,0,0,0,0,0,0,0
2,23,3,1,4,3,0,1.01743,0.959222,0.964764,1,2,584,22.733599,17.733599,55,16,1,100,-100,98,0,2,80,25,294,0,0,0,3080,163,0,0,0,1021,205,0,0,0,533,1,0,0,0,259,0,0,0,0,247,405,0,0,0,0,45,0,0,0,0,0,0,0,0
2,24,0,29,1,5,0,1.027269,0.995134,1.002557,28,6,1084,100,100,56,17,1,0,-92,98,98,1,80,41,169,21,0,0,3152,190,0,7,0,1006,231,0,14,0,520,0,0,6,0,272,0,0,0,0,300,863,0,13,0,0,16,3,0,0,0,0,0,0,0
2,24,1,8,1,5,0,1.007482,1.009582,0.99603,7,1,459,5,0,56,17,1,-92,0,-100,-100,0,80,41,371,18,0,0,3152,8,0,6,0,1006,345,0,12,0,520,1,0,0,0,272,0,0,0,0,300,67,0,8,0,0,26,0,1,0,0,1,1,0,0
2,24,2,31,1,5,0,1.000903,0.995968,0.966897,29,3,709,59.979084,54.979084,56,17,1,98,-100,0,96,1,80,41,560,33,0,0,3152,50,0,11,0,1006,352,0,22,0,520,0,0,18,0,272,0,0,0,0,300,278,0,31,0,0,58,9,1,0,0,1,1,0,0
2,24,3,0,1,5,0,0,0,0,0,2,584,22.733599,22.733599,56,17,1,98,-100,96,0,0,80,41,293,0,0,0,3152,162,0,0,0,1006,205,0,0,0,520,1,0,0,0,272,0,0,0,0,300,405,0,0,0,0,45,0,0,0,0,0,0,0,0
2,25,0,28,3,3,0,1.028839,0.994586,1.000781,27,6,1084,100,100,56,17,1,0,-92,100,98,1,80,30,177,21,0,0,3080,226,0,7,0,1012,235,0,14,0,520,1,0,8,0,272,0,0,0,0,251,867,0,17,0,0,19,4,1,0,0,1,1,0,0
2,25,1,8,3,3,0,1.011254,1.005277,1.002056,7,1,459,10,5,56,17,1,-92,0,-100,-100,0,80,30,373,0,0,0,3080,0,0,0,0,1012,370,0,0,0,520,1,0,0,0,272,0,0,0,0,251,72,0,0,0,0,26,0,0,0,0,0,0,0,0
2,25,2,32,3,3,0,1.003817,0.997935,0.968474,29,3,709,64.979084,59.979084,56,17,1,100,-100,0,96,1,80,30,579,33,0,0,3080,56,0,11,0,1012,363,0,22,0,520,0,0,12,0,272,0,0,0,0,251,271,0,25,0,0,63,6,1,0,0,1,1,0,0
2,25,3,0,3,3,0,0,0,0,0,2,584,22.733599,22.733599,56,17,1,98,-100,96,0,0,80,30,293,0,0,0,3080,162,0,0,0,1012,205,0,0,0,520,1,0,0,0,272,0,0,0,0,251,405,0,0,0,0,45,0,0,0,0,0,0,0,0
2,26,0,28,1,4,0,1.031603,0.996888,1.000575,27,7,1209,100,100,56,17,1,0,-92,100,98,1,80,29,188,21,0,0,3134,191,0,7,0,1012,239,0,14,0,528,1,0,6,0,257,0,0,3,0,216,910,12,30,0,0,5,3,17,0,0,0,0,0,0
2,26,1,8,1,4,0,1.011254,1.005277,1.002056,7,2,584,15,10,56,17,1,-92,0,-100,-100,0,80,29,394,18,0,0,3134,4,0,6,0,1012,383,0,12,0,528,1,0,0,0,257,0,0,0,0,216,52,0,25,0,0,8,0,18,0,0,1,1,0,0
2,26,2,29,1,4,0,1.005944,1.004267,0.967371,28,3,709,69.979084,64.979084,56,17,1,100,-100,0,96,1,80,29,596,33,0,0,3134,61,0,11,0,1012,371,0,22,0,528,0,0,10,0,257,0,0,9,0,216,299,36,23,0,0,67,5,1,0,0,1,1,0,0
2,26,3,0,1,4,0,0,0,0,0,2,584,22.733599,22.733599,56,17,1,98,-100,96,0,0,80,29,293,0,0,0,3134,162,0,0,0,1012,205,0,0,0,528,1,0,0,0,257,0,0,0,0,216,405,0,0,0,0,45,0,0,0,0,0,0,0,0
2,27,0,29,2,4,0,1.029441,0.994671,1.002338,26,7,1209,100,100,56,17,1,0,-92,100,98,1,80,30,201,21,0,0,3058,228,0,7,0,1025,243,0,14,0,544,1,0,0,0,242,0,0,9,0,262,958,36,9,0,0,4,0,1,0,0,1,1,0,0
2,27,1,8,2,4,0,1.011254,1.005277,1.002056,8,2,584,20,15,56,17,1,-92,0,-100,-100,0,80,30,414,18,0,0,3058,4,0,6,0,1025,389,0,12,0,544,1,0,0,0,242,0,0,0,0,262,51,0,6,0,0,8,0,0,0,0,0,0,0,0
2,27,2,26,2,4,0,1.001755,1.004203,0.963941,26,4,834,74.979084,69.979084,56,17,1,100,-100,0,96,1,80,30,614,27,0,0,3058,63,0,9,0,1025,380,0,18,0,544,0,0,0,0,242,11,0,10,0,262,325,40,26,0,0,50,0,17,0,0,0,0,0,0
2,27,3,0,2,4,0,0,0,0,0,2,584,22.733599,22.733599,56,17,1,98,-100,96,0,0,80,30,293,0,0,0,3058,162,0,0,0,1025,205,0,0,0,544,1,0,0,0,242,0,0,0,0,262,405,0,0,0,0,45,0,0,0,0,0,0,0,0
2,28,0,27,1,6,0,1.031991,0.995189,1.001664,25,7,1209,100,100,56,17,1,0,-92,100,98,1,80,32,205,18,0,0,3146,193,0,6,0,1022,249,0,12,0,517,1,0,6,0,270,0,0,2,0,205,1030,8,14,0,0,6,3,1,0,0,1,1,0,0
2,28,1,9,1,6,0,1.019794,1.004899,1.002415,8,2,584,25,20,56,17,1,-92,0,-100,-100,0,80,32,435,18,0,0,3146,4,0,6,0,1022,398,0,12,0,517,1,0,0,0,270,0,0,0,0,205,50,0,6,0,0,8,0,0,0,0,0,0,0,0
2,28,2,22,1,6,0,0.998421,1.007286,0.967528,22,4,834,79.979084,74.979084,56,17,1,100,-100,0,96,1,80,32,635,27,0,0,3146,68,0,9,0,1022,389,0,18,0,517,1,0,8,0,270,2,0,9,0,205,356,36,17,0,0,54,4,0,0,0,0,0,0,0
2,28,3,0,1,6,0,0,0,0,0,2,584,22.733599,22.733599,56,17,1,98,-100,96,0,0,80,32,293,0,0,0,3146,162,0,0,0,1022,205,0,0,0,517,1,0,0,0,270,0,0,0,0,205,405,0,0,0,0,45,0,0,0,0,0,0,0,0
2,29,0,22,1,11,0,1.042781,0.999509,1.003099,20,7,1209,100,100,56,17,1,0,-92,100,98,1,80,26,196,6,0,0,3067,232,0,2,0,1018,251,0,4,0,531,1,0,4,0,272,0,0,0,0,261,1047,0,8,0,0,7,2,1,0,0,1,1,0,0
2,29,1,9,1,11,0,1.019794,1.004899,1.002415,8,2,584,30,25,56,17,1,-92,0,-100,-100,0,80,26,454,18,0,0,3067,14,0,6,0,1018,411,0,12,0,531,1,0,0,0,272,0,0,0,0,261,47,0,8,0,0,7,0,1,0,0,1,1,0,0
2,29,2,17,1,11,0,1.001888,1.011432,0.96866,17,4,834,84.979084,79.979084,56,17,1,100,-100,0,96,1,80,26,639,15,0,0,3067,81,0,5,0,1018,394,0,10,0,531,0,0,10,0,272,0,0,2,0,261,358,8,15,0,0,59,5,0,0,0,0,0,0,0
2,29,3,0,1,11,0,0,0,0,0,2,584,22.733599,22.733599,56,17,1,98,-100,96,0,0,80,26,293,0,0,0,3067,162,0,0,0,1018,205,0,0,0,531,1,0,0,0,272,0,0,0,0,261,405,0,0,0,0,45,0,0,0,0,0,0,0,0
2,30,0,20,2,9,0,1.047629,0.992847,1.000061,18,7,1209,100,100,58,17,1,0,-96,100,98,1,80,41,195,6,0,0,3168,208,0,2,0,1044,253,0,4,0,538,1,0,0,0,263,0,0,6,0,205,1140,24,4,0,0,6,0,1,0,0,1,1,0,0
2,30,1,7,2,9,0,1.002724,1.00272,0.994944,7,2,584,35,30,58,17,1,-96,0,-100,-100,0,80,41,468,15,0,0,3168,0,0,5,0,1044,424,0,10,0,538,1,0,0,0,263,0,0,0,0,205,47,0,5,0,0,7,0,0,0,0,0,0,0,0
2,30,2,14,2,9,0,0.997985,1.028223,0.971082,13,4,834,52.340565,47.340565,58,17,1,100,-100,0,100,1,80,41,646,12,0,0,3168,92,0,4,0,1044,398,0,8,0,538,1,0,2,0,263,0,0,3,0,205,370,12,6,0,0,60,1,0,0,0,0,0,0,0
2,30,3,0,2,9,0,0,0,0,0,2,584,22.733599,22.733599,58,17,1,98,-100,100,0,0,80,41,293,0,0,0,3168,162,0,0,0,1044,205,0,0,0,538,1,0,0,0,263,0,0,0,0,205,405,0,0,0,0,45,0,0,0,0,0,0,0,0
2,31,0,19,3,3,0,1.049688,0.991326,0.988843,17,7,1209,100,100,58,17,1,0,-96,100,98,1,80,45,191,6,0,0,3161,186,0,2,0,1052,255,0,4,0,544,1,0,0,0,263,0,0,6,0,236,1205,24,4,0,0,5,0,1,0,0,1,1,0,0
2,31,1,7,3,3,0,1.002724,1.00272,0.994944,7,2,584,40,35,58,17,1,-96,0,-100,-100,0,80,45,469,0,0,0,3161,0,0,0,0,1052,445,0,0,0,544,1,0,0,0,263,0,0,0,0,236,52,0,0,0,0,7,0,0,0,0,0,0,0,0
2,31,2,15,3,3,0,0.996969,1.025791,0.965309,12,4,834,57.340565,52.340565,58,17,1,100,-100,0,100,1,80,45,657,12,0,0,3161,106,0,4,0,1052,399,0,8,0,544,1,0,0,0,263,0,0,3,0,236,385,12,6,0,0,59,0,1,0,0,1,1,0,0
2,31,3,0,3,3,0,0,0,0,0,2,584,22.733599,22.733599,58,17,1,98,-100,100,0,0,80,45,293,0,0,0,3161,162,0,0,0,1052,205,0,0,0,544,1,0,0,0,263,0,0,0,0,236,405,0,0,0,0,45,0,0,0,0,0,0,0,0
2,32,0,17,1,4,0,1.049623,0.99313,0.999414,16,7,1209,100,100,58,17,1,0,-96,100,98,1,80,49,188,6,0,0,3161,165,0,2,0,1048,257,0,4,0,536,1,0,4,0,268,0,0,2,0,211,1203,8,8,0,0,6,2,1,0,0,1,1,0,0
2,32,1,8,1,4,0,1.004715,1.002301,0.9956,7,2,584,45,40,58,17,1,-96,0,-100,-100,0,80,49,468,0,0,0,3161,0,0,0,0,1048,470,0,0,0,536,1,0,0,0,268,0,0,0,0,211,57,0,0,0,0,7,0,0,0,0,0,0,0,0
2,32,2,13,1,4,0,1.008924,1.026412,0.958173,11,4,834,62.340565,57.340565,58,17,1,100,-100,0,100,1,80,49,666,9,0,0,3161,120,0,3,0,1048,402,0,6,0,536,1,0,4,0,268,0,0,2,0,211,396,8,9,0,0,60,2,1,0,0,1,1,0,0
2,32,3,0,1,4,0,0,0,0,0,2,584,22.733599,22.733599,58,17,1,98,-100,100,0,0,80,49,293,0,0,0,3161,162,0,0,0,1048,205,0,0,0,536,1,0,0,0,268,0,0,0,0,211,405,0,0,0,0,45,0,0,0,0,0,0,0,0
2,33,0,18,2,2,0,1.051385,0.989477,0.999001,17,7,1209,100,100,58,17,1,0,-96,100,98,1,80,44,193,6,0,0,3086,210,0,2,0,1057,253,0,4,0,535,1,0,6,0,269,0,0,0,0,271,1201,0,8,0,0,9,3,0,0,0,0,0,0,0
2,33,1,9,2,2,0,1.011714,1.00149,0.995541,7,2,584,50,45,58,17,1,-96,0,-100,-100,0,80,44,485,18,0,0,3086,4,0,6,0,1057,483,0,12,0,535,1,0,0,0,269,0,0,0,0,271,54,0,8,0,0,6,0,1,0,0,1,1,0,0
2,33,2,11,2,2,0,1.003609,1.029082,0.956335,10,4,834,67.340565,62.340565,58,17,1,100,-100,0,100,1,80,44,668,3,0,0,3086,138,0,1,0,1057,403,0,2,0,535,0,0,4,0,269,0,0,3,0,271,410,12,7,0,0,61,2,1,0,0,1,1,0,0
2,33,3,0,2,2,0,0,0,0,0,2,584,22.733599,22.733599,58,17,1,98,-100,100,0,0,80,44,293,0,0,0,3086,162,0,0,0,1057,205,0,0,0,535,1,0,0,0,269,0,0,0,0,271,405,0,0,0,0,45,0,0,0,0,0,0,0,0
2,34,0,17,3,3,0,1.046233,0.989952,0.993689,16,7,1209,100,100,58,17,1,0,-96,100,98,1,80,34,193,6,0,0,3153,190,0,2,0,1063,249,0,4,0,530,0,0,6,0,272,0,0,0,0,244,1201,0,8,0,0,12,3,0,0,0,0,0,0,0
2,34,1,11,3,3,0,1.020058,0.995193,1.001064,8,2,584,55,50,58,17,1,-96,0,-100,-100,0,80,34,505,18,0,0,3153,4,0,6,0,1063,496,0,12,0,530,1,0,0,0,272,0,0,0,0,244,51,0,8,0,0,5,0,1,0,0,1,1,0,0
2,34,2,10,3,3,0,1.006612,1.029372,0.955926,10,4,834,72.340565,67.340565,58,17,1,100,-100,0,100,1,80,34,674,3,0,0,3153,158,0,1,0,1063,401,0,2,0,530,0,0,6,0,272,0,0,0,0,244,412,0,7,0,0,64,3,0,0,0,0,0,0,0
2,34,3,0,3,3,0,0,0,0,0,2,584,22.733599,22.733599,58,17,1,98,-100,100,0,0,80,34,293,0,0,0,3153,162,0,0,0,1063,205,0,0,0,530,1,0,0,0,272,0,0,0,0,244,405,0,0,0,0,45,0,0,0,0,0,0,0,0
2,35,0,18,4,5,0,1.051568,0.981719,0.985526,14,7,1209,100,100,58,17,1,0,-96,100,98,1,80,37,190,0,0,0,3160,173,0,0,0,1071,249,0,0,0,538,1,0,2,0,263,0,0,3,0,199,1207,12,4,0,0,12,1,1,0,0,1,1,0,0
2,35,1,12,4,5,0,1.023135,0.99972,1.003506,9,2,584,60,55,58,17,1,-96,0,-100,-100,0,80,37,525,18,0,0,3160,4,0,6,0,1071,501,0,12,0,538,1,0,0,0,263,0,0,3,0,199,70,12,8,0,0,4,0,1,0,0,1,1,0,0
2,35,2,7,4,5,0,1.023865,1.025604,0.967014,7,4,834,77.340565,72.340565,58,17,1,100,-100,0,100,1,80,37,675,3,0,0,3160,170,0,1,0,1071,399,0,2,0,538,0,0,0,0,263,0,0,3,0,199,435,12,1,0,0,64,0,0,0,0,0,0,0,0
2,35,3,0,4,5,0,0,0,0,0,2,584,22.733599,22.733599,58,17,1,98,-100,100,0,0,80,37,293,0,0,0,3160,162,0,0,0,1071,205,0,0,0,538,1,0,0,0,263,0,0,0,0,199,405,0,0,0,0,45,0,0,0,0,0,0,0,0
2,36,0,16,0,2,0,1.050585,0.986523,0.982948,14,7,1209,100,100,58,17,1,0,-96,100,98,1,80,52,184,0,0,0,3086,227,0,0,0,1069,249,0,0,0,536,0,0,4,0,270,0,0,0,0,273,1203,0,6,0,0,13,2,1,0,0,1,1,0,0
2,36,1,12,0,2,0,1.023135,0.99972,1.003506,10,2,584,65,60,58,17,1,-96,0,-100,-100,0,80,52,540,18,0,0,3086,4,0,6,0,1069,508,0,12,0,536,1,0,0,0,270,0,0,2,0,273,85,8,8,0,0,3,0,1,0,0,1,1,0,0
2,36,2,7,0,2,0,1.023865,1.025604,0.967014,7,4,834,82.340565,77.340565,58,17,1,100,-100,0,100,1,80,52,677,3,0,0,3086,186,0,1,0,1069,397,0,2,0,536,0,0,2,0,270,0,0,0,0,273,435,0,3,0,0,65,1,0,0,0,0,0,0,0
2,36,3,0,0,2,0,0,0,0,0,2,584,22.733599,22.733599,58,17,1,98,-100,100,0,0,80,52,293,0,0,0,3086,162,0,0,0,1069,205,0,0,0,536,1,0,0,0,270,0,0,0,0,273,405,0,0,0,0,45,0,0,0,0,0,0,0,0
2,37,0,14,0,2,0,1.048368,0.984993,0.985727,13,7,1209,100,100,58,17,1,0,-96,100,98,1,80,53,177,0,0,0,3182,211,0,0,0,1067,249,0,0,0,544,0,0,0,0,250,0,0,9,0,202,1207,36,2,0,0,12,0,1,0,0,1,1,0,0
2,37,1,12,0,2,0,1.023135,0.99972,1.003506,11,2,584,70,65,58,17,1,-96,0,-100,-100,0,80,53,557,18,0,0,3182,4,0,6,0,1067,517,0,12,0,544,1,0,0,0,250,6,0,4,0,202,108,16,8,0,0,2,0,1,0,0,1,1,0,0
2,37,2,7,0,2,0,1.023865,1.025604,0.967014,7,4,834,87.340565,82.340565,58,17,1,100,-100,0,100,1,80,53,680,3,0,0,3182,178,0,1,0,1067,395,0,2,0,544,0,0,0,0,250,0,0,3,0,202,473,12,1,0,0,65,0,0,0,0,0,0,0,0
2,37,3,0,0,2,0,0,0,0,0,2,584,22.733599,22.733599,58,17,1,98,-100,100,0,0,80,53,293,0,0,0,3182,162,0,0,0,1067,205,0,0,0,544,1,0,0,0,250,0,0,0,0,202,405,0,0,0,0,45,0,0,0,0,0,0,0,0
2,38,0,13,2,1,0,1.04542,0.991431,0.982127,13,7,1209,100,100,58,17,1,0,-96,100,98,1,80,56,169,0,0,0,3182,197,0,0,0,1068,249,0,0,0,529,0,0,8,0,272,0,0,0,0,208,1201,0,8,0,0,16,4,0,0,0,0,0,0,0
2,38,1,14,2,1,0,1.031897,0.99284,1.00291,12,2,584,75,70,58,17,1,-96,0,-100,-100,0,80,56,575,18,0,0,3182,4,0,6,0,1068,525,0,12,0,529,1,0,4,0,272,2,0,4,0,208,129,16,10,0,0,4,2,0,0,0,0,0,0,0
2,38,2,7,2,1,0,1.023865,1.025604,0.967014,7,4,834,92.340565,87.340565,58,17,1,100,-100,0,100,1,80,56,682,3,0,0,3182,170,0,1,0,1068,393,0,2,0,529,1,0,2,0,272,0,0,0,0,208,497,0,3,0,0,66,1,0,0,0,0,0,0,0
2,38,3,0,2,1,0,0,0,0,0,2,584,22.733599,22.733599,58,17,1,98,-100,100,0,0,80,56,293,0,0,0,3182,162,0,0,0,1068,205,0,0,0,529,1,0,0,0,272,0,0,0,0,208,405,0,0,0,0,45,0,0,0,0,0,0,0,0
2,39,0,12,2,1,0,1.041146,0.992465,0.988894,12,8,1334,100,100,58,17,1,0,-96,100,98,1,80,50,164,0,0,0,3156,184,0,0,0,1054,249,0,0,0,534,0,0,6,0,269,0,0,2,0,300,1186,8,23,0,0,2,3,17,0,0,0,0,0,0
2,39,1,16,2,1,0,1.035133,0.986746,1.006802,12,2,584,80,75,58,17,1,-96,0,-100,-100,0,80,50,584,24,0,0,3156,2,0,8,0,1054,543,0,16,0,534,0,0,4,0,269,0,0,2,0,300,123,8,14,0,0,5,2,1,0,0,1,1,0,0
2,39,2,7,2,1,0,1.023865,1.025604,0.967014,7,4,834,97.340565,92.340565,58,17,1,100,-100,0,100,1,80,50,687,3,0,0,3156,186,0,1,0,1054,391,0,2,0,534,0,0,2,0,269,0,0,1,0,300,498,4,3,0,0,67,1,0,0,0,0,0,0,0
2,39,3,0,2,1,0,0,0,0,0,2,584,22.733599,22.733599,58,17,1,98,-100,100,0,0,80,50,293,0,0,0,3156,162,0,0,0,1054,205,0,0,0,534,1,0,0,0,269,0,0,0,0,300,405,0,0,0,0,45,0,0,0,0,0,0,0,0
2,40,0,10,0,2,0,1.033252,0.991296,0.985383,10,8,1334,100,100,58,17,1,0,-96,100,98,1,80,59,158,0,0,0,3176,172,0,0,0,1048,249,0,0,0,529,1,0,6,0,272,0,0,0,0,204,1234,0,6,0,0,5,3,0,0,0,0,0,0,0
2,40,1,16,0,2,0,1.035133,0.986746,1.006802,13,2,584,85,80,58,17,1,-96,0,-100,-100,0,80,59,584,27,0,0,3176,1,0,9,0,1048,565,0,18,0,529,1,0,4,0,272,0,0,0,0,204,121,0,17,0,0,5,2,2,0,0,2,2,0,0
2,40,2,7,0,2,0,1.023865,1.025604,0.967014,7,4,834,100,97.340565,58,17,1,100,-100,0,100,1,80,59,689,3,0,0,3176,178,0,1,0,1048,389,0,2,0,529,1,0,2,0,272,0,0,0,0,204,522,0,3,0,0,68,1,0,0,0,0,0,0,0
2,40,3,0,0,2,0,0,0,0,0,2,584,22.733599,22.733599,58,17,1,98,-100,100,0,0,80,59,293,0,0,0,3176,162,0,0,0,1048,205,0,0,0,529,1,0,0,0,272,0,0,0,0,204,405,0,0,0,0,45,0,0,0,0,0,0,0,0
0,1,0,48,2,11,0,1.002362,0.997946,0.996489,0,0,334,100,100,8,0,0,0,-32,14,26,1,80,8,49,39,0,0,2792,184,0,13,0,911,63,0,26,0,451,14,0,44,0,272,3,0,22,0,138,116,88,75,0,0,13,22,9,0,0,9,9,0,0
0,1,1,44,2,11,0,1.000132,1.000396,0.996086,0,0,334,100,100,8,0,0,-32,0,-40,-48,0,80,8,42,30,0,0,2792,217,0,10,0,911,75,0,20,0,451,5,0,46,0,272,2,0,23,0,138,139,92,74,0,0,14,23,9,0,0,9,9,0,0
0,1,2,51,2,11,0,0.999661,0.993554,0.993893,0,0,334,91.519055,86.519055,8,0,0,14,-40,0,36,1,80,8,57,39,0,0,2792,200,0,13,0,911,63,0,26,0,451,12,0,48,0,272,1,0,24,0,138,120,96,79,0,0,15,24,9,0,0,9,9,0,0
0,1,3,48,2,11,0,1.000165,0.995405,0.997093,0,0,334,82.290073,77.290073,8,0,0,26,-48,36,0,2,80,8,56,39,0,0,2792,192,0,13,0,911,63,0,26,0,451,8,0,46,0,272,2,0,23,0,138,118,92,77,0,0,14,23,9,0,0,9,9,0,0
0,2,0,44,1,18,1,1.000414,1.000269,0.996181,7,0,334,100,100,10,0,1,0,-38,10,38,1,80,5,51,30,0,0,2936,214,0,10,0,1035,52,0,20,0,439,0,0,38,0,272,0,0,3,0,145,90,12,66,0,0,23,19,9,0,0,9,9,0,0
0,2,1,38,1,18,1,1.000014,1.003734,0.993411,7,0,334,100,100,10,0,1,-38,0,-41,-60,0,80,5,31,21,0,0,2936,166,0,7,0,1035,71,0,14,0,439,0,0,32,0,272,0,0,2,0,145,142,8,57,0,0,21,16,9,0,0,9,9,0,0
0,2,2,48,1,18,1,0.997894,0.996609,0.99612,8,0,334,96.519055,91.519055,10,0,1,10,-41,0,50,1,80,5,63,36,0,0,2936,225,0,12,0,1035,47,0,24,0,439,4,0,44,0,272,0,0,1,0,145,80,4,74,0,0,28,22,9,0,0,9,9,0,0
0,2,3,44,1,18,1,0.996136,0.991032,0.993983,7,0,334,71.890853,66.890853,10,0,1,38,-60,50,0,2,80,5,56,33,0,0,2936,221,0,11,0,1035,58,0,22,0,439,0,0,26,0,272,0,0,2,0,145,105,8,55,0,0,18,13,9,0,0,9,9,0,0
0,3,0,43,3,9,0,1.000464,0.999555,0.997851,15,0,334,100,100,14,0,1,0,-44,10,58,1,80,3,54,30,0,0,3131,160,0,10,0,964,62,0,20,0,493,1,0,12,0,247,0,0,10,0,192,118,40,40,0,0,20,6,9,0,0,9,9,0,0
0,3,1,36,3,9,0,1.001581,0.998668,0.996645,15,0,334,97.310025,92.310025,14,0,1,-44,0,-53,-78,0,80,3,26,18,0,0,3131,191,0,6,0,964,84,0,12,0,493,0,0,6,0,247,0,0,2,0,192,145,8,30,0,0,15,3,9,0,0,9,9,0,0
0,3,2,46,3,9,0,0.999551,1.002069,1.002527,16,0,334,100,96.519055,14,0,1,10,-53,0,68,1,80,3,66,33,0,0,3131,166,0,11,0,964,58,0,22,0,493,1,0,22,0,247,0,0,4,0,192,72,16,51,0,0,30,11,9,0,0,9,9,0,0
0,3,3,43,3,9,0,0.99319,0.990374,0.996813,14,0,334,53.315161,48.315161,14,0,1,58,-78,68,0,2,80,3,64,33,0,0,3131,166,0,11,0,964,69,0,22,0,493,1,0,12,0,247,0,0,6,0,192,116,24,41,0,0,15,6,9,0,0,9,9,0,0
0,4,0,43,4,16,0,0.997789,0.999676,1.003161,22,0,334,100,100,21,0,1,0,-58,30,84,2,80,0,55,27,0,0,2903,188,0,9,0,970,71,0,18,0,469,0,0,20,0,268,0,0,1,0,178,102,4,47,0,0,21,10,9,0,0,9,9,0,0
0,4,1,29,4,16,0,1.009253,1.006099,0.998021,22,0,334,100,97.310025,21,0,1,-58,0,-79,-100,0,80,0,30,18,0,0,2903,206,0,6,0,970,97,0,12,0,469,0,0,8,0,268,0,0,1,0,178,162,4,22,0,0,15,4,4,0,0,4,4,0,0
0,4,2,44,4,16,0,1.00094,1.002516,0.999834,24,0,334,83.199541,78.199541,21,0,1,30,-79,0,100,2,80,0,64,27,0,0,2903,191,0,9,0,970,67,0,18,0,469,1,0,26,0,268,0,0,1,0,178,50,4,53,0,0,34,13,9,0,0,9,9,0,0
0,4,3,40,4,16,0,0.989883,0.98715,0.988224,20,0,334,15.815368,10.815368,21,0,1,84,-100,100,0,2,80,0,69,33,0,0,2903,192,0,11,0,970,80,0,22,0,469,0,0,18,0,268,0,0,1,0,178,100,4,47,0,0,15,9,9,0,0,9,9,0,0
0,5,0,42,2,11,0,0.996477,1.000591,1.004133,30,0,334,100,100,24,1,1,0,-62,42,84,2,80,15,57,27,0,0,2952,216,0,9,0,979,80,0,18,0,530,0,0,4,0,247,0,0,9,0,125,143,36,25,0,0,17,2,6,0,0,6,6,0,0
0,5,1,27,2,11,0,1.00894,1.003949,0.999331,24,0,334,92.442193,87.442193,24,1,1,-62,0,-97,-100,0,80,15,28,18,0,0,2952,171,0,6,0,979,110,0,12,0,530,1,0,0,0,247,0,0,1,0,125,241,4,10,0,0,13,0,2,0,0,2,2,0,0
0,5,2,42,2,11,0,0.999006,1.000329,0.997447,30,0,334,71.638748,66.638748,24,1,1,42,-97,0,100,2,80,15,62,24,0,0,2952,227,0,8,0,979,75,0,16,0,530,1,0,4,0,247,0,0,10,0,125,86,40,22,0,0,31,2,5,0,0,5,5,0,0
0,5,3,36,2,11,0,0.985768,0.991305,0.986242,27,0,334,20.815368,15.815368,24,1,1,84,-100,100,0,2,80,15,77,33,0,0,2952,213,0,11,0,979,91,0,22,0,530,1,0,4,0,247,0,0,2,0,125,116,8,25,0,0,12,2,5,0,0,5,5,0,0
0,6,0,40,3,7,0,0.994255,1.002389,1.001375,34,0,334,100,100,27,2,1,0,-66,42,96,2,80,6,60,27,0,0,3150,165,0,9,0,979,89,0,18,0,525,0,0,6,0,229,2,0,19,0,105,247,76,21,0,0,17,3,3,0,0,3,3,0,0
0,6,1,27,3,7,0,1.01114,1.001957,0.997692,25,0,334,87.530669,82.530669,27,2,1,-66,0,-100,-100,0,80,6,32,18,0,0,3150,193,0,6,0,979,123,0,12,0,525,0,0,2,0,229,0,0,0,0,105,274,0,10,0,0,13,1,1,0,0,1,1,0,0
0,6,2,40,3,7,0,0.996987,0.999385,0.999906,33,0,334,76.638748,71.638748,27,2,1,42,-100,0,100,2,80,6,60,24,0,0,3150,177,0,8,0,979,83,0,16,0,525,1,0,8,0,229,0,0,16,0,105,179,64,24,0,0,31,4,4,0,0,4,4,0,0
0,6,3,36,3,7,0,0.978607,0.988603,0.987908,30,0,334,5,0,27,2,1,96,-100,100,0,2,80,6,93,33,0,0,3150,161,0,11,0,979,102,0,22,0,525,1,0,4,0,229,0,0,6,0,105,171,24,19,0,0,12,2,2,0,0,2,2,0,0
0,7,0,37,5,9,0,0.985699,0.998988,1.002104,33,0,334,100,100,32,2,1,0,-76,68,100,2,80,6,59,24,0,0,2920,189,0,8,0,980,97,0,16,0,530,1,0,10,0,208,0,0,8,0,277,261,32,22,0,0,20,5,2,0,0,2,2,0,0
0,7,1,26,5,9,0,1.005806,1.004825,0.994244,24,0,334,92.530669,87.530669,32,2,1,-76,0,-100,-100,0,80,6,41,21,0,0,2920,199,0,7,0,980,139,0,14,0,530,0,0,0,0,208,0,0,10,0,277,315,40,9,0,0,12,0,1,0,0,1,1,0,0
0,7,2,41,5,9,0,0.998682,0.998324,1.000198,36,0,334,51.522684,46.522684,32,2,1,68,-100,0,100,2,80,6,59,24,0,0,2920,225,0,8,0,980,91,0,16,0,530,0,0,4,0,208,15,0,18,0,277,238,72,16,0,0,31,2,2,0,0,2,2,0,0
0,7,3,35,5,9,0,0.982199,0.989106,0.984756,30,0,334,5,0,32,2,1,100,-100,100,0,2,80,6,108,30,0,0,2920,187,0,10,0,980,112,0,20,0,530,1,0,0,0,208,0,0,15,0,277,218,60,14,0,0,10,0,2,0,0,2,2,0,0
0,8,0,36,2,9,0,0.985366,1.000003,1.00151,34,0,334,100,100,35,4,1,0,-78,66,96,2,80,3,65,24,0,0,3064,216,0,8,0,978,105,0,16,0,501,1,0,14,0,272,0,0,0,0,120,250,0,24,0,0,26,7,1,0,0,1,1,0,0
0,8,1,26,2,9,0,1.006514,1.007624,0.987061,23,0,334,72.265553,67.265553,35,4,1,-78,0,-100,-100,0,80,3,52,24,0,0,3064,165,0,8,0,978,158,0,16,0,501,0,0,2,0,272,0,0,0,0,120,322,0,12,0,0,12,1,1,0,0,1,1,0,0
0,8,2,37,2,9,0,1.001073,0.99966,0.99886,34,1,459,56.522684,51.522684,35,4,1,66,-100,0,98,2,80,3,60,21,0,0,3064,177,0,7,0,978,95,0,14,0,501,0,0,18,0,272,0,0,15,0,120,306,60,46,0,0,21,9,19,0,0,2,2,0,0
0,8,3,33,2,9,0,0.98485,0.992641,0.980945,30,0,334,5,0,35,4,1,96,-100,98,0,2,80,3,117,30,0,0,3064,206,0,10,0,978,122,0,20,0,501,0,0,10,0,272,0,0,0,0,120,205,0,24,0,0,13,5,2,0,0,2,2,0,0
0,9,0,35,6,8,0,0.981744,1.001838,1.003192,33,1,459,100,100,39,5,1,0,-84,78,100,2,80,7,73,24,0,0,3099,172,0,8,0,971,113,0,16,0,544,1,0,0,0,209,6,0,17,0,69,307,68,27,0,0,8,0,18,0,0,1,1,0,0
0,9,1,24,6,8,0,1.006436,1.005865,0.984349,22,0,334,63.367289,58.367289,39,5,1,-84,0,-100,-100,0,80,7,70,30,0,0,3099,149,0,10,0,971,183,0,20,0,544,0,0,0,0,209,0,0,1,0,69,322,4,12,0,0,11,0,1,0,0,1,1,0,0
0,9,2,39,6,8,0,1.000742,0.999797,0.995044,35,2,584,45.385667,40.385667,39,5,1,78,-100,0,100,2,80,7,63,18,0,0,3099,215,0,6,0,971,101,0,12,0,544,0,0,0,0,209,12,0,17,0,69,374,68,25,0,0,3,0,18,0,0,1,1,0,0
0,9,3,32,6,8,0,0.979969,0.990836,0.978859,29,0,334,5,0,39,5,1,100,-100,100,0,2,80,7,131,30,0,0,3099,163,0,10,0,971,132,0,20,0,544,0,0,0,0,209,0,0,10,0,69,300,40,12,0,0,12,0,1,0,0,1,1,0,0
0,10,0,37,3,4,0,0.979347,1.004291,1.000225,34,1,459,100,100,41,6,1,0,-86,78,98,2,80,3,82,27,0,0,3080,184,0,9,0,974,119,0,18,0,500,0,0,16,0,238,0,0,15,0,128,367,60,27,0,0,15,8,1,0,0,1,1,0,0
0,10,1,24,3,4,0,1.006319,1.009511,0.982331,22,0,334,47.165761,42.165761,41,6,1,-86,0,-100,-100,0,80,3,91,30,0,0,3080,115,0,10,0,974,208,0,20,0,500,1,0,0,0,238,0,0,2,0,128,322,8,12,0,0,10,0,1,0,0,1,1,0,0
0,10,2,38,3,4,0,1.000823,1.00078,0.994295,35,2,584,50.385667,45.385667,41,6,1,78,-100,0,100,2,80,3,58,18,0,0,3080,170,0,6,0,974,107,0,12,0,500,0,0,24,0,238,9,0,18,0,128,486,72,34,0,0,13,12,2,0,0,2,2,0,0
0,10,3,30,3,4,0,0.981666,0.99241,0.976905,28,0,334,5,0,41,6,1,98,-100,100,0,2,80,3,147,27,0,0,3080,186,0,9,0,974,141,0,18,0,500,0,0,4,0,238,0,0,8,0,128,323,32,15,0,0,13,2,1,0,0,1,1,0,0
0,11,0,34,3,12,0,0.985961,1.005805,1.002634,31,2,584,100,100,42,7,1,0,-86,78,98,2,80,8,78,18,0,0,2992,197,0,6,0,998,119,0,12,0,490,0,0,18,0,259,0,0,6,0,185,378,24,43,0,0,6,9,18,0,0,1,1,0,0
0,11,1,22,3,12,0,1.002083,0.998682,0.979802,21,0,334,38.01021,33.01021,42,7,1,-86,0,-100,-100,0,80,8,102,27,0,0,2992,82,0,9,0,998,221,0,18,0,490,1,0,2,0,259,0,0,0,0,185,323,0,11,0,0,11,1,0,0,0,0,0,0,0
0,11,2,38,3,12,0,0.999926,0.999401,0.998406,36,3,709,55.385667,50.385667,42,7,1,78,-100,0,100,2,80,8,52,18,0,0,2992,214,0,6,0,998,107,0,12,0,490,0,0,28,0,259,0,0,9,0,185,487,36,53,0,0,9,14,18,0,0,1,1,0,0
0,11,3,26,3,12,0,0.976556,0.989651,0.982051,25,0,334,10,5,42,7,1,98,-100,100,0,2,80,8,161,27,0,0,2992,203,0,9,0,998,147,0,18,0,490,0,0,6,0,259,0,0,3,0,185,321,12,17,0,0,15,3,1,0,0,1,1,0,0
0,12,0,32,3,8,0,0.981449,1.008561,1.004633,29,2,584,100,100,43,8,1,0,-86,78,98,2,80,17,82,21,0,0,3144,212,0,7,0,988,126,0,14,0,475,1,0,22,0,272,0,0,0,0,88,371,0,31,0,0,16,11,1,0,0,1,1,0,0
0,12,1,22,3,8,0,1.002083,0.998682,0.979802,21,0,334,17.611885,12.611885,43,8,1,-86,0,-100,-100,0,80,17,117,27,0,0,3144,51,0,9,0,988,243,0,18,0,475,1,0,4,0,272,0,0,0,0,88,319,0,15,0,0,12,2,1,0,0,1,1,0,0
0,12,2,37,3,8,0,1.002395,0.997352,0.994736,35,3,709,60.385667,55.385667,43,8,1,78,-100,0,100,2,80,17,43,15,0,0,3144,171,0,5,0,988,112,0,10,0,475,1,0,32,0,272,0,0,0,0,88,523,0,39,0,0,24,16,1,0,0,1,1,0,0
0,12,3,24,3,8,0,0.977185,0.988923,0.975369,23,1,459,15,10,43,8,1,98,-100,100,0,2,80,17,175,24,0,0,3144,169,0,8,0,988,155,0,16,0,475,1,0,8,0,272,0,0,0,0,88,301,0,33,0,0,2,4,17,0,0,0,0,0,0
0,13,0,29,1,9,0,0.981613,1.012414,1.00309,27,2,584,100,100,44,9,1,0,-86,78,98,2,80,25,80,18,0,0,3080,174,0,6,0,982,132,0,12,0,517,0,0,12,0,272,0,0,0,0,143,426,0,20,0,0,21,6,1,0,0,1,1,0,0
0,13,1,19,1,9,0,1.006148,0.996841,0.979665,19,0,334,5,0,44,9,1,-86,0,-100,-100,0,80,25,127,21,0,0,3080,22,0,7,0,982,259,0,14,0,517,0,0,2,0,272,0,0,0,0,143,325,0,9,0,0,13,1,0,0,0,0,0,0,0
0,13,2,37,1,9,0,1.002395,0.997352,0.994736,36,3,709,65.385667,60.385667,44,9,1,78,-100,0,98,2,80,25,34,15,0,0,3080,217,0,5,0,982,117,0,10,0,517,1,0,12,0,272,0,0,0,0,143,525,0,19,0,0,29,6,1,0,0,1,1,0,0
0,13,3,22,1,9,0,0.995864,0.983305,0.972153,20,1,459,20,15,44,9,1,98,-100,98,0,2,80,25,192,24,0,0,3080,169,0,8,0,982,163,0,16,0,517,0,0,4,0,272,0,0,0,0,143,308,0,14,0,0,3,2,1,0,0,1,1,0,0
0,14,0,28,4,7,0,0.980247,1.011957,1.002253,27,2,584,100,100,46,10,1,0,-88,86,98,2,80,13,82,18,0,0,3120,187,0,6,0,1004,138,0,12,0,543,0,0,0,0,209,10,0,14,0,157,495,56,8,0,0,20,0,1,0,0,1,1,0,0
0,14,1,16,4,7,0,1.015936,1.005442,0.976905,16,0,334,5,0,46,10,1,-88,0,-100,-100,0,80,13,126,9,0,0,3120,0,0,3,0,1004,273,0,6,0,543,0,0,0,0,209,0,0,0,0,157,331,0,3,0,0,13,0,0,0,0,0,0,0,0
0,14,2,39,4,7,0,1.003921,0.997388,0.997423,37,4,834,63.463345,58.463345,46,10,1,86,-100,0,100,2,80,13,30,15,0,0,3120,175,0,5,0,1004,122,0,10,0,543,0,0,2,0,209,15,0,18,0,157,637,72,24,0,0,13,1,17,0,0,0,0,0,0
0,14,3,21,4,7,0,0.999995,0.97387,0.974925,18,1,459,25,20,46,10,1,98,-100,100,0,2,80,13,207,18,0,0,3120,173,0,6,0,1004,169,0,12,0,543,0,0,0,0,209,0,0,6,0,157,345,24,8,0,0,2,0,1,0,0,1,1,0,0
0,15,0,26,3,6,0,0.989786,1.007872,0.999728,26,3,709,100,100,47,11,1,0,-88,88,98,2,80,8,80,15,0,0,3024,194,0,5,0,1014,143,0,10,0,523,1,0,8,0,264,0,0,10,0,244,517,40,30,0,0,7,4,17,0,0,0,0,0,0
0,15,1,18,3,6,0,1.012424,1.005869,0.974058,16,0,334,5,0,47,11,1,-88,0,-100,-100,0,80,8,125,0,0,0,3024,0,0,0,0,1014,293,0,0,0,523,0,0,0,0,264,0,0,2,0,244,334,8,0,0,0,13,0,0,0,0,0,0,0,0
0,15,2,38,3,6,0,1.001655,0.997101,0.997906,36,4,834,68.463345,63.463345,47,11,1,88,-100,0,100,2,80,8,30,18,0,0,3024,218,0,6,0,1014,128,0,12,0,523,0,0,12,0,264,0,0,15,0,244,692,60,20,0,0,18,6,1,0,0,1,1,0,0
0,15,3,19,3,6,0,0.995039,0.973665,0.971891,16,1,459,30,25,47,11,1,98,-100,100,0,2,80,8,221,18,0,0,3024,170,0,6,0,1014,175,0,12,0,523,0,0,0,0,264,0,0,6,0,244,370,24,8,0,0,1,0,1,0,0,1,1,0,0
0,16,0,24,0,7,0,0.986575,1.009872,1.000594,24,3,709,100,100,48,12,1,0,-88,90,98,2,80,34,72,12,0,0,3156,164,0,4,0,1088,135,0,8,0,479,0,0,22,0,269,0,0,0,0,89,544,0,26,0,0,18,11,0,0,0,0,0,0,0
0,16,1,17,0,7,0,1.008565,1.008882,0.977104,15,0,334,5,0,48,12,1,-88,0,-100,-100,0,80,34,129,15,0,0,3156,5,0,5,0,1088,283,0,10,0,479,1,0,4,0,269,0,0,0,0,89,323,0,11,0,0,14,2,1,0,0,1,1,0,0
0,16,2,36,0,7,0,1.004407,0.995185,0.996044,35,5,959,73.463345,68.463345,48,12,1,90,-100,0,100,2,80,34,31,18,0,0,3156,174,0,6,0,1088,116,0,12,0,479,3,0,30,0,269,0,0,1,0,89,724,4,55,0,0,15,15,18,0,0,1,1,0,0
0,16,3,17,0,7,0,0.994197,0.971883,0.970548,15,1,459,35,30,48,12,1,98,-100,100,0,2,80,34,231,18,0,0,3156,161,0,6,0,1088,163,0,12,0,479,0,0,6,0,269,0,0,2,0,89,379,8,14,0,0,3,3,1,0,0,1,1,0,0
0,17,0,22,3,5,0,0.988241,1.011348,1.004654,22,3,709,100,100,49,13,1,0,-88,92,98,2,80,11,75,12,0,0,3058,168,0,4,0,1020,139,0,8,0,519,0,0,6,0,229,4,0,11,0,216,599,44,10,0,0,21,3,0,0,0,0,0,0,0
0,17,1,17,3,5,0,1.008565,1.008882,0.977104,16,0,334,5,0,49,13,1,-88,0,-100,-100,0,80,11,141,15,0,0,3058,5,0,5,0,1020,293,0,10,0,519,0,0,2,0,229,0,0,4,0,216,327,16,9,0,0,14,1,1,0,0,1,1,0,0
0,17,2,37,3,5,0,1.009349,0.991952,0.999383,35,5,959,78.463345,73.463345,49,13,1,92,-100,0,100,2,80,11,34,18,0,0,3058,204,0,6,0,1020,122,0,12,0,519,1,0,16,0,229,6,0,15,0,216,780,60,22,0,0,23,8,0,0,0,0,0,0,0
0,17,3,16,3,5,0,1.003449,0.960961,0.971978,14,1,459,40,35,49,13,1,98,-100,100,0,2,80,11,247,18,0,0,3058,154,0,6,0,1020,169,0,12,0,519,1,0,2,0,229,0,0,3,0,216,393,12,10,0,0,3,1,1,0,0,1,1,0,0
0,18,0,20,2,4,0,0.985468,1.003737,1.001215,20,4,834,100,100,50,14,1,0,-88,94,98,2,80,12,77,12,0,0,3122,174,0,4,0,1026,143,0,8,0,518,1,0,4,0,247,3,0,10,0,276,617,40,25,0,0,6,2,17,0,0,0,0,0,0
0,18,1,18,2,4,0,1.006573,1.002163,0.977223,17,0,334,5,0,50,14,1,-88,0,-100,-100,0,80,12,150,15,0,0,3122,5,0,5,0,1026,303,0,10,0,518,1,0,0,0,247,0,0,2,0,276,329,8,5,0,0,14,0,0,0,0,0,0,0,0
0,18,2,37,2,4,0,1.009349,0.991952,0.999383,35,6,1084,83.463345,78.463345,50,14,1,94,-100,0,100,2,80,12,31,18,0,0,3122,161,0,6,0,1026,128,0,12,0,518,0,0,18,0,247,0,0,17,0,276,820,68,43,0,0,14,9,18,0,0,1,1,0,0
0,18,3,15,2,4,0,1.019147,0.96297,0.965839,13,1,459,45,40,50,14,1,98,-100,100,0,2,80,12,256,12,0,0,3122,158,0,4,0,1026,173,0,8,0,518,0,0,4,0,247,0,0,3,0,276,399,12,10,0,0,4,2,1,0,0,1,1,0,0
0,19,0,20,4,4,0,0.988932,0.998722,1.001123,19,4,834,100,100,51,15,1,0,-88,96,98,2,80,13,84,12,0,0,3049,174,0,4,0,1026,147,0,8,0,501,0,0,12,0,253,0,0,7,0,215,644,28,16,0,0,12,6,0,0,0,0,0,0,0
0,19,1,20,4,4,0,1.01733,1.007727,0.975294,17,1,459,5,0,51,15,1,-88,0,-100,-100,0,80,13,162,15,0,0,3049,5,0,5,0,1026,313,0,10,0,501,0,0,8,0,253,0,0,1,0,215,302,4,32,0,0,0,4,18,0,0,1,1,0,0
0,19,2,36,4,4,0,1.007188,0.98992,0.999818,35,6,1084,88.463345,83.463345,51,15,1,96,-100,0,100,2,80,13,34,18,0,0,3049,198,0,6,0,1026,134,0,12,0,501,1,0,20,0,253,0,0,12,0,215,861,48,28,0,0,23,10,1,0,0,1,1,0,0
0,19,3,14,4,4,0,1.035747,0.961339,0.960467,12,1,459,50,45,51,15,1,98,-100,100,0,2,80,13,269,12,0,0,3049,163,0,4,0,1026,177,0,8,0,501,0,0,4,0,253,0,0,2,0,215,409,8,10,0,0,5,2,1,0,0,1,1,0,0
0,20,0,19,3,6,0,0.992,0.993597,1.005065,17,4,834,100,100,52,16,1,0,-88,96,96,2,80,20,94,12,0,0,3039,182,0,4,0,1021,151,0,8,0,487,1,0,8,0,261,0,0,5,0,275,656,20,14,0,0,15,4,1,0,0,1,1,0,0
0,20,1,19,3,6,0,1.011805,1.001688,0.97574,18,1,459,5,0,52,16,1,-88,0,-100,-100,0,80,20,166,15,0,0,3039,5,0,5,0,1021,317,0,10,0,487,1,0,14,0,261,0,0,0,0,275,291,0,21,0,0,6,7,1,0,0,1,1,0,0
0,20,2,37,3,6,0,1.008002,0.994735,0.996693,35,6,1084,93.463345,88.463345,52,16,1,96,-100,0,98,2,80,20,34,18,0,0,3039,236,0,6,0,1021,143,0,12,0,487,1,0,30,0,261,0,0,3,0,275,846,12,36,0,0,38,15,0,0,0,0,0,0,0
0,20,3,12,3,6,0,1.035546,0.966347,0.959307,11,1,459,55,50,52,16,1,96,-100,98,0,2,80,20,279,12,0,0,3039,169,0,4,0,1021,181,0,8,0,487,1,0,2,0,261,0,0,3,0,275,413,12,8,0,0,5,1,1,0,0,1,1,0,0
0,21,0,18,2,6,0,0.995166,0.989467,1.000699,16,4,834,100,100,53,17,1,0,-88,98,96,2,80,23,97,9,0,0,3120,192,0,3,0,1029,154,0,6,0,491,1,0,12,0,269,0,0,0,0,164,654,0,17,0,0,20,6,1,0,0,1,1,0,0
0,21,1,19,2,6,0,1.013539,1.000639,0.985924,18,1,459,5,0,53,17,1,-88,0,-100,-100,0,80,23,175,15,0,0,3120,5,0,5,0,1029,321,0,10,0,491,0,0,12,0,269,0,0,0,0,164,314,0,17,0,0,12,6,0,0,0,0,0,0,0
0,21,2,36,2,6,0,1.005571,0.993958,0.998665,35,6,1084,98.463345,93.463345,53,17,1,98,-100,0,98,2,80,23,33,21,0,0,3120,192,0,7,0,1029,153,0,14,0,491,1,0,24,0,269,0,0,3,0,164,900,12,33,0,0,49,12,1,0,0,1,1,0,0
0,21,3,10,2,6,0,1.03987,0.972642,0.963881,10,1,459,60,55,53,17,1,96,-100,98,0,2,80,23,287,9,0,0,3120,178,0,3,0,1029,184,0,6,0,491,1,0,6,0,269,0,0,0,0,164,410,0,9,0,0,8,3,0,0,0,0,0,0,0
0,22,0,17,4,4,0,0.987835,0.993026,0.999534,15,4,834,100,100,55,19,1,0,-94,96,94,2,80,12,105,12,0,0,3109,170,0,4,0,1030,158,0,8,0,529,1,0,2,0,265,0,0,0,0,161,690,0,8,0,0,20,1,1,0,0,1,1,0,0
0,22,1,19,4,4,0,1.013539,1.000639,0.985924,18,1,459,5,0,55,19,1,-94,0,-100,-100,0,80,12,185,15,0,0,3109,5,0,5,0,1030,321,0,10,0,529,0,0,2,0,265,0,0,3,0,161,351,12,9,0,0,12,1,1,0,0,1,1,0,0
0,22,2,38,4,4,0,1.007107,0.991416,1.000763,36,7,1209,100,98.463345,55,19,1,96,-100,0,94,2,80,12,39,21,0,0,3109,216,0,7,0,1030,163,0,14,0,529,0,0,10,0,265,0,0,4,0,161,910,16,34,0,0,37,5,17,0,0,0,0,0,0
0,22,3,9,4,4,0,1.053658,0.976692,0.952508,8,1,459,65,60,55,19,1,94,-100,94,0,2,80,12,297,9,0,0,3109,165,0,3,0,1030,187,0,6,0,529,1,0,2,0,265,0,0,0,0,161,427,0,5,0,0,9,1,0,0,0,0,0,0,0
0,23,0,17,3,5,0,0.994674,0.986718,1.009684,15,4,834,100,100,56,20,1,0,-94,96,92,2,80,29,115,12,0,0,3136,173,0,4,0,1026,162,0,8,0,513,0,0,10,0,248,0,0,3,0,300,686,12,16,0,0,24,5,1,0,0,1,1,0,0
0,23,1,19,3,5,0,1.013539,1.000639,0.985924,19,1,459,5,0,56,20,1,-94,0,-100,-100,0,80,29,192,15,0,0,3136,5,0,5,0,1026,328,0,10,0,513,1,0,2,0,248,0,0,6,0,300,362,24,7,0,0,13,1,0,0,0,0,0,0,0
0,23,2,37,3,5,0,1.004007,0.994635,0.995582,34,7,1209,100,100,56,20,1,96,-100,0,92,2,80,29,38,24,0,0,3136,170,0,8,0,1026,171,0,16,0,513,0,0,16,0,248,1,0,14,0,300,943,56,26,0,0,44,8,1,0,0,1,1,0,0
0,23,3,8,3,5,0,1.060457,0.979413,0.959538,7,1,459,70,65,56,20,1,92,-100,92,0,2,80,29,309,9,0,0,3136,169,0,3,0,1026,190,0,6,0,513,0,0,4,0,248,0,0,0,0,300,418,0,9,0,0,10,2,1,0,0,1,1,0,0
0,24,0,16,4,13,0,0.995893,0.981146,1.0097,14,5,959,100,100,57,21,1,0,-94,96,92,2,80,19,123,12,0,0,3072,176,0,4,0,1023,166,0,8,0,534,0,0,0,0,233,5,0,7,0,225,703,28,23,0,0,6,0,18,0,0,1,1,0,0
0,24,1,19,4,13,0,1.013539,1.000639,0.985924,19,1,459,5,0,57,21,1,-94,0,-100,-100,0,80,19,200,15,0,0,3072,5,0,5,0,1023,335,0,10,0,534,1,0,0,0,233,3,0,10,0,225,431,40,5,0,0,13,0,0,0,0,0,0,0,0
0,24,2,30,4,13,0,1.006189,0.982781,1.00292,26,7,1209,100,100,57,21,1,96,-100,0,90,2,80,19,44,27,0,0,3072,196,0,9,0,1023,180,0,18,0,534,1,0,0,0,233,0,0,4,0,225,966,16,11,0,0,43,0,1,0,0,1,1,0,0
0,24,3,7,4,13,0,1.03786,0.952903,0.970837,6,1,459,75,70,57,21,1,92,-100,90,0,2,80,19,321,9,0,0,3072,166,0,3,0,1023,193,0,6,0,534,0,0,0,0,233,1,0,2,0,225,426,8,3,0,0,10,0,0,0,0,0,0,0,0
0,25,0,14,1,7,0,0.989918,0.983469,1.006504,13,5,959,100,100,58,22,1,0,-94,96,92,2,80,23,130,12,0,0,3072,172,0,4,0,1022,170,0,8,0,535,0,0,2,0,248,1,0,8,0,300,727,32,8,0,0,6,1,1,0,0,1,1,0,0
0,25,1,18,1,7,0,1.015807,1.006899,0.986295,18,1,459,5,0,58,22,1,-94,0,-100,-100,0,80,23,204,15,0,0,3072,5,0,5,0,1022,343,0,10,0,535,1,0,2,0,248,1,0,10,0,300,454,40,7,0,0,14,1,0,0,0,0,0,0,0
0,25,2,28,1,7,0,1.007038,0.984583,1.004388,25,7,1209,100,100,58,22,1,96,-100,0,88,2,80,23,61,27,0,0,3072,229,0,9,0,1022,189,0,18,0,535,1,0,2,0,248,0,0,4,0,300,970,16,15,0,0,42,1,2,0,0,2,2,0,0
0,25,3,6,1,7,0,1.070279,0.964358,0.987067,4,1,459,80,75,58,22,1,92,-100,88,0,2,80,23,332,9,0,0,3072,172,0,3,0,1022,196,0,6,0,535,0,0,0,0,248,0,0,1,0,300,427,4,3,0,0,10,0,0,0,0,0,0,0,0
0,26,0,13,2,4,0,0.992947,0.98429,1.008741,13,5,959,100,100,59,23,1,0,-94,96,92,2,80,21,143,12,0,0,3153,162,0,4,0,1023,174,0,8,0,524,0,0,6,0,272,0,0,1,0,165,736,4,10,0,0,9,3,0,0,0,0,0,0,0
0,26,1,18,2,4,0,1.013031,1.009238,0.987015,17,2,584,5,0,59,23,1,-94,0,-100,-100,0,80,21,212,12,0,0,3153,6,0,4,0,1023,350,0,8,0,524,1,0,8,0,272,0,0,1,0,165,430,4,29,0,0,1,4,17,0,0,0,0,0,0
0,26,2,29,2,4,0,1.011299,0.98239,1.005647,27,8,1334,100,100,59,23,1,96,-100,0,86,2,80,21,76,27,0,0,3153,192,0,9,0,1023,198,0,18,0,524,1,0,6,0,272,0,0,0,0,165,1014,0,34,0,0,27,3,18,0,0,1,1,0,0
0,26,3,4,2,4,0,1.046729,0.962602,0.998656,2,1,459,85,80,59,23,1,92,-100,86,0,2,80,21,340,6,0,0,3153,180,0,2,0,1023,198,0,4,0,524,0,0,0,0,272,0,0,0,0,165,425,0,2,0,0,10,0,0,0,0,0,0,0,0
0,27,0,12,4,4,0,0.980049,0.995196,0.986166,11,5,959,100,100,60,24,1,0,-94,96,90,2,80,22,153,12,0,0,3090,153,0,4,0,1031,178,0,8,0,543,0,0,0,0,270,0,0,0,0,206,744,0,4,0,0,9,0,0,0,0,0,0,0,0
0,27,1,19,4,4,0,1.011016,1.006406,0.984926,17,2,584,5,0,60,24,1,-94,0,-100,-100,0,80,22,226,15,0,0,3090,5,0,5,0,1031,358,0,10,0,543,0,0,2,0,270,0,0,0,0,206,460,0,9,0,0,1,1,1,0,0,1,1,0,0
0,27,2,31,4,4,0,1.010468,0.984368,1.004908,28,8,1334,100,100,60,24,1,96,-100,0,84,2,80,22,90,27,0,0,3090,234,0,9,0,1031,207,0,18,0,543,1,0,0,0,270,0,0,2,0,206,1032,8,11,0,0,26,0,1,0,0,1,1,0,0
0,27,3,2,4,4,0,1.012655,0.923399,1.040329,0,1,459,90,85,60,24,1,90,-100,84,0,2,80,22,340,0,0,0,3090,176,0,0,0,1031,198,0,0,0,543,0,0,0,0,270,0,0,0,0,206,441,0,0,0,0,10,0,0,0,0,0,0,0,0
0,28,0,13,6,4,1,0.986818,1.001724,0.995028,10,5,959,100,100,60,24,1,0,-96,98,93,2,80,23,168,12,0,0,3168,145,0,4,0,1028,182,0,8,0,530,1,0,2,0,272,0,0,0,0,163,753,0,8,0,0,9,1,1,0,0,1,1,0,0
0,28,1,20,6,4,1,1.01363,1.000319,0.985094,18,2,584,10,5,60,24,1,-96,0,-100,-100,0,80,23,245,18,0,0,3168,4,0,6,0,1028,367,0,12,0,530,0,0,4,0,272,0,0,0,0,163,493,0,12,0,0,2,2,1,0,0,1,1,0,0
0,28,2,32,6,4,1,1.009987,0.985231,1.006349,27,8,1334,100,100,60,24,1,98,-100,0,87,2,80,23,107,24,0,0,3168,195,0,8,0,1028,215,0,16,0,530,0,0,8,0,272,0,0,0,0,163,1089,0,18,0,0,29,4,1,0,0,1,1,0,0
0,28,3,1,6,4,1,0.963447,0.899399,1.006257,0,1,459,95,90,60,24,1,93,-100,87,0,2,80,23,338,0,0,0,3168,174,0,0,0,1028,198,0,0,0,530,0,0,0,0,272,0,0,0,0,163,441,0,0,0,0,10,0,0,0,0,0,0,0,0
0,29,0,13,3,3,0,1.001314,1.00212,1.001004,10,5,959,100,100,60,24,1,0,-96,100,93,1,80,34,183,12,0,0,3076,144,0,4,0,1028,186,0,8,0,533,1,0,2,0,272,0,0,0,0,219,754,0,8,0,0,9,1,1,0,0,1,1,0,0
0,29,1,21,3,3,0,1.016302,1.003344,0.986365,19,2,584,15,10,60,24,1,-96,0,-100,-100,0,80,34,257,18,0,0,3076,14,0,6,0,1028,379,0,12,0,533,0,0,2,0,272,0,0,0,0,219,528,0,10,0,0,2,1,1,0,0,1,1,0,0
0,29,2,32,3,3,0,1.01244,0.986105,1.009834,27,8,1334,100,100,60,24,1,100,-100,0,87,1,80,34,115,24,0,0,3076,227,0,8,0,1028,223,0,16,0,533,1,0,6,0,272,0,0,0,0,219,1098,0,18,0,0,30,3,2,0,0,2,2,0,0
0,29,3,0,3,3,0,0,0,0,0,1,459,95,95,60,24,1,93,-100,87,0,0,80,34,337,0,0,0,3076,173,0,0,0,1028,198,0,0,0,533,0,0,0,0,272,0,0,0,0,219,441,0,0,0,0,10,0,0,0,0,0,0,0,0
0,30,0,11,0,8,0,0.996822,0.997486,1.004794,9,5,959,100,100,60,24,1,0,-96,100,93,1,80,26,201,15,0,0,3157,142,0,5,0,1020,191,0,10,0,534,1,0,4,0,268,0,0,0,0,163,746,0,11,0,0,10,2,1,0,0,1,1,0,0
0,30,1,19,0,8,0,1.021497,1.00132,0.981489,18,2,584,20,15,60,24,1,-96,0,-100,-100,0,80,26,273,21,0,0,3157,13,0,7,0,1020,394,0,14,0,534,0,0,0,0,268,0,0,0,0,163,559,0,9,0,0,1,0,1,0,0,1,1,0,0
0,30,2,28,0,8,0,1.004108,0.986381,1.010099,26,8,1334,100,100,60,24,1,100,-100,0,87,1,80,26,127,27,0,0,3157,186,0,9,0,1020,229,0,18,0,534,1,0,6,0,268,0,0,4,0,163,1171,16,17,0,0,32,3,1,0,0,1,1,0,0
0,30,3,0,0,8,0,0,0,0,0,1,459,95,95,60,24,1,93,-100,87,0,0,80,26,337,0,0,0,3157,173,0,0,0,1020,198,0,0,0,534,0,0,0,0,268,0,0,0,0,163,441,0,0,0,0,10,0,0,0,0,0,0,0,0
0,31,0,6,0,18,0,1.009583,0.994014,1.026909,6,5,959,100,100,65,24,1,0,-100,100,93,1,80,37,200,3,0,0,3096,146,0,1,0,1025,192,0,2,0,544,1,0,0,0,262,0,0,1,0,242,752,4,1,0,0,10,0,0,0,0,0,0,0,0
0,31,1,14,0,18,0,1.038807,1.002781,0.983763,14,2,584,25,20,65,24,1,-100,0,-100,-100,0,80,37,280,15,0,0,3096,5,0,5,0,1025,401,0,10,0,544,0,0,0,0,262,0,0,1,0,242,579,4,5,0,0,1,0,0,0,0,0,0,0,0
0,31,2,20,0,18,0,1.012333,0.995549,1.003471,20,8,1334,56.537834,51.537834,65,24,1,100,-100,0,100,1,80,37,125,9,0,0,3096,227,0,3,0,1025,226,0,6,0,544,1,0,0,0,262,0,0,8,0,242,1212,32,3,0,0,32,0,0,0,0,0,0,0,0
0,31,3,0,0,18,0,0,0,0,0,1,459,95,95,65,24,1,93,-100,100,0,0,80,37,337,0,0,0,3096,173,0,0,0,1025,198,0,0,0,544,0,0,0,0,262,0,0,0,0,242,441,0,0,0,0,10,0,0,0,0,0,0,0,0
0,32,0,5,2,4,0,1.002118,0.995976,1.037101,5,5,959,100,100,65,24,1,0,-100,100,93,1,80,35,203,3,0,0,3173,147,0,1,0,1059,193,0,2,0,538,0,0,2,0,263,0,0,2,0,198,760,8,3,0,0,11,1,0,0,0,0,0,0,0
0,32,1,14,2,4,0,1.038807,1.002781,0.983763,14,2,584,30,25,65,24,1,-100,0,-100,-100,0,80,35,298,15,0,0,3173,5,0,5,0,1059,411,0,10,0,538,1,0,0,0,263,0,0,0,0,198,579,0,5,0,0,1,0,0,0,0,0,0,0,0
0,32,2,19,2,4,0,1.018686,0.991962,0.995541,17,8,1334,61.537834,56.537834,65,24,1,100,-100,0,100,1,80,35,127,6,0,0,3173,205,0,2,0,1059,228,0,4,0,538,1,0,4,0,263,0,0,7,0,198,1295,28,6,0,0,34,2,0,0,0,0,0,0,0
0,32,3,0,2,4,0,0,0,0,0,1,459,95,95,65,24,1,93,-100,100,0,0,80,35,337,0,0,0,3173,173,0,0,0,1059,198,0,0,0,538,0,0,0,0,263,0,0,0,0,198,441,0,0,0,0,10,0,0,0,0,0,0,0,0
0,33,0,4,2,2,0,1.004097,1.005166,1.033723,4,5,959,100,100,65,24,1,0,-100,100,93,1,80,48,205,3,0,0,3173,149,0,1,0,1059,194,0,2,0,524,1,0,2,0,272,0,0,0,0,207,757,0,3,0,0,12,1,0,0,0,0,0,0,0
0,33,1,15,2,2,0,1.035388,1.005094,0.983859,14,2,584,35,30,65,24,1,-100,0,-100,-100,0,80,48,310,15,0,0,3173,5,0,5,0,1059,421,0,10,0,524,0,0,6,0,272,0,0,0,0,207,573,0,11,0,0,4,3,0,0,0,0,0,0,0
0,33,2,19,2,2,0,1.019805,0.993198,0.993448,16,8,1334,66.537834,61.537834,65,24,1,100,-100,0,100,1,80,48,131,6,0,0,3173,184,0,2,0,1059,230,0,4,0,524,1,0,12,0,272,0,0,0,0,207,1318,0,16,0,0,39,6,1,0,0,1,1,0,0
0,33,3,0,2,2,0,0,0,0,0,1,459,95,95,65,24,1,93,-100,100,0,0,80,48,337,0,0,0,3173,173,0,0,0,1059,198,0,0,0,524,0,0,0,0,272,0,0,0,0,207,441,0,0,0,0,10,0,0,0,0,0,0,0,0
0,34,0,4,2,5,0,1.004097,1.005166,1.033723,4,5,959,100,100,65,24,1,0,-100,100,93,1,80,48,207,3,0,0,3114,144,0,1,0,1062,195,0,2,0,536,0,0,2,0,272,0,0,0,0,260,754,0,3,0,0,13,1,0,0,0,0,0,0,0
0,34,1,12,2,5,0,1.026094,1.005158,0.991909,10,2,584,40,35,65,24,1,-100,0,-100,-100,0,80,48,319,15,0,0,3114,15,0,5,0,1062,431,0,10,0,536,0,0,0,0,272,0,0,0,0,260,575,0,7,0,0,3,0,1,0,0,1,1,0,0
0,34,2,19,2,5,0,1.024399,0.990609,0.989323,16,8,1334,71.537834,66.537834,65,24,1,100,-100,0,100,1,80,48,134,6,0,0,3114,219,0,2,0,1062,229,0,4,0,536,0,0,8,0,272,0,0,0,0,260,1321,0,12,0,0,42,4,1,0,0,1,1,0,0
0,34,3,0,2,5,0,0,0,0,0,1,459,95,95,65,24,1,93,-100,100,0,0,80,48,337,0,0,0,3114,173,0,0,0,1062,198,0,0,0,536,0,0,0,0,272,0,0,0,0,260,441,0,0,0,0,10,0,0,0,0,0,0,0,0
0,35,0,3,1,6,0,0.998515,1.021011,1.069165,3,5,959,100,100,69,24,1,0,-100,100,93,1,80,58,208,3,0,0,3200,139,0,1,0,1062,196,0,2,0,524,1,0,0,0,271,0,0,0,0,263,753,0,1,0,0,13,0,0,0,0,0,0,0,0
0,35,1,9,1,6,0,1.038836,1.02421,0.993208,8,2,584,45,40,69,24,1,-100,0,-100,-100,0,80,58,325,9,0,0,3200,0,0,3,0,1062,440,0,6,0,524,2,0,4,0,271,0,0,1,0,263,575,4,9,0,0,4,2,1,0,0,1,1,0,0
0,35,2,18,1,6,0,1.032631,0.992854,0.994693,15,8,1334,47.006029,42.006029,69,24,1,100,-100,0,100,1,80,58,129,3,0,0,3200,199,0,1,0,1062,230,0,2,0,524,1,0,12,0,271,0,0,0,0,263,1319,0,15,0,0,47,6,1,0,0,1,1,0,0
0,35,3,0,1,6,0,0,0,0,0,1,459,95,95,69,24,1,93,-100,100,0,0,80,58,337,0,0,0,3200,173,0,0,0,1062,198,0,0,0,524,0,0,0,0,271,0,0,0,0,263,441,0,0,0,0,10,0,0,0,0,0,0,0,0
0,36,0,2,1,2,0,0.944297,1.0455,1.061635,2,5,959,100,100,69,24,1,0,-100,100,93,1,80,55,205,0,0,0,3191,136,0,0,0,1069,196,0,0,0,524,1,0,2,0,270,0,0,0,0,240,751,0,2,0,0,14,1,0,0,0,0,0,0,0
0,36,1,9,1,2,0,1.038836,1.02421,0.993208,9,2,584,50,45,69,24,1,-100,0,-100,-100,0,80,55,323,0,0,0,3191,0,0,0,0,1069,453,0,0,0,524,6,0,4,0,270,0,0,0,0,240,580,0,4,0,0,6,2,0,0,0,0,0,0,0
0,36,2,18,1,2,0,1.035291,0.985339,0.994942,15,8,1334,52.006029,47.006029,69,24,1,100,-100,0,100,1,80,55,135,6,0,0,3191,179,0,2,0,1069,232,0,4,0,524,1,0,10,0,270,0,0,2,0,240,1322,8,14,0,0,51,5,1,0,0,1,1,0,0
0,36,3,0,1,2,0,0,0,0,0,1,459,95,95,69,24,1,93,-100,100,0,0,80,55,337,0,0,0,3191,173,0,0,0,1069,198,0,0,0,524,0,0,0,0,270,0,0,0,0,240,441,0,0,0,0,10,0,0,0,0,0,0,0,0
0,37,0,2,3,1,0,0.944297,1.0455,1.061635,2,5,959,100,100,69,24,1,0,-100,100,93,1,80,56,203,0,0,0,3151,134,0,0,0,1072,196,0,0,0,523,1,0,0,0,272,0,0,0,0,278,751,0,0,0,0,14,0,0,0,0,0,0,0,0
0,37,1,10,3,1,0,1.047694,1.021283,0.986151,9,2,584,55,50,69,24,1,-100,0,-100,-100,0,80,56,321,0,0,0,3151,0,0,0,0,1072,463,0,0,0,523,11,0,4,0,272,0,0,0,0,278,580,0,4,0,0,8,2,0,0,0,0,0,0,0
0,37,2,19,3,1,0,1.039215,0.980457,0.991673,15,8,1334,57.006029,52.006029,69,24,1,100,-100,0,100,1,80,56,140,6,0,0,3151,199,0,2,0,1072,234,0,4,0,523,1,0,12,0,272,0,0,0,0,278,1318,0,16,0,0,56,6,1,0,0,1,1,0,0
0,37,3,0,3,1,0,0,0,0,0,1,459,95,95,69,24,1,93,-100,100,0,0,80,56,337,0,0,0,3151,173,0,0,0,1072,198,0,0,0,523,0,0,0,0,272,0,0,0,0,278,441,0,0,0,0,10,0,0,0,0,0,0,0,0
0,38,0,2,0,2,0,0.944297,1.0455,1.061635,2,5,959,100,100,69,24,1,0,-100,100,93,1,80,52,201,0,0,0,3180,132,0,0,0,1070,196,0,0,0,544,1,0,0,0,251,0,0,0,0,240,751,0,0,0,0,14,0,0,0,0,0,0,0,0
0,38,1,10,0,2,0,1.047694,1.021283,0.986151,9,2,584,60,55,69,24,1,-100,0,-100,-100,0,80,52,333,12,0,0,3180,6,0,4,0,1070,467,0,8,0,544,5,0,6,0,251,3,0,3,0,240,576,12,12,0,0,10,3,1,0,0,1,1,0,0
0,38,2,17,0,2,0,1.039072,0.973836,0.986007,14,8,1334,62.006029,57.006029,69,24,1,100,-100,0,100,1,80,52,145,6,0,0,3180,178,0,2,0,1070,236,0,4,0,544,1,0,0,0,251,5,0,10,0,240,1328,40,6,0,0,54,0,2,0,0,2,2,0,0
0,38,3,0,0,2,0,0,0,0,0,1,459,95,95,69,24,1,93,-100,100,0,0,80,52,337,0,0,0,3180,173,0,0,0,1070,198,0,0,0,544,0,0,0,0,251,0,0,0,0,240,441,0,0,0,0,10,0,0,0,0,0,0,0,0
0,39,0,1,1,4,0,0.866635,1.049585,1.031282,1,5,959,100,100,69,24,1,0,-100,100,93,1,80,52,199,0,0,0,3162,130,0,0,0,1067,196,0,0,0,543,1,0,0,0,259,0,0,0,0,272,751,0,0,0,0,14,0,0,0,0,0,0,0,0
0,39,1,11,1,4,0,1.04623,1.023071,0.982969,10,2,584,65,60,69,24,1,-100,0,-100,-100,0,80,52,345,12,0,0,3162,6,0,4,0,1067,474,0,8,0,543,0,0,6,0,259,1,0,3,0,272,578,12,10,0,0,13,3,0,0,0,0,0,0,0
0,39,2,14,1,4,0,1.034792,0.979271,0.99337,13,8,1334,67.006029,62.006029,69,24,1,100,-100,0,100,1,80,52,150,6,0,0,3162,183,0,2,0,1067,238,0,4,0,543,1,0,0,0,259,6,0,8,0,272,1330,32,4,0,0,53,0,1,0,0,1,1,0,0
0,39,3,0,1,4,0,0,0,0,0,1,459,95,95,69,24,1,93,-100,100,0,0,80,52,337,0,0,0,3162,173,0,0,0,1067,198,0,0,0,543,0,0,0,0,259,0,0,0,0,272,441,0,0,0,0,10,0,0,0,0,0,0,0,0
0,40,0,1,3,5,0,0.866635,1.049585,1.031282,1,5,959,100,100,69,24,1,0,-100,100,93,1,80,52,198,0,0,0,3175,129,0,0,0,1067,196,0,0,0,532,1,0,0,0,272,0,0,0,0,259,751,0,0,0,0,14,0,0,0,0,0,0,0,0
0,40,1,11,3,5,0,1.028687,1.025997,0.987922,8,2,584,70,65,69,24,1,-100,0,-100,-100,0,80,52,352,9,0,0,3175,7,0,3,0,1067,478,0,6,0,532,1,0,2,0,272,0,0,1,0,259,577,4,7,0,0,13,1,1,0,0,1,1,0,0
0,40,2,12,3,5,0,1.027061,0.982213,0.99827,11,8,1334,72.006029,67.006029,69,24,1,100,-100,0,100,1,80,52,155,6,0,0,3175,167,0,2,0,1067,240,0,4,0,532,0,0,10,0,272,0,0,6,0,259,1332,24,12,0,0,58,5,0,0,0,0,0,0,0
0,40,3,0,3,5,0,0,0,0,0,1,459,95,95,69,24,1,93,-100,100,0,0,80,52,337,0,0,0,3175,173,0,0,0,1067,198,0,0,0,532,0,0,0,0,272,0,0,0,0,259,441,0,0,0,0,10,0,0,0,0,0,0,0,0
3,1,0,49,2,7,0,0.996929,0.995303,1.008799,0,0,334,100,100,3,0,0,0,-22,2,8,0,80,1,57,36,0,0,2802,201,0,12,0,911,62,0,24,0,502,1,0,44,0,201,16,0,24,0,146,121,96,74,0,0,13,22,9,0,0,9,9,0,0
3,1,1,46,2,7,0,1.000989,0.998932,1.008102,0,0,334,100,100,3,0,0,-22,0,-22,-26,0,80,1,48,36,0,0,2802,205,0,12,0,911,81,0,24,0,502,0,0,42,0,201,26,0,22,0,146,133,88,72,0,0,12,21,9,0,0,9,9,0,0
3,1,2,49,2,7,0,0.996214,0.993598,1.006328,0,0,334,100,100,3,0,0,2,-22,0,6,0,80,1,54,36,0,0,2802,201,0,12,0,911,62,0,24,0,502,1,0,44,0,201,16,0,24,0,146,125,96,74,0,0,13,22,9,0,0,9,9,0,0
3,1,3,51,2,7,0,0.995348,0.996379,1.006851,0,0,334,91.206062,86.206062,3,0,0,8,-26,6,0,0,80,1,61,39,0,0,2802,200,0,13,0,911,63,0,26,0,502,1,0,42,0,201,19,0,24,0,146,126,96,73,0,0,12,21,9,0,0,9,9,0,0
3,2,0,50,3,15,0,0.995053,0.994132,1.009602,9,0,334,100,100,14,0,0,0,-34,36,4,1,80,7,64,36,0,0,2830,236,0,12,0,922,74,0,24,0,481,0,0,16,0,221,6,0,24,0,263,177,96,46,0,0,12,8,9,0,0,9,9,0,0
3,2,1,43,3,15,0,0.999726,0.999159,1.007246,7,0,334,66.414876,61.414876,14,0,0,-34,0,-70,-56,0,80,7,46,36,0,0,2830,237,0,12,0,922,112,0,24,0,481,1,0,16,0,221,18,0,20,0,263,173,80,46,0,0,11,8,9,0,0,9,9,0,0
3,2,2,40,3,15,0,0.988813,0.991313,1.003568,8,0,334,43.939406,38.939406,14,0,0,36,-70,0,32,2,80,7,54,36,0,0,2830,220,0,12,0,922,74,0,24,0,481,1,0,16,0,221,10,0,15,0,263,156,60,38,0,0,16,8,5,0,0,5,5,0,0
3,2,3,50,3,15,0,0.996128,0.998848,1.007507,7,0,334,96.206062,91.206062,14,0,0,4,-56,32,0,1,80,7,62,39,0,0,2830,232,0,13,0,922,76,0,26,0,481,1,0,12,0,221,11,0,24,0,263,179,96,43,0,0,9,6,9,0,0,9,9,0,0
3,3,0,49,3,16,0,0.9948,0.993375,1.009547,17,0,334,100,100,20,0,1,0,-42,50,12,1,80,10,68,36,0,0,3200,174,0,12,0,933,80,0,24,0,524,1,0,4,0,137,16,0,24,0,147,288,96,34,0,0,5,2,9,0,0,9,9,0,0
3,3,1,37,3,16,0,0.99363,0.997442,1.011853,14,0,334,51.270305,46.270305,20,0,1,-42,0,-86,-84,0,80,10,48,33,0,0,3200,183,0,11,0,933,135,0,22,0,524,0,0,14,0,137,38,0,14,0,147,212,56,43,0,0,9,7,9,0,0,9,9,0,0
3,3,2,37,3,16,0,0.987583,0.988289,1.003059,12,0,334,32.895418,27.895418,20,0,1,50,-86,0,54,2,80,10,64,33,0,0,3200,169,0,11,0,933,85,0,22,0,524,1,0,0,0,137,22,0,15,0,147,228,60,23,0,0,10,0,6,0,0,6,6,0,0
3,3,3,47,3,16,0,0.992253,0.999093,1.011315,14,0,334,82.34876,77.34876,20,0,1,12,-84,54,0,1,80,10,75,42,0,0,3200,168,0,14,0,933,90,0,28,0,524,1,0,0,0,137,19,0,22,0,147,269,88,32,0,0,0,0,9,0,0,9,9,0,0
3,4,0,46,4,16,0,0.998054,0.995349,1.011815,22,0,334,100,100,29,0,1,0,-54,52,44,2,80,4,71,33,0,0,2926,194,0,11,0,924,91,0,22,0,514,1,0,12,0,270,0,0,16,0,169,305,64,41,0,0,2,6,9,0,0,9,9,0,0
3,4,1,30,4,16,0,0.996789,0.993845,1.005862,20,0,334,29.907324,24.907324,29,0,1,-54,0,-98,-100,0,80,4,49,27,0,0,2926,177,0,9,0,924,157,0,18,0,514,1,0,2,0,270,25,0,14,0,169,294,56,21,0,0,5,1,5,0,0,5,5,0,0
3,4,2,37,4,16,0,0.988614,0.985481,1.003105,17,0,334,37.895418,32.895418,29,0,1,52,-98,0,86,2,80,4,81,33,0,0,2926,193,0,11,0,924,96,0,22,0,514,0,0,10,0,270,7,0,15,0,169,270,60,33,0,0,9,5,6,0,0,6,6,0,0
3,4,3,45,4,16,0,0.992066,0.998977,1.010672,20,0,334,39.601434,34.601434,29,0,1,44,-100,86,0,2,80,4,89,42,0,0,2926,171,0,14,0,924,104,0,28,0,514,0,0,4,0,270,1,0,19,0,169,316,76,22,0,0,0,2,2,0,0,2,2,0,0
3,5,0,44,2,12,0,0.997164,0.993393,1.014544,28,0,334,100,100,34,1,1,0,-62,52,68,2,80,5,73,30,0,0,2974,210,0,10,0,943,101,0,20,0,462,0,0,26,0,265,0,0,3,0,161,286,12,52,0,0,7,13,8,0,0,8,8,0,0
3,5,1,27,2,12,0,0.997726,0.992115,1.005782,23,0,334,23.937467,18.937467,34,1,1,-62,0,-100,-100,0,80,5,57,24,0,0,2974,149,0,8,0,943,176,0,16,0,462,0,0,18,0,265,14,0,12,0,161,322,48,30,0,0,12,9,2,0,0,2,2,0,0
3,5,2,35,2,12,0,0.986583,0.983848,1.005885,21,0,334,42.895418,37.895418,34,1,1,52,-100,0,100,2,80,5,93,33,0,0,2974,209,0,11,0,943,107,0,22,0,462,0,0,18,0,265,0,0,10,0,161,286,40,39,0,0,13,9,5,0,0,5,5,0,0
3,5,3,42,2,12,0,0.992663,0.996394,1.011709,20,0,334,5,0,34,1,1,68,-100,100,0,2,80,5,100,39,0,0,2974,175,0,13,0,943,117,0,26,0,462,0,0,22,0,265,0,0,1,0,161,281,4,53,0,0,2,11,9,0,0,9,9,0,0
3,6,0,43,4,10,0,0.991622,0.996173,1.016359,32,0,334,100,100,38,2,1,0,-68,70,68,2,80,5,81,30,0,0,3062,212,0,10,0,954,111,0,20,0,527,0,0,4,0,215,6,0,18,0,123,316,72,22,0,0,5,2,4,0,0,4,4,0,0
3,6,1,26,4,10,0,0.993666,0.994441,1.005387,24,0,334,16.883085,11.883085,38,2,1,-68,0,-100,-100,0,80,5,69,24,0,0,3062,124,0,8,0,954,195,0,16,0,527,1,0,6,0,215,2,0,12,0,123,324,48,16,0,0,14,3,1,0,0,1,1,0,0
3,6,2,32,4,10,0,0.986434,0.979359,1.004437,23,0,334,14.356577,9.356577,38,2,1,70,-100,0,100,2,80,5,99,27,0,0,3062,165,0,9,0,954,116,0,18,0,527,0,0,6,0,215,0,0,12,0,123,315,48,25,0,0,11,3,5,0,0,5,5,0,0
3,6,3,41,4,10,0,0.992477,0.991284,1.011425,27,0,334,10,5,38,2,1,68,-100,100,0,2,80,5,115,39,0,0,3062,176,0,13,0,954,130,0,26,0,527,0,0,0,0,215,3,0,18,0,123,317,72,17,0,0,0,0,2,0,0,2,2,0,0
3,7,0,43,3,7,0,0.991962,0.993262,1.014768,35,0,334,100,100,40,2,1,0,-72,84,70,2,80,5,83,30,0,0,3062,159,0,10,0,963,121,0,20,0,465,0,0,28,0,272,0,0,6,0,130,298,24,46,0,0,15,14,4,0,0,4,4,0,0
3,7,1,24,3,7,0,0.998293,0.996386,1.008191,23,1,459,21.883085,16.883085,40,2,1,-72,0,-100,-100,0,80,5,82,24,0,0,3062,100,0,8,0,963,214,0,16,0,465,0,0,8,0,272,0,0,2,0,130,301,8,35,0,0,0,4,18,0,0,1,1,0,0
3,7,2,31,3,7,0,0.981387,0.983775,1.001958,26,1,459,5,0,40,2,1,84,-100,0,100,2,80,5,114,27,0,0,3062,188,0,9,0,963,125,0,18,0,465,1,0,20,0,272,0,0,0,0,130,272,0,50,0,0,2,10,19,0,0,2,2,0,0
3,7,3,40,3,7,0,0.990044,0.987105,1.011121,27,0,334,15,10,40,2,1,70,-100,100,0,2,80,5,126,33,0,0,3062,180,0,11,0,963,141,0,22,0,465,1,0,22,0,272,0,0,3,0,130,293,12,45,0,0,5,11,6,0,0,6,6,0,0
3,8,0,38,5,17,0,0.994392,0.985311,1.014967,33,0,334,100,100,43,3,1,0,-76,96,70,2,80,7,87,30,0,0,2998,178,0,10,0,970,131,0,20,0,523,1,0,2,0,236,0,0,10,0,175,320,40,16,0,0,14,1,2,0,0,2,2,0,0
3,8,1,21,5,17,0,0.996391,0.989376,0.999573,20,1,459,17.27826,12.27826,43,3,1,-76,0,-100,-100,0,80,7,92,24,0,0,2998,78,0,8,0,970,229,0,16,0,523,0,0,0,0,236,0,0,0,0,175,347,0,8,0,0,0,0,0,0,0,0,0,0,0
3,8,2,30,5,17,0,0.979476,0.980603,0.998925,26,1,459,5,0,43,3,1,96,-100,0,100,2,80,7,127,27,0,0,2998,212,0,9,0,970,131,0,18,0,523,1,0,2,0,236,0,0,6,0,175,281,24,15,0,0,1,1,2,0,0,2,2,0,0
3,8,3,37,5,17,0,0.993615,0.974452,1.012113,28,0,334,20,15,43,3,1,70,-100,100,0,2,80,7,140,33,0,0,2998,185,0,11,0,970,152,0,22,0,523,0,0,6,0,236,0,0,11,0,175,315,44,25,0,0,4,3,4,0,0,4,4,0,0
3,9,0,39,5,7,0,0.996403,0.989888,1.012607,34,1,459,100,100,43,3,1,0,-76,98,72,2,80,18,94,33,0,0,3064,201,0,11,0,986,128,0,22,0,499,0,0,16,0,268,0,0,0,0,129,286,0,48,0,0,3,8,19,0,0,2,2,0,0
3,9,1,21,5,7,0,0.992394,0.985154,1.000225,19,1,459,22.27826,17.27826,43,3,1,-76,0,-100,-100,0,80,18,111,27,0,0,3064,48,0,9,0,986,247,0,18,0,499,0,0,0,0,268,0,0,0,0,129,378,0,9,0,0,0,0,0,0,0,0,0,0,0
3,9,2,28,5,7,0,0.974609,0.970735,0.998677,25,1,459,10,5,43,3,1,98,-100,0,100,2,80,18,136,21,0,0,3064,175,0,7,0,986,138,0,14,0,499,0,0,16,0,268,0,0,2,0,129,335,8,25,0,0,8,8,1,0,0,1,1,0,0
3,9,3,36,5,7,0,0.997023,0.975187,1.01416,30,0,334,25,20,43,3,1,72,-100,100,0,2,80,18,151,30,0,0,3064,202,0,10,0,986,155,0,20,0,499,1,0,14,0,268,0,0,2,0,129,306,8,30,0,0,8,7,3,0,0,3,3,0,0
3,10,0,35,3,9,0,0.996063,0.985347,1.012757,33,1,459,100,100,47,4,1,0,-82,96,90,2,80,16,105,30,0,0,3016,216,0,10,0,973,135,0,20,0,526,0,0,6,0,236,0,0,9,0,184,335,36,18,0,0,5,3,1,0,0,1,1,0,0
3,10,1,20,3,9,0,0.991926,0.989349,0.997829,18,1,459,5,0,47,4,1,-82,0,-100,-100,0,80,16,130,27,0,0,3016,18,0,9,0,973,269,0,18,0,526,0,0,0,0,236,0,0,3,0,184,415,12,9,0,0,0,0,0,0,0,0,0,0,0
3,10,2,29,3,9,0,0.974454,0.968269,0.999921,26,1,459,15,10,47,4,1,96,-100,0,100,2,80,16,141,21,0,0,3016,196,0,7,0,973,142,0,14,0,526,0,0,6,0,236,0,0,12,0,184,386,48,15,0,0,10,3,1,0,0,1,1,0,0
3,10,3,34,3,9,0,0.99597,0.968834,1.01607,29,0,334,8.369973,3.369973,47,4,1,90,-100,100,0,2,80,16,159,27,0,0,3016,213,0,9,0,973,164,0,18,0,526,0,0,6,0,236,0,0,12,0,184,321,48,19,0,0,9,3,2,0,0,2,2,0,0
3,11,0,35,4,4,0,0.996705,0.983518,1.010757,33,1,459,100,100,48,5,1,0,-82,94,90,2,80,27,113,30,0,0,3198,171,0,10,0,973,142,0,20,0,506,0,0,14,0,259,0,0,4,0,180,357,16,26,0,0,11,7,1,0,0,1,1,0,0
3,11,1,21,4,4,0,0.992269,0.98866,0.997073,17,1,459,5,0,48,5,1,-82,0,-100,-100,0,80,27,121,0,0,0,3198,0,0,0,0,973,301,0,0,0,506,0,0,0,0,259,0,0,0,0,180,436,0,0,0,0,0,0,0,0,0,0,0,0,0
3,11,2,30,4,4,0,0.97633,0.967567,0.998045,27,2,584,20,15,48,5,1,94,-100,0,98,2,80,27,146,24,0,0,3198,159,0,8,0,973,147,0,16,0,506,1,0,16,0,259,0,0,3,0,180,387,12,43,0,0,0,8,18,0,0,1,1,0,0
3,11,3,32,4,4,0,0.998792,0.968604,1.014682,29,0,334,13.369973,8.369973,48,5,1,90,-100,98,0,2,80,27,169,30,0,0,3198,169,0,10,0,973,174,0,20,0,506,1,0,6,0,259,0,0,6,0,180,320,24,20,0,0,10,3,2,0,0,2,2,0,0
3,12,0,34,4,5,1,1.002927,0.980503,1.010503,32,1,459,100,100,49,6,1,0,-82,94,88,2,80,14,126,30,0,0,2993,182,0,10,0,1046,136,0,20,0,520,1,0,6,0,244,0,0,8,0,185,398,32,18,0,0,13,3,1,0,0,1,1,0,0
3,12,1,21,4,5,1,0.992972,0.987313,0.996811,17,1,459,5,0,49,6,1,-82,0,-100,-100,0,80,14,140,27,0,0,2993,1,0,9,0,1046,296,0,18,0,520,0,0,0,0,244,0,0,0,0,185,450,0,9,0,0,0,0,0,0,0,0,0,0,0
3,12,2,32,4,5,1,0.977978,0.969239,0.998875,28,2,584,25,20,49,6,1,94,-100,0,96,2,80,14,157,24,0,0,2993,177,0,8,0,1046,138,0,16,0,520,0,0,8,0,244,0,0,14,0,185,446,56,18,0,0,3,4,1,0,0,1,1,0,0
3,12,3,30,4,5,1,0.996303,0.962424,1.012285,29,0,334,18.369973,13.369973,49,6,1,88,-100,96,0,2,80,14,183,27,0,0,2993,184,0,9,0,1046,164,0,18,0,520,1,0,10,0,244,0,0,6,0,185,323,24,21,0,0,14,5,1,0,0,1,1,0,0
3,13,0,33,1,7,0,1.003393,0.981896,1.010513,32,2,584,100,100,50,7,1,0,-82,94,88,2,80,9,138,30,0,0,2986,202,0,10,0,971,143,0,20,0,526,0,0,10,0,239,0,0,6,0,191,410,24,39,0,0,0,5,18,0,0,1,1,0,0
3,13,1,19,1,7,0,0.990145,0.985334,0.997101,16,1,459,5,0,50,7,1,-82,0,-100,-100,0,80,9,158,27,0,0,2986,1,0,9,0,971,318,0,18,0,526,0,0,0,0,239,0,0,0,0,191,450,0,9,0,0,0,0,0,0,0,0,0,0,0
3,13,2,31,1,7,0,0.975543,0.967862,0.995845,28,2,584,30,25,50,7,1,94,-100,0,94,2,80,9,167,24,0,0,2986,193,0,8,0,971,143,0,16,0,526,0,0,6,0,239,1,0,14,0,191,505,56,18,0,0,4,3,2,0,0,2,2,0,0
3,13,3,28,1,7,0,1.00176,0.956242,1.010054,27,0,334,23.369973,18.369973,50,7,1,88,-100,94,0,2,80,9,195,24,0,0,2986,202,0,8,0,971,172,0,16,0,526,1,0,0,0,239,0,0,12,0,191,326,48,8,0,0,14,0,0,0,0,0,0,0,0
3,14,0,29,5,11,0,0.996071,0.97916,1.004499,27,2,584,100,100,51,8,1,0,-82,94,88,2,80,18,149,30,0,0,3116,159,0,10,0,979,150,0,20,0,496,1,0,14,0,266,0,0,0,0,96,436,0,24,0,0,7,7,0,0,0,0,0,0,0
3,14,1,20,5,11,0,0.993575,0.987199,0.996552,16,1,459,5,0,51,8,1,-82,0,-100,-100,0,80,18,177,27,0,0,3116,1,0,9,0,979,340,0,18,0,496,0,0,0,0,266,0,0,0,0,96,450,0,9,0,0,0,0,0,0,0,0,0,0,0
3,14,2,32,5,11,0,0.974624,0.966227,0.996092,29,2,584,35,30,51,8,1,94,-100,0,92,2,80,18,175,21,0,0,3116,211,0,7,0,979,147,0,14,0,496,1,0,26,0,266,0,0,1,0,96,495,4,35,0,0,16,13,1,0,0,1,1,0,0
3,14,3,24,5,11,0,0.995126,0.948024,1.005361,23,0,334,28.369973,23.369973,51,8,1,88,-100,92,0,2,80,18,203,21,0,0,3116,167,0,7,0,979,179,0,14,0,496,1,0,6,0,266,0,0,6,0,96,325,24,15,0,0,16,3,1,0,0,1,1,0,0
3,15,0,31,3,10,0,0.999248,0.979308,1.000503,27,2,584,100,100,52,9,1,0,-82,94,88,2,80,9,171,33,0,0,3083,159,0,11,0,968,158,0,22,0,528,1,0,6,0,259,0,0,3,0,191,450,12,19,0,0,9,3,1,0,0,1,1,0,0
3,15,1,17,3,10,0,0.991092,0.97976,0.996996,13,1,459,5,0,52,9,1,-82,0,-100,-100,0,80,9,193,27,0,0,3083,1,0,9,0,968,367,0,18,0,528,0,0,0,0,259,0,0,0,0,191,450,0,9,0,0,0,0,0,0,0,0,0,0,0
3,15,2,31,3,10,0,0.975651,0.965888,0.992642,28,3,709,40,35,52,9,1,94,-100,0,90,2,80,9,186,24,0,0,3083,171,0,8,0,968,152,0,16,0,528,0,0,8,0,259,0,0,2,0,191,508,8,35,0,0,2,4,18,0,0,1,1,0,0
3,15,3,19,3,10,0,1.004246,0.948546,1.003851,19,0,334,33.369973,28.369973,52,9,1,88,-100,90,0,2,80,9,211,18,0,0,3083,177,0,6,0,968,185,0,12,0,528,1,0,0,0,259,0,0,8,0,191,328,32,6,0,0,16,0,0,0,0,0,0,0,0
3,16,0,29,5,21,0,0.997736,0.974957,1.005919,24,2,584,100,100,53,10,1,0,-82,94,88,2,80,6,198,36,0,0,3039,148,0,12,0,982,167,0,24,0,522,1,0,6,0,248,0,0,9,0,228,477,36,20,0,0,11,3,1,0,0,1,1,0,0
3,16,1,11,5,21,0,1.003876,0.993993,1.003085,7,1,459,5,0,53,10,1,-82,0,-100,-100,0,80,6,214,27,0,0,3039,0,0,9,0,982,386,0,18,0,522,0,0,0,0,248,0,0,0,0,228,431,0,9,0,0,0,0,0,0,0,0,0,0,0
3,16,2,28,5,21,0,0.979835,0.969505,0.993496,25,3,709,45,40,53,10,1,94,-100,0,88,2,80,6,196,21,0,0,3039,197,0,7,0,982,156,0,14,0,522,0,0,12,0,248,0,0,12,0,228,545,48,21,0,0,7,6,1,0,0,1,1,0,0
3,16,3,14,5,21,0,1.005727,0.942089,0.999035,13,1,459,38.369973,33.369973,53,10,1,88,-100,88,0,2,80,6,224,15,0,0,3039,185,0,5,0,982,190,0,10,0,522,1,0,4,0,248,0,0,3,0,228,312,12,26,0,0,1,2,17,0,0,0,0,0,0
3,17,0,28,3,7,0,0.999358,0.972487,1.00716,24,2,584,100,100,54,11,1,0,-82,94,88,2,80,27,217,33,0,0,3140,148,0,11,0,987,175,0,22,0,544,1,0,0,0,224,7,0,11,0,185,521,44,15,0,0,9,0,2,0,0,2,2,0,0
3,17,1,9,3,7,0,0.997887,0.997831,0.992295,5,1,459,5,0,54,11,1,-82,0,-100,-100,0,80,27,232,24,0,0,3140,1,0,8,0,987,405,0,16,0,544,0,0,0,0,224,0,0,0,0,185,409,0,8,0,0,0,0,0,0,0,0,0,0,0
3,17,2,29,3,7,0,0.978725,0.966901,0.996194,26,3,709,50,45,54,11,1,94,-100,0,88,2,80,27,203,21,0,0,3140,162,0,7,0,987,160,0,14,0,544,0,0,0,0,224,8,0,13,0,185,663,52,9,0,0,6,0,1,0,0,1,1,0,0
3,17,3,12,3,7,0,1.01313,0.957548,1.006628,9,1,459,43.369973,38.369973,54,11,1,88,-100,88,0,2,80,27,238,15,0,0,3140,166,0,5,0,987,195,0,10,0,544,1,0,0,0,224,3,0,3,0,185,336,12,7,0,0,0,0,1,0,0,1,1,0,0
3,18,0,26,3,11,0,1.003225,0.969562,1.006264,23,2,584,100,100,55,12,1,0,-82,92,88,2,80,26,238,33,0,0,3038,141,0,11,0,1065,153,0,22,0,503,1,0,6,0,269,0,0,10,0,270,557,40,19,0,0,11,3,1,0,0,1,1,0,0
3,18,1,9,3,11,0,0.997887,0.997831,0.992295,5,1,459,5,0,55,12,1,-82,0,-100,-100,0,80,26,253,24,0,0,3038,2,0,8,0,1065,408,0,16,0,503,0,0,0,0,269,0,0,0,0,270,396,0,8,0,0,0,0,0,0,0,0,0,0,0
3,18,2,25,3,11,0,0.970986,0.966834,0.995357,22,3,709,55,50,55,12,1,92,-100,0,86,2,80,26,211,21,0,0,3038,206,0,7,0,1065,148,0,14,0,503,0,0,8,0,269,0,0,8,0,270,690,32,17,0,0,9,4,1,0,0,1,1,0,0
3,18,3,10,3,11,0,1.014756,0.952201,1.007807,8,1,459,48.369973,43.369973,55,12,1,88,-100,86,0,2,80,26,248,12,0,0,3038,174,0,4,0,1065,188,0,8,0,503,0,0,4,0,269,0,0,3,0,270,344,12,10,0,0,1,2,1,0,0,1,1,0,0
3,19,0,26,3,5,0,1.015528,0.959691,1.00429,22,2,584,100,100,56,13,1,0,-82,92,88,2,80,25,258,27,0,0,3136,138,0,9,0,996,159,0,18,0,529,0,0,4,0,272,0,0,0,0,208,563,0,15,0,0,12,2,1,0,0,1,1,0,0
3,19,1,10,3,5,0,1.0012,0.987348,0.994425,5,1,459,5,0,56,13,1,-82,0,-100,-100,0,80,25,276,24,0,0,3136,1,0,8,0,996,421,0,16,0,529,0,0,0,0,272,0,0,0,0,208,388,0,8,0,0,0,0,0,0,0,0,0,0,0
3,19,2,24,3,5,0,0.97661,0.966047,0.997312,22,3,709,60,55,56,13,1,92,-100,0,86,2,80,25,219,21,0,0,3136,174,0,7,0,996,155,0,14,0,529,1,0,8,0,272,0,0,0,0,208,692,0,17,0,0,12,4,1,0,0,1,1,0,0
3,19,3,8,3,5,0,1.024545,0.954957,1.015735,7,1,459,53.369973,48.369973,56,13,1,88,-100,86,0,2,80,25,259,9,0,0,3136,177,0,3,0,996,191,0,6,0,529,1,0,2,0,272,0,0,0,0,208,343,0,7,0,0,1,1,1,0,0,1,1,0,0
3,20,0,27,3,2,0,1.015158,0.959258,1.00637,23,2,584,100,100,57,14,1,0,-82,92,88,2,80,26,281,30,0,0,3061,142,0,10,0,1002,166,0,20,0,528,1,0,6,0,272,0,0,0,0,243,564,0,20,0,0,13,3,2,0,0,2,2,0,0
3,20,1,10,3,2,0,1.0012,0.987348,0.994425,5,1,459,5,0,57,14,1,-82,0,-100,-100,0,80,26,298,24,0,0,3061,2,0,8,0,1002,434,0,16,0,528,0,0,0,0,272,0,0,0,0,243,385,0,8,0,0,0,0,0,0,0,0,0,0,0
3,20,2,25,3,2,0,0.977078,0.96196,0.999733,23,3,709,65,60,57,14,1,92,-100,0,84,2,80,26,236,21,0,0,3061,223,0,7,0,1002,162,0,14,0,528,0,0,10,0,272,0,0,0,0,243,682,0,19,0,0,16,5,1,0,0,1,1,0,0
3,20,3,7,3,2,0,1.024467,0.935949,1.020066,6,1,459,58.369973,53.369973,57,14,1,88,-100,84,0,2,80,26,264,6,0,0,3061,167,0,2,0,1002,193,0,4,0,528,1,0,0,0,272,0,0,0,0,243,363,0,2,0,0,1,0,0,0,0,0,0,0,0
3,21,0,29,5,2,0,1.015362,0.958252,1.008719,25,2,584,100,100,58,15,1,0,-82,92,88,2,80,23,306,33,0,0,3134,144,0,11,0,1003,174,0,22,0,541,0,0,4,0,260,0,0,5,0,190,571,20,17,0,0,14,2,1,0,0,1,1,0,0
3,21,1,11,5,2,0,1.001412,0.976781,0.995343,5,1,459,5,0,58,15,1,-82,0,-100,-100,0,80,23,323,24,0,0,3134,2,0,8,0,1003,438,0,16,0,541,0,0,0,0,260,0,0,0,0,190,382,0,8,0,0,0,0,0,0,0,0,0,0,0
3,21,2,25,5,2,0,0.977078,0.96196,0.999733,24,3,709,70,65,58,15,1,92,-100,0,82,2,80,23,253,24,0,0,3134,190,0,8,0,1003,170,0,16,0,541,0,0,0,0,260,0,0,7,0,190,699,28,10,0,0,15,0,1,0,0,1,1,0,0
3,21,3,7,5,2,0,1.057291,0.929078,1.019663,4,1,459,63.369973,58.369973,58,15,1,88,-100,82,0,2,80,23,269,3,0,0,3134,167,0,1,0,1003,194,0,2,0,541,1,0,0,0,260,0,0,0,0,190,369,0,3,0,0,0,0,1,0,0,1,1,0,0
3,22,0,30,3,4,0,1.013037,0.955793,1.008594,26,2,584,100,100,59,16,1,0,-82,90,86,2,80,26,329,33,0,0,3035,152,0,11,0,1004,182,0,22,0,525,1,0,8,0,272,0,0,0,0,253,561,0,23,0,0,16,4,2,0,0,2,2,0,0
3,22,1,11,3,4,0,1.001412,0.976781,0.995343,5,1,459,5,0,59,16,1,-82,0,-100,-100,0,80,26,345,24,0,0,3035,12,0,8,0,1004,443,0,16,0,525,0,0,0,0,272,0,0,0,0,253,379,0,8,0,0,0,0,0,0,0,0,0,0,0
3,22,2,27,3,4,0,0.97939,0.958951,0.998314,25,4,834,75,70,59,16,1,90,-100,0,80,2,80,26,268,24,0,0,3035,237,0,8,0,1004,178,0,16,0,525,1,0,6,0,272,0,0,0,0,253,677,0,31,0,0,1,3,17,0,0,0,0,0,0
3,22,3,3,3,4,0,1.055237,0.922286,1.020777,2,1,459,68.369973,63.369973,59,16,1,86,-100,80,0,2,80,26,268,0,0,0,3035,168,0,0,0,1004,194,0,0,0,525,0,0,4,0,272,0,0,0,0,253,366,0,6,0,0,1,2,1,0,0,1,1,0,0
3,23,0,31,2,6,1,1.011715,0.957192,1.010441,28,3,709,100,100,60,17,1,0,-84,88,87,2,80,25,352,33,0,0,3152,159,0,11,0,999,190,0,22,0,533,1,0,6,0,266,0,0,4,0,230,554,16,36,0,0,1,3,18,0,0,1,1,0,0
3,23,1,10,2,6,1,1.000401,0.985435,0.991855,4,1,459,5,0,60,17,1,-84,0,-100,-100,0,80,25,348,3,0,0,3152,0,0,1,0,999,457,0,2,0,533,0,0,0,0,266,0,0,0,0,230,383,0,1,0,0,0,0,0,0,0,0,0,0,0
3,23,2,25,2,6,1,0.978226,0.964021,0.995683,22,4,834,80,75,60,17,1,88,-100,0,81,2,80,25,274,21,0,0,3152,203,0,7,0,999,185,0,14,0,533,0,0,6,0,266,0,0,2,0,230,705,8,15,0,0,3,3,1,0,0,1,1,0,0
3,23,3,1,2,6,1,1.028585,0.978738,1.020308,1,1,459,73.369973,68.369973,60,17,1,87,-100,81,0,2,80,25,266,0,0,0,3152,165,0,0,0,999,194,0,0,0,533,0,0,0,0,266,0,0,0,0,230,366,0,0,0,0,1,0,0,0,0,0,0,0,0
3,24,0,25,0,8,0,1.012542,0.952829,1.00057,24,3,709,100,100,61,18,1,0,-84,88,85,1,80,32,359,18,0,0,3133,161,0,6,0,1012,193,0,12,0,542,0,0,2,0,260,0,0,5,0,185,597,20,10,0,0,1,1,1,0,0,1,1,0,0
3,24,1,9,0,8,0,0.998081,0.990689,0.998347,3,1,459,5,0,61,18,1,-84,0,-100,-100,0,80,32,366,18,0,0,3133,12,0,6,0,1012,447,0,12,0,542,0,0,0,0,260,0,0,0,0,185,384,0,6,0,0,0,0,0,0,0,0,0,0,0
3,24,2,25,0,8,0,0.978226,0.964021,0.995683,23,4,834,85,80,61,18,1,88,-100,0,79,1,80,32,285,21,0,0,3133,171,0,7,0,1012,192,0,14,0,542,1,0,0,0,260,0,0,7,0,185,799,28,9,0,0,2,0,1,0,0,1,1,0,0
3,24,3,0,0,8,0,0,0,0,0,1,459,73.369973,73.369973,61,18,1,85,-100,79,0,0,80,32,265,0,0,0,3133,164,0,0,0,1012,194,0,0,0,542,0,0,0,0,260,0,0,0,0,185,366,0,0,0,0,1,0,0,0,0,0,0,0,0
3,25,0,25,2,3,0,1.005584,0.954259,1.007164,24,3,709,100,100,61,18,1,0,-84,90,85,1,80,30,368,18,0,0,3080,170,0,6,0,1038,196,0,12,0,541,1,0,2,0,251,0,0,9,0,259,649,36,8,0,0,2,1,0,0,0,0,0,0,0
3,25,1,9,2,3,0,0.997028,0.99476,1.004477,3,1,459,10,5,61,18,1,-84,0,-100,-100,0,80,30,374,9,0,0,3080,0,0,3,0,1038,453,0,6,0,541,0,0,0,0,251,0,0,0,0,259,386,0,3,0,0,0,0,0,0,0,0,0,0,0
3,25,2,24,2,3,0,0.979481,0.963163,0.997057,23,4,834,90,85,61,18,1,90,-100,0,79,1,80,30,294,18,0,0,3080,212,0,6,0,1038,198,0,12,0,541,1,0,0,0,251,0,0,12,0,259,826,48,8,0,0,1,0,1,0,0,1,1,0,0
3,25,3,0,2,3,0,0,0,0,0,1,459,73.369973,73.369973,61,18,1,85,-100,79,0,0,80,30,265,0,0,0,3080,164,0,0,0,1038,194,0,0,0,541,0,0,0,0,251,0,0,0,0,259,366,0,0,0,0,1,0,0,0,0,0,0,0,0
3,26,0,25,3,4,0,1.005709,0.952062,1.014129,22,3,709,100,100,61,18,1,0,-84,92,85,1,80,33,377,18,0,0,3131,179,0,6,0,1030,199,0,12,0,541,0,0,4,0,252,0,0,11,0,243,694,44,12,0,0,3,2,1,0,0,1,1,0,0
3,26,1,10,3,4,0,0.993299,0.993815,1.009638,3,1,459,15,10,61,18,1,-84,0,-100,-100,0,80,33,392,18,0,0,3131,14,0,6,0,1030,447,0,12,0,541,0,0,0,0,252,0,0,0,0,243,383,0,6,0,0,0,0,0,0,0,0,0,0,0
3,26,2,22,3,4,0,0.981891,0.969207,0.996771,22,4,834,95,90,61,18,1,92,-100,0,79,1,80,33,302,15,0,0,3131,183,0,5,0,1030,203,0,10,0,541,1,0,0,0,252,0,0,9,0,243,829,36,5,0,0,1,0,0,0,0,0,0,0,0
3,26,3,0,3,4,0,0,0,0,0,1,459,73.369973,73.369973,61,18,1,85,-100,79,0,0,80,33,265,0,0,0,3131,164,0,0,0,1030,194,0,0,0,541,0,0,0,0,252,0,0,0,0,243,366,0,0,0,0,1,0,0,0,0,0,0,0,0
3,27,0,27,3,3,0,1.006225,0.956382,1.013759,23,3,709,100,100,61,18,1,0,-84,94,85,1,80,39,385,21,0,0,3086,187,0,7,0,1033,203,0,14,0,532,0,0,6,0,263,0,0,3,0,273,698,12,15,0,0,5,3,1,0,0,1,1,0,0
3,27,1,8,3,3,0,0.996215,1.010216,1.00447,3,1,459,20,15,61,18,1,-84,0,-100,-100,0,80,39,408,18,0,0,3086,8,0,6,0,1033,447,0,12,0,532,0,0,0,0,263,0,0,0,0,273,382,0,6,0,0,0,0,0,0,0,0,0,0,0
3,27,2,22,3,3,0,0.978278,0.965495,1.002621,21,4,834,100,95,61,18,1,94,-100,0,79,1,80,39,312,15,0,0,3086,220,0,5,0,1033,205,0,10,0,532,1,0,6,0,263,0,0,6,0,273,829,24,11,0,0,4,3,0,0,0,0,0,0,0
3,27,3,0,3,3,0,0,0,0,0,1,459,73.369973,73.369973,61,18,1,85,-100,79,0,0,80,39,265,0,0,0,3086,164,0,0,0,1033,194,0,0,0,532,0,0,0,0,263,0,0,0,0,273,366,0,0,0,0,1,0,0,0,0,0,0,0,0
3,28,0,26,0,5,0,1.002083,0.956892,1.014017,23,3,709,100,100,61,18,1,0,-84,96,85,1,80,41,394,21,0,0,3160,193,0,7,0,1032,207,0,14,0,523,0,0,12,0,272,0,0,0,0,217,686,0,23,0,0,9,6,2,0,0,2,2,0,0
3,28,1,6,0,5,0,1.000163,1.015261,0.994765,2,1,459,25,20,61,18,1,-84,0,-100,-100,0,80,41,405,0,0,0,3160,0,0,0,0,1032,459,0,0,0,523,0,0,0,0,272,0,0,0,0,217,387,0,0,0,0,0,0,0,0,0,0,0,0,0
3,28,2,20,0,5,0,0.978595,0.968734,1.001471,19,4,834,100,100,61,18,1,96,-100,0,79,1,80,41,312,12,0,0,3160,194,0,4,0,1032,209,0,8,0,523,0,0,10,0,272,0,0,0,0,217,818,0,16,0,0,8,5,1,0,0,1,1,0,0
3,28,3,0,0,5,0,0,0,0,0,1,459,73.369973,73.369973,61,18,1,85,-100,79,0,0,80,41,265,0,0,0,3160,164,0,0,0,1032,194,0,0,0,523,0,0,0,0,272,0,0,0,0,217,366,0,0,0,0,1,0,0,0,0,0,0,0,0
3,29,0,28,4,2,0,1.007356,0.954106,1.011401,25,3,709,100,100,61,18,1,0,-84,98,85,1,80,37,410,21,0,0,3194,160,0,7,0,1043,211,0,14,0,529,1,0,8,0,260,0,0,9,0,182,700,36,17,0,0,12,4,1,0,0,1,1,0,0
3,29,1,6,4,2,0,1.000163,1.015261,0.994765,2,1,459,30,25,61,18,1,-84,0,-100,-100,0,80,37,406,0,0,0,3194,0,0,0,0,1043,459,0,0,0,529,0,0,0,0,260,0,0,0,0,182,392,0,0,0,0,0,0,0,0,0,0,0,0,0
3,29,2,20,4,2,0,0.981313,0.97175,0.998058,18,4,834,100,100,61,18,1,98,-100,0,79,1,80,37,314,9,0,0,3194,171,0,3,0,1043,212,0,6,0,529,0,0,6,0,260,0,0,3,0,182,829,12,9,0,0,11,3,0,0,0,0,0,0,0
3,29,3,0,4,2,0,0,0,0,0,1,459,73.369973,73.369973,61,18,1,85,-100,79,0,0,80,37,265,0,0,0,3194,164,0,0,0,1043,194,0,0,0,529,0,0,0,0,260,0,0,0,0,182,366,0,0,0,0,1,0,0,0,0,0,0,0,0
3,30,0,27,3,4,0,1.005151,0.954974,1.010132,25,3,709,100,100,61,18,1,0,-84,100,85,1,80,31,419,21,0,0,3082,181,0,7,0,1048,215,0,14,0,544,1,0,0,0,250,1,0,14,0,262,700,56,9,0,0,11,0,1,0,0,1,1,0,0
3,30,1,7,3,4,0,1.001683,1.018012,0.987517,2,1,459,35,30,61,18,1,-84,0,-100,-100,0,80,31,409,0,0,0,3082,0,0,0,0,1048,459,0,0,0,544,0,0,0,0,250,0,0,0,0,262,397,0,0,0,0,0,0,0,0,0,0,0,0,0
3,30,2,19,3,4,0,0.976651,0.971104,1.000568,15,4,834,100,100,61,18,1,100,-100,0,79,1,80,31,324,12,0,0,3082,203,0,4,0,1048,216,0,8,0,544,0,0,0,0,250,0,0,7,0,262,828,28,6,0,0,10,0,1,0,0,1,1,0,0
3,30,3,0,3,4,0,0,0,0,0,1,459,73.369973,73.369973,61,18,1,85,-100,79,0,0,80,31,265,0,0,0,3082,164,0,0,0,1048,194,0,0,0,544,0,0,0,0,250,0,0,0,0,262,366,0,0,0,0,1,0,0,0,0,0,0,0,0
3,31,0,28,2,1,0,1.007429,0.956389,1.013583,26,4,834,100,100,61,18,1,0,-84,100,85,1,80,28,434,21,0,0,3127,203,0,7,0,1036,219,0,14,0,526,0,0,16,0,263,0,0,4,0,220,673,16,42,0,0,1,8,18,0,0,1,1,0,0
3,31,1,7,2,1,0,1.001683,1.018012,0.987517,2,1,459,40,35,61,18,1,-84,0,-100,-100,0,80,28,427,15,0,0,3127,5,0,5,0,1036,449,0,10,0,526,0,0,0,0,263,0,0,0,0,220,397,0,5,0,0,0,0,0,0,0,0,0,0,0
3,31,2,19,2,1,0,0.974348,0.969029,0.998606,15,4,834,100,100,61,18,1,100,-100,0,79,1,80,28,333,15,0,0,3127,179,0,5,0,1036,221,0,10,0,526,1,0,2,0,263,0,0,6,0,220,825,24,11,0,0,9,1,2,0,0,2,2,0,0
3,31,3,0,2,1,0,0,0,0,0,1,459,73.369973,73.369973,61,18,1,85,-100,79,0,0,80,28,265,0,0,0,3127,164,0,0,0,1036,194,0,0,0,526,0,0,0,0,263,0,0,0,0,220,366,0,0,0,0,1,0,0,0,0,0,0,0,0
3,32,0,28,2,2,0,1.00802,0.955581,1.013542,26,4,834,100,100,61,18,1,0,-84,100,85,1,80,39,442,18,0,0,3132,169,0,6,0,1040,222,0,12,0,544,0,0,0,0,245,5,0,14,0,236,771,56,8,0,0,0,0,1,0,0,1,1,0,0
3,32,1,7,2,2,0,1.001683,1.018012,0.987517,2,1,459,45,40,61,18,1,-84,0,-100,-100,0,80,39,441,15,0,0,3132,5,0,5,0,1040,449,0,10,0,544,0,0,0,0,245,0,0,0,0,236,397,0,5,0,0,0,0,0,0,0,0,0,0,0
3,32,2,19,2,2,0,0.972766,0.971663,0.999649,16,4,834,100,100,61,18,1,100,-100,0,79,1,80,39,342,15,0,0,3132,211,0,5,0,1040,223,0,10,0,544,1,0,0,0,245,0,0,8,0,236,827,32,7,0,0,8,0,1,0,0,1,1,0,0
3,32,3,0,2,2,0,0,0,0,0,1,459,73.369973,73.369973,61,18,1,85,-100,79,0,0,80,39,265,0,0,0,3132,164,0,0,0,1040,194,0,0,0,544,0,0,0,0,245,0,0,0,0,236,366,0,0,0,0,1,0,0,0,0,0,0,0,0
3,33,0,29,4,2,0,1.009405,0.956356,1.014813,27,4,834,100,100,61,18,1,0,-84,100,85,1,80,37,448,18,0,0,3124,199,0,6,0,1044,225,0,12,0,514,1,0,20,0,272,0,0,5,0,212,781,20,28,0,0,9,10,1,0,0,1,1,0,0
3,33,1,7,4,2,0,1.011582,1.003263,1.000646,1,1,459,50,45,61,18,1,-84,0,-100,-100,0,80,37,454,12,0,0,3124,6,0,4,0,1044,451,0,8,0,514,0,0,0,0,272,0,0,0,0,212,398,0,4,0,0,0,0,0,0,0,0,0,0,0
3,33,2,20,4,2,0,0.977554,0.967496,1.000029,16,4,834,100,100,61,18,1,100,-100,0,79,1,80,37,352,12,0,0,3124,188,0,4,0,1044,227,0,8,0,514,0,0,10,0,272,0,0,0,0,212,818,0,16,0,0,12,5,1,0,0,1,1,0,0
3,33,3,0,4,2,0,0,0,0,0,1,459,73.369973,73.369973,61,18,1,85,-100,79,0,0,80,37,265,0,0,0,3124,164,0,0,0,1044,194,0,0,0,514,0,0,0,0,272,0,0,0,0,212,366,0,0,0,0,1,0,0,0,0,0,0,0,0
3,34,0,29,2,2,0,1.009405,0.956356,1.014813,28,4,834,100,100,61,18,1,0,-84,100,85,1,80,36,457,18,0,0,3199,164,0,6,0,1041,228,0,12,0,526,1,0,14,0,266,0,0,4,0,173,818,16,22,0,0,15,7,1,0,0,1,1,0,0
3,34,1,8,2,2,0,1.019023,0.98938,1.008131,1,1,459,55,50,61,18,1,-84,0,-100,-100,0,80,36,454,0,0,0,3199,0,0,0,0,1041,459,0,0,0,526,0,0,0,0,266,0,0,0,0,173,403,0,0,0,0,0,0,0,0,0,0,0,0,0
3,34,2,19,2,2,0,0.979834,0.967515,0.98855,15,4,834,100,100,61,18,1,100,-100,0,79,1,80,36,359,12,0,0,3199,164,0,4,0,1041,231,0,8,0,526,0,0,4,0,266,0,0,2,0,173,824,8,12,0,0,12,2,2,0,0,2,2,0,0
3,34,3,0,2,2,0,0,0,0,0,1,459,73.369973,73.369973,61,18,1,85,-100,79,0,0,80,36,265,0,0,0,3199,164,0,0,0,1041,194,0,0,0,526,0,0,0,0,266,0,0,0,0,173,366,0,0,0,0,1,0,0,0,0,0,0,0,0
3,35,0,31,4,3,0,1.011102,0.952293,1.013511,29,5,959,100,100,61,18,1,0,-84,100,85,1,80,30,465,18,0,0,3062,201,0,6,0,1038,231,0,12,0,517,1,0,18,0,272,0,0,0,0,265,793,0,41,0,0,7,9,17,0,0,0,0,0,0
3,35,1,9,4,3,0,1.014001,0.996149,1.007973,1,1,459,60,55,61,18,1,-84,0,-100,-100,0,80,30,459,15,0,0,3062,5,0,5,0,1038,449,0,10,0,517,1,0,2,0,272,0,0,0,0,265,399,0,9,0,0,0,1,1,0,0,1,1,0,0
3,35,2,17,4,3,0,0.985647,0.974046,0.985235,14,4,834,100,100,61,18,1,100,-100,0,79,1,80,30,364,12,0,0,3062,181,0,4,0,1038,235,0,8,0,517,0,0,6,0,272,0,0,0,0,265,822,0,12,0,0,14,3,1,0,0,1,1,0,0
3,35,3,0,4,3,0,0,0,0,0,1,459,73.369973,73.369973,61,18,1,85,-100,79,0,0,80,30,265,0,0,0,3062,164,0,0,0,1038,194,0,0,0,517,0,0,0,0,272,0,0,0,0,265,366,0,0,0,0,1,0,0,0,0,0,0,0,0
3,36,0,28,3,6,0,1.012151,0.953314,1.013712,25,6,1084,100,100,61,18,1,0,-84,100,85,1,80,29,463,15,0,0,3146,165,0,5,0,1050,233,0,10,0,509,1,0,24,0,272,0,0,0,0,208,811,0,48,0,0,1,12,18,0,0,1,1,0,0
3,36,1,10,3,6,0,1.016721,0.999764,1.009572,2,1,459,65,60,61,18,1,-84,0,-100,-100,0,80,29,459,15,0,0,3146,5,0,5,0,1050,449,0,10,0,509,2,0,4,0,272,0,0,0,0,208,393,0,11,0,0,1,2,1,0,0,1,1,0,0
3,36,2,16,3,6,0,0.987145,0.968301,0.988219,14,4,834,100,100,61,18,1,100,-100,0,79,1,80,29,370,9,0,0,3146,201,0,3,0,1050,238,0,6,0,509,0,0,6,0,272,0,0,0,0,208,823,0,11,0,0,16,3,1,0,0,1,1,0,0
3,36,3,0,3,6,0,0,0,0,0,1,459,73.369973,73.369973,61,18,1,85,-100,79,0,0,80,29,265,0,0,0,3146,164,0,0,0,1050,194,0,0,0,509,0,0,0,0,272,0,0,0,0,208,366,0,0,0,0,1,0,0,0,0,0,0,0,0
3,37,0,30,4,3,0,1.017609,0.954267,1.01697,26,6,1084,100,100,61,18,1,0,-84,100,85,1,80,34,469,15,0,0,3113,204,0,5,0,1042,235,0,10,0,536,0,0,8,0,242,6,0,14,0,236,864,56,15,0,0,4,4,1,0,0,1,1,0,0
3,37,1,12,4,3,0,1.022483,0.992316,1.014622,3,1,459,70,65,61,18,1,-84,0,-100,-100,0,80,34,459,18,0,0,3113,4,0,6,0,1042,447,0,12,0,536,1,0,2,0,242,2,0,2,0,236,396,8,10,0,0,1,1,1,0,0,1,1,0,0
3,37,2,13,4,3,0,0.9927,0.967115,0.978645,12,4,834,100,100,61,18,1,100,-100,0,79,1,80,34,374,9,0,0,3113,182,0,3,0,1042,241,0,6,0,536,0,0,0,0,242,0,0,6,0,236,829,24,5,0,0,15,0,1,0,0,1,1,0,0
3,37,3,0,4,3,0,0,0,0,0,1,459,73.369973,73.369973,61,18,1,85,-100,79,0,0,80,34,265,0,0,0,3113,164,0,0,0,1042,194,0,0,0,536,0,0,0,0,242,0,0,0,0,236,366,0,0,0,0,1,0,0,0,0,0,0,0,0
3,38,0,30,1,4,0,1.017609,0.954267,1.01697,27,6,1084,100,100,61,18,1,0,-84,100,85,1,80,41,468,15,0,0,3182,169,0,5,0,1040,237,0,10,0,524,1,0,18,0,266,0,0,6,0,300,861,24,27,0,0,11,9,2,0,0,2,2,0,0
3,38,1,10,1,4,0,1.007309,1.005409,1.007727,4,1,459,75,70,61,18,1,-84,0,-100,-100,0,80,41,459,18,0,0,3182,4,0,6,0,1040,447,0,12,0,524,0,0,2,0,266,1,0,1,0,300,392,4,8,0,0,2,1,0,0,0,0,0,0,0
3,38,2,12,1,4,0,0.99484,0.973795,0.980318,12,4,834,100,100,61,18,1,100,-100,0,79,1,80,41,376,6,0,0,3182,167,0,2,0,1040,243,0,4,0,524,0,0,0,0,266,0,0,6,0,300,832,24,2,0,0,15,0,0,0,0,0,0,0,0
3,38,3,0,1,4,0,0,0,0,0,1,459,73.369973,73.369973,61,18,1,85,-100,79,0,0,80,41,265,0,0,0,3182,164,0,0,0,1040,194,0,0,0,524,0,0,0,0,266,0,0,0,0,300,366,0,0,0,0,1,0,0,0,0,0,0,0,0
3,39,0,26,0,8,0,1.011884,0.952916,1.013692,25,6,1084,100,100,61,18,1,0,-84,100,85,1,80,44,468,15,0,0,3088,206,0,5,0,1048,239,0,10,0,502,1,0,18,0,272,0,0,0,0,291,842,0,25,0,0,19,9,1,0,0,1,1,0,0
3,39,1,9,0,8,0,1.000219,1.017988,1.00186,4,1,459,80,75,61,18,1,-84,0,-100,-100,0,80,44,459,21,0,0,3088,3,0,7,0,1048,445,0,14,0,502,2,0,2,0,272,0,0,1,0,291,387,4,9,0,0,3,1,0,0,0,0,0,0,0
3,39,2,9,0,8,0,0.991939,0.975363,0.978528,9,5,959,100,100,61,18,1,100,-100,0,79,1,80,44,380,6,0,0,3088,169,0,2,0,1048,245,0,4,0,502,0,0,6,0,272,0,0,0,0,291,809,0,25,0,0,1,3,17,0,0,0,0,0,0
3,39,3,0,0,8,0,0,0,0,0,1,459,73.369973,73.369973,61,18,1,85,-100,79,0,0,80,44,265,0,0,0,3088,164,0,0,0,1048,194,0,0,0,502,0,0,0,0,272,0,0,0,0,291,366,0,0,0,0,1,0,0,0,0,0,0,0,0
3,40,0,26,1,1,0,1.011884,0.952916,1.013692,26,6,1084,100,100,61,18,1,0,-84,100,85,1,80,48,468,15,0,0,3168,175,0,5,0,1044,241,0,10,0,520,1,0,18,0,272,0,0,0,0,219,894,0,23,0,0,28,9,0,0,0,0,0,0,0
3,40,1,10,1,1,0,1.000282,1.019413,0.99758,4,1,459,85,80,61,18,1,-84,0,-100,-100,0,80,48,459,21,0,0,3168,3,0,7,0,1044,445,0,14,0,520,3,0,2,0,272,0,0,0,0,219,378,0,9,0,0,4,1,0,0,0,0,0,0,0
3,40,2,8,1,1,0,0.984055,0.982345,0.980364,8,5,959,100,100,61,18,1,100,-100,0,79,1,80,48,387,6,0,0,3168,174,0,2,0,1044,247,0,4,0,520,1,0,2,0,272,0,0,0,0,219,811,0,4,0,0,2,1,0,0,0,0,0,0,0
3,40,3,0,1,1,0,0,0,0,0,1,459,73.369973,73.369973,61,18,1,85,-100,79,0,0,80,48,265,0,0,0,3168,164,0,0,0,1044,194,0,0,0,520,0,0,0,0,272,0,0,0,0,219,366,0,0,0,0,1,0,0,0,0,0,0,0,0
