graine,jour,faction,population,naissances_total,morts_total,predations_total,vitesse,taille,perception,armes_equipees,reserves,capacite,defenses_fin,defenses_min_jour,raids_cumul,coalitions_cumul,plans,confiance_0,confiance_1,confiance_2,confiance_3,allies,nourriture_aube,carte_nourriture,stock_nourriture,production_nourriture,consommation_nourriture,sac_nourriture,carte_eau,stock_eau,production_eau,consommation_eau,sac_eau,carte_terre,stock_terre,production_terre,consommation_terre,sac_terre,carte_minerai,stock_minerai,production_minerai,consommation_minerai,sac_minerai,carte_charbon,stock_charbon,production_charbon,consommation_charbon,sac_charbon,carte_energie,stock_energie,production_energie,consommation_energie,sac_energie,carte_fer,stock_fer,production_fer,consommation_fer,sac_fer,carte_armes,stock_armes,production_armes,consommation_armes,sac_armes
1,1,0,50,5,1,0,1.00804,1.000356,1.004075,0,0,334,100,100,0,0,0,0,0,2,2,0,80,1,55,39,0,0,2816,200,0,13,0,932,63,0,26,0,472,2,0,46,0,272,2,0,23,0,156,115,92,77,0,0,14,23,9,0,0,9,9,0,0
1,1,1,54,5,1,0,1.007313,0.99472,1.003567,0,0,334,100,100,0,0,0,0,0,2,2,0,80,1,55,39,0,0,2816,200,0,13,0,932,63,0,26,0,472,5,0,48,0,272,1,0,24,0,156,120,96,79,0,0,15,24,9,0,0,9,9,0,0
1,1,2,50,5,1,0,1.004033,0.998556,1.002814,0,0,334,100,100,0,0,0,2,2,0,0,0,80,1,61,39,0,0,2816,200,0,13,0,932,63,0,26,0,472,5,0,48,0,272,1,0,24,0,156,120,96,79,0,0,15,24,9,0,0,9,9,0,0
1,1,3,50,5,1,0,1.004033,0.998556,1.002814,0,0,334,100,100,0,0,0,2,2,0,0,0,80,1,59,39,0,0,2816,200,0,13,0,932,63,0,26,0,472,6,0,48,0,272,1,0,24,0,156,120,96,79,0,0,15,24,9,0,0,9,9,0,0
1,2,0,48,5,14,2,1.006739,0.999915,1.002317,9,0,334,100,100,0,0,0,0,0,-8,4,0,80,1,60,36,0,0,2800,234,0,12,0,932,75,0,24,0,459,0,0,26,0,215,0,0,2,0,235,84,8,56,0,0,18,13,9,0,0,9,9,0,0
1,2,1,51,5,14,2,1.006526,0.99335,1.004742,9,0,334,100,100,0,0,0,0,0,0,4,0,80,1,52,33,0,0,2800,239,0,11,0,932,74,0,22,0,459,0,0,26,0,215,0,0,19,0,235,159,76,55,0,0,19,13,9,0,0,9,9,0,0
1,2,2,50,5,14,2,1.005663,0.993317,1.003262,7,0,334,100,100,0,0,0,-8,0,0,-4,0,80,1,63,30,0,0,2800,236,0,10,0,932,73,0,20,0,459,0,0,20,0,215,0,0,22,0,235,178,88,48,0,0,16,10,9,0,0,9,9,0,0
1,2,3,46,5,14,2,1.006807,1.000329,0.999773,8,0,334,100,100,0,0,0,4,4,-4,0,0,80,1,55,30,0,0,2800,228,0,10,0,932,73,0,20,0,459,0,0,24,0,215,0,0,19,0,235,156,76,52,0,0,18,12,9,0,0,9,9,0,0
1,3,0,47,2,8,1,1.008367,1.000732,1.003872,18,0,334,100,100,0,0,0,0,0,-6,0,0,76,13,65,36,0,0,3200,174,0,12,0,959,87,0,24,0,387,0,0,26,0,272,0,0,0,0,69,84,0,56,0,0,22,13,9,0,0,9,9,0,0
1,3,1,50,2,8,1,1.003368,0.995841,1.005093,17,0,334,100,100,0,0,0,0,0,2,4,0,76,13,48,33,0,0,3200,177,0,11,0,959,85,0,22,0,387,0,0,36,0,272,0,0,0,0,69,153,0,65,0,0,28,18,9,0,0,9,9,0,0
1,3,2,47,2,8,1,1.005962,0.992279,1.004772,15,0,334,100,100,0,0,0,-6,2,0,-4,0,76,13,57,30,0,0,3200,176,0,10,0,959,83,0,20,0,387,0,0,36,0,272,0,0,0,0,69,169,0,64,0,0,25,18,9,0,0,9,9,0,0
1,3,3,45,2,8,1,1.006213,1.002188,0.999982,16,0,334,100,100,0,0,0,0,4,-4,0,0,76,13,58,30,0,0,3200,172,0,10,0,959,83,0,20,0,387,1,0,34,0,272,0,0,0,0,69,155,0,62,0,0,26,17,9,0,0,9,9,0,0
1,4,0,42,4,19,5,1.008154,0.994905,1.005464,26,0,334,100,100,0,0,0,0,-4,-12,-10,0,76,1,66,30,0,0,2800,221,0,10,0,959,97,0,20,0,533,1,0,0,0,230,0,0,7,0,150,116,28,26,0,0,14,0,8,0,0,8,8,0,0
1,4,1,49,4,19,5,1.007882,1.000598,1.004556,25,0,334,100,100,0,0,0,-4,0,-6,-4,0,76,1,49,30,0,0,2800,221,0,10,0,959,95,0,20,0,533,1,0,2,0,230,0,0,10,0,150,196,40,30,0,0,20,1,9,0,0,9,9,0,0
1,4,2,40,4,19,5,1.00984,0.990709,1.005873,24,0,334,100,100,0,0,0,-12,-6,0,-6,0,76,1,46,18,0,0,2800,219,0,6,0,959,89,0,12,0,533,0,0,4,0,230,0,0,14,0,150,229,56,26,0,0,19,2,8,0,0,8,8,0,0
1,4,3,43,4,19,5,1.007897,0.998899,0.999485,25,0,334,100,100,0,0,0,-10,-4,-6,0,0,76,1,56,24,0,0,2800,199,0,8,0,959,91,0,16,0,533,1,0,2,0,230,0,0,11,0,150,209,44,26,0,0,19,1,8,0,0,8,8,0,0
1,5,0,43,3,7,0,1.008387,0.996125,1.004122,34,0,334,100,100,0,0,0,0,-4,-10,-8,0,72,8,70,30,0,0,3120,169,0,10,0,986,107,0,20,0,544,1,0,0,0,141,4,0,23,0,111,240,92,18,0,0,10,0,4,0,0,4,4,0,0
1,5,1,46,3,7,0,1.006841,1.005567,1.002336,31,0,334,100,100,0,0,0,-4,0,-4,-2,0,72,8,40,30,0,0,3120,162,0,10,0,986,105,0,20,0,544,1,0,0,0,141,0,0,25,0,111,308,100,26,0,0,12,0,8,0,0,8,8,0,0
1,5,2,40,3,7,0,1.007944,0.994011,1.004132,31,0,334,100,100,0,0,0,-10,-4,0,-4,0,72,8,42,18,0,0,3120,173,0,6,0,986,95,0,12,0,544,0,0,0,0,141,9,0,22,0,111,320,88,14,0,0,15,0,4,0,0,4,4,0,0
1,5,3,41,3,7,0,1.005944,1.002092,0.998108,30,0,334,100,100,0,0,0,-8,-2,-4,0,0,72,8,54,24,0,0,3120,228,0,8,0,986,99,0,16,0,544,1,0,0,0,141,4,0,23,0,111,316,92,18,0,0,14,0,5,0,0,5,5,0,0
1,6,0,44,4,3,0,1.008907,0.997741,1.003942,38,0,334,100,100,0,0,0,0,-4,-8,-6,0,72,2,74,33,0,0,2882,219,0,11,0,983,118,0,22,0,434,1,0,26,0,272,0,0,4,0,132,243,16,43,0,0,20,13,3,0,0,3,3,0,0
1,6,1,45,4,3,0,1.010211,1.009826,0.99928,38,1,459,100,100,0,0,0,-4,0,-2,0,0,72,2,45,30,0,0,2882,216,0,10,0,983,115,0,20,0,434,0,0,24,0,272,0,0,0,0,132,277,0,57,0,0,4,12,20,0,0,3,3,0,0
1,6,2,41,4,3,0,1.007091,0.998796,1.010558,35,1,459,100,100,0,0,0,-8,-2,0,-4,0,72,2,36,18,0,0,2882,223,0,6,0,983,101,0,12,0,434,0,0,32,0,272,0,0,9,0,132,291,36,59,0,0,12,16,19,0,0,2,2,0,0
1,6,3,41,4,3,0,1.005944,1.002092,0.998108,35,1,459,100,100,0,0,0,-6,0,-4,0,0,72,2,53,24,0,0,2882,179,0,8,0,983,107,0,16,0,434,1,0,26,0,272,0,0,4,0,132,283,16,57,0,0,7,13,20,0,0,3,3,0,0
1,7,0,45,2,1,0,1.010773,0.998109,1.00406,41,1,459,100,100,0,0,0,0,-4,-4,-4,0,68,0,82,33,0,0,3112,164,0,11,0,983,129,0,22,0,459,1,0,20,0,255,0,0,4,0,11,288,16,52,0,0,11,10,19,0,0,2,2,0,0
1,7,1,45,2,1,0,1.010211,1.009826,0.99928,41,1,459,100,100,0,0,0,-4,0,0,2,0,68,0,46,30,0,0,3112,161,0,10,0,983,125,0,20,0,459,0,0,20,0,255,0,0,4,0,11,346,16,34,0,0,12,10,2,0,0,2,2,0,0
1,7,2,41,2,1,0,1.009634,0.9964,1.009147,37,1,459,100,100,0,0,0,-4,0,0,-4,0,68,0,34,21,0,0,3112,175,0,7,0,983,105,0,14,0,459,1,0,22,0,255,0,0,4,0,11,355,16,33,0,0,21,11,2,0,0,2,2,0,0
1,7,3,41,2,1,0,1.005944,1.002092,0.998108,38,1,459,100,100,0,0,0,-4,2,-4,0,0,68,0,52,24,0,0,3112,218,0,8,0,983,115,0,16,0,459,1,0,22,0,255,0,0,5,0,11,304,20,34,0,0,16,11,2,0,0,2,2,0,0
1,8,0,38,1,30,0,1.007325,0.998165,1.003422,36,1,459,100,100,0,0,0,0,-10,-8,-2,0,68,1,75,30,0,0,2871,205,0,10,0,983,139,0,20,0,517,0,0,4,0,245,0,0,7,0,107,333,28,16,0,0,12,2,1,0,0,1,1,0,0
1,8,1,35,1,30,0,1.01269,1.009539,0.996991,33,1,459,100,100,0,0,0,-10,0,10,-8,0,68,1,26,15,0,0,2871,223,0,5,0,983,130,0,10,0,517,0,0,0,0,245,0,0,5,0,107,395,20,7,0,0,11,0,1,0,0,1,1,0,0
1,8,2,34,1,30,0,1.006724,0.986163,1.008922,32,2,584,100,100,0,0,0,-8,10,0,-12,0,68,1,23,15,0,0,2871,234,0,5,0,983,107,0,10,0,517,1,0,0,0,245,0,0,7,0,107,396,28,24,0,0,3,0,18,0,0,1,1,0,0
1,8,3,36,1,30,0,1.002553,0.996291,0.995247,35,1,459,100,100,0,0,0,-2,-8,-12,0,0,68,1,43,21,0,0,2871,170,0,7,0,983,122,0,14,0,517,1,0,0,0,245,0,0,8,0,107,415,32,7,0,0,16,0,0,0,0,0,0,0,0
1,9,0,36,0,7,1,1.004442,0.995439,1.004559,36,1,459,100,100,0,0,0,0,-14,-12,-2,0,64,4,78,30,0,0,3120,157,0,10,0,1007,149,0,20,0,498,1,0,8,0,270,0,0,0,0,37,383,0,18,0,0,16,4,0,0,0,0,0,0,0
1,9,1,33,0,7,1,1.012498,1.008245,0.99881,33,2,584,100,100,0,0,0,-14,0,20,-20,1,64,4,21,12,0,0,3120,184,0,4,0,1007,134,0,8,0,498,0,0,12,0,270,0,0,0,0,37,426,0,33,0,0,0,6,17,0,0,0,0,0,0
1,9,2,32,0,7,1,1.00855,0.986029,1.006465,31,2,584,100,100,0,0,0,-12,20,0,-20,1,64,4,22,15,0,0,3120,195,0,5,0,1007,112,0,10,0,498,1,0,10,0,270,0,0,1,0,37,459,4,17,0,0,7,5,1,0,0,1,1,0,0
1,9,3,35,0,7,1,1.003585,0.998312,0.994463,34,2,584,100,100,0,0,0,-2,-20,-20,0,0,64,4,46,24,0,0,3120,206,0,8,0,1007,130,0,16,0,498,0,0,16,0,270,0,0,0,0,37,408,0,43,0,0,6,8,18,0,0,1,1,0,0
1,10,0,34,2,34,0,1.00254,0.992493,1.004883,34,2,584,100,100,4,0,1,0,-12,-8,-8,0,64,0,85,30,0,0,2954,207,0,10,0,1007,159,0,20,0,520,1,0,8,0,259,0,0,4,0,154,388,16,35,0,0,3,4,17,0,0,0,0,0,0
1,10,1,28,2,34,0,1.007055,1.012697,0.998782,28,2,584,59.573199,54.573199,4,0,1,-12,0,34,-44,1,64,0,20,12,0,0,2954,226,0,4,0,1007,138,0,8,0,520,0,0,6,0,259,0,0,2,0,154,463,8,10,0,0,3,3,0,0,0,0,0,0,0
1,10,2,24,2,34,0,1.01139,0.988527,1.009589,23,2,584,100,100,4,0,1,-8,34,0,-28,1,64,0,24,12,0,0,2954,230,0,4,0,1007,116,0,8,0,520,1,0,2,0,259,0,0,3,0,154,486,12,6,0,0,8,1,0,0,0,0,0,0,0
1,10,3,18,2,34,0,0.997801,0.989985,0.999415,17,2,584,100,100,4,0,1,-8,-44,-28,0,0,64,0,46,21,0,0,2954,164,0,7,0,1007,137,0,14,0,520,0,0,8,0,259,0,0,4,0,154,425,16,15,0,0,10,4,0,0,0,0,0,0,0
1,11,0,34,1,4,0,1.00254,0.992493,1.004883,34,2,584,100,100,7,0,1,0,-10,-4,-14,0,60,6,91,30,0,0,3200,163,0,10,0,1013,169,0,20,0,511,1,0,12,0,272,0,0,0,0,82,438,0,22,0,0,9,6,0,0,0,0,0,0,0
1,11,1,27,1,4,0,1.008082,1.013946,0.996419,27,2,584,27.026138,22.026138,7,0,1,-10,0,45,-62,1,60,6,20,12,0,0,3200,194,0,4,0,1013,142,0,8,0,511,0,0,6,0,272,0,0,0,0,82,516,0,10,0,0,6,3,0,0,0,0,0,0,0
1,11,2,23,1,4,0,1.013868,0.989576,1.012371,22,2,584,100,100,7,0,1,-4,45,0,-34,1,60,6,24,12,0,0,3200,202,0,4,0,1013,120,0,8,0,511,0,0,10,0,272,0,0,0,0,82,532,0,16,0,0,12,5,1,0,0,1,1,0,0
1,11,3,17,1,4,0,1.000122,0.988046,0.999883,15,2,584,100,100,7,0,1,-14,-62,-34,0,0,60,6,61,21,0,0,3200,139,0,7,0,1013,144,0,14,0,511,0,0,6,0,272,0,0,0,0,82,431,0,15,0,0,12,3,1,0,0,1,1,0,0
1,12,0,34,0,11,0,1.00254,0.992493,1.004883,34,2,584,100,100,9,0,1,0,-6,0,-16,0,60,5,101,30,0,0,3104,215,0,10,0,1010,179,0,20,0,541,1,0,2,0,255,0,0,6,0,105,474,24,12,0,0,10,1,0,0,0,0,0,0,0
1,12,1,22,0,11,0,0.998769,1.010568,0.998785,22,2,584,5,0,9,0,1,-6,0,53,-74,1,60,5,20,9,0,0,3104,164,0,3,0,1010,145,0,6,0,541,1,0,0,0,255,0,0,3,0,105,581,12,3,0,0,6,0,0,0,0,0,0,0,0
1,12,2,20,0,11,0,1.014138,0.98272,1.015633,20,2,584,100,100,9,0,1,0,53,0,-38,1,60,5,23,12,0,0,3104,175,0,4,0,1010,124,0,8,0,541,0,0,0,0,255,0,0,6,0,105,580,24,4,0,0,12,0,0,0,0,0,0,0,0
1,12,3,14,0,11,0,1.000779,0.975666,0.999196,13,2,584,100,100,9,0,1,-16,-74,-38,0,0,60,5,77,24,0,0,3104,114,0,8,0,1010,152,0,16,0,541,0,0,0,0,255,0,0,0,0,105,439,0,10,0,0,11,0,1,0,0,1,1,0,0
1,13,0,33,2,6,0,1.007843,0.990973,1.003345,32,2,584,100,100,9,0,1,0,-10,-8,-14,0,56,10,99,24,0,0,3064,173,0,8,0,1016,187,0,16,0,529,1,0,8,0,260,0,0,4,0,196,525,16,16,0,0,14,4,0,0,0,0,0,0,0
1,13,1,20,2,6,0,0.998851,1.007336,0.993131,20,2,584,10,5,9,0,1,-10,0,63,-82,1,56,10,16,6,0,0,3064,204,0,2,0,1016,147,0,4,0,529,0,0,4,0,260,0,0,6,0,196,582,24,6,0,0,8,2,0,0,0,0,0,0,0
1,13,2,18,2,6,0,1.012756,0.981434,1.017147,18,2,584,100,100,9,0,1,-8,63,0,-46,1,56,10,28,12,0,0,3064,223,0,4,0,1016,128,0,8,0,529,0,0,4,0,260,0,0,2,0,196,578,8,8,0,0,14,2,0,0,0,0,0,0,0
1,13,3,15,2,6,0,0.999894,0.977421,1.000189,14,2,584,100,100,9,0,1,-14,-82,-46,0,0,56,10,99,24,0,0,3064,92,0,8,0,1016,160,0,16,0,529,0,0,0,0,260,0,0,0,0,196,449,0,8,0,0,11,0,0,0,0,0,0,0,0
1,14,0,33,2,8,0,1.008781,0.990333,1.005454,31,2,584,100,100,9,0,1,0,-16,-14,-12,0,56,8,101,21,0,0,3096,237,0,7,0,1022,194,0,14,0,531,1,0,6,0,271,0,0,0,0,183,534,0,15,0,0,16,3,1,0,0,1,1,0,0
1,14,1,18,2,8,0,0.98898,1.002091,0.995673,18,2,584,15,10,9,0,1,-16,0,73,-90,1,56,8,14,6,0,0,3096,182,0,2,0,1022,149,0,4,0,531,0,0,4,0,271,0,0,1,0,183,578,4,6,0,0,10,2,0,0,0,0,0,0,0
1,14,2,15,2,8,0,1.0033,0.970591,1.017894,15,2,584,100,100,9,0,1,-14,73,0,-54,1,56,8,24,6,0,0,3096,203,0,2,0,1022,130,0,4,0,531,1,0,2,0,271,0,0,0,0,183,580,0,4,0,0,15,1,0,0,0,0,0,0,0
1,14,3,14,2,8,0,1.003644,0.970336,1.001304,12,2,584,100,100,9,0,1,-12,-90,-54,0,0,56,8,119,21,0,0,3096,70,0,7,0,1022,167,0,14,0,531,0,0,0,0,271,0,0,0,0,183,458,0,9,0,0,10,0,1,0,0,1,1,0,0
1,15,0,32,0,5,0,1.006749,0.989115,1.00588,31,3,709,100,100,9,0,1,0,-22,-18,-12,0,52,12,92,18,0,0,3144,198,0,6,0,1034,200,0,12,0,532,1,0,6,0,258,0,0,8,0,167,559,32,31,0,0,1,3,18,0,0,1,1,0,0
1,15,1,16,0,5,0,0.989274,1.002457,0.990024,16,2,584,20,15,9,0,1,-22,0,81,-98,1,52,12,13,6,0,0,3144,210,0,2,0,1034,151,0,4,0,532,0,0,6,0,258,0,0,3,0,167,580,12,8,0,0,13,3,0,0,0,0,0,0,0
1,15,2,13,0,5,0,0.996289,0.978283,1.020554,13,2,584,100,100,9,0,1,-18,81,0,-62,1,52,12,20,6,0,0,3144,186,0,2,0,1034,132,0,4,0,532,1,0,0,0,258,0,0,3,0,167,582,12,2,0,0,15,0,0,0,0,0,0,0,0
1,15,3,14,0,5,0,1.003644,0.970336,1.001304,13,2,584,100,100,9,0,1,-12,-98,-62,0,0,52,12,134,21,0,0,3144,49,0,7,0,1034,174,0,14,0,532,0,0,0,0,258,0,0,0,0,167,470,0,9,0,0,9,0,1,0,0,1,1,0,0
1,16,0,32,0,2,0,1.006749,0.989115,1.00588,32,3,709,100,100,9,0,1,0,-30,-24,-8,0,52,9,89,18,0,0,3096,263,0,6,0,1040,206,0,12,0,541,0,0,4,0,251,0,0,12,0,233,606,48,10,0,0,3,2,0,0,0,0,0,0,0
1,16,1,15,0,2,0,0.983144,1.008438,0.993615,15,2,584,25,20,9,0,1,-30,0,89,-100,1,52,9,13,6,0,0,3096,192,0,2,0,1040,153,0,4,0,541,0,0,0,0,251,0,0,6,0,233,582,24,2,0,0,13,0,0,0,0,0,0,0,0
1,16,2,12,0,2,0,0.998779,0.982676,1.020376,12,2,584,100,100,9,0,1,-24,89,0,-70,1,52,9,19,6,0,0,3096,171,0,2,0,1040,131,0,4,0,541,1,0,0,0,251,0,0,3,0,233,582,12,2,0,0,15,0,0,0,0,0,0,0,0
1,16,3,14,0,2,0,1.003644,0.970336,1.001304,14,2,584,100,100,9,0,1,-8,-100,-70,0,0,52,9,149,21,0,0,3096,29,0,7,0,1040,181,0,14,0,541,0,0,0,0,251,0,0,0,0,233,466,0,7,0,0,9,0,0,0,0,0,0,0,0
1,17,0,31,1,9,0,1.005248,0.991793,1.006932,31,3,709,100,100,11,0,1,0,-34,-36,-8,0,48,7,84,18,0,0,3152,224,0,6,0,1043,212,0,12,0,543,1,0,0,0,262,0,0,7,0,149,702,28,6,0,0,3,0,0,0,0,0,0,0,0
1,17,1,9,1,9,0,0.99414,1.010768,1.002315,9,2,584,30,25,11,0,1,-34,0,100,-100,1,48,7,9,3,0,0,3152,176,0,1,0,1043,154,0,2,0,543,0,0,0,0,262,0,0,3,0,149,583,12,1,0,0,13,0,0,0,0,0,0,0,0
1,17,2,10,1,9,0,1.000799,0.980006,1.022621,10,2,584,73.933935,68.933935,11,0,1,-36,100,0,-78,1,48,7,18,3,0,0,3152,206,0,1,0,1043,132,0,2,0,543,1,0,0,0,262,0,0,0,0,149,583,0,1,0,0,15,0,0,0,0,0,0,0,0
1,17,3,15,1,9,0,1.0014,0.96977,0.996364,14,2,584,100,100,11,0,1,-8,-100,-78,0,0,48,7,168,21,0,0,3152,9,0,7,0,1043,188,0,14,0,543,0,0,0,0,262,0,0,0,0,149,480,0,7,0,0,9,0,0,0,0,0,0,0,0
1,18,0,29,0,8,0,1.010007,0.995646,1.005668,29,3,709,100,100,11,0,1,0,-34,-36,-4,0,48,18,71,12,0,0,3194,188,0,4,0,1065,207,0,8,0,544,1,0,0,0,251,0,0,12,0,206,705,48,4,0,0,3,0,0,0,0,0,0,0,0
1,18,1,6,0,8,0,0.992846,1.000111,0.995408,6,2,584,35,30,11,0,1,-34,0,100,-100,1,48,18,7,3,0,0,3194,166,0,1,0,1065,155,0,2,0,544,0,0,0,0,251,3,0,3,0,206,583,12,1,0,0,13,0,0,0,0,0,0,0,0
1,18,2,8,0,8,0,1.002799,0.972681,1.039295,8,2,584,78.933935,73.933935,11,0,1,-36,100,0,-86,1,48,18,11,0,0,0,3194,196,0,0,0,1065,132,0,0,0,544,1,0,0,0,251,0,0,3,0,206,584,12,0,0,0,15,0,0,0,0,0,0,0,0
1,18,3,14,0,8,0,1.003644,0.970336,1.001304,14,2,584,100,100,11,0,1,-4,-100,-86,0,0,48,18,160,0,0,0,3194,1,0,0,0,1065,197,0,0,0,544,0,0,0,0,251,0,0,0,0,206,501,0,0,0,0,9,0,0,0,0,0,0,0,0
1,19,0,28,0,5,0,1.009167,0.998466,1.006215,28,3,709,100,100,13,0,1,0,-38,-48,-4,0,44,10,65,12,0,0,3091,242,0,4,0,1052,211,0,8,0,525,0,0,12,0,272,0,0,0,0,228,693,0,16,0,0,9,6,0,0,0,0,0,0,0
1,19,1,5,0,5,0,0.989611,0.994621,0.986082,5,2,584,40,35,13,0,1,-38,0,100,-100,1,44,10,8,3,0,0,3091,167,0,1,0,1052,156,0,2,0,525,1,0,4,0,272,1,0,2,0,228,581,8,5,0,0,15,2,0,0,0,0,0,0,0
1,19,2,6,0,5,0,1.017899,0.959664,1.035401,6,3,709,43.599511,38.599511,13,0,1,-48,100,0,-94,1,44,10,6,0,0,0,3091,188,0,0,0,1052,132,0,0,0,525,0,0,4,0,272,0,0,0,0,228,563,0,21,0,0,0,2,17,0,0,0,0,0,0
1,19,3,13,0,5,0,1.004052,0.964013,1.001977,13,2,584,100,100,13,0,1,-4,-100,-94,0,0,44,10,152,0,0,0,3091,1,0,0,0,1052,215,0,0,0,525,0,0,0,0,272,0,0,0,0,228,522,0,0,0,0,9,0,0,0,0,0,0,0,0
1,20,0,28,1,4,0,1.009167,0.998466,1.006215,28,3,709,100,100,13,0,1,0,-38,-48,0,0,44,20,58,12,0,0,3180,209,0,4,0,1058,215,0,8,0,536,0,0,4,0,269,0,0,3,0,212,705,12,8,0,0,11,2,0,0,0,0,0,0,0
1,20,1,4,1,4,0,0.994247,1.001985,0.979275,4,2,584,45,40,13,0,1,-38,0,100,-100,1,44,20,10,3,0,0,3180,169,0,1,0,1058,154,0,2,0,536,3,0,2,0,269,0,0,1,0,212,581,4,3,0,0,16,1,0,0,0,0,0,0,0
1,20,2,4,1,4,0,1.024149,0.960752,1.038352,4,3,709,48.599511,43.599511,13,0,1,-48,100,0,-94,1,44,20,2,0,0,0,3180,182,0,0,0,1058,132,0,0,0,536,0,0,0,0,269,0,0,0,0,212,588,0,0,0,0,0,0,0,0,0,0,0,0,0
1,20,3,13,1,4,0,1.020062,0.969182,0.998209,12,2,584,100,100,13,0,1,0,-100,-94,0,0,44,20,148,0,0,0,3180,1,0,0,0,1058,233,0,0,0,536,0,0,0,0,269,0,0,0,0,212,540,0,0,0,0,9,0,0,0,0,0,0,0,0
1,21,0,28,0,4,0,1.009167,0.998466,1.006215,28,3,709,100,100,13,0,1,0,-38,-44,-8,0,40,17,50,12,0,0,3180,176,0,4,0,1055,219,0,8,0,532,1,0,8,0,272,0,0,0,0,224,697,0,12,0,0,15,4,0,0,0,0,0,0,0
1,21,1,3,0,4,0,1.013975,0.976154,0.964081,3,2,584,50,45,13,0,1,-38,0,100,-100,1,40,17,10,3,0,0,3180,172,0,1,0,1055,152,0,2,0,532,4,0,2,0,272,0,0,0,0,224,578,0,3,0,0,17,1,0,0,0,0,0,0,0
1,21,2,2,0,4,0,1.063353,0.9261,1.031881,2,3,709,53.599511,48.599511,13,0,1,-44,100,0,-100,1,40,17,2,0,0,0,3180,178,0,0,0,1055,132,0,0,0,532,0,0,0,0,272,0,0,0,0,224,596,0,0,0,0,0,0,0,0,0,0,0,0,0
1,21,3,12,0,4,0,1.027853,0.971188,1.001336,11,2,584,100,100,13,0,1,-8,-100,-100,0,0,40,17,141,0,0,0,3180,1,0,0,0,1055,254,0,0,0,532,0,0,0,0,272,0,0,0,0,224,553,0,2,0,0,8,0,1,0,0,1,1,0,0
1,22,0,27,0,4,0,1.009195,0.997829,1.006987,27,4,834,100,100,13,0,1,0,-38,-44,-4,0,40,20,44,12,0,0,3101,223,0,4,0,1055,223,0,8,0,535,0,0,10,0,272,0,0,0,0,253,678,0,31,0,0,3,5,17,0,0,0,0,0,0
1,22,1,2,0,4,0,1.04156,0.989944,0.951183,2,2,584,55,50,13,0,1,-38,0,100,-100,0,40,20,9,0,0,0,3101,169,0,0,0,1055,152,0,0,0,535,2,0,2,0,272,0,0,0,0,253,582,0,2,0,0,18,1,0,0,0,0,0,0,0
1,22,2,0,0,4,0,0,0,0,0,3,709,53.599511,53.599511,13,0,1,-44,100,0,-100,0,40,20,0,0,0,0,3101,176,0,0,0,1055,132,0,0,0,535,0,0,0,0,272,0,0,0,0,253,596,0,0,0,0,0,0,0,0,0,0,0,0,0
1,22,3,12,0,4,0,1.027853,0.971188,1.001336,12,2,584,100,100,13,0,1,-4,-100,-100,0,0,40,20,137,0,0,0,3101,1,0,0,0,1055,275,0,0,0,535,0,0,0,0,272,0,0,0,0,253,568,0,0,0,0,8,0,0,0,0,0,0,0,0
1,23,0,27,0,2,0,1.009195,0.997829,1.006987,27,4,834,100,100,15,0,0,0,-42,-44,6,0,36,21,38,12,0,0,3189,191,0,4,0,1055,227,0,8,0,538,0,0,6,0,269,0,0,3,0,260,705,12,10,0,0,6,3,0,0,0,0,0,0,0
1,23,1,0,0,2,0,0,0,0,0,2,584,55,55,15,0,0,-42,0,96,-100,0,36,21,7,0,0,0,3189,167,0,0,0,1055,152,0,0,0,538,2,0,0,0,269,0,0,0,0,260,582,0,0,0,0,18,0,0,0,0,0,0,0,0
1,23,2,0,0,2,0,0,0,0,0,3,709,53.599511,53.599511,15,0,0,-44,96,0,-100,0,36,21,0,0,0,0,3189,176,0,0,0,1055,132,0,0,0,538,0,0,0,0,269,0,0,0,0,260,596,0,0,0,0,0,0,0,0,0,0,0,0,0
1,23,3,12,0,2,0,1.027853,0.971188,1.001336,12,2,584,70.994034,65.994034,15,0,0,6,-100,-100,0,0,36,21,131,0,0,0,3189,1,0,0,0,1055,296,0,0,0,538,0,0,0,0,269,0,0,0,0,260,583,0,0,0,0,8,0,0,0,0,0,0,0,0
1,24,0,26,0,2,0,1.011872,0.996617,1.006936,26,4,834,100,100,15,0,0,0,-42,-44,12,0,36,21,28,9,0,0,3101,248,0,3,0,1055,230,0,6,0,539,1,0,4,0,269,0,0,3,0,261,734,12,7,0,0,8,2,0,0,0,0,0,0,0
1,24,1,0,0,2,0,0,0,0,0,2,584,55,55,15,0,0,-42,0,96,-100,0,36,21,7,0,0,0,3101,167,0,0,0,1055,152,0,0,0,539,2,0,0,0,269,0,0,0,0,261,582,0,0,0,0,18,0,0,0,0,0,0,0,0
1,24,2,0,0,2,0,0,0,0,0,3,709,53.599511,53.599511,15,0,0,-44,96,0,-100,0,36,21,0,0,0,0,3101,176,0,0,0,1055,132,0,0,0,539,0,0,0,0,269,0,0,0,0,261,596,0,0,0,0,0,0,0,0,0,0,0,0,0
1,24,3,11,0,2,0,1.026476,0.975965,1.005105,11,2,584,75.994034,70.994034,15,0,0,12,-100,-100,0,0,36,21,124,0,0,0,3101,1,0,0,0,1055,314,0,0,0,539,0,0,0,0,269,0,0,0,0,261,584,0,0,0,0,8,0,0,0,0,0,0,0,0
1,25,0,23,0,6,0,1.00787,0.987593,1.011057,23,4,834,100,100,15,0,0,0,-42,-44,18,0,32,16,12,3,0,0,3190,220,0,1,0,1061,231,0,2,0,541,0,0,4,0,264,0,0,8,0,280,775,32,5,0,0,10,2,0,0,0,0,0,0,0
1,25,1,0,0,6,0,0,0,0,0,2,584,55,55,15,0,0,-42,0,96,-100,0,32,16,7,0,0,0,3190,167,0,0,0,1061,152,0,0,0,541,2,0,0,0,264,0,0,0,0,280,582,0,0,0,0,18,0,0,0,0,0,0,0,0
1,25,2,0,0,6,0,0,0,0,0,3,709,53.599511,53.599511,15,0,0,-44,96,0,-100,0,32,16,0,0,0,0,3190,176,0,0,0,1061,132,0,0,0,541,0,0,0,0,264,0,0,0,0,280,596,0,0,0,0,0,0,0,0,0,0,0,0,0
1,25,3,8,0,6,0,1.0563,0.988818,0.998479,8,2,584,80.994034,75.994034,15,0,0,18,-100,-100,0,0,32,16,117,0,0,0,3190,1,0,0,0,1061,323,0,0,0,541,0,0,0,0,264,0,0,0,0,280,584,0,0,0,0,8,0,0,0,0,0,0,0,0
1,26,0,19,0,4,0,1.014266,0.99019,1.013516,19,4,834,100,100,15,0,0,0,-42,-44,22,1,32,19,6,3,0,0,3193,195,0,1,0,1082,229,0,2,0,541,1,0,2,0,272,0,0,0,0,226,831,0,3,0,0,11,1,0,0,0,0,0,0,0
1,26,1,0,0,4,0,0,0,0,0,2,584,55,55,15,0,0,-42,0,96,-100,0,32,19,7,0,0,0,3193,167,0,0,0,1082,152,0,0,0,541,2,0,0,0,272,0,0,0,0,226,582,0,0,0,0,18,0,0,0,0,0,0,0,0
1,26,2,0,0,4,0,0,0,0,0,3,709,53.599511,53.599511,15,0,0,-44,96,0,-100,0,32,19,0,0,0,0,3193,176,0,0,0,1082,132,0,0,0,541,0,0,0,0,272,0,0,0,0,226,596,0,0,0,0,0,0,0,0,0,0,0,0,0
1,26,3,8,0,4,0,1.0563,0.988818,0.998479,8,2,584,85.994034,80.994034,15,0,0,22,-100,-100,0,1,32,19,112,0,0,0,3193,1,0,0,0,1082,329,0,0,0,541,0,0,0,0,272,0,0,0,0,226,584,0,0,0,0,8,0,0,0,0,0,0,0,0
1,27,0,12,0,8,0,1.025689,1.00038,1.024911,12,4,834,100,100,15,0,0,0,-42,-44,28,1,28,14,2,0,0,0,3193,175,0,0,0,1079,229,0,0,0,541,0,0,4,0,272,0,0,0,0,264,830,0,4,0,0,13,2,0,0,0,0,0,0,0
1,27,1,0,0,8,0,0,0,0,0,2,584,55,55,15,0,0,-42,0,96,-100,0,28,14,7,0,0,0,3193,167,0,0,0,1079,152,0,0,0,541,2,0,0,0,272,0,0,0,0,264,582,0,0,0,0,18,0,0,0,0,0,0,0,0
1,27,2,0,0,8,0,0,0,0,0,3,709,53.599511,53.599511,15,0,0,-44,96,0,-100,0,28,14,0,0,0,0,3193,176,0,0,0,1079,132,0,0,0,541,0,0,0,0,272,0,0,0,0,264,596,0,0,0,0,0,0,0,0,0,0,0,0,0
1,27,3,7,0,8,0,1.049405,0.987183,1.008402,7,2,584,90.994034,85.994034,15,0,0,28,-100,-100,0,1,28,14,107,0,0,0,3193,1,0,0,0,1079,335,0,0,0,541,0,0,0,0,272,0,0,0,0,264,584,0,0,0,0,8,0,0,0,0,0,0,0,0
1,28,0,6,0,6,0,1.032562,0.991397,1.036253,6,4,834,100,100,15,0,0,0,-42,-44,34,1,28,14,3,0,0,0,3194,162,0,0,0,1082,229,0,0,0,544,0,0,0,0,269,0,0,3,0,273,834,12,0,0,0,13,0,0,0,0,0,0,0,0
1,28,1,0,0,6,0,0,0,0,0,2,584,55,55,15,0,0,-42,0,96,-100,0,28,14,7,0,0,0,3194,167,0,0,0,1082,152,0,0,0,544,2,0,0,0,269,0,0,0,0,273,582,0,0,0,0,18,0,0,0,0,0,0,0,0
1,28,2,0,0,6,0,0,0,0,0,3,709,53.599511,53.599511,15,0,0,-44,96,0,-100,0,28,14,0,0,0,0,3194,176,0,0,0,1082,132,0,0,0,544,0,0,0,0,269,0,0,0,0,273,596,0,0,0,0,0,0,0,0,0,0,0,0,0
1,28,3,7,0,6,0,1.049405,0.987183,1.008402,7,2,584,95.994034,90.994034,15,0,0,34,-100,-100,0,1,28,14,105,0,0,0,3194,1,0,0,0,1082,341,0,0,0,544,0,0,0,0,269,0,0,0,0,273,584,0,0,0,0,8,0,0,0,0,0,0,0,0
1,29,0,5,0,1,0,1.032821,0.976236,1.04426,5,4,834,100,100,15,0,0,0,-42,-44,40,1,24,13,4,0,0,0,3194,155,0,0,0,1082,229,0,0,0,544,0,0,0,0,269,0,0,3,0,273,834,12,0,0,0,13,0,0,0,0,0,0,0,0
1,29,1,0,0,1,0,0,0,0,0,2,584,55,55,15,0,0,-42,0,96,-100,0,24,13,7,0,0,0,3194,167,0,0,0,1082,152,0,0,0,544,2,0,0,0,269,0,0,0,0,273,582,0,0,0,0,18,0,0,0,0,0,0,0,0
1,29,2,0,0,1,0,0,0,0,0,3,709,53.599511,53.599511,15,0,0,-44,96,0,-100,0,24,13,0,0,0,0,3194,176,0,0,0,1082,132,0,0,0,544,0,0,0,0,269,0,0,0,0,273,596,0,0,0,0,0,0,0,0,0,0,0,0,0
1,29,3,7,0,1,0,1.049405,0.987183,1.008402,7,2,584,100,95.994034,15,0,0,40,-100,-100,0,1,24,13,103,0,0,0,3194,1,0,0,0,1082,347,0,0,0,544,0,0,0,0,269,0,0,0,0,273,584,0,0,0,0,8,0,0,0,0,0,0,0,0
1,30,0,4,0,1,0,1.008966,0.97741,1.032327,4,4,834,100,100,15,0,0,0,-42,-44,46,1,24,14,3,0,0,0,3194,149,0,0,0,1082,229,0,0,0,541,1,0,2,0,272,0,0,0,0,276,832,0,2,0,0,14,1,0,0,0,0,0,0,0
1,30,1,0,0,1,0,0,0,0,0,2,584,55,55,15,0,0,-42,0,96,-100,0,24,14,7,0,0,0,3194,167,0,0,0,1082,152,0,0,0,541,2,0,0,0,272,0,0,0,0,276,582,0,0,0,0,18,0,0,0,0,0,0,0,0
1,30,2,0,0,1,0,0,0,0,0,3,709,53.599511,53.599511,15,0,0,-44,96,0,-100,0,24,14,0,0,0,0,3194,176,0,0,0,1082,132,0,0,0,541,0,0,0,0,272,0,0,0,0,276,596,0,0,0,0,0,0,0,0,0,0,0,0,0
1,30,3,7,0,1,0,1.049405,0.987183,1.008402,7,2,584,100,100,15,0,0,46,-100,-100,0,1,24,14,102,0,0,0,3194,1,0,0,0,1082,353,0,0,0,541,0,0,0,0,272,0,0,0,0,276,584,0,0,0,0,8,0,0,0,0,0,0,0,0
1,31,0,3,0,1,0,0.969637,0.958179,1.035203,3,4,834,100,100,15,0,0,0,-42,-44,50,1,20,16,2,0,0,0,3194,144,0,0,0,1082,229,0,0,0,544,1,0,0,0,269,1,0,2,0,279,834,8,0,0,0,14,0,0,0,0,0,0,0,0
1,31,1,0,0,1,0,0,0,0,0,2,584,55,55,15,0,0,-42,0,96,-100,0,20,16,7,0,0,0,3194,167,0,0,0,1082,152,0,0,0,544,2,0,0,0,269,0,0,0,0,279,582,0,0,0,0,18,0,0,0,0,0,0,0,0
1,31,2,0,0,1,0,0,0,0,0,3,709,53.599511,53.599511,15,0,0,-44,96,0,-100,0,20,16,0,0,0,0,3194,176,0,0,0,1082,132,0,0,0,544,0,0,0,0,269,0,0,0,0,279,596,0,0,0,0,0,0,0,0,0,0,0,0,0
1,31,3,7,0,1,0,1.049405,0.987183,1.008402,7,2,584,100,100,15,0,0,50,-100,-100,0,1,20,16,97,0,0,0,3194,1,0,0,0,1082,359,0,0,0,544,0,0,0,0,269,0,0,0,0,279,584,0,0,0,0,8,0,0,0,0,0,0,0,0
1,32,0,1,0,2,0,0.979325,0.97897,1.062588,1,4,834,100,100,15,0,0,0,-42,-44,56,1,20,15,2,0,0,0,3194,140,0,0,0,1082,229,0,0,0,542,1,0,0,0,272,0,0,1,0,282,834,4,0,0,0,14,0,0,0,0,0,0,0,0
1,32,1,0,0,2,0,0,0,0,0,2,584,55,55,15,0,0,-42,0,96,-100,0,20,15,7,0,0,0,3194,167,0,0,0,1082,152,0,0,0,542,2,0,0,0,272,0,0,0,0,282,582,0,0,0,0,18,0,0,0,0,0,0,0,0
1,32,2,0,0,2,0,0,0,0,0,3,709,53.599511,53.599511,15,0,0,-44,96,0,-100,0,20,15,0,0,0,0,3194,176,0,0,0,1082,132,0,0,0,542,0,0,0,0,272,0,0,0,0,282,596,0,0,0,0,0,0,0,0,0,0,0,0,0
1,32,3,7,0,2,0,1.049405,0.987183,1.008402,7,2,584,100,100,15,0,0,56,-100,-100,0,1,20,15,93,0,0,0,3194,1,0,0,0,1082,365,0,0,0,542,0,0,0,0,272,0,0,0,0,282,584,0,0,0,0,8,0,0,0,0,0,0,0,0
1,33,0,1,0,0,0,0.979325,0.97897,1.062588,1,4,834,100,100,15,0,0,0,-42,-44,60,1,20,12,3,0,0,0,3194,138,0,0,0,1082,229,0,0,0,544,1,0,0,0,272,0,0,0,0,282,834,0,0,0,0,14,0,0,0,0,0,0,0,0
1,33,1,0,0,0,0,0,0,0,0,2,584,55,55,15,0,0,-42,0,96,-100,0,20,12,7,0,0,0,3194,167,0,0,0,1082,152,0,0,0,544,2,0,0,0,272,0,0,0,0,282,582,0,0,0,0,18,0,0,0,0,0,0,0,0
1,33,2,0,0,0,0,0,0,0,0,3,709,53.599511,53.599511,15,0,0,-44,96,0,-100,0,20,12,0,0,0,0,3194,176,0,0,0,1082,132,0,0,0,544,0,0,0,0,272,0,0,0,0,282,596,0,0,0,0,0,0,0,0,0,0,0,0,0
1,33,3,7,0,0,0,1.049405,0.987183,1.008402,7,2,584,100,100,15,0,0,60,-100,-100,0,1,20,12,88,0,0,0,3194,1,0,0,0,1082,371,0,0,0,544,0,0,0,0,272,0,0,0,0,282,584,0,0,0,0,8,0,0,0,0,0,0,0,0
1,34,0,1,0,0,0,0.979325,0.97897,1.062588,1,4,834,100,100,15,0,0,0,-42,-44,64,1,20,9,5,0,0,0,3194,136,0,0,0,1082,229,0,0,0,544,1,0,0,0,272,0,0,0,0,282,834,0,0,0,0,14,0,0,0,0,0,0,0,0
1,34,1,0,0,0,0,0,0,0,0,2,584,55,55,15,0,0,-42,0,96,-100,0,20,9,7,0,0,0,3194,167,0,0,0,1082,152,0,0,0,544,2,0,0,0,272,0,0,0,0,282,582,0,0,0,0,18,0,0,0,0,0,0,0,0
1,34,2,0,0,0,0,0,0,0,0,3,709,53.599511,53.599511,15,0,0,-44,96,0,-100,0,20,9,0,0,0,0,3194,176,0,0,0,1082,132,0,0,0,544,0,0,0,0,272,0,0,0,0,282,596,0,0,0,0,0,0,0,0,0,0,0,0,0
1,34,3,7,0,0,0,1.049405,0.987183,1.008402,7,2,584,100,100,15,0,0,64,-100,-100,0,1,20,9,85,0,0,0,3194,1,0,0,0,1082,377,0,0,0,544,0,0,0,0,272,0,0,0,0,282,584,0,0,0,0,8,0,0,0,0,0,0,0,0
1,35,0,1,0,0,0,0.979325,0.97897,1.062588,1,4,834,100,100,15,0,0,0,-42,-44,68,1,20,17,7,0,0,0,3194,134,0,0,0,1082,229,0,0,0,544,1,0,0,0,272,0,0,0,0,282,834,0,0,0,0,14,0,0,0,0,0,0,0,0
1,35,1,0,0,0,0,0,0,0,0,2,584,55,55,15,0,0,-42,0,96,-100,0,20,17,7,0,0,0,3194,167,0,0,0,1082,152,0,0,0,544,2,0,0,0,272,0,0,0,0,282,582,0,0,0,0,18,0,0,0,0,0,0,0,0
1,35,2,0,0,0,0,0,0,0,0,3,709,53.599511,53.599511,15,0,0,-44,96,0,-100,0,20,17,0,0,0,0,3194,176,0,0,0,1082,132,0,0,0,544,0,0,0,0,272,0,0,0,0,282,596,0,0,0,0,0,0,0,0,0,0,0,0,0
1,35,3,7,0,0,0,1.049405,0.987183,1.008402,7,2,584,100,100,15,0,0,68,-100,-100,0,1,20,17,78,0,0,0,3194,1,0,0,0,1082,383,0,0,0,544,0,0,0,0,272,0,0,0,0,282,584,0,0,0,0,8,0,0,0,0,0,0,0,0
1,36,0,1,0,2,0,0.979325,0.97897,1.062588,1,4,834,100,100,15,0,0,0,-42,-44,72,1,20,8,9,0,0,0,3194,132,0,0,0,1082,229,0,0,0,544,1,0,0,0,272,0,0,0,0,282,834,0,0,0,0,14,0,0,0,0,0,0,0,0
1,36,1,0,0,2,0,0,0,0,0,2,584,55,55,15,0,0,-42,0,96,-100,0,20,8,7,0,0,0,3194,167,0,0,0,1082,152,0,0,0,544,2,0,0,0,272,0,0,0,0,282,582,0,0,0,0,18,0,0,0,0,0,0,0,0
1,36,2,0,0,2,0,0,0,0,0,3,709,53.599511,53.599511,15,0,0,-44,96,0,-100,0,20,8,0,0,0,0,3194,176,0,0,0,1082,132,0,0,0,544,0,0,0,0,272,0,0,0,0,282,596,0,0,0,0,0,0,0,0,0,0,0,0,0
1,36,3,5,0,2,0,1.033636,0.990908,1.004298,5,2,584,100,100,15,0,0,72,-100,-100,0,1,20,8,71,0,0,0,3194,1,0,0,0,1082,389,0,0,0,544,0,0,0,0,272,0,0,0,0,282,584,0,0,0,0,8,0,0,0,0,0,0,0,0
1,37,0,1,0,2,0,0.979325,0.97897,1.062588,1,4,834,100,100,15,0,0,0,-42,-44,74,1,20,17,8,0,0,0,3196,130,0,0,0,1082,229,0,0,0,544,1,0,0,0,272,0,0,0,0,288,834,0,0,0,0,14,0,0,0,0,0,0,0,0
1,37,1,0,0,2,0,0,0,0,0,2,584,55,55,15,0,0,-42,0,96,-100,0,20,17,7,0,0,0,3196,167,0,0,0,1082,152,0,0,0,544,2,0,0,0,272,0,0,0,0,288,582,0,0,0,0,18,0,0,0,0,0,0,0,0
1,37,2,0,0,2,0,0,0,0,0,3,709,53.599511,53.599511,15,0,0,-44,96,0,-100,0,20,17,0,0,0,0,3196,176,0,0,0,1082,132,0,0,0,544,0,0,0,0,272,0,0,0,0,288,596,0,0,0,0,0,0,0,0,0,0,0,0,0
1,37,3,3,0,2,0,1.012444,0.965898,1.005076,3,2,584,100,100,15,0,0,74,-100,-100,0,1,20,17,67,0,0,0,3196,1,0,0,0,1082,392,0,0,0,544,0,0,0,0,272,0,0,0,0,288,584,0,0,0,0,8,0,0,0,0,0,0,0,0
1,38,0,0,0,2,0,0,0,0,0,4,834,100,100,15,0,0,0,-42,-44,76,0,20,18,7,0,0,0,3198,128,0,0,0,1085,229,0,0,0,544,1,0,0,0,272,0,0,0,0,300,834,0,0,0,0,14,0,0,0,0,0,0,0,0
1,38,1,0,0,2,0,0,0,0,0,2,584,55,55,15,0,0,-42,0,96,-100,0,20,18,7,0,0,0,3198,167,0,0,0,1085,152,0,0,0,544,2,0,0,0,272,0,0,0,0,300,582,0,0,0,0,18,0,0,0,0,0,0,0,0
1,38,2,0,0,2,0,0,0,0,0,3,709,53.599511,53.599511,15,0,0,-44,96,0,-100,0,20,18,0,0,0,0,3198,176,0,0,0,1085,132,0,0,0,544,0,0,0,0,272,0,0,0,0,300,596,0,0,0,0,0,0,0,0,0,0,0,0,0
1,38,3,2,0,2,0,1.024916,0.947853,1.000567,2,2,584,100,100,15,0,0,76,-100,-100,0,0,20,18,64,0,0,0,3198,1,0,0,0,1085,392,0,0,0,544,0,0,0,0,272,0,0,0,0,300,584,0,0,0,0,8,0,0,0,0,0,0,0,0
1,39,0,0,0,0,0,0,0,0,0,4,834,100,100,15,0,0,0,-42,-44,78,0,20,18,7,0,0,0,3199,127,0,0,0,1088,229,0,0,0,544,1,0,0,0,272,0,0,0,0,294,834,0,0,0,0,14,0,0,0,0,0,0,0,0
1,39,1,0,0,0,0,0,0,0,0,2,584,55,55,15,0,0,-42,0,96,-100,0,20,18,7,0,0,0,3199,167,0,0,0,1088,152,0,0,0,544,2,0,0,0,272,0,0,0,0,294,582,0,0,0,0,18,0,0,0,0,0,0,0,0
1,39,2,0,0,0,0,0,0,0,0,3,709,53.599511,53.599511,15,0,0,-44,96,0,-100,0,20,18,0,0,0,0,3199,176,0,0,0,1088,132,0,0,0,544,0,0,0,0,272,0,0,0,0,294,596,0,0,0,0,0,0,0,0,0,0,0,0,0
1,39,3,2,0,0,0,1.024916,0.947853,1.000567,2,2,584,100,100,15,0,0,78,-100,-100,0,0,20,18,64,0,0,0,3199,1,0,0,0,1088,392,0,0,0,544,0,0,0,0,272,0,0,0,0,294,584,0,0,0,0,8,0,0,0,0,0,0,0,0
1,40,0,0,0,0,0,0,0,0,0,4,834,100,100,15,0,0,0,-42,-44,80,0,20,20,7,0,0,0,3199,126,0,0,0,1088,229,0,0,0,544,1,0,0,0,272,0,0,0,0,294,834,0,0,0,0,14,0,0,0,0,0,0,0,0
1,40,1,0,0,0,0,0,0,0,0,2,584,55,55,15,0,0,-42,0,96,-100,0,20,20,7,0,0,0,3199,167,0,0,0,1088,152,0,0,0,544,2,0,0,0,272,0,0,0,0,294,582,0,0,0,0,18,0,0,0,0,0,0,0,0
1,40,2,0,0,0,0,0,0,0,0,3,709,53.599511,53.599511,15,0,0,-44,96,0,-100,0,20,20,0,0,0,0,3199,176,0,0,0,1088,132,0,0,0,544,0,0,0,0,272,0,0,0,0,294,596,0,0,0,0,0,0,0,0,0,0,0,0,0
1,40,3,2,0,0,0,1.024916,0.947853,1.000567,2,2,584,100,100,15,0,0,80,-100,-100,0,0,20,20,62,0,0,0,3199,1,0,0,0,1088,392,0,0,0,544,0,0,0,0,272,0,0,0,0,294,584,0,0,0,0,8,0,0,0,0,0,0,0,0
3,1,0,52,6,1,0,0.997223,0.994763,1.005946,0,0,334,100,100,0,0,0,0,0,2,2,0,80,0,56,39,0,0,2816,200,0,13,0,932,63,0,26,0,500,1,0,44,0,206,16,0,24,0,161,120,96,75,0,0,13,22,9,0,0,9,9,0,0
3,1,1,51,6,1,0,0.997227,0.995868,1.008579,0,0,334,100,100,0,0,0,0,0,2,2,0,80,0,58,39,0,0,2816,200,0,13,0,932,63,0,26,0,500,0,0,44,0,206,19,0,24,0,161,123,96,75,0,0,13,22,9,0,0,9,9,0,0
3,1,2,50,6,1,0,0.996939,0.995431,1.008426,0,0,334,100,100,0,0,0,2,2,0,0,0,80,0,59,39,0,0,2816,200,0,13,0,932,63,0,26,0,500,1,0,44,0,206,16,0,24,0,161,124,96,75,0,0,13,22,9,0,0,9,9,0,0
3,1,3,52,6,1,0,0.994814,0.993567,1.008404,0,0,334,100,100,0,0,0,2,2,0,0,0,80,0,56,36,0,0,2816,201,0,12,0,932,62,0,24,0,500,0,0,46,0,206,19,0,24,0,161,123,96,76,0,0,14,23,9,0,0,9,9,0,0
3,2,0,53,8,5,0,0.998596,0.994358,1.0092,9,0,334,100,100,0,0,0,0,0,4,4,0,80,3,62,39,0,0,2820,231,0,13,0,932,76,0,26,0,487,0,0,16,0,221,1,0,25,0,130,217,100,47,0,0,12,8,9,0,0,9,9,0,0
3,2,1,56,8,5,0,0.998824,0.992921,1.011012,9,0,334,100,100,0,0,0,0,0,4,4,0,80,3,72,42,0,0,2820,225,0,14,0,932,77,0,28,0,487,0,0,16,0,221,7,0,24,0,130,213,96,48,0,0,12,8,9,0,0,9,9,0,0
3,2,2,50,8,5,0,0.995774,0.995115,1.008677,9,0,334,100,100,0,0,0,4,4,0,0,0,80,3,64,39,0,0,2820,233,0,13,0,932,76,0,26,0,487,1,0,12,0,221,7,0,23,0,130,206,92,43,0,0,10,6,9,0,0,9,9,0,0
3,2,3,49,8,5,0,0.991981,0.995904,1.010562,9,0,334,100,100,0,0,0,4,4,0,0,0,80,3,50,33,0,0,2820,228,0,11,0,932,73,0,22,0,487,1,0,10,0,221,9,0,25,0,130,229,100,39,0,0,10,5,9,0,0,9,9,0,0
3,3,0,51,4,4,0,0.999513,0.994579,1.007092,17,0,334,100,100,0,0,0,0,0,6,4,0,76,1,62,39,0,0,3200,165,0,13,0,935,89,0,26,0,480,1,0,10,0,272,0,0,1,0,69,245,4,41,0,0,8,5,9,0,0,9,9,0,0
3,3,1,58,4,4,0,0.997064,0.993358,1.010015,18,0,334,100,100,0,0,0,0,0,4,6,0,76,1,76,42,0,0,3200,155,0,14,0,935,91,0,28,0,480,1,0,14,0,272,0,0,7,0,69,256,28,46,0,0,10,7,9,0,0,9,9,0,0
3,3,2,49,4,4,0,0.995536,0.994378,1.008603,17,0,334,100,100,0,0,0,6,4,0,0,0,76,1,66,39,0,0,3200,170,0,13,0,935,89,0,26,0,480,1,0,20,0,272,0,0,7,0,69,233,28,51,0,0,11,10,9,0,0,9,9,0,0
3,3,3,50,4,4,0,0.988324,0.994817,1.00976,18,0,334,100,100,0,0,0,4,6,0,0,0,76,1,54,33,0,0,3200,168,0,11,0,935,84,0,22,0,480,1,0,14,0,272,0,0,9,0,69,277,36,43,0,0,8,7,9,0,0,9,9,0,0
3,4,0,48,1,5,0,1.001559,0.997528,1.007505,25,0,334,100,100,0,0,0,0,2,8,6,0,76,4,70,39,0,0,2800,205,0,13,0,935,102,0,26,0,519,1,0,2,0,136,7,0,24,0,141,303,96,33,0,0,0,1,9,0,0,9,9,0,0
3,4,1,56,1,5,0,1.000633,0.995317,1.01205,25,0,334,100,100,0,0,0,2,0,6,8,0,76,4,77,42,0,0,2800,187,0,14,0,935,105,0,28,0,519,1,0,10,0,136,7,0,27,0,141,302,108,42,0,0,6,5,9,0,0,9,9,0,0
3,4,2,49,1,5,0,0.995536,0.994378,1.008603,26,0,334,100,100,0,0,0,8,6,0,0,0,76,4,74,39,0,0,2800,204,0,13,0,935,102,0,26,0,519,0,0,6,0,136,11,0,23,0,141,303,92,37,0,0,5,3,9,0,0,9,9,0,0
3,4,3,51,1,5,0,0.987589,0.995371,1.011158,27,0,334,100,100,0,0,0,6,8,0,0,0,76,4,54,33,0,0,2800,203,0,11,0,935,95,0,22,0,519,1,0,8,0,136,9,0,25,0,141,305,100,37,0,0,3,4,9,0,0,9,9,0,0
3,5,0,43,2,9,0,0.999271,0.994717,1.00513,29,0,334,100,100,0,0,0,0,2,10,8,0,72,0,77,39,0,0,2792,248,0,13,0,935,115,0,26,0,429,1,0,28,0,266,0,0,7,0,153,293,28,53,0,0,8,14,6,0,0,6,6,0,0
3,5,1,55,2,9,0,1.002938,0.996744,1.011852,31,0,334,100,100,0,0,0,2,0,8,10,0,72,0,79,42,0,0,2792,221,0,14,0,935,119,0,28,0,429,1,0,30,0,266,0,0,7,0,153,284,28,62,0,0,12,15,9,0,0,9,9,0,0
3,5,2,49,2,9,0,0.995536,0.994378,1.008603,35,0,334,100,100,0,0,0,10,8,0,2,0,72,0,79,39,0,0,2792,238,0,13,0,935,115,0,26,0,429,1,0,24,0,266,0,0,12,0,153,305,48,51,0,0,10,12,7,0,0,7,7,0,0
3,5,3,50,2,9,0,0.9877,0.996417,1.01021,35,0,334,100,100,0,0,0,8,10,2,0,0,72,0,56,33,0,0,2792,245,0,11,0,935,106,0,22,0,429,1,0,26,0,266,0,0,14,0,153,307,56,53,0,0,8,13,8,0,0,8,8,0,0
3,6,0,41,7,25,0,1.000415,0.991052,1.001014,31,0,334,100,100,0,0,0,0,4,12,10,0,72,4,90,39,0,0,3080,192,0,13,0,935,128,0,26,0,516,1,0,6,0,201,0,0,7,0,105,313,28,27,0,0,7,3,4,0,0,4,4,0,0
3,6,1,49,7,25,0,1.005196,0.993784,1.009156,33,0,334,100,100,0,0,0,4,0,10,12,0,72,4,83,42,0,0,3080,272,0,14,0,935,133,0,28,0,516,1,0,4,0,201,0,0,9,0,105,306,36,32,0,0,7,2,7,0,0,7,7,0,0
3,6,2,45,7,25,0,0.99617,0.990535,1.00619,37,0,334,100,100,0,0,0,12,10,0,4,0,72,4,86,39,0,0,3080,176,0,13,0,935,128,0,26,0,516,1,0,8,0,201,0,0,11,0,105,313,44,29,0,0,10,4,4,0,0,4,4,0,0
3,6,3,44,7,25,0,0.984595,0.992287,1.005438,37,0,334,100,100,0,0,0,10,12,4,0,0,72,4,54,33,0,0,3080,184,0,11,0,935,117,0,22,0,516,1,0,10,0,201,0,0,3,0,105,311,12,27,0,0,10,5,3,0,0,3,3,0,0
3,7,0,37,0,9,0,1.002147,0.993009,1.000815,32,0,334,100,100,0,0,0,0,6,14,12,0,68,1,105,39,0,0,2896,226,0,13,0,938,139,0,26,0,505,1,0,6,0,227,0,0,12,0,129,315,48,25,0,0,7,3,3,0,0,3,3,0,0
3,7,1,44,0,9,0,1.004795,0.994003,1.006684,38,0,334,100,100,0,0,0,6,0,12,12,0,68,1,93,42,0,0,2896,209,0,14,0,938,146,0,28,0,505,0,0,10,0,227,0,0,9,0,129,314,36,30,0,0,9,5,3,0,0,3,3,0,0
3,7,2,45,0,9,0,0.99617,0.990535,1.00619,41,0,334,100,100,0,0,0,14,12,0,4,0,68,1,97,39,0,0,2896,206,0,13,0,938,138,0,26,0,505,0,0,16,0,227,0,0,15,0,129,317,60,33,0,0,16,8,2,0,0,2,2,0,0
3,7,3,44,0,9,0,0.984595,0.992287,1.005438,40,0,334,100,100,0,0,0,12,12,4,0,0,68,1,59,33,0,0,2896,241,0,11,0,938,128,0,22,0,505,0,0,10,0,227,0,0,6,0,129,319,24,25,0,0,13,5,2,0,0,2,2,0,0
3,8,0,37,0,3,0,1.002147,0.993009,1.000815,35,0,334,100,100,0,0,0,0,6,16,14,0,68,10,118,39,0,0,3016,176,0,13,0,984,140,0,26,0,493,0,0,16,0,247,0,0,5,0,188,311,20,31,0,0,14,8,1,0,0,1,1,0,0
3,8,1,43,0,3,0,1.006114,0.994222,1.007706,40,0,334,100,100,0,0,0,6,0,14,14,0,68,10,102,39,0,0,3016,248,0,13,0,984,148,0,26,0,493,1,0,8,0,247,0,0,6,0,188,317,24,25,0,0,11,4,2,0,0,2,2,0,0
3,8,2,44,0,3,0,0.996958,0.991218,1.004528,42,1,459,100,100,0,0,0,16,14,0,4,0,68,10,109,39,0,0,3016,228,0,13,0,984,134,0,26,0,493,1,0,14,0,247,0,0,12,0,188,302,48,46,0,0,5,7,18,0,0,1,1,0,0
3,8,3,43,0,3,0,0.985987,0.993402,1.005816,42,1,459,100,100,0,0,0,14,14,4,0,0,68,10,59,33,0,0,3016,186,0,11,0,984,130,0,22,0,493,0,0,12,0,247,0,0,2,0,188,294,8,42,0,0,1,6,18,0,0,1,1,0,0
3,9,0,35,3,3,0,1.004142,0.99364,1.002039,34,1,459,100,100,0,0,0,0,8,18,16,0,64,1,132,36,0,0,3000,207,0,12,0,938,152,0,24,0,502,1,0,14,0,236,0,0,6,0,96,299,24,45,0,0,3,7,18,0,0,1,1,0,0
3,9,1,44,3,3,0,1.004701,0.993432,1.010305,41,0,334,100,100,0,0,0,8,0,16,16,0,64,1,109,36,0,0,3000,193,0,12,0,938,160,0,24,0,502,1,0,6,0,236,0,0,6,0,96,320,24,20,0,0,13,3,1,0,0,1,1,0,0
3,9,2,45,3,3,0,0.997268,0.99103,1.003569,43,1,459,100,100,0,0,0,18,16,0,6,0,64,1,119,39,0,0,3000,171,0,13,0,938,147,0,26,0,502,1,0,12,0,236,0,0,18,0,96,428,72,27,0,0,10,6,1,0,0,1,1,0,0
3,9,3,43,3,3,0,0.985987,0.993402,1.005816,43,1,459,100,100,0,0,0,16,16,6,0,0,64,1,63,33,0,0,3000,244,0,11,0,938,141,0,22,0,502,1,0,8,0,236,0,0,6,0,96,335,24,19,0,0,5,4,0,0,0,0,0,0,0
3,10,0,35,1,3,0,1.004142,0.99364,1.002039,35,1,459,100,100,0,0,0,0,8,20,16,1,64,8,143,36,0,0,3016,160,0,12,0,941,164,0,24,0,510,0,0,8,0,249,0,0,6,0,131,353,24,20,0,0,7,4,0,0,0,0,0,0,0
3,10,1,41,1,3,0,1.003418,0.98949,1.010467,39,0,334,100,100,0,0,0,8,0,18,16,0,64,8,122,39,0,0,3016,240,0,13,0,941,173,0,26,0,510,1,0,6,0,249,0,0,3,0,131,317,12,21,0,0,15,3,1,0,0,1,1,0,0
3,10,2,46,1,3,0,0.999205,0.988824,1.003938,44,2,584,100,100,0,0,0,20,18,0,6,1,64,8,130,39,0,0,3016,193,0,13,0,941,160,0,26,0,510,1,0,16,0,249,0,0,10,0,131,427,40,48,0,0,0,8,18,0,0,1,1,0,0
3,10,3,43,1,3,0,0.985987,0.993402,1.005816,43,1,459,100,100,0,0,0,16,16,6,0,0,64,8,64,33,0,0,3016,190,0,11,0,941,152,0,22,0,510,0,0,6,0,249,0,0,4,0,131,384,16,17,0,0,8,3,0,0,0,0,0,0,0
3,11,0,33,5,4,0,1.00765,0.990815,1.001711,33,1,459,100,100,0,0,0,0,8,22,18,1,60,3,153,30,0,0,2920,195,0,10,0,941,174,0,20,0,476,1,0,12,0,272,0,0,0,0,160,349,0,22,0,0,13,6,0,0,0,0,0,0,0
3,11,1,43,5,4,0,1.003509,0.988429,1.009926,40,1,459,100,100,0,0,0,8,0,20,16,1,60,3,131,39,0,0,2920,186,0,13,0,941,186,0,26,0,476,1,0,14,0,272,0,0,0,0,160,288,0,46,0,0,4,7,18,0,0,1,1,0,0
3,11,2,47,5,4,0,1.000753,0.987804,1.002294,44,2,584,100,100,0,0,0,22,20,0,6,2,60,3,138,39,0,0,2920,222,0,13,0,941,173,0,26,0,476,0,0,26,0,272,0,0,0,0,160,419,0,41,0,0,12,13,1,0,0,1,1,0,0
3,11,3,43,5,4,0,0.984458,0.994895,1.003731,42,1,459,100,100,0,0,0,18,16,6,0,0,60,3,69,33,0,0,2920,240,0,11,0,941,163,0,22,0,476,1,0,12,0,272,0,0,0,0,160,400,0,23,0,0,14,6,0,0,0,0,0,0,0
3,12,0,33,2,11,0,1.00765,0.990815,1.001711,33,1,459,100,100,0,0,0,0,10,24,20,2,60,2,165,30,0,0,3016,232,0,10,0,938,184,0,20,0,483,0,0,14,0,246,0,0,8,0,105,375,32,24,0,0,20,7,0,0,0,0,0,0,0
3,12,1,43,2,11,0,1.004702,0.987827,1.010333,39,1,459,100,100,0,0,0,10,0,22,18,1,60,2,146,42,0,0,3016,225,0,14,0,938,200,0,28,0,483,0,0,16,0,246,0,0,6,0,105,304,24,32,0,0,11,8,1,0,0,1,1,0,0
3,12,2,42,2,11,0,1.002494,0.989342,0.999548,40,2,584,100,100,0,0,0,24,22,0,6,2,60,2,146,42,0,0,3016,161,0,14,0,938,187,0,28,0,483,0,0,16,0,246,0,0,8,0,105,487,32,32,0,0,19,8,1,0,0,1,1,0,0
3,12,3,39,2,11,0,0.983342,0.98984,1.007632,38,2,584,100,100,0,0,0,20,18,6,0,1,60,2,73,33,0,0,3016,186,0,11,0,938,174,0,22,0,483,1,0,8,0,246,0,0,4,0,105,427,16,38,0,0,0,4,18,0,0,1,1,0,0
3,13,0,34,2,1,0,1.007973,0.990417,1.000157,33,2,584,100,100,0,0,0,0,12,26,22,2,56,0,173,30,0,0,3048,189,0,10,0,941,194,0,20,0,544,0,0,0,0,194,5,0,16,0,57,432,64,27,0,0,3,0,17,0,0,0,0,0,0
3,13,1,43,2,1,0,1.00465,0.990117,1.011487,39,1,459,100,100,0,0,0,12,0,24,20,2,56,0,160,42,0,0,3048,168,0,14,0,941,214,0,28,0,544,0,0,0,0,194,0,0,18,0,57,441,72,18,0,0,9,0,2,0,0,2,2,0,0
3,13,2,42,2,1,0,1.002494,0.989342,0.999548,41,3,709,100,100,0,0,0,26,24,0,6,2,56,0,160,42,0,0,3048,177,0,14,0,941,201,0,28,0,544,0,0,0,0,194,4,0,20,0,57,551,80,33,0,0,1,0,18,0,0,1,1,0,0
3,13,3,39,2,1,0,0.983342,0.98984,1.007632,39,2,584,100,100,0,0,0,22,20,6,0,2,56,0,79,33,0,0,3048,216,0,11,0,941,185,0,22,0,544,1,0,0,0,194,0,0,12,0,57,506,48,11,0,0,0,0,0,0,0,0,0,0,0
3,14,0,35,2,3,0,1.009176,0.992096,1.00039,33,2,584,100,100,0,0,0,0,14,28,24,2,56,7,181,30,0,0,2936,225,0,10,0,938,204,0,20,0,531,0,0,6,0,249,0,0,8,0,230,458,32,18,0,0,5,3,1,0,0,1,1,0,0
3,14,1,44,2,3,0,1.004648,0.988161,1.011647,41,1,459,100,100,0,0,0,14,0,26,22,2,56,7,173,45,0,0,2936,222,0,15,0,938,229,0,30,0,531,0,0,0,0,249,0,0,14,0,230,442,56,17,0,0,8,0,1,0,0,1,1,0,0
3,14,2,41,2,3,0,0.999524,0.990233,0.998263,41,3,709,100,100,0,0,0,28,26,0,8,2,56,7,171,42,0,0,2936,185,0,14,0,938,215,0,28,0,531,1,0,4,0,249,0,0,4,0,230,564,16,18,0,0,3,2,0,0,0,0,0,0,0
3,14,3,37,2,3,0,0.986983,0.988394,1.008239,37,2,584,100,100,0,0,0,24,22,8,0,2,56,7,78,27,0,0,2936,168,0,9,0,938,194,0,18,0,531,1,0,2,0,249,0,0,6,0,230,544,24,11,0,0,1,1,0,0,0,0,0,0,0
3,15,0,34,1,2,0,1.006408,0.993875,0.999929,33,2,584,100,100,0,0,0,0,14,30,26,2,52,5,185,30,0,0,3056,180,0,10,0,941,214,0,20,0,477,1,0,14,0,272,0,0,0,0,125,482,0,26,0,0,11,7,1,0,0,1,1,0,0
3,15,1,44,1,2,0,1.004648,0.988161,1.011647,42,1,459,100,100,0,0,0,14,0,28,24,2,52,5,184,48,0,0,3056,162,0,16,0,941,245,0,32,0,477,0,0,18,0,272,0,0,0,0,125,423,0,36,0,0,16,9,1,0,0,1,1,0,0
3,15,2,40,1,2,0,0.999368,0.991424,0.999063,40,3,709,100,100,0,0,0,30,28,0,8,2,52,5,189,42,0,0,3056,194,0,14,0,941,229,0,28,0,477,0,0,20,0,272,0,0,0,0,125,563,0,34,0,0,13,10,0,0,0,0,0,0,0
3,15,3,38,1,2,0,0.986692,0.987188,1.008493,37,2,584,100,100,0,0,0,26,24,8,0,2,52,5,80,27,0,0,3056,202,0,9,0,941,203,0,18,0,477,0,0,10,0,272,0,0,0,0,125,565,0,19,0,0,6,5,0,0,0,0,0,0,0
3,16,0,34,1,2,0,1.006408,0.993875,0.999929,34,2,584,100,100,0,0,0,0,16,32,28,2,52,3,195,30,0,0,2856,216,0,10,0,941,224,0,20,0,475,1,0,18,0,272,0,0,0,0,202,478,0,28,0,0,20,9,0,0,0,0,0,0,0
3,16,1,45,1,2,0,1.005932,0.987622,1.013884,43,2,584,100,100,0,0,0,16,0,30,26,2,52,3,204,48,0,0,2856,214,0,16,0,941,261,0,32,0,475,0,0,18,0,272,0,0,0,0,202,394,0,53,0,0,7,9,18,0,0,1,1,0,0
3,16,2,38,1,2,0,0.996945,0.988083,0.998878,38,3,709,100,100,0,0,0,32,30,0,8,2,52,3,198,39,0,0,2856,197,0,13,0,941,242,0,26,0,475,1,0,20,0,272,0,0,0,0,202,555,0,33,0,0,23,10,0,0,0,0,0,0,0
3,16,3,38,1,2,0,0.986692,0.987188,1.008493,37,2,584,100,100,0,0,0,28,26,8,0,2,52,3,78,27,0,0,2856,243,0,9,0,941,212,0,18,0,475,0,0,12,0,272,0,0,0,0,202,561,0,23,0,0,11,6,1,0,0,1,1,0,0
3,17,0,31,0,6,0,1.012196,0.99154,0.998949,31,3,709,100,100,0,0,0,0,18,34,30,2,48,2,194,24,0,0,3144,174,0,8,0,944,232,0,16,0,523,0,0,6,0,243,0,0,9,0,67,536,36,31,0,0,6,3,17,0,0,0,0,0,0
3,17,1,43,0,6,0,1.00778,0.986787,1.015352,42,2,584,100,100,0,0,0,18,0,32,28,2,48,2,210,42,0,0,3144,155,0,14,0,944,275,0,28,0,523,1,0,4,0,243,0,0,3,0,67,461,12,20,0,0,8,2,1,0,0,1,1,0,0
3,17,2,37,0,6,0,0.9978,0.987376,0.999026,37,3,709,100,100,0,0,0,34,32,0,10,2,48,2,210,39,0,0,3144,202,0,13,0,944,255,0,26,0,523,1,0,6,0,243,0,0,7,0,67,592,28,19,0,0,26,3,0,0,0,0,0,0,0
3,17,3,38,0,6,0,0.986692,0.987188,1.008493,38,2,584,100,100,0,0,0,30,28,10,0,2,48,2,78,27,0,0,3144,196,0,9,0,944,221,0,18,0,523,0,0,4,0,243,0,0,8,0,67,575,32,13,0,0,13,2,0,0,0,0,0,0,0
3,18,0,31,0,4,0,1.012196,0.99154,0.998949,31,3,709,100,100,0,0,0,0,18,36,32,2,48,1,195,24,0,0,2856,215,0,8,0,956,240,0,16,0,482,1,0,14,0,272,0,0,0,0,180,538,0,22,0,0,13,7,0,0,0,0,0,0,0
3,18,1,43,0,4,0,1.00778,0.986787,1.015352,43,2,584,100,100,0,0,0,18,0,34,30,2,48,1,220,42,0,0,2856,218,0,14,0,956,289,0,28,0,482,1,0,16,0,272,0,0,0,0,180,455,0,30,0,0,16,8,0,0,0,0,0,0,0
3,18,2,36,0,4,0,1.001166,0.988483,1.000012,36,3,709,100,100,0,0,0,36,34,0,12,2,48,1,227,39,0,0,2856,208,0,13,0,956,268,0,26,0,482,0,0,22,0,272,0,0,0,0,180,584,0,35,0,0,37,11,0,0,0,0,0,0,0
3,18,3,35,0,4,0,0.983638,0.985461,1.009121,35,3,709,100,100,0,0,0,32,30,12,0,2,48,1,79,27,0,0,2856,237,0,9,0,956,230,0,18,0,482,0,0,10,0,272,0,0,0,0,180,548,0,36,0,0,1,5,17,0,0,0,0,0,0
3,19,0,32,2,4,0,1.014178,0.985776,0.996798,30,3,709,100,100,0,0,0,0,18,38,34,2,44,0,198,24,0,0,3200,176,0,8,0,956,248,0,16,0,499,0,0,10,0,253,0,0,3,0,81,584,12,18,0,0,18,5,0,0,0,0,0,0,0
3,19,1,43,2,4,0,1.00778,0.986787,1.015352,43,3,709,100,100,0,0,0,18,0,36,32,2,44,0,228,42,0,0,3200,161,0,14,0,956,303,0,28,0,499,0,0,10,0,253,0,0,7,0,81,508,28,41,0,0,4,5,17,0,0,0,0,0,0
3,19,2,35,2,4,0,1.001725,0.987539,0.999938,35,4,834,100,100,0,0,0,38,36,0,12,2,44,0,237,39,0,0,3200,159,0,13,0,956,281,0,26,0,499,0,0,12,0,253,0,0,6,0,81,607,24,42,0,0,26,6,17,0,0,0,0,0,0
3,19,3,33,2,4,0,0.98819,0.987555,1.009377,33,3,709,100,100,0,0,0,34,32,12,0,2,44,0,80,27,0,0,3200,193,0,9,0,956,239,0,18,0,499,1,0,2,0,253,0,0,3,0,81,609,12,11,0,0,2,1,0,0,0,0,0,0,0
3,20,0,30,0,8,0,1.014443,0.988876,0.996684,28,3,709,100,100,0,0,0,0,20,40,36,3,44,1,201,27,0,0,2856,207,0,9,0,953,257,0,18,0,510,1,0,8,0,272,0,0,0,0,203,584,0,19,0,0,21,4,1,0,0,1,1,0,0
3,20,1,40,0,8,0,1.006741,0.988855,1.012297,40,3,709,100,100,0,0,0,20,0,38,34,3,44,1,237,42,0,0,2856,216,0,14,0,953,317,0,28,0,510,1,0,10,0,272,0,0,0,0,203,500,0,24,0,0,9,5,0,0,0,0,0,0,0
3,20,2,35,0,8,0,1.001725,0.987539,0.999938,35,4,834,100,100,0,0,0,40,38,0,14,2,44,1,252,39,0,0,2856,167,0,13,0,953,294,0,26,0,510,1,0,10,0,272,0,0,0,0,203,609,0,23,0,0,31,5,0,0,0,0,0,0,0
3,20,3,30,0,8,0,0.982452,0.984167,1.011274,30,3,709,100,100,0,0,0,36,34,14,0,2,44,1,82,27,0,0,2856,223,0,9,0,953,248,0,18,0,510,0,0,4,0,272,0,0,0,0,203,621,0,13,0,0,4,2,0,0,0,0,0,0,0
3,21,0,30,2,3,0,1.014443,0.988876,0.996684,29,4,834,100,100,0,0,0,0,20,42,38,3,40,0,207,27,0,0,3144,168,0,9,0,953,266,0,18,0,493,1,0,14,0,272,0,0,0,0,81,601,0,42,0,0,10,7,18,0,0,1,1,0,0
3,21,1,40,2,3,0,1.008436,0.99257,1.013858,39,3,709,100,100,0,0,0,20,0,40,36,3,40,0,247,42,0,0,3144,162,0,14,0,953,331,0,28,0,493,1,0,16,0,272,0,0,0,0,81,532,0,30,0,0,17,8,0,0,0,0,0,0,0
3,21,2,33,2,3,0,0.999245,0.990581,0.997672,33,4,834,100,100,0,0,0,42,40,0,14,2,40,0,266,39,0,0,3144,175,0,13,0,953,307,0,26,0,493,0,0,10,0,272,0,0,0,0,81,613,0,23,0,0,36,5,0,0,0,0,0,0,0
3,21,3,31,2,3,0,0.985294,0.983162,1.011505,30,3,709,100,100,0,0,0,38,36,14,0,2,40,0,88,27,0,0,3144,184,0,9,0,953,257,0,18,0,493,0,0,6,0,272,0,0,0,0,81,674,0,15,0,0,7,3,0,0,0,0,0,0,0
3,22,0,29,0,4,0,1.013822,0.985552,0.992733,29,4,834,100,100,0,0,0,0,20,44,40,3,40,2,209,24,0,0,2880,202,0,8,0,953,274,0,16,0,529,1,0,6,0,239,0,0,8,0,207,640,32,14,0,0,13,3,0,0,0,0,0,0,0
3,22,1,40,0,4,0,1.008436,0.99257,1.013858,39,3,709,100,100,0,0,0,20,0,42,38,3,40,2,261,42,0,0,2880,220,0,14,0,953,345,0,28,0,529,0,0,4,0,239,0,0,14,0,207,583,56,20,0,0,18,2,1,0,0,1,1,0,0
3,22,2,30,0,4,0,1.001313,0.991573,0.995388,30,4,834,100,100,0,0,0,44,42,0,16,2,40,2,280,39,0,0,2880,177,0,13,0,953,320,0,26,0,529,0,0,2,0,239,0,0,6,0,207,646,24,15,0,0,37,1,0,0,0,0,0,0,0
3,22,3,31,0,4,0,0.985294,0.983162,1.011505,30,3,709,100,100,0,0,0,40,38,16,0,2,40,2,93,27,0,0,2880,224,0,9,0,953,266,0,18,0,529,0,0,4,0,239,0,0,2,0,207,696,8,15,0,0,8,2,1,0,0,1,1,0,0
3,23,0,30,3,2,0,1.016014,0.98199,0.993854,29,5,959,100,100,0,0,0,0,20,46,42,3,36,1,213,24,0,0,3152,165,0,8,0,956,282,0,16,0,511,1,0,10,0,257,0,0,5,0,59,692,20,35,0,0,1,5,17,0,0,0,0,0,0
3,23,1,40,3,2,0,1.008436,0.99257,1.013858,40,4,834,100,100,0,0,0,20,0,44,38,3,36,1,272,42,0,0,3152,166,0,14,0,956,359,0,28,0,511,0,0,14,0,257,0,0,7,0,59,641,28,45,0,0,8,7,17,0,0,0,0,0,0
3,23,2,29,3,2,0,1.003083,0.991901,0.994311,28,4,834,100,100,0,0,0,46,44,0,16,2,36,1,295,36,0,0,3152,183,0,12,0,956,332,0,24,0,511,0,0,4,0,257,0,0,1,0,59,658,4,16,0,0,39,2,0,0,0,0,0,0,0
3,23,3,32,3,2,0,0.987705,0.981122,1.013899,31,3,709,100,100,0,0,0,42,38,16,0,2,36,1,97,27,0,0,3152,184,0,9,0,956,275,0,18,0,511,1,0,2,0,257,0,0,1,0,59,698,4,11,0,0,9,1,0,0,0,0,0,0,0
3,24,0,28,0,3,0,1.016641,0.981218,0.998361,27,5,959,100,100,0,0,0,0,20,48,44,3,36,3,212,21,0,0,2880,192,0,7,0,956,289,0,14,0,499,0,0,16,0,269,0,0,0,0,207,691,0,25,0,0,8,8,1,0,0,1,1,0,0
3,24,1,39,0,3,0,1.006981,0.992449,1.016809,39,4,834,100,100,0,0,0,20,0,46,40,3,36,3,282,42,0,0,2880,216,0,14,0,956,373,0,28,0,499,1,0,20,0,269,0,0,0,0,207,622,0,34,0,0,18,10,0,0,0,0,0,0,0
3,24,2,29,0,3,0,1.003083,0.991901,0.994311,28,4,834,100,100,0,0,0,48,46,0,16,2,36,3,310,36,0,0,2880,198,0,12,0,956,344,0,24,0,499,0,0,6,0,269,0,0,0,0,207,662,0,20,0,0,41,3,1,0,0,1,1,0,0
3,24,3,32,0,3,0,0.987705,0.981122,1.013899,31,3,709,100,100,0,0,0,44,40,16,0,2,36,3,104,30,0,0,2880,222,0,10,0,956,285,0,20,0,499,0,0,4,0,269,0,0,3,0,207,697,12,16,0,0,10,2,1,0,0,1,1,0,0
3,25,0,27,0,1,0,1.021827,0.982467,0.999652,27,5,959,100,100,0,0,0,0,22,50,46,3,32,3,213,21,0,0,3136,221,0,7,0,959,296,0,14,0,499,1,0,14,0,272,0,0,0,0,51,691,0,21,0,0,15,7,0,0,0,0,0,0,0
3,25,1,39,0,1,0,1.006981,0.992449,1.016809,39,4,834,100,100,0,0,0,22,0,48,42,3,32,3,296,42,0,0,3136,163,0,14,0,959,387,0,28,0,499,0,0,22,0,272,0,0,0,0,51,661,0,36,0,0,29,11,0,0,0,0,0,0,0
3,25,2,29,0,1,0,1.003083,0.991901,0.994311,29,5,959,100,100,0,0,0,50,48,0,16,2,32,3,322,36,0,0,3136,157,0,12,0,959,356,0,24,0,499,1,0,2,0,272,0,0,0,0,51,706,0,31,0,0,25,1,17,0,0,0,0,0,0
3,25,3,32,0,1,0,0.987705,0.981122,1.013899,32,3,709,100,100,0,0,0,46,42,16,0,2,32,3,107,30,0,0,3136,180,0,10,0,959,295,0,20,0,499,0,0,6,0,272,0,0,0,0,51,693,0,16,0,0,13,3,0,0,0,0,0,0,0
3,26,0,26,0,10,0,1.020093,0.98446,0.997881,26,5,959,100,100,0,0,0,0,24,52,48,3,32,0,214,21,0,0,2960,187,0,7,0,959,303,0,14,0,512,1,0,10,0,272,0,0,0,0,151,751,0,17,0,0,20,5,0,0,0,0,0,0,0
3,26,1,38,0,10,0,1.008197,0.994366,1.017767,38,4,834,100,100,0,0,0,24,0,50,44,3,32,0,307,42,0,0,2960,206,0,14,0,959,401,0,28,0,512,0,0,12,0,272,0,0,0,0,151,650,0,26,0,0,35,6,0,0,0,0,0,0,0
3,26,2,23,0,10,0,1.007878,0.99025,0.989704,23,5,959,100,100,0,0,0,52,50,0,18,2,32,0,322,21,0,0,2960,177,0,7,0,959,363,0,14,0,512,1,0,4,0,272,0,0,0,0,151,716,0,11,0,0,27,2,0,0,0,0,0,0,0
3,26,3,30,0,10,0,0.987111,0.979701,1.01177,30,3,709,100,100,0,0,0,48,44,18,0,2,32,0,111,27,0,0,2960,211,0,9,0,959,304,0,18,0,512,0,0,6,0,272,0,0,0,0,151,694,0,15,0,0,16,3,0,0,0,0,0,0,0
3,27,0,26,2,0,0,1.020093,0.98446,0.997881,26,5,959,100,100,0,0,0,0,24,54,50,3,28,0,217,21,0,0,3080,218,0,7,0,977,310,0,14,0,527,1,0,8,0,267,0,0,1,0,111,758,4,15,0,0,24,4,0,0,0,0,0,0,0
3,27,1,39,2,0,0,1.010187,0.993008,1.016953,38,5,959,100,100,0,0,0,24,0,52,46,3,28,0,318,42,0,0,3080,154,0,14,0,977,415,0,28,0,527,0,0,6,0,267,0,0,3,0,111,700,12,37,0,0,21,3,17,0,0,0,0,0,0
3,27,2,23,2,0,0,1.007878,0.99025,0.989704,23,5,959,100,100,0,0,0,54,52,0,18,2,28,0,327,21,0,0,3080,203,0,7,0,977,370,0,14,0,527,0,0,2,0,267,0,0,1,0,111,732,4,9,0,0,28,1,0,0,0,0,0,0,0
3,27,3,31,2,0,0,0.990564,0.977621,1.011592,30,4,834,100,100,0,0,0,50,46,18,0,2,28,0,114,27,0,0,3080,172,0,9,0,977,313,0,18,0,527,0,0,2,0,267,0,0,0,0,111,681,0,28,0,0,0,1,17,0,0,0,0,0,0
3,28,0,26,0,2,0,1.020093,0.98446,0.997881,26,6,1084,100,100,0,0,0,0,26,54,52,3,28,2,218,21,0,0,3036,185,0,7,0,980,317,0,14,0,539,1,0,2,0,233,0,0,12,0,148,830,48,26,0,0,8,1,17,0,0,0,0,0,0
3,28,1,38,0,2,0,1.009038,0.993283,1.017586,37,5,959,100,100,0,0,0,26,0,54,48,3,28,2,328,42,0,0,3036,197,0,14,0,980,423,0,28,0,539,1,0,2,0,233,1,0,17,0,148,765,68,18,0,0,21,1,1,0,0,1,1,0,0
3,28,2,23,0,2,0,1.007878,0.99025,0.989704,23,5,959,100,100,0,0,0,54,54,0,18,2,28,2,330,21,0,0,3036,173,0,7,0,980,377,0,14,0,539,0,0,0,0,233,0,0,3,0,148,787,12,7,0,0,28,0,0,0,0,0,0,0,0
3,28,3,30,0,2,0,0.99189,0.976105,1.009276,29,4,834,100,100,0,0,0,52,48,18,0,2,28,2,117,27,0,0,3036,192,0,9,0,980,322,0,18,0,539,0,0,0,0,233,0,0,6,0,148,733,24,9,0,0,0,0,0,0,0,0,0,0,0
3,29,0,26,2,4,0,1.018401,0.974341,0.995551,25,6,1084,100,100,0,0,0,0,28,56,54,3,24,0,220,21,0,0,2920,208,0,7,0,977,324,0,14,0,513,1,0,12,0,261,0,0,3,0,213,841,12,19,0,0,14,6,0,0,0,0,0,0,0
3,29,1,38,2,4,0,1.006136,0.994574,1.01746,37,5,959,100,100,0,0,0,28,0,56,50,3,24,0,340,42,0,0,2920,241,0,14,0,977,437,0,28,0,513,0,0,14,0,261,0,0,6,0,213,776,24,28,0,0,28,7,0,0,0,0,0,0,0
3,29,2,22,2,4,0,1.007712,0.994796,0.987862,22,5,959,100,100,0,0,0,56,56,0,18,2,24,0,330,18,0,0,2920,200,0,6,0,977,383,0,12,0,513,1,0,2,0,261,0,0,0,0,213,800,0,8,0,0,29,1,0,0,0,0,0,0,0
3,29,3,29,2,4,0,0.989457,0.978113,1.006558,28,4,834,100,100,0,0,0,54,50,18,0,2,24,0,114,24,0,0,2920,218,0,8,0,977,330,0,16,0,513,1,0,2,0,261,0,0,0,0,213,754,0,12,0,0,0,1,1,0,0,1,1,0,0
3,30,0,26,0,1,0,1.018401,0.974341,0.995551,25,6,1084,100,100,0,0,0,0,28,58,56,3,24,4,221,24,0,0,3200,174,0,8,0,977,332,0,16,0,514,0,0,10,0,268,0,0,3,0,17,900,12,20,0,0,18,5,1,0,0,1,1,0,0
3,30,1,37,0,1,0,1.005928,0.997866,1.018452,36,6,1084,100,100,0,0,0,28,0,58,52,3,24,4,353,45,0,0,3200,188,0,15,0,977,452,0,30,0,514,0,0,12,0,268,0,0,1,0,17,804,4,46,0,0,16,6,18,0,0,1,1,0,0
3,30,2,22,0,1,0,1.007712,0.994796,0.987862,22,6,1084,100,100,0,0,0,58,58,0,18,2,24,4,327,18,0,0,3200,172,0,6,0,977,389,0,12,0,514,1,0,6,0,268,0,0,0,0,17,837,0,29,0,0,15,3,17,0,0,0,0,0,0
3,30,3,29,0,1,0,0.989457,0.978113,1.006558,29,4,834,100,100,0,0,0,56,52,18,0,2,24,4,111,24,0,0,3200,181,0,8,0,977,338,0,16,0,514,0,0,4,0,268,0,0,0,0,17,817,0,12,0,0,2,2,0,0,0,0,0,0,0
3,31,0,26,0,0,0,1.018401,0.974341,0.995551,26,6,1084,100,100,0,0,0,0,30,60,58,3,20,0,223,24,0,0,2936,196,0,8,0,977,340,0,16,0,499,1,0,14,0,272,0,0,0,0,228,893,0,22,0,0,25,7,0,0,0,0,0,0,0
3,31,1,37,0,0,0,1.005928,0.997866,1.018452,37,6,1084,100,100,0,0,0,30,0,60,54,3,20,0,365,45,0,0,2936,224,0,15,0,977,467,0,30,0,499,0,0,18,0,272,0,0,0,0,228,783,0,33,0,0,25,9,0,0,0,0,0,0,0
3,31,2,22,0,0,0,1.007712,0.994796,0.987862,22,6,1084,100,100,0,0,0,60,60,0,18,2,20,0,327,18,0,0,2936,200,0,6,0,977,395,0,12,0,499,1,0,6,0,272,0,0,0,0,228,843,0,12,0,0,18,3,0,0,0,0,0,0,0
3,31,3,29,0,0,0,0.989457,0.978113,1.006558,29,4,834,100,100,0,0,0,58,54,18,0,2,20,0,110,24,0,0,2936,208,0,8,0,977,346,0,16,0,499,0,0,6,0,272,0,0,0,0,228,820,0,14,0,0,5,3,0,0,0,0,0,0,0
3,32,0,20,0,31,0,1.016201,0.966883,0.995592,20,7,1209,100,100,0,0,0,0,30,62,60,3,20,3,224,24,0,0,3200,162,0,8,0,977,348,0,16,0,523,1,0,6,0,254,0,0,6,0,61,918,24,31,0,0,11,3,17,0,0,0,0,0,0
3,32,1,31,0,31,0,1.000893,1.001286,1.015572,31,6,1084,100,100,0,0,0,30,0,62,56,3,20,3,376,45,0,0,3200,172,0,15,0,977,482,0,30,0,523,1,0,8,0,254,0,0,6,0,61,832,24,23,0,0,29,4,0,0,0,0,0,0,0
3,32,2,13,0,31,0,0.993378,0.994193,0.9852,13,6,1084,100,100,0,0,0,62,62,0,18,2,20,3,323,15,0,0,3200,173,0,5,0,977,400,0,10,0,523,0,0,4,0,254,0,0,3,0,61,872,12,9,0,0,20,2,0,0,0,0,0,0,0
3,32,3,19,0,31,0,1.008835,0.977951,1.006225,19,4,834,100,100,0,0,0,60,56,18,0,2,20,3,102,18,0,0,3200,173,0,6,0,977,352,0,12,0,523,0,0,0,0,254,0,0,3,0,61,828,12,6,0,0,5,0,0,0,0,0,0,0,0
3,33,0,20,0,1,0,1.016201,0.966883,0.995592,20,7,1209,100,100,0,0,0,0,30,64,62,3,20,1,233,24,0,0,3072,150,0,8,0,1009,354,0,16,0,544,1,0,0,0,230,4,0,8,0,243,960,32,8,0,0,11,0,0,0,0,0,0,0,0
3,33,1,30,0,1,0,1.000934,1.001505,1.01676,30,6,1084,100,100,0,0,0,30,0,64,58,3,20,1,395,45,0,0,3072,174,0,15,0,1009,482,0,30,0,544,1,0,0,0,230,5,0,10,0,243,869,40,15,0,0,29,0,0,0,0,0,0,0,0
3,33,2,13,0,1,0,0.993378,0.994193,0.9852,13,6,1084,100,100,0,0,0,64,64,0,18,2,20,1,329,15,0,0,3072,179,0,5,0,1009,402,0,10,0,544,0,0,0,0,230,0,0,6,0,243,900,24,5,0,0,20,0,0,0,0,0,0,0,0
3,33,3,19,0,1,0,1.008835,0.977951,1.006225,19,4,834,100,100,0,0,0,62,58,18,0,2,20,1,106,18,0,0,3072,188,0,6,0,1009,355,0,12,0,544,0,0,0,0,230,0,0,6,0,243,828,24,6,0,0,5,0,0,0,0,0,0,0,0
3,34,0,19,0,2,0,1.021388,0.968851,0.998383,19,7,1209,100,100,0,0,0,0,30,66,64,3,20,0,243,24,0,0,3112,138,0,8,0,986,362,0,16,0,514,1,0,12,0,272,0,0,4,0,211,971,16,20,0,0,17,6,0,0,0,0,0,0,0
3,34,1,29,0,2,0,1.001201,0.99992,1.019818,29,6,1084,100,100,0,0,0,30,0,64,60,3,20,0,415,45,0,0,3112,169,0,15,0,986,497,0,30,0,514,0,0,10,0,272,0,0,5,0,211,876,20,25,0,0,34,5,0,0,0,0,0,0,0
3,34,2,13,0,2,0,0.993378,0.994193,0.9852,13,6,1084,100,100,0,0,0,66,64,0,18,2,20,0,335,15,0,0,3112,185,0,5,0,986,407,0,10,0,514,0,0,4,0,272,0,0,0,0,211,900,0,9,0,0,22,2,0,0,0,0,0,0,0
3,34,3,19,0,2,0,1.008835,0.977951,1.006225,19,4,834,100,100,0,0,0,64,60,18,0,2,20,0,110,18,0,0,3112,163,0,6,0,986,361,0,12,0,514,1,0,4,0,272,0,0,0,0,211,824,0,10,0,0,7,2,0,0,0,0,0,0,0
3,35,0,16,0,6,0,1.018811,0.965749,0.994079,16,7,1209,100,100,0,0,0,0,30,68,64,3,20,1,246,18,0,0,3104,129,0,6,0,986,368,0,12,0,533,1,0,0,0,248,6,0,6,0,222,1001,24,6,0,0,17,0,0,0,0,0,0,0,0
3,35,1,29,0,6,0,1.001201,0.99992,1.019818,29,6,1084,100,100,0,0,0,30,0,66,62,3,20,1,436,45,0,0,3104,165,0,15,0,986,512,0,30,0,533,0,0,10,0,248,0,0,3,0,222,875,12,25,0,0,39,5,0,0,0,0,0,0,0
3,35,2,12,0,6,0,0.98837,0.992716,0.976233,12,7,1209,100,100,0,0,0,68,66,0,18,2,20,1,342,15,0,0,3104,167,0,5,0,986,412,0,10,0,533,1,0,0,0,248,0,0,3,0,222,915,12,22,0,0,5,0,17,0,0,0,0,0,0
3,35,3,17,0,6,0,1.011394,0.971608,1.004135,17,4,834,100,100,0,0,0,64,62,18,0,2,20,1,114,18,0,0,3104,178,0,6,0,986,367,0,12,0,533,1,0,0,0,248,0,0,6,0,222,828,24,6,0,0,7,0,0,0,0,0,0,0,0
3,36,0,16,1,3,0,1.018811,0.965749,0.994079,16,7,1209,100,100,0,0,0,0,30,70,64,3,20,2,253,18,0,0,3088,123,0,6,0,992,374,0,12,0,511,1,0,12,0,268,0,0,6,0,255,1019,24,18,0,0,23,6,0,0,0,0,0,0,0
3,36,1,27,1,3,0,1.001215,1.003403,1.020964,27,6,1084,100,100,0,0,0,30,0,66,64,3,20,2,450,39,0,0,3088,163,0,13,0,992,525,0,26,0,511,0,0,12,0,268,0,0,1,0,255,866,4,25,0,0,45,6,0,0,0,0,0,0,0
3,36,2,12,1,3,0,0.993706,0.988931,0.971626,11,7,1209,100,100,0,0,0,70,66,0,18,2,20,2,346,12,0,0,3088,167,0,4,0,992,416,0,8,0,511,1,0,6,0,268,0,0,0,0,255,914,0,10,0,0,8,3,0,0,0,0,0,0,0
3,36,3,17,1,3,0,1.011394,0.971608,1.004135,17,4,834,100,100,0,0,0,64,64,18,0,2,20,2,120,18,0,0,3088,195,0,6,0,992,373,0,12,0,511,0,0,4,0,268,0,0,3,0,255,828,12,10,0,0,9,2,0,0,0,0,0,0,0
3,37,0,15,0,1,0,1.019863,0.9748,0.999078,15,7,1209,100,100,0,0,0,0,30,72,66,3,20,3,256,15,0,0,3128,118,0,5,0,1001,379,0,10,0,526,0,0,10,0,272,0,0,0,0,213,1016,0,15,0,0,28,5,0,0,0,0,0,0,0
3,37,1,27,0,1,0,1.001215,1.003403,1.020964,27,6,1084,100,100,0,0,0,30,0,68,66,3,20,3,467,39,0,0,3128,163,0,13,0,1001,538,0,26,0,526,0,0,2,0,272,0,0,0,0,213,863,0,15,0,0,46,1,0,0,0,0,0,0,0
3,37,2,12,0,1,0,0.993706,0.988931,0.971626,11,7,1209,100,100,0,0,0,72,68,0,18,2,20,3,349,12,0,0,3128,167,0,4,0,1001,420,0,8,0,526,1,0,4,0,272,0,0,0,0,213,916,0,10,0,0,9,2,1,0,0,1,1,0,0
3,37,3,17,0,1,0,1.011394,0.971608,1.004135,17,4,834,100,100,0,0,0,66,66,18,0,2,20,3,126,18,0,0,3128,172,0,6,0,1001,379,0,12,0,526,1,0,2,0,272,0,0,0,0,213,826,0,8,0,0,10,1,0,0,0,0,0,0,0
3,38,0,14,0,2,0,1.023429,0.981649,1.007434,14,8,1334,100,100,0,0,0,0,32,72,68,3,20,2,259,15,0,0,3088,114,0,5,0,1004,384,0,10,0,521,1,0,4,0,265,0,0,4,0,260,1018,16,26,0,0,13,2,17,0,0,0,0,0,0
3,38,1,26,0,2,0,1.000815,1.002853,1.021146,26,6,1084,100,100,0,0,0,32,0,70,68,3,20,2,481,36,0,0,3088,164,0,12,0,1004,550,0,24,0,521,1,0,4,0,265,0,0,2,0,260,865,8,16,0,0,48,2,0,0,0,0,0,0,0
3,38,2,12,0,2,0,0.993706,0.988931,0.971626,12,7,1209,100,100,0,0,0,72,70,0,18,2,20,2,353,12,0,0,3088,167,0,4,0,1004,424,0,8,0,521,0,0,6,0,265,0,0,0,0,260,912,0,10,0,0,12,3,0,0,0,0,0,0,0
3,38,3,17,0,2,0,1.011394,0.971608,1.004135,17,4,834,100,100,0,0,0,68,68,18,0,2,20,2,132,18,0,0,3088,189,0,6,0,1004,385,0,12,0,521,0,0,6,0,265,0,0,1,0,260,822,4,12,0,0,13,3,0,0,0,0,0,0,0
3,39,0,11,0,6,0,1.026239,0.982222,1.006273,11,8,1334,100,100,0,0,0,0,34,72,68,3,20,3,255,6,0,0,3128,114,0,2,0,1007,386,0,4,0,518,1,0,8,0,271,0,0,0,0,255,1015,0,10,0,0,17,4,0,0,0,0,0,0,0
3,39,1,25,0,6,0,1.002998,1.000068,1.022549,25,6,1084,100,100,0,0,0,34,0,72,70,3,20,3,496,36,0,0,3128,166,0,12,0,1007,562,0,24,0,518,1,0,8,0,271,0,0,0,0,255,853,0,20,0,0,52,4,0,0,0,0,0,0,0
3,39,2,11,0,6,0,0.997469,0.983915,0.971668,11,7,1209,100,100,0,0,0,72,72,0,18,2,20,3,355,9,0,0,3128,168,0,3,0,1007,427,0,6,0,518,1,0,4,0,271,0,0,0,0,255,914,0,7,0,0,14,2,0,0,0,0,0,0,0
3,39,3,16,0,6,0,1.013351,0.971896,1.004801,16,4,834,100,100,0,0,0,68,70,18,0,2,20,3,133,15,0,0,3128,167,0,5,0,1007,390,0,10,0,518,1,0,4,0,271,0,0,0,0,255,825,0,9,0,0,15,2,0,0,0,0,0,0,0
3,40,0,11,0,0,0,1.026239,0.982222,1.006273,11,8,1334,100,100,0,0,0,0,36,74,70,3,20,0,255,6,0,0,3088,117,0,2,0,1033,385,0,4,0,544,1,0,0,0,253,0,0,6,0,252,1049,24,2,0,0,17,0,0,0,0,0,0,0,0
3,40,1,25,0,0,0,1.002998,1.000068,1.022549,25,6,1084,100,100,0,0,0,36,0,74,72,3,20,0,512,36,0,0,3088,169,0,12,0,1033,569,0,24,0,544,1,0,0,0,253,0,0,6,0,252,877,24,12,0,0,52,0,0,0,0,0,0,0,0
3,40,2,11,0,0,0,0.997469,0.983915,0.971668,11,7,1209,100,100,0,0,0,74,74,0,20,3,20,0,358,9,0,0,3088,170,0,3,0,1033,427,0,6,0,544,1,0,0,0,253,0,0,4,0,252,939,16,3,0,0,14,0,0,0,0,0,0,0,0
3,40,3,16,0,0,0,1.013351,0.971896,1.004801,16,4,834,100,100,0,0,0,70,72,20,0,3,20,0,137,15,0,0,3088,186,0,5,0,1033,395,0,10,0,544,1,0,0,0,253,0,0,3,0,252,829,12,5,0,0,15,0,0,0,0,0,0,0,0
2,1,0,50,3,5,0,0.994756,1.002949,0.996035,0,0,334,100,100,0,0,0,0,2,2,2,0,80,0,55,36,0,0,2816,201,0,12,0,932,62,0,24,0,392,21,0,48,0,272,1,0,24,0,159,121,96,78,0,0,15,24,9,0,0,9,9,0,0
2,1,1,50,3,5,0,0.995982,1.004429,0.995847,0,0,334,100,100,0,0,0,2,0,2,2,0,80,0,59,39,0,0,2816,200,0,13,0,932,63,0,26,0,392,24,0,48,0,272,1,0,24,0,159,120,96,79,0,0,15,24,9,0,0,9,9,0,0
2,1,2,51,3,5,0,0.995299,1.006075,0.99589,0,0,334,100,100,0,0,0,2,2,0,0,0,80,0,59,39,0,0,2816,200,0,13,0,932,63,0,26,0,392,24,0,48,0,272,1,0,24,0,159,120,96,79,0,0,15,24,9,0,0,9,9,0,0
2,1,3,47,3,5,0,0.997053,1.008337,0.997782,0,0,334,100,100,0,0,0,2,2,0,0,0,80,0,59,39,0,0,2816,192,0,13,0,932,63,0,26,0,392,25,0,44,0,272,3,0,22,0,159,113,88,75,0,0,13,22,9,0,0,9,9,0,0
2,2,0,49,3,8,0,0.996146,1.004808,0.998288,8,0,334,100,100,0,0,0,0,2,4,4,0,80,5,59,36,0,0,2824,227,0,12,0,932,74,0,24,0,544,1,0,20,0,131,10,0,23,0,159,199,92,50,0,0,16,10,9,0,0,9,9,0,0
2,2,1,48,3,8,0,0.995847,1.006714,0.997599,9,0,334,100,100,0,0,0,2,0,4,2,0,80,5,62,36,0,0,2824,234,0,12,0,932,75,0,24,0,544,0,0,24,0,131,12,0,24,0,159,198,96,54,0,0,18,12,9,0,0,9,9,0,0
2,2,2,50,3,8,0,0.995036,1.008223,0.994702,9,0,334,100,100,0,0,0,4,4,0,0,0,80,5,63,39,0,0,2824,232,0,13,0,932,76,0,26,0,544,0,0,24,0,131,13,0,23,0,159,190,92,55,0,0,18,12,9,0,0,9,9,0,0
2,2,3,46,3,8,0,0.999477,1.006218,0.997276,9,0,334,100,100,0,0,0,4,2,0,0,0,80,5,71,39,0,0,2824,204,0,13,0,932,76,0,26,0,544,1,0,24,0,131,16,0,20,0,159,171,80,55,0,0,16,12,9,0,0,9,9,0,0
2,3,0,43,2,9,0,1.002132,1.007055,0.99342,17,0,334,100,100,0,0,0,0,2,6,6,0,76,13,55,33,0,0,3128,167,0,11,0,932,85,0,22,0,429,0,0,28,0,270,0,0,10,0,50,228,40,57,0,0,21,14,9,0,0,9,9,0,0
2,3,1,48,2,9,0,0.995847,1.006714,0.997599,18,0,334,100,100,0,0,0,2,0,6,4,0,76,13,70,36,0,0,3128,174,0,12,0,932,87,0,24,0,429,0,0,34,0,270,0,0,14,0,50,273,56,64,0,0,26,17,9,0,0,9,9,0,0
2,3,2,51,2,9,0,0.997003,1.006499,0.993243,18,0,334,100,100,0,0,0,6,6,0,0,0,76,13,67,42,0,0,3128,168,0,14,0,932,90,0,28,0,429,1,0,26,0,270,0,0,13,0,50,263,52,58,0,0,22,13,9,0,0,9,9,0,0
2,3,3,44,2,9,0,1.000398,1.004801,0.996173,16,0,334,100,100,0,0,0,6,4,0,0,0,76,13,81,42,0,0,3128,208,0,14,0,932,90,0,28,0,429,0,0,28,0,270,0,0,16,0,50,205,64,60,0,0,21,14,9,0,0,9,9,0,0
2,4,0,44,7,6,0,1.003087,1.007907,0.995172,24,0,334,100,100,0,0,0,0,4,6,8,0,76,1,63,33,0,0,2872,177,0,11,0,1057,73,0,22,0,496,0,0,14,0,182,4,0,17,0,168,280,68,43,0,0,19,7,9,0,0,9,9,0,0
2,4,1,47,7,6,0,0.993259,1.004876,1.004002,26,1,459,100,100,0,0,0,4,0,8,6,0,76,1,76,36,0,0,2872,202,0,12,0,1057,69,0,24,0,496,0,0,8,0,182,2,0,22,0,168,287,88,55,0,0,4,4,26,0,0,9,9,0,0
2,4,2,52,7,6,0,0.998829,1.00676,0.990809,27,1,459,100,100,0,0,0,6,8,0,0,0,76,1,78,42,0,0,2872,207,0,14,0,1057,68,0,28,0,496,0,0,14,0,182,0,0,21,0,168,285,84,63,0,0,3,7,26,0,0,9,9,0,0
2,4,3,44,7,6,0,1.00133,1.004746,0.993528,24,0,334,100,100,0,0,0,8,6,0,0,0,76,1,94,42,0,0,2872,206,0,14,0,1057,71,0,28,0,496,1,0,12,0,182,4,0,17,0,168,259,68,44,0,0,18,6,9,0,0,9,9,0,0
2,5,0,46,6,8,0,1.00256,1.004029,0.999286,32,0,334,100,100,0,0,0,0,4,6,10,0,72,0,77,39,0,0,2880,184,0,13,0,920,86,0,26,0,449,0,0,30,0,268,0,0,4,0,177,268,16,55,0,0,28,15,6,0,0,6,6,0,0
2,5,1,46,6,8,0,1.000385,1.004602,1.00591,33,1,459,100,100,0,0,0,4,0,10,8,0,72,0,81,36,0,0,2880,231,0,12,0,920,81,0,24,0,449,0,0,24,0,268,0,0,2,0,177,280,8,48,0,0,10,12,6,0,0,6,6,0,0
2,5,2,51,6,8,0,1.002207,1.006042,0.991473,35,1,459,100,100,0,0,0,6,10,0,0,0,72,0,80,36,0,0,2880,255,0,12,0,920,80,0,24,0,449,0,0,18,0,268,0,0,4,0,177,288,16,46,0,0,4,9,8,0,0,8,8,0,0
2,5,3,42,6,8,0,1.001659,1.001428,0.989563,32,0,334,100,100,0,0,0,10,8,0,0,0,72,0,107,42,0,0,2880,196,0,14,0,920,85,0,28,0,449,0,0,22,0,268,0,0,4,0,177,259,16,46,0,0,24,11,5,0,0,5,5,0,0
2,6,0,43,3,7,1,0.998819,1.00372,0.998378,35,0,334,100,100,0,0,0,0,4,8,10,0,72,1,77,30,0,0,3064,208,0,10,0,935,96,0,20,0,429,1,0,34,0,243,0,0,7,0,93,271,28,52,0,0,41,17,4,0,0,4,4,0,0
2,6,1,43,3,7,1,1.002097,1.00512,1.006545,37,1,459,100,100,0,0,0,4,0,12,4,0,72,1,76,30,0,0,3064,175,0,10,0,935,91,0,20,0,429,0,0,22,0,243,0,0,5,0,93,337,20,38,0,0,18,11,3,0,0,3,3,0,0
2,6,2,52,3,7,1,1.003598,1.005498,0.989587,43,1,459,100,100,0,0,0,8,12,0,0,0,72,1,81,36,0,0,3064,192,0,12,0,935,92,0,24,0,429,1,0,30,0,243,0,0,8,0,93,345,32,50,0,0,15,15,4,0,0,4,4,0,0
2,6,3,43,3,7,1,1.00157,1.003471,0.986879,36,0,334,100,100,0,0,0,10,4,0,0,0,72,1,126,42,0,0,3064,196,0,14,0,935,99,0,28,0,429,1,0,22,0,243,0,0,7,0,93,275,28,42,0,0,32,11,3,0,0,3,3,0,0
2,7,0,42,3,5,0,1.00083,1.005185,0.998718,38,1,459,100,100,0,0,0,0,6,10,12,0,68,4,81,30,0,0,2856,235,0,10,0,947,106,0,20,0,490,0,0,18,0,205,2,0,18,0,168,303,72,49,0,0,31,9,19,0,0,2,2,0,0
2,7,1,43,3,5,0,1.00737,1.006413,1.009129,39,2,584,100,100,0,0,0,6,0,14,6,0,68,4,79,30,0,0,2856,202,0,10,0,947,101,0,20,0,490,0,0,10,0,205,0,0,15,0,168,392,60,41,0,0,4,5,19,0,0,2,2,0,0
2,7,2,50,3,5,0,1.006219,1.007538,0.990455,45,2,584,100,100,0,0,0,10,14,0,2,0,68,4,84,39,0,0,2856,247,0,13,0,947,105,0,26,0,490,1,0,14,0,205,0,0,16,0,168,389,64,50,0,0,2,7,20,0,0,3,3,0,0
2,7,3,44,3,5,0,1.002755,0.998635,0.988984,38,1,459,100,100,0,0,0,12,6,2,0,0,68,4,140,42,0,0,2856,187,0,14,0,947,113,0,28,0,490,0,0,14,0,205,0,0,13,0,168,299,52,49,0,0,20,7,19,0,0,2,2,0,0
2,8,0,41,4,2,0,1.003673,1.004622,1.000372,39,1,459,100,100,0,0,0,0,8,12,14,0,68,7,78,27,0,0,3064,184,0,9,0,944,115,0,18,0,467,0,0,20,0,272,0,0,2,0,84,349,8,31,0,0,40,10,1,0,0,1,1,0,0
2,8,1,44,4,2,0,1.008622,1.00367,1.008745,40,2,584,100,100,0,0,0,8,0,16,8,0,68,7,76,27,0,0,3064,238,0,9,0,944,110,0,18,0,467,1,0,14,0,272,0,0,0,0,84,403,0,25,0,0,10,7,1,0,0,1,1,0,0
2,8,2,50,4,2,0,1.006219,1.007538,0.990455,48,2,584,100,100,0,0,0,12,16,0,2,0,68,7,89,39,0,0,3064,184,0,13,0,944,118,0,26,0,467,1,0,26,0,272,0,0,0,0,84,423,0,41,0,0,14,13,1,0,0,1,1,0,0
2,8,3,46,4,2,0,1.004945,0.999199,0.986912,40,1,459,100,100,0,0,0,14,8,2,0,0,68,7,155,45,0,0,3064,176,0,15,0,944,128,0,30,0,467,0,0,16,0,272,0,0,0,0,84,300,0,35,0,0,26,8,2,0,0,2,2,0,0
2,9,0,41,6,5,0,1.003673,1.004622,1.000372,40,2,584,100,100,0,0,0,0,8,14,16,0,64,1,77,27,0,0,2952,214,0,9,0,947,124,0,18,0,467,0,0,20,0,226,0,0,14,0,132,381,56,48,0,0,32,10,18,0,0,1,1,0,0
2,9,1,44,6,5,0,1.008622,1.00367,1.008745,41,2,584,100,100,0,0,0,8,0,18,10,0,64,1,75,30,0,0,2952,184,0,10,0,947,120,0,20,0,467,1,0,14,0,226,0,0,13,0,132,502,52,28,0,0,15,7,2,0,0,2,2,0,0
2,9,2,50,6,5,0,1.004369,1.006658,0.994543,46,2,584,100,100,0,0,0,14,18,0,4,0,64,1,93,36,0,0,2952,234,0,12,0,947,130,0,24,0,467,0,0,16,0,226,0,0,11,0,132,467,44,30,0,0,21,8,1,0,0,1,1,0,0
2,9,3,47,6,5,0,1.009107,0.99752,0.986968,40,1,459,100,100,0,0,0,16,10,4,0,0,64,1,171,45,0,0,2952,163,0,15,0,947,143,0,30,0,467,1,0,18,0,226,0,0,8,0,132,334,32,37,0,0,33,9,2,0,0,2,2,0,0
2,10,0,40,0,4,0,1.002988,1.007704,1.001179,40,3,709,100,100,0,0,0,0,8,16,18,0,64,1,73,27,0,0,3043,164,0,9,0,947,133,0,18,0,544,0,0,0,0,148,21,0,18,0,69,502,72,26,0,0,15,0,17,0,0,0,0,0,0
2,10,1,44,0,4,0,1.008622,1.00367,1.008745,43,2,584,100,100,0,0,0,8,0,18,12,0,64,1,76,30,0,0,3043,218,0,10,0,947,130,0,20,0,544,1,0,0,0,148,4,0,24,0,69,572,96,12,0,0,14,0,1,0,0,1,1,0,0
2,10,2,49,0,4,0,1.004987,1.008749,0.995535,46,3,709,100,100,0,0,0,16,18,0,4,0,64,1,94,39,0,0,3043,171,0,13,0,947,143,0,26,0,544,0,0,0,0,148,6,0,24,0,69,550,96,34,0,0,2,0,19,0,0,2,2,0,0
2,10,3,45,0,4,0,1.013311,0.997684,0.985007,40,2,584,100,100,0,0,0,18,12,4,0,0,64,1,178,42,0,0,3043,171,0,14,0,947,157,0,28,0,544,1,0,0,0,148,0,0,21,0,69,422,84,37,0,0,13,0,20,0,0,3,3,0,0
2,11,0,38,4,17,0,1.008224,1.006054,0.999208,36,3,709,100,100,0,0,0,0,8,18,20,1,60,0,75,27,0,0,2936,195,0,9,0,962,140,0,18,0,441,1,0,28,0,272,7,0,14,0,137,533,56,37,0,0,29,14,0,0,0,0,0,0,0
2,11,1,38,4,17,0,1.014477,1.002829,1.009032,37,3,709,100,100,0,0,0,8,0,20,14,1,60,0,74,30,0,0,2936,164,0,10,0,962,135,0,20,0,441,0,0,26,0,272,0,0,4,0,137,537,16,53,0,0,10,13,17,0,0,0,0,0,0
2,11,2,45,4,17,0,1.000279,1.005511,0.998777,44,3,709,100,100,0,0,0,18,20,0,6,1,60,0,97,39,0,0,2936,213,0,13,0,962,151,0,26,0,441,0,0,24,0,272,0,0,6,0,137,558,24,37,0,0,14,12,0,0,0,0,0,0,0
2,11,3,44,4,17,0,1.014007,0.998361,0.983857,42,2,584,100,100,0,0,0,20,14,6,0,1,60,0,189,42,0,0,2936,184,0,14,0,962,171,0,28,0,441,1,0,22,0,272,0,0,0,0,137,420,0,38,0,0,23,11,1,0,0,1,1,0,0
2,12,0,37,3,1,0,1.007495,1.005023,0.998452,35,3,709,100,100,0,0,0,0,10,20,22,2,60,1,78,27,0,0,2968,228,0,9,0,947,149,0,18,0,459,1,0,30,0,234,0,0,13,0,214,559,52,41,0,0,43,15,1,0,0,1,1,0,0
2,12,1,39,3,1,0,1.015107,1.001054,1.01052,37,3,709,100,100,0,0,0,10,0,22,16,1,60,1,79,30,0,0,2968,196,0,10,0,947,145,0,20,0,459,1,0,16,0,234,0,0,11,0,214,574,44,28,0,0,17,8,1,0,0,1,1,0,0
2,12,2,46,3,1,0,0.998647,1.004917,1.000137,44,3,709,100,100,0,0,0,20,22,0,6,2,60,1,107,42,0,0,2968,154,0,14,0,947,165,0,28,0,459,1,0,22,0,234,0,0,8,0,214,577,32,38,0,0,24,11,1,0,0,1,1,0,0
2,12,3,45,3,1,0,1.014992,0.998912,0.983375,43,2,584,100,100,0,0,0,22,16,6,0,1,60,1,200,42,0,0,2968,198,0,14,0,947,185,0,28,0,459,1,0,12,0,234,0,0,13,0,214,469,52,28,0,0,28,6,1,0,0,1,1,0,0
2,13,0,37,3,6,0,1.007495,1.005023,0.998452,36,4,834,100,100,0,0,0,0,10,22,24,2,56,2,79,27,0,0,2936,182,0,9,0,960,156,0,18,0,540,1,0,4,0,149,19,0,15,0,144,662,60,32,0,0,27,2,18,0,0,1,1,0,0
2,13,1,41,3,6,0,1.016171,0.998607,1.008386,38,3,709,100,100,0,0,0,10,0,24,18,1,56,2,86,33,0,0,2936,226,0,11,0,960,150,0,22,0,540,1,0,0,0,149,15,0,17,0,144,650,68,13,0,0,16,0,1,0,0,1,1,0,0
2,13,2,44,3,6,0,0.998399,1.001104,1.000116,42,4,834,100,100,0,0,0,22,24,0,6,2,56,2,117,42,0,0,2936,190,0,14,0,960,176,0,28,0,540,1,0,0,0,149,9,0,19,0,144,641,76,33,0,0,6,0,18,0,0,1,1,0,0
2,13,3,42,3,6,0,1.012346,0.999088,0.982268,41,3,709,100,100,0,0,0,24,18,6,0,1,56,2,206,39,0,0,2936,204,0,13,0,960,193,0,26,0,540,1,0,0,0,149,2,0,21,0,144,552,84,32,0,0,10,0,18,0,0,1,1,0,0
2,14,0,35,1,5,0,1.007059,1.005309,0.997404,35,4,834,100,100,0,0,0,0,10,24,26,2,56,5,77,27,0,0,2960,216,0,9,0,944,165,0,18,0,428,1,0,30,0,272,4,0,15,0,146,698,60,39,0,0,42,15,0,0,0,0,0,0,0
2,14,1,42,1,5,0,1.015885,0.9976,1.007376,39,4,834,100,100,0,0,0,10,0,26,20,2,56,5,96,36,0,0,2960,173,0,12,0,944,162,0,24,0,428,0,0,34,0,272,0,0,15,0,146,672,60,65,0,0,15,17,18,0,0,1,1,0,0
2,14,2,43,1,5,0,0.998986,1.000262,1.003231,42,4,834,100,100,0,0,0,24,26,0,6,2,56,5,126,42,0,0,2960,228,0,14,0,944,190,0,28,0,428,1,0,24,0,272,0,0,9,0,146,661,36,40,0,0,17,12,1,0,0,1,1,0,0
2,14,3,40,1,5,0,1.01178,0.9972,0.984174,40,3,709,100,100,0,0,0,26,20,6,0,2,56,5,215,36,0,0,2960,214,0,12,0,944,205,0,24,0,428,0,0,20,0,272,0,0,2,0,146,567,8,32,0,0,20,10,0,0,0,0,0,0,0
2,15,0,36,2,6,0,1.010988,1.002631,0.996475,35,5,959,100,100,0,0,0,0,12,26,28,2,52,4,80,27,0,0,3112,172,0,9,0,947,174,0,18,0,440,2,0,30,0,272,0,0,4,0,70,711,16,56,0,0,40,15,17,0,0,0,0,0,0
2,15,1,40,2,6,0,1.017138,0.996476,1.00786,38,4,834,100,100,0,0,0,12,0,28,22,2,52,4,105,36,0,0,3112,199,0,12,0,947,174,0,24,0,440,1,0,30,0,272,0,0,0,0,70,649,0,44,0,0,29,15,1,0,0,1,1,0,0
2,15,2,40,2,6,0,1.00138,0.996932,1.006719,40,4,834,100,100,0,0,0,26,28,0,8,2,52,4,137,42,0,0,3112,171,0,14,0,947,204,0,28,0,440,0,0,26,0,272,0,0,0,0,70,686,0,40,0,0,30,13,0,0,0,0,0,0,0
2,15,3,40,2,6,0,1.011749,0.994292,0.983362,39,4,834,100,100,0,0,0,28,22,8,0,2,52,4,218,33,0,0,3112,163,0,11,0,947,216,0,22,0,440,1,0,16,0,272,0,0,0,0,70,600,0,44,0,0,11,8,17,0,0,0,0,0,0
2,16,0,35,1,3,0,1.012121,1.007523,0.993274,34,5,959,100,100,0,0,0,0,12,28,30,2,52,7,79,27,0,0,2896,207,0,9,0,950,183,0,18,0,518,1,0,4,0,223,3,0,15,0,300,756,60,15,0,0,41,2,1,0,0,1,1,0,0
2,16,1,40,1,3,0,1.017138,0.996476,1.00786,39,4,834,100,100,0,0,0,12,0,30,24,2,52,7,112,36,0,0,2896,227,0,12,0,950,186,0,24,0,518,0,0,4,0,223,0,0,14,0,300,687,56,18,0,0,30,2,1,0,0,1,1,0,0
2,16,2,39,1,3,0,1.003102,0.996674,1.005835,39,4,834,100,100,0,0,0,28,30,0,10,2,52,7,151,42,0,0,2896,189,0,14,0,950,218,0,28,0,518,0,0,12,0,223,0,0,7,0,300,688,28,26,0,0,36,6,0,0,0,0,0,0,0
2,16,3,40,1,3,0,1.011811,0.992843,0.985282,38,4,834,100,100,0,0,0,30,24,10,0,2,52,7,221,30,0,0,2896,185,0,10,0,950,226,0,20,0,518,0,0,6,0,223,0,0,10,0,300,622,40,18,0,0,13,3,1,0,0,1,1,0,0
2,17,0,35,0,0,0,1.012121,1.007523,0.993274,35,5,959,100,100,0,0,0,0,12,30,32,2,48,8,82,27,0,0,3056,163,0,9,0,953,192,0,18,0,434,2,0,30,0,272,0,0,3,0,90,804,12,39,0,0,56,15,0,0,0,0,0,0,0
2,17,1,40,0,0,0,1.017138,0.996476,1.00786,40,5,959,100,100,0,0,0,12,0,32,26,2,48,8,115,36,0,0,3056,175,0,12,0,953,198,0,24,0,434,1,0,30,0,272,0,0,0,0,90,703,0,59,0,0,28,15,17,0,0,0,0,0,0
2,17,2,39,0,0,0,1.003102,0.996674,1.005835,39,4,834,100,100,0,0,0,30,32,0,10,2,48,8,164,42,0,0,3056,208,0,14,0,953,232,0,28,0,434,0,0,26,0,272,0,0,0,0,90,669,0,40,0,0,49,13,0,0,0,0,0,0,0
2,17,3,40,0,0,0,1.011811,0.992843,0.985282,39,4,834,100,100,0,0,0,32,26,10,0,2,48,8,219,30,0,0,3056,207,0,10,0,953,236,0,20,0,434,0,0,22,0,272,0,0,0,0,90,627,0,34,0,0,23,11,1,0,0,1,1,0,0
2,18,0,35,0,1,0,1.012121,1.007523,0.993274,35,6,1084,100,100,0,0,0,0,14,32,34,2,48,0,88,27,0,0,3040,199,0,9,0,953,201,0,18,0,536,0,0,2,0,192,12,0,15,0,167,851,60,28,0,0,40,1,17,0,0,0,0,0,0
2,18,1,40,0,1,0,1.017138,0.996476,1.00786,40,5,959,100,100,0,0,0,14,0,34,28,2,48,0,122,36,0,0,3040,203,0,12,0,953,210,0,24,0,536,1,0,0,0,192,5,0,17,0,167,780,68,12,0,0,28,0,0,0,0,0,0,0,0
2,18,2,38,0,1,0,1.003622,0.99631,1.004612,38,5,959,100,100,0,0,0,32,34,0,12,2,48,0,176,42,0,0,3040,155,0,14,0,953,246,0,28,0,536,0,0,4,0,192,0,0,15,0,167,723,60,35,0,0,34,2,17,0,0,0,0,0,0
2,18,3,40,0,1,0,1.011811,0.992843,0.985282,40,5,959,100,100,0,0,0,34,28,12,0,2,48,0,219,30,0,0,3040,157,0,10,0,953,246,0,20,0,536,0,0,4,0,192,0,0,13,0,167,716,52,31,0,0,8,2,17,0,0,0,0,0,0
2,19,0,34,3,3,0,1.011029,1.009005,0.992731,34,6,1084,100,100,0,0,0,0,16,34,36,2,44,0,89,27,0,0,2896,235,0,9,0,1022,198,0,18,0,481,0,0,16,0,228,9,0,15,0,300,886,60,25,0,0,48,8,0,0,0,0,0,0,0
2,19,1,40,3,3,0,1.017296,0.992666,1.00919,39,6,1084,100,100,0,0,0,16,0,36,30,2,44,0,129,36,0,0,2896,231,0,12,0,1022,208,0,24,0,481,0,0,16,0,228,0,0,17,0,300,803,68,45,0,0,19,8,17,0,0,0,0,0,0
2,19,2,39,3,3,0,1.005624,0.991774,1.002474,37,5,959,100,100,0,0,0,34,36,0,12,2,44,0,188,42,0,0,2896,175,0,14,0,1022,236,0,28,0,481,1,0,14,0,228,0,0,6,0,300,719,24,28,0,0,41,7,0,0,0,0,0,0,0
2,19,3,40,3,3,0,1.011811,0.992843,0.985282,40,5,959,100,100,0,0,0,36,30,12,0,2,44,0,216,30,0,0,2896,179,0,10,0,1022,237,0,20,0,481,0,0,12,0,228,0,0,10,0,300,734,40,22,0,0,14,6,0,0,0,0,0,0,0
2,20,0,34,1,2,0,1.011029,1.009005,0.992731,34,7,1209,100,100,0,0,0,0,16,36,38,2,44,4,90,27,0,0,3048,192,0,9,0,953,207,0,18,0,472,0,0,24,0,259,0,0,9,0,140,922,36,50,0,0,43,12,17,0,0,0,0,0,0
2,20,1,41,1,2,0,1.017878,0.990971,1.009498,39,6,1084,100,100,0,0,0,16,0,38,32,2,44,4,136,36,0,0,3048,179,0,12,0,953,220,0,24,0,472,0,0,24,0,259,0,0,3,0,140,827,12,38,0,0,30,12,1,0,0,1,1,0,0
2,20,2,37,1,2,0,1.001427,0.991387,1.009093,35,5,959,100,100,0,0,0,36,38,0,14,2,44,4,198,39,0,0,3048,195,0,13,0,953,249,0,26,0,472,1,0,10,0,259,0,0,7,0,140,743,28,25,0,0,45,5,1,0,0,1,1,0,0
2,20,3,40,1,2,0,1.011811,0.992843,0.985282,40,5,959,100,100,0,0,0,38,32,14,0,2,44,4,213,30,0,0,3048,201,0,10,0,953,247,0,20,0,472,0,0,14,0,259,0,0,3,0,140,761,12,24,0,0,21,7,0,0,0,0,0,0,0
2,21,0,34,1,0,0,1.011029,1.009005,0.992731,34,7,1209,100,100,0,0,0,0,16,38,40,2,40,3,90,27,0,0,2896,229,0,9,0,953,216,0,18,0,544,0,0,0,0,176,15,0,15,0,204,988,60,9,0,0,43,0,0,0,0,0,0,0,0
2,21,1,42,1,0,0,1.017744,0.990276,1.008223,40,6,1084,100,100,0,0,0,16,0,40,34,2,40,3,145,39,0,0,2896,205,0,13,0,953,233,0,26,0,544,0,0,0,0,176,13,0,17,0,204,901,68,15,0,0,29,0,1,0,0,1,1,0,0
2,21,2,37,1,0,0,1.001427,0.991387,1.009093,36,5,959,100,100,0,0,0,38,40,0,14,2,40,3,208,39,0,0,2896,217,0,13,0,953,262,0,26,0,544,1,0,0,0,176,5,0,16,0,204,813,64,15,0,0,44,0,1,0,0,1,1,0,0
2,21,3,40,1,0,0,1.011811,0.992843,0.985282,40,6,1084,100,100,0,0,0,40,34,14,0,2,40,3,214,30,0,0,2896,223,0,10,0,953,257,0,20,0,544,0,0,0,0,176,0,0,15,0,204,833,60,27,0,0,4,0,17,0,0,0,0,0,0
2,22,0,34,0,5,0,1.011029,1.009005,0.992731,34,8,1334,100,100,0,0,0,0,16,40,42,2,40,1,91,27,0,0,3120,186,0,9,0,953,225,0,18,0,444,1,0,26,0,272,0,0,15,0,35,1070,60,52,0,0,39,13,17,0,0,0,0,0,0
2,22,1,41,0,5,0,1.01741,0.990822,1.009745,40,7,1209,100,100,0,0,0,16,0,42,36,2,40,1,150,39,0,0,3120,230,0,13,0,953,246,0,26,0,444,1,0,28,0,272,0,0,13,0,35,914,52,60,0,0,25,14,18,0,0,1,1,0,0
2,22,2,35,0,5,0,0.998189,0.991118,1.013038,35,6,1084,100,100,0,0,0,40,42,0,16,2,40,1,219,39,0,0,3120,167,0,13,0,953,275,0,26,0,444,0,0,24,0,272,0,0,5,0,35,846,20,54,0,0,39,12,17,0,0,0,0,0,0
2,22,3,38,0,5,0,1.01344,0.992738,0.979246,38,6,1084,100,100,0,0,0,42,36,16,0,2,40,1,213,27,0,0,3120,174,0,9,0,953,266,0,18,0,444,1,0,20,0,272,0,0,0,0,35,885,0,29,0,0,14,10,0,0,0,0,0,0,0
2,23,0,34,0,11,0,1.011029,1.009005,0.992731,34,8,1334,100,100,0,0,0,0,16,42,44,2,36,2,90,27,0,0,2992,223,0,9,0,965,231,0,18,0,457,0,0,28,0,272,0,0,0,0,178,1048,0,37,0,0,53,14,0,0,0,0,0,0,0
2,23,1,31,0,11,0,1.02364,0.972447,1.008612,31,7,1209,100,100,0,0,0,16,0,44,38,2,36,2,157,39,0,0,2992,176,0,13,0,965,256,0,26,0,457,12,0,14,0,272,0,0,0,0,178,907,0,27,0,0,32,7,0,0,0,0,0,0,0
2,23,2,35,0,11,0,0.998189,0.991118,1.013038,35,6,1084,100,100,0,0,0,42,44,0,16,2,36,2,231,39,0,0,2992,175,0,13,0,965,288,0,26,0,457,1,0,14,0,272,0,0,0,0,178,840,0,27,0,0,46,7,0,0,0,0,0,0,0
2,23,3,37,0,11,0,1.013223,0.992398,0.979733,37,6,1084,100,100,0,0,0,44,38,16,0,2,36,2,212,27,0,0,2992,191,0,9,0,965,272,0,18,0,457,1,0,20,0,272,0,0,0,0,178,892,0,29,0,0,24,10,0,0,0,0,0,0,0
2,24,0,35,2,5,0,1.012368,1.007448,0.993675,34,8,1334,100,100,0,0,0,0,16,44,46,2,36,2,93,27,0,0,3064,180,0,9,0,956,240,0,18,0,469,1,0,24,0,272,0,0,0,0,153,1090,0,33,0,0,65,12,0,0,0,0,0,0,0
2,24,1,30,2,5,0,1.024243,0.973334,1.009718,29,7,1209,100,100,0,0,0,16,0,46,40,2,36,2,167,33,0,0,3064,150,0,11,0,956,267,0,22,0,469,15,0,14,0,272,0,0,0,0,153,897,0,25,0,0,39,7,0,0,0,0,0,0,0
2,24,2,34,2,5,0,0.999219,0.993161,1.013138,34,6,1084,100,100,0,0,0,44,46,0,16,2,36,2,242,39,0,0,3064,175,0,13,0,956,301,0,26,0,469,0,0,14,0,272,0,0,0,0,153,834,0,27,0,0,53,7,0,0,0,0,0,0,0
2,24,3,35,2,5,0,1.011848,0.992789,0.977086,35,6,1084,100,100,0,0,0,46,40,16,0,2,36,2,207,24,0,0,3064,202,0,8,0,956,280,0,16,0,469,1,0,20,0,272,0,0,0,0,153,900,0,28,0,0,34,10,0,0,0,0,0,0,0
2,25,0,31,0,6,0,1.015971,1.016438,0.991194,30,8,1334,100,100,0,0,0,0,16,46,48,2,32,0,85,21,0,0,3056,202,0,7,0,965,247,0,14,0,438,5,0,26,0,272,0,0,0,0,199,1070,0,35,0,0,77,13,1,0,0,1,1,0,0
2,25,1,29,0,6,0,1.025955,0.972213,1.012685,28,7,1209,100,100,0,0,0,16,0,48,42,2,32,0,174,30,0,0,3056,126,0,10,0,965,277,0,20,0,438,37,0,14,0,272,0,0,0,0,199,886,0,26,0,0,45,7,1,0,0,1,1,0,0
2,25,2,33,0,6,0,0.999965,0.992776,1.015849,33,6,1084,100,100,0,0,0,46,48,0,16,2,32,0,250,36,0,0,3056,177,0,12,0,965,313,0,24,0,438,0,0,18,0,272,0,0,0,0,199,825,0,30,0,0,62,9,0,0,0,0,0,0,0
2,25,3,35,0,6,0,1.011848,0.992789,0.977086,35,6,1084,100,100,0,0,0,48,42,16,0,2,32,0,202,24,0,0,3056,159,0,8,0,965,288,0,16,0,438,1,0,22,0,272,0,0,0,0,199,920,0,30,0,0,45,11,0,0,0,0,0,0,0
2,26,0,31,0,3,0,1.015971,1.016438,0.991194,31,8,1334,100,100,0,0,0,0,16,48,48,2,32,6,78,21,0,0,3080,164,0,7,0,977,254,0,14,0,471,0,0,26,0,272,0,0,0,0,178,1087,0,33,0,0,90,13,0,0,0,0,0,0,0
2,26,1,29,0,3,0,1.025955,0.972213,1.012685,29,7,1209,100,100,0,0,0,16,0,50,44,2,32,6,182,30,0,0,3080,103,0,10,0,977,287,0,20,0,471,46,0,14,0,272,0,0,0,0,178,877,0,24,0,0,52,7,0,0,0,0,0,0,0
2,26,2,31,0,3,0,1.00368,0.997876,1.017665,31,6,1084,100,100,0,0,0,48,50,0,16,2,32,6,254,33,0,0,3080,173,0,11,0,977,324,0,22,0,471,1,0,18,0,272,0,0,0,0,178,817,0,29,0,0,71,9,0,0,0,0,0,0,0
2,26,3,34,0,3,0,1.009311,0.994152,0.977133,34,7,1209,100,100,0,0,0,48,44,16,0,2,32,6,201,24,0,0,3080,172,0,8,0,977,296,0,16,0,471,1,0,10,0,272,0,0,0,0,178,918,0,35,0,0,33,5,17,0,0,0,0,0,0
2,27,0,27,0,10,0,1.018741,1.010455,0.988965,27,8,1334,100,100,0,0,0,0,16,50,50,2,28,0,76,21,0,0,3024,182,0,7,0,980,261,0,14,0,472,0,0,20,0,240,0,0,8,0,216,1101,32,27,0,0,100,10,0,0,0,0,0,0,0
2,27,1,27,0,10,0,1.023452,0.974001,1.007289,27,7,1209,100,100,0,0,0,16,0,52,46,2,28,0,185,27,0,0,3024,81,0,9,0,980,296,0,18,0,472,50,0,14,0,240,2,0,7,0,216,897,28,23,0,0,59,7,0,0,0,0,0,0,0
2,27,2,28,0,10,0,1.004118,0.995823,1.020118,28,6,1084,100,100,0,0,0,50,52,0,18,2,28,0,263,33,0,0,3024,171,0,11,0,980,335,0,22,0,472,0,0,12,0,240,1,0,9,0,216,842,36,23,0,0,77,6,0,0,0,0,0,0,0
2,27,3,33,0,10,0,1.008534,0.992381,0.976474,33,7,1209,100,100,0,0,0,50,46,18,0,2,28,0,197,24,0,0,3024,186,0,8,0,980,304,0,16,0,472,0,0,18,0,240,0,0,5,0,216,942,20,26,0,0,42,9,0,0,0,0,0,0,0
2,28,0,27,1,3,0,1.016779,1.007743,0.987863,26,8,1334,100,100,0,0,0,0,16,52,52,2,28,0,77,21,0,0,3032,196,0,7,0,983,268,0,14,0,434,11,0,18,0,272,0,0,0,0,234,1085,0,25,0,0,109,9,0,0,0,0,0,0,0
2,28,1,27,1,3,0,1.023452,0.974001,1.007289,27,7,1209,100,100,0,0,0,16,0,54,48,2,28,0,191,27,0,0,3032,61,0,9,0,983,305,0,18,0,434,69,0,14,0,272,0,0,2,0,234,897,8,23,0,0,66,7,0,0,0,0,0,0,0
2,28,2,27,1,3,0,1.006938,0.99266,1.016198,27,6,1084,100,100,0,0,0,52,54,0,20,3,28,0,275,33,0,0,3032,172,0,11,0,983,346,0,22,0,434,8,0,16,0,272,0,0,1,0,234,828,4,27,0,0,85,8,0,0,0,0,0,0,0
2,28,3,32,1,3,0,1.007721,0.991459,0.976908,32,7,1209,100,100,0,0,0,52,48,20,0,3,28,0,196,24,0,0,3032,201,0,8,0,983,312,0,16,0,434,0,0,24,0,272,0,0,0,0,234,937,0,32,0,0,54,12,0,0,0,0,0,0,0
2,29,0,27,0,0,0,1.016779,1.007743,0.987863,26,8,1334,100,100,0,0,0,0,16,54,54,2,24,8,75,21,0,0,3144,162,0,7,0,1088,254,0,14,0,514,1,0,18,0,200,13,0,9,0,265,1103,36,27,0,0,117,9,1,0,0,1,1,0,0
2,29,1,27,0,0,0,1.023452,0.974001,1.007289,27,7,1209,100,100,0,0,0,16,0,56,50,2,24,8,194,27,0,0,3144,41,0,9,0,1088,287,0,18,0,514,63,0,14,0,200,12,0,7,0,265,907,28,23,0,0,73,7,0,0,0,0,0,0,0
2,29,2,27,0,0,0,1.006938,0.99266,1.016198,27,6,1084,100,100,0,0,0,54,56,0,20,3,24,8,287,33,0,0,3144,174,0,11,0,1088,324,0,22,0,514,1,0,12,0,200,9,0,8,0,265,837,32,23,0,0,91,6,0,0,0,0,0,0,0
2,29,3,32,0,0,0,1.007721,0.991459,0.976908,32,7,1209,100,100,0,0,0,54,50,20,0,3,24,8,191,24,0,0,3144,161,0,8,0,1088,296,0,16,0,514,1,0,8,0,200,0,0,14,0,265,998,56,16,0,0,58,4,0,0,0,0,0,0,0
2,30,0,25,0,3,0,1.019176,1.00574,0.990077,25,8,1334,100,100,0,0,0,0,18,56,56,2,24,2,69,18,0,0,3040,168,0,6,0,1053,248,0,12,0,495,0,0,12,0,241,13,0,8,0,270,1123,32,18,0,0,123,6,0,0,0,0,0,0,0
2,30,1,27,0,3,0,1.023452,0.974001,1.007289,27,7,1209,100,100,0,0,0,18,0,58,54,2,24,2,199,27,0,0,3040,24,0,9,0,1053,279,0,18,0,495,66,0,14,0,241,15,0,7,0,270,918,28,23,0,0,80,7,0,0,0,0,0,0,0
2,30,2,27,0,3,0,1.006938,0.99266,1.016198,27,6,1084,100,100,0,0,0,56,58,0,20,3,24,2,299,33,0,0,3040,175,0,11,0,1053,312,0,22,0,495,1,0,10,0,241,7,0,8,0,270,851,32,21,0,0,96,5,0,0,0,0,0,0,0
2,30,3,31,0,3,0,1.007221,0.992737,0.975287,31,7,1209,100,100,0,0,0,56,54,20,0,3,24,2,187,21,0,0,3040,177,0,7,0,1053,288,0,14,0,495,0,0,12,0,241,0,0,7,0,270,1022,28,19,0,0,64,6,0,0,0,0,0,0,0
2,31,0,25,0,2,0,1.019176,1.00574,0.990077,25,8,1334,100,100,0,0,0,0,20,58,58,3,20,1,67,18,0,0,3045,176,0,6,0,991,254,0,12,0,444,12,0,16,0,272,5,0,8,0,267,1139,32,22,0,0,131,8,0,0,0,0,0,0,0
2,31,1,26,0,2,0,1.021436,0.97618,1.006038,26,7,1209,100,100,0,0,0,20,0,62,58,3,20,1,200,24,0,0,3045,11,0,8,0,991,287,0,16,0,444,80,0,14,0,272,8,0,7,0,267,933,28,22,0,0,87,7,0,0,0,0,0,0,0
2,31,2,26,0,2,0,1.002624,0.995539,1.018718,26,6,1084,100,100,0,0,0,58,62,0,20,3,20,1,310,33,0,0,3045,168,0,11,0,991,321,0,22,0,444,9,0,14,0,272,0,0,7,0,267,860,28,25,0,0,103,7,0,0,0,0,0,0,0
2,31,3,31,0,2,0,1.007221,0.992737,0.975287,31,7,1209,100,100,0,0,0,58,58,20,0,3,20,1,182,21,0,0,3045,194,0,7,0,991,295,0,14,0,444,0,0,22,0,272,0,0,0,0,267,1005,0,29,0,0,75,11,0,0,0,0,0,0,0
2,32,0,23,0,10,0,1.017309,1.000299,0.988767,23,8,1334,100,100,0,0,0,0,24,60,60,3,20,3,58,12,0,0,3041,186,0,4,0,992,258,0,8,0,479,16,0,16,0,231,9,0,8,0,240,1160,32,20,0,0,139,8,0,0,0,0,0,0,0
2,32,1,23,0,10,0,1.016798,0.981509,1.004973,23,7,1209,100,100,0,0,0,24,0,66,62,3,20,3,195,18,0,0,3041,5,0,6,0,992,293,0,12,0,479,86,0,12,0,231,14,0,6,0,240,954,24,18,0,0,93,6,0,0,0,0,0,0,0
2,32,2,22,0,10,0,0.995099,0.998241,1.007933,22,6,1084,100,100,0,0,0,60,66,0,22,3,20,3,309,21,0,0,3041,166,0,7,0,992,328,0,14,0,479,10,0,14,0,231,0,0,7,0,240,876,28,21,0,0,110,7,0,0,0,0,0,0,0
2,32,3,30,0,10,0,1.004826,0.992099,0.976326,30,8,1334,100,100,0,0,0,60,62,22,0,3,20,3,178,21,0,0,3041,211,0,7,0,992,302,0,14,0,479,0,0,12,0,231,0,0,7,0,240,1024,28,36,0,0,64,6,17,0,0,0,0,0,0
2,33,0,22,0,5,0,1.017149,0.997043,0.990086,22,8,1334,100,100,0,0,0,0,26,62,62,3,20,1,50,12,0,0,3102,190,0,4,0,1016,262,0,8,0,454,27,0,14,0,272,2,0,7,0,196,1179,28,18,0,0,146,7,0,0,0,0,0,0,0
2,33,1,21,0,5,0,1.018974,0.975099,1.011641,21,7,1209,100,100,0,0,0,26,0,70,66,3,20,1,191,15,0,0,3102,6,0,5,0,1016,298,0,10,0,454,97,0,12,0,272,8,0,6,0,196,976,24,17,0,0,99,6,0,0,0,0,0,0,0
2,33,2,22,0,5,0,0.995099,0.998241,1.007933,22,6,1084,100,100,0,0,0,62,70,0,22,3,20,1,313,21,0,0,3102,168,0,7,0,1016,335,0,14,0,454,20,0,14,0,272,0,0,0,0,196,864,0,21,0,0,117,7,0,0,0,0,0,0,0
2,33,3,28,0,5,0,1.002529,0.993792,0.979567,28,8,1334,100,100,0,0,0,62,66,22,0,3,20,1,176,21,0,0,3102,173,0,7,0,1016,309,0,14,0,454,0,0,12,0,272,0,0,0,0,196,1073,0,19,0,0,70,6,0,0,0,0,0,0,0
2,34,0,22,0,4,0,1.017149,0.997043,0.990086,22,8,1334,100,100,0,0,0,0,28,64,64,3,20,0,43,12,0,0,3089,163,0,4,0,1019,266,0,8,0,523,24,0,14,0,194,13,0,7,0,219,1222,28,18,0,0,153,7,0,0,0,0,0,0,0
2,34,1,20,0,4,0,1.018175,0.971225,1.012279,20,7,1209,100,100,0,0,0,28,0,74,70,3,20,0,188,15,0,0,3089,6,0,5,0,1019,303,0,10,0,523,87,0,10,0,194,33,0,5,0,219,993,20,15,0,0,104,5,0,0,0,0,0,0,0
2,34,2,21,0,4,0,0.996255,0.996131,1.008243,21,6,1084,100,100,0,0,0,64,74,0,24,3,20,0,315,21,0,0,3089,170,0,7,0,1019,342,0,14,0,523,18,0,12,0,194,6,0,6,0,219,875,24,19,0,0,123,6,0,0,0,0,0,0,0
2,34,3,26,0,4,0,1.00465,0.988478,0.978907,26,8,1334,100,100,0,0,0,64,70,24,0,3,20,0,173,21,0,0,3089,185,0,7,0,1019,316,0,14,0,523,0,0,0,0,194,5,0,13,0,219,1139,52,7,0,0,70,0,0,0,0,0,0,0,0
2,35,0,22,0,7,0,1.017149,0.997043,0.990086,22,8,1334,100,100,0,0,0,0,32,66,66,3,20,4,35,12,0,0,3095,168,0,4,0,1019,270,0,8,0,473,30,0,14,0,272,6,0,7,0,223,1241,28,18,0,0,160,7,0,0,0,0,0,0,0
2,35,1,19,0,7,0,1.019465,0.973832,1.011139,19,7,1209,100,100,0,0,0,32,0,78,74,3,20,4,184,12,0,0,3095,7,0,4,0,1019,307,0,8,0,473,98,0,10,0,272,28,0,5,0,223,1011,20,14,0,0,109,5,0,0,0,0,0,0,0
2,35,2,17,0,7,0,0.984164,1.000362,1.009016,17,6,1084,100,100,0,0,0,66,78,0,24,3,20,4,310,12,0,0,3095,160,0,4,0,1019,346,0,8,0,473,22,0,12,0,272,0,0,6,0,223,905,24,16,0,0,129,6,0,0,0,0,0,0,0
2,35,3,24,0,7,0,1.008393,0.99031,0.981361,24,8,1334,100,100,0,0,0,66,74,24,0,3,20,4,168,15,0,0,3095,188,0,5,0,1019,321,0,10,0,473,1,0,10,0,272,0,0,5,0,223,1178,20,15,0,0,75,5,0,0,0,0,0,0,0
2,36,0,21,0,2,0,1.019243,0.995124,0.995985,21,8,1334,100,100,0,0,0,0,38,70,70,3,20,0,30,12,0,0,3068,173,0,4,0,1047,272,0,8,0,460,38,0,14,0,266,2,0,7,0,252,1260,28,18,0,0,167,7,0,0,0,0,0,0,0
2,36,1,19,0,2,0,1.019465,0.973832,1.011139,19,8,1334,100,100,0,0,0,38,0,82,78,3,20,0,180,12,0,0,3068,7,0,4,0,1047,309,0,8,0,460,117,0,10,0,266,23,0,5,0,252,1012,20,31,0,0,97,5,17,0,0,0,0,0,0
2,36,2,16,0,2,0,0.983827,1.000144,1.00736,16,6,1084,100,100,0,0,0,70,82,0,24,3,20,0,311,12,0,0,3068,170,0,4,0,1047,350,0,8,0,460,24,0,12,0,266,0,0,1,0,252,899,4,16,0,0,135,6,0,0,0,0,0,0,0
2,36,3,24,0,2,0,1.008393,0.99031,0.981361,24,8,1334,100,100,0,0,0,70,78,24,0,3,20,0,161,15,0,0,3068,206,0,5,0,1047,320,0,10,0,460,0,0,14,0,266,0,0,2,0,252,1188,8,19,0,0,82,7,0,0,0,0,0,0,0
2,37,0,21,0,1,0,1.019243,0.995124,0.995985,21,8,1334,100,100,0,0,0,0,42,74,72,3,20,4,29,12,0,0,3124,179,0,4,0,1037,276,0,8,0,487,43,0,14,0,272,0,0,2,0,196,1259,8,18,0,0,174,7,0,0,0,0,0,0,0
2,37,1,19,0,1,0,1.019465,0.973832,1.011139,19,8,1334,100,100,0,0,0,42,0,86,82,3,20,4,176,12,0,0,3124,7,0,4,0,1037,313,0,8,0,487,125,0,10,0,272,18,0,5,0,196,1030,20,14,0,0,102,5,0,0,0,0,0,0,0
2,37,2,15,0,1,0,0.980678,1.008064,1.009979,15,6,1084,100,100,0,0,0,74,86,0,24,3,20,4,307,12,0,0,3124,173,0,4,0,1037,354,0,8,0,487,19,0,12,0,272,0,0,0,0,196,897,0,16,0,0,141,6,0,0,0,0,0,0,0
2,37,3,24,0,1,0,1.008393,0.99031,0.981361,24,8,1334,100,100,0,0,0,72,82,24,0,3,20,4,155,15,0,0,3124,176,0,5,0,1037,325,0,10,0,487,0,0,10,0,272,0,0,0,0,196,1242,0,15,0,0,87,5,0,0,0,0,0,0,0
2,38,0,21,0,1,0,1.019243,0.995124,0.995985,21,8,1334,100,100,0,0,0,0,46,78,76,3,20,6,26,12,0,0,3068,185,0,4,0,1037,280,0,8,0,544,29,0,14,0,235,8,0,7,0,252,1278,28,18,0,0,181,7,0,0,0,0,0,0,0
2,38,1,18,0,1,0,1.019984,0.971872,1.01025,18,8,1334,100,100,0,0,0,46,0,90,86,3,20,6,169,9,0,0,3068,8,0,3,0,1037,316,0,6,0,544,115,0,10,0,235,22,0,5,0,252,1049,20,13,0,0,107,5,0,0,0,0,0,0,0
2,38,2,15,0,1,0,0.980678,1.008064,1.009979,15,6,1084,100,100,0,0,0,78,90,0,24,3,20,6,305,12,0,0,3068,185,0,4,0,1037,358,0,8,0,544,7,0,12,0,235,1,0,6,0,252,911,24,16,0,0,147,6,0,0,0,0,0,0,0
2,38,3,24,0,1,0,1.008393,0.99031,0.981361,24,8,1334,100,100,0,0,0,76,86,24,0,3,20,6,150,15,0,0,3068,194,0,5,0,1037,330,0,10,0,544,0,0,0,0,235,0,0,6,0,252,1282,24,5,0,0,87,0,0,0,0,0,0,0,0
2,39,0,21,0,1,0,1.019243,0.995124,0.995985,21,8,1334,100,100,0,0,0,0,50,82,80,3,20,4,23,12,0,0,3150,191,0,4,0,1040,284,0,8,0,496,36,0,14,0,272,1,0,7,0,190,1297,28,18,0,0,188,7,0,0,0,0,0,0,0
2,39,1,17,0,1,0,1.02214,0.9696,1.007776,17,8,1334,100,100,0,0,0,50,0,94,88,3,20,4,162,9,0,0,3150,8,0,3,0,1040,319,0,6,0,496,115,0,10,0,272,17,0,5,0,190,1068,20,13,0,0,112,5,0,0,0,0,0,0,0
2,39,2,15,0,1,0,0.980678,1.008064,1.009979,15,7,1209,100,100,0,0,0,82,94,0,24,3,20,4,304,12,0,0,3150,165,0,4,0,1040,362,0,8,0,496,3,0,12,0,272,0,0,1,0,190,914,4,33,0,0,136,6,17,0,0,0,0,0,0
2,39,3,24,0,1,0,1.008393,0.99031,0.981361,24,8,1334,100,100,0,0,0,80,88,24,0,3,20,4,143,15,0,0,3150,164,0,5,0,1040,335,0,10,0,496,0,0,6,0,272,0,0,0,0,190,1323,0,11,0,0,90,3,0,0,0,0,0,0,0
2,40,0,20,0,1,0,1.017312,0.997154,0.994496,20,8,1334,100,100,0,0,0,0,54,86,84,3,20,0,22,12,0,0,3103,165,0,4,0,1040,288,0,8,0,471,45,0,14,0,272,0,0,1,0,220,1316,4,18,0,0,195,7,0,0,0,0,0,0,0
2,40,1,17,0,1,0,1.02214,0.9696,1.007776,17,8,1334,100,100,0,0,0,54,0,98,92,3,20,0,158,9,0,0,3103,8,0,3,0,1040,322,0,6,0,471,126,0,10,0,272,12,0,5,0,220,1087,20,13,0,0,117,5,0,0,0,0,0,0,0
2,40,2,15,0,1,0,0.980678,1.008064,1.009979,15,7,1209,100,100,0,0,0,86,98,0,24,3,20,0,305,12,0,0,3103,177,0,4,0,1040,366,0,8,0,471,3,0,12,0,272,0,0,0,0,220,904,0,16,0,0,142,6,0,0,0,0,0,0,0
2,40,3,24,0,1,0,1.008393,0.99031,0.981361,24,8,1334,100,100,0,0,0,84,92,24,0,3,20,0,138,15,0,0,3103,182,0,5,0,1040,340,0,10,0,471,0,0,14,0,272,0,0,0,0,220,1315,0,19,0,0,97,7,0,0,0,0,0,0,0
0,1,0,48,2,3,0,1.003527,0.995337,0.998484,0,0,334,100,100,0,0,0,0,0,2,2,0,80,3,49,36,0,0,2816,201,0,12,0,932,62,0,24,0,447,10,0,48,0,272,1,0,24,0,156,121,96,78,0,0,15,24,9,0,0,9,9,0,0
0,1,1,51,2,3,0,1.002721,0.993184,0.994315,0,0,334,100,100,0,0,0,0,0,2,2,0,80,3,53,39,0,0,2816,200,0,13,0,932,63,0,26,0,447,9,0,46,0,272,2,0,23,0,156,115,92,77,0,0,14,23,9,0,0,9,9,0,0
0,1,2,50,2,3,0,1.00036,0.995079,0.994995,0,0,334,100,100,0,0,0,2,2,0,0,0,80,3,59,39,0,0,2816,200,0,13,0,932,63,0,26,0,447,12,0,48,0,272,1,0,24,0,156,120,96,79,0,0,15,24,9,0,0,9,9,0,0
0,1,3,50,2,3,0,1.00036,0.995079,0.994995,0,0,334,100,100,0,0,0,2,2,0,0,0,80,3,58,39,0,0,2816,200,0,13,0,932,63,0,26,0,447,9,0,48,0,272,1,0,24,0,156,120,96,79,0,0,15,24,9,0,0,9,9,0,0
0,2,0,47,2,5,0,1.00633,0.995864,0.994624,8,0,334,100,100,0,0,0,0,0,4,2,0,80,0,45,27,0,0,2816,240,0,9,0,932,71,0,18,0,400,1,0,42,0,272,0,0,1,0,236,72,4,69,0,0,27,21,9,0,0,9,9,0,0
0,2,1,50,2,5,0,1.003188,0.992737,0.994243,9,0,334,100,100,0,0,0,0,0,4,4,0,80,0,63,42,0,0,2816,223,0,14,0,932,77,0,28,0,400,2,0,46,0,272,0,0,2,0,236,61,8,78,0,0,28,23,9,0,0,9,9,0,0
0,2,2,49,2,5,0,1.002147,0.996573,0.995086,9,0,334,100,100,0,0,0,4,4,0,2,0,80,0,65,36,0,0,2816,234,0,12,0,932,75,0,24,0,400,0,0,48,0,272,0,0,1,0,236,62,4,78,0,0,30,24,9,0,0,9,9,0,0
0,2,3,50,2,5,0,1.00036,0.995079,0.994995,9,0,334,100,100,0,0,0,2,4,2,0,0,80,0,68,39,0,0,2816,233,0,13,0,932,76,0,26,0,400,1,0,44,0,272,0,0,1,0,236,65,4,75,0,0,28,22,9,0,0,9,9,0,0
0,3,0,42,8,25,9,1.018054,0.998114,0.994645,14,0,334,100,100,0,0,0,0,-4,-14,-12,0,76,3,51,30,0,0,3200,183,0,10,0,941,81,0,20,0,453,0,0,24,0,254,0,0,4,0,0,92,16,52,0,0,30,12,9,0,0,9,9,0,0
0,3,1,47,8,25,9,1.006152,0.994062,0.990609,17,0,334,100,100,0,0,0,-4,0,-12,-12,0,76,3,74,42,0,0,3200,159,0,14,0,941,91,0,28,0,453,1,0,24,0,254,0,0,3,0,0,68,12,56,0,0,31,12,9,0,0,9,9,0,0
0,3,2,43,8,25,9,1.007195,0.996944,0.99004,15,0,334,100,100,0,0,0,-14,-12,0,-8,0,76,3,72,36,0,0,3200,173,0,12,0,941,87,0,24,0,453,0,0,22,0,254,0,0,7,0,0,88,28,50,0,0,33,11,8,0,0,8,8,0,0
0,3,3,47,8,25,9,1.002772,0.992115,0.999605,18,0,334,100,100,0,0,0,-12,-12,-8,0,0,76,3,73,33,0,0,3200,172,0,11,0,941,87,0,22,0,453,0,0,24,0,254,0,0,4,0,0,88,16,53,0,0,31,12,9,0,0,9,9,0,0
0,4,0,45,5,4,0,1.019144,0.997712,0.99253,23,0,334,100,100,0,0,0,0,-4,-14,-10,0,76,1,58,30,0,0,2943,187,0,10,0,947,91,0,20,0,400,0,0,36,0,272,0,0,0,0,158,61,0,64,0,0,39,18,9,0,0,9,9,0,0
0,4,1,45,5,4,0,1.010422,0.991362,0.988265,25,0,334,100,100,0,0,0,-4,0,-10,-10,0,76,1,85,42,0,0,2943,144,0,14,0,947,105,0,28,0,400,1,0,32,0,272,0,0,0,0,158,45,0,64,0,0,38,16,9,0,0,9,9,0,0
0,4,2,44,5,4,0,1.007474,0.998237,0.989231,23,0,334,100,100,0,0,0,-14,-10,0,-8,0,76,1,84,36,0,0,2943,179,0,12,0,947,99,0,24,0,400,2,0,34,0,272,0,0,0,0,158,54,0,64,0,0,41,17,9,0,0,9,9,0,0
0,4,3,46,5,4,0,1.003753,0.993753,1.000626,27,0,334,100,100,0,0,0,-10,-10,-8,0,0,76,1,76,30,0,0,2943,201,0,10,0,947,97,0,20,0,400,0,0,34,0,272,0,0,0,0,158,64,0,62,0,0,39,17,9,0,0,9,9,0,0
0,5,0,45,1,3,0,1.019144,0.997712,0.99253,32,0,334,100,100,0,0,0,0,-4,-12,-8,0,72,13,58,30,0,0,2936,188,0,10,0,1043,79,0,20,0,428,1,0,32,0,255,0,0,5,0,300,25,20,56,0,0,48,16,7,0,0,7,7,0,0
0,5,1,45,1,3,0,1.010422,0.991362,0.988265,34,0,334,100,100,0,0,0,-4,0,-10,-10,0,72,13,93,42,0,0,2936,133,0,14,0,1043,94,0,28,0,428,1,0,24,0,255,0,0,6,0,300,19,24,50,0,0,44,12,6,0,0,6,6,0,0
0,5,2,44,1,3,0,1.009267,1.000874,0.990211,32,0,334,100,100,0,0,0,-12,-10,0,-6,0,72,13,89,36,0,0,2936,195,0,12,0,1043,85,0,24,0,428,1,0,36,0,255,0,0,0,0,300,0,0,54,0,0,56,18,3,0,0,3,3,0,0
0,5,3,44,1,3,0,1.007795,0.994735,1.002687,34,0,334,100,100,0,0,0,-8,-10,-6,0,0,72,13,73,27,0,0,2936,234,0,9,0,1043,89,0,18,0,428,1,0,20,0,255,0,0,6,0,300,49,24,39,0,0,44,10,5,0,0,5,5,0,0
0,6,0,45,1,5,0,1.019144,0.997712,0.99253,39,0,334,100,100,0,0,0,0,-4,-10,-6,0,72,3,60,30,0,0,3016,189,0,10,0,953,89,0,20,0,394,6,0,40,0,272,0,0,0,0,200,0,0,50,0,0,68,20,0,0,0,0,0,0,0
0,6,1,45,1,5,0,1.010422,0.991362,0.988265,40,0,334,100,100,0,0,0,-4,0,-8,-8,0,72,3,91,24,0,0,3016,128,0,8,0,953,120,0,16,0,394,1,0,36,0,272,0,0,0,0,200,0,0,44,0,0,62,18,0,0,0,0,0,0,0
0,6,2,41,1,5,0,1.006795,1.000144,0.988858,33,0,334,100,100,0,0,0,-10,-8,0,-4,0,72,3,65,3,0,0,3016,222,0,1,0,953,119,0,2,0,394,22,0,18,0,272,0,0,0,0,200,0,0,19,0,0,65,9,0,0,0,0,0,0,0
0,6,3,43,1,5,0,1.009776,0.999071,0.996683,39,0,334,100,100,0,0,0,-6,-8,-4,0,0,72,3,68,27,0,0,3016,181,0,9,0,953,98,0,18,0,394,1,0,30,0,272,0,0,0,0,200,28,0,43,0,0,57,15,2,0,0,2,2,0,0
0,7,0,46,1,1,0,1.017302,0.997453,0.99182,39,0,334,100,100,0,0,0,0,-4,-8,-4,0,68,6,61,30,0,0,3008,190,0,10,0,953,99,0,20,0,470,0,0,24,0,272,0,0,0,0,115,1,0,38,0,0,78,12,2,0,0,2,2,0,0
0,7,1,45,1,1,0,1.010422,0.991362,0.988265,40,0,334,100,100,0,0,0,-4,0,-6,-6,0,68,6,101,42,0,0,3008,117,0,14,0,953,134,0,28,0,470,0,0,20,0,272,0,0,0,0,115,1,0,38,0,0,70,10,2,0,0,2,2,0,0
0,7,2,40,1,1,0,1.009736,1.002416,0.988834,32,0,334,100,100,0,0,0,-8,-6,0,-4,0,68,6,70,33,0,0,3008,170,0,11,0,953,130,0,22,0,470,8,0,32,0,272,0,0,0,0,115,23,0,51,0,0,77,16,4,0,0,4,4,0,0
0,7,3,43,1,1,0,1.009776,0.999071,0.996683,41,0,334,100,100,0,0,0,-4,-6,-4,0,0,68,6,66,27,0,0,3008,217,0,9,0,953,107,0,18,0,470,0,0,20,0,272,0,0,0,0,115,30,0,31,0,0,66,10,1,0,0,1,1,0,0
0,8,0,45,1,6,0,1.015897,0.997231,0.992257,40,0,334,100,100,0,0,0,0,-4,-6,-2,0,68,9,58,27,0,0,3016,199,0,9,0,956,108,0,18,0,537,1,0,2,0,151,11,0,21,0,300,68,84,17,0,0,76,1,3,0,0,3,3,0,0
0,8,1,43,1,6,0,1.012898,0.994418,0.989448,40,0,334,100,100,0,0,0,-4,0,-4,-6,0,68,9,110,39,0,0,3016,107,0,13,0,956,147,0,26,0,537,1,0,0,0,151,10,0,18,0,300,56,72,17,0,0,68,0,2,0,0,2,2,0,0
0,8,2,38,1,6,0,1.013361,1.000216,0.984626,34,0,334,100,100,0,0,0,-6,-4,0,-2,0,68,9,75,30,0,0,3016,192,0,10,0,956,140,0,20,0,537,1,0,8,0,151,12,0,16,0,300,65,64,22,0,0,79,4,2,0,0,2,2,0,0
0,8,3,43,1,6,0,1.007644,0.995142,0.99849,41,0,334,100,100,0,0,0,-2,-6,-2,0,0,68,9,61,27,0,0,3016,165,0,9,0,956,116,0,18,0,537,0,0,2,0,151,9,0,21,0,300,101,84,13,0,0,66,1,1,0,0,1,1,0,0
0,9,0,44,3,5,0,1.011285,0.995794,0.991368,41,0,334,100,100,0,0,0,0,-4,-4,0,0,64,6,47,24,0,0,2928,202,0,8,0,965,116,0,16,0,402,4,0,40,0,272,0,0,11,0,190,93,44,50,0,0,95,20,1,0,0,1,1,0,0
0,9,1,42,3,5,0,1.014543,0.994392,0.987689,41,0,334,100,100,0,0,0,-4,0,-4,-4,0,64,6,118,36,0,0,2928,100,0,12,0,965,159,0,24,0,402,1,0,36,0,272,0,0,10,0,190,76,40,50,0,0,85,18,1,0,0,1,1,0,0
0,9,2,38,3,5,0,1.012472,0.998642,0.987699,35,0,334,100,100,0,0,0,-4,-4,0,-2,0,64,6,84,30,0,0,2928,216,0,10,0,965,150,0,20,0,402,3,0,30,0,272,0,0,12,0,190,89,48,42,0,0,93,15,1,0,0,1,1,0,0
0,9,3,43,3,5,0,1.008472,0.992703,0.999251,41,0,334,100,100,0,0,0,0,-4,-2,0,0,64,6,61,27,0,0,2928,193,0,9,0,965,125,0,18,0,402,1,0,30,0,272,0,0,9,0,190,124,36,41,0,0,80,15,1,0,0,1,1,0,0
0,10,0,43,5,3,0,1.013072,0.996026,0.992101,42,0,334,100,100,0,0,0,0,-4,-2,2,0,64,4,39,24,0,0,3010,204,0,8,0,965,124,0,16,0,414,0,0,40,0,272,0,0,0,0,119,84,0,50,0,0,114,20,1,0,0,1,1,0,0
0,10,1,42,5,3,0,1.014543,0.994392,0.987689,42,0,334,100,100,0,0,0,-4,0,-2,-2,0,64,4,125,36,0,0,3010,94,0,12,0,965,171,0,24,0,414,0,0,34,0,272,0,0,0,0,119,66,0,46,0,0,102,17,0,0,0,0,0,0,0
0,10,2,39,5,3,0,1.013283,0.996141,0.986625,36,0,334,100,100,0,0,0,-2,-2,0,0,0,64,4,93,33,0,0,3010,167,0,11,0,965,161,0,22,0,414,4,0,30,0,272,0,0,0,0,119,117,0,43,0,0,107,15,1,0,0,1,1,0,0
0,10,3,45,5,3,0,1.015185,0.989233,0.995114,40,0,334,100,100,0,0,0,2,-2,0,0,0,64,4,69,30,0,0,3010,204,0,10,0,965,135,0,20,0,414,1,0,30,0,272,0,0,0,0,119,115,0,42,0,0,94,15,1,0,0,1,1,0,0
0,11,0,44,4,4,1,1.015116,0.995231,0.992258,43,0,334,100,100,0,0,0,0,-4,-2,-2,0,60,0,38,24,0,0,2956,205,0,8,0,959,132,0,16,0,418,0,0,32,0,272,0,0,0,0,171,83,0,40,0,0,130,16,0,0,0,0,0,0,0
0,11,1,42,4,4,1,1.014418,0.994442,0.986126,41,0,334,100,100,0,0,0,-4,0,0,0,0,60,0,134,36,0,0,2956,88,0,12,0,959,183,0,24,0,418,0,0,28,0,272,0,0,0,0,171,59,0,40,0,0,116,14,0,0,0,0,0,0,0
0,11,2,38,4,4,1,1.01299,0.998634,0.986219,35,0,334,100,100,0,0,0,-2,0,0,2,0,60,0,102,33,0,0,2956,189,0,11,0,959,172,0,22,0,418,2,0,30,0,272,0,0,0,0,171,92,0,43,0,0,121,15,1,0,0,1,1,0,0
0,11,3,45,4,4,1,1.016988,0.990405,0.995689,41,0,334,100,100,0,0,0,-2,0,2,0,0,60,0,74,36,0,0,2956,211,0,12,0,959,147,0,24,0,418,0,0,36,0,272,0,0,0,0,171,96,0,52,0,0,110,18,2,0,0,2,2,0,0
0,12,0,42,1,8,0,1.018315,0.9999,0.994207,41,0,334,100,100,0,0,0,0,-2,0,2,0,60,0,32,21,0,0,2952,202,0,7,0,959,139,0,14,0,460,0,0,30,0,217,0,0,11,0,171,130,44,39,0,0,144,15,1,0,0,1,1,0,0
0,12,1,41,1,8,0,1.015871,0.994888,0.985129,40,0,334,100,100,0,0,0,-2,0,2,2,0,60,0,137,33,0,0,2952,91,0,11,0,959,194,0,22,0,460,0,0,18,0,217,0,0,12,0,171,109,48,31,0,0,124,9,1,0,0,1,1,0,0
0,12,2,35,1,8,0,1.013094,0.995803,0.988032,33,0,334,100,100,0,0,0,0,2,0,2,0,60,0,105,30,0,0,2952,213,0,10,0,959,182,0,20,0,460,1,0,16,0,217,0,0,12,0,171,130,48,28,0,0,128,8,1,0,0,1,1,0,0
0,12,3,44,1,8,0,1.021201,0.990226,0.997403,41,0,334,100,100,0,0,0,2,2,2,0,0,60,0,79,36,0,0,2952,210,0,12,0,959,159,0,24,0,460,1,0,20,0,217,0,0,14,0,171,154,56,34,0,0,119,10,1,0,0,1,1,0,0
0,13,0,37,0,8,0,1.018916,0.997915,0.993655,37,0,334,100,100,0,0,0,0,-8,-8,14,0,56,1,32,21,0,0,3040,201,0,7,0,1000,144,0,14,0,471,0,0,22,0,218,0,0,11,0,113,178,44,29,0,0,155,11,0,0,0,0,0,0,0
0,13,1,41,0,8,0,1.015871,0.994888,0.985129,41,0,334,100,100,0,0,0,-8,0,4,-8,0,56,1,140,33,0,0,3040,95,0,11,0,1000,198,0,22,0,471,0,0,18,0,218,0,0,11,0,113,157,44,29,0,0,133,9,0,0,0,0,0,0,0
0,13,2,33,0,8,0,1.012467,0.997852,0.990018,32,0,334,100,100,0,0,0,-8,4,0,-8,0,56,1,111,30,0,0,3040,168,0,10,0,1000,187,0,20,0,471,1,0,16,0,218,0,0,9,0,113,217,36,28,0,0,135,8,1,0,0,1,1,0,0
0,13,3,43,0,8,0,1.02218,0.992129,1.001358,41,0,334,100,100,0,0,0,14,-8,-8,0,0,56,1,82,36,0,0,3040,210,0,12,0,1000,153,0,24,0,471,0,0,18,0,218,0,0,17,0,113,226,68,32,0,0,127,9,1,0,0,1,1,0,0
0,14,0,37,3,4,0,1.019705,1.001214,0.998774,36,0,334,100,100,0,0,0,0,-6,-4,18,0,56,4,32,18,0,0,3024,206,0,6,0,971,150,0,12,0,424,2,0,34,0,272,0,0,0,0,144,171,0,40,0,0,172,17,0,0,0,0,0,0,0
0,14,1,40,3,4,0,1.009473,0.992444,0.983314,39,0,334,100,100,0,0,0,-6,0,6,-6,0,56,4,141,33,0,0,3024,99,0,11,0,971,209,0,22,0,424,0,0,30,0,272,0,0,0,0,144,143,0,41,0,0,148,15,0,0,0,0,0,0,0
0,14,2,33,3,4,0,1.012467,0.997852,0.990018,33,0,334,100,100,0,0,0,-4,6,0,-8,0,56,4,118,30,0,0,3024,197,0,10,0,971,197,0,20,0,424,1,0,18,0,272,0,0,0,0,144,204,0,28,0,0,144,9,0,0,0,0,0,0,0
0,14,3,43,3,4,0,1.021642,0.993863,1.004357,41,0,334,100,100,0,0,0,18,-6,-8,0,0,56,4,86,33,0,0,3024,156,0,11,0,971,164,0,22,0,424,0,0,36,0,272,0,0,0,0,144,252,0,49,0,0,144,18,1,0,0,1,1,0,0
0,15,0,36,0,3,0,1.020208,1.003207,1.000542,35,0,334,100,100,0,0,0,0,-2,-2,22,1,52,3,26,18,0,0,3016,163,0,6,0,971,156,0,12,0,457,0,0,26,0,259,0,0,5,0,241,177,20,34,0,0,184,13,1,0,0,1,1,0,0
0,15,1,39,0,3,0,1.010491,0.99183,0.984276,38,0,334,100,100,0,0,0,-2,0,8,-4,0,52,3,142,33,0,0,3016,104,0,11,0,971,220,0,22,0,457,1,0,26,0,259,0,0,4,0,241,132,16,39,0,0,160,13,1,0,0,1,1,0,0
0,15,2,33,0,3,0,1.012467,0.997852,0.990018,33,0,334,100,100,0,0,0,-2,8,0,-8,0,52,3,125,30,0,0,3016,226,0,10,0,971,207,0,20,0,457,1,0,12,0,259,0,0,1,0,241,189,4,22,0,0,150,6,0,0,0,0,0,0,0
0,15,3,42,0,3,0,1.020203,0.994249,1.004304,41,0,334,100,100,0,0,0,22,-4,-8,0,1,52,3,87,36,0,0,3016,157,0,12,0,971,176,0,24,0,457,0,0,24,0,259,0,0,3,0,241,241,12,38,0,0,155,12,1,0,0,1,1,0,0
0,16,0,29,0,17,0,1.021546,1.009748,0.999365,29,0,334,100,100,0,0,0,0,0,2,26,1,52,0,26,18,0,0,3056,153,0,6,0,971,162,0,12,0,488,1,0,6,0,255,0,0,3,0,140,207,12,12,0,0,187,3,0,0,0,0,0,0,0
0,16,1,35,0,17,0,1.007455,0.994835,0.979117,35,0,334,100,100,0,0,0,0,0,10,-2,0,52,0,140,27,0,0,3056,112,0,9,0,971,229,0,18,0,488,1,0,14,0,255,0,0,5,0,140,153,20,23,0,0,167,7,0,0,0,0,0,0,0
0,16,2,30,0,17,0,1.008308,1.002569,0.985189,30,0,334,100,100,0,0,0,2,10,0,-8,0,52,0,126,27,0,0,3056,184,0,9,0,971,216,0,18,0,488,0,0,10,0,255,0,0,2,0,140,251,8,19,0,0,155,5,0,0,0,0,0,0,0
0,16,3,39,0,17,0,1.020408,0.9898,1.004737,39,0,334,100,100,0,0,0,26,-2,-8,0,1,52,0,96,36,0,0,3056,151,0,12,0,971,188,0,24,0,488,1,0,8,0,255,0,0,7,0,140,282,28,20,0,0,159,4,0,0,0,0,0,0,0
0,17,0,29,1,2,0,1.021546,1.009748,0.999365,29,0,334,100,100,0,0,0,0,4,6,30,1,48,0,30,18,0,0,2992,150,0,6,0,1056,154,0,12,0,448,1,0,22,0,271,0,0,1,0,198,213,4,28,0,0,198,11,0,0,0,0,0,0,0
0,17,1,34,1,2,0,1.01051,0.993752,0.982327,34,0,334,100,100,0,0,0,4,0,12,0,0,48,0,138,24,0,0,2992,125,0,8,0,1056,217,0,16,0,448,1,0,30,0,271,0,0,0,0,198,139,0,38,0,0,182,15,0,0,0,0,0,0,0
0,17,2,29,1,2,0,1.009308,1.002122,0.98475,29,0,334,100,100,0,0,0,6,12,0,-6,0,48,0,132,27,0,0,2992,209,0,9,0,1056,204,0,18,0,448,1,0,16,0,271,0,0,0,0,198,241,0,25,0,0,163,8,0,0,0,0,0,0,0
0,17,3,40,1,2,0,1.021973,0.988208,1.00415,39,0,334,100,100,0,0,0,30,0,-6,0,1,48,0,102,36,0,0,2992,148,0,12,0,1056,179,0,24,0,448,0,0,28,0,271,0,0,0,0,198,275,0,40,0,0,173,14,0,0,0,0,0,0,0
0,18,0,25,1,15,1,1.017113,1.009306,1.006237,25,0,334,100,100,0,0,0,0,4,10,34,1,48,4,31,18,0,0,3064,147,0,6,0,983,160,0,12,0,500,1,0,10,0,209,4,0,10,0,138,255,40,16,0,0,203,5,0,0,0,0,0,0,0
0,18,1,34,1,15,1,1.01051,0.993752,0.982327,34,0,334,100,100,0,0,0,4,0,12,-4,0,48,4,141,24,0,0,3064,139,0,8,0,983,225,0,16,0,500,1,0,14,0,209,1,0,15,0,138,201,60,22,0,0,189,7,0,0,0,0,0,0,0
0,18,2,25,1,15,1,1.014414,0.998559,0.982324,24,1,459,100,100,0,0,0,10,12,0,-6,0,48,4,140,27,0,0,3064,171,0,9,0,983,213,0,18,0,500,1,0,6,0,209,7,0,8,0,138,296,32,32,0,0,149,3,17,0,0,0,0,0,0
0,18,3,34,1,15,1,1.020347,0.990337,1.008423,33,1,459,100,100,0,0,0,34,-4,-6,0,1,48,4,107,36,0,0,3064,144,0,12,0,983,191,0,24,0,500,0,0,14,0,209,7,0,11,0,138,289,44,45,0,0,162,7,18,0,0,1,1,0,0
0,19,0,24,0,3,0,1.016998,1.008644,1.005391,24,0,334,100,100,0,0,0,0,6,14,38,1,44,6,33,18,0,0,3008,140,0,6,0,983,166,0,12,0,498,1,0,12,0,269,0,0,4,0,240,271,16,18,0,0,209,6,0,0,0,0,0,0,0
0,19,1,32,0,3,0,1.009701,0.995754,0.987735,32,0,334,100,100,0,0,0,6,0,14,-2,0,44,6,140,24,0,0,3008,145,0,8,0,983,233,0,16,0,498,1,0,14,0,269,0,0,1,0,240,207,4,22,0,0,196,7,0,0,0,0,0,0,0
0,19,2,25,0,3,0,1.014414,0.998559,0.982324,24,1,459,100,100,0,0,0,14,14,0,-6,0,44,6,153,27,0,0,3008,193,0,9,0,983,222,0,18,0,498,0,0,8,0,269,0,0,7,0,240,308,28,19,0,0,152,4,1,0,0,1,1,0,0
0,19,3,34,0,3,0,1.020347,0.990337,1.008423,34,1,459,100,100,0,0,0,38,-2,-6,0,1,44,6,118,36,0,0,3008,146,0,12,0,983,203,0,24,0,498,1,0,12,0,269,0,0,10,0,240,320,40,24,0,0,168,6,0,0,0,0,0,0,0
0,20,0,24,2,3,0,1.016998,1.008644,1.005391,24,0,334,100,100,0,0,0,0,6,16,40,1,44,0,37,18,0,0,3080,134,0,6,0,983,172,0,12,0,467,0,0,18,0,252,0,0,4,0,191,281,16,24,0,0,218,9,0,0,0,0,0,0,0
0,20,1,33,2,3,0,1.013237,0.994698,0.987474,32,0,334,100,100,0,0,0,6,0,16,0,0,44,0,145,24,0,0,3080,153,0,8,0,983,241,0,16,0,467,0,0,24,0,252,0,0,1,0,191,203,4,32,0,0,208,12,0,0,0,0,0,0,0
0,20,2,26,2,3,0,1.015392,1.000282,0.985262,25,1,459,100,100,0,0,0,16,16,0,-6,0,44,0,167,27,0,0,3080,159,0,9,0,983,231,0,18,0,467,0,0,14,0,252,0,0,7,0,191,365,28,23,0,0,159,7,0,0,0,0,0,0,0
0,20,3,31,2,3,0,1.022143,0.992633,1.008825,31,1,459,100,100,0,0,0,40,0,-6,0,1,44,0,125,33,0,0,3080,141,0,11,0,983,214,0,22,0,467,1,0,20,0,252,0,0,8,0,191,336,32,31,0,0,178,10,0,0,0,0,0,0,0
0,21,0,24,2,1,0,1.020282,1.011651,1.003881,23,0,334,100,100,0,0,0,0,6,18,42,1,40,2,39,15,0,0,3035,129,0,5,0,986,177,0,10,0,451,6,0,18,0,272,0,0,0,0,221,276,0,23,0,0,227,9,0,0,0,0,0,0,0
0,21,1,34,2,1,0,1.015181,0.993288,0.988899,32,0,334,100,100,0,0,0,6,0,18,2,0,40,2,146,24,0,0,3035,165,0,8,0,986,249,0,16,0,451,1,0,26,0,272,0,0,0,0,221,194,0,36,0,0,220,13,1,0,0,1,1,0,0
0,21,2,26,2,1,0,1.015392,1.000282,0.985262,25,1,459,100,100,0,0,0,18,18,0,-4,0,40,2,175,27,0,0,3035,180,0,9,0,986,240,0,18,0,451,5,0,18,0,272,0,0,0,0,221,347,0,29,0,0,167,9,1,0,0,1,1,0,0
0,21,3,31,2,1,0,1.022143,0.992633,1.008825,31,1,459,100,100,0,0,0,42,2,-4,0,1,40,2,137,33,0,0,3035,131,0,11,0,986,225,0,22,0,451,0,0,20,0,272,0,0,0,0,221,328,0,31,0,0,188,10,0,0,0,0,0,0,0
0,22,0,23,0,6,0,1.022694,1.01449,1.008224,22,0,334,100,100,0,0,0,0,6,20,44,2,40,0,44,18,0,0,3016,123,0,6,0,986,183,0,12,0,437,10,0,18,0,271,0,0,0,0,278,253,0,26,0,0,235,9,1,0,0,1,1,0,0
0,22,1,30,0,6,0,1.021278,0.99318,0.993712,29,0,334,100,100,0,0,0,6,0,20,4,1,40,0,140,18,0,0,3016,181,0,6,0,986,255,0,12,0,437,0,0,26,0,271,0,0,0,0,278,170,0,34,0,0,232,13,1,0,0,1,1,0,0
0,22,2,25,0,6,0,1.015573,0.997509,0.982717,25,1,459,100,100,0,0,0,20,20,0,-4,2,40,0,183,27,0,0,3016,201,0,9,0,986,249,0,18,0,437,12,0,16,0,271,0,0,0,0,278,325,0,25,0,0,175,8,0,0,0,0,0,0,0
0,22,3,31,0,6,0,1.022143,0.992633,1.008825,31,1,459,100,100,0,0,0,44,4,-4,0,1,40,0,150,33,0,0,3016,129,0,11,0,986,236,0,22,0,437,8,0,20,0,271,0,0,1,0,278,307,4,31,0,0,198,10,0,0,0,0,0,0,0
0,23,0,23,0,3,0,1.022694,1.01449,1.008224,23,0,334,100,100,0,0,0,0,6,22,46,2,36,2,47,18,0,0,3080,118,0,6,0,992,189,0,12,0,489,3,0,18,0,244,0,0,6,0,187,271,24,24,0,0,244,9,0,0,0,0,0,0,0
0,23,1,30,0,3,0,1.021278,0.99318,0.993712,30,0,334,100,100,0,0,0,6,0,22,6,1,36,2,137,18,0,0,3080,201,0,6,0,992,261,0,12,0,489,1,0,18,0,244,0,0,6,0,187,194,24,24,0,0,241,9,0,0,0,0,0,0,0
0,23,2,24,0,3,0,1.021655,0.994514,0.982197,24,1,459,100,100,0,0,0,22,22,0,-2,2,36,2,189,24,0,0,3080,168,0,8,0,992,257,0,16,0,489,12,0,16,0,244,0,0,5,0,187,377,20,24,0,0,183,8,0,0,0,0,0,0,0
0,23,3,29,0,3,0,1.023217,0.99128,1.012109,29,1,459,100,100,0,0,0,46,6,-2,0,1,36,2,155,30,0,0,3080,128,0,10,0,992,246,0,20,0,489,1,0,16,0,244,2,0,9,0,187,329,36,26,0,0,206,8,0,0,0,0,0,0,0
0,24,0,20,1,9,0,1.033598,1.016574,1.016895,20,1,459,100,100,0,0,0,0,6,24,48,2,36,4,41,9,0,0,3080,116,0,3,0,998,192,0,6,0,473,0,0,18,0,243,0,0,8,0,192,283,32,38,0,0,236,9,17,0,0,0,0,0,0
0,24,1,28,1,9,0,1.02458,0.989949,0.994429,28,1,459,100,100,0,0,0,6,0,24,8,1,36,4,126,12,0,0,3080,167,0,4,0,998,265,0,8,0,473,1,0,12,0,243,0,0,13,0,192,288,52,33,0,0,230,6,17,0,0,0,0,0,0
0,24,2,23,1,9,0,1.020473,0.991006,0.975609,23,1,459,100,100,0,0,0,24,24,0,0,2,36,4,193,21,0,0,3080,193,0,7,0,998,264,0,14,0,473,11,0,16,0,243,0,0,8,0,192,389,32,23,0,0,191,8,0,0,0,0,0,0,0
0,24,3,27,1,9,0,1.027872,0.992538,1.011361,26,1,459,100,100,0,0,0,48,8,0,0,1,36,4,155,21,0,0,3080,132,0,7,0,998,253,0,14,0,473,12,0,18,0,243,0,0,2,0,192,324,8,25,0,0,215,9,0,0,0,0,0,0,0
0,25,0,20,0,4,0,1.033598,1.016574,1.016895,20,1,459,100,100,0,0,0,0,6,26,50,2,32,1,36,9,0,0,3080,117,0,3,0,1025,195,0,6,0,492,0,0,8,0,221,6,0,9,0,190,326,36,11,0,0,240,4,0,0,0,0,0,0,0
0,25,1,26,0,4,0,1.023064,0.989582,0.994563,26,1,459,100,100,0,0,0,6,0,26,10,1,32,1,117,12,0,0,3080,191,0,4,0,1025,269,0,8,0,492,1,0,12,0,221,0,0,12,0,190,341,48,16,0,0,236,6,0,0,0,0,0,0,0
0,25,2,23,0,4,0,1.020473,0.991006,0.975609,23,2,584,100,100,0,0,0,26,26,0,0,2,32,1,197,21,0,0,3080,163,0,7,0,1025,271,0,14,0,492,12,0,16,0,221,0,0,6,0,190,426,24,40,0,0,182,8,17,0,0,0,0,0,0
0,25,3,25,0,4,0,1.026929,0.989486,1.00911,24,1,459,100,100,0,0,0,50,10,0,0,1,32,1,157,21,0,0,3080,138,0,7,0,1025,260,0,14,0,492,7,0,20,0,221,0,0,9,0,190,346,36,29,0,0,224,10,1,0,0,1,1,0,0
0,26,0,20,2,1,0,1.033598,1.016574,1.016895,20,1,459,100,100,0,0,0,0,8,28,50,2,32,1,34,9,0,0,3024,118,0,3,0,1025,198,0,6,0,467,1,0,16,0,272,0,0,6,0,249,346,24,19,0,0,248,8,0,0,0,0,0,0,0
0,26,1,26,2,1,0,1.023064,0.989582,0.994563,26,1,459,100,100,0,0,0,8,0,28,12,1,32,1,110,12,0,0,3024,217,0,4,0,1025,273,0,8,0,467,1,0,20,0,272,0,0,0,0,249,335,0,24,0,0,246,10,0,0,0,0,0,0,0
0,26,2,23,2,1,0,1.021174,0.987525,0.977902,22,2,584,100,100,0,0,0,28,28,0,0,2,32,1,199,18,0,0,3024,190,0,6,0,1025,277,0,12,0,467,14,0,16,0,272,0,0,0,0,249,407,0,22,0,0,190,8,0,0,0,0,0,0,0
0,26,3,26,2,1,0,1.02756,0.990255,1.01098,25,1,459,100,100,0,0,0,50,12,0,0,1,32,1,161,21,0,0,3024,146,0,7,0,1025,267,0,14,0,467,9,0,20,0,272,0,0,0,0,249,334,0,27,0,0,234,10,0,0,0,0,0,0,0
0,27,0,20,0,2,0,1.033598,1.016574,1.016895,20,1,459,100,100,0,0,0,0,12,32,54,2,28,8,29,9,0,0,3136,119,0,3,0,1025,201,0,6,0,544,1,0,0,0,228,0,0,6,0,292,367,24,3,0,0,248,0,0,0,0,0,0,0,0
0,27,1,26,0,2,0,1.023064,0.989582,0.994563,26,2,584,100,100,0,0,0,12,0,28,14,1,28,8,97,12,0,0,3136,187,0,4,0,1025,277,0,8,0,544,1,0,0,0,228,0,0,13,0,292,374,52,21,0,0,229,0,17,0,0,0,0,0,0
0,27,2,22,0,2,0,1.024189,0.988043,0.97567,21,2,584,100,100,0,0,0,32,28,0,0,2,28,8,196,15,0,0,3136,162,0,5,0,1025,282,0,10,0,544,0,0,14,0,228,8,0,8,0,292,418,32,21,0,0,196,7,1,0,0,1,1,0,0
0,27,3,25,0,2,0,1.03252,0.988599,1.016621,24,1,459,100,100,0,0,0,54,14,0,0,1,28,8,160,21,0,0,3136,153,0,7,0,1025,274,0,14,0,544,1,0,8,0,228,0,0,9,0,292,353,36,17,0,0,237,4,1,0,0,1,1,0,0
0,28,0,19,1,4,0,1.032984,1.015966,1.018557,19,1,459,100,100,0,0,0,0,14,36,58,2,28,1,28,9,0,0,3024,112,0,3,0,1031,204,0,6,0,447,8,0,16,0,272,0,0,0,0,254,362,0,19,0,0,256,8,0,0,0,0,0,0,0
0,28,1,25,1,4,0,1.024057,0.987927,0.99737,25,2,584,100,100,0,0,0,14,0,30,16,1,28,1,87,12,0,0,3024,213,0,4,0,1031,281,0,8,0,447,0,0,24,0,272,0,0,0,0,254,362,0,28,0,0,241,12,0,0,0,0,0,0,0
0,28,2,22,1,4,0,1.024189,0.988043,0.97567,22,2,584,100,100,0,0,0,36,30,0,2,2,28,1,194,15,0,0,3024,191,0,5,0,1031,287,0,10,0,447,11,0,16,0,272,0,0,8,0,254,432,32,21,0,0,204,8,0,0,0,0,0,0,0
0,28,3,24,1,4,0,1.034909,0.986201,1.026138,23,1,459,100,100,0,0,0,58,16,2,0,1,28,1,164,21,0,0,3024,145,0,7,0,1031,281,0,14,0,447,9,0,16,0,272,0,0,0,0,254,340,0,23,0,0,245,8,0,0,0,0,0,0,0
0,29,0,19,0,2,0,1.032984,1.015966,1.018557,19,1,459,100,100,0,0,0,0,16,40,60,2,24,1,27,9,0,0,3160,106,0,3,0,1031,207,0,6,0,533,1,0,8,0,206,9,0,8,0,263,388,32,11,0,0,260,4,0,0,0,0,0,0,0
0,29,1,25,0,2,0,1.024057,0.987927,0.99737,25,2,584,100,100,0,0,0,16,0,32,18,1,24,1,79,12,0,0,3160,184,0,4,0,1031,285,0,8,0,533,1,0,2,0,206,3,0,13,0,263,433,52,6,0,0,242,1,0,0,0,0,0,0,0
0,29,2,22,0,2,0,1.024189,0.988043,0.97567,22,2,584,100,100,0,0,0,40,32,0,2,2,24,1,191,15,0,0,3160,164,0,5,0,1031,292,0,10,0,533,0,0,14,0,206,10,0,8,0,263,446,32,19,0,0,211,7,0,0,0,0,0,0,0
0,29,3,22,0,2,0,1.033041,0.988429,1.024344,21,1,459,100,100,0,0,0,60,18,2,0,1,24,1,166,21,0,0,3160,138,0,7,0,1031,288,0,14,0,533,1,0,12,0,206,7,0,8,0,263,357,32,21,0,0,250,6,1,0,0,1,1,0,0
0,30,0,19,0,1,0,1.032984,1.015966,1.018557,19,2,584,100,100,0,0,0,0,18,44,64,2,24,4,24,9,0,0,3048,100,0,3,0,1031,210,0,6,0,501,0,0,10,0,236,11,0,8,0,246,408,32,30,0,0,248,5,17,0,0,0,0,0,0
0,30,1,25,0,1,0,1.024057,0.987927,0.99737,25,2,584,100,100,0,0,0,18,0,34,18,1,24,4,70,12,0,0,3048,211,0,4,0,1031,289,0,8,0,501,0,0,10,0,236,2,0,13,0,246,489,52,14,0,0,247,5,0,0,0,0,0,0,0
0,30,2,21,0,1,0,1.028176,0.985804,0.978285,21,2,584,100,100,0,0,0,44,34,0,2,2,24,4,186,15,0,0,3048,193,0,5,0,1031,297,0,10,0,501,0,0,8,0,236,12,0,8,0,246,468,32,13,0,0,215,4,0,0,0,0,0,0,0
0,30,3,22,0,1,0,1.033041,0.988429,1.024344,22,1,459,100,100,0,0,0,64,18,2,0,1,24,4,170,21,0,0,3048,133,0,7,0,1031,295,0,14,0,501,0,0,16,0,236,2,0,8,0,246,381,32,23,0,0,258,8,0,0,0,0,0,0,0
0,31,0,17,0,2,0,1.03502,1.014195,1.027644,17,2,584,100,100,0,0,0,0,20,48,68,3,20,1,21,9,0,0,3160,94,0,3,0,1031,213,0,6,0,494,0,0,10,0,254,8,0,7,0,167,438,28,13,0,0,253,5,0,0,0,0,0,0,0
0,31,1,25,0,2,0,1.024057,0.987927,0.99737,25,3,709,100,100,0,0,0,20,0,36,20,3,20,1,61,12,0,0,3160,182,0,4,0,1031,293,0,8,0,494,1,0,12,0,254,0,0,6,0,167,530,24,33,0,0,236,6,17,0,0,0,0,0,0
0,31,2,21,0,2,0,1.028176,0.985804,0.978285,21,3,709,100,100,0,0,0,48,36,0,4,2,20,1,184,15,0,0,3160,167,0,5,0,1031,302,0,10,0,494,0,0,8,0,254,13,0,8,0,167,520,32,30,0,0,202,4,17,0,0,0,0,0,0
0,31,3,22,0,2,0,1.033041,0.988429,1.024344,22,1,459,100,100,0,0,0,68,20,4,0,2,20,1,173,21,0,0,3160,128,0,7,0,1031,302,0,14,0,494,0,0,16,0,254,0,0,3,0,167,385,12,23,0,0,266,8,0,0,0,0,0,0,0
0,32,0,17,0,0,0,1.03502,1.014195,1.027644,17,2,584,100,100,0,0,0,0,20,52,70,3,20,5,18,9,0,0,3048,90,0,3,0,1031,216,0,6,0,503,0,0,12,0,230,7,0,7,0,249,466,28,15,0,0,259,6,0,0,0,0,0,0,0
0,32,1,25,0,0,0,1.024057,0.987927,0.99737,25,3,709,100,100,0,0,0,20,0,38,22,3,20,5,52,12,0,0,3048,209,0,4,0,1031,297,0,8,0,503,0,0,8,0,230,2,0,13,0,249,588,52,12,0,0,240,4,0,0,0,0,0,0,0
0,32,2,21,0,0,0,1.028176,0.985804,0.978285,21,3,709,100,100,0,0,0,52,38,0,4,2,20,5,181,15,0,0,3048,197,0,5,0,1031,307,0,10,0,503,3,0,16,0,230,8,0,8,0,249,534,32,21,0,0,210,8,0,0,0,0,0,0,0
0,32,3,22,0,0,0,1.033041,0.988429,1.024344,22,2,584,100,100,0,0,0,70,22,4,0,2,20,5,175,21,0,0,3048,123,0,7,0,1031,309,0,14,0,503,1,0,2,0,230,10,0,8,0,249,406,32,26,0,0,250,1,17,0,0,0,0,0,0
0,33,0,17,0,2,0,1.03502,1.014195,1.027644,17,3,709,100,100,0,0,0,0,28,-8,-8,1,20,1,16,9,0,0,3160,86,0,3,0,1031,219,0,6,0,496,1,0,8,0,272,0,0,7,0,145,481,28,28,0,0,246,4,17,0,0,0,0,0,0
0,33,1,25,0,2,0,1.024057,0.987927,0.99737,25,4,834,100,100,0,0,0,28,0,-8,-8,1,20,1,44,12,0,0,3160,180,0,4,0,1031,301,0,8,0,496,1,0,14,0,272,0,0,2,0,145,628,8,35,0,0,230,7,17,0,0,0,0,0,0
0,33,2,20,0,2,0,1.024375,0.986255,0.976247,20,4,834,100,100,0,0,0,-8,-8,0,4,0,20,1,174,12,0,0,3160,172,0,4,0,1031,311,0,8,0,496,0,0,16,0,272,0,0,8,0,145,587,32,37,0,0,201,8,17,0,0,0,0,0,0
0,33,3,21,0,2,0,1.032288,0.984296,1.019136,21,2,584,100,100,0,0,0,-8,-8,4,0,0,20,1,173,18,0,0,3160,119,0,6,0,1031,315,0,12,0,496,0,0,12,0,272,2,0,8,0,145,435,32,18,0,0,256,6,0,0,0,0,0,0,0
0,34,0,16,0,1,0,1.03633,1.011305,1.025562,16,3,709,100,100,0,0,0,0,36,-14,-12,1,20,1,15,9,0,0,3048,82,0,3,0,1037,222,0,6,0,457,5,0,14,0,272,0,0,0,0,249,479,0,17,0,0,253,7,0,0,0,0,0,0,0
0,34,1,25,0,1,0,1.024057,0.987927,0.99737,25,4,834,100,100,0,0,0,36,0,-14,-14,1,20,1,36,12,0,0,3048,207,0,4,0,1037,305,0,8,0,457,1,0,24,0,272,0,0,0,0,249,618,0,28,0,0,242,12,0,0,0,0,0,0,0
0,34,2,20,0,1,0,1.024375,0.986255,0.976247,20,4,834,100,100,0,0,0,-14,-14,0,4,0,20,1,171,12,0,0,3048,204,0,4,0,1037,315,0,8,0,457,8,0,16,0,272,0,0,0,0,249,570,0,20,0,0,209,8,0,0,0,0,0,0,0
0,34,3,21,0,1,0,1.032288,0.984296,1.019136,21,2,584,100,100,0,0,0,-12,-14,4,0,0,20,1,173,18,0,0,3048,116,0,6,0,1037,321,0,12,0,457,5,0,16,0,272,0,0,2,0,249,436,8,22,0,0,264,8,0,0,0,0,0,0,0
0,35,0,16,0,1,0,1.03633,1.011305,1.025562,16,3,709,100,100,0,0,0,0,44,-18,-16,1,20,2,14,9,0,0,3160,79,0,3,0,1037,225,0,6,0,484,3,0,14,0,272,0,0,0,0,170,477,0,17,0,0,260,7,0,0,0,0,0,0,0
0,35,1,25,0,1,0,1.024057,0.987927,0.99737,25,4,834,100,100,0,0,0,44,0,-18,-18,1,20,2,30,12,0,0,3160,178,0,4,0,1037,309,0,8,0,484,0,0,22,0,272,0,0,0,0,170,642,0,26,0,0,253,11,0,0,0,0,0,0,0
0,35,2,20,0,1,0,1.024375,0.986255,0.976247,20,4,834,100,100,0,0,0,-18,-18,0,4,0,20,2,166,12,0,0,3160,180,0,4,0,1037,319,0,8,0,484,7,0,16,0,272,0,0,0,0,170,600,0,20,0,0,217,8,0,0,0,0,0,0,0
0,35,3,20,0,1,0,1.031978,0.985851,1.017376,20,2,584,100,100,0,0,0,-16,-18,4,0,0,20,2,169,15,0,0,3160,114,0,5,0,1037,326,0,10,0,484,1,0,16,0,272,0,0,0,0,170,430,0,21,0,0,272,8,0,0,0,0,0,0,0
0,36,0,14,0,3,0,1.041683,1.014715,1.03064,14,3,709,100,100,0,0,0,0,52,-24,-20,1,20,4,13,9,0,0,3048,68,0,3,0,1040,228,0,6,0,514,1,0,2,0,221,6,0,6,0,300,496,24,5,0,0,261,1,0,0,0,0,0,0,0
0,36,1,25,0,3,0,1.024057,0.987927,0.99737,25,4,834,100,100,0,0,0,52,0,-22,-22,1,20,4,24,12,0,0,3048,205,0,4,0,1040,313,0,8,0,514,0,0,12,0,221,0,0,12,0,300,674,48,16,0,0,259,6,0,0,0,0,0,0,0
0,36,2,20,0,3,0,1.024375,0.986255,0.976247,20,4,834,100,100,0,0,0,-24,-22,0,4,0,20,4,161,12,0,0,3048,212,0,4,0,1040,323,0,8,0,514,1,0,12,0,221,10,0,8,0,300,616,32,16,0,0,223,6,0,0,0,0,0,0,0
0,36,3,19,0,3,0,1.028602,0.990591,1.01177,19,2,584,100,100,0,0,0,-20,-22,4,0,0,20,4,165,15,0,0,3048,113,0,5,0,1040,331,0,10,0,514,1,0,12,0,221,0,0,6,0,300,437,24,17,0,0,278,6,0,0,0,0,0,0,0
0,37,0,12,1,7,0,1.037681,1.011382,1.036555,12,3,709,69.961827,64.961827,9,1,1,0,84,-58,-38,1,20,2,11,9,0,0,3168,59,0,3,0,1040,231,0,6,0,484,0,0,10,0,272,0,0,6,0,153,522,24,13,0,0,266,5,0,0,0,0,0,0,0
0,37,1,23,1,7,0,1.020089,0.987032,0.997043,23,5,959,49.577089,44.577089,9,1,1,84,0,-56,-48,1,20,2,15,12,0,0,3168,176,0,4,0,1040,317,0,8,0,484,0,0,18,0,272,0,0,0,0,153,701,0,39,0,0,251,9,17,0,0,0,0,0,0
0,37,2,19,1,7,0,1.027064,0.994162,0.988336,18,4,834,100,100,9,1,1,-58,-56,0,-6,0,20,2,159,12,0,0,3168,188,0,4,0,1040,327,0,8,0,484,8,0,14,0,272,3,0,7,0,153,677,28,18,0,0,230,7,0,0,0,0,0,0,0
0,37,3,18,1,7,0,1.032146,0.993048,1.017758,18,2,584,72.672894,67.672894,9,1,1,-38,-48,-6,0,0,20,2,166,15,0,0,3168,113,0,5,0,1040,336,0,10,0,484,1,0,12,0,272,0,0,0,0,153,435,0,17,0,0,284,6,0,0,0,0,0,0,0
0,38,0,9,0,14,0,1.031696,1.034442,1.021157,9,3,709,14.234622,9.234622,17,1,1,0,100,-90,-51,1,20,1,10,6,0,0,3150,53,0,2,0,1059,230,0,4,0,539,1,0,2,0,230,2,0,4,0,208,543,16,4,0,0,267,1,0,0,0,0,0,0,0
0,38,1,17,0,14,0,1.006327,0.993113,0.989143,17,5,959,19.279537,14.279537,17,1,1,100,0,-69,-80,1,20,1,14,12,0,0,3150,167,0,4,0,1059,316,0,8,0,539,1,0,0,0,230,4,0,8,0,208,747,32,4,0,0,251,0,0,0,0,0,0,0,0
0,38,2,16,0,14,0,1.021994,1.001644,0.985007,16,5,959,100,100,17,1,1,-90,-69,0,-22,0,20,1,157,12,0,0,3150,165,0,4,0,1059,329,0,8,0,539,1,0,8,0,230,12,0,6,0,208,715,24,29,0,0,217,4,17,0,0,0,0,0,0
0,38,3,16,0,14,0,1.030947,1.002462,1.022144,16,2,584,77.672894,72.672894,17,1,1,-51,-80,-22,0,0,20,1,168,15,0,0,3150,114,0,5,0,1059,335,0,10,0,539,1,0,0,0,230,1,0,8,0,208,477,32,5,0,0,284,0,0,0,0,0,0,0,0
0,39,0,7,0,7,0,1.022829,1.046314,1.029603,7,3,709,5,0,23,2,1,0,100,-100,-68,1,20,8,7,3,0,0,3143,51,0,1,0,1046,231,0,2,0,531,1,0,2,0,265,0,0,2,0,267,546,8,3,0,0,268,1,0,0,0,0,0,0,0
0,39,1,15,0,7,0,1.009596,0.997313,0.983356,15,5,959,5,0,23,2,1,100,0,-78,-100,1,20,8,14,12,0,0,3143,155,0,4,0,1046,320,0,8,0,531,1,0,4,0,265,1,0,6,0,267,753,24,8,0,0,253,2,0,0,0,0,0,0,0
0,39,2,15,0,7,0,1.024327,1.004349,0.986491,15,5,959,100,100,23,2,1,-100,-78,0,-26,0,20,8,156,12,0,0,3143,169,0,4,0,1046,333,0,8,0,531,0,0,6,0,265,10,0,5,0,267,736,20,10,0,0,220,3,0,0,0,0,0,0,0
0,39,3,14,0,7,0,1.026751,1.00748,1.024686,14,2,584,56.342815,51.342815,23,2,1,-68,-100,-26,0,0,20,8,169,15,0,0,3143,109,0,5,0,1046,340,0,10,0,531,1,0,2,0,265,0,0,2,0,267,493,8,7,0,0,285,1,0,0,0,0,0,0,0
0,40,0,6,0,5,0,1.020362,1.052606,1.029961,6,3,709,5,0,26,2,1,0,100,-100,-88,1,20,5,5,3,0,0,3160,43,0,1,0,1049,232,0,2,0,502,3,0,4,0,271,0,0,1,0,270,537,4,5,0,0,270,2,0,0,0,0,0,0,0
0,40,1,12,0,5,0,1.005692,1.009648,0.996552,12,5,959,5,0,26,2,1,100,0,-92,-100,1,20,5,13,9,0,0,3160,153,0,3,0,1049,323,0,6,0,502,3,0,10,0,271,0,0,1,0,270,745,4,13,0,0,258,5,0,0,0,0,0,0,0
0,40,2,15,0,5,0,1.024327,1.004349,0.986491,15,5,959,100,100,26,2,1,-100,-92,0,-32,0,20,5,156,12,0,0,3160,166,0,4,0,1049,337,0,8,0,502,8,0,10,0,271,5,0,5,0,270,753,20,14,0,0,225,5,0,0,0,0,0,0,0
0,40,3,13,0,5,0,1.031037,1.005676,1.027036,13,3,709,61.342815,56.342815,26,2,1,-88,-100,-32,0,0,20,5,173,15,0,0,3160,98,0,5,0,1049,345,0,10,0,502,0,0,4,0,271,0,0,0,0,270,485,0,26,0,0,270,2,17,0,0,0,0,0,0
