graine,jour,faction,population,naissances_total,morts_total,predations_total,vitesse,taille,perception,armes_equipees,reserves,capacite,defenses_fin,defenses_min_jour,raids_cumul,coalitions_cumul,plans,confiance_0,confiance_1,confiance_2,confiance_3,allies,nourriture_aube,carte_nourriture,stock_nourriture,production_nourriture,consommation_nourriture,sac_nourriture,carte_eau,stock_eau,production_eau,consommation_eau,sac_eau,carte_terre,stock_terre,production_terre,consommation_terre,sac_terre,carte_minerai,stock_minerai,production_minerai,consommation_minerai,sac_minerai,carte_charbon,stock_charbon,production_charbon,consommation_charbon,sac_charbon,carte_energie,stock_energie,production_energie,consommation_energie,sac_energie,carte_fer,stock_fer,production_fer,consommation_fer,sac_fer,carte_armes,stock_armes,production_armes,consommation_armes,sac_armes
1,1,0,95,13,36,0,0.999386,0.995246,0.997164,0,0,667,97.019948,92.019948,1,1,2,0,100,-100,-100,1,160,0,115,72,0,0,5600,394,0,24,0,1856,124,0,48,0,855,21,0,96,0,536,2,0,48,0,300,247,192,154,0,0,31,48,17,0,0,17,17,0,0
1,1,1,98,13,36,0,1.000639,0.99609,0.995506,0,0,667,100,100,1,1,2,100,0,-100,-100,1,160,0,110,72,0,0,5600,410,0,24,0,1856,124,0,48,0,855,10,0,100,0,536,0,0,50,0,300,251,200,158,0,0,33,50,17,0,0,17,17,0,0
1,1,2,91,13,36,0,0.999591,0.995906,0.997374,0,0,667,100,100,1,1,2,-100,-100,0,100,1,160,0,108,72,0,0,5600,402,0,24,0,1856,124,0,48,0,855,9,0,96,0,536,2,0,48,0,300,244,192,154,0,0,31,48,17,0,0,17,17,0,0
1,1,3,93,13,36,0,0.998756,0.994941,0.995245,0,0,667,100,100,1,1,2,-100,-100,100,0,1,160,0,104,69,0,0,5600,411,0,23,0,1856,123,0,46,0,855,14,0,100,0,536,0,0,50,0,300,252,200,157,0,0,33,50,17,0,0,17,17,0,0
1,2,0,72,11,84,3,1.007041,1.005647,0.991663,14,0,667,100,97.019948,3,3,2,0,100,-100,-100,1,160,8,81,27,0,0,5616,474,0,9,0,1847,133,0,18,0,902,0,0,68,0,533,0,0,2,0,306,195,8,111,0,0,48,34,17,0,0,17,17,0,0
1,2,1,84,11,84,3,1.000074,0.988743,0.991633,16,0,667,96.646119,91.646119,3,3,2,100,0,-100,-100,1,160,8,101,54,0,0,5616,486,0,18,0,1847,142,0,36,0,902,0,0,52,0,533,0,0,0,0,306,219,0,104,0,0,42,26,17,0,0,17,17,0,0
1,2,2,78,11,84,3,0.998892,0.993272,0.997454,13,0,667,100,100,3,3,2,-100,-100,0,100,1,160,8,76,24,0,0,5616,503,0,8,0,1847,132,0,16,0,902,0,0,48,0,533,0,0,5,0,306,246,20,90,0,0,38,24,17,0,0,17,17,0,0
1,2,3,70,11,84,3,0.998191,0.997045,0.997334,13,0,667,92.507489,87.507489,3,3,2,-100,-100,100,0,1,160,8,73,30,0,0,5616,500,0,10,0,1847,133,0,20,0,902,1,0,52,0,533,0,0,0,0,306,216,0,96,0,0,42,26,17,0,0,17,17,0,0
1,3,0,75,15,38,0,1.009801,1.005718,0.994265,30,0,667,100,100,6,6,2,0,100,-100,-100,1,160,16,62,27,0,0,6400,393,0,9,0,2012,142,0,18,0,1031,1,0,10,0,431,0,0,33,0,6,413,132,53,0,0,36,5,17,0,0,17,17,0,0
1,3,1,68,15,38,0,1.001595,0.991331,1.000508,31,0,667,93.620075,88.620075,6,6,2,100,0,-100,-100,1,160,16,99,51,0,0,6400,385,0,17,0,2012,159,0,34,0,1031,0,0,2,0,431,0,0,19,0,6,362,76,53,0,0,26,1,17,0,0,17,17,0,0
1,3,2,65,15,38,0,0.99597,0.990315,0.995037,28,0,667,83.892538,78.892538,6,6,2,-100,-100,0,100,1,160,16,47,24,0,0,6400,417,0,8,0,2012,137,0,16,0,1031,0,0,8,0,431,0,0,13,0,6,381,52,50,0,0,25,4,17,0,0,17,17,0,0
1,3,3,73,15,38,0,0.997559,0.998514,0.999178,28,0,667,97.507489,92.507489,6,6,2,-100,-100,100,0,1,160,16,64,27,0,0,6400,421,0,9,0,2012,142,0,18,0,1031,1,0,8,0,431,0,0,27,0,6,423,108,51,0,0,29,4,17,0,0,17,17,0,0
1,4,0,68,9,23,0,1.008449,1.006816,0.996707,45,0,667,100,100,8,8,2,0,100,-100,-100,1,160,5,53,27,0,0,6074,488,0,9,0,2012,151,0,18,0,1029,1,0,20,0,460,0,0,20,0,165,503,80,51,0,0,35,10,11,0,0,11,11,0,0
1,4,1,71,9,23,0,1.001145,0.990287,1.002807,46,0,667,98.620075,93.620075,8,8,2,100,0,-100,-100,1,160,5,127,54,0,0,6074,435,0,18,0,2012,177,0,36,0,1029,0,0,6,0,460,0,0,15,0,165,452,60,44,0,0,19,3,10,0,0,10,10,0,0
1,4,2,60,9,23,0,0.999888,0.990508,0.998858,43,0,667,88.892538,83.892538,8,8,2,-100,-100,0,100,1,160,5,40,18,0,0,6074,346,0,6,0,2012,143,0,12,0,1029,1,0,6,0,460,0,0,19,0,165,579,76,28,0,0,20,3,8,0,0,8,8,0,0
1,4,3,68,9,23,0,0.997275,0.997645,0.993137,43,0,667,86.032621,81.032621,8,8,2,-100,-100,100,0,1,160,5,51,30,0,0,6074,338,0,10,0,2012,152,0,20,0,1029,1,0,10,0,460,0,0,17,0,165,591,68,44,0,0,22,5,12,0,0,12,12,0,0
1,5,0,62,8,23,1,1.009896,1.006018,0.995488,54,1,917,100,100,9,9,2,0,100,-100,-100,1,160,0,40,21,0,0,6106,413,0,7,0,2015,155,0,14,0,972,1,0,36,0,536,0,0,0,0,166,566,0,85,0,0,15,18,38,0,0,4,4,0,0
1,5,1,73,8,23,1,1.001387,0.987746,1.001436,54,0,667,100,98.620075,9,9,2,100,0,-100,-100,1,160,0,148,60,0,0,6106,344,0,20,0,2015,197,0,40,0,972,1,0,20,0,536,0,0,0,0,166,546,0,56,0,0,21,10,8,0,0,8,8,0,0
1,5,2,54,8,23,1,1.000876,0.992454,1.00049,45,0,667,93.892538,88.892538,9,9,2,-100,-100,0,100,1,160,0,47,18,0,0,6106,402,0,6,0,2015,149,0,12,0,972,0,0,18,0,536,0,0,0,0,166,612,0,32,0,0,25,9,4,0,0,4,4,0,0
1,5,3,63,8,23,1,0.999942,0.996722,0.997287,53,0,667,82.461978,77.461978,9,9,2,-100,-100,100,0,1,160,0,60,30,0,0,6106,408,0,10,0,2015,159,0,20,0,972,0,0,26,0,536,0,0,0,0,166,604,0,44,0,0,31,13,4,0,0,4,4,0,0
1,6,0,45,6,66,0,1.009503,1.001177,0.991177,43,1,917,100,100,9,9,2,0,100,-100,-100,1,160,22,36,21,0,0,6248,344,0,7,0,2018,159,0,14,0,1072,1,0,0,0,440,9,0,21,0,65,732,84,9,0,0,14,0,1,0,0,1,1,0,0
1,6,1,49,6,66,0,1.000823,0.978214,1.003234,40,0,667,100,100,9,9,2,100,0,-100,-100,1,160,22,160,63,0,0,6248,402,0,21,0,2018,218,0,42,0,1072,1,0,0,0,440,0,0,14,0,65,583,56,25,0,0,19,0,2,0,0,2,2,0,0
1,6,2,41,6,66,0,0.996847,0.991279,1.00688,34,0,667,98.892538,93.892538,9,9,2,-100,-100,0,100,1,160,22,38,21,0,0,6248,341,0,7,0,2018,153,0,14,0,1072,0,0,0,0,440,5,0,20,0,65,654,80,13,0,0,22,0,3,0,0,3,3,0,0
1,6,3,57,6,66,0,0.99371,0.992093,0.995287,50,0,667,87.461978,82.461978,9,9,2,-100,-100,100,0,1,160,22,59,27,0,0,6248,336,0,9,0,2018,168,0,18,0,1072,0,0,0,0,440,0,0,24,0,65,654,96,13,0,0,29,0,2,0,0,2,2,0,0
1,7,0,46,11,11,0,1.00917,1.001159,0.992262,44,1,917,100,100,9,9,2,0,100,-100,-100,1,160,19,42,21,0,0,6000,412,0,7,0,2021,160,0,14,0,937,10,0,42,0,536,0,0,9,0,467,726,36,51,0,0,34,21,1,0,0,1,1,0,0
1,7,1,47,11,11,0,0.999996,0.979625,1.005738,39,0,667,100,100,9,9,2,100,0,-100,-100,1,160,19,192,57,0,0,6000,334,0,19,0,2021,237,0,38,0,937,1,0,18,0,536,0,0,0,0,467,614,0,39,0,0,27,9,1,0,0,1,1,0,0
1,7,2,43,11,11,0,0.998974,0.988863,1.009536,35,1,917,100,98.892538,9,9,2,-100,-100,0,100,1,160,19,50,21,0,0,6000,421,0,7,0,2021,157,0,14,0,937,0,0,30,0,536,0,0,5,0,467,600,20,75,0,0,1,15,36,0,0,2,2,0,0
1,7,3,56,11,11,0,0.98926,0.990869,0.996101,48,1,917,92.461978,87.461978,9,9,2,-100,-100,100,0,1,160,19,71,30,0,0,6000,397,0,10,0,2021,178,0,20,0,937,1,0,32,0,536,0,0,0,0,467,587,0,80,0,0,9,16,36,0,0,2,2,0,0
1,8,0,45,14,12,0,1.013124,0.998534,0.991691,41,2,1167,100,100,9,9,2,0,100,-100,-100,1,160,25,36,12,0,0,6248,362,0,4,0,2015,164,0,8,0,1028,1,0,24,0,470,9,0,21,0,267,850,84,64,0,0,11,12,35,0,0,1,1,0,0
1,8,1,46,14,12,0,1.003155,0.978567,0.999603,33,0,667,100,100,9,9,2,100,0,-100,-100,1,160,25,222,42,0,0,6248,417,0,14,0,2015,251,0,28,0,1028,1,0,6,0,470,0,0,9,0,267,631,36,22,0,0,29,3,1,0,0,1,1,0,0
1,8,2,47,14,12,0,1.002547,0.993036,1.011394,37,1,917,100,100,9,9,2,-100,-100,0,100,1,160,25,64,27,0,0,6248,369,0,9,0,2015,163,0,18,0,1028,0,0,12,0,470,0,0,12,0,267,727,48,27,0,0,4,6,3,0,0,3,3,0,0
1,8,3,56,14,12,0,0.990088,0.990541,0.997947,49,1,917,97.461978,92.461978,9,9,2,-100,-100,100,0,1,160,25,74,30,0,0,6248,331,0,10,0,2015,188,0,20,0,1028,0,0,12,0,470,0,0,15,0,267,736,60,28,0,0,12,6,3,0,0,3,3,0,0
1,9,0,43,10,12,0,1.010327,1.000661,0.988254,40,2,1167,100,100,9,9,2,0,100,-100,-100,1,160,4,38,12,0,0,6000,417,0,4,0,2027,168,0,8,0,1009,0,0,26,0,536,0,0,9,0,392,883,36,32,0,0,23,13,1,0,0,1,1,0,0
1,9,1,46,10,12,0,1.008787,0.987452,0.999761,30,0,667,100,100,9,9,2,100,0,-100,-100,1,160,4,251,42,0,0,6000,357,0,14,0,2027,265,0,28,0,1009,1,0,4,0,536,0,0,0,0,392,641,0,26,0,0,27,2,4,0,0,4,4,0,0
1,9,2,48,10,12,0,1.004521,0.994147,1.011229,40,1,917,100,100,9,9,2,-100,-100,0,100,1,160,4,76,27,0,0,6000,465,0,9,0,2027,169,0,18,0,1009,0,0,16,0,536,0,0,0,0,392,712,0,33,0,0,8,8,4,0,0,4,4,0,0
1,9,3,55,10,12,0,0.98914,0.992276,0.999244,48,1,917,100,97.461978,9,9,2,-100,-100,100,0,1,160,4,88,33,0,0,6000,408,0,11,0,2027,199,0,22,0,1009,0,0,18,0,536,0,0,0,0,392,739,0,33,0,0,19,9,2,0,0,2,2,0,0
1,10,0,44,8,8,0,1.010413,0.999877,0.987281,41,2,1167,88.933823,83.933823,11,11,2,0,100,-100,-100,1,160,17,39,12,0,0,6256,370,0,4,0,2036,172,0,8,0,1036,1,0,8,0,428,18,0,21,0,245,1054,84,14,0,0,26,4,1,0,0,1,1,0,0
1,10,1,47,8,8,0,1.011403,0.988435,0.995863,32,0,667,100,100,11,11,2,100,0,-100,-100,1,160,17,283,39,0,0,6256,442,0,13,0,2036,278,0,26,0,1036,0,0,10,0,428,0,0,18,0,245,646,72,31,0,0,28,5,4,0,0,4,4,0,0
1,10,2,47,8,8,0,0.997326,0.989594,1.010992,43,1,917,100,100,11,11,2,-100,-100,0,100,1,160,17,83,24,0,0,6256,409,0,8,0,2036,177,0,16,0,1036,1,0,8,0,428,1,0,26,0,245,893,104,20,0,0,10,4,2,0,0,2,2,0,0
1,10,3,54,8,8,0,0.992984,0.99488,0.998516,47,1,917,100,100,11,11,2,-100,-100,100,0,1,160,17,93,30,0,0,6256,343,0,10,0,2036,209,0,20,0,1036,1,0,8,0,428,0,0,24,0,245,903,96,22,0,0,21,4,2,0,0,2,2,0,0
1,11,0,43,11,7,0,1.009818,1.004022,0.986615,39,3,1417,93.933823,88.933823,12,12,2,0,100,-100,-100,1,160,7,35,12,0,0,6152,434,0,4,0,2039,176,0,8,0,977,0,0,32,0,536,0,0,18,0,244,1075,72,72,0,0,7,16,35,0,0,1,1,0,0
1,11,1,47,11,7,0,1.015019,0.98747,0.994811,35,0,667,100,100,12,12,2,100,0,-100,-100,1,160,7,312,39,0,0,6152,382,0,13,0,2039,291,0,26,0,977,1,0,16,0,536,0,0,0,0,244,628,0,39,0,0,31,8,5,0,0,5,5,0,0
1,11,2,51,11,7,0,0.996709,0.988415,1.011582,44,1,917,100,100,12,12,2,-100,-100,0,100,1,160,7,98,24,0,0,6152,354,0,8,0,2039,185,0,16,0,977,0,0,24,0,536,0,0,1,0,244,883,4,34,0,0,21,12,1,0,0,1,1,0,0
1,11,3,55,11,7,0,0.989041,0.99382,1.00125,47,1,917,92.662286,87.662286,12,12,2,-100,-100,100,0,1,160,7,105,30,0,0,6152,415,0,10,0,2039,219,0,20,0,977,0,0,22,0,536,0,0,0,0,244,879,0,38,0,0,29,11,3,0,0,3,3,0,0
1,12,0,39,7,14,0,1.009938,1.004264,0.988531,38,3,1417,90.655158,85.655158,14,14,2,0,100,-100,-100,1,160,44,26,12,0,0,6248,387,0,4,0,2042,180,0,8,0,947,0,0,32,0,520,0,0,5,0,283,1146,20,38,0,0,22,16,1,0,0,1,1,0,0
1,12,1,45,7,14,0,1.013143,0.986609,0.994595,37,1,917,100,100,14,14,2,100,0,-100,-100,1,160,44,322,36,0,0,6248,323,0,12,0,2042,303,0,24,0,947,1,0,24,0,520,0,0,6,0,283,599,24,78,0,0,5,12,38,0,0,4,4,0,0
1,12,2,51,7,14,0,0.993067,0.989903,1.013311,43,2,1167,100,100,14,14,2,-100,-100,0,100,1,160,44,100,24,0,0,6248,447,0,8,0,2042,193,0,16,0,947,0,0,34,0,520,0,0,3,0,283,839,12,82,0,0,1,17,37,0,0,3,3,0,0
1,12,3,54,7,14,0,0.985833,0.987286,0.999229,48,2,1167,89.220534,84.220534,14,14,2,-100,-100,100,0,1,160,44,104,30,0,0,6248,350,0,10,0,2042,229,0,20,0,947,0,0,32,0,520,0,0,1,0,283,839,4,78,0,0,10,16,35,0,0,1,1,0,0
1,13,0,26,15,37,0,1.013101,0.997847,1.00071,24,3,1417,87.112414,82.112414,15,15,2,0,100,-100,-100,1,160,11,38,12,0,0,6136,344,0,4,0,2039,184,0,8,0,1052,0,0,4,0,428,16,0,9,0,350,1193,36,8,0,0,24,2,0,0,0,0,0,0,0
1,13,1,48,15,37,0,1.014865,0.986414,0.987334,38,1,917,100,100,15,15,2,100,0,-100,-100,1,160,11,351,36,0,0,6136,386,0,12,0,2039,315,0,24,0,1052,1,0,4,0,428,3,0,20,0,350,674,80,20,0,0,5,2,2,0,0,2,2,0,0
1,13,2,39,15,37,0,0.984708,0.985947,1.009832,34,2,1167,100,100,15,15,2,-100,-100,0,100,1,160,11,96,21,0,0,6136,389,0,7,0,2039,200,0,14,0,1052,1,0,6,0,428,8,0,17,0,350,951,68,15,0,0,3,3,1,0,0,1,1,0,0
1,13,3,54,15,37,0,0.987723,0.992184,1.000357,46,2,1167,94.220534,89.220534,15,15,2,-100,-100,100,0,1,160,11,113,30,0,0,6136,414,0,10,0,2039,239,0,20,0,1052,0,0,4,0,428,0,0,27,0,350,966,108,20,0,0,9,2,3,0,0,3,3,0,0
1,14,0,26,18,10,1,1.016398,1.001285,1.000515,23,3,1417,80.614923,75.614923,16,16,2,0,100,-100,-100,1,160,20,49,12,0,0,6392,322,0,4,0,2033,188,0,8,0,973,9,0,18,0,536,7,0,9,0,286,1226,36,24,0,0,32,9,1,0,0,1,1,0,0
1,14,1,49,18,10,1,1.02176,0.988947,0.988712,38,1,917,100,100,16,16,2,100,0,-100,-100,1,160,20,386,45,0,0,6392,323,0,15,0,2033,330,0,30,0,973,0,0,16,0,536,0,0,3,0,286,729,12,39,0,0,9,8,4,0,0,4,4,0,0
1,14,2,43,18,10,1,0.988685,0.983067,1.011071,33,2,1167,100,100,16,16,2,-100,-100,0,100,1,160,20,114,24,0,0,6392,342,0,8,0,2033,208,0,16,0,973,1,0,24,0,536,0,0,8,0,286,1025,32,36,0,0,13,12,2,0,0,2,2,0,0
1,14,3,57,18,10,1,0.990236,0.990368,0.999311,46,2,1167,99.220534,94.220534,16,16,2,-100,-100,100,0,1,160,20,124,30,0,0,6392,350,0,10,0,2033,249,0,20,0,973,0,0,30,0,536,0,0,0,0,286,1026,0,46,0,0,21,15,3,0,0,3,3,0,0
1,15,0,28,15,9,0,1.022364,0.998616,0.995762,24,4,1667,77.170254,72.170254,17,17,2,0,100,-100,-100,1,160,44,52,12,0,0,6056,300,0,4,0,2024,192,0,8,0,950,15,0,22,0,522,0,0,7,0,587,1201,28,62,0,0,8,11,35,0,0,1,1,0,0
1,15,1,52,15,9,0,1.023864,0.989317,0.991635,41,1,917,100,100,17,17,2,100,0,-100,-100,1,160,44,414,39,0,0,6056,381,0,13,0,2024,343,0,26,0,950,1,0,22,0,522,0,0,12,0,587,736,48,41,0,0,17,11,3,0,0,3,3,0,0
1,15,2,43,15,9,0,0.991698,0.978597,1.009102,32,2,1167,100,100,17,17,2,-100,-100,0,100,1,160,44,127,27,0,0,6056,370,0,9,0,2024,217,0,18,0,950,1,0,32,0,522,0,0,0,0,587,979,0,49,0,0,25,16,4,0,0,4,4,0,0
1,15,3,58,15,9,0,0.986317,0.986174,1.000796,48,2,1167,100,99.220534,17,17,2,-100,-100,100,0,1,160,44,126,33,0,0,6056,410,0,11,0,2024,260,0,22,0,950,0,0,36,0,522,0,0,2,0,587,980,8,55,0,0,35,18,4,0,0,4,4,0,0
1,16,0,29,9,7,0,1.02584,0.994504,0.991691,24,4,1667,82.170254,77.170254,18,18,2,0,100,-100,-100,1,160,54,60,12,0,0,6208,284,0,4,0,2018,196,0,8,0,921,25,0,22,0,536,0,0,0,0,375,1195,0,30,0,0,17,11,2,0,0,2,2,0,0
1,16,1,52,9,7,0,1.029617,0.994731,0.989831,43,1,917,96.612269,91.612269,18,18,2,100,0,-100,-100,1,160,54,441,51,0,0,6208,424,0,17,0,2018,360,0,34,0,921,1,0,36,0,536,0,0,0,0,375,692,0,59,0,0,32,18,3,0,0,3,3,0,0
1,16,2,45,9,7,0,0.989958,0.979058,1.00888,35,2,1167,100,100,18,18,2,-100,-100,0,100,1,160,54,144,30,0,0,6208,381,0,10,0,2018,227,0,20,0,921,0,0,34,0,536,0,0,0,0,375,960,0,52,0,0,38,17,4,0,0,4,4,0,0
1,16,3,57,9,7,0,0.989344,0.985863,0.999768,50,3,1417,100,100,18,18,2,-100,-100,100,0,1,160,54,119,33,0,0,6208,341,0,11,0,2018,271,0,22,0,921,0,0,44,0,536,0,0,0,0,375,1035,0,95,0,0,20,22,37,0,0,3,3,0,0
1,17,0,27,10,14,1,1.031678,0.988615,0.995263,24,4,1667,79.004962,74.004962,19,19,2,0,100,-100,-100,1,160,32,69,15,0,0,6264,266,0,5,0,2012,201,0,10,0,982,26,0,20,0,536,0,0,0,0,428,1189,0,27,0,0,26,10,1,0,0,1,1,0,0
1,17,1,50,10,14,1,1.034095,0.987609,0.987935,41,1,917,100,96.612269,19,19,2,100,0,-100,-100,1,160,32,473,54,0,0,6264,354,0,18,0,2012,378,0,36,0,982,0,0,22,0,536,0,0,0,0,428,688,0,46,0,0,40,11,3,0,0,3,3,0,0
1,17,2,43,10,14,1,0.99443,0.97879,1.013298,36,2,1167,100,100,19,19,2,-100,-100,0,100,1,160,32,161,33,0,0,6264,325,0,11,0,2012,238,0,22,0,982,1,0,20,0,536,0,0,0,0,428,970,0,37,0,0,45,10,3,0,0,3,3,0,0
1,17,3,59,10,14,1,0.990327,0.987651,1.004893,51,3,1417,100,100,19,19,2,-100,-100,100,0,1,160,32,127,30,0,0,6264,394,0,10,0,2012,281,0,20,0,982,1,0,26,0,536,0,0,0,0,428,1037,0,40,0,0,31,13,2,0,0,2,2,0,0
1,18,0,29,14,20,0,1.034125,0.985737,0.994334,24,4,1667,84.004962,79.004962,19,19,2,0,100,-100,-100,1,160,17,88,15,0,0,6208,258,0,5,0,2012,206,0,10,0,1003,19,0,22,0,479,0,0,6,0,437,1205,24,29,0,0,36,11,1,0,0,1,1,0,0
1,18,1,49,14,20,0,1.038152,0.984223,0.985161,40,1,917,100,100,19,19,2,100,0,-100,-100,1,160,17,517,54,0,0,6208,382,0,18,0,2012,396,0,36,0,1003,1,0,20,0,479,0,0,9,0,437,692,36,44,0,0,47,10,3,0,0,3,3,0,0
1,18,2,46,14,20,0,1.001795,0.978068,1.010998,36,3,1417,100,100,19,19,2,-100,-100,0,100,1,160,17,187,30,0,0,6208,344,0,10,0,2012,248,0,20,0,1003,1,0,18,0,479,0,0,14,0,437,987,56,66,0,0,18,9,36,0,0,2,2,0,0
1,18,3,49,14,20,0,0.991599,0.981788,1.001582,42,3,1417,100,100,19,19,2,-100,-100,100,0,1,160,17,123,27,0,0,6208,326,0,9,0,2012,290,0,18,0,1003,0,0,16,0,479,0,0,13,0,437,1134,52,31,0,0,36,8,3,0,0,3,3,0,0
1,19,0,26,13,11,0,1.042298,0.987265,0.992251,21,4,1667,89.004962,84.004962,20,20,2,0,100,-100,-100,1,160,13,96,15,0,0,6064,240,0,5,0,2012,211,0,10,0,935,29,0,20,0,536,0,0,0,0,510,1200,0,29,0,0,44,10,2,0,0,2,2,0,0
1,19,1,50,13,11,0,1.038186,0.984258,0.98453,41,1,917,100,100,20,20,2,100,0,-100,-100,1,160,13,565,57,0,0,6064,402,0,19,0,2012,412,0,38,0,935,10,0,30,0,536,0,0,0,0,510,649,0,55,0,0,59,15,3,0,0,3,3,0,0
1,19,2,47,13,11,0,1.004489,0.976956,1.014423,35,3,1417,100,100,20,20,2,-100,-100,0,100,1,160,13,211,39,0,0,6064,357,0,13,0,2012,258,0,26,0,935,1,0,30,0,536,0,0,0,0,510,963,0,51,0,0,29,15,4,0,0,4,4,0,0
1,19,3,52,13,11,0,0.986562,0.978296,1.001876,45,3,1417,96.740563,91.740563,20,20,2,-100,-100,100,0,1,160,13,146,30,0,0,6064,387,0,10,0,2012,297,0,20,0,935,0,0,38,0,536,0,0,0,0,510,1106,0,52,0,0,53,19,2,0,0,2,2,0,0
1,20,0,26,14,6,0,1.04126,0.987379,0.989135,21,4,1667,94.004962,89.004962,20,20,2,0,100,-100,-100,1,160,14,110,15,0,0,6288,225,0,5,0,2000,216,0,10,0,938,41,0,18,0,536,0,0,0,0,308,1194,0,27,0,0,51,9,2,0,0,2,2,0,0
1,20,1,53,14,6,0,1.044627,0.98723,0.986816,43,1,917,100,100,20,20,2,100,0,-100,-100,1,160,14,617,60,0,0,6288,332,0,20,0,2000,429,0,40,0,938,17,0,32,0,536,0,0,0,0,308,693,0,58,0,0,72,16,3,0,0,3,3,0,0
1,20,2,49,14,6,0,1.006387,0.97427,1.018514,37,3,1417,100,100,20,20,2,-100,-100,0,100,1,160,14,242,39,0,0,6288,393,0,13,0,2000,271,0,26,0,938,1,0,26,0,536,0,0,0,0,308,943,0,47,0,0,38,13,4,0,0,4,4,0,0
1,20,3,55,14,6,0,0.986212,0.980188,1.006194,46,3,1417,100,96.740563,20,20,2,-100,-100,100,0,1,160,14,158,30,0,0,6288,325,0,10,0,2000,307,0,20,0,938,1,0,38,0,536,0,0,0,0,308,1194,0,54,0,0,69,19,3,0,0,3,3,0,0
1,21,0,26,19,16,0,1.045523,0.987857,0.984796,19,4,1667,99.004962,94.004962,20,20,2,0,100,-100,-100,1,160,6,126,12,0,0,6144,219,0,4,0,2009,220,0,8,0,952,47,0,18,0,536,0,0,0,0,404,1186,0,26,0,0,58,9,2,0,0,2,2,0,0
1,21,1,51,19,16,0,1.048428,0.983455,0.986445,41,1,917,100,100,20,20,2,100,0,-100,-100,1,160,6,652,51,0,0,6144,334,0,17,0,2009,446,0,34,0,952,18,0,32,0,536,0,0,0,0,404,662,0,57,0,0,84,16,4,0,0,4,4,0,0
1,21,2,51,19,16,0,1.009936,0.967839,1.016567,38,3,1417,100,100,20,20,2,-100,-100,0,100,1,160,6,266,33,0,0,6144,333,0,11,0,2009,282,0,22,0,952,1,0,30,0,536,0,0,0,0,404,1008,0,49,0,0,49,15,4,0,0,4,4,0,0
1,21,3,58,19,16,0,0.991964,0.983446,1.004869,45,3,1417,100,100,20,20,2,-100,-100,100,0,1,160,6,168,27,0,0,6144,413,0,9,0,2009,316,0,18,0,952,0,0,34,0,536,0,0,0,0,404,1171,0,49,0,0,83,17,3,0,0,3,3,0,0
1,22,0,25,9,25,0,1.044741,0.982334,0.978997,18,4,1667,100,99.004962,23,23,2,0,100,-100,-100,1,160,14,145,15,0,0,6176,212,0,5,0,2021,225,0,10,0,931,40,0,22,0,536,0,0,0,0,372,1177,0,33,0,0,66,11,3,0,0,3,3,0,0
1,22,1,46,9,25,0,1.044399,0.981612,0.982681,40,1,917,88.407085,83.407085,23,23,2,100,0,-100,-100,1,160,14,687,51,0,0,6176,346,0,17,0,2021,460,0,34,0,931,12,0,36,0,536,0,0,0,0,372,624,0,59,0,0,99,18,3,0,0,3,3,0,0
1,22,2,48,9,25,0,1.011263,0.959723,1.009199,36,3,1417,100,100,23,23,2,-100,-100,0,100,1,160,14,278,30,0,0,6176,384,0,10,0,2021,292,0,20,0,931,1,0,26,0,536,0,0,0,0,372,997,0,44,0,0,58,13,4,0,0,4,4,0,0
1,22,3,51,9,25,0,0.993154,0.974654,0.995741,41,4,1667,96.661789,91.661789,23,23,2,-100,-100,100,0,1,160,14,166,27,0,0,6176,346,0,9,0,2021,322,0,18,0,931,1,0,28,0,536,0,0,0,0,372,1239,0,79,0,0,59,14,38,0,0,4,4,0,0
1,23,0,27,16,14,0,1.044373,0.986065,0.978002,19,4,1667,100,100,25,25,2,0,100,-100,-100,1,160,20,161,15,0,0,6136,214,0,5,0,2024,230,0,10,0,1030,14,0,26,0,491,0,0,12,0,558,1190,48,35,0,0,77,13,2,0,0,2,2,0,0
1,23,1,48,16,14,0,1.047387,0.984487,0.986878,42,1,917,84.913816,79.913816,25,25,2,100,0,-100,-100,1,160,20,731,54,0,0,6136,362,0,18,0,2024,475,0,36,0,1030,1,0,26,0,491,0,0,11,0,558,628,44,46,0,0,111,13,1,0,0,1,1,0,0
1,23,2,51,16,14,0,1.010171,0.957978,1.005174,38,3,1417,100,100,25,25,2,-100,-100,0,100,1,160,20,292,30,0,0,6136,326,0,10,0,2024,299,0,20,0,1030,0,0,10,0,491,0,0,15,0,558,1058,60,28,0,0,59,5,4,0,0,4,4,0,0
1,23,3,46,16,14,0,0.995491,0.972332,1.000352,41,4,1667,93.37933,88.37933,25,25,2,-100,-100,100,0,1,160,20,175,27,0,0,6136,422,0,9,0,2024,331,0,18,0,1030,1,0,18,0,491,0,0,7,0,558,1244,28,29,0,0,67,9,1,0,0,1,1,0,0
1,24,0,28,12,12,0,1.04755,0.987511,0.985191,19,4,1667,96.811129,91.811129,26,26,2,0,100,-100,-100,1,160,26,181,18,0,0,6168,213,0,6,0,2009,236,0,12,0,967,0,0,26,0,536,0,0,0,0,496,1167,0,38,0,0,87,13,3,0,0,3,3,0,0
1,24,1,47,12,12,0,1.049919,0.982475,0.988971,39,1,917,89.913816,84.913816,26,26,2,100,0,-100,-100,1,160,26,774,54,0,0,6168,376,0,18,0,2009,493,0,36,0,967,0,0,24,0,536,0,0,0,0,496,595,0,48,0,0,120,12,3,0,0,3,3,0,0
1,24,2,51,12,12,0,1.010545,0.957069,1.00169,39,3,1417,100,100,26,26,2,-100,-100,0,100,1,160,26,304,33,0,0,6168,376,0,11,0,2009,310,0,22,0,967,1,0,30,0,536,0,0,0,0,496,1020,0,51,0,0,69,15,5,0,0,5,5,0,0
1,24,3,46,12,12,0,0.997878,0.971196,1.000994,41,4,1667,98.37933,93.37933,26,26,2,-100,-100,100,0,1,160,26,186,27,0,0,6168,367,0,9,0,2009,340,0,18,0,967,0,0,34,0,536,0,0,0,0,496,1248,0,47,0,0,82,17,2,0,0,2,2,0,0
1,25,0,26,14,8,0,1.050131,0.987029,0.985002,20,4,1667,100,96.811129,27,27,2,0,100,-100,-100,1,160,17,202,24,0,0,6024,209,0,8,0,2009,244,0,16,0,1031,0,0,4,0,519,0,0,1,0,592,1156,4,18,0,0,86,2,3,0,0,3,3,0,0
1,25,1,52,14,8,0,1.044967,0.981288,0.990195,40,2,1167,94.913816,89.913816,27,27,2,100,0,-100,-100,1,160,17,817,51,0,0,6024,392,0,17,0,2009,507,0,34,0,1031,0,0,12,0,519,0,0,4,0,592,542,16,69,0,0,89,6,37,0,0,3,3,0,0
1,25,2,51,14,8,0,1.010232,0.954652,1.002614,41,3,1417,100,100,27,27,2,-100,-100,0,100,1,160,17,320,33,0,0,6024,442,0,11,0,2009,321,0,22,0,1031,0,0,14,0,519,0,0,6,0,592,1012,24,33,0,0,72,7,4,0,0,4,4,0,0
1,25,3,49,14,8,0,0.994896,0.967762,1.002338,42,4,1667,94.902452,89.902452,27,27,2,-100,-100,100,0,1,160,17,202,27,0,0,6024,448,0,9,0,2009,349,0,18,0,1031,0,0,12,0,519,0,0,6,0,592,1251,24,25,0,0,86,6,2,0,0,2,2,0,0
1,26,0,24,16,17,0,1.052535,0.984419,0.980869,20,4,1667,81.351419,76.351419,30,30,2,0,100,-100,-100,1,160,16,226,21,0,0,6368,208,0,7,0,2009,251,0,14,0,1019,1,0,2,0,508,0,0,2,0,185,1177,8,11,0,0,86,1,1,0,0,1,1,0,0
1,26,1,51,16,17,0,1.048873,0.98278,0.991148,40,2,1167,99.913816,94.913816,30,30,2,100,0,-100,-100,1,160,16,850,51,0,0,6368,323,0,17,0,2009,521,0,34,0,1019,0,0,8,0,508,0,0,9,0,185,657,36,35,0,0,88,4,5,0,0,5,5,0,0
1,26,2,49,16,17,0,1.01216,0.954437,1.006425,38,3,1417,100,100,30,30,2,-100,-100,0,100,1,160,16,344,36,0,0,6368,379,0,12,0,2009,333,0,24,0,1019,1,0,8,0,508,0,0,5,0,185,1143,20,26,0,0,73,4,3,0,0,3,3,0,0
1,26,3,53,16,17,0,0.993628,0.963153,1.003179,42,4,1667,77.385758,72.385758,30,30,2,-100,-100,100,0,1,160,16,216,30,0,0,6368,389,0,10,0,2009,359,0,20,0,1019,0,0,10,0,508,0,0,11,0,185,1401,44,26,0,0,88,5,3,0,0,3,3,0,0
1,27,0,27,16,26,0,1.05954,0.985751,0.986862,21,4,1667,86.351419,81.351419,31,31,2,0,100,-100,-100,1,160,19,252,24,0,0,6128,208,0,8,0,1985,259,0,16,0,1040,0,0,2,0,536,0,0,0,0,363,1189,0,12,0,0,86,1,1,0,0,1,1,0,0
1,27,1,50,16,26,0,1.054888,0.985749,0.986581,41,2,1167,96.698589,91.698589,31,31,2,100,0,-100,-100,1,160,19,881,45,0,0,6128,353,0,15,0,1985,536,0,30,0,1040,1,0,6,0,536,0,0,0,0,363,666,0,27,0,0,88,3,3,0,0,3,3,0,0
1,27,2,44,16,26,0,1.018444,0.951431,1.009152,34,3,1417,100,100,31,31,2,-100,-100,0,100,1,160,19,358,27,0,0,6128,449,0,9,0,1985,339,0,18,0,1040,1,0,10,0,536,0,0,0,0,363,1139,0,25,0,0,75,5,3,0,0,3,3,0,0
1,27,3,46,16,26,0,0.995271,0.960689,1.004902,37,5,1917,82.385758,77.385758,31,31,2,-100,-100,100,0,1,160,19,207,15,0,0,6128,331,0,5,0,1985,364,0,10,0,1040,0,0,14,0,536,0,0,0,0,363,1492,0,59,0,0,58,7,37,0,0,3,3,0,0
1,28,0,26,13,11,0,1.057341,0.997868,0.996622,20,4,1667,91.351419,86.351419,34,34,2,0,100,-100,-100,1,160,16,283,27,0,0,6128,204,0,9,0,2030,268,0,18,0,1036,1,0,2,0,476,0,0,3,0,445,1213,12,15,0,0,85,1,2,0,0,2,2,0,0
1,28,1,50,13,11,0,1.05111,0.982941,0.988116,42,2,1167,83.14376,78.14376,34,34,2,100,0,-100,-100,1,160,16,914,45,0,0,6128,384,0,15,0,2030,551,0,30,0,1036,1,0,6,0,476,0,0,12,0,445,723,48,27,0,0,88,3,3,0,0,3,3,0,0
1,28,2,45,13,11,0,1.02174,0.951224,1.008332,36,4,1667,100,100,34,34,2,-100,-100,0,100,1,160,16,367,24,0,0,6128,397,0,8,0,2030,347,0,16,0,1036,1,0,12,0,476,0,0,15,0,445,1208,60,62,0,0,43,6,38,0,0,4,4,0,0
1,28,3,48,13,11,0,0.990917,0.962826,0.99761,38,5,1917,79.289639,74.289639,34,34,2,-100,-100,100,0,1,160,16,212,15,0,0,6128,408,0,5,0,2030,369,0,10,0,1036,1,0,14,0,476,4,0,23,0,445,1582,92,23,0,0,63,7,2,0,0,2,2,0,0
1,29,0,24,7,12,0,1.058582,0.993109,0.998061,20,4,1667,96.351419,91.351419,36,36,2,0,100,-100,-100,1,160,61,299,24,0,0,6368,202,0,8,0,2024,276,0,16,0,1070,1,0,0,0,444,0,0,9,0,588,1237,36,12,0,0,83,0,2,0,0,2,2,0,0
1,29,1,48,7,12,0,1.052481,0.985727,0.989034,42,2,1167,79.981506,74.981506,36,36,2,100,0,-100,-100,1,160,61,941,48,0,0,6368,318,0,16,0,2024,567,0,32,0,1070,1,0,0,0,444,0,0,20,0,588,786,80,22,0,0,85,0,3,0,0,3,3,0,0
1,29,2,43,7,12,0,1.024011,0.953126,1.005704,36,4,1667,100,100,36,36,2,-100,-100,0,100,1,160,61,360,18,0,0,6368,346,0,6,0,2024,353,0,12,0,1070,1,0,0,0,444,0,0,25,0,588,1296,100,12,0,0,40,0,3,0,0,3,3,0,0
1,29,3,49,7,12,0,0.989926,0.961196,0.995329,38,6,2167,71.582089,66.582089,36,36,2,-100,-100,100,0,1,160,61,212,24,0,0,6368,352,0,8,0,2024,377,0,16,0,1070,1,0,2,0,444,19,0,23,0,588,1629,92,52,0,0,26,1,38,0,0,4,4,0,0
1,30,0,21,10,15,0,1.050295,0.993278,0.987511,19,4,1667,92.621748,87.621748,37,37,2,0,100,-100,-100,1,160,21,324,24,0,0,6024,194,0,8,0,2027,281,0,16,0,964,1,0,6,0,536,0,0,0,0,498,1242,0,16,0,0,85,3,1,0,0,1,1,0,0
1,30,1,43,10,15,0,1.050434,0.985372,0.990447,38,2,1167,84.981506,79.981506,37,37,2,100,0,-100,-100,1,160,21,966,36,0,0,6024,346,0,12,0,2027,579,0,24,0,964,1,0,24,0,536,0,0,0,0,498,776,0,40,0,0,95,12,2,0,0,2,2,0,0
1,30,2,45,10,15,0,1.026918,0.948913,1.005236,38,4,1667,100,100,37,37,2,-100,-100,0,100,1,160,21,368,18,0,0,6024,449,0,6,0,2027,359,0,12,0,964,1,0,30,0,536,0,0,0,0,498,1274,0,40,0,0,53,15,2,0,0,2,2,0,0
1,30,3,50,10,15,0,0.991119,0.961185,0.991748,39,6,2167,76.582089,71.582089,37,37,2,-100,-100,100,0,1,160,21,219,24,0,0,6024,391,0,8,0,2027,385,0,16,0,964,0,0,46,0,536,0,0,19,0,498,1673,76,62,0,0,45,23,4,0,0,4,4,0,0
1,31,0,21,10,11,0,1.050218,0.993579,0.98246,17,4,1667,97.621748,92.621748,37,37,2,0,100,-100,-100,1,160,34,347,24,0,0,6288,189,0,8,0,2039,286,0,16,0,1053,1,0,0,0,511,0,0,5,0,253,1262,20,10,0,0,84,0,1,0,0,1,1,0,0
1,31,1,42,10,11,0,1.051652,0.985691,0.989974,37,2,1167,89.981506,84.981506,37,37,2,100,0,-100,-100,1,160,34,991,33,0,0,6288,380,0,11,0,2039,590,0,22,0,1053,1,0,6,0,511,0,0,7,0,253,809,28,19,0,0,97,3,1,0,0,1,1,0,0
1,31,2,46,10,11,0,1.026619,0.946013,1.005372,38,5,1917,100,100,37,37,2,-100,-100,0,100,1,160,34,373,21,0,0,6288,397,0,7,0,2039,366,0,14,0,1053,0,0,6,0,511,0,0,6,0,253,1403,24,53,0,0,19,3,37,0,0,3,3,0,0
1,31,3,49,10,11,0,0.989065,0.963468,0.993536,41,6,2167,81.582089,76.582089,37,37,2,-100,-100,100,0,1,160,34,222,24,0,0,6288,333,0,8,0,2039,393,0,16,0,1053,0,0,8,0,511,0,0,7,0,253,1820,28,24,0,0,45,4,4,0,0,4,4,0,0
1,32,0,19,11,9,0,1.042436,1.001788,0.987343,16,4,1667,85.411304,80.411304,41,41,2,0,100,-100,-100,1,160,26,372,21,0,0,6280,177,0,7,0,2042,293,0,14,0,1059,1,0,0,0,440,5,0,7,0,378,1288,28,9,0,0,83,0,1,0,0,1,1,0,0
1,32,1,42,11,9,0,1.054155,0.987347,0.994421,36,3,1417,94.981506,89.981506,41,41,2,100,0,-100,-100,1,160,26,1016,33,0,0,6280,327,0,11,0,2042,601,0,22,0,1059,1,0,8,0,440,0,0,12,0,378,875,48,57,0,0,65,4,36,0,0,2,2,0,0
1,32,2,49,11,9,0,1.027687,0.943238,1.006971,40,5,1917,100,100,41,41,2,-100,-100,0,100,1,160,26,380,21,0,0,6280,344,0,7,0,2042,373,0,14,0,1059,1,0,2,0,440,0,0,24,0,378,1606,96,15,0,0,17,1,3,0,0,3,3,0,0
1,32,3,50,11,9,0,0.9926,0.964649,0.994344,42,7,2417,66.710408,61.710408,41,41,2,-100,-100,100,0,1,160,26,234,24,0,0,6280,380,0,8,0,2042,401,0,16,0,1059,0,0,2,0,440,19,0,23,0,378,1882,92,48,0,0,10,1,36,0,0,2,2,0,0
1,33,0,17,14,8,0,1.044258,0.992624,0.988813,15,4,1667,77.586323,72.586323,43,43,2,0,100,-100,-100,1,160,22,395,18,0,0,6040,160,0,6,0,2042,299,0,12,0,1037,0,0,6,0,517,0,0,5,0,489,1312,20,14,0,0,85,3,1,0,0,1,1,0,0
1,33,1,43,14,8,0,1.057987,0.983414,0.997035,35,3,1417,99.981506,94.981506,43,43,2,100,0,-100,-100,1,160,22,1039,30,0,0,6040,363,0,10,0,2042,611,0,20,0,1037,1,0,2,0,517,0,0,7,0,489,923,28,16,0,0,64,1,2,0,0,2,2,0,0
1,33,2,52,14,8,0,1.026961,0.937385,1.000447,41,5,1917,100,100,43,43,2,-100,-100,0,100,1,160,22,393,27,0,0,6040,446,0,9,0,2042,382,0,18,0,1037,1,0,10,0,517,0,0,12,0,489,1653,48,25,0,0,19,5,3,0,0,3,3,0,0
1,33,3,54,14,8,0,0.9944,0.96426,0.992305,43,7,2417,63.229725,58.229725,43,43,2,-100,-100,100,0,1,160,22,248,24,0,0,6040,426,0,8,0,2042,409,0,16,0,1037,0,0,18,0,517,0,0,19,0,489,1959,76,32,0,0,16,9,3,0,0,3,3,0,0
1,34,0,20,11,8,0,1.052517,0.987213,0.990322,16,4,1667,72.286519,67.286519,44,44,2,0,100,-100,-100,1,160,21,417,18,0,0,6304,145,0,6,0,2042,302,0,12,0,955,0,0,10,0,534,0,0,0,0,244,1309,0,18,0,0,89,5,1,0,0,1,1,0,0
1,34,1,41,11,8,0,1.060608,0.982268,0.997202,35,3,1417,100,99.981506,44,44,2,100,0,-100,-100,1,160,21,1064,33,0,0,6304,397,0,11,0,2042,622,0,22,0,955,0,0,20,0,534,0,0,1,0,244,923,4,37,0,0,71,10,3,0,0,3,3,0,0
1,34,2,55,11,8,0,1.028042,0.936613,1.000522,41,5,1917,100,100,44,44,2,-100,-100,0,100,1,160,21,397,24,0,0,6304,386,0,8,0,2042,390,0,16,0,955,1,0,32,0,534,0,0,0,0,244,1778,0,48,0,0,31,16,4,0,0,4,4,0,0
1,34,3,53,11,8,0,0.992419,0.964623,0.992615,45,7,2417,68.229725,63.229725,44,44,2,-100,-100,100,0,1,160,21,263,30,0,0,6304,362,0,10,0,2042,419,0,20,0,955,0,0,50,0,534,0,0,1,0,244,2027,4,68,0,0,37,25,4,0,0,4,4,0,0
1,35,0,19,14,8,0,1.05787,0.987239,0.991634,15,4,1667,52.604054,47.604054,47,47,2,0,100,-100,-100,1,160,14,441,18,0,0,6112,127,0,6,0,2045,308,0,12,0,962,0,0,12,0,536,0,0,0,0,401,1305,0,22,0,0,93,6,2,0,0,2,2,0,0
1,35,1,41,14,8,0,1.061849,0.985753,0.998545,36,3,1417,100,100,47,47,2,100,0,-100,-100,1,160,14,1084,27,0,0,6112,347,0,9,0,2045,628,0,18,0,962,0,0,18,0,536,0,0,0,0,401,1013,0,31,0,0,78,9,2,0,0,2,2,0,0
1,35,2,60,14,8,0,1.028515,0.940127,1.001103,43,6,2167,100,100,47,47,2,-100,-100,0,100,1,160,14,403,24,0,0,6112,507,0,8,0,2045,398,0,16,0,962,1,0,34,0,536,0,0,0,0,401,1716,0,86,0,0,9,17,39,0,0,5,5,0,0
1,35,3,55,14,8,0,0.990136,0.965846,0.991559,48,7,2417,64.70502,59.70502,47,47,2,-100,-100,100,0,1,160,14,276,30,0,0,6112,395,0,10,0,2045,429,0,20,0,962,1,0,44,0,536,0,0,0,0,401,2005,0,58,0,0,57,22,2,0,0,2,2,0,0
1,36,0,17,4,32,0,1.074536,0.988576,0.994782,13,4,1667,43.316492,38.316492,48,48,2,0,100,-100,-100,1,160,31,461,18,0,0,6312,102,0,6,0,2039,314,0,12,0,942,1,0,8,0,536,0,0,0,0,214,1307,0,16,0,0,96,4,1,0,0,1,1,0,0
1,36,1,36,4,32,0,1.060031,0.984777,0.998584,32,3,1417,100,100,48,48,2,100,0,-100,-100,1,160,31,1091,27,0,0,6312,385,0,9,0,2039,637,0,18,0,942,0,0,12,0,536,0,0,0,0,214,1021,0,25,0,0,82,6,2,0,0,2,2,0,0
1,36,2,53,4,32,0,1.031516,0.935904,1.000073,40,6,2167,100,100,48,48,2,-100,-100,0,100,1,160,31,403,27,0,0,6312,438,0,9,0,2039,407,0,18,0,942,1,0,30,0,536,0,0,0,0,214,1859,0,51,0,0,18,15,6,0,0,6,6,0,0
1,36,3,41,4,32,0,0.994441,0.961608,0.981409,37,8,2667,69.70502,64.70502,48,48,2,-100,-100,100,0,1,160,31,274,30,0,0,6312,330,0,10,0,2039,439,0,20,0,942,1,0,10,0,536,0,0,0,0,214,2085,0,58,0,0,26,5,36,0,0,2,2,0,0
1,37,0,13,13,11,0,1.065166,0.981152,1.008583,12,4,1667,32.565946,27.565946,50,50,2,0,100,-100,-100,1,160,25,474,12,0,0,6288,81,0,4,0,2057,318,0,8,0,1018,1,0,6,0,536,0,0,0,0,340,1312,0,10,0,0,99,3,0,0,0,0,0,0,0
1,37,1,38,13,11,0,1.061008,0.984791,0.999743,32,3,1417,100,100,50,50,2,100,0,-100,-100,1,160,25,1110,24,0,0,6288,341,0,8,0,2057,645,0,16,0,1018,1,0,8,0,536,0,0,0,0,340,1100,0,18,0,0,85,4,1,0,0,1,1,0,0
1,37,2,54,13,11,0,1.031161,0.937131,1.001682,44,6,2167,100,100,50,50,2,-100,-100,0,100,1,160,25,413,24,0,0,6288,377,0,8,0,2057,415,0,16,0,1018,1,0,30,0,536,0,0,0,0,340,1913,0,46,0,0,29,15,4,0,0,4,4,0,0
1,37,3,44,13,11,0,1.000811,0.960286,0.983059,37,8,2667,60.903351,55.903351,50,50,2,-100,-100,100,0,1,160,25,293,27,0,0,6288,376,0,9,0,2057,448,0,18,0,1018,0,0,10,0,536,0,0,0,0,340,2103,0,21,0,0,30,5,1,0,0,1,1,0,0
1,38,0,15,14,15,0,1.064485,0.983765,1.008922,12,4,1667,19.294937,14.294937,51,51,2,0,100,-100,-100,1,160,19,493,15,0,0,6032,64,0,5,0,2045,317,0,10,0,1064,0,0,2,0,490,3,0,5,0,486,1338,20,9,0,0,99,1,1,0,0,1,1,0,0
1,38,1,36,14,15,0,1.071358,0.98948,1.011988,29,3,1417,100,100,51,51,2,100,0,-100,-100,1,160,19,1129,27,0,0,6032,373,0,9,0,2045,654,0,18,0,1064,1,0,2,0,490,0,0,9,0,486,1149,36,17,0,0,83,1,3,0,0,3,3,0,0
1,38,2,54,14,15,0,1.029383,0.932498,0.994125,44,6,2167,100,100,51,51,2,-100,-100,0,100,1,160,19,426,27,0,0,6032,482,0,9,0,2045,424,0,18,0,1064,0,0,4,0,490,0,0,21,0,486,2005,84,19,0,0,28,2,3,0,0,3,3,0,0
1,38,3,43,14,15,0,1.003633,0.961749,0.982435,32,8,2667,65.903351,60.903351,51,51,2,-100,-100,100,0,1,160,19,312,33,0,0,6032,401,0,11,0,2045,456,0,22,0,1064,1,0,0,0,490,0,0,8,0,486,2154,32,17,0,0,27,0,3,0,0,3,3,0,0
1,39,0,17,13,9,0,1.061438,0.987736,1.008961,12,4,1667,24.294937,19.294937,53,53,2,0,100,-100,-100,1,160,33,513,15,0,0,6400,45,0,5,0,2048,316,0,10,0,1018,0,0,4,0,514,0,0,5,0,370,1359,20,11,0,0,100,2,1,0,0,1,1,0,0
1,39,1,33,13,9,0,1.066508,0.989602,1.006362,31,3,1417,88.931527,83.931527,53,53,2,100,0,-100,-100,1,160,33,1145,27,0,0,6400,327,0,9,0,2048,663,0,18,0,1018,0,0,12,0,514,0,0,3,0,370,1195,12,23,0,0,88,6,1,0,0,1,1,0,0
1,39,2,57,13,9,0,1.029617,0.933928,0.992995,46,7,2417,100,100,53,53,2,-100,-100,0,100,1,160,33,434,27,0,0,6400,419,0,9,0,2048,433,0,18,0,1018,1,0,22,0,514,0,0,10,0,370,2061,40,73,0,0,1,11,38,0,0,4,4,0,0
1,39,3,45,13,9,0,1.00519,0.956801,0.980887,32,8,2667,70.903351,65.903351,53,53,2,-100,-100,100,0,1,160,33,336,33,0,0,6400,347,0,11,0,2048,467,0,22,0,1018,1,0,10,0,514,0,0,5,0,370,2211,20,29,0,0,28,5,4,0,0,4,4,0,0
1,40,0,17,7,7,0,1.061438,0.987736,1.008961,13,4,1667,5,0,55,55,2,0,100,-100,-100,1,160,29,532,18,0,0,6248,23,0,6,0,2045,316,0,12,0,1061,0,0,0,0,473,0,0,6,0,354,1384,24,10,0,0,98,0,2,0,0,2,2,0,0
1,40,1,34,7,7,0,1.066865,0.992011,1.003581,31,4,1667,93.931527,88.931527,55,55,2,100,0,-100,-100,1,160,29,1166,27,0,0,6248,348,0,9,0,2045,672,0,18,0,1061,1,0,2,0,473,0,0,9,0,354,1211,36,47,0,0,54,1,35,0,0,1,1,0,0
1,40,2,54,7,7,0,1.027987,0.937932,0.996171,46,7,2417,100,100,55,55,2,-100,-100,0,100,1,160,29,440,24,0,0,6248,354,0,8,0,2045,441,0,16,0,1061,0,0,4,0,473,0,0,30,0,354,2310,120,18,0,0,0,2,3,0,0,3,3,0,0
1,40,3,47,7,7,0,1.007282,0.957326,0.978012,35,8,2667,75.903351,70.903351,55,55,2,-100,-100,100,0,1,160,29,350,30,0,0,6248,380,0,10,0,2045,477,0,20,0,1061,0,0,6,0,473,0,0,15,0,354,2295,60,26,0,0,26,3,5,0,0,5,5,0,0
0,1,0,98,13,13,0,0.998335,1.003396,0.998892,0,0,667,100,100,0,0,2,0,-100,100,-100,1,160,4,109,72,0,0,5600,394,0,24,0,1927,108,0,48,0,957,1,0,96,0,428,30,0,48,0,399,222,192,154,0,0,31,48,17,0,0,17,17,0,0
0,1,1,102,13,13,0,0.997706,1.001348,0.99813,0,0,667,100,100,0,0,2,-100,0,-100,100,1,160,4,107,72,0,0,5600,410,0,24,0,1927,100,0,48,0,957,1,0,92,0,428,31,0,50,0,399,235,200,150,0,0,29,46,17,0,0,17,17,0,0
0,1,2,99,13,13,0,0.996867,1.002462,0.99589,0,0,667,100,100,0,0,2,100,-100,0,-100,1,160,4,105,69,0,0,5600,403,0,23,0,1927,109,0,46,0,957,1,0,96,0,428,24,0,49,0,399,227,196,153,0,0,31,48,17,0,0,17,17,0,0
0,1,3,101,13,13,0,0.998744,1.001579,0.99813,0,0,667,100,100,0,0,2,-100,100,-100,0,1,160,4,113,72,0,0,5600,402,0,24,0,1927,107,0,48,0,957,0,0,96,0,428,27,0,49,0,399,226,196,154,0,0,31,48,17,0,0,17,17,0,0
0,2,0,86,12,45,0,0.999448,1.009643,0.997955,13,0,667,100,100,0,0,2,0,-100,100,-100,1,160,12,104,60,0,0,5632,452,0,20,0,1961,83,0,40,0,867,1,0,34,0,528,0,0,31,0,326,327,124,88,0,0,31,17,17,0,0,17,17,0,0
0,2,1,94,12,45,0,0.998032,0.998034,0.997766,13,0,667,100,100,0,0,2,-100,0,-100,100,1,160,12,114,72,0,0,5632,468,0,24,0,1961,111,0,48,0,867,0,0,42,0,528,0,0,33,0,326,335,132,100,0,0,33,21,17,0,0,17,17,0,0
0,2,2,90,12,45,0,0.998671,0.999931,0.991703,16,0,667,100,100,0,0,2,100,-100,0,-100,1,160,12,89,54,0,0,5632,470,0,18,0,1961,118,0,36,0,867,1,0,46,0,528,0,0,25,0,326,295,100,98,0,0,37,23,17,0,0,17,17,0,0
0,2,3,97,12,45,0,0.998475,0.997287,0.999211,14,0,667,100,100,0,0,2,-100,100,-100,0,1,160,12,109,66,0,0,5632,471,0,22,0,1961,81,0,44,0,867,0,0,50,0,528,0,0,30,0,326,308,120,106,0,0,39,25,17,0,0,17,17,0,0
0,3,0,86,8,11,0,0.999192,1.009843,0.998144,28,0,667,100,100,0,0,2,0,-100,100,-100,1,160,20,106,60,0,0,6400,346,0,20,0,2005,63,0,40,0,955,1,0,20,0,431,0,0,27,0,0,511,108,74,0,0,24,10,17,0,0,17,17,0,0
0,3,1,93,8,11,0,0.99565,0.9976,0.997506,28,0,667,100,100,0,0,2,-100,0,-100,100,1,160,20,132,78,0,0,6400,348,0,26,0,2005,104,0,52,0,955,0,0,26,0,431,0,0,21,0,0,483,84,86,0,0,29,13,17,0,0,17,17,0,0
0,3,2,89,8,11,0,0.998287,1.001013,0.992036,31,0,667,100,100,0,0,2,100,-100,0,-100,1,160,20,86,51,0,0,6400,363,0,17,0,2005,114,0,34,0,955,1,0,34,0,431,0,0,21,0,0,444,84,85,0,0,37,17,17,0,0,17,17,0,0
0,3,3,96,8,11,0,1.000373,0.996377,0.997409,29,0,667,100,100,0,0,2,-100,100,-100,0,1,160,20,104,63,0,0,6400,353,0,21,0,2005,80,0,42,0,955,1,0,36,0,431,0,0,33,0,0,497,132,91,0,0,40,18,17,0,0,17,17,0,0
0,4,0,83,6,11,0,0.998543,1.011356,0.997234,42,0,667,100,100,0,0,2,0,-100,100,-100,1,160,7,104,57,0,0,5640,425,0,19,0,1892,82,0,38,0,949,0,0,22,0,536,0,0,0,0,318,508,0,75,0,0,18,11,17,0,0,17,17,0,0
0,4,1,93,6,11,0,0.994599,0.998232,0.996768,43,0,667,100,100,0,0,2,-100,0,-100,100,1,160,7,148,72,0,0,5640,407,0,24,0,1892,128,0,48,0,949,1,0,24,0,536,0,0,0,0,318,473,0,82,0,0,24,12,17,0,0,17,17,0,0
0,4,2,88,6,11,0,0.997284,1.000625,0.991491,47,0,667,100,100,0,0,2,100,-100,0,-100,1,160,7,84,54,0,0,5640,440,0,18,0,1892,132,0,36,0,949,0,0,34,0,536,0,0,0,0,318,427,0,86,0,0,37,17,17,0,0,17,17,0,0
0,4,3,95,6,11,0,0.999223,0.995608,0.997824,44,0,667,100,100,0,0,2,-100,100,-100,0,1,160,7,111,63,0,0,5640,428,0,21,0,1892,101,0,42,0,949,1,0,44,0,536,0,0,0,0,318,467,0,99,0,0,45,22,17,0,0,17,17,0,0
0,5,0,80,7,9,1,0.997955,1.011493,0.996173,57,0,667,100,100,0,0,2,0,-100,100,-100,1,160,18,100,54,0,0,6016,324,0,18,0,1971,79,0,36,0,989,0,0,16,0,525,0,0,1,0,257,556,4,58,0,0,14,8,12,0,0,12,12,0,0
0,5,1,94,7,9,1,0.995338,0.99984,0.996642,59,0,667,100,100,0,0,2,-100,0,-100,100,1,160,18,165,72,0,0,6016,482,0,24,0,1971,133,0,48,0,989,0,0,18,0,525,0,0,1,0,257,474,4,74,0,0,17,9,16,0,0,16,16,0,0
0,5,2,87,7,9,1,0.996361,1.002309,0.990749,62,0,667,100,100,0,0,2,100,-100,0,-100,1,160,18,80,54,0,0,6016,334,0,18,0,1971,135,0,36,0,989,0,0,22,0,525,0,0,5,0,257,485,20,64,0,0,36,11,12,0,0,12,12,0,0
0,5,3,96,7,9,1,1.000529,0.99572,0.998943,59,0,667,100,100,0,0,2,-100,100,-100,0,1,160,18,114,57,0,0,6016,506,0,19,0,1971,102,0,38,0,989,1,0,28,0,525,0,0,4,0,257,470,16,81,0,0,42,14,17,0,0,17,17,0,0
0,6,0,76,9,26,0,0.998561,1.012377,0.993782,65,0,667,100,100,0,0,2,0,-100,100,-100,1,160,8,98,45,0,0,6065,393,0,15,0,1901,94,0,30,0,1018,0,0,14,0,364,0,0,28,0,247,642,112,39,0,0,16,7,5,0,0,5,5,0,0
0,6,1,83,9,26,0,0.989119,0.997705,0.992764,68,0,667,100,100,0,0,2,-100,0,-100,100,1,160,8,174,72,0,0,6065,364,0,24,0,1901,157,0,48,0,1018,0,0,8,0,364,6,0,39,0,247,629,156,46,0,0,14,4,7,0,0,7,7,0,0
0,6,2,89,9,26,0,0.996669,1.002904,0.986691,72,1,917,100,100,0,0,2,100,-100,0,-100,1,160,8,87,54,0,0,6065,400,0,18,0,1901,153,0,36,0,1018,1,0,10,0,364,0,0,45,0,247,601,180,76,0,0,0,5,41,0,0,7,7,0,0
0,6,3,92,9,26,0,1.000227,0.99074,0.997313,70,1,917,100,100,0,0,2,-100,100,-100,0,1,160,8,111,60,0,0,6065,390,0,20,0,1901,122,0,40,0,1018,0,0,22,0,364,10,0,44,0,247,593,176,96,0,0,9,11,44,0,0,10,10,0,0
0,7,0,76,11,15,0,1.000019,1.015079,0.997199,67,0,667,100,100,0,0,2,0,-100,100,-100,1,160,1,97,42,0,0,5756,479,0,14,0,1913,108,0,28,0,1018,1,0,0,0,383,0,0,42,0,296,647,168,20,0,0,13,0,3,0,0,3,3,0,0
0,7,1,80,11,15,0,0.988483,0.998492,0.994248,71,0,667,100,100,0,0,2,-100,0,-100,100,1,160,1,184,63,0,0,5756,396,0,21,0,1913,178,0,42,0,1018,1,0,22,0,383,0,0,27,0,296,638,108,51,0,0,21,11,4,0,0,4,4,0,0
0,7,2,91,11,15,0,0.999298,1.003401,0.986557,78,1,917,100,100,0,0,2,100,-100,0,-100,1,160,1,94,57,0,0,5756,458,0,19,0,1913,172,0,38,0,1018,1,0,8,0,383,8,0,46,0,296,829,184,35,0,0,0,4,4,0,0,4,4,0,0
0,7,3,89,11,15,0,0.996749,0.992807,0.994808,79,1,917,100,100,0,0,2,-100,100,-100,0,1,160,1,114,60,0,0,5756,436,0,20,0,1913,142,0,40,0,1018,1,0,18,0,383,4,0,42,0,296,785,168,46,0,0,14,9,4,0,0,4,4,0,0
0,8,0,75,14,12,0,0.999614,1.015164,0.996444,67,0,667,100,100,0,0,2,0,-100,100,-100,1,160,9,93,42,0,0,6248,389,0,14,0,1919,122,0,28,0,963,0,0,16,0,467,0,0,15,0,96,647,60,36,0,0,18,8,3,0,0,3,3,0,0
0,8,1,80,14,12,0,0.990479,0.999032,0.994625,73,0,667,100,100,0,0,2,-100,0,-100,100,1,160,9,204,63,0,0,6248,447,0,21,0,1919,199,0,42,0,963,1,0,30,0,467,0,0,14,0,96,636,56,57,0,0,33,15,3,0,0,3,3,0,0
0,8,2,93,14,12,0,1.002427,0.999837,0.984998,80,1,917,100,100,0,0,2,100,-100,0,-100,1,160,9,97,54,0,0,6248,349,0,18,0,1919,190,0,36,0,963,1,0,28,0,467,0,0,26,0,96,891,104,54,0,0,10,14,4,0,0,4,4,0,0
0,8,3,90,14,12,0,0.998545,0.99466,0.995174,80,1,917,100,100,0,0,2,-100,100,-100,0,1,160,9,121,57,0,0,6248,328,0,19,0,1919,161,0,38,0,963,1,0,34,0,467,0,0,26,0,96,892,104,59,0,0,28,17,3,0,0,3,3,0,0
0,9,0,76,7,8,0,0.999968,1.014515,0.995515,68,0,667,100,100,1,1,2,0,-100,100,-100,1,160,41,88,42,0,0,5848,500,0,14,0,1919,136,0,28,0,950,0,0,24,0,448,0,0,9,0,509,639,36,44,0,0,27,12,3,0,0,3,3,0,0
0,9,1,79,7,8,0,0.99216,1.001273,0.992464,74,1,917,97.086405,92.086405,1,1,2,-100,0,-100,100,1,160,41,205,60,0,0,5848,347,0,20,0,1919,219,0,40,0,950,0,0,32,0,448,0,0,24,0,509,609,96,90,0,0,13,16,36,0,0,2,2,0,0
0,9,2,91,7,8,0,1.000936,1.000639,0.984157,83,1,917,100,100,1,1,2,100,-100,0,-100,1,160,41,96,60,0,0,5848,420,0,20,0,1919,210,0,40,0,950,1,0,36,0,448,0,0,24,0,509,889,96,64,0,0,24,18,4,0,0,4,4,0,0
0,9,3,91,7,8,0,0.999605,0.994652,0.996409,82,2,1167,100,100,1,1,2,-100,100,-100,0,1,160,41,123,63,0,0,5848,385,0,21,0,1919,182,0,42,0,950,0,0,32,0,448,0,0,31,0,509,854,124,95,0,0,6,16,38,0,0,4,4,0,0
0,10,0,71,12,23,0,1.007119,1.014821,0.993762,63,0,667,100,100,1,1,2,0,-100,100,-100,1,160,4,84,42,0,0,5927,410,0,14,0,1910,150,0,28,0,1049,0,0,2,0,330,0,0,29,0,238,647,116,22,0,0,25,1,3,0,0,3,3,0,0
0,10,1,78,12,23,0,0.993474,0.999875,0.992349,72,1,917,100,97.086405,1,1,2,-100,0,-100,100,1,160,4,233,63,0,0,5927,382,0,21,0,1910,240,0,42,0,1049,1,0,2,0,330,20,0,34,0,238,775,136,27,0,0,12,1,2,0,0,2,2,0,0
0,10,2,88,12,23,0,1.00382,1.001293,0.987183,81,1,917,100,100,1,1,2,100,-100,0,-100,1,160,4,99,54,0,0,5927,477,0,18,0,1910,228,0,36,0,1049,0,0,12,0,330,1,0,44,0,238,895,176,34,0,0,28,6,2,0,0,2,2,0,0
0,10,3,89,12,23,0,1.001391,0.996357,0.99549,83,2,1167,100,100,1,1,2,-100,100,-100,0,1,160,4,119,57,0,0,5927,431,0,19,0,1910,201,0,38,0,1049,1,0,6,0,330,16,0,44,0,238,1079,176,29,0,0,7,3,2,0,0,2,2,0,0
0,11,0,70,10,14,0,1.010281,1.011717,0.992647,64,0,667,100,100,1,1,2,0,-100,100,-100,1,160,24,78,39,0,0,6256,326,0,13,0,1919,163,0,26,0,902,0,0,0,0,507,0,0,25,0,361,650,100,17,0,0,23,0,2,0,0,2,2,0,0
0,11,1,79,10,14,0,1.002407,1.001509,0.993241,70,2,1167,100,100,1,1,2,-100,0,-100,100,1,160,24,257,63,0,0,6256,427,0,21,0,1919,261,0,42,0,902,1,0,50,0,507,0,0,21,0,361,790,84,109,0,0,1,25,36,0,0,2,2,0,0
0,11,2,85,10,14,0,1.001957,1.003175,0.986976,80,2,1167,100,100,1,1,2,100,-100,0,-100,1,160,24,99,57,0,0,6256,370,0,19,0,1919,247,0,38,0,902,0,0,56,0,507,0,0,2,0,361,806,8,113,0,0,20,28,36,0,0,2,2,0,0
0,11,3,88,10,14,0,1.003042,0.997967,0.99685,82,2,1167,100,100,1,1,2,-100,100,-100,0,1,160,24,123,60,0,0,6256,322,0,20,0,1919,221,0,40,0,902,0,0,56,0,507,0,0,18,0,361,1121,72,80,0,0,33,28,2,0,0,2,2,0,0
0,12,0,72,14,33,0,1.00796,1.013242,0.988755,63,0,667,100,100,1,1,2,0,-100,100,-100,1,160,7,83,39,0,0,5848,443,0,13,0,1916,176,0,26,0,891,1,0,22,0,514,0,0,3,0,251,632,12,39,0,0,32,11,2,0,0,2,2,0,0
0,12,1,73,14,33,0,1.00493,1.00107,0.98993,63,2,1167,100,100,1,1,2,-100,0,-100,100,1,160,7,262,48,0,0,5848,332,0,16,0,1916,277,0,32,0,891,1,0,52,0,514,0,0,4,0,251,893,16,76,0,0,23,26,4,0,0,4,4,0,0
0,12,2,81,14,33,0,1.0017,1.007229,0.985944,75,2,1167,100,100,1,1,2,100,-100,0,-100,1,160,7,90,42,0,0,5848,431,0,14,0,1916,258,0,28,0,891,1,0,48,0,514,0,0,8,0,251,843,32,64,0,0,43,24,1,0,0,1,1,0,0
0,12,3,77,14,33,0,1.006308,0.995968,0.991252,72,3,1417,100,100,1,1,2,-100,100,-100,0,1,160,7,97,33,0,0,5848,399,0,11,0,1916,232,0,22,0,891,0,0,48,0,514,0,0,7,0,251,1082,28,97,0,0,21,24,36,0,0,2,2,0,0
0,13,0,62,9,21,0,1.008399,1.015812,0.993893,56,1,917,100,100,1,1,2,0,-100,100,-100,1,160,14,81,39,0,0,6056,358,0,13,0,1979,189,0,26,0,1013,0,0,14,0,524,0,0,0,0,196,600,0,67,0,0,2,7,37,0,0,3,3,0,0
0,13,1,72,9,21,0,1.00778,0.999658,0.989964,64,2,1167,100,100,1,1,2,-100,0,-100,100,1,160,14,275,54,0,0,6056,401,0,18,0,1979,292,0,36,0,1013,1,0,16,0,524,0,0,0,0,196,898,0,40,0,0,28,8,3,0,0,3,3,0,0
0,13,2,82,9,21,0,1.003187,1.007498,0.982619,73,2,1167,100,100,1,1,2,100,-100,0,-100,1,160,14,84,39,0,0,6056,337,0,13,0,1979,271,0,26,0,1013,1,0,14,0,524,0,0,3,0,196,972,12,33,0,0,47,7,3,0,0,3,3,0,0
0,13,3,75,9,21,0,1.006341,0.997646,0.989594,70,3,1417,100,100,1,1,2,-100,100,-100,0,1,160,14,90,36,0,0,6056,494,0,12,0,1979,244,0,24,0,1013,0,0,16,0,524,0,0,3,0,196,1119,12,32,0,0,27,8,2,0,0,2,2,0,0
0,14,0,64,14,11,0,1.007358,1.013008,0.99162,57,1,917,100,100,1,1,2,0,-100,100,-100,1,160,2,93,36,0,0,5927,448,0,12,0,1982,201,0,24,0,885,0,0,30,0,536,0,0,0,0,248,611,0,46,0,0,15,15,2,0,0,2,2,0,0
0,14,1,72,14,11,0,1.007069,0.997117,0.993433,63,2,1167,100,100,1,1,2,-100,0,-100,100,1,160,2,290,51,0,0,5927,458,0,17,0,1982,309,0,34,0,885,0,0,44,0,536,0,0,0,0,248,887,0,65,0,0,48,22,2,0,0,2,2,0,0
0,14,2,82,14,11,0,1.004533,1.007042,0.981232,75,2,1167,100,100,1,1,2,100,-100,0,-100,1,160,2,77,39,0,0,5927,400,0,13,0,1982,284,0,26,0,885,0,0,54,0,536,0,0,0,0,248,981,0,73,0,0,71,27,3,0,0,3,3,0,0
0,14,3,76,14,11,0,1.007452,0.998668,0.991557,70,3,1417,100,100,1,1,2,-100,100,-100,0,1,160,2,86,33,0,0,5927,408,0,11,0,1982,255,0,22,0,885,1,0,54,0,536,0,0,0,0,248,1200,0,69,0,0,52,27,2,0,0,2,2,0,0
0,15,0,68,13,11,0,1.008144,1.013544,0.990626,58,1,917,100,100,1,1,2,0,-100,100,-100,1,160,4,102,36,0,0,6048,372,0,12,0,1979,213,0,24,0,939,1,0,20,0,479,0,0,11,0,165,767,44,38,0,0,22,10,3,0,0,3,3,0,0
0,15,1,72,13,11,0,1.007889,0.997048,0.994526,62,3,1417,100,100,1,1,2,-100,0,-100,100,1,160,4,304,51,0,0,6048,369,0,17,0,1979,326,0,34,0,939,0,0,36,0,479,0,0,9,0,165,978,36,95,0,0,28,18,38,0,0,4,4,0,0
0,15,2,80,13,11,0,1.004032,1.008486,0.982561,74,3,1417,100,100,1,1,2,100,-100,0,-100,1,160,4,67,36,0,0,6048,474,0,12,0,1979,296,0,24,0,939,0,0,28,0,479,0,0,26,0,165,1082,104,78,0,0,49,14,36,0,0,2,2,0,0
0,15,3,76,13,11,0,1.007389,0.998015,0.990079,69,4,1667,100,100,1,1,2,-100,100,-100,0,1,160,4,87,36,0,0,6048,488,0,12,0,1979,267,0,24,0,939,1,0,48,0,479,0,0,5,0,165,1182,20,98,0,0,40,24,36,0,0,2,2,0,0
0,16,0,67,14,13,0,1.01122,1.014249,0.991684,59,1,917,100,100,1,1,2,0,-100,100,-100,1,160,8,99,36,0,0,6056,476,0,12,0,1985,225,0,24,0,893,1,0,36,0,535,0,0,0,0,139,761,0,54,0,0,37,18,3,0,0,3,3,0,0
0,16,1,70,14,13,0,1.011813,0.996783,0.99523,63,3,1417,100,100,1,1,2,-100,0,-100,100,1,160,8,318,51,0,0,6056,432,0,17,0,1985,343,0,34,0,893,1,0,38,0,535,0,0,0,0,139,971,0,61,0,0,44,19,3,0,0,3,3,0,0
0,16,2,80,14,13,0,1.010974,1.008093,0.983208,73,4,1667,100,100,1,1,2,100,-100,0,-100,1,160,8,65,33,0,0,6056,383,0,11,0,1985,307,0,22,0,893,1,0,46,0,535,0,0,1,0,139,1183,4,93,0,0,37,23,35,0,0,1,1,0,0
0,16,3,80,14,13,0,1.008375,0.994424,0.987418,69,4,1667,100,100,1,1,2,-100,100,-100,0,1,160,8,87,36,0,0,6056,400,0,12,0,1985,279,0,24,0,893,1,0,54,0,535,0,0,0,0,139,1276,0,72,0,0,64,27,3,0,0,3,3,0,0
0,17,0,59,7,37,0,1.017332,1.010394,0.993688,51,2,1167,100,100,1,1,2,0,-100,100,-100,1,160,7,88,24,0,0,6032,401,0,8,0,1979,233,0,16,0,1035,1,0,8,0,392,0,0,26,0,234,869,104,56,0,0,4,4,37,0,0,3,3,0,0
0,17,1,59,7,37,0,1.0176,0.996568,0.993792,55,3,1417,100,100,1,1,2,-100,0,-100,100,1,160,7,309,30,0,0,6032,352,0,10,0,1979,353,0,20,0,1035,1,0,8,0,392,0,0,31,0,234,1193,124,22,0,0,46,4,2,0,0,2,2,0,0
0,17,2,74,7,37,0,1.010571,1.005786,0.986908,67,4,1667,100,100,1,1,2,100,-100,0,-100,1,160,7,51,33,0,0,6032,468,0,11,0,1979,318,0,22,0,1035,1,0,8,0,392,0,0,40,0,234,1372,160,25,0,0,38,4,3,0,0,3,3,0,0
0,17,3,75,7,37,0,1.008368,0.99162,0.991089,66,5,1917,100,100,1,1,2,-100,100,-100,0,1,160,7,73,33,0,0,6032,501,0,11,0,1979,290,0,22,0,1035,1,0,12,0,392,2,0,43,0,234,1440,172,65,0,0,32,6,38,0,0,4,4,0,0
0,18,0,55,6,36,0,1.020742,1.011963,0.994732,47,2,1167,100,100,1,1,2,0,-100,100,-100,1,160,40,83,27,0,0,6256,333,0,9,0,2027,242,0,18,0,928,0,0,10,0,519,0,0,6,0,402,918,24,25,0,0,6,5,3,0,0,3,3,0,0
0,18,1,53,6,36,0,1.018155,0.997873,0.990834,49,4,1667,100,100,1,1,2,-100,0,-100,100,1,160,40,302,27,0,0,6256,428,0,9,0,2027,362,0,18,0,928,0,0,16,0,519,0,0,5,0,402,1197,20,61,0,0,19,8,35,0,0,1,1,0,0
0,18,2,63,6,36,0,1.006291,1.007644,0.982896,60,5,1917,100,100,1,1,2,100,-100,0,-100,1,160,40,45,30,0,0,6256,384,0,10,0,2027,328,0,20,0,928,0,0,16,0,519,0,0,6,0,402,1385,24,64,0,0,10,8,36,0,0,2,2,0,0
0,18,3,66,6,36,0,1.01023,0.994062,0.991904,61,5,1917,100,100,1,1,2,-100,100,-100,0,1,160,40,55,33,0,0,6256,415,0,11,0,2027,301,0,22,0,928,0,0,28,0,519,0,0,2,0,402,1455,8,43,0,0,44,14,2,0,0,2,2,0,0
0,19,0,56,10,14,0,1.024329,1.011452,0.987815,47,2,1167,100,100,1,1,2,0,-100,100,-100,1,160,8,92,33,0,0,6086,435,0,11,0,2015,253,0,22,0,966,0,0,24,0,533,0,0,0,0,200,913,0,41,0,0,15,12,3,0,0,3,3,0,0
0,19,1,51,10,14,0,1.015316,1.000554,0.990629,47,4,1667,100,100,1,1,2,-100,0,-100,100,1,160,8,307,33,0,0,6086,364,0,11,0,2015,373,0,22,0,966,1,0,20,0,533,0,0,0,0,200,1300,0,35,0,0,27,10,2,0,0,2,2,0,0
0,19,2,60,10,14,0,1.003285,1.005,0.983379,58,5,1917,100,100,1,1,2,100,-100,0,-100,1,160,8,54,27,0,0,6086,442,0,9,0,2015,337,0,18,0,966,1,0,30,0,533,0,0,3,0,200,1414,12,39,0,0,25,15,0,0,0,0,0,0,0
0,19,3,66,10,14,0,1.012269,0.987891,0.991355,60,5,1917,100,100,1,1,2,-100,100,-100,0,1,160,8,61,30,0,0,6086,339,0,10,0,2015,311,0,20,0,966,0,0,30,0,533,0,0,0,0,200,1572,0,44,0,0,57,15,2,0,0,2,2,0,0
0,20,0,55,8,8,0,1.025542,1.013174,0.988455,49,2,1167,100,100,1,1,2,0,-100,100,-100,1,160,45,78,30,0,0,6064,369,0,10,0,2018,263,0,20,0,1045,0,0,0,0,470,0,0,21,0,276,1094,84,16,0,0,12,0,3,0,0,3,3,0,0
0,20,1,51,8,8,0,1.017328,1.005012,0.99064,47,4,1667,100,100,1,1,2,-100,0,-100,100,1,160,45,316,33,0,0,6064,438,0,11,0,2018,384,0,22,0,1045,0,0,6,0,470,0,0,18,0,276,1389,72,19,0,0,29,3,1,0,0,1,1,0,0
0,20,2,60,8,8,0,1.001922,0.999597,0.983236,54,5,1917,100,100,1,1,2,100,-100,0,-100,1,160,45,59,33,0,0,6064,371,0,11,0,2018,348,0,22,0,1045,1,0,12,0,470,0,0,12,0,276,1551,48,25,0,0,30,6,1,0,0,1,1,0,0
0,20,3,67,8,8,0,1.011743,0.986565,0.990517,62,6,2167,100,100,1,1,2,-100,100,-100,0,1,160,45,61,30,0,0,6064,463,0,10,0,2018,321,0,20,0,1045,0,0,10,0,470,0,0,15,0,276,1628,60,58,0,0,26,5,36,0,0,2,2,0,0
0,21,0,58,15,16,0,1.031508,1.008375,0.988904,50,2,1167,100,100,1,1,2,0,-100,100,-100,1,160,3,88,30,0,0,6080,488,0,10,0,2009,273,0,20,0,960,1,0,20,0,536,0,0,0,0,202,1099,0,34,0,0,20,10,2,0,0,2,2,0,0
0,21,1,52,15,16,0,1.018475,1.008022,0.994378,45,5,1917,100,100,1,1,2,-100,0,-100,100,1,160,3,337,36,0,0,6080,375,0,12,0,2009,396,0,24,0,960,1,0,26,0,536,0,0,0,0,202,1439,0,76,0,0,6,13,36,0,0,2,2,0,0
0,21,2,63,15,16,0,1.001974,0.994926,0.979778,53,5,1917,100,100,1,1,2,100,-100,0,-100,1,160,3,77,39,0,0,6080,434,0,13,0,2009,361,0,26,0,960,1,0,36,0,536,0,0,0,0,202,1541,0,55,0,0,45,18,3,0,0,3,3,0,0
0,21,3,59,15,16,0,1.012351,0.981784,0.992683,55,6,2167,100,100,1,1,2,-100,100,-100,0,1,160,3,63,30,0,0,6080,386,0,10,0,2009,331,0,20,0,960,0,0,28,0,536,0,0,0,0,202,1744,0,42,0,0,38,14,2,0,0,2,2,0,0
0,22,0,41,12,62,0,1.038854,0.981679,0.98328,30,2,1167,100,100,1,1,2,0,-100,100,-100,1,160,12,78,21,0,0,6112,423,0,7,0,2003,280,0,14,0,1012,0,0,16,0,482,0,0,12,0,299,1154,48,29,0,0,25,8,3,0,0,3,3,0,0
0,22,1,42,12,62,0,1.013032,1.006402,0.991555,37,5,1917,100,100,1,1,2,-100,0,-100,100,1,160,12,346,27,0,0,6112,442,0,9,0,2003,405,0,18,0,1012,0,0,16,0,482,0,0,9,0,299,1464,36,29,0,0,12,8,2,0,0,2,2,0,0
0,22,2,43,12,62,0,1.002948,0.975641,0.962082,34,5,1917,100,100,1,1,2,100,-100,0,-100,1,160,12,88,39,0,0,6112,358,0,13,0,2003,374,0,26,0,1012,0,0,10,0,482,12,0,15,0,299,1619,60,29,0,0,47,5,3,0,0,3,3,0,0
0,22,3,56,12,62,0,1.017502,0.977041,0.988845,51,6,2167,100,100,1,1,2,-100,100,-100,0,1,160,12,67,30,0,0,6112,469,0,10,0,2003,341,0,20,0,1012,1,0,20,0,482,0,0,6,0,299,1775,24,32,0,0,47,10,1,0,0,1,1,0,0
0,23,0,42,16,8,0,1.040573,0.980225,0.978369,31,2,1167,100,100,1,1,2,0,-100,100,-100,1,160,14,94,21,0,0,6328,375,0,7,0,2024,287,0,14,0,1072,0,0,0,0,425,13,0,20,0,174,1152,80,15,0,0,21,0,4,0,0,4,4,0,0
0,23,1,43,16,8,0,1.020377,0.998718,0.98994,37,5,1917,100,100,1,1,2,-100,0,-100,100,1,160,14,358,27,0,0,6328,391,0,9,0,2024,411,0,18,0,1072,0,0,0,0,425,3,0,21,0,174,1673,84,13,0,0,10,0,2,0,0,2,2,0,0
0,23,2,45,16,8,0,1.005763,0.972113,0.963469,34,6,2167,100,100,1,1,2,100,-100,0,-100,1,160,14,126,45,0,0,6328,364,0,15,0,2024,389,0,30,0,1072,0,0,0,0,425,26,0,13,0,174,1628,52,55,0,0,10,0,37,0,0,3,3,0,0
0,23,3,60,16,8,0,1.016903,0.983095,0.98852,51,7,2417,100,100,1,1,2,-100,100,-100,0,1,160,14,79,30,0,0,6328,403,0,10,0,2024,351,0,20,0,1072,1,0,0,0,425,0,0,27,0,174,1990,108,48,0,0,11,0,36,0,0,2,2,0,0
0,24,0,40,7,9,0,1.039534,0.978397,0.974039,30,2,1167,100,100,1,1,2,0,-100,100,-100,1,160,42,97,21,0,0,6240,398,0,7,0,2006,294,0,14,0,967,1,0,30,0,536,0,0,13,0,455,1146,52,45,0,0,32,15,4,0,0,4,4,0,0
0,24,1,44,7,9,0,1.020682,0.997655,0.988555,39,5,1917,100,100,1,1,2,-100,0,-100,100,1,160,42,370,30,0,0,6240,338,0,10,0,2006,418,0,20,0,967,1,0,16,0,536,0,0,3,0,455,1715,12,30,0,0,16,8,2,0,0,2,2,0,0
0,24,2,43,7,9,0,1.008049,0.973732,0.961745,34,6,2167,100,100,1,1,2,100,-100,0,-100,1,160,42,159,48,0,0,6240,359,0,16,0,2006,405,0,32,0,967,9,0,22,0,536,15,0,11,0,455,1631,44,44,0,0,18,11,3,0,0,3,3,0,0
0,24,3,61,7,9,0,1.018514,0.982593,0.987597,52,7,2417,100,100,1,1,2,-100,100,-100,0,1,160,42,88,42,0,0,6240,329,0,14,0,2006,365,0,28,0,967,1,0,26,0,536,0,0,0,0,455,2012,0,48,0,0,20,13,4,0,0,4,4,0,0
0,25,0,45,15,10,0,1.039032,0.979583,0.976122,33,3,1417,100,100,1,1,2,0,-100,100,-100,1,160,19,118,24,0,0,6056,350,0,8,0,2003,302,0,16,0,988,0,0,22,0,495,0,0,15,0,429,1119,60,70,0,0,6,11,37,0,0,3,3,0,0
0,25,1,43,15,10,0,1.025921,0.998492,0.993362,38,5,1917,100,100,1,1,2,-100,0,-100,100,1,160,19,382,27,0,0,6056,413,0,9,0,2003,427,0,18,0,988,1,0,12,0,495,0,0,12,0,429,1759,48,25,0,0,20,6,2,0,0,2,2,0,0
0,25,2,42,15,10,0,1.01248,0.969926,0.953812,33,6,2167,100,100,1,1,2,100,-100,0,-100,1,160,19,196,48,0,0,6056,356,0,16,0,2003,421,0,32,0,988,15,0,18,0,495,8,0,9,0,429,1635,36,38,0,0,25,9,2,0,0,2,2,0,0
0,25,3,63,15,10,0,1.018982,0.980448,0.988189,55,7,2417,100,100,1,1,2,-100,100,-100,0,1,160,19,105,42,0,0,6056,406,0,14,0,2003,379,0,28,0,988,0,0,22,0,495,0,0,12,0,429,2060,48,42,0,0,28,11,3,0,0,3,3,0,0
0,26,0,43,11,18,0,1.040008,0.977842,0.975505,33,3,1417,100,100,1,1,2,0,-100,100,-100,1,160,9,123,24,0,0,6264,377,0,8,0,2012,307,0,16,0,1013,0,0,16,0,500,0,0,14,0,313,1153,56,34,0,0,9,8,5,0,0,5,5,0,0
0,26,1,46,11,18,0,1.029309,0.99213,0.991312,38,5,1917,100,100,1,1,2,-100,0,-100,100,1,160,9,403,30,0,0,6264,360,0,10,0,2012,434,0,20,0,1013,1,0,6,0,500,0,0,8,0,313,1882,32,18,0,0,22,3,1,0,0,1,1,0,0
0,26,2,37,11,18,0,1.016517,0.961397,0.951432,30,6,2167,100,100,1,1,2,100,-100,0,-100,1,160,9,233,42,0,0,6264,356,0,14,0,2012,435,0,28,0,1013,9,0,24,0,500,0,0,8,0,313,1626,32,44,0,0,34,12,3,0,0,3,3,0,0
0,26,3,60,11,18,0,1.019394,0.980209,0.988191,53,7,2417,100,100,1,1,2,-100,100,-100,0,1,160,9,127,42,0,0,6264,329,0,14,0,2012,387,0,28,0,1013,1,0,6,0,500,0,0,14,0,313,2218,56,26,0,0,28,3,3,0,0,3,3,0,0
0,27,0,43,11,12,0,1.036993,0.97389,0.975168,35,3,1417,100,100,1,1,2,0,-100,100,-100,1,160,30,132,27,0,0,6088,325,0,9,0,2015,310,0,18,0,1037,0,0,12,0,446,9,0,18,0,570,1214,72,27,0,0,12,6,3,0,0,3,3,0,0
0,27,1,47,11,12,0,1.030961,0.990333,0.991398,37,5,1917,100,100,1,1,2,-100,0,-100,100,1,160,30,426,36,0,0,6088,430,0,12,0,2015,443,0,24,0,1037,1,0,6,0,446,0,0,18,0,570,1897,72,26,0,0,21,3,4,0,0,4,4,0,0
0,27,2,35,11,12,0,1.013588,0.965802,0.951493,30,6,2167,100,100,1,1,2,100,-100,0,-100,1,160,30,264,39,0,0,6088,354,0,13,0,2015,442,0,26,0,1037,1,0,14,0,446,5,0,13,0,570,1652,52,31,0,0,39,7,2,0,0,2,2,0,0
0,27,3,60,11,12,0,1.017465,0.981091,0.98189,52,7,2417,100,100,1,1,2,-100,100,-100,0,1,160,30,144,42,0,0,6088,391,0,14,0,2015,395,0,28,0,1037,0,0,12,0,446,0,0,18,0,570,2263,72,30,0,0,32,6,2,0,0,2,2,0,0
0,28,0,41,15,8,0,1.037528,0.977847,0.96975,36,3,1417,100,100,1,1,2,0,-100,100,-100,1,160,14,150,27,0,0,6152,337,0,9,0,1997,319,0,18,0,958,4,0,34,0,536,0,0,9,0,503,1220,36,47,0,0,27,17,2,0,0,2,2,0,0
0,28,1,50,15,8,0,1.035572,0.98619,0.985064,40,5,1917,100,100,1,1,2,-100,0,-100,100,1,160,14,448,39,0,0,6152,370,0,13,0,1997,456,0,26,0,958,0,0,24,0,536,0,0,0,0,503,1874,0,43,0,0,30,12,3,0,0,3,3,0,0
0,28,2,39,15,8,0,1.015555,0.969667,0.949147,31,6,2167,100,100,1,1,2,100,-100,0,-100,1,160,14,305,39,0,0,6152,354,0,13,0,1997,455,0,26,0,958,0,0,22,0,536,0,0,5,0,503,1646,20,39,0,0,48,11,2,0,0,2,2,0,0
0,28,3,62,15,8,0,1.018387,0.981862,0.983636,53,8,2667,100,100,1,1,2,-100,100,-100,0,1,160,14,166,42,0,0,6152,453,0,14,0,1997,409,0,28,0,958,0,0,26,0,536,0,0,0,0,503,2210,0,80,0,0,8,13,37,0,0,3,3,0,0
0,29,0,42,6,17,0,1.036417,0.97629,0.969119,36,3,1417,100,100,1,1,2,0,-100,100,-100,1,160,30,162,24,0,0,6128,360,0,8,0,2020,323,0,16,0,1031,0,0,12,0,501,0,0,12,0,475,1256,48,24,0,0,31,6,2,0,0,2,2,0,0
0,29,1,49,6,17,0,1.036986,0.985731,0.984762,41,5,1917,100,100,1,1,2,-100,0,-100,100,1,160,30,464,42,0,0,6128,450,0,14,0,2020,463,0,28,0,1031,0,0,8,0,501,0,0,7,0,475,1877,28,28,0,0,31,4,3,0,0,3,3,0,0
0,29,2,34,6,17,0,1.018347,0.964427,0.943312,29,6,2167,100,100,1,1,2,100,-100,0,-100,1,160,30,335,42,0,0,6128,349,0,14,0,2020,454,0,28,0,1031,0,0,10,0,501,0,0,9,0,475,1662,36,30,0,0,50,5,3,0,0,3,3,0,0
0,29,3,56,6,17,0,1.016084,0.986086,0.984199,50,8,2667,100,100,1,1,2,-100,100,-100,0,1,160,30,172,39,0,0,6128,378,0,13,0,2020,416,0,26,0,1031,1,0,8,0,501,0,0,7,0,475,2299,28,27,0,0,9,4,3,0,0,3,3,0,0
0,30,0,43,16,17,0,1.043554,0.978132,0.971351,35,4,1667,100,100,1,1,2,0,-100,100,-100,1,160,0,175,21,0,0,6144,391,0,7,0,1994,330,0,14,0,957,3,0,36,0,536,0,0,0,0,372,1199,0,81,0,0,13,18,36,0,0,2,2,0,0
0,30,1,48,16,17,0,1.040216,0.982662,0.978755,40,6,2167,100,100,1,1,2,-100,0,-100,100,1,160,0,492,42,0,0,6144,387,0,14,0,1994,477,0,28,0,957,1,0,26,0,536,0,0,0,0,372,1837,0,80,0,0,7,13,37,0,0,3,3,0,0
0,30,2,33,16,17,0,1.028348,0.957983,0.940971,27,6,2167,100,100,1,1,2,100,-100,0,-100,1,160,0,370,36,0,0,6144,351,0,12,0,1994,466,0,24,0,957,1,0,18,0,536,0,0,0,0,372,1639,0,32,0,0,58,9,1,0,0,1,1,0,0
0,30,3,56,16,17,0,1.018323,0.986204,0.986382,48,8,2667,100,100,1,1,2,-100,100,-100,0,1,160,0,195,42,0,0,6144,428,0,14,0,1994,430,0,28,0,957,0,0,22,0,536,0,0,0,0,372,2298,0,40,0,0,18,11,2,0,0,2,2,0,0
0,31,0,43,13,21,1,1.047498,0.976419,0.97709,35,4,1667,100,100,1,1,2,0,-100,100,-100,1,160,28,185,18,0,0,6344,342,0,6,0,2077,327,0,12,0,1072,1,0,2,0,410,16,0,20,0,176,1373,80,12,0,0,12,1,2,0,0,2,2,0,0
0,31,1,45,13,21,1,1.043813,0.980053,0.9782,38,6,2167,100,100,1,1,2,-100,0,-100,100,1,160,28,514,42,0,0,6344,325,0,14,0,2077,464,0,28,0,1072,1,0,0,0,410,8,0,19,0,176,2029,76,18,0,0,5,0,2,0,0,2,2,0,0
0,31,2,31,13,21,1,1.026373,0.959864,0.943542,25,6,2167,100,100,1,1,2,100,-100,0,-100,1,160,28,400,36,0,0,6344,362,0,12,0,2077,451,0,24,0,1072,1,0,0,0,410,15,0,9,0,176,1665,36,16,0,0,56,0,2,0,0,2,2,0,0
0,31,3,53,13,21,1,1.021074,0.983809,0.982432,48,8,2667,100,100,1,1,2,-100,100,-100,0,1,160,28,215,42,0,0,6344,358,0,14,0,2077,430,0,28,0,1072,0,0,0,0,410,0,0,27,0,176,2539,108,16,0,0,17,0,1,0,0,1,1,0,0
0,32,0,43,19,12,0,1.051013,0.973654,0.973623,35,4,1667,100,100,1,1,2,0,-100,100,-100,1,160,6,201,21,0,0,6040,372,0,7,0,1999,334,0,14,0,1015,0,0,22,0,524,0,0,16,0,513,1435,64,35,0,0,20,11,3,0,0,3,3,0,0
0,32,1,47,19,12,0,1.043328,0.973851,0.983052,39,6,2167,100,100,1,1,2,-100,0,-100,100,1,160,6,546,39,0,0,6040,387,0,13,0,1999,474,0,26,0,1015,0,0,16,0,524,0,0,8,0,513,2037,32,33,0,0,11,8,2,0,0,2,2,0,0
0,32,2,33,19,12,0,1.038197,0.959914,0.943895,23,6,2167,100,100,1,1,2,100,-100,0,-100,1,160,6,439,36,0,0,6040,367,0,12,0,1999,463,0,24,0,1015,1,0,6,0,524,7,0,8,0,513,1681,32,22,0,0,57,3,2,0,0,2,2,0,0
0,32,3,56,19,12,0,1.026574,0.981622,0.980123,45,8,2667,100,100,1,1,2,-100,100,-100,0,1,160,6,247,48,0,0,6040,393,0,16,0,1999,444,0,32,0,1015,1,0,14,0,524,0,0,6,0,513,2565,24,34,0,0,22,7,2,0,0,2,2,0,0
0,33,0,47,17,9,0,1.051374,0.971968,0.973558,35,4,1667,100,100,2,2,2,0,-100,100,-100,1,160,9,220,24,0,0,6328,393,0,8,0,1994,342,0,16,0,1049,0,0,6,0,444,10,0,19,0,274,1521,76,20,0,0,20,3,3,0,0,3,3,0,0
0,33,1,47,17,9,0,1.048325,0.970403,0.982286,39,6,2167,96.964268,91.964268,2,2,2,-100,0,-100,100,1,160,9,575,42,0,0,6328,326,0,14,0,1994,488,0,28,0,1049,1,0,6,0,444,9,0,19,0,274,2147,76,26,0,0,11,3,3,0,0,3,3,0,0
0,33,2,36,17,9,0,1.039182,0.956173,0.949662,24,6,2167,100,100,2,2,2,100,-100,0,-100,1,160,9,478,39,0,0,6328,321,0,13,0,1994,473,0,26,0,1049,0,0,8,0,444,9,0,12,0,274,1783,48,27,0,0,58,4,3,0,0,3,3,0,0
0,33,3,57,17,9,0,1.025577,0.986514,0.976133,44,8,2667,100,100,2,2,2,-100,100,-100,0,1,160,9,273,48,0,0,6328,321,0,16,0,1994,460,0,32,0,1049,0,0,4,0,444,0,0,15,0,274,2641,60,30,0,0,19,2,5,0,0,5,5,0,0
0,34,0,48,15,11,0,1.05274,0.972048,0.971508,35,4,1667,100,100,2,2,2,0,-100,100,-100,1,160,16,243,33,0,0,6072,335,0,11,0,2031,340,0,22,0,1027,1,0,18,0,478,7,0,19,0,417,1648,76,37,0,0,25,9,4,0,0,4,4,0,0
0,34,1,49,15,11,0,1.051639,0.969012,0.982196,40,6,2167,100,96.964268,2,2,2,-100,0,-100,100,1,160,16,610,45,0,0,6072,384,0,15,0,2031,488,0,30,0,1027,1,0,12,0,478,4,0,20,0,417,2146,80,33,0,0,14,6,3,0,0,3,3,0,0
0,34,2,37,15,11,0,1.037695,0.950709,0.949115,24,6,2167,100,100,2,2,2,100,-100,0,-100,1,160,16,509,33,0,0,6072,370,0,11,0,2031,475,0,22,0,1027,0,0,6,0,478,6,0,15,0,417,1829,60,23,0,0,58,3,3,0,0,3,3,0,0
0,34,3,57,15,11,0,1.026284,0.987652,0.978255,48,8,2667,100,100,2,2,2,-100,100,-100,0,1,160,16,297,51,0,0,6072,359,0,17,0,2031,459,0,34,0,1027,1,0,4,0,478,0,0,12,0,417,2642,48,29,0,0,17,2,4,0,0,4,4,0,0
0,35,0,49,14,5,0,1.055304,0.973668,0.970789,38,4,1667,100,100,2,2,2,0,-100,100,-100,1,160,20,265,36,0,0,6104,363,0,12,0,1973,352,0,24,0,1072,1,0,0,0,421,25,0,21,0,378,1645,84,22,0,0,20,0,5,0,0,5,5,0,0
0,35,1,51,14,5,0,1.051411,0.965223,0.981011,41,6,2167,100,100,2,2,2,-100,0,-100,100,1,160,20,642,48,0,0,6104,319,0,16,0,1973,504,0,32,0,1072,1,0,0,0,421,13,0,21,0,378,2145,84,22,0,0,11,0,3,0,0,3,3,0,0
0,35,2,41,14,5,0,1.047754,0.948092,0.953462,27,7,2417,100,100,2,2,2,100,-100,0,-100,1,160,20,542,36,0,0,6104,417,0,12,0,1973,487,0,24,0,1072,0,0,0,0,421,10,0,17,0,378,1855,68,54,0,0,20,0,38,0,0,4,4,0,0
0,35,3,59,14,5,0,1.028245,0.987779,0.976892,50,8,2667,100,100,2,2,2,-100,100,-100,0,1,160,20,322,51,0,0,6104,397,0,17,0,1973,476,0,34,0,1072,1,0,0,0,421,0,0,25,0,378,2644,100,23,0,0,14,0,3,0,0,3,3,0,0
0,36,0,50,13,11,0,1.057717,0.976323,0.967141,41,5,1917,100,100,2,2,2,0,-100,100,-100,1,160,8,285,33,0,0,6176,391,0,11,0,1976,363,0,22,0,970,1,0,36,0,530,4,0,21,0,269,1616,84,87,0,0,1,18,37,0,0,3,3,0,0
0,36,1,54,13,11,0,1.056522,0.96216,0.978824,42,6,2167,100,100,2,2,2,-100,0,-100,100,1,160,8,679,48,0,0,6176,372,0,16,0,1976,517,0,32,0,970,0,0,28,0,530,0,0,13,0,269,2139,52,52,0,0,21,14,4,0,0,4,4,0,0
0,36,2,39,13,11,0,1.044928,0.951301,0.953787,28,7,2417,100,100,2,2,2,100,-100,0,-100,1,160,8,567,36,0,0,6176,364,0,12,0,1976,499,0,24,0,970,1,0,20,0,530,0,0,10,0,269,1978,40,38,0,0,27,10,3,0,0,3,3,0,0
0,36,3,59,13,11,0,1.033883,0.987931,0.977118,51,8,2667,100,100,2,2,2,-100,100,-100,0,1,160,8,342,45,0,0,6176,323,0,15,0,1976,491,0,30,0,970,1,0,18,0,530,0,0,6,0,269,2638,24,39,0,0,20,9,3,0,0,3,3,0,0
0,37,0,55,14,6,0,1.056399,0.975917,0.966245,44,5,1917,100,100,2,2,2,0,-100,100,-100,1,160,3,311,36,0,0,6040,329,0,12,0,1979,372,0,24,0,1000,1,0,30,0,536,0,0,4,0,433,1664,16,48,0,0,13,15,3,0,0,3,3,0,0
0,37,1,52,14,6,0,1.060221,0.960611,0.974141,42,6,2167,100,100,2,2,2,-100,0,-100,100,1,160,3,713,51,0,0,6040,413,0,17,0,1979,534,0,34,0,1000,1,0,14,0,536,0,0,0,0,433,2128,0,39,0,0,24,7,4,0,0,4,4,0,0
0,37,2,41,14,6,0,1.046342,0.955008,0.952778,30,7,2417,100,100,2,2,2,100,-100,0,-100,1,160,3,596,33,0,0,6040,434,0,11,0,1979,510,0,22,0,1000,1,0,6,0,536,0,0,0,0,433,1965,0,25,0,0,26,3,4,0,0,4,4,0,0
0,37,3,62,14,6,0,1.033659,0.987251,0.976769,54,8,2667,100,100,2,2,2,-100,100,-100,0,1,160,3,367,45,0,0,6040,377,0,15,0,1979,506,0,30,0,1000,0,0,16,0,536,0,0,0,0,433,2630,0,37,0,0,25,8,3,0,0,3,3,0,0
0,38,0,55,11,17,0,1.061726,0.975541,0.963434,44,5,1917,100,100,2,2,2,0,-100,100,-100,1,160,21,331,39,0,0,6176,357,0,13,0,1970,385,0,26,0,989,0,0,40,0,503,0,0,3,0,280,1651,12,61,0,0,29,20,4,0,0,4,4,0,0
0,38,1,49,11,17,0,1.060164,0.959809,0.972422,42,6,2167,100,100,2,2,2,-100,0,-100,100,1,160,21,744,51,0,0,6176,344,0,17,0,1970,551,0,34,0,989,1,0,6,0,503,0,0,6,0,280,2144,24,29,0,0,24,3,3,0,0,3,3,0,0
0,38,2,41,11,17,0,1.047426,0.955862,0.954638,32,7,2417,100,100,2,2,2,100,-100,0,-100,1,160,21,622,39,0,0,6176,380,0,13,0,1970,523,0,26,0,989,0,0,10,0,503,0,0,6,0,280,2073,24,31,0,0,27,5,4,0,0,4,4,0,0
0,38,3,59,11,17,0,1.03465,0.989646,0.977412,52,8,2667,100,100,2,2,2,-100,100,-100,0,1,160,21,386,45,0,0,6176,428,0,15,0,1970,521,0,30,0,989,0,0,26,0,503,0,0,3,0,280,2626,12,45,0,0,36,13,2,0,0,2,2,0,0
0,39,0,51,12,14,0,1.061106,0.973651,0.967952,42,5,1917,100,100,2,2,2,0,-100,100,-100,1,160,17,348,39,0,0,6200,377,0,13,0,1970,398,0,26,0,962,1,0,40,0,536,0,0,0,0,327,1623,0,61,0,0,45,20,4,0,0,4,4,0,0
0,39,1,50,12,14,0,1.060053,0.962826,0.975006,42,6,2167,100,100,2,2,2,-100,0,-100,100,1,160,17,784,54,0,0,6200,381,0,18,0,1970,569,0,36,0,962,1,0,18,0,536,0,0,0,0,327,2127,0,40,0,0,31,9,2,0,0,2,2,0,0
0,39,2,43,12,14,0,1.052976,0.953944,0.956398,35,7,2417,100,100,2,2,2,100,-100,0,-100,1,160,17,651,39,0,0,6200,326,0,13,0,1970,533,0,26,0,962,0,0,18,0,536,0,0,0,0,327,2136,0,37,0,0,33,9,3,0,0,3,3,0,0
0,39,3,58,12,14,0,1.037732,0.988829,0.975751,51,8,2667,100,100,2,2,2,-100,100,-100,0,1,160,17,406,42,0,0,6200,355,0,14,0,1970,535,0,28,0,962,0,0,30,0,536,0,0,0,0,327,2619,0,48,0,0,49,15,2,0,0,2,2,0,0
0,40,0,51,7,9,0,1.059822,0.9732,0.964843,44,5,1917,100,100,2,2,2,0,-100,100,-100,1,160,22,370,42,0,0,5928,400,0,14,0,1973,412,0,28,0,998,1,0,24,0,536,0,0,0,0,480,1612,0,44,0,0,54,12,3,0,0,3,3,0,0
0,40,1,50,7,9,0,1.063083,0.961144,0.976448,42,7,2417,100,100,2,2,2,-100,0,-100,100,1,160,22,816,54,0,0,5928,417,0,18,0,1973,581,0,36,0,998,0,0,14,0,536,0,0,0,0,480,2085,0,72,0,0,1,7,37,0,0,3,3,0,0
0,40,2,42,7,9,0,1.049386,0.953791,0.958893,37,8,2667,100,100,2,2,2,100,-100,0,-100,1,160,22,681,39,0,0,5928,398,0,13,0,1973,543,0,26,0,998,0,0,18,0,536,0,0,0,0,480,2085,0,69,0,0,6,9,36,0,0,2,2,0,0
0,40,3,57,7,9,0,1.036654,0.988669,0.975718,50,8,2667,100,100,2,2,2,-100,100,-100,0,1,160,22,421,42,0,0,5928,411,0,14,0,1973,549,0,28,0,998,1,0,18,0,536,0,0,0,0,480,2620,0,38,0,0,55,9,3,0,0,3,3,0,0
2,1,0,100,10,17,0,0.997321,1.006769,1.002202,0,0,667,100,100,0,0,2,0,-100,-100,100,1,160,0,107,72,0,0,5600,402,0,24,0,1856,124,0,48,0,964,1,0,94,0,500,9,0,49,0,300,253,196,152,0,0,30,47,17,0,0,17,17,0,0
2,1,1,97,10,17,0,0.998688,1.006502,1.002312,0,0,667,100,100,0,0,2,-100,0,100,-100,1,160,0,106,69,0,0,5600,411,0,23,0,1856,123,0,46,0,964,0,0,90,0,500,9,0,49,0,300,255,196,147,0,0,28,45,17,0,0,17,17,0,0
2,1,2,99,10,17,0,0.996289,1.00639,1.002548,0,0,667,100,100,0,0,2,-100,100,0,-100,1,160,0,112,72,0,0,5600,410,0,24,0,1856,124,0,48,0,964,2,0,98,0,500,5,0,49,0,300,246,196,156,0,0,32,49,17,0,0,17,17,0,0
2,1,3,97,10,17,0,0.995967,1.005024,1.004344,0,0,667,100,100,0,0,2,100,-100,-100,0,1,160,0,112,72,0,0,5600,394,0,24,0,1856,124,0,48,0,964,0,0,88,0,500,12,0,48,0,300,255,192,146,0,0,27,44,17,0,0,17,17,0,0
2,2,0,102,16,13,0,0.999113,1.006385,1.000466,16,0,667,100,100,0,0,2,0,-100,-100,100,1,160,3,119,78,0,0,5632,460,0,26,0,1844,150,0,52,0,966,1,0,30,0,518,0,0,15,0,312,295,60,90,0,0,28,15,17,0,0,17,17,0,0
2,2,1,98,16,13,0,0.998176,1.003022,1.001856,14,0,667,100,100,0,0,2,-100,0,100,-100,1,160,3,122,75,0,0,5632,465,0,25,0,1844,148,0,50,0,966,0,0,20,0,518,0,0,12,0,312,293,48,79,0,0,21,10,17,0,0,17,17,0,0
2,2,2,100,16,13,0,0.995177,1.006951,1.003855,15,0,667,100,100,0,0,2,-100,100,0,-100,1,160,3,126,75,0,0,5632,478,0,25,0,1844,149,0,50,0,966,1,0,30,0,518,0,0,9,0,312,265,36,89,0,0,30,15,17,0,0,17,17,0,0
2,2,3,96,16,13,0,0.996297,1.004537,1.005907,15,0,667,100,100,0,0,2,100,-100,-100,0,1,160,3,128,72,0,0,5632,449,0,24,0,1844,148,0,48,0,966,1,0,26,0,518,0,0,17,0,312,311,68,84,0,0,23,13,17,0,0,17,17,0,0
2,3,0,101,16,21,1,1.000005,1.006728,1.001119,31,0,667,100,100,0,0,2,0,-100,-100,100,1,160,8,120,66,0,0,6400,336,0,22,0,1856,163,0,44,0,922,0,0,40,0,424,0,0,29,0,0,465,116,96,0,0,31,20,17,0,0,17,17,0,0
2,3,1,96,16,21,1,0.999805,1.00199,1.003314,29,0,667,100,100,0,0,2,-100,0,100,-100,1,160,8,130,72,0,0,6400,343,0,24,0,1856,169,0,48,0,922,1,0,38,0,424,0,0,25,0,0,444,100,96,0,0,23,19,17,0,0,17,17,0,0
2,3,2,94,16,21,1,0.995792,1.010575,1.005509,32,0,667,100,100,0,0,2,-100,100,0,-100,1,160,8,129,69,0,0,6400,355,0,23,0,1856,169,0,46,0,922,0,0,34,0,424,0,0,30,0,0,428,120,91,0,0,30,17,17,0,0,17,17,0,0
2,3,3,100,16,21,1,0.996579,1.001572,1.004274,30,0,667,100,100,0,0,2,100,-100,-100,0,1,160,8,135,66,0,0,6400,331,0,22,0,1856,170,0,44,0,922,1,0,36,0,424,0,0,28,0,0,481,112,92,0,0,24,18,17,0,0,17,17,0,0
2,4,0,100,14,28,0,0.998022,1.008581,1.001277,44,0,667,100,100,0,0,2,0,-100,-100,100,1,160,3,118,63,0,0,5648,398,0,21,0,1865,184,0,42,0,932,1,0,36,0,407,0,0,30,0,300,578,120,91,0,0,32,18,17,0,0,17,17,0,0
2,4,1,94,14,28,0,1.00277,0.999916,1.001286,44,0,667,100,100,0,0,2,-100,0,100,-100,1,160,3,143,75,0,0,5648,382,0,25,0,1865,194,0,50,0,932,0,0,40,0,407,0,0,27,0,300,522,108,99,0,0,26,20,17,0,0,17,17,0,0
2,4,2,88,14,28,0,0.995159,1.014326,1.000349,48,0,667,100,100,0,0,2,-100,100,0,-100,1,160,3,140,69,0,0,5648,414,0,23,0,1865,189,0,46,0,932,0,0,30,0,407,0,0,18,0,300,476,72,87,0,0,28,15,17,0,0,17,17,0,0
2,4,3,95,14,28,0,0.997582,1.001725,0.999958,46,0,667,100,100,0,0,2,100,-100,-100,0,1,160,3,140,72,0,0,5648,415,0,24,0,1865,194,0,48,0,932,0,0,30,0,407,0,0,30,0,300,579,120,88,0,0,22,15,17,0,0,17,17,0,0
2,5,0,91,14,50,0,0.994859,1.006576,0.997962,53,0,667,100,100,0,0,2,0,-100,-100,100,1,160,0,114,63,0,0,5672,453,0,21,0,1873,205,0,42,0,844,0,0,48,0,536,0,0,0,0,306,559,0,103,0,0,39,24,17,0,0,17,17,0,0
2,5,1,81,14,50,0,0.99894,0.995679,0.994247,51,0,667,100,100,0,0,2,-100,0,100,-100,1,160,0,161,75,0,0,5672,415,0,25,0,1873,218,0,50,0,844,1,0,32,0,536,0,0,0,0,306,500,0,85,0,0,28,16,14,0,0,14,14,0,0
2,5,2,82,14,50,0,0.99643,1.008474,0.99539,58,0,667,100,100,0,0,2,-100,100,0,-100,1,160,0,152,66,0,0,5672,488,0,22,0,1873,208,0,44,0,844,1,0,26,0,536,0,0,0,0,306,474,0,68,0,0,31,13,10,0,0,10,10,0,0
2,5,3,87,14,50,0,0.99697,0.999032,0.99711,55,0,667,100,100,0,0,2,100,-100,-100,0,1,160,0,151,72,0,0,5672,504,0,24,0,1873,214,0,48,0,844,0,0,30,0,536,0,0,0,0,306,561,0,84,0,0,22,15,15,0,0,15,15,0,0
2,6,0,78,15,42,0,0.990889,1.006818,0.994288,62,0,667,100,100,0,0,2,0,-100,-100,100,1,160,10,114,63,0,0,6400,341,0,21,0,1859,226,0,42,0,1065,0,0,0,0,384,13,0,37,0,0,632,148,35,0,0,32,0,7,0,0,7,7,0,0
2,6,1,70,15,42,0,0.998455,0.996048,0.989226,51,0,667,100,100,0,0,2,-100,0,100,-100,1,160,10,201,81,0,0,6400,307,0,27,0,1859,242,0,54,0,1065,1,0,0,0,384,9,0,27,0,0,624,108,43,0,0,20,0,8,0,0,8,8,0,0
2,6,2,79,15,42,0,1.000378,1.007495,0.998321,62,0,667,100,100,0,0,2,-100,100,0,-100,1,160,10,172,69,0,0,6400,383,0,23,0,1859,231,0,46,0,1065,1,0,0,0,384,0,0,33,0,0,630,132,37,0,0,24,0,7,0,0,7,7,0,0
2,6,3,87,15,42,0,1.000363,0.998725,0.992397,67,0,667,100,100,0,0,2,100,-100,-100,0,1,160,10,168,72,0,0,6400,393,0,24,0,1859,238,0,48,0,1065,0,0,0,0,384,0,0,33,0,0,627,132,40,0,0,14,0,8,0,0,8,8,0,0
2,7,0,79,16,14,0,0.991761,1.004801,0.997103,66,1,917,100,100,0,0,2,0,-100,-100,100,1,160,6,136,63,0,0,5712,386,0,21,0,1869,239,0,42,0,970,1,0,32,0,536,0,0,13,0,393,594,52,97,0,0,9,16,39,0,0,5,5,0,0
2,7,1,72,16,14,0,1.001262,0.991391,0.987922,56,0,667,100,100,0,0,2,-100,0,100,-100,1,160,6,251,81,0,0,5712,346,0,27,0,1869,266,0,54,0,970,0,0,26,0,536,0,0,9,0,393,618,36,65,0,0,27,13,6,0,0,6,6,0,0
2,7,2,78,16,14,0,1.00084,1.009198,0.995999,66,0,667,100,100,0,0,2,-100,100,0,-100,1,160,6,195,66,0,0,5712,466,0,22,0,1869,248,0,44,0,970,0,0,22,0,536,0,0,0,0,393,613,0,54,0,0,30,11,5,0,0,5,5,0,0
2,7,3,87,16,14,0,1.002181,0.999132,0.991011,71,0,667,100,100,0,0,2,100,-100,-100,0,1,160,6,196,75,0,0,5712,481,0,25,0,1869,263,0,50,0,970,1,0,22,0,536,0,0,0,0,393,608,0,59,0,0,19,11,6,0,0,6,6,0,0
2,8,0,73,14,32,0,0.989671,1.00311,0.995869,66,1,917,100,100,0,0,2,0,-100,-100,100,1,160,10,159,69,0,0,6112,404,0,23,0,1847,262,0,46,0,1042,1,0,10,0,399,4,0,31,0,203,724,124,39,0,0,11,5,3,0,0,3,3,0,0
2,8,1,72,14,32,0,1.002138,0.989951,0.9873,61,0,667,100,100,0,0,2,-100,0,100,-100,1,160,10,295,81,0,0,6112,391,0,27,0,1847,293,0,54,0,1042,1,0,4,0,399,10,0,28,0,203,630,112,41,0,0,24,2,5,0,0,5,5,0,0
2,8,2,78,14,32,0,1.002025,1.005735,0.995471,66,0,667,100,100,0,0,2,-100,100,0,-100,1,160,10,209,63,0,0,6112,367,0,21,0,1847,269,0,42,0,1042,0,0,8,0,399,0,0,29,0,203,638,116,37,0,0,30,4,4,0,0,4,4,0,0
2,8,3,75,14,32,0,1.011101,0.993865,0.991564,60,0,667,100,100,0,0,2,100,-100,-100,0,1,160,10,217,75,0,0,6112,369,0,25,0,1847,288,0,50,0,1042,0,0,8,0,399,0,0,32,0,203,632,128,43,0,0,18,4,5,0,0,5,5,0,0
2,9,0,73,19,17,0,0.991861,1.000595,0.996758,64,1,917,100,100,0,0,2,0,-100,-100,100,1,160,7,186,69,0,0,5832,420,0,23,0,1919,271,0,46,0,1003,1,0,24,0,478,0,0,4,0,426,737,16,51,0,0,21,12,2,0,0,2,2,0,0
2,9,1,74,19,17,0,1.007972,0.986197,0.984339,63,0,667,100,100,0,0,2,-100,0,100,-100,1,160,7,340,81,0,0,5832,436,0,27,0,1919,294,0,54,0,1003,1,0,24,0,478,0,0,11,0,426,630,44,57,0,0,33,12,3,0,0,3,3,0,0
2,9,2,78,19,17,0,1.00244,0.997995,0.99527,65,0,667,100,100,0,0,2,-100,100,0,-100,1,160,7,237,63,0,0,5832,420,0,21,0,1919,276,0,42,0,1003,0,0,10,0,478,0,0,27,0,426,638,108,39,0,0,31,5,4,0,0,4,4,0,0
2,9,3,75,19,17,0,1.016547,0.991843,0.99096,62,0,667,100,100,0,0,2,100,-100,-100,0,1,160,7,253,72,0,0,5832,382,0,24,0,1919,303,0,48,0,1003,1,0,6,0,478,0,0,30,0,426,633,120,40,0,0,16,3,5,0,0,5,5,0,0
2,10,0,73,14,23,2,0.994765,0.995907,0.996859,63,1,917,100,100,0,0,2,0,-100,-100,100,1,160,0,219,69,0,0,6298,324,0,23,0,1853,294,0,46,0,968,0,0,22,0,467,0,0,27,0,72,888,108,51,0,0,29,11,3,0,0,3,3,0,0
2,10,1,70,14,23,2,1.014285,0.986526,0.980647,60,1,917,100,100,0,0,2,-100,0,100,-100,1,160,0,386,84,0,0,6298,334,0,28,0,1853,319,0,56,0,968,1,0,18,0,467,0,0,18,0,72,599,72,86,0,0,5,9,37,0,0,3,3,0,0
2,10,2,74,14,23,2,1.003962,0.996261,0.998332,62,1,917,100,100,0,0,2,-100,100,0,-100,1,160,0,265,63,0,0,6298,321,0,21,0,1853,297,0,42,0,968,0,0,16,0,467,0,0,9,0,72,602,36,81,0,0,0,8,39,0,0,5,5,0,0
2,10,3,74,14,23,2,1.015341,0.991511,0.989505,65,0,667,100,100,0,0,2,100,-100,-100,0,1,160,0,288,72,0,0,6298,377,0,24,0,1853,327,0,48,0,968,0,0,20,0,467,0,0,15,0,72,637,60,50,0,0,23,10,3,0,0,3,3,0,0
2,11,0,71,15,18,0,0.994248,0.997251,0.996036,62,1,917,100,100,0,0,2,0,-100,-100,100,1,160,0,258,72,0,0,5921,331,0,24,0,1853,318,0,48,0,1067,0,0,0,0,406,5,0,31,0,341,887,124,30,0,0,26,0,3,0,0,3,3,0,0
2,11,1,69,15,18,0,1.019879,0.982056,0.98512,59,1,917,100,100,0,0,2,-100,0,100,-100,1,160,0,437,84,0,0,5921,357,0,28,0,1853,344,0,56,0,1067,0,0,2,0,406,0,0,23,0,341,700,92,36,0,0,3,1,3,0,0,3,3,0,0
2,11,2,71,15,18,0,1.002962,0.996882,0.997131,62,1,917,100,100,0,0,2,-100,100,0,-100,1,160,0,295,66,0,0,5921,349,0,22,0,1853,319,0,44,0,1067,1,0,2,0,406,0,0,21,0,341,729,84,26,0,0,0,1,1,0,0,1,1,0,0
2,11,3,77,15,18,0,1.016329,0.989203,0.989203,66,0,667,100,100,0,0,2,100,-100,-100,0,1,160,0,328,75,0,0,5921,373,0,25,0,1853,349,0,50,0,1067,1,0,0,0,406,1,0,34,0,341,636,136,31,0,0,20,0,3,0,0,3,3,0,0
2,12,0,75,17,13,0,0.996301,0.995581,0.995068,64,2,1167,100,100,0,0,2,0,-100,-100,100,1,160,2,289,72,0,0,5896,356,0,24,0,1841,342,0,48,0,940,1,0,38,0,521,0,0,5,0,527,819,20,102,0,0,8,19,37,0,0,3,3,0,0
2,12,1,68,17,13,0,1.020742,0.974197,0.983477,58,1,917,100,100,0,0,2,-100,0,100,-100,1,160,2,481,81,0,0,5896,405,0,27,0,1841,371,0,54,0,940,1,0,26,0,521,0,0,6,0,527,675,24,61,0,0,12,13,4,0,0,4,4,0,0
2,12,2,74,17,13,0,1.001832,0.996025,0.996452,61,1,917,100,100,0,0,2,-100,100,0,-100,1,160,2,321,63,0,0,5896,385,0,21,0,1841,340,0,42,0,940,1,0,24,0,521,0,0,9,0,527,736,36,53,0,0,8,12,4,0,0,4,4,0,0
2,12,3,75,17,13,0,1.020776,0.985202,0.988745,65,1,917,100,100,0,0,2,100,-100,-100,0,1,160,2,368,78,0,0,5896,374,0,26,0,1841,375,0,52,0,940,1,0,36,0,521,0,0,1,0,527,559,4,104,0,0,0,18,38,0,0,4,4,0,0
2,13,0,72,11,29,0,0.993499,0.991806,0.993639,62,2,1167,100,100,0,0,2,0,-100,-100,100,1,160,3,328,78,0,0,6024,375,0,26,0,1844,368,0,52,0,986,0,0,14,0,533,0,0,0,0,391,824,0,46,0,0,12,7,3,0,0,3,3,0,0
2,13,1,62,11,29,0,1.019486,0.974802,0.983671,57,1,917,100,100,0,0,2,-100,0,100,-100,1,160,3,522,81,0,0,6024,310,0,27,0,1844,398,0,54,0,986,1,0,14,0,533,0,0,0,0,391,688,0,45,0,0,17,7,2,0,0,2,2,0,0
2,13,2,72,11,29,0,0.999676,0.993694,0.99507,60,1,917,100,100,0,0,2,-100,100,0,-100,1,160,3,350,66,0,0,6024,433,0,22,0,1844,359,0,44,0,986,0,0,18,0,533,0,0,2,0,391,744,8,50,0,0,12,9,5,0,0,5,5,0,0
2,13,3,68,11,29,0,1.022819,0.980789,0.98636,60,1,917,100,100,0,0,2,100,-100,-100,0,1,160,3,404,75,0,0,6024,378,0,25,0,1844,400,0,50,0,986,0,0,14,0,533,0,0,1,0,391,568,4,45,0,0,4,7,3,0,0,3,3,0,0
2,14,0,71,7,10,0,0.995723,0.990791,0.99431,62,2,1167,100,100,0,0,2,0,-100,-100,100,1,160,31,371,81,0,0,6024,396,0,27,0,2114,320,0,54,0,1013,1,0,12,0,502,0,0,11,0,420,868,44,47,0,0,14,6,4,0,0,4,4,0,0
2,14,1,58,7,10,0,1.01618,0.97425,0.985714,54,1,917,100,100,0,0,2,-100,0,100,-100,1,160,31,576,81,0,0,6024,333,0,27,0,2114,350,0,54,0,1013,1,0,14,0,502,0,0,4,0,420,689,16,45,0,0,22,7,2,0,0,2,2,0,0
2,14,2,73,7,10,0,1.000076,0.992518,0.994679,64,1,917,100,100,0,0,2,-100,100,0,-100,1,160,31,369,72,0,0,6024,337,0,24,0,2114,320,0,48,0,1013,0,0,18,0,502,0,0,9,0,420,780,36,50,0,0,17,9,4,0,0,4,4,0,0
2,14,3,69,7,10,0,1.024293,0.981518,0.984319,62,1,917,100,100,0,0,2,100,-100,-100,0,1,160,31,441,75,0,0,6024,389,0,25,0,2114,359,0,50,0,1013,0,0,14,0,502,0,0,10,0,420,613,40,45,0,0,8,7,3,0,0,3,3,0,0
2,15,0,77,15,12,0,0.996407,0.987447,0.99519,66,2,1167,100,100,0,0,2,0,-100,-100,100,1,160,8,421,81,0,0,5920,418,0,27,0,1844,347,0,54,0,1015,0,0,16,0,527,0,0,1,0,515,850,4,49,0,0,19,8,3,0,0,3,3,0,0
2,15,1,55,15,12,0,1.020479,0.972284,0.986894,50,1,917,100,100,0,0,2,-100,0,100,-100,1,160,8,627,72,0,0,5920,347,0,24,0,1844,374,0,48,0,1015,0,0,12,0,527,0,0,0,0,515,662,0,38,0,0,27,6,1,0,0,1,1,0,0
2,15,2,73,15,12,0,1.004979,0.99165,0.994839,65,1,917,100,100,0,0,2,-100,100,0,-100,1,160,8,389,66,0,0,5920,386,0,22,0,1844,342,0,44,0,1015,0,0,18,0,527,0,0,5,0,515,776,20,46,0,0,23,9,3,0,0,3,3,0,0
2,15,3,69,15,12,0,1.024578,0.980963,0.979616,62,1,917,100,100,0,0,2,100,-100,-100,0,1,160,8,480,72,0,0,5920,392,0,24,0,1844,383,0,48,0,1015,1,0,12,0,527,0,0,3,0,515,610,12,40,0,0,12,6,2,0,0,2,2,0,0
2,16,0,78,17,26,0,1.000659,0.982829,0.99485,64,2,1167,100,100,0,0,2,0,-100,-100,100,1,160,0,472,87,0,0,6056,312,0,29,0,1838,376,0,58,0,1036,1,0,8,0,479,0,0,12,0,425,946,48,45,0,0,19,4,4,0,0,4,4,0,0
2,16,1,58,17,26,0,1.022592,0.965061,0.989327,49,1,917,100,100,0,0,2,-100,0,100,-100,1,160,0,685,78,0,0,6056,362,0,26,0,1838,394,0,52,0,1036,1,0,2,0,479,0,0,15,0,425,702,60,32,0,0,26,1,2,0,0,2,2,0,0
2,16,2,67,17,26,0,1.001371,0.987926,0.996327,60,1,917,100,100,0,0,2,-100,100,0,-100,1,160,0,418,69,0,0,6056,418,0,23,0,1838,365,0,46,0,1036,0,0,12,0,479,0,0,18,0,425,831,72,41,0,0,26,6,3,0,0,3,3,0,0
2,16,3,62,17,26,0,1.023193,0.983817,0.971918,53,1,917,100,100,0,0,2,100,-100,-100,0,1,160,0,530,75,0,0,6056,394,0,25,0,1838,408,0,50,0,1036,1,0,12,0,479,0,0,12,0,425,648,48,43,0,0,15,6,3,0,0,3,3,0,0
2,17,0,80,11,17,0,1.001079,0.980577,0.994422,67,2,1167,100,100,0,0,2,0,-100,-100,100,1,160,25,511,87,0,0,6080,317,0,29,0,1832,405,0,58,0,1015,0,0,8,0,523,0,0,3,0,332,976,12,45,0,0,19,4,4,0,0,4,4,0,0
2,17,1,57,11,17,0,1.02317,0.962272,0.989207,48,1,917,100,100,0,0,2,-100,0,100,-100,1,160,25,737,78,0,0,6080,374,0,26,0,1832,414,0,52,0,1015,0,0,14,0,523,0,0,2,0,332,695,8,48,0,0,29,7,4,0,0,4,4,0,0
2,17,2,65,11,17,0,1.002251,0.987987,0.995979,60,1,917,100,100,0,0,2,-100,100,0,-100,1,160,25,446,66,0,0,6080,329,0,22,0,1832,387,0,44,0,1015,0,0,18,0,523,0,0,2,0,332,875,8,44,0,0,33,9,2,0,0,2,2,0,0
2,17,3,57,11,17,0,1.028814,0.978943,0.973116,49,1,917,100,100,0,0,2,100,-100,-100,0,1,160,25,564,66,0,0,6080,382,0,22,0,1832,430,0,44,0,1015,0,0,20,0,523,0,0,6,0,332,660,24,48,0,0,22,10,3,0,0,3,3,0,0
2,18,0,62,11,28,2,0.998347,0.986346,0.99013,57,2,1167,100,100,0,0,2,0,-100,-100,100,1,160,12,551,87,0,0,5976,312,0,29,0,1877,426,0,58,0,991,0,0,18,0,516,0,0,4,0,408,965,16,51,0,0,26,9,2,0,0,2,2,0,0
2,18,1,57,11,28,2,1.027719,0.961418,0.994587,49,1,917,100,100,0,0,2,-100,0,100,-100,1,160,12,793,78,0,0,5976,379,0,26,0,1877,428,0,52,0,991,1,0,6,0,516,0,0,7,0,408,720,28,36,0,0,30,3,2,0,0,2,2,0,0
2,18,2,66,11,28,2,1.002996,0.986874,0.994489,60,2,1167,100,100,0,0,2,-100,100,0,-100,1,160,12,476,60,0,0,5976,380,0,20,0,1877,401,0,40,0,991,1,0,26,0,516,0,0,5,0,408,841,20,84,0,0,10,13,36,0,0,2,2,0,0
2,18,3,57,11,28,2,1.027789,0.980839,0.975164,50,1,917,100,100,0,0,2,100,-100,-100,0,1,160,12,606,66,0,0,5976,375,0,22,0,1877,445,0,44,0,991,1,0,22,0,516,0,0,3,0,408,664,12,50,0,0,30,11,3,0,0,3,3,0,0
2,19,0,65,14,10,0,1.000955,0.987873,0.992977,59,2,1167,100,100,0,0,2,0,-100,-100,100,1,160,3,613,90,0,0,5992,324,0,30,0,1853,456,0,60,0,979,1,0,20,0,536,0,0,0,0,453,938,0,54,0,0,34,10,2,0,0,2,2,0,0
2,19,1,57,14,10,0,1.029706,0.960596,0.994262,49,2,1167,100,100,0,0,2,-100,0,100,-100,1,160,3,858,84,0,0,5992,382,0,28,0,1853,450,0,56,0,979,1,0,14,0,536,0,0,0,0,453,671,0,82,0,0,0,7,37,0,0,3,3,0,0
2,19,2,66,14,10,0,1.004617,0.988502,0.992714,58,2,1167,100,100,0,0,2,-100,100,0,-100,1,160,3,506,57,0,0,5992,423,0,19,0,1853,420,0,38,0,979,1,0,30,0,536,0,0,0,0,453,833,0,53,0,0,23,15,2,0,0,2,2,0,0
2,19,3,58,14,10,0,1.022144,0.980621,0.977598,49,1,917,100,100,0,0,2,100,-100,-100,0,1,160,3,650,63,0,0,5992,361,0,21,0,1853,466,0,42,0,979,0,0,26,0,536,0,0,0,0,453,652,0,51,0,0,41,13,2,0,0,2,2,0,0
2,20,0,67,15,7,0,1.004816,0.984814,0.990556,60,2,1167,100,100,0,0,2,0,-100,-100,100,1,160,7,667,87,0,0,6080,358,0,29,0,1853,485,0,58,0,1017,1,0,12,0,479,0,0,12,0,351,968,48,45,0,0,38,6,2,0,0,2,2,0,0
2,20,1,58,15,7,0,1.032627,0.96163,0.990035,49,2,1167,100,100,0,0,2,-100,0,100,-100,1,160,7,917,78,0,0,6080,387,0,26,0,1853,473,0,52,0,1017,0,0,4,0,479,0,0,12,0,351,718,48,34,0,0,0,2,2,0,0,2,2,0,0
2,20,2,67,15,7,0,1.006139,0.988496,0.993333,59,2,1167,100,100,0,0,2,-100,100,0,-100,1,160,7,535,57,0,0,6080,338,0,19,0,1853,439,0,38,0,1017,1,0,26,0,479,0,0,18,0,351,1004,72,51,0,0,33,13,3,0,0,3,3,0,0
2,20,3,62,15,7,0,1.027754,0.981761,0.973498,50,1,917,100,100,0,0,2,100,-100,-100,0,1,160,7,695,66,0,0,6080,369,0,22,0,1853,488,0,44,0,1017,0,0,14,0,479,0,0,15,0,351,707,60,44,0,0,44,7,4,0,0,4,4,0,0
2,21,0,73,19,7,0,1.003704,0.98734,0.990333,62,2,1167,100,100,0,0,2,0,-100,-100,100,1,160,7,724,87,0,0,6004,383,0,29,0,1850,514,0,58,0,973,0,0,22,0,536,0,0,0,0,395,961,0,57,0,0,46,11,3,0,0,3,3,0,0
2,21,1,63,19,7,0,1.037756,0.961285,0.990581,50,2,1167,100,100,0,0,2,-100,0,100,-100,1,160,7,973,75,0,0,6004,397,0,25,0,1850,498,0,50,0,973,0,0,14,0,536,0,0,0,0,395,721,0,47,0,0,3,7,4,0,0,4,4,0,0
2,21,2,67,19,7,0,1.006379,0.987763,0.994752,60,3,1417,100,100,0,0,2,-100,100,0,-100,1,160,7,565,60,0,0,6004,362,0,20,0,1850,459,0,40,0,973,0,0,34,0,536,0,0,0,0,395,963,0,92,0,0,14,17,36,0,0,2,2,0,0
2,21,3,63,19,7,0,1.02896,0.981655,0.970759,52,1,917,100,100,0,0,2,100,-100,-100,0,1,160,7,739,69,0,0,6004,350,0,23,0,1850,511,0,46,0,973,1,0,30,0,536,0,0,0,0,395,697,0,61,0,0,55,15,4,0,0,4,4,0,0
2,22,0,73,9,9,0,1.005055,0.983916,0.990812,63,2,1167,100,100,0,0,2,0,-100,-100,100,1,160,23,769,87,0,0,6048,433,0,29,0,1859,543,0,58,0,973,0,0,20,0,532,0,0,0,0,339,937,0,57,0,0,52,10,4,0,0,4,4,0,0
2,22,1,63,9,9,0,1.038361,0.963252,0.989915,53,2,1167,100,100,0,0,2,-100,0,100,-100,1,160,23,1022,78,0,0,6048,308,0,26,0,1859,524,0,52,0,973,1,0,14,0,532,0,0,0,0,339,801,0,50,0,0,5,7,5,0,0,5,5,0,0
2,22,2,65,9,9,0,1.007977,0.985505,0.99403,58,3,1417,100,100,0,0,2,-100,100,0,-100,1,160,23,582,57,0,0,6048,396,0,19,0,1859,478,0,38,0,973,0,0,28,0,532,0,0,2,0,339,960,8,53,0,0,25,14,3,0,0,3,3,0,0
2,22,3,65,9,9,0,1.030244,0.979628,0.970319,55,1,917,100,100,0,0,2,100,-100,-100,0,1,160,23,776,69,0,0,6048,328,0,23,0,1859,525,0,46,0,973,0,0,34,0,532,0,0,2,0,339,692,8,63,0,0,69,17,3,0,0,3,3,0,0
2,23,0,74,11,13,0,1.007383,0.983469,0.989497,65,3,1417,100,100,0,0,2,0,-100,-100,100,1,160,2,809,84,0,0,6088,332,0,28,0,1856,571,0,56,0,1049,1,0,2,0,425,0,0,30,0,395,1099,120,70,0,0,16,1,37,0,0,3,3,0,0
2,23,1,63,11,13,0,1.043605,0.959655,0.994181,55,2,1167,100,100,0,0,2,-100,0,100,-100,1,160,2,1067,75,0,0,6088,332,0,25,0,1856,546,0,50,0,1049,1,0,2,0,425,0,0,18,0,395,861,72,33,0,0,3,1,3,0,0,3,3,0,0
2,23,2,64,11,13,0,1.008681,0.981174,0.992965,57,3,1417,100,100,0,0,2,-100,100,0,-100,1,160,2,608,54,0,0,6088,433,0,18,0,1856,496,0,36,0,1049,1,0,6,0,425,4,0,29,0,395,1072,116,28,0,0,26,3,2,0,0,2,2,0,0
2,23,3,63,11,13,0,1.029708,0.981362,0.969271,54,2,1167,100,100,0,0,2,100,-100,-100,0,1,160,2,811,66,0,0,6088,305,0,22,0,1856,547,0,44,0,1049,1,0,10,0,425,0,0,24,0,395,743,96,74,0,0,36,5,38,0,0,4,4,0,0
2,24,0,73,16,11,0,1.006422,0.983168,0.986273,64,3,1417,100,100,0,0,2,0,-100,-100,100,1,160,3,860,84,0,0,6048,398,0,28,0,1862,599,0,56,0,988,1,0,26,0,536,0,0,0,0,422,1063,0,60,0,0,26,13,3,0,0,3,3,0,0
2,24,1,66,16,11,0,1.047848,0.956604,0.99697,56,2,1167,100,100,0,0,2,-100,0,100,-100,1,160,3,1118,72,0,0,6048,365,0,24,0,1862,570,0,48,0,988,1,0,14,0,536,0,0,0,0,422,862,0,44,0,0,7,7,3,0,0,3,3,0,0
2,24,2,62,16,11,0,1.009626,0.976614,0.992967,57,3,1417,100,100,0,0,2,-100,100,0,-100,1,160,3,627,57,0,0,6048,350,0,19,0,1862,515,0,38,0,988,1,0,20,0,536,0,0,4,0,422,1094,16,43,0,0,34,10,2,0,0,2,2,0,0
2,24,3,68,16,11,0,1.034529,0.979141,0.968812,57,2,1167,100,100,0,0,2,100,-100,-100,0,1,160,3,852,63,0,0,6048,285,0,21,0,1862,568,0,42,0,988,1,0,24,0,536,0,0,0,0,422,742,0,51,0,0,45,12,3,0,0,3,3,0,0
2,25,0,72,14,21,0,1.005299,0.979496,0.984014,63,3,1417,100,100,0,0,2,0,-100,-100,100,1,160,2,903,84,0,0,5904,465,0,28,0,1868,627,0,56,0,943,1,0,30,0,536,0,0,0,0,427,1022,0,64,0,0,38,15,3,0,0,3,3,0,0
2,25,1,65,14,21,0,1.048627,0.954376,0.991435,53,2,1167,100,100,0,0,2,-100,0,100,-100,1,160,2,1156,69,0,0,5904,388,0,23,0,1868,593,0,46,0,943,0,0,22,0,536,0,0,0,0,427,853,0,51,0,0,15,11,3,0,0,3,3,0,0
2,25,2,59,14,21,0,1.012079,0.971457,0.990672,54,3,1417,100,100,0,0,2,-100,100,0,-100,1,160,2,657,57,0,0,5904,381,0,19,0,1868,534,0,38,0,943,1,0,32,0,536,0,0,0,0,427,1072,0,55,0,0,48,16,2,0,0,2,2,0,0
2,25,3,66,14,21,0,1.035868,0.977262,0.968358,55,2,1167,100,100,0,0,2,100,-100,-100,0,1,160,2,881,57,0,0,5904,278,0,19,0,1868,587,0,38,0,943,1,0,34,0,536,0,0,0,0,427,741,0,61,0,0,58,17,4,0,0,4,4,0,0
2,26,0,73,16,12,0,1.007641,0.984138,0.984128,64,3,1417,97.036882,92.036882,1,1,2,0,-100,-100,100,1,160,1,952,84,0,0,6096,365,0,28,0,1874,655,0,56,0,940,1,0,30,0,536,0,0,0,0,309,1083,0,62,0,0,51,15,2,0,0,2,2,0,0
2,26,1,65,16,12,0,1.048381,0.951098,0.989441,53,2,1167,100,100,1,1,2,-100,0,100,-100,1,160,1,1167,69,0,0,6096,428,0,23,0,1874,616,0,46,0,940,0,0,20,0,536,0,0,0,0,309,845,0,53,0,0,20,10,5,0,0,5,5,0,0
2,26,2,60,16,12,0,1.016006,0.969754,0.99065,53,3,1417,100,100,1,1,2,-100,100,0,-100,1,160,1,689,54,0,0,6096,400,0,18,0,1874,552,0,36,0,940,1,0,40,0,536,0,0,0,0,309,1046,0,62,0,0,66,20,2,0,0,2,2,0,0
2,26,3,68,16,12,0,1.038851,0.972747,0.968098,58,2,1167,100,100,1,1,2,100,-100,-100,0,1,160,1,920,60,0,0,6096,272,0,20,0,1874,604,0,40,0,940,1,0,42,0,536,0,0,0,0,309,731,0,70,0,0,75,21,4,0,0,4,4,0,0
2,27,0,77,19,12,0,1.008657,0.982708,0.98397,65,3,1417,100,97.036882,1,1,2,0,-100,-100,100,1,160,1,1005,87,0,0,6136,439,0,29,0,1865,684,0,58,0,1014,1,0,18,0,482,0,0,6,0,430,1061,24,55,0,0,56,9,4,0,0,4,4,0,0
2,27,1,65,19,12,0,1.049176,0.949298,0.992564,55,2,1167,100,100,1,1,2,-100,0,100,-100,1,160,1,1167,66,0,0,6136,341,0,22,0,1865,638,0,44,0,1014,0,0,6,0,482,0,0,12,0,430,935,48,36,0,0,19,3,4,0,0,4,4,0,0
2,27,2,61,19,12,0,1.013216,0.970008,0.989484,52,3,1417,100,100,1,1,2,-100,100,0,-100,1,160,1,723,57,0,0,6136,321,0,19,0,1865,571,0,38,0,1014,0,0,22,0,482,0,0,12,0,430,1101,48,47,0,0,74,11,3,0,0,3,3,0,0
2,27,3,70,19,12,0,1.037678,0.971274,0.966618,58,2,1167,100,100,1,1,2,100,-100,-100,0,1,160,1,956,63,0,0,6136,255,0,21,0,1865,625,0,42,0,1014,1,0,12,0,482,0,0,21,0,430,805,84,39,0,0,78,6,3,0,0,3,3,0,0
2,28,0,58,13,29,0,1.009474,0.97672,0.991057,47,3,1417,100,100,1,1,2,0,-100,-100,100,1,160,17,1053,93,0,0,6112,331,0,31,0,1868,715,0,62,0,1021,1,0,6,0,451,15,0,12,0,497,1118,48,43,0,0,56,3,3,0,0,3,3,0,0
2,28,1,66,13,29,0,1.050794,0.948888,0.993389,57,2,1167,100,100,1,1,2,-100,0,100,-100,1,160,17,1167,66,0,0,6112,374,0,22,0,1868,657,0,44,0,1021,1,0,14,0,451,0,0,10,0,497,948,40,42,0,0,23,7,3,0,0,3,3,0,0
2,28,2,62,13,29,0,1.01509,0.967968,0.990767,53,3,1417,100,100,1,1,2,-100,100,0,-100,1,160,17,750,54,0,0,6112,338,0,18,0,1868,589,0,36,0,1021,1,0,8,0,451,0,0,24,0,497,1183,96,32,0,0,75,4,3,0,0,3,3,0,0
2,28,3,71,13,29,0,1.038796,0.970838,0.966787,59,2,1167,100,100,1,1,2,100,-100,-100,0,1,160,17,983,66,0,0,6112,235,0,22,0,1868,644,0,44,0,1021,0,0,22,0,451,0,0,24,0,497,865,96,54,0,0,84,11,5,0,0,5,5,0,0
2,29,0,53,15,29,0,1.008355,0.976772,0.982018,42,3,1417,100,100,1,1,2,0,-100,-100,100,1,160,0,1108,75,0,0,6024,320,0,25,0,1877,740,0,50,0,994,1,0,18,0,498,3,0,12,0,454,1126,48,49,0,0,62,9,3,0,0,3,3,0,0
2,29,1,63,15,29,0,1.053915,0.944926,0.989917,54,2,1167,100,100,1,1,2,-100,0,100,-100,1,160,0,1167,54,0,0,6024,410,0,18,0,1877,672,0,36,0,994,0,0,12,0,498,0,0,12,0,454,1001,48,36,0,0,26,6,3,0,0,3,3,0,0
2,29,2,62,15,29,0,1.018772,0.964928,0.987839,51,4,1667,100,100,1,1,2,-100,100,0,-100,1,160,0,762,39,0,0,6024,367,0,13,0,1877,602,0,26,0,994,0,0,24,0,498,0,0,10,0,454,1185,40,77,0,0,50,12,37,0,0,3,3,0,0
2,29,3,65,15,29,0,1.042561,0.972461,0.964254,59,3,1417,100,100,1,1,2,100,-100,-100,0,1,160,0,999,54,0,0,6024,210,0,18,0,1877,662,0,36,0,994,0,0,26,0,498,0,0,13,0,454,883,52,82,0,0,61,13,36,0,0,2,2,0,0
2,30,0,54,15,13,0,1.00956,0.976959,0.980352,44,3,1417,100,100,1,1,2,0,-100,-100,100,1,160,0,1160,72,0,0,6136,323,0,24,0,1925,764,0,48,0,903,10,0,26,0,536,0,0,3,0,436,1091,12,56,0,0,72,13,3,0,0,3,3,0,0
2,30,1,67,15,13,0,1.058161,0.943761,0.992317,56,3,1417,100,100,1,1,2,-100,0,100,-100,1,160,0,1167,57,0,0,6136,328,0,19,0,1925,688,0,38,0,903,1,0,38,0,536,0,0,0,0,436,959,0,97,0,0,8,19,37,0,0,3,3,0,0
2,30,2,61,15,13,0,1.024031,0.965221,0.993038,51,4,1667,100,100,1,1,2,-100,100,0,-100,1,160,0,772,39,0,0,6136,396,0,13,0,1925,615,0,26,0,903,1,0,40,0,536,0,0,0,0,436,1173,0,59,0,0,67,20,3,0,0,3,3,0,0
2,30,3,63,15,13,0,1.045554,0.974341,0.966354,56,3,1417,100,100,1,1,2,100,-100,-100,0,1,160,0,1014,48,0,0,6136,193,0,16,0,1925,678,0,32,0,903,0,0,48,0,536,0,0,0,0,436,862,0,68,0,0,83,24,2,0,0,2,2,0,0
2,31,0,57,21,7,0,1.009791,0.976364,0.980727,47,4,1667,100,100,1,1,2,0,-100,-100,100,1,160,7,1217,78,0,0,6132,323,0,26,0,1916,790,0,52,0,1014,1,0,18,0,422,10,0,14,0,338,1073,56,86,0,0,43,9,38,0,0,4,4,0,0
2,31,1,71,21,7,0,1.060072,0.940102,0.993991,58,3,1417,100,100,1,1,2,-100,0,100,-100,1,160,7,1198,63,0,0,6132,364,0,21,0,1916,703,0,42,0,1014,1,0,12,0,422,0,0,27,0,338,1078,108,41,0,0,10,6,4,0,0,4,4,0,0
2,31,2,64,21,7,0,1.027302,0.959821,0.993484,52,4,1667,100,100,1,1,2,-100,100,0,-100,1,160,7,794,42,0,0,6132,321,0,14,0,1916,629,0,28,0,1014,1,0,18,0,422,0,0,27,0,338,1387,108,38,0,0,73,9,3,0,0,3,3,0,0
2,31,3,67,21,7,0,1.051026,0.972512,0.965149,55,3,1417,100,100,1,1,2,100,-100,-100,0,1,160,7,1040,51,0,0,6132,169,0,17,0,1916,695,0,34,0,1014,1,0,18,0,422,5,0,25,0,338,975,100,41,0,0,89,9,3,0,0,3,3,0,0
2,32,0,58,16,11,0,1.013143,0.975963,0.979563,49,4,1667,100,100,1,1,2,0,-100,-100,100,1,160,1,1272,75,0,0,5960,337,0,25,0,1922,815,0,50,0,994,1,0,24,0,457,0,0,13,0,432,1082,52,55,0,0,52,12,3,0,0,3,3,0,0
2,32,1,72,16,11,0,1.064171,0.938691,0.992512,60,3,1417,100,100,1,1,2,-100,0,100,-100,1,160,1,1229,63,0,0,5960,424,0,21,0,1922,721,0,42,0,994,0,0,4,0,457,2,0,34,0,432,1224,136,35,0,0,7,2,5,0,0,5,5,0,0
2,32,2,67,16,11,0,1.029034,0.957838,0.99076,53,5,1917,100,100,1,1,2,-100,100,0,-100,1,160,1,804,39,0,0,5960,348,0,13,0,1922,642,0,26,0,994,0,0,10,0,457,3,0,31,0,432,1495,124,67,0,0,39,5,39,0,0,5,5,0,0
2,32,3,67,16,11,0,1.055495,0.970048,0.965699,55,3,1417,100,100,1,1,2,100,-100,-100,0,1,160,1,1057,45,0,0,5960,167,0,15,0,1922,710,0,30,0,994,1,0,42,0,457,0,0,9,0,432,1000,36,65,0,0,106,21,4,0,0,4,4,0,0
2,33,0,62,15,10,0,1.017284,0.973965,0.984182,51,4,1667,100,100,1,1,2,0,-100,-100,100,1,160,10,1327,75,0,0,6104,350,0,25,0,1922,840,0,50,0,884,10,0,32,0,536,0,0,0,0,516,1025,0,63,0,0,65,16,3,0,0,3,3,0,0
2,33,1,69,15,10,0,1.062874,0.940542,0.991451,61,3,1417,100,100,1,1,2,-100,0,100,-100,1,160,10,1248,60,0,0,6104,332,0,20,0,1922,741,0,40,0,884,1,0,46,0,536,0,0,2,0,516,1195,8,74,0,0,26,23,4,0,0,4,4,0,0
2,33,2,70,15,10,0,1.027479,0.957025,0.988735,55,5,1917,100,100,1,1,2,-100,100,0,-100,1,160,10,809,39,0,0,6104,380,0,13,0,1922,655,0,26,0,884,0,0,52,0,536,0,0,3,0,516,1447,12,75,0,0,60,26,5,0,0,5,5,0,0
2,33,3,68,15,10,0,1.057249,0.968063,0.964323,57,3,1417,100,100,1,1,2,100,-100,-100,0,1,160,10,1072,48,0,0,6104,172,0,16,0,1922,726,0,32,0,884,1,0,48,0,536,0,0,0,0,516,943,0,72,0,0,126,24,4,0,0,4,4,0,0
2,34,0,64,17,11,0,1.016913,0.97016,0.984725,53,4,1667,100,100,1,1,2,0,-100,-100,100,1,160,1,1385,81,0,0,5960,357,0,27,0,1904,867,0,54,0,955,5,0,32,0,438,4,0,16,0,598,1022,64,67,0,0,77,16,4,0,0,4,4,0,0
2,34,1,72,17,11,0,1.065955,0.939905,0.993829,62,4,1667,100,100,1,1,2,-100,0,100,-100,1,160,1,1282,60,0,0,5960,371,0,20,0,1904,761,0,40,0,955,1,0,24,0,438,0,0,21,0,598,1198,84,82,0,0,2,12,36,0,0,2,2,0,0
2,34,2,69,17,11,0,1.025907,0.957979,0.988589,56,5,1917,100,100,1,1,2,-100,100,0,-100,1,160,1,820,48,0,0,5960,414,0,16,0,1904,671,0,32,0,955,1,0,26,0,438,0,0,27,0,598,1504,108,52,0,0,68,13,5,0,0,5,5,0,0
2,34,3,70,17,11,0,1.058433,0.967573,0.963853,59,3,1417,100,100,1,1,2,100,-100,-100,0,1,160,1,1093,51,0,0,5960,175,0,17,0,1904,743,0,34,0,955,0,0,40,0,438,1,0,26,0,598,982,104,65,0,0,142,20,4,0,0,4,4,0,0
2,35,0,64,12,12,0,1.014972,0.969585,0.984688,57,5,1917,100,100,1,1,2,0,-100,-100,100,1,160,4,1443,90,0,0,6080,359,0,30,0,1898,897,0,60,0,862,17,0,32,0,536,0,0,4,0,341,948,16,102,0,0,56,16,37,0,0,3,3,0,0
2,35,1,69,12,12,0,1.067129,0.93852,0.993903,59,4,1667,100,100,1,1,2,-100,0,100,-100,1,160,4,1298,54,0,0,6080,409,0,18,0,1898,779,0,36,0,862,0,0,46,0,536,0,0,0,0,341,1174,0,72,0,0,21,23,4,0,0,4,4,0,0
2,35,2,70,12,12,0,1.030206,0.957009,0.988759,57,5,1917,100,100,1,1,2,-100,100,0,-100,1,160,4,837,48,0,0,6080,329,0,16,0,1898,687,0,32,0,862,1,0,44,0,536,0,0,0,0,341,1587,0,68,0,0,86,22,4,0,0,4,4,0,0
2,35,3,72,12,12,0,1.061462,0.965959,0.963423,61,3,1417,100,100,1,1,2,100,-100,-100,0,1,160,4,1113,51,0,0,6080,176,0,17,0,1898,760,0,34,0,862,8,0,54,0,536,0,0,1,0,341,955,4,79,0,0,165,27,4,0,0,4,4,0,0
2,36,0,58,18,22,0,1.015472,0.965588,0.981813,50,5,1917,93.244114,88.244114,2,2,2,0,-100,-100,100,1,160,0,1478,60,0,0,6040,379,0,20,0,1907,917,0,40,0,907,18,0,34,0,535,0,0,0,0,402,896,0,58,0,0,71,17,2,0,0,2,2,0,0
2,36,1,69,18,22,0,1.068258,0.941999,0.993461,58,4,1667,100,100,2,2,2,-100,0,100,-100,1,160,0,1303,39,0,0,6040,327,0,13,0,1907,792,0,26,0,907,0,0,44,0,535,0,0,1,0,402,1256,4,63,0,0,40,22,3,0,0,3,3,0,0
2,36,2,69,18,22,0,1.029816,0.956951,0.990751,58,5,1917,100,100,2,2,2,-100,100,0,-100,1,160,0,853,48,0,0,6040,379,0,16,0,1907,703,0,32,0,907,0,0,36,0,535,0,0,0,0,402,1549,0,62,0,0,99,18,5,0,0,5,5,0,0
2,36,3,75,18,22,0,1.068438,0.965033,0.958052,62,3,1417,100,100,2,2,2,100,-100,-100,0,1,160,0,1125,45,0,0,6040,209,0,15,0,1907,775,0,30,0,907,1,0,58,0,535,0,0,0,0,402,901,0,81,0,0,190,29,4,0,0,4,4,0,0
2,37,0,60,17,14,0,1.01688,0.963129,0.980534,51,5,1917,98.244114,93.244114,2,2,2,0,-100,-100,100,1,160,2,1519,63,0,0,5880,412,0,21,0,2058,891,0,42,0,1040,1,0,28,0,398,7,0,20,0,432,939,80,55,0,0,82,14,3,0,0,3,3,0,0
2,37,1,71,17,14,0,1.069731,0.938566,0.99269,59,4,1667,100,100,2,2,2,-100,0,100,-100,1,160,2,1308,36,0,0,5880,382,0,12,0,2058,792,0,24,0,1040,1,0,10,0,398,0,0,30,0,432,1396,120,30,0,0,41,5,4,0,0,4,4,0,0
2,37,2,70,17,14,0,1.034087,0.958831,0.989396,60,6,2167,100,100,2,2,2,-100,100,0,-100,1,160,2,870,48,0,0,5880,430,0,16,0,2058,695,0,32,0,1040,0,0,2,0,398,6,0,33,0,432,1670,132,58,0,0,63,1,37,0,0,3,3,0,0
2,37,3,73,17,14,0,1.069747,0.961097,0.957735,60,3,1417,100,100,2,2,2,100,-100,-100,0,1,160,2,1135,48,0,0,5880,230,0,16,0,2058,765,0,32,0,1040,1,0,8,0,398,5,0,31,0,432,1043,124,32,0,0,190,4,4,0,0,4,4,0,0
2,38,0,60,17,15,0,1.018241,0.959647,0.973023,50,5,1917,100,98.244114,2,2,2,0,-100,-100,100,1,160,4,1556,66,0,0,6136,330,0,22,0,1946,910,0,44,0,915,8,0,34,0,486,0,0,7,0,222,1010,28,62,0,0,96,17,3,0,0,3,3,0,0
2,38,1,72,17,15,0,1.070795,0.939244,0.991243,60,5,1917,100,100,2,2,2,-100,0,100,-100,1,160,4,1314,36,0,0,6136,435,0,12,0,1946,804,0,24,0,915,0,0,10,0,486,10,0,35,0,222,1526,140,64,0,0,8,5,38,0,0,4,4,0,0
2,38,2,71,17,15,0,1.040466,0.960632,0.985114,62,6,2167,100,100,2,2,2,-100,100,0,-100,1,160,4,881,45,0,0,6136,345,0,15,0,1946,710,0,30,0,915,0,0,48,0,486,0,0,6,0,222,1763,24,67,0,0,85,24,2,0,0,2,2,0,0
2,38,3,73,17,15,0,1.071918,0.960102,0.955336,60,3,1417,100,100,2,2,2,100,-100,-100,0,1,160,4,1147,45,0,0,6136,254,0,15,0,1946,780,0,30,0,915,0,0,54,0,486,0,0,10,0,222,1061,40,79,0,0,212,27,5,0,0,5,5,0,0
2,39,0,58,21,21,0,1.018731,0.96302,0.968064,48,5,1917,100,100,2,2,2,0,-100,-100,100,1,160,1,1584,54,0,0,6040,348,0,18,0,1946,928,0,36,0,917,0,0,32,0,477,6,0,19,0,310,1049,76,58,0,0,108,16,4,0,0,4,4,0,0
2,39,1,70,21,21,0,1.0719,0.938333,0.993155,59,5,1917,100,100,2,2,2,-100,0,100,-100,1,160,1,1320,39,0,0,6040,350,0,13,0,1946,817,0,26,0,917,0,0,54,0,477,0,0,10,0,310,1650,40,75,0,0,31,27,4,0,0,4,4,0,0
2,39,2,73,21,21,0,1.043055,0.9613,0.985753,61,6,2167,100,100,2,2,2,-100,100,0,-100,1,160,1,901,51,0,0,6040,377,0,17,0,1946,724,0,34,0,917,1,0,38,0,477,0,0,12,0,310,1798,48,61,0,0,101,19,3,0,0,3,3,0,0
2,39,3,75,21,21,0,1.07521,0.958628,0.959746,59,3,1417,100,100,2,2,2,100,-100,-100,0,1,160,1,1157,42,0,0,6040,279,0,14,0,1946,794,0,28,0,917,0,0,30,0,477,0,0,22,0,310,1148,88,52,0,0,223,15,4,0,0,4,4,0,0
2,40,0,59,14,10,0,1.018455,0.957113,0.969593,51,5,1917,100,100,2,2,2,0,-100,-100,100,1,160,2,1611,51,0,0,5920,369,0,17,0,1949,945,0,34,0,911,8,0,40,0,473,0,0,6,0,430,1033,24,63,0,0,125,20,3,0,0,3,3,0,0
2,40,1,70,14,10,0,1.077338,0.936652,0.998959,60,6,2167,100,100,2,2,2,-100,0,100,-100,1,160,2,1326,42,0,0,5920,386,0,14,0,1949,831,0,28,0,911,0,0,24,0,473,0,0,30,0,430,1742,120,78,0,0,6,12,37,0,0,3,3,0,0
2,40,2,75,14,10,0,1.047843,0.958602,0.98967,62,6,2167,100,100,2,2,2,-100,100,0,-100,1,160,2,926,57,0,0,5920,413,0,19,0,1949,743,0,38,0,911,1,0,42,0,473,0,0,15,0,430,1834,60,71,0,0,117,21,5,0,0,5,5,0,0
2,40,3,76,14,10,0,1.076581,0.957436,0.958698,61,3,1417,100,100,2,2,2,100,-100,-100,0,1,160,2,1162,45,0,0,5920,317,0,15,0,1949,809,0,30,0,911,0,0,44,0,473,0,0,15,0,430,1187,60,71,0,0,239,22,6,0,0,6,6,0,0
3,1,0,103,14,16,0,0.99945,0.995624,1.003011,0,0,667,99.500137,94.500137,1,1,2,0,100,-100,-100,1,160,0,111,75,0,0,5600,409,0,25,0,1856,122,0,50,0,987,0,0,88,0,378,37,0,49,0,386,236,196,147,0,0,27,44,17,0,0,17,17,0,0
3,1,1,100,14,16,0,0.998107,0.997197,1.003906,0,0,667,100,100,1,1,2,100,0,-100,-100,1,160,0,109,72,0,0,5600,394,0,24,0,1856,124,0,48,0,987,0,0,88,0,378,43,0,48,0,386,234,192,146,0,0,27,44,17,0,0,17,17,0,0
3,1,2,98,14,16,0,1.001175,0.996982,1.003225,0,0,667,100,100,1,1,2,-100,-100,0,100,1,160,0,107,72,0,0,5600,402,0,24,0,1856,124,0,48,0,987,1,0,90,0,378,37,0,48,0,386,223,192,148,0,0,28,45,17,0,0,17,17,0,0
3,1,3,97,14,16,0,1.000078,0.996854,1.003034,0,0,667,100,100,1,1,2,-100,-100,100,0,1,160,0,111,75,0,0,5600,385,0,25,0,1856,122,0,50,0,987,0,0,86,0,378,43,0,47,0,386,233,188,145,0,0,26,43,17,0,0,17,17,0,0
3,2,0,103,8,20,1,0.999462,0.995588,1.00355,16,0,667,100,99.500137,2,2,2,0,100,-100,-100,1,160,19,121,78,0,0,5640,480,0,26,0,1844,145,0,52,0,878,0,0,48,0,456,13,0,48,0,309,389,192,108,0,0,34,24,17,0,0,17,17,0,0
3,2,1,96,8,20,1,0.998191,0.998408,1.004271,15,0,667,96.224114,91.224114,2,2,2,100,0,-100,-100,1,160,19,117,78,0,0,5640,436,0,26,0,1844,150,0,52,0,878,1,0,42,0,456,16,0,44,0,309,377,176,102,0,0,31,21,17,0,0,17,17,0,0
3,2,2,93,8,20,1,1.001891,0.996575,1.003973,15,0,667,100,100,2,2,2,-100,-100,0,100,1,160,19,114,75,0,0,5640,455,0,25,0,1844,149,0,50,0,878,1,0,50,0,456,7,0,45,0,309,363,180,109,0,0,36,25,17,0,0,17,17,0,0
3,2,3,94,8,20,1,0.999548,0.995166,1.004119,15,0,667,100,100,2,2,2,-100,-100,100,0,1,160,19,115,69,0,0,5640,449,0,23,0,1844,145,0,46,0,878,0,0,44,0,456,20,0,47,0,309,392,188,101,0,0,31,22,17,0,0,17,17,0,0
3,3,0,104,13,38,1,0.999368,0.995813,1.002547,31,0,667,100,100,4,4,2,0,100,-100,-100,1,160,10,131,78,0,0,6400,351,0,26,0,1850,171,0,52,0,821,1,0,68,0,536,0,0,13,0,200,413,52,128,0,0,51,34,17,0,0,17,17,0,0
3,3,1,73,13,38,1,0.990387,0.997457,0.99625,30,0,667,92.547966,87.547966,4,4,2,100,0,-100,-100,1,160,10,123,72,0,0,6400,316,0,24,0,1850,174,0,48,0,821,1,0,44,0,536,0,0,16,0,200,408,64,92,0,0,41,22,12,0,0,12,12,0,0
3,3,2,96,13,38,1,1.000715,0.997345,1.001577,31,0,667,100,100,4,4,2,-100,-100,0,100,1,160,10,133,72,0,0,6400,338,0,24,0,1850,173,0,48,0,821,0,0,54,0,536,0,0,7,0,200,379,28,112,0,0,46,27,17,0,0,17,17,0,0
3,3,3,88,13,38,1,0.998775,0.99005,0.999808,30,0,667,92.081769,87.081769,4,4,2,-100,-100,100,0,1,160,10,119,66,0,0,6400,333,0,22,0,1850,167,0,44,0,821,1,0,66,0,536,0,0,20,0,200,434,80,122,0,0,47,33,17,0,0,17,17,0,0
3,4,0,73,11,56,5,0.990894,0.994657,1.000071,40,0,667,97.006754,92.006754,5,5,2,0,100,-100,-100,1,160,3,120,57,0,0,5712,412,0,19,0,1850,190,0,38,0,917,0,0,22,0,430,0,0,28,0,371,497,112,67,0,0,49,11,13,0,0,13,13,0,0
3,4,1,73,11,56,5,0.990335,0.995654,0.993642,39,0,667,97.547966,92.547966,5,5,2,100,0,-100,-100,1,160,3,154,63,0,0,5712,358,0,21,0,1850,195,0,42,0,917,0,0,26,0,430,0,0,21,0,371,458,84,73,0,0,41,13,13,0,0,13,13,0,0
3,4,2,87,11,56,5,1.002818,1.002761,0.999537,42,0,667,100,100,5,5,2,-100,-100,0,100,1,160,3,137,66,0,0,5712,380,0,22,0,1850,195,0,44,0,917,0,0,42,0,430,0,0,30,0,371,458,120,98,0,0,50,21,17,0,0,17,17,0,0
3,4,3,83,11,56,5,0.999805,0.989123,0.999547,43,0,667,97.081769,92.081769,5,5,2,-100,-100,100,0,1,160,3,137,69,0,0,5712,398,0,23,0,1850,190,0,46,0,917,0,0,28,0,430,0,0,27,0,371,506,108,81,0,0,46,14,15,0,0,15,15,0,0
3,5,0,73,14,14,0,0.991775,0.99451,1.000187,50,0,667,93.649931,88.649931,6,6,2,0,100,-100,-100,1,160,3,137,54,0,0,5920,321,0,18,0,1889,208,0,36,0,902,0,0,38,0,508,0,0,9,0,343,561,36,76,0,0,58,19,10,0,0,10,10,0,0
3,5,1,75,14,14,0,0.993083,0.996931,0.994096,50,0,667,100,97.547966,6,6,2,100,0,-100,-100,1,160,3,180,66,0,0,5920,407,0,22,0,1889,217,0,44,0,902,1,0,32,0,508,0,0,7,0,343,449,28,76,0,0,46,16,11,0,0,11,11,0,0
3,5,2,87,14,14,0,1.005327,1.000585,0.996704,57,0,667,100,100,6,6,2,-100,-100,0,100,1,160,3,153,63,0,0,5920,432,0,21,0,1889,213,0,42,0,902,0,0,54,0,508,0,0,9,0,343,445,36,103,0,0,63,27,14,0,0,14,14,0,0
3,5,3,81,14,14,0,0.998297,0.987828,1.001585,56,0,667,100,97.081769,6,6,2,-100,-100,100,0,1,160,3,160,69,0,0,5920,444,0,23,0,1889,213,0,46,0,902,1,0,44,0,508,0,0,3,0,343,480,12,89,0,0,57,22,11,0,0,11,11,0,0
3,6,0,74,16,26,10,0.988375,0.996145,0.998913,56,1,917,98.649931,93.649931,6,6,2,0,100,-100,-100,1,160,11,163,54,0,0,6040,422,0,18,0,1925,217,0,36,0,1072,0,0,0,0,348,4,0,34,0,202,601,136,66,0,0,17,0,41,0,0,7,7,0,0
3,6,1,75,16,26,10,0.993833,0.995693,0.99547,56,1,917,100,100,6,6,2,100,0,-100,-100,1,160,11,218,63,0,0,6040,479,0,21,0,1925,223,0,42,0,1072,1,0,0,0,348,10,0,32,0,202,540,128,69,0,0,5,0,41,0,0,7,7,0,0
3,6,2,78,16,26,10,1.00192,0.998723,1.001337,68,1,917,100,100,6,6,2,-100,-100,0,100,1,160,11,151,60,0,0,6040,325,0,20,0,1925,230,0,40,0,1072,0,0,0,0,348,32,0,30,0,202,605,120,62,0,0,25,0,38,0,0,4,4,0,0
3,6,3,79,16,26,10,0.99409,0.984946,1.001802,64,1,917,100,100,6,6,2,-100,-100,100,0,1,160,11,177,66,0,0,6040,341,0,22,0,1925,232,0,44,0,1072,1,0,0,0,348,11,0,35,0,202,599,140,68,0,0,17,0,40,0,0,6,6,0,0
3,7,0,77,11,9,0,0.988329,0.993817,0.997961,63,1,917,100,98.649931,8,8,2,0,100,-100,-100,1,160,12,184,60,0,0,6112,328,0,20,0,1886,237,0,40,0,842,1,0,50,0,536,0,0,4,0,294,654,16,82,0,0,36,25,6,0,0,6,6,0,0
3,7,1,73,11,9,0,0.9918,0.993837,0.997248,60,1,917,83.653792,78.653792,8,8,2,100,0,-100,-100,1,160,12,242,66,0,0,6112,382,0,22,0,1886,245,0,44,0,842,1,0,48,0,536,0,0,10,0,294,604,40,82,0,0,23,24,6,0,0,6,6,0,0
3,7,2,77,11,9,0,1.002217,0.997543,1.00326,70,1,917,100,100,8,8,2,-100,-100,0,100,1,160,12,162,57,0,0,6112,372,0,19,0,1886,249,0,38,0,842,2,0,66,0,536,0,0,32,0,294,678,128,91,0,0,55,33,3,0,0,3,3,0,0
3,7,3,81,11,9,0,0.995313,0.986311,1.002191,68,1,917,100,100,8,8,2,-100,-100,100,0,1,160,12,205,69,0,0,6112,383,0,23,0,1886,255,0,46,0,842,0,0,58,0,536,0,0,11,0,294,597,44,91,0,0,41,29,5,0,0,5,5,0,0
3,8,0,72,14,36,3,0.986571,0.993408,0.992307,62,1,917,96.520608,91.520608,10,10,2,0,100,-100,-100,1,160,4,196,54,0,0,5720,433,0,18,0,1886,255,0,36,0,1050,0,0,6,0,329,8,0,34,0,492,772,136,30,0,0,36,3,3,0,0,3,3,0,0
3,8,1,69,14,36,3,0.993815,0.994206,0.996369,61,1,917,88.653792,83.653792,10,10,2,100,0,-100,-100,1,160,4,259,57,0,0,5720,474,0,19,0,1886,264,0,38,0,1050,1,0,6,0,329,0,0,33,0,492,726,132,31,0,0,23,3,3,0,0,3,3,0,0
3,8,2,71,14,36,3,1.002327,0.993789,1.002624,64,2,1167,100,100,10,10,2,-100,-100,0,100,1,160,4,168,42,0,0,5720,425,0,14,0,1886,263,0,28,0,1050,0,0,6,0,329,28,0,32,0,492,784,128,58,0,0,22,3,36,0,0,2,2,0,0
3,8,3,74,14,36,3,0.990632,0.984679,0.999744,61,1,917,92.598844,87.598844,10,10,2,-100,-100,100,0,1,160,4,232,66,0,0,5720,416,0,22,0,1886,277,0,44,0,1050,1,0,6,0,329,0,0,33,0,492,729,132,36,0,0,40,3,4,0,0,4,4,0,0
3,9,0,73,8,29,0,0.986658,0.991853,0.992576,64,2,1167,92.852374,87.852374,11,11,2,0,100,-100,-100,1,160,16,210,51,0,0,6400,344,0,17,0,1922,269,0,34,0,942,0,0,32,0,536,0,0,8,0,0,840,32,91,0,0,14,16,38,0,0,4,4,0,0
3,9,1,64,8,29,0,0.991526,0.99318,0.995161,57,2,1167,93.653792,88.653792,11,11,2,100,0,-100,-100,1,160,16,275,54,0,0,6400,387,0,18,0,1922,282,0,36,0,942,1,0,30,0,536,0,0,0,0,0,764,0,88,0,0,1,15,37,0,0,3,3,0,0
3,9,2,59,8,29,0,1.005445,0.992164,1.00146,53,2,1167,100,100,11,11,2,-100,-100,0,100,1,160,16,150,27,0,0,6400,345,0,9,0,1922,272,0,18,0,942,1,0,36,0,536,1,0,27,0,0,954,108,49,0,0,38,18,2,0,0,2,2,0,0
3,9,3,69,8,29,0,0.989636,0.982982,0.999544,59,2,1167,97.598844,92.598844,11,11,2,-100,-100,100,0,1,160,16,254,63,0,0,6400,321,0,21,0,1922,298,0,42,0,942,0,0,32,0,536,0,0,0,0,0,768,0,95,0,0,18,16,38,0,0,4,4,0,0
3,10,0,78,18,11,0,0.991953,0.9932,0.9909,67,2,1167,89.760644,84.760644,12,12,2,0,100,-100,-100,1,160,3,225,51,0,0,5832,454,0,17,0,2015,265,0,34,0,886,1,0,50,0,536,0,0,0,0,447,799,0,71,0,0,37,25,2,0,0,2,2,0,0
3,10,1,65,18,11,0,0.995087,0.992489,0.998424,57,2,1167,98.653792,93.653792,12,12,2,100,0,-100,-100,1,160,3,307,57,0,0,5832,440,0,19,0,2015,277,0,38,0,886,1,0,36,0,536,0,0,0,0,447,738,0,59,0,0,17,18,2,0,0,2,2,0,0
3,10,2,59,18,11,0,1.00763,0.991444,1.00463,54,2,1167,100,100,12,12,2,-100,-100,0,100,1,160,3,154,27,0,0,5832,373,0,9,0,2015,273,0,18,0,886,8,0,50,0,536,0,0,1,0,447,936,4,61,0,0,62,25,1,0,0,1,1,0,0
3,10,3,70,18,11,0,0.991353,0.98017,0.998643,61,2,1167,100,97.598844,12,12,2,-100,-100,100,0,1,160,3,286,60,0,0,5832,352,0,20,0,2015,299,0,40,0,886,0,0,36,0,536,0,0,0,0,447,757,0,62,0,0,33,18,3,0,0,3,3,0,0
3,11,0,78,13,14,0,0.995844,0.991691,0.994165,67,2,1167,94.760644,89.760644,13,13,2,0,100,-100,-100,1,160,4,232,57,0,0,6184,357,0,19,0,1937,284,0,38,0,975,1,0,28,0,452,0,0,18,0,324,918,72,55,0,0,47,14,4,0,0,4,4,0,0
3,11,1,61,13,14,0,0.995565,0.992312,0.997538,57,2,1167,100,98.653792,13,13,2,100,0,-100,-100,1,160,4,327,57,0,0,6184,356,0,19,0,1937,296,0,38,0,975,0,0,16,0,452,0,0,16,0,324,838,64,37,0,0,24,8,1,0,0,1,1,0,0
3,11,2,60,13,14,0,1.009582,0.990719,1.003911,53,3,1417,100,100,13,13,2,-100,-100,0,100,1,160,4,164,33,0,0,6184,391,0,11,0,1937,284,0,22,0,975,0,0,40,0,452,7,0,23,0,324,972,92,89,0,0,46,20,36,0,0,2,2,0,0
3,11,3,72,13,14,0,0.992527,0.978327,0.998692,61,2,1167,92.428792,87.428792,13,13,2,-100,-100,100,0,1,160,4,318,60,0,0,6184,390,0,20,0,1937,319,0,40,0,975,1,0,20,0,452,0,0,18,0,324,834,72,46,0,0,40,10,3,0,0,3,3,0,0
3,12,0,78,13,11,0,1.0017,0.989263,0.996259,67,3,1417,84.066208,79.066208,15,15,2,0,100,-100,-100,1,160,11,253,63,0,0,5832,458,0,21,0,2062,274,0,42,0,1037,0,0,4,0,435,3,0,36,0,450,1028,144,67,0,0,11,2,38,0,0,4,4,0,0
3,12,1,64,13,11,0,0.996984,0.991402,0.999397,57,2,1167,100,100,15,15,2,100,0,-100,-100,1,160,11,364,60,0,0,5832,403,0,20,0,2062,280,0,40,0,1037,0,0,2,0,435,3,0,26,0,450,946,104,26,0,0,23,1,2,0,0,2,2,0,0
3,12,2,60,13,11,0,1.009499,0.989172,1.00388,52,3,1417,100,100,15,15,2,-100,-100,0,100,1,160,11,173,36,0,0,5832,407,0,12,0,2062,268,0,24,0,1037,1,0,26,0,435,0,0,10,0,450,1001,40,44,0,0,56,13,3,0,0,3,3,0,0
3,12,3,71,13,11,0,0.99126,0.978123,0.998126,61,2,1167,97.428792,92.428792,15,15,2,-100,-100,100,0,1,160,11,339,60,0,0,5832,434,0,20,0,2062,297,0,40,0,1037,0,0,4,0,435,0,0,30,0,450,970,120,32,0,0,38,2,4,0,0,4,4,0,0
3,13,0,81,13,6,0,1.005209,0.98926,0.996467,70,3,1417,89.066208,84.066208,15,15,2,0,100,-100,-100,1,160,17,275,66,0,0,6400,358,0,22,0,1928,293,0,44,0,1009,1,0,18,0,447,0,0,12,0,349,1097,48,48,0,0,16,9,4,0,0,4,4,0,0
3,13,1,65,13,6,0,0.997963,0.993122,0.99935,58,2,1167,100,100,15,15,2,100,0,-100,-100,1,160,17,387,60,0,0,6400,319,0,20,0,1928,297,0,40,0,1009,1,0,20,0,447,0,0,9,0,349,998,36,46,0,0,30,10,3,0,0,3,3,0,0
3,13,2,63,13,6,0,1.011328,0.988872,1.006199,54,3,1417,100,100,15,15,2,-100,-100,0,100,1,160,17,184,39,0,0,6400,334,0,13,0,1928,281,0,26,0,1009,1,0,12,0,447,17,0,23,0,349,1115,92,31,0,0,59,6,3,0,0,3,3,0,0
3,13,3,71,13,6,0,0.988631,0.974685,0.997463,62,3,1417,100,97.428792,15,15,2,-100,-100,100,0,1,160,17,357,54,0,0,6400,345,0,18,0,1928,315,0,36,0,1009,0,0,10,0,447,0,0,32,0,349,1097,128,68,0,0,6,5,37,0,0,3,3,0,0
3,14,0,84,21,9,0,1.007904,0.989603,0.998479,72,3,1417,85.624023,80.624023,16,16,2,0,100,-100,-100,1,160,4,307,75,0,0,5816,444,0,25,0,1919,315,0,50,0,903,1,0,34,0,536,0,0,0,0,450,1063,0,67,0,0,29,17,4,0,0,4,4,0,0
3,14,1,69,21,9,0,1.000817,0.992371,0.996006,60,2,1167,100,100,16,16,2,100,0,-100,-100,1,160,4,422,60,0,0,5816,370,0,20,0,1919,314,0,40,0,903,0,0,42,0,536,0,0,0,0,450,962,0,66,0,0,49,21,2,0,0,2,2,0,0
3,14,2,65,21,9,0,1.007082,0.990862,1.006821,54,3,1417,100,100,16,16,2,-100,-100,0,100,1,160,4,199,42,0,0,5816,361,0,14,0,1919,295,0,28,0,903,3,0,48,0,536,0,0,17,0,450,1148,68,68,0,0,80,24,3,0,0,3,3,0,0
3,14,3,74,21,9,0,0.991311,0.974521,0.996117,62,3,1417,100,100,16,16,2,-100,-100,100,0,1,160,4,378,54,0,0,5816,408,0,18,0,1919,333,0,36,0,903,0,0,38,0,536,0,0,0,0,450,1080,0,62,0,0,22,19,3,0,0,3,3,0,0
3,15,0,81,10,19,1,1.005816,0.99039,1.000586,73,3,1417,90.624023,85.624023,17,17,2,0,100,-100,-100,1,160,2,325,66,0,0,6152,338,0,22,0,1964,322,0,44,0,977,1,0,22,0,514,0,0,8,0,261,1188,32,50,0,0,37,11,3,0,0,3,3,0,0
3,15,1,66,10,19,1,0.999859,0.993144,0.993119,60,2,1167,96.279633,91.279633,17,17,2,100,0,-100,-100,1,160,2,448,60,0,0,6152,417,0,20,0,1964,318,0,40,0,977,0,0,16,0,514,0,0,7,0,261,975,28,42,0,0,54,8,3,0,0,3,3,0,0
3,15,2,64,10,19,1,1.008521,0.991548,1.009431,55,3,1417,100,100,17,17,2,-100,-100,0,100,1,160,2,213,42,0,0,6152,378,0,14,0,1964,300,0,28,0,977,1,0,32,0,514,0,0,6,0,261,1157,24,54,0,0,92,16,4,0,0,4,4,0,0
3,15,3,72,10,19,1,0.994998,0.974379,0.996712,59,3,1417,100,100,17,17,2,-100,-100,100,0,1,160,2,389,48,0,0,6152,318,0,16,0,1964,329,0,32,0,977,1,0,26,0,514,0,0,1,0,261,1152,4,52,0,0,30,13,5,0,0,5,5,0,0
3,16,0,82,11,14,0,1.004864,0.989397,1.002997,75,4,1667,95.624023,90.624023,18,18,2,0,100,-100,-100,1,160,24,344,69,0,0,5976,418,0,23,0,1925,345,0,46,0,1014,0,0,16,0,368,5,0,37,0,433,1286,148,77,0,0,9,8,36,0,0,2,2,0,0
3,16,1,67,11,14,0,0.999954,0.992698,0.991816,60,3,1417,93.061221,88.061221,18,18,2,100,0,-100,-100,1,160,24,471,57,0,0,5976,332,0,19,0,1925,337,0,38,0,1014,0,0,12,0,368,16,0,26,0,433,1068,104,69,0,0,24,6,36,0,0,2,2,0,0
3,16,2,61,11,14,0,1.010071,0.987289,1.007599,57,4,1667,100,100,18,18,2,-100,-100,0,100,1,160,24,220,42,0,0,5976,380,0,14,0,1925,314,0,28,0,1014,0,0,10,0,368,27,0,24,0,433,1231,96,60,0,0,62,5,35,0,0,1,1,0,0
3,16,3,70,11,14,0,0.996161,0.969726,0.997822,60,4,1667,100,100,18,18,2,-100,-100,100,0,1,160,24,399,48,0,0,5976,374,0,16,0,1925,345,0,32,0,1014,1,0,20,0,368,0,0,30,0,433,1238,120,78,0,0,2,10,38,0,0,4,4,0,0
3,17,0,85,14,18,0,1.003803,0.987473,1.003907,75,4,1667,92.409077,87.409077,19,19,2,0,100,-100,-100,1,160,2,374,66,0,0,6040,314,0,22,0,1925,367,0,44,0,1034,0,0,12,0,484,0,0,10,0,333,1434,40,38,0,0,13,6,2,0,0,2,2,0,0
3,17,1,68,14,18,0,1.003634,0.990184,0.989915,60,3,1417,98.061221,93.061221,19,19,2,100,0,-100,-100,1,160,2,500,60,0,0,6040,373,0,20,0,1925,357,0,40,0,1034,0,0,10,0,484,0,0,20,0,333,1139,80,36,0,0,26,5,3,0,0,3,3,0,0
3,17,2,62,14,18,0,1.013433,0.987214,1.008433,56,4,1667,100,100,19,19,2,-100,-100,0,100,1,160,2,233,42,0,0,6040,385,0,14,0,1925,328,0,28,0,1034,0,0,16,0,484,6,0,24,0,333,1335,96,34,0,0,68,8,2,0,0,2,2,0,0
3,17,3,61,14,18,0,0.996304,0.967979,0.992868,53,4,1667,100,100,19,19,2,-100,-100,100,0,1,160,2,409,48,0,0,6040,432,0,16,0,1925,361,0,32,0,1034,1,0,0,0,484,0,0,18,0,333,1338,72,20,0,0,0,0,2,0,0,2,2,0,0
3,18,0,84,12,12,0,1.002967,0.987093,1.00415,74,4,1667,97.409077,92.409077,20,20,2,0,100,-100,-100,1,160,0,405,72,0,0,6008,381,0,24,0,1919,388,0,48,0,982,1,0,20,0,476,0,0,27,0,323,1538,108,52,0,0,19,10,4,0,0,4,4,0,0
3,18,1,72,12,12,0,1.007864,0.987968,0.990255,61,3,1417,100,98.061221,20,20,2,100,0,-100,-100,1,160,0,539,63,0,0,6008,412,0,21,0,1919,375,0,42,0,982,1,0,14,0,476,1,0,26,0,323,1232,104,41,0,0,30,7,3,0,0,3,3,0,0
3,18,2,60,12,12,0,1.014182,0.987587,1.006595,55,4,1667,100,100,20,20,2,-100,-100,0,100,1,160,0,256,48,0,0,6008,379,0,16,0,1919,344,0,32,0,982,1,0,44,0,476,0,0,6,0,323,1334,24,64,0,0,88,22,2,0,0,2,2,0,0
3,18,3,60,12,12,0,1.000861,0.967474,0.990824,53,4,1667,96.248845,91.248845,20,20,2,-100,-100,100,0,1,160,0,431,48,0,0,6008,355,0,16,0,1919,374,0,32,0,982,0,0,10,0,476,0,0,6,0,323,1471,24,30,0,0,3,5,2,0,0,2,2,0,0
3,19,0,85,14,10,0,1.004013,0.987007,1.003452,76,5,1917,100,97.409077,22,22,2,0,100,-100,-100,1,160,4,432,72,0,0,6032,449,0,24,0,1913,409,0,48,0,946,1,0,36,0,516,0,0,9,0,319,1522,36,100,0,0,0,18,37,0,0,3,3,0,0
3,19,1,73,14,10,0,1.010166,0.987437,0.992388,63,4,1667,96.325997,91.325997,22,22,2,100,0,-100,-100,1,160,4,566,63,0,0,6032,319,0,21,0,1913,396,0,42,0,946,1,0,36,0,516,0,0,1,0,319,1276,4,97,0,0,11,18,37,0,0,3,3,0,0
3,19,2,60,14,10,0,1.01581,0.986523,1.007374,55,4,1667,100,100,22,22,2,-100,-100,0,100,1,160,4,283,51,0,0,6032,366,0,17,0,1913,361,0,34,0,946,0,0,34,0,516,0,0,7,0,319,1343,28,55,0,0,103,17,2,0,0,2,2,0,0
3,19,3,62,14,10,0,1.00244,0.971423,0.99038,53,4,1667,92.543385,87.543385,22,22,2,-100,-100,100,0,1,160,4,455,48,0,0,6032,391,0,16,0,1913,390,0,32,0,946,0,0,18,0,516,0,0,4,0,319,1504,16,40,0,0,9,9,3,0,0,3,3,0,0
3,20,0,79,12,21,0,1.004559,0.985412,1.001457,72,5,1917,96.755538,91.755538,23,23,2,0,100,-100,-100,1,160,12,447,69,0,0,6064,341,0,23,0,1913,432,0,46,0,858,1,0,52,0,536,0,0,0,0,416,1503,0,79,0,0,24,26,2,0,0,2,2,0,0
3,20,1,71,12,21,0,1.007717,0.989997,0.990564,64,4,1667,100,96.325997,23,23,2,100,0,-100,-100,1,160,12,600,66,0,0,6064,368,0,22,0,1913,418,0,44,0,858,7,0,54,0,536,0,0,0,0,416,1212,0,82,0,0,35,27,3,0,0,3,3,0,0
3,20,2,60,12,21,0,1.017592,0.991395,1.005313,54,4,1667,100,100,23,23,2,-100,-100,0,100,1,160,12,306,48,0,0,6064,370,0,16,0,1913,377,0,32,0,858,13,0,44,0,536,0,0,0,0,416,1303,0,64,0,0,123,22,2,0,0,2,2,0,0
3,20,3,61,12,21,0,1.003405,0.971249,0.990779,54,4,1667,97.543385,92.543385,23,23,2,-100,-100,100,0,1,160,12,479,51,0,0,6064,416,0,17,0,1913,404,0,34,0,858,1,0,32,0,536,0,0,0,0,416,1487,0,53,0,0,23,16,2,0,0,2,2,0,0
3,21,0,78,7,13,0,1.005119,0.984906,0.998871,71,5,1917,100,96.755538,23,23,2,0,100,-100,-100,1,160,13,469,69,0,0,6016,391,0,23,0,1910,455,0,46,0,913,1,0,48,0,487,0,0,3,0,361,1489,12,77,0,0,45,24,3,0,0,3,3,0,0
3,21,1,70,7,13,0,1.003962,0.990541,0.990765,65,4,1667,100,100,23,23,2,100,0,-100,-100,1,160,13,626,66,0,0,6016,427,0,22,0,1910,437,0,44,0,913,1,0,42,0,487,0,0,17,0,361,1239,68,68,0,0,54,21,2,0,0,2,2,0,0
3,21,2,58,7,13,0,1.015651,0.986813,1.00003,51,4,1667,100,100,23,23,2,-100,-100,0,100,1,160,13,323,48,0,0,6016,374,0,16,0,1910,393,0,32,0,913,10,0,42,0,487,0,0,15,0,361,1334,60,62,0,0,142,21,2,0,0,2,2,0,0
3,21,3,59,7,13,0,1.001561,0.972569,0.986372,54,4,1667,100,97.543385,23,23,2,-100,-100,100,0,1,160,13,500,54,0,0,6016,337,0,18,0,1910,419,0,36,0,913,0,0,16,0,487,0,0,14,0,361,1633,56,38,0,0,29,8,2,0,0,2,2,0,0
3,22,0,81,16,32,0,1.00268,0.983126,0.999059,73,5,1917,96.622145,91.622145,24,24,2,0,100,-100,-100,1,160,10,500,72,0,0,6072,441,0,24,0,1901,479,0,48,0,891,1,0,46,0,536,0,0,0,0,500,1440,0,74,0,0,66,23,2,0,0,2,2,0,0
3,22,1,49,16,32,0,1.009538,0.986561,0.999037,42,4,1667,100,100,24,24,2,100,0,-100,-100,1,160,10,640,57,0,0,6072,338,0,19,0,1901,456,0,38,0,891,24,0,22,0,536,0,0,0,0,500,1244,0,45,0,0,63,11,2,0,0,2,2,0,0
3,22,2,60,16,32,0,1.016217,0.987575,1.00096,51,4,1667,100,100,24,24,2,-100,-100,0,100,1,160,10,351,54,0,0,6072,370,0,18,0,1901,411,0,36,0,891,19,0,42,0,536,0,0,0,0,500,1278,0,66,0,0,160,21,3,0,0,3,3,0,0
3,22,3,59,16,32,0,0.998711,0.971078,0.985394,53,5,1917,100,100,24,24,2,-100,-100,100,0,1,160,10,522,51,0,0,6072,357,0,17,0,1901,433,0,34,0,891,0,0,30,0,536,0,0,0,0,500,1560,0,85,0,0,8,15,36,0,0,2,2,0,0
3,23,0,79,11,19,0,1.003278,0.98231,0.998029,69,5,1917,100,96.622145,26,26,2,0,100,-100,-100,1,160,19,528,78,0,0,6168,334,0,26,0,1895,505,0,52,0,1011,0,0,24,0,461,0,0,9,0,354,1570,36,56,0,0,75,12,3,0,0,3,3,0,0
3,23,1,46,11,19,0,1.01341,0.983335,1.00261,40,4,1667,92.206802,87.206802,26,26,2,100,0,-100,-100,1,160,19,681,63,0,0,6168,324,0,21,0,1895,474,0,42,0,1011,16,0,20,0,461,0,0,6,0,354,1232,24,45,0,0,71,10,2,0,0,2,2,0,0
3,23,2,60,11,19,0,1.019405,0.984154,0.9998,51,4,1667,100,100,26,26,2,-100,-100,0,100,1,160,19,388,60,0,0,6168,362,0,20,0,1895,431,0,40,0,1011,1,0,32,0,461,3,0,21,0,354,1340,84,58,0,0,173,16,3,0,0,3,3,0,0
3,23,3,56,11,19,0,0.998747,0.968989,0.984632,51,5,1917,95.656164,90.656164,26,26,2,-100,-100,100,0,1,160,19,543,51,0,0,6168,369,0,17,0,1895,450,0,34,0,1011,0,0,10,0,461,0,0,9,0,354,1616,36,31,0,0,11,5,2,0,0,2,2,0,0
3,24,0,80,18,11,1,1.001103,0.980922,0.997218,70,6,2167,100,100,28,28,2,0,100,-100,-100,1,160,0,569,78,0,0,6043,387,0,26,0,1892,531,0,52,0,1021,0,0,0,0,450,3,0,36,0,411,1701,144,68,0,0,37,0,38,0,0,4,4,0,0
3,24,1,51,18,11,1,1.014719,0.981377,1.002275,41,4,1667,88.928734,83.928734,28,28,2,100,0,-100,-100,1,160,0,726,60,0,0,6043,314,0,20,0,1892,494,0,40,0,1021,0,0,16,0,450,12,0,12,0,411,1265,48,40,0,0,77,8,2,0,0,2,2,0,0
3,24,2,60,18,11,1,1.018926,0.989045,1.007763,49,4,1667,100,100,28,28,2,-100,-100,0,100,1,160,0,428,63,0,0,6043,329,0,21,0,1892,452,0,42,0,1021,5,0,38,0,450,0,0,3,0,411,1336,12,65,0,0,189,19,3,0,0,3,3,0,0
3,24,3,57,18,11,1,1.003058,0.967162,0.980291,51,5,1917,92.632317,87.632317,28,28,2,-100,-100,100,0,1,160,0,578,51,0,0,6043,383,0,17,0,1892,467,0,34,0,1021,0,0,0,0,450,0,0,23,0,411,1747,92,21,0,0,9,0,2,0,0,2,2,0,0
3,25,0,78,17,16,0,1.002594,0.979504,0.995772,69,6,2167,100,100,29,29,2,0,100,-100,-100,1,160,4,607,75,0,0,6000,418,0,25,0,1892,556,0,50,0,911,0,0,48,0,536,0,0,3,0,429,1695,12,79,0,0,58,24,3,0,0,3,3,0,0
3,25,1,55,17,16,0,1.018931,0.984417,1.005486,42,4,1667,93.928734,88.928734,29,29,2,100,0,-100,-100,1,160,4,777,63,0,0,6000,314,0,21,0,1892,512,0,42,0,911,12,0,30,0,536,0,0,12,0,429,1272,48,59,0,0,88,15,4,0,0,4,4,0,0
3,25,2,62,17,16,0,1.021292,0.992491,1.009602,50,4,1667,100,100,29,29,2,-100,-100,0,100,1,160,4,466,60,0,0,6000,337,0,20,0,1892,472,0,40,0,911,3,0,46,0,536,0,0,0,0,429,1298,0,74,0,0,208,23,4,0,0,4,4,0,0
3,25,3,54,17,16,0,1.009157,0.965446,0.980921,45,5,1917,89.236249,84.236249,29,29,2,-100,-100,100,0,1,160,4,589,36,0,0,6000,402,0,12,0,1892,479,0,24,0,911,1,0,26,0,536,0,0,0,0,429,1761,0,42,0,0,20,13,2,0,0,2,2,0,0
3,26,0,81,17,11,0,1.003651,0.980937,0.992681,70,7,2417,100,100,29,29,2,0,100,-100,-100,1,160,5,648,81,0,0,6240,313,0,27,0,1901,583,0,54,0,1010,0,0,18,0,454,0,0,19,0,262,1833,76,85,0,0,30,9,37,0,0,3,3,0,0
3,26,1,58,17,11,0,1.023166,0.988054,1.008606,44,4,1667,98.928734,93.928734,29,29,2,100,0,-100,-100,1,160,5,814,60,0,0,6240,319,0,20,0,1901,532,0,40,0,1010,0,0,26,0,454,3,0,18,0,262,1312,72,56,0,0,96,13,5,0,0,5,5,0,0
3,26,2,59,17,11,0,1.023047,0.983884,1.003603,51,4,1667,100,100,29,29,2,-100,-100,0,100,1,160,5,503,60,0,0,6240,335,0,20,0,1901,492,0,40,0,1010,0,0,22,0,454,0,0,18,0,262,1355,72,48,0,0,216,11,3,0,0,3,3,0,0
3,26,3,57,17,11,0,1.009582,0.965025,0.98045,46,5,1917,94.236249,89.236249,29,29,2,-100,-100,100,0,1,160,5,615,39,0,0,6240,335,0,13,0,1901,492,0,26,0,1010,1,0,8,0,454,0,0,24,0,262,1896,96,29,0,0,20,4,4,0,0,4,4,0,0
3,27,0,82,12,11,0,1.004901,0.978967,0.995715,72,7,2417,100,100,30,30,2,0,100,-100,-100,1,160,19,689,84,0,0,5992,348,0,28,0,1886,611,0,56,0,1014,0,0,20,0,521,0,0,4,0,447,1835,16,56,0,0,36,10,4,0,0,4,4,0,0
3,27,1,56,12,11,0,1.025988,0.987102,1.011575,45,4,1667,95.329926,90.329926,30,30,2,100,0,-100,-100,1,160,19,847,60,0,0,5992,329,0,20,0,1886,552,0,40,0,1014,0,0,14,0,521,0,0,3,0,447,1306,12,42,0,0,99,7,4,0,0,4,4,0,0
3,27,2,61,12,11,0,1.023942,0.979566,1.00072,52,4,1667,100,100,30,30,2,-100,-100,0,100,1,160,19,541,63,0,0,5992,335,0,21,0,1886,513,0,42,0,1014,0,0,14,0,521,0,0,5,0,447,1367,20,41,0,0,220,7,3,0,0,3,3,0,0
3,27,3,57,12,11,0,1.011317,0.962708,0.979368,48,5,1917,99.236249,94.236249,30,30,2,-100,-100,100,0,1,160,19,633,42,0,0,5992,360,0,14,0,1886,506,0,28,0,1014,1,0,10,0,521,0,0,6,0,447,1895,24,32,0,0,21,5,4,0,0,4,4,0,0
3,28,0,80,19,11,0,1.00744,0.977427,0.994727,73,7,2417,92.601818,87.601818,32,32,2,0,100,-100,-100,1,160,2,723,81,0,0,5992,383,0,27,0,1895,635,0,54,0,944,0,0,34,0,484,0,0,18,0,450,1884,72,65,0,0,51,17,2,0,0,2,2,0,0
3,28,1,61,19,11,0,1.031328,0.981756,1.013038,48,4,1667,100,95.329926,32,32,2,100,0,-100,-100,1,160,2,885,60,0,0,5992,341,0,20,0,1895,569,0,40,0,944,0,0,24,0,484,0,0,14,0,450,1336,56,50,0,0,108,12,3,0,0,3,3,0,0
3,28,2,62,19,11,0,1.026209,0.980672,1.001761,52,4,1667,100,100,32,32,2,-100,-100,0,100,1,160,2,578,63,0,0,5992,341,0,21,0,1895,534,0,42,0,944,0,0,38,0,484,0,0,10,0,450,1372,40,65,0,0,236,19,3,0,0,3,3,0,0
3,28,3,61,19,11,0,1.015889,0.962941,0.979885,51,5,1917,96.069581,91.069581,32,32,2,-100,-100,100,0,1,160,2,659,45,0,0,5992,376,0,15,0,1895,521,0,30,0,944,0,0,30,0,484,0,0,10,0,450,1884,40,51,0,0,33,15,3,0,0,3,3,0,0
3,29,0,74,10,20,0,1.00591,0.972626,0.99961,68,7,2417,97.601818,92.601818,34,34,2,0,100,-100,-100,1,160,3,756,72,0,0,6039,401,0,24,0,1880,659,0,48,0,1035,1,0,14,0,443,0,0,24,0,393,1987,96,44,0,0,55,7,3,0,0,3,3,0,0
3,29,1,60,10,20,0,1.032729,0.975337,1.011288,48,5,1917,88.690247,83.690247,34,34,2,100,0,-100,-100,1,160,3,921,63,0,0,6039,341,0,21,0,1880,590,0,42,0,1035,1,0,0,0,443,1,0,23,0,393,1410,92,65,0,0,69,0,39,0,0,5,5,0,0
3,29,2,60,10,20,0,1.026804,0.980177,1.004854,50,5,1917,100,100,34,34,2,-100,-100,0,100,1,160,3,614,66,0,0,6039,321,0,22,0,1880,556,0,44,0,1035,1,0,2,0,443,9,0,21,0,393,1439,84,66,0,0,199,1,38,0,0,4,4,0,0
3,29,3,60,10,20,0,1.015285,0.965764,0.977639,50,6,2167,100,96.069581,34,34,2,-100,-100,100,0,1,160,3,690,51,0,0,6039,375,0,17,0,1880,538,0,34,0,1035,0,0,12,0,443,0,0,9,0,393,1858,36,71,0,0,1,6,38,0,0,4,4,0,0
3,30,0,73,13,14,0,1.007896,0.972072,0.998262,67,7,2417,93.885527,88.885527,35,35,2,0,100,-100,-100,1,160,1,792,69,0,0,6000,408,0,23,0,1895,682,0,46,0,948,1,0,28,0,488,0,0,27,0,598,2041,108,55,0,0,67,14,2,0,0,2,2,0,0
3,30,1,61,13,14,0,1.031481,0.977615,1.010916,51,5,1917,93.690247,88.690247,35,35,2,100,0,-100,-100,1,160,1,968,66,0,0,6000,347,0,22,0,1895,609,0,44,0,948,1,0,36,0,488,0,0,1,0,598,1348,4,66,0,0,83,18,4,0,0,4,4,0,0
3,30,2,56,13,14,0,1.026367,0.977289,1.005642,49,5,1917,100,100,35,35,2,-100,-100,0,100,1,160,1,652,66,0,0,6000,319,0,22,0,1895,578,0,44,0,948,0,0,34,0,488,0,0,9,0,598,1413,36,62,0,0,213,17,3,0,0,3,3,0,0
3,30,3,63,13,14,0,1.013284,0.963526,0.978392,53,6,2167,100,100,35,35,2,-100,-100,100,0,1,160,1,719,51,0,0,6000,386,0,17,0,1895,555,0,34,0,948,1,0,14,0,488,0,0,21,0,598,1906,84,37,0,0,5,7,3,0,0,3,3,0,0
3,31,0,77,19,13,1,1.009797,0.974292,0.995777,67,8,2667,98.885527,93.885527,36,36,2,0,100,-100,-100,1,160,1,832,69,0,0,6120,312,0,23,0,1889,705,0,46,0,954,0,0,50,0,536,0,0,0,0,324,2071,0,111,0,0,56,25,36,0,0,2,2,0,0
3,31,1,63,19,13,1,1.032464,0.977758,1.011816,53,5,1917,90.381197,85.381197,36,36,2,100,0,-100,-100,1,160,1,1009,63,0,0,6120,353,0,21,0,1889,630,0,42,0,954,0,0,22,0,536,0,0,0,0,324,1341,0,49,0,0,91,11,3,0,0,3,3,0,0
3,31,2,55,19,13,1,1.029052,0.978733,1.008751,50,5,1917,100,100,36,36,2,-100,-100,0,100,1,160,1,696,60,0,0,6120,323,0,20,0,1889,598,0,40,0,954,1,0,20,0,536,0,0,0,0,324,1405,0,44,0,0,221,10,2,0,0,2,2,0,0
3,31,3,64,19,13,1,1.015255,0.96212,0.978186,54,6,2167,100,100,36,36,2,-100,-100,100,0,1,160,1,740,51,0,0,6120,402,0,17,0,1889,572,0,34,0,954,0,0,28,0,536,0,0,0,0,324,1909,0,51,0,0,16,14,3,0,0,3,3,0,0
3,32,0,76,14,13,0,1.006725,0.971735,0.999495,66,8,2667,95.431326,90.431326,37,37,2,0,100,-100,-100,1,160,8,858,66,0,0,6128,317,0,22,0,1991,709,0,44,0,1000,1,0,24,0,512,0,0,7,0,321,2095,28,52,0,0,65,12,3,0,0,3,3,0,0
3,32,1,64,14,13,0,1.035761,0.977259,1.016596,54,5,1917,95.381197,90.381197,37,37,2,100,0,-100,-100,1,160,8,1046,69,0,0,6128,355,0,23,0,1991,623,0,46,0,1000,1,0,12,0,512,0,0,3,0,321,1355,12,43,0,0,93,6,4,0,0,4,4,0,0
3,32,2,55,14,13,0,1.032235,0.974848,1.010194,50,5,1917,100,100,37,37,2,-100,-100,0,100,1,160,8,738,60,0,0,6128,328,0,20,0,1991,595,0,40,0,1000,1,0,12,0,512,0,0,6,0,321,1431,24,34,0,0,226,6,1,0,0,1,1,0,0
3,32,3,65,14,13,0,1.019611,0.96186,0.974532,54,6,2167,100,100,37,37,2,-100,-100,100,0,1,160,8,758,48,0,0,6128,322,0,16,0,1991,567,0,32,0,1000,1,0,14,0,512,0,0,8,0,321,2053,32,38,0,0,19,7,4,0,0,4,4,0,0
3,33,0,73,11,13,0,1.008998,0.972923,0.998013,65,8,2667,84.165525,79.165525,40,40,2,0,100,-100,-100,1,160,9,888,66,0,0,6032,315,0,22,0,1978,717,0,44,0,1062,0,0,6,0,434,7,0,29,0,399,2228,116,34,0,0,65,3,3,0,0,3,3,0,0
3,33,1,65,11,13,0,1.039038,0.978433,1.014448,55,5,1917,100,95.381197,40,40,2,100,0,-100,-100,1,160,9,1079,60,0,0,6032,367,0,20,0,1978,616,0,40,0,1062,1,0,0,0,434,1,0,29,0,399,1496,116,26,0,0,90,0,3,0,0,3,3,0,0
3,33,2,54,11,13,0,1.035193,0.970622,1.011123,47,5,1917,100,100,40,40,2,-100,-100,0,100,1,160,9,770,54,0,0,6032,327,0,18,0,1978,599,0,36,0,1062,0,0,2,0,434,0,0,15,0,399,1500,60,24,0,0,225,1,2,0,0,2,2,0,0
3,33,3,66,11,13,0,1.02305,0.961846,0.974724,57,6,2167,92.301904,87.301904,40,40,2,-100,-100,100,0,1,160,9,782,51,0,0,6032,336,0,17,0,1978,568,0,34,0,1062,1,0,4,0,434,0,0,21,0,399,2142,84,29,0,0,17,2,4,0,0,4,4,0,0
3,34,0,71,17,23,1,1.01153,0.973223,0.997504,63,8,2667,89.165525,84.165525,42,42,2,0,100,-100,-100,1,160,3,911,60,0,0,6016,318,0,20,0,1914,737,0,40,0,927,1,0,56,0,503,0,0,7,0,405,2224,28,80,0,0,91,28,2,0,0,2,2,0,0
3,34,1,64,17,23,1,1.039759,0.974151,1.017186,54,5,1917,97.006724,92.006724,42,42,2,100,0,-100,-100,1,160,3,1114,63,0,0,6016,393,0,21,0,1914,634,0,42,0,927,0,0,34,0,503,0,0,1,0,405,1481,4,61,0,0,104,17,3,0,0,3,3,0,0
3,34,2,48,17,23,1,1.038109,0.968267,1.010715,40,5,1917,100,100,42,42,2,-100,-100,0,100,1,160,3,795,48,0,0,6016,337,0,16,0,1914,612,0,32,0,927,0,0,12,0,503,0,0,9,0,405,1537,36,32,0,0,229,6,2,0,0,2,2,0,0
3,34,3,69,17,23,1,1.025021,0.958058,0.975428,59,6,2167,89.484789,84.484789,42,42,2,-100,-100,100,0,1,160,3,805,48,0,0,6016,350,0,16,0,1914,584,0,32,0,927,1,0,22,0,503,0,0,24,0,405,2145,96,44,0,0,25,11,3,0,0,3,3,0,0
3,35,0,59,15,25,1,1.012026,0.972332,0.999976,52,8,2667,94.165525,89.165525,45,45,2,0,100,-100,-100,1,160,2,934,60,0,0,5992,331,0,20,0,1922,757,0,40,0,904,0,0,28,0,536,0,0,0,0,415,2218,0,54,0,0,102,14,3,0,0,3,3,0,0
3,35,1,62,15,25,1,1.040744,0.974415,1.016639,55,5,1917,93.928117,88.928117,45,45,2,100,0,-100,-100,1,160,2,1143,60,0,0,5992,421,0,20,0,1922,654,0,40,0,904,1,0,28,0,536,0,0,0,0,415,1472,0,54,0,0,115,14,3,0,0,3,3,0,0
3,35,2,50,15,25,1,1.039681,0.969653,1.012341,40,5,1917,100,100,45,45,2,-100,-100,0,100,1,160,2,832,48,0,0,5992,361,0,16,0,1922,628,0,32,0,904,1,0,20,0,536,0,0,0,0,415,1528,0,42,0,0,236,10,3,0,0,3,3,0,0
3,35,3,71,15,25,1,1.031884,0.958677,0.978308,57,7,2417,67.824775,62.824775,45,45,2,-100,-100,100,0,1,160,2,828,54,0,0,5992,359,0,18,0,1922,602,0,36,0,904,1,0,42,0,536,0,0,0,0,415,2065,0,102,0,0,8,21,38,0,0,4,4,0,0
3,36,0,60,8,13,0,1.019298,0.97271,0.9981,53,8,2667,99.165525,94.165525,47,47,2,0,100,-100,-100,1,160,27,968,60,0,0,6128,348,0,20,0,1913,777,0,40,0,1023,0,0,8,0,485,0,0,14,0,357,2281,56,32,0,0,104,4,2,0,0,2,2,0,0
3,36,1,60,8,13,0,1.041322,0.97372,1.019267,56,5,1917,90.789102,85.789102,47,47,2,100,0,-100,-100,1,160,27,1172,57,0,0,6128,340,0,19,0,1913,673,0,38,0,1023,0,0,14,0,485,0,0,5,0,357,1563,20,37,0,0,120,7,2,0,0,2,2,0,0
3,36,2,51,8,13,0,1.039624,0.96956,1.011121,42,5,1917,100,100,47,47,2,-100,-100,0,100,1,160,27,860,51,0,0,6128,374,0,17,0,1913,645,0,34,0,1023,0,0,10,0,485,0,0,11,0,357,1572,44,35,0,0,237,5,4,0,0,4,4,0,0
3,36,3,66,8,13,0,1.033175,0.960262,0.976446,57,7,2417,64.316262,59.316262,47,47,2,-100,-100,100,0,1,160,27,846,57,0,0,6128,349,0,19,0,1913,621,0,38,0,1023,0,0,20,0,485,0,0,18,0,357,2151,72,47,0,0,14,10,4,0,0,4,4,0,0
3,37,0,59,10,10,0,1.019893,0.971056,0.99855,53,8,2667,100,99.165525,49,49,2,0,100,-100,-100,1,160,22,1001,60,0,0,6048,372,0,20,0,1922,797,0,40,0,1033,1,0,10,0,474,0,0,11,0,390,2337,44,36,0,0,106,5,3,0,0,3,3,0,0
3,37,1,59,10,10,0,1.041052,0.975244,1.021832,55,6,2167,87.487658,82.487658,49,49,2,100,0,-100,-100,1,160,22,1199,57,0,0,6048,349,0,19,0,1922,689,0,38,0,1033,1,0,8,0,474,0,0,14,0,390,1604,56,63,0,0,89,4,35,0,0,1,1,0,0
3,37,2,53,10,10,0,1.041892,0.966672,1.009598,44,5,1917,100,100,49,49,2,-100,-100,0,100,1,160,22,904,54,0,0,6048,385,0,18,0,1922,660,0,36,0,1033,0,0,6,0,474,0,0,11,0,390,1628,44,30,0,0,237,3,3,0,0,3,3,0,0
3,37,3,66,10,10,0,1.035959,0.960448,0.978132,58,7,2417,56.850762,51.850762,49,49,2,-100,-100,100,0,1,160,22,863,54,0,0,6048,329,0,18,0,1922,639,0,36,0,1033,1,0,12,0,474,0,0,26,0,390,2288,104,36,0,0,17,6,3,0,0,3,3,0,0
3,38,0,57,13,11,1,1.018986,0.971513,1.000559,53,8,2667,92.775858,87.775858,51,51,2,0,100,-100,-100,1,160,1,1027,54,0,0,6048,391,0,18,0,1928,815,0,36,0,961,0,0,24,0,536,0,0,0,0,392,2341,0,44,0,0,117,12,1,0,0,1,1,0,0
3,38,1,61,13,11,1,1.041643,0.975224,1.023461,55,6,2167,92.487658,87.487658,51,51,2,100,0,-100,-100,1,160,1,1230,54,0,0,6048,376,0,18,0,1928,704,0,36,0,961,1,0,28,0,536,0,0,0,0,392,1602,0,50,0,0,101,14,2,0,0,2,2,0,0
3,38,2,53,13,11,1,1.046211,0.96515,1.010325,45,6,2167,100,100,51,51,2,-100,-100,0,100,1,160,1,939,51,0,0,6048,403,0,17,0,1928,677,0,34,0,961,0,0,18,0,536,0,0,0,0,392,1597,0,73,0,0,210,9,36,0,0,2,2,0,0
3,38,3,68,13,11,1,1.033918,0.95857,0.976809,60,7,2417,53.786984,48.786984,51,51,2,-100,-100,100,0,1,160,1,896,54,0,0,6048,301,0,18,0,1928,657,0,36,0,961,1,0,36,0,536,0,0,0,0,392,2300,0,58,0,0,33,18,2,0,0,2,2,0,0
3,39,0,55,15,15,1,1.019753,0.972456,1.003395,51,8,2667,97.775858,92.775858,52,52,2,0,100,-100,-100,1,160,1,1058,48,0,0,6232,318,0,16,0,1928,828,0,32,0,973,0,0,18,0,536,0,0,0,0,203,2441,0,36,0,0,125,9,1,0,0,1,1,0,0
3,39,1,61,15,15,1,1.042482,0.978947,1.027208,53,6,2167,89.096027,84.096027,52,52,2,100,0,-100,-100,1,160,1,1253,48,0,0,6232,411,0,16,0,1928,720,0,32,0,973,0,0,34,0,536,0,0,0,0,203,1593,0,54,0,0,116,17,2,0,0,2,2,0,0
3,39,2,54,15,15,1,1.048319,0.96357,1.010128,43,6,2167,100,100,52,52,2,-100,-100,0,100,1,160,1,975,48,0,0,6232,334,0,16,0,1928,693,0,32,0,973,1,0,14,0,536,0,0,0,0,203,1684,0,36,0,0,214,7,3,0,0,3,3,0,0
3,39,3,69,15,15,1,1.036642,0.962551,0.975817,60,8,2667,58.786984,53.786984,52,52,2,-100,-100,100,0,1,160,1,927,60,0,0,6232,269,0,20,0,1928,677,0,40,0,973,0,0,34,0,536,0,0,0,0,203,2278,0,94,0,0,13,17,37,0,0,3,3,0,0
3,40,0,53,12,27,0,1.022152,0.972367,1.001936,46,8,2667,94.661353,89.661353,54,54,2,0,100,-100,-100,1,160,3,1080,42,0,0,6136,345,0,14,0,1937,842,0,28,0,958,0,0,18,0,522,0,0,0,0,453,2431,0,34,0,0,133,9,1,0,0,1,1,0,0
3,40,1,56,12,27,0,1.041073,0.977329,1.027047,49,6,2167,94.096027,89.096027,54,54,2,100,0,-100,-100,1,160,3,1280,48,0,0,6136,334,0,16,0,1937,736,0,32,0,958,1,0,26,0,522,0,0,6,0,453,1641,24,48,0,0,126,13,3,0,0,3,3,0,0
3,40,2,55,12,27,0,1.049811,0.966102,1.006408,44,6,2167,100,100,54,54,2,-100,-100,0,100,1,160,3,1005,48,0,0,6136,344,0,16,0,1937,709,0,32,0,958,1,0,18,0,522,0,0,6,0,453,1689,24,40,0,0,220,9,3,0,0,3,3,0,0
3,40,3,60,12,27,0,1.036364,0.959629,0.976196,54,8,2667,55.480627,50.480627,54,54,2,-100,-100,100,0,1,160,3,953,57,0,0,6136,237,0,19,0,1937,696,0,38,0,958,1,0,26,0,522,0,0,2,0,453,2265,8,51,0,0,23,13,3,0,0,3,3,0,0
