graine,jour,faction,population,naissances_total,morts_total,predations_total,vitesse,taille,perception,armes_equipees,reserves,capacite,defenses_fin,defenses_min_jour,raids_cumul,coalitions_cumul,plans,confiance_0,confiance_1,confiance_2,confiance_3,allies,nourriture_aube,carte_nourriture,stock_nourriture,production_nourriture,consommation_nourriture,sac_nourriture,carte_eau,stock_eau,production_eau,consommation_eau,sac_eau,carte_terre,stock_terre,production_terre,consommation_terre,sac_terre,carte_minerai,stock_minerai,production_minerai,consommation_minerai,sac_minerai,carte_charbon,stock_charbon,production_charbon,consommation_charbon,sac_charbon,carte_energie,stock_energie,production_energie,consommation_energie,sac_energie,carte_fer,stock_fer,production_fer,consommation_fer,sac_fer,carte_armes,stock_armes,production_armes,consommation_armes,sac_armes
0,1,0,52,8,2,0,1.002207,0.995623,0.996253,0,0,334,100,100,0,0,0,0,0,2,2,0,40,0,47,39,0,0,2826,200,0,13,0,932,63,0,26,0,406,19,0,48,0,272,1,0,24,0,200,109,96,79,0,0,15,24,9,0,0,9,9,0,0
0,1,1,51,8,2,0,0.999958,0.994343,0.993323,0,0,334,100,100,0,0,0,0,0,2,2,0,40,0,46,39,0,0,2826,200,0,13,0,932,63,0,26,0,406,19,0,48,0,272,1,0,24,0,200,109,96,79,0,0,15,24,9,0,0,9,9,0,0
0,1,2,53,8,2,0,0.998643,0.996775,0.995446,0,0,334,100,100,0,0,0,2,2,0,0,0,40,0,47,39,0,0,2826,195,0,13,0,932,63,0,26,0,406,22,0,48,0,272,1,0,24,0,200,109,96,79,0,0,15,24,9,0,0,9,9,0,0
0,1,3,50,8,2,0,1.004241,0.996813,0.99749,0,0,334,100,100,0,0,0,2,2,0,0,0,40,0,48,39,0,0,2826,179,0,13,0,932,63,0,26,0,406,26,0,44,0,272,3,0,22,0,200,105,88,75,0,0,13,22,9,0,0,9,9,0,0
0,2,0,45,9,27,0,1.003678,0.990781,0.991753,9,0,334,100,100,0,0,0,0,0,4,4,0,40,0,40,33,0,0,2856,225,0,11,0,938,71,0,22,0,498,1,0,24,0,257,0,0,4,0,143,110,16,53,0,0,18,12,9,0,0,9,9,0,0
0,2,1,47,9,27,0,1.005623,0.991943,0.990167,9,0,334,100,100,0,0,0,0,0,4,4,0,40,0,45,36,0,0,2856,225,0,12,0,938,75,0,24,0,498,0,0,30,0,257,0,0,1,0,143,86,4,60,0,0,21,15,9,0,0,9,9,0,0
0,2,2,49,9,27,0,0.997111,0.996153,0.995237,7,0,334,100,100,0,0,0,4,4,0,0,0,40,0,45,36,0,0,2856,210,0,12,0,938,75,0,24,0,498,1,0,34,0,257,0,0,1,0,143,93,4,64,0,0,23,17,9,0,0,9,9,0,0
0,2,3,47,9,27,0,1.004653,0.994532,0.990838,9,0,334,100,100,0,0,0,4,4,0,0,0,40,0,48,39,0,0,2856,196,0,13,0,938,76,0,26,0,498,0,0,40,0,257,0,0,3,0,143,82,12,71,0,0,24,20,9,0,0,9,9,0,0
0,3,0,38,5,33,4,1.004261,0.990857,0.992435,18,0,334,100,100,0,0,0,0,-2,-6,-10,0,40,1,41,33,0,0,3025,169,0,11,0,938,82,0,22,0,420,1,0,30,0,272,0,0,0,0,89,108,0,57,0,0,25,15,8,0,0,8,8,0,0
0,3,1,40,5,33,4,1.006473,0.988734,0.987328,18,0,334,100,100,0,0,0,-2,0,6,2,0,40,1,46,39,0,0,3025,165,0,13,0,938,88,0,26,0,420,5,0,28,0,272,0,0,0,0,89,73,0,57,0,0,27,14,8,0,0,8,8,0,0
0,3,2,39,5,33,4,0.99536,0.995899,0.997173,15,0,334,100,100,0,0,0,-6,6,0,-2,0,40,1,40,36,0,0,3025,236,0,12,0,938,87,0,24,0,420,1,0,30,0,272,0,0,0,0,89,53,0,52,0,0,33,15,5,0,0,5,5,0,0
0,3,3,43,5,33,4,0.99875,0.992014,0.992823,18,0,334,100,100,0,0,0,-10,2,-2,0,0,40,1,55,42,0,0,3025,223,0,14,0,938,90,0,28,0,420,0,0,28,0,272,0,0,0,0,89,47,0,56,0,0,31,14,7,0,0,7,7,0,0
0,4,0,37,7,6,0,1.004991,0.989288,0.991913,26,0,334,100,100,0,0,0,0,-2,-4,-8,0,40,4,46,36,0,0,3080,183,0,12,0,935,94,0,24,0,457,0,0,22,0,272,0,0,0,0,99,86,0,46,0,0,30,11,6,0,0,6,6,0,0
0,4,1,40,7,6,0,1.007353,0.988087,0.982971,25,0,334,100,100,0,0,0,-2,0,8,4,0,40,4,53,39,0,0,3080,168,0,13,0,935,101,0,26,0,457,1,0,28,0,272,0,0,0,0,99,45,0,55,0,0,34,14,7,0,0,7,7,0,0
0,4,2,41,7,6,0,0.994852,0.993376,0.996434,20,0,334,100,100,0,0,0,-4,8,0,-2,0,40,4,45,36,0,0,3080,185,0,12,0,935,99,0,24,0,457,1,0,16,0,272,0,0,0,0,99,90,0,38,0,0,36,8,5,0,0,5,5,0,0
0,4,3,43,7,6,0,1.003441,0.99011,0.998931,25,0,334,100,100,0,0,0,-8,4,-2,0,0,40,4,57,36,0,0,3080,168,0,12,0,935,102,0,24,0,457,0,0,18,0,272,0,0,0,0,99,72,0,46,0,0,32,9,8,0,0,8,8,0,0
0,5,0,33,5,12,0,1.002082,0.987967,0.990055,28,0,334,100,100,0,0,0,0,-2,-2,-6,0,40,4,51,36,0,0,2888,198,0,12,0,951,104,0,24,0,515,0,0,0,0,218,3,0,12,0,205,128,48,18,0,0,27,0,3,0,0,3,3,0,0
0,5,1,39,5,12,0,1.002961,0.989542,0.98505,29,0,334,100,100,0,0,0,-2,0,8,6,0,40,4,58,36,0,0,2888,180,0,12,0,951,108,0,24,0,515,1,0,12,0,218,0,0,9,0,205,73,36,32,0,0,36,6,4,0,0,4,4,0,0
0,5,2,41,5,12,0,0.991764,0.994356,0.993581,24,0,334,100,100,0,0,0,-2,8,0,-2,0,40,4,45,33,0,0,2888,237,0,11,0,951,108,0,22,0,515,1,0,6,0,218,1,0,17,0,205,145,68,25,0,0,35,3,4,0,0,4,4,0,0
0,5,3,41,5,12,0,0.997787,0.985528,0.999712,30,0,334,100,100,0,0,0,-6,6,-2,0,0,40,4,58,36,0,0,2888,193,0,12,0,951,113,0,24,0,515,1,0,10,0,218,0,0,12,0,205,105,48,32,0,0,32,5,5,0,0,5,5,0,0
0,6,0,34,8,3,0,1.003143,0.985893,0.992217,30,0,334,100,100,0,0,0,0,-2,-2,-4,0,40,4,62,36,0,0,2992,209,0,12,0,947,116,0,24,0,482,1,0,6,0,252,0,0,5,0,218,140,20,20,0,0,29,3,1,0,0,1,1,0,0
0,6,1,40,8,3,0,1.00367,0.994854,0.982705,32,0,334,100,100,0,0,0,-2,0,10,8,0,40,4,65,36,0,0,2992,193,0,12,0,947,120,0,24,0,482,0,0,16,0,252,0,0,4,0,218,76,16,34,0,0,41,8,3,0,0,3,3,0,0
0,6,2,43,8,3,0,0.991359,0.993002,0.993296,28,0,334,100,100,0,0,0,-2,10,0,-2,0,40,4,46,33,0,0,2992,185,0,11,0,947,119,0,22,0,482,0,0,20,0,252,0,0,7,0,218,160,28,41,0,0,40,10,5,0,0,5,5,0,0
0,6,3,42,8,3,0,0.997175,0.982885,1.002298,34,0,334,100,100,0,0,0,-4,8,-2,0,0,40,4,62,36,0,0,2992,220,0,12,0,947,125,0,24,0,482,0,0,22,0,252,0,0,8,0,218,112,32,40,0,0,40,11,3,0,0,3,3,0,0
0,7,0,37,10,1,0,1.005039,0.984924,0.993781,31,0,334,100,100,0,0,0,0,-2,0,-2,0,40,0,72,36,0,0,3024,163,0,12,0,947,128,0,24,0,433,1,0,24,0,266,0,0,3,0,154,156,12,40,0,0,39,12,2,0,0,2,2,0,0
0,7,1,43,10,1,0,1.000396,0.993557,0.983602,35,0,334,100,100,0,0,0,-2,0,12,10,0,40,0,70,36,0,0,3024,205,0,12,0,947,132,0,24,0,433,0,0,30,0,266,0,0,3,0,154,64,12,48,0,0,53,15,3,0,0,3,3,0,0
0,7,2,44,10,1,0,0.993088,0.991257,0.99526,33,0,334,100,100,0,0,0,0,12,0,-2,0,40,0,44,33,0,0,3024,235,0,11,0,947,130,0,22,0,433,0,0,30,0,266,0,0,0,0,154,124,0,51,0,0,50,15,5,0,0,5,5,0,0
0,7,3,44,10,1,0,0.99949,0.983063,1.000264,37,0,334,100,100,0,0,0,-2,10,-2,0,0,40,0,63,36,0,0,3024,166,0,12,0,947,137,0,24,0,433,1,0,26,0,266,0,0,0,0,154,131,0,44,0,0,50,13,3,0,0,3,3,0,0
0,8,0,31,9,22,2,1.003004,0.987272,0.997139,28,0,334,100,100,0,0,0,0,-2,-4,-8,0,40,0,80,36,0,0,2972,178,0,12,0,944,140,0,24,0,515,1,0,0,0,231,0,0,7,0,198,185,28,14,0,0,38,0,1,0,0,1,1,0,0
0,8,1,39,9,22,2,0.999379,0.993238,0.987244,34,0,334,100,100,0,0,0,-2,0,14,10,0,40,0,67,30,0,0,2972,220,0,10,0,944,142,0,20,0,515,1,0,0,0,231,0,0,12,0,198,122,48,14,0,0,51,0,2,0,0,2,2,0,0
0,8,2,41,9,22,2,0.989311,0.984246,0.991791,35,0,334,100,100,0,0,0,-4,14,0,-2,0,40,0,44,36,0,0,2972,179,0,12,0,944,142,0,24,0,515,1,0,2,0,231,0,0,10,0,198,181,40,18,0,0,49,1,2,0,0,2,2,0,0
0,8,3,44,9,22,2,1.00183,0.985822,1.002701,36,0,334,100,100,0,0,0,-8,10,-2,0,0,40,0,61,30,0,0,2972,208,0,10,0,944,147,0,20,0,515,1,0,8,0,231,0,0,9,0,198,160,36,22,0,0,52,4,2,0,0,2,2,0,0
0,9,0,30,5,8,0,1.00393,0.985273,0.999475,27,0,334,100,100,0,0,0,0,0,-2,-6,0,40,5,93,36,0,0,2928,199,0,12,0,950,152,0,24,0,528,1,0,2,0,224,0,0,4,0,165,197,16,16,0,0,38,1,1,0,0,1,1,0,0
0,9,1,38,5,8,0,1.001442,0.995497,0.992835,34,0,334,100,100,0,0,0,0,0,16,12,0,40,5,62,27,0,0,2928,172,0,9,0,950,151,0,18,0,528,1,0,4,0,224,0,0,12,0,165,234,48,17,0,0,51,2,2,0,0,2,2,0,0
0,9,2,41,5,8,0,0.98723,0.984779,0.991641,36,0,334,100,100,0,0,0,-2,16,0,0,0,40,5,45,33,0,0,2928,231,0,11,0,950,153,0,22,0,528,1,0,6,0,224,0,0,11,0,165,222,44,21,0,0,50,3,2,0,0,2,2,0,0
0,9,3,43,5,8,0,1.005532,0.987853,1.000253,35,0,334,100,100,0,0,0,-6,12,0,0,0,40,5,59,33,0,0,2928,241,0,11,0,950,158,0,22,0,528,1,0,4,0,224,5,0,16,0,165,218,64,21,0,0,51,2,3,0,0,3,3,0,0
0,10,0,30,4,3,0,1.00393,0.985273,0.999475,28,0,334,100,100,0,0,0,0,0,0,-6,0,40,12,108,39,0,0,3123,156,0,13,0,953,165,0,26,0,512,1,0,2,0,228,0,0,9,0,200,241,36,17,0,0,38,1,1,0,0,1,1,0,0
0,10,1,38,4,3,0,1.002014,0.99629,0.998308,35,1,459,100,100,0,0,0,0,0,16,14,0,40,12,60,27,0,0,3123,202,0,9,0,953,160,0,18,0,512,0,0,4,0,228,0,0,13,0,200,279,52,32,0,0,35,2,18,0,0,1,1,0,0
0,10,2,42,4,3,0,0.988563,0.980034,0.993386,37,1,459,100,100,0,0,0,0,16,0,0,0,40,12,42,30,0,0,3123,180,0,10,0,953,163,0,20,0,512,1,0,0,0,228,2,0,20,0,200,296,80,31,0,0,31,0,19,0,0,2,2,0,0
0,10,3,43,4,3,0,1.002563,0.985337,0.998451,38,0,334,100,100,0,0,0,-6,14,0,0,0,40,12,54,33,0,0,3123,187,0,11,0,953,169,0,22,0,512,0,0,28,0,228,0,0,5,0,200,220,20,43,0,0,63,14,2,0,0,2,2,0,0
0,11,0,31,3,3,0,1.00098,0.984666,1.00103,29,0,334,100,100,0,0,0,0,0,2,-4,0,40,9,124,39,0,0,2848,177,0,13,0,956,178,0,26,0,454,1,0,6,0,255,0,0,5,0,231,252,20,21,0,0,40,3,1,0,0,1,1,0,0
0,11,1,37,3,3,0,1.004674,0.995335,1.001777,35,1,459,100,100,0,0,0,0,0,18,16,0,40,9,50,24,0,0,2848,236,0,8,0,956,168,0,16,0,454,1,0,14,0,255,0,0,6,0,231,303,24,24,0,0,41,7,1,0,0,1,1,0,0
0,11,2,42,3,3,0,0.988679,0.983642,0.990911,38,1,459,100,100,0,0,0,2,18,0,0,0,40,9,34,27,0,0,2848,241,0,9,0,956,172,0,18,0,454,1,0,30,0,255,0,0,2,0,231,281,8,41,0,0,45,15,1,0,0,1,1,0,0
0,11,3,43,3,3,0,1.002563,0.985337,0.998451,40,0,334,100,100,0,0,0,-4,16,0,0,0,40,9,48,33,0,0,2848,229,0,11,0,956,180,0,22,0,454,5,0,34,0,255,0,0,6,0,231,210,24,49,0,0,78,17,2,0,0,2,2,0,0
0,12,0,30,7,19,1,1.009266,0.980553,0.996468,27,0,334,100,100,0,0,0,0,2,4,-2,0,40,2,135,33,0,0,3136,199,0,11,0,965,189,0,22,0,429,0,0,18,0,270,0,0,0,0,63,230,0,31,0,0,48,9,1,0,0,1,1,0,0
0,12,1,36,7,19,1,1.006986,1.000398,1.006094,34,1,459,100,100,0,0,0,2,0,18,18,1,40,2,45,24,0,0,3136,191,0,8,0,965,176,0,16,0,429,1,0,24,0,270,0,0,0,0,63,343,0,32,0,0,53,12,0,0,0,0,0,0,0
0,12,2,33,7,19,1,0.998541,0.993187,0.991634,31,1,459,100,100,0,0,0,4,18,0,-4,1,40,2,31,24,0,0,3136,191,0,8,0,965,180,0,16,0,429,1,0,24,0,270,0,0,2,0,63,311,8,34,0,0,56,12,1,0,0,1,1,0,0
0,12,3,42,7,19,1,1.008104,0.990644,1.002875,40,0,334,100,100,0,0,0,-2,18,-4,0,0,40,2,46,33,0,0,3136,175,0,11,0,965,191,0,22,0,429,16,0,30,0,270,0,0,0,0,63,237,0,41,0,0,93,15,0,0,0,0,0,0,0
0,13,0,29,1,6,0,1.012911,0.978791,1.000831,27,1,459,100,100,0,0,0,0,4,8,0,0,40,10,144,33,0,0,2944,158,0,11,0,971,200,0,22,0,543,0,0,0,0,201,0,0,10,0,188,301,40,30,0,0,30,0,18,0,0,1,1,0,0
0,13,1,34,1,6,0,1.010414,0.998666,1.006244,32,2,584,100,100,0,0,0,4,0,20,20,2,40,10,37,21,0,0,2944,228,0,7,0,971,183,0,14,0,543,0,0,2,0,201,0,0,14,0,188,392,56,28,0,0,36,1,18,0,0,1,1,0,0
0,13,2,32,1,6,0,0.996843,0.994185,0.99255,31,1,459,100,100,0,0,0,8,20,0,-4,1,40,10,31,24,0,0,2944,222,0,8,0,971,185,0,16,0,543,1,0,0,0,201,5,0,14,0,188,372,56,10,0,0,55,0,1,0,0,1,1,0,0
0,13,3,41,1,6,0,1.006982,0.990773,1.001917,39,1,459,100,100,0,0,0,0,20,-4,0,1,40,10,42,30,0,0,2944,219,0,10,0,971,201,0,20,0,543,0,0,16,0,201,12,0,16,0,188,268,64,45,0,0,83,8,18,0,0,1,1,0,0
0,14,0,29,4,28,0,1.00773,0.975083,0.995203,27,1,459,100,100,0,0,0,0,6,12,2,0,40,11,151,27,0,0,3128,192,0,9,0,980,209,0,18,0,506,1,0,4,0,224,0,0,6,0,216,321,24,13,0,0,32,2,0,0,0,0,0,0,0
0,14,1,22,4,28,0,0.992522,0.991989,1.000175,21,2,584,100,100,0,0,0,6,0,20,22,2,40,11,23,15,0,0,3128,189,0,5,0,980,188,0,10,0,506,1,0,8,0,224,2,0,7,0,216,414,28,15,0,0,39,4,1,0,0,1,1,0,0
0,14,2,26,4,28,0,1.000835,0.988718,0.985949,25,2,584,100,100,0,0,0,12,20,0,-4,1,40,11,29,24,0,0,3128,182,0,8,0,980,193,0,16,0,506,1,0,10,0,224,10,0,7,0,216,376,28,35,0,0,43,5,17,0,0,0,0,0,0
0,14,3,35,4,28,0,1.00913,0.979963,1.000224,33,1,459,100,100,0,0,0,2,22,-4,0,1,40,11,38,30,0,0,3128,168,0,10,0,980,211,0,20,0,506,0,0,14,0,224,24,0,9,0,216,293,36,26,0,0,89,7,1,0,0,1,1,0,0
0,15,0,31,8,4,0,1.013279,0.975902,0.996311,27,1,459,100,100,0,0,0,0,8,14,4,0,40,3,157,27,0,0,3032,242,0,9,0,992,218,0,18,0,527,1,0,0,0,163,4,0,14,0,250,368,56,11,0,0,31,0,1,0,0,1,1,0,0
0,15,1,24,8,4,0,0.993844,0.98413,1.001808,21,2,584,100,100,0,0,0,8,0,22,22,2,40,3,25,15,0,0,3032,162,0,5,0,992,193,0,10,0,527,1,0,0,0,163,26,0,6,0,250,460,24,5,0,0,39,0,0,0,0,0,0,0,0
0,15,2,26,8,4,0,0.993745,0.98423,0.987683,25,2,584,100,100,0,0,0,14,22,0,-2,1,40,3,36,24,0,0,3032,180,0,8,0,992,201,0,16,0,527,0,0,4,0,163,30,0,7,0,250,398,28,12,0,0,45,2,0,0,0,0,0,0,0
0,15,3,35,8,4,0,1.011734,0.983148,1.003193,32,1,459,100,100,0,0,0,4,22,-2,0,1,40,3,39,27,0,0,3032,172,0,9,0,992,220,0,18,0,527,0,0,14,0,163,50,0,8,0,250,306,32,25,0,0,95,7,1,0,0,1,1,0,0
0,16,0,29,3,3,0,1.011936,0.972307,0.993503,27,2,584,100,100,0,0,0,0,12,16,6,0,40,12,157,27,0,0,3064,202,0,9,0,989,227,0,18,0,461,1,0,14,0,272,0,0,4,0,204,417,16,42,0,0,20,7,18,0,0,1,1,0,0
0,16,1,23,3,3,0,0.989047,0.98445,1.001058,20,2,584,100,100,0,0,0,12,0,24,24,2,40,12,24,15,0,0,3064,173,0,5,0,989,198,0,10,0,461,7,0,14,0,272,19,0,7,0,204,471,28,23,0,0,44,7,2,0,0,2,2,0,0
0,16,2,27,3,3,0,0.990178,0.982283,0.984462,25,2,584,100,100,0,0,0,16,24,0,0,1,40,12,43,24,0,0,3064,178,0,8,0,989,209,0,16,0,461,1,0,14,0,272,23,0,7,0,204,411,28,24,0,0,51,7,1,0,0,1,1,0,0
0,16,3,37,3,3,0,1.011456,0.979809,0.999979,33,1,459,100,100,0,0,0,6,24,0,0,1,40,12,37,27,0,0,3064,192,0,9,0,989,229,0,18,0,461,13,0,20,0,272,40,0,10,0,204,321,40,31,0,0,104,10,1,0,0,1,1,0,0
0,17,0,30,5,4,0,1.0141,0.974622,0.994514,28,2,584,100,100,0,0,0,0,14,18,10,0,40,7,159,27,0,0,3088,164,0,9,0,992,236,0,18,0,431,0,0,10,0,260,0,0,4,0,163,496,16,21,0,0,24,5,1,0,0,1,1,0,0
0,17,1,24,5,4,0,0.989926,0.981282,0.999743,20,2,584,100,100,0,0,0,14,0,26,26,2,40,7,26,15,0,0,3088,177,0,5,0,992,203,0,10,0,431,17,0,14,0,260,15,0,7,0,163,492,28,21,0,0,50,7,1,0,0,1,1,0,0
0,17,2,27,5,4,0,0.986094,0.981427,0.98611,25,2,584,100,100,0,0,0,18,26,0,2,1,40,7,54,27,0,0,3088,166,0,9,0,992,218,0,18,0,431,13,0,14,0,260,19,0,7,0,163,431,28,25,0,0,57,7,1,0,0,1,1,0,0
0,17,3,36,5,4,0,1.010271,0.98023,0.999214,33,1,459,100,100,0,0,0,10,26,2,0,1,40,7,34,27,0,0,3088,202,0,9,0,992,238,0,18,0,431,33,0,22,0,260,31,0,11,0,163,352,44,35,0,0,113,11,2,0,0,2,2,0,0
0,18,0,30,2,1,0,1.0141,0.974622,0.994514,29,3,709,100,100,0,0,0,0,16,20,12,1,40,6,161,27,0,0,2976,213,0,9,0,986,245,0,18,0,542,0,0,0,0,174,0,0,15,0,267,540,60,28,0,0,6,0,18,0,0,1,1,0,0
0,18,1,25,2,1,0,0.990812,0.979339,0.994787,21,3,709,100,100,0,0,0,16,0,28,28,2,40,6,32,21,0,0,2976,186,0,7,0,986,210,0,14,0,542,3,0,14,0,174,32,0,7,0,267,484,28,42,0,0,38,7,19,0,0,2,2,0,0
0,18,2,26,2,1,0,0.98368,0.977821,0.980433,25,2,584,100,100,0,0,0,20,28,0,2,2,40,6,58,24,0,0,2976,163,0,8,0,986,226,0,16,0,542,1,0,12,0,174,37,0,7,0,267,446,28,22,0,0,62,6,1,0,0,1,1,0,0
0,18,3,37,2,1,0,1.009917,0.981795,1.000223,35,1,459,100,100,0,0,0,12,28,2,0,1,40,6,34,27,0,0,2976,221,0,9,0,986,247,0,18,0,542,13,0,22,0,174,54,0,11,0,267,369,44,33,0,0,123,11,1,0,0,1,1,0,0
0,19,0,31,5,1,0,1.014308,0.976508,0.999651,29,3,709,100,100,0,0,0,0,18,22,14,1,40,5,162,24,0,0,3128,175,0,8,0,989,253,0,16,0,435,1,0,14,0,270,0,0,0,0,131,600,0,22,0,0,13,7,0,0,0,0,0,0,0
0,19,1,27,5,1,0,0.996056,0.976482,0.993779,23,3,709,100,100,0,0,0,18,0,30,30,2,40,5,36,21,0,0,3128,194,0,7,0,989,217,0,14,0,435,11,0,16,0,270,24,0,8,0,131,500,32,25,0,0,45,8,1,0,0,1,1,0,0
0,19,2,27,5,1,0,0.983278,0.979924,0.978878,26,2,584,100,100,0,0,0,22,30,0,4,2,40,5,65,24,0,0,3128,161,0,8,0,989,234,0,16,0,435,17,0,14,0,270,30,0,7,0,131,461,28,22,0,0,69,7,0,0,0,0,0,0,0
0,19,3,37,5,1,0,1.009917,0.981795,1.000223,36,2,584,100,100,0,0,0,14,30,4,0,1,40,5,34,27,0,0,3128,175,0,9,0,989,256,0,18,0,435,29,0,24,0,270,44,0,12,0,131,429,48,52,0,0,117,12,18,0,0,1,1,0,0
0,20,0,31,6,12,0,1.01598,0.975373,1.000958,28,4,834,100,100,0,0,0,0,18,24,18,1,40,1,162,24,0,0,2992,232,0,8,0,992,261,0,16,0,478,0,0,10,0,230,0,0,12,0,238,620,48,37,0,0,0,5,18,0,0,1,1,0,0
0,20,1,20,6,12,0,0.997332,0.987718,0.999124,18,3,709,100,100,0,0,0,18,0,32,32,2,40,1,36,21,0,0,2992,160,0,7,0,992,224,0,14,0,478,25,0,4,0,230,28,0,2,0,238,501,8,13,0,0,46,2,1,0,0,1,1,0,0
0,20,2,29,6,12,0,0.987364,0.975733,0.982771,25,2,584,100,100,0,0,0,24,32,0,8,2,40,1,71,24,0,0,2992,158,0,8,0,992,242,0,16,0,478,15,0,14,0,230,35,0,7,0,238,474,28,24,0,0,75,7,1,0,0,1,1,0,0
0,20,3,36,6,12,0,1.009639,0.983491,1.003708,35,2,584,100,100,0,0,0,18,32,8,0,1,40,1,33,27,0,0,2992,201,0,9,0,992,265,0,18,0,478,36,0,20,0,230,46,0,10,0,238,443,40,29,0,0,127,10,0,0,0,0,0,0,0
0,21,0,30,6,13,0,1.026136,0.979985,1.001718,26,4,834,100,100,0,0,0,0,20,26,22,3,40,8,153,15,0,0,3104,196,0,5,0,986,266,0,10,0,438,1,0,10,0,255,0,0,11,0,201,728,44,17,0,0,4,5,1,0,0,1,1,0,0
0,21,1,18,6,13,0,1.003369,0.986286,1.006204,17,3,709,100,100,0,0,0,20,0,34,34,3,40,8,37,15,0,0,3104,135,0,5,0,986,229,0,10,0,438,43,0,4,0,255,26,0,2,0,201,506,8,9,0,0,48,2,0,0,0,0,0,0,0
0,21,2,27,6,13,0,0.994816,0.976289,0.977334,22,2,584,100,100,0,0,0,26,34,0,8,2,40,8,66,18,0,0,3104,155,0,6,0,986,248,0,12,0,438,32,0,14,0,255,28,0,7,0,201,487,28,24,0,0,80,7,2,0,0,2,2,0,0
0,21,3,34,6,13,0,1.011933,0.983284,1.003264,32,2,584,100,100,0,0,0,22,34,8,0,2,40,8,26,18,0,0,3104,223,0,6,0,986,271,0,12,0,438,55,0,20,0,255,42,0,10,0,201,458,40,28,0,0,136,10,1,0,0,1,1,0,0
0,22,0,30,3,4,0,1.025214,0.984054,1.006752,27,4,834,100,100,0,0,0,0,22,28,26,3,40,6,144,15,0,0,3056,265,0,5,0,1019,271,0,10,0,412,1,0,24,0,267,0,0,0,0,222,706,0,31,0,0,15,12,1,0,0,1,1,0,0
0,22,1,19,3,4,0,1.003409,0.983097,1.011978,17,3,709,100,100,0,0,0,22,0,36,36,3,40,6,40,15,0,0,3056,112,0,5,0,1019,234,0,10,0,412,72,0,4,0,267,24,0,2,0,222,509,8,11,0,0,49,2,1,0,0,1,1,0,0
0,22,2,26,3,4,0,0.995892,0.977539,0.975217,23,3,709,100,100,0,0,0,28,36,0,8,2,40,6,66,21,0,0,3056,161,0,7,0,1019,255,0,14,0,412,49,0,16,0,267,20,0,8,0,222,484,32,44,0,0,69,8,19,0,0,2,2,0,0
0,22,3,33,3,4,0,1.012614,0.981589,1.00233,31,3,709,100,100,0,0,0,26,36,8,0,2,40,6,24,18,0,0,3056,183,0,6,0,1019,277,0,12,0,412,78,0,16,0,267,39,0,8,0,222,500,32,41,0,0,126,8,18,0,0,1,1,0,0
0,23,0,30,8,6,0,1.025214,0.984054,1.006752,28,5,959,100,100,0,0,0,0,22,30,30,3,40,2,135,15,0,0,3104,230,0,5,0,1024,276,0,10,0,487,0,0,16,0,227,0,0,6,0,226,746,24,40,0,0,5,8,18,0,0,1,1,0,0
0,23,1,20,8,6,0,1.010579,0.987866,1.0208,17,3,709,100,100,0,0,0,22,0,36,38,3,40,2,46,15,0,0,3104,96,0,5,0,1024,236,0,10,0,487,80,0,4,0,227,34,0,2,0,226,509,8,11,0,0,50,2,1,0,0,1,1,0,0
0,23,2,29,8,6,0,0.995942,0.971145,0.973814,24,3,709,100,100,0,0,0,30,36,0,10,2,40,2,70,21,0,0,3104,152,0,7,0,1024,262,0,14,0,487,43,0,14,0,227,28,0,7,0,226,498,28,23,0,0,75,7,1,0,0,1,1,0,0
0,23,3,31,8,6,0,1.018488,0.980906,1.007234,29,3,709,100,100,0,0,0,30,38,10,0,2,40,2,25,18,0,0,3104,200,0,6,0,1024,281,0,12,0,487,84,0,16,0,227,43,0,8,0,226,513,32,22,0,0,134,8,0,0,0,0,0,0,0
0,24,0,31,5,5,0,1.025443,0.983469,1.00621,29,5,959,100,100,0,0,0,0,24,32,34,3,40,3,129,15,0,0,3144,195,0,5,0,1013,281,0,10,0,438,1,0,14,0,270,0,0,0,0,135,824,0,21,0,0,11,7,1,0,0,1,1,0,0
0,24,1,23,5,5,0,1.016634,0.981266,1.017829,18,3,709,100,100,0,0,0,24,0,38,40,3,40,3,50,15,0,0,3144,79,0,5,0,1013,241,0,10,0,438,109,0,4,0,270,32,0,2,0,135,509,8,11,0,0,51,2,1,0,0,1,1,0,0
0,24,2,30,5,5,0,0.996404,0.971868,0.972085,25,3,709,100,100,0,0,0,32,38,0,12,2,40,3,73,24,0,0,3144,163,0,8,0,1013,270,0,16,0,438,47,0,20,0,270,18,0,10,0,135,518,40,32,0,0,83,10,2,0,0,2,2,0,0
0,24,3,26,5,5,0,1.019485,0.977336,1.007644,25,3,709,100,100,0,0,0,34,40,12,0,2,40,3,28,21,0,0,3144,162,0,7,0,1013,288,0,14,0,438,101,0,14,0,270,38,0,7,0,135,569,28,23,0,0,140,7,1,0,0,1,1,0,0
0,25,0,33,5,2,0,1.028926,0.986227,1.010883,30,5,959,100,100,0,0,0,0,24,34,38,3,40,3,121,15,0,0,2984,271,0,5,0,1010,286,0,10,0,538,0,0,2,0,218,0,0,8,0,294,850,32,9,0,0,11,1,1,0,0,1,1,0,0
0,25,1,23,5,2,0,1.012403,0.988829,1.022466,19,3,709,100,100,0,0,0,24,0,40,42,3,40,3,48,15,0,0,2984,59,0,5,0,1010,246,0,10,0,538,107,0,4,0,218,46,0,2,0,294,506,8,11,0,0,52,2,1,0,0,1,1,0,0
0,25,2,31,5,2,0,0.995884,0.971519,0.973058,27,3,709,100,100,0,0,0,34,40,0,14,2,40,3,71,21,0,0,2984,174,0,7,0,1010,277,0,14,0,538,29,0,20,0,218,25,0,10,0,294,529,40,29,0,0,92,10,1,0,0,1,1,0,0
0,25,3,26,5,2,0,1.019485,0.977336,1.007644,26,3,709,100,100,0,0,0,38,42,14,0,2,40,3,34,21,0,0,2984,177,0,7,0,1010,295,0,14,0,538,88,0,14,0,218,44,0,7,0,294,579,28,21,0,0,147,7,0,0,0,0,0,0,0
0,26,0,33,9,4,0,1.039693,0.983107,1.008595,27,6,1084,100,100,0,0,0,0,24,36,40,3,40,8,111,15,0,0,3096,233,0,5,0,1013,291,0,10,0,425,0,0,24,0,269,0,0,1,0,224,856,4,48,0,0,5,12,18,0,0,1,1,0,0
0,26,1,26,9,4,0,1.016827,0.989206,1.019427,20,3,709,100,100,0,0,0,24,0,42,44,3,40,8,49,15,0,0,3096,39,0,5,0,1013,251,0,10,0,425,138,0,4,0,269,46,0,2,0,224,506,8,11,0,0,53,2,1,0,0,1,1,0,0
0,26,2,32,9,4,0,0.996743,0.974018,0.975598,28,3,709,100,100,0,0,0,36,42,0,14,2,40,8,72,24,0,0,3096,183,0,8,0,1013,285,0,16,0,425,37,0,22,0,269,14,0,11,0,224,551,44,34,0,0,101,11,2,0,0,2,2,0,0
0,26,3,27,9,4,0,1.024107,0.978465,1.010996,26,3,709,100,100,0,0,0,40,44,14,0,2,40,8,36,21,0,0,3096,192,0,7,0,1013,302,0,14,0,425,104,0,14,0,269,37,0,7,0,224,589,28,21,0,0,154,7,0,0,0,0,0,0,0
0,27,0,34,8,3,0,1.041978,0.982181,1.007613,28,6,1084,100,100,0,0,0,0,26,38,42,3,40,2,105,18,0,0,3088,193,0,6,0,1007,297,0,12,0,500,0,0,10,0,197,0,0,15,0,198,969,60,22,0,0,7,5,3,0,0,3,3,0,0
0,27,1,28,8,3,0,1.016815,0.994051,1.024042,21,3,709,100,100,0,0,0,26,0,46,46,3,40,2,45,15,0,0,3088,19,0,5,0,1007,256,0,10,0,500,139,0,8,0,197,66,0,4,0,198,512,16,19,0,0,54,4,3,0,0,3,3,0,0
0,27,2,33,8,3,0,1.002775,0.971583,0.976604,27,3,709,100,100,0,0,0,38,46,0,14,2,40,2,73,24,0,0,3088,198,0,8,0,1007,293,0,16,0,500,27,0,20,0,197,25,0,10,0,198,570,40,30,0,0,110,10,1,0,0,1,1,0,0
0,27,3,28,8,3,0,1.023766,0.975494,1.013419,26,3,709,100,100,0,0,0,42,46,14,0,2,40,2,41,24,0,0,3088,204,0,8,0,1007,310,0,16,0,500,105,0,14,0,197,42,0,7,0,198,596,28,24,0,0,160,7,1,0,0,1,1,0,0
0,28,0,35,5,2,0,1.041653,0.982197,1.008893,31,6,1084,100,100,0,0,0,0,28,38,42,3,40,8,97,18,0,0,3031,232,0,6,0,1007,301,0,12,0,439,1,0,20,0,232,0,0,12,0,300,987,48,30,0,0,15,10,2,0,0,2,2,0,0
0,28,1,28,5,2,0,1.013809,0.99578,1.027783,23,3,709,100,100,0,0,0,28,0,50,48,3,40,8,42,18,0,0,3031,5,0,6,0,1007,262,0,12,0,439,162,0,10,0,232,74,0,5,0,300,512,20,20,0,0,57,5,2,0,0,2,2,0,0
0,28,2,34,5,2,0,1.005955,0.971987,0.978031,28,3,709,100,100,0,0,0,38,50,0,14,2,40,8,74,27,0,0,3031,227,0,9,0,1007,300,0,18,0,439,33,0,24,0,232,13,0,12,0,300,579,48,39,0,0,119,12,3,0,0,3,3,0,0
0,28,3,29,5,2,0,1.02708,0.969819,1.01287,26,4,834,100,100,0,0,0,42,48,14,0,2,40,8,43,21,0,0,3031,168,0,7,0,1007,315,0,14,0,439,110,0,16,0,232,46,0,8,0,300,586,32,42,0,0,150,8,18,0,0,1,1,0,0
0,29,0,24,11,18,0,1.044297,0.982042,1.020128,21,7,1209,100,100,0,0,0,0,32,40,44,3,40,0,86,15,0,0,3121,191,0,5,0,1001,306,0,10,0,399,19,0,12,0,272,0,0,0,0,129,979,0,36,0,0,3,6,18,0,0,1,1,0,0
0,29,1,29,11,18,0,1.014434,1.000984,1.03541,24,3,709,100,100,0,0,0,32,0,54,52,3,40,0,46,21,0,0,3121,4,0,7,0,1001,269,0,14,0,399,189,0,10,0,272,69,0,5,0,129,523,20,21,0,0,60,5,2,0,0,2,2,0,0
0,29,2,35,11,18,0,1.01225,0.971045,0.981131,29,4,834,100,100,0,0,0,40,54,0,14,2,40,0,76,27,0,0,3121,183,0,9,0,1001,309,0,18,0,399,39,0,24,0,272,1,0,12,0,129,645,48,54,0,0,112,12,19,0,0,2,2,0,0
0,29,3,31,11,18,0,1.028646,0.968398,1.017668,25,4,834,100,100,0,0,0,44,52,14,0,2,40,0,45,21,0,0,3121,171,0,7,0,1001,322,0,14,0,399,127,0,16,0,272,38,0,8,0,129,602,32,25,0,0,157,8,1,0,0,1,1,0,0
0,30,0,25,6,2,0,1.045511,0.980631,1.019222,22,7,1209,100,100,0,0,0,0,34,42,46,3,40,7,91,21,0,0,3039,159,0,7,0,992,313,0,14,0,544,7,0,12,0,191,12,0,6,0,236,1010,24,21,0,0,8,6,1,0,0,1,1,0,0
0,30,1,29,6,2,0,1.01529,1.006241,1.035547,25,3,709,100,100,0,0,0,34,0,58,56,3,40,7,46,21,0,0,3039,12,0,7,0,992,276,0,14,0,544,175,0,14,0,191,83,0,7,0,236,541,28,25,0,0,65,7,2,0,0,2,2,0,0
0,30,2,36,6,2,0,1.013786,0.969131,0.979098,31,4,834,100,100,0,0,0,42,58,0,14,2,40,7,77,27,0,0,3039,218,0,9,0,992,318,0,18,0,544,15,0,24,0,191,16,0,12,0,236,662,48,37,0,0,122,12,2,0,0,2,2,0,0
0,30,3,33,6,2,0,1.024802,0.964663,1.01772,26,4,834,100,100,0,0,0,46,56,14,0,2,40,7,48,27,0,0,3039,170,0,9,0,992,331,0,18,0,544,109,0,18,0,191,44,0,9,0,236,619,36,31,0,0,164,9,2,0,0,2,2,0,0
0,31,0,27,10,2,0,1.047387,0.976673,1.020814,23,7,1209,100,100,0,0,0,0,38,42,48,3,40,0,98,21,0,0,3103,142,0,7,0,992,320,0,14,0,453,29,0,12,0,212,6,0,6,0,186,1025,24,21,0,0,13,6,1,0,0,1,1,0,0
0,31,1,30,10,2,0,1.016964,1.002934,1.034756,26,3,709,100,100,0,0,0,38,0,62,60,3,40,0,48,21,0,0,3103,12,0,7,0,992,283,0,14,0,453,165,0,16,0,212,105,0,8,0,186,566,32,25,0,0,72,8,1,0,0,1,1,0,0
0,31,2,40,10,2,0,1.012014,0.96987,0.978149,33,5,959,100,100,0,0,0,42,62,0,16,2,40,0,78,27,0,0,3103,172,0,9,0,992,327,0,18,0,453,29,0,26,0,212,3,0,13,0,186,727,52,56,0,0,116,13,19,0,0,2,2,0,0
0,31,3,34,10,2,0,1.030508,0.966338,1.01987,27,4,834,100,100,0,0,0,48,60,16,0,2,40,0,51,27,0,0,3103,167,0,9,0,992,340,0,18,0,453,100,0,20,0,212,61,0,10,0,186,639,40,35,0,0,171,10,3,0,0,3,3,0,0
0,32,0,31,9,1,0,1.052876,0.977712,1.025322,24,8,1334,100,100,0,0,0,0,42,44,50,3,40,2,103,24,0,0,2998,130,0,8,0,983,328,0,16,0,499,23,0,14,0,227,16,0,7,0,243,1022,28,43,0,0,1,7,19,0,0,2,2,0,0
0,32,1,32,9,1,0,1.016044,1.006012,1.038411,27,3,709,100,100,0,0,0,42,0,64,64,3,40,2,51,24,0,0,2998,11,0,8,0,983,291,0,16,0,499,160,0,16,0,227,102,0,8,0,243,588,32,28,0,0,78,8,2,0,0,2,2,0,0
0,32,2,42,9,1,0,1.011361,0.967975,0.978731,35,5,959,100,100,0,0,0,44,64,0,16,2,40,2,76,30,0,0,2998,217,0,10,0,983,337,0,20,0,499,17,0,30,0,227,3,0,15,0,243,750,60,46,0,0,128,15,3,0,0,3,3,0,0
0,32,3,34,9,1,0,1.02929,0.967488,1.016952,29,4,834,100,100,0,0,0,50,64,16,0,2,40,2,50,24,0,0,2998,172,0,8,0,983,348,0,16,0,499,84,0,24,0,227,57,0,12,0,243,669,48,36,0,0,181,12,2,0,0,2,2,0,0
0,33,0,29,3,4,0,1.051319,0.979244,1.026,23,8,1334,100,100,0,0,0,0,46,46,52,3,40,0,106,27,0,0,3075,121,0,9,0,980,337,0,18,0,397,42,0,14,0,262,9,0,7,0,177,1030,28,29,0,0,5,7,3,0,0,3,3,0,0
0,33,1,33,3,4,0,1.017913,1.005437,1.036279,29,4,834,100,100,0,0,0,46,0,68,68,3,40,0,52,24,0,0,3075,19,0,8,0,980,299,0,16,0,397,180,0,18,0,262,93,0,9,0,177,595,36,47,0,0,68,9,19,0,0,2,2,0,0
0,33,2,42,3,4,0,1.011361,0.967975,0.978731,38,6,1084,100,100,0,0,0,46,68,0,18,2,40,0,73,30,0,0,3075,164,0,10,0,980,347,0,20,0,397,16,0,32,0,262,0,0,13,0,177,814,52,63,0,0,125,16,19,0,0,2,2,0,0
0,33,3,34,3,4,0,1.027319,0.965507,1.015732,31,4,834,100,100,0,0,0,52,68,18,0,2,40,0,48,24,0,0,3075,177,0,8,0,980,356,0,16,0,397,99,0,24,0,262,45,0,12,0,177,701,48,34,0,0,192,12,1,0,0,1,1,0,0
0,34,0,30,6,2,0,1.052672,0.98063,1.022694,26,8,1334,100,100,0,0,0,0,48,48,54,3,40,0,112,27,0,0,2978,114,0,9,0,980,346,0,18,0,463,46,0,14,0,272,2,0,7,0,249,1040,28,27,0,0,10,7,2,0,0,2,2,0,0
0,34,1,35,6,2,0,1.019299,1.008486,1.041624,30,4,834,100,100,0,0,0,48,0,72,72,3,40,0,54,24,0,0,2978,19,0,8,0,980,307,0,16,0,463,185,0,18,0,272,84,0,9,0,249,621,36,28,0,0,76,9,1,0,0,1,1,0,0
0,34,2,42,6,2,0,1.011457,0.968041,0.979032,39,6,1084,100,100,0,0,0,48,72,0,18,2,40,0,69,30,0,0,2978,199,0,10,0,980,357,0,20,0,463,8,0,30,0,272,0,0,0,0,249,781,0,42,0,0,139,15,1,0,0,1,1,0,0
0,34,3,35,6,2,0,1.026822,0.964519,1.016093,32,5,959,100,100,0,0,0,54,72,18,0,2,40,0,47,24,0,0,2978,190,0,8,0,980,364,0,16,0,463,91,0,26,0,272,32,0,13,0,249,715,52,53,0,0,187,13,18,0,0,1,1,0,0
0,35,0,32,8,1,0,1.052911,0.982263,1.020055,28,8,1334,100,100,0,0,0,0,48,50,56,3,40,2,118,27,0,0,2952,115,0,9,0,983,355,0,18,0,405,58,0,16,0,269,0,0,4,0,240,1038,16,27,0,0,17,8,1,0,0,1,1,0,0
0,35,1,36,8,1,0,1.025338,1.002156,1.038819,30,4,834,100,100,0,0,0,48,0,76,76,3,40,2,54,24,0,0,2952,34,0,8,0,983,315,0,16,0,405,194,0,22,0,269,74,0,11,0,240,649,44,34,0,0,85,11,2,0,0,2,2,0,0
0,35,2,43,8,1,0,1.010768,0.96861,0.97777,40,6,1084,100,100,0,0,0,50,76,0,18,2,40,2,65,30,0,0,2952,242,0,10,0,983,367,0,20,0,405,18,0,32,0,269,0,0,0,0,240,749,0,44,0,0,154,16,1,0,0,1,1,0,0
0,35,3,38,8,1,0,1.031352,0.968326,1.019601,33,5,959,100,100,0,0,0,56,76,18,0,2,40,2,46,24,0,0,2952,202,0,8,0,983,372,0,16,0,405,98,0,28,0,269,18,0,14,0,240,754,56,38,0,0,200,14,1,0,0,1,1,0,0
0,36,0,34,7,2,0,1.053702,0.983233,1.0213,29,8,1334,100,100,0,0,0,0,48,52,58,3,40,0,123,30,0,0,3065,113,0,10,0,974,365,0,20,0,420,67,0,18,0,225,3,0,9,0,191,1054,36,32,0,0,24,9,2,0,0,2,2,0,0
0,36,1,39,7,2,0,1.025677,1.00271,1.039944,32,4,834,100,100,0,0,0,48,0,80,80,3,40,0,49,24,0,0,3065,34,0,8,0,974,323,0,16,0,420,201,0,26,0,225,73,0,13,0,191,687,52,38,0,0,96,13,2,0,0,2,2,0,0
0,36,2,44,7,2,0,1.00708,0.967604,0.981665,40,6,1084,100,100,0,0,0,52,80,0,18,2,40,0,60,30,0,0,3065,188,0,10,0,974,377,0,20,0,420,20,0,32,0,225,0,0,14,0,191,804,56,44,0,0,169,16,1,0,0,1,1,0,0
0,36,3,37,7,2,0,1.031806,0.9703,1.017999,33,5,959,100,100,0,0,0,58,80,18,0,2,40,0,44,27,0,0,3065,207,0,9,0,974,381,0,18,0,420,98,0,30,0,225,12,0,15,0,191,798,60,43,0,0,213,15,2,0,0,2,2,0,0
0,37,0,37,10,1,0,1.056685,0.982793,1.024038,31,8,1334,100,100,0,0,0,0,48,54,60,3,40,0,131,33,0,0,3003,108,0,11,0,971,376,0,22,0,397,88,0,18,0,272,0,0,3,0,172,1045,12,33,0,0,31,9,2,0,0,2,2,0,0
0,37,1,41,10,1,0,1.02652,1.005156,1.037806,34,5,959,100,100,0,0,0,48,0,82,80,3,40,0,45,24,0,0,3003,40,0,8,0,971,331,0,16,0,397,208,0,32,0,272,57,0,16,0,172,718,64,63,0,0,92,16,20,0,0,3,3,0,0
0,37,2,46,10,1,0,1.00534,0.969974,0.981862,41,6,1084,100,100,0,0,0,54,82,0,18,2,40,0,60,33,0,0,3003,237,0,11,0,971,388,0,22,0,397,28,0,34,0,272,0,0,0,0,172,767,0,49,0,0,184,17,2,0,0,2,2,0,0
0,37,3,39,10,1,0,1.032416,0.971289,1.019182,34,6,1084,100,100,0,0,0,60,80,18,0,2,40,0,42,27,0,0,3003,161,0,9,0,971,390,0,18,0,397,92,0,30,0,272,0,0,12,0,172,862,48,58,0,0,210,15,18,0,0,1,1,0,0
0,38,0,39,6,6,0,1.058585,0.98245,1.021675,33,8,1334,100,100,0,0,0,0,50,56,62,3,40,11,133,33,0,0,3047,107,0,11,0,962,387,0,22,0,465,88,0,20,0,228,4,0,10,0,160,1061,40,35,0,0,39,10,2,0,0,2,2,0,0
0,38,1,41,6,6,0,1.026787,1.002881,1.037974,35,5,959,100,100,0,0,0,50,0,86,84,3,40,11,36,27,0,0,3047,34,0,9,0,962,340,0,18,0,465,195,0,30,0,228,53,0,15,0,160,765,60,43,0,0,105,15,2,0,0,2,2,0,0
0,38,2,45,6,6,0,1.00538,0.970087,0.978994,41,6,1084,100,100,0,0,0,56,86,0,18,2,40,11,53,30,0,0,3047,180,0,10,0,962,398,0,20,0,465,18,0,36,0,228,0,0,11,0,160,833,44,50,0,0,200,18,2,0,0,2,2,0,0
0,38,3,38,6,6,0,1.033948,0.971905,1.025209,33,6,1084,100,100,0,0,0,62,84,18,0,2,40,11,43,33,0,0,3047,150,0,11,0,962,401,0,22,0,465,79,0,26,0,228,0,0,8,0,160,877,32,41,0,0,221,13,2,0,0,2,2,0,0
0,39,0,42,8,4,0,1.060359,0.98392,1.018374,34,8,1334,100,100,0,0,0,0,52,58,64,3,40,4,138,36,0,0,2953,96,0,12,0,959,399,0,24,0,430,102,0,20,0,258,0,0,7,0,211,1068,28,36,0,0,47,10,2,0,0,2,2,0,0
0,39,1,39,8,4,0,1.030392,1.003167,1.039833,36,5,959,100,100,0,0,0,52,0,90,88,3,40,4,32,24,0,0,2953,34,0,8,0,959,348,0,16,0,430,193,0,30,0,258,40,0,15,0,211,815,60,40,0,0,119,15,1,0,0,1,1,0,0
0,39,2,45,8,4,0,1.00538,0.970087,0.978994,43,6,1084,100,100,0,0,0,58,90,0,18,2,40,4,49,33,0,0,2953,227,0,11,0,959,409,0,22,0,430,13,0,36,0,258,0,0,5,0,211,824,20,49,0,0,217,18,1,0,0,1,1,0,0
0,39,3,41,8,4,0,1.031022,0.976245,1.02737,35,6,1084,100,100,0,0,0,64,88,18,0,2,40,4,50,36,0,0,2953,139,0,12,0,959,413,0,24,0,430,74,0,26,0,258,0,0,4,0,211,875,16,42,0,0,232,13,2,0,0,2,2,0,0
0,40,0,42,5,9,0,1.062204,0.986352,1.019694,35,8,1334,100,100,0,0,0,0,58,60,66,3,40,0,142,39,0,0,3059,80,0,13,0,956,412,0,26,0,483,96,0,22,0,186,14,0,11,0,159,1089,44,41,0,0,55,11,3,0,0,3,3,0,0
0,40,1,33,5,9,0,1.026508,1.014771,1.046308,32,6,1084,100,100,0,0,0,58,0,92,90,3,40,0,28,21,0,0,3059,34,0,7,0,956,355,0,14,0,483,177,0,24,0,186,45,0,12,0,159,836,48,48,0,0,114,12,17,0,0,0,0,0,0
0,40,2,45,5,9,0,1.005541,0.970642,0.977804,43,6,1084,100,100,0,0,0,60,92,0,20,3,40,0,45,33,0,0,3059,171,0,11,0,956,420,0,22,0,483,0,0,34,0,186,0,0,14,0,159,911,56,47,0,0,233,17,1,0,0,1,1,0,0
0,40,3,43,5,9,0,1.034222,0.975584,1.030441,37,6,1084,100,100,0,0,0,66,90,20,0,3,40,0,53,36,0,0,3059,134,0,12,0,956,425,0,24,0,483,62,0,28,0,186,10,0,14,0,159,911,56,44,0,0,244,14,2,0,0,2,2,0,0
4,1,0,49,6,15,0,0.998132,1.006059,1.013576,0,0,334,100,100,0,0,0,0,0,2,2,0,40,1,45,36,0,0,2816,201,0,12,0,932,62,0,24,0,476,2,0,48,0,261,6,0,24,0,183,112,96,78,0,0,15,24,9,0,0,9,9,0,0
4,1,1,46,6,15,0,1.000982,1.009732,1.013916,0,0,334,100,100,0,0,0,0,0,2,2,0,40,1,47,39,0,0,2816,192,0,13,0,932,63,0,26,0,476,2,0,44,0,261,3,0,22,0,183,104,88,75,0,0,13,22,9,0,0,9,9,0,0
4,1,2,47,6,15,0,0.999088,1.011203,1.021472,0,0,334,100,100,0,0,0,2,2,0,0,0,40,1,47,39,0,0,2816,200,0,13,0,932,63,0,26,0,476,0,0,44,0,261,4,0,24,0,183,118,96,75,0,0,13,22,9,0,0,9,9,0,0
4,1,3,49,6,15,0,1.003253,1.003288,1.013375,0,0,334,100,100,0,0,0,2,2,0,0,0,40,1,45,39,0,0,2816,200,0,13,0,932,63,0,26,0,476,2,0,48,0,261,4,0,24,0,183,117,96,79,0,0,15,24,9,0,0,9,9,0,0
4,2,0,49,7,5,1,0.998941,1.007104,1.013532,9,0,334,100,100,0,0,0,0,0,-2,4,0,40,1,44,36,0,0,2816,236,0,12,0,1000,59,0,24,0,487,0,0,16,0,258,0,0,6,0,156,129,24,46,0,0,14,8,9,0,0,9,9,0,0
4,2,1,48,7,5,1,1.004187,1.010238,1.014745,9,0,334,100,100,0,0,0,0,0,2,4,0,40,1,48,39,0,0,2816,229,0,13,0,1000,58,0,26,0,487,0,0,14,0,258,0,0,9,0,156,128,36,45,0,0,11,7,9,0,0,9,9,0,0
4,2,2,48,7,5,1,0.997474,1.011404,1.022291,9,0,334,100,100,0,0,0,-2,2,0,-2,0,40,1,52,42,0,0,2816,235,0,14,0,1000,59,0,28,0,487,1,0,10,0,258,0,0,8,0,156,144,32,42,0,0,9,5,9,0,0,9,9,0,0
4,2,3,48,7,5,1,1.003097,1.000714,1.010889,9,0,334,100,100,0,0,0,4,4,-2,0,0,40,1,42,36,0,0,2816,235,0,12,0,1000,61,0,24,0,487,1,0,18,0,258,0,0,8,0,156,134,32,48,0,0,15,9,9,0,0,9,9,0,0
4,3,0,50,6,7,0,0.998785,1.006517,1.01263,18,0,334,100,100,0,0,0,0,0,0,6,0,40,1,41,36,0,0,3200,175,0,12,0,937,69,0,24,0,427,0,0,28,0,272,0,0,0,0,71,122,0,58,0,0,19,14,9,0,0,9,9,0,0
4,3,1,49,6,7,0,1.003781,1.011248,1.015536,17,0,334,100,100,0,0,0,0,0,4,6,0,40,1,47,39,0,0,3200,168,0,13,0,937,71,0,26,0,427,1,0,26,0,272,0,0,0,0,71,128,0,57,0,0,15,13,9,0,0,9,9,0,0
4,3,2,48,6,7,0,0.996724,1.014412,1.020864,18,0,334,100,100,0,0,0,0,4,0,-2,0,40,1,56,42,0,0,3200,173,0,14,0,937,73,0,28,0,427,0,0,22,0,272,0,0,0,0,71,147,0,54,0,0,11,11,9,0,0,9,9,0,0
4,3,3,45,6,7,0,1.003005,1.001017,1.010295,17,0,334,100,100,0,0,0,6,6,-2,0,0,40,1,41,36,0,0,3200,175,0,12,0,937,73,0,24,0,427,1,0,26,0,272,0,0,0,0,71,139,0,56,0,0,19,13,9,0,0,9,9,0,0
4,4,0,49,7,12,1,0.998876,1.006325,1.012401,27,0,334,100,100,0,0,0,0,-4,0,6,0,40,0,41,36,0,0,2778,215,0,12,0,935,81,0,24,0,481,0,0,18,0,247,0,0,4,0,172,124,16,48,0,0,19,9,9,0,0,9,9,0,0
4,4,1,44,7,12,1,1.008967,1.006261,1.01547,25,0,334,100,100,0,0,0,-4,0,6,8,0,40,0,41,33,0,0,2778,220,0,11,0,935,82,0,22,0,481,0,0,16,0,247,0,0,7,0,172,137,28,43,0,0,15,8,8,0,0,8,8,0,0
4,4,2,50,7,12,1,0.999089,1.016284,1.02315,27,0,334,100,100,0,0,0,0,6,0,-2,0,40,0,59,42,0,0,2778,215,0,14,0,935,87,0,28,0,481,0,0,12,0,247,0,0,6,0,172,162,24,44,0,0,8,6,9,0,0,9,9,0,0
4,4,3,44,7,12,1,1.008835,0.998748,1.010349,26,0,334,100,100,0,0,0,6,8,-2,0,0,40,0,40,33,0,0,2778,207,0,11,0,935,84,0,22,0,481,1,0,18,0,247,0,0,8,0,172,152,32,45,0,0,20,9,8,0,0,8,8,0,0
4,5,0,47,3,10,0,0.999436,1.004871,1.007846,36,0,334,100,100,0,0,0,0,-4,2,8,0,40,4,34,33,0,0,2888,259,0,11,0,941,92,0,22,0,532,0,0,8,0,249,0,0,3,0,191,130,12,31,0,0,17,4,6,0,0,6,6,0,0
4,5,1,45,3,10,0,1.008139,1.005077,1.015924,33,0,334,100,100,0,0,0,-4,0,8,10,0,40,4,38,33,0,0,2888,165,0,11,0,941,93,0,22,0,532,1,0,0,0,249,0,0,7,0,191,173,28,23,0,0,9,0,6,0,0,6,6,0,0
4,5,2,44,3,10,0,0.99825,1.007192,1.023578,32,0,334,100,100,0,0,0,2,8,0,-2,0,40,4,68,48,0,0,2888,253,0,16,0,941,103,0,32,0,532,0,0,0,0,249,0,0,7,0,191,175,28,28,0,0,2,0,6,0,0,6,6,0,0
4,5,3,44,3,10,0,1.006396,0.994786,1.00909,34,0,334,100,100,0,0,0,8,10,-2,0,0,40,4,40,33,0,0,2888,256,0,11,0,941,95,0,22,0,532,0,0,4,0,249,0,0,6,0,191,179,24,25,0,0,17,2,5,0,0,5,5,0,0
4,6,0,36,7,22,0,1.004295,1.006113,1.007674,34,0,334,100,100,0,0,0,0,-4,6,10,0,40,1,33,27,0,0,3096,203,0,9,0,947,101,0,18,0,508,0,0,8,0,265,0,0,0,0,103,151,0,19,0,0,20,4,1,0,0,1,1,0,0
4,6,1,43,7,22,0,1.009504,1.003531,1.021292,38,0,334,100,100,0,0,0,-4,0,10,12,0,40,1,41,33,0,0,3096,205,0,11,0,947,104,0,22,0,508,1,0,12,0,265,0,0,2,0,103,180,8,25,0,0,14,6,1,0,0,1,1,0,0
4,6,2,44,7,22,0,0.998312,1.010363,1.022465,37,0,334,100,100,0,0,0,6,10,0,0,0,40,1,79,48,0,0,3096,193,0,16,0,947,119,0,32,0,508,0,0,6,0,265,0,0,3,0,103,224,12,28,0,0,2,3,3,0,0,3,3,0,0
4,6,3,42,7,22,0,1.008712,1.001705,1.009899,39,0,334,100,100,0,0,0,10,12,0,0,0,40,1,41,33,0,0,3096,201,0,11,0,947,106,0,22,0,508,0,0,10,0,265,0,0,2,0,103,215,8,23,0,0,21,5,1,0,0,1,1,0,0
4,7,0,36,6,9,0,1.009,1.005505,1.01305,32,0,334,100,100,0,0,0,0,-4,8,12,0,40,1,34,27,0,0,2904,158,0,9,0,935,110,0,18,0,533,1,0,0,0,187,11,0,15,0,136,278,60,11,0,0,19,0,1,0,0,1,1,0,0
4,7,1,41,6,9,0,1.010211,1.005637,1.024165,36,0,334,100,100,0,0,0,-4,0,12,14,0,40,1,45,36,0,0,2904,238,0,12,0,935,116,0,24,0,533,1,0,2,0,187,5,0,18,0,136,255,72,18,0,0,13,1,2,0,0,2,2,0,0
4,7,2,42,6,9,0,0.999808,1.014411,1.024,37,0,334,100,100,0,0,0,8,12,0,2,0,40,1,93,51,0,0,2904,244,0,17,0,935,136,0,34,0,533,1,0,2,0,187,0,0,13,0,136,265,52,23,0,0,1,1,2,0,0,2,2,0,0
4,7,3,43,6,9,0,1.008262,0.998814,1.00905,40,1,459,100,100,0,0,0,12,14,2,0,0,40,1,42,33,0,0,2904,236,0,11,0,935,117,0,22,0,533,0,0,4,0,187,0,0,21,0,136,298,84,34,0,0,5,2,18,0,0,1,1,0,0
4,8,0,36,9,1,0,1.008365,1.00324,1.010098,32,1,459,100,100,0,0,0,0,-4,8,12,0,40,5,37,30,0,0,3128,176,0,10,0,935,120,0,20,0,439,6,0,28,0,272,0,0,11,0,57,281,44,59,0,0,14,14,19,0,0,2,2,0,0
4,8,1,44,9,1,0,1.010345,1.004664,1.024584,38,1,459,100,100,0,0,0,-4,0,14,16,0,40,5,52,39,0,0,3128,184,0,13,0,935,129,0,26,0,439,1,0,30,0,272,0,0,5,0,57,278,20,64,0,0,9,15,19,0,0,2,2,0,0
4,8,2,45,9,1,0,0.996887,1.016223,1.023071,39,0,334,100,100,0,0,0,8,14,0,2,0,40,5,110,51,0,0,3128,185,0,17,0,935,153,0,34,0,439,1,0,18,0,272,0,0,0,0,57,295,0,39,0,0,8,9,2,0,0,2,2,0,0
4,8,3,45,9,1,0,1.00969,0.998308,1.009236,41,1,459,100,100,0,0,0,12,16,2,0,0,40,5,41,33,0,0,3128,182,0,11,0,935,128,0,22,0,439,0,0,24,0,272,0,0,0,0,57,336,0,37,0,0,16,12,1,0,0,1,1,0,0
4,9,0,39,9,11,0,1.009726,1.002072,1.009489,34,1,459,100,100,0,0,0,0,-4,10,14,0,40,0,41,30,0,0,2832,194,0,10,0,926,130,0,20,0,542,0,0,8,0,157,20,0,14,0,213,335,56,20,0,0,17,4,1,0,0,1,1,0,0
4,9,1,42,9,11,0,1.006398,1.009227,1.019706,37,1,459,100,100,0,0,0,-4,0,16,18,0,40,0,48,33,0,0,2832,225,0,11,0,926,140,0,22,0,542,1,0,0,0,157,11,0,19,0,213,360,76,15,0,0,7,0,2,0,0,2,2,0,0
4,9,2,46,9,11,0,1.002525,1.016326,1.0233,39,0,334,100,100,0,0,0,10,16,0,2,0,40,0,130,54,0,0,2832,226,0,18,0,926,171,0,36,0,542,1,0,0,0,157,3,0,18,0,213,312,72,22,0,0,6,0,2,0,0,2,2,0,0
4,9,3,41,9,11,0,1.011972,0.999547,1.005555,39,1,459,100,100,0,0,0,14,18,2,0,0,40,0,34,27,0,0,2832,224,0,9,0,926,137,0,18,0,542,0,0,0,0,157,5,0,22,0,213,443,88,11,0,0,15,0,1,0,0,1,1,0,0
4,10,0,28,8,30,0,1.007109,0.99392,1.006715,22,1,459,100,100,0,0,0,0,-4,12,16,0,40,1,43,33,0,0,3136,208,0,11,0,941,141,0,22,0,448,0,0,8,0,269,10,0,10,0,153,358,40,23,0,0,19,4,2,0,0,2,2,0,0
4,10,1,39,8,30,0,1.0101,1.007948,1.015499,34,1,459,100,100,0,0,0,-4,0,18,20,1,40,1,48,33,0,0,3136,172,0,11,0,941,151,0,22,0,448,0,0,14,0,269,0,0,11,0,153,417,44,29,0,0,12,7,2,0,0,2,2,0,0
4,10,2,46,8,30,0,1.011487,1.011084,1.024691,39,0,334,100,100,0,0,0,12,18,0,2,0,40,1,148,54,0,0,3136,162,0,18,0,941,189,0,36,0,448,0,0,14,0,269,0,0,3,0,153,302,12,36,0,0,11,7,2,0,0,2,2,0,0
4,10,3,33,8,30,0,1.013669,1.005513,1.005855,33,2,584,100,100,0,0,0,16,20,2,0,1,40,1,35,27,0,0,3136,174,0,9,0,941,146,0,18,0,448,0,0,12,0,269,0,0,8,0,153,433,32,38,0,0,4,6,17,0,0,0,0,0,0
4,11,0,29,6,5,0,1.010412,0.994115,1.006609,24,2,584,100,100,0,0,0,0,-4,14,18,0,40,3,57,36,0,0,2888,168,0,12,0,938,153,0,24,0,526,0,0,4,0,255,0,0,12,0,190,403,48,37,0,0,2,2,19,0,0,2,2,0,0
4,11,1,41,6,5,0,1.006075,1.007609,1.016741,36,1,459,100,100,0,0,0,-4,0,20,22,2,40,3,52,33,0,0,2888,226,0,11,0,938,162,0,22,0,526,0,0,6,0,255,0,0,5,0,190,444,20,19,0,0,14,3,1,0,0,1,1,0,0
4,11,2,43,6,5,0,1.0073,1.007815,1.026955,38,0,334,100,100,0,0,0,14,20,0,2,1,40,3,164,48,0,0,2888,212,0,16,0,938,205,0,32,0,526,0,0,4,0,255,0,0,5,0,190,314,20,24,0,0,11,2,2,0,0,2,2,0,0
4,11,3,34,6,5,0,1.013501,1.004233,1.004887,33,2,584,100,100,0,0,0,18,22,2,0,1,40,3,36,27,0,0,2888,212,0,9,0,938,155,0,18,0,526,0,0,4,0,255,0,0,5,0,190,466,20,13,0,0,6,2,0,0,0,0,0,0,0
4,12,0,29,8,10,1,1.009498,0.993256,1.000567,26,2,584,100,100,0,0,0,0,-4,16,14,0,40,4,69,33,0,0,3136,192,0,11,0,941,164,0,22,0,509,0,0,8,0,272,0,0,0,0,151,388,0,21,0,0,5,4,1,0,0,1,1,0,0
4,12,1,42,8,10,1,1.008055,1.009354,1.021027,35,1,459,100,100,0,0,0,-4,0,22,22,2,40,4,56,36,0,0,3136,173,0,12,0,941,174,0,24,0,509,1,0,8,0,272,0,0,0,0,151,435,0,24,0,0,16,4,2,0,0,2,2,0,0
4,12,2,39,8,10,1,1.001439,1.016179,1.02967,35,0,334,100,100,0,0,0,16,22,0,0,1,40,4,176,45,0,0,3136,154,0,15,0,941,220,0,30,0,509,1,0,4,0,272,0,0,0,0,151,313,0,21,0,0,12,2,1,0,0,1,1,0,0
4,12,3,35,8,10,1,1.01235,1.003928,1.003726,33,2,584,100,100,0,0,0,14,22,0,0,1,40,4,39,27,0,0,3136,169,0,9,0,941,164,0,18,0,509,0,0,10,0,272,0,0,0,0,151,484,0,21,0,0,10,5,1,0,0,1,1,0,0
4,13,0,30,11,9,0,1.01215,0.994753,1.000381,25,2,584,100,100,0,0,0,0,-4,18,16,0,40,6,80,33,0,0,2872,208,0,11,0,944,175,0,22,0,484,1,0,8,0,272,0,0,0,0,213,382,0,21,0,0,8,4,1,0,0,1,1,0,0
4,13,1,42,11,9,0,1.014192,1.011352,1.023989,35,2,584,100,100,0,0,0,-4,0,24,24,2,40,6,64,42,0,0,2872,205,0,14,0,944,185,0,28,0,484,1,0,14,0,272,0,0,0,0,213,408,0,51,0,0,3,7,20,0,0,3,3,0,0
4,13,2,40,11,9,0,1.003006,1.016144,1.029108,34,1,459,100,100,0,0,0,18,24,0,0,1,40,6,193,48,0,0,2872,179,0,16,0,944,233,0,32,0,484,1,0,14,0,272,0,0,0,0,213,280,0,51,0,0,0,7,19,0,0,2,2,0,0
4,13,3,35,11,9,0,1.01192,1.000133,1.002548,31,2,584,100,100,0,0,0,16,24,0,0,1,40,6,39,27,0,0,2872,197,0,9,0,944,170,0,18,0,484,1,0,12,0,272,0,0,0,0,213,488,0,23,0,0,15,6,1,0,0,1,1,0,0
4,14,0,28,5,9,0,1.020653,0.994765,1.00788,23,2,584,100,100,0,0,0,0,-4,20,18,1,40,2,96,39,0,0,2944,165,0,13,0,926,188,0,26,0,534,0,0,2,0,252,0,0,0,0,152,430,0,19,0,0,7,1,2,0,0,2,2,0,0
4,14,1,41,5,9,0,1.012732,1.015007,1.020914,37,2,584,100,100,0,0,0,-4,0,26,26,2,40,2,73,45,0,0,2944,244,0,15,0,926,200,0,30,0,534,0,0,4,0,252,0,0,0,0,152,412,0,23,0,0,3,2,2,0,0,2,2,0,0
4,14,2,41,5,9,0,1.002295,1.015505,1.02858,35,1,459,100,100,0,0,0,20,26,0,0,2,40,2,208,48,0,0,2944,211,0,16,0,926,249,0,32,0,534,1,0,4,0,252,0,0,3,0,152,289,12,24,0,0,0,2,2,0,0,2,2,0,0
4,14,3,33,5,9,0,1.016629,1.000111,1.007111,29,2,584,100,100,0,0,0,18,26,0,0,1,40,2,38,27,0,0,2944,225,0,9,0,926,179,0,18,0,534,1,0,2,0,252,0,0,4,0,152,522,16,15,0,0,14,1,2,0,0,2,2,0,0
4,15,0,31,10,8,0,1.019187,0.999608,1.004549,24,2,584,100,100,0,0,0,0,-2,22,20,2,40,0,117,39,0,0,3144,172,0,13,0,920,201,0,26,0,517,1,0,0,0,272,0,0,0,0,25,434,0,17,0,0,5,0,2,0,0,2,2,0,0
4,15,1,40,10,8,0,1.010943,1.021705,1.020712,37,2,584,100,100,0,0,0,-2,0,28,28,2,40,0,90,48,0,0,3144,187,0,16,0,920,216,0,32,0,517,1,0,6,0,272,0,0,0,0,25,460,0,24,0,0,5,3,1,0,0,1,1,0,0
4,15,2,40,10,8,0,1.009352,1.018909,1.033655,33,1,459,100,100,0,0,0,22,28,0,2,2,40,0,230,51,0,0,3144,153,0,17,0,920,266,0,34,0,517,1,0,14,0,272,0,0,0,0,25,329,0,35,0,0,5,7,2,0,0,2,2,0,0
4,15,3,34,10,8,0,1.020111,1.001403,1.008519,30,2,584,100,100,0,0,0,20,28,2,0,2,40,0,43,30,0,0,3144,182,0,10,0,920,189,0,20,0,517,1,0,2,0,272,0,0,0,0,25,570,0,14,0,0,14,1,1,0,0,1,1,0,0
4,16,0,30,7,10,0,1.017698,1.003373,1.005902,24,2,584,100,100,0,0,0,0,-2,24,22,2,40,1,139,48,0,0,2924,169,0,16,0,914,217,0,32,0,520,1,0,0,0,263,0,0,3,0,184,446,12,22,0,0,2,0,3,0,0,3,3,0,0
4,16,1,38,7,10,0,1.013794,1.017487,1.024799,36,2,584,100,100,0,0,0,-2,0,30,30,2,40,1,103,45,0,0,2924,219,0,15,0,914,231,0,30,0,520,1,0,6,0,263,0,0,0,0,184,466,0,21,0,0,8,3,0,0,0,0,0,0,0
4,16,2,38,7,10,0,1.007503,1.022018,1.036949,32,1,459,100,100,0,0,0,24,30,0,2,2,40,1,250,51,0,0,2924,164,0,17,0,914,283,0,34,0,520,1,0,6,0,263,0,0,0,0,184,327,0,27,0,0,6,3,2,0,0,2,2,0,0
4,16,3,36,7,10,0,1.020767,1.001094,1.008214,31,3,709,100,100,0,0,0,22,30,2,0,2,40,1,50,33,0,0,2924,206,0,11,0,914,194,0,22,0,520,0,0,10,0,263,0,0,0,0,184,542,0,42,0,0,0,5,19,0,0,2,2,0,0
4,17,0,31,2,2,0,1.01589,1.003705,1.006481,27,2,584,100,100,0,0,0,0,-2,26,24,2,40,8,162,48,0,0,3072,171,0,16,0,905,233,0,32,0,536,1,0,4,0,257,0,0,0,0,158,440,0,24,0,0,2,2,2,0,0,2,2,0,0
4,17,1,38,2,2,0,1.013794,1.017487,1.024799,36,2,584,100,100,0,0,0,-2,0,32,32,2,40,8,120,48,0,0,3072,165,0,16,0,905,247,0,32,0,536,1,0,2,0,257,0,0,0,0,158,498,0,20,0,0,8,1,1,0,0,1,1,0,0
4,17,2,36,2,2,0,1.007326,1.017008,1.036487,32,1,459,100,100,0,0,0,26,32,0,2,2,40,8,269,51,0,0,3072,181,0,17,0,905,300,0,34,0,536,1,0,2,0,257,0,0,6,0,158,346,24,23,0,0,5,1,2,0,0,2,2,0,0
4,17,3,37,2,2,0,1.018433,0.999422,1.008185,33,3,709,100,100,0,0,0,24,32,2,0,2,40,8,56,36,0,0,3072,158,0,12,0,905,206,0,24,0,536,0,0,0,0,257,0,0,9,0,158,617,36,12,0,0,0,0,0,0,0,0,0,0,0
4,18,0,31,5,2,0,1.014482,1.002187,1.00812,28,2,584,100,100,0,0,0,0,0,28,26,2,40,3,188,48,0,0,2904,172,0,16,0,899,249,0,32,0,521,0,0,4,0,261,0,0,3,0,234,442,12,22,0,0,3,2,1,0,0,1,1,0,0
4,18,1,40,5,2,0,1.015714,1.018707,1.020377,37,2,584,100,100,0,0,0,0,0,34,34,2,40,3,138,48,0,0,2904,215,0,16,0,899,263,0,32,0,521,1,0,6,0,261,0,0,3,0,234,500,12,24,0,0,10,3,1,0,0,1,1,0,0
4,18,2,36,5,2,0,1.007639,1.01918,1.034861,33,1,459,100,100,0,0,0,28,34,0,4,2,40,3,291,51,0,0,2904,192,0,17,0,899,317,0,34,0,521,0,0,8,0,261,0,0,0,0,234,334,0,27,0,0,8,4,1,0,0,1,1,0,0
4,18,3,38,5,2,0,1.016299,0.997382,1.009607,33,3,709,100,100,0,0,0,26,34,4,0,2,40,3,67,39,0,0,2904,180,0,13,0,899,219,0,26,0,521,1,0,6,0,261,0,0,5,0,234,639,20,23,0,0,1,3,2,0,0,2,2,0,0
4,19,0,33,8,0,0,1.015711,1.003519,1.008721,29,2,584,100,100,0,0,0,0,0,30,28,2,40,8,217,51,0,0,3000,172,0,17,0,899,266,0,34,0,525,1,0,0,0,264,0,0,2,0,182,448,8,19,0,0,2,0,1,0,0,1,1,0,0
4,19,1,42,8,0,0,1.017626,1.021755,1.021058,38,2,584,100,100,0,0,0,0,0,34,36,2,40,8,154,48,0,0,3000,159,0,16,0,899,279,0,32,0,525,0,0,10,0,264,0,0,0,0,182,525,0,28,0,0,14,5,1,0,0,1,1,0,0
4,19,2,38,8,0,0,1.006281,1.021155,1.033184,34,1,459,100,100,0,0,0,30,34,0,4,2,40,8,313,51,0,0,3000,211,0,17,0,899,334,0,34,0,525,0,0,6,0,264,0,0,0,0,182,327,0,25,0,0,10,3,1,0,0,1,1,0,0
4,19,3,40,8,0,0,1.017108,0.994957,1.007576,35,3,709,100,100,0,0,0,28,36,4,0,2,40,8,76,39,0,0,3000,209,0,13,0,899,232,0,26,0,525,0,0,4,0,264,0,0,6,0,182,672,24,21,0,0,1,2,2,0,0,2,2,0,0
4,20,0,34,7,1,0,1.017834,1.002179,1.010013,30,2,584,100,100,0,0,0,0,0,32,30,2,40,7,249,57,0,0,3044,168,0,19,0,890,285,0,38,0,508,0,0,4,0,267,0,0,1,0,82,443,4,27,0,0,2,2,2,0,0,2,2,0,0
4,20,1,43,7,1,0,1.020113,1.022199,1.022371,38,3,709,100,100,0,0,0,0,0,36,38,2,40,7,172,51,0,0,3044,208,0,17,0,890,296,0,34,0,508,0,0,12,0,267,0,0,0,0,82,502,0,50,0,0,1,6,19,0,0,2,2,0,0
4,20,2,40,7,1,0,1.007318,1.020693,1.032897,35,1,459,100,100,0,0,0,32,36,0,6,2,40,7,332,51,0,0,3044,156,0,17,0,890,351,0,34,0,508,0,0,12,0,267,0,0,1,0,82,377,4,33,0,0,14,6,2,0,0,2,2,0,0
4,20,3,42,7,1,0,1.017687,0.992997,1.01051,37,3,709,100,100,0,0,0,30,38,6,0,2,40,7,88,42,0,0,3044,155,0,14,0,890,243,0,28,0,508,1,0,8,0,267,0,0,3,0,82,687,12,26,0,0,3,4,2,0,0,2,2,0,0
4,21,0,33,7,7,0,1.020681,1.002317,1.011645,30,2,584,100,100,0,0,0,0,0,34,32,2,40,4,276,54,0,0,2884,156,0,18,0,878,303,0,36,0,544,0,0,0,0,236,0,0,3,0,195,456,12,20,0,0,1,0,1,0,0,1,1,0,0
4,21,1,44,7,7,0,1.019156,1.019087,1.022921,38,3,709,100,100,0,0,0,0,0,38,40,2,40,4,185,48,0,0,2884,255,0,16,0,878,312,0,32,0,544,0,0,0,0,236,0,0,9,0,195,541,36,18,0,0,0,0,1,0,0,1,1,0,0
4,21,2,40,7,7,0,1.007812,1.024477,1.032526,36,1,459,100,100,0,0,0,34,38,0,6,2,40,4,359,57,0,0,2884,169,0,19,0,878,370,0,38,0,544,0,0,0,0,236,0,0,15,0,195,432,60,23,0,0,12,0,2,0,0,2,2,0,0
4,21,3,42,7,7,0,1.021384,0.99083,1.01032,37,3,709,100,100,0,0,0,32,40,6,0,2,40,4,93,39,0,0,2884,186,0,13,0,878,256,0,26,0,544,1,0,0,0,236,0,0,9,0,195,692,36,17,0,0,1,0,2,0,0,2,2,0,0
4,22,0,31,4,15,0,1.016803,1.007198,1.010304,29,2,584,100,100,0,0,0,0,2,36,34,2,40,6,301,51,0,0,2984,146,0,17,0,890,320,0,34,0,540,0,0,0,0,229,0,0,5,0,153,475,20,19,0,0,0,0,1,0,0,1,1,0,0
4,22,1,38,4,15,0,1.020039,1.017661,1.019836,33,3,709,100,100,0,0,0,2,0,40,42,2,40,6,178,30,0,0,2984,201,0,10,0,890,322,0,20,0,540,0,0,2,0,229,0,0,16,0,153,657,64,14,0,0,0,1,1,0,0,1,1,0,0
4,22,2,39,4,15,0,1.005488,1.026016,1.032766,37,1,459,100,100,0,0,0,36,40,0,8,2,40,6,380,54,0,0,2984,183,0,18,0,890,388,0,36,0,540,0,0,0,0,229,0,0,13,0,153,439,52,20,0,0,11,0,1,0,0,1,1,0,0
4,22,3,40,4,15,0,1.021555,0.984387,1.012843,35,3,709,100,100,0,0,0,34,42,8,0,2,40,6,95,36,0,0,2984,236,0,12,0,890,268,0,24,0,540,1,0,2,0,229,0,0,6,0,153,693,24,18,0,0,0,1,2,0,0,2,2,0,0
4,23,0,32,8,1,0,1.021887,1.008877,1.008326,29,2,584,100,100,0,0,0,0,2,38,36,2,40,2,326,48,0,0,2983,139,0,16,0,917,336,0,32,0,522,1,0,2,0,252,0,0,4,0,124,489,16,20,0,0,0,1,1,0,0,1,1,0,0
4,23,1,41,8,1,0,1.024039,1.017994,1.017552,34,3,709,100,100,0,0,0,2,0,42,44,2,40,2,179,30,0,0,2983,265,0,10,0,917,332,0,20,0,522,0,0,6,0,252,0,0,7,0,124,688,28,20,0,0,1,3,2,0,0,2,2,0,0
4,23,2,39,8,1,0,1.005488,1.026016,1.032766,38,1,459,100,100,0,0,0,38,42,0,8,2,40,2,404,54,0,0,2983,191,0,18,0,917,406,0,36,0,522,0,0,6,0,252,0,0,5,0,124,439,20,26,0,0,13,3,1,0,0,1,1,0,0
4,23,3,43,8,1,0,1.022175,0.985678,1.013739,37,3,709,100,100,0,0,0,36,44,8,0,2,40,2,99,36,0,0,2983,184,0,12,0,917,280,0,24,0,522,0,0,8,0,252,0,0,4,0,124,691,16,24,0,0,2,4,2,0,0,2,2,0,0
4,24,0,33,7,5,0,1.021824,1.009627,1.005894,30,2,584,100,100,0,0,0,0,2,40,38,2,40,1,355,51,0,0,2952,138,0,17,0,917,353,0,34,0,514,0,0,4,0,267,0,0,1,0,156,488,4,23,0,0,1,2,1,0,0,1,1,0,0
4,24,1,41,7,5,0,1.024279,1.01602,1.014669,35,3,709,100,100,0,0,0,2,0,44,46,2,40,1,177,30,0,0,2952,214,0,10,0,917,342,0,20,0,514,0,0,12,0,267,0,0,1,0,156,683,4,26,0,0,5,6,2,0,0,2,2,0,0
4,24,2,40,7,5,0,1.006604,1.023538,1.033486,39,1,459,100,100,0,0,0,40,44,0,8,2,40,1,426,54,0,0,2952,206,0,18,0,917,423,0,36,0,514,1,0,6,0,267,0,0,1,0,156,435,4,24,0,0,16,3,0,0,0,0,0,0,0
4,24,3,43,7,5,0,1.023004,0.989527,1.005052,36,3,709,100,100,0,0,0,38,46,8,0,2,40,1,101,33,0,0,2952,258,0,11,0,917,291,0,22,0,514,1,0,4,0,267,0,0,2,0,156,692,8,19,0,0,2,2,2,0,0,2,2,0,0
4,25,0,35,7,0,0,1.022364,1.013075,1.006104,31,2,584,100,100,0,0,0,0,2,42,40,2,40,3,386,54,0,0,3074,133,0,18,0,914,371,0,36,0,541,0,0,0,0,234,0,0,4,0,164,502,16,20,0,0,0,0,1,0,0,1,1,0,0
4,25,1,44,7,0,0,1.022757,1.014265,1.01288,37,3,709,100,100,0,0,0,2,0,44,48,2,40,3,175,30,0,0,3074,163,0,10,0,914,352,0,20,0,541,1,0,2,0,234,0,0,13,0,164,695,52,16,0,0,4,1,2,0,0,2,2,0,0
4,25,2,41,7,0,0,1.007293,1.026014,1.035956,39,1,459,100,100,0,0,0,42,44,0,8,2,40,3,449,54,0,0,3074,228,0,18,0,914,423,0,36,0,541,1,0,0,0,234,0,0,10,0,164,439,40,20,0,0,15,0,1,0,0,1,1,0,0
4,25,3,44,7,0,0,1.02388,0.989217,1.003645,38,3,709,100,100,0,0,0,40,48,8,0,2,40,3,103,36,0,0,3074,203,0,12,0,914,303,0,24,0,541,1,0,0,0,234,0,0,11,0,164,693,44,16,0,0,0,0,2,0,0,2,2,0,0
4,26,0,37,9,2,0,1.024038,1.012447,1.009155,32,2,584,100,100,0,0,0,0,2,44,42,2,40,0,417,57,0,0,2896,127,0,19,0,908,390,0,38,0,489,0,0,4,0,272,0,0,0,0,162,493,0,27,0,0,0,2,2,0,0,2,2,0,0
4,26,1,47,9,2,0,1.021737,1.012003,1.013824,39,3,709,100,100,0,0,0,2,0,46,50,2,40,0,175,33,0,0,2896,236,0,11,0,908,363,0,22,0,489,0,0,30,0,272,0,0,0,0,162,662,0,47,0,0,16,15,3,0,0,3,3,0,0
4,26,2,42,9,2,0,1.006448,1.026804,1.036519,40,2,584,100,100,0,0,0,44,46,0,8,2,40,0,459,54,0,0,2896,169,0,18,0,908,423,0,36,0,489,1,0,10,0,272,0,0,0,0,162,412,0,47,0,0,2,5,18,0,0,1,1,0,0
4,26,3,45,9,2,0,1.027254,0.987949,0.997859,38,3,709,100,100,0,0,0,42,50,8,0,2,40,0,102,33,0,0,2896,268,0,11,0,908,314,0,22,0,489,1,0,12,0,272,0,0,0,0,162,682,0,27,0,0,4,6,2,0,0,2,2,0,0
4,27,0,38,6,7,0,1.025484,1.011656,1.010174,34,2,584,100,100,0,0,0,0,2,44,44,2,40,2,448,57,0,0,3072,119,0,19,0,908,409,0,38,0,510,0,0,2,0,261,0,0,2,0,112,502,8,23,0,0,0,1,1,0,0,1,1,0,0
4,27,1,46,6,7,0,1.022656,1.007508,1.01477,39,4,834,100,100,0,0,0,2,0,48,52,2,40,2,172,33,0,0,3072,178,0,11,0,908,374,0,22,0,510,1,0,20,0,261,0,0,6,0,112,665,24,54,0,0,6,10,20,0,0,3,3,0,0
4,27,2,41,6,7,0,1.007665,1.030071,1.039669,39,2,584,100,100,0,0,0,44,48,0,8,2,40,2,476,51,0,0,3072,190,0,17,0,908,440,0,34,0,510,1,0,4,0,261,0,0,0,0,112,410,0,23,0,0,3,2,1,0,0,1,1,0,0
4,27,3,45,6,7,0,1.026347,0.98577,0.999075,38,3,709,100,100,0,0,0,44,52,8,0,2,40,2,95,30,0,0,3072,213,0,10,0,908,324,0,20,0,510,0,0,8,0,261,0,0,3,0,112,689,12,24,0,0,5,4,3,0,0,3,3,0,0
4,28,0,38,9,3,0,1.029471,1.005015,1.009841,33,2,584,100,100,0,0,0,0,2,46,46,2,40,6,471,54,0,0,2960,111,0,18,0,911,427,0,36,0,517,0,0,2,0,209,0,0,9,0,165,540,36,22,0,0,0,1,1,0,0,1,1,0,0
4,28,1,47,9,3,0,1.021483,1.004866,1.015878,41,4,834,100,100,0,0,0,2,0,50,54,2,40,6,175,39,0,0,2960,215,0,13,0,911,387,0,26,0,517,0,0,14,0,209,10,0,17,0,165,717,68,31,0,0,11,7,2,0,0,2,2,0,0
4,28,2,44,9,3,0,1.009112,1.027375,1.043294,40,2,584,100,100,0,0,0,46,50,0,8,2,40,6,495,51,0,0,2960,220,0,17,0,911,457,0,34,0,517,0,0,4,0,209,0,0,15,0,165,468,60,23,0,0,4,2,1,0,0,1,1,0,0
4,28,3,47,9,3,0,1.024319,0.985894,0.998548,41,3,709,100,100,0,0,0,46,54,8,0,2,40,6,88,30,0,0,2960,158,0,10,0,911,334,0,20,0,517,1,0,8,0,209,0,0,9,0,165,695,36,22,0,0,7,4,2,0,0,2,2,0,0
4,29,0,39,3,6,0,1.033362,1.005077,1.01613,33,2,584,100,100,0,0,0,0,2,46,48,2,40,9,497,54,0,0,3008,111,0,18,0,1088,391,0,36,0,446,0,0,12,0,272,0,0,0,0,201,530,0,34,0,0,4,6,2,0,0,2,2,0,0
4,29,1,45,3,6,0,1.02256,1.003692,1.017338,41,5,959,100,100,0,0,0,2,0,52,54,2,40,9,173,39,0,0,3008,155,0,13,0,1088,361,0,26,0,446,2,0,36,0,272,0,0,10,0,201,712,40,70,0,0,10,18,19,0,0,2,2,0,0
4,29,2,42,3,6,0,1.010394,1.028917,1.04126,39,2,584,100,100,0,0,0,46,52,0,8,2,40,9,507,51,0,0,3008,159,0,17,0,1088,423,0,34,0,446,1,0,14,0,272,0,0,0,0,201,458,0,35,0,0,9,7,2,0,0,2,2,0,0
4,29,3,47,3,6,0,1.025739,0.983992,0.996009,42,3,709,100,100,0,0,0,48,54,8,0,2,40,9,81,30,0,0,3008,237,0,10,0,1088,314,0,20,0,446,0,0,22,0,272,0,0,0,0,201,673,0,36,0,0,16,11,2,0,0,2,2,0,0
4,30,0,40,3,5,0,1.030291,1.00509,1.013465,35,2,584,100,100,0,0,0,0,2,46,48,2,40,10,523,57,0,0,2944,109,0,19,0,908,410,0,38,0,488,1,0,4,0,272,0,0,0,0,298,503,0,27,0,0,4,2,2,0,0,2,2,0,0
4,30,1,44,3,5,0,1.022562,1.000817,1.015332,42,5,959,100,100,0,0,0,2,0,52,56,2,40,10,174,39,0,0,2944,193,0,13,0,908,374,0,26,0,488,0,0,28,0,272,0,0,0,0,298,669,0,43,0,0,23,14,1,0,0,1,1,0,0
4,30,2,42,3,5,0,1.010394,1.028917,1.04126,41,2,584,100,100,0,0,0,46,52,0,8,2,40,10,522,51,0,0,2944,196,0,17,0,908,440,0,34,0,488,0,0,10,0,272,0,0,0,0,298,430,0,29,0,0,13,5,1,0,0,1,1,0,0
4,30,3,45,3,5,0,1.0255,0.984269,1.000817,41,4,834,100,100,0,0,0,48,56,8,0,2,40,10,73,30,0,0,2944,180,0,10,0,908,324,0,20,0,488,0,0,16,0,272,0,0,0,0,298,629,0,45,0,0,6,8,18,0,0,1,1,0,0
4,31,0,42,7,6,0,1.02881,1.005236,1.013456,37,2,584,100,100,0,0,0,0,2,48,50,2,40,1,553,60,0,0,2840,105,0,20,0,908,430,0,40,0,507,1,0,4,0,232,0,0,6,0,289,503,24,28,0,0,4,2,2,0,0,2,2,0,0
4,31,1,44,7,6,0,1.026662,1.000144,1.014783,41,5,959,100,100,0,0,0,2,0,54,58,2,40,1,172,33,0,0,2840,234,0,11,0,908,385,0,22,0,507,1,0,16,0,232,0,0,15,0,289,702,60,29,0,0,30,8,1,0,0,1,1,0,0
4,31,2,41,7,6,0,1.011198,1.030403,1.038188,40,3,709,100,100,0,0,0,48,54,0,8,2,40,1,541,51,0,0,2840,233,0,17,0,908,457,0,34,0,507,0,0,8,0,232,0,0,3,0,289,401,12,42,0,0,0,4,17,0,0,0,0,0,0
4,31,3,45,7,6,0,1.027597,0.983995,1.000692,40,4,834,100,100,0,0,0,50,58,8,0,2,40,1,68,30,0,0,2840,229,0,10,0,908,334,0,20,0,507,0,0,8,0,232,0,0,13,0,289,663,52,22,0,0,8,4,2,0,0,2,2,0,0
4,32,0,40,2,6,0,1.030215,1.009181,1.01528,36,2,584,100,100,0,0,0,0,2,50,52,2,40,8,568,51,0,0,3136,110,0,17,0,908,447,0,34,0,469,1,0,10,0,272,0,0,0,0,48,499,0,31,0,0,7,5,2,0,0,2,2,0,0
4,32,1,44,2,6,0,1.024112,0.998195,1.012517,41,5,959,100,100,0,0,0,2,0,56,60,2,40,8,169,33,0,0,3136,179,0,11,0,908,396,0,22,0,469,1,0,32,0,272,0,0,0,0,48,732,0,45,0,0,45,16,1,0,0,1,1,0,0
4,32,2,41,2,6,0,1.011198,1.030403,1.038188,40,3,709,100,100,0,0,0,50,56,0,8,2,40,8,561,54,0,0,3136,174,0,18,0,908,475,0,36,0,469,0,0,10,0,272,0,0,0,0,48,446,0,30,0,0,4,5,1,0,0,1,1,0,0
4,32,3,43,2,6,0,1.024236,0.98363,1.001791,41,4,834,100,100,0,0,0,52,60,8,0,2,40,8,59,27,0,0,3136,175,0,9,0,908,343,0,18,0,469,0,0,20,0,272,0,0,0,0,48,707,0,31,0,0,17,10,1,0,0,1,1,0,0
4,33,0,40,2,9,0,1.03206,1.01087,1.015575,37,2,584,100,100,0,0,0,0,2,52,54,2,40,0,584,51,0,0,2840,117,0,17,0,923,464,0,34,0,479,0,0,10,0,272,0,0,0,0,195,494,0,29,0,0,11,5,1,0,0,1,1,0,0
4,33,1,43,2,9,0,1.024549,0.99512,1.015244,40,5,959,100,100,0,0,0,2,0,58,62,2,40,0,165,33,0,0,2840,204,0,11,0,923,407,0,22,0,479,0,0,28,0,272,0,0,0,0,195,712,0,41,0,0,58,14,1,0,0,1,1,0,0
4,33,2,40,2,9,0,1.011228,1.030239,1.037934,40,3,709,100,100,0,0,0,52,58,0,8,2,40,0,580,54,0,0,2840,203,0,18,0,923,493,0,36,0,479,1,0,8,0,272,0,0,0,0,195,438,0,26,0,0,8,4,0,0,0,0,0,0,0
4,33,3,38,2,9,0,1.023012,0.98378,1.000135,37,4,834,100,100,0,0,0,54,62,8,0,2,40,0,50,27,0,0,2840,211,0,9,0,923,352,0,18,0,479,0,0,20,0,272,0,0,0,0,195,706,0,31,0,0,26,10,1,0,0,1,1,0,0
4,34,0,42,10,6,0,1.033242,1.009912,1.017145,36,2,584,100,100,0,0,0,0,2,54,56,2,40,1,584,54,0,0,2960,115,0,18,0,920,482,0,36,0,510,1,0,2,0,212,0,0,12,0,162,541,48,22,0,0,11,1,1,0,0,1,1,0,0
4,34,1,43,10,6,0,1.023402,0.994927,1.010376,39,5,959,100,100,0,0,0,2,0,60,64,2,40,1,157,27,0,0,2960,240,0,9,0,920,416,0,18,0,510,0,0,14,0,212,9,0,18,0,162,780,72,25,0,0,64,7,1,0,0,1,1,0,0
4,34,2,42,10,6,0,1.012962,1.033895,1.037726,40,3,709,100,100,0,0,0,54,60,0,8,2,40,1,603,54,0,0,2960,233,0,18,0,920,511,0,36,0,510,1,0,6,0,212,0,0,9,0,162,468,36,24,0,0,11,3,0,0,0,0,0,0,0
4,34,3,38,10,6,0,1.021979,0.97782,1.004605,36,5,959,100,100,0,0,0,56,64,8,0,2,40,1,44,24,0,0,2960,165,0,8,0,920,360,0,16,0,510,0,0,8,0,212,0,0,12,0,162,796,48,33,0,0,13,4,17,0,0,0,0,0,0
4,35,0,43,5,5,0,1.034248,1.009689,1.017989,37,3,709,100,100,0,0,0,0,2,56,60,2,40,0,583,57,0,0,3040,118,0,19,0,923,501,0,38,0,443,1,0,20,0,272,0,0,0,0,89,503,0,62,0,0,1,10,20,0,0,3,3,0,0
4,35,1,44,5,5,0,1.024689,0.994118,1.00665,38,6,1084,100,100,0,0,0,2,0,60,68,2,40,0,145,24,0,0,3040,189,0,8,0,923,424,0,16,0,443,9,0,36,0,272,0,0,9,0,89,826,36,65,0,0,63,18,19,0,0,2,2,0,0
4,35,2,42,5,5,0,1.012962,1.033895,1.037726,40,4,834,100,100,0,0,0,56,60,0,8,2,40,0,622,54,0,0,3040,173,0,18,0,923,529,0,36,0,443,0,0,16,0,272,0,0,0,0,89,494,0,53,0,0,1,8,18,0,0,1,1,0,0
4,35,3,36,5,5,0,1.021028,0.976442,1.002573,33,5,959,100,100,0,0,0,60,68,8,0,2,40,0,34,21,0,0,3040,216,0,7,0,923,367,0,14,0,443,0,0,18,0,272,0,0,0,0,89,799,0,27,0,0,21,9,1,0,0,1,1,0,0
4,36,0,43,9,6,0,1.035566,1.008182,1.017914,39,3,709,100,100,0,0,0,0,4,58,64,2,40,1,607,60,0,0,2960,119,0,20,0,1013,482,0,40,0,457,0,0,20,0,272,0,0,0,0,156,480,0,44,0,0,9,10,2,0,0,2,2,0,0
4,36,1,45,9,6,0,1.027041,0.993931,1.003706,39,6,1084,100,100,0,0,0,4,0,62,72,2,40,1,135,27,0,0,2960,224,0,9,0,1013,427,0,18,0,457,14,0,36,0,272,0,0,0,0,156,798,0,49,0,0,79,18,2,0,0,2,2,0,0
4,36,2,44,9,6,0,1.013121,1.035889,1.035507,39,4,834,100,100,0,0,0,58,62,0,10,2,40,1,644,54,0,0,2960,201,0,18,0,1013,520,0,36,0,457,1,0,8,0,272,0,0,0,0,156,484,0,28,0,0,4,4,1,0,0,1,1,0,0
4,36,3,36,9,6,0,1.018842,0.976347,1.002611,32,6,1084,100,100,0,0,0,64,72,10,0,2,40,1,29,21,0,0,2960,173,0,7,0,1013,356,0,14,0,457,1,0,14,0,272,0,0,0,0,156,831,0,40,0,0,10,7,18,0,0,1,1,0,0
4,37,0,42,9,20,0,1.039391,1.004716,1.019364,36,3,709,100,100,0,0,0,0,4,58,68,2,40,2,630,57,0,0,2928,121,0,19,0,923,501,0,38,0,542,0,0,0,0,179,11,0,11,0,209,512,44,21,0,0,8,0,1,0,0,1,1,0,0
4,37,1,48,9,20,0,1.029314,0.997713,1.001383,41,6,1084,100,100,0,0,0,4,0,64,76,2,40,2,124,27,0,0,2928,170,0,9,0,923,436,0,18,0,542,0,0,16,0,179,23,0,19,0,209,870,76,29,0,0,85,8,2,0,0,2,2,0,0
4,37,2,39,9,20,0,1.013437,1.046546,1.030428,33,4,834,100,100,0,0,0,58,64,0,12,2,40,2,659,51,0,0,2928,220,0,17,0,923,537,0,34,0,542,1,0,0,0,179,4,0,13,0,209,524,52,21,0,0,2,0,2,0,0,2,2,0,0
4,37,3,28,9,20,0,1.021102,0.976182,1.001748,26,6,1084,100,100,0,0,0,68,76,12,0,2,40,2,28,21,0,0,2928,226,0,7,0,923,363,0,14,0,542,1,0,0,0,179,0,0,12,0,209,882,48,9,0,0,9,0,1,0,0,1,1,0,0
4,38,0,41,2,1,0,1.042534,1.004695,1.022042,36,3,709,100,100,0,0,0,0,6,60,72,2,40,13,652,57,0,0,3032,140,0,19,0,962,520,0,38,0,498,1,0,8,0,218,14,0,13,0,126,540,52,33,0,0,9,4,3,0,0,3,3,0,0
4,38,1,49,2,1,0,1.030255,0.995918,1.002385,43,7,1209,100,100,0,0,0,6,0,66,78,2,40,13,111,27,0,0,3032,201,0,9,0,962,439,0,18,0,498,0,0,24,0,218,22,0,21,0,126,928,84,56,0,0,77,12,20,0,0,3,3,0,0
4,38,2,40,2,1,0,1.013793,1.046933,1.031159,35,4,834,100,100,0,0,0,60,66,0,14,2,40,13,680,54,0,0,3032,163,0,18,0,962,531,0,36,0,498,1,0,8,0,218,0,0,12,0,126,602,48,30,0,0,4,4,2,0,0,2,2,0,0
4,38,3,28,2,1,0,1.021102,0.976182,1.001748,27,6,1084,100,100,0,0,0,72,78,14,0,2,40,13,27,21,0,0,3032,191,0,7,0,962,364,0,14,0,498,0,0,6,0,218,0,0,10,0,126,982,40,15,0,0,11,3,1,0,0,1,1,0,0
4,39,0,41,3,3,0,1.042534,1.004695,1.022042,39,4,834,100,100,0,0,0,0,8,62,76,2,40,3,678,57,0,0,2848,160,0,19,0,926,539,0,38,0,442,0,0,22,0,272,1,0,13,0,239,541,52,60,0,0,2,11,18,0,0,1,1,0,0
4,39,1,49,3,3,0,1.031006,0.998167,1.003591,45,7,1209,100,100,0,0,0,8,0,68,82,2,40,3,96,27,0,0,2848,223,0,9,0,926,448,0,18,0,442,6,0,42,0,272,1,0,21,0,239,988,84,55,0,0,96,21,2,0,0,2,2,0,0
4,39,2,40,3,3,0,1.015545,1.049682,1.03074,35,4,834,100,100,0,0,0,62,68,0,18,2,40,3,704,57,0,0,2848,184,0,19,0,926,550,0,38,0,442,0,0,16,0,272,0,0,0,0,239,572,0,39,0,0,10,8,2,0,0,2,2,0,0
4,39,3,28,3,3,0,1.021102,0.976182,1.001748,28,7,1209,100,100,0,0,0,76,82,18,0,2,40,3,32,21,0,0,2848,252,0,7,0,926,371,0,14,0,442,1,0,14,0,272,0,0,0,0,239,956,0,38,0,0,1,7,17,0,0,0,0,0,0
4,40,0,42,2,3,0,1.041502,1.000876,1.022513,39,4,834,100,100,0,0,0,0,8,62,80,2,40,6,701,57,0,0,3040,172,0,19,0,923,558,0,38,0,500,1,0,10,0,242,0,0,1,0,126,523,4,31,0,0,6,5,1,0,0,1,1,0,0
4,40,1,49,2,3,0,1.031006,0.998167,1.003591,47,8,1334,100,100,0,0,0,8,0,70,86,2,40,6,82,30,0,0,3040,164,0,10,0,923,458,0,20,0,500,1,0,24,0,242,2,0,21,0,126,1094,84,53,0,0,90,12,18,0,0,1,1,0,0
4,40,2,38,2,3,0,1.012059,1.050136,1.029109,35,4,834,100,100,0,0,0,62,70,0,20,3,40,6,727,57,0,0,3040,189,0,19,0,923,569,0,38,0,500,1,0,4,0,242,0,0,5,0,126,580,20,27,0,0,10,2,2,0,0,2,2,0,0
4,40,3,28,2,3,0,1.021102,0.976182,1.001748,28,7,1209,100,100,0,0,0,80,86,20,0,3,40,6,33,21,0,0,3040,217,0,7,0,923,378,0,14,0,500,0,0,10,0,242,0,0,3,0,126,1026,12,17,0,0,6,5,0,0,0,0,0,0,0
2,1,0,48,6,5,0,0.990847,1.006381,0.990833,0,0,334,100,100,0,0,0,0,0,2,2,0,40,1,41,33,0,0,2816,186,0,11,0,932,61,0,22,0,500,6,0,44,0,218,12,0,22,0,156,118,88,73,0,0,13,22,9,0,0,9,9,0,0
2,1,1,50,6,5,0,0.996951,1.002127,0.997006,0,0,334,100,100,0,0,0,0,0,2,2,0,40,1,48,39,0,0,2816,192,0,13,0,932,63,0,26,0,500,1,0,44,0,218,11,0,23,0,156,120,92,75,0,0,13,22,9,0,0,9,9,0,0
2,1,2,51,6,5,0,0.998793,1.004993,0.997419,0,0,334,100,100,0,0,0,2,2,0,2,0,40,1,49,39,0,0,2816,200,0,13,0,932,63,0,26,0,500,0,0,44,0,218,19,0,24,0,156,124,96,75,0,0,13,22,9,0,0,9,9,0,0
2,1,3,52,6,5,0,0.998404,1.002984,0.998199,0,0,334,100,100,0,0,0,2,2,2,0,0,40,1,50,39,0,0,2816,200,0,13,0,932,63,0,26,0,500,1,0,40,0,218,19,0,24,0,156,128,96,71,0,0,11,20,9,0,0,9,9,0,0
2,2,0,46,7,17,1,0.991462,1.008495,0.992526,9,0,334,100,100,0,0,0,0,0,2,4,0,40,0,38,33,0,0,2832,199,0,11,0,938,72,0,22,0,399,0,0,40,0,272,0,0,12,0,159,130,48,69,0,0,24,20,9,0,0,9,9,0,0
2,2,1,46,7,17,1,0.989943,1.007985,0.996164,9,0,334,100,100,0,0,0,0,0,-2,4,0,40,0,35,27,0,0,2832,221,0,9,0,938,72,0,18,0,399,0,0,36,0,272,0,0,11,0,159,134,44,63,0,0,22,18,9,0,0,9,9,0,0
2,2,2,51,7,17,1,0.995855,1.005502,1.002666,7,0,334,100,100,0,0,0,2,-2,0,2,0,40,0,46,36,0,0,2832,241,0,12,0,938,75,0,24,0,399,0,0,34,0,272,0,0,19,0,159,169,76,64,0,0,21,17,9,0,0,9,9,0,0
2,2,3,48,7,17,1,0.998058,1.004524,0.995734,7,0,334,100,100,0,0,0,4,4,2,0,0,40,0,42,33,0,0,2832,233,0,11,0,938,74,0,22,0,399,0,0,34,0,272,0,0,19,0,159,177,76,63,0,0,19,17,9,0,0,9,9,0,0
2,3,0,41,1,30,4,0.994877,1.010183,0.998403,17,0,334,100,100,0,0,0,0,-2,-14,-4,0,40,1,40,33,0,0,3136,206,0,11,0,967,83,0,22,0,415,0,0,28,0,270,0,0,2,0,23,107,8,57,0,0,29,14,9,0,0,9,9,0,0
2,3,1,39,1,30,4,0.990291,1.004732,0.999605,17,0,334,100,100,0,0,0,-2,0,-2,4,0,40,1,22,21,0,0,3136,168,0,7,0,967,76,0,14,0,415,1,0,32,0,270,0,0,0,0,23,127,0,57,0,0,29,16,9,0,0,9,9,0,0
2,3,2,42,1,30,4,0.993658,1.003582,1.00118,15,0,334,100,100,0,0,0,-14,-2,0,0,0,40,1,39,33,0,0,3136,179,0,11,0,967,84,0,22,0,415,1,0,32,0,270,0,0,0,0,23,178,0,61,0,0,28,16,9,0,0,9,9,0,0
2,3,3,40,1,30,4,1.00301,1.010893,0.994337,15,0,334,100,100,0,0,0,-4,4,0,0,0,40,1,36,30,0,0,3136,175,0,10,0,967,84,0,20,0,415,0,0,32,0,270,0,0,0,0,23,184,0,60,0,0,26,16,9,0,0,9,9,0,0
2,4,0,42,7,15,0,0.999204,1.009391,0.997581,25,0,334,100,100,0,0,0,0,0,-12,-2,0,40,2,41,33,0,0,2927,225,0,11,0,971,94,0,22,0,439,1,0,28,0,256,0,0,5,0,203,95,20,55,0,0,35,14,8,0,0,8,8,0,0
2,4,1,28,7,15,0,0.99408,1.011778,1.013542,24,0,334,100,100,0,0,0,0,0,0,6,0,40,2,22,18,0,0,2927,171,0,6,0,971,82,0,12,0,439,1,0,20,0,256,0,0,3,0,203,131,12,30,0,0,37,10,2,0,0,2,2,0,0
2,4,2,43,7,15,0,0.995957,1.002539,1.006548,24,0,334,100,100,0,0,0,-12,0,0,0,0,40,2,39,33,0,0,2927,203,0,11,0,971,95,0,22,0,439,0,0,30,0,256,0,0,4,0,203,158,16,59,0,0,34,15,9,0,0,9,9,0,0
2,4,3,41,7,15,0,1.005002,1.009533,0.996505,23,0,334,100,100,0,0,0,-2,6,0,0,0,40,2,39,33,0,0,2927,180,0,11,0,971,95,0,22,0,439,1,0,26,0,256,0,0,4,0,203,172,16,53,0,0,31,13,8,0,0,8,8,0,0
2,5,0,41,3,16,0,0.997882,1.009188,0.995283,31,0,334,100,100,0,0,0,0,2,-10,0,0,40,0,42,33,0,0,3021,172,0,11,0,991,97,0,22,0,437,1,0,30,0,271,0,0,0,0,133,133,0,49,0,0,46,15,4,0,0,4,4,0,0
2,5,1,25,3,16,0,0.994708,1.01314,1.00632,24,0,334,100,100,0,0,0,2,0,2,8,0,40,0,24,18,0,0,3021,180,0,6,0,991,85,0,12,0,437,0,0,16,0,271,0,0,0,0,133,125,0,24,0,0,44,8,1,0,0,1,1,0,0
2,5,2,37,3,16,0,0.993866,1.001776,1.005497,31,0,334,100,100,0,0,0,-10,2,0,0,0,40,0,37,30,0,0,3021,206,0,10,0,991,99,0,20,0,437,1,0,24,0,271,0,0,1,0,133,149,4,40,0,0,43,12,3,0,0,3,3,0,0
2,5,3,38,3,16,0,1.003239,1.006194,0.997327,29,0,334,100,100,0,0,0,0,8,0,0,0,40,0,40,33,0,0,3021,176,0,11,0,991,103,0,22,0,437,1,0,28,0,271,0,0,0,0,133,158,0,49,0,0,40,14,5,0,0,5,5,0,0
2,6,0,44,6,3,0,1.001307,1.003647,0.994881,35,0,334,100,100,0,0,0,0,2,-8,2,0,40,1,43,33,0,0,3024,192,0,11,0,971,108,0,22,0,461,0,0,30,0,256,0,0,2,0,174,121,8,47,0,0,58,15,3,0,0,3,3,0,0
2,6,1,25,6,3,0,0.995858,1.012022,1.000561,24,0,334,100,100,0,0,0,2,0,4,10,0,40,1,25,18,0,0,3024,197,0,6,0,971,91,0,12,0,461,0,0,8,0,256,0,0,4,0,174,142,16,14,0,0,48,4,0,0,0,0,0,0,0
2,6,2,38,6,3,0,0.995843,0.999006,1.006806,33,0,334,100,100,0,0,0,-8,4,0,0,0,40,1,41,33,0,0,3024,158,0,11,0,971,110,0,22,0,461,1,0,26,0,256,0,0,3,0,174,171,12,41,0,0,54,13,2,0,0,2,2,0,0
2,6,3,37,6,3,0,1.002763,1.004418,0.998342,33,0,334,100,100,0,0,0,2,10,0,0,0,40,1,44,33,0,0,3024,175,0,11,0,971,114,0,22,0,461,1,0,20,0,256,0,0,7,0,174,178,28,35,0,0,48,10,2,0,0,2,2,0,0
2,7,0,46,6,1,0,1.000423,1.003072,0.994304,38,0,334,100,100,0,0,0,0,2,-6,4,0,40,2,41,33,0,0,3016,209,0,11,0,977,116,0,22,0,480,0,0,22,0,272,0,0,0,0,263,91,0,39,0,0,66,11,3,0,0,3,3,0,0
2,7,1,26,6,1,0,0.995686,1.008273,1.003799,24,0,334,100,100,0,0,0,2,0,4,12,0,40,2,27,18,0,0,3016,166,0,6,0,977,97,0,12,0,480,0,0,10,0,272,0,0,0,0,263,146,0,18,0,0,52,5,1,0,0,1,1,0,0
2,7,2,38,6,1,0,0.99777,1.000391,1.008498,34,0,334,100,100,0,0,0,-6,4,0,0,0,40,2,44,30,0,0,3016,174,0,10,0,977,117,0,20,0,480,1,0,14,0,272,0,0,0,0,263,149,0,28,0,0,59,7,2,0,0,2,2,0,0
2,7,3,39,6,1,0,1.00664,1.000576,0.998857,35,0,334,100,100,0,0,0,4,12,0,0,0,40,2,49,33,0,0,3016,175,0,11,0,977,125,0,22,0,480,1,0,18,0,272,0,0,0,0,263,147,0,31,0,0,56,9,1,0,0,1,1,0,0
2,8,0,45,4,3,0,1.001576,1.005151,0.995703,40,0,334,100,100,0,0,0,0,2,-4,6,0,40,0,37,33,0,0,2993,218,0,11,0,968,127,0,22,0,451,0,0,32,0,267,0,0,3,0,167,90,12,49,0,0,79,16,3,0,0,3,3,0,0
2,8,1,26,4,3,0,0.992685,1.006448,1.006223,24,0,334,100,100,0,0,0,2,0,6,14,0,40,0,29,21,0,0,2993,164,0,7,0,968,104,0,14,0,451,0,0,14,0,267,0,0,0,0,167,150,0,23,0,0,58,7,1,0,0,1,1,0,0
2,8,2,40,4,3,0,0.999553,0.998359,1.007577,36,0,334,100,100,0,0,0,-4,6,0,0,0,40,0,46,30,0,0,2993,186,0,10,0,968,127,0,20,0,451,1,0,24,0,267,0,0,2,0,167,155,8,36,0,0,70,12,1,0,0,1,1,0,0
2,8,3,39,4,3,0,1.0079,1.001137,0.999591,36,0,334,100,100,0,0,0,6,14,0,0,0,40,0,55,36,0,0,2993,158,0,12,0,968,137,0,24,0,451,0,0,24,0,267,0,0,0,0,167,145,0,38,0,0,67,12,1,0,0,1,1,0,0
2,9,0,41,6,13,0,0.998066,1.012894,0.99944,39,0,334,100,100,0,0,0,0,2,-2,8,0,40,0,40,33,0,0,3056,162,0,11,0,962,138,0,22,0,537,0,0,2,0,173,3,0,18,0,144,224,72,13,0,0,80,1,0,0,0,0,0,0,0
2,9,1,25,6,13,0,0.998687,1.002736,1.008614,23,0,334,100,100,0,0,0,2,0,8,16,0,40,0,33,21,0,0,3056,171,0,7,0,962,111,0,14,0,537,0,0,0,0,173,15,0,9,0,144,189,36,9,0,0,57,0,1,0,0,1,1,0,0
2,9,2,39,6,13,0,1.001965,0.998959,1.007519,36,0,334,100,100,0,0,0,-2,8,0,0,0,40,0,49,33,0,0,3056,199,0,11,0,962,138,0,22,0,537,0,0,2,0,173,10,0,17,0,144,235,68,15,0,0,70,1,1,0,0,1,1,0,0
2,9,3,38,6,13,0,1.007755,1.003981,0.999173,34,0,334,100,100,0,0,0,8,16,0,0,0,40,0,62,36,0,0,3056,147,0,12,0,962,149,0,24,0,537,0,0,4,0,173,14,0,13,0,144,203,52,18,0,0,68,2,1,0,0,1,1,0,0
2,10,0,42,6,1,0,0.996818,1.012833,0.998342,39,0,334,100,100,0,0,0,0,2,0,10,0,40,10,45,36,0,0,2976,181,0,12,0,953,150,0,24,0,448,1,0,26,0,272,0,0,3,0,207,226,12,40,0,0,92,13,1,0,0,1,1,0,0
2,10,1,27,6,1,0,0.993418,1.001251,1.004306,24,0,334,100,100,0,0,0,2,0,10,18,0,40,10,38,24,0,0,2976,178,0,8,0,953,119,0,16,0,448,1,0,18,0,272,6,0,9,0,207,209,36,28,0,0,65,9,1,0,0,1,1,0,0
2,10,2,40,6,1,0,1.004533,1.000171,1.005852,37,0,334,100,100,0,0,0,0,10,0,0,0,40,10,53,36,0,0,2976,212,0,12,0,953,150,0,24,0,448,0,0,24,0,272,0,0,10,0,207,264,40,38,0,0,81,12,1,0,0,1,1,0,0
2,10,3,39,6,1,0,1.011514,1.005741,1.00003,35,0,334,100,100,0,0,0,10,18,0,0,0,40,10,66,36,0,0,2976,145,0,12,0,953,161,0,24,0,448,0,0,26,0,272,0,0,14,0,207,243,56,40,0,0,80,13,1,0,0,1,1,0,0
2,11,0,42,9,8,0,0.999258,1.020315,1.000319,37,1,459,100,100,0,0,0,0,2,0,12,0,40,1,46,33,0,0,3037,187,0,11,0,949,161,0,22,0,539,1,0,0,0,199,2,0,18,0,221,294,72,30,0,0,74,0,18,0,0,1,1,0,0
2,11,1,28,9,8,0,0.999097,0.998278,1.00965,25,0,334,100,100,0,0,0,2,0,12,20,1,40,1,42,24,0,0,3037,191,0,8,0,949,127,0,16,0,539,0,0,6,0,199,4,0,11,0,221,250,44,16,0,0,67,3,1,0,0,1,1,0,0
2,11,2,39,9,8,0,1.008369,1.006467,1.007453,34,1,459,100,100,0,0,0,0,12,0,0,0,40,1,51,30,0,0,3037,162,0,10,0,949,158,0,20,0,539,0,0,0,0,199,1,0,16,0,221,305,64,29,0,0,63,0,18,0,0,1,1,0,0
2,11,3,40,9,8,0,1.012648,1.006305,0.997628,35,1,459,100,100,0,0,0,12,20,0,0,1,40,1,75,39,0,0,3037,141,0,13,0,949,174,0,26,0,539,0,0,0,0,199,9,0,15,0,221,281,60,34,0,0,61,0,19,0,0,2,2,0,0
2,12,0,43,9,4,0,1.001263,1.01901,1.0024,37,1,459,100,100,0,0,0,0,2,2,14,0,40,4,49,36,0,0,2984,189,0,12,0,956,173,0,24,0,453,0,0,26,0,268,0,0,3,0,194,293,12,42,0,0,85,13,2,0,0,2,2,0,0
2,12,1,29,9,4,0,1.000683,0.999452,1.010717,26,0,334,100,100,0,0,0,2,0,14,22,1,40,4,45,24,0,0,2984,203,0,8,0,956,135,0,16,0,453,1,0,20,0,268,0,0,4,0,194,251,16,30,0,0,76,10,1,0,0,1,1,0,0
2,12,2,42,9,4,0,1.014525,1.004946,1.00869,35,1,459,100,100,0,0,0,2,14,0,0,0,40,4,56,33,0,0,2984,168,0,11,0,956,169,0,22,0,453,0,0,24,0,268,0,0,1,0,194,303,4,39,0,0,73,12,2,0,0,2,2,0,0
2,12,3,40,9,4,0,1.005005,1.008289,1.002356,35,1,459,100,100,0,0,0,14,22,0,0,1,40,4,78,36,0,0,2984,137,0,12,0,956,186,0,24,0,453,1,0,20,0,268,0,0,12,0,194,318,48,34,0,0,70,10,1,0,0,1,1,0,0
2,13,0,46,9,1,0,1.001427,1.015452,1.001154,39,1,459,100,100,0,0,0,0,2,4,16,0,40,1,52,36,0,0,3040,190,0,12,0,956,185,0,24,0,463,1,0,26,0,227,0,0,11,0,149,325,44,42,0,0,96,13,2,0,0,2,2,0,0
2,13,1,32,9,1,0,1.00049,1.001064,1.012279,27,1,459,100,100,0,0,0,2,0,16,24,1,40,1,50,24,0,0,3040,166,0,8,0,956,143,0,16,0,463,0,0,16,0,227,0,0,10,0,149,303,40,43,0,0,66,8,18,0,0,1,1,0,0
2,13,2,45,9,1,0,1.018033,1.007977,1.00839,37,1,459,100,100,0,0,0,4,16,0,0,0,40,1,57,33,0,0,3040,171,0,11,0,956,180,0,22,0,463,0,0,12,0,227,0,0,16,0,149,377,64,29,0,0,76,6,3,0,0,3,3,0,0
2,13,3,39,9,1,0,1.004824,1.009034,1.002283,35,1,459,100,100,0,0,0,16,24,0,0,1,40,1,83,36,0,0,3040,133,0,12,0,956,198,0,24,0,463,0,0,28,0,227,0,0,8,0,149,333,32,44,0,0,82,14,2,0,0,2,2,0,0
2,14,0,48,5,0,0,1.001807,1.016348,1.006971,41,1,459,100,100,0,0,0,0,2,6,18,0,40,0,55,39,0,0,2984,195,0,13,0,947,198,0,26,0,490,1,0,20,0,227,0,0,13,0,177,371,52,39,0,0,103,10,3,0,0,3,3,0,0
2,14,1,33,5,0,0,1.00168,1.002721,1.014745,28,1,459,100,100,0,0,0,2,0,18,26,1,40,0,53,27,0,0,2984,173,0,9,0,947,152,0,18,0,490,0,0,14,0,227,0,0,6,0,177,321,24,27,0,0,71,7,2,0,0,2,2,0,0
2,14,2,45,5,0,0,1.018033,1.007977,1.00839,40,2,584,100,100,0,0,0,6,18,0,0,0,40,0,61,39,0,0,2984,169,0,13,0,947,193,0,26,0,490,1,0,4,0,227,0,0,16,0,177,423,64,40,0,0,58,2,20,0,0,3,3,0,0
2,14,3,41,5,0,0,1.006282,1.009677,1.00286,37,1,459,100,100,0,0,0,18,26,0,0,1,40,0,88,36,0,0,2984,130,0,12,0,947,210,0,24,0,490,1,0,14,0,227,0,0,10,0,177,372,40,28,0,0,88,7,1,0,0,1,1,0,0
2,15,0,48,5,1,0,1.005591,1.01508,1.006432,43,1,459,100,100,0,0,0,0,2,6,18,0,40,8,52,39,0,0,2976,198,0,13,0,941,211,0,26,0,450,0,0,28,0,272,0,0,0,0,291,329,0,45,0,0,115,14,2,0,0,2,2,0,0
2,15,1,34,5,1,0,1.003766,1.002589,1.011231,30,1,459,100,100,0,0,0,2,0,18,26,1,40,8,52,27,0,0,2976,187,0,9,0,941,161,0,18,0,450,0,0,20,0,272,0,0,0,0,291,288,0,33,0,0,79,10,2,0,0,2,2,0,0
2,15,2,46,5,1,0,1.020331,1.01,1.00776,43,2,584,100,100,0,0,0,6,18,0,0,0,40,8,62,39,0,0,2976,167,0,13,0,941,206,0,26,0,450,0,0,22,0,272,0,0,0,0,291,389,0,37,0,0,68,11,1,0,0,1,1,0,0
2,15,3,43,5,1,0,1.006562,1.006702,1.001432,38,1,459,100,100,0,0,0,18,26,0,0,1,40,8,95,39,0,0,2976,124,0,13,0,941,223,0,26,0,450,1,0,26,0,272,0,0,0,0,291,332,0,43,0,0,99,13,2,0,0,2,2,0,0
2,16,0,50,12,1,0,1.004598,1.012446,1.004536,45,1,459,100,100,0,0,0,0,2,8,20,1,40,1,56,42,0,0,2976,200,0,14,0,932,225,0,28,0,412,0,0,40,0,272,0,0,0,0,171,307,0,58,0,0,133,20,2,0,0,2,2,0,0
2,16,1,39,12,1,0,1.005176,0.995323,1.014468,32,1,459,100,100,0,0,0,2,0,20,28,2,40,1,59,30,0,0,2976,199,0,10,0,932,171,0,20,0,412,1,0,26,0,272,0,0,0,0,171,271,0,38,0,0,91,13,1,0,0,1,1,0,0
2,16,2,47,12,1,0,1.021247,1.010419,1.008149,43,2,584,100,100,0,0,0,8,20,0,0,1,40,1,64,39,0,0,2976,164,0,13,0,932,219,0,26,0,412,1,0,28,0,272,0,0,0,0,171,388,0,43,0,0,81,14,1,0,0,1,1,0,0
2,16,3,46,12,1,0,1.007483,1.005167,0.998013,40,1,459,100,100,0,0,0,20,28,0,0,2,40,1,106,45,0,0,2976,114,0,15,0,932,238,0,30,0,412,2,0,32,0,272,0,0,0,0,171,311,0,51,0,0,113,16,2,0,0,2,2,0,0
2,17,0,51,6,3,0,1.007358,1.011535,1.005106,47,1,459,100,100,0,0,0,0,2,10,22,1,40,5,55,42,0,0,2952,208,0,14,0,929,239,0,28,0,497,0,0,14,0,201,0,0,18,0,237,363,72,32,0,0,138,7,2,0,0,2,2,0,0
2,17,1,40,6,3,0,1.008808,0.997056,1.016504,32,1,459,100,100,0,0,0,2,0,22,30,2,40,5,61,33,0,0,2952,205,0,11,0,929,182,0,22,0,497,1,0,10,0,201,3,0,15,0,237,320,60,27,0,0,93,5,3,0,0,3,3,0,0
2,17,2,46,6,3,0,1.021035,1.012823,1.012225,42,2,584,100,100,0,0,0,10,22,0,0,1,40,5,61,36,0,0,2952,169,0,12,0,929,231,0,24,0,497,1,0,6,0,201,0,0,17,0,237,450,68,22,0,0,82,3,2,0,0,2,2,0,0
2,17,3,48,6,3,0,1.00928,1.003387,0.998641,42,1,459,100,100,0,0,0,22,30,0,0,2,40,5,113,45,0,0,2952,101,0,15,0,929,253,0,30,0,497,0,0,16,0,201,0,0,18,0,237,363,72,35,0,0,119,8,2,0,0,2,2,0,0
2,18,0,51,5,7,0,1.007474,1.010734,1.007774,48,2,584,100,100,0,0,0,0,2,12,24,1,40,0,53,42,0,0,2944,223,0,14,0,932,253,0,28,0,471,1,0,12,0,210,0,0,20,0,172,426,80,45,0,0,126,6,18,0,0,1,1,0,0
2,18,1,39,5,7,0,1.011898,0.995718,1.017643,33,1,459,100,100,0,0,0,2,0,24,32,2,40,0,61,33,0,0,2944,218,0,11,0,932,193,0,22,0,471,2,0,30,0,210,0,0,5,0,172,314,20,47,0,0,105,15,3,0,0,3,3,0,0
2,18,2,43,5,7,0,1.020058,1.01546,1.011405,40,2,584,100,100,0,0,0,12,24,0,2,1,40,0,57,33,0,0,2944,176,0,11,0,932,242,0,22,0,471,1,0,14,0,210,0,0,10,0,172,490,40,27,0,0,88,7,1,0,0,1,1,0,0
2,18,3,50,5,7,0,1.008781,1.002928,0.997801,44,2,584,100,100,0,0,0,24,32,2,0,2,40,0,119,45,0,0,2944,86,0,15,0,932,268,0,30,0,471,0,0,12,0,210,5,0,19,0,172,423,76,48,0,0,106,6,19,0,0,2,2,0,0
2,19,0,51,9,4,0,1.008757,1.012141,1.008923,48,2,584,100,100,0,0,0,0,4,14,26,1,40,4,55,45,0,0,3082,157,0,15,0,961,256,0,30,0,403,0,0,40,0,272,0,0,0,0,196,394,0,57,0,0,145,20,1,0,0,1,1,0,0
2,19,1,42,9,4,0,1.016504,0.993371,1.019435,36,1,459,100,100,0,0,0,4,0,26,34,2,40,4,65,33,0,0,3082,168,0,11,0,961,198,0,22,0,403,4,0,32,0,272,0,0,0,0,196,294,0,47,0,0,119,16,2,0,0,2,2,0,0
2,19,2,44,9,4,0,1.025812,1.017336,1.008279,39,2,584,100,100,0,0,0,14,26,0,2,1,40,4,56,33,0,0,3082,176,0,11,0,961,251,0,22,0,403,1,0,24,0,272,0,0,0,0,196,478,0,37,0,0,99,12,1,0,0,1,1,0,0
2,19,3,51,9,4,0,1.011081,1.001425,0.99658,45,2,584,100,100,0,0,0,26,34,2,0,2,40,4,123,45,0,0,3082,77,0,15,0,961,271,0,30,0,403,1,0,40,0,272,0,0,5,0,196,410,20,59,0,0,124,20,2,0,0,2,2,0,0
2,20,0,52,5,5,0,1.011671,1.012211,1.010019,47,2,584,100,100,0,0,0,0,4,16,28,1,40,3,53,42,0,0,2936,164,0,14,0,932,270,0,28,0,489,1,0,8,0,242,0,0,10,0,141,449,40,24,0,0,148,4,1,0,0,1,1,0,0
2,20,1,41,5,5,0,1.012742,0.992937,1.023033,36,1,459,100,100,0,0,0,4,0,28,36,2,40,3,62,30,0,0,2936,180,0,10,0,932,208,0,20,0,489,1,0,20,0,242,0,0,9,0,141,323,36,34,0,0,127,10,2,0,0,2,2,0,0
2,20,2,44,5,5,0,1.023492,1.01555,1.009463,39,3,709,100,100,0,0,0,16,28,0,2,1,40,3,50,30,0,0,2936,178,0,10,0,932,261,0,20,0,489,0,0,14,0,242,0,0,1,0,141,485,4,45,0,0,87,7,19,0,0,2,2,0,0
2,20,3,51,5,5,0,1.011081,1.001425,0.99658,47,2,584,100,100,0,0,0,28,36,2,0,2,40,3,125,45,0,0,2936,75,0,15,0,932,286,0,30,0,489,1,0,16,0,242,0,0,10,0,141,457,40,35,0,0,130,8,2,0,0,2,2,0,0
2,21,0,53,4,2,0,1.011706,1.011452,1.008638,48,2,584,100,100,0,0,0,0,4,16,30,1,40,8,51,42,0,0,2936,170,0,14,0,941,284,0,28,0,405,1,0,36,0,272,0,0,0,0,228,413,0,54,0,0,164,18,2,0,0,2,2,0,0
2,21,1,41,4,2,0,1.015773,0.990637,1.025188,37,1,459,100,100,0,0,0,4,0,30,38,2,40,8,60,30,0,0,2936,201,0,10,0,941,218,0,20,0,405,0,0,34,0,272,0,0,0,0,228,290,0,48,0,0,142,17,2,0,0,2,2,0,0
2,21,2,44,4,2,0,1.023195,1.02086,1.007591,40,3,709,100,100,0,0,0,16,30,0,2,1,40,8,45,30,0,0,2936,180,0,10,0,941,271,0,20,0,405,1,0,26,0,272,0,0,0,0,228,469,0,40,0,0,98,13,2,0,0,2,2,0,0
2,21,3,52,4,2,0,1.012034,1.000569,0.996849,49,2,584,100,100,0,0,0,30,38,2,0,2,40,8,125,45,0,0,2936,73,0,15,0,941,301,0,30,0,405,0,0,38,0,272,0,0,0,0,228,417,0,55,0,0,148,19,1,0,0,1,1,0,0
2,22,0,54,7,1,0,1.011127,1.010506,1.007116,50,2,584,100,100,0,0,0,0,4,18,32,1,40,3,47,42,0,0,2936,175,0,14,0,955,292,0,28,0,411,0,0,40,0,266,0,0,1,0,136,401,4,58,0,0,182,20,2,0,0,2,2,0,0
2,22,1,41,7,1,0,1.017312,0.990359,1.027144,38,1,459,100,100,0,0,0,4,0,32,40,2,40,3,55,30,0,0,2936,222,0,10,0,955,228,0,20,0,411,0,0,32,0,266,0,0,0,0,136,273,0,44,0,0,157,16,1,0,0,1,1,0,0
2,22,2,45,7,1,0,1.023261,1.021981,1.006438,42,3,709,100,100,0,0,0,18,32,0,4,1,40,3,41,33,0,0,2936,181,0,11,0,955,282,0,22,0,411,0,0,26,0,266,0,0,0,0,136,480,0,39,0,0,110,13,1,0,0,1,1,0,0
2,22,3,56,7,1,0,1.0125,0.996368,0.995514,50,2,584,100,100,0,0,0,32,40,4,0,2,40,3,127,45,0,0,2936,70,0,15,0,955,305,0,30,0,411,0,0,34,0,266,0,0,5,0,136,431,20,51,0,0,164,17,1,0,0,1,1,0,0
2,23,0,51,8,10,0,1.013211,1.01247,1.007287,48,2,584,100,100,0,0,0,0,6,20,34,2,40,0,44,39,0,0,3000,180,0,13,0,938,305,0,26,0,445,1,0,24,0,272,0,0,0,0,103,404,0,39,0,0,193,12,1,0,0,1,1,0,0
2,23,1,44,8,10,0,1.020038,0.98768,1.026551,38,1,459,100,100,0,0,0,6,0,34,42,2,40,0,50,27,0,0,3000,172,0,9,0,938,237,0,18,0,445,1,0,18,0,272,0,0,0,0,103,303,0,29,0,0,165,9,1,0,0,1,1,0,0
2,23,2,42,8,10,0,1.028059,1.022981,1.007486,41,3,709,100,100,0,0,0,20,34,0,4,2,40,0,36,30,0,0,3000,182,0,10,0,938,292,0,20,0,445,0,0,20,0,272,0,0,0,0,103,496,0,32,0,0,119,10,1,0,0,1,1,0,0
2,23,3,57,8,10,0,1.015886,0.994599,0.994966,50,2,584,100,100,0,0,0,34,42,4,0,2,40,0,126,48,0,0,3000,70,0,16,0,938,321,0,32,0,445,1,0,30,0,272,0,0,0,0,103,427,0,52,0,0,176,15,3,0,0,3,3,0,0
2,24,0,48,5,8,0,1.011061,1.013074,1.00786,47,3,709,100,100,0,0,0,0,6,22,36,2,40,0,41,36,0,0,2912,189,0,12,0,941,317,0,24,0,511,0,0,8,0,190,0,0,21,0,137,490,84,37,0,0,180,4,17,0,0,0,0,0,0
2,24,1,44,5,8,0,1.019988,0.987085,1.025408,39,1,459,100,100,0,0,0,6,0,36,44,2,40,0,46,30,0,0,2912,198,0,10,0,941,247,0,20,0,511,1,0,10,0,190,4,0,20,0,137,389,80,24,0,0,168,5,2,0,0,2,2,0,0
2,24,2,40,5,8,0,1.028682,1.025146,1.004461,40,3,709,100,100,0,0,0,22,36,0,4,2,40,0,35,30,0,0,2912,186,0,10,0,941,302,0,20,0,511,0,0,4,0,190,0,0,15,0,137,584,60,14,0,0,121,2,0,0,0,0,0,0,0
2,24,3,59,5,8,0,1.016758,0.996491,0.997038,52,3,709,100,100,0,0,0,36,44,4,0,2,40,0,124,48,0,0,2912,77,0,16,0,941,337,0,32,0,511,1,0,12,0,190,0,0,19,0,137,503,76,49,0,0,163,6,19,0,0,2,2,0,0
2,25,0,46,8,6,0,1.014232,1.009597,1.00388,43,3,709,100,100,0,0,0,0,8,24,38,2,40,1,41,36,0,0,2912,193,0,12,0,965,323,0,24,0,523,0,0,6,0,181,7,0,19,0,187,577,76,20,0,0,182,3,1,0,0,1,1,0,0
2,25,1,45,8,6,0,1.018921,0.98613,1.021873,41,2,584,100,100,0,0,0,8,0,38,46,2,40,1,40,30,0,0,2912,224,0,10,0,965,251,0,20,0,523,1,0,8,0,181,0,0,18,0,187,430,72,37,0,0,154,4,18,0,0,1,1,0,0
2,25,2,41,8,6,0,1.029496,1.023756,1.004002,40,4,834,100,100,0,0,0,24,38,0,6,2,40,1,36,30,0,0,2912,192,0,10,0,965,306,0,20,0,523,1,0,0,0,181,0,0,17,0,187,653,68,27,0,0,104,0,17,0,0,0,0,0,0
2,25,3,61,8,6,0,1.015622,0.993544,0.995257,54,4,834,100,100,0,0,0,38,46,6,0,2,40,1,123,48,0,0,2912,90,0,16,0,965,347,0,32,0,523,1,0,6,0,181,6,0,28,0,187,597,112,43,0,0,147,3,19,0,0,2,2,0,0
2,26,0,47,3,3,0,1.014921,1.009773,1.002329,44,4,834,100,100,0,0,0,0,10,26,40,2,40,0,42,36,0,0,2976,215,0,12,0,1004,317,0,24,0,442,0,0,30,0,249,0,0,10,0,106,591,40,61,0,0,179,15,18,0,0,1,1,0,0
2,26,1,44,3,3,0,1.021885,0.987272,1.025766,41,3,709,100,100,0,0,0,10,0,40,48,2,40,0,38,33,0,0,2976,168,0,11,0,1004,247,0,22,0,442,0,0,20,0,249,0,0,15,0,106,498,60,50,0,0,146,10,18,0,0,1,1,0,0
2,26,2,41,3,3,0,1.029496,1.023756,1.004002,40,4,834,100,100,0,0,0,26,40,0,8,2,40,0,36,30,0,0,2976,197,0,10,0,1004,304,0,20,0,442,0,0,16,0,249,0,0,5,0,106,690,20,28,0,0,111,8,1,0,0,1,1,0,0
2,26,3,61,3,3,0,1.014991,0.993728,0.995925,55,4,834,100,100,0,0,0,40,48,8,0,2,40,0,122,51,0,0,2976,100,0,17,0,1004,343,0,34,0,442,1,0,38,0,249,0,0,6,0,106,610,24,61,0,0,163,19,3,0,0,3,3,0,0
2,27,0,44,6,12,0,1.01433,1.011544,1.002281,42,4,834,100,100,0,0,0,0,12,28,42,2,40,0,43,36,0,0,2987,156,0,12,0,938,329,0,24,0,447,1,0,26,0,267,0,0,0,0,131,601,0,40,0,0,191,13,1,0,0,1,1,0,0
2,27,1,42,6,12,0,1.016297,0.993528,1.027621,39,3,709,100,100,0,0,0,12,0,42,50,2,40,0,38,30,0,0,2987,186,0,10,0,938,257,0,20,0,447,0,0,24,0,267,0,0,3,0,131,498,12,36,0,0,157,12,1,0,0,1,1,0,0
2,27,2,39,6,12,0,1.02855,1.024939,1.004162,38,4,834,100,100,0,0,0,28,42,0,10,2,40,0,36,30,0,0,2987,202,0,10,0,938,314,0,20,0,447,0,0,12,0,267,0,0,0,0,131,707,0,22,0,0,117,6,0,0,0,0,0,0,0
2,27,3,62,6,12,0,1.018106,0.994344,0.995502,57,4,834,100,100,0,0,0,42,50,10,0,2,40,0,123,54,0,0,2987,106,0,18,0,938,361,0,36,0,447,1,0,34,0,267,0,0,2,0,131,609,8,56,0,0,178,17,2,0,0,2,2,0,0
2,28,0,45,3,7,0,1.013328,1.012817,1.002665,43,4,834,100,100,0,0,0,0,12,30,44,2,40,7,43,36,0,0,2905,169,0,12,0,938,341,0,24,0,462,1,0,20,0,270,0,0,0,0,147,600,0,34,0,0,200,10,1,0,0,1,1,0,0
2,28,1,41,3,7,0,1.014167,0.995821,1.026697,39,3,709,100,100,0,0,0,12,0,44,52,2,40,7,36,33,0,0,2905,202,0,11,0,938,268,0,22,0,462,0,0,20,0,270,0,0,0,0,147,492,0,33,0,0,166,10,1,0,0,1,1,0,0
2,28,2,36,3,7,0,1.025779,1.026083,1.005562,35,5,959,100,100,0,0,0,30,44,0,12,2,40,7,33,27,0,0,2905,215,0,9,0,938,323,0,18,0,462,0,0,10,0,270,0,0,0,0,147,708,0,38,0,0,104,5,18,0,0,1,1,0,0
2,28,3,61,3,7,0,1.019027,0.995168,0.994869,57,4,834,100,100,0,0,0,44,52,12,0,2,40,7,123,54,0,0,2905,122,0,18,0,938,379,0,36,0,462,0,0,24,0,270,0,0,2,0,147,619,8,46,0,0,188,12,2,0,0,2,2,0,0
2,29,0,46,6,5,0,1.01551,1.009879,1.000546,43,4,834,100,100,0,0,0,0,12,32,46,2,40,1,45,36,0,0,2961,175,0,12,0,938,353,0,24,0,497,0,0,12,0,186,9,0,18,0,117,677,72,26,0,0,205,6,1,0,0,1,1,0,0
2,29,1,41,6,5,0,1.016911,0.99434,1.029528,40,3,709,100,100,0,0,0,12,0,46,54,2,40,1,39,33,0,0,2961,222,0,11,0,938,279,0,22,0,497,1,0,10,0,186,6,0,17,0,117,563,68,21,0,0,171,5,0,0,0,0,0,0,0
2,29,2,35,6,5,0,1.02834,1.02819,1.007836,34,5,959,100,100,0,0,0,32,46,0,14,2,40,1,30,24,0,0,2961,171,0,8,0,938,331,0,16,0,497,1,0,10,0,186,0,0,6,0,117,791,24,18,0,0,109,5,0,0,0,0,0,0,0
2,29,3,62,6,5,0,1.017951,0.996301,0.994625,58,5,959,100,100,0,0,0,46,54,14,0,2,40,1,123,54,0,0,2961,139,0,18,0,938,397,0,36,0,497,1,0,10,0,186,2,0,28,0,117,732,112,47,0,0,175,5,18,0,0,1,1,0,0
2,30,0,45,4,4,0,1.014696,1.008573,1.0012,43,4,834,100,100,0,0,0,0,14,34,48,2,40,6,43,36,0,0,2984,179,0,12,0,941,365,0,24,0,417,3,0,36,0,272,0,0,9,0,109,695,36,50,0,0,222,18,1,0,0,1,1,0,0
2,30,1,42,4,4,0,1.018509,0.995765,1.030742,40,4,834,100,100,0,0,0,14,0,48,56,2,40,6,40,33,0,0,2984,170,0,11,0,941,290,0,22,0,417,1,0,32,0,272,0,0,6,0,109,600,24,62,0,0,169,16,18,0,0,1,1,0,0
2,30,2,33,4,4,0,1.025801,1.029108,1.006055,31,5,959,100,100,0,0,0,34,48,0,16,2,40,6,26,21,0,0,2984,183,0,7,0,941,338,0,14,0,417,1,0,20,0,272,0,0,0,0,109,794,0,29,0,0,118,10,1,0,0,1,1,0,0
2,30,3,64,4,4,0,1.017862,0.995665,0.994645,59,5,959,100,100,0,0,0,48,56,16,0,2,40,6,124,54,0,0,2984,151,0,18,0,941,415,0,36,0,417,1,0,36,0,272,0,0,2,0,109,734,8,58,0,0,191,18,2,0,0,2,2,0,0
2,31,0,45,6,3,0,1.01276,1.012532,1.003314,43,5,959,100,100,0,0,0,0,16,36,50,2,40,0,42,36,0,0,2912,178,0,12,0,938,377,0,24,0,509,0,0,12,0,232,0,0,10,0,215,709,40,41,0,0,211,6,17,0,0,0,0,0,0
2,31,1,44,6,3,0,1.018339,0.993063,1.032231,41,4,834,100,100,0,0,0,16,0,50,58,2,40,0,41,36,0,0,2912,188,0,12,0,938,302,0,24,0,509,0,0,10,0,232,0,0,9,0,215,627,36,24,0,0,173,5,1,0,0,1,1,0,0
2,31,2,32,6,3,0,1.022739,1.026861,1.006888,31,6,1084,100,100,0,0,0,36,50,0,18,2,40,0,24,21,0,0,2912,199,0,7,0,938,345,0,14,0,509,0,0,4,0,232,0,0,6,0,215,814,24,30,0,0,102,2,18,0,0,1,1,0,0
2,31,3,66,6,3,0,1.019153,0.993715,0.994497,61,5,959,100,100,0,0,0,50,58,18,0,2,40,0,125,57,0,0,2912,172,0,19,0,938,434,0,38,0,509,1,0,14,0,232,0,0,12,0,215,774,48,37,0,0,196,7,2,0,0,2,2,0,0
2,32,0,43,4,13,0,1.012336,1.013257,1.003118,41,5,959,100,100,0,0,0,0,16,38,52,2,40,0,45,39,0,0,2965,173,0,13,0,938,387,0,26,0,423,1,0,34,0,248,0,0,2,0,140,701,8,49,0,0,227,17,1,0,0,1,1,0,0
2,32,1,45,4,13,0,1.015182,0.995563,1.033414,42,4,834,100,100,0,0,0,16,0,52,60,2,40,0,43,36,0,0,2965,204,0,12,0,938,314,0,24,0,423,1,0,28,0,248,0,0,8,0,140,644,32,42,0,0,186,14,1,0,0,1,1,0,0
2,32,2,25,4,13,0,1.018169,1.021599,1.010268,25,6,1084,100,100,0,0,0,38,52,0,20,3,40,0,21,15,0,0,2965,162,0,5,0,938,350,0,10,0,423,0,0,16,0,248,0,0,2,0,140,848,8,21,0,0,110,8,0,0,0,0,0,0,0
2,32,3,65,4,13,0,1.022308,0.993349,0.995953,62,5,959,100,100,0,0,0,52,60,20,0,3,40,0,117,51,0,0,2965,199,0,17,0,938,451,0,34,0,423,0,0,40,0,248,0,0,8,0,140,797,32,59,0,0,215,20,1,0,0,1,1,0,0
2,33,0,37,8,27,0,1.016575,1.004486,0.997064,34,5,959,100,100,0,0,0,0,16,40,54,2,40,0,49,39,0,0,2916,170,0,13,0,941,400,0,26,0,524,0,0,6,0,209,0,0,6,0,156,734,24,21,0,0,229,3,1,0,0,1,1,0,0
2,33,1,43,8,27,0,1.01253,0.997319,1.029352,39,4,834,100,100,0,0,0,16,0,54,62,2,40,0,46,39,0,0,2916,218,0,13,0,941,327,0,26,0,524,1,0,6,0,209,0,0,9,0,156,686,36,21,0,0,188,3,1,0,0,1,1,0,0
2,33,2,20,8,27,0,1.022332,1.009032,1.008193,19,6,1084,100,100,0,0,0,40,54,0,22,3,40,0,20,15,0,0,2916,172,0,5,0,941,355,0,10,0,524,1,0,2,0,209,0,0,6,0,156,880,24,7,0,0,111,1,0,0,0,0,0,0,0
2,33,3,59,8,27,0,1.023642,0.988948,0.995647,54,6,1084,100,100,0,0,0,54,62,22,0,3,40,0,110,51,0,0,2916,219,0,17,0,941,468,0,34,0,524,0,0,6,0,209,0,0,15,0,156,865,60,42,0,0,200,3,18,0,0,1,1,0,0
2,34,0,40,8,2,0,1.014111,1.008567,0.994581,34,5,959,100,100,0,0,0,0,16,42,56,2,40,0,56,36,0,0,3000,177,0,12,0,941,412,0,24,0,467,0,0,18,0,272,0,0,0,0,156,729,0,32,0,0,237,9,1,0,0,1,1,0,0
2,34,1,45,8,2,0,1.012074,0.995962,1.035464,40,4,834,100,100,0,0,0,16,0,56,64,2,40,0,53,42,0,0,3000,161,0,14,0,941,341,0,28,0,467,0,0,20,0,272,0,0,0,0,156,699,0,38,0,0,196,10,2,0,0,2,2,0,0
2,34,2,20,8,2,0,1.025916,1.00447,1.002209,18,6,1084,100,100,0,0,0,42,56,0,26,3,40,0,24,15,0,0,3000,187,0,5,0,941,360,0,10,0,467,0,0,12,0,272,0,0,0,0,156,876,0,19,0,0,116,6,1,0,0,1,1,0,0
2,34,3,60,8,2,0,1.023496,0.989634,0.995598,55,6,1084,100,100,0,0,0,56,64,26,0,3,40,0,109,51,0,0,3000,247,0,17,0,941,485,0,34,0,467,1,0,28,0,272,0,0,0,0,156,864,0,49,0,0,212,14,2,0,0,2,2,0,0
2,35,0,41,4,6,0,1.012103,1.009397,0.994254,35,5,959,100,100,0,0,0,0,16,44,58,2,40,10,65,42,0,0,3072,179,0,14,0,932,426,0,28,0,447,0,0,24,0,272,0,0,0,0,95,718,0,44,0,0,246,12,3,0,0,3,3,0,0
2,35,1,45,4,6,0,1.012156,0.995282,1.035847,41,4,834,100,100,0,0,0,16,0,56,66,2,40,10,61,45,0,0,3072,173,0,15,0,932,356,0,30,0,447,1,0,30,0,272,0,0,0,0,95,677,0,49,0,0,209,15,2,0,0,2,2,0,0
2,35,2,18,4,6,0,1.034392,1.002807,0.99698,16,6,1084,100,100,0,0,0,44,56,0,28,3,40,10,22,12,0,0,3072,163,0,4,0,932,364,0,8,0,447,1,0,10,0,272,0,0,0,0,95,902,0,16,0,0,120,5,1,0,0,1,1,0,0
2,35,3,59,4,6,0,1.023166,0.991723,0.996893,55,6,1084,100,100,0,0,0,58,66,28,0,3,40,10,111,54,0,0,3072,169,0,18,0,932,503,0,36,0,447,0,0,32,0,272,0,0,0,0,95,888,0,54,0,0,226,16,2,0,0,2,2,0,0
2,36,0,43,6,2,0,1.018626,1.007183,0.991613,38,5,959,100,100,0,0,0,0,16,48,58,2,40,0,74,42,0,0,2936,180,0,14,0,969,432,0,28,0,517,0,0,6,0,232,0,0,10,0,171,766,40,22,0,0,248,3,1,0,0,1,1,0,0
2,36,1,46,6,2,0,1.012641,0.992728,1.036379,43,5,959,100,100,0,0,0,16,0,60,68,2,40,0,67,45,0,0,2936,193,0,15,0,969,360,0,30,0,517,0,0,10,0,232,0,0,9,0,171,696,36,44,0,0,196,5,18,0,0,1,1,0,0
2,36,2,19,6,2,0,1.034725,1.002267,0.996149,17,7,1209,100,100,0,0,0,48,60,0,30,3,40,0,30,15,0,0,2936,164,0,5,0,969,369,0,10,0,517,1,0,0,0,232,0,0,9,0,171,932,36,24,0,0,102,0,18,0,0,1,1,0,0
2,36,3,59,6,2,0,1.021926,0.992987,0.996061,56,7,1209,100,100,0,0,0,58,68,30,0,3,40,0,110,51,0,0,2936,197,0,17,0,969,503,0,34,0,517,0,0,12,0,232,0,0,12,0,171,939,48,48,0,0,214,6,18,0,0,1,1,0,0
2,37,0,46,8,12,0,1.020083,1.007089,0.991373,39,5,959,100,100,0,0,0,0,18,50,60,2,40,1,87,45,0,0,2928,186,0,15,0,926,447,0,30,0,483,1,0,14,0,248,0,0,7,0,174,791,28,33,0,0,253,7,2,0,0,2,2,0,0
2,37,1,45,8,12,0,1.011732,0.991635,1.03733,43,5,959,100,100,0,0,0,18,0,62,70,2,40,1,78,45,0,0,2928,212,0,15,0,926,375,0,30,0,483,1,0,14,0,248,0,0,7,0,174,720,28,31,0,0,202,7,1,0,0,1,1,0,0
2,37,2,19,8,12,0,1.038499,0.997643,0.996601,17,7,1209,100,100,0,0,0,50,62,0,32,3,40,1,34,15,0,0,2928,164,0,5,0,926,374,0,10,0,483,0,0,10,0,248,0,0,1,0,174,937,4,17,0,0,106,5,1,0,0,1,1,0,0
2,37,3,53,8,12,0,1.021744,0.989535,0.996208,48,7,1209,100,100,0,0,0,60,70,32,0,3,40,1,108,51,0,0,2928,225,0,17,0,926,520,0,34,0,483,0,0,16,0,248,0,0,9,0,174,967,36,35,0,0,221,8,1,0,0,1,1,0,0
2,38,0,48,8,0,0,1.021306,1.007684,0.990202,41,6,1084,100,100,0,0,0,0,18,52,62,2,40,3,100,48,0,0,3104,196,0,16,0,929,463,0,32,0,535,1,0,2,0,229,0,0,12,0,96,831,48,41,0,0,234,1,20,0,0,3,3,0,0
2,38,1,46,8,0,0,1.013023,0.9904,1.040544,44,6,1084,100,100,0,0,0,18,0,64,70,2,40,3,85,45,0,0,3104,152,0,15,0,929,387,0,30,0,535,0,0,2,0,229,0,0,13,0,96,811,52,36,0,0,185,1,18,0,0,1,1,0,0
2,38,2,21,8,0,0,1.04648,0.998155,0.996795,18,7,1209,100,100,0,0,0,52,64,0,32,3,40,3,36,15,0,0,3104,164,0,5,0,929,379,0,10,0,535,0,0,0,0,229,0,0,5,0,96,971,20,7,0,0,105,0,1,0,0,1,1,0,0
2,38,3,56,8,0,0,1.023468,0.988376,0.995865,49,8,1334,100,100,0,0,0,62,70,32,0,3,40,3,118,54,0,0,3104,154,0,18,0,929,538,0,36,0,535,0,0,6,0,229,0,0,13,0,96,1049,52,45,0,0,205,3,19,0,0,2,2,0,0
2,39,0,48,10,7,0,1.022705,1.009575,0.989379,43,6,1084,100,100,0,0,0,0,20,54,64,3,40,0,103,42,0,0,2872,222,0,14,0,920,477,0,28,0,466,1,0,24,0,254,0,0,3,0,183,834,12,42,0,0,244,12,2,0,0,2,2,0,0
2,39,1,45,10,7,0,1.013897,0.988351,1.040902,42,6,1084,100,100,0,0,0,20,0,66,72,3,40,0,87,39,0,0,2872,173,0,13,0,920,400,0,26,0,466,1,0,20,0,254,0,0,9,0,183,839,36,35,0,0,194,10,1,0,0,1,1,0,0
2,39,2,23,10,7,0,1.05216,0.998004,0.998306,18,7,1209,100,100,0,0,0,54,66,0,34,3,40,0,39,15,0,0,2872,170,0,5,0,920,384,0,10,0,466,1,0,8,0,254,0,0,3,0,183,989,12,15,0,0,108,4,1,0,0,1,1,0,0
2,39,3,58,10,7,0,1.023405,0.986269,0.993185,50,8,1334,100,100,0,0,0,64,72,34,0,3,40,0,131,60,0,0,2872,198,0,20,0,920,558,0,40,0,466,0,0,24,0,254,0,0,3,0,183,1041,12,50,0,0,214,12,3,0,0,3,3,0,0
2,40,0,49,8,2,0,1.023735,1.010471,0.990492,44,7,1209,100,100,0,0,0,0,20,56,66,3,40,1,112,48,0,0,2952,158,0,16,0,969,479,0,32,0,544,1,0,0,0,201,0,0,17,0,148,936,68,37,0,0,225,0,19,0,0,2,2,0,0
2,40,1,47,8,2,0,1.014697,0.990572,1.037622,43,7,1209,100,100,0,0,0,20,0,68,74,3,40,1,90,39,0,0,2952,211,0,13,0,969,404,0,26,0,544,1,0,0,0,201,1,0,21,0,148,918,84,32,0,0,176,0,18,0,0,1,1,0,0
2,40,2,25,8,2,0,1.053762,0.997898,0.999265,19,8,1334,100,100,0,0,0,56,68,0,34,3,40,1,47,21,0,0,2952,172,0,7,0,969,383,0,14,0,544,1,0,0,0,201,2,0,11,0,148,1026,44,28,0,0,89,0,19,0,0,2,2,0,0
2,40,3,59,8,2,0,1.023688,0.988543,0.992942,52,8,1334,100,100,0,0,0,66,74,34,0,3,40,1,147,63,0,0,2952,239,0,21,0,969,558,0,42,0,544,0,0,0,0,201,0,0,16,0,148,1108,64,27,0,0,211,0,3,0,0,3,3,0,0
6,1,0,54,11,4,0,1.008686,0.997679,1.000118,0,0,334,100,100,0,0,0,0,0,2,2,0,40,0,50,39,0,0,2816,200,0,13,0,932,63,0,26,0,402,21,0,48,0,272,1,0,24,0,156,120,96,79,0,0,15,24,9,0,0,9,9,0,0
6,1,1,52,11,4,0,1.005485,0.993817,1.003785,0,0,334,100,100,0,0,0,0,0,2,2,0,40,0,47,36,0,0,2816,201,0,12,0,932,62,0,24,0,402,25,0,48,0,272,1,0,24,0,156,121,96,78,0,0,15,24,9,0,0,9,9,0,0
6,1,2,51,11,4,0,1.003421,0.996604,1.004155,0,0,334,100,100,0,0,0,2,2,0,0,0,40,0,45,36,0,0,2816,193,0,12,0,932,62,0,24,0,402,23,0,46,0,272,2,0,23,0,156,119,92,76,0,0,14,23,9,0,0,9,9,0,0
6,1,3,50,11,4,0,1.00374,0.99527,1.00202,0,0,334,100,100,0,0,0,2,2,0,0,0,40,0,48,39,0,0,2816,200,0,13,0,932,63,0,26,0,402,16,0,48,0,272,1,0,24,0,156,120,96,79,0,0,15,24,9,0,0,9,9,0,0
6,2,0,38,8,61,2,1.017538,0.995439,1.006974,7,0,334,100,100,0,0,0,0,-4,4,4,0,40,0,44,36,0,0,2832,214,0,12,0,944,75,0,24,0,544,1,0,20,0,173,0,0,15,0,172,154,60,44,0,0,19,10,6,0,0,6,6,0,0
6,2,1,41,8,61,2,1.010156,0.995891,1.009029,7,0,334,100,100,0,0,0,-4,0,0,-8,0,40,0,45,33,0,0,2832,226,0,11,0,944,73,0,22,0,544,1,0,24,0,173,0,0,13,0,172,148,52,53,0,0,18,12,9,0,0,9,9,0,0
6,2,2,32,8,61,2,1.006405,0.987342,0.999629,6,0,334,100,100,0,0,0,4,0,0,2,0,40,0,40,33,0,0,2832,203,0,11,0,944,70,0,22,0,544,1,0,22,0,173,0,0,9,0,172,129,36,47,0,0,18,11,7,0,0,7,7,0,0
6,2,3,43,8,61,2,1.00433,0.994576,1.003353,8,0,334,100,100,0,0,0,4,-8,2,0,0,40,0,46,39,0,0,2832,233,0,13,0,944,76,0,26,0,544,0,0,16,0,173,0,0,10,0,172,140,40,47,0,0,14,8,9,0,0,9,9,0,0
6,3,0,37,5,3,0,1.019846,0.991667,1.009846,13,0,334,100,100,0,0,0,0,-4,4,6,0,40,4,58,42,0,0,3200,162,0,14,0,935,89,0,28,0,531,0,0,4,0,227,0,0,13,0,28,253,52,28,0,0,16,2,5,0,0,5,5,0,0
6,3,1,40,5,3,0,1.011679,0.996581,1.008038,15,0,334,100,100,0,0,0,-4,0,2,-6,0,40,4,48,36,0,0,3200,173,0,12,0,935,85,0,24,0,531,0,0,6,0,227,0,0,8,0,28,214,32,36,0,0,12,3,9,0,0,9,9,0,0
6,3,2,34,5,3,0,1.005596,0.98905,0.996428,13,0,334,100,100,0,0,0,4,2,0,2,0,40,4,49,33,0,0,3200,160,0,11,0,935,81,0,22,0,531,1,0,4,0,227,0,0,6,0,28,175,24,31,0,0,12,2,8,0,0,8,8,0,0
6,3,3,45,5,3,0,1.006298,0.996796,1.00279,17,0,334,100,100,0,0,0,6,-6,2,0,0,40,4,55,42,0,0,3200,176,0,14,0,935,90,0,28,0,531,1,0,0,0,227,0,0,15,0,28,242,60,32,0,0,5,0,9,0,0,9,9,0,0
6,4,0,36,6,11,0,1.022798,0.991489,1.012197,16,0,334,100,100,0,0,0,0,-4,6,8,0,40,4,69,42,0,0,2832,199,0,14,0,926,103,0,28,0,506,0,0,12,0,270,0,0,0,0,204,232,0,36,0,0,17,6,5,0,0,5,5,0,0
6,4,1,39,6,11,0,1.013267,0.994231,1.008006,23,0,334,100,100,0,0,0,-4,0,4,-4,0,40,4,54,36,0,0,2832,209,0,12,0,926,97,0,24,0,506,0,0,8,0,270,0,0,2,0,204,216,8,36,0,0,8,4,8,0,0,8,8,0,0
6,4,2,32,6,11,0,1.002102,0.983831,0.999848,20,0,334,100,100,0,0,0,6,4,0,2,0,40,4,57,33,0,0,2832,187,0,11,0,926,92,0,22,0,506,0,0,8,0,270,0,0,0,0,204,164,0,29,0,0,11,4,5,0,0,5,5,0,0
6,4,3,44,6,11,0,1.007736,0.99647,1.003419,25,0,334,100,100,0,0,0,8,-4,2,0,0,40,4,63,45,0,0,2832,212,0,15,0,926,105,0,30,0,506,1,0,6,0,270,0,0,0,0,204,229,0,37,0,0,0,3,8,0,0,8,8,0,0
6,5,0,38,4,1,0,1.024954,0.992538,1.012961,21,0,334,100,100,0,0,0,0,-4,8,10,0,40,5,84,42,0,0,3040,237,0,14,0,926,117,0,28,0,517,0,0,6,0,242,0,0,3,0,111,230,12,32,0,0,14,3,6,0,0,6,6,0,0
6,5,1,41,4,1,0,1.016123,0.992214,1.009255,31,0,334,100,100,0,0,0,-4,0,4,-2,0,40,5,63,39,0,0,3040,157,0,13,0,926,110,0,26,0,517,0,0,6,0,242,0,0,6,0,111,288,24,27,0,0,7,3,4,0,0,4,4,0,0
6,5,2,31,4,1,0,1.001012,0.984995,1.000439,24,0,334,100,100,0,0,0,8,4,0,2,0,40,5,68,33,0,0,3040,208,0,11,0,926,103,0,22,0,517,1,0,2,0,242,0,0,12,0,111,212,48,21,0,0,8,1,4,0,0,4,4,0,0
6,5,3,44,4,1,0,1.007736,0.99647,1.003419,33,0,334,100,100,0,0,0,10,-2,2,0,0,40,5,74,48,0,0,3040,152,0,16,0,926,121,0,32,0,517,1,0,12,0,242,0,0,9,0,111,300,36,40,0,0,0,6,6,0,0,6,6,0,0
6,6,0,40,7,6,0,1.029468,0.993861,1.012066,26,0,334,100,100,0,0,0,0,-4,10,10,0,40,1,97,42,0,0,3008,185,0,14,0,917,131,0,28,0,535,0,0,2,0,221,0,0,12,0,146,300,48,28,0,0,9,1,6,0,0,6,6,0,0
6,6,1,41,7,6,0,1.016702,0.992084,1.011395,34,0,334,100,100,0,0,0,-4,0,4,0,0,40,1,74,42,0,0,3008,190,0,14,0,917,124,0,28,0,535,0,0,2,0,221,0,0,12,0,146,314,48,22,0,0,5,1,3,0,0,3,3,0,0
6,6,2,29,7,6,0,1.002351,0.985389,1.002281,26,0,334,100,100,0,0,0,10,4,0,2,0,40,1,74,27,0,0,3008,168,0,9,0,917,112,0,18,0,535,1,0,4,0,221,0,0,9,0,146,281,36,17,0,0,8,2,2,0,0,2,2,0,0
6,6,3,45,7,6,0,1.009537,0.996169,1.003711,37,0,334,100,100,0,0,0,10,0,2,0,0,40,1,87,48,0,0,3008,180,0,16,0,917,137,0,32,0,535,0,0,2,0,221,0,0,18,0,146,316,72,20,0,0,0,1,1,0,0,1,1,0,0
6,7,0,39,4,3,0,1.027967,0.993358,1.009708,31,0,334,100,100,0,0,0,0,-4,12,12,0,40,5,108,42,0,0,2875,219,0,14,0,926,145,0,28,0,499,1,0,14,0,255,0,0,2,0,198,296,8,36,0,0,12,7,4,0,0,4,4,0,0
6,7,1,41,4,3,0,1.020077,0.9906,1.007645,35,0,334,100,100,0,0,0,-4,0,6,2,0,40,5,84,42,0,0,2875,215,0,14,0,926,138,0,28,0,499,0,0,14,0,255,0,0,2,0,198,304,8,32,0,0,10,7,2,0,0,2,2,0,0
6,7,2,30,4,3,0,1.000063,0.983395,1.00223,28,0,334,100,100,0,0,0,12,6,0,2,0,40,5,78,27,0,0,2875,191,0,9,0,926,121,0,18,0,499,0,0,8,0,255,0,0,7,0,198,311,28,19,0,0,11,4,1,0,0,1,1,0,0
6,7,3,46,4,3,0,1.01132,0.995585,1.002194,38,0,334,100,100,0,0,0,12,2,2,0,0,40,5,101,48,0,0,2875,207,0,16,0,926,153,0,32,0,499,1,0,8,0,255,0,0,6,0,198,310,24,32,0,0,0,4,4,0,0,4,4,0,0
6,8,0,39,5,1,0,1.027967,0.993358,1.009708,35,1,459,100,100,0,0,0,0,-4,14,14,0,40,16,115,42,0,0,3040,166,0,14,0,975,147,0,28,0,463,1,0,18,0,272,0,0,0,0,152,281,0,53,0,0,2,9,19,0,0,2,2,0,0
6,8,1,41,5,1,0,1.023767,0.989544,1.005627,36,0,334,100,100,0,0,0,-4,0,6,4,0,40,16,91,45,0,0,3040,159,0,15,0,975,138,0,30,0,463,1,0,14,0,272,0,0,0,0,152,301,0,33,0,0,15,7,2,0,0,2,2,0,0
6,8,2,31,5,1,0,1.003064,0.983337,1.002614,29,1,459,100,100,0,0,0,14,6,0,2,0,40,16,82,27,0,0,3040,224,0,9,0,975,123,0,18,0,463,1,0,14,0,272,0,0,0,0,152,290,0,42,0,0,0,7,18,0,0,1,1,0,0
6,8,3,49,5,1,0,1.010212,0.995368,0.997603,42,0,334,100,100,0,0,0,14,4,2,0,0,40,16,112,48,0,0,3040,233,0,16,0,975,154,0,32,0,463,1,0,30,0,272,0,0,0,0,152,284,0,50,0,0,13,15,2,0,0,2,2,0,0
6,9,0,39,3,3,0,1.024432,0.99331,1.009508,36,1,459,100,100,0,0,0,0,-4,16,16,0,40,4,127,42,0,0,3035,190,0,14,0,923,161,0,28,0,518,0,0,4,0,230,0,0,15,0,90,348,60,20,0,0,3,2,1,0,0,1,1,0,0
6,9,1,42,3,3,0,1.024243,0.990778,1.006404,38,0,334,100,100,0,0,0,-4,0,8,6,0,40,4,104,45,0,0,3035,183,0,15,0,923,153,0,30,0,518,0,0,6,0,230,0,0,9,0,90,315,36,25,0,0,16,3,2,0,0,2,2,0,0
6,9,2,32,3,3,0,1.005111,0.984411,1.000749,30,1,459,100,100,0,0,0,16,8,0,2,0,40,4,85,27,0,0,3035,184,0,9,0,923,132,0,18,0,518,1,0,10,0,230,0,0,3,0,90,356,12,21,0,0,4,5,1,0,0,1,1,0,0
6,9,3,47,3,3,0,1.011457,0.995935,0.997309,43,0,334,100,100,0,0,0,16,6,2,0,0,40,4,123,51,0,0,3035,167,0,17,0,923,171,0,34,0,518,1,0,8,0,230,0,0,15,0,90,313,60,29,0,0,15,4,2,0,0,2,2,0,0
6,10,0,39,8,1,0,1.024432,0.99331,1.009508,37,1,459,100,100,0,0,0,0,-4,18,18,0,40,1,140,42,0,0,2880,217,0,14,0,926,175,0,28,0,513,1,0,2,0,233,0,0,15,0,202,417,60,18,0,0,3,1,1,0,0,1,1,0,0
6,10,1,42,8,1,0,1.026476,0.99404,1.007222,39,1,459,100,100,0,0,0,-4,0,10,8,0,40,1,114,42,0,0,2880,207,0,14,0,926,167,0,28,0,513,1,0,10,0,233,0,0,6,0,202,301,24,43,0,0,3,5,18,0,0,1,1,0,0
6,10,2,35,8,1,0,1.006112,0.985124,0.998899,31,1,459,100,100,0,0,0,18,10,0,2,0,40,1,89,27,0,0,2880,215,0,9,0,926,141,0,18,0,513,1,0,14,0,233,0,0,3,0,202,365,12,25,0,0,10,7,1,0,0,1,1,0,0
6,10,3,51,8,1,0,1.013345,0.995968,0.996473,45,0,334,100,100,0,0,0,18,8,2,0,0,40,1,137,51,0,0,2880,191,0,17,0,926,185,0,34,0,513,0,0,4,0,233,0,0,15,0,202,315,60,23,0,0,16,2,1,0,0,1,1,0,0
6,11,0,36,3,18,0,1.017205,0.990369,1.007532,34,1,459,100,100,0,0,0,0,-4,20,20,2,40,4,151,42,0,0,3024,164,0,14,0,923,189,0,28,0,522,0,0,6,0,227,0,0,12,0,66,443,48,22,0,0,5,3,1,0,0,1,1,0,0
6,11,1,40,3,18,0,1.018596,0.991163,1.004309,36,1,459,100,100,0,0,0,-4,0,12,10,0,40,4,123,45,0,0,3024,230,0,15,0,923,182,0,30,0,522,0,0,4,0,227,0,0,10,0,66,338,40,21,0,0,4,2,1,0,0,1,1,0,0
6,11,2,32,3,18,0,1.001182,0.984479,1.004057,29,1,459,100,100,0,0,0,20,12,0,2,1,40,4,89,27,0,0,3024,171,0,9,0,923,150,0,18,0,522,1,0,4,0,227,0,0,9,0,66,446,36,17,0,0,10,2,2,0,0,2,2,0,0
6,11,3,44,3,18,0,1.008562,0.994096,0.994964,41,1,459,100,100,0,0,0,20,10,2,0,1,40,4,144,51,0,0,3024,211,0,17,0,923,202,0,34,0,522,0,0,10,0,227,0,0,14,0,66,296,56,48,0,0,2,5,19,0,0,2,2,0,0
6,12,0,37,7,2,0,1.01424,0.987946,1.009264,35,1,459,100,100,0,0,0,0,-4,22,22,2,40,5,165,42,0,0,3032,194,0,14,0,923,203,0,28,0,489,1,0,14,0,255,0,0,3,0,238,433,12,30,0,0,11,7,1,0,0,1,1,0,0
6,12,1,41,7,2,0,1.0191,0.995615,1.004895,36,1,459,100,100,0,0,0,-4,0,14,12,0,40,5,136,45,0,0,3032,175,0,15,0,923,197,0,30,0,489,1,0,10,0,255,0,0,0,0,238,338,0,29,0,0,7,5,2,0,0,2,2,0,0
6,12,2,32,7,2,0,1.000887,0.985741,1.003626,30,1,459,100,100,0,0,0,22,14,0,2,1,40,5,87,24,0,0,3032,219,0,8,0,923,158,0,16,0,489,1,0,8,0,255,0,0,7,0,238,449,28,18,0,0,13,4,1,0,0,1,1,0,0
6,12,3,47,7,2,0,1.008573,0.993857,0.994165,43,1,459,100,100,0,0,0,22,12,2,0,1,40,5,160,51,0,0,3032,150,0,17,0,923,219,0,34,0,489,0,0,18,0,255,0,0,7,0,238,310,28,37,0,0,10,9,1,0,0,1,1,0,0
6,13,0,39,7,1,0,1.016503,0.989828,1.009859,36,2,584,100,100,0,0,0,0,-4,24,24,2,40,2,183,45,0,0,2936,222,0,15,0,917,218,0,30,0,466,1,0,18,0,272,0,0,0,0,149,396,0,52,0,0,2,9,18,0,0,1,1,0,0
6,13,1,44,7,1,0,1.019888,0.99625,1.00214,38,1,459,100,100,0,0,0,-4,0,16,14,0,40,2,148,45,0,0,2936,207,0,15,0,917,212,0,30,0,466,0,0,12,0,272,0,0,0,0,149,337,0,31,0,0,11,6,2,0,0,2,2,0,0
6,13,2,33,7,1,0,0.999351,0.984266,1.004894,31,2,584,100,100,0,0,0,24,16,0,2,1,40,2,88,24,0,0,2936,179,0,8,0,917,166,0,16,0,466,0,0,24,0,272,0,0,0,0,149,408,0,51,0,0,7,12,18,0,0,1,1,0,0
6,13,3,47,7,1,0,1.008861,0.992316,0.993624,44,1,459,100,100,0,0,0,24,14,2,0,1,40,2,178,54,0,0,2936,181,0,18,0,917,237,0,36,0,466,0,0,26,0,272,0,0,0,0,149,276,0,46,0,0,22,13,1,0,0,1,1,0,0
6,14,0,41,8,4,0,1.021817,0.990311,1.006786,37,2,584,100,100,0,0,0,0,-2,26,26,2,40,2,198,45,0,0,2920,168,0,15,0,914,233,0,30,0,514,1,0,12,0,221,0,0,9,0,169,471,36,29,0,0,7,6,1,0,0,1,1,0,0
6,14,1,45,8,4,0,1.022544,0.995369,1.002853,39,1,459,100,100,0,0,0,-2,0,18,16,0,40,2,161,48,0,0,2920,227,0,16,0,914,228,0,32,0,514,1,0,2,0,221,0,0,9,0,169,387,36,22,0,0,10,1,2,0,0,2,2,0,0
6,14,2,36,8,4,0,1.006701,0.988052,1.009922,32,2,584,100,100,0,0,0,26,18,0,2,1,40,2,90,27,0,0,2920,225,0,9,0,914,175,0,18,0,514,0,0,6,0,221,0,0,15,0,169,466,60,17,0,0,9,3,1,0,0,1,1,0,0
6,14,3,45,8,4,0,1.009428,0.991307,0.995894,42,1,459,100,100,0,0,0,26,16,2,0,1,40,2,186,48,0,0,2920,214,0,16,0,914,253,0,32,0,514,1,0,8,0,221,2,0,16,0,169,326,64,26,0,0,25,4,1,0,0,1,1,0,0
6,15,0,42,7,5,0,1.02491,0.99128,0.999175,36,2,584,100,100,0,0,0,0,-2,28,28,2,40,5,214,45,0,0,3104,208,0,15,0,917,248,0,30,0,441,1,0,24,0,272,0,0,0,0,76,440,0,43,0,0,17,12,2,0,0,2,2,0,0
6,15,1,44,7,5,0,1.021016,0.996961,1.004751,40,1,459,100,100,0,0,0,-2,0,20,18,1,40,5,173,51,0,0,3104,165,0,17,0,917,245,0,34,0,441,0,0,16,0,272,0,0,0,0,76,415,0,37,0,0,16,8,2,0,0,2,2,0,0
6,15,2,37,7,5,0,1.006625,0.983885,1.014545,31,2,584,100,100,0,0,0,28,20,0,2,2,40,5,89,27,0,0,3104,180,0,9,0,917,184,0,18,0,441,1,0,24,0,272,0,0,0,0,76,496,0,37,0,0,19,12,2,0,0,2,2,0,0
6,15,3,46,7,5,0,1.008676,0.989891,0.995422,43,1,459,100,100,0,0,0,28,18,2,0,1,40,5,198,48,0,0,3104,153,0,16,0,917,269,0,32,0,441,3,0,34,0,272,0,0,2,0,76,350,8,52,0,0,41,17,1,0,0,1,1,0,0
6,16,0,43,7,5,0,1.026249,0.994938,1.000423,37,2,584,100,100,0,0,0,0,-2,30,30,2,40,0,226,45,0,0,2808,255,0,15,0,1082,218,0,30,0,450,0,0,22,0,272,0,0,0,0,219,414,0,41,0,0,26,11,2,0,0,2,2,0,0
6,16,1,44,7,5,0,1.023668,0.997103,1.004305,41,2,584,100,100,0,0,0,-2,0,22,18,1,40,0,187,51,0,0,2808,176,0,17,0,1082,214,0,34,0,450,1,0,12,0,272,0,0,0,0,219,403,0,48,0,0,4,6,18,0,0,1,1,0,0
6,16,2,36,7,5,0,1.007043,0.987699,1.017677,32,2,584,100,100,0,0,0,30,22,0,2,2,40,0,87,27,0,0,2808,222,0,9,0,1082,166,0,18,0,450,1,0,24,0,272,0,0,0,0,219,474,0,37,0,0,29,12,2,0,0,2,2,0,0
6,16,3,48,7,5,0,1.010629,0.987217,0.995173,43,1,459,100,100,0,0,0,30,18,2,0,1,40,0,207,45,0,0,2808,188,0,15,0,1082,242,0,30,0,450,5,0,34,0,272,0,0,0,0,219,314,0,51,0,0,57,17,1,0,0,1,1,0,0
6,17,0,36,6,12,0,1.022257,0.990947,1.005751,31,3,709,100,100,0,0,0,0,0,32,32,2,40,2,233,42,0,0,3032,198,0,14,0,917,232,0,28,0,537,0,0,0,0,163,12,0,12,0,97,486,48,35,0,0,7,0,19,0,0,2,2,0,0
6,17,1,44,6,12,0,1.025068,0.99766,1.004071,40,2,584,100,100,0,0,0,0,0,24,20,2,40,2,198,45,0,0,3032,189,0,15,0,917,229,0,30,0,537,1,0,0,0,163,0,0,18,0,97,494,72,17,0,0,3,0,1,0,0,1,1,0,0
6,17,2,36,6,12,0,1.005197,0.985544,1.013381,34,3,709,100,100,0,0,0,32,24,0,4,2,40,2,86,27,0,0,3032,177,0,9,0,917,175,0,18,0,537,1,0,0,0,163,18,0,15,0,97,556,60,28,0,0,11,0,18,0,0,1,1,0,0
6,17,3,49,6,12,0,1.012664,0.987067,0.995403,44,1,459,100,100,0,0,0,32,20,4,0,2,40,2,215,45,0,0,3032,221,0,15,0,917,257,0,30,0,537,0,0,12,0,163,15,0,19,0,97,380,76,31,0,0,61,6,2,0,0,2,2,0,0
6,18,0,35,6,10,0,1.023235,0.992825,1.008617,30,3,709,100,100,0,0,0,0,0,34,34,2,40,4,243,39,0,0,2980,209,0,13,0,929,245,0,26,0,485,0,0,8,0,270,0,0,12,0,142,539,48,25,0,0,9,4,2,0,0,2,2,0,0
6,18,1,47,6,10,0,1.025861,0.993631,1.002936,41,2,584,100,100,0,0,0,0,0,26,22,2,40,4,208,45,0,0,2980,202,0,15,0,929,244,0,30,0,485,0,0,6,0,270,0,0,2,0,142,515,8,25,0,0,4,3,2,0,0,2,2,0,0
6,18,2,33,6,10,0,1.007616,0.984701,1.013236,32,4,834,100,100,0,0,0,34,26,0,4,2,40,4,80,24,0,0,2980,221,0,8,0,929,183,0,16,0,485,0,0,18,0,270,2,0,16,0,142,590,64,45,0,0,2,9,18,0,0,1,1,0,0
6,18,3,46,6,10,0,1.014575,0.988193,0.996609,43,2,584,100,100,0,0,0,34,22,4,0,2,40,4,215,42,0,0,2980,158,0,14,0,929,271,0,28,0,485,1,0,18,0,270,0,0,15,0,142,426,60,51,0,0,52,9,18,0,0,1,1,0,0
6,19,0,36,3,0,0,1.022891,0.993175,1.008785,32,3,709,100,100,0,0,0,0,0,36,36,2,40,10,254,39,0,0,3016,161,0,13,0,935,258,0,26,0,508,1,0,6,0,200,0,0,14,0,179,603,56,23,0,0,10,3,2,0,0,2,2,0,0
6,19,1,48,3,0,0,1.027304,0.991885,1.002936,43,2,584,100,100,0,0,0,0,0,28,24,2,40,10,217,48,0,0,3016,211,0,16,0,935,260,0,32,0,508,1,0,8,0,200,0,0,18,0,179,564,72,28,0,0,6,4,2,0,0,2,2,0,0
6,19,2,34,3,0,0,1.009232,0.98468,1.014067,33,4,834,100,100,0,0,0,36,28,0,4,2,40,10,78,24,0,0,3016,180,0,8,0,935,191,0,16,0,508,1,0,8,0,200,4,0,16,0,179,676,64,16,0,0,6,4,0,0,0,0,0,0,0
6,19,3,46,3,0,0,1.014575,0.988193,0.996609,44,3,709,100,100,0,0,0,36,24,4,0,2,40,10,219,42,0,0,3016,210,0,14,0,935,285,0,28,0,508,0,0,12,0,200,1,0,21,0,179,486,84,45,0,0,40,6,18,0,0,1,1,0,0
6,20,0,37,7,1,0,1.023348,0.990924,1.007389,33,3,709,100,100,0,0,0,0,0,38,38,2,40,0,265,39,0,0,2824,208,0,13,0,935,271,0,26,0,472,1,0,12,0,272,0,0,0,0,210,585,0,27,0,0,15,6,1,0,0,1,1,0,0
6,20,1,50,7,1,0,1.026808,0.991489,1.003293,45,2,584,100,100,0,0,0,0,0,30,26,2,40,0,229,48,0,0,2824,227,0,16,0,935,276,0,32,0,472,0,0,14,0,272,0,0,0,0,210,550,0,34,0,0,11,7,2,0,0,2,2,0,0
6,20,2,36,7,1,0,1.011268,0.980996,1.012934,33,4,834,100,100,0,0,0,38,30,0,4,2,40,0,78,24,0,0,2824,226,0,8,0,935,199,0,16,0,472,0,0,20,0,272,0,0,4,0,210,680,16,30,0,0,15,10,1,0,0,1,1,0,0
6,20,3,47,7,1,0,1.012737,0.987878,0.996075,45,3,709,100,100,0,0,0,38,26,4,0,2,40,0,225,42,0,0,2824,262,0,14,0,935,299,0,28,0,472,0,0,28,0,272,0,0,1,0,210,467,4,44,0,0,53,14,1,0,0,1,1,0,0
6,21,0,36,9,7,0,1.02533,0.991268,1.013328,32,4,834,100,100,0,0,0,0,2,40,40,2,40,0,277,39,0,0,3200,158,0,13,0,932,284,0,26,0,443,1,0,18,0,272,0,0,0,0,30,587,0,52,0,0,5,9,19,0,0,2,2,0,0
6,21,1,50,9,7,0,1.028215,0.994345,1.003205,45,3,709,100,100,0,0,0,2,0,32,28,2,40,0,233,45,0,0,3200,162,0,15,0,932,291,0,30,0,443,1,0,22,0,272,0,0,0,0,30,526,0,58,0,0,3,11,19,0,0,2,2,0,0
6,21,2,36,9,7,0,1.01178,0.98274,1.011929,32,4,834,100,100,0,0,0,40,32,0,6,2,40,0,75,24,0,0,3200,182,0,8,0,932,207,0,16,0,443,0,0,24,0,272,0,0,0,0,30,704,0,34,0,0,26,12,1,0,0,1,1,0,0
6,21,3,50,9,7,0,1.015422,0.983036,0.990291,45,3,709,100,100,0,0,0,40,28,6,0,2,40,0,227,39,0,0,3200,202,0,13,0,932,312,0,26,0,443,0,0,30,0,272,0,0,0,0,30,497,0,45,0,0,67,15,1,0,0,1,1,0,0
6,22,0,39,8,1,0,1.030475,0.992428,1.011703,34,4,834,100,100,0,0,0,0,4,42,42,2,40,0,286,39,0,0,2800,213,0,13,0,929,297,0,26,0,542,1,0,0,0,167,1,0,17,0,252,643,68,15,0,0,4,0,1,0,0,1,1,0,0
6,22,1,50,8,1,0,1.02583,0.992508,1.000214,46,3,709,100,100,0,0,0,4,0,34,30,2,40,0,240,48,0,0,2800,176,0,16,0,929,307,0,32,0,542,1,0,2,0,167,1,0,23,0,252,617,92,22,0,0,2,1,2,0,0,2,2,0,0
6,22,2,38,8,1,0,1.0109,0.980816,1.013054,33,5,959,100,100,0,0,0,42,34,0,6,2,40,0,73,24,0,0,2800,242,0,8,0,929,215,0,16,0,542,0,0,0,0,167,8,0,19,0,252,763,76,29,0,0,7,0,19,0,0,2,2,0,0
6,22,3,52,8,1,0,1.012908,0.97978,0.991495,46,3,709,100,100,0,0,0,42,30,6,0,2,40,0,236,48,0,0,2800,248,0,16,0,929,328,0,32,0,542,0,0,0,0,167,10,0,23,0,252,581,92,20,0,0,65,0,2,0,0,2,2,0,0
6,23,0,39,5,6,0,1.029067,0.993351,1.010312,33,4,834,100,100,0,0,0,0,6,44,44,2,40,9,295,39,0,0,3120,161,0,13,0,923,310,0,26,0,440,1,0,18,0,272,0,0,1,0,80,669,4,35,0,0,11,9,2,0,0,2,2,0,0
6,23,1,48,5,6,0,1.025916,0.993657,1.000591,45,3,709,100,100,0,0,0,6,0,36,32,2,40,9,244,45,0,0,3120,191,0,15,0,923,322,0,30,0,440,0,0,28,0,272,0,0,1,0,80,612,4,45,0,0,15,14,1,0,0,1,1,0,0
6,23,2,39,5,6,0,1.010694,0.979266,1.01519,34,5,959,100,100,0,0,0,44,36,0,8,2,40,9,64,24,0,0,3120,196,0,8,0,923,223,0,16,0,440,0,0,24,0,272,0,0,8,0,80,813,32,36,0,0,17,12,2,0,0,2,2,0,0
6,23,3,52,5,6,0,1.012908,0.97978,0.991495,48,4,834,100,100,0,0,0,44,32,8,0,2,40,9,238,48,0,0,3120,180,0,16,0,923,344,0,32,0,440,1,0,34,0,272,0,0,10,0,80,604,40,71,0,0,63,17,19,0,0,2,2,0,0
6,24,0,42,10,9,0,1.034324,0.989743,1.006724,35,4,834,100,100,0,0,0,0,6,46,46,2,40,4,305,39,0,0,2792,221,0,13,0,929,323,0,26,0,434,1,0,18,0,272,0,0,0,0,211,652,0,35,0,0,18,9,2,0,0,2,2,0,0
6,24,1,47,10,9,0,1.033332,0.994584,1.009523,42,3,709,100,100,0,0,0,6,0,38,34,2,40,4,254,48,0,0,2792,207,0,16,0,929,338,0,32,0,434,0,0,20,0,272,0,0,0,0,211,594,0,38,0,0,24,10,1,0,0,1,1,0,0
6,24,2,41,10,9,0,1.014389,0.978122,1.013655,36,5,959,100,100,0,0,0,46,38,0,8,2,40,4,57,24,0,0,2792,253,0,8,0,929,231,0,16,0,434,1,0,32,0,272,0,0,0,0,211,790,0,44,0,0,31,16,2,0,0,2,2,0,0
6,24,3,49,10,9,0,1.015644,0.975001,0.993899,45,4,834,100,100,0,0,0,46,34,8,0,2,40,4,242,48,0,0,2792,208,0,16,0,929,360,0,32,0,434,1,0,30,0,272,0,0,0,0,211,579,0,48,0,0,77,15,1,0,0,1,1,0,0
6,25,0,36,7,10,0,1.037247,0.986807,1.012537,31,4,834,100,100,0,0,0,0,8,48,48,2,40,6,313,42,0,0,3008,165,0,14,0,920,337,0,28,0,451,1,0,20,0,272,0,0,0,0,69,685,0,38,0,0,26,10,2,0,0,2,2,0,0
6,25,1,48,7,10,0,1.034138,0.995753,1.01077,42,3,709,100,100,0,0,0,8,0,40,36,2,40,6,264,48,0,0,3008,232,0,16,0,920,354,0,32,0,451,1,0,12,0,272,0,0,0,0,69,592,0,32,0,0,28,6,2,0,0,2,2,0,0
6,25,2,43,7,10,0,1.017737,0.976578,1.014628,37,6,1084,100,100,0,0,0,48,40,0,10,2,40,6,45,21,0,0,3008,205,0,7,0,920,238,0,14,0,451,1,0,30,0,272,0,0,0,0,69,812,0,58,0,0,27,15,19,0,0,2,2,0,0
6,25,3,49,7,10,0,1.013924,0.97397,0.994705,45,4,834,100,100,0,0,0,48,36,10,0,2,40,6,247,45,0,0,3008,248,0,15,0,920,375,0,30,0,451,1,0,30,0,272,0,0,0,0,69,554,0,49,0,0,90,15,2,0,0,2,2,0,0
6,26,0,39,9,2,0,1.033466,0.991812,1.018879,33,5,959,100,100,0,0,0,0,10,52,50,2,40,1,328,42,0,0,2995,203,0,14,0,944,342,0,28,0,497,1,0,6,0,223,0,0,10,0,111,696,40,41,0,0,10,3,19,0,0,2,2,0,0
6,26,1,49,9,2,0,1.032997,0.994357,1.009817,43,4,834,100,100,0,0,0,10,0,44,38,2,40,1,273,48,0,0,2995,168,0,16,0,944,367,0,32,0,497,1,0,6,0,223,0,0,13,0,111,672,52,43,0,0,12,3,19,0,0,2,2,0,0
6,26,2,44,9,2,0,1.015838,0.975633,1.014514,39,6,1084,100,100,0,0,0,52,44,0,12,2,40,1,32,21,0,0,2995,272,0,7,0,944,242,0,14,0,497,1,0,20,0,223,0,0,10,0,111,848,40,31,0,0,35,10,2,0,0,2,2,0,0
6,26,3,51,9,2,0,1.015504,0.976198,0.995482,46,4,834,100,100,0,0,0,50,38,12,0,2,40,1,247,42,0,0,2995,185,0,14,0,944,389,0,28,0,497,0,0,16,0,223,0,0,16,0,111,661,64,32,0,0,97,8,1,0,0,1,1,0,0
6,27,0,42,6,11,0,1.032347,0.991653,1.020041,35,5,959,100,100,0,0,0,0,10,56,52,2,40,0,340,42,0,0,2912,238,0,14,0,929,356,0,28,0,533,0,0,2,0,228,0,0,10,0,122,737,40,20,0,0,9,1,2,0,0,2,2,0,0
6,27,1,50,6,11,0,1.034115,0.99279,1.011431,44,4,834,100,100,0,0,0,10,0,48,40,2,40,0,273,45,0,0,2912,192,0,15,0,929,382,0,30,0,533,0,0,6,0,228,0,0,8,0,122,709,32,25,0,0,13,3,2,0,0,2,2,0,0
6,27,2,35,6,11,0,1.022713,0.98264,1.014345,34,7,1209,100,100,0,0,0,56,48,0,16,2,40,0,28,21,0,0,2912,221,0,7,0,929,249,0,14,0,533,0,0,2,0,228,0,0,14,0,122,956,56,28,0,0,18,1,18,0,0,1,1,0,0
6,27,3,51,6,11,0,1.014666,0.974497,0.995115,46,5,959,100,100,0,0,0,52,40,16,0,2,40,0,251,45,0,0,2912,231,0,15,0,929,404,0,30,0,533,0,0,4,0,228,0,0,12,0,122,696,48,40,0,0,80,2,19,0,0,2,2,0,0
6,28,0,40,8,11,0,1.032814,0.994645,1.02665,33,5,959,100,100,0,0,0,0,12,60,54,2,40,0,337,33,0,0,3104,185,0,11,0,932,367,0,22,0,453,1,0,16,0,246,0,0,4,0,45,790,16,33,0,0,14,8,3,0,0,3,3,0,0
6,28,1,51,8,11,0,1.035734,0.98876,1.009801,45,5,959,100,100,0,0,0,12,0,52,42,2,40,0,275,42,0,0,3104,224,0,14,0,932,396,0,28,0,453,0,0,26,0,246,0,0,7,0,45,706,28,61,0,0,7,13,19,0,0,2,2,0,0
6,28,2,34,8,11,0,1.019168,0.984658,1.014839,34,7,1209,100,100,0,0,0,60,52,0,18,2,40,0,27,21,0,0,3104,179,0,7,0,932,256,0,14,0,453,0,0,22,0,246,0,0,5,0,45,1027,20,29,0,0,29,11,0,0,0,0,0,0,0
6,28,3,50,8,11,0,1.014303,0.973594,0.991712,44,5,959,100,100,0,0,0,54,42,18,0,2,40,0,249,42,0,0,3104,166,0,14,0,932,418,0,28,0,453,1,0,20,0,246,0,0,6,0,45,753,24,38,0,0,88,10,2,0,0,2,2,0,0
6,29,0,41,5,5,0,1.034778,0.992591,1.026257,35,5,959,100,100,0,0,0,0,12,64,56,2,40,3,335,33,0,0,2936,222,0,11,0,947,378,0,22,0,427,1,0,24,0,271,0,0,0,0,141,778,0,39,0,0,24,12,2,0,0,2,2,0,0
6,29,1,52,5,5,0,1.037446,0.990121,1.010871,46,5,959,100,100,0,0,0,12,0,56,44,2,40,3,276,45,0,0,2936,158,0,15,0,947,411,0,30,0,427,0,0,36,0,271,0,0,0,0,141,726,0,55,0,0,23,18,2,0,0,2,2,0,0
6,29,2,31,5,5,0,1.016305,0.991848,1.015379,31,7,1209,100,100,0,0,0,64,56,0,20,3,40,3,26,21,0,0,2936,194,0,7,0,947,263,0,14,0,427,0,0,24,0,271,0,0,1,0,141,1021,4,31,0,0,41,12,0,0,0,0,0,0,0
6,29,3,51,5,5,0,1.014643,0.974704,0.991807,46,5,959,100,100,0,0,0,56,44,20,0,3,40,3,249,42,0,0,2936,214,0,14,0,947,432,0,28,0,427,1,0,30,0,271,0,0,0,0,141,741,0,48,0,0,101,15,2,0,0,2,2,0,0
6,30,0,43,8,6,0,1.036866,0.996533,1.023594,37,5,959,100,100,0,0,0,0,12,68,58,2,40,0,334,33,0,0,2928,170,0,11,0,986,380,0,22,0,450,1,0,24,0,272,0,0,0,0,134,814,0,39,0,0,34,12,2,0,0,2,2,0,0
6,30,1,51,8,6,0,1.037401,0.989624,1.009664,46,5,959,100,100,0,0,0,12,0,60,46,2,40,0,275,42,0,0,2928,188,0,14,0,986,413,0,28,0,450,0,0,28,0,272,0,0,0,0,134,713,0,46,0,0,35,14,2,0,0,2,2,0,0
6,30,2,31,8,6,0,1.018796,0.994983,1.017356,29,7,1209,100,100,0,0,0,68,60,0,22,3,40,0,31,21,0,0,2928,212,0,7,0,986,261,0,14,0,450,1,0,16,0,272,0,0,0,0,134,1019,0,23,0,0,49,8,0,0,0,0,0,0,0
6,30,3,52,8,6,0,1.019913,0.975495,0.991895,46,5,959,100,100,0,0,0,58,46,22,0,3,40,0,249,42,0,0,2928,261,0,14,0,986,437,0,28,0,450,1,0,16,0,272,0,0,0,0,134,744,0,34,0,0,107,8,2,0,0,2,2,0,0
6,31,0,43,10,4,0,1.034806,0.992249,1.022119,37,5,959,100,100,0,0,0,0,12,72,60,2,40,2,334,36,0,0,3008,203,0,12,0,947,392,0,24,0,463,0,0,22,0,272,0,0,0,0,97,803,0,38,0,0,43,11,2,0,0,2,2,0,0
6,31,1,54,10,4,0,1.037636,0.984891,1.015501,47,5,959,100,100,0,0,0,12,0,64,48,2,40,2,278,42,0,0,3008,211,0,14,0,947,427,0,28,0,463,1,0,28,0,272,0,0,0,0,97,700,0,46,0,0,47,14,2,0,0,2,2,0,0
6,31,2,31,10,4,0,1.018032,0.993576,1.016547,28,8,1334,100,100,0,0,0,72,64,0,24,3,40,2,32,21,0,0,3008,174,0,7,0,947,268,0,14,0,463,0,0,22,0,272,0,0,0,0,97,1033,0,48,0,0,42,11,18,0,0,1,1,0,0
6,31,3,55,10,4,0,1.021155,0.973921,0.993014,48,5,959,100,100,0,0,0,60,48,24,0,3,40,2,246,42,0,0,3008,195,0,14,0,947,451,0,28,0,463,1,0,10,0,272,0,0,0,0,97,791,0,28,0,0,110,5,2,0,0,2,2,0,0
6,32,0,45,4,7,0,1.036208,0.992457,1.022152,39,5,959,100,100,0,0,0,0,12,76,62,2,40,2,341,39,0,0,2808,235,0,13,0,944,405,0,26,0,425,1,0,28,0,272,0,0,0,0,171,785,0,45,0,0,55,14,2,0,0,2,2,0,0
6,32,1,53,4,7,0,1.044909,0.978502,1.013734,46,5,959,100,100,0,0,0,12,0,68,50,2,40,2,272,42,0,0,2808,239,0,14,0,944,441,0,28,0,425,3,0,42,0,272,0,0,0,0,171,665,0,62,0,0,65,21,3,0,0,3,3,0,0
6,32,2,30,4,7,0,1.016511,0.991022,1.013917,28,8,1334,100,100,0,0,0,76,68,0,26,3,40,2,27,18,0,0,2808,193,0,6,0,944,274,0,12,0,425,0,0,22,0,272,0,0,0,0,171,1027,0,30,0,0,52,11,1,0,0,1,1,0,0
6,32,3,52,4,7,0,1.019587,0.974768,0.993921,47,5,959,100,100,0,0,0,62,50,26,0,3,40,2,239,42,0,0,2808,270,0,14,0,944,465,0,28,0,425,1,0,24,0,272,0,0,0,0,171,783,0,44,0,0,119,12,3,0,0,3,3,0,0
6,33,0,44,8,9,0,1.034059,0.998006,1.018912,37,6,1084,100,100,0,0,0,0,12,80,64,2,40,3,342,39,0,0,3144,177,0,13,0,944,418,0,26,0,476,1,0,16,0,232,0,0,9,0,122,805,36,50,0,0,44,8,19,0,0,2,2,0,0
6,33,1,56,8,9,0,1.043441,0.976307,1.014658,49,5,959,100,100,0,0,0,12,0,72,52,2,40,3,270,42,0,0,3144,172,0,14,0,944,455,0,28,0,476,1,0,24,0,232,0,0,19,0,122,744,76,42,0,0,75,12,2,0,0,2,2,0,0
6,33,2,30,8,9,0,1.016511,0.991022,1.013917,29,8,1334,100,100,0,0,0,80,72,0,28,3,40,3,27,18,0,0,3144,213,0,6,0,944,280,0,12,0,476,0,0,14,0,232,0,0,5,0,122,1049,20,22,0,0,58,7,1,0,0,1,1,0,0
6,33,3,49,8,9,0,1.020463,0.973595,0.995408,46,6,1084,100,100,0,0,0,64,52,28,0,3,40,3,236,42,0,0,3144,204,0,14,0,944,479,0,28,0,476,0,0,14,0,232,0,0,7,0,122,810,28,47,0,0,108,7,18,0,0,1,1,0,0
6,34,0,46,6,3,0,1.032558,0.994355,1.019702,39,6,1084,100,100,0,0,0,0,12,84,66,2,40,2,345,39,0,0,2896,208,0,13,0,941,431,0,26,0,425,1,0,32,0,272,0,0,0,0,134,781,0,51,0,0,57,16,3,0,0,3,3,0,0
6,34,1,54,6,3,0,1.044826,0.975346,1.014496,48,5,959,100,100,0,0,0,12,0,76,54,2,40,2,267,45,0,0,2896,189,0,15,0,941,470,0,30,0,425,7,0,40,0,272,0,0,0,0,134,710,0,61,0,0,92,20,3,0,0,3,3,0,0
6,34,2,32,6,3,0,1.015107,0.988299,1.012091,30,8,1334,100,100,0,0,0,84,76,0,30,3,40,2,28,18,0,0,2896,177,0,6,0,941,286,0,12,0,425,0,0,20,0,272,0,0,0,0,134,1096,0,26,0,0,68,10,0,0,0,0,0,0,0
6,34,3,50,6,3,0,1.02018,0.974108,0.995184,47,6,1084,100,100,0,0,0,66,54,30,0,3,40,2,241,45,0,0,2896,252,0,15,0,941,494,0,30,0,425,1,0,20,0,272,0,0,0,0,134,809,0,37,0,0,117,10,1,0,0,1,1,0,0
6,35,0,46,5,2,0,1.032558,0.994355,1.019702,42,6,1084,100,100,0,0,0,0,12,86,68,2,40,6,342,39,0,0,2968,237,0,13,0,938,444,0,26,0,488,0,0,22,0,188,0,0,15,0,127,828,60,39,0,0,66,11,2,0,0,2,2,0,0
6,35,1,54,5,2,0,1.042792,0.97669,1.01508,50,5,959,100,100,0,0,0,12,0,80,56,2,40,6,265,45,0,0,2968,208,0,15,0,938,485,0,30,0,488,0,0,28,0,188,14,0,19,0,127,762,76,47,0,0,104,14,2,0,0,2,2,0,0
6,35,2,32,5,2,0,1.009425,0.986724,1.011603,29,8,1334,100,100,0,0,0,86,80,0,34,3,40,6,30,21,0,0,2968,194,0,7,0,938,293,0,14,0,488,0,0,6,0,188,7,0,14,0,127,1155,56,15,0,0,70,3,1,0,0,1,1,0,0
6,35,3,53,5,2,0,1.020805,0.973606,0.997698,48,7,1209,100,100,0,0,0,68,56,34,0,3,40,6,245,45,0,0,2968,187,0,15,0,938,509,0,30,0,488,1,0,8,0,188,0,0,15,0,127,927,60,42,0,0,103,4,18,0,0,1,1,0,0
6,36,0,48,10,2,0,1.031558,0.995002,1.019805,44,6,1084,100,100,0,0,0,0,14,90,70,2,40,0,343,39,0,0,2920,178,0,13,0,938,457,0,26,0,426,0,0,24,0,272,0,0,0,0,163,839,0,39,0,0,77,12,1,0,0,1,1,0,0
6,36,1,56,10,2,0,1.045833,0.974162,1.014944,51,5,959,100,100,0,0,0,14,0,84,58,2,40,0,266,45,0,0,2920,219,0,15,0,938,497,0,30,0,426,6,0,38,0,272,0,0,14,0,163,790,56,55,0,0,122,19,1,0,0,1,1,0,0
6,36,2,34,10,2,0,1.012764,0.982086,1.009282,30,8,1334,100,100,0,0,0,90,84,0,36,3,40,0,32,21,0,0,2920,219,0,7,0,938,300,0,14,0,426,1,0,26,0,272,0,0,7,0,163,1169,28,35,0,0,82,13,1,0,0,1,1,0,0
6,36,3,55,10,2,0,1.02337,0.973518,0.99841,48,7,1209,100,100,0,0,0,70,58,36,0,3,40,0,246,45,0,0,2920,247,0,15,0,938,524,0,30,0,426,0,0,24,0,272,0,0,0,0,163,923,0,43,0,0,113,12,2,0,0,2,2,0,0
6,37,0,48,3,3,0,1.030158,0.995676,1.023369,44,6,1084,100,100,0,0,0,0,14,94,72,2,40,4,341,39,0,0,3024,213,0,13,0,926,470,0,26,0,409,1,0,22,0,272,0,0,0,0,181,825,0,39,0,0,86,11,2,0,0,2,2,0,0
6,37,1,56,3,3,0,1.045345,0.976222,1.011767,51,5,959,100,100,0,0,0,14,0,88,60,2,40,4,267,48,0,0,3024,227,0,16,0,926,513,0,32,0,409,15,0,40,0,272,0,0,0,0,181,755,0,60,0,0,140,20,2,0,0,2,2,0,0
6,37,2,34,3,3,0,1.012764,0.982086,1.009282,31,8,1334,100,100,0,0,0,94,88,0,38,3,40,4,31,24,0,0,3024,177,0,8,0,926,308,0,16,0,409,1,0,30,0,272,0,0,0,0,181,1155,0,42,0,0,95,15,2,0,0,2,2,0,0
6,37,3,55,3,3,0,1.026413,0.975142,0.998735,49,7,1209,100,100,0,0,0,72,60,38,0,3,40,4,246,48,0,0,3024,176,0,16,0,926,540,0,32,0,409,1,0,26,0,272,0,0,0,0,181,916,0,48,0,0,123,13,3,0,0,3,3,0,0
6,38,0,46,3,7,0,1.026958,0.995332,1.022606,44,6,1084,100,100,0,0,0,0,16,98,74,2,40,4,340,39,0,0,2912,240,0,13,0,926,483,0,26,0,445,1,0,18,0,238,0,0,10,0,219,851,40,33,0,0,94,9,1,0,0,1,1,0,0
6,38,1,56,3,7,0,1.04644,0.975794,1.010702,52,5,959,100,100,0,0,0,16,0,92,62,2,40,4,264,45,0,0,2912,156,0,15,0,926,528,0,30,0,445,9,0,42,0,238,0,0,15,0,219,779,60,61,0,0,159,21,2,0,0,2,2,0,0
6,38,2,32,3,7,0,1.016645,0.981265,1.006774,31,8,1334,100,100,0,0,0,98,92,0,42,3,40,4,29,24,0,0,2912,183,0,8,0,926,316,0,16,0,445,0,0,28,0,238,0,0,3,0,219,1141,12,38,0,0,108,14,1,0,0,1,1,0,0
6,38,3,55,3,7,0,1.029832,0.977518,0.998087,50,7,1209,100,100,0,0,0,74,62,42,0,3,40,4,250,51,0,0,2912,216,0,17,0,926,557,0,34,0,445,1,0,18,0,238,0,0,6,0,219,926,24,39,0,0,130,9,2,0,0,2,2,0,0
6,39,0,44,10,16,0,1.029513,0.99889,1.023355,41,6,1084,100,100,0,0,0,0,18,100,76,2,40,1,337,36,0,0,2936,182,0,12,0,932,495,0,24,0,483,1,0,20,0,213,0,0,0,0,153,872,0,34,0,0,103,10,1,0,0,1,1,0,0
6,39,1,54,10,16,0,1.04845,0.966579,1.007587,48,5,959,100,100,0,0,0,18,0,96,64,2,40,1,264,45,0,0,2936,181,0,15,0,932,543,0,30,0,483,0,0,32,0,213,0,0,12,0,153,807,48,49,0,0,174,16,1,0,0,1,1,0,0
6,39,2,33,10,16,0,1.019443,0.981099,1.003279,31,8,1334,100,100,0,0,0,100,96,0,46,3,40,1,30,21,0,0,2936,192,0,7,0,932,323,0,14,0,483,0,0,8,0,213,0,0,12,0,153,1198,48,15,0,0,112,4,0,0,0,0,0,0,0
6,39,3,52,10,16,0,1.03553,0.976493,0.997314,47,7,1209,100,100,0,0,0,76,64,46,0,3,40,1,256,51,0,0,2936,248,0,17,0,932,574,0,34,0,483,1,0,10,0,213,0,0,6,0,153,958,24,31,0,0,133,5,2,0,0,2,2,0,0
6,40,0,46,4,4,0,1.030437,0.998887,1.020931,42,7,1209,100,100,0,0,0,0,20,100,78,3,40,2,339,39,0,0,2952,221,0,13,0,929,508,0,26,0,466,1,0,10,0,237,0,0,14,0,125,919,56,42,0,0,90,5,18,0,0,1,1,0,0
6,40,1,54,4,4,0,1.048208,0.96791,1.008785,48,6,1084,100,100,0,0,0,20,0,100,66,3,40,2,263,48,0,0,2952,207,0,16,0,929,559,0,32,0,466,1,0,26,0,237,0,0,11,0,125,822,44,65,0,0,167,13,20,0,0,3,3,0,0
6,40,2,30,4,4,0,1.01721,0.982667,1.003487,30,8,1334,100,100,0,0,0,100,100,0,50,3,40,2,32,21,0,0,2952,192,0,7,0,929,330,0,14,0,466,0,0,22,0,237,0,0,5,0,125,1213,20,29,0,0,123,11,0,0,0,0,0,0,0
6,40,3,53,4,4,0,1.036661,0.975146,0.997713,49,7,1209,100,100,0,0,0,78,66,50,0,3,40,2,261,51,0,0,2952,179,0,17,0,929,591,0,34,0,466,0,0,20,0,237,0,0,5,0,125,1019,20,41,0,0,141,10,2,0,0,2,2,0,0
1,1,0,48,7,9,0,1.009751,1.000808,1.002175,0,0,334,100,100,0,0,0,0,0,2,2,0,40,0,37,27,0,0,2816,204,0,9,0,932,59,0,18,0,388,25,0,48,0,272,1,0,24,0,156,124,96,75,0,0,15,24,9,0,0,9,9,0,0
1,1,1,49,7,9,0,1.002764,0.993033,1.003301,0,0,334,100,100,0,0,0,0,0,2,2,0,40,0,38,30,0,0,2816,203,0,10,0,932,60,0,20,0,388,25,0,48,0,272,1,0,24,0,156,123,96,76,0,0,15,24,9,0,0,9,9,0,0
1,1,2,50,7,9,0,1.007947,0.998798,1.001369,0,0,334,100,100,0,0,0,2,2,0,2,0,40,0,43,33,0,0,2816,202,0,11,0,932,61,0,22,0,388,25,0,48,0,272,1,0,24,0,156,122,96,77,0,0,15,24,9,0,0,9,9,0,0
1,1,3,51,7,9,0,1.004959,0.99919,1.004952,0,0,334,100,100,0,0,0,2,2,2,0,0,40,0,50,39,0,0,2816,200,0,13,0,932,63,0,26,0,388,25,0,48,0,272,1,0,24,0,156,120,96,79,0,0,15,24,9,0,0,9,9,0,0
1,2,0,44,5,22,0,1.009101,1.000553,1.006339,9,0,334,100,100,0,0,0,0,0,4,4,0,40,0,30,27,0,0,2856,227,0,9,0,962,68,0,18,0,452,3,0,44,0,272,0,0,1,0,145,98,4,71,0,0,28,22,9,0,0,9,9,0,0
1,2,1,41,5,22,0,1.005578,0.992291,1.010051,9,0,334,100,100,0,0,0,0,0,4,4,0,40,0,31,27,0,0,2856,209,0,9,0,962,69,0,18,0,452,9,0,40,0,272,0,0,1,0,145,98,4,67,0,0,26,20,9,0,0,9,9,0,0
1,2,2,43,5,22,0,0.999984,0.998765,1.000142,8,0,334,100,100,0,0,0,4,4,0,4,0,40,0,28,24,0,0,2856,232,0,8,0,962,69,0,16,0,452,5,0,42,0,272,0,0,1,0,145,88,4,68,0,0,27,21,9,0,0,9,9,0,0
1,2,3,53,5,22,0,1.00698,1.001384,1.004569,9,0,334,100,100,0,0,0,4,4,4,0,0,40,0,50,42,0,0,2856,231,0,14,0,962,77,0,28,0,452,1,0,48,0,272,0,0,1,0,145,80,4,80,0,0,30,24,9,0,0,9,9,0,0
1,3,0,30,2,47,0,1.005775,0.988404,0.996003,11,0,334,100,100,0,0,0,0,0,6,6,0,40,1,22,18,0,0,3200,177,0,6,0,983,74,0,12,0,538,1,0,2,0,146,18,0,12,0,133,152,48,16,0,0,25,1,4,0,0,4,4,0,0
1,3,1,30,2,47,0,1.004153,0.981778,1.010405,12,0,334,100,100,0,0,0,0,0,6,6,0,40,1,29,27,0,0,3200,159,0,9,0,983,78,0,18,0,538,1,0,8,0,146,19,0,11,0,133,138,44,31,0,0,23,4,7,0,0,7,7,0,0
1,3,2,27,2,47,0,0.992518,0.976929,0.998164,12,0,334,100,100,0,0,0,6,6,0,4,0,40,1,16,15,0,0,3200,184,0,5,0,983,74,0,10,0,538,0,0,6,0,146,21,0,11,0,133,130,44,19,0,0,26,3,4,0,0,4,4,0,0
1,3,3,49,2,47,0,1.00246,0.996821,1.00478,16,0,334,100,100,0,0,0,6,6,4,0,0,40,1,49,45,0,0,3200,163,0,15,0,983,92,0,30,0,538,0,0,6,0,146,14,0,20,0,133,165,80,39,0,0,24,3,9,0,0,9,9,0,0
1,4,0,25,6,17,1,1.002779,0.985971,1.004789,15,0,334,100,100,0,0,0,0,-2,8,8,0,40,1,19,15,0,0,3024,182,0,5,0,992,79,0,10,0,456,4,0,20,0,258,11,0,10,0,217,179,40,33,0,0,31,10,4,0,0,4,4,0,0
1,4,1,30,6,17,1,1.000623,0.98359,1.008809,19,0,334,100,100,0,0,0,-2,0,6,2,0,40,1,33,24,0,0,3024,153,0,8,0,992,86,0,16,0,456,1,0,20,0,258,14,0,11,0,217,165,44,38,0,0,28,10,5,0,0,5,5,0,0
1,4,2,20,6,17,1,1.008773,0.979639,1.003266,16,0,334,100,100,0,0,0,8,6,0,6,0,40,1,18,12,0,0,3024,177,0,4,0,992,78,0,8,0,456,7,0,12,0,258,16,0,6,0,217,145,24,18,0,0,31,6,1,0,0,1,1,0,0
1,4,3,50,6,17,1,1.001745,0.996983,1.003664,25,0,334,100,100,0,0,0,8,2,6,0,0,40,1,54,45,0,0,3024,179,0,15,0,992,107,0,30,0,456,1,0,24,0,258,0,0,16,0,217,202,64,57,0,0,27,12,9,0,0,9,9,0,0
1,5,0,24,10,9,0,1.004836,0.979505,1.010315,19,0,334,100,100,0,0,0,0,-2,10,10,0,40,0,21,15,0,0,3008,200,0,5,0,992,84,0,10,0,429,10,0,18,0,264,2,0,9,0,228,197,36,27,0,0,38,9,2,0,0,2,2,0,0
1,5,1,31,10,9,0,1.001691,0.983009,1.012486,22,0,334,100,100,0,0,0,-2,0,8,4,0,40,0,39,24,0,0,3008,139,0,8,0,992,94,0,16,0,429,6,0,22,0,264,3,0,11,0,228,197,44,36,0,0,36,11,3,0,0,3,3,0,0
1,5,2,20,10,9,0,1.005737,0.974676,1.011027,16,0,334,100,100,0,0,0,10,8,0,6,0,40,0,20,12,0,0,3008,169,0,4,0,992,82,0,8,0,429,24,0,10,0,264,11,0,5,0,228,158,20,16,0,0,35,5,1,0,0,1,1,0,0
1,5,3,51,10,9,0,1.005353,0.999846,1.005636,33,0,334,100,100,0,0,0,10,4,6,0,0,40,0,56,42,0,0,3008,195,0,14,0,992,121,0,28,0,429,1,0,34,0,264,0,0,8,0,228,200,32,64,0,0,36,17,8,0,0,8,8,0,0
1,6,0,26,7,2,0,1.006967,0.976427,1.007387,21,0,334,100,100,0,0,0,0,0,12,12,0,40,5,19,15,0,0,3072,171,0,5,0,986,89,0,10,0,544,0,0,10,0,152,16,0,10,0,184,271,40,19,0,0,41,5,2,0,0,2,2,0,0
1,6,1,31,7,2,0,1.005339,0.987384,1.01332,24,0,334,100,100,0,0,0,0,0,10,6,0,40,5,41,24,0,0,3072,124,0,8,0,986,102,0,16,0,544,0,0,6,0,152,24,0,11,0,184,245,44,20,0,0,36,3,3,0,0,3,3,0,0
1,6,2,21,7,2,0,1.003805,0.972802,1.013719,17,0,334,100,100,0,0,0,12,10,0,8,0,40,5,19,12,0,0,3072,169,0,4,0,986,86,0,8,0,544,12,0,12,0,152,34,0,6,0,184,171,24,20,0,0,39,6,2,0,0,2,2,0,0
1,6,3,53,7,2,0,1.006977,0.998723,1.002665,40,1,459,100,100,0,0,0,12,6,8,0,0,40,5,62,45,0,0,3072,209,0,15,0,986,136,0,30,0,544,1,0,0,0,152,15,0,20,0,184,268,80,42,0,0,14,0,22,0,0,5,5,0,0
1,7,0,23,4,8,1,1.002138,0.976842,1.009636,22,1,459,100,100,0,0,0,0,-2,12,8,0,40,2,20,15,0,0,3016,188,0,5,0,986,94,0,10,0,443,1,0,18,0,272,6,0,10,0,217,283,40,42,0,0,32,9,18,0,0,1,1,0,0
1,7,1,33,4,8,1,1.007067,0.988155,1.013967,27,0,334,100,100,0,0,0,-2,0,10,8,0,40,2,42,24,0,0,3016,117,0,8,0,986,110,0,16,0,443,3,0,24,0,272,12,0,12,0,217,281,48,36,0,0,46,12,2,0,0,2,2,0,0
1,7,2,19,4,8,1,1.002199,0.972332,1.011416,18,0,334,100,100,0,0,0,12,10,0,10,0,40,2,20,12,0,0,3016,168,0,4,0,986,90,0,8,0,443,18,0,12,0,272,28,0,6,0,217,186,24,18,0,0,44,6,1,0,0,1,1,0,0
1,7,3,52,4,8,1,1.004796,0.999227,1.005362,43,1,459,100,100,0,0,0,8,8,10,0,0,40,2,64,45,0,0,3016,221,0,15,0,986,151,0,30,0,443,1,0,34,0,272,0,0,15,0,217,301,60,57,0,0,27,17,4,0,0,4,4,0,0
1,8,0,19,9,22,1,0.9998,0.981153,1.001747,18,1,459,100,100,0,0,0,0,-2,14,10,0,40,1,19,15,0,0,3096,200,0,5,0,992,99,0,10,0,421,1,0,12,0,267,0,0,6,0,178,307,24,17,0,0,38,6,0,0,0,0,0,0,0
1,8,1,34,9,22,1,1.009846,0.981651,1.012078,27,1,459,100,100,0,0,0,-2,0,10,4,0,40,1,45,24,0,0,3096,116,0,8,0,992,118,0,16,0,421,9,0,24,0,267,0,0,12,0,178,297,48,53,0,0,39,12,19,0,0,2,2,0,0
1,8,2,14,9,22,1,1.016455,0.967688,0.979666,12,0,334,100,100,0,0,0,14,10,0,10,0,40,1,16,9,0,0,3096,170,0,3,0,992,93,0,6,0,421,15,0,12,0,267,22,0,6,0,178,204,24,15,0,0,50,6,0,0,0,0,0,0,0
1,8,3,47,9,22,1,1.004566,1.002875,0.99846,41,1,459,100,100,0,0,0,10,4,10,0,0,40,1,53,33,0,0,3096,158,0,11,0,992,162,0,22,0,421,0,0,28,0,267,0,0,5,0,178,350,20,43,0,0,39,14,2,0,0,2,2,0,0
1,9,0,19,3,2,0,0.9998,0.981153,1.001747,18,1,459,100,100,0,0,0,0,-2,16,12,0,40,17,23,18,0,0,3008,175,0,6,0,1004,105,0,12,0,511,1,0,4,0,242,0,0,6,0,198,358,24,12,0,0,39,2,1,0,0,1,1,0,0
1,9,1,33,3,2,0,1.014305,0.984083,1.009985,28,1,459,100,100,0,0,0,-2,0,12,6,0,40,17,36,21,0,0,3008,139,0,7,0,1004,125,0,14,0,511,0,0,20,0,242,0,0,12,0,198,336,48,33,0,0,46,10,3,0,0,3,3,0,0
1,9,2,16,3,2,0,1.008081,0.968854,0.985067,12,0,334,100,100,0,0,0,16,12,0,10,0,40,17,17,9,0,0,3008,185,0,3,0,1004,96,0,6,0,511,7,0,14,0,242,19,0,7,0,198,222,28,19,0,0,56,7,1,0,0,1,1,0,0
1,9,3,47,3,2,0,1.005756,1.004549,0.997625,42,1,459,100,100,0,0,0,12,6,10,0,0,40,17,43,30,0,0,3008,197,0,10,0,1004,172,0,20,0,511,0,0,12,0,242,0,0,8,0,198,386,32,26,0,0,43,6,2,0,0,2,2,0,0
1,10,0,19,9,4,0,1.002389,0.983001,1.004664,18,2,584,100,100,0,0,0,0,-2,18,14,0,40,6,28,18,0,0,3000,190,0,6,0,1010,111,0,12,0,528,1,0,0,0,209,4,0,8,0,179,376,32,23,0,0,22,0,17,0,0,0,0,0,0
1,10,1,36,9,4,0,1.015248,0.983547,1.009131,31,2,584,100,100,0,0,0,-2,0,12,8,0,40,6,35,21,0,0,3000,163,0,7,0,1010,132,0,14,0,528,0,0,4,0,209,6,0,16,0,179,394,64,30,0,0,30,2,18,0,0,1,1,0,0
1,10,2,17,9,4,0,1.008954,0.975186,0.984579,12,1,459,100,100,0,0,0,18,12,0,10,0,40,6,17,9,0,0,3000,166,0,3,0,1010,99,0,6,0,528,0,0,14,0,209,10,0,9,0,179,267,36,38,0,0,44,7,19,0,0,2,2,0,0
1,10,3,48,9,4,0,1.008998,1.004338,0.999021,43,2,584,100,100,0,0,0,14,8,10,0,0,40,6,37,30,0,0,3000,220,0,10,0,1010,182,0,20,0,528,1,0,2,0,209,7,0,22,0,179,430,88,31,0,0,26,1,18,0,0,1,1,0,0
1,11,0,20,8,11,1,0.995903,0.982948,1.012632,17,2,584,100,100,0,0,0,0,-2,18,14,0,40,4,34,18,0,0,3104,165,0,6,0,1004,117,0,12,0,517,0,0,6,0,256,0,0,7,0,164,426,28,14,0,0,24,3,1,0,0,1,1,0,0
1,11,1,36,8,11,1,1.020503,0.982765,1.009724,31,2,584,100,100,0,0,0,-2,0,14,4,0,40,4,29,21,0,0,3104,176,0,7,0,1004,139,0,14,0,517,0,0,12,0,256,0,0,12,0,164,442,48,21,0,0,35,6,1,0,0,1,1,0,0
1,11,2,16,8,11,1,1.011467,0.97944,0.975911,12,1,459,100,100,0,0,0,18,14,0,10,0,40,4,16,9,0,0,3104,178,0,3,0,1004,102,0,6,0,517,0,0,2,0,256,4,0,8,0,164,302,32,9,0,0,43,1,2,0,0,2,2,0,0
1,11,3,45,8,11,1,1.008016,1.003657,1.000692,40,3,709,100,100,0,0,0,14,4,10,0,0,40,4,34,27,0,0,3104,163,0,9,0,1004,191,0,18,0,517,1,0,8,0,256,0,0,12,0,164,490,48,38,0,0,11,4,19,0,0,2,2,0,0
1,12,0,20,3,14,0,0.999958,0.977034,1.007097,18,2,584,100,100,0,0,0,0,-2,20,16,1,40,1,42,21,0,0,3000,170,0,7,0,1007,124,0,14,0,460,1,0,14,0,272,0,0,0,0,225,412,0,23,0,0,30,7,1,0,0,1,1,0,0
1,12,1,33,3,14,0,1.018813,0.987203,1.00577,29,2,584,100,100,0,0,0,-2,0,16,6,0,40,1,32,24,0,0,3000,188,0,8,0,1007,147,0,16,0,460,0,0,24,0,272,0,0,0,0,225,429,0,34,0,0,46,12,1,0,0,1,1,0,0
1,12,2,15,3,14,0,1.014459,0.978413,0.978814,14,1,459,100,100,0,0,0,20,16,0,10,1,40,1,14,9,0,0,3000,191,0,3,0,1007,105,0,6,0,460,0,0,12,0,272,0,0,4,0,225,313,16,17,0,0,48,6,1,0,0,1,1,0,0
1,12,3,38,3,14,0,1.00429,1.000907,1.003875,36,3,709,100,100,0,0,0,16,6,10,0,0,40,1,32,27,0,0,3000,189,0,9,0,1007,200,0,18,0,460,0,0,28,0,272,0,0,0,0,225,478,0,39,0,0,24,14,1,0,0,1,1,0,0
1,13,0,21,2,2,0,1.002916,0.976838,1.006771,19,2,584,100,100,0,0,0,0,-2,22,18,1,40,10,51,21,0,0,3034,175,0,7,0,1007,131,0,14,0,507,0,0,10,0,239,0,0,6,0,192,429,24,19,0,0,34,5,1,0,0,1,1,0,0
1,13,1,32,2,2,0,1.01879,0.989413,1.005908,29,2,584,100,100,0,0,0,-2,0,16,8,0,40,10,30,24,0,0,3034,203,0,8,0,1007,155,0,16,0,507,1,0,14,0,239,0,0,9,0,192,463,36,26,0,0,51,7,2,0,0,2,2,0,0
1,13,2,16,2,2,0,1.020553,0.975469,0.982639,15,1,459,100,100,0,0,0,22,16,0,12,1,40,10,12,9,0,0,3034,173,0,3,0,1007,108,0,6,0,507,0,0,0,0,239,0,0,6,0,192,377,24,3,0,0,48,0,0,0,0,0,0,0,0
1,13,3,37,2,2,0,1.005164,1.002832,1.003295,36,3,709,100,100,0,0,0,18,8,12,0,0,40,10,33,27,0,0,3034,212,0,9,0,1007,209,0,18,0,507,1,0,12,0,239,0,0,12,0,192,532,48,23,0,0,29,6,1,0,0,1,1,0,0
1,14,0,23,4,4,0,1.008457,0.975868,1.005057,20,2,584,100,100,0,0,0,0,-2,24,20,2,40,4,62,24,0,0,3136,178,0,8,0,1001,139,0,16,0,529,0,0,0,0,224,4,0,8,0,139,463,32,10,0,0,33,0,1,0,0,1,1,0,0
1,14,1,32,4,4,0,1.015991,0.991862,1.009945,31,3,709,100,100,0,0,0,-2,0,18,10,0,40,4,32,24,0,0,3136,163,0,8,0,1001,163,0,16,0,529,0,0,6,0,224,1,0,14,0,139,538,56,31,0,0,37,3,17,0,0,0,0,0,0
1,14,2,16,4,4,0,1.020553,0.975469,0.982639,15,2,584,100,100,0,0,0,24,18,0,12,1,40,4,18,12,0,0,3136,185,0,4,0,1001,112,0,8,0,529,1,0,2,0,224,0,0,6,0,139,379,24,25,0,0,31,1,18,0,0,1,1,0,0
1,14,3,35,4,4,0,1.003439,0.998645,1.006933,34,4,834,100,100,0,0,0,20,10,12,0,1,40,4,30,24,0,0,3136,167,0,8,0,1001,217,0,16,0,529,0,0,8,0,224,0,0,15,0,139,655,60,33,0,0,16,4,17,0,0,0,0,0,0
1,15,0,26,7,4,0,1.009239,0.972149,1.008186,21,3,709,100,100,0,0,0,0,-2,26,22,2,40,1,71,24,0,0,3049,187,0,8,0,1055,132,0,16,0,519,1,0,4,0,242,3,0,9,0,187,480,36,31,0,0,17,2,18,0,0,1,1,0,0
1,15,1,33,7,4,0,1.019759,0.990606,1.007159,31,3,709,100,100,0,0,0,-2,0,20,12,1,40,1,34,24,0,0,3049,168,0,8,0,1055,156,0,16,0,519,1,0,8,0,242,0,0,9,0,187,585,36,16,0,0,41,4,0,0,0,0,0,0,0
1,15,2,17,7,4,0,1.016399,0.969678,0.984443,16,2,584,100,100,0,0,0,26,20,0,12,2,40,1,24,12,0,0,3049,165,0,4,0,1055,104,0,8,0,519,0,0,6,0,242,0,0,6,0,187,437,24,10,0,0,34,3,0,0,0,0,0,0,0
1,15,3,33,7,4,0,1.003526,0.995065,1.004801,32,4,834,100,100,0,0,0,22,12,12,0,1,40,1,30,24,0,0,3049,182,0,8,0,1055,210,0,16,0,519,0,0,6,0,242,0,0,8,0,187,700,32,14,0,0,19,3,0,0,0,0,0,0,0
1,16,0,30,6,3,0,1.009146,0.974241,1.006553,22,3,709,100,100,0,0,0,0,-2,30,24,2,40,7,74,24,0,0,2984,217,0,8,0,998,140,0,16,0,519,0,0,8,0,251,0,0,3,0,228,484,12,20,0,0,19,4,2,0,0,2,2,0,0
1,16,1,34,6,3,0,1.020874,0.987336,1.009316,31,4,834,100,100,0,0,0,-2,0,22,14,1,40,7,36,27,0,0,2984,182,0,9,0,998,165,0,18,0,519,0,0,8,0,251,0,0,6,0,228,597,24,36,0,0,27,4,18,0,0,1,1,0,0
1,16,2,16,6,3,0,1.021971,0.958478,0.981872,14,2,584,100,100,0,0,0,30,22,0,12,2,40,7,23,9,0,0,2984,177,0,3,0,998,107,0,6,0,519,0,0,4,0,251,0,0,6,0,228,464,24,9,0,0,35,2,1,0,0,1,1,0,0
1,16,3,32,6,3,0,1.002444,0.995798,1.007107,31,5,959,100,100,0,0,0,24,14,12,0,1,40,7,32,27,0,0,2984,204,0,9,0,998,219,0,18,0,519,0,0,4,0,251,0,0,9,0,228,725,36,32,0,0,3,2,18,0,0,1,1,0,0
1,17,0,31,5,2,0,1.012086,0.976632,1.009509,24,3,709,100,100,0,0,0,0,-2,34,28,2,40,12,71,24,0,0,3112,179,0,8,0,998,148,0,16,0,508,1,0,8,0,233,0,0,6,0,176,530,24,22,0,0,20,4,3,0,0,3,3,0,0
1,17,1,33,5,2,0,1.026863,0.984704,1.006282,30,4,834,100,100,0,0,0,-2,0,24,14,1,40,12,42,30,0,0,3112,194,0,10,0,998,175,0,20,0,508,0,0,12,0,233,0,0,12,0,176,639,48,24,0,0,32,6,1,0,0,1,1,0,0
1,17,2,18,5,2,0,1.020347,0.959203,0.989033,15,3,709,100,100,0,0,0,34,24,0,12,2,40,12,25,9,0,0,3112,190,0,3,0,998,110,0,6,0,508,1,0,2,0,233,0,0,9,0,176,491,36,24,0,0,18,1,18,0,0,1,1,0,0
1,17,3,33,5,2,0,1.002185,0.996779,1.006149,32,5,959,100,100,0,0,0,28,14,12,0,1,40,12,33,27,0,0,3112,163,0,9,0,998,228,0,18,0,508,0,0,12,0,233,0,0,12,0,176,793,48,21,0,0,9,6,0,0,0,0,0,0,0
1,18,0,33,9,3,0,1.015689,0.982312,1.009253,27,3,709,100,100,0,0,0,0,0,38,30,2,40,2,77,27,0,0,2992,227,0,9,0,989,157,0,18,0,502,1,0,12,0,272,0,0,0,0,193,520,0,25,0,0,24,6,2,0,0,2,2,0,0
1,18,1,37,9,3,0,1.028895,0.980515,1.004242,31,4,834,100,100,0,0,0,0,0,24,16,1,40,2,49,30,0,0,2992,207,0,10,0,989,185,0,20,0,502,1,0,12,0,272,0,0,0,0,193,636,0,24,0,0,37,6,1,0,0,1,1,0,0
1,18,2,15,9,3,0,1.028094,0.96102,0.996643,13,3,709,100,100,0,0,0,38,24,0,12,2,40,2,27,12,0,0,2992,168,0,4,0,989,114,0,8,0,502,0,0,10,0,272,0,0,0,0,193,506,0,16,0,0,22,5,1,0,0,1,1,0,0
1,18,3,36,9,3,0,1.003836,0.992761,1.001117,32,5,959,100,100,0,0,0,30,16,12,0,1,40,2,40,30,0,0,2992,184,0,10,0,989,238,0,20,0,502,0,0,8,0,272,0,0,0,0,193,794,0,20,0,0,12,4,1,0,0,1,1,0,0
1,19,0,35,8,1,0,1.016367,0.978894,1.005693,28,3,709,100,100,0,0,0,0,0,40,32,2,40,1,80,27,0,0,3112,185,0,9,0,983,166,0,18,0,470,1,0,18,0,266,0,0,0,0,114,564,0,31,0,0,31,9,2,0,0,2,2,0,0
1,19,1,39,8,1,0,1.032026,0.982367,1.003998,32,4,834,100,100,0,0,0,0,0,26,18,1,40,1,52,30,0,0,3112,160,0,10,0,983,195,0,20,0,470,0,0,26,0,266,0,0,4,0,114,682,16,42,0,0,47,13,3,0,0,3,3,0,0
1,19,2,16,8,1,0,1.03452,0.964304,1.000765,14,3,709,100,100,0,0,0,40,26,0,12,2,40,1,34,12,0,0,3112,165,0,4,0,983,118,0,8,0,470,0,0,10,0,266,0,0,2,0,114,513,8,16,0,0,26,5,1,0,0,1,1,0,0
1,19,3,38,8,1,0,1.004993,0.992278,1.002997,33,5,959,100,100,0,0,0,32,18,12,0,1,40,1,47,33,0,0,3112,209,0,11,0,983,249,0,22,0,470,1,0,20,0,266,0,0,0,0,114,783,0,35,0,0,20,10,2,0,0,2,2,0,0
1,20,0,34,5,4,0,1.017665,0.984598,1.000867,28,3,709,100,100,0,0,0,0,2,42,34,2,40,6,80,27,0,0,3008,229,0,9,0,989,175,0,18,0,461,0,0,16,0,272,0,0,0,0,178,554,0,31,0,0,36,8,3,0,0,3,3,0,0
1,20,1,39,5,4,0,1.029554,0.983099,1.000934,33,4,834,100,100,0,0,0,2,0,28,20,2,40,6,47,24,0,0,3008,193,0,8,0,989,200,0,16,0,461,0,0,28,0,272,0,0,0,0,178,657,0,40,0,0,59,14,2,0,0,2,2,0,0
1,20,2,17,5,4,0,1.032537,0.969998,1.002429,15,3,709,100,100,0,0,0,42,28,0,12,2,40,6,37,12,0,0,3008,161,0,4,0,989,122,0,8,0,461,1,0,14,0,272,0,0,0,0,178,499,0,20,0,0,32,7,1,0,0,1,1,0,0
1,20,3,39,5,4,0,1.004831,0.995096,1.001328,35,6,1084,100,100,0,0,0,34,20,12,0,2,40,6,51,33,0,0,3008,160,0,11,0,989,260,0,22,0,461,1,0,22,0,272,0,0,0,0,178,809,0,54,0,0,12,11,19,0,0,2,2,0,0
1,21,0,21,7,30,0,1.020284,1.003077,0.998473,16,3,709,100,100,0,0,0,0,4,44,36,2,40,2,79,24,0,0,3016,187,0,8,0,986,183,0,16,0,529,1,0,0,0,230,4,0,5,0,178,579,20,10,0,0,35,0,1,0,0,1,1,0,0
1,21,1,35,7,30,0,1.018752,0.977809,0.996294,29,5,959,100,100,0,0,0,4,0,30,22,2,40,2,35,18,0,0,3016,236,0,6,0,986,206,0,12,0,529,1,0,2,0,230,1,0,17,0,178,714,68,29,0,0,41,1,19,0,0,2,2,0,0
1,21,2,17,7,30,0,1.040694,0.977776,0.995593,15,3,709,100,100,0,0,0,44,30,0,14,2,40,2,41,12,0,0,3016,156,0,4,0,986,126,0,8,0,529,0,0,6,0,230,0,0,3,0,178,513,12,10,0,0,35,3,0,0,0,0,0,0,0
1,21,3,33,7,30,0,1.007561,0.995976,1.000866,32,6,1084,100,100,0,0,0,36,22,14,0,2,40,2,52,30,0,0,3016,191,0,10,0,986,270,0,20,0,529,0,0,4,0,230,0,0,12,0,178,859,48,16,0,0,13,2,1,0,0,1,1,0,0
1,22,0,24,8,3,0,1.024671,1.002968,1.004174,17,3,709,100,100,0,0,0,0,6,46,38,2,40,1,93,27,0,0,3088,173,0,9,0,1001,192,0,18,0,542,1,0,2,0,186,10,0,6,0,183,600,24,15,0,0,34,1,2,0,0,2,2,0,0
1,22,1,35,8,3,0,1.023692,0.976567,0.993789,29,6,1084,100,100,0,0,0,6,0,32,24,2,40,1,25,15,0,0,3088,196,0,5,0,1001,211,0,10,0,542,1,0,0,0,186,13,0,18,0,183,835,72,26,0,0,22,0,19,0,0,2,2,0,0
1,22,2,17,8,3,0,1.038004,0.97627,0.988416,14,3,709,100,100,0,0,0,46,32,0,14,2,40,1,44,12,0,0,3088,151,0,4,0,1001,130,0,8,0,542,0,0,0,0,186,11,0,6,0,183,543,24,6,0,0,34,0,1,0,0,1,1,0,0
1,22,3,35,8,3,0,1.011815,0.998228,0.999331,33,6,1084,100,100,0,0,0,38,24,14,0,2,40,1,57,30,0,0,3088,228,0,10,0,1001,280,0,20,0,542,0,0,0,0,186,5,0,16,0,183,931,64,10,0,0,13,0,0,0,0,0,0,0,0
1,23,0,26,7,14,0,1.024356,0.992545,1.003959,18,4,834,100,100,0,0,0,0,8,46,40,2,40,0,103,27,0,0,3104,156,0,9,0,998,201,0,18,0,508,1,0,8,0,234,13,0,7,0,172,603,28,40,0,0,18,4,20,0,0,3,3,0,0
1,23,1,27,7,14,0,1.018068,0.976437,0.998936,26,6,1084,100,100,0,0,0,8,0,34,26,2,40,0,26,18,0,0,3104,203,0,6,0,998,217,0,12,0,508,0,0,8,0,234,14,0,13,0,172,897,52,16,0,0,25,4,1,0,0,1,1,0,0
1,23,2,17,7,14,0,1.043847,0.97435,0.990547,13,3,709,100,100,0,0,0,46,34,0,14,2,40,0,48,12,0,0,3104,154,0,4,0,998,134,0,8,0,508,0,0,6,0,234,10,0,7,0,172,571,28,12,0,0,36,3,1,0,0,1,1,0,0
1,23,3,34,7,14,0,1.019694,0.994431,0.996722,30,6,1084,100,100,0,0,0,40,26,14,0,2,40,0,60,30,0,0,3104,183,0,10,0,998,290,0,20,0,508,1,0,6,0,234,0,0,13,0,172,1040,52,18,0,0,15,3,1,0,0,1,1,0,0
1,24,0,29,10,7,0,1.019777,0.991291,0.998604,20,4,834,100,100,0,0,0,0,10,46,42,2,40,2,109,24,0,0,3072,138,0,8,0,998,209,0,16,0,482,3,0,16,0,271,5,0,8,0,199,623,32,30,0,0,23,8,3,0,0,3,3,0,0
1,24,1,23,10,7,0,1.024879,0.969607,0.991747,22,7,1209,100,100,0,0,0,10,0,36,30,2,40,2,28,18,0,0,3072,170,0,6,0,998,223,0,12,0,482,1,0,16,0,271,6,0,8,0,199,924,32,39,0,0,16,8,17,0,0,0,0,0,0
1,24,2,20,10,7,0,1.04674,0.985402,0.99283,14,3,709,100,100,0,0,0,46,36,0,14,2,40,2,52,12,0,0,3072,165,0,4,0,998,138,0,8,0,482,0,0,12,0,271,1,0,9,0,199,602,36,20,0,0,40,6,2,0,0,2,2,0,0
1,24,3,35,10,7,0,1.020138,0.994869,0.995957,30,7,1209,100,100,0,0,0,42,30,14,0,2,40,2,69,33,0,0,3072,218,0,11,0,998,301,0,22,0,482,0,0,16,0,271,0,0,1,0,199,1011,4,48,0,0,4,8,19,0,0,2,2,0,0
1,25,0,31,6,1,0,1.021443,0.992236,1.002761,23,4,834,100,100,0,0,0,0,12,48,44,2,40,10,117,30,0,0,3112,115,0,10,0,989,219,0,20,0,452,14,0,18,0,272,0,0,5,0,191,630,20,34,0,0,29,9,3,0,0,3,3,0,0
1,25,1,25,6,1,0,1.028829,0.969504,0.988716,22,7,1209,100,100,0,0,0,12,0,38,34,2,40,10,32,18,0,0,3112,181,0,6,0,989,229,0,12,0,452,11,0,16,0,272,0,0,6,0,191,933,24,24,0,0,23,8,1,0,0,1,1,0,0
1,25,2,21,6,1,0,1.038857,0.983913,0.992355,16,3,709,100,100,0,0,0,48,38,0,16,2,40,10,55,15,0,0,3112,172,0,5,0,989,143,0,10,0,452,0,0,18,0,272,0,0,1,0,191,594,4,27,0,0,47,9,2,0,0,2,2,0,0
1,25,3,35,6,1,0,1.017134,0.99524,0.997425,31,7,1209,100,100,0,0,0,44,34,16,0,2,40,10,73,33,0,0,3112,172,0,11,0,989,312,0,22,0,452,1,0,18,0,272,0,0,0,0,191,1042,0,33,0,0,11,9,2,0,0,2,2,0,0
1,26,0,34,10,2,0,1.02268,0.998975,1.003998,25,4,834,100,100,0,0,0,0,12,50,46,2,40,0,124,30,0,0,3024,90,0,10,0,986,229,0,20,0,447,19,0,22,0,272,0,0,0,0,231,619,0,38,0,0,37,11,3,0,0,3,3,0,0
1,26,1,27,10,2,0,1.031779,0.971354,0.992906,23,7,1209,100,100,0,0,0,12,0,40,36,2,40,0,38,21,0,0,3024,189,0,7,0,986,236,0,14,0,447,20,0,18,0,272,0,0,0,0,231,918,0,27,0,0,31,9,1,0,0,1,1,0,0
1,26,2,23,10,2,0,1.03417,0.982327,0.992191,18,3,709,100,100,0,0,0,50,40,0,16,2,40,0,62,18,0,0,3024,177,0,6,0,986,149,0,12,0,447,0,0,18,0,272,0,0,0,0,231,581,0,28,0,0,54,9,2,0,0,2,2,0,0
1,26,3,36,10,2,0,1.016133,0.999358,0.998438,32,7,1209,100,100,0,0,0,46,36,16,0,2,40,0,79,33,0,0,3024,206,0,11,0,986,323,0,22,0,447,1,0,22,0,272,0,0,0,0,231,1022,0,35,0,0,21,11,1,0,0,1,1,0,0
1,27,0,37,10,1,0,1.026302,1.001668,1.005193,28,4,834,100,100,0,0,0,0,12,52,48,2,40,3,132,33,0,0,3104,69,0,11,0,974,240,0,22,0,466,14,0,26,0,272,0,0,0,0,161,606,0,43,0,0,47,13,3,0,0,3,3,0,0
1,27,1,29,10,1,0,1.033244,0.973891,0.990635,24,7,1209,100,100,0,0,0,12,0,42,38,2,40,3,48,27,0,0,3104,193,0,9,0,974,245,0,18,0,466,25,0,18,0,272,0,0,0,0,161,899,0,31,0,0,38,9,2,0,0,2,2,0,0
1,27,2,25,10,1,0,1.0365,0.977329,0.991936,20,3,709,100,100,0,0,0,52,42,0,18,2,40,3,69,21,0,0,3104,179,0,7,0,974,156,0,14,0,466,1,0,12,0,272,0,0,0,0,161,576,0,23,0,0,58,6,2,0,0,2,2,0,0
1,27,3,38,10,1,0,1.017556,0.999179,1.000696,32,8,1334,100,100,0,0,0,48,38,18,0,2,40,3,85,33,0,0,3104,159,0,11,0,974,334,0,22,0,466,0,0,22,0,272,0,0,0,0,161,1044,0,54,0,0,13,11,19,0,0,2,2,0,0
1,28,0,38,8,3,0,1.024036,1.003409,1.005092,30,4,834,100,100,0,0,0,0,12,54,48,2,40,0,138,33,0,0,3016,45,0,11,0,965,251,0,22,0,467,8,0,28,0,268,0,0,2,0,219,602,8,45,0,0,58,14,3,0,0,3,3,0,0
1,28,1,31,8,3,0,1.033805,0.97138,0.990862,26,7,1209,100,100,0,0,0,12,0,44,40,2,40,0,59,30,0,0,3016,202,0,10,0,965,255,0,20,0,467,24,0,20,0,268,0,0,1,0,219,881,4,34,0,0,46,10,2,0,0,2,2,0,0
1,28,2,25,8,3,0,1.038971,0.983253,0.991834,21,3,709,100,100,0,0,0,54,44,0,20,3,40,0,74,21,0,0,3016,179,0,7,0,965,163,0,14,0,467,1,0,14,0,268,0,0,1,0,219,573,4,25,0,0,63,7,2,0,0,2,2,0,0
1,28,3,40,8,3,0,1.020682,0.999475,1.003271,33,8,1334,100,100,0,0,0,48,40,20,0,3,40,0,89,33,0,0,3016,190,0,11,0,965,345,0,22,0,467,1,0,18,0,268,0,0,0,0,219,1029,0,33,0,0,20,9,2,0,0,2,2,0,0
1,29,0,38,10,9,0,1.024694,1.005592,1.007946,31,4,834,100,100,0,0,0,0,14,58,52,2,40,2,139,27,0,0,3059,22,0,9,0,962,260,0,18,0,536,1,0,12,0,178,10,0,14,0,154,666,56,25,0,0,62,6,2,0,0,2,2,0,0
1,29,1,34,10,9,0,1.034104,0.968392,0.991845,28,7,1209,100,100,0,0,0,14,0,46,40,2,40,2,68,30,0,0,3059,160,0,10,0,962,265,0,20,0,536,1,0,24,0,178,12,0,12,0,154,962,48,38,0,0,56,12,2,0,0,2,2,0,0
1,29,2,26,10,9,0,1.03519,0.982611,0.992373,22,4,834,100,100,0,0,0,58,46,0,20,3,40,2,81,24,0,0,3059,177,0,8,0,962,171,0,16,0,536,1,0,0,0,178,12,0,9,0,154,597,36,27,0,0,45,0,18,0,0,1,1,0,0
1,29,3,37,10,9,0,1.021276,0.993569,1.005118,32,8,1334,100,100,0,0,0,52,40,20,0,3,40,2,90,33,0,0,3059,226,0,11,0,962,356,0,22,0,536,1,0,2,0,178,10,0,15,0,154,1084,60,17,0,0,19,1,2,0,0,2,2,0,0
1,30,0,38,6,5,0,1.027579,1.00386,1.006051,31,4,834,100,100,0,0,0,0,18,62,54,2,40,3,134,24,0,0,3056,34,0,8,0,968,268,0,16,0,443,1,0,30,0,272,0,0,10,0,200,683,40,44,0,0,74,15,3,0,0,3,3,0,0
1,30,1,34,6,5,0,1.035418,0.967848,0.991932,29,7,1209,100,100,0,0,0,18,0,48,42,2,40,3,76,33,0,0,3056,162,0,11,0,968,276,0,22,0,443,4,0,24,0,272,0,0,12,0,200,983,48,39,0,0,66,12,2,0,0,2,2,0,0
1,30,2,27,6,5,0,1.034687,0.983441,0.992542,23,4,834,100,100,0,0,0,62,48,0,22,3,40,3,86,24,0,0,3056,174,0,8,0,968,179,0,16,0,443,1,0,18,0,272,2,0,10,0,200,622,40,30,0,0,52,9,2,0,0,2,2,0,0
1,30,3,37,6,5,0,1.022716,0.989166,1.004937,33,8,1334,100,100,0,0,0,54,42,22,0,3,40,3,89,30,0,0,3056,179,0,10,0,968,366,0,20,0,443,0,0,24,0,272,0,0,10,0,200,1138,40,38,0,0,29,12,2,0,0,2,2,0,0
1,31,0,41,8,7,0,1.029071,1.001102,1.00609,34,5,959,100,100,0,0,0,0,22,66,58,3,40,5,135,27,0,0,2988,34,0,9,0,968,277,0,18,0,540,1,0,0,0,188,6,0,18,0,207,764,72,30,0,0,55,0,19,0,0,2,2,0,0
1,31,1,31,8,7,0,1.03021,0.962437,0.993197,28,8,1334,100,100,0,0,0,22,0,50,44,3,40,5,79,30,0,0,2988,165,0,10,0,968,286,0,20,0,540,0,0,4,0,188,9,0,12,0,207,1016,48,33,0,0,50,2,18,0,0,1,1,0,0
1,31,2,28,8,7,0,1.034931,0.981965,0.993881,23,4,834,100,100,0,0,0,66,50,0,22,3,40,5,85,18,0,0,2988,172,0,6,0,968,185,0,12,0,540,1,0,4,0,188,0,0,11,0,207,675,44,12,0,0,53,2,1,0,0,1,1,0,0
1,31,3,37,8,7,0,1.022811,0.9937,1.003054,34,8,1334,100,100,0,0,0,58,44,22,0,3,40,5,89,30,0,0,2988,219,0,10,0,968,376,0,20,0,540,0,0,0,0,188,12,0,15,0,207,1198,60,12,0,0,28,0,1,0,0,1,1,0,0
1,32,0,42,9,4,0,1.02965,0.99808,1.002152,34,6,1084,100,100,0,0,0,0,26,70,62,3,40,1,134,30,0,0,3065,33,0,10,0,978,287,0,20,0,521,1,0,4,0,252,0,0,12,0,148,811,48,37,0,0,37,2,20,0,0,3,3,0,0
1,32,1,32,9,4,0,1.033291,0.962502,0.992169,28,8,1334,100,100,0,0,0,26,0,52,46,3,40,1,82,27,0,0,3065,172,0,9,0,978,295,0,18,0,521,0,0,10,0,252,0,0,12,0,148,1061,48,21,0,0,54,5,1,0,0,1,1,0,0
1,32,2,29,9,4,0,1.038826,0.975985,0.993133,23,5,959,100,100,0,0,0,70,52,0,24,3,40,1,82,18,0,0,3065,177,0,6,0,978,191,0,12,0,521,1,0,0,0,252,0,0,8,0,148,704,32,27,0,0,34,0,19,0,0,2,2,0,0
1,32,3,39,9,4,0,1.018999,0.994856,1.002436,35,8,1334,100,100,0,0,0,62,46,24,0,3,40,1,91,33,0,0,3065,170,0,11,0,978,386,0,22,0,521,1,0,8,0,252,0,0,12,0,148,1293,48,21,0,0,31,4,1,0,0,1,1,0,0
1,33,0,41,8,2,0,1.032289,0.997971,1.002649,36,6,1084,100,100,0,0,0,0,30,74,66,3,40,2,132,30,0,0,2959,33,0,10,0,974,297,0,20,0,465,1,0,26,0,268,0,0,0,0,219,798,0,40,0,0,48,13,2,0,0,2,2,0,0
1,33,1,35,8,2,0,1.036751,0.963037,0.99154,29,8,1334,100,100,0,0,0,30,0,54,48,3,40,2,86,27,0,0,2959,186,0,9,0,974,304,0,18,0,465,0,0,14,0,268,0,0,3,0,219,1067,12,27,0,0,59,7,2,0,0,2,2,0,0
1,33,2,32,8,2,0,1.036782,0.972121,0.99356,25,5,959,100,100,0,0,0,74,54,0,26,3,40,2,81,18,0,0,2959,181,0,6,0,974,197,0,12,0,465,0,0,18,0,268,0,0,0,0,219,697,0,28,0,0,41,9,2,0,0,2,2,0,0
1,33,3,40,8,2,0,1.020709,0.995453,1.003799,36,8,1334,100,100,0,0,0,66,48,26,0,3,40,2,100,39,0,0,2959,205,0,13,0,974,399,0,26,0,465,0,0,20,0,268,0,0,1,0,219,1272,4,37,0,0,39,10,2,0,0,2,2,0,0
1,34,0,44,11,3,0,1.035543,1.000322,1.002072,38,6,1084,100,100,0,0,0,0,30,76,68,3,40,0,130,30,0,0,2960,38,0,10,0,971,307,0,20,0,436,0,0,34,0,272,0,0,0,0,231,771,0,48,0,0,63,17,2,0,0,2,2,0,0
1,34,1,37,11,3,0,1.040227,0.958971,0.990202,30,8,1334,100,100,0,0,0,30,0,56,50,3,40,0,83,24,0,0,2960,199,0,8,0,971,312,0,16,0,436,0,0,30,0,272,0,0,0,0,231,1043,0,42,0,0,72,15,2,0,0,2,2,0,0
1,34,2,34,11,3,0,1.044528,0.969486,0.994012,26,5,959,100,100,0,0,0,76,56,0,26,3,40,0,76,18,0,0,2960,183,0,6,0,971,203,0,12,0,436,1,0,20,0,272,0,0,0,0,231,683,0,32,0,0,48,10,3,0,0,3,3,0,0
1,34,3,41,11,3,0,1.021423,0.990134,1.002074,37,8,1334,100,100,0,0,0,68,50,26,0,3,40,0,104,36,0,0,2960,241,0,12,0,971,411,0,24,0,436,0,0,24,0,272,0,0,0,0,231,1246,0,38,0,0,50,12,1,0,0,1,1,0,0
1,35,0,47,10,0,0,1.034295,1.005331,1.001108,40,6,1084,100,100,0,0,0,0,32,78,70,3,40,5,127,33,0,0,3034,37,0,11,0,974,318,0,22,0,412,0,0,34,0,260,0,0,8,0,167,784,32,49,0,0,78,17,2,0,0,2,2,0,0
1,35,1,40,10,0,0,1.040938,0.953506,0.989277,32,8,1334,100,100,0,0,0,32,0,58,52,3,40,5,80,24,0,0,3034,226,0,8,0,974,320,0,16,0,412,0,0,34,0,260,0,0,2,0,167,1024,8,48,0,0,86,17,3,0,0,3,3,0,0
1,35,2,37,10,0,0,1.049181,0.966257,0.999054,29,5,959,100,100,0,0,0,78,58,0,26,3,40,5,71,21,0,0,3034,182,0,7,0,974,210,0,14,0,412,1,0,30,0,260,0,0,0,0,167,670,0,43,0,0,60,15,3,0,0,3,3,0,0
1,35,3,42,10,0,0,1.020534,0.991228,1.003565,38,8,1334,100,100,0,0,0,70,52,26,0,3,40,5,108,36,0,0,3034,188,0,12,0,974,423,0,24,0,412,0,0,34,0,260,0,0,2,0,167,1256,8,50,0,0,65,17,2,0,0,2,2,0,0
1,36,0,50,7,1,0,1.032728,1.00166,1.006471,41,6,1084,100,100,0,0,0,0,32,80,72,3,40,2,125,36,0,0,2990,44,0,12,0,980,327,0,24,0,520,1,0,6,0,154,15,0,19,0,129,872,76,24,0,0,78,3,3,0,0,3,3,0,0
1,36,1,40,7,1,0,1.040938,0.953506,0.989277,35,8,1334,100,100,0,0,0,32,0,60,52,3,40,2,73,27,0,0,2990,177,0,9,0,980,323,0,18,0,520,0,0,4,0,154,15,0,18,0,129,1152,72,19,0,0,85,2,3,0,0,3,3,0,0
1,36,2,39,7,1,0,1.049136,0.968168,0.999553,32,5,959,100,100,0,0,0,80,60,0,26,3,40,2,67,24,0,0,2990,185,0,8,0,980,216,0,16,0,520,0,0,4,0,154,8,0,19,0,129,767,76,18,0,0,59,2,3,0,0,3,3,0,0
1,36,3,43,7,1,0,1.020227,0.991966,1.003297,40,8,1334,100,100,0,0,0,72,52,26,0,3,40,2,108,36,0,0,2990,230,0,12,0,980,431,0,24,0,520,0,0,10,0,154,6,0,18,0,129,1320,72,24,0,0,69,5,1,0,0,1,1,0,0
1,37,0,51,5,3,0,1.034633,1.002863,1.004631,44,7,1209,100,100,0,0,0,0,32,82,74,3,40,6,119,36,0,0,2994,52,0,12,0,965,339,0,24,0,500,0,0,16,0,227,11,0,20,0,143,937,80,51,0,0,66,8,20,0,0,3,3,0,0
1,37,1,41,5,3,0,1.040999,0.951081,0.987691,38,8,1334,100,100,0,0,0,32,0,62,54,3,40,6,66,27,0,0,2994,208,0,9,0,965,332,0,18,0,500,0,0,12,0,227,7,0,18,0,143,1225,72,23,0,0,90,6,1,0,0,1,1,0,0
1,37,2,38,5,3,0,1.046229,0.970576,0.998734,34,6,1084,100,100,0,0,0,82,62,0,26,3,40,6,56,21,0,0,2994,187,0,7,0,965,223,0,14,0,500,0,0,8,0,227,0,0,14,0,143,826,56,36,0,0,44,4,19,0,0,2,2,0,0
1,37,3,44,5,3,0,1.014644,0.988099,1.004941,40,8,1334,100,100,0,0,0,74,54,26,0,3,40,6,109,36,0,0,2994,175,0,12,0,965,443,0,24,0,500,1,0,8,0,227,1,0,18,0,143,1320,72,22,0,0,72,4,1,0,0,1,1,0,0
1,38,0,50,6,5,0,1.031314,1.004333,1.003763,45,7,1209,100,100,0,0,0,0,32,84,76,3,40,7,112,36,0,0,2984,53,0,12,0,959,351,0,24,0,482,1,0,24,0,250,0,0,14,0,135,983,56,40,0,0,76,12,2,0,0,2,2,0,0
1,38,1,41,6,5,0,1.041977,0.953645,0.984683,38,8,1334,100,100,0,0,0,32,0,64,56,3,40,7,60,30,0,0,2984,157,0,10,0,959,342,0,20,0,482,1,0,14,0,250,0,0,15,0,135,1320,60,26,0,0,96,7,1,0,0,1,1,0,0
1,38,2,39,6,5,0,1.046787,0.973158,1.000388,36,6,1084,100,100,0,0,0,84,64,0,26,3,40,7,47,24,0,0,2984,189,0,8,0,959,231,0,16,0,482,0,0,4,0,250,0,0,11,0,135,895,44,14,0,0,45,2,1,0,0,1,1,0,0
1,38,3,45,6,5,0,1.01386,0.988777,1.000212,40,8,1334,100,100,0,0,0,76,56,26,0,3,40,7,107,36,0,0,2984,223,0,12,0,959,455,0,24,0,482,1,0,18,0,250,0,0,1,0,135,1300,4,34,0,0,79,9,2,0,0,2,2,0,0
1,39,0,51,9,2,0,1.03229,1.004379,1.004027,47,8,1334,100,100,0,0,0,0,32,86,78,3,40,3,110,36,0,0,3008,55,0,12,0,962,363,0,24,0,515,0,0,8,0,166,14,0,20,0,126,1058,80,41,0,0,61,4,19,0,0,2,2,0,0
1,39,1,40,9,2,0,1.042424,0.950189,0.986415,37,8,1334,100,100,0,0,0,32,0,66,58,3,40,3,55,30,0,0,3008,178,0,10,0,962,352,0,20,0,515,1,0,4,0,166,11,0,16,0,126,1322,64,16,0,0,97,2,1,0,0,1,1,0,0
1,39,2,43,9,2,0,1.045211,0.973159,1.001724,37,7,1209,100,100,0,0,0,86,66,0,26,3,40,3,41,24,0,0,3008,198,0,8,0,962,239,0,16,0,515,0,0,10,0,166,0,0,18,0,126,969,72,37,0,0,32,5,18,0,0,1,1,0,0
1,39,3,48,9,2,0,1.015689,0.992212,1.00083,42,8,1334,100,100,0,0,0,78,58,26,0,3,40,3,107,36,0,0,3008,166,0,12,0,962,467,0,24,0,515,0,0,6,0,166,7,0,20,0,126,1318,80,22,0,0,80,3,2,0,0,2,2,0,0
1,40,0,51,1,2,0,1.03229,1.004379,1.004027,49,8,1334,100,100,0,0,0,0,32,90,80,3,40,8,105,39,0,0,2880,55,0,13,0,953,376,0,26,0,396,10,0,40,0,272,0,0,14,0,180,1095,56,55,0,0,80,20,1,0,0,1,1,0,0
1,40,1,40,1,2,0,1.042424,0.950189,0.986415,38,8,1334,100,100,0,0,0,32,0,68,60,3,40,8,58,33,0,0,2880,199,0,11,0,953,363,0,22,0,396,1,0,30,0,272,0,0,11,0,180,1311,44,43,0,0,111,15,1,0,0,1,1,0,0
1,40,2,43,1,2,0,1.045211,0.973159,1.001724,38,7,1209,100,100,0,0,0,90,68,0,28,3,40,8,34,27,0,0,2880,202,0,9,0,953,248,0,18,0,396,0,0,30,0,272,0,0,0,0,180,969,0,45,0,0,44,15,3,0,0,3,3,0,0
1,40,3,47,1,2,0,1.019515,0.989528,0.997547,42,8,1334,100,100,0,0,0,80,60,28,0,3,40,8,101,36,0,0,2880,218,0,12,0,953,479,0,24,0,396,0,0,38,0,272,0,0,7,0,180,1292,28,54,0,0,97,19,2,0,0,2,2,0,0
5,1,0,49,4,10,0,0.998364,0.990286,0.998582,0,0,334,100,100,0,0,0,0,2,2,2,0,40,0,47,36,0,0,2816,193,0,12,0,932,62,0,24,0,483,1,0,46,0,198,22,0,23,0,157,119,92,76,0,0,14,23,9,0,0,9,9,0,0
5,1,1,49,4,10,0,1.003145,0.990272,1.000574,0,0,334,100,100,0,0,0,2,0,2,2,0,40,0,46,36,0,0,2816,201,0,12,0,932,62,0,24,0,483,0,0,46,0,198,17,0,24,0,157,123,96,76,0,0,14,23,9,0,0,9,9,0,0
5,1,2,48,4,10,0,0.99424,0.988681,0.998119,0,0,334,100,100,0,0,0,2,2,0,0,0,40,0,48,39,0,0,2816,200,0,13,0,932,63,0,26,0,483,0,0,48,0,198,13,0,24,0,157,119,96,79,0,0,15,24,9,0,0,9,9,0,0
5,1,3,48,4,10,0,0.996931,0.990343,0.996885,0,0,334,100,100,0,0,0,2,2,0,0,0,40,0,46,36,0,0,2816,201,0,12,0,932,62,0,24,0,483,2,0,48,0,198,15,0,24,0,157,121,96,78,0,0,15,24,9,0,0,9,9,0,0
5,2,0,47,6,9,0,0.992324,0.98965,0.995231,8,0,334,100,100,0,0,0,0,2,4,4,0,40,1,43,33,0,0,2848,217,0,11,0,944,73,0,22,0,462,1,0,20,0,233,10,0,23,0,139,201,92,49,0,0,15,10,9,0,0,9,9,0,0
5,2,1,47,6,9,0,0.997384,0.993134,0.9966,8,0,334,100,100,0,0,0,2,0,4,4,0,40,1,41,33,0,0,2848,229,0,11,0,944,73,0,22,0,462,0,0,18,0,233,1,0,24,0,139,211,96,47,0,0,14,9,9,0,0,9,9,0,0
5,2,2,49,6,9,0,0.994028,0.986457,0.995436,9,0,334,100,100,0,0,0,4,4,0,0,0,40,1,43,33,0,0,2848,229,0,11,0,944,74,0,22,0,462,0,0,18,0,233,1,0,24,0,139,210,96,47,0,0,15,9,9,0,0,9,9,0,0
5,2,3,48,6,9,0,0.994057,0.988754,0.99751,9,0,334,100,100,0,0,0,4,4,0,0,0,40,1,40,33,0,0,2848,234,0,11,0,944,73,0,22,0,462,0,0,28,0,233,0,0,23,0,139,194,92,57,0,0,20,14,9,0,0,9,9,0,0
5,3,0,44,5,17,1,0.990947,0.989969,0.999034,17,0,334,100,100,0,0,0,0,-2,4,4,0,40,0,40,30,0,0,3200,160,0,10,0,967,83,0,20,0,419,0,0,34,0,272,0,0,10,0,241,193,40,62,0,0,23,17,9,0,0,9,9,0,0
5,3,1,43,5,17,1,0.994095,0.989548,1.000162,17,0,334,100,100,0,0,0,-2,0,6,6,0,40,0,36,30,0,0,3200,172,0,10,0,967,83,0,20,0,419,1,0,26,0,272,0,0,1,0,241,177,4,54,0,0,18,13,9,0,0,9,9,0,0
5,3,2,48,5,17,1,0.994377,0.986762,0.995684,18,0,334,100,100,0,0,0,4,6,0,2,0,40,0,39,33,0,0,3200,169,0,11,0,967,83,0,22,0,419,0,0,30,0,272,0,0,1,0,241,178,4,59,0,0,21,15,9,0,0,9,9,0,0
5,3,3,44,5,17,1,0.99508,0.991979,1.000111,18,0,334,100,100,0,0,0,4,6,2,0,0,40,0,36,30,0,0,3200,176,0,10,0,967,83,0,20,0,419,0,0,32,0,272,0,0,0,0,241,137,0,60,0,0,27,16,9,0,0,9,9,0,0
5,4,0,42,7,22,0,0.993801,0.98786,1.000207,25,0,334,100,100,0,0,0,0,-2,6,6,0,40,1,37,30,0,0,2888,170,0,10,0,968,93,0,20,0,528,1,0,4,0,203,0,0,18,0,207,263,72,30,0,0,17,2,8,0,0,8,8,0,0
5,4,1,40,7,22,0,0.993311,0.993465,1.003084,26,0,334,100,100,0,0,0,-2,0,8,8,0,40,1,35,30,0,0,2888,191,0,10,0,968,93,0,20,0,528,0,0,6,0,203,0,0,18,0,207,238,72,28,0,0,15,3,6,0,0,6,6,0,0
5,4,2,41,7,22,0,0.992511,0.990817,0.995646,25,0,334,100,100,0,0,0,6,8,0,4,0,40,1,32,27,0,0,2888,192,0,9,0,968,92,0,18,0,528,0,0,4,0,203,0,0,15,0,207,235,60,29,0,0,15,2,8,0,0,8,8,0,0
5,4,3,41,7,22,0,0.997391,0.987591,1.004228,27,0,334,100,100,0,0,0,6,8,4,0,0,40,1,36,30,0,0,2888,194,0,10,0,968,93,0,20,0,528,0,0,2,0,203,0,0,15,0,207,192,60,24,0,0,22,1,6,0,0,6,6,0,0
5,5,0,40,4,12,1,0.993942,0.988458,1.002472,31,0,334,100,100,0,0,0,0,-4,8,8,0,40,0,30,27,0,0,2880,191,0,9,0,971,99,0,18,0,447,0,0,26,0,269,0,0,0,0,180,253,0,43,0,0,26,13,4,0,0,4,4,0,0
5,5,1,41,4,12,1,0.996249,0.996559,1.003748,32,0,334,100,100,0,0,0,-4,0,8,4,0,40,0,41,33,0,0,2880,220,0,11,0,971,104,0,22,0,447,1,0,20,0,269,0,0,1,0,180,230,4,39,0,0,21,10,4,0,0,4,4,0,0
5,5,2,36,4,12,1,0.994415,0.986706,0.995979,31,0,334,100,100,0,0,0,8,8,0,4,0,40,0,31,27,0,0,2880,214,0,9,0,971,101,0,18,0,447,0,0,22,0,269,0,0,0,0,180,228,0,37,0,0,23,11,3,0,0,3,3,0,0
5,5,3,39,4,12,1,1.002389,0.986167,1.008353,31,0,334,100,100,0,0,0,8,4,4,0,0,40,0,32,27,0,0,2880,232,0,9,0,971,102,0,18,0,447,0,0,20,0,269,0,0,2,0,180,193,8,37,0,0,28,10,4,0,0,4,4,0,0
5,6,0,36,6,15,0,0.991208,0.98696,0.998204,33,0,334,100,100,0,0,0,0,-4,10,10,0,40,2,29,24,0,0,3144,199,0,8,0,1043,92,0,16,0,469,1,0,18,0,272,0,0,0,0,74,258,0,28,0,0,34,9,1,0,0,1,1,0,0
5,6,1,41,6,15,0,0.997175,0.994919,1.005131,35,0,334,100,100,0,0,0,-4,0,10,6,0,40,2,37,30,0,0,3144,169,0,10,0,1043,99,0,20,0,469,1,0,18,0,272,0,0,0,0,74,274,0,32,0,0,28,9,2,0,0,2,2,0,0
5,6,2,34,6,15,0,0.997592,0.985892,1.000262,31,0,334,100,100,0,0,0,10,10,0,4,0,40,2,33,27,0,0,3144,169,0,9,0,1043,95,0,18,0,469,1,0,12,0,272,0,0,0,0,74,253,0,23,0,0,28,6,1,0,0,1,1,0,0
5,6,3,36,6,15,0,1.001868,0.977621,1.007387,33,0,334,100,100,0,0,0,10,6,4,0,0,40,2,29,24,0,0,3144,185,0,8,0,1043,95,0,16,0,469,0,0,16,0,272,0,0,0,0,74,225,0,26,0,0,35,8,1,0,0,1,1,0,0
5,7,0,26,2,26,0,0.988791,0.983879,1.003648,25,0,334,100,100,0,0,0,0,-4,12,12,0,40,3,15,9,0,0,2944,208,0,3,0,983,95,0,6,0,505,1,0,4,0,270,0,0,2,0,300,259,8,7,0,0,36,2,0,0,0,0,0,0,0
5,7,1,36,2,26,0,0.995203,0.995549,1.001019,34,0,334,100,100,0,0,0,-4,0,12,8,0,40,3,26,21,0,0,2944,201,0,7,0,983,106,0,14,0,505,1,0,8,0,270,0,0,0,0,300,257,0,17,0,0,31,4,1,0,0,1,1,0,0
5,7,2,31,2,26,0,0.993395,0.986904,0.998074,30,0,334,100,100,0,0,0,12,12,0,4,0,40,3,29,24,0,0,2944,191,0,8,0,983,103,0,16,0,505,1,0,8,0,270,0,0,0,0,300,235,0,18,0,0,31,4,1,0,0,1,1,0,0
5,7,3,30,2,26,0,1.007042,0.975386,1.011503,28,0,334,100,100,0,0,0,12,8,4,0,0,40,3,27,21,0,0,2944,206,0,7,0,983,102,0,14,0,505,1,0,6,0,270,0,0,0,0,300,210,0,15,0,0,37,3,1,0,0,1,1,0,0
5,8,0,18,0,19,0,0.996175,0.985082,1.009971,18,1,459,100,100,0,0,0,0,-4,14,14,0,40,7,8,6,0,0,3072,180,0,2,0,1019,97,0,4,0,540,1,0,0,0,244,0,0,6,0,179,295,24,19,0,0,19,0,17,0,0,0,0,0,0
5,8,1,27,0,19,0,0.995439,0.996264,1.000447,27,1,459,100,100,0,0,0,-4,0,14,10,0,40,7,24,18,0,0,3072,223,0,6,0,1019,112,0,12,0,540,0,0,2,0,244,0,0,5,0,179,275,20,25,0,0,15,1,17,0,0,0,0,0,0
5,8,2,30,0,19,0,0.98935,0.988118,0.996726,30,0,334,100,100,0,0,0,14,14,0,4,0,40,7,32,24,0,0,3072,208,0,8,0,1019,111,0,16,0,540,0,0,4,0,244,0,0,8,0,179,281,32,12,0,0,33,2,0,0,0,0,0,0,0
5,8,3,29,0,19,0,1.006477,0.976222,1.011567,28,0,334,100,100,0,0,0,14,10,4,0,0,40,7,26,21,0,0,3072,169,0,7,0,1019,109,0,14,0,540,1,0,0,0,244,0,0,8,0,179,271,32,9,0,0,36,0,1,0,0,1,1,0,0
5,9,0,12,1,11,0,1.001224,0.971813,1.013965,12,1,459,100,100,0,0,0,0,-2,14,16,0,40,4,6,3,0,0,3112,185,0,1,0,1022,98,0,2,0,496,0,0,4,0,271,0,0,0,0,259,301,0,5,0,0,21,2,0,0,0,0,0,0,0
5,9,1,26,1,11,0,0.991674,1.003533,1.005662,25,1,459,100,100,0,0,0,-2,0,16,10,0,40,4,25,18,0,0,3112,190,0,6,0,1022,118,0,12,0,496,1,0,14,0,271,0,0,0,0,259,269,0,20,0,0,22,7,0,0,0,0,0,0,0
5,9,2,28,1,11,0,0.988859,0.989501,0.99337,28,0,334,100,100,0,0,0,14,16,0,4,0,40,4,33,24,0,0,3112,170,0,8,0,1022,119,0,16,0,496,0,0,12,0,271,0,0,0,0,259,269,0,20,0,0,39,6,0,0,0,0,0,0,0
5,9,3,28,1,11,0,1.007873,0.978872,1.012473,28,0,334,100,100,0,0,0,16,10,4,0,0,40,4,28,21,0,0,3112,197,0,7,0,1022,116,0,14,0,496,1,0,12,0,271,0,0,0,0,259,255,0,19,0,0,42,6,0,0,0,0,0,0,0
5,10,0,9,7,9,0,0.997193,0.9657,0.993574,8,1,459,100,100,0,0,0,0,-2,14,18,0,40,4,7,3,0,0,3080,172,0,1,0,1025,96,0,2,0,526,0,0,0,0,269,0,0,0,0,152,328,0,1,0,0,21,0,0,0,0,0,0,0,0
5,10,1,26,7,9,0,0.992801,0.998832,1.007339,23,1,459,100,100,0,0,0,-2,0,18,12,0,40,4,26,18,0,0,3080,222,0,6,0,1025,124,0,12,0,526,1,0,6,0,269,0,0,0,0,152,270,0,14,0,0,24,3,1,0,0,1,1,0,0
5,10,2,28,7,9,0,0.98902,0.985625,0.995279,26,1,459,100,100,0,0,0,14,18,0,6,0,40,4,34,21,0,0,3080,191,0,7,0,1025,126,0,14,0,526,1,0,2,0,269,0,0,0,0,152,270,0,26,0,0,23,1,17,0,0,0,0,0,0
5,10,3,29,7,9,0,1.009959,0.979777,1.01522,27,1,459,100,100,0,0,0,18,12,6,0,0,40,4,28,21,0,0,3080,162,0,7,0,1025,123,0,14,0,526,0,0,10,0,269,0,0,0,0,152,296,0,34,0,0,30,5,17,0,0,0,0,0,0
5,11,0,7,4,5,0,1.002532,0.966442,1.006664,6,1,459,100,100,0,0,0,0,-2,16,20,1,40,5,7,3,0,0,3040,186,0,1,0,1025,97,0,2,0,499,1,0,2,0,272,0,0,0,0,162,326,0,5,0,0,21,1,1,0,0,1,1,0,0
5,11,1,26,4,5,0,0.992289,1.0006,1.003371,23,1,459,100,100,0,0,0,-2,0,20,14,1,40,5,23,15,0,0,3040,191,0,5,0,1025,129,0,10,0,499,1,0,18,0,272,0,0,0,0,162,320,0,25,0,0,32,9,1,0,0,1,1,0,0
5,11,2,28,4,5,0,0.994268,0.989914,0.994897,25,1,459,100,100,0,0,0,16,20,0,6,1,40,5,37,21,0,0,3040,228,0,7,0,1025,133,0,14,0,499,0,0,10,0,272,0,0,0,0,162,275,0,19,0,0,27,5,1,0,0,1,1,0,0
5,11,3,30,4,5,0,1.014072,0.978985,1.01583,26,1,459,100,100,0,0,0,20,14,6,0,1,40,5,30,21,0,0,3040,190,0,7,0,1025,130,0,14,0,499,1,0,14,0,272,0,0,0,0,162,297,0,23,0,0,36,7,1,0,0,1,1,0,0
5,12,0,7,6,4,0,1.00569,0.975335,1.008262,6,1,459,100,100,0,0,0,0,-2,18,22,1,40,6,8,3,0,0,3072,178,0,1,0,1028,98,0,2,0,509,0,0,4,0,272,0,0,0,0,164,341,0,5,0,0,23,2,0,0,0,0,0,0,0
5,12,1,26,6,4,0,0.993249,0.999807,1.006721,22,1,459,100,100,0,0,0,-2,0,20,16,1,40,6,22,15,0,0,3072,224,0,5,0,1028,134,0,10,0,509,1,0,14,0,272,0,0,0,0,164,314,0,21,0,0,38,7,1,0,0,1,1,0,0
5,12,2,29,6,4,0,0.997482,0.989665,0.998256,26,1,459,100,100,0,0,0,18,20,0,6,1,40,6,36,21,0,0,3072,193,0,7,0,1028,140,0,14,0,509,0,0,8,0,272,0,0,0,0,164,321,0,17,0,0,30,4,1,0,0,1,1,0,0
5,12,3,31,6,4,0,1.012137,0.979519,1.015633,27,1,459,100,100,0,0,0,22,16,6,0,1,40,6,29,21,0,0,3072,217,0,7,0,1028,137,0,14,0,509,0,0,8,0,272,0,0,0,0,164,307,0,17,0,0,39,4,1,0,0,1,1,0,0
5,13,0,8,3,3,0,0.997536,0.987348,1.004786,6,1,459,100,100,0,0,0,0,-2,20,22,2,40,4,9,3,0,0,3120,170,0,1,0,1028,99,0,2,0,525,0,0,2,0,258,0,0,1,0,141,370,4,5,0,0,23,1,1,0,0,1,1,0,0
5,13,1,24,3,3,0,0.986842,1.003105,1.000118,21,1,459,100,100,0,0,0,-2,0,20,16,1,40,4,20,15,0,0,3120,193,0,5,0,1028,139,0,10,0,525,0,0,6,0,258,0,0,4,0,141,366,16,15,0,0,39,3,2,0,0,2,2,0,0
5,13,2,30,3,3,0,0.999041,0.989354,0.998748,27,1,459,100,100,0,0,0,20,20,0,6,2,40,4,34,21,0,0,3120,237,0,7,0,1028,147,0,14,0,525,1,0,4,0,258,0,0,4,0,141,348,16,13,0,0,31,2,1,0,0,1,1,0,0
5,13,3,31,3,3,0,1.010648,0.979073,1.018458,27,1,459,100,100,0,0,0,22,16,6,0,1,40,4,30,21,0,0,3120,179,0,7,0,1028,144,0,14,0,525,1,0,6,0,258,0,0,5,0,141,358,20,17,0,0,40,3,2,0,0,2,2,0,0
5,14,0,8,5,3,0,0.997536,0.987348,1.004786,7,1,459,100,100,0,0,0,0,-2,22,24,2,40,13,8,3,0,0,3123,177,0,1,0,1028,100,0,2,0,505,1,0,2,0,272,0,0,0,0,103,387,0,5,0,0,23,1,1,0,0,1,1,0,0
5,14,1,24,5,3,0,0.988093,1.002059,0.996824,22,2,584,100,100,0,0,0,-2,0,22,18,1,40,13,21,15,0,0,3123,164,0,5,0,1028,144,0,10,0,505,0,0,6,0,272,0,0,0,0,103,409,0,30,0,0,24,3,18,0,0,1,1,0,0
5,14,2,30,5,3,0,1.004113,0.994348,0.999635,27,2,584,100,100,0,0,0,22,22,0,6,2,40,13,31,21,0,0,3123,200,0,7,0,1028,154,0,14,0,505,0,0,10,0,272,0,0,0,0,103,387,0,36,0,0,18,5,18,0,0,1,1,0,0
5,14,3,33,5,3,0,1.012708,0.982291,1.013594,29,1,459,100,100,0,0,0,24,18,6,0,1,40,13,29,21,0,0,3123,202,0,7,0,1028,151,0,14,0,505,1,0,18,0,272,0,0,0,0,103,358,0,27,0,0,48,9,1,0,0,1,1,0,0
5,15,0,10,6,0,0,0.996106,1.000497,0.997563,8,2,584,100,100,0,0,0,0,-2,24,26,2,40,8,8,3,0,0,3136,168,0,1,0,1025,101,0,2,0,517,0,0,2,0,272,0,0,0,0,149,400,0,20,0,0,7,1,17,0,0,0,0,0,0
5,15,1,24,6,0,0,0.988093,1.002059,0.996824,23,2,584,100,100,0,0,0,-2,0,24,20,2,40,8,19,15,0,0,3136,199,0,5,0,1025,149,0,10,0,517,1,0,8,0,272,0,0,0,0,149,411,0,15,0,0,27,4,1,0,0,1,1,0,0
5,15,2,32,6,0,0,1.006096,0.994169,1.001887,28,2,584,100,100,0,0,0,24,24,0,6,2,40,8,31,21,0,0,3136,163,0,7,0,1025,161,0,14,0,517,1,0,6,0,272,0,0,0,0,149,423,0,15,0,0,20,3,1,0,0,1,1,0,0
5,15,3,35,6,0,0,1.01765,0.981538,1.01686,30,1,459,100,100,0,0,0,26,20,6,0,2,40,8,31,24,0,0,3136,161,0,8,0,1025,159,0,16,0,517,1,0,10,0,272,0,0,0,0,149,386,0,22,0,0,51,5,2,0,0,2,2,0,0
5,16,0,11,3,3,0,0.997527,0.995283,0.999458,8,2,584,100,100,0,0,0,0,-2,26,28,2,40,6,7,3,0,0,2992,189,0,1,0,1025,102,0,2,0,544,0,0,0,0,251,0,0,2,0,162,414,8,3,0,0,6,0,1,0,0,1,1,0,0
5,16,1,24,3,3,0,0.98572,1.002632,0.98694,23,3,709,100,100,0,0,0,-2,0,26,22,2,40,6,18,15,0,0,2992,170,0,5,0,1025,154,0,10,0,544,1,0,0,0,251,0,0,6,0,162,488,24,22,0,0,10,0,17,0,0,0,0,0,0
5,16,2,31,3,3,0,1.004033,0.99016,0.997042,28,2,584,100,100,0,0,0,26,26,0,6,2,40,6,27,21,0,0,2992,220,0,7,0,1025,168,0,14,0,544,1,0,0,0,251,0,0,4,0,162,454,16,9,0,0,19,0,1,0,0,1,1,0,0
5,16,3,35,3,3,0,1.01765,0.981538,1.01686,32,2,584,100,100,0,0,0,28,22,6,0,2,40,6,33,27,0,0,2992,197,0,9,0,1025,165,0,18,0,544,1,0,0,0,251,0,0,9,0,162,419,36,30,0,0,32,0,19,0,0,2,2,0,0
5,17,0,10,3,7,0,1.00796,0.978698,0.995066,7,2,584,100,100,0,0,0,0,-2,28,30,2,40,3,7,3,0,0,3064,177,0,1,0,1025,103,0,2,0,541,0,0,2,0,242,0,0,3,0,137,451,12,5,0,0,6,1,1,0,0,1,1,0,0
5,17,1,21,3,7,0,0.984479,1.003028,0.991257,21,3,709,100,100,0,0,0,-2,0,28,24,2,40,3,14,12,0,0,3064,206,0,4,0,1025,158,0,8,0,541,0,0,2,0,242,0,0,9,0,137,535,36,6,0,0,11,1,0,0,0,0,0,0,0
5,17,2,31,3,7,0,1.005456,0.991596,0.995852,28,3,709,100,100,0,0,0,28,28,0,6,2,40,3,28,21,0,0,3064,182,0,7,0,1025,175,0,14,0,541,1,0,0,0,242,0,0,9,0,137,539,36,26,0,0,1,0,18,0,0,1,1,0,0
5,17,3,35,3,7,0,1.017937,0.980635,1.016241,33,2,584,100,100,0,0,0,30,24,6,0,2,40,3,32,24,0,0,3064,226,0,8,0,1025,173,0,16,0,541,1,0,0,0,242,0,0,9,0,137,480,36,10,0,0,31,0,1,0,0,1,1,0,0
5,18,0,10,2,0,0,1.00796,0.978698,0.995066,8,2,584,100,100,0,0,0,0,-2,28,32,2,40,4,6,3,0,0,3112,166,0,1,0,1037,104,0,2,0,539,1,0,2,0,230,1,0,5,0,298,466,20,5,0,0,6,1,1,0,0,1,1,0,0
5,18,1,21,2,0,0,0.984479,1.003028,0.991257,21,3,709,100,100,0,0,0,-2,0,30,26,2,40,4,15,12,0,0,3112,181,0,4,0,1037,162,0,8,0,539,0,0,2,0,230,0,0,6,0,298,554,24,6,0,0,12,1,0,0,0,0,0,0,0
5,18,2,31,2,0,0,1.005456,0.991596,0.995852,29,3,709,100,100,0,0,0,28,30,0,8,2,40,4,27,21,0,0,3112,232,0,7,0,1037,176,0,14,0,539,1,0,0,0,230,0,0,9,0,298,567,36,9,0,0,0,0,1,0,0,1,1,0,0
5,18,3,37,2,0,0,1.014672,0.981709,1.015848,34,3,709,100,100,0,0,0,32,26,8,0,2,40,4,32,24,0,0,3112,183,0,8,0,1037,178,0,16,0,539,1,0,0,0,230,1,0,20,0,298,533,80,27,0,0,13,0,18,0,0,1,1,0,0
5,19,0,9,3,7,0,1.005945,0.97835,1.000479,9,2,584,100,100,0,0,0,0,-2,28,32,2,40,3,6,3,0,0,3048,179,0,1,0,1028,105,0,2,0,499,0,0,10,0,269,0,0,1,0,211,465,4,11,0,0,11,5,0,0,0,0,0,0,0
5,19,1,19,3,7,0,0.990155,0.999531,0.991034,18,3,709,100,100,0,0,0,-2,0,32,28,2,40,3,17,12,0,0,3048,212,0,4,0,1028,166,0,8,0,499,1,0,8,0,269,0,0,3,0,211,563,12,12,0,0,16,4,0,0,0,0,0,0,0
5,19,2,31,3,7,0,1.001789,0.991395,0.998054,29,3,709,100,100,0,0,0,28,32,0,10,2,40,3,27,21,0,0,3048,194,0,7,0,1028,183,0,14,0,499,1,0,6,0,269,0,0,0,0,211,595,0,15,0,0,2,3,1,0,0,1,1,0,0
5,19,3,36,3,7,0,1.016317,0.981328,1.019334,33,3,709,100,100,0,0,0,32,28,10,0,2,40,3,34,27,0,0,3048,209,0,9,0,1028,184,0,18,0,499,1,0,12,0,269,0,0,1,0,211,545,4,23,0,0,18,6,1,0,0,1,1,0,0
5,20,0,9,2,9,0,1.015462,0.978304,1.003309,8,2,584,100,100,0,0,0,0,-2,28,34,2,40,11,6,3,0,0,3108,169,0,1,0,1022,106,0,2,0,544,0,0,0,0,233,1,0,5,0,104,514,20,1,0,0,11,0,0,0,0,0,0,0,0
5,20,1,18,2,9,0,0.990267,1.001177,0.987662,17,3,709,100,100,0,0,0,-2,0,34,30,2,40,11,13,9,0,0,3108,190,0,3,0,1022,169,0,6,0,544,1,0,0,0,233,1,0,11,0,104,668,44,5,0,0,15,0,1,0,0,1,1,0,0
5,20,2,30,2,9,0,1.005616,0.984917,0.99959,28,3,709,100,100,0,0,0,28,34,0,12,2,40,11,27,21,0,0,3108,248,0,7,0,1022,190,0,14,0,544,1,0,0,0,233,0,0,6,0,104,635,24,9,0,0,1,0,1,0,0,1,1,0,0
5,20,3,31,2,9,0,1.022311,0.979533,1.021743,29,4,834,100,100,0,0,0,34,30,12,0,2,40,11,26,21,0,0,3108,166,0,7,0,1022,191,0,14,0,544,1,0,0,0,233,0,0,12,0,104,635,48,26,0,0,0,0,18,0,0,1,1,0,0
5,21,0,9,4,4,0,1.015462,0.978304,1.003309,8,2,584,100,100,0,0,0,0,-2,30,36,2,40,10,5,3,0,0,3104,191,0,1,0,1037,107,0,2,0,511,1,0,2,0,272,0,0,1,0,137,519,4,5,0,0,11,1,1,0,0,1,1,0,0
5,21,1,17,4,4,0,0.987935,1.003751,0.979272,16,4,834,100,100,0,0,0,-2,0,36,30,2,40,10,12,9,0,0,3104,169,0,3,0,1037,172,0,6,0,511,1,0,12,0,272,0,0,1,0,137,677,4,32,0,0,4,6,17,0,0,0,0,0,0
5,21,2,31,4,4,0,1.004521,0.978568,0.999053,28,3,709,100,100,0,0,0,30,36,0,12,2,40,10,27,21,0,0,3104,211,0,7,0,1037,197,0,14,0,511,1,0,6,0,272,0,0,0,0,137,694,0,15,0,0,3,3,1,0,0,1,1,0,0
5,21,3,31,4,4,0,1.024156,0.981774,1.019735,29,4,834,100,100,0,0,0,36,30,12,0,2,40,10,24,18,0,0,3104,193,0,6,0,1037,197,0,12,0,511,1,0,12,0,272,0,0,0,0,137,645,0,20,0,0,5,6,1,0,0,1,1,0,0
5,22,0,7,7,12,0,1.015309,0.988977,0.996535,6,2,584,100,100,0,0,0,0,-2,32,38,2,40,6,6,3,0,0,3088,181,0,1,0,1040,108,0,2,0,514,0,0,4,0,269,0,0,0,0,183,545,0,5,0,0,13,2,0,0,0,0,0,0,0
5,22,1,16,7,12,0,0.97771,0.990955,0.987103,14,4,834,100,100,0,0,0,-2,0,38,32,2,40,6,13,9,0,0,3088,197,0,3,0,1040,175,0,6,0,514,1,0,10,0,269,0,0,2,0,183,675,8,13,0,0,9,5,0,0,0,0,0,0,0
5,22,2,32,7,12,0,1.00666,0.979423,0.999693,29,3,709,100,100,0,0,0,32,38,0,12,2,40,6,27,21,0,0,3088,173,0,7,0,1040,204,0,14,0,514,1,0,6,0,269,0,0,0,0,183,694,0,15,0,0,5,3,1,0,0,1,1,0,0
5,22,3,28,7,12,0,1.024677,0.975423,1.027299,26,4,834,100,100,0,0,0,38,32,12,0,2,40,6,25,15,0,0,3088,221,0,5,0,1040,202,0,10,0,514,0,0,12,0,269,0,0,1,0,183,659,4,17,0,0,11,6,0,0,0,0,0,0,0
5,23,0,7,1,3,0,1.015309,0.988977,0.996535,6,2,584,100,100,0,0,0,0,-2,34,38,2,40,8,5,3,0,0,3096,173,0,1,0,1037,109,0,2,0,512,1,0,2,0,272,0,0,0,0,274,542,0,5,0,0,13,1,1,0,0,1,1,0,0
5,23,1,16,1,3,0,0.977001,0.997307,0.985788,14,4,834,100,100,0,0,0,-2,0,40,34,2,40,8,13,9,0,0,3096,178,0,3,0,1037,178,0,6,0,512,0,0,12,0,272,0,0,0,0,274,666,0,17,0,0,14,6,1,0,0,1,1,0,0
5,23,2,31,1,3,0,1.007576,0.978374,1.000058,30,3,709,100,100,0,0,0,34,40,0,12,2,40,8,26,21,0,0,3096,238,0,7,0,1037,211,0,14,0,512,1,0,6,0,272,0,0,0,0,274,683,0,15,0,0,7,3,1,0,0,1,1,0,0
5,23,3,27,1,3,0,1.026421,0.976367,1.026628,25,4,834,100,100,0,0,0,38,34,12,0,2,40,8,20,15,0,0,3096,188,0,5,0,1037,207,0,10,0,512,0,0,12,0,272,0,0,0,0,274,652,0,19,0,0,16,6,1,0,0,1,1,0,0
5,24,0,7,1,6,0,1.015309,0.988977,0.996535,7,2,584,100,100,0,0,0,0,-2,34,40,2,40,5,6,3,0,0,3072,197,0,1,0,1043,110,0,2,0,515,0,0,4,0,272,0,0,0,0,199,540,0,5,0,0,15,2,0,0,0,0,0,0,0
5,24,1,15,1,6,0,0.982181,0.992474,0.985004,14,4,834,100,100,0,0,0,-2,0,42,36,2,40,5,15,9,0,0,3072,207,0,3,0,1043,181,0,6,0,515,1,0,10,0,272,0,0,0,0,199,657,0,15,0,0,18,5,1,0,0,1,1,0,0
5,24,2,29,1,6,0,1.006192,0.976952,1.002751,29,3,709,100,100,0,0,0,34,42,0,12,2,40,5,26,21,0,0,3072,200,0,7,0,1043,215,0,14,0,515,0,0,4,0,272,0,0,0,0,199,698,0,11,0,0,9,2,0,0,0,0,0,0,0
5,24,3,25,1,6,0,1.017663,0.981493,1.029493,23,4,834,100,100,0,0,0,40,36,12,0,2,40,5,22,15,0,0,3072,204,0,5,0,1043,212,0,10,0,515,1,0,8,0,272,0,0,0,0,199,658,0,15,0,0,19,4,1,0,0,1,1,0,0
5,25,0,6,2,6,0,1.003263,0.981431,1.003701,6,2,584,100,100,0,0,0,0,-2,36,40,2,40,12,5,3,0,0,3200,189,0,1,0,1043,111,0,2,0,525,0,0,0,0,272,0,0,0,0,83,566,0,1,0,0,15,0,0,0,0,0,0,0,0
5,25,1,15,2,6,0,0.982181,1.000493,0.977823,14,4,834,100,100,0,0,0,-2,0,42,36,2,40,12,10,6,0,0,3200,190,0,2,0,1043,183,0,4,0,525,0,0,10,0,272,0,0,0,0,83,695,0,12,0,0,23,5,0,0,0,0,0,0,0
5,25,2,27,2,6,0,1.00091,0.978522,0.998694,26,3,709,100,100,0,0,0,36,42,0,12,2,40,12,20,15,0,0,3200,166,0,5,0,1043,220,0,10,0,525,1,0,2,0,272,0,0,0,0,83,702,0,7,0,0,10,1,0,0,0,0,0,0,0
5,25,3,24,2,6,0,1.017384,0.983865,1.030781,23,4,834,100,100,0,0,0,40,36,12,0,2,40,12,18,12,0,0,3200,175,0,4,0,1043,216,0,8,0,525,0,0,8,0,272,0,0,0,0,83,701,0,14,0,0,22,4,1,0,0,1,1,0,0
5,26,0,6,2,4,0,1.003263,0.981431,1.003701,6,2,584,100,100,0,0,0,0,-2,36,42,2,40,4,5,3,0,0,3087,182,0,1,0,1052,112,0,2,0,535,0,0,0,0,271,0,0,0,0,167,583,0,1,0,0,15,0,0,0,0,0,0,0,0
5,26,1,14,2,4,0,0.979169,0.997324,0.984033,14,5,959,100,100,0,0,0,-2,0,44,36,2,40,4,7,6,0,0,3087,173,0,2,0,1052,185,0,4,0,535,0,0,2,0,271,0,0,1,0,167,728,4,21,0,0,7,1,17,0,0,0,0,0,0
5,26,2,27,2,4,0,1.001309,0.977951,1.002993,25,3,709,100,100,0,0,0,36,44,0,12,2,40,4,20,15,0,0,3087,207,0,5,0,1052,225,0,10,0,535,0,0,4,0,271,0,0,0,0,167,698,0,11,0,0,11,2,1,0,0,1,1,0,0
5,26,3,23,2,4,0,1.020134,0.977433,1.023643,22,5,959,100,100,0,0,0,42,36,12,0,2,40,4,19,12,0,0,3087,187,0,4,0,1052,220,0,8,0,535,0,0,4,0,271,0,0,0,0,167,700,0,25,0,0,7,2,17,0,0,0,0,0,0
5,27,0,7,3,7,0,1.001295,0.975427,1.01648,6,2,584,100,100,0,0,0,0,-2,36,42,2,40,6,6,3,0,0,3120,175,0,1,0,1052,113,0,2,0,544,0,0,0,0,255,0,0,3,0,177,583,12,1,0,0,15,0,0,0,0,0,0,0,0
5,27,1,11,3,7,0,0.983865,0.99028,0.96934,10,5,959,100,100,0,0,0,-2,0,46,38,2,40,6,7,6,0,0,3120,189,0,2,0,1052,187,0,4,0,544,0,0,0,0,255,1,0,5,0,177,749,20,2,0,0,7,0,0,0,0,0,0,0,0
5,27,2,26,3,7,0,0.999658,0.977859,1.002608,25,3,709,100,100,0,0,0,36,46,0,12,2,40,6,23,15,0,0,3120,175,0,5,0,1052,230,0,10,0,544,0,0,0,0,255,0,0,1,0,177,702,4,7,0,0,10,0,1,0,0,1,1,0,0
5,27,3,22,3,7,0,1.021113,0.976028,1.026736,20,5,959,100,100,0,0,0,42,38,12,0,2,40,6,19,12,0,0,3120,208,0,4,0,1052,224,0,8,0,544,0,0,0,0,255,0,0,7,0,177,743,28,6,0,0,6,0,1,0,0,1,1,0,0
5,28,0,7,2,2,0,1.001295,0.975427,1.01648,6,2,584,100,100,0,0,0,0,-2,38,44,2,40,9,7,3,0,0,3112,167,0,1,0,1049,114,0,2,0,523,0,0,0,0,269,0,0,3,0,133,581,12,3,0,0,14,0,1,0,0,1,1,0,0
5,28,1,11,2,2,0,0.973357,0.985618,0.962921,9,5,959,100,100,0,0,0,-2,0,48,38,2,40,9,10,6,0,0,3112,176,0,2,0,1049,189,0,4,0,523,0,0,6,0,269,0,0,1,0,133,786,4,10,0,0,9,3,1,0,0,1,1,0,0
5,28,2,25,2,2,0,0.997823,0.979808,1.002884,25,3,709,100,100,0,0,0,38,48,0,12,2,40,9,22,15,0,0,3112,224,0,5,0,1049,235,0,10,0,523,1,0,2,0,269,0,0,0,0,133,702,0,7,0,0,11,1,0,0,0,0,0,0,0
5,28,3,23,2,2,0,1.022685,0.975701,1.029615,21,5,959,100,100,0,0,0,44,38,12,0,2,40,9,20,15,0,0,3112,181,0,5,0,1049,229,0,10,0,523,0,0,12,0,269,0,0,0,0,133,785,0,19,0,0,11,6,1,0,0,1,1,0,0
5,29,0,7,1,1,0,1.001295,0.975427,1.01648,7,2,584,100,100,0,0,0,0,-2,40,44,2,40,6,7,3,0,0,3080,191,0,1,0,1052,115,0,2,0,515,1,0,2,0,272,0,0,0,0,195,581,0,3,0,0,15,1,0,0,0,0,0,0,0
5,29,1,11,1,1,0,0.973357,0.985618,0.962921,10,5,959,100,100,0,0,0,-2,0,50,40,2,40,6,11,6,0,0,3080,203,0,2,0,1052,191,0,4,0,515,1,0,8,0,272,0,0,0,0,195,777,0,12,0,0,12,4,1,0,0,1,1,0,0
5,29,2,26,1,1,0,0.995632,0.975797,1.002633,25,3,709,100,100,0,0,0,40,50,0,12,2,40,6,19,15,0,0,3080,194,0,5,0,1052,240,0,10,0,515,0,0,6,0,272,0,0,0,0,195,698,0,11,0,0,14,3,0,0,0,0,0,0,0
5,29,3,22,1,1,0,1.022466,0.977289,1.027672,21,5,959,100,100,0,0,0,44,40,12,0,2,40,6,22,15,0,0,3080,201,0,5,0,1052,231,0,10,0,515,0,0,12,0,272,0,0,0,0,195,787,0,19,0,0,16,6,1,0,0,1,1,0,0
5,30,0,5,1,7,0,0.998055,0.974959,1.036781,5,2,584,100,100,0,0,0,0,-2,40,44,2,40,15,4,3,0,0,3200,183,0,1,0,1049,116,0,2,0,538,1,0,0,0,269,0,0,0,0,161,583,0,1,0,0,15,0,0,0,0,0,0,0,0
5,30,1,8,1,7,0,0.97779,0.978501,0.971483,8,5,959,100,100,0,0,0,-2,0,50,40,2,40,15,7,3,0,0,3200,191,0,1,0,1049,192,0,2,0,538,0,0,2,0,269,0,0,0,0,161,793,0,3,0,0,13,1,0,0,0,0,0,0,0
5,30,2,24,1,7,0,0.994237,0.982403,0.99912,24,3,709,100,100,0,0,0,40,50,0,12,2,40,15,20,15,0,0,3200,163,0,5,0,1049,245,0,10,0,538,0,0,0,0,269,0,0,1,0,161,704,4,5,0,0,14,0,0,0,0,0,0,0,0
5,30,3,23,1,7,0,1.025863,0.97377,1.029544,22,5,959,100,100,0,0,0,44,40,12,0,2,40,15,23,15,0,0,3200,174,0,5,0,1049,236,0,10,0,538,1,0,0,0,269,0,0,2,0,161,829,8,5,0,0,16,0,0,0,0,0,0,0,0
5,31,0,5,3,3,0,0.998055,0.974959,1.036781,5,2,584,100,100,0,0,0,0,-2,40,46,2,40,12,6,3,0,0,3072,177,0,1,0,1052,117,0,2,0,544,1,0,0,0,260,0,0,0,0,190,583,0,1,0,0,15,0,0,0,0,0,0,0,0
5,31,1,9,3,3,0,0.974036,0.971481,0.971745,8,5,959,100,100,0,0,0,-2,0,52,40,2,40,12,7,3,0,0,3072,182,0,1,0,1052,193,0,2,0,544,0,0,0,0,260,0,0,0,0,190,834,0,1,0,0,13,0,0,0,0,0,0,0,0
5,31,2,26,3,3,0,0.99609,0.984362,1.000623,24,3,709,100,100,0,0,0,40,52,0,12,2,40,12,20,15,0,0,3072,214,0,5,0,1052,250,0,10,0,544,0,0,0,0,260,0,0,3,0,190,704,12,5,0,0,14,0,0,0,0,0,0,0,0
5,31,3,20,3,3,0,1.034045,0.970336,1.034695,19,5,959,100,100,0,0,0,46,40,12,0,2,40,12,21,12,0,0,3072,179,0,4,0,1052,240,0,8,0,544,1,0,0,0,260,0,0,9,0,190,880,36,6,0,0,15,0,1,0,0,1,1,0,0
5,32,0,5,5,4,0,0.998055,0.974959,1.036781,5,2,584,100,100,0,0,0,0,-2,42,46,2,40,12,7,3,0,0,3168,171,0,1,0,1055,118,0,2,0,539,1,0,0,0,254,0,0,0,0,122,583,0,1,0,0,15,0,0,0,0,0,0,0,0
5,32,1,9,5,4,0,0.974036,0.971481,0.971745,8,5,959,100,100,0,0,0,-2,0,54,40,2,40,12,6,3,0,0,3168,172,0,1,0,1055,194,0,2,0,539,0,0,0,0,254,0,0,3,0,122,893,12,3,0,0,12,0,1,0,0,1,1,0,0
5,32,2,26,5,4,0,0.991823,0.979245,0.998358,23,3,709,100,100,0,0,0,42,54,0,12,2,40,12,21,15,0,0,3168,183,0,5,0,1055,255,0,10,0,539,0,0,0,0,254,0,0,6,0,122,702,24,7,0,0,13,0,1,0,0,1,1,0,0
5,32,3,21,5,4,0,1.039806,0.965987,1.040475,18,5,959,100,100,0,0,0,46,40,12,0,2,40,12,21,12,0,0,3168,187,0,4,0,1055,244,0,8,0,539,1,0,0,0,254,0,0,9,0,122,933,36,4,0,0,15,0,0,0,0,0,0,0,0
5,33,0,5,1,3,0,0.998055,0.974959,1.036781,5,2,584,100,100,0,0,0,0,-2,44,48,2,40,3,8,3,0,0,3016,189,0,1,0,1052,119,0,2,0,540,1,0,0,0,258,0,0,0,0,249,583,0,1,0,0,15,0,0,0,0,0,0,0,0
5,33,1,9,1,3,0,0.974036,0.971481,0.971745,9,5,959,100,100,0,0,0,-2,0,56,42,2,40,3,6,3,0,0,3016,210,0,1,0,1052,195,0,2,0,540,1,0,0,0,258,0,0,2,0,249,903,8,1,0,0,12,0,0,0,0,0,0,0,0
5,33,2,23,1,3,0,0.986654,0.978021,0.994078,21,3,709,100,100,0,0,0,44,56,0,12,2,40,3,25,18,0,0,3016,223,0,6,0,1052,261,0,12,0,540,0,0,0,0,258,0,0,3,0,249,701,12,8,0,0,12,0,1,0,0,1,1,0,0
5,33,3,22,1,3,0,1.041745,0.972837,1.036186,18,5,959,100,100,0,0,0,48,42,12,0,2,40,3,21,12,0,0,3016,202,0,4,0,1052,248,0,8,0,540,0,0,4,0,258,0,0,9,0,249,951,36,12,0,0,15,2,2,0,0,2,2,0,0
5,34,0,5,3,1,0,0.998055,0.974959,1.036781,5,2,584,100,100,0,0,0,0,-2,44,50,2,40,19,9,3,0,0,3200,183,0,1,0,1052,120,0,2,0,542,1,0,0,0,254,0,0,0,0,189,583,0,1,0,0,15,0,0,0,0,0,0,0,0
5,34,1,8,3,1,0,0.984605,0.971239,0.968748,8,5,959,100,100,0,0,0,-2,0,58,42,2,40,19,5,3,0,0,3200,200,0,1,0,1052,196,0,2,0,542,1,0,0,0,254,0,0,3,0,189,942,12,1,0,0,12,0,0,0,0,0,0,0,0
5,34,2,25,3,1,0,0.991752,0.976576,0.994877,22,3,709,100,100,0,0,0,44,58,0,12,2,40,19,27,18,0,0,3200,194,0,6,0,1052,267,0,12,0,542,0,0,2,0,254,0,0,3,0,189,701,12,10,0,0,12,1,1,0,0,1,1,0,0
5,34,3,23,3,1,0,1.043875,0.971688,1.037721,20,5,959,100,100,0,0,0,50,42,12,0,2,40,19,17,12,0,0,3200,176,0,4,0,1052,252,0,8,0,542,0,0,0,0,254,0,0,12,0,189,953,48,6,0,0,14,0,1,0,0,1,1,0,0
5,35,0,4,4,4,0,1.000197,0.983849,1.022687,4,2,584,100,100,0,0,0,0,-2,46,50,2,40,8,10,3,0,0,3160,177,0,1,0,1049,121,0,2,0,529,1,0,0,0,267,0,0,0,0,142,583,0,1,0,0,15,0,0,0,0,0,0,0,0
5,35,1,9,4,4,0,0.988396,0.972578,0.961684,8,5,959,100,100,0,0,0,-2,0,60,44,2,40,8,8,3,0,0,3160,191,0,1,0,1049,197,0,2,0,529,0,0,4,0,267,0,0,0,0,142,954,0,5,0,0,14,2,0,0,0,0,0,0,0
5,35,2,27,4,4,0,0.992782,0.974479,0.998151,23,3,709,100,100,0,0,0,46,60,0,12,2,40,8,33,21,0,0,3160,162,0,7,0,1049,274,0,14,0,529,0,0,6,0,267,0,0,0,0,142,694,0,15,0,0,14,3,1,0,0,1,1,0,0
5,35,3,21,4,4,0,1.037202,0.976245,1.034672,18,5,959,100,100,0,0,0,50,44,12,0,2,40,8,18,12,0,0,3160,181,0,4,0,1049,256,0,8,0,529,0,0,6,0,267,0,0,5,0,142,953,20,12,0,0,16,3,1,0,0,1,1,0,0
5,36,0,4,4,2,0,1.000197,0.983849,1.022687,4,2,584,100,100,0,0,0,0,-2,46,52,2,40,8,12,3,0,0,3104,172,0,1,0,1043,122,0,2,0,544,1,0,0,0,248,0,0,0,0,181,583,0,1,0,0,15,0,0,0,0,0,0,0,0
5,36,1,8,4,2,0,0.98187,0.964474,0.957105,7,5,959,100,100,0,0,0,-2,0,62,46,2,40,8,3,0,0,0,3104,182,0,0,0,1043,197,0,0,0,544,0,0,0,0,248,0,0,3,0,181,957,12,2,0,0,13,0,1,0,0,1,1,0,0
5,36,2,28,4,2,0,0.992523,0.974995,0.997601,24,3,709,100,100,0,0,0,46,62,0,14,2,40,8,45,27,0,0,3104,198,0,9,0,1043,283,0,18,0,544,0,0,0,0,248,0,0,9,0,181,696,36,13,0,0,12,0,2,0,0,2,2,0,0
5,36,3,23,4,2,0,1.040973,0.970176,1.03886,18,5,959,100,100,0,0,0,52,46,14,0,2,40,8,22,12,0,0,3104,172,0,4,0,1043,260,0,8,0,544,0,0,0,0,248,0,0,12,0,181,953,48,6,0,0,15,0,1,0,0,1,1,0,0
5,37,0,4,5,4,0,1.000197,0.983849,1.022687,4,2,584,100,100,0,0,0,0,-2,46,54,2,40,8,15,3,0,0,3149,167,0,1,0,1046,123,0,2,0,529,1,0,0,0,268,0,0,0,0,163,583,0,1,0,0,15,0,0,0,0,0,0,0,0
5,37,1,5,5,4,0,0.962624,0.970681,0.942109,5,5,959,100,100,0,0,0,-2,0,64,48,2,40,8,3,0,0,0,3149,174,0,0,0,1046,197,0,0,0,529,1,0,2,0,268,0,0,0,0,163,957,0,2,0,0,14,1,0,0,0,0,0,0,0
5,37,2,31,5,4,0,0.992143,0.976951,0.997124,26,3,709,100,100,0,0,0,46,64,0,16,2,40,8,54,27,0,0,3149,161,0,9,0,1046,292,0,18,0,529,0,0,6,0,268,0,0,2,0,163,694,8,17,0,0,14,3,1,0,0,1,1,0,0
5,37,3,24,5,4,0,1.044813,0.978315,1.041062,19,5,959,100,100,0,0,0,54,48,16,0,2,40,8,23,12,0,0,3149,193,0,4,0,1046,264,0,8,0,529,0,0,6,0,268,0,0,2,0,163,947,8,14,0,0,16,3,2,0,0,2,2,0,0
5,38,0,3,2,2,0,0.995809,0.996353,0.97592,3,2,584,100,100,0,0,0,0,-2,46,54,2,40,19,12,0,0,0,3104,179,0,0,0,1043,123,0,0,0,520,1,0,0,0,272,0,0,0,0,284,583,0,0,0,0,15,0,0,0,0,0,0,0,0
5,38,1,5,2,2,0,0.962624,0.970681,0.942109,5,5,959,100,100,0,0,0,-2,0,64,50,2,40,19,2,0,0,0,3104,169,0,0,0,1043,197,0,0,0,520,1,0,2,0,272,0,0,0,0,284,957,0,2,0,0,15,1,0,0,0,0,0,0,0
5,38,2,33,2,2,0,0.994644,0.978014,1.001334,27,4,834,100,100,0,0,0,46,64,0,16,2,40,19,58,27,0,0,3104,201,0,9,0,1043,301,0,18,0,520,0,0,12,0,272,0,0,0,0,284,652,0,42,0,0,1,6,19,0,0,2,2,0,0
5,38,3,23,2,2,0,1.045176,0.975447,1.038537,20,6,1084,100,100,0,0,0,54,50,16,0,2,40,19,20,15,0,0,3104,164,0,5,0,1043,269,0,10,0,520,0,0,8,0,272,0,0,0,0,284,921,0,34,0,0,1,4,19,0,0,2,2,0,0
5,39,0,3,3,0,0,0.995809,0.996353,0.97592,3,2,584,100,100,0,0,0,0,-2,46,56,2,40,11,11,0,0,0,3143,176,0,0,0,1046,123,0,0,0,523,1,0,0,0,272,0,0,0,0,156,584,0,0,0,0,15,0,0,0,0,0,0,0,0
5,39,1,6,3,0,0,0.957145,0.971827,0.926759,5,6,1084,100,100,0,0,0,-2,0,66,50,2,40,11,4,0,0,0,3143,180,0,0,0,1046,197,0,0,0,523,0,0,4,0,272,0,0,0,0,156,938,0,21,0,0,0,2,17,0,0,0,0,0,0
5,39,2,35,3,0,0,0.993299,0.976794,0.998147,29,4,834,100,100,0,0,0,46,66,0,16,2,40,11,61,27,0,0,3143,159,0,9,0,1046,310,0,18,0,523,0,0,12,0,272,0,0,0,0,156,702,0,25,0,0,5,6,2,0,0,2,2,0,0
5,39,3,23,3,0,0,1.045176,0.975447,1.038537,22,6,1084,100,100,0,0,0,56,50,16,0,2,40,11,23,15,0,0,3143,177,0,5,0,1046,274,0,10,0,523,0,0,6,0,272,0,0,0,0,156,947,0,13,0,0,3,3,1,0,0,1,1,0,0
5,40,0,3,4,0,0,0.995809,0.996353,0.97592,3,2,584,100,100,0,0,0,0,-2,46,56,2,40,16,10,0,0,0,3040,173,0,0,0,1055,123,0,0,0,539,1,0,0,0,248,0,0,0,0,286,584,0,0,0,0,15,0,0,0,0,0,0,0,0
5,40,1,6,4,0,0,0.957145,0.971827,0.926759,5,6,1084,100,100,0,0,0,-2,0,66,50,2,40,16,1,0,0,0,3040,174,0,0,0,1055,197,0,0,0,539,0,0,0,0,248,2,0,4,0,286,961,16,0,0,0,0,0,0,0,0,0,0,0,0
5,40,2,38,4,0,0,0.991581,0.972768,1.004794,31,4,834,100,100,0,0,0,46,66,0,18,2,40,16,63,27,0,0,3040,219,0,9,0,1055,310,0,18,0,539,1,0,4,0,248,0,0,9,0,286,724,36,17,0,0,5,2,2,0,0,2,2,0,0
5,40,3,24,4,0,0,1.048482,0.974823,1.038664,23,6,1084,100,100,0,0,0,56,50,18,0,2,40,16,24,15,0,0,3040,205,0,5,0,1055,279,0,10,0,539,0,0,0,0,248,0,0,9,0,286,982,36,5,0,0,3,0,0,0,0,0,0,0,0
7,1,0,47,8,17,0,1.004232,0.992922,1.000093,0,0,334,100,100,0,0,0,0,2,2,2,0,40,4,47,39,0,0,2816,192,0,13,0,932,63,0,26,0,442,12,0,46,0,249,2,0,23,0,300,82,92,77,0,0,14,23,9,0,0,9,9,0,0
7,1,1,48,8,17,0,0.994335,0.983648,1.001779,0,0,334,100,100,0,0,0,2,0,2,2,0,40,4,47,39,0,0,2816,192,0,13,0,932,63,0,26,0,442,9,0,46,0,249,2,0,23,0,300,82,92,77,0,0,14,23,9,0,0,9,9,0,0
7,1,2,48,8,17,0,1.002421,0.985998,0.996783,0,0,334,100,100,0,0,0,2,2,0,2,0,40,4,43,36,0,0,2816,201,0,12,0,932,62,0,24,0,442,7,0,48,0,249,1,0,24,0,300,85,96,78,0,0,15,24,9,0,0,9,9,0,0
7,1,3,48,8,17,0,1.004013,0.983419,1.003821,0,0,334,100,100,0,0,0,2,2,2,0,0,40,4,48,39,0,0,2816,200,0,13,0,932,63,0,26,0,442,6,0,48,0,249,2,0,24,0,300,84,96,79,0,0,15,24,9,0,0,9,9,0,0
7,2,0,49,11,4,0,1.008005,0.998954,1.001342,8,0,334,100,100,0,0,0,0,2,4,4,0,40,1,46,36,0,0,2816,221,0,12,0,935,75,0,24,0,435,0,0,36,0,272,0,0,2,0,196,49,8,66,0,0,23,18,9,0,0,9,9,0,0
7,2,1,52,11,4,0,0.992458,0.982411,1.003641,9,0,334,100,100,0,0,0,2,0,4,4,0,40,1,52,39,0,0,2816,227,0,13,0,935,76,0,26,0,435,1,0,40,0,272,0,0,2,0,196,44,8,71,0,0,25,20,9,0,0,9,9,0,0
7,2,2,47,11,4,0,1.000354,0.984477,0.995167,9,0,334,100,100,0,0,0,4,4,0,2,0,40,1,41,36,0,0,2816,237,0,12,0,935,74,0,24,0,435,1,0,28,0,272,0,0,1,0,196,60,4,58,0,0,20,14,9,0,0,9,9,0,0
7,2,3,50,11,4,0,1.005027,0.983586,1.005014,9,0,334,100,100,0,0,0,4,4,2,0,0,40,1,46,39,0,0,2816,243,0,13,0,935,76,0,26,0,435,0,0,34,0,272,0,0,2,0,196,52,8,65,0,0,23,17,9,0,0,9,9,0,0
7,3,0,47,6,7,0,1.011649,0.998667,1.002399,16,0,334,100,100,0,0,0,0,2,6,6,0,40,0,39,33,0,0,3200,161,0,11,0,932,86,0,22,0,449,0,0,24,0,272,0,0,0,0,5,65,0,53,0,0,26,12,9,0,0,9,9,0,0
7,3,1,53,6,7,0,0.993859,0.983023,1.003786,18,0,334,100,100,0,0,0,2,0,6,6,0,40,0,52,42,0,0,3200,161,0,14,0,932,90,0,28,0,449,0,0,28,0,272,0,0,0,0,5,56,0,60,0,0,30,14,9,0,0,9,9,0,0
7,3,2,47,6,7,0,1.001606,0.979987,0.997837,18,0,334,100,100,0,0,0,6,6,0,2,0,40,0,43,36,0,0,3200,178,0,12,0,932,86,0,24,0,449,0,0,20,0,272,0,0,0,0,5,88,0,50,0,0,21,10,9,0,0,9,9,0,0
7,3,3,50,6,7,0,1.006323,0.981937,1.004487,18,0,334,100,100,0,0,0,6,6,2,0,0,40,0,49,42,0,0,3200,179,0,14,0,932,90,0,28,0,449,0,0,22,0,272,0,0,0,0,5,68,0,54,0,0,25,11,9,0,0,9,9,0,0
7,4,0,43,5,18,3,1.005685,0.997315,1.001765,24,0,334,100,100,0,0,0,0,2,4,0,0,40,0,38,30,0,0,2834,190,0,10,0,925,96,0,20,0,513,0,0,4,0,213,0,0,13,0,195,113,52,32,0,0,19,2,9,0,0,9,9,0,0
7,4,1,49,5,18,3,0.995329,0.983228,0.998724,27,0,334,100,100,0,0,0,2,0,2,2,0,40,0,41,33,0,0,2834,187,0,11,0,925,101,0,22,0,513,0,0,6,0,213,0,0,23,0,195,138,92,35,0,0,24,3,9,0,0,9,9,0,0
7,4,2,44,5,18,3,0.997771,0.980306,0.998163,25,0,334,100,100,0,0,0,4,2,0,0,0,40,0,37,30,0,0,2834,213,0,10,0,925,94,0,20,0,513,1,0,6,0,213,0,0,6,0,195,105,24,34,0,0,15,3,9,0,0,9,9,0,0
7,4,3,48,5,18,3,1.006265,0.979739,1.004282,26,0,334,100,100,0,0,0,0,2,0,0,0,40,0,43,33,0,0,2834,208,0,11,0,925,101,0,22,0,513,1,0,10,0,213,0,0,14,0,195,110,56,39,0,0,21,5,9,0,0,9,9,0,0
7,5,0,41,3,13,0,1.000814,0.9939,0.997309,32,0,334,100,100,0,0,0,0,4,6,2,0,40,0,30,24,0,0,2931,227,0,8,0,973,104,0,16,0,499,0,0,12,0,228,0,0,8,0,110,153,32,28,0,0,21,6,4,0,0,4,4,0,0
7,5,1,46,3,13,0,0.99686,0.984412,0.998443,36,0,334,100,100,0,0,0,4,0,4,4,0,40,0,37,33,0,0,2931,207,0,11,0,973,112,0,22,0,499,0,0,12,0,228,0,0,18,0,110,218,72,33,0,0,25,6,5,0,0,5,5,0,0
7,5,2,41,3,13,0,0.995392,0.982188,0.994663,34,0,334,100,100,0,0,0,6,4,0,0,0,40,0,29,24,0,0,2931,161,0,8,0,973,100,0,16,0,499,1,0,8,0,228,0,0,6,0,110,180,24,24,0,0,15,4,4,0,0,4,4,0,0
7,5,3,46,3,13,0,1.007859,0.985316,1.0015,35,0,334,100,100,0,0,0,2,4,0,0,0,40,0,40,33,0,0,2931,243,0,11,0,973,112,0,22,0,499,0,0,14,0,228,0,0,12,0,110,161,48,35,0,0,23,7,5,0,0,5,5,0,0
7,6,0,33,1,24,1,0.997478,0.992372,0.992526,32,0,334,100,100,0,0,0,0,4,6,4,0,40,0,26,21,0,0,3048,179,0,7,0,986,111,0,14,0,507,1,0,8,0,230,0,0,9,0,71,244,36,17,0,0,24,4,1,0,0,1,1,0,0
7,6,1,42,1,24,1,0.998682,0.989516,0.999502,39,0,334,100,100,0,0,0,4,0,0,6,0,40,0,38,33,0,0,3048,222,0,11,0,986,123,0,22,0,507,1,0,12,0,230,0,0,9,0,71,265,36,25,0,0,30,6,1,0,0,1,1,0,0
7,6,2,34,1,24,1,0.998017,0.990242,0.992182,33,0,334,100,100,0,0,0,6,0,0,-2,0,40,0,24,21,0,0,3048,185,0,7,0,986,107,0,14,0,507,0,0,4,0,230,0,0,9,0,71,245,36,13,0,0,16,2,1,0,0,1,1,0,0
7,6,3,42,1,24,1,1.005564,0.98291,1.001349,39,0,334,100,100,0,0,0,4,6,-2,0,0,40,0,34,27,0,0,3048,188,0,9,0,986,121,0,18,0,507,0,0,12,0,230,0,0,15,0,71,272,60,25,0,0,27,6,2,0,0,2,2,0,0
7,7,0,31,2,14,0,1.00204,0.991986,0.992881,30,0,334,100,100,0,0,0,0,4,8,6,0,40,2,28,21,0,0,2995,195,0,7,0,986,118,0,14,0,521,0,0,6,0,253,0,0,5,0,186,277,20,13,0,0,27,3,0,0,0,0,0,0,0
7,7,1,41,2,14,0,0.995369,0.985557,0.996863,39,1,459,100,100,0,0,0,4,0,2,8,0,40,2,38,33,0,0,2995,169,0,11,0,986,134,0,22,0,521,1,0,6,0,253,0,0,5,0,186,273,20,36,0,0,15,3,18,0,0,1,1,0,0
7,7,2,30,2,14,0,1.000371,0.992252,0.987563,30,0,334,100,100,0,0,0,8,2,0,0,0,40,2,25,21,0,0,2995,208,0,7,0,986,114,0,14,0,521,0,0,4,0,253,0,0,3,0,186,275,12,11,0,0,18,2,0,0,0,0,0,0,0
7,7,3,37,2,14,0,0.997971,0.985017,0.999924,36,1,459,100,100,0,0,0,6,8,0,0,0,40,2,30,27,0,0,2995,222,0,9,0,986,130,0,18,0,521,0,0,8,0,253,0,0,6,0,186,291,24,36,0,0,13,4,18,0,0,1,1,0,0
7,8,0,31,5,9,1,1.005566,0.99196,0.99326,29,1,459,100,100,0,0,0,0,4,4,6,0,40,0,28,21,0,0,3064,205,0,7,0,992,125,0,14,0,515,1,0,8,0,227,0,0,12,0,289,293,48,32,0,0,14,4,17,0,0,0,0,0,0
7,8,1,41,5,9,1,0.998856,0.983673,0.998572,39,1,459,100,100,0,0,0,4,0,0,10,0,40,0,40,33,0,0,3064,181,0,11,0,992,142,0,22,0,515,0,0,10,0,227,0,0,15,0,289,312,60,21,0,0,20,5,0,0,0,0,0,0,0
7,8,2,29,5,9,1,0.999011,1.000835,0.98774,28,1,459,100,100,0,0,0,4,0,0,-2,0,40,0,28,21,0,0,3064,171,0,7,0,992,121,0,14,0,515,1,0,2,0,227,0,0,9,0,289,293,36,26,0,0,2,1,17,0,0,0,0,0,0
7,8,3,34,5,9,1,0.996927,0.985421,0.998943,34,1,459,100,100,0,0,0,6,10,-2,0,0,40,0,28,24,0,0,3064,177,0,8,0,992,135,0,16,0,515,0,0,8,0,227,0,0,6,0,289,302,24,16,0,0,17,4,0,0,0,0,0,0,0
7,9,0,27,6,12,0,1.00859,0.982215,1.004068,25,1,459,100,100,0,0,0,0,4,6,8,0,40,1,27,21,0,0,2976,167,0,7,0,983,132,0,14,0,470,1,0,12,0,272,0,0,0,0,207,309,0,21,0,0,19,6,1,0,0,1,1,0,0
7,9,1,41,6,12,0,0.998544,0.983033,0.995256,38,1,459,100,100,0,0,0,4,0,2,12,0,40,1,40,33,0,0,2976,201,0,11,0,983,153,0,22,0,470,1,0,26,0,272,0,0,0,0,207,297,0,39,0,0,32,13,1,0,0,1,1,0,0
7,9,2,30,6,12,0,0.99907,0.997072,0.990601,27,1,459,100,100,0,0,0,6,2,0,-2,0,40,1,30,21,0,0,2976,199,0,7,0,983,128,0,14,0,470,1,0,12,0,272,0,0,0,0,207,289,0,21,0,0,7,6,1,0,0,1,1,0,0
7,9,3,31,6,12,0,0.998543,0.985902,1.009977,29,1,459,100,100,0,0,0,8,12,-2,0,0,40,1,29,21,0,0,2976,224,0,7,0,983,142,0,14,0,470,0,0,8,0,272,0,0,0,0,207,302,0,15,0,0,21,4,0,0,0,0,0,0,0
7,10,0,30,5,4,0,1.00879,0.979049,1.0094,26,1,459,100,100,0,0,0,0,4,8,10,0,40,1,30,21,0,0,3067,189,0,7,0,989,139,0,14,0,514,1,0,0,0,243,0,0,12,0,87,375,48,9,0,0,18,0,1,0,0,1,1,0,0
7,10,1,41,5,4,0,0.999775,0.982351,0.995669,39,1,459,100,100,0,0,0,4,0,4,14,0,40,1,43,33,0,0,3067,221,0,11,0,989,164,0,22,0,514,1,0,12,0,243,0,0,9,0,87,341,36,25,0,0,37,6,1,0,0,1,1,0,0
7,10,2,29,5,4,0,1.00633,0.993281,0.995619,26,1,459,100,100,0,0,0,8,4,0,-2,0,40,1,30,21,0,0,3067,162,0,7,0,989,135,0,14,0,514,0,0,10,0,243,0,0,6,0,87,365,24,19,0,0,11,5,1,0,0,1,1,0,0
7,10,3,30,5,4,0,0.998342,0.982983,1.009642,28,1,459,100,100,0,0,0,10,14,-2,0,0,40,1,32,24,0,0,3067,185,0,8,0,989,150,0,16,0,514,0,0,6,0,243,0,0,2,0,87,365,8,16,0,0,23,3,1,0,0,1,1,0,0
7,11,0,34,11,3,0,1.005335,0.983627,1.005935,27,1,459,100,100,0,0,0,0,4,10,12,0,40,0,31,21,0,0,2984,224,0,7,0,989,146,0,14,0,493,1,0,12,0,259,0,0,0,0,129,382,0,23,0,0,22,6,2,0,0,2,2,0,0
7,11,1,42,11,3,0,1.001434,0.984444,0.997949,38,2,584,100,100,0,0,0,4,0,6,16,0,40,0,42,30,0,0,2984,170,0,10,0,989,174,0,20,0,493,1,0,18,0,259,0,0,9,0,129,412,36,47,0,0,28,9,18,0,0,1,1,0,0
7,11,2,31,11,3,0,1.00577,0.994492,0.997344,27,1,459,100,100,0,0,0,10,6,0,-2,0,40,0,32,21,0,0,2984,182,0,7,0,989,142,0,14,0,493,1,0,14,0,259,0,0,3,0,129,381,12,23,0,0,17,7,1,0,0,1,1,0,0
7,11,3,31,11,3,0,1.002155,0.977142,1.016002,28,1,459,100,100,0,0,0,12,16,-2,0,0,40,0,35,24,0,0,2984,227,0,8,0,989,158,0,16,0,493,0,0,6,0,259,0,0,1,0,129,377,4,16,0,0,25,3,1,0,0,1,1,0,0
7,12,0,30,3,8,0,1.008489,0.982372,1.005015,29,2,584,100,100,0,0,0,0,4,12,12,0,40,8,28,21,0,0,3056,183,0,7,0,1022,147,0,14,0,511,1,0,0,0,240,0,0,12,0,91,433,48,26,0,0,4,0,18,0,0,1,1,0,0
7,12,1,43,3,8,0,0.999657,0.98554,0.993815,38,2,584,100,100,0,0,0,4,0,8,16,0,40,8,39,30,0,0,3056,190,0,10,0,1022,172,0,20,0,511,1,0,18,0,240,0,0,9,0,91,451,36,32,0,0,35,9,2,0,0,2,2,0,0
7,12,2,29,3,8,0,1.008597,0.99125,0.994719,26,2,584,100,100,0,0,0,12,8,0,-2,0,40,8,30,21,0,0,3056,208,0,7,0,1022,143,0,14,0,511,1,0,6,0,240,0,0,10,0,91,410,40,32,0,0,2,3,18,0,0,1,1,0,0
7,12,3,31,3,8,0,1.002155,0.977142,1.016002,29,2,584,100,100,0,0,0,12,16,-2,0,0,40,8,34,24,0,0,3056,188,0,8,0,1022,160,0,16,0,511,1,0,8,0,240,0,0,1,0,91,421,4,35,0,0,11,4,18,0,0,1,1,0,0
7,13,0,30,5,4,0,1.013212,0.984904,1.005995,29,2,584,100,100,0,0,0,0,4,14,14,0,40,0,27,21,0,0,2976,210,0,7,0,992,154,0,14,0,496,1,0,10,0,272,0,0,0,0,159,442,0,17,0,0,9,5,0,0,0,0,0,0,0
7,13,1,41,5,4,0,0.997713,0.983684,0.988248,38,2,584,100,100,0,0,0,4,0,10,18,0,40,0,38,27,0,0,2976,210,0,9,0,992,181,0,18,0,496,1,0,18,0,272,0,0,0,0,159,455,0,29,0,0,43,9,1,0,0,1,1,0,0
7,13,2,30,5,4,0,1.009254,0.993635,0.992346,27,2,584,100,100,0,0,0,14,10,0,-2,0,40,0,31,21,0,0,2976,172,0,7,0,992,150,0,14,0,496,1,0,12,0,272,0,0,0,0,159,447,0,21,0,0,7,6,1,0,0,1,1,0,0
7,13,3,33,5,4,0,1.003761,0.981251,1.015299,30,2,584,100,100,0,0,0,14,18,-2,0,0,40,0,34,24,0,0,2976,237,0,8,0,992,168,0,16,0,496,1,0,8,0,272,0,0,0,0,159,427,0,18,0,0,14,4,1,0,0,1,1,0,0
7,14,0,29,5,14,0,1.010766,0.983743,1.006816,28,2,584,100,100,0,0,0,0,6,16,16,0,40,5,28,21,0,0,3128,173,0,7,0,995,161,0,14,0,482,0,0,10,0,272,0,0,0,0,51,502,0,17,0,0,14,5,0,0,0,0,0,0,0
7,14,1,36,5,14,0,1.001188,0.982882,0.997285,34,3,709,100,100,0,0,0,6,0,12,20,1,40,5,37,27,0,0,3128,160,0,9,0,995,190,0,18,0,482,0,0,10,0,272,0,0,0,0,51,494,0,36,0,0,31,5,17,0,0,0,0,0,0
7,14,2,30,5,14,0,1.008793,0.994757,0.994327,27,2,584,100,100,0,0,0,16,12,0,-2,0,40,5,30,21,0,0,3128,199,0,7,0,995,157,0,14,0,482,0,0,16,0,272,0,0,0,0,51,446,0,25,0,0,14,8,1,0,0,1,1,0,0
7,14,3,30,5,14,0,1.001764,0.978225,1.019378,28,2,584,100,100,0,0,0,16,20,-2,0,1,40,5,29,21,0,0,3128,197,0,7,0,995,175,0,14,0,482,0,0,10,0,272,0,0,0,0,51,478,0,19,0,0,18,5,1,0,0,1,1,0,0
7,15,0,30,8,3,1,1.015402,0.982471,1.005779,28,2,584,100,100,0,0,0,0,6,18,18,0,40,5,30,21,0,0,3056,201,0,7,0,998,168,0,14,0,526,1,0,2,0,244,0,0,6,0,100,547,24,9,0,0,15,1,0,0,0,0,0,0,0
7,15,1,38,8,3,1,1.002126,0.983583,0.998783,34,3,709,100,100,0,0,0,6,0,8,20,1,40,5,38,27,0,0,3056,195,0,9,0,998,199,0,18,0,526,0,0,4,0,244,0,0,8,0,100,547,32,15,0,0,32,2,1,0,0,1,1,0,0
7,15,2,30,8,3,1,1.008457,0.996272,1.001785,27,3,709,100,100,0,0,0,18,8,0,0,0,40,5,28,21,0,0,3056,162,0,7,0,998,164,0,14,0,526,0,0,8,0,244,0,0,8,0,100,494,32,34,0,0,0,4,18,0,0,1,1,0,0
7,15,3,32,8,3,1,1.00347,0.976753,1.021147,29,3,709,100,100,0,0,0,18,20,0,0,1,40,5,27,21,0,0,3056,160,0,7,0,998,182,0,14,0,526,1,0,2,0,244,0,0,6,0,100,552,24,28,0,0,1,1,18,0,0,1,1,0,0
7,16,0,23,9,17,0,1.017745,0.983223,1.008451,19,3,709,100,100,0,0,0,0,8,20,20,2,40,1,29,21,0,0,2944,164,0,7,0,995,175,0,14,0,501,0,0,12,0,272,0,0,0,0,144,536,0,38,0,0,3,6,18,0,0,1,1,0,0
7,16,1,38,9,17,0,1.003123,0.985664,1.002469,33,3,709,100,100,0,0,0,8,0,10,22,1,40,1,30,21,0,0,2944,230,0,7,0,995,206,0,14,0,501,0,0,12,0,272,0,0,0,0,144,565,0,21,0,0,37,6,1,0,0,1,1,0,0
7,16,2,29,9,17,0,1.005321,0.997731,0.99993,27,3,709,100,100,0,0,0,20,10,0,2,1,40,1,29,21,0,0,2944,197,0,7,0,995,171,0,14,0,501,0,0,14,0,272,0,0,0,0,144,486,0,23,0,0,6,7,1,0,0,1,1,0,0
7,16,3,32,9,17,0,1.004277,0.976985,1.025277,28,3,709,100,100,0,0,0,20,22,2,0,2,40,1,29,21,0,0,2944,217,0,7,0,995,189,0,14,0,501,1,0,6,0,272,0,0,0,0,144,561,0,15,0,0,3,3,1,0,0,1,1,0,0
7,17,0,21,4,15,0,1.01441,0.983323,1.000333,18,3,709,100,100,0,0,0,0,8,22,22,2,40,4,33,21,0,0,3200,134,0,7,0,1001,182,0,14,0,523,1,0,2,0,240,0,0,9,0,115,589,36,13,0,0,2,1,2,0,0,2,2,0,0
7,17,1,31,4,15,0,1.003242,0.982998,1.001611,29,4,834,100,100,0,0,0,8,0,12,22,1,40,4,27,21,0,0,3200,185,0,7,0,1001,213,0,14,0,523,0,0,8,0,240,0,0,3,0,115,590,12,34,0,0,23,4,18,0,0,1,1,0,0
7,17,2,30,4,15,0,1.002386,1.002193,1.001268,27,3,709,100,100,0,0,0,22,12,0,2,1,40,4,26,21,0,0,3200,161,0,7,0,1001,175,0,14,0,523,1,0,0,0,240,0,0,14,0,115,583,56,9,0,0,5,0,1,0,0,1,1,0,0
7,17,3,29,4,15,0,1.009382,0.992242,1.030783,26,3,709,100,100,0,0,0,22,22,2,0,2,40,4,30,24,0,0,3200,177,0,8,0,1001,197,0,16,0,523,1,0,0,0,240,0,0,6,0,115,619,24,10,0,0,2,0,1,0,0,1,1,0,0
7,18,0,22,2,1,0,1.015185,0.980647,0.999254,20,3,709,100,100,0,0,0,0,10,24,24,2,40,4,40,21,0,0,2982,106,0,7,0,1001,189,0,14,0,523,0,0,6,0,268,0,0,0,0,189,604,0,15,0,0,4,3,1,0,0,1,1,0,0
7,18,1,30,2,1,0,1.00165,0.983165,0.999117,30,4,834,100,100,0,0,0,10,0,14,24,1,40,4,27,21,0,0,2982,201,0,7,0,1001,220,0,14,0,523,0,0,4,0,268,0,0,1,0,189,618,4,11,0,0,25,2,0,0,0,0,0,0,0
7,18,2,30,2,1,0,1.002386,1.002193,1.001268,28,3,709,100,100,0,0,0,24,14,0,2,1,40,4,28,21,0,0,2982,192,0,7,0,1001,182,0,14,0,523,0,0,10,0,268,0,0,1,0,189,593,4,19,0,0,9,5,1,0,0,1,1,0,0
7,18,3,30,2,1,0,1.009293,0.994095,1.029748,27,3,709,100,100,0,0,0,24,24,2,0,2,40,4,34,24,0,0,2982,236,0,8,0,1001,205,0,16,0,523,0,0,4,0,268,0,0,2,0,189,634,8,14,0,0,3,2,1,0,0,1,1,0,0
7,19,0,24,6,4,0,1.012183,0.985095,0.996924,21,3,709,100,100,0,0,0,0,10,26,26,2,40,3,47,21,0,0,3128,77,0,7,0,1001,196,0,14,0,501,0,0,12,0,272,0,0,0,0,141,613,0,21,0,0,9,6,1,0,0,1,1,0,0
7,19,1,30,6,4,0,1.00165,0.983165,0.999117,30,4,834,100,100,0,0,0,10,0,16,26,1,40,3,28,21,0,0,3128,164,0,7,0,1001,227,0,14,0,501,1,0,8,0,272,0,0,0,0,141,657,0,15,0,0,29,4,0,0,0,0,0,0,0
7,19,2,28,6,4,0,0.999912,0.999062,0.998788,27,3,709,100,100,0,0,0,26,16,0,2,1,40,3,30,21,0,0,3128,227,0,7,0,1001,189,0,14,0,501,0,0,12,0,272,0,0,0,0,141,595,0,19,0,0,15,6,0,0,0,0,0,0,0
7,19,3,32,6,4,0,1.014647,0.997862,1.029987,27,3,709,100,100,0,0,0,26,26,2,0,2,40,3,37,24,0,0,3128,198,0,8,0,1001,213,0,16,0,501,1,0,2,0,272,0,0,0,0,141,676,0,12,0,0,3,1,1,0,0,1,1,0,0
7,20,0,26,11,4,0,1.010928,0.990934,0.99299,21,3,709,100,100,0,0,0,0,10,28,28,2,40,3,59,27,0,0,3056,44,0,9,0,992,205,0,18,0,499,0,0,12,0,272,0,0,0,0,152,619,0,23,0,0,14,6,1,0,0,1,1,0,0
7,20,1,30,11,4,0,1.002967,0.985398,1.000713,28,4,834,100,100,0,0,0,10,0,18,28,1,40,3,30,21,0,0,3056,161,0,7,0,992,234,0,14,0,499,0,0,10,0,272,0,0,0,0,152,678,0,17,0,0,34,5,0,0,0,0,0,0,0
7,20,2,31,11,4,0,0.997824,0.998812,1.004091,27,4,834,100,100,0,0,0,28,18,0,2,1,40,3,35,24,0,0,3056,191,0,8,0,992,197,0,16,0,499,0,0,12,0,272,0,0,0,0,152,606,0,39,0,0,3,6,18,0,0,1,1,0,0
7,20,3,34,11,4,0,1.013862,0.9981,1.029189,28,3,709,100,100,0,0,0,28,28,2,0,2,40,3,37,24,0,0,3056,252,0,8,0,992,221,0,16,0,499,1,0,6,0,272,0,0,0,0,152,689,0,18,0,0,4,3,2,0,0,2,2,0,0
7,21,0,27,7,2,0,1.014384,0.989788,0.989227,22,3,709,100,100,0,0,0,0,12,32,28,2,40,1,69,27,0,0,3056,34,0,9,0,992,214,0,18,0,502,1,0,8,0,272,0,0,0,0,138,628,0,21,0,0,16,4,2,0,0,2,2,0,0
7,21,1,30,7,2,0,1.005016,0.987333,1.004428,27,4,834,100,100,0,0,0,12,0,20,30,2,40,1,31,21,0,0,3056,164,0,7,0,992,241,0,14,0,502,1,0,8,0,272,0,0,0,0,138,702,0,17,0,0,37,4,1,0,0,1,1,0,0
7,21,2,33,7,2,0,1.000805,0.99445,1.004794,27,4,834,100,100,0,0,0,32,20,0,2,2,40,1,36,21,0,0,3056,224,0,7,0,992,204,0,14,0,502,1,0,14,0,272,0,0,0,0,138,608,0,25,0,0,8,7,2,0,0,2,2,0,0
7,21,3,36,7,2,0,1.015869,0.997735,1.030086,30,3,709,100,100,0,0,0,28,30,2,0,2,40,1,36,24,0,0,3056,210,0,8,0,992,229,0,16,0,502,0,0,10,0,272,0,0,0,0,138,687,0,22,0,0,7,5,2,0,0,2,2,0,0
7,22,0,28,6,1,0,1.013319,0.990921,0.98905,24,4,834,100,100,0,0,0,0,16,38,32,2,40,4,81,30,0,0,3136,24,0,10,0,992,224,0,20,0,492,0,0,12,0,272,0,0,0,0,54,615,0,43,0,0,3,6,19,0,0,2,2,0,0
7,22,1,32,6,1,0,1.005665,0.989571,1.001875,28,5,959,100,100,0,0,0,16,0,22,32,2,40,4,32,21,0,0,3136,166,0,7,0,992,248,0,14,0,492,1,0,12,0,272,0,0,0,0,54,706,0,38,0,0,25,6,18,0,0,1,1,0,0
7,22,2,33,6,1,0,1.002983,0.998966,1.004597,28,4,834,100,100,0,0,0,38,22,0,4,2,40,4,31,21,0,0,3136,183,0,7,0,992,211,0,14,0,492,1,0,12,0,272,0,0,0,0,54,668,0,23,0,0,12,6,2,0,0,2,2,0,0
7,22,3,38,6,1,0,1.019641,0.998492,1.033811,32,3,709,100,100,0,0,0,32,32,4,0,2,40,4,34,24,0,0,3136,165,0,8,0,992,237,0,16,0,492,0,0,14,0,272,0,0,0,0,54,683,0,26,0,0,12,7,2,0,0,2,2,0,0
7,23,0,28,5,9,0,1.021306,0.991866,0.998115,24,4,834,100,100,0,0,0,0,22,44,38,3,40,2,88,30,0,0,2932,25,0,10,0,992,234,0,20,0,509,0,0,6,0,251,0,0,6,0,171,645,24,18,0,0,5,3,1,0,0,1,1,0,0
7,23,1,33,5,9,0,1.007292,0.989836,1.001397,29,5,959,100,100,0,0,0,22,0,24,34,3,40,2,29,21,0,0,2932,166,0,7,0,992,255,0,14,0,509,1,0,10,0,251,0,0,6,0,171,751,24,21,0,0,28,5,2,0,0,2,2,0,0
7,23,2,31,5,9,0,1.003145,1.000845,1.003646,28,4,834,100,100,0,0,0,44,24,0,4,2,40,2,30,21,0,0,2932,222,0,7,0,992,218,0,14,0,509,0,0,10,0,251,0,0,3,0,171,685,12,19,0,0,16,5,1,0,0,1,1,0,0
7,23,3,35,5,9,0,1.020417,0.999055,1.034559,32,3,709,100,100,0,0,0,38,34,4,0,2,40,2,30,24,0,0,2932,214,0,8,0,992,245,0,16,0,509,0,0,10,0,251,0,0,6,0,171,697,24,22,0,0,15,5,2,0,0,2,2,0,0
7,24,0,29,7,3,0,1.019576,0.99233,1.001723,25,4,834,100,100,0,0,0,0,26,50,44,3,40,0,98,30,0,0,3117,33,0,10,0,992,244,0,20,0,520,0,0,6,0,248,0,0,7,0,65,671,28,20,0,0,6,3,2,0,0,2,2,0,0
7,24,1,33,7,3,0,1.008518,0.985221,1.007829,30,5,959,100,100,0,0,0,26,0,26,36,3,40,0,29,21,0,0,3117,165,0,7,0,992,262,0,14,0,520,1,0,6,0,248,0,0,5,0,65,801,20,15,0,0,30,3,1,0,0,1,1,0,0
7,24,2,33,7,3,0,1.005071,1.002666,1.003773,28,5,959,100,100,0,0,0,50,26,0,4,2,40,0,31,21,0,0,3117,183,0,7,0,992,225,0,14,0,520,1,0,8,0,248,0,0,3,0,65,745,12,34,0,0,2,4,18,0,0,1,1,0,0
7,24,3,36,7,3,0,1.019515,0.996232,1.034589,33,3,709,100,100,0,0,0,44,36,4,0,2,40,0,30,24,0,0,3117,170,0,8,0,992,253,0,16,0,520,1,0,2,0,248,0,0,6,0,65,699,24,12,0,0,15,1,1,0,0,1,1,0,0
7,25,0,30,3,7,0,1.021308,0.995636,1.002827,27,4,834,100,100,0,0,0,0,28,54,48,3,40,7,102,30,0,0,2920,42,0,10,0,989,254,0,20,0,499,1,0,14,0,263,0,0,0,0,186,669,0,26,0,0,12,7,1,0,0,1,1,0,0
7,25,1,31,3,7,0,1.002313,0.986316,0.998345,29,6,1084,100,100,0,0,0,28,0,28,38,3,40,7,26,21,0,0,2920,165,0,7,0,989,269,0,14,0,499,0,0,10,0,263,0,0,0,0,186,807,0,36,0,0,17,5,18,0,0,1,1,0,0
7,25,2,31,3,7,0,1.004937,1.004657,1.0042,28,5,959,100,100,0,0,0,54,28,0,4,2,40,7,31,24,0,0,2920,222,0,8,0,989,233,0,16,0,499,1,0,12,0,263,0,0,3,0,186,757,12,24,0,0,6,6,2,0,0,2,2,0,0
7,25,3,35,3,7,0,1.018587,0.996949,1.036853,32,4,834,100,100,0,0,0,48,38,4,0,2,40,7,32,24,0,0,2920,230,0,8,0,989,261,0,16,0,499,0,0,10,0,263,0,0,0,0,186,672,0,37,0,0,2,5,18,0,0,1,1,0,0
7,26,0,31,3,9,0,1.021459,0.995471,0.999748,27,4,834,100,100,0,0,0,0,32,58,52,3,40,9,106,30,0,0,3104,58,0,10,0,989,264,0,20,0,506,1,0,10,0,271,0,0,0,0,100,668,0,22,0,0,16,5,1,0,0,1,1,0,0
7,26,1,27,3,9,0,0.995339,0.981495,0.994393,26,6,1084,100,100,0,0,0,32,0,30,40,3,40,9,25,18,0,0,3104,168,0,6,0,989,275,0,12,0,506,1,0,8,0,271,0,0,0,0,100,824,0,16,0,0,20,4,1,0,0,1,1,0,0
7,26,2,28,3,9,0,1.001946,1.012751,1.002616,27,5,959,100,100,0,0,0,58,30,0,6,2,40,9,31,24,0,0,3104,183,0,8,0,989,241,0,16,0,506,0,0,10,0,271,0,0,0,0,100,791,0,20,0,0,10,5,1,0,0,1,1,0,0
7,26,3,35,3,9,0,1.021434,0.997875,1.041861,33,4,834,100,100,0,0,0,52,40,6,0,2,40,9,29,24,0,0,3104,187,0,8,0,989,269,0,16,0,506,0,0,10,0,271,0,0,1,0,100,734,4,20,0,0,6,5,1,0,0,1,1,0,0
7,27,0,32,2,5,0,1.022648,0.996785,0.999396,28,4,834,100,100,0,0,0,0,34,60,56,3,40,5,112,33,0,0,2936,80,0,11,0,1015,261,0,22,0,512,1,0,10,0,272,0,0,0,0,182,664,0,25,0,0,19,5,2,0,0,2,2,0,0
7,27,1,26,2,5,0,0.998594,0.982133,0.995421,26,6,1084,100,100,0,0,0,34,0,32,42,3,40,5,25,18,0,0,2936,175,0,6,0,1015,281,0,12,0,512,1,0,6,0,272,0,0,0,0,182,848,0,12,0,0,23,3,0,0,0,0,0,0,0
7,27,2,28,2,5,0,1.005562,1.012558,1.000155,27,5,959,100,100,0,0,0,60,32,0,6,2,40,5,33,24,0,0,2936,203,0,8,0,1015,237,0,16,0,512,0,0,10,0,272,0,0,0,0,182,794,0,18,0,0,15,5,0,0,0,0,0,0,0
7,27,3,32,2,5,0,1.019721,1.000338,1.040254,31,4,834,100,100,0,0,0,56,42,6,0,2,40,5,29,24,0,0,2936,240,0,8,0,1015,277,0,16,0,512,0,0,6,0,272,0,0,0,0,182,758,0,16,0,0,8,3,1,0,0,1,1,0,0
7,28,0,35,11,3,0,1.022085,0.990716,0.996546,29,4,834,100,100,0,0,0,0,36,62,60,3,40,1,122,33,0,0,3096,101,0,11,0,989,272,0,22,0,517,0,0,10,0,254,0,0,6,0,110,686,24,23,0,0,23,5,1,0,0,1,1,0,0
7,28,1,27,11,3,0,0.997555,0.9802,0.999829,25,6,1084,100,100,0,0,0,36,0,34,44,3,40,1,27,18,0,0,3096,183,0,6,0,989,287,0,12,0,517,0,0,10,0,254,0,0,0,0,110,865,0,16,0,0,28,5,0,0,0,0,0,0,0
7,28,2,31,11,3,0,1.007101,1.013709,0.998626,26,5,959,100,100,0,0,0,62,34,0,8,2,40,1,40,24,0,0,3096,167,0,8,0,989,245,0,16,0,517,1,0,2,0,254,0,0,12,0,110,880,48,12,0,0,15,1,1,0,0,1,1,0,0
7,28,3,33,11,3,0,1.019108,0.998953,1.040753,32,4,834,100,100,0,0,0,60,44,8,0,2,40,1,30,24,0,0,3096,200,0,8,0,989,285,0,16,0,517,0,0,6,0,254,0,0,0,0,110,820,0,14,0,0,11,3,0,0,0,0,0,0,0
7,29,0,37,8,2,0,1.024676,0.99279,1.001726,30,4,834,100,100,0,0,0,0,40,64,64,3,40,4,127,33,0,0,3016,135,0,11,0,983,283,0,22,0,490,1,0,14,0,271,0,0,0,0,144,681,0,29,0,0,28,7,2,0,0,2,2,0,0
7,29,1,27,8,2,0,0.997555,0.9802,0.999829,25,6,1084,100,100,0,0,0,40,0,36,46,3,40,4,29,18,0,0,3016,190,0,6,0,983,293,0,12,0,490,0,0,12,0,271,0,0,0,0,144,881,0,20,0,0,33,6,1,0,0,1,1,0,0
7,29,2,35,8,2,0,1.005415,1.016719,1.000198,26,6,1084,100,100,0,0,0,64,36,0,8,2,40,4,45,27,0,0,3016,191,0,9,0,983,254,0,18,0,490,0,0,22,0,271,0,0,1,0,144,847,4,52,0,0,7,11,19,0,0,2,2,0,0
7,29,3,33,8,2,0,1.019108,0.998953,1.040753,32,4,834,100,100,0,0,0,64,46,8,0,2,40,4,32,27,0,0,3016,158,0,9,0,983,294,0,18,0,490,0,0,6,0,271,0,0,0,0,144,817,0,17,0,0,13,3,1,0,0,1,1,0,0
7,30,0,39,4,1,0,1.023537,0.991329,1.001766,32,4,834,100,100,0,0,0,0,42,66,66,3,40,8,128,33,0,0,2888,167,0,11,0,983,294,0,22,0,490,1,0,18,0,272,0,0,0,0,195,670,0,35,0,0,34,9,3,0,0,3,3,0,0
7,30,1,29,4,1,0,0.998303,0.980419,1.000851,26,6,1084,100,100,0,0,0,42,0,38,48,3,40,8,32,18,0,0,2888,197,0,6,0,983,299,0,12,0,490,0,0,12,0,272,0,0,0,0,195,897,0,20,0,0,38,6,1,0,0,1,1,0,0
7,30,2,34,4,1,0,1.005,1.015097,1.00016,27,6,1084,100,100,0,0,0,66,38,0,8,2,40,8,41,24,0,0,2888,228,0,8,0,983,262,0,16,0,490,0,0,18,0,272,0,0,0,0,195,834,0,34,0,0,12,9,4,0,0,4,4,0,0
7,30,3,33,4,1,0,1.019108,0.998953,1.040753,33,4,834,100,100,0,0,0,66,48,8,0,2,40,8,34,27,0,0,2888,228,0,9,0,983,303,0,18,0,490,0,0,6,0,272,0,0,0,0,195,819,0,15,0,0,16,3,0,0,0,0,0,0,0
7,31,0,39,2,1,0,1.024212,0.991657,1.002559,34,5,959,100,100,0,0,0,0,44,68,68,3,40,7,133,36,0,0,3120,196,0,12,0,980,306,0,24,0,544,1,0,0,0,197,10,0,17,0,195,725,68,33,0,0,15,0,19,0,0,2,2,0,0
7,31,1,29,2,1,0,0.998303,0.980419,1.000851,27,7,1209,100,100,0,0,0,44,0,40,48,3,40,7,31,21,0,0,3120,161,0,7,0,980,306,0,14,0,544,0,0,0,0,197,0,0,15,0,195,961,60,26,0,0,20,0,18,0,0,1,1,0,0
7,31,2,35,2,1,0,1.004314,1.01358,0.999689,31,6,1084,100,100,0,0,0,68,40,0,8,2,40,7,38,24,0,0,3120,186,0,8,0,980,270,0,16,0,544,0,0,0,0,197,10,0,17,0,195,915,68,12,0,0,10,0,2,0,0,2,2,0,0
7,31,3,33,2,1,0,1.019108,0.998953,1.040753,33,4,834,100,100,0,0,0,68,48,8,0,2,40,7,35,27,0,0,3120,186,0,9,0,980,312,0,18,0,544,0,0,0,0,197,0,0,6,0,195,825,24,9,0,0,16,0,0,0,0,0,0,0,0
7,32,0,40,7,3,0,1.020977,0.992076,1.001315,35,5,959,100,100,0,0,0,0,46,70,70,3,40,1,138,36,0,0,2880,225,0,12,0,980,318,0,24,0,493,1,0,18,0,259,0,0,16,0,254,767,64,34,0,0,22,9,2,0,0,2,2,0,0
7,32,1,30,7,3,0,0.999754,0.983031,1.001346,28,7,1209,100,100,0,0,0,46,0,42,50,3,40,1,33,21,0,0,2880,165,0,7,0,980,313,0,14,0,493,0,0,6,0,259,0,0,5,0,254,979,20,15,0,0,22,3,1,0,0,1,1,0,0
7,32,2,38,7,3,0,1.00158,1.009882,0.998461,32,7,1209,100,100,0,0,0,70,42,0,8,2,40,1,36,24,0,0,2880,223,0,8,0,980,278,0,16,0,493,1,0,20,0,259,0,0,12,0,254,925,48,47,0,0,2,10,18,0,0,1,1,0,0
7,32,3,32,7,3,0,1.019095,0.997889,1.039443,32,5,959,100,100,0,0,0,70,50,8,0,2,40,1,39,27,0,0,2880,248,0,9,0,980,321,0,18,0,493,0,0,6,0,259,0,0,0,0,254,802,0,32,0,0,2,3,17,0,0,0,0,0,0
7,33,0,40,5,1,0,1.020977,0.992076,1.001315,37,5,959,100,100,0,0,0,0,48,74,72,3,40,1,149,42,0,0,3160,171,0,14,0,971,332,0,28,0,490,0,0,16,0,272,0,0,0,0,28,807,0,34,0,0,28,8,2,0,0,2,2,0,0
7,33,1,31,5,1,0,0.998661,0.984971,0.999674,29,7,1209,100,100,0,0,0,48,0,44,52,3,40,1,36,24,0,0,3160,167,0,8,0,971,321,0,16,0,490,1,0,14,0,272,0,0,0,0,28,991,0,24,0,0,28,7,1,0,0,1,1,0,0
7,33,2,39,5,1,0,0.998888,1.008686,0.999111,33,7,1209,100,100,0,0,0,74,44,0,8,2,40,1,32,24,0,0,3160,177,0,8,0,971,286,0,16,0,490,1,0,18,0,272,0,0,0,0,28,970,0,30,0,0,9,9,2,0,0,2,2,0,0
7,33,3,34,5,1,0,1.01734,0.996609,1.041476,32,5,959,100,100,0,0,0,72,52,8,0,2,40,1,41,27,0,0,3160,207,0,9,0,971,330,0,18,0,490,0,0,6,0,272,0,0,0,0,28,874,0,15,0,0,5,3,0,0,0,0,0,0,0
7,34,0,40,7,5,0,1.020303,0.989694,1.001916,37,5,959,100,100,0,0,0,0,48,78,72,3,40,1,159,42,0,0,2992,189,0,14,0,971,346,0,28,0,484,0,0,20,0,272,0,0,0,0,267,774,0,36,0,0,37,10,1,0,0,1,1,0,0
7,34,1,33,7,5,0,1.001623,0.987648,1.000269,30,7,1209,100,100,0,0,0,48,0,46,54,3,40,1,38,24,0,0,2992,168,0,8,0,971,329,0,16,0,484,0,0,16,0,272,0,0,0,0,267,968,0,26,0,0,35,8,1,0,0,1,1,0,0
7,34,2,37,7,5,0,1.000215,1.014143,0.996355,34,7,1209,100,100,0,0,0,78,46,0,8,2,40,1,30,24,0,0,2992,218,0,8,0,971,294,0,16,0,484,1,0,16,0,272,0,0,0,0,267,955,0,26,0,0,16,8,1,0,0,1,1,0,0
7,34,3,36,7,5,0,1.016977,0.996622,1.040664,32,5,959,100,100,0,0,0,72,54,8,0,2,40,1,42,27,0,0,2992,164,0,9,0,971,339,0,18,0,484,1,0,8,0,272,0,0,0,0,267,871,0,19,0,0,8,4,1,0,0,1,1,0,0
7,35,0,40,6,12,0,1.024828,0.988429,1.003736,37,5,959,100,100,0,0,0,0,48,82,74,3,40,1,172,45,0,0,2960,198,0,15,0,968,361,0,30,0,496,0,0,18,0,252,0,0,9,0,166,793,36,35,0,0,45,9,1,0,0,1,1,0,0
7,35,1,32,6,12,0,1.001017,0.985894,1.000724,29,7,1209,100,100,0,0,0,48,0,48,56,3,40,1,34,21,0,0,2960,184,0,7,0,968,336,0,14,0,496,0,0,12,0,252,0,0,0,0,166,983,0,21,0,0,40,6,1,0,0,1,1,0,0
7,35,2,31,6,12,0,1.009294,1.014917,0.997169,28,7,1209,100,100,0,0,0,82,48,0,10,2,40,1,34,24,0,0,2960,173,0,8,0,968,302,0,16,0,496,0,0,10,0,252,0,0,3,0,166,997,12,20,0,0,20,5,1,0,0,1,1,0,0
7,35,3,37,6,12,0,1.018449,0.993513,1.043384,32,5,959,100,100,0,0,0,74,56,10,0,2,40,1,39,24,0,0,2960,232,0,8,0,968,347,0,16,0,496,0,0,10,0,252,0,0,0,0,166,879,0,22,0,0,11,5,2,0,0,2,2,0,0
7,36,0,40,3,0,0,1.024828,0.988429,1.003736,38,6,1084,100,100,0,0,0,0,50,84,76,3,40,9,183,45,0,0,3000,207,0,15,0,1013,357,0,30,0,528,0,0,6,0,232,6,0,14,0,153,827,56,40,0,0,30,3,18,0,0,1,1,0,0
7,36,1,32,3,0,0,1.001017,0.985894,1.000724,30,8,1334,100,100,0,0,0,50,0,50,58,3,40,9,33,21,0,0,3000,209,0,7,0,1013,337,0,14,0,528,1,0,2,0,232,0,0,7,0,153,1019,28,28,0,0,23,1,18,0,0,1,1,0,0
7,36,2,32,3,0,0,1.009021,1.016424,0.997818,29,8,1334,100,100,0,0,0,84,50,0,10,2,40,9,35,24,0,0,3000,206,0,8,0,1013,301,0,16,0,528,1,0,4,0,232,0,0,10,0,153,1024,40,31,0,0,4,2,18,0,0,1,1,0,0
7,36,3,39,3,0,0,1.019586,0.992522,1.042634,34,5,959,100,100,0,0,0,76,58,10,0,2,40,9,36,27,0,0,3000,186,0,9,0,1013,348,0,18,0,528,0,0,2,0,232,0,0,3,0,153,946,12,15,0,0,10,1,2,0,0,2,2,0,0
7,37,0,43,8,1,0,1.025034,0.985727,1.005399,39,6,1084,100,100,0,0,0,0,52,86,78,3,40,5,194,45,0,0,3080,152,0,15,0,962,372,0,30,0,521,1,0,14,0,226,0,0,13,0,118,900,52,31,0,0,36,7,1,0,0,1,1,0,0
7,37,1,34,8,1,0,1.00183,0.987777,0.996104,31,8,1334,100,100,0,0,0,52,0,52,60,3,40,5,30,21,0,0,3080,170,0,7,0,962,344,0,14,0,521,1,0,6,0,226,0,0,9,0,118,1090,36,15,0,0,25,3,1,0,0,1,1,0,0
7,37,2,35,8,1,0,1.007908,1.016233,0.998353,30,8,1334,100,100,0,0,0,86,52,0,10,2,40,5,40,27,0,0,3080,165,0,9,0,962,310,0,18,0,521,1,0,2,0,226,6,0,15,0,118,1121,60,13,0,0,4,1,1,0,0,1,1,0,0
7,37,3,38,8,1,0,1.021963,0.989759,1.04519,35,5,959,100,100,0,0,0,78,60,10,0,2,40,5,41,33,0,0,3080,256,0,11,0,962,359,0,22,0,521,0,0,0,0,226,0,0,9,0,118,944,36,15,0,0,8,0,2,0,0,2,2,0,0
7,38,0,42,5,8,0,1.028546,0.982035,1.001256,37,6,1084,100,100,0,0,0,0,54,86,78,3,40,2,207,45,0,0,2988,166,0,15,0,959,387,0,30,0,506,1,0,20,0,253,0,0,10,0,140,913,40,39,0,0,44,10,2,0,0,2,2,0,0
7,38,1,32,5,8,0,1.002611,0.987912,1.000753,31,8,1334,100,100,0,0,0,54,0,52,62,3,40,2,31,24,0,0,2988,172,0,8,0,959,352,0,16,0,506,1,0,6,0,253,0,0,3,0,140,1129,12,16,0,0,27,3,1,0,0,1,1,0,0
7,38,2,33,5,8,0,1.009286,1.018056,1.001728,28,8,1334,100,100,0,0,0,86,52,0,10,2,40,2,41,27,0,0,2988,201,0,9,0,959,319,0,18,0,506,1,0,8,0,253,0,0,10,0,140,1155,40,21,0,0,6,4,2,0,0,2,2,0,0
7,38,3,40,5,8,0,1.021935,0.991831,1.043841,37,5,959,100,100,0,0,0,78,62,10,0,2,40,2,43,33,0,0,2988,207,0,11,0,959,370,0,22,0,506,0,0,4,0,253,0,0,2,0,140,944,8,17,0,0,9,2,1,0,0,1,1,0,0
7,39,0,42,3,5,0,1.029223,0.98248,0.997867,38,7,1209,100,100,0,0,0,0,58,88,80,3,40,6,216,45,0,0,3064,181,0,15,0,969,391,0,30,0,514,1,0,12,0,215,14,0,13,0,177,929,52,48,0,0,31,6,19,0,0,2,2,0,0
7,39,1,31,3,5,0,1.00093,0.986264,1.002035,31,8,1334,100,100,0,0,0,58,0,54,64,3,40,6,28,21,0,0,3064,189,0,7,0,969,359,0,14,0,514,0,0,10,0,215,0,0,6,0,177,1170,24,17,0,0,32,5,0,0,0,0,0,0,0
7,39,2,32,3,5,0,1.016452,1.018492,1.004166,29,8,1334,100,100,0,0,0,88,54,0,12,2,40,6,43,27,0,0,3064,159,0,9,0,969,328,0,18,0,514,1,0,6,0,215,1,0,14,0,177,1216,56,17,0,0,8,3,1,0,0,1,1,0,0
7,39,3,40,3,5,0,1.021935,0.991831,1.043841,38,5,959,100,100,0,0,0,80,64,12,0,2,40,6,47,36,0,0,3064,155,0,12,0,969,380,0,24,0,514,1,0,2,0,215,0,0,6,0,177,945,24,16,0,0,9,1,1,0,0,1,1,0,0
7,40,0,41,4,10,0,1.029034,0.978551,0.998116,38,7,1209,100,100,0,0,0,0,62,90,82,3,40,7,225,45,0,0,2897,181,0,15,0,956,406,0,30,0,485,1,0,24,0,259,7,0,12,0,191,955,48,41,0,0,42,12,1,0,0,1,1,0,0
7,40,1,27,4,10,0,0.997625,0.98704,0.997987,27,8,1334,100,100,0,0,0,62,0,56,66,3,40,7,22,18,0,0,2897,199,0,6,0,956,365,0,12,0,485,1,0,12,0,259,0,0,2,0,191,1187,8,18,0,0,38,6,0,0,0,0,0,0,0
7,40,2,32,4,10,0,1.015861,1.017545,1.004526,28,8,1334,100,100,0,0,0,90,56,0,14,2,40,7,39,21,0,0,2897,200,0,7,0,956,335,0,14,0,485,0,0,16,0,259,0,0,5,0,191,1226,20,25,0,0,15,8,1,0,0,1,1,0,0
7,40,3,39,4,10,0,1.02069,0.989632,1.044189,37,5,959,100,100,0,0,0,82,66,14,0,2,40,7,47,33,0,0,2897,221,0,11,0,956,391,0,22,0,485,0,0,8,0,259,0,0,2,0,191,940,8,21,0,0,12,4,1,0,0,1,1,0,0
3,1,0,49,6,4,0,0.998985,1.000177,1.008692,0,0,334,100,100,0,0,0,0,2,2,2,0,40,0,44,36,0,0,2816,201,0,12,0,932,62,0,24,0,492,1,0,44,0,172,22,0,24,0,158,124,96,74,0,0,13,22,9,0,0,9,9,0,0
3,1,1,51,6,4,0,0.998114,0.994011,1.008697,0,0,334,100,100,0,0,0,2,0,2,2,0,40,0,49,39,0,0,2816,200,0,13,0,932,63,0,26,0,492,1,0,46,0,172,26,0,24,0,158,121,96,77,0,0,14,23,9,0,0,9,9,0,0
3,1,2,51,6,4,0,0.996842,0.997484,1.011515,0,0,334,100,100,0,0,0,2,2,0,2,0,40,0,48,39,0,0,2816,192,0,13,0,932,63,0,26,0,492,1,0,46,0,172,27,0,23,0,158,118,92,77,0,0,14,23,9,0,0,9,9,0,0
3,1,3,51,6,4,0,0.994931,0.994142,1.007971,0,0,334,100,100,0,0,0,2,2,2,0,0,40,0,47,39,0,0,2816,200,0,13,0,932,63,0,26,0,492,1,0,46,0,172,26,0,24,0,158,122,96,77,0,0,14,23,9,0,0,9,9,0,0
3,2,0,47,5,13,0,1.002732,0.997352,1.007838,9,0,334,100,100,0,0,0,0,2,4,4,0,40,0,39,33,0,0,2824,229,0,11,0,932,73,0,22,0,405,1,0,28,0,272,0,0,22,0,153,194,88,57,0,0,18,14,9,0,0,9,9,0,0
3,2,1,47,5,13,0,0.9985,0.992504,1.007432,8,0,334,100,100,0,0,0,2,0,4,4,0,40,0,47,39,0,0,2824,232,0,13,0,932,76,0,26,0,405,1,0,28,0,272,2,0,24,0,153,194,96,59,0,0,19,14,9,0,0,9,9,0,0
3,2,2,49,5,13,0,0.992594,0.999787,1.010234,9,0,334,100,100,0,0,0,4,4,0,2,0,40,0,46,39,0,0,2824,216,0,13,0,932,76,0,26,0,405,1,0,32,0,272,5,0,22,0,153,176,88,63,0,0,21,16,9,0,0,9,9,0,0
3,2,3,51,5,13,0,0.997497,0.990642,1.010304,8,0,334,100,100,0,0,0,4,4,2,0,0,40,0,43,36,0,0,2824,233,0,12,0,932,75,0,24,0,405,1,0,36,0,272,2,0,24,0,153,188,96,66,0,0,23,18,9,0,0,9,9,0,0
3,3,0,42,4,18,0,1.004366,1.001875,1.009818,18,0,334,100,100,0,0,0,0,2,6,6,0,40,0,38,33,0,0,3200,171,0,11,0,935,84,0,22,0,489,0,0,4,0,240,0,0,11,0,22,269,44,33,0,0,11,2,9,0,0,9,9,0,0
3,3,1,47,4,18,0,0.999521,0.988426,1.008487,16,0,334,100,100,0,0,0,2,0,6,6,0,40,0,48,39,0,0,3200,172,0,13,0,935,89,0,26,0,489,1,0,12,0,240,0,0,9,0,22,253,36,43,0,0,16,6,9,0,0,9,9,0,0
3,3,2,45,4,18,0,0.998889,1.004825,1.014086,18,0,334,100,100,0,0,0,6,6,0,4,0,40,0,48,42,0,0,3200,153,0,14,0,935,90,0,28,0,489,0,0,24,0,240,0,0,9,0,22,223,36,52,0,0,26,12,7,0,0,7,7,0,0
3,3,3,46,4,18,0,0.99534,0.992298,1.010418,15,0,334,100,100,0,0,0,6,6,4,0,0,40,0,40,36,0,0,3200,170,0,12,0,935,87,0,24,0,489,0,0,10,0,240,0,0,7,0,22,249,28,40,0,0,19,5,9,0,0,9,9,0,0
3,4,0,38,3,12,2,1.006874,1.00716,1.011947,25,0,334,100,100,0,0,0,0,0,6,2,0,40,2,37,30,0,0,2834,207,0,10,0,944,94,0,20,0,468,0,0,12,0,268,0,0,1,0,172,264,4,36,0,0,10,6,7,0,0,7,7,0,0
3,4,1,48,3,12,2,0.99892,0.990048,1.00472,25,0,334,100,100,0,0,0,0,0,6,2,0,40,2,51,39,0,0,2834,208,0,13,0,944,102,0,26,0,468,1,0,20,0,268,0,0,1,0,172,242,4,51,0,0,17,10,9,0,0,9,9,0,0
3,4,2,46,3,12,2,0.998053,1.003442,1.013711,25,0,334,100,100,0,0,0,6,6,0,4,0,40,2,57,45,0,0,2834,181,0,15,0,944,105,0,30,0,468,1,0,22,0,268,0,0,1,0,172,197,4,51,0,0,30,11,7,0,0,7,7,0,0
3,4,3,39,3,12,2,0.997387,0.999664,1.012955,22,0,334,100,100,0,0,0,2,2,4,0,0,40,2,27,24,0,0,2834,210,0,8,0,944,95,0,16,0,468,1,0,20,0,268,0,0,1,0,172,236,4,46,0,0,20,10,9,0,0,9,9,0,0
3,5,0,36,5,10,1,1.005719,1.010141,1.011063,30,0,334,100,100,0,0,0,0,0,10,2,0,40,0,32,24,0,0,3016,161,0,8,0,956,102,0,16,0,467,1,0,14,0,272,0,0,0,0,87,306,0,28,0,0,14,7,3,0,0,3,3,0,0
3,5,1,49,5,10,1,0.99891,0.98771,1.00655,34,0,334,100,100,0,0,0,0,0,8,-2,0,40,0,51,39,0,0,3016,243,0,13,0,956,115,0,26,0,467,0,0,18,0,272,0,0,0,0,87,235,0,43,0,0,20,9,6,0,0,6,6,0,0
3,5,2,48,5,10,1,0.999243,1.004571,1.014475,32,0,334,100,100,0,0,0,10,8,0,6,0,40,0,70,48,0,0,3016,207,0,16,0,956,121,0,32,0,467,1,0,24,0,272,0,0,0,0,87,164,0,54,0,0,35,12,7,0,0,7,7,0,0
3,5,3,33,5,10,1,0.993677,1.007456,1.006245,30,0,334,100,100,0,0,0,2,-2,6,0,0,40,0,24,18,0,0,3016,165,0,6,0,956,98,0,12,0,467,0,0,22,0,272,0,0,0,0,87,279,0,32,0,0,29,11,2,0,0,2,2,0,0
3,6,0,35,6,7,0,1.005129,1.00473,1.010387,33,1,459,100,100,0,0,0,0,2,14,4,0,40,0,33,24,0,0,2952,197,0,8,0,962,110,0,16,0,451,1,0,16,0,260,0,0,1,0,208,273,4,43,0,0,4,8,18,0,0,1,1,0,0
3,6,1,51,6,7,0,0.999436,0.986585,1.006895,40,0,334,100,100,0,0,0,2,0,10,0,0,40,0,51,39,0,0,2952,181,0,13,0,962,128,0,26,0,451,0,0,28,0,260,0,0,3,0,208,265,12,51,0,0,29,14,5,0,0,5,5,0,0
3,6,2,49,6,7,0,1.00025,1.00862,1.016626,38,0,334,100,100,0,0,0,14,10,0,8,0,40,0,70,42,0,0,2952,241,0,14,0,962,135,0,28,0,451,0,0,32,0,260,0,0,1,0,208,114,4,54,0,0,47,16,4,0,0,4,4,0,0
3,6,3,30,6,7,0,0.998758,1.008223,1.007144,30,1,459,100,100,0,0,0,4,0,8,0,0,40,0,20,15,0,0,2952,183,0,5,0,962,103,0,10,0,451,0,0,18,0,260,0,0,7,0,208,284,28,40,0,0,21,9,17,0,0,0,0,0,0
3,7,0,36,6,10,1,1.001408,1.000099,1.01275,32,1,459,100,100,0,0,0,0,2,18,4,0,40,5,28,18,0,0,2960,244,0,6,0,968,116,0,12,0,464,1,0,16,0,234,0,0,4,0,137,292,16,24,0,0,11,8,1,0,0,1,1,0,0
3,7,1,50,6,10,1,0.997259,0.9878,1.006301,44,1,459,100,100,0,0,0,2,0,12,-4,0,40,5,47,39,0,0,2960,221,0,13,0,968,141,0,26,0,464,1,0,20,0,234,0,0,12,0,137,292,48,54,0,0,20,10,19,0,0,2,2,0,0
3,7,2,50,6,10,1,1.000326,1.009875,1.01759,42,0,334,100,100,0,0,0,18,12,0,8,0,40,5,71,45,0,0,2960,177,0,15,0,968,150,0,30,0,464,1,0,26,0,234,0,0,12,0,137,180,48,49,0,0,56,13,4,0,0,4,4,0,0
3,7,3,25,6,10,1,1.001707,1.006201,1.009142,25,1,459,100,100,0,0,0,4,-4,8,0,0,40,5,15,12,0,0,2960,197,0,4,0,968,107,0,8,0,464,0,0,12,0,234,0,0,8,0,137,333,32,16,0,0,27,6,0,0,0,0,0,0,0
3,8,0,30,5,21,1,1.006202,1.007239,1.009178,29,1,459,100,100,0,0,0,0,2,22,0,1,40,0,23,18,0,0,3088,202,0,6,0,975,122,0,12,0,502,0,0,10,0,252,0,0,0,0,64,351,0,16,0,0,16,5,0,0,0,0,0,0,0
3,8,1,48,5,21,1,0.996741,0.988171,1.002659,45,1,459,100,100,0,0,0,2,0,14,-6,0,40,0,48,42,0,0,3088,157,0,14,0,975,155,0,28,0,502,0,0,14,0,252,0,0,4,0,64,353,16,30,0,0,26,7,1,0,0,1,1,0,0
3,8,2,47,5,21,1,1.000669,1.006945,1.014362,41,0,334,100,100,0,0,0,22,14,0,8,1,40,0,74,45,0,0,3088,216,0,15,0,975,164,0,30,0,502,1,0,12,0,252,0,0,6,0,64,197,24,31,0,0,60,6,2,0,0,2,2,0,0
3,8,3,20,5,21,1,1.005228,1.006277,1.005504,19,1,459,100,100,0,0,0,0,-6,8,0,0,40,0,16,9,0,0,3088,169,0,3,0,975,110,0,6,0,502,0,0,8,0,252,0,0,0,0,64,384,0,11,0,0,31,4,0,0,0,0,0,0,0
3,9,0,28,3,13,0,1.004627,1.009658,1.007879,26,2,584,100,100,0,0,0,0,2,26,2,1,40,4,25,18,0,0,3048,166,0,6,0,968,128,0,12,0,503,0,0,8,0,230,0,0,9,0,107,429,36,33,0,0,2,4,18,0,0,1,1,0,0
3,9,1,44,3,13,0,0.995931,0.987315,1.003998,41,2,584,100,100,0,0,0,2,0,16,-4,0,40,4,52,42,0,0,3048,191,0,14,0,968,169,0,28,0,503,1,0,14,0,230,0,0,12,0,107,378,48,47,0,0,15,7,18,0,0,1,1,0,0
3,9,2,44,3,13,0,0.999008,1.009914,1.014899,41,1,459,100,100,0,0,0,26,16,0,10,1,40,4,77,48,0,0,3048,153,0,16,0,968,180,0,32,0,503,1,0,2,0,230,1,0,20,0,107,297,80,39,0,0,42,1,19,0,0,2,2,0,0
3,9,3,19,3,13,0,1.002416,1.007168,1.016273,17,1,459,100,100,0,0,0,2,-4,10,0,0,40,4,16,9,0,0,3048,186,0,3,0,968,113,0,6,0,503,1,0,12,0,230,0,0,0,0,107,382,0,17,0,0,36,6,1,0,0,1,1,0,0
3,10,0,27,4,5,0,1.006513,1.009062,1.006061,26,2,584,100,100,0,0,0,0,2,30,4,1,40,1,25,18,0,0,2920,212,0,6,0,965,134,0,12,0,500,0,0,12,0,249,0,0,3,0,187,436,12,20,0,0,7,6,1,0,0,1,1,0,0
3,10,1,45,4,5,0,0.99637,0.982604,1.006547,41,2,584,100,100,0,0,0,2,0,18,-2,0,40,1,59,42,0,0,2920,229,0,14,0,965,183,0,28,0,500,1,0,12,0,249,0,0,13,0,187,426,52,28,0,0,20,6,1,0,0,1,1,0,0
3,10,2,46,4,5,0,1.00006,1.009876,1.014381,43,1,459,100,100,0,0,0,30,18,0,14,1,40,1,88,48,0,0,2920,197,0,16,0,965,196,0,32,0,500,1,0,20,0,249,0,0,1,0,187,284,4,38,0,0,51,10,1,0,0,1,1,0,0
3,10,3,16,4,5,0,1.003775,1.010169,1.021443,15,2,584,100,100,0,0,0,4,-2,14,0,0,40,1,21,12,0,0,2920,163,0,4,0,965,117,0,8,0,500,1,0,0,0,249,0,0,7,0,187,432,28,23,0,0,18,0,18,0,0,1,1,0,0
3,11,0,28,6,1,0,1.005779,1.010052,1.004103,27,2,584,100,100,0,0,0,0,4,34,6,1,40,5,27,18,0,0,3064,179,0,6,0,968,140,0,12,0,481,1,0,14,0,261,0,0,3,0,132,503,12,20,0,0,14,7,0,0,0,0,0,0,0
3,11,1,48,6,1,0,0.995579,0.986052,1.007702,42,2,584,100,100,0,0,0,4,0,20,0,1,40,5,67,42,0,0,3064,170,0,14,0,968,197,0,28,0,481,1,0,24,0,261,0,0,3,0,132,471,12,42,0,0,30,12,2,0,0,2,2,0,0
3,11,2,46,6,1,0,0.999725,1.010635,1.0125,43,1,459,100,100,0,0,0,34,20,0,16,2,40,5,95,48,0,0,3064,231,0,16,0,968,212,0,32,0,481,0,0,22,0,261,0,0,0,0,132,256,0,40,0,0,61,11,1,0,0,1,1,0,0
3,11,3,17,6,1,0,1.003339,1.012846,1.019643,16,2,584,100,100,0,0,0,6,0,16,0,0,40,5,25,12,0,0,3064,175,0,4,0,968,121,0,8,0,481,0,0,4,0,261,0,0,5,0,132,450,20,8,0,0,20,2,0,0,0,0,0,0,0
3,12,0,26,3,3,0,1.008296,1.007363,1.004436,26,2,584,100,100,0,0,0,0,8,38,8,1,40,3,25,18,0,0,2992,217,0,6,0,965,146,0,12,0,543,1,0,0,0,188,4,0,14,0,158,568,56,6,0,0,14,0,0,0,0,0,0,0,0
3,12,1,48,3,3,0,0.99412,0.983899,1.006332,43,3,709,100,100,0,0,0,8,0,22,4,1,40,3,72,45,0,0,2992,195,0,15,0,965,212,0,30,0,543,0,0,2,0,188,9,0,21,0,158,547,84,38,0,0,12,1,19,0,0,2,2,0,0
3,12,2,47,3,3,0,1.000626,1.010233,1.013423,44,2,584,100,100,0,0,0,38,22,0,20,3,40,3,106,48,0,0,2992,169,0,16,0,965,228,0,32,0,543,0,0,0,0,188,6,0,21,0,158,384,84,35,0,0,43,0,18,0,0,1,1,0,0
3,12,3,18,3,3,0,1.001791,1.016259,1.019744,16,3,709,100,100,0,0,0,8,4,20,0,1,40,3,29,12,0,0,2992,186,0,4,0,965,125,0,8,0,543,0,0,0,0,188,0,0,9,0,158,481,36,23,0,0,2,0,18,0,0,1,1,0,0
3,13,0,26,10,9,0,1.006307,1.002592,1.003623,23,3,709,100,100,0,0,0,0,12,42,10,1,40,1,26,18,0,0,3027,185,0,6,0,959,152,0,12,0,498,0,0,10,0,269,0,0,4,0,102,557,16,33,0,0,2,5,17,0,0,0,0,0,0
3,13,1,47,10,9,0,0.995968,0.982011,1.005662,43,3,709,100,100,0,0,0,12,0,24,6,1,40,1,81,48,0,0,3027,203,0,16,0,959,228,0,32,0,498,1,0,22,0,269,0,0,11,0,102,584,44,42,0,0,21,11,2,0,0,2,2,0,0
3,13,2,46,10,9,0,1.002096,1.010765,1.0122,41,2,584,100,100,0,0,0,42,24,0,20,3,40,1,120,51,0,0,3027,192,0,17,0,959,245,0,34,0,498,1,0,8,0,269,0,0,7,0,102,409,28,27,0,0,46,4,1,0,0,1,1,0,0
3,13,3,21,10,9,0,1.001931,1.020178,1.022914,17,3,709,100,100,0,0,0,10,6,20,0,1,40,1,34,12,0,0,3027,164,0,4,0,959,129,0,8,0,498,1,0,4,0,269,0,0,0,0,102,521,0,10,0,0,3,2,1,0,0,1,1,0,0
3,14,0,27,7,1,0,1.006347,1.001315,1.003454,23,3,709,100,100,0,0,0,0,14,46,10,1,40,4,30,21,0,0,2920,224,0,7,0,960,159,0,14,0,520,1,0,4,0,256,0,0,1,0,222,558,4,15,0,0,2,2,2,0,0,2,2,0,0
3,14,1,48,7,1,0,0.992353,0.981717,1.00673,44,4,834,100,100,0,0,0,14,0,26,10,1,40,4,86,45,0,0,2920,221,0,15,0,960,239,0,30,0,520,1,0,10,0,256,0,0,12,0,222,615,48,44,0,0,8,5,18,0,0,1,1,0,0
3,14,2,49,7,1,0,1.001316,1.012128,1.015252,42,2,584,100,100,0,0,0,46,26,0,24,3,40,4,132,51,0,0,2920,225,0,17,0,960,262,0,34,0,520,0,0,6,0,256,0,0,3,0,222,415,12,27,0,0,47,3,2,0,0,2,2,0,0
3,14,3,22,7,1,0,0.998049,1.019822,1.021277,18,3,709,100,100,0,0,0,10,10,24,0,1,40,4,34,12,0,0,2920,171,0,4,0,960,133,0,8,0,520,1,0,4,0,256,0,0,0,0,222,527,0,12,0,0,3,2,2,0,0,2,2,0,0
3,15,0,29,11,1,0,1.005839,1.002547,1.006908,25,3,709,100,100,0,0,0,0,16,50,10,1,40,3,33,21,0,0,3160,190,0,7,0,956,166,0,14,0,519,1,0,2,0,216,0,0,9,0,112,639,36,11,0,0,2,1,1,0,0,1,1,0,0
3,15,1,50,11,1,0,0.995626,0.985546,1.00764,44,4,834,100,100,0,0,0,16,0,28,14,1,40,3,91,45,0,0,3160,158,0,15,0,956,254,0,30,0,519,0,0,12,0,216,2,0,20,0,112,723,80,31,0,0,12,6,2,0,0,2,2,0,0
3,15,2,52,11,1,0,1.000832,1.014464,1.014828,44,3,709,100,100,0,0,0,50,28,0,24,3,40,3,147,54,0,0,3160,158,0,18,0,956,280,0,36,0,519,0,0,4,0,216,0,0,15,0,112,485,60,45,0,0,29,2,20,0,0,3,3,0,0
3,15,3,25,11,1,0,1.002869,1.017974,1.024531,20,3,709,100,100,0,0,0,10,14,24,0,1,40,3,34,12,0,0,3160,185,0,4,0,956,137,0,8,0,519,1,0,8,0,216,0,0,7,0,112,559,28,14,0,0,6,4,1,0,0,1,1,0,0
3,16,0,28,5,8,0,1.008275,1.002358,1.008042,24,3,709,100,100,0,0,0,0,18,54,12,1,40,2,31,18,0,0,2848,235,0,6,0,953,172,0,12,0,478,1,0,8,0,252,0,0,5,0,213,653,20,18,0,0,4,4,2,0,0,2,2,0,0
3,16,1,51,5,8,0,0.998346,0.986449,1.010218,45,5,959,100,100,0,0,0,18,0,30,18,1,40,2,93,45,0,0,2848,181,0,15,0,953,269,0,30,0,478,1,0,32,0,252,0,0,2,0,213,693,8,68,0,0,9,16,19,0,0,2,2,0,0
3,16,2,50,5,8,0,1.005135,1.014581,1.014551,43,3,709,100,100,0,0,0,54,30,0,26,3,40,2,156,51,0,0,2848,209,0,17,0,953,297,0,34,0,478,0,0,10,0,252,0,0,6,0,213,497,24,33,0,0,31,5,3,0,0,3,3,0,0
3,16,3,24,5,8,0,1.001653,1.015909,1.022016,21,3,709,100,100,0,0,0,12,18,26,0,1,40,2,29,12,0,0,2848,204,0,4,0,953,141,0,8,0,478,0,0,16,0,252,0,0,3,0,213,568,12,24,0,0,12,8,2,0,0,2,2,0,0
3,17,0,27,7,7,0,1.0136,1.005341,1.010758,24,3,709,100,100,0,0,0,0,20,58,14,2,40,2,30,18,0,0,2976,201,0,6,0,959,178,0,12,0,482,0,0,12,0,272,0,0,0,0,123,689,0,20,0,0,9,6,1,0,0,1,1,0,0
3,17,1,52,7,7,0,0.999507,0.98574,1.010389,46,5,959,100,100,0,0,0,20,0,32,22,3,40,2,91,42,0,0,2976,212,0,14,0,959,283,0,28,0,482,0,0,24,0,272,0,0,0,0,123,681,0,42,0,0,19,12,2,0,0,2,2,0,0
3,17,2,48,7,7,0,1.003918,1.012507,1.016452,43,3,709,100,100,0,0,0,58,32,0,30,3,40,2,158,45,0,0,2976,264,0,15,0,959,312,0,30,0,482,1,0,12,0,272,0,0,0,0,123,487,0,31,0,0,35,6,2,0,0,2,2,0,0
3,17,3,26,7,7,0,0.994776,1.020388,1.021665,22,3,709,100,100,0,0,0,14,22,30,0,2,40,2,27,12,0,0,2976,176,0,4,0,959,145,0,8,0,482,0,0,12,0,272,0,0,0,0,123,601,0,18,0,0,17,6,1,0,0,1,1,0,0
3,18,0,27,5,6,0,1.0136,1.005341,1.010758,25,3,709,100,100,0,0,0,0,22,62,16,2,40,3,34,21,0,0,3024,167,0,7,0,1088,164,0,14,0,463,0,0,12,0,260,0,0,4,0,114,694,16,21,0,0,14,6,1,0,0,1,1,0,0
3,18,1,53,5,6,0,0.995835,0.988229,1.010887,46,5,959,100,100,0,0,0,22,0,34,26,3,40,3,90,42,0,0,3024,258,0,14,0,1088,255,0,28,0,463,0,0,30,0,260,0,0,0,0,114,663,0,48,0,0,32,15,2,0,0,2,2,0,0
3,18,2,47,5,6,0,1.001255,1.012523,1.019236,43,3,709,100,100,0,0,0,62,34,0,32,3,40,3,159,45,0,0,3024,201,0,15,0,1088,282,0,30,0,463,1,0,18,0,260,0,0,0,0,114,525,0,37,0,0,42,9,2,0,0,2,2,0,0
3,18,3,25,5,6,0,0.999918,1.0229,1.02311,21,4,834,100,100,0,0,0,16,26,32,0,2,40,3,22,12,0,0,3024,210,0,4,0,1088,137,0,8,0,463,1,0,8,0,260,0,0,2,0,114,600,8,33,0,0,2,4,19,0,0,2,2,0,0
3,19,0,30,10,1,0,1.012936,1.004201,1.011047,26,4,834,100,100,0,0,0,0,22,64,18,2,40,1,37,21,0,0,2984,213,0,7,0,965,171,0,14,0,469,1,0,16,0,272,0,0,0,0,167,664,0,42,0,0,4,8,18,0,0,1,1,0,0
3,19,1,55,10,1,0,0.997791,0.987524,1.009438,47,5,959,100,100,0,0,0,22,0,36,30,3,40,1,87,42,0,0,2984,191,0,14,0,965,266,0,28,0,469,1,0,34,0,272,0,0,0,0,167,659,0,54,0,0,46,17,3,0,0,3,3,0,0
3,19,2,50,10,1,0,1.001849,1.014397,1.020041,45,3,709,100,100,0,0,0,64,36,0,34,3,40,1,167,45,0,0,2984,275,0,15,0,965,297,0,30,0,469,0,0,16,0,272,0,0,0,0,167,513,0,33,0,0,49,8,1,0,0,1,1,0,0
3,19,3,26,10,1,0,1.002873,1.02411,1.023561,23,4,834,100,100,0,0,0,18,30,34,0,2,40,1,24,15,0,0,2984,180,0,5,0,965,142,0,10,0,469,1,0,8,0,272,0,0,0,0,167,635,0,15,0,0,5,4,1,0,0,1,1,0,0
3,20,0,31,8,3,0,1.015569,1.007565,1.013976,26,4,834,100,100,0,0,0,0,24,66,18,2,40,6,33,18,0,0,3016,177,0,6,0,953,177,0,12,0,468,0,0,16,0,272,0,0,0,0,133,688,0,26,0,0,10,8,2,0,0,2,2,0,0
3,20,1,57,8,3,0,0.99892,0.98544,1.009751,50,5,959,100,100,0,0,0,24,0,38,34,3,40,6,87,48,0,0,3016,232,0,16,0,953,282,0,32,0,468,1,0,36,0,272,0,0,0,0,133,630,0,56,0,0,62,18,2,0,0,2,2,0,0
3,20,2,50,8,3,0,1.004713,1.016224,1.019776,45,3,709,100,100,0,0,0,66,38,0,36,3,40,6,168,45,0,0,3016,210,0,15,0,953,312,0,30,0,468,0,0,16,0,272,0,0,0,0,133,547,0,35,0,0,55,8,2,0,0,2,2,0,0
3,20,3,28,8,3,0,1.006667,1.023286,1.021383,24,4,834,100,100,0,0,0,18,34,36,0,2,40,6,28,18,0,0,3016,212,0,6,0,953,148,0,12,0,468,0,0,10,0,272,0,0,0,0,133,638,0,18,0,0,9,5,1,0,0,1,1,0,0
3,21,0,33,5,11,0,1.020582,1.012383,1.018089,27,4,834,100,100,0,0,0,0,24,70,20,3,40,3,34,21,0,0,2968,227,0,7,0,944,184,0,14,0,520,1,0,4,0,203,0,0,15,0,117,745,60,15,0,0,10,2,2,0,0,2,2,0,0
3,21,1,52,5,11,0,1.001194,0.991966,1.013103,46,5,959,100,100,0,0,0,24,0,40,38,3,40,3,87,48,0,0,2968,159,0,16,0,944,298,0,32,0,520,0,0,16,0,203,2,0,22,0,117,742,88,38,0,0,67,8,3,0,0,3,3,0,0
3,21,2,47,5,11,0,1.006331,1.016079,1.018426,43,4,834,100,100,0,0,0,70,40,0,38,3,40,3,173,48,0,0,2968,280,0,16,0,944,328,0,32,0,520,0,0,2,0,203,0,0,21,0,117,607,84,39,0,0,37,1,19,0,0,2,2,0,0
3,21,3,28,5,11,0,1.006667,1.023286,1.021383,25,4,834,100,100,0,0,0,20,38,38,0,3,40,3,32,24,0,0,2968,176,0,8,0,944,156,0,16,0,520,0,0,2,0,203,0,0,9,0,117,729,36,14,0,0,8,1,2,0,0,2,2,0,0
3,22,0,30,8,5,0,1.026,1.020007,1.016151,26,4,834,100,100,0,0,0,0,26,74,22,3,40,1,33,21,0,0,3032,187,0,7,0,947,191,0,14,0,504,0,0,6,0,264,0,0,4,0,103,801,16,17,0,0,11,3,2,0,0,2,2,0,0
3,22,1,54,8,5,0,1.003926,0.990869,1.015063,48,5,959,100,100,0,0,0,26,0,42,40,3,40,1,87,45,0,0,3032,196,0,15,0,947,313,0,30,0,504,1,0,24,0,264,0,0,3,0,103,735,12,43,0,0,77,12,2,0,0,2,2,0,0
3,22,2,50,8,5,0,1.00635,1.015827,1.016321,45,4,834,100,100,0,0,0,74,42,0,40,3,40,1,183,48,0,0,3032,217,0,16,0,947,344,0,32,0,504,1,0,8,0,264,0,0,1,0,103,660,4,26,0,0,40,4,1,0,0,1,1,0,0
3,22,3,29,8,5,0,1.005098,1.022504,1.019963,27,4,834,100,100,0,0,0,22,40,40,0,3,40,1,38,24,0,0,3032,204,0,8,0,947,164,0,16,0,504,1,0,0,0,264,0,0,2,0,103,748,8,10,0,0,7,0,1,0,0,1,1,0,0
3,23,0,28,3,16,0,1.026739,1.01887,1.012094,26,5,959,100,100,0,0,0,0,28,78,24,3,40,8,25,15,0,0,3027,216,0,5,0,947,196,0,10,0,464,0,0,18,0,266,0,0,2,0,98,792,8,42,0,0,2,9,18,0,0,1,1,0,0
3,23,1,50,3,16,0,1.008273,0.991067,1.013408,45,5,959,100,100,0,0,0,28,0,44,44,3,40,8,75,36,0,0,3027,223,0,12,0,947,325,0,24,0,464,1,0,34,0,266,0,0,2,0,98,726,8,50,0,0,92,17,2,0,0,2,2,0,0
3,23,2,45,3,16,0,1.001771,1.010116,1.01658,40,4,834,100,100,0,0,0,78,44,0,40,3,40,8,172,33,0,0,3027,156,0,11,0,947,355,0,22,0,464,0,0,20,0,266,0,0,0,0,98,697,0,35,0,0,48,10,2,0,0,2,2,0,0
3,23,3,27,3,16,0,1.00229,1.017272,1.014448,26,4,834,100,100,0,0,0,24,44,40,0,3,40,8,34,18,0,0,3027,169,0,6,0,947,170,0,12,0,464,0,0,10,0,266,0,0,2,0,98,807,8,18,0,0,11,5,1,0,0,1,1,0,0
3,24,0,26,2,2,0,1.026748,1.017689,1.011213,25,5,959,100,100,0,0,0,0,30,82,24,3,40,10,20,15,0,0,2992,183,0,5,0,986,201,0,10,0,469,0,0,12,0,263,0,0,2,0,208,806,8,19,0,0,7,6,1,0,0,1,1,0,0
3,24,1,51,2,2,0,1.008655,0.990963,1.014412,47,5,959,100,100,0,0,0,30,0,46,46,3,40,10,67,36,0,0,2992,161,0,12,0,986,337,0,24,0,469,0,0,34,0,263,0,0,3,0,208,713,12,50,0,0,107,17,2,0,0,2,2,0,0
3,24,2,46,2,2,0,1.001644,1.008798,1.015652,42,4,834,100,100,0,0,0,82,46,0,40,3,40,10,168,33,0,0,2992,244,0,11,0,986,366,0,22,0,469,1,0,20,0,263,0,0,1,0,208,684,4,35,0,0,56,10,2,0,0,2,2,0,0
3,24,3,27,2,2,0,1.00229,1.017272,1.014448,27,4,834,100,100,0,0,0,24,46,40,0,3,40,10,34,18,0,0,2992,200,0,6,0,986,176,0,12,0,469,0,0,6,0,263,0,0,3,0,208,826,12,12,0,0,14,3,0,0,0,0,0,0,0
3,25,0,25,6,3,0,1.020058,1.007587,1.00557,24,5,959,100,100,0,0,0,0,30,86,24,3,40,2,17,12,0,0,3024,233,0,4,0,983,205,0,8,0,435,1,0,18,0,272,0,0,0,0,97,793,0,22,0,0,16,9,0,0,0,0,0,0,0
3,25,1,52,6,3,0,1.007147,0.990325,1.015408,48,5,959,100,100,0,0,0,30,0,48,48,3,40,2,66,39,0,0,3024,185,0,13,0,983,350,0,26,0,435,1,0,44,0,272,0,0,0,0,97,687,0,59,0,0,128,22,1,0,0,1,1,0,0
3,25,2,47,6,3,0,1.000101,1.006343,1.015618,44,5,959,100,100,0,0,0,86,48,0,40,3,40,2,165,36,0,0,3024,186,0,12,0,983,378,0,24,0,435,1,0,30,0,272,0,0,0,0,97,712,0,61,0,0,53,15,18,0,0,1,1,0,0
3,25,3,29,6,3,0,1.002001,1.019634,1.01478,27,5,959,100,100,0,0,0,24,48,40,0,3,40,2,35,18,0,0,3024,167,0,6,0,983,182,0,12,0,435,1,0,14,0,272,0,0,0,0,97,797,0,37,0,0,4,7,17,0,0,0,0,0,0
3,26,0,22,4,5,0,1.025472,1.00938,1.003613,22,5,959,100,100,0,0,0,0,30,90,26,3,40,4,9,6,0,0,2904,206,0,2,0,986,207,0,4,0,541,1,0,0,0,182,5,0,13,0,157,902,52,2,0,0,16,0,0,0,0,0,0,0,0
3,26,1,53,4,5,0,1.010625,0.991544,1.017384,48,5,959,100,100,0,0,0,30,0,50,50,3,40,4,61,39,0,0,2904,208,0,13,0,986,363,0,26,0,541,0,0,4,0,182,11,0,22,0,157,787,88,21,0,0,128,2,2,0,0,2,2,0,0
3,26,2,47,4,5,0,1.000101,1.006343,1.015618,45,5,959,100,100,0,0,0,90,50,0,42,3,40,4,159,36,0,0,2904,271,0,12,0,986,390,0,24,0,541,1,0,0,0,182,0,0,24,0,157,815,96,14,0,0,52,0,1,0,0,1,1,0,0
3,26,3,30,4,5,0,1.003372,1.015889,1.018936,26,5,959,100,100,0,0,0,26,50,42,0,3,40,4,34,21,0,0,2904,195,0,7,0,986,189,0,14,0,541,1,0,0,0,182,0,0,12,0,157,863,48,9,0,0,3,0,1,0,0,1,1,0,0
3,27,0,16,2,12,0,1.032414,1.018165,1.006248,16,6,1084,100,100,0,0,0,0,30,92,28,3,40,6,6,3,0,0,3048,183,0,1,0,989,208,0,2,0,516,0,0,4,0,217,4,0,8,0,275,914,32,22,0,0,1,2,17,0,0,0,0,0,0
3,27,1,51,2,12,0,1.008187,0.993351,1.018347,48,6,1084,100,100,0,0,0,30,0,52,50,3,40,6,50,36,0,0,3048,223,0,12,0,989,375,0,24,0,516,1,0,14,0,217,12,0,21,0,275,830,84,47,0,0,116,7,19,0,0,2,2,0,0
3,27,2,47,2,12,0,1.002549,1.009491,1.016186,46,6,1084,100,100,0,0,0,92,52,0,44,3,40,6,152,36,0,0,3048,212,0,12,0,989,402,0,24,0,516,0,0,6,0,217,0,0,19,0,275,870,76,35,0,0,38,3,17,0,0,0,0,0,0
3,27,3,28,2,12,0,1.014634,1.013389,1.022073,24,5,959,100,100,0,0,0,28,50,44,0,3,40,6,27,18,0,0,3048,207,0,6,0,989,195,0,12,0,516,0,0,6,0,217,0,0,7,0,275,875,28,16,0,0,4,3,2,0,0,2,2,0,0
3,28,0,12,7,8,0,1.031499,0.997388,0.992566,11,6,1084,100,100,0,0,0,0,30,94,30,3,40,3,3,0,0,0,3056,167,0,0,0,998,208,0,0,0,469,1,0,6,0,272,0,0,4,0,87,967,16,6,0,0,4,3,0,0,0,0,0,0,0
3,28,1,51,7,8,0,1.007364,0.989115,1.017453,49,6,1084,100,100,0,0,0,30,0,54,52,3,40,3,45,36,0,0,3056,160,0,12,0,998,387,0,24,0,469,0,0,40,0,272,0,0,12,0,87,897,48,54,0,0,135,20,1,0,0,1,1,0,0
3,28,2,50,7,8,0,1.00203,1.008529,1.0165,46,6,1084,100,100,0,0,0,94,54,0,46,3,40,3,147,36,0,0,3056,297,0,12,0,998,414,0,24,0,469,1,0,18,0,272,0,0,0,0,87,859,0,32,0,0,46,9,1,0,0,1,1,0,0
3,28,3,28,7,8,0,1.017859,1.020195,1.023948,24,5,959,100,100,0,0,0,30,52,46,0,3,40,3,25,18,0,0,3056,173,0,6,0,998,201,0,12,0,469,0,0,10,0,272,0,0,0,0,87,920,0,18,0,0,8,5,1,0,0,1,1,0,0
3,29,0,8,6,15,0,1.021035,0.992233,1.006859,6,6,1084,100,100,0,0,0,0,32,98,32,3,40,5,4,0,0,0,3062,173,0,0,0,992,208,0,0,0,525,1,0,0,0,194,1,0,5,0,159,991,20,2,0,0,3,0,1,0,0,1,1,0,0
3,29,1,48,6,15,0,1.008374,0.988615,1.020799,44,7,1209,100,100,0,0,0,32,0,56,54,3,40,5,46,36,0,0,3062,177,0,12,0,992,399,0,24,0,525,1,0,8,0,194,6,0,20,0,159,968,80,39,0,0,121,4,18,0,0,1,1,0,0
3,29,2,49,6,15,0,1.00372,1.005522,1.016152,45,7,1209,100,100,0,0,0,98,56,0,48,3,40,5,141,39,0,0,3062,234,0,13,0,992,427,0,26,0,525,0,0,6,0,194,0,0,18,0,159,966,72,40,0,0,30,3,19,0,0,2,2,0,0
3,29,3,27,6,15,0,1.021263,1.024419,1.025674,24,5,959,100,100,0,0,0,32,54,48,0,3,40,5,27,21,0,0,3062,178,0,7,0,992,208,0,14,0,525,1,0,0,0,194,0,0,14,0,159,950,56,9,0,0,7,0,1,0,0,1,1,0,0
3,30,0,8,10,5,0,1.021035,0.992233,1.006859,7,6,1084,100,100,0,0,0,0,32,100,32,3,40,6,3,0,0,0,3040,189,0,0,0,989,208,0,0,0,493,1,0,4,0,257,0,0,3,0,212,1002,12,6,0,0,4,2,1,0,0,1,1,0,0
3,30,1,49,10,5,0,1.009062,0.991107,1.021434,44,7,1209,100,100,0,0,0,32,0,58,56,3,40,6,48,39,0,0,3040,196,0,13,0,989,412,0,26,0,493,1,0,16,0,257,0,0,13,0,212,1010,52,31,0,0,128,8,1,0,0,1,1,0,0
3,30,2,52,10,5,0,1.005423,1.003652,1.01669,47,7,1209,100,100,0,0,0,100,58,0,50,3,40,6,138,39,0,0,3040,172,0,13,0,989,440,0,26,0,493,0,0,16,0,257,0,0,2,0,212,993,8,31,0,0,37,8,1,0,0,1,1,0,0
3,30,3,28,10,5,0,1.015532,1.032722,1.019852,23,5,959,100,100,0,0,0,32,56,50,0,3,40,6,31,21,0,0,3040,192,0,7,0,989,215,0,14,0,493,1,0,6,0,257,0,0,4,0,212,950,16,15,0,0,9,3,1,0,0,1,1,0,0
3,31,0,7,5,8,0,1.014727,0.991515,1.022301,7,6,1084,100,100,0,0,0,0,34,100,34,3,40,4,4,0,0,0,2904,181,0,0,0,977,208,0,0,0,511,1,0,0,0,230,0,0,3,0,202,1038,12,0,0,0,4,0,0,0,0,0,0,0,0
3,31,1,46,5,8,0,1.010785,0.989635,1.023911,41,8,1334,100,100,0,0,0,34,0,60,58,3,40,4,50,42,0,0,2904,205,0,14,0,977,426,0,28,0,511,1,0,12,0,230,1,0,20,0,202,1068,80,47,0,0,115,6,19,0,0,2,2,0,0
3,31,2,51,5,8,0,1.003667,1.002863,1.016717,46,7,1209,100,100,0,0,0,100,60,0,52,3,40,4,133,39,0,0,2904,267,0,13,0,977,453,0,26,0,511,1,0,12,0,230,0,0,6,0,202,1010,24,29,0,0,41,6,2,0,0,2,2,0,0
3,31,3,30,5,8,0,1.016198,1.032287,1.022149,23,5,959,100,100,0,0,0,34,58,52,0,3,40,4,38,27,0,0,2904,211,0,9,0,977,224,0,18,0,511,1,0,8,0,230,0,0,0,0,202,938,0,21,0,0,11,4,2,0,0,2,2,0,0
3,32,0,7,3,2,0,1.014727,0.991515,1.022301,7,6,1084,100,100,0,0,0,0,34,100,34,3,40,7,3,0,0,0,3128,174,0,0,0,977,208,0,0,0,527,1,0,0,0,219,1,0,5,0,195,1084,20,0,0,0,4,0,0,0,0,0,0,0,0
3,32,1,46,3,2,0,1.010176,0.992265,1.026716,42,8,1334,100,100,0,0,0,34,0,62,60,3,40,7,52,42,0,0,3128,217,0,14,0,977,440,0,28,0,527,0,0,16,0,219,0,0,8,0,195,1091,32,34,0,0,121,8,2,0,0,2,2,0,0
3,32,2,52,3,2,0,1.005287,1.002717,1.017795,48,8,1334,100,100,0,0,0,100,62,0,52,3,40,7,128,39,0,0,3128,203,0,13,0,977,466,0,26,0,527,1,0,0,0,219,0,0,27,0,195,1109,108,34,0,0,22,0,19,0,0,2,2,0,0
3,32,3,30,3,2,0,1.017607,1.032908,1.020385,25,5,959,100,100,0,0,0,34,60,52,0,3,40,7,44,30,0,0,3128,171,0,10,0,977,234,0,20,0,527,1,0,0,0,219,0,0,9,0,195,945,36,14,0,0,9,0,2,0,0,2,2,0,0
3,33,0,5,5,6,0,1.011957,0.976603,1.031777,5,6,1084,100,100,0,0,0,0,36,100,36,3,40,3,3,0,0,0,2976,167,0,0,0,971,208,0,0,0,533,0,0,2,0,250,0,0,1,0,151,1082,4,2,0,0,5,1,0,0,0,0,0,0,0
3,33,1,46,5,6,0,1.007796,0.993555,1.029094,43,8,1334,100,100,0,0,0,36,0,64,62,3,40,3,55,42,0,0,2976,157,0,14,0,971,454,0,28,0,533,1,0,6,0,250,0,0,8,0,151,1176,32,22,0,0,123,3,1,0,0,1,1,0,0
3,33,2,53,5,6,0,1.003976,1.004733,1.018821,49,8,1334,100,100,0,0,0,100,64,0,52,3,40,3,124,39,0,0,2976,298,0,13,0,971,479,0,26,0,533,0,0,4,0,250,0,0,11,0,151,1161,44,19,0,0,23,2,1,0,0,1,1,0,0
3,33,3,30,5,6,0,1.017092,1.034099,1.017762,25,5,959,100,100,0,0,0,36,62,52,0,3,40,3,49,27,0,0,2976,196,0,9,0,971,243,0,18,0,533,1,0,0,0,250,0,0,3,0,151,946,12,13,0,0,7,0,2,0,0,2,2,0,0
3,34,0,6,6,8,0,1.018838,0.975939,1.047428,5,6,1084,100,100,0,0,0,0,36,100,38,3,40,2,5,0,0,0,3056,170,0,0,0,977,208,0,0,0,469,0,0,6,0,271,0,0,0,0,151,1078,0,6,0,0,8,3,0,0,0,0,0,0,0
3,34,1,44,6,8,0,1.008803,0.992787,1.028409,40,8,1334,100,100,0,0,0,36,0,66,64,3,40,2,57,39,0,0,3056,170,0,13,0,977,467,0,26,0,469,0,0,28,0,271,0,0,0,0,151,1166,0,43,0,0,136,14,1,0,0,1,1,0,0
3,34,2,54,6,8,0,1.001393,1.004677,1.019023,49,8,1334,100,100,0,0,0,100,66,0,52,3,40,2,122,42,0,0,3056,231,0,14,0,977,493,0,28,0,469,1,0,20,0,271,0,0,1,0,151,1202,4,38,0,0,31,10,2,0,0,2,2,0,0
3,34,3,28,6,8,0,1.013118,1.039053,1.015379,25,5,959,100,100,0,0,0,38,64,52,0,3,40,2,50,24,0,0,3056,222,0,8,0,977,251,0,16,0,469,0,0,10,0,271,0,0,0,0,151,939,0,20,0,0,11,5,1,0,0,1,1,0,0
3,35,0,7,7,0,0,1.01524,0.968584,1.056799,5,6,1084,100,100,0,0,0,0,38,100,40,3,40,2,6,0,0,0,3112,180,0,0,0,971,208,0,0,0,505,1,0,2,0,245,0,0,3,0,111,1082,12,4,0,0,8,1,1,0,0,1,1,0,0
3,35,1,46,7,0,0,1.011667,0.991285,1.029655,41,8,1334,100,100,0,0,0,38,0,68,66,3,40,2,67,45,0,0,3112,183,0,15,0,971,482,0,30,0,505,0,0,12,0,245,0,0,15,0,111,1228,60,31,0,0,140,6,2,0,0,2,2,0,0
3,35,2,55,7,0,0,1.001312,1.001968,1.018197,51,8,1334,100,100,0,0,0,100,68,0,52,3,40,2,125,48,0,0,3112,161,0,16,0,971,509,0,32,0,505,0,0,16,0,245,0,0,9,0,111,1277,36,36,0,0,37,8,2,0,0,2,2,0,0
3,35,3,31,7,0,0,1.018433,1.037572,1.014035,26,5,959,100,100,0,0,0,40,66,52,0,3,40,2,55,24,0,0,3112,186,0,8,0,971,259,0,16,0,505,1,0,8,0,245,0,0,0,0,111,941,0,18,0,0,14,4,1,0,0,1,1,0,0
3,36,0,7,7,5,0,1.01524,0.968584,1.056799,6,6,1084,100,100,0,0,0,0,42,100,42,3,40,3,5,0,0,0,2880,173,0,0,0,968,208,0,0,0,491,0,0,6,0,262,0,0,1,0,186,1076,4,8,0,0,10,3,1,0,0,1,1,0,0
3,36,1,47,7,5,0,1.017571,0.996245,1.030517,41,8,1334,100,100,0,0,0,42,0,70,68,3,40,3,73,45,0,0,2880,202,0,15,0,968,497,0,30,0,491,1,0,10,0,262,0,0,4,0,186,1251,16,29,0,0,143,5,2,0,0,2,2,0,0
3,36,2,57,7,5,0,1.004288,0.999883,1.01941,53,8,1334,100,100,0,0,0,100,70,0,54,3,40,3,131,51,0,0,2880,249,0,17,0,968,526,0,34,0,491,1,0,20,0,262,0,0,3,0,186,1280,12,39,0,0,46,10,1,0,0,1,1,0,0
3,36,3,30,7,5,0,1.019631,1.036633,1.015583,24,5,959,100,100,0,0,0,42,68,54,0,3,40,3,54,21,0,0,2880,228,0,7,0,968,266,0,14,0,491,1,0,8,0,262,0,0,1,0,186,940,4,19,0,0,16,4,2,0,0,2,2,0,0
3,37,0,7,5,3,0,1.01524,0.968584,1.056799,7,6,1084,100,100,0,0,0,0,44,100,44,3,40,8,3,0,0,0,3103,183,0,0,0,980,208,0,0,0,526,1,0,2,0,233,0,0,3,0,102,1084,12,2,0,0,11,1,0,0,0,0,0,0,0
3,37,1,50,5,3,0,1.019059,0.999075,1.028622,43,8,1334,100,100,0,0,0,44,0,72,70,3,40,8,78,45,0,0,3103,220,0,15,0,980,512,0,30,0,526,0,0,6,0,233,0,0,12,0,102,1315,48,25,0,0,144,3,2,0,0,2,2,0,0
3,37,2,56,5,3,0,1.001695,1.000236,1.018903,52,8,1334,100,100,0,0,0,100,72,0,56,3,40,8,126,45,0,0,3103,177,0,15,0,980,532,0,30,0,526,0,0,10,0,233,0,0,16,0,102,1315,64,29,0,0,49,5,2,0,0,2,2,0,0
3,37,3,30,5,3,0,1.018771,1.03552,1.0155,25,5,959,100,100,0,0,0,44,70,56,0,3,40,8,49,18,0,0,3103,192,0,6,0,980,272,0,12,0,526,0,0,2,0,233,0,0,8,0,102,949,32,12,0,0,15,1,2,0,0,2,2,0,0
3,38,0,8,7,3,0,1.013175,0.97082,1.057731,7,6,1084,100,100,0,0,0,0,46,100,46,3,40,2,5,0,0,0,2936,176,0,0,0,974,208,0,0,0,504,1,0,6,0,272,0,0,0,0,142,1078,0,6,0,0,14,3,0,0,0,0,0,0,0
3,38,1,50,7,3,0,1.018619,0.998459,1.029332,44,8,1334,100,100,0,0,0,46,0,74,72,3,40,2,84,45,0,0,2936,155,0,15,0,974,527,0,30,0,504,0,0,16,0,272,0,0,0,0,142,1297,0,37,0,0,149,8,3,0,0,3,3,0,0
3,38,2,58,7,3,0,1.00186,0.994507,1.02113,52,8,1334,100,100,0,0,0,100,74,0,56,3,40,2,125,45,0,0,2936,266,0,15,0,974,547,0,30,0,504,0,0,10,0,272,0,0,0,0,142,1307,0,27,0,0,53,5,1,0,0,1,1,0,0
3,38,3,31,7,3,0,1.018907,1.034332,1.014807,27,6,1084,100,100,0,0,0,46,72,56,0,3,40,2,45,18,0,0,2936,252,0,6,0,974,278,0,12,0,504,0,0,8,0,272,0,0,0,0,142,924,0,35,0,0,0,4,19,0,0,2,2,0,0
3,39,0,8,6,5,0,1.013175,0.97082,1.057731,7,6,1084,100,100,0,0,0,0,48,100,46,3,40,11,2,0,0,0,3112,168,0,0,0,988,208,0,0,0,533,1,0,0,0,218,0,0,6,0,283,1082,24,2,0,0,13,0,1,0,0,1,1,0,0
3,39,1,52,6,5,0,1.019725,0.998336,1.028309,46,8,1334,100,100,0,0,0,48,0,76,74,3,40,11,91,48,0,0,3112,177,0,16,0,988,540,0,32,0,533,1,0,4,0,218,0,0,15,0,283,1314,60,24,0,0,149,2,2,0,0,2,2,0,0
3,39,2,59,6,5,0,0.999326,0.998346,1.019909,51,8,1334,100,100,0,0,0,100,76,0,58,3,40,11,122,48,0,0,3112,192,0,16,0,988,552,0,32,0,533,0,0,4,0,218,0,0,18,0,283,1312,72,26,0,0,52,2,3,0,0,3,3,0,0
3,39,3,29,6,5,0,1.01822,1.03285,1.014559,27,6,1084,100,100,0,0,0,46,74,58,0,3,40,11,35,15,0,0,3112,216,0,5,0,988,280,0,10,0,533,0,0,2,0,218,0,0,9,0,283,956,36,9,0,0,0,1,1,0,0,1,1,0,0
3,40,0,7,5,3,0,1.007451,0.970563,1.048023,7,6,1084,100,100,0,0,0,0,50,100,46,3,40,4,3,0,0,0,2926,176,0,0,0,968,208,0,0,0,518,1,0,4,0,253,0,0,1,0,127,1080,4,4,0,0,15,2,0,0,0,0,0,0,0
3,40,1,55,5,3,0,1.016829,0.99843,1.027954,48,8,1334,100,100,0,0,0,50,0,78,78,3,40,4,99,54,0,0,2926,193,0,18,0,968,558,0,36,0,518,1,0,10,0,253,0,0,7,0,127,1312,28,32,0,0,152,5,2,0,0,2,2,0,0
3,40,2,58,5,3,0,1.000772,0.998691,1.019898,52,8,1334,100,100,0,0,0,100,78,0,60,3,40,4,122,51,0,0,2926,280,0,17,0,968,569,0,34,0,518,1,0,8,0,253,0,0,10,0,127,1311,40,31,0,0,53,4,3,0,0,3,3,0,0
3,40,3,30,5,3,0,1.017717,1.030743,1.016868,28,6,1084,100,100,0,0,0,46,78,60,0,3,40,4,30,15,0,0,2926,182,0,5,0,968,285,0,10,0,518,1,0,2,0,253,0,0,1,0,127,1026,4,9,0,0,0,1,1,0,0,1,1,0,0
