graine,jour,faction,population,naissances_total,morts_total,predations_total,vitesse,taille,perception,armes_equipees,reserves,capacite,defenses_fin,defenses_min_jour,raids_cumul,coalitions_cumul,plans,confiance_0,confiance_1,confiance_2,confiance_3,allies,nourriture_aube,carte_nourriture,stock_nourriture,production_nourriture,consommation_nourriture,sac_nourriture,carte_eau,stock_eau,production_eau,consommation_eau,sac_eau,carte_terre,stock_terre,production_terre,consommation_terre,sac_terre,carte_minerai,stock_minerai,production_minerai,consommation_minerai,sac_minerai,carte_charbon,stock_charbon,production_charbon,consommation_charbon,sac_charbon,carte_energie,stock_energie,production_energie,consommation_energie,sac_energie,carte_fer,stock_fer,production_fer,consommation_fer,sac_fer,carte_armes,stock_armes,production_armes,consommation_armes,sac_armes
2,1,0,110,50,13,0,0.998721,1.002444,1.000272,0,0,667,100,100,0,0,2,0,-100,-100,100,1,160,7,112,72,0,0,5624,402,0,24,0,1859,121,0,48,0,981,0,0,90,0,514,6,0,48,0,304,250,192,148,0,0,28,45,17,0,0,17,17,0,0
2,1,1,109,50,13,0,0.999829,1.003143,1.002445,0,0,667,100,100,0,0,2,-100,0,100,-100,1,160,7,111,72,0,0,5624,393,0,24,0,1859,124,0,48,0,981,0,0,88,0,514,11,0,49,0,304,256,196,146,0,0,27,44,17,0,0,17,17,0,0
2,1,2,108,50,13,0,0.997127,1.00291,1.00145,0,0,667,100,100,0,0,2,-100,100,0,-100,1,160,7,106,72,0,0,5624,387,0,24,0,1859,124,0,48,0,981,0,0,98,0,514,5,0,49,0,304,249,196,156,0,0,32,49,17,0,0,17,17,0,0
2,1,3,110,50,13,0,1.000678,1.0044,1.004034,0,0,667,100,100,0,0,2,100,-100,-100,0,1,160,7,106,72,0,0,5624,402,0,24,0,1859,124,0,48,0,981,1,0,82,0,514,5,0,49,0,304,264,196,140,0,0,24,41,17,0,0,17,17,0,0
2,2,0,115,45,20,0,1.000634,0.999433,0.996151,16,0,667,100,100,0,0,2,0,-100,-100,100,1,160,17,110,81,0,0,5568,465,0,27,0,1805,148,0,54,0,792,0,0,72,0,536,0,0,6,0,301,210,24,133,0,0,47,36,17,0,0,17,17,0,0
2,2,1,114,45,20,0,0.998358,1.001043,0.999701,14,0,667,100,100,0,0,2,-100,0,100,-100,1,160,17,110,78,0,0,5568,458,0,26,0,1805,150,0,52,0,792,1,0,58,0,536,0,0,11,0,301,266,44,118,0,0,39,29,17,0,0,17,17,0,0
2,2,2,117,45,20,0,0.998904,1.00507,1.003096,15,0,667,100,100,0,0,2,-100,100,0,-100,1,160,17,125,87,0,0,5568,458,0,29,0,1805,153,0,58,0,792,0,0,70,0,536,0,0,5,0,301,207,20,133,0,0,50,35,17,0,0,17,17,0,0
2,2,3,116,45,20,0,1.002672,1.003235,1.004074,15,0,667,100,100,0,0,2,100,-100,-100,0,1,160,17,121,87,0,0,5568,431,0,29,0,1805,147,0,58,0,792,1,0,76,0,536,0,0,5,0,301,217,20,139,0,0,45,38,17,0,0,17,17,0,0
2,3,0,114,49,37,0,0.99703,0.996646,0.995856,33,0,667,100,100,0,0,2,0,-100,-100,100,1,160,8,113,84,0,0,6218,322,0,28,0,1849,164,0,56,0,738,1,0,62,0,532,0,0,0,0,214,186,0,124,0,0,61,31,17,0,0,17,17,0,0
2,3,1,111,49,37,0,0.997391,0.999517,1.000313,27,0,667,100,100,0,0,2,-100,0,100,-100,1,160,8,100,69,0,0,6218,321,0,23,0,1849,168,0,46,0,738,0,0,50,0,532,0,0,1,0,214,263,4,107,0,0,47,25,17,0,0,17,17,0,0
2,3,2,123,49,37,0,0.999099,1.003381,1.000891,28,0,667,100,100,0,0,2,-100,100,0,-100,1,160,8,129,87,0,0,6218,312,0,29,0,1849,164,0,58,0,738,1,0,70,0,532,0,0,1,0,214,178,4,133,0,0,68,35,17,0,0,17,17,0,0
2,3,3,126,49,37,0,1.005434,1.004303,1.003828,30,0,667,100,100,0,0,2,100,-100,-100,0,1,160,8,127,81,0,0,6218,470,0,27,0,1849,162,0,54,0,738,0,0,92,0,532,0,0,2,0,214,158,8,153,0,0,74,46,17,0,0,17,17,0,0
2,4,0,116,42,25,0,1.001498,0.997617,0.996866,46,0,667,100,100,0,0,2,0,-100,-100,100,1,160,18,114,87,0,0,5688,419,0,29,0,1822,188,0,58,0,804,0,0,54,0,481,0,0,11,0,187,187,44,117,0,0,71,27,17,0,0,17,17,0,0
2,4,1,114,42,25,0,1.000552,0.996176,0.996416,43,0,667,100,100,0,0,2,-100,0,100,-100,1,160,18,95,72,0,0,5688,410,0,24,0,1822,192,0,48,0,804,0,0,46,0,481,0,0,12,0,187,300,48,104,0,0,53,23,17,0,0,17,17,0,0
2,4,2,127,42,25,0,1.000966,1.004282,1.001341,41,0,667,100,100,0,0,2,-100,100,0,-100,1,160,18,123,84,0,0,5688,377,0,28,0,1822,189,0,56,0,804,1,0,76,0,481,0,0,17,0,187,192,68,138,0,0,89,38,17,0,0,17,17,0,0
2,4,3,134,42,25,0,1.006911,1.003538,1.001281,45,0,667,100,100,0,0,2,100,-100,-100,0,1,160,18,117,81,0,0,5688,317,0,27,0,1822,186,0,54,0,804,0,0,84,0,481,0,0,15,0,187,222,60,145,0,0,99,42,17,0,0,17,17,0,0
2,5,0,112,33,39,0,1.003521,0.99764,0.994928,58,0,667,100,100,0,0,2,0,-100,-100,100,1,160,4,107,78,0,0,5482,515,0,26,0,1822,214,0,52,0,965,1,0,20,0,448,0,0,6,0,194,216,24,80,0,0,64,10,17,0,0,17,17,0,0
2,5,1,111,33,39,0,1.006264,0.996965,0.997257,56,0,667,100,100,0,0,2,-100,0,100,-100,1,160,4,93,69,0,0,5482,463,0,23,0,1822,209,0,46,0,965,0,0,22,0,448,0,0,15,0,194,398,60,79,0,0,47,11,17,0,0,17,17,0,0
2,5,2,131,33,39,0,1.002524,1.005262,0.999135,55,0,667,100,100,0,0,2,-100,100,0,-100,1,160,4,119,87,0,0,5482,455,0,29,0,1822,213,0,58,0,965,1,0,20,0,448,0,0,37,0,194,356,148,83,0,0,82,10,17,0,0,17,17,0,0
2,5,3,131,33,39,0,1.011408,1.002032,0.997945,57,0,667,100,100,0,0,2,100,-100,-100,0,1,160,4,95,72,0,0,5482,391,0,24,0,1822,210,0,48,0,965,0,0,30,0,448,0,0,23,0,194,322,92,88,0,0,97,15,17,0,0,17,17,0,0
2,6,0,121,32,30,0,1.006125,0.996721,0.995722,73,0,667,100,100,0,0,2,0,-100,-100,100,1,160,0,109,81,0,0,5968,376,0,27,0,1823,241,0,54,0,913,1,0,30,0,462,0,0,19,0,110,350,76,91,0,0,62,15,17,0,0,17,17,0,0
2,6,1,107,32,30,0,1.004967,0.995895,0.994218,71,0,667,100,100,0,0,2,-100,0,100,-100,1,160,0,93,72,0,0,5968,328,0,24,0,1823,233,0,48,0,913,0,0,32,0,462,0,0,10,0,110,486,40,86,0,0,48,16,15,0,0,15,15,0,0
2,6,2,135,32,30,0,1.003278,1.004549,0.998843,70,0,667,100,100,0,0,2,-100,100,0,-100,1,160,0,121,93,0,0,5968,549,0,31,0,1823,244,0,62,0,913,0,0,44,0,462,0,0,20,0,110,417,80,109,0,0,87,22,17,0,0,17,17,0,0
2,6,3,124,32,30,0,1.013269,1.003069,0.999248,72,0,667,100,100,0,0,2,100,-100,-100,0,1,160,0,94,78,0,0,5968,410,0,26,0,1823,233,0,52,0,913,0,0,48,0,462,0,0,25,0,110,410,100,108,0,0,104,24,17,0,0,17,17,0,0
2,7,0,123,24,33,0,1.005638,0.994171,0.994771,87,0,667,100,100,0,0,2,0,-100,-100,100,1,160,1,107,81,0,0,5759,465,0,27,0,1817,265,0,54,0,888,1,0,50,0,460,0,0,15,0,170,399,60,107,0,0,72,25,15,0,0,15,15,0,0
2,7,1,107,24,33,0,1.007802,1.000198,0.995786,82,0,667,100,100,0,0,2,-100,0,100,-100,1,160,1,97,72,0,0,5759,395,0,24,0,1817,257,0,48,0,888,1,0,32,0,460,0,0,9,0,170,540,36,74,0,0,55,16,9,0,0,9,9,0,0
2,7,2,134,24,33,0,1.005055,1.004531,0.99762,85,0,667,100,100,0,0,2,-100,100,0,-100,1,160,1,115,93,0,0,5759,383,0,31,0,1817,275,0,62,0,888,1,0,44,0,460,0,0,26,0,170,562,104,109,0,0,92,22,17,0,0,17,17,0,0
2,7,3,114,24,33,0,1.012507,1.005206,1.003098,85,0,667,100,100,0,0,2,100,-100,-100,0,1,160,1,88,72,0,0,5759,428,0,24,0,1817,257,0,48,0,888,0,0,56,0,460,0,0,19,0,170,472,76,106,0,0,119,28,13,0,0,13,13,0,0
2,8,0,122,32,39,0,1.007694,0.996814,0.993642,99,1,917,100,100,0,0,2,0,-100,-100,100,1,160,0,106,84,0,0,5784,314,0,28,0,1888,273,0,56,0,988,1,0,14,0,369,0,0,46,0,164,589,184,92,0,0,37,7,42,0,0,8,8,0,0
2,8,1,109,32,39,0,1.009216,0.9979,0.998131,86,1,917,100,100,0,0,2,-100,0,100,-100,1,160,0,99,75,0,0,5784,487,0,25,0,1888,269,0,50,0,988,1,0,18,0,369,0,0,26,0,164,594,104,91,0,0,23,9,41,0,0,7,7,0,0
2,8,2,131,32,39,0,1.006628,0.999385,0.997041,97,1,917,100,100,0,0,2,-100,100,0,-100,1,160,0,123,96,0,0,5784,433,0,32,0,1888,278,0,64,0,988,0,0,22,0,369,0,0,48,0,164,575,192,114,0,0,56,11,47,0,0,13,13,0,0
2,8,3,109,32,39,0,1.012043,1.000099,1.000476,93,1,917,100,100,0,0,2,100,-100,-100,0,1,160,0,101,75,0,0,5784,409,0,25,0,1888,270,0,50,0,988,1,0,30,0,369,0,0,44,0,164,598,176,99,0,0,95,15,39,0,0,5,5,0,0
2,9,0,119,32,32,0,1.009473,0.994834,0.992495,102,1,917,100,100,0,0,2,0,-100,-100,100,1,160,19,104,78,0,0,5776,398,0,26,0,1805,299,0,52,0,803,1,0,74,0,536,0,0,0,0,244,551,0,108,0,0,70,37,4,0,0,4,4,0,0
2,9,1,111,32,32,0,1.01001,0.995933,0.994512,91,1,917,100,100,0,0,2,-100,0,100,-100,1,160,19,99,75,0,0,5776,353,0,25,0,1805,294,0,50,0,803,1,0,42,0,536,0,0,0,0,244,621,0,79,0,0,38,21,6,0,0,6,6,0,0
2,9,2,133,32,32,0,1.009533,0.99704,0.998306,105,1,917,100,100,0,0,2,-100,100,0,-100,1,160,19,119,93,0,0,5776,503,0,31,0,1805,309,0,62,0,803,1,0,74,0,536,0,0,0,0,244,543,0,125,0,0,83,37,10,0,0,10,10,0,0
2,9,3,108,32,32,0,1.011729,0.998971,0.999291,93,1,917,100,100,0,0,2,100,-100,-100,0,1,160,19,93,69,0,0,5776,397,0,23,0,1805,293,0,46,0,803,1,0,78,0,536,0,0,0,0,244,573,0,109,0,0,130,39,4,0,0,4,4,0,0
2,10,0,117,31,33,0,1.010375,0.996141,0.993154,103,1,917,100,100,0,0,2,0,-100,-100,100,1,160,13,105,78,0,0,5824,461,0,26,0,1836,325,0,52,0,801,0,0,66,0,535,0,0,0,0,204,541,0,98,0,0,100,33,3,0,0,3,3,0,0
2,10,1,106,31,33,0,1.009136,0.992836,0.992974,94,1,917,100,100,0,0,2,-100,0,100,-100,1,160,13,96,66,0,0,5824,444,0,22,0,1836,316,0,44,0,801,0,0,46,0,535,0,0,0,0,204,636,0,74,0,0,58,23,3,0,0,3,3,0,0
2,10,2,133,31,33,0,1.011123,0.998782,0.998605,113,1,917,100,100,0,0,2,-100,100,0,-100,1,160,13,108,90,0,0,5824,340,0,30,0,1836,339,0,60,0,801,0,0,82,0,535,0,0,1,0,204,531,4,128,0,0,116,41,8,0,0,8,8,0,0
2,10,3,113,31,33,0,1.010364,0.997395,1.00354,94,1,917,100,100,0,0,2,100,-100,-100,0,1,160,13,100,75,0,0,5824,376,0,25,0,1836,314,0,50,0,801,1,0,80,0,535,0,0,0,0,204,548,0,115,0,0,165,40,5,0,0,5,5,0,0
2,11,0,114,32,36,0,1.012266,0.994868,0.996923,100,1,917,100,100,0,0,2,0,-100,-100,100,1,160,9,97,75,0,0,6097,319,0,25,0,1851,350,0,50,0,974,0,0,14,0,375,0,0,36,0,178,748,144,47,0,0,103,7,4,0,0,4,4,0,0
2,11,1,112,32,36,0,1.008213,0.99288,0.991677,95,2,1167,100,100,0,0,2,-100,0,100,-100,1,160,9,92,69,0,0,6097,315,0,23,0,1851,333,0,46,0,974,0,0,16,0,375,0,0,33,0,178,799,132,81,0,0,28,8,38,0,0,4,4,0,0
2,11,2,125,32,36,0,1.010687,1.000168,0.999465,110,1,917,100,100,0,0,2,-100,100,0,-100,1,160,9,109,81,0,0,6097,361,0,27,0,1851,366,0,54,0,974,1,0,32,0,375,0,0,44,0,178,740,176,65,0,0,129,16,3,0,0,3,3,0,0
2,11,3,114,32,36,0,1.012523,0.997504,1.005985,98,2,1167,100,100,0,0,2,100,-100,-100,0,1,160,9,103,78,0,0,6097,353,0,26,0,1851,330,0,52,0,974,1,0,20,0,375,1,0,47,0,178,746,188,90,0,0,136,10,39,0,0,5,5,0,0
2,12,0,112,37,43,0,1.013128,0.995365,0.999208,97,2,1167,100,100,0,0,2,0,-100,-100,100,1,160,0,99,72,0,0,5586,411,0,24,0,1840,374,0,48,0,858,1,0,38,0,487,0,0,10,0,257,759,40,104,0,0,84,19,38,0,0,4,4,0,0
2,12,1,111,37,43,0,1.009736,0.99265,0.99555,97,2,1167,100,100,0,0,2,-100,0,100,-100,1,160,0,98,72,0,0,5586,411,0,24,0,1840,355,0,48,0,858,1,0,36,0,487,0,0,9,0,257,855,36,66,0,0,43,18,3,0,0,3,3,0,0
2,12,2,123,37,43,0,1.011372,0.998297,0.999806,109,1,917,100,100,0,0,2,-100,100,0,-100,1,160,0,118,84,0,0,5586,400,0,28,0,1840,394,0,56,0,858,1,0,68,0,487,0,0,13,0,257,778,52,100,0,0,161,34,2,0,0,2,2,0,0
2,12,3,113,37,43,0,1.01621,0.999073,1.005626,98,2,1167,100,100,0,0,2,100,-100,-100,0,1,160,0,105,72,0,0,5586,343,0,24,0,1840,354,0,48,0,858,0,0,68,0,487,0,0,15,0,257,801,60,98,0,0,167,34,3,0,0,3,3,0,0
2,13,0,115,34,28,0,1.01376,0.992487,0.996559,95,2,1167,100,100,0,0,2,0,-100,-100,100,1,160,4,109,81,0,0,5625,478,0,27,0,1831,394,0,54,0,901,0,0,40,0,452,0,0,17,0,248,824,68,77,0,0,99,20,5,0,0,5,5,0,0
2,13,1,107,34,28,0,1.009118,0.991681,0.994132,96,2,1167,100,100,0,0,2,-100,0,100,-100,1,160,4,98,72,0,0,5625,477,0,24,0,1831,376,0,48,0,901,1,0,30,0,452,0,0,19,0,248,964,76,60,0,0,55,15,3,0,0,3,3,0,0
2,13,2,129,34,28,0,1.015385,0.998594,0.998608,109,2,1167,100,100,0,0,2,-100,100,0,-100,1,160,4,122,90,0,0,5625,439,0,30,0,1831,423,0,60,0,901,1,0,48,0,452,0,0,24,0,248,843,96,120,0,0,147,24,38,0,0,4,4,0,0
2,13,3,114,34,28,0,1.016404,0.998368,1.007653,99,2,1167,100,100,0,0,2,100,-100,-100,0,1,160,4,107,78,0,0,5625,348,0,26,0,1831,380,0,52,0,901,0,0,54,0,452,0,0,21,0,248,886,84,88,0,0,190,27,4,0,0,4,4,0,0
2,14,0,121,36,14,0,1.014592,0.98912,0.99488,98,2,1167,100,100,0,0,2,0,-100,-100,100,1,160,16,116,90,0,0,6047,333,0,30,0,1799,424,0,60,0,859,0,0,42,0,526,0,0,4,0,101,902,16,88,0,0,112,21,8,0,0,8,8,0,0
2,14,1,114,36,14,0,1.00979,0.990775,0.994201,97,3,1417,100,100,0,0,2,-100,0,100,-100,1,160,16,100,75,0,0,6047,345,0,25,0,1799,401,0,50,0,859,1,0,46,0,526,0,0,1,0,101,1005,4,113,0,0,40,23,38,0,0,4,4,0,0
2,14,2,132,36,14,0,1.015576,0.996647,0.998979,109,2,1167,100,100,0,0,2,-100,100,0,-100,1,160,16,121,96,0,0,6047,470,0,32,0,1799,455,0,64,0,859,0,0,62,0,526,0,0,2,0,101,836,8,108,0,0,171,31,7,0,0,7,7,0,0
2,14,3,120,36,14,0,1.017564,0.99836,1.003922,101,2,1167,100,100,0,0,2,100,-100,-100,0,1,160,16,113,84,0,0,6047,351,0,28,0,1799,408,0,56,0,859,0,0,64,0,526,0,0,3,0,101,896,12,102,0,0,217,32,5,0,0,5,5,0,0
2,15,0,126,42,24,0,1.016961,0.987013,0.993955,104,2,1167,100,100,0,0,2,0,-100,-100,100,1,160,6,122,93,0,0,5809,389,0,31,0,1788,452,0,62,0,784,0,0,74,0,528,0,0,3,0,218,884,12,121,0,0,141,37,8,0,0,8,8,0,0
2,15,1,115,42,24,0,1.011274,0.99083,0.996,97,3,1417,100,100,0,0,2,-100,0,100,-100,1,160,6,107,75,0,0,5809,430,0,25,0,1788,426,0,50,0,784,1,0,52,0,528,0,0,0,0,218,1007,0,83,0,0,63,26,3,0,0,3,3,0,0
2,15,2,136,42,24,0,1.017953,0.994186,0.997939,112,2,1167,100,100,0,0,2,-100,100,0,-100,1,160,6,128,96,0,0,5809,306,0,32,0,1788,487,0,64,0,784,0,0,82,0,528,0,0,1,0,218,826,4,126,0,0,206,41,6,0,0,6,6,0,0
2,15,3,128,42,24,0,1.021166,0.994728,1.004881,104,2,1167,100,100,0,0,2,100,-100,-100,0,1,160,6,125,90,0,0,5809,360,0,30,0,1788,437,0,60,0,784,1,0,76,0,528,0,0,4,0,218,874,16,120,0,0,248,38,7,0,0,7,7,0,0
2,16,0,134,39,21,0,1.019115,0.988619,0.995988,108,3,1417,100,100,0,0,2,0,-100,-100,100,1,160,0,126,93,0,0,5560,448,0,31,0,1754,480,0,62,0,939,0,0,28,0,336,0,0,54,0,222,1088,216,107,0,0,114,14,41,0,0,7,7,0,0
2,16,1,120,39,21,0,1.013785,0.988269,0.992486,98,3,1417,100,100,0,0,2,-100,0,100,-100,1,160,0,120,81,0,0,5560,528,0,27,0,1754,453,0,54,0,939,0,0,20,0,336,0,0,36,0,222,1182,144,59,0,0,67,10,6,0,0,6,6,0,0
2,16,2,139,39,21,0,1.02136,0.994835,0.99966,112,3,1417,100,100,0,0,2,-100,100,0,-100,1,160,0,125,99,0,0,5560,345,0,33,0,1754,520,0,66,0,939,0,0,38,0,336,0,0,48,0,222,997,192,123,0,0,182,19,43,0,0,9,9,0,0
2,16,3,130,39,21,0,1.021382,0.992391,1.005353,106,3,1417,100,100,0,0,2,100,-100,-100,0,1,160,0,133,102,0,0,5560,366,0,34,0,1754,471,0,68,0,939,0,0,40,0,336,7,0,50,0,222,1035,200,126,0,0,225,20,43,0,0,9,9,0,0
2,17,0,140,36,36,0,1.01944,0.988465,0.993443,111,3,1417,100,100,0,0,2,0,-100,-100,100,1,160,4,124,93,0,0,5788,498,0,31,0,1761,508,0,62,0,765,1,0,76,0,536,0,0,0,0,98,1068,0,123,0,0,144,38,8,0,0,8,8,0,0
2,17,1,114,36,36,0,1.011833,0.990388,0.993979,100,4,1667,100,100,0,0,2,-100,0,100,-100,1,160,4,110,84,0,0,5788,380,0,28,0,1761,481,0,56,0,765,1,0,48,0,536,0,0,0,0,98,1229,0,118,0,0,53,24,38,0,0,4,4,0,0
2,17,2,136,36,36,0,1.02303,0.994725,1.00033,113,3,1417,100,100,0,0,2,-100,100,0,-100,1,160,4,133,99,0,0,5788,378,0,33,0,1761,552,0,66,0,765,1,0,80,0,536,0,0,0,0,98,966,0,127,0,0,215,40,7,0,0,7,7,0,0
2,17,3,133,36,36,0,1.024592,0.989666,1.00432,110,3,1417,100,100,0,0,2,100,-100,-100,0,1,160,4,145,102,0,0,5788,362,0,34,0,1761,505,0,68,0,765,2,0,98,0,536,0,0,7,0,98,1002,28,148,0,0,266,49,8,0,0,8,8,0,0
2,18,0,125,42,99,0,1.02261,0.987478,0.990447,99,4,1667,100,100,0,0,2,0,-100,-100,100,1,160,2,91,69,0,0,5766,335,0,23,0,1763,528,0,46,0,880,1,0,14,0,406,0,0,38,0,126,1281,152,89,0,0,108,7,43,0,0,9,9,0,0
2,18,1,107,42,99,0,1.014275,0.989714,0.990814,91,4,1667,100,100,0,0,2,-100,0,100,-100,1,160,2,113,81,0,0,5766,442,0,27,0,1763,508,0,54,0,880,1,0,12,0,406,0,0,27,0,126,1394,108,45,0,0,56,6,3,0,0,3,3,0,0
2,18,2,117,42,99,0,1.02549,0.989293,0.998938,94,3,1417,100,100,0,0,2,-100,100,0,-100,1,160,2,108,75,0,0,5766,450,0,25,0,1763,577,0,50,0,880,0,0,20,0,406,0,0,32,0,126,1146,128,59,0,0,218,10,7,0,0,7,7,0,0
2,18,3,117,42,99,0,1.030363,0.97817,0.998252,90,3,1417,100,100,0,0,2,100,-100,-100,0,1,160,2,142,90,0,0,5766,361,0,30,0,1763,535,0,60,0,880,0,0,26,0,406,0,0,33,0,126,1165,132,70,0,0,272,13,7,0,0,7,7,0,0
2,19,0,115,34,28,1,1.022087,0.98677,0.989703,100,4,1667,100,100,0,0,2,0,-100,-100,100,1,160,8,90,72,0,0,5724,406,0,24,0,1901,528,0,48,0,998,0,0,20,0,454,0,0,15,0,149,1387,60,54,0,0,113,10,5,0,0,5,5,0,0
2,19,1,112,34,28,1,1.012359,0.988109,0.9877,93,5,1917,100,100,0,0,2,-100,0,100,-100,1,160,8,126,87,0,0,5724,306,0,29,0,1901,522,0,58,0,998,1,0,8,0,454,0,0,24,0,149,1544,96,83,0,0,20,4,40,0,0,6,6,0,0
2,19,2,119,34,28,1,1.027914,0.988041,0.997993,96,4,1667,100,100,0,0,2,-100,100,0,-100,1,160,8,112,84,0,0,5724,529,0,28,0,1901,575,0,56,0,998,0,0,12,0,454,0,0,28,0,149,1275,112,90,0,0,182,6,42,0,0,8,8,0,0
2,19,3,126,34,28,1,1.032511,0.97759,0.999403,93,4,1667,100,100,0,0,2,100,-100,-100,0,1,160,8,157,96,0,0,5724,396,0,32,0,1901,537,0,64,0,998,0,0,32,0,454,0,0,15,0,149,1205,60,118,0,0,244,16,44,0,0,10,10,0,0
2,20,0,107,30,57,0,1.026918,0.990243,0.994096,95,5,1917,100,100,0,0,2,0,-100,-100,100,1,160,15,93,75,0,0,5710,498,0,25,0,1823,546,0,50,0,980,1,0,20,0,458,0,0,16,0,102,1439,64,87,0,0,85,10,38,0,0,4,4,0,0
2,20,1,111,30,57,0,1.0157,0.987475,0.988267,91,5,1917,100,100,0,0,2,-100,0,100,-100,1,160,15,130,81,0,0,5710,412,0,27,0,1823,544,0,54,0,980,1,0,14,0,458,0,0,22,0,102,1656,88,51,0,0,22,7,5,0,0,5,5,0,0
2,20,2,115,30,57,0,1.032804,0.989659,0.996083,94,5,1917,100,100,0,0,2,-100,100,0,-100,1,160,15,96,69,0,0,5710,387,0,23,0,1823,593,0,46,0,980,0,0,16,0,458,0,0,11,0,102,1431,44,87,0,0,149,8,41,0,0,7,7,0,0
2,20,3,112,30,57,0,1.036951,0.979892,0.998897,85,4,1667,100,100,0,0,2,100,-100,-100,0,1,160,15,146,84,0,0,5710,447,0,28,0,1823,549,0,56,0,980,0,0,30,0,458,0,0,26,0,102,1306,104,78,0,0,249,15,10,0,0,10,10,0,0
2,21,0,109,38,26,0,1.030423,0.988685,0.995142,96,5,1917,100,100,0,0,2,0,-100,-100,100,1,160,4,97,75,0,0,5912,366,0,25,0,1811,571,0,50,0,932,0,0,30,0,514,0,0,1,0,87,1542,4,63,0,0,96,15,4,0,0,4,4,0,0
2,21,1,112,38,26,0,1.01753,0.983735,0.989193,89,5,1917,100,100,0,0,2,-100,0,100,-100,1,160,4,138,87,0,0,5912,520,0,29,0,1811,570,0,58,0,932,0,0,32,0,514,0,0,6,0,87,1676,24,77,0,0,30,16,8,0,0,8,8,0,0
2,21,2,113,38,26,0,1.032641,0.99143,0.996856,95,5,1917,100,100,0,0,2,-100,100,0,-100,1,160,4,96,72,0,0,5912,472,0,24,0,1811,617,0,48,0,932,0,0,34,0,514,0,0,6,0,87,1489,24,68,0,0,161,17,5,0,0,5,5,0,0
2,21,3,123,38,26,0,1.041053,0.976115,0.999,91,4,1667,100,100,0,0,2,100,-100,-100,0,1,160,4,164,90,0,0,5912,305,0,30,0,1811,579,0,60,0,932,0,0,46,0,514,0,0,9,0,87,1394,36,92,0,0,264,23,8,0,0,8,8,0,0
2,22,0,103,28,33,1,1.030895,0.984804,0.99606,95,6,2167,100,100,0,0,2,0,-100,-100,100,1,160,10,96,72,0,0,5936,457,0,24,0,1821,594,0,48,0,1000,0,0,12,0,419,0,0,20,0,112,1629,80,74,0,0,66,6,36,0,0,2,2,0,0
2,22,1,116,28,33,1,1.018189,0.984493,0.990949,95,6,2167,100,100,0,0,2,-100,0,100,-100,1,160,10,137,87,0,0,5936,379,0,29,0,1821,593,0,58,0,1000,0,0,24,0,419,0,0,22,0,112,1810,88,101,0,0,1,12,41,0,0,7,7,0,0
2,22,2,100,28,33,1,1.035573,0.997696,0.999229,89,6,2167,100,100,0,0,2,-100,100,0,-100,1,160,10,82,63,0,0,5936,338,0,21,0,1821,635,0,42,0,1000,1,0,10,0,419,0,0,32,0,112,1684,128,73,0,0,128,5,38,0,0,4,4,0,0
2,22,3,133,28,33,1,1.044935,0.974592,0.99776,96,5,1917,100,100,0,0,2,100,-100,-100,0,1,160,10,167,93,0,0,5936,391,0,31,0,1821,607,0,62,0,1000,1,0,24,0,419,0,0,43,0,112,1546,172,113,0,0,230,12,46,0,0,12,12,0,0
2,23,0,104,42,22,2,1.030403,0.984952,0.993919,96,6,2167,100,100,0,0,2,0,-100,-100,100,1,160,4,92,72,0,0,5690,330,0,24,0,1835,612,0,48,0,948,1,0,26,0,467,0,0,13,0,160,1814,52,52,0,0,78,13,1,0,0,1,1,0,0
2,23,1,127,42,22,2,1.017499,0.983237,0.992244,100,6,2167,100,100,0,0,2,-100,0,100,-100,1,160,4,146,87,0,0,5690,507,0,29,0,1835,616,0,58,0,948,1,0,32,0,467,0,0,13,0,160,1857,52,75,0,0,10,16,7,0,0,7,7,0,0
2,23,2,98,42,22,2,1.039918,0.998594,0.998613,85,6,2167,100,100,0,0,2,-100,100,0,-100,1,160,4,89,63,0,0,5690,390,0,21,0,1835,650,0,42,0,948,0,0,16,0,467,0,0,17,0,160,1791,68,43,0,0,133,8,3,0,0,3,3,0,0
2,23,3,143,42,22,2,1.046669,0.971858,1.001048,103,6,2167,100,100,0,0,2,100,-100,-100,0,1,160,4,171,96,0,0,5690,450,0,32,0,1835,633,0,64,0,948,0,0,50,0,467,0,0,26,0,160,1609,104,140,0,0,209,25,46,0,0,12,12,0,0
2,24,0,105,31,14,0,1.029324,0.983951,0.995563,93,7,2417,100,100,0,0,2,0,-100,-100,100,1,160,29,94,69,0,0,5736,411,0,23,0,1811,632,0,46,0,1002,1,0,12,0,489,0,0,13,0,225,1869,52,75,0,0,47,6,37,0,0,3,3,0,0
2,24,1,134,31,14,0,1.018846,0.984477,0.993564,107,6,2167,100,100,0,0,2,-100,0,100,-100,1,160,29,143,99,0,0,5736,347,0,33,0,1811,646,0,66,0,1002,1,0,20,0,489,0,0,8,0,225,1920,32,73,0,0,10,10,10,0,0,10,10,0,0
2,24,2,101,31,14,0,1.046257,0.995308,0.995864,85,7,2417,100,100,0,0,2,-100,100,0,-100,1,160,29,84,60,0,0,5736,448,0,20,0,1811,670,0,40,0,1002,0,0,16,0,489,0,0,7,0,225,1832,28,80,0,0,102,8,39,0,0,5,5,0,0
2,24,3,149,31,14,0,1.050331,0.969931,0.999925,112,6,2167,100,100,0,0,2,100,-100,-100,0,1,160,29,169,108,0,0,5736,511,0,36,0,1811,669,0,72,0,1002,0,0,22,0,489,0,0,19,0,225,1699,76,86,0,0,206,11,14,0,0,14,14,0,0
2,25,0,109,42,98,0,1.028354,0.982539,0.993972,93,7,2417,100,100,0,0,2,0,-100,-100,100,1,160,3,102,72,0,0,5880,490,0,24,0,1794,656,0,48,0,794,1,0,46,0,533,0,0,0,0,384,1816,0,78,0,0,66,23,4,0,0,4,4,0,0
2,25,1,140,42,98,0,1.019455,0.983963,0.991306,116,6,2167,100,100,0,0,2,-100,0,100,-100,1,160,3,150,102,0,0,5880,475,0,34,0,1794,677,0,68,0,794,1,0,74,0,533,0,0,0,0,384,1812,0,120,0,0,41,37,6,0,0,6,6,0,0
2,25,2,72,42,98,0,1.047955,0.993497,0.993802,56,7,2417,100,100,0,0,2,-100,100,0,-100,1,160,3,90,66,0,0,5880,325,0,22,0,1794,692,0,44,0,794,9,0,44,0,533,0,0,3,0,384,1840,12,76,0,0,119,22,5,0,0,5,5,0,0
2,25,3,112,42,98,0,1.050475,0.970742,0.995479,78,6,2167,100,100,0,0,2,100,-100,-100,0,1,160,3,166,108,0,0,5880,326,0,36,0,1794,704,0,72,0,794,59,0,46,0,533,0,0,0,0,384,1669,0,102,0,0,219,23,10,0,0,10,10,0,0
2,26,0,110,41,28,0,1.028935,0.979344,0.992645,93,7,2417,100,100,0,0,2,0,-100,-100,100,1,160,14,104,72,0,0,6224,357,0,24,0,1777,677,0,48,0,888,1,0,28,0,514,0,0,3,0,111,1953,12,58,0,0,77,14,3,0,0,3,3,0,0
2,26,1,143,41,28,0,1.019361,0.984031,0.989832,118,7,2417,100,100,0,0,2,-100,0,100,-100,1,160,14,136,96,0,0,6224,303,0,32,0,1777,703,0,64,0,888,0,0,42,0,514,0,0,11,0,111,1937,44,122,0,0,21,21,41,0,0,7,7,0,0
2,26,2,79,41,28,0,1.04699,0.994141,0.99671,59,7,2417,100,100,0,0,2,-100,100,0,-100,1,160,14,119,69,0,0,6224,318,0,23,0,1777,715,0,46,0,888,0,0,46,0,514,0,0,3,0,111,1811,12,81,0,0,136,23,6,0,0,6,6,0,0
2,26,3,114,41,28,0,1.054017,0.969204,0.998532,83,6,2167,100,100,0,0,2,100,-100,-100,0,1,160,14,205,117,0,0,6224,255,0,39,0,1777,738,0,78,0,888,79,0,52,0,514,0,0,5,0,111,1624,20,113,0,0,234,26,11,0,0,11,11,0,0
2,27,0,116,47,16,0,1.030075,0.979355,0.994167,93,7,2417,100,100,0,0,2,0,-100,-100,100,1,160,2,113,78,0,0,5632,429,0,26,0,1779,702,0,52,0,766,0,0,74,0,536,0,0,0,0,309,1922,0,112,0,0,108,37,6,0,0,6,6,0,0
2,27,1,154,47,16,0,1.022387,0.984637,0.989626,125,7,2417,100,100,0,0,2,-100,0,100,-100,1,160,2,131,99,0,0,5632,463,0,33,0,1779,733,0,66,0,766,0,0,72,0,536,0,0,0,0,309,1922,0,123,0,0,48,36,9,0,0,9,9,0,0
2,27,2,87,47,16,0,1.045011,0.996284,0.995932,61,7,2417,100,100,0,0,2,-100,100,0,-100,1,160,2,148,75,0,0,5632,310,0,25,0,1779,740,0,50,0,766,4,0,52,0,536,0,0,0,0,309,1762,0,91,0,0,155,26,7,0,0,7,7,0,0
2,27,3,120,47,16,0,1.058522,0.969504,0.997129,89,6,2167,100,100,0,0,2,100,-100,-100,0,1,160,2,241,114,0,0,5632,207,0,38,0,1779,776,0,76,0,766,123,0,58,0,536,0,0,0,0,309,1558,0,114,0,0,254,29,9,0,0,9,9,0,0
2,28,0,120,42,22,0,1.034646,0.978881,0.994586,96,7,2417,100,100,0,0,2,0,-100,-100,100,1,160,2,120,84,0,0,5619,500,0,28,0,1756,730,0,56,0,880,1,0,34,0,514,0,0,5,0,315,1948,20,80,0,0,116,17,9,0,0,9,9,0,0
2,28,1,151,42,22,0,1.020502,0.981272,0.988659,131,7,2417,100,100,0,0,2,-100,0,100,-100,1,160,2,132,105,0,0,5619,571,0,35,0,1756,760,0,70,0,880,0,0,46,0,514,0,0,5,0,315,1948,20,93,0,0,65,23,6,0,0,6,6,0,0
2,28,2,98,42,22,0,1.048394,0.992948,0.995599,66,7,2417,100,100,0,0,2,-100,100,0,-100,1,160,2,170,81,0,0,5619,316,0,27,0,1756,767,0,54,0,880,0,0,42,0,514,0,0,5,0,315,1736,20,89,0,0,166,21,10,0,0,10,10,0,0
2,28,3,128,42,22,0,1.06246,0.969034,0.99933,93,6,2167,100,100,0,0,2,100,-100,-100,0,1,160,2,280,126,0,0,5619,157,0,42,0,1756,818,0,84,0,880,130,0,64,0,514,0,0,5,0,315,1498,20,128,0,0,275,32,11,0,0,11,11,0,0
2,29,0,127,45,39,1,1.035373,0.976418,0.992386,101,7,2417,100,100,0,0,2,0,-100,-100,100,1,160,6,122,84,0,0,6152,352,0,28,0,1744,758,0,56,0,834,1,0,36,0,506,0,0,4,0,151,2041,16,76,0,0,128,18,6,0,0,6,6,0,0
2,29,1,142,45,39,1,1.021031,0.978855,0.989001,126,7,2417,100,100,0,0,2,-100,0,100,-100,1,160,6,111,93,0,0,6152,389,0,31,0,1744,788,0,62,0,834,1,0,56,0,506,0,0,4,0,151,2020,16,101,0,0,86,28,7,0,0,7,7,0,0
2,29,2,103,45,39,1,1.049562,0.994604,0.996023,71,7,2417,100,100,0,0,2,-100,100,0,-100,1,160,6,187,78,0,0,6152,304,0,26,0,1744,791,0,52,0,834,0,0,66,0,506,0,0,0,0,151,1694,0,112,0,0,189,33,10,0,0,10,10,0,0
2,29,3,131,45,39,1,1.069826,0.967254,0.997464,92,6,2167,100,100,0,0,2,100,-100,-100,0,1,160,6,307,117,0,0,6152,118,0,39,0,1744,857,0,78,0,834,132,0,68,0,506,0,0,3,0,151,1433,12,131,0,0,297,34,12,0,0,12,12,0,0
2,30,0,129,36,57,2,1.0403,0.977978,0.992263,100,7,2417,100,100,0,0,2,0,-100,-100,100,1,160,1,129,99,0,0,5515,418,0,33,0,1754,791,0,66,0,709,0,0,64,0,520,0,0,0,0,251,2031,0,117,0,0,150,32,10,0,0,10,10,0,0
2,30,1,122,36,57,2,1.023165,0.976112,0.991582,113,7,2417,100,100,0,0,2,-100,0,100,-100,1,160,1,101,81,0,0,5515,496,0,27,0,1754,812,0,54,0,709,1,0,60,0,520,0,0,0,0,251,2025,0,93,0,0,113,30,3,0,0,3,3,0,0
2,30,2,105,36,57,2,1.046917,0.991793,0.994836,73,7,2417,100,100,0,0,2,-100,100,0,-100,1,160,1,189,75,0,0,5515,333,0,25,0,1754,816,0,50,0,709,10,0,78,0,520,0,0,0,0,251,1629,0,125,0,0,217,39,11,0,0,11,11,0,0
2,30,3,126,36,57,2,1.071719,0.966177,0.99361,90,6,2167,100,100,0,0,2,100,-100,-100,0,1,160,1,334,123,0,0,5515,127,0,41,0,1754,898,0,82,0,709,135,0,80,0,520,0,0,14,0,251,1401,56,145,0,0,325,40,12,0,0,12,12,0,0
2,31,0,137,38,21,1,1.042481,0.97752,0.993091,108,8,2667,100,100,0,0,2,0,-100,-100,100,1,160,9,142,102,0,0,5772,495,0,34,0,1823,807,0,68,0,1038,0,0,4,0,356,0,0,56,0,509,2177,224,90,0,0,109,2,43,0,0,9,9,0,0
2,31,1,116,38,21,1,1.023312,0.975449,0.992784,106,8,2667,100,100,0,0,2,-100,0,100,-100,1,160,9,91,69,0,0,5772,351,0,23,0,1823,814,0,46,0,1038,0,0,10,0,356,0,0,28,0,509,2129,112,73,0,0,81,5,37,0,0,3,3,0,0
2,31,2,114,38,21,1,1.05096,0.994302,0.993045,81,7,2417,100,100,0,0,2,-100,100,0,-100,1,160,9,197,84,0,0,5772,364,0,28,0,1823,826,0,56,0,1038,1,0,20,0,356,0,0,42,0,509,1730,168,70,0,0,216,10,11,0,0,11,11,0,0
2,31,3,132,38,21,1,1.072591,0.965594,0.992764,100,6,2167,100,100,0,0,2,100,-100,-100,0,1,160,9,381,135,0,0,5772,148,0,45,0,1823,919,0,90,0,1038,57,0,88,0,356,10,0,44,0,509,1432,176,155,0,0,358,44,11,0,0,11,11,0,0
2,32,0,150,40,48,1,1.046931,0.976824,0.990652,113,8,2667,100,100,0,0,2,0,-100,-100,100,1,160,8,146,102,0,0,5752,324,0,34,0,1779,828,0,68,0,886,0,0,44,0,423,0,0,28,0,202,2338,112,98,0,0,121,22,10,0,0,10,10,0,0
2,32,1,107,40,48,1,1.023476,0.976221,0.994195,98,8,2667,100,100,0,0,2,-100,0,100,-100,1,160,8,87,63,0,0,5752,470,0,21,0,1779,824,0,42,0,886,1,0,14,0,423,0,0,18,0,202,2260,72,39,0,0,86,7,2,0,0,2,2,0,0
2,32,2,114,40,48,1,1.051884,0.993351,0.991928,84,7,2417,100,100,0,0,2,-100,100,0,-100,1,160,8,197,81,0,0,5752,391,0,27,0,1779,848,0,54,0,886,0,0,40,0,423,0,0,34,0,202,1864,136,89,0,0,225,20,11,0,0,11,11,0,0
2,32,3,120,40,48,1,1.079899,0.96941,0.994107,92,6,2167,100,100,0,0,2,100,-100,-100,0,1,160,8,389,105,0,0,5752,181,0,35,0,1779,952,0,70,0,886,8,0,92,0,423,0,0,43,0,202,1522,172,145,0,0,395,46,9,0,0,9,9,0,0
2,33,0,157,50,27,1,1.049973,0.980802,0.988732,122,8,2667,100,100,0,0,2,0,-100,-100,100,1,160,0,142,111,0,0,5730,416,0,37,0,1784,865,0,74,0,954,1,0,32,0,376,0,0,43,0,275,2506,172,91,0,0,126,16,11,0,0,11,11,0,0
2,33,1,103,50,27,1,1.028223,0.971958,0.993361,88,8,2667,100,100,0,0,2,-100,0,100,-100,1,160,0,78,60,0,0,5730,343,0,20,0,1784,838,0,40,0,954,1,0,26,0,376,0,0,15,0,275,2368,60,52,0,0,96,13,3,0,0,3,3,0,0
2,33,2,122,50,27,1,1.0519,0.994992,0.991873,92,7,2417,100,100,0,0,2,-100,100,0,-100,1,160,0,210,90,0,0,5730,399,0,30,0,1784,872,0,60,0,954,0,0,36,0,376,0,0,39,0,275,2008,156,86,0,0,233,18,10,0,0,10,10,0,0
2,33,3,132,50,27,1,1.079743,0.966091,0.995876,99,6,2167,100,100,0,0,2,100,-100,-100,0,1,160,0,421,111,0,0,5730,239,0,37,0,1784,983,0,74,0,954,1,0,28,0,376,1,0,50,0,275,1697,200,83,0,0,400,14,9,0,0,9,9,0,0
2,34,0,154,31,30,0,1.050301,0.979901,0.987982,130,8,2667,100,100,0,0,2,0,-100,-100,100,1,160,7,141,114,0,0,5400,517,0,38,0,1748,903,0,76,0,823,1,0,62,0,534,0,0,0,0,221,2512,0,118,0,0,148,31,9,0,0,9,9,0,0
2,34,1,96,31,30,0,1.030329,0.97137,0.990357,84,8,2667,100,100,0,0,2,-100,0,100,-100,1,160,7,86,63,0,0,5400,467,0,21,0,1748,853,0,42,0,823,0,0,32,0,534,0,0,0,0,221,2375,0,61,0,0,108,16,4,0,0,4,4,0,0
2,34,2,128,31,30,0,1.053191,0.992399,0.990942,98,7,2417,100,100,0,0,2,-100,100,0,-100,1,160,7,213,96,0,0,5400,413,0,32,0,1748,904,0,64,0,823,0,0,74,0,534,0,0,0,0,221,1970,0,126,0,0,260,37,10,0,0,10,10,0,0
2,34,3,137,31,30,0,1.08051,0.965698,0.996734,103,6,2167,100,100,0,0,2,100,-100,-100,0,1,160,7,446,126,0,0,5400,313,0,42,0,1748,1025,0,84,0,823,0,0,74,0,534,0,0,1,0,221,1630,4,140,0,0,425,37,12,0,0,12,12,0,0
2,35,0,156,43,29,0,1.05136,0.977255,0.98713,137,8,2667,100,100,0,0,2,0,-100,-100,100,1,160,2,137,108,0,0,5960,327,0,36,0,1739,939,0,72,0,804,1,0,64,0,536,0,0,0,0,132,2559,0,108,0,0,176,32,4,0,0,4,4,0,0
2,35,1,95,43,29,0,1.029303,0.9734,0.988276,80,8,2667,100,100,0,0,2,-100,0,100,-100,1,160,2,90,63,0,0,5960,350,0,21,0,1739,868,0,42,0,804,1,0,42,0,536,0,0,0,0,132,2433,0,71,0,0,125,21,4,0,0,4,4,0,0
2,35,2,132,43,29,0,1.055459,0.997067,0.991817,101,7,2417,100,100,0,0,2,-100,100,0,-100,1,160,2,229,105,0,0,5960,410,0,35,0,1739,939,0,70,0,804,0,0,78,0,536,0,0,0,0,132,1920,0,133,0,0,289,39,10,0,0,10,10,0,0
2,35,3,146,43,29,0,1.082167,0.96388,0.996195,112,6,2167,100,100,0,0,2,100,-100,-100,0,1,160,2,479,132,0,0,5960,396,0,44,0,1739,1069,0,88,0,804,1,0,82,0,536,0,0,0,0,132,1548,0,148,0,0,455,41,11,0,0,11,11,0,0
2,36,0,158,44,24,0,1.052096,0.975559,0.987168,137,8,2667,100,100,0,0,2,0,-100,-100,100,1,160,0,138,108,0,0,5371,415,0,36,0,1732,972,0,72,0,743,0,0,82,0,536,0,0,0,0,244,2539,0,128,0,0,212,41,5,0,0,5,5,0,0
2,36,1,98,44,24,0,1.030813,0.971031,0.987544,79,8,2667,100,100,0,0,2,-100,0,100,-100,1,160,0,86,60,0,0,5371,464,0,20,0,1732,885,0,40,0,743,1,0,54,0,536,0,0,0,0,244,2410,0,86,0,0,146,27,6,0,0,6,6,0,0
2,36,2,139,44,24,0,1.05408,0.998268,0.986096,108,7,2417,100,100,0,0,2,-100,100,0,-100,1,160,0,245,114,0,0,5371,424,0,38,0,1732,972,0,76,0,743,1,0,94,0,536,0,0,0,0,244,1861,0,152,0,0,326,47,10,0,0,10,10,0,0
2,36,3,154,44,24,0,1.083005,0.962484,0.99343,117,6,2167,100,100,0,0,2,100,-100,-100,0,1,160,0,513,138,0,0,5371,484,0,46,0,1732,1115,0,92,0,743,0,0,94,0,536,0,0,0,0,244,1456,0,164,0,0,490,47,12,0,0,12,12,0,0
2,37,0,160,46,24,0,1.053574,0.97599,0.986265,139,8,2667,100,100,0,0,2,0,-100,-100,100,1,160,0,129,108,0,0,5555,538,0,36,0,1724,1005,0,72,0,839,0,0,62,0,398,0,0,29,0,548,2559,116,114,0,0,235,31,8,0,0,8,8,0,0
2,37,1,99,46,24,0,1.033622,0.967262,0.988492,81,8,2667,100,100,0,0,2,-100,0,100,-100,1,160,0,80,57,0,0,5555,347,0,19,0,1724,901,0,38,0,839,0,0,36,0,398,0,0,22,0,548,2463,88,67,0,0,158,18,6,0,0,6,6,0,0
2,37,2,147,46,24,0,1.058301,0.995908,0.989273,112,7,2417,100,100,0,0,2,-100,100,0,-100,1,160,0,255,111,0,0,5555,432,0,37,0,1724,1009,0,74,0,839,1,0,60,0,398,0,0,41,0,548,1908,164,117,0,0,346,30,10,0,0,10,10,0,0
2,37,3,165,46,24,0,1.087275,0.961536,0.992344,122,6,2167,100,100,0,0,2,100,-100,-100,0,1,160,0,539,138,0,0,5555,588,0,46,0,1724,1161,0,92,0,839,0,0,60,0,398,0,0,38,0,548,1476,152,132,0,0,507,30,13,0,0,13,13,0,0
2,38,0,151,37,29,0,1.05205,0.97632,0.987269,137,8,2667,100,100,0,0,2,0,-100,-100,100,1,160,1,131,108,0,0,5937,342,0,36,0,1715,1041,0,72,0,889,0,0,48,0,520,0,0,0,0,119,2577,0,90,0,0,256,24,3,0,0,3,3,0,0
2,38,1,95,37,29,0,1.034929,0.968338,0.99241,83,8,2667,100,100,0,0,2,-100,0,100,-100,1,160,1,79,60,0,0,5937,475,0,20,0,1715,918,0,40,0,889,0,0,30,0,520,0,0,7,0,119,2489,28,60,0,0,168,15,5,0,0,5,5,0,0
2,38,2,157,37,29,0,1.060327,0.998428,0.98749,119,7,2417,100,100,0,0,2,-100,100,0,-100,1,160,1,261,120,0,0,5937,453,0,40,0,1715,1049,0,80,0,889,0,0,44,0,520,0,0,4,0,119,1931,16,110,0,0,355,22,13,0,0,13,13,0,0
2,38,3,176,37,29,0,1.087905,0.961493,0.99342,132,6,2167,100,100,0,0,2,100,-100,-100,0,1,160,1,552,144,0,0,5937,375,0,48,0,1715,1203,0,96,0,889,1,0,58,0,520,0,0,4,0,119,1506,16,136,0,0,521,29,15,0,0,15,15,0,0
2,39,0,151,38,22,1,1.053012,0.977295,0.987815,135,8,2667,100,100,0,0,2,0,-100,-100,100,1,160,0,140,114,0,0,5470,443,0,38,0,1700,1076,0,76,0,858,1,0,40,0,536,0,0,0,0,81,2581,0,86,0,0,272,20,4,0,0,4,4,0,0
2,39,1,98,38,22,1,1.037397,0.967225,0.991757,85,8,2667,100,100,0,0,2,-100,0,100,-100,1,160,0,81,60,0,0,5470,360,0,20,0,1700,932,0,40,0,858,1,0,36,0,536,0,0,0,0,81,2603,0,62,0,0,183,18,3,0,0,3,3,0,0
2,39,2,163,38,22,1,1.060937,0.997728,0.985608,128,7,2417,100,100,0,0,2,-100,100,0,-100,1,160,0,266,129,0,0,5470,485,0,43,0,1700,1092,0,86,0,858,1,0,54,0,536,0,0,0,0,81,1931,0,123,0,0,369,27,13,0,0,13,13,0,0
2,39,3,183,38,22,1,1.089514,0.960703,0.992538,142,6,2167,100,100,0,0,2,100,-100,-100,0,1,160,0,557,147,0,0,5470,534,0,49,0,1700,1252,0,98,0,858,1,0,66,0,536,0,0,0,0,81,1464,0,145,0,0,539,33,15,0,0,15,15,0,0
2,40,0,157,45,27,0,1.057172,0.976216,0.986553,136,8,2667,100,100,0,0,2,0,-100,-100,100,1,160,1,141,114,0,0,5580,541,0,38,0,1685,1109,0,76,0,1023,0,0,10,0,321,0,0,57,0,175,2617,228,60,0,0,271,5,6,0,0,6,6,0,0
2,40,1,100,45,27,0,1.039008,0.965437,0.989664,83,8,2667,100,100,0,0,2,-100,0,100,-100,1,160,1,89,66,0,0,5580,477,0,22,0,1685,950,0,44,0,1023,0,0,12,0,321,0,0,27,0,175,2635,108,44,0,0,184,6,5,0,0,5,5,0,0
2,40,2,167,45,27,0,1.066717,0.999406,0.986068,134,8,2667,100,100,0,0,2,-100,100,0,-100,1,160,1,273,132,0,0,5580,550,0,44,0,1685,1136,0,88,0,1023,1,0,8,0,321,0,0,60,0,175,2158,240,106,0,0,329,4,44,0,0,10,10,0,0
2,40,3,189,45,27,0,1.091426,0.960618,0.9912,151,6,2167,100,100,0,0,2,100,-100,-100,0,1,160,1,562,150,0,0,5580,301,0,50,0,1685,1302,0,100,0,1023,1,0,8,0,321,4,0,67,0,175,1792,268,82,0,0,531,4,12,0,0,12,12,0,0
6,1,0,107,47,15,1,1.003266,0.997161,1.003929,0,0,667,100,95.298767,2,2,2,0,-100,-100,100,1,160,10,103,69,0,0,5616,401,0,23,0,1861,118,0,46,0,880,13,0,98,0,527,3,0,49,0,300,250,196,155,0,0,32,49,17,0,0,17,17,0,0
6,1,1,112,47,15,1,1.007001,0.99417,1.007055,0,0,667,100,95.298767,2,2,2,-100,0,100,-100,1,160,10,111,72,0,0,5616,410,0,24,0,1861,124,0,48,0,880,14,0,100,0,527,2,0,50,0,300,251,200,158,0,0,33,50,17,0,0,17,17,0,0
6,1,2,103,47,15,1,1.007022,0.996919,1.007258,0,0,667,100,100,2,2,2,-100,100,0,-100,1,160,10,106,72,0,0,5616,402,0,24,0,1861,124,0,48,0,880,18,0,96,0,527,4,0,48,0,300,244,192,154,0,0,31,48,17,0,0,17,17,0,0
6,1,3,110,47,15,1,1.007641,0.994007,1.005854,0,0,667,100,100,2,2,2,100,-100,-100,0,1,160,10,108,72,0,0,5616,396,0,24,0,1861,124,0,48,0,880,17,0,98,0,527,4,0,49,0,300,246,196,156,0,0,32,49,17,0,0,17,17,0,0
6,2,0,110,35,32,0,1.003556,0.997944,1.003349,16,0,667,100,100,2,2,2,0,-100,-100,100,1,160,14,104,78,0,0,5560,468,0,26,0,1811,141,0,52,0,918,0,0,50,0,392,0,0,39,0,366,346,156,110,0,0,40,25,17,0,0,17,17,0,0
6,2,1,108,35,32,0,1.006547,0.992203,1.004011,16,0,667,100,100,2,2,2,-100,0,100,-100,1,160,14,103,75,0,0,5560,481,0,25,0,1811,149,0,50,0,918,1,0,52,0,392,0,0,41,0,366,352,164,111,0,0,42,26,17,0,0,17,17,0,0
6,2,2,104,35,32,0,1.009519,0.994894,1.009966,15,0,667,100,100,2,2,2,-100,100,0,-100,1,160,14,91,60,0,0,5560,495,0,20,0,1811,144,0,40,0,918,0,0,54,0,392,0,0,43,0,366,356,172,108,0,0,41,27,17,0,0,17,17,0,0
6,2,3,113,35,32,0,1.007324,0.993614,1.007699,15,0,667,100,100,2,2,2,100,-100,-100,0,1,160,14,117,90,0,0,5560,456,0,30,0,1811,154,0,60,0,918,1,0,58,0,392,0,0,31,0,366,300,124,122,0,0,44,29,17,0,0,17,17,0,0
6,3,0,99,36,44,0,0.998295,0.995205,1.001371,32,0,667,100,100,2,2,2,0,-100,-100,100,1,160,21,106,81,0,0,6400,331,0,27,0,1820,168,0,54,0,889,1,0,44,0,536,0,0,0,0,0,334,0,105,0,0,45,22,17,0,0,17,17,0,0
6,3,1,102,36,44,0,1.012012,0.991504,1.004801,32,0,667,100,100,2,2,2,-100,0,100,-100,1,160,21,105,78,0,0,6400,347,0,26,0,1820,175,0,52,0,889,0,0,38,0,536,0,0,0,0,0,369,0,98,0,0,44,19,17,0,0,17,17,0,0
6,3,2,105,36,44,0,1.006995,0.995021,1.007897,30,0,667,100,100,2,2,2,-100,100,0,-100,1,160,21,91,63,0,0,6400,370,0,21,0,1820,165,0,42,0,889,1,0,48,0,536,0,0,0,0,0,400,0,103,0,0,48,24,17,0,0,17,17,0,0
6,3,3,121,36,44,0,1.009194,0.992586,1.007439,30,0,667,100,100,2,2,2,100,-100,-100,0,1,160,21,127,93,0,0,6400,312,0,31,0,1820,185,0,62,0,889,0,0,48,0,536,0,0,0,0,0,334,0,113,0,0,51,24,17,0,0,17,17,0,0
6,4,0,103,36,13,0,1.002561,0.99153,1.001083,49,0,667,100,100,2,2,2,0,-100,-100,100,1,160,22,114,81,0,0,5600,357,0,27,0,1826,189,0,54,0,863,0,0,50,0,433,0,0,21,0,324,367,84,111,0,0,53,25,17,0,0,17,17,0,0
6,4,1,108,36,13,0,1.012258,0.9918,1.001946,48,0,667,100,100,2,2,2,-100,0,100,-100,1,160,22,120,90,0,0,5600,399,0,30,0,1826,199,0,60,0,863,1,0,58,0,433,0,0,12,0,324,358,48,122,0,0,56,29,17,0,0,17,17,0,0
6,4,2,108,36,13,0,1.008317,0.990682,1.008533,45,0,667,100,100,2,2,2,-100,100,0,-100,1,160,22,89,63,0,0,5600,452,0,21,0,1826,186,0,42,0,863,0,0,48,0,433,0,0,33,0,324,504,132,103,0,0,55,24,17,0,0,17,17,0,0
6,4,3,131,36,13,0,1.010945,0.992575,1.005224,45,0,667,100,100,2,2,2,100,-100,-100,0,1,160,22,139,96,0,0,5600,415,0,32,0,1826,211,0,64,0,863,1,0,52,0,433,0,0,28,0,324,406,112,118,0,0,60,26,17,0,0,17,17,0,0
6,5,0,113,47,22,0,1.007711,0.994277,1.002897,65,0,667,100,100,2,2,2,0,-100,-100,100,1,160,4,137,90,0,0,5760,384,0,30,0,1796,219,0,60,0,894,1,0,38,0,453,0,0,24,0,228,427,96,102,0,0,55,19,17,0,0,17,17,0,0
6,5,1,118,47,22,0,1.012803,0.989707,1.005059,63,0,667,100,100,2,2,2,-100,0,100,-100,1,160,4,147,99,0,0,5760,466,0,33,0,1796,232,0,66,0,894,0,0,34,0,453,0,0,20,0,228,400,80,101,0,0,56,17,17,0,0,17,17,0,0
6,5,2,105,47,22,0,1.013108,0.995827,1.008302,59,1,917,100,100,2,2,2,-100,100,0,-100,1,160,4,83,57,0,0,5760,325,0,19,0,1796,205,0,38,0,894,1,0,40,0,453,0,0,15,0,228,568,60,127,0,0,24,20,51,0,0,17,17,0,0
6,5,3,139,47,22,0,1.012842,0.992592,1.005246,59,0,667,100,100,2,2,2,100,-100,-100,0,1,160,4,144,102,0,0,5760,506,0,34,0,1796,245,0,68,0,894,0,0,60,0,453,0,0,18,0,228,434,72,128,0,0,73,30,17,0,0,17,17,0,0
6,6,0,121,38,36,0,1.007263,0.990609,1.003052,79,0,667,100,100,2,2,2,0,-100,-100,100,1,160,12,167,105,0,0,6010,412,0,35,0,1775,251,0,70,0,860,1,0,50,0,536,0,0,0,0,218,374,0,115,0,0,65,25,15,0,0,15,15,0,0
6,6,1,117,38,36,0,1.01194,0.986419,1.007408,78,0,667,100,100,2,2,2,-100,0,100,-100,1,160,12,167,108,0,0,6010,312,0,36,0,1775,262,0,72,0,860,0,0,44,0,536,0,0,0,0,218,374,0,108,0,0,64,22,14,0,0,14,14,0,0
6,6,2,95,38,36,0,1.016159,0.998562,1.008293,67,1,917,100,100,2,2,2,-100,100,0,-100,1,160,12,79,57,0,0,6010,391,0,19,0,1775,222,0,38,0,860,1,0,52,0,536,0,0,0,0,218,548,0,93,0,0,39,26,11,0,0,11,11,0,0
6,6,3,144,38,36,0,1.014267,0.991205,1.003621,73,0,667,100,100,2,2,2,100,-100,-100,0,1,160,12,144,108,0,0,6010,331,0,36,0,1775,280,0,72,0,860,1,0,62,0,536,0,0,0,0,218,435,0,132,0,0,87,31,17,0,0,17,17,0,0
6,7,0,130,45,26,0,1.012137,0.9906,1.001721,92,0,667,100,100,2,2,2,0,-100,-100,100,1,160,2,196,111,0,0,5559,446,0,37,0,1746,288,0,74,0,865,0,0,58,0,451,0,0,15,0,276,384,60,119,0,0,82,29,12,0,0,12,12,0,0
6,7,1,125,45,26,0,1.017346,0.985003,1.00907,88,0,667,100,100,2,2,2,-100,0,100,-100,1,160,2,194,105,0,0,5559,344,0,35,0,1746,297,0,70,0,865,1,0,62,0,451,0,0,22,0,276,399,88,123,0,0,82,31,13,0,0,13,13,0,0
6,7,2,94,45,26,0,1.013713,1.000869,1.007771,73,1,917,100,100,2,2,2,-100,100,0,-100,1,160,2,77,57,0,0,5559,434,0,19,0,1746,241,0,38,0,865,1,0,30,0,451,0,0,19,0,276,651,76,63,0,0,47,15,7,0,0,7,7,0,0
6,7,3,147,45,26,0,1.017965,0.988818,1.00664,85,0,667,100,100,2,2,2,100,-100,-100,0,1,160,2,141,105,0,0,5559,420,0,35,0,1746,311,0,70,0,865,0,0,58,0,451,0,0,26,0,276,502,104,127,0,0,99,29,17,0,0,17,17,0,0
6,8,0,134,36,29,0,1.013853,0.991217,1.000076,100,1,917,100,100,2,2,2,0,-100,-100,100,1,160,14,212,117,0,0,5785,452,0,39,0,1747,322,0,78,0,1007,1,0,12,0,270,17,0,52,0,94,570,208,109,0,0,42,6,46,0,0,12,12,0,0
6,8,1,131,36,29,0,1.02087,0.98547,1.010194,95,1,917,100,100,2,2,2,-100,0,100,-100,1,160,14,208,105,0,0,5785,353,0,35,0,1747,332,0,70,0,1007,1,0,14,0,270,16,0,51,0,94,574,204,107,0,0,43,7,46,0,0,12,12,0,0
6,8,2,92,36,29,0,1.017914,0.997902,1.005351,77,2,1167,100,100,2,2,2,-100,100,0,-100,1,160,14,84,63,0,0,5785,319,0,21,0,1747,262,0,42,0,1007,0,0,8,0,270,11,0,43,0,94,850,172,75,0,0,11,4,40,0,0,6,6,0,0
6,8,3,146,36,29,0,1.017885,0.98774,1.00452,98,1,917,100,100,2,2,2,100,-100,-100,0,1,160,14,137,108,0,0,5785,489,0,36,0,1747,347,0,72,0,1007,0,0,22,0,270,0,0,56,0,94,563,224,126,0,0,59,11,51,0,0,17,17,0,0
6,9,0,139,45,24,0,1.018982,0.992119,0.999102,108,1,917,100,100,2,2,2,0,-100,-100,100,1,160,4,232,117,0,0,5850,471,0,39,0,1740,355,0,78,0,754,0,0,78,0,500,0,0,20,0,180,616,80,135,0,0,72,39,9,0,0,9,9,0,0
6,9,1,142,45,24,0,1.026214,0.983731,1.010317,105,1,917,100,100,2,2,2,-100,0,100,-100,1,160,4,224,111,0,0,5850,391,0,37,0,1740,364,0,74,0,754,1,0,94,0,500,0,0,19,0,180,580,76,153,0,0,79,47,11,0,0,11,11,0,0
6,9,2,97,45,24,0,1.018234,0.995774,1.005638,80,2,1167,100,100,2,2,2,-100,100,0,-100,1,160,4,93,66,0,0,5850,351,0,22,0,1740,281,0,44,0,754,1,0,68,0,500,0,0,11,0,180,873,44,98,0,0,41,34,4,0,0,4,4,0,0
6,9,3,146,45,24,0,1.020488,0.986354,1.005923,111,1,917,100,100,2,2,2,100,-100,-100,0,1,160,4,124,99,0,0,5850,310,0,33,0,1740,372,0,66,0,754,0,0,66,0,500,0,0,30,0,180,713,120,127,0,0,78,33,14,0,0,14,14,0,0
6,10,0,143,39,33,0,1.028068,0.994357,0.998814,112,2,1167,100,100,2,2,2,0,-100,-100,100,1,160,3,262,132,0,0,5440,512,0,44,0,1730,399,0,88,0,1067,1,0,0,0,262,2,0,57,0,304,819,228,98,0,0,28,0,44,0,0,10,10,0,0
6,10,1,143,39,33,0,1.030558,0.982887,1.008249,111,2,1167,100,100,2,2,2,-100,0,100,-100,1,160,3,232,114,0,0,5440,459,0,38,0,1730,402,0,76,0,1067,1,0,2,0,262,23,0,55,0,304,770,220,96,0,0,35,1,45,0,0,11,11,0,0
6,10,2,103,39,33,0,1.022182,1.000013,1.004841,79,3,1417,100,100,2,2,2,-100,100,0,-100,1,160,3,100,72,0,0,5440,398,0,24,0,1730,302,0,48,0,1067,1,0,0,0,262,1,0,43,0,304,1029,172,72,0,0,0,0,41,0,0,7,7,0,0
6,10,3,141,39,33,0,1.024174,0.989262,1.007509,117,2,1167,100,100,2,2,2,100,-100,-100,0,1,160,3,122,105,0,0,5440,417,0,35,0,1730,401,0,70,0,1067,0,0,2,0,262,0,0,63,0,304,828,252,91,0,0,35,1,44,0,0,10,10,0,0
6,11,0,157,40,21,0,1.032771,0.99274,0.999758,120,2,1167,100,100,2,2,2,0,-100,-100,100,1,160,6,301,141,0,0,5627,322,0,47,0,1708,444,0,94,0,729,1,0,96,0,536,0,0,2,0,169,854,8,165,0,0,65,48,11,0,0,11,11,0,0
6,11,1,148,40,21,0,1.034868,0.981946,1.006093,118,2,1167,100,100,2,2,2,-100,0,100,-100,1,160,6,236,117,0,0,5627,549,0,39,0,1708,441,0,78,0,729,1,0,102,0,536,0,0,23,0,169,778,92,161,0,0,76,51,10,0,0,10,10,0,0
6,11,2,109,40,21,0,1.023286,1.000263,1.002619,84,3,1417,100,100,2,2,2,-100,100,0,-100,1,160,6,105,75,0,0,5627,470,0,25,0,1708,327,0,50,0,729,0,0,64,0,536,0,0,1,0,169,994,4,105,0,0,24,32,8,0,0,8,8,0,0
6,11,3,135,40,21,0,1.024903,0.990036,1.006902,123,2,1167,100,100,2,2,2,100,-100,-100,0,1,160,6,121,99,0,0,5627,528,0,33,0,1708,434,0,66,0,729,1,0,78,0,536,0,0,0,0,169,797,0,121,0,0,69,39,5,0,0,5,5,0,0
6,12,0,157,47,51,1,1.035406,0.995552,0.995868,126,2,1167,100,100,2,2,2,0,-100,-100,100,1,160,2,340,156,0,0,6144,361,0,52,0,1673,496,0,104,0,687,1,0,104,0,532,0,0,0,0,199,753,0,176,0,0,107,52,10,0,0,10,10,0,0
6,12,1,158,47,51,1,1.039446,0.981368,1.005125,124,2,1167,100,100,2,2,2,-100,0,100,-100,1,160,2,245,123,0,0,6144,360,0,41,0,1673,482,0,82,0,687,0,0,116,0,532,0,0,4,0,199,714,16,177,0,0,124,58,10,0,0,10,10,0,0
6,12,2,90,47,51,1,1.030627,1.001226,1.004908,63,3,1417,100,100,2,2,2,-100,100,0,-100,1,160,2,117,81,0,0,6144,334,0,27,0,1673,354,0,54,0,687,12,0,54,0,532,0,0,0,0,199,956,0,97,0,0,43,27,8,0,0,8,8,0,0
6,12,3,140,47,51,1,1.029129,0.989873,1.004136,123,2,1167,100,100,2,2,2,100,-100,-100,0,1,160,2,129,99,0,0,6144,360,0,33,0,1673,467,0,66,0,687,1,0,88,0,532,0,0,0,0,199,778,0,127,0,0,110,44,3,0,0,3,3,0,0
6,13,0,170,46,19,0,1.041967,0.992072,0.993716,133,2,1167,100,100,2,2,2,0,-100,-100,100,1,160,1,387,165,0,0,5456,405,0,55,0,1646,551,0,110,0,961,0,0,34,0,452,0,0,26,0,285,832,104,111,0,0,113,17,11,0,0,11,11,0,0
6,13,1,161,46,19,0,1.041786,0.980333,1.005852,128,2,1167,100,100,2,2,2,-100,0,100,-100,1,160,1,259,138,0,0,5456,412,0,46,0,1646,528,0,92,0,961,0,0,44,0,452,0,0,21,0,285,775,84,114,0,0,134,22,12,0,0,12,12,0,0
6,13,2,98,46,19,0,1.035726,0.998291,1.005506,66,3,1417,100,100,2,2,2,-100,100,0,-100,1,160,1,156,93,0,0,5456,325,0,31,0,1646,382,0,62,0,961,0,0,24,0,452,0,0,10,0,285,959,40,73,0,0,46,12,9,0,0,9,9,0,0
6,13,3,143,46,19,0,1.029894,0.991531,1.005537,124,2,1167,100,100,2,2,2,100,-100,-100,0,1,160,1,131,102,0,0,5456,466,0,34,0,1646,498,0,68,0,961,1,0,20,0,452,0,0,27,0,285,907,108,66,0,0,114,10,6,0,0,6,6,0,0
6,14,0,176,51,30,0,1.042207,0.991183,0.994636,144,3,1417,100,100,2,2,2,0,-100,-100,100,1,160,1,416,159,0,0,5420,475,0,53,0,1619,604,0,106,0,976,0,0,34,0,232,3,0,67,0,250,1060,268,141,0,0,86,17,44,0,0,10,10,0,0
6,14,1,169,51,30,0,1.046154,0.978557,1.006815,137,3,1417,100,100,2,2,2,-100,0,100,-100,1,160,1,272,138,0,0,5420,474,0,46,0,1619,571,0,92,0,976,0,0,42,0,232,12,0,66,0,250,995,264,140,0,0,112,21,43,0,0,9,9,0,0
6,14,2,104,51,30,0,1.037542,0.992763,1.006184,68,3,1417,100,100,2,2,2,-100,100,0,-100,1,160,1,183,96,0,0,5420,328,0,32,0,1619,414,0,64,0,976,0,0,6,0,232,37,0,31,0,250,1068,124,62,0,0,37,3,12,0,0,12,12,0,0
6,14,3,144,51,30,0,1.030365,0.988928,1.003515,124,3,1417,100,100,2,2,2,100,-100,-100,0,1,160,1,124,96,0,0,5420,552,0,32,0,1619,530,0,64,0,976,1,0,12,0,232,12,0,66,0,250,1091,264,88,0,0,81,6,39,0,0,5,5,0,0
6,15,0,176,45,66,0,1.046157,0.988938,0.99225,141,3,1417,100,100,2,2,2,0,-100,-100,100,1,160,6,436,162,0,0,5632,541,0,54,0,1634,654,0,108,0,799,0,0,72,0,475,0,0,22,0,197,1087,88,148,0,0,111,36,11,0,0,11,11,0,0
6,15,1,170,45,66,0,1.050245,0.975083,1.0087,137,3,1417,100,100,2,2,2,-100,0,100,-100,1,160,6,273,132,0,0,5632,573,0,44,0,1634,611,0,88,0,799,1,0,82,0,475,0,0,32,0,197,1058,128,146,0,0,143,41,10,0,0,10,10,0,0
6,15,2,116,45,66,0,1.040646,0.987992,1.006449,78,3,1417,100,100,2,2,2,-100,100,0,-100,1,160,6,219,102,0,0,5632,342,0,34,0,1634,444,0,68,0,799,1,0,50,0,475,10,0,38,0,197,1167,152,108,0,0,50,25,12,0,0,12,12,0,0
6,15,3,110,45,66,0,1.038805,0.991413,1.005738,92,3,1417,100,100,2,2,2,100,-100,-100,0,1,160,6,119,96,0,0,5632,376,0,32,0,1634,562,0,64,0,799,1,0,64,0,475,0,0,23,0,197,1137,92,110,0,0,106,32,7,0,0,7,7,0,0
6,16,0,167,46,57,0,1.047254,0.992819,0.996908,135,4,1667,100,100,2,2,2,0,-100,-100,100,1,160,4,476,177,0,0,6159,306,0,59,0,1613,713,0,118,0,918,0,0,34,0,379,0,0,52,0,134,1261,208,145,0,0,85,17,43,0,0,9,9,0,0
6,16,1,159,46,57,0,1.051356,0.977941,1.006379,127,4,1667,100,100,2,2,2,-100,0,100,-100,1,160,4,284,138,0,0,6159,357,0,46,0,1613,657,0,92,0,918,1,0,36,0,379,16,0,51,0,134,1227,204,134,0,0,118,18,43,0,0,9,9,0,0
6,16,2,123,46,57,0,1.045959,0.985789,1.008071,87,3,1417,100,100,2,2,2,-100,100,0,-100,1,160,4,251,111,0,0,6159,358,0,37,0,1613,481,0,74,0,918,0,0,42,0,379,0,0,10,0,134,1175,40,105,0,0,58,21,13,0,0,13,13,0,0
6,16,3,112,46,57,0,1.039788,0.990621,1.008299,95,4,1667,100,100,2,2,2,100,-100,-100,0,1,160,4,141,99,0,0,6159,297,0,33,0,1613,595,0,66,0,918,0,0,32,0,379,0,0,38,0,134,1270,152,109,0,0,83,16,39,0,0,5,5,0,0
6,17,0,170,33,16,0,1.049611,0.99283,0.996475,140,4,1667,100,100,2,2,2,0,-100,-100,100,1,160,18,520,177,0,0,5696,304,0,59,0,1826,712,0,118,0,910,0,0,42,0,451,0,0,31,0,253,1346,124,123,0,0,95,21,11,0,0,11,11,0,0
6,17,1,165,33,16,0,1.052557,0.977012,1.007337,135,4,1667,100,100,2,2,2,-100,0,100,-100,1,160,18,293,135,0,0,5696,369,0,45,0,1826,648,0,90,0,910,0,0,56,0,451,0,0,29,0,253,1304,116,123,0,0,135,28,11,0,0,11,11,0,0
6,17,2,127,33,16,0,1.051026,0.983805,1.007794,98,4,1667,100,100,2,2,2,-100,100,0,-100,1,160,18,273,114,0,0,5696,381,0,38,0,1826,460,0,76,0,910,1,0,24,0,451,0,0,25,0,253,1237,100,118,0,0,25,12,45,0,0,11,11,0,0
6,17,3,116,33,16,0,1.043281,0.988878,1.007761,97,4,1667,100,100,2,2,2,100,-100,-100,0,1,160,18,159,102,0,0,5696,215,0,34,0,1826,578,0,68,0,910,0,0,40,0,451,0,0,16,0,253,1341,64,86,0,0,97,20,6,0,0,6,6,0,0
6,18,0,166,48,26,0,1.052499,0.99462,0.997918,139,4,1667,100,100,2,2,2,0,-100,-100,100,1,160,22,533,150,0,0,5608,340,0,50,0,1823,762,0,100,0,825,0,0,62,0,463,0,0,15,0,599,1278,60,128,0,0,118,31,8,0,0,8,8,0,0
6,18,1,173,48,26,0,1.053028,0.977841,1.007448,144,4,1667,100,100,2,2,2,-100,0,100,-100,1,160,22,304,138,0,0,5608,406,0,46,0,1823,610,0,92,0,825,0,0,82,0,463,0,0,26,0,599,1262,104,146,0,0,167,41,9,0,0,9,9,0,0
6,18,2,135,48,26,0,1.054384,0.98272,1.004192,104,4,1667,100,100,2,2,2,-100,100,0,-100,1,160,22,301,123,0,0,5608,389,0,41,0,1823,423,0,82,0,825,0,0,42,0,463,0,0,15,0,599,1196,60,101,0,0,37,21,9,0,0,9,9,0,0
6,18,3,126,48,26,0,1.041376,0.988148,1.008449,101,4,1667,100,100,2,2,2,100,-100,-100,0,1,160,22,176,105,0,0,5608,152,0,35,0,1823,550,0,70,0,825,0,0,48,0,463,0,0,16,0,599,1309,64,97,0,0,114,24,7,0,0,7,7,0,0
6,19,0,173,48,25,1,1.055353,0.993866,0.996303,146,4,1667,100,100,2,2,2,0,-100,-100,100,1,160,9,561,156,0,0,5520,386,0,52,0,2128,663,0,104,0,629,1,0,118,0,536,0,0,0,0,223,1177,0,182,0,0,171,59,6,0,0,6,6,0,0
6,19,1,175,48,25,1,1.053867,0.980873,1.007631,151,4,1667,100,100,2,2,2,-100,0,100,-100,1,160,9,309,135,0,0,5520,444,0,45,0,2128,520,0,90,0,629,9,0,132,0,536,0,0,0,0,223,1170,0,191,0,0,226,66,7,0,0,7,7,0,0
6,19,2,144,48,25,1,1.060182,0.980859,1.00304,111,4,1667,100,100,2,2,2,-100,100,0,-100,1,160,9,325,126,0,0,5520,412,0,42,0,2128,339,0,84,0,629,1,0,78,0,536,0,0,0,0,223,1155,0,142,0,0,65,39,11,0,0,11,11,0,0
6,19,3,131,48,25,1,1.047346,0.989103,1.011809,103,4,1667,100,100,2,2,2,100,-100,-100,0,1,160,9,191,108,0,0,5520,126,0,36,0,2128,478,0,72,0,629,1,0,92,0,536,0,0,0,0,223,1244,0,146,0,0,151,46,9,0,0,9,9,0,0
6,20,0,172,44,46,0,1.055584,0.990143,0.995632,142,4,1667,100,100,2,2,2,0,-100,-100,100,1,160,3,591,168,0,0,5510,409,0,56,0,1597,719,0,112,0,733,0,0,78,0,436,0,0,6,0,174,1152,24,154,0,0,200,39,10,0,0,10,10,0,0
6,20,1,167,44,46,0,1.055559,0.978885,1.003554,142,4,1667,100,100,2,2,2,-100,0,100,-100,1,160,3,310,141,0,0,5510,453,0,47,0,1597,567,0,94,0,733,1,0,112,0,436,0,0,14,0,174,1162,56,175,0,0,274,56,8,0,0,8,8,0,0
6,20,2,148,44,46,0,1.062501,0.978273,1.004487,114,4,1667,100,100,2,2,2,-100,100,0,-100,1,160,3,344,129,0,0,5510,411,0,43,0,1597,381,0,86,0,733,0,0,84,0,436,0,0,6,0,174,1141,24,149,0,0,96,42,11,0,0,11,11,0,0
6,20,3,134,44,46,0,1.047604,0.988111,1.013106,105,4,1667,100,100,2,2,2,100,-100,-100,0,1,160,3,202,111,0,0,5510,91,0,37,0,1597,511,0,74,0,733,0,0,76,0,436,0,0,6,0,174,1236,24,131,0,0,180,38,9,0,0,9,9,0,0
6,21,0,169,46,40,1,1.058924,0.990936,0.995234,145,4,1667,100,100,2,2,2,0,-100,-100,100,1,160,0,620,162,0,0,5464,456,0,54,0,1565,773,0,108,0,757,0,0,76,0,536,0,0,0,0,170,1098,0,142,0,0,232,38,6,0,0,6,6,0,0
6,21,1,170,46,40,1,1.059386,0.976796,1.003674,145,4,1667,100,100,2,2,2,-100,0,100,-100,1,160,0,313,132,0,0,5464,489,0,44,0,1565,611,0,88,0,757,1,0,98,0,536,0,0,0,0,170,1120,0,156,0,0,316,49,7,0,0,7,7,0,0
6,21,2,148,46,40,1,1.066646,0.978724,1.004205,117,4,1667,100,100,2,2,2,-100,100,0,-100,1,160,0,352,126,0,0,5464,410,0,42,0,1565,422,0,84,0,757,0,0,66,0,536,0,0,0,0,170,1124,0,128,0,0,119,33,10,0,0,10,10,0,0
6,21,3,140,46,40,1,1.051332,0.986491,1.013944,109,4,1667,100,100,2,2,2,100,-100,-100,0,1,160,0,222,120,0,0,5464,104,0,40,0,1565,551,0,80,0,757,1,0,74,0,536,0,0,0,0,170,1192,0,134,0,0,207,37,10,0,0,10,10,0,0
6,22,0,164,58,63,0,1.065274,0.988,0.995688,138,4,1667,100,100,2,2,2,0,-100,-100,100,1,160,2,652,162,0,0,5396,513,0,54,0,1592,827,0,108,0,836,0,0,44,0,389,0,0,34,0,214,1209,136,112,0,0,247,22,7,0,0,7,7,0,0
6,22,1,162,58,63,0,1.058076,0.972699,1.005939,136,4,1667,100,100,2,2,2,-100,0,100,-100,1,160,2,311,132,0,0,5396,531,0,44,0,1592,653,0,88,0,836,0,0,58,0,389,0,0,40,0,214,1259,160,114,0,0,339,29,6,0,0,6,6,0,0
6,22,2,152,58,63,0,1.073251,0.972942,1.003639,114,4,1667,100,100,2,2,2,-100,100,0,-100,1,160,2,374,135,0,0,5396,441,0,45,0,1592,466,0,90,0,836,1,0,32,0,389,0,0,32,0,214,1249,128,99,0,0,124,16,11,0,0,11,11,0,0
6,22,3,144,58,63,0,1.057334,0.984615,1.016449,109,4,1667,100,100,2,2,2,100,-100,-100,0,1,160,2,233,114,0,0,5396,122,0,38,0,1592,589,0,76,0,836,1,0,52,0,389,0,0,35,0,214,1317,140,112,0,0,222,26,11,0,0,11,11,0,0
6,23,0,174,55,17,0,1.069541,0.989833,0.995282,143,4,1667,100,100,2,2,2,0,-100,-100,100,1,160,6,693,168,0,0,5946,293,0,56,0,1570,878,0,112,0,833,1,0,54,0,332,0,0,44,0,93,1402,176,130,0,0,264,27,10,0,0,10,10,0,0
6,23,1,171,55,17,0,1.062644,0.974812,1.00601,140,5,1917,100,100,2,2,2,-100,0,100,-100,1,160,6,337,150,0,0,5946,319,0,50,0,1570,703,0,100,0,833,0,0,60,0,332,0,0,57,0,93,1467,228,162,0,0,326,30,43,0,0,9,9,0,0
6,23,2,163,55,17,0,1.076267,0.97225,1.003414,120,4,1667,100,100,2,2,2,-100,100,0,-100,1,160,6,407,147,0,0,5946,480,0,49,0,1570,509,0,98,0,833,1,0,54,0,332,0,0,48,0,93,1409,192,131,0,0,137,27,14,0,0,14,14,0,0
6,23,3,152,55,17,0,1.062043,0.984769,1.017777,115,5,1917,100,100,2,2,2,100,-100,-100,0,1,160,6,241,114,0,0,5946,138,0,38,0,1570,627,0,76,0,833,0,0,68,0,332,0,0,55,0,93,1475,220,164,0,0,210,34,46,0,0,12,12,0,0
6,24,0,181,57,23,0,1.073317,0.987386,0.995386,148,5,1917,100,100,2,2,2,0,-100,-100,100,1,160,2,724,168,0,0,5298,383,0,56,0,1563,927,0,112,0,927,1,0,30,0,265,0,0,67,0,203,1557,268,140,0,0,235,15,44,0,0,10,10,0,0
6,24,1,179,57,23,0,1.059657,0.972865,1.008096,146,6,2167,100,100,2,2,2,-100,0,100,-100,1,160,2,350,147,0,0,5298,395,0,49,0,1563,749,0,98,0,927,1,0,40,0,265,0,0,67,0,203,1688,268,143,0,0,302,20,44,0,0,10,10,0,0
6,24,2,169,57,23,0,1.081784,0.971739,1.002635,131,5,1917,100,100,2,2,2,-100,100,0,-100,1,160,2,439,156,0,0,5298,521,0,52,0,1563,554,0,104,0,927,1,0,26,0,265,1,0,65,0,203,1557,260,136,0,0,104,13,46,0,0,12,12,0,0
6,24,3,165,57,23,0,1.06572,0.982578,1.018454,124,6,2167,100,100,2,2,2,100,-100,-100,0,1,160,2,248,120,0,0,5298,144,0,40,0,1563,659,0,80,0,927,1,0,46,0,265,7,0,61,0,203,1674,244,146,0,0,186,23,47,0,0,13,13,0,0
6,25,0,190,53,18,0,1.076705,0.987699,0.993143,155,5,1917,100,100,2,2,2,0,-100,-100,100,1,160,1,746,165,0,0,5495,473,0,55,0,1545,978,0,110,0,743,1,0,70,0,536,0,0,0,0,358,1467,0,149,0,0,258,35,12,0,0,12,12,0,0
6,25,1,188,53,18,0,1.059701,0.973328,1.008476,152,6,2167,100,100,2,2,2,-100,0,100,-100,1,160,1,355,147,0,0,5495,511,0,49,0,1545,795,0,98,0,743,0,0,86,0,536,0,0,0,0,358,1591,0,159,0,0,333,43,12,0,0,12,12,0,0
6,25,2,177,53,18,0,1.083614,0.969697,1.00434,137,5,1917,100,100,2,2,2,-100,100,0,-100,1,160,1,467,159,0,0,5495,299,0,53,0,1545,607,0,106,0,743,0,0,72,0,536,0,0,1,0,358,1473,4,151,0,0,127,36,13,0,0,13,13,0,0
6,25,3,174,53,18,0,1.066887,0.980994,1.018211,132,6,2167,100,100,2,2,2,100,-100,-100,0,1,160,1,236,117,0,0,5495,167,0,39,0,1545,692,0,78,0,743,0,0,92,0,536,0,0,7,0,358,1601,28,159,0,0,218,46,14,0,0,14,14,0,0
6,26,0,196,52,36,1,1.078202,0.986714,0.991098,160,6,2167,100,100,2,2,2,0,-100,-100,100,1,160,3,745,150,0,0,5081,617,0,50,0,1619,1001,0,100,0,981,0,0,22,0,202,1,0,67,0,148,1715,268,126,0,0,225,11,44,0,0,10,10,0,0
6,26,1,195,52,36,1,1.062275,0.969809,1.009365,157,7,2417,100,100,2,2,2,-100,0,100,-100,1,160,3,344,138,0,0,5081,669,0,46,0,1619,826,0,92,0,981,1,0,26,0,202,25,0,67,0,148,1835,268,130,0,0,300,13,46,0,0,12,12,0,0
6,26,2,180,52,36,1,1.084954,0.969401,1.003189,143,6,2167,100,100,2,2,2,-100,100,0,-100,1,160,3,480,156,0,0,5081,382,0,52,0,1619,635,0,104,0,981,0,0,22,0,202,4,0,67,0,148,1719,268,134,0,0,91,11,47,0,0,13,13,0,0
6,26,3,174,52,36,1,1.067806,0.97869,1.01647,135,7,2417,100,100,2,2,2,100,-100,-100,0,1,160,3,197,105,0,0,5081,189,0,35,0,1619,706,0,70,0,981,1,0,20,0,202,36,0,67,0,148,1865,268,117,0,0,180,10,48,0,0,14,14,0,0
6,27,0,117,49,245,0,1.077059,0.988939,0.987905,90,6,2167,100,100,2,2,2,0,-100,-100,100,1,160,8,729,156,0,0,5864,369,0,52,0,1562,1053,0,104,0,715,63,0,16,0,477,2,0,8,0,184,1679,32,76,0,0,229,8,4,0,0,4,4,0,0
6,27,1,120,49,245,0,1.066021,0.960044,1.005425,90,7,2417,100,100,2,2,2,-100,0,100,-100,1,160,8,324,144,0,0,5864,426,0,48,0,1562,868,0,96,0,715,74,0,24,0,477,28,0,12,0,184,1815,48,84,0,0,306,12,6,0,0,6,6,0,0
6,27,2,168,49,245,0,1.085756,0.964903,1.002235,128,6,2167,100,100,2,2,2,-100,100,0,-100,1,160,8,510,165,0,0,5864,419,0,55,0,1562,687,0,110,0,715,0,0,76,0,477,0,0,19,0,184,1695,76,155,0,0,117,38,12,0,0,12,12,0,0
6,27,3,144,49,245,0,1.067266,0.97122,1.011775,109,7,2417,100,100,2,2,2,100,-100,-100,0,1,160,8,180,120,0,0,5864,199,0,40,0,1562,743,0,80,0,715,41,0,60,0,477,24,0,30,0,184,1882,120,104,0,0,208,30,2,0,0,2,2,0,0
6,28,0,122,47,22,1,1.079006,0.991106,0.986774,93,6,2167,100,100,2,2,2,0,-100,-100,100,1,160,4,805,162,0,0,5771,254,0,54,0,1532,1103,0,108,0,623,142,0,24,0,449,4,0,12,0,472,1651,48,88,0,0,236,12,5,0,0,5,5,0,0
6,28,1,129,47,22,1,1.06736,0.95891,1.002839,96,7,2417,100,100,2,2,2,-100,0,100,-100,1,160,4,388,150,0,0,5771,320,0,50,0,1532,913,0,100,0,623,140,0,34,0,449,44,0,17,0,472,1808,68,102,0,0,314,17,9,0,0,9,9,0,0
6,28,2,174,47,22,1,1.086697,0.963469,1.002481,137,6,2167,100,100,2,2,2,-100,100,0,-100,1,160,4,551,168,0,0,5771,485,0,56,0,1532,743,0,112,0,623,0,0,96,0,449,0,0,9,0,472,1605,36,178,0,0,152,48,13,0,0,13,13,0,0
6,28,3,149,47,22,1,1.067782,0.968659,1.013228,104,7,2417,100,100,2,2,2,100,-100,-100,0,1,160,4,213,135,0,0,5771,206,0,45,0,1532,788,0,90,0,623,109,0,60,0,449,21,0,30,0,472,1920,120,109,0,0,236,30,2,0,0,2,2,0,0
6,29,0,133,58,17,0,1.080454,0.990476,0.982309,97,6,2167,100,100,2,2,2,0,-100,-100,100,1,160,0,888,168,0,0,5638,156,0,56,0,1514,1156,0,112,0,945,133,0,36,0,287,42,0,18,0,457,1632,72,108,0,0,246,18,8,0,0,8,8,0,0
6,29,1,135,58,17,0,1.068377,0.957284,1.002313,102,7,2417,100,100,2,2,2,-100,0,100,-100,1,160,0,450,153,0,0,5638,230,0,51,0,1514,964,0,102,0,945,126,0,40,0,287,91,0,20,0,457,1804,80,107,0,0,326,20,8,0,0,8,8,0,0
6,29,2,188,58,17,0,1.088333,0.963887,1.000845,148,6,2167,100,100,2,2,2,-100,100,0,-100,1,160,0,598,177,0,0,5638,564,0,59,0,1514,802,0,118,0,945,0,0,30,0,287,0,0,56,0,457,1799,224,113,0,0,155,15,12,0,0,12,12,0,0
6,29,3,159,58,17,0,1.070779,0.97101,1.014413,103,7,2417,100,100,2,2,2,100,-100,-100,0,1,160,0,239,141,0,0,5638,274,0,47,0,1514,829,0,94,0,945,81,0,72,0,287,52,0,36,0,457,1944,144,125,0,0,269,36,3,0,0,3,3,0,0
6,30,0,142,50,23,1,1.082307,0.990677,0.982094,103,6,2167,100,100,2,2,2,0,-100,-100,100,1,160,2,965,177,0,0,5912,61,0,59,0,1484,1212,0,118,0,698,147,0,54,0,505,31,0,27,0,268,1636,108,141,0,0,259,27,14,0,0,14,14,0,0
6,30,1,146,50,23,1,1.069265,0.954553,1.005343,107,7,2417,100,100,2,2,2,-100,0,100,-100,1,160,2,509,159,0,0,5912,154,0,53,0,1484,1011,0,106,0,698,181,0,50,0,505,66,0,25,0,268,1806,100,125,0,0,340,25,11,0,0,11,11,0,0
6,30,2,199,50,23,1,1.08805,0.961329,1.001843,158,7,2417,100,100,2,2,2,-100,100,0,-100,1,160,2,637,186,0,0,5912,314,0,62,0,1484,858,0,124,0,698,0,0,84,0,505,0,0,15,0,268,1895,60,206,0,0,150,42,47,0,0,13,13,0,0
6,30,3,155,50,23,1,1.070216,0.971557,1.013963,101,7,2417,100,100,2,2,2,100,-100,-100,0,1,160,2,253,144,0,0,5912,314,0,48,0,1484,877,0,96,0,698,110,0,76,0,505,14,0,38,0,268,1979,152,138,0,0,300,38,7,0,0,7,7,0,0
6,31,0,151,47,14,0,1.083708,0.990258,0.982814,115,6,2167,100,100,2,2,2,0,-100,-100,100,1,160,8,1034,177,0,0,5399,62,0,59,0,1727,1199,0,118,0,788,150,0,66,0,394,19,0,33,0,370,1670,132,149,0,0,280,33,12,0,0,12,12,0,0
6,31,1,150,47,14,0,1.068826,0.951806,1.004999,116,7,2417,100,100,2,2,2,-100,0,100,-100,1,160,8,558,159,0,0,5399,99,0,53,0,1727,1013,0,106,0,788,191,0,62,0,394,69,0,31,0,370,1830,124,139,0,0,359,31,12,0,0,12,12,0,0
6,31,2,210,47,14,0,1.089459,0.958904,1.001697,168,7,2417,100,100,2,2,2,-100,100,0,-100,1,160,8,667,192,0,0,5399,443,0,64,0,1727,829,0,128,0,788,1,0,68,0,394,0,0,27,0,370,1956,108,160,0,0,170,34,14,0,0,14,14,0,0
6,31,3,164,47,14,0,1.072946,0.971187,1.014716,106,7,2417,100,100,2,2,2,100,-100,-100,0,1,160,8,284,150,0,0,5399,372,0,50,0,1727,867,0,100,0,788,95,0,84,0,394,31,0,42,0,370,2022,168,152,0,0,333,42,9,0,0,9,9,0,0
6,32,0,161,53,19,1,1.085289,0.989886,0.982526,125,6,2167,100,100,2,2,2,0,-100,-100,100,1,160,3,1097,177,0,0,5259,93,0,59,0,1439,1255,0,118,0,938,91,0,80,0,465,0,0,30,0,357,1687,120,163,0,0,308,40,12,0,0,12,12,0,0
6,32,1,158,53,19,1,1.071272,0.951992,1.005539,127,7,2417,100,100,2,2,2,-100,0,100,-100,1,160,3,610,174,0,0,5259,102,0,58,0,1439,1064,0,116,0,938,150,0,68,0,465,62,0,34,0,357,1860,136,148,0,0,382,34,11,0,0,11,11,0,0
6,32,2,219,53,19,1,1.092433,0.957828,1.002516,174,7,2417,100,100,2,2,2,-100,100,0,-100,1,160,3,709,201,0,0,5259,559,0,67,0,1439,894,0,134,0,938,0,0,44,0,465,0,0,14,0,357,1963,56,139,0,0,178,22,14,0,0,14,14,0,0
6,32,3,171,53,19,1,1.077417,0.969993,1.013546,109,8,2667,100,100,2,2,2,100,-100,-100,0,1,160,3,315,159,0,0,5259,411,0,53,0,1439,920,0,106,0,938,52,0,86,0,465,7,0,43,0,357,2032,172,195,0,0,331,43,45,0,0,11,11,0,0
6,33,0,168,55,28,1,1.090018,0.988944,0.982829,132,6,2167,100,100,2,2,2,0,-100,-100,100,1,160,0,1160,186,0,0,5613,90,0,62,0,1391,1314,0,124,0,724,82,0,84,0,298,16,0,42,0,302,1746,168,170,0,0,338,42,12,0,0,12,12,0,0
6,33,1,160,55,28,1,1.072291,0.955628,1.007006,134,7,2417,100,100,2,2,2,-100,0,100,-100,1,160,0,653,168,0,0,5613,119,0,56,0,1391,1117,0,112,0,724,152,0,76,0,298,84,0,38,0,302,1912,152,148,0,0,412,38,8,0,0,8,8,0,0
6,33,2,228,55,28,1,1.094844,0.959386,1.003267,183,8,2667,100,100,2,2,2,-100,100,0,-100,1,160,0,730,201,0,0,5613,273,0,67,0,1391,979,0,134,0,724,0,0,84,0,298,0,0,50,0,302,2090,200,215,0,0,171,42,49,0,0,15,15,0,0
6,33,3,180,55,28,1,1.080022,0.969357,1.013191,115,8,2667,100,100,2,2,2,100,-100,-100,0,1,160,0,346,165,0,0,5613,481,0,55,0,1391,975,0,110,0,724,50,0,98,0,298,19,0,49,0,302,2087,196,177,0,0,368,49,12,0,0,12,12,0,0
6,34,0,177,51,20,0,1.089996,0.988731,0.98376,143,6,2167,100,100,2,2,2,0,-100,-100,100,1,160,2,1213,189,0,0,5137,121,0,63,0,1643,1312,0,126,0,492,114,0,98,0,528,0,0,18,0,317,1708,72,185,0,0,375,49,12,0,0,12,12,0,0
6,34,1,172,51,20,0,1.075684,0.95225,1.008037,141,7,2417,100,100,2,2,2,-100,0,100,-100,1,160,2,704,174,0,0,5137,134,0,58,0,1643,1126,0,116,0,492,205,0,84,0,528,43,0,42,0,317,1976,168,158,0,0,446,42,8,0,0,8,8,0,0
6,34,2,239,51,20,0,1.098261,0.958321,1.00275,194,8,2667,100,100,2,2,2,-100,100,0,-100,1,160,2,742,201,0,0,5137,418,0,67,0,1643,986,0,134,0,492,8,0,134,0,528,0,0,0,0,317,1959,0,231,0,0,223,67,15,0,0,15,15,0,0
6,34,3,179,51,20,0,1.081561,0.96947,1.012571,119,8,2667,100,100,2,2,2,100,-100,-100,0,1,160,2,358,159,0,0,5137,552,0,53,0,1643,974,0,106,0,492,101,0,110,0,528,0,0,23,0,317,2033,92,197,0,0,406,55,17,0,0,17,17,0,0
6,35,0,187,55,41,1,1.090476,0.987477,0.983309,151,6,2167,100,100,2,2,2,0,-100,-100,100,1,160,0,1261,186,0,0,5366,162,0,62,0,1361,1371,0,124,0,998,17,0,112,0,269,10,0,56,0,228,1817,224,196,0,0,420,56,11,0,0,11,11,0,0
6,35,1,172,55,41,1,1.07735,0.953848,1.007583,137,7,2417,100,100,2,2,2,-100,0,100,-100,1,160,0,731,159,0,0,5366,154,0,53,0,1361,1179,0,106,0,998,135,0,90,0,269,65,0,45,0,228,2049,180,165,0,0,480,45,11,0,0,11,11,0,0
6,35,2,239,55,41,1,1.101157,0.958817,1.003782,196,8,2667,100,100,2,2,2,-100,100,0,-100,1,160,0,745,201,0,0,5366,573,0,67,0,1361,1068,0,134,0,998,0,0,26,0,269,0,0,63,0,228,2187,252,123,0,0,221,13,15,0,0,15,15,0,0
6,35,3,183,55,41,1,1.085428,0.967853,1.011421,127,8,2667,100,100,2,2,2,100,-100,-100,0,1,160,0,367,150,0,0,5366,323,0,50,0,1361,1024,0,100,0,998,4,0,116,0,269,6,0,58,0,228,2196,232,200,0,0,447,58,17,0,0,17,17,0,0
6,36,0,194,51,31,1,1.092552,0.987878,0.984265,161,6,2167,100,100,2,2,2,0,-100,-100,100,1,160,6,1295,189,0,0,5526,193,0,63,0,1449,1419,0,126,0,645,1,0,124,0,418,0,0,11,0,449,1668,44,209,0,0,471,62,11,0,0,11,11,0,0
6,36,1,177,51,31,1,1.077578,0.953197,1.00752,144,8,2667,100,100,2,2,2,-100,0,100,-100,1,160,6,759,162,0,0,5526,177,0,54,0,1449,1226,0,108,0,645,132,0,100,0,418,62,0,50,0,449,2064,200,208,0,0,486,50,44,0,0,10,10,0,0
6,36,2,248,51,31,1,1.103668,0.957884,1.003528,206,8,2667,100,100,2,2,2,-100,100,0,-100,1,160,6,753,201,0,0,5526,267,0,67,0,1449,1154,0,134,0,645,1,0,80,0,418,0,0,55,0,449,2330,220,175,0,0,247,40,14,0,0,14,14,0,0
6,36,3,182,51,31,1,1.091867,0.96692,1.00787,132,8,2667,100,100,2,2,2,100,-100,-100,0,1,160,6,371,153,0,0,5526,361,0,51,0,1449,1064,0,102,0,645,17,0,116,0,418,0,0,6,0,449,2025,24,201,0,0,488,58,17,0,0,17,17,0,0
6,37,0,208,57,22,0,1.094751,0.98865,0.982788,171,7,2417,100,100,2,2,2,0,-100,-100,100,1,160,5,1337,198,0,0,5106,190,0,66,0,1418,1477,0,132,0,875,1,0,50,0,81,36,0,64,0,222,1845,256,172,0,0,451,25,45,0,0,11,11,0,0
6,37,1,182,57,22,0,1.079775,0.951931,1.007009,148,8,2667,100,100,2,2,2,-100,0,100,-100,1,160,5,774,159,0,0,5106,200,0,53,0,1418,1271,0,106,0,875,70,0,110,0,81,127,0,55,0,222,2165,220,185,0,0,530,55,11,0,0,11,11,0,0
6,37,2,258,57,22,0,1.105354,0.956605,1.003539,216,8,2667,100,100,2,2,2,-100,100,0,-100,1,160,5,742,201,0,0,5106,448,0,67,0,1418,1234,0,134,0,875,1,0,52,0,81,40,0,67,0,222,2572,268,147,0,0,259,26,14,0,0,14,14,0,0
6,37,3,188,57,22,0,1.093412,0.968412,1.009834,144,8,2667,100,100,2,2,2,100,-100,-100,0,1,160,5,371,147,0,0,5106,394,0,49,0,1418,1113,0,98,0,875,0,0,62,0,81,59,0,60,0,222,2202,240,141,0,0,504,31,15,0,0,15,15,0,0
6,38,0,213,50,38,1,1.097061,0.986589,0.981633,177,7,2417,100,100,2,2,2,0,-100,-100,100,1,160,0,1368,198,0,0,4974,190,0,66,0,1398,1534,0,132,0,622,1,0,100,0,282,36,0,67,0,190,2038,268,190,0,0,489,50,12,0,0,12,12,0,0
6,38,1,181,50,38,1,1.079718,0.950279,1.00648,150,8,2667,100,100,2,2,2,-100,0,100,-100,1,160,0,779,150,0,0,4974,248,0,50,0,1398,1318,0,100,0,622,70,0,116,0,282,126,0,58,0,190,2280,232,186,0,0,578,58,10,0,0,10,10,0,0
6,38,2,260,50,38,1,1.108451,0.955372,1.003127,221,8,2667,100,100,2,2,2,-100,100,0,-100,1,160,0,722,201,0,0,4974,635,0,67,0,1398,1319,0,134,0,622,0,0,114,0,282,35,0,67,0,190,2574,268,207,0,0,303,57,13,0,0,13,13,0,0
6,38,3,194,50,38,1,1.095505,0.967694,1.012334,152,8,2667,100,100,2,2,2,100,-100,-100,0,1,160,0,376,156,0,0,4974,426,0,52,0,1398,1164,0,104,0,622,0,0,112,0,282,64,0,62,0,190,2342,248,192,0,0,546,56,14,0,0,14,14,0,0
6,39,0,220,57,24,0,1.098751,0.986429,0.982881,188,8,2667,100,100,2,2,2,0,-100,-100,100,1,160,0,1393,201,0,0,5530,204,0,67,0,1397,1603,0,134,0,760,1,0,66,0,269,27,0,67,0,96,2233,268,187,0,0,478,33,44,0,0,10,10,0,0
6,39,1,193,57,24,0,1.082115,0.952028,1.006979,154,8,2667,100,100,2,2,2,-100,0,100,-100,1,160,0,795,150,0,0,5530,289,0,50,0,1397,1363,0,100,0,760,19,0,124,0,269,135,0,62,0,96,2416,248,196,0,0,629,62,11,0,0,11,11,0,0
6,39,2,267,57,24,0,1.108543,0.956294,1.004152,229,8,2667,100,100,2,2,2,-100,100,0,-100,1,160,0,700,201,0,0,5530,308,0,67,0,1397,1416,0,134,0,760,1,0,80,0,269,33,0,67,0,96,2574,268,173,0,0,330,40,13,0,0,13,13,0,0
6,39,3,201,57,24,0,1.097552,0.967186,1.011442,161,8,2667,100,100,2,2,2,100,-100,-100,0,1,160,0,378,159,0,0,5530,451,0,53,0,1397,1214,0,106,0,760,1,0,84,0,269,65,0,65,0,96,2532,260,163,0,0,575,42,13,0,0,13,13,0,0
6,40,0,222,49,35,0,1.098299,0.984827,0.981591,191,8,2667,100,100,2,2,2,0,-100,-100,100,1,160,2,1414,201,0,0,4966,245,0,67,0,1378,1667,0,134,0,565,0,0,116,0,464,0,0,43,0,131,2311,172,199,0,0,528,58,8,0,0,8,8,0,0
6,40,1,200,49,35,0,1.083788,0.949544,1.006718,161,8,2667,100,100,2,2,2,-100,0,100,-100,1,160,2,795,156,0,0,4966,318,0,52,0,1378,1415,0,104,0,565,18,0,134,0,464,82,0,67,0,131,2563,268,214,0,0,682,67,14,0,0,14,14,0,0
6,40,2,263,49,35,0,1.111113,0.954719,1.004962,231,8,2667,100,100,2,2,2,-100,100,0,-100,1,160,2,670,201,0,0,4966,494,0,67,0,1378,1501,0,134,0,565,1,0,120,0,464,0,0,51,0,131,2558,204,209,0,0,379,60,11,0,0,11,11,0,0
6,40,3,210,49,35,0,1.098518,0.968021,1.010073,172,8,2667,100,100,2,2,2,100,-100,-100,0,1,160,2,374,162,0,0,4966,484,0,54,0,1378,1266,0,108,0,565,3,0,134,0,464,22,0,67,0,131,2583,268,216,0,0,628,67,14,0,0,14,14,0,0
0,1,0,109,41,14,0,1.000638,1.005155,0.99645,0,0,667,100,100,0,0,2,0,-100,100,-100,1,160,17,108,72,0,0,5616,394,0,24,0,1936,107,0,48,0,961,1,0,92,0,428,30,0,48,0,397,225,192,150,0,0,29,46,17,0,0,17,17,0,0
0,1,1,105,41,14,0,0.998816,1.00491,0.998741,0,0,667,100,100,0,0,2,-100,0,-100,100,1,160,17,106,72,0,0,5616,402,0,24,0,1936,102,0,48,0,961,1,0,92,0,428,32,0,49,0,397,231,196,150,0,0,29,46,17,0,0,17,17,0,0
0,1,2,108,41,14,0,0.99884,1.001382,0.996804,0,0,667,100,100,0,0,2,100,-100,0,-100,1,160,17,104,72,0,0,5616,386,0,24,0,1936,107,0,48,0,961,1,0,96,0,428,25,0,48,0,397,223,192,154,0,0,31,48,17,0,0,17,17,0,0
0,1,3,105,41,14,0,0.999556,1.000888,0.995677,0,0,667,100,100,0,0,2,-100,100,-100,0,1,160,17,105,69,0,0,5616,411,0,23,0,1936,102,0,46,0,961,0,0,96,0,428,26,0,50,0,397,231,200,153,0,0,31,48,17,0,0,17,17,0,0
0,2,0,102,41,32,0,1.001967,1.005249,0.993832,15,0,667,100,100,0,0,2,0,-100,100,-100,1,160,15,107,75,0,0,5584,468,0,25,0,1838,132,0,50,0,792,0,0,70,0,536,0,0,30,0,337,264,120,129,0,0,47,35,17,0,0,17,17,0,0
0,2,1,110,41,32,0,0.998911,1.00563,0.999057,15,0,667,100,100,0,0,2,-100,0,-100,100,1,160,15,111,81,0,0,5584,454,0,27,0,1838,129,0,54,0,792,1,0,68,0,536,0,0,32,0,337,301,128,129,0,0,46,34,17,0,0,17,17,0,0
0,2,2,113,41,32,0,1.0014,1.000913,0.999927,15,0,667,100,100,0,0,2,100,-100,0,-100,1,160,15,113,78,0,0,5584,452,0,26,0,1838,127,0,52,0,792,0,0,62,0,536,0,0,25,0,337,263,100,122,0,0,45,31,17,0,0,17,17,0,0
0,2,3,111,41,32,0,1.003415,1.00097,0.995316,15,0,667,100,100,0,0,2,-100,100,-100,0,1,160,15,110,75,0,0,5584,481,0,25,0,1838,127,0,50,0,792,1,0,62,0,536,0,0,26,0,337,263,104,121,0,0,45,31,17,0,0,17,17,0,0
0,3,0,97,48,54,0,1.000827,1.000737,0.99302,24,0,667,100,100,0,0,2,0,-100,100,-100,1,160,6,111,75,0,0,6400,341,0,25,0,1819,157,0,50,0,979,0,0,24,0,409,0,0,8,0,0,363,32,83,0,0,42,12,17,0,0,17,17,0,0
0,3,1,110,48,54,0,1.001593,1.002756,1.001768,26,0,667,100,100,0,0,2,-100,0,-100,100,1,160,6,123,90,0,0,6400,314,0,30,0,1819,157,0,60,0,979,1,0,20,0,409,0,0,1,0,0,368,4,84,0,0,39,10,17,0,0,17,17,0,0
0,3,2,110,48,54,0,1.000315,0.997774,1.001052,25,0,667,100,100,0,0,2,100,-100,0,-100,1,160,6,108,75,0,0,6400,314,0,25,0,1819,151,0,50,0,979,1,0,20,0,409,0,0,3,0,0,343,12,79,0,0,38,10,17,0,0,17,17,0,0
0,3,3,113,48,54,0,1.008102,1.000654,0.996065,25,0,667,100,100,0,0,2,-100,100,-100,0,1,160,6,118,84,0,0,6400,342,0,28,0,1819,153,0,56,0,979,0,0,20,0,409,0,0,15,0,0,387,60,82,0,0,38,10,17,0,0,17,17,0,0
0,4,0,100,44,17,0,1.000139,0.999157,0.994388,39,0,667,100,100,0,0,2,0,-100,100,-100,1,160,15,116,72,0,0,5493,440,0,24,0,1801,181,0,48,0,918,1,0,28,0,536,0,0,0,0,254,340,0,86,0,0,39,14,17,0,0,17,17,0,0
0,4,1,118,44,17,0,1.000947,1.002492,1.000972,39,0,667,100,100,0,0,2,-100,0,-100,100,1,160,15,151,105,0,0,5493,380,0,35,0,1801,187,0,70,0,918,0,0,30,0,536,0,0,0,0,254,353,0,99,0,0,37,15,17,0,0,17,17,0,0
0,4,2,115,44,17,0,1.000907,0.997024,1.000738,39,0,667,100,100,0,0,2,100,-100,0,-100,1,160,15,110,75,0,0,5493,416,0,25,0,1801,173,0,50,0,918,1,0,38,0,536,0,0,0,0,254,347,0,97,0,0,40,19,17,0,0,17,17,0,0
0,4,3,124,44,17,0,1.01123,1.00056,0.993464,41,0,667,100,100,0,0,2,-100,100,-100,0,1,160,15,130,90,0,0,5493,414,0,30,0,1801,180,0,60,0,918,1,0,48,0,536,0,0,0,0,254,373,0,112,0,0,45,24,17,0,0,17,17,0,0
0,5,0,107,45,23,0,0.999688,0.997769,0.993457,53,0,667,100,100,0,0,2,0,-100,100,-100,1,160,7,118,75,0,0,5648,315,0,25,0,1769,206,0,50,0,931,0,0,36,0,504,0,0,4,0,299,358,16,95,0,0,40,18,17,0,0,17,17,0,0
0,5,1,123,45,23,0,1.002384,1.002592,1.000053,55,0,667,100,100,0,0,2,-100,0,-100,100,1,160,7,181,114,0,0,5648,432,0,38,0,1769,222,0,76,0,931,0,0,24,0,504,0,0,8,0,299,340,32,96,0,0,32,12,17,0,0,17,17,0,0
0,5,2,118,45,23,0,0.998543,0.997246,1.000173,50,0,667,100,100,0,0,2,100,-100,0,-100,1,160,7,118,81,0,0,5648,522,0,27,0,1769,197,0,54,0,931,0,0,38,0,504,0,0,6,0,299,340,24,99,0,0,42,19,17,0,0,17,17,0,0
0,5,3,131,45,23,0,1.014572,0.999763,0.992513,55,0,667,100,100,0,0,2,-100,100,-100,0,1,160,7,145,99,0,0,5648,489,0,33,0,1769,213,0,66,0,931,0,0,40,0,504,0,0,11,0,299,383,44,107,0,0,48,20,17,0,0,17,17,0,0
0,6,0,113,47,28,0,0.999869,1.00404,0.993908,66,0,667,100,100,0,0,2,0,-100,100,-100,1,160,7,124,78,0,0,5887,447,0,26,0,1758,232,0,52,0,946,1,0,24,0,506,0,0,8,0,440,327,32,84,0,0,35,12,17,0,0,17,17,0,0
0,6,1,119,47,28,0,1.004529,1.005243,0.999724,67,0,667,100,100,0,0,2,-100,0,-100,100,1,160,7,211,114,0,0,5887,495,0,38,0,1758,257,0,76,0,946,1,0,20,0,506,0,0,5,0,440,307,20,92,0,0,25,10,17,0,0,17,17,0,0
0,6,2,126,47,28,0,1.001489,0.995319,1.003137,66,0,667,100,100,0,0,2,100,-100,0,-100,1,160,7,118,84,0,0,5887,376,0,28,0,1758,222,0,56,0,946,0,0,24,0,506,0,0,7,0,440,332,28,86,0,0,37,12,17,0,0,17,17,0,0
0,6,3,140,47,28,0,1.014357,1.00111,0.990737,71,0,667,100,100,0,0,2,-100,100,-100,0,1,160,7,166,114,0,0,5887,320,0,38,0,1758,250,0,76,0,946,0,0,44,0,506,0,0,8,0,440,349,32,116,0,0,53,22,17,0,0,17,17,0,0
0,7,0,104,35,49,0,1.002982,1.005055,0.994296,77,0,667,100,100,0,0,2,0,-100,100,-100,1,160,23,121,84,0,0,5840,306,0,28,0,1739,260,0,56,0,893,0,0,36,0,533,0,0,0,0,60,375,0,84,0,0,43,18,10,0,0,10,10,0,0
0,7,1,117,35,49,0,1.005195,1.004341,1.002791,78,0,667,100,100,0,0,2,-100,0,-100,100,1,160,23,233,111,0,0,5840,339,0,37,0,1739,288,0,74,0,893,0,0,48,0,533,0,0,3,0,60,342,12,115,0,0,34,24,15,0,0,15,15,0,0
0,7,2,128,35,49,0,1.008282,0.995293,1.002311,79,0,667,100,100,0,0,2,100,-100,0,-100,1,160,23,108,75,0,0,5840,489,0,25,0,1739,247,0,50,0,893,0,0,46,0,533,0,0,0,0,60,338,0,105,0,0,43,23,17,0,0,17,17,0,0
0,7,3,135,35,49,0,1.011727,0.99859,0.990988,86,0,667,100,100,0,0,2,-100,100,-100,0,1,160,23,172,114,0,0,5840,414,0,38,0,1739,288,0,76,0,893,1,0,48,0,533,0,0,0,0,60,328,0,120,0,0,60,24,17,0,0,17,17,0,0
0,8,0,112,41,15,0,1.004758,1.004195,0.994641,85,0,667,100,100,0,0,2,0,-100,100,-100,1,160,7,145,93,0,0,5695,379,0,31,0,1765,286,0,62,0,864,0,0,38,0,536,0,0,0,0,178,365,0,85,0,0,54,19,8,0,0,8,8,0,0
0,8,1,125,41,15,0,1.005565,1.007517,1.003463,90,0,667,100,100,0,0,2,-100,0,-100,100,1,160,7,257,108,0,0,5695,414,0,36,0,1765,318,0,72,0,864,0,0,52,0,536,0,0,0,0,178,308,0,112,0,0,48,26,12,0,0,12,12,0,0
0,8,2,129,41,15,0,1.009073,0.995474,1.000494,94,0,667,100,100,0,0,2,100,-100,0,-100,1,160,7,105,81,0,0,5695,334,0,27,0,1765,265,0,54,0,864,1,0,54,0,536,0,0,0,0,178,386,0,109,0,0,56,27,14,0,0,14,14,0,0
0,8,3,144,41,15,0,1.012282,0.994909,0.989591,101,0,667,100,100,0,0,2,-100,100,-100,0,1,160,7,193,117,0,0,5695,509,0,39,0,1765,321,0,78,0,864,0,0,64,0,536,0,0,0,0,178,296,0,135,0,0,76,32,16,0,0,16,16,0,0
0,9,0,123,45,17,0,1.008441,1.006721,0.992942,90,0,667,100,100,0,0,2,0,-100,100,-100,1,160,1,162,96,0,0,5625,483,0,32,0,1733,313,0,64,0,871,0,0,42,0,505,0,0,3,0,110,365,12,94,0,0,65,21,10,0,0,10,10,0,0
0,9,1,135,45,17,0,1.009208,1.006666,1.005715,98,0,667,100,100,0,0,2,-100,0,-100,100,1,160,1,287,117,0,0,5625,490,0,39,0,1733,351,0,78,0,871,1,0,56,0,505,0,0,5,0,110,296,20,119,0,0,64,28,12,0,0,12,12,0,0
0,9,2,126,45,17,0,1.011488,0.994718,1.000664,104,0,667,100,100,0,0,2,100,-100,0,-100,1,160,1,103,84,0,0,5625,456,0,28,0,1733,290,0,56,0,871,1,0,42,0,505,0,0,10,0,110,453,40,88,0,0,68,21,9,0,0,9,9,0,0
0,9,3,154,45,17,0,1.015788,0.994823,0.990596,116,0,667,100,100,0,0,2,-100,100,-100,0,1,160,1,211,126,0,0,5625,323,0,42,0,1733,362,0,84,0,871,0,0,54,0,505,0,0,13,0,110,421,52,122,0,0,90,27,13,0,0,13,13,0,0
0,10,0,131,35,17,0,1.011308,1.007897,0.991951,98,1,917,100,100,1,1,2,0,-100,100,-100,1,160,11,182,108,0,0,5786,324,0,36,0,1688,349,0,72,0,1052,1,0,2,0,385,0,0,33,0,81,550,132,94,0,0,21,1,45,0,0,11,11,0,0
0,10,1,140,35,17,0,1.008714,1.003466,1.005036,110,0,667,97.248345,92.248345,1,1,2,-100,0,-100,100,1,160,11,313,135,0,0,5786,310,0,45,0,1688,393,0,90,0,1052,1,0,6,0,385,0,0,48,0,81,557,192,71,0,0,57,3,10,0,0,10,10,0,0
0,10,2,124,35,17,0,1.011422,0.99499,1.002756,110,1,917,100,100,1,1,2,100,-100,0,-100,1,160,11,99,75,0,0,5786,567,0,25,0,1688,315,0,50,0,1052,1,0,6,0,385,0,0,19,0,81,559,76,75,0,0,32,3,39,0,0,5,5,0,0
0,10,3,161,35,17,0,1.018321,0.993739,0.989504,127,1,917,100,100,1,1,2,-100,100,-100,0,1,160,11,218,129,0,0,5786,462,0,43,0,1688,405,0,86,0,1052,1,0,4,0,385,0,0,51,0,81,564,204,107,0,0,45,2,47,0,0,13,13,0,0
0,11,0,128,33,62,1,1.009705,1.00505,0.993196,102,1,917,100,100,1,1,2,0,-100,100,-100,1,160,2,193,108,0,0,5496,461,0,36,0,1845,349,0,72,0,1038,0,0,6,0,349,0,0,24,0,198,674,96,60,0,0,15,3,9,0,0,9,9,0,0
0,11,1,131,33,62,1,1.01478,1.005654,0.998758,107,1,917,100,97.248345,1,1,2,-100,0,-100,100,1,160,2,345,138,0,0,5496,356,0,46,0,1845,373,0,92,0,1038,1,0,8,0,349,0,0,30,0,198,571,120,104,0,0,19,4,42,0,0,8,8,0,0
0,11,2,107,33,62,1,1.004748,0.998752,1.00285,98,1,917,100,100,1,1,2,100,-100,0,-100,1,160,2,98,81,0,0,5496,416,0,27,0,1845,314,0,54,0,1038,0,0,8,0,349,0,0,8,0,198,655,32,41,0,0,33,4,3,0,0,3,3,0,0
0,11,3,161,33,62,1,1.02255,0.992587,0.988396,128,1,917,100,100,1,1,2,-100,100,-100,0,1,160,2,243,141,0,0,5496,582,0,47,0,1845,408,0,94,0,1038,1,0,14,0,349,0,0,42,0,198,749,168,83,0,0,41,7,11,0,0,11,11,0,0
0,12,0,130,30,20,0,1.014275,1.005061,0.992694,104,1,917,100,100,1,1,2,0,-100,100,-100,1,160,40,213,114,0,0,5606,569,0,38,0,1658,387,0,76,0,882,0,0,48,0,536,0,0,0,0,96,672,0,104,0,0,30,24,9,0,0,9,9,0,0
0,12,1,134,30,20,0,1.016514,1.005144,0.996986,112,1,917,100,100,1,1,2,-100,0,-100,100,1,160,40,391,144,0,0,5606,411,0,48,0,1658,421,0,96,0,882,0,0,48,0,536,0,0,0,0,96,564,0,112,0,0,35,24,8,0,0,8,8,0,0
0,12,2,104,30,20,0,1.008486,0.998716,0.998703,96,1,917,100,100,1,1,2,100,-100,0,-100,1,160,40,89,75,0,0,5606,510,0,25,0,1658,336,0,50,0,882,0,0,30,0,536,0,0,0,0,96,704,0,59,0,0,46,15,2,0,0,2,2,0,0
0,12,3,169,30,20,0,1.023697,0.992023,0.987758,137,1,917,100,100,1,1,2,-100,100,-100,0,1,160,40,266,156,0,0,5606,369,0,52,0,1658,457,0,104,0,882,0,0,66,0,536,0,0,0,0,96,777,0,140,0,0,63,33,11,0,0,11,11,0,0
0,13,0,133,42,23,0,1.014122,1.003457,0.991853,107,1,917,100,100,1,1,2,0,-100,100,-100,1,160,13,223,111,0,0,5803,402,0,37,0,1640,421,0,74,0,958,1,0,36,0,480,0,0,12,0,170,759,48,91,0,0,39,18,9,0,0,9,9,0,0
0,13,1,137,42,23,0,1.016194,1.006417,0.996015,114,1,917,100,100,1,1,2,-100,0,-100,100,1,160,13,433,141,0,0,5803,461,0,47,0,1640,468,0,94,0,958,0,0,24,0,480,0,0,16,0,170,608,64,83,0,0,41,12,6,0,0,6,6,0,0
0,13,2,109,42,23,0,1.010715,0.996338,0.997311,95,2,1167,100,100,1,1,2,100,-100,0,-100,1,160,13,103,81,0,0,5803,379,0,27,0,1640,360,0,54,0,958,0,0,18,0,480,0,0,9,0,170,780,36,85,0,0,18,9,37,0,0,3,3,0,0
0,13,3,177,42,23,0,1.026231,0.991145,0.986288,143,2,1167,100,100,1,1,2,-100,100,-100,0,1,160,13,298,162,0,0,5803,496,0,54,0,1640,502,0,108,0,958,1,0,34,0,480,0,0,19,0,170,806,76,144,0,0,35,17,45,0,0,11,11,0,0
0,14,0,134,53,22,0,1.015841,1.005122,0.988525,106,2,1167,100,100,1,1,2,0,-100,100,-100,1,160,8,234,114,0,0,5257,487,0,38,0,1633,459,0,76,0,972,0,0,16,0,458,0,0,27,0,333,823,108,104,0,0,5,8,42,0,0,8,8,0,0
0,14,1,149,53,22,0,1.019051,1.008462,0.995099,118,1,917,100,100,1,1,2,-100,0,-100,100,1,160,8,475,144,0,0,5257,532,0,48,0,1633,511,0,96,0,972,0,0,26,0,458,0,0,15,0,333,636,60,92,0,0,45,13,9,0,0,9,9,0,0
0,14,2,114,53,22,0,1.014229,0.99678,0.995267,93,2,1167,100,100,1,1,2,100,-100,0,-100,1,160,8,111,81,0,0,5257,466,0,27,0,1633,384,0,54,0,972,0,0,22,0,458,0,0,5,0,333,802,20,59,0,0,24,11,5,0,0,5,5,0,0
0,14,3,190,53,22,0,1.027717,0.991604,0.986701,153,2,1167,100,100,1,1,2,-100,100,-100,0,1,160,8,333,171,0,0,5257,630,0,57,0,1633,556,0,114,0,972,0,0,32,0,458,0,0,31,0,333,887,124,111,0,0,40,16,11,0,0,11,11,0,0
0,15,0,143,36,16,0,1.017576,1.003627,0.987437,112,2,1167,100,100,1,1,2,0,-100,100,-100,1,160,17,253,123,0,0,6400,312,0,41,0,1613,500,0,82,0,965,1,0,22,0,390,0,0,42,0,0,1058,168,83,0,0,6,11,10,0,0,10,10,0,0
0,15,1,154,36,16,0,1.01846,1.009126,0.993686,124,2,1167,100,100,1,1,2,-100,0,-100,100,1,160,17,516,156,0,0,6400,331,0,52,0,1613,562,0,104,0,965,1,0,18,0,390,0,0,35,0,0,797,140,126,0,0,9,9,45,0,0,11,11,0,0
0,15,2,120,36,16,0,1.015783,0.99657,0.995799,97,2,1167,100,100,1,1,2,100,-100,0,-100,1,160,17,111,81,0,0,6400,325,0,27,0,1613,411,0,54,0,965,1,0,14,0,390,0,0,30,0,0,1018,120,57,0,0,23,7,8,0,0,8,8,0,0
0,15,3,190,36,16,0,1.028254,0.992051,0.985321,157,3,1417,100,100,1,1,2,-100,100,-100,0,1,160,17,354,177,0,0,6400,381,0,59,0,1613,607,0,118,0,965,1,0,40,0,390,0,0,39,0,0,1025,156,157,0,0,14,20,46,0,0,12,12,0,0
0,16,0,142,50,35,0,1.016719,1.003253,0.987358,113,2,1167,100,100,1,1,2,0,-100,100,-100,1,160,2,255,111,0,0,5223,390,0,37,0,1603,534,0,74,0,844,1,0,62,0,535,0,0,0,0,200,1030,0,119,0,0,27,31,10,0,0,10,10,0,0
0,16,1,162,50,35,0,1.022889,1.006321,0.987256,127,2,1167,100,100,1,1,2,-100,0,-100,100,1,160,2,543,144,0,0,5223,409,0,48,0,1603,602,0,96,0,844,1,0,46,0,535,0,0,0,0,200,777,0,114,0,0,22,23,10,0,0,10,10,0,0
0,16,2,123,50,35,0,1.020402,0.992557,0.995754,99,3,1417,100,100,1,1,2,100,-100,0,-100,1,160,2,112,84,0,0,5223,432,0,28,0,1603,433,0,56,0,844,0,0,44,0,535,0,0,1,0,200,982,4,122,0,0,3,22,42,0,0,8,8,0,0
0,16,3,195,50,35,0,1.03225,0.991506,0.985005,160,3,1417,100,100,1,1,2,-100,100,-100,0,1,160,2,371,168,0,0,5223,495,0,56,0,1603,657,0,112,0,844,0,0,78,0,535,0,0,0,0,200,968,0,154,0,0,43,39,10,0,0,10,10,0,0
0,17,0,147,36,11,0,1.018643,1.003204,0.98555,121,2,1167,100,100,1,1,2,0,-100,100,-100,1,160,15,262,117,0,0,5128,497,0,39,0,1622,567,0,78,0,988,1,0,22,0,310,0,0,60,0,145,1108,240,81,0,0,28,11,10,0,0,10,10,0,0
0,17,1,172,36,11,0,1.024927,1.004176,0.985577,137,2,1167,100,100,1,1,2,-100,0,-100,100,1,160,15,573,156,0,0,5128,483,0,52,0,1622,651,0,104,0,988,1,0,20,0,310,0,0,54,0,145,1016,216,96,0,0,20,10,12,0,0,12,12,0,0
0,17,2,126,36,11,0,1.020011,0.99088,0.994263,104,3,1417,100,100,1,1,2,100,-100,0,-100,1,160,15,116,90,0,0,5128,543,0,30,0,1622,460,0,60,0,988,0,0,12,0,310,0,0,45,0,145,1204,180,58,0,0,1,6,8,0,0,8,8,0,0
0,17,3,202,36,11,0,1.033925,0.992272,0.984867,167,4,1667,100,100,1,1,2,-100,100,-100,0,1,160,15,386,174,0,0,5128,642,0,58,0,1622,709,0,116,0,988,0,0,30,0,310,0,0,67,0,145,1216,268,148,0,0,11,15,47,0,0,13,13,0,0
0,18,0,156,54,20,0,1.015724,1.001112,0.986381,129,2,1167,100,100,1,1,2,0,-100,100,-100,1,160,5,264,114,0,0,6079,312,0,38,0,1692,588,0,76,0,972,0,0,22,0,299,0,0,60,0,189,1117,240,72,0,0,33,11,6,0,0,6,6,0,0
0,18,1,179,54,20,0,1.028792,1.002783,0.984374,143,2,1167,100,100,1,1,2,-100,0,-100,100,1,160,5,591,153,0,0,6079,565,0,51,0,1692,675,0,102,0,972,0,0,18,0,299,0,0,60,0,189,1094,240,91,0,0,18,9,11,0,0,11,11,0,0
0,18,2,131,54,20,0,1.023361,0.989975,0.994985,109,3,1417,100,100,1,1,2,100,-100,0,-100,1,160,5,123,93,0,0,6079,386,0,31,0,1692,473,0,62,0,972,1,0,12,0,299,0,0,47,0,189,1372,188,57,0,0,0,6,7,0,0,7,7,0,0
0,18,3,215,54,20,0,1.036837,0.991405,0.984113,177,4,1667,100,100,1,1,2,-100,100,-100,0,1,160,5,389,165,0,0,6079,385,0,55,0,1692,738,0,110,0,972,1,0,48,0,299,0,0,67,0,189,1469,268,125,0,0,24,24,11,0,0,11,11,0,0
0,19,0,156,44,31,0,1.019645,1.000017,0.985956,127,2,1167,100,100,1,1,2,0,-100,100,-100,1,160,1,261,126,0,0,5296,442,0,42,0,1602,627,0,84,0,1030,1,0,8,0,237,0,0,55,0,81,1105,220,70,0,0,27,4,10,0,0,10,10,0,0
0,19,1,183,44,31,0,1.031847,1.002113,0.984425,148,2,1167,100,100,1,1,2,-100,0,-100,100,1,160,1,599,156,0,0,5296,334,0,52,0,1602,727,0,104,0,1030,1,0,16,0,237,0,0,55,0,81,1089,220,94,0,0,13,8,13,0,0,13,13,0,0
0,19,2,131,44,31,0,1.024514,0.989804,0.996807,106,3,1417,100,100,1,1,2,100,-100,0,-100,1,160,1,130,96,0,0,5296,487,0,32,0,1602,502,0,64,0,1030,0,0,6,0,237,0,0,36,0,81,1379,144,44,0,0,0,3,3,0,0,3,3,0,0
0,19,3,224,44,31,0,1.039065,0.989287,0.984084,184,4,1667,100,100,1,1,2,-100,100,-100,0,1,160,1,382,171,0,0,5296,553,0,57,0,1602,788,0,114,0,1030,0,0,12,0,237,47,0,67,0,81,1582,268,97,0,0,16,6,14,0,0,14,14,0,0
0,20,0,158,42,22,2,1.019225,0.999782,0.988381,131,3,1417,100,100,1,1,2,0,-100,100,-100,1,160,18,260,123,0,0,5268,557,0,41,0,1580,665,0,82,0,817,1,0,58,0,536,0,0,0,0,200,1016,0,151,0,0,13,29,43,0,0,9,9,0,0
0,20,1,192,42,22,2,1.034402,1.000413,0.982057,159,2,1167,100,100,1,1,2,-100,0,-100,100,1,160,18,608,159,0,0,5268,442,0,53,0,1580,780,0,106,0,817,0,0,60,0,536,0,0,0,0,200,1032,0,135,0,0,32,30,11,0,0,11,11,0,0
0,20,2,131,42,22,2,1.024447,0.993239,0.996785,101,3,1417,100,100,1,1,2,100,-100,0,-100,1,160,18,104,75,0,0,5268,331,0,25,0,1580,524,0,50,0,817,1,0,38,0,536,0,0,0,0,200,1332,0,85,0,0,8,19,11,0,0,11,11,0,0
0,20,3,233,42,22,2,1.040857,0.989832,0.984256,195,5,1917,100,100,1,1,2,-100,100,-100,0,1,160,18,368,171,0,0,5268,724,0,57,0,1580,842,0,114,0,817,1,0,98,0,536,0,0,47,0,200,1544,188,215,0,0,18,49,47,0,0,13,13,0,0
0,21,0,133,47,143,4,1.021048,0.9989,0.985432,102,3,1417,100,100,1,1,2,0,-100,100,-100,1,160,0,259,129,0,0,5800,356,0,43,0,1593,705,0,86,0,921,1,0,36,0,350,0,0,41,0,71,1162,164,97,0,0,22,18,9,0,0,9,9,0,0
0,21,1,169,47,143,4,1.038285,0.997984,0.97876,142,3,1417,100,100,1,1,2,-100,0,-100,100,1,160,0,620,168,0,0,5800,533,0,56,0,1593,829,0,112,0,921,0,0,34,0,350,0,0,48,0,71,1061,192,140,0,0,7,17,42,0,0,8,8,0,0
0,21,2,112,47,143,4,1.030534,0.987912,0.997165,93,3,1417,100,100,1,1,2,100,-100,0,-100,1,160,0,105,78,0,0,5800,404,0,26,0,1593,550,0,52,0,921,1,0,20,0,350,0,0,24,0,71,1381,96,56,0,0,13,10,5,0,0,5,5,0,0
0,21,3,204,47,143,4,1.0408,0.991638,0.983709,168,6,2167,100,100,1,1,2,-100,100,-100,0,1,160,0,355,183,0,0,5800,430,0,61,0,1593,900,0,122,0,921,0,0,62,0,350,0,0,67,0,71,1702,268,179,0,0,4,31,45,0,0,11,11,0,0
0,22,0,137,43,34,0,1.023085,1.000139,0.986995,104,3,1417,100,100,1,1,2,0,-100,100,-100,1,160,8,282,123,0,0,5592,382,0,41,0,1665,721,0,82,0,1052,1,0,0,0,208,28,0,49,0,138,1354,196,63,0,0,11,0,11,0,0,11,11,0,0
0,22,1,170,43,34,0,1.041516,0.997721,0.976788,141,3,1417,100,100,1,1,2,-100,0,-100,100,1,160,8,641,159,0,0,5592,311,0,53,0,1665,854,0,106,0,1052,0,0,0,0,208,7,0,67,0,138,1350,268,67,0,0,0,0,7,0,0,7,7,0,0
0,22,2,114,43,34,0,1.03478,0.989591,0.998851,93,3,1417,100,100,1,1,2,100,-100,0,-100,1,160,8,101,69,0,0,5592,533,0,23,0,1665,560,0,46,0,1052,0,0,2,0,208,0,0,45,0,138,1382,180,37,0,0,8,1,6,0,0,6,6,0,0
0,22,3,206,43,34,0,1.042094,0.993098,0.982951,172,6,2167,100,100,1,1,2,-100,100,-100,0,1,160,8,382,192,0,0,5592,490,0,64,0,1665,933,0,128,0,1052,1,0,18,0,208,35,0,67,0,138,1975,268,106,0,0,1,9,12,0,0,12,12,0,0
0,23,0,145,42,14,0,1.023304,0.99752,0.98538,113,4,1667,100,100,1,1,2,0,-100,100,-100,1,160,17,312,135,0,0,5464,392,0,45,0,1578,763,0,90,0,780,0,0,72,0,516,0,0,35,0,198,1312,140,173,0,0,2,36,45,0,0,11,11,0,0
0,23,1,178,42,14,0,1.044862,0.999193,0.977126,145,3,1417,100,100,1,1,2,-100,0,-100,100,1,160,17,665,159,0,0,5464,496,0,53,0,1578,907,0,106,0,780,0,0,72,0,516,0,0,11,0,198,1290,44,147,0,0,25,36,11,0,0,11,11,0,0
0,23,2,117,42,14,0,1.035812,0.98885,1.000559,96,3,1417,100,100,1,1,2,100,-100,0,-100,1,160,17,84,63,0,0,5464,398,0,21,0,1578,581,0,42,0,780,0,0,42,0,516,0,0,3,0,198,1344,12,77,0,0,22,21,7,0,0,7,7,0,0
0,23,3,215,42,14,0,1.045227,0.992532,0.982092,182,7,2417,100,100,1,1,2,-100,100,-100,0,1,160,17,416,201,0,0,5464,537,0,67,0,1578,1002,0,134,0,780,1,0,104,0,516,0,0,41,0,198,2015,164,227,0,0,8,52,45,0,0,11,11,0,0
0,24,0,153,47,42,2,1.024422,0.997034,0.986386,121,4,1667,100,100,1,1,2,0,-100,100,-100,1,160,1,347,147,0,0,5224,382,0,49,0,1577,809,0,98,0,963,0,0,26,0,292,18,0,53,0,227,1502,212,97,0,0,4,13,11,0,0,11,11,0,0
0,24,1,173,47,42,2,1.046655,0.997094,0.979389,147,4,1667,100,100,1,1,2,-100,0,-100,100,1,160,1,666,150,0,0,5224,652,0,50,0,1577,944,0,100,0,963,0,0,32,0,292,0,0,45,0,227,1319,180,130,0,0,0,16,41,0,0,7,7,0,0
0,24,2,108,47,42,2,1.037021,0.988016,1.000744,93,3,1417,100,100,1,1,2,100,-100,0,-100,1,160,1,90,66,0,0,5224,483,0,22,0,1577,601,0,44,0,963,0,0,18,0,292,0,0,27,0,227,1385,108,50,0,0,26,9,5,0,0,5,5,0,0
0,24,3,226,47,42,2,1.048779,0.991485,0.981963,187,7,2417,100,100,1,1,2,-100,100,-100,0,1,160,1,444,201,0,0,5224,575,0,67,0,1577,1069,0,134,0,963,0,0,34,0,292,23,0,67,0,227,2278,268,123,0,0,14,17,11,0,0,11,11,0,0
0,25,0,162,49,37,2,1.026808,0.994408,0.985716,127,4,1667,100,100,1,1,2,0,-100,100,-100,1,160,2,390,156,0,0,6168,401,0,52,0,1769,816,0,104,0,845,1,0,76,0,479,0,0,20,0,36,1496,80,150,0,0,31,38,11,0,0,11,11,0,0
0,25,1,176,49,37,2,1.050499,0.995613,0.97994,143,4,1667,100,100,1,1,2,-100,0,-100,100,1,160,2,687,156,0,0,6168,427,0,52,0,1769,931,0,104,0,845,1,0,42,0,479,0,0,14,0,36,1411,56,112,0,0,12,21,9,0,0,9,9,0,0
0,25,2,104,49,37,2,1.038441,0.980814,0.99774,91,3,1417,100,100,1,1,2,100,-100,0,-100,1,160,2,96,72,0,0,6168,351,0,24,0,1769,601,0,48,0,845,1,0,16,0,479,0,0,11,0,36,1387,44,46,0,0,31,8,3,0,0,3,3,0,0
0,25,3,230,49,37,2,1.05256,0.992835,0.984108,191,8,2667,100,100,1,1,2,-100,100,-100,0,1,160,2,455,201,0,0,6168,282,0,67,0,1769,1051,0,134,0,845,0,0,90,0,479,0,0,28,0,36,2252,112,219,0,0,11,45,48,0,0,14,14,0,0
0,26,0,172,58,22,0,1.025544,0.996647,0.985625,135,5,1917,100,100,1,1,2,0,-100,100,-100,1,160,0,431,165,0,0,5178,412,0,55,0,1780,809,0,110,0,864,0,0,52,0,325,3,0,60,0,107,1556,240,163,0,0,12,26,45,0,0,11,11,0,0
0,26,1,188,58,22,0,1.050129,0.994373,0.981232,148,4,1667,100,100,1,1,2,-100,0,-100,100,1,160,0,712,162,0,0,5178,572,0,54,0,1780,904,0,108,0,864,1,0,42,0,325,0,0,45,0,107,1589,180,120,0,0,21,21,12,0,0,12,12,0,0
0,26,2,112,58,22,0,1.040585,0.97854,0.995589,91,4,1667,100,100,1,1,2,100,-100,0,-100,1,160,0,108,75,0,0,5178,435,0,25,0,1780,602,0,50,0,864,1,0,24,0,325,0,0,27,0,107,1348,108,93,0,0,4,12,39,0,0,5,5,0,0
0,26,3,236,58,22,0,1.053719,0.993096,0.983605,199,8,2667,100,100,1,1,2,-100,100,-100,0,1,160,0,468,201,0,0,5178,353,0,67,0,1780,1046,0,134,0,864,1,0,86,0,325,1,0,67,0,107,2481,268,177,0,0,42,43,12,0,0,12,12,0,0
0,27,0,159,42,102,0,1.029266,0.994042,0.988841,129,5,1917,100,100,1,1,2,0,-100,100,-100,1,160,16,454,165,0,0,5518,433,0,55,0,1559,846,0,110,0,699,0,0,96,0,533,0,0,3,0,235,1434,12,171,0,0,50,48,10,0,0,10,10,0,0
0,27,1,160,42,102,0,1.050578,0.986405,0.979371,122,5,1917,100,100,1,1,2,-100,0,-100,100,1,160,16,733,180,0,0,5518,324,0,60,0,1559,931,0,120,0,699,1,0,72,0,533,0,0,0,0,235,1473,0,194,0,0,9,36,48,0,0,14,14,0,0
0,27,2,110,42,102,0,1.040189,0.973282,0.991503,86,4,1667,100,100,1,1,2,100,-100,0,-100,1,160,16,113,81,0,0,5518,545,0,27,0,1559,605,0,54,0,699,0,0,62,0,533,0,0,0,0,235,1292,0,105,0,0,27,31,8,0,0,8,8,0,0
0,27,3,219,42,102,0,1.057692,0.992393,0.984486,183,8,2667,100,100,1,1,2,-100,100,-100,0,1,160,16,469,201,0,0,5518,435,0,67,0,1559,1140,0,134,0,699,5,0,134,0,533,0,0,4,0,235,2311,16,225,0,0,97,67,12,0,0,12,12,0,0
0,28,0,165,52,24,0,1.030334,0.992432,0.989257,136,5,1917,100,100,1,1,2,0,-100,100,-100,1,160,4,499,171,0,0,5455,497,0,57,0,1473,899,0,114,0,902,1,0,46,0,343,0,0,48,0,228,1562,192,123,0,0,63,23,10,0,0,10,10,0,0
0,28,1,167,52,24,0,1.052952,0.986147,0.975135,133,5,1917,100,100,1,1,2,-100,0,-100,100,1,160,4,797,183,0,0,5455,335,0,61,0,1473,989,0,122,0,902,0,0,36,0,343,0,0,33,0,228,1580,132,121,0,0,15,18,12,0,0,12,12,0,0
0,28,2,123,52,24,0,1.039895,0.97099,0.991077,92,4,1667,100,100,1,1,2,100,-100,0,-100,1,160,4,127,90,0,0,5455,405,0,30,0,1473,629,0,60,0,902,1,0,14,0,343,0,0,35,0,228,1523,140,60,0,0,26,7,8,0,0,8,8,0,0
0,28,3,221,52,24,0,1.060851,0.992696,0.985971,186,8,2667,100,100,1,1,2,-100,100,-100,0,1,160,4,491,201,0,0,5455,534,0,67,0,1473,1231,0,134,0,902,0,0,78,0,343,0,0,55,0,228,2432,220,165,0,0,126,39,10,0,0,10,10,0,0
0,29,0,169,53,38,0,1.033535,0.989301,0.987287,139,6,2167,100,100,1,1,2,0,-100,100,-100,1,160,1,539,168,0,0,5115,572,0,56,0,1463,955,0,112,0,869,0,0,54,0,310,3,0,57,0,287,1683,228,164,0,0,46,27,44,0,0,10,10,0,0
0,29,1,170,53,38,0,1.056585,0.984741,0.969969,136,5,1917,100,100,1,1,2,-100,0,-100,100,1,160,1,847,177,0,0,5115,349,0,59,0,1463,1045,0,118,0,869,1,0,40,0,310,0,0,39,0,287,1722,156,121,0,0,24,20,11,0,0,11,11,0,0
0,29,2,132,53,38,0,1.045074,0.970448,0.9897,97,4,1667,100,100,1,1,2,100,-100,0,-100,1,160,1,133,93,0,0,5115,571,0,31,0,1463,660,0,62,0,869,0,0,22,0,310,0,0,42,0,287,1612,168,77,0,0,25,11,12,0,0,12,12,0,0
0,29,3,220,53,38,0,1.064693,0.990712,0.985044,178,8,2667,100,100,1,1,2,-100,100,-100,0,1,160,1,508,201,0,0,5115,651,0,67,0,1463,1316,0,134,0,869,1,0,78,0,310,0,0,43,0,287,2511,172,169,0,0,153,39,12,0,0,12,12,0,0
0,30,0,182,48,12,0,1.034659,0.988126,0.986759,148,6,2167,100,100,1,1,2,0,-100,100,-100,1,160,9,584,174,0,0,6136,345,0,58,0,1469,1013,0,116,0,664,1,0,118,0,536,0,0,3,0,598,1500,12,196,0,0,95,59,10,0,0,10,10,0,0
0,30,1,181,48,12,0,1.055838,0.984406,0.97133,144,5,1917,100,100,1,1,2,-100,0,-100,100,1,160,9,903,183,0,0,6136,366,0,61,0,1469,1103,0,122,0,664,0,0,68,0,536,0,0,0,0,598,1570,0,153,0,0,46,34,12,0,0,12,12,0,0
0,30,2,141,48,12,0,1.045579,0.971019,0.990224,109,5,1917,100,100,1,1,2,100,-100,0,-100,1,160,9,128,96,0,0,6136,407,0,32,0,1469,689,0,64,0,664,0,0,72,0,536,0,0,0,0,598,1452,0,160,0,0,16,36,45,0,0,11,11,0,0
0,30,3,223,48,12,0,1.063995,0.991643,0.983349,183,8,2667,100,100,1,1,2,-100,100,-100,0,1,160,9,523,201,0,0,6136,364,0,67,0,1469,1392,0,134,0,664,14,0,134,0,536,0,0,0,0,598,2280,0,231,0,0,205,67,15,0,0,15,15,0,0
0,31,0,192,51,29,0,1.038685,0.989595,0.986331,154,6,2167,100,100,1,1,2,0,-100,100,-100,1,160,0,624,186,0,0,5034,387,0,62,0,1456,1075,0,124,0,841,1,0,86,0,268,3,0,63,0,177,1657,252,172,0,0,126,43,12,0,0,12,12,0,0
0,31,1,188,51,29,0,1.059555,0.984371,0.973583,151,6,2167,100,100,1,1,2,-100,0,-100,100,1,160,0,939,180,0,0,5034,393,0,60,0,1456,1161,0,120,0,841,0,0,26,0,268,0,0,59,0,177,1801,236,142,0,0,14,13,45,0,0,11,11,0,0
0,31,2,140,51,29,0,1.04766,0.970676,0.992798,111,5,1917,100,100,1,1,2,100,-100,0,-100,1,160,0,138,111,0,0,5034,569,0,37,0,1456,723,0,74,0,841,0,0,14,0,268,0,0,46,0,177,1662,184,71,0,0,13,7,10,0,0,10,10,0,0
0,31,3,229,51,29,0,1.064495,0.992774,0.982993,193,8,2667,100,100,1,1,2,-100,100,-100,0,1,160,0,541,201,0,0,5034,514,0,67,0,1456,1471,0,134,0,841,1,0,106,0,268,0,0,61,0,177,2434,244,197,0,0,246,53,12,0,0,12,12,0,0
0,32,0,190,37,64,0,1.037497,0.989305,0.987642,161,6,2167,100,100,1,1,2,0,-100,100,-100,1,160,14,649,186,0,0,5280,413,0,62,0,1433,1137,0,124,0,616,11,0,128,0,536,0,0,3,0,122,1543,12,210,0,0,180,64,10,0,0,10,10,0,0
0,32,1,178,37,64,0,1.058479,0.983259,0.98112,138,6,2167,100,100,1,1,2,-100,0,-100,100,1,160,14,967,180,0,0,5280,457,0,60,0,1433,1221,0,120,0,616,0,0,106,0,536,0,0,0,0,122,1674,0,192,0,0,54,53,13,0,0,13,13,0,0
0,32,2,131,37,64,0,1.045628,0.968138,0.996633,109,6,2167,100,100,1,1,2,100,-100,0,-100,1,160,14,131,111,0,0,5280,392,0,37,0,1433,760,0,74,0,616,0,0,72,0,536,0,0,0,0,122,1636,0,159,0,0,7,36,42,0,0,8,8,0,0
0,32,3,223,37,64,0,1.064684,0.992034,0.984333,191,8,2667,100,100,1,1,2,-100,100,-100,0,1,160,14,546,201,0,0,5280,690,0,67,0,1433,1538,0,134,0,616,7,0,134,0,536,0,0,0,0,122,2298,0,225,0,0,301,67,12,0,0,12,12,0,0
0,33,0,199,52,33,0,1.039463,0.989364,0.986314,169,6,2167,100,100,1,1,2,0,-100,100,-100,1,160,2,688,192,0,0,5432,431,0,64,0,1454,1198,0,128,0,874,0,0,64,0,471,0,0,18,0,247,1559,72,146,0,0,203,32,9,0,0,9,9,0,0
0,33,1,188,52,33,0,1.059896,0.984777,0.977769,149,6,2167,100,100,1,1,2,-100,0,-100,100,1,160,2,1020,186,0,0,5432,537,0,62,0,1454,1283,0,124,0,874,1,0,38,0,471,0,0,20,0,247,1719,80,126,0,0,60,19,13,0,0,13,13,0,0
0,33,2,146,52,33,0,1.052064,0.969096,0.994883,115,6,2167,100,100,1,1,2,100,-100,0,-100,1,160,2,153,114,0,0,5432,575,0,38,0,1454,795,0,76,0,874,0,0,40,0,471,0,0,12,0,247,1655,48,92,0,0,20,20,7,0,0,7,7,0,0
0,33,3,208,52,33,0,1.06871,0.997375,0.986174,181,8,2667,100,100,1,1,2,-100,100,-100,0,1,160,2,553,201,0,0,5432,400,0,67,0,1454,1605,0,134,0,874,0,0,72,0,471,0,0,15,0,247,2293,60,157,0,0,328,36,9,0,0,9,9,0,0
0,34,0,204,44,16,0,1.040095,0.988945,0.986119,172,6,2167,100,100,1,1,2,0,-100,100,-100,1,160,11,706,183,0,0,5656,451,0,61,0,1463,1255,0,122,0,761,0,0,88,0,536,0,0,0,0,118,1494,0,169,0,0,237,44,10,0,0,10,10,0,0
0,34,1,195,44,16,0,1.06394,0.985565,0.97818,157,6,2167,100,100,1,1,2,-100,0,-100,100,1,160,11,1044,180,0,0,5656,289,0,60,0,1463,1339,0,120,0,761,0,0,68,0,536,0,0,0,0,118,1712,0,154,0,0,81,34,13,0,0,13,13,0,0
0,34,2,155,44,16,0,1.052638,0.96883,0.993292,121,6,2167,100,100,1,1,2,100,-100,0,-100,1,160,11,159,120,0,0,5656,389,0,40,0,1463,832,0,80,0,761,1,0,56,0,536,0,0,0,0,118,1685,0,120,0,0,36,28,12,0,0,12,12,0,0
0,34,3,215,44,16,0,1.072048,0.996592,0.986234,188,8,2667,100,100,1,1,2,-100,100,-100,0,1,160,11,584,201,0,0,5656,565,0,67,0,1463,1671,0,134,0,761,1,0,92,0,536,0,0,0,0,118,2188,0,177,0,0,365,46,9,0,0,9,9,0,0
0,35,0,212,52,12,0,1.04289,0.98758,0.985026,179,6,2167,100,100,1,1,2,0,-100,100,-100,1,160,2,717,177,0,0,5309,481,0,59,0,1517,1299,0,118,0,540,34,0,134,0,536,0,0,0,0,80,1400,0,213,0,0,294,67,10,0,0,10,10,0,0
0,35,1,205,52,12,0,1.066872,0.984781,0.978164,168,6,2167,100,100,1,1,2,-100,0,-100,100,1,160,2,1068,180,0,0,5309,431,0,60,0,1517,1376,0,120,0,540,0,0,116,0,536,0,0,0,0,80,1619,0,200,0,0,127,58,12,0,0,12,12,0,0
0,35,2,170,52,12,0,1.052987,0.965527,0.99061,133,6,2167,100,100,1,1,2,100,-100,0,-100,1,160,2,166,126,0,0,5309,585,0,42,0,1517,871,0,84,0,540,0,0,86,0,536,0,0,0,0,80,1625,0,150,0,0,68,43,11,0,0,11,11,0,0
0,35,3,222,52,12,0,1.074117,0.995621,0.985447,195,8,2667,100,100,1,1,2,-100,100,-100,0,1,160,2,605,201,0,0,5309,283,0,67,0,1517,1714,0,134,0,540,24,0,134,0,536,0,0,0,0,80,2165,0,219,0,0,423,67,9,0,0,9,9,0,0
0,36,0,222,47,27,0,1.044725,0.987287,0.98336,186,6,2167,100,100,1,1,2,0,-100,100,-100,1,160,12,719,180,0,0,5184,529,0,60,0,1427,1353,0,120,0,733,0,0,130,0,318,2,0,67,0,437,1502,268,214,0,0,347,65,12,0,0,12,12,0,0
0,36,1,206,47,27,0,1.06921,0.984563,0.979407,171,6,2167,100,100,1,1,2,-100,0,-100,100,1,160,12,1088,189,0,0,5184,555,0,63,0,1427,1434,0,126,0,733,0,0,80,0,318,0,0,38,0,437,1630,152,167,0,0,155,40,12,0,0,12,12,0,0
0,36,2,174,47,27,0,1.053991,0.965122,0.991586,141,6,2167,100,100,1,1,2,100,-100,0,-100,1,160,12,173,141,0,0,5184,368,0,47,0,1427,915,0,94,0,733,0,0,50,0,318,0,0,44,0,437,1738,176,119,0,0,82,25,11,0,0,11,11,0,0
0,36,3,227,47,27,0,1.0765,0.996475,0.987031,198,8,2667,100,100,1,1,2,-100,100,-100,0,1,160,12,622,201,0,0,5184,450,0,67,0,1427,1792,0,134,0,733,0,0,110,0,318,0,0,67,0,437,2271,268,195,0,0,469,55,9,0,0,9,9,0,0
0,37,0,222,43,25,0,1.046643,0.987994,0.982221,188,6,2167,100,100,1,1,2,0,-100,100,-100,1,160,8,715,183,0,0,5152,550,0,61,0,1427,1408,0,122,0,929,0,0,50,0,247,35,0,67,0,429,1653,268,135,0,0,360,25,12,0,0,12,12,0,0
0,37,1,210,43,25,0,1.07269,0.984081,0.97801,178,7,2417,100,100,1,1,2,-100,0,-100,100,1,160,8,1115,195,0,0,5152,284,0,65,0,1427,1490,0,130,0,929,1,0,28,0,247,0,0,58,0,429,1831,232,151,0,0,123,14,46,0,0,12,12,0,0
0,37,2,183,43,25,0,1.05681,0.965383,0.993403,149,7,2417,100,100,1,1,2,100,-100,0,-100,1,160,8,185,150,0,0,5152,544,0,50,0,1427,952,0,100,0,929,1,0,24,0,247,0,0,50,0,429,1829,200,130,0,0,49,12,45,0,0,11,11,0,0
0,37,3,232,43,25,0,1.078229,0.996942,0.986201,200,8,2667,100,100,1,1,2,-100,100,-100,0,1,160,8,634,201,0,0,5152,588,0,67,0,1427,1869,0,134,0,929,1,0,38,0,247,14,0,67,0,429,2420,268,125,0,0,478,19,10,0,0,10,10,0,0
0,38,0,222,54,34,0,1.048066,0.987861,0.982098,184,7,2417,100,100,1,1,2,0,-100,100,-100,1,160,6,721,186,0,0,5648,594,0,62,0,1376,1470,0,124,0,1018,1,0,10,0,87,89,0,67,0,0,1918,268,126,0,0,321,5,44,0,0,10,10,0,0
0,38,1,216,54,34,0,1.077503,0.982543,0.978295,185,8,2667,100,100,1,1,2,-100,0,-100,100,1,160,6,1132,192,0,0,5648,418,0,64,0,1376,1554,0,128,0,1018,0,0,4,0,87,48,0,67,0,0,2103,268,122,0,0,81,2,44,0,0,10,10,0,0
0,38,2,192,54,34,0,1.057099,0.965589,0.99448,158,8,2667,100,100,1,1,2,100,-100,0,-100,1,160,6,196,159,0,0,5648,308,0,53,0,1376,1002,0,106,0,1018,1,0,0,0,87,31,0,67,0,0,2152,268,109,0,0,4,0,45,0,0,11,11,0,0
0,38,3,237,54,34,0,1.079884,0.99817,0.985371,202,8,2667,100,100,1,1,2,-100,100,-100,0,1,160,6,635,201,0,0,5648,289,0,67,0,1376,1966,0,134,0,1018,1,0,18,0,87,59,0,67,0,0,2578,268,107,0,0,476,9,11,0,0,11,11,0,0
0,39,0,215,35,58,0,1.046755,0.985659,0.981573,183,8,2667,100,100,1,1,2,0,-100,100,-100,1,160,1,717,189,0,0,5040,309,0,63,0,1343,1533,0,126,0,674,1,0,104,0,518,28,0,67,0,138,2098,268,229,0,0,325,52,48,0,0,14,14,0,0
0,39,1,198,35,58,0,1.076314,0.978514,0.977752,171,8,2667,100,100,1,1,2,-100,0,-100,100,1,160,1,1146,198,0,0,5040,544,0,66,0,1343,1620,0,132,0,674,1,0,100,0,518,0,0,50,0,138,2175,200,186,0,0,121,50,10,0,0,10,10,0,0
0,39,2,197,35,58,0,1.059402,0.962978,0.992918,163,8,2667,100,100,1,1,2,100,-100,0,-100,1,160,1,219,171,0,0,5040,483,0,57,0,1343,1056,0,114,0,674,0,0,90,0,518,0,0,32,0,138,2199,128,169,0,0,38,45,11,0,0,11,11,0,0
0,39,3,234,35,58,0,1.082486,0.996136,0.984646,203,8,2667,100,100,1,1,2,-100,100,-100,0,1,160,1,639,201,0,0,5040,457,0,67,0,1343,2069,0,134,0,674,1,0,104,0,518,1,0,67,0,138,2578,268,193,0,0,517,52,11,0,0,11,11,0,0
0,40,0,223,52,18,0,1.048236,0.985403,0.981365,192,8,2667,100,100,1,1,2,0,-100,100,-100,1,160,0,729,189,0,0,5158,338,0,63,0,1331,1596,0,126,0,757,1,0,96,0,268,25,0,67,0,95,2320,268,177,0,0,364,48,9,0,0,9,9,0,0
0,40,1,208,52,18,0,1.078696,0.97712,0.97788,177,8,2667,100,100,1,1,2,-100,0,-100,100,1,160,0,1185,201,0,0,5158,279,0,67,0,1331,1693,0,134,0,757,0,0,70,0,268,0,0,65,0,95,2427,260,153,0,0,148,35,8,0,0,8,8,0,0
0,40,2,205,52,18,0,1.062017,0.964195,0.993969,170,8,2667,100,100,1,1,2,100,-100,0,-100,1,160,0,231,174,0,0,5158,659,0,58,0,1331,1111,0,116,0,757,0,0,64,0,268,0,0,67,0,95,2434,268,146,0,0,58,32,12,0,0,12,12,0,0
0,40,3,242,52,18,0,1.084365,0.994979,0.984787,210,8,2667,100,100,1,1,2,-100,100,-100,0,1,160,0,640,201,0,0,5158,620,0,67,0,1331,2175,0,134,0,757,0,0,86,0,268,1,0,67,0,95,2580,268,173,0,0,550,43,10,0,0,10,10,0,0
4,1,0,110,55,10,0,1.005818,1.004053,1.00548,0,0,667,100,100,0,0,2,0,-100,100,-100,1,160,7,107,72,0,0,5618,388,0,24,0,1925,112,0,48,0,1025,1,0,80,0,388,36,0,48,0,301,269,192,138,0,0,23,40,17,0,0,17,17,0,0
4,1,1,113,55,10,0,1.005751,1.002355,1.001809,0,0,667,100,100,0,0,2,-100,0,-100,100,1,160,7,108,72,0,0,5618,385,0,24,0,1925,106,0,48,0,1025,1,0,80,0,388,36,0,48,0,301,264,192,138,0,0,23,40,17,0,0,17,17,0,0
4,1,2,111,55,10,0,1.005867,1.001631,1.007081,0,0,667,100,100,0,0,2,100,-100,0,-100,1,160,7,113,75,0,0,5618,398,0,25,0,1925,104,0,50,0,1025,1,0,74,0,388,41,0,49,0,301,269,196,133,0,0,20,37,17,0,0,17,17,0,0
4,1,3,111,55,10,0,1.005374,1.001838,1.00578,0,0,667,100,100,0,0,2,-100,100,-100,0,1,160,7,111,72,0,0,5618,394,0,24,0,1925,100,0,48,0,1025,0,0,78,0,388,42,0,48,0,301,260,192,136,0,0,22,39,17,0,0,17,17,0,0
4,2,0,117,41,16,0,1.008568,1.004467,1.002386,15,0,667,100,100,0,0,2,0,-100,100,-100,1,160,11,114,81,0,0,5550,475,0,27,0,1814,139,0,54,0,1005,0,0,24,0,478,0,0,46,0,285,446,184,85,0,0,18,12,17,0,0,17,17,0,0
4,2,1,116,41,16,0,1.00451,1.001905,1.001493,15,0,667,100,100,0,0,2,-100,0,-100,100,1,160,11,117,90,0,0,5550,436,0,30,0,1814,133,0,60,0,1005,0,0,20,0,478,0,0,46,0,285,433,184,84,0,0,16,10,17,0,0,17,17,0,0
4,2,2,119,41,16,0,1.0064,1.003367,1.005185,16,0,667,100,100,0,0,2,100,-100,0,-100,1,160,11,121,81,0,0,5550,460,0,27,0,1814,122,0,54,0,1005,0,0,12,0,478,5,0,53,0,285,486,212,73,0,0,9,6,17,0,0,17,17,0,0
4,2,3,118,41,16,0,1.007851,1.004305,1.004826,15,0,667,100,100,0,0,2,-100,100,-100,0,1,160,11,117,84,0,0,5550,455,0,28,0,1814,125,0,56,0,1005,0,0,14,0,478,9,0,54,0,285,487,216,76,0,0,12,7,17,0,0,17,17,0,0
4,3,0,120,52,48,2,1.010464,1.005684,0.999963,30,0,667,100,100,0,0,2,0,-100,100,-100,1,160,4,114,81,0,0,6192,331,0,27,0,1790,163,0,54,0,884,1,0,32,0,449,0,0,39,0,121,606,156,93,0,0,17,16,17,0,0,17,17,0,0
4,3,1,115,52,48,2,1.007078,1.000586,1.00172,30,0,667,100,100,0,0,2,-100,0,-100,100,1,160,4,143,108,0,0,6192,460,0,36,0,1790,160,0,72,0,884,0,0,16,0,449,0,0,28,0,121,516,112,86,0,0,7,8,17,0,0,17,17,0,0
4,3,2,124,52,48,2,1.007488,1.002141,1.005001,28,0,667,100,100,0,0,2,100,-100,0,-100,1,160,4,133,93,0,0,6192,310,0,31,0,1790,147,0,62,0,884,0,0,62,0,449,0,0,12,0,121,546,48,127,0,0,23,31,17,0,0,17,17,0,0
4,3,3,115,52,48,2,1.007833,1.000379,1.003034,26,0,667,100,100,0,0,2,-100,100,-100,0,1,160,4,130,90,0,0,6192,307,0,30,0,1790,152,0,60,0,884,1,0,54,0,449,0,0,16,0,121,502,64,118,0,0,22,27,17,0,0,17,17,0,0
4,4,0,129,52,22,0,1.009332,1.004887,1.000118,47,0,667,100,100,0,0,2,0,-100,100,-100,1,160,1,122,90,0,0,5763,402,0,30,0,1749,190,0,60,0,861,0,0,50,0,435,0,0,29,0,138,603,116,114,0,0,25,25,17,0,0,17,17,0,0
4,4,1,109,52,22,0,1.010059,1.004274,0.997247,43,0,667,100,100,0,0,2,-100,0,-100,100,1,160,1,172,108,0,0,5763,309,0,36,0,1749,195,0,72,0,861,0,0,42,0,435,0,0,14,0,138,581,56,112,0,0,11,21,17,0,0,17,17,0,0
4,4,2,137,52,22,0,1.010627,1.001459,1.005807,45,0,667,100,100,0,0,2,100,-100,0,-100,1,160,1,151,102,0,0,5763,424,0,34,0,1749,178,0,68,0,861,0,0,54,0,435,0,0,28,0,138,599,112,122,0,0,33,27,17,0,0,17,17,0,0
4,4,3,129,52,22,0,1.010401,1.000435,1.001202,42,1,917,100,100,0,0,2,-100,100,-100,0,1,160,1,158,105,0,0,5763,301,0,35,0,1749,184,0,70,0,861,1,0,60,0,435,0,0,30,0,138,542,120,163,0,0,1,30,51,0,0,17,17,0,0
4,5,0,133,45,28,0,1.011037,1.004002,1.000089,63,0,667,100,100,0,0,2,0,-100,100,-100,1,160,5,129,99,0,0,5472,488,0,33,0,1723,219,0,66,0,1036,0,0,12,0,300,0,0,49,0,270,600,196,79,0,0,14,6,17,0,0,17,17,0,0
4,5,1,115,45,28,0,1.01399,1.005017,1.000825,57,0,667,100,100,0,0,2,-100,0,-100,100,1,160,5,216,114,0,0,5472,346,0,38,0,1723,233,0,76,0,1036,1,0,2,0,300,1,0,43,0,270,605,172,64,0,0,0,1,12,0,0,12,12,0,0
4,5,2,136,45,28,0,1.014443,1.005508,1.00474,58,0,667,100,100,0,0,2,100,-100,0,-100,1,160,5,136,90,0,0,5472,545,0,30,0,1723,205,0,60,0,1036,1,0,8,0,300,0,0,58,0,270,603,232,72,0,0,20,4,17,0,0,17,17,0,0
4,5,3,137,45,28,0,1.01067,1.002618,1.000697,56,1,917,100,100,0,0,2,-100,100,-100,0,1,160,5,167,102,0,0,5472,322,0,34,0,1723,214,0,68,0,1036,0,0,12,0,300,10,0,55,0,270,789,220,60,0,0,0,6,7,0,0,7,7,0,0
4,6,0,133,41,46,0,1.014951,1.004174,1.000301,76,0,667,100,100,0,0,2,0,-100,100,-100,1,160,30,126,96,0,0,6006,323,0,32,0,1716,251,0,64,0,916,0,0,0,0,378,17,0,60,0,122,607,240,60,0,0,0,0,14,0,0,14,14,0,0
4,6,1,112,41,46,0,1.01548,1.002988,1.003097,57,0,667,100,100,0,0,2,-100,0,-100,100,1,160,30,255,120,0,0,6006,381,0,40,0,1716,272,0,80,0,916,1,0,34,0,378,0,0,1,0,122,559,4,108,0,0,0,17,17,0,0,17,17,0,0
4,6,2,144,41,46,0,1.016081,1.005567,1.005208,74,0,667,100,100,0,0,2,100,-100,0,-100,1,160,30,131,102,0,0,6006,375,0,34,0,1716,236,0,68,0,916,1,0,2,0,378,14,0,67,0,122,599,268,70,0,0,4,1,17,0,0,17,17,0,0
4,6,3,127,41,46,0,1.01036,1.0042,0.999487,53,1,917,100,100,0,0,2,-100,100,-100,0,1,160,30,171,111,0,0,6006,347,0,37,0,1716,248,0,74,0,916,1,0,42,0,378,0,0,10,0,122,822,40,113,0,0,4,21,17,0,0,17,17,0,0
4,7,0,142,37,15,0,1.018161,1.000695,1.002739,87,0,667,100,100,0,0,2,0,-100,100,-100,1,160,1,136,105,0,0,5424,379,0,35,0,1688,286,0,70,0,812,0,0,82,0,536,0,0,17,0,264,548,68,151,0,0,24,41,17,0,0,17,17,0,0
4,7,1,118,37,15,0,1.020602,1.004331,1.004002,71,0,667,100,100,0,0,2,-100,0,-100,100,1,160,1,303,126,0,0,5424,435,0,42,0,1688,314,0,84,0,812,0,0,42,0,536,0,0,0,0,264,501,0,118,0,0,4,21,17,0,0,17,17,0,0
4,7,2,145,37,15,0,1.015476,1.004031,1.005248,90,0,667,100,100,0,0,2,100,-100,0,-100,1,160,1,139,114,0,0,5424,497,0,38,0,1688,271,0,76,0,812,0,0,80,0,536,0,0,14,0,264,541,56,152,0,0,27,40,17,0,0,17,17,0,0
4,7,3,133,37,15,0,1.011588,1.003885,1.000022,68,1,917,100,100,0,0,2,-100,100,-100,0,1,160,1,199,117,0,0,5424,397,0,39,0,1688,284,0,78,0,812,1,0,46,0,536,0,0,0,0,264,798,0,119,0,0,10,23,17,0,0,17,17,0,0
4,8,0,128,35,49,0,1.019016,1.001216,0.998877,91,0,667,100,100,0,0,2,0,-100,100,-100,1,160,0,130,105,0,0,5733,413,0,35,0,1667,321,0,70,0,763,1,0,68,0,536,0,0,0,0,140,514,0,133,0,0,43,34,15,0,0,15,15,0,0
4,8,1,118,35,49,0,1.026518,1.005301,1.007173,80,0,667,100,100,0,0,2,-100,0,-100,100,1,160,0,340,126,0,0,5733,483,0,42,0,1667,356,0,84,0,763,0,0,48,0,536,0,0,0,0,140,456,0,120,0,0,13,24,15,0,0,15,15,0,0
4,8,2,148,35,49,0,1.014356,1.004658,1.003448,105,0,667,100,100,0,0,2,100,-100,0,-100,1,160,0,148,114,0,0,5733,314,0,38,0,1667,306,0,76,0,763,1,0,86,0,536,0,0,0,0,140,511,0,156,0,0,54,43,16,0,0,16,16,0,0
4,8,3,130,35,49,0,1.01395,1.004021,0.997916,81,1,917,100,100,0,0,2,-100,100,-100,0,1,160,0,216,120,0,0,5733,424,0,40,0,1667,321,0,80,0,763,0,0,52,0,536,0,0,0,0,140,786,0,126,0,0,19,26,17,0,0,17,17,0,0
4,9,0,138,54,17,0,1.021216,1.002018,1.002496,103,1,917,100,100,0,0,2,0,-100,100,-100,1,160,5,148,108,0,0,5672,441,0,36,0,1661,357,0,72,0,1025,1,0,16,0,399,0,0,42,0,119,575,168,108,0,0,6,8,45,0,0,11,11,0,0
4,9,1,120,54,17,0,1.028203,1.005623,1.007355,90,0,667,100,100,0,0,2,-100,0,-100,100,1,160,5,390,132,0,0,5672,321,0,44,0,1661,400,0,88,0,1025,0,0,4,0,399,0,0,12,0,119,585,48,68,0,0,5,2,10,0,0,10,10,0,0
4,9,2,162,54,17,0,1.018318,1.00534,1.003755,119,1,917,100,100,0,0,2,100,-100,0,-100,1,160,5,163,123,0,0,5672,413,0,41,0,1661,344,0,82,0,1025,1,0,18,0,399,0,0,38,0,119,568,152,117,0,0,17,9,46,0,0,12,12,0,0
4,9,3,141,54,17,0,1.017796,1.003795,0.996284,97,1,917,100,100,0,0,2,-100,100,-100,0,1,160,5,249,123,0,0,5672,461,0,41,0,1661,359,0,82,0,1025,1,0,8,0,399,0,0,43,0,119,844,172,81,0,0,7,4,16,0,0,16,16,0,0
4,10,0,145,52,14,0,1.025838,0.999946,1.002622,110,1,917,100,100,0,0,2,0,-100,100,-100,1,160,2,151,105,0,0,5455,485,0,35,0,1655,386,0,70,0,821,1,0,84,0,536,0,0,0,0,104,554,0,143,0,0,36,42,12,0,0,12,12,0,0
4,10,1,132,52,14,0,1.030741,1.00767,1.00708,98,0,667,100,100,0,0,2,-100,0,-100,100,1,160,2,440,132,0,0,5455,382,0,44,0,1655,441,0,88,0,821,1,0,26,0,536,0,0,0,0,104,577,0,90,0,0,8,13,10,0,0,10,10,0,0
4,10,2,172,52,14,0,1.021844,1.004036,1.002154,129,1,917,100,100,0,0,2,100,-100,0,-100,1,160,2,175,135,0,0,5455,494,0,45,0,1655,380,0,90,0,821,0,0,86,0,536,0,0,0,0,104,536,0,163,0,0,44,43,16,0,0,16,16,0,0
4,10,3,150,52,14,0,1.018513,1.005049,0.99748,108,1,917,100,100,0,0,2,-100,100,-100,0,1,160,2,277,132,0,0,5455,470,0,44,0,1655,394,0,88,0,821,1,0,52,0,536,0,0,0,0,104,793,0,124,0,0,19,26,14,0,0,14,14,0,0
4,11,0,127,48,99,0,1.030021,0.99919,1.001786,97,1,917,100,100,0,0,2,0,-100,100,-100,1,160,8,115,84,0,0,5543,312,0,28,0,1618,414,0,56,0,848,0,0,32,0,536,0,0,0,0,166,622,0,82,0,0,41,16,11,0,0,11,11,0,0
4,11,1,122,48,99,0,1.034289,1.007879,1.006064,91,0,667,100,100,0,0,2,-100,0,-100,100,1,160,8,464,123,0,0,5543,465,0,41,0,1618,479,0,82,0,848,1,0,10,0,536,0,0,0,0,166,584,0,71,0,0,3,5,10,0,0,10,10,0,0
4,11,2,159,48,99,0,1.028088,1.001487,0.999462,120,1,917,100,100,0,0,2,100,-100,0,-100,1,160,8,161,120,0,0,5543,611,0,40,0,1618,414,0,80,0,848,0,0,44,0,536,0,0,0,0,166,530,0,108,0,0,54,22,12,0,0,12,12,0,0
4,11,3,140,48,99,0,1.020054,1.004328,0.99548,104,1,917,100,100,0,0,2,-100,100,-100,0,1,160,8,272,108,0,0,5543,540,0,36,0,1618,425,0,72,0,848,0,0,24,0,536,0,0,0,0,166,810,0,84,0,0,19,12,12,0,0,12,12,0,0
4,12,0,112,35,95,0,1.030989,0.994267,1.001506,89,1,917,100,100,0,0,2,0,-100,100,-100,1,160,16,126,96,0,0,6164,389,0,32,0,1682,446,0,64,0,967,0,0,30,0,494,0,0,8,0,184,609,32,78,0,0,48,15,8,0,0,8,8,0,0
4,12,1,109,35,95,0,1.031968,1.0088,1.008828,81,0,667,100,100,0,0,2,-100,0,-100,100,1,160,16,503,129,0,0,6164,300,0,43,0,1682,522,0,86,0,967,1,0,12,0,494,0,0,6,0,184,604,24,73,0,0,0,6,9,0,0,9,9,0,0
4,12,2,143,35,95,0,1.031407,0.998144,0.994564,109,1,917,100,100,0,0,2,100,-100,0,-100,1,160,16,162,129,0,0,6164,409,0,43,0,1682,454,0,86,0,967,0,0,36,0,494,0,0,13,0,184,584,52,103,0,0,60,18,12,0,0,12,12,0,0
4,12,3,124,35,95,0,1.019622,0.998045,0.996633,97,1,917,100,100,0,0,2,-100,100,-100,0,1,160,16,277,114,0,0,6164,362,0,38,0,1682,460,0,76,0,967,1,0,26,0,494,0,0,12,0,184,857,48,82,0,0,23,13,9,0,0,9,9,0,0
4,13,0,124,62,20,0,1.033697,0.98804,1.00094,90,1,917,100,100,0,0,2,0,-100,100,-100,1,160,0,156,102,0,0,5440,467,0,34,0,1671,480,0,68,0,908,0,0,42,0,477,0,0,12,0,310,622,48,92,0,0,61,21,8,0,0,8,8,0,0
4,13,1,121,62,20,0,1.037019,1.005726,1.010559,87,0,667,100,100,0,0,2,-100,0,-100,100,1,160,0,567,132,0,0,5440,339,0,44,0,1671,566,0,88,0,908,1,0,18,0,477,0,0,12,0,310,607,48,78,0,0,1,9,8,0,0,8,8,0,0
4,13,2,153,62,20,0,1.033498,0.997505,0.993197,121,1,917,100,100,0,0,2,100,-100,0,-100,1,160,0,187,129,0,0,5440,543,0,43,0,1671,491,0,86,0,908,1,0,58,0,477,0,0,21,0,310,625,84,121,0,0,79,29,10,0,0,10,10,0,0
4,13,3,132,62,20,0,1.022973,1.001088,0.994884,102,2,1167,100,100,0,0,2,-100,100,-100,0,1,160,0,309,117,0,0,5440,423,0,39,0,1671,495,0,78,0,908,0,0,46,0,477,0,0,6,0,310,790,24,137,0,0,3,23,43,0,0,9,9,0,0
4,14,0,134,53,12,0,1.035353,0.984709,1.001299,95,1,917,100,100,0,0,2,0,-100,100,-100,1,160,7,182,114,0,0,5944,305,0,38,0,1633,513,0,76,0,921,1,0,42,0,419,0,0,24,0,417,662,96,106,0,0,69,21,13,0,0,13,13,0,0
4,14,1,131,53,12,0,1.039026,1.002049,1.013042,92,0,667,100,100,0,0,2,-100,0,-100,100,1,160,7,620,135,0,0,5944,373,0,45,0,1633,577,0,90,0,921,1,0,24,0,419,0,0,21,0,417,596,84,95,0,0,0,12,13,0,0,13,13,0,0
4,14,2,163,53,12,0,1.034655,0.996131,0.994663,130,1,917,100,100,0,0,2,100,-100,0,-100,1,160,7,210,147,0,0,5944,341,0,49,0,1633,534,0,98,0,921,0,0,44,0,419,0,0,45,0,417,760,180,115,0,0,90,22,11,0,0,11,11,0,0
4,14,3,143,53,12,0,1.025227,1.003001,0.995204,108,2,1167,100,100,0,0,2,-100,100,-100,0,1,160,7,337,123,0,0,5944,490,0,41,0,1633,530,0,82,0,921,1,0,40,0,419,0,0,24,0,417,818,96,101,0,0,13,20,10,0,0,10,10,0,0
4,15,0,140,38,28,1,1.038135,0.983442,0.999829,103,1,917,100,100,0,0,2,0,-100,100,-100,1,160,4,207,123,0,0,5522,372,0,41,0,1604,554,0,82,0,880,0,0,54,0,424,0,0,20,0,150,713,80,119,0,0,84,27,12,0,0,12,12,0,0
4,15,1,135,38,28,1,1.039743,1.003287,1.011169,102,0,667,100,100,0,0,2,-100,0,-100,100,1,160,4,664,135,0,0,5522,413,0,45,0,1604,577,0,90,0,880,0,0,34,0,424,0,0,18,0,150,598,72,103,0,0,5,17,12,0,0,12,12,0,0
4,15,2,158,38,28,1,1.038053,0.997501,0.992792,129,2,1167,100,100,0,0,2,100,-100,0,-100,1,160,4,219,138,0,0,5522,440,0,46,0,1604,577,0,92,0,880,0,0,50,0,424,0,0,40,0,150,815,160,152,0,0,70,25,45,0,0,11,11,0,0
4,15,3,148,38,28,1,1.02671,1.003617,0.994575,117,2,1167,100,100,0,0,2,-100,100,-100,0,1,160,4,360,132,0,0,5522,303,0,44,0,1604,571,0,88,0,880,0,0,52,0,424,0,0,31,0,150,969,124,120,0,0,27,26,12,0,0,12,12,0,0
4,16,0,152,56,10,0,1.040932,0.983632,1.000645,111,1,917,100,100,0,0,2,0,-100,100,-100,1,160,4,238,132,0,0,5296,436,0,44,0,1589,598,0,88,0,856,0,0,64,0,457,0,0,19,0,212,739,76,134,0,0,103,32,13,0,0,13,13,0,0
4,16,1,143,56,10,0,1.043527,1.00755,1.013069,110,0,667,100,100,0,0,2,-100,0,-100,100,1,160,4,667,150,0,0,5296,452,0,50,0,1589,567,0,100,0,856,1,0,42,0,457,0,0,7,0,212,565,28,114,0,0,15,21,11,0,0,11,11,0,0
4,16,2,174,56,10,0,1.040874,0.99785,0.993536,140,2,1167,100,100,0,0,2,100,-100,0,-100,1,160,4,242,141,0,0,5296,547,0,47,0,1589,621,0,94,0,856,0,0,56,0,457,0,0,29,0,212,910,116,121,0,0,89,28,9,0,0,9,9,0,0
4,16,3,158,56,10,0,1.028633,1.003473,0.994114,129,3,1417,100,100,0,0,2,-100,100,-100,0,1,160,4,388,138,0,0,5296,397,0,46,0,1589,611,0,92,0,856,1,0,52,0,457,0,0,24,0,212,1020,96,150,0,0,10,26,43,0,0,9,9,0,0
4,17,0,161,46,18,0,1.041668,0.983231,0.998394,118,1,917,100,100,0,0,2,0,-100,100,-100,1,160,7,270,147,0,0,5568,491,0,49,0,1565,641,0,98,0,698,1,0,92,0,536,0,0,0,0,171,662,0,169,0,0,135,46,14,0,0,14,14,0,0
4,17,1,148,46,18,0,1.045325,1.004917,1.013468,116,1,917,100,100,0,0,2,-100,0,-100,100,1,160,7,667,147,0,0,5568,484,0,49,0,1565,569,0,98,0,698,0,0,64,0,536,0,0,0,0,171,495,0,167,0,0,3,32,44,0,0,10,10,0,0
4,17,2,182,46,18,0,1.042257,0.998752,0.99457,147,2,1167,100,100,0,0,2,100,-100,0,-100,1,160,7,249,147,0,0,5568,324,0,49,0,1565,667,0,98,0,698,0,0,110,0,536,0,0,0,0,171,870,0,185,0,0,131,55,13,0,0,13,13,0,0
4,17,3,164,46,18,0,1.029609,1.002418,0.994572,135,3,1417,100,100,0,0,2,-100,100,-100,0,1,160,7,400,138,0,0,5568,505,0,46,0,1565,654,0,92,0,698,0,0,94,0,536,0,0,0,0,171,952,0,160,0,0,47,47,10,0,0,10,10,0,0
4,18,0,168,40,8,0,1.043268,0.983436,0.998361,129,1,917,100,100,0,0,2,0,-100,100,-100,1,160,24,304,153,0,0,5752,559,0,51,0,1553,689,0,102,0,884,1,0,50,0,384,0,0,33,0,70,767,132,129,0,0,146,25,14,0,0,14,14,0,0
4,18,1,153,40,8,0,1.049139,1.00433,1.014703,125,1,917,100,100,0,0,2,-100,0,-100,100,1,160,24,697,156,0,0,5752,284,0,52,0,1553,618,0,104,0,884,1,0,32,0,384,0,0,25,0,70,637,100,106,0,0,8,16,11,0,0,11,11,0,0
4,18,2,196,40,8,0,1.044711,1.000046,0.994527,159,3,1417,100,100,0,0,2,100,-100,0,-100,1,160,24,264,153,0,0,5752,435,0,51,0,1553,715,0,102,0,884,1,0,60,0,384,0,0,43,0,70,1003,172,167,0,0,116,30,45,0,0,11,11,0,0
4,18,3,170,40,8,0,1.032065,1.00194,0.993274,144,3,1417,100,100,0,0,2,-100,100,-100,0,1,160,24,403,141,0,0,5752,294,0,47,0,1553,698,0,94,0,884,0,0,44,0,384,0,0,45,0,70,1173,180,111,0,0,59,22,10,0,0,10,10,0,0
4,19,0,176,52,16,0,1.046794,0.979672,0.997043,138,1,917,100,100,0,0,2,0,-100,100,-100,1,160,5,323,147,0,0,5448,342,0,49,0,1537,733,0,98,0,700,1,0,98,0,524,0,0,0,0,200,746,0,171,0,0,183,49,12,0,0,12,12,0,0
4,19,1,162,52,16,0,1.051337,1.000688,1.015294,133,1,917,100,100,0,0,2,-100,0,-100,100,1,160,5,732,153,0,0,5448,304,0,51,0,1537,667,0,102,0,700,1,0,66,0,524,0,0,2,0,200,554,8,133,0,0,33,33,8,0,0,8,8,0,0
4,19,2,207,52,16,0,1.047113,1.000169,0.995463,168,3,1417,100,100,0,0,2,100,-100,0,-100,1,160,5,271,165,0,0,5448,544,0,55,0,1537,766,0,110,0,700,1,0,118,0,524,0,0,6,0,200,953,24,199,0,0,162,59,13,0,0,13,13,0,0
4,19,3,178,52,16,0,1.033746,1.002305,0.99131,151,3,1417,100,100,0,0,2,-100,100,-100,0,1,160,5,417,144,0,0,5448,412,0,48,0,1537,743,0,96,0,700,0,0,90,0,524,0,0,4,0,200,1077,16,154,0,0,96,45,8,0,0,8,8,0,0
4,20,0,177,42,27,0,1.049059,0.978092,0.995685,143,1,917,100,100,0,0,2,0,-100,100,-100,1,160,4,335,156,0,0,5464,426,0,52,0,1746,724,0,104,0,683,0,0,106,0,536,0,0,0,0,195,658,0,182,0,0,224,53,12,0,0,12,12,0,0
4,20,1,162,42,27,0,1.055778,1.000069,1.016185,136,1,917,100,100,0,0,2,-100,0,-100,100,1,160,4,761,159,0,0,5464,345,0,53,0,1746,664,0,106,0,683,0,0,70,0,536,0,0,0,0,195,498,0,139,0,0,60,35,8,0,0,8,8,0,0
4,20,2,221,42,27,0,1.048899,0.999187,0.994072,181,3,1417,100,100,0,0,2,100,-100,0,-100,1,160,4,288,186,0,0,5464,275,0,62,0,1746,752,0,124,0,683,1,0,116,0,536,0,0,0,0,195,850,0,204,0,0,207,58,13,0,0,13,13,0,0
4,20,3,178,42,27,0,1.034761,1.001322,0.991791,153,3,1417,100,100,0,0,2,-100,100,-100,0,1,160,4,418,153,0,0,5464,519,0,51,0,1746,722,0,102,0,683,0,0,96,0,536,0,0,0,0,195,1003,0,167,0,0,134,48,10,0,0,10,10,0,0
4,21,0,187,54,19,2,1.050596,0.976677,0.996239,152,1,917,100,100,0,0,2,0,-100,100,-100,1,160,5,361,165,0,0,5371,522,0,55,0,1473,778,0,110,0,805,1,0,68,0,520,0,0,1,0,109,614,4,145,0,0,247,34,11,0,0,11,11,0,0
4,21,1,171,54,19,2,1.05945,0.999651,1.01663,140,2,1167,100,100,0,0,2,-100,0,-100,100,1,160,5,807,168,0,0,5371,407,0,56,0,1473,720,0,112,0,805,0,0,48,0,520,0,0,1,0,109,446,4,156,0,0,41,24,43,0,0,9,9,0,0
4,21,2,227,54,19,2,1.051175,0.99898,0.993768,187,3,1417,100,100,0,0,2,100,-100,0,-100,1,160,5,285,180,0,0,5371,375,0,60,0,1473,809,0,120,0,805,0,0,70,0,520,0,0,7,0,109,862,28,154,0,0,230,35,12,0,0,12,12,0,0
4,21,3,188,54,19,2,1.035381,1.000881,0.991026,162,3,1417,100,100,0,0,2,-100,100,-100,0,1,160,5,427,153,0,0,5371,290,0,51,0,1473,770,0,102,0,805,0,0,78,0,520,0,0,7,0,109,1036,28,145,0,0,165,39,8,0,0,8,8,0,0
4,22,0,191,53,54,0,1.050976,0.976663,0.994408,155,2,1167,100,100,0,0,2,0,-100,100,-100,1,160,0,375,165,0,0,5344,280,0,55,0,1457,807,0,110,0,801,1,0,70,0,475,0,0,6,0,54,606,24,183,0,0,236,35,46,0,0,12,12,0,0
4,22,1,166,53,54,0,1.062666,1.001035,1.014867,136,2,1167,100,100,0,0,2,-100,0,-100,100,1,160,0,842,171,0,0,5344,451,0,57,0,1457,771,0,114,0,801,0,0,34,0,475,0,0,2,0,54,463,8,111,0,0,48,17,10,0,0,10,10,0,0
4,22,2,231,53,54,0,1.052063,0.997254,0.992349,191,3,1417,100,100,0,0,2,100,-100,0,-100,1,160,0,281,183,0,0,5344,471,0,61,0,1457,867,0,122,0,801,0,0,90,0,475,0,0,12,0,54,885,48,175,0,0,263,45,12,0,0,12,12,0,0
4,22,3,184,53,54,0,1.03704,0.997716,0.990542,153,3,1417,100,100,0,0,2,-100,100,-100,0,1,160,0,442,165,0,0,5344,391,0,55,0,1457,816,0,110,0,801,0,0,50,0,475,0,0,8,0,54,1067,32,123,0,0,181,25,9,0,0,9,9,0,0
4,23,0,201,52,14,0,1.053065,0.979108,0.995424,163,2,1167,100,100,0,0,2,0,-100,100,-100,1,160,0,385,165,0,0,4936,418,0,55,0,1448,862,0,110,0,785,1,0,72,0,431,0,0,28,0,200,667,112,151,0,0,260,36,12,0,0,12,12,0,0
4,23,1,172,52,14,0,1.065993,0.997987,1.016872,145,2,1167,100,100,0,0,2,-100,0,-100,100,1,160,0,875,162,0,0,4936,519,0,54,0,1448,819,0,108,0,785,0,0,40,0,431,0,0,25,0,200,553,100,110,0,0,60,20,8,0,0,8,8,0,0
4,23,2,243,52,14,0,1.054095,0.996839,0.992042,203,3,1417,100,100,0,0,2,100,-100,0,-100,1,160,0,284,195,0,0,4936,583,0,65,0,1448,929,0,130,0,785,0,0,98,0,431,0,0,32,0,200,922,128,191,0,0,298,49,14,0,0,14,14,0,0
4,23,3,194,52,14,0,1.040136,0.999491,0.989853,159,3,1417,100,100,0,0,2,-100,100,-100,0,1,160,0,470,174,0,0,4936,509,0,58,0,1448,868,0,116,0,785,0,0,74,0,431,0,0,17,0,200,1081,68,154,0,0,207,37,11,0,0,11,11,0,0
4,24,0,198,59,94,1,1.055754,0.981097,0.993689,157,2,1167,100,100,0,0,2,0,-100,100,-100,1,160,0,391,168,0,0,5644,549,0,56,0,1427,915,0,112,0,786,1,0,80,0,392,0,0,30,0,79,680,120,162,0,0,287,40,13,0,0,13,13,0,0
4,24,1,150,59,94,1,1.067858,0.998811,1.015362,124,2,1167,100,100,0,0,2,-100,0,-100,100,1,160,0,897,159,0,0,5644,294,0,53,0,1427,872,0,106,0,786,0,0,56,0,392,0,0,27,0,79,663,108,121,0,0,82,28,6,0,0,6,6,0,0
4,24,2,235,59,94,1,1.055529,0.993869,0.991719,200,3,1417,100,100,0,0,2,100,-100,0,-100,1,160,0,283,201,0,0,5644,273,0,67,0,1427,1002,0,134,0,786,0,0,84,0,392,0,0,45,0,79,1091,180,171,0,0,330,42,10,0,0,10,10,0,0
4,24,3,192,59,94,1,1.041632,1.001991,0.989313,157,3,1417,100,100,0,0,2,-100,100,-100,0,1,160,0,495,177,0,0,5644,608,0,59,0,1427,921,0,118,0,786,1,0,62,0,392,0,0,39,0,79,1156,156,141,0,0,228,31,10,0,0,10,10,0,0
4,25,0,206,51,12,0,1.057795,0.980595,0.994395,169,2,1167,100,100,0,0,2,0,-100,100,-100,1,160,1,407,177,0,0,5844,292,0,59,0,1415,974,0,118,0,813,1,0,64,0,337,0,0,45,0,30,863,180,147,0,0,307,32,12,0,0,12,12,0,0
4,25,1,157,51,12,0,1.067478,0.998496,1.016432,129,2,1167,100,100,0,0,2,-100,0,-100,100,1,160,1,958,174,0,0,5844,260,0,58,0,1415,927,0,116,0,813,1,0,54,0,337,0,0,25,0,30,744,100,132,0,0,99,27,10,0,0,10,10,0,0
4,25,2,250,51,12,0,1.058848,0.993032,0.992278,207,4,1667,100,100,0,0,2,100,-100,0,-100,1,160,1,287,201,0,0,5844,353,0,67,0,1415,1066,0,134,0,813,1,0,66,0,337,1,0,67,0,30,1290,268,193,0,0,316,33,47,0,0,13,13,0,0
4,25,3,201,51,12,0,1.043544,1.001219,0.987896,166,4,1667,100,100,0,0,2,-100,100,-100,0,1,160,1,518,180,0,0,5844,356,0,60,0,1415,978,0,120,0,813,0,0,62,0,337,0,0,58,0,30,1299,232,180,0,0,213,31,46,0,0,12,12,0,0
4,26,0,213,52,21,2,1.060318,0.98213,0.99493,172,3,1417,100,100,0,0,2,0,-100,100,-100,1,160,5,419,177,0,0,4966,454,0,59,0,1397,1030,0,118,0,774,1,0,72,0,488,0,0,15,0,49,853,60,191,0,0,296,36,47,0,0,13,13,0,0
4,26,1,163,52,21,2,1.069789,0.998348,1.016765,137,3,1417,100,100,0,0,2,-100,0,-100,100,1,160,5,1019,180,0,0,4966,226,0,60,0,1397,976,0,120,0,774,0,0,50,0,488,0,0,2,0,49,713,8,160,0,0,82,25,42,0,0,8,8,0,0
4,26,2,259,52,21,2,1.059245,0.992943,0.991737,215,4,1667,100,100,0,0,2,100,-100,0,-100,1,160,5,278,201,0,0,4966,416,0,67,0,1397,1155,0,134,0,774,0,0,90,0,488,0,0,24,0,49,1345,96,187,0,0,346,45,15,0,0,15,15,0,0
4,26,3,210,52,21,2,1.045142,1.001538,0.986543,177,4,1667,100,100,0,0,2,-100,100,-100,0,1,160,5,538,183,0,0,4966,451,0,61,0,1397,1034,0,122,0,774,0,0,88,0,488,0,0,8,0,49,1304,32,171,0,0,246,44,11,0,0,11,11,0,0
4,27,0,218,55,24,0,1.061516,0.980979,0.994854,181,3,1417,100,100,0,0,2,0,-100,100,-100,1,160,4,425,183,0,0,4935,613,0,61,0,1593,1031,0,122,0,912,1,0,34,0,281,0,0,65,0,199,1076,260,121,0,0,300,17,13,0,0,13,13,0,0
4,27,1,173,55,24,0,1.07381,0.998318,1.016067,141,3,1417,100,100,0,0,2,-100,0,-100,100,1,160,4,1071,177,0,0,4935,204,0,59,0,1593,990,0,118,0,912,0,0,20,0,281,0,0,51,0,199,901,204,97,0,0,83,10,9,0,0,9,9,0,0
4,27,2,269,55,24,0,1.061903,0.991311,0.992565,224,5,1917,100,100,0,0,2,100,-100,0,-100,1,160,4,261,201,0,0,4935,498,0,67,0,1593,1188,0,134,0,912,1,0,66,0,281,0,0,67,0,199,1536,268,197,0,0,330,33,49,0,0,15,15,0,0
4,27,3,216,55,24,0,1.046546,1.002962,0.984595,182,5,1917,100,100,0,0,2,-100,100,-100,0,1,160,4,546,180,0,0,4935,549,0,60,0,1593,1025,0,120,0,912,0,0,38,0,281,0,0,61,0,199,1490,244,154,0,0,220,19,45,0,0,11,11,0,0
4,28,0,226,49,27,0,1.063197,0.981242,0.996047,191,3,1417,100,100,0,0,2,0,-100,100,-100,1,160,0,426,186,0,0,5369,333,0,62,0,1328,1093,0,124,0,687,1,0,86,0,526,0,0,6,0,32,1074,24,172,0,0,331,43,12,0,0,12,12,0,0
4,28,1,174,49,27,0,1.076761,0.997122,1.015994,140,3,1417,100,100,0,0,2,-100,0,-100,100,1,160,0,1111,180,0,0,5369,179,0,60,0,1328,1050,0,120,0,687,1,0,54,0,526,0,0,0,0,32,882,0,136,0,0,99,27,11,0,0,11,11,0,0
4,28,2,274,49,27,0,1.063737,0.98923,0.9919,235,5,1917,100,100,0,0,2,100,-100,0,-100,1,160,0,235,201,0,0,5369,570,0,67,0,1328,1312,0,134,0,687,1,0,122,0,526,0,0,4,0,32,1487,16,217,0,0,377,61,14,0,0,14,14,0,0
4,28,3,224,49,27,0,1.049993,1.003021,0.982873,188,5,1917,100,100,0,0,2,-100,100,-100,0,1,160,0,556,186,0,0,5369,654,0,62,0,1328,1084,0,124,0,687,1,0,94,0,526,0,0,0,0,32,1458,0,180,0,0,255,47,12,0,0,12,12,0,0
4,29,0,234,45,48,4,1.06483,0.980732,0.997868,198,4,1667,100,100,0,0,2,0,-100,100,-100,1,160,0,433,192,0,0,5288,547,0,64,0,1350,1150,0,128,0,928,0,0,38,0,372,0,0,40,0,20,1198,160,158,0,0,305,19,45,0,0,11,11,0,0
4,29,1,181,45,48,4,1.0815,0.997866,1.013426,143,3,1417,100,100,0,0,2,-100,0,-100,100,1,160,0,1171,192,0,0,5288,149,0,64,0,1350,1103,0,128,0,928,0,0,22,0,372,0,0,30,0,20,994,120,110,0,0,98,11,12,0,0,12,12,0,0
4,29,2,254,45,48,4,1.063288,0.990489,0.992943,236,6,2167,100,100,0,0,2,100,-100,0,-100,1,160,0,225,201,0,0,5288,597,0,67,0,1350,1412,0,134,0,928,1,0,48,0,372,0,0,52,0,20,1682,208,159,0,0,362,24,39,0,0,5,5,0,0
4,29,3,226,45,48,4,1.051269,1.002218,0.983224,200,6,2167,100,100,0,0,2,-100,100,-100,0,1,160,0,561,198,0,0,5288,364,0,66,0,1350,1143,0,132,0,928,0,0,36,0,372,0,0,36,0,20,1626,144,154,0,0,230,18,43,0,0,9,9,0,0
4,30,0,235,48,61,0,1.06434,0.979834,0.996582,198,4,1667,100,100,0,0,2,0,-100,100,-100,1,160,1,429,195,0,0,5190,736,0,65,0,1341,1212,0,130,0,690,1,0,88,0,479,0,0,17,0,80,1196,68,177,0,0,337,44,12,0,0,12,12,0,0
4,30,1,189,48,61,0,1.083682,0.997588,1.012614,153,4,1667,100,100,0,0,2,-100,0,-100,100,1,160,1,1219,198,0,0,5190,176,0,66,0,1341,1159,0,132,0,690,0,0,66,0,479,0,0,9,0,80,928,36,192,0,0,84,33,47,0,0,13,13,0,0
4,30,2,225,48,61,0,1.067575,0.991568,0.991407,207,6,2167,100,100,0,0,2,100,-100,0,-100,1,160,1,232,201,0,0,5190,276,0,67,0,1341,1503,0,134,0,690,0,0,114,0,479,0,0,18,0,80,1762,72,187,0,0,416,57,3,0,0,3,3,0,0
4,30,3,233,48,61,0,1.052249,1.004013,0.982228,205,6,2167,100,100,0,0,2,-100,100,-100,0,1,160,1,572,201,0,0,5190,447,0,67,0,1341,1198,0,134,0,690,1,0,106,0,479,0,0,11,0,80,1592,44,189,0,0,275,53,8,0,0,8,8,0,0
4,31,0,242,53,23,2,1.067257,0.979917,0.995931,204,5,1917,100,100,0,0,2,0,-100,100,-100,1,160,13,436,201,0,0,5427,434,0,67,0,1305,1285,0,134,0,781,0,0,74,0,268,0,0,65,0,41,1417,260,199,0,0,328,37,46,0,0,12,12,0,0
4,31,1,195,53,23,2,1.086405,0.996568,1.011528,163,4,1667,100,100,0,0,2,-100,0,-100,100,1,160,13,1256,195,0,0,5427,175,0,65,0,1305,1219,0,130,0,781,0,0,44,0,268,0,0,67,0,41,1184,268,129,0,0,96,22,10,0,0,10,10,0,0
4,31,2,232,53,23,2,1.069694,0.990453,0.990898,204,7,2417,100,100,0,0,2,100,-100,0,-100,1,160,13,245,201,0,0,5427,272,0,67,0,1305,1596,0,134,0,781,0,0,102,0,268,0,0,66,0,41,1927,264,219,0,0,425,51,42,0,0,8,8,0,0
4,31,3,243,53,23,2,1.054902,1.002607,0.98023,210,7,2417,100,100,0,0,2,-100,100,-100,0,1,160,13,581,201,0,0,5427,547,0,67,0,1305,1258,0,134,0,781,0,0,70,0,268,0,0,67,0,41,1811,268,191,0,0,266,35,44,0,0,10,10,0,0
4,32,0,246,55,28,0,1.071941,0.981568,0.995322,206,5,1917,100,100,0,0,2,0,-100,100,-100,1,160,0,429,201,0,0,4852,637,0,67,0,1298,1351,0,134,0,699,0,0,88,0,374,0,0,30,0,12,1503,120,181,0,0,359,44,13,0,0,13,13,0,0
4,32,1,201,55,28,0,1.089027,0.998492,1.01222,169,4,1667,100,100,0,0,2,-100,0,-100,100,1,160,0,1289,195,0,0,4852,199,0,65,0,1298,1284,0,130,0,699,0,0,74,0,374,0,0,37,0,12,1312,148,161,0,0,122,37,11,0,0,11,11,0,0
4,32,2,239,55,28,0,1.074277,0.991471,0.990447,203,8,2667,100,100,0,0,2,100,-100,0,-100,1,160,0,259,201,0,0,4852,269,0,67,0,1298,1696,0,134,0,699,0,0,98,0,374,0,0,45,0,12,2029,180,219,0,0,430,49,44,0,0,10,10,0,0
4,32,3,253,55,28,0,1.057592,1.002324,0.976699,217,7,2417,100,100,0,0,2,-100,100,-100,0,1,160,0,574,201,0,0,4852,653,0,67,0,1298,1326,0,134,0,699,1,0,84,0,374,0,0,50,0,12,1986,200,175,0,0,296,42,12,0,0,12,12,0,0
4,33,0,252,51,61,1,1.075268,0.981273,0.993673,211,5,1917,100,100,0,0,2,0,-100,100,-100,1,160,1,423,201,0,0,5758,324,0,67,0,1272,1421,0,134,0,707,1,0,78,0,469,0,0,17,0,0,1583,68,169,0,0,386,39,12,0,0,12,12,0,0
4,33,1,202,51,61,1,1.092376,0.999546,1.014232,170,4,1667,100,100,0,0,2,-100,0,-100,100,1,160,1,1306,183,0,0,5758,235,0,61,0,1272,1342,0,122,0,707,1,0,58,0,469,0,0,10,0,0,1341,40,139,0,0,141,29,10,0,0,10,10,0,0
4,33,2,229,51,61,1,1.077531,0.991517,0.990737,197,8,2667,100,100,0,0,2,100,-100,0,-100,1,160,1,254,201,0,0,5758,283,0,67,0,1272,1807,0,134,0,707,0,0,82,0,469,0,0,29,0,0,2063,116,169,0,0,461,41,10,0,0,10,10,0,0
4,33,3,246,51,61,1,1.058604,1.002629,0.977754,219,7,2417,100,100,0,0,2,-100,100,-100,0,1,160,1,559,201,0,0,5758,333,0,67,0,1272,1411,0,134,0,707,0,0,86,0,469,0,0,11,0,0,2013,44,171,0,0,330,43,9,0,0,9,9,0,0
4,34,0,237,43,79,0,1.079412,0.980179,0.994144,198,5,1917,100,100,0,0,2,0,-100,100,-100,1,160,9,371,168,0,0,4760,536,0,56,0,1256,1477,0,112,0,751,0,0,80,0,498,0,0,9,0,206,1561,36,166,0,0,411,40,15,0,0,15,15,0,0
4,34,1,205,43,79,0,1.095007,0.998366,1.013705,172,4,1667,100,100,0,0,2,-100,0,-100,100,1,160,9,1303,165,0,0,4760,290,0,55,0,1256,1394,0,110,0,751,1,0,76,0,498,0,0,4,0,206,1306,16,153,0,0,168,38,11,0,0,11,11,0,0
4,34,2,206,43,79,0,1.079911,0.993776,0.991921,178,8,2667,100,100,0,0,2,100,-100,0,-100,1,160,9,222,168,0,0,4760,350,0,56,0,1256,1860,0,112,0,751,1,0,84,0,498,0,0,13,0,206,2035,52,158,0,0,494,42,9,0,0,9,9,0,0
4,34,3,245,43,79,0,1.059427,1.001028,0.976161,218,7,2417,100,100,0,0,2,-100,100,-100,0,1,160,9,545,201,0,0,4760,420,0,67,0,1256,1478,0,134,0,751,1,0,80,0,498,0,0,12,0,206,1997,48,163,0,0,362,40,8,0,0,8,8,0,0
4,35,0,241,48,28,0,1.082101,0.978221,0.994557,206,6,2167,100,100,0,0,2,0,-100,100,-100,1,160,0,339,168,0,0,4772,738,0,56,0,1416,1533,0,112,0,970,1,0,20,0,283,0,0,66,0,25,1805,264,132,0,0,376,10,45,0,0,11,11,0,0
4,35,1,212,48,28,0,1.096764,0.996339,1.013027,178,5,1917,100,100,0,0,2,-100,0,-100,100,1,160,0,1302,165,0,0,4772,358,0,55,0,1416,1443,0,110,0,970,1,0,10,0,283,0,0,56,0,25,1556,224,121,0,0,128,5,45,0,0,11,11,0,0
4,35,2,211,48,28,0,1.080641,0.994762,0.990679,182,8,2667,100,100,0,0,2,100,-100,0,-100,1,160,0,212,165,0,0,4772,455,0,55,0,1416,1909,0,110,0,970,1,0,36,0,283,0,0,67,0,25,2316,268,109,0,0,503,18,9,0,0,9,9,0,0
4,35,3,249,48,28,0,1.060561,1.000202,0.97578,219,8,2667,100,100,0,0,2,-100,100,-100,0,1,160,0,532,198,0,0,4772,525,0,66,0,1416,1540,0,132,0,970,0,0,30,0,283,0,0,61,0,25,2238,244,150,0,0,333,15,44,0,0,10,10,0,0
4,36,0,231,58,86,4,1.082055,0.979983,0.996827,203,7,2417,100,100,0,0,2,0,-100,100,-100,1,160,0,290,159,0,0,5216,444,0,53,0,1431,1580,0,106,0,759,0,0,60,0,268,0,0,49,0,32,1985,196,165,0,0,363,30,43,0,0,9,9,0,0
4,36,1,197,58,86,4,1.098342,0.99489,1.014207,161,6,2167,100,100,0,0,2,-100,0,-100,100,1,160,0,1261,132,0,0,5216,454,0,44,0,1431,1484,0,88,0,759,1,0,48,0,268,0,0,41,0,32,1715,164,146,0,0,108,24,44,0,0,10,10,0,0
4,36,2,208,58,86,4,1.081946,0.993614,0.990182,175,8,2667,100,100,0,0,2,100,-100,0,-100,1,160,0,198,156,0,0,5216,568,0,52,0,1431,1957,0,104,0,759,1,0,78,0,268,0,0,49,0,32,2482,196,148,0,0,533,39,9,0,0,9,9,0,0
4,36,3,249,58,86,4,1.062838,1.00121,0.974531,217,8,2667,100,100,0,0,2,-100,100,-100,0,1,160,0,524,198,0,0,5216,618,0,66,0,1431,1603,0,132,0,759,1,0,74,0,268,0,0,53,0,32,2439,212,158,0,0,361,37,9,0,0,9,9,0,0
4,37,0,237,48,38,0,1.084033,0.981107,0.995106,206,8,2667,100,100,0,0,2,0,-100,100,-100,1,160,1,251,153,0,0,5456,722,0,51,0,1519,1621,0,102,0,804,1,0,62,0,371,0,0,36,0,4,2113,144,163,0,0,352,31,42,0,0,8,8,0,0
4,37,1,192,48,38,0,1.098772,0.98771,1.015366,157,6,2167,100,100,0,0,2,-100,0,-100,100,1,160,1,1238,135,0,0,5456,556,0,45,0,1519,1508,0,90,0,804,0,0,68,0,371,0,0,22,0,4,1797,88,135,0,0,131,34,11,0,0,11,11,0,0
4,37,2,213,48,38,0,1.08242,0.993505,0.990436,181,8,2667,100,100,0,0,2,100,-100,0,-100,1,160,1,184,156,0,0,5456,308,0,52,0,1519,2006,0,104,0,804,0,0,68,0,371,0,0,56,0,4,2593,224,142,0,0,556,34,11,0,0,11,11,0,0
4,37,3,253,48,38,0,1.063606,1.00028,0.973228,220,8,2667,100,100,0,0,2,-100,100,-100,0,1,160,1,500,192,0,0,5456,305,0,64,0,1519,1651,0,128,0,804,0,0,68,0,371,0,0,51,0,4,2579,204,156,0,0,383,34,12,0,0,12,12,0,0
4,38,0,205,40,97,3,1.090166,0.978263,0.997426,174,8,2667,100,100,0,0,2,0,-100,100,-100,1,160,4,199,156,0,0,5528,433,0,52,0,1497,1673,0,104,0,969,1,0,30,0,430,0,0,15,0,182,2164,60,104,0,0,356,15,11,0,0,11,11,0,0
4,38,1,185,40,97,3,1.100817,0.988566,1.014826,150,7,2417,100,100,0,0,2,-100,0,-100,100,1,160,4,1219,141,0,0,5528,317,0,47,0,1497,1552,0,94,0,969,0,0,20,0,430,0,0,19,0,182,1868,76,125