graine,jour,faction,population,naissances_total,morts_total,predations_total,vitesse,taille,perception,armes_equipees,reserves,capacite,defenses_fin,defenses_min_jour,raids_cumul,coalitions_cumul,plans,confiance_0,confiance_1,confiance_2,confiance_3,allies,nourriture_aube,carte_nourriture,stock_nourriture,production_nourriture,consommation_nourriture,sac_nourriture,carte_eau,stock_eau,production_eau,consommation_eau,sac_eau,carte_terre,stock_terre,production_terre,consommation_terre,sac_terre,carte_minerai,stock_minerai,production_minerai,consommation_minerai,sac_minerai,carte_charbon,stock_charbon,production_charbon,consommation_charbon,sac_charbon,carte_energie,stock_energie,production_energie,consommation_energie,sac_energie,carte_fer,stock_fer,production_fer,consommation_fer,sac_fer,carte_armes,stock_armes,production_armes,consommation_armes,sac_armes
4,1,0,52,17,23,0,1.001794,1.007642,1.014464,0,0,334,100,100,9,0,0,0,-34,44,2,1,80,5,53,39,0,0,2827,193,0,13,0,920,63,0,26,0,471,5,0,44,0,272,3,0,22,0,145,110,88,75,0,0,13,22,9,0,0,9,9,0,0
4,1,1,41,17,23,0,1.006906,1.004537,1.021406,0,0,334,100,100,9,0,0,-34,0,-62,-34,0,80,5,52,39,0,0,2827,204,0,13,0,920,84,0,26,0,471,33,0,22,0,272,14,0,11,0,145,79,44,37,0,0,10,11,1,0,0,1,1,0,0
4,1,2,51,17,23,0,0.999037,1.006305,1.017796,0,0,334,63.265061,58.265061,9,0,0,44,-62,0,42,2,80,5,53,39,0,0,2827,192,0,13,0,920,57,0,26,0,471,8,0,40,0,272,5,0,20,0,145,100,80,71,0,0,11,20,9,0,0,9,9,0,0
4,1,3,50,17,23,0,1.00237,1.008996,1.016125,0,0,334,100,100,9,0,0,2,-34,42,0,1,80,5,56,39,0,0,2827,184,0,13,0,920,60,0,26,0,471,17,0,40,0,272,5,0,20,0,145,103,80,71,0,0,11,20,9,0,0,9,9,0,0
4,2,0,54,13,11,0,1.002886,1.011573,1.014749,7,0,334,100,100,9,0,1,0,-34,46,4,1,80,22,59,42,0,0,2801,239,0,14,0,913,68,0,28,0,441,1,0,26,0,268,0,0,3,0,199,94,12,58,0,0,17,13,9,0,0,9,9,0,0
4,2,1,37,13,11,0,1.005856,1.005724,1.020289,1,0,334,100,100,9,0,1,-34,0,-62,-34,0,80,22,57,39,0,0,2801,230,0,13,0,913,114,0,26,0,441,43,0,20,0,268,8,0,10,0,199,92,40,37,0,0,18,10,2,0,0,2,2,0,0
4,2,2,52,13,11,0,0.999638,1.005567,1.020118,8,0,334,68.265061,63.265061,9,0,1,46,-62,0,42,2,80,22,58,42,0,0,2801,223,0,14,0,913,68,0,28,0,441,0,0,32,0,268,0,0,5,0,199,83,20,64,0,0,18,16,9,0,0,9,9,0,0
4,2,3,53,13,11,0,1.004616,1.007889,1.013505,9,0,334,100,100,9,0,1,4,-34,42,0,1,80,22,62,45,0,0,2801,207,0,15,0,913,66,0,30,0,441,2,0,42,0,268,0,0,5,0,199,78,20,75,0,0,23,21,9,0,0,9,9,0,0
4,3,0,42,17,24,0,1.018362,1.011806,1.003576,12,0,334,100,100,9,0,1,0,-34,48,6,1,80,10,54,30,0,0,3104,175,0,10,0,886,78,0,20,0,475,1,0,12,0,200,8,0,16,0,61,172,64,38,0,0,15,6,8,0,0,8,8,0,0
4,3,1,37,17,24,0,1.005312,1.00576,1.021036,3,0,334,100,100,9,0,1,-34,0,-62,-34,0,80,10,71,42,0,0,3104,179,0,14,0,886,147,0,28,0,475,44,0,20,0,200,5,0,10,0,61,147,40,38,0,0,26,10,2,0,0,2,2,0,0
4,3,2,56,17,24,0,1.001601,1.008869,1.022803,15,0,334,73.265061,68.265061,9,0,1,48,-62,0,44,2,80,10,69,45,0,0,3104,156,0,15,0,886,83,0,30,0,475,0,0,18,0,200,0,0,15,0,61,169,60,49,0,0,19,9,8,0,0,8,8,0,0
4,3,3,54,17,24,0,1.006251,1.011066,1.013876,17,0,334,100,100,9,0,1,6,-34,44,0,1,80,10,70,42,0,0,3104,236,0,14,0,886,80,0,28,0,475,0,0,20,0,200,0,0,21,0,61,146,84,52,0,0,24,10,9,0,0,9,9,0,0
4,4,0,40,17,23,0,1.019774,1.009506,1.004741,18,0,334,100,100,9,0,1,0,-34,50,8,1,80,11,62,33,0,0,2944,194,0,11,0,878,89,0,22,0,435,0,0,26,0,272,0,0,8,0,142,174,32,51,0,0,21,13,7,0,0,7,7,0,0
4,4,1,38,17,23,0,1.002982,1.00447,1.02047,3,0,334,100,100,9,0,1,-34,0,-62,-34,0,80,11,93,45,0,0,2944,207,0,15,0,878,184,0,30,0,435,31,0,20,0,272,0,0,5,0,142,138,20,39,0,0,34,10,2,0,0,2,2,0,0
4,4,2,57,17,23,0,1.002258,1.005876,1.024243,21,0,334,78.265061,73.265061,9,0,1,50,-62,0,46,2,80,11,93,57,0,0,2944,177,0,19,0,878,99,0,38,0,435,1,0,30,0,272,0,0,0,0,142,129,0,67,0,0,25,15,9,0,0,9,9,0,0
4,4,3,48,17,23,0,1.009128,1.02055,1.008822,23,0,334,100,100,9,0,1,8,-34,46,0,1,80,11,79,48,0,0,2944,166,0,16,0,878,96,0,32,0,435,0,0,18,0,272,0,0,0,0,142,179,0,52,0,0,24,9,9,0,0,9,9,0,0
4,5,0,38,18,19,0,1.024099,1.004687,1.006331,19,0,334,100,100,11,0,1,0,-38,64,10,1,80,4,75,36,0,0,2932,206,0,12,0,866,101,0,24,0,460,0,0,22,0,272,0,0,0,0,142,144,0,42,0,0,28,11,4,0,0,4,4,0,0
4,5,1,38,18,19,0,1.004897,0.999869,1.027828,4,0,334,100,100,11,0,1,-38,0,-74,-38,0,80,4,117,48,0,0,2932,153,0,16,0,866,227,0,32,0,460,21,0,24,0,272,0,0,0,0,142,161,0,48,0,0,42,12,4,0,0,4,4,0,0
4,5,2,56,18,19,0,1.007592,1.009715,1.030171,25,0,334,66.702319,61.702319,11,0,1,64,-74,0,60,2,80,4,114,60,0,0,2932,204,0,20,0,866,119,0,40,0,460,0,0,26,0,272,0,0,0,0,142,89,0,58,0,0,32,13,6,0,0,6,6,0,0
4,5,3,50,18,19,0,1.006423,1.018605,1.013199,30,0,334,100,100,11,0,1,10,-38,60,0,1,80,4,101,51,0,0,2932,201,0,17,0,866,113,0,34,0,460,0,0,20,0,272,0,0,0,0,142,149,0,51,0,0,27,10,7,0,0,7,7,0,0
4,6,0,41,17,13,0,1.028473,1.007539,1.006904,22,0,334,100,100,14,0,1,0,-44,84,12,1,80,5,97,42,0,0,2890,154,0,14,0,855,115,0,28,0,490,1,0,12,0,272,0,0,0,0,237,148,0,34,0,0,30,6,4,0,0,4,4,0,0
4,6,1,40,17,13,0,1.006251,1.009193,1.025376,7,0,334,100,100,14,0,1,-44,0,-92,-44,0,80,5,142,51,0,0,2890,158,0,17,0,855,273,0,34,0,490,10,0,20,0,272,0,0,0,0,237,120,0,45,0,0,48,10,4,0,0,4,4,0,0
4,6,2,55,17,13,0,1.014321,1.009932,1.035174,27,0,334,48.624245,43.624245,14,0,1,84,-92,0,80,2,80,5,137,60,0,0,2890,224,0,20,0,855,139,0,40,0,490,1,0,14,0,272,0,0,0,0,237,49,0,50,0,0,31,7,8,0,0,8,8,0,0
4,6,3,50,17,13,0,1.006586,1.016652,1.014925,35,0,334,100,100,14,0,1,12,-44,80,0,1,80,5,116,48,0,0,2890,247,0,16,0,855,129,0,32,0,490,1,0,10,0,272,0,0,0,0,237,122,0,38,0,0,26,5,6,0,0,6,6,0,0
4,7,0,39,18,14,0,1.038775,1.007191,1.008561,21,0,334,100,100,16,0,1,0,-48,98,14,1,80,12,110,39,0,0,3060,180,0,13,0,852,125,0,26,0,429,5,0,24,0,272,0,0,0,0,115,113,0,41,0,0,40,12,2,0,0,2,2,0,0
4,7,1,41,18,14,0,1.008226,1.007772,1.032286,8,1,459,100,100,16,0,1,-48,0,-100,-48,0,80,12,170,54,0,0,3060,160,0,18,0,852,298,0,36,0,429,18,0,18,0,272,0,0,0,0,115,76,0,59,0,0,37,9,20,0,0,3,3,0,0
4,7,2,57,18,14,0,1.017662,1.012222,1.040558,33,0,334,38.367351,33.367351,16,0,1,98,-100,0,92,2,80,12,162,66,0,0,3060,147,0,22,0,852,157,0,44,0,429,0,0,28,0,272,0,0,0,0,115,58,0,66,0,0,37,14,8,0,0,8,8,0,0
4,7,3,53,18,14,0,1.012196,1.018191,1.01616,40,0,334,100,100,16,0,1,14,-48,92,0,1,80,12,130,48,0,0,3060,181,0,16,0,852,145,0,32,0,429,1,0,22,0,272,0,0,0,0,115,149,0,48,0,0,32,11,5,0,0,5,5,0,0
4,8,0,40,22,18,0,1.047848,1.007791,1.016543,19,0,334,100,100,20,0,1,0,-56,100,28,2,80,5,129,42,0,0,2849,191,0,14,0,831,139,0,28,0,523,1,0,10,0,206,6,0,12,0,193,141,48,32,0,0,41,5,4,0,0,4,4,0,0
4,8,1,32,22,18,0,1.010595,1.003945,1.0349,9,1,459,100,100,20,0,1,-56,0,-100,-64,0,80,5,193,54,0,0,2849,151,0,18,0,831,347,0,36,0,523,1,0,20,0,206,0,0,0,0,193,53,0,48,0,0,42,10,5,0,0,5,5,0,0
4,8,2,62,22,18,0,1.022357,1.012969,1.040588,38,0,334,27.974736,22.974736,20,0,1,100,-100,0,100,2,80,5,196,69,0,0,2849,163,0,23,0,831,180,0,46,0,523,0,0,2,0,206,0,0,19,0,193,120,76,41,0,0,30,1,8,0,0,8,8,0,0
4,8,3,60,22,18,0,1.014482,1.015022,1.013721,45,0,334,89.129612,84.129612,20,0,1,28,-64,100,0,2,80,5,151,51,0,0,2849,228,0,17,0,831,162,0,34,0,523,1,0,10,0,206,0,0,15,0,193,212,60,35,0,0,33,5,4,0,0,4,4,0,0
4,9,0,41,12,21,0,1.051932,1.009705,1.01644,22,0,334,100,100,26,1,1,0,-66,100,46,2,80,21,141,39,0,0,2952,234,0,13,0,851,152,0,26,0,490,0,0,22,0,233,0,0,6,0,124,134,24,43,0,0,48,11,4,0,0,4,4,0,0
4,9,1,27,12,21,0,1.004124,0.9976,1.035443,12,1,459,95.926232,90.926232,26,1,1,-66,0,-100,-92,0,80,21,218,48,0,0,2952,133,0,16,0,851,389,0,32,0,490,0,0,6,0,233,0,0,0,0,124,43,0,30,0,0,41,3,4,0,0,4,4,0,0
4,9,2,63,12,21,0,1.018856,1.0134,1.041022,44,0,334,16.831754,11.831754,26,1,1,100,-100,0,100,2,80,21,216,66,0,0,2952,191,0,22,0,851,202,0,44,0,490,1,0,8,0,233,0,0,21,0,124,193,84,46,0,0,26,4,8,0,0,8,8,0,0
4,9,3,54,12,21,0,1.01596,1.021897,1.013825,40,1,459,71.402975,66.402975,26,1,1,46,-92,100,0,2,80,21,138,33,0,0,2952,157,0,11,0,851,173,0,22,0,490,0,0,16,0,233,0,0,18,0,124,296,72,54,0,0,19,8,22,0,0,5,5,0,0
4,10,0,42,17,24,0,1.05163,1.009577,1.015094,24,0,334,100,100,31,1,1,0,-76,100,60,2,80,14,154,39,0,0,2906,180,0,13,0,877,165,0,26,0,507,0,0,12,0,254,0,0,6,0,163,173,24,35,0,0,49,6,5,0,0,5,5,0,0
4,10,1,21,17,24,0,1.016982,1.006318,1.018617,9,2,584,100,95.926232,31,1,1,-76,0,-100,-100,0,80,14,230,30,0,0,2906,126,0,10,0,877,409,0,20,0,507,1,0,0,0,254,0,0,3,0,163,40,12,35,0,0,20,0,21,0,0,4,4,0,0
4,10,2,57,17,24,0,1.028437,1.011812,1.031167,42,0,334,5,0,31,1,1,100,-100,0,100,2,80,14,212,42,0,0,2906,218,0,14,0,877,203,0,28,0,507,0,0,12,0,254,0,0,3,0,163,203,12,36,0,0,27,6,5,0,0,5,5,0,0
4,10,3,58,17,24,0,1.019707,1.020848,1.013886,43,1,459,59.663223,54.663223,31,1,1,60,-100,100,0,2,80,14,137,36,0,0,2906,243,0,12,0,877,185,0,24,0,507,1,0,10,0,254,0,0,6,0,163,318,24,32,0,0,19,5,5,0,0,5,5,0,0
4,11,0,43,11,6,0,1.052201,1.007538,1.014972,28,0,334,100,100,32,2,1,0,-76,100,60,2,80,19,167,39,0,0,2966,229,0,13,0,914,178,0,26,0,483,1,0,14,0,272,0,0,0,0,164,152,0,39,0,0,50,7,6,0,0,6,6,0,0
4,11,1,22,11,6,0,1.022683,1.00764,1.014937,12,2,584,90.959098,85.959098,32,2,1,-76,0,-100,-100,0,80,19,256,33,0,0,2966,104,0,11,0,914,437,0,22,0,483,1,0,0,0,272,0,0,0,0,164,51,0,19,0,0,16,0,4,0,0,4,4,0,0
4,11,2,57,11,6,0,1.024194,1.011695,1.034434,45,0,334,10,5,32,2,1,100,-100,0,100,2,80,19,221,48,0,0,2966,265,0,16,0,914,216,0,32,0,483,1,0,20,0,272,0,0,0,0,164,191,0,46,0,0,32,10,5,0,0,5,5,0,0
4,11,3,61,11,6,0,1.023113,1.019018,1.013857,47,1,459,64.663223,59.663223,32,2,1,60,-100,100,0,2,80,19,133,42,0,0,2966,171,0,14,0,914,194,0,28,0,483,0,0,26,0,272,0,0,0,0,164,319,0,50,0,0,27,13,5,0,0,5,5,0,0
4,12,0,43,9,14,0,1.050415,1.006496,1.017667,32,0,334,100,100,35,3,1,0,-80,98,60,2,80,25,172,39,0,0,3056,173,0,13,0,913,188,0,26,0,516,0,0,10,0,207,0,0,15,0,65,254,60,33,0,0,50,5,5,0,0,5,5,0,0
4,12,1,21,9,14,0,1.022928,1.008066,1.013352,15,2,584,78.272705,73.272705,35,3,1,-80,0,-100,-100,0,80,25,276,33,0,0,3056,71,0,11,0,913,461,0,22,0,516,1,0,0,0,207,0,0,5,0,65,91,20,15,0,0,14,0,2,0,0,2,2,0,0
4,12,2,57,9,14,0,1.028255,1.011818,1.034004,47,1,459,5,0,35,3,1,98,-100,0,100,2,80,25,227,48,0,0,3056,191,0,16,0,913,223,0,32,0,516,0,0,14,0,207,0,0,15,0,65,269,60,55,0,0,18,7,21,0,0,4,4,0,0
4,12,3,57,9,14,0,1.024314,1.022286,1.01073,46,2,584,69.663223,64.663223,35,3,1,60,-100,100,0,2,80,25,125,42,0,0,3056,240,0,14,0,913,208,0,28,0,516,0,0,6,0,207,0,0,15,0,65,377,60,47,0,0,8,3,22,0,0,5,5,0,0
4,13,0,41,14,30,0,1.052174,1.006769,1.021522,34,1,459,100,100,36,4,1,0,-80,98,60,2,80,19,170,30,0,0,2944,232,0,10,0,911,198,0,20,0,536,0,0,2,0,216,2,0,19,0,132,303,76,33,0,0,32,1,19,0,0,2,2,0,0
4,13,1,20,14,30,0,1.02372,1.003561,1.030192,13,2,584,61.435385,56.435385,36,4,1,-80,0,-100,-100,0,80,19,289,24,0,0,2944,42,0,8,0,911,480,0,16,0,536,1,0,0,0,216,0,0,0,0,132,118,0,12,0,0,12,0,2,0,0,2,2,0,0
4,13,2,58,14,30,0,1.030475,1.008521,1.037416,46,1,459,10,5,36,4,1,98,-100,0,100,2,80,19,230,42,0,0,2944,264,0,14,0,911,237,0,28,0,536,1,0,0,0,216,0,0,20,0,132,362,80,20,0,0,15,0,3,0,0,3,3,0,0
4,13,3,43,14,30,0,1.025995,1.024068,1.007931,35,2,584,74.663223,69.663223,36,4,1,60,-100,100,0,2,80,19,97,24,0,0,2944,175,0,8,0,911,216,0,16,0,536,1,0,4,0,216,0,0,15,0,132,476,60,18,0,0,7,2,3,0,0,3,3,0,0
4,14,0,43,14,14,1,1.051205,1.001054,1.021491,35,1,459,100,100,37,5,1,0,-80,98,58,2,80,18,172,30,0,0,3104,181,0,10,0,951,205,0,20,0,468,0,0,22,0,272,0,0,2,0,26,360,8,36,0,0,41,11,2,0,0,2,2,0,0
4,14,1,18,14,14,1,1.01542,1.005782,1.02494,13,2,584,51.913689,46.913689,37,5,1,-80,0,-100,-100,0,80,18,299,24,0,0,3104,14,0,8,0,951,499,0,16,0,468,0,0,6,0,272,0,0,0,0,26,125,0,18,0,0,13,3,2,0,0,2,2,0,0
4,14,2,57,14,14,1,1.027311,1.00577,1.036672,44,2,584,15,10,37,5,1,98,-100,0,96,2,80,18,236,51,0,0,3104,189,0,17,0,951,254,0,34,0,468,1,0,20,0,272,0,0,0,0,26,395,0,64,0,0,3,10,22,0,0,5,5,0,0
4,14,3,44,14,14,1,1.029667,1.023584,1.008645,35,2,584,79.663223,74.663223,37,5,1,58,-100,96,0,2,80,18,101,24,0,0,3104,220,0,8,0,951,224,0,16,0,468,0,0,24,0,272,0,0,0,0,26,471,0,38,0,0,16,12,3,0,0,3,3,0,0
4,15,0,44,17,7,0,1.049163,0.998595,1.019547,35,2,584,100,100,37,5,1,0,-80,98,58,2,80,12,177,30,0,0,2912,264,0,10,0,950,215,0,20,0,536,1,0,6,0,219,0,0,9,0,141,375,36,39,0,0,24,3,20,0,0,3,3,0,0
4,15,1,21,17,7,0,1.013571,1.009228,1.022112,14,2,584,56.913689,51.913689,37,5,1,-80,0,-100,-100,0,80,12,317,24,0,0,2912,12,0,8,0,950,510,0,16,0,536,1,0,0,0,219,0,0,3,0,141,150,12,12,0,0,11,0,2,0,0,2,2,0,0
4,15,2,61,17,7,0,1.028541,1.002909,1.03846,48,2,584,20,15,37,5,1,98,-100,0,96,2,80,12,255,57,0,0,2912,241,0,19,0,950,270,0,38,0,536,1,0,0,0,219,0,0,17,0,141,474,68,25,0,0,0,0,3,0,0,3,3,0,0
4,15,3,46,17,7,0,1.02948,1.02909,1.012265,36,2,584,84.663223,79.663223,37,5,1,58,-100,96,0,2,80,12,100,27,0,0,2912,167,0,9,0,950,233,0,18,0,536,0,0,0,0,219,2,0,22,0,141,569,88,15,0,0,13,0,3,0,0,3,3,0,0
4,16,0,48,21,8,0,1.050967,1.001277,1.01857,36,3,709,100,100,37,5,1,0,-80,100,60,2,80,11,187,36,0,0,3067,208,0,12,0,920,227,0,24,0,516,1,0,4,0,211,0,0,20,0,101,491,80,39,0,0,6,2,20,0,0,3,3,0,0
4,16,1,25,21,8,0,1.017533,1.009397,1.015846,15,2,584,61.913689,56.913689,37,5,1,-80,0,-100,-100,0,80,11,339,30,0,0,3067,10,0,10,0,920,535,0,20,0,516,1,0,0,0,211,1,0,8,0,101,187,32,16,0,0,8,0,3,0,0,3,3,0,0
4,16,2,62,21,8,0,1.029876,1.004792,1.043485,49,2,584,25,20,37,5,1,100,-100,0,96,2,80,11,267,54,0,0,3067,162,0,18,0,920,288,0,36,0,516,0,0,8,0,211,0,0,18,0,101,558,72,34,0,0,0,4,4,0,0,4,4,0,0
4,16,3,50,21,8,0,1.032586,1.026798,1.010726,36,3,709,89.663223,84.663223,37,5,1,60,-100,96,0,2,80,11,104,33,0,0,3067,214,0,11,0,920,244,0,22,0,516,1,0,16,0,211,0,0,16,0,101,548,64,52,0,0,0,8,21,0,0,4,4,0,0
4,17,0,50,18,6,0,1.052603,1.001234,1.020806,37,3,709,100,100,38,6,1,0,-80,100,60,2,80,10,194,36,0,0,2756,273,0,12,0,912,239,0,24,0,467,0,0,28,0,263,0,0,3,0,159,480,12,50,0,0,15,14,5,0,0,5,5,0,0
4,17,1,29,18,6,0,1.015692,1.01131,1.019433,18,2,584,56.545466,51.545466,38,6,1,-80,0,-100,-100,0,80,10,357,30,0,0,2756,30,0,10,0,912,556,0,20,0,467,0,0,6,0,263,0,0,1,0,159,212,4,24,0,0,7,3,4,0,0,4,4,0,0
4,17,2,66,18,6,0,1.032137,1.006031,1.043399,52,2,584,30,25,38,6,1,100,-100,0,96,2,80,10,277,54,0,0,2756,232,0,18,0,912,306,0,36,0,467,0,0,18,0,263,0,0,3,0,159,542,12,46,0,0,4,9,5,0,0,5,5,0,0
4,17,3,52,18,6,0,1.036807,1.030113,1.016004,37,3,709,94.663223,89.663223,38,6,1,60,-100,96,0,2,80,10,112,42,0,0,2756,256,0,14,0,912,258,0,28,0,467,0,0,28,0,263,0,0,3,0,159,533,12,52,0,0,9,14,5,0,0,5,5,0,0
4,18,0,53,17,16,0,1.052505,1.008583,1.015786,41,3,709,100,100,42,7,1,0,-86,100,60,2,80,16,195,36,0,0,2990,211,0,12,0,891,251,0,24,0,499,0,0,18,0,250,0,0,2,0,207,483,8,38,0,0,20,9,4,0,0,4,4,0,0
4,18,1,28,17,16,0,1.005193,1.011826,1.016997,20,2,584,53.615754,48.615754,42,7,1,-86,0,-100,-100,0,80,16,372,33,0,0,2990,40,0,11,0,891,562,0,22,0,499,0,0,0,0,250,0,0,0,0,207,202,0,17,0,0,4,0,3,0,0,3,3,0,0
4,18,2,69,17,16,0,1.036344,1.005075,1.044089,53,2,584,12.786659,7.786659,42,7,1,100,-100,0,100,2,80,16,286,54,0,0,2990,308,0,18,0,891,324,0,36,0,499,0,0,12,0,250,0,0,15,0,207,556,60,40,0,0,5,6,5,0,0,5,5,0,0
4,18,3,48,17,16,0,1.042023,1.032661,1.013095,37,3,709,99.663223,94.663223,42,7,1,60,-100,100,0,2,80,16,111,39,0,0,2990,191,0,13,0,891,271,0,26,0,499,0,0,12,0,250,0,0,5,0,207,548,20,33,0,0,11,6,4,0,0,4,4,0,0
4,19,0,57,19,9,0,1.052956,1.004585,1.017502,43,3,709,100,100,45,7,1,0,-92,100,74,2,80,11,200,39,0,0,2910,281,0,13,0,900,264,0,26,0,489,1,0,14,0,250,0,0,8,0,135,513,32,35,0,0,23,7,4,0,0,4,4,0,0
4,19,1,28,19,9,0,1.005631,1.006487,1.020586,20,2,584,58.615754,53.615754,45,7,1,-92,0,-100,-100,0,80,11,394,36,0,0,2910,50,0,12,0,900,560,0,24,0,489,0,0,0,0,250,0,0,3,0,135,231,12,18,0,0,1,0,3,0,0,3,3,0,0
4,19,2,74,19,9,0,1.035454,1.002439,1.042244,57,2,584,9.435618,4.435618,45,7,1,100,-100,0,100,2,80,11,292,60,0,0,2910,219,0,20,0,900,344,0,40,0,489,1,0,18,0,250,0,0,6,0,135,544,24,50,0,0,8,9,6,0,0,6,6,0,0
4,19,3,49,19,9,0,1.050395,1.031157,1.008758,38,3,709,88.836677,83.836677,45,7,1,74,-100,100,0,2,80,11,119,39,0,0,2910,226,0,13,0,900,284,0,26,0,489,1,0,20,0,250,0,0,5,0,135,554,20,41,0,0,17,10,4,0,0,4,4,0,0
4,20,0,55,14,14,0,1.050771,0.998897,1.016131,45,3,709,100,100,49,8,1,0,-98,100,72,2,80,20,203,45,0,0,2986,209,0,15,0,1003,258,0,30,0,452,1,0,24,0,272,0,0,0,0,64,536,0,47,0,0,31,12,4,0,0,4,4,0,0
4,20,1,30,14,14,0,1.008523,0.998592,1.016951,21,2,584,55.006163,50.006163,49,8,1,-98,0,-100,-100,0,80,20,412,36,0,0,2986,40,0,12,0,1003,546,0,24,0,452,0,0,10,0,272,0,0,0,0,64,241,0,28,0,0,3,5,3,0,0,3,3,0,0
4,20,2,74,14,14,0,1.037892,1.003494,1.044678,59,2,584,5,0,49,8,1,100,-100,0,100,2,80,20,300,63,0,0,2986,308,0,21,0,1003,335,0,42,0,452,1,0,28,0,272,0,0,0,0,64,508,0,61,0,0,16,14,6,0,0,6,6,0,0
4,20,3,49,14,14,0,1.050103,1.030967,1.010068,39,3,709,93.836677,88.836677,49,8,1,72,-100,100,0,2,80,20,122,42,0,0,2986,163,0,14,0,1003,271,0,28,0,452,1,0,30,0,272,0,0,0,0,64,573,0,50,0,0,29,15,3,0,0,3,3,0,0
4,21,0,60,21,15,0,1.05593,1.001425,1.017513,47,3,709,100,100,54,9,1,0,-100,100,90,2,80,9,215,45,0,0,2930,275,0,15,0,870,273,0,30,0,526,1,0,8,0,232,0,0,6,0,135,561,24,29,0,0,32,4,3,0,0,3,3,0,0
4,21,1,33,21,15,0,1.017171,0.997409,1.013317,22,2,584,51.64464,46.64464,54,9,1,-100,0,-100,-100,0,80,9,436,42,0,0,2930,26,0,14,0,870,556,0,28,0,526,1,0,2,0,232,0,0,1,0,135,258,4,22,0,0,1,1,3,0,0,3,3,0,0
4,21,2,72,21,15,0,1.040673,1.002949,1.043342,59,2,584,5,0,54,9,1,100,-100,0,100,2,80,9,296,51,0,0,2930,217,0,17,0,870,352,0,34,0,526,1,0,2,0,232,0,0,20,0,135,557,80,29,0,0,12,1,5,0,0,5,5,0,0
4,21,3,49,21,15,0,1.054536,1.032945,1.006796,38,4,834,76.646909,71.646909,54,9,1,90,-100,100,0,2,80,9,133,45,0,0,2930,179,0,15,0,870,286,0,30,0,526,0,0,6,0,232,0,0,13,0,135,598,52,46,0,0,11,3,21,0,0,4,4,0,0
4,22,0,64,16,12,0,1.0574,1.005448,1.016738,49,3,709,100,100,57,10,1,0,-100,98,96,2,80,22,221,51,0,0,2899,198,0,17,0,863,290,0,34,0,469,0,0,20,0,272,0,0,0,0,102,589,0,47,0,0,37,10,5,0,0,5,5,0,0
4,22,1,32,16,12,0,1.017959,0.999384,1.017512,23,2,584,45.112339,40.112339,57,10,1,-100,0,-100,-100,0,80,22,462,48,0,0,2899,12,0,16,0,863,552,0,32,0,469,1,0,4,0,272,0,0,0,0,102,277,0,26,0,0,0,2,3,0,0,3,3,0,0
4,22,2,71,16,12,0,1.038405,1.001299,1.049031,60,3,709,5,0,57,10,1,98,-100,0,100,2,80,22,287,48,0,0,2899,299,0,16,0,863,368,0,32,0,469,0,0,22,0,272,0,0,0,0,102,521,0,63,0,0,2,11,21,0,0,4,4,0,0
4,22,3,51,16,12,0,1.057162,1.03273,1.006386,39,4,834,73.416914,68.416914,57,10,1,96,-100,100,0,2,80,22,147,48,0,0,2899,202,0,16,0,863,302,0,32,0,469,0,0,26,0,272,0,0,0,0,102,575,0,50,0,0,20,13,4,0,0,4,4,0,0
4,23,0,65,15,26,0,1.05826,1.008875,1.017114,52,4,834,100,100,58,11,1,0,-100,98,96,2,80,16,226,54,0,0,2894,268,0,18,0,861,305,0,36,0,532,1,0,2,0,221,0,0,12,0,182,605,48,47,0,0,16,1,22,0,0,5,5,0,0
4,23,1,34,15,26,0,1.017967,1.000174,1.01142,25,2,584,41.242981,36.242981,58,11,1,-100,0,-100,-100,0,80,16,489,48,0,0,2894,22,0,16,0,861,552,0,32,0,532,0,0,2,0,221,0,0,0,0,182,267,0,20,0,0,0,1,1,0,0,1,1,0,0
4,23,2,56,15,26,0,1.043709,1.014599,1.048667,44,3,709,10,5,58,11,1,98,-100,0,100,2,80,16,283,51,0,0,2894,211,0,17,0,861,382,0,34,0,532,0,0,6,0,221,0,0,15,0,182,613,60,31,0,0,1,3,4,0,0,4,4,0,0
4,23,3,52,15,26,0,1.063048,1.033619,1.008286,41,4,834,78.416914,73.416914,58,11,1,96,-100,100,0,2,80,16,156,48,0,0,2894,223,0,16,0,861,318,0,32,0,532,0,0,2,0,221,3,0,21,0,182,636,84,26,0,0,17,1,4,0,0,4,4,0,0
4,24,0,64,11,9,0,1.058819,1.007378,1.016823,55,4,834,100,100,59,12,1,0,-100,98,96,2,80,21,225,51,0,0,3030,186,0,17,0,839,319,0,34,0,502,0,0,14,0,228,0,0,10,0,86,685,40,39,0,0,19,7,4,0,0,4,4,0,0
4,24,1,37,11,9,0,1.017498,1.004814,1.012506,26,2,584,31.915699,26.915699,59,12,1,-100,0,-100,-100,0,80,21,520,54,0,0,3030,12,0,18,0,839,548,0,36,0,502,1,0,0,0,228,0,0,4,0,86,309,16,18,0,0,0,0,0,0,0,0,0,0,0
4,24,2,57,11,9,0,1.046794,1.014168,1.053476,45,3,709,15,10,59,12,1,98,-100,0,100,2,80,21,293,51,0,0,3030,266,0,17,0,839,399,0,34,0,502,0,0,14,0,228,0,0,12,0,86,649,48,39,0,0,4,7,4,0,0,4,4,0,0
4,24,3,51,11,9,0,1.063307,1.037986,1.007928,42,5,959,83.416914,78.416914,59,12,1,96,-100,100,0,2,80,21,167,51,0,0,3030,154,0,17,0,839,335,0,34,0,502,0,0,14,0,228,0,0,21,0,86,728,84,56,0,0,3,7,21,0,0,4,4,0,0
4,25,0,58,16,37,0,1.055624,1.005816,1.018241,52,4,834,100,100,60,13,1,0,-100,98,96,2,80,5,227,51,0,0,2881,265,0,17,0,897,315,0,34,0,474,1,0,14,0,272,0,0,0,0,122,686,0,35,0,0,24,7,2,0,0,2,2,0,0
4,25,1,38,16,37,0,1.015218,1.004187,1.011638,26,2,584,28.221434,23.221434,60,13,1,-100,0,-100,-100,0,80,5,549,54,0,0,2881,20,0,18,0,897,548,0,36,0,474,1,0,0,0,272,0,0,0,0,122,342,0,18,0,0,0,0,0,0,0,0,0,0,0
4,25,2,39,16,37,0,1.037698,1.016614,1.050101,29,3,709,20,15,60,13,1,98,-100,0,100,2,80,5,309,57,0,0,2881,190,0,19,0,897,409,0,38,0,474,24,0,6,0,272,0,0,0,0,122,622,0,31,0,0,4,3,3,0,0,3,3,0,0
4,25,3,53,16,37,0,1.066836,1.033847,1.006982,43,5,959,88.416914,83.416914,60,13,1,96,-100,100,0,2,80,5,184,51,0,0,2881,182,0,17,0,897,346,0,34,0,474,1,0,20,0,272,0,0,0,0,122,709,0,43,0,0,10,10,3,0,0,3,3,0,0
4,26,0,60,17,6,0,1.059476,1.006716,1.018794,53,5,959,100,100,60,13,1,0,-100,98,98,2,80,10,243,54,0,0,3012,189,0,18,0,843,330,0,36,0,441,0,0,22,0,272,0,0,0,0,112,729,0,61,0,0,16,11,19,0,0,2,2,0,0
4,26,1,43,17,6,0,1.016746,0.997167,1.016045,26,2,584,33.221434,28.221434,60,13,1,-100,0,-100,-100,0,80,10,584,57,0,0,3012,31,0,19,0,843,546,0,38,0,441,1,0,10,0,272,0,0,0,0,112,352,0,39,0,0,0,5,5,0,0,5,5,0,0
4,26,2,40,17,6,0,1.04325,1.011838,1.04881,30,3,709,25,20,60,13,1,98,-100,0,100,2,80,10,340,57,0,0,3012,148,0,19,0,843,428,0,38,0,441,58,0,8,0,272,0,0,0,0,112,597,0,31,0,0,6,4,2,0,0,2,2,0,0
4,26,3,56,17,6,0,1.069465,1.032062,1.008627,44,5,959,93.416914,88.416914,60,13,1,98,-100,100,0,2,80,10,202,54,0,0,3012,215,0,18,0,843,363,0,36,0,441,1,0,30,0,272,0,0,0,0,112,680,0,56,0,0,21,15,4,0,0,4,4,0,0
4,27,0,63,17,14,0,1.058865,1.004333,1.021667,52,5,959,100,100,66,14,1,0,-100,100,98,2,80,16,250,51,0,0,2823,272,0,17,0,832,347,0,34,0,537,0,0,0,0,188,0,0,21,0,169,829,84,23,0,0,13,0,3,0,0,3,3,0,0
4,27,1,41,17,14,0,1.015835,1.002999,1.017522,28,2,584,27.411099,22.411099,66,14,1,-100,0,-100,-100,0,80,16,584,60,0,0,2823,41,0,20,0,832,544,0,40,0,537,1,0,0,0,188,0,0,5,0,169,397,20,20,0,0,0,0,0,0,0,0,0,0,0
4,27,2,39,17,14,0,1.043896,1.008821,1.048338,29,3,709,5,0,66,14,1,100,-100,0,100,2,80,16,363,51,0,0,2823,115,0,17,0,832,445,0,34,0,537,52,0,12,0,188,28,0,6,0,169,575,24,35,0,0,9,6,3,0,0,3,3,0,0
4,27,3,59,17,14,0,1.071306,1.031483,1.010208,45,5,959,98.416914,93.416914,66,14,1,98,-100,100,0,2,80,16,215,51,0,0,2823,254,0,17,0,832,380,0,34,0,537,0,0,2,0,188,0,0,24,0,169,782,96,27,0,0,18,1,4,0,0,4,4,0,0
4,28,0,68,17,7,0,1.060949,1.004077,1.019741,54,5,959,100,100,67,14,1,0,-100,100,100,2,80,6,256,51,0,0,3098,192,0,17,0,842,364,0,34,0,468,1,0,14,0,241,0,0,11,0,91,909,44,39,0,0,16,7,4,0,0,4,4,0,0
4,28,1,41,17,7,0,1.015658,1.005104,1.017513,27,2,584,32.411099,27.411099,67,14,1,-100,0,-100,-100,0,80,6,584,57,0,0,3098,51,0,19,0,842,546,0,38,0,468,0,0,6,0,241,0,0,2,0,91,424,8,31,0,0,0,3,3,0,0,3,3,0,0
4,28,2,43,17,7,0,1.044194,1.006382,1.049806,32,3,709,5,0,67,14,1,100,-100,0,100,2,80,6,396,51,0,0,3098,91,0,17,0,842,459,0,34,0,468,73,0,14,0,241,21,0,7,0,91,565,28,37,0,0,13,7,3,0,0,3,3,0,0
4,28,3,60,17,7,0,1.069228,1.03427,1.009293,46,6,1084,100,98.416914,67,14,1,100,-100,100,0,2,80,6,224,51,0,0,3098,178,0,17,0,842,397,0,34,0,468,1,0,20,0,241,0,0,18,0,91,862,72,64,0,0,6,10,22,0,0,5,5,0,0
4,29,0,70,17,8,0,1.063407,1.006827,1.018476,56,5,959,100,100,70,14,1,0,-100,100,100,2,80,14,259,51,0,0,2818,267,0,17,0,839,381,0,34,0,520,1,0,6,0,243,0,0,10,0,152,932,40,33,0,0,14,3,5,0,0,5,5,0,0
4,29,1,41,17,8,0,1.019035,1.002047,1.013638,27,2,584,37.411099,32.411099,70,14,1,-100,0,-100,-100,0,80,14,584,54,0,0,2818,62,0,18,0,839,548,0,36,0,520,0,0,0,0,243,0,0,0,0,152,456,0,18,0,0,0,0,0,0,0,0,0,0,0
4,29,2,51,17,8,0,1.043881,1.003727,1.04999,35,3,709,5,0,70,14,1,100,-100,0,100,2,80,14,428,57,0,0,2818,61,0,19,0,839,475,0,38,0,520,65,0,16,0,243,24,0,8,0,152,561,32,43,0,0,17,8,4,0,0,4,4,0,0
4,29,3,59,17,8,0,1.074022,1.032989,1.010793,48,6,1084,89.207945,84.207945,70,14,1,100,-100,100,0,2,80,14,231,51,0,0,2818,213,0,17,0,839,414,0,34,0,520,1,0,10,0,243,0,0,8,0,152,893,32,37,0,0,6,5,5,0,0,5,5,0,0
4,30,0,72,11,6,0,1.063721,1.007004,1.018292,61,6,1084,100,100,70,14,1,0,-100,100,100,2,80,16,257,51,0,0,2978,179,0,17,0,839,398,0,34,0,470,1,0,26,0,272,0,0,0,0,138,889,0,70,0,0,5,13,22,0,0,5,5,0,0
4,30,1,43,11,6,0,1.020766,0.99761,1.014747,26,2,584,42.411099,37.411099,70,14,1,-100,0,-100,-100,0,80,16,584,54,0,0,2978,73,0,18,0,839,548,0,36,0,470,0,0,0,0,272,0,0,0,0,138,476,0,18,0,0,0,0,0,0,0,0,0,0,0
4,30,2,53,11,6,0,1.046022,1.005609,1.04903,38,3,709,10,5,70,14,1,100,-100,0,100,2,80,16,454,63,0,0,2978,31,0,21,0,839,493,0,42,0,470,68,0,24,0,272,12,0,12,0,138,573,48,57,0,0,23,12,6,0,0,6,6,0,0
4,30,3,58,11,6,0,1.07387,1.033507,1.009799,50,6,1084,94.207945,89.207945,70,14,1,100,-100,100,0,2,80,16,244,57,0,0,2978,238,0,19,0,839,430,0,38,0,470,0,0,16,0,272,0,0,0,0,138,880,0,41,0,0,11,8,3,0,0,3,3,0,0
4,31,0,74,16,11,0,1.063239,1.00647,1.019909,65,6,1084,100,100,70,14,1,0,-100,100,100,2,80,8,260,54,0,0,2928,248,0,18,0,864,401,0,36,0,468,1,0,20,0,236,0,0,10,0,80,942,40,44,0,0,12,10,3,0,0,3,3,0,0
4,31,1,42,16,11,0,1.023486,0.998396,1.020415,25,2,584,47.411099,42.411099,70,14,1,-100,0,-100,-100,0,80,8,584,63,0,0,2928,49,0,21,0,864,542,0,42,0,468,1,0,2,0,236,0,0,2,0,80,511,8,25,0,0,0,1,1,0,0,1,1,0,0
4,31,2,59,16,11,0,1.050716,1.006573,1.047915,44,3,709,15,10,70,14,1,100,-100,0,100,2,80,8,486,66,0,0,2928,20,0,22,0,864,506,0,44,0,468,71,0,26,0,236,12,0,13,0,80,591,52,58,0,0,31,13,5,0,0,5,5,0,0
4,31,3,56,16,11,0,1.075078,1.028244,1.009669,49,7,1209,99.207945,94.207945,70,14,1,100,-100,100,0,2,80,8,258,57,0,0,2928,160,0,19,0,864,428,0,38,0,468,0,0,20,0,236,0,0,9,0,80,929,36,62,0,0,1,10,20,0,0,3,3,0,0
4,32,0,73,14,9,1,1.061521,1.006466,1.018038,65,6,1084,100,100,70,14,1,0,-100,100,98,2,80,15,255,57,0,0,2971,154,0,19,0,804,420,0,38,0,503,1,0,10,0,210,0,0,20,0,134,1037,80,35,0,0,14,5,3,0,0,3,3,0,0
4,32,1,43,14,9,1,1.024477,0.997547,1.021794,26,2,584,52.411099,47.411099,70,14,1,-100,0,-100,-100,0,80,15,584,63,0,0,2971,16,0,21,0,804,542,0,42,0,503,0,0,4,0,210,0,0,2,0,134,540,8,29,0,0,0,2,2,0,0,2,2,0,0
4,32,2,63,14,9,1,1.051308,1.00682,1.047723,48,4,834,20,15,70,14,1,100,-100,0,100,2,80,15,519,72,0,0,2971,26,0,24,0,804,524,0,48,0,503,52,0,32,0,210,22,0,16,0,134,602,64,83,0,0,25,16,22,0,0,5,5,0,0
4,32,3,57,14,9,1,1.075243,1.032167,1.009712,48,7,1209,100,99.207945,70,14,1,98,-100,100,0,2,80,15,276,57,0,0,2971,188,0,19,0,804,447,0,38,0,503,1,0,6,0,210,0,0,14,0,134,992,56,29,0,0,2,3,2,0,0,2,2,0,0
4,33,0,77,19,19,0,1.062464,1.00717,1.020538,65,7,1209,100,100,70,14,1,0,-100,100,100,2,80,8,264,60,0,0,2742,213,0,20,0,800,440,0,40,0,445,1,0,24,0,269,0,0,3,0,182,1021,12,67,0,0,6,12,20,0,0,3,3,0,0
4,33,1,46,19,19,0,1.024352,0.999316,1.019553,28,2,584,57.411099,52.411099,70,14,1,-100,0,-100,-100,0,80,8,584,63,0,0,2742,45,0,21,0,800,542,0,42,0,445,1,0,8,0,269,0,0,0,0,182,530,0,37,0,0,0,4,4,0,0,4,4,0,0
4,33,2,63,19,19,0,1.048847,1.001793,1.046327,49,4,834,25,20,70,14,1,100,-100,0,100,2,80,8,548,75,0,0,2742,39,0,25,0,800,546,0,50,0,445,60,0,34,0,269,5,0,17,0,182,622,68,69,0,0,37,17,5,0,0,5,5,0,0
4,33,3,50,19,19,0,1.078605,1.031079,1.014162,39,7,1209,100,100,70,14,1,100,-100,100,0,2,80,8,304,66,0,0,2742,213,0,22,0,800,469,0,44,0,445,1,0,18,0,269,0,0,0,0,182,953,0,48,0,0,7,9,4,0,0,4,4,0,0
4,34,0,76,5,15,0,1.061168,1.007904,1.01822,65,7,1209,100,100,72,15,1,0,-100,100,100,2,80,26,258,60,0,0,2768,297,0,20,0,878,439,0,40,0,455,1,0,32,0,268,0,0,0,0,179,1010,0,62,0,0,17,16,5,0,0,5,5,0,0
4,34,1,44,5,15,0,1.027245,0.997412,1.019489,30,2,584,53.925601,48.925601,72,15,1,-100,0,-100,-100,0,80,26,584,66,0,0,2768,38,0,22,0,878,540,0,44,0,455,1,0,2,0,268,0,0,0,0,179,552,0,26,0,0,0,1,1,0,0,1,1,0,0
4,34,2,59,5,15,0,1.047441,1.003655,1.046574,50,4,834,30,25,72,15,1,100,-100,0,100,2,80,26,567,72,0,0,2768,31,0,24,0,878,538,0,48,0,455,57,0,34,0,268,0,0,9,0,179,604,36,66,0,0,50,17,4,0,0,4,4,0,0
4,34,3,47,5,15,0,1.079354,1.029028,1.016268,41,7,1209,96.814386,91.814386,72,15,1,100,-100,100,0,2,80,26,327,60,0,0,2768,246,0,20,0,878,466,0,40,0,455,1,0,18,0,268,0,0,0,0,179,917,0,44,0,0,13,9,3,0,0,3,3,0,0
4,35,0,79,17,19,0,1.066187,1.010174,1.014866,67,7,1209,100,100,74,16,1,0,-100,98,100,2,80,11,266,63,0,0,3071,200,0,21,0,795,457,0,42,0,435,1,0,40,0,272,0,0,0,0,59,1020,0,67,0,0,34,20,3,0,0,3,3,0,0
4,35,1,42,17,19,0,1.027537,0.99439,1.016831,27,2,584,46.116857,41.116857,74,16,1,-100,0,-100,-100,0,80,11,584,66,0,0,3071,17,0,22,0,795,540,0,44,0,435,1,0,6,0,272,0,0,0,0,59,550,0,34,0,0,0,3,3,0,0,3,3,0,0
4,35,2,59,17,19,0,1.048741,1.000877,1.049088,51,4,834,35,30,74,16,1,98,-100,0,100,2,80,11,592,66,0,0,3071,34,0,22,0,795,560,0,44,0,435,65,0,32,0,272,0,0,0,0,59,573,0,58,0,0,64,16,2,0,0,2,2,0,0
4,35,3,44,17,19,0,1.078238,1.028155,1.013764,41,7,1209,93.612139,88.612139,74,16,1,100,-100,100,0,2,80,11,348,57,0,0,3071,180,0,19,0,795,485,0,38,0,435,1,0,16,0,272,0,0,0,0,59,955,0,37,0,0,20,8,1,0,0,1,1,0,0
4,36,0,83,16,9,0,1.064814,1.006817,1.013755,69,8,1334,100,100,74,16,1,0,-100,100,100,2,80,13,268,60,0,0,2748,277,0,20,0,873,462,0,40,0,474,0,0,22,0,259,0,0,8,0,225,1012,32,67,0,0,24,11,21,0,0,4,4,0,0
4,36,1,43,16,9,0,1.025296,0.997451,1.0178,30,2,584,51.116857,46.116857,74,16,1,-100,0,-100,-100,0,80,13,584,66,0,0,2748,52,0,22,0,873,540,0,44,0,474,1,0,0,0,259,0,0,3,0,225,562,12,22,0,0,0,0,0,0,0,0,0,0,0
4,36,2,60,16,9,0,1.053227,0.997611,1.054355,50,4,834,40,35,74,16,1,100,-100,0,100,2,80,13,610,60,0,0,2748,44,0,20,0,873,567,0,40,0,474,63,0,36,0,259,0,0,2,0,225,531,8,62,0,0,79,18,3,0,0,3,3,0,0
4,36,3,45,16,9,0,1.083255,1.024394,1.007235,39,7,1209,98.612139,93.612139,74,16,1,100,-100,100,0,2,80,13,370,51,0,0,2748,207,0,17,0,873,496,0,34,0,474,0,0,16,0,259,0,0,0,0,225,926,0,35,0,0,27,8,1,0,0,1,1,0,0
4,37,0,83,11,11,0,1.065946,1.006333,1.014595,70,8,1334,100,100,78,16,1,0,-100,100,100,2,80,16,265,66,0,0,2926,172,0,22,0,903,458,0,44,0,485,0,0,34,0,252,0,0,6,0,175,1045,24,66,0,0,36,17,5,0,0,5,5,0,0
4,37,1,43,11,11,0,1.023095,0.997251,1.020203,27,2,584,56.116857,51.116857,78,16,1,-100,0,-100,-100,0,80,16,584,63,0,0,2926,78,0,21,0,903,542,0,42,0,485,1,0,2,0,252,0,0,0,0,175,557,0,25,0,0,0,1,1,0,0,1,1,0,0
4,37,2,61,11,11,0,1.05372,0.998821,1.055114,52,4,834,12.866634,7.866634,78,16,1,100,-100,0,100,2,80,16,627,60,0,0,2926,44,0,20,0,903,572,0,40,0,485,42,0,38,0,252,0,0,13,0,175,537,52,64,0,0,95,19,3,0,0,3,3,0,0
4,37,3,44,11,11,0,1.084943,1.017821,1.004728,38,7,1209,100,98.612139,78,16,1,100,-100,100,0,2,80,16,384,48,0,0,2926,250,0,16,0,903,491,0,32,0,485,0,0,6,0,252,0,0,1,0,175,911,4,28,0,0,27,3,3,0,0,3,3,0,0
4,38,0,85,16,8,0,1.06694,1.004586,1.016645,73,8,1334,100,100,78,16,1,0,-100,100,100,2,80,9,265,66,0,0,2850,259,0,22,0,817,477,0,44,0,446,1,0,36,0,266,0,0,5,0,142,1037,20,66,0,0,50,18,4,0,0,4,4,0,0
4,38,1,43,16,8,0,1.02617,0.994894,1.022023,27,2,584,61.116857,56.116857,78,16,1,-100,0,-100,-100,0,80,9,584,63,0,0,2850,83,0,21,0,817,542,0,42,0,446,0,0,2,0,266,0,0,0,0,142,559,0,25,0,0,0,1,1,0,0,1,1,0,0
4,38,2,67,16,8,0,1.052899,0.998186,1.056733,53,4,834,17.866634,12.866634,78,16,1,100,-100,0,100,2,80,9,644,57,0,0,2850,53,0,19,0,817,591,0,38,0,446,42,0,42,0,266,0,0,1,0,142,510,4,67,0,0,113,21,3,0,0,3,3,0,0
4,38,3,44,16,8,0,1.083406,1.016464,1.004418,39,7,1209,100,100,78,16,1,100,-100,100,0,2,80,9,399,45,0,0,2850,191,0,15,0,817,505,0,30,0,446,1,0,14,0,266,0,0,0,0,142,923,0,33,0,0,32,7,2,0,0,2,2,0,0
4,39,0,89,24,12,0,1.068848,1.003005,1.014501,75,8,1334,100,100,79,16,1,0,-100,100,100,2,80,5,261,63,0,0,2941,153,0,21,0,861,490,0,42,0,413,0,0,52,0,272,0,0,0,0,130,1031,0,81,0,0,72,26,4,0,0,4,4,0,0
4,39,1,47,24,12,0,1.028631,0.992476,1.01979,27,2,584,66.116857,61.116857,79,16,1,-100,0,-100,-100,0,80,5,584,66,0,0,2941,78,0,22,0,861,540,0,44,0,413,1,0,8,0,272,0,0,0,0,130,546,0,38,0,0,0,4,4,0,0,4,4,0,0
4,39,2,71,24,12,0,1.056625,1.003708,1.05462,54,4,834,22.866634,17.866634,79,16,1,100,-100,0,100,2,80,5,656,60,0,0,2941,52,0,20,0,861,602,0,40,0,413,49,0,44,0,272,0,0,0,0,130,473,0,74,0,0,130,22,5,0,0,5,5,0,0
4,39,3,44,24,12,0,1.094362,1.016409,1.006006,36,7,1209,96.926583,91.926583,79,16,1,100,-100,100,0,2,80,5,409,39,0,0,2941,223,0,13,0,861,509,0,26,0,413,0,0,18,0,272,0,0,0,0,130,906,0,35,0,0,39,9,2,0,0,2,2,0,0
4,40,0,89,17,24,0,1.069689,1.001919,1.015158,73,8,1334,100,100,83,17,1,0,-100,98,100,2,80,10,263,69,0,0,2865,217,0,23,0,809,513,0,46,0,497,1,0,10,0,173,0,0,34,0,70,1186,136,43,0,0,72,5,5,0,0,5,5,0,0
4,40,1,42,17,24,0,1.021593,0.987659,1.014203,25,2,584,62.517082,57.517082,83,17,1,-100,0,-100,-100,0,80,10,584,57,0,0,2865,72,0,19,0,809,546,0,38,0,497,1,0,0,0,173,0,0,8,0,70,565,32,19,0,0,0,0,0,0,0,0,0,0,0
4,40,2,69,17,24,0,1.056611,1.001916,1.051776,54,4,834,27.866634,22.866634,83,17,1,98,-100,0,100,2,80,10,669,66,0,0,2865,58,0,22,0,809,624,0,44,0,497,26,0,46,0,173,11,0,23,0,70,524,92,80,0,0,147,23,6,0,0,6,6,0,0
4,40,3,44,17,24,0,1.098862,1.017217,1.005943,35,7,1209,78.042268,73.042268,83,17,1,100,-100,100,0,2,80,10,415,36,0,0,2865,167,0,12,0,809,521,0,24,0,497,0,0,0,0,173,0,0,15,0,70,1025,60,18,0,0,36,0,3,0,0,3,3,0,0
6,1,0,52,11,9,0,1.001327,0.996255,1.005033,0,0,334,100,100,8,0,0,0,-32,38,2,1,80,19,54,39,0,0,2802,200,0,13,0,911,63,0,26,0,481,1,0,48,0,262,2,0,24,0,142,120,96,79,0,0,15,24,9,0,0,9,9,0,0
6,1,1,50,11,9,0,1.006425,1.000812,1.008242,0,0,334,100,100,8,0,0,-32,0,-56,-32,0,80,19,52,39,0,0,2802,214,0,13,0,911,84,0,26,0,481,1,0,42,0,262,2,0,23,0,142,136,92,73,0,0,12,21,9,0,0,9,9,0,0
6,1,2,50,11,9,0,1.000029,0.996644,1.00523,0,0,334,68.199936,63.199936,8,0,0,38,-56,0,36,2,80,19,54,39,0,0,2802,200,0,13,0,911,63,0,26,0,481,0,0,48,0,262,3,0,24,0,142,120,96,79,0,0,15,24,9,0,0,9,9,0,0
6,1,3,50,11,9,0,1.008941,0.997053,1.006231,0,0,334,100,100,8,0,0,2,-32,36,0,1,80,19,57,39,0,0,2802,200,0,13,0,911,63,0,26,0,481,1,0,46,0,262,1,0,24,0,142,122,96,77,0,0,14,23,9,0,0,9,9,0,0
6,2,0,48,14,20,0,1.000637,0.991521,1.0044,8,0,334,100,100,11,0,1,0,-38,52,10,1,80,13,54,39,0,0,2816,213,0,13,0,912,73,0,26,0,465,0,0,18,0,272,0,0,2,0,110,120,8,49,0,0,15,9,9,0,0,9,9,0,0
6,2,1,46,14,20,0,1.005532,0.996771,1.003373,5,0,334,100,100,11,0,1,-38,0,-70,-42,0,80,13,49,36,0,0,2816,240,0,12,0,912,115,0,24,0,465,0,0,14,0,272,0,0,2,0,110,165,8,44,0,0,10,7,9,0,0,9,9,0,0
6,2,2,50,14,20,0,0.996232,0.994511,1.002256,8,0,334,40.235292,35.235292,11,0,1,52,-70,0,54,2,80,13,57,36,0,0,2816,232,0,12,0,912,72,0,24,0,465,0,0,18,0,272,0,0,3,0,110,125,12,48,0,0,15,9,9,0,0,9,9,0,0
6,2,3,52,14,20,0,1.010336,1.001493,1.003763,8,0,334,96.897576,91.897576,11,0,1,10,-42,54,0,1,80,13,64,39,0,0,2816,247,0,13,0,912,76,0,26,0,465,0,0,12,0,272,0,0,1,0,110,124,4,43,0,0,11,6,9,0,0,9,9,0,0
6,3,0,48,13,23,0,0.998356,0.989812,1.003134,15,0,334,100,100,15,1,1,0,-50,58,22,2,80,12,63,39,0,0,3115,237,0,13,0,911,86,0,26,0,520,0,0,6,0,264,0,0,2,0,30,130,8,37,0,0,9,3,9,0,0,9,9,0,0
6,3,1,32,13,23,0,1.009163,0.997529,0.998795,11,0,334,93.717041,88.717041,15,1,1,-50,0,-86,-56,0,80,12,56,39,0,0,3115,181,0,13,0,911,149,0,26,0,520,1,0,2,0,264,0,0,0,0,30,162,0,23,0,0,7,1,4,0,0,4,4,0,0
6,3,2,51,13,23,0,0.99225,0.997022,1.002953,16,0,334,37.488902,32.488902,15,1,1,58,-86,0,70,2,80,12,57,36,0,0,3115,170,0,12,0,911,84,0,24,0,520,1,0,8,0,264,0,0,5,0,30,182,20,38,0,0,10,4,9,0,0,9,9,0,0
6,3,3,55,13,23,0,1.009469,0.999817,1.002809,17,0,334,85.729978,80.729978,15,1,1,22,-56,70,0,2,80,12,70,42,0,0,3115,181,0,14,0,911,90,0,28,0,520,0,0,6,0,264,0,0,1,0,30,165,4,38,0,0,5,3,9,0,0,9,9,0,0
6,4,0,26,7,39,0,0.983025,0.983856,0.992696,11,0,334,100,100,18,2,1,0,-54,58,34,2,80,31,65,39,0,0,2932,176,0,13,0,907,99,0,26,0,466,7,0,8,0,272,0,0,0,0,198,110,0,25,0,0,11,4,2,0,0,2,2,0,0
6,4,1,28,7,39,0,1.007606,0.995766,0.997556,13,0,334,90.04357,85.04357,18,2,1,-54,0,-96,-74,0,80,31,75,42,0,0,2932,155,0,14,0,907,181,0,28,0,466,11,0,12,0,272,0,0,0,0,198,145,0,34,0,0,9,6,4,0,0,4,4,0,0
6,4,2,50,7,39,0,0.98976,0.996403,1.005637,23,0,334,42.488902,37.488902,18,2,1,58,-96,0,82,2,80,31,58,39,0,0,2932,194,0,13,0,907,97,0,26,0,466,1,0,30,0,272,0,0,0,0,198,146,0,61,0,0,16,15,9,0,0,9,9,0,0
6,4,3,50,7,39,0,1.002406,0.996406,1.003445,23,0,334,74.210809,69.210809,18,2,1,34,-74,82,0,2,80,31,67,39,0,0,2932,257,0,13,0,907,102,0,26,0,466,1,0,8,0,272,0,0,0,0,198,144,0,39,0,0,0,4,9,0,0,9,9,0,0
6,5,0,31,18,8,0,0.985657,0.982656,0.988306,12,0,334,100,100,21,3,1,0,-58,70,34,2,80,12,95,39,0,0,3066,153,0,13,0,913,112,0,26,0,544,1,0,6,0,182,20,0,4,0,166,106,16,23,0,0,12,3,2,0,0,2,2,0,0
6,5,1,28,18,8,0,1.012007,0.99272,0.997574,14,0,334,85.202754,80.202754,21,3,1,-58,0,-100,-84,0,80,12,99,39,0,0,3066,144,0,13,0,913,205,0,26,0,544,1,0,10,0,182,10,0,8,0,166,166,32,31,0,0,10,5,4,0,0,4,4,0,0
6,5,2,54,18,8,0,0.989454,0.998763,1.00723,31,0,334,26.928223,21.928223,21,3,1,70,-100,0,94,2,80,12,63,39,0,0,3066,219,0,13,0,913,107,0,26,0,544,1,0,0,0,182,3,0,24,0,166,247,96,31,0,0,7,0,9,0,0,9,9,0,0
6,5,3,51,18,8,0,0.998605,0.993274,1.001694,29,0,334,79.210809,74.210809,21,3,1,34,-84,94,0,2,80,12,75,42,0,0,3066,193,0,14,0,913,116,0,28,0,544,1,0,0,0,182,0,0,21,0,166,289,84,14,0,0,0,0,0,0,0,0,0,0,0
6,6,0,33,17,12,0,0.98534,0.979303,0.985007,12,0,334,100,100,25,4,1,0,-64,88,34,2,80,7,116,39,0,0,2889,133,0,13,0,905,125,0,26,0,481,18,0,8,0,266,17,0,4,0,190,99,16,23,0,0,15,4,1,0,0,1,1,0,0
6,6,1,28,17,12,0,1.016329,0.989541,0.998307,16,0,334,77.215617,72.215617,25,4,1,-64,0,-100,-96,0,80,7,123,39,0,0,2889,148,0,13,0,905,239,0,26,0,481,1,0,4,0,266,0,0,10,0,190,209,40,27,0,0,7,2,5,0,0,5,5,0,0
6,6,2,53,17,12,0,0.989242,0.99225,1.001501,36,0,334,7.866673,2.866673,25,4,1,88,-100,0,100,2,80,7,66,39,0,0,2889,246,0,13,0,905,120,0,26,0,481,1,0,16,0,266,0,0,4,0,190,266,16,41,0,0,9,8,6,0,0,6,6,0,0
6,6,3,55,17,12,0,0.997599,0.990788,0.998794,27,0,334,84.210809,79.210809,25,4,1,34,-96,100,0,2,80,7,85,42,0,0,2889,266,0,14,0,905,130,0,28,0,481,0,0,10,0,266,0,0,4,0,190,304,16,34,0,0,0,5,5,0,0,5,5,0,0
6,7,0,34,16,6,0,0.994846,0.983568,0.991911,11,0,334,100,100,27,4,1,0,-68,100,36,2,80,12,134,36,0,0,3118,120,0,12,0,900,137,0,24,0,474,38,0,12,0,272,11,0,6,0,120,98,24,28,0,0,19,6,2,0,0,2,2,0,0
6,7,1,30,16,6,0,1.022664,0.988846,0.996737,20,0,334,82.215617,77.215617,27,4,1,-68,0,-100,-100,0,80,12,150,42,0,0,3118,156,0,14,0,900,276,0,28,0,474,1,0,0,0,272,0,0,0,0,120,214,0,22,0,0,3,0,4,0,0,4,4,0,0
6,7,2,57,16,6,0,0.988809,0.986866,1.001828,41,0,334,5,0,27,4,1,100,-100,0,100,2,80,12,73,42,0,0,3118,179,0,14,0,900,134,0,28,0,474,0,0,20,0,272,0,0,0,0,120,288,0,46,0,0,13,10,6,0,0,6,6,0,0
6,7,3,58,16,6,0,1.001039,0.989781,0.998928,30,0,334,89.210809,84.210809,27,4,1,36,-100,100,0,2,80,12,92,45,0,0,3118,196,0,15,0,900,145,0,30,0,474,0,0,16,0,272,0,0,0,0,120,287,0,47,0,0,0,8,8,0,0,8,8,0,0
6,8,0,36,12,6,0,0.99232,0.982182,0.992929,12,0,334,100,100,30,5,1,0,-72,98,48,2,80,24,147,36,0,0,2866,114,0,12,0,900,149,0,24,0,446,56,0,16,0,272,3,0,8,0,146,102,32,34,0,0,24,8,3,0,0,3,3,0,0
6,8,1,32,12,6,0,1.022059,0.983595,0.990466,24,0,334,77.43821,72.43821,30,5,1,-72,0,-100,-100,0,80,24,173,42,0,0,2866,142,0,14,0,900,306,0,28,0,446,1,0,10,0,272,0,0,0,0,146,224,0,30,0,0,5,5,3,0,0,3,3,0,0
6,8,2,58,12,6,0,0.991126,0.990941,1.00247,44,1,459,10,5,30,5,1,98,-100,0,100,2,80,24,69,39,0,0,2866,221,0,13,0,900,144,0,26,0,446,1,0,26,0,272,0,0,0,0,146,268,0,66,0,0,4,13,22,0,0,5,5,0,0
6,8,3,59,12,6,0,1.000853,0.989506,0.999503,36,0,334,76.892346,71.892346,30,5,1,48,-100,100,0,2,80,24,94,45,0,0,2866,275,0,15,0,900,160,0,30,0,446,1,0,26,0,272,0,0,0,0,146,275,0,59,0,0,4,13,9,0,0,9,9,0,0
6,9,0,33,15,11,0,0.997866,0.985895,0.985226,14,0,334,100,100,35,6,1,0,-80,98,72,2,80,19,156,33,0,0,2994,115,0,11,0,895,160,0,22,0,489,63,0,18,0,272,0,0,3,0,132,85,12,35,0,0,30,9,3,0,0,3,3,0,0
6,9,1,33,15,11,0,1.01776,0.985819,0.993997,24,0,334,69.579347,64.579347,35,6,1,-80,0,-100,-100,0,80,19,196,42,0,0,2994,116,0,14,0,895,306,0,28,0,489,0,0,4,0,272,0,0,0,0,132,232,0,22,0,0,5,2,2,0,0,2,2,0,0
6,9,2,62,15,11,0,0.99319,0.989284,1.004136,48,1,459,15,10,35,6,1,98,-100,0,100,2,80,19,68,39,0,0,2994,278,0,13,0,895,157,0,26,0,489,1,0,10,0,272,0,0,0,0,132,271,0,33,0,0,4,5,5,0,0,5,5,0,0
6,9,3,61,15,11,0,1.002344,0.985126,1.001338,43,0,334,53.074424,48.074424,35,6,1,72,-100,100,0,2,80,19,97,48,0,0,2994,200,0,16,0,895,176,0,32,0,489,1,0,14,0,272,0,0,0,0,132,290,0,44,0,0,4,7,7,0,0,7,7,0,0
6,10,0,34,18,9,0,0.99567,0.988386,0.986823,15,0,334,100,100,39,7,1,0,-86,100,78,2,80,8,167,27,0,0,2940,129,0,9,0,904,169,0,18,0,539,43,0,20,0,168,25,0,10,0,132,96,40,35,0,0,37,10,3,0,0,3,3,0,0
6,10,1,35,18,9,0,1.030215,0.981867,0.992637,24,0,334,59.802907,54.802907,39,7,1,-86,0,-100,-100,0,80,8,221,45,0,0,2940,88,0,15,0,904,304,0,30,0,539,0,0,4,0,168,0,0,9,0,132,277,36,27,0,0,3,2,4,0,0,4,4,0,0
6,10,2,66,18,9,0,0.997536,0.98964,1.000833,50,1,459,5,0,39,7,1,100,-100,0,100,2,80,8,64,39,0,0,2940,203,0,13,0,904,167,0,26,0,539,1,0,0,0,168,0,0,28,0,132,438,112,21,0,0,0,0,4,0,0,4,4,0,0
6,10,3,63,18,9,0,1.002047,0.982142,1.0061,48,0,334,49.503967,44.503967,39,7,1,78,-100,100,0,2,80,8,99,45,0,0,2940,300,0,15,0,904,191,0,30,0,539,1,0,0,0,168,0,0,32,0,132,311,128,23,0,0,0,0,4,0,0,4,4,0,0
6,11,0,35,19,21,1,1.003686,0.984931,0.985027,17,0,334,100,100,41,8,1,0,-88,100,76,2,80,7,176,27,0,0,2979,150,0,9,0,899,178,0,18,0,460,52,0,22,0,272,14,0,11,0,115,109,44,37,0,0,45,11,3,0,0,3,3,0,0
6,11,1,37,19,21,1,1.025803,0.975273,0.995668,27,0,334,56.452596,51.452596,41,8,1,-88,0,-100,-100,0,80,7,246,45,0,0,2979,68,0,15,0,899,304,0,30,0,460,1,0,0,0,272,0,0,0,0,115,305,0,19,0,0,1,0,2,0,0,2,2,0,0
6,11,2,66,19,21,1,1.001675,0.980558,0.999021,50,1,459,5,0,41,8,1,100,-100,0,98,2,80,7,52,36,0,0,2979,238,0,12,0,899,179,0,24,0,460,1,0,14,0,272,0,0,0,0,115,423,0,36,0,0,2,7,5,0,0,5,5,0,0
6,11,3,58,19,21,1,1.005254,0.981165,1.00751,45,0,334,54.503967,49.503967,41,8,1,76,-100,98,0,2,80,7,100,48,0,0,2979,221,0,16,0,899,207,0,32,0,460,0,0,24,0,272,0,0,0,0,115,284,0,50,0,0,7,12,5,0,0,5,5,0,0
6,12,0,38,14,10,0,1.002723,0.979341,0.979092,19,0,334,100,100,42,9,1,0,-88,98,76,2,80,5,180,24,0,0,2874,179,0,8,0,904,186,0,16,0,522,29,0,28,0,237,14,0,14,0,129,131,56,46,0,0,54,14,5,0,0,5,5,0,0
6,12,1,37,14,10,0,1.027536,0.981657,0.994737,27,0,334,52.882587,47.882587,42,9,1,-88,0,-100,-100,0,80,5,263,45,0,0,2874,86,0,15,0,904,304,0,30,0,522,1,0,0,0,237,0,0,1,0,129,317,4,17,0,0,0,0,1,0,0,1,1,0,0
6,12,2,63,14,10,0,1.003539,0.9792,0.996476,53,1,459,10,5,42,9,1,98,-100,0,98,2,80,5,53,42,0,0,2874,158,0,14,0,904,193,0,28,0,522,1,0,8,0,237,0,0,10,0,129,435,40,32,0,0,1,4,5,0,0,5,5,0,0
6,12,3,62,14,10,0,1.007473,0.979337,1.004718,48,0,334,59.503967,54.503967,42,9,1,76,-100,98,0,2,80,5,109,45,0,0,2874,319,0,15,0,904,222,0,30,0,522,1,0,8,0,237,0,0,10,0,129,311,40,31,0,0,7,4,4,0,0,4,4,0,0
6,13,0,42,17,9,0,0.997187,0.981041,0.978178,24,0,334,100,100,45,10,1,0,-92,100,76,2,80,7,186,30,0,0,2955,185,0,10,0,895,196,0,20,0,442,33,0,30,0,267,4,0,15,0,84,164,60,52,0,0,63,15,6,0,0,6,6,0,0
6,13,1,37,17,9,0,1.026276,0.98054,0.993135,25,0,334,48.034831,43.034831,45,10,1,-92,0,-100,-100,0,80,7,281,42,0,0,2955,94,0,14,0,895,306,0,28,0,442,1,0,10,0,267,0,0,0,0,84,302,0,32,0,0,1,5,4,0,0,4,4,0,0
6,13,2,64,17,9,0,1.010057,0.980419,0.999091,56,1,459,5,0,45,10,1,100,-100,0,100,2,80,7,55,42,0,0,2955,195,0,14,0,895,207,0,28,0,442,1,0,22,0,267,0,0,0,0,84,419,0,40,0,0,10,11,2,0,0,2,2,0,0
6,13,3,65,17,9,0,1.008493,0.979963,1.002302,50,0,334,64.503967,59.503967,45,10,1,76,-100,100,0,2,80,7,114,51,0,0,2955,240,0,17,0,895,239,0,34,0,442,1,0,36,0,267,0,0,0,0,84,271,0,63,0,0,20,18,5,0,0,5,5,0,0
6,14,0,46,14,6,0,0.997638,0.973999,0.974729,30,0,334,100,100,49,12,1,0,-96,96,74,2,80,13,190,30,0,0,2946,213,0,10,0,883,206,0,20,0,476,23,0,36,0,259,0,0,8,0,103,156,32,58,0,0,75,18,6,0,0,6,6,0,0
6,14,1,39,14,6,0,1.022392,0.981225,0.993854,27,0,334,28.626563,23.626563,49,12,1,-96,0,-100,-100,0,80,13,301,45,0,0,2946,112,0,15,0,883,304,0,30,0,476,0,0,4,0,259,0,0,0,0,103,309,0,25,0,0,0,2,3,0,0,3,3,0,0
6,14,2,64,14,6,0,1.012747,0.980007,1.002499,56,1,459,5,0,49,12,1,96,-100,0,98,2,80,13,61,48,0,0,2946,219,0,16,0,883,223,0,32,0,476,0,0,10,0,259,0,0,6,0,103,437,24,32,0,0,12,5,3,0,0,3,3,0,0
6,14,3,67,14,6,0,1.007804,0.979385,1.003927,53,0,334,69.503967,64.503967,49,12,1,74,-100,98,0,2,80,13,116,54,0,0,2946,157,0,18,0,883,257,0,36,0,476,1,0,30,0,259,0,0,3,0,103,280,12,58,0,0,30,15,5,0,0,5,5,0,0
6,15,0,51,20,12,0,1.001958,0.972389,0.981986,34,0,334,100,100,51,13,1,0,-98,98,74,2,80,4,195,30,0,0,2836,157,0,10,0,886,216,0,20,0,431,30,0,36,0,257,0,0,5,0,82,186,20,56,0,0,88,18,5,0,0,5,5,0,0
6,15,1,41,20,12,0,1.02172,0.985689,0.99534,28,0,334,25.216838,20.216838,51,13,1,-98,0,-100,-100,0,80,4,319,45,0,0,2836,118,0,15,0,886,304,0,30,0,431,0,0,16,0,257,0,0,4,0,82,299,16,41,0,0,3,8,5,0,0,5,5,0,0
6,15,2,64,20,12,0,1.013353,0.98294,0.999811,57,2,584,5,0,51,13,1,98,-100,0,100,2,80,4,60,45,0,0,2836,252,0,15,0,886,235,0,30,0,431,1,0,20,0,257,0,0,0,0,82,403,0,56,0,0,3,10,19,0,0,2,2,0,0
6,15,3,68,20,12,0,1.009336,0.980805,1.001486,53,0,334,74.503967,69.503967,51,13,1,74,-100,100,0,2,80,4,126,57,0,0,2836,255,0,19,0,886,276,0,38,0,431,0,0,28,0,257,0,0,6,0,82,265,24,57,0,0,39,14,5,0,0,5,5,0,0
6,16,0,54,14,18,0,1.003447,0.972887,0.984393,37,0,334,100,100,53,14,1,0,-100,100,74,2,80,15,184,27,0,0,3072,185,0,9,0,876,225,0,18,0,396,36,0,44,0,272,0,0,0,0,292,121,0,65,0,0,104,22,6,0,0,6,6,0,0
6,16,1,39,14,18,0,1.021617,0.988398,0.998554,32,0,334,21.6484,16.6484,53,14,1,-100,0,-100,-100,0,80,15,334,45,0,0,3072,102,0,15,0,876,304,0,30,0,396,0,0,22,0,272,0,0,0,0,292,269,0,41,0,0,12,11,2,0,0,2,2,0,0
6,16,2,63,14,18,0,1.017238,0.979118,0.997063,56,2,584,5,0,53,14,1,100,-100,0,100,2,80,15,52,39,0,0,3072,175,0,13,0,876,248,0,26,0,396,1,0,24,0,272,0,0,0,0,292,355,0,43,0,0,12,12,3,0,0,3,3,0,0
6,16,3,64,14,18,0,1.009258,0.972207,0.995672,51,1,459,79.503967,74.503967,53,14,1,74,-100,100,0,2,80,15,132,57,0,0,3072,168,0,19,0,876,295,0,38,0,396,0,0,36,0,272,0,0,0,0,292,184,0,82,0,0,35,18,22,0,0,5,5,0,0
6,17,0,58,18,14,0,1.00266,0.971407,0.982444,43,0,334,100,100,55,15,1,0,-100,98,74,2,80,5,176,27,0,0,2764,210,0,9,0,900,234,0,18,0,465,23,0,48,0,212,0,0,24,0,138,182,96,67,0,0,123,24,5,0,0,5,5,0,0
6,17,1,37,18,14,0,1.019499,0.988068,1.0057,32,0,334,13.408567,8.408567,55,15,1,-100,0,-100,-100,0,80,5,334,45,0,0,2764,98,0,15,0,900,304,0,30,0,465,0,0,6,0,212,0,0,9,0,138,317,36,23,0,0,14,3,1,0,0,1,1,0,0
6,17,2,62,18,14,0,1.016882,0.980722,1.000163,55,2,584,5,0,55,15,1,98,-100,0,100,2,80,5,54,39,0,0,2764,203,0,13,0,900,259,0,26,0,465,0,0,16,0,212,0,0,9,0,138,406,36,33,0,0,18,8,2,0,0,2,2,0,0
6,17,3,67,18,14,0,1.01351,0.971403,0.996374,53,1,459,84.503967,79.503967,55,15,1,74,-100,100,0,2,80,5,141,54,0,0,2764,270,0,18,0,900,313,0,36,0,465,1,0,22,0,212,0,0,15,0,138,217,60,48,0,0,42,11,4,0,0,4,4,0,0
6,18,0,59,14,11,0,1.004588,0.972038,0.982048,47,0,334,100,100,57,15,1,0,-100,100,88,2,80,11,163,30,0,0,2932,246,0,10,0,1005,232,0,20,0,488,0,0,46,0,253,0,0,10,0,119,188,40,66,0,0,141,23,5,0,0,5,5,0,0
6,18,1,38,14,11,0,1.01936,0.991243,0.999531,30,0,334,18.408567,13.408567,57,15,1,-100,0,-100,-100,0,80,11,334,45,0,0,2932,96,0,15,0,1005,294,0,30,0,488,1,0,0,0,253,0,0,1,0,119,315,4,19,0,0,12,0,2,0,0,2,2,0,0
6,18,2,61,14,11,0,1.024905,0.975598,1.000431,55,2,584,10,5,57,15,1,100,-100,0,100,2,80,11,46,33,0,0,2932,234,0,11,0,1005,252,0,22,0,488,1,0,8,0,253,0,0,5,0,119,449,20,23,0,0,20,4,2,0,0,2,2,0,0
6,18,3,69,14,11,0,1.01502,0.969705,0.995397,55,1,459,73.78284,68.78284,57,15,1,88,-100,100,0,2,80,11,142,54,0,0,2932,185,0,18,0,1005,301,0,36,0,488,0,0,24,0,253,0,0,3,0,119,256,12,52,0,0,49,12,5,0,0,5,5,0,0
6,19,0,64,18,18,2,1.00813,0.973049,0.981019,51,0,334,100,100,62,17,1,0,-100,92,98,2,80,10,149,30,0,0,2968,177,0,10,0,897,242,0,20,0,470,0,0,36,0,249,0,0,14,0,120,239,56,54,0,0,155,18,4,0,0,4,4,0,0
6,19,1,34,18,18,2,1.026793,0.998419,1.00269,28,0,334,5,0,62,17,1,-100,0,-100,-100,0,80,10,334,42,0,0,2968,64,0,14,0,897,306,0,28,0,470,0,0,6,0,249,0,0,1,0,120,312,4,22,0,0,14,3,1,0,0,1,1,0,0
6,19,2,57,18,18,2,1.020379,0.975171,1.00072,52,2,584,15,10,62,17,1,92,-100,0,94,2,80,10,38,30,0,0,2968,163,0,10,0,897,259,0,20,0,470,1,0,12,0,249,0,0,2,0,120,490,8,26,0,0,24,6,2,0,0,2,2,0,0
6,19,3,72,18,18,2,1.014039,0.966525,0.992144,57,1,459,55.225795,50.225795,62,17,1,98,-100,94,0,2,80,10,150,54,0,0,2968,282,0,18,0,897,316,0,36,0,470,1,0,20,0,249,0,0,6,0,120,262,24,48,0,0,54,10,5,0,0,5,5,0,0
6,20,0,66,16,22,1,1.011826,0.971521,0.980503,53,1,459,100,100,64,18,1,0,-100,96,98,2,80,4,136,33,0,0,2990,206,0,11,0,887,253,0,22,0,537,0,0,4,0,185,17,0,28,0,87,298,112,40,0,0,136,2,21,0,0,4,4,0,0
6,20,1,35,16,22,1,1.026426,0.999029,0.996093,28,0,334,5,0,64,18,1,-100,0,-100,-100,0,80,4,334,48,0,0,2990,24,0,16,0,887,302,0,32,0,537,0,0,0,0,185,0,0,3,0,87,314,12,20,0,0,12,0,2,0,0,2,2,0,0
6,20,2,50,16,22,1,1.019212,0.9799,0.999912,46,3,709,11.764401,6.764401,64,18,1,96,-100,0,98,2,80,4,40,30,0,0,2990,192,0,10,0,887,274,0,20,0,537,0,0,2,0,185,0,0,6,0,87,529,24,33,0,0,6,1,19,0,0,2,2,0,0
6,20,3,70,16,22,1,1.015094,0.95659,0.995703,55,2,584,60.225795,55.225795,64,18,1,98,-100,98,0,2,80,4,153,57,0,0,2990,191,0,19,0,887,335,0,38,0,537,1,0,0,0,185,0,0,25,0,87,387,100,46,0,0,32,0,22,0,0,5,5,0,0
6,21,0,68,17,15,0,1.012089,0.968995,0.97783,55,2,584,100,100,64,18,1,0,-100,98,100,2,80,4,118,33,0,0,2785,241,0,11,0,890,264,0,22,0,514,0,0,20,0,230,9,0,29,0,167,392,116,56,0,0,125,10,21,0,0,4,4,0,0
6,21,1,36,17,15,0,1.033631,0.995351,0.98873,27,0,334,10,5,64,18,1,-100,0,-100,-100,0,80,4,334,42,0,0,2785,6,0,14,0,890,306,0,28,0,514,1,0,0,0,230,0,0,0,0,167,314,0,20,0,0,9,0,3,0,0,3,3,0,0
6,21,2,48,17,15,0,1.015241,0.981554,0.997538,46,3,709,16.764401,11.764401,64,18,1,98,-100,0,100,2,80,4,36,27,0,0,2785,221,0,9,0,890,283,0,18,0,514,0,0,2,0,230,0,0,6,0,167,585,24,13,0,0,6,1,1,0,0,1,1,0,0
6,21,3,71,17,15,0,1.015034,0.958042,0.996707,54,2,584,65.225795,60.225795,64,18,1,100,-100,100,0,2,80,4,155,48,0,0,2785,265,0,16,0,890,351,0,32,0,514,0,0,8,0,230,0,0,15,0,167,443,60,34,0,0,31,4,5,0,0,5,5,0,0
6,22,0,70,16,11,0,1.01244,0.964139,0.977867,57,3,709,100,100,65,19,1,0,-100,100,98,2,80,14,92,30,0,0,3150,163,0,10,0,900,272,0,20,0,508,1,0,20,0,214,9,0,31,0,86,509,124,57,0,0,113,10,22,0,0,5,5,0,0
6,22,1,40,16,11,0,1.033544,0.993521,0.986876,30,0,334,5.130754,0.130754,65,19,1,-100,0,-100,-100,0,80,14,334,45,0,0,3150,5,0,15,0,900,304,0,30,0,508,0,0,6,0,214,0,0,7,0,86,313,28,27,0,0,9,3,3,0,0,3,3,0,0
6,22,2,46,16,11,0,1.015772,0.981619,1.000005,43,3,709,21.764401,16.764401,65,19,1,100,-100,0,100,2,80,14,34,24,0,0,3150,165,0,8,0,900,291,0,16,0,508,1,0,2,0,214,0,0,5,0,86,657,20,12,0,0,6,1,1,0,0,1,1,0,0
6,22,3,72,16,11,0,1.018231,0.960172,0.99348,55,3,709,70.225795,65.225795,65,19,1,98,-100,100,0,2,80,14,154,54,0,0,3150,176,0,18,0,900,369,0,36,0,508,1,0,6,0,214,0,0,15,0,86,500,60,53,0,0,11,3,23,0,0,6,6,0,0
6,23,0,72,11,15,0,1.016,0.966143,0.979795,60,3,709,100,100,66,20,1,0,-100,98,98,2,80,11,68,30,0,0,2789,215,0,10,0,895,282,0,20,0,407,0,0,54,0,269,0,0,10,0,82,522,40,72,0,0,136,27,4,0,0,4,4,0,0
6,23,1,39,11,15,0,1.034011,0.994101,0.987534,33,1,459,5,0,66,20,1,-100,0,-100,-100,0,80,11,334,45,0,0,2789,5,0,15,0,895,304,0,30,0,407,0,0,26,0,269,0,0,0,0,82,272,0,62,0,0,3,13,19,0,0,2,2,0,0
6,23,2,41,11,15,0,1.01305,0.978004,0.998008,39,3,709,26.764401,21.764401,66,20,1,98,-100,0,98,2,80,11,35,27,0,0,2789,182,0,9,0,895,300,0,18,0,407,1,0,12,0,269,0,0,1,0,82,686,4,23,0,0,11,6,1,0,0,1,1,0,0
6,23,3,72,11,15,0,1.02069,0.955377,0.992449,56,3,709,75.225795,70.225795,66,20,1,98,-100,98,0,2,80,11,163,63,0,0,2789,219,0,21,0,895,390,0,42,0,407,1,0,32,0,269,0,0,1,0,82,490,4,65,0,0,21,16,6,0,0,6,6,0,0
6,24,0,73,19,15,0,1.018555,0.962677,0.982061,61,4,834,100,100,67,21,1,0,-100,98,98,2,80,3,47,30,0,0,2798,261,0,10,0,887,292,0,20,0,463,0,0,42,0,211,0,0,27,0,73,608,108,75,0,0,137,21,20,0,0,3,3,0,0
6,24,1,39,19,15,0,1.034402,0.997559,0.98517,34,1,459,5,0,67,21,1,-100,0,-100,-100,0,80,3,354,45,0,0,2798,5,0,15,0,887,338,0,30,0,463,0,0,2,0,211,0,0,11,0,73,357,44,19,0,0,3,1,1,0,0,1,1,0,0
6,24,2,42,19,15,0,1.015272,0.977272,0.997276,39,3,709,31.764401,26.764401,67,21,1,98,-100,0,98,2,80,3,40,27,0,0,2798,198,0,9,0,887,312,0,18,0,463,1,0,6,0,211,0,0,9,0,73,698,36,17,0,0,13,3,1,0,0,1,1,0,0
6,24,3,74,19,15,0,1.023925,0.950925,0.990279,57,3,709,80.225795,75.225795,67,21,1,98,-100,98,0,2,80,3,176,66,0,0,2798,253,0,22,0,887,412,0,44,0,463,1,0,26,0,211,0,0,12,0,73,533,48,58,0,0,29,13,5,0,0,5,5,0,0
6,25,0,64,19,24,0,1.021414,0.966161,0.980395,54,5,959,100,100,68,22,1,0,-100,98,98,2,80,1,46,33,0,0,3056,177,0,11,0,887,303,0,22,0,489,1,0,26,0,206,0,0,28,0,18,753,112,60,0,0,130,13,20,0,0,3,3,0,0
6,25,1,40,19,24,0,1.02455,0.995842,0.980647,33,1,459,5,0,68,22,1,-100,0,-100,-100,0,80,1,378,48,0,0,3056,14,0,16,0,887,381,0,32,0,489,1,0,4,0,206,0,0,11,0,18,421,44,24,0,0,3,2,2,0,0,2,2,0,0
6,25,2,45,19,24,0,1.019628,0.975634,0.99879,39,4,834,36.764401,31.764401,68,22,1,98,-100,0,98,2,80,1,41,27,0,0,3056,227,0,9,0,887,321,0,18,0,489,0,0,10,0,206,0,0,3,0,18,675,12,38,0,0,0,5,18,0,0,1,1,0,0
6,25,3,74,19,24,0,1.02858,0.950217,0.990506,58,4,834,85.225795,80.225795,68,22,1,98,-100,98,0,2,80,1,183,63,0,0,3056,158,0,21,0,887,433,0,42,0,489,1,0,8,0,206,0,0,24,0,18,645,96,56,0,0,11,4,22,0,0,5,5,0,0
6,26,0,62,16,13,0,1.019514,0.966273,0.978574,54,5,959,100,100,69,23,1,0,-100,98,98,2,80,1,35,27,0,0,2890,204,0,9,0,891,312,0,18,0,409,1,0,52,0,266,0,0,6,0,73,756,24,67,0,0,153,26,3,0,0,3,3,0,0
6,26,1,46,16,13,0,1.02898,0.996264,0.985138,34,1,459,5,0,69,23,1,-100,0,-100,-100,0,80,1,403,48,0,0,2890,34,0,16,0,891,424,0,32,0,409,0,0,22,0,266,0,0,0,0,73,415,0,44,0,0,11,11,3,0,0,3,3,0,0
6,26,2,44,16,13,0,1.022694,0.979411,0.998235,35,4,834,41.764401,36.764401,69,23,1,98,-100,0,98,2,80,1,41,27,0,0,2890,173,0,9,0,891,330,0,18,0,409,1,0,8,0,266,0,0,0,0,73,722,0,23,0,0,1,4,3,0,0,3,3,0,0
6,26,3,74,16,13,0,1.03214,0.946979,0.990533,60,4,834,90.225795,85.225795,69,23,1,98,-100,98,0,2,80,1,191,63,0,0,2890,197,0,21,0,891,454,0,42,0,409,1,0,52,0,266,0,0,0,0,73,607,0,85,0,0,31,26,6,0,0,6,6,0,0
6,27,0,43,14,30,0,1.022744,0.972711,0.981943,42,6,1084,100,100,75,24,1,0,-100,100,100,2,80,4,25,18,0,0,2840,208,0,6,0,892,318,0,12,0,541,0,0,4,0,194,8,0,21,0,108,846,84,29,0,0,137,2,18,0,0,1,1,0,0
6,27,1,45,14,30,0,1.025124,0.997358,0.991336,35,1,459,5,0,75,24,1,-100,0,-100,-100,0,80,4,426,54,0,0,2840,32,0,18,0,892,423,0,36,0,541,0,0,0,0,194,0,0,10,0,108,435,40,24,0,0,8,0,3,0,0,3,3,0,0
6,27,2,47,14,30,0,1.03007,0.975016,0.992764,36,4,834,30.129442,25.129442,75,24,1,100,-100,0,100,2,80,4,43,27,0,0,2840,184,0,9,0,892,342,0,18,0,541,1,0,0,0,194,0,0,2,0,108,770,8,11,0,0,0,0,1,0,0,1,1,0,0
6,27,3,75,14,30,0,1.032942,0.949642,0.994222,64,5,959,71.776787,66.776787,75,24,1,100,-100,100,0,2,80,4,200,66,0,0,2840,245,0,22,0,892,473,0,44,0,541,1,0,0,0,194,3,0,32,0,108,730,128,47,0,0,10,0,21,0,0,4,4,0,0
6,28,0,36,14,22,0,1.026955,0.970272,0.980911,34,6,1084,100,100,79,25,1,0,-100,100,100,2,80,7,25,15,0,0,2989,224,0,5,0,890,320,0,10,0,518,0,0,10,0,244,0,0,15,0,158,917,60,15,0,0,142,5,0,0,0,0,0,0,0
6,28,1,44,14,22,0,1.028099,0.99672,0.997161,34,1,459,5,0,79,25,1,-100,0,-100,-100,0,80,7,449,54,0,0,2989,52,0,18,0,890,423,0,36,0,518,1,0,0,0,244,0,0,6,0,158,433,24,26,0,0,4,0,4,0,0,4,4,0,0
6,28,2,45,14,22,0,1.034838,0.969005,0.989289,35,4,834,11.326771,6.326771,79,25,1,100,-100,0,100,2,80,7,42,27,0,0,2989,192,0,9,0,890,351,0,18,0,518,0,0,2,0,244,0,0,9,0,158,820,36,13,0,0,0,1,1,0,0,1,1,0,0
6,28,3,77,14,22,0,1.035221,0.952086,0.994847,65,5,959,76.776787,71.776787,79,25,1,100,-100,100,0,2,80,7,208,66,0,0,2989,148,0,22,0,890,495,0,44,0,518,1,0,14,0,244,0,0,9,0,158,775,36,44,0,0,13,7,4,0,0,4,4,0,0
6,29,0,36,13,27,0,1.024042,0.974636,0.979758,32,7,1209,100,100,82,26,1,0,-100,100,100,2,80,7,26,15,0,0,2896,183,0,5,0,895,325,0,10,0,500,1,0,10,0,189,1,0,18,0,169,1013,72,34,0,0,129,5,18,0,0,1,1,0,0
6,29,1,41,13,27,0,1.033478,0.996744,0.992005,33,1,459,5,0,82,26,1,-100,0,-100,-100,0,80,7,459,42,0,0,2896,64,0,14,0,895,431,0,28,0,500,1,0,4,0,189,0,0,16,0,169,439,64,24,0,0,3,2,3,0,0,3,3,0,0
6,29,2,43,13,27,0,1.035712,0.969698,0.98993,34,4,834,5,0,82,26,1,100,-100,0,100,2,80,7,39,27,0,0,2896,210,0,9,0,895,363,0,18,0,500,0,0,6,0,189,0,0,12,0,169,819,48,21,0,0,0,3,3,0,0,3,3,0,0
6,29,3,68,13,27,0,1.037169,0.939149,0.981488,56,6,1084,81.776787,76.776787,82,26,1,100,-100,100,0,2,80,7,190,42,0,0,2896,201,0,14,0,895,506,0,28,0,500,0,0,18,0,189,0,0,24,0,169,838,96,57,0,0,1,9,21,0,0,4,4,0,0
6,30,0,36,17,8,0,1.023376,0.971734,0.976062,32,8,1334,100,100,85,27,1,0,-100,100,100,2,80,3,28,15,0,0,2916,206,0,5,0,938,330,0,10,0,541,0,0,4,0,203,7,0,18,0,115,1086,72,28,0,0,113,2,18,0,0,1,1,0,0
6,30,1,44,17,8,0,1.03378,0.996243,0.992513,34,1,459,5,0,85,27,1,-100,0,-100,-100,0,80,3,459,45,0,0,2916,68,0,15,0,938,429,0,30,0,541,1,0,0,0,203,0,0,5,0,115,438,20,21,0,0,0,0,3,0,0,3,3,0,0
6,30,2,47,17,8,0,1.037325,0.966925,0.990606,37,4,834,5,0,85,27,1,100,-100,0,100,2,80,3,40,27,0,0,2916,158,0,9,0,938,374,0,18,0,541,0,0,0,0,203,0,0,10,0,115,825,40,9,0,0,0,0,0,0,0,0,0,0,0
6,30,3,70,17,8,0,1.040365,0.936252,0.982216,56,6,1084,86.776787,81.776787,85,27,1,100,-100,100,0,2,80,3,185,42,0,0,2916,263,0,14,0,938,517,0,28,0,541,0,0,0,0,203,0,0,30,0,115,988,120,16,0,0,0,0,1,0,0,1,1,0,0
6,31,0,37,18,19,0,1.018782,0.967713,0.975413,30,8,1334,100,100,88,27,1,0,-100,100,100,2,80,5,24,12,0,0,3061,166,0,4,0,936,334,0,8,0,517,1,0,18,0,233,0,0,7,0,44,1149,28,26,0,0,120,9,2,0,0,2,2,0,0
6,31,1,44,18,19,0,1.034248,0.993312,0.995945,34,1,459,10,5,88,27,1,-100,0,-100,-100,0,80,5,459,48,0,0,3061,68,0,16,0,936,427,0,32,0,517,0,0,4,0,233,0,0,3,0,44,439,12,24,0,0,0,2,2,0,0,2,2,0,0
6,31,2,46,18,19,0,1.035654,0.965745,0.990191,34,4,834,5,0,88,27,1,100,-100,0,100,2,80,5,42,27,0,0,3061,173,0,9,0,936,383,0,18,0,517,1,0,2,0,233,0,0,12,0,44,823,48,13,0,0,0,1,1,0,0,1,1,0,0
6,31,3,69,18,19,0,1.043007,0.931447,0.980191,51,6,1084,76.583564,71.583564,88,27,1,100,-100,100,0,2,80,5,174,42,0,0,3061,179,0,14,0,936,528,0,28,0,517,1,0,0,0,233,0,0,24,0,44,1070,96,14,0,0,0,0,0,0,0,0,0,0,0
6,32,0,35,7,15,0,1.015471,0.966124,0.97684,31,8,1334,100,100,92,29,1,0,-100,96,98,2,80,6,19,12,0,0,2818,181,0,4,0,928,338,0,8,0,462,1,0,22,0,270,0,0,0,0,235,1138,0,30,0,0,129,11,2,0,0,2,2,0,0
6,32,1,41,7,15,0,1.032931,0.992914,0.992527,34,1,459,5,0,92,29,1,-100,0,-100,-100,0,80,6,459,48,0,0,2818,78,0,16,0,928,427,0,32,0,462,1,0,8,0,270,0,0,2,0,235,410,8,30,0,0,1,4,3,0,0,3,3,0,0
6,32,2,44,7,15,0,1.036192,0.96235,0.988827,32,4,834,5,0,92,29,1,96,-100,0,98,2,80,6,44,33,0,0,2818,180,0,11,0,928,392,0,22,0,462,0,0,20,0,270,0,0,0,0,235,776,0,43,0,0,4,10,6,0,0,6,6,0,0
6,32,3,68,7,15,0,1.044446,0.929678,0.978236,46,6,1084,81.583564,76.583564,92,29,1,98,-100,98,0,2,80,6,160,39,0,0,2818,265,0,13,0,928,541,0,26,0,462,1,0,32,0,270,0,0,0,0,235,1021,0,63,0,0,7,16,9,0,0,9,9,0,0
6,33,0,30,19,13,0,1.00972,0.974882,0.975416,28,8,1334,100,100,95,30,1,0,-100,100,100,2,80,6,16,6,0,0,3036,192,0,2,0,938,340,0,4,0,499,0,0,10,0,240,0,0,9,0,138,1186,36,14,0,0,133,5,1,0,0,1,1,0,0
6,33,1,44,19,13,0,1.033168,0.993284,0.995336,34,1,459,5,0,95,30,1,-100,0,-100,-100,0,80,6,459,48,0,0,3036,71,0,16,0,938,427,0,32,0,499,1,0,2,0,240,0,0,1,0,138,437,4,22,0,0,0,1,2,0,0,2,2,0,0
6,33,2,49,19,13,0,1.036651,0.95834,0.985631,37,4,834,5,0,95,30,1,100,-100,0,100,2,80,6,54,36,0,0,3036,180,0,12,0,938,409,0,24,0,499,1,0,16,0,240,0,0,4,0,138,776,16,34,0,0,9,8,3,0,0,3,3,0,0
6,33,3,71,19,13,0,1.043644,0.928999,0.979965,52,6,1084,86.583564,81.583564,95,30,1,100,-100,100,0,2,80,6,146,39,0,0,3036,184,0,13,0,938,551,0,26,0,499,0,0,18,0,240,0,0,18,0,138,1057,72,45,0,0,9,9,7,0,0,7,7,0,0
6,34,0,27,19,19,3,1.016099,0.976279,0.981301,22,8,1334,100,100,98,31,1,0,-100,96,98,2,80,10,16,6,0,0,2868,192,0,2,0,932,342,0,4,0,463,1,0,12,0,255,0,0,4,0,138,1201,16,16,0,0,138,6,1,0,0,1,1,0,0
6,34,1,43,19,19,3,1.022783,0.990169,0.994002,33,1,459,5,0,98,31,1,-100,0,-100,-100,0,80,10,459,51,0,0,2868,50,0,17,0,932,425,0,34,0,463,1,0,12,0,255,0,0,0,0,138,424,0,35,0,0,3,6,3,0,0,3,3,0,0
6,34,2,51,19,19,3,1.03947,0.959624,0.986853,39,5,959,5,0,98,31,1,96,-100,0,98,2,80,10,51,30,0,0,2868,185,0,10,0,932,418,0,20,0,463,1,0,26,0,255,0,0,7,0,138,785,28,61,0,0,1,13,21,0,0,4,4,0,0
6,34,3,73,19,19,3,1.04403,0.925175,0.980636,55,7,1209,91.583564,86.583564,98,31,1,98,-100,98,0,2,80,10,136,42,0,0,2868,259,0,14,0,932,565,0,28,0,463,0,0,30,0,255,0,0,6,0,138,1021,24,73,0,0,1,15,23,0,0,6,6,0,0
6,35,0,24,13,18,2,1.021292,0.97671,0.982292,21,8,1334,100,100,102,32,1,0,-100,100,100,2,80,13,13,6,0,0,3018,203,0,2,0,916,344,0,4,0,484,0,0,16,0,270,0,0,2,0,68,1211,8,20,0,0,145,8,1,0,0,1,1,0,0
6,35,1,39,13,18,2,1.02278,0.984297,0.993875,31,1,459,5,0,102,32,1,-100,0,-100,-100,0,80,13,459,39,0,0,3018,64,0,13,0,916,433,0,26,0,484,1,0,0,0,270,0,0,0,0,68,440,0,19,0,0,0,0,3,0,0,3,3,0,0
6,35,2,54,13,18,2,1.039716,0.961991,0.986021,42,5,959,5,0,102,32,1,100,-100,0,100,2,80,13,52,33,0,0,3018,195,0,11,0,916,428,0,22,0,484,0,0,28,0,270,0,0,0,0,68,787,0,47,0,0,11,14,4,0,0,4,4,0,0
6,35,3,72,13,18,2,1.046376,0.925201,0.982751,58,7,1209,79.720414,74.720414,102,32,1,100,-100,100,0,2,80,13,117,39,0,0,3018,173,0,13,0,916,578,0,26,0,484,0,0,18,0,270,0,0,0,0,68,1081,0,41,0,0,5,9,5,0,0,5,5,0,0
6,36,0,24,15,10,0,1.029684,0.972244,0.983097,20,8,1334,100,100,108,33,1,0,-100,100,100,2,80,3,15,6,0,0,2910,177,0,2,0,945,346,0,4,0,530,1,0,2,0,188,11,0,11,0,75,1297,44,6,0,0,145,1,1,0,0,1,1,0,0
6,36,1,41,15,10,0,1.031413,0.979361,0.99372,30,1,459,5,0,108,33,1,-100,0,-100,-100,0,80,3,459,42,0,0,2910,61,0,14,0,945,431,0,28,0,530,0,0,2,0,188,0,0,3,0,75,443,12,18,0,0,0,1,1,0,0,1,1,0,0
6,36,2,56,15,10,0,1.042955,0.962568,0.987496,45,5,959,5,0,108,33,1,100,-100,0,100,2,80,3,55,36,0,0,2910,209,0,12,0,945,437,0,24,0,530,0,0,4,0,188,0,0,23,0,75,904,92,24,0,0,9,2,4,0,0,4,4,0,0
6,36,3,73,15,10,0,1.048663,0.923572,0.981526,60,7,1209,56.541296,51.541296,108,33,1,100,-100,100,0,2,80,3,104,39,0,0,2910,240,0,13,0,945,591,0,26,0,530,0,0,6,0,188,2,0,34,0,75,1186,136,29,0,0,3,3,5,0,0,5,5,0,0
6,37,0,24,19,9,0,1.031999,0.973049,0.981402,20,8,1334,100,100,109,34,1,0,-100,98,100,2,80,4,13,6,0,0,3032,199,0,2,0,928,348,0,4,0,480,0,0,20,0,236,3,0,11,0,85,1327,44,26,0,0,153,10,2,0,0,2,2,0,0
6,37,1,40,19,9,0,1.03231,0.974733,0.990789,28,1,459,5,0,109,34,1,-100,0,-100,-100,0,80,4,459,39,0,0,3032,47,0,13,0,928,433,0,26,0,480,0,0,0,0,236,0,0,3,0,85,446,12,13,0,0,0,0,0,0,0,0,0,0,0
6,37,2,59,19,9,0,1.039019,0.961153,0.986406,49,5,959,10,5,109,34,1,98,-100,0,98,2,80,4,60,42,0,0,3032,211,0,14,0,928,450,0,28,0,480,1,0,20,0,236,0,0,18,0,85,939,72,40,0,0,16,10,3,0,0,3,3,0,0
6,37,3,81,19,9,0,1.049039,0.922778,0.984562,62,7,1209,61.541296,56.541296,109,34,1,100,-100,98,0,2,80,4,102,45,0,0,3032,152,0,15,0,928,606,0,30,0,480,0,0,24,0,236,0,0,11,0,85,1182,44,47,0,0,11,12,4,0,0,4,4,0,0
6,38,0,22,12,15,0,1.035254,0.966468,0.990425,18,8,1334,100,100,111,35,1,0,-100,100,100,2,80,14,14,6,0,0,2912,173,0,2,0,977,350,0,4,0,494,0,0,10,0,226,0,0,6,0,173,1330,24,14,0,0,157,5,1,0,0,1,1,0,0
6,38,1,37,12,15,0,1.025866,0.973187,0.991449,26,1,459,5,0,111,35,1,-100,0,-100,-100,0,80,14,459,42,0,0,2912,33,0,14,0,977,431,0,28,0,494,0,0,0,0,226,0,0,0,0,173,444,0,14,0,0,0,0,0,0,0,0,0,0,0
6,38,2,62,12,15,0,1.036481,0.961684,0.985115,50,6,1084,6.388932,1.388932,111,35,1,100,-100,0,100,2,80,14,63,45,0,0,2912,225,0,15,0,977,451,0,30,0,494,1,0,24,0,226,0,0,13,0,173,919,52,64,0,0,7,12,21,0,0,4,4,0,0
6,38,3,80,12,15,0,1.051105,0.92316,0.990062,63,7,1209,66.541296,61.541296,111,35,1,100,-100,100,0,2,80,14,83,45,0,0,2912,208,0,15,0,977,610,0,30,0,494,0,0,16,0,226,0,0,27,0,173,1180,108,45,0,0,12,8,7,0,0,7,7,0,0
6,39,0,25,17,9,0,1.03999,0.967848,0.986749,19,8,1334,100,100,112,36,1,0,-100,100,100,2,80,7,15,6,0,0,2864,205,0,2,0,928,352,0,4,0,458,0,0,8,0,271,0,0,1,0,90,1320,4,14,0,0,159,4,2,0,0,2,2,0,0
6,39,1,33,17,9,0,1.024338,0.971689,0.98089,25,1,459,5,0,112,36,1,-100,0,-100,-100,0,80,7,459,42,0,0,2864,6,0,14,0,928,431,0,28,0,458,0,0,0,0,271,0,0,0,0,90,445,0,14,0,0,0,0,0,0,0,0,0,0,0
6,39,2,69,17,9,0,1.038804,0.965327,0.984718,54,6,1084,11.388932,6.388932,112,36,1,100,-100,0,100,2,80,7,68,45,0,0,2864,244,0,15,0,928,462,0,30,0,458,1,0,40,0,271,0,0,0,0,90,918,0,63,0,0,23,20,4,0,0,4,4,0,0
6,39,3,82,17,9,0,1.051368,0.922283,0.993665,68,8,1334,71.541296,66.541296,112,36,1,100,-100,100,0,2,80,7,74,48,0,0,2864,272,0,16,0,928,626,0,32,0,458,1,0,34,0,271,0,0,0,0,90,1132,0,77,0,0,7,17,22,0,0,5,5,0,0
6,40,0,25,13,16,0,1.04449,0.965003,0.986892,18,8,1334,100,100,113,37,1,0,-100,100,98,2,80,8,17,9,0,0,3155,177,0,3,0,911,355,0,6,0,440,1,0,8,0,266,0,0,1,0,38,1319,4,15,0,0,161,4,2,0,0,2,2,0,0
6,40,1,33,13,16,0,1.028889,0.971234,0.982353,24,1,459,5,0,113,37,1,-100,0,-100,-100,0,80,8,459,45,0,0,3155,3,0,15,0,911,429,0,30,0,440,1,0,0,0,266,0,0,0,0,38,444,0,15,0,0,0,0,0,0,0,0,0,0,0
6,40,2,73,13,16,0,1.041469,0.965923,0.986908,56,7,1209,16.388932,11.388932,113,37,1,100,-100,0,98,2,80,8,71,51,0,0,3155,158,0,17,0,911,473,0,34,0,440,1,0,50,0,266,0,0,0,0,38,905,0,94,0,0,26,25,22,0,0,5,5,0,0
6,40,3,75,13,16,0,1.054829,0.921381,0.988247,65,8,1334,76.541296,71.541296,113,37,1,98,-100,98,0,2,80,8,65,54,0,0,3155,172,0,18,0,911,644,0,36,0,440,0,0,42,0,266,0,0,5,0,38,1157,20,68,0,0,24,21,4,0,0,4,4,0,0
2,1,0,54,23,3,0,0.993433,1.00403,0.989285,0,0,334,100,100,5,0,0,0,-26,2,20,1,80,2,55,36,0,0,2806,187,0,12,0,918,62,0,24,0,391,24,0,48,0,272,1,0,24,0,142,121,96,78,0,0,15,24,9,0,0,9,9,0,0
2,1,1,53,23,3,0,0.996923,1.007532,0.995925,0,0,334,100,100,5,0,0,-26,0,-26,-38,0,80,2,57,39,0,0,2806,224,0,13,0,918,84,0,26,0,391,34,0,48,0,272,1,0,24,0,142,137,96,79,0,0,15,24,9,0,0,9,9,0,0
2,1,2,57,23,3,0,1.00104,1.00579,0.996823,0,0,334,100,100,5,0,0,2,-26,0,20,1,80,2,59,39,0,0,2806,192,0,13,0,918,59,0,26,0,391,20,0,46,0,272,2,0,23,0,142,118,92,77,0,0,14,23,9,0,0,9,9,0,0
2,1,3,56,23,3,0,0.99717,1.003249,0.998675,0,0,334,81.891935,76.891935,5,0,0,20,-38,20,0,2,80,2,59,39,0,0,2806,200,0,13,0,918,60,0,26,0,391,21,0,48,0,272,1,0,24,0,142,117,96,79,0,0,15,24,9,0,0,9,9,0,0
2,2,0,52,14,27,1,1.006118,1.000968,0.985272,6,0,334,100,100,9,0,1,0,-34,20,28,2,80,15,51,33,0,0,2864,210,0,11,0,907,73,0,22,0,448,4,0,40,0,253,0,0,10,0,146,112,40,69,0,0,26,20,9,0,0,9,9,0,0
2,2,1,50,14,27,1,0.998067,1.010487,0.989439,7,0,334,100,100,9,0,1,-34,0,-52,-50,0,80,15,57,39,0,0,2864,158,0,13,0,907,118,0,26,0,448,13,0,44,0,253,0,0,1,0,146,115,4,75,0,0,28,22,9,0,0,9,9,0,0
2,2,2,53,14,27,1,1.001335,1.008658,0.998401,9,0,334,82.66167,77.66167,9,0,1,20,-52,0,42,2,80,15,57,39,0,0,2864,242,0,13,0,907,72,0,26,0,448,4,0,44,0,253,0,0,7,0,146,96,28,71,0,0,29,22,7,0,0,7,7,0,0
2,2,3,52,14,27,1,1.00247,0.996843,0.998894,6,0,334,78.755045,73.755045,9,0,1,28,-50,42,0,2,80,15,57,36,0,0,2864,244,0,12,0,907,72,0,24,0,448,1,0,42,0,253,0,0,6,0,146,102,24,72,0,0,27,21,9,0,0,9,9,0,0
2,3,0,55,22,32,0,1.009142,0.998917,0.985554,13,0,334,100,100,12,1,1,0,-38,32,28,2,80,3,61,42,0,0,3031,216,0,14,0,895,87,0,28,0,471,1,0,22,0,245,0,0,6,0,31,112,24,54,0,0,28,11,9,0,0,9,9,0,0
2,3,1,42,22,32,0,0.988701,1.011737,0.992693,12,0,334,90.270917,85.270917,12,1,1,-38,0,-70,-60,0,80,3,37,18,0,0,3031,181,0,6,0,895,131,0,12,0,471,0,0,28,0,245,0,0,1,0,31,117,4,52,0,0,33,14,9,0,0,9,9,0,0
2,3,2,46,22,32,0,1.004419,1.007558,0.999817,14,0,334,73.109651,68.109651,12,1,1,32,-70,0,54,2,80,3,56,36,0,0,3031,177,0,12,0,895,84,0,24,0,471,0,0,18,0,245,0,0,6,0,31,156,24,42,0,0,32,9,6,0,0,6,6,0,0
2,3,3,54,22,32,0,1.005957,0.996211,0.99794,12,0,334,83.755045,78.755045,12,1,1,28,-60,54,0,2,80,3,61,36,0,0,3031,180,0,12,0,895,84,0,24,0,471,1,0,20,0,245,0,0,6,0,31,164,24,50,0,0,28,10,9,0,0,9,9,0,0
2,4,0,59,19,11,0,1.009655,0.99877,0.986727,22,0,334,100,100,21,2,1,0,-54,50,58,2,80,7,73,48,0,0,2842,225,0,16,0,941,99,0,32,0,500,0,0,18,0,208,0,0,20,0,195,162,80,52,0,0,28,9,9,0,0,9,9,0,0
2,4,1,40,19,11,0,0.993455,1.01915,0.993072,19,0,334,87.353869,82.353869,21,2,1,-54,0,-100,-100,0,80,7,28,18,0,0,2842,203,0,6,0,941,144,0,12,0,500,0,0,12,0,208,0,0,3,0,195,135,12,36,0,0,30,6,9,0,0,9,9,0,0
2,4,2,49,19,11,0,1.000141,1.011002,1.000221,18,0,334,55.989741,50.989741,21,2,1,50,-100,0,100,2,80,7,66,39,0,0,2842,206,0,13,0,941,97,0,26,0,500,1,0,8,0,208,3,0,16,0,195,202,64,31,0,0,31,4,5,0,0,5,5,0,0
2,4,3,57,19,11,0,1.006747,0.993231,0.996622,19,0,334,51.961926,46.961926,21,2,1,58,-100,100,0,2,80,7,68,39,0,0,2842,225,0,13,0,941,97,0,26,0,500,1,0,6,0,208,0,0,16,0,195,219,64,37,0,0,22,3,9,0,0,9,9,0,0
2,5,0,66,21,13,0,1.014687,0.99326,0.991042,31,0,334,100,100,24,3,1,0,-58,50,70,2,80,2,88,54,0,0,2939,228,0,18,0,940,114,0,36,0,465,1,0,28,0,271,0,0,0,0,173,123,0,64,0,0,33,14,9,0,0,9,9,0,0
2,5,1,36,21,13,0,0.996624,1.019197,0.999006,26,0,334,83.66823,78.66823,24,3,1,-58,0,-100,-100,0,80,2,27,18,0,0,2939,227,0,6,0,940,157,0,12,0,465,1,0,2,0,271,0,0,1,0,173,159,4,16,0,0,27,1,4,0,0,4,4,0,0
2,5,2,54,21,13,0,0.998489,1.013806,0.998052,22,0,334,60.989741,55.989741,24,3,1,50,-100,0,100,2,80,2,75,39,0,0,2939,248,0,13,0,940,104,0,26,0,465,0,0,24,0,271,0,0,3,0,173,183,12,49,0,0,37,12,6,0,0,6,6,0,0
2,5,3,57,21,13,0,1.007367,0.988402,0.995312,27,0,334,40.364381,35.364381,24,3,1,70,-100,100,0,2,80,2,74,42,0,0,2939,154,0,14,0,940,108,0,28,0,465,1,0,24,0,271,0,0,0,0,173,202,0,56,0,0,25,12,9,0,0,9,9,0,0
2,6,0,67,20,22,0,1.02357,0.988322,0.989774,37,0,334,100,100,30,4,1,0,-68,62,88,2,80,7,95,54,0,0,3000,232,0,18,0,922,129,0,36,0,445,0,0,30,0,240,0,0,12,0,81,144,48,66,0,0,39,15,9,0,0,9,9,0,0
2,6,1,35,20,22,0,0.990444,1.021908,1.005926,27,0,334,76.962975,71.962975,30,4,1,-68,0,-100,-100,0,80,7,26,18,0,0,3000,185,0,6,0,922,170,0,12,0,445,1,0,12,0,240,0,0,0,0,81,214,0,24,0,0,30,6,3,0,0,3,3,0,0
2,6,2,56,20,22,0,1.004141,1.015226,0.996026,24,0,334,46.277968,41.277968,30,4,1,62,-100,0,100,2,80,7,84,42,0,0,3000,180,0,14,0,922,118,0,28,0,445,1,0,30,0,240,0,0,10,0,81,211,40,60,0,0,44,15,8,0,0,8,8,0,0
2,6,3,53,20,22,0,1.012197,0.996092,0.994513,32,0,334,21.929805,16.929805,30,4,1,88,-100,100,0,2,80,7,77,42,0,0,3000,195,0,14,0,922,122,0,28,0,445,0,0,28,0,240,0,0,3,0,81,184,12,60,0,0,30,14,9,0,0,9,9,0,0
2,7,0,69,19,15,0,1.02592,0.986951,0.991556,42,0,334,100,100,34,5,1,0,-74,62,100,2,80,6,100,54,0,0,2804,235,0,18,0,928,144,0,36,0,399,1,0,50,0,272,0,0,0,0,141,103,0,86,0,0,55,25,9,0,0,9,9,0,0
2,7,1,32,19,15,0,0.989036,1.025069,1.004019,28,0,334,73.313839,68.313839,34,5,1,-74,0,-100,-100,0,80,6,25,18,0,0,2804,204,0,6,0,928,183,0,12,0,399,1,0,8,0,272,0,0,0,0,141,247,0,18,0,0,32,4,2,0,0,2,2,0,0
2,7,2,60,19,15,0,1.000727,1.016136,0.987987,28,0,334,51.277968,46.277968,34,5,1,62,-100,0,100,2,80,6,90,42,0,0,2804,214,0,14,0,928,132,0,28,0,399,1,0,38,0,272,0,0,0,0,141,171,0,70,0,0,54,19,9,0,0,9,9,0,0
2,7,3,54,19,15,0,1.013699,0.994349,0.994469,39,0,334,5,0,34,5,1,100,-100,100,0,2,80,6,78,39,0,0,2804,257,0,13,0,928,135,0,26,0,399,0,0,32,0,272,0,0,0,0,141,155,0,57,0,0,40,16,6,0,0,6,6,0,0
2,8,0,74,19,13,0,1.033771,0.981633,0.994822,49,0,334,100,100,37,6,1,0,-78,62,100,2,80,7,115,63,0,0,2976,233,0,21,0,913,162,0,42,0,436,0,0,40,0,272,0,0,0,0,91,66,0,79,0,0,66,20,9,0,0,9,9,0,0
2,8,1,27,19,13,0,0.990053,1.028439,1.004199,26,1,459,65.002517,60.002517,37,6,1,-78,0,-100,-100,0,80,7,27,18,0,0,2976,166,0,6,0,913,196,0,12,0,436,1,0,8,0,272,0,0,0,0,91,277,0,31,0,0,19,4,17,0,0,0,0,0,0
2,8,2,61,19,13,0,1.003136,1.019204,0.986636,34,0,334,56.277968,51.277968,37,6,1,62,-100,0,100,2,80,7,95,48,0,0,2976,250,0,16,0,913,145,0,32,0,436,1,0,34,0,272,0,0,0,0,91,127,0,68,0,0,62,17,9,0,0,9,9,0,0
2,8,3,59,19,13,0,1.017252,0.993358,0.994832,44,0,334,5,0,37,6,1,100,-100,100,0,2,80,7,89,45,0,0,2976,168,0,15,0,913,150,0,30,0,436,0,0,24,0,272,0,0,0,0,91,181,0,49,0,0,47,12,5,0,0,5,5,0,0
2,9,0,76,15,12,0,1.032719,0.981388,0.995206,57,0,334,100,100,39,6,1,0,-82,70,100,2,80,10,127,69,0,0,2910,240,0,23,0,893,182,0,46,0,487,1,0,14,0,268,0,0,3,0,163,56,12,53,0,0,65,7,8,0,0,8,8,0,0
2,9,1,28,15,12,0,0.991389,1.021068,1.013232,24,1,459,70.002517,65.002517,39,6,1,-82,0,-100,-100,0,80,10,33,21,0,0,2910,172,0,7,0,893,209,0,14,0,487,0,0,4,0,268,0,0,0,0,163,294,0,13,0,0,20,2,1,0,0,1,1,0,0
2,9,2,58,15,12,0,1.006269,1.016965,0.989345,41,0,334,53.117547,48.117547,39,6,1,70,-100,0,100,2,80,10,97,45,0,0,2910,174,0,15,0,893,160,0,30,0,487,1,0,16,0,268,0,0,1,0,163,133,4,45,0,0,63,8,7,0,0,7,7,0,0
2,9,3,62,15,12,0,1.023424,0.990192,0.995169,47,0,334,5,0,39,6,1,100,-100,100,0,2,80,10,94,45,0,0,2910,230,0,15,0,893,165,0,30,0,487,0,0,16,0,268,0,0,0,0,163,166,0,41,0,0,50,8,5,0,0,5,5,0,0
2,10,0,76,21,14,0,1.032718,0.978121,0.992053,60,0,334,100,100,42,7,1,0,-86,82,98,2,80,10,132,60,0,0,2906,254,0,20,0,993,169,0,40,0,504,0,0,16,0,180,7,0,30,0,68,180,120,46,0,0,68,8,5,0,0,5,5,0,0
2,10,1,30,21,14,0,0.975368,1.020497,1.019877,23,1,459,61.557508,56.557508,42,7,1,-86,0,-100,-100,0,80,10,39,21,0,0,2906,177,0,7,0,993,215,0,14,0,504,0,0,0,0,180,0,0,13,0,68,389,52,11,0,0,18,0,2,0,0,2,2,0,0
2,10,2,60,21,14,0,1.007271,1.017129,0.988767,44,0,334,42.155954,37.155954,42,7,1,82,-100,0,100,2,80,10,102,45,0,0,2906,213,0,15,0,993,151,0,30,0,504,0,0,10,0,180,2,0,25,0,68,225,100,35,0,0,63,5,5,0,0,5,5,0,0
2,10,3,65,21,14,0,1.022808,0.988312,0.994906,50,1,459,10,5,42,7,1,98,-100,100,0,2,80,10,91,42,0,0,2906,154,0,14,0,993,161,0,28,0,504,0,0,16,0,180,0,0,15,0,68,270,60,57,0,0,36,8,22,0,0,5,5,0,0
2,11,0,79,19,11,0,1.037003,0.978032,0.992812,63,1,459,100,100,46,8,1,0,-98,94,98,2,80,9,137,63,0,0,2889,157,0,21,0,900,190,0,42,0,502,1,0,12,0,209,8,0,33,0,113,286,132,60,0,0,52,6,22,0,0,5,5,0,0
2,11,1,30,19,11,0,0.981424,1.015791,1.015804,23,2,584,58.75237,53.75237,46,8,1,-98,0,-100,-100,0,80,9,41,24,0,0,2889,169,0,8,0,900,234,0,16,0,502,0,0,4,0,209,0,0,0,0,113,390,0,35,0,0,0,2,20,0,0,3,3,0,0
2,11,2,63,19,11,0,1.009291,1.011283,0.989182,47,1,459,30.677462,25.677462,46,8,1,94,-100,0,98,2,80,9,106,48,0,0,2889,273,0,16,0,900,161,0,32,0,502,1,0,12,0,209,0,0,19,0,113,274,76,57,0,0,46,6,23,0,0,6,6,0,0
2,11,3,67,19,11,0,1.02612,0.986999,0.999371,51,1,459,6.74217,1.74217,46,8,1,98,-100,98,0,2,80,9,88,45,0,0,2889,211,0,15,0,900,176,0,30,0,502,0,0,12,0,209,0,0,12,0,113,327,48,37,0,0,37,6,5,0,0,5,5,0,0
2,12,0,84,18,9,0,1.040846,0.976954,0.99219,67,1,459,100,100,47,9,1,0,-98,94,98,2,80,10,147,69,0,0,2892,183,0,23,0,925,194,0,46,0,454,0,0,40,0,272,0,0,8,0,43,291,32,75,0,0,66,20,6,0,0,6,6,0,0
2,12,1,31,18,9,0,0.98384,1.005367,1.013228,23,2,584,46.627259,41.627259,47,9,1,-98,0,-100,-100,0,80,10,49,24,0,0,2892,151,0,8,0,925,252,0,16,0,454,1,0,0,0,272,0,0,0,0,43,452,0,8,0,0,0,0,0,0,0,0,0,0,0
2,12,2,63,18,9,0,1.009978,1.015209,0.990887,51,1,459,35.677462,30.677462,47,9,1,94,-100,0,98,2,80,10,102,45,0,0,2892,195,0,15,0,925,171,0,30,0,454,0,0,32,0,272,0,0,0,0,43,292,0,57,0,0,57,16,5,0,0,5,5,0,0
2,12,3,70,18,9,0,1.029147,0.984833,1.000877,53,1,459,11.74217,6.74217,47,9,1,98,-100,98,0,2,80,10,84,45,0,0,2892,281,0,15,0,925,185,0,30,0,454,1,0,18,0,272,0,0,0,0,43,342,0,45,0,0,40,9,6,0,0,6,6,0,0
2,13,0,88,19,9,0,1.039409,0.976399,0.990842,71,1,459,100,100,48,10,1,0,-98,94,98,2,80,9,149,66,0,0,2908,213,0,22,0,892,216,0,44,0,439,1,0,48,0,270,0,0,2,0,292,217,8,82,0,0,84,24,6,0,0,6,6,0,0
2,13,1,32,19,9,0,0.980941,0.997738,1.015709,22,2,584,42.709132,37.709132,48,10,1,-98,0,-100,-100,0,80,9,57,27,0,0,2908,121,0,9,0,892,274,0,18,0,439,0,0,2,0,270,0,0,0,0,292,443,0,13,0,0,0,1,1,0,0,1,1,0,0
2,13,2,66,19,9,0,1.006959,1.015969,0.989611,53,1,459,40.677462,35.677462,48,10,1,94,-100,0,98,2,80,9,104,45,0,0,2908,245,0,15,0,892,183,0,30,0,439,0,0,26,0,270,0,0,0,0,292,249,0,47,0,0,67,13,3,0,0,3,3,0,0
2,13,3,72,19,9,0,1.031945,0.980019,1.002396,58,1,459,16.74217,11.74217,48,10,1,98,-100,98,0,2,80,9,76,45,0,0,2908,196,0,15,0,892,200,0,30,0,439,0,0,24,0,270,0,0,0,0,292,291,0,51,0,0,46,12,6,0,0,6,6,0,0
2,14,0,92,16,14,1,1.03941,0.976844,0.990789,75,1,459,100,100,49,11,1,0,-98,94,96,2,80,5,156,75,0,0,2874,236,0,25,0,884,241,0,50,0,465,1,0,34,0,251,0,0,17,0,122,253,68,71,0,0,95,17,6,0,0,6,6,0,0
2,14,1,29,16,14,1,0.976946,0.999291,1.012308,21,2,584,39.253747,34.253747,49,11,1,-98,0,-100,-100,0,80,5,64,27,0,0,2874,110,0,9,0,884,292,0,18,0,465,1,0,0,0,251,0,0,0,0,122,463,0,9,0,0,0,0,0,0,0,0,0,0,0
2,14,2,67,16,14,1,1.005027,1.011964,0.990839,55,1,459,45.677462,40.677462,49,11,1,94,-100,0,96,2,80,5,97,42,0,0,2874,165,0,14,0,884,197,0,28,0,465,0,0,28,0,251,0,0,2,0,122,272,8,52,0,0,76,14,5,0,0,5,5,0,0
2,14,3,72,16,14,1,1.03426,0.976771,1.004041,59,1,459,21.74217,16.74217,49,11,1,96,-100,96,0,2,80,5,78,51,0,0,2874,251,0,17,0,884,217,0,34,0,465,1,0,14,0,251,0,0,2,0,122,290,8,39,0,0,49,7,4,0,0,4,4,0,0
2,15,0,91,16,17,0,1.040313,0.976885,0.990712,77,2,584,100,100,51,13,1,0,-98,92,94,2,80,13,151,66,0,0,2884,266,0,22,0,884,263,0,44,0,522,1,0,16,0,188,0,0,34,0,75,379,136,67,0,0,80,8,23,0,0,6,6,0,0
2,15,1,32,16,17,0,0.977614,1.008643,1.009782,21,2,584,20.526573,15.526573,51,13,1,-98,0,-100,-100,0,80,13,73,27,0,0,2884,92,0,9,0,884,314,0,18,0,522,1,0,0,0,188,0,0,3,0,75,512,12,9,0,0,0,0,0,0,0,0,0,0,0
2,15,2,69,16,17,0,1.00695,1.012377,0.990536,57,2,584,50.677462,45.677462,51,13,1,92,-100,0,94,2,80,13,88,39,0,0,2884,229,0,13,0,884,206,0,26,0,522,1,0,0,0,188,0,0,31,0,75,400,124,38,0,0,55,0,21,0,0,4,4,0,0
2,15,3,67,16,17,0,1.03387,0.976053,1.005428,56,2,584,26.74217,21.74217,51,13,1,94,-100,94,0,2,80,13,57,36,0,0,2884,167,0,12,0,884,229,0,24,0,522,0,0,6,0,188,0,0,16,0,75,386,64,43,0,0,31,3,21,0,0,4,4,0,0
2,16,0,93,14,11,0,1.042032,0.974404,0.990629,82,3,709,100,100,52,14,1,0,-98,92,94,2,80,14,140,66,0,0,2875,153,0,22,0,909,282,0,44,0,458,0,0,36,0,226,0,0,32,0,35,526,128,83,0,0,77,18,21,0,0,4,4,0,0
2,16,1,33,14,11,0,0.972041,1.003736,1.013397,21,2,584,12.833605,7.833605,52,14,1,-98,0,-100,-100,0,80,14,87,36,0,0,2875,68,0,12,0,909,340,0,24,0,458,0,0,4,0,226,0,0,0,0,35,546,0,20,0,0,0,2,2,0,0,2,2,0,0
2,16,2,72,14,11,0,1.014027,1.009336,0.990238,59,2,584,55.677462,50.677462,52,14,1,92,-100,0,94,2,80,14,74,39,0,0,2875,299,0,13,0,909,219,0,26,0,458,1,0,30,0,226,0,0,8,0,35,426,32,51,0,0,66,15,4,0,0,4,4,0,0
2,16,3,64,14,11,0,1.039499,0.979952,1.005543,57,2,584,31.74217,26.74217,52,14,1,94,-100,94,0,2,80,14,42,27,0,0,2875,244,0,9,0,909,238,0,18,0,458,0,0,18,0,226,0,0,6,0,35,443,24,31,0,0,38,9,2,0,0,2,2,0,0
2,17,0,95,14,22,2,1.041474,0.974496,0.990038,85,4,834,100,100,53,15,1,0,-98,92,92,2,80,5,133,66,0,0,3046,182,0,22,0,896,301,0,44,0,530,1,0,12,0,172,6,0,34,0,177,628,136,59,0,0,62,6,21,0,0,4,4,0,0
2,17,1,32,14,22,2,0.974282,1.000256,1.017887,23,2,584,8.816842,3.816842,53,15,1,-98,0,-100,-100,0,80,5,98,33,0,0,3046,24,0,11,0,896,368,0,22,0,530,0,0,0,0,172,0,0,9,0,177,573,36,11,0,0,0,0,0,0,0,0,0,0,0
2,17,2,72,14,22,2,1.015832,1.006594,0.989736,60,3,709,60.677462,55.677462,53,15,1,92,-100,0,90,2,80,5,63,42,0,0,3046,213,0,14,0,896,233,0,28,0,530,0,0,2,0,172,0,0,33,0,177,540,132,43,0,0,45,1,22,0,0,5,5,0,0
2,17,3,55,14,22,2,1.043799,0.983531,1.002882,48,3,709,36.74217,31.74217,53,15,1,92,-100,90,0,2,80,5,34,24,0,0,3046,172,0,8,0,896,246,0,16,0,530,0,0,0,0,172,0,0,15,0,177,522,60,29,0,0,19,0,19,0,0,2,2,0,0
2,18,0,98,17,32,0,1.048789,0.973836,0.995838,84,5,959,100,100,53,15,1,0,-98,94,96,2,80,0,126,69,0,0,2784,216,0,23,0,919,318,0,46,0,493,1,0,24,0,216,3,0,34,0,70,751,136,70,0,0,54,12,20,0,0,3,3,0,0
2,18,1,29,17,32,0,0.976232,0.998841,1.015453,22,2,584,13.816842,8.816842,53,15,1,-98,0,-100,-100,0,80,0,79,0,0,0,2784,0,0,0,0,919,415,0,0,0,493,0,0,2,0,216,0,0,0,0,70,580,0,4,0,0,0,1,1,0,0,1,1,0,0
2,18,2,68,17,32,0,1.015498,1.007835,0.98958,60,4,834,65.677462,60.677462,53,15,1,94,-100,0,90,2,80,0,51,39,0,0,2784,256,0,13,0,919,243,0,26,0,493,1,0,14,0,216,0,0,12,0,70,586,48,50,0,0,32,7,20,0,0,3,3,0,0
2,18,3,44,17,32,0,1.042454,0.977662,1.002234,40,3,709,41.74217,36.74217,53,15,1,96,-100,90,0,2,80,0,32,21,0,0,2784,222,0,7,0,919,247,0,14,0,493,0,0,10,0,216,0,0,9,0,70,579,36,19,0,0,23,5,1,0,0,1,1,0,0
2,19,0,102,12,45,1,1.052462,0.974624,0.992482,84,5,959,100,100,54,16,1,0,-98,92,98,2,80,8,114,69,0,0,2991,255,0,23,0,915,338,0,46,0,412,4,0,68,0,269,0,0,3,0,175,685,12,101,0,0,83,34,5,0,0,5,5,0,0
2,19,1,30,12,45,1,0.982969,0.997413,1.020122,23,2,584,5.913611,0.913611,54,16,1,-98,0,-100,-100,0,80,8,92,33,0,0,2991,9,0,11,0,915,443,0,22,0,412,1,0,2,0,269,0,0,0,0,175,565,0,15,0,0,0,1,1,0,0,1,1,0,0
2,19,2,45,12,45,1,1.020758,1.009993,0.981805,40,4,834,70.677462,65.677462,54,16,1,92,-100,0,88,2,80,8,44,36,0,0,2991,176,0,12,0,915,255,0,24,0,412,11,0,26,0,269,0,0,2,0,175,597,8,42,0,0,43,13,2,0,0,2,2,0,0
2,19,3,29,12,45,1,1.046049,0.971673,1.01071,26,3,709,46.74217,41.74217,54,16,1,98,-100,88,0,2,80,8,24,18,0,0,2991,172,0,6,0,915,253,0,12,0,412,0,0,20,0,269,0,0,1,0,175,600,4,30,0,0,31,10,2,0,0,2,2,0,0
2,20,0,103,11,8,0,1.053068,0.973205,0.992632,86,5,959,100,100,55,17,1,0,-98,92,100,2,80,14,105,72,0,0,2817,321,0,24,0,911,356,0,48,0,473,1,0,44,0,180,0,0,34,0,185,786,136,82,0,0,98,22,7,0,0,7,7,0,0
2,20,1,32,11,8,0,0.981577,0.998353,1.024782,24,2,584,5,0,55,17,1,-98,0,-100,-100,0,80,14,110,39,0,0,2817,13,0,13,0,911,477,0,26,0,473,0,0,4,0,180,0,0,4,0,185,567,16,21,0,0,0,2,2,0,0,2,2,0,0
2,20,2,46,11,8,0,1.020894,1.015979,0.981093,40,4,834,75.677462,70.677462,55,17,1,92,-100,0,86,2,80,14,47,33,0,0,2817,192,0,11,0,911,263,0,22,0,473,9,0,26,0,180,11,0,13,0,185,625,52,39,0,0,55,13,1,0,0,1,1,0,0
2,20,3,28,11,8,0,1.04192,0.975149,1.017485,26,4,834,51.74217,46.74217,55,17,1,100,-100,86,0,2,80,14,26,15,0,0,2817,210,0,5,0,911,258,0,10,0,473,0,0,0,0,180,14,0,13,0,185,640,52,24,0,0,13,0,18,0,0,1,1,0,0
2,21,0,97,14,18,0,1.058415,0.971897,0.992962,84,6,1084,100,100,56,18,1,0,-98,92,100,2,80,13,91,69,0,0,3096,195,0,23,0,995,345,0,46,0,436,0,0,42,0,232,0,0,23,0,81,858,92,92,0,0,97,21,22,0,0,5,5,0,0
2,21,1,36,14,18,0,0.991598,0.994972,1.029789,26,2,584,5,0,56,18,1,-98,0,-100,-100,0,80,13,130,39,0,0,3096,16,0,13,0,995,482,0,26,0,436,1,0,0,0,232,0,0,6,0,81,571,24,13,0,0,0,0,0,0,0,0,0,0,0
2,21,2,49,14,18,0,1.026296,1.018734,0.980446,38,4,834,80.677462,75.677462,56,18,1,92,-100,0,84,2,80,13,50,33,0,0,3096,183,0,11,0,995,259,0,22,0,436,6,0,30,0,232,0,0,11,0,81,672,44,47,0,0,67,15,3,0,0,3,3,0,0
2,21,3,23,14,18,0,1.042812,0.984274,1.018169,21,4,834,56.74217,51.74217,56,18,1,100,-100,84,0,2,80,13,23,12,0,0,3096,178,0,4,0,995,256,0,8,0,436,0,0,8,0,232,1,0,13,0,81,728,52,14,0,0,16,4,1,0,0,1,1,0,0
2,22,0,90,12,17,0,1.05405,0.975997,0.99198,83,7,1209,100,100,57,19,1,0,-98,92,100,2,80,6,79,66,0,0,2764,260,0,22,0,921,364,0,44,0,544,0,0,0,0,205,1,0,34,0,147,1003,136,43,0,0,78,0,19,0,0,2,2,0,0
2,22,1,36,12,17,0,0.982464,0.997608,1.024609,25,2,584,5,0,57,19,1,-98,0,-100,-100,0,80,6,147,42,0,0,2764,16,0,14,0,921,509,0,28,0,544,1,0,0,0,205,0,0,7,0,147,570,28,14,0,0,0,0,0,0,0,0,0,0,0
2,22,2,51,12,17,0,1.022217,1.016639,0.981705,40,5,959,85.677462,80.677462,57,19,1,92,-100,0,84,2,80,6,47,33,0,0,2764,227,0,11,0,921,261,0,22,0,544,0,0,6,0,205,7,0,18,0,147,720,72,42,0,0,49,3,21,0,0,4,4,0,0
2,22,3,23,12,17,0,1.043049,0.981333,1.022576,20,4,834,61.74217,56.74217,57,19,1,100,-100,84,0,2,80,6,22,12,0,0,2764,215,0,4,0,921,257,0,8,0,544,0,0,0,0,205,0,0,1,0,147,741,4,6,0,0,15,0,1,0,0,1,1,0,0
2,23,0,89,7,13,0,1.053547,0.975648,0.99157,82,7,1209,100,100,58,20,1,0,-98,92,100,2,80,13,77,63,0,0,3140,149,0,21,0,910,382,0,42,0,427,1,0,54,0,272,0,0,1,0,79,1001,4,81,0,0,102,27,3,0,0,3,3,0,0
2,23,1,36,7,13,0,0.976642,1.000859,1.025557,24,2,584,5,0,58,20,1,-98,0,-100,-100,0,80,13,169,45,0,0,3140,25,0,15,0,910,549,0,30,0,427,0,0,6,0,272,0,0,0,0,79,557,0,27,0,0,0,3,3,0,0,3,3,0,0
2,23,2,50,7,13,0,1.022004,1.018852,0.980939,42,5,959,90.677462,85.677462,58,20,1,92,-100,0,82,2,80,13,46,36,0,0,3140,164,0,12,0,910,270,0,24,0,427,0,0,34,0,272,0,0,7,0,79,751,28,54,0,0,62,17,4,0,0,4,4,0,0
2,23,3,19,7,13,0,1.044515,0.981361,1.027458,15,5,959,66.74217,61.74217,58,20,1,100,-100,82,0,2,80,13,18,9,0,0,3140,189,0,3,0,910,260,0,6,0,427,1,0,10,0,272,0,0,0,0,79,756,0,32,0,0,2,5,18,0,0,1,1,0,0
2,24,0,79,10,17,0,1.054414,0.978258,0.992446,76,7,1209,100,100,62,21,1,0,-100,92,100,2,80,11,67,57,0,0,2849,225,0,19,0,911,401,0,38,0,448,0,0,50,0,266,0,0,5,0,124,986,20,73,0,0,125,25,2,0,0,2,2,0,0
2,24,1,37,10,17,0,0.983954,1.002898,1.025321,25,2,584,5,0,62,21,1,-100,0,-100,-100,0,80,11,191,45,0,0,2849,5,0,15,0,911,554,0,30,0,448,1,0,2,0,266,0,0,1,0,124,565,4,19,0,0,0,1,1,0,0,1,1,0,0
2,24,2,51,10,17,0,1.025468,1.018933,0.982262,43,5,959,95.677462,90.677462,62,21,1,92,-100,0,98,2,80,11,49,36,0,0,2849,206,0,12,0,911,279,0,24,0,448,0,0,36,0,266,0,0,0,0,124,717,0,52,0,0,78,18,2,0,0,2,2,0,0
2,24,3,20,10,17,0,1.041693,0.985116,1.024628,14,5,959,40.332488,35.332488,62,21,1,100,-100,98,0,2,80,11,24,15,0,0,2849,165,0,5,0,911,265,0,10,0,448,1,0,8,0,266,0,0,0,0,124,790,0,17,0,0,4,4,2,0,0,2,2,0,0
2,25,0,75,11,11,0,1.052143,0.978607,0.98621,70,7,1209,100,100,63,22,1,0,-100,92,100,2,80,19,68,57,0,0,2796,255,0,19,0,919,417,0,38,0,489,0,0,38,0,272,0,0,0,0,180,966,0,59,0,0,143,19,1,0,0,1,1,0,0
2,25,1,40,11,11,0,0.982217,1.001872,1.026964,26,2,584,5,0,63,22,1,-100,0,-100,-100,0,80,19,210,45,0,0,2796,29,0,15,0,919,554,0,30,0,489,1,0,0,0,272,0,0,0,0,180,569,0,15,0,0,0,0,0,0,0,0,0,0,0
2,25,2,52,11,11,0,1.026842,1.020006,0.982913,44,5,959,100,95.677462,63,22,1,92,-100,0,96,2,80,19,50,36,0,0,2796,263,0,12,0,919,289,0,24,0,489,1,0,10,0,272,0,0,0,0,180,706,0,28,0,0,80,5,3,0,0,3,3,0,0
2,25,3,20,11,11,0,1.038773,0.981843,1.019215,14,5,959,45.332488,40.332488,63,22,1,100,-100,96,0,2,80,19,29,12,0,0,2796,197,0,4,0,919,269,0,8,0,489,0,0,4,0,272,0,0,0,0,180,784,0,12,0,0,4,2,2,0,0,2,2,0,0
2,26,0,72,14,17,0,1.052704,0.978748,0.983791,65,7,1209,100,100,64,23,1,0,-100,92,100,2,80,9,67,54,0,0,3129,162,0,18,0,909,435,0,36,0,446,1,0,42,0,258,0,0,4,0,11,994,16,64,0,0,162,21,2,0,0,2,2,0,0
2,26,1,41,14,17,0,0.979105,1.003215,1.023553,25,2,584,5,0,64,23,1,-100,0,-100,-100,0,80,9,234,48,0,0,3129,44,0,16,0,909,552,0,32,0,446,1,0,2,0,258,0,0,0,0,11,564,0,20,0,0,0,1,1,0,0,1,1,0,0
2,26,2,51,14,17,0,1.032624,1.01976,0.986097,42,5,959,100,100,64,23,1,92,-100,0,94,2,80,9,54,39,0,0,3129,198,0,13,0,909,299,0,26,0,446,1,0,36,0,258,0,0,1,0,11,743,4,55,0,0,95,18,3,0,0,3,3,0,0
2,26,3,20,14,17,0,1.042188,0.983305,1.027825,13,5,959,50.332488,45.332488,64,23,1,100,-100,94,0,2,80,9,34,12,0,0,3129,173,0,4,0,909,273,0,8,0,446,0,0,6,0,258,0,0,0,0,11,833,0,14,0,0,5,3,2,0,0,2,2,0,0
2,27,0,70,12,10,0,1.053209,0.978733,0.984672,65,7,1209,100,100,65,23,1,0,-100,100,100,2,80,19,72,57,0,0,2802,231,0,19,0,901,454,0,38,0,491,0,0,28,0,246,0,0,7,0,278,977,28,51,0,0,174,14,2,0,0,2,2,0,0
2,27,1,43,12,10,0,0.979685,1.004003,1.020361,25,2,584,10,5,65,23,1,-100,0,-100,-100,0,80,19,257,48,0,0,2802,47,0,16,0,901,552,0,32,0,491,1,0,4,0,246,0,0,0,0,278,550,0,24,0,0,0,2,2,0,0,2,2,0,0
2,27,2,53,12,10,0,1.030023,1.019043,0.992463,43,5,959,97.109319,92.109319,65,23,1,100,-100,0,100,2,80,19,55,39,0,0,2802,254,0,13,0,901,309,0,26,0,491,0,0,20,0,246,0,0,11,0,278,754,44,39,0,0,102,10,3,0,0,3,3,0,0
2,27,3,20,12,10,0,1.047143,0.987268,1.030647,13,5,959,55.332488,50.332488,65,23,1,100,-100,100,0,2,80,19,42,18,0,0,2802,195,0,6,0,901,279,0,12,0,491,1,0,2,0,246,0,0,2,0,278,827,8,14,0,0,3,1,3,0,0,3,3,0,0
2,28,0,75,16,6,0,1.056914,0.978919,0.983968,67,7,1209,100,100,68,25,1,0,-100,98,98,2,80,22,79,57,0,0,2990,302,0,19,0,883,473,0,38,0,468,1,0,30,0,272,0,0,0,0,76,969,0,53,0,0,187,15,2,0,0,2,2,0,0
2,28,1,43,16,6,0,0.981444,1.003581,1.022596,26,2,584,5,0,68,25,1,-100,0,-100,-100,0,80,22,278,54,0,0,2990,36,0,18,0,883,548,0,36,0,468,1,0,0,0,272,0,0,0,0,76,566,0,18,0,0,0,0,0,0,0,0,0,0,0
2,28,2,56,16,6,0,1.027135,1.017284,0.993518,46,5,959,94.014163,89.014163,68,25,1,98,-100,0,98,2,80,22,65,48,0,0,2990,185,0,16,0,883,325,0,32,0,468,0,0,32,0,272,0,0,0,0,76,773,0,56,0,0,114,16,4,0,0,4,4,0,0
2,28,3,22,16,6,0,1.052886,0.984724,1.027501,14,5,959,60.332488,55.332488,68,25,1,98,-100,98,0,2,80,22,52,18,0,0,2990,169,0,6,0,883,285,0,12,0,468,0,0,10,0,272,0,0,0,0,76,851,0,20,0,0,6,5,2,0,0,2,2,0,0
2,29,0,75,18,8,0,1.058943,0.977111,0.984095,66,8,1334,100,100,69,26,1,0,-100,98,98,2,80,11,79,60,0,0,3003,207,0,20,0,866,493,0,40,0,494,0,0,18,0,233,0,0,15,0,147,1041,60,61,0,0,176,9,20,0,0,3,3,0,0
2,29,1,44,18,8,0,0.984008,1.001373,1.021503,24,2,584,5,0,69,26,1,-100,0,-100,-100,0,80,11,296,48,0,0,3003,14,0,16,0,866,552,0,32,0,494,0,0,2,0,233,0,0,0,0,147,564,0,20,0,0,0,1,1,0,0,1,1,0,0
2,29,2,60,18,8,0,1.028116,1.018949,0.994062,50,6,1084,99.014163,94.014163,69,26,1,98,-100,0,98,2,80,11,83,54,0,0,3003,239,0,18,0,866,340,0,36,0,494,0,0,22,0,233,0,0,18,0,147,806,72,63,0,0,105,11,20,0,0,3,3,0,0
2,29,3,27,18,8,0,1.051827,0.991551,1.032696,14,5,959,65.332488,60.332488,69,26,1,98,-100,98,0,2,80,11,70,24,0,0,3003,171,0,8,0,866,293,0,16,0,494,1,0,8,0,233,0,0,6,0,147,862,24,22,0,0,7,4,3,0,0,3,3,0,0
2,30,0,78,20,17,0,1.063966,0.972574,0.983634,65,8,1334,100,100,70,27,1,0,-100,98,98,2,80,12,84,60,0,0,2899,272,0,20,0,866,512,0,40,0,491,1,0,22,0,245,0,0,16,0,138,1105,64,48,0,0,184,11,3,0,0,3,3,0,0
2,30,1,45,20,17,0,0.988278,0.998572,1.016164,21,2,584,5,0,70,27,1,-100,0,-100,-100,0,80,12,320,54,0,0,2899,29,0,18,0,866,548,0,36,0,491,0,0,4,0,245,0,0,0,0,138,558,0,26,0,0,0,2,2,0,0,2,2,0,0
2,30,2,57,20,17,0,1.030789,1.008264,1.001503,47,6,1084,100,99.014163,70,27,1,98,-100,0,96,2,80,12,92,54,0,0,2899,161,0,18,0,866,355,0,36,0,491,0,0,22,0,245,0,0,7,0,138,829,28,46,0,0,113,11,3,0,0,3,3,0,0
2,30,3,29,20,17,0,1.05754,0.98903,1.032444,15,5,959,70.332488,65.332488,70,27,1,98,-100,96,0,2,80,12,83,27,0,0,2899,191,0,9,0,866,302,0,18,0,491,1,0,4,0,245,0,0,4,0,138,869,16,21,0,0,5,2,4,0,0,4,4,0,0
2,31,0,81,20,12,0,1.062304,0.974604,0.989438,65,8,1334,100,100,71,28,1,0,-100,98,98,2,80,10,84,63,0,0,2971,173,0,21,0,856,533,0,42,0,519,1,0,4,0,187,0,0,32,0,110,1297,128,35,0,0,181,2,5,0,0,5,5,0,0
2,31,1,49,20,12,0,0.986429,0.999746,1.016249,23,2,584,5,0,71,28,1,-100,0,-100,-100,0,80,10,346,54,0,0,2971,51,0,18,0,856,548,0,36,0,519,1,0,2,0,187,0,0,2,0,110,564,8,22,0,0,0,1,1,0,0,1,1,0,0
2,31,2,60,20,12,0,1.033074,1.01094,1.000362,47,6,1084,100,100,71,28,1,98,-100,0,96,2,80,10,108,51,0,0,2971,167,0,17,0,856,369,0,34,0,519,0,0,12,0,187,14,0,19,0,110,900,76,35,0,0,116,6,3,0,0,3,3,0,0
2,31,3,27,20,12,0,1.06276,0.995452,1.030357,16,5,959,75.332488,70.332488,71,28,1,98,-100,96,0,2,80,10,95,27,0,0,2971,217,0,9,0,856,311,0,18,0,519,1,0,2,0,187,0,0,10,0,110,902,40,19,0,0,2,1,4,0,0,4,4,0,0
2,32,0,86,15,15,0,1.064834,0.976352,0.992786,68,8,1334,100,100,73,29,1,0,-100,98,98,2,80,12,97,72,0,0,2844,255,0,24,0,865,557,0,48,0,523,1,0,6,0,235,0,0,25,0,46,1298,100,42,0,0,178,3,6,0,0,6,6,0,0
2,32,1,41,15,15,0,0.997117,1.003904,1.017458,23,2,584,5,0,73,29,1,-100,0,-100,-100,0,80,12,357,51,0,0,2844,34,0,17,0,865,550,0,34,0,523,0,0,2,0,235,0,0,0,0,46,563,0,21,0,0,0,1,1,0,0,1,1,0,0
2,32,2,62,15,15,0,1.033499,1.012073,1.004185,49,7,1209,96.976297,91.976297,73,29,1,98,-100,0,98,2,80,12,113,51,0,0,2844,180,0,17,0,865,383,0,34,0,523,1,0,10,0,235,0,0,19,0,46,964,76,54,0,0,99,5,22,0,0,5,5,0,0
2,32,3,28,15,15,0,1.067067,0.993809,1.027004,18,5,959,80.332488,75.332488,73,29,1,98,-100,98,0,2,80,12,100,21,0,0,2844,183,0,7,0,865,318,0,14,0,523,0,0,4,0,235,0,0,6,0,46,944,24,19,0,0,0,2,4,0,0,4,4,0,0
2,33,0,88,17,5,0,1.068373,0.974103,0.991608,72,8,1334,100,100,74,30,1,0,-100,98,98,2,80,23,102,75,0,0,2965,144,0,25,0,859,578,0,50,0,520,1,0,8,0,209,0,0,24,0,89,1297,96,45,0,0,176,4,6,0,0,6,6,0,0
2,33,1,43,17,5,0,0.995949,1.006686,1.016263,24,2,584,5,0,74,30,1,-100,0,-100,-100,0,80,23,377,51,0,0,2965,43,0,17,0,859,550,0,34,0,520,0,0,0,0,209,0,0,6,0,89,567,24,17,0,0,0,0,0,0,0,0,0,0,0
2,33,2,67,17,5,0,1.039977,1.005378,1.004053,54,8,1334,100,96.976297,74,30,1,98,-100,0,96,2,80,23,124,57,0,0,2965,195,0,19,0,859,399,0,38,0,520,0,0,14,0,209,3,0,24,0,89,1034,96,58,0,0,85,7,21,0,0,4,4,0,0
2,33,3,31,17,5,0,1.071553,0.996164,1.029319,20,5,959,85.332488,80.332488,74,30,1,98,-100,96,0,2,80,23,107,24,0,0,2965,219,0,8,0,859,326,0,16,0,520,1,0,2,0,209,0,0,6,0,89,949,24,12,0,0,0,1,1,0,0,1,1,0,0
2,34,0,87,17,15,0,1.068736,0.973092,0.988229,71,8,1334,100,100,75,31,1,0,-100,98,98,2,80,11,108,69,0,0,2830,201,0,23,0,844,601,0,46,0,535,0,0,2,0,228,0,0,23,0,172,1301,92,35,0,0,172,1,5,0,0,5,5,0,0
2,34,1,45,17,15,0,0.990255,1.002857,1.015567,23,2,584,5,0,75,31,1,-100,0,-100,-100,0,80,11,397,51,0,0,2830,33,0,17,0,844,550,0,34,0,535,0,0,0,0,228,0,0,4,0,172,567,16,17,0,0,0,0,0,0,0,0,0,0,0
2,34,2,68,17,15,0,1.034684,1.004267,1.003774,55,8,1334,100,100,75,31,1,98,-100,0,94,2,80,11,132,60,0,0,2830,196,0,20,0,844,413,0,40,0,535,0,0,8,0,228,0,0,12,0,172,1066,48,38,0,0,84,4,5,0,0,5,5,0,0
2,34,3,31,17,15,0,1.077944,0.997259,1.027594,19,5,959,90.332488,85.332488,75,31,1,98,-100,94,0,2,80,11,116,30,0,0,2830,178,0,10,0,844,336,0,20,0,535,1,0,0,0,228,0,0,8,0,172,949,32,10,0,0,0,0,0,0,0,0,0,0,0
2,35,0,89,12,20,0,1.070515,0.973531,0.989346,74,8,1334,100,100,75,31,1,0,-100,100,100,2,80,15,117,72,0,0,2811,245,0,24,0,846,625,0,48,0,461,0,0,36,0,266,0,0,5,0,100,1270,20,72,0,0,184,18,6,0,0,6,6,0,0
2,35,1,34,12,20,0,0.979339,1.001367,1.02048,21,2,584,10,5,75,31,1,-100,0,-100,-100,0,80,15,401,39,0,0,2811,7,0,13,0,846,558,0,26,0,461,0,0,0,0,266,0,0,1,0,100,571,4,13,0,0,0,0,0,0,0,0,0,0,0
2,35,2,71,12,20,0,1.039315,1.006929,1.001459,57,8,1334,100,100,75,31,1,100,-100,0,96,2,80,15,138,57,0,0,2811,198,0,19,0,846,432,0,38,0,461,0,0,32,0,266,0,0,0,0,100,1058,0,59,0,0,96,16,4,0,0,4,4,0,0
2,35,3,29,12,20,0,1.081756,0.999097,1.027801,16,5,959,95.332488,90.332488,75,31,1,100,-100,96,0,2,80,15,122,27,0,0,2811,194,0,9,0,846,345,0,18,0,461,1,0,12,0,266,0,0,0,0,100,930,0,29,0,0,2,6,4,0,0,4,4,0,0
2,36,0,85,7,25,0,1.074511,0.97156,0.987752,75,8,1334,100,100,76,32,1,0,-100,98,98,2,80,25,125,78,0,0,2820,282,0,26,0,878,648,0,52,0,519,0,0,12,0,188,0,0,27,0,300,1300,108,46,0,0,186,6,4,0,0,4,4,0,0
2,36,1,29,7,25,0,0.98068,0.998541,1.016651,18,2,584,6.154305,1.154305,76,32,1,-100,0,-100,-100,0,80,25,406,33,0,0,2820,14,0,11,0,878,562,0,22,0,519,0,0,0,0,188,0,0,0,0,300,560,0,11,0,0,0,0,0,0,0,0,0,0,0
2,36,2,66,7,25,0,1.043432,1.001308,1.003552,54,8,1334,100,100,76,32,1,98,-100,0,96,2,80,25,137,57,0,0,2820,212,0,19,0,878,451,0,38,0,519,0,0,12,0,188,0,0,18,0,300,1091,72,39,0,0,98,6,4,0,0,4,4,0,0
2,36,3,25,7,25,0,1.082108,0.987153,1.023078,15,5,959,100,95.332488,76,32,1,98,-100,96,0,2,80,25,125,21,0,0,2820,222,0,7,0,878,352,0,14,0,519,0,0,2,0,188,0,0,12,0,300,946,48,15,0,0,0,1,3,0,0,3,3,0,0
2,37,0,90,14,6,0,1.074033,0.970652,0.988495,78,8,1334,100,100,76,32,1,0,-100,100,100,2,80,12,135,78,0,0,3035,171,0,26,0,885,671,0,52,0,487,0,0,24,0,260,0,0,5,0,103,1286,20,56,0,0,195,12,3,0,0,3,3,0,0
2,37,1,30,14,6,0,0.975029,0.992589,1.02177,17,2,584,11.154305,6.154305,76,32,1,-100,0,-100,-100,0,80,12,416,30,0,0,3035,20,0,10,0,885,564,0,20,0,487,1,0,2,0,260,0,0,0,0,103,570,0,14,0,0,0,1,1,0,0,1,1,0,0
2,37,2,68,14,6,0,1.045759,1.001582,1.003279,57,8,1334,100,100,76,32,1,100,-100,0,96,2,80,12,148,60,0,0,3035,246,0,20,0,885,471,0,40,0,487,1,0,20,0,260,0,0,7,0,103,1121,28,48,0,0,104,10,4,0,0,4,4,0,0
2,37,3,25,14,6,0,1.085168,0.997274,1.016069,16,5,959,100,100,76,32,1,100,-100,96,0,2,80,12,129,18,0,0,3035,191,0,6,0,885,358,0,12,0,487,1,0,8,0,260,0,0,0,0,103,937,0,22,0,0,0,4,4,0,0,4,4,0,0
2,38,0,91,10,7,0,1.077747,0.967528,0.988336,78,8,1334,100,100,77,33,1,0,-100,98,98,2,80,18,138,72,0,0,2914,225,0,24,0,872,692,0,48,0,512,0,0,16,0,272,0,0,0,0,59,1286,0,48,0,0,199,8,4,0,0,4,4,0,0
2,38,1,31,10,7,0,0.976374,0.993893,1.019806,17,2,584,5,0,77,33,1,-100,0,-100,-100,0,80,18,432,36,0,0,2914,8,0,12,0,872,560,0,24,0,512,1,0,0,0,272,0,0,0,0,59,572,0,12,0,0,0,0,0,0,0,0,0,0,0
2,38,2,71,10,7,0,1.047211,1.002497,1.003802,61,8,1334,100,100,77,33,1,98,-100,0,94,2,80,18,163,66,0,0,2914,156,0,22,0,872,493,0,44,0,512,0,0,14,0,272,0,0,0,0,59,1177,0,44,0,0,107,7,4,0,0,4,4,0,0
2,38,3,23,10,7,0,1.085048,0.996122,1.019307,18,5,959,100,100,77,33,1,98,-100,94,0,2,80,18,129,15,0,0,2914,241,0,5,0,872,363,0,10,0,512,0,0,4,0,272,0,0,0,0,59,939,0,13,0,0,0,2,2,0,0,2,2,0,0
2,39,0,84,14,28,0,1.079825,0.967069,0.987253,73,8,1334,100,100,78,34,1,0,-100,98,96,2,80,21,141,78,0,0,2851,268,0,26,0,864,715,0,52,0,504,1,0,14,0,272,0,0,0,0,201,1276,0,48,0,0,202,7,4,0,0,4,4,0,0
2,39,1,28,14,28,0,0.974528,0.987301,1.014021,16,2,584,5,0,78,34,1,-100,0,-100,-100,0,80,21,432,24,0,0,2851,22,0,8,0,864,568,0,16,0,504,1,0,0,0,272,0,0,0,0,201,567,0,8,0,0,0,0,0,0,0,0,0,0,0
2,39,2,69,14,28,0,1.051917,1.002401,1.003025,59,8,1334,100,100,78,34,1,98,-100,0,92,2,80,21,175,63,0,0,2851,184,0,21,0,864,514,0,42,0,504,0,0,2,0,272,0,0,0,0,201,1179,0,27,0,0,106,1,2,0,0,2,2,0,0
2,39,3,21,14,28,0,1.086316,0.998478,1.023169,16,5,959,100,100,78,34,1,96,-100,92,0,2,80,21,128,15,0,0,2851,213,0,5,0,864,368,0,10,0,504,0,0,0,0,272,0,0,0,0,201,954,0,5,0,0,0,0,0,0,0,0,0,0,0
2,40,0,75,15,18,1,1.084682,0.971409,0.986896,63,8,1334,100,100,79,35,1,0,-100,96,96,2,80,16,151,72,0,0,3032,160,0,24,0,890,739,0,48,0,516,1,0,14,0,245,0,0,12,0,16,1302,48,46,0,0,205,7,4,0,0,4,4,0,0
2,40,1,32,15,18,1,0.978308,0.975179,1.02228,16,2,584,5,0,79,35,1,-100,0,-100,-100,0,80,16,441,27,0,0,3032,19,0,9,0,890,566,0,18,0,516,1,0,0,0,245,0,0,0,0,16,575,0,9,0,0,0,0,0,0,0,0,0,0,0
2,40,2,71,15,18,1,1.050896,1.006016,1.002166,59,8,1334,100,100,79,35,1,96,-100,0,88,2,80,16,192,63,0,0,3032,228,0,21,0,890,537,0,42,0,516,1,0,10,0,245,0,0,9,0,16,1242,36,39,0,0,107,5,4,0,0,4,4,0,0
2,40,3,21,15,18,1,1.088717,0.998296,1.024324,15,5,959,100,100,79,35,1,96,-100,88,0,2,80,16,133,15,0,0,3032,187,0,5,0,890,373,0,10,0,516,1,0,2,0,245,0,0,3,0,16,952,12,9,0,0,0,1,1,0,0,1,1,0,0
0,1,0,55,13,9,0,1.002132,0.991999,0.991459,0,0,334,100,100,9,0,0,0,-34,14,32,1,80,9,54,39,0,0,2792,200,0,13,0,911,63,0,26,0,451,13,0,48,0,272,1,0,24,0,138,119,96,79,0,0,15,24,9,0,0,9,9,0,0
0,1,1,51,13,9,0,1.000319,0.992582,0.99372,0,0,334,100,100,9,0,0,-34,0,-42,-54,0,80,9,50,36,0,0,2792,225,0,12,0,911,81,0,24,0,451,3,0,48,0,272,1,0,24,0,138,140,96,78,0,0,15,24,9,0,0,9,9,0,0
0,1,2,52,13,9,0,1.001378,0.994073,0.992232,0,0,334,91.519055,86.519055,9,0,0,14,-42,0,42,1,80,9,55,39,0,0,2792,200,0,13,0,911,63,0,26,0,451,12,0,48,0,272,1,0,24,0,138,120,96,79,0,0,15,24,9,0,0,9,9,0,0
0,1,3,46,13,9,0,0.999279,0.997109,1.000397,0,0,334,77.748087,72.748087,9,0,0,32,-54,42,0,2,80,9,50,36,0,0,2792,185,0,12,0,911,62,0,24,0,451,9,0,42,0,272,4,0,21,0,138,112,84,72,0,0,12,21,9,0,0,9,9,0,0
0,2,0,60,19,6,0,0.996466,0.986815,0.990032,7,0,334,100,100,12,0,1,0,-40,22,46,2,80,3,61,42,0,0,2903,247,0,14,0,913,77,0,28,0,430,1,0,42,0,272,0,0,1,0,111,88,4,74,0,0,27,21,9,0,0,9,9,0,0
0,2,1,51,19,6,0,0.998686,0.99355,0.995519,7,0,334,100,100,12,0,1,-40,0,-52,-68,0,80,3,50,36,0,0,2903,162,0,12,0,913,112,0,24,0,430,1,0,30,0,272,0,0,1,0,111,159,4,60,0,0,21,15,9,0,0,9,9,0,0
0,2,2,58,19,6,0,1.002668,0.994183,0.997891,9,0,334,86.237696,81.237696,12,0,1,22,-52,0,62,2,80,3,63,42,0,0,2903,230,0,14,0,913,77,0,28,0,430,0,0,44,0,272,0,0,1,0,111,87,4,76,0,0,28,22,9,0,0,9,9,0,0
0,2,3,48,19,6,0,0.999949,0.995824,1.00359,7,0,334,59.445133,54.445133,12,0,1,46,-68,62,0,2,80,3,56,36,0,0,2903,212,0,12,0,913,74,0,24,0,430,1,0,32,0,272,0,0,4,0,111,102,16,62,0,0,19,16,9,0,0,9,9,0,0
0,3,0,60,16,14,1,0.994125,0.988543,0.990658,13,0,334,100,100,17,1,1,0,-48,20,70,2,80,11,68,51,0,0,3012,170,0,17,0,898,91,0,34,0,435,1,0,28,0,272,0,0,0,0,29,118,0,63,0,0,32,14,9,0,0,9,9,0,0
0,3,1,50,16,14,1,0.995258,0.987816,0.9974,15,0,334,96.497383,91.497383,17,1,1,-48,0,-72,-98,0,80,11,49,36,0,0,3012,199,0,12,0,898,143,0,24,0,435,1,0,26,0,272,0,0,0,0,29,153,0,56,0,0,25,13,9,0,0,9,9,0,0
0,3,2,58,16,14,1,1.000932,0.991532,0.999348,16,0,334,91.237696,86.237696,17,1,1,20,-72,0,84,2,80,11,73,51,0,0,3012,155,0,17,0,898,94,0,34,0,435,1,0,30,0,272,0,0,0,0,29,98,0,65,0,0,34,15,9,0,0,9,9,0,0
0,3,3,51,16,14,1,1.002155,0.994402,1.000919,14,0,334,24.885553,19.885553,17,1,1,70,-98,84,0,2,80,11,61,33,0,0,3012,241,0,11,0,898,85,0,22,0,435,0,0,20,0,272,0,0,0,0,29,95,0,49,0,0,20,10,9,0,0,9,9,0,0
0,4,0,63,24,34,0,0.989539,0.982923,0.991708,20,0,334,100,100,22,2,1,0,-56,44,70,2,80,3,82,51,0,0,2855,205,0,17,0,896,108,0,34,0,539,1,0,0,0,187,0,0,21,0,103,209,84,35,0,0,23,0,9,0,0,9,9,0,0
0,4,1,47,24,34,0,0.994695,0.986163,1.000191,23,0,334,93.283901,88.283901,22,2,1,-56,0,-100,-100,0,80,3,53,36,0,0,2855,242,0,12,0,896,170,0,24,0,539,0,0,2,0,187,0,0,22,0,103,255,88,32,0,0,17,1,9,0,0,9,9,0,0
0,4,2,55,24,34,0,1.001675,0.984786,1.007991,22,0,334,67.170417,62.170417,22,2,1,44,-100,0,100,2,80,3,82,51,0,0,2855,176,0,17,0,896,111,0,34,0,539,1,0,2,0,187,0,0,16,0,103,152,64,37,0,0,26,1,9,0,0,9,9,0,0
0,4,3,44,24,34,0,0.997124,0.991934,0.997724,19,0,334,29.885553,24.885553,22,2,1,70,-100,100,0,2,80,3,67,39,0,0,2855,177,0,13,0,896,98,0,26,0,539,0,0,0,0,187,7,0,15,0,103,169,60,29,0,0,12,0,8,0,0,8,8,0,0
0,5,0,65,13,29,0,0.984444,0.97703,0.990553,25,0,334,100,100,26,3,1,0,-62,62,70,2,80,6,100,60,0,0,2920,242,0,20,0,875,128,0,40,0,501,0,0,14,0,191,0,0,21,0,123,274,84,52,0,0,21,7,9,0,0,9,9,0,0
0,5,1,36,13,29,0,1.002812,0.982112,0.998802,22,0,334,84.502344,79.502344,26,3,1,-62,0,-100,-100,0,80,6,51,36,0,0,2920,183,0,12,0,875,201,0,24,0,501,1,0,0,0,191,10,0,14,0,123,308,56,26,0,0,10,0,7,0,0,7,7,0,0
0,5,2,50,13,29,0,1.002813,0.983925,1.012437,27,0,334,49.10502,44.10502,26,3,1,62,-100,0,100,2,80,6,88,45,0,0,2920,210,0,15,0,875,126,0,30,0,501,1,0,12,0,191,4,0,20,0,123,212,80,41,0,0,25,6,7,0,0,7,7,0,0
0,5,3,42,13,29,0,0.991598,0.990483,0.995323,23,0,334,34.885553,29.885553,26,3,1,70,-100,100,0,2,80,6,78,39,0,0,2920,176,0,13,0,875,111,0,26,0,501,1,0,16,0,191,0,0,14,0,123,203,56,43,0,0,13,8,7,0,0,7,7,0,0
0,6,0,66,17,21,1,0.984646,0.98325,0.985618,32,0,334,100,100,34,3,1,0,-78,98,84,2,80,10,110,60,0,0,2992,157,0,20,0,878,148,0,40,0,421,0,0,34,0,272,0,0,0,0,226,245,0,72,0,0,29,17,9,0,0,9,9,0,0
0,6,1,33,17,21,1,1.000264,0.987752,1.00047,26,1,459,89.502344,84.502344,34,3,1,-78,0,-100,-100,0,80,10,64,36,0,0,2992,175,0,12,0,878,232,0,24,0,421,9,0,20,0,272,0,0,10,0,226,299,40,53,0,0,1,10,19,0,0,2,2,0,0
0,6,2,48,17,21,1,0.9988,0.981884,1.000423,33,0,334,11.115671,6.115671,34,3,1,98,-100,0,100,2,80,10,94,42,0,0,2992,258,0,14,0,878,140,0,28,0,421,0,0,28,0,272,0,0,4,0,226,179,16,52,0,0,34,14,5,0,0,5,5,0,0
0,6,3,42,17,21,1,0.994529,0.992927,0.996996,27,0,334,24.168426,19.168426,34,3,1,84,-100,100,0,2,80,10,90,39,0,0,2992,177,0,13,0,878,124,0,26,0,421,1,0,26,0,272,0,0,0,0,226,164,0,51,0,0,20,13,6,0,0,6,6,0,0
0,7,0,63,15,18,0,0.987662,0.988738,0.982315,36,0,334,100,100,40,4,1,0,-88,100,100,2,80,2,108,42,0,0,2988,189,0,14,0,891,162,0,28,0,464,1,0,32,0,252,0,0,11,0,154,264,44,64,0,0,36,16,9,0,0,9,9,0,0
0,7,1,34,15,18,0,1.005925,0.994803,1.000688,25,1,459,86.522804,81.522804,40,4,1,-88,0,-100,-100,0,80,2,80,36,0,0,2988,150,0,12,0,891,259,0,24,0,464,10,0,16,0,252,0,0,1,0,154,299,4,34,0,0,6,8,3,0,0,3,3,0,0
0,7,2,49,15,18,0,1.005693,0.9856,1.00331,36,0,334,5,0,40,4,1,100,-100,0,100,2,80,2,100,39,0,0,2988,187,0,13,0,891,153,0,26,0,464,0,0,12,0,252,0,0,6,0,154,218,24,35,0,0,35,6,5,0,0,5,5,0,0
0,7,3,40,15,18,0,1.002748,1.001962,0.999908,29,0,334,6.197563,1.197563,40,4,1,100,-100,100,0,2,80,2,96,33,0,0,2988,188,0,11,0,891,135,0,22,0,464,1,0,18,0,252,0,0,2,0,154,160,8,39,0,0,24,9,5,0,0,5,5,0,0
0,8,0,64,14,17,0,0.990164,0.988836,0.980529,43,1,459,100,100,42,5,1,0,-90,100,100,2,80,14,109,45,0,0,2850,239,0,15,0,914,174,0,30,0,518,0,0,8,0,194,0,0,29,0,236,284,116,58,0,0,14,4,26,0,0,9,9,0,0
0,8,1,33,14,17,0,1.008795,0.99316,1.002854,27,1,459,82.964747,77.964747,42,5,1,-90,0,-100,-100,0,80,14,95,36,0,0,2850,134,0,12,0,914,290,0,24,0,518,1,0,10,0,194,2,0,10,0,236,328,40,26,0,0,9,5,2,0,0,2,2,0,0
0,8,2,45,14,17,0,1.009746,0.98746,0.992069,35,0,334,5,0,42,5,1,100,-100,0,100,2,80,14,99,33,0,0,2850,231,0,11,0,914,164,0,22,0,518,0,0,12,0,194,0,0,13,0,236,248,52,29,0,0,38,6,3,0,0,3,3,0,0
0,8,3,41,14,17,0,1.000714,1.000666,0.995942,32,0,334,11.197563,6.197563,42,5,1,100,-100,100,0,2,80,14,99,30,0,0,2850,210,0,10,0,914,145,0,20,0,518,1,0,6,0,194,1,0,18,0,236,222,72,22,0,0,24,3,3,0,0,3,3,0,0
0,9,0,64,17,15,0,0.991709,0.989277,0.982639,48,1,459,100,100,46,6,1,0,-96,98,100,2,80,14,102,42,0,0,3150,161,0,14,0,932,183,0,28,0,492,1,0,16,0,242,0,0,7,0,45,342,28,42,0,0,16,8,6,0,0,6,6,0,0
0,9,1,34,17,15,0,1.018512,0.99016,1.005616,27,1,459,79.484136,74.484136,46,6,1,-96,0,-100,-100,0,80,14,105,33,0,0,3150,140,0,11,0,932,313,0,22,0,492,0,0,6,0,242,0,0,7,0,45,375,28,21,0,0,10,3,2,0,0,2,2,0,0
0,9,2,47,17,15,0,1.011357,0.990446,0.991976,36,1,459,10,5,46,6,1,98,-100,0,100,2,80,14,107,36,0,0,3150,174,0,12,0,932,176,0,24,0,492,1,0,18,0,242,0,0,10,0,45,299,40,53,0,0,27,9,20,0,0,3,3,0,0
0,9,3,40,17,15,0,1.002883,1.000035,0.985835,30,1,459,5,0,46,6,1,100,-100,100,0,2,80,14,91,21,0,0,3150,162,0,7,0,932,152,0,14,0,492,0,0,8,0,242,0,0,7,0,45,272,28,38,0,0,8,4,20,0,0,3,3,0,0
0,10,0,63,18,14,0,0.992543,0.990077,0.986743,49,1,459,100,100,50,7,1,0,-100,100,98,2,80,5,109,51,0,0,2848,208,0,17,0,924,200,0,34,0,419,0,0,40,0,272,0,0,0,0,152,311,0,67,0,0,31,20,5,0,0,5,5,0,0
0,10,1,34,18,14,0,1.016501,0.985651,1.005183,27,1,459,76.005059,71.005059,50,7,1,-100,0,-100,-100,0,80,5,118,33,0,0,2848,139,0,11,0,924,341,0,22,0,419,0,0,20,0,272,0,0,0,0,152,386,0,35,0,0,18,10,2,0,0,2,2,0,0
0,10,2,50,18,14,0,1.014855,0.989568,0.995548,37,1,459,5,0,50,7,1,100,-100,0,100,2,80,5,116,39,0,0,2848,203,0,13,0,924,189,0,26,0,419,3,0,36,0,272,0,0,0,0,152,259,0,57,0,0,41,18,4,0,0,4,4,0,0
0,10,3,42,18,14,0,1.01176,0.99224,0.98043,31,1,459,5,0,50,7,1,98,-100,100,0,2,80,5,93,24,0,0,2848,172,0,8,0,924,160,0,16,0,419,0,0,28,0,272,0,0,0,0,152,257,0,44,0,0,18,14,4,0,0,4,4,0,0
0,11,0,64,17,20,0,0.998282,0.989882,0.990657,49,1,459,100,100,54,9,1,0,-100,96,100,2,80,15,117,51,0,0,2838,256,0,17,0,920,217,0,34,0,480,1,0,18,0,252,0,0,0,0,300,268,0,43,0,0,36,9,4,0,0,4,4,0,0
0,11,1,33,17,20,0,1.020513,0.987797,1.005299,26,1,459,64.476204,59.476204,54,9,1,-100,0,-100,-100,0,80,15,129,33,0,0,2838,144,0,11,0,920,367,0,22,0,480,1,0,6,0,252,0,0,0,0,300,375,0,21,0,0,19,3,2,0,0,2,2,0,0
0,11,2,50,17,20,0,1.012336,0.984295,0.993123,36,1,459,5,0,54,9,1,96,-100,0,98,2,80,15,125,42,0,0,2838,235,0,14,0,920,203,0,28,0,480,1,0,22,0,252,0,0,6,0,300,227,24,46,0,0,47,11,5,0,0,5,5,0,0
0,11,3,39,17,20,0,1.009894,0.992586,0.981185,31,1,459,5,0,54,9,1,100,-100,98,0,2,80,15,89,24,0,0,2838,194,0,8,0,920,168,0,16,0,480,1,0,14,0,252,0,0,0,0,300,217,0,30,0,0,21,7,4,0,0,4,4,0,0
0,12,0,66,18,12,0,1.002807,0.990406,0.991099,51,1,459,100,100,58,11,1,0,-100,94,98,2,80,20,126,60,0,0,3086,172,0,20,0,909,237,0,40,0,481,0,0,20,0,272,0,0,0,0,72,291,0,52,0,0,40,10,6,0,0,6,6,0,0
0,12,1,31,18,12,0,1.023145,0.983128,1.002649,25,2,584,52.666061,47.666061,58,11,1,-100,0,-100,-100,0,80,20,139,30,0,0,3086,141,0,10,0,909,392,0,20,0,481,1,0,6,0,272,0,0,0,0,72,378,0,37,0,0,3,3,19,0,0,2,2,0,0
0,12,2,52,18,12,0,1.010487,0.984274,0.993366,39,1,459,10,5,58,11,1,94,-100,0,98,2,80,20,140,48,0,0,3086,169,0,16,0,909,216,0,32,0,481,1,0,24,0,272,0,0,0,0,72,256,0,48,0,0,55,12,4,0,0,4,4,0,0
0,12,3,43,18,12,0,1.016951,0.98961,0.985521,33,1,459,5,0,58,11,1,98,-100,98,0,2,80,20,86,21,0,0,3086,212,0,7,0,909,175,0,14,0,481,1,0,14,0,272,0,0,0,0,72,210,0,25,0,0,26,7,2,0,0,2,2,0,0
0,13,0,71,25,8,0,1.006922,0.987624,0.990415,53,1,459,100,100,62,12,1,0,-100,100,98,2,80,7,138,57,0,0,2934,191,0,19,0,914,256,0,38,0,469,1,0,16,0,250,0,0,9,0,140,326,36,45,0,0,43,8,5,0,0,5,5,0,0
0,13,1,34,25,8,0,1.026173,0.990963,1.003944,25,2,584,48.971791,43.971791,62,12,1,-100,0,-100,-100,0,80,7,148,27,0,0,2934,151,0,9,0,914,414,0,18,0,469,1,0,12,0,250,0,0,1,0,140,379,4,25,0,0,7,6,2,0,0,2,2,0,0
0,13,2,58,25,8,0,1.010066,0.983806,0.987962,42,1,459,5,0,62,12,1,100,-100,0,100,2,80,7,156,48,0,0,2934,205,0,16,0,914,232,0,32,0,469,0,0,30,0,250,0,0,4,0,140,224,16,56,0,0,65,15,5,0,0,5,5,0,0
0,13,3,46,25,8,0,1.019196,0.989764,0.983084,34,1,459,5,0,62,12,1,98,-100,100,0,2,80,7,81,21,0,0,2934,162,0,7,0,914,182,0,14,0,469,0,0,18,0,250,0,0,8,0,140,285,32,33,0,0,31,9,4,0,0,4,4,0,0
0,14,0,72,16,18,0,1.009006,0.98616,0.988431,54,1,459,100,100,64,12,1,0,-100,100,100,2,80,6,144,57,0,0,2804,221,0,19,0,915,275,0,38,0,414,1,0,34,0,268,0,0,0,0,219,291,0,65,0,0,54,17,6,0,0,6,6,0,0
0,14,1,35,16,18,0,1.031631,0.992941,1.004573,24,2,584,53.971791,48.971791,64,12,1,-100,0,-100,-100,0,80,6,154,27,0,0,2804,158,0,9,0,915,428,0,18,0,414,11,0,24,0,268,0,0,0,0,219,355,0,39,0,0,16,12,3,0,0,3,3,0,0
0,14,2,58,16,18,0,1.010697,0.986957,0.98716,44,1,459,5,0,64,12,1,100,-100,0,100,2,80,6,166,51,0,0,2804,242,0,17,0,915,239,0,34,0,414,1,0,30,0,268,0,0,1,0,219,187,4,59,0,0,74,15,6,0,0,6,6,0,0
0,14,3,42,16,18,0,1.018308,0.985045,0.985697,32,1,459,10,5,64,12,1,100,-100,100,0,2,80,6,79,27,0,0,2804,179,0,9,0,915,191,0,18,0,414,1,0,24,0,268,0,0,3,0,219,271,12,41,0,0,39,12,4,0,0,4,4,0,0
0,15,0,69,22,27,0,1.015556,0.987518,0.991223,52,1,459,100,100,69,14,1,0,-100,98,98,2,80,8,145,54,0,0,2918,251,0,18,0,930,287,0,36,0,392,0,0,40,0,272,0,0,0,0,113,272,0,70,0,0,68,20,6,0,0,6,6,0,0
0,15,1,33,22,27,0,1.032932,0.997006,1.006179,24,2,584,43.550976,38.550976,69,14,1,-100,0,-100,-100,0,80,8,153,21,0,0,2918,156,0,7,0,930,436,0,14,0,392,35,0,24,0,272,0,0,0,0,113,359,0,37,0,0,25,12,3,0,0,3,3,0,0
0,15,2,56,22,27,0,1.008604,0.990845,0.982313,43,1,459,5,0,69,14,1,98,-100,0,98,2,80,8,167,42,0,0,2918,170,0,14,0,930,237,0,28,0,392,0,0,34,0,272,0,0,0,0,113,203,0,56,0,0,87,17,4,0,0,4,4,0,0
0,15,3,44,22,27,0,1.027116,0.983125,0.985318,32,1,459,5,0,69,14,1,98,-100,98,0,2,80,8,75,18,0,0,2918,219,0,6,0,930,197,0,12,0,392,0,0,20,0,272,0,0,0,0,113,259,0,32,0,0,46,10,3,0,0,3,3,0,0
0,16,0,68,14,24,0,1.013393,0.981759,0.987671,54,1,459,100,100,72,15,1,0,-100,100,98,2,80,19,145,54,0,0,3034,164,0,18,0,971,285,0,36,0,438,1,0,32,0,272,0,0,0,0,298,210,0,62,0,0,78,16,6,0,0,6,6,0,0
0,16,1,31,14,24,0,1.037848,0.994734,0.999026,23,2,584,40.223139,35.223139,72,15,1,-100,0,-100,-100,0,80,19,159,27,0,0,3034,144,0,9,0,971,452,0,18,0,438,33,0,22,0,272,0,0,0,0,298,334,0,35,0,0,34,11,2,0,0,2,2,0,0
0,16,2,53,14,24,0,1.006642,0.984265,0.985155,44,1,459,5,0,72,15,1,100,-100,0,100,2,80,19,174,45,0,0,3034,219,0,15,0,971,231,0,30,0,438,0,0,26,0,272,0,0,0,0,298,156,0,47,0,0,97,13,3,0,0,3,3,0,0
0,16,3,40,14,24,0,1.020869,0.984735,0.989849,28,1,459,5,0,72,15,1,98,-100,100,0,2,80,19,62,18,0,0,3034,169,0,6,0,971,200,0,12,0,438,1,0,8,0,272,0,0,0,0,298,225,0,24,0,0,45,4,5,0,0,5,5,0,0
0,17,0,71,24,11,0,1.015702,0.980774,0.987066,58,1,459,100,100,75,16,1,0,-100,100,98,2,80,4,153,57,0,0,2818,189,0,19,0,912,304,0,38,0,433,0,0,34,0,256,0,0,9,0,178,236,36,61,0,0,91,17,4,0,0,4,4,0,0
0,17,1,34,24,11,0,1.038681,0.996734,1.00623,23,2,584,36.931284,31.931284,75,16,1,-100,0,-100,-100,0,80,4,176,33,0,0,2818,132,0,11,0,912,480,0,22,0,433,45,0,20,0,256,0,0,0,0,178,320,0,37,0,0,41,10,3,0,0,3,3,0,0
0,17,2,57,24,11,0,1.01381,0.985187,0.984046,43,1,459,5,0,75,16,1,100,-100,0,100,2,80,4,187,45,0,0,2818,247,0,15,0,912,231,0,30,0,433,1,0,30,0,256,0,0,4,0,178,145,16,51,0,0,109,15,3,0,0,3,3,0,0
0,17,3,43,24,11,0,1.026596,0.982349,0.983658,30,1,459,10,5,75,16,1,98,-100,100,0,2,80,4,59,18,0,0,2818,251,0,6,0,912,206,0,12,0,433,0,0,16,0,256,0,0,3,0,178,228,12,30,0,0,49,8,4,0,0,4,4,0,0
0,18,0,72,14,14,0,1.017605,0.97845,0.989284,59,1,459,100,100,77,17,1,0,-100,98,100,2,80,10,164,63,0,0,3059,209,0,21,0,900,325,0,42,0,537,0,0,0,0,136,12,0,32,0,48,387,128,31,0,0,86,0,5,0,0,5,5,0,0
0,18,1,36,14,14,0,1.042967,0.997273,1.011913,26,3,709,30.497147,25.497147,77,17,1,-100,0,-100,-100,0,80,10,188,33,0,0,3059,116,0,11,0,900,508,0,22,0,537,17,0,28,0,136,17,0,14,0,48,362,56,64,0,0,34,14,21,0,0,4,4,0,0
0,18,2,55,14,14,0,1.018156,0.987787,0.990637,42,1,459,10,5,77,17,1,98,-100,0,100,2,80,10,203,57,0,0,3059,171,0,19,0,900,247,0,38,0,537,0,0,8,0,136,19,0,18,0,48,243,72,37,0,0,108,4,5,0,0,5,5,0,0
0,18,3,42,14,14,0,1.029967,0.979751,0.987933,28,1,459,5,0,77,17,1,100,-100,100,0,2,80,10,51,21,0,0,3059,201,0,7,0,900,213,0,14,0,537,0,0,0,0,136,2,0,22,0,48,359,88,17,0,0,44,0,5,0,0,5,5,0,0
0,19,0,75,19,12,0,1.019398,0.976283,0.987818,61,2,584,100,100,80,18,1,0,-100,100,98,2,80,11,171,63,0,0,2874,228,0,21,0,889,346,0,42,0,463,0,0,28,0,272,0,0,12,0,145,407,48,74,0,0,79,14,21,0,0,4,4,0,0
0,19,1,37,19,12,0,1.049293,0.996871,1.011356,28,3,709,22.771171,17.771171,80,18,1,-100,0,-100,-100,0,80,11,202,36,0,0,2874,88,0,12,0,889,539,0,24,0,463,1,0,24,0,272,4,0,13,0,145,413,52,42,0,0,43,12,3,0,0,3,3,0,0
0,19,2,57,19,12,0,1.023093,0.986282,0.992621,45,1,459,5,0,80,18,1,100,-100,0,100,2,80,11,222,57,0,0,2874,185,0,19,0,889,261,0,38,0,463,0,0,24,0,272,0,0,19,0,145,289,76,51,0,0,116,12,4,0,0,4,4,0,0
0,19,3,43,19,12,0,1.032476,0.978456,0.984219,30,1,459,10,5,80,18,1,98,-100,100,0,2,80,11,43,21,0,0,2874,240,0,7,0,889,220,0,14,0,463,0,0,20,0,272,0,0,2,0,145,362,8,35,0,0,50,10,4,0,0,4,4,0,0
0,20,0,78,19,12,0,1.025945,0.975039,0.989431,63,2,584,100,100,84,20,1,0,-100,96,98,2,80,14,178,63,0,0,2969,233,0,21,0,873,367,0,42,0,432,1,0,30,0,272,0,0,0,0,82,414,0,61,0,0,89,15,5,0,0,5,5,0,0
0,20,1,38,19,12,0,1.049306,0.993069,1.001848,29,3,709,9.715569,4.715569,84,20,1,-100,0,-100,-100,0,80,14,212,33,0,0,2969,60,0,11,0,873,567,0,22,0,432,0,0,14,0,272,0,0,4,0,82,465,16,29,0,0,48,7,2,0,0,2,2,0,0
0,20,2,59,19,12,0,1.021637,0.987682,0.990633,47,1,459,10,5,84,20,1,96,-100,0,98,2,80,14,238,57,0,0,2969,201,0,19,0,873,277,0,38,0,432,3,0,38,0,272,0,0,0,0,82,249,0,65,0,0,131,19,4,0,0,4,4,0,0
0,20,3,44,19,12,0,1.035462,0.979188,0.982659,31,1,459,5,0,84,20,1,98,-100,98,0,2,80,14,41,27,0,0,2969,188,0,9,0,873,229,0,18,0,432,0,0,24,0,272,0,0,0,0,82,379,0,43,0,0,57,12,5,0,0,5,5,0,0
0,21,0,82,17,12,1,1.029453,0.973079,0.993897,67,2,584,100,100,88,21,1,0,-100,100,98,2,80,9,187,66,0,0,2867,253,0,22,0,889,383,0,44,0,476,0,0,26,0,272,0,0,0,0,127,426,0,58,0,0,97,13,5,0,0,5,5,0,0
0,21,1,40,17,12,1,1.050194,0.992076,1.000689,30,3,709,6.308775,1.308775,88,21,1,-100,0,-100,-100,0,80,9,223,36,0,0,2867,31,0,12,0,889,595,0,24,0,476,1,0,6,0,272,0,0,0,0,127,498,0,24,0,0,48,3,3,0,0,3,3,0,0
0,21,2,57,17,12,1,1.01949,0.985159,0.993238,45,1,459,5,0,88,21,1,100,-100,0,100,2,80,9,253,60,0,0,2867,210,0,20,0,889,284,0,40,0,476,1,0,18,0,272,0,0,0,0,127,218,0,46,0,0,136,9,4,0,0,4,4,0,0
0,21,3,45,17,12,1,1.035757,0.974006,0.981419,34,1,459,5,0,88,21,1,98,-100,100,0,2,80,9,39,27,0,0,2867,223,0,9,0,889,238,0,18,0,476,1,0,16,0,272,0,0,0,0,127,371,0,33,0,0,61,8,4,0,0,4,4,0,0
0,22,0,82,14,10,0,1.030984,0.972188,0.991937,69,2,584,100,100,91,22,1,0,-100,98,100,2,80,13,190,72,0,0,3063,147,0,24,0,871,407,0,48,0,407,1,0,38,0,272,0,0,0,0,25,452,0,72,0,0,111,19,5,0,0,5,5,0,0
0,22,1,44,14,10,0,1.04981,0.99445,0.998225,32,4,834,5,0,91,22,1,-100,0,-100,-100,0,80,13,231,36,0,0,3063,18,0,12,0,871,615,0,24,0,407,1,0,32,0,272,0,0,0,0,25,504,0,69,0,0,43,16,21,0,0,4,4,0,0
0,22,2,58,14,10,0,1.022393,0.98235,0.994485,47,1,459,5,0,91,22,1,98,-100,0,100,2,80,13,273,60,0,0,3063,223,0,20,0,871,302,0,40,0,407,0,0,34,0,272,0,0,0,0,25,186,0,62,0,0,149,17,4,0,0,4,4,0,0
0,22,3,44,14,10,0,1.031545,0.974198,0.977062,35,2,584,5,0,91,22,1,100,-100,100,0,2,80,13,35,24,0,0,3063,170,0,8,0,871,246,0,16,0,407,0,0,34,0,272,0,0,0,0,25,378,0,65,0,0,58,17,20,0,0,3,3,0,0
0,23,0,85,14,5,0,1.033632,0.972148,0.991617,73,3,709,100,100,93,22,1,0,-100,100,100,2,80,7,196,72,0,0,2823,169,0,24,0,890,427,0,48,0,517,1,0,8,0,197,0,0,22,0,172,523,88,57,0,0,94,4,21,0,0,4,4,0,0
0,23,1,48,14,5,0,1.050849,0.995807,0.998631,36,4,834,10,5,93,22,1,-100,0,-100,-100,0,80,7,241,39,0,0,2823,26,0,13,0,890,641,0,26,0,517,0,0,2,0,197,0,0,19,0,172,601,76,23,0,0,40,1,4,0,0,4,4,0,0
0,23,2,59,14,5,0,1.02255,0.98072,0.994401,49,1,459,10,5,93,22,1,100,-100,0,100,2,80,7,292,60,0,0,2823,249,0,20,0,890,316,0,40,0,517,0,0,10,0,197,0,0,21,0,172,256,84,38,0,0,150,5,4,0,0,4,4,0,0
0,23,3,45,14,5,0,1.038578,0.972142,0.977462,36,2,584,5,0,93,22,1,100,-100,100,0,2,80,7,33,21,0,0,2823,199,0,7,0,890,253,0,14,0,517,0,0,8,0,197,0,0,13,0,172,429,52,21,0,0,59,4,3,0,0,3,3,0,0
0,24,0,90,16,8,1,1.040502,0.972303,0.99315,75,4,834,100,100,96,23,1,0,-100,98,98,2,80,8,211,75,0,0,2932,187,0,25,0,855,452,0,50,0,507,1,0,12,0,178,0,0,33,0,69,659,132,62,0,0,79,6,21,0,0,4,4,0,0
0,24,1,50,16,8,1,1.051908,0.995035,0.998166,40,4,834,5,0,96,23,1,-100,0,-100,-100,0,80,8,254,48,0,0,2932,14,0,16,0,855,675,0,32,0,507,0,0,4,0,178,0,0,16,0,69,706,64,28,0,0,38,2,4,0,0,4,4,0,0
0,24,2,63,16,8,1,1.023833,0.979634,0.993446,53,1,459,15,10,96,23,1,98,-100,0,96,2,80,8,311,63,0,0,2932,169,0,21,0,855,336,0,42,0,507,0,0,16,0,178,0,0,21,0,69,372,84,43,0,0,155,8,3,0,0,3,3,0,0
0,24,3,42,16,8,1,1.041839,0.971084,0.980637,35,3,709,5,0,96,23,1,98,-100,96,0,2,80,8,34,24,0,0,2932,234,0,8,0,855,261,0,16,0,507,1,0,4,0,178,3,0,21,0,69,495,84,35,0,0,41,2,20,0,0,3,3,0,0
0,25,0,92,19,13,0,1.045197,0.971366,0.991564,77,4,834,100,100,98,24,1,0,-100,98,98,2,80,6,220,78,0,0,2868,207,0,26,0,843,478,0,52,0,427,0,0,32,0,267,0,0,1,0,38,672,4,70,0,0,89,16,6,0,0,6,6,0,0
0,25,1,48,19,13,0,1.048175,0.996754,0.993989,43,5,959,5,0,98,24,1,-100,0,-100,-100,0,80,6,261,45,0,0,2868,15,0,15,0,843,715,0,30,0,427,0,0,34,0,267,0,0,0,0,38,708,0,68,0,0,37,17,18,0,0,1,1,0,0
0,25,2,71,19,13,0,1.026141,0.984787,0.994877,56,1,459,20,15,98,24,1,98,-100,0,98,2,80,6,336,66,0,0,2868,204,0,22,0,843,355,0,44,0,427,0,0,34,0,267,0,0,4,0,38,356,16,62,0,0,169,17,3,0,0,3,3,0,0
0,25,3,40,19,13,0,1.043163,0.971596,0.982479,36,3,709,5,0,98,24,1,98,-100,98,0,2,80,6,35,24,0,0,2868,184,0,8,0,843,269,0,16,0,427,1,0,18,0,267,0,0,3,0,38,550,12,28,0,0,49,9,1,0,0,1,1,0,0
0,26,0,96,20,9,1,1.051422,0.969118,0.995112,79,5,959,100,100,101,25,1,0,-100,96,98,2,80,2,231,78,0,0,2785,225,0,26,0,833,504,0,52,0,494,0,0,24,0,241,0,0,15,0,84,728,60,77,0,0,79,12,22,0,0,5,5,0,0
0,26,1,50,20,9,1,1.054393,0.998825,0.989629,43,5,959,5,0,101,25,1,-100,0,-100,-100,0,80,2,278,48,0,0,2785,14,0,16,0,833,744,0,32,0,494,0,0,4,0,241,0,0,3,0,84,775,12,24,0,0,37,2,2,0,0,2,2,0,0
0,26,2,76,20,9,1,1.0296,0.984804,1.000244,58,1,459,25,20,101,25,1,96,-100,0,98,2,80,2,358,72,0,0,2785,245,0,24,0,833,379,0,48,0,494,0,0,10,0,241,0,0,9,0,84,382,36,46,0,0,168,5,6,0,0,6,6,0,0
0,26,3,40,20,9,1,1.047753,0.968359,0.983266,35,3,709,5,0,101,25,1,98,-100,98,0,2,80,2,39,27,0,0,2785,215,0,9,0,833,278,0,18,0,494,1,0,12,0,241,0,0,4,0,84,558,16,25,0,0,53,6,2,0,0,2,2,0,0
0,27,0,95,13,10,0,1.052732,0.968731,0.999279,80,5,959,100,100,104,26,1,0,-100,96,100,2,80,12,230,75,0,0,2974,264,0,25,0,814,529,0,50,0,507,0,0,18,0,231,0,0,20,0,95,803,80,55,0,0,82,9,6,0,0,6,6,0,0
0,27,1,51,13,10,0,1.056553,1.000748,0.988338,43,6,1084,5,0,104,26,1,-100,0,-100,-100,0,80,12,290,51,0,0,2974,13,0,17,0,814,790,0,34,0,507,1,0,2,0,231,0,0,4,0,95,803,16,42,0,0,18,1,20,0,0,3,3,0,0
0,27,2,78,13,10,0,1.029936,0.983505,0.998969,62,2,584,30,25,104,26,1,96,-100,0,98,2,80,12,373,75,0,0,2974,144,0,25,0,814,401,0,50,0,507,0,0,10,0,231,0,0,13,0,95,405,52,64,0,0,150,5,23,0,0,6,6,0,0
0,27,3,41,13,10,0,1.046768,0.967718,0.980982,35,3,709,5,0,104,26,1,100,-100,98,0,2,80,12,42,30,0,0,2974,165,0,10,0,814,288,0,20,0,507,1,0,6,0,231,0,0,4,0,95,594,16,20,0,0,54,3,2,0,0,2,2,0,0
0,28,0,97,19,9,0,1.057384,0.968602,0.999017,83,6,1084,100,100,108,27,1,0,-100,100,98,2,80,14,225,72,0,0,2856,145,0,24,0,837,553,0,48,0,512,1,0,12,0,168,6,0,34,0,87,908,136,63,0,0,66,6,22,0,0,5,5,0,0
0,28,1,50,19,9,0,1.056891,1.002576,0.986961,43,6,1084,5,0,108,27,1,-100,0,-100,-100,0,80,14,298,48,0,0,2856,34,0,16,0,837,833,0,32,0,512,0,0,6,0,168,0,0,9,0,87,877,36,28,0,0,18,3,3,0,0,3,3,0,0
0,28,2,83,19,9,0,1.028098,0.983758,0.998032,68,3,709,10.762979,5.762979,108,27,1,100,-100,0,100,2,80,14,388,75,0,0,2856,193,0,25,0,837,423,0,50,0,512,1,0,6,0,168,5,0,32,0,87,514,128,58,0,0,131,3,22,0,0,5,5,0,0
0,28,3,45,19,9,0,1.048674,0.966262,0.982584,35,4,834,10,5,108,27,1,98,-100,100,0,2,80,14,42,24,0,0,2856,220,0,8,0,837,296,0,16,0,512,0,0,8,0,168,0,0,18,0,87,656,72,37,0,0,39,4,19,0,0,2,2,0,0
0,29,0,100,19,9,0,1.061702,0.968039,0.997183,85,7,1209,100,100,111,27,1,0,-100,100,100,2,80,0,220,75,0,0,2824,159,0,25,0,827,578,0,50,0,415,1,0,50,0,240,0,0,16,0,162,909,64,102,0,0,69,25,22,0,0,5,5,0,0
0,29,1,51,19,9,0,1.055169,1.002106,0.98386,43,6,1084,10,5,111,27,1,-100,0,-100,-100,0,80,0,301,42,0,0,2824,34,0,14,0,827,870,0,28,0,415,1,0,22,0,240,0,0,2,0,162,884,8,40,0,0,27,11,2,0,0,2,2,0,0
0,29,2,88,19,9,0,1.028426,0.985431,1.001416,72,3,709,15.762979,10.762979,111,27,1,100,-100,0,100,2,80,0,398,72,0,0,2824,254,0,24,0,827,447,0,48,0,415,0,0,38,0,240,0,0,14,0,162,516,56,72,0,0,145,19,5,0,0,5,5,0,0
0,29,3,46,19,9,0,1.049496,0.963763,0.982404,35,4,834,5,0,111,27,1,100,-100,100,0,2,80,0,52,39,0,0,2824,162,0,13,0,827,309,0,26,0,415,0,0,18,0,240,0,0,9,0,162,685,36,39,0,0,44,9,4,0,0,4,4,0,0
0,30,0,102,18,11,0,1.065149,0.966546,0.997785,88,7,1209,100,100,115,28,1,0,-100,100,98,2,80,8,223,81,0,0,2745,183,0,27,0,822,605,0,54,0,477,1,0,30,0,202,0,0,25,0,161,983,100,67,0,0,79,15,5,0,0,5,5,0,0
0,30,1,54,18,11,0,1.057334,1.001279,0.982462,44,7,1209,5,0,115,28,1,-100,0,-100,-100,0,80,8,304,42,0,0,2745,46,0,14,0,822,907,0,28,0,477,1,0,2,0,202,0,0,13,0,161,921,52,39,0,0,8,1,20,0,0,3,3,0,0
0,30,2,88,18,11,0,1.027061,0.984945,0.998396,71,3,709,5.460366,0.460366,115,28,1,100,-100,0,100,2,80,8,409,78,0,0,2745,253,0,26,0,822,470,0,52,0,477,0,0,24,0,202,0,0,15,0,161,554,60,62,0,0,151,12,6,0,0,6,6,0,0
0,30,3,48,18,11,0,1.048968,0.96329,0.979022,37,5,959,5,0,115,28,1,98,-100,100,0,2,80,8,61,42,0,0,2745,183,0,14,0,822,323,0,28,0,477,1,0,10,0,202,0,0,17,0,161,729,68,49,0,0,28,5,21,0,0,4,4,0,0
0,31,0,100,12,24,0,1.064219,0.96482,0.998896,87,8,1334,100,100,118,29,1,0,-100,100,98,2,80,18,207,69,0,0,2780,198,0,23,0,812,628,0,46,0,419,0,0,42,0,195,0,0,23,0,61,1060,92,90,0,0,79,21,21,0,0,4,4,0,0
0,31,1,51,12,24,0,1.050726,1.000784,0.98654,44,7,1209,5,0,118,29,1,-100,0,-100,-100,0,80,18,303,42,0,0,2780,45,0,14,0,812,943,0,28,0,419,1,0,24,0,195,0,0,10,0,61,975,40,44,0,0,17,12,3,0,0,3,3,0,0
0,31,2,84,12,24,0,1.028735,0.984029,1.001743,71,4,834,5,0,118,29,1,100,-100,0,100,2,80,18,396,60,0,0,2780,285,0,20,0,812,487,0,40,0,419,0,0,36,0,195,0,0,27,0,61,633,108,85,0,0,146,18,23,0,0,6,6,0,0
0,31,3,45,12,24,0,1.045355,0.963996,0.975533,35,5,959,10,5,118,29,1,98,-100,100,0,2,80,18,64,36,0,0,2780,196,0,12,0,812,335,0,24,0,419,1,0,24,0,195,0,0,12,0,61,764,48,44,0,0,36,12,4,0,0,4,4,0,0
0,32,0,102,13,6,0,1.066973,0.963586,0.998901,90,8,1334,100,100,121,30,1,0,-100,98,98,2,80,10,200,75,0,0,2910,225,0,25,0,843,653,0,50,0,402,0,0,50,0,249,0,0,10,0,54,1090,40,85,0,0,99,25,5,0,0,5,5,0,0
0,32,1,50,13,6,0,1.051715,1.001545,0.98817,44,7,1209,5,0,121,30,1,-100,0,-100,-100,0,80,10,307,39,0,0,2910,47,0,13,0,843,977,0,26,0,402,1,0,18,0,249,0,0,0,0,54,996,0,35,0,0,24,9,2,0,0,2,2,0,0
0,32,2,87,13,6,0,1.030381,0.983519,0.999461,77,4,834,5,0,121,30,1,98,-100,0,98,2,80,10,385,63,0,0,2910,180,0,21,0,843,505,0,42,0,402,0,0,46,0,249,0,0,7,0,54,659,28,75,0,0,165,23,4,0,0,4,4,0,0
0,32,3,48,13,6,0,1.042928,0.963097,0.974964,37,5,959,15,10,121,30,1,98,-100,98,0,2,80,10,82,45,0,0,2910,208,0,15,0,843,350,0,30,0,402,1,0,28,0,249,0,0,6,0,54,760,24,49,0,0,47,14,3,0,0,3,3,0,0
0,33,0,103,12,17,0,1.068477,0.963954,0.997501,92,8,1334,100,100,123,31,1,0,-100,100,98,2,80,12,187,72,0,0,2769,243,0,24,0,834,677,0,48,0,466,0,0,40,0,155,0,0,34,0,110,1209,136,72,0,0,115,20,4,0,0,4,4,0,0
0,33,1,50,12,17,0,1.048085,0.997038,0.989509,43,8,1334,5,0,123,31,1,-100,0,-100,-100,0,80,12,313,42,0,0,2769,36,0,14,0,834,1014,0,28,0,466,1,0,0,0,155,0,0,15,0,110,1060,60,35,0,0,5,0,19,0,0,2,2,0,0
0,33,2,83,12,17,0,1.030424,0.988428,0.998873,75,5,959,5,0,123,31,1,100,-100,0,100,2,80,12,363,48,0,0,2769,229,0,16,0,834,515,0,32,0,466,0,0,36,0,155,0,0,34,0,110,773,136,75,0,0,163,18,20,0,0,3,3,0,0
0,33,3,46,12,17,0,1.0427,0.957599,0.971916,36,6,1084,20,15,123,31,1,98,-100,100,0,2,80,12,95,45,0,0,2769,201,0,15,0,834,365,0,30,0,466,1,0,2,0,155,17,0,17,0,110,816,68,42,0,0,27,1,21,0,0,4,4,0,0
0,34,0,108,17,11,0,1.069077,0.963081,0.999356,94,8,1334,100,100,125,32,1,0,-100,100,98,2,80,5,182,78,0,0,2776,242,0,26,0,848,701,0,52,0,395,0,0,62,0,255,0,0,2,0,70,1196,8,96,0,0,142,31,4,0,0,4,4,0,0
0,34,1,49,17,11,0,1.046904,0.996143,0.989141,42,8,1334,5,0,125,32,1,-100,0,-100,-100,0,80,5,319,42,0,0,2776,36,0,14,0,848,1051,0,28,0,395,1,0,6,0,255,0,0,4,0,70,1112,16,26,0,0,5,3,3,0,0,3,3,0,0
0,34,2,84,17,11,0,1.032035,0.98976,1.003863,76,5,959,5,0,125,32,1,100,-100,0,100,2,80,5,348,51,0,0,2776,273,0,17,0,848,527,0,34,0,395,1,0,48,0,255,0,0,10,0,70,799,40,69,0,0,185,24,2,0,0,2,2,0,0
0,34,3,47,17,11,0,1.040691,0.957997,0.978172,37,6,1084,25,20,125,32,1,98,-100,100,0,2,80,5,117,51,0,0,2776,186,0,17,0,848,379,0,34,0,395,1,0,30,0,255,2,0,15,0,70,850,60,53,0,0,39,15,3,0,0,3,3,0,0
0,35,0,106,15,11,0,1.069772,0.963697,0.996855,92,8,1334,100,100,126,33,1,0,-100,100,98,2,80,12,171,81,0,0,2947,219,0,27,0,837,728,0,54,0,486,1,0,28,0,226,0,0,23,0,45,1295,92,65,0,0,151,14,5,0,0,5,5,0,0
0,35,1,51,15,11,0,1.04544,0.995259,0.985503,44,8,1334,5,0,126,33,1,-100,0,-100,-100,0,80,12,325,42,0,0,2947,34,0,14,0,837,1088,0,28,0,486,0,0,2,0,226,0,0,2,0,45,1159,8,20,0,0,4,1,2,0,0,2,2,0,0
0,35,2,88,15,11,0,1.03174,0.988688,1.003169,78,6,1084,10,5,126,33,1,100,-100,0,100,2,80,12,338,57,0,0,2947,170,0,19,0,837,543,0,38,0,486,0,0,16,0,226,0,0,17,0,45,892,68,58,0,0,173,8,20,0,0,3,3,0,0
0,35,3,47,15,11,0,1.049573,0.957514,0.975434,37,6,1084,30,25,126,33,1,98,-100,100,0,2,80,12,137,51,0,0,2947,170,0,17,0,837,396,0,34,0,486,1,0,12,0,226,0,0,6,0,45,869,24,35,0,0,42,6,3,0,0,3,3,0,0
0,36,0,110,23,28,2,1.074531,0.961798,0.998072,94,8,1334,100,100,127,34,1,0,-100,96,96,2,80,8,170,78,0,0,2787,199,0,26,0,831,754,0,52,0,367,6,0,68,0,257,0,0,8,0,97,1246,32,102,0,0,181,34,4,0,0,4,4,0,0
0,36,1,50,23,28,2,1.042693,0.997667,0.987412,43,8,1334,5,0,127,34,1,-100,0,-100,-100,0,80,8,328,42,0,0,2787,46,0,14,0,831,1125,0,28,0,367,1,0,8,0,257,0,0,0,0,97,1192,0,26,0,0,6,4,2,0,0,2,2,0,0
0,36,2,86,23,28,2,1.039346,0.992183,1.001758,73,6,1084,15,10,127,34,1,96,-100,0,96,2,80,8,324,57,0,0,2787,207,0,19,0,831,559,0,38,0,367,8,0,60,0,257,0,0,7,0,97,874,28,87,0,0,199,30,4,0,0,4,4,0,0
0,36,3,41,23,28,2,1.05371,0.956551,0.982915,29,6,1084,35,30,127,34,1,96,-100,96,0,2,80,8,141,33,0,0,2787,184,0,11,0,831,407,0,22,0,367,0,0,28,0,257,0,0,0,0,97,843,0,47,0,0,52,14,4,0,0,4,4,0,0
0,37,0,106,18,29,1,1.075363,0.963495,0.997691,90,8,1334,100,100,134,36,1,0,-100,98,100,2,80,2,161,81,0,0,2736,198,0,27,0,848,777,0,54,0,514,1,0,8,0,126,32,0,34,0,140,1295,136,47,0,0,179,4,6,0,0,6,6,0,0
0,37,1,44,18,29,1,1.048751,0.999649,0.991606,39,8,1334,5,0,134,36,1,-100,0,-100,-100,0,80,2,323,33,0,0,2736,49,0,11,0,848,1153,0,22,0,514,1,0,0,0,126,0,0,0,0,140,1209,0,15,0,0,4,0,2,0,0,2,2,0,0
0,37,2,84,18,29,1,1.040356,0.98895,0.999396,70,7,1209,5,0,134,36,1,98,-100,0,100,2,80,2,319,60,0,0,2736,269,0,20,0,848,576,0,40,0,514,1,0,16,0,126,23,0,33,0,140,979,132,63,0,0,185,8,22,0,0,5,5,0,0
0,37,3,42,18,29,1,1.060051,0.95851,0.981688,28,6,1084,17.581701,12.581701,134,36,1,100,-100,100,0,2,80,2,152,33,0,0,2736,212,0,11,0,848,418,0,22,0,514,0,0,0,0,126,8,0,16,0,140,906,64,19,0,0,48,0,4,0,0,4,4,0,0
0,38,0,104,16,21,0,1.076959,0.96189,0.996675,89,8,1334,100,100,137,37,1,0,-100,100,100,2,80,11,162,87,0,0,3014,183,0,29,0,855,806,0,58,0,406,0,0,54,0,272,0,0,32,0,220,1295,128,93,0,0,201,27,5,0,0,5,5,0,0
0,38,1,44,16,21,0,1.05812,0.999618,0.990163,39,8,1334,5,0,137,37,1,-100,0,-100,-100,0,80,11,323,33,0,0,3014,44,0,11,0,855,1181,0,22,0,406,1,0,2,0,272,0,0,0,0,220,1175,0,15,0,0,4,1,1,0,0,1,1,0,0
0,38,2,80,16,21,0,1.04339,0.998484,0.997855,68,8,1334,5,0,137,37,1,100,-100,0,100,2,80,11,319,63,0,0,3014,164,0,21,0,855,594,0,42,0,406,0,0,50,0,272,0,0,23,0,220,1013,92,96,0,0,189,25,21,0,0,4,4,0,0
0,38,3,43,16,21,0,1.06258,0.956058,0.983405,29,6,1084,22.581701,17.581701,137,37,1,100,-100,100,0,2,80,11,161,36,0,0,3014,158,0,12,0,855,430,0,24,0,406,0,0,28,0,272,0,0,8,0,220,896,32,50,0,0,57,14,5,0,0,5,5,0,0
0,39,0,108,21,15,0,1.076989,0.962467,0.99658,92,8,1334,100,100,140,38,1,0,-100,98,98,2,80,5,168,90,0,0,2801,192,0,30,0,844,836,0,60,0,512,0,0,12,0,202,0,0,31,0,115,1294,124,52,0,0,202,6,5,0,0,5,5,0,0
0,39,1,46,21,15,0,1.054966,1.000814,0.987034,38,8,1334,5,0,140,38,1,-100,0,-100,-100,0,80,5,327,36,0,0,2801,28,0,12,0,844,1210,0,24,0,512,1,0,0,0,202,0,0,0,0,115,1199,0,16,0,0,2,0,2,0,0,2,2,0,0
0,39,2,80,21,15,0,1.0444,0.997972,1.001902,68,8,1334,5,0,140,38,1,98,-100,0,98,2,80,5,320,63,0,0,2801,199,0,21,0,844,612,0,42,0,512,0,0,16,0,202,0,0,22,0,115,1077,88,43,0,0,194,8,3,0,0,3,3,0,0
0,39,3,43,21,15,0,1.068394,0.954144,0.98227,29,7,1209,18.197726,13.197726,140,38,1,98,-100,98,0,2,80,5,169,33,0,0,2801,176,0,11,0,844,441,0,22,0,512,0,0,4,0,202,0,0,17,0,115,949,68,42,0,0,37,2,22,0,0,5,5,0,0
0,40,0,106,19,19,0,1.08056,0.96376,0.998489,89,8,1334,100,100,141,39,1,0,-100,98,98,2,80,6,159,78,0,0,2741,194,0,26,0,841,857,0,52,0,421,0,0,48,0,272,0,0,0,0,78,1250,0,84,0,0,221,24,5,0,0,5,5,0,0
0,40,1,47,19,19,0,1.057397,1.000897,0.982885,39,8,1334,5,0,141,39,1,-100,0,-100,-100,0,80,6,327,36,0,0,2741,37,0,12,0,841,1230,0,24,0,421,1,0,2,0,272,0,0,0,0,78,1269,0,20,0,0,0,1,3,0,0,3,3,0,0
0,40,2,80,19,19,0,1.047472,0.996654,1.003416,66,8,1334,10,5,141,39,1,98,-100,0,96,2,80,6,309,51,0,0,2741,246,0,17,0,841,634,0,34,0,421,1,0,48,0,272,0,0,0,0,78,1026,0,75,0,0,213,24,5,0,0,5,5,0,0
0,40,3,44,19,19,0,1.073199,0.954884,0.987455,31,7,1209,23.197726,18.197726,141,39,1,98,-100,96,0,2,80,6,186,42,0,0,2741,199,0,14,0,841,455,0,28,0,421,1,0,20,0,272,0,0,0,0,78,921,0,44,0,0,42,10,5,0,0,5,5,0,0
5,1,0,54,18,6,0,0.995824,0.991631,0.999054,0,0,334,100,100,4,0,0,0,-24,14,2,0,80,23,50,36,0,0,2812,201,0,12,0,911,62,0,24,0,483,1,0,48,0,207,17,0,24,0,300,85,96,78,0,0,15,24,9,0,0,9,9,0,0
5,1,1,52,18,6,0,0.99886,0.98848,0.996043,0,0,334,100,100,4,0,0,-24,0,-32,-24,0,80,23,47,36,0,0,2812,195,0,12,0,911,81,0,24,0,483,2,0,44,0,207,28,0,22,0,300,81,88,74,0,0,13,22,9,0,0,9,9,0,0
5,1,2,53,18,6,0,0.994949,0.98706,0.997644,0,0,334,86.778783,81.778783,4,0,0,14,-32,0,12,0,80,23,51,36,0,0,2812,201,0,12,0,911,62,0,24,0,483,5,0,48,0,207,13,0,24,0,300,85,96,78,0,0,15,24,9,0,0,9,9,0,0
5,1,3,53,18,6,0,0.999414,0.989704,0.994933,0,0,334,100,100,4,0,0,2,-24,12,0,0,80,23,53,39,0,0,2812,192,0,13,0,911,63,0,26,0,483,3,0,46,0,207,14,0,23,0,300,82,92,77,0,0,14,23,9,0,0,9,9,0,0
5,2,0,56,19,8,0,0.999195,0.993693,0.999456,9,0,334,100,100,10,0,0,0,-36,16,40,1,80,5,59,42,0,0,2814,229,0,14,0,902,76,0,28,0,378,0,0,40,0,272,0,0,17,0,189,105,68,72,0,0,26,20,9,0,0,9,9,0,0
5,2,1,49,19,8,0,1.003678,0.994581,1.006046,7,0,334,100,100,10,0,0,-36,0,-44,-60,0,80,5,49,36,0,0,2814,221,0,12,0,902,112,0,24,0,378,9,0,44,0,272,6,0,22,0,189,120,88,74,0,0,26,22,9,0,0,9,9,0,0
5,2,2,58,19,8,0,0.998564,0.985395,1.002866,9,0,334,91.778783,86.778783,10,0,0,16,-44,0,48,1,80,5,59,45,0,0,2814,237,0,15,0,902,77,0,30,0,378,1,0,40,0,272,0,0,13,0,189,89,52,73,0,0,26,20,9,0,0,9,9,0,0
5,2,3,60,19,8,0,1.002296,0.99361,0.996749,8,0,334,54.331086,49.331086,10,0,0,40,-60,48,0,2,80,5,55,36,0,0,2814,223,0,12,0,902,75,0,24,0,378,1,0,42,0,272,0,0,14,0,189,100,56,72,0,0,26,21,9,0,0,9,9,0,0
5,3,0,58,18,35,0,1.003613,0.997702,0.998674,16,0,334,100,100,16,0,1,0,-48,36,60,2,80,12,58,39,0,0,3088,160,0,13,0,944,79,0,26,0,460,0,0,16,0,237,0,0,7,0,26,162,28,47,0,0,25,8,9,0,0,9,9,0,0
5,3,1,35,18,35,0,1.011688,0.996321,1.009073,13,0,334,100,100,16,0,1,-48,0,-68,-84,0,80,12,45,36,0,0,3088,160,0,12,0,944,134,0,24,0,460,17,0,12,0,237,6,0,6,0,26,133,24,32,0,0,28,6,4,0,0,4,4,0,0
5,3,2,49,18,35,0,0.998638,0.976757,1.000312,18,0,334,73.979812,68.979812,16,0,1,36,-68,0,86,2,80,12,59,42,0,0,3088,165,0,14,0,944,78,0,28,0,460,0,0,22,0,237,0,0,10,0,26,123,40,54,0,0,28,11,9,0,0,9,9,0,0
5,3,3,64,18,35,0,1.006009,0.989611,1.002733,15,0,334,35.357344,30.357344,16,0,1,60,-84,86,0,2,80,12,59,39,0,0,3088,262,0,13,0,944,83,0,26,0,460,0,0,24,0,237,0,0,11,0,26,134,44,55,0,0,29,12,9,0,0,9,9,0,0
5,4,0,60,23,10,0,1.008569,0.999669,1.001425,23,0,334,100,100,22,1,1,0,-58,36,90,2,80,5,59,39,0,0,2960,217,0,13,0,916,92,0,26,0,514,0,0,8,0,138,6,0,28,0,109,271,112,39,0,0,20,4,9,0,0,9,9,0,0
5,4,1,38,23,10,0,1.0234,0.99871,1.006301,15,0,334,95.496718,90.496718,22,1,1,-58,0,-84,-100,0,80,5,59,36,0,0,2960,153,0,12,0,916,165,0,24,0,514,2,0,18,0,138,29,0,9,0,109,154,36,40,0,0,32,9,5,0,0,5,5,0,0
5,4,2,54,23,10,0,0.999843,0.976329,1.000415,26,0,334,78.979812,73.979812,22,1,1,36,-84,0,100,2,80,5,66,39,0,0,2960,167,0,13,0,916,91,0,26,0,514,0,0,10,0,138,16,0,18,0,109,184,72,41,0,0,24,5,9,0,0,9,9,0,0
5,4,3,67,23,10,0,1.00618,0.991056,0.999863,22,1,459,5,0,22,1,1,90,-100,100,0,2,80,5,54,39,0,0,2960,180,0,13,0,916,96,0,26,0,514,1,0,8,0,138,2,0,32,0,109,286,128,56,0,0,7,4,26,0,0,9,9,0,0
5,5,0,61,15,21,1,1.008702,0.997652,0.996925,32,1,459,100,100,27,2,1,0,-68,54,99,2,80,5,61,45,0,0,2822,270,0,15,0,893,104,0,30,0,426,0,0,28,0,263,0,0,10,0,171,268,40,78,0,0,8,14,26,0,0,9,9,0,0
5,5,1,38,15,21,1,1.028105,1.000903,1.008315,18,0,334,92.246657,87.246657,27,2,1,-68,0,-100,-100,0,80,5,67,33,0,0,2822,144,0,11,0,893,193,0,22,0,426,9,0,18,0,263,20,0,9,0,171,176,36,39,0,0,36,9,5,0,0,5,5,0,0
5,5,2,53,15,21,1,0.999123,0.970394,1.000533,34,0,334,60.050194,55.050194,27,2,1,54,-100,0,100,2,80,5,66,36,0,0,2822,181,0,12,0,893,103,0,24,0,426,0,0,34,0,263,1,0,20,0,171,231,80,60,0,0,34,17,7,0,0,7,7,0,0
5,5,3,61,15,21,1,1.004274,0.996379,0.999802,28,1,459,5,0,27,2,1,99,-100,100,0,2,80,5,53,42,0,0,2822,195,0,14,0,893,110,0,28,0,426,1,0,30,0,263,0,0,2,0,171,274,8,62,0,0,13,15,9,0,0,9,9,0,0
5,6,0,58,20,23,0,1.0113,0.997996,0.997119,36,1,459,100,100,32,3,1,0,-76,72,100,2,80,11,59,45,0,0,2984,194,0,15,0,921,113,0,30,0,507,0,0,14,0,231,0,0,3,0,153,281,12,47,0,0,6,7,9,0,0,9,9,0,0
5,6,1,41,20,23,0,1.027848,1.004204,1.007186,21,0,334,88.979351,83.979351,32,3,1,-76,0,-100,-100,0,80,11,73,27,0,0,2984,137,0,9,0,921,215,0,18,0,507,1,0,16,0,231,8,0,12,0,153,218,48,39,0,0,37,8,7,0,0,7,7,0,0
5,6,2,58,20,23,0,0.996733,0.971409,1.001468,40,0,334,42.041872,37.041872,32,3,1,72,-100,0,100,2,80,11,69,36,0,0,2984,196,0,12,0,921,115,0,24,0,507,1,0,10,0,231,0,0,7,0,153,255,28,34,0,0,33,5,6,0,0,6,6,0,0
5,6,3,53,20,23,0,1.008569,0.997749,0.994791,30,1,459,5,0,32,3,1,100,-100,100,0,2,80,11,42,30,0,0,2984,212,0,10,0,921,120,0,20,0,507,1,0,4,0,231,0,0,17,0,153,346,68,32,0,0,6,2,9,0,0,9,9,0,0
5,7,0,56,19,35,0,1.017763,0.991476,0.993949,38,1,459,100,100,37,4,1,0,-84,90,98,2,80,3,59,36,0,0,2806,268,0,12,0,927,125,0,24,0,421,0,0,26,0,271,0,0,0,0,157,259,0,52,0,0,12,13,7,0,0,7,7,0,0
5,7,1,35,19,35,0,1.029293,1.004775,1.007986,23,0,334,85.620251,80.620251,37,4,1,-84,0,-100,-100,0,80,3,75,30,0,0,2806,126,0,10,0,927,240,0,20,0,421,1,0,10,0,271,0,0,8,0,157,277,32,28,0,0,38,5,4,0,0,4,4,0,0
5,7,2,58,19,35,0,0.99663,0.971192,1.00395,42,0,334,25.113625,20.113625,37,4,1,90,-100,0,100,2,80,3,64,36,0,0,2806,222,0,12,0,927,127,0,24,0,421,1,0,40,0,271,0,0,0,0,157,223,0,64,0,0,47,20,6,0,0,6,6,0,0
5,7,3,45,19,35,0,1.01781,0.994741,1.002367,32,1,459,5,0,37,4,1,98,-100,100,0,2,80,3,43,30,0,0,2806,229,0,10,0,927,130,0,20,0,421,0,0,18,0,271,0,0,1,0,157,334,4,36,0,0,11,9,4,0,0,4,4,0,0
5,8,0,57,14,7,0,1.020501,0.991263,0.995849,43,1,459,100,100,40,5,1,0,-88,98,98,2,80,15,51,33,0,0,3038,201,0,11,0,939,136,0,22,0,498,0,0,14,0,256,0,0,6,0,72,321,24,37,0,0,13,7,6,0,0,6,6,0,0
5,8,1,38,14,7,0,1.027376,1.00827,1.006619,26,1,459,78.164906,73.164906,40,5,1,-88,0,-100,-100,0,80,15,82,30,0,0,3038,131,0,10,0,939,261,0,20,0,498,0,0,8,0,256,0,0,1,0,72,283,4,43,0,0,21,4,21,0,0,4,4,0,0
5,8,2,62,14,7,0,0.997964,0.970032,1.006097,47,0,334,14.634981,9.634981,40,5,1,98,-100,0,100,2,80,15,59,36,0,0,3038,264,0,12,0,939,139,0,24,0,498,0,0,16,0,256,0,0,8,0,72,250,32,38,0,0,50,8,5,0,0,5,5,0,0
5,8,3,44,14,7,0,1.017397,0.996503,1.003729,33,1,459,10,5,40,5,1,98,-100,100,0,2,80,15,47,33,0,0,3038,173,0,11,0,939,141,0,22,0,498,0,0,10,0,256,0,0,1,0,72,382,4,31,0,0,11,5,5,0,0,5,5,0,0
5,9,0,54,15,21,0,1.018817,0.994611,0.994389,44,1,459,100,100,45,6,1,0,-96,100,100,2,80,11,40,27,0,0,2916,255,0,9,0,939,145,0,18,0,469,1,0,18,0,231,0,0,10,0,184,344,40,33,0,0,19,9,3,0,0,3,3,0,0
5,9,1,41,15,21,0,1.030733,1.005443,1.011174,28,1,459,75.040284,70.040284,45,6,1,-96,0,-100,-100,0,80,11,89,33,0,0,2916,142,0,11,0,939,289,0,22,0,469,1,0,16,0,231,0,0,4,0,184,284,16,35,0,0,25,8,4,0,0,4,4,0,0
5,9,2,55,15,21,0,0.995879,0.968174,1.008377,45,1,459,5,0,45,6,1,100,-100,0,100,2,80,11,53,39,0,0,2916,189,0,13,0,939,149,0,26,0,469,1,0,26,0,231,0,0,18,0,184,296,72,64,0,0,42,13,21,0,0,4,4,0,0
5,9,3,45,15,21,0,1.022017,0.999923,1.009964,35,1,459,5,0,45,6,1,100,-100,100,0,2,80,11,50,30,0,0,2916,199,0,10,0,939,151,0,20,0,469,1,0,8,0,231,0,0,9,0,184,398,36,24,0,0,12,4,3,0,0,3,3,0,0
5,10,0,51,19,12,0,1.021891,0.994073,0.990413,43,2,584,100,100,47,7,1,0,-98,98,98,2,80,8,38,27,0,0,2972,192,0,9,0,943,154,0,18,0,427,1,0,24,0,267,0,0,1,0,101,379,4,54,0,0,12,12,19,0,0,2,2,0,0
5,10,1,45,19,12,0,1.032659,1.003771,1.009283,32,1,459,71.661727,66.661727,47,7,1,-98,0,-100,-100,0,80,8,94,33,0,0,2972,150,0,11,0,943,313,0,22,0,427,1,0,30,0,267,0,0,0,0,101,292,0,51,0,0,35,15,5,0,0,5,5,0,0
5,10,2,55,19,12,0,1.000656,0.969332,1.009672,47,1,459,10,5,47,7,1,98,-100,0,98,2,80,8,57,42,0,0,2972,200,0,14,0,943,160,0,28,0,427,0,0,34,0,267,0,0,3,0,101,281,12,54,0,0,56,17,3,0,0,3,3,0,0
5,10,3,51,19,12,0,1.022422,0.995283,1.006829,36,1,459,5,0,47,7,1,98,-100,98,0,2,80,8,55,33,0,0,2972,231,0,11,0,943,162,0,22,0,427,0,0,28,0,267,0,0,1,0,101,383,4,47,0,0,22,14,4,0,0,4,4,0,0
5,11,0,48,15,12,0,1.019886,0.997334,0.986309,38,2,584,100,100,49,8,1,0,-100,98,98,2,80,15,37,27,0,0,2919,257,0,9,0,926,160,0,18,0,483,1,0,6,0,213,0,0,8,0,123,414,32,21,0,0,12,3,3,0,0,3,3,0,0
5,11,1,46,15,12,0,1.032399,1.004327,1.008741,36,1,459,68.324598,63.324598,49,8,1,-100,0,-100,-100,0,80,15,97,36,0,0,2919,153,0,12,0,926,344,0,24,0,483,1,0,20,0,213,0,0,14,0,123,356,56,40,0,0,41,10,4,0,0,4,4,0,0
5,11,2,59,15,12,0,0.999116,0.970963,1.008355,49,1,459,15,10,49,8,1,98,-100,0,100,2,80,15,59,39,0,0,2919,228,0,13,0,926,173,0,26,0,483,0,0,24,0,213,0,0,21,0,123,355,84,43,0,0,65,12,3,0,0,3,3,0,0
5,11,3,52,15,12,0,1.028108,0.994929,1.005252,38,2,584,5,0,49,8,1,98,-100,100,0,2,80,15,54,36,0,0,2919,168,0,12,0,926,174,0,24,0,483,1,0,10,0,213,0,0,16,0,123,418,64,51,0,0,4,5,23,0,0,6,6,0,0
5,12,0,47,14,9,0,1.02257,0.995796,0.986329,39,2,584,100,100,54,9,1,0,-100,100,98,2,80,10,36,27,0,0,3018,200,0,9,0,921,166,0,18,0,399,0,0,28,0,269,0,0,0,0,101,439,0,45,0,0,22,14,4,0,0,4,4,0,0
5,12,1,47,14,9,0,1.036581,1.0059,1.005374,38,1,459,65.158151,60.158151,54,9,1,-100,0,-100,-100,0,80,10,103,39,0,0,3018,164,0,13,0,921,374,0,26,0,399,0,0,32,0,269,0,0,0,0,101,340,0,51,0,0,54,16,3,0,0,3,3,0,0
5,12,2,60,14,9,0,1.002375,0.971814,1.011053,50,1,459,5,0,54,9,1,100,-100,0,100,2,80,10,59,45,0,0,3018,154,0,15,0,921,188,0,30,0,399,1,0,44,0,269,0,0,3,0,101,360,12,67,0,0,83,22,4,0,0,4,4,0,0
5,12,3,56,14,9,0,1.028132,0.993633,1.003213,42,2,584,5,0,54,9,1,98,-100,100,0,2,80,10,64,42,0,0,3018,214,0,14,0,921,188,0,28,0,399,0,0,32,0,269,0,0,0,0,101,385,0,54,0,0,16,16,4,0,0,4,4,0,0
5,13,0,48,19,12,0,1.024977,0.99714,0.986856,41,2,584,100,100,56,10,1,0,-100,98,100,2,80,5,36,27,0,0,2784,256,0,9,0,980,166,0,18,0,480,0,0,18,0,210,0,0,5,0,130,461,20,31,0,0,29,9,2,0,0,2,2,0,0
5,13,1,49,19,12,0,1.035675,1.006654,1.009626,41,2,584,57.268733,52.268733,56,10,1,-100,0,-100,-100,0,80,5,109,42,0,0,2784,183,0,14,0,980,384,0,28,0,480,1,0,6,0,210,0,0,12,0,130,410,48,41,0,0,38,3,19,0,0,2,2,0,0
5,13,2,61,19,12,0,1.005685,0.970889,1.013949,51,2,584,10,5,56,10,1,98,-100,0,100,2,80,5,61,42,0,0,2784,184,0,14,0,980,186,0,28,0,480,0,0,22,0,210,3,0,25,0,130,422,100,59,0,0,74,11,20,0,0,3,3,0,0
5,13,3,59,19,12,0,1.026113,0.994469,1.000366,41,2,584,5,0,56,10,1,100,-100,100,0,2,80,5,72,42,0,0,2784,256,0,14,0,980,186,0,28,0,480,0,0,18,0,210,0,0,17,0,130,436,68,42,0,0,20,9,5,0,0,5,5,0,0
5,14,0,46,13,10,0,1.026166,0.997705,0.988352,40,3,709,100,100,60,12,1,0,-100,96,100,2,80,15,35,27,0,0,3006,199,0,9,0,901,172,0,18,0,516,0,0,6,0,211,0,0,8,0,48,527,32,36,0,0,13,3,19,0,0,2,2,0,0
5,14,1,53,13,10,0,1.032954,1.007972,1.009634,43,2,584,45.8318,40.8318,60,12,1,-100,0,-100,-100,0,80,15,116,45,0,0,3006,209,0,15,0,901,424,0,30,0,516,1,0,4,0,211,0,0,8,0,48,491,32,25,0,0,37,2,3,0,0,3,3,0,0
5,14,2,63,13,10,0,1.007299,0.973206,1.018173,51,3,709,15,10,60,12,1,96,-100,0,98,2,80,15,62,45,0,0,3006,212,0,15,0,901,198,0,30,0,516,0,0,10,0,211,3,0,24,0,48,500,96,50,0,0,58,5,21,0,0,4,4,0,0
5,14,3,58,13,10,0,1.026124,0.99162,1.002741,43,3,709,5,0,60,12,1,100,-100,98,0,2,80,15,75,48,0,0,3006,181,0,16,0,901,202,0,32,0,516,0,0,8,0,211,0,0,21,0,48,530,84,55,0,0,0,4,24,0,0,7,7,0,0
5,15,0,44,12,11,0,1.025746,0.999529,0.987296,39,3,709,100,100,62,13,1,0,-100,96,100,2,80,4,34,24,0,0,2783,233,0,8,0,943,168,0,16,0,442,1,0,16,0,253,0,0,5,0,151,549,20,28,0,0,19,8,2,0,0,2,2,0,0
5,15,1,56,12,11,0,1.033633,1.010699,1.012325,45,3,709,42.554712,37.554712,62,13,1,-100,0,-100,-100,0,80,4,124,48,0,0,2783,230,0,16,0,943,447,0,32,0,442,0,0,10,0,253,0,0,4,0,151,511,16,51,0,0,21,5,21,0,0,4,4,0,0
5,15,2,65,12,11,0,1.007872,0.970021,1.014388,53,3,709,20,15,62,13,1,96,-100,0,100,2,80,4,63,45,0,0,2783,254,0,15,0,943,207,0,30,0,442,1,0,40,0,253,0,0,3,0,151,488,12,63,0,0,74,20,4,0,0,4,4,0,0
5,15,3,56,12,11,0,1.030857,0.988368,1.004395,46,3,709,5,0,62,13,1,100,-100,100,0,2,80,4,82,48,0,0,2783,211,0,16,0,943,206,0,32,0,442,0,0,32,0,253,0,0,10,0,151,539,40,56,0,0,12,16,4,0,0,4,4,0,0
5,16,0,41,10,29,0,1.030099,1.00256,0.989815,38,4,834,100,100,64,13,1,0,-100,98,100,2,80,14,34,24,0,0,3104,181,0,8,0,900,173,0,16,0,458,0,0,12,0,215,0,0,11,0,114,607,44,39,0,0,7,6,18,0,0,1,1,0,0
5,16,1,50,10,29,0,1.035307,1.010899,1.011479,43,3,709,47.554712,42.554712,64,13,1,-100,0,-100,-100,0,80,14,109,33,0,0,3104,163,0,11,0,900,468,0,22,0,458,1,0,14,0,215,0,0,8,0,114,575,32,33,0,0,24,7,4,0,0,4,4,0,0
5,16,2,60,10,29,0,1.014474,0.963238,1.011459,49,3,709,25,20,64,13,1,98,-100,0,100,2,80,14,40,27,0,0,3104,180,0,9,0,900,216,0,18,0,458,1,0,34,0,215,0,0,20,0,114,567,80,51,0,0,87,17,4,0,0,4,4,0,0
5,16,3,51,10,29,0,1.036789,0.98972,1.003883,39,3,709,5,0,64,13,1,100,-100,100,0,2,80,14,71,27,0,0,3104,234,0,9,0,900,215,0,18,0,458,1,0,24,0,215,0,0,16,0,114,579,64,39,0,0,21,12,3,0,0,3,3,0,0
5,17,0,42,12,15,0,1.027569,1.004095,0.986141,38,4,834,100,100,66,13,1,0,-100,100,100,2,80,18,30,24,0,0,2952,212,0,8,0,957,181,0,16,0,471,0,0,10,0,190,0,0,11,0,291,634,44,20,0,0,11,5,1,0,0,1,1,0,0
5,17,1,53,12,15,0,1.035298,1.011238,1.015845,46,4,834,52.554712,47.554712,66,13,1,-100,0,-100,-100,0,80,18,106,33,0,0,2952,182,0,11,0,957,496,0,22,0,471,1,0,18,0,190,0,0,20,0,291,605,80,50,0,0,14,9,19,0,0,2,2,0,0
5,17,2,52,12,15,0,1.007908,0.97066,1.007682,47,4,834,14.577455,9.577455,66,13,1,100,-100,0,100,2,80,18,35,27,0,0,2952,199,0,9,0,957,225,0,18,0,471,0,0,28,0,190,5,0,22,0,291,600,88,58,0,0,82,14,19,0,0,2,2,0,0
5,17,3,52,12,15,0,1.034556,0.985894,1.007759,39,4,834,10,5,66,13,1,100,-100,100,0,2,80,18,61,30,0,0,2952,173,0,10,0,957,225,0,20,0,471,0,0,16,0,190,0,0,24,0,291,622,96,53,0,0,7,8,22,0,0,5,5,0,0
5,18,0,35,8,20,0,1.029273,1.002672,0.986633,33,4,834,100,100,70,14,1,0,-100,98,100,2,80,9,28,21,0,0,2938,163,0,7,0,953,188,0,14,0,459,1,0,14,0,245,0,0,5,0,220,652,20,23,0,0,17,7,1,0,0,1,1,0,0
5,18,1,53,8,20,0,1.037298,1.009641,1.015462,45,4,834,49.494169,44.494169,70,14,1,-100,0,-100,-100,0,80,9,102,36,0,0,2938,187,0,12,0,953,527,0,24,0,459,1,0,16,0,245,0,0,3,0,220,596,12,34,0,0,19,8,3,0,0,3,3,0,0
5,18,2,47,8,20,0,1.007513,0.969167,1.015412,44,4,834,11.850927,6.850927,70,14,1,98,-100,0,100,2,80,9,31,24,0,0,2938,219,0,8,0,953,233,0,16,0,459,1,0,24,0,245,0,0,17,0,220,662,68,34,0,0,93,12,1,0,0,1,1,0,0
5,18,3,52,8,20,0,1.035326,0.989354,1.016463,40,4,834,5,0,70,14,1,100,-100,100,0,2,80,9,55,27,0,0,2938,216,0,9,0,953,234,0,18,0,459,0,0,28,0,245,0,0,5,0,220,597,20,45,0,0,17,14,4,0,0,4,4,0,0
5,19,0,35,17,32,0,1.03015,1.004722,0.988266,30,4,834,100,100,74,15,1,0,-100,100,100,2,80,4,29,18,0,0,2936,186,0,6,0,960,194,0,12,0,405,1,0,18,0,272,0,0,0,0,120,647,0,26,0,0,25,9,1,0,0,1,1,0,0
5,19,1,47,17,32,0,1.047955,1.000805,1.01714,37,4,834,46.012181,41.012181,74,15,1,-100,0,-100,-100,0,80,4,102,39,0,0,2936,201,0,13,0,960,560,0,26,0,405,1,0,38,0,272,0,0,0,0,120,581,0,57,0,0,35,19,3,0,0,3,3,0,0
5,19,2,37,17,32,0,1.000255,0.969979,1.008972,34,4,834,5,0,74,15,1,100,-100,0,100,2,80,4,35,24,0,0,2936,164,0,8,0,960,235,0,16,0,405,11,0,24,0,272,0,0,0,0,120,664,0,34,0,0,104,12,1,0,0,1,1,0,0
5,19,3,53,17,32,0,1.039805,0.986339,1.014471,40,4,834,10,5,74,15,1,100,-100,100,0,2,80,4,55,33,0,0,2936,273,0,11,0,960,245,0,22,0,405,1,0,26,0,272,0,0,0,0,120,578,0,45,0,0,26,13,4,0,0,4,4,0,0
5,20,0,35,16,18,0,1.035666,1.000254,0.985789,28,4,834,100,100,77,16,1,0,-100,100,100,2,80,9,31,18,0,0,2978,225,0,6,0,950,200,0,12,0,508,1,0,8,0,242,0,0,4,0,139,668,16,18,0,0,27,4,2,0,0,2,2,0,0
5,20,1,45,16,18,0,1.061814,0.99652,1.013421,34,4,834,42.648609,37.648609,77,16,1,-100,0,-100,-100,0,80,9,113,39,0,0,2978,201,0,13,0,950,594,0,26,0,508,0,0,2,0,242,0,0,7,0,139,639,28,21,0,0,33,1,3,0,0,3,3,0,0
5,20,2,38,16,18,0,0.99846,0.972951,1.016486,32,4,834,5,0,77,16,1,100,-100,0,100,2,80,9,34,21,0,0,2978,192,0,7,0,950,242,0,14,0,508,1,0,20,0,242,0,0,9,0,139,673,36,29,0,0,113,10,1,0,0,1,1,0,0
5,20,3,52,16,18,0,1.038211,0.982103,1.014294,40,4,834,6.593871,1.593871,77,16,1,100,-100,100,0,2,80,9,52,36,0,0,2978,208,0,12,0,950,257,0,24,0,508,1,0,10,0,242,0,0,10,0,139,661,40,32,0,0,26,5,5,0,0,5,5,0,0
5,21,0,36,12,11,0,1.030827,0.994307,0.980045,27,5,959,100,100,79,16,1,0,-100,100,100,2,80,10,41,27,0,0,2960,181,0,9,0,939,206,0,18,0,463,1,0,10,0,272,0,0,0,0,111,704,0,42,0,0,12,5,20,0,0,3,3,0,0
5,21,1,42,12,11,0,1.065956,0.994522,1.012603,32,4,834,47.648609,42.648609,79,16,1,-100,0,-100,-100,0,80,10,119,39,0,0,2960,183,0,13,0,939,628,0,26,0,463,0,0,16,0,272,0,0,0,0,111,660,0,37,0,0,37,8,4,0,0,4,4,0,0
5,21,2,40,12,11,0,0.99931,0.973001,1.014983,33,4,834,5,0,79,16,1,100,-100,0,100,2,80,10,33,21,0,0,2960,219,0,7,0,939,249,0,14,0,463,1,0,30,0,272,0,0,0,0,111,635,0,43,0,0,125,15,3,0,0,3,3,0,0
5,21,3,53,12,11,0,1.036839,0.978744,1.013759,42,4,834,5,0,79,16,1,100,-100,100,0,2,80,10,55,36,0,0,2960,272,0,12,0,939,269,0,24,0,463,0,0,26,0,272,0,0,0,0,111,638,0,46,0,0,35,13,4,0,0,4,4,0,0
5,22,0,36,16,9,0,1.0312,0.990834,0.978946,28,5,959,100,100,81,17,1,0,-100,98,98,2,80,13,51,33,0,0,3070,206,0,11,0,932,217,0,22,0,514,0,0,4,0,188,2,0,15,0,119,758,60,21,0,0,11,2,3,0,0,3,3,0,0
5,22,1,44,16,9,0,1.068817,0.995215,1.010184,35,5,959,44.883497,39.883497,81,17,1,-100,0,-100,-100,0,80,13,129,39,0,0,3070,178,0,13,0,932,662,0,26,0,514,1,0,2,0,188,2,0,16,0,119,735,64,36,0,0,19,1,19,0,0,2,2,0,0
5,22,2,43,16,9,0,1.006301,0.97451,1.014571,34,5,959,10,5,81,17,1,98,-100,0,100,2,80,13,31,21,0,0,3070,172,0,7,0,932,256,0,14,0,514,0,0,8,0,188,9,0,18,0,119,725,72,36,0,0,110,4,19,0,0,2,2,0,0
5,22,3,55,16,9,0,1.037525,0.981564,1.012031,44,5,959,5,0,81,17,1,98,-100,100,0,2,80,13,60,42,0,0,3070,205,0,14,0,932,283,0,28,0,514,1,0,16,0,188,0,0,15,0,119,708,60,55,0,0,22,8,21,0,0,4,4,0,0
5,23,0,33,14,16,0,1.033446,0.990233,0.975271,24,5,959,100,100,84,18,1,0,-100,100,98,2,80,4,63,33,0,0,2949,159,0,11,0,913,228,0,22,0,484,1,0,12,0,266,0,0,2,0,134,763,8,29,0,0,14,6,3,0,0,3,3,0,0
5,23,1,45,14,16,0,1.074978,0.996815,1.005051,34,5,959,41.430677,36.430677,84,18,1,-100,0,-100,-100,0,80,4,148,45,0,0,2949,169,0,15,0,913,702,0,30,0,484,1,0,12,0,266,0,0,2,0,134,763,8,35,0,0,21,6,4,0,0,4,4,0,0
5,23,2,41,14,16,0,1.006169,0.970528,1.014492,34,5,959,5,0,84,18,1,100,-100,0,100,2,80,4,41,30,0,0,2949,192,0,10,0,913,266,0,20,0,484,1,0,20,0,266,0,0,9,0,134,744,36,36,0,0,117,10,3,0,0,3,3,0,0
5,23,3,57,14,16,0,1.039607,0.984447,1.009769,45,5,959,10,5,84,18,1,98,-100,100,0,2,80,4,67,42,0,0,2949,264,0,14,0,913,297,0,28,0,484,1,0,14,0,266,0,0,3,0,134,720,12,36,0,0,25,7,4,0,0,4,4,0,0
5,24,0,36,17,7,0,1.034728,0.986588,0.978197,24,5,959,100,100,87,19,1,0,-100,100,98,2,80,11,82,36,0,0,3048,138,0,12,0,903,240,0,24,0,442,1,0,16,0,272,0,0,0,0,126,750,0,34,0,0,19,8,3,0,0,3,3,0,0
5,24,1,47,17,7,0,1.075799,0.996105,1.006219,37,5,959,37.863467,32.863467,87,19,1,-100,0,-100,-100,0,80,11,162,48,0,0,3048,148,0,16,0,903,741,0,32,0,442,1,0,18,0,272,0,0,0,0,126,786,0,42,0,0,26,9,4,0,0,4,4,0,0
5,24,2,44,17,7,0,1.00553,0.974429,1.014285,36,5,959,5,0,87,19,1,100,-100,0,100,2,80,11,46,27,0,0,3048,230,0,9,0,903,275,0,18,0,442,1,0,34,0,272,0,0,0,0,126,705,0,47,0,0,132,17,2,0,0,2,2,0,0
5,24,3,59,17,7,0,1.039682,0.982142,1.008337,48,5,959,5,0,87,19,1,98,-100,100,0,2,80,11,76,48,0,0,3048,191,0,16,0,903,313,0,32,0,442,0,0,32,0,272,0,0,0,0,126,734,0,56,0,0,37,16,4,0,0,4,4,0,0
5,25,0,38,19,12,0,1.032282,0.979972,0.975844,24,5,959,100,100,89,19,1,0,-100,100,100,2,80,6,102,39,0,0,3000,105,0,13,0,886,253,0,26,0,468,1,0,12,0,232,0,0,6,0,83,766,24,35,0,0,20,6,5,0,0,5,5,0,0
5,25,1,50,19,12,0,1.078795,0.996695,1.00629,39,6,1084,42.863467,37.863467,89,19,1,-100,0,-100,-100,0,80,6,180,51,0,0,3000,124,0,17,0,886,786,0,34,0,468,0,0,26,0,232,0,0,11,0,83,839,44,66,0,0,19,13,20,0,0,3,3,0,0
5,25,2,45,19,12,0,1.010985,0.972719,1.019822,36,5,959,5,0,89,19,1,100,-100,0,100,2,80,6,49,30,0,0,3000,176,0,10,0,886,285,0,20,0,468,1,0,24,0,232,0,0,9,0,83,777,36,40,0,0,141,12,3,0,0,3,3,0,0
5,25,3,60,19,12,0,1.041992,0.980973,1.004089,48,5,959,5,0,89,19,1,100,-100,100,0,2,80,6,81,51,0,0,3000,251,0,17,0,886,330,0,34,0,468,1,0,14,0,232,0,0,3,0,83,733,12,39,0,0,40,7,4,0,0,4,4,0,0
5,26,0,42,20,10,0,1.029112,0.986056,0.976152,27,5,959,100,100,91,20,1,0,-100,98,98,2,80,2,121,39,0,0,3021,78,0,13,0,887,266,0,26,0,538,1,0,0,0,203,6,0,14,0,89,829,56,23,0,0,15,0,5,0,0,5,5,0,0
5,26,1,52,20,10,0,1.084348,0.99425,1.002881,41,6,1084,35.509533,30.509533,91,20,1,-100,0,-100,-100,0,80,2,195,51,0,0,3021,124,0,17,0,887,827,0,34,0,538,0,0,0,0,203,0,0,20,0,89,964,80,25,0,0,15,0,4,0,0,4,4,0,0
5,26,2,48,20,10,0,1.015888,0.972815,1.020407,37,6,1084,5,0,91,20,1,98,-100,0,98,2,80,2,50,30,0,0,3021,201,0,10,0,887,295,0,20,0,538,1,0,0,0,203,0,0,20,0,89,847,80,33,0,0,121,0,20,0,0,3,3,0,0
5,26,3,61,20,10,0,1.042566,0.983151,1.000599,48,6,1084,10,5,91,20,1,98,-100,98,0,2,80,2,88,51,0,0,3021,174,0,17,0,887,347,0,34,0,538,1,0,4,0,203,0,0,9,0,89,801,36,46,0,0,21,2,21,0,0,4,4,0,0
5,27,0,42,16,13,0,1.031921,0.986477,0.974041,30,5,959,100,100,94,21,1,0,-100,98,100,2,80,9,134,42,0,0,2852,46,0,14,0,882,280,0,28,0,537,1,0,4,0,173,1,0,18,0,108,915,72,28,0,0,12,2,5,0,0,5,5,0,0
5,27,1,53,16,13,0,1.083013,0.992014,1.006738,42,6,1084,28.232819,23.232819,94,21,1,-100,0,-100,-100,0,80,9,204,48,0,0,2852,116,0,16,0,882,870,0,32,0,537,1,0,2,0,173,13,0,22,0,108,1060,88,26,0,0,12,1,4,0,0,4,4,0,0
5,27,2,51,16,13,0,1.016842,0.975227,1.02146,38,7,1209,10,5,94,21,1,98,-100,0,100,2,80,9,47,33,0,0,2852,228,0,11,0,882,306,0,22,0,537,1,0,0,0,173,4,0,23,0,108,936,92,36,0,0,100,0,21,0,0,4,4,0,0
5,27,3,60,16,13,0,1.044033,0.981258,1.002273,46,6,1084,5,0,94,21,1,100,-100,100,0,2,80,9,85,39,0,0,2852,260,0,13,0,882,360,0,26,0,537,1,0,0,0,173,0,0,24,0,108,906,96,23,0,0,16,0,5,0,0,5,5,0,0
5,28,0,45,17,25,0,1.033809,0.986451,0.970844,33,5,959,100,100,97,22,1,0,-100,100,100,2,80,5,153,42,0,0,3118,24,0,14,0,892,294,0,28,0,480,0,0,16,0,258,0,0,1,0,44,917,4,38,0,0,16,8,4,0,0,4,4,0,0
5,28,1,51,17,25,0,1.084826,0.988487,1.00324,41,6,1084,20.89184,15.89184,97,22,1,-100,0,-100,-100,0,80,5,216,51,0,0,3118,86,0,17,0,892,916,0,34,0,480,1,0,6,0,258,0,0,13,0,44,1061,52,29,0,0,12,3,3,0,0,3,3,0,0
5,28,2,52,17,25,0,1.022573,0.973119,1.02455,41,7,1209,15,10,97,22,1,100,-100,0,100,2,80,5,50,33,0,0,3118,165,0,11,0,892,314,0,22,0,480,0,0,30,0,258,0,0,4,0,44,982,16,49,0,0,111,15,4,0,0,4,4,0,0
5,28,3,50,17,25,0,1.053628,0.980837,0.99446,37,6,1084,5,0,97,22,1,100,-100,100,0,2,80,5,84,39,0,0,3118,186,0,13,0,892,373,0,26,0,480,0,0,4,0,258,0,0,14,0,44,963,56,27,0,0,13,2,5,0,0,5,5,0,0
5,29,0,48,18,8,0,1.040397,0.987913,0.968527,36,5,959,100,100,101,23,1,0,-100,100,100,2,80,21,165,42,0,0,2910,28,0,14,0,903,302,0,28,0,529,1,0,4,0,177,2,0,19,0,105,937,76,26,0,0,14,2,4,0,0,4,4,0,0
5,29,1,56,18,8,0,1.079975,0.990635,1.005136,42,6,1084,17.022442,12.022442,101,23,1,-100,0,-100,-100,0,80,21,234,54,0,0,2910,57,0,18,0,903,960,0,36,0,529,1,0,4,0,177,0,0,18,0,105,1058,72,30,0,0,10,2,4,0,0,4,4,0,0
5,29,2,52,18,8,0,1.025277,0.974564,1.023493,42,8,1334,5,0,101,23,1,100,-100,0,100,2,80,21,44,33,0,0,2910,202,0,11,0,903,325,0,22,0,529,0,0,2,0,177,4,0,26,0,105,1077,104,38,0,0,91,1,21,0,0,4,4,0,0
5,29,3,52,18,8,0,1.060252,0.982093,0.993874,40,6,1084,5,0,101,23,1,100,-100,100,0,2,80,21,91,42,0,0,2910,209,0,14,0,903,381,0,28,0,529,0,0,4,0,177,0,0,23,0,105,1061,92,26,0,0,11,2,4,0,0,4,4,0,0
5,30,0,52,15,10,1,1.045214,0.986381,0.97309,38,6,1084,100,100,104,24,1,0,-100,100,100,2,80,10,181,48,0,0,2898,34,0,16,0,878,312,0,32,0,479,1,0,20,0,242,0,0,8,0,108,912,32,61,0,0,3,10,21,0,0,4,4,0,0
5,30,1,56,15,10,1,1.080408,0.984429,1.001994,45,6,1084,9.660777,4.660777,104,24,1,-100,0,-100,-100,0,80,10,247,57,0,0,2898,12,0,19,0,878,1006,0,38,0,479,0,0,14,0,242,0,0,6,0,108,1053,24,41,0,0,13,7,4,0,0,4,4,0,0
5,30,2,51,15,10,1,1.026788,0.974249,1.02733,45,8,1334,10,5,104,24,1,100,-100,0,100,2,80,10,45,33,0,0,2898,246,0,11,0,878,336,0,22,0,479,1,0,20,0,242,0,0,13,0,108,1128,52,37,0,0,98,10,3,0,0,3,3,0,0
5,30,3,54,15,10,1,1.063567,0.978358,0.992037,41,6,1084,5,0,104,24,1,100,-100,100,0,2,80,10,100,42,0,0,2898,238,0,14,0,878,389,0,28,0,479,0,0,8,0,242,0,0,9,0,108,1062,36,30,0,0,11,4,4,0,0,4,4,0,0
5,31,0,52,18,14,0,1.043549,0.982626,0.969567,38,6,1084,100,100,107,25,1,0,-100,100,100,2,80,12,190,45,0,0,3022,34,0,15,0,904,309,0,30,0,421,1,0,36,0,272,0,0,0,0,99,893,0,61,0,0,16,18,5,0,0,5,5,0,0
5,31,1,56,18,14,0,1.082326,0.984224,1.00284,46,7,1209,5,0,107,25,1,-100,0,-100,-100,0,80,12,263,57,0,0,3022,31,0,19,0,904,1046,0,38,0,421,1,0,24,0,272,0,0,0,0,99,1018,0,66,0,0,5,12,20,0,0,3,3,0,0
5,31,2,52,18,14,0,1.024621,0.971433,1.026507,47,8,1334,6.111602,1.111602,107,25,1,100,-100,0,100,2,80,12,46,33,0,0,3022,183,0,11,0,904,338,0,22,0,421,1,0,30,0,272,0,0,0,0,99,1147,0,43,0,0,112,15,1,0,0,1,1,0,0
5,31,3,57,18,14,0,1.06334,0.97636,0.996849,43,7,1209,5,0,107,25,1,100,-100,100,0,2,80,12,98,39,0,0,3022,171,0,13,0,904,395,0,26,0,421,1,0,28,0,272,0,0,0,0,99,1018,0,66,0,0,4,14,21,0,0,4,4,0,0
5,32,0,54,18,23,0,1.044998,0.977035,0.971618,40,6,1084,100,100,109,26,1,0,-100,98,98,2,80,2,197,42,0,0,2835,42,0,14,0,898,323,0,28,0,497,0,0,16,0,230,0,0,9,0,103,921,36,38,0,0,20,8,4,0,0,4,4,0,0
5,32,1,55,18,23,0,1.087376,0.980521,1.002897,48,7,1209,5,0,109,26,1,-100,0,-100,-100,0,80,2,279,57,0,0,2835,31,0,19,0,898,1067,0,38,0,497,1,0,4,0,230,0,0,0,0,103,1083,0,27,0,0,5,2,2,0,0,2,2,0,0
5,32,2,48,18,23,0,1.022061,0.9667,1.027291,42,8,1334,11.111602,6.111602,109,26,1,98,-100,0,98,2,80,2,55,39,0,0,2835,206,0,13,0,898,356,0,26,0,497,0,0,18,0,230,0,0,6,0,103,1174,24,35,0,0,119,9,2,0,0,2,2,0,0
5,32,3,55,18,23,0,1.071245,0.972209,0.99335,39,7,1209,5,0,109,26,1,98,-100,98,0,2,80,2,100,39,0,0,2835,213,0,13,0,898,408,0,26,0,497,1,0,10,0,230,0,0,0,0,103,1019,0,33,0,0,4,5,5,0,0,5,5,0,0
5,33,0,57,15,8,0,1.047341,0.977257,0.968683,42,6,1084,100,100,111,27,1,0,-100,100,98,2,80,14,207,45,0,0,2834,57,0,15,0,865,338,0,30,0,544,0,0,0,0,207,0,0,24,0,191,1019,96,25,0,0,15,0,5,0,0,5,5,0,0
5,33,1,57,15,8,0,1.089988,0.977038,1.001313,47,7,1209,5,0,111,27,1,-100,0,-100,-100,0,80,14,295,57,0,0,2834,39,0,19,0,865,1115,0,38,0,544,1,0,0,0,207,0,0,11,0,191,1118,44,25,0,0,2,0,3,0,0,3,3,0,0
5,33,2,50,15,8,0,1.024397,0.968496,1.023636,43,8,1334,7.958178,2.958178,111,27,1,100,-100,0,100,2,80,14,55,36,0,0,2834,242,0,12,0,865,365,0,24,0,544,0,0,0,0,207,0,0,21,0,191,1271,84,16,0,0,117,0,2,0,0,2,2,0,0
5,33,3,55,15,8,0,1.068515,0.971645,0.99365,42,7,1209,10,5,111,27,1,98,-100,100,0,2,80,14,109,48,0,0,2834,246,0,16,0,865,424,0,32,0,544,1,0,0,0,207,0,0,9,0,191,1065,36,24,0,0,0,0,4,0,0,4,4,0,0
5,34,0,60,12,22,0,1.048886,0.975272,0.974703,46,6,1084,100,100,115,28,1,0,-100,100,98,2,80,20,222,54,0,0,3044,62,0,18,0,856,356,0,36,0,499,0,0,12,0,272,0,0,0,0,79,1024,0,40,0,0,16,6,5,0,0,5,5,0,0
5,34,1,52,12,22,0,1.085316,0.984775,0.999962,43,7,1209,5,0,115,28,1,-100,0,-100,-100,0,80,20,318,66,0,0,3044,28,0,22,0,856,1165,0,44,0,499,1,0,8,0,272,0,0,0,0,79,1114,0,38,0,0,2,4,4,0,0,4,4,0,0
5,34,2,48,12,22,0,1.023902,0.968426,1.025109,41,8,1334,5,0,115,28,1,100,-100,0,100,2,80,20,54,36,0,0,3044,180,0,12,0,856,377,0,24,0,499,0,0,16,0,272,0,0,0,0,79,1271,0,34,0,0,122,8,3,0,0,3,3,0,0
5,34,3,49,12,22,0,1.065354,0.974593,0.99915,38,7,1209,15,10,115,28,1,98,-100,100,0,2,80,20,114,45,0,0,3044,176,0,15,0,856,439,0,30,0,499,0,0,10,0,272,0,0,0,0,79,1073,0,33,0,0,1,5,4,0,0,4,4,0,0
5,35,0,61,15,9,0,1.050516,0.972375,0.976697,48,7,1209,100,100,118,29,1,0,-100,100,98,2,80,19,236,60,0,0,2877,47,0,20,0,850,376,0,40,0,463,1,0,20,0,254,0,0,6,0,296,982,24,67,0,0,4,10,22,0,0,5,5,0,0
5,35,1,52,15,9,0,1.080169,0.983375,1.000641,44,7,1209,5,0,118,29,1,-100,0,-100,-100,0,80,19,348,66,0,0,2877,28,0,22,0,850,1165,0,44,0,463,1,0,18,0,254,0,0,0,0,296,1068,0,46,0,0,8,9,3,0,0,3,3,0,0
5,35,2,53,15,9,0,1.023852,0.968762,1.028634,43,8,1334,5,0,118,29,1,100,-100,0,98,2,80,19,55,33,0,0,2877,217,0,11,0,850,396,0,22,0,463,1,0,20,0,254,0,0,9,0,296,1257,36,35,0,0,130,10,2,0,0,2,2,0,0
5,35,3,49,15,9,0,1.06904,0.967498,0.999168,40,7,1209,20,15,118,29,1,98,-100,98,0,2,80,19,124,45,0,0,2877,200,0,15,0,850,454,0,30,0,463,1,0,14,0,254,0,0,3,0,296,1051,12,37,0,0,4,7,4,0,0,4,4,0,0
5,36,0,64,12,8,0,1.051085,0.971211,0.975339,52,7,1209,100,100,120,30,1,0,-100,100,98,2,80,17,255,63,0,0,2842,67,0,21,0,865,376,0,42,0,508,0,0,12,0,233,0,0,14,0,168,1030,56,41,0,0,6,6,4,0,0,4,4,0,0
5,36,1,51,12,8,0,1.082296,0.976488,0.996979,44,7,1209,5,0,120,30,1,-100,0,-100,-100,0,80,17,375,69,0,0,2842,17,0,23,0,865,1163,0,46,0,508,0,0,4,0,233,0,0,3,0,168,1089,12,33,0,0,7,2,3,0,0,3,3,0,0
5,36,2,55,12,8,0,1.025402,0.967411,1.028793,44,8,1334,5,0,120,30,1,100,-100,0,100,2,80,17,63,45,0,0,2842,253,0,15,0,865,407,0,30,0,508,1,0,12,0,233,0,0,14,0,168,1299,56,35,0,0,132,6,4,0,0,4,4,0,0
5,36,3,49,12,8,0,1.072123,0.965929,1.00157,42,7,1209,25,20,120,30,1,98,-100,100,0,2,80,17,135,45,0,0,2842,224,0,15,0,865,460,0,30,0,508,1,0,10,0,233,0,0,8,0,168,1080,32,31,0,0,6,5,3,0,0,3,3,0,0
5,37,0,63,13,15,0,1.050514,0.965379,0.976553,51,7,1209,100,100,121,31,1,0,-100,98,98,2,80,19,272,63,0,0,3022,86,0,21,0,825,397,0,42,0,533,0,0,6,0,215,0,0,21,0,21,1124,84,35,0,0,5,3,4,0,0,4,4,0,0
5,37,1,52,13,15,0,1.083703,0.976373,0.994345,46,7,1209,5,0,121,31,1,-100,0,-100,-100,0,80,19,400,66,0,0,3022,18,0,22,0,825,1165,0,44,0,533,0,0,0,0,215,0,0,13,0,21,1183,52,26,0,0,5,0,2,0,0,2,2,0,0
5,37,2,53,13,15,0,1.025306,0.961857,1.035229,45,8,1334,10,5,121,31,1,98,-100,0,98,2,80,19,67,48,0,0,3022,182,0,16,0,825,431,0,32,0,533,0,0,6,0,215,0,0,8,0,21,1312,32,28,0,0,132,3,3,0,0,3,3,0,0
5,37,3,49,13,15,0,1.07541,0.958682,0.999125,41,7,1209,30,25,121,31,1,98,-100,98,0,2,80,19,138,36,0,0,3022,163,0,12,0,825,472,0,24,0,533,1,0,0,0,215,0,0,15,0,21,1193,60,16,0,0,4,0,2,0,0,2,2,0,0
5,38,0,71,27,10,1,1.052124,0.963046,0.982657,53,7,1209,100,100,122,32,1,0,-100,98,96,2,80,1,294,66,0,0,2831,103,0,22,0,856,399,0,44,0,505,1,0,14,0,221,0,0,12,0,75,1178,48,44,0,0,8,7,4,0,0,4,4,0,0
5,38,1,56,27,10,1,1.082294,0.975109,0.994917,48,7,1209,5,0,122,32,1,-100,0,-100,-100,0,80,1,431,69,0,0,2831,27,0,23,0,856,1163,0,46,0,505,0,0,0,0,221,0,0,9,0,75,1182,36,27,0,0,3,0,2,0,0,2,2,0,0
5,38,2,56,27,10,1,1.022283,0.958912,1.037197,45,8,1334,15,10,122,32,1,98,-100,0,96,2,80,1,84,51,0,0,2831,182,0,17,0,856,443,0,34,0,505,0,0,6,0,221,0,0,21,0,75,1311,84,29,0,0,132,3,3,0,0,3,3,0,0
5,38,3,51,27,10,1,1.081031,0.951391,0.999068,39,7,1209,35,30,122,32,1,96,-100,96,0,2,80,1,145,39,0,0,2831,178,0,13,0,856,482,0,26,0,505,0,0,16,0,221,0,0,9,0,75,1190,36,35,0,0,9,8,3,0,0,3,3,0,0
5,39,0,71,22,11,1,1.057777,0.960453,0.982065,52,7,1209,100,100,123,33,1,0,-100,98,94,2,80,1,306,63,0,0,2808,120,0,21,0,814,420,0,42,0,456,1,0,26,0,272,0,0,0,0,99,1148,0,61,0,0,14,13,7,0,0,7,7,0,0
5,39,1,59,22,11,1,1.081653,0.976193,0.998322,50,7,1209,5,0,123,33,1,-100,0,-100,-100,0,80,1,455,69,0,0,2808,45,0,23,0,814,1163,0,46,0,456,0,0,8,0,272,0,0,0,0,99,1172,0,37,0,0,4,4,3,0,0,3,3,0,0
5,39,2,62,22,11,1,1.020712,0.956037,1.034994,47,8,1334,20,15,123,33,1,98,-100,0,94,2,80,1,110,60,0,0,2808,178,0,20,0,814,463,0,40,0,456,1,0,26,0,272,0,0,0,0,99,1280,0,54,0,0,141,13,4,0,0,4,4,0,0
5,39,3,53,22,11,1,1.085396,0.951992,0.999817,39,8,1334,40,35,123,33,1,94,-100,94,0,2,80,1,152,36,0,0,2808,213,0,12,0,814,494,0,24,0,456,1,0,26,0,272,0,0,0,0,99,1144,0,65,0,0,0,13,22,0,0,5,5,0,0
5,40,0,61,20,40,0,1.068994,0.95752,0.983313,44,7,1209,100,100,127,34,1,0,-100,98,100,2,80,6,311,57,0,0,2792,150,0,19,0,807,439,0,38,0,499,0,0,8,0,205,0,0,21,0,116,1178,84,39,0,0,12,4,6,0,0,6,6,0,0
5,40,1,42,20,40,0,1.088182,0.969571,1.002965,34,7,1209,5,0,127,34,1,-100,0,-100,-100,0,80,6,474,66,0,0,2792,36,0,22,0,807,1165,0,44,0,499,0,0,2,0,205,10,0,10,0,116,1178,40,30,0,0,2,1,3,0,0,3,3,0,0
5,40,2,66,20,40,0,1.022106,0.954707,1.037927,49,8,1334,25,20,127,34,1,98,-100,0,100,2,80,6,131,63,0,0,2792,183,0,21,0,807,484,0,42,0,499,1,0,18,0,205,0,0,12,0,116,1301,48,51,0,0,144,9,6,0,0,6,6,0,0
5,40,3,56,20,40,0,1.091057,0.944521,0.997229,40,8,1334,22.427882,17.427882,127,34,1,100,-100,100,0,2,80,6,156,36,0,0,2792,260,0,12,0,807,506,0,24,0,499,1,0,18,0,205,0,0,14,0,116,1196,56,40,0,0,4,9,5,0,0,5,5,0,0
7,1,0,52,14,12,0,1.001999,0.988964,0.998914,0,0,334,100,100,5,0,0,0,-26,14,8,0,80,10,54,39,0,0,2812,200,0,13,0,911,63,0,26,0,398,22,0,46,0,272,2,0,23,0,137,115,92,77,0,0,14,23,9,0,0,9,9,0,0
7,1,1,45,14,12,0,1.000687,0.991919,0.994933,0,0,334,100,100,5,0,0,-26,0,-34,-30,0,80,10,47,36,0,0,2812,195,0,12,0,911,81,0,24,0,398,34,0,38,0,272,6,0,19,0,137,125,76,68,0,0,10,19,9,0,0,9,9,0,0
7,1,2,53,14,12,0,1.0061,0.98736,1.008147,0,0,334,87.299686,82.299686,5,0,0,14,-34,0,20,1,80,10,58,39,0,0,2812,200,0,13,0,911,63,0,26,0,398,24,0,44,0,272,3,0,22,0,137,110,88,75,0,0,13,22,9,0,0,9,9,0,0
7,1,3,52,14,12,0,1.003309,0.989508,1.004324,0,0,334,100,95.637559,5,0,0,8,-30,20,0,1,80,10,56,39,0,0,2812,192,0,13,0,911,63,0,26,0,398,25,0,44,0,272,3,0,22,0,137,113,88,75,0,0,13,22,9,0,0,9,9,0,0
7,2,0,49,8,32,1,0.998231,0.985029,0.996702,8,0,334,100,100,9,1,1,0,-34,24,8,1,80,20,65,45,0,0,2809,237,0,15,0,907,78,0,30,0,524,0,0,26,0,158,11,0,18,0,152,151,72,51,0,0,22,13,5,0,0,5,5,0,0
7,2,1,32,8,32,1,0.998092,0.989883,0.998274,7,0,334,96.709603,91.709603,9,1,1,-34,0,-54,-43,0,80,20,47,36,0,0,2809,228,0,12,0,907,112,0,24,0,524,11,0,26,0,158,3,0,13,0,152,148,52,44,0,0,20,13,3,0,0,3,3,0,0
7,2,2,53,8,32,1,1.00108,0.98433,1.004174,7,0,334,69.359059,64.359059,9,1,1,24,-54,0,38,2,80,20,59,39,0,0,2809,238,0,13,0,907,76,0,26,0,524,0,0,30,0,158,11,0,22,0,152,164,88,61,0,0,19,15,9,0,0,9,9,0,0
7,2,3,44,8,32,1,1.001039,0.993449,1.000885,7,0,334,96.714257,91.714257,9,1,1,8,-43,38,0,1,80,20,57,39,0,0,2809,220,0,13,0,907,76,0,26,0,524,0,0,32,0,158,9,0,18,0,152,146,72,57,0,0,23,16,6,0,0,6,6,0,0
7,3,0,49,12,12,0,1.000276,0.989209,0.998177,13,0,334,100,100,11,1,1,0,-38,38,10,1,80,31,76,48,0,0,3200,172,0,16,0,918,91,0,32,0,436,0,0,34,0,272,0,0,11,0,8,213,44,62,0,0,33,17,6,0,0,6,6,0,0
7,3,1,32,12,12,0,0.998679,0.985106,1.004284,9,0,334,100,96.709603,11,1,1,-38,0,-66,-47,0,80,31,53,30,0,0,3200,186,0,10,0,918,131,0,20,0,436,0,0,18,0,272,0,0,3,0,8,180,12,34,0,0,26,9,3,0,0,3,3,0,0
7,3,2,54,12,12,0,1.000184,0.986933,1.001748,15,0,334,58.332173,53.332173,11,1,1,38,-66,0,50,2,80,31,59,39,0,0,3200,172,0,13,0,918,89,0,26,0,436,1,0,36,0,272,0,0,11,0,8,212,44,67,0,0,28,18,9,0,0,9,9,0,0
7,3,3,43,12,12,0,1.003164,0.993796,0.999345,12,0,334,100,96.714257,11,1,1,10,-47,50,0,1,80,31,63,39,0,0,3200,163,0,13,0,918,89,0,26,0,436,0,0,30,0,272,0,0,9,0,8,189,36,55,0,0,32,15,6,0,0,6,6,0,0
7,4,0,48,18,12,0,0.999746,0.992758,1.004855,16,0,334,100,100,17,1,1,0,-50,58,30,2,80,12,96,54,0,0,2886,181,0,18,0,909,106,0,36,0,544,0,0,0,0,165,18,0,13,0,175,261,52,22,0,0,31,0,2,0,0,2,2,0,0
7,4,1,34,18,12,0,0.997595,0.989284,1.004262,10,0,334,100,100,17,1,1,-50,0,-90,-71,0,80,12,69,33,0,0,2886,213,0,11,0,909,159,0,22,0,544,0,0,0,0,165,7,0,11,0,175,225,44,19,0,0,22,0,4,0,0,4,4,0,0
7,4,2,56,18,12,0,0.998396,0.989645,1.004744,24,1,459,40.777912,35.777912,17,1,1,58,-90,0,86,2,80,12,63,42,0,0,2886,192,0,14,0,909,100,0,28,0,544,1,0,0,0,165,5,0,23,0,175,285,92,49,0,0,2,0,26,0,0,9,9,0,0
7,4,3,46,18,12,0,1.00342,0.991822,0.999686,18,0,334,81.647129,76.647129,17,1,1,30,-71,86,0,2,80,12,76,39,0,0,2886,176,0,13,0,909,102,0,26,0,544,0,0,0,0,165,5,0,18,0,175,260,72,31,0,0,23,0,9,0,0,9,9,0,0
7,5,0,51,14,23,0,1.001994,0.999636,1.006689,16,0,334,100,100,23,3,1,0,-64,80,28,2,80,12,121,57,0,0,2936,202,0,19,0,894,125,0,38,0,435,8,0,26,0,272,5,0,13,0,162,270,52,49,0,0,42,13,2,0,0,2,2,0,0
7,5,1,21,14,23,0,0.99832,0.989874,1.000179,12,0,334,88.964113,83.964113,23,3,1,-64,0,-100,-91,0,80,12,75,33,0,0,2936,168,0,11,0,894,182,0,22,0,435,0,0,8,0,272,3,0,4,0,162,241,16,25,0,0,23,4,3,0,0,3,3,0,0
7,5,2,59,14,23,0,1.00382,0.988406,1.004555,32,1,459,13.839863,8.839863,23,3,1,80,-100,0,98,2,80,12,73,45,0,0,2936,225,0,15,0,894,112,0,30,0,435,0,0,32,0,272,0,0,5,0,162,273,20,65,0,0,9,16,9,0,0,9,9,0,0
7,5,3,44,14,23,0,1.004537,0.991049,1.000197,24,0,334,86.647129,81.647129,23,3,1,28,-91,98,0,2,80,12,87,42,0,0,2936,172,0,14,0,894,116,0,28,0,435,2,0,30,0,272,0,0,5,0,162,244,20,60,0,0,30,15,8,0,0,8,8,0,0
7,6,0,53,20,18,0,1.001436,0.999957,1.009875,17,0,334,100,100,26,4,1,0,-68,92,28,2,80,6,150,63,0,0,2934,226,0,21,0,885,143,0,42,0,465,6,0,28,0,260,0,0,8,0,209,255,32,53,0,0,54,14,2,0,0,2,2,0,0
7,6,1,23,20,18,0,1.007345,0.989976,0.990481,13,0,334,74.087515,69.087515,26,4,1,-68,0,-100,-100,0,80,6,100,33,0,0,2934,146,0,11,0,885,210,0,22,0,465,1,0,6,0,260,0,0,3,0,209,255,12,23,0,0,23,3,3,0,0,3,3,0,0
7,6,2,54,20,18,0,1.0046,0.978753,1.001082,35,1,459,5,0,26,4,1,92,-100,0,100,2,80,6,74,39,0,0,2934,249,0,13,0,885,125,0,26,0,465,0,0,20,0,260,0,0,4,0,209,264,16,47,0,0,12,10,7,0,0,7,7,0,0
7,6,3,47,20,18,0,1.00884,0.995636,1.005799,28,0,334,91.647129,86.647129,26,4,1,28,-100,100,0,2,80,6,104,39,0,0,2934,171,0,13,0,885,129,0,26,0,465,0,0,22,0,260,0,0,5,0,209,241,20,47,0,0,35,11,6,0,0,6,6,0,0
7,7,0,57,22,7,0,1.005885,0.998065,1.011901,18,0,334,100,100,28,5,1,0,-70,98,28,2,80,9,178,63,0,0,3136,152,0,21,0,886,162,0,42,0,417,20,0,28,0,272,0,0,0,0,172,233,0,53,0,0,66,14,2,0,0,2,2,0,0
7,7,1,25,22,7,0,1.024099,0.977912,0.992607,14,0,334,70.493081,65.493081,28,5,1,-70,0,-100,-100,0,80,9,122,33,0,0,3136,112,0,11,0,886,238,0,22,0,417,0,0,6,0,272,0,0,0,0,172,244,0,23,0,0,23,3,3,0,0,3,3,0,0
7,7,2,58,22,7,0,1.006266,0.972914,1.002487,41,1,459,5,0,28,5,1,98,-100,0,100,2,80,9,84,45,0,0,3136,180,0,15,0,886,138,0,30,0,417,1,0,38,0,272,0,0,0,0,172,270,0,65,0,0,25,19,6,0,0,6,6,0,0
7,7,3,52,22,7,0,1.010021,0.999075,1.011694,32,0,334,96.647129,91.647129,28,5,1,28,-100,100,0,2,80,9,127,48,0,0,3136,172,0,16,0,886,145,0,32,0,417,6,0,30,0,272,0,0,0,0,172,190,0,60,0,0,43,15,7,0,0,7,7,0,0
7,8,0,56,17,11,0,1.011122,1.000519,1.017263,16,0,334,100,100,29,6,1,0,-70,98,28,2,80,9,205,66,0,0,2912,153,0,22,0,860,184,0,44,0,510,7,0,24,0,210,10,0,12,0,192,237,48,50,0,0,76,12,2,0,0,2,2,0,0
7,8,1,26,17,11,0,1.025974,0.976851,1.000551,17,0,334,62.005002,57.005002,29,6,1,-70,0,-100,-100,0,80,9,148,39,0,0,2912,74,0,13,0,860,272,0,26,0,510,0,0,0,0,210,0,0,0,0,192,268,0,21,0,0,19,0,4,0,0,4,4,0,0
7,8,2,60,17,11,0,1.004985,0.969856,1.007245,44,1,459,10,5,29,6,1,98,-100,0,100,2,80,9,93,45,0,0,2912,227,0,15,0,860,153,0,30,0,510,1,0,12,0,210,0,0,18,0,192,333,72,39,0,0,25,6,6,0,0,6,6,0,0
7,8,3,56,17,11,0,1.017225,1.000194,1.009356,37,0,334,100,96.647129,29,6,1,28,-100,100,0,2,80,9,144,51,0,0,2912,183,0,17,0,860,162,0,34,0,510,1,0,16,0,210,3,0,19,0,192,246,76,47,0,0,44,8,7,0,0,7,7,0,0
7,9,0,57,19,8,0,1.010241,1.000567,1.017806,16,0,334,100,100,30,7,1,0,-70,98,28,2,80,10,234,69,0,0,3030,146,0,23,0,862,207,0,46,0,487,13,0,24,0,228,7,0,12,0,135,241,48,53,0,0,85,12,3,0,0,3,3,0,0
7,9,1,29,19,8,0,1.016832,0.975881,1.002897,21,1,459,57.585338,52.585338,30,7,1,-70,0,-100,-100,0,80,10,176,39,0,0,3030,45,0,13,0,862,301,0,26,0,487,0,0,0,0,228,0,0,5,0,135,299,20,34,0,0,0,0,19,0,0,2,2,0,0
7,9,2,65,19,8,0,1.007397,0.969709,1.011194,49,2,584,15,10,30,7,1,98,-100,0,98,2,80,10,96,48,0,0,3030,151,0,16,0,862,169,0,32,0,487,0,0,4,0,228,0,0,24,0,135,416,96,47,0,0,5,2,22,0,0,5,5,0,0
7,9,3,58,19,8,0,1.022054,1.000475,1.01311,41,0,334,100,100,30,7,1,28,-100,98,0,2,80,10,162,54,0,0,3030,197,0,18,0,862,180,0,36,0,487,1,0,24,0,228,0,0,9,0,135,261,36,54,0,0,50,12,6,0,0,6,6,0,0
7,10,0,58,23,18,0,1.014597,1.005149,1.023403,18,0,334,100,100,31,8,1,0,-70,98,28,2,80,0,267,72,0,0,2902,129,0,24,0,840,231,0,48,0,456,32,0,20,0,225,0,0,7,0,172,227,28,48,0,0,93,10,2,0,0,2,2,0,0
7,10,1,30,23,18,0,1.016831,0.97354,1.001815,21,1,459,50.298368,45.298368,31,8,1,-70,0,-100,-100,0,80,0,203,42,0,0,2902,12,0,14,0,840,338,0,28,0,456,0,0,0,0,225,0,0,3,0,172,337,12,14,0,0,0,0,0,0,0,0,0,0,0
7,10,2,65,23,18,0,1.007589,0.971092,1.007862,50,2,584,20,15,31,8,1,98,-100,0,98,2,80,0,99,48,0,0,2902,198,0,16,0,840,185,0,32,0,456,0,0,24,0,225,0,0,21,0,172,479,84,48,0,0,13,12,4,0,0,4,4,0,0
7,10,3,61,23,18,0,1.024346,0.997634,1.012257,44,1,459,100,100,31,8,1,28,-100,98,0,2,80,0,181,57,0,0,2902,200,0,19,0,840,199,0,38,0,456,1,0,22,0,225,3,0,20,0,172,286,80,70,0,0,38,11,23,0,0,6,6,0,0
7,11,0,60,16,13,0,1.01393,1.002998,1.022285,19,1,459,100,100,33,10,1,0,-70,96,26,2,80,15,297,75,0,0,2868,118,0,25,0,843,256,0,50,0,389,61,0,24,0,272,0,0,0,0,175,164,0,72,0,0,85,12,20,0,0,3,3,0,0
7,11,1,24,16,13,0,1.022139,0.982759,0.993162,21,1,459,29.756701,24.756701,33,10,1,-70,0,-100,-100,0,80,15,220,39,0,0,2868,5,0,13,0,843,369,0,26,0,389,0,0,0,0,272,0,0,0,0,175,359,0,13,0,0,0,0,0,0,0,0,0,0,0
7,11,2,67,16,13,0,1.008581,0.971422,1.010064,51,2,584,25,20,33,10,1,96,-100,0,96,2,80,15,105,51,0,0,2868,244,0,17,0,843,202,0,34,0,389,1,0,48,0,272,0,0,0,0,175,435,0,77,0,0,31,24,6,0,0,6,6,0,0
7,11,3,66,16,13,0,1.023876,1.000195,1.014986,48,1,459,100,100,33,10,1,26,-100,96,0,2,80,15,197,57,0,0,2868,208,0,19,0,843,218,0,38,0,389,9,0,42,0,272,0,0,3,0,175,255,12,73,0,0,53,21,6,0,0,6,6,0,0
7,12,0,61,19,14,0,1.012398,1.003013,1.023805,19,1,459,100,100,34,11,1,0,-70,96,26,2,80,2,327,72,0,0,2975,114,0,24,0,842,280,0,48,0,408,77,0,26,0,272,0,0,0,0,155,117,0,56,0,0,95,13,3,0,0,3,3,0,0
7,12,1,29,19,14,0,1.024734,0.980734,0.994937,21,1,459,22.142055,17.142055,34,11,1,-70,0,-100,-100,0,80,2,247,39,0,0,2975,17,0,13,0,842,403,0,26,0,408,1,0,0,0,272,0,0,0,0,155,372,0,13,0,0,0,0,0,0,0,0,0,0,0
7,12,2,69,19,14,0,1.013357,0.974049,1.012154,54,2,584,30,25,34,11,1,96,-100,0,96,2,80,2,113,54,0,0,2975,159,0,18,0,842,220,0,36,0,408,1,0,40,0,272,0,0,0,0,155,435,0,68,0,0,46,20,5,0,0,5,5,0,0
7,12,3,63,19,14,0,1.025041,0.998149,1.016287,47,1,459,100,100,34,11,1,26,-100,96,0,2,80,2,191,42,0,0,2975,216,0,14,0,842,232,0,28,0,408,11,0,48,0,272,0,0,0,0,155,216,0,74,0,0,71,24,6,0,0,6,6,0,0
7,13,0,59,14,19,0,1.012424,1.004767,1.026042,19,1,459,100,100,35,12,1,0,-70,96,26,2,80,12,349,69,0,0,2824,118,0,23,0,861,303,0,46,0,518,60,0,26,0,165,18,0,13,0,163,122,52,53,0,0,106,13,2,0,0,2,2,0,0
7,13,1,27,14,19,0,1.030383,0.984764,1.003873,20,1,459,13.891156,8.891156,35,12,1,-70,0,-100,-100,0,80,12,261,36,0,0,2824,16,0,12,0,861,430,0,24,0,518,1,0,0,0,165,0,0,0,0,163,410,0,12,0,0,0,0,0,0,0,0,0,0,0
7,13,2,71,14,19,0,1.018551,0.9727,1.014047,54,3,709,35,30,35,12,1,96,-100,0,96,2,80,12,125,60,0,0,2824,174,0,20,0,861,240,0,40,0,518,1,0,10,0,165,6,0,28,0,163,532,112,57,0,0,29,5,22,0,0,5,5,0,0
7,13,3,60,14,19,0,1.027998,0.998921,1.018542,47,1,459,100,100,35,12,1,26,-100,96,0,2,80,12,174,30,0,0,2824,239,0,10,0,861,242,0,20,0,518,0,0,18,0,165,8,0,25,0,163,317,100,38,0,0,75,9,5,0,0,5,5,0,0
7,14,0,61,16,22,0,1.013283,1.006143,1.025932,20,1,459,100,100,36,13,1,0,-70,96,26,2,80,15,376,69,0,0,2919,140,0,23,0,873,323,0,46,0,429,50,0,32,0,243,23,0,16,0,140,134,64,61,0,0,119,16,3,0,0,3,3,0,0
7,14,1,29,16,22,0,1.023403,0.979455,1.011036,19,1,459,8.062949,3.062949,36,13,1,-70,0,-100,-100,0,80,15,280,36,0,0,2919,18,0,12,0,873,435,0,24,0,429,1,0,0,0,243,0,0,5,0,140,447,20,12,0,0,0,0,0,0,0,0,0,0,0
7,14,2,66,16,22,0,1.024045,0.975236,1.016319,49,3,709,40,35,36,13,1,96,-100,0,96,2,80,15,140,66,0,0,2919,193,0,22,0,873,262,0,44,0,429,1,0,38,0,243,0,0,6,0,140,514,24,72,0,0,42,19,6,0,0,6,6,0,0
7,14,3,55,16,22,0,1.033014,1.002524,1.017117,44,1,459,100,100,36,13,1,26,-100,96,0,2,80,15,154,27,0,0,2919,170,0,9,0,873,251,0,18,0,429,4,0,42,0,243,0,0,8,0,140,347,32,59,0,0,92,21,4,0,0,4,4,0,0
7,15,0,65,18,7,0,1.014865,1.0088,1.026205,21,2,584,100,100,37,14,1,0,-70,96,26,2,80,12,403,69,0,0,2857,168,0,23,0,860,346,0,46,0,452,48,0,36,0,221,21,0,18,0,156,134,72,84,0,0,116,18,21,0,0,4,4,0,0
7,15,1,28,18,7,0,1.01961,0.97855,1.009204,18,1,459,5,0,37,14,1,-70,0,-100,-100,0,80,12,303,39,0,0,2857,25,0,13,0,860,433,0,26,0,452,1,0,0,0,221,0,0,3,0,156,446,12,13,0,0,0,0,0,0,0,0,0,0,0
7,15,2,70,18,7,0,1.025365,0.978055,1.016559,54,3,709,45,40,37,14,1,96,-100,0,94,2,80,12,161,69,0,0,2857,193,0,23,0,860,285,0,46,0,452,1,0,24,0,221,0,0,18,0,156,581,72,59,0,0,48,12,6,0,0,6,6,0,0
7,15,3,59,18,7,0,1.030184,1.00392,1.018349,46,1,459,100,100,37,14,1,26,-100,94,0,2,80,12,145,30,0,0,2857,190,0,10,0,860,261,0,20,0,452,0,0,38,0,221,0,0,14,0,156,383,56,56,0,0,107,19,4,0,0,4,4,0,0
7,16,0,62,18,25,1,1.015516,1.009696,1.025616,20,2,584,100,100,38,15,1,0,-70,94,26,2,80,14,425,66,0,0,2849,209,0,22,0,843,368,0,44,0,434,32,0,44,0,236,6,0,22,0,183,156,88,78,0,0,132,22,6,0,0,6,6,0,0
7,16,1,26,18,25,1,1.022361,0.982892,1.008544,18,1,459,5,0,38,15,1,-70,0,-100,-100,0,80,14,325,39,0,0,2849,7,0,13,0,843,433,0,26,0,434,1,0,4,0,236,0,0,0,0,183,438,0,21,0,0,0,2,2,0,0,2,2,0,0
7,16,2,67,18,25,1,1.025839,0.976457,1.013566,55,3,709,50,45,38,15,1,94,-100,0,92,2,80,14,174,66,0,0,2849,205,0,22,0,843,307,0,44,0,434,0,0,28,0,236,0,0,8,0,183,593,32,56,0,0,59,14,3,0,0,3,3,0,0
7,16,3,60,18,25,1,1.036979,1.009255,1.02003,46,2,584,100,100,38,15,1,26,-100,92,0,2,80,14,143,39,0,0,2849,214,0,13,0,843,274,0,26,0,434,1,0,30,0,236,0,0,11,0,183,389,44,68,0,0,101,15,21,0,0,4,4,0,0
7,17,0,63,20,8,0,1.015763,1.009046,1.027549,24,2,584,100,100,39,16,1,0,-70,94,26,2,80,13,443,63,0,0,2784,258,0,21,0,842,389,0,42,0,481,1,0,50,0,213,0,0,15,0,172,156,60,85,0,0,150,25,7,0,0,7,7,0,0
7,17,1,30,20,8,0,1.030041,0.988179,1.007277,20,1,459,5,0,39,16,1,-70,0,-100,-100,0,80,13,350,39,0,0,2784,27,0,13,0,842,433,0,26,0,481,0,0,2,0,213,0,0,5,0,172,444,20,17,0,0,0,1,1,0,0,1,1,0,0
7,17,2,72,20,8,0,1.026165,0.978127,1.017087,56,4,834,55,50,39,16,1,94,-100,0,90,2,80,13,200,72,0,0,2784,235,0,24,0,842,339,0,48,0,481,1,0,18,0,213,0,0,18,0,172,633,72,69,0,0,46,9,22,0,0,5,5,0,0
7,17,3,62,20,8,0,1.041029,1.012545,1.021035,48,2,584,100,100,39,16,1,26,-100,90,0,2,80,13,142,42,0,0,2784,244,0,14,0,842,288,0,28,0,481,1,0,24,0,213,1,0,23,0,172,463,92,48,0,0,108,12,5,0,0,5,5,0,0
7,18,0,66,16,18,0,1.018742,1.008212,1.028782,30,2,584,100,100,43,17,1,0,-76,100,38,2,80,16,458,63,0,0,3033,174,0,21,0,847,410,0,42,0,487,0,0,14,0,182,0,0,24,0,80,276,96,51,0,0,149,7,8,0,0,8,8,0,0
7,18,1,29,16,18,0,1.029606,0.991515,1.01298,18,1,459,5,0,43,17,1,-76,0,-100,-100,0,80,16,371,39,0,0,3033,7,0,13,0,847,433,0,26,0,487,1,0,4,0,182,0,0,4,0,80,442,16,21,0,0,0,2,2,0,0,2,2,0,0
7,18,2,70,16,18,0,1.029175,0.978722,1.018268,55,5,959,51.841852,46.841852,43,17,1,100,-100,0,100,2,80,16,220,75,0,0,3033,266,0,25,0,847,360,0,50,0,487,0,0,16,0,182,1,0,25,0,80,696,100,68,0,0,32,8,22,0,0,5,5,0,0
7,18,3,60,16,18,0,1.040796,1.009311,1.022961,49,3,709,88.953069,83.953069,43,17,1,38,-100,100,0,2,80,16,138,42,0,0,3033,168,0,14,0,847,302,0,28,0,487,0,0,20,0,182,8,0,25,0,80,545,100,59,0,0,97,10,21,0,0,4,4,0,0
7,19,0,67,22,13,0,1.019716,1.00757,1.026104,35,2,584,100,100,44,18,1,0,-76,98,38,2,80,6,471,60,0,0,2897,231,0,20,0,849,430,0,40,0,411,0,0,32,0,269,0,0,2,0,129,241,8,70,0,0,156,16,9,0,0,9,9,0,0
7,19,1,29,22,13,0,1.029835,0.990639,1.019173,19,1,459,5,0,44,18,1,-76,0,-100,-100,0,80,6,395,39,0,0,2897,17,0,13,0,849,433,0,26,0,411,9,0,12,0,269,0,0,1,0,129,413,4,31,0,0,3,6,3,0,0,3,3,0,0
7,19,2,73,22,13,0,1.029724,0.975485,1.016104,59,5,959,56.841852,51.841852,44,18,1,98,-100,0,98,2,80,6,241,78,0,0,2897,170,0,26,0,849,385,0,52,0,411,1,0,40,0,269,0,0,1,0,129,704,4,76,0,0,47,20,5,0,0,5,5,0,0
7,19,3,65,22,13,0,1.04051,1.012028,1.023228,49,3,709,93.953069,88.953069,44,18,1,38,-100,98,0,2,80,6,140,42,0,0,2897,194,0,14,0,849,316,0,28,0,411,1,0,38,0,269,0,0,8,0,129,547,32,60,0,0,112,19,4,0,0,4,4,0,0
7,20,0,67,11,7,0,1.021409,1.007592,1.025599,42,2,584,100,100,45,19,1,0,-76,98,38,2,80,13,483,63,0,0,2738,279,0,21,0,829,451,0,42,0,474,1,0,10,0,250,0,0,10,0,193,262,40,49,0,0,152,5,9,0,0,9,9,0,0
7,20,1,30,11,7,0,1.032199,0.99068,1.017021,21,1,459,5,0,45,19,1,-76,0,-100,-100,0,80,13,416,39,0,0,2738,37,0,13,0,829,433,0,26,0,474,1,0,14,0,250,0,0,1,0,193,402,4,35,0,0,6,7,4,0,0,4,4,0,0
7,20,2,78,11,7,0,1.030973,0.973555,1.015985,63,5,959,61.841852,56.841852,45,19,1,98,-100,0,96,2,80,13,277,84,0,0,2738,205,0,28,0,829,421,0,56,0,474,1,0,24,0,250,0,0,6,0,193,687,24,62,0,0,54,12,5,0,0,5,5,0,0
7,20,3,63,11,7,0,1.041537,1.013868,1.02531,50,3,709,98.953069,93.953069,45,19,1,38,-100,96,0,2,80,13,140,51,0,0,2738,240,0,17,0,829,330,0,34,0,474,0,0,30,0,250,0,0,5,0,193,541,20,59,0,0,121,15,6,0,0,6,6,0,0
7,21,0,66,14,16,0,1.023909,1.009557,1.024948,46,2,584,100,100,46,20,1,0,-76,98,36,2,80,21,488,60,0,0,3014,192,0,20,0,1018,426,0,40,0,513,1,0,4,0,166,0,0,26,0,203,362,104,40,0,0,146,2,8,0,0,8,8,0,0
7,21,1,33,14,16,0,1.03399,0.995112,1.018424,25,1,459,5,0,46,20,1,-76,0,-100,-100,0,80,21,438,42,0,0,3014,43,0,14,0,1018,404,0,28,0,513,1,0,2,0,166,0,0,7,0,203,418,28,22,0,0,4,1,3,0,0,3,3,0,0
7,21,2,81,14,16,0,1.031403,0.973026,1.017283,66,5,959,66.841852,61.841852,46,20,1,98,-100,0,94,2,80,21,311,93,0,0,3014,232,0,31,0,1018,403,0,62,0,513,1,0,16,0,166,0,0,24,0,203,734,96,57,0,0,57,8,5,0,0,5,5,0,0
7,21,3,56,14,16,0,1.044099,1.013622,1.025069,48,4,834,100,98.953069,46,20,1,36,-100,94,0,2,80,21,138,48,0,0,3014,161,0,16,0,1018,307,0,32,0,513,1,0,8,0,166,0,0,16,0,203,601,64,47,0,0,105,4,20,0,0,3,3,0,0
7,22,0,69,19,6,0,1.027467,1.010109,1.022036,52,3,709,100,100,47,21,1,0,-76,98,36,2,80,5,500,60,0,0,2735,242,0,20,0,819,446,0,40,0,464,1,0,24,0,259,0,0,1,0,171,334,4,73,0,0,135,12,23,0,0,6,6,0,0
7,22,1,36,19,6,0,1.033664,0.995488,1.015425,28,1,459,5,0,47,21,1,-76,0,-100,-100,0,80,5,459,42,0,0,2735,56,0,14,0,819,431,0,28,0,464,1,0,6,0,259,0,0,3,0,171,418,12,26,0,0,4,3,3,0,0,3,3,0,0
7,22,2,85,19,6,0,1.03109,0.970055,1.015288,69,5,959,71.841852,66.841852,47,21,1,98,-100,0,94,2,80,5,341,93,0,0,2735,264,0,31,0,819,434,0,62,0,464,0,0,34,0,259,0,0,8,0,171,726,32,75,0,0,69,17,5,0,0,5,5,0,0
7,22,3,59,19,6,0,1.045232,1.01188,1.02622,49,4,834,100,100,47,21,1,36,-100,94,0,2,80,5,142,45,0,0,2735,215,0,15,0,819,322,0,30,0,464,0,0,18,0,259,0,0,1,0,171,602,4,39,0,0,111,9,3,0,0,3,3,0,0
7,23,0,68,8,9,0,1.028751,1.011649,1.02172,56,3,709,100,100,48,22,1,0,-76,98,36,2,80,31,500,60,0,0,2990,153,0,20,0,823,466,0,40,0,531,1,0,2,0,197,0,0,23,0,120,444,92,34,0,0,130,1,6,0,0,6,6,0,0
7,23,1,33,8,9,0,1.033241,0.993051,1.016087,29,1,459,5,0,48,22,1,-76,0,-100,-100,0,80,31,459,42,0,0,2990,66,0,14,0,823,431,0,28,0,531,0,0,2,0,197,0,0,4,0,120,439,16,20,0,0,3,1,2,0,0,2,2,0,0
7,23,2,85,8,9,0,1.032948,0.970818,1.016119,72,6,1084,76.841852,71.841852,48,22,1,98,-100,0,94,2,80,31,364,96,0,0,2990,147,0,32,0,823,474,0,64,0,531,0,0,6,0,197,0,0,29,0,120,842,116,67,0,0,49,3,23,0,0,6,6,0,0
7,23,3,62,8,9,0,1.050554,1.010542,1.022,50,4,834,100,100,48,22,1,36,-100,94,0,2,80,31,147,45,0,0,2990,253,0,15,0,823,341,0,30,0,531,0,0,4,0,197,0,0,19,0,120,687,76,27,0,0,109,2,4,0,0,4,4,0,0
7,24,0,70,20,27,0,1.029448,1.01323,1.024213,58,3,709,100,100,49,23,1,0,-76,98,36,2,80,8,503,51,0,0,2836,212,0,17,0,826,483,0,34,0,539,1,0,0,0,167,0,0,24,0,228,529,96,23,0,0,127,0,3,0,0,3,3,0,0
7,24,1,38,20,27,0,1.032974,0.988915,1.01421,31,1,459,5,0,49,23,1,-76,0,-100,-100,0,80,8,459,42,0,0,2836,79,0,14,0,826,431,0,28,0,539,0,0,0,0,167,9,0,11,0,228,443,44,16,0,0,2,0,1,0,0,1,1,0,0
7,24,2,90,20,27,0,1.035404,0.970138,1.017399,76,7,1209,81.841852,76.841852,49,23,1,98,-100,0,94,2,80,8,397,96,0,0,2836,182,0,32,0,826,506,0,64,0,539,1,0,4,0,167,2,0,32,0,228,923,128,61,0,0,30,2,21,0,0,4,4,0,0
7,24,3,43,20,27,0,1.06082,1.011964,1.024895,33,5,959,100,100,49,23,1,36,-100,94,0,2,80,8,131,33,0,0,2836,180,0,11,0,826,352,0,22,0,539,0,0,0,0,167,14,0,13,0,228,741,52,36,0,0,88,0,21,0,0,4,4,0,0
7,25,0,65,11,16,0,1.033281,1.016452,1.025211,54,3,709,100,100,51,24,1,0,-78,98,42,2,80,18,496,48,0,0,2752,282,0,16,0,835,499,0,32,0,456,1,0,22,0,253,0,0,3,0,157,529,12,48,0,0,133,11,5,0,0,5,5,0,0
7,25,1,39,11,16,0,1.031174,0.988259,1.01704,30,1,459,5,0,51,24,1,-78,0,-100,-100,0,80,18,459,45,0,0,2752,76,0,15,0,835,429,0,30,0,456,1,0,12,0,253,1,0,11,0,157,438,44,33,0,0,5,6,3,0,0,3,3,0,0
7,25,2,90,11,16,0,1.037362,0.96991,1.016869,76,7,1209,86.841852,81.841852,51,24,1,98,-100,0,98,2,80,18,424,99,0,0,2752,203,0,33,0,835,542,0,66,0,456,1,0,30,0,253,0,0,10,0,157,931,40,73,0,0,40,15,5,0,0,5,5,0,0
7,25,3,42,11,16,0,1.06048,1.01147,1.027131,35,5,959,97.710819,92.710819,51,24,1,42,-100,98,0,2,80,18,131,30,0,0,2752,199,0,10,0,835,362,0,20,0,456,1,0,22,0,253,5,0,14,0,157,774,56,38,0,0,96,11,3,0,0,3,3,0,0
7,26,0,65,22,20,1,1.038159,1.01694,1.024246,54,3,709,100,100,56,24,1,0,-88,100,62,2,80,2,494,45,0,0,2908,202,0,15,0,841,514,0,30,0,383,1,0,32,0,269,0,0,0,0,135,564,0,53,0,0,146,16,3,0,0,3,3,0,0
7,26,1,38,22,20,1,1.032533,0.988021,1.018849,29,1,459,10,5,56,24,1,-88,0,-100,-100,0,80,2,459,48,0,0,2908,81,0,16,0,841,427,0,32,0,383,3,0,22,0,269,0,0,1,0,135,415,4,44,0,0,13,11,3,0,0,3,3,0,0
7,26,2,91,22,20,1,1.040385,0.966787,1.016824,76,7,1209,77.26349,72.26349,56,24,1,100,-100,0,100,2,80,2,457,102,0,0,2908,231,0,34,0,841,579,0,68,0,383,1,0,44,0,269,0,0,0,0,135,881,0,86,0,0,58,22,4,0,0,4,4,0,0
7,26,3,44,22,20,1,1.057565,1.006313,1.029284,34,5,959,74.271688,69.271688,56,24,1,62,-100,100,0,2,80,2,134,27,0,0,2908,228,0,9,0,841,371,0,18,0,383,3,0,30,0,269,0,0,6,0,135,766,24,43,0,0,109,15,2,0,0,2,2,0,0
7,27,0,66,22,9,0,1.039929,1.017607,1.02421,54,4,834,100,100,58,24,1,0,-92,100,76,2,80,3,489,42,0,0,2812,291,0,14,0,831,528,0,28,0,526,0,0,6,0,202,0,0,11,0,99,605,44,45,0,0,128,3,21,0,0,4,4,0,0
7,27,1,43,22,9,0,1.037691,0.982911,1.020263,31,1,459,15,10,58,24,1,-92,0,-100,-100,0,80,3,459,48,0,0,2812,87,0,16,0,831,427,0,32,0,526,0,0,6,0,202,4,0,11,0,99,437,44,28,0,0,13,3,3,0,0,3,3,0,0
7,27,2,95,22,9,0,1.042365,0.96376,1.018978,77,7,1209,82.26349,77.26349,58,24,1,100,-100,0,100,2,80,3,492,102,0,0,2812,250,0,34,0,831,628,0,68,0,526,0,0,8,0,202,0,0,22,0,99,954,88,54,0,0,56,4,6,0,0,6,6,0,0
7,27,3,47,22,9,0,1.058098,1.003321,1.030881,34,6,1084,64.11597,59.11597,58,24,1,76,-100,100,0,2,80,3,130,24,0,0,2812,176,0,8,0,831,379,0,16,0,526,0,0,6,0,202,4,0,18,0,99,891,72,39,0,0,91,3,21,0,0,4,4,0,0
7,28,0,65,18,14,0,1.038129,1.014712,1.023412,54,4,834,100,100,64,24,1,0,-100,100,96,2,80,15,480,45,0,0,2884,210,0,15,0,826,537,0,30,0,530,1,0,0,0,221,0,0,8,0,286,614,32,23,0,0,124,0,4,0,0,4,4,0,0
7,28,1,44,18,14,0,1.035577,0.985151,1.022798,32,1,459,20,15,64,24,1,-100,0,-100,-100,0,80,15,459,54,0,0,2884,86,0,18,0,826,423,0,36,0,530,0,0,2,0,221,0,0,8,0,286,433,32,28,0,0,10,1,4,0,0,4,4,0,0
7,28,2,96,18,14,0,1.041816,0.963308,1.01933,80,7,1209,66.020681,61.020681,64,24,1,100,-100,0,100,2,80,15,521,102,0,0,2884,273,0,34,0,826,674,0,68,0,530,1,0,2,0,221,0,0,27,0,286,1017,108,46,0,0,52,1,5,0,0,5,5,0,0
7,28,3,50,18,14,0,1.059268,0.999213,1.036089,37,7,1209,45.930479,40.930479,64,24,1,96,-100,100,0,2,80,15,134,33,0,0,2884,214,0,11,0,826,387,0,22,0,530,1,0,6,0,221,0,0,15,0,286,917,60,42,0,0,73,3,21,0,0,4,4,0,0
7,29,0,66,20,10,0,1.040284,1.015267,1.023234,55,4,834,100,100,66,24,1,0,-100,100,98,2,80,3,480,48,0,0,2874,281,0,16,0,819,553,0,32,0,472,0,0,16,0,247,0,0,2,0,143,612,8,40,0,0,128,8,4,0,0,4,4,0,0
7,29,1,45,20,10,0,1.036784,0.986904,1.023207,34,1,459,25,20,66,24,1,-100,0,-100,-100,0,80,3,459,57,0,0,2874,83,0,19,0,819,421,0,38,0,472,0,0,10,0,247,0,0,1,0,143,422,4,37,0,0,11,5,4,0,0,4,4,0,0
7,29,2,102,20,10,0,1.043943,0.963685,1.018417,84,8,1334,55.295472,50.295472,66,24,1,100,-100,0,100,2,80,3,546,102,0,0,2874,143,0,34,0,819,713,0,68,0,472,1,0,24,0,247,0,0,10,0,143,1056,40,85,0,0,42,12,22,0,0,5,5,0,0
7,29,3,52,20,10,0,1.056346,0.993921,1.033776,39,7,1209,50.930479,45.930479,66,24,1,98,-100,100,0,2,80,3,139,36,0,0,2874,248,0,12,0,819,397,0,24,0,472,0,0,22,0,247,0,0,9,0,143,927,36,44,0,0,79,11,5,0,0,5,5,0,0
7,30,0,61,15,41,0,1.038921,1.014162,1.023545,54,4,834,100,100,71,25,1,0,-100,100,100,2,80,25,461,39,0,0,2954,202,0,13,0,845,542,0,26,0,399,1,0,26,0,272,0,0,0,0,178,640,0,45,0,0,138,13,3,0,0,3,3,0,0
7,30,1,48,15,41,0,1.042029,0.98337,1.024235,36,2,584,17.398422,12.398422,71,25,1,-100,0,-100,-100,0,80,25,459,57,0,0,2954,79,0,19,0,845,421,0,38,0,399,0,0,28,0,272,0,0,0,0,178,352,0,70,0,0,5,14,20,0,0,3,3,0,0
7,30,2,95,15,41,0,1.044993,0.966789,1.022464,79,8,1334,45.907309,40.907309,71,25,1,100,-100,0,100,2,80,25,564,102,0,0,2954,175,0,34,0,845,750,0,68,0,399,0,0,46,0,272,0,0,0,0,178,976,0,92,0,0,59,23,6,0,0,6,6,0,0
7,30,3,35,15,41,0,1.060191,0.99963,1.032133,25,7,1209,39.913811,34.913811,71,25,1,100,-100,100,0,2,80,25,132,36,0,0,2954,184,0,12,0,845,385,0,24,0,399,22,0,14,0,272,0,0,0,0,178,924,0,34,0,0,82,7,4,0,0,4,4,0,0
7,31,0,60,21,14,0,1.044276,1.012868,1.02116,51,4,834,100,100,74,26,1,0,-100,98,100,2,80,9,457,36,0,0,2808,257,0,12,0,942,553,0,24,0,462,1,0,12,0,211,0,0,9,0,131,698,36,28,0,0,142,6,2,0,0,2,2,0,0
7,31,1,50,21,14,0,1.04308,0.983617,1.027423,37,2,584,9.79736,4.79736,74,26,1,-100,0,-100,-100,0,80,9,487,60,0,0,2808,51,0,20,0,942,421,0,40,0,462,0,0,28,0,211,0,0,5,0,131,366,20,56,0,0,15,14,4,0,0,4,4,0,0
7,31,2,99,21,14,0,1.045462,0.966358,1.021634,83,8,1334,50.907309,45.907309,74,26,1,98,-100,0,100,2,80,9,589,102,0,0,2808,206,0,34,0,942,719,0,68,0,462,0,0,24,0,211,0,0,30,0,131,1079,120,68,0,0,66,12,5,0,0,5,5,0,0
7,31,3,37,21,14,0,1.05979,0.996876,1.02966,27,7,1209,29.375134,24.375134,74,26,1,100,-100,100,0,2,80,9,150,39,0,0,2808,160,0,13,0,942,393,0,26,0,462,19,0,18,0,211,6,0,9,0,131,941,36,37,0,0,88,9,3,0,0,3,3,0,0
7,32,0,60,20,11,0,1.041097,1.010294,1.019185,48,5,959,100,100,80,28,1,0,-100,98,96,2,80,14,450,39,0,0,2942,184,0,13,0,805,563,0,26,0,439,0,0,24,0,262,0,0,0,0,118,706,0,62,0,0,133,12,21,0,0,4,4,0,0
7,32,1,52,20,11,0,1.042182,0.986583,1.024573,39,3,709,5,0,80,28,1,-100,0,-100,-100,0,80,14,510,63,0,0,2942,20,0,21,0,805,472,0,42,0,439,1,0,24,0,262,0,0,3,0,118,345,12,70,0,0,6,12,21,0,0,4,4,0,0
7,32,2,102,20,11,0,1.044835,0.968656,1.021083,87,8,1334,25.359043,20.359043,80,28,1,98,-100,0,98,2,80,14,611,102,0,0,2942,249,0,34,0,805,763,0,68,0,439,0,0,36,0,262,0,0,5,0,118,1066,20,82,0,0,78,18,6,0,0,6,6,0,0
7,32,3,41,20,11,0,1.057605,1.003813,1.034089,28,7,1209,34.375134,29.375134,80,28,1,96,-100,98,0,2,80,14,165,36,0,0,2942,143,0,12,0,805,405,0,24,0,439,18,0,22,0,262,0,0,8,0,118,952,32,42,0,0,95,11,4,0,0,4,4,0,0
7,33,0,68,25,8,0,1.04358,1.011909,1.019777,51,5,959,100,100,82,29,1,0,-100,100,96,2,80,3,448,36,0,0,2750,264,0,12,0,792,575,0,24,0,475,1,0,8,0,175,0,0,21,0,203,786,84,28,0,0,133,4,4,0,0,4,4,0,0
7,33,1,56,25,8,0,1.045661,0.986549,1.027253,41,3,709,5,0,82,29,1,-100,0,-100,-100,0,80,3,543,69,0,0,2750,27,0,23,0,792,530,0,46,0,475,0,0,10,0,175,17,0,17,0,203,391,68,43,0,0,6,5,5,0,0,5,5,0,0
7,33,2,104,25,8,0,1.046582,0.9712,1.019496,90,8,1334,22.348068,17.348068,82,29,1,100,-100,0,100,2,80,3,629,102,0,0,2750,273,0,34,0,792,815,0,68,0,475,0,0,30,0,175,0,0,18,0,203,1107,72,74,0,0,88,15,5,0,0,5,5,0,0
7,33,3,44,25,8,0,1.057402,1.00828,1.032853,30,7,1209,39.375134,34.375134,82,29,1,96,-100,100,0,2,80,3,174,33,0,0,2750,131,0,11,0,792,416,0,22,0,475,13,0,26,0,175,11,0,13,0,203,963,52,47,0,0,103,13,5,0,0,5,5,0,0
7,34,0,69,15,11,1,1.048217,1.013048,1.019424,53,6,1084,100,100,86,30,1,0,-100,98,100,2,80,17,436,42,0,0,3066,182,0,14,0,786,589,0,28,0,478,1,0,6,0,215,0,0,27,0,19,914,108,51,0,0,112,3,24,0,0,7,7,0,0
7,34,1,56,15,11,1,1.047243,0.986579,1.031525,44,3,709,5,0,86,30,1,-100,0,-100,-100,0,80,17,575,72,0,0,3066,33,0,24,0,786,580,0,48,0,478,1,0,8,0,215,3,0,18,0,19,468,72,42,0,0,5,4,5,0,0,5,5,0,0
7,34,2,108,15,11,1,1.048939,0.971349,1.020628,94,8,1334,27.348068,22.348068,86,30,1,98,-100,0,100,2,80,17,646,102,0,0,3066,135,0,34,0,786,873,0,68,0,478,0,0,26,0,215,0,0,21,0,19,1212,84,70,0,0,96,13,5,0,0,5,5,0,0
7,34,3,43,15,11,1,1.060624,1.006556,1.033406,31,7,1209,20.249548,15.249548,86,30,1,100,-100,100,0,2,80,17,179,33,0,0,3066,116,0,11,0,786,427,0,22,0,478,12,0,26,0,215,3,0,13,0,19,991,52,45,0,0,112,13,4,0,0,4,4,0,0
7,35,0,48,14,44,0,1.05098,1.011191,1.023014,38,6,1084,100,100,88,31,1,0,-100,98,98,2,80,15,428,45,0,0,2758,210,0,15,0,972,576,0,30,0,421,0,0,22,0,272,0,0,0,0,179,876,0,43,0,0,120,11,3,0,0,3,3,0,0
7,35,1,52,14,44,0,1.047882,0.983413,1.028699,44,3,709,5,0,88,31,1,-100,0,-100,-100,0,80,15,601,72,0,0,2758,6,0,24,0,972,565,0,48,0,421,2,0,30,0,272,0,0,3,0,179,455,12,60,0,0,17,15,3,0,0,3,3,0,0
7,35,2,103,14,44,0,1.043996,0.968699,1.020776,91,8,1334,24.251899,19.251899,88,31,1,98,-100,0,98,2,80,15,661,102,0,0,2758,152,0,34,0,972,849,0,68,0,421,0,0,28,0,272,0,0,0,0,179,1170,0,70,0,0,106,14,4,0,0,4,4,0,0
7,35,3,43,14,44,0,1.056801,1.006979,1.035887,32,7,1209,25.249548,20.249548,88,31,1,98,-100,98,0,2,80,15,189,39,0,0,2758,108,0,13,0,972,414,0,26,0,421,20,0,26,0,272,0,0,3,0,179,976,12,47,0,0,121,13,4,0,0,4,4,0,0
7,36,0,49,16,8,0,1.056552,1.009897,1.019988,39,7,1209,100,100,89,32,1,0,-100,98,98,2,80,14,440,45,0,0,2804,243,0,15,0,767,591,0,30,0,509,1,0,6,0,142,13,0,17,0,125,918,68,46,0,0,102,3,21,0,0,4,4,0,0
7,36,1,56,16,8,0,1.046725,0.979844,1.028882,47,4,834,5,0,89,32,1,-100,0,-100,-100,0,80,14,625,60,0,0,2804,0,0,20,0,767,637,0,40,0,509,1,0,12,0,142,13,0,15,0,125,527,60,53,0,0,4,6,19,0,0,2,2,0,0
7,36,2,106,16,8,0,1.047315,0.967735,1.021474,92,8,1334,29.251899,24.251899,89,32,1,98,-100,0,96,2,80,14,682,102,0,0,2804,191,0,34,0,767,900,0,68,0,509,0,0,6,0,142,5,0,34,0,125,1292,136,48,0,0,105,3,4,0,0,4,4,0,0
7,36,3,43,16,8,0,1.066218,1.004175,1.04079,34,7,1209,30.249548,25.249548,89,32,1,98,-100,96,0,2,80,14,193,36,0,0,2804,101,0,12,0,767,426,0,24,0,509,3,0,28,0,142,19,0,14,0,125,1008,56,48,0,0,131,14,4,0,0,4,4,0,0
7,37,0,54,20,5,0,1.058317,1.011763,1.017894,43,7,1209,100,100,90,33,1,0,-100,98,98,2,80,5,456,48,0,0,2861,178,0,16,0,798,600,0,32,0,444,0,0,24,0,254,0,0,16,0,83,1008,64,46,0,0,111,12,3,0,0,3,3,0,0
7,37,1,61,20,5,0,1.048054,0.979669,1.028218,49,4,834,5,0,90,33,1,-100,0,-100,-100,0,80,5,665,78,0,0,2861,11,0,26,0,798,696,0,52,0,444,1,0,22,0,254,0,0,18,0,83,600,72,56,0,0,11,11,4,0,0,4,4,0,0
7,37,2,111,20,5,0,1.049303,0.969375,1.020664,95,8,1334,34.251899,29.251899,90,33,1,98,-100,0,94,2,80,5,703,102,0,0,2861,233,0,34,0,798,932,0,68,0,444,1,0,30,0,254,0,0,11,0,83,1280,44,74,0,0,115,15,5,0,0,5,5,0,0
7,37,3,43,20,5,0,1.067782,1.002182,1.036886,34,8,1334,35.249548,30.249548,90,33,1,98,-100,94,0,2,80,5,198,33,0,0,2861,103,0,11,0,798,436,0,22,0,444,1,0,24,0,254,7,0,15,0,83,1034,60,58,0,0,123,12,20,0,0,3,3,0,0
7,38,0,58,17,6,0,1.065224,1.0157,1.016378,43,7,1209,100,100,91,34,1,0,-100,98,98,2,80,12,477,57,0,0,2768,193,0,19,0,820,619,0,38,0,397,0,0,34,0,247,0,0,8,0,218,989,32,61,0,0,124,17,4,0,0,4,4,0,0
7,38,1,62,17,6,0,1.049509,0.977002,1.027642,53,5,959,5,0,91,34,1,-100,0,-100,-100,0,80,12,700,84,0,0,2768,26,0,28,0,820,717,0,56,0,397,0,0,36,0,247,0,0,7,0,218,564,28,89,0,0,8,18,21,0,0,4,4,0,0
7,38,2,114,17,6,0,1.051617,0.969388,1.020061,99,8,1334,39.251899,34.251899,91,34,1,98,-100,0,94,2,80,12,715,102,0,0,2768,272,0,34,0,820,953,0,68,0,397,0,0,40,0,247,0,0,10,0,218,1266,40,86,0,0,129,20,6,0,0,6,6,0,0
7,38,3,46,17,6,0,1.071499,1.003155,1.037607,35,8,1334,40.249548,35.249548,91,34,1,98,-100,94,0,2,80,12,211,39,0,0,2768,103,0,13,0,820,449,0,26,0,397,5,0,32,0,247,0,0,7,0,218,1017,28,51,0,0,136,16,3,0,0,3,3,0,0
7,39,0,59,14,17,0,1.066504,1.015637,1.016647,44,7,1209,100,100,93,35,1,0,-100,98,100,2,80,7,491,57,0,0,2771,209,0,19,0,736,638,0,38,0,425,1,0,20,0,265,0,0,1,0,96,969,4,51,0,0,128,10,6,0,0,6,6,0,0
7,39,1,62,14,17,0,1.050795,0.973744,1.026434,55,5,959,5,0,93,35,1,-100,0,-100,-100,0,80,7,735,84,0,0,2771,32,0,28,0,736,785,0,56,0,425,1,0,22,0,265,0,0,0,0,96,583,0,56,0,0,16,11,3,0,0,3,3,0,0
7,39,2,110,14,17,0,1.047514,0.96976,1.021376,99,8,1334,44.251899,39.251899,93,35,1,98,-100,0,98,2,80,7,723,102,0,0,2771,300,0,34,0,736,1008,0,68,0,425,1,0,24,0,265,0,0,3,0,96,1274,12,64,0,0,138,12,3,0,0,3,3,0,0
7,39,3,46,14,17,0,1.069063,1.004807,1.038516,35,8,1334,36.966469,31.966469,93,35,1,100,-100,98,0,2,80,7,226,45,0,0,2771,98,0,15,0,736,464,0,30,0,425,1,0,24,0,265,0,0,3,0,96,1009,12,47,0,0,144,12,4,0,0,4,4,0,0
7,40,0,58,14,7,0,1.066656,1.01384,1.017279,47,7,1209,100,100,94,36,1,0,-100,98,98,2,80,7,502,54,0,0,2934,244,0,18,0,1077,603,0,36,0,430,0,0,32,0,242,0,0,6,0,96,957,24,60,0,0,139,16,5,0,0,5,5,0,0
7,40,1,64,14,7,0,1.052161,0.972303,1.026731,57,5,959,5,0,94,36,1,-100,0,-100,-100,0,80,7,768,84,0,0,2934,32,0,28,0,1077,721,0,56,0,430,0,0,34,0,242,0,0,5,0,96,607,20,66,0,0,31,17,2,0,0,2,2,0,0
7,40,2,114,14,7,0,1.048292,0.971084,1.020537,102,8,1334,49.251899,44.251899,94,36,1,98,-100,0,98,2,80,7,731,102,0,0,2934,156,0,34,0,1077,952,0,68,0,430,0,0,32,0,242,0,0,7,0,96,1272,28,74,0,0,150,16,4,0,0,4,4,0,0
7,40,3,48,14,7,0,1.062901,1.0069,1.036031,36,8,1334,41.966469,36.966469,94,36,1,98,-100,98,0,2,80,7,245,48,0,0,2934,92,0,16,0,1077,432,0,32,0,430,0,0,20,0,242,0,0,12,0,96,1040,48,44,0,0,150,10,4,0,0,4,4,0,0
1,1,0,51,19,7,0,1.006654,0.998005,1.00157,0,0,334,100,100,8,0,0,0,-32,38,2,1,80,2,56,39,0,0,2802,192,0,13,0,911,63,0,26,0,482,1,0,44,0,272,2,0,23,0,139,120,92,75,0,0,13,22,9,0,0,9,9,0,0
1,1,1,51,19,7,0,1.002502,1.005338,1.00721,0,0,334,100,100,8,0,0,-32,0,-56,-32,0,80,2,56,39,0,0,2802,204,0,13,0,911,84,0,26,0,482,5,0,44,0,272,3,0,22,0,139,133,88,75,0,0,13,22,9,0,0,9,9,0,0
1,1,2,54,19,7,0,1.004631,0.999444,1.00319,0,0,334,68.411079,63.411079,8,0,0,38,-56,0,36,2,80,2,60,39,0,0,2802,200,0,13,0,911,63,0,26,0,482,1,0,46,0,272,2,0,23,0,139,115,92,77,0,0,14,23,9,0,0,9,9,0,0
1,1,3,56,19,7,0,1.003882,1.000722,1.004529,0,0,334,100,100,8,0,0,2,-32,36,0,1,80,2,57,39,0,0,2802,200,0,13,0,911,63,0,26,0,482,6,0,48,0,272,1,0,24,0,139,120,96,79,0,0,15,24,9,0,0,9,9,0,0
1,2,0,50,16,18,0,1.009114,0.996391,0.998867,8,0,334,100,100,12,0,1,0,-40,40,28,2,80,13,59,39,0,0,2822,224,0,13,0,887,76,0,26,0,481,1,0,14,0,229,0,0,4,0,139,127,16,45,0,0,11,7,9,0,0,9,9,0,0
1,2,1,48,16,18,0,1.002071,1.008301,1.003309,7,0,334,100,100,12,0,1,-40,0,-64,-56,0,80,13,65,48,0,0,2822,227,0,16,0,887,127,0,32,0,481,0,0,12,0,229,0,0,6,0,139,165,24,46,0,0,10,6,9,0,0,9,9,0,0
1,2,2,51,16,18,0,1.011282,0.990572,1.003194,8,0,334,73.411079,68.411079,12,0,1,40,-64,0,62,2,80,13,66,45,0,0,2822,219,0,15,0,887,78,0,30,0,481,1,0,14,0,229,0,0,5,0,139,121,20,47,0,0,12,7,9,0,0,9,9,0,0
1,2,3,61,16,18,0,1.003679,1.005447,1.004343,9,0,334,67.959712,62.959712,12,0,1,28,-56,62,0,2,80,13,60,42,0,0,2822,226,0,14,0,887,77,0,28,0,481,1,0,12,0,229,11,0,25,0,139,214,100,44,0,0,12,6,9,0,0,9,9,0,0
1,3,0,52,18,13,0,1.012258,0.99957,0.99962,15,0,334,100,100,15,1,1,0,-44,52,28,2,80,16,65,39,0,0,3096,161,0,13,0,892,89,0,26,0,478,0,0,14,0,272,0,0,0,0,33,157,0,45,0,0,9,7,9,0,0,9,9,0,0
1,3,1,46,18,13,0,1.003272,1.009253,1.005179,14,0,334,92.05582,87.05582,15,1,1,-44,0,-82,-66,0,80,16,67,39,0,0,3096,166,0,13,0,892,156,0,26,0,478,1,0,10,0,272,0,0,0,0,33,196,0,41,0,0,6,5,9,0,0,9,9,0,0
1,3,2,52,18,13,0,1.015616,0.989308,1.003233,16,0,334,60.860571,55.860571,15,1,1,52,-82,0,74,2,80,16,70,39,0,0,3096,155,0,13,0,892,91,0,26,0,478,0,0,16,0,272,0,0,0,0,33,146,0,47,0,0,11,8,9,0,0,9,9,0,0
1,3,3,65,18,13,0,1.007598,1.006323,1.00531,16,0,334,72.959712,67.959712,15,1,1,28,-66,74,0,2,80,16,57,39,0,0,3096,256,0,13,0,892,90,0,26,0,478,0,0,28,0,272,0,0,11,0,33,247,44,59,0,0,17,14,9,0,0,9,9,0,0
1,4,0,48,15,29,0,1.016497,1.000733,1.003632,19,0,334,100,100,21,2,1,0,-54,70,40,2,80,8,67,39,0,0,2924,176,0,13,0,892,102,0,26,0,418,0,0,14,0,272,0,0,0,0,123,143,0,45,0,0,7,7,9,0,0,9,9,0,0
1,4,1,45,15,29,0,1.003769,1.008962,1.010491,20,0,334,88.105233,83.105233,21,2,1,-54,0,-100,-90,0,80,8,76,45,0,0,2924,165,0,15,0,892,196,0,30,0,418,0,0,18,0,272,0,0,0,0,123,181,0,51,0,0,6,9,9,0,0,9,9,0,0
1,4,2,48,15,29,0,1.015988,0.993816,1.001204,19,0,334,37.595777,32.595777,21,2,1,70,-100,0,100,2,80,8,79,42,0,0,2924,185,0,14,0,892,105,0,28,0,418,0,0,8,0,272,0,0,0,0,123,136,0,40,0,0,6,4,9,0,0,9,9,0,0
1,4,3,60,15,29,0,1.0068,1.010322,1.005191,20,0,334,62.169896,57.169896,21,2,1,40,-90,100,0,2,80,8,53,42,0,0,2924,177,0,14,0,892,104,0,28,0,418,0,0,42,0,272,0,0,0,0,123,248,0,74,0,0,29,21,9,0,0,9,9,0,0
1,5,0,49,16,11,0,1.013112,0.998672,1.005896,26,0,334,100,100,24,2,1,0,-60,90,42,2,80,8,73,39,0,0,2844,219,0,13,0,892,115,0,26,0,465,1,0,12,0,272,0,0,0,0,120,142,0,43,0,0,4,6,9,0,0,9,9,0,0
1,5,1,45,16,11,0,1.005178,1.009296,1.01271,28,0,334,93.105233,88.105233,24,2,1,-60,0,-100,-96,0,80,8,91,45,0,0,2844,165,0,15,0,892,236,0,30,0,465,0,0,18,0,272,0,0,0,0,120,183,0,47,0,0,8,9,7,0,0,7,7,0,0
1,5,2,52,16,11,0,1.016395,0.99693,1.000737,27,0,334,16.165725,11.165725,24,2,1,90,-100,0,100,2,80,8,96,45,0,0,2844,218,0,15,0,892,117,0,30,0,465,0,0,14,0,272,0,0,0,0,120,127,0,47,0,0,4,7,9,0,0,9,9,0,0
1,5,3,60,16,11,0,1.008427,1.011895,1.000634,26,0,334,67.169896,62.169896,24,2,1,42,-96,100,0,2,80,8,56,42,0,0,2844,191,0,14,0,892,118,0,28,0,465,0,0,34,0,272,0,0,0,0,120,228,0,66,0,0,37,17,9,0,0,9,9,0,0
1,6,0,51,20,11,0,1.019121,0.998235,1.007326,32,0,334,100,100,26,2,1,0,-64,92,56,2,80,6,77,36,0,0,2934,158,0,12,0,884,127,0,24,0,536,1,0,2,0,197,0,0,12,0,79,237,48,24,0,0,0,1,5,0,0,5,5,0,0
1,6,1,49,20,11,0,1.009341,1.012844,1.010634,34,0,334,98.105233,93.105233,26,2,1,-64,0,-100,-100,0,80,6,114,48,0,0,2934,154,0,16,0,884,279,0,32,0,536,1,0,0,0,197,0,0,21,0,79,305,84,26,0,0,3,0,5,0,0,5,5,0,0
1,6,2,55,20,11,0,1.023371,1.001296,1.000527,34,0,334,21.165725,16.165725,26,2,1,92,-100,0,100,2,80,6,107,45,0,0,2934,263,0,15,0,884,132,0,30,0,536,1,0,0,0,197,0,0,9,0,79,177,36,23,0,0,0,0,4,0,0,4,4,0,0
1,6,3,60,20,11,0,1.008712,1.013975,0.999914,32,1,459,56.689647,51.689647,26,2,1,56,-100,100,0,2,80,6,63,48,0,0,2934,203,0,16,0,884,134,0,32,0,536,0,0,4,0,197,7,0,26,0,79,283,104,55,0,0,13,2,26,0,0,9,9,0,0
1,7,0,50,19,16,0,1.027618,1.005669,1.008516,32,0,334,100,100,30,3,1,0,-70,100,56,2,80,9,80,39,0,0,2974,174,0,13,0,875,138,0,26,0,490,1,0,12,0,222,0,0,8,0,69,271,32,37,0,0,0,6,6,0,0,6,6,0,0
1,7,1,50,19,16,0,1.003414,1.016871,1.009254,38,0,334,94.373862,89.373862,30,3,1,-70,0,-100,-100,0,80,9,135,57,0,0,2974,136,0,19,0,875,296,0,38,0,490,1,0,4,0,222,0,0,12,0,69,307,48,31,0,0,1,2,4,0,0,4,4,0,0
1,7,2,57,19,16,0,1.021804,1.001235,1.00142,35,0,334,5,0,30,3,1,100,-100,0,100,2,80,9,112,45,0,0,2974,183,0,15,0,875,147,0,30,0,490,1,0,8,0,222,0,0,10,0,69,263,40,31,0,0,0,4,4,0,0,4,4,0,0
1,7,3,61,19,16,0,1.00949,1.007101,0.995549,39,1,459,61.689647,56.689647,30,3,1,56,-100,100,0,2,80,9,66,45,0,0,2974,208,0,15,0,875,147,0,30,0,490,1,0,20,0,222,0,0,25,0,69,375,100,53,0,0,14,10,9,0,0,9,9,0,0
1,8,0,53,21,9,0,1.030566,1.013268,1.009361,35,0,334,100,100,33,5,1,0,-78,98,54,2,80,9,89,39,0,0,2820,199,0,13,0,861,151,0,26,0,500,1,0,6,0,209,0,0,15,0,118,315,60,25,0,0,0,3,3,0,0,3,3,0,0
1,8,1,54,21,9,0,1.00873,1.022672,1.011327,41,0,334,83.163861,78.163861,33,5,1,-78,0,-100,-100,0,80,9,158,60,0,0,2820,126,0,20,0,861,294,0,40,0,500,0,0,4,0,209,0,0,15,0,118,308,60,30,0,0,0,2,3,0,0,3,3,0,0
1,8,2,61,21,9,0,1.024728,1.001294,1.001903,37,0,334,5,0,33,5,1,98,-100,0,98,2,80,9,127,51,0,0,2820,229,0,17,0,861,164,0,34,0,500,0,0,10,0,209,0,0,12,0,118,307,48,37,0,0,0,5,5,0,0,5,5,0,0
1,8,3,62,21,9,0,1.009839,1.007339,0.997392,46,2,584,66.689647,61.689647,33,5,1,54,-100,98,0,2,80,9,64,42,0,0,2820,229,0,14,0,861,158,0,28,0,500,1,0,26,0,209,0,0,21,0,118,414,84,71,0,0,3,13,24,0,0,7,7,0,0
1,9,0,53,12,19,0,1.037051,1.022513,1.003286,33,0,334,100,100,34,5,1,0,-80,100,56,2,80,17,100,45,0,0,3044,211,0,15,0,952,148,0,30,0,444,0,0,18,0,272,0,0,0,0,50,285,0,49,0,0,1,9,8,0,0,8,8,0,0
1,9,1,47,12,19,0,1.010917,1.025648,1.012355,39,0,334,88.163861,83.163861,34,5,1,-80,0,-100,-100,0,80,17,175,60,0,0,3044,102,0,20,0,952,294,0,40,0,444,1,0,12,0,272,0,0,0,0,50,294,0,40,0,0,2,6,4,0,0,4,4,0,0
1,9,2,61,12,19,0,1.026543,1.00767,1.004034,39,0,334,5,0,34,5,1,100,-100,0,100,2,80,17,132,54,0,0,3044,150,0,18,0,952,164,0,36,0,444,1,0,16,0,272,0,0,0,0,50,284,0,50,0,0,0,8,8,0,0,8,8,0,0
1,9,3,62,12,19,0,1.010654,1.004656,0.995641,50,2,584,71.689647,66.689647,34,5,1,56,-100,100,0,2,80,17,57,39,0,0,3044,154,0,13,0,952,153,0,26,0,444,1,0,44,0,272,0,0,0,0,50,422,0,67,0,0,20,22,5,0,0,5,5,0,0
1,10,0,55,18,12,0,1.043452,1.018103,1.005848,38,0,334,100,100,37,5,1,0,-86,100,70,2,80,13,107,45,0,0,2848,225,0,15,0,858,163,0,30,0,493,0,0,10,0,255,0,0,5,0,73,305,20,37,0,0,0,5,6,0,0,6,6,0,0
1,10,1,47,18,12,0,1.011763,1.027624,1.012188,41,0,334,93.163861,88.163861,37,5,1,-86,0,-100,-100,0,80,13,201,60,0,0,2848,75,0,20,0,858,294,0,40,0,493,1,0,2,0,255,0,0,2,0,73,310,8,26,0,0,1,1,2,0,0,2,2,0,0
1,10,2,64,18,12,0,1.031346,1.00664,1.003743,44,0,334,5,0,37,5,1,100,-100,0,100,2,80,13,142,51,0,0,2848,192,0,17,0,858,181,0,34,0,493,0,0,16,0,255,0,0,3,0,73,287,12,47,0,0,1,8,7,0,0,7,7,0,0
1,10,3,63,18,12,0,1.011959,1.004769,0.996038,53,2,584,61.24699,56.24699,37,5,1,70,-100,100,0,2,80,13,53,39,0,0,2848,173,0,13,0,858,166,0,26,0,493,1,0,24,0,255,0,0,7,0,73,457,28,43,0,0,29,12,3,0,0,3,3,0,0
1,11,0,54,8,15,0,1.043468,1.022596,1.002987,41,0,334,100,100,40,6,1,0,-90,98,82,2,80,20,106,42,0,0,2910,156,0,14,0,850,177,0,28,0,501,0,0,4,0,239,0,0,8,0,197,316,32,22,0,0,0,2,2,0,0,2,2,0,0
1,11,1,45,8,15,0,1.008894,1.029466,1.011318,41,0,334,89.869105,84.869105,40,6,1,-90,0,-100,-100,0,80,20,225,63,0,0,2910,57,0,21,0,850,292,0,42,0,501,1,0,0,0,239,0,0,3,0,197,311,12,23,0,0,0,0,1,0,0,1,1,0,0
1,11,2,63,8,15,0,1.03684,1.011082,1.000453,46,0,334,10,5,40,6,1,98,-100,0,100,2,80,20,143,51,0,0,2910,255,0,17,0,850,197,0,34,0,501,1,0,8,0,239,0,0,4,0,197,293,16,35,0,0,0,4,5,0,0,5,5,0,0
1,11,3,60,8,15,0,1.01221,1.006166,0.997314,53,3,709,50.007035,45.007035,40,6,1,82,-100,100,0,2,80,20,53,42,0,0,2910,176,0,14,0,850,179,0,28,0,501,1,0,18,0,239,0,0,18,0,197,500,72,57,0,0,17,9,21,0,0,4,4,0,0
1,12,0,57,16,10,0,1.041186,1.022231,1.004076,41,0,334,100,100,42,6,1,0,-94,100,84,2,80,7,107,42,0,0,2990,168,0,14,0,859,191,0,28,0,501,0,0,6,0,221,0,0,18,0,79,314,72,26,0,0,0,3,3,0,0,3,3,0,0
1,12,1,44,16,10,0,1.008633,1.026807,1.012998,39,0,334,94.869105,89.869105,42,6,1,-94,0,-100,-100,0,80,7,252,63,0,0,2990,31,0,21,0,859,292,0,42,0,501,1,0,4,0,221,0,0,0,0,79,307,0,27,0,0,1,2,1,0,0,1,1,0,0
1,12,2,68,16,10,0,1.039822,1.011493,0.999305,50,0,334,5,0,42,6,1,100,-100,0,100,2,80,7,151,51,0,0,2990,175,0,17,0,859,211,0,34,0,501,1,0,10,0,221,0,0,12,0,79,307,48,37,0,0,0,5,5,0,0,5,5,0,0
1,12,3,59,16,10,0,1.015681,1.009407,0.997191,55,3,709,55.007035,50.007035,42,6,1,84,-100,100,0,2,80,7,51,39,0,0,2990,183,0,13,0,859,192,0,26,0,501,0,0,24,0,221,0,0,21,0,79,583,84,39,0,0,28,12,1,0,0,1,1,0,0
1,13,0,56,9,9,0,1.041981,1.017342,1.006077,41,0,334,100,100,42,6,1,0,-94,100,86,2,80,23,103,42,0,0,2828,193,0,14,0,1056,172,0,28,0,531,0,0,4,0,195,0,0,21,0,197,316,84,22,0,0,0,2,2,0,0,2,2,0,0
1,13,1,42,9,9,0,1.007851,1.02316,1.010695,40,0,334,99.869105,94.869105,42,6,1,-94,0,-100,-100,0,80,23,275,63,0,0,2828,18,0,21,0,1056,255,0,42,0,531,1,0,0,0,195,0,0,0,0,197,308,0,23,0,0,0,0,1,0,0,1,1,0,0
1,13,2,71,9,9,0,1.043643,1.009712,0.998656,54,0,334,10,5,42,6,1,100,-100,0,100,2,80,23,155,54,0,0,2828,233,0,18,0,1056,181,0,36,0,531,1,0,4,0,195,0,0,20,0,197,312,80,26,0,0,0,2,2,0,0,2,2,0,0
1,13,3,59,9,9,0,1.017018,1.002815,0.993702,54,4,834,60.007035,55.007035,42,6,1,86,-100,100,0,2,80,23,52,39,0,0,2828,183,0,13,0,1056,178,0,26,0,531,1,0,4,0,195,10,0,24,0,197,671,96,36,0,0,12,2,18,0,0,1,1,0,0
1,14,0,54,10,19,0,1.044435,1.022123,1.003317,40,0,334,100,100,42,6,1,0,-94,100,88,2,80,13,96,36,0,0,2824,221,0,12,0,851,184,0,24,0,447,0,0,24,0,272,0,0,0,0,101,286,0,48,0,0,6,12,6,0,0,6,6,0,0
1,14,1,42,10,19,0,1.009302,1.016361,1.008257,40,0,334,100,99.869105,42,6,1,-94,0,-100,-100,0,80,13,304,63,0,0,2824,9,0,21,0,851,292,0,42,0,447,1,0,0,0,272,0,0,0,0,101,313,0,21,0,0,0,0,0,0,0,0,0,0,0
1,14,2,70,10,19,0,1.046798,1.008552,1.000117,51,0,334,15,10,42,6,1,100,-100,0,100,2,80,13,148,48,0,0,2824,266,0,16,0,851,197,0,32,0,447,1,0,28,0,272,0,0,0,0,101,276,0,58,0,0,7,14,7,0,0,7,7,0,0
1,14,3,53,10,19,0,1.019404,1.00873,0.994529,48,5,959,65.007035,60.007035,42,6,1,88,-100,100,0,2,80,13,42,33,0,0,2824,185,0,11,0,851,189,0,22,0,447,0,0,36,0,272,0,0,10,0,101,693,40,68,0,0,11,18,19,0,0,2,2,0,0
1,15,0,59,18,11,0,1.048199,1.019512,0.999714,44,1,459,100,100,42,6,1,0,-94,100,90,2,80,0,92,33,0,0,3057,156,0,11,0,869,195,0,22,0,429,0,0,30,0,269,0,0,0,0,44,268,0,66,0,0,0,15,21,0,0,4,4,0,0
1,15,1,46,18,11,0,1.005194,1.01456,1.004765,39,0,334,100,100,42,6,1,-94,0,-100,-100,0,80,0,334,63,0,0,3057,9,0,21,0,869,292,0,42,0,429,0,0,4,0,269,0,0,0,0,44,307,0,27,0,0,1,2,1,0,0,1,1,0,0
1,15,2,71,18,11,0,1.049399,1.006006,1.000732,55,0,334,20,15,42,6,1,100,-100,0,100,2,80,0,143,48,0,0,3057,180,0,16,0,869,213,0,32,0,429,0,0,38,0,269,0,0,0,0,44,268,0,66,0,0,20,19,6,0,0,6,6,0,0
1,15,3,50,18,11,0,1.019759,1.009388,0.993315,47,5,959,70.007035,65.007035,42,6,1,90,-100,100,0,2,80,0,43,30,0,0,3057,202,0,10,0,869,196,0,20,0,429,1,0,38,0,269,0,0,0,0,44,682,0,50,0,0,29,19,1,0,0,1,1,0,0
1,16,0,61,18,12,1,1.05132,1.010996,1.003709,45,1,459,100,100,42,6,1,0,-94,100,90,2,80,4,85,36,0,0,2797,189,0,12,0,874,207,0,24,0,446,0,0,22,0,262,0,0,4,0,105,283,16,46,0,0,5,11,6,0,0,6,6,0,0
1,16,1,47,18,12,1,1.005154,1.015089,1.000748,38,0,334,100,100,42,6,1,-94,0,-100,-100,0,80,4,334,60,0,0,2797,0,0,20,0,874,294,0,40,0,446,1,0,6,0,262,0,0,0,0,105,302,0,32,0,0,1,3,3,0,0,3,3,0,0
1,16,2,73,18,12,1,1.049671,1.006665,1.002759,58,0,334,25,20,42,6,1,100,-100,0,98,2,80,4,144,51,0,0,2797,220,0,17,0,874,227,0,34,0,446,1,0,30,0,262,0,0,4,0,105,279,16,57,0,0,30,15,5,0,0,5,5,0,0
1,16,3,51,18,12,1,1.018574,1.009216,0.992598,46,5,959,75.007035,70.007035,42,6,1,90,-100,98,0,2,80,4,43,27,0,0,2797,223,0,9,0,874,202,0,18,0,446,1,0,32,0,262,0,0,2,0,105,691,8,43,0,0,44,16,1,0,0,1,1,0,0
1,17,0,64,14,20,0,1.052626,1.012867,1.006163,50,1,459,100,100,42,6,1,0,-94,100,92,2,80,5,75,39,0,0,2873,227,0,13,0,860,220,0,26,0,467,1,0,20,0,270,0,0,0,0,87,286,0,43,0,0,10,10,5,0,0,5,5,0,0
1,17,1,47,14,20,0,1.00712,1.012573,1.003396,41,0,334,100,100,42,6,1,-94,0,-100,-100,0,80,5,334,60,0,0,2873,0,0,20,0,860,294,0,40,0,467,1,0,6,0,270,0,0,0,0,87,304,0,30,0,0,2,3,2,0,0,2,2,0,0
1,17,2,77,14,20,0,1.051782,1.005394,1.002798,60,0,334,30,25,42,6,1,100,-100,0,98,2,80,5,146,57,0,0,2873,256,0,19,0,860,243,0,38,0,467,1,0,30,0,270,0,0,0,0,87,260,0,59,0,0,40,15,5,0,0,5,5,0,0
1,17,3,38,14,20,0,1.021813,1.012944,0.999227,33,5,959,80.007035,75.007035,42,6,1,92,-100,98,0,2,80,5,37,30,0,0,2873,162,0,10,0,860,212,0,20,0,467,1,0,20,0,270,0,0,2,0,87,698,8,34,0,0,52,10,2,0,0,2,2,0,0
1,18,0,69,20,10,0,1.052236,1.007525,1.007929,52,1,459,100,100,42,6,1,0,-94,100,94,2,80,6,73,42,0,0,2973,261,0,14,0,860,234,0,28,0,478,0,0,22,0,197,0,0,20,0,71,374,80,46,0,0,16,11,5,0,0,5,5,0,0
1,18,1,52,20,10,0,1.009995,1.009576,1.000922,42,0,334,100,100,42,6,1,-94,0,-100,-100,0,80,6,334,60,0,0,2973,0,0,20,0,860,294,0,40,0,478,0,0,6,0,197,0,0,0,0,71,304,0,30,0,0,3,3,2,0,0,2,2,0,0
1,18,2,77,20,10,0,1.05584,1.006842,1.004208,61,1,459,35,30,42,6,1,100,-100,0,98,2,80,6,142,57,0,0,2973,160,0,19,0,860,259,0,38,0,478,0,0,20,0,197,0,0,27,0,71,286,108,68,0,0,27,10,23,0,0,6,6,0,0
1,18,3,38,20,10,0,1.024285,1.018893,0.997983,33,5,959,85.007035,80.007035,42,6,1,94,-100,98,0,2,80,6,41,24,0,0,2973,156,0,8,0,860,220,0,16,0,478,1,0,18,0,197,5,0,14,0,71,749,56,30,0,0,59,9,2,0,0,2,2,0,0
1,19,0,68,17,15,0,1.050141,1.008004,1.007811,53,1,459,100,100,42,6,1,0,-94,100,96,2,80,14,63,45,0,0,2920,177,0,15,0,879,249,0,30,0,519,0,0,4,0,209,0,0,16,0,64,432,64,31,0,0,12,2,6,0,0,6,6,0,0
1,19,1,52,17,15,0,1.010623,1.009673,1.001946,41,0,334,100,100,42,6,1,-94,0,-100,-100,0,80,14,334,60,0,0,2920,0,0,20,0,879,294,0,40,0,519,0,0,0,0,209,0,0,13,0,64,308,52,26,0,0,0,0,3,0,0,3,3,0,0
1,19,2,77,17,15,0,1.058591,1.002717,1.002701,62,1,459,40,35,42,6,1,100,-100,0,98,2,80,14,144,57,0,0,2920,232,0,19,0,879,275,0,38,0,519,0,0,6,0,209,0,0,17,0,64,376,68,35,0,0,25,3,5,0,0,5,5,0,0
1,19,3,41,17,15,0,1.026004,1.012638,0.991162,33,5,959,90.007035,85.007035,42,6,1,96,-100,98,0,2,80,14,45,24,0,0,2920,150,0,8,0,879,228,0,16,0,519,0,0,16,0,209,0,0,5,0,64,770,20,28,0,0,65,8,2,0,0,2,2,0,0
1,20,0,67,16,13,0,1.051408,1.006106,1.007958,56,1,459,100,100,42,6,1,0,-94,100,98,2,80,7,68,51,0,0,2774,196,0,17,0,857,266,0,34,0,528,0,0,2,0,189,0,0,27,0,72,432,108,29,0,0,8,1,5,0,0,5,5,0,0
1,20,1,50,16,13,0,1.012408,1.011983,1.004318,43,0,334,100,100,42,6,1,-94,0,-100,-100,0,80,7,334,57,0,0,2774,1,0,19,0,857,296,0,38,0,528,0,0,0,0,189,0,0,14,0,72,315,56,19,0,0,0,0,0,0,0,0,0,0,0
1,20,2,80,16,13,0,1.055513,1.001471,1.002183,66,2,584,45,40,42,6,1,100,-100,0,98,2,80,7,143,57,0,0,2774,304,0,19,0,857,291,0,38,0,528,1,0,8,0,189,0,0,15,0,72,413,60,54,0,0,7,4,22,0,0,5,5,0,0
1,20,3,44,16,13,0,1.026508,0.999718,0.991518,32,6,1084,95.007035,90.007035,42,6,1,98,-100,98,0,2,80,7,42,21,0,0,2774,142,0,7,0,857,235,0,14,0,528,1,0,4,0,189,4,0,17,0,72,840,68,34,0,0,47,2,20,0,0,3,3,0,0
1,21,0,63,18,16,0,1.052,1.00756,1.009249,55,1,459,100,100,42,6,1,0,-94,100,100,2,80,15,62,45,0,0,2969,210,0,15,0,863,281,0,30,0,514,0,0,8,0,224,0,0,20,0,20,438,80,29,0,0,9,4,3,0,0,3,3,0,0
1,21,1,53,18,16,0,1.018032,1.021759,1.002957,43,0,334,100,100,42,6,1,-94,0,-100,-100,0,80,15,334,57,0,0,2969,11,0,19,0,863,296,0,38,0,514,0,0,0,0,224,0,0,2,0,20,315,8,19,0,0,0,0,0,0,0,0,0,0,0
1,21,2,80,18,16,0,1.055077,1.00166,1.002808,67,2,584,50,45,42,6,1,100,-100,0,100,2,80,15,130,54,0,0,2969,206,0,18,0,863,308,0,36,0,514,0,0,8,0,224,0,0,14,0,20,538,56,36,0,0,6,4,5,0,0,5,5,0,0
1,21,3,47,18,16,0,1.028996,0.999738,0.990034,31,6,1084,100,95.007035,42,6,1,100,-100,100,0,2,80,15,38,21,0,0,2969,139,0,7,0,863,242,0,14,0,514,1,0,12,0,224,0,0,7,0,20,878,28,29,0,0,48,6,5,0,0,5,5,0,0
1,22,0,59,17,25,0,1.058434,1.006281,1.009998,52,1,459,100,100,43,7,1,0,-94,98,98,2,80,12,57,45,0,0,2800,220,0,15,0,854,296,0,30,0,474,0,0,18,0,249,0,0,0,0,34,422,0,37,0,0,16,9,2,0,0,2,2,0,0
1,22,1,54,17,25,0,1.011142,1.012344,0.994236,42,0,334,95.452515,90.452515,43,7,1,-94,0,-100,-100,0,80,12,334,60,0,0,2800,10,0,20,0,854,294,0,40,0,474,1,0,6,0,249,0,0,0,0,34,304,0,30,0,0,1,3,2,0,0,2,2,0,0
1,22,2,75,17,25,0,1.05766,1.003343,1.004289,64,2,584,55,50,43,7,1,98,-100,0,98,2,80,12,120,54,0,0,2800,276,0,18,0,854,326,0,36,0,474,1,0,14,0,249,0,0,6,0,34,554,24,40,0,0,9,7,4,0,0,4,4,0,0
1,22,3,47,17,25,0,1.029845,1.00078,0.988762,33,6,1084,100,100,43,7,1,98,-100,98,0,2,80,12,36,27,0,0,2800,147,0,9,0,854,248,0,18,0,474,0,0,28,0,249,0,0,3,0,34,880,12,49,0,0,56,14,6,0,0,6,6,0,0
1,23,0,57,12,16,1,1.064296,1.004008,1.007481,49,2,584,100,100,43,7,1,0,-96,100,100,2,80,5,49,36,0,0,2948,237,0,12,0,850,308,0,24,0,458,0,0,24,0,261,0,0,3,0,82,404,12,59,0,0,8,12,20,0,0,3,3,0,0
1,23,1,55,12,16,1,1.015229,1.012426,0.995023,42,0,334,100,95.452515,43,7,1,-96,0,-100,-100,0,80,5,334,66,0,0,2948,18,0,22,0,850,290,0,44,0,458,0,0,28,0,261,0,0,0,0,82,274,0,60,0,0,10,14,5,0,0,5,5,0,0
1,23,2,77,12,16,1,1.059348,1.006365,1.007857,65,2,584,60,55,43,7,1,100,-100,0,100,2,80,5,111,51,0,0,2948,184,0,17,0,850,343,0,34,0,458,1,0,18,0,261,0,0,3,0,82,545,12,43,0,0,14,9,4,0,0,4,4,0,0
1,23,3,42,12,16,1,1.031274,1.003367,0.988429,35,6,1084,100,100,43,7,1,100,-100,100,0,2,80,5,38,27,0,0,2948,155,0,9,0,850,257,0,18,0,458,1,0,16,0,261,0,0,5,0,82,905,20,31,0,0,61,8,3,0,0,3,3,0,0
1,24,0,57,17,25,0,1.060694,0.998406,1.009308,48,2,584,100,100,43,7,1,0,-96,100,100,2,80,3,56,39,0,0,2857,167,0,13,0,859,320,0,26,0,476,1,0,14,0,262,0,0,4,0,127,449,16,31,0,0,13,7,2,0,0,2,2,0,0
1,24,1,54,17,25,0,1.022702,1.010832,0.997594,44,0,334,100,100,43,7,1,-96,0,-100,-100,0,80,3,334,63,0,0,2857,29,0,21,0,859,292,0,42,0,476,1,0,4,0,262,0,0,1,0,127,280,4,31,0,0,9,2,3,0,0,3,3,0,0
1,24,2,73,17,25,0,1.060851,1.002621,1.004561,64,3,709,65,60,43,7,1,100,-100,0,100,2,80,3,107,54,0,0,2857,265,0,18,0,859,361,0,36,0,476,1,0,12,0,262,0,0,1,0,127,531,4,53,0,0,0,6,20,0,0,3,3,0,0
1,24,3,39,17,25,0,1.032474,0.983124,0.98186,31,7,1209,100,100,43,7,1,100,-100,100,0,2,80,3,41,27,0,0,2857,168,0,9,0,859,266,0,18,0,476,1,0,10,0,262,0,0,4,0,127,913,16,40,0,0,47,5,19,0,0,2,2,0,0
1,25,0,48,20,46,1,1.063645,0.99838,1.007867,37,2,584,100,100,44,7,1,0,-98,100,98,2,80,7,55,39,0,0,2947,209,0,13,0,868,327,0,26,0,517,1,0,10,0,270,0,0,1,0,136,440,4,31,0,0,14,5,4,0,0,4,4,0,0
1,25,1,44,20,46,1,1.029332,1.015301,0.98545,33,0,334,100,100,44,7,1,-98,0,-100,-100,0,80,7,334,60,0,0,2947,40,0,20,0,868,294,0,40,0,517,0,0,8,0,270,0,0,0,0,136,266,0,34,0,0,10,4,3,0,0,3,3,0,0
1,25,2,67,20,46,1,1.065416,0.996115,1.004923,59,3,709,61.761315,56.761315,44,7,1,100,-100,0,98,2,80,7,110,57,0,0,2947,173,0,19,0,868,377,0,38,0,517,1,0,4,0,270,0,0,0,0,136,541,0,27,0,0,0,2,2,0,0,2,2,0,0
1,25,3,38,20,46,1,1.030573,0.963177,0.980787,25,7,1209,100,100,44,7,1,98,-100,98,0,2,80,7,50,33,0,0,2947,174,0,11,0,868,274,0,22,0,517,1,0,6,0,270,0,0,1,0,136,906,4,23,0,0,47,3,3,0,0,3,3,0,0
1,26,0,49,14,13,0,1.065204,1.000357,1.009177,39,2,584,100,100,51,7,1,0,-100,100,100,2,80,14,62,36,0,0,2815,269,0,12,0,872,339,0,24,0,504,1,0,12,0,247,0,0,7,0,245,445,28,32,0,0,16,6,4,0,0,4,4,0,0
1,26,1,43,14,13,0,1.028191,1.016326,0.984858,33,0,334,100,100,51,7,1,-100,0,-100,-100,0,80,14,334,63,0,0,2815,29,0,21,0,872,292,0,42,0,504,1,0,10,0,247,0,0,1,0,245,246,4,39,0,0,11,5,4,0,0,4,4,0,0
1,26,2,67,14,13,0,1.063467,0.996127,1.006661,59,3,709,44.195808,39.195808,51,7,1,100,-100,0,100,2,80,14,113,57,0,0,2815,223,0,19,0,872,396,0,38,0,504,0,0,8,0,247,0,0,8,0,245,558,32,33,0,0,1,4,3,0,0,3,3,0,0
1,26,3,39,14,13,0,1.024408,0.961368,0.980202,26,7,1209,75.502189,70.502189,51,7,1,100,-100,100,0,2,80,14,65,36,0,0,2815,180,0,12,0,872,286,0,24,0,504,1,0,10,0,247,0,0,9,0,245,919,36,30,0,0,48,5,4,0,0,4,4,0,0
1,27,0,51,19,22,0,1.065869,0.996907,1.010633,39,3,709,100,100,55,8,1,0,-100,100,100,2,80,2,64,36,0,0,2944,208,0,12,0,850,351,0,24,0,490,1,0,24,0,215,0,0,18,0,142,522,72,59,0,0,8,12,20,0,0,3,3,0,0
1,27,1,41,19,22,0,1.028179,1.011241,0.983906,31,0,334,96.107511,91.107511,55,8,1,-100,0,-100,-100,0,80,2,334,69,0,0,2944,17,0,23,0,850,288,0,46,0,490,0,0,6,0,215,4,0,8,0,142,258,32,35,0,0,11,3,3,0,0,3,3,0,0
1,27,2,65,19,22,0,1.064072,0.993841,1.01098,55,3,709,33.818495,28.818495,55,8,1,100,-100,0,100,2,80,2,121,57,0,0,2944,273,0,19,0,850,415,0,38,0,490,0,0,16,0,215,0,0,9,0,142,595,36,41,0,0,6,8,3,0,0,3,3,0,0
1,27,3,38,19,22,0,1.020535,0.958361,0.985282,25,7,1209,71.630236,66.630236,55,8,1,100,-100,100,0,2,80,2,78,36,0,0,2944,185,0,12,0,850,298,0,24,0,490,0,0,10,0,215,6,0,12,0,142,948,48,32,0,0,48,5,5,0,0,5,5,0,0
1,28,0,55,22,12,0,1.067555,0.993871,1.011902,40,3,709,100,100,57,10,1,0,-100,96,96,2,80,8,80,45,0,0,2985,238,0,15,0,829,366,0,30,0,447,0,0,34,0,259,0,0,9,0,169,514,36,59,0,0,20,17,5,0,0,5,5,0,0
1,28,1,41,22,12,0,1.028866,1.002178,0.980798,33,0,334,84.303397,79.303397,57,10,1,-100,0,-100,-100,0,80,8,334,66,0,0,2985,17,0,22,0,829,290,0,44,0,447,0,0,12,0,259,0,0,4,0,169,251,16,38,0,0,15,6,2,0,0,2,2,0,0
1,28,2,69,22,12,0,1.064471,0.99165,1.016165,56,3,709,38.818495,33.818495,57,10,1,96,-100,0,98,2,80,8,138,63,0,0,2985,187,0,21,0,829,435,0,42,0,447,1,0,20,0,259,0,0,4,0,169,645,16,49,0,0,12,10,4,0,0,4,4,0,0
1,28,3,40,22,12,0,1.018512,0.955124,0.983731,27,7,1209,76.630236,71.630236,57,10,1,96,-100,98,0,2,80,8,100,45,0,0,2985,180,0,15,0,829,313,0,30,0,447,0,0,22,0,259,0,0,6,0,169,942,24,45,0,0,55,11,4,0,0,4,4,0,0
1,29,0,60,18,5,0,1.070703,0.992777,1.017003,45,3,709,100,100,58,11,1,0,-100,96,96,2,80,12,92,51,0,0,2941,166,0,17,0,819,380,0,34,0,498,0,0,16,0,223,0,0,18,0,168,599,72,43,0,0,23,8,5,0,0,5,5,0,0
1,29,1,43,18,5,0,1.027622,1.0069,0.97848,35,0,334,80.593618,75.593618,58,11,1,-100,0,-100,-100,0,80,12,334,66,0,0,2941,37,0,22,0,819,290,0,44,0,498,1,0,2,0,223,0,0,5,0,168,256,20,30,0,0,13,1,3,0,0,3,3,0,0
1,29,2,72,18,5,0,1.063483,0.994009,1.015432,58,3,709,43.818495,38.818495,58,11,1,96,-100,0,98,2,80,12,151,66,0,0,2941,232,0,22,0,819,457,0,44,0,498,0,0,12,0,223,0,0,16,0,168,677,64,44,0,0,13,6,5,0,0,5,5,0,0
1,29,3,43,18,5,0,1.01487,0.95589,0.983224,29,7,1209,81.630236,76.630236,58,11,1,96,-100,98,0,2,80,12,120,45,0,0,2941,165,0,15,0,819,328,0,30,0,498,0,0,16,0,223,0,0,10,0,168,958,40,41,0,0,58,8,5,0,0,5,5,0,0
1,30,0,57,15,25,0,1.062182,0.989043,1.015626,44,3,709,100,100,60,11,1,0,-100,100,98,2,80,10,96,48,0,0,2825,210,0,16,0,838,396,0,32,0,433,0,0,28,0,272,0,0,0,0,246,551,0,54,0,0,32,14,5,0,0,5,5,0,0
1,30,1,43,15,25,0,1.023915,1.00099,0.980442,35,0,334,85.593618,80.593618,60,11,1,-100,0,-100,-100,0,80,10,334,69,0,0,2825,26,0,23,0,838,288,0,46,0,433,0,0,10,0,272,0,0,0,0,246,225,0,39,0,0,15,5,3,0,0,3,3,0,0
1,30,2,65,15,25,0,1.0661,0.994521,1.010715,54,4,834,33.245824,28.245824,60,11,1,100,-100,0,100,2,80,10,140,45,0,0,2825,297,0,15,0,838,469,0,30,0,433,1,0,20,0,272,0,0,0,0,246,639,0,60,0,0,2,10,21,0,0,4,4,0,0
1,30,3,43,15,25,0,1.017857,0.953828,0.983334,29,7,1209,86.630236,81.630236,60,11,1,98,-100,100,0,2,80,10,136,39,0,0,2825,149,0,13,0,838,341,0,26,0,433,0,0,26,0,272,0,0,0,0,246,927,0,49,0,0,66,13,5,0,0,5,5,0,0
1,31,0,60,12,33,0,1.060939,0.984345,1.014586,48,3,709,100,100,65,12,1,0,-100,100,100,2,80,14,109,51,0,0,2975,256,0,17,0,838,410,0,34,0,482,1,0,26,0,260,0,0,3,0,157,533,12,51,0,0,41,13,4,0,0,4,4,0,0
1,31,1,42,12,33,0,1.02536,0.998721,0.976537,35,0,334,81.492194,76.492194,65,12,1,-100,0,-100,-100,0,80,14,334,72,0,0,2975,16,0,24,0,838,286,0,48,0,482,0,0,6,0,260,0,0,2,0,157,217,8,36,0,0,15,3,3,0,0,3,3,0,0
1,31,2,44,12,33,0,1.059834,0.99126,1.014863,38,4,834,21.960624,16.960624,65,12,1,100,-100,0,100,2,80,14,131,42,0,0,2975,218,0,14,0,838,480,0,28,0,482,1,0,8,0,260,0,0,4,0,157,666,16,26,0,0,4,4,2,0,0,2,2,0,0
1,31,3,41,12,33,0,1.019774,0.960279,0.979509,31,7,1209,75.780747,70.780747,65,12,1,100,-100,100,0,2,80,14,151,45,0,0,2975,131,0,15,0,838,356,0,30,0,482,1,0,16,0,260,0,0,2,0,157,920,8,39,0,0,70,8,4,0,0,4,4,0,0
1,32,0,62,21,6,0,1.061469,0.984292,1.014561,50,4,834,100,100,65,12,1,0,-100,100,100,2,80,10,113,48,0,0,3094,180,0,16,0,844,426,0,32,0,538,0,0,6,0,174,5,0,25,0,78,666,100,47,0,0,23,3,21,0,0,4,4,0,0
1,32,1,46,21,6,0,1.026528,0.995913,0.974439,38,0,334,86.492194,81.492194,65,12,1,-100,0,-100,-100,0,80,10,334,72,0,0,3094,16,0,24,0,844,286,0,48,0,538,0,0,0,0,174,12,0,11,0,78,263,44,28,0,0,13,0,2,0,0,2,2,0,0
1,32,2,48,21,6,0,1.05759,0.995644,1.018359,38,4,834,26.960624,21.960624,65,12,1,100,-100,0,100,2,80,10,139,36,0,0,3094,162,0,12,0,844,492,0,24,0,538,0,0,2,0,174,1,0,20,0,78,813,80,18,0,0,3,1,2,0,0,2,2,0,0
1,32,3,46,21,6,0,1.023871,0.964209,0.979999,34,7,1209,80.780747,75.780747,65,12,1,100,-100,100,0,2,80,10,179,48,0,0,3094,114,0,16,0,844,369,0,32,0,538,1,0,0,0,174,7,0,14,0,78,981,56,22,0,0,67,0,3,0,0,3,3,0,0
1,33,0,61,12,11,1,1.063478,0.984087,1.016513,51,4,834,100,100,65,12,1,0,-100,98,100,2,80,9,116,48,0,0,2866,222,0,16,0,815,442,0,32,0,447,1,0,38,0,271,0,0,5,0,182,651,20,62,0,0,38,19,4,0,0,4,4,0,0
1,33,1,46,12,11,1,1.02322,1.002279,0.975805,39,1,459,91.492194,86.492194,65,12,1,-100,0,-100,-100,0,80,9,334,69,0,0,2866,17,0,23,0,815,288,0,46,0,447,0,0,18,0,271,1,0,12,0,182,283,48,62,0,0,3,9,19,0,0,2,2,0,0
1,33,2,51,12,11,1,1.058292,0.995841,1.023243,39,4,834,31.960624,26.960624,65,12,1,98,-100,0,98,2,80,9,147,39,0,0,2866,197,0,13,0,815,505,0,26,0,447,1,0,26,0,271,0,0,1,0,182,787,4,47,0,0,12,13,4,0,0,4,4,0,0
1,33,3,45,12,11,1,1.023154,0.971943,0.975315,34,7,1209,85.780747,80.780747,65,12,1,100,-100,98,0,2,80,9,200,51,0,0,2866,91,0,17,0,815,386,0,34,0,447,0,0,14,0,271,0,0,7,0,182,1000,28,39,0,0,70,7,4,0,0,4,4,0,0
1,34,0,66,19,12,0,1.061366,0.984306,1.011658,54,4,834,100,100,65,12,1,0,-100,100,100,2,80,5,121,48,0,0,2867,257,0,16,0,829,455,0,32,0,467,0,0,26,0,258,0,0,9,0,300,639,36,48,0,0,48,13,3,0,0,3,3,0,0
1,34,1,48,19,12,0,1.02353,0.99052,0.971544,40,1,459,96.492194,91.492194,65,12,1,-100,0,-100,-100,0,80,5,376,72,0,0,2867,16,0,24,0,829,356,0,48,0,467,1,0,14,0,258,0,0,1,0,300,247,4,40,0,0,9,7,1,0,0,1,1,0,0
1,34,2,51,19,12,0,1.060051,0.995447,1.023598,39,5,959,36.960624,31.960624,65,12,1,100,-100,0,98,2,80,5,147,36,0,0,2867,230,0,12,0,829,517,0,24,0,467,1,0,20,0,258,0,0,0,0,300,730,0,57,0,0,1,10,21,0,0,4,4,0,0
1,34,3,45,19,12,0,1.026722,0.978615,0.977614,35,7,1209,90.780747,85.780747,65,12,1,100,-100,98,0,2,80,5,226,54,0,0,2867,76,0,18,0,829,404,0,36,0,467,0,0,16,0,258,0,0,3,0,300,970,12,42,0,0,74,8,4,0,0,4,4,0,0
1,35,0,71,20,4,0,1.063437,0.982052,1.012249,56,4,834,100,100,66,13,1,0,-100,100,100,2,80,10,127,54,0,0,3070,173,0,18,0,836,467,0,36,0,443,1,0,34,0,264,0,0,8,0,85,694,32,62,0,0,60,17,5,0,0,5,5,0,0
1,35,1,53,20,4,0,1.027917,0.996966,0.974452,41,1,459,92.686498,87.686498,66,13,1,-100,0,-100,-100,0,80,10,420,78,0,0,3070,32,0,26,0,836,407,0,52,0,443,1,0,18,0,264,0,0,0,0,85,220,0,52,0,0,14,9,4,0,0,4,4,0,0
1,35,2,53,20,4,0,1.063216,0.995452,1.026446,42,5,959,41.960624,36.960624,66,13,1,100,-100,0,98,2,80,10,147,36,0,0,3070,167,0,12,0,836,527,0,24,0,443,0,0,28,0,264,0,0,0,0,85,760,0,48,0,0,11,14,4,0,0,4,4,0,0
1,35,3,49,20,4,0,1.025672,0.979229,0.978462,38,7,1209,95.780747,90.780747,66,13,1,100,-100,98,0,2,80,10,256,54,0,0,3070,53,0,18,0,836,422,0,36,0,443,1,0,20,0,264,0,0,0,0,85,947,0,44,0,0,81,10,3,0,0,3,3,0,0
1,36,0,71,17,22,0,1.068164,0.980382,1.012815,56,5,959,100,100,66,13,1,0,-100,100,100,2,80,6,135,60,0,0,2851,202,0,20,0,805,487,0,40,0,495,1,0,8,0,167,5,0,30,0,153,787,120,55,0,0,42,4,22,0,0,5,5,0,0
1,36,1,53,17,22,0,1.031598,0.998711,0.969843,41,1,459,97.686498,92.686498,66,13,1,-100,0,-100,-100,0,80,6,459,84,0,0,2851,12,0,28,0,805,403,0,56,0,495,0,0,2,0,167,0,0,15,0,153,287,60,38,0,0,11,1,4,0,0,4,4,0,0
1,36,2,48,17,22,0,1.061218,1.001299,1.025666,40,5,959,46.960624,41.960624,66,13,1,100,-100,0,100,2,80,6,142,33,0,0,2851,215,0,11,0,805,538,0,22,0,495,1,0,0,0,167,3,0,24,0,153,866,96,17,0,0,8,0,3,0,0,3,3,0,0
1,36,3,49,17,22,0,1.024488,0.980106,0.978958,38,7,1209,100,95.780747,66,13,1,100,-100,100,0,2,80,6,272,51,0,0,2851,35,0,17,0,805,439,0,34,0,495,0,0,10,0,167,7,0,17,0,153,1013,68,35,0,0,82,5,4,0,0,4,4,0,0
1,37,0,75,20,10,0,1.068993,0.974375,1.011889,59,6,1084,100,100,68,15,1,0,-100,96,98,2,80,6,146,63,0,0,2894,245,0,21,0,803,508,0,42,0,522,0,0,10,0,241,0,0,17,0,125,836,68,58,0,0,25,5,22,0,0,5,5,0,0
1,37,1,54,20,10,0,1.034379,1.000253,0.973984,43,1,459,86.18191,81.18191,68,15,1,-100,0,-100,-100,0,80,6,459,87,0,0,2894,30,0,29,0,803,401,0,58,0,522,1,0,0,0,241,0,0,5,0,125,291,20,37,0,0,7,0,4,0,0,4,4,0,0
1,37,2,53,20,10,0,1.065231,1.000585,1.024726,42,5,959,51.960624,46.960624,68,15,1,96,-100,0,100,2,80,6,147,36,0,0,2894,154,0,12,0,803,550,0,24,0,522,0,0,4,0,241,0,0,8,0,125,941,32,22,0,0,7,2,3,0,0,3,3,0,0
1,37,3,49,20,10,0,1.027686,0.975375,0.977113,38,8,1334,100,100,68,15,1,98,-100,100,0,2,80,6,289,48,0,0,2894,34,0,16,0,803,455,0,32,0,522,1,0,8,0,241,0,0,16,0,125,1060,64,47,0,0,66,4,20,0,0,3,3,0,0
1,38,0,78,23,12,0,1.07021,0.979795,1.012006,63,6,1084,100,100,71,15,1,0,-100,100,100,2,80,3,154,63,0,0,2919,149,0,21,0,785,529,0,42,0,451,0,0,32,0,271,0,0,1,0,86,871,4,63,0,0,36,16,5,0,0,5,5,0,0
1,38,1,55,23,12,0,1.03537,1.002556,0.975484,43,1,459,91.18191,86.18191,71,15,1,-100,0,-100,-100,0,80,3,459,84,0,0,2919,22,0,28,0,785,403,0,56,0,451,0,0,14,0,271,0,0,0,0,86,282,0,50,0,0,10,7,4,0,0,4,4,0,0
1,38,2,56,23,12,0,1.066544,1.004497,1.030851,43,6,1084,33.215562,28.215562,71,15,1,100,-100,0,100,2,80,3,147,36,0,0,2919,201,0,12,0,785,562,0,24,0,451,0,0,30,0,271,0,0,0,0,86,892,0,67,0,0,1,15,21,0,0,4,4,0,0
1,38,3,53,23,12,0,1.029714,0.981752,0.97733,39,8,1334,100,100,71,15,1,100,-100,100,0,2,80,3,306,48,0,0,2919,56,0,16,0,785,471,0,32,0,451,1,0,18,0,271,0,0,0,0,86,1054,0,42,0,0,71,9,4,0,0,4,4,0,0
1,39,0,83,18,9,0,1.069504,0.979749,1.00994,67,7,1209,100,100,73,16,1,0,-100,98,98,2,80,7,163,66,0,0,2689,217,0,22,0,801,551,0,44,0,474,0,0,28,0,228,0,0,20,0,137,916,80,77,0,0,28,14,22,0,0,5,5,0,0
1,39,1,53,18,9,0,1.035293,1.002463,0.973478,46,1,459,84.535952,79.535952,73,16,1,-100,0,-100,-100,0,80,7,459,84,0,0,2689,42,0,28,0,801,403,0,56,0,474,0,0,14,0,228,0,0,2,0,137,282,8,48,0,0,14,7,3,0,0,3,3,0,0
1,39,2,59,18,9,0,1.070007,1.003432,1.03228,46,6,1084,38.215562,33.215562,73,16,1,98,-100,0,98,2,80,7,147,39,0,0,2689,260,0,13,0,801,575,0,26,0,474,0,0,10,0,228,0,0,9,0,137,936,36,33,0,0,1,5,5,0,0,5,5,0,0
1,39,3,56,18,9,0,1.033619,0.980565,0.976969,40,8,1334,95.560471,90.560471,73,16,1,98,-100,98,0,2,80,7,315,45,0,0,2689,76,0,15,0,801,486,0,30,0,474,1,0,16,0,228,0,0,12,0,137,1099,48,41,0,0,74,8,5,0,0,5,5,0,0
1,40,0,88,19,7,0,1.068595,0.97836,1.010395,71,7,1209,100,100,77,18,1,0,-100,96,98,2,80,13,172,72,0,0,2855,278,0,24,0,793,575,0,48,0,470,0,0,30,0,210,0,0,32,0,61,1023,128,66,0,0,37,15,6,0,0,6,6,0,0
1,40,1,54,19,7,0,1.031883,1.006353,0.977738,47,2,584,68.393338,63.393338,77,18,1,-100,0,-100,-100,0,80,13,459,84,0,0,2855,42,0,28,0,793,403,0,56,0,470,1,0,10,0,210,0,0,8,0,61,298,32,59,0,0,0,5,19,0,0,2,2,0,0
1,40,2,63,19,7,0,1.066007,1.000368,1.030721,49,6,1084,43.215562,38.215562,77,18,1,96,-100,0,98,2,80,13,142,36,0,0,2855,189,0,12,0,793,587,0,24,0,470,0,0,12,0,210,0,0,16,0,61,1064,64,32,0,0,3,6,4,0,0,4,4,0,0
1,40,3,58,19,7,0,1.036166,0.980422,0.97837,43,8,1334,84.847452,79.847452,77,18,1,98,-100,98,0,2,80,13,327,51,0,0,2855,99,0,17,0,793,503,0,34,0,470,0,0,22,0,210,0,0,6,0,61,1118,24,51,0,0,79,11,6,0,0,6,6,0,0
3,1,0,52,16,5,0,0.998468,0.997202,1.009531,0,0,334,100,100,5,0,0,0,-26,2,20,1,80,12,58,39,0,0,2802,192,0,13,0,911,63,0,26,0,503,1,0,44,0,202,17,0,23,0,148,116,92,75,0,0,13,22,9,0,0,9,9,0,0
3,1,1,51,16,5,0,1.001998,0.99623,1.011267,0,0,334,100,100,5,0,0,-26,0,-26,-38,0,80,12,49,36,0,0,2802,215,0,12,0,911,81,0,24,0,503,1,0,40,0,202,24,0,23,0,148,137,92,70,0,0,11,20,9,0,0,9,9,0,0
3,1,2,52,16,5,0,0.99596,0.992546,1.008284,0,0,334,100,100,5,0,0,2,-26,0,20,1,80,12,54,39,0,0,2802,192,0,13,0,911,63,0,26,0,503,1,0,44,0,202,17,0,23,0,148,120,92,75,0,0,13,22,9,0,0,9,9,0,0
3,1,3,56,16,5,0,0.999492,0.997543,1.006626,0,0,334,82.010104,77.010104,5,0,0,20,-38,20,0,2,80,12,56,39,0,0,2802,192,0,13,0,911,63,0,26,0,503,0,0,46,0,202,20,0,23,0,148,118,92,77,0,0,14,23,9,0,0,9,9,0,0
3,2,0,53,13,23,0,0.998916,0.995316,1.008091,7,0,334,100,100,12,0,1,0,-40,46,22,2,80,4,63,39,0,0,2810,215,0,13,0,919,73,0,26,0,397,1,0,32,0,272,0,0,17,0,122,163,68,63,0,0,20,16,9,0,0,9,9,0,0
3,2,1,50,13,23,0,1.002556,0.995002,1.012797,7,0,334,100,100,12,0,1,-40,0,-68,-52,0,80,4,49,36,0,0,2810,252,0,12,0,919,112,0,24,0,397,0,0,36,0,272,1,0,23,0,122,215,92,66,0,0,20,18,9,0,0,9,9,0,0
3,2,2,39,13,23,0,0.990321,0.98642,1.006159,9,0,334,52.149208,47.149208,12,0,1,46,-68,0,62,2,80,4,46,33,0,0,2810,185,0,11,0,919,74,0,22,0,397,0,0,30,0,272,1,0,16,0,122,152,64,59,0,0,19,15,9,0,0,9,9,0,0
3,2,3,59,13,23,0,1.001749,0.993392,1.003358,7,0,334,87.010104,82.010104,12,0,1,22,-52,62,0,2,80,4,62,39,0,0,2810,227,0,13,0,919,76,0,26,0,397,0,0,36,0,272,0,0,20,0,122,173,80,67,0,0,23,18,9,0,0,9,9,0,0
3,3,0,53,11,14,0,0.998293,0.997628,1.00888,15,0,334,100,100,18,1,1,0,-50,76,22,2,80,8,59,33,0,0,3048,247,0,11,0,922,84,0,22,0,494,1,0,0,0,173,10,0,27,0,196,245,108,29,0,0,11,0,9,0,0,9,9,0,0
3,3,1,47,11,14,0,0.997866,0.995905,1.017096,14,0,334,96.224114,91.224114,18,1,1,-50,0,-100,-68,0,80,8,47,36,0,0,3048,190,0,12,0,922,143,0,24,0,494,0,0,26,0,173,0,0,12,0,196,223,48,56,0,0,24,13,9,0,0,9,9,0,0
3,3,2,38,11,14,0,0.988194,0.986778,1.004855,17,0,334,18.570688,13.570688,18,1,1,76,-100,0,92,2,80,8,48,27,0,0,3048,193,0,9,0,922,83,0,18,0,494,1,0,18,0,173,0,0,8,0,196,152,32,45,0,0,19,9,9,0,0,9,9,0,0
3,3,3,60,11,14,0,1.002639,0.99353,1.003955,14,0,334,92.010104,87.010104,18,1,1,22,-68,92,0,2,80,8,68,45,0,0,3048,153,0,15,0,922,91,0,30,0,494,0,0,2,0,173,14,0,27,0,196,301,108,35,0,0,15,1,9,0,0,9,9,0,0
3,4,0,44,16,42,0,0.999543,0.995898,1.007645,18,0,334,100,100,24,2,1,0,-60,76,52,2,80,9,53,33,0,0,2966,183,0,11,0,928,95,0,22,0,468,1,0,6,0,243,0,0,10,0,216,278,40,35,0,0,5,3,9,0,0,9,9,0,0
3,4,1,43,16,42,0,0.997971,0.994795,1.019318,18,0,334,92.48615,87.48615,24,2,1,-60,0,-100,-100,0,80,9,50,36,0,0,2966,189,0,12,0,928,171,0,24,0,468,1,0,6,0,243,0,0,14,0,216,263,56,36,0,0,18,3,9,0,0,9,9,0,0
3,4,2,36,16,42,0,0.981414,0.982248,1.006711,23,0,334,23.570688,18.570688,24,2,1,76,-100,0,100,2,80,9,54,30,0,0,2966,201,0,10,0,928,93,0,20,0,468,1,0,6,0,243,0,0,15,0,216,195,60,26,0,0,17,3,5,0,0,5,5,0,0
3,4,3,49,16,42,0,0.998114,0.992384,1.003696,18,0,334,56.415475,51.415475,24,2,1,52,-100,100,0,2,80,9,65,39,0,0,2966,200,0,13,0,928,104,0,26,0,468,1,0,4,0,243,0,0,14,0,216,303,56,35,0,0,8,2,9,0,0,9,9,0,0
3,5,0,42,13,32,0,1.001786,0.999879,1.008968,23,0,334,100,100,28,3,1,0,-66,94,52,2,80,11,57,33,0,0,2878,216,0,11,0,910,106,0,22,0,535,1,0,2,0,258,0,0,4,0,177,292,16,25,0,0,0,1,6,0,0,6,6,0,0
3,5,1,35,13,32,0,1.003614,1.0006,1.017021,22,0,334,83.912434,78.912434,28,3,1,-66,0,-100,-100,0,80,11,63,45,0,0,2878,181,0,15,0,910,211,0,30,0,535,1,0,0,0,258,0,0,2,0,177,262,8,27,0,0,12,0,6,0,0,6,6,0,0
3,5,2,33,13,32,0,0.984693,0.980146,1.008176,23,0,334,5,0,28,3,1,94,-100,0,100,2,80,11,58,24,0,0,2878,213,0,8,0,910,101,0,16,0,535,0,0,6,0,258,0,0,5,0,177,207,20,20,0,0,17,3,3,0,0,3,3,0,0
3,5,3,43,13,32,0,1.005207,0.991908,1.005159,20,0,334,61.415475,56.415475,28,3,1,52,-100,100,0,2,80,11,74,42,0,0,2878,257,0,14,0,910,118,0,28,0,535,1,0,2,0,258,0,0,2,0,177,301,8,34,0,0,0,1,9,0,0,9,9,0,0
3,6,0,43,10,8,0,0.99932,0.995788,1.003275,27,0,334,100,100,32,3,1,0,-74,100,72,2,80,23,61,33,0,0,3150,163,0,11,0,914,117,0,22,0,524,1,0,0,0,265,0,0,1,0,112,323,4,11,0,0,0,0,0,0,0,0,0,0,0
3,6,1,33,10,8,0,0.997083,1.004768,1.019702,25,0,334,88.912434,83.912434,32,3,1,-74,0,-100,-100,0,80,23,86,45,0,0,3150,171,0,15,0,914,250,0,30,0,524,0,0,8,0,265,0,0,2,0,112,267,8,31,0,0,12,4,4,0,0,4,4,0,0
3,6,2,35,10,8,0,0.987598,0.980058,1.009458,26,0,334,5,0,32,3,1,100,-100,0,100,2,80,23,68,30,0,0,3150,170,0,10,0,914,111,0,20,0,524,0,0,10,0,265,0,0,4,0,112,224,16,28,0,0,18,5,4,0,0,4,4,0,0
3,6,3,44,10,8,0,1.01041,0.988418,1.009668,27,0,334,44.056248,39.056248,32,3,1,72,-100,100,0,2,80,23,87,42,0,0,3150,200,0,14,0,914,129,0,28,0,524,0,0,4,0,265,0,0,0,0,112,312,0,22,0,0,0,2,2,0,0,2,2,0,0
3,7,0,46,18,6,0,1.002453,0.989131,1.002284,25,0,334,100,100,35,3,1,0,-80,100,92,2,80,8,76,36,0,0,2862,196,0,12,0,910,129,0,24,0,496,1,0,18,0,272,0,0,0,0,191,288,0,46,0,0,1,9,8,0,0,8,8,0,0
3,7,1,36,18,6,0,0.995747,1.004843,1.021772,27,0,334,93.912434,88.912434,35,3,1,-80,0,-100,-100,0,80,8,112,45,0,0,2862,173,0,15,0,910,290,0,30,0,496,0,0,4,0,272,0,0,0,0,191,274,0,23,0,0,12,2,2,0,0,2,2,0,0
3,7,2,39,18,6,0,0.987979,0.98645,1.011336,30,0,334,10,5,35,3,1,100,-100,0,100,2,80,8,83,33,0,0,2862,188,0,11,0,910,122,0,22,0,496,0,0,20,0,272,0,0,0,0,191,202,0,37,0,0,25,10,3,0,0,3,3,0,0
3,7,3,46,18,6,0,1.013355,0.982633,1.01008,27,0,334,17.545403,12.545403,35,3,1,92,-100,100,0,2,80,8,101,39,0,0,2862,279,0,13,0,910,142,0,26,0,496,0,0,6,0,272,0,0,0,0,191,309,0,25,0,0,0,3,3,0,0,3,3,0,0
3,8,0,52,20,6,0,1.003102,0.98547,1.005594,33,0,334,100,100,37,3,1,0,-84,100,100,2,80,7,93,42,0,0,2964,240,0,14,0,896,140,0,28,0,544,1,0,0,0,216,0,0,12,0,158,318,48,16,0,0,0,0,1,0,0,1,1,0,0
3,8,1,39,20,6,0,0.998941,1.00473,1.023785,28,0,334,98.912434,93.912434,37,3,1,-84,0,-100,-100,0,80,7,140,48,0,0,2964,181,0,16,0,896,302,0,32,0,544,0,0,0,0,216,4,0,13,0,158,312,52,22,0,0,9,0,3,0,0,3,3,0,0
3,8,2,44,20,6,0,0.993132,0.984996,1.01404,32,0,334,15,10,37,3,1,100,-100,0,100,2,80,7,102,39,0,0,2964,208,0,13,0,896,135,0,26,0,544,0,0,0,0,216,3,0,16,0,158,265,64,19,0,0,22,0,3,0,0,3,3,0,0
3,8,3,46,20,6,0,1.014336,0.981273,1.008465,27,0,334,5,0,37,3,1,100,-100,100,0,2,80,7,110,39,0,0,2964,220,0,13,0,896,155,0,26,0,544,0,0,0,0,216,0,0,5,0,158,321,20,13,0,0,0,0,0,0,0,0,0,0,0
3,9,0,57,17,9,0,1.001223,0.987706,1.007059,34,0,334,100,100,41,4,1,0,-90,100,100,2,80,16,106,48,0,0,3060,172,0,16,0,885,153,0,32,0,488,1,0,16,0,272,0,0,0,0,123,286,0,48,0,0,0,8,8,0,0,8,8,0,0
3,9,1,39,17,9,0,0.993788,1.007542,1.022224,28,0,334,95.446677,90.446677,41,4,1,-90,0,-100,-100,0,80,16,166,51,0,0,3060,185,0,17,0,885,300,0,34,0,488,1,0,4,0,272,0,0,4,0,123,311,16,27,0,0,8,2,3,0,0,3,3,0,0
3,9,2,44,17,9,0,0.995123,0.979912,1.009372,33,0,334,5,0,41,4,1,100,-100,0,100,2,80,16,119,42,0,0,3060,222,0,14,0,885,149,0,28,0,488,1,0,26,0,272,0,0,3,0,123,240,12,48,0,0,31,13,4,0,0,4,4,0,0
3,9,3,49,17,9,0,1.015878,0.978304,1.010029,26,0,334,5,0,41,4,1,100,-100,100,0,2,80,16,117,39,0,0,3060,161,0,13,0,885,165,0,26,0,488,0,0,8,0,272,0,0,0,0,123,305,0,29,0,0,0,4,4,0,0,4,4,0,0
3,10,0,63,16,4,0,1.000279,0.989468,1.006489,42,0,334,100,100,44,5,1,0,-94,98,100,2,80,21,121,54,0,0,2856,217,0,18,0,1030,138,0,36,0,480,1,0,16,0,252,0,0,8,0,128,298,32,50,0,0,0,8,8,0,0,8,8,0,0
3,10,1,41,16,4,0,0.997759,1.00222,1.023325,31,0,334,92.280942,87.280942,44,5,1,-94,0,-100,-100,0,80,21,188,51,0,0,2856,209,0,17,0,1030,283,0,34,0,480,1,0,10,0,252,0,0,2,0,128,303,8,33,0,0,10,5,3,0,0,3,3,0,0
3,10,2,47,16,4,0,1.000426,0.981368,1.009035,36,1,459,10,5,44,5,1,98,-100,0,100,2,80,21,129,42,0,0,2856,164,0,14,0,1030,130,0,28,0,480,0,0,30,0,252,0,0,10,0,128,272,40,69,0,0,25,15,21,0,0,4,4,0,0
3,10,3,50,16,4,0,1.01797,0.978128,1.011893,29,0,334,5,0,44,5,1,100,-100,100,0,2,80,21,125,42,0,0,2856,242,0,14,0,1030,146,0,28,0,480,1,0,8,0,252,0,0,0,0,128,297,0,30,0,0,0,4,4,0,0,4,4,0,0
3,11,0,68,19,12,0,1.003361,0.987745,1.005542,49,0,334,100,100,46,5,1,0,-98,100,100,2,80,16,130,54,0,0,2984,264,0,18,0,1083,104,0,36,0,522,0,0,10,0,202,0,0,18,0,78,306,72,38,0,0,0,5,5,0,0,5,5,0,0
3,11,1,40,19,12,0,0.996788,1.003808,1.023102,34,0,334,97.280942,92.280942,46,5,1,-98,0,-100,-100,0,80,16,208,54,0,0,2984,150,0,18,0,1083,248,0,36,0,522,1,0,4,0,202,0,0,6,0,78,312,24,26,0,0,10,2,2,0,0,2,2,0,0
3,11,2,50,19,12,0,1.004588,0.977985,1.012499,37,1,459,15,10,46,5,1,100,-100,0,100,2,80,16,138,39,0,0,2984,184,0,13,0,1083,104,0,26,0,522,1,0,8,0,202,8,0,19,0,78,343,76,29,0,0,25,4,4,0,0,4,4,0,0
3,11,3,50,19,12,0,1.019986,0.977378,1.010348,28,0,334,5,0,46,5,1,100,-100,100,0,2,80,16,125,36,0,0,2984,180,0,12,0,1083,124,0,24,0,522,1,0,0,0,202,0,0,10,0,78,322,40,12,0,0,0,0,0,0,0,0,0,0,0
3,12,0,72,17,11,0,1.00494,0.984606,1.003768,53,0,334,100,100,49,6,1,0,-100,98,100,2,80,6,139,60,0,0,2912,176,0,20,0,868,121,0,40,0,493,0,0,10,0,253,0,0,10,0,191,304,40,40,0,0,0,5,5,0,0,5,5,0,0
3,12,1,44,17,11,0,1.000606,1.004124,1.027914,36,0,334,93.702149,88.702149,49,6,1,-100,0,-100,-100,0,80,6,238,54,0,0,2912,156,0,18,0,868,297,0,36,0,493,0,0,4,0,253,0,0,8,0,191,312,32,26,0,0,10,2,2,0,0,2,2,0,0
3,12,2,54,17,11,0,1.002839,0.980064,1.015747,40,1,459,20,15,49,6,1,98,-100,0,100,2,80,6,148,42,0,0,2912,200,0,14,0,868,118,0,28,0,493,1,0,26,0,253,0,0,9,0,191,343,36,50,0,0,33,13,5,0,0,5,5,0,0
3,12,3,44,17,11,0,1.021494,0.975963,1.014333,23,0,334,5,0,49,6,1,100,-100,100,0,2,80,6,122,33,0,0,2912,255,0,11,0,868,135,0,22,0,493,1,0,6,0,253,0,0,0,0,191,291,0,23,0,0,0,3,3,0,0,3,3,0,0
3,13,0,73,18,13,0,1.006751,0.976664,1.005572,54,0,334,100,100,52,7,1,0,-100,98,98,2,80,8,144,60,0,0,2875,228,0,20,0,863,138,0,40,0,509,1,0,10,0,194,0,0,22,0,152,304,88,40,0,0,0,5,5,0,0,5,5,0,0
3,13,1,45,18,13,0,0.999145,1.003737,1.026716,34,0,334,90.413523,85.413523,52,7,1,-100,0,-100,-100,0,80,8,262,54,0,0,2875,171,0,18,0,863,298,0,36,0,509,1,0,4,0,194,0,0,16,0,152,310,64,28,0,0,9,2,3,0,0,3,3,0,0
3,13,2,54,18,13,0,1.003823,0.98485,1.018399,42,2,584,25,20,52,7,1,98,-100,0,100,2,80,8,154,42,0,0,2875,228,0,14,0,863,129,0,28,0,509,0,0,14,0,194,2,0,24,0,152,402,96,55,0,0,18,7,22,0,0,5,5,0,0
3,13,3,47,18,13,0,1.01912,0.973246,1.01647,24,0,334,5,0,52,7,1,98,-100,100,0,2,80,8,128,33,0,0,2875,200,0,11,0,863,146,0,22,0,509,0,0,4,0,194,0,0,6,0,152,319,24,19,0,0,0,2,2,0,0,2,2,0,0
3,14,0,76,23,11,0,1.005398,0.976244,1.007831,56,0,334,100,100,58,8,1,0,-100,100,98,2,80,4,159,66,0,0,2812,285,0,22,0,855,157,0,44,0,486,1,0,16,0,272,0,0,0,0,116,282,0,52,0,0,1,8,7,0,0,7,7,0,0
3,14,1,49,23,11,0,1.002697,1.002024,1.022561,36,0,334,87.003245,82.003245,58,8,1,-100,0,-100,-100,0,80,4,293,60,0,0,2812,196,0,20,0,855,294,0,40,0,486,0,0,6,0,272,0,0,0,0,116,300,0,34,0,0,8,3,4,0,0,4,4,0,0
3,14,2,59,23,11,0,1.005214,0.988603,1.019843,46,2,584,5,0,58,8,1,100,-100,0,100,2,80,4,159,39,0,0,2812,161,0,13,0,855,142,0,26,0,486,0,0,24,0,272,0,0,2,0,116,419,8,43,0,0,27,12,3,0,0,3,3,0,0
3,14,3,47,23,11,0,1.019038,0.97249,1.013934,22,0,334,10,5,58,8,1,98,-100,100,0,2,80,4,131,33,0,0,2812,262,0,11,0,855,157,0,22,0,486,0,0,12,0,272,0,0,0,0,116,299,0,35,0,0,0,6,6,0,0,6,6,0,0
3,15,0,77,13,7,0,1.005882,0.976971,1.0071,62,0,334,100,100,61,9,1,0,-100,98,100,2,80,11,168,66,0,0,2996,187,0,22,0,851,176,0,44,0,454,1,0,34,0,272,0,0,0,0,52,264,0,70,0,0,11,17,7,0,0,7,7,0,0
3,15,1,52,13,7,0,1.003585,0.998156,1.022867,40,0,334,83.272474,78.272474,61,9,1,-100,0,-100,-100,0,80,11,322,63,0,0,2996,222,0,21,0,851,292,0,42,0,454,0,0,12,0,272,0,0,0,0,52,291,0,43,0,0,9,6,5,0,0,5,5,0,0
3,15,2,62,13,7,0,1.008721,0.984328,1.020027,48,2,584,10,5,61,9,1,98,-100,0,100,2,80,11,160,42,0,0,2996,196,0,14,0,851,156,0,28,0,454,0,0,30,0,272,0,0,0,0,52,414,0,54,0,0,37,15,5,0,0,5,5,0,0
3,15,3,46,13,7,0,1.020146,0.975775,1.009216,26,0,334,5,0,61,9,1,100,-100,100,0,2,80,11,133,36,0,0,2996,203,0,12,0,851,169,0,24,0,454,0,0,14,0,272,0,0,0,0,52,294,0,40,0,0,0,7,7,0,0,7,7,0,0
3,16,0,72,12,12,0,1.006129,0.976703,1.006841,65,1,459,100,100,63,10,1,0,-100,98,98,2,80,7,173,63,0,0,2816,233,0,21,0,844,194,0,42,0,471,0,0,18,0,263,0,0,4,0,91,271,16,62,0,0,0,9,20,0,0,3,3,0,0
3,16,1,55,12,12,0,1.004731,1.000346,1.025294,45,0,334,76.27055,71.27055,63,10,1,-100,0,-100,-100,0,80,7,334,63,0,0,2816,149,0,21,0,844,292,0,42,0,471,1,0,10,0,263,0,0,0,0,91,297,0,37,0,0,11,5,3,0,0,3,3,0,0
3,16,2,62,12,12,0,1.011236,0.981376,1.021101,50,2,584,15,10,63,10,1,98,-100,0,100,2,80,7,150,36,0,0,2816,250,0,12,0,844,168,0,24,0,471,1,0,24,0,263,0,0,2,0,91,424,8,46,0,0,44,12,5,0,0,5,5,0,0
3,16,3,48,12,12,0,1.021737,0.972803,1.003908,31,0,334,5,0,63,10,1,98,-100,100,0,2,80,7,138,36,0,0,2816,233,0,12,0,844,181,0,24,0,471,0,0,18,0,263,0,0,3,0,91,288,12,44,0,0,2,9,7,0,0,7,7,0,0
3,17,0,77,26,12,0,1.008304,0.97564,1.007743,67,1,459,100,100,64,10,1,0,-100,100,100,2,80,5,181,60,0,0,2938,277,0,20,0,864,211,0,40,0,482,1,0,20,0,197,0,0,21,0,0,368,84,44,0,0,8,10,2,0,0,2,2,0,0
3,17,1,61,26,12,0,1.008397,1.001462,1.026218,48,0,334,81.27055,76.27055,64,10,1,-100,0,-100,-100,0,80,5,334,63,0,0,2938,199,0,21,0,864,292,0,42,0,482,0,0,10,0,197,0,0,18,0,0,305,72,39,0,0,12,5,4,0,0,4,4,0,0
3,17,2,63,26,12,0,1.012966,0.982998,1.024924,52,3,709,20,15,64,10,1,100,-100,0,100,2,80,5,143,36,0,0,2938,176,0,12,0,864,180,0,24,0,482,0,0,24,0,197,0,0,21,0,0,534,84,57,0,0,37,12,19,0,0,2,2,0,0
3,17,3,50,26,12,0,1.03425,0.968991,1.00159,33,0,334,5,0,64,10,1,100,-100,100,0,2,80,5,141,33,0,0,2938,174,0,11,0,864,192,0,22,0,482,0,0,6,0,197,0,0,15,0,0,313,60,27,0,0,0,3,5,0,0,5,5,0,0
3,18,0,82,21,7,1,1.007856,0.970939,1.008214,68,1,459,100,100,67,12,1,0,-100,94,96,2,80,6,187,63,0,0,2844,179,0,21,0,842,227,0,42,0,544,1,0,0,0,144,0,0,34,0,255,430,136,29,0,0,4,0,4,0,0,4,4,0,0
3,18,1,64,21,7,1,1.006744,1.003459,1.025362,52,0,334,66.042281,61.042281,67,12,1,-100,0,-100,-100,0,80,6,334,72,0,0,2844,246,0,24,0,842,286,0,48,0,544,0,0,0,0,144,0,0,27,0,255,302,108,32,0,0,8,0,4,0,0,4,4,0,0
3,18,2,66,21,7,1,1.015932,0.980094,1.027806,52,4,834,25,20,67,12,1,94,-100,0,96,2,80,6,139,39,0,0,2844,220,0,13,0,842,193,0,26,0,544,0,0,0,0,144,5,0,32,0,255,632,128,40,0,0,15,0,22,0,0,5,5,0,0
3,18,3,53,21,7,1,1.035771,0.971715,1.004826,36,0,334,5,0,67,12,1,96,-100,96,0,2,80,6,144,36,0,0,2844,208,0,12,0,842,204,0,24,0,544,0,0,0,0,144,0,0,24,0,255,322,96,12,0,0,0,0,0,0,0,0,0,0,0
3,19,0,87,24,19,0,1.009419,0.966771,1.006088,71,1,459,100,100,70,14,1,0,-100,92,98,2,80,13,190,66,0,0,2809,230,0,22,0,974,204,0,44,0,409,0,0,34,0,272,0,0,0,0,100,393,0,66,0,0,16,17,5,0,0,5,5,0,0
3,19,1,63,24,19,0,1.00754,1.001577,1.027368,52,1,459,54.982265,49.982265,70,14,1,-100,0,-100,-100,0,80,13,334,78,0,0,2809,156,0,26,0,974,282,0,52,0,409,1,0,34,0,272,0,0,0,0,100,249,0,85,0,0,4,17,21,0,0,4,4,0,0
3,19,2,68,24,19,0,1.017776,0.979332,1.022505,53,4,834,30,25,70,14,1,92,-100,0,98,2,80,13,132,42,0,0,2809,273,0,14,0,974,180,0,28,0,409,0,0,36,0,272,0,0,5,0,100,636,20,60,0,0,28,18,5,0,0,5,5,0,0
3,19,3,52,24,19,0,1.042802,0.971225,1.003482,28,0,334,5,0,70,14,1,98,-100,98,0,2,80,13,151,42,0,0,2809,236,0,14,0,974,191,0,28,0,409,1,0,20,0,272,0,0,0,0,100,286,0,48,0,0,3,10,7,0,0,7,7,0,0
3,20,0,92,19,13,0,1.013015,0.967147,1.007122,76,1,459,100,100,76,15,1,0,-100,100,100,2,80,1,191,69,0,0,2848,312,0,23,0,801,224,0,46,0,491,0,0,10,0,199,0,0,29,0,5,424,116,45,0,0,15,5,6,0,0,6,6,0,0
3,20,1,60,19,13,0,1.009255,1.000805,1.028665,50,1,459,51.188147,46.188147,76,15,1,-100,0,-100,-100,0,80,1,355,69,0,0,2848,230,0,23,0,801,344,0,46,0,491,1,0,4,0,199,0,0,9,0,5,304,36,35,0,0,2,2,4,0,0,4,4,0,0
3,20,2,72,19,13,0,1.02089,0.977399,1.020319,56,5,959,5.049228,0.049228,76,15,1,100,-100,0,100,2,80,1,134,51,0,0,2848,188,0,17,0,801,197,0,34,0,491,1,0,16,0,199,0,0,23,0,5,754,92,60,0,0,14,8,22,0,0,5,5,0,0
3,20,3,52,19,13,0,1.047815,0.960814,1.006417,31,0,334,5,0,76,15,1,100,-100,100,0,2,80,1,160,42,0,0,2848,170,0,14,0,801,205,0,28,0,491,1,0,22,0,199,0,0,12,0,5,304,48,52,0,0,6,11,8,0,0,8,8,0,0
3,21,0,98,20,12,0,1.012906,0.965553,1.008421,82,1,459,100,100,78,15,1,0,-100,100,100,2,80,4,194,75,0,0,2976,195,0,25,0,824,237,0,50,0,391,1,0,38,0,270,0,0,2,0,75,388,8,73,0,0,29,19,5,0,0,5,5,0,0
3,21,1,60,20,12,0,1.007374,1.000055,1.028244,52,1,459,56.188147,51.188147,78,15,1,-100,0,-100,-100,0,80,4,376,66,0,0,2976,148,0,22,0,824,404,0,44,0,391,1,0,24,0,270,0,0,0,0,75,329,0,50,0,0,12,12,2,0,0,2,2,0,0
3,21,2,71,20,12,0,1.024363,0.97973,1.017002,56,5,959,5,0,78,15,1,100,-100,0,100,2,80,4,133,51,0,0,2976,211,0,17,0,824,211,0,34,0,391,1,0,46,0,270,0,0,0,0,75,707,0,75,0,0,31,23,6,0,0,6,6,0,0
3,21,3,55,20,12,0,1.046863,0.955758,1.006786,36,0,334,10,5,78,15,1,100,-100,100,0,2,80,4,164,39,0,0,2976,193,0,13,0,824,212,0,26,0,391,5,0,40,0,270,0,0,0,0,75,264,0,67,0,0,19,20,7,0,0,7,7,0,0
3,22,0,99,18,21,0,1.014417,0.962173,1.007022,83,1,459,100,100,80,15,1,0,-100,100,100,2,80,2,191,78,0,0,2660,287,0,26,0,815,260,0,52,0,354,0,0,46,0,269,0,0,2,0,66,377,8,84,0,0,46,23,6,0,0,6,6,0,0
3,22,1,59,18,21,0,1.010023,0.997925,1.02696,51,2,584,61.188147,56.188147,80,15,1,-100,0,-100,-100,0,80,2,397,66,0,0,2660,210,0,22,0,815,415,0,44,0,354,1,0,28,0,269,0,0,0,0,66,308,0,71,0,0,7,14,19,0,0,2,2,0,0
3,22,2,70,18,21,0,1.027394,0.975616,1.015958,57,5,959,5,0,80,15,1,100,-100,0,100,2,80,2,133,51,0,0,2660,204,0,17,0,815,228,0,34,0,354,1,0,52,0,269,0,0,0,0,66,684,0,79,0,0,52,26,5,0,0,5,5,0,0
3,22,3,53,18,21,0,1.050796,0.949087,1.001791,37,0,334,5,0,80,15,1,100,-100,100,0,2,80,2,157,33,0,0,2660,210,0,11,0,815,223,0,22,0,354,11,0,42,0,269,0,0,1,0,66,233,4,65,0,0,34,21,6,0,0,6,6,0,0
3,23,0,100,22,11,0,1.018132,0.965281,1.00895,86,2,584,100,100,83,16,1,0,-100,100,98,2,80,13,190,81,0,0,2857,161,0,27,0,801,284,0,54,0,466,1,0,26,0,232,0,0,7,0,64,391,28,80,0,0,37,13,22,0,0,5,5,0,0
3,23,1,58,22,11,0,1.011078,0.998276,1.024695,48,2,584,57.923258,52.923258,83,16,1,-100,0,-100,-100,0,80,13,416,66,0,0,2857,268,0,22,0,801,475,0,44,0,466,1,0,8,0,232,0,0,0,0,64,322,0,36,0,0,8,4,3,0,0,3,3,0,0
3,23,2,77,22,11,0,1.030359,0.978612,1.013436,61,5,959,5,0,83,16,1,100,-100,0,100,2,80,13,133,54,0,0,2857,216,0,18,0,801,243,0,36,0,466,0,0,22,0,232,0,0,18,0,64,738,72,48,0,0,59,11,4,0,0,4,4,0,0
3,23,3,57,22,11,0,1.050415,0.957161,1.000979,41,0,334,10,5,83,16,1,98,-100,100,0,2,80,13,157,36,0,0,2857,249,0,12,0,801,235,0,24,0,466,1,0,32,0,232,0,0,15,0,64,269,60,54,0,0,45,16,5,0,0,5,5,0,0
3,24,0,102,23,27,0,1.017638,0.963598,1.013017,86,2,584,100,100,88,18,1,0,-100,96,98,2,80,3,195,84,0,0,2848,273,0,28,0,851,286,0,56,0,492,0,0,22,0,171,0,0,12,0,24,447,48,58,0,0,44,11,4,0,0,4,4,0,0
3,24,1,60,23,27,0,1.010306,0.999835,1.026517,50,2,584,46.716537,41.716537,88,18,1,-100,0,-100,-100,0,80,3,440,66,0,0,2848,188,0,22,0,851,516,0,44,0,492,1,0,0,0,171,0,0,15,0,24,439,60,28,0,0,5,0,3,0,0,3,3,0,0
3,24,2,74,23,27,0,1.028037,0.987712,1.013844,55,5,959,5,0,88,18,1,96,-100,0,98,2,80,3,139,60,0,0,2848,231,0,20,0,851,257,0,40,0,492,0,0,16,0,171,0,0,5,0,24,760,20,48,0,0,61,8,6,0,0,6,6,0,0
3,24,3,52,23,27,0,1.055278,0.956613,0.997871,39,1,459,5,0,88,18,1,98,-100,98,0,2,80,3,152,36,0,0,2848,180,0,12,0,851,241,0,24,0,492,0,0,16,0,171,0,0,9,0,24,295,36,55,0,0,31,8,22,0,0,5,5,0,0
3,25,0,106,19,28,0,1.018477,0.963535,1.012817,88,3,709,100,100,90,18,1,0,-100,100,100,2,80,6,207,93,0,0,2811,140,0,31,0,791,314,0,62,0,465,1,0,18,0,217,0,0,18,0,50,524,72,78,0,0,30,9,23,0,0,6,6,0,0
3,25,1,59,19,28,0,1.006665,1.000666,1.02808,47,2,584,51.716537,46.716537,90,18,1,-100,0,-100,-100,0,80,6,469,72,0,0,2811,251,0,24,0,791,536,0,48,0,465,1,0,20,0,217,0,0,2,0,50,438,8,52,0,0,11,10,4,0,0,4,4,0,0
3,25,2,62,19,28,0,1.027494,0.985268,1.012217,48,5,959,5,0,90,18,1,100,-100,0,100,2,80,6,133,54,0,0,2811,251,0,18,0,791,275,0,36,0,465,0,0,22,0,217,0,0,17,0,50,800,68,52,0,0,66,11,6,0,0,6,6,0,0
3,25,3,52,19,28,0,1.056427,0.954482,0.998835,39,1,459,10,5,90,18,1,100,-100,100,0,2,80,6,144,27,0,0,2811,231,0,9,0,791,250,0,18,0,465,0,0,12,0,217,0,0,18,0,50,380,72,29,0,0,33,6,4,0,0,4,4,0,0
3,26,0,105,15,23,0,1.018655,0.963341,1.012115,89,3,709,100,100,94,19,1,0,-100,98,100,2,80,14,217,96,0,0,2912,274,0,32,0,805,343,0,64,0,431,1,0,28,0,272,0,0,0,0,91,503,0,72,0,0,38,14,6,0,0,6,6,0,0
3,26,1,56,15,23,0,1.01431,0.998008,1.025872,46,2,584,48.923021,43.923021,94,19,1,-100,0,-100,-100,0,80,14,497,72,0,0,2912,168,0,24,0,805,536,0,48,0,431,1,0,6,0,272,0,0,0,0,91,453,0,36,0,0,11,3,3,0,0,3,3,0,0
3,26,2,61,15,23,0,1.026514,0.987467,1.012466,50,5,959,10,5,94,19,1,98,-100,0,100,2,80,14,141,54,0,0,2912,171,0,18,0,805,284,0,36,0,431,0,0,22,0,272,0,0,0,0,91,798,0,48,0,0,73,11,4,0,0,4,4,0,0
3,26,3,49,15,23,0,1.061694,0.963376,0.99368,40,1,459,5,0,94,19,1,100,-100,100,0,2,80,14,127,24,0,0,2912,171,0,8,0,805,258,0,16,0,431,0,0,32,0,272,0,0,0,0,91,370,0,46,0,0,46,16,3,0,0,3,3,0,0
3,27,0,101,21,22,0,1.017652,0.965323,1.011122,85,3,709,100,100,99,21,1,0,-100,100,96,2,80,6,219,87,0,0,2835,140,0,29,0,792,369,0,58,0,503,0,0,18,0,203,0,0,21,0,142,585,84,55,0,0,43,9,4,0,0,4,4,0,0
3,27,1,56,21,22,0,1.018522,0.996149,1.026059,45,2,584,38.197227,33.197227,99,21,1,-100,0,-100,-100,0,80,6,526,66,0,0,2835,247,0,22,0,792,540,0,44,0,503,0,0,4,0,203,0,0,0,0,142,443,0,32,0,0,10,2,3,0,0,3,3,0,0
3,27,2,62,21,22,0,1.028603,0.985056,1.010673,53,6,1084,5,0,99,21,1,100,-100,0,100,2,80,6,151,54,0,0,2835,196,0,18,0,792,302,0,36,0,503,1,0,4,0,203,1,0,29,0,142,886,116,45,0,0,55,2,20,0,0,3,3,0,0
3,27,3,51,21,22,0,1.062905,0.965712,0.996511,41,2,584,10,5,99,21,1,96,-100,100,0,2,80,6,123,27,0,0,2835,217,0,9,0,792,264,0,18,0,503,1,0,12,0,203,0,0,18,0,142,419,72,44,0,0,32,6,20,0,0,3,3,0,0
3,28,0,101,14,20,1,1.021462,0.963442,1.011804,85,4,834,100,100,101,21,1,0,-100,100,100,2,80,3,220,84,0,0,2707,259,0,28,0,822,391,0,56,0,472,0,0,12,0,244,0,0,12,0,92,625,48,69,0,0,26,6,23,0,0,6,6,0,0
3,28,1,52,14,20,1,1.016756,0.99826,1.024171,44,2,584,43.197227,38.197227,101,21,1,-100,0,-100,-100,0,80,3,545,63,0,0,2707,170,0,21,0,822,542,0,42,0,472,0,0,0,0,244,0,0,6,0,92,495,24,25,0,0,8,0,2,0,0,2,2,0,0
3,28,2,62,14,20,1,1.028456,0.982879,1.012261,54,6,1084,5,0,101,21,1,100,-100,0,100,2,80,3,158,54,0,0,2707,225,0,18,0,822,317,0,36,0,472,1,0,32,0,244,0,0,2,0,92,863,8,56,0,0,68,16,3,0,0,3,3,0,0
3,28,3,49,14,20,1,1.063941,0.974902,1.001904,38,2,584,15,10,101,21,1,100,-100,100,0,2,80,3,112,24,0,0,2707,270,0,8,0,822,272,0,16,0,472,1,0,24,0,244,0,0,9,0,92,448,36,40,0,0,40,12,4,0,0,4,4,0,0
3,29,0,105,17,16,0,1.023602,0.960038,1.014727,89,5,959,100,100,104,21,1,0,-100,100,100,2,80,4,222,81,0,0,2682,387,0,27,0,837,409,0,54,0,524,1,0,4,0,201,0,0,30,0,83,749,120,58,0,0,6,2,22,0,0,5,5,0,0
3,29,1,51,17,16,0,1.019192,1.000069,1.025656,40,2,584,48.197227,43.197227,104,21,1,-100,0,-100,-100,0,80,4,574,66,0,0,2682,246,0,22,0,837,540,0,44,0,524,0,0,0,0,201,0,0,1,0,83,495,4,28,0,0,5,0,3,0,0,3,3,0,0
3,29,2,61,17,16,0,1.0302,0.980819,1.012583,53,6,1084,5,0,104,21,1,100,-100,0,100,2,80,4,168,54,0,0,2682,249,0,18,0,837,325,0,36,0,524,0,0,12,0,201,0,0,16,0,83,920,64,36,0,0,71,6,3,0,0,3,3,0,0
3,29,3,48,17,16,0,1.069209,0.972194,0.999365,39,3,709,5,0,104,21,1,100,-100,100,0,2,80,4,107,30,0,0,2682,211,0,10,0,837,282,0,20,0,524,1,0,4,0,201,0,0,24,0,83,551,96,37,0,0,22,2,20,0,0,3,3,0,0
3,30,0,108,15,6,0,1.023631,0.959999,1.017013,93,5,959,100,100,106,21,1,0,-100,100,100,2,80,13,217,81,0,0,3096,255,0,27,0,811,433,0,54,0,526,0,0,10,0,190,0,0,29,0,246,844,116,49,0,0,5,5,6,0,0,6,6,0,0
3,30,1,54,15,6,0,1.019891,0.997527,1.02668,41,2,584,53.197227,48.197227,106,21,1,-100,0,-100,-100,0,80,13,584,72,0,0,3096,171,0,24,0,811,536,0,48,0,526,0,0,0,0,190,0,0,6,0,246,490,24,32,0,0,1,0,4,0,0,4,4,0,0
3,30,2,65,15,6,0,1.032854,0.977315,1.015966,55,7,1209,5,0,106,21,1,100,-100,0,100,2,80,13,175,54,0,0,3096,170,0,18,0,811,340,0,36,0,526,0,0,0,0,190,0,0,26,0,246,983,104,41,0,0,51,0,20,0,0,3,3,0,0
3,30,3,47,15,6,0,1.074353,0.973992,1.002617,40,4,834,10,5,106,21,1,100,-100,100,0,2,80,13,107,33,0,0,3096,256,0,11,0,811,290,0,22,0,526,0,0,10,0,190,0,0,21,0,246,594,84,44,0,0,7,5,20,0,0,3,3,0,0
3,31,0,109,15,21,0,1.025346,0.962136,1.019366,94,6,1084,100,100,108,21,1,0,-100,100,100,2,80,7,201,72,0,0,2692,379,0,24,0,807,454,0,48,0,426,0,0,40,0,272,0,0,0,0,58,827,0,91,0,0,3,20,22,0,0,5,5,0,0
3,31,1,51,15,21,0,1.02139,0.991757,1.030502,41,2,584,58.197227,53.197227,108,21,1,-100,0,-100,-100,0,80,7,584,72,0,0,2692,197,0,24,0,807,536,0,48,0,426,0,0,6,0,272,0,0,0,0,58,492,0,38,0,0,0,3,4,0,0,4,4,0,0
3,31,2,64,15,21,0,1.034078,0.974659,1.017489,55,7,1209,5,0,108,21,1,100,-100,0,100,2,80,7,175,48,0,0,2692,197,0,16,0,807,353,0,32,0,426,0,0,32,0,272,0,0,0,0,58,968,0,54,0,0,64,16,3,0,0,3,3,0,0
3,31,3,44,15,21,0,1.079467,0.963196,0.999134,37,4,834,6.795508,1.795508,108,21,1,100,-100,100,0,2,80,7,101,27,0,0,2692,200,0,9,0,807,299,0,18,0,426,1,0,32,0,272,0,0,0,0,58,621,0,45,0,0,21,16,2,0,0,2,2,0,0
3,32,0,111,21,15,0,1.030546,0.964586,1.020998,95,6,1084,100,100,110,21,1,0,-100,100,100,2,80,6,186,75,0,0,2884,245,0,25,0,811,476,0,50,0,418,0,0,48,0,251,0,0,7,0,132,846,28,83,0,0,22,24,5,0,0,5,5,0,0
3,32,1,54,21,15,0,1.022184,0.99116,1.028454,44,2,584,63.197227,58.197227,110,21,1,-100,0,-100,-100,0,80,6,584,78,0,0,2884,220,0,26,0,811,532,0,52,0,418,1,0,14,0,251,0,0,2,0,132,494,8,46,0,0,4,7,3,0,0,3,3,0,0
3,32,2,65,21,15,0,1.036234,0.979354,1.015388,55,7,1209,5,0,110,21,1,100,-100,0,100,2,80,6,184,51,0,0,2884,228,0,17,0,811,367,0,34,0,418,1,0,26,0,251,0,0,6,0,132,982,24,47,0,0,75,13,2,0,0,2,2,0,0
3,32,3,44,21,15,0,1.084831,0.962867,1.001137,34,4,834,5,0,110,21,1,100,-100,100,0,2,80,6,93,21,0,0,2884,253,0,7,0,811,306,0,14,0,418,1,0,24,0,251,0,0,6,0,132,616,24,37,0,0,30,12,3,0,0,3,3,0,0
3,33,0,116,23,5,0,1.031875,0.96543,1.019464,99,6,1084,100,100,111,21,1,0,-100,100,100,2,80,2,174,78,0,0,2691,380,0,26,0,827,496,0,52,0,427,1,0,38,0,234,0,0,18,0,53,919,72,74,0,0,36,19,5,0,0,5,5,0,0
3,33,1,60,23,5,0,1.022834,0.987071,1.025112,46,2,584,68.197227,63.197227,111,21,1,-100,0,-100,-100,0,80,2,584,78,0,0,2691,265,0,26,0,827,532,0,52,0,427,0,0,4,0,234,0,0,8,0,53,543,32,38,0,0,2,2,4,0,0,4,4,0,0
3,33,2,68,23,5,0,1.036539,0.975094,1.018084,56,7,1209,10,5,111,21,1,100,-100,0,100,2,80,2,189,51,0,0,2691,250,0,17,0,827,381,0,34,0,427,0,0,40,0,234,0,0,4,0,53,984,16,65,0,0,91,20,4,0,0,4,4,0,0
3,33,3,48,23,5,0,1.089704,0.96812,0.998665,36,4,834,5,0,111,21,1,100,-100,100,0,2,80,2,91,27,0,0,2691,200,0,9,0,827,312,0,18,0,427,1,0,30,0,234,0,0,6,0,53,659,24,47,0,0,41,15,4,0,0,4,4,0,0
3,34,0,121,18,26,0,1.033265,0.962791,1.018415,104,7,1209,100,100,113,21,1,0,-100,100,100,2,80,9,158,81,0,0,3080,237,0,27,0,806,516,0,54,0,418,1,0,36,0,262,0,0,8,0,89,934,32,92,0,0,31,18,23,0,0,6,6,0,0
3,34,1,42,18,26,0,1.019544,0.976404,1.007696,30,2,584,73.197227,68.197227,113,21,1,-100,0,-100,-100,0,80,9,584,78,0,0,3080,179,0,26,0,806,532,0,52,0,418,9,0,14,0,262,0,0,0,0,89,510,0,46,0,0,6,7,3,0,0,3,3,0,0
3,34,2,72,18,26,0,1.038078,0.972958,1.015849,59,7,1209,5,0,113,21,1,100,-100,0,100,2,80,9,188,51,0,0,3080,165,0,17,0,806,395,0,34,0,418,1,0,32,0,262,0,0,0,0,89,973,0,57,0,0,103,16,4,0,0,4,4,0,0
3,34,3,49,18,26,0,1.088358,0.959827,0.994496,35,4,834,10,5,113,21,1,100,-100,100,0,2,80,9,92,27,0,0,3080,263,0,9,0,806,318,0,18,0,418,1,0,34,0,262,0,0,2,0,89,634,8,51,0,0,54,17,4,0,0,4,4,0,0
3,35,0,112,15,19,0,1.035173,0.963667,1.016974,100,7,1209,100,100,116,21,1,0,-100,100,100,2,80,10,133,78,0,0,2772,314,0,26,0,804,539,0,52,0,381,0,0,46,0,246,0,0,9,0,47,970,36,82,0,0,49,23,5,0,0,5,5,0,0
3,35,1,41,15,19,0,1.015058,0.979161,1.005099,31,2,584,78.197227,73.197227,116,21,1,-100,0,-100,-100,0,80,10,584,81,0,0,2772,130,0,27,0,804,530,0,54,0,381,20,0,12,0,246,0,0,2,0,47,498,8,45,0,0,9,6,3,0,0,3,3,0,0
3,35,2,76,15,19,0,1.041052,0.972325,1.020576,62,7,1209,5,0,116,21,1,100,-100,0,100,2,80,10,190,51,0,0,2772,196,0,17,0,804,409,0,34,0,381,0,0,46,0,246,0,0,9,0,47,983,36,73,0,0,121,23,5,0,0,5,5,0,0
3,35,3,51,15,19,0,1.083377,0.958845,0.994318,36,4,834,5,0,116,21,1,100,-100,100,0,2,80,10,91,30,0,0,2772,204,0,10,0,804,328,0,20,0,381,1,0,36,0,246,0,0,6,0,47,683,24,56,0,0,67,18,5,0,0,5,5,0,0
3,36,0,117,22,7,0,1.035602,0.963518,1.017227,105,8,1334,100,100,117,21,1,0,-100,100,100,2,80,8,115,78,0,0,2935,176,0,26,0,824,556,0,52,0,504,0,0,18,0,160,0,0,34,0,111,1112,136,69,0,0,37,9,21,0,0,4,4,0,0
3,36,1,46,22,7,0,1.015768,0.978759,1.006711,34,2,584,83.197227,78.197227,117,21,1,-100,0,-100,-100,0,80,8,584,78,0,0,2935,82,0,26,0,824,532,0,52,0,504,3,0,18,0,160,1,0,9,0,111,519,36,50,0,0,15,9,3,0,0,3,3,0,0
3,36,2,78,22,7,0,1.040715,0.966799,1.018998,65,8,1334,10,5,117,21,1,100,-100,0,100,2,80,8,184,51,0,0,2935,223,0,17,0,824,423,0,34,0,504,1,0,14,0,160,0,0,34,0,111,1120,136,56,0,0,107,7,21,0,0,4,4,0,0
3,36,3,54,22,7,0,1.090365,0.966507,0.997045,38,5,959,5,0,117,21,1,100,-100,100,0,2,80,8,89,30,0,0,2935,261,0,10,0,824,338,0,20,0,504,1,0,6,0,160,8,0,23,0,111,751,92,43,0,0,48,3,22,0,0,5,5,0,0
3,37,0,118,21,22,3,1.035945,0.963742,1.015918,105,8,1334,100,100,118,21,1,0,-100,100,100,2,80,5,98,78,0,0,2773,272,0,26,0,801,573,0,52,0,491,0,0,18,0,155,2,0,34,0,56,1277,136,52,0,0,42,9,4,0,0,4,4,0,0
3,37,1,45,21,22,3,1.016637,0.975798,1.009405,33,2,584,88.197227,83.197227,118,21,1,-100,0,-100,-100,0,80,5,584,75,0,0,2773,49,0,25,0,801,534,0,50,0,491,0,0,8,0,155,0,0,10,0,56,551,40,41,0,0,15,4,4,0,0,4,4,0,0
3,37,2,73,21,22,3,1.045946,0.966873,1.018243,62,8,1334,15,10,118,21,1,100,-100,0,100,2,80,5,166,42,0,0,2773,265,0,14,0,801,434,0,28,0,491,1,0,6,0,155,11,0,34,0,56,1282,136,26,0,0,107,3,3,0,0,3,3,0,0
3,37,3,58,21,22,3,1.093521,0.964641,1.001189,41,6,1084,5,0,118,21,1,100,-100,100,0,2,80,5,95,39,0,0,2773,194,0,13,0,801,351,0,26,0,491,1,0,18,0,155,5,0,24,0,56,851,96,60,0,0,34,9,23,0,0,6,6,0,0
3,38,0,101,15,40,1,1.033686,0.967807,1.014516,95,8,1334,100,100,121,21,1,0,-100,100,100,2,80,2,82,69,0,0,2802,325,0,23,0,798,593,0,46,0,500,1,0,10,0,236,0,0,14,0,95,1307,56,37,0,0,45,5,2,0,0,2,2,0,0
3,38,1,44,15,40,1,1.014649,0.978755,1.015086,32,2,584,93.197227,88.197227,121,21,1,-100,0,-100,-100,0,80,2,584,72,0,0,2802,40,0,24,0,798,536,0,48,0,500,0,0,0,0,236,0,0,2,0,95,552,8,32,0,0,11,0,4,0,0,4,4,0,0
3,38,2,71,15,40,1,1.049064,0.963392,1.017214,59,8,1334,5,0,121,21,1,100,-100,0,100,2,80,2,145,39,0,0,2802,179,0,13,0,798,445,0,26,0,500,0,0,8,0,236,0,0,19,0,95,1315,76,27,0,0,108,4,3,0,0,3,3,0,0
3,38,3,53,15,40,1,1.09866,0.966926,0.992752,39,6,1084,10,5,121,21,1,100,-100,100,0,2,80,2,94,42,0,0,2802,226,0,14,0,798,365,0,28,0,500,0,0,10,0,236,0,0,19,0,95,915,76,36,0,0,33,5,6,0,0,6,6,0,0
3,39,0,94,11,22,0,1.032924,0.965613,1.017249,90,8,1334,100,100,123,22,1,0,-100,100,98,2,80,4,70,63,0,0,3008,203,0,21,0,827,611,0,42,0,443,1,0,26,0,271,0,0,0,0,141,1285,0,49,0,0,57,13,1,0,0,1,1,0,0
3,39,1,43,11,22,0,1.018395,0.977636,1.013812,33,2,584,86.788477,81.788477,123,22,1,-100,0,-100,-100,0,80,4,584,75,0,0,3008,15,0,25,0,827,534,0,50,0,443,0,0,10,0,271,0,0,0,0,141,533,0,43,0,0,12,5,4,0,0,4,4,0,0
3,39,2,71,11,22,0,1.052444,0.966214,1.018803,60,8,1334,5,0,123,22,1,100,-100,0,100,2,80,4,132,42,0,0,3008,234,0,14,0,827,459,0,28,0,443,0,0,30,0,271,0,0,0,0,141,1282,0,52,0,0,119,15,4,0,0,4,4,0,0
3,39,3,50,11,22,0,1.10732,0.968195,0.9934,41,6,1084,15,10,123,22,1,98,-100,100,0,2,80,4,99,45,0,0,3008,158,0,15,0,827,380,0,30,0,443,1,0,32,0,271,0,0,0,0,141,903,0,55,0,0,45,16,4,0,0,4,4,0,0
3,40,0,84,17,23,0,1.033272,0.968644,1.015298,78,8,1334,100,100,126,23,1,0,-100,98,100,2,80,0,75,63,0,0,2718,242,0,21,0,815,629,0,42,0,512,0,0,16,0,193,0,0,15,0,114,1311,60,39,0,0,64,8,1,0,0,1,1,0,0
3,40,1,44,17,23,0,1.021548,0.976625,1.014114,34,2,584,83.804443,78.804443,126,23,1,-100,0,-100,-100,0,80,0,584,75,0,0,2718,32,0,25,0,815,534,0,50,0,512,1,0,0,0,193,0,0,2,0,114,540,8,31,0,0,9,0,3,0,0,3,3,0,0
3,40,2,72,17,23,0,1.053134,0.967213,1.020004,61,8,1334,10,5,126,23,1,98,-100,0,100,2,80,0,122,45,0,0,2718,302,0,15,0,815,471,0,30,0,512,1,0,10,0,193,0,0,27,0,114,1311,108,33,0,0,120,5,4,0,0,4,4,0,0
3,40,3,52,17,23,0,1.112588,0.965796,0.994293,42,7,1209,5,0,126,23,1,100,-100,100,0,2,80,0,112,45,0,0,2718,182,0,15,0,815,395,0,30,0,512,0,0,6,0,193,9,0,20,0,114,962,80,44,0,0,28,3,20,0,0,3,3,0,0
