graine,jour,faction,population,naissances_total,morts_total,predations_total,vitesse,taille,perception,armes_equipees,reserves,capacite,defenses_fin,defenses_min_jour,raids_cumul,coalitions_cumul,plans,confiance_0,confiance_1,confiance_2,confiance_3,allies,nourriture_aube,carte_nourriture,stock_nourriture,production_nourriture,consommation_nourriture,sac_nourriture,carte_eau,stock_eau,production_eau,consommation_eau,sac_eau,carte_terre,stock_terre,production_terre,consommation_terre,sac_terre,carte_minerai,stock_minerai,production_minerai,consommation_minerai,sac_minerai,carte_charbon,stock_charbon,production_charbon,consommation_charbon,sac_charbon,carte_energie,stock_energie,production_energie,consommation_energie,sac_energie,carte_fer,stock_fer,production_fer,consommation_fer,sac_fer,carte_armes,stock_armes,production_armes,consommation_armes,sac_armes
0,1,0,53,14,4,0,1.001064,0.992555,0.995016,0,0,334,100,100,0,0,0,0,0,2,2,0,80,8,53,39,0,0,2816,200,0,13,0,932,63,0,26,0,447,13,0,48,0,272,1,0,24,0,158,119,96,79,0,0,15,24,9,0,0,9,9,0,0
0,1,1,55,14,4,0,1.003122,0.997514,0.993936,0,0,334,100,100,0,0,0,0,0,2,2,0,80,8,56,39,0,0,2816,200,0,13,0,932,63,0,26,0,447,7,0,48,0,272,1,0,24,0,158,119,96,79,0,0,15,24,9,0,0,9,9,0,0
0,1,2,53,14,4,0,0.998417,0.993705,0.996056,0,0,334,100,100,0,0,0,2,2,0,0,0,80,8,57,39,0,0,2816,184,0,13,0,932,63,0,26,0,447,16,0,44,0,272,3,0,22,0,158,116,88,75,0,0,13,22,9,0,0,9,9,0,0
0,1,3,49,14,4,0,1.000374,0.996516,1.000346,0,0,334,100,100,0,0,0,2,2,0,0,0,80,8,52,39,0,0,2816,200,0,13,0,932,63,0,26,0,447,3,0,48,0,272,1,0,24,0,158,120,96,79,0,0,15,24,9,0,0,9,9,0,0
0,2,0,57,15,2,0,1.003347,0.993768,0.99517,9,0,334,100,100,0,0,0,0,0,4,4,0,80,18,55,42,0,0,2800,237,0,14,0,926,77,0,28,0,471,1,0,32,0,272,0,0,1,0,300,59,4,64,0,0,22,16,9,0,0,9,9,0,0
0,2,1,58,15,2,0,1.004329,0.99909,0.99422,9,0,334,100,100,0,0,0,0,0,4,4,0,80,18,54,39,0,0,2800,236,0,13,0,926,76,0,26,0,471,1,0,30,0,272,0,0,1,0,300,62,4,61,0,0,21,15,9,0,0,9,9,0,0
0,2,2,55,15,2,0,1.000414,0.994814,0.995232,9,0,334,100,100,0,0,0,4,4,0,0,0,80,18,61,42,0,0,2800,205,0,14,0,926,77,0,28,0,471,1,0,30,0,272,0,0,3,0,300,66,12,62,0,0,19,15,9,0,0,9,9,0,0
0,2,3,53,15,2,0,1.002364,0.994005,1.001969,9,0,334,100,100,0,0,0,4,4,0,0,0,80,18,54,39,0,0,2800,234,0,13,0,926,76,0,26,0,471,1,0,16,0,272,0,0,1,0,300,77,4,47,0,0,14,8,9,0,0,9,9,0,0
0,3,0,61,15,1,0,1.004954,0.997262,0.997249,18,0,334,100,100,0,0,0,0,0,6,6,0,76,17,54,42,0,0,3112,166,0,14,0,917,91,0,28,0,502,0,0,12,0,256,0,0,4,0,27,106,16,44,0,0,19,6,9,0,0,9,9,0,0
0,3,1,61,15,1,0,1.005495,0.996008,0.992597,18,0,334,100,100,0,0,0,0,0,6,6,0,76,17,49,39,0,0,3112,165,0,13,0,917,89,0,26,0,502,0,0,16,0,256,0,0,4,0,27,106,16,47,0,0,20,8,9,0,0,9,9,0,0
0,3,2,59,15,1,0,1.001293,0.993281,0.998225,18,0,334,100,100,0,0,0,6,6,0,2,0,76,17,62,42,0,0,3112,224,0,14,0,917,91,0,28,0,502,1,0,10,0,256,0,0,5,0,27,92,20,42,0,0,15,5,9,0,0,9,9,0,0
0,3,3,56,15,1,0,0.998308,0.99292,0.998432,18,0,334,100,100,0,0,0,6,6,2,0,0,76,17,58,45,0,0,3112,166,0,15,0,917,91,0,30,0,502,1,0,6,0,256,0,0,3,0,27,125,12,39,0,0,8,3,9,0,0,9,9,0,0
0,4,0,62,15,15,1,1.003749,0.996363,0.997547,27,0,334,100,100,0,0,0,0,0,8,2,0,76,2,61,42,0,0,2767,203,0,14,0,952,97,0,28,0,498,0,0,8,0,187,0,0,26,0,153,209,104,40,0,0,14,4,9,0,0,9,9,0,0
0,4,1,59,15,15,1,1.004064,0.992746,0.993936,27,0,334,100,100,0,0,0,0,0,8,6,0,76,2,53,36,0,0,2767,197,0,12,0,952,99,0,24,0,498,0,0,12,0,187,0,0,23,0,153,195,92,42,0,0,17,6,9,0,0,9,9,0,0
0,4,2,57,15,15,1,1.005726,0.995957,0.996074,26,0,334,100,100,0,0,0,8,8,0,0,0,76,2,55,42,0,0,2767,247,0,14,0,952,95,0,28,0,498,1,0,12,0,187,0,0,15,0,153,144,60,44,0,0,12,6,9,0,0,9,9,0,0
0,4,3,59,15,15,1,0.997471,0.991491,0.999108,27,0,334,100,100,0,0,0,2,6,0,0,0,76,2,63,48,0,0,2767,206,0,16,0,952,93,0,32,0,498,0,0,12,0,187,0,0,18,0,153,184,72,46,0,0,5,6,9,0,0,9,9,0,0
0,5,0,65,17,6,0,1.008078,0.994012,0.998308,35,0,334,100,100,0,0,0,0,0,10,4,0,72,0,58,42,0,0,2824,255,0,14,0,917,111,0,28,0,364,1,0,50,0,272,0,0,0,0,145,155,0,82,0,0,30,25,9,0,0,9,9,0,0
0,5,1,58,17,6,0,1.00397,0.992394,0.994447,34,0,334,100,100,0,0,0,0,0,10,8,0,72,0,47,36,0,0,2824,246,0,12,0,917,111,0,24,0,364,0,0,48,0,272,0,0,0,0,145,154,0,78,0,0,32,24,9,0,0,9,9,0,0
0,5,2,63,17,6,0,1.006474,0.996447,0.99282,35,0,334,100,100,0,0,0,10,10,0,0,0,72,0,59,42,0,0,2824,176,0,14,0,917,109,0,28,0,364,1,0,36,0,272,0,0,0,0,145,135,0,68,0,0,21,18,9,0,0,9,9,0,0
0,5,3,62,17,6,0,0.998914,0.992305,0.99915,36,0,334,100,100,0,0,0,4,8,0,0,0,72,0,73,51,0,0,2824,250,0,17,0,917,110,0,34,0,364,0,0,42,0,272,0,0,0,0,145,135,0,77,0,0,17,21,9,0,0,9,9,0,0
0,6,0,67,13,9,0,1.01098,0.995837,0.999852,44,0,334,100,100,0,0,0,0,2,12,6,0,72,2,58,45,0,0,3096,175,0,15,0,905,126,0,30,0,442,0,0,26,0,227,0,0,14,0,15,230,56,59,0,0,34,13,9,0,0,9,9,0,0
0,6,1,56,13,9,0,0.998702,0.994022,0.992149,43,0,334,100,100,0,0,0,2,0,12,10,0,72,2,46,36,0,0,3096,176,0,12,0,905,123,0,24,0,442,0,0,22,0,227,0,0,9,0,15,230,36,44,0,0,38,11,5,0,0,5,5,0,0
0,6,2,64,13,9,0,1.007866,1.000417,0.993447,43,0,334,100,100,0,0,0,12,12,0,2,0,72,2,59,45,0,0,3096,202,0,15,0,905,124,0,30,0,442,0,0,30,0,227,0,0,13,0,15,175,52,63,0,0,27,15,9,0,0,9,9,0,0
0,6,3,65,13,9,0,1.001299,0.992736,1.00003,45,0,334,100,100,0,0,0,6,10,2,0,0,72,2,82,54,0,0,3096,170,0,18,0,905,128,0,36,0,442,1,0,22,0,227,0,0,9,0,15,185,36,58,0,0,19,11,9,0,0,9,9,0,0
0,7,0,63,10,16,1,1.014904,0.998664,1.002521,51,1,459,100,100,0,0,0,0,2,14,8,0,68,0,51,42,0,0,2728,230,0,14,0,897,140,0,28,0,505,1,0,10,0,178,0,0,23,0,121,293,92,51,0,0,17,5,22,0,0,5,5,0,0
0,7,1,53,10,16,1,0.998414,0.996654,0.991693,47,1,459,100,100,0,0,0,2,0,12,6,0,68,0,46,36,0,0,2728,212,0,12,0,897,135,0,24,0,505,0,0,8,0,178,2,0,25,0,121,299,100,43,0,0,22,4,20,0,0,3,3,0,0
0,7,2,64,10,16,1,1.009714,0.999059,0.994027,50,1,459,100,100,0,0,0,14,12,0,4,0,68,0,63,51,0,0,2728,209,0,17,0,897,140,0,34,0,505,0,0,12,0,178,0,0,25,0,121,267,100,58,0,0,10,6,23,0,0,6,6,0,0
0,7,3,66,10,16,1,0.999256,0.988668,1.000833,52,0,334,100,100,0,0,0,8,6,4,0,0,68,0,93,60,0,0,2728,205,0,20,0,897,148,0,40,0,505,1,0,8,0,178,0,0,19,0,121,262,76,38,0,0,18,4,5,0,0,5,5,0,0
0,8,0,53,10,25,1,1.006496,0.993157,0.999102,48,1,459,100,100,0,0,0,0,4,16,4,0,68,1,48,39,0,0,2872,154,0,13,0,896,153,0,26,0,481,0,0,14,0,266,0,0,3,0,82,355,12,29,0,0,23,7,1,0,0,1,1,0,0
0,8,1,48,10,25,1,1.000965,0.986919,0.993533,43,1,459,100,100,0,0,0,4,0,14,6,0,68,1,45,33,0,0,2872,236,0,11,0,896,146,0,22,0,481,1,0,12,0,266,0,0,2,0,82,312,8,27,0,0,26,6,2,0,0,2,2,0,0
0,8,2,65,10,25,1,1.011362,1.000382,0.996449,53,1,459,100,100,0,0,0,16,14,0,4,0,68,1,69,54,0,0,2872,215,0,18,0,896,158,0,36,0,481,0,0,10,0,266,0,0,2,0,82,292,8,36,0,0,11,5,4,0,0,4,4,0,0
0,8,3,65,10,25,1,0.99837,0.986419,1.000879,56,0,334,100,100,0,0,0,4,6,4,0,0,68,1,105,60,0,0,2872,263,0,20,0,896,168,0,40,0,481,0,0,10,0,266,0,0,1,0,82,264,4,38,0,0,19,5,4,0,0,4,4,0,0
0,9,0,54,18,7,0,1.006708,0.993633,0.996217,48,1,459,100,100,0,0,0,0,4,18,6,0,64,0,56,45,0,0,2984,198,0,15,0,896,168,0,30,0,383,0,0,32,0,272,0,0,0,0,65,335,0,51,0,0,37,16,2,0,0,2,2,0,0
0,9,1,47,18,7,0,1.005725,0.988363,0.996999,42,1,459,100,100,0,0,0,4,0,16,8,0,64,0,43,33,0,0,2984,177,0,11,0,896,157,0,22,0,383,3,0,40,0,272,0,0,0,0,65,320,0,55,0,0,44,20,2,0,0,2,2,0,0
0,9,2,71,18,7,0,1.015115,0.997741,0.999926,57,1,459,100,100,0,0,0,18,16,0,4,0,64,0,73,54,0,0,2984,236,0,18,0,896,176,0,36,0,383,0,0,42,0,272,0,0,0,0,65,278,0,68,0,0,28,21,4,0,0,4,4,0,0
0,9,3,70,18,7,0,1.00366,0.989735,1.004701,58,0,334,100,100,0,0,0,6,8,4,0,0,64,0,114,57,0,0,2984,179,0,19,0,896,187,0,38,0,383,1,0,38,0,272,0,0,0,0,65,271,0,63,0,0,35,19,3,0,0,3,3,0,0
0,10,0,51,13,31,0,1.008509,0.988671,0.988391,43,2,584,100,100,0,0,0,0,4,20,8,1,64,1,38,24,0,0,2720,264,0,8,0,890,176,0,16,0,473,0,0,12,0,219,0,0,15,0,123,387,60,41,0,0,24,6,19,0,0,2,2,0,0
0,10,1,47,13,31,0,1.007067,0.994948,1.000665,41,1,459,100,100,0,0,0,4,0,18,10,0,64,1,40,30,0,0,2720,208,0,10,0,890,167,0,20,0,473,1,0,18,0,219,0,0,9,0,123,356,36,30,0,0,52,9,1,0,0,1,1,0,0
0,10,2,61,13,31,0,1.019363,0.9941,0.995343,49,1,459,100,100,0,0,0,20,18,0,6,1,64,1,46,30,0,0,2720,251,0,10,0,890,186,0,20,0,473,1,0,20,0,219,0,0,8,0,123,339,32,40,0,0,33,10,5,0,0,5,5,0,0
0,10,3,65,13,31,0,1.006301,0.990201,1.010071,57,1,459,100,100,0,0,0,8,10,6,0,0,64,1,105,45,0,0,2720,246,0,15,0,890,202,0,30,0,473,0,0,20,0,219,0,0,15,0,123,296,60,58,0,0,25,10,20,0,0,3,3,0,0
0,11,0,45,8,21,1,1.012742,0.991676,0.990626,41,2,584,100,100,0,0,0,0,2,20,6,1,60,1,32,24,0,0,3118,205,0,8,0,959,184,0,16,0,543,1,0,0,0,184,0,0,11,0,14,494,44,12,0,0,22,0,2,0,0,2,2,0,0
0,11,1,47,8,21,1,1.005403,0.991744,1.00074,42,2,584,100,100,0,0,0,2,0,20,12,1,60,1,39,30,0,0,3118,233,0,10,0,959,177,0,20,0,543,1,0,0,0,184,5,0,22,0,14,428,88,31,0,0,33,0,19,0,0,2,2,0,0
0,11,2,55,8,21,1,1.013814,0.995982,0.995938,48,2,584,100,100,0,0,0,20,20,0,8,2,60,1,37,27,0,0,3118,181,0,9,0,959,195,0,18,0,543,1,0,0,0,184,0,0,20,0,14,427,80,32,0,0,13,0,20,0,0,3,3,0,0
0,11,3,64,8,21,1,1.002201,0.988843,1.004704,58,2,584,100,100,0,0,0,6,12,8,0,0,60,1,102,48,0,0,3118,165,0,16,0,959,218,0,32,0,543,0,0,0,0,184,0,0,27,0,14,422,108,37,0,0,6,0,19,0,0,2,2,0,0
0,12,0,39,6,22,0,1.015824,0.995754,0.99383,36,2,584,100,100,0,0,0,0,4,22,10,1,60,1,26,21,0,0,2861,252,0,7,0,962,191,0,14,0,411,1,0,24,0,270,0,0,0,0,96,493,0,33,0,0,33,12,1,0,0,1,1,0,0
0,12,1,45,6,22,0,1.005759,0.99668,1.000098,42,2,584,100,100,0,0,0,4,0,22,14,1,60,1,38,30,0,0,2861,176,0,10,0,962,187,0,20,0,411,1,0,32,0,270,0,0,5,0,96,488,20,44,0,0,48,16,1,0,0,1,1,0,0
0,12,2,48,6,22,0,1.014514,0.993053,0.993527,46,2,584,100,100,0,0,0,22,22,0,12,2,60,1,30,21,0,0,2861,191,0,7,0,962,202,0,14,0,411,0,0,34,0,270,0,0,0,0,96,435,0,43,0,0,29,17,1,0,0,1,1,0,0
0,12,3,63,6,22,0,1.002989,0.988614,1.003917,58,2,584,100,100,0,0,0,10,14,12,0,0,60,1,104,54,0,0,2861,243,0,18,0,962,236,0,36,0,411,1,0,38,0,270,0,0,1,0,96,389,4,60,0,0,23,19,2,0,0,2,2,0,0
0,13,0,31,2,25,1,1.013134,1.000641,0.987447,30,3,709,100,100,0,0,0,0,4,24,14,1,56,3,23,18,0,0,3072,207,0,6,0,968,195,0,12,0,505,0,0,10,0,210,0,0,3,0,179,498,12,35,0,0,20,5,18,0,0,1,1,0,0
0,13,1,41,2,25,1,1.002646,0.996275,0.99757,40,3,709,100,100,0,0,0,4,0,22,10,1,56,3,36,30,0,0,3072,193,0,10,0,968,197,0,20,0,505,1,0,10,0,210,0,0,17,0,179,539,68,39,0,0,35,5,18,0,0,1,1,0,0
0,13,2,37,2,25,1,1.016219,0.997753,0.990226,36,3,709,100,100,0,0,0,24,22,0,16,2,56,3,26,18,0,0,3072,193,0,6,0,968,207,0,12,0,505,1,0,6,0,210,0,0,18,0,179,505,72,31,0,0,14,3,18,0,0,1,1,0,0
0,13,3,63,2,25,1,1.006144,0.986241,1.006346,59,2,584,100,100,0,0,0,14,10,16,0,0,56,3,99,51,0,0,3072,163,0,17,0,968,253,0,34,0,505,0,0,14,0,210,0,0,21,0,179,479,84,33,0,0,29,7,1,0,0,1,1,0,0
0,14,0,29,5,16,0,1.01149,1.000921,0.987794,29,3,709,100,100,0,0,0,0,6,26,18,1,56,1,21,15,0,0,2935,171,0,5,0,977,200,0,10,0,431,1,0,14,0,272,0,0,0,0,107,555,0,19,0,0,27,7,0,0,0,0,0,0,0
0,14,1,40,5,16,0,0.997737,0.991185,0.994301,38,3,709,100,100,0,0,0,6,0,24,12,1,56,1,39,30,0,0,2935,206,0,10,0,977,207,0,20,0,431,1,0,30,0,272,0,0,0,0,107,529,0,40,0,0,50,15,0,0,0,0,0,0,0
0,14,2,32,5,16,0,1.011093,0.990387,0.989221,32,3,709,100,100,0,0,0,26,24,0,20,3,56,1,21,15,0,0,2935,208,0,5,0,977,206,0,10,0,431,0,0,20,0,272,0,0,0,0,107,521,0,25,0,0,24,10,0,0,0,0,0,0,0
0,14,3,60,5,16,0,1.004974,0.984902,0.999812,55,2,584,100,100,0,0,0,18,12,20,0,1,56,1,95,48,0,0,2935,212,0,16,0,977,269,0,32,0,431,0,0,40,0,272,0,0,0,0,107,461,0,58,0,0,48,20,1,0,0,1,1,0,0
0,15,0,27,9,4,0,1.013651,0.999301,0.989093,27,3,709,100,100,0,0,0,0,6,28,22,2,52,2,20,15,0,0,2904,209,0,5,0,980,205,0,10,0,445,0,0,16,0,260,0,0,1,0,151,559,4,21,0,0,35,8,0,0,0,0,0,0,0
0,15,1,44,9,4,0,0.998973,0.989841,0.994954,38,3,709,100,100,0,0,0,6,0,26,14,1,52,2,42,30,0,0,2904,220,0,10,0,980,217,0,20,0,445,0,0,34,0,260,0,0,3,0,151,525,12,46,0,0,66,17,1,0,0,1,1,0,0
0,15,2,30,9,4,0,1.011281,0.988662,0.988389,30,3,709,100,100,0,0,0,28,26,0,22,3,52,2,21,15,0,0,2904,171,0,5,0,980,211,0,10,0,445,1,0,14,0,260,0,0,3,0,151,593,12,19,0,0,31,7,0,0,0,0,0,0,0
0,15,3,65,9,4,0,1.00935,0.984141,0.999957,56,2,584,100,100,0,0,0,22,14,22,0,2,52,2,94,48,0,0,2904,296,0,16,0,980,285,0,32,0,445,0,0,36,0,260,0,0,5,0,151,444,20,56,0,0,64,18,2,0,0,2,2,0,0
0,16,0,26,5,6,0,1.01068,0.998236,0.990139,26,4,834,100,100,0,0,0,0,6,30,26,2,52,3,21,15,0,0,3168,177,0,5,0,974,210,0,10,0,512,1,0,2,0,212,0,0,6,0,47,632,24,24,0,0,19,1,17,0,0,0,0,0,0
0,16,1,43,5,6,0,1.00439,0.991265,0.99572,37,4,834,100,100,0,0,0,6,0,28,16,1,52,3,42,33,0,0,3168,165,0,11,0,974,228,0,22,0,512,1,0,8,0,212,0,0,18,0,47,623,72,42,0,0,50,4,20,0,0,3,3,0,0
0,16,2,28,5,6,0,1.010183,0.989049,0.984918,27,4,834,100,100,0,0,0,30,28,0,24,3,52,3,23,15,0,0,3168,168,0,5,0,974,216,0,10,0,512,1,0,10,0,212,0,0,11,0,47,635,44,32,0,0,19,5,17,0,0,0,0,0,0
0,16,3,68,5,6,0,1.009504,0.982727,1.000458,58,3,709,100,100,0,0,0,26,16,24,0,2,52,3,91,51,0,0,3168,214,0,17,0,974,302,0,34,0,512,0,0,10,0,212,0,0,25,0,47,542,100,52,0,0,48,5,21,0,0,4,4,0,0
0,17,0,22,6,11,0,1.009718,0.994858,0.981145,22,4,834,100,100,0,0,0,0,8,32,30,2,48,4,19,12,0,0,2864,203,0,4,0,983,214,0,8,0,425,0,0,16,0,261,0,0,1,0,191,631,4,20,0,0,27,8,0,0,0,0,0,0,0
0,17,1,42,6,11,0,1.010302,0.992652,0.996768,37,4,834,100,100,0,0,0,8,0,30,18,1,48,4,43,33,0,0,2864,167,0,11,0,983,236,0,22,0,425,0,0,34,0,261,0,0,0,0,191,605,0,49,0,0,65,17,2,0,0,2,2,0,0
0,17,2,28,6,11,0,1.016495,0.985878,0.987852,25,4,834,100,100,0,0,0,32,30,0,28,3,48,4,21,12,0,0,2864,168,0,4,0,983,220,0,8,0,425,0,0,22,0,261,0,0,3,0,191,649,12,28,0,0,29,11,1,0,0,1,1,0,0
0,17,3,68,6,11,0,1.008563,0.982157,1.00226,60,3,709,100,100,0,0,0,30,18,28,0,2,48,4,84,51,0,0,2864,305,0,17,0,983,316,0,34,0,425,0,0,44,0,261,0,0,7,0,191,530,28,67,0,0,67,22,3,0,0,3,3,0,0
0,18,0,22,5,4,0,1.01415,0.996034,0.97638,21,4,834,100,100,0,0,0,0,8,34,34,2,48,7,18,12,0,0,3104,177,0,4,0,980,218,0,8,0,507,1,0,4,0,208,0,0,8,0,110,707,32,8,0,0,29,2,0,0,0,0,0,0,0
0,18,1,44,5,4,0,1.009115,0.992496,0.997251,39,4,834,100,100,0,0,0,8,0,32,20,2,48,7,47,33,0,0,3104,178,0,11,0,980,247,0,22,0,507,1,0,14,0,208,0,0,17,0,110,677,68,29,0,0,70,7,2,0,0,2,2,0,0
0,18,2,26,5,4,0,1.023412,0.988718,0.978972,24,5,959,100,100,0,0,0,34,32,0,30,3,48,7,18,9,0,0,3104,161,0,3,0,980,223,0,6,0,507,0,0,6,0,208,0,0,11,0,110,695,44,28,0,0,14,3,18,0,0,1,1,0,0
0,18,3,69,5,4,0,1.009567,0.982363,1.001862,63,4,834,100,100,0,0,0,34,20,30,0,3,48,7,76,54,0,0,3104,219,0,18,0,980,334,0,36,0,507,1,0,10,0,208,0,0,28,0,110,666,112,51,0,0,52,5,20,0,0,3,3,0,0
0,19,0,23,6,2,0,1.013655,0.994163,0.982748,21,5,959,100,100,0,0,0,0,10,36,38,2,44,0,18,12,0,0,2872,207,0,4,0,980,222,0,8,0,470,0,0,8,0,230,0,0,6,0,189,718,24,31,0,0,15,4,18,0,0,1,1,0,0
0,19,1,46,6,2,0,1.01112,0.993648,1.00001,41,5,959,100,100,0,0,0,10,0,34,22,2,44,0,48,33,0,0,2872,187,0,11,0,980,258,0,22,0,470,1,0,18,0,230,0,0,17,0,189,734,68,50,0,0,60,9,19,0,0,2,2,0,0
0,19,2,25,6,2,0,1.025107,0.992867,0.984969,23,5,959,100,100,0,0,0,36,34,0,32,3,44,0,15,9,0,0,2872,156,0,3,0,980,226,0,6,0,470,1,0,12,0,230,0,0,3,0,189,717,12,17,0,0,19,6,1,0,0,1,1,0,0
0,19,3,71,6,2,0,1.00853,0.983241,1.002153,66,4,834,100,100,0,0,0,38,22,32,0,3,44,0,71,54,0,0,2872,316,0,18,0,980,352,0,36,0,470,1,0,36,0,230,0,0,16,0,189,699,64,58,0,0,68,18,2,0,0,2,2,0,0
0,20,0,13,6,46,0,1.003866,0.995658,0.967274,13,5,959,100,100,0,0,0,0,12,38,40,2,44,2,16,12,0,0,3120,180,0,4,0,980,226,0,8,0,543,0,0,0,0,209,5,0,4,0,135,739,16,4,0,0,15,0,0,0,0,0,0,0,0
0,20,1,36,6,46,0,1.006345,0.992956,0.998573,33,5,959,100,100,0,0,0,12,0,36,24,2,44,2,43,33,0,0,3120,194,0,11,0,980,269,0,22,0,543,1,0,0,0,209,14,0,10,0,135,766,40,13,0,0,59,0,1,0,0,1,1,0,0
0,20,2,24,6,46,0,1.028045,0.992737,0.986838,21,5,959,100,100,0,0,0,38,36,0,34,3,44,2,14,9,0,0,3120,144,0,3,0,980,229,0,6,0,543,0,0,2,0,209,0,0,9,0,135,770,36,7,0,0,19,1,1,0,0,1,1,0,0
0,20,3,52,6,46,0,1.002969,0.978308,1.006781,48,5,959,100,100,0,0,0,40,24,34,0,3,44,2,58,48,0,0,3120,229,0,16,0,980,368,0,32,0,543,1,0,0,0,209,6,0,15,0,135,739,60,35,0,0,50,0,18,0,0,1,1,0,0
0,21,0,14,7,7,0,1.023916,0.982675,0.952362,12,5,959,100,100,0,0,0,0,12,40,42,2,40,4,21,12,0,0,3120,163,0,4,0,989,230,0,8,0,480,1,0,6,0,260,2,0,3,0,176,755,12,10,0,0,18,3,0,0,0,0,0,0,0
0,21,1,37,7,7,0,1.006218,0.992287,1.005191,33,5,959,100,100,0,0,0,12,0,38,26,2,40,4,49,33,0,0,3120,211,0,11,0,989,280,0,22,0,480,4,0,20,0,260,4,0,10,0,176,779,40,33,0,0,68,10,1,0,0,1,1,0,0
0,21,2,20,7,7,0,1.035932,1.002442,0.994939,17,6,1084,100,100,0,0,0,40,38,0,34,3,40,4,14,9,0,0,3120,133,0,3,0,989,229,0,6,0,480,1,0,0,0,260,0,0,9,0,176,805,36,22,0,0,1,0,18,0,0,1,1,0,0
0,21,3,54,7,7,0,1.004347,0.978082,1.007506,49,5,959,100,100,0,0,0,42,26,34,0,3,40,4,64,48,0,0,3120,161,0,16,0,989,384,0,32,0,480,1,0,30,0,260,0,0,6,0,176,788,24,50,0,0,63,15,2,0,0,2,2,0,0
0,22,0,16,8,2,0,1.01422,0.985587,0.953202,12,5,959,100,100,0,0,0,0,12,42,46,2,40,4,31,15,0,0,3086,153,0,5,0,977,235,0,10,0,446,1,0,8,0,272,0,0,2,0,247,754,8,15,0,0,21,4,1,0,0,1,1,0,0
0,22,1,40,8,2,0,1.003875,0.990557,1.005339,34,5,959,100,100,0,0,0,12,0,40,28,2,40,4,58,36,0,0,3086,162,0,12,0,977,292,0,24,0,446,20,0,20,0,272,0,0,4,0,247,776,16,36,0,0,76,10,2,0,0,2,2,0,0
0,22,2,19,8,2,0,1.035241,1.002659,0.998191,17,6,1084,100,100,0,0,0,42,40,0,38,3,40,4,14,9,0,0,3086,134,0,3,0,977,232,0,6,0,446,1,0,12,0,272,0,0,0,0,247,805,0,17,0,0,6,6,1,0,0,1,1,0,0
0,22,3,56,8,2,0,1.002555,0.976397,1.008756,51,5,959,100,100,0,0,0,46,28,38,0,3,40,4,68,51,0,0,3086,171,0,17,0,977,401,0,34,0,446,7,0,36,0,272,0,0,0,0,247,744,0,57,0,0,79,18,2,0,0,2,2,0,0
0,23,0,17,3,4,0,1.012704,0.982128,0.953254,13,5,959,100,100,0,0,0,0,12,44,48,2,36,4,37,15,0,0,2992,156,0,5,0,977,240,0,10,0,443,3,0,10,0,270,0,0,0,0,238,741,0,19,0,0,24,5,2,0,0,2,2,0,0
0,23,1,39,3,4,0,1.003949,0.99084,1.007625,35,5,959,100,100,0,0,0,12,0,42,30,2,36,4,62,36,0,0,2992,174,0,12,0,977,304,0,24,0,443,27,0,24,0,270,0,0,0,0,238,748,0,40,0,0,86,12,2,0,0,2,2,0,0
0,23,2,17,3,4,0,1.034073,1.008497,0.994736,16,6,1084,100,100,0,0,0,44,42,0,40,3,36,4,15,9,0,0,2992,128,0,3,0,977,235,0,6,0,443,0,0,10,0,270,0,0,0,0,238,813,0,15,0,0,10,5,1,0,0,1,1,0,0
0,23,3,57,3,4,0,1.004936,0.977743,1.009493,52,5,959,100,100,0,0,0,48,30,40,0,3,36,4,71,51,0,0,2992,202,0,17,0,977,418,0,34,0,443,10,0,40,0,270,0,0,2,0,238,712,8,61,0,0,97,20,2,0,0,2,2,0,0
0,24,0,17,3,5,0,1.011101,0.984539,0.953456,15,5,959,100,100,0,0,0,0,12,46,50,2,36,9,39,15,0,0,2976,158,0,5,0,974,245,0,10,0,498,0,0,8,0,260,0,0,0,0,240,732,0,15,0,0,27,4,1,0,0,1,1,0,0
0,24,1,38,3,5,0,1.004186,0.991069,1.006313,36,5,959,100,100,0,0,0,12,0,44,32,2,36,9,65,36,0,0,2976,187,0,12,0,974,316,0,24,0,498,25,0,22,0,260,0,0,2,0,240,729,8,36,0,0,96,11,1,0,0,1,1,0,0
0,24,2,16,3,5,0,1.030322,1.003904,0.994167,16,6,1084,100,100,0,0,0,46,44,0,44,3,36,9,14,9,0,0,2976,132,0,3,0,974,238,0,6,0,498,1,0,2,0,260,0,0,0,0,240,826,0,5,0,0,11,1,0,0,0,0,0,0,0
0,24,3,57,3,5,0,1.006021,0.972757,1.0096,52,5,959,100,100,0,0,0,50,32,44,0,3,36,9,78,54,0,0,2976,231,0,18,0,974,436,0,36,0,498,0,0,28,0,260,0,0,10,0,240,717,40,50,0,0,109,14,2,0,0,2,2,0,0
0,25,0,17,4,3,0,1.011101,0.984539,0.953456,16,5,959,100,100,0,0,0,0,12,48,52,2,32,7,41,15,0,0,3088,160,0,5,0,974,250,0,10,0,468,1,0,8,0,270,0,0,0,0,189,726,0,15,0,0,30,4,1,0,0,1,1,0,0
0,25,1,38,4,3,0,1.00463,0.991885,1.005957,36,5,959,100,100,0,0,0,12,0,48,34,2,32,7,69,36,0,0,3088,201,0,12,0,974,328,0,24,0,468,24,0,22,0,270,0,0,2,0,189,710,8,36,0,0,106,11,1,0,0,1,1,0,0
0,25,2,16,4,3,0,1.025559,0.996945,0.994452,15,6,1084,100,100,0,0,0,48,48,0,46,3,32,7,16,9,0,0,3088,137,0,3,0,974,241,0,6,0,468,1,0,6,0,270,0,0,0,0,189,835,0,9,0,0,14,3,0,0,0,0,0,0,0
0,25,3,58,4,3,0,1.004658,0.974532,1.008348,53,5,959,100,100,0,0,0,52,34,46,0,3,32,7,78,51,0,0,3088,157,0,17,0,974,453,0,34,0,468,1,0,36,0,270,0,0,0,0,189,735,0,57,0,0,125,18,2,0,0,2,2,0,0
0,26,0,19,8,3,0,1.021975,0.982167,0.953781,17,5,959,100,100,0,0,0,0,12,50,54,2,32,1,47,15,0,0,2968,162,0,5,0,977,255,0,10,0,412,6,0,12,0,272,0,0,0,0,246,718,0,17,0,0,36,6,0,0,0,0,0,0,0
0,26,1,39,8,3,0,1.001574,0.991831,1.007168,36,5,959,100,100,0,0,0,12,0,52,36,2,32,1,74,36,0,0,2968,207,0,12,0,977,340,0,24,0,412,49,0,20,0,272,0,0,0,0,246,685,0,34,0,0,115,10,1,0,0,1,1,0,0
0,26,2,19,8,3,0,1.033771,0.996726,0.993043,15,6,1084,100,100,0,0,0,50,52,0,48,3,32,1,18,9,0,0,2968,142,0,3,0,977,244,0,6,0,412,1,0,12,0,272,0,0,0,0,246,836,0,17,0,0,19,6,1,0,0,1,1,0,0
0,26,3,57,8,3,0,1.004404,0.973898,1.009967,53,5,959,100,100,0,0,0,54,36,48,0,3,32,1,78,51,0,0,2968,186,0,17,0,977,470,0,34,0,412,21,0,38,0,272,0,0,0,0,246,694,0,59,0,0,142,19,2,0,0,2,2,0,0
0,27,0,20,6,4,0,1.025277,0.976507,0.960735,17,5,959,100,100,0,0,0,0,12,52,56,2,28,4,47,15,0,0,3048,162,0,5,0,971,260,0,10,0,530,1,0,6,0,172,7,0,7,0,190,745,28,13,0,0,38,3,1,0,0,1,1,0,0
0,27,1,42,6,4,0,1.003436,0.993512,1.010073,37,5,959,100,100,0,0,0,12,0,56,38,2,28,4,80,39,0,0,3048,155,0,13,0,971,353,0,26,0,530,34,0,20,0,172,21,0,10,0,190,749,40,35,0,0,124,10,1,0,0,1,1,0,0
0,27,2,19,6,4,0,1.036022,0.996799,0.99513,15,6,1084,100,100,0,0,0,52,56,0,50,3,28,4,18,12,0,0,3048,143,0,4,0,971,248,0,8,0,530,0,0,2,0,172,2,0,9,0,190,880,36,10,0,0,18,1,2,0,0,2,2,0,0
0,27,3,55,6,4,0,1.004947,0.971635,1.009228,52,5,959,100,100,0,0,0,56,38,50,0,3,28,4,73,45,0,0,3048,210,0,15,0,971,485,0,30,0,530,0,0,28,0,172,26,0,18,0,190,739,72,45,0,0,155,14,1,0,0,1,1,0,0
0,28,0,19,3,10,0,1.020419,0.980115,0.951482,17,5,959,100,100,0,0,0,0,12,54,58,2,28,1,43,12,0,0,3016,162,0,4,0,974,264,0,8,0,441,2,0,14,0,272,0,0,7,0,210,765,28,20,0,0,44,7,1,0,0,1,1,0,0
0,28,1,41,3,10,0,1.005901,0.992611,1.013825,36,5,959,100,100,0,0,0,12,0,60,40,2,28,1,75,33,0,0,3016,150,0,11,0,974,364,0,22,0,441,47,0,24,0,272,9,0,12,0,210,781,48,39,0,0,134,12,2,0,0,2,2,0,0
0,28,2,18,3,10,0,1.032798,0.998587,0.99489,16,6,1084,100,100,0,0,0,54,60,0,50,3,28,1,17,12,0,0,3016,144,0,4,0,974,252,0,8,0,441,0,0,10,0,272,0,0,2,0,210,890,8,16,0,0,22,5,1,0,0,1,1,0,0
0,28,3,51,3,10,0,1.006645,0.972057,1.012946,48,5,959,100,100,0,0,0,58,40,50,0,3,28,1,60,36,0,0,3016,223,0,12,0,974,497,0,24,0,441,2,0,36,0,272,8,0,18,0,210,795,72,50,0,0,172,18,1,0,0,1,1,0,0
0,29,0,18,2,8,0,1.022185,0.988819,0.954119,16,5,959,100,100,0,0,0,0,12,56,60,2,24,6,36,9,0,0,3096,164,0,3,0,998,267,0,6,0,435,3,0,14,0,272,0,0,0,0,173,758,0,19,0,0,50,7,1,0,0,1,1,0,0
0,29,1,39,2,8,0,1.004475,0.993643,1.013401,36,5,959,100,100,0,0,0,12,0,62,40,2,24,6,68,30,0,0,3096,147,0,10,0,998,374,0,20,0,435,57,0,24,0,272,0,0,9,0,173,797,36,38,0,0,144,12,2,0,0,2,2,0,0
0,29,2,15,2,8,0,1.034322,1.002452,0.993234,15,6,1084,100,100,0,0,0,56,62,0,52,3,24,6,11,6,0,0,3096,148,0,2,0,998,254,0,4,0,435,0,0,14,0,272,0,0,0,0,173,889,0,16,0,0,29,7,0,0,0,0,0,0,0
0,29,3,51,2,8,0,1.007927,0.969612,1.010389,48,6,1084,100,100,0,0,0,60,40,52,0,3,24,6,48,33,0,0,3096,161,0,11,0,998,508,0,22,0,435,10,0,38,0,272,0,0,8,0,173,835,32,68,0,0,173,19,18,0,0,1,1,0,0
0,30,0,18,2,9,0,1.022185,0.988819,0.954119,17,5,959,100,100,0,0,0,0,12,58,62,2,24,8,31,9,0,0,3008,175,0,3,0,1010,270,0,6,0,499,0,0,12,0,250,0,0,3,0,237,765,12,17,0,0,55,6,1,0,0,1,1,0,0
0,30,1,40,2,9,0,1.004187,0.991269,1.014365,38,5,959,100,100,0,0,0,12,0,64,42,2,24,8,64,30,0,0,3008,146,0,10,0,1010,384,0,20,0,499,48,0,24,0,250,0,0,9,0,237,815,36,36,0,0,155,12,1,0,0,1,1,0,0
0,30,2,12,2,9,0,1.033722,1.007004,0.98768,12,6,1084,100,100,0,0,0,58,64,0,52,3,24,8,6,6,0,0,3008,155,0,2,0,1010,253,0,4,0,499,0,0,2,0,250,0,0,0,0,237,900,0,4,0,0,30,1,0,0,0,0,0,0,0
0,30,3,46,2,9,0,1.007263,0.965266,1.003157,43,6,1084,100,100,0,0,0,62,42,52,0,3,24,8,39,36,0,0,3008,186,0,12,0,1010,520,0,24,0,499,1,0,28,0,250,0,0,3,0,237,823,12,42,0,0,186,14,1,0,0,1,1,0,0
0,31,0,18,1,14,0,1.022185,0.988819,0.954119,18,5,959,100,100,0,0,0,0,12,60,64,2,20,0,27,9,0,0,3032,186,0,3,0,1013,273,0,6,0,433,5,0,16,0,272,0,0,0,0,243,758,0,19,0,0,63,8,0,0,0,0,0,0,0
0,31,1,37,1,14,0,1.005507,0.988872,1.009385,36,5,959,100,100,0,0,0,12,0,66,44,2,20,0,56,27,0,0,3032,129,0,9,0,1013,393,0,18,0,433,74,0,22,0,272,0,0,0,0,243,803,0,33,0,0,165,11,1,0,0,1,1,0,0
0,31,2,5,1,14,0,1.034719,0.984221,0.997877,5,6,1084,100,100,0,0,0,60,66,0,54,3,20,0,4,0,0,0,3032,151,0,0,0,1013,253,0,0,0,433,0,0,6,0,272,0,0,0,0,243,900,0,6,0,0,33,3,0,0,0,0,0,0,0
0,31,3,43,1,14,0,1.003235,0.968374,1.000282,41,6,1084,100,100,0,0,0,64,44,54,0,3,20,0,36,33,0,0,3032,209,0,11,0,1013,531,0,22,0,433,5,0,32,0,272,0,0,0,0,243,796,0,45,0,0,201,16,1,0,0,1,1,0,0
0,32,0,18,0,5,0,1.022185,0.988819,0.954119,18,6,1084,100,100,0,0,0,0,12,62,66,2,20,3,20,9,0,0,3096,165,0,3,0,1019,276,0,6,0,543,1,0,4,0,161,13,0,8,0,209,807,32,24,0,0,48,2,17,0,0,0,0,0,0
0,32,1,37,0,5,0,1.005507,0.988872,1.009385,37,6,1084,100,100,0,0,0,12,0,68,46,2,20,3,51,27,0,0,3096,115,0,9,0,1019,402,0,18,0,543,52,0,22,0,161,37,0,11,0,209,820,44,48,0,0,159,11,17,0,0,0,0,0,0
0,32,2,5,0,5,0,1.034719,0.984221,0.997877,5,6,1084,100,100,0,0,0,62,68,0,54,3,20,3,2,0,0,0,3096,154,0,0,0,1019,253,0,0,0,543,0,0,0,0,161,3,0,3,0,209,918,12,0,0,0,33,0,0,0,0,0,0,0,0
0,32,3,38,0,5,0,1.001931,0.973269,0.999985,38,6,1084,100,100,0,0,0,66,46,54,0,3,20,3,37,33,0,0,3096,219,0,11,0,1019,542,0,22,0,543,0,0,6,0,161,22,0,14,0,209,855,56,17,0,0,204,3,0,0,0,0,0,0,0
0,33,0,17,2,4,0,1.021038,0.990663,0.954336,17,6,1084,100,100,0,0,0,0,14,64,68,2,20,3,15,9,0,0,3128,168,0,3,0,1019,279,0,6,0,432,8,0,14,0,272,6,0,7,0,189,830,28,17,0,0,55,7,0,0,0,0,0,0,0
0,33,1,37,2,4,0,1.004804,0.987035,1.010989,36,6,1084,100,100,0,0,0,14,0,68,48,2,20,3,46,27,0,0,3128,101,0,9,0,1019,411,0,18,0,432,81,0,20,0,272,27,0,10,0,189,843,40,29,0,0,169,10,0,0,0,0,0,0,0
0,33,2,4,2,4,0,1.044559,1.006757,0.977677,4,7,1209,100,100,0,0,0,64,68,0,56,3,20,3,0,0,0,0,3128,157,0,0,0,1019,253,0,0,0,432,2,0,4,0,272,1,0,2,0,189,908,8,21,0,0,18,2,17,0,0,0,0,0,0
0,33,3,38,2,4,0,1.002582,0.972794,0.999215,37,7,1209,100,100,0,0,0,68,48,56,0,3,20,3,39,33,0,0,3128,170,0,11,0,1019,553,0,22,0,432,8,0,28,0,272,8,0,14,0,189,936,56,56,0,0,201,14,17,0,0,0,0,0,0
0,34,0,17,3,7,0,1.019275,0.992928,0.958368,16,6,1084,100,100,0,0,0,0,14,66,70,1,20,4,13,9,0,0,3072,164,0,3,0,1016,282,0,6,0,479,9,0,12,0,272,0,0,6,0,255,851,24,15,0,0,61,6,0,0,0,0,0,0,0
0,34,1,37,3,7,0,1.006621,0.988129,1.015067,35,6,1084,100,100,0,0,0,14,0,68,50,1,20,4,44,30,0,0,3072,86,0,10,0,1016,421,0,20,0,479,90,0,20,0,272,17,0,10,0,255,869,40,32,0,0,178,10,1,0,0,1,1,0,0
0,34,2,0,3,7,0,0,0,0,0,7,1209,100,100,0,0,0,66,68,0,58,0,20,4,0,0,0,0,3072,153,0,0,0,1016,253,0,0,0,479,2,0,0,0,272,1,0,0,0,255,908,0,0,0,0,18,0,0,0,0,0,0,0,0
0,34,3,38,3,7,0,1.009534,0.977762,1.000514,36,7,1209,100,100,0,0,0,70,50,58,0,2,20,4,40,33,0,0,3072,193,0,11,0,1016,564,0,22,0,479,0,0,28,0,272,0,0,8,0,255,942,32,41,0,0,214,14,1,0,0,1,1,0,0
0,35,0,15,1,3,0,1.011782,0.990171,0.962292,14,6,1084,100,100,0,0,0,0,14,66,72,1,20,5,14,12,0,0,3080,159,0,4,0,1051,278,0,8,0,495,5,0,10,0,226,5,0,5,0,256,863,20,16,0,0,65,5,1,0,0,1,1,0,0
0,35,1,37,1,3,0,1.006428,0.99213,1.017993,35,6,1084,100,100,0,0,0,14,0,68,52,1,20,5,44,30,0,0,3080,71,0,10,0,1051,415,0,20,0,495,94,0,22,0,226,24,0,11,0,256,900,44,34,0,0,188,11,1,0,0,1,1,0,0
0,35,2,0,1,3,0,0,0,0,0,7,1209,100,100,0,0,0,66,68,0,58,0,20,5,0,0,0,0,3080,153,0,0,0,1051,253,0,0,0,495,2,0,0,0,226,1,0,0,0,256,908,0,0,0,0,18,0,0,0,0,0,0,0,0
0,35,3,38,1,3,0,1.009534,0.977762,1.000514,37,7,1209,100,100,0,0,0,72,52,58,0,2,20,5,39,33,0,0,3080,216,0,11,0,1051,561,0,22,0,495,0,0,14,0,226,4,0,14,0,256,986,56,27,0,0,220,7,1,0,0,1,1,0,0
0,36,0,15,1,1,0,1.011782,0.990171,0.962292,15,6,1084,100,100,0,0,0,0,14,66,74,1,20,5,14,12,0,0,3152,156,0,4,0,1013,282,0,8,0,476,7,0,10,0,272,0,0,5,0,192,878,20,14,0,0,70,5,0,0,0,0,0,0,0
0,36,1,37,1,1,0,1.00971,0.99004,1.01462,35,7,1209,100,100,0,0,0,14,0,68,54,1,20,5,42,30,0,0,3152,48,0,10,0,1013,425,0,20,0,476,102,0,22,0,272,13,0,11,0,192,917,44,51,0,0,181,11,18,0,0,1,1,0,0
0,36,2,0,1,1,0,0,0,0,0,7,1209,100,100,0,0,0,66,68,0,58,0,20,5,0,0,0,0,3152,153,0,0,0,1013,253,0,0,0,476,2,0,0,0,272,1,0,0,0,192,908,0,0,0,0,18,0,0,0,0,0,0,0,0
0,36,3,38,1,1,0,1.009534,0.977762,1.000514,38,8,1334,100,100,0,0,0,74,54,58,0,2,20,5,37,33,0,0,3152,167,0,11,0,1013,572,0,22,0,476,0,0,26,0,272,0,0,4,0,192,1023,16,54,0,0,216,13,17,0,0,0,0,0,0
0,37,0,14,0,2,0,1.009391,0.98746,0.960648,14,6,1084,100,100,0,0,0,0,18,66,76,1,20,3,14,12,0,0,3088,144,0,4,0,1013,286,0,8,0,451,15,0,8,0,272,0,0,0,0,252,875,0,12,0,0,74,4,0,0,0,0,0,0,0
0,37,1,36,0,2,0,1.013602,0.987836,1.01516,35,7,1209,100,100,0,0,0,18,0,70,58,1,20,3,35,27,0,0,3088,29,0,9,0,1013,434,0,18,0,451,121,0,22,0,272,2,0,11,0,252,952,44,33,0,0,191,11,1,0,0,1,1,0,0
0,37,2,0,0,2,0,0,0,0,0,7,1209,100,100,0,0,0,66,70,0,58,0,20,3,0,0,0,0,3088,152,0,0,0,1013,253,0,0,0,451,2,0,0,0,272,1,0,0,0,252,908,0,0,0,0,18,0,0,0,0,0,0,0,0
0,37,3,38,0,2,0,1.009534,0.977762,1.000514,38,8,1334,100,100,0,0,0,76,58,58,0,2,20,3,35,33,0,0,3088,189,0,11,0,1013,583,0,22,0,451,8,0,28,0,272,0,0,0,0,252,999,0,39,0,0,230,14,0,0,0,0,0,0,0
0,38,0,14,2,3,0,1.009391,0.98746,0.960648,14,6,1084,100,100,0,0,0,0,20,66,78,2,20,4,17,12,0,0,3097,133,0,4,0,1016,290,0,8,0,486,17,0,8,0,267,0,0,2,0,264,878,8,12,0,0,78,4,0,0,0,0,0,0,0
0,38,1,36,2,3,0,1.015625,0.988658,1.016421,35,7,1209,100,100,0,0,0,20,0,72,62,2,20,4,30,27,0,0,3097,18,0,9,0,1016,443,0,18,0,486,128,0,22,0,267,0,0,2,0,264,947,8,31,0,0,202,11,0,0,0,0,0,0,0
0,38,2,0,2,3,0,0,0,0,0,7,1209,100,100,0,0,0,66,72,0,58,0,20,4,0,0,0,0,3097,151,0,0,0,1016,253,0,0,0,486,2,0,0,0,267,1,0,0,0,264,908,0,0,0,0,18,0,0,0,0,0,0,0,0
0,38,3,37,2,3,0,1.01123,0.975615,1.002148,36,8,1334,100,100,0,0,0,78,62,58,0,2,20,4,39,33,0,0,3097,203,0,11,0,1016,594,0,22,0,486,3,0,24,0,267,0,0,3,0,264,987,12,35,0,0,242,12,0,0,0,0,0,0,0
0,39,0,13,1,5,0,1.00346,0.983787,0.954549,13,6,1084,100,100,0,0,0,0,22,66,80,2,20,7,18,12,0,0,3078,122,0,4,0,1019,294,0,8,0,458,24,0,8,0,265,0,0,0,0,261,875,0,12,0,0,82,4,0,0,0,0,0,0,0
0,39,1,32,1,5,0,1.014108,0.991011,1.013925,32,7,1209,100,100,0,0,0,22,0,74,66,2,20,7,25,24,0,0,3078,19,0,8,0,1019,451,0,16,0,458,144,0,18,0,265,0,0,5,0,261,959,20,26,0,0,211,9,0,0,0,0,0,0,0
0,39,2,0,1,5,0,0,0,0,0,7,1209,100,100,0,0,0,66,74,0,58,0,20,7,0,0,0,0,3078,150,0,0,0,1019,253,0,0,0,458,2,0,0,0,265,1,0,0,0,261,908,0,0,0,0,18,0,0,0,0,0,0,0,0
0,39,3,38,1,5,0,1.012243,0.976028,1.002693,36,8,1334,100,100,0,0,0,80,66,58,0,2,20,7,40,33,0,0,3078,226,0,11,0,1019,605,0,22,0,458,11,0,26,0,265,0,0,2,0,261,968,8,39,0,0,254,13,1,0,0,1,1,0,0
0,40,0,13,2,9,0,0.99494,0.981731,0.952202,12,6,1084,100,100,0,0,0,0,24,66,82,2,20,4,20,12,0,0,3155,112,0,4,0,1022,298,0,8,0,530,18,0,6,0,189,12,0,3,0,257,883,12,10,0,0,85,3,0,0,0,0,0,0,0
0,40,1,27,2,9,0,1.01421,0.985076,1.006021,27,7,1209,100,100,0,0,0,24,0,76,70,2,20,4,23,21,0,0,3155,20,0,7,0,1022,458,0,14,0,530,140,0,12,0,189,28,0,6,0,257,973,24,19,0,0,217,6,0,0,0,0,0,0,0
0,40,2,0,2,9,0,0,0,0,0,7,1209,100,100,0,0,0,66,76,0,58,0,20,4,0,0,0,0,3155,149,0,0,0,1022,253,0,0,0,530,2,0,0,0,189,1,0,0,0,257,908,0,0,0,0,18,0,0,0,0,0,0,0,0
0,40,3,36,2,9,0,1.017221,0.977841,1.001088,34,8,1334,100,100,0,0,0,82,70,58,0,2,20,4,30,24,0,0,3155,179,0,8,0,1022,613,0,16,0,530,1,0,16,0,189,21,0,13,0,257,1019,52,26,0,0,261,8,1,0,0,1,1,0,0
4,1,0,54,19,7,0,1.0006,1.005026,1.015646,0,0,334,100,100,0,0,0,0,2,2,2,0,80,3,55,39,0,0,2831,193,0,13,0,941,63,0,26,0,475,3,0,46,0,272,2,0,23,0,160,115,92,77,0,0,14,23,9,0,0,9,9,0,0
4,1,1,53,19,7,0,1.005414,1.004359,1.009306,0,0,334,100,100,0,0,0,2,0,2,2,0,80,3,54,39,0,0,2831,200,0,13,0,941,63,0,26,0,475,7,0,44,0,272,3,0,22,0,160,109,88,75,0,0,13,22,9,0,0,9,9,0,0
4,1,2,55,19,7,0,1.003195,1.007144,1.010952,0,0,334,100,100,0,0,0,2,2,0,0,0,80,3,53,39,0,0,2831,200,0,13,0,941,57,0,26,0,475,2,0,46,0,272,2,0,23,0,160,112,92,77,0,0,14,23,9,0,0,9,9,0,0
4,1,3,50,19,7,0,1.001349,1.004333,1.013816,0,0,334,100,100,0,0,0,2,2,0,0,0,80,3,55,39,0,0,2831,192,0,13,0,941,60,0,26,0,475,15,0,42,0,272,4,0,21,0,160,105,84,73,0,0,12,21,9,0,0,9,9,0,0
4,2,0,57,15,6,0,1.000732,1.009812,1.018055,8,0,334,100,100,0,0,0,0,2,4,4,0,80,9,49,36,0,0,2784,247,0,12,0,929,75,0,24,0,402,0,0,40,0,244,0,0,7,0,297,73,28,70,0,0,25,20,9,0,0,9,9,0,0
4,2,1,53,15,6,0,1.001391,1.000318,1.006101,9,0,334,100,100,0,0,0,2,0,4,4,0,80,9,54,36,0,0,2784,239,0,12,0,929,75,0,24,0,402,1,0,34,0,244,0,0,10,0,297,85,40,64,0,0,21,17,9,0,0,9,9,0,0
4,2,2,59,15,6,0,1.005634,1.005633,1.011554,9,0,334,100,100,0,0,0,4,4,0,0,0,80,9,55,39,0,0,2784,228,0,13,0,929,70,0,26,0,402,1,0,38,0,244,0,0,8,0,297,78,32,69,0,0,24,19,9,0,0,9,9,0,0
4,2,3,52,15,6,0,1.000447,1.003539,1.013246,9,0,334,100,100,0,0,0,4,4,0,0,0,80,9,58,39,0,0,2784,225,0,13,0,929,73,0,26,0,402,2,0,44,0,244,0,0,14,0,297,86,56,75,0,0,25,22,9,0,0,9,9,0,0
4,3,0,53,10,13,2,1.002005,1.011433,1.018879,17,0,334,100,100,0,0,0,0,2,0,0,0,76,3,48,36,0,0,3200,178,0,12,0,930,86,0,24,0,390,1,0,28,0,268,0,0,4,0,0,99,16,58,0,0,30,14,9,0,0,9,9,0,0
4,3,1,53,10,13,2,1.006009,1.000802,1.007832,18,0,334,100,100,0,0,0,2,0,4,4,0,76,3,56,39,0,0,3200,173,0,13,0,930,88,0,26,0,390,0,0,40,0,268,0,0,0,0,0,79,0,71,0,0,32,20,9,0,0,9,9,0,0
4,3,2,59,10,13,2,1.008714,1.006709,1.010945,18,0,334,100,100,0,0,0,0,4,0,-4,0,76,3,55,42,0,0,3200,155,0,14,0,930,84,0,28,0,390,1,0,40,0,268,0,0,0,0,0,77,0,72,0,0,35,20,9,0,0,9,9,0,0
4,3,3,53,10,13,2,1.003112,1.004821,1.012622,18,0,334,100,100,0,0,0,0,4,-4,0,0,76,3,63,39,0,0,3200,160,0,13,0,930,86,0,26,0,390,1,0,44,0,268,0,0,0,0,0,83,0,75,0,0,38,22,9,0,0,9,9,0,0
4,4,0,54,17,3,0,1.000141,1.011021,1.019553,26,0,334,100,100,0,0,0,0,2,2,2,0,76,4,55,39,0,0,2784,240,0,13,0,927,99,0,26,0,503,0,0,8,0,146,8,0,25,0,207,181,100,39,0,0,25,4,9,0,0,9,9,0,0
4,4,1,56,17,3,0,1.006416,1.003644,1.006065,27,0,334,100,100,0,0,0,2,0,6,6,0,76,4,63,42,0,0,2784,194,0,14,0,927,102,0,28,0,503,1,0,10,0,146,3,0,24,0,207,160,96,42,0,0,28,5,9,0,0,9,9,0,0
4,4,2,63,17,3,0,1.010179,1.005521,1.013378,27,0,334,100,100,0,0,0,2,6,0,-4,0,76,4,61,45,0,0,2784,193,0,15,0,927,96,0,30,0,503,1,0,10,0,146,2,0,28,0,207,176,112,43,0,0,31,5,9,0,0,9,9,0,0
4,4,3,59,17,3,0,1.003152,1.004994,1.017043,27,0,334,100,100,0,0,0,2,6,-4,0,0,76,4,63,39,0,0,2784,174,0,13,0,927,98,0,26,0,503,0,0,14,0,146,10,0,23,0,207,145,92,45,0,0,36,7,9,0,0,9,9,0,0
4,5,0,58,14,11,0,1.002594,1.01196,1.019321,35,0,334,100,100,0,0,0,0,2,4,4,0,72,5,59,45,0,0,2931,171,0,15,0,902,114,0,30,0,522,1,0,2,0,225,0,0,18,0,105,268,72,35,0,0,17,1,9,0,0,9,9,0,0
4,5,1,57,14,11,0,1.009844,1.003521,1.002094,35,0,334,100,100,0,0,0,2,0,8,8,0,72,5,70,45,0,0,2931,197,0,15,0,902,117,0,30,0,522,0,0,8,0,225,0,0,16,0,105,228,64,41,0,0,23,4,9,0,0,9,9,0,0
4,5,2,59,14,11,0,1.009422,1.00853,1.012329,33,0,334,100,100,0,0,0,4,8,0,-4,0,72,5,54,42,0,0,2931,213,0,14,0,902,110,0,28,0,522,1,0,4,0,225,0,0,19,0,105,266,76,36,0,0,24,2,9,0,0,9,9,0,0
4,5,3,61,14,11,0,1.006885,1.007496,1.019365,34,0,334,100,100,0,0,0,4,8,-4,0,0,72,5,62,42,0,0,2931,167,0,14,0,902,112,0,28,0,522,0,0,8,0,225,0,0,17,0,105,223,68,40,0,0,31,4,9,0,0,9,9,0,0
4,6,0,61,17,9,0,1.005287,1.011623,1.021722,43,0,334,100,100,0,0,0,0,2,6,6,0,72,4,61,45,0,0,2800,226,0,15,0,906,129,0,30,0,543,1,0,0,0,163,1,0,26,0,158,305,104,29,0,0,10,0,7,0,0,7,7,0,0
4,6,1,56,17,9,0,1.007915,1.009302,0.999896,42,1,459,100,100,0,0,0,2,0,10,10,0,72,4,78,51,0,0,2800,203,0,17,0,906,134,0,34,0,543,0,0,0,0,163,6,0,21,0,158,288,84,46,0,0,0,0,23,0,0,6,6,0,0
4,6,2,59,17,9,0,1.006459,1.005733,1.012364,41,1,459,100,100,0,0,0,6,10,0,-4,0,72,4,52,39,0,0,2800,245,0,13,0,906,121,0,26,0,543,1,0,0,0,163,0,0,22,0,158,290,88,44,0,0,0,0,24,0,0,7,7,0,0
4,6,3,67,17,9,0,1.004948,1.009347,1.021164,43,1,459,100,100,0,0,0,6,10,-4,0,0,72,4,67,48,0,0,2800,162,0,16,0,906,126,0,32,0,543,1,0,0,0,163,4,0,26,0,158,283,104,51,0,0,5,0,26,0,0,9,9,0,0
4,7,0,65,14,8,1,1.004018,1.010845,1.020876,50,1,459,100,100,0,0,0,0,2,2,6,0,68,1,66,48,0,0,2898,293,0,16,0,893,145,0,32,0,451,1,0,26,0,226,0,0,11,0,101,283,44,71,0,0,0,13,23,0,0,6,6,0,0
4,7,1,58,14,8,1,1.007876,1.008619,1.002544,47,1,459,100,100,0,0,0,2,0,12,12,0,68,1,90,54,0,0,2898,207,0,18,0,893,152,0,36,0,451,0,0,20,0,226,0,0,14,0,101,336,56,46,0,0,6,10,4,0,0,4,4,0,0
4,7,2,58,14,8,1,1.007837,1.007979,1.011094,48,1,459,100,100,0,0,0,2,12,0,-4,0,68,1,49,39,0,0,2898,173,0,13,0,893,134,0,26,0,451,1,0,14,0,226,0,0,12,0,101,375,48,35,0,0,3,7,4,0,0,4,4,0,0
4,7,3,68,14,8,1,1.00585,1.006038,1.020214,50,1,459,100,100,0,0,0,6,12,-4,0,0,68,1,61,48,0,0,2898,159,0,16,0,893,142,0,32,0,451,1,0,30,0,226,0,0,20,0,101,353,80,60,0,0,13,15,7,0,0,7,7,0,0
4,8,0,64,11,14,0,1.003301,1.009049,1.019772,56,1,459,100,100,0,0,0,0,2,4,8,0,68,4,69,54,0,0,2912,210,0,18,0,887,163,0,36,0,527,1,0,0,0,150,0,0,24,0,172,426,96,18,0,0,0,0,0,0,0,0,0,0,0
4,8,1,59,11,14,0,1.009284,1.007856,0.999444,51,1,459,100,100,0,0,0,2,0,14,14,0,68,4,96,51,0,0,2912,220,0,17,0,887,169,0,34,0,527,0,0,8,0,150,11,0,23,0,172,414,92,31,0,0,7,4,3,0,0,3,3,0,0
4,8,2,56,11,14,0,1.006869,1.005931,1.015146,50,1,459,100,100,0,0,0,4,14,0,-2,0,68,4,50,39,0,0,2912,214,0,13,0,887,147,0,26,0,527,1,0,0,0,150,3,0,27,0,172,440,108,19,0,0,0,0,3,0,0,3,3,0,0
4,8,3,67,11,14,0,1.005604,1.006942,1.021209,55,1,459,100,100,0,0,0,8,14,-2,0,0,68,4,64,51,0,0,2912,154,0,17,0,887,159,0,34,0,527,0,0,10,0,150,4,0,27,0,172,434,108,35,0,0,14,5,4,0,0,4,4,0,0
4,9,0,63,13,13,0,1.004305,1.008821,1.019532,52,1,459,100,100,0,0,0,0,4,6,10,0,64,1,74,54,0,0,2781,262,0,18,0,896,175,0,36,0,413,1,0,30,0,272,0,0,0,0,140,396,0,56,0,0,11,15,4,0,0,4,4,0,0
4,9,1,64,13,13,0,1.012898,1.007818,1.00202,53,2,584,100,100,0,0,0,4,0,16,16,0,64,1,106,54,0,0,2781,231,0,18,0,896,184,0,36,0,413,0,0,38,0,272,0,0,11,0,140,400,44,79,0,0,6,19,20,0,0,3,3,0,0
4,9,2,54,13,13,0,1.008314,1.008477,1.015986,50,1,459,100,100,0,0,0,6,16,0,0,0,64,1,52,42,0,0,2781,248,0,14,0,896,161,0,28,0,413,0,0,22,0,272,0,0,3,0,140,425,12,38,0,0,10,11,1,0,0,1,1,0,0
4,9,3,65,13,13,0,1.008505,1.009056,1.021509,58,2,584,100,100,0,0,0,10,16,0,0,0,64,1,59,48,0,0,2781,156,0,16,0,896,175,0,32,0,413,0,0,36,0,272,0,0,4,0,140,390,16,75,0,0,12,18,20,0,0,3,3,0,0
4,10,0,66,12,4,1,1.005417,1.009809,1.018677,56,2,584,100,100,0,0,0,0,4,8,10,0,64,2,82,57,0,0,3104,180,0,19,0,881,194,0,38,0,452,1,0,24,0,188,0,0,21,0,27,415,84,68,0,0,2,12,21,0,0,4,4,0,0
4,10,1,64,12,4,1,1.009399,1.009046,0.999071,55,2,584,100,100,0,0,0,4,0,18,12,0,64,2,115,60,0,0,3104,147,0,20,0,881,204,0,40,0,452,0,0,24,0,188,0,0,12,0,27,473,48,50,0,0,15,12,3,0,0,3,3,0,0
4,10,2,57,12,4,1,1.010324,1.010252,1.01682,51,2,584,100,100,0,0,0,8,18,0,-2,0,64,2,52,42,0,0,3104,180,0,14,0,881,175,0,28,0,452,1,0,18,0,188,0,0,18,0,27,424,72,53,0,0,0,9,19,0,0,2,2,0,0
4,10,3,67,12,4,1,1.007099,1.009763,1.021294,61,3,709,100,100,0,0,0,10,12,-2,0,0,64,2,59,48,0,0,3104,171,0,16,0,881,191,0,32,0,452,0,0,22,0,188,0,0,27,0,27,487,108,59,0,0,4,11,19,0,0,2,2,0,0
4,11,0,68,9,6,0,1.004072,1.009182,1.017358,58,2,584,100,100,0,0,0,0,4,10,12,0,60,0,83,54,0,0,2745,224,0,18,0,875,212,0,36,0,500,1,0,18,0,233,0,0,7,0,140,437,28,42,0,0,8,9,3,0,0,3,3,0,0
4,11,1,67,9,6,0,1.014417,1.009161,0.997383,57,3,709,100,100,0,0,0,4,0,20,14,1,60,0,122,57,0,0,2745,184,0,19,0,875,223,0,38,0,500,0,0,10,0,233,0,0,10,0,140,500,40,52,0,0,0,5,20,0,0,3,3,0,0
4,11,2,57,9,6,0,1.011582,1.011169,1.017642,52,2,584,100,100,0,0,0,10,20,0,-2,1,60,0,56,48,0,0,2745,210,0,16,0,875,191,0,32,0,500,1,0,6,0,233,0,0,10,0,140,475,40,26,0,0,1,3,2,0,0,2,2,0,0
4,11,3,65,9,6,0,1.005644,1.010068,1.023052,62,3,709,100,100,0,0,0,12,14,-2,0,0,60,0,52,45,0,0,2745,177,0,15,0,875,206,0,30,0,500,0,0,10,0,233,0,0,12,0,140,554,48,29,0,0,7,5,2,0,0,2,2,0,0
4,12,0,62,6,18,2,1.003689,1.008588,1.020338,59,2,584,100,100,0,0,0,0,4,12,2,0,60,1,82,54,0,0,2771,248,0,18,0,884,230,0,36,0,452,0,0,28,0,265,0,0,3,0,121,434,12,50,0,0,20,14,2,0,0,2,2,0,0
4,12,1,65,6,18,2,1.015543,1.009321,0.997795,58,3,709,100,100,0,0,0,4,0,22,12,1,60,1,123,57,0,0,2771,212,0,19,0,884,242,0,38,0,452,0,0,20,0,265,0,0,4,0,121,513,16,45,0,0,7,10,3,0,0,3,3,0,0
4,12,2,59,6,18,2,1.011928,1.00971,1.017521,54,2,584,100,100,0,0,0,12,22,0,-6,1,60,1,58,48,0,0,2771,238,0,16,0,884,207,0,32,0,452,1,0,18,0,265,0,0,0,0,121,478,0,36,0,0,9,9,1,0,0,1,1,0,0
4,12,3,59,6,18,2,1.004432,1.008483,1.020231,58,3,709,100,100,0,0,0,2,12,-6,0,0,60,1,47,42,0,0,2771,178,0,14,0,884,220,0,28,0,452,0,0,26,0,265,0,0,0,0,121,559,0,40,0,0,20,13,0,0,0,0,0,0,0
4,13,0,62,9,14,0,1.008779,1.010334,1.021259,59,3,709,100,100,0,0,0,0,6,12,4,0,56,0,82,51,0,0,3008,169,0,17,0,881,247,0,34,0,536,0,0,2,0,98,17,0,25,0,128,548,100,36,0,0,4,1,17,0,0,0,0,0,0
4,13,1,63,9,14,0,1.016933,1.010794,0.994569,58,3,709,100,100,0,0,0,6,0,24,14,1,56,0,131,60,0,0,3008,231,0,20,0,881,262,0,40,0,536,0,0,0,0,98,22,0,25,0,128,625,100,24,0,0,5,0,2,0,0,2,2,0,0
4,13,2,60,9,14,0,1.01483,1.010397,1.013748,54,2,584,100,100,0,0,0,12,24,0,-6,1,56,0,60,48,0,0,3008,163,0,16,0,881,223,0,32,0,536,1,0,2,0,98,8,0,27,0,128,564,108,22,0,0,8,1,2,0,0,2,2,0,0
4,13,3,55,9,14,0,1.008928,1.007559,1.022411,52,4,834,100,100,0,0,0,4,14,-6,0,0,56,0,50,42,0,0,3008,177,0,14,0,881,234,0,28,0,536,0,0,4,0,98,20,0,21,0,128,642,84,37,0,0,4,2,18,0,0,1,1,0,0
4,14,0,64,8,2,0,1.008616,1.011805,1.020706,59,3,709,100,100,0,0,0,0,6,14,6,0,56,11,84,51,0,0,2888,202,0,17,0,884,264,0,34,0,445,1,0,28,0,265,0,0,19,0,114,611,76,49,0,0,16,14,2,0,0,2,2,0,0
4,14,1,65,8,2,0,1.01572,1.008759,0.995405,60,3,709,100,100,0,0,0,6,0,26,16,1,56,11,137,60,0,0,2888,148,0,20,0,884,282,0,40,0,445,1,0,20,0,265,0,0,23,0,114,685,92,44,0,0,13,10,2,0,0,2,2,0,0
4,14,2,63,8,2,0,1.011573,1.009212,1.012679,55,2,584,100,100,0,0,0,14,26,0,-6,1,56,11,61,48,0,0,2888,215,0,16,0,884,239,0,32,0,445,1,0,20,0,265,0,0,9,0,114,560,36,40,0,0,16,10,2,0,0,2,2,0,0
4,14,3,54,8,2,0,1.008507,1.007704,1.021394,53,5,959,100,100,0,0,0,6,16,-6,0,0,56,11,51,45,0,0,2888,179,0,15,0,884,246,0,30,0,445,1,0,28,0,265,2,0,21,0,114,700,84,62,0,0,0,14,18,0,0,1,1,0,0
4,15,0,54,7,38,0,1.009986,1.01851,1.012011,50,3,709,100,100,0,0,0,0,8,16,8,0,52,5,53,24,0,0,2777,236,0,8,0,878,272,0,16,0,530,0,0,2,0,186,10,0,25,0,133,699,100,12,0,0,16,1,1,0,0,1,1,0,0
4,15,1,55,7,38,0,1.016179,1.006983,0.992116,51,3,709,100,100,0,0,0,8,0,28,18,1,52,5,122,42,0,0,2777,186,0,14,0,878,296,0,28,0,530,0,0,2,0,186,0,0,16,0,133,691,64,20,0,0,12,1,2,0,0,2,2,0,0
4,15,2,58,7,38,0,1.00817,1.009274,1.017664,49,2,584,100,100,0,0,0,16,28,0,-4,1,52,5,50,39,0,0,2777,271,0,13,0,878,252,0,26,0,530,1,0,4,0,186,0,0,18,0,133,565,72,23,0,0,15,2,3,0,0,3,3,0,0
4,15,3,48,7,38,0,1.012497,1.007898,1.017272,47,5,959,100,100,0,0,0,8,18,-4,0,0,52,5,42,33,0,0,2777,176,0,11,0,878,257,0,22,0,530,1,0,6,0,186,0,0,19,0,133,794,76,17,0,0,3,3,0,0,0,0,0,0,0
4,16,0,55,9,4,0,1.0109,1.016087,1.011527,50,4,834,100,100,0,0,0,0,8,18,10,0,52,4,35,27,0,0,3024,173,0,9,0,942,281,0,18,0,434,1,0,34,0,272,0,0,10,0,131,663,40,64,0,0,14,17,19,0,0,2,2,0,0
4,16,1,58,9,4,0,1.014029,1.001419,0.989663,53,4,834,100,100,0,0,0,8,0,30,20,2,52,4,119,42,0,0,3024,237,0,14,0,942,310,0,28,0,434,0,0,24,0,272,0,0,0,0,131,652,0,57,0,0,6,12,18,0,0,1,1,0,0
4,16,2,57,9,4,0,1.009937,1.011254,1.018818,50,3,709,100,100,0,0,0,18,30,0,-4,1,52,4,49,42,0,0,3024,199,0,14,0,942,266,0,28,0,434,1,0,20,0,272,0,0,0,0,131,527,0,57,0,0,5,10,20,0,0,3,3,0,0
4,16,3,50,9,4,0,1.013276,1.005749,1.017783,47,5,959,100,100,0,0,0,10,20,-4,0,1,52,4,41,36,0,0,3024,172,0,12,0,942,268,0,24,0,434,1,0,28,0,272,0,0,0,0,131,785,0,42,0,0,16,14,1,0,0,1,1,0,0
4,17,0,43,3,26,0,1.007149,1.013286,1.012529,41,4,834,100,100,0,0,0,0,10,20,12,1,48,1,24,21,0,0,2944,199,0,7,0,1049,276,0,14,0,413,0,0,32,0,272,0,0,0,0,125,650,0,41,0,0,29,16,1,0,0,1,1,0,0
4,17,1,56,3,26,0,1.018397,1.008257,0.991045,52,4,834,100,100,0,0,0,10,0,32,22,2,48,1,111,45,0,0,2944,164,0,15,0,1049,292,0,30,0,413,0,0,38,0,272,0,0,0,0,125,661,0,57,0,0,23,19,2,0,0,2,2,0,0
4,17,2,52,3,26,0,1.004205,1.010022,1.021323,50,3,709,100,100,0,0,0,20,32,0,-2,2,48,1,46,36,0,0,2944,242,0,12,0,1049,254,0,24,0,413,1,0,26,0,272,0,0,0,0,125,523,0,40,0,0,17,13,1,0,0,1,1,0,0
4,17,3,46,3,26,0,1.009451,1.005811,1.01993,44,5,959,100,100,0,0,0,12,22,-2,0,1,48,1,34,30,0,0,2944,168,0,10,0,1049,254,0,20,0,413,1,0,36,0,272,0,0,0,0,125,773,0,48,0,0,33,18,1,0,0,1,1,0,0
4,18,0,30,4,26,1,1.010776,1.026244,1.002239,30,4,834,100,100,0,0,0,0,10,20,8,1,48,0,22,18,0,0,2960,214,0,6,0,980,282,0,12,0,506,0,0,4,0,240,0,0,8,0,168,688,32,10,0,0,31,2,0,0,0,0,0,0,0
4,18,1,57,4,26,1,1.018077,1.008817,0.991158,54,4,834,100,100,0,0,0,10,0,32,26,2,48,0,108,45,0,0,2960,197,0,15,0,980,297,0,30,0,506,1,0,18,0,240,0,0,4,0,168,678,16,35,0,0,31,9,1,0,0,1,1,0,0
4,18,2,50,4,26,1,1.004664,1.010743,1.02061,47,4,834,100,100,0,0,0,20,32,0,0,2,48,0,37,30,0,0,2960,180,0,10,0,980,262,0,20,0,506,0,0,6,0,240,0,0,12,0,168,586,48,35,0,0,2,3,18,0,0,1,1,0,0
4,18,3,38,4,26,1,1.00884,1.016206,1.02126,36,5,959,100,100,0,0,0,8,26,0,0,1,48,0,33,27,0,0,2960,185,0,9,0,980,263,0,18,0,506,1,0,6,0,240,0,0,8,0,168,815,32,17,0,0,35,3,1,0,0,1,1,0,0
4,19,0,29,5,16,0,1.006094,1.029939,1.004964,27,4,834,100,100,0,0,0,0,12,22,10,1,44,0,21,15,0,0,2960,179,0,5,0,1016,284,0,10,0,469,1,0,14,0,212,0,0,6,0,278,693,24,19,0,0,38,7,0,0,0,0,0,0,0
4,19,1,55,5,16,0,1.020032,1.014088,0.991995,52,5,959,100,100,0,0,0,12,0,34,28,2,44,0,105,45,0,0,2960,221,0,15,0,1016,291,0,30,0,469,1,0,18,0,212,0,0,24,0,278,722,96,52,0,0,22,9,18,0,0,1,1,0,0
4,19,2,42,5,16,0,1.004971,1.00949,1.017062,40,4,834,100,100,0,0,0,22,34,0,0,2,44,0,34,27,0,0,2960,201,0,9,0,1016,256,0,18,0,469,0,0,24,0,212,0,0,12,0,278,613,48,35,0,0,13,12,1,0,0,1,1,0,0
4,19,3,38,5,16,0,1.010527,1.017002,1.02302,36,6,1084,100,100,0,0,0,10,28,0,0,1,44,0,35,27,0,0,2960,194,0,9,0,1016,266,0,18,0,469,1,0,18,0,212,0,0,12,0,278,827,48,44,0,0,27,9,17,0,0,0,0,0,0
4,20,0,28,6,7,0,1.012748,1.024977,1.005879,26,5,959,100,100,0,0,0,0,14,24,12,1,44,2,21,15,0,0,2896,193,0,5,0,1082,274,0,10,0,497,1,0,6,0,215,0,0,12,0,297,716,48,28,0,0,24,3,17,0,0,0,0,0,0
4,20,1,58,6,7,0,1.020516,1.012864,0.992868,53,5,959,100,100,0,0,0,14,0,38,30,2,44,2,105,48,0,0,2896,246,0,16,0,1082,259,0,32,0,497,0,0,16,0,215,0,0,22,0,297,776,88,34,0,0,29,8,1,0,0,1,1,0,0
4,20,2,40,6,7,0,1.004067,1.016105,1.019224,38,4,834,100,100,0,0,0,24,38,0,0,2,44,2,33,24,0,0,2896,231,0,8,0,1082,246,0,16,0,497,1,0,10,0,215,0,0,9,0,297,629,36,20,0,0,17,5,1,0,0,1,1,0,0
4,20,3,37,6,7,0,1.011474,1.018918,1.023875,35,6,1084,100,100,0,0,0,12,30,0,0,1,44,2,34,27,0,0,2896,227,0,9,0,1082,248,0,18,0,497,0,0,16,0,215,0,0,14,0,297,856,56,27,0,0,34,8,1,0,0,1,1,0,0
4,21,0,26,5,14,0,1.014521,1.024392,1.004547,25,5,959,100,100,0,0,0,0,16,26,14,1,40,6,20,15,0,0,3152,208,0,5,0,974,276,0,10,0,531,1,0,4,0,200,0,0,11,0,104,764,44,11,0,0,25,2,1,0,0,1,1,0,0
4,21,1,57,5,14,0,1.025275,1.016728,0.994095,51,6,1084,100,100,0,0,0,16,0,42,34,2,40,6,99,48,0,0,3152,172,0,16,0,974,275,0,32,0,531,0,0,4,0,200,0,0,19,0,104,876,76,41,0,0,12,2,19,0,0,2,2,0,0
4,21,2,34,5,14,0,1.000538,1.005163,1.016356,32,5,959,100,100,0,0,0,26,42,0,2,2,40,6,28,21,0,0,3152,184,0,7,0,974,253,0,14,0,531,0,0,4,0,200,1,0,15,0,104,708,60,28,0,0,2,2,17,0,0,0,0,0,0
4,21,3,37,5,14,0,1.009541,1.016137,1.023648,35,7,1209,100,100,0,0,0,14,34,2,0,1,40,6,33,27,0,0,3152,181,0,9,0,974,257,0,18,0,531,0,0,2,0,200,7,0,16,0,104,940,64,30,0,0,17,1,18,0,0,1,1,0,0
4,22,0,24,5,12,0,1.00701,1.017848,1.0037,23,6,1084,100,100,0,0,0,0,20,28,16,2,40,0,19,12,0,0,2999,178,0,4,0,977,280,0,8,0,529,1,0,2,0,177,11,0,10,0,137,834,40,23,0,0,9,1,17,0,0,0,0,0,0
4,22,1,57,5,12,0,1.029505,1.017402,0.992166,51,6,1084,100,100,0,0,0,20,0,46,36,3,40,0,98,48,0,0,2999,187,0,16,0,977,291,0,32,0,529,0,0,0,0,177,17,0,25,0,137,1003,100,20,0,0,10,0,2,0,0,2,2,0,0
4,22,2,32,5,12,0,0.999716,1.003058,1.016101,29,5,959,100,100,0,0,0,28,46,0,2,2,40,0,28,21,0,0,2999,188,0,7,0,977,260,0,14,0,529,0,0,4,0,177,0,0,16,0,137,797,64,13,0,0,3,2,1,0,0,1,1,0,0
4,22,3,34,5,12,0,1.009488,1.019294,1.022557,32,7,1209,100,100,0,0,0,16,36,2,0,1,40,0,36,30,0,0,2999,178,0,10,0,977,267,0,20,0,529,1,0,8,0,177,8,0,13,0,137,997,52,20,0,0,20,4,1,0,0,1,1,0,0
4,23,0,21,5,13,0,1.009943,1.020442,1.002855,21,6,1084,100,100,0,0,0,0,22,30,18,2,36,1,15,9,0,0,2968,191,0,3,0,983,283,0,6,0,507,0,0,8,0,191,16,0,10,0,182,883,40,11,0,0,13,4,0,0,0,0,0,0,0
4,23,1,57,5,13,0,1.030685,1.012831,0.990795,49,6,1084,100,100,0,0,0,22,0,50,38,3,36,1,93,45,0,0,2968,199,0,15,0,983,306,0,30,0,507,1,0,12,0,191,25,0,23,0,182,1065,92,31,0,0,14,6,2,0,0,2,2,0,0
4,23,2,28,5,13,0,0.990309,0.999724,1.018669,26,5,959,100,100,0,0,0,30,50,0,2,2,36,1,22,15,0,0,2968,199,0,5,0,983,265,0,10,0,507,1,0,6,0,191,1,0,14,0,182,864,56,13,0,0,5,3,1,0,0,1,1,0,0
4,23,3,33,5,13,0,1.012339,1.01815,1.019336,32,8,1334,100,100,0,0,0,18,38,2,0,1,36,1,40,30,0,0,2968,186,0,10,0,983,277,0,20,0,507,1,0,10,0,191,15,0,13,0,182,1032,52,39,0,0,7,5,18,0,0,1,1,0,0
4,24,0,20,5,6,0,1.020313,1.01844,1.003743,19,7,1209,100,100,0,0,0,0,24,32,18,2,36,2,14,9,0,0,3040,167,0,3,0,986,286,0,6,0,498,1,0,8,0,257,9,0,9,0,136,943,36,28,0,0,0,4,17,0,0,0,0,0,0
4,24,1,58,5,6,0,1.031891,1.010884,0.991973,51,7,1209,100,100,0,0,0,24,0,54,40,3,36,2,88,45,0,0,3040,231,0,15,0,986,321,0,30,0,498,1,0,20,0,257,4,0,26,0,136,1046,104,58,0,0,4,10,20,0,0,3,3,0,0
4,24,2,26,5,6,0,0.995026,1.00657,1.025486,24,5,959,100,100,0,0,0,32,54,0,2,2,36,2,25,18,0,0,3040,165,0,6,0,986,271,0,12,0,498,0,0,6,0,257,0,0,4,0,136,913,16,14,0,0,7,3,1,0,0,1,1,0,0
4,24,3,34,5,6,0,1.010146,1.016231,1.023388,32,8,1334,100,100,0,0,0,18,40,2,0,1,36,2,43,30,0,0,3040,199,0,10,0,986,287,0,20,0,498,0,0,10,0,257,8,0,12,0,136,1075,48,20,0,0,12,5,0,0,0,0,0,0,0
4,25,0,20,5,0,0,1.020313,1.01844,1.003743,19,7,1209,100,100,0,0,0,0,26,34,20,3,32,2,15,12,0,0,3088,167,0,4,0,980,290,0,8,0,455,2,0,18,0,272,0,0,9,0,156,975,36,24,0,0,8,9,1,0,0,1,1,0,0
4,25,1,60,5,0,0,1.030406,1.012195,0.991609,54,7,1209,100,100,0,0,0,26,0,58,42,3,32,2,80,45,0,0,3088,158,0,15,0,980,336,0,30,0,455,1,0,26,0,272,0,0,4,0,156,1099,16,45,0,0,15,13,2,0,0,2,2,0,0
4,25,2,28,5,0,0,0.992151,1.006497,1.025686,25,5,959,100,100,0,0,0,34,58,0,2,2,32,2,29,21,0,0,3088,164,0,7,0,980,278,0,14,0,455,1,0,18,0,272,0,0,0,0,156,910,0,27,0,0,15,9,1,0,0,1,1,0,0
4,25,3,35,5,0,0,1.009198,1.015023,1.022979,32,8,1334,100,100,0,0,0,20,42,2,0,2,32,2,46,30,0,0,3088,211,0,10,0,980,297,0,20,0,455,1,0,24,0,272,0,0,8,0,156,1089,32,36,0,0,23,12,1,0,0,1,1,0,0
4,26,0,19,7,3,0,1.022859,1.020126,1.006627,18,7,1209,100,100,0,0,0,0,28,36,22,3,32,3,16,12,0,0,3021,167,0,4,0,977,294,0,8,0,474,1,0,8,0,271,0,0,1,0,133,987,4,12,0,0,12,4,0,0,0,0,0,0,0
4,26,1,62,7,3,0,1.033788,1.01399,0.992424,55,8,1334,100,100,0,0,0,28,0,62,44,3,32,3,71,45,0,0,3021,185,0,15,0,977,351,0,30,0,474,1,0,22,0,271,0,0,0,0,133,1088,0,58,0,0,7,11,19,0,0,2,2,0,0
4,26,2,30,7,3,0,0.990931,1.009687,1.023632,26,6,1084,100,100,0,0,0,36,62,0,2,2,32,3,31,21,0,0,3021,174,0,7,0,977,285,0,14,0,474,1,0,18,0,271,0,0,0,0,133,893,0,44,0,0,6,9,18,0,0,1,1,0,0
4,26,3,36,7,3,0,1.009101,1.013573,1.023901,33,8,1334,100,100,0,0,0,22,44,2,0,2,32,3,51,33,0,0,3021,165,0,11,0,977,308,0,22,0,474,0,0,24,0,271,0,0,0,0,133,1125,0,37,0,0,34,12,1,0,0,1,1,0,0
4,27,0,16,3,7,0,1.023636,1.027334,1.00839,16,7,1209,100,100,0,0,0,0,30,38,24,3,28,0,14,9,0,0,2960,177,0,3,0,977,297,0,6,0,468,0,0,12,0,272,0,0,0,0,201,981,0,15,0,0,18,6,0,0,0,0,0,0,0
4,27,1,61,3,7,0,1.03513,1.012917,0.992403,56,8,1334,100,100,0,0,0,30,0,64,46,3,28,0,61,45,0,0,2960,212,0,15,0,977,366,0,30,0,468,1,0,28,0,272,0,0,0,0,201,1080,0,47,0,0,19,14,2,0,0,2,2,0,0
4,27,2,28,3,7,0,0.992165,1.011216,1.021933,25,6,1084,100,100,0,0,0,38,64,0,4,2,28,0,32,24,0,0,2960,184,0,8,0,977,293,0,16,0,468,0,0,18,0,272,0,0,0,0,201,878,0,30,0,0,13,9,2,0,0,2,2,0,0
4,27,3,38,3,7,0,1.012318,1.011493,1.022136,34,8,1334,100,100,0,0,0,24,46,4,0,2,28,0,55,33,0,0,2960,174,0,11,0,977,319,0,22,0,468,0,0,20,0,272,0,0,0,0,201,1113,0,33,0,0,43,10,1,0,0,1,1,0,0
4,28,0,15,9,7,0,1.018228,1.014704,1.020346,14,7,1209,100,100,0,0,0,0,30,40,26,3,28,3,12,9,0,0,2944,190,0,3,0,977,300,0,6,0,534,0,0,0,0,256,0,0,1,0,201,988,4,3,0,0,18,0,0,0,0,0,0,0,0
4,28,1,59,9,7,0,1.040455,1.013878,0.989466,54,8,1334,100,100,0,0,0,30,0,66,48,3,28,3,54,45,0,0,2944,224,0,15,0,977,381,0,30,0,534,1,0,6,0,256,0,0,8,0,201,1132,32,25,0,0,20,3,2,0,0,2,2,0,0
4,28,2,28,9,7,0,0.992696,1.018408,1.020918,26,6,1084,100,100,0,0,0,40,66,0,4,2,28,3,33,24,0,0,2944,196,0,8,0,977,301,0,16,0,534,0,0,2,0,256,0,0,3,0,201,893,12,12,0,0,13,1,1,0,0,1,1,0,0
4,28,3,43,9,7,0,1.011724,1.011909,1.021335,35,8,1334,100,100,0,0,0,26,48,4,0,2,28,3,57,33,0,0,2944,189,0,11,0,977,330,0,22,0,534,0,0,2,0,256,0,0,4,0,201,1136,16,17,0,0,42,1,2,0,0,2,2,0,0
4,29,0,12,0,9,0,1.014971,1.013059,1.010152,11,7,1209,100,100,0,0,0,0,30,40,28,3,24,0,13,9,0,0,3024,172,0,3,0,974,303,0,6,0,512,0,0,4,0,272,0,0,0,0,147,1009,0,9,0,0,19,2,1,0,0,1,1,0,0
4,29,1,53,0,9,0,1.041078,1.00962,0.992409,51,8,1334,100,100,0,0,0,30,0,68,50,3,24,0,50,45,0,0,3024,238,0,15,0,974,396,0,30,0,512,0,0,12,0,272,0,0,0,0,147,1130,0,29,0,0,25,6,1,0,0,1,1,0,0
4,29,2,28,0,9,0,0.992696,1.018408,1.020918,27,6,1084,100,100,0,0,0,40,68,0,4,2,24,0,34,27,0,0,3024,159,0,9,0,974,310,0,18,0,512,1,0,6,0,272,0,0,0,0,147,928,0,17,0,0,15,3,1,0,0,1,1,0,0
4,29,3,43,0,9,0,1.011724,1.011909,1.021335,37,8,1334,100,100,0,0,0,28,50,4,0,2,24,0,52,33,0,0,3024,223,0,11,0,974,341,0,22,0,512,0,0,10,0,272,0,0,0,0,147,1133,0,27,0,0,44,5,3,0,0,3,3,0,0
4,30,0,13,4,7,0,1.017019,1.006576,1.015773,12,7,1209,100,100,0,0,0,0,30,40,30,3,24,3,14,9,0,0,3128,181,0,3,0,974,306,0,6,0,428,2,0,10,0,272,0,0,0,0,176,1002,0,13,0,0,24,5,0,0,0,0,0,0,0
4,30,1,50,4,7,0,1.040434,1.006499,0.992643,49,8,1334,100,100,0,0,0,30,0,70,52,3,24,3,43,39,0,0,3128,172,0,13,0,974,409,0,26,0,428,3,0,42,0,272,0,0,0,0,176,1126,0,57,0,0,45,21,1,0,0,1,1,0,0
4,30,2,27,4,7,0,0.992214,1.018491,1.017015,26,6,1084,100,100,0,0,0,40,70,0,4,2,24,3,33,21,0,0,3128,172,0,7,0,974,317,0,14,0,428,1,0,22,0,272,0,0,0,0,176,914,0,29,0,0,26,11,0,0,0,0,0,0,0
4,30,3,43,4,7,0,1.013213,1.015958,1.018718,38,8,1334,100,100,0,0,0,30,52,4,0,2,24,3,41,27,0,0,3128,171,0,9,0,974,350,0,18,0,428,1,0,36,0,272,0,0,0,0,176,1134,0,49,0,0,60,18,2,0,0,2,2,0,0
4,31,0,11,1,15,0,1.017723,1.002956,1.016734,10,7,1209,100,100,0,0,0,0,30,40,30,3,20,1,10,6,0,0,3006,166,0,2,0,989,308,0,4,0,449,1,0,10,0,272,0,0,0,0,177,1023,0,14,0,0,28,5,1,0,0,1,1,0,0
4,31,1,44,1,15,0,1.039104,1.004075,0.99366,44,8,1334,100,100,0,0,0,30,0,72,54,3,20,1,31,30,0,0,3006,178,0,10,0,989,419,0,20,0,449,1,0,36,0,272,0,0,0,0,177,1110,0,46,0,0,63,18,0,0,0,0,0,0,0
4,31,2,25,1,15,0,1.000644,1.009323,1.014782,23,6,1084,100,100,0,0,0,40,72,0,6,2,20,1,23,12,0,0,3006,189,0,4,0,989,321,0,8,0,449,0,0,20,0,272,0,0,0,0,177,911,0,26,0,0,35,10,1,0,0,1,1,0,0
4,31,3,39,1,15,0,1.016413,1.015212,1.018595,38,8,1334,100,100,0,0,0,30,54,6,0,2,20,1,26,21,0,0,3006,201,0,7,0,989,357,0,14,0,449,0,0,34,0,272,0,0,0,0,177,1123,0,43,0,0,76,17,1,0,0,1,1,0,0
4,32,0,10,2,38,0,1.013801,0.987056,1.002275,9,8,1334,100,100,0,0,0,0,30,42,32,3,20,0,9,6,0,0,3024,169,0,2,0,1025,310,0,4,0,509,1,0,4,0,208,5,0,3,0,242,1015,12,23,0,0,13,2,17,0,0,0,0,0,0
4,32,1,25,2,38,0,1.031812,1.005096,0.996194,25,8,1334,100,100,0,0,0,30,0,74,56,3,20,0,24,24,0,0,3024,174,0,8,0,1025,427,0,16,0,509,1,0,6,0,208,1,0,11,0,242,1160,44,14,0,0,66,3,0,0,0,0,0,0,0
4,32,2,21,2,38,0,0.995025,1.014112,1.0152,21,7,1209,100,100,0,0,0,42,74,0,8,2,20,0,14,12,0,0,3024,208,0,4,0,1025,325,0,8,0,509,1,0,6,0,208,0,0,10,0,242,939,40,27,0,0,21,3,17,0,0,0,0,0,0
4,32,3,27,2,38,0,1.024528,1.015887,1.016631,26,8,1334,100,100,0,0,0,32,56,8,0,2,20,0,23,21,0,0,3024,203,0,7,0,1025,364,0,14,0,509,0,0,8,0,208,3,0,11,0,242,1169,44,15,0,0,80,4,0,0,0,0,0,0,0
4,33,0,9,0,9,0,1.014544,0.997063,0.999473,9,8,1334,100,100,0,0,0,0,30,44,34,3,20,3,8,6,0,0,3128,173,0,2,0,1031,312,0,4,0,484,7,0,6,0,270,2,0,3,0,192,1022,12,8,0,0,16,3,0,0,0,0,0,0,0
4,33,1,25,0,9,0,1.031812,1.005096,0.996194,25,8,1334,100,100,0,0,0,30,0,76,58,3,20,3,26,24,0,0,3128,197,0,8,0,1031,435,0,16,0,484,0,0,16,0,270,0,0,1,0,192,1152,4,24,0,0,74,8,0,0,0,0,0,0,0
4,33,2,17,0,9,0,0.98819,1.007197,1.010042,17,7,1209,100,100,0,0,0,44,76,0,10,2,20,3,8,6,0,0,3128,185,0,2,0,1031,327,0,4,0,484,0,0,16,0,270,0,0,2,0,192,965,8,18,0,0,29,8,0,0,0,0,0,0,0
4,33,3,23,0,9,0,1.027217,1.020413,1.013078,23,8,1334,100,100,0,0,0,34,58,10,0,2,20,3,24,18,0,0,3128,170,0,6,0,1031,370,0,12,0,484,0,0,18,0,270,0,0,3,0,192,1214,12,24,0,0,89,9,0,0,0,0,0,0,0
4,34,0,8,1,16,0,1.005464,0.988323,1.006279,8,8,1334,100,100,0,0,0,0,30,46,36,3,20,4,7,6,0,0,3128,178,0,2,0,1043,314,0,4,0,524,7,0,4,0,234,8,0,2,0,215,1024,8,6,0,0,18,2,0,0,0,0,0,0,0
4,34,1,20,1,16,0,1.039238,1.015227,0.990205,19,8,1334,100,100,0,0,0,30,0,78,60,3,20,4,28,21,0,0,3128,165,0,7,0,1043,436,0,14,0,524,0,0,6,0,234,4,0,6,0,215,1187,24,13,0,0,77,3,0,0,0,0,0,0,0
4,34,2,9,1,16,0,1.002372,1.005562,1.018006,9,7,1209,100,100,0,0,0,46,78,0,10,2,20,4,6,6,0,0,3128,166,0,2,0,1043,329,0,4,0,524,1,0,2,0,234,2,0,4,0,215,997,16,4,0,0,30,1,0,0,0,0,0,0,0
4,34,3,22,1,16,0,1.030605,1.020452,1.013885,22,8,1334,100,100,0,0,0,36,60,10,0,2,20,4,23,18,0,0,3128,197,0,6,0,1043,373,0,12,0,524,1,0,6,0,234,5,0,9,0,215,1244,36,12,0,0,92,3,0,0,0,0,0,0,0
4,35,0,8,1,1,0,1.005464,0.988323,1.006279,8,8,1334,100,100,0,0,0,0,30,48,38,3,20,8,8,6,0,0,3176,168,0,2,0,1037,316,0,4,0,524,7,0,4,0,264,10,0,2,0,208,1042,8,6,0,0,20,2,0,0,0,0,0,0,0
4,35,1,20,1,1,0,1.039238,1.015227,0.990205,19,8,1334,100,100,0,0,0,30,0,80,60,3,20,8,31,21,0,0,3176,154,0,7,0,1037,443,0,14,0,524,1,0,4,0,264,0,0,5,0,208,1209,20,13,0,0,78,2,1,0,0,1,1,0,0
4,35,2,8,1,1,0,1.013243,0.999128,1.004148,8,7,1209,100,100,0,0,0,48,80,0,10,2,20,8,7,6,0,0,3176,163,0,2,0,1037,331,0,4,0,524,1,0,2,0,264,0,0,3,0,208,1016,12,4,0,0,31,1,0,0,0,0,0,0,0
4,35,3,23,1,1,0,1.031384,1.022653,1.015181,22,8,1334,100,100,0,0,0,38,60,10,0,2,20,8,22,18,0,0,3176,169,0,6,0,1037,379,0,12,0,524,0,0,10,0,264,0,0,7,0,208,1306,28,16,0,0,97,5,0,0,0,0,0,0,0
4,36,0,8,0,1,0,1.005464,0.988323,1.006279,8,8,1334,100,100,0,0,0,0,30,48,38,3,20,9,8,6,0,0,3104,174,0,2,0,1037,318,0,4,0,516,13,0,4,0,240,10,0,2,0,268,1044,8,6,0,0,22,2,0,0,0,0,0,0,0
4,36,1,20,0,1,0,1.039238,1.015227,0.990205,20,8,1334,100,100,0,0,0,30,0,82,62,3,20,9,34,21,0,0,3104,143,0,7,0,1037,450,0,14,0,516,1,0,12,0,240,0,0,6,0,268,1229,24,19,0,0,84,6,0,0,0,0,0,0,0
4,36,2,7,0,1,0,1.017695,1.007556,1.019147,7,7,1209,100,100,0,0,0,48,82,0,10,2,20,9,7,6,0,0,3104,161,0,2,0,1037,333,0,4,0,516,1,0,0,0,240,7,0,2,0,268,1025,8,2,0,0,31,0,0,0,0,0,0,0,0
4,36,3,23,0,1,0,1.031384,1.022653,1.015181,22,8,1334,100,100,0,0,0,38,62,10,0,2,20,9,22,18,0,0,3104,196,0,6,0,1037,385,0,12,0,516,0,0,6,0,240,5,0,10,0,268,1326,40,14,0,0,99,3,1,0,0,1,1,0,0
4,37,0,8,1,1,0,1.005464,0.988323,1.006279,8,8,1334,100,100,0,0,0,0,30,48,38,3,20,1,11,6,0,0,3160,180,0,2,0,1037,320,0,4,0,499,18,0,4,0,257,11,0,2,0,241,1046,8,6,0,0,24,2,0,0,0,0,0,0,0
4,37,1,21,1,1,0,1.039386,1.015163,0.988316,20,8,1334,100,100,0,0,0,30,0,84,64,3,20,1,42,21,0,0,3160,132,0,7,0,1037,457,0,14,0,499,1,0,12,0,257,0,0,6,0,241,1249,24,19,0,0,90,6,0,0,0,0,0,0,0
4,37,2,7,1,1,0,1.017695,1.007556,1.019147,7,8,1334,100,100,0,0,0,48,84,0,10,2,20,1,9,6,0,0,3160,160,0,2,0,1037,335,0,4,0,499,3,0,4,0,257,8,0,2,0,241,1013,8,23,0,0,16,2,17,0,0,0,0,0,0
4,37,3,22,1,1,0,1.030605,1.020452,1.013885,22,8,1334,100,100,0,0,0,38,64,10,0,2,20,1,22,18,0,0,3160,167,0,6,0,1037,391,0,12,0,499,0,0,18,0,257,0,0,8,0,241,1324,32,24,0,0,108,9,0,0,0,0,0,0,0
4,38,0,8,1,2,0,1.005464,0.988323,1.006279,8,8,1334,100,100,0,0,0,0,30,48,40,3,20,2,13,6,0,0,3120,170,0,2,0,1037,322,0,4,0,535,21,0,4,0,240,10,0,2,0,260,1064,8,6,0,0,26,2,0,0,0,0,0,0,0
4,38,1,19,1,2,0,1.042882,1.013236,0.990175,18,8,1334,100,100,0,0,0,30,0,86,66,3,20,2,43,18,0,0,3120,121,0,6,0,1037,463,0,12,0,535,1,0,0,0,240,6,0,6,0,260,1277,24,8,0,0,89,0,1,0,0,1,1,0,0
4,38,2,7,1,2,0,1.017695,1.007556,1.019147,7,8,1334,100,100,0,0,0,48,86,0,10,2,20,2,11,6,0,0,3120,159,0,2,0,1037,337,0,4,0,535,1,0,4,0,240,7,0,2,0,260,1018,8,6,0,0,18,2,0,0,0,0,0,0,0
4,38,3,23,1,2,0,1.030766,1.022635,1.012036,22,8,1334,100,100,0,0,0,40,66,10,0,2,20,2,24,18,0,0,3120,195,0,6,0,1037,397,0,12,0,535,0,0,0,0,240,9,0,9,0,260,1328,36,6,0,0,108,0,0,0,0,0,0,0,0
4,39,0,9,2,1,0,1.000402,0.999975,1.004462,8,8,1334,100,100,0,0,0,0,30,48,42,3,20,4,15,6,0,0,3160,176,0,2,0,1040,324,0,4,0,490,29,0,4,0,270,8,0,2,0,278,1066,8,6,0,0,28,2,0,0,0,0,0,0,0
4,39,1,18,2,1,0,1.04389,1.018407,0.991182,18,8,1334,100,100,0,0,0,30,0,88,66,3,20,4,46,18,0,0,3160,112,0,6,0,1040,469,0,12,0,490,7,0,10,0,270,1,0,5,0,278,1287,20,16,0,0,94,5,0,0,0,0,0,0,0
4,39,2,8,2,1,0,1.019311,0.999556,1.004542,7,8,1334,100,100,0,0,0,48,88,0,10,2,20,4,13,6,0,0,3160,158,0,2,0,1040,339,0,4,0,490,5,0,4,0,270,5,0,2,0,278,1021,8,6,0,0,20,2,0,0,0,0,0,0,0
4,39,3,23,2,1,0,1.030766,1.022635,1.012036,22,8,1334,100,100,0,0,0,42,66,10,0,2,20,4,23,18,0,0,3160,166,0,6,0,1040,403,0,12,0,490,0,0,18,0,270,1,0,10,0,278,1326,40,26,0,0,116,9,1,0,0,1,1,0,0
4,40,0,9,0,1,0,1.000402,0.999975,1.004462,8,8,1334,100,100,0,0,0,0,30,48,42,3,20,10,15,6,0,0,3112,165,0,2,0,1040,326,0,4,0,512,26,0,6,0,255,13,0,3,0,255,1094,12,8,0,0,31,3,0,0,0,0,0,0,0
4,40,1,18,0,1,0,1.04389,1.018407,0.991182,18,8,1334,100,100,0,0,0,30,0,88,68,3,20,10,49,18,0,0,3112,104,0,6,0,1040,475,0,12,0,512,0,0,10,0,255,5,0,5,0,255,1300,20,16,0,0,99,5,0,0,0,0,0,0,0
4,40,2,7,0,1,0,1.035058,1.002893,0.986574,6,8,1334,100,100,0,0,0,48,88,0,10,2,20,10,9,3,0,0,3112,165,0,1,0,1040,340,0,2,0,512,7,0,6,0,255,2,0,3,0,255,1027,12,9,0,0,22,3,1,0,0,1,1,0,0
4,40,3,23,0,1,0,1.030766,1.022635,1.012036,23,8,1334,100,100,0,0,0,42,68,10,0,2,20,10,21,18,0,0,3112,193,0,6,0,1040,409,0,12,0,512,0,0,18,0,255,0,0,1,0,255,1310,4,24,0,0,125,9,0,0,0,0,0,0,0
1,1,0,52,18,4,0,1.006975,0.999239,1.001503,0,0,334,100,100,0,0,0,0,0,2,2,0,80,2,56,39,0,0,2816,200,0,13,0,932,63,0,26,0,478,0,0,48,0,272,1,0,24,0,157,120,96,79,0,0,15,24,9,0,0,9,9,0,0
1,1,1,56,18,4,0,1.009863,0.999424,0.999733,0,0,334,100,100,0,0,0,0,0,2,2,0,80,2,57,39,0,0,2816,200,0,13,0,932,63,0,26,0,478,5,0,48,0,272,1,0,24,0,157,119,96,79,0,0,15,24,9,0,0,9,9,0,0
1,1,2,52,18,4,0,1.00931,0.999065,1.005732,0,0,334,100,100,0,0,0,2,2,0,0,0,80,2,56,36,0,0,2816,193,0,12,0,932,62,0,24,0,478,3,0,44,0,272,3,0,22,0,157,114,88,74,0,0,13,22,9,0,0,9,9,0,0
1,1,3,54,18,4,0,1.00275,0.995135,1.004078,0,0,334,100,100,0,0,0,2,2,0,0,0,80,2,57,39,0,0,2816,200,0,13,0,932,63,0,26,0,478,6,0,48,0,272,1,0,24,0,157,120,96,79,0,0,15,24,9,0,0,9,9,0,0
1,2,0,56,22,14,0,1.010395,1.000038,1.000242,9,0,334,100,100,0,0,0,0,2,4,4,0,80,0,61,39,0,0,2792,239,0,13,0,973,67,0,26,0,381,1,0,38,0,272,0,0,1,0,144,88,4,69,0,0,25,19,9,0,0,9,9,0,0
1,2,1,56,22,14,0,1.008845,0.998828,1.000389,9,0,334,100,100,0,0,0,2,0,4,4,0,80,0,61,42,0,0,2792,234,0,14,0,973,68,0,28,0,381,1,0,46,0,272,0,0,1,0,144,75,4,78,0,0,29,23,9,0,0,9,9,0,0
1,2,2,56,22,14,0,1.014917,1.002965,1.008014,9,0,334,100,100,0,0,0,4,4,0,2,0,80,0,62,39,0,0,2792,224,0,13,0,973,59,0,26,0,381,0,0,42,0,272,0,0,3,0,144,89,12,73,0,0,25,21,9,0,0,9,9,0,0
1,2,3,54,22,14,0,1.007985,0.999118,1.001551,8,0,334,100,100,0,0,0,4,4,2,0,0,80,0,59,39,0,0,2792,237,0,13,0,973,62,0,26,0,381,1,0,32,0,272,0,0,1,0,144,100,4,63,0,0,22,16,9,0,0,9,9,0,0
1,3,0,56,11,5,0,1.010126,0.99971,0.99938,17,0,334,100,100,0,0,0,0,2,6,6,0,76,17,60,42,0,0,3200,169,0,14,0,908,81,0,28,0,539,1,0,0,0,189,0,0,26,0,119,202,104,32,0,0,16,0,9,0,0,9,9,0,0
1,3,1,58,11,5,0,1.012006,0.997881,1.000562,17,0,334,100,100,0,0,0,2,0,6,6,0,76,17,59,42,0,0,3200,164,0,14,0,908,82,0,28,0,539,1,0,2,0,189,0,0,23,0,119,179,92,34,0,0,21,1,9,0,0,9,9,0,0
1,3,2,58,11,5,0,1.019894,1.0072,1.006699,17,0,334,100,100,0,0,0,6,6,0,2,0,76,17,61,42,0,0,3200,154,0,14,0,908,73,0,28,0,539,0,0,2,0,189,0,0,16,0,119,162,64,34,0,0,17,1,9,0,0,9,9,0,0
1,3,3,56,11,5,0,1.008701,0.99668,1.000063,17,0,334,100,100,0,0,0,6,6,2,0,0,76,17,57,42,0,0,3200,169,0,14,0,908,76,0,28,0,539,0,0,2,0,189,0,0,15,0,119,176,60,34,0,0,14,1,9,0,0,9,9,0,0
1,4,0,60,20,4,0,1.007917,1.002786,0.998417,25,0,334,100,100,0,0,0,0,2,8,8,0,76,6,67,45,0,0,2704,210,0,15,0,911,96,0,30,0,494,1,0,12,0,179,0,0,21,0,149,275,84,45,0,0,13,6,9,0,0,9,9,0,0
1,4,1,63,20,4,0,1.01839,0.998538,1.000747,26,0,334,100,100,0,0,0,2,0,6,8,0,76,6,58,39,0,0,2704,221,0,13,0,911,95,0,26,0,494,1,0,14,0,179,0,0,27,0,149,276,108,45,0,0,19,7,9,0,0,9,9,0,0
1,4,2,61,20,4,0,1.020773,1.005393,1.008495,26,0,334,100,100,0,0,0,8,6,0,2,0,76,6,67,45,0,0,2704,201,0,15,0,911,88,0,30,0,494,1,0,8,0,179,0,0,27,0,149,272,108,41,0,0,12,4,9,0,0,9,9,0,0
1,4,3,60,20,4,0,1.012637,0.993651,0.998938,26,0,334,100,100,0,0,0,8,8,2,0,0,76,6,60,45,0,0,2704,226,0,15,0,911,91,0,30,0,494,1,0,14,0,179,0,0,15,0,149,226,60,47,0,0,12,7,9,0,0,9,9,0,0
1,5,0,57,12,25,1,1.00684,1.00312,0.99669,28,0,334,100,100,0,0,0,0,4,8,10,0,72,5,55,33,0,0,2692,251,0,11,0,899,107,0,22,0,457,0,0,22,0,209,0,0,18,0,227,305,72,51,0,0,15,11,9,0,0,9,9,0,0
1,5,1,60,12,25,1,1.02296,0.995552,0.999866,34,1,459,100,100,0,0,0,4,0,2,10,0,72,5,37,27,0,0,2692,289,0,9,0,899,104,0,18,0,457,0,0,22,0,209,0,0,18,0,227,290,72,66,0,0,4,11,26,0,0,9,9,0,0
1,5,2,58,12,25,1,1.022904,1.011061,1.013558,31,0,334,100,100,0,0,0,8,2,0,2,0,72,5,57,33,0,0,2692,225,0,11,0,899,99,0,22,0,457,1,0,24,0,209,0,0,12,0,227,285,48,53,0,0,15,12,9,0,0,9,9,0,0
1,5,3,56,12,25,1,1.008362,0.994276,1.00071,33,0,334,100,100,0,0,0,10,10,2,0,0,72,5,57,42,0,0,2692,280,0,14,0,899,105,0,28,0,457,0,0,16,0,209,0,0,15,0,227,253,60,48,0,0,11,8,9,0,0,9,9,0,0
1,6,0,56,5,14,0,1.009278,1.005766,0.995528,35,0,334,100,100,0,0,0,0,4,10,12,0,72,11,45,36,0,0,3200,182,0,12,0,944,119,0,24,0,540,0,0,0,0,172,0,0,25,0,9,304,100,30,0,0,6,0,9,0,0,9,9,0,0
1,6,1,50,5,14,0,1.011292,0.99455,1.008291,42,1,459,100,100,0,0,0,4,0,4,12,0,72,11,37,27,0,0,3200,220,0,9,0,944,113,0,18,0,540,0,0,2,0,172,0,0,22,0,9,430,88,19,0,0,1,1,4,0,0,4,4,0,0
1,6,2,59,5,14,0,1.023261,1.009072,1.012243,40,0,334,100,100,0,0,0,10,4,0,2,0,72,11,37,30,0,0,3200,157,0,10,0,944,109,0,20,0,540,1,0,0,0,172,0,0,29,0,9,306,116,28,0,0,6,0,9,0,0,9,9,0,0
1,6,3,57,5,14,0,1.008044,0.994309,0.998935,41,0,334,100,100,0,0,0,12,12,2,0,0,72,11,49,39,0,0,3200,211,0,13,0,944,118,0,26,0,540,0,0,2,0,172,0,0,24,0,9,307,96,29,0,0,5,1,7,0,0,7,7,0,0
1,7,0,51,2,22,1,1.017126,1.00365,0.994917,44,0,334,100,100,0,0,0,0,4,6,14,0,68,0,36,30,0,0,2872,220,0,10,0,965,129,0,20,0,473,1,0,16,0,209,0,0,16,0,118,318,64,32,0,0,11,8,3,0,0,3,3,0,0
1,7,1,47,2,22,1,1.011358,0.98947,1.009544,43,1,459,100,100,0,0,0,4,0,4,14,0,68,0,32,27,0,0,2872,161,0,9,0,965,122,0,18,0,473,1,0,14,0,209,0,0,17,0,118,446,68,27,0,0,6,7,2,0,0,2,2,0,0
1,7,2,49,2,22,1,1.015682,1.002411,1.014563,43,0,334,100,100,0,0,0,6,4,0,2,0,68,0,29,24,0,0,2872,170,0,8,0,965,117,0,16,0,473,0,0,20,0,209,0,0,10,0,118,318,40,34,0,0,13,10,3,0,0,3,3,0,0
1,7,3,55,2,22,1,1.009001,0.991297,0.999319,45,0,334,100,100,0,0,0,14,14,2,0,0,68,0,47,39,0,0,2872,261,0,13,0,965,131,0,26,0,473,0,0,16,0,209,0,0,12,0,118,311,48,39,0,0,8,8,5,0,0,5,5,0,0
1,8,0,41,7,42,2,1.010056,1.005663,0.998407,40,1,459,100,100,0,0,0,0,4,0,10,0,68,1,28,21,0,0,3048,162,0,7,0,984,136,0,14,0,484,1,0,20,0,242,0,0,10,0,73,308,40,44,0,0,4,10,17,0,0,0,0,0,0
1,8,1,38,7,42,2,1.002763,0.986778,1.009368,37,1,459,100,100,0,0,0,4,0,4,16,0,68,1,31,21,0,0,3048,195,0,7,0,984,129,0,14,0,484,0,0,12,0,242,0,0,5,0,73,446,20,21,0,0,11,6,1,0,0,1,1,0,0
1,8,2,37,7,42,2,1.017618,1.006261,1.011622,34,1,459,100,100,0,0,0,0,4,0,2,0,68,1,31,21,0,0,3048,178,0,7,0,984,124,0,14,0,484,0,0,12,0,242,0,0,6,0,73,306,24,38,0,0,1,6,18,0,0,1,1,0,0
1,8,3,51,7,42,2,1.008228,0.990531,1.001237,46,0,334,100,100,0,0,0,10,16,2,0,0,68,1,47,36,0,0,3048,194,0,12,0,984,142,0,24,0,484,0,0,16,0,242,0,0,8,0,73,318,32,30,0,0,15,8,1,0,0,1,1,0,0
1,9,0,36,12,15,0,1.013956,1.004477,1.00315,33,1,459,100,100,0,0,0,0,6,2,12,0,64,2,26,18,0,0,2881,179,0,6,0,994,137,0,12,0,534,0,0,2,0,204,0,0,16,0,182,389,64,10,0,0,4,1,1,0,0,1,1,0,0
1,9,1,38,12,15,0,1.005091,0.98766,1.013377,36,1,459,100,100,0,0,0,6,0,6,18,0,64,2,26,18,0,0,2881,231,0,6,0,994,135,0,12,0,534,0,0,4,0,204,0,0,19,0,182,453,76,10,0,0,13,2,0,0,0,0,0,0,0
1,9,2,37,12,15,0,1.020693,1.012661,1.014027,33,1,459,100,100,0,0,0,2,6,0,4,0,64,2,32,21,0,0,2881,198,0,7,0,994,131,0,14,0,534,1,0,2,0,204,0,0,15,0,182,378,60,9,0,0,2,1,0,0,0,0,0,0,0
1,9,3,53,12,15,0,1.006242,0.994547,1.006255,45,0,334,100,100,0,0,0,12,18,4,0,0,64,2,47,33,0,0,2881,243,0,11,0,994,153,0,22,0,534,0,0,2,0,204,0,0,18,0,182,319,72,17,0,0,14,1,2,0,0,2,2,0,0
1,10,0,34,5,7,0,1.015043,1.002791,1.001418,31,1,459,100,100,0,0,0,0,6,4,14,0,64,4,25,18,0,0,3064,193,0,6,0,989,143,0,12,0,544,0,0,0,0,188,6,0,18,0,94,451,72,8,0,0,3,0,1,0,0,1,1,0,0
1,10,1,35,5,7,0,1.007295,0.989473,1.015279,34,1,459,100,100,0,0,0,6,0,8,20,1,64,4,22,18,0,0,3064,187,0,6,0,989,141,0,12,0,544,0,0,0,0,188,0,0,18,0,94,451,72,8,0,0,12,0,1,0,0,1,1,0,0
1,10,2,40,5,7,0,1.018856,1.016004,1.011232,33,1,459,100,100,0,0,0,4,8,0,4,0,64,4,36,27,0,0,3064,224,0,9,0,989,140,0,18,0,544,1,0,0,0,188,2,0,19,0,94,446,76,13,0,0,0,0,2,0,0,2,2,0,0
1,10,3,53,5,7,0,1.005301,0.991878,1.007536,46,0,334,100,100,0,0,0,14,20,4,0,1,64,4,40,33,0,0,3064,179,0,11,0,989,164,0,22,0,544,0,0,0,0,188,0,0,21,0,94,317,84,17,0,0,11,0,3,0,0,3,3,0,0
1,11,0,30,2,14,1,1.01276,1.003364,0.999043,29,1,459,100,100,0,0,0,0,6,6,16,0,60,4,24,18,0,0,2969,209,0,6,0,995,146,0,12,0,504,1,0,12,0,247,0,0,6,0,141,449,24,20,0,0,8,6,1,0,0,1,1,0,0
1,11,1,33,2,14,1,1.007167,0.991609,1.023317,32,1,459,100,100,0,0,0,6,0,4,20,1,60,4,23,18,0,0,2969,193,0,6,0,995,147,0,12,0,504,1,0,4,0,247,0,0,6,0,141,453,24,10,0,0,14,2,0,0,0,0,0,0,0
1,11,2,40,2,14,1,1.015555,1.015693,1.011251,35,1,459,100,100,0,0,0,6,4,0,4,0,60,4,35,27,0,0,2969,175,0,9,0,995,149,0,18,0,504,0,0,18,0,247,0,0,3,0,141,432,12,31,0,0,7,9,2,0,0,2,2,0,0
1,11,3,47,2,14,1,1.004758,0.994004,1.002646,46,0,334,100,100,0,0,0,16,20,4,0,1,60,4,42,33,0,0,2969,235,0,11,0,995,172,0,22,0,504,0,0,2,0,247,0,0,18,0,141,321,72,15,0,0,11,1,1,0,0,1,1,0,0
1,12,0,31,6,6,0,1.009663,0.999314,1.002053,29,2,584,100,100,0,0,0,0,6,8,18,0,60,3,21,15,0,0,3080,174,0,5,0,992,151,0,10,0,472,0,0,18,0,272,0,0,0,0,133,419,0,40,0,0,0,9,17,0,0,0,0,0,0
1,12,1,31,6,6,0,1.006375,0.990712,1.02196,29,2,584,100,100,0,0,0,6,0,6,22,1,60,3,24,18,0,0,3080,202,0,6,0,992,153,0,12,0,472,0,0,22,0,272,0,0,0,0,133,412,0,47,0,0,7,11,18,0,0,1,1,0,0
1,12,2,40,6,6,0,1.017865,1.016605,1.012647,37,1,459,100,100,0,0,0,8,6,0,4,0,60,3,36,27,0,0,3080,198,0,9,0,992,158,0,18,0,472,1,0,14,0,272,0,0,0,0,133,434,0,25,0,0,13,7,1,0,0,1,1,0,0
1,12,3,48,6,6,0,1.003371,0.995901,1.002988,47,1,459,100,100,0,0,0,18,22,4,0,1,60,3,41,33,0,0,3080,177,0,11,0,992,183,0,22,0,472,1,0,18,0,272,0,0,0,0,133,288,0,46,0,0,3,9,17,0,0,0,0,0,0
1,13,0,28,8,17,0,1.011818,0.994359,0.999756,26,2,584,100,100,0,0,0,0,8,10,20,1,56,2,17,12,0,0,2968,187,0,4,0,1013,153,0,8,0,519,0,0,8,0,207,0,0,12,0,180,475,48,14,0,0,3,4,1,0,0,1,1,0,0
1,13,1,33,8,17,0,1.007974,1.000483,1.013459,30,2,584,100,100,0,0,0,8,0,8,24,1,56,2,26,18,0,0,2968,165,0,6,0,1013,157,0,12,0,519,1,0,4,0,207,2,0,14,0,180,499,56,10,0,0,9,2,0,0,0,0,0,0,0
1,13,2,37,8,17,0,1.010663,1.018806,1.013693,33,1,459,100,100,0,0,0,10,8,0,6,0,56,2,30,21,0,0,2968,215,0,7,0,1013,163,0,14,0,519,0,0,8,0,207,0,0,10,0,180,450,40,17,0,0,16,4,1,0,0,1,1,0,0
1,13,3,43,8,17,0,1.003006,0.988799,1.002744,41,1,459,100,100,0,0,0,20,24,6,0,2,56,2,32,24,0,0,2968,233,0,8,0,1013,191,0,16,0,519,0,0,6,0,207,0,0,15,0,180,361,60,14,0,0,6,3,0,0,0,0,0,0,0
1,14,0,23,5,15,0,1.012607,0.987098,0.993465,22,2,584,100,100,0,0,0,0,8,12,22,1,56,4,13,9,0,0,3104,204,0,3,0,1007,156,0,6,0,516,0,0,4,0,239,0,0,6,0,83,507,24,7,0,0,5,2,0,0,0,0,0,0,0
1,14,1,31,5,15,0,1.007264,0.992772,1.020071,30,2,584,100,100,0,0,0,8,0,10,26,1,56,4,26,18,0,0,3104,174,0,6,0,1007,163,0,12,0,516,0,0,10,0,239,0,0,13,0,83,559,52,16,0,0,14,5,0,0,0,0,0,0,0
1,14,2,37,5,15,0,1.00816,1.015311,1.009118,33,2,584,100,100,0,0,0,12,10,0,8,0,56,4,31,24,0,0,3104,170,0,8,0,1007,171,0,16,0,516,0,0,8,0,239,0,0,9,0,83,432,36,35,0,0,2,4,18,0,0,1,1,0,0
1,14,3,40,5,15,0,1.002554,0.991313,1.007111,38,1,459,100,100,0,0,0,22,26,8,0,2,56,4,32,24,0,0,3104,182,0,8,0,1007,199,0,16,0,516,1,0,6,0,239,0,0,5,0,83,449,20,16,0,0,8,3,1,0,0,1,1,0,0
1,15,0,20,6,17,2,1.012194,0.983524,0.992516,19,2,584,100,100,0,0,0,0,8,12,22,1,52,3,13,9,0,0,3008,178,0,3,0,1019,159,0,6,0,500,1,0,4,0,265,0,0,2,0,197,533,8,7,0,0,7,2,0,0,0,0,0,0,0
1,15,1,29,6,17,2,1.008667,0.997968,1.007793,25,3,709,100,100,0,0,0,8,0,0,26,1,52,3,25,15,0,0,3008,186,0,5,0,1019,168,0,10,0,500,0,0,10,0,265,0,0,2,0,197,552,8,34,0,0,1,5,18,0,0,1,1,0,0
1,15,2,32,6,17,2,1.002759,1.006061,1.015967,30,2,584,100,100,0,0,0,12,0,0,6,0,52,3,26,18,0,0,3008,175,0,6,0,1019,177,0,12,0,500,1,0,12,0,265,0,0,1,0,197,441,4,20,0,0,7,6,1,0,0,1,1,0,0
1,15,3,39,6,17,2,1.004316,0.990077,1.008072,37,1,459,100,100,0,0,0,22,26,6,0,2,52,3,23,18,0,0,3008,224,0,6,0,1019,202,0,12,0,500,1,0,10,0,265,0,0,2,0,197,443,8,18,0,0,12,5,1,0,0,1,1,0,0
1,16,0,19,1,6,0,1.017784,0.982872,0.988968,18,2,584,100,100,0,0,0,0,8,14,24,1,52,1,12,9,0,0,3064,195,0,3,0,1030,162,0,6,0,486,1,0,6,0,252,0,0,9,0,150,573,36,11,0,0,9,3,1,0,0,1,1,0,0
1,16,1,29,1,6,0,1.009433,0.995831,1.008664,26,3,709,100,100,0,0,0,8,0,2,28,1,52,1,22,18,0,0,3064,199,0,6,0,1030,171,0,12,0,486,0,0,18,0,252,0,0,7,0,150,575,28,26,0,0,9,9,1,0,0,1,1,0,0
1,16,2,31,1,6,0,1.001378,1.00722,1.016081,30,2,584,100,100,0,0,0,14,2,0,8,0,52,1,24,18,0,0,3064,185,0,6,0,1030,181,0,12,0,486,1,0,18,0,252,0,0,4,0,150,461,16,26,0,0,15,9,1,0,0,1,1,0,0
1,16,3,36,1,6,0,1.003662,0.987825,1.01007,35,2,584,100,100,0,0,0,24,28,8,0,2,52,1,26,21,0,0,3064,178,0,7,0,1030,206,0,14,0,486,0,0,14,0,252,0,0,0,0,150,419,0,40,0,0,1,7,18,0,0,1,1,0,0
1,17,0,17,1,14,0,1.010712,0.983009,0.998698,16,2,584,100,100,0,0,0,0,8,16,26,1,48,3,14,9,0,0,3064,173,0,3,0,1028,162,0,6,0,525,0,0,12,0,230,0,0,3,0,198,573,12,15,0,0,15,6,0,0,0,0,0,0,0
1,17,1,26,1,14,0,1.0052,1.000318,1.007021,25,3,709,100,100,0,0,0,8,0,4,30,1,48,3,21,18,0,0,3064,164,0,6,0,1028,174,0,12,0,525,1,0,4,0,230,0,0,11,0,198,637,44,12,0,0,10,2,1,0,0,1,1,0,0
1,17,2,27,1,14,0,1.00642,1.01268,1.01886,27,3,709,100,100,0,0,0,16,4,0,8,0,48,3,20,15,0,0,3064,189,0,5,0,1028,186,0,10,0,525,0,0,4,0,230,1,0,14,0,198,511,56,26,0,0,0,2,17,0,0,0,0,0,0
1,17,3,32,1,14,0,1.005211,0.996758,1.012178,32,2,584,100,100,0,0,0,26,30,8,0,2,48,3,22,18,0,0,3064,224,0,6,0,1028,212,0,12,0,525,0,0,0,0,230,0,0,10,0,198,485,40,6,0,0,1,0,0,0,0,0,0,0,0
1,18,0,17,3,9,0,1.01546,0.98627,0.994005,16,3,709,100,100,0,0,0,0,8,18,28,1,48,15,12,9,0,0,3096,177,0,3,0,1043,165,0,6,0,484,4,0,14,0,272,0,0,0,0,168,550,0,34,0,0,5,7,17,0,0,0,0,0,0
1,18,1,26,3,9,0,1.005303,0.998863,1.015119,24,4,834,100,100,0,0,0,8,0,6,32,1,48,15,19,15,0,0,3096,181,0,5,0,1043,179,0,10,0,484,1,0,16,0,272,0,0,0,0,168,614,0,38,0,0,1,8,17,0,0,0,0,0,0
1,18,2,25,3,9,0,1.012439,1.008038,1.020657,25,3,709,100,100,0,0,0,18,6,0,8,0,48,15,18,12,0,0,3096,190,0,4,0,1043,190,0,8,0,484,1,0,20,0,272,0,0,1,0,168,512,4,24,0,0,10,10,0,0,0,0,0,0,0
1,18,3,28,3,9,0,1.002071,0.996431,1.011686,28,2,584,100,100,0,0,0,28,32,8,0,2,48,15,16,12,0,0,3096,188,0,4,0,1043,213,0,8,0,484,1,0,4,0,272,0,0,0,0,168,561,0,8,0,0,3,2,0,0,0,0,0,0,0
1,19,0,17,1,12,0,1.017002,0.986844,0.991009,15,3,709,100,100,0,0,0,0,8,20,30,2,44,0,17,12,0,0,3030,180,0,4,0,1040,166,0,8,0,494,5,0,14,0,271,0,0,0,0,218,542,0,20,0,0,11,7,1,0,0,1,1,0,0
1,19,1,24,1,12,0,1.0073,1.00112,1.011713,23,4,834,100,100,0,0,0,8,0,8,34,1,44,0,20,15,0,0,3030,198,0,5,0,1040,184,0,10,0,494,0,0,14,0,271,0,0,1,0,218,615,4,21,0,0,7,7,1,0,0,1,1,0,0
1,19,2,23,1,12,0,1.010124,1.012751,1.016147,23,3,709,100,100,0,0,0,20,8,0,10,1,44,0,17,12,0,0,3030,201,0,4,0,1040,194,0,8,0,494,0,0,14,0,271,0,0,0,0,218,520,0,18,0,0,17,7,0,0,0,0,0,0,0
1,19,3,21,1,12,0,1.010329,1.000868,1.012406,21,2,584,100,100,0,0,0,30,34,10,0,2,44,0,13,12,0,0,3030,214,0,4,0,1040,217,0,8,0,494,1,0,0,0,271,0,0,0,0,218,580,0,4,0,0,3,0,0,0,0,0,0,0,0
1,20,0,19,4,7,0,1.020147,0.983818,0.992173,16,3,709,100,100,0,0,0,0,8,22,32,2,44,7,20,12,0,0,3176,183,0,4,0,1043,170,0,8,0,515,3,0,14,0,262,0,0,3,0,115,546,12,20,0,0,17,7,1,0,0,1,1,0,0
1,20,1,24,4,7,0,1.0073,1.00112,1.011713,24,4,834,100,100,0,0,0,8,0,8,36,1,44,7,19,15,0,0,3176,169,0,5,0,1043,186,0,10,0,515,0,0,10,0,262,0,0,5,0,115,671,20,15,0,0,12,5,0,0,0,0,0,0,0
1,20,2,20,4,7,0,1.021243,1.01844,1.013554,19,3,709,100,100,0,0,0,22,8,0,10,1,44,7,10,6,0,0,3176,176,0,2,0,1043,196,0,4,0,515,1,0,6,0,262,0,0,2,0,115,573,8,8,0,0,20,3,0,0,0,0,0,0,0
1,20,3,19,4,7,0,1.013421,0.997346,1.003874,18,2,584,100,100,0,0,0,32,36,10,0,2,44,7,15,12,0,0,3176,189,0,4,0,1043,221,0,8,0,515,1,0,0,0,262,0,0,0,0,115,580,0,4,0,0,3,0,0,0,0,0,0,0,0
1,21,0,19,4,5,0,1.020147,0.983818,0.992173,17,3,709,100,100,0,0,0,0,8,24,34,2,40,2,20,12,0,0,3104,192,0,4,0,1048,174,0,8,0,512,1,0,14,0,256,0,0,6,0,226,553,24,20,0,0,23,7,1,0,0,1,1,0,0
1,21,1,25,4,5,0,1.009134,1.001171,1.017965,24,4,834,100,100,0,0,0,8,0,10,36,1,40,2,22,15,0,0,3104,188,0,5,0,1048,189,0,10,0,512,0,0,12,0,256,0,0,6,0,226,687,24,17,0,0,18,6,0,0,0,0,0,0,0
1,21,2,17,4,5,0,1.011032,1.019906,1.024682,15,3,709,100,100,0,0,0,24,10,0,10,1,40,2,8,3,0,0,3104,171,0,1,0,1048,197,0,2,0,512,1,0,8,0,256,0,0,4,0,226,589,16,9,0,0,24,4,0,0,0,0,0,0,0
1,21,3,20,4,5,0,1.009191,0.991892,1.003862,18,2,584,100,100,0,0,0,34,36,10,0,2,40,2,17,12,0,0,3104,166,0,4,0,1048,225,0,8,0,512,1,0,0,0,256,0,0,0,0,226,578,0,6,0,0,2,0,1,0,0,1,1,0,0
1,22,0,20,7,6,0,1.015876,0.978679,0.995903,17,3,709,100,100,0,0,0,0,8,26,34,2,40,7,20,12,0,0,3080,169,0,4,0,1046,178,0,8,0,495,3,0,16,0,272,0,0,0,0,282,531,0,22,0,0,30,8,1,0,0,1,1,0,0
1,22,1,28,7,6,0,1.0146,0.997211,1.021267,24,4,834,100,100,0,0,0,8,0,10,38,1,40,7,23,15,0,0,3080,198,0,5,0,1046,194,0,10,0,495,0,0,18,0,272,0,0,0,0,282,671,0,25,0,0,26,9,1,0,0,1,1,0,0
1,22,2,15,7,6,0,1.021911,1.008887,1.022323,13,3,709,100,100,0,0,0,26,10,0,10,1,40,7,7,3,0,0,3080,169,0,1,0,1046,198,0,2,0,495,0,0,10,0,272,0,0,0,0,282,587,0,11,0,0,29,5,0,0,0,0,0,0,0
1,22,3,19,7,6,0,1.013075,0.993184,1.00482,18,2,584,100,100,0,0,0,34,38,10,0,2,40,7,15,12,0,0,3080,206,0,4,0,1046,229,0,8,0,495,1,0,4,0,272,0,0,0,0,282,568,0,10,0,0,3,2,1,0,0,1,1,0,0
1,23,0,20,2,9,0,1.021844,0.983732,0.991236,17,3,709,100,100,0,0,0,0,8,28,34,2,36,2,20,12,0,0,3144,177,0,4,0,1049,182,0,8,0,511,0,0,8,0,270,0,0,0,0,210,526,0,14,0,0,33,4,1,0,0,1,1,0,0
1,23,1,25,2,9,0,1.014063,0.999013,1.016741,24,4,834,100,100,0,0,0,8,0,12,40,1,36,2,16,15,0,0,3144,165,0,5,0,1049,199,0,10,0,511,0,0,18,0,270,0,0,2,0,210,685,8,25,0,0,34,9,1,0,0,1,1,0,0
1,23,2,12,2,9,0,1.021143,1.016093,1.023536,10,3,709,100,100,0,0,0,28,12,0,10,1,36,2,7,6,0,0,3144,176,0,2,0,1049,197,0,4,0,511,0,0,2,0,270,0,0,0,0,210,593,0,6,0,0,29,1,1,0,0,1,1,0,0
1,23,3,18,2,9,0,1.00753,0.98866,1.004864,17,2,584,100,100,0,0,0,34,40,10,0,2,36,2,11,9,0,0,3144,184,0,3,0,1049,232,0,6,0,511,0,0,6,0,270,0,0,0,0,210,575,0,9,0,0,6,3,0,0,0,0,0,0,0
1,24,0,22,5,11,0,1.022393,0.978282,0.994298,18,3,709,100,100,0,0,0,0,8,30,36,2,36,1,19,12,0,0,3064,185,0,4,0,1055,186,0,8,0,519,0,0,8,0,269,0,0,1,0,234,537,4,14,0,0,36,4,1,0,0,1,1,0,0
1,24,1,19,5,11,0,1.014043,1.001621,1.015851,17,4,834,100,100,0,0,0,8,0,12,42,1,36,1,13,9,0,0,3064,169,0,3,0,1055,202,0,6,0,519,0,0,8,0,269,0,0,1,0,234,696,4,11,0,0,38,4,0,0,0,0,0,0,0
1,24,2,11,5,11,0,1.024523,1.016515,1.018117,10,3,709,100,100,0,0,0,30,12,0,10,1,36,1,8,6,0,0,3064,186,0,2,0,1055,196,0,4,0,519,0,0,4,0,269,0,0,1,0,234,598,4,8,0,0,30,2,1,0,0,1,1,0,0
1,24,3,17,5,11,0,1.006131,0.987913,1.002921,15,2,584,100,100,0,0,0,36,42,10,0,2,36,1,12,9,0,0,3064,211,0,3,0,1055,235,0,6,0,519,0,0,0,0,269,0,0,0,0,234,579,0,5,0,0,5,0,1,0,0,1,1,0,0
1,25,0,21,1,4,0,1.020779,0.982017,0.999812,18,3,709,100,100,0,0,0,0,8,32,38,2,32,4,15,12,0,0,3128,199,0,4,0,1053,190,0,8,0,529,1,0,8,0,251,0,0,3,0,189,551,12,16,0,0,38,4,2,0,0,2,2,0,0
1,25,1,19,1,4,0,1.014043,1.001621,1.015851,17,5,959,100,100,0,0,0,8,0,14,44,1,32,4,11,9,0,0,3128,179,0,3,0,1053,205,0,6,0,529,1,0,2,0,251,0,0,9,0,189,725,36,24,0,0,21,1,18,0,0,1,1,0,0
1,25,2,11,1,4,0,1.031496,1.019476,1.011789,10,4,834,100,100,0,0,0,32,14,0,10,1,32,4,10,6,0,0,3128,173,0,2,0,1053,198,0,4,0,529,1,0,2,0,251,0,0,3,0,189,598,12,21,0,0,14,1,17,0,0,0,0,0,0
1,25,3,15,1,4,0,1.009114,0.989537,1.004428,15,2,584,100,100,0,0,0,38,44,10,0,2,32,4,13,9,0,0,3128,191,0,3,0,1053,237,0,6,0,529,0,0,0,0,251,0,0,3,0,189,581,12,3,0,0,5,0,0,0,0,0,0,0,0
1,26,0,18,4,9,0,1.015347,0.975817,0.99422,17,4,834,100,100,0,0,0,0,8,34,40,2,32,3,13,9,0,0,3152,175,0,3,0,1052,193,0,6,0,542,1,0,0,0,245,2,0,10,0,169,622,40,20,0,0,21,0,17,0,0,0,0,0,0
1,26,1,16,4,9,0,1.009092,1.00048,1.008903,15,5,959,100,100,0,0,0,8,0,16,46,1,32,3,12,9,0,0,3152,189,0,3,0,1052,208,0,6,0,542,1,0,0,0,245,0,0,6,0,169,761,24,3,0,0,21,0,0,0,0,0,0,0,0
1,26,2,11,4,9,0,1.0223,1.016962,1.019948,9,4,834,100,100,0,0,0,34,16,0,10,1,32,3,12,6,0,0,3152,176,0,2,0,1052,200,0,4,0,542,1,0,0,0,245,4,0,5,0,169,623,20,4,0,0,13,0,1,0,0,1,1,0,0
1,26,3,16,4,9,0,1.010926,0.98661,1.004352,15,2,584,100,100,0,0,0,40,46,10,0,2,32,3,14,9,0,0,3152,173,0,3,0,1052,240,0,6,0,542,0,0,2,0,245,0,0,0,0,169,579,0,5,0,0,6,1,0,0,0,0,0,0,0
1,27,0,16,3,3,0,1.016297,0.983024,0.997655,14,4,834,100,100,0,0,0,0,8,34,42,2,28,1,13,9,0,0,3112,170,0,3,0,1052,196,0,6,0,540,0,0,2,0,251,3,0,8,0,211,665,32,7,0,0,21,1,1,0,0,1,1,0,0
1,27,1,16,3,3,0,1.009092,1.00048,1.008903,15,6,1084,100,100,0,0,0,8,0,16,48,1,28,1,12,9,0,0,3112,170,0,3,0,1052,211,0,6,0,540,0,0,2,0,251,0,0,4,0,211,803,16,24,0,0,4,1,18,0,0,1,1,0,0
1,27,2,12,3,3,0,1.021967,1.017555,1.023424,10,4,834,100,100,0,0,0,34,16,0,10,1,28,1,14,6,0,0,3112,179,0,2,0,1052,202,0,4,0,540,1,0,2,0,251,4,0,5,0,211,646,20,6,0,0,13,1,1,0,0,1,1,0,0
1,27,3,17,3,3,0,1.009671,0.976858,1.007299,15,2,584,100,100,0,0,0,42,48,10,0,2,28,1,17,12,0,0,3112,209,0,4,0,1052,244,0,8,0,540,0,0,0,0,251,0,0,3,0,211,578,12,6,0,0,5,0,1,0,0,1,1,0,0
1,28,0,16,3,5,0,1.013923,0.984688,0.999885,14,4,834,100,100,0,0,0,0,8,34,44,2,28,12,15,12,0,0,3160,166,0,4,0,1043,200,0,8,0,523,1,0,8,0,272,0,0,3,0,294,666,12,14,0,0,24,4,1,0,0,1,1,0,0
1,28,1,14,3,5,0,1.023367,1.007363,1.003785,13,6,1084,100,100,0,0,0,8,0,18,48,1,28,12,13,9,0,0,3160,175,0,3,0,1043,214,0,6,0,523,0,0,6,0,272,0,0,0,0,294,797,0,9,0,0,7,3,0,0,0,0,0,0,0
1,28,2,12,3,5,0,1.009995,1.007533,1.033393,10,4,834,100,100,0,0,0,34,18,0,10,1,28,12,14,9,0,0,3160,164,0,3,0,1043,205,0,6,0,523,1,0,6,0,272,0,0,4,0,294,651,16,11,0,0,15,3,1,0,0,1,1,0,0
1,28,3,17,3,5,0,1.009671,0.976858,1.007299,16,2,584,100,100,0,0,0,44,48,10,0,2,28,12,16,15,0,0,3160,187,0,5,0,1043,249,0,10,0,523,0,0,0,0,272,0,0,0,0,294,571,0,7,0,0,4,0,1,0,0,1,1,0,0
1,29,0,17,4,3,0,1.013917,0.985756,0.99626,15,4,834,100,100,0,0,0,0,8,34,46,2,24,0,20,15,0,0,3144,161,0,5,0,1040,205,0,10,0,532,0,0,4,0,260,0,0,6,0,194,694,24,11,0,0,25,2,1,0,0,1,1,0,0
1,29,1,13,4,3,0,1.022473,1.008708,1.00323,11,6,1084,100,100,0,0,0,8,0,18,50,1,24,0,7,3,0,0,3144,192,0,1,0,1040,215,0,2,0,532,1,0,2,0,260,0,0,2,0,194,815,8,5,0,0,7,1,1,0,0,1,1,0,0
1,29,2,13,4,3,0,1.013541,1.011291,1.033389,10,4,834,100,100,0,0,0,34,18,0,10,1,24,0,17,9,0,0,3144,157,0,3,0,1040,208,0,6,0,532,0,0,4,0,260,0,0,4,0,194,672,16,9,0,0,16,2,1,0,0,1,1,0,0
1,29,3,17,4,3,0,1.009671,0.976858,1.007299,17,2,584,100,100,0,0,0,46,50,10,0,2,24,0,20,15,0,0,3144,165,0,5,0,1040,254,0,10,0,532,1,0,2,0,260,0,0,0,0,194,577,0,7,0,0,5,1,0,0,0,0,0,0,0
1,30,0,15,1,6,0,1.01558,0.990078,0.998433,14,4,834,100,100,0,0,0,0,10,34,46,2,24,2,18,12,0,0,3112,148,0,4,0,1049,209,0,8,0,523,0,0,6,0,263,0,0,3,0,246,703,12,12,0,0,27,3,1,0,0,1,1,0,0
1,30,1,10,1,6,0,1.022202,1.012119,1.009887,9,6,1084,100,100,0,0,0,10,0,20,52,2,24,2,2,0,0,0,3112,179,0,0,0,1049,215,0,0,0,523,1,0,6,0,263,0,0,0,0,246,839,0,6,0,0,10,3,0,0,0,0,0,0,0
1,30,2,13,1,6,0,1.013541,1.011291,1.033389,11,4,834,100,100,0,0,0,34,20,0,10,2,24,2,18,9,0,0,3112,157,0,3,0,1049,211,0,6,0,523,1,0,8,0,263,0,0,3,0,246,677,12,13,0,0,19,4,1,0,0,1,1,0,0
1,30,3,17,1,6,0,1.009671,0.976858,1.007299,17,2,584,100,100,0,0,0,46,52,10,0,2,24,2,23,15,0,0,3112,199,0,5,0,1049,259,0,10,0,523,1,0,0,0,263,0,0,3,0,246,579,12,5,0,0,5,0,0,0,0,0,0,0,0
1,31,0,15,0,5,0,1.01558,0.990078,0.998433,15,4,834,100,100,0,0,0,0,10,36,48,2,20,4,18,12,0,0,3176,137,0,4,0,1052,213,0,8,0,514,0,0,12,0,272,0,0,0,0,175,705,0,16,0,0,33,6,0,0,0,0,0,0,0
1,31,1,6,0,5,0,1.058078,1.008367,0.988857,6,6,1084,100,100,0,0,0,10,0,22,52,2,20,4,0,0,0,0,3176,169,0,0,0,1052,215,0,0,0,514,1,0,0,0,272,0,0,0,0,175,869,0,0,0,0,10,0,0,0,0,0,0,0,0
1,31,2,13,0,5,0,1.013541,1.011291,1.033389,12,4,834,100,100,0,0,0,36,22,0,10,2,20,4,18,9,0,0,3176,157,0,3,0,1052,214,0,6,0,514,6,0,10,0,272,0,0,0,0,175,671,0,15,0,0,23,5,1,0,0,1,1,0,0
1,31,3,16,0,5,0,1.009749,0.974433,1.008671,16,2,584,100,100,0,0,0,48,52,10,0,2,20,4,26,15,0,0,3176,177,0,5,0,1052,264,0,10,0,514,0,0,4,0,272,0,0,0,0,175,575,0,9,0,0,7,2,0,0,0,0,0,0,0
1,32,0,15,1,1,0,1.01558,0.990078,0.998433,15,4,834,100,100,0,0,0,0,10,38,48,2,20,5,18,12,0,0,3120,126,0,4,0,1075,211,0,8,0,523,0,0,6,0,270,0,0,0,0,289,695,0,10,0,0,36,3,0,0,0,0,0,0,0
1,32,1,5,1,1,0,1.078814,1.017157,0.99751,5,6,1084,100,100,0,0,0,10,0,22,54,2,20,5,1,0,0,0,3120,171,0,0,0,1075,215,0,0,0,523,1,0,0,0,270,0,0,2,0,289,888,8,0,0,0,10,0,0,0,0,0,0,0,0
1,32,2,14,1,1,0,1.014446,1.003678,1.030643,13,4,834,100,100,0,0,0,38,22,0,10,2,20,5,17,9,0,0,3120,157,0,3,0,1075,208,0,6,0,523,8,0,10,0,270,0,0,0,0,289,658,0,13,0,0,28,5,0,0,0,0,0,0,0
1,32,3,16,1,1,0,1.009749,0.974433,1.008671,16,2,584,100,100,0,0,0,48,54,10,0,2,20,5,28,15,0,0,3120,204,0,5,0,1075,261,0,10,0,523,1,0,2,0,270,0,0,0,0,289,568,0,7,0,0,8,1,0,0,0,0,0,0,0
1,33,0,16,1,1,0,1.015167,0.996118,0.997781,15,5,959,100,100,0,0,0,0,10,40,50,2,20,3,19,12,0,0,3176,115,0,4,0,1049,215,0,8,0,541,1,0,0,0,256,1,0,7,0,235,720,28,21,0,0,19,0,17,0,0,0,0,0,0
1,33,1,4,1,1,0,1.067029,0.990225,0.998091,4,6,1084,100,100,0,0,0,10,0,24,56,2,20,3,2,0,0,0,3176,166,0,0,0,1049,215,0,0,0,541,1,0,0,0,256,0,0,3,0,235,906,12,0,0,0,10,0,0,0,0,0,0,0,0
1,33,2,14,1,1,0,1.014446,1.003678,1.030643,13,4,834,100,100,0,0,0,40,24,0,12,2,20,3,19,12,0,0,3176,155,0,4,0,1049,212,0,8,0,541,0,0,8,0,256,0,0,5,0,235,673,20,14,0,0,31,4,1,0,0,1,1,0,0
1,33,3,16,1,1,0,1.009749,0.974433,1.008671,16,2,584,100,100,0,0,0,50,56,12,0,2,20,3,31,15,0,0,3176,183,0,5,0,1049,266,0,10,0,541,1,0,2,0,256,0,0,0,0,235,577,0,7,0,0,9,1,0,0,0,0,0,0,0
1,34,0,16,0,4,0,1.015167,0.996118,0.997781,15,5,959,100,100,0,0,0,0,10,40,52,2,20,5,19,12,0,0,3168,111,0,4,0,1049,219,0,8,0,531,0,0,8,0,266,0,0,1,0,209,728,4,14,0,0,22,4,1,0,0,1,1,0,0
1,34,1,3,0,4,0,1.086562,0.981749,1.002336,3,6,1084,100,100,0,0,0,10,0,24,58,2,20,5,1,0,0,0,3168,162,0,0,0,1049,215,0,0,0,531,1,0,0,0,266,0,0,2,0,209,920,8,0,0,0,10,0,0,0,0,0,0,0,0
1,34,2,14,0,4,0,1.014446,1.003678,1.030643,14,4,834,100,100,0,0,0,40,24,0,12,2,20,5,21,12,0,0,3168,153,0,4,0,1049,216,0,8,0,531,0,0,6,0,266,0,0,1,0,209,676,4,10,0,0,34,3,0,0,0,0,0,0,0
1,34,3,13,0,4,0,1.00572,0.978807,1.027187,13,2,584,100,100,0,0,0,52,58,12,0,2,20,5,35,15,0,0,3168,162,0,5,0,1049,271,0,10,0,531,1,0,0,0,266,0,0,3,0,209,579,12,5,0,0,9,0,0,0,0,0,0,0,0
1,35,0,16,2,1,0,1.015963,0.989109,0.995088,15,5,959,100,100,0,0,0,0,10,40,54,2,20,4,15,9,0,0,3144,108,0,3,0,1049,222,0,6,0,530,1,0,2,0,254,1,0,8,0,267,770,32,5,0,0,23,1,0,0,0,0,0,0,0
1,35,1,3,2,1,0,1.086562,0.981749,1.002336,3,6,1084,100,100,0,0,0,10,0,24,58,2,20,4,0,0,0,0,3144,159,0,0,0,1049,215,0,0,0,530,1,0,2,0,254,0,0,0,0,267,921,0,2,0,0,11,1,0,0,0,0,0,0,0
1,35,2,14,2,1,0,1.014446,1.003678,1.030643,14,4,834,100,100,0,0,0,40,24,0,12,2,20,4,23,12,0,0,3144,151,0,4,0,1049,220,0,8,0,530,1,0,8,0,254,1,0,5,0,267,690,20,12,0,0,38,4,0,0,0,0,0,0,0
1,35,3,14,2,1,0,1.005413,0.975603,1.022462,13,2,584,100,100,0,0,0,54,58,12,0,2,20,4,43,15,0,0,3144,168,0,5,0,1049,276,0,10,0,530,1,0,0,0,254,0,0,3,0,267,579,12,5,0,0,9,0,0,0,0,0,0,0,0
1,36,0,16,1,2,0,1.021506,0.990726,0.993243,14,5,959,100,100,0,0,0,0,10,42,56,2,20,3,12,9,0,0,3136,105,0,3,0,1052,225,0,6,0,511,0,0,12,0,272,0,0,1,0,258,775,4,17,0,0,28,6,1,0,0,1,1,0,0
1,36,1,2,1,2,0,1.066366,0.997408,0.989457,2,6,1084,100,100,0,0,0,10,0,24,60,2,20,3,0,0,0,0,3136,156,0,0,0,1052,215,0,0,0,511,2,0,2,0,272,0,0,0,0,258,922,0,2,0,0,12,1,0,0,0,0,0,0,0
1,36,2,14,1,2,0,1.014446,1.003678,1.030643,14,4,834,100,100,0,0,0,42,24,0,12,2,20,3,25,12,0,0,3136,149,0,4,0,1052,224,0,8,0,511,4,0,10,0,272,0,0,1,0,258,689,4,14,0,0,43,5,0,0,0,0,0,0,0
1,36,3,14,1,2,0,1.005413,0.975603,1.022462,13,2,584,100,100,0,0,0,56,60,12,0,2,20,3,47,15,0,0,3136,181,0,5,0,1052,281,0,10,0,511,0,0,4,0,272,0,0,0,0,258,573,0,11,0,0,10,2,1,0,0,1,1,0,0
1,37,0,15,2,1,0,1.022018,0.989919,0.996909,14,5,959,100,100,0,0,0,0,10,44,58,2,20,4,12,12,0,0,3168,101,0,4,0,1049,229,0,8,0,532,1,0,4,0,262,0,0,4,0,229,796,16,10,0,0,29,2,1,0,0,1,1,0,0
1,37,1,2,2,1,0,1.066366,0.997408,0.989457,2,6,1084,100,100,0,0,0,10,0,24,62,2,20,4,1,0,0,0,3168,154,0,0,0,1049,215,0,0,0,532,1,0,2,0,262,1,0,1,0,229,927,4,2,0,0,13,1,0,0,0,0,0,0,0
1,37,2,15,2,1,0,1.021641,1.006049,1.03911,14,4,834,100,100,0,0,0,44,24,0,12,2,20,4,28,12,0,0,3168,147,0,4,0,1049,228,0,8,0,532,1,0,8,0,262,0,0,2,0,229,694,8,12,0,0,47,4,0,0,0,0,0,0,0
1,37,3,15,2,1,0,1.003246,0.981001,1.022853,14,2,584,100,100,0,0,0,58,62,12,0,2,20,4,53,15,0,0,3168,162,0,5,0,1049,286,0,10,0,532,1,0,0,0,262,0,0,2,0,229,579,8,5,0,0,10,0,0,0,0,0,0,0,0
1,38,0,15,2,3,0,1.023926,0.986014,0.996129,14,6,1084,100,100,0,0,0,0,12,46,60,2,20,2,16,12,0,0,3144,90,0,4,0,1052,230,0,8,0,526,1,0,6,0,257,0,0,6,0,255,808,24,27,0,0,15,3,17,0,0,0,0,0,0
1,38,1,1,2,3,0,1.064514,1.063502,0.956076,1,6,1084,100,100,0,0,0,12,0,24,64,2,20,2,1,0,0,0,3144,152,0,0,0,1052,215,0,0,0,526,1,0,0,0,257,0,0,1,0,255,934,4,0,0,0,13,0,0,0,0,0,0,0,0
1,38,2,16,2,3,0,1.025189,1.00735,1.041882,14,5,959,100,100,0,0,0,46,24,0,12,2,20,2,30,12,0,0,3144,144,0,4,0,1052,232,0,8,0,526,1,0,6,0,257,3,0,6,0,255,701,24,29,0,0,32,3,18,0,0,1,1,0,0
1,38,3,14,2,3,0,1.003375,0.984363,1.027269,13,2,584,100,100,0,0,0,60,64,12,0,2,20,2,58,15,0,0,3144,166,0,5,0,1052,291,0,10,0,526,0,0,4,0,257,0,0,0,0,255,573,0,11,0,0,11,2,1,0,0,1,1,0,0
1,39,0,15,1,1,0,1.023926,0.986014,0.996129,14,6,1084,100,100,0,0,0,0,12,48,62,2,20,10,16,12,0,0,3152,79,0,4,0,1049,234,0,8,0,534,0,0,4,0,268,0,0,2,0,252,824,8,10,0,0,16,2,1,0,0,1,1,0,0
1,39,1,1,1,1,0,1.064514,1.063502,0.956076,1,6,1084,100,100,0,0,0,12,0,24,66,2,20,10,1,0,0,0,3152,151,0,0,0,1049,215,0,0,0,534,1,0,0,0,268,0,0,0,0,252,937,0,0,0,0,13,0,0,0,0,0,0,0,0
1,39,2,16,1,1,0,1.025189,1.00735,1.041882,15,5,959,100,100,0,0,0,48,24,0,12,2,20,10,29,12,0,0,3152,140,0,4,0,1049,236,0,8,0,534,0,0,8,0,268,0,0,3,0,252,711,12,14,0,0,35,4,1,0,0,1,1,0,0
1,39,3,14,1,1,0,1.013209,0.988019,1.020243,13,2,584,100,100,0,0,0,62,66,12,0,2,20,10,62,15,0,0,3152,163,0,5,0,1049,296,0,10,0,534,0,0,0,0,268,0,0,2,0,252,579,8,5,0,0,11,0,0,0,0,0,0,0,0
1,40,0,15,3,1,0,1.023926,0.986014,0.996129,15,6,1084,100,100,0,0,0,0,14,50,64,2,20,6,18,12,0,0,3160,68,0,4,0,1049,238,0,8,0,519,0,0,6,0,263,0,0,6,0,252,856,24,10,0,0,19,3,0,0,0,0,0,0,0
1,40,1,1,3,1,0,1.064514,1.063502,0.956076,1,6,1084,100,100,0,0,0,14,0,26,68,2,20,6,1,0,0,0,3160,150,0,0,0,1049,215,0,0,0,519,1,0,0,0,263,0,0,0,0,252,940,0,0,0,0,13,0,0,0,0,0,0,0,0
1,40,2,17,3,1,0,1.027582,1.002946,1.037454,16,5,959,100,100,0,0,0,50,26,0,12,2,20,6,29,12,0,0,3160,136,0,4,0,1049,240,0,8,0,519,1,0,12,0,263,0,0,3,0,252,719,12,16,0,0,41,6,0,0,0,0,0,0,0
1,40,3,15,3,1,0,1.011397,0.97255,1.020317,12,2,584,100,100,0,0,0,64,68,12,0,2,20,6,67,15,0,0,3160,160,0,5,0,1049,301,0,10,0,519,0,0,6,0,263,0,0,0,0,252,571,0,13,0,0,13,3,1,0,0,1,1,0,0
6,1,0,51,16,8,0,1.003398,0.997017,1.005016,0,0,334,100,100,0,0,0,0,0,2,2,0,80,18,56,39,0,0,2816,200,0,13,0,932,63,0,26,0,482,1,0,48,0,261,2,0,24,0,156,120,96,79,0,0,15,24,9,0,0,9,9,0,0
6,1,1,51,16,8,0,1.004065,0.998261,1.00782,0,0,334,100,100,0,0,0,0,0,2,2,0,80,18,53,39,0,0,2816,200,0,13,0,932,63,0,26,0,482,0,0,42,0,261,1,0,24,0,156,126,96,73,0,0,12,21,9,0,0,9,9,0,0
6,1,2,55,16,8,0,1.003476,0.99072,1.003466,0,0,334,100,100,0,0,0,2,2,0,0,0,80,18,54,39,0,0,2816,200,0,13,0,932,63,0,26,0,482,0,0,48,0,261,3,0,24,0,156,120,96,79,0,0,15,24,9,0,0,9,9,0,0
6,1,3,51,16,8,0,1.005939,0.994624,1.003929,0,0,334,100,100,0,0,0,2,2,0,0,0,80,18,55,39,0,0,2816,200,0,13,0,932,63,0,26,0,482,1,0,46,0,261,1,0,24,0,156,122,96,77,0,0,14,23,9,0,0,9,9,0,0
6,2,0,53,13,3,0,1.003963,0.998862,1.005691,9,0,334,100,100,0,0,0,0,0,4,4,0,80,7,62,39,0,0,2854,223,0,13,0,920,76,0,26,0,498,1,0,12,0,272,0,0,2,0,114,130,8,43,0,0,12,6,9,0,0,9,9,0,0
6,2,1,55,13,3,0,1.004976,0.998896,1.010504,9,0,334,100,100,0,0,0,0,0,4,4,0,80,7,62,42,0,0,2854,214,0,14,0,920,74,0,28,0,498,0,0,10,0,272,0,0,1,0,114,137,4,42,0,0,8,5,9,0,0,9,9,0,0
6,2,2,57,13,3,0,1.00348,0.988751,1.003011,8,0,334,100,100,0,0,0,4,4,0,0,0,80,7,66,51,0,0,2854,187,0,17,0,920,80,0,34,0,498,0,0,12,0,272,0,0,3,0,114,131,12,47,0,0,12,6,9,0,0,9,9,0,0
6,2,3,53,13,3,0,1.008272,0.991256,1.003419,9,0,334,100,100,0,0,0,4,4,0,0,0,80,7,63,39,0,0,2854,235,0,13,0,920,76,0,26,0,498,1,0,12,0,272,0,0,1,0,114,127,4,43,0,0,11,6,9,0,0,9,9,0,0
6,3,0,51,13,31,0,1.004542,0.999298,1.003426,17,0,334,100,100,0,0,0,0,0,6,6,0,76,14,65,42,0,0,2992,156,0,14,0,905,90,0,28,0,420,0,0,24,0,257,0,0,3,0,27,177,12,56,0,0,15,12,9,0,0,9,9,0,0
6,3,1,46,13,31,0,1.011969,0.99344,1.019897,13,0,334,100,100,0,0,0,0,0,6,4,0,76,14,66,48,0,0,2992,247,0,16,0,905,90,0,32,0,420,0,0,18,0,257,0,0,0,0,27,111,0,50,0,0,9,9,8,0,0,8,8,0,0
6,3,2,51,13,31,0,1.011807,0.984793,0.998444,12,0,334,100,100,0,0,0,6,6,0,0,0,76,14,77,54,0,0,2992,208,0,18,0,905,98,0,36,0,420,1,0,8,0,257,0,0,3,0,27,132,12,44,0,0,7,4,9,0,0,9,9,0,0
6,3,3,52,13,31,0,1.0131,0.989215,1.002065,15,0,334,100,100,0,0,0,6,4,0,0,0,76,14,61,39,0,0,2992,169,0,13,0,905,89,0,26,0,420,0,0,10,0,257,0,0,8,0,27,219,32,41,0,0,7,5,9,0,0,9,9,0,0
6,4,0,53,12,3,0,1.011134,0.998627,1.005713,25,0,334,100,100,0,0,0,0,0,8,8,0,76,20,67,39,0,0,2856,188,0,13,0,905,103,0,26,0,541,0,0,0,0,206,0,0,22,0,105,276,88,31,0,0,6,0,9,0,0,9,9,0,0
6,4,1,47,12,3,0,1.015819,0.991494,1.022492,20,0,334,100,100,0,0,0,0,0,8,4,0,76,20,75,45,0,0,2856,186,0,15,0,905,105,0,30,0,541,1,0,2,0,206,0,0,12,0,105,201,48,33,0,0,2,1,8,0,0,8,8,0,0
6,4,2,53,12,3,0,1.016105,0.984417,0.998533,21,0,334,100,100,0,0,0,8,8,0,0,0,76,20,95,54,0,0,2856,251,0,18,0,905,116,0,36,0,541,1,0,0,0,206,0,0,11,0,105,180,44,32,0,0,0,0,7,0,0,7,7,0,0
6,4,3,56,12,3,0,1.011632,0.98864,1.002206,24,0,334,100,100,0,0,0,8,4,0,0,0,76,20,64,39,0,0,2856,232,0,13,0,905,102,0,26,0,541,0,0,0,0,206,0,0,21,0,105,307,84,27,0,0,0,0,7,0,0,7,7,0,0
6,5,0,57,13,1,0,1.012879,1.00065,1.003948,34,0,334,100,100,0,0,0,0,0,10,10,0,72,2,70,39,0,0,2984,226,0,13,0,904,114,0,26,0,502,1,0,10,0,261,0,0,5,0,36,297,20,41,0,0,2,5,9,0,0,9,9,0,0
6,5,1,48,13,1,0,1.018671,0.994144,1.02562,28,0,334,100,100,0,0,0,0,0,10,6,0,72,2,89,45,0,0,2984,236,0,15,0,904,120,0,30,0,502,1,0,8,0,261,0,0,0,0,36,190,0,35,0,0,0,4,6,0,0,6,6,0,0
6,5,2,58,13,1,0,1.014456,0.984847,1.000375,28,0,334,100,100,0,0,0,10,10,0,0,0,72,2,117,60,0,0,2984,178,0,20,0,904,136,0,40,0,502,1,0,6,0,261,0,0,3,0,36,260,12,32,0,0,0,3,3,0,0,3,3,0,0
6,5,3,58,13,1,0,1.013011,0.987356,1.002071,31,0,334,100,100,0,0,0,10,6,0,0,0,72,2,60,39,0,0,2984,163,0,13,0,904,115,0,26,0,502,1,0,16,0,261,0,0,3,0,36,293,12,45,0,0,0,8,8,0,0,8,8,0,0
6,6,0,61,14,3,0,1.01549,1.002711,1.004421,43,0,334,100,100,0,0,0,0,0,10,12,0,72,15,71,45,0,0,2936,154,0,15,0,890,129,0,30,0,467,1,0,24,0,272,0,0,0,0,66,281,0,53,0,0,7,12,7,0,0,7,7,0,0
6,6,1,52,14,3,0,1.023632,0.992482,1.025759,34,0,334,100,100,0,0,0,0,0,12,6,0,72,15,98,45,0,0,2936,173,0,15,0,890,135,0,30,0,467,1,0,18,0,272,0,0,0,0,66,218,0,47,0,0,2,9,7,0,0,7,7,0,0
6,6,2,61,14,3,0,1.017031,0.9851,0.998944,31,0,334,100,100,0,0,0,10,12,0,0,0,72,15,139,66,0,0,2936,226,0,22,0,890,158,0,44,0,467,1,0,12,0,272,0,0,0,0,66,250,0,46,0,0,0,6,6,0,0,6,6,0,0
6,6,3,58,14,3,0,1.014675,0.98499,0.998365,36,0,334,100,100,0,0,0,12,6,0,0,0,72,15,57,42,0,0,2936,219,0,14,0,890,129,0,28,0,467,1,0,20,0,272,0,0,0,0,66,282,0,52,0,0,1,10,9,0,0,9,9,0,0
6,7,0,63,17,5,0,1.019396,1.004422,1.005018,49,0,334,100,100,0,0,0,0,0,12,14,0,68,3,69,45,0,0,2727,182,0,15,0,881,144,0,30,0,481,1,0,22,0,212,0,0,19,0,110,307,76,49,0,0,12,11,6,0,0,6,6,0,0
6,7,1,55,17,5,0,1.02516,0.989391,1.024455,41,0,334,100,100,0,0,0,0,0,14,8,0,68,3,107,48,0,0,2727,234,0,16,0,881,151,0,32,0,481,1,0,8,0,212,0,0,17,0,110,287,68,36,0,0,0,4,6,0,0,6,6,0,0
6,7,2,65,17,5,0,1.020588,0.983229,0.998539,36,0,334,100,100,0,0,0,12,14,0,2,0,68,3,166,72,0,0,2727,244,0,24,0,881,182,0,48,0,481,0,0,10,0,212,0,0,12,0,110,300,48,44,0,0,0,5,5,0,0,5,5,0,0
6,7,3,61,17,5,0,1.015089,0.985632,0.998972,44,0,334,100,100,0,0,0,14,8,2,0,0,68,3,59,42,0,0,2727,252,0,14,0,881,143,0,28,0,481,1,0,24,0,212,0,0,12,0,110,306,48,50,0,0,7,12,6,0,0,6,6,0,0
6,8,0,68,18,9,0,1.023669,1.002905,1.005872,55,0,334,100,100,0,0,0,0,2,14,16,0,68,0,74,51,0,0,3096,206,0,17,0,857,161,0,34,0,404,0,0,48,0,272,0,0,0,0,12,261,0,73,0,0,32,24,4,0,0,4,4,0,0
6,8,1,60,18,9,0,1.030954,0.987623,1.02389,47,0,334,100,100,0,0,0,2,0,16,10,0,68,0,121,51,0,0,3096,162,0,17,0,857,168,0,34,0,404,1,0,30,0,272,0,0,0,0,12,279,0,55,0,0,11,15,4,0,0,4,4,0,0
6,8,2,64,18,9,0,1.020074,0.986442,0.995711,37,0,334,100,100,0,0,0,14,16,0,4,0,68,0,200,84,0,0,3096,151,0,28,0,857,207,0,56,0,404,0,0,24,0,272,0,0,0,0,12,264,0,70,0,0,3,12,9,0,0,9,9,0,0
6,8,3,61,18,9,0,1.016186,0.984487,0.998584,48,0,334,100,100,0,0,0,16,10,4,0,0,68,0,60,48,0,0,3096,175,0,16,0,857,159,0,32,0,404,0,0,34,0,272,0,0,0,0,12,274,0,60,0,0,19,17,5,0,0,5,5,0,0
6,9,0,67,14,14,3,1.019848,1.003342,1.003818,56,1,459,100,100,0,0,0,0,4,8,16,0,64,0,72,51,0,0,2736,241,0,17,0,839,178,0,34,0,500,0,0,16,0,195,0,0,20,0,126,292,80,58,0,0,19,8,21,0,0,4,4,0,0
6,9,1,64,14,14,3,1.031075,0.988411,1.024061,50,0,334,100,100,0,0,0,4,0,10,6,0,64,0,130,51,0,0,2736,229,0,17,0,839,185,0,34,0,500,0,0,12,0,195,0,0,11,0,126,309,44,37,0,0,13,6,4,0,0,4,4,0,0
6,9,2,62,14,14,3,1.019796,0.988672,0.996969,43,0,334,100,100,0,0,0,8,10,0,0,0,64,0,232,78,0,0,2736,165,0,26,0,839,233,0,52,0,500,0,0,4,0,195,0,0,20,0,126,298,80,40,0,0,0,2,5,0,0,5,5,0,0
6,9,3,60,14,14,3,1.007102,0.988534,0.99849,49,1,459,100,100,0,0,0,16,6,0,0,0,64,0,61,48,0,0,2736,186,0,16,0,839,175,0,32,0,500,1,0,12,0,195,0,0,20,0,126,293,80,53,0,0,4,6,21,0,0,4,4,0,0
6,10,0,71,21,4,0,1.021687,1.003341,1.004333,60,1,459,100,100,0,0,0,0,4,10,18,0,64,1,74,54,0,0,2856,156,0,18,0,858,192,0,36,0,410,1,0,44,0,270,0,0,2,0,122,283,8,70,0,0,37,22,4,0,0,4,4,0,0
6,10,1,71,21,4,0,1.033507,0.984561,1.022932,54,1,459,100,100,0,0,0,4,0,12,8,0,64,1,145,63,0,0,2856,296,0,21,0,858,199,0,42,0,410,0,0,28,0,270,0,0,0,0,122,258,0,76,0,0,5,14,22,0,0,5,5,0,0
6,10,2,64,21,4,0,1.018776,0.988787,0.999869,48,0,334,100,100,0,0,0,10,12,0,0,0,64,1,263,78,0,0,2856,181,0,26,0,858,255,0,52,0,410,1,0,22,0,270,0,0,0,0,122,274,0,60,0,0,5,11,6,0,0,6,6,0,0
6,10,3,64,21,4,0,1.008513,0.984973,0.998721,51,1,459,100,100,0,0,0,18,8,0,0,0,64,1,68,54,0,0,2856,188,0,18,0,858,189,0,36,0,410,0,0,30,0,270,0,0,0,0,122,287,0,56,0,0,15,15,4,0,0,4,4,0,0
6,11,0,72,17,11,1,1.027228,1.003385,1.007458,62,2,584,100,100,0,0,0,0,6,12,18,1,60,1,72,57,0,0,2872,186,0,19,0,821,211,0,38,0,527,1,0,6,0,177,4,0,28,0,45,385,112,48,0,0,20,3,20,0,0,3,3,0,0
6,11,1,72,17,11,1,1.035234,0.985334,1.024233,58,1,459,100,100,0,0,0,6,0,14,4,0,60,1,157,66,0,0,2872,203,0,22,0,821,221,0,44,0,527,0,0,4,0,177,0,0,23,0,45,425,92,36,0,0,2,2,5,0,0,5,5,0,0
6,11,2,66,17,11,1,1.02109,0.987704,0.998825,52,0,334,100,100,0,0,0,12,14,0,0,0,60,1,285,72,0,0,2872,213,0,24,0,821,279,0,48,0,527,1,0,4,0,177,0,0,12,0,45,300,48,38,0,0,2,2,5,0,0,5,5,0,0
6,11,3,66,17,11,1,1.009815,0.983835,1.000184,53,1,459,100,100,0,0,0,18,4,0,0,1,60,1,86,66,0,0,2872,190,0,22,0,821,211,0,44,0,527,1,0,2,0,177,0,0,25,0,45,399,100,34,0,0,11,1,5,0,0,5,5,0,0
6,12,0,65,13,21,1,1.019877,0.996822,1.005025,57,2,584,100,100,0,0,0,0,6,8,18,1,60,1,68,48,0,0,2664,226,0,16,0,965,200,0,32,0,470,1,0,24,0,212,1,0,25,0,131,466,100,46,0,0,29,12,3,0,0,3,3,0,0
6,12,1,74,13,21,1,1.03979,0.984415,1.021044,62,1,459,100,100,0,0,0,6,0,16,6,0,60,1,159,60,0,0,2664,279,0,20,0,965,205,0,40,0,470,0,0,16,0,212,0,0,16,0,131,431,64,44,0,0,6,8,4,0,0,4,4,0,0
6,12,2,64,13,21,1,1.023648,0.987509,0.999112,52,0,334,100,100,0,0,0,8,16,0,2,0,60,1,295,66,0,0,2664,253,0,22,0,965,262,0,44,0,470,0,0,12,0,212,0,0,12,0,131,304,48,42,0,0,4,6,4,0,0,4,4,0,0
6,12,3,65,13,21,1,1.008614,0.980348,1.000358,55,2,584,100,100,0,0,0,18,6,2,0,1,60,1,95,63,0,0,2664,207,0,21,0,965,190,0,42,0,470,1,0,20,0,212,0,0,10,0,131,411,40,66,0,0,0,10,21,0,0,4,4,0,0
6,13,0,60,15,34,0,1.020734,0.990919,1.008578,51,2,584,100,100,0,0,0,0,8,10,20,1,56,3,63,51,0,0,2960,280,0,17,0,839,217,0,34,0,464,0,0,20,0,246,0,0,3,0,70,458,12,43,0,0,36,10,3,0,0,3,3,0,0
6,13,1,68,15,34,0,1.044354,0.978606,1.020389,58,1,459,100,100,0,0,0,8,0,18,8,0,56,3,157,60,0,0,2960,185,0,20,0,839,225,0,40,0,464,1,0,8,0,246,0,0,4,0,70,431,16,34,0,0,7,4,3,0,0,3,3,0,0
6,13,2,62,15,34,0,1.030499,0.984366,0.997098,51,0,334,100,100,0,0,0,10,18,0,2,0,56,3,311,69,0,0,2960,166,0,23,0,839,285,0,46,0,464,0,0,10,0,246,0,0,2,0,70,295,8,41,0,0,5,5,4,0,0,4,4,0,0
6,13,3,59,15,34,0,1.004541,0.984263,1.005515,51,2,584,100,100,0,0,0,20,8,2,0,1,56,3,108,63,0,0,2960,225,0,21,0,839,211,0,42,0,464,0,0,12,0,246,0,0,2,0,70,423,8,39,0,0,3,6,3,0,0,3,3,0,0
6,14,0,61,12,5,0,1.020417,0.991006,1.010537,54,2,584,100,100,0,0,0,0,8,12,22,1,56,2,70,57,0,0,2760,201,0,19,0,836,236,0,38,0,490,1,0,16,0,272,0,0,0,0,95,470,0,41,0,0,41,8,3,0,0,3,3,0,0
6,14,1,70,12,5,0,1.049699,0.979691,1.022628,57,1,459,100,100,0,0,0,8,0,20,10,1,56,2,160,57,0,0,2760,266,0,19,0,836,244,0,38,0,490,0,0,8,0,272,0,0,0,0,95,424,0,35,0,0,7,4,4,0,0,4,4,0,0
6,14,2,64,12,5,0,1.028874,0.987301,0.996467,54,0,334,100,100,0,0,0,12,20,0,4,1,56,2,329,69,0,0,2760,217,0,23,0,836,288,0,46,0,490,1,0,14,0,272,0,0,0,0,95,289,0,45,0,0,8,7,4,0,0,4,4,0,0
6,14,3,61,12,5,0,1.00538,0.984288,1.004456,54,2,584,100,100,0,0,0,22,10,4,0,1,56,2,130,66,0,0,2760,256,0,22,0,836,233,0,44,0,490,1,0,14,0,272,0,0,0,0,95,431,0,42,0,0,7,7,3,0,0,3,3,0,0
6,15,0,62,10,5,0,1.02297,0.989332,1.008338,54,2,584,100,100,0,0,0,0,10,14,24,1,52,3,78,57,0,0,2920,257,0,19,0,830,255,0,38,0,457,0,0,40,0,272,0,0,0,0,129,431,0,63,0,0,59,20,2,0,0,2,2,0,0
6,15,1,72,10,5,0,1.051084,0.97928,1.022842,61,1,459,100,100,0,0,0,10,0,22,12,1,52,3,165,63,0,0,2920,175,0,21,0,830,265,0,42,0,457,1,0,14,0,272,0,0,0,0,129,414,0,45,0,0,9,7,5,0,0,5,5,0,0
6,15,2,65,10,5,0,1.031326,0.987115,0.995962,58,0,334,100,100,0,0,0,14,22,0,4,1,52,3,334,72,0,0,2920,273,0,24,0,830,286,0,48,0,457,0,0,16,0,272,0,0,0,0,129,275,0,46,0,0,13,8,3,0,0,3,3,0,0
6,15,3,62,10,5,0,1.004772,0.982618,1.003814,57,2,584,100,100,0,0,0,24,12,4,0,1,52,3,144,66,0,0,2920,173,0,22,0,830,255,0,44,0,457,1,0,18,0,272,0,0,0,0,129,434,0,44,0,0,14,9,2,0,0,2,2,0,0
6,16,0,62,3,8,0,1.027109,0.989376,1.007428,54,2,584,100,100,0,0,0,0,10,16,26,1,52,16,78,57,0,0,2904,176,0,19,0,815,274,0,38,0,485,1,0,22,0,244,0,0,7,0,42,487,28,47,0,0,67,11,3,0,0,3,3,0,0
6,16,1,71,3,8,0,1.051797,0.980976,1.024444,64,1,459,100,100,0,0,0,10,0,24,14,1,52,16,162,63,0,0,2904,266,0,21,0,815,286,0,42,0,485,0,0,16,0,244,0,0,8,0,42,430,32,43,0,0,14,8,3,0,0,3,3,0,0
6,16,2,65,3,8,0,1.031326,0.987115,0.995962,61,1,459,100,100,0,0,0,16,24,0,4,1,52,16,334,78,0,0,2904,182,0,26,0,815,282,0,52,0,485,0,0,12,0,244,0,0,3,0,42,279,12,59,0,0,0,6,19,0,0,2,2,0,0
6,16,3,58,3,8,0,1.003603,0.98209,1.00219,55,2,584,100,100,0,0,0,26,14,4,0,1,52,16,161,69,0,0,2904,168,0,23,0,815,278,0,46,0,485,0,0,10,0,244,0,0,10,0,42,487,40,37,0,0,17,5,2,0,0,2,2,0,0
6,17,0,66,13,25,0,1.027953,0.991106,1.007422,57,2,584,100,100,0,0,0,0,12,18,28,1,48,1,88,60,0,0,2847,230,0,20,0,818,294,0,40,0,496,0,0,16,0,253,0,0,6,0,177,475,24,42,0,0,72,8,3,0,0,3,3,0,0
6,17,1,50,13,25,0,1.045919,0.981054,1.024618,44,2,584,100,100,0,0,0,12,0,26,16,1,48,1,164,63,0,0,2847,174,0,21,0,818,307,0,42,0,496,0,0,12,0,253,0,0,7,0,177,417,28,54,0,0,1,6,19,0,0,2,2,0,0
6,17,2,66,13,25,0,1.031128,0.987735,0.995443,63,1,459,100,100,0,0,0,18,26,0,6,1,48,1,358,78,0,0,2847,235,0,26,0,818,308,0,52,0,496,1,0,14,0,253,0,0,0,0,177,255,0,42,0,0,6,7,1,0,0,1,1,0,0
6,17,3,62,13,25,0,1.003881,0.984362,1.001324,56,3,709,100,100,0,0,0,28,16,6,0,1,48,1,185,69,0,0,2847,160,0,23,0,818,301,0,46,0,496,0,0,6,0,253,0,0,6,0,177,484,24,48,0,0,2,3,18,0,0,1,1,0,0
6,18,0,67,11,12,0,1.030721,0.991876,1.007886,57,3,709,100,100,0,0,0,0,14,20,30,2,48,3,91,57,0,0,2864,273,0,19,0,815,313,0,38,0,511,1,0,14,0,194,6,0,27,0,117,542,108,56,0,0,59,7,20,0,0,3,3,0,0
6,18,1,53,11,12,0,1.04934,0.979132,1.026543,45,2,584,100,100,0,0,0,14,0,28,18,1,48,3,189,63,0,0,2864,199,0,21,0,815,328,0,42,0,511,1,0,2,0,194,5,0,19,0,117,487,76,27,0,0,0,1,2,0,0,2,2,0,0
6,18,2,67,11,12,0,1.033002,0.986072,0.996249,63,1,459,100,100,0,0,0,20,28,0,8,2,48,3,377,75,0,0,2864,144,0,25,0,815,333,0,50,0,511,1,0,6,0,194,0,0,9,0,117,333,36,33,0,0,8,3,1,0,0,1,1,0,0
6,18,3,56,11,12,0,1.004763,0.98307,0.9917,50,3,709,100,100,0,0,0,30,18,8,0,1,48,3,184,51,0,0,2864,169,0,17,0,815,318,0,34,0,511,1,0,8,0,194,0,0,12,0,117,555,48,31,0,0,3,4,3,0,0,3,3,0,0
6,19,0,64,6,7,0,1.028185,0.993536,1.010416,55,3,709,100,100,0,0,0,0,14,22,32,2,44,1,87,54,0,0,2865,188,0,18,0,836,331,0,36,0,455,0,0,38,0,272,0,0,6,0,96,565,24,64,0,0,74,19,4,0,0,4,4,0,0
6,19,1,53,6,7,0,1.049675,0.98061,1.026356,45,2,584,100,100,0,0,0,14,0,30,20,2,44,1,212,66,0,0,2865,212,0,22,0,836,350,0,44,0,455,1,0,20,0,272,0,0,5,0,96,483,20,48,0,0,7,10,3,0,0,3,3,0,0
6,19,2,69,6,7,0,1.033503,0.986844,0.995203,64,1,459,100,100,0,0,0,22,30,0,8,2,44,1,399,78,0,0,2865,202,0,26,0,836,359,0,52,0,455,1,0,14,0,272,0,0,0,0,96,340,0,44,0,0,13,7,2,0,0,2,2,0,0
6,19,3,56,6,7,0,1.004763,0.98307,0.9917,53,3,709,100,100,0,0,0,32,20,8,0,2,44,1,188,51,0,0,2865,184,0,17,0,836,335,0,34,0,455,1,0,18,0,272,0,0,0,0,96,567,0,39,0,0,10,9,2,0,0,2,2,0,0
6,20,0,66,10,8,0,1.029023,0.992939,1.010738,57,4,834,100,100,0,0,0,0,14,24,34,2,44,2,85,51,0,0,2744,219,0,17,0,845,345,0,34,0,524,1,0,16,0,169,8,0,26,0,135,649,104,56,0,0,62,8,20,0,0,3,3,0,0
6,20,1,55,10,8,0,1.051846,0.979103,1.02691,48,2,584,100,100,0,0,0,14,0,32,22,2,44,2,238,69,0,0,2744,232,0,23,0,845,373,0,46,0,524,0,0,2,0,169,7,0,20,0,135,555,80,31,0,0,5,1,3,0,0,3,3,0,0
6,20,2,70,10,8,0,1.033452,0.984346,0.996402,64,1,459,100,100,0,0,0,24,32,0,8,2,44,2,415,75,0,0,2744,268,0,25,0,845,378,0,50,0,524,1,0,2,0,169,0,0,15,0,135,417,60,31,0,0,12,1,2,0,0,2,2,0,0
6,20,3,53,10,8,0,1.003827,0.982707,0.989845,51,3,709,100,100,0,0,0,34,22,8,0,2,44,2,194,51,0,0,2744,183,0,17,0,845,352,0,34,0,524,1,0,0,0,169,1,0,26,0,135,690,104,19,0,0,9,0,1,0,0,1,1,0,0
6,21,0,67,6,3,0,1.028866,0.991874,1.011576,60,4,834,100,100,0,0,0,0,16,26,36,2,40,0,82,54,0,0,2992,263,0,18,0,919,345,0,36,0,439,0,0,40,0,264,0,0,10,0,18,664,40,64,0,0,79,20,3,0,0,3,3,0,0
6,21,1,56,6,3,0,1.054141,0.978483,1.026238,51,2,584,100,100,0,0,0,16,0,34,24,2,40,0,265,75,0,0,2992,152,0,25,0,919,368,0,50,0,439,0,0,24,0,264,0,0,9,0,18,547,36,53,0,0,15,12,2,0,0,2,2,0,0
6,21,2,70,6,3,0,1.036004,0.983209,0.996775,66,2,584,100,100,0,0,0,26,34,0,10,2,40,0,431,78,0,0,2992,172,0,26,0,919,386,0,52,0,439,0,0,16,0,264,0,0,3,0,18,400,12,63,0,0,1,8,19,0,0,2,2,0,0
6,21,3,54,6,3,0,0.999888,0.986102,0.994553,50,4,834,100,100,0,0,0,36,24,10,0,2,40,0,196,48,0,0,2992,194,0,16,0,919,345,0,32,0,439,1,0,24,0,264,0,0,2,0,18,652,8,59,0,0,3,12,18,0,0,1,1,0,0
6,22,0,70,10,2,0,1.028672,0.992782,1.01015,63,5,959,100,100,0,0,0,0,16,28,38,2,40,0,76,54,0,0,2852,178,0,18,0,839,363,0,36,0,484,0,0,24,0,231,0,0,19,0,82,764,76,63,0,0,72,12,19,0,0,2,2,0,0
6,22,1,58,10,2,0,1.056902,0.977644,1.026097,53,3,709,100,100,0,0,0,16,0,36,26,2,40,0,295,78,0,0,2852,165,0,26,0,839,385,0,52,0,484,1,0,14,0,231,0,0,12,0,82,537,48,61,0,0,3,7,19,0,0,2,2,0,0
6,22,2,73,10,2,0,1.037111,0.982105,0.9966,68,2,584,100,100,0,0,0,28,36,0,10,2,40,0,448,78,0,0,2852,244,0,26,0,839,412,0,52,0,484,1,0,2,0,231,0,0,6,0,82,449,24,30,0,0,1,1,1,0,0,1,1,0,0
6,22,3,54,10,2,0,0.997992,0.984773,0.991471,49,4,834,100,100,0,0,0,38,26,10,0,2,40,0,192,42,0,0,2852,211,0,14,0,839,359,0,28,0,484,1,0,18,0,231,0,0,4,0,82,683,16,36,0,0,10,9,2,0,0,2,2,0,0
6,23,0,70,7,2,0,1.030441,0.990709,1.00944,63,5,959,100,100,0,0,0,0,16,30,40,2,36,3,71,57,0,0,2880,209,0,19,0,833,382,0,38,0,439,1,0,36,0,272,0,0,0,0,102,748,0,61,0,0,87,18,3,0,0,3,3,0,0
6,23,1,60,7,2,0,1.058041,0.977577,1.025493,55,3,709,100,100,0,0,0,16,0,38,28,2,36,3,323,78,0,0,2880,177,0,26,0,833,411,0,52,0,439,0,0,32,0,272,0,0,0,0,102,499,0,62,0,0,17,16,2,0,0,2,2,0,0
6,23,2,74,7,2,0,1.036718,0.983517,0.997591,69,2,584,100,100,0,0,0,30,38,0,10,2,36,3,462,78,0,0,2880,145,0,26,0,833,438,0,52,0,439,0,0,10,0,272,0,0,0,0,102,484,0,40,0,0,4,5,2,0,0,2,2,0,0
6,23,3,56,7,2,0,1.000396,0.984711,0.990605,51,4,834,100,100,0,0,0,40,28,10,0,2,36,3,188,42,0,0,2880,231,0,14,0,833,373,0,28,0,439,1,0,28,0,272,0,0,0,0,102,691,0,46,0,0,22,14,2,0,0,2,2,0,0
6,24,0,62,4,22,0,1.024414,0.987753,1.0122,57,6,1084,100,100,0,0,0,0,16,32,42,2,36,0,68,57,0,0,2792,232,0,19,0,830,401,0,38,0,509,1,0,0,0,194,5,0,28,0,213,845,112,40,0,0,68,0,19,0,0,2,2,0,0
6,24,1,56,4,22,0,1.050692,0.979857,1.024188,53,3,709,100,100,0,0,0,16,0,40,30,2,36,0,342,72,0,0,2792,197,0,24,0,830,435,0,48,0,509,0,0,6,0,194,0,0,21,0,213,563,84,32,0,0,19,3,1,0,0,1,1,0,0
6,24,2,74,4,22,0,1.038211,0.982356,0.998316,70,2,584,100,100,0,0,0,32,40,0,10,2,36,0,476,81,0,0,2792,220,0,27,0,830,465,0,54,0,509,1,0,2,0,194,0,0,6,0,213,500,24,33,0,0,3,1,2,0,0,2,2,0,0
6,24,3,50,4,22,0,1.001964,0.983196,0.985295,47,5,959,100,100,0,0,0,42,30,10,0,2,36,0,172,36,0,0,2792,163,0,12,0,830,385,0,24,0,509,1,0,6,0,194,0,0,18,0,213,749,72,39,0,0,6,3,19,0,0,2,2,0,0
6,25,0,63,3,4,0,1.023237,0.98665,1.012795,59,6,1084,100,100,0,0,0,0,18,34,44,2,32,3,71,57,0,0,2816,151,0,19,0,917,408,0,38,0,472,0,0,28,0,254,0,0,5,0,300,814,20,51,0,0,80,14,2,0,0,2,2,0,0
6,25,1,57,3,4,0,1.048551,0.980949,1.025718,53,3,709,100,100,0,0,0,18,0,42,32,2,32,3,366,72,0,0,2816,221,0,24,0,917,432,0,48,0,472,0,0,18,0,254,0,0,3,0,300,531,12,44,0,0,27,9,1,0,0,1,1,0,0
6,25,2,72,3,4,0,1.037461,0.982904,0.998911,70,2,584,100,100,0,0,0,34,42,0,12,2,32,3,486,78,0,0,2816,296,0,26,0,917,464,0,52,0,472,1,0,12,0,254,0,0,6,0,300,484,24,40,0,0,8,6,1,0,0,1,1,0,0
6,25,3,49,3,4,0,1.003685,0.98374,0.985544,48,5,959,100,100,0,0,0,44,32,12,0,2,32,3,162,33,0,0,2816,198,0,11,0,917,387,0,22,0,472,0,0,16,0,254,0,0,9,0,300,756,36,29,0,0,13,8,1,0,0,1,1,0,0
6,26,0,62,2,6,0,1.025661,0.9839,1.013241,59,6,1084,100,100,0,0,0,0,18,36,46,2,32,1,71,57,0,0,2872,181,0,19,0,842,427,0,38,0,505,0,0,6,0,257,0,0,5,0,124,842,20,27,0,0,82,3,1,0,0,1,1,0,0
6,26,1,55,2,6,0,1.050081,0.980331,1.025545,52,3,709,100,100,0,0,0,18,0,44,34,2,32,1,388,72,0,0,2872,252,0,24,0,842,456,0,48,0,505,1,0,8,0,257,0,0,3,0,124,519,12,34,0,0,30,4,1,0,0,1,1,0,0
6,26,2,71,2,6,0,1.038262,0.983557,0.998949,70,2,584,100,100,0,0,0,36,44,0,12,2,32,1,501,78,0,0,2872,198,0,26,0,842,490,0,52,0,505,0,0,10,0,257,0,0,3,0,124,545,12,38,0,0,12,5,1,0,0,1,1,0,0
6,26,3,49,2,6,0,1.003685,0.98374,0.985544,49,5,959,100,100,0,0,0,46,34,12,0,2,32,1,153,33,0,0,2872,234,0,11,0,842,398,0,22,0,505,0,0,12,0,257,0,0,4,0,124,787,16,23,0,0,19,6,0,0,0,0,0,0,0
6,27,0,61,6,5,0,1.021623,0.988378,1.012479,58,6,1084,100,100,0,0,0,0,20,38,48,3,28,1,74,57,0,0,2919,212,0,19,0,850,446,0,38,0,474,1,0,26,0,240,0,0,12,0,0,882,48,47,0,0,94,13,1,0,0,1,1,0,0
6,27,1,54,6,5,0,1.051451,0.980946,1.025543,51,4,834,100,100,0,0,0,20,0,46,36,3,28,1,410,72,0,0,2919,173,0,24,0,850,480,0,48,0,474,0,0,14,0,240,0,0,8,0,0,587,32,57,0,0,19,7,18,0,0,1,1,0,0
6,27,2,73,6,5,0,1.037799,0.983859,0.998453,71,2,584,100,100,0,0,0,38,46,0,14,2,28,1,516,78,0,0,2919,270,0,26,0,850,514,0,52,0,474,1,0,8,0,240,0,0,6,0,0,558,24,34,0,0,16,4,0,0,0,0,0,0,0
6,27,3,50,6,5,0,1.007628,0.983952,0.982044,48,6,1084,100,100,0,0,0,48,36,14,0,2,28,1,143,33,0,0,2919,174,0,11,0,850,409,0,22,0,474,0,0,18,0,240,0,0,6,0,0,867,24,46,0,0,11,9,17,0,0,0,0,0,0
6,28,0,62,5,3,0,1.023761,0.98879,1.009794,58,7,1209,100,100,0,0,0,0,22,40,50,3,28,0,75,57,0,0,2872,244,0,19,0,845,465,0,38,0,529,0,0,8,0,203,0,0,21,0,133,960,84,46,0,0,80,4,18,0,0,1,1,0,0
6,28,1,54,5,3,0,1.052497,0.982265,1.025682,51,4,834,100,100,0,0,0,22,0,48,38,3,28,0,438,75,0,0,2872,190,0,25,0,845,505,0,50,0,529,1,0,2,0,203,0,0,15,0,133,645,60,29,0,0,19,1,1,0,0,1,1,0,0
6,28,2,73,5,3,0,1.037417,0.984527,1.000533,70,3,709,100,100,0,0,0,40,48,0,14,2,28,0,529,78,0,0,2872,171,0,26,0,845,532,0,52,0,529,0,0,6,0,203,0,0,12,0,133,539,48,51,0,0,1,3,18,0,0,1,1,0,0
6,28,3,51,5,3,0,1.007853,0.982776,0.980452,48,6,1084,100,100,0,0,0,50,38,14,0,2,28,0,132,33,0,0,2872,225,0,11,0,845,420,0,22,0,529,0,0,0,0,203,0,0,18,0,133,976,72,13,0,0,10,0,1,0,0,1,1,0,0
6,29,0,62,7,6,0,1.024393,0.990335,1.011098,58,7,1209,100,100,0,0,0,0,22,42,52,3,24,1,74,54,0,0,2928,164,0,18,0,843,482,0,36,0,440,0,0,38,0,272,0,0,0,0,117,960,0,58,0,0,98,19,1,0,0,1,1,0,0
6,29,1,52,7,6,0,1.050939,0.982041,1.026629,50,4,834,100,100,0,0,0,22,0,50,40,3,24,1,463,75,0,0,2928,207,0,25,0,843,527,0,50,0,440,1,0,24,0,272,0,0,0,0,117,615,0,51,0,0,30,12,1,0,0,1,1,0,0
6,29,2,74,7,6,0,1.038888,0.983597,0.999911,70,3,709,100,100,0,0,0,42,50,0,14,2,24,1,540,78,0,0,2928,248,0,26,0,843,558,0,52,0,440,1,0,20,0,272,0,0,0,0,117,532,0,48,0,0,10,10,1,0,0,1,1,0,0
6,29,3,53,7,6,0,1.011163,0.979353,0.981376,48,7,1209,100,100,0,0,0,52,40,14,0,2,24,1,120,33,0,0,2928,163,0,11,0,843,431,0,22,0,440,0,0,18,0,272,0,0,0,0,117,985,0,48,0,0,1,9,18,0,0,1,1,0,0
6,30,0,62,3,6,0,1.02484,0.989989,1.011307,58,7,1209,100,100,0,0,0,0,22,44,54,3,24,0,79,60,0,0,2880,186,0,20,0,836,502,0,40,0,458,0,0,34,0,272,0,0,0,0,72,944,0,58,0,0,113,17,2,0,0,2,2,0,0
6,30,1,52,3,6,0,1.048567,0.981404,1.026605,50,4,834,100,100,0,0,0,22,0,52,42,3,24,0,489,72,0,0,2880,227,0,24,0,836,551,0,48,0,458,0,0,18,0,272,0,0,0,0,72,592,0,44,0,0,38,9,1,0,0,1,1,0,0
6,30,2,72,3,6,0,1.039885,0.985759,0.999161,69,3,709,100,100,0,0,0,44,52,0,14,2,24,0,546,75,0,0,2880,149,0,25,0,836,583,0,50,0,458,1,0,18,0,272,0,0,0,0,72,596,0,47,0,0,17,9,2,0,0,2,2,0,0
6,30,3,52,3,6,0,1.014748,0.976982,0.983551,47,7,1209,100,100,0,0,0,54,42,14,0,2,24,0,104,33,0,0,2880,203,0,11,0,836,442,0,22,0,458,1,0,16,0,272,0,0,0,0,72,1008,0,31,0,0,7,8,2,0,0,2,2,0,0
6,31,0,61,1,6,0,1.023194,0.988122,1.014114,58,7,1209,100,100,0,0,0,0,24,46,56,3,20,0,82,60,0,0,2808,208,0,20,0,845,522,0,40,0,519,0,0,8,0,235,0,0,11,0,76,994,44,30,0,0,116,4,1,0,0,1,1,0,0
6,31,1,51,1,6,0,1.047638,0.980477,1.027127,50,4,834,100,100,0,0,0,24,0,54,44,3,20,0,514,72,0,0,2808,151,0,24,0,845,575,0,48,0,519,1,0,6,0,235,0,0,11,0,76,679,44,32,0,0,40,3,1,0,0,1,1,0,0
6,31,2,71,1,6,0,1.039898,0.985465,0.999074,70,4,834,100,100,0,0,0,46,54,0,14,2,20,0,553,75,0,0,2808,228,0,25,0,845,608,0,50,0,519,1,0,6,0,235,0,0,9,0,76,633,36,50,0,0,2,3,18,0,0,1,1,0,0
6,31,3,50,1,6,0,1.014699,0.978078,0.98554,47,7,1209,100,100,0,0,0,56,44,14,0,2,20,0,82,27,0,0,2808,246,0,9,0,845,451,0,18,0,519,1,0,4,0,235,0,0,6,0,76,1071,24,17,0,0,7,2,2,0,0,2,2,0,0
6,32,0,59,1,18,0,1.022698,0.989506,1.014214,57,8,1334,100,100,0,0,0,0,26,48,58,3,20,0,82,57,0,0,2824,232,0,19,0,854,541,0,38,0,542,0,0,0,0,202,4,0,26,0,114,1099,104,38,0,0,98,0,18,0,0,1,1,0,0
6,32,1,40,1,18,0,1.046453,0.987507,1.031133,40,5,959,100,100,0,0,0,26,0,56,46,3,20,0,522,54,0,0,2824,170,0,18,0,854,593,0,36,0,542,1,0,0,0,202,0,0,10,0,114,705,40,35,0,0,23,0,17,0,0,0,0,0,0
6,32,2,68,1,18,0,1.03807,0.986776,0.999998,68,4,834,100,100,0,0,0,48,56,0,16,2,20,0,558,72,0,0,2824,309,0,24,0,854,632,0,48,0,542,1,0,0,0,202,0,0,15,0,114,717,60,24,0,0,2,0,0,0,0,0,0,0,0
6,32,3,49,1,18,0,1.017363,0.976294,0.986796,47,7,1209,100,100,0,0,0,58,46,16,0,2,20,0,62,27,0,0,2824,187,0,9,0,854,460,0,18,0,542,1,0,0,0,202,0,0,15,0,114,1195,60,11,0,0,6,0,1,0,0,1,1,0,0
6,33,0,58,3,2,0,1.023147,0.987245,1.014603,57,8,1334,100,100,0,0,0,0,26,50,60,3,20,0,84,57,0,0,3000,154,0,19,0,878,560,0,38,0,470,0,0,30,0,272,0,0,4,0,8,1157,16,51,0,0,112,15,1,0,0,1,1,0,0
6,33,1,41,3,2,0,1.046585,0.988451,1.029604,40,5,959,100,100,0,0,0,26,0,58,48,3,20,0,539,54,0,0,3000,200,0,18,0,878,611,0,36,0,470,0,0,10,0,272,0,0,0,0,8,698,0,28,0,0,28,5,0,0,0,0,0,0,0
6,33,2,69,3,2,0,1.039541,0.986364,1.000892,68,4,834,100,100,0,0,0,50,58,0,18,2,20,0,567,72,0,0,3000,217,0,24,0,878,656,0,48,0,470,1,0,14,0,272,0,0,0,0,8,796,0,38,0,0,9,7,0,0,0,0,0,0,0
6,33,3,49,3,2,0,1.016189,0.974821,0.987653,47,7,1209,100,100,0,0,0,60,48,18,0,2,20,0,44,27,0,0,3000,241,0,9,0,878,469,0,18,0,470,1,0,18,0,272,0,0,0,0,8,1180,0,29,0,0,14,9,1,0,0,1,1,0,0
6,34,0,59,1,7,0,1.023195,0.987598,1.015897,58,8,1334,100,100,0,0,0,0,26,52,64,3,20,0,87,57,0,0,2824,181,0,19,0,878,579,0,38,0,508,0,0,12,0,244,0,0,15,0,201,1211,60,31,0,0,118,6,0,0,0,0,0,0,0
6,34,1,41,1,7,0,1.046585,0.988451,1.029604,40,5,959,100,100,0,0,0,26,0,60,52,3,20,0,554,54,0,0,2824,237,0,18,0,878,629,0,36,0,508,0,0,6,0,244,0,0,2,0,201,701,8,26,0,0,30,3,1,0,0,1,1,0,0
6,34,2,67,1,7,0,1.040004,0.986139,1.001361,66,4,834,100,100,0,0,0,52,60,0,20,3,20,0,574,72,0,0,2824,292,0,24,0,878,680,0,48,0,508,0,0,10,0,244,0,0,3,0,201,797,12,36,0,0,13,5,1,0,0,1,1,0,0
6,34,3,44,1,7,0,1.006606,0.981897,0.983919,44,7,1209,100,100,0,0,0,64,52,20,0,3,20,0,32,27,0,0,2824,183,0,9,0,878,478,0,18,0,508,0,0,4,0,244,0,0,8,0,201,1200,32,13,0,0,16,2,0,0,0,0,0,0,0
6,35,0,56,2,15,0,1.025131,0.990461,1.016708,55,8,1334,100,100,0,0,0,0,26,54,68,3,20,0,83,51,0,0,3040,201,0,17,0,881,596,0,34,0,517,1,0,14,0,224,2,0,25,0,64,1315,100,33,0,0,124,7,1,0,0,1,1,0,0
6,35,1,42,2,15,0,1.049287,0.987906,1.029036,41,5,959,100,100,0,0,0,26,0,62,56,3,20,0,571,54,0,0,3040,178,0,18,0,881,647,0,36,0,517,0,0,6,0,224,0,0,3,0,64,764,12,24,0,0,33,3,0,0,0,0,0,0,0
6,35,2,66,2,15,0,1.040754,0.98709,1.001743,66,4,834,100,100,0,0,0,54,62,0,24,3,20,0,580,69,0,0,3040,202,0,23,0,881,703,0,46,0,517,0,0,6,0,224,0,0,6,0,64,811,24,29,0,0,16,3,0,0,0,0,0,0,0
6,35,3,34,2,15,0,1.008989,0.972667,0.994813,33,7,1209,100,100,0,0,0,68,56,24,0,3,20,0,30,24,0,0,3040,179,0,8,0,881,486,0,16,0,517,0,0,0,0,224,0,0,12,0,64,1201,48,8,0,0,16,0,0,0,0,0,0,0,0
6,36,0,55,2,8,0,1.025076,0.990558,1.014004,54,8,1334,100,100,0,0,0,0,28,56,72,3,20,0,82,51,0,0,2784,216,0,17,0,887,613,0,34,0,528,0,0,12,0,229,0,0,13,0,153,1317,52,29,0,0,130,6,0,0,0,0,0,0,0
6,36,1,41,2,8,0,1.050829,0.990469,1.02856,40,5,959,100,100,0,0,0,28,0,64,60,3,20,0,583,51,0,0,2784,223,0,17,0,887,664,0,34,0,528,1,0,0,0,229,0,0,11,0,153,810,44,19,0,0,32,0,1,0,0,1,1,0,0
6,36,2,64,2,8,0,1.04246,0.988676,1.002212,63,5,959,100,100,0,0,0,56,64,0,26,3,20,0,583,66,0,0,2784,274,0,22,0,887,725,0,44,0,528,1,0,2,0,229,0,0,11,0,153,795,44,41,0,0,0,1,17,0,0,0,0,0,0
6,36,3,32,2,8,0,1.004451,0.978473,0.993653,31,7,1209,100,100,0,0,0,72,60,26,0,3,20,0,31,27,0,0,2784,184,0,9,0,887,495,0,18,0,528,1,0,0,0,229,0,0,10,0,153,1198,40,11,0,0,15,0,1,0,0,1,1,0,0
6,37,0,52,4,10,0,1.024655,0.992027,1.013219,51,8,1334,100,100,0,0,0,0,30,58,76,3,20,0,76,45,0,0,3056,242,0,15,0,899,628,0,30,0,514,1,0,16,0,231,0,0,20,0,136,1317,80,33,0,0,137,8,1,0,0,1,1,0,0
6,37,1,39,4,10,0,1.047883,0.991536,1.026828,38,6,1084,100,100,0,0,0,30,0,66,64,3,20,0,592,48,0,0,3056,166,0,16,0,899,680,0,32,0,514,1,0,0,0,231,0,0,6,0,136,841,24,33,0,0,15,0,17,0,0,0,0,0,0
6,37,2,65,4,10,0,1.045663,0.988635,1.002904,61,5,959,100,100,0,0,0,58,66,0,30,3,20,0,589,66,0,0,3056,188,0,22,0,899,744,0,44,0,514,0,0,2,0,231,0,0,12,0,136,878,48,26,0,0,0,1,1,0,0,1,1,0,0
6,37,3,30,4,10,0,1.000513,0.983536,0.988302,30,8,1334,100,100,0,0,0,76,64,30,0,3,20,0,27,21,0,0,3056,193,0,7,0,899,502,0,14,0,514,0,0,10,0,231,0,0,3,0,136,1179,12,34,0,0,3,5,17,0,0,0,0,0,0
6,38,0,46,3,19,0,1.021151,0.992597,1.007989,45,8,1334,100,100,0,0,0,0,32,60,80,3,20,1,69,42,0,0,2880,176,0,14,0,911,642,0,28,0,504,0,0,12,0,272,0,0,0,0,184,1308,0,26,0,0,143,6,0,0,0,0,0,0,0
6,38,1,37,3,19,0,1.053996,0.990258,1.027198,35,6,1084,100,100,0,0,0,32,0,68,68,3,20,1,600,45,0,0,2880,208,0,15,0,911,695,0,30,0,504,0,0,4,0,272,0,0,0,0,184,829,0,21,0,0,16,2,1,0,0,1,1,0,0
6,38,2,62,3,19,0,1.047389,0.988336,1.00403,58,5,959,100,100,0,0,0,60,68,0,34,3,20,1,595,66,0,0,2880,269,0,22,0,911,766,0,44,0,504,1,0,4,0,272,0,0,0,0,184,878,0,30,0,0,0,2,2,0,0,2,2,0,0
6,38,3,25,3,19,0,0.997131,0.989305,0.992321,25,8,1334,100,100,0,0,0,80,68,34,0,3,20,1,23,18,0,0,2880,205,0,6,0,911,508,0,12,0,504,1,0,2,0,272,0,0,0,0,184,1195,0,8,0,0,4,1,0,0,0,0,0,0,0
6,39,0,44,2,6,0,1.017542,0.989737,1.005615,42,8,1334,100,100,0,0,0,0,32,62,84,3,20,0,67,39,0,0,3096,205,0,13,0,914,655,0,26,0,510,1,0,18,0,268,0,0,3,0,159,1305,12,33,0,0,151,9,1,0,0,1,1,0,0
6,39,1,37,2,6,0,1.053996,0.990258,1.027198,36,6,1084,100,100,0,0,0,32,0,70,70,3,20,0,611,45,0,0,3096,156,0,15,0,914,710,0,30,0,510,1,0,2,0,268,0,0,1,0,159,848,4,19,0,0,16,1,1,0,0,1,1,0,0
6,39,2,61,2,6,0,1.049136,0.988615,1.003709,58,5,959,100,100,0,0,0,62,70,0,36,3,20,0,603,66,0,0,3096,185,0,22,0,914,788,0,44,0,510,0,0,4,0,268,0,0,0,0,159,898,0,28,0,0,1,2,1,0,0,1,1,0,0
6,39,3,24,2,6,0,0.993815,0.988608,0.995381,24,8,1334,100,100,0,0,0,84,70,36,0,3,20,0,25,18,0,0,3096,174,0,6,0,914,514,0,12,0,510,1,0,6,0,268,0,0,0,0,159,1215,0,12,0,0,7,3,0,0,0,0,0,0,0
6,40,0,46,4,6,0,1.019865,0.987346,1.006662,43,8,1334,100,100,0,0,0,0,34,64,88,3,20,0,70,42,0,0,2792,235,0,14,0,917,669,0,28,0,520,0,0,14,0,272,0,0,0,0,168,1304,0,30,0,0,157,7,1,0,0,1,1,0,0
6,40,1,37,4,6,0,1.054435,0.991994,1.027665,35,6,1084,100,100,0,0,0,34,0,72,74,3,20,0,623,45,0,0,2792,192,0,15,0,917,725,0,30,0,520,1,0,2,0,272,0,0,0,0,168,852,0,17,0,0,17,1,0,0,0,0,0,0,0
6,40,2,58,4,6,0,1.044952,0.990507,1.003687,56,5,959,100,100,0,0,0,64,72,0,40,3,20,0,609,63,0,0,2792,271,0,21,0,917,809,0,42,0,520,1,0,4,0,272,0,0,0,0,168,913,0,27,0,0,2,2,1,0,0,1,1,0,0
6,40,3,23,4,6,0,0.994588,0.983339,0.995855,23,8,1334,100,100,0,0,0,88,74,40,0,3,20,0,25,18,0,0,2792,192,0,6,0,917,520,0,12,0,520,1,0,4,0,272,0,0,0,0,168,1232,0,10,0,0,9,2,0,0,0,0,0,0,0
2,1,0,54,21,5,0,0.998105,1.003568,0.999695,0,0,334,100,100,0,0,0,0,2,2,2,0,80,0,59,39,0,0,2838,178,0,13,0,939,63,0,26,0,401,26,0,46,0,272,2,0,23,0,162,118,92,77,0,0,14,23,9,0,0,9,9,0,0
2,1,1,55,21,5,0,0.99599,1.005215,0.996329,0,0,334,100,100,0,0,0,2,0,2,2,0,80,0,59,39,0,0,2838,192,0,13,0,939,63,0,26,0,401,24,0,48,0,272,1,0,24,0,162,117,96,79,0,0,15,24,9,0,0,9,9,0,0
2,1,2,53,21,5,0,1.000479,1.002318,0.991951,0,0,334,100,100,0,0,0,2,2,0,0,0,80,0,59,39,0,0,2838,192,0,13,0,939,59,0,26,0,401,22,0,44,0,272,3,0,22,0,162,113,88,75,0,0,13,22,9,0,0,9,9,0,0
2,1,3,54,21,5,0,0.993695,0.997741,0.995516,0,0,334,100,100,0,0,0,2,2,0,0,0,80,0,59,39,0,0,2838,192,0,13,0,939,60,0,26,0,401,25,0,44,0,272,3,0,22,0,162,110,88,75,0,0,13,22,9,0,0,9,9,0,0
2,2,0,56,22,7,0,0.995552,1.001473,1.002521,8,0,334,100,100,0,0,0,0,2,4,4,0,80,3,66,45,0,0,2792,213,0,15,0,908,78,0,30,0,493,0,0,38,0,190,0,0,21,0,204,155,84,71,0,0,24,19,9,0,0,9,9,0,0
2,2,1,59,22,7,0,0.998676,1.006343,0.997373,9,0,334,100,100,0,0,0,2,0,4,4,0,80,3,63,45,0,0,2792,226,0,15,0,908,78,0,30,0,493,0,0,30,0,190,1,0,25,0,204,181,100,63,0,0,21,15,9,0,0,9,9,0,0
2,2,2,57,22,7,0,1.001926,0.994914,0.984823,8,0,334,100,100,0,0,0,4,4,0,2,0,80,3,76,48,0,0,2792,211,0,16,0,908,75,0,32,0,493,1,0,30,0,190,0,0,23,0,204,159,92,64,0,0,19,15,9,0,0,9,9,0,0
2,2,3,59,22,7,0,0.995085,0.99226,0.98834,9,0,334,100,100,0,0,0,4,4,2,0,0,80,3,67,42,0,0,2792,236,0,14,0,908,74,0,28,0,493,0,0,40,0,190,0,0,21,0,204,140,84,72,0,0,24,20,9,0,0,9,9,0,0
2,3,0,58,16,5,0,0.998302,1.001006,0.998088,15,0,334,100,100,0,0,0,0,2,6,6,0,76,5,74,48,0,0,3007,242,0,16,0,896,94,0,32,0,429,1,0,28,0,272,0,0,0,0,59,126,0,62,0,0,29,14,9,0,0,9,9,0,0
2,3,1,60,16,5,0,1.002699,1.008144,1.001055,17,0,334,100,100,0,0,0,2,0,6,6,0,76,5,66,48,0,0,3007,151,0,16,0,896,94,0,32,0,429,0,0,32,0,272,0,0,1,0,59,193,4,66,0,0,28,16,9,0,0,9,9,0,0
2,3,2,60,16,5,0,0.997553,0.993871,0.986368,16,0,334,100,100,0,0,0,6,6,0,2,0,76,5,87,51,0,0,3007,229,0,17,0,896,92,0,34,0,429,1,0,24,0,272,0,0,0,0,59,146,0,59,0,0,22,12,9,0,0,9,9,0,0
2,3,3,64,16,5,0,0.996586,0.990709,0.991119,18,0,334,100,100,0,0,0,6,6,2,0,0,76,5,72,48,0,0,3007,161,0,16,0,896,87,0,32,0,429,0,0,30,0,272,0,0,0,0,59,151,0,64,0,0,30,15,9,0,0,9,9,0,0
2,4,0,62,23,13,1,1.001499,1.000083,1.000271,23,0,334,100,100,0,0,0,0,0,6,2,0,76,0,85,51,0,0,2976,167,0,17,0,863,111,0,34,0,405,0,0,30,0,272,0,0,0,0,55,140,0,65,0,0,35,15,9,0,0,9,9,0,0
2,4,1,67,23,13,1,1.003413,1.006692,0.996904,26,0,334,100,100,0,0,0,0,0,8,8,0,76,0,74,51,0,0,2976,186,0,17,0,863,111,0,34,0,405,1,0,36,0,272,0,0,0,0,55,161,0,71,0,0,37,18,9,0,0,9,9,0,0
2,4,2,63,23,13,1,0.999835,0.99422,0.983874,23,0,334,100,100,0,0,0,6,8,0,2,0,76,0,105,63,0,0,2976,148,0,21,0,863,113,0,42,0,405,0,0,28,0,272,0,0,0,0,55,164,0,67,0,0,27,14,9,0,0,9,9,0,0
2,4,3,60,23,13,1,0.99944,0.992756,0.993425,25,0,334,100,100,0,0,0,2,8,2,0,0,76,0,77,54,0,0,2976,167,0,18,0,863,105,0,36,0,405,0,0,24,0,272,0,0,0,0,55,133,0,60,0,0,33,12,9,0,0,9,9,0,0
2,5,0,61,21,31,0,1.00086,1.002693,0.999484,28,0,334,100,100,0,0,0,0,2,8,4,0,72,2,97,57,0,0,2728,206,0,19,0,848,130,0,38,0,424,1,0,14,0,272,0,0,0,0,135,122,0,51,0,0,33,7,9,0,0,9,9,0,0
2,5,1,63,21,31,0,1.008278,1.006256,0.998219,29,0,334,100,100,0,0,0,2,0,10,10,0,72,2,82,60,0,0,2728,227,0,20,0,848,131,0,40,0,424,1,0,18,0,272,0,0,0,0,135,144,0,56,0,0,37,9,9,0,0,9,9,0,0
2,5,2,60,21,31,0,1.004799,0.990295,0.991174,28,0,334,100,100,0,0,0,8,10,0,4,0,72,2,128,69,0,0,2728,158,0,23,0,848,136,0,46,0,424,0,0,10,0,272,0,0,0,0,135,158,0,51,0,0,23,5,9,0,0,9,9,0,0
2,5,3,58,21,31,0,1.001919,0.994709,0.995181,30,0,334,100,100,0,0,0,4,10,4,0,0,72,2,84,51,0,0,2728,186,0,17,0,848,122,0,34,0,424,0,0,18,0,272,0,0,0,0,135,122,0,53,0,0,33,9,9,0,0,9,9,0,0
2,6,0,60,20,8,1,1.001863,1.000677,0.998563,35,0,334,100,100,0,0,0,0,2,8,0,0,72,3,107,54,0,0,2688,263,0,18,0,843,148,0,36,0,537,0,0,4,0,167,0,0,24,0,133,216,96,40,0,0,26,2,9,0,0,9,9,0,0
2,6,1,69,20,8,1,1.010952,1.006297,1.000573,37,0,334,100,100,0,0,0,2,0,12,12,0,72,3,102,66,0,0,2688,278,0,22,0,843,153,0,44,0,537,0,0,4,0,167,0,0,27,0,133,245,108,44,0,0,30,2,9,0,0,9,9,0,0
2,6,2,64,20,8,1,1.007125,0.993337,0.992889,36,0,334,100,100,0,0,0,8,12,0,4,0,72,3,151,66,0,0,2688,188,0,22,0,843,158,0,44,0,537,1,0,0,0,167,0,0,18,0,133,237,72,40,0,0,14,0,9,0,0,9,9,0,0
2,6,3,61,20,8,1,1.00323,0.991515,0.995972,38,0,334,100,100,0,0,0,0,12,4,0,0,72,3,97,54,0,0,2688,214,0,18,0,843,139,0,36,0,537,0,0,0,0,167,6,0,27,0,133,233,108,36,0,0,24,0,9,0,0,9,9,0,0
2,7,0,63,18,15,0,1.008042,1.001699,0.999514,42,1,459,100,100,0,0,0,0,2,10,2,0,68,6,115,54,0,0,2976,185,0,18,0,827,166,0,36,0,516,0,0,0,0,221,0,0,19,0,64,283,76,51,0,0,1,0,25,0,0,8,8,0,0
2,7,1,73,18,15,0,1.013398,1.005544,1.001693,45,1,459,100,100,0,0,0,2,0,14,14,0,68,6,124,75,0,0,2976,184,0,25,0,827,178,0,50,0,516,1,0,4,0,221,0,0,13,0,64,274,52,64,0,0,6,2,26,0,0,9,9,0,0
2,7,2,64,18,15,0,1.010446,0.992497,0.991692,41,0,334,100,100,0,0,0,10,14,0,6,0,68,6,167,63,0,0,2976,223,0,21,0,827,179,0,42,0,516,0,0,8,0,221,0,0,6,0,64,243,24,47,0,0,9,4,9,0,0,9,9,0,0
2,7,3,57,18,15,0,1.001256,0.989395,0.997175,42,1,459,100,100,0,0,0,2,14,6,0,0,68,6,113,63,0,0,2976,236,0,21,0,827,160,0,42,0,516,1,0,2,0,221,0,0,17,0,64,273,68,52,0,0,2,1,23,0,0,6,6,0,0
2,8,0,69,17,9,0,1.00895,0.999615,1.001679,50,1,459,100,100,0,0,0,0,2,12,4,0,68,3,128,60,0,0,2760,238,0,20,0,821,186,0,40,0,484,1,0,20,0,235,0,0,11,0,88,314,44,52,0,0,5,10,6,0,0,6,6,0,0
2,8,1,73,17,9,0,1.010725,1.005742,1.003066,52,1,459,100,100,0,0,0,2,0,16,16,0,68,3,142,75,0,0,2760,246,0,25,0,821,203,0,50,0,484,0,0,22,0,235,0,0,8,0,88,286,32,65,0,0,8,11,9,0,0,9,9,0,0
2,8,2,64,17,9,0,1.009053,0.989379,0.989777,48,0,334,100,100,0,0,0,12,16,0,6,0,68,3,178,60,0,0,2760,267,0,20,0,821,199,0,40,0,484,0,0,6,0,235,0,0,8,0,88,288,32,40,0,0,5,3,7,0,0,7,7,0,0
2,8,3,59,17,9,0,0.999649,0.988848,0.99683,46,1,459,100,100,0,0,0,4,16,6,0,0,68,3,130,60,0,0,2760,159,0,20,0,821,180,0,40,0,484,1,0,6,0,235,0,0,10,0,88,349,40,36,0,0,0,3,5,0,0,5,5,0,0
2,9,0,68,15,3,0,1.007049,0.997833,1.002387,54,1,459,100,100,0,0,0,0,2,14,6,0,64,5,138,66,0,0,3093,147,0,22,0,815,208,0,44,0,453,0,0,36,0,271,0,0,0,0,75,295,0,70,0,0,17,18,6,0,0,6,6,0,0
2,9,1,79,15,3,0,1.014461,1.005629,1.003348,61,1,459,100,100,0,0,0,2,0,18,18,0,64,5,158,75,0,0,3093,148,0,25,0,815,228,0,50,0,453,0,0,18,0,271,0,0,0,0,75,293,0,55,0,0,11,9,6,0,0,6,6,0,0
2,9,2,67,15,3,0,1.010292,0.98795,0.99009,55,0,334,100,100,0,0,0,14,18,0,6,0,64,5,190,63,0,0,3093,182,0,21,0,815,220,0,42,0,453,0,0,16,0,271,0,0,0,0,75,287,0,47,0,0,8,8,5,0,0,5,5,0,0
2,9,3,63,15,3,0,1.00186,0.986437,0.997913,51,1,459,100,100,0,0,0,6,18,6,0,0,64,5,148,63,0,0,3093,186,0,21,0,815,201,0,42,0,453,1,0,22,0,271,0,0,0,0,75,344,0,51,0,0,7,11,4,0,0,4,4,0,0
2,10,0,73,17,4,0,1.010724,0.995953,1.003602,59,1,459,100,100,0,0,0,0,2,16,8,0,64,3,152,66,0,0,2624,193,0,22,0,818,230,0,44,0,417,1,0,38,0,272,0,0,0,0,94,269,0,68,0,0,32,19,4,0,0,4,4,0,0
2,10,1,83,17,4,0,1.017773,1.003695,1.002912,67,1,459,100,100,0,0,0,2,0,20,20,2,64,3,172,78,0,0,2624,227,0,26,0,818,254,0,52,0,417,1,0,28,0,272,0,0,0,0,94,281,0,66,0,0,19,14,6,0,0,6,6,0,0
2,10,2,70,17,4,0,1.012519,0.986869,0.990714,59,0,334,100,100,0,0,0,16,20,0,8,1,64,3,201,63,0,0,2624,230,0,21,0,818,241,0,42,0,417,0,0,30,0,272,0,0,0,0,94,275,0,59,0,0,19,15,4,0,0,4,4,0,0
2,10,3,64,17,4,0,1.00438,0.986055,0.999559,54,1,459,100,100,0,0,0,8,20,8,0,1,64,3,161,63,0,0,2624,214,0,21,0,818,222,0,42,0,417,0,0,24,0,272,0,0,0,0,94,345,0,53,0,0,15,12,4,0,0,4,4,0,0
2,11,0,75,10,8,0,1.013534,0.992882,1.004092,62,1,459,100,100,0,0,0,0,4,18,10,0,60,0,167,72,0,0,2608,232,0,24,0,800,254,0,48,0,475,0,0,24,0,269,0,0,0,0,276,217,0,58,0,0,39,12,5,0,0,5,5,0,0
2,11,1,82,10,8,0,1.019329,1.00109,1.004941,70,1,459,100,100,0,0,0,4,0,22,22,2,60,0,185,81,0,0,2608,301,0,27,0,800,281,0,54,0,475,1,0,20,0,269,0,0,3,0,276,239,12,57,0,0,24,10,5,0,0,5,5,0,0
2,11,2,72,10,8,0,1.014285,0.986971,0.991842,61,0,334,100,100,0,0,0,18,22,0,10,1,60,0,208,63,0,0,2608,275,0,21,0,800,262,0,42,0,475,0,0,12,0,269,0,0,0,0,276,249,0,41,0,0,21,6,4,0,0,4,4,0,0
2,11,3,63,10,8,0,1.004304,0.985179,0.998493,57,1,459,100,100,0,0,0,10,22,10,0,1,60,0,174,66,0,0,2608,232,0,22,0,800,244,0,44,0,475,0,0,14,0,269,0,0,0,0,276,303,0,42,0,0,19,7,3,0,0,3,3,0,0
2,12,0,74,15,7,0,1.016247,0.996549,1.003978,64,1,459,100,100,0,0,0,0,6,20,12,1,60,2,171,66,0,0,3056,271,0,22,0,806,276,0,44,0,455,1,0,26,0,264,0,0,2,0,28,212,8,56,0,0,48,13,4,0,0,4,4,0,0
2,12,1,87,15,7,0,1.021256,1.002639,1.006734,75,1,459,100,100,0,0,0,6,0,24,24,2,60,2,197,81,0,0,3056,192,0,27,0,806,308,0,54,0,455,0,0,24,0,264,0,0,1,0,28,269,4,59,0,0,32,12,4,0,0,4,4,0,0
2,12,2,74,15,7,0,1.018266,0.986255,0.994953,63,1,459,100,100,0,0,0,20,24,0,12,2,60,2,214,63,0,0,3056,182,0,21,0,806,283,0,42,0,455,0,0,18,0,264,0,0,5,0,28,278,20,64,0,0,9,9,21,0,0,4,4,0,0
2,12,3,65,15,7,0,1.007065,0.984178,0.996915,59,1,459,100,100,0,0,0,12,24,12,0,1,60,2,191,66,0,0,3056,147,0,22,0,806,266,0,44,0,455,1,0,20,0,264,0,0,0,0,28,313,0,46,0,0,27,10,2,0,0,2,2,0,0
2,13,0,77,12,6,0,1.018398,0.993893,1.004373,68,1,459,100,100,0,0,0,0,6,22,14,1,56,2,181,72,0,0,2762,173,0,24,0,798,300,0,48,0,456,1,0,30,0,215,0,0,18,0,24,299,72,60,0,0,60,15,3,0,0,3,3,0,0
2,13,1,87,12,6,0,1.020957,0.999891,1.008553,75,1,459,100,100,0,0,0,6,0,26,26,2,56,2,198,75,0,0,2762,249,0,25,0,798,333,0,50,0,456,1,0,18,0,215,0,0,18,0,24,363,72,51,0,0,37,9,4,0,0,4,4,0,0
2,13,2,76,12,6,0,1.019344,0.984464,0.996414,67,1,459,100,100,0,0,0,22,26,0,12,2,56,2,220,66,0,0,2762,228,0,22,0,798,305,0,44,0,456,1,0,26,0,215,0,0,9,0,24,328,36,56,0,0,18,13,4,0,0,4,4,0,0
2,13,3,66,12,6,0,1.010217,0.98275,0.999263,59,1,459,100,100,0,0,0,14,26,12,0,1,56,2,210,69,0,0,2762,163,0,23,0,798,288,0,46,0,456,1,0,12,0,215,0,0,12,0,24,379,48,39,0,0,31,6,2,0,0,2,2,0,0
2,14,0,78,10,3,0,1.020925,0.991792,1.006839,70,1,459,100,100,0,0,0,0,6,24,16,1,56,8,193,78,0,0,2600,206,0,26,0,797,326,0,52,0,388,0,0,46,0,266,0,0,6,0,60,293,24,78,0,0,80,23,3,0,0,3,3,0,0
2,14,1,88,10,3,0,1.022961,0.995981,1.009078,77,1,459,100,100,0,0,0,6,0,28,28,2,56,8,203,78,0,0,2600,312,0,26,0,797,359,0,52,0,388,1,0,42,0,266,0,0,0,0,60,356,0,76,0,0,54,21,4,0,0,4,4,0,0
2,14,2,79,10,3,0,1.020468,0.983061,0.99957,71,1,459,100,100,0,0,0,24,28,0,12,2,56,8,221,66,0,0,2600,298,0,22,0,797,327,0,44,0,388,0,0,40,0,266,0,0,0,0,60,320,0,68,0,0,35,20,3,0,0,3,3,0,0
2,14,3,68,10,3,0,1.010295,0.983844,0.998708,61,1,459,100,100,0,0,0,16,28,12,0,1,56,8,225,69,0,0,2600,178,0,23,0,797,311,0,46,0,388,0,0,28,0,266,0,0,0,0,60,385,0,57,0,0,42,14,3,0,0,3,3,0,0
2,15,0,78,14,14,0,1.026592,0.99201,1.009468,70,2,584,100,100,0,0,0,0,8,26,18,1,52,0,198,72,0,0,2960,240,0,24,0,791,350,0,48,0,544,0,0,0,0,119,5,0,34,0,0,412,136,47,0,0,60,0,20,0,0,3,3,0,0
2,15,1,88,14,14,0,1.023465,0.995896,1.009835,78,2,584,100,100,0,0,0,8,0,30,30,2,52,0,197,72,0,0,2960,200,0,24,0,791,383,0,48,0,544,1,0,0,0,119,11,0,34,0,0,410,136,49,0,0,33,0,21,0,0,4,4,0,0
2,15,2,77,14,14,0,1.021557,0.983006,1.003282,68,2,584,100,100,0,0,0,26,30,0,14,2,52,0,215,60,0,0,2960,199,0,20,0,791,347,0,40,0,544,0,0,0,0,119,2,0,34,0,0,416,136,43,0,0,15,0,20,0,0,3,3,0,0
2,15,3,70,14,14,0,1.011443,0.98453,0.998131,62,2,584,100,100,0,0,0,18,30,14,0,1,52,0,236,66,0,0,2960,192,0,22,0,791,333,0,44,0,544,0,0,0,0,119,0,0,27,0,0,416,108,43,0,0,23,0,19,0,0,2,2,0,0
2,16,0,83,12,8,0,1.029733,0.991415,1.010672,73,3,709,100,100,0,0,0,0,10,28,20,2,52,1,205,72,0,0,2568,282,0,24,0,811,373,0,48,0,526,1,0,8,0,150,5,0,34,0,100,537,136,55,0,0,44,4,20,0,0,3,3,0,0
2,16,1,89,12,8,0,1.026985,0.993692,1.010825,80,3,709,100,100,0,0,0,10,0,32,32,2,52,1,197,75,0,0,2568,271,0,25,0,811,408,0,50,0,526,1,0,8,0,150,5,0,34,0,100,536,136,56,0,0,17,4,20,0,0,3,3,0,0
2,16,2,77,12,8,0,1.024284,0.981615,1.00194,69,2,584,100,100,0,0,0,28,32,0,16,2,52,1,210,60,0,0,2568,286,0,20,0,811,366,0,40,0,526,1,0,0,0,150,0,0,32,0,100,558,128,26,0,0,12,0,3,0,0,3,3,0,0
2,16,3,68,12,8,0,1.016071,0.984088,0.997127,60,3,709,100,100,0,0,0,20,32,16,0,2,52,1,245,66,0,0,2568,204,0,22,0,811,355,0,44,0,526,0,0,0,0,150,0,0,18,0,100,493,72,45,0,0,3,0,20,0,0,3,3,0,0
2,17,0,86,14,2,0,1.030684,0.989591,1.011791,76,4,834,100,100,0,0,0,0,10,30,22,2,48,1,212,78,0,0,3096,173,0,26,0,803,399,0,52,0,481,0,0,22,0,236,0,0,20,0,117,594,80,73,0,0,34,11,21,0,0,4,4,0,0
2,17,1,92,14,2,0,1.027812,0.991993,1.012491,82,3,709,100,100,0,0,0,10,0,34,34,2,48,1,193,75,0,0,3096,157,0,25,0,803,433,0,50,0,481,0,0,18,0,236,0,0,16,0,117,601,64,49,0,0,23,9,3,0,0,3,3,0,0
2,17,2,80,14,2,0,1.02564,0.980657,1.005265,72,3,709,100,100,0,0,0,30,34,0,16,2,48,1,206,60,0,0,3096,189,0,20,0,803,386,0,40,0,481,0,0,18,0,236,0,0,7,0,117,535,28,61,0,0,1,9,20,0,0,3,3,0,0
2,17,3,71,14,2,0,1.018528,0.98563,0.997538,62,3,709,100,100,0,0,0,22,34,16,0,2,48,1,258,69,0,0,3096,209,0,23,0,803,378,0,46,0,481,0,0,8,0,236,0,0,3,0,117,501,12,37,0,0,4,4,3,0,0,3,3,0,0
2,18,0,86,10,7,0,1.033035,0.991427,1.013608,78,4,834,100,100,0,0,0,0,10,32,24,2,48,0,211,75,0,0,2528,222,0,25,0,806,424,0,50,0,430,0,0,34,0,247,0,0,7,0,47,612,28,65,0,0,48,17,3,0,0,3,3,0,0
2,18,1,91,10,7,0,1.027809,0.993125,1.012629,82,4,834,100,100,0,0,0,10,0,36,36,2,48,0,183,72,0,0,2528,233,0,24,0,806,457,0,48,0,430,1,0,28,0,247,0,0,8,0,47,625,32,77,0,0,16,14,21,0,0,4,4,0,0
2,18,2,82,10,7,0,1.026272,0.980353,1.006815,75,3,709,100,100,0,0,0,32,36,0,16,2,48,0,196,60,0,0,2528,289,0,20,0,806,406,0,40,0,430,0,0,30,0,247,0,0,8,0,47,565,32,56,0,0,13,15,3,0,0,3,3,0,0
2,18,3,73,10,7,0,1.022028,0.981991,0.997108,63,3,709,100,100,0,0,0,24,36,16,0,2,48,0,266,69,0,0,2528,203,0,23,0,806,401,0,46,0,430,0,0,18,0,247,0,0,2,0,47,537,8,47,0,0,10,9,3,0,0,3,3,0,0
2,19,0,80,10,15,0,1.03416,0.991272,1.016075,75,4,834,100,100,0,0,0,0,12,34,26,2,44,0,210,72,0,0,2752,264,0,24,0,806,448,0,48,0,426,0,0,28,0,253,0,0,8,0,10,642,32,56,0,0,60,14,2,0,0,2,2,0,0
2,19,1,93,10,15,0,1.031081,0.990403,1.011361,83,4,834,100,100,0,0,0,12,0,38,38,2,44,0,174,72,0,0,2752,310,0,24,0,806,481,0,48,0,426,0,0,36,0,253,0,0,4,0,10,644,16,66,0,0,31,18,3,0,0,3,3,0,0
2,19,2,83,10,15,0,1.027156,0.981016,1.009552,77,4,834,100,100,0,0,0,34,38,0,18,2,44,0,180,57,0,0,2752,188,0,19,0,806,425,0,38,0,426,0,0,32,0,253,0,0,4,0,10,586,16,72,0,0,10,16,19,0,0,2,2,0,0
2,19,3,71,10,15,0,1.02594,0.9807,0.997008,62,3,709,100,100,0,0,0,26,38,18,0,2,44,0,264,60,0,0,2752,206,0,20,0,806,421,0,40,0,426,1,0,20,0,253,0,0,2,0,10,569,8,48,0,0,16,10,4,0,0,4,4,0,0
2,20,0,81,11,13,0,1.038107,0.991586,1.017967,75,5,959,100,100,0,0,0,0,12,36,28,2,44,3,208,69,0,0,2896,161,0,23,0,821,471,0,46,0,491,0,0,16,0,162,0,0,32,0,15,785,128,60,0,0,49,8,19,0,0,2,2,0,0
2,20,1,93,11,13,0,1.032748,0.989259,1.012363,84,5,959,100,100,0,0,0,12,0,40,40,2,44,3,161,72,0,0,2896,193,0,24,0,821,502,0,48,0,491,0,0,16,0,162,0,0,23,0,15,746,92,65,0,0,18,8,21,0,0,4,4,0,0
2,20,2,81,11,13,0,1.028149,0.980316,1.015752,74,4,834,100,100,0,0,0,36,40,0,18,2,44,3,167,60,0,0,2896,277,0,20,0,821,445,0,40,0,491,0,0,8,0,162,0,0,30,0,15,729,120,32,0,0,12,4,2,0,0,2,2,0,0
2,20,3,70,11,13,0,1.029631,0.978122,0.997631,62,4,834,100,100,0,0,0,28,40,18,0,2,44,3,266,60,0,0,2896,203,0,20,0,821,438,0,40,0,491,0,0,10,0,162,0,0,20,0,15,666,80,53,0,0,1,5,20,0,0,3,3,0,0
2,21,0,78,4,9,0,1.038692,0.990664,1.020051,73,6,1084,100,100,0,0,0,0,12,38,30,2,40,0,213,75,0,0,2736,207,0,25,0,821,496,0,50,0,475,0,0,16,0,168,0,0,30,0,300,843,120,62,0,0,38,8,19,0,0,2,2,0,0
2,21,1,92,4,9,0,1.032324,0.989603,1.013754,86,5,959,100,100,0,0,0,12,0,42,42,2,40,0,149,72,0,0,2736,292,0,24,0,821,526,0,48,0,475,0,0,22,0,168,0,0,16,0,300,758,64,52,0,0,26,11,3,0,0,3,3,0,0
2,21,2,81,4,9,0,1.02814,0.981304,1.016603,75,4,834,100,100,0,0,0,38,42,0,18,2,40,0,156,60,0,0,2736,176,0,20,0,821,465,0,40,0,475,1,0,10,0,168,0,0,30,0,300,808,120,36,0,0,14,5,3,0,0,3,3,0,0
2,21,3,69,4,9,0,1.028387,0.977956,1.000165,63,4,834,100,100,0,0,0,30,42,18,0,2,40,0,266,60,0,0,2736,193,0,20,0,821,458,0,40,0,475,1,0,18,0,168,0,0,15,0,300,682,60,44,0,0,7,9,3,0,0,3,3,0,0
2,22,0,74,9,9,0,1.040046,0.991258,1.019758,71,7,1209,100,100,0,0,0,0,14,40,32,2,40,0,216,72,0,0,2768,257,0,24,0,818,520,0,48,0,495,0,0,12,0,160,0,0,23,0,25,929,92,55,0,0,26,6,18,0,0,1,1,0,0
2,22,1,96,9,9,0,1.033635,0.987057,1.015824,89,6,1084,100,100,0,0,0,14,0,44,44,2,40,0,141,75,0,0,2768,175,0,25,0,818,551,0,50,0,495,0,0,12,0,160,0,0,26,0,25,901,104,58,0,0,13,6,19,0,0,2,2,0,0
2,22,2,81,9,9,0,1.027103,0.982079,1.017517,76,5,959,100,100,0,0,0,40,44,0,18,2,40,0,145,60,0,0,2768,267,0,20,0,818,485,0,40,0,495,0,0,10,0,160,0,0,26,0,25,793,104,51,0,0,0,5,19,0,0,2,2,0,0
2,22,3,69,9,9,0,1.030409,0.973715,1.002189,64,4,834,100,100,0,0,0,32,44,18,0,2,40,0,269,60,0,0,2768,176,0,20,0,818,478,0,40,0,495,0,0,12,0,160,0,0,27,0,25,810,108,36,0,0,11,6,2,0,0,2,2,0,0
2,23,0,69,7,24,0,1.043161,0.990401,1.020756,66,8,1334,100,100,0,0,0,0,16,42,34,2,36,0,226,75,0,0,2904,158,0,25,0,810,545,0,50,0,521,1,0,2,0,156,0,0,15,0,19,1026,60,46,0,0,9,1,18,0,0,1,1,0,0
2,23,1,92,7,24,0,1.034115,0.983145,1.011826,84,6,1084,100,100,0,0,0,16,0,46,46,2,36,0,131,78,0,0,2904,253,0,26,0,810,576,0,52,0,521,0,0,8,0,156,0,0,21,0,19,995,84,40,0,0,14,4,3,0,0,3,3,0,0
2,23,2,75,7,24,0,1.029462,0.980933,1.013261,71,5,959,100,100,0,0,0,42,46,0,20,3,36,0,129,60,0,0,2904,166,0,20,0,810,505,0,40,0,521,1,0,0,0,156,0,0,23,0,19,939,92,20,0,0,0,0,0,0,0,0,0,0,0
2,23,3,67,7,24,0,1.03086,0.971676,1.001798,62,4,834,100,100,0,0,0,34,46,20,0,3,36,0,270,63,0,0,2904,150,0,21,0,810,499,0,42,0,521,0,0,10,0,156,0,0,24,0,19,809,96,35,0,0,14,5,2,0,0,2,2,0,0
2,24,0,66,8,15,0,1.045666,0.990126,1.018018,62,8,1334,100,100,0,0,0,0,16,44,36,2,36,2,236,69,0,0,2568,210,0,23,0,911,543,0,46,0,544,1,0,0,0,179,0,0,20,0,219,1090,80,25,0,0,8,0,1,0,0,1,1,0,0
2,24,1,91,8,15,0,1.036815,0.98271,1.013822,84,6,1084,100,100,0,0,0,16,0,48,48,2,36,2,122,75,0,0,2568,360,0,25,0,911,579,0,50,0,544,0,0,0,0,179,0,0,25,0,219,1053,100,31,0,0,11,0,3,0,0,3,3,0,0
2,24,2,74,8,15,0,1.028153,0.979187,1.013694,68,5,959,100,100,0,0,0,44,48,0,22,3,36,2,119,57,0,0,2568,264,0,19,0,911,498,0,38,0,544,1,0,0,0,179,0,0,18,0,219,940,72,19,0,0,0,0,0,0,0,0,0,0,0
2,24,3,65,8,15,0,1.032162,0.971415,1.003047,60,4,834,100,100,0,0,0,36,48,22,0,3,36,2,273,63,0,0,2568,118,0,21,0,911,491,0,42,0,544,0,0,0,0,179,0,0,27,0,219,809,108,25,0,0,12,0,2,0,0,2,2,0,0
2,25,0,64,2,15,0,1.047722,0.989296,1.016471,60,8,1334,100,100,0,0,0,0,18,46,38,2,32,3,244,66,0,0,3000,266,0,22,0,821,565,0,44,0,522,1,0,0,0,147,0,0,24,0,100,1205,96,26,0,0,6,0,2,0,0,2,2,0,0
2,25,1,88,2,15,0,1.038344,0.985396,1.012934,86,6,1084,100,100,0,0,0,18,0,50,50,2,32,3,114,75,0,0,3000,244,0,25,0,821,604,0,50,0,522,1,0,4,0,147,0,0,34,0,100,1057,136,31,0,0,12,2,1,0,0,1,1,0,0
2,25,2,69,2,15,0,1.030485,0.974562,1.013013,63,5,959,100,100,0,0,0,46,50,0,24,3,32,3,104,54,0,0,3000,172,0,18,0,821,516,0,36,0,522,1,0,0,0,147,0,0,30,0,100,941,120,18,0,0,0,0,0,0,0,0,0,0,0
2,25,3,62,2,15,0,1.032415,0.970932,1.001576,58,4,834,100,100,0,0,0,38,50,24,0,3,32,3,277,63,0,0,3000,88,0,21,0,821,512,0,42,0,522,1,0,12,0,147,3,0,26,0,100,809,104,37,0,0,16,6,2,0,0,2,2,0,0
2,26,0,63,8,9,0,1.050191,0.988757,1.017399,60,8,1334,100,100,0,0,0,0,20,48,40,3,32,0,247,60,0,0,2768,182,0,20,0,830,585,0,40,0,463,1,0,14,0,272,0,0,0,0,36,1244,0,36,0,0,12,7,1,0,0,1,1,0,0
2,26,1,87,8,9,0,1.038903,0.983683,1.011542,85,7,1209,100,100,0,0,0,20,0,52,52,3,32,0,102,69,0,0,2768,341,0,23,0,830,627,0,46,0,463,1,0,26,0,272,0,0,0,0,36,1016,0,68,0,0,7,13,18,0,0,1,1,0,0
2,26,2,69,8,9,0,1.030648,0.972551,1.01613,59,5,959,100,100,0,0,0,48,52,0,26,3,32,0,93,48,0,0,2768,247,0,16,0,830,532,0,32,0,463,1,0,16,0,272,0,0,0,0,36,921,0,38,0,0,5,8,3,0,0,3,3,0,0
2,26,3,63,8,9,0,1.035379,0.970193,1.003479,59,5,959,100,100,0,0,0,40,52,26,0,3,32,0,286,63,0,0,2768,53,0,21,0,830,533,0,42,0,463,0,0,26,0,272,0,0,3,0,36,772,12,66,0,0,11,13,18,0,0,1,1,0,0
2,27,0,64,5,5,0,1.05104,0.987385,1.018097,61,8,1334,100,100,0,0,0,0,20,50,44,3,28,3,249,60,0,0,2990,250,0,20,0,839,605,0,40,0,525,1,0,4,0,156,0,0,22,0,63,1312,88,26,0,0,13,2,1,0,0,1,1,0,0
2,27,1,87,5,5,0,1.040013,0.98451,1.011261,85,7,1209,100,100,0,0,0,20,0,54,56,3,28,3,93,69,0,0,2990,230,0,23,0,839,650,0,46,0,525,1,0,4,0,156,0,0,30,0,63,1182,120,29,0,0,8,2,1,0,0,1,1,0,0
2,27,2,66,5,5,0,1.031635,0.97421,1.018957,58,5,959,100,100,0,0,0,50,54,0,28,3,28,3,82,54,0,0,2990,159,0,18,0,839,550,0,36,0,525,0,0,4,0,156,0,0,27,0,63,933,108,30,0,0,3,2,4,0,0,4,4,0,0
2,27,3,65,5,5,0,1.034171,0.970922,1.002985,60,5,959,100,100,0,0,0,44,56,28,0,3,28,3,296,66,0,0,2990,29,0,22,0,839,555,0,44,0,525,0,0,8,0,156,8,0,26,0,63,889,104,34,0,0,13,4,2,0,0,2,2,0,0
2,28,0,65,4,6,0,1.052103,0.988977,1.017279,62,8,1334,100,100,0,0,0,0,20,50,48,3,28,0,254,63,0,0,2756,164,0,21,0,833,626,0,42,0,419,0,0,28,0,262,0,0,0,0,29,1283,0,51,0,0,26,14,1,0,0,1,1,0,0
2,28,1,85,4,6,0,1.039315,0.98729,1.011057,84,8,1334,100,100,0,0,0,20,0,56,60,3,28,0,81,69,0,0,2756,335,0,23,0,833,673,0,46,0,419,0,0,28,0,262,0,0,5,0,29,1147,20,70,0,0,4,14,18,0,0,1,1,0,0
2,28,2,66,4,6,0,1.033166,0.975242,1.02042,61,5,959,100,100,0,0,0,50,56,0,30,3,28,0,76,54,0,0,2756,202,0,18,0,833,568,0,36,0,419,0,0,30,0,262,0,0,0,0,29,907,0,52,0,0,16,15,2,0,0,2,2,0,0
2,28,3,64,4,6,0,1.037118,0.969494,1.001857,60,6,1084,100,100,0,0,0,48,60,30,0,3,28,0,297,60,0,0,2756,31,0,20,0,833,575,0,40,0,419,1,0,40,0,262,0,0,10,0,29,898,40,79,0,0,15,20,18,0,0,1,1,0,0
2,29,0,64,3,14,0,1.051976,0.989225,1.015537,61,8,1334,100,100,0,0,0,0,22,52,50,3,24,0,255,60,0,0,2823,231,0,20,0,845,646,0,40,0,419,0,0,24,0,272,0,0,0,0,45,1282,0,46,0,0,37,12,1,0,0,1,1,0,0
2,29,1,80,3,14,0,1.039254,0.99073,1.013548,80,8,1334,100,100,0,0,0,22,0,58,62,3,24,0,62,60,0,0,2823,230,0,20,0,845,693,0,40,0,419,1,0,28,0,272,0,0,0,0,45,1192,0,48,0,0,18,14,0,0,0,0,0,0,0
2,29,2,65,3,14,0,1.035043,0.973895,1.022361,60,6,1084,100,100,0,0,0,52,58,0,32,3,24,0,68,51,0,0,2823,239,0,17,0,845,585,0,34,0,419,1,0,26,0,272,0,0,0,0,45,895,0,64,0,0,10,13,19,0,0,2,2,0,0
2,29,3,60,3,14,0,1.037041,0.971752,0.999147,57,6,1084,100,100,0,0,0,50,62,32,0,3,24,0,294,54,0,0,2823,46,0,18,0,845,593,0,36,0,419,1,0,36,0,272,0,0,0,0,45,893,0,58,0,0,31,18,2,0,0,2,2,0,0
2,30,0,63,4,23,0,1.055324,0.990993,1.014847,60,8,1334,100,100,0,0,0,0,24,54,52,3,24,0,257,60,0,0,2952,147,0,20,0,961,642,0,40,0,498,0,0,8,0,214,0,0,10,0,14,1312,40,30,0,0,40,4,1,0,0,1,1,0,0
2,30,1,62,4,23,0,1.032076,0.991098,1.010887,62,8,1334,100,100,0,0,0,24,0,60,64,3,24,0,54,51,0,0,2952,287,0,17,0,961,690,0,34,0,498,1,0,6,0,214,0,0,6,0,14,1252,24,23,0,0,21,3,0,0,0,0,0,0,0
2,30,2,66,4,23,0,1.035989,0.974567,1.02336,62,6,1084,100,100,0,0,0,54,60,0,34,3,24,0,60,51,0,0,2952,157,0,17,0,961,579,0,34,0,498,0,0,8,0,214,0,0,18,0,14,1019,72,29,0,0,12,4,2,0,0,2,2,0,0
2,30,3,59,4,23,0,1.032117,0.972325,0.999239,56,7,1209,100,100,0,0,0,52,64,34,0,3,24,0,293,54,0,0,2952,38,0,18,0,961,589,0,36,0,498,0,0,20,0,214,0,0,18,0,14,964,72,57,0,0,23,10,18,0,0,1,1,0,0
2,31,0,59,2,20,0,1.055948,0.987507,1.015417,57,8,1334,100,100,0,0,0,0,24,56,54,3,20,0,261,63,0,0,2836,207,0,21,0,875,663,0,42,0,521,1,0,4,0,229,0,0,6,0,46,1311,24,27,0,0,41,2,1,0,0,1,1,0,0
2,31,1,59,2,20,0,1.028451,0.989837,1.007316,58,8,1334,100,100,0,0,0,24,0,62,66,3,20,0,50,48,0,0,2836,209,0,16,0,875,706,0,32,0,521,0,0,4,0,229,0,0,6,0,46,1318,24,20,0,0,23,2,0,0,0,0,0,0,0
2,31,2,58,2,20,0,1.03377,0.971871,1.024248,58,6,1084,100,100,0,0,0,56,62,0,36,3,20,0,47,45,0,0,2836,195,0,15,0,875,594,0,30,0,521,1,0,8,0,229,0,0,9,0,46,1069,36,23,0,0,16,4,0,0,0,0,0,0,0
2,31,3,56,2,20,0,1.028397,0.974952,0.998095,53,8,1334,100,100,0,0,0,54,66,36,0,3,20,0,292,54,0,0,2836,46,0,18,0,875,607,0,36,0,521,0,0,4,0,229,0,0,22,0,46,1064,88,41,0,0,7,2,18,0,0,1,1,0,0
2,32,0,60,3,20,0,1.057215,0.988218,1.014636,58,8,1334,100,100,0,0,0,0,24,58,56,3,20,0,271,63,0,0,2736,269,0,21,0,890,684,0,42,0,520,1,0,12,0,242,0,0,3,0,76,1303,12,35,0,0,46,6,1,0,0,1,1,0,0
2,32,1,52,3,20,0,1.027632,0.99319,1.003122,51,8,1334,100,100,0,0,0,24,0,64,68,3,20,0,43,39,0,0,2736,261,0,13,0,890,719,0,26,0,520,0,0,0,0,242,0,0,8,0,76,1321,32,13,0,0,23,0,0,0,0,0,0,0,0
2,32,2,48,3,20,0,1.029097,0.975985,1.020779,48,6,1084,100,100,0,0,0,58,64,0,36,3,20,0,42,39,0,0,2736,240,0,13,0,890,607,0,26,0,520,1,0,0,0,242,0,0,6,0,76,1071,24,13,0,0,16,0,0,0,0,0,0,0,0
2,32,3,55,3,20,0,1.026757,0.975543,0.996139,52,8,1334,100,100,0,0,0,56,68,36,0,3,20,0,293,54,0,0,2736,38,0,18,0,890,625,0,36,0,520,0,0,12,0,242,0,0,10,0,76,1132,40,32,0,0,12,6,1,0,0,1,1,0,0
2,33,0,60,1,14,0,1.057215,0.988218,1.014636,59,8,1334,100,100,0,0,0,0,26,60,58,3,20,0,281,66,0,0,3127,187,0,22,0,893,706,0,44,0,522,1,0,6,0,252,0,0,3,0,9,1308,12,30,0,0,48,3,1,0,0,1,1,0,0
2,33,1,45,1,14,0,1.025161,0.99891,0.99663,44,8,1334,100,100,0,0,0,26,0,66,70,3,20,0,36,33,0,0,3127,198,0,11,0,893,730,0,22,0,522,1,0,2,0,252,0,0,3,0,9,1321,12,15,0,0,23,1,1,0,0,1,1,0,0
2,33,2,43,1,14,0,1.025409,0.975621,1.015977,43,7,1209,100,100,0,0,0,60,66,0,38,3,20,0,35,33,0,0,3127,181,0,11,0,893,618,0,22,0,522,0,0,4,0,252,0,0,3,0,9,1056,12,32,0,0,1,2,17,0,0,0,0,0,0
2,33,3,54,1,14,0,1.028028,0.974361,0.994973,52,8,1334,100,100,0,0,0,58,70,38,0,3,20,0,293,51,0,0,3127,39,0,17,0,893,642,0,34,0,522,0,0,10,0,252,0,0,11,0,9,1204,44,29,0,0,16,5,1,0,0,1,1,0,0
2,34,0,59,0,18,0,1.057672,0.987031,1.013617,59,8,1334,100,100,0,0,0,0,28,64,60,3,20,0,289,66,0,0,2793,241,0,22,0,908,728,0,44,0,490,0,0,16,0,272,0,0,0,0,136,1296,0,38,0,0,56,8,0,0,0,0,0,0,0
2,34,1,37,0,18,0,1.014204,1.006405,0.991193,37,8,1334,100,100,0,0,0,28,0,68,74,3,20,0,33,30,0,0,2793,239,0,10,0,908,740,0,20,0,490,0,0,10,0,272,0,0,0,0,136,1314,0,20,0,0,28,5,0,0,0,0,0,0,0
2,34,2,36,0,18,0,1.021818,0.981382,0.998838,36,7,1209,100,100,0,0,0,64,68,0,40,3,20,0,33,30,0,0,2793,216,0,10,0,908,628,0,20,0,490,1,0,2,0,272,0,0,0,0,136,1081,0,12,0,0,2,1,0,0,0,0,0,0,0
2,34,3,52,0,18,0,1.030258,0.974457,0.997938,52,8,1334,100,100,0,0,0,60,74,40,0,3,20,0,288,48,0,0,2793,40,0,16,0,908,658,0,32,0,490,1,0,26,0,272,0,0,0,0,136,1213,0,42,0,0,29,13,0,0,0,0,0,0,0
2,35,0,55,1,12,0,1.057481,0.985859,1.013652,55,8,1334,100,100,0,0,0,0,30,68,62,3,20,1,297,66,0,0,3132,160,0,22,0,914,750,0,44,0,510,1,0,4,0,263,0,0,4,0,63,1312,16,26,0,0,58,2,0,0,0,0,0,0,0
2,35,1,34,1,12,0,1.01135,1.004035,0.994601,34,8,1334,100,100,0,0,0,30,0,70,78,3,20,1,33,30,0,0,3132,192,0,10,0,914,750,0,20,0,510,0,0,0,0,263,0,0,4,0,63,1324,16,10,0,0,28,0,0,0,0,0,0,0,0
2,35,2,34,1,12,0,1.020178,0.985115,0.996383,34,7,1209,100,100,0,0,0,68,70,0,44,3,20,1,34,30,0,0,3132,170,0,10,0,914,638,0,20,0,510,0,0,4,0,263,0,0,0,0,63,1136,0,14,0,0,4,2,0,0,0,0,0,0,0
2,35,3,50,1,12,0,1.029209,0.971846,0.997114,49,8,1334,100,100,0,0,0,62,78,44,0,3,20,1,286,48,0,0,3132,40,0,16,0,914,674,0,32,0,510,0,0,24,0,263,0,0,1,0,63,1214,4,40,0,0,41,12,0,0,0,0,0,0,0
2,36,0,52,2,5,0,1.055421,0.984574,1.013793,52,8,1334,100,100,0,0,0,0,34,70,64,3,20,0,308,63,0,0,2822,212,0,21,0,914,771,0,42,0,535,0,0,6,0,233,0,0,3,0,151,1311,12,27,0,0,61,3,0,0,0,0,0,0,0
2,36,1,35,2,5,0,1.012832,1.009421,0.994903,33,8,1334,100,100,0,0,0,34,0,72,80,3,20,0,34,30,0,0,2822,244,0,10,0,914,760,0,20,0,535,0,0,2,0,233,0,0,3,0,151,1324,12,12,0,0,29,1,0,0,0,0,0,0,0
2,36,2,33,2,5,0,1.021165,0.983688,0.995012,33,7,1209,100,100,0,0,0,70,72,0,46,3,20,0,34,30,0,0,2822,198,0,10,0,914,648,0,20,0,535,0,0,0,0,233,0,0,3,0,151,1177,12,10,0,0,4,0,0,0,0,0,0,0,0
2,36,3,50,2,5,0,1.029209,0.971846,0.997114,49,8,1334,100,100,0,0,0,64,80,46,0,3,20,0,285,48,0,0,2822,48,0,16,0,914,690,0,32,0,535,0,0,2,0,233,0,0,24,0,151,1316,96,20,0,0,41,1,1,0,0,1,1,0,0
2,37,0,53,2,3,0,1.056455,0.98318,1.013403,52,8,1334,100,100,0,0,0,0,36,72,66,3,20,0,324,63,0,0,2934,267,0,21,0,914,792,0,42,0,496,1,0,8,0,272,0,0,0,0,102,1305,0,29,0,0,65,4,0,0,0,0,0,0,0
2,37,1,35,2,3,0,1.012832,1.009421,0.994903,33,8,1334,100,100,0,0,0,36,0,74,82,3,20,0,37,33,0,0,2934,198,0,11,0,914,771,0,22,0,496,1,0,8,0,272,0,0,0,0,102,1313,0,21,0,0,32,4,1,0,0,1,1,0,0
2,37,2,34,2,3,0,1.019737,0.984724,0.996495,33,7,1209,100,100,0,0,0,72,74,0,48,3,20,0,36,30,0,0,2934,227,0,10,0,914,658,0,20,0,496,1,0,2,0,272,0,0,0,0,102,1197,0,12,0,0,5,1,0,0,0,0,0,0,0
2,37,3,47,2,3,0,1.027951,0.972472,0.998681,47,8,1334,100,100,0,0,0,66,82,48,0,3,20,0,288,48,0,0,2934,48,0,16,0,914,706,0,32,0,496,0,0,24,0,272,0,0,0,0,102,1294,0,40,0,0,53,12,0,0,0,0,0,0,0
2,38,0,54,3,6,0,1.056354,0.98366,1.015286,52,8,1334,100,100,0,0,0,0,36,74,68,3,20,0,339,63,0,0,3040,193,0,21,0,914,813,0,42,0,508,0,0,10,0,258,0,0,0,0,95,1301,0,33,0,0,69,5,1,0,0,1,1,0,0
2,38,1,33,3,6,0,1.01137,0.999414,0.990294,31,8,1334,100,100,0,0,0,36,0,76,84,3,20,0,37,30,0,0,3040,249,0,10,0,914,781,0,20,0,508,1,0,6,0,258,0,0,3,0,95,1320,12,18,0,0,34,3,1,0,0,1,1,0,0
2,38,2,33,3,6,0,1.019711,0.985663,0.997939,32,7,1209,100,100,0,0,0,74,76,0,50,3,20,0,37,30,0,0,3040,183,0,10,0,914,668,0,20,0,508,0,0,4,0,258,0,0,2,0,95,1195,8,16,0,0,6,2,1,0,0,1,1,0,0
2,38,3,46,3,6,0,1.028522,0.971855,1.001517,45,8,1334,100,100,0,0,0,68,84,50,0,3,20,0,293,48,0,0,3040,49,0,16,0,914,722,0,32,0,508,0,0,18,0,258,0,0,6,0,95,1310,24,34,0,0,62,9,0,0,0,0,0,0,0
2,39,0,51,0,12,0,1.054804,0.982487,1.017763,50,8,1334,100,100,0,0,0,0,40,76,70,3,20,2,344,57,0,0,2936,248,0,19,0,914,832,0,38,0,505,1,0,8,0,271,0,0,0,0,138,1296,0,29,0,0,72,4,1,0,0,1,1,0,0
2,39,1,29,0,12,0,1.011872,0.99649,0.993901,28,8,1334,100,100,0,0,0,40,0,78,88,3,20,2,33,24,0,0,2936,208,0,8,0,914,789,0,16,0,505,1,0,4,0,271,0,0,0,0,138,1320,0,14,0,0,35,2,1,0,0,1,1,0,0
2,39,2,32,0,12,0,1.020479,0.981907,0.999328,32,7,1209,100,100,0,0,0,76,78,0,52,3,20,2,36,30,0,0,2936,204,0,10,0,914,678,0,20,0,505,0,0,6,0,271,0,0,0,0,138,1193,0,16,0,0,9,3,0,0,0,0,0,0,0
2,39,3,42,0,12,0,1.030507,0.968751,1.001748,41,8,1334,100,100,0,0,0,70,88,52,0,3,20,2,292,42,0,0,2936,45,0,14,0,914,736,0,28,0,505,0,0,16,0,271,0,0,1,0,138,1302,4,32,0,0,69,8,1,0,0,1,1,0,0
2,40,0,49,3,4,0,1.050561,0.981215,1.01954,48,8,1334,100,100,0,0,0,0,42,78,72,3,20,0,350,54,0,0,3144,179,0,18,0,974,836,0,36,0,532,0,0,4,0,239,0,0,6,0,33,1316,24,22,0,0,74,2,0,0,0,0,0,0,0
2,40,1,29,3,4,0,1.011872,0.99649,0.993901,29,8,1334,100,100,0,0,0,42,0,80,92,3,20,0,34,24,0,0,3144,171,0,8,0,974,795,0,16,0,532,0,0,4,0,239,0,0,3,0,33,1326,12,12,0,0,37,2,0,0,0,0,0,0,0
2,40,2,33,3,4,0,1.022284,0.984967,1.001686,32,7,1209,100,100,0,0,0,78,80,0,52,3,20,0,39,30,0,0,3144,162,0,10,0,974,679,0,20,0,532,0,0,0,0,239,0,0,6,0,33,1199,24,10,0,0,9,0,0,0,0,0,0,0,0
2,40,3,42,3,4,0,1.034832,0.963398,0.997644,41,8,1334,100,100,0,0,0,72,92,52,0,3,20,0,297,42,0,0,3144,45,0,14,0,974,736,0,28,0,532,0,0,6,0,239,0,0,15,0,33,1320,60,20,0,0,72,3,0,0,0,0,0,0,0
5,1,0,51,12,5,0,0.995299,0.985343,1.00012,0,0,334,100,100,0,0,0,0,0,2,2,0,80,19,49,36,0,0,2816,201,0,12,0,932,62,0,24,0,482,1,0,48,0,218,17,0,24,0,300,85,96,78,0,0,15,24,9,0,0,9,9,0,0
5,1,1,51,12,5,0,0.996416,0.991713,0.995154,0,0,334,100,100,0,0,0,0,0,2,2,0,80,19,49,36,0,0,2816,193,0,12,0,932,62,0,24,0,482,1,0,46,0,218,16,0,23,0,300,83,92,76,0,0,14,23,9,0,0,9,9,0,0
5,1,2,53,12,5,0,0.99595,0.990506,0.999259,0,0,334,100,100,0,0,0,2,2,0,0,0,80,19,51,36,0,0,2816,201,0,12,0,932,62,0,24,0,482,5,0,48,0,218,13,0,24,0,300,85,96,78,0,0,15,24,9,0,0,9,9,0,0
5,1,3,52,12,5,0,0.994971,0.989246,0.993992,0,0,334,100,100,0,0,0,2,2,0,0,0,80,19,52,36,0,0,2816,201,0,12,0,932,62,0,24,0,482,1,0,48,0,218,13,0,24,0,300,85,96,78,0,0,15,24,9,0,0,9,9,0,0
5,2,0,53,18,6,0,0.996733,0.985365,1.005474,9,0,334,100,100,0,0,0,0,0,4,4,0,80,3,51,36,0,0,2784,226,0,12,0,941,74,0,24,0,508,1,0,10,0,199,16,0,22,0,152,166,88,40,0,0,11,5,9,0,0,9,9,0,0
5,2,1,53,18,6,0,1.003085,0.992079,0.998894,9,0,334,100,100,0,0,0,0,0,4,4,0,80,3,55,39,0,0,2784,217,0,13,0,941,75,0,26,0,508,0,0,10,0,199,10,0,24,0,152,175,96,41,0,0,10,5,9,0,0,9,9,0,0
5,2,2,56,18,6,0,1.000563,0.989876,1.002825,9,0,334,100,100,0,0,0,4,4,0,0,0,80,3,53,36,0,0,2784,256,0,12,0,941,74,0,24,0,508,1,0,12,0,199,2,0,27,0,152,187,108,42,0,0,12,6,9,0,0,9,9,0,0
5,2,3,57,18,6,0,0.995814,0.9909,0.991142,8,0,334,100,100,0,0,0,4,4,0,0,0,80,3,48,33,0,0,2784,250,0,11,0,941,73,0,22,0,508,0,0,10,0,199,5,0,26,0,152,186,104,39,0,0,11,5,9,0,0,9,9,0,0
5,3,0,55,12,8,0,0.999481,0.983236,1.00411,18,0,334,100,100,0,0,0,0,0,6,6,0,76,6,52,36,0,0,3112,161,0,12,0,948,84,0,24,0,397,1,0,42,0,272,0,0,16,0,274,158,64,72,0,0,23,21,9,0,0,9,9,0,0
5,3,1,54,12,8,0,1.00407,0.996412,0.997686,18,0,334,100,100,0,0,0,0,0,6,6,0,76,6,58,42,0,0,3112,238,0,14,0,948,81,0,28,0,397,1,0,26,0,272,0,0,10,0,274,157,40,58,0,0,14,13,9,0,0,9,9,0,0
5,3,2,58,12,8,0,1.000358,0.988335,1.004087,17,0,334,100,100,0,0,0,6,6,0,0,0,76,6,52,39,0,0,3112,187,0,13,0,948,82,0,26,0,397,1,0,30,0,272,0,0,2,0,274,151,8,61,0,0,18,15,9,0,0,9,9,0,0
5,3,3,56,12,8,0,0.998,0.992544,0.986975,14,0,334,100,100,0,0,0,6,6,0,0,0,76,6,49,39,0,0,3112,180,0,13,0,948,85,0,26,0,397,0,0,36,0,272,0,0,5,0,274,148,20,67,0,0,20,18,9,0,0,9,9,0,0
5,4,0,59,15,7,1,1.001798,0.982198,1.005115,27,0,334,100,100,0,0,0,0,-2,2,4,0,76,9,53,36,0,0,2865,188,0,12,0,935,96,0,24,0,413,0,0,40,0,272,0,0,0,0,111,126,0,70,0,0,34,20,9,0,0,9,9,0,0
5,4,1,58,15,7,1,1.005415,0.995858,0.999068,27,0,334,100,100,0,0,0,-2,0,8,8,0,76,9,59,42,0,0,2865,170,0,14,0,935,95,0,28,0,413,0,0,34,0,272,0,0,0,0,111,166,0,66,0,0,22,17,9,0,0,9,9,0,0
5,4,2,59,15,7,1,0.999349,0.987216,1.000635,25,0,334,100,100,0,0,0,2,8,0,0,0,76,9,47,33,0,0,2865,246,0,11,0,935,93,0,22,0,413,1,0,28,0,272,0,0,0,0,111,130,0,57,0,0,23,14,9,0,0,9,9,0,0
5,4,3,55,15,7,1,0.997076,0.994287,0.988099,23,0,334,100,100,0,0,0,4,8,0,0,0,76,9,47,36,0,0,2865,217,0,12,0,935,97,0,24,0,413,1,0,30,0,272,0,0,0,0,111,128,0,60,0,0,26,15,9,0,0,9,9,0,0
5,5,0,59,10,13,0,1.000236,0.984042,1.005968,35,0,334,100,100,0,0,0,0,-2,4,6,0,72,1,50,39,0,0,2888,204,0,13,0,938,109,0,26,0,406,0,0,42,0,272,0,0,0,0,137,85,0,73,0,0,46,21,9,0,0,9,9,0,0
5,5,1,60,10,13,0,1.004903,0.991909,1.000077,36,0,334,100,100,0,0,0,-2,0,10,10,0,72,1,60,42,0,0,2888,202,0,14,0,938,109,0,28,0,406,0,0,32,0,272,0,0,0,0,137,133,0,64,0,0,29,16,9,0,0,9,9,0,0
5,5,2,56,10,13,0,0.997813,0.990797,0.994021,34,0,334,100,100,0,0,0,4,10,0,2,0,72,1,45,36,0,0,2888,175,0,12,0,938,105,0,24,0,406,0,0,26,0,272,0,0,0,0,137,139,0,56,0,0,27,13,9,0,0,9,9,0,0
5,5,3,53,10,13,0,0.999725,0.993984,0.994002,29,0,334,100,100,0,0,0,6,10,2,0,0,72,1,44,33,0,0,2888,263,0,11,0,938,105,0,22,0,406,0,0,34,0,272,0,0,0,0,137,91,0,63,0,0,34,17,9,0,0,9,9,0,0
5,6,0,56,12,22,2,1.004364,0.986354,1.006388,40,0,334,100,100,0,0,0,0,-2,2,2,0,72,0,52,39,0,0,2904,212,0,13,0,932,122,0,26,0,399,0,0,36,0,257,0,0,4,0,106,67,16,61,0,0,58,18,6,0,0,6,6,0,0
5,6,1,60,12,22,2,1.009776,0.989088,1.007499,41,0,334,100,100,0,0,0,-2,0,6,12,0,72,0,58,42,0,0,2904,208,0,14,0,932,123,0,28,0,399,1,0,32,0,257,0,0,4,0,106,139,16,60,0,0,38,16,7,0,0,7,7,0,0
5,6,2,52,12,22,2,0.992279,0.992963,0.997324,38,0,334,100,100,0,0,0,2,6,0,2,0,72,0,52,42,0,0,2904,209,0,14,0,932,119,0,28,0,399,0,0,26,0,257,0,0,3,0,106,131,12,52,0,0,34,13,6,0,0,6,6,0,0
5,6,3,50,12,22,2,0.997423,0.991345,0.99591,37,0,334,100,100,0,0,0,2,12,2,0,0,72,0,39,30,0,0,2904,200,0,10,0,932,115,0,20,0,399,0,0,32,0,257,0,0,2,0,106,106,8,54,0,0,44,16,6,0,0,6,6,0,0
5,7,0,57,16,12,0,1.000459,0.984961,1.007864,45,0,334,100,100,0,0,0,0,0,4,4,0,68,1,51,36,0,0,2813,240,0,12,0,963,126,0,24,0,370,13,0,44,0,271,0,0,0,0,153,33,0,64,0,0,76,22,4,0,0,4,4,0,0
5,7,1,60,16,12,0,1.010936,0.990908,1.004753,46,0,334,100,100,0,0,0,0,0,8,14,0,68,1,55,42,0,0,2813,222,0,14,0,963,123,0,28,0,370,0,0,42,0,271,0,0,1,0,153,125,4,66,0,0,54,21,5,0,0,5,5,0,0
5,7,2,57,16,12,0,0.992482,0.992943,0.994767,44,0,334,100,100,0,0,0,4,8,0,4,0,68,1,62,45,0,0,2813,246,0,15,0,963,125,0,30,0,370,0,0,34,0,271,0,0,0,0,153,104,0,57,0,0,47,17,4,0,0,4,4,0,0
5,7,3,48,16,12,0,1.00071,0.989091,0.999746,40,0,334,100,100,0,0,0,4,14,4,0,0,68,1,36,27,0,0,2813,240,0,9,0,963,118,0,18,0,370,0,0,36,0,271,0,0,0,0,153,88,0,51,0,0,59,18,3,0,0,3,3,0,0
5,8,0,57,9,4,0,1.000577,0.987061,1.008505,49,0,334,100,100,0,0,0,0,0,6,6,0,68,7,55,45,0,0,3096,168,0,15,0,926,141,0,30,0,505,1,0,26,0,182,5,0,22,0,12,135,88,49,0,0,85,13,4,0,0,4,4,0,0
5,8,1,63,9,4,0,1.014709,0.991041,1.00703,50,0,334,100,100,0,0,0,0,0,10,16,0,68,7,55,45,0,0,3096,243,0,15,0,926,138,0,30,0,505,0,0,6,0,182,0,0,24,0,12,240,96,31,0,0,52,3,5,0,0,5,5,0,0
5,8,2,61,9,4,0,0.993598,0.992383,0.997555,48,0,334,100,100,0,0,0,6,10,0,6,0,68,7,68,48,0,0,3096,173,0,16,0,926,141,0,32,0,505,0,0,12,0,182,0,0,15,0,12,215,60,38,0,0,48,6,5,0,0,5,5,0,0
5,8,3,46,9,4,0,1.000751,0.989636,0.999532,43,0,334,100,100,0,0,0,6,16,6,0,0,68,7,28,24,0,0,3096,184,0,8,0,926,126,0,16,0,505,1,0,6,0,182,0,0,24,0,12,250,96,18,0,0,60,3,2,0,0,2,2,0,0
5,9,0,58,12,28,3,1.003958,0.988996,1.008325,51,0,334,100,100,0,0,0,0,2,8,2,0,64,0,59,48,0,0,2896,191,0,16,0,931,157,0,32,0,432,1,0,36,0,269,0,0,5,0,155,108,20,56,0,0,101,18,2,0,0,2,2,0,0
5,9,1,58,12,28,3,1.012463,0.991711,1.008593,54,1,459,100,100,0,0,0,2,0,12,0,0,64,0,53,42,0,0,2896,166,0,14,0,931,149,0,28,0,432,0,0,26,0,269,0,0,1,0,155,267,4,59,0,0,47,13,18,0,0,1,1,0,0
5,9,2,60,12,28,3,0.99438,0.995008,0.998592,51,0,334,100,100,0,0,0,8,12,0,2,0,64,0,69,48,0,0,2896,232,0,16,0,931,152,0,32,0,432,0,0,32,0,269,0,0,1,0,155,190,4,56,0,0,60,16,4,0,0,4,4,0,0
5,9,3,35,12,28,3,1.008927,0.996703,1.005076,31,0,334,100,100,0,0,0,2,0,2,0,0,64,0,32,24,0,0,2896,202,0,8,0,931,134,0,16,0,432,0,0,16,0,269,0,0,1,0,155,238,4,24,0,0,68,8,0,0,0,0,0,0,0
5,10,0,60,13,11,0,1.004573,0.989098,1.011837,50,0,334,100,100,0,0,0,0,4,10,4,0,64,2,69,54,0,0,3024,203,0,18,0,920,175,0,36,0,443,1,0,24,0,187,11,0,19,0,65,160,76,48,0,0,110,12,3,0,0,3,3,0,0
5,10,1,56,13,11,0,1.011445,0.990102,1.00675,53,1,459,100,100,0,0,0,4,0,14,2,0,64,2,50,39,0,0,3024,175,0,13,0,920,162,0,26,0,443,1,0,24,0,187,0,0,20,0,65,350,80,39,0,0,58,12,1,0,0,1,1,0,0
5,10,2,60,13,11,0,0.992069,0.989321,0.996705,53,1,459,100,100,0,0,0,10,14,0,4,0,64,2,69,45,0,0,3024,157,0,15,0,920,167,0,30,0,443,1,0,28,0,187,0,0,19,0,65,286,76,64,0,0,55,14,19,0,0,2,2,0,0
5,10,3,37,13,11,0,1.010998,1.000741,1.00576,31,1,459,100,100,0,0,0,4,2,4,0,0,64,2,34,24,0,0,3024,159,0,8,0,920,142,0,16,0,443,1,0,16,0,187,0,0,13,0,65,305,52,45,0,0,57,8,19,0,0,2,2,0,0
5,11,0,59,11,18,1,1.004658,0.989072,1.009572,50,0,334,100,100,0,0,0,0,4,12,0,0,60,2,77,54,0,0,2792,221,0,18,0,926,193,0,36,0,476,0,0,28,0,202,0,0,11,0,177,170,44,52,0,0,121,14,3,0,0,3,3,0,0
5,11,1,51,11,18,1,1.011353,0.990754,1.008919,46,2,584,100,100,0,0,0,4,0,16,2,0,60,2,52,39,0,0,2792,186,0,13,0,926,175,0,26,0,476,0,0,20,0,202,0,0,19,0,177,401,76,52,0,0,50,10,18,0,0,1,1,0,0
5,11,2,63,11,18,1,0.996466,0.987835,1.000032,54,1,459,100,100,0,0,0,12,16,0,2,0,60,2,69,45,0,0,2792,218,0,15,0,926,182,0,30,0,476,1,0,16,0,202,0,0,27,0,177,387,108,37,0,0,60,8,3,0,0,3,3,0,0
5,11,3,33,11,18,1,1.013792,0.998535,1.011408,29,1,459,100,100,0,0,0,0,2,2,0,0,60,2,34,24,0,0,2792,194,0,8,0,926,150,0,16,0,476,1,0,6,0,202,10,0,14,0,177,352,56,18,0,0,58,3,2,0,0,2,2,0,0
5,12,0,63,12,8,0,1.006242,0.987284,1.010309,53,0,334,100,100,0,0,0,0,4,14,4,0,60,3,86,54,0,0,2823,239,0,18,0,926,211,0,36,0,536,0,0,0,0,89,39,0,21,0,164,263,84,24,0,0,118,0,3,0,0,3,3,0,0
5,12,1,49,12,8,0,1.011616,0.99164,1.010064,44,3,709,100,100,0,0,0,4,0,18,4,0,60,3,48,36,0,0,2823,195,0,12,0,926,187,0,24,0,536,0,0,0,0,89,24,0,21,0,164,488,84,33,0,0,31,0,19,0,0,2,2,0,0
5,12,2,65,12,8,0,1.002979,0.986769,1.004198,55,2,584,100,100,0,0,0,14,18,0,2,0,60,3,64,45,0,0,2823,270,0,15,0,926,197,0,30,0,536,1,0,0,0,89,26,0,28,0,164,421,112,38,0,0,40,0,20,0,0,3,3,0,0
5,12,3,33,12,8,0,1.014938,0.994382,1.016785,28,2,584,100,100,0,0,0,4,4,2,0,0,60,3,34,24,0,0,2823,225,0,8,0,926,158,0,16,0,536,0,0,4,0,89,14,0,14,0,164,402,56,31,0,0,42,2,18,0,0,1,1,0,0
5,13,0,64,11,8,1,1.006566,0.98978,1.012534,55,1,459,100,100,0,0,0,0,2,10,4,0,56,2,100,60,0,0,3120,156,0,20,0,920,228,0,40,0,502,0,0,10,0,172,49,0,21,0,39,291,84,53,0,0,103,5,20,0,0,3,3,0,0
5,13,1,49,11,8,1,1.008541,0.990742,1.005351,42,3,709,100,100,0,0,0,2,0,20,6,1,56,2,48,36,0,0,3120,214,0,12,0,920,199,0,24,0,502,1,0,8,0,172,27,0,18,0,39,560,72,24,0,0,33,4,2,0,0,2,2,0,0
5,13,2,66,11,8,1,1.001382,0.986131,1.005571,58,3,709,100,100,0,0,0,10,20,0,2,1,56,2,59,48,0,0,3120,189,0,16,0,920,213,0,32,0,502,1,0,18,0,172,26,0,29,0,39,545,116,57,0,0,29,9,20,0,0,3,3,0,0
5,13,3,34,11,8,1,1.015621,0.991891,1.016351,29,3,709,100,100,0,0,0,4,6,2,0,0,56,2,39,27,0,0,3120,183,0,9,0,920,167,0,18,0,502,1,0,4,0,172,16,0,14,0,39,496,56,34,0,0,25,2,19,0,0,2,2,0,0
5,14,0,62,10,9,0,1.006103,0.988037,1.010445,54,1,459,100,100,0,0,0,0,2,12,6,0,56,2,106,60,0,0,2776,184,0,20,0,911,248,0,40,0,489,1,0,18,0,136,56,0,22,0,213,356,88,44,0,0,109,9,3,0,0,3,3,0,0
5,14,1,51,10,9,0,1.007952,0.990492,1.009383,44,4,834,100,100,0,0,0,2,0,22,8,1,56,2,53,39,0,0,2776,232,0,13,0,911,212,0,26,0,489,0,0,14,0,136,42,0,19,0,213,615,76,48,0,0,21,7,19,0,0,2,2,0,0
5,14,2,64,10,9,0,1.000893,0.987583,1.006192,60,4,834,100,100,0,0,0,12,22,0,2,1,56,2,56,48,0,0,2776,235,0,16,0,911,229,0,32,0,489,0,0,20,0,136,33,0,28,0,213,630,112,57,0,0,20,10,19,0,0,2,2,0,0
5,14,3,37,10,9,0,1.01819,0.992184,1.017038,31,3,709,100,100,0,0,0,6,8,2,0,0,56,2,44,27,0,0,2776,228,0,9,0,911,176,0,18,0,489,1,0,0,0,136,35,0,14,0,213,548,56,13,0,0,23,0,2,0,0,2,2,0,0
5,15,0,64,12,7,0,1.007729,0.990474,1.01003,56,2,584,100,100,0,0,0,0,2,14,8,0,52,0,120,63,0,0,3080,213,0,21,0,920,264,0,42,0,376,5,0,44,0,272,34,0,22,0,51,380,88,88,0,0,111,22,20,0,0,3,3,0,0
5,15,1,51,12,7,0,1.009099,0.994869,1.006703,45,4,834,100,100,0,0,0,2,0,24,10,1,52,0,54,39,0,0,3080,168,0,13,0,920,224,0,26,0,376,3,0,36,0,272,24,0,18,0,51,703,72,53,0,0,37,18,2,0,0,2,2,0,0
5,15,2,63,12,7,0,0.999829,0.988144,1.006758,61,5,959,100,100,0,0,0,14,24,0,2,1,52,0,51,45,0,0,3080,156,0,15,0,920,241,0,30,0,376,0,0,48,0,272,4,0,29,0,51,739,116,82,0,0,26,24,18,0,0,1,1,0,0
5,15,3,41,12,7,0,1.025953,0.993405,1.01432,32,4,834,100,100,0,0,0,8,10,2,0,0,52,0,44,24,0,0,3080,183,0,8,0,920,184,0,16,0,376,2,0,32,0,272,19,0,16,0,51,626,64,61,0,0,20,16,19,0,0,2,2,0,0
5,16,0,64,8,11,0,1.00768,0.99246,1.012255,57,2,584,100,100,0,0,0,0,2,16,10,0,52,0,127,60,0,0,2784,249,0,20,0,914,284,0,40,0,412,0,0,42,0,269,10,0,24,0,196,432,96,68,0,0,129,21,3,0,0,3,3,0,0
5,16,1,51,8,11,0,1.005601,0.994904,1.005478,46,5,959,100,100,0,0,0,2,0,26,12,1,52,0,51,36,0,0,2784,185,0,12,0,914,236,0,24,0,412,0,0,36,0,269,5,0,19,0,196,737,76,69,0,0,36,18,19,0,0,2,2,0,0
5,16,2,58,8,11,0,1.002114,0.986906,1.006365,57,5,959,100,100,0,0,0,16,26,0,4,1,52,0,53,45,0,0,2784,198,0,15,0,914,256,0,30,0,412,0,0,30,0,269,0,0,7,0,196,748,28,45,0,0,41,15,0,0,0,0,0,0,0
5,16,3,43,8,11,0,1.027202,0.997467,1.013146,33,4,834,100,100,0,0,0,10,12,4,0,0,52,0,37,24,0,0,2784,230,0,8,0,914,192,0,16,0,412,1,0,30,0,269,0,0,19,0,196,677,76,46,0,0,31,15,4,0,0,4,4,0,0
5,17,0,54,10,40,0,1.007831,0.993175,1.011146,47,2,584,100,100,0,0,0,0,2,18,14,0,48,6,138,66,0,0,2992,163,0,22,0,917,306,0,44,0,501,0,0,14,0,212,1,0,11,0,186,449,44,40,0,0,134,7,2,0,0,2,2,0,0
5,17,1,47,10,40,0,1.008128,0.991458,1.002904,43,5,959,100,100,0,0,0,2,0,28,14,1,48,6,45,36,0,0,2992,194,0,12,0,917,248,0,24,0,501,0,0,10,0,212,0,0,7,0,186,755,28,24,0,0,40,5,1,0,0,1,1,0,0
5,17,2,57,10,40,0,1.003527,0.986908,1.010892,53,6,1084,100,100,0,0,0,18,28,0,4,1,48,6,54,45,0,0,2992,237,0,15,0,917,271,0,30,0,501,0,0,8,0,212,8,0,23,0,186,822,92,42,0,0,27,4,18,0,0,1,1,0,0
5,17,3,28,10,40,0,1.021718,0.994449,1.010471,22,4,834,100,100,0,0,0,14,14,4,0,0,48,6,28,24,0,0,2992,179,0,8,0,917,200,0,16,0,501,4,0,8,0,212,18,0,4,0,186,685,16,20,0,0,33,4,2,0,0,2,2,0,0
5,18,0,55,6,4,0,1.009339,0.994612,1.01146,48,2,584,100,100,0,0,0,0,2,20,16,1,48,5,158,66,0,0,3040,159,0,22,0,911,328,0,44,0,386,20,0,24,0,270,0,0,2,0,153,414,8,52,0,0,143,12,3,0,0,3,3,0,0
5,18,1,45,6,4,0,1.007085,0.992125,1.002082,43,5,959,100,100,0,0,0,2,0,30,16,1,48,5,47,39,0,0,3040,198,0,13,0,911,261,0,26,0,386,12,0,28,0,270,0,0,1,0,153,734,4,43,0,0,53,14,1,0,0,1,1,0,0
5,18,2,58,6,4,0,1.006952,0.984968,1.010027,54,6,1084,100,100,0,0,0,20,30,0,4,2,48,5,54,45,0,0,3040,165,0,15,0,911,286,0,30,0,386,0,0,38,0,270,0,0,8,0,153,902,32,55,0,0,45,19,1,0,0,1,1,0,0
5,18,3,30,6,4,0,1.021604,0.996486,1.006289,24,4,834,100,100,0,0,0,16,16,4,0,0,48,5,34,24,0,0,3040,159,0,8,0,911,208,0,16,0,386,30,0,10,0,270,13,0,5,0,153,692,20,22,0,0,36,5,2,0,0,2,2,0,0
5,19,0,57,4,5,0,1.01224,0.993267,1.011987,51,2,584,100,100,0,0,0,0,2,22,18,1,44,6,178,66,0,0,2912,170,0,22,0,911,350,0,44,0,420,25,0,28,0,244,0,0,9,0,234,405,36,54,0,0,155,14,2,0,0,2,2,0,0
5,19,1,43,4,5,0,1.006879,0.994739,1.002296,42,5,959,100,100,0,0,0,2,0,32,18,1,44,6,45,33,0,0,2912,206,0,11,0,911,272,0,22,0,420,18,0,28,0,244,0,0,5,0,234,731,20,41,0,0,66,14,1,0,0,1,1,0,0
5,19,2,56,4,5,0,1.005699,0.986147,1.008475,53,7,1209,100,100,0,0,0,22,32,0,4,2,44,6,55,48,0,0,2912,203,0,16,0,911,302,0,32,0,420,1,0,26,0,244,0,0,10,0,234,905,40,61,0,0,40,13,18,0,0,1,1,0,0
5,19,3,31,4,5,0,1.022373,1.000926,1.006035,26,4,834,100,100,0,0,0,18,18,4,0,0,44,6,36,24,0,0,2912,145,0,8,0,911,216,0,16,0,420,46,0,14,0,244,10,0,7,0,234,706,28,26,0,0,41,7,2,0,0,2,2,0,0
5,20,0,60,11,12,0,1.012326,0.993475,1.011289,52,2,584,100,100,0,0,0,0,2,24,20,2,44,0,194,63,0,0,2912,180,0,21,0,911,371,0,42,0,537,0,0,26,0,95,30,0,15,0,234,426,60,51,0,0,166,13,2,0,0,2,2,0,0
5,20,1,40,11,12,0,1.008954,0.993099,0.998445,39,5,959,100,100,0,0,0,2,0,34,20,2,44,0,45,33,0,0,2912,208,0,11,0,911,283,0,22,0,537,1,0,18,0,95,29,0,13,0,234,772,52,29,0,0,75,9,0,0,0,0,0,0,0
5,20,2,54,11,12,0,1.008956,0.986979,1.008206,49,7,1209,100,100,0,0,0,24,34,0,4,2,44,0,62,51,0,0,2912,202,0,17,0,911,319,0,34,0,537,0,0,6,0,95,28,0,17,0,234,972,68,25,0,0,42,3,1,0,0,1,1,0,0
5,20,3,32,11,12,0,1.035911,1.003325,0.999065,26,5,959,100,100,0,0,0,20,20,4,0,2,44,0,43,27,0,0,2912,129,0,9,0,911,225,0,18,0,537,32,0,14,0,95,33,0,7,0,234,702,28,44,0,0,29,7,19,0,0,2,2,0,0
5,21,0,59,7,8,0,1.013666,0.997645,1.015655,51,2,584,100,100,0,0,0,0,4,26,22,2,40,2,206,63,0,0,2992,203,0,21,0,908,392,0,42,0,388,13,0,32,0,272,14,0,16,0,171,440,64,59,0,0,179,16,3,0,0,3,3,0,0
5,21,1,41,7,8,0,1.00908,0.996182,0.996979,39,6,1084,100,100,0,0,0,4,0,36,22,2,40,2,47,33,0,0,2992,157,0,11,0,908,294,0,22,0,388,3,0,28,0,272,15,0,14,0,171,845,56,58,0,0,71,14,18,0,0,1,1,0,0
5,21,2,51,7,8,0,1.011163,0.98704,1.005904,45,7,1209,100,100,0,0,0,26,36,0,4,2,40,2,63,45,0,0,2992,205,0,15,0,908,334,0,30,0,388,0,0,36,0,272,9,0,19,0,171,1023,76,55,0,0,58,18,2,0,0,2,2,0,0
5,21,3,34,7,8,0,1.033895,0.998757,0.99913,28,5,959,100,100,0,0,0,22,22,4,0,2,40,2,53,33,0,0,2992,110,0,11,0,908,236,0,22,0,388,51,0,14,0,272,26,0,7,0,171,713,28,29,0,0,34,7,2,0,0,2,2,0,0
5,22,0,59,7,13,0,1.014458,0.99672,1.017253,51,2,584,100,100,0,0,0,0,6,28,24,2,40,1,213,57,0,0,2920,237,0,19,0,908,411,0,38,0,409,21,0,34,0,212,15,0,17,0,226,458,68,59,0,0,193,17,3,0,0,3,3,0,0
5,22,1,38,7,13,0,1.010509,0.994763,0.996596,37,6,1084,100,100,0,0,0,6,0,38,24,2,40,1,47,33,0,0,2920,169,0,11,0,908,305,0,22,0,409,4,0,26,0,212,17,0,13,0,226,873,52,39,0,0,83,13,1,0,0,1,1,0,0
5,22,2,49,7,13,0,1.014157,0.988737,1.008823,43,8,1334,100,100,0,0,0,28,38,0,6,2,40,1,59,39,0,0,2920,213,0,13,0,908,347,0,26,0,409,1,0,26,0,212,4,0,20,0,226,1075,80,60,0,0,52,13,19,0,0,2,2,0,0
5,22,3,33,7,13,0,1.033174,1.000083,1.003343,28,5,959,100,100,0,0,0,24,24,6,0,2,40,1,62,36,0,0,2920,88,0,12,0,908,248,0,24,0,409,69,0,12,0,212,29,0,6,0,226,718,24,28,0,0,38,6,2,0,0,2,2,0,0
5,23,0,57,5,8,0,1.014453,0.995906,1.016601,50,3,709,100,100,0,0,0,0,6,30,26,2,36,0,207,45,0,0,3032,163,0,15,0,923,426,0,30,0,410,27,0,38,0,272,0,0,15,0,152,533,60,76,0,0,192,19,20,0,0,3,3,0,0
5,23,1,39,5,8,0,1.013568,0.995672,1.001488,37,6,1084,100,100,0,0,0,6,0,40,26,2,36,0,52,33,0,0,3032,184,0,11,0,923,316,0,22,0,410,0,0,22,0,272,4,0,13,0,152,907,52,33,0,0,94,11,0,0,0,0,0,0,0
5,23,2,50,5,8,0,1.014121,0.987155,1.010418,45,8,1334,100,100,0,0,0,30,40,0,6,2,36,0,55,39,0,0,3032,231,0,13,0,923,360,0,26,0,410,0,0,36,0,272,0,0,4,0,152,1071,16,53,0,0,68,18,2,0,0,2,2,0,0
5,23,3,30,5,8,0,1.033325,0.996545,1.000845,27,5,959,100,100,0,0,0,26,26,6,0,2,36,0,62,27,0,0,3032,70,0,9,0,923,257,0,18,0,410,91,0,12,0,272,23,0,6,0,152,726,24,25,0,0,42,6,2,0,0,2,2,0,0
5,24,0,54,6,5,0,1.018593,0.992888,1.015744,49,3,709,100,100,0,0,0,0,8,32,28,2,36,0,194,36,0,0,2992,206,0,12,0,941,438,0,24,0,411,24,0,38,0,240,0,0,13,0,177,543,52,54,0,0,209,19,2,0,0,2,2,0,0
5,24,1,43,6,5,0,1.018754,0.993143,1.001274,37,6,1084,100,100,0,0,0,8,0,42,28,2,36,0,56,33,0,0,2992,198,0,11,0,941,327,0,22,0,411,13,0,26,0,240,0,0,6,0,177,907,24,39,0,0,106,13,1,0,0,1,1,0,0
5,24,2,51,6,5,0,1.014956,0.987403,1.007975,47,8,1334,100,100,0,0,0,32,42,0,8,2,36,0,54,42,0,0,2992,167,0,14,0,941,374,0,28,0,411,1,0,26,0,240,0,0,11,0,177,1158,44,44,0,0,79,13,2,0,0,2,2,0,0
5,24,3,29,6,5,0,1.034771,0.995541,1.002969,28,5,959,100,100,0,0,0,28,28,8,0,2,36,0,68,27,0,0,2992,55,0,9,0,941,266,0,18,0,411,113,0,10,0,240,24,0,5,0,177,731,20,21,0,0,46,5,1,0,0,1,1,0,0
5,25,0,52,4,10,0,1.021541,0.991888,1.020319,48,3,709,100,100,0,0,0,0,10,34,30,2,32,4,178,33,0,0,2896,237,0,11,0,947,449,0,22,0,398,26,0,36,0,266,0,0,2,0,234,515,8,51,0,0,225,18,2,0,0,2,2,0,0
5,25,1,41,4,10,0,1.017395,0.991074,0.99933,37,6,1084,100,100,0,0,0,10,0,44,30,2,32,4,52,33,0,0,2896,232,0,11,0,947,338,0,22,0,398,18,0,30,0,266,0,0,2,0,234,879,8,45,0,0,119,15,2,0,0,2,2,0,0
5,25,2,48,4,10,0,1.014485,0.982077,1.004009,44,8,1334,100,100,0,0,0,34,44,0,10,2,32,4,52,42,0,0,2896,182,0,14,0,947,388,0,28,0,398,4,0,34,0,266,0,0,2,0,234,1134,8,50,0,0,95,17,1,0,0,1,1,0,0
5,25,3,30,4,10,0,1.037422,0.991229,1.000402,29,5,959,100,100,0,0,0,30,30,10,0,2,32,4,71,27,0,0,2896,41,0,9,0,947,275,0,18,0,398,139,0,10,0,266,19,0,5,0,234,738,20,19,0,0,51,5,0,0,0,0,0,0,0
5,26,0,53,9,1,0,1.021429,0.991603,1.019109,50,3,709,100,100,0,0,0,0,10,36,34,2,32,0,172,36,0,0,3088,172,0,12,0,947,461,0,24,0,438,22,0,36,0,219,0,0,16,0,146,597,64,50,0,0,242,18,1,0,0,1,1,0,0
5,26,1,42,9,1,0,1.015927,0.990302,0.994926,39,7,1209,100,100,0,0,0,10,0,46,34,2,32,0,52,33,0,0,3088,179,0,11,0,947,349,0,22,0,438,10,0,30,0,219,0,0,11,0,146,931,44,60,0,0,116,15,18,0,0,1,1,0,0
5,26,2,52,9,1,0,1.017975,0.980005,1.002106,45,8,1334,100,100,0,0,0,36,46,0,12,2,32,0,56,45,0,0,3088,206,0,15,0,947,403,0,30,0,438,0,0,30,0,219,0,0,13,0,146,1152,52,49,0,0,108,15,2,0,0,2,2,0,0
5,26,3,32,9,1,0,1.034663,0.993001,1.001772,28,5,959,100,100,0,0,0,34,34,12,0,2,32,0,75,27,0,0,3088,21,0,9,0,947,284,0,18,0,438,157,0,8,0,219,28,0,4,0,146,738,16,19,0,0,54,4,1,0,0,1,1,0,0
5,27,0,50,2,6,0,1.024539,0.99147,1.022261,48,3,709,100,100,0,0,0,0,10,38,38,2,28,5,153,30,0,0,2893,212,0,10,0,941,471,0,20,0,404,17,0,38,0,272,0,0,0,0,257,559,0,50,0,0,260,19,1,0,0,1,1,0,0
5,27,1,42,2,6,0,1.014899,0.99068,0.990118,39,7,1209,100,100,0,0,0,10,0,48,38,2,28,5,46,30,0,0,2893,214,0,10,0,941,359,0,20,0,404,12,0,30,0,272,0,0,0,0,257,899,0,42,0,0,130,15,1,0,0,1,1,0,0
5,27,2,50,2,6,0,1.017964,0.981604,1.000297,45,8,1334,100,100,0,0,0,38,48,0,14,2,28,5,52,45,0,0,2893,226,0,15,0,941,418,0,30,0,404,1,0,38,0,272,0,0,0,0,257,1111,0,59,0,0,124,19,3,0,0,3,3,0,0
5,27,3,33,2,6,0,1.032782,0.991896,1.001934,29,5,959,100,100,0,0,0,38,38,14,0,2,28,5,79,30,0,0,2893,9,0,10,0,941,294,0,20,0,404,175,0,12,0,272,22,0,6,0,257,739,24,26,0,0,58,6,2,0,0,2,2,0,0
5,28,0,50,3,1,0,1.024749,0.991834,1.023396,48,3,709,100,100,0,0,0,0,10,40,42,2,28,0,135,27,0,0,3056,256,0,9,0,953,480,0,18,0,394,28,0,38,0,272,0,0,0,0,203,519,0,49,0,0,278,19,1,0,0,1,1,0,0
5,28,1,42,3,1,0,1.014899,0.99068,0.990118,40,7,1209,100,100,0,0,0,10,0,50,42,2,28,0,39,30,0,0,3056,161,0,10,0,953,369,0,20,0,394,12,0,32,0,272,0,0,0,0,203,896,0,44,0,0,145,16,1,0,0,1,1,0,0
5,28,2,51,3,1,0,1.018527,0.982308,0.99944,48,8,1334,100,100,0,0,0,40,50,0,16,2,28,0,52,45,0,0,3056,160,0,15,0,953,433,0,30,0,394,0,0,34,0,272,0,0,0,0,203,1104,0,51,0,0,140,17,1,0,0,1,1,0,0
5,28,3,34,3,1,0,1.033723,0.992355,1.003163,31,5,959,100,100,0,0,0,42,42,16,0,2,28,0,81,30,0,0,3056,9,0,10,0,953,304,0,20,0,394,197,0,14,0,272,15,0,7,0,203,744,28,26,0,0,64,7,1,0,0,1,1,0,0
5,29,0,51,2,8,0,1.025355,0.993211,1.022221,49,4,834,100,100,0,0,0,0,10,42,46,2,24,1,120,30,0,0,2985,195,0,10,0,950,490,0,20,0,478,11,0,38,0,164,14,0,19,0,165,603,76,67,0,0,279,19,18,0,0,1,1,0,0
5,29,1,39,2,8,0,1.01519,0.99122,0.995223,38,7,1209,100,100,0,0,0,10,0,52,46,2,24,1,35,30,0,0,2985,194,0,10,0,950,379,0,20,0,478,0,0,30,0,164,3,0,15,0,165,926,60,42,0,0,159,15,1,0,0,1,1,0,0
5,29,2,49,2,8,0,1.02085,0.980838,1.002559,47,8,1334,100,100,0,0,0,42,52,0,18,2,24,1,46,42,0,0,2985,182,0,14,0,950,447,0,28,0,478,0,0,6,0,164,13,0,20,0,165,1189,80,22,0,0,142,3,1,0,0,1,1,0,0
5,29,3,32,2,8,0,1.033334,0.994607,1.00522,29,5,959,100,100,0,0,0,46,46,18,0,2,24,1,78,27,0,0,2985,10,0,9,0,950,313,0,18,0,478,202,0,16,0,164,25,0,8,0,165,767,32,27,0,0,71,8,1,0,0,1,1,0,0
5,30,0,51,3,5,0,1.025355,0.993211,1.022221,50,4,834,100,100,0,0,0,0,10,44,50,2,24,3,108,33,0,0,2898,236,0,11,0,958,501,0,22,0,478,1,0,38,0,201,6,0,19,0,220,646,76,51,0,0,297,19,1,0,0,1,1,0,0
5,30,1,36,3,5,0,1.015353,0.99018,1.00092,36,7,1209,100,100,0,0,0,10,0,54,52,2,24,3,34,30,0,0,2898,208,0,10,0,958,389,0,20,0,478,0,0,22,0,201,7,0,12,0,220,959,48,32,0,0,170,11,0,0,0,0,0,0,0
5,30,2,49,3,5,0,1.014459,0.983094,1.00816,46,8,1334,100,100,0,0,0,44,54,0,20,3,24,3,48,42,0,0,2898,206,0,14,0,958,459,0,28,0,478,1,0,12,0,201,0,0,20,0,220,1268,80,28,0,0,147,6,1,0,0,1,1,0,0
5,30,3,33,3,5,0,1.035422,0.996853,1.0056,30,5,959,100,100,0,0,0,50,52,20,0,3,24,3,75,27,0,0,2898,18,0,9,0,958,322,0,18,0,478,185,0,18,0,201,52,0,9,0,220,792,36,29,0,0,79,9,1,0,0,1,1,0,0
5,31,0,52,2,4,0,1.025354,0.992309,1.022365,51,5,959,100,100,0,0,0,0,10,46,54,2,20,3,94,33,0,0,3065,173,0,11,0,956,512,0,22,0,475,8,0,38,0,167,0,0,17,0,104,723,68,66,0,0,299,19,17,0,0,0,0,0,0
5,31,1,36,2,4,0,1.018247,0.994585,1.000993,35,8,1334,100,100,0,0,0,10,0,56,58,2,20,3,34,30,0,0,3065,161,0,10,0,956,399,0,20,0,475,2,0,22,0,167,11,0,11,0,104,1019,44,49,0,0,164,11,17,0,0,0,0,0,0
5,31,2,48,2,4,0,1.013963,0.984594,1.009268,46,8,1334,100,100,0,0,0,46,56,0,22,3,20,3,46,42,0,0,3065,230,0,14,0,956,473,0,28,0,475,1,0,0,0,167,22,0,20,0,104,1318,80,16,0,0,146,0,1,0,0,1,1,0,0
5,31,3,31,2,4,0,1.030395,1.003195,1.007845,29,6,1084,100,100,0,0,0,54,58,22,0,3,20,3,68,24,0,0,3065,19,0,8,0,956,330,0,16,0,475,165,0,20,0,167,76,0,10,0,104,806,40,47,0,0,71,10,18,0,0,1,1,0,0
5,32,0,51,4,6,0,1.026483,0.992077,1.023656,49,5,959,100,100,0,0,0,0,12,48,58,2,20,0,78,33,0,0,3004,213,0,11,0,959,523,0,22,0,490,0,0,20,0,216,0,0,17,0,172,779,68,33,0,0,308,10,1,0,0,1,1,0,0
5,32,1,36,4,6,0,1.01958,0.994033,1.000633,35,8,1334,100,100,0,0,0,12,0,58,62,2,20,0,34,30,0,0,3004,170,0,10,0,959,409,0,20,0,490,1,0,16,0,216,15,0,11,0,172,1054,44,26,0,0,172,8,0,0,0,0,0,0,0
5,32,2,45,4,6,0,1.01468,0.984792,1.010783,44,8,1334,100,100,0,0,0,48,58,0,24,3,20,0,42,39,0,0,3004,168,0,13,0,959,486,0,26,0,490,0,0,20,0,216,10,0,18,0,172,1319,72,35,0,0,155,10,1,0,0,1,1,0,0
5,32,3,33,4,6,0,1.03279,1.003536,1.009724,30,6,1084,100,100,0,0,0,58,62,24,0,3,20,0,65,24,0,0,3004,19,0,8,0,959,338,0,16,0,490,150,0,20,0,216,81,0,10,0,172,837,40,30,0,0,80,10,1,0,0,1,1,0,0
5,33,0,50,0,5,0,1.025684,0.989723,1.023913,49,5,959,100,100,0,0,0,0,12,50,62,2,20,1,64,33,0,0,2908,260,0,11,0,963,534,0,22,0,382,8,0,40,0,272,0,0,0,0,223,746,0,53,0,0,327,20,1,0,0,1,1,0,0
5,33,1,36,0,5,0,1.01958,0.994033,1.000633,35,8,1334,100,100,0,0,0,12,0,60,66,2,20,1,36,33,0,0,2908,186,0,11,0,963,419,0,22,0,382,15,0,22,0,272,4,0,11,0,223,1072,44,35,0,0,182,11,1,0,0,1,1,0,0
5,33,2,42,0,5,0,1.012393,0.985687,1.011645,42,8,1334,100,100,0,0,0,50,60,0,26,3,20,1,35,33,0,0,2908,191,0,11,0,963,497,0,22,0,382,4,0,34,0,272,0,0,10,0,223,1307,40,45,0,0,172,17,0,0,0,0,0,0,0
5,33,3,32,0,5,0,1.032896,1.004127,1.011674,30,6,1084,100,100,0,0,0,62,66,26,0,3,20,1,62,27,0,0,2908,18,0,9,0,963,347,0,18,0,382,167,0,20,0,272,71,0,10,0,223,867,40,31,0,0,89,10,1,0,0,1,1,0,0
5,34,0,46,3,18,0,1.025591,0.986448,1.025093,45,5,959,100,100,0,0,0,0,12,52,66,2,20,0,51,33,0,0,3026,198,0,11,0,965,545,0,22,0,459,0,0,32,0,194,0,0,15,0,217,813,60,43,0,0,343,16,0,0,0,0,0,0,0
5,34,1,32,3,18,0,1.020385,0.990291,1.004412,31,8,1334,100,100,0,0,0,12,0,62,70,2,20,0,35,30,0,0,3026,187,0,10,0,965,429,0,20,0,459,24,0,18,0,194,4,0,9,0,217,1083,36,28,0,0,191,9,0,0,0,0,0,0,0
5,34,2,36,3,18,0,1.008438,0.990942,1.005828,36,8,1334,100,100,0,0,0,52,62,0,28,3,20,0,32,30,0,0,3026,210,0,10,0,965,507,0,20,0,459,1,0,16,0,194,0,0,12,0,217,1324,48,26,0,0,180,8,0,0,0,0,0,0,0
5,34,3,31,3,18,0,1.031444,1.003644,1.012236,29,6,1084,100,100,0,0,0,66,70,28,0,3,20,0,63,27,0,0,3026,18,0,9,0,965,356,0,18,0,459,168,0,20,0,194,73,0,10,0,217,891,40,31,0,0,98,10,1,0,0,1,1,0,0
5,35,0,47,2,3,0,1.026139,0.984826,1.024231,45,5,959,100,100,0,0,0,0,12,54,70,2,20,1,42,33,0,0,2987,260,0,11,0,968,556,0,22,0,415,1,0,32,0,267,0,0,3,0,200,798,12,45,0,0,358,16,1,0,0,1,1,0,0
5,35,1,31,2,3,0,1.021289,0.988292,1.004294,30,8,1334,100,100,0,0,0,12,0,64,74,2,20,1,36,30,0,0,2987,200,0,10,0,968,439,0,20,0,415,34,0,20,0,267,0,0,5,0,200,1080,20,32,0,0,200,10,1,0,0,1,1,0,0
5,35,2,34,2,3,0,1.001195,0.992182,1.006278,34,8,1334,100,100,0,0,0,54,64,0,30,3,20,1,34,30,0,0,2987,163,0,10,0,968,517,0,20,0,415,3,0,28,0,267,0,0,0,0,200,1296,0,38,0,0,194,14,0,0,0,0,0,0,0
5,35,3,32,2,3,0,1.03187,1.00687,1.011054,30,6,1084,100,100,0,0,0,70,74,30,0,3,20,1,61,27,0,0,2987,18,0,9,0,968,365,0,18,0,415,181,0,20,0,267,64,0,10,0,200,921,40,31,0,0,107,10,1,0,0,1,1,0,0
5,36,0,46,2,2,0,1.026908,0.983319,1.026695,44,6,1084,100,100,0,0,0,0,12,56,74,2,20,2,33,30,0,0,3098,202,0,10,0,968,566,0,20,0,485,0,0,22,0,245,0,0,4,0,179,813,16,51,0,0,351,11,18,0,0,1,1,0,0
5,36,1,31,2,2,0,1.021289,0.988292,1.004294,31,8,1334,100,100,0,0,0,12,0,66,78,2,20,2,39,30,0,0,3098,158,0,10,0,968,449,0,20,0,485,28,0,20,0,245,0,0,7,0,179,1110,28,30,0,0,210,10,0,0,0,0,0,0,0
5,36,2,34,2,2,0,1.001195,0.992182,1.006278,34,8,1334,100,100,0,0,0,56,66,0,32,3,20,2,34,30,0,0,3098,182,0,10,0,968,527,0,20,0,485,0,0,12,0,245,0,0,10,0,179,1324,40,22,0,0,200,6,0,0,0,0,0,0,0
5,36,3,33,2,2,0,1.031422,1.006982,1.011176,31,7,1209,100,100,0,0,0,74,78,32,0,3,20,2,63,30,0,0,3098,17,0,10,0,968,375,0,20,0,485,176,0,20,0,245,60,0,10,0,179,933,40,49,0,0,99,10,18,0,0,1,1,0,0
5,37,0,33,1,18,0,1.022293,0.990185,1.023599,32,6,1084,100,100,0,0,0,0,14,58,78,2,20,0,25,21,0,0,2944,228,0,7,0,977,573,0,14,0,476,1,0,18,0,272,0,0,0,0,268,794,0,25,0,0,360,9,0,0,0,0,0,0,0
5,37,1,30,1,18,0,1.020595,0.989291,1.002779,30,8,1334,100,100,0,0,0,14,0,68,82,2,20,0,37,27,0,0,2944,173,0,9,0,977,458,0,18,0,476,29,0,20,0,272,0,0,0,0,268,1087,0,29,0,0,220,10,0,0,0,0,0,0,0
5,37,2,34,1,18,0,1.001195,0.992182,1.006278,34,8,1334,100,100,0,0,0,58,68,0,36,3,20,0,34,30,0,0,2944,201,0,10,0,977,537,0,20,0,476,1,0,8,0,272,0,0,0,0,268,1316,0,18,0,0,204,4,0,0,0,0,0,0,0
5,37,3,30,1,18,0,1.031619,1.013785,1.008735,29,7,1209,100,100,0,0,0,78,82,36,0,3,20,0,58,24,0,0,2944,27,0,8,0,977,383,0,16,0,476,175,0,20,0,272,50,0,10,0,268,952,40,30,0,0,108,10,1,0,0,1,1,0,0
5,38,0,27,1,9,0,1.014299,0.990618,1.025605,26,6,1084,100,100,0,0,0,0,14,60,82,2,20,0,24,21,0,0,3109,187,0,7,0,986,580,0,14,0,472,1,0,14,0,265,0,0,3,0,297,785,12,21,0,0,367,7,0,0,0,0,0,0,0
5,38,1,29,1,9,0,1.022397,0.991087,1.002662,29,8,1334,100,100,0,0,0,14,0,70,84,2,20,0,38,27,0,0,3109,189,0,9,0,986,467,0,18,0,472,30,0,18,0,265,0,0,1,0,297,1064,4,27,0,0,229,9,0,0,0,0,0,0,0
5,38,2,33,1,9,0,0.998941,0.992943,1.006706,33,8,1334,100,100,0,0,0,60,70,0,38,3,20,0,32,30,0,0,3109,156,0,10,0,986,547,0,20,0,472,1,0,18,0,265,0,0,1,0,297,1292,4,28,0,0,213,9,0,0,0,0,0,0,0
5,38,3,30,1,9,0,1.031619,1.013785,1.008735,30,7,1209,100,100,0,0,0,82,84,38,0,3,20,0,57,24,0,0,3109,27,0,8,0,986,391,0,16,0,472,173,0,20,0,265,42,0,10,0,297,964,40,28,0,0,118,10,0,0,0,0,0,0,0
5,39,0,24,4,6,0,1.012791,0.989228,1.025941,24,6,1084,100,100,0,0,0,0,14,62,86,2,20,2,25,21,0,0,2997,200,0,7,0,1005,582,0,14,0,453,7,0,14,0,256,0,0,5,0,258,787,20,21,0,0,374,7,0,0,0,0,0,0,0
5,39,1,29,4,6,0,1.01744,0.985425,1.0031,28,8,1334,100,100,0,0,0,14,0,72,86,2,20,2,37,24,0,0,2997,207,0,8,0,1005,472,0,16,0,453,33,0,18,0,256,0,0,5,0,258,1064,20,26,0,0,238,9,0,0,0,0,0,0,0
5,39,2,35,4,6,0,0.991927,0.993,1.002992,32,8,1334,100,100,0,0,0,62,72,0,40,3,20,2,35,30,0,0,2997,176,0,10,0,1005,554,0,20,0,453,1,0,24,0,256,0,0,2,0,258,1281,8,34,0,0,225,12,0,0,0,0,0,0,0
5,39,3,29,4,6,0,1.033245,1.01369,1.007757,29,7,1209,100,100,0,0,0,86,86,40,0,3,20,2,54,24,0,0,2997,27,0,8,0,1005,391,0,16,0,453,176,0,20,0,256,36,0,10,0,258,994,40,28,0,0,128,10,0,0,0,0,0,0,0
5,40,0,21,0,14,0,1.01107,0.984542,1.025479,21,6,1084,100,100,0,0,0,0,14,64,90,2,20,3,25,21,0,0,3102,168,0,7,0,989,589,0,14,0,530,1,0,6,0,217,5,0,6,0,143,841,24,13,0,0,377,3,0,0,0,0,0,0,0
5,40,1,26,0,14,0,1.017659,0.979321,1.005426,25,8,1334,100,100,0,0,0,14,0,74,90,2,20,3,37,24,0,0,3102,169,0,8,0,989,480,0,16,0,530,13,0,20,0,217,3,0,10,0,143,1144,40,30,0,0,247,10,1,0,0,1,1,0,0
5,40,2,31,0,14,0,0.995233,0.990867,1.00382,28,8,1334,100,100,0,0,0,64,74,0,42,3,20,3,33,30,0,0,3102,194,0,10,0,989,564,0,20,0,530,0,0,2,0,217,0,0,10,0,143,1320,40,16,0,0,224,1,2,0,0,2,2,0,0
5,40,3,25,0,14,0,1.034652,1.013277,1.003511,25,7,1209,100,100,0,0,0,90,90,42,0,3,20,3,54,24,0,0,3102,27,0,8,0,989,399,0,16,0,530,156,0,20,0,217,37,0,10,0,143,1024,40,28,0,0,138,10,0,0,0,0,0,0,0
3,1,0,53,17,6,0,0.995111,0.994411,1.010569,0,0,334,100,100,0,0,0,0,0,2,2,0,80,8,50,36,0,0,2816,201,0,12,0,932,62,0,24,0,500,1,0,44,0,206,16,0,24,0,161,121,96,74,0,0,13,22,9,0,0,9,9,0,0
3,1,1,55,17,6,0,0.996832,0.992471,1.010751,0,0,334,100,100,0,0,0,0,0,2,2,0,80,8,58,39,0,0,2816,192,0,13,0,932,63,0,26,0,500,0,0,44,0,206,20,0,23,0,161,119,92,75,0,0,13,22,9,0,0,9,9,0,0
3,1,2,50,17,6,0,0.996857,0.992069,1.007313,0,0,334,100,100,0,0,0,2,2,0,0,0,80,8,52,36,0,0,2816,185,0,12,0,932,62,0,24,0,500,1,0,44,0,206,18,0,22,0,161,117,88,74,0,0,13,22,9,0,0,9,9,0,0
3,1,3,53,17,6,0,0.998214,0.995553,1.010032,0,0,334,100,100,0,0,0,2,2,0,0,0,80,8,53,36,0,0,2816,201,0,12,0,932,62,0,24,0,500,0,0,46,0,206,19,0,24,0,161,123,96,76,0,0,14,23,9,0,0,9,9,0,0
3,2,0,56,20,12,0,0.996651,0.994906,1.013842,9,0,334,100,100,0,0,0,0,0,4,4,0,80,8,50,36,0,0,2784,256,0,12,0,932,74,0,24,0,527,1,0,2,0,164,16,0,27,0,152,232,108,32,0,0,5,1,9,0,0,9,9,0,0
3,2,1,54,20,12,0,1.001777,0.992916,1.014468,9,0,334,100,100,0,0,0,0,0,4,4,0,80,8,67,48,0,0,2784,209,0,16,0,932,79,0,32,0,527,0,0,0,0,164,19,0,24,0,152,219,96,34,0,0,4,0,9,0,0,9,9,0,0
3,2,2,54,20,12,0,0.999828,0.985072,1.01002,9,0,334,100,100,0,0,0,4,4,0,0,0,80,8,52,33,0,0,2784,204,0,11,0,932,73,0,22,0,527,0,0,2,0,164,21,0,22,0,152,208,88,31,0,0,5,1,9,0,0,9,9,0,0
3,2,3,55,20,12,0,0.999622,0.996663,1.010099,9,0,334,100,100,0,0,0,4,4,0,0,0,80,8,51,33,0,0,2784,241,0,11,0,932,73,0,22,0,527,1,0,0,0,164,26,0,26,0,152,236,104,29,0,0,5,0,9,0,0,9,9,0,0
3,3,0,54,12,21,3,0.998274,0.992401,1.013884,18,0,334,100,100,0,0,0,0,2,2,4,0,76,7,48,39,0,0,3016,187,0,13,0,924,87,0,26,0,418,1,0,30,0,272,0,0,16,0,38,303,64,61,0,0,11,15,9,0,0,9,9,0,0
3,3,1,52,12,21,3,1.009829,0.993853,1.013957,18,0,334,100,100,0,0,0,2,0,-2,0,0,76,7,81,54,0,0,3016,217,0,18,0,924,96,0,36,0,418,1,0,26,0,272,1,0,18,0,38,252,72,60,0,0,9,13,8,0,0,8,8,0,0
3,3,2,56,12,21,3,0.998745,0.986539,1.008943,18,0,334,100,100,0,0,0,2,-2,0,-8,0,76,7,51,33,0,0,3016,227,0,11,0,924,84,0,22,0,418,1,0,32,0,272,0,0,21,0,38,276,84,61,0,0,12,16,9,0,0,9,9,0,0
3,3,3,48,12,21,3,0.999689,0.999098,1.010487,18,0,334,100,100,0,0,0,4,0,-8,0,0,76,7,51,39,0,0,3016,173,0,13,0,924,86,0,26,0,418,3,0,34,0,272,9,0,17,0,38,303,68,63,0,0,14,17,8,0,0,8,8,0,0
3,4,0,56,18,4,0,0.998148,0.992189,1.012017,27,0,334,100,100,0,0,0,0,4,4,6,0,76,5,52,39,0,0,2904,248,0,13,0,917,100,0,26,0,402,0,0,26,0,272,0,0,0,0,138,277,0,57,0,0,15,13,9,0,0,9,9,0,0
3,4,1,58,18,4,0,1.008116,0.992826,1.014834,26,0,334,100,100,0,0,0,4,0,0,2,0,76,5,104,57,0,0,2904,234,0,19,0,917,115,0,38,0,402,1,0,32,0,272,0,0,1,0,138,214,4,69,0,0,16,16,9,0,0,9,9,0,0
3,4,2,58,18,4,0,0.995059,0.987175,1.007443,27,0,334,100,100,0,0,0,4,0,0,-8,0,76,5,47,36,0,0,2904,159,0,12,0,917,96,0,24,0,402,1,0,40,0,272,0,0,0,0,138,264,0,70,0,0,23,20,9,0,0,9,9,0,0
3,4,3,52,18,4,0,1.000912,0.998702,1.010494,24,1,459,100,100,0,0,0,6,2,-8,0,0,76,5,54,36,0,0,2904,193,0,12,0,917,98,0,24,0,402,9,0,36,0,272,0,0,9,0,138,269,36,81,0,0,7,18,25,0,0,8,8,0,0
3,5,0,55,8,8,1,0.997905,0.994043,1.011686,36,0,334,100,100,0,0,0,0,4,-2,8,0,72,13,41,36,0,0,3040,180,0,12,0,905,112,0,24,0,382,1,0,34,0,272,0,0,0,0,75,270,0,64,0,0,23,17,9,0,0,9,9,0,0
3,5,1,63,8,8,1,1.010082,0.992793,1.014046,35,0,334,100,100,0,0,0,4,0,0,4,0,72,13,130,66,0,0,3040,154,0,22,0,905,137,0,44,0,382,0,0,38,0,272,0,0,0,0,75,211,0,78,0,0,26,19,9,0,0,9,9,0,0
3,5,2,52,8,8,1,1.000964,0.986682,1.00679,34,0,334,100,100,0,0,0,-2,0,0,-8,0,72,13,37,30,0,0,3040,171,0,10,0,905,106,0,20,0,382,0,0,44,0,272,0,0,0,0,75,228,0,72,0,0,36,22,9,0,0,9,9,0,0
3,5,3,54,8,8,1,1.000249,0.995797,1.011093,32,1,459,100,100,0,0,0,8,4,-8,0,0,72,13,54,39,0,0,3040,208,0,13,0,905,111,0,26,0,382,14,0,42,0,272,0,0,0,0,75,229,0,73,0,0,19,21,9,0,0,9,9,0,0
3,6,0,50,11,14,1,1.000961,0.995572,1.009147,44,0,334,100,100,0,0,0,0,0,-2,8,0,72,3,48,36,0,0,2822,193,0,12,0,914,124,0,24,0,414,0,0,28,0,263,0,0,0,0,165,259,0,44,0,0,35,14,2,0,0,2,2,0,0
3,6,1,64,11,14,1,1.008294,0.990956,1.009988,42,0,334,100,100,0,0,0,0,0,2,6,0,72,3,145,66,0,0,2822,181,0,22,0,914,159,0,44,0,414,1,0,32,0,263,0,0,0,0,165,166,0,72,0,0,33,16,9,0,0,9,9,0,0
3,6,2,51,11,14,1,0.998268,0.992532,1.00974,42,0,334,100,100,0,0,0,-2,2,0,-6,0,72,3,38,30,0,0,2822,186,0,10,0,914,116,0,20,0,414,1,0,32,0,263,0,0,1,0,165,215,4,50,0,0,48,16,4,0,0,4,4,0,0
3,6,3,56,11,14,1,1.001428,0.994338,1.011671,41,1,459,100,100,0,0,0,8,6,-6,0,0,72,3,54,39,0,0,2822,226,0,13,0,914,124,0,26,0,414,4,0,44,0,263,0,0,8,0,165,226,32,71,0,0,34,22,7,0,0,7,7,0,0
3,7,0,53,11,12,0,1.001087,0.99246,1.008854,46,1,459,100,100,0,0,0,0,2,0,10,0,68,3,54,39,0,0,2904,226,0,13,0,917,137,0,26,0,491,0,0,4,0,161,2,0,25,0,142,300,100,38,0,0,18,2,19,0,0,2,2,0,0
3,7,1,62,11,12,0,1.007468,0.988209,1.011684,50,0,334,100,100,0,0,0,2,0,4,8,0,68,3,162,63,0,0,2904,200,0,21,0,917,180,0,42,0,491,1,0,16,0,161,4,0,23,0,142,241,92,47,0,0,36,8,5,0,0,5,5,0,0
3,7,2,47,11,12,0,0.994001,0.988618,1.00534,43,1,459,100,100,0,0,0,0,4,0,-6,0,68,3,34,24,0,0,2904,207,0,8,0,917,124,0,16,0,491,0,0,16,0,161,2,0,22,0,142,293,88,43,0,0,38,8,18,0,0,1,1,0,0
3,7,3,58,11,12,0,1.001832,0.995758,1.01046,47,1,459,100,100,0,0,0,10,8,-6,0,0,68,3,49,39,0,0,2904,157,0,13,0,917,137,0,26,0,491,0,0,22,0,161,10,0,23,0,142,328,92,43,0,0,41,11,4,0,0,4,4,0,0
3,8,0,54,16,22,0,1.003716,0.999976,1.008241,46,1,459,100,100,0,0,0,0,2,2,12,0,68,0,57,42,0,0,2920,159,0,14,0,926,151,0,28,0,380,1,0,28,0,272,0,0,2,0,135,331,8,46,0,0,30,14,2,0,0,2,2,0,0
3,8,1,60,16,22,0,1.010769,0.988684,1.010346,51,0,334,100,100,0,0,0,2,0,8,10,0,68,0,175,60,0,0,2920,206,0,20,0,926,200,0,40,0,380,0,0,42,0,272,0,0,4,0,135,219,16,68,0,0,54,21,3,0,0,3,3,0,0
3,8,2,43,16,22,0,0.997475,0.995313,1.006065,38,1,459,100,100,0,0,0,2,8,0,-4,0,68,0,32,18,0,0,2920,234,0,6,0,926,130,0,12,0,380,1,0,32,0,272,0,0,2,0,135,293,8,40,0,0,53,16,1,0,0,1,1,0,0
3,8,3,57,16,22,0,1.001758,0.99638,1.012277,49,1,459,100,100,0,0,0,12,10,-4,0,0,68,0,50,39,0,0,2920,174,0,13,0,926,150,0,26,0,380,2,0,44,0,272,0,0,10,0,135,337,40,61,0,0,61,22,2,0,0,2,2,0,0
3,9,0,53,9,8,0,1.00125,0.997029,1.006523,46,1,459,100,100,0,0,0,0,2,4,14,0,64,6,54,42,0,0,2920,187,0,14,0,920,165,0,28,0,437,0,0,28,0,214,0,0,9,0,125,348,36,48,0,0,41,14,3,0,0,3,3,0,0
3,9,1,64,9,8,0,1.011161,0.984947,1.011898,53,0,334,100,100,0,0,0,2,0,12,12,0,64,6,189,60,0,0,2920,230,0,20,0,920,220,0,40,0,437,1,0,26,0,214,0,0,17,0,125,259,68,52,0,0,64,13,3,0,0,3,3,0,0
3,9,2,40,9,8,0,0.998676,0.993917,1.007602,38,2,584,100,100,0,0,0,4,12,0,-4,0,64,6,28,21,0,0,2920,184,0,7,0,920,137,0,14,0,437,0,0,16,0,214,0,0,15,0,125,386,60,42,0,0,43,8,18,0,0,1,1,0,0
3,9,3,58,9,8,0,1.004624,0.997247,1.010771,50,1,459,100,100,0,0,0,14,12,-4,0,0,64,6,51,39,0,0,2920,184,0,13,0,920,163,0,26,0,437,0,0,40,0,214,0,0,17,0,125,390,68,59,0,0,78,20,3,0,0,3,3,0,0
3,10,0,52,13,15,2,1.003329,0.999742,1.015164,47,1,459,100,100,0,0,0,0,4,-6,16,0,64,5,53,39,0,0,2824,209,0,13,0,920,178,0,26,0,412,0,0,24,0,242,0,0,4,0,171,361,16,39,0,0,52,12,1,0,0,1,1,0,0
3,10,1,70,13,15,2,1.013491,0.9862,1.01314,55,0,334,100,100,0,0,0,4,0,12,14,0,64,5,209,66,0,0,2824,264,0,22,0,920,242,0,44,0,412,0,0,46,0,242,0,0,3,0,171,223,12,76,0,0,83,23,4,0,0,4,4,0,0
3,10,2,34,13,15,2,1.000487,0.996093,1.007029,33,2,584,100,100,0,0,0,-6,12,0,-8,0,64,5,25,21,0,0,2824,201,0,7,0,920,144,0,14,0,412,1,0,8,0,242,0,0,13,0,171,450,52,17,0,0,46,4,1,0,0,1,1,0,0
3,10,3,57,13,15,2,1.00769,0.998586,1.012303,51,2,584,100,100,0,0,0,16,14,-8,0,0,64,5,46,39,0,0,2824,201,0,13,0,920,176,0,26,0,412,1,0,44,0,242,0,0,10,0,171,382,40,78,0,0,81,22,19,0,0,2,2,0,0
3,11,0,49,8,13,1,1.000909,1.00006,1.013879,47,1,459,100,100,0,0,0,0,6,-4,16,0,60,0,49,36,0,0,3031,233,0,12,0,911,190,0,24,0,482,0,0,12,0,230,0,0,8,0,121,383,32,26,0,0,57,6,1,0,0,1,1,0,0
3,11,1,69,8,13,1,1.012873,0.984648,1.013446,56,1,459,100,100,0,0,0,6,0,16,10,0,60,0,219,66,0,0,3031,172,0,22,0,911,264,0,44,0,482,1,0,12,0,230,0,0,21,0,121,285,84,61,0,0,67,6,22,0,0,5,5,0,0
3,11,2,34,8,13,1,1.000513,0.993657,1.008239,32,2,584,100,100,0,0,0,-4,16,0,-8,0,60,0,28,21,0,0,3031,160,0,7,0,911,151,0,14,0,482,0,0,16,0,230,0,0,2,0,121,492,8,23,0,0,54,8,0,0,0,0,0,0,0
3,11,3,56,8,13,1,1.0076,0.99896,1.010582,51,2,584,100,100,0,0,0,16,10,-8,0,0,60,0,55,45,0,0,3031,210,0,15,0,911,188,0,30,0,482,1,0,20,0,230,0,0,11,0,121,415,44,39,0,0,89,10,2,0,0,2,2,0,0
3,12,0,50,9,3,1,1.001089,1.001549,1.014844,48,2,584,100,100,0,0,0,0,8,-2,16,0,60,7,49,36,0,0,2952,172,0,12,0,911,202,0,24,0,478,1,0,12,0,191,0,0,21,0,126,428,84,43,0,0,45,6,18,0,0,1,1,0,0
3,12,1,70,9,3,1,1.010909,0.986612,1.014009,60,1,459,100,100,0,0,0,8,0,18,6,0,60,7,228,66,0,0,2952,185,0,22,0,911,286,0,44,0,478,0,0,14,0,191,4,0,26,0,126,384,104,44,0,0,70,7,4,0,0,4,4,0,0
3,12,2,35,9,3,1,0.997077,0.996162,1.007689,31,3,709,100,100,0,0,0,-2,18,0,-8,0,60,7,35,27,0,0,2952,165,0,9,0,911,160,0,18,0,478,1,0,12,0,191,0,0,9,0,126,515,36,40,0,0,42,6,18,0,0,1,1,0,0
3,12,3,59,9,3,1,1.010047,0.997743,1.012549,53,2,584,100,100,0,0,0,16,6,-8,0,0,60,7,63,48,0,0,2952,226,0,16,0,911,204,0,32,0,478,1,0,24,0,191,0,0,21,0,126,488,84,44,0,0,99,12,2,0,0,2,2,0,0
3,13,0,50,8,3,0,1.001794,1.003608,1.015732,48,3,709,100,100,0,0,0,0,8,0,18,0,56,7,41,33,0,0,2944,199,0,11,0,911,213,0,22,0,455,0,0,16,0,191,3,0,24,0,119,514,96,46,0,0,35,8,18,0,0,1,1,0,0
3,13,1,73,8,3,0,1.012487,0.982667,1.014364,63,2,584,100,100,0,0,0,8,0,20,8,1,56,7,241,66,0,0,2944,197,0,22,0,911,308,0,44,0,455,1,0,30,0,191,1,0,27,0,119,414,108,75,0,0,65,15,20,0,0,3,3,0,0
3,13,2,36,8,3,0,0.997013,0.99712,1.008986,32,3,709,100,100,0,0,0,0,20,0,-8,1,56,7,37,27,0,0,2944,177,0,9,0,911,169,0,18,0,455,0,0,18,0,191,0,0,6,0,119,539,24,31,0,0,49,9,2,0,0,2,2,0,0
3,13,3,60,8,3,0,1.008685,0.998249,1.011659,54,3,709,100,100,0,0,0,18,8,-8,0,0,56,7,61,45,0,0,2944,152,0,15,0,911,219,0,30,0,455,1,0,26,0,191,0,0,24,0,119,548,96,62,0,0,93,13,19,0,0,2,2,0,0
3,14,0,46,11,5,0,1.002922,1.003274,1.014648,45,3,709,100,100,0,0,0,0,8,2,20,1,56,4,37,30,0,0,2856,227,0,10,0,915,220,0,20,0,417,1,0,32,0,236,0,0,3,0,143,519,12,44,0,0,50,16,1,0,0,1,1,0,0
3,14,1,79,11,5,0,1.011182,0.980404,1.016119,66,2,584,100,100,0,0,0,8,0,22,10,1,56,4,252,66,0,0,2856,206,0,22,0,915,330,0,44,0,417,0,0,36,0,236,0,0,21,0,143,480,84,66,0,0,79,18,4,0,0,4,4,0,0
3,14,2,39,11,5,0,0.998186,0.998048,1.011517,34,3,709,100,100,0,0,0,2,22,0,-8,1,56,4,41,30,0,0,2856,187,0,10,0,915,179,0,20,0,417,0,0,24,0,236,0,0,0,0,143,536,0,36,0,0,60,12,1,0,0,1,1,0,0
3,14,3,61,11,5,0,1.00733,0.997193,1.008942,55,3,709,100,100,0,0,0,20,10,-8,0,1,56,4,60,48,0,0,2856,164,0,16,0,915,234,0,32,0,417,0,0,36,0,236,0,0,16,0,143,595,64,56,0,0,109,18,2,0,0,2,2,0,0
3,15,0,38,11,24,0,1.000537,1.002201,1.009307,38,4,834,100,100,0,0,0,0,12,4,22,1,52,6,27,21,0,0,2920,174,0,7,0,912,227,0,14,0,478,1,0,6,0,197,0,0,14,0,96,617,56,30,0,0,36,3,17,0,0,0,0,0,0
3,15,1,75,11,24,0,1.013491,0.978134,1.014754,62,3,709,100,100,0,0,0,12,0,24,12,1,52,6,231,48,0,0,2920,231,0,16,0,912,346,0,32,0,478,1,0,32,0,197,0,0,25,0,96,543,100,73,0,0,74,16,21,0,0,4,4,0,0
3,15,2,42,11,24,0,0.997424,0.998521,1.016503,34,4,834,100,100,0,0,0,4,24,0,-6,1,52,6,47,33,0,0,2920,201,0,11,0,912,190,0,22,0,478,1,0,2,0,197,0,0,15,0,96,595,60,34,0,0,42,1,19,0,0,2,2,0,0
3,15,3,57,11,24,0,1.004645,0.996582,1.008902,51,4,834,100,100,0,0,0,22,12,-6,0,1,52,6,49,39,0,0,2920,186,0,13,0,912,247,0,26,0,478,0,0,24,0,197,0,0,21,0,96,654,84,58,0,0,102,12,19,0,0,2,2,0,0
3,16,0,32,9,27,1,1.000945,1.002333,1.012073,31,4,834,100,100,0,0,0,0,14,6,24,1,52,4,25,18,0,0,2840,178,0,6,0,950,233,0,12,0,426,0,0,22,0,217,0,0,3,0,218,616,12,28,0,0,47,11,0,0,0,0,0,0,0
3,16,1,69,9,27,1,1.010815,0.980905,1.01793,58,4,834,100,100,0,0,0,14,0,24,8,1,52,4,215,48,0,0,2840,268,0,16,0,950,362,0,32,0,426,1,0,28,0,217,0,0,23,0,218,588,92,71,0,0,66,14,22,0,0,5,5,0,0
3,16,2,44,9,27,1,1.002038,0.995265,1.019318,36,4,834,100,100,0,0,0,6,24,0,-4,1,52,4,54,36,0,0,2840,219,0,12,0,950,202,0,24,0,426,1,0,24,0,217,0,0,0,0,218,577,0,42,0,0,51,12,3,0,0,3,3,0,0
3,16,3,49,9,27,1,1.011507,1.0046,1.012516,46,4,834,100,100,0,0,0,24,8,-4,0,1,52,4,39,33,0,0,2840,206,0,11,0,950,258,0,22,0,426,1,0,24,0,217,0,0,13,0,218,686,52,35,0,0,114,12,0,0,0,0,0,0,0
3,17,0,32,8,9,0,0.995376,0.998825,1.009072,29,4,834,100,100,0,0,0,0,16,6,26,1,48,0,24,18,0,0,3064,196,0,6,0,975,236,0,12,0,425,0,0,18,0,270,0,0,0,0,285,596,0,26,0,0,55,9,1,0,0,1,1,0,0
3,17,1,71,8,9,0,1.015739,0.980949,1.017221,63,4,834,100,100,0,0,0,16,0,26,12,1,48,0,202,48,0,0,3064,183,0,16,0,975,366,0,32,0,425,0,0,38,0,270,0,0,0,0,285,528,0,60,0,0,82,19,3,0,0,3,3,0,0
3,17,2,45,8,9,0,1.002444,0.995607,1.020837,38,4,834,100,100,0,0,0,6,26,0,-4,1,48,0,60,39,0,0,3064,162,0,13,0,975,212,0,26,0,425,1,0,22,0,270,0,0,0,0,285,536,0,41,0,0,59,11,3,0,0,3,3,0,0
3,17,3,45,8,9,0,1.008321,1.006603,1.012554,42,4,834,100,100,0,0,0,26,12,-4,0,1,48,0,34,27,0,0,3064,220,0,9,0,975,266,0,18,0,425,0,0,38,0,270,0,0,0,0,285,646,0,49,0,0,132,19,1,0,0,1,1,0,0
3,18,0,27,8,16,0,0.999346,0.999849,1.000752,25,4,834,100,100,0,0,0,0,20,8,28,2,48,2,31,21,0,0,2928,205,0,7,0,953,243,0,14,0,479,0,0,2,0,270,0,0,0,0,109,606,0,11,0,0,55,1,1,0,0,1,1,0,0
3,18,1,73,8,16,0,1.01438,0.980033,1.020175,65,4,834,100,100,0,0,0,20,0,28,16,2,48,2,187,48,0,0,2928,240,0,16,0,953,382,0,32,0,479,1,0,24,0,270,0,0,2,0,109,538,8,46,0,0,91,12,3,0,0,3,3,0,0
3,18,2,46,8,16,0,1.001607,0.997201,1.021373,41,4,834,100,100,0,0,0,8,28,0,-2,1,48,2,62,36,0,0,2928,185,0,12,0,953,224,0,24,0,479,0,0,16,0,270,0,0,0,0,109,542,0,30,0,0,66,8,1,0,0,1,1,0,0
3,18,3,39,8,16,0,1.008075,1.013547,1.015958,38,4,834,100,100,0,0,0,28,16,-2,0,1,48,2,33,27,0,0,2928,166,0,9,0,953,275,0,18,0,479,0,0,20,0,270,0,0,0,0,109,695,0,31,0,0,141,10,1,0,0,1,1,0,0
3,19,0,28,7,5,0,1.001379,1.000698,1.000266,26,4,834,100,100,0,0,0,0,20,12,30,2,44,0,34,21,0,0,3032,171,0,7,0,968,247,0,14,0,478,1,0,6,0,242,0,0,3,0,143,653,12,15,0,0,57,3,1,0,0,1,1,0,0
3,19,1,74,7,5,0,1.013124,0.980808,1.019282,68,4,834,100,100,0,0,0,20,0,30,20,3,44,0,171,48,0,0,3032,151,0,16,0,968,392,0,32,0,478,0,0,26,0,242,0,0,14,0,143,598,56,46,0,0,102,13,2,0,0,2,2,0,0
3,19,2,47,7,5,0,1.00425,0.995654,1.022618,41,4,834,100,100,0,0,0,12,30,0,0,1,44,0,68,42,0,0,3032,213,0,14,0,968,235,0,28,0,478,0,0,14,0,242,0,0,4,0,143,562,16,32,0,0,71,7,2,0,0,2,2,0,0
3,19,3,38,7,5,0,1.009092,1.007608,1.01131,37,5,959,100,100,0,0,0,30,20,0,0,2,44,0,29,21,0,0,3032,192,0,7,0,968,282,0,14,0,478,0,0,16,0,242,0,0,8,0,143,708,32,40,0,0,132,8,17,0,0,0,0,0,0
3,20,0,29,7,8,0,1.00018,1.001386,0.996957,25,4,834,100,100,0,0,0,0,22,16,32,2,44,6,34,18,0,0,2848,193,0,6,0,956,253,0,12,0,430,1,0,12,0,263,0,0,1,0,201,661,4,20,0,0,62,6,1,0,0,1,1,0,0
3,20,1,76,7,8,0,1.013213,0.978281,1.021329,70,4,834,100,100,0,0,0,22,0,32,24,3,44,6,157,51,0,0,2848,204,0,17,0,956,409,0,34,0,430,0,0,42,0,263,0,0,7,0,201,588,28,63,0,0,121,21,2,0,0,2,2,0,0
3,20,2,47,7,8,0,1.006354,0.995396,1.02153,42,4,834,100,100,0,0,0,16,32,0,2,1,44,6,69,42,0,0,2848,240,0,14,0,956,249,0,28,0,430,1,0,26,0,263,0,0,0,0,201,543,0,44,0,0,82,13,2,0,0,2,2,0,0
3,20,3,34,7,8,0,1.010817,1.012701,1.013887,33,5,959,100,100,0,0,0,32,24,2,0,2,44,6,23,15,0,0,2848,213,0,5,0,956,287,0,10,0,430,1,0,26,0,263,0,0,1,0,201,706,4,31,0,0,145,13,0,0,0,0,0,0,0
3,21,0,26,6,29,0,1.004712,0.999091,0.992692,22,4,834,100,100,0,0,0,0,24,20,34,3,40,1,31,18,0,0,2992,222,0,6,0,962,259,0,12,0,494,1,0,0,0,230,0,0,6,0,82,698,24,8,0,0,61,0,1,0,0,1,1,0,0
3,21,1,64,6,29,0,1.007273,0.978309,1.020765,60,4,834,100,100,0,0,0,24,0,34,28,3,40,1,139,51,0,0,2992,255,0,17,0,962,426,0,34,0,494,1,0,8,0,230,0,0,14,0,82,655,56,29,0,0,123,4,2,0,0,2,2,0,0
3,21,2,49,6,29,0,1.004861,0.9963,1.022319,43,4,834,100,100,0,0,0,20,34,0,4,2,40,1,73,42,0,0,2992,179,0,14,0,962,263,0,28,0,494,1,0,6,0,230,0,0,12,0,82,642,48,24,0,0,83,3,2,0,0,2,2,0,0
3,21,3,24,6,29,0,1.006562,1.005681,1.005505,24,5,959,100,100,0,0,0,34,28,4,0,2,40,1,21,15,0,0,2992,174,0,5,0,962,292,0,10,0,494,1,0,0,0,230,0,0,7,0,82,802,28,5,0,0,145,0,0,0,0,0,0,0,0
3,22,0,27,7,2,0,1.00652,0.998074,0.991841,23,5,959,100,100,0,0,0,0,26,24,36,3,40,6,31,18,0,0,3048,190,0,6,0,956,265,0,12,0,528,1,0,2,0,246,0,0,4,0,62,760,16,29,0,0,43,1,19,0,0,2,2,0,0
3,22,1,66,7,2,0,1.008445,0.98061,1.022223,61,5,959,100,100,0,0,0,26,0,36,32,3,40,6,139,54,0,0,3048,173,0,18,0,956,444,0,36,0,528,1,0,4,0,246,0,0,9,0,62,751,36,41,0,0,107,2,18,0,0,1,1,0,0
3,22,2,50,7,2,0,1.005379,0.995159,1.021247,45,4,834,100,100,0,0,0,24,36,0,6,2,40,6,75,45,0,0,3048,211,0,15,0,956,278,0,30,0,528,0,0,6,0,246,0,0,9,0,62,695,36,25,0,0,84,3,2,0,0,2,2,0,0
3,22,3,25,7,2,0,1.007688,0.99827,1.007198,23,6,1084,100,100,0,0,0,36,32,6,0,2,40,6,22,15,0,0,3048,201,0,5,0,956,297,0,10,0,528,1,0,4,0,246,0,0,2,0,62,804,8,26,0,0,130,2,17,0,0,0,0,0,0
3,23,0,26,2,30,0,1.004146,1.000184,0.99197,23,5,959,100,100,0,0,0,0,28,28,38,3,36,9,30,18,0,0,2872,229,0,6,0,1069,253,0,12,0,520,0,0,4,0,264,0,0,0,0,132,766,0,12,0,0,44,2,1,0,0,1,1,0,0
3,23,1,56,2,30,0,1.005343,0.975353,1.018324,52,5,959,100,100,0,0,0,28,0,38,36,3,36,9,133,54,0,0,2872,249,0,18,0,1069,418,0,36,0,520,1,0,10,0,264,0,0,2,0,132,749,8,32,0,0,110,5,2,0,0,2,2,0,0
3,23,2,40,2,30,0,1.002796,0.988973,1.017932,36,4,834,100,100,0,0,0,28,38,0,8,2,36,9,73,45,0,0,2872,234,0,15,0,1069,257,0,30,0,520,0,0,6,0,264,0,0,3,0,132,694,12,25,0,0,85,3,2,0,0,2,2,0,0
3,23,3,18,2,30,0,0.997974,0.987154,0.989732,16,6,1084,100,100,0,0,0,38,36,8,0,2,36,9,18,15,0,0,2872,171,0,5,0,1069,287,0,10,0,520,0,0,6,0,264,0,0,3,0,132,830,12,13,0,0,132,3,1,0,0,1,1,0,0
3,24,0,26,7,5,0,1.004146,1.000184,0.99197,24,5,959,100,100,0,0,0,0,30,32,40,3,36,1,33,21,0,0,3168,196,0,7,0,953,260,0,14,0,472,0,0,6,0,272,0,0,0,0,42,812,0,15,0,0,46,3,1,0,0,1,1,0,0
3,24,1,57,7,5,0,1.005688,0.97259,1.018877,52,6,1084,100,100,0,0,0,30,0,40,40,3,36,1,131,48,0,0,3168,177,0,16,0,953,434,0,32,0,472,1,0,24,0,272,0,0,0,0,42,813,0,59,0,0,104,12,18,0,0,1,1,0,0
3,24,2,41,7,5,0,1.002857,0.986515,1.019893,37,5,959,100,100,0,0,0,32,40,0,10,2,36,1,82,42,0,0,3168,180,0,14,0,953,271,0,28,0,472,0,0,24,0,272,0,0,0,0,42,702,0,57,0,0,79,12,18,0,0,1,1,0,0
3,24,3,18,7,5,0,0.997536,0.989255,0.991774,15,6,1084,100,100,0,0,0,40,40,10,0,2,36,1,20,12,0,0,3168,173,0,4,0,953,291,0,8,0,472,6,0,12,0,272,0,0,0,0,42,821,0,18,0,0,137,6,1,0,0,1,1,0,0
3,25,0,26,1,1,0,1.003862,1.00396,0.99114,24,6,1084,100,100,0,0,0,0,34,34,42,3,32,0,34,21,0,0,2920,163,0,7,0,962,267,0,14,0,544,0,0,0,0,187,0,0,10,0,167,899,40,26,0,0,28,0,18,0,0,1,1,0,0
3,25,1,57,1,1,0,1.005688,0.97259,1.018877,53,7,1209,100,100,0,0,0,34,0,42,44,3,32,0,130,51,0,0,2920,271,0,17,0,962,451,0,34,0,544,1,0,0,0,187,0,0,30,0,167,922,120,38,0,0,85,0,19,0,0,2,2,0,0
3,25,2,41,1,1,0,1.002857,0.986515,1.019893,38,5,959,100,100,0,0,0,34,42,0,14,2,32,0,88,42,0,0,2920,213,0,14,0,962,285,0,28,0,544,0,0,0,0,187,13,0,16,0,167,763,64,18,0,0,77,0,2,0,0,2,2,0,0
3,25,3,18,1,1,0,0.997536,0.989255,0.991774,16,6,1084,100,100,0,0,0,42,44,14,0,2,32,0,22,12,0,0,2920,175,0,4,0,962,295,0,8,0,544,0,0,6,0,187,8,0,8,0,167,856,32,12,0,0,139,3,1,0,0,1,1,0,0
3,26,0,27,3,10,0,1.005817,1.001652,0.99246,25,7,1209,100,100,0,0,0,0,34,36,44,3,32,4,38,24,0,0,3104,201,0,8,0,959,275,0,16,0,537,0,0,0,0,233,0,0,6,0,139,911,24,27,0,0,10,0,18,0,0,1,1,0,0
3,26,1,58,3,10,0,1.007999,0.973959,1.017956,54,7,1209,100,100,0,0,0,34,0,44,48,3,32,4,132,51,0,0,3104,197,0,17,0,959,468,0,34,0,537,1,0,0,0,233,0,0,11,0,139,1019,44,19,0,0,84,0,1,0,0,1,1,0,0
3,26,2,33,3,10,0,1.009714,0.99876,1.021478,33,5,959,100,100,0,0,0,36,44,0,16,2,32,4,93,42,0,0,3104,158,0,14,0,959,299,0,28,0,537,0,0,0,0,233,16,0,11,0,139,834,44,14,0,0,77,0,0,0,0,0,0,0,0
3,26,3,17,3,10,0,0.99705,0.992,0.993276,16,6,1084,100,100,0,0,0,44,48,16,0,2,32,4,24,12,0,0,3104,177,0,4,0,959,299,0,8,0,537,0,0,0,0,233,8,0,8,0,139,897,32,6,0,0,138,0,1,0,0,1,1,0,0
3,27,0,27,5,10,0,1.004524,1.000729,0.991885,25,7,1209,100,100,0,0,0,0,34,38,46,3,28,1,42,24,0,0,2928,166,0,8,0,953,283,0,16,0,496,1,0,8,0,272,0,0,0,0,200,951,0,18,0,0,13,4,1,0,0,1,1,0,0
3,27,1,56,5,10,0,1.009134,0.968213,1.020337,51,7,1209,100,100,0,0,0,34,0,46,52,3,28,1,134,54,0,0,2928,281,0,18,0,953,486,0,36,0,496,0,0,10,0,272,0,0,0,0,200,1014,0,32,0,0,87,5,2,0,0,2,2,0,0
3,27,2,33,5,10,0,1.008993,0.996271,1.020302,32,5,959,100,100,0,0,0,38,46,0,18,2,28,1,108,42,0,0,2928,199,0,14,0,953,313,0,28,0,496,1,0,14,0,272,5,0,11,0,200,850,44,28,0,0,84,7,0,0,0,0,0,0,0
3,27,3,14,5,10,0,0.998675,0.99204,1.001806,13,7,1209,100,100,0,0,0,46,52,18,0,2,28,1,22,9,0,0,2928,181,0,3,0,953,302,0,6,0,496,1,0,6,0,272,1,0,7,0,200,911,28,26,0,0,124,3,17,0,0,0,0,0,0
3,28,0,27,4,4,0,1.004524,1.000729,0.991885,26,7,1209,100,100,0,0,0,0,34,40,48,3,28,3,43,24,0,0,3032,211,0,8,0,950,291,0,16,0,508,0,0,4,0,272,0,0,0,0,171,955,0,14,0,0,14,2,1,0,0,1,1,0,0
3,28,1,55,4,4,0,1.008757,0.970366,1.018757,50,8,1334,100,100,0,0,0,34,0,48,56,3,28,3,141,57,0,0,3032,206,0,19,0,950,505,0,38,0,508,1,0,14,0,272,0,0,0,0,171,1035,0,54,0,0,75,7,19,0,0,2,2,0,0
3,28,2,33,4,4,0,1.006585,0.99688,1.021457,31,6,1084,100,100,0,0,0,40,48,0,22,3,28,3,122,42,0,0,3032,232,0,14,0,950,327,0,28,0,508,1,0,12,0,272,0,0,5,0,171,825,20,45,0,0,72,6,18,0,0,1,1,0,0
3,28,3,15,4,4,0,0.998431,0.992052,1.005151,13,7,1209,100,100,0,0,0,48,56,22,0,3,28,3,26,12,0,0,3032,163,0,4,0,950,306,0,8,0,508,1,0,6,0,272,0,0,1,0,171,939,4,12,0,0,126,3,1,0,0,1,1,0,0
3,29,0,26,2,12,0,1.007566,1.005339,0.993414,25,7,1209,100,100,0,0,0,0,34,42,50,3,24,1,44,24,0,0,3016,176,0,8,0,950,299,0,16,0,529,1,0,0,0,251,0,0,0,0,164,997,0,8,0,0,14,0,0,0,0,0,0,0,0
3,29,1,52,2,12,0,1.009281,0.967631,1.021448,48,8,1334,100,100,0,0,0,34,0,50,60,3,24,1,146,54,0,0,3016,285,0,18,0,950,523,0,36,0,529,1,0,6,0,251,0,0,6,0,164,1055,24,28,0,0,76,3,2,0,0,2,2,0,0
3,29,2,30,2,12,0,1.006825,1.000404,1.023368,29,6,1084,100,100,0,0,0,42,50,0,24,3,24,1,138,45,0,0,3016,184,0,15,0,950,342,0,30,0,529,1,0,4,0,251,0,0,3,0,164,866,12,21,0,0,73,2,1,0,0,1,1,0,0
3,29,3,12,2,12,0,1.002935,0.98975,1.005516,11,7,1209,100,100,0,0,0,50,60,24,0,3,24,1,24,9,0,0,3016,177,0,3,0,950,309,0,6,0,529,1,0,4,0,251,0,0,0,0,164,939,0,9,0,0,127,2,1,0,0,1,1,0,0
3,30,0,26,5,1,0,1.007566,1.005339,0.993414,25,7,1209,100,100,0,0,0,0,34,44,50,3,24,3,47,24,0,0,3008,222,0,8,0,956,307,0,16,0,535,1,0,0,0,257,0,0,2,0,195,1013,8,10,0,0,13,0,1,0,0,1,1,0,0
3,30,1,52,5,1,0,1.012186,0.966262,1.022736,49,8,1334,100,100,0,0,0,34,0,52,64,3,24,3,150,51,0,0,3008,216,0,17,0,956,540,0,34,0,535,1,0,4,0,257,0,0,8,0,195,1139,32,23,0,0,77,2,1,0,0,1,1,0,0
3,30,2,32,5,1,0,1.007905,1.002237,1.017072,30,6,1084,100,100,0,0,0,44,52,0,26,3,24,3,157,45,0,0,3008,219,0,15,0,956,357,0,30,0,535,1,0,2,0,257,0,0,5,0,195,872,20,17,0,0,74,1,0,0,0,0,0,0,0
3,30,3,14,5,1,0,1.000813,0.985387,1.007608,12,7,1209,100,100,0,0,0,50,64,26,0,3,24,3,28,9,0,0,3008,194,0,3,0,956,312,0,6,0,535,0,0,4,0,257,0,0,0,0,195,941,0,7,0,0,129,2,0,0,0,0,0,0,0
3,31,0,25,1,16,0,1.005377,1.008983,0.991175,25,7,1209,100,100,0,0,0,0,34,46,52,3,20,4,46,21,0,0,3033,189,0,7,0,959,314,0,14,0,532,1,0,2,0,245,0,0,4,0,145,1053,16,9,0,0,14,1,0,0,0,0,0,0,0
3,31,1,51,1,16,0,1.015034,0.963805,1.021065,48,8,1334,100,100,0,0,0,34,0,54,68,3,20,4,153,51,0,0,3033,306,0,17,0,959,557,0,34,0,532,0,0,6,0,245,0,0,13,0,145,1188,52,25,0,0,79,3,1,0,0,1,1,0,0
3,31,2,23,1,16,0,1.004489,0.999697,1.014921,22,6,1084,100,100,0,0,0,46,54,0,28,3,20,4,171,42,0,0,3033,173,0,14,0,959,371,0,28,0,532,0,0,4,0,245,1,0,5,0,145,908,20,18,0,0,76,2,0,0,0,0,0,0,0
3,31,3,10,1,16,0,0.986812,0.97904,0.99923,9,7,1209,100,100,0,0,0,52,68,28,0,3,20,4,24,6,0,0,3033,178,0,2,0,959,314,0,4,0,532,0,0,2,0,245,0,0,4,0,145,979,16,6,0,0,129,1,1,0,0,1,1,0,0
3,32,0,26,2,3,0,1.007385,1.011544,0.993066,25,7,1209,100,100,0,0,0,0,34,48,54,3,20,0,46,21,0,0,3080,237,0,7,0,968,321,0,14,0,529,0,0,4,0,251,0,0,3,0,146,1072,12,11,0,0,16,2,0,0,0,0,0,0,0
3,32,1,49,2,3,0,1.017415,0.966024,1.022104,47,8,1334,100,100,0,0,0,34,0,56,70,3,20,0,156,51,0,0,3080,238,0,17,0,968,574,0,34,0,529,0,0,6,0,251,0,0,9,0,146,1302,36,25,0,0,81,3,1,0,0,1,1,0,0
3,32,2,23,2,3,0,1.004489,0.999697,1.014921,22,6,1084,100,100,0,0,0,48,56,0,30,3,20,0,193,42,0,0,3080,176,0,14,0,968,385,0,28,0,529,0,0,6,0,251,0,0,1,0,146,892,4,20,0,0,79,3,0,0,0,0,0,0,0
3,32,3,10,2,3,0,0.983603,0.983853,1.002231,9,7,1209,100,100,0,0,0,54,70,30,0,3,20,0,26,6,0,0,3080,166,0,2,0,968,316,0,4,0,529,0,0,0,0,251,0,0,3,0,146,1017,12,2,0,0,129,0,0,0,0,0,0,0,0
3,33,0,25,2,3,0,1.010258,1.012681,0.992378,24,7,1209,100,100,0,0,0,0,34,48,54,3,20,4,46,24,0,0,3136,203,0,8,0,962,329,0,16,0,537,0,0,0,0,245,0,0,6,0,141,1158,24,10,0,0,15,0,1,0,0,1,1,0,0
3,33,1,49,2,3,0,1.017764,0.963009,1.02155,47,8,1334,100,100,0,0,0,34,0,58,72,3,20,4,159,48,0,0,3136,173,0,16,0,962,590,0,32,0,537,0,0,4,0,245,0,0,9,0,141,1316,36,22,0,0,82,2,1,0,0,1,1,0,0
3,33,2,23,2,3,0,1.005126,0.997307,1.023693,22,6,1084,100,100,0,0,0,48,58,0,32,3,20,4,214,42,0,0,3136,171,0,14,0,962,399,0,28,0,537,1,0,2,0,245,5,0,4,0,141,892,16,16,0,0,80,1,0,0,0,0,0,0,0
3,33,3,10,2,3,0,0.983603,0.983853,1.002231,9,8,1334,100,100,0,0,0,54,72,32,0,3,20,4,28,9,0,0,3136,177,0,3,0,962,319,0,6,0,537,0,0,0,0,245,0,0,3,0,141,1016,12,22,0,0,111,0,18,0,0,1,1,0,0
3,34,0,22,4,7,0,1.001199,1.016322,0.992986,21,7,1209,100,100,0,0,0,0,34,50,54,3,20,4,48,24,0,0,3008,170,0,8,0,965,337,0,16,0,517,0,0,2,0,266,0,0,3,0,171,1201,12,10,0,0,16,1,0,0,0,0,0,0,0
3,34,1,51,4,7,0,1.019805,0.962794,1.023095,48,8,1334,100,100,0,0,0,34,0,60,76,3,20,4,163,48,0,0,3008,268,0,16,0,965,606,0,32,0,517,0,0,12,0,266,0,0,3,0,171,1308,12,30,0,0,87,6,1,0,0,1,1,0,0
3,34,2,23,4,7,0,1.002122,0.993042,1.029419,21,6,1084,100,100,0,0,0,50,60,0,34,3,20,4,237,42,0,0,3008,158,0,14,0,965,413,0,28,0,517,3,0,8,0,266,1,0,4,0,171,887,16,24,0,0,83,4,1,0,0,1,1,0,0
3,34,3,8,4,7,0,0.985899,0.973565,1.01198,8,8,1334,100,100,0,0,0,54,76,34,0,3,20,4,31,9,0,0,3008,164,0,3,0,965,322,0,6,0,517,1,0,2,0,266,0,0,0,0,171,1038,0,5,0,0,112,1,0,0,0,0,0,0,0
3,35,0,22,2,1,0,1.001199,1.016322,0.992986,21,8,1334,100,100,0,0,0,0,34,52,56,3,20,1,55,24,0,0,3112,188,0,8,0,967,345,0,16,0,526,0,0,6,0,257,0,0,0,0,208,1176,0,33,0,0,1,3,18,0,0,1,1,0,0
3,35,1,52,2,1,0,1.021087,0.963659,1.022999,49,8,1334,100,100,0,0,0,34,0,62,78,3,20,1,168,51,0,0,3112,200,0,17,0,967,618,0,34,0,526,1,0,8,0,257,0,0,3,0,208,1311,12,27,0,0,90,4,1,0,0,1,1,0,0
3,35,2,23,2,1,0,1.002122,0.993042,1.029419,22,6,1084,100,100,0,0,0,52,62,0,34,3,20,1,261,42,0,0,3112,145,0,14,0,967,427,0,28,0,526,0,0,6,0,257,6,0,4,0,208,884,16,22,0,0,85,3,1,0,0,1,1,0,0
3,35,3,8,2,1,0,0.978095,0.974216,1.006476,7,8,1334,100,100,0,0,0,56,78,34,0,3,20,1,36,9,0,0,3112,161,0,3,0,967,325,0,6,0,526,1,0,0,0,257,0,0,3,0,208,1058,12,3,0,0,112,0,0,0,0,0,0,0,0
3,36,0,22,5,2,0,0.999255,1.018271,0.991855,21,8,1334,100,100,0,0,0,0,36,54,58,3,20,1,62,24,0,0,2952,206,0,8,0,962,353,0,16,0,529,0,0,0,0,248,0,0,6,0,246,1207,24,8,0,0,1,0,0,0,0,0,0,0,0
3,36,1,54,5,2,0,1.023028,0.964936,1.025172,49,8,1334,100,100,0,0,0,36,0,64,80,3,20,1,174,51,0,0,2952,291,0,17,0,962,635,0,34,0,529,0,0,4,0,248,0,0,12,0,246,1315,48,23,0,0,91,2,1,0,0,1,1,0,0
3,36,2,24,5,2,0,1.005483,0.992419,1.029142,23,6,1084,100,100,0,0,0,54,64,0,34,3,20,1,285,42,0,0,2952,132,0,14,0,962,441,0,28,0,529,4,0,8,0,248,2,0,4,0,246,881,16,22,0,0,89,4,0,0,0,0,0,0,0
3,36,3,8,5,2,0,0.978095,0.974216,1.006476,7,8,1334,100,100,0,0,0,58,80,34,0,3,20,1,39,9,0,0,2952,166,0,3,0,962,328,0,6,0,529,1,0,0,0,248,3,0,3,0,246,1068,12,5,0,0,111,0,1,0,0,1,1,0,0
3,37,0,23,3,0,0,0.998282,1.018627,0.990198,21,8,1334,100,100,0,0,0,0,36,54,58,3,20,3,72,27,0,0,3152,175,0,9,0,984,362,0,18,0,521,1,0,2,0,250,0,0,3,0,137,1266,12,13,0,0,1,1,1,0,0,1,1,0,0
3,37,1,55,3,0,0,1.022692,0.963383,1.023842,50,8,1334,100,100,0,0,0,36,0,66,82,3,20,3,179,54,0,0,3152,219,0,18,0,984,633,0,36,0,521,1,0,10,0,250,0,0,7,0,137,1312,28,32,0,0,94,5,2,0,0,2,2,0,0
3,37,2,25,3,0,0,1.001981,0.98962,1.026977,23,6,1084,100,100,0,0,0,54,66,0,34,3,20,3,307,42,0,0,3152,126,0,14,0,984,447,0,28,0,521,1,0,10,0,250,5,0,5,0,137,878,20,26,0,0,93,5,1,0,0,1,1,0,0
3,37,3,8,3,0,0,0.978095,0.974216,1.006476,8,8,1334,100,100,0,0,0,58,82,34,0,3,20,3,43,9,0,0,3152,171,0,3,0,984,331,0,6,0,521,1,0,2,0,250,4,0,3,0,137,1078,12,5,0,0,112,1,0,0,0,0,0,0,0
3,38,0,22,1,9,0,0.995117,1.019643,0.988648,21,8,1334,100,100,0,0,0,0,36,56,58,3,20,1,81,27,0,0,2920,199,0,9,0,953,371,0,18,0,517,0,0,4,0,260,0,0,0,0,252,1266,0,15,0,0,2,2,1,0,0,1,1,0,0
3,38,1,52,1,9,0,1.022255,0.962075,1.023503,48,8,1334,100,100,0,0,0,36,0,68,84,3,20,1,190,57,0,0,2920,289,0,19,0,953,652,0,38,0,517,1,0,6,0,260,0,0,9,0,252,1311,36,29,0,0,95,3,2,0,0,2,2,0,0
3,38,2,23,1,9,0,0.999763,0.989892,1.02934,22,6,1084,100,100,0,0,0,56,68,0,34,3,20,1,327,42,0,0,2920,127,0,14,0,953,461,0,28,0,517,0,0,6,0,260,0,0,5,0,252,879,20,22,0,0,95,3,1,0,0,1,1,0,0
3,38,3,6,1,9,0,0.984105,0.976962,1.005615,6,8,1334,100,100,0,0,0,58,84,34,0,3,20,1,46,9,0,0,2920,176,0,3,0,953,334,0,6,0,517,1,0,0,0,260,1,0,3,0,252,1090,12,3,0,0,112,0,0,0,0,0,0,0,0
3,39,0,22,0,2,0,0.995117,1.019643,0.988648,22,8,1334,100,100,0,0,0,0,36,58,58,3,20,6,90,27,0,0,3160,168,0,9,0,953,380,0,18,0,517,1,0,2,0,272,0,0,0,0,210,1281,0,11,0,0,3,1,0,0,0,0,0,0,0
3,39,1,51,0,2,0,1.021598,0.960858,1.021616,49,8,1334,100,100,0,0,0,36,0,70,84,3,20,6,195,54,0,0,3160,219,0,18,0,953,670,0,36,0,517,0,0,16,0,272,0,0,0,0,210,1298,0,36,0,0,102,8,1,0,0,1,1,0,0
3,39,2,22,0,2,0,0.997943,0.990666,1.027943,22,6,1084,100,100,0,0,0,58,70,0,34,3,20,6,347,39,0,0,3160,131,0,13,0,953,474,0,26,0,517,1,0,8,0,272,0,0,0,0,210,861,0,21,0,0,99,4,0,0,0,0,0,0,0
3,39,3,6,0,2,0,0.984105,0.976962,1.005615,6,8,1334,100,100,0,0,0,58,84,34,0,3,20,6,51,9,0,0,3160,167,0,3,0,953,337,0,6,0,517,1,0,0,0,272,0,0,1,0,210,1110,4,3,0,0,112,0,0,0,0,0,0,0,0
3,40,0,23,1,2,0,0.99581,1.018478,0.989132,22,8,1334,100,100,0,0,0,0,38,58,60,3,20,1,99,27,0,0,3088,193,0,9,0,959,389,0,18,0,529,1,0,0,0,264,0,0,1,0,200,1291,4,9,0,0,3,0,0,0,0,0,0,0,0
3,40,1,51,1,2,0,1.021598,0.960858,1.021616,50,8,1334,100,100,0,0,0,38,0,72,86,3,20,1,203,54,0,0,3088,150,0,18,0,959,688,0,36,0,529,1,0,8,0,264,0,0,4,0,200,1312,16,28,0,0,105,4,1,0,0,1,1,0,0
3,40,2,21,1,2,0,0.998701,0.992932,1.026484,21,6,1084,100,100,0,0,0,58,72,0,34,3,20,1,368,39,0,0,3088,136,0,13,0,959,487,0,26,0,529,0,0,4,0,264,0,0,3,0,200,859,12,17,0,0,101,2,0,0,0,0,0,0,0
3,40,3,5,1,2,0,0.98491,0.978953,1.008042,5,8,1334,100,100,0,0,0,60,86,34,0,3,20,1,52,6,0,0,3088,175,0,2,0,959,339,0,4,0,529,1,0,0,0,264,0,0,0,0,200,1111,0,2,0,0,112,0,0,0,0,0,0,0,0
7,1,0,57,21,1,0,1.002623,0.989112,1.001467,0,0,334,100,100,0,0,0,0,2,2,2,0,80,7,54,39,0,0,2816,200,0,13,0,935,63,0,26,0,405,20,0,48,0,272,1,0,24,0,156,120,96,79,0,0,15,24,9,0,0,9,9,0,0
7,1,1,56,21,1,0,1.006135,0.986596,1.001015,0,0,334,100,100,0,0,0,2,0,2,2,0,80,7,54,39,0,0,2816,200,0,13,0,935,62,0,26,0,405,22,0,48,0,272,1,0,24,0,156,120,96,79,0,0,15,24,9,0,0,9,9,0,0
7,1,2,55,21,1,0,1.001704,0.985312,1.005281,0,0,334,100,100,0,0,0,2,2,0,2,0,80,7,57,39,0,0,2816,200,0,13,0,935,62,0,26,0,405,20,0,48,0,272,1,0,24,0,156,120,96,79,0,0,15,24,9,0,0,9,9,0,0
7,1,3,52,21,1,0,0.99805,0.988098,0.998341,0,0,334,100,100,0,0,0,2,2,2,0,0,80,7,56,39,0,0,2816,192,0,13,0,935,62,0,26,0,405,23,0,46,0,272,2,0,23,0,156,118,92,77,0,0,14,23,9,0,0,9,9,0,0
7,2,0,56,13,6,0,0.998339,0.992133,0.996835,8,0,334,100,100,0,0,0,0,2,4,4,0,80,9,60,45,0,0,2792,232,0,15,0,914,78,0,30,0,542,0,0,20,0,165,2,0,26,0,139,209,104,53,0,0,16,10,9,0,0,9,9,0,0
7,2,1,57,13,6,0,1.006572,0.987327,0.998576,9,0,334,100,100,0,0,0,2,0,4,4,0,80,9,59,42,0,0,2792,234,0,14,0,914,76,0,28,0,542,0,0,24,0,165,2,0,25,0,139,200,100,56,0,0,18,12,9,0,0,9,9,0,0
7,2,2,57,13,6,0,0.998136,0.98215,1.00669,8,0,334,100,100,0,0,0,4,4,0,4,0,80,9,57,39,0,0,2792,236,0,13,0,914,75,0,26,0,542,0,0,20,0,165,0,0,25,0,139,208,100,51,0,0,16,10,9,0,0,9,9,0,0
7,2,3,57,13,6,0,0.99896,0.989495,0.995909,9,0,334,100,100,0,0,0,4,4,4,0,0,80,9,62,42,0,0,2792,214,0,14,0,914,76,0,28,0,542,1,0,22,0,165,4,0,25,0,139,206,100,54,0,0,16,11,9,0,0,9,9,0,0
7,3,0,52,12,13,0,1.004178,0.988964,0.999625,16,0,334,100,100,0,0,0,0,2,4,6,0,76,19,57,42,0,0,3096,162,0,14,0,908,92,0,28,0,463,0,0,14,0,252,0,0,2,0,200,196,8,46,0,0,14,7,9,0,0,9,9,0,0
7,3,1,55,12,13,0,1.009702,0.99094,0.997852,18,0,334,100,100,0,0,0,2,0,4,6,0,76,19,56,42,0,0,3096,163,0,14,0,908,90,0,28,0,463,0,0,28,0,252,0,0,2,0,200,173,8,60,0,0,23,14,9,0,0,9,9,0,0
7,3,2,58,12,13,0,0.998181,0.981985,1.009575,17,0,334,100,100,0,0,0,4,4,0,4,0,76,19,57,42,0,0,3096,165,0,14,0,908,89,0,28,0,463,1,0,16,0,252,0,0,12,0,200,232,48,48,0,0,15,8,9,0,0,9,9,0,0
7,3,3,61,12,13,0,1.000631,0.988642,0.997116,18,0,334,100,100,0,0,0,6,6,4,0,0,76,19,74,51,0,0,3096,244,0,17,0,908,93,0,34,0,463,1,0,16,0,252,0,0,6,0,200,204,24,51,0,0,15,8,9,0,0,9,9,0,0
7,4,0,47,14,31,0,1.008344,0.993423,1.001237,21,0,334,100,100,0,0,0,0,2,6,8,0,76,3,65,45,0,0,2848,207,0,15,0,903,107,0,30,0,543,0,0,0,0,169,2,0,19,0,124,261,76,25,0,0,9,0,5,0,0,5,5,0,0
7,4,1,56,14,31,0,1.012489,0.993497,0.998011,25,0,334,100,100,0,0,0,2,0,6,8,0,76,3,61,42,0,0,2848,214,0,14,0,903,100,0,28,0,543,0,0,0,0,169,0,0,21,0,124,250,84,32,0,0,14,0,9,0,0,9,9,0,0
7,4,2,55,14,31,0,0.995943,0.983941,1.009733,21,0,334,100,100,0,0,0,6,6,0,6,0,76,3,61,45,0,0,2848,204,0,15,0,903,104,0,30,0,543,0,0,2,0,169,15,0,19,0,124,296,76,27,0,0,11,1,5,0,0,5,5,0,0
7,4,3,51,14,31,0,1.007051,0.995217,1.002236,15,0,334,100,100,0,0,0,8,8,6,0,0,76,3,86,57,0,0,2848,164,0,19,0,903,112,0,38,0,543,1,0,0,0,169,10,0,17,0,124,284,68,37,0,0,6,0,9,0,0,9,9,0,0
7,5,0,48,20,15,0,1.010392,0.99734,1.003306,25,0,334,100,100,0,0,0,0,2,8,10,0,72,0,79,45,0,0,2784,249,0,15,0,896,122,0,30,0,438,0,0,14,0,222,0,0,12,0,211,281,48,37,0,0,12,7,4,0,0,4,4,0,0
7,5,1,56,20,15,0,1.011529,0.995148,1.001022,32,0,334,100,100,0,0,0,2,0,8,10,0,72,0,68,45,0,0,2784,255,0,15,0,896,115,0,30,0,438,1,0,26,0,222,0,0,12,0,211,263,48,59,0,0,18,13,9,0,0,9,9,0,0
7,5,2,55,20,15,0,1.003758,0.982253,1.010083,24,1,459,100,100,0,0,0,8,8,0,6,0,72,0,71,48,0,0,2784,229,0,16,0,896,120,0,32,0,438,0,0,34,0,222,12,0,17,0,211,291,68,75,0,0,7,17,21,0,0,4,4,0,0
7,5,3,55,20,15,0,1.006617,0.996509,1.005079,24,0,334,100,100,0,0,0,10,10,6,0,0,72,0,106,54,0,0,2784,159,0,18,0,896,127,0,36,0,438,1,0,22,0,222,7,0,17,0,211,298,68,58,0,0,8,11,9,0,0,9,9,0,0
7,6,0,49,15,3,1,1.010639,0.996703,1.001983,29,0,334,100,100,0,0,0,0,2,8,6,0,72,16,97,51,0,0,3128,184,0,17,0,866,139,0,34,0,461,0,0,16,0,231,0,0,11,0,42,307,44,43,0,0,15,8,5,0,0,5,5,0,0
7,6,1,59,15,3,1,1.015938,0.994866,1.002051,41,1,459,100,100,0,0,0,2,0,10,12,0,72,16,77,51,0,0,3128,182,0,17,0,866,132,0,34,0,461,1,0,20,0,231,0,0,12,0,42,284,48,70,0,0,3,10,25,0,0,8,8,0,0
7,6,2,60,15,3,1,1.008028,0.980956,1.007754,28,1,459,100,100,0,0,0,8,10,0,8,0,72,16,80,51,0,0,3128,157,0,17,0,866,137,0,34,0,461,1,0,24,0,231,0,0,19,0,42,389,76,53,0,0,13,12,6,0,0,6,6,0,0
7,6,3,58,15,3,1,1.010984,0.993034,1.007547,33,0,334,100,100,0,0,0,6,12,8,0,0,72,16,126,60,0,0,3128,156,0,20,0,866,147,0,40,0,461,1,0,22,0,231,0,0,18,0,42,296,72,60,0,0,10,11,9,0,0,9,9,0,0
7,7,0,54,19,7,4,1.013438,0.998321,1.006151,34,0,334,100,100,0,0,0,0,-4,-10,-4,0,68,5,124,51,0,0,2776,230,0,17,0,888,156,0,34,0,512,0,0,10,0,159,0,0,18,0,207,305,72,39,0,0,14,5,6,0,0,6,6,0,0
7,7,1,63,19,7,4,1.019442,0.995852,0.999856,48,1,459,100,100,0,0,0,-4,0,12,14,0,68,5,85,51,0,0,2776,226,0,17,0,888,138,0,34,0,512,1,0,6,0,159,2,0,27,0,207,386,108,33,0,0,1,3,5,0,0,5,5,0,0
7,7,2,59,19,7,4,1.010457,0.984071,1.011179,32,1,459,100,100,0,0,0,-10,12,0,8,0,68,5,89,54,0,0,2776,183,0,18,0,888,152,0,36,0,512,0,0,10,0,159,14,0,18,0,207,431,72,38,0,0,13,5,5,0,0,5,5,0,0
7,7,3,62,19,7,4,1.013978,0.995584,1.007757,42,0,334,100,100,0,0,0,-4,14,8,0,0,68,5,146,63,0,0,2776,157,0,21,0,888,163,0,42,0,512,1,0,6,0,159,12,0,20,0,207,297,80,43,0,0,5,3,8,0,0,8,8,0,0
7,8,0,56,15,20,0,1.015505,0.996093,1.009175,39,0,334,100,100,0,0,0,0,-2,-8,-2,0,68,1,139,54,0,0,2880,158,0,18,0,851,174,0,36,0,389,0,0,30,0,239,0,0,3,0,131,276,12,62,0,0,22,15,7,0,0,7,7,0,0
7,8,1,63,15,20,0,1.018042,0.997768,0.999629,49,1,459,100,100,0,0,0,-2,0,14,16,0,68,1,94,54,0,0,2880,273,0,18,0,851,156,0,36,0,389,1,0,24,0,239,0,0,11,0,131,416,44,50,0,0,9,12,4,0,0,4,4,0,0
7,8,2,54,15,20,0,1.020248,0.981856,1.015266,30,2,584,100,100,0,0,0,-8,14,0,8,0,68,1,97,54,0,0,2880,194,0,18,0,851,170,0,36,0,389,3,0,32,0,239,9,0,16,0,131,412,64,77,0,0,7,16,22,0,0,5,5,0,0
7,8,3,60,15,20,0,1.015873,0.991146,1.010128,47,0,334,100,100,0,0,0,-2,16,8,0,0,68,1,169,69,0,0,2880,160,0,23,0,851,186,0,46,0,389,0,0,32,0,239,2,0,20,0,131,301,80,65,0,0,16,16,5,0,0,5,5,0,0
7,9,0,57,15,8,0,1.007951,0.996849,1.003567,43,1,459,100,100,0,0,0,0,-2,-6,0,0,64,5,152,51,0,0,2892,209,0,17,0,839,191,0,34,0,441,0,0,12,0,215,1,0,23,0,149,290,92,56,0,0,6,6,22,0,0,5,5,0,0
7,9,1,67,15,8,0,1.017015,0.994862,1.00018,52,1,459,100,100,0,0,0,-2,0,16,18,0,64,5,104,60,0,0,2892,190,0,20,0,839,176,0,40,0,441,1,0,16,0,215,0,0,12,0,149,429,48,46,0,0,12,8,5,0,0,5,5,0,0
7,9,2,54,15,8,0,1.018581,0.979852,1.015855,35,2,584,100,100,0,0,0,-6,16,0,10,0,64,5,110,54,0,0,2892,210,0,18,0,839,188,0,36,0,441,13,0,32,0,215,2,0,16,0,149,431,64,60,0,0,18,16,5,0,0,5,5,0,0
7,9,3,62,15,8,0,1.015753,0.99482,1.008711,51,1,459,100,100,0,0,0,0,18,10,0,0,64,5,192,69,0,0,2892,157,0,23,0,839,209,0,46,0,441,1,0,32,0,215,0,0,14,0,149,280,56,80,0,0,11,16,21,0,0,4,4,0,0
7,10,0,58,17,3,0,1.009579,0.99413,0.998721,46,1,459,100,100,0,0,0,0,0,-4,2,0,64,0,161,51,0,0,2728,263,0,17,0,848,208,0,34,0,415,1,0,34,0,267,0,0,1,0,258,245,4,61,0,0,18,17,5,0,0,5,5,0,0
7,10,1,73,17,3,0,1.019666,0.99225,1.000446,57,2,584,100,100,0,0,0,0,0,18,20,1,64,0,118,66,0,0,2728,245,0,22,0,848,198,0,44,0,415,1,0,22,0,267,0,0,3,0,258,388,12,71,0,0,1,11,22,0,0,5,5,0,0
7,10,2,56,17,3,0,1.016259,0.977705,1.014689,40,2,584,100,100,0,0,0,-4,18,0,10,0,64,0,126,54,0,0,2728,234,0,18,0,848,206,0,36,0,415,12,0,34,0,267,0,0,3,0,258,384,12,62,0,0,30,17,5,0,0,5,5,0,0
7,10,3,67,17,3,0,1.016289,0.997185,1.008554,55,1,459,100,100,0,0,0,2,20,10,0,1,64,0,216,69,0,0,2728,160,0,23,0,848,232,0,46,0,415,1,0,36,0,267,0,0,1,0,258,226,4,67,0,0,25,18,4,0,0,4,4,0,0
7,11,0,61,12,7,0,1.00772,0.989299,0.998301,50,1,459,100,100,0,0,0,0,2,-2,4,0,60,4,164,48,0,0,3104,189,0,16,0,839,224,0,32,0,477,0,0,14,0,207,0,0,16,0,108,322,64,38,0,0,21,7,4,0,0,4,4,0,0
7,11,1,75,12,7,0,1.019837,0.993586,1.000685,61,2,584,100,100,0,0,0,2,0,20,22,2,60,4,121,63,0,0,3104,151,0,21,0,839,219,0,42,0,477,0,0,18,0,207,0,0,9,0,108,428,36,51,0,0,4,9,6,0,0,6,6,0,0
7,11,2,57,12,7,0,1.016724,0.979582,1.014966,44,2,584,100,100,0,0,0,-2,20,0,12,1,60,4,137,54,0,0,3104,160,0,18,0,839,224,0,36,0,477,0,0,30,0,207,5,0,19,0,108,450,76,60,0,0,39,15,6,0,0,6,6,0,0
7,11,3,66,12,7,0,1.013541,0.993272,1.008882,57,1,459,100,100,0,0,0,4,22,12,0,1,60,4,229,66,0,0,3104,167,0,22,0,839,254,0,44,0,477,0,0,20,0,207,0,0,16,0,108,275,64,48,0,0,32,10,3,0,0,3,3,0,0
7,12,0,61,12,16,0,1.000224,0.988714,0.999127,51,1,459,100,100,0,0,0,0,4,0,6,0,60,1,163,48,0,0,2696,248,0,16,0,851,240,0,32,0,419,0,0,24,0,244,0,0,7,0,150,334,28,46,0,0,30,12,3,0,0,3,3,0,0
7,12,1,73,12,16,0,1.020248,0.991738,1.001138,62,2,584,100,100,0,0,0,4,0,22,24,2,60,1,117,60,0,0,2696,224,0,20,0,851,239,0,40,0,419,0,0,18,0,244,0,0,3,0,150,454,12,46,0,0,9,9,4,0,0,4,4,0,0
7,12,2,56,12,16,0,1.019872,0.978592,1.014522,46,2,584,100,100,0,0,0,0,22,0,14,1,60,1,149,57,0,0,2696,180,0,19,0,851,243,0,38,0,419,0,0,22,0,244,0,0,14,0,150,475,56,49,0,0,46,11,4,0,0,4,4,0,0
7,12,3,65,12,16,0,1.013635,0.989829,1.009091,58,1,459,100,100,0,0,0,6,24,14,0,1,60,1,241,66,0,0,2696,175,0,22,0,851,276,0,44,0,419,0,0,28,0,244,0,0,9,0,150,294,36,56,0,0,43,14,3,0,0,3,3,0,0
7,13,0,60,10,5,0,1.001874,0.993959,1.001208,52,1,459,100,100,0,0,0,0,4,2,8,0,56,2,157,48,0,0,2844,171,0,16,0,854,256,0,32,0,390,0,0,44,0,272,0,0,0,0,86,338,0,66,0,0,49,22,3,0,0,3,3,0,0
7,13,1,77,10,5,0,1.019941,0.992211,1.001646,66,2,584,100,100,0,0,0,4,0,24,26,2,56,2,115,60,0,0,2844,302,0,20,0,854,259,0,40,0,390,1,0,26,0,272,0,0,0,0,86,466,0,54,0,0,18,13,4,0,0,4,4,0,0
7,13,2,58,10,5,0,1.021291,0.978834,1.014677,49,2,584,100,100,0,0,0,2,24,0,16,1,56,2,163,57,0,0,2844,201,0,19,0,854,262,0,38,0,390,3,0,38,0,272,0,0,0,0,86,433,0,63,0,0,62,19,3,0,0,3,3,0,0
7,13,3,65,10,5,0,1.013882,0.990553,1.00843,61,1,459,100,100,0,0,0,8,26,16,0,1,56,2,256,69,0,0,2844,176,0,23,0,854,299,0,46,0,390,0,0,42,0,272,0,0,0,0,86,271,0,69,0,0,62,21,2,0,0,2,2,0,0
7,14,0,61,13,26,0,1.001871,0.996249,1.004337,53,1,459,100,100,0,0,0,0,4,4,10,0,56,4,152,45,0,0,2864,232,0,15,0,848,271,0,30,0,439,0,0,24,0,228,0,0,15,0,116,380,60,45,0,0,58,12,3,0,0,3,3,0,0
7,14,1,58,13,26,0,1.020807,0.990103,0.998665,51,3,709,100,100,0,0,0,4,0,26,28,2,56,4,108,60,0,0,2864,205,0,20,0,848,279,0,40,0,439,0,0,22,0,228,0,0,7,0,116,489,28,65,0,0,9,11,20,0,0,3,3,0,0
7,14,2,59,13,26,0,1.024882,0.982619,1.018592,50,2,584,100,100,0,0,0,4,26,0,18,1,56,4,176,60,0,0,2864,227,0,20,0,848,282,0,40,0,439,0,0,30,0,228,0,0,13,0,116,447,52,56,0,0,74,15,3,0,0,3,3,0,0
7,14,3,69,13,26,0,1.018592,0.990005,1.011336,62,1,459,100,100,0,0,0,10,28,18,0,1,56,4,277,72,0,0,2864,183,0,24,0,848,323,0,48,0,439,1,0,32,0,228,0,0,9,0,116,273,36,58,0,0,77,16,1,0,0,1,1,0,0
7,15,0,61,9,12,0,1.000666,0.99352,1.003355,55,2,584,100,100,0,0,0,0,4,6,12,0,52,0,148,45,0,0,3000,156,0,15,0,863,280,0,30,0,505,0,0,12,0,141,6,0,28,0,88,423,112,48,0,0,45,6,19,0,0,2,2,0,0
7,15,1,59,9,12,0,1.021057,0.988567,0.998579,52,3,709,100,100,0,0,0,4,0,28,30,2,52,0,127,66,0,0,3000,221,0,22,0,863,295,0,44,0,505,1,0,4,0,141,0,0,23,0,88,584,92,30,0,0,9,2,2,0,0,2,2,0,0
7,15,2,58,9,12,0,1.022571,0.984632,1.015882,51,3,709,100,100,0,0,0,6,28,0,18,1,52,0,190,63,0,0,3000,147,0,21,0,863,300,0,42,0,505,1,0,12,0,141,16,0,18,0,88,510,72,56,0,0,60,6,20,0,0,3,3,0,0
7,15,3,66,9,12,0,1.016751,0.987821,1.010088,60,1,459,100,100,0,0,0,12,30,18,0,1,52,0,294,75,0,0,3000,185,0,25,0,863,339,0,50,0,505,0,0,10,0,141,18,0,22,0,88,352,88,39,0,0,80,5,2,0,0,2,2,0,0
7,16,0,63,15,4,0,1.001732,0.992104,1.003304,57,2,584,100,100,0,0,0,0,4,8,14,0,52,4,145,45,0,0,2728,232,0,15,0,833,295,0,30,0,392,1,0,38,0,272,0,0,6,0,189,420,24,57,0,0,62,19,2,0,0,2,2,0,0
7,16,1,64,15,4,0,1.0259,0.986395,1.001155,54,3,709,100,100,0,0,0,4,0,30,32,2,52,4,149,69,0,0,2728,243,0,23,0,833,318,0,46,0,392,1,0,30,0,272,0,0,0,0,189,561,0,59,0,0,21,15,3,0,0,3,3,0,0
7,16,2,58,15,4,0,1.025663,0.98436,1.020316,51,3,709,100,100,0,0,0,8,30,0,18,1,52,4,201,60,0,0,2728,165,0,20,0,833,320,0,40,0,392,5,0,34,0,272,0,0,16,0,189,531,64,58,0,0,75,17,2,0,0,2,2,0,0
7,16,3,70,15,4,0,1.016013,0.989087,1.010228,61,1,459,100,100,0,0,0,14,32,18,0,1,52,4,319,78,0,0,2728,189,0,26,0,833,365,0,52,0,392,1,0,44,0,272,0,0,18,0,189,380,72,74,0,0,100,22,2,0,0,2,2,0,0
7,17,0,66,13,2,0,1.003467,0.990887,1.004182,59,3,709,100,100,0,0,0,0,4,10,16,0,48,2,140,48,0,0,2976,153,0,16,0,821,311,0,32,0,533,0,0,2,0,158,0,0,30,0,205,536,120,39,0,0,44,1,19,0,0,2,2,0,0
7,17,1,67,13,2,0,1.030276,0.987514,1.003651,57,4,834,100,100,0,0,0,4,0,32,34,2,48,2,166,72,0,0,2976,155,0,24,0,821,342,0,48,0,533,1,0,4,0,158,0,0,15,0,205,612,60,53,0,0,2,2,21,0,0,4,4,0,0
7,17,2,61,13,2,0,1.028037,0.987183,1.021493,52,3,709,100,100,0,0,0,10,32,0,18,1,48,2,222,66,0,0,2976,181,0,22,0,821,342,0,44,0,533,1,0,8,0,158,16,0,17,0,205,570,68,36,0,0,76,4,3,0,0,3,3,0,0
7,17,3,72,13,2,0,1.021992,0.989378,1.009905,62,2,584,100,100,0,0,0,16,34,18,0,1,48,2,340,81,0,0,2976,212,0,27,0,821,392,0,54,0,533,1,0,2,0,158,8,0,25,0,205,407,100,54,0,0,80,1,21,0,0,4,4,0,0
7,18,0,66,12,6,0,1.004406,0.989784,1.004914,60,3,709,100,100,0,0,0,0,6,12,18,0,48,1,138,54,0,0,2656,229,0,18,0,809,329,0,36,0,406,0,0,32,0,244,0,0,14,0,181,566,56,56,0,0,57,16,3,0,0,3,3,0,0
7,18,1,71,12,6,0,1.030281,0.989361,1.006286,59,4,834,100,100,0,0,0,6,0,34,36,2,48,1,182,72,0,0,2656,192,0,24,0,809,366,0,48,0,406,1,0,20,0,244,0,0,10,0,181,643,40,50,0,0,9,10,3,0,0,3,3,0,0
7,18,2,63,12,6,0,1.028886,0.986772,1.021695,55,3,709,100,100,0,0,0,12,34,0,18,1,48,1,240,66,0,0,2656,218,0,22,0,809,364,0,44,0,406,8,0,40,0,244,0,0,18,0,181,589,72,68,0,0,93,20,3,0,0,3,3,0,0
7,18,3,72,12,6,0,1.022556,0.987644,1.011432,63,2,584,100,100,0,0,0,18,36,18,0,1,48,1,356,75,0,0,2656,243,0,25,0,809,417,0,50,0,406,0,0,38,0,244,0,0,9,0,181,407,36,69,0,0,96,19,3,0,0,3,3,0,0
7,19,0,67,9,2,0,1.006711,0.988362,1.003977,61,3,709,100,100,0,0,0,0,6,14,20,1,44,1,136,54,0,0,2793,295,0,18,0,815,347,0,36,0,438,0,0,22,0,272,0,0,0,0,101,559,0,44,0,0,66,11,2,0,0,2,2,0,0
7,19,1,72,9,2,0,1.031543,0.989874,1.006694,62,4,834,100,100,0,0,0,6,0,36,38,2,44,1,195,75,0,0,2793,224,0,25,0,815,391,0,50,0,438,1,0,24,0,272,0,0,0,0,101,643,0,59,0,0,16,12,5,0,0,5,5,0,0
7,19,2,65,9,2,0,1.032551,0.987424,1.023338,58,3,709,100,100,0,0,0,14,36,0,18,1,44,1,256,66,0,0,2793,254,0,22,0,815,386,0,44,0,438,0,0,44,0,272,0,0,0,0,101,542,0,72,0,0,112,22,3,0,0,3,3,0,0
7,19,3,75,9,2,0,1.023396,0.98801,1.010585,66,2,584,100,100,0,0,0,20,38,18,0,2,44,1,373,78,0,0,2793,145,0,26,0,815,443,0,52,0,438,0,0,24,0,272,0,0,0,0,101,426,0,56,0,0,105,12,3,0,0,3,3,0,0
7,20,0,70,5,7,0,1.009607,0.989335,1.005796,63,3,709,100,100,0,0,0,0,6,16,22,1,44,0,132,54,0,0,2928,210,0,18,0,809,365,0,36,0,428,1,0,32,0,235,0,0,9,0,171,576,36,54,0,0,80,16,2,0,0,2,2,0,0
7,20,1,71,5,7,0,1.031923,0.988697,1.006506,66,4,834,100,100,0,0,0,6,0,38,40,2,44,0,207,75,0,0,2928,255,0,25,0,809,416,0,50,0,428,0,0,24,0,235,0,0,9,0,171,657,36,55,0,0,25,12,3,0,0,3,3,0,0
7,20,2,63,5,7,0,1.034579,0.987707,1.02282,59,3,709,100,100,0,0,0,16,38,0,18,1,44,0,262,63,0,0,2928,168,0,21,0,809,407,0,42,0,428,1,0,26,0,235,0,0,9,0,171,561,36,51,0,0,123,13,2,0,0,2,2,0,0
7,20,3,73,5,7,0,1.023052,0.986737,1.009306,65,2,584,100,100,0,0,0,22,40,18,0,2,44,0,383,78,0,0,2928,156,0,26,0,809,469,0,52,0,428,1,0,32,0,235,0,0,10,0,171,429,40,64,0,0,118,16,3,0,0,3,3,0,0
7,21,0,73,9,3,0,1.01497,0.988677,1.008851,64,4,834,100,100,0,0,0,0,6,18,24,1,40,0,132,60,0,0,2792,280,0,20,0,809,385,0,40,0,492,1,0,10,0,215,0,0,19,0,138,629,76,53,0,0,65,5,20,0,0,3,3,0,0
7,21,1,72,9,3,0,1.032371,0.99047,1.003641,68,5,959,100,100,0,0,0,6,0,40,42,2,40,0,218,72,0,0,2792,160,0,24,0,809,440,0,48,0,492,1,0,10,0,215,0,0,12,0,138,727,48,53,0,0,12,5,18,0,0,1,1,0,0
7,21,2,63,9,3,0,1.033456,0.988764,1.021711,60,3,709,100,100,0,0,0,18,40,0,20,2,40,0,269,60,0,0,2792,221,0,20,0,809,427,0,40,0,492,1,0,14,0,215,0,0,12,0,138,591,48,36,0,0,129,7,1,0,0,1,1,0,0
7,21,3,75,9,3,0,1.023654,0.987161,1.009795,68,2,584,100,100,0,0,0,24,42,20,0,3,40,0,401,81,0,0,2792,168,0,27,0,809,496,0,54,0,492,1,0,16,0,215,0,0,12,0,138,467,48,49,0,0,123,8,3,0,0,3,3,0,0
7,22,0,66,10,36,0,1.019449,0.990545,1.009925,59,4,834,100,100,0,0,0,0,8,20,26,2,40,0,124,57,0,0,2808,188,0,19,0,812,404,0,38,0,461,1,0,16,0,209,0,0,8,0,150,684,32,41,0,0,70,8,3,0,0,3,3,0,0
7,22,1,59,10,36,0,1.040516,0.993025,1.009785,54,5,959,100,100,0,0,0,8,0,42,44,2,40,0,229,72,0,0,2808,192,0,24,0,812,464,0,48,0,461,1,0,10,0,209,0,0,6,0,150,730,24,36,0,0,16,5,1,0,0,1,1,0,0
7,22,2,57,10,36,0,1.031547,0.986662,1.026262,53,4,834,100,100,0,0,0,20,42,0,22,3,40,0,275,57,0,0,2808,275,0,19,0,812,446,0,38,0,461,1,0,14,0,209,0,0,12,0,150,605,48,52,0,0,118,7,18,0,0,1,1,0,0
7,22,3,75,10,36,0,1.023545,0.982541,1.011677,68,3,709,100,100,0,0,0,26,44,22,0,3,40,0,416,81,0,0,2808,178,0,27,0,812,523,0,54,0,461,1,0,22,0,209,0,0,12,0,150,481,48,70,0,0,115,11,19,0,0,2,2,0,0
7,23,0,57,11,17,0,1.019072,0.994953,1.005458,51,4,834,100,100,0,0,0,0,8,22,28,2,36,0,103,39,0,0,2768,285,0,13,0,812,417,0,26,0,432,0,0,24,0,272,0,0,0,0,129,673,0,41,0,0,80,12,2,0,0,2,2,0,0
7,23,1,60,11,17,0,1.044383,0.994947,1.011004,52,5,959,100,100,0,0,0,8,0,44,46,2,36,0,245,66,0,0,2768,239,0,22,0,812,486,0,44,0,432,0,0,20,0,272,0,0,0,0,129,708,0,46,0,0,24,10,2,0,0,2,2,0,0
7,23,2,58,11,17,0,1.029297,0.988024,1.026844,54,4,834,100,100,0,0,0,22,44,0,24,3,36,0,284,57,0,0,2768,199,0,19,0,812,465,0,38,0,432,1,0,28,0,272,0,0,0,0,129,629,0,51,0,0,130,14,2,0,0,2,2,0,0
7,23,3,76,11,17,0,1.023119,0.982782,1.014027,67,3,709,100,100,0,0,0,28,46,24,0,3,36,0,429,78,0,0,2768,189,0,26,0,812,549,0,52,0,432,0,0,34,0,272,0,0,0,0,129,457,0,66,0,0,129,17,3,0,0,3,3,0,0
7,24,0,57,5,0,0,1.019072,0.994953,1.005458,53,5,959,100,100,0,0,0,0,8,24,30,2,36,2,94,42,0,0,2944,214,0,14,0,836,431,0,28,0,523,0,0,6,0,162,0,0,18,0,84,779,72,41,0,0,64,3,19,0,0,2,2,0,0
7,24,1,60,5,0,0,1.044383,0.994947,1.011004,54,6,1084,100,100,0,0,0,8,0,46,48,2,36,2,263,72,0,0,2944,155,0,24,0,836,510,0,48,0,523,0,0,2,0,162,0,0,24,0,84,830,96,49,0,0,5,1,20,0,0,3,3,0,0
7,24,2,60,5,0,0,1.028497,0.987818,1.025394,56,5,959,100,100,0,0,0,24,46,0,26,3,36,2,293,57,0,0,2944,258,0,19,0,836,484,0,38,0,523,0,0,6,0,162,10,0,24,0,84,702,96,44,0,0,115,3,18,0,0,1,1,0,0
7,24,3,79,5,0,0,1.02183,0.981796,1.015034,70,3,709,100,100,0,0,0,30,48,26,0,3,36,2,446,81,0,0,2944,206,0,27,0,836,576,0,54,0,523,0,0,8,0,162,4,0,30,0,84,581,120,41,0,0,130,4,3,0,0,3,3,0,0
7,25,0,57,5,6,0,1.016733,0.995852,1.00745,53,6,1084,100,100,0,0,0,0,8,26,32,2,32,1,78,36,0,0,2752,321,0,12,0,830,443,0,24,0,442,0,0,8,0,242,0,0,18,0,123,845,72,39,0,0,50,4,18,0,0,1,1,0,0
7,25,1,60,5,6,0,1.044942,0.994819,1.01104,56,6,1084,100,100,0,0,0,8,0,48,50,2,32,1,278,69,0,0,2752,216,0,23,0,830,533,0,46,0,442,1,0,10,0,242,0,0,12,0,123,865,48,37,0,0,8,5,2,0,0,2,2,0,0
7,25,2,58,5,6,0,1.032317,0.993022,1.027407,54,5,959,100,100,0,0,0,26,48,0,26,3,32,1,297,57,0,0,2752,179,0,19,0,830,503,0,38,0,442,1,0,38,0,242,0,0,10,0,123,747,40,61,0,0,132,19,2,0,0,2,2,0,0
7,25,3,80,5,6,0,1.021557,0.982414,1.014705,73,4,834,100,100,0,0,0,32,50,26,0,3,32,1,465,87,0,0,2752,226,0,29,0,830,605,0,58,0,442,0,0,44,0,242,0,0,4,0,123,546,16,96,0,0,132,22,20,0,0,3,3,0,0
7,26,0,57,4,7,0,1.014924,0.994834,1.008171,53,7,1209,100,100,0,0,0,0,8,28,34,2,32,1,60,33,0,0,2836,253,0,11,0,833,454,0,22,0,519,1,0,4,0,192,0,0,15,0,104,944,60,36,0,0,33,2,19,0,0,2,2,0,0
7,26,1,60,4,7,0,1.04713,0.995376,1.012349,57,6,1084,100,100,0,0,0,8,0,50,52,2,32,1,294,69,0,0,2836,265,0,23,0,833,556,0,46,0,519,0,0,2,0,192,0,0,18,0,104,946,72,27,0,0,8,1,1,0,0,1,1,0,0
7,26,2,58,4,7,0,1.033893,0.990853,1.027998,55,5,959,100,100,0,0,0,28,50,0,26,3,32,1,308,60,0,0,2836,208,0,20,0,833,523,0,40,0,519,0,0,12,0,192,0,0,14,0,104,798,56,34,0,0,137,6,1,0,0,1,1,0,0
7,26,3,77,4,7,0,1.023585,0.984222,1.012235,72,4,834,100,100,0,0,0,34,52,26,0,3,32,1,478,84,0,0,2836,227,0,28,0,833,633,0,56,0,519,0,0,8,0,192,4,0,29,0,104,675,116,40,0,0,134,4,2,0,0,2,2,0,0
7,27,0,56,4,4,0,1.014196,0.99441,1.007626,54,7,1209,100,100,0,0,0,0,8,30,36,2,28,0,42,30,0,0,2978,186,0,10,0,842,464,0,20,0,461,0,0,18,0,271,0,0,1,0,71,993,4,30,0,0,41,9,1,0,0,1,1,0,0
7,27,1,61,4,4,0,1.049371,0.996837,1.013385,58,6,1084,100,100,0,0,0,8,0,52,54,2,28,0,311,69,0,0,2978,182,0,23,0,842,579,0,46,0,461,1,0,18,0,271,0,0,0,0,71,978,0,43,0,0,16,9,1,0,0,1,1,0,0
7,27,2,58,4,4,0,1.035066,0.988943,1.028319,55,5,959,100,100,0,0,0,30,52,0,26,3,28,0,312,57,0,0,2978,239,0,19,0,842,542,0,38,0,461,0,0,20,0,271,0,0,0,0,71,785,0,41,0,0,146,10,1,0,0,1,1,0,0
7,27,3,77,4,4,0,1.021943,0.985453,1.013065,72,4,834,100,100,0,0,0,36,54,26,0,3,28,0,488,81,0,0,2978,237,0,27,0,842,660,0,54,0,461,1,0,26,0,271,0,0,4,0,71,682,16,57,0,0,145,13,2,0,0,2,2,0,0
7,28,0,44,2,23,0,1.011522,0.997685,1.007077,44,8,1334,100,100,0,0,0,0,10,34,40,2,28,0,27,21,0,0,2778,265,0,7,0,857,471,0,14,0,523,1,0,2,0,165,0,0,20,0,102,1079,80,26,0,0,25,1,17,0,0,0,0,0,0
7,28,1,56,2,23,0,1.050616,0.993986,1.015092,54,7,1209,100,100,0,0,0,10,0,54,56,2,28,0,319,63,0,0,2778,244,0,21,0,857,600,0,42,0,523,0,0,4,0,165,0,0,24,0,102,1044,96,44,0,0,0,2,18,0,0,1,1,0,0
7,28,2,57,2,23,0,1.031895,0.991182,1.029655,54,6,1084,100,100,0,0,0,34,54,0,28,3,28,0,318,60,0,0,2778,161,0,20,0,857,562,0,40,0,523,1,0,6,0,165,9,0,20,0,102,905,80,45,0,0,131,3,18,0,0,1,1,0,0
7,28,3,74,2,23,0,1.021876,0.985969,1.014366,70,5,959,100,100,0,0,0,40,56,28,0,3,28,0,493,75,0,0,2778,263,0,25,0,857,682,0,50,0,523,1,0,8,0,165,5,0,29,0,102,783,116,54,0,0,130,4,19,0,0,2,2,0,0
7,29,0,29,3,21,0,1.011404,1.000525,1.001759,29,8,1334,100,100,0,0,0,0,14,38,44,2,24,0,25,18,0,0,3080,215,0,6,0,872,477,0,12,0,421,1,0,16,0,248,0,0,5,0,112,1127,20,22,0,0,33,8,0,0,0,0,0,0,0
7,29,1,55,3,21,0,1.051675,0.999389,1.016105,53,7,1209,100,100,0,0,0,14,0,56,58,2,24,0,331,63,0,0,3080,167,0,21,0,872,621,0,42,0,421,0,0,22,0,248,0,0,5,0,112,1073,20,45,0,0,10,11,1,0,0,1,1,0,0
7,29,2,56,3,21,0,1.032626,0.990592,1.029007,54,6,1084,100,100,0,0,0,38,56,0,28,3,24,0,326,60,0,0,3080,196,0,20,0,872,582,0,40,0,421,4,0,40,0,248,0,0,14,0,112,917,56,62,0,0,150,20,1,0,0,1,1,0,0
7,29,3,73,3,21,0,1.020942,0.985346,1.015383,70,6,1084,100,100,0,0,0,44,58,28,0,3,24,0,498,75,0,0,3080,164,0,25,0,872,707,0,50,0,421,0,0,40,0,248,0,0,14,0,112,807,56,84,0,0,132,20,18,0,0,1,1,0,0
7,30,0,29,1,5,0,1.011404,1.000525,1.001759,29,8,1334,100,100,0,0,0,0,16,42,48,2,24,0,22,18,0,0,2824,180,0,6,0,872,483,0,12,0,438,1,0,16,0,261,0,0,2,0,162,1173,8,22,0,0,41,8,0,0,0,0,0,0,0
7,30,1,54,1,5,0,1.049871,0.999148,1.016496,53,8,1334,100,100,0,0,0,16,0,58,60,2,24,0,343,63,0,0,2824,227,0,21,0,872,642,0,42,0,438,1,0,18,0,261,0,0,2,0,162,1041,8,58,0,0,1,9,18,0,0,1,1,0,0
7,30,2,55,1,5,0,1.03293,0.988586,1.028777,53,6,1084,100,100,0,0,0,42,58,0,30,3,24,0,332,57,0,0,2824,225,0,19,0,872,601,0,38,0,438,3,0,38,0,261,0,0,1,0,162,880,4,59,0,0,168,19,1,0,0,1,1,0,0
7,30,3,71,1,5,0,1.019161,0.984647,1.013659,69,6,1084,100,100,0,0,0,48,60,30,0,3,24,0,501,69,0,0,2824,196,0,23,0,872,730,0,46,0,438,0,0,34,0,261,0,0,6,0,162,811,24,59,0,0,148,17,1,0,0,1,1,0,0
7,31,0,24,2,10,0,1.009786,0.994998,1.002621,23,8,1334,100,100,0,0,0,0,18,46,52,2,20,0,23,18,0,0,3024,193,0,6,0,881,489,0,12,0,469,1,0,12,0,218,0,0,3,0,90,1187,12,18,0,0,47,6,0,0,0,0,0,0,0
7,31,1,54,2,10,0,1.049871,0.999148,1.016496,54,8,1334,100,100,0,0,0,18,0,60,62,2,20,0,355,63,0,0,3024,152,0,21,0,881,663,0,42,0,469,1,0,12,0,218,0,0,9,0,90,1120,36,33,0,0,7,6,0,0,0,0,0,0,0
7,31,2,53,2,10,0,1.036065,0.990042,1.031746,51,7,1209,100,100,0,0,0,46,60,0,30,3,20,0,331,51,0,0,3024,153,0,17,0,881,618,0,34,0,469,1,0,26,0,218,0,0,12,0,90,937,48,62,0,0,163,13,18,0,0,1,1,0,0
7,31,3,70,2,10,0,1.018892,0.984671,1.014397,69,6,1084,100,100,0,0,0,52,62,30,0,3,20,0,502,69,0,0,3024,222,0,23,0,881,753,0,46,0,469,1,0,26,0,218,0,0,24,0,90,899,96,51,0,0,160,13,1,0,0,1,1,0,0
7,32,0,23,2,9,0,1.010947,0.997975,1.004392,22,8,1334,100,100,0,0,0,0,20,50,56,3,20,1,22,18,0,0,2816,163,0,6,0,887,495,0,12,0,541,1,0,0,0,176,0,0,11,0,173,1275,44,8,0,0,46,0,1,0,0,1,1,0,0
7,32,1,53,2,9,0,1.046437,0.998132,1.019086,52,8,1334,100,100,0,0,0,20,0,62,64,3,20,1,367,63,0,0,2816,213,0,21,0,887,684,0,42,0,541,1,0,0,0,176,0,0,19,0,173,1193,76,21,0,0,7,0,0,0,0,0,0,0,0
7,32,2,50,2,9,0,1.034743,0.995685,1.031366,49,7,1209,100,100,0,0,0,50,62,0,30,3,20,1,329,48,0,0,2816,204,0,16,0,887,634,0,32,0,541,1,0,0,0,176,8,0,21,0,173,1021,84,18,0,0,162,0,1,0,0,1,1,0,0
7,32,3,68,2,9,0,1.0195,0.982611,1.016598,67,7,1209,100,100,0,0,0,56,64,30,0,3,20,1,508,69,0,0,2816,249,0,23,0,887,776,0,46,0,541,1,0,0,0,176,6,0,28,0,173,1010,112,40,0,0,143,0,17,0,0,0,0,0,0
7,33,0,22,3,4,0,1.012963,1.000621,1.004376,22,8,1334,100,100,0,0,0,0,22,54,60,3,20,1,22,18,0,0,2908,182,0,6,0,884,501,0,12,0,455,1,0,12,0,259,0,0,5,0,157,1289,20,18,0,0,52,6,0,0,0,0,0,0,0
7,33,1,52,3,4,0,1.045525,0.999134,1.020399,51,8,1334,100,100,0,0,0,22,0,64,66,3,20,1,382,66,0,0,2908,257,0,22,0,884,706,0,44,0,455,1,0,24,0,259,0,0,0,0,157,1172,0,48,0,0,18,12,1,0,0,1,1,0,0
7,33,2,50,3,4,0,1.034674,0.997055,1.033533,48,8,1334,100,100,0,0,0,54,64,0,30,3,20,1,331,48,0,0,2908,250,0,16,0,884,650,0,32,0,455,0,0,22,0,259,0,0,10,0,157,1032,40,55,0,0,156,11,17,0,0,0,0,0,0
7,33,3,69,3,4,0,1.019698,0.982365,1.017676,67,8,1334,100,100,0,0,0,60,66,30,0,3,20,1,516,72,0,0,2908,157,0,24,0,884,800,0,48,0,455,1,0,30,0,259,0,0,8,0,157,1044,32,73,0,0,140,15,18,0,0,1,1,0,0
7,34,0,22,3,4,0,1.012963,1.000621,1.004376,22,8,1334,100,100,0,0,0,0,24,58,64,3,20,5,23,18,0,0,3040,194,0,6,0,887,507,0,12,0,422,1,0,18,0,272,0,0,0,0,205,1285,0,24,0,0,61,9,0,0,0,0,0,0,0
7,34,1,51,3,4,0,1.04853,1.002935,1.023281,50,8,1334,100,100,0,0,0,24,0,66,68,3,20,5,398,66,0,0,3040,183,0,22,0,887,728,0,44,0,422,0,0,22,0,272,0,0,0,0,205,1152,0,44,0,0,29,11,0,0,0,0,0,0,0
7,34,2,50,3,4,0,1.034916,0.997502,1.033857,47,8,1334,100,100,0,0,0,58,66,0,30,3,20,5,328,45,0,0,3040,185,0,15,0,887,662,0,30,0,422,0,0,32,0,272,0,0,0,0,205,1008,0,49,0,0,171,16,1,0,0,1,1,0,0
7,34,3,69,3,4,0,1.020624,0.982751,1.018823,67,8,1334,100,100,0,0,0,64,68,30,0,3,20,5,525,72,0,0,3040,184,0,24,0,887,824,0,48,0,422,0,0,46,0,272,0,0,0,0,205,997,0,72,0,0,162,23,1,0,0,1,1,0,0
7,35,0,21,2,11,0,1.013241,0.999178,1.005702,21,8,1334,100,100,0,0,0,0,28,62,68,3,20,4,24,18,0,0,2840,166,0,6,0,884,513,0,12,0,488,0,0,10,0,269,0,0,1,0,161,1318,4,16,0,0,66,5,0,0,0,0,0,0,0
7,35,1,49,2,11,0,1.044691,0.997862,1.02165,46,8,1334,100,100,0,0,0,28,0,68,70,3,20,4,413,63,0,0,2840,207,0,21,0,884,749,0,42,0,488,0,0,12,0,269,0,0,1,0,161,1139,4,35,0,0,34,6,1,0,0,1,1,0,0
7,35,2,45,2,11,0,1.038923,0.998912,1.037906,43,8,1334,100,100,0,0,0,62,68,0,32,3,20,4,324,42,0,0,2840,233,0,14,0,884,676,0,28,0,488,0,0,14,0,269,0,0,1,0,161,1000,4,30,0,0,177,7,1,0,0,1,1,0,0
7,35,3,68,2,11,0,1.021067,0.982869,1.018112,67,8,1334,100,100,0,0,0,68,70,32,0,3,20,4,535,75,0,0,2840,210,0,25,0,884,846,0,50,0,488,0,0,18,0,269,0,0,0,0,161,991,0,45,0,0,170,9,1,0,0,1,1,0,0
7,36,0,20,3,15,0,1.010657,1.002551,1.004493,19,8,1334,100,100,0,0,0,0,32,66,72,3,20,0,26,15,0,0,2936,172,0,5,0,887,518,0,10,0,517,1,0,2,0,184,7,0,8,0,204,1329,32,7,0,0,67,1,0,0,0,0,0,0,0
7,36,1,46,3,15,0,1.046005,0.998708,1.023418,44,8,1334,100,100,0,0,0,32,0,70,72,3,20,0,427,60,0,0,2936,242,0,20,0,887,769,0,40,0,517,0,0,6,0,184,0,0,15,0,204,1183,60,28,0,0,36,3,1,0,0,1,1,0,0
7,36,2,40,3,15,0,1.046042,1.006913,1.042518,37,8,1334,100,100,0,0,0,66,70,0,34,3,20,0,323,39,0,0,2936,175,0,13,0,887,689,0,26,0,517,0,0,6,0,184,11,0,14,0,204,1076,56,21,0,0,179,3,1,0,0,1,1,0,0
7,36,3,65,3,15,0,1.020982,0.984119,1.017182,65,8,1334,100,100,0,0,0,72,72,34,0,3,20,0,540,69,0,0,2936,231,0,23,0,887,869,0,46,0,517,0,0,12,0,184,6,0,27,0,204,1085,108,35,0,0,176,6,0,0,0,0,0,0,0
7,37,0,20,2,1,0,1.010657,1.002551,1.004493,19,8,1334,100,100,0,0,0,0,34,70,76,3,20,5,31,18,0,0,2968,178,0,6,0,902,524,0,12,0,450,0,0,16,0,271,0,0,7,0,184,1322,28,24,0,0,74,8,1,0,0,1,1,0,0
7,37,1,47,2,1,0,1.045522,0.998637,1.021582,45,8,1334,100,100,0,0,0,34,0,72,74,3,20,5,443,60,0,0,2968,176,0,20,0,902,789,0,40,0,450,1,0,14,0,271,0,0,0,0,184,1197,0,36,0,0,42,7,1,0,0,1,1,0,0
7,37,2,40,2,1,0,1.046042,1.006913,1.042518,38,8,1334,100,100,0,0,0,70,72,0,34,3,20,5,324,39,0,0,2968,210,0,13,0,902,702,0,26,0,450,0,0,30,0,271,0,0,11,0,184,1090,44,45,0,0,193,15,1,0,0,1,1,0,0
7,37,3,65,2,1,0,1.022065,0.982746,1.016964,64,8,1334,100,100,0,0,0,76,74,34,0,3,20,5,545,66,0,0,2968,256,0,22,0,902,891,0,44,0,450,0,0,34,0,271,0,0,7,0,184,1096,28,56,0,0,193,17,0,0,0,0,0,0,0
7,38,0,19,4,5,0,1.010635,1.003557,1.004653,19,8,1334,100,100,0,0,0,0,38,74,80,3,20,0,32,15,0,0,3064,185,0,5,0,905,529,0,10,0,426,2,0,16,0,271,0,0,0,0,182,1307,0,21,0,0,82,8,0,0,0,0,0,0,0
7,38,1,45,4,5,0,1.045168,0.997096,1.019894,44,8,1334,100,100,0,0,0,38,0,74,76,3,20,0,458,57,0,0,3064,206,0,19,0,905,808,0,38,0,426,1,0,24,0,271,0,0,0,0,182,1161,0,45,0,0,53,12,1,0,0,1,1,0,0
7,38,2,42,4,5,0,1.045873,1.006774,1.042615,39,8,1334,100,100,0,0,0,74,74,0,36,3,20,0,327,39,0,0,3064,157,0,13,0,905,715,0,26,0,426,1,0,30,0,271,0,0,0,0,182,1080,0,45,0,0,207,15,1,0,0,1,1,0,0
7,38,3,65,4,5,0,1.022903,0.985118,1.016993,62,8,1334,100,100,0,0,0,80,76,36,0,3,20,0,548,63,0,0,3064,170,0,21,0,905,912,0,42,0,426,1,0,44,0,271,0,0,1,0,182,1098,4,67,0,0,214,22,1,0,0,1,1,0,0
7,39,0,15,2,13,0,1.009296,1.002218,1.008063,15,8,1334,100,100,0,0,0,0,40,78,84,3,20,0,30,12,0,0,2856,194,0,4,0,914,533,0,8,0,544,0,0,2,0,177,7,0,5,0,216,1324,20,6,0,0,83,1,0,0,0,0,0,0,0
7,39,1,44,2,13,0,1.043932,0.999037,1.018871,43,8,1334,100,100,0,0,0,40,0,76,78,3,20,0,473,57,0,0,2856,238,0,19,0,914,827,0,38,0,544,1,0,0,0,177,5,0,16,0,216,1218,64,19,0,0,53,0,0,0,0,0,0,0,0
7,39,2,37,2,13,0,1.043563,1.006413,1.042987,35,8,1334,100,100,0,0,0,78,76,0,36,3,20,0,325,36,0,0,2856,191,0,12,0,914,727,0,24,0,544,1,0,0,0,177,19,0,13,0,216,1124,52,14,0,0,206,0,1,0,0,1,1,0,0
7,39,3,64,2,13,0,1.021102,0.986839,1.017508,61,8,1334,100,100,0,0,0,84,78,36,0,3,20,0,548,60,0,0,2856,213,0,20,0,914,932,0,40,0,544,1,0,0,0,177,3,0,27,0,216,1217,108,22,0,0,213,0,1,0,0,1,1,0,0
7,40,0,15,0,3,0,1.009296,1.002218,1.008063,15,8,1334,100,100,0,0,0,0,42,82,86,3,20,1,34,12,0,0,2984,175,0,4,0,972,537,0,8,0,442,7,0,10,0,272,2,0,5,0,180,1328,20,14,0,0,88,5,0,0,0,0,0,0,0
7,40,1,44,0,3,0,1.043932,0.999037,1.018871,43,8,1334,100,100,0,0,0,42,0,76,78,3,20,1,493,60,0,0,2984,174,0,20,0,972,821,0,40,0,442,0,0,20,0,272,0,0,5,0,180,1261,20,42,0,0,62,10,1,0,0,1,1,0,0
7,40,2,36,0,3,0,1.044495,1.007496,1.041612,35,8,1334,100,100,0,0,0,82,76,0,36,3,20,1,328,36,0,0,2984,230,0,12,0,972,737,0,24,0,442,1,0,22,0,272,6,0,13,0,180,1144,52,36,0,0,216,11,1,0,0,1,1,0,0
7,40,3,62,0,3,0,1.019262,0.984628,1.018028,61,8,1334,100,100,0,0,0,86,78,36,0,3,20,1,548,60,0,0,2984,241,0,20,0,972,928,0,40,0,442,0,0,42,0,272,0,0,3,0,180,1189,12,64,0,0,233,21,1,0,0,1,1,0,0
