graine,jour,faction,population,naissances_total,morts_total,predations_total,vitesse,taille,perception,armes_equipees,reserves,capacite,defenses_fin,defenses_min_jour,raids_cumul,coalitions_cumul,plans,confiance_0,confiance_1,confiance_2,confiance_3,allies,nourriture_aube,carte_nourriture,stock_nourriture,production_nourriture,consommation_nourriture,sac_nourriture,carte_eau,stock_eau,production_eau,consommation_eau,sac_eau,carte_terre,stock_terre,production_terre,consommation_terre,sac_terre,carte_minerai,stock_minerai,production_minerai,consommation_minerai,sac_minerai,carte_charbon,stock_charbon,production_charbon,consommation_charbon,sac_charbon,carte_energie,stock_energie,production_energie,consommation_energie,sac_energie,carte_fer,stock_fer,production_fer,consommation_fer,sac_fer,carte_armes,stock_armes,production_armes,consommation_armes,sac_armes
4,1,0,105,19,10,0,1.005552,1.009212,1.00641,0,0,667,100,100,0,0,2,0,-100,100,-100,1,160,0,112,72,0,0,5615,404,0,24,0,1925,112,0,48,0,1025,1,0,80,0,388,34,0,50,0,285,277,200,138,0,0,23,40,17,0,0,17,17,0,0
4,1,1,100,19,10,0,1.006552,1.003212,1.005633,0,0,667,100,100,0,0,2,-100,0,-100,100,1,160,0,112,69,0,0,5615,405,0,23,0,1925,105,0,46,0,1025,1,0,80,0,388,35,0,49,0,285,271,196,137,0,0,23,40,17,0,0,17,17,0,0
4,1,2,103,19,10,0,1.002829,1.002565,1.008248,0,0,667,100,100,0,0,2,100,-100,0,-100,1,160,0,112,75,0,0,5615,406,0,25,0,1925,104,0,50,0,1025,1,0,74,0,388,40,0,50,0,285,279,200,133,0,0,20,37,17,0,0,17,17,0,0
4,1,3,101,19,10,0,1.006318,1.001535,1.006226,0,0,667,100,100,0,0,2,-100,100,-100,0,1,160,0,108,72,0,0,5615,402,0,24,0,1925,103,0,48,0,1025,0,0,78,0,388,42,0,48,0,285,262,192,136,0,0,22,39,17,0,0,17,17,0,0
4,2,0,104,10,25,0,1.008159,1.006793,1.005129,15,0,667,100,100,0,0,2,0,-100,100,-100,1,160,8,116,78,0,0,5568,481,0,26,0,1850,138,0,52,0,842,1,0,56,0,536,0,0,34,0,458,324,136,116,0,0,34,28,17,0,0,17,17,0,0
4,2,1,94,10,25,0,1.004127,1.002021,1.003428,14,0,667,100,100,0,0,2,-100,0,-100,100,1,160,8,111,69,0,0,5568,482,0,23,0,1850,128,0,46,0,842,0,0,46,0,536,0,0,35,0,458,326,140,103,0,0,29,23,17,0,0,17,17,0,0
4,2,2,102,10,25,0,1.003547,1.004257,1.007332,15,0,667,100,100,0,0,2,100,-100,0,-100,1,160,8,118,75,0,0,5568,486,0,25,0,1850,129,0,50,0,842,1,0,64,0,536,0,0,40,0,458,343,160,123,0,0,35,32,17,0,0,17,17,0,0
4,2,3,94,10,25,0,1.009142,1.003592,1.004197,16,0,667,100,100,0,0,2,-100,100,-100,0,1,160,8,107,69,0,0,5568,486,0,23,0,1850,123,0,46,0,842,0,0,46,0,536,0,0,42,0,458,388,168,103,0,0,28,23,17,0,0,17,17,0,0
4,3,0,103,14,22,0,1.009709,1.007886,1.002425,32,0,667,100,100,0,0,2,0,-100,100,-100,1,160,4,127,81,0,0,6400,350,0,27,0,1859,162,0,54,0,848,1,0,60,0,533,0,0,1,0,151,298,4,121,0,0,47,30,17,0,0,17,17,0,0
4,3,1,89,14,22,0,1.011164,0.999925,1.001966,28,0,667,100,100,0,0,2,-100,0,-100,100,1,160,4,114,63,0,0,6400,367,0,21,0,1859,149,0,42,0,848,0,0,48,0,533,0,0,2,0,151,320,8,103,0,0,36,24,17,0,0,17,17,0,0
4,3,2,98,14,22,0,1.00522,1.004024,1.004866,31,0,667,100,100,0,0,2,100,-100,0,-100,1,160,4,129,75,0,0,6400,359,0,25,0,1859,151,0,50,0,848,0,0,58,0,533,0,0,0,0,151,342,0,117,0,0,47,29,17,0,0,17,17,0,0
4,3,3,96,14,22,0,1.011204,1.006368,1.00501,31,0,667,100,100,0,0,2,-100,100,-100,0,1,160,4,129,72,0,0,6400,368,0,24,0,1859,144,0,48,0,848,0,0,44,0,533,0,0,0,0,151,409,0,102,0,0,33,22,17,0,0,17,17,0,0
4,4,0,102,12,20,0,1.009303,1.007529,1.000606,47,0,667,100,100,0,0,2,0,-100,100,-100,1,160,1,146,78,0,0,5624,429,0,26,0,1904,169,0,52,0,974,0,0,32,0,451,0,0,18,0,397,329,72,92,0,0,46,16,17,0,0,17,17,0,0
4,4,1,88,12,20,0,1.012973,0.99804,1.003982,43,0,667,100,100,0,0,2,-100,0,-100,100,1,160,1,126,66,0,0,5624,424,0,22,0,1904,156,0,44,0,974,0,0,20,0,451,0,0,23,0,397,383,92,76,0,0,29,10,17,0,0,17,17,0,0
4,4,2,93,12,20,0,1.003661,1.002405,1.002448,44,0,667,100,100,0,0,2,100,-100,0,-100,1,160,1,129,69,0,0,5624,414,0,23,0,1904,166,0,46,0,974,0,0,22,0,451,0,0,20,0,397,384,80,79,0,0,41,11,17,0,0,17,17,0,0
4,4,3,95,12,20,0,1.012599,1.007798,1.004274,47,0,667,100,100,0,0,2,-100,100,-100,0,1,160,1,141,69,0,0,5624,465,0,23,0,1904,158,0,46,0,974,0,0,22,0,451,0,0,17,0,397,448,68,79,0,0,27,11,17,0,0,17,17,0,0
4,5,0,99,7,11,0,1.012355,1.006511,0.999333,61,0,667,100,100,0,0,2,0,-100,100,-100,1,160,28,150,78,0,0,6008,493,0,26,0,1847,195,0,52,0,897,0,0,52,0,536,0,0,0,0,239,247,0,112,0,0,55,26,17,0,0,17,17,0,0
4,5,1,88,7,11,0,1.011177,0.996936,1.003584,59,0,667,100,100,0,0,2,-100,0,-100,100,1,160,28,143,72,0,0,6008,312,0,24,0,1847,180,0,48,0,897,1,0,42,0,536,0,0,0,0,239,431,0,94,0,0,36,21,14,0,0,14,14,0,0
4,5,2,92,7,11,0,1.004873,0.999937,1.004514,59,0,667,100,100,0,0,2,100,-100,0,-100,1,160,28,146,75,0,0,6008,456,0,25,0,1847,191,0,50,0,897,1,0,38,0,536,0,0,0,0,239,327,0,93,0,0,45,19,15,0,0,15,15,0,0
4,5,3,95,7,11,0,1.012705,1.007711,1.00391,63,0,667,100,100,0,0,2,-100,100,-100,0,1,160,28,142,69,0,0,6008,347,0,23,0,1847,181,0,46,0,897,1,0,40,0,536,0,0,0,0,239,503,0,95,0,0,31,20,16,0,0,16,16,0,0
4,6,0,70,9,48,0,1.009013,1.010139,1.000137,50,0,667,100,100,0,0,2,0,-100,100,-100,1,160,23,147,69,0,0,6000,371,0,23,0,1870,210,0,46,0,1044,1,0,6,0,388,18,0,24,0,334,321,96,49,0,0,48,3,10,0,0,10,10,0,0
4,6,1,89,9,48,0,1.010461,0.998116,1.003463,69,0,667,100,100,0,0,2,-100,0,-100,100,1,160,23,157,69,0,0,6000,377,0,23,0,1870,199,0,46,0,1044,1,0,4,0,388,0,0,37,0,334,589,148,43,0,0,30,2,8,0,0,8,8,0,0
4,6,2,91,9,48,0,1.004536,0.999963,1.00569,73,0,667,100,100,0,0,2,100,-100,0,-100,1,160,23,157,78,0,0,6000,338,0,26,0,1870,210,0,52,0,1044,0,0,10,0,388,0,0,32,0,334,501,128,54,0,0,41,5,9,0,0,9,9,0,0
4,6,3,85,9,48,0,1.012408,1.004221,1.002032,69,0,667,100,100,0,0,2,-100,100,-100,0,1,160,23,153,72,0,0,6000,444,0,24,0,1870,201,0,48,0,1044,1,0,8,0,388,0,0,34,0,334,624,136,46,0,0,28,4,7,0,0,7,7,0,0
4,7,0,58,6,55,1,1.010091,1.009081,0.997966,48,0,667,100,100,0,0,2,0,-100,100,-100,1,160,11,171,66,0,0,5981,368,0,22,0,1853,232,0,44,0,920,0,0,30,0,518,0,0,18,0,269,374,72,62,0,0,58,15,5,0,0,5,5,0,0
4,7,1,77,6,55,1,1.016821,1.000284,1.002373,63,0,667,100,100,0,0,2,-100,0,-100,100,1,160,11,177,75,0,0,5981,427,0,25,0,1853,224,0,50,0,920,1,0,6,0,518,0,0,8,0,269,630,32,43,0,0,27,3,6,0,0,6,6,0,0
4,7,2,81,6,55,1,1.002629,0.995503,1.003007,72,0,667,100,100,0,0,2,100,-100,0,-100,1,160,11,177,72,0,0,5981,373,0,24,0,1853,234,0,48,0,920,0,0,18,0,518,0,0,5,0,269,539,20,50,0,0,46,9,4,0,0,4,4,0,0
4,7,3,70,6,55,1,1.013807,1.004262,1.004443,63,0,667,100,100,0,0,2,-100,100,-100,0,1,160,11,160,66,0,0,5981,337,0,22,0,1853,223,0,44,0,920,1,0,2,0,518,0,0,3,0,269,639,12,30,0,0,26,1,3,0,0,3,3,0,0
4,8,0,62,20,11,0,1.013825,1.006964,1.0025,51,0,667,100,100,0,0,2,0,-100,100,-100,1,160,5,210,63,0,0,5944,385,0,21,0,1865,253,0,42,0,996,0,0,24,0,498,0,0,8,0,336,391,32,51,0,0,67,12,3,0,0,3,3,0,0
4,8,1,78,20,11,0,1.019719,0.995624,1.004336,66,0,667,100,100,0,0,2,-100,0,-100,100,1,160,5,210,75,0,0,5944,325,0,25,0,1865,249,0,50,0,996,0,0,16,0,498,0,0,7,0,336,630,28,49,0,0,31,8,4,0,0,4,4,0,0
4,8,2,85,20,11,0,1.00211,0.994703,1.002592,74,1,917,100,100,0,0,2,100,-100,0,-100,1,160,5,213,75,0,0,5944,403,0,25,0,1865,259,0,50,0,996,1,0,24,0,498,0,0,18,0,336,585,72,89,0,0,21,12,37,0,0,3,3,0,0
4,8,3,70,20,11,0,1.016909,1.004074,1.003764,62,0,667,100,100,0,0,2,-100,100,-100,0,1,160,5,196,66,0,0,5944,437,0,22,0,1865,245,0,44,0,996,1,0,12,0,498,0,0,5,0,336,637,20,38,0,0,30,6,2,0,0,2,2,0,0
4,9,0,60,11,21,0,1.019847,1.005306,1.00028,50,0,667,100,100,0,0,2,0,-100,100,-100,1,160,5,254,69,0,0,5960,404,0,23,0,1853,276,0,46,0,1003,0,0,16,0,505,0,0,10,0,264,417,40,47,0,0,71,8,4,0,0,4,4,0,0
4,9,1,71,11,21,0,1.021554,1.001086,1.000119,62,0,667,100,100,0,0,2,-100,0,-100,100,1,160,5,226,63,0,0,5960,386,0,21,0,1853,270,0,42,0,1003,0,0,12,0,505,0,0,7,0,264,638,28,41,0,0,33,6,4,0,0,4,4,0,0
4,9,2,82,11,21,0,1.00206,0.99635,1.003176,71,1,917,100,100,0,0,2,100,-100,0,-100,1,160,5,229,66,0,0,5960,456,0,22,0,1853,281,0,44,0,1003,1,0,32,0,505,0,0,8,0,264,615,32,62,0,0,33,16,4,0,0,4,4,0,0
4,9,3,72,11,21,0,1.021126,1.00397,1.002524,62,0,667,100,100,0,0,2,-100,100,-100,0,1,160,5,234,66,0,0,5960,345,0,22,0,1853,267,0,44,0,1003,0,0,10,0,505,0,0,6,0,264,639,24,38,0,0,32,5,3,0,0,3,3,0,0
4,10,0,60,14,10,0,1.018046,1.006503,1.002263,52,0,667,100,100,0,0,2,0,-100,100,-100,1,160,7,290,66,0,0,6032,322,0,22,0,1883,298,0,44,0,1053,0,0,4,0,468,0,0,21,0,328,551,84,32,0,0,70,2,3,0,0,3,3,0,0
4,10,1,73,14,10,0,1.018515,1.000036,0.997369,65,1,917,100,100,0,0,2,-100,0,-100,100,1,160,7,251,60,0,0,6032,455,0,20,0,1883,290,0,40,0,1053,0,0,6,0,468,0,0,11,0,328,609,44,64,0,0,0,3,36,0,0,2,2,0,0
4,10,2,83,14,10,0,1.002994,0.995184,1.00688,72,1,917,100,100,0,0,2,100,-100,0,-100,1,160,7,250,66,0,0,6032,352,0,22,0,1883,303,0,44,0,1053,1,0,6,0,468,0,0,24,0,328,775,96,36,0,0,32,3,4,0,0,4,4,0,0
4,10,3,73,14,10,0,1.020363,1.004622,1.003761,64,0,667,100,100,0,0,2,-100,100,-100,0,1,160,7,264,63,0,0,6032,460,0,21,0,1883,288,0,42,0,1053,1,0,2,0,468,0,0,11,0,328,638,44,31,0,0,29,1,4,0,0,4,4,0,0
4,11,0,56,13,13,0,1.020641,1.009025,1.006282,50,0,667,100,100,0,0,2,0,-100,100,-100,1,160,15,328,66,0,0,6136,344,0,22,0,1892,320,0,44,0,922,0,0,30,0,536,0,0,0,0,201,523,0,58,0,0,82,15,3,0,0,3,3,0,0
4,11,1,75,13,13,0,1.017967,0.999598,0.997899,66,1,917,100,100,0,0,2,-100,0,-100,100,1,160,15,275,63,0,0,6136,361,0,21,0,1892,308,0,42,0,922,1,0,26,0,536,0,0,0,0,201,706,0,53,0,0,10,13,3,0,0,3,3,0,0
4,11,2,81,13,13,0,1.000227,0.990546,1.006752,71,1,917,100,100,0,0,2,100,-100,0,-100,1,160,15,266,63,0,0,6136,400,0,21,0,1892,324,0,42,0,922,0,0,58,0,536,0,0,0,0,201,744,0,85,0,0,58,29,3,0,0,3,3,0,0
4,11,3,77,13,13,0,1.023645,1.006044,1.004376,67,1,917,100,100,0,0,2,-100,100,-100,0,1,160,15,286,63,0,0,6136,366,0,21,0,1892,309,0,42,0,922,0,0,34,0,536,0,0,0,0,201,572,0,95,0,0,9,17,37,0,0,3,3,0,0
4,12,0,55,14,11,0,1.021617,1.010687,1.005447,50,0,667,100,100,0,0,2,0,-100,100,-100,1,160,9,373,66,0,0,5752,362,0,22,0,1883,342,0,44,0,957,1,0,18,0,536,0,0,0,0,408,509,0,44,0,0,89,9,2,0,0,2,2,0,0
4,12,1,76,14,11,0,1.018738,0.997369,0.997601,67,1,917,100,100,0,0,2,-100,0,-100,100,1,160,9,295,60,0,0,5752,458,0,20,0,1883,328,0,40,0,957,0,0,24,0,536,0,0,0,0,408,716,0,50,0,0,19,12,3,0,0,3,3,0,0
4,12,2,84,14,11,0,1.003882,0.993761,1.006042,72,1,917,100,100,0,0,2,100,-100,0,-100,1,160,9,290,66,0,0,5752,441,0,22,0,1883,346,0,44,0,957,1,0,44,0,536,0,0,0,0,408,727,0,74,0,0,76,22,4,0,0,4,4,0,0
4,12,3,77,14,11,0,1.02199,1.007372,1.005394,67,1,917,100,100,0,0,2,-100,100,-100,0,1,160,9,311,66,0,0,5752,459,0,22,0,1883,331,0,44,0,957,1,0,24,0,536,0,0,0,0,408,565,0,52,0,0,18,12,3,0,0,3,3,0,0
4,13,0,55,15,40,0,1.022338,1.004722,1.003901,49,1,917,100,100,0,0,2,0,-100,100,-100,1,160,15,417,63,0,0,6296,382,0,21,0,1892,363,0,42,0,1072,1,0,0,0,411,6,0,21,0,223,563,84,57,0,0,54,0,35,0,0,1,1,0,0
4,13,1,60,15,40,0,1.020147,1.013975,1.004175,53,1,917,100,100,0,0,2,-100,0,-100,100,1,160,15,298,51,0,0,6296,365,0,17,0,1892,345,0,34,0,1072,0,0,0,0,411,0,0,19,0,223,846,76,21,0,0,17,0,2,0,0,2,2,0,0
4,13,2,79,15,40,0,1.007614,0.999214,1.006035,67,2,1167,100,100,0,0,2,100,-100,0,-100,1,160,15,304,60,0,0,6296,337,0,20,0,1892,366,0,40,0,1072,1,0,0,0,411,21,0,33,0,223,855,132,62,0,0,38,0,38,0,0,4,4,0,0
4,13,3,73,15,40,0,1.023241,1.0158,1.008793,62,1,917,100,100,0,0,2,-100,100,-100,0,1,160,15,329,60,0,0,6296,362,0,20,0,1892,351,0,40,0,1072,1,0,0,0,411,0,0,25,0,223,726,100,28,0,0,14,0,4,0,0,4,4,0,0
4,14,0,51,11,22,0,1.024312,1.009633,1.002053,44,1,917,100,100,0,0,2,0,-100,100,-100,1,160,3,454,63,0,0,5904,402,0,21,0,1898,384,0,42,0,965,0,0,24,0,534,0,0,6,0,408,556,24,49,0,0,64,12,2,0,0,2,2,0,0
4,14,1,60,11,22,0,1.022555,1.018416,1.006003,52,1,917,100,100,0,0,2,-100,0,-100,100,1,160,3,327,51,0,0,5904,400,0,17,0,1898,362,0,34,0,965,0,0,18,0,534,0,0,1,0,408,860,4,41,0,0,23,9,3,0,0,3,3,0,0
4,14,2,76,11,22,0,1.007181,1.000005,1.008045,69,2,1167,100,100,0,0,2,100,-100,0,-100,1,160,3,322,63,0,0,5904,357,0,21,0,1898,384,0,42,0,965,0,0,48,0,534,0,0,21,0,408,912,84,75,0,0,59,24,3,0,0,3,3,0,0
4,14,3,69,11,22,0,1.019271,1.017694,1.007513,61,1,917,100,100,0,0,2,-100,100,-100,0,1,160,3,358,66,0,0,5904,419,0,22,0,1898,373,0,44,0,965,0,0,20,0,534,0,0,1,0,408,718,4,48,0,0,21,10,3,0,0,3,3,0,0
4,15,0,48,14,14,0,1.030275,1.008874,1.001246,42,1,917,100,100,0,0,2,0,-100,100,-100,1,160,14,501,60,0,0,6280,331,0,20,0,1910,404,0,40,0,980,1,0,20,0,507,0,0,0,0,138,610,0,44,0,0,72,10,2,0,0,2,2,0,0
4,15,1,60,14,14,0,1.018979,1.020878,1.007303,51,1,917,100,100,0,0,2,-100,0,-100,100,1,160,14,351,48,0,0,6280,324,0,16,0,1910,378,0,32,0,980,0,0,16,0,507,0,0,2,0,138,881,8,38,0,0,28,8,3,0,0,3,3,0,0
4,15,2,77,14,14,0,1.007823,0.99929,1.007353,70,2,1167,100,100,0,0,2,100,-100,0,-100,1,160,14,341,63,0,0,6280,380,0,21,0,1910,405,0,42,0,980,0,0,32,0,507,0,0,21,0,138,987,84,57,0,0,73,16,2,0,0,2,2,0,0
4,15,3,71,14,14,0,1.018279,1.017135,1.006008,62,1,917,100,100,0,0,2,-100,100,-100,0,1,160,14,384,63,0,0,6280,329,0,21,0,1910,394,0,42,0,980,1,0,22,0,507,0,0,5,0,138,836,20,49,0,0,29,11,3,0,0,3,3,0,0
4,16,0,45,9,9,0,1.031407,1.009218,1.003515,40,1,917,100,100,0,0,2,0,-100,100,-100,1,160,12,540,57,0,0,5928,352,0,19,0,1962,408,0,38,0,1024,0,0,6,0,466,0,0,15,0,471,656,60,29,0,0,73,3,2,0,0,2,2,0,0
4,16,1,60,9,9,0,1.017999,1.020506,1.007792,52,1,917,100,100,0,0,2,-100,0,-100,100,1,160,12,378,48,0,0,5928,352,0,16,0,1962,386,0,32,0,1024,1,0,6,0,466,0,0,16,0,471,895,64,28,0,0,28,3,3,0,0,3,3,0,0
4,16,2,79,9,9,0,1.007236,0.998881,1.007904,71,3,1417,100,100,0,0,2,100,-100,0,-100,1,160,12,367,63,0,0,5928,402,0,21,0,1962,412,0,42,0,1024,1,0,28,0,466,0,0,20,0,471,1017,80,89,0,0,50,14,37,0,0,3,3,0,0
4,16,3,72,9,9,0,1.021995,1.018632,1.00594,63,1,917,100,100,0,0,2,-100,100,-100,0,1,160,12,417,69,0,0,5928,387,0,23,0,1962,396,0,46,0,1024,0,0,8,0,466,0,0,19,0,471,888,76,37,0,0,30,4,3,0,0,3,3,0,0
4,17,0,47,18,8,0,1.033947,1.008214,1.001827,40,1,917,100,100,0,0,2,0,-100,100,-100,1,160,9,588,57,0,0,5912,376,0,19,0,1910,427,0,38,0,1031,1,0,4,0,438,0,0,12,0,454,688,48,27,0,0,73,2,2,0,0,2,2,0,0
4,17,1,63,18,8,0,1.021666,1.020109,1.002645,53,1,917,100,100,0,0,2,-100,0,-100,100,1,160,9,404,48,0,0,5912,388,0,16,0,1910,402,0,32,0,1031,0,0,10,0,438,0,0,18,0,454,895,72,32,0,0,30,5,3,0,0,3,3,0,0
4,17,2,82,18,8,0,1.007728,0.998281,1.008211,71,3,1417,100,100,0,0,2,100,-100,0,-100,1,160,9,388,60,0,0,5912,423,0,20,0,1910,432,0,40,0,1031,0,0,24,0,438,4,0,32,0,454,1146,128,50,0,0,59,12,3,0,0,3,3,0,0
4,17,3,74,18,8,0,1.023783,1.019297,1.005641,66,1,917,100,100,0,0,2,-100,100,-100,0,1,160,9,450,69,0,0,5912,452,0,23,0,1910,416,0,46,0,1031,0,0,4,0,438,0,0,32,0,454,888,128,33,0,0,29,2,3,0,0,3,3,0,0
4,18,0,48,11,47,0,1.037032,1.011538,1.003746,40,1,917,100,100,0,0,2,0,-100,100,-100,1,160,10,629,57,0,0,6184,406,0,19,0,1910,446,0,38,0,981,1,0,12,0,505,0,0,4,0,435,682,16,37,0,0,76,6,3,0,0,3,3,0,0
4,18,1,61,11,47,0,1.023005,1.019824,1.002578,51,2,1167,100,100,0,0,2,-100,0,-100,100,1,160,10,426,45,0,0,6184,430,0,15,0,1910,417,0,30,0,981,0,0,24,0,505,0,0,5,0,435,846,20,79,0,0,5,12,37,0,0,3,3,0,0
4,18,2,64,11,47,0,1.00043,0.989315,1.005067,56,3,1417,100,100,0,0,2,100,-100,0,-100,1,160,10,402,63,0,0,6184,320,0,21,0,1910,453,0,42,0,981,0,0,28,0,505,7,0,15,0,435,1169,60,55,0,0,70,14,3,0,0,3,3,0,0
4,18,3,57,11,47,0,1.022327,1.012618,1.005582,50,2,1167,100,100,0,0,2,-100,100,-100,0,1,160,10,477,69,0,0,6184,355,0,23,0,1910,439,0,46,0,981,1,0,26,0,505,0,0,4,0,435,834,16,89,0,0,5,13,37,0,0,3,3,0,0
4,19,0,40,10,31,1,1.04336,1.015173,1.003055,33,1,917,100,100,0,0,2,0,-100,100,-100,1,160,8,669,57,0,0,6264,339,0,19,0,1909,465,0,38,0,1015,1,0,12,0,401,0,0,9,0,388,720,36,35,0,0,80,6,2,0,0,2,2,0,0
4,19,1,50,10,31,1,1.022303,1.024912,1.001526,42,2,1167,100,100,0,0,2,-100,0,-100,100,1,160,8,448,48,0,0,6264,353,0,16,0,1909,433,0,32,0,1015,0,0,6,0,401,17,0,19,0,388,953,76,30,0,0,4,3,4,0,0,4,4,0,0
4,19,2,61,10,31,1,0.999152,0.991522,1.005759,55,3,1417,100,100,0,0,2,100,-100,0,-100,1,160,8,427,60,0,0,6264,324,0,20,0,1909,473,0,40,0,1015,0,0,30,0,401,34,0,15,0,388,1187,60,54,0,0,83,15,2,0,0,2,2,0,0
4,19,3,58,10,31,1,1.023151,1.010605,1.005948,52,2,1167,100,100,0,0,2,-100,100,-100,0,1,160,8,530,72,0,0,6264,314,0,24,0,1909,461,0,48,0,1015,0,0,10,0,401,29,0,13,0,388,868,52,36,0,0,9,5,1,0,0,1,1,0,0
4,20,0,41,13,8,0,1.038388,1.014812,1.007427,33,1,917,100,100,0,0,2,0,-100,100,-100,1,160,7,720,54,0,0,6168,337,0,18,0,1910,483,0,36,0,919,1,0,18,0,530,0,0,5,0,512,713,20,42,0,0,86,9,3,0,0,3,3,0,0
4,20,1,51,13,8,0,1.025419,1.024076,1.003473,42,2,1167,100,100,0,0,2,-100,0,-100,100,1,160,7,477,45,0,0,6168,328,0,15,0,1910,448,0,30,0,919,1,0,28,0,530,0,0,17,0,512,1011,68,47,0,0,16,14,2,0,0,2,2,0,0
4,20,2,62,13,8,0,1.00284,0.988473,1.003398,56,4,1667,100,100,0,0,2,100,-100,0,-100,1,160,7,460,60,0,0,6168,331,0,20,0,1910,493,0,40,0,919,33,0,30,0,530,19,0,15,0,512,1171,60,88,0,0,62,15,36,0,0,2,2,0,0
4,20,3,60,13,8,0,1.027303,1.015359,1.003054,52,2,1167,100,100,0,0,2,-100,100,-100,0,1,160,7,583,75,0,0,6168,279,0,25,0,1910,486,0,50,0,919,12,0,28,0,530,16,0,14,0,512,886,56,59,0,0,20,14,3,0,0,3,3,0,0
4,21,0,42,13,13,0,1.039263,1.014211,1.008531,33,1,917,100,100,0,0,2,0,-100,100,-100,1,160,5,767,54,0,0,6152,334,0,18,0,1910,501,0,36,0,946,1,0,12,0,536,0,0,0,0,498,695,0,36,0,0,89,6,3,0,0,3,3,0,0
4,21,1,50,13,13,0,1.026788,1.02372,1.002932,41,2,1167,100,100,0,0,2,-100,0,-100,100,1,160,5,501,42,0,0,6152,303,0,14,0,1910,462,0,28,0,946,1,0,24,0,536,0,0,0,0,498,1010,0,46,0,0,24,12,4,0,0,4,4,0,0
4,21,2,61,13,13,0,1.003959,0.984772,1.000116,55,4,1667,100,100,0,0,2,100,-100,0,-100,1,160,5,486,54,0,0,6152,347,0,18,0,1910,511,0,36,0,946,62,0,30,0,536,4,0,15,0,498,1188,60,52,0,0,75,15,2,0,0,2,2,0,0
4,21,3,61,13,13,0,1.028845,1.015491,1.001933,53,2,1167,100,100,0,0,2,-100,100,-100,0,1,160,5,639,72,0,0,6152,243,0,24,0,1910,510,0,48,0,946,11,0,32,0,536,0,0,16,0,498,917,64,60,0,0,34,16,2,0,0,2,2,0,0
4,22,0,42,13,8,0,1.040447,1.014055,1.010503,35,2,1167,100,100,0,0,2,0,-100,100,-100,1,160,18,810,54,0,0,6144,338,0,18,0,1928,516,0,36,0,932,0,0,20,0,536,0,0,0,0,495,638,0,78,0,0,62,10,37,0,0,3,3,0,0
4,22,1,48,13,8,0,1.026756,1.020143,1.001861,41,3,1417,100,100,0,0,2,-100,0,-100,100,1,160,18,518,39,0,0,6144,272,0,13,0,1928,475,0,26,0,932,0,0,30,0,536,0,0,0,0,495,971,0,81,0,0,3,15,36,0,0,2,2,0,0
4,22,2,65,13,8,0,1.006296,0.983606,0.996866,56,4,1667,100,100,0,0,2,100,-100,0,-100,1,160,18,515,51,0,0,6144,365,0,17,0,1928,528,0,34,0,932,88,0,32,0,536,0,0,4,0,495,1163,16,53,0,0,89,16,2,0,0,2,2,0,0
4,22,3,64,13,8,0,1.031713,1.014006,1.002252,54,2,1167,100,100,0,0,2,-100,100,-100,0,1,160,18,691,78,0,0,6144,204,0,26,0,1928,533,0,52,0,932,13,0,32,0,536,0,0,0,0,495,880,0,64,0,0,47,16,3,0,0,3,3,0,0
4,23,0,42,14,12,0,1.04614,1.012512,1.009865,36,2,1167,100,100,0,0,2,0,-100,100,-100,1,160,2,851,54,0,0,6136,342,0,18,0,1916,534,0,36,0,965,1,0,2,0,456,0,0,15,0,501,695,60,24,0,0,61,1,2,0,0,2,2,0,0
4,23,1,46,14,12,0,1.027934,1.022748,1.001858,41,3,1417,100,100,0,0,2,-100,0,-100,100,1,160,2,538,39,0,0,6136,243,0,13,0,1916,488,0,26,0,965,0,0,22,0,456,0,0,14,0,501,1029,56,37,0,0,13,11,1,0,0,1,1,0,0
4,23,2,68,14,12,0,1.011967,0.984565,0.994677,56,4,1667,100,100,0,0,2,100,-100,0,-100,1,160,2,540,54,0,0,6136,378,0,18,0,1916,546,0,36,0,965,101,0,32,0,456,11,0,16,0,501,1180,64,56,0,0,102,16,3,0,0,3,3,0,0
4,23,3,65,14,12,0,1.034648,1.014015,1.000262,55,2,1167,100,100,0,0,2,-100,100,-100,0,1,160,2,743,75,0,0,6136,179,0,25,0,1916,558,0,50,0,965,5,0,36,0,456,6,0,18,0,501,910,72,69,0,0,61,18,4,0,0,4,4,0,0
4,24,0,44,15,5,0,1.053375,1.016724,1.00884,37,2,1167,100,100,0,0,2,0,-100,100,-100,1,160,7,899,57,0,0,6120,345,0,19,0,1925,550,0,38,0,917,0,0,14,0,503,0,0,6,0,495,703,24,37,0,0,66,7,2,0,0,2,2,0,0
4,24,1,47,15,5,0,1.029683,1.022442,1.002423,40,3,1417,100,100,0,0,2,-100,0,-100,100,1,160,7,560,36,0,0,6120,225,0,12,0,1925,500,0,24,0,917,1,0,24,0,503,0,0,9,0,495,1067,36,40,0,0,23,12,2,0,0,2,2,0,0
4,24,2,72,15,5,0,1.014542,0.982625,0.993693,59,4,1667,100,100,0,0,2,100,-100,0,-100,1,160,7,563,54,0,0,6120,396,0,18,0,1925,564,0,36,0,917,124,0,40,0,503,9,0,20,0,495,1209,80,66,0,0,118,20,4,0,0,4,4,0,0
4,24,3,68,15,5,0,1.038144,1.012111,0.998871,58,2,1167,100,100,0,0,2,-100,100,-100,0,1,160,7,789,72,0,0,6120,162,0,24,0,1925,582,0,48,0,917,21,0,38,0,503,0,0,6,0,495,893,24,68,0,0,77,19,3,0,0,3,3,0,0
4,25,0,40,10,29,0,1.055564,1.013354,1.009422,33,2,1167,100,100,0,0,2,0,-100,100,-100,1,160,12,938,54,0,0,6128,339,0,18,0,1928,565,0,36,0,988,1,0,0,0,487,0,0,3,0,477,718,12,24,0,0,63,0,3,0,0,3,3,0,0
4,25,1,43,10,29,0,1.032239,1.013588,0.998731,35,3,1417,100,100,0,0,2,-100,0,-100,100,1,160,12,576,33,0,0,6128,199,0,11,0,1928,511,0,22,0,988,0,0,2,0,487,0,0,11,0,477,1137,44,19,0,0,21,1,3,0,0,3,3,0,0
4,25,2,68,10,29,0,1.016008,0.978714,0.997368,57,4,1667,100,100,0,0,2,100,-100,0,-100,1,160,12,582,57,0,0,6128,409,0,19,0,1928,583,0,38,0,988,109,0,42,0,487,9,0,21,0,477,1242,84,69,0,0,135,21,4,0,0,4,4,0,0
4,25,3,61,10,29,0,1.038105,1.011498,0.995357,53,2,1167,100,100,0,0,2,-100,100,-100,0,1,160,12,838,75,0,0,6128,141,0,25,0,1928,607,0,50,0,988,1,0,26,0,487,0,0,14,0,477,922,56,57,0,0,87,13,3,0,0,3,3,0,0
4,26,0,44,17,10,0,1.056288,1.010566,1.009712,36,2,1167,100,100,0,0,2,0,-100,100,-100,1,160,8,988,54,0,0,6224,345,0,18,0,1928,580,0,36,0,1055,0,0,2,0,438,0,0,12,0,365,766,48,24,0,0,62,1,2,0,0,2,2,0,0
4,26,1,41,17,10,0,1.032488,1.017978,0.995288,35,3,1417,100,100,0,0,2,-100,0,-100,100,1,160,8,590,30,0,0,6224,186,0,10,0,1928,521,0,20,0,1055,0,0,2,0,438,0,0,12,0,365,1214,48,16,0,0,20,1,2,0,0,2,2,0,0
4,26,2,72,17,10,0,1.021088,0.977473,0.996565,60,4,1667,100,100,0,0,2,100,-100,0,-100,1,160,8,614,57,0,0,6224,322,0,19,0,1928,602,0,38,0,1055,72,0,44,0,438,35,0,22,0,365,1394,88,69,0,0,154,22,3,0,0,3,3,0,0
4,26,3,62,17,10,0,1.042906,1.016094,0.995507,54,2,1167,100,100,0,0,2,-100,100,-100,0,1,160,8,887,75,0,0,6224,127,0,25,0,1928,632,0,50,0,1055,0,0,8,0,438,1,0,19,0,365,986,76,39,0,0,88,4,3,0,0,3,3,0,0
4,27,0,42,16,13,0,1.060033,1.006976,1.005938,33,3,1417,100,100,0,0,2,0,-100,100,-100,1,160,11,1024,48,0,0,6072,349,0,16,0,1931,596,0,32,0,994,0,0,8,0,503,0,0,6,0,468,750,24,64,0,0,29,4,37,0,0,3,3,0,0
4,27,1,43,16,13,0,1.03057,1.013955,0.993105,35,3,1417,100,100,0,0,2,-100,0,-100,100,1,160,11,609,30,0,0,6072,183,0,10,0,1931,528,0,20,0,994,0,0,6,0,503,0,0,9,0,468,1278,36,20,0,0,21,3,2,0,0,2,2,0,0
4,27,2,74,16,13,0,1.023218,0.974086,0.996671,61,5,1917,100,100,0,0,2,100,-100,0,-100,1,160,11,636,57,0,0,6072,367,0,19,0,1931,621,0,38,0,994,54,0,54,0,503,23,0,27,0,468,1412,108,117,0,0,142,27,39,0,0,5,5,0,0
4,27,3,63,16,13,0,1.04499,1.017075,0.991302,54,2,1167,100,100,0,0,2,-100,100,-100,0,1,160,11,939,75,0,0,6072,104,0,25,0,1931,657,0,50,0,994,0,0,28,0,503,0,0,1,0,468,961,4,59,0,0,99,14,3,0,0,3,3,0,0
4,28,0,40,8,25,0,1.06369,1.004418,1.006479,32,3,1417,100,100,0,0,2,0,-100,100,-100,1,160,12,1053,45,0,0,6024,380,0,15,0,1943,611,0,30,0,1032,0,0,6,0,458,0,0,3,0,465,756,12,27,0,0,29,3,3,0,0,3,3,0,0
4,28,1,36,8,25,0,1.02987,1.016038,0.992132,30,3,1417,100,100,0,0,2,-100,0,-100,100,1,160,12,622,27,0,0,6024,195,0,9,0,1943,537,0,18,0,1032,0,0,6,0,458,0,0,0,0,465,1296,0,21,0,0,21,3,3,0,0,3,3,0,0
4,28,2,71,8,25,0,1.025272,0.970679,0.998411,60,5,1917,100,100,0,0,2,100,-100,0,-100,1,160,12,662,57,0,0,6024,418,0,19,0,1943,640,0,38,0,1032,16,0,56,0,458,31,0,28,0,465,1471,112,83,0,0,166,28,4,0,0,4,4,0,0
4,28,3,58,8,25,0,1.044863,1.013639,0.987139,51,3,1417,100,100,0,0,2,-100,100,-100,0,1,160,12,983,72,0,0,6024,89,0,24,0,1943,681,0,48,0,1032,0,0,10,0,458,0,0,16,0,465,978,64,74,0,0,67,5,37,0,0,3,3,0,0
4,29,0,40,12,25,0,1.058566,1.001372,1.000887,31,3,1417,100,100,0,0,2,0,-100,100,-100,1,160,1,1088,39,0,0,6264,327,0,13,0,1961,624,0,26,0,956,1,0,8,0,516,0,0,6,0,255,866,24,27,0,0,30,4,3,0,0,3,3,0,0
4,29,1,36,12,25,0,1.030281,1.017775,0.989296,29,3,1417,100,100,0,0,2,-100,0,-100,100,1,160,1,642,21,0,0,6264,216,0,7,0,1961,544,0,14,0,956,1,0,8,0,516,0,0,2,0,255,1324,8,19,0,0,23,4,2,0,0,2,2,0,0
4,29,2,61,12,25,0,1.028837,0.963422,0.999782,52,6,2167,100,100,0,0,2,100,-100,0,-100,1,160,1,683,54,0,0,6264,329,0,18,0,1961,658,0,36,0,956,1,0,44,0,516,2,0,29,0,255,1642,116,102,0,0,151,22,37,0,0,3,3,0,0
4,29,3,55,12,25,0,1.047876,1.015318,0.987479,50,3,1417,100,100,0,0,2,-100,100,-100,0,1,160,1,1038,69,0,0,6264,80,0,23,0,1961,704,0,46,0,956,1,0,20,0,516,0,0,12,0,255,1009,48,47,0,0,75,10,2,0,0,2,2,0,0
4,30,0,32,17,35,0,1.067949,0.998891,0.996319,25,3,1417,100,100,0,0,2,0,-100,100,-100,1,160,14,1100,24,0,0,5976,383,0,8,0,1970,632,0,16,0,976,0,0,10,0,536,0,0,0,0,477,859,0,22,0,0,33,5,2,0,0,2,2,0,0
4,30,1,30,17,35,0,1.033076,1.003318,0.983098,22,3,1417,100,100,0,0,2,-100,0,-100,100,1,160,14,660,21,0,0,5976,253,0,7,0,1970,551,0,14,0,976,1,0,0,0,536,0,0,0,0,477,1340,0,11,0,0,21,0,2,0,0,2,2,0,0
4,30,2,56,17,35,0,1.031966,0.966771,1.00117,47,6,2167,100,100,0,0,2,100,-100,0,-100,1,160,14,709,45,0,0,5976,413,0,15,0,1970,673,0,30,0,976,0,0,22,0,536,0,0,2,0,477,1634,8,43,0,0,159,11,3,0,0,3,3,0,0
4,30,3,56,17,35,0,1.04591,1.020818,0.98574,47,3,1417,100,100,0,0,2,-100,100,-100,0,1,160,14,1083,66,0,0,5976,67,0,22,0,1970,726,0,44,0,976,0,0,34,0,536,0,0,0,0,477,973,0,60,0,0,90,17,2,0,0,2,2,0,0
4,31,0,34,12,10,0,1.07216,0.993837,0.993031,26,3,1417,100,100,0,0,2,0,-100,100,-100,1,160,26,1114,21,0,0,6240,344,0,7,0,1994,636,0,14,0,1024,0,0,12,0,536,0,0,0,0,268,959,0,25,0,0,36,6,3,0,0,3,3,0,0
4,31,1,30,12,10,0,1.03854,0.999475,0.984274,21,3,1417,100,100,0,0,2,-100,0,-100,100,1,160,26,680,21,0,0,6240,296,0,7,0,1994,558,0,14,0,1024,0,0,4,0,536,0,0,0,0,268,1350,0,17,0,0,20,2,3,0,0,3,3,0,0
4,31,2,55,12,10,0,1.032087,0.963002,1.007815,47,6,2167,100,100,0,0,2,100,-100,0,-100,1,160,26,732,39,0,0,6240,344,0,13,0,1994,686,0,26,0,1024,0,0,14,0,536,0,0,0,0,268,1751,0,33,0,0,163,7,3,0,0,3,3,0,0
4,31,3,57,12,10,0,1.047551,1.020482,0.986165,47,3,1417,100,100,0,0,2,-100,100,-100,0,1,160,26,1126,66,0,0,6240,69,0,22,0,1994,745,0,44,0,1024,0,0,16,0,536,0,0,0,0,268,954,0,46,0,0,94,8,4,0,0,4,4,0,0
4,32,0,33,13,12,0,1.069513,0.992874,0.986572,27,3,1417,100,100,0,0,2,0,-100,100,-100,1,160,6,1132,18,0,0,5936,416,0,6,0,2003,642,0,12,0,1047,1,0,4,0,498,0,0,4,0,501,978,16,12,0,0,37,2,1,0,0,1,1,0,0
4,32,1,32,13,12,0,1.039165,0.996716,0.985257,22,3,1417,100,100,0,0,2,-100,0,-100,100,1,160,6,699,18,0,0,5936,356,0,6,0,2003,564,0,12,0,1047,0,0,0,0,498,0,0,6,0,501,1386,24,12,0,0,17,0,3,0,0,3,3,0,0
4,32,2,57,13,12,0,1.030666,0.958916,1.008405,47,6,2167,100,100,0,0,2,100,-100,0,-100,1,160,6,756,42,0,0,5936,435,0,14,0,2003,700,0,28,0,1047,0,0,8,0,498,0,0,16,0,501,1811,64,28,0,0,164,4,3,0,0,3,3,0,0
4,32,3,55,13,12,0,1.046319,1.022665,0.987777,50,3,1417,100,100,0,0,2,-100,100,-100,0,1,160,6,1165,63,0,0,5936,79,0,21,0,2003,766,0,42,0,1047,0,0,10,0,498,0,0,10,0,501,987,40,37,0,0,96,5,3,0,0,3,3,0,0
4,33,0,34,11,6,0,1.073132,0.989794,0.988975,26,3,1417,100,100,0,0,2,0,-100,100,-100,1,160,6,1154,21,0,0,6216,376,0,7,0,1988,649,0,14,0,1066,1,0,0,0,473,0,0,12,0,329,1115,48,13,0,0,34,0,3,0,0,3,3,0,0
4,33,1,33,11,6,0,1.043971,0.993468,0.986998,23,3,1417,100,100,0,0,2,-100,0,-100,100,1,160,6,727,27,0,0,6216,419,0,9,0,1988,573,0,18,0,1066,0,0,0,0,473,0,0,6,0,329,1400,24,17,0,0,13,0,4,0,0,4,4,0,0
4,33,2,59,11,6,0,1.031305,0.957942,1.00839,49,7,2417,100,100,0,0,2,100,-100,0,-100,1,160,6,785,45,0,0,6216,363,0,15,0,1988,715,0,30,0,1066,0,0,4,0,473,0,0,18,0,329,1943,72,61,0,0,128,2,38,0,0,4,4,0,0
4,33,3,56,11,6,0,1.047149,1.024067,0.988105,52,4,1667,100,100,0,0,2,-100,100,-100,0,1,160,6,1219,63,0,0,6216,83,0,21,0,1988,787,0,42,0,1066,0,0,2,0,473,6,0,21,0,329,1042,84,59,0,0,62,1,35,0,0,1,1,0,0
4,34,0,33,8,9,0,1.073757,0.988682,0.989832,27,4,1667,100,100,0,0,2,0,-100,100,-100,1,160,24,1164,21,0,0,6144,335,0,7,0,2000,656,0,14,0,991,1,0,14,0,536,0,0,0,0,277,1175,0,59,0,0,5,7,36,0,0,2,2,0,0
4,34,1,32,8,9,0,1.043758,0.989025,0.985754,26,3,1417,100,100,0,0,2,-100,0,-100,100,1,160,24,744,21,0,0,6144,379,0,7,0,2000,577,0,14,0,991,1,0,4,0,536,0,0,0,0,277,1400,0,17,0,0,12,2,3,0,0,3,3,0,0
4,34,2,59,8,9,0,1.033571,0.957051,1.008093,51,7,2417,100,100,0,0,2,100,-100,0,-100,1,160,24,809,45,0,0,6144,457,0,15,0,2000,727,0,30,0,991,0,0,34,0,536,0,0,0,0,277,1915,0,55,0,0,142,17,3,0,0,3,3,0,0
4,34,3,57,8,9,0,1.050192,1.025351,0.987131,51,4,1667,100,100,0,0,2,-100,100,-100,0,1,160,24,1258,57,0,0,6144,88,0,19,0,2000,806,0,38,0,991,1,0,24,0,536,0,0,6,0,277,1055,24,47,0,0,72,12,2,0,0,2,2,0,0
4,35,0,34,12,7,0,1.076567,0.989671,0.996225,27,4,1667,100,100,0,0,2,0,-100,100,-100,1,160,30,1180,21,0,0,6216,391,0,7,0,2000,663,0,14,0,1029,1,0,6,0,494,0,0,9,0,346,1206,36,17,0,0,6,3,2,0,0,2,2,0,0
4,35,1,32,12,7,0,1.043479,0.98661,0.987559,27,3,1417,100,100,0,0,2,-100,0,-100,100,1,160,30,751,18,0,0,6216,341,0,6,0,2000,583,0,12,0,1029,1,0,6,0,494,0,0,0,0,346,1401,0,16,0,0,13,3,2,0,0,2,2,0,0
4,35,2,62,12,7,0,1.035959,0.95568,1.011311,53,7,2417,100,100,0,0,2,100,-100,0,-100,1,160,30,830,48,0,0,6216,382,0,16,0,2000,743,0,32,0,1029,1,0,20,0,494,0,0,12,0,346,2021,48,42,0,0,149,10,3,0,0,3,3,0,0
4,35,3,58,12,7,0,1.051328,1.027494,0.980901,51,4,1667,100,100,0,0,2,-100,100,-100,0,1,160,30,1291,57,0,0,6216,100,0,19,0,2000,825,0,38,0,1029,1,0,10,0,494,0,0,21,0,346,1142,84,33,0,0,75,5,2,0,0,2,2,0,0
4,36,0,31,8,15,0,1.079432,0.986265,0.995774,27,4,1667,100,100,0,0,2,0,-100,100,-100,1,160,32,1198,24,0,0,6024,349,0,8,0,2006,671,0,16,0,1066,1,0,0,0,441,4,0,14,0,597,1252,56,10,0,0,5,0,1,0,0,1,1,0,0
4,36,1,32,8,15,0,1.043401,0.980253,0.985309,27,3,1417,100,100,0,0,2,-100,0,-100,100,1,160,32,759,12,0,0,6024,433,0,4,0,2006,587,0,8,0,1066,1,0,0,0,441,0,0,6,0,597,1409,24,8,0,0,11,0,2,0,0,2,2,0,0
4,36,2,58,8,15,0,1.037217,0.959245,1.013074,51,8,2667,100,100,0,0,2,100,-100,0,-100,1,160,32,852,45,0,0,6024,449,0,15,0,2006,758,0,30,0,1066,0,0,4,0,441,12,0,27,0,597,2070,108,59,0,0,114,2,37,0,0,3,3,0,0
4,36,3,58,8,15,0,1.054355,1.029624,0.980834,51,4,1667,100,100,0,0,2,-100,100,-100,0,1,160,32,1322,57,0,0,6024,103,0,19,0,2006,844,0,38,0,1066,0,0,4,0,441,7,0,23,0,597,1206,92,29,0,0,74,2,3,0,0,3,3,0,0
4,37,0,33,11,12,0,1.07976,0.984507,1.002973,26,4,1667,100,100,0,0,2,0,-100,100,-100,1,160,17,1215,21,0,0,6240,391,0,7,0,2009,675,0,14,0,952,1,0,24,0,536,0,0,4,0,449,1245,16,35,0,0,15,12,2,0,0,2,2,0,0
4,37,1,33,11,12,0,1.042088,0.979665,0.981352,27,3,1417,100,100,0,0,2,-100,0,-100,100,1,160,17,766,15,0,0,6240,396,0,5,0,2009,592,0,10,0,952,0,0,10,0,536,0,0,0,0,449,1398,0,19,0,0,14,5,2,0,0,2,2,0,0
4,37,2,57,11,12,0,1.039448,0.959843,1.010309,52,8,2667,100,100,0,0,2,100,-100,0,-100,1,160,17,874,42,0,0,6240,377,0,14,0,2009,772,0,28,0,952,0,0,42,0,536,0,0,12,0,449,2108,48,60,0,0,133,21,2,0,0,2,2,0,0
4,37,3,55,11,12,0,1.057241,1.030168,0.975448,49,4,1667,100,100,0,0,2,-100,100,-100,0,1,160,17,1362,54,0,0,6240,91,0,18,0,2009,862,0,36,0,952,1,0,38,0,536,0,0,7,0,449,1213,28,60,0,0,91,19,2,0,0,2,2,0,0
4,38,0,33,14,4,0,1.09031,0.97981,1.004449,26,4,1667,100,100,0,0,2,0,-100,100,-100,1,160,17,1236,24,0,0,6184,350,0,8,0,2009,683,0,16,0,1032,1,0,14,0,490,0,0,10,0,350,1328,40,28,0,0,19,7,3,0,0,3,3,0,0
4,38,1,35,14,4,0,1.039248,0.976859,0.979688,28,3,1417,100,100,0,0,2,-100,0,-100,100,1,160,17,776,18,0,0,6184,357,0,6,0,2009,598,0,12,0,1032,1,0,2,0,490,0,0,6,0,350,1407,24,12,0,0,13,1,2,0,0,2,2,0,0
4,38,2,61,14,4,0,1.042739,0.956173,1.010809,53,8,2667,100,100,0,0,2,100,-100,0,-100,1,160,17,899,42,0,0,6184,458,0,14,0,2009,783,0,28,0,1032,0,0,16,0,490,0,0,15,0,350,2158,60,34,0,0,139,8,2,0,0,2,2,0,0
4,38,3,59,14,4,0,1.059089,1.02759,0.975719,51,4,1667,100,100,0,0,2,-100,100,-100,0,1,160,17,1393,54,0,0,6184,74,0,18,0,2009,880,0,36,0,1032,0,0,8,0,490,0,0,15,0,350,1282,60,30,0,0,93,4,2,0,0,2,2,0,0
4,39,0,32,10,17,0,1.087449,0.980426,1.005726,26,4,1667,100,100,0,0,2,0,-100,100,-100,1,160,8,1251,18,0,0,6190,382,0,6,0,2018,683,0,12,0,968,0,0,22,0,536,0,0,0,0,421,1325,0,32,0,0,28,11,2,0,0,2,2,0,0
4,39,1,34,10,17,0,1.040962,0.970778,0.980193,28,3,1417,100,100,0,0,2,-100,0,-100,100,1,160,8,794,21,0,0,6190,400,0,7,0,2018,596,0,14,0,968,1,0,12,0,536,0,0,0,0,421,1392,0,25,0,0,16,6,3,0,0,3,3,0,0
4,39,2,58,10,17,0,1.039295,0.957833,1.002263,50,8,2667,100,100,0,0,2,100,-100,0,-100,1,160,8,912,36,0,0,6190,385,0,12,0,2018,792,0,24,0,968,0,0,42,0,536,0,0,0,0,421,2149,0,58,0,0,158,21,2,0,0,2,2,0,0
4,39,3,57,10,17,0,1.065849,1.027232,0.973069,48,5,1917,100,100,0,0,2,-100,100,-100,0,1,160,8,1429,51,0,0,6190,44,0,17,0,2018,891,0,34,0,968,1,0,28,0,536,0,0,0,0,421,1247,0,85,0,0,70,14,37,0,0,3,3,0,0
4,40,0,31,12,21,0,1.084504,0.983168,1.012075,24,4,1667,100,100,0,0,2,0,-100,100,-100,1,160,22,1254,12,0,0,6179,346,0,4,0,2015,687,0,8,0,953,0,0,24,0,536,0,0,0,0,316,1393,0,32,0,0,38,12,2,0,0,2,2,0,0
4,40,1,33,12,21,0,1.041269,0.968125,0.988632,28,3,1417,100,100,0,0,2,-100,0,-100,100,1,160,22,805,21,0,0,6179,358,0,7,0,2015,603,0,14,0,953,0,0,4,0,536,0,0,0,0,316,1402,0,15,0,0,16,2,2,0,0,2,2,0,0
4,40,2,56,12,21,0,1.041309,0.950848,1.008389,46,8,2667,100,100,0,0,2,100,-100,0,-100,1,160,22,932,36,0,0,6179,467,0,12,0,2015,804,0,24,0,953,1,0,34,0,536,0,0,0,0,316,2121,0,52,0,0,172,17,3,0,0,3,3,0,0
4,40,3,52,12,21,0,1.06791,1.023527,0.984181,44,5,1917,100,100,0,0,2,-100,100,-100,0,1,160,22,1461,54,0,0,6179,39,0,18,0,2015,909,0,36,0,953,1,0,18,0,536,0,0,0,0,316,1256,0,42,0,0,76,9,3,0,0,3,3,0,0
0,1,0,98,13,13,0,0.998335,1.003396,0.998892,0,0,667,100,100,0,0,2,0,-100,100,-100,1,160,4,109,72,0,0,5600,394,0,24,0,1927,108,0,48,0,957,1,0,96,0,428,30,0,48,0,399,222,192,154,0,0,31,48,17,0,0,17,17,0,0
0,1,1,102,13,13,0,0.997706,1.001348,0.99813,0,0,667,100,100,0,0,2,-100,0,-100,100,1,160,4,107,72,0,0,5600,410,0,24,0,1927,100,0,48,0,957,1,0,92,0,428,31,0,50,0,399,235,200,150,0,0,29,46,17,0,0,17,17,0,0
0,1,2,99,13,13,0,0.996867,1.002462,0.99589,0,0,667,100,100,0,0,2,100,-100,0,-100,1,160,4,105,69,0,0,5600,403,0,23,0,1927,109,0,46,0,957,1,0,96,0,428,24,0,49,0,399,227,196,153,0,0,31,48,17,0,0,17,17,0,0
0,1,3,101,13,13,0,0.998744,1.001579,0.99813,0,0,667,100,100,0,0,2,-100,100,-100,0,1,160,4,113,72,0,0,5600,402,0,24,0,1927,107,0,48,0,957,0,0,96,0,428,27,0,49,0,399,226,196,154,0,0,31,48,17,0,0,17,17,0,0
0,2,0,86,12,45,0,0.999448,1.009643,0.997955,13,0,667,100,100,0,0,2,0,-100,100,-100,1,160,12,104,60,0,0,5632,452,0,20,0,1961,83,0,40,0,867,1,0,34,0,528,0,0,31,0,326,327,124,88,0,0,31,17,17,0,0,17,17,0,0
0,2,1,94,12,45,0,0.998032,0.998034,0.997766,13,0,667,100,100,0,0,2,-100,0,-100,100,1,160,12,114,72,0,0,5632,468,0,24,0,1961,111,0,48,0,867,0,0,42,0,528,0,0,33,0,326,335,132,100,0,0,33,21,17,0,0,17,17,0,0
0,2,2,90,12,45,0,0.998671,0.999931,0.991703,16,0,667,100,100,0,0,2,100,-100,0,-100,1,160,12,89,54,0,0,5632,470,0,18,0,1961,118,0,36,0,867,1,0,46,0,528,0,0,25,0,326,295,100,98,0,0,37,23,17,0,0,17,17,0,0
0,2,3,97,12,45,0,0.998475,0.997287,0.999211,14,0,667,100,100,0,0,2,-100,100,-100,0,1,160,12,109,66,0,0,5632,471,0,22,0,1961,81,0,44,0,867,0,0,50,0,528,0,0,30,0,326,308,120,106,0,0,39,25,17,0,0,17,17,0,0
0,3,0,86,8,11,0,0.999192,1.009843,0.998144,28,0,667,100,100,0,0,2,0,-100,100,-100,1,160,20,106,60,0,0,6400,346,0,20,0,2005,63,0,40,0,955,1,0,20,0,431,0,0,27,0,0,511,108,74,0,0,24,10,17,0,0,17,17,0,0
0,3,1,93,8,11,0,0.99565,0.9976,0.997506,28,0,667,100,100,0,0,2,-100,0,-100,100,1,160,20,132,78,0,0,6400,348,0,26,0,2005,104,0,52,0,955,0,0,26,0,431,0,0,21,0,0,483,84,86,0,0,29,13,17,0,0,17,17,0,0
0,3,2,89,8,11,0,0.998287,1.001013,0.992036,31,0,667,100,100,0,0,2,100,-100,0,-100,1,160,20,86,51,0,0,6400,363,0,17,0,2005,114,0,34,0,955,1,0,34,0,431,0,0,21,0,0,444,84,85,0,0,37,17,17,0,0,17,17,0,0
0,3,3,96,8,11,0,1.000373,0.996377,0.997409,29,0,667,100,100,0,0,2,-100,100,-100,0,1,160,20,104,63,0,0,6400,353,0,21,0,2005,80,0,42,0,955,1,0,36,0,431,0,0,33,0,0,497,132,91,0,0,40,18,17,0,0,17,17,0,0
0,4,0,83,6,11,0,0.998543,1.011356,0.997234,42,0,667,100,100,0,0,2,0,-100,100,-100,1,160,7,104,57,0,0,5640,425,0,19,0,1892,82,0,38,0,949,0,0,22,0,536,0,0,0,0,318,508,0,75,0,0,18,11,17,0,0,17,17,0,0
0,4,1,93,6,11,0,0.994599,0.998232,0.996768,43,0,667,100,100,0,0,2,-100,0,-100,100,1,160,7,148,72,0,0,5640,407,0,24,0,1892,128,0,48,0,949,1,0,24,0,536,0,0,0,0,318,473,0,82,0,0,24,12,17,0,0,17,17,0,0
0,4,2,88,6,11,0,0.997284,1.000625,0.991491,47,0,667,100,100,0,0,2,100,-100,0,-100,1,160,7,84,54,0,0,5640,440,0,18,0,1892,132,0,36,0,949,0,0,34,0,536,0,0,0,0,318,427,0,86,0,0,37,17,17,0,0,17,17,0,0
0,4,3,95,6,11,0,0.999223,0.995608,0.997824,44,0,667,100,100,0,0,2,-100,100,-100,0,1,160,7,111,63,0,0,5640,428,0,21,0,1892,101,0,42,0,949,1,0,44,0,536,0,0,0,0,318,467,0,99,0,0,45,22,17,0,0,17,17,0,0
0,5,0,80,7,9,1,0.997955,1.011493,0.996173,57,0,667,100,100,0,0,2,0,-100,100,-100,1,160,18,100,54,0,0,6016,324,0,18,0,1971,79,0,36,0,989,0,0,16,0,525,0,0,1,0,257,556,4,58,0,0,14,8,12,0,0,12,12,0,0
0,5,1,94,7,9,1,0.995338,0.99984,0.996642,59,0,667,100,100,0,0,2,-100,0,-100,100,1,160,18,165,72,0,0,6016,482,0,24,0,1971,133,0,48,0,989,0,0,18,0,525,0,0,1,0,257,474,4,74,0,0,17,9,16,0,0,16,16,0,0
0,5,2,87,7,9,1,0.996361,1.002309,0.990749,62,0,667,100,100,0,0,2,100,-100,0,-100,1,160,18,80,54,0,0,6016,334,0,18,0,1971,135,0,36,0,989,0,0,22,0,525,0,0,5,0,257,485,20,64,0,0,36,11,12,0,0,12,12,0,0
0,5,3,96,7,9,1,1.000529,0.99572,0.998943,59,0,667,100,100,0,0,2,-100,100,-100,0,1,160,18,114,57,0,0,6016,506,0,19,0,1971,102,0,38,0,989,1,0,28,0,525,0,0,4,0,257,470,16,81,0,0,42,14,17,0,0,17,17,0,0
0,6,0,76,9,26,0,0.998561,1.012377,0.993782,65,0,667,100,100,0,0,2,0,-100,100,-100,1,160,8,98,45,0,0,6065,393,0,15,0,1901,94,0,30,0,1018,0,0,14,0,364,0,0,28,0,247,642,112,39,0,0,16,7,5,0,0,5,5,0,0
0,6,1,83,9,26,0,0.989119,0.997705,0.992764,68,0,667,100,100,0,0,2,-100,0,-100,100,1,160,8,174,72,0,0,6065,364,0,24,0,1901,157,0,48,0,1018,0,0,8,0,364,6,0,39,0,247,629,156,46,0,0,14,4,7,0,0,7,7,0,0
0,6,2,89,9,26,0,0.996669,1.002904,0.986691,72,1,917,100,100,0,0,2,100,-100,0,-100,1,160,8,87,54,0,0,6065,400,0,18,0,1901,153,0,36,0,1018,1,0,10,0,364,0,0,45,0,247,601,180,76,0,0,0,5,41,0,0,7,7,0,0
0,6,3,92,9,26,0,1.000227,0.99074,0.997313,70,1,917,100,100,0,0,2,-100,100,-100,0,1,160,8,111,60,0,0,6065,390,0,20,0,1901,122,0,40,0,1018,0,0,22,0,364,10,0,44,0,247,593,176,96,0,0,9,11,44,0,0,10,10,0,0
0,7,0,76,11,15,0,1.000019,1.015079,0.997199,67,0,667,100,100,0,0,2,0,-100,100,-100,1,160,1,97,42,0,0,5756,479,0,14,0,1913,108,0,28,0,1018,1,0,0,0,383,0,0,42,0,296,647,168,20,0,0,13,0,3,0,0,3,3,0,0
0,7,1,80,11,15,0,0.988483,0.998492,0.994248,71,0,667,100,100,0,0,2,-100,0,-100,100,1,160,1,184,63,0,0,5756,396,0,21,0,1913,178,0,42,0,1018,1,0,22,0,383,0,0,27,0,296,638,108,51,0,0,21,11,4,0,0,4,4,0,0
0,7,2,91,11,15,0,0.999298,1.003401,0.986557,78,1,917,100,100,0,0,2,100,-100,0,-100,1,160,1,94,57,0,0,5756,458,0,19,0,1913,172,0,38,0,1018,1,0,8,0,383,8,0,46,0,296,829,184,35,0,0,0,4,4,0,0,4,4,0,0
0,7,3,89,11,15,0,0.996749,0.992807,0.994808,79,1,917,100,100,0,0,2,-100,100,-100,0,1,160,1,114,60,0,0,5756,436,0,20,0,1913,142,0,40,0,1018,1,0,18,0,383,4,0,42,0,296,785,168,46,0,0,14,9,4,0,0,4,4,0,0
0,8,0,75,14,12,0,0.999614,1.015164,0.996444,67,0,667,100,100,0,0,2,0,-100,100,-100,1,160,9,93,42,0,0,6248,389,0,14,0,1919,122,0,28,0,963,0,0,16,0,467,0,0,15,0,96,647,60,36,0,0,18,8,3,0,0,3,3,0,0
0,8,1,80,14,12,0,0.990479,0.999032,0.994625,73,0,667,100,100,0,0,2,-100,0,-100,100,1,160,9,204,63,0,0,6248,447,0,21,0,1919,199,0,42,0,963,1,0,30,0,467,0,0,14,0,96,636,56,57,0,0,33,15,3,0,0,3,3,0,0
0,8,2,93,14,12,0,1.002427,0.999837,0.984998,80,1,917,100,100,0,0,2,100,-100,0,-100,1,160,9,97,54,0,0,6248,349,0,18,0,1919,190,0,36,0,963,1,0,28,0,467,0,0,26,0,96,891,104,54,0,0,10,14,4,0,0,4,4,0,0
0,8,3,90,14,12,0,0.998545,0.99466,0.995174,80,1,917,100,100,0,0,2,-100,100,-100,0,1,160,9,121,57,0,0,6248,328,0,19,0,1919,161,0,38,0,963,1,0,34,0,467,0,0,26,0,96,892,104,59,0,0,28,17,3,0,0,3,3,0,0
0,9,0,76,7,8,0,0.999968,1.014515,0.995515,68,0,667,100,100,1,1,2,0,-100,100,-100,1,160,41,88,42,0,0,5848,500,0,14,0,1919,136,0,28,0,950,0,0,24,0,448,0,0,9,0,509,639,36,44,0,0,27,12,3,0,0,3,3,0,0
0,9,1,79,7,8,0,0.99216,1.001273,0.992464,74,1,917,97.086405,92.086405,1,1,2,-100,0,-100,100,1,160,41,205,60,0,0,5848,347,0,20,0,1919,219,0,40,0,950,0,0,32,0,448,0,0,24,0,509,609,96,90,0,0,13,16,36,0,0,2,2,0,0
0,9,2,91,7,8,0,1.000936,1.000639,0.984157,83,1,917,100,100,1,1,2,100,-100,0,-100,1,160,41,96,60,0,0,5848,420,0,20,0,1919,210,0,40,0,950,1,0,36,0,448,0,0,24,0,509,889,96,64,0,0,24,18,4,0,0,4,4,0,0
0,9,3,91,7,8,0,0.999605,0.994652,0.996409,82,2,1167,100,100,1,1,2,-100,100,-100,0,1,160,41,123,63,0,0,5848,385,0,21,0,1919,182,0,42,0,950,0,0,32,0,448,0,0,31,0,509,854,124,95,0,0,6,16,38,0,0,4,4,0,0
0,10,0,71,12,23,0,1.007119,1.014821,0.993762,63,0,667,100,100,1,1,2,0,-100,100,-100,1,160,4,84,42,0,0,5927,410,0,14,0,1910,150,0,28,0,1049,0,0,2,0,330,0,0,29,0,238,647,116,22,0,0,25,1,3,0,0,3,3,0,0
0,10,1,78,12,23,0,0.993474,0.999875,0.992349,72,1,917,100,97.086405,1,1,2,-100,0,-100,100,1,160,4,233,63,0,0,5927,382,0,21,0,1910,240,0,42,0,1049,1,0,2,0,330,20,0,34,0,238,775,136,27,0,0,12,1,2,0,0,2,2,0,0
0,10,2,88,12,23,0,1.00382,1.001293,0.987183,81,1,917,100,100,1,1,2,100,-100,0,-100,1,160,4,99,54,0,0,5927,477,0,18,0,1910,228,0,36,0,1049,0,0,12,0,330,1,0,44,0,238,895,176,34,0,0,28,6,2,0,0,2,2,0,0
0,10,3,89,12,23,0,1.001391,0.996357,0.99549,83,2,1167,100,100,1,1,2,-100,100,-100,0,1,160,4,119,57,0,0,5927,431,0,19,0,1910,201,0,38,0,1049,1,0,6,0,330,16,0,44,0,238,1079,176,29,0,0,7,3,2,0,0,2,2,0,0
0,11,0,70,10,14,0,1.010281,1.011717,0.992647,64,0,667,100,100,1,1,2,0,-100,100,-100,1,160,24,78,39,0,0,6256,326,0,13,0,1919,163,0,26,0,902,0,0,0,0,507,0,0,25,0,361,650,100,17,0,0,23,0,2,0,0,2,2,0,0
0,11,1,79,10,14,0,1.002407,1.001509,0.993241,70,2,1167,100,100,1,1,2,-100,0,-100,100,1,160,24,257,63,0,0,6256,427,0,21,0,1919,261,0,42,0,902,1,0,50,0,507,0,0,21,0,361,790,84,109,0,0,1,25,36,0,0,2,2,0,0
0,11,2,85,10,14,0,1.001957,1.003175,0.986976,80,2,1167,100,100,1,1,2,100,-100,0,-100,1,160,24,99,57,0,0,6256,370,0,19,0,1919,247,0,38,0,902,0,0,56,0,507,0,0,2,0,361,806,8,113,0,0,20,28,36,0,0,2,2,0,0
0,11,3,88,10,14,0,1.003042,0.997967,0.99685,82,2,1167,100,100,1,1,2,-100,100,-100,0,1,160,24,123,60,0,0,6256,322,0,20,0,1919,221,0,40,0,902,0,0,56,0,507,0,0,18,0,361,1121,72,80,0,0,33,28,2,0,0,2,2,0,0
0,12,0,72,14,33,0,1.00796,1.013242,0.988755,63,0,667,100,100,1,1,2,0,-100,100,-100,1,160,7,83,39,0,0,5848,443,0,13,0,1916,176,0,26,0,891,1,0,22,0,514,0,0,3,0,251,632,12,39,0,0,32,11,2,0,0,2,2,0,0
0,12,1,73,14,33,0,1.00493,1.00107,0.98993,63,2,1167,100,100,1,1,2,-100,0,-100,100,1,160,7,262,48,0,0,5848,332,0,16,0,1916,277,0,32,0,891,1,0,52,0,514,0,0,4,0,251,893,16,76,0,0,23,26,4,0,0,4,4,0,0
0,12,2,81,14,33,0,1.0017,1.007229,0.985944,75,2,1167,100,100,1,1,2,100,-100,0,-100,1,160,7,90,42,0,0,5848,431,0,14,0,1916,258,0,28,0,891,1,0,48,0,514,0,0,8,0,251,843,32,64,0,0,43,24,1,0,0,1,1,0,0
0,12,3,77,14,33,0,1.006308,0.995968,0.991252,72,3,1417,100,100,1,1,2,-100,100,-100,0,1,160,7,97,33,0,0,5848,399,0,11,0,1916,232,0,22,0,891,0,0,48,0,514,0,0,7,0,251,1082,28,97,0,0,21,24,36,0,0,2,2,0,0
0,13,0,62,9,21,0,1.008399,1.015812,0.993893,56,1,917,100,100,1,1,2,0,-100,100,-100,1,160,14,81,39,0,0,6056,358,0,13,0,1979,189,0,26,0,1013,0,0,14,0,524,0,0,0,0,196,600,0,67,0,0,2,7,37,0,0,3,3,0,0
0,13,1,72,9,21,0,1.00778,0.999658,0.989964,64,2,1167,100,100,1,1,2,-100,0,-100,100,1,160,14,275,54,0,0,6056,401,0,18,0,1979,292,0,36,0,1013,1,0,16,0,524,0,0,0,0,196,898,0,40,0,0,28,8,3,0,0,3,3,0,0
0,13,2,82,9,21,0,1.003187,1.007498,0.982619,73,2,1167,100,100,1,1,2,100,-100,0,-100,1,160,14,84,39,0,0,6056,337,0,13,0,1979,271,0,26,0,1013,1,0,14,0,524,0,0,3,0,196,972,12,33,0,0,47,7,3,0,0,3,3,0,0
0,13,3,75,9,21,0,1.006341,0.997646,0.989594,70,3,1417,100,100,1,1,2,-100,100,-100,0,1,160,14,90,36,0,0,6056,494,0,12,0,1979,244,0,24,0,1013,0,0,16,0,524,0,0,3,0,196,1119,12,32,0,0,27,8,2,0,0,2,2,0,0
0,14,0,64,14,11,0,1.007358,1.013008,0.99162,57,1,917,100,100,1,1,2,0,-100,100,-100,1,160,2,93,36,0,0,5927,448,0,12,0,1982,201,0,24,0,885,0,0,30,0,536,0,0,0,0,248,611,0,46,0,0,15,15,2,0,0,2,2,0,0
0,14,1,72,14,11,0,1.007069,0.997117,0.993433,63,2,1167,100,100,1,1,2,-100,0,-100,100,1,160,2,290,51,0,0,5927,458,0,17,0,1982,309,0,34,0,885,0,0,44,0,536,0,0,0,0,248,887,0,65,0,0,48,22,2,0,0,2,2,0,0
0,14,2,82,14,11,0,1.004533,1.007042,0.981232,75,2,1167,100,100,1,1,2,100,-100,0,-100,1,160,2,77,39,0,0,5927,400,0,13,0,1982,284,0,26,0,885,0,0,54,0,536,0,0,0,0,248,981,0,73,0,0,71,27,3,0,0,3,3,0,0
0,14,3,76,14,11,0,1.007452,0.998668,0.991557,70,3,1417,100,100,1,1,2,-100,100,-100,0,1,160,2,86,33,0,0,5927,408,0,11,0,1982,255,0,22,0,885,1,0,54,0,536,0,0,0,0,248,1200,0,69,0,0,52,27,2,0,0,2,2,0,0
0,15,0,68,13,11,0,1.008144,1.013544,0.990626,58,1,917,100,100,1,1,2,0,-100,100,-100,1,160,4,102,36,0,0,6048,372,0,12,0,1979,213,0,24,0,939,1,0,20,0,479,0,0,11,0,165,767,44,38,0,0,22,10,3,0,0,3,3,0,0
0,15,1,72,13,11,0,1.007889,0.997048,0.994526,62,3,1417,100,100,1,1,2,-100,0,-100,100,1,160,4,304,51,0,0,6048,369,0,17,0,1979,326,0,34,0,939,0,0,36,0,479,0,0,9,0,165,978,36,95,0,0,28,18,38,0,0,4,4,0,0
0,15,2,80,13,11,0,1.004032,1.008486,0.982561,74,3,1417,100,100,1,1,2,100,-100,0,-100,1,160,4,67,36,0,0,6048,474,0,12,0,1979,296,0,24,0,939,0,0,28,0,479,0,0,26,0,165,1082,104,78,0,0,49,14,36,0,0,2,2,0,0
0,15,3,76,13,11,0,1.007389,0.998015,0.990079,69,4,1667,100,100,1,1,2,-100,100,-100,0,1,160,4,87,36,0,0,6048,488,0,12,0,1979,267,0,24,0,939,1,0,48,0,479,0,0,5,0,165,1182,20,98,0,0,40,24,36,0,0,2,2,0,0
0,16,0,67,14,13,0,1.01122,1.014249,0.991684,59,1,917,100,100,1,1,2,0,-100,100,-100,1,160,8,99,36,0,0,6056,476,0,12,0,1985,225,0,24,0,893,1,0,36,0,535,0,0,0,0,139,761,0,54,0,0,37,18,3,0,0,3,3,0,0
0,16,1,70,14,13,0,1.011813,0.996783,0.99523,63,3,1417,100,100,1,1,2,-100,0,-100,100,1,160,8,318,51,0,0,6056,432,0,17,0,1985,343,0,34,0,893,1,0,38,0,535,0,0,0,0,139,971,0,61,0,0,44,19,3,0,0,3,3,0,0
0,16,2,80,14,13,0,1.010974,1.008093,0.983208,73,4,1667,100,100,1,1,2,100,-100,0,-100,1,160,8,65,33,0,0,6056,383,0,11,0,1985,307,0,22,0,893,1,0,46,0,535,0,0,1,0,139,1183,4,93,0,0,37,23,35,0,0,1,1,0,0
0,16,3,80,14,13,0,1.008375,0.994424,0.987418,69,4,1667,100,100,1,1,2,-100,100,-100,0,1,160,8,87,36,0,0,6056,400,0,12,0,1985,279,0,24,0,893,1,0,54,0,535,0,0,0,0,139,1276,0,72,0,0,64,27,3,0,0,3,3,0,0
0,17,0,59,7,37,0,1.017332,1.010394,0.993688,51,2,1167,100,100,1,1,2,0,-100,100,-100,1,160,7,88,24,0,0,6032,401,0,8,0,1979,233,0,16,0,1035,1,0,8,0,392,0,0,26,0,234,869,104,56,0,0,4,4,37,0,0,3,3,0,0
0,17,1,59,7,37,0,1.0176,0.996568,0.993792,55,3,1417,100,100,1,1,2,-100,0,-100,100,1,160,7,309,30,0,0,6032,352,0,10,0,1979,353,0,20,0,1035,1,0,8,0,392,0,0,31,0,234,1193,124,22,0,0,46,4,2,0,0,2,2,0,0
0,17,2,74,7,37,0,1.010571,1.005786,0.986908,67,4,1667,100,100,1,1,2,100,-100,0,-100,1,160,7,51,33,0,0,6032,468,0,11,0,1979,318,0,22,0,1035,1,0,8,0,392,0,0,40,0,234,1372,160,25,0,0,38,4,3,0,0,3,3,0,0
0,17,3,75,7,37,0,1.008368,0.99162,0.991089,66,5,1917,100,100,1,1,2,-100,100,-100,0,1,160,7,73,33,0,0,6032,501,0,11,0,1979,290,0,22,0,1035,1,0,12,0,392,2,0,43,0,234,1440,172,65,0,0,32,6,38,0,0,4,4,0,0
0,18,0,55,6,36,0,1.020742,1.011963,0.994732,47,2,1167,100,100,1,1,2,0,-100,100,-100,1,160,40,83,27,0,0,6256,333,0,9,0,2027,242,0,18,0,928,0,0,10,0,519,0,0,6,0,402,918,24,25,0,0,6,5,3,0,0,3,3,0,0
0,18,1,53,6,36,0,1.018155,0.997873,0.990834,49,4,1667,100,100,1,1,2,-100,0,-100,100,1,160,40,302,27,0,0,6256,428,0,9,0,2027,362,0,18,0,928,0,0,16,0,519,0,0,5,0,402,1197,20,61,0,0,19,8,35,0,0,1,1,0,0
0,18,2,63,6,36,0,1.006291,1.007644,0.982896,60,5,1917,100,100,1,1,2,100,-100,0,-100,1,160,40,45,30,0,0,6256,384,0,10,0,2027,328,0,20,0,928,0,0,16,0,519,0,0,6,0,402,1385,24,64,0,0,10,8,36,0,0,2,2,0,0
0,18,3,66,6,36,0,1.01023,0.994062,0.991904,61,5,1917,100,100,1,1,2,-100,100,-100,0,1,160,40,55,33,0,0,6256,415,0,11,0,2027,301,0,22,0,928,0,0,28,0,519,0,0,2,0,402,1455,8,43,0,0,44,14,2,0,0,2,2,0,0
0,19,0,56,10,14,0,1.024329,1.011452,0.987815,47,2,1167,100,100,1,1,2,0,-100,100,-100,1,160,8,92,33,0,0,6086,435,0,11,0,2015,253,0,22,0,966,0,0,24,0,533,0,0,0,0,200,913,0,41,0,0,15,12,3,0,0,3,3,0,0
0,19,1,51,10,14,0,1.015316,1.000554,0.990629,47,4,1667,100,100,1,1,2,-100,0,-100,100,1,160,8,307,33,0,0,6086,364,0,11,0,2015,373,0,22,0,966,1,0,20,0,533,0,0,0,0,200,1300,0,35,0,0,27,10,2,0,0,2,2,0,0
0,19,2,60,10,14,0,1.003285,1.005,0.983379,58,5,1917,100,100,1,1,2,100,-100,0,-100,1,160,8,54,27,0,0,6086,442,0,9,0,2015,337,0,18,0,966,1,0,30,0,533,0,0,3,0,200,1414,12,39,0,0,25,15,0,0,0,0,0,0,0
0,19,3,66,10,14,0,1.012269,0.987891,0.991355,60,5,1917,100,100,1,1,2,-100,100,-100,0,1,160,8,61,30,0,0,6086,339,0,10,0,2015,311,0,20,0,966,0,0,30,0,533,0,0,0,0,200,1572,0,44,0,0,57,15,2,0,0,2,2,0,0
0,20,0,55,8,8,0,1.025542,1.013174,0.988455,49,2,1167,100,100,1,1,2,0,-100,100,-100,1,160,45,78,30,0,0,6064,369,0,10,0,2018,263,0,20,0,1045,0,0,0,0,470,0,0,21,0,276,1094,84,16,0,0,12,0,3,0,0,3,3,0,0
0,20,1,51,8,8,0,1.017328,1.005012,0.99064,47,4,1667,100,100,1,1,2,-100,0,-100,100,1,160,45,316,33,0,0,6064,438,0,11,0,2018,384,0,22,0,1045,0,0,6,0,470,0,0,18,0,276,1389,72,19,0,0,29,3,1,0,0,1,1,0,0
0,20,2,60,8,8,0,1.001922,0.999597,0.983236,54,5,1917,100,100,1,1,2,100,-100,0,-100,1,160,45,59,33,0,0,6064,371,0,11,0,2018,348,0,22,0,1045,1,0,12,0,470,0,0,12,0,276,1551,48,25,0,0,30,6,1,0,0,1,1,0,0
0,20,3,67,8,8,0,1.011743,0.986565,0.990517,62,6,2167,100,100,1,1,2,-100,100,-100,0,1,160,45,61,30,0,0,6064,463,0,10,0,2018,321,0,20,0,1045,0,0,10,0,470,0,0,15,0,276,1628,60,58,0,0,26,5,36,0,0,2,2,0,0
0,21,0,58,15,16,0,1.031508,1.008375,0.988904,50,2,1167,100,100,1,1,2,0,-100,100,-100,1,160,3,88,30,0,0,6080,488,0,10,0,2009,273,0,20,0,960,1,0,20,0,536,0,0,0,0,202,1099,0,34,0,0,20,10,2,0,0,2,2,0,0
0,21,1,52,15,16,0,1.018475,1.008022,0.994378,45,5,1917,100,100,1,1,2,-100,0,-100,100,1,160,3,337,36,0,0,6080,375,0,12,0,2009,396,0,24,0,960,1,0,26,0,536,0,0,0,0,202,1439,0,76,0,0,6,13,36,0,0,2,2,0,0
0,21,2,63,15,16,0,1.001974,0.994926,0.979778,53,5,1917,100,100,1,1,2,100,-100,0,-100,1,160,3,77,39,0,0,6080,434,0,13,0,2009,361,0,26,0,960,1,0,36,0,536,0,0,0,0,202,1541,0,55,0,0,45,18,3,0,0,3,3,0,0
0,21,3,59,15,16,0,1.012351,0.981784,0.992683,55,6,2167,100,100,1,1,2,-100,100,-100,0,1,160,3,63,30,0,0,6080,386,0,10,0,2009,331,0,20,0,960,0,0,28,0,536,0,0,0,0,202,1744,0,42,0,0,38,14,2,0,0,2,2,0,0
0,22,0,41,12,62,0,1.038854,0.981679,0.98328,30,2,1167,100,100,1,1,2,0,-100,100,-100,1,160,12,78,21,0,0,6112,423,0,7,0,2003,280,0,14,0,1012,0,0,16,0,482,0,0,12,0,299,1154,48,29,0,0,25,8,3,0,0,3,3,0,0
0,22,1,42,12,62,0,1.013032,1.006402,0.991555,37,5,1917,100,100,1,1,2,-100,0,-100,100,1,160,12,346,27,0,0,6112,442,0,9,0,2003,405,0,18,0,1012,0,0,16,0,482,0,0,9,0,299,1464,36,29,0,0,12,8,2,0,0,2,2,0,0
0,22,2,43,12,62,0,1.002948,0.975641,0.962082,34,5,1917,100,100,1,1,2,100,-100,0,-100,1,160,12,88,39,0,0,6112,358,0,13,0,2003,374,0,26,0,1012,0,0,10,0,482,12,0,15,0,299,1619,60,29,0,0,47,5,3,0,0,3,3,0,0
0,22,3,56,12,62,0,1.017502,0.977041,0.988845,51,6,2167,100,100,1,1,2,-100,100,-100,0,1,160,12,67,30,0,0,6112,469,0,10,0,2003,341,0,20,0,1012,1,0,20,0,482,0,0,6,0,299,1775,24,32,0,0,47,10,1,0,0,1,1,0,0
0,23,0,42,16,8,0,1.040573,0.980225,0.978369,31,2,1167,100,100,1,1,2,0,-100,100,-100,1,160,14,94,21,0,0,6328,375,0,7,0,2024,287,0,14,0,1072,0,0,0,0,425,13,0,20,0,174,1152,80,15,0,0,21,0,4,0,0,4,4,0,0
0,23,1,43,16,8,0,1.020377,0.998718,0.98994,37,5,1917,100,100,1,1,2,-100,0,-100,100,1,160,14,358,27,0,0,6328,391,0,9,0,2024,411,0,18,0,1072,0,0,0,0,425,3,0,21,0,174,1673,84,13,0,0,10,0,2,0,0,2,2,0,0
0,23,2,45,16,8,0,1.005763,0.972113,0.963469,34,6,2167,100,100,1,1,2,100,-100,0,-100,1,160,14,126,45,0,0,6328,364,0,15,0,2024,389,0,30,0,1072,0,0,0,0,425,26,0,13,0,174,1628,52,55,0,0,10,0,37,0,0,3,3,0,0
0,23,3,60,16,8,0,1.016903,0.983095,0.98852,51,7,2417,100,100,1,1,2,-100,100,-100,0,1,160,14,79,30,0,0,6328,403,0,10,0,2024,351,0,20,0,1072,1,0,0,0,425,0,0,27,0,174,1990,108,48,0,0,11,0,36,0,0,2,2,0,0
0,24,0,40,7,9,0,1.039534,0.978397,0.974039,30,2,1167,100,100,1,1,2,0,-100,100,-100,1,160,42,97,21,0,0,6240,398,0,7,0,2006,294,0,14,0,967,1,0,30,0,536,0,0,13,0,455,1146,52,45,0,0,32,15,4,0,0,4,4,0,0
0,24,1,44,7,9,0,1.020682,0.997655,0.988555,39,5,1917,100,100,1,1,2,-100,0,-100,100,1,160,42,370,30,0,0,6240,338,0,10,0,2006,418,0,20,0,967,1,0,16,0,536,0,0,3,0,455,1715,12,30,0,0,16,8,2,0,0,2,2,0,0
0,24,2,43,7,9,0,1.008049,0.973732,0.961745,34,6,2167,100,100,1,1,2,100,-100,0,-100,1,160,42,159,48,0,0,6240,359,0,16,0,2006,405,0,32,0,967,9,0,22,0,536,15,0,11,0,455,1631,44,44,0,0,18,11,3,0,0,3,3,0,0
0,24,3,61,7,9,0,1.018514,0.982593,0.987597,52,7,2417,100,100,1,1,2,-100,100,-100,0,1,160,42,88,42,0,0,6240,329,0,14,0,2006,365,0,28,0,967,1,0,26,0,536,0,0,0,0,455,2012,0,48,0,0,20,13,4,0,0,4,4,0,0
0,25,0,45,15,10,0,1.039032,0.979583,0.976122,33,3,1417,100,100,1,1,2,0,-100,100,-100,1,160,19,118,24,0,0,6056,350,0,8,0,2003,302,0,16,0,988,0,0,22,0,495,0,0,15,0,429,1119,60,70,0,0,6,11,37,0,0,3,3,0,0
0,25,1,43,15,10,0,1.025921,0.998492,0.993362,38,5,1917,100,100,1,1,2,-100,0,-100,100,1,160,19,382,27,0,0,6056,413,0,9,0,2003,427,0,18,0,988,1,0,12,0,495,0,0,12,0,429,1759,48,25,0,0,20,6,2,0,0,2,2,0,0
0,25,2,42,15,10,0,1.01248,0.969926,0.953812,33,6,2167,100,100,1,1,2,100,-100,0,-100,1,160,19,196,48,0,0,6056,356,0,16,0,2003,421,0,32,0,988,15,0,18,0,495,8,0,9,0,429,1635,36,38,0,0,25,9,2,0,0,2,2,0,0
0,25,3,63,15,10,0,1.018982,0.980448,0.988189,55,7,2417,100,100,1,1,2,-100,100,-100,0,1,160,19,105,42,0,0,6056,406,0,14,0,2003,379,0,28,0,988,0,0,22,0,495,0,0,12,0,429,2060,48,42,0,0,28,11,3,0,0,3,3,0,0
0,26,0,43,11,18,0,1.040008,0.977842,0.975505,33,3,1417,100,100,1,1,2,0,-100,100,-100,1,160,9,123,24,0,0,6264,377,0,8,0,2012,307,0,16,0,1013,0,0,16,0,500,0,0,14,0,313,1153,56,34,0,0,9,8,5,0,0,5,5,0,0
0,26,1,46,11,18,0,1.029309,0.99213,0.991312,38,5,1917,100,100,1,1,2,-100,0,-100,100,1,160,9,403,30,0,0,6264,360,0,10,0,2012,434,0,20,0,1013,1,0,6,0,500,0,0,8,0,313,1882,32,18,0,0,22,3,1,0,0,1,1,0,0
0,26,2,37,11,18,0,1.016517,0.961397,0.951432,30,6,2167,100,100,1,1,2,100,-100,0,-100,1,160,9,233,42,0,0,6264,356,0,14,0,2012,435,0,28,0,1013,9,0,24,0,500,0,0,8,0,313,1626,32,44,0,0,34,12,3,0,0,3,3,0,0
0,26,3,60,11,18,0,1.019394,0.980209,0.988191,53,7,2417,100,100,1,1,2,-100,100,-100,0,1,160,9,127,42,0,0,6264,329,0,14,0,2012,387,0,28,0,1013,1,0,6,0,500,0,0,14,0,313,2218,56,26,0,0,28,3,3,0,0,3,3,0,0
0,27,0,43,11,12,0,1.036993,0.97389,0.975168,35,3,1417,100,100,1,1,2,0,-100,100,-100,1,160,30,132,27,0,0,6088,325,0,9,0,2015,310,0,18,0,1037,0,0,12,0,446,9,0,18,0,570,1214,72,27,0,0,12,6,3,0,0,3,3,0,0
0,27,1,47,11,12,0,1.030961,0.990333,0.991398,37,5,1917,100,100,1,1,2,-100,0,-100,100,1,160,30,426,36,0,0,6088,430,0,12,0,2015,443,0,24,0,1037,1,0,6,0,446,0,0,18,0,570,1897,72,26,0,0,21,3,4,0,0,4,4,0,0
0,27,2,35,11,12,0,1.013588,0.965802,0.951493,30,6,2167,100,100,1,1,2,100,-100,0,-100,1,160,30,264,39,0,0,6088,354,0,13,0,2015,442,0,26,0,1037,1,0,14,0,446,5,0,13,0,570,1652,52,31,0,0,39,7,2,0,0,2,2,0,0
0,27,3,60,11,12,0,1.017465,0.981091,0.98189,52,7,2417,100,100,1,1,2,-100,100,-100,0,1,160,30,144,42,0,0,6088,391,0,14,0,2015,395,0,28,0,1037,0,0,12,0,446,0,0,18,0,570,2263,72,30,0,0,32,6,2,0,0,2,2,0,0
0,28,0,41,15,8,0,1.037528,0.977847,0.96975,36,3,1417,100,100,1,1,2,0,-100,100,-100,1,160,14,150,27,0,0,6152,337,0,9,0,1997,319,0,18,0,958,4,0,34,0,536,0,0,9,0,503,1220,36,47,0,0,27,17,2,0,0,2,2,0,0
0,28,1,50,15,8,0,1.035572,0.98619,0.985064,40,5,1917,100,100,1,1,2,-100,0,-100,100,1,160,14,448,39,0,0,6152,370,0,13,0,1997,456,0,26,0,958,0,0,24,0,536,0,0,0,0,503,1874,0,43,0,0,30,12,3,0,0,3,3,0,0
0,28,2,39,15,8,0,1.015555,0.969667,0.949147,31,6,2167,100,100,1,1,2,100,-100,0,-100,1,160,14,305,39,0,0,6152,354,0,13,0,1997,455,0,26,0,958,0,0,22,0,536,0,0,5,0,503,1646,20,39,0,0,48,11,2,0,0,2,2,0,0
0,28,3,62,15,8,0,1.018387,0.981862,0.983636,53,8,2667,100,100,1,1,2,-100,100,-100,0,1,160,14,166,42,0,0,6152,453,0,14,0,1997,409,0,28,0,958,0,0,26,0,536,0,0,0,0,503,2210,0,80,0,0,8,13,37,0,0,3,3,0,0
0,29,0,42,6,17,0,1.036417,0.97629,0.969119,36,3,1417,100,100,1,1,2,0,-100,100,-100,1,160,30,162,24,0,0,6128,360,0,8,0,2020,323,0,16,0,1031,0,0,12,0,501,0,0,12,0,475,1256,48,24,0,0,31,6,2,0,0,2,2,0,0
0,29,1,49,6,17,0,1.036986,0.985731,0.984762,41,5,1917,100,100,1,1,2,-100,0,-100,100,1,160,30,464,42,0,0,6128,450,0,14,0,2020,463,0,28,0,1031,0,0,8,0,501,0,0,7,0,475,1877,28,28,0,0,31,4,3,0,0,3,3,0,0
0,29,2,34,6,17,0,1.018347,0.964427,0.943312,29,6,2167,100,100,1,1,2,100,-100,0,-100,1,160,30,335,42,0,0,6128,349,0,14,0,2020,454,0,28,0,1031,0,0,10,0,501,0,0,9,0,475,1662,36,30,0,0,50,5,3,0,0,3,3,0,0
0,29,3,56,6,17,0,1.016084,0.986086,0.984199,50,8,2667,100,100,1,1,2,-100,100,-100,0,1,160,30,172,39,0,0,6128,378,0,13,0,2020,416,0,26,0,1031,1,0,8,0,501,0,0,7,0,475,2299,28,27,0,0,9,4,3,0,0,3,3,0,0
0,30,0,43,16,17,0,1.043554,0.978132,0.971351,35,4,1667,100,100,1,1,2,0,-100,100,-100,1,160,0,175,21,0,0,6144,391,0,7,0,1994,330,0,14,0,957,3,0,36,0,536,0,0,0,0,372,1199,0,81,0,0,13,18,36,0,0,2,2,0,0
0,30,1,48,16,17,0,1.040216,0.982662,0.978755,40,6,2167,100,100,1,1,2,-100,0,-100,100,1,160,0,492,42,0,0,6144,387,0,14,0,1994,477,0,28,0,957,1,0,26,0,536,0,0,0,0,372,1837,0,80,0,0,7,13,37,0,0,3,3,0,0
0,30,2,33,16,17,0,1.028348,0.957983,0.940971,27,6,2167,100,100,1,1,2,100,-100,0,-100,1,160,0,370,36,0,0,6144,351,0,12,0,1994,466,0,24,0,957,1,0,18,0,536,0,0,0,0,372,1639,0,32,0,0,58,9,1,0,0,1,1,0,0
0,30,3,56,16,17,0,1.018323,0.986204,0.986382,48,8,2667,100,100,1,1,2,-100,100,-100,0,1,160,0,195,42,0,0,6144,428,0,14,0,1994,430,0,28,0,957,0,0,22,0,536,0,0,0,0,372,2298,0,40,0,0,18,11,2,0,0,2,2,0,0
0,31,0,43,13,21,1,1.047498,0.976419,0.97709,35,4,1667,100,100,1,1,2,0,-100,100,-100,1,160,28,185,18,0,0,6344,342,0,6,0,2077,327,0,12,0,1072,1,0,2,0,410,16,0,20,0,176,1373,80,12,0,0,12,1,2,0,0,2,2,0,0
0,31,1,45,13,21,1,1.043813,0.980053,0.9782,38,6,2167,100,100,1,1,2,-100,0,-100,100,1,160,28,514,42,0,0,6344,325,0,14,0,2077,464,0,28,0,1072,1,0,0,0,410,8,0,19,0,176,2029,76,18,0,0,5,0,2,0,0,2,2,0,0
0,31,2,31,13,21,1,1.026373,0.959864,0.943542,25,6,2167,100,100,1,1,2,100,-100,0,-100,1,160,28,400,36,0,0,6344,362,0,12,0,2077,451,0,24,0,1072,1,0,0,0,410,15,0,9,0,176,1665,36,16,0,0,56,0,2,0,0,2,2,0,0
0,31,3,53,13,21,1,1.021074,0.983809,0.982432,48,8,2667,100,100,1,1,2,-100,100,-100,0,1,160,28,215,42,0,0,6344,358,0,14,0,2077,430,0,28,0,1072,0,0,0,0,410,0,0,27,0,176,2539,108,16,0,0,17,0,1,0,0,1,1,0,0
0,32,0,43,19,12,0,1.051013,0.973654,0.973623,35,4,1667,100,100,1,1,2,0,-100,100,-100,1,160,6,201,21,0,0,6040,372,0,7,0,1999,334,0,14,0,1015,0,0,22,0,524,0,0,16,0,513,1435,64,35,0,0,20,11,3,0,0,3,3,0,0
0,32,1,47,19,12,0,1.043328,0.973851,0.983052,39,6,2167,100,100,1,1,2,-100,0,-100,100,1,160,6,546,39,0,0,6040,387,0,13,0,1999,474,0,26,0,1015,0,0,16,0,524,0,0,8,0,513,2037,32,33,0,0,11,8,2,0,0,2,2,0,0
0,32,2,33,19,12,0,1.038197,0.959914,0.943895,23,6,2167,100,100,1,1,2,100,-100,0,-100,1,160,6,439,36,0,0,6040,367,0,12,0,1999,463,0,24,0,1015,1,0,6,0,524,7,0,8,0,513,1681,32,22,0,0,57,3,2,0,0,2,2,0,0
0,32,3,56,19,12,0,1.026574,0.981622,0.980123,45,8,2667,100,100,1,1,2,-100,100,-100,0,1,160,6,247,48,0,0,6040,393,0,16,0,1999,444,0,32,0,1015,1,0,14,0,524,0,0,6,0,513,2565,24,34,0,0,22,7,2,0,0,2,2,0,0
0,33,0,47,17,9,0,1.051374,0.971968,0.973558,35,4,1667,100,100,2,2,2,0,-100,100,-100,1,160,9,220,24,0,0,6328,393,0,8,0,1994,342,0,16,0,1049,0,0,6,0,444,10,0,19,0,274,1521,76,20,0,0,20,3,3,0,0,3,3,0,0
0,33,1,47,17,9,0,1.048325,0.970403,0.982286,39,6,2167,96.964268,91.964268,2,2,2,-100,0,-100,100,1,160,9,575,42,0,0,6328,326,0,14,0,1994,488,0,28,0,1049,1,0,6,0,444,9,0,19,0,274,2147,76,26,0,0,11,3,3,0,0,3,3,0,0
0,33,2,36,17,9,0,1.039182,0.956173,0.949662,24,6,2167,100,100,2,2,2,100,-100,0,-100,1,160,9,478,39,0,0,6328,321,0,13,0,1994,473,0,26,0,1049,0,0,8,0,444,9,0,12,0,274,1783,48,27,0,0,58,4,3,0,0,3,3,0,0
0,33,3,57,17,9,0,1.025577,0.986514,0.976133,44,8,2667,100,100,2,2,2,-100,100,-100,0,1,160,9,273,48,0,0,6328,321,0,16,0,1994,460,0,32,0,1049,0,0,4,0,444,0,0,15,0,274,2641,60,30,0,0,19,2,5,0,0,5,5,0,0
0,34,0,48,15,11,0,1.05274,0.972048,0.971508,35,4,1667,100,100,2,2,2,0,-100,100,-100,1,160,16,243,33,0,0,6072,335,0,11,0,2031,340,0,22,0,1027,1,0,18,0,478,7,0,19,0,417,1648,76,37,0,0,25,9,4,0,0,4,4,0,0
0,34,1,49,15,11,0,1.051639,0.969012,0.982196,40,6,2167,100,96.964268,2,2,2,-100,0,-100,100,1,160,16,610,45,0,0,6072,384,0,15,0,2031,488,0,30,0,1027,1,0,12,0,478,4,0,20,0,417,2146,80,33,0,0,14,6,3,0,0,3,3,0,0
0,34,2,37,15,11,0,1.037695,0.950709,0.949115,24,6,2167,100,100,2,2,2,100,-100,0,-100,1,160,16,509,33,0,0,6072,370,0,11,0,2031,475,0,22,0,1027,0,0,6,0,478,6,0,15,0,417,1829,60,23,0,0,58,3,3,0,0,3,3,0,0
0,34,3,57,15,11,0,1.026284,0.987652,0.978255,48,8,2667,100,100,2,2,2,-100,100,-100,0,1,160,16,297,51,0,0,6072,359,0,17,0,2031,459,0,34,0,1027,1,0,4,0,478,0,0,12,0,417,2642,48,29,0,0,17,2,4,0,0,4,4,0,0
0,35,0,49,14,5,0,1.055304,0.973668,0.970789,38,4,1667,100,100,2,2,2,0,-100,100,-100,1,160,20,265,36,0,0,6104,363,0,12,0,1973,352,0,24,0,1072,1,0,0,0,421,25,0,21,0,378,1645,84,22,0,0,20,0,5,0,0,5,5,0,0
0,35,1,51,14,5,0,1.051411,0.965223,0.981011,41,6,2167,100,100,2,2,2,-100,0,-100,100,1,160,20,642,48,0,0,6104,319,0,16,0,1973,504,0,32,0,1072,1,0,0,0,421,13,0,21,0,378,2145,84,22,0,0,11,0,3,0,0,3,3,0,0
0,35,2,41,14,5,0,1.047754,0.948092,0.953462,27,7,2417,100,100,2,2,2,100,-100,0,-100,1,160,20,542,36,0,0,6104,417,0,12,0,1973,487,0,24,0,1072,0,0,0,0,421,10,0,17,0,378,1855,68,54,0,0,20,0,38,0,0,4,4,0,0
0,35,3,59,14,5,0,1.028245,0.987779,0.976892,50,8,2667,100,100,2,2,2,-100,100,-100,0,1,160,20,322,51,0,0,6104,397,0,17,0,1973,476,0,34,0,1072,1,0,0,0,421,0,0,25,0,378,2644,100,23,0,0,14,0,3,0,0,3,3,0,0
0,36,0,50,13,11,0,1.057717,0.976323,0.967141,41,5,1917,100,100,2,2,2,0,-100,100,-100,1,160,8,285,33,0,0,6176,391,0,11,0,1976,363,0,22,0,970,1,0,36,0,530,4,0,21,0,269,1616,84,87,0,0,1,18,37,0,0,3,3,0,0
0,36,1,54,13,11,0,1.056522,0.96216,0.978824,42,6,2167,100,100,2,2,2,-100,0,-100,100,1,160,8,679,48,0,0,6176,372,0,16,0,1976,517,0,32,0,970,0,0,28,0,530,0,0,13,0,269,2139,52,52,0,0,21,14,4,0,0,4,4,0,0
0,36,2,39,13,11,0,1.044928,0.951301,0.953787,28,7,2417,100,100,2,2,2,100,-100,0,-100,1,160,8,567,36,0,0,6176,364,0,12,0,1976,499,0,24,0,970,1,0,20,0,530,0,0,10,0,269,1978,40,38,0,0,27,10,3,0,0,3,3,0,0
0,36,3,59,13,11,0,1.033883,0.987931,0.977118,51,8,2667,100,100,2,2,2,-100,100,-100,0,1,160,8,342,45,0,0,6176,323,0,15,0,1976,491,0,30,0,970,1,0,18,0,530,0,0,6,0,269,2638,24,39,0,0,20,9,3,0,0,3,3,0,0
0,37,0,55,14,6,0,1.056399,0.975917,0.966245,44,5,1917,100,100,2,2,2,0,-100,100,-100,1,160,3,311,36,0,0,6040,329,0,12,0,1979,372,0,24,0,1000,1,0,30,0,536,0,0,4,0,433,1664,16,48,0,0,13,15,3,0,0,3,3,0,0
0,37,1,52,14,6,0,1.060221,0.960611,0.974141,42,6,2167,100,100,2,2,2,-100,0,-100,100,1,160,3,713,51,0,0,6040,413,0,17,0,1979,534,0,34,0,1000,1,0,14,0,536,0,0,0,0,433,2128,0,39,0,0,24,7,4,0,0,4,4,0,0
0,37,2,41,14,6,0,1.046342,0.955008,0.952778,30,7,2417,100,100,2,2,2,100,-100,0,-100,1,160,3,596,33,0,0,6040,434,0,11,0,1979,510,0,22,0,1000,1,0,6,0,536,0,0,0,0,433,1965,0,25,0,0,26,3,4,0,0,4,4,0,0
0,37,3,62,14,6,0,1.033659,0.987251,0.976769,54,8,2667,100,100,2,2,2,-100,100,-100,0,1,160,3,367,45,0,0,6040,377,0,15,0,1979,506,0,30,0,1000,0,0,16,0,536,0,0,0,0,433,2630,0,37,0,0,25,8,3,0,0,3,3,0,0
0,38,0,55,11,17,0,1.061726,0.975541,0.963434,44,5,1917,100,100,2,2,2,0,-100,100,-100,1,160,21,331,39,0,0,6176,357,0,13,0,1970,385,0,26,0,989,0,0,40,0,503,0,0,3,0,280,1651,12,61,0,0,29,20,4,0,0,4,4,0,0
0,38,1,49,11,17,0,1.060164,0.959809,0.972422,42,6,2167,100,100,2,2,2,-100,0,-100,100,1,160,21,744,51,0,0,6176,344,0,17,0,1970,551,0,34,0,989,1,0,6,0,503,0,0,6,0,280,2144,24,29,0,0,24,3,3,0,0,3,3,0,0
0,38,2,41,11,17,0,1.047426,0.955862,0.954638,32,7,2417,100,100,2,2,2,100,-100,0,-100,1,160,21,622,39,0,0,6176,380,0,13,0,1970,523,0,26,0,989,0,0,10,0,503,0,0,6,0,280,2073,24,31,0,0,27,5,4,0,0,4,4,0,0
0,38,3,59,11,17,0,1.03465,0.989646,0.977412,52,8,2667,100,100,2,2,2,-100,100,-100,0,1,160,21,386,45,0,0,6176,428,0,15,0,1970,521,0,30,0,989,0,0,26,0,503,0,0,3,0,280,2626,12,45,0,0,36,13,2,0,0,2,2,0,0
0,39,0,51,12,14,0,1.061106,0.973651,0.967952,42,5,1917,100,100,2,2,2,0,-100,100,-100,1,160,17,348,39,0,0,6200,377,0,13,0,1970,398,0,26,0,962,1,0,40,0,536,0,0,0,0,327,1623,0,61,0,0,45,20,4,0,0,4,4,0,0
0,39,1,50,12,14,0,1.060053,0.962826,0.975006,42,6,2167,100,100,2,2,2,-100,0,-100,100,1,160,17,784,54,0,0,6200,381,0,18,0,1970,569,0,36,0,962,1,0,18,0,536,0,0,0,0,327,2127,0,40,0,0,31,9,2,0,0,2,2,0,0
0,39,2,43,12,14,0,1.052976,0.953944,0.956398,35,7,2417,100,100,2,2,2,100,-100,0,-100,1,160,17,651,39,0,0,6200,326,0,13,0,1970,533,0,26,0,962,0,0,18,0,536,0,0,0,0,327,2136,0,37,0,0,33,9,3,0,0,3,3,0,0
0,39,3,58,12,14,0,1.037732,0.988829,0.975751,51,8,2667,100,100,2,2,2,-100,100,-100,0,1,160,17,406,42,0,0,6200,355,0,14,0,1970,535,0,28,0,962,0,0,30,0,536,0,0,0,0,327,2619,0,48,0,0,49,15,2,0,0,2,2,0,0
0,40,0,51,7,9,0,1.059822,0.9732,0.964843,44,5,1917,100,100,2,2,2,0,-100,100,-100,1,160,22,370,42,0,0,5928,400,0,14,0,1973,412,0,28,0,998,1,0,24,0,536,0,0,0,0,480,1612,0,44,0,0,54,12,3,0,0,3,3,0,0
0,40,1,50,7,9,0,1.063083,0.961144,0.976448,42,7,2417,100,100,2,2,2,-100,0,-100,100,1,160,22,816,54,0,0,5928,417,0,18,0,1973,581,0,36,0,998,0,0,14,0,536,0,0,0,0,480,2085,0,72,0,0,1,7,37,0,0,3,3,0,0
0,40,2,42,7,9,0,1.049386,0.953791,0.958893,37,8,2667,100,100,2,2,2,100,-100,0,-100,1,160,22,681,39,0,0,5928,398,0,13,0,1973,543,0,26,0,998,0,0,18,0,536,0,0,0,0,480,2085,0,69,0,0,6,9,36,0,0,2,2,0,0
0,40,3,57,7,9,0,1.036654,0.988669,0.975718,50,8,2667,100,100,2,2,2,-100,100,-100,0,1,160,22,421,42,0,0,5928,411,0,14,0,1973,549,0,28,0,998,1,0,18,0,536,0,0,0,0,480,2620,0,38,0,0,55,9,3,0,0,3,3,0,0
2,1,0,100,10,17,0,0.997321,1.006769,1.002202,0,0,667,100,100,0,0,2,0,-100,-100,100,1,160,0,107,72,0,0,5600,402,0,24,0,1856,124,0,48,0,964,1,0,94,0,500,9,0,49,0,300,253,196,152,0,0,30,47,17,0,0,17,17,0,0
2,1,1,97,10,17,0,0.998688,1.006502,1.002312,0,0,667,100,100,0,0,2,-100,0,100,-100,1,160,0,106,69,0,0,5600,411,0,23,0,1856,123,0,46,0,964,0,0,90,0,500,9,0,49,0,300,255,196,147,0,0,28,45,17,0,0,17,17,0,0
2,1,2,99,10,17,0,0.996289,1.00639,1.002548,0,0,667,100,100,0,0,2,-100,100,0,-100,1,160,0,112,72,0,0,5600,410,0,24,0,1856,124,0,48,0,964,2,0,98,0,500,5,0,49,0,300,246,196,156,0,0,32,49,17,0,0,17,17,0,0
2,1,3,97,10,17,0,0.995967,1.005024,1.004344,0,0,667,100,100,0,0,2,100,-100,-100,0,1,160,0,112,72,0,0,5600,394,0,24,0,1856,124,0,48,0,964,0,0,88,0,500,12,0,48,0,300,255,192,146,0,0,27,44,17,0,0,17,17,0,0
2,2,0,102,16,13,0,0.999113,1.006385,1.000466,16,0,667,100,100,0,0,2,0,-100,-100,100,1,160,3,119,78,0,0,5632,460,0,26,0,1844,150,0,52,0,966,1,0,30,0,518,0,0,15,0,312,295,60,90,0,0,28,15,17,0,0,17,17,0,0
2,2,1,98,16,13,0,0.998176,1.003022,1.001856,14,0,667,100,100,0,0,2,-100,0,100,-100,1,160,3,122,75,0,0,5632,465,0,25,0,1844,148,0,50,0,966,0,0,20,0,518,0,0,12,0,312,293,48,79,0,0,21,10,17,0,0,17,17,0,0
2,2,2,100,16,13,0,0.995177,1.006951,1.003855,15,0,667,100,100,0,0,2,-100,100,0,-100,1,160,3,126,75,0,0,5632,478,0,25,0,1844,149,0,50,0,966,1,0,30,0,518,0,0,9,0,312,265,36,89,0,0,30,15,17,0,0,17,17,0,0
2,2,3,96,16,13,0,0.996297,1.004537,1.005907,15,0,667,100,100,0,0,2,100,-100,-100,0,1,160,3,128,72,0,0,5632,449,0,24,0,1844,148,0,48,0,966,1,0,26,0,518,0,0,17,0,312,311,68,84,0,0,23,13,17,0,0,17,17,0,0
2,3,0,101,16,21,1,1.000005,1.006728,1.001119,31,0,667,100,100,0,0,2,0,-100,-100,100,1,160,8,120,66,0,0,6400,336,0,22,0,1856,163,0,44,0,922,0,0,40,0,424,0,0,29,0,0,465,116,96,0,0,31,20,17,0,0,17,17,0,0
2,3,1,96,16,21,1,0.999805,1.00199,1.003314,29,0,667,100,100,0,0,2,-100,0,100,-100,1,160,8,130,72,0,0,6400,343,0,24,0,1856,169,0,48,0,922,1,0,38,0,424,0,0,25,0,0,444,100,96,0,0,23,19,17,0,0,17,17,0,0
2,3,2,94,16,21,1,0.995792,1.010575,1.005509,32,0,667,100,100,0,0,2,-100,100,0,-100,1,160,8,129,69,0,0,6400,355,0,23,0,1856,169,0,46,0,922,0,0,34,0,424,0,0,30,0,0,428,120,91,0,0,30,17,17,0,0,17,17,0,0
2,3,3,100,16,21,1,0.996579,1.001572,1.004274,30,0,667,100,100,0,0,2,100,-100,-100,0,1,160,8,135,66,0,0,6400,331,0,22,0,1856,170,0,44,0,922,1,0,36,0,424,0,0,28,0,0,481,112,92,0,0,24,18,17,0,0,17,17,0,0
2,4,0,100,14,28,0,0.998022,1.008581,1.001277,44,0,667,100,100,0,0,2,0,-100,-100,100,1,160,3,118,63,0,0,5648,398,0,21,0,1865,184,0,42,0,932,1,0,36,0,407,0,0,30,0,300,578,120,91,0,0,32,18,17,0,0,17,17,0,0
2,4,1,94,14,28,0,1.00277,0.999916,1.001286,44,0,667,100,100,0,0,2,-100,0,100,-100,1,160,3,143,75,0,0,5648,382,0,25,0,1865,194,0,50,0,932,0,0,40,0,407,0,0,27,0,300,522,108,99,0,0,26,20,17,0,0,17,17,0,0
2,4,2,88,14,28,0,0.995159,1.014326,1.000349,48,0,667,100,100,0,0,2,-100,100,0,-100,1,160,3,140,69,0,0,5648,414,0,23,0,1865,189,0,46,0,932,0,0,30,0,407,0,0,18,0,300,476,72,87,0,0,28,15,17,0,0,17,17,0,0
2,4,3,95,14,28,0,0.997582,1.001725,0.999958,46,0,667,100,100,0,0,2,100,-100,-100,0,1,160,3,140,72,0,0,5648,415,0,24,0,1865,194,0,48,0,932,0,0,30,0,407,0,0,30,0,300,579,120,88,0,0,22,15,17,0,0,17,17,0,0
2,5,0,91,14,50,0,0.994859,1.006576,0.997962,53,0,667,100,100,0,0,2,0,-100,-100,100,1,160,0,114,63,0,0,5672,453,0,21,0,1873,205,0,42,0,844,0,0,48,0,536,0,0,0,0,306,559,0,103,0,0,39,24,17,0,0,17,17,0,0
2,5,1,81,14,50,0,0.99894,0.995679,0.994247,51,0,667,100,100,0,0,2,-100,0,100,-100,1,160,0,161,75,0,0,5672,415,0,25,0,1873,218,0,50,0,844,1,0,32,0,536,0,0,0,0,306,500,0,85,0,0,28,16,14,0,0,14,14,0,0
2,5,2,82,14,50,0,0.99643,1.008474,0.99539,58,0,667,100,100,0,0,2,-100,100,0,-100,1,160,0,152,66,0,0,5672,488,0,22,0,1873,208,0,44,0,844,1,0,26,0,536,0,0,0,0,306,474,0,68,0,0,31,13,10,0,0,10,10,0,0
2,5,3,87,14,50,0,0.99697,0.999032,0.99711,55,0,667,100,100,0,0,2,100,-100,-100,0,1,160,0,151,72,0,0,5672,504,0,24,0,1873,214,0,48,0,844,0,0,30,0,536,0,0,0,0,306,561,0,84,0,0,22,15,15,0,0,15,15,0,0
2,6,0,78,15,42,0,0.990889,1.006818,0.994288,62,0,667,100,100,0,0,2,0,-100,-100,100,1,160,10,114,63,0,0,6400,341,0,21,0,1859,226,0,42,0,1065,0,0,0,0,384,13,0,37,0,0,632,148,35,0,0,32,0,7,0,0,7,7,0,0
2,6,1,70,15,42,0,0.998455,0.996048,0.989226,51,0,667,100,100,0,0,2,-100,0,100,-100,1,160,10,201,81,0,0,6400,307,0,27,0,1859,242,0,54,0,1065,1,0,0,0,384,9,0,27,0,0,624,108,43,0,0,20,0,8,0,0,8,8,0,0
2,6,2,79,15,42,0,1.000378,1.007495,0.998321,62,0,667,100,100,0,0,2,-100,100,0,-100,1,160,10,172,69,0,0,6400,383,0,23,0,1859,231,0,46,0,1065,1,0,0,0,384,0,0,33,0,0,630,132,37,0,0,24,0,7,0,0,7,7,0,0
2,6,3,87,15,42,0,1.000363,0.998725,0.992397,67,0,667,100,100,0,0,2,100,-100,-100,0,1,160,10,168,72,0,0,6400,393,0,24,0,1859,238,0,48,0,1065,0,0,0,0,384,0,0,33,0,0,627,132,40,0,0,14,0,8,0,0,8,8,0,0
2,7,0,79,16,14,0,0.991761,1.004801,0.997103,66,1,917,100,100,0,0,2,0,-100,-100,100,1,160,6,136,63,0,0,5712,386,0,21,0,1869,239,0,42,0,970,1,0,32,0,536,0,0,13,0,393,594,52,97,0,0,9,16,39,0,0,5,5,0,0
2,7,1,72,16,14,0,1.001262,0.991391,0.987922,56,0,667,100,100,0,0,2,-100,0,100,-100,1,160,6,251,81,0,0,5712,346,0,27,0,1869,266,0,54,0,970,0,0,26,0,536,0,0,9,0,393,618,36,65,0,0,27,13,6,0,0,6,6,0,0
2,7,2,78,16,14,0,1.00084,1.009198,0.995999,66,0,667,100,100,0,0,2,-100,100,0,-100,1,160,6,195,66,0,0,5712,466,0,22,0,1869,248,0,44,0,970,0,0,22,0,536,0,0,0,0,393,613,0,54,0,0,30,11,5,0,0,5,5,0,0
2,7,3,87,16,14,0,1.002181,0.999132,0.991011,71,0,667,100,100,0,0,2,100,-100,-100,0,1,160,6,196,75,0,0,5712,481,0,25,0,1869,263,0,50,0,970,1,0,22,0,536,0,0,0,0,393,608,0,59,0,0,19,11,6,0,0,6,6,0,0
2,8,0,73,14,32,0,0.989671,1.00311,0.995869,66,1,917,100,100,0,0,2,0,-100,-100,100,1,160,10,159,69,0,0,6112,404,0,23,0,1847,262,0,46,0,1042,1,0,10,0,399,4,0,31,0,203,724,124,39,0,0,11,5,3,0,0,3,3,0,0
2,8,1,72,14,32,0,1.002138,0.989951,0.9873,61,0,667,100,100,0,0,2,-100,0,100,-100,1,160,10,295,81,0,0,6112,391,0,27,0,1847,293,0,54,0,1042,1,0,4,0,399,10,0,28,0,203,630,112,41,0,0,24,2,5,0,0,5,5,0,0
2,8,2,78,14,32,0,1.002025,1.005735,0.995471,66,0,667,100,100,0,0,2,-100,100,0,-100,1,160,10,209,63,0,0,6112,367,0,21,0,1847,269,0,42,0,1042,0,0,8,0,399,0,0,29,0,203,638,116,37,0,0,30,4,4,0,0,4,4,0,0
2,8,3,75,14,32,0,1.011101,0.993865,0.991564,60,0,667,100,100,0,0,2,100,-100,-100,0,1,160,10,217,75,0,0,6112,369,0,25,0,1847,288,0,50,0,1042,0,0,8,0,399,0,0,32,0,203,632,128,43,0,0,18,4,5,0,0,5,5,0,0
2,9,0,73,19,17,0,0.991861,1.000595,0.996758,64,1,917,100,100,0,0,2,0,-100,-100,100,1,160,7,186,69,0,0,5832,420,0,23,0,1919,271,0,46,0,1003,1,0,24,0,478,0,0,4,0,426,737,16,51,0,0,21,12,2,0,0,2,2,0,0
2,9,1,74,19,17,0,1.007972,0.986197,0.984339,63,0,667,100,100,0,0,2,-100,0,100,-100,1,160,7,340,81,0,0,5832,436,0,27,0,1919,294,0,54,0,1003,1,0,24,0,478,0,0,11,0,426,630,44,57,0,0,33,12,3,0,0,3,3,0,0
2,9,2,78,19,17,0,1.00244,0.997995,0.99527,65,0,667,100,100,0,0,2,-100,100,0,-100,1,160,7,237,63,0,0,5832,420,0,21,0,1919,276,0,42,0,1003,0,0,10,0,478,0,0,27,0,426,638,108,39,0,0,31,5,4,0,0,4,4,0,0
2,9,3,75,19,17,0,1.016547,0.991843,0.99096,62,0,667,100,100,0,0,2,100,-100,-100,0,1,160,7,253,72,0,0,5832,382,0,24,0,1919,303,0,48,0,1003,1,0,6,0,478,0,0,30,0,426,633,120,40,0,0,16,3,5,0,0,5,5,0,0
2,10,0,73,14,23,2,0.994765,0.995907,0.996859,63,1,917,100,100,0,0,2,0,-100,-100,100,1,160,0,219,69,0,0,6298,324,0,23,0,1853,294,0,46,0,968,0,0,22,0,467,0,0,27,0,72,888,108,51,0,0,29,11,3,0,0,3,3,0,0
2,10,1,70,14,23,2,1.014285,0.986526,0.980647,60,1,917,100,100,0,0,2,-100,0,100,-100,1,160,0,386,84,0,0,6298,334,0,28,0,1853,319,0,56,0,968,1,0,18,0,467,0,0,18,0,72,599,72,86,0,0,5,9,37,0,0,3,3,0,0
2,10,2,74,14,23,2,1.003962,0.996261,0.998332,62,1,917,100,100,0,0,2,-100,100,0,-100,1,160,0,265,63,0,0,6298,321,0,21,0,1853,297,0,42,0,968,0,0,16,0,467,0,0,9,0,72,602,36,81,0,0,0,8,39,0,0,5,5,0,0
2,10,3,74,14,23,2,1.015341,0.991511,0.989505,65,0,667,100,100,0,0,2,100,-100,-100,0,1,160,0,288,72,0,0,6298,377,0,24,0,1853,327,0,48,0,968,0,0,20,0,467,0,0,15,0,72,637,60,50,0,0,23,10,3,0,0,3,3,0,0
2,11,0,71,15,18,0,0.994248,0.997251,0.996036,62,1,917,100,100,0,0,2,0,-100,-100,100,1,160,0,258,72,0,0,5921,331,0,24,0,1853,318,0,48,0,1067,0,0,0,0,406,5,0,31,0,341,887,124,30,0,0,26,0,3,0,0,3,3,0,0
2,11,1,69,15,18,0,1.019879,0.982056,0.98512,59,1,917,100,100,0,0,2,-100,0,100,-100,1,160,0,437,84,0,0,5921,357,0,28,0,1853,344,0,56,0,1067,0,0,2,0,406,0,0,23,0,341,700,92,36,0,0,3,1,3,0,0,3,3,0,0
2,11,2,71,15,18,0,1.002962,0.996882,0.997131,62,1,917,100,100,0,0,2,-100,100,0,-100,1,160,0,295,66,0,0,5921,349,0,22,0,1853,319,0,44,0,1067,1,0,2,0,406,0,0,21,0,341,729,84,26,0,0,0,1,1,0,0,1,1,0,0
2,11,3,77,15,18,0,1.016329,0.989203,0.989203,66,0,667,100,100,0,0,2,100,-100,-100,0,1,160,0,328,75,0,0,5921,373,0,25,0,1853,349,0,50,0,1067,1,0,0,0,406,1,0,34,0,341,636,136,31,0,0,20,0,3,0,0,3,3,0,0
2,12,0,75,17,13,0,0.996301,0.995581,0.995068,64,2,1167,100,100,0,0,2,0,-100,-100,100,1,160,2,289,72,0,0,5896,356,0,24,0,1841,342,0,48,0,940,1,0,38,0,521,0,0,5,0,527,819,20,102,0,0,8,19,37,0,0,3,3,0,0
2,12,1,68,17,13,0,1.020742,0.974197,0.983477,58,1,917,100,100,0,0,2,-100,0,100,-100,1,160,2,481,81,0,0,5896,405,0,27,0,1841,371,0,54,0,940,1,0,26,0,521,0,0,6,0,527,675,24,61,0,0,12,13,4,0,0,4,4,0,0
2,12,2,74,17,13,0,1.001832,0.996025,0.996452,61,1,917,100,100,0,0,2,-100,100,0,-100,1,160,2,321,63,0,0,5896,385,0,21,0,1841,340,0,42,0,940,1,0,24,0,521,0,0,9,0,527,736,36,53,0,0,8,12,4,0,0,4,4,0,0
2,12,3,75,17,13,0,1.020776,0.985202,0.988745,65,1,917,100,100,0,0,2,100,-100,-100,0,1,160,2,368,78,0,0,5896,374,0,26,0,1841,375,0,52,0,940,1,0,36,0,521,0,0,1,0,527,559,4,104,0,0,0,18,38,0,0,4,4,0,0
2,13,0,72,11,29,0,0.993499,0.991806,0.993639,62,2,1167,100,100,0,0,2,0,-100,-100,100,1,160,3,328,78,0,0,6024,375,0,26,0,1844,368,0,52,0,986,0,0,14,0,533,0,0,0,0,391,824,0,46,0,0,12,7,3,0,0,3,3,0,0
2,13,1,62,11,29,0,1.019486,0.974802,0.983671,57,1,917,100,100,0,0,2,-100,0,100,-100,1,160,3,522,81,0,0,6024,310,0,27,0,1844,398,0,54,0,986,1,0,14,0,533,0,0,0,0,391,688,0,45,0,0,17,7,2,0,0,2,2,0,0
2,13,2,72,11,29,0,0.999676,0.993694,0.99507,60,1,917,100,100,0,0,2,-100,100,0,-100,1,160,3,350,66,0,0,6024,433,0,22,0,1844,359,0,44,0,986,0,0,18,0,533,0,0,2,0,391,744,8,50,0,0,12,9,5,0,0,5,5,0,0
2,13,3,68,11,29,0,1.022819,0.980789,0.98636,60,1,917,100,100,0,0,2,100,-100,-100,0,1,160,3,404,75,0,0,6024,378,0,25,0,1844,400,0,50,0,986,0,0,14,0,533,0,0,1,0,391,568,4,45,0,0,4,7,3,0,0,3,3,0,0
2,14,0,71,7,10,0,0.995723,0.990791,0.99431,62,2,1167,100,100,0,0,2,0,-100,-100,100,1,160,31,371,81,0,0,6024,396,0,27,0,2114,320,0,54,0,1013,1,0,12,0,502,0,0,11,0,420,868,44,47,0,0,14,6,4,0,0,4,4,0,0
2,14,1,58,7,10,0,1.01618,0.97425,0.985714,54,1,917,100,100,0,0,2,-100,0,100,-100,1,160,31,576,81,0,0,6024,333,0,27,0,2114,350,0,54,0,1013,1,0,14,0,502,0,0,4,0,420,689,16,45,0,0,22,7,2,0,0,2,2,0,0
2,14,2,73,7,10,0,1.000076,0.992518,0.994679,64,1,917,100,100,0,0,2,-100,100,0,-100,1,160,31,369,72,0,0,6024,337,0,24,0,2114,320,0,48,0,1013,0,0,18,0,502,0,0,9,0,420,780,36,50,0,0,17,9,4,0,0,4,4,0,0
2,14,3,69,7,10,0,1.024293,0.981518,0.984319,62,1,917,100,100,0,0,2,100,-100,-100,0,1,160,31,441,75,0,0,6024,389,0,25,0,2114,359,0,50,0,1013,0,0,14,0,502,0,0,10,0,420,613,40,45,0,0,8,7,3,0,0,3,3,0,0
2,15,0,77,15,12,0,0.996407,0.987447,0.99519,66,2,1167,100,100,0,0,2,0,-100,-100,100,1,160,8,421,81,0,0,5920,418,0,27,0,1844,347,0,54,0,1015,0,0,16,0,527,0,0,1,0,515,850,4,49,0,0,19,8,3,0,0,3,3,0,0
2,15,1,55,15,12,0,1.020479,0.972284,0.986894,50,1,917,100,100,0,0,2,-100,0,100,-100,1,160,8,627,72,0,0,5920,347,0,24,0,1844,374,0,48,0,1015,0,0,12,0,527,0,0,0,0,515,662,0,38,0,0,27,6,1,0,0,1,1,0,0
2,15,2,73,15,12,0,1.004979,0.99165,0.994839,65,1,917,100,100,0,0,2,-100,100,0,-100,1,160,8,389,66,0,0,5920,386,0,22,0,1844,342,0,44,0,1015,0,0,18,0,527,0,0,5,0,515,776,20,46,0,0,23,9,3,0,0,3,3,0,0
2,15,3,69,15,12,0,1.024578,0.980963,0.979616,62,1,917,100,100,0,0,2,100,-100,-100,0,1,160,8,480,72,0,0,5920,392,0,24,0,1844,383,0,48,0,1015,1,0,12,0,527,0,0,3,0,515,610,12,40,0,0,12,6,2,0,0,2,2,0,0
2,16,0,78,17,26,0,1.000659,0.982829,0.99485,64,2,1167,100,100,0,0,2,0,-100,-100,100,1,160,0,472,87,0,0,6056,312,0,29,0,1838,376,0,58,0,1036,1,0,8,0,479,0,0,12,0,425,946,48,45,0,0,19,4,4,0,0,4,4,0,0
2,16,1,58,17,26,0,1.022592,0.965061,0.989327,49,1,917,100,100,0,0,2,-100,0,100,-100,1,160,0,685,78,0,0,6056,362,0,26,0,1838,394,0,52,0,1036,1,0,2,0,479,0,0,15,0,425,702,60,32,0,0,26,1,2,0,0,2,2,0,0
2,16,2,67,17,26,0,1.001371,0.987926,0.996327,60,1,917,100,100,0,0,2,-100,100,0,-100,1,160,0,418,69,0,0,6056,418,0,23,0,1838,365,0,46,0,1036,0,0,12,0,479,0,0,18,0,425,831,72,41,0,0,26,6,3,0,0,3,3,0,0
2,16,3,62,17,26,0,1.023193,0.983817,0.971918,53,1,917,100,100,0,0,2,100,-100,-100,0,1,160,0,530,75,0,0,6056,394,0,25,0,1838,408,0,50,0,1036,1,0,12,0,479,0,0,12,0,425,648,48,43,0,0,15,6,3,0,0,3,3,0,0
2,17,0,80,11,17,0,1.001079,0.980577,0.994422,67,2,1167,100,100,0,0,2,0,-100,-100,100,1,160,25,511,87,0,0,6080,317,0,29,0,1832,405,0,58,0,1015,0,0,8,0,523,0,0,3,0,332,976,12,45,0,0,19,4,4,0,0,4,4,0,0
2,17,1,57,11,17,0,1.02317,0.962272,0.989207,48,1,917,100,100,0,0,2,-100,0,100,-100,1,160,25,737,78,0,0,6080,374,0,26,0,1832,414,0,52,0,1015,0,0,14,0,523,0,0,2,0,332,695,8,48,0,0,29,7,4,0,0,4,4,0,0
2,17,2,65,11,17,0,1.002251,0.987987,0.995979,60,1,917,100,100,0,0,2,-100,100,0,-100,1,160,25,446,66,0,0,6080,329,0,22,0,1832,387,0,44,0,1015,0,0,18,0,523,0,0,2,0,332,875,8,44,0,0,33,9,2,0,0,2,2,0,0
2,17,3,57,11,17,0,1.028814,0.978943,0.973116,49,1,917,100,100,0,0,2,100,-100,-100,0,1,160,25,564,66,0,0,6080,382,0,22,0,1832,430,0,44,0,1015,0,0,20,0,523,0,0,6,0,332,660,24,48,0,0,22,10,3,0,0,3,3,0,0
2,18,0,62,11,28,2,0.998347,0.986346,0.99013,57,2,1167,100,100,0,0,2,0,-100,-100,100,1,160,12,551,87,0,0,5976,312,0,29,0,1877,426,0,58,0,991,0,0,18,0,516,0,0,4,0,408,965,16,51,0,0,26,9,2,0,0,2,2,0,0
2,18,1,57,11,28,2,1.027719,0.961418,0.994587,49,1,917,100,100,0,0,2,-100,0,100,-100,1,160,12,793,78,0,0,5976,379,0,26,0,1877,428,0,52,0,991,1,0,6,0,516,0,0,7,0,408,720,28,36,0,0,30,3,2,0,0,2,2,0,0
2,18,2,66,11,28,2,1.002996,0.986874,0.994489,60,2,1167,100,100,0,0,2,-100,100,0,-100,1,160,12,476,60,0,0,5976,380,0,20,0,1877,401,0,40,0,991,1,0,26,0,516,0,0,5,0,408,841,20,84,0,0,10,13,36,0,0,2,2,0,0
2,18,3,57,11,28,2,1.027789,0.980839,0.975164,50,1,917,100,100,0,0,2,100,-100,-100,0,1,160,12,606,66,0,0,5976,375,0,22,0,1877,445,0,44,0,991,1,0,22,0,516,0,0,3,0,408,664,12,50,0,0,30,11,3,0,0,3,3,0,0
2,19,0,65,14,10,0,1.000955,0.987873,0.992977,59,2,1167,100,100,0,0,2,0,-100,-100,100,1,160,3,613,90,0,0,5992,324,0,30,0,1853,456,0,60,0,979,1,0,20,0,536,0,0,0,0,453,938,0,54,0,0,34,10,2,0,0,2,2,0,0
2,19,1,57,14,10,0,1.029706,0.960596,0.994262,49,2,1167,100,100,0,0,2,-100,0,100,-100,1,160,3,858,84,0,0,5992,382,0,28,0,1853,450,0,56,0,979,1,0,14,0,536,0,0,0,0,453,671,0,82,0,0,0,7,37,0,0,3,3,0,0
2,19,2,66,14,10,0,1.004617,0.988502,0.992714,58,2,1167,100,100,0,0,2,-100,100,0,-100,1,160,3,506,57,0,0,5992,423,0,19,0,1853,420,0,38,0,979,1,0,30,0,536,0,0,0,0,453,833,0,53,0,0,23,15,2,0,0,2,2,0,0
2,19,3,58,14,10,0,1.022144,0.980621,0.977598,49,1,917,100,100,0,0,2,100,-100,-100,0,1,160,3,650,63,0,0,5992,361,0,21,0,1853,466,0,42,0,979,0,0,26,0,536,0,0,0,0,453,652,0,51,0,0,41,13,2,0,0,2,2,0,0
2,20,0,67,15,7,0,1.004816,0.984814,0.990556,60,2,1167,100,100,0,0,2,0,-100,-100,100,1,160,7,667,87,0,0,6080,358,0,29,0,1853,485,0,58,0,1017,1,0,12,0,479,0,0,12,0,351,968,48,45,0,0,38,6,2,0,0,2,2,0,0
2,20,1,58,15,7,0,1.032627,0.96163,0.990035,49,2,1167,100,100,0,0,2,-100,0,100,-100,1,160,7,917,78,0,0,6080,387,0,26,0,1853,473,0,52,0,1017,0,0,4,0,479,0,0,12,0,351,718,48,34,0,0,0,2,2,0,0,2,2,0,0
2,20,2,67,15,7,0,1.006139,0.988496,0.993333,59,2,1167,100,100,0,0,2,-100,100,0,-100,1,160,7,535,57,0,0,6080,338,0,19,0,1853,439,0,38,0,1017,1,0,26,0,479,0,0,18,0,351,1004,72,51,0,0,33,13,3,0,0,3,3,0,0
2,20,3,62,15,7,0,1.027754,0.981761,0.973498,50,1,917,100,100,0,0,2,100,-100,-100,0,1,160,7,695,66,0,0,6080,369,0,22,0,1853,488,0,44,0,1017,0,0,14,0,479,0,0,15,0,351,707,60,44,0,0,44,7,4,0,0,4,4,0,0
2,21,0,73,19,7,0,1.003704,0.98734,0.990333,62,2,1167,100,100,0,0,2,0,-100,-100,100,1,160,7,724,87,0,0,6004,383,0,29,0,1850,514,0,58,0,973,0,0,22,0,536,0,0,0,0,395,961,0,57,0,0,46,11,3,0,0,3,3,0,0
2,21,1,63,19,7,0,1.037756,0.961285,0.990581,50,2,1167,100,100,0,0,2,-100,0,100,-100,1,160,7,973,75,0,0,6004,397,0,25,0,1850,498,0,50,0,973,0,0,14,0,536,0,0,0,0,395,721,0,47,0,0,3,7,4,0,0,4,4,0,0
2,21,2,67,19,7,0,1.006379,0.987763,0.994752,60,3,1417,100,100,0,0,2,-100,100,0,-100,1,160,7,565,60,0,0,6004,362,0,20,0,1850,459,0,40,0,973,0,0,34,0,536,0,0,0,0,395,963,0,92,0,0,14,17,36,0,0,2,2,0,0
2,21,3,63,19,7,0,1.02896,0.981655,0.970759,52,1,917,100,100,0,0,2,100,-100,-100,0,1,160,7,739,69,0,0,6004,350,0,23,0,1850,511,0,46,0,973,1,0,30,0,536,0,0,0,0,395,697,0,61,0,0,55,15,4,0,0,4,4,0,0
2,22,0,73,9,9,0,1.005055,0.983916,0.990812,63,2,1167,100,100,0,0,2,0,-100,-100,100,1,160,23,769,87,0,0,6048,433,0,29,0,1859,543,0,58,0,973,0,0,20,0,532,0,0,0,0,339,937,0,57,0,0,52,10,4,0,0,4,4,0,0
2,22,1,63,9,9,0,1.038361,0.963252,0.989915,53,2,1167,100,100,0,0,2,-100,0,100,-100,1,160,23,1022,78,0,0,6048,308,0,26,0,1859,524,0,52,0,973,1,0,14,0,532,0,0,0,0,339,801,0,50,0,0,5,7,5,0,0,5,5,0,0
2,22,2,65,9,9,0,1.007977,0.985505,0.99403,58,3,1417,100,100,0,0,2,-100,100,0,-100,1,160,23,582,57,0,0,6048,396,0,19,0,1859,478,0,38,0,973,0,0,28,0,532,0,0,2,0,339,960,8,53,0,0,25,14,3,0,0,3,3,0,0
2,22,3,65,9,9,0,1.030244,0.979628,0.970319,55,1,917,100,100,0,0,2,100,-100,-100,0,1,160,23,776,69,0,0,6048,328,0,23,0,1859,525,0,46,0,973,0,0,34,0,532,0,0,2,0,339,692,8,63,0,0,69,17,3,0,0,3,3,0,0
2,23,0,74,11,13,0,1.007383,0.983469,0.989497,65,3,1417,100,100,0,0,2,0,-100,-100,100,1,160,2,809,84,0,0,6088,332,0,28,0,1856,571,0,56,0,1049,1,0,2,0,425,0,0,30,0,395,1099,120,70,0,0,16,1,37,0,0,3,3,0,0
2,23,1,63,11,13,0,1.043605,0.959655,0.994181,55,2,1167,100,100,0,0,2,-100,0,100,-100,1,160,2,1067,75,0,0,6088,332,0,25,0,1856,546,0,50,0,1049,1,0,2,0,425,0,0,18,0,395,861,72,33,0,0,3,1,3,0,0,3,3,0,0
2,23,2,64,11,13,0,1.008681,0.981174,0.992965,57,3,1417,100,100,0,0,2,-100,100,0,-100,1,160,2,608,54,0,0,6088,433,0,18,0,1856,496,0,36,0,1049,1,0,6,0,425,4,0,29,0,395,1072,116,28,0,0,26,3,2,0,0,2,2,0,0
2,23,3,63,11,13,0,1.029708,0.981362,0.969271,54,2,1167,100,100,0,0,2,100,-100,-100,0,1,160,2,811,66,0,0,6088,305,0,22,0,1856,547,0,44,0,1049,1,0,10,0,425,0,0,24,0,395,743,96,74,0,0,36,5,38,0,0,4,4,0,0
2,24,0,73,16,11,0,1.006422,0.983168,0.986273,64,3,1417,100,100,0,0,2,0,-100,-100,100,1,160,3,860,84,0,0,6048,398,0,28,0,1862,599,0,56,0,988,1,0,26,0,536,0,0,0,0,422,1063,0,60,0,0,26,13,3,0,0,3,3,0,0
2,24,1,66,16,11,0,1.047848,0.956604,0.99697,56,2,1167,100,100,0,0,2,-100,0,100,-100,1,160,3,1118,72,0,0,6048,365,0,24,0,1862,570,0,48,0,988,1,0,14,0,536,0,0,0,0,422,862,0,44,0,0,7,7,3,0,0,3,3,0,0
2,24,2,62,16,11,0,1.009626,0.976614,0.992967,57,3,1417,100,100,0,0,2,-100,100,0,-100,1,160,3,627,57,0,0,6048,350,0,19,0,1862,515,0,38,0,988,1,0,20,0,536,0,0,4,0,422,1094,16,43,0,0,34,10,2,0,0,2,2,0,0
2,24,3,68,16,11,0,1.034529,0.979141,0.968812,57,2,1167,100,100,0,0,2,100,-100,-100,0,1,160,3,852,63,0,0,6048,285,0,21,0,1862,568,0,42,0,988,1,0,24,0,536,0,0,0,0,422,742,0,51,0,0,45,12,3,0,0,3,3,0,0
2,25,0,72,14,21,0,1.005299,0.979496,0.984014,63,3,1417,100,100,0,0,2,0,-100,-100,100,1,160,2,903,84,0,0,5904,465,0,28,0,1868,627,0,56,0,943,1,0,30,0,536,0,0,0,0,427,1022,0,64,0,0,38,15,3,0,0,3,3,0,0
2,25,1,65,14,21,0,1.048627,0.954376,0.991435,53,2,1167,100,100,0,0,2,-100,0,100,-100,1,160,2,1156,69,0,0,5904,388,0,23,0,1868,593,0,46,0,943,0,0,22,0,536,0,0,0,0,427,853,0,51,0,0,15,11,3,0,0,3,3,0,0
2,25,2,59,14,21,0,1.012079,0.971457,0.990672,54,3,1417,100,100,0,0,2,-100,100,0,-100,1,160,2,657,57,0,0,5904,381,0,19,0,1868,534,0,38,0,943,1,0,32,0,536,0,0,0,0,427,1072,0,55,0,0,48,16,2,0,0,2,2,0,0
2,25,3,66,14,21,0,1.035868,0.977262,0.968358,55,2,1167,100,100,0,0,2,100,-100,-100,0,1,160,2,881,57,0,0,5904,278,0,19,0,1868,587,0,38,0,943,1,0,34,0,536,0,0,0,0,427,741,0,61,0,0,58,17,4,0,0,4,4,0,0
2,26,0,73,16,12,0,1.007641,0.984138,0.984128,64,3,1417,97.036882,92.036882,1,1,2,0,-100,-100,100,1,160,1,952,84,0,0,6096,365,0,28,0,1874,655,0,56,0,940,1,0,30,0,536,0,0,0,0,309,1083,0,62,0,0,51,15,2,0,0,2,2,0,0
2,26,1,65,16,12,0,1.048381,0.951098,0.989441,53,2,1167,100,100,1,1,2,-100,0,100,-100,1,160,1,1167,69,0,0,6096,428,0,23,0,1874,616,0,46,0,940,0,0,20,0,536,0,0,0,0,309,845,0,53,0,0,20,10,5,0,0,5,5,0,0
2,26,2,60,16,12,0,1.016006,0.969754,0.99065,53,3,1417,100,100,1,1,2,-100,100,0,-100,1,160,1,689,54,0,0,6096,400,0,18,0,1874,552,0,36,0,940,1,0,40,0,536,0,0,0,0,309,1046,0,62,0,0,66,20,2,0,0,2,2,0,0
2,26,3,68,16,12,0,1.038851,0.972747,0.968098,58,2,1167,100,100,1,1,2,100,-100,-100,0,1,160,1,920,60,0,0,6096,272,0,20,0,1874,604,0,40,0,940,1,0,42,0,536,0,0,0,0,309,731,0,70,0,0,75,21,4,0,0,4,4,0,0
2,27,0,77,19,12,0,1.008657,0.982708,0.98397,65,3,1417,100,97.036882,1,1,2,0,-100,-100,100,1,160,1,1005,87,0,0,6136,439,0,29,0,1865,684,0,58,0,1014,1,0,18,0,482,0,0,6,0,430,1061,24,55,0,0,56,9,4,0,0,4,4,0,0
2,27,1,65,19,12,0,1.049176,0.949298,0.992564,55,2,1167,100,100,1,1,2,-100,0,100,-100,1,160,1,1167,66,0,0,6136,341,0,22,0,1865,638,0,44,0,1014,0,0,6,0,482,0,0,12,0,430,935,48,36,0,0,19,3,4,0,0,4,4,0,0
2,27,2,61,19,12,0,1.013216,0.970008,0.989484,52,3,1417,100,100,1,1,2,-100,100,0,-100,1,160,1,723,57,0,0,6136,321,0,19,0,1865,571,0,38,0,1014,0,0,22,0,482,0,0,12,0,430,1101,48,47,0,0,74,11,3,0,0,3,3,0,0
2,27,3,70,19,12,0,1.037678,0.971274,0.966618,58,2,1167,100,100,1,1,2,100,-100,-100,0,1,160,1,956,63,0,0,6136,255,0,21,0,1865,625,0,42,0,1014,1,0,12,0,482,0,0,21,0,430,805,84,39,0,0,78,6,3,0,0,3,3,0,0
2,28,0,58,13,29,0,1.009474,0.97672,0.991057,47,3,1417,100,100,1,1,2,0,-100,-100,100,1,160,17,1053,93,0,0,6112,331,0,31,0,1868,715,0,62,0,1021,1,0,6,0,451,15,0,12,0,497,1118,48,43,0,0,56,3,3,0,0,3,3,0,0
2,28,1,66,13,29,0,1.050794,0.948888,0.993389,57,2,1167,100,100,1,1,2,-100,0,100,-100,1,160,17,1167,66,0,0,6112,374,0,22,0,1868,657,0,44,0,1021,1,0,14,0,451,0,0,10,0,497,948,40,42,0,0,23,7,3,0,0,3,3,0,0
2,28,2,62,13,29,0,1.01509,0.967968,0.990767,53,3,1417,100,100,1,1,2,-100,100,0,-100,1,160,17,750,54,0,0,6112,338,0,18,0,1868,589,0,36,0,1021,1,0,8,0,451,0,0,24,0,497,1183,96,32,0,0,75,4,3,0,0,3,3,0,0
2,28,3,71,13,29,0,1.038796,0.970838,0.966787,59,2,1167,100,100,1,1,2,100,-100,-100,0,1,160,17,983,66,0,0,6112,235,0,22,0,1868,644,0,44,0,1021,0,0,22,0,451,0,0,24,0,497,865,96,54,0,0,84,11,5,0,0,5,5,0,0
2,29,0,53,15,29,0,1.008355,0.976772,0.982018,42,3,1417,100,100,1,1,2,0,-100,-100,100,1,160,0,1108,75,0,0,6024,320,0,25,0,1877,740,0,50,0,994,1,0,18,0,498,3,0,12,0,454,1126,48,49,0,0,62,9,3,0,0,3,3,0,0
2,29,1,63,15,29,0,1.053915,0.944926,0.989917,54,2,1167,100,100,1,1,2,-100,0,100,-100,1,160,0,1167,54,0,0,6024,410,0,18,0,1877,672,0,36,0,994,0,0,12,0,498,0,0,12,0,454,1001,48,36,0,0,26,6,3,0,0,3,3,0,0
2,29,2,62,15,29,0,1.018772,0.964928,0.987839,51,4,1667,100,100,1,1,2,-100,100,0,-100,1,160,0,762,39,0,0,6024,367,0,13,0,1877,602,0,26,0,994,0,0,24,0,498,0,0,10,0,454,1185,40,77,0,0,50,12,37,0,0,3,3,0,0
2,29,3,65,15,29,0,1.042561,0.972461,0.964254,59,3,1417,100,100,1,1,2,100,-100,-100,0,1,160,0,999,54,0,0,6024,210,0,18,0,1877,662,0,36,0,994,0,0,26,0,498,0,0,13,0,454,883,52,82,0,0,61,13,36,0,0,2,2,0,0
2,30,0,54,15,13,0,1.00956,0.976959,0.980352,44,3,1417,100,100,1,1,2,0,-100,-100,100,1,160,0,1160,72,0,0,6136,323,0,24,0,1925,764,0,48,0,903,10,0,26,0,536,0,0,3,0,436,1091,12,56,0,0,72,13,3,0,0,3,3,0,0
2,30,1,67,15,13,0,1.058161,0.943761,0.992317,56,3,1417,100,100,1,1,2,-100,0,100,-100,1,160,0,1167,57,0,0,6136,328,0,19,0,1925,688,0,38,0,903,1,0,38,0,536,0,0,0,0,436,959,0,97,0,0,8,19,37,0,0,3,3,0,0
2,30,2,61,15,13,0,1.024031,0.965221,0.993038,51,4,1667,100,100,1,1,2,-100,100,0,-100,1,160,0,772,39,0,0,6136,396,0,13,0,1925,615,0,26,0,903,1,0,40,0,536,0,0,0,0,436,1173,0,59,0,0,67,20,3,0,0,3,3,0,0
2,30,3,63,15,13,0,1.045554,0.974341,0.966354,56,3,1417,100,100,1,1,2,100,-100,-100,0,1,160,0,1014,48,0,0,6136,193,0,16,0,1925,678,0,32,0,903,0,0,48,0,536,0,0,0,0,436,862,0,68,0,0,83,24,2,0,0,2,2,0,0
2,31,0,57,21,7,0,1.009791,0.976364,0.980727,47,4,1667,100,100,1,1,2,0,-100,-100,100,1,160,7,1217,78,0,0,6132,323,0,26,0,1916,790,0,52,0,1014,1,0,18,0,422,10,0,14,0,338,1073,56,86,0,0,43,9,38,0,0,4,4,0,0
2,31,1,71,21,7,0,1.060072,0.940102,0.993991,58,3,1417,100,100,1,1,2,-100,0,100,-100,1,160,7,1198,63,0,0,6132,364,0,21,0,1916,703,0,42,0,1014,1,0,12,0,422,0,0,27,0,338,1078,108,41,0,0,10,6,4,0,0,4,4,0,0
2,31,2,64,21,7,0,1.027302,0.959821,0.993484,52,4,1667,100,100,1,1,2,-100,100,0,-100,1,160,7,794,42,0,0,6132,321,0,14,0,1916,629,0,28,0,1014,1,0,18,0,422,0,0,27,0,338,1387,108,38,0,0,73,9,3,0,0,3,3,0,0
2,31,3,67,21,7,0,1.051026,0.972512,0.965149,55,3,1417,100,100,1,1,2,100,-100,-100,0,1,160,7,1040,51,0,0,6132,169,0,17,0,1916,695,0,34,0,1014,1,0,18,0,422,5,0,25,0,338,975,100,41,0,0,89,9,3,0,0,3,3,0,0
2,32,0,58,16,11,0,1.013143,0.975963,0.979563,49,4,1667,100,100,1,1,2,0,-100,-100,100,1,160,1,1272,75,0,0,5960,337,0,25,0,1922,815,0,50,0,994,1,0,24,0,457,0,0,13,0,432,1082,52,55,0,0,52,12,3,0,0,3,3,0,0
2,32,1,72,16,11,0,1.064171,0.938691,0.992512,60,3,1417,100,100,1,1,2,-100,0,100,-100,1,160,1,1229,63,0,0,5960,424,0,21,0,1922,721,0,42,0,994,0,0,4,0,457,2,0,34,0,432,1224,136,35,0,0,7,2,5,0,0,5,5,0,0
2,32,2,67,16,11,0,1.029034,0.957838,0.99076,53,5,1917,100,100,1,1,2,-100,100,0,-100,1,160,1,804,39,0,0,5960,348,0,13,0,1922,642,0,26,0,994,0,0,10,0,457,3,0,31,0,432,1495,124,67,0,0,39,5,39,0,0,5,5,0,0
2,32,3,67,16,11,0,1.055495,0.970048,0.965699,55,3,1417,100,100,1,1,2,100,-100,-100,0,1,160,1,1057,45,0,0,5960,167,0,15,0,1922,710,0,30,0,994,1,0,42,0,457,0,0,9,0,432,1000,36,65,0,0,106,21,4,0,0,4,4,0,0
2,33,0,62,15,10,0,1.017284,0.973965,0.984182,51,4,1667,100,100,1,1,2,0,-100,-100,100,1,160,10,1327,75,0,0,6104,350,0,25,0,1922,840,0,50,0,884,10,0,32,0,536,0,0,0,0,516,1025,0,63,0,0,65,16,3,0,0,3,3,0,0
2,33,1,69,15,10,0,1.062874,0.940542,0.991451,61,3,1417,100,100,1,1,2,-100,0,100,-100,1,160,10,1248,60,0,0,6104,332,0,20,0,1922,741,0,40,0,884,1,0,46,0,536,0,0,2,0,516,1195,8,74,0,0,26,23,4,0,0,4,4,0,0
2,33,2,70,15,10,0,1.027479,0.957025,0.988735,55,5,1917,100,100,1,1,2,-100,100,0,-100,1,160,10,809,39,0,0,6104,380,0,13,0,1922,655,0,26,0,884,0,0,52,0,536,0,0,3,0,516,1447,12,75,0,0,60,26,5,0,0,5,5,0,0
2,33,3,68,15,10,0,1.057249,0.968063,0.964323,57,3,1417,100,100,1,1,2,100,-100,-100,0,1,160,10,1072,48,0,0,6104,172,0,16,0,1922,726,0,32,0,884,1,0,48,0,536,0,0,0,0,516,943,0,72,0,0,126,24,4,0,0,4,4,0,0
2,34,0,64,17,11,0,1.016913,0.97016,0.984725,53,4,1667,100,100,1,1,2,0,-100,-100,100,1,160,1,1385,81,0,0,5960,357,0,27,0,1904,867,0,54,0,955,5,0,32,0,438,4,0,16,0,598,1022,64,67,0,0,77,16,4,0,0,4,4,0,0
2,34,1,72,17,11,0,1.065955,0.939905,0.993829,62,4,1667,100,100,1,1,2,-100,0,100,-100,1,160,1,1282,60,0,0,5960,371,0,20,0,1904,761,0,40,0,955,1,0,24,0,438,0,0,21,0,598,1198,84,82,0,0,2,12,36,0,0,2,2,0,0
2,34,2,69,17,11,0,1.025907,0.957979,0.988589,56,5,1917,100,100,1,1,2,-100,100,0,-100,1,160,1,820,48,0,0,5960,414,0,16,0,1904,671,0,32,0,955,1,0,26,0,438,0,0,27,0,598,1504,108,52,0,0,68,13,5,0,0,5,5,0,0
2,34,3,70,17,11,0,1.058433,0.967573,0.963853,59,3,1417,100,100,1,1,2,100,-100,-100,0,1,160,1,1093,51,0,0,5960,175,0,17,0,1904,743,0,34,0,955,0,0,40,0,438,1,0,26,0,598,982,104,65,0,0,142,20,4,0,0,4,4,0,0
2,35,0,64,12,12,0,1.014972,0.969585,0.984688,57,5,1917,100,100,1,1,2,0,-100,-100,100,1,160,4,1443,90,0,0,6080,359,0,30,0,1898,897,0,60,0,862,17,0,32,0,536,0,0,4,0,341,948,16,102,0,0,56,16,37,0,0,3,3,0,0
2,35,1,69,12,12,0,1.067129,0.93852,0.993903,59,4,1667,100,100,1,1,2,-100,0,100,-100,1,160,4,1298,54,0,0,6080,409,0,18,0,1898,779,0,36,0,862,0,0,46,0,536,0,0,0,0,341,1174,0,72,0,0,21,23,4,0,0,4,4,0,0
2,35,2,70,12,12,0,1.030206,0.957009,0.988759,57,5,1917,100,100,1,1,2,-100,100,0,-100,1,160,4,837,48,0,0,6080,329,0,16,0,1898,687,0,32,0,862,1,0,44,0,536,0,0,0,0,341,1587,0,68,0,0,86,22,4,0,0,4,4,0,0
2,35,3,72,12,12,0,1.061462,0.965959,0.963423,61,3,1417,100,100,1,1,2,100,-100,-100,0,1,160,4,1113,51,0,0,6080,176,0,17,0,1898,760,0,34,0,862,8,0,54,0,536,0,0,1,0,341,955,4,79,0,0,165,27,4,0,0,4,4,0,0
2,36,0,58,18,22,0,1.015472,0.965588,0.981813,50,5,1917,93.244114,88.244114,2,2,2,0,-100,-100,100,1,160,0,1478,60,0,0,6040,379,0,20,0,1907,917,0,40,0,907,18,0,34,0,535,0,0,0,0,402,896,0,58,0,0,71,17,2,0,0,2,2,0,0
2,36,1,69,18,22,0,1.068258,0.941999,0.993461,58,4,1667,100,100,2,2,2,-100,0,100,-100,1,160,0,1303,39,0,0,6040,327,0,13,0,1907,792,0,26,0,907,0,0,44,0,535,0,0,1,0,402,1256,4,63,0,0,40,22,3,0,0,3,3,0,0
2,36,2,69,18,22,0,1.029816,0.956951,0.990751,58,5,1917,100,100,2,2,2,-100,100,0,-100,1,160,0,853,48,0,0,6040,379,0,16,0,1907,703,0,32,0,907,0,0,36,0,535,0,0,0,0,402,1549,0,62,0,0,99,18,5,0,0,5,5,0,0
2,36,3,75,18,22,0,1.068438,0.965033,0.958052,62,3,1417,100,100,2,2,2,100,-100,-100,0,1,160,0,1125,45,0,0,6040,209,0,15,0,1907,775,0,30,0,907,1,0,58,0,535,0,0,0,0,402,901,0,81,0,0,190,29,4,0,0,4,4,0,0
2,37,0,60,17,14,0,1.01688,0.963129,0.980534,51,5,1917,98.244114,93.244114,2,2,2,0,-100,-100,100,1,160,2,1519,63,0,0,5880,412,0,21,0,2058,891,0,42,0,1040,1,0,28,0,398,7,0,20,0,432,939,80,55,0,0,82,14,3,0,0,3,3,0,0
2,37,1,71,17,14,0,1.069731,0.938566,0.99269,59,4,1667,100,100,2,2,2,-100,0,100,-100,1,160,2,1308,36,0,0,5880,382,0,12,0,2058,792,0,24,0,1040,1,0,10,0,398,0,0,30,0,432,1396,120,30,0,0,41,5,4,0,0,4,4,0,0
2,37,2,70,17,14,0,1.034087,0.958831,0.989396,60,6,2167,100,100,2,2,2,-100,100,0,-100,1,160,2,870,48,0,0,5880,430,0,16,0,2058,695,0,32,0,1040,0,0,2,0,398,6,0,33,0,432,1670,132,58,0,0,63,1,37,0,0,3,3,0,0
2,37,3,73,17,14,0,1.069747,0.961097,0.957735,60,3,1417,100,100,2,2,2,100,-100,-100,0,1,160,2,1135,48,0,0,5880,230,0,16,0,2058,765,0,32,0,1040,1,0,8,0,398,5,0,31,0,432,1043,124,32,0,0,190,4,4,0,0,4,4,0,0
2,38,0,60,17,15,0,1.018241,0.959647,0.973023,50,5,1917,100,98.244114,2,2,2,0,-100,-100,100,1,160,4,1556,66,0,0,6136,330,0,22,0,1946,910,0,44,0,915,8,0,34,0,486,0,0,7,0,222,1010,28,62,0,0,96,17,3,0,0,3,3,0,0
2,38,1,72,17,15,0,1.070795,0.939244,0.991243,60,5,1917,100,100,2,2,2,-100,0,100,-100,1,160,4,1314,36,0,0,6136,435,0,12,0,1946,804,0,24,0,915,0,0,10,0,486,10,0,35,0,222,1526,140,64,0,0,8,5,38,0,0,4,4,0,0
2,38,2,71,17,15,0,1.040466,0.960632,0.985114,62,6,2167,100,100,2,2,2,-100,100,0,-100,1,160,4,881,45,0,0,6136,345,0,15,0,1946,710,0,30,0,915,0,0,48,0,486,0,0,6,0,222,1763,24,67,0,0,85,24,2,0,0,2,2,0,0
2,38,3,73,17,15,0,1.071918,0.960102,0.955336,60,3,1417,100,100,2,2,2,100,-100,-100,0,1,160,4,1147,45,0,0,6136,254,0,15,0,1946,780,0,30,0,915,0,0,54,0,486,0,0,10,0,222,1061,40,79,0,0,212,27,5,0,0,5,5,0,0
2,39,0,58,21,21,0,1.018731,0.96302,0.968064,48,5,1917,100,100,2,2,2,0,-100,-100,100,1,160,1,1584,54,0,0,6040,348,0,18,0,1946,928,0,36,0,917,0,0,32,0,477,6,0,19,0,310,1049,76,58,0,0,108,16,4,0,0,4,4,0,0
2,39,1,70,21,21,0,1.0719,0.938333,0.993155,59,5,1917,100,100,2,2,2,-100,0,100,-100,1,160,1,1320,39,0,0,6040,350,0,13,0,1946,817,0,26,0,917,0,0,54,0,477,0,0,10,0,310,1650,40,75,0,0,31,27,4,0,0,4,4,0,0
2,39,2,73,21,21,0,1.043055,0.9613,0.985753,61,6,2167,100,100,2,2,2,-100,100,0,-100,1,160,1,901,51,0,0,6040,377,0,17,0,1946,724,0,34,0,917,1,0,38,0,477,0,0,12,0,310,1798,48,61,0,0,101,19,3,0,0,3,3,0,0
2,39,3,75,21,21,0,1.07521,0.958628,0.959746,59,3,1417,100,100,2,2,2,100,-100,-100,0,1,160,1,1157,42,0,0,6040,279,0,14,0,1946,794,0,28,0,917,0,0,30,0,477,0,0,22,0,310,1148,88,52,0,0,223,15,4,0,0,4,4,0,0
2,40,0,59,14,10,0,1.018455,0.957113,0.969593,51,5,1917,100,100,2,2,2,0,-100,-100,100,1,160,2,1611,51,0,0,5920,369,0,17,0,1949,945,0,34,0,911,8,0,40,0,473,0,0,6,0,430,1033,24,63,0,0,125,20,3,0,0,3,3,0,0
2,40,1,70,14,10,0,1.077338,0.936652,0.998959,60,6,2167,100,100,2,2,2,-100,0,100,-100,1,160,2,1326,42,0,0,5920,386,0,14,0,1949,831,0,28,0,911,0,0,24,0,473,0,0,30,0,430,1742,120,78,0,0,6,12,37,0,0,3,3,0,0
2,40,2,75,14,10,0,1.047843,0.958602,0.98967,62,6,2167,100,100,2,2,2,-100,100,0,-100,1,160,2,926,57,0,0,5920,413,0,19,0,1949,743,0,38,0,911,1,0,42,0,473,0,0,15,0,430,1834,60,71,0,0,117,21,5,0,0,5,5,0,0
2,40,3,76,14,10,0,1.076581,0.957436,0.958698,61,3,1417,100,100,2,2,2,100,-100,-100,0,1,160,2,1162,45,0,0,5920,317,0,15,0,1949,809,0,30,0,911,0,0,44,0,473,0,0,15,0,430,1187,60,71,0,0,239,22,6,0,0,6,6,0,0
6,1,0,100,17,15,0,1.008642,0.995876,1.005152,0,0,667,100,100,0,0,2,0,-100,-100,100,1,160,5,107,72,0,0,5600,402,0,24,0,1856,121,0,48,0,880,10,0,98,0,527,3,0,49,0,300,249,196,156,0,0,32,49,17,0,0,17,17,0,0
6,1,1,99,17,15,0,1.010351,0.995839,1.004307,0,0,667,100,100,0,0,2,-100,0,100,-100,1,160,5,105,69,0,0,5600,403,0,23,0,1856,123,0,46,0,880,18,0,96,0,527,4,0,48,0,300,245,192,153,0,0,31,48,17,0,0,17,17,0,0
6,1,2,100,17,15,0,1.005033,0.995108,1.005492,0,0,667,100,100,0,0,2,-100,100,0,-100,1,160,5,106,72,0,0,5600,410,0,24,0,1856,124,0,48,0,880,19,0,98,0,527,3,0,49,0,300,246,196,156,0,0,32,49,17,0,0,17,17,0,0
6,1,3,103,17,15,0,1.008053,0.996378,1.002878,0,0,667,100,100,0,0,2,100,-100,-100,0,1,160,5,111,72,0,0,5600,410,0,24,0,1856,124,0,48,0,880,15,0,100,0,527,3,0,50,0,300,251,200,158,0,0,33,50,17,0,0,17,17,0,0
6,2,0,93,13,41,1,1.012151,1.000359,1.004448,17,0,667,100,100,0,0,2,0,-100,-100,100,1,160,0,99,54,0,0,5616,468,0,18,0,1850,136,0,36,0,847,0,0,60,0,494,0,0,16,0,318,255,64,112,0,0,45,30,17,0,0,17,17,0,0
6,2,1,98,13,41,1,1.009239,0.99641,1.005547,15,0,667,100,100,0,0,2,-100,0,100,-100,1,160,0,114,69,0,0,5616,473,0,23,0,1850,146,0,46,0,847,1,0,74,0,494,0,0,13,0,318,244,52,131,0,0,51,37,17,0,0,17,17,0,0
6,2,2,92,13,41,1,1.007364,0.997161,1.007575,13,0,667,100,100,0,0,2,-100,100,0,-100,1,160,0,100,60,0,0,5616,482,0,20,0,1850,144,0,40,0,847,1,0,70,0,494,0,0,12,0,318,236,48,124,0,0,50,35,17,0,0,17,17,0,0
6,2,3,91,13,41,1,1.007795,0.992388,0.999467,16,0,667,100,100,0,0,2,100,-100,-100,0,1,160,0,98,54,0,0,5616,473,0,18,0,1850,142,0,36,0,847,1,0,68,0,494,0,0,13,0,318,246,52,120,0,0,50,34,17,0,0,17,17,0,0
6,3,0,88,9,39,0,1.011937,1.003571,1.007653,29,0,667,100,100,0,0,2,0,-100,-100,100,1,160,11,88,51,0,0,6400,358,0,17,0,1920,153,0,34,0,809,1,0,64,0,536,0,0,0,0,90,227,0,115,0,0,60,32,17,0,0,17,17,0,0
6,3,1,79,9,39,0,1.011677,0.99586,1.00392,30,0,667,100,100,0,0,2,-100,0,100,-100,1,160,11,102,51,0,0,6400,358,0,17,0,1920,163,0,34,0,809,0,0,40,0,536,0,0,0,0,90,270,0,91,0,0,54,20,17,0,0,17,17,0,0
6,3,2,87,9,39,0,1.005922,0.994643,1.005559,26,0,667,100,100,0,0,2,-100,100,0,-100,1,160,11,85,42,0,0,6400,376,0,14,0,1920,154,0,28,0,809,0,0,62,0,536,0,0,0,0,90,260,0,110,0,0,64,31,17,0,0,17,17,0,0
6,3,3,90,9,39,0,1.010617,0.993304,1.000642,30,0,667,100,100,0,0,2,100,-100,-100,0,1,160,11,97,48,0,0,6400,366,0,16,0,1920,158,0,32,0,809,0,0,72,0,536,0,0,0,0,90,265,0,122,0,0,69,36,17,0,0,17,17,0,0
6,4,0,74,14,32,0,1.008853,1.001192,1.007945,41,0,667,100,100,0,0,2,0,-100,-100,100,1,160,5,73,45,0,0,5704,415,0,15,0,1946,168,0,30,0,997,1,0,6,0,368,9,0,36,0,335,359,144,51,0,0,48,3,15,0,0,15,15,0,0
6,4,1,76,14,32,0,1.012311,0.995263,1.006743,45,0,667,100,100,0,0,2,-100,0,100,-100,1,160,5,110,51,0,0,5704,398,0,17,0,1946,180,0,34,0,997,1,0,14,0,368,0,0,27,0,335,385,108,59,0,0,47,7,14,0,0,14,14,0,0
6,4,2,86,14,32,0,1.01015,0.994081,1.003067,38,0,667,100,100,0,0,2,-100,100,0,-100,1,160,5,79,45,0,0,5704,466,0,15,0,1946,169,0,30,0,997,0,0,18,0,368,0,0,39,0,335,413,156,67,0,0,56,9,17,0,0,17,17,0,0
6,4,3,90,14,32,0,1.012205,0.993292,1.001532,44,0,667,100,100,0,0,2,100,-100,-100,0,1,160,5,87,45,0,0,5704,453,0,15,0,1946,173,0,30,0,997,0,0,30,0,368,0,0,39,0,335,402,156,79,0,0,67,15,17,0,0,17,17,0,0
6,5,0,71,11,19,0,1.008602,1.001294,1.009236,52,0,667,100,100,0,0,2,0,-100,-100,100,1,160,5,80,48,0,0,6272,325,0,16,0,1940,184,0,32,0,996,1,0,24,0,525,0,0,9,0,181,462,36,58,0,0,51,12,9,0,0,9,9,0,0
6,5,1,78,11,19,0,1.013976,0.996934,1.005806,57,0,667,100,100,0,0,2,-100,0,100,-100,1,160,5,128,54,0,0,6272,432,0,18,0,1940,198,0,36,0,996,1,0,10,0,525,0,0,8,0,181,441,32,44,0,0,44,5,8,0,0,8,8,0,0
6,5,2,83,11,19,0,1.011629,0.99645,1.004716,52,0,667,100,100,0,0,2,-100,100,0,-100,1,160,5,76,45,0,0,6272,365,0,15,0,1940,184,0,30,0,996,1,0,16,0,525,0,0,1,0,181,456,4,61,0,0,49,8,15,0,0,15,15,0,0
6,5,3,86,11,19,0,1.012497,0.990796,1.00056,57,0,667,100,100,0,0,2,100,-100,-100,0,1,160,5,72,42,0,0,6272,349,0,14,0,1940,187,0,28,0,996,1,0,18,0,525,0,0,2,0,181,469,8,58,0,0,63,9,13,0,0,13,13,0,0
6,6,0,72,13,26,0,1.015122,1.003824,1.006682,57,1,917,100,100,0,0,2,0,-100,-100,100,1,160,1,93,48,0,0,5876,390,0,16,0,1952,200,0,32,0,1070,1,0,0,0,314,13,0,35,0,306,587,140,60,0,0,12,0,39,0,0,5,5,0,0
6,6,1,78,13,26,0,1.018726,0.995168,1.005312,62,1,917,100,100,0,0,2,-100,0,100,-100,1,160,1,141,57,0,0,5876,335,0,19,0,1952,214,0,38,0,1070,1,0,0,0,314,8,0,39,0,306,602,156,65,0,0,4,0,40,0,0,6,6,0,0
6,6,2,77,13,26,0,1.012149,0.996564,1.005006,61,1,917,100,100,0,0,2,-100,100,0,-100,1,160,1,80,48,0,0,5876,439,0,16,0,1952,200,0,32,0,1070,1,0,0,0,314,0,0,41,0,306,603,164,64,0,0,8,0,41,0,0,7,7,0,0
6,6,3,78,13,26,0,1.014317,0.989942,0.997754,65,1,917,100,100,0,0,2,100,-100,-100,0,1,160,1,66,33,0,0,5876,427,0,11,0,1952,198,0,22,0,1070,1,0,2,0,314,7,0,46,0,306,610,184,59,0,0,24,1,40,0,0,6,6,0,0
6,7,0,68,14,42,0,1.011847,0.999675,1.009244,57,1,917,100,100,0,0,2,0,-100,-100,100,1,160,4,101,48,0,0,6120,454,0,16,0,1952,216,0,32,0,920,1,0,30,0,536,0,0,13,0,177,618,52,54,0,0,23,15,4,0,0,4,4,0,0
6,7,1,63,14,42,0,1.018427,0.996661,1.004282,52,1,917,100,100,0,0,2,-100,0,100,-100,1,160,4,157,54,0,0,6120,367,0,18,0,1952,232,0,36,0,920,0,0,36,0,536,0,0,8,0,177,605,32,62,0,0,18,18,4,0,0,4,4,0,0
6,7,2,78,14,42,0,1.015497,0.995306,1.004037,65,1,917,100,100,0,0,2,-100,100,0,-100,1,160,4,87,48,0,0,6120,346,0,16,0,1952,216,0,32,0,920,0,0,40,0,536,0,0,0,0,177,684,0,66,0,0,23,20,5,0,0,5,5,0,0
6,7,3,68,14,42,0,1.009749,0.988,0.992529,58,1,917,100,100,0,0,2,100,-100,-100,0,1,160,4,58,33,0,0,6120,338,0,11,0,1952,209,0,22,0,920,0,0,46,0,536,0,0,7,0,177,684,28,65,0,0,43,23,4,0,0,4,4,0,0
6,8,0,69,17,7,0,1.010268,0.999332,1.008102,60,1,917,100,100,0,0,2,0,-100,-100,100,1,160,8,117,51,0,0,6009,369,0,17,0,1949,233,0,34,0,890,1,0,44,0,536,0,0,0,0,202,734,0,67,0,0,42,22,3,0,0,3,3,0,0
6,8,1,67,17,7,0,1.018289,0.995522,1.004233,56,1,917,100,100,0,0,2,-100,0,100,-100,1,160,8,187,57,0,0,6009,387,0,19,0,1949,251,0,38,0,890,1,0,44,0,536,0,0,0,0,202,593,0,71,0,0,36,22,4,0,0,4,4,0,0
6,8,2,81,17,7,0,1.020732,0.995866,1.002214,68,1,917,100,100,0,0,2,-100,100,0,-100,1,160,8,97,51,0,0,6009,401,0,17,0,1949,233,0,34,0,890,1,0,32,0,536,0,0,0,0,202,714,0,57,0,0,35,16,4,0,0,4,4,0,0
6,8,3,70,17,7,0,1.009665,0.985827,0.992985,60,1,917,100,100,0,0,2,100,-100,-100,0,1,160,8,65,36,0,0,6009,389,0,12,0,1949,221,0,24,0,890,0,0,60,0,536,0,0,0,0,202,669,0,78,0,0,70,30,3,0,0,3,3,0,0
6,9,0,63,11,17,1,1.015225,1.000912,1.00445,57,2,1167,100,100,0,0,2,0,-100,-100,100,1,160,19,129,51,0,0,5784,435,0,17,0,2004,230,0,34,0,1027,1,0,12,0,472,0,0,15,0,414,748,60,67,0,0,12,6,36,0,0,2,2,0,0
6,9,1,65,11,17,1,1.019627,0.993965,1.004308,58,1,917,100,100,0,0,2,-100,0,100,-100,1,160,19,211,63,0,0,5784,427,0,21,0,2004,244,0,42,0,1027,1,0,8,0,472,0,0,16,0,414,655,64,35,0,0,37,4,3,0,0,3,3,0,0
6,9,2,82,11,17,1,1.027683,0.998032,1.000509,69,2,1167,100,100,0,0,2,-100,100,0,-100,1,160,19,102,51,0,0,5784,487,0,17,0,2004,242,0,34,0,1027,0,0,8,0,472,0,0,11,0,414,761,44,69,0,0,0,4,39,0,0,5,5,0,0
6,9,3,71,11,17,1,1.010872,0.982513,0.99683,60,1,917,100,100,0,0,2,100,-100,-100,0,1,160,19,73,36,0,0,5784,443,0,12,0,2004,225,0,24,0,1027,0,0,18,0,472,0,0,22,0,414,761,88,38,0,0,75,9,4,0,0,4,4,0,0
6,10,0,62,13,10,0,1.013543,0.999401,1.005355,56,2,1167,100,100,0,0,2,0,-100,-100,100,1,160,12,147,48,0,0,6400,356,0,16,0,1943,246,0,32,0,1071,1,0,0,0,375,7,0,27,0,351,886,108,20,0,0,10,0,2,0,0,2,2,0,0
6,10,1,66,13,10,0,1.026016,0.992303,1.00293,58,2,1167,100,100,0,0,2,-100,0,100,-100,1,160,12,238,54,0,0,6400,344,0,18,0,1943,262,0,36,0,1071,0,0,2,0,375,3,0,27,0,351,758,108,58,0,0,2,1,36,0,0,2,2,0,0
6,10,2,83,13,10,0,1.026991,1.000784,1.003154,72,2,1167,100,100,0,0,2,-100,100,0,-100,1,160,12,105,51,0,0,6400,388,0,17,0,1943,259,0,34,0,1071,0,0,0,0,375,0,0,35,0,351,977,140,17,0,0,0,0,0,0,0,0,0,0,0
6,10,3,73,13,10,0,1.015627,0.982281,0.995848,62,2,1167,100,100,0,0,2,100,-100,-100,0,1,160,12,78,39,0,0,6400,359,0,13,0,1943,238,0,26,0,1071,0,0,0,0,375,27,0,32,0,351,862,128,55,0,0,37,0,38,0,0,4,4,0,0
6,11,0,62,15,12,0,1.016051,0.998164,1.004579,55,2,1167,100,100,0,0,2,0,-100,-100,100,1,160,0,167,45,0,0,5784,439,0,15,0,1969,250,0,30,0,890,1,0,42,0,536,0,0,7,0,423,871,28,61,0,0,29,21,2,0,0,2,2,0,0
6,11,1,67,15,12,0,1.03096,0.993772,1.00345,58,2,1167,100,100,0,0,2,-100,0,100,-100,1,160,0,260,51,0,0,5784,389,0,17,0,1969,272,0,34,0,890,0,0,44,0,536,0,0,3,0,423,738,12,65,0,0,22,22,2,0,0,2,2,0,0
6,11,2,84,15,12,0,1.032439,1.001736,1.00068,70,2,1167,100,100,0,0,2,-100,100,0,-100,1,160,0,114,51,0,0,5784,464,0,17,0,1969,274,0,34,0,890,0,0,40,0,536,0,0,0,0,423,985,0,67,0,0,15,20,5,0,0,5,5,0,0
6,11,3,74,15,12,0,1.021226,0.977567,0.993939,64,2,1167,100,100,0,0,2,100,-100,-100,0,1,160,0,93,45,0,0,5784,415,0,15,0,1969,250,0,30,0,890,0,0,56,0,536,0,0,27,0,423,936,108,79,0,0,61,28,4,0,0,4,4,0,0
6,12,0,64,13,9,0,1.018518,0.998021,1.003597,57,2,1167,100,100,0,0,2,0,-100,-100,100,1,160,11,180,45,0,0,6286,362,0,15,0,1940,265,0,30,0,871,1,0,48,0,536,0,0,0,0,100,952,0,69,0,0,50,24,3,0,0,3,3,0,0
6,12,1,66,13,9,0,1.035305,0.99502,1.006642,57,2,1167,100,100,0,0,2,-100,0,100,-100,1,160,11,280,54,0,0,6286,418,0,18,0,1940,290,0,36,0,871,1,0,44,0,536,0,0,0,0,100,718,0,70,0,0,40,22,4,0,0,4,4,0,0
6,12,2,87,13,9,0,1.033191,0.998315,1.001548,73,3,1417,100,100,0,0,2,-100,100,0,-100,1,160,11,129,54,0,0,6286,362,0,18,0,1940,292,0,36,0,871,1,0,50,0,536,0,0,0,0,100,1023,0,112,0,0,1,25,39,0,0,5,5,0,0
6,12,3,74,13,9,0,1.023558,0.977008,0.995197,64,3,1417,100,100,0,0,2,100,-100,-100,0,1,160,11,108,48,0,0,6286,325,0,16,0,1940,266,0,32,0,871,1,0,56,0,536,0,0,0,0,100,964,0,112,0,0,52,28,37,0,0,3,3,0,0
6,13,0,63,6,6,0,1.018984,0.996398,1.002852,59,2,1167,100,100,0,0,2,0,-100,-100,100,1,160,27,195,48,0,0,5920,434,0,16,0,1931,281,0,32,0,913,0,0,42,0,513,0,0,6,0,329,935,24,62,0,0,69,21,2,0,0,2,2,0,0
6,13,1,65,6,6,0,1.037496,0.995883,1.007944,59,2,1167,100,100,0,0,2,-100,0,100,-100,1,160,27,299,57,0,0,5920,333,0,19,0,1931,306,0,38,0,913,0,0,36,0,513,0,0,5,0,329,801,20,61,0,0,55,18,3,0,0,3,3,0,0
6,13,2,87,6,6,0,1.034648,0.9986,1.001062,76,3,1417,100,100,0,0,2,-100,100,0,-100,1,160,27,135,57,0,0,5920,440,0,19,0,1931,308,0,38,0,913,1,0,36,0,513,0,0,5,0,329,1053,20,65,0,0,14,18,5,0,0,5,5,0,0
6,13,3,76,6,6,0,1.025751,0.977543,0.995092,66,3,1417,100,100,0,0,2,100,-100,-100,0,1,160,27,121,54,0,0,5920,361,0,18,0,1931,284,0,36,0,913,0,0,48,0,513,0,0,7,0,329,969,28,74,0,0,72,24,4,0,0,4,4,0,0
6,14,0,66,21,11,0,1.021736,0.995149,0.999241,59,3,1417,100,100,0,0,2,0,-100,-100,100,1,160,2,209,45,0,0,6136,356,0,15,0,1922,296,0,30,0,944,1,0,32,0,458,0,0,18,0,248,1049,72,83,0,0,50,16,35,0,0,1,1,0,0
6,14,1,69,21,11,0,1.041932,0.993763,1.008049,61,2,1167,100,100,0,0,2,-100,0,100,-100,1,160,2,326,54,0,0,6136,386,0,18,0,1922,324,0,36,0,944,1,0,26,0,458,0,0,15,0,248,840,60,48,0,0,66,13,2,0,0,2,2,0,0
6,14,2,90,21,11,0,1.037069,0.996842,1.000185,79,3,1417,100,100,0,0,2,-100,100,0,-100,1,160,2,152,60,0,0,6136,333,0,20,0,1922,328,0,40,0,944,1,0,32,0,458,0,0,18,0,248,1222,72,58,0,0,27,16,3,0,0,3,3,0,0
6,14,3,76,21,11,0,1.0283,0.981315,0.996555,65,3,1417,100,100,0,0,2,100,-100,-100,0,1,160,2,149,60,0,0,6136,377,0,20,0,1922,304,0,40,0,944,1,0,32,0,458,0,0,27,0,248,1064,108,58,0,0,85,16,3,0,0,3,3,0,0
6,15,0,67,18,28,0,1.021677,0.994485,1.000282,55,3,1417,97.127062,92.127062,1,1,2,0,-100,-100,100,1,160,3,226,48,0,0,5808,442,0,16,0,1907,312,0,32,0,933,0,0,26,0,443,1,0,26,0,420,1117,104,48,0,0,60,13,3,0,0,3,3,0,0
6,15,1,67,18,28,0,1.04338,0.994524,1.004416,58,2,1167,100,100,1,1,2,-100,0,100,-100,1,160,3,344,57,0,0,5808,434,0,19,0,1907,343,0,38,0,933,0,0,30,0,443,0,0,18,0,420,887,72,55,0,0,78,15,3,0,0,3,3,0,0
6,15,2,83,18,28,0,1.034314,0.997483,1.004771,71,4,1667,100,100,1,1,2,-100,100,0,-100,1,160,3,158,60,0,0,5808,375,0,20,0,1907,348,0,40,0,933,1,0,34,0,443,0,0,21,0,420,1273,84,96,0,0,6,17,38,0,0,4,4,0,0
6,15,3,74,18,28,0,1.028308,0.986336,0.99735,63,3,1417,100,100,1,1,2,100,-100,-100,0,1,160,3,169,60,0,0,5808,393,0,20,0,1907,324,0,40,0,933,1,0,36,0,443,0,0,27,0,420,1153,108,64,0,0,99,18,4,0,0,4,4,0,0
6,16,0,64,8,17,0,1.020107,0.996175,1.000243,56,4,1667,100,97.127062,1,1,2,0,-100,-100,100,1,160,15,225,42,0,0,6136,361,0,14,0,1913,326,0,28,0,996,0,0,26,0,418,1,0,28,0,407,1239,112,82,0,0,35,13,38,0,0,4,4,0,0
6,16,1,65,8,17,0,1.045301,0.995391,1.007981,58,3,1417,100,100,1,1,2,-100,0,100,-100,1,160,15,364,57,0,0,6136,348,0,19,0,1913,362,0,38,0,996,0,0,12,0,418,0,0,27,0,407,984,108,71,0,0,47,6,37,0,0,3,3,0,0
6,16,2,82,8,17,0,1.033411,0.998753,1.007719,71,4,1667,100,100,1,1,2,-100,100,0,-100,1,160,15,169,57,0,0,6136,417,0,19,0,1913,367,0,38,0,996,0,0,18,0,418,0,0,27,0,407,1357,108,45,0,0,11,9,4,0,0,4,4,0,0
6,16,3,71,8,17,0,1.026197,0.986136,0.997978,62,4,1667,100,100,1,1,2,100,-100,-100,0,1,160,15,188,57,0,0,6136,404,0,19,0,1913,343,0,38,0,996,0,0,22,0,418,9,0,27,0,407,1192,108,81,0,0,73,11,37,0,0,3,3,0,0
6,17,0,67,15,8,0,1.022675,0.994109,1.001755,60,4,1667,100,100,1,1,2,0,-100,-100,100,1,160,1,237,45,0,0,5992,450,0,15,0,1928,341,0,30,0,961,0,0,32,0,479,0,0,11,0,346,1250,44,51,0,0,49,16,2,0,0,2,2,0,0
6,17,1,65,15,8,0,1.047214,0.992977,1.006248,58,3,1417,100,100,1,1,2,-100,0,100,-100,1,160,1,387,51,0,0,5992,402,0,17,0,1928,379,0,34,0,961,0,0,28,0,479,0,0,11,0,346,1012,44,49,0,0,59,14,2,0,0,2,2,0,0
6,17,2,81,15,8,0,1.03141,0.99928,1.007833,74,4,1667,100,100,1,1,2,-100,100,0,-100,1,160,1,188,60,0,0,5992,315,0,20,0,1928,387,0,40,0,961,0,0,14,0,479,0,0,29,0,346,1585,116,40,0,0,15,7,3,0,0,3,3,0,0
6,17,3,76,15,8,0,1.033178,0.985305,1.003051,63,4,1667,100,100,1,1,2,100,-100,-100,0,1,160,1,210,57,0,0,5992,418,0,19,0,1928,362,0,38,0,961,1,0,36,0,479,0,0,16,0,346,1240,64,61,0,0,88,18,3,0,0,3,3,0,0
6,18,0,71,15,9,0,1.02466,0.992667,1.000059,62,5,1917,100,100,1,1,2,0,-100,-100,100,1,160,0,255,45,0,0,6256,368,0,15,0,1928,356,0,30,0,1006,0,0,22,0,404,6,0,30,0,140,1430,120,77,0,0,23,11,37,0,0,3,3,0,0
6,18,1,70,15,9,0,1.052083,0.992683,1.006885,59,3,1417,100,100,1,1,2,-100,0,100,-100,1,160,0,411,51,0,0,6256,320,0,17,0,1928,396,0,34,0,1006,0,0,14,0,404,0,0,24,0,140,1195,96,37,0,0,63,7,3,0,0,3,3,0,0
6,18,2,80,15,9,0,1.032165,0.997356,1.007785,74,4,1667,100,100,1,1,2,-100,100,0,-100,1,160,0,206,60,0,0,6256,350,0,20,0,1928,407,0,40,0,1006,0,0,14,0,404,0,0,36,0,140,1643,144,38,0,0,20,7,2,0,0,2,2,0,0
6,18,3,74,15,9,0,1.035041,0.982772,1.002848,62,5,1917,100,100,1,1,2,100,-100,-100,0,1,160,0,231,60,0,0,6256,322,0,20,0,1928,379,0,40,0,1006,1,0,10,0,404,5,0,31,0,140,1420,124,74,0,0,54,5,39,0,0,5,5,0,0
6,19,0,71,11,7,0,1.025506,0.991752,0.999208,63,5,1917,100,100,1,1,2,0,-100,-100,100,1,160,5,265,51,0,0,5808,448,0,17,0,1922,373,0,34,0,904,1,0,48,0,535,0,0,7,0,423,1411,28,71,0,0,44,24,3,0,0,3,3,0,0
6,19,1,72,11,7,0,1.052507,0.992319,1.007052,61,3,1417,100,100,1,1,2,-100,0,100,-100,1,160,5,429,57,0,0,5808,375,0,19,0,1922,415,0,38,0,904,0,0,36,0,535,0,0,0,0,423,1171,0,63,0,0,77,18,4,0,0,4,4,0,0
6,19,2,80,11,7,0,1.031113,1.000443,1.008303,73,5,1917,100,100,1,1,2,-100,100,0,-100,1,160,5,219,54,0,0,5808,396,0,18,0,1922,425,0,36,0,904,0,0,38,0,535,0,0,0,0,423,1573,0,94,0,0,3,19,36,0,0,2,2,0,0
6,19,3,76,11,7,0,1.036766,0.98341,1.004194,66,5,1917,100,100,1,1,2,100,-100,-100,0,1,160,5,255,57,0,0,5808,357,0,19,0,1922,398,0,38,0,904,0,0,46,0,535,0,0,5,0,423,1415,20,73,0,0,73,23,4,0,0,4,4,0,0
6,20,0,54,12,25,0,1.026589,0.985339,0.992688,48,5,1917,100,100,1,1,2,0,-100,-100,100,1,160,11,272,48,0,0,5984,361,0,16,0,1916,389,0,32,0,964,9,0,22,0,437,13,0,11,0,493,1459,44,42,0,0,53,11,2,0,0,2,2,0,0
6,20,1,74,12,25,0,1.054245,0.990771,1.010419,64,4,1667,100,100,1,1,2,-100,0,100,-100,1,160,11,450,57,0,0,5984,428,0,19,0,1916,434,0,38,0,964,1,0,32,0,437,0,0,18,0,493,1171,72,93,0,0,55,16,38,0,0,4,4,0,0
6,20,2,80,12,25,0,1.031907,0.999593,1.008507,73,5,1917,100,100,1,1,2,-100,100,0,-100,1,160,11,234,60,0,0,5984,432,0,20,0,1916,445,0,40,0,964,1,0,20,0,437,0,0,30,0,493,1674,120,46,0,0,10,10,3,0,0,3,3,0,0
6,20,3,78,12,25,0,1.041525,0.983515,1.004857,68,5,1917,100,100,1,1,2,100,-100,-100,0,1,160,11,277,60,0,0,5984,389,0,20,0,1916,418,0,40,0,964,0,0,24,0,437,0,0,27,0,493,1482,108,50,0,0,82,12,3,0,0,3,3,0,0
6,21,0,55,12,10,0,1.029661,0.982029,0.990205,49,5,1917,100,100,1,1,2,0,-100,-100,100,1,160,19,298,48,0,0,6192,347,0,16,0,1913,405,0,32,0,1023,2,0,22,0,444,18,0,11,0,358,1473,44,42,0,0,62,11,2,0,0,2,2,0,0
6,21,1,75,12,10,0,1.054418,0.991278,1.0114,65,4,1667,100,100,1,1,2,-100,0,100,-100,1,160,19,459,54,0,0,6192,336,0,18,0,1913,452,0,36,0,1023,0,0,12,0,444,0,0,17,0,358,1291,68,36,0,0,58,6,3,0,0,3,3,0,0
6,21,2,80,12,10,0,1.03176,1.001568,1.008039,74,5,1917,100,100,1,1,2,-100,100,0,-100,1,160,19,246,60,0,0,6192,332,0,20,0,1913,465,0,40,0,1023,1,0,10,0,444,0,0,25,0,358,1834,100,34,0,0,13,5,2,0,0,2,2,0,0
6,21,3,78,12,10,0,1.045258,0.982982,1.00305,68,5,1917,100,100,1,1,2,100,-100,-100,0,1,160,19,308,66,0,0,6192,433,0,22,0,1913,440,0,44,0,1023,1,0,12,0,444,0,0,31,0,358,1606,124,42,0,0,84,6,4,0,0,4,4,0,0
6,22,0,57,8,8,0,1.029283,0.979555,0.990758,50,5,1917,100,100,1,1,2,0,-100,-100,100,1,160,25,317,48,0,0,6032,348,0,16,0,2047,394,0,32,0,986,1,0,28,0,410,40,0,14,0,333,1493,56,48,0,0,74,14,2,0,0,2,2,0,0
6,22,1,74,8,8,0,1.055856,0.988893,1.013551,66,4,1667,100,100,1,1,2,-100,0,100,-100,1,160,25,475,60,0,0,6032,393,0,20,0,2047,440,0,40,0,986,0,0,20,0,410,0,0,24,0,333,1378,96,48,0,0,64,10,4,0,0,4,4,0,0
6,22,2,78,8,8,0,1.032787,1.000936,1.007254,73,5,1917,100,100,1,1,2,-100,100,0,-100,1,160,25,251,57,0,0,6032,377,0,19,0,2047,451,0,38,0,986,1,0,12,0,410,0,0,33,0,333,1894,132,35,0,0,17,6,2,0,0,2,2,0,0
6,22,3,79,8,8,0,1.046078,0.984704,1.004435,70,6,2167,100,100,1,1,2,100,-100,-100,0,1,160,25,326,66,0,0,6032,333,0,22,0,2047,420,0,44,0,986,0,0,28,0,410,1,0,32,0,333,1804,128,90,0,0,61,14,37,0,0,3,3,0,0
6,23,0,54,15,34,1,1.033113,0.979187,0.991209,47,5,1917,100,100,1,1,2,0,-100,-100,100,1,160,4,339,48,0,0,5888,355,0,16,0,1907,410,0,32,0,1004,1,0,22,0,434,46,0,13,0,435,1512,52,42,0,0,83,11,2,0,0,2,2,0,0
6,23,1,68,15,34,1,1.056794,0.988485,1.009239,61,5,1917,100,100,1,1,2,-100,0,100,-100,1,160,4,494,57,0,0,5888,444,0,19,0,1907,459,0,38,0,1004,1,0,4,0,434,0,0,30,0,435,1476,120,61,0,0,30,2,36,0,0,2,2,0,0
6,23,2,74,15,34,1,1.036114,0.999446,1.004021,67,5,1917,100,100,1,1,2,-100,100,0,-100,1,160,4,273,60,0,0,5888,423,0,20,0,1907,471,0,40,0,1004,1,0,0,0,434,0,0,30,0,435,1893,120,24,0,0,15,0,2,0,0,2,2,0,0
6,23,3,73,15,34,1,1.051169,0.980411,1.005789,64,7,2417,100,100,1,1,2,100,-100,-100,0,1,160,4,347,66,0,0,5888,376,0,22,0,1907,442,0,44,0,1004,0,0,12,0,434,0,0,24,0,435,1865,96,74,0,0,30,6,37,0,0,3,3,0,0
6,24,0,57,17,10,0,1.029292,0.97803,0.988325,48,5,1917,100,100,1,1,2,0,-100,-100,100,1,160,7,364,48,0,0,6176,365,0,16,0,1904,426,0,32,0,995,17,0,28,0,467,32,0,14,0,246,1532,56,48,0,0,95,14,2,0,0,2,2,0,0
6,24,1,68,17,10,0,1.060485,0.989325,1.00917,61,6,2167,100,100,1,1,2,-100,0,100,-100,1,160,7,518,57,0,0,6176,357,0,19,0,1904,478,0,38,0,995,1,0,12,0,467,0,0,20,0,246,1637,80,69,0,0,0,6,36,0,0,2,2,0,0
6,24,2,75,17,10,0,1.039725,1.003714,1.005414,66,5,1917,100,100,1,1,2,-100,100,0,-100,1,160,7,297,60,0,0,6176,329,0,20,0,1904,491,0,40,0,995,0,0,12,0,467,0,0,20,0,246,1891,80,38,0,0,18,6,3,0,0,3,3,0,0
6,24,3,76,17,10,0,1.051872,0.978851,1.005638,65,7,2417,100,100,1,1,2,100,-100,-100,0,1,160,7,384,69,0,0,6176,424,0,23,0,1904,465,0,46,0,995,0,0,10,0,467,0,0,29,0,246,1984,116,39,0,0,32,5,3,0,0,3,3,0,0
6,25,0,55,10,12,0,1.034101,0.978777,0.988128,48,5,1917,100,100,1,1,2,0,-100,-100,100,1,160,6,383,45,0,0,6032,381,0,15,0,1905,441,0,30,0,971,29,0,34,0,485,15,0,17,0,382,1561,68,57,0,0,108,17,4,0,0,4,4,0,0
6,25,1,66,10,12,0,1.058963,0.991108,1.011047,59,6,2167,100,100,1,1,2,-100,0,100,-100,1,160,6,552,63,0,0,6032,388,0,21,0,1905,499,0,42,0,971,1,0,14,0,485,0,0,11,0,382,1681,44,39,0,0,5,7,2,0,0,2,2,0,0
6,25,2,76,10,12,0,1.0433,1.003166,1.006627,66,5,1917,100,100,1,1,2,-100,100,0,-100,1,160,6,320,60,0,0,6032,370,0,20,0,1905,511,0,40,0,971,1,0,16,0,485,0,0,12,0,382,1891,48,42,0,0,23,8,3,0,0,3,3,0,0
6,25,3,77,10,12,0,1.056733,0.978999,1.006642,66,8,2667,100,100,1,1,2,100,-100,-100,0,1,160,6,422,72,0,0,6032,324,0,24,0,1905,488,0,48,0,971,1,0,20,0,485,0,0,26,0,382,2102,104,86,0,0,4,10,38,0,0,4,4,0,0
6,26,0,59,13,8,0,1.03829,0.975354,0.987351,51,5,1917,100,100,1,1,2,0,-100,-100,100,1,160,5,404,42,0,0,5920,400,0,14,0,1904,455,0,28,0,927,58,0,34,0,477,0,0,15,0,435,1587,60,52,0,0,123,17,2,0,0,2,2,0,0
6,26,1,68,13,8,0,1.062273,0.987451,1.013232,59,6,2167,100,100,1,1,2,-100,0,100,-100,1,160,5,585,63,0,0,5920,405,0,21,0,1904,520,0,42,0,927,0,0,26,0,477,0,0,21,0,435,1751,84,53,0,0,15,13,3,0,0,3,3,0,0
6,26,2,77,13,8,0,1.044188,1.00391,1.005341,68,5,1917,100,100,1,1,2,-100,100,0,-100,1,160,5,341,60,0,0,5920,418,0,20,0,1904,528,0,40,0,927,0,0,24,0,477,0,0,17,0,435,1889,68,52,0,0,31,12,4,0,0,4,4,0,0
6,26,3,75,13,8,0,1.063172,0.978149,1.005738,67,8,2667,100,100,1,1,2,100,-100,-100,0,1,160,5,452,69,0,0,5920,360,0,23,0,1904,511,0,46,0,927,1,0,34,0,477,0,0,21,0,435,2165,84,63,0,0,18,17,3,0,0,3,3,0,0
6,27,0,55,8,14,0,1.035306,0.97461,0.987857,50,6,2167,100,100,1,1,2,0,-100,-100,100,1,160,21,411,42,0,0,6284,327,0,14,0,1898,469,0,28,0,868,92,0,32,0,533,0,0,0,0,123,1610,0,84,0,0,103,16,36,0,0,2,2,0,0
6,27,1,68,8,14,0,1.064269,0.988356,1.013939,60,6,2167,100,100,1,1,2,-100,0,100,-100,1,160,21,614,66,0,0,6284,315,0,22,0,1898,542,0,44,0,868,0,0,50,0,533,0,0,0,0,123,1813,0,78,0,0,37,25,3,0,0,3,3,0,0
6,27,2,76,8,14,0,1.047083,1.002741,1.00248,69,6,2167,100,100,1,1,2,-100,100,0,-100,1,160,21,351,60,0,0,6284,321,0,20,0,1898,548,0,40,0,868,0,0,40,0,533,0,0,0,0,123,1819,0,98,0,0,15,20,36,0,0,2,2,0,0
6,27,3,74,8,14,0,1.065581,0.978015,1.004361,67,8,2667,100,100,1,1,2,100,-100,-100,0,1,160,21,488,69,0,0,6284,378,0,23,0,1898,534,0,46,0,868,1,0,48,0,533,0,0,3,0,123,2154,12,77,0,0,39,24,3,0,0,3,3,0,0
6,28,0,55,13,9,0,1.037236,0.978513,0.986579,50,6,2167,100,100,1,1,2,0,-100,-100,100,1,160,18,428,42,0,0,5920,354,0,14,0,1904,483,0,28,0,899,106,0,34,0,527,0,0,4,0,447,1589,16,52,0,0,118,17,2,0,0,2,2,0,0
6,28,1,69,13,9,0,1.063474,0.988829,1.015038,63,6,2167,100,100,1,1,2,-100,0,100,-100,1,160,18,645,66,0,0,5920,337,0,22,0,1904,558,0,44,0,899,1,0,40,0,527,0,0,2,0,447,1791,8,66,0,0,55,20,2,0,0,2,2,0,0
6,28,2,78,13,9,0,1.046312,1.00186,1.001954,69,6,2167,100,100,1,1,2,-100,100,0,-100,1,160,18,375,60,0,0,5920,361,0,20,0,1904,568,0,40,0,899,1,0,32,0,527,0,0,1,0,447,1828,4,58,0,0,28,16,3,0,0,3,3,0,0
6,28,3,75,13,9,0,1.067583,0.977046,1.00175,66,8,2667,100,100,1,1,2,100,-100,-100,0,1,160,18,524,75,0,0,5920,391,0,25,0,1904,559,0,50,0,899,1,0,48,0,527,0,0,2,0,447,2124,8,77,0,0,61,24,2,0,0,2,2,0,0
6,29,0,59,16,14,0,1.038416,0.980024,0.989035,52,6,2167,100,100,1,1,2,0,-100,-100,100,1,160,7,450,42,0,0,5920,381,0,14,0,1901,497,0,28,0,1072,70,0,36,0,325,46,0,18,0,435,1622,72,54,0,0,134,18,2,0,0,2,2,0,0
6,29,1,71,16,14,0,1.066207,0.985467,1.013516,62,7,2417,100,100,1,1,2,-100,0,100,-100,1,160,7,671,60,0,0,5920,360,0,20,0,1901,578,0,40,0,1072,1,0,0,0,325,29,0,27,0,435,1880,108,58,0,0,19,0,36,0,0,2,2,0,0
6,29,2,74,16,14,0,1.051624,0.999691,0.998367,66,6,2167,100,100,1,1,2,-100,100,0,-100,1,160,7,388,54,0,0,5920,409,0,18,0,1901,586,0,36,0,1072,1,0,0,0,325,0,0,39,0,435,2023,156,24,0,0,25,0,3,0,0,3,3,0,0
6,29,3,75,16,14,0,1.069846,0.978879,1.000236,64,8,2667,100,100,1,1,2,100,-100,-100,0,1,160,7,568,75,0,0,5920,403,0,25,0,1901,584,0,50,0,1072,1,0,0,0,325,24,0,28,0,435,2245,112,33,0,0,57,0,4,0,0,4,4,0,0
6,30,0,58,11,16,0,1.038017,0.980379,0.989945,53,6,2167,100,100,1,1,2,0,-100,-100,100,1,160,4,472,45,0,0,6106,395,0,15,0,1907,512,0,30,0,978,62,0,40,0,438,48,0,20,0,303,1680,80,59,0,0,152,20,2,0,0,2,2,0,0
6,30,1,70,11,16,0,1.068563,0.985208,1.015727,62,7,2417,100,100,1,1,2,-100,0,100,-100,1,160,4,694,60,0,0,6106,364,0,20,0,1907,598,0,40,0,978,0,0,26,0,438,18,0,27,0,303,1987,108,52,0,0,29,13,3,0,0,3,3,0,0
6,30,2,72,11,16,0,1.051993,0.996195,0.995041,64,6,2167,100,100,1,1,2,-100,100,0,-100,1,160,4,402,54,0,0,6106,317,0,18,0,1907,604,0,36,0,978,0,0,8,0,438,0,0,26,0,303,2143,104,32,0,0,26,4,3,0,0,3,3,0,0
6,30,3,74,11,16,0,1.074819,0.980131,1.000399,63,8,2667,100,100,1,1,2,100,-100,-100,0,1,160,4,608,75,0,0,6106,401,0,25,0,1907,609,0,50,0,978,0,0,24,0,438,21,0,27,0,303,2349,108,57,0,0,65,12,4,0,0,4,4,0,0
6,31,0,58,10,15,0,1.040713,0.976033,0.987385,54,6,2167,100,100,1,1,2,0,-100,-100,100,1,160,32,476,39,0,0,6032,324,0,13,0,1907,525,0,26,0,958,62,0,40,0,521,28,0,20,0,349,1815,80,55,0,0,171,20,1,0,0,1,1,0,0
6,31,1,69,10,15,0,1.06971,0.985681,1.016015,62,7,2417,100,100,1,1,2,-100,0,100,-100,1,160,32,704,54,0,0,6032,396,0,18,0,1907,616,0,36,0,958,1,0,28,0,521,0,0,18,0,349,2046,72,52,0,0,40,14,3,0,0,3,3,0,0
6,31,2,68,10,15,0,1.053007,0.997248,0.996993,60,6,2167,100,100,1,1,2,-100,100,0,-100,1,160,32,417,54,0,0,6032,363,0,18,0,1907,622,0,36,0,958,1,0,10,0,521,0,0,15,0,349,2143,60,34,0,0,28,5,3,0,0,3,3,0,0
6,31,3,74,10,15,0,1.078817,0.978038,1.002028,64,8,2667,100,100,1,1,2,100,-100,-100,0,1,160,32,645,75,0,0,6032,414,0,25,0,1907,634,0,50,0,958,0,0,34,0,521,0,0,21,0,349,2405,84,67,0,0,78,17,4,0,0,4,4,0,0
6,32,0,59,11,7,0,1.043548,0.978228,0.986673,53,7,2417,100,100,1,1,2,0,-100,-100,100,1,160,3,495,42,0,0,6024,356,0,14,0,1913,539,0,28,0,1041,32,0,40,0,481,26,0,20,0,403,1824,80,92,0,0,155,20,36,0,0,2,2,0,0
6,32,1,68,11,7,0,1.069595,0.984585,1.014561,62,8,2667,100,100,1,1,2,-100,0,100,-100,1,160,3,724,57,0,0,6024,428,0,19,0,1913,635,0,38,0,1041,0,0,10,0,481,0,0,8,0,403,2050,32,67,0,0,9,5,36,0,0,2,2,0,0
6,32,2,69,11,7,0,1.056296,0.998605,0.994536,61,6,2167,100,100,1,1,2,-100,100,0,-100,1,160,3,439,51,0,0,6024,414,0,17,0,1913,639,0,34,0,1041,0,0,6,0,481,0,0,13,0,403,2144,52,29,0,0,28,3,3,0,0,3,3,0,0
6,32,3,77,11,7,0,1.078359,0.977102,1.001985,68,8,2667,100,100,1,1,2,100,-100,-100,0,1,160,3,693,81,0,0,6024,313,0,27,0,1913,661,0,54,0,1041,1,0,6,0,481,0,0,16,0,403,2519,64,39,0,0,78,3,3,0,0,3,3,0,0
6,33,0,64,16,14,0,1.047314,0.979856,0.984339,55,7,2417,100,100,1,1,2,0,-100,-100,100,1,160,11,512,42,0,0,6184,387,0,14,0,1910,553,0,28,0,894,34,0,44,0,536,4,0,22,0,236,1877,88,62,0,0,175,22,2,0,0,2,2,0,0
6,33,1,68,16,14,0,1.074112,0.983601,1.011139,61,8,2667,100,100,1,1,2,-100,0,100,-100,1,160,11,740,54,0,0,6184,342,0,18,0,1910,653,0,36,0,894,1,0,50,0,536,0,0,0,0,236,2123,0,72,0,0,32,25,2,0,0,2,2,0,0
6,33,2,69,16,14,0,1.061757,0.9986,0.994452,61,7,2417,100,100,1,1,2,-100,100,0,-100,1,160,11,459,51,0,0,6184,328,0,17,0,1910,656,0,34,0,894,1,0,40,0,536,0,0,0,0,236,2072,0,95,0,0,12,20,36,0,0,2,2,0,0
6,33,3,74,16,14,0,1.083782,0.981246,1.000123,65,8,2667,100,100,1,1,2,100,-100,-100,0,1,160,11,734,78,0,0,6184,306,0,26,0,1910,687,0,52,0,894,0,0,38,0,536,0,0,0,0,236,2491,0,70,0,0,94,19,3,0,0,3,3,0,0
6,34,0,65,14,12,1,1.050163,0.979933,0.983255,54,7,2417,100,100,1,1,2,0,-100,-100,100,1,160,8,537,51,0,0,5952,402,0,17,0,1913,570,0,34,0,835,53,0,44,0,536,0,0,4,0,435,1854,16,69,0,0,193,22,4,0,0,4,4,0,0
6,34,1,67,14,12,1,1.07843,0.981505,1.012936,60,8,2667,100,100,1,1,2,-100,0,100,-100,1,160,8,764,57,0,0,5952,359,0,19,0,1913,672,0,38,0,835,11,0,50,0,536,0,0,0,0,435,2086,0,73,0,0,55,25,2,0,0,2,2,0,0
6,34,2,68,14,12,1,1.068027,0.997703,0.992648,61,7,2417,100,100,1,1,2,-100,100,0,-100,1,160,8,471,48,0,0,5952,363,0,16,0,1913,672,0,32,0,835,1,0,54,0,536,0,0,0,0,435,2047,0,76,0,0,36,27,3,0,0,3,3,0,0
6,34,3,77,14,12,1,1.085342,0.982232,0.998864,66,8,2667,100,100,1,1,2,100,-100,-100,0,1,160,8,775,75,0,0,5952,311,0,25,0,1913,712,0,50,0,835,0,0,54,0,536,0,0,0,0,435,2454,0,85,0,0,118,27,3,0,0,3,3,0,0
6,35,0,66,12,11,0,1.052223,0.98128,0.984987,55,7,2417,100,100,1,1,2,0,-100,-100,100,1,160,16,562,54,0,0,6064,319,0,18,0,1895,588,0,36,0,1025,19,0,44,0,391,18,0,22,0,388,1955,88,70,0,0,211,22,4,0,0,4,4,0,0
6,35,1,68,12,11,0,1.07811,0.980124,1.01254,61,8,2667,100,100,1,1,2,-100,0,100,-100,1,160,16,791,60,0,0,6064,368,0,20,0,1895,692,0,40,0,1025,1,0,26,0,391,9,0,27,0,388,2181,108,52,0,0,65,13,3,0,0,3,3,0,0
6,35,2,64,12,11,0,1.074162,1.00154,0.993081,59,8,2667,100,100,1,1,2,-100,100,0,-100,1,160,16,482,51,0,0,6064,382,0,17,0,1895,689,0,34,0,1025,1,0,10,0,391,4,0,29,0,388,2141,116,65,0,0,5,5,36,0,0,2,2,0,0
6,35,3,80,12,11,0,1.08763,0.983345,1.00109,68,8,2667,100,100,1,1,2,100,-100,-100,0,1,160,16,813,81,0,0,6064,327,0,27,0,1895,739,0,54,0,1025,1,0,10,0,391,3,0,30,0,388,2565,120,45,0,0,119,5,4,0,0,4,4,0,0
6,36,0,64,13,29,0,1.057613,0.975488,0.978577,52,7,2417,100,100,1,1,2,0,-100,-100,100,1,160,0,586,54,0,0,5976,339,0,18,0,1892,606,0,36,0,876,3,0,50,0,536,0,0,18,0,435,1987,72,76,0,0,232,25,4,0,0,4,4,0,0
6,36,1,60,13,29,0,1.086539,0.974429,1.012191,53,8,2667,100,100,1,1,2,-100,0,100,-100,1,160,0,819,60,0,0,5976,384,0,20,0,1892,712,0,40,0,876,1,0,26,0,536,0,0,9,0,435,2209,36,50,0,0,76,13,2,0,0,2,2,0,0
6,36,2,65,13,29,0,1.082338,0.999372,0.995162,58,8,2667,100,100,1,1,2,-100,100,0,-100,1,160,0,507,48,0,0,5976,398,0,16,0,1892,705,0,32,0,876,1,0,36,0,536,0,0,4,0,435,2149,16,56,0,0,21,18,2,0,0,2,2,0,0
6,36,3,73,13,29,0,1.086906,0.982156,1.00004,64,8,2667,100,100,1,1,2,100,-100,-100,0,1,160,0,863,90,0,0,5976,337,0,30,0,1892,769,0,60,0,876,1,0,34,0,536,0,0,3,0,435,2544,12,72,0,0,132,17,4,0,0,4,4,0,0
6,37,0,67,16,8,0,1.060166,0.973422,0.978635,55,7,2417,100,100,1,1,2,0,-100,-100,100,1,160,7,614,57,0,0,5960,360,0,19,0,1892,622,0,38,0,956,0,0,38,0,536,0,0,0,0,426,1964,0,65,0,0,247,19,4,0,0,4,4,0,0
6,37,1,62,16,8,0,1.087652,0.975366,1.012313,53,8,2667,100,100,1,1,2,-100,0,100,-100,1,160,7,857,63,0,0,5960,407,0,21,0,1892,733,0,42,0,956,1,0,18,0,536,0,0,0,0,426,2206,0,45,0,0,82,9,3,0,0,3,3,0,0
6,37,2,67,16,8,0,1.085624,0.995652,0.992404,58,8,2667,100,100,1,1,2,-100,100,0,-100,1,160,7,526,45,0,0,5960,422,0,15,0,1892,720,0,30,0,956,1,0,32,0,536,0,0,0,0,426,2149,0,51,0,0,35,16,2,0,0,2,2,0,0
6,37,3,74,16,8,0,1.088348,0.980915,1.001455,66,8,2667,100,100,1,1,2,100,-100,-100,0,1,160,7,916,90,0,0,5960,338,0,30,0,1892,796,0,60,0,956,1,0,28,0,536,0,0,0,0,426,2519,0,64,0,0,143,14,3,0,0,3,3,0,0
6,38,0,69,16,13,0,1.062739,0.974757,0.979851,58,7,2417,100,100,1,1,2,0,-100,-100,100,1,160,10,636,57,0,0,6184,378,0,19,0,1892,641,0,38,0,968,1,0,30,0,533,0,0,1,0,207,1959,4,57,0,0,258,15,4,0,0,4,4,0,0
6,38,1,59,16,13,0,1.087453,0.970097,1.012013,55,8,2667,100,100,1,1,2,-100,0,100,-100,1,160,10,885,63,0,0,6184,324,0,21,0,1892,751,0,42,0,968,1,0,14,0,533,0,0,1,0,207,2297,4,37,0,0,88,7,1,0,0,1,1,0,0
6,38,2,70,16,13,0,1.08696,0.996813,0.992577,58,8,2667,100,100,1,1,2,-100,100,0,-100,1,160,10,546,45,0,0,6184,340,0,15,0,1892,735,0,30,0,968,1,0,34,0,533,0,0,1,0,207,2244,4,57,0,0,48,17,4,0,0,4,4,0,0
6,38,3,75,16,13,0,1.091643,0.981615,1.004444,66,8,2667,100,100,1,1,2,100,-100,-100,0,1,160,10,973,90,0,0,6184,330,0,30,0,1892,826,0,60,0,968,0,0,26,0,533,0,0,0,0,207,2502,0,62,0,0,153,13,3,0,0,3,3,0,0
6,39,0,72,12,12,0,1.064556,0.974977,0.982001,60,7,2417,100,100,1,1,2,0,-100,-100,100,1,160,9,657,51,0,0,5992,412,0,17,0,1889,658,0,34,0,939,0,0,32,0,523,0,0,2,0,417,1958,8,57,0,0,270,16,4,0,0,4,4,0,0
6,39,1,61,12,12,0,1.092403,0.971704,1.015019,55,8,2667,100,100,1,1,2,-100,0,100,-100,1,160,9,925,63,0,0,5992,348,0,21,0,1889,772,0,42,0,939,1,0,20,0,523,0,0,2,0,417,2299,8,45,0,0,96,10,2,0,0,2,2,0,0
6,39,2,68,12,12,0,1.086854,0.997251,0.992497,61,8,2667,100,100,1,1,2,-100,100,0,-100,1,160,9,558,48,0,0,5992,342,0,16,0,1889,751,0,32,0,939,0,0,46,0,523,0,0,5,0,417,2241,20,68,0,0,68,23,3,0,0,3,3,0,0
6,39,3,72,12,12,0,1.096741,0.984186,1.004464,64,8,2667,100,100,1,1,2,100,-100,-100,0,1,160,9,1023,90,0,0,5992,313,0,30,0,1889,856,0,60,0,939,0,0,30,0,523,0,0,2,0,417,2489,8,66,0,0,165,15,3,0,0,3,3,0,0
6,40,0,72,9,10,0,1.066115,0.974533,0.979009,63,7,2417,100,100,1,1,2,0,-100,-100,100,1,160,4,672,51,0,0,6104,323,0,17,0,1892,675,0,34,0,902,0,0,48,0,526,0,0,2,0,325,2043,8,73,0,0,290,24,4,0,0,4,4,0,0
6,40,1,61,9,10,0,1.094701,0.971,1.01532,55,8,2667,100,100,1,1,2,-100,0,100,-100,1,160,4,966,66,0,0,6104,369,0,22,0,1892,794,0,44,0,902,0,0,28,0,526,0,0,2,0,325,2292,8,54,0,0,108,14,2,0,0,2,2,0,0
6,40,2,66,9,10,0,1.085327,0.995733,0.992326,61,8,2667,100,100,1,1,2,-100,100,0,-100,1,160,4,576,48,0,0,6104,346,0,16,0,1892,767,0,32,0,902,6,0,54,0,526,0,0,2,0,325,2221,8,74,0,0,93,27,2,0,0,2,2,0,0
6,40,3,73,9,10,0,1.099016,0.983085,1.00416,64,8,2667,100,100,1,1,2,100,-100,-100,0,1,160,4,1079,87,0,0,6104,308,0,29,0,1892,885,0,58,0,902,0,0,32,0,526,0,0,4,0,325,2475,16,67,0,0,178,16,3,0,0,3,3,0,0
5,1,0,89,15,54,0,0.997976,0.987242,0.996854,0,0,667,100,100,0,0,2,0,-100,-100,100,1,160,0,111,75,0,0,5600,409,0,25,0,1856,122,0,50,0,915,30,0,70,0,529,20,0,35,0,300,189,140,115,0,0,25,35,10,0,0,10,10,0,0
5,1,1,90,15,54,0,0.997165,0.994468,0.999235,0,0,667,100,100,0,0,2,-100,0,100,-100,1,160,0,109,69,0,0,5600,411,0,23,0,1856,123,0,46,0,915,32,0,76,0,529,12,0,38,0,300,200,152,125,0,0,25,38,13,0,0,13,13,0,0
5,1,2,89,15,54,0,0.996499,0.98728,0.996042,0,0,667,100,100,0,0,2,-100,100,0,-100,1,160,0,108,72,0,0,5600,410,0,24,0,1856,121,0,48,0,915,35,0,74,0,529,13,0,37,0,300,196,148,122,0,0,25,37,12,0,0,12,12,0,0
5,1,3,93,15,54,0,0.997494,0.993008,0.998608,0,0,667,100,100,0,0,2,100,-100,-100,0,1,160,0,108,72,0,0,5600,402,0,24,0,1856,124,0,48,0,915,26,0,82,0,529,11,0,41,0,300,209,164,140,0,0,24,41,17,0,0,17,17,0,0
5,2,0,90,15,24,0,0.999777,0.987848,0.997499,10,0,667,100,100,0,0,2,0,-100,-100,100,1,160,1,136,75,0,0,5600,495,0,25,0,1850,144,0,50,0,954,0,0,68,0,453,0,0,21,0,426,192,84,117,0,0,47,34,12,0,0,12,12,0,0
5,2,1,86,15,24,0,0.999761,0.99096,0.999788,11,0,667,100,100,0,0,2,-100,0,100,-100,1,160,1,129,72,0,0,5600,497,0,24,0,1850,147,0,48,0,954,1,0,54,0,453,0,0,29,0,426,251,116,104,0,0,39,27,13,0,0,13,13,0,0
5,2,2,89,15,24,0,0.997881,0.985559,0.996037,9,0,667,100,100,0,0,2,-100,100,0,-100,1,160,1,128,72,0,0,5600,497,0,24,0,1850,145,0,48,0,954,1,0,62,0,453,0,0,37,0,426,271,148,112,0,0,43,31,13,0,0,13,13,0,0
5,2,3,87,15,24,0,1.00391,0.990055,0.999351,14,0,667,100,100,0,0,2,100,-100,-100,0,1,160,1,119,69,0,0,5600,470,0,23,0,1850,147,0,46,0,954,1,0,54,0,453,0,0,23,0,426,247,92,111,0,0,34,27,17,0,0,17,17,0,0
5,3,0,89,14,15,1,1.003831,0.989767,0.997265,22,0,667,100,100,0,0,2,0,-100,-100,100,1,160,1,163,78,0,0,6400,379,0,26,0,1856,167,0,52,0,859,0,0,48,0,518,0,0,1,0,187,186,4,100,0,0,58,24,13,0,0,13,13,0,0
5,3,1,85,14,15,1,1.001443,0.992361,0.998573,23,0,667,100,100,0,0,2,-100,0,100,-100,1,160,1,152,72,0,0,6400,387,0,24,0,1856,171,0,48,0,859,1,0,42,0,518,0,0,5,0,187,274,20,92,0,0,47,21,13,0,0,13,13,0,0
5,3,2,88,14,15,1,0.999845,0.985263,0.997399,20,0,667,100,100,0,0,2,-100,100,0,-100,1,160,1,153,72,0,0,6400,384,0,24,0,1856,169,0,48,0,859,1,0,54,0,518,0,0,8,0,187,303,32,106,0,0,56,27,14,0,0,14,14,0,0
5,3,3,89,14,15,1,1.007314,0.989337,0.999042,28,0,667,100,100,0,0,2,100,-100,-100,0,1,160,1,136,69,0,0,6400,360,0,23,0,1856,167,0,46,0,859,0,0,46,0,518,0,0,4,0,187,267,16,103,0,0,40,23,17,0,0,17,17,0,0
5,4,0,89,7,21,0,1.004267,0.988011,0.995331,35,0,667,100,100,0,0,2,0,-100,-100,100,1,160,19,190,81,0,0,5584,471,0,27,0,1909,166,0,54,0,1018,1,0,18,0,390,0,0,33,0,414,286,132,71,0,0,54,9,13,0,0,13,13,0,0
5,4,1,82,7,21,0,1.002038,0.991452,0.997685,35,0,667,100,100,0,0,2,-100,0,100,-100,1,160,19,171,72,0,0,5584,494,0,24,0,1909,171,0,48,0,1018,0,0,6,0,390,0,0,39,0,414,414,156,58,0,0,36,3,14,0,0,14,14,0,0
5,4,2,86,7,21,0,1.002545,0.98677,0.996642,32,0,667,100,100,0,0,2,-100,100,0,-100,1,160,19,172,72,0,0,5584,448,0,24,0,1909,181,0,48,0,1018,1,0,14,0,390,8,0,37,0,414,428,148,68,0,0,48,7,15,0,0,15,15,0,0
5,4,3,80,7,21,0,1.011509,0.989681,0.997105,44,0,667,100,100,0,0,2,100,-100,-100,0,1,160,19,144,72,0,0,5584,431,0,24,0,1909,182,0,48,0,1018,0,0,16,0,390,0,0,15,0,414,310,60,74,0,0,31,8,17,0,0,17,17,0,0
5,5,0,90,13,9,0,1.002698,0.986615,0.995063,47,0,667,100,100,0,0,2,0,-100,-100,100,1,160,9,209,78,0,0,6400,356,0,26,0,1850,189,0,52,0,939,1,0,36,0,536,0,0,0,0,267,294,0,92,0,0,57,18,15,0,0,15,15,0,0
5,5,1,84,13,9,0,1.002676,0.989909,0.998309,48,0,667,100,100,0,0,2,-100,0,100,-100,1,160,9,202,72,0,0,6400,388,0,24,0,1850,195,0,48,0,939,0,0,32,0,536,0,0,0,0,267,406,0,84,0,0,38,16,14,0,0,14,14,0,0
5,5,2,88,13,9,0,1.003016,0.989812,0.996534,45,0,667,100,100,0,0,2,-100,100,0,-100,1,160,9,199,78,0,0,6400,336,0,26,0,1850,207,0,52,0,939,0,0,40,0,536,0,0,8,0,267,432,32,96,0,0,53,20,15,0,0,15,15,0,0
5,5,3,79,13,9,0,1.011693,0.987359,0.995779,58,0,667,100,100,0,0,2,100,-100,-100,0,1,160,9,158,60,0,0,6400,331,0,20,0,1850,202,0,40,0,939,0,0,26,0,536,0,0,0,0,267,335,0,64,0,0,35,13,9,0,0,9,9,0,0
5,6,0,90,14,18,0,1.003975,0.986057,0.997044,61,0,667,100,100,0,0,2,0,-100,-100,100,1,160,4,243,81,0,0,5639,424,0,27,0,1856,213,0,54,0,962,0,0,36,0,444,0,0,25,0,400,353,100,89,0,0,62,18,13,0,0,13,13,0,0
5,6,1,85,14,18,0,1.005373,0.988131,0.999999,61,0,667,100,100,0,0,2,-100,0,100,-100,1,160,4,231,72,0,0,5639,481,0,24,0,1856,219,0,48,0,962,1,0,26,0,444,0,0,24,0,400,480,96,72,0,0,40,13,11,0,0,11,11,0,0
5,6,2,83,14,18,0,1.00568,0.992277,0.990755,55,0,667,100,100,0,0,2,-100,100,0,-100,1,160,4,219,75,0,0,5639,360,0,25,0,1856,229,0,50,0,962,0,0,24,0,444,0,0,25,0,400,509,100,73,0,0,53,12,12,0,0,12,12,0,0
5,6,3,79,14,18,0,1.014754,0.986684,0.995903,64,0,667,100,100,0,0,2,100,-100,-100,0,1,160,4,172,57,0,0,5639,431,0,19,0,1856,221,0,38,0,962,1,0,20,0,444,0,0,9,0,400,369,36,51,0,0,39,10,6,0,0,6,6,0,0
5,7,0,61,17,110,0,1.008413,0.989608,0.996088,46,0,667,100,100,0,0,2,0,-100,-100,100,1,160,7,267,75,0,0,6259,309,0,25,0,1862,238,0,50,0,946,21,0,18,0,458,15,0,9,0,101,363,36,53,0,0,66,9,5,0,0,5,5,0,0
5,7,1,56,17,110,0,1.010233,0.981519,1.002924,40,0,667,100,100,0,0,2,-100,0,100,-100,1,160,7,247,72,0,0,6259,372,0,24,0,1862,240,0,48,0,946,10,0,24,0,458,3,0,12,0,101,508,48,60,0,0,46,12,6,0,0,6,6,0,0
5,7,2,82,17,110,0,1.007816,0.996247,0.989547,64,1,917,100,100,0,0,2,-100,100,0,-100,1,160,7,250,72,0,0,6259,394,0,24,0,1862,253,0,48,0,946,0,0,30,0,458,0,0,24,0,101,558,96,104,0,0,26,15,42,0,0,8,8,0,0
5,7,3,45,17,110,0,1.022955,0.981659,0.990369,37,0,667,100,100,0,0,2,100,-100,-100,0,1,160,7,177,51,0,0,6259,335,0,17,0,1862,238,0,34,0,946,0,0,22,0,458,3,0,12,0,101,416,48,43,0,0,48,11,2,0,0,2,2,0,0
5,8,0,59,11,22,0,1.01285,0.991135,0.997559,47,0,667,100,100,0,0,2,0,-100,-100,100,1,160,33,318,84,0,0,6136,228,0,28,0,2136,182,0,56,0,937,30,0,22,0,506,9,0,11,0,480,377,44,60,0,0,72,11,5,0,0,5,5,0,0
5,8,1,52,11,22,0,1.010773,0.9833,0.999516,42,0,667,100,100,0,0,2,-100,0,100,-100,1,160,33,291,69,0,0,6136,341,0,23,0,2136,196,0,46,0,937,9,0,24,0,506,5,0,12,0,480,519,48,55,0,0,54,12,4,0,0,4,4,0,0
5,8,2,80,11,22,0,1.014468,0.999659,0.991286,65,1,917,100,100,0,0,2,-100,100,0,-100,1,160,33,280,75,0,0,6136,439,0,25,0,2136,203,0,50,0,937,0,0,18,0,506,0,0,9,0,480,592,36,53,0,0,30,9,5,0,0,5,5,0,0
5,8,3,42,11,22,0,1.02333,0.981267,0.994126,35,0,667,100,100,0,0,2,100,-100,-100,0,1,160,33,203,51,0,0,6136,321,0,17,0,2136,206,0,34,0,937,3,0,24,0,506,0,0,5,0,480,407,20,47,0,0,57,12,3,0,0,3,3,0,0
5,9,0,58,17,32,0,1.019211,0.990528,0.988374,45,0,667,100,100,0,0,2,0,-100,-100,100,1,160,3,372,78,0,0,6288,151,0,26,0,1865,205,0,52,0,940,40,0,20,0,500,8,0,10,0,384,392,40,52,0,0,79,10,3,0,0,3,3,0,0
5,9,1,45,17,32,0,1.011666,0.982204,0.997428,37,0,667,100,100,0,0,2,-100,0,100,-100,1,160,3,337,69,0,0,6288,322,0,23,0,1865,219,0,46,0,940,16,0,20,0,500,0,0,5,0,384,499,20,49,0,0,61,10,3,0,0,3,3,0,0
5,9,2,74,17,32,0,1.0146,0.994072,0.989668,64,1,917,100,100,0,0,2,-100,100,0,-100,1,160,3,307,69,0,0,6288,336,0,23,0,1865,226,0,46,0,940,1,0,26,0,500,0,0,18,0,384,739,72,55,0,0,40,13,3,0,0,3,3,0,0
5,9,3,41,17,32,0,1.033096,0.982801,0.988636,34,0,667,100,100,0,0,2,100,-100,-100,0,1,160,3,244,48,0,0,6288,311,0,16,0,1865,222,0,32,0,940,1,0,20,0,500,0,0,9,0,384,424,36,40,0,0,65,10,2,0,0,2,2,0,0
5,10,0,61,12,8,0,1.024637,0.997816,0.987953,47,0,667,100,100,0,0,2,0,-100,-100,100,1,160,17,428,78,0,0,6120,91,0,26,0,1877,228,0,52,0,973,47,0,26,0,513,1,0,13,0,489,412,52,62,0,0,87,13,5,0,0,5,5,0,0
5,10,1,45,12,8,0,1.012633,0.983881,0.998717,39,0,667,100,100,0,0,2,-100,0,100,-100,1,160,17,393,72,0,0,6120,309,0,24,0,1877,243,0,48,0,973,12,0,22,0,513,0,0,2,0,489,467,8,52,0,0,69,11,3,0,0,3,3,0,0
5,10,2,75,12,8,0,1.017633,0.992354,0.990121,65,1,917,100,100,0,0,2,-100,100,0,-100,1,160,17,343,72,0,0,6120,382,0,24,0,1877,250,0,48,0,973,0,0,28,0,513,0,0,9,0,489,762,36,58,0,0,51,14,3,0,0,3,3,0,0
5,10,3,41,12,8,0,1.03659,0.98244,0.986136,34,0,667,100,100,0,0,2,100,-100,-100,0,1,160,17,277,48,0,0,6120,302,0,16,0,1877,238,0,32,0,973,0,0,22,0,513,0,0,6,0,489,425,24,44,0,0,73,11,3,0,0,3,3,0,0
5,11,0,61,9,9,0,1.026636,0.999373,0.986083,50,0,667,100,100,0,0,2,0,-100,-100,100,1,160,27,480,78,0,0,6136,37,0,26,0,1959,229,0,52,0,1041,31,0,28,0,428,26,0,14,0,495,428,56,64,0,0,96,14,5,0,0,5,5,0,0
5,11,1,44,9,9,0,1.015516,0.982964,1.002331,40,0,667,100,100,0,0,2,-100,0,100,-100,1,160,27,449,69,0,0,6136,297,0,23,0,1959,245,0,46,0,1041,1,0,16,0,428,4,0,12,0,495,487,48,43,0,0,75,8,2,0,0,2,2,0,0
5,11,2,74,9,9,0,1.020684,0.991637,0.985994,64,2,1167,100,100,0,0,2,-100,100,0,-100,1,160,27,367,66,0,0,6136,421,0,22,0,1959,251,0,44,0,1041,0,0,6,0,428,0,0,31,0,495,853,124,70,0,0,16,3,38,0,0,4,4,0,0
5,11,3,43,9,9,0,1.038411,0.979799,0.986113,36,0,667,100,100,0,0,2,100,-100,-100,0,1,160,27,317,51,0,0,6136,283,0,17,0,1959,231,0,34,0,1041,0,0,8,0,428,10,0,12,0,495,465,48,29,0,0,75,4,2,0,0,2,2,0,0
5,12,0,60,13,12,0,1.029371,1.004678,0.985484,51,0,667,100,100,0,0,2,0,-100,-100,100,1,160,2,528,75,0,0,6256,8,0,25,0,1883,254,0,50,0,943,48,0,28,0,513,12,0,14,0,368,455,56,59,0,0,107,14,3,0,0,3,3,0,0
5,12,1,45,13,12,0,1.020854,0.982952,1.001999,41,0,667,100,100,0,0,2,-100,0,100,-100,1,160,2,509,69,0,0,6256,278,0,23,0,1883,265,0,46,0,943,0,0,22,0,513,0,0,4,0,368,487,16,47,0,0,85,11,1,0,0,1,1,0,0
5,12,2,75,13,12,0,1.024375,0.98769,0.986568,64,2,1167,100,100,0,0,2,-100,100,0,-100,1,160,2,395,66,0,0,6256,325,0,22,0,1883,273,0,44,0,943,1,0,20,0,513,0,0,23,0,368,1044,92,48,0,0,23,10,3,0,0,3,3,0,0
5,12,3,43,13,12,0,1.043134,0.97523,0.98764,35,0,667,100,100,0,0,2,100,-100,-100,0,1,160,2,360,48,0,0,6256,263,0,16,0,1883,247,0,32,0,943,12,0,24,0,513,0,0,10,0,368,480,40,46,0,0,84,12,3,0,0,3,3,0,0
5,13,0,61,16,8,0,1.031449,1.005809,0.982489,51,1,917,100,100,0,0,2,0,-100,-100,100,1,160,8,579,75,0,0,6044,8,0,25,0,1883,279,0,50,0,951,58,0,30,0,528,0,0,14,0,480,449,56,95,0,0,85,15,37,0,0,3,3,0,0
5,13,1,45,16,8,0,1.024809,0.984507,1.004506,40,0,667,100,100,0,0,2,-100,0,100,-100,1,160,8,565,66,0,0,6044,283,0,22,0,1883,284,0,44,0,951,0,0,18,0,528,0,0,2,0,480,466,8,44,0,0,92,9,2,0,0,2,2,0,0
5,13,2,79,16,8,0,1.028192,0.990927,0.985008,66,3,1417,100,100,0,0,2,-100,100,0,-100,1,160,8,429,72,0,0,6044,370,0,24,0,1883,297,0,48,0,951,1,0,30,0,528,0,0,1,0,480,1003,4,96,0,0,0,15,38,0,0,4,4,0,0
5,13,3,46,16,8,0,1.042868,0.978805,0.991305,36,0,667,100,100,0,0,2,100,-100,-100,0,1,160,8,398,48,0,0,6044,243,0,16,0,1883,263,0,32,0,951,16,0,26,0,528,0,0,3,0,480,465,12,48,0,0,94,13,3,0,0,3,3,0,0
5,14,0,59,14,8,0,1.031254,1.005649,0.980744,52,1,917,100,100,0,0,2,0,-100,-100,100,1,160,11,623,75,0,0,6027,8,0,25,0,1880,304,0,50,0,1025,43,0,32,0,469,1,0,16,0,468,486,64,63,0,0,98,16,3,0,0,3,3,0,0
5,14,1,46,14,8,0,1.025119,0.982292,1.006264,40,1,917,100,100,0,0,2,-100,0,100,-100,1,160,11,616,63,0,0,6027,297,0,21,0,1880,305,0,42,0,1025,1,0,4,0,469,0,0,15,0,468,478,60,63,0,0,58,2,36,0,0,2,2,0,0
5,14,2,83,14,8,0,1.030607,0.987854,0.985071,69,3,1417,100,100,0,0,2,-100,100,0,-100,1,160,11,464,75,0,0,6027,426,0,25,0,1880,322,0,50,0,1025,1,0,12,0,469,0,0,20,0,468,1087,80,47,0,0,1,6,5,0,0,5,5,0,0
5,14,3,49,14,8,0,1.043836,0.976495,0.988744,37,0,667,100,100,0,0,2,100,-100,-100,0,1,160,11,440,51,0,0,6027,227,0,17,0,1880,280,0,34,0,1025,1,0,28,0,469,0,0,15,0,468,499,60,53,0,0,104,14,4,0,0,4,4,0,0
5,15,0,57,11,33,0,1.035563,1.00496,0.980286,49,1,917,100,100,0,0,2,0,-100,-100,100,1,160,1,657,63,0,0,6189,12,0,21,0,1886,325,0,42,0,1034,20,0,32,0,410,21,0,16,0,355,529,64,57,0,0,112,16,2,0,0,2,2,0,0
5,15,1,42,11,33,0,1.033562,0.989937,1.010775,35,1,917,100,100,0,0,2,-100,0,100,-100,1,160,1,662,60,0,0,6189,295,0,20,0,1886,325,0,40,0,1034,1,0,6,0,410,0,0,6,0,355,498,24,30,0,0,59,3,2,0,0,2,2,0,0
5,15,2,76,11,33,0,1.034077,0.990742,0.985711,65,3,1417,100,100,0,0,2,-100,100,0,-100,1,160,1,484,66,0,0,6189,321,0,22,0,1886,344,0,44,0,1034,0,0,12,0,410,0,0,30,0,355,1313,120,44,0,0,2,6,5,0,0,5,5,0,0
5,15,3,40,11,33,0,1.052883,0.975059,0.995475,32,0,667,100,100,0,0,2,100,-100,-100,0,1,160,1,466,48,0,0,6189,209,0,16,0,1886,296,0,32,0,1034,1,0,12,0,410,0,0,3,0,355,510,12,34,0,0,107,6,3,0,0,3,3,0,0
5,16,0,59,12,10,0,1.03558,1.00472,0.980717,51,1,917,100,100,0,0,2,0,-100,-100,100,1,160,12,702,69,0,0,6046,18,0,23,0,1904,348,0,46,0,1050,6,0,36,0,481,4,0,18,0,445,572,72,65,0,0,127,18,3,0,0,3,3,0,0
5,16,1,44,12,10,0,1.038935,0.991457,1.007521,35,1,917,100,100,0,0,2,-100,0,100,-100,1,160,12,707,57,0,0,6046,298,0,19,0,1904,344,0,38,0,1050,1,0,0,0,481,0,0,9,0,445,541,36,25,0,0,56,0,3,0,0,3,3,0,0
5,16,2,74,12,10,0,1.03667,0.989044,0.982821,65,3,1417,100,100,0,0,2,-100,100,0,-100,1,160,12,516,69,0,0,6046,379,0,23,0,1904,367,0,46,0,1050,0,0,0,0,481,0,0,27,0,445,1390,108,27,0,0,0,0,2,0,0,2,2,0,0
5,16,3,40,12,10,0,1.06124,0.978826,0.993331,32,1,917,100,100,0,0,2,100,-100,-100,0,1,160,12,505,45,0,0,6046,201,0,15,0,1904,311,0,30,0,1050,1,0,0,0,481,2,0,16,0,445,549,64,55,0,0,70,0,37,0,0,3,3,0,0
5,17,0,57,17,18,0,1.040547,1.010371,0.984506,48,1,917,100,100,0,0,2,0,-100,-100,100,1,160,3,747,72,0,0,6023,9,0,24,0,1901,372,0,48,0,999,1,0,24,0,512,0,0,4,0,516,555,16,54,0,0,136,12,3,0,0,3,3,0,0
5,17,1,43,17,18,0,1.038783,0.993596,1.011582,35,1,917,100,100,0,0,2,-100,0,100,-100,1,160,3,754,57,0,0,6023,307,0,19,0,1901,363,0,38,0,999,1,0,6,0,512,0,0,6,0,516,548,24,29,0,0,57,3,2,0,0,2,2,0,0
5,17,2,76,17,18,0,1.044401,0.990207,0.983395,64,3,1417,100,100,0,0,2,-100,100,0,-100,1,160,3,555,69,0,0,6023,442,0,23,0,1901,390,0,46,0,999,1,0,20,0,512,0,0,18,0,516,1386,72,51,0,0,6,10,4,0,0,4,4,0,0
5,17,3,40,17,18,0,1.069049,0.986648,0.998774,31,1,917,100,100,0,0,2,100,-100,-100,0,1,160,3,545,45,0,0,6023,193,0,15,0,1901,326,0,30,0,999,1,0,12,0,512,0,0,2,0,516,539,8,33,0,0,73,6,3,0,0,3,3,0,0
5,18,0,58,15,17,1,1.04138,1.006762,0.983638,50,2,1167,100,100,0,0,2,0,-100,-100,100,1,160,5,803,69,0,0,6152,26,0,23,0,1892,395,0,46,0,967,11,0,32,0,529,0,0,2,0,418,498,8,95,0,0,115,16,37,0,0,3,3,0,0
5,18,1,46,15,17,1,1.049552,1.000381,1.006642,35,2,1167,100,100,0,0,2,-100,0,100,-100,1,160,5,806,57,0,0,6152,333,0,19,0,1892,379,0,38,0,967,0,0,10,0,529,0,0,2,0,418,508,8,69,0,0,25,5,37,0,0,3,3,0,0
5,18,2,68,15,17,1,1.045467,0.99101,0.983164,58,3,1417,100,100,0,0,2,-100,100,0,-100,1,160,5,585,75,0,0,6152,341,0,25,0,1892,415,0,50,0,967,1,0,36,0,529,0,0,3,0,418,1352,12,69,0,0,20,18,4,0,0,4,4,0,0
5,18,3,42,15,17,1,1.070506,0.991546,0.996554,32,1,917,100,100,0,0,2,100,-100,-100,0,1,160,5,587,48,0,0,6152,200,0,16,0,1892,342,0,32,0,967,0,0,16,0,529,0,0,0,0,418,528,0,38,0,0,78,8,3,0,0,3,3,0,0
5,19,0,55,14,21,0,1.032896,1.002455,0.982026,48,2,1167,100,100,0,0,2,0,-100,-100,100,1,160,7,847,66,0,0,5992,27,0,22,0,1954,397,0,44,0,983,13,0,28,0,536,0,0,0,0,486,468,0,54,0,0,127,14,2,0,0,2,2,0,0
5,19,1,47,14,21,0,1.050409,1.00226,1.002905,36,2,1167,100,100,0,0,2,-100,0,100,-100,1,160,7,854,60,0,0,5992,371,0,20,0,1954,391,0,40,0,983,0,0,6,0,536,0,0,0,0,486,495,0,34,0,0,24,3,4,0,0,4,4,0,0
5,19,2,68,14,21,0,1.044654,0.99421,0.982014,58,3,1417,100,100,0,0,2,-100,100,0,-100,1,160,7,623,72,0,0,5992,409,0,24,0,1954,419,0,48,0,983,1,0,26,0,536,0,0,0,0,486,1314,0,56,0,0,30,13,3,0,0,3,3,0,0
5,19,3,37,14,21,0,1.076607,0.984083,0.993434,30,1,917,100,100,0,0,2,100,-100,-100,0,1,160,7,628,48,0,0,5992,205,0,16,0,1954,350,0,32,0,983,0,0,18,0,536,0,0,0,0,486,503,0,40,0,0,84,9,3,0,0,3,3,0,0
5,20,0,56,10,6,0,1.033808,1.000926,0.981027,49,2,1167,100,100,0,0,2,0,-100,-100,100,1,160,21,896,69,0,0,6156,26,0,23,0,1889,420,0,46,0,1057,0,0,14,0,452,24,0,15,0,387,512,60,43,0,0,131,7,3,0,0,3,3,0,0
5,20,1,47,10,6,0,1.049783,1.005969,1.003768,39,2,1167,100,100,0,0,2,-100,0,100,-100,1,160,21,901,63,0,0,6156,407,0,21,0,1889,409,0,42,0,1057,1,0,0,0,452,0,0,9,0,387,526,36,29,0,0,20,0,4,0,0,4,4,0,0
5,20,2,71,10,6,0,1.049023,0.995376,0.981947,60,3,1417,100,100,0,0,2,-100,100,0,-100,1,160,21,672,81,0,0,6156,314,0,27,0,1889,446,0,54,0,1057,1,0,4,0,452,0,0,22,0,387,1382,88,39,0,0,28,2,4,0,0,4,4,0,0
5,20,3,37,10,6,0,1.07339,0.983669,0.9929,30,1,917,100,100,0,0,2,100,-100,-100,0,1,160,21,661,45,0,0,6156,208,0,15,0,1889,365,0,30,0,1057,1,0,8,0,452,3,0,11,0,387,532,44,27,0,0,86,4,2,0,0,2,2,0,0
5,21,0,58,10,9,0,1.035702,1.000646,0.980969,52,2,1167,100,100,0,0,2,0,-100,-100,100,1,160,14,948,72,0,0,6114,25,0,24,0,1886,441,0,48,0,1034,0,0,18,0,498,17,0,16,0,426,560,64,46,0,0,138,9,2,0,0,2,2,0,0
5,21,1,50,10,9,0,1.054831,1.012234,0.997191,41,2,1167,100,100,0,0,2,-100,0,100,-100,1,160,14,952,60,0,0,6114,340,0,20,0,1886,429,0,40,0,1034,0,0,6,0,498,0,0,5,0,426,624,20,30,0,0,21,3,2,0,0,2,2,0,0
5,21,2,68,10,9,0,1.048947,0.996336,0.982349,60,3,1417,100,100,0,0,2,-100,100,0,-100,1,160,14,706,72,0,0,6114,371,0,24,0,1886,470,0,48,0,1034,0,0,4,0,498,0,0,21,0,426,1387,84,34,0,0,27,2,3,0,0,3,3,0,0
5,21,3,36,10,9,0,1.074274,0.986051,0.993994,30,1,917,100,100,0,0,2,100,-100,-100,0,1,160,14,708,48,0,0,6114,202,0,16,0,1886,381,0,32,0,1034,1,0,12,0,498,0,0,6,0,426,534,24,34,0,0,89,6,3,0,0,3,3,0,0
5,22,0,51,10,25,0,1.038148,1.002605,0.97994,44,2,1167,100,100,0,0,2,0,-100,-100,100,1,160,9,969,45,0,0,5999,34,0,15,0,1895,456,0,30,0,1059,0,0,6,0,458,29,0,18,0,507,643,72,25,0,0,139,3,2,0,0,2,2,0,0
5,22,1,43,10,25,0,1.056632,1.010164,0.997477,37,2,1167,100,100,0,0,2,-100,0,100,-100,1,160,9,980,48,0,0,5999,386,0,16,0,1895,442,0,32,0,1059,1,0,0,0,458,0,0,9,0,507,662,36,22,0,0,18,0,3,0,0,3,3,0,0
5,22,2,67,10,25,0,1.056168,1.000731,0.98389,58,3,1417,100,100,0,0,2,-100,100,0,-100,1,160,9,740,66,0,0,5999,433,0,22,0,1895,492,0,44,0,1059,1,0,4,0,458,0,0,18,0,507,1389,72,32,0,0,26,2,3,0,0,3,3,0,0
5,22,3,36,10,25,0,1.079512,0.985965,0.995785,31,1,917,100,100,0,0,2,100,-100,-100,0,1,160,9,750,45,0,0,5999,190,0,15,0,1895,396,0,30,0,1059,0,0,2,0,458,9,0,9,0,507,563,36,19,0,0,89,1,1,0,0,1,1,0,0
5,23,0,49,15,51,0,1.038295,1.001032,0.977467,42,3,1417,100,100,0,0,2,0,-100,-100,100,1,160,32,1002,48,0,0,6287,17,0,16,0,1949,469,0,32,0,952,14,0,28,0,536,15,0,14,0,340,649,56,80,0,0,118,14,35,0,0,1,1,0,0
5,23,1,26,15,51,0,1.054808,1.00683,1.001631,22,2,1167,100,100,0,0,2,-100,0,100,-100,1,160,32,1009,45,0,0,6287,328,0,15,0,1949,454,0,30,0,952,10,0,6,0,536,0,0,0,0,340,648,0,23,0,0,20,3,1,0,0,1,1,0,0
5,23,2,48,15,51,0,1.068364,1.002513,0.979975,42,3,1417,100,100,0,0,2,-100,100,0,-100,1,160,32,773,66,0,0,6287,344,0,22,0,1949,514,0,44,0,952,24,0,18,0,536,0,0,0,0,340,1373,0,44,0,0,33,9,2,0,0,2,2,0,0
5,23,3,38,15,51,0,1.086694,0.982668,0.998252,29,2,1167,100,100,0,0,2,100,-100,-100,0,1,160,32,781,39,0,0,6287,188,0,13,0,1949,409,0,26,0,952,0,0,22,0,536,0,0,9,0,340,544,36,73,0,0,64,11,36,0,0,2,2,0,0
5,24,0,48,7,13,0,1.044912,1.001412,0.975366,40,3,1417,100,100,0,0,2,0,-100,-100,100,1,160,12,1032,45,0,0,6248,26,0,15,0,1964,484,0,30,0,993,2,0,34,0,485,17,0,17,0,519,698,68,55,0,0,132,17,3,0,0,3,3,0,0
5,24,1,23,7,13,0,1.04924,1.010448,1.000207,21,2,1167,100,100,0,0,2,-100,0,100,-100,1,160,12,1047,39,0,0,6248,297,0,13,0,1964,464,0,26,0,993,8,0,8,0,485,2,0,4,0,519,650,16,23,0,0,23,4,1,0,0,1,1,0,0
5,24,2,45,7,13,0,1.073558,1.005666,0.981732,41,4,1667,100,100,0,0,2,-100,100,0,-100,1,160,12,822,60,0,0,6248,292,0,20,0,1964,528,0,40,0,993,30,0,18,0,485,9,0,9,0,519,1354,36,76,0,0,6,9,36,0,0,2,2,0,0
5,24,3,39,7,13,0,1.083635,0.980309,0.996102,28,2,1167,100,100,0,0,2,100,-100,-100,0,1,160,12,823,42,0,0,6248,183,0,14,0,1964,420,0,28,0,993,0,0,22,0,485,0,0,8,0,519,547,32,44,0,0,71,11,4,0,0,4,4,0,0
5,25,0,53,14,6,0,1.046026,1.002698,0.973291,42,3,1417,100,100,0,0,2,0,-100,-100,100,1,160,26,1060,42,0,0,6266,27,0,14,0,1967,495,0,28,0,970,3,0,36,0,522,1,0,18,0,552,737,72,56,0,0,147,18,3,0,0,3,3,0,0
5,25,1,22,14,6,0,1.045237,1.010492,1.007168,20,2,1167,100,100,0,0,2,-100,0,100,-100,1,160,26,1088,36,0,0,6266,270,0,12,0,1967,476,0,24,0,970,6,0,8,0,522,0,0,4,0,552,653,16,22,0,0,26,4,1,0,0,1,1,0,0
5,25,2,47,14,6,0,1.076012,1.012693,0.985462,42,4,1667,100,100,0,0,2,-100,100,0,-100,1,160,26,868,57,0,0,6266,244,0,19,0,1967,544,0,38,0,970,43,0,18,0,522,5,0,9,0,552,1363,36,39,0,0,14,9,1,0,0,1,1,0,0
5,25,3,41,14,6,0,1.083187,0.976966,0.994936,30,2,1167,100,100,0,0,2,100,-100,-100,0,1,160,26,867,45,0,0,6266,176,0,15,0,1967,435,0,30,0,970,8,0,20,0,522,0,0,5,0,552,528,20,43,0,0,77,10,4,0,0,4,4,0,0
5,26,0,56,10,9,0,1.047004,1.001101,0.973144,45,3,1417,100,100,0,0,2,0,-100,-100,100,1,160,39,1080,45,0,0,6262,26,0,15,0,1961,507,0,30,0,946,9,0,40,0,536,0,0,1,0,510,720,4,63,0,0,163,20,4,0,0,4,4,0,0
5,26,1,21,10,9,0,1.055618,1.009824,1.007723,19,2,1167,100,100,0,0,2,-100,0,100,-100,1,160,39,1118,36,0,0,6262,244,0,12,0,1961,488,0,24,0,946,7,0,8,0,536,0,0,0,0,510,640,0,22,0,0,29,4,1,0,0,1,1,0,0
5,26,2,46,10,9,0,1.074047,1.013986,0.988336,40,4,1667,100,100,0,0,2,-100,100,0,-100,1,160,39,912,60,0,0,6262,193,0,20,0,1961,564,0,40,0,946,52,0,20,0,536,0,0,5,0,510,1363,20,44,0,0,22,10,2,0,0,2,2,0,0
5,26,3,41,10,9,0,1.084882,0.972118,0.994212,30,2,1167,100,100,0,0,2,100,-100,-100,0,1,160,39,901,45,0,0,6262,159,0,15,0,1961,450,0,30,0,946,24,0,20,0,536,0,0,0,0,510,500,0,43,0,0,83,10,4,0,0,4,4,0,0
5,27,0,56,12,10,0,1.04803,1.003181,0.972614,47,3,1417,100,100,1,1,2,0,-100,-100,100,1,160,21,1103,42,0,0,6234,43,0,14,0,1967,518,0,28,0,1032,0,0,26,0,446,8,0,21,0,517,800,84,46,0,0,173,13,3,0,0,3,3,0,0
5,27,1,21,12,10,0,1.060734,1.019493,1.007836,18,2,1167,96.151641,91.151641,1,1,2,-100,0,100,-100,1,160,21,1155,33,0,0,6234,228,0,11,0,1967,499,0,22,0,1032,1,0,8,0,446,2,0,5,0,517,648,20,21,0,0,32,4,1,0,0,1,1,0,0
5,27,2,46,12,10,0,1.068601,1.010547,0.994129,39,4,1667,100,100,1,1,2,-100,100,0,-100,1,160,21,954,54,0,0,6234,145,0,18,0,1967,582,0,36,0,1032,46,0,18,0,446,16,0,9,0,517,1380,36,40,0,0,29,9,2,0,0,2,2,0,0
5,27,3,43,12,10,0,1.089282,0.973368,0.994066,32,2,1167,100,100,1,1,2,100,-100,-100,0,1,160,21,936,42,0,0,6234,151,0,14,0,1967,464,0,28,0,1032,11,0,22,0,446,18,0,11,0,517,511,44,44,0,0,90,11,4,0,0,4,4,0,0
5,28,0,54,9,9,0,1.050365,1.001285,0.9709,48,3,1417,100,100,1,1,2,0,-100,-100,100,1,160,15,1122,42,0,0,6243,43,0,14,0,1973,529,0,28,0,973,1,0,36,0,525,0,0,13,0,555,814,52,56,0,0,188,18,3,0,0,3,3,0,0
5,28,1,21,9,9,0,1.057663,1.016095,1.008314,18,3,1417,100,96.151641,1,1,2,-100,0,100,-100,1,160,15,1167,30,0,0,6243,213,0,10,0,1973,506,0,20,0,973,0,0,6,0,525,0,0,2,0,555,613,8,52,0,0,0,3,35,0,0,1,1,0,0
5,28,2,45,9,9,0,1.072972,1.011023,0.995596,38,4,1667,100,100,1,1,2,-100,100,0,-100,1,160,15,993,51,0,0,6243,106,0,17,0,1973,599,0,34,0,973,57,0,20,0,525,8,0,10,0,555,1389,40,43,0,0,36,10,3,0,0,3,3,0,0
5,28,3,46,9,9,0,1.08733,0.974919,0.98815,34,2,1167,100,100,1,1,2,100,-100,-100,0,1,160,15,973,45,0,0,6243,140,0,15,0,1973,479,0,30,0,973,15,0,22,0,525,11,0,11,0,555,516,44,45,0,0,97,11,4,0,0,4,4,0,0
5,29,0,54,7,8,0,1.050502,1.001384,0.972353,49,3,1417,100,100,1,1,2,0,-100,-100,100,1,160,53,1141,39,0,0,6229,51,0,13,0,1988,539,0,26,0,1039,0,0,8,0,502,0,0,15,0,510,888,60,25,0,0,190,4,2,0,0,2,2,0,0
5,29,1,20,7,8,0,1.059499,1.021253,1.010612,17,3,1417,100,100,1,1,2,-100,0,100,-100,1,160,53,1188,24,0,0,6229,200,0,8,0,1988,514,0,16,0,1039,0,0,0,0,502,0,0,5,0,510,640,20,8,0,0,0,0,0,0,0,0,0,0,0
5,29,2,45,7,8,0,1.074495,1.009917,0.993867,39,4,1667,100,100,1,1,2,-100,100,0,-100,1,160,53,1024,51,0,0,6229,76,0,17,0,1988,616,0,34,0,1039,46,0,20,0,502,5,0,10,0,510,1406,40,41,0,0,44,10,2,0,0,2,2,0,0
5,29,3,46,7,8,0,1.088679,0.973047,0.989924,36,3,1417,100,100,1,1,2,100,-100,-100,0,1,160,53,996,45,0,0,6229,127,0,15,0,1988,494,0,30,0,1039,10,0,22,0,502,7,0,11,0,510,496,44,79,0,0,70,11,38,0,0,4,4,0,0
5,30,0,55,12,14,0,1.04704,0.996172,0.975566,48,3,1417,100,100,1,1,2,0,-100,-100,100,1,160,27,1161,42,0,0,6237,58,0,14,0,1982,550,0,28,0,996,1,0,20,0,523,0,0,3,0,522,898,12,38,0,0,198,10,2,0,0,2,2,0,0
5,30,1,20,12,14,0,1.069236,1.021862,1.008515,15,3,1417,100,100,1,1,2,-100,0,100,-100,1,160,27,1219,27,0,0,6237,186,0,9,0,1982,523,0,18,0,996,1,0,2,0,523,0,0,1,0,522,643,4,13,0,0,0,1,1,0,0,1,1,0,0
5,30,2,45,12,14,0,1.079986,1.014892,0.996006,38,5,1917,100,100,1,1,2,-100,100,0,-100,1,160,27,1061,51,0,0,6237,31,0,17,0,1982,633,0,34,0,996,47,0,18,0,523,1,0,9,0,522,1387,36,73,0,0,17,9,36,0,0,2,2,0,0
5,30,3,43,12,14,0,1.094064,0.972506,0.985339,34,3,1417,100,100,1,1,2,100,-100,-100,0,1,160,27,1031,45,0,0,6237,114,0,15,0,1982,509,0,30,0,996,12,0,20,0,523,1,0,10,0,522,507,40,41,0,0,77,10,3,0,0,3,3,0,0
5,31,0,61,15,6,0,1.053412,1.000757,0.97877,50,3,1417,100,100,1,1,2,0,-100,-100,100,1,160,14,1189,42,0,0,6234,61,0,14,0,1988,561,0,28,0,943,1,0,40,0,536,0,0,0,0,501,885,0,58,0,0,216,20,2,0,0,2,2,0,0
5,31,1,22,15,6,0,1.072061,1.015443,1.007545,15,3,1417,100,100,1,1,2,-100,0,100,-100,1,160,14,1253,30,0,0,6234,171,0,10,0,1988,530,0,20,0,943,0,0,4,0,536,0,0,0,0,501,640,0,18,0,0,0,2,2,0,0,2,2,0,0
5,31,2,46,15,6,0,1.082526,1.009294,0.995894,38,5,1917,100,100,1,1,2,-100,100,0,-100,1,160,14,1096,45,0,0,6234,10,0,15,0,1988,648,0,30,0,943,70,0,20,0,536,0,0,1,0,501,1371,4,41,0,0,24,10,3,0,0,3,3,0,0
5,31,3,43,15,6,0,1.09042,0.971991,0.985338,35,3,1417,100,100,1,1,2,100,-100,-100,0,1,160,14,1064,42,0,0,6234,97,0,14,0,1988,523,0,28,0,943,30,0,22,0,536,0,0,1,0,501,484,4,42,0,0,85,11,3,0,0,3,3,0,0
5,32,0,63,9,5,0,1.056376,0.999825,0.978602,52,4,1667,100,100,1,1,2,0,-100,-100,100,1,160,39,1209,48,0,0,6196,56,0,16,0,1994,574,0,32,0,966,0,0,40,0,522,0,0,2,0,480,847,8,100,0,0,197,20,39,0,0,5,5,0,0
5,32,1,21,9,5,0,1.074839,1.019939,1.007197,15,3,1417,100,100,1,1,2,-100,0,100,-100,1,160,39,1273,24,0,0,6196,156,0,8,0,1994,538,0,16,0,966,0,0,4,0,522,0,0,3,0,480,657,12,16,0,0,0,2,2,0,0,2,2,0,0
5,32,2,46,9,5,0,1.090961,1.006611,0.999481,39,5,1917,100,100,1,1,2,-100,100,0,-100,1,160,39,1116,39,0,0,6196,28,0,13,0,1994,661,0,26,0,966,79,0,26,0,522,0,0,3,0,480,1362,12,45,0,0,34,13,3,0,0,3,3,0,0
5,32,3,46,9,5,0,1.091264,0.966193,0.989209,37,3,1417,100,100,1,1,2,100,-100,-100,0,1,160,39,1094,42,0,0,6196,80,0,14,0,1994,537,0,28,0,966,34,0,24,0,522,0,0,6,0,480,485,24,44,0,0,94,12,3,0,0,3,3,0,0
5,33,0,66,15,12,0,1.061247,0.995606,0.982448,54,4,1667,100,100,1,1,2,0,-100,-100,100,1,160,23,1232,48,0,0,6183,48,0,16,0,1997,587,0,32,0,1054,1,0,6,0,461,0,0,21,0,477,957,84,28,0,0,197,3,3,0,0,3,3,0,0
5,33,1,22,15,12,0,1.074169,1.010146,1.004822,15,3,1417,100,100,1,1,2,-100,0,100,-100,1,160,23,1298,24,0,0,6183,142,0,8,0,1997,546,0,16,0,1054,0,0,0,0,461,0,0,4,0,477,683,16,8,0,0,0,0,0,0,0,0,0,0,0
5,33,2,46,15,12,0,1.092522,1.009587,1.005149,38,5,1917,100,100,1,1,2,-100,100,0,-100,1,160,23,1142,39,0,0,6183,20,0,13,0,1997,674,0,26,0,1054,55,0,26,0,461,11,0,13,0,477,1398,52,43,0,0,45,13,2,0,0,2,2,0,0
5,33,3,45,15,12,0,1.097929,0.961539,0.993817,37,3,1417,100,100,1,1,2,100,-100,-100,0,1,160,23,1119,39,0,0,6183,77,0,13,0,1997,550,0,26,0,1054,13,0,30,0,461,5,0,15,0,477,520,60,49,0,0,106,15,3,0,0,3,3,0,0
5,34,0,67,13,11,1,1.061283,0.99608,0.981336,55,4,1667,100,100,1,1,2,0,-100,-100,100,1,160,13,1266,60,0,0,6164,36,0,20,0,1991,604,0,40,0,1072,1,0,0,0,406,18,0,26,0,465,1090,104,28,0,0,193,0,4,0,0,4,4,0,0
5,34,1,22,13,11,1,1.073151,0.998347,1.006766,14,3,1417,100,100,1,1,2,-100,0,100,-100,1,160,13,1326,24,0,0,6164,128,0,8,0,1991,551,0,16,0,1072,0,0,0,0,406,0,0,6,0,465,720,24,8,0,0,0,0,0,0,0,0,0,0,0
5,34,2,47,13,11,1,1.092368,1.008313,1.00634,38,5,1917,100,100,1,1,2,-100,100,0,-100,1,160,13,1166,36,0,0,6164,28,0,12,0,1991,686,0,24,0,1072,23,0,32,0,406,37,0,16,0,465,1445,64,50,0,0,58,16,3,0,0,3,3,0,0
5,34,3,45,13,11,1,1.094177,0.956693,1.001377,36,3,1417,100,100,1,1,2,100,-100,-100,0,1,160,13,1144,33,0,0,6164,85,0,11,0,1991,561,0,22,0,1072,1,0,12,0,406,28,0,15,0,465,572,60,29,0,0,109,6,3,0,0,3,3,0,0
5,35,0,66,12,17,0,1.066839,1.000562,0.980966,54,4,1667,100,100,1,1,2,0,-100,-100,100,1,160,11,1294,57,0,0,6150,37,0,19,0,1994,620,0,38,0,979,1,0,28,0,503,10,0,23,0,471,1172,92,55,0,0,203,14,4,0,0,4,4,0,0
5,35,1,22,12,17,0,1.072634,0.995812,1.015193,11,3,1417,100,100,1,1,2,-100,0,100,-100,1,160,11,1356,21,0,0,6150,107,0,7,0,1994,558,0,14,0,979,0,0,6,0,503,0,0,3,0,471,734,12,19,0,0,0,3,3,0,0,3,3,0,0
5,35,2,43,12,17,0,1.100555,1.014778,1.002913,36,5,1917,100,100,1,1,2,-100,100,0,-100,1,160,11,1190,36,0,0,6150,44,0,12,0,1994,698,0,24,0,979,19,0,28,0,503,29,0,14,0,471,1476,56,46,0,0,69,14,3,0,0,3,3,0,0
5,35,3,45,12,17,0,1.09389,0.954821,1.001211,37,3,1417,100,100,1,1,2,100,-100,-100,0,1,160,11,1168,33,0,0,6150,85,0,11,0,1994,572,0,22,0,979,6,0,30,0,503,22,0,15,0,471,609,60,47,0,0,121,15,3,0,0,3,3,0,0
5,36,0,68,8,8,0,1.068996,0.999126,0.981352,57,4,1667,100,100,1,1,2,0,-100,-100,100,1,160,66,1318,57,0,0,6179,45,0,19,0,2073,608,0,38,0,912,13,0,50,0,536,0,0,10,0,596,1135,40,77,0,0,224,25,4,0,0,4,4,0,0
5,36,1,20,8,8,0,1.072477,0.990989,1.021584,12,3,1417,100,100,1,1,2,-100,0,100,-100,1,160,66,1369,24,0,0,6179,85,0,8,0,2073,548,0,16,0,912,1,0,8,0,536,0,0,0,0,596,710,0,24,0,0,0,4,4,0,0,4,4,0,0
5,36,2,44,8,8,0,1.105428,1.012879,1.000889,37,5,1917,100,100,1,1,2,-100,100,0,-100,1,160,66,1210,36,0,0,6179,53,0,12,0,2073,698,0,24,0,912,30,0,30,0,536,14,0,15,0,596,1490,60,46,0,0,82,15,2,0,0,2,2,0,0
5,36,3,44,8,8,0,1.094078,0.954133,1.000071,38,3,1417,100,100,1,1,2,100,-100,-100,0,1,160,66,1179,33,0,0,6179,85,0,11,0,2073,565,0,22,0,912,19,0,32,0,536,6,0,16,0,596,630,64,47,0,0,135,16,2,0,0,2,2,0,0
5,37,0,66,9,10,0,1.069185,1.00184,0.984041,58,4,1667,100,100,1,1,2,0,-100,-100,100,1,160,38,1339,54,0,0,6161,54,0,18,0,1997,620,0,36,0,958,10,0,54,0,510,0,0,6,0,474,1133,24,80,0,0,247,27,4,0,0,4,4,0,0
5,37,1,20,9,10,0,1.078905,0.992968,1.019664,14,3,1417,100,100,1,1,2,-100,0,100,-100,1,160,38,1387,24,0,0,6161,57,0,8,0,1997,553,0,16,0,958,1,0,12,0,510,0,0,0,0,474,704,0,24,0,0,4,6,2,0,0,2,2,0,0
5,37,2,44,9,10,0,1.105588,1.015218,1.005091,37,5,1917,100,100,1,1,2,-100,100,0,-100,1,160,38,1233,39,0,0,6161,68,0,13,0,1997,711,0,26,0,958,20,0,34,0,510,4,0,17,0,474,1529,68,53,0,0,96,17,3,0,0,3,3,0,0
5,37,3,45,9,10,0,1.091259,0.948961,0.997768,37,3,1417,100,100,1,1,2,100,-100,-100,0,1,160,38,1196,30,0,0,6161,103,0,10,0,1997,575,0,20,0,958,7,0,36,0,510,1,0,18,0,474,679,72,50,0,0,151,18,2,0,0,2,2,0,0
5,38,0,65,11,11,0,1.069974,0.999574,0.98429,59,4,1667,100,100,1,1,2,0,-100,-100,100,1,160,32,1353,48,0,0,6156,48,0,16,0,2009,633,0,32,0,983,1,0,44,0,479,0,0,24,0,475,1218,96,64,0,0,267,22,2,0,0,2,2,0,0
5,38,1,20,11,11,0,1.083083,0.992366,1.02164,13,3,1417,100,100,1,1,2,-100,0,100,-100,1,160,32,1406,18,0,0,6156,47,0,6,0,2009,559,0,12,0,983,1,0,0,0,479,1,0,8,0,475,744,32,10,0,0,2,0,2,0,0,2,2,0,0
5,38,2,43,11,11,0,1.109217,1.018176,1.003282,37,5,1917,100,100,1,1,2,-100,100,0,-100,1,160,32,1259,39,0,0,6156,75,0,13,0,2009,724,0,26,0,983,15,0,32,0,479,0,0,10,0,475,1544,40,49,0,0,110,16,2,0,0,2,2,0,0
5,38,3,47,11,11,0,1.087393,0.950837,0.99846,37,3,1417,100,100,1,1,2,100,-100,-100,0,1,160,32,1204,27,0,0,6156,113,0,9,0,2009,581,0,18,0,983,0,0,34,0,479,0,0,19,0,475,736,76,49,0,0,165,17,3,0,0,3,3,0,0
5,39,0,64,15,17,0,1.072245,0.99358,0.984743,57,4,1667,100,100,1,1,2,0,-100,-100,100,1,160,9,1371,45,0,0,6143,57,0,15,0,2015,645,0,30,0,1008,1,0,24,0,481,0,0,12,0,470,1278,48,43,0,0,277,12,2,0,0,2,2,0,0
5,39,1,18,15,17,0,1.088872,0.988139,1.01636,13,3,1417,100,100,1,1,2,-100,0,100,-100,1,160,9,1417,18,0,0,6143,45,0,6,0,2015,565,0,12,0,1008,0,0,6,0,481,0,0,1,0,470,744,4,16,0,0,3,3,2,0,0,2,2,0,0
5,39,2,40,15,17,0,1.1189,1.016245,1.004736,32,5,1917,100,100,1,1,2,-100,100,0,-100,1,160,9,1290,39,0,0,6143,91,0,13,0,2015,737,0,26,0,1008,0,0,26,0,481,0,0,6,0,470,1549,24,43,0,0,121,13,2,0,0,2,2,0,0
5,39,3,51,15,17,0,1.096141,0.955057,0.993732,38,4,1667,100,100,1,1,2,100,-100,-100,0,1,160,9,1227,30,0,0,6143,128,0,10,0,2015,591,0,20,0,1008,0,0,18,0,481,0,0,18,0,470,771,72,70,0,0,136,9,38,0,0,4,4,0,0
5,40,0,61,14,29,0,1.077352,0.988891,0.98523,52,4,1667,100,100,1,1,2,0,-100,-100,100,1,160,36,1386,48,0,0,6113,64,0,16,0,2015,658,0,32,0,1007,1,0,14,0,504,0,0,17,0,599,1310,68,36,0,0,281,7,3,0,0,3,3,0,0
5,40,1,14,14,29,0,1.091249,0.973593,1.003938,9,3,1417,100,100,1,1,2,-100,0,100,-100,1,160,36,1417,12,0,0,6113,55,0,4,0,2015,569,0,8,0,1007,0,0,0,0,504,0,0,3,0,599,749,12,8,0,0,1,0,2,0,0,2,2,0,0
5,40,2,41,14,29,0,1.121782,1.017317,1.008075,32,5,1917,100,100,1,1,2,-100,100,0,-100,1,160,36,1318,36,0,0,6113,127,0,12,0,2015,749,0,24,0,1007,0,0,6,0,504,0,0,6,0,599,1549,24,24,0,0,121,3,3,0,0,3,3,0,0
5,40,3,42,14,29,0,1.096396,0.95008,0.995166,30,4,1667,100,100,1,1,2,100,-100,-100,0,1,160,36,1242,33,0,0,6113,130,0,11,0,2015,602,0,22,0,1007,0,0,12,0,504,0,0,6,0,599,764,24,31,0,0,138,6,4,0,0,4,4,0,0
1,1,0,95,13,36,0,0.999386,0.995246,0.997164,0,0,667,97.019948,92.019948,1,1,2,0,100,-100,-100,1,160,0,115,72,0,0,5600,394,0,24,0,1856,124,0,48,0,855,21,0,96,0,536,2,0,48,0,300,247,192,154,0,0,31,48,17,0,0,17,17,0,0
1,1,1,98,13,36,0,1.000639,0.99609,0.995506,0,0,667,100,100,1,1,2,100,0,-100,-100,1,160,0,110,72,0,0,5600,410,0,24,0,1856,124,0,48,0,855,10,0,100,0,536,0,0,50,0,300,251,200,158,0,0,33,50,17,0,0,17,17,0,0
1,1,2,91,13,36,0,0.999591,0.995906,0.997374,0,0,667,100,100,1,1,2,-100,-100,0,100,1,160,0,108,72,0,0,5600,402,0,24,0,1856,124,0,48,0,855,9,0,96,0,536,2,0,48,0,300,244,192,154,0,0,31,48,17,0,0,17,17,0,0
1,1,3,93,13,36,0,0.998756,0.994941,0.995245,0,0,667,100,100,1,1,2,-100,-100,100,0,1,160,0,104,69,0,0,5600,411,0,23,0,1856,123,0,46,0,855,14,0,100,0,536,0,0,50,0,300,252,200,157,0,0,33,50,17,0,0,17,17,0,0
1,2,0,72,11,84,3,1.007041,1.005647,0.991663,14,0,667,100,97.019948,3,3,2,0,100,-100,-100,1,160,8,81,27,0,0,5616,474,0,9,0,1847,133,0,18,0,902,0,0,68,0,533,0,0,2,0,306,195,8,111,0,0,48,34,17,0,0,17,17,0,0
1,2,1,84,11,84,3,1.000074,0.988743,0.991633,16,0,667,96.646119,91.646119,3,3,2,100,0,-100,-100,1,160,8,101,54,0,0,5616,486,0,18,0,1847,142,0,36,0,902,0,0,52,0,533,0,0,0,0,306,219,0,104,0,0,42,26,17,0,0,17,17,0,0
1,2,2,78,11,84,3,0.998892,0.993272,0.997454,13,0,667,100,100,3,3,2,-100,-100,0,100,1,160,8,76,24,0,0,5616,503,0,8,0,1847,132,0,16,0,902,0,0,48,0,533,0,0,5,0,306,246,20,90,0,0,38,24,17,0,0,17,17,0,0
1,2,3,70,11,84,3,0.998191,0.997045,0.997334,13,0,667,92.507489,87.507489,3,3,2,-100,-100,100,0,1,160,8,73,30,0,0,5616,500,0,10,0,1847,133,0,20,0,902,1,0,52,0,533,0,0,0,0,306,216,0,96,0,0,42,26,17,0,0,17,17,0,0
1,3,0,75,15,38,0,1.009801,1.005718,0.994265,30,0,667,100,100,6,6,2,0,100,-100,-100,1,160,16,62,27,0,0,6400,393,0,9,0,2012,142,0,18,0,1031,1,0,10,0,431,0,0,33,0,6,413,132,53,0,0,36,5,17,0,0,17,17,0,0
1,3,1,68,15,38,0,1.001595,0.991331,1.000508,31,0,667,93.620075,88.620075,6,6,2,100,0,-100,-100,1,160,16,99,51,0,0,6400,385,0,17,0,2012,159,0,34,0,1031,0,0,2,0,431,0,0,19,0,6,362,76,53,0,0,26,1,17,0,0,17,17,0,0
1,3,2,65,15,38,0,0.99597,0.990315,0.995037,28,0,667,83.892538,78.892538,6,6,2,-100,-100,0,100,1,160,16,47,24,0,0,6400,417,0,8,0,2012,137,0,16,0,1031,0,0,8,0,431,0,0,13,0,6,381,52,50,0,0,25,4,17,0,0,17,17,0,0
1,3,3,73,15,38,0,0.997559,0.998514,0.999178,28,0,667,97.507489,92.507489,6,6,2,-100,-100,100,0,1,160,16,64,27,0,0,6400,421,0,9,0,2012,142,0,18,0,1031,1,0,8,0,431,0,0,27,0,6,423,108,51,0,0,29,4,17,0,0,17,17,0,0
1,4,0,68,9,23,0,1.008449,1.006816,0.996707,45,0,667,100,100,8,8,2,0,100,-100,-100,1,160,5,53,27,0,0,6074,488,0,9,0,2012,151,0,18,0,1029,1,0,20,0,460,0,0,20,0,165,503,80,51,0,0,35,10,11,0,0,11,11,0,0
1,4,1,71,9,23,0,1.001145,0.990287,1.002807,46,0,667,98.620075,93.620075,8,8,2,100,0,-100,-100,1,160,5,127,54,0,0,6074,435,0,18,0,2012,177,0,36,0,1029,0,0,6,0,460,0,0,15,0,165,452,60,44,0,0,19,3,10,0,0,10,10,0,0
1,4,2,60,9,23,0,0.999888,0.990508,0.998858,43,0,667,88.892538,83.892538,8,8,2,-100,-100,0,100,1,160,5,40,18,0,0,6074,346,0,6,0,2012,143,0,12,0,1029,1,0,6,0,460,0,0,19,0,165,579,76,28,0,0,20,3,8,0,0,8,8,0,0
1,4,3,68,9,23,0,0.997275,0.997645,0.993137,43,0,667,86.032621,81.032621,8,8,2,-100,-100,100,0,1,160,5,51,30,0,0,6074,338,0,10,0,2012,152,0,20,0,1029,1,0,10,0,460,0,0,17,0,165,591,68,44,0,0,22,5,12,0,0,12,12,0,0
1,5,0,62,8,23,1,1.009896,1.006018,0.995488,54,1,917,100,100,9,9,2,0,100,-100,-100,1,160,0,40,21,0,0,6106,413,0,7,0,2015,155,0,14,0,972,1,0,36,0,536,0,0,0,0,166,566,0,85,0,0,15,18,38,0,0,4,4,0,0
1,5,1,73,8,23,1,1.001387,0.987746,1.001436,54,0,667,100,98.620075,9,9,2,100,0,-100,-100,1,160,0,148,60,0,0,6106,344,0,20,0,2015,197,0,40,0,972,1,0,20,0,536,0,0,0,0,166,546,0,56,0,0,21,10,8,0,0,8,8,0,0
1,5,2,54,8,23,1,1.000876,0.992454,1.00049,45,0,667,93.892538,88.892538,9,9,2,-100,-100,0,100,1,160,0,47,18,0,0,6106,402,0,6,0,2015,149,0,12,0,972,0,0,18,0,536,0,0,0,0,166,612,0,32,0,0,25,9,4,0,0,4,4,0,0
1,5,3,63,8,23,1,0.999942,0.996722,0.997287,53,0,667,82.461978,77.461978,9,9,2,-100,-100,100,0,1,160,0,60,30,0,0,6106,408,0,10,0,2015,159,0,20,0,972,0,0,26,0,536,0,0,0,0,166,604,0,44,0,0,31,13,4,0,0,4,4,0,0
1,6,0,45,6,66,0,1.009503,1.001177,0.991177,43,1,917,100,100,9,9,2,0,100,-100,-100,1,160,22,36,21,0,0,6248,344,0,7,0,2018,159,0,14,0,1072,1,0,0,0,440,9,0,21,0,65,732,84,9,0,0,14,0,1,0,0,1,1,0,0
1,6,1,49,6,66,0,1.000823,0.978214,1.003234,40,0,667,100,100,9,9,2,100,0,-100,-100,1,160,22,160,63,0,0,6248,402,0,21,0,2018,218,0,42,0,1072,1,0,0,0,440,0,0,14,0,65,583,56,25,0,0,19,0,2,0,0,2,2,0,0
1,6,2,41,6,66,0,0.996847,0.991279,1.00688,34,0,667,98.892538,93.892538,9,9,2,-100,-100,0,100,1,160,22,38,21,0,0,6248,341,0,7,0,2018,153,0,14,0,1072,0,0,0,0,440,5,0,20,0,65,654,80,13,0,0,22,0,3,0,0,3,3,0,0
1,6,3,57,6,66,0,0.99371,0.992093,0.995287,50,0,667,87.461978,82.461978,9,9,2,-100,-100,100,0,1,160,22,59,27,0,0,6248,336,0,9,0,2018,168,0,18,0,1072,0,0,0,0,440,0,0,24,0,65,654,96,13,0,0,29,0,2,0,0,2,2,0,0
1,7,0,46,11,11,0,1.00917,1.001159,0.992262,44,1,917,100,100,9,9,2,0,100,-100,-100,1,160,19,42,21,0,0,6000,412,0,7,0,2021,160,0,14,0,937,10,0,42,0,536,0,0,9,0,467,726,36,51,0,0,34,21,1,0,0,1,1,0,0
1,7,1,47,11,11,0,0.999996,0.979625,1.005738,39,0,667,100,100,9,9,2,100,0,-100,-100,1,160,19,192,57,0,0,6000,334,0,19,0,2021,237,0,38,0,937,1,0,18,0,536,0,0,0,0,467,614,0,39,0,0,27,9,1,0,0,1,1,0,0
1,7,2,43,11,11,0,0.998974,0.988863,1.009536,35,1,917,100,98.892538,9,9,2,-100,-100,0,100,1,160,19,50,21,0,0,6000,421,0,7,0,2021,157,0,14,0,937,0,0,30,0,536,0,0,5,0,467,600,20,75,0,0,1,15,36,0,0,2,2,0,0
1,7,3,56,11,11,0,0.98926,0.990869,0.996101,48,1,917,92.461978,87.461978,9,9,2,-100,-100,100,0,1,160,19,71,30,0,0,6000,397,0,10,0,2021,178,0,20,0,937,1,0,32,0,536,0,0,0,0,467,587,0,80,0,0,9,16,36,0,0,2,2,0,0
1,8,0,45,14,12,0,1.013124,0.998534,0.991691,41,2,1167,100,100,9,9,2,0,100,-100,-100,1,160,25,36,12,0,0,6248,362,0,4,0,2015,164,0,8,0,1028,1,0,24,0,470,9,0,21,0,267,850,84,64,0,0,11,12,35,0,0,1,1,0,0
1,8,1,46,14,12,0,1.003155,0.978567,0.999603,33,0,667,100,100,9,9,2,100,0,-100,-100,1,160,25,222,42,0,0,6248,417,0,14,0,2015,251,0,28,0,1028,1,0,6,0,470,0,0,9,0,267,631,36,22,0,0,29,3,1,0,0,1,1,0,0
1,8,2,47,14,12,0,1.002547,0.993036,1.011394,37,1,917,100,100,9,9,2,-100,-100,0,100,1,160,25,64,27,0,0,6248,369,0,9,0,2015,163,0,18,0,1028,0,0,12,0,470,0,0,12,0,267,727,48,27,0,0,4,6,3,0,0,3,3,0,0
1,8,3,56,14,12,0,0.990088,0.990541,0.997947,49,1,917,97.461978,92.461978,9,9,2,-100,-100,100,0,1,160,25,74,30,0,0,6248,331,0,10,0,2015,188,0,20,0,1028,0,0,12,0,470,0,0,15,0,267,736,60,28,0,0,12,6,3,0,0,3,3,0,0
1,9,0,43,10,12,0,1.010327,1.000661,0.988254,40,2,1167,100,100,9,9,2,0,100,-100,-100,1,160,4,38,12,0,0,6000,417,0,4,0,2027,168,0,8,0,1009,0,0,26,0,536,0,0,9,0,392,883,36,32,0,0,23,13,1,0,0,1,1,0,0
1,9,1,46,10,12,0,1.008787,0.987452,0.999761,30,0,667,100,100,9,9,2,100,0,-100,-100,1,160,4,251,42,0,0,6000,357,0,14,0,2027,265,0,28,0,1009,1,0,4,0,536,0,0,0,0,392,641,0,26,0,0,27,2,4,0,0,4,4,0,0
1,9,2,48,10,12,0,1.004521,0.994147,1.011229,40,1,917,100,100,9,9,2,-100,-100,0,100,1,160,4,76,27,0,0,6000,465,0,9,0,2027,169,0,18,0,1009,0,0,16,0,536,0,0,0,0,392,712,0,33,0,0,8,8,4,0,0,4,4,0,0
1,9,3,55,10,12,0,0.98914,0.992276,0.999244,48,1,917,100,97.461978,9,9,2,-100,-100,100,0,1,160,4,88,33,0,0,6000,408,0,11,0,2027,199,0,22,0,1009,0,0,18,0,536,0,0,0,0,392,739,0,33,0,0,19,9,2,0,0,2,2,0,0
1,10,0,44,8,8,0,1.010413,0.999877,0.987281,41,2,1167,88.933823,83.933823,11,11,2,0,100,-100,-100,1,160,17,39,12,0,0,6256,370,0,4,0,2036,172,0,8,0,1036,1,0,8,0,428,18,0,21,0,245,1054,84,14,0,0,26,4,1,0,0,1,1,0,0
1,10,1,47,8,8,0,1.011403,0.988435,0.995863,32,0,667,100,100,11,11,2,100,0,-100,-100,1,160,17,283,39,0,0,6256,442,0,13,0,2036,278,0,26,0,1036,0,0,10,0,428,0,0,18,0,245,646,72,31,0,0,28,5,4,0,0,4,4,0,0
1,10,2,47,8,8,0,0.997326,0.989594,1.010992,43,1,917,100,100,11,11,2,-100,-100,0,100,1,160,17,83,24,0,0,6256,409,0,8,0,2036,177,0,16,0,1036,1,0,8,0,428,1,0,26,0,245,893,104,20,0,0,10,4,2,0,0,2,2,0,0
1,10,3,54,8,8,0,0.992984,0.99488,0.998516,47,1,917,100,100,11,11,2,-100,-100,100,0,1,160,17,93,30,0,0,6256,343,0,10,0,2036,209,0,20,0,1036,1,0,8,0,428,0,0,24,0,245,903,96,22,0,0,21,4,2,0,0,2,2,0,0
1,11,0,43,11,7,0,1.009818,1.004022,0.986615,39,3,1417,93.933823,88.933823,12,12,2,0,100,-100,-100,1,160,7,35,12,0,0,6152,434,0,4,0,2039,176,0,8,0,977,0,0,32,0,536,0,0,18,0,244,1075,72,72,0,0,7,16,35,0,0,1,1,0,0
1,11,1,47,11,7,0,1.015019,0.98747,0.994811,35,0,667,100,100,12,12,2,100,0,-100,-100,1,160,7,312,39,0,0,6152,382,0,13,0,2039,291,0,26,0,977,1,0,16,0,536,0,0,0,0,244,628,0,39,0,0,31,8,5,0,0,5,5,0,0
1,11,2,51,11,7,0,0.996709,0.988415,1.011582,44,1,917,100,100,12,12,2,-100,-100,0,100,1,160,7,98,24,0,0,6152,354,0,8,0,2039,185,0,16,0,977,0,0,24,0,536,0,0,1,0,244,883,4,34,0,0,21,12,1,0,0,1,1,0,0
1,11,3,55,11,7,0,0.989041,0.99382,1.00125,47,1,917,92.662286,87.662286,12,12,2,-100,-100,100,0,1,160,7,105,30,0,0,6152,415,0,10,0,2039,219,0,20,0,977,0,0,22,0,536,0,0,0,0,244,879,0,38,0,0,29,11,3,0,0,3,3,0,0
1,12,0,39,7,14,0,1.009938,1.004264,0.988531,38,3,1417,90.655158,85.655158,14,14,2,0,100,-100,-100,1,160,44,26,12,0,0,6248,387,0,4,0,2042,180,0,8,0,947,0,0,32,0,520,0,0,5,0,283,1146,20,38,0,0,22,16,1,0,0,1,1,0,0
1,12,1,45,7,14,0,1.013143,0.986609,0.994595,37,1,917,100,100,14,14,2,100,0,-100,-100,1,160,44,322,36,0,0,6248,323,0,12,0,2042,303,0,24,0,947,1,0,24,0,520,0,0,6,0,283,599,24,78,0,0,5,12,38,0,0,4,4,0,0
1,12,2,51,7,14,0,0.993067,0.989903,1.013311,43,2,1167,100,100,14,14,2,-100,-100,0,100,1,160,44,100,24,0,0,6248,447,0,8,0,2042,193,0,16,0,947,0,0,34,0,520,0,0,3,0,283,839,12,82,0,0,1,17,37,0,0,3,3,0,0
1,12,3,54,7,14,0,0.985833,0.987286,0.999229,48,2,1167,89.220534,84.220534,14,14,2,-100,-100,100,0,1,160,44,104,30,0,0,6248,350,0,10,0,2042,229,0,20,0,947,0,0,32,0,520,0,0,1,0,283,839,4,78,0,0,10,16,35,0,0,1,1,0,0
1,13,0,26,15,37,0,1.013101,0.997847,1.00071,24,3,1417,87.112414,82.112414,15,15,2,0,100,-100,-100,1,160,11,38,12,0,0,6136,344,0,4,0,2039,184,0,8,0,1052,0,0,4,0,428,16,0,9,0,350,1193,36,8,0,0,24,2,0,0,0,0,0,0,0
1,13,1,48,15,37,0,1.014865,0.986414,0.987334,38,1,917,100,100,15,15,2,100,0,-100,-100,1,160,11,351,36,0,0,6136,386,0,12,0,2039,315,0,24,0,1052,1,0,4,0,428,3,0,20,0,350,674,80,20,0,0,5,2,2,0,0,2,2,0,0
1,13,2,39,15,37,0,0.984708,0.985947,1.009832,34,2,1167,100,100,15,15,2,-100,-100,0,100,1,160,11,96,21,0,0,6136,389,0,7,0,2039,200,0,14,0,1052,1,0,6,0,428,8,0,17,0,350,951,68,15,0,0,3,3,1,0,0,1,1,0,0
1,13,3,54,15,37,0,0.987723,0.992184,1.000357,46,2,1167,94.220534,89.220534,15,15,2,-100,-100,100,0,1,160,11,113,30,0,0,6136,414,0,10,0,2039,239,0,20,0,1052,0,0,4,0,428,0,0,27,0,350,966,108,20,0,0,9,2,3,0,0,3,3,0,0
1,14,0,26,18,10,1,1.016398,1.001285,1.000515,23,3,1417,80.614923,75.614923,16,16,2,0,100,-100,-100,1,160,20,49,12,0,0,6392,322,0,4,0,2033,188,0,8,0,973,9,0,18,0,536,7,0,9,0,286,1226,36,24,0,0,32,9,1,0,0,1,1,0,0
1,14,1,49,18,10,1,1.02176,0.988947,0.988712,38,1,917,100,100,16,16,2,100,0,-100,-100,1,160,20,386,45,0,0,6392,323,0,15,0,2033,330,0,30,0,973,0,0,16,0,536,0,0,3,0,286,729,12,39,0,0,9,8,4,0,0,4,4,0,0
1,14,2,43,18,10,1,0.988685,0.983067,1.011071,33,2,1167,100,100,16,16,2,-100,-100,0,100,1,160,20,114,24,0,0,6392,342,0,8,0,2033,208,0,16,0,973,1,0,24,0,536,0,0,8,0,286,1025,32,36,0,0,13,12,2,0,0,2,2,0,0
1,14,3,57,18,10,1,0.990236,0.990368,0.999311,46,2,1167,99.220534,94.220534,16,16,2,-100,-100,100,0,1,160,20,124,30,0,0,6392,350,0,10,0,2033,249,0,20,0,973,0,0,30,0,536,0,0,0,0,286,1026,0,46,0,0,21,15,3,0,0,3,3,0,0
1,15,0,28,15,9,0,1.022364,0.998616,0.995762,24,4,1667,77.170254,72.170254,17,17,2,0,100,-100,-100,1,160,44,52,12,0,0,6056,300,0,4,0,2024,192,0,8,0,950,15,0,22,0,522,0,0,7,0,587,1201,28,62,0,0,8,11,35,0,0,1,1,0,0
1,15,1,52,15,9,0,1.023864,0.989317,0.991635,41,1,917,100,100,17,17,2,100,0,-100,-100,1,160,44,414,39,0,0,6056,381,0,13,0,2024,343,0,26,0,950,1,0,22,0,522,0,0,12,0,587,736,48,41,0,0,17,11,3,0,0,3,3,0,0
1,15,2,43,15,9,0,0.991698,0.978597,1.009102,32,2,1167,100,100,17,17,2,-100,-100,0,100,1,160,44,127,27,0,0,6056,370,0,9,0,2024,217,0,18,0,950,1,0,32,0,522,0,0,0,0,587,979,0,49,0,0,25,16,4,0,0,4,4,0,0
1,15,3,58,15,9,0,0.986317,0.986174,1.000796,48,2,1167,100,99.220534,17,17,2,-100,-100,100,0,1,160,44,126,33,0,0,6056,410,0,11,0,2024,260,0,22,0,950,0,0,36,0,522,0,0,2,0,587,980,8,55,0,0,35,18,4,0,0,4,4,0,0
1,16,0,29,9,7,0,1.02584,0.994504,0.991691,24,4,1667,82.170254,77.170254,18,18,2,0,100,-100,-100,1,160,54,60,12,0,0,6208,284,0,4,0,2018,196,0,8,0,921,25,0,22,0,536,0,0,0,0,375,1195,0,30,0,0,17,11,2,0,0,2,2,0,0
1,16,1,52,9,7,0,1.029617,0.994731,0.989831,43,1,917,96.612269,91.612269,18,18,2,100,0,-100,-100,1,160,54,441,51,0,0,6208,424,0,17,0,2018,360,0,34,0,921,1,0,36,0,536,0,0,0,0,375,692,0,59,0,0,32,18,3,0,0,3,3,0,0
1,16,2,45,9,7,0,0.989958,0.979058,1.00888,35,2,1167,100,100,18,18,2,-100,-100,0,100,1,160,54,144,30,0,0,6208,381,0,10,0,2018,227,0,20,0,921,0,0,34,0,536,0,0,0,0,375,960,0,52,0,0,38,17,4,0,0,4,4,0,0
1,16,3,57,9,7,0,0.989344,0.985863,0.999768,50,3,1417,100,100,18,18,2,-100,-100,100,0,1,160,54,119,33,0,0,6208,341,0,11,0,2018,271,0,22,0,921,0,0,44,0,536,0,0,0,0,375,1035,0,95,0,0,20,22,37,0,0,3,3,0,0
1,17,0,27,10,14,1,1.031678,0.988615,0.995263,24,4,1667,79.004962,74.004962,19,19,2,0,100,-100,-100,1,160,32,69,15,0,0,6264,266,0,5,0,2012,201,0,10,0,982,26,0,20,0,536,0,0,0,0,428,1189,0,27,0,0,26,10,1,0,0,1,1,0,0
1,17,1,50,10,14,1,1.034095,0.987609,0.987935,41,1,917,100,96.612269,19,19,2,100,0,-100,-100,1,160,32,473,54,0,0,6264,354,0,18,0,2012,378,0,36,0,982,0,0,22,0,536,0,0,0,0,428,688,0,46,0,0,40,11,3,0,0,3,3,0,0
1,17,2,43,10,14,1,0.99443,0.97879,1.013298,36,2,1167,100,100,19,19,2,-100,-100,0,100,1,160,32,161,33,0,0,6264,325,0,11,0,2012,238,0,22,0,982,1,0,20,0,536,0,0,0,0,428,970,0,37,0,0,45,10,3,0,0,3,3,0,0
1,17,3,59,10,14,1,0.990327,0.987651,1.004893,51,3,1417,100,100,19,19,2,-100,-100,100,0,1,160,32,127,30,0,0,6264,394,0,10,0,2012,281,0,20,0,982,1,0,26,0,536,0,0,0,0,428,1037,0,40,0,0,31,13,2,0,0,2,2,0,0
1,18,0,29,14,20,0,1.034125,0.985737,0.994334,24,4,1667,84.004962,79.004962,19,19,2,0,100,-100,-100,1,160,17,88,15,0,0,6208,258,0,5,0,2012,206,0,10,0,1003,19,0,22,0,479,0,0,6,0,437,1205,24,29,0,0,36,11,1,0,0,1,1,0,0
1,18,1,49,14,20,0,1.038152,0.984223,0.985161,40,1,917,100,100,19,19,2,100,0,-100,-100,1,160,17,517,54,0,0,6208,382,0,18,0,2012,396,0,36,0,1003,1,0,20,0,479,0,0,9,0,437,692,36,44,0,0,47,10,3,0,0,3,3,0,0
1,18,2,46,14,20,0,1.001795,0.978068,1.010998,36,3,1417,100,100,19,19,2,-100,-100,0,100,1,160,17,187,30,0,0,6208,344,0,10,0,2012,248,0,20,0,1003,1,0,18,0,479,0,0,14,0,437,987,56,66,0,0,18,9,36,0,0,2,2,0,0
1,18,3,49,14,20,0,0.991599,0.981788,1.001582,42,3,1417,100,100,19,19,2,-100,-100,100,0,1,160,17,123,27,0,0,6208,326,0,9,0,2012,290,0,18,0,1003,0,0,16,0,479,0,0,13,0,437,1134,52,31,0,0,36,8,3,0,0,3,3,0,0
1,19,0,26,13,11,0,1.042298,0.987265,0.992251,21,4,1667,89.004962,84.004962,20,20,2,0,100,-100,-100,1,160,13,96,15,0,0,6064,240,0,5,0,2012,211,0,10,0,935,29,0,20,0,536,0,0,0,0,510,1200,0,29,0,0,44,10,2,0,0,2,2,0,0
1,19,1,50,13,11,0,1.038186,0.984258,0.98453,41,1,917,100,100,20,20,2,100,0,-100,-100,1,160,13,565,57,0,0,6064,402,0,19,0,2012,412,0,38,0,935,10,0,30,0,536,0,0,0,0,510,649,0,55,0,0,59,15,3,0,0,3,3,0,0
1,19,2,47,13,11,0,1.004489,0.976956,1.014423,35,3,1417,100,100,20,20,2,-100,-100,0,100,1,160,13,211,39,0,0,6064,357,0,13,0,2012,258,0,26,0,935,1,0,30,0,536,0,0,0,0,510,963,0,51,0,0,29,15,4,0,0,4,4,0,0
1,19,3,52,13,11,0,0.986562,0.978296,1.001876,45,3,1417,96.740563,91.740563,20,20,2,-100,-100,100,0,1,160,13,146,30,0,0,6064,387,0,10,0,2012,297,0,20,0,935,0,0,38,0,536,0,0,0,0,510,1106,0,52,0,0,53,19,2,0,0,2,2,0,0
1,20,0,26,14,6,0,1.04126,0.987379,0.989135,21,4,1667,94.004962,89.004962,20,20,2,0,100,-100,-100,1,160,14,110,15,0,0,6288,225,0,5,0,2000,216,0,10,0,938,41,0,18,0,536,0,0,0,0,308,1194,0,27,0,0,51,9,2,0,0,2,2,0,0
1,20,1,53,14,6,0,1.044627,0.98723,0.986816,43,1,917,100,100,20,20,2,100,0,-100,-100,1,160,14,617,60,0,0,6288,332,0,20,0,2000,429,0,40,0,938,17,0,32,0,536,0,0,0,0,308,693,0,58,0,0,72,16,3,0,0,3,3,0,0
1,20,2,49,14,6,0,1.006387,0.97427,1.018514,37,3,1417,100,100,20,20,2,-100,-100,0,100,1,160,14,242,39,0,0,6288,393,0,13,0,2000,271,0,26,0,938,1,0,26,0,536,0,0,0,0,308,943,0,47,0,0,38,13,4,0,0,4,4,0,0
1,20,3,55,14,6,0,0.986212,0.980188,1.006194,46,3,1417,100,96.740563,20,20,2,-100,-100,100,0,1,160,14,158,30,0,0,6288,325,0,10,0,2000,307,0,20,0,938,1,0,38,0,536,0,0,0,0,308,1194,0,54,0,0,69,19,3,0,0,3,3,0,0
1,21,0,26,19,16,0,1.045523,0.987857,0.984796,19,4,1667,99.004962,94.004962,20,20,2,0,100,-100,-100,1,160,6,126,12,0,0,6144,219,0,4,0,2009,220,0,8,0,952,47,0,18,0,536,0,0,0,0,404,1186,0,26,0,0,58,9,2,0,0,2,2,0,0
1,21,1,51,19,16,0,1.048428,0.983455,0.986445,41,1,917,100,100,20,20,2,100,0,-100,-100,1,160,6,652,51,0,0,6144,334,0,17,0,2009,446,0,34,0,952,18,0,32,0,536,0,0,0,0,404,662,0,57,0,0,84,16,4,0,0,4,4,0,0
1,21,2,51,19,16,0,1.009936,0.967839,1.016567,38,3,1417,100,100,20,20,2,-100,-100,0,100,1,160,6,266,33,0,0,6144,333,0,11,0,2009,282,0,22,0,952,1,0,30,0,536,0,0,0,0,404,1008,0,49,0,0,49,15,4,0,0,4,4,0,0
1,21,3,58,19,16,0,0.991964,0.983446,1.004869,45,3,1417,100,100,20,20,2,-100,-100,100,0,1,160,6,168,27,0,0,6144,413,0,9,0,2009,316,0,18,0,952,0,0,34,0,536,0,0,0,0,404,1171,0,49,0,0,83,17,3,0,0,3,3,0,0
1,22,0,25,9,25,0,1.044741,0.982334,0.978997,18,4,1667,100,99.004962,23,23,2,0,100,-100,-100,1,160,14,145,15,0,0,6176,212,0,5,0,2021,225,0,10,0,931,40,0,22,0,536,0,0,0,0,372,1177,0,33,0,0,66,11,3,0,0,3,3,0,0
1,22,1,46,9,25,0,1.044399,0.981612,0.982681,40,1,917,88.407085,83.407085,23,23,2,100,0,-100,-100,1,160,14,687,51,0,0,6176,346,0,17,0,2021,460,0,34,0,931,12,0,36,0,536,0,0,0,0,372,624,0,59,0,0,99,18,3,0,0,3,3,0,0
1,22,2,48,9,25,0,1.011263,0.959723,1.009199,36,3,1417,100,100,23,23,2,-100,-100,0,100,1,160,14,278,30,0,0,6176,384,0,10,0,2021,292,0,20,0,931,1,0,26,0,536,0,0,0,0,372,997,0,44,0,0,58,13,4,0,0,4,4,0,0
1,22,3,51,9,25,0,0.993154,0.974654,0.995741,41,4,1667,96.661789,91.661789,23,23,2,-100,-100,100,0,1,160,14,166,27,0,0,6176,346,0,9,0,2021,322,0,18,0,931,1,0,28,0,536,0,0,0,0,372,1239,0,79,0,0,59,14,38,0,0,4,4,0,0
1,23,0,27,16,14,0,1.044373,0.986065,0.978002,19,4,1667,100,100,25,25,2,0,100,-100,-100,1,160,20,161,15,0,0,6136,214,0,5,0,2024,230,0,10,0,1030,14,0,26,0,491,0,0,12,0,558,1190,48,35,0,0,77,13,2,0,0,2,2,0,0
1,23,1,48,16,14,0,1.047387,0.984487,0.986878,42,1,917,84.913816,79.913816,25,25,2,100,0,-100,-100,1,160,20,731,54,0,0,6136,362,0,18,0,2024,475,0,36,0,1030,1,0,26,0,491,0,0,11,0,558,628,44,46,0,0,111,13,1,0,0,1,1,0,0
1,23,2,51,16,14,0,1.010171,0.957978,1.005174,38,3,1417,100,100,25,25,2,-100,-100,0,100,1,160,20,292,30,0,0,6136,326,0,10,0,2024,299,0,20,0,1030,0,0,10,0,491,0,0,15,0,558,1058,60,28,0,0,59,5,4,0,0,4,4,0,0
1,23,3,46,16,14,0,0.995491,0.972332,1.000352,41,4,1667,93.37933,88.37933,25,25,2,-100,-100,100,0,1,160,20,175,27,0,0,6136,422,0,9,0,2024,331,0,18,0,1030,1,0,18,0,491,0,0,7,0,558,1244,28,29,0,0,67,9,1,0,0,1,1,0,0
1,24,0,28,12,12,0,1.04755,0.987511,0.985191,19,4,1667,96.811129,91.811129,26,26,2,0,100,-100,-100,1,160,26,181,18,0,0,6168,213,0,6,0,2009,236,0,12,0,967,0,0,26,0,536,0,0,0,0,496,1167,0,38,0,0,87,13,3,0,0,3,3,0,0
1,24,1,47,12,12,0,1.049919,0.982475,0.988971,39,1,917,89.913816,84.913816,26,26,2,100,0,-100,-100,1,160,26,774,54,0,0,6168,376,0,18,0,2009,493,0,36,0,967,0,0,24,0,536,0,0,0,0,496,595,0,48,0,0,120,12,3,0,0,3,3,0,0
1,24,2,51,12,12,0,1.010545,0.957069,1.00169,39,3,1417,100,100,26,26,2,-100,-100,0,100,1,160,26,304,33,0,0,6168,376,0,11,0,2009,310,0,22,0,967,1,0,30,0,536,0,0,0,0,496,1020,0,51,0,0,69,15,5,0,0,5,5,0,0
1,24,3,46,12,12,0,0.997878,0.971196,1.000994,41,4,1667,98.37933,93.37933,26,26,2,-100,-100,100,0,1,160,26,186,27,0,0,6168,367,0,9,0,2009,340,0,18,0,967,0,0,34,0,536,0,0,0,0,496,1248,0,47,0,0,82,17,2,0,0,2,2,0,0
1,25,0,26,14,8,0,1.050131,0.987029,0.985002,20,4,1667,100,96.811129,27,27,2,0,100,-100,-100,1,160,17,202,24,0,0,6024,209,0,8,0,2009,244,0,16,0,1031,0,0,4,0,519,0,0,1,0,592,1156,4,18,0,0,86,2,3,0,0,3,3,0,0
1,25,1,52,14,8,0,1.044967,0.981288,0.990195,40,2,1167,94.913816,89.913816,27,27,2,100,0,-100,-100,1,160,17,817,51,0,0,6024,392,0,17,0,2009,507,0,34,0,1031,0,0,12,0,519,0,0,4,0,592,542,16,69,0,0,89,6,37,0,0,3,3,0,0
1,25,2,51,14,8,0,1.010232,0.954652,1.002614,41,3,1417,100,100,27,27,2,-100,-100,0,100,1,160,17,320,33,0,0,6024,442,0,11,0,2009,321,0,22,0,1031,0,0,14,0,519,0,0,6,0,592,1012,24,33,0,0,72,7,4,0,0,4,4,0,0
1,25,3,49,14,8,0,0.994896,0.967762,1.002338,42,4,1667,94.902452,89.902452,27,27,2,-100,-100,100,0,1,160,17,202,27,0,0,6024,448,0,9,0,2009,349,0,18,0,1031,0,0,12,0,519,0,0,6,0,592,1251,24,25,0,0,86,6,2,0,0,2,2,0,0
1,26,0,24,16,17,0,1.052535,0.984419,0.980869,20,4,1667,81.351419,76.351419,30,30,2,0,100,-100,-100,1,160,16,226,21,0,0,6368,208,0,7,0,2009,251,0,14,0,1019,1,0,2,0,508,0,0,2,0,185,1177,8,11,0,0,86,1,1,0,0,1,1,0,0
1,26,1,51,16,17,0,1.048873,0.98278,0.991148,40,2,1167,99.913816,94.913816,30,30,2,100,0,-100,-100,1,160,16,850,51,0,0,6368,323,0,17,0,2009,521,0,34,0,1019,0,0,8,0,508,0,0,9,0,185,657,36,35,0,0,88,4,5,0,0,5,5,0,0
1,26,2,49,16,17,0,1.01216,0.954437,1.006425,38,3,1417,100,100,30,30,2,-100,-100,0,100,1,160,16,344,36,0,0,6368,379,0,12,0,2009,333,0,24,0,1019,1,0,8,0,508,0,0,5,0,185,1143,20,26,0,0,73,4,3,0,0,3,3,0,0
1,26,3,53,16,17,0,0.993628,0.963153,1.003179,42,4,1667,77.385758,72.385758,30,30,2,-100,-100,100,0,1,160,16,216,30,0,0,6368,389,0,10,0,2009,359,0,20,0,1019,0,0,10,0,508,0,0,11,0,185,1401,44,26,0,0,88,5,3,0,0,3,3,0,0
1,27,0,27,16,26,0,1.05954,0.985751,0.986862,21,4,1667,86.351419,81.351419,31,31,2,0,100,-100,-100,1,160,19,252,24,0,0,6128,208,0,8,0,1985,259,0,16,0,1040,0,0,2,0,536,0,0,0,0,363,1189,0,12,0,0,86,1,1,0,0,1,1,0,0
1,27,1,50,16,26,0,1.054888,0.985749,0.986581,41,2,1167,96.698589,91.698589,31,31,2,100,0,-100,-100,1,160,19,881,45,0,0,6128,353,0,15,0,1985,536,0,30,0,1040,1,0,6,0,536,0,0,0,0,363,666,0,27,0,0,88,3,3,0,0,3,3,0,0
1,27,2,44,16,26,0,1.018444,0.951431,1.009152,34,3,1417,100,100,31,31,2,-100,-100,0,100,1,160,19,358,27,0,0,6128,449,0,9,0,1985,339,0,18,0,1040,1,0,10,0,536,0,0,0,0,363,1139,0,25,0,0,75,5,3,0,0,3,3,0,0
1,27,3,46,16,26,0,0.995271,0.960689,1.004902,37,5,1917,82.385758,77.385758,31,31,2,-100,-100,100,0,1,160,19,207,15,0,0,6128,331,0,5,0,1985,364,0,10,0,1040,0,0,14,0,536,0,0,0,0,363,1492,0,59,0,0,58,7,37,0,0,3,3,0,0
1,28,0,26,13,11,0,1.057341,0.997868,0.996622,20,4,1667,91.351419,86.351419,34,34,2,0,100,-100,-100,1,160,16,283,27,0,0,6128,204,0,9,0,2030,268,0,18,0,1036,1,0,2,0,476,0,0,3,0,445,1213,12,15,0,0,85,1,2,0,0,2,2,0,0
1,28,1,50,13,11,0,1.05111,0.982941,0.988116,42,2,1167,83.14376,78.14376,34,34,2,100,0,-100,-100,1,160,16,914,45,0,0,6128,384,0,15,0,2030,551,0,30,0,1036,1,0,6,0,476,0,0,12,0,445,723,48,27,0,0,88,3,3,0,0,3,3,0,0
1,28,2,45,13,11,0,1.02174,0.951224,1.008332,36,4,1667,100,100,34,34,2,-100,-100,0,100,1,160,16,367,24,0,0,6128,397,0,8,0,2030,347,0,16,0,1036,1,0,12,0,476,0,0,15,0,445,1208,60,62,0,0,43,6,38,0,0,4,4,0,0
1,28,3,48,13,11,0,0.990917,0.962826,0.99761,38,5,1917,79.289639,74.289639,34,34,2,-100,-100,100,0,1,160,16,212,15,0,0,6128,408,0,5,0,2030,369,0,10,0,1036,1,0,14,0,476,4,0,23,0,445,1582,92,23,0,0,63,7,2,0,0,2,2,0,0
1,29,0,24,7,12,0,1.058582,0.993109,0.998061,20,4,1667,96.351419,91.351419,36,36,2,0,100,-100,-100,1,160,61,299,24,0,0,6368,202,0,8,0,2024,276,0,16,0,1070,1,0,0,0,444,0,0,9,0,588,1237,36,12,0,0,83,0,2,0,0,2,2,0,0
1,29,1,48,7,12,0,1.052481,0.985727,0.989034,42,2,1167,79.981506,74.981506,36,36,2,100,0,-100,-100,1,160,61,941,48,0,0,6368,318,0,16,0,2024,567,0,32,0,1070,1,0,0,0,444,0,0,20,0,588,786,80,22,0,0,85,0,3,0,0,3,3,0,0
1,29,2,43,7,12,0,1.024011,0.953126,1.005704,36,4,1667,100,100,36,36,2,-100,-100,0,100,1,160,61,360,18,0,0,6368,346,0,6,0,2024,353,0,12,0,1070,1,0,0,0,444,0,0,25,0,588,1296,100,12,0,0,40,0,3,0,0,3,3,0,0
1,29,3,49,7,12,0,0.989926,0.961196,0.995329,38,6,2167,71.582089,66.582089,36,36,2,-100,-100,100,0,1,160,61,212,24,0,0,6368,352,0,8,0,2024,377,0,16,0,1070,1,0,2,0,444,19,0,23,0,588,1629,92,52,0,0,26,1,38,0,0,4,4,0,0
1,30,0,21,10,15,0,1.050295,0.993278,0.987511,19,4,1667,92.621748,87.621748,37,37,2,0,100,-100,-100,1,160,21,324,24,0,0,6024,194,0,8,0,2027,281,0,16,0,964,1,0,6,0,536,0,0,0,0,498,1242,0,16,0,0,85,3,1,0,0,1,1,0,0
1,30,1,43,10,15,0,1.050434,0.985372,0.990447,38,2,1167,84.981506,79.981506,37,37,2,100,0,-100,-100,1,160,21,966,36,0,0,6024,346,0,12,0,2027,579,0,24,0,964,1,0,24,0,536,0,0,0,0,498,776,0,40,0,0,95,12,2,0,0,2,2,0,0
1,30,2,45,10,15,0,1.026918,0.948913,1.005236,38,4,1667,100,100,37,37,2,-100,-100,0,100,1,160,21,368,18,0,0,6024,449,0,6,0,2027,359,0,12,0,964,1,0,30,0,536,0,0,0,0,498,1274,0,40,0,0,53,15,2,0,0,2,2,0,0
1,30,3,50,10,15,0,0.991119,0.961185,0.991748,39,6,2167,76.582089,71.582089,37,37,2,-100,-100,100,0,1,160,21,219,24,0,0,6024,391,0,8,0,2027,385,0,16,0,964,0,0,46,0,536,0,0,19,0,498,1673,76,62,0,0,45,23,4,0,0,4,4,0,0
1,31,0,21,10,11,0,1.050218,0.993579,0.98246,17,4,1667,97.621748,92.621748,37,37,2,0,100,-100,-100,1,160,34,347,24,0,0,6288,189,0,8,0,2039,286,0,16,0,1053,1,0,0,0,511,0,0,5,0,253,1262,20,10,0,0,84,0,1,0,0,1,1,0,0
1,31,1,42,10,11,0,1.051652,0.985691,0.989974,37,2,1167,89.981506,84.981506,37,37,2,100,0,-100,-100,1,160,34,991,33,0,0,6288,380,0,11,0,2039,590,0,22,0,1053,1,0,6,0,511,0,0,7,0,253,809,28,19,0,0,97,3,1,0,0,1,1,0,0
1,31,2,46,10,11,0,1.026619,0.946013,1.005372,38,5,1917,100,100,37,37,2,-100,-100,0,100,1,160,34,373,21,0,0,6288,397,0,7,0,2039,366,0,14,0,1053,0,0,6,0,511,0,0,6,0,253,1403,24,53,0,0,19,3,37,0,0,3,3,0,0
1,31,3,49,10,11,0,0.989065,0.963468,0.993536,41,6,2167,81.582089,76.582089,37,37,2,-100,-100,100,0,1,160,34,222,24,0,0,6288,333,0,8,0,2039,393,0,16,0,1053,0,0,8,0,511,0,0,7,0,253,1820,28,24,0,0,45,4,4,0,0,4,4,0,0
1,32,0,19,11,9,0,1.042436,1.001788,0.987343,16,4,1667,85.411304,80.411304,41,41,2,0,100,-100,-100,1,160,26,372,21,0,0,6280,177,0,7,0,2042,293,0,14,0,1059,1,0,0,0,440,5,0,7,0,378,1288,28,9,0,0,83,0,1,0,0,1,1,0,0
1,32,1,42,11,9,0,1.054155,0.987347,0.994421,36,3,1417,94.981506,89.981506,41,41,2,100,0,-100,-100,1,160,26,1016,33,0,0,6280,327,0,11,0,2042,601,0,22,0,1059,1,0,8,0,440,0,0,12,0,378,875,48,57,0,0,65,4,36,0,0,2,2,0,0
1,32,2,49,11,9,0,1.027687,0.943238,1.006971,40,5,1917,100,100,41,41,2,-100,-100,0,100,1,160,26,380,21,0,0,6280,344,0,7,0,2042,373,0,14,0,1059,1,0,2,0,440,0,0,24,0,378,1606,96,15,0,0,17,1,3,0,0,3,3,0,0
1,32,3,50,11,9,0,0.9926,0.964649,0.994344,42,7,2417,66.710408,61.710408,41,41,2,-100,-100,100,0,1,160,26,234,24,0,0,6280,380,0,8,0,2042,401,0,16,0,1059,0,0,2,0,440,19,0,23,0,378,1882,92,48,0,0,10,1,36,0,0,2,2,0,0
1,33,0,17,14,8,0,1.044258,0.992624,0.988813,15,4,1667,77.586323,72.586323,43,43,2,0,100,-100,-100,1,160,22,395,18,0,0,6040,160,0,6,0,2042,299,0,12,0,1037,0,0,6,0,517,0,0,5,0,489,1312,20,14,0,0,85,3,1,0,0,1,1,0,0
1,33,1,43,14,8,0,1.057987,0.983414,0.997035,35,3,1417,99.981506,94.981506,43,43,2,100,0,-100,-100,1,160,22,1039,30,0,0,6040,363,0,10,0,2042,611,0,20,0,1037,1,0,2,0,517,0,0,7,0,489,923,28,16,0,0,64,1,2,0,0,2,2,0,0
1,33,2,52,14,8,0,1.026961,0.937385,1.000447,41,5,1917,100,100,43,43,2,-100,-100,0,100,1,160,22,393,27,0,0,6040,446,0,9,0,2042,382,0,18,0,1037,1,0,10,0,517,0,0,12,0,489,1653,48,25,0,0,19,5,3,0,0,3,3,0,0
1,33,3,54,14,8,0,0.9944,0.96426,0.992305,43,7,2417,63.229725,58.229725,43,43,2,-100,-100,100,0,1,160,22,248,24,0,0,6040,426,0,8,0,2042,409,0,16,0,1037,0,0,18,0,517,0,0,19,0,489,1959,76,32,0,0,16,9,3,0,0,3,3,0,0
1,34,0,20,11,8,0,1.052517,0.987213,0.990322,16,4,1667,72.286519,67.286519,44,44,2,0,100,-100,-100,1,160,21,417,18,0,0,6304,145,0,6,0,2042,302,0,12,0,955,0,0,10,0,534,0,0,0,0,244,1309,0,18,0,0,89,5,1,0,0,1,1,0,0
1,34,1,41,11,8,0,1.060608,0.982268,0.997202,35,3,1417,100,99.981506,44,44,2,100,0,-100,-100,1,160,21,1064,33,0,0,6304,397,0,11,0,2042,622,0,22,0,955,0,0,20,0,534,0,0,1,0,244,923,4,37,0,0,71,10,3,0,0,3,3,0,0
1,34,2,55,11,8,0,1.028042,0.936613,1.000522,41,5,1917,100,100,44,44,2,-100,-100,0,100,1,160,21,397,24,0,0,6304,386,0,8,0,2042,390,0,16,0,955,1,0,32,0,534,0,0,0,0,244,1778,0,48,0,0,31,16,4,0,0,4,4,0,0
1,34,3,53,11,8,0,0.992419,0.964623,0.992615,45,7,2417,68.229725,63.229725,44,44,2,-100,-100,100,0,1,160,21,263,30,0,0,6304,362,0,10,0,2042,419,0,20,0,955,0,0,50,0,534,0,0,1,0,244,2027,4,68,0,0,37,25,4,0,0,4,4,0,0
1,35,0,19,14,8,0,1.05787,0.987239,0.991634,15,4,1667,52.604054,47.604054,47,47,2,0,100,-100,-100,1,160,14,441,18,0,0,6112,127,0,6,0,2045,308,0,12,0,962,0,0,12,0,536,0,0,0,0,401,1305,0,22,0,0,93,6,2,0,0,2,2,0,0
1,35,1,41,14,8,0,1.061849,0.985753,0.998545,36,3,1417,100,100,47,47,2,100,0,-100,-100,1,160,14,1084,27,0,0,6112,347,0,9,0,2045,628,0,18,0,962,0,0,18,0,536,0,0,0,0,401,1013,0,31,0,0,78,9,2,0,0,2,2,0,0
1,35,2,60,14,8,0,1.028515,0.940127,1.001103,43,6,2167,100,100,47,47,2,-100,-100,0,100,1,160,14,403,24,0,0,6112,507,0,8,0,2045,398,0,16,0,962,1,0,34,0,536,0,0,0,0,401,1716,0,86,0,0,9,17,39,0,0,5,5,0,0
1,35,3,55,14,8,0,0.990136,0.965846,0.991559,48,7,2417,64.70502,59.70502,47,47,2,-100,-100,100,0,1,160,14,276,30,0,0,6112,395,0,10,0,2045,429,0,20,0,962,1,0,44,0,536,0,0,0,0,401,2005,0,58,0,0,57,22,2,0,0,2,2,0,0
1,36,0,17,4,32,0,1.074536,0.988576,0.994782,13,4,1667,43.316492,38.316492,48,48,2,0,100,-100,-100,1,160,31,461,18,0,0,6312,102,0,6,0,2039,314,0,12,0,942,1,0,8,0,536,0,0,0,0,214,1307,0,16,0,0,96,4,1,0,0,1,1,0,0
1,36,1,36,4,32,0,1.060031,0.984777,0.998584,32,3,1417,100,100,48,48,2,100,0,-100,-100,1,160,31,1091,27,0,0,6312,385,0,9,0,2039,637,0,18,0,942,0,0,12,0,536,0,0,0,0,214,1021,0,25,0,0,82,6,2,0,0,2,2,0,0
1,36,2,53,4,32,0,1.031516,0.935904,1.000073,40,6,2167,100,100,48,48,2,-100,-100,0,100,1,160,31,403,27,0,0,6312,438,0,9,0,2039,407,0,18,0,942,1,0,30,0,536,0,0,0,0,214,1859,0,51,0,0,18,15,6,0,0,6,6,0,0
1,36,3,41,4,32,0,0.994441,0.961608,0.981409,37,8,2667,69.70502,64.70502,48,48,2,-100,-100,100,0,1,160,31,274,30,0,0,6312,330,0,10,0,2039,439,0,20,0,942,1,0,10,0,536,0,0,0,0,214,2085,0,58,0,0,26,5,36,0,0,2,2,0,0
1,37,0,13,13,11,0,1.065166,0.981152,1.008583,12,4,1667,32.565946,27.565946,50,50,2,0,100,-100,-100,1,160,25,474,12,0,0,6288,81,0,4,0,2057,318,0,8,0,1018,1,0,6,0,536,0,0,0,0,340,1312,0,10,0,0,99,3,0,0,0,0,0,0,0
1,37,1,38,13,11,0,1.061008,0.984791,0.999743,32,3,1417,100,100,50,50,2,100,0,-100,-100,1,160,25,1110,24,0,0,6288,341,0,8,0,2057,645,0,16,0,1018,1,0,8,0,536,0,0,0,0,340,1100,0,18,0,0,85,4,1,0,0,1,1,0,0
1,37,2,54,13,11,0,1.031161,0.937131,1.001682,44,6,2167,100,100,50,50,2,-100,-100,0,100,1,160,25,413,24,0,0,6288,377,0,8,0,2057,415,0,16,0,1018,1,0,30,0,536,0,0,0,0,340,1913,0,46,0,0,29,15,4,0,0,4,4,0,0
1,37,3,44,13,11,0,1.000811,0.960286,0.983059,37,8,2667,60.903351,55.903351,50,50,2,-100,-100,100,0,1,160,25,293,27,0,0,6288,376,0,9,0,2057,448,0,18,0,1018,0,0,10,0,536,0,0,0,0,340,2103,0,21,0,0,30,5,1,0,0,1,1,0,0
1,38,0,15,14,15,0,1.064485,0.983765,1.008922,12,4,1667,19.294937,14.294937,51,51,2,0,100,-100,-100,1,160,19,493,15,0,0,6032,64,0,5,0,2045,317,0,10,0,1064,0,0,2,0,490,3,0,5,0,486,1338,20,9,0,0,99,1,1,0,0,1,1,0,0
1,38,1,36,14,15,0,1.071358,0.98948,1.011988,29,3,1417,100,100,51,51,2,100,0,-100,-100,1,160,19,1129,27,0,0,6032,373,0,9,0,2045,654,0,18,0,1064,1,0,2,0,490,0,0,9,0,486,1149,36,17,0,0,83,1,3,0,0,3,3,0,0
1,38,2,54,14,15,0,1.029383,0.932498,0.994125,44,6,2167,100,100,51,51,2,-100,-100,0,100,1,160,19,426,27,0,0,6032,482,0,9,0,2045,424,0,18,0,1064,0,0,4,0,490,0,0,21,0,486,2005,84,19,0,0,28,2,3,0,0,3,3,0,0
1,38,3,43,14,15,0,1.003633,0.961749,0.982435,32,8,2667,65.903351,60.903351,51,51,2,-100,-100,100,0,1,160,19,312,33,0,0,6032,401,0,11,0,2045,456,0,22,0,1064,1,0,0,0,490,0,0,8,0,486,2154,32,17,0,0,27,0,3,0,0,3,3,0,0
1,39,0,17,13,9,0,1.061438,0.987736,1.008961,12,4,1667,24.294937,19.294937,53,53,2,0,100,-100,-100,1,160,33,513,15,0,0,6400,45,0,5,0,2048,316,0,10,0,1018,0,0,4,0,514,0,0,5,0,370,1359,20,11,0,0,100,2,1,0,0,1,1,0,0
1,39,1,33,13,9,0,1.066508,0.989602,1.006362,31,3,1417,88.931527,83.931527,53,53,2,100,0,-100,-100,1,160,33,1145,27,0,0,6400,327,0,9,0,2048,663,0,18,0,1018,0,0,12,0,514,0,0,3,0,370,1195,12,23,0,0,88,6,1,0,0,1,1,0,0
1,39,2,57,13,9,0,1.029617,0.933928,0.992995,46,7,2417,100,100,53,53,2,-100,-100,0,100,1,160,33,434,27,0,0,6400,419,0,9,0,2048,433,0,18,0,1018,1,0,22,0,514,0,0,10,0,370,2061,40,73,0,0,1,11,38,0,0,4,4,0,0
1,39,3,45,13,9,0,1.00519,0.956801,0.980887,32,8,2667,70.903351,65.903351,53,53,2,-100,-100,100,0,1,160,33,336,33,0,0,6400,347,0,11,0,2048,467,0,22,0,1018,1,0,10,0,514,0,0,5,0,370,2211,20,29,0,0,28,5,4,0,0,4,4,0,0
1,40,0,17,7,7,0,1.061438,0.987736,1.008961,13,4,1667,5,0,55,55,2,0,100,-100,-100,1,160,29,532,18,0,0,6248,23,0,6,0,2045,316,0,12,0,1061,0,0,0,0,473,0,0,6,0,354,1384,24,10,0,0,98,0,2,0,0,2,2,0,0
1,40,1,34,7,7,0,1.066865,0.992011,1.003581,31,4,1667,93.931527,88.931527,55,55,2,100,0,-100,-100,1,160,29,1166,27,0,0,6248,348,0,9,0,2045,672,0,18,0,1061,1,0,2,0,473,0,0,9,0,354,1211,36,47,0,0,54,1,35,0,0,1,1,0,0
1,40,2,54,7,7,0,1.027987,0.937932,0.996171,46,7,2417,100,100,55,55,2,-100,-100,0,100,1,160,29,440,24,0,0,6248,354,0,8,0,2045,441,0,16,0,1061,0,0,4,0,473,0,0,30,0,354,2310,120,18,0,0,0,2,3,0,0,3,3,0,0
1,40,3,47,7,7,0,1.007282,0.957326,0.978012,35,8,2667,75.903351,70.903351,55,55,2,-100,-100,100,0,1,160,29,350,30,0,0,6248,380,0,10,0,2045,477,0,20,0,1061,0,0,6,0,473,0,0,15,0,354,2295,60,26,0,0,26,3,5,0,0,5,5,0,0
7,1,0,97,12,21,0,0.996558,0.992345,1.002816,0,0,667,95.117021,90.117021,2,2,2,0,100,-100,-100,1,160,1,97,69,0,0,5600,411,0,23,0,1856,123,0,46,0,793,35,0,98,0,536,1,0,49,0,335,239,196,155,0,0,32,49,17,0,0,17,17,0,0
7,1,1,100,12,21,0,0.994977,0.991018,1.004489,0,0,667,100,100,2,2,2,100,0,-100,-100,1,160,1,108,72,0,0,5600,410,0,24,0,1856,124,0,48,0,793,30,0,100,0,536,0,0,50,0,335,242,200,158,0,0,33,50,17,0,0,17,17,0,0
7,1,2,96,12,21,0,0.997292,0.991349,1.005328,0,0,667,100,100,2,2,2,-100,-100,0,100,1,160,1,106,72,0,0,5600,402,0,24,0,1856,124,0,48,0,793,27,0,98,0,536,1,0,49,0,335,240,196,156,0,0,32,49,17,0,0,17,17,0,0
7,1,3,98,12,21,0,0.996172,0.991493,1.00255,0,0,667,100,100,2,2,2,-100,-100,100,0,1,160,1,111,75,0,0,5600,401,0,25,0,1856,122,0,50,0,793,33,0,96,0,536,2,0,48,0,335,234,192,155,0,0,31,48,17,0,0,17,17,0,0
7,2,0,93,13,47,1,0.997557,0.989918,1.003758,16,0,667,100,95.117021,2,2,2,0,100,-100,-100,1,160,0,102,66,0,0,5600,476,0,22,0,1847,145,0,44,0,958,0,0,64,0,421,0,0,27,0,312,290,108,120,0,0,47,32,17,0,0,17,17,0,0
7,2,1,93,13,47,1,0.995922,0.987925,1.003344,15,0,667,100,100,2,2,2,100,0,-100,-100,1,160,0,116,75,0,0,5600,485,0,25,0,1847,149,0,50,0,958,0,0,54,0,421,0,0,29,0,312,299,116,113,0,0,43,27,17,0,0,17,17,0,0
7,2,2,78,13,47,1,0.999384,0.992496,1.007026,16,0,667,100,100,2,2,2,-100,-100,0,100,1,160,0,109,69,0,0,5600,411,0,23,0,1847,147,0,46,0,958,0,0,50,0,421,0,0,25,0,312,284,100,107,0,0,40,25,17,0,0,17,17,0,0
7,2,3,93,13,47,1,0.993275,0.993038,1.002622,16,0,667,100,100,2,2,2,-100,-100,100,0,1,160,0,124,72,0,0,5600,471,0,24,0,1847,146,0,48,0,958,1,0,60,0,421,0,0,35,0,312,313,140,118,0,0,44,30,17,0,0,17,17,0,0
7,3,0,96,17,9,0,0.996847,0.98794,1.00532,32,0,667,100,100,2,2,2,0,100,-100,-100,1,160,18,111,66,0,0,6272,361,0,22,0,2043,126,0,44,0,902,0,0,46,0,471,0,0,20,0,399,318,80,102,0,0,53,23,17,0,0,17,17,0,0
7,3,1,92,17,9,0,0.997283,0.986525,1.003188,30,0,667,100,100,2,2,2,100,0,-100,-100,1,160,18,126,69,0,0,6272,369,0,23,0,2043,119,0,46,0,902,0,0,44,0,471,0,0,15,0,399,308,60,101,0,0,48,22,17,0,0,17,17,0,0
7,3,2,82,17,9,0,1.001717,0.990824,1.004935,33,0,667,100,100,2,2,2,-100,-100,0,100,1,160,18,135,66,0,0,6272,439,0,22,0,2043,142,0,44,0,902,1,0,34,0,471,0,0,10,0,399,284,40,90,0,0,40,17,17,0,0,17,17,0,0
7,3,3,95,17,9,0,0.994426,0.99449,1.002851,32,0,667,100,100,2,2,2,-100,-100,100,0,1,160,18,137,72,0,0,6272,354,0,24,0,2043,116,0,48,0,902,0,0,44,0,471,0,0,20,0,399,341,80,102,0,0,49,22,17,0,0,17,17,0,0
7,4,0,89,9,22,0,0.997851,0.990127,1.00143,48,0,667,100,100,2,2,2,0,100,-100,-100,1,160,19,114,66,0,0,5798,427,0,22,0,1862,148,0,44,0,1071,0,0,0,0,308,3,0,45,0,261,505,180,56,0,0,36,0,17,0,0,17,17,0,0
7,4,1,92,9,22,0,0.996082,0.983584,1.005251,44,0,667,100,100,2,2,2,100,0,-100,-100,1,160,19,141,72,0,0,5798,453,0,24,0,1862,143,0,48,0,1071,0,0,0,0,308,10,0,45,0,261,490,180,58,0,0,31,0,17,0,0,17,17,0,0
7,4,2,80,9,22,0,1.002186,0.989616,1.004326,48,0,667,100,100,2,2,2,-100,-100,0,100,1,160,19,149,66,0,0,5798,335,0,22,0,1862,164,0,44,0,1071,1,0,0,0,308,6,0,39,0,261,535,156,52,0,0,25,0,15,0,0,15,15,0,0
7,4,3,91,9,22,0,1.000171,0.996215,1.001122,46,0,667,100,100,2,2,2,-100,-100,100,0,1,160,19,145,72,0,0,5798,421,0,24,0,1862,140,0,48,0,1071,0,0,0,0,308,11,0,45,0,261,529,180,58,0,0,32,0,17,0,0,17,17,0,0
7,5,0,89,20,14,2,0.99942,0.989217,1.001631,64,0,667,96.161874,91.161874,3,3,2,0,100,-100,-100,1,160,0,121,63,0,0,6048,317,0,21,0,1871,169,0,42,0,947,0,0,28,0,536,0,0,3,0,256,545,12,71,0,0,39,14,11,0,0,11,11,0,0
7,5,1,94,20,14,2,1.001136,0.982014,1.004412,57,0,667,100,100,3,3,2,100,0,-100,-100,1,160,0,164,72,0,0,6048,337,0,24,0,1871,167,0,48,0,947,1,0,34,0,536,0,0,10,0,256,555,40,90,0,0,32,17,16,0,0,16,16,0,0
7,5,2,83,20,14,2,1.004603,0.986528,1.006431,61,0,667,100,100,3,3,2,-100,-100,0,100,1,160,0,174,63,0,0,6048,386,0,21,0,1871,185,0,42,0,947,1,0,22,0,536,0,0,6,0,256,554,24,59,0,0,28,11,8,0,0,8,8,0,0
7,5,3,92,20,14,2,1.003102,0.997011,1.002234,61,0,667,100,100,3,3,2,-100,-100,100,0,1,160,0,164,72,0,0,6048,498,0,24,0,1871,164,0,48,0,947,1,0,36,0,536,0,0,11,0,256,539,44,88,0,0,36,18,14,0,0,14,14,0,0
7,6,0,88,12,16,1,0.999876,0.988802,1.000321,72,0,667,100,96.161874,5,5,2,0,100,-100,-100,1,160,0,136,66,0,0,5848,398,0,22,0,1865,191,0,44,0,918,0,0,36,0,536,0,0,0,0,264,530,0,72,0,0,50,18,7,0,0,7,7,0,0
7,6,1,91,12,16,1,1.001819,0.978868,1.005104,70,0,667,88.298518,83.298518,5,5,2,100,0,-100,-100,1,160,0,187,75,0,0,5848,402,0,25,0,1865,192,0,50,0,918,1,0,36,0,536,0,0,0,0,264,536,0,79,0,0,41,18,9,0,0,9,9,0,0
7,6,2,82,12,16,1,1.004645,0.985498,1.00989,67,0,667,100,100,5,5,2,-100,-100,0,100,1,160,0,191,63,0,0,5848,434,0,21,0,1865,206,0,42,0,918,1,0,28,0,536,0,0,0,0,264,560,0,63,0,0,35,14,7,0,0,7,7,0,0
7,6,3,93,12,16,1,1.004414,0.995872,1.002576,74,1,917,100,100,5,5,2,-100,-100,100,0,1,160,0,182,72,0,0,5848,382,0,24,0,1865,188,0,48,0,918,0,0,46,0,536,0,0,0,0,264,547,0,120,0,0,17,23,42,0,0,8,8,0,0
7,7,0,85,12,25,1,1.00353,0.991558,0.997855,75,1,917,96.488695,91.488695,6,6,2,0,100,-100,-100,1,160,7,147,63,0,0,5832,481,0,21,0,1891,207,0,42,0,978,1,0,20,0,413,0,0,26,0,276,604,104,83,0,0,22,10,38,0,0,4,4,0,0
7,7,1,88,12,25,1,1.000412,0.980174,1.005125,77,1,917,93.298518,88.298518,6,6,2,100,0,-100,-100,1,160,7,201,69,0,0,5832,464,0,23,0,1891,209,0,46,0,978,1,0,20,0,413,0,0,34,0,276,602,136,85,0,0,13,10,38,0,0,4,4,0,0
7,7,2,81,12,25,1,1.006272,0.987464,1.010747,69,1,917,100,100,6,6,2,-100,-100,0,100,1,160,7,202,57,0,0,5832,333,0,19,0,1891,216,0,38,0,978,1,0,18,0,413,0,0,30,0,276,606,120,79,0,0,6,9,38,0,0,4,4,0,0
7,7,3,87,12,25,1,1.00372,0.998984,1.001089,75,1,917,100,100,6,6,2,-100,-100,100,0,1,160,7,195,69,0,0,5832,450,0,23,0,1891,202,0,46,0,978,1,0,26,0,413,0,0,32,0,276,667,128,59,0,0,25,13,5,0,0,5,5,0,0
7,8,0,85,13,22,1,1.005804,0.991113,1.000062,76,1,917,92.43757,87.43757,8,8,2,0,100,-100,-100,1,160,11,161,63,0,0,6219,375,0,21,0,1886,228,0,42,0,857,1,0,48,0,536,0,0,0,0,241,637,0,75,0,0,43,24,3,0,0,3,3,0,0
7,8,1,90,13,22,1,1.006028,0.979442,1.005687,77,1,917,98.298518,93.298518,8,8,2,100,0,-100,-100,1,160,11,218,69,0,0,6219,353,0,23,0,1886,232,0,46,0,857,0,0,52,0,536,0,0,0,0,241,620,0,83,0,0,35,26,4,0,0,4,4,0,0
7,8,2,74,13,22,1,1.011535,0.987504,1.009947,64,1,917,100,100,8,8,2,-100,-100,0,100,1,160,11,196,42,0,0,6219,411,0,14,0,1886,230,0,28,0,857,0,0,40,0,536,0,0,0,0,241,602,0,62,0,0,22,20,4,0,0,4,4,0,0
7,8,3,83,13,22,1,1.002924,1.000065,1.000917,76,1,917,91.564053,86.564053,8,8,2,-100,-100,100,0,1,160,11,204,63,0,0,6219,342,0,21,0,1886,220,0,42,0,857,1,0,56,0,536,0,0,0,0,241,676,0,83,0,0,50,28,3,0,0,3,3,0,0
7,9,0,86,15,16,1,1.007945,0.991459,0.999347,77,1,917,97.43757,92.43757,8,8,2,0,100,-100,-100,1,160,0,177,63,0,0,5832,469,0,21,0,1904,249,0,42,0,987,0,0,26,0,460,0,0,11,0,273,685,44,53,0,0,53,13,3,0,0,3,3,0,0
7,9,1,91,15,16,1,1.00873,0.976916,1.009442,78,1,917,100,98.298518,8,8,2,100,0,-100,-100,1,160,0,248,78,0,0,5832,413,0,26,0,1904,258,0,52,0,987,0,0,18,0,460,0,0,24,0,273,724,96,52,0,0,40,9,4,0,0,4,4,0,0
7,9,2,72,15,16,1,1.017419,0.99065,1.017145,62,1,917,100,100,8,8,2,-100,-100,0,100,1,160,0,206,42,0,0,5832,323,0,14,0,1904,244,0,28,0,987,1,0,14,0,460,0,0,18,0,273,778,72,34,0,0,26,7,3,0,0,3,3,0,0
7,9,3,82,15,16,1,1.003628,0.995925,1.003307,76,2,1167,96.564053,91.564053,8,8,2,-100,-100,100,0,1,160,0,214,54,0,0,5832,417,0,18,0,1904,235,0,36,0,987,0,0,22,0,460,0,0,23,0,273,750,92,78,0,0,25,11,36,0,0,2,2,0,0
7,10,0,52,15,85,1,1.023045,0.9928,0.999377,45,1,917,100,97.43757,8,8,2,0,100,-100,-100,1,160,1,187,63,0,0,6040,362,0,21,0,1910,270,0,42,0,924,14,0,22,0,522,0,0,3,0,254,683,12,49,0,0,61,11,3,0,0,3,3,0,0
7,10,1,87,15,85,1,1.008799,0.978699,1.008417,75,1,917,100,100,8,8,2,100,0,-100,-100,1,160,1,272,72,0,0,6040,474,0,24,0,1910,282,0,48,0,924,0,0,36,0,522,0,0,5,0,254,728,20,70,0,0,53,18,5,0,0,5,5,0,0
7,10,2,71,15,85,1,1.02048,0.994192,1.013915,61,2,1167,100,100,8,8,2,-100,-100,0,100,1,160,1,215,45,0,0,6040,404,0,15,0,1910,256,0,30,0,924,1,0,30,0,522,0,0,2,0,254,755,8,85,0,0,4,15,37,0,0,3,3,0,0
7,10,3,51,15,85,1,1.01828,0.997123,1.00669,43,2,1167,100,96.564053,8,8,2,-100,-100,100,0,1,160,1,222,57,0,0,6040,316,0,19,0,1910,251,0,38,0,924,32,0,14,0,522,0,0,4,0,254,748,16,37,0,0,30,7,2,0,0,2,2,0,0
7,11,0,54,16,5,0,1.023124,0.992846,0.999359,48,1,917,96.492891,91.492891,9,9,2,0,100,-100,-100,1,160,11,235,63,0,0,6174,297,0,21,0,1916,291,0,42,0,942,24,0,24,0,459,8,0,12,0,395,712,48,49,0,0,71,12,2,0,0,2,2,0,0
7,11,1,89,16,5,0,1.010757,0.976685,1.008705,78,2,1167,100,100,9,9,2,100,0,-100,-100,1,160,11,290,69,0,0,6174,364,0,23,0,1916,305,0,46,0,942,0,0,32,0,459,0,0,19,0,395,807,76,97,0,0,31,16,38,0,0,4,4,0,0
7,11,2,74,16,5,0,1.02101,0.994817,1.015557,62,2,1167,100,100,9,9,2,-100,-100,0,100,1,160,11,221,42,0,0,6174,505,0,14,0,1916,270,0,28,0,942,1,0,26,0,459,0,0,13,0,395,819,52,48,0,0,13,13,4,0,0,4,4,0,0
7,11,3,55,16,5,0,1.026903,0.996844,1.009842,44,2,1167,100,100,9,9,2,-100,-100,100,0,1,160,11,265,57,0,0,6174,278,0,19,0,1916,267,0,38,0,942,52,0,18,0,459,16,0,9,0,395,756,36,43,0,0,36,9,3,0,0,3,3,0,0
7,12,0,51,9,37,0,1.023454,0.989203,1.000496,46,1,917,100,96.492891,9,9,2,0,100,-100,-100,1,160,22,273,63,0,0,6160,230,0,21,0,1916,312,0,42,0,1071,9,0,16,0,356,42,0,8,0,445,721,32,39,0,0,78,8,1,0,0,1,1,0,0
7,12,1,82,9,37,0,1.011617,0.976373,1.008732,73,2,1167,100,100,9,9,2,100,0,-100,-100,1,160,22,304,66,0,0,6160,437,0,22,0,1916,327,0,44,0,1071,0,0,0,0,356,18,0,36,0,445,958,144,28,0,0,28,0,3,0,0,3,3,0,0
7,12,2,56,9,37,0,1.014122,0.989541,1.009081,47,2,1167,100,100,9,9,2,-100,-100,0,100,1,160,22,217,48,0,0,6160,415,0,16,0,1916,286,0,32,0,1071,1,0,0,0,356,5,0,26,0,445,927,104,24,0,0,9,0,4,0,0,4,4,0,0
7,12,3,55,9,37,0,1.026184,0.996021,1.008839,45,2,1167,100,100,9,9,2,-100,-100,100,0,1,160,22,300,57,0,0,6160,244,0,19,0,1916,280,0,38,0,1071,32,0,20,0,356,57,0,10,0,445,764,40,47,0,0,42,10,4,0,0,4,4,0,0
7,13,0,53,17,10,0,1.027308,0.991435,1.000918,46,1,917,100,100,9,9,2,0,100,-100,-100,1,160,9,322,66,0,0,6344,165,0,22,0,1910,334,0,44,0,988,9,0,18,0,483,45,0,9,0,288,734,36,44,0,0,85,9,2,0,0,2,2,0,0
7,13,1,85,17,10,0,1.018402,0.974506,1.008051,74,3,1417,100,100,9,9,2,100,0,-100,-100,1,160,9,334,69,0,0,6344,332,0,23,0,1910,350,0,46,0,988,1,0,24,0,483,0,0,32,0,288,1104,128,87,0,0,3,12,37,0,0,3,3,0,0
7,13,2,55,17,10,0,1.019614,0.989586,1.011515,47,2,1167,100,100,9,9,2,-100,-100,0,100,1,160,9,242,48,0,0,6344,343,0,16,0,1910,302,0,32,0,988,1,0,12,0,483,0,0,13,0,288,1065,52,34,0,0,12,6,3,0,0,3,3,0,0
7,13,3,58,17,10,0,1.032624,0.992805,1.007382,47,2,1167,100,100,9,9,2,-100,-100,100,0,1,160,9,334,54,0,0,6344,219,0,18,0,1910,292,0,36,0,988,36,0,22,0,483,61,0,11,0,288,777,44,46,0,0,50,11,3,0,0,3,3,0,0
7,14,0,56,17,10,0,1.030618,0.995748,1.00377,48,1,917,100,100,10,10,2,0,100,-100,-100,1,160,7,369,66,0,0,6040,98,0,22,0,1904,353,0,44,0,964,13,0,20,0,536,35,0,10,0,593,728,40,46,0,0,93,10,2,0,0,2,2,0,0
7,14,1,89,17,10,0,1.019567,0.97378,1.008057,74,3,1417,96.614736,91.614736,10,10,2,100,0,-100,-100,1,160,7,362,69,0,0,6040,416,0,23,0,1904,373,0,46,0,964,0,0,34,0,536,0,0,0,0,593,1040,0,65,0,0,16,17,4,0,0,4,4,0,0
7,14,2,53,17,10,0,1.023286,0.986709,1.010602,48,2,1167,100,100,10,10,2,-100,-100,0,100,1,160,7,261,45,0,0,6040,377,0,15,0,1904,317,0,30,0,964,0,0,18,0,536,0,0,0,0,593,1030,0,37,0,0,19,9,2,0,0,2,2,0,0
7,14,3,60,17,10,0,1.037026,0.990956,1.007462,49,2,1167,100,100,10,10,2,-100,-100,100,0,1,160,7,371,60,0,0,6040,189,0,20,0,1904,309,0,40,0,964,46,0,24,0,536,49,0,12,0,593,774,48,52,0,0,58,12,4,0,0,4,4,0,0
7,15,0,57,16,12,0,1.029367,0.997207,1.002531,48,1,917,100,100,11,11,2,0,100,-100,-100,1,160,4,417,66,0,0,6032,37,0,22,0,1895,375,0,44,0,1049,0,0,20,0,449,41,0,12,0,525,743,48,48,0,0,100,10,3,0,0,3,3,0,0
7,15,1,89,16,12,0,1.024905,0.975686,1.011176,74,3,1417,93.320624,88.320624,11,11,2,100,0,-100,-100,1,160,4,389,75,0,0,6032,477,0,25,0,1895,395,0,50,0,1049,1,0,4,0,449,0,0,37,0,525,1174,148,41,0,0,12,2,6,0,0,6,6,0,0
7,15,2,56,16,12,0,1.022134,0.991304,1.008653,49,2,1167,100,100,11,11,2,-100,-100,0,100,1,160,4,295,51,0,0,6032,411,0,17,0,1895,334,0,34,0,1049,1,0,4,0,449,0,0,8,0,525,1057,32,23,0,0,20,2,1,0,0,1,1,0,0
7,15,3,60,16,12,0,1.039112,0.993115,1.007775,50,2,1167,100,100,11,11,2,-100,-100,100,0,1,160,4,406,60,0,0,6032,157,0,20,0,1895,329,0,40,0,1049,24,0,28,0,449,58,0,14,0,525,786,56,56,0,0,68,14,4,0,0,4,4,0,0
7,16,0,53,14,20,0,1.028564,0.991457,1.002255,45,2,1167,100,100,11,11,2,0,100,-100,-100,1,160,5,442,48,0,0,6316,1,0,16,0,1892,409,0,32,0,913,6,0,28,0,505,28,0,14,0,334,751,56,84,0,0,77,14,37,0,0,3,3,0,0
7,16,1,92,14,20,0,1.025454,0.974472,1.010728,78,3,1417,98.320624,93.320624,11,11,2,100,0,-100,-100,1,160,5,416,72,0,0,6316,363,0,24,0,1892,419,0,48,0,913,0,0,46,0,505,0,0,18,0,334,1266,72,80,0,0,30,23,5,0,0,5,5,0,0
7,16,2,53,14,20,0,1.027127,0.986172,1.009653,47,2,1167,100,100,11,11,2,-100,-100,0,100,1,160,5,324,48,0,0,6316,339,0,16,0,1892,350,0,32,0,913,0,0,22,0,505,0,0,3,0,334,1120,12,42,0,0,29,11,2,0,0,2,2,0,0
7,16,3,58,14,20,0,1.040895,0.994093,1.012812,48,2,1167,100,100,11,11,2,-100,-100,100,0,1,160,5,442,60,0,0,6316,125,0,20,0,1892,349,0,40,0,913,38,0,32,0,505,45,0,16,0,334,822,64,58,0,0,81,16,3,0,0,3,3,0,0
7,17,0,53,8,12,0,1.0319,0.986008,1.008164,46,2,1167,100,100,13,13,2,0,100,-100,-100,1,160,12,469,48,0,0,5988,1,0,16,0,1895,446,0,32,0,888,15,0,30,0,526,13,0,15,0,444,798,60,52,0,0,89,15,3,0,0,3,3,0,0
7,17,1,91,8,12,0,1.026548,0.97592,1.009575,81,4,1667,95.100859,90.100859,13,13,2,100,0,-100,-100,1,160,12,438,72,0,0,5988,438,0,24,0,1895,443,0,48,0,888,1,0,52,0,526,0,0,7,0,444,1227,28,118,0,0,18,26,38,0,0,4,4,0,0
7,17,2,52,8,12,0,1.027142,0.984908,1.007456,47,3,1417,100,100,13,13,2,-100,-100,0,100,1,160,12,350,48,0,0,5988,374,0,16,0,1895,363,0,32,0,888,1,0,32,0,526,0,0,3,0,444,1073,12,86,0,0,9,16,36,0,0,2,2,0,0
7,17,3,56,8,12,0,1.045457,0.996383,1.015719,47,2,1167,96.143812,91.143812,13,13,2,-100,-100,100,0,1,160,12,477,63,0,0,5988,94,0,21,0,1895,370,0,42,0,888,50,0,34,0,526,28,0,17,0,444,860,68,63,0,0,94,17,4,0,0,4,4,0,0
7,18,0,52,14,8,0,1.031696,0.98757,1.006405,47,2,1167,90.839597,85.839597,14,14,2,0,100,-100,-100,1,160,18,466,24,0,0,6164,1,0,8,0,1901,496,0,16,0,901,29,0,28,0,536,0,0,13,0,369,849,52,40,0,0,101,14,2,0,0,2,2,0,0
7,18,1,93,14,8,0,1.028296,0.97544,1.00953,83,4,1667,100,95.100859,14,14,2,100,0,-100,-100,1,160,18,463,72,0,0,6164,322,0,24,0,1901,467,0,48,0,901,0,0,60,0,536,0,0,0,0,369,1266,0,90,0,0,45,30,3,0,0,3,3,0,0
7,18,2,56,14,8,0,1.032314,0.98421,1.008103,47,3,1417,100,100,14,14,2,-100,-100,0,100,1,160,18,373,45,0,0,6164,419,0,15,0,1901,378,0,30,0,901,1,0,32,0,536,0,0,0,0,369,1052,0,51,0,0,23,16,2,0,0,2,2,0,0
7,18,3,57,14,8,0,1.046769,0.996744,1.014013,49,2,1167,100,96.143812,14,14,2,-100,-100,100,0,1,160,18,513,60,0,0,6164,74,0,20,0,1901,390,0,40,0,901,52,0,36,0,536,10,0,18,0,369,903,72,62,0,0,109,18,3,0,0,3,3,0,0
7,19,0,55,16,12,0,1.031671,0.986206,1.005495,49,2,1167,95.839597,90.839597,15,15,2,0,100,-100,-100,1,160,2,474,24,0,0,6093,1,0,8,0,1889,546,0,16,0,894,40,0,28,0,536,0,0,0,0,338,850,0,38,0,0,114,14,1,0,0,1,1,0,0
7,19,1,93,16,12,0,1.029219,0.975273,1.010969,81,4,1667,96.890011,91.890011,15,15,2,100,0,-100,-100,1,160,2,485,72,0,0,6093,388,0,24,0,1889,491,0,48,0,894,0,0,56,0,536,0,0,0,0,338,1238,0,88,0,0,69,28,4,0,0,4,4,0,0
7,19,2,54,16,12,0,1.033193,0.985256,1.007739,47,3,1417,100,100,15,15,2,-100,-100,0,100,1,160,2,400,54,0,0,6093,344,0,18,0,1889,396,0,36,0,894,1,0,32,0,536,0,0,0,0,338,1123,0,56,0,0,36,16,3,0,0,3,3,0,0
7,19,3,60,16,12,0,1.048772,0.995558,1.008564,50,2,1167,100,100,15,15,2,-100,-100,100,0,1,160,2,552,60,0,0,6093,46,0,20,0,1889,410,0,40,0,894,58,0,36,0,536,0,0,10,0,338,919,40,60,0,0,125,18,2,0,0,2,2,0,0
7,20,0,58,17,12,1,1.030805,0.983833,1.003189,50,2,1167,100,95.839597,16,16,2,0,100,-100,-100,1,160,4,527,72,0,0,5955,1,0,24,0,1892,567,0,48,0,1027,19,0,34,0,477,0,0,10,0,398,868,40,64,0,0,128,17,3,0,0,3,3,0,0
7,20,1,93,17,12,1,1.031628,0.974177,1.009488,80,4,1667,88.834259,83.834259,16,16,2,100,0,-100,-100,1,160,4,505,69,0,0,5955,443,0,23,0,1892,514,0,46,0,1027,1,0,16,0,477,0,0,25,0,398,1363,100,47,0,0,73,8,4,0,0,4,4,0,0
7,20,2,54,17,12,1,1.032676,0.983405,1.008647,48,3,1417,100,100,16,16,2,-100,-100,0,100,1,160,4,432,48,0,0,5955,385,0,16,0,1892,412,0,32,0,1027,0,0,6,0,477,0,0,11,0,398,1176,44,26,0,0,37,3,2,0,0,2,2,0,0
7,20,3,62,17,12,1,1.049653,0.992585,1.002961,49,2,1167,100,100,16,16,2,-100,-100,100,0,1,160,4,579,54,0,0,5955,47,0,18,0,1892,425,0,36,0,1027,19,0,46,0,477,0,0,13,0,398,949,52,72,0,0,144,23,4,0,0,4,4,0,0
7,21,0,59,6,11,0,1.031791,0.983559,1.002951,53,2,1167,100,100,17,17,2,0,100,-100,-100,1,160,14,572,72,0,0,6096,1,0,24,0,1895,591,0,48,0,976,2,0,38,0,463,1,0,19,0,586,876,76,68,0,0,144,19,3,0,0,3,3,0,0
7,21,1,93,6,11,0,1.034719,0.972392,1.008693,82,4,1667,81.454556,76.454556,17,17,2,100,0,-100,-100,1,160,14,525,75,0,0,6096,324,0,25,0,1895,539,0,50,0,976,0,0,34,0,463,0,0,21,0,586,1389,84,69,0,0,85,17,5,0,0,5,5,0,0
7,21,2,50,6,11,0,1.042109,0.986455,1.006333,46,4,1667,100,100,17,17,2,-100,-100,0,100,1,160,14,457,48,0,0,6096,403,0,16,0,1895,428,0,32,0,976,1,0,16,0,463,0,0,16,0,586,1172,64,68,0,0,10,8,35,0,0,1,1,0,0
7,21,3,60,6,11,0,1.051817,0.995508,1.003986,50,2,1167,100,100,17,17,2,-100,-100,100,0,1,160,14,604,54,0,0,6096,70,0,18,0,1895,443,0,36,0,976,0,0,44,0,463,0,0,16,0,586,941,64,72,0,0,161,22,5,0,0,5,5,0,0
7,22,0,62,11,13,0,1.030019,0.985502,1.002673,56,2,1167,96.852519,91.852519,18,18,2,0,100,-100,-100,1,160,9,623,72,0,0,6030,1,0,24,0,1892,615,0,48,0,997,1,0,16,0,516,0,0,8,0,597,864,32,44,0,0,150,8,2,0,0,2,2,0,0
7,22,1,91,11,13,0,1.036942,0.973923,1.01231,81,4,1667,86.454556,81.454556,18,18,2,100,0,-100,-100,1,160,9,540,75,0,0,6030,389,0,25,0,1892,564,0,50,0,997,0,0,26,0,516,0,0,5,0,597,1352,20,57,0,0,95,13,3,0,0,3,3,0,0
7,22,2,47,11,13,0,1.038448,0.989474,1.007117,44,4,1667,100,100,18,18,2,-100,-100,0,100,1,160,9,489,51,0,0,6030,336,0,17,0,1892,445,0,34,0,997,1,0,14,0,516,0,0,2,0,597,1147,8,33,0,0,16,7,1,0,0,1,1,0,0
7,22,3,60,11,13,0,1.056011,0.992849,1.002182,53,2,1167,100,100,18,18,2,-100,-100,100,0,1,160,9,632,54,0,0,6030,80,0,18,0,1892,461,0,36,0,997,0,0,18,0,516,0,0,2,0,597,907,8,42,0,0,167,9,3,0,0,3,3,0,0
7,23,0,62,7,11,0,1.026571,0.985404,1.000207,56,2,1167,100,96.852519,18,18,2,0,100,-100,-100,1,160,15,662,72,0,0,5931,1,0,24,0,1892,639,0,48,0,1051,1,0,6,0,509,0,0,6,0,432,902,24,34,0,0,151,3,2,0,0,2,2,0,0
7,23,1,91,7,11,0,1.037288,0.973195,1.013335,81,4,1667,91.454556,86.454556,18,18,2,100,0,-100,-100,1,160,15,552,72,0,0,5931,465,0,24,0,1892,588,0,48,0,1051,0,0,8,0,509,0,0,7,0,432,1394,28,40,0,0,95,4,4,0,0,4,4,0,0
7,23,2,46,7,11,0,1.037049,0.992347,1.005602,43,4,1667,100,100,18,18,2,-100,-100,0,100,1,160,15,525,48,0,0,5931,361,0,16,0,1892,458,0,32,0,1051,0,0,4,0,509,0,0,10,0,432,1189,40,22,0,0,17,2,1,0,0,1,1,0,0
7,23,3,57,7,11,0,1.056828,0.991404,1.007881,52,2,1167,100,100,18,18,2,-100,-100,100,0,1,160,15,656,51,0,0,5931,91,0,17,0,1892,478,0,34,0,1051,0,0,4,0,509,0,0,4,0,432,937,16,25,0,0,167,2,2,0,0,2,2,0,0
7,24,0,64,18,16,2,1.029355,0.98387,0.998251,55,2,1167,100,100,19,19,2,0,100,-100,-100,1,160,7,710,72,0,0,6131,1,0,24,0,1895,666,0,48,0,916,10,0,36,0,536,0,0,0,0,334,883,0,64,0,0,167,18,2,0,0,2,2,0,0
7,24,1,87,18,16,2,1.037958,0.973162,1.015699,79,5,1917,96.454556,91.454556,19,19,2,100,0,-100,-100,1,160,7,566,69,0,0,6131,350,0,23,0,1895,611,0,46,0,916,1,0,44,0,536,0,0,0,0,334,1427,0,105,0,0,81,22,36,0,0,2,2,0,0
7,24,2,49,18,16,2,1.038927,0.987331,1.008124,43,4,1667,100,100,19,19,2,-100,-100,0,100,1,160,7,560,48,0,0,6131,395,0,16,0,1895,471,0,32,0,916,1,0,20,0,536,0,0,0,0,334,1175,0,38,0,0,26,10,1,0,0,1,1,0,0
7,24,3,58,18,16,2,1.057017,0.987598,1.006718,51,2,1167,96.770927,91.770927,19,19,2,-100,-100,100,0,1,160,7,685,48,0,0,6131,98,0,16,0,1895,494,0,32,0,916,1,0,38,0,536,0,0,0,0,334,918,0,58,0,0,184,19,2,0,0,2,2,0,0
7,25,0,66,13,8,0,1.032057,0.984444,0.998709,56,2,1167,88.783686,83.783686,22,22,2,0,100,-100,-100,1,160,12,764,78,0,0,5993,23,0,26,0,1901,692,0,52,0,964,2,0,44,0,532,0,0,0,0,319,853,0,78,0,0,185,22,4,0,0,4,4,0,0
7,25,1,89,13,8,0,1.041934,0.972574,1.015055,78,5,1917,100,96.454556,22,22,2,100,0,-100,-100,1,160,12,599,75,0,0,5993,421,0,25,0,1901,633,0,50,0,964,0,0,28,0,532,0,0,3,0,319,1437,12,59,0,0,92,14,3,0,0,3,3,0,0
7,25,2,50,13,8,0,1.041922,0.988106,1.006094,43,4,1667,100,100,22,22,2,-100,-100,0,100,1,160,12,582,45,0,0,5993,331,0,15,0,1901,486,0,30,0,964,1,0,18,0,532,0,0,0,0,319,1270,0,39,0,0,32,9,3,0,0,3,3,0,0
7,25,3,58,13,8,0,1.058642,0.984378,1.005806,51,2,1167,93.280295,88.280295,22,22,2,-100,-100,100,0,1,160,12,712,48,0,0,5993,120,0,16,0,1901,510,0,32,0,964,0,0,28,0,532,0,0,1,0,319,913,4,48,0,0,196,14,2,0,0,2,2,0,0
7,26,0,62,13,50,1,1.031585,0.983528,0.996292,55,2,1167,93.783686,88.783686,22,22,2,0,100,-100,-100,1,160,10,807,75,0,0,5917,24,0,25,0,1892,717,0,50,0,925,1,0,36,0,524,0,0,0,0,420,833,0,65,0,0,201,18,2,0,0,2,2,0,0
7,26,1,82,13,50,1,1.04314,0.973262,1.014557,70,5,1917,100,100,22,22,2,100,0,-100,-100,1,160,10,634,81,0,0,5917,464,0,27,0,1892,660,0,54,0,925,0,0,34,0,524,0,0,0,0,420,1419,0,69,0,0,105,17,4,0,0,4,4,0,0
7,26,2,44,13,50,1,1.045015,0.976792,1.007452,37,4,1667,100,100,22,22,2,-100,-100,0,100,1,160,10,608,45,0,0,5917,378,0,15,0,1892,501,0,30,0,925,0,0,16,0,524,0,0,3,0,420,1262,12,35,0,0,38,8,2,0,0,2,2,0,0
7,26,3,38,13,50,1,1.064265,0.980827,0.997255,33,2,1167,98.280295,93.280295,22,22,2,-100,-100,100,0,1,160,10,723,42,0,0,5917,144,0,14,0,1892,524,0,28,0,925,1,0,14,0,524,0,0,0,0,420,896,0,32,0,0,201,7,2,0,0,2,2,0,0
7,27,0,62,11,19,0,1.032672,0.978703,0.993827,54,2,1167,98.783686,93.783686,23,23,2,0,100,-100,-100,1,160,19,856,72,0,0,6218,25,0,24,0,1904,741,0,48,0,1035,1,0,16,0,536,0,0,0,0,271,834,0,44,0,0,207,8,2,0,0,2,2,0,0
7,27,1,73,11,19,0,1.048279,0.968792,1.013262,65,5,1917,100,100,23,23,2,100,0,-100,-100,1,160,19,675,81,0,0,6218,354,0,27,0,1904,687,0,54,0,1035,1,0,8,0,536,0,0,0,0,271,1491,0,43,0,0,105,4,4,0,0,4,4,0,0
7,27,2,43,11,19,0,1.047393,0.978899,1.005965,37,4,1667,100,100,23,23,2,-100,-100,0,100,1,160,19,630,42,0,0,6218,320,0,14,0,1904,515,0,28,0,1035,0,0,8,0,536,0,0,0,0,271,1353,0,28,0,0,39,4,3,0,0,3,3,0,0
7,27,3,40,11,19,0,1.064183,0.979181,0.99666,34,2,1167,94.296184,89.296184,23,23,2,-100,-100,100,0,1,160,19,758,42,0,0,6218,188,0,14,0,1904,538,0,28,0,1035,1,0,2,0,536,0,0,0,0,271,893,0,18,0,0,201,1,1,0,0,1,1,0,0
7,28,0,62,16,15,0,1.032641,0.979971,0.994282,53,2,1167,100,98.783686,25,25,2,0,100,-100,-100,1,160,6,899,69,0,0,6017,34,0,23,0,1907,764,0,46,0,1072,1,0,0,0,437,13,0,23,0,425,945,92,29,0,0,204,0,3,0,0,3,3,0,0
7,28,1,75,16,15,0,1.051605,0.970883,1.013335,64,6,2167,95.80892,90.80892,25,25,2,100,0,-100,-100,1,160,6,723,78,0,0,6017,344,0,26,0,1907,713,0,52,0,1072,1,0,0,0,437,0,0,27,0,425,1598,108,64,0,0,69,0,36,0,0,2,2,0,0
7,28,2,43,16,15,0,1.044015,0.972198,1.012474,38,5,1917,100,100,25,25,2,-100,-100,0,100,1,160,6,661,39,0,0,6017,360,0,13,0,1907,528,0,26,0,1072,0,0,0,0,437,0,0,18,0,425,1414,72,51,0,0,3,0,36,0,0,2,2,0,0
7,28,3,39,16,15,0,1.060551,0.979678,0.998854,31,2,1167,84.08166,79.08166,25,25,2,-100,-100,100,0,1,160,6,781,36,0,0,6017,232,0,12,0,1907,550,0,24,0,1072,1,0,0,0,437,0,0,12,0,425,947,48,18,0,0,198,0,3,0,0,3,3,0,0
7,29,0,54,14,23,0,1.033164,0.982772,0.991116,47,3,1417,96.545799,91.545799,27,27,2,0,100,-100,-100,1,160,34,936,69,0,0,5996,34,0,23,0,1925,787,0,46,0,1020,1,0,6,0,499,0,0,13,0,432,978,52,67,0,0,171,3,36,0,0,2,2,0,0
7,29,1,74,14,23,0,1.056687,0.969462,1.013172,60,6,2167,100,95.80892,27,27,2,100,0,-100,-100,1,160,34,750,72,0,0,5996,364,0,24,0,1925,737,0,48,0,1020,0,0,4,0,499,0,0,20,0,432,1705,80,36,0,0,67,2,4,0,0,4,4,0,0
7,29,2,42,14,23,0,1.044592,0.965711,1.01407,37,5,1917,100,100,27,27,2,-100,-100,0,100,1,160,34,677,36,0,0,5996,409,0,12,0,1925,540,0,24,0,1020,0,0,0,0,499,0,0,14,0,432,1484,56,16,0,0,1,0,2,0,0,2,2,0,0
7,29,3,40,14,23,0,1.061733,0.975775,0.995517,32,2,1167,75.07969,70.07969,27,27,2,-100,-100,100,0,1,160,34,808,39,0,0,5996,276,0,13,0,1925,563,0,26,0,1020,0,0,4,0,499,0,0,3,0,432,963,12,23,0,0,197,2,3,0,0,3,3,0,0
7,30,0,54,17,12,0,1.037741,0.985561,0.988408,46,3,1417,100,96.545799,29,29,2,0,100,-100,-100,1,160,7,986,66,0,0,6092,35,0,22,0,1928,809,0,44,0,1003,1,0,18,0,536,0,0,0,0,328,979,0,44,0,0,178,9,2,0,0,2,2,0,0
7,30,1,76,17,12,0,1.057455,0.967714,1.012043,63,6,2167,92.397747,87.397747,29,29,2,100,0,-100,-100,1,160,7,791,72,0,0,6092,401,0,24,0,1928,761,0,48,0,1003,1,0,26,0,536,0,0,0,0,328,1705,0,60,0,0,75,13,5,0,0,5,5,0,0
7,30,2,45,17,12,0,1.043569,0.959115,1.010955,37,5,1917,100,100,29,29,2,-100,-100,0,100,1,160,7,712,39,0,0,6092,354,0,13,0,1928,553,0,26,0,1003,0,0,12,0,536,0,0,0,0,328,1589,0,29,0,0,5,6,2,0,0,2,2,0,0
7,30,3,40,17,12,0,1.062022,0.978381,0.998164,33,2,1167,69.657413,64.657413,29,29,2,-100,-100,100,0,1,160,7,832,36,0,0,6092,320,0,12,0,1928,575,0,24,0,1003,0,0,12,0,536,0,0,0,0,328,959,0,28,0,0,201,6,2,0,0,2,2,0,0
7,31,0,55,12,11,0,1.039676,0.984849,0.987802,47,3,1417,100,100,30,30,2,0,100,-100,-100,1,160,21,1024,63,0,0,6027,36,0,21,0,1919,827,0,42,0,1072,1,0,0,0,455,0,0,23,0,407,1095,92,27,0,0,175,0,3,0,0,3,3,0,0
7,31,1,78,12,11,0,1.062673,0.963076,1.010524,64,7,2417,89.035147,84.035147,30,30,2,100,0,-100,-100,1,160,21,832,72,0,0,6027,422,0,24,0,1919,785,0,48,0,1072,1,0,0,0,455,0,0,32,0,407,1841,128,66,0,0,37,0,38,0,0,4,4,0,0
7,31,2,44,12,11,0,1.0458,0.957878,1.009081,36,5,1917,100,100,30,30,2,-100,-100,0,100,1,160,21,743,48,0,0,6027,373,0,16,0,1919,569,0,32,0,1072,0,0,0,0,455,0,0,11,0,407,1652,44,22,0,0,2,0,3,0,0,3,3,0,0
7,31,3,39,12,11,0,1.060755,0.980172,0.996278,32,3,1417,74.657413,69.657413,30,30,2,-100,-100,100,0,1,160,21,850,36,0,0,6027,356,0,12,0,1919,587,0,24,0,1072,0,0,0,0,455,0,0,15,0,407,994,60,52,0,0,164,0,37,0,0,3,3,0,0
7,32,0,54,17,22,1,1.036458,0.981455,0.989023,47,3,1417,94.979181,89.979181,31,31,2,0,100,-100,-100,1,160,4,1073,63,0,0,6141,36,0,21,0,1928,845,0,42,0,1020,0,0,14,0,525,0,0,1,0,310,1102,4,39,0,0,180,7,2,0,0,2,2,0,0
7,32,1,74,17,22,1,1.068581,0.960516,1.011622,60,7,2417,94.035147,89.035147,31,31,2,100,0,-100,-100,1,160,4,869,72,0,0,6141,319,0,24,0,1928,809,0,48,0,1020,0,0,20,0,525,0,0,5,0,310,1969,20,54,0,0,42,10,5,0,0,5,5,0,0
7,32,2,44,17,22,1,1.048217,0.957618,1.006034,34,5,1917,100,100,31,31,2,-100,-100,0,100,1,160,4,779,48,0,0,6141,401,0,16,0,1928,585,0,32,0,1020,1,0,12,0,525,0,0,0,0,310,1639,0,34,0,0,5,6,3,0,0,3,3,0,0
7,32,3,39,17,22,1,1.061178,0.975862,0.997684,32,3,1417,79.657413,74.657413,31,31,2,-100,-100,100,0,1,160,4,873,33,0,0,6141,394,0,11,0,1928,598,0,22,0,1020,1,0,6,0,525,0,0,1,0,310,1007,4,21,0,0,165,3,2,0,0,2,2,0,0
7,33,0,56,12,15,0,1.034666,0.984495,0.991179,48,3,1417,99.979181,94.979181,32,32,2,0,100,-100,-100,1,160,13,1122,66,0,0,6166,43,0,22,0,1916,864,0,44,0,1029,1,0,6,0,499,0,0,15,0,310,1170,60,34,0,0,180,3,3,0,0,3,3,0,0
7,33,1,69,12,15,0,1.066027,0.959223,1.009136,62,7,2417,86.71404,81.71404,32,32,2,100,0,-100,-100,1,160,13,906,72,0,0,6166,356,0,24,0,1916,833,0,48,0,1029,1,0,16,0,499,0,0,9,0,310,2009,36,44,0,0,48,8,2,0,0,2,2,0,0
7,33,2,46,12,15,0,1.052722,0.954744,1.003714,36,5,1917,100,100,32,32,2,-100,-100,0,100,1,160,13,823,54,0,0,6166,339,0,18,0,1916,603,0,36,0,1029,0,0,10,0,499,0,0,5,0,310,1723,20,36,0,0,6,5,4,0,0,4,4,0,0
7,33,3,37,12,15,0,1.066601,0.983133,0.998545,32,3,1417,84.657413,79.657413,32,32,2,-100,-100,100,0,1,160,13,892,30,0,0,6166,345,0,10,0,1916,608,0,20,0,1029,1,0,6,0,499,0,0,3,0,310,1092,12,18,0,0,167,3,1,0,0,1,1,0,0
7,34,0,56,14,13,0,1.033837,0.984751,0.987715,50,4,1667,88.586793,83.586793,34,34,2,0,100,-100,-100,1,160,9,1171,69,0,0,6004,42,0,23,0,1910,884,0,46,0,1014,1,0,6,0,519,0,0,14,0,451,1201,56,67,0,0,147,3,36,0,0,2,2,0,0
7,34,1,68,14,13,0,1.066233,0.955713,1.009969,60,7,2417,91.71404,86.71404,34,34,2,100,0,-100,-100,1,160,9,953,75,0,0,6004,380,0,25,0,1910,858,0,50,0,1014,1,0,24,0,519,0,0,1,0,451,2012,4,55,0,0,57,12,3,0,0,3,3,0,0
7,34,2,45,14,13,0,1.054958,0.946901,1.004218,36,5,1917,100,100,34,34,2,-100,-100,0,100,1,160,9,865,51,0,0,6004,372,0,17,0,1910,620,0,34,0,1014,0,0,12,0,519,0,0,2,0,451,1722,8,35,0,0,9,6,3,0,0,3,3,0,0
7,34,3,40,14,13,0,1.067388,0.983791,0.999938,31,3,1417,89.657413,84.657413,34,34,2,-100,-100,100,0,1,160,9,922,36,0,0,6004,384,0,12,0,1910,620,0,24,0,1014,0,0,12,0,519,0,0,0,0,451,1085,0,28,0,0,171,6,2,0,0,2,2,0,0
7,35,0,56,13,15,0,1.036353,0.983418,0.991372,49,4,1667,93.586793,88.586793,36,36,2,0,100,-100,-100,1,160,21,1213,66,0,0,6090,35,0,22,0,1907,906,0,44,0,992,1,0,24,0,536,0,0,0,0,440,1166,0,50,0,0,157,12,2,0,0,2,2,0,0
7,35,1,69,13,15,0,1.064918,0.954317,1.010669,59,7,2417,88.158121,83.158121,36,36,2,100,0,-100,-100,1,160,21,1002,81,0,0,6090,396,0,27,0,1907,885,0,54,0,992,0,0,24,0,536,0,0,0,0,440,1985,0,57,0,0,66,12,3,0,0,3,3,0,0
7,35,2,44,13,15,0,1.055054,0.942988,0.996043,35,5,1917,100,100,36,36,2,-100,-100,0,100,1,160,21,899,48,0,0,6090,407,0,16,0,1907,636,0,32,0,992,0,0,18,0,536,0,0,0,0,440,1694,0,40,0,0,15,9,3,0,0,3,3,0,0
7,35,3,38,13,15,0,1.071341,0.979966,0.998041,31,3,1417,85.649635,80.649635,36,36,2,-100,-100,100,0,1,160,21,951,39,0,0,6090,331,0,13,0,1907,633,0,26,0,992,0,0,12,0,536,0,0,0,0,440,1152,0,31,0,0,174,6,3,0,0,3,3,0,0
7,36,0,61,18,8,0,1.038594,0.982864,0.991881,50,4,1667,98.586793,93.586793,36,36,2,0,100,-100,-100,1,160,17,1266,69,0,0,6123,42,0,23,0,1910,926,0,46,0,1071,1,0,0,0,447,0,0,24,0,385,1281,96,29,0,0,154,0,3,0,0,3,3,0,0
7,36,1,70,18,8,0,1.067605,0.957355,1.011454,60,8,2667,93.158121,88.158121,36,36,2,100,0,-100,-100,1,160,17,1056,84,0,0,6123,418,0,28,0,1910,913,0,56,0,1071,0,0,0,0,447,6,0,27,0,385,2058,108,68,0,0,29,0,37,0,0,3,3,0,0
7,36,2,44,18,8,0,1.055967,0.94232,0.993506,36,5,1917,100,100,36,36,2,-100,-100,0,100,1,160,17,935,48,0,0,6123,347,0,16,0,1910,652,0,32,0,1071,0,0,0,0,447,0,0,17,0,385,1839,68,22,0,0,12,0,3,0,0,3,3,0,0
7,36,3,42,18,8,0,1.069502,0.975955,0.99645,33,4,1667,90.649635,85.649635,36,36,2,-100,-100,100,0,1,160,17,981,36,0,0,6123,353,0,12,0,1910,645,0,24,0,1071,0,0,0,0,447,0,0,15,0,385,1192,60,50,0,0,138,0,36,0,0,2,2,0,0
7,37,0,63,16,9,0,1.039647,0.981354,0.988155,51,4,1667,100,98.586793,36,36,2,0,100,-100,-100,1,160,12,1311,72,0,0,6117,57,0,24,0,1913,950,0,48,0,981,1,0,22,0,536,0,0,0,0,339,1278,0,54,0,0,161,11,4,0,0,4,4,0,0
7,37,1,71,16,9,0,1.071228,0.953145,1.00847,60,8,2667,98.158121,93.158121,36,36,2,100,0,-100,-100,1,160,12,1109,81,0,0,6117,320,0,27,0,1913,940,0,54,0,981,0,0,30,0,536,0,0,6,0,339,2159,24,65,0,0,40,15,4,0,0,4,4,0,0
7,37,2,47,16,9,0,1.057934,0.935166,0.996009,37,5,1917,100,100,36,36,2,-100,-100,0,100,1,160,12,975,45,0,0,6117,384,0,15,0,1913,667,0,30,0,981,1,0,20,0,536,0,0,0,0,339,1822,0,41,0,0,19,10,3,0,0,3,3,0,0
7,37,3,43,16,9,0,1.065589,0.969636,0.993768,33,4,1667,95.649635,90.649635,36,36,2,-100,-100,100,0,1,160,12,1001,33,0,0,6117,388,0,11,0,1913,656,0,22,0,981,0,0,18,0,536,0,0,0,0,339,1191,0,37,0,0,143,9,4,0,0,4,4,0,0
7,38,0,65,15,16,0,1.041453,0.982534,0.985596,53,4,1667,100,100,37,37,2,0,100,-100,-100,1,160,20,1355,69,0,0,6194,58,0,23,0,1919,970,0,46,0,961,1,0,30,0,536,0,0,0,0,539,1223,0,61,0,0,172,15,4,0,0,4,4,0,0
7,38,1,74,15,16,0,1.073596,0.951355,1.00592,62,8,2667,94.948866,89.948866,37,37,2,100,0,-100,-100,1,160,20,1161,81,0,0,6194,333,0,27,0,1919,967,0,54,0,961,0,0,36,0,536,0,0,0,0,539,2109,0,71,0,0,54,18,4,0,0,4,4,0,0
7,38,2,47,15,16,0,1.057541,0.931399,0.998428,38,5,1917,100,100,37,37,2,-100,-100,0,100,1,160,20,1005,45,0,0,6194,322,0,15,0,1919,682,0,30,0,961,0,0,22,0,536,0,0,0,0,539,1804,0,43,0,0,27,11,3,0,0,3,3,0,0
7,38,3,37,15,16,0,1.062396,0.965701,0.996873,31,4,1667,100,95.649635,37,37,2,-100,-100,100,0,1,160,20,1012,30,0,0,6194,335,0,10,0,1919,666,0,20,0,961,1,0,20,0,536,0,0,0,0,539,1164,0,36,0,0,150,10,3,0,0,3,3,0,0
7,39,0,67,12,11,0,1.041408,0.979456,0.986449,55,4,1667,80.931731,75.931731,39,39,2,0,100,-100,-100,1,160,31,1391,66,0,0,6017,59,0,22,0,1922,986,0,44,0,1051,0,0,2,0,450,1,0,28,0,441,1357,112,32,0,0,169,1,4,0,0,4,4,0,0
7,39,1,75,12,11,0,1.07672,0.948206,1.007585,63,8,2667,99.948866,94.948866,39,39,2,100,0,-100,-100,1,160,31,1201,81,0,0,6017,343,0,27,0,1922,994,0,54,0,1051,0,0,10,0,450,0,0,30,0,441,2232,120,45,0,0,55,5,4,0,0,4,4,0,0
7,39,2,45,12,11,0,1.056031,0.930932,0.997673,38,5,1917,100,100,39,39,2,-100,-100,0,100,1,160,31,1038,48,0,0,6017,355,0,16,0,1922,698,0,32,0,1051,0,0,8,0,450,0,0,9,0,441,1837,36,30,0,0,28,4,3,0,0,3,3,0,0
7,39,3,37,12,11,0,1.06039,0.962635,0.99796,32,4,1667,100,100,39,39,2,-100,-100,100,0,1,160,31,1032,30,0,0,6017,360,0,10,0,1922,676,0,20,0,1051,1,0,2,0,450,1,0,17,0,441,1240,68,16,0,0,149,1,2,0,0,2,2,0,0
7,40,0,70,18,10,1,1.041879,0.975193,0.988943,58,5,1917,85.931731,80.931731,39,39,2,0,100,-100,-100,1,160,0,1431,66,0,0,6024,67,0,22,0,1916,1002,0,44,0,960,0,0,40,0,525,0,0,1,0,447,1314,4,104,0,0,151,20,38,0,0,4,4,0,0
7,40,1,76,18,10,1,1.082242,0.949128,1.012312,63,8,2667,100,99.948866,39,39,2,100,0,-100,-100,1,160,0,1254,87,0,0,6024,358,0,29,0,1916,1023,0,58,0,960,0,0,30,0,525,0,0,8,0,447,2236,32,67,0,0,66,15,4,0,0,4,4,0,0
7,40,2,49,18,10,1,1.058014,0.929072,0.993932,39,5,1917,100,100,39,39,2,-100,-100,0,100,1,160,0,1073,45,0,0,6024,399,0,15,0,1916,710,0,30,0,960,1,0,14,0,525,0,0,3,0,447,1843,12,33,0,0,33,7,2,0,0,2,2,0,0
7,40,3,37,18,10,1,1.060873,0.963017,0.998422,32,4,1667,100,100,39,39,2,-100,-100,100,0,1,160,0,1061,33,0,0,6024,368,0,11,0,1916,687,0,22,0,960,1,0,24,0,525,0,0,1,0,447,1231,4,37,0,0,160,12,1,0,0,1,1,0,0
3,1,0,103,14,16,0,0.99945,0.995624,1.003011,0,0,667,99.500137,94.500137,1,1,2,0,100,-100,-100,1,160,0,111,75,0,0,5600,409,0,25,0,1856,122,0,50,0,987,0,0,88,0,378,37,0,49,0,386,236,196,147,0,0,27,44,17,0,0,17,17,0,0
3,1,1,100,14,16,0,0.998107,0.997197,1.003906,0,0,667,100,100,1,1,2,100,0,-100,-100,1,160,0,109,72,0,0,5600,394,0,24,0,1856,124,0,48,0,987,0,0,88,0,378,43,0,48,0,386,234,192,146,0,0,27,44,17,0,0,17,17,0,0
3,1,2,98,14,16,0,1.001175,0.996982,1.003225,0,0,667,100,100,1,1,2,-100,-100,0,100,1,160,0,107,72,0,0,5600,402,0,24,0,1856,124,0,48,0,987,1,0,90,0,378,37,0,48,0,386,223,192,148,0,0,28,45,17,0,0,17,17,0,0
3,1,3,97,14,16,0,1.000078,0.996854,1.003034,0,0,667,100,100,1,1,2,-100,-100,100,0,1,160,0,111,75,0,0,5600,385,0,25,0,1856,122,0,50,0,987,0,0,86,0,378,43,0,47,0,386,233,188,145,0,0,26,43,17,0,0,17,17,0,0
3,2,0,103,8,20,1,0.999462,0.995588,1.00355,16,0,667,100,99.500137,2,2,2,0,100,-100,-100,1,160,19,121,78,0,0,5640,480,0,26,0,1844,145,0,52,0,878,0,0,48,0,456,13,0,48,0,309,389,192,108,0,0,34,24,17,0,0,17,17,0,0
3,2,1,96,8,20,1,0.998191,0.998408,1.004271,15,0,667,96.224114,91.224114,2,2,2,100,0,-100,-100,1,160,19,117,78,0,0,5640,436,0,26,0,1844,150,0,52,0,878,1,0,42,0,456,16,0,44,0,309,377,176,102,0,0,31,21,17,0,0,17,17,0,0
3,2,2,93,8,20,1,1.001891,0.996575,1.003973,15,0,667,100,100,2,2,2,-100,-100,0,100,1,160,19,114,75,0,0,5640,455,0,25,0,1844,149,0,50,0,878,1,0,50,0,456,7,0,45,0,309,363,180,109,0,0,36,25,17,0,0,17,17,0,0
3,2,3,94,8,20,1,0.999548,0.995166,1.004119,15,0,667,100,100,2,2,2,-100,-100,100,0,1,160,19,115,69,0,0,5640,449,0,23,0,1844,145,0,46,0,878,0,0,44,0,456,20,0,47,0,309,392,188,101,0,0,31,22,17,0,0,17,17,0,0
3,3,0,104,13,38,1,0.999368,0.995813,1.002547,31,0,667,100,100,4,4,2,0,100,-100,-100,1,160,10,131,78,0,0,6400,351,0,26,0,1850,171,0,52,0,821,1,0,68,0,536,0,0,13,0,200,413,52,128,0,0,51,34,17,0,0,17,17,0,0
3,3,1,73,13,38,1,0.990387,0.997457,0.99625,30,0,667,92.547966,87.547966,4,4,2,100,0,-100,-100,1,160,10,123,72,0,0,6400,316,0,24,0,1850,174,0,48,0,821,1,0,44,0,536,0,0,16,0,200,408,64,92,0,0,41,22,12,0,0,12,12,0,0
3,3,2,96,13,38,1,1.000715,0.997345,1.001577,31,0,667,100,100,4,4,2,-100,-100,0,100,1,160,10,133,72,0,0,6400,338,0,24,0,1850,173,0,48,0,821,0,0,54,0,536,0,0,7,0,200,379,28,112,0,0,46,27,17,0,0,17,17,0,0
3,3,3,88,13,38,1,0.998775,0.99005,0.999808,30,0,667,92.081769,87.081769,4,4,2,-100,-100,100,0,1,160,10,119,66,0,0,6400,333,0,22,0,1850,167,0,44,0,821,1,0,66,0,536,0,0,20,0,200,434,80,122,0,0,47,33,17,0,0,17,17,0,0
3,4,0,73,11,56,5,0.990894,0.994657,1.000071,40,0,667,97.006754,92.006754,5,5,2,0,100,-100,-100,1,160,3,120,57,0,0,5712,412,0,19,0,1850,190,0,38,0,917,0,0,22,0,430,0,0,28,0,371,497,112,67,0,0,49,11,13,0,0,13,13,0,0
3,4,1,73,11,56,5,0.990335,0.995654,0.993642,39,0,667,97.547966,92.547966,5,5,2,100,0,-100,-100,1,160,3,154,63,0,0,5712,358,0,21,0,1850,195,0,42,0,917,0,0,26,0,430,0,0,21,0,371,458,84,73,0,0,41,13,13,0,0,13,13,0,0
3,4,2,87,11,56,5,1.002818,1.002761,0.999537,42,0,667,100,100,5,5,2,-100,-100,0,100,1,160,3,137,66,0,0,5712,380,0,22,0,1850,195,0,44,0,917,0,0,42,0,430,0,0,30,0,371,458,120,98,0,0,50,21,17,0,0,17,17,0,0
3,4,3,83,11,56,5,0.999805,0.989123,0.999547,43,0,667,97.081769,92.081769,5,5,2,-100,-100,100,0,1,160,3,137,69,0,0,5712,398,0,23,0,1850,190,0,46,0,917,0,0,28,0,430,0,0,27,0,371,506,108,81,0,0,46,14,15,0,0,15,15,0,0
3,5,0,73,14,14,0,0.991775,0.99451,1.000187,50,0,667,93.649931,88.649931,6,6,2,0,100,-100,-100,1,160,3,137,54,0,0,5920,321,0,18,0,1889,208,0,36,0,902,0,0,38,0,508,0,0,9,0,343,561,36,76,0,0,58,19,10,0,0,10,10,0,0
3,5,1,75,14,14,0,0.993083,0.996931,0.994096,50,0,667,100,97.547966,6,6,2,100,0,-100,-100,1,160,3,180,66,0,0,5920,407,0,22,0,1889,217,0,44,0,902,1,0,32,0,508,0,0,7,0,343,449,28,76,0,0,46,16,11,0,0,11,11,0,0
3,5,2,87,14,14,0,1.005327,1.000585,0.996704,57,0,667,100,100,6,6,2,-100,-100,0,100,1,160,3,153,63,0,0,5920,432,0,21,0,1889,213,0,42,0,902,0,0,54,0,508,0,0,9,0,343,445,36,103,0,0,63,27,14,0,0,14,14,0,0
3,5,3,81,14,14,0,0.998297,0.987828,1.001585,56,0,667,100,97.081769,6,6,2,-100,-100,100,0,1,160,3,160,69,0,0,5920,444,0,23,0,1889,213,0,46,0,902,1,0,44,0,508,0,0,3,0,343,480,12,89,0,0,57,22,11,0,0,11,11,0,0
3,6,0,74,16,26,10,0.988375,0.996145,0.998913,56,1,917,98.649931,93.649931,6,6,2,0,100,-100,-100,1,160,11,163,54,0,0,6040,422,0,18,0,1925,217,0,36,0,1072,0,0,0,0,348,4,0,34,0,202,601,136,66,0,0,17,0,41,0,0,7,7,0,0
3,6,1,75,16,26,10,0.993833,0.995693,0.99547,56,1,917,100,100,6,6,2,100,0,-100,-100,1,160,11,218,63,0,0,6040,479,0,21,0,1925,223,0,42,0,1072,1,0,0,0,348,10,0,32,0,202,540,128,69,0,0,5,0,41,0,0,7,7,0,0
3,6,2,78,16,26,10,1.00192,0.998723,1.001337,68,1,917,100,100,6,6,2,-100,-100,0,100,1,160,11,151,60,0,0,6040,325,0,20,0,1925,230,0,40,0,1072,0,0,0,0,348,32,0,30,0,202,605,120,62,0,0,25,0,38,0,0,4,4,0,0
3,6,3,79,16,26,10,0.99409,0.984946,1.001802,64,1,917,100,100,6,6,2,-100,-100,100,0,1,160,11,177,66,0,0,6040,341,0,22,0,1925,232,0,44,0,1072,1,0,0,0,348,11,0,35,0,202,599,140,68,0,0,17,0,40,0,0,6,6,0,0
3,7,0,77,11,9,0,0.988329,0.993817,0.997961,63,1,917,100,98.649931,8,8,2,0,100,-100,-100,1,160,12,184,60,0,0,6112,328,0,20,0,1886,237,0,40,0,842,1,0,50,0,536,0,0,4,0,294,654,16,82,0,0,36,25,6,0,0,6,6,0,0
3,7,1,73,11,9,0,0.9918,0.993837,0.997248,60,1,917,83.653792,78.653792,8,8,2,100,0,-100,-100,1,160,12,242,66,0,0,6112,382,0,22,0,1886,245,0,44,0,842,1,0,48,0,536,0,0,10,0,294,604,40,82,0,0,23,24,6,0,0,6,6,0,0
3,7,2,77,11,9,0,1.002217,0.997543,1.00326,70,1,917,100,100,8,8,2,-100,-100,0,100,1,160,12,162,57,0,0,6112,372,0,19,0,1886,249,0,38,0,842,2,0,66,0,536,0,0,32,0,294,678,128,91,0,0,55,33,3,0,0,3,3,0,0
3,7,3,81,11,9,0,0.995313,0.986311,1.002191,68,1,917,100,100,8,8,2,-100,-100,100,0,1,160,12,205,69,0,0,6112,383,0,23,0,1886,255,0,46,0,842,0,0,58,0,536,0,0,11,0,294,597,44,91,0,0,41,29,5,0,0,5,5,0,0
3,8,0,72,14,36,3,0.986571,0.993408,0.992307,62,1,917,96.520608,91.520608,10,10,2,0,100,-100,-100,1,160,4,196,54,0,0,5720,433,0,18,0,1886,255,0,36,0,1050,0,0,6,0,329,8,0,34,0,492,772,136,30,0,0,36,3,3,0,0,3,3,0,0
3,8,1,69,14,36,3,0.993815,0.994206,0.996369,61,1,917,88.653792,83.653792,10,10,2,100,0,-100,-100,1,160,4,259,57,0,0,5720,474,0,19,0,1886,264,0,38,0,1050,1,0,6,0,329,0,0,33,0,492,726,132,31,0,0,23,3,3,0,0,3,3,0,0
3,8,2,71,14,36,3,1.002327,0.993789,1.002624,64,2,1167,100,100,10,10,2,-100,-100,0,100,1,160,4,168,42,0,0,5720,425,0,14,0,1886,263,0,28,0,1050,0,0,6,0,329,28,0,32,0,492,784,128,58,0,0,22,3,36,0,0,2,2,0,0
3,8,3,74,14,36,3,0.990632,0.984679,0.999744,61,1,917,92.598844,87.598844,10,10,2,-100,-100,100,0,1,160,4,232,66,0,0,5720,416,0,22,0,1886,277,0,44,0,1050,1,0,6,0,329,0,0,33,0,492,729,132,36,0,0,40,3,4,0,0,4,4,0,0
3,9,0,73,8,29,0,0.986658,0.991853,0.992576,64,2,1167,92.852374,87.852374,11,11,2,0,100,-100,-100,1,160,16,210,51,0,0,6400,344,0,17,0,1922,269,0,34,0,942,0,0,32,0,536,0,0,8,0,0,840,32,91,0,0,14,16,38,0,0,4,4,0,0
3,9,1,64,8,29,0,0.991526,0.99318,0.995161,57,2,1167,93.653792,88.653792,11,11,2,100,0,-100,-100,1,160,16,275,54,0,0,6400,387,0,18,0,1922,282,0,36,0,942,1,0,30,0,536,0,0,0,0,0,764,0,88,0,0,1,15,37,0,0,3,3,0,0
3,9,2,59,8,29,0,1.005445,0.992164,1.00146,53,2,1167,100,100,11,11,2,-100,-100,0,100,1,160,16,150,27,0,0,6400,345,0,9,0,1922,272,0,18,0,942,1,0,36,0,536,1,0,27,0,0,954,108,49,0,0,38,18,2,0,0,2,2,0,0
3,9,3,69,8,29,0,0.989636,0.982982,0.999544,59,2,1167,97.598844,92.598844,11,11,2,-100,-100,100,0,1,160,16,254,63,0,0,6400,321,0,21,0,1922,298,0,42,0,942,0,0,32,0,536,0,0,0,0,0,768,0,95,0,0,18,16,38,0,0,4,4,0,0
3,10,0,78,18,11,0,0.991953,0.9932,0.9909,67,2,1167,89.760644,84.760644,12,12,2,0,100,-100,-100,1,160,3,225,51,0,0,5832,454,0,17,0,2015,265,0,34,0,886,1,0,50,0,536,0,0,0,0,447,799,0,71,0,0,37,25,2,0,0,2,2,0,0
3,10,1,65,18,11,0,0.995087,0.992489,0.998424,57,2,1167,98.653792,93.653792,12,12,2,100,0,-100,-100,1,160,3,307,57,0,0,5832,440,0,19,0,2015,277,0,38,0,886,1,0,36,0,536,0,0,0,0,447,738,0,59,0,0,17,18,2,0,0,2,2,0,0
3,10,2,59,18,11,0,1.00763,0.991444,1.00463,54,2,1167,100,100,12,12,2,-100,-100,0,100,1,160,3,154,27,0,0,5832,373,0,9,0,2015,273,0,18,0,886,8,0,50,0,536,0,0,1,0,447,936,4,61,0,0,62,25,1,0,0,1,1,0,0
3,10,3,70,18,11,0,0.991353,0.98017,0.998643,61,2,1167,100,97.598844,12,12,2,-100,-100,100,0,1,160,3,286,60,0,0,5832,352,0,20,0,2015,299,0,40,0,886,0,0,36,0,536,0,0,0,0,447,757,0,62,0,0,33,18,3,0,0,3,3,0,0
3,11,0,78,13,14,0,0.995844,0.991691,0.994165,67,2,1167,94.760644,89.760644,13,13,2,0,100,-100,-100,1,160,4,232,57,0,0,6184,357,0,19,0,1937,284,0,38,0,975,1,0,28,0,452,0,0,18,0,324,918,72,55,0,0,47,14,4,0,0,4,4,0,0
3,11,1,61,13,14,0,0.995565,0.992312,0.997538,57,2,1167,100,98.653792,13,13,2,100,0,-100,-100,1,160,4,327,57,0,0,6184,356,0,19,0,1937,296,0,38,0,975,0,0,16,0,452,0,0,16,0,324,838,64,37,0,0,24,8,1,0,0,1,1,0,0
3,11,2,60,13,14,0,1.009582,0.990719,1.003911,53,3,1417,100,100,13,13,2,-100,-100,0,100,1,160,4,164,33,0,0,6184,391,0,11,0,1937,284,0,22,0,975,0,0,40,0,452,7,0,23,0,324,972,92,89,0,0,46,20,36,0,0,2,2,0,0
3,11,3,72,13,14,0,0.992527,0.978327,0.998692,61,2,1167,92.428792,87.428792,13,13,2,-100,-100,100,0,1,160,4,318,60,0,0,6184,390,0,20,0,1937,319,0,40,0,975,1,0,20,0,452,0,0,18,0,324,834,72,46,0,0,40,10,3,0,0,3,3,0,0
3,12,0,78,13,11,0,1.0017,0.989263,0.996259,67,3,1417,84.066208,79.066208,15,15,2,0,100,-100,-100,1,160,11,253,63,0,0,5832,458,0,21,0,2062,274,0,42,0,1037,0,0,4,0,435,3,0,36,0,450,1028,144,67,0,0,11,2,38,0,0,4,4,0,0
3,12,1,64,13,11,0,0.996984,0.991402,0.999397,57,2,1167,100,100,15,15,2,100,0,-100,-100,1,160,11,364,60,0,0,5832,403,0,20,0,2062,280,0,40,0,1037,0,0,2,0,435,3,0,26,0,450,946,104,26,0,0,23,1,2,0,0,2,2,0,0
3,12,2,60,13,11,0,1.009499,0.989172,1.00388,52,3,1417,100,100,15,15,2,-100,-100,0,100,1,160,11,173,36,0,0,5832,407,0,12,0,2062,268,0,24,0,1037,1,0,26,0,435,0,0,10,0,450,1001,40,44,0,0,56,13,3,0,0,3,3,0,0
3,12,3,71,13,11,0,0.99126,0.978123,0.998126,61,2,1167,97.428792,92.428792,15,15,2,-100,-100,100,0,1,160,11,339,60,0,0,5832,434,0,20,0,2062,297,0,40,0,1037,0,0,4,0,435,0,0,30,0,450,970,120,32,0,0,38,2,4,0,0,4,4,0,0
3,13,0,81,13,6,0,1.005209,0.98926,0.996467,70,3,1417,89.066208,84.066208,15,15,2,0,100,-100,-100,1,160,17,275,66,0,0,6400,358,0,22,0,1928,293,0,44,0,1009,1,0,18,0,447,0,0,12,0,349,1097,48,48,0,0,16,9,4,0,0,4,4,0,0
3,13,1,65,13,6,0,0.997963,0.993122,0.99935,58,2,1167,100,100,15,15,2,100,0,-100,-100,1,160,17,387,60,0,0,6400,319,0,20,0,1928,297,0,40,0,1009,1,0,20,0,447,0,0,9,0,349,998,36,46,0,0,30,10,3,0,0,3,3,0,0
3,13,2,63,13,6,0,1.011328,0.988872,1.006199,54,3,1417,100,100,15,15,2,-100,-100,0,100,1,160,17,184,39,0,0,6400,334,0,13,0,1928,281,0,26,0,1009,1,0,12,0,447,17,0,23,0,349,1115,92,31,0,0,59,6,3,0,0,3,3,0,0
3,13,3,71,13,6,0,0.988631,0.974685,0.997463,62,3,1417,100,97.428792,15,15,2,-100,-100,100,0,1,160,17,357,54,0,0,6400,345,0,18,0,1928,315,0,36,0,1009,0,0,10,0,447,0,0,32,0,349,1097,128,68,0,0,6,5,37,0,0,3,3,0,0
3,14,0,84,21,9,0,1.007904,0.989603,0.998479,72,3,1417,85.624023,80.624023,16,16,2,0,100,-100,-100,1,160,4,307,75,0,0,5816,444,0,25,0,1919,315,0,50,0,903,1,0,34,0,536,0,0,0,0,450,1063,0,67,0,0,29,17,4,0,0,4,4,0,0
3,14,1,69,21,9,0,1.000817,0.992371,0.996006,60,2,1167,100,100,16,16,2,100,0,-100,-100,1,160,4,422,60,0,0,5816,370,0,20,0,1919,314,0,40,0,903,0,0,42,0,536,0,0,0,0,450,962,0,66,0,0,49,21,2,0,0,2,2,0,0
3,14,2,65,21,9,0,1.007082,0.990862,1.006821,54,3,1417,100,100,16,16,2,-100,-100,0,100,1,160,4,199,42,0,0,5816,361,0,14,0,1919,295,0,28,0,903,3,0,48,0,536,0,0,17,0,450,1148,68,68,0,0,80,24,3,0,0,3,3,0,0
3,14,3,74,21,9,0,0.991311,0.974521,0.996117,62,3,1417,100,100,16,16,2,-100,-100,100,0,1,160,4,378,54,0,0,5816,408,0,18,0,1919,333,0,36,0,903,0,0,38,0,536,0,0,0,0,450,1080,0,62,0,0,22,19,3,0,0,3,3,0,0
3,15,0,81,10,19,1,1.005816,0.99039,1.000586,73,3,1417,90.624023,85.624023,17,17,2,0,100,-100,-100,1,160,2,325,66,0,0,6152,338,0,22,0,1964,322,0,44,0,977,1,0,22,0,514,0,0,8,0,261,1188,32,50,0,0,37,11,3,0,0,3,3,0,0
3,15,1,66,10,19,1,0.999859,0.993144,0.993119,60,2,1167,96.279633,91.279633,17,17,2,100,0,-100,-100,1,160,2,448,60,0,0,6152,417,0,20,0,1964,318,0,40,0,977,0,0,16,0,514,0,0,7,0,261,975,28,42,0,0,54,8,3,0,0,3,3,0,0
3,15,2,64,10,19,1,1.008521,0.991548,1.009431,55,3,1417,100,100,17,17,2,-100,-100,0,100,1,160,2,213,42,0,0,6152,378,0,14,0,1964,300,0,28,0,977,1,0,32,0,514,0,0,6,0,261,1157,24,54,0,0,92,16,4,0,0,4,4,0,0
3,15,3,72,10,19,1,0.994998,0.974379,0.996712,59,3,1417,100,100,17,17,2,-100,-100,100,0,1,160,2,389,48,0,0,6152,318,0,16,0,1964,329,0,32,0,977,1,0,26,0,514,0,0,1,0,261,1152,4,52,0,0,30,13,5,0,0,5,5,0,0
3,16,0,82,11,14,0,1.004864,0.989397,1.002997,75,4,1667,95.624023,90.624023,18,18,2,0,100,-100,-100,1,160,24,344,69,0,0,5976,418,0,23,0,1925,345,0,46,0,1014,0,0,16,0,368,5,0,37,0,433,1286,148,77,0,0,9,8,36,0,0,2,2,0,0
3,16,1,67,11,14,0,0.999954,0.992698,0.991816,60,3,1417,93.061221,88.061221,18,18,2,100,0,-100,-100,1,160,24,471,57,0,0,5976,332,0,19,0,1925,337,0,38,0,1014,0,0,12,0,368,16,0,26,0,433,1068,104,69,0,0,24,6,36,0,0,2,2,0,0
3,16,2,61,11,14,0,1.010071,0.987289,1.007599,57,4,1667,100,100,18,18,2,-100,-100,0,100,1,160,24,220,42,0,0,5976,380,0,14,0,1925,314,0,28,0,1014,0,0,10,0,368,27,0,24,0,433,1231,96,60,0,0,62,5,35,0,0,1,1,0,0
3,16,3,70,11,14,0,0.996161,0.969726,0.997822,60,4,1667,100,100,18,18,2,-100,-100,100,0,1,160,24,399,48,0,0,5976,374,0,16,0,1925,345,0,32,0,1014,1,0,20,0,368,0,0,30,0,433,1238,120,78,0,0,2,10,38,0,0,4,4,0,0
3,17,0,85,14,18,0,1.003803,0.987473,1.003907,75,4,1667,92.409077,87.409077,19,19,2,0,100,-100,-100,1,160,2,374,66,0,0,6040,314,0,22,0,1925,367,0,44,0,1034,0,0,12,0,484,0,0,10,0,333,1434,40,38,0,0,13,6,2,0,0,2,2,0,0
3,17,1,68,14,18,0,1.003634,0.990184,0.989915,60,3,1417,98.061221,93.061221,19,19,2,100,0,-100,-100,1,160,2,500,60,0,0,6040,373,0,20,0,1925,357,0,40,0,1034,0,0,10,0,484,0,0,20,0,333,1139,80,36,0,0,26,5,3,0,0,3,3,0,0
3,17,2,62,14,18,0,1.013433,0.987214,1.008433,56,4,1667,100,100,19,19,2,-100,-100,0,100,1,160,2,233,42,0,0,6040,385,0,14,0,1925,328,0,28,0,1034,0,0,16,0,484,6,0,24,0,333,1335,96,34,0,0,68,8,2,0,0,2,2,0,0
3,17,3,61,14,18,0,0.996304,0.967979,0.992868,53,4,1667,100,100,19,19,2,-100,-100,100,0,1,160,2,409,48,0,0,6040,432,0,16,0,1925,361,0,32,0,1034,1,0,0,0,484,0,0,18,0,333,1338,72,20,0,0,0,0,2,0,0,2,2,0,0
3,18,0,84,12,12,0,1.002967,0.987093,1.00415,74,4,1667,97.409077,92.409077,20,20,2,0,100,-100,-100,1,160,0,405,72,0,0,6008,381,0,24,0,1919,388,0,48,0,982,1,0,20,0,476,0,0,27,0,323,1538,108,52,0,0,19,10,4,0,0,4,4,0,0
3,18,1,72,12,12,0,1.007864,0.987968,0.990255,61,3,1417,100,98.061221,20,20,2,100,0,-100,-100,1,160,0,539,63,0,0,6008,412,0,21,0,1919,375,0,42,0,982,1,0,14,0,476,1,0,26,0,323,1232,104,41,0,0,30,7,3,0,0,3,3,0,0
3,18,2,60,12,12,0,1.014182,0.987587,1.006595,55,4,1667,100,100,20,20,2,-100,-100,0,100,1,160,0,256,48,0,0,6008,379,0,16,0,1919,344,0,32,0,982,1,0,44,0,476,0,0,6,0,323,1334,24,64,0,0,88,22,2,0,0,2,2,0,0
3,18,3,60,12,12,0,1.000861,0.967474,0.990824,53,4,1667,96.248845,91.248845,20,20,2,-100,-100,100,0,1,160,0,431,48,0,0,6008,355,0,16,0,1919,374,0,32,0,982,0,0,10,0,476,0,0,6,0,323,1471,24,30,0,0,3,5,2,0,0,2,2,0,0
3,19,0,85,14,10,0,1.004013,0.987007,1.003452,76,5,1917,100,97.409077,22,22,2,0,100,-100,-100,1,160,4,432,72,0,0,6032,449,0,24,0,1913,409,0,48,0,946,1,0,36,0,516,0,0,9,0,319,1522,36,100,0,0,0,18,37,0,0,3,3,0,0
3,19,1,73,14,10,0,1.010166,0.987437,0.992388,63,4,1667,96.325997,91.325997,22,22,2,100,0,-100,-100,1,160,4,566,63,0,0,6032,319,0,21,0,1913,396,0,42,0,946,1,0,36,0,516,0,0,1,0,319,1276,4,97,0,0,11,18,37,0,0,3,3,0,0
3,19,2,60,14,10,0,1.01581,0.986523,1.007374,55,4,1667,100,100,22,22,2,-100,-100,0,100,1,160,4,283,51,0,0,6032,366,0,17,0,1913,361,0,34,0,946,0,0,34,0,516,0,0,7,0,319,1343,28,55,0,0,103,17,2,0,0,2,2,0,0
3,19,3,62,14,10,0,1.00244,0.971423,0.99038,53,4,1667,92.543385,87.543385,22,22,2,-100,-100,100,0,1,160,4,455,48,0,0,6032,391,0,16,0,1913,390,0,32,0,946,0,0,18,0,516,0,0,4,0,319,1504,16,40,0,0,9,9,3,0,0,3,3,0,0
3,20,0,79,12,21,0,1.004559,0.985412,1.001457,72,5,1917,96.755538,91.755538,23,23,2,0,100,-100,-100,1,160,12,447,69,0,0,6064,341,0,23,0,1913,432,0,46,0,858,1,0,52,0,536,0,0,0,0,416,1503,0,79,0,0,24,26,2,0,0,2,2,0,0
3,20,1,71,12,21,0,1.007717,0.989997,0.990564,64,4,1667,100,96.325997,23,23,2,100,0,-100,-100,1,160,12,600,66,0,0,6064,368,0,22,0,1913,418,0,44,0,858,7,0,54,0,536,0,0,0,0,416,1212,0,82,0,0,35,27,3,0,0,3,3,0,0
3,20,2,60,12,21,0,1.017592,0.991395,1.005313,54,4,1667,100,100,23,23,2,-100,-100,0,100,1,160,12,306,48,0,0,6064,370,0,16,0,1913,377,0,32,0,858,13,0,44,0,536,0,0,0,0,416,1303,0,64,0,0,123,22,2,0,0,2,2,0,0
3,20,3,61,12,21,0,1.003405,0.971249,0.990779,54,4,1667,97.543385,92.543385,23,23,2,-100,-100,100,0,1,160,12,479,51,0,0,6064,416,0,17,0,1913,404,0,34,0,858,1,0,32,0,536,0,0,0,0,416,1487,0,53,0,0,23,16,2,0,0,2,2,0,0
3,21,0,78,7,13,0,1.005119,0.984906,0.998871,71,5,1917,100,96.755538,23,23,2,0,100,-100,-100,1,160,13,469,69,0,0,6016,391,0,23,0,1910,455,0,46,0,913,1,0,48,0,487,0,0,3,0,361,1489,12,77,0,0,45,24,3,0,0,3,3,0,0
3,21,1,70,7,13,0,1.003962,0.990541,0.990765,65,4,1667,100,100,23,23,2,100,0,-100,-100,1,160,13,626,66,0,0,6016,427,0,22,0,1910,437,0,44,0,913,1,0,42,0,487,0,0,17,0,361,1239,68,68,0,0,54,21,2,0,0,2,2,0,0
3,21,2,58,7,13,0,1.015651,0.986813,1.00003,51,4,1667,100,100,23,23,2,-100,-100,0,100,1,160,13,323,48,0,0,6016,374,0,16,0,1910,393,0,32,0,913,10,0,42,0,487,0,0,15,0,361,1334,60,62,0,0,142,21,2,0,0,2,2,0,0
3,21,3,59,7,13,0,1.001561,0.972569,0.986372,54,4,1667,100,97.543385,23,23,2,-100,-100,100,0,1,160,13,500,54,0,0,6016,337,0,18,0,1910,419,0,36,0,913,0,0,16,0,487,0,0,14,0,361,1633,56,38,0,0,29,8,2,0,0,2,2,0,0
3,22,0,81,16,32,0,1.00268,0.983126,0.999059,73,5,1917,96.622145,91.622145,24,24,2,0,100,-100,-100,1,160,10,500,72,0,0,6072,441,0,24,0,1901,479,0,48,0,891,1,0,46,0,536,0,0,0,0,500,1440,0,74,0,0,66,23,2,0,0,2,2,0,0
3,22,1,49,16,32,0,1.009538,0.986561,0.999037,42,4,1667,100,100,24,24,2,100,0,-100,-100,1,160,10,640,57,0,0,6072,338,0,19,0,1901,456,0,38,0,891,24,0,22,0,536,0,0,0,0,500,1244,0,45,0,0,63,11,2,0,0,2,2,0,0
3,22,2,60,16,32,0,1.016217,0.987575,1.00096,51,4,1667,100,100,24,24,2,-100,-100,0,100,1,160,10,351,54,0,0,6072,370,0,18,0,1901,411,0,36,0,891,19,0,42,0,536,0,0,0,0,500,1278,0,66,0,0,160,21,3,0,0,3,3,0,0
3,22,3,59,16,32,0,0.998711,0.971078,0.985394,53,5,1917,100,100,24,24,2,-100,-100,100,0,1,160,10,522,51,0,0,6072,357,0,17,0,1901,433,0,34,0,891,0,0,30,0,536,0,0,0,0,500,1560,0,85,0,0,8,15,36,0,0,2,2,0,0
3,23,0,79,11,19,0,1.003278,0.98231,0.998029,69,5,1917,100,96.622145,26,26,2,0,100,-100,-100,1,160,19,528,78,0,0,6168,334,0,26,0,1895,505,0,52,0,1011,0,0,24,0,461,0,0,9,0,354,1570,36,56,0,0,75,12,3,0,0,3,3,0,0
3,23,1,46,11,19,0,1.01341,0.983335,1.00261,40,4,1667,92.206802,87.206802,26,26,2,100,0,-100,-100,1,160,19,681,63,0,0,6168,324,0,21,0,1895,474,0,42,0,1011,16,0,20,0,461,0,0,6,0,354,1232,24,45,0,0,71,10,2,0,0,2,2,0,0
3,23,2,60,11,19,0,1.019405,0.984154,0.9998,51,4,1667,100,100,26,26,2,-100,-100,0,100,1,160,19,388,60,0,0,6168,362,0,20,0,1895,431,0,40,0,1011,1,0,32,0,461,3,0,21,0,354,1340,84,58,0,0,173,16,3,0,0,3,3,0,0
3,23,3,56,11,19,0,0.998747,0.968989,0.984632,51,5,1917,95.656164,90.656164,26,26,2,-100,-100,100,0,1,160,19,543,51,0,0,6168,369,0,17,0,1895,450,0,34,0,1011,0,0,10,0,461,0,0,9,0,354,1616,36,31,0,0,11,5,2,0,0,2,2,0,0
3,24,0,80,18,11,1,1.001103,0.980922,0.997218,70,6,2167,100,100,28,28,2,0,100,-100,-100,1,160,0,569,78,0,0,6043,387,0,26,0,1892,531,0,52,0,1021,0,0,0,0,450,3,0,36,0,411,1701,144,68,0,0,37,0,38,0,0,4,4,0,0
3,24,1,51,18,11,1,1.014719,0.981377,1.002275,41,4,1667,88.928734,83.928734,28,28,2,100,0,-100,-100,1,160,0,726,60,0,0,6043,314,0,20,0,1892,494,0,40,0,1021,0,0,16,0,450,12,0,12,0,411,1265,48,40,0,0,77,8,2,0,0,2,2,0,0
3,24,2,60,18,11,1,1.018926,0.989045,1.007763,49,4,1667,100,100,28,28,2,-100,-100,0,100,1,160,0,428,63,0,0,6043,329,0,21,0,1892,452,0,42,0,1021,5,0,38,0,450,0,0,3,0,411,1336,12,65,0,0,189,19,3,0,0,3,3,0,0
3,24,3,57,18,11,1,1.003058,0.967162,0.980291,51,5,1917,92.632317,87.632317,28,28,2,-100,-100,100,0,1,160,0,578,51,0,0,6043,383,0,17,0,1892,467,0,34,0,1021,0,0,0,0,450,0,0,23,0,411,1747,92,21,0,0,9,0,2,0,0,2,2,0,0
3,25,0,78,17,16,0,1.002594,0.979504,0.995772,69,6,2167,100,100,29,29,2,0,100,-100,-100,1,160,4,607,75,0,0,6000,418,0,25,0,1892,556,0,50,0,911,0,0,48,0,536,0,0,3,0,429,1695,12,79,0,0,58,24,3,0,0,3,3,0,0
3,25,1,55,17,16,0,1.018931,0.984417,1.005486,42,4,1667,93.928734,88.928734,29,29,2,100,0,-100,-100,1,160,4,777,63,0,0,6000,314,0,21,0,1892,512,0,42,0,911,12,0,30,0,536,0,0,12,0,429,1272,48,59,0,0,88,15,4,0,0,4,4,0,0
3,25,2,62,17,16,0,1.021292,0.992491,1.009602,50,4,1667,100,100,29,29,2,-100,-100,0,100,1,160,4,466,60,0,0,6000,337,0,20,0,1892,472,0,40,0,911,3,0,46,0,536,0,0,0,0,429,1298,0,74,0,0,208,23,4,0,0,4,4,0,0
3,25,3,54,17,16,0,1.009157,0.965446,0.980921,45,5,1917,89.236249,84.236249,29,29,2,-100,-100,100,0,1,160,4,589,36,0,0,6000,402,0,12,0,1892,479,0,24,0,911,1,0,26,0,536,0,0,0,0,429,1761,0,42,0,0,20,13,2,0,0,2,2,0,0
3,26,0,81,17,11,0,1.003651,0.980937,0.992681,70,7,2417,100,100,29,29,2,0,100,-100,-100,1,160,5,648,81,0,0,6240,313,0,27,0,1901,583,0,54,0,1010,0,0,18,0,454,0,0,19,0,262,1833,76,85,0,0,30,9,37,0,0,3,3,0,0
3,26,1,58,17,11,0,1.023166,0.988054,1.008606,44,4,1667,98.928734,93.928734,29,29,2,100,0,-100,-100,1,160,5,814,60,0,0,6240,319,0,20,0,1901,532,0,40,0,1010,0,0,26,0,454,3,0,18,0,262,1312,72,56,0,0,96,13,5,0,0,5,5,0,0
3,26,2,59,17,11,0,1.023047,0.983884,1.003603,51,4,1667,100,100,29,29,2,-100,-100,0,100,1,160,5,503,60,0,0,6240,335,0,20,0,1901,492,0,40,0,1010,0,0,22,0,454,0,0,18,0,262,1355,72,48,0,0,216,11,3,0,0,3,3,0,0
3,26,3,57,17,11,0,1.009582,0.965025,0.98045,46,5,1917,94.236249,89.236249,29,29,2,-100,-100,100,0,1,160,5,615,39,0,0,6240,335,0,13,0,1901,492,0,26,0,1010,1,0,8,0,454,0,0,24,0,262,1896,96,29,0,0,20,4,4,0,0,4,4,0,0
3,27,0,82,12,11,0,1.004901,0.978967,0.995715,72,7,2417,100,100,30,30,2,0,100,-100,-100,1,160,19,689,84,0,0,5992,348,0,28,0,1886,611,0,56,0,1014,0,0,20,0,521,0,0,4,0,447,1835,16,56,0,0,36,10,4,0,0,4,4,0,0
3,27,1,56,12,11,0,1.025988,0.987102,1.011575,45,4,1667,95.329926,90.329926,30,30,2,100,0,-100,-100,1,160,19,847,60,0,0,5992,329,0,20,0,1886,552,0,40,0,1014,0,0,14,0,521,0,0,3,0,447,1306,12,42,0,0,99,7,4,0,0,4,4,0,0
3,27,2,61,12,11,0,1.023942,0.979566,1.00072,52,4,1667,100,100,30,30,2,-100,-100,0,100,1,160,19,541,63,0,0,5992,335,0,21,0,1886,513,0,42,0,1014,0,0,14,0,521,0,0,5,0,447,1367,20,41,0,0,220,7,3,0,0,3,3,0,0
3,27,3,57,12,11,0,1.011317,0.962708,0.979368,48,5,1917,99.236249,94.236249,30,30,2,-100,-100,100,0,1,160,19,633,42,0,0,5992,360,0,14,0,1886,506,0,28,0,1014,1,0,10,0,521,0,0,6,0,447,1895,24,32,0,0,21,5,4,0,0,4,4,0,0
3,28,0,80,19,11,0,1.00744,0.977427,0.994727,73,7,2417,92.601818,87.601818,32,32,2,0,100,-100,-100,1,160,2,723,81,0,0,5992,383,0,27,0,1895,635,0,54,0,944,0,0,34,0,484,0,0,18,0,450,1884,72,65,0,0,51,17,2,0,0,2,2,0,0
3,28,1,61,19,11,0,1.031328,0.981756,1.013038,48,4,1667,100,95.329926,32,32,2,100,0,-100,-100,1,160,2,885,60,0,0,5992,341,0,20,0,1895,569,0,40,0,944,0,0,24,0,484,0,0,14,0,450,1336,56,50,0,0,108,12,3,0,0,3,3,0,0
3,28,2,62,19,11,0,1.026209,0.980672,1.001761,52,4,1667,100,100,32,32,2,-100,-100,0,100,1,160,2,578,63,0,0,5992,341,0,21,0,1895,534,0,42,0,944,0,0,38,0,484,0,0,10,0,450,1372,40,65,0,0,236,19,3,0,0,3,3,0,0
3,28,3,61,19,11,0,1.015889,0.962941,0.979885,51,5,1917,96.069581,91.069581,32,32,2,-100,-100,100,0,1,160,2,659,45,0,0,5992,376,0,15,0,1895,521,0,30,0,944,0,0,30,0,484,0,0,10,0,450,1884,40,51,0,0,33,15,3,0,0,3,3,0,0
3,29,0,74,10,20,0,1.00591,0.972626,0.99961,68,7,2417,97.601818,92.601818,34,34,2,0,100,-100,-100,1,160,3,756,72,0,0,6039,401,0,24,0,1880,659,0,48,0,1035,1,0,14,0,443,0,0,24,0,393,1987,96,44,0,0,55,7,3,0,0,3,3,0,0
3,29,1,60,10,20,0,1.032729,0.975337,1.011288,48,5,1917,88.690247,83.690247,34,34,2,100,0,-100,-100,1,160,3,921,63,0,0,6039,341,0,21,0,1880,590,0,42,0,1035,1,0,0,0,443,1,0,23,0,393,1410,92,65,0,0,69,0,39,0,0,5,5,0,0
3,29,2,60,10,20,0,1.026804,0.980177,1.004854,50,5,1917,100,100,34,34,2,-100,-100,0,100,1,160,3,614,66,0,0,6039,321,0,22,0,1880,556,0,44,0,1035,1,0,2,0,443,9,0,21,0,393,1439,84,66,0,0,199,1,38,0,0,4,4,0,0
3,29,3,60,10,20,0,1.015285,0.965764,0.977639,50,6,2167,100,96.069581,34,34,2,-100,-100,100,0,1,160,3,690,51,0,0,6039,375,0,17,0,1880,538,0,34,0,1035,0,0,12,0,443,0,0,9,0,393,1858,36,71,0,0,1,6,38,0,0,4,4,0,0
3,30,0,73,13,14,0,1.007896,0.972072,0.998262,67,7,2417,93.885527,88.885527,35,35,2,0,100,-100,-100,1,160,1,792,69,0,0,6000,408,0,23,0,1895,682,0,46,0,948,1,0,28,0,488,0,0,27,0,598,2041,108,55,0,0,67,14,2,0,0,2,2,0,0
3,30,1,61,13,14,0,1.031481,0.977615,1.010916,51,5,1917,93.690247,88.690247,35,35,2,100,0,-100,-100,1,160,1,968,66,0,0,6000,347,0,22,0,1895,609,0,44,0,948,1,0,36,0,488,0,0,1,0,598,1348,4,66,0,0,83,18,4,0,0,4,4,0,0
3,30,2,56,13,14,0,1.026367,0.977289,1.005642,49,5,1917,100,100,35,35,2,-100,-100,0,100,1,160,1,652,66,0,0,6000,319,0,22,0,1895,578,0,44,0,948,0,0,34,0,488,0,0,9,0,598,1413,36,62,0,0,213,17,3,0,0,3,3,0,0
3,30,3,63,13,14,0,1.013284,0.963526,0.978392,53,6,2167,100,100,35,35,2,-100,-100,100,0,1,160,1,719,51,0,0,6000,386,0,17,0,1895,555,0,34,0,948,1,0,14,0,488,0,0,21,0,598,1906,84,37,0,0,5,7,3,0,0,3,3,0,0
3,31,0,77,19,13,1,1.009797,0.974292,0.995777,67,8,2667,98.885527,93.885527,36,36,2,0,100,-100,-100,1,160,1,832,69,0,0,6120,312,0,23,0,1889,705,0,46,0,954,0,0,50,0,536,0,0,0,0,324,2071,0,111,0,0,56,25,36,0,0,2,2,0,0
3,31,1,63,19,13,1,1.032464,0.977758,1.011816,53,5,1917,90.381197,85.381197,36,36,2,100,0,-100,-100,1,160,1,1009,63,0,0,6120,353,0,21,0,1889,630,0,42,0,954,0,0,22,0,536,0,0,0,0,324,1341,0,49,0,0,91,11,3,0,0,3,3,0,0
3,31,2,55,19,13,1,1.029052,0.978733,1.008751,50,5,1917,100,100,36,36,2,-100,-100,0,100,1,160,1,696,60,0,0,6120,323,0,20,0,1889,598,0,40,0,954,1,0,20,0,536,0,0,0,0,324,1405,0,44,0,0,221,10,2,0,0,2,2,0,0
3,31,3,64,19,13,1,1.015255,0.96212,0.978186,54,6,2167,100,100,36,36,2,-100,-100,100,0,1,160,1,740,51,0,0,6120,402,0,17,0,1889,572,0,34,0,954,0,0,28,0,536,0,0,0,0,324,1909,0,51,0,0,16,14,3,0,0,3,3,0,0
3,32,0,76,14,13,0,1.006725,0.971735,0.999495,66,8,2667,95.431326,90.431326,37,37,2,0,100,-100,-100,1,160,8,858,66,0,0,6128,317,0,22,0,1991,709,0,44,0,1000,1,0,24,0,512,0,0,7,0,321,2095,28,52,0,0,65,12,3,0,0,3,3,0,0
3,32,1,64,14,13,0,1.035761,0.977259,1.016596,54,5,1917,95.381197,90.381197,37,37,2,100,0,-100,-100,1,160,8,1046,69,0,0,6128,355,0,23,0,1991,623,0,46,0,1000,1,0,12,0,512,0,0,3,0,321,1355,12,43,0,0,93,6,4,0,0,4,4,0,0
3,32,2,55,14,13,0,1.032235,0.974848,1.010194,50,5,1917,100,100,37,37,2,-100,-100,0,100,1,160,8,738,60,0,0,6128,328,0,20,0,1991,595,0,40,0,1000,1,0,12,0,512,0,0,6,0,321,1431,24,34,0,0,226,6,1,0,0,1,1,0,0
3,32,3,65,14,13,0,1.019611,0.96186,0.974532,54,6,2167,100,100,37,37,2,-100,-100,100,0,1,160,8,758,48,0,0,6128,322,0,16,0,1991,567,0,32,0,1000,1,0,14,0,512,0,0,8,0,321,2053,32,38,0,0,19,7,4,0,0,4,4,0,0
3,33,0,73,11,13,0,1.008998,0.972923,0.998013,65,8,2667,84.165525,79.165525,40,40,2,0,100,-100,-100,1,160,9,888,66,0,0,6032,315,0,22,0,1978,717,0,44,0,1062,0,0,6,0,434,7,0,29,0,399,2228,116,34,0,0,65,3,3,0,0,3,3,0,0
3,33,1,65,11,13,0,1.039038,0.978433,1.014448,55,5,1917,100,95.381197,40,40,2,100,0,-100,-100,1,160,9,1079,60,0,0,6032,367,0,20,0,1978,616,0,40,0,1062,1,0,0,0,434,1,0,29,0,399,1496,116,26,0,0,90,0,3,0,0,3,3,0,0
3,33,2,54,11,13,0,1.035193,0.970622,1.011123,47,5,1917,100,100,40,40,2,-100,-100,0,100,1,160,9,770,54,0,0,6032,327,0,18,0,1978,599,0,36,0,1062,0,0,2,0,434,0,0,15,0,399,1500,60,24,0,0,225,1,2,0,0,2,2,0,0
3,33,3,66,11,13,0,1.02305,0.961846,0.974724,57,6,2167,92.301904,87.301904,40,40,2,-100,-100,100,0,1,160,9,782,51,0,0,6032,336,0,17,0,1978,568,0,34,0,1062,1,0,4,0,434,0,0,21,0,399,2142,84,29,0,0,17,2,4,0,0,4,4,0,0
3,34,0,71,17,23,1,1.01153,0.973223,0.997504,63,8,2667,89.165525,84.165525,42,42,2,0,100,-100,-100,1,160,3,911,60,0,0,6016,318,0,20,0,1914,737,0,40,0,927,1,0,56,0,503,0,0,7,0,405,2224,28,80,0,0,91,28,2,0,0,2,2,0,0
3,34,1,64,17,23,1,1.039759,0.974151,1.017186,54,5,1917,97.006724,92.006724,42,42,2,100,0,-100,-100,1,160,3,1114,63,0,0,6016,393,0,21,0,1914,634,0,42,0,927,0,0,34,0,503,0,0,1,0,405,1481,4,61,0,0,104,17,3,0,0,3,3,0,0
3,34,2,48,17,23,1,1.038109,0.968267,1.010715,40,5,1917,100,100,42,42,2,-100,-100,0,100,1,160,3,795,48,0,0,6016,337,0,16,0,1914,612,0,32,0,927,0,0,12,0,503,0,0,9,0,405,1537,36,32,0,0,229,6,2,0,0,2,2,0,0
3,34,3,69,17,23,1,1.025021,0.958058,0.975428,59,6,2167,89.484789,84.484789,42,42,2,-100,-100,100,0,1,160,3,805,48,0,0,6016,350,0,16,0,1914,584,0,32,0,927,1,0,22,0,503,0,0,24,0,405,2145,96,44,0,0,25,11,3,0,0,3,3,0,0
3,35,0,59,15,25,1,1.012026,0.972332,0.999976,52,8,2667,94.165525,89.165525,45,45,2,0,100,-100,-100,1,160,2,934,60,0,0,5992,331,0,20,0,1922,757,0,40,0,904,0,0,28,0,536,0,0,0,0,415,2218,0,54,0,0,102,14,3,0,0,3,3,0,0
3,35,1,62,15,25,1,1.040744,0.974415,1.016639,55,5,1917,93.928117,88.928117,45,45,2,100,0,-100,-100,1,160,2,1143,60,0,0,5992,421,0,20,0,1922,654,0,40,0,904,1,0,28,0,536,0,0,0,0,415,1472,0,54,0,0,115,14,3,0,0,3,3,0,0
3,35,2,50,15,25,1,1.039681,0.969653,1.012341,40,5,1917,100,100,45,45,2,-100,-100,0,100,1,160,2,832,48,0,0,5992,361,0,16,0,1922,628,0,32,0,904,1,0,20,0,536,0,0,0,0,415,1528,0,42,0,0,236,10,3,0,0,3,3,0,0
3,35,3,71,15,25,1,1.031884,0.958677,0.978308,57,7,2417,67.824775,62.824775,45,45,2,-100,-100,100,0,1,160,2,828,54,0,0,5992,359,0,18,0,1922,602,0,36,0,904,1,0,42,0,536,0,0,0,0,415,2065,0,102,0,0,8,21,38,0,0,4,4,0,0
3,36,0,60,8,13,0,1.019298,0.97271,0.9981,53,8,2667,99.165525,94.165525,47,47,2,0,100,-100,-100,1,160,27,968,60,0,0,6128,348,0,20,0,1913,777,0,40,0,1023,0,0,8,0,485,0,0,14,0,357,2281,56,32,0,0,104,4,2,0,0,2,2,0,0
3,36,1,60,8,13,0,1.041322,0.97372,1.019267,56,5,1917,90.789102,85.789102,47,47,2,100,0,-100,-100,1,160,27,1172,57,0,0,6128,340,0,19,0,1913,673,0,38,0,1023,0,0,14,0,485,0,0,5,0,357,1563,20,37,0,0,120,7,2,0,0,2,2,0,0
3,36,2,51,8,13,0,1.039624,0.96956,1.011121,42,5,1917,100,100,47,47,2,-100,-100,0,100,1,160,27,860,51,0,0,6128,374,0,17,0,1913,645,0,34,0,1023,0,0,10,0,485,0,0,11,0,357,1572,44,35,0,0,237,5,4,0,0,4,4,0,0
3,36,3,66,8,13,0,1.033175,0.960262,0.976446,57,7,2417,64.316262,59.316262,47,47,2,-100,-100,100,0,1,160,27,846,57,0,0,6128,349,0,19,0,1913,621,0,38,0,1023,0,0,20,0,485,0,0,18,0,357,2151,72,47,0,0,14,10,4,0,0,4,4,0,0
3,37,0,59,10,10,0,1.019893,0.971056,0.99855,53,8,2667,100,99.165525,49,49,2,0,100,-100,-100,1,160,22,1001,60,0,0,6048,372,0,20,0,1922,797,0,40,0,1033,1,0,10,0,474,0,0,11,0,390,2337,44,36,0,0,106,5,3,0,0,3,3,0,0
3,37,1,59,10,10,0,1.041052,0.975244,1.021832,55,6,2167,87.487658,82.487658,49,49,2,100,0,-100,-100,1,160,22,1199,57,0,0,6048,349,0,19,0,1922,689,0,38,0,1033,1,0,8,0,474,0,0,14,0,390,1604,56,63,0,0,89,4,35,0,0,1,1,0,0
3,37,2,53,10,10,0,1.041892,0.966672,1.009598,44,5,1917,100,100,49,49,2,-100,-100,0,100,1,160,22,904,54,0,0,6048,385,0,18,0,1922,660,0,36,0,1033,0,0,6,0,474,0,0,11,0,390,1628,44,30,0,0,237,3,3,0,0,3,3,0,0
3,37,3,66,10,10,0,1.035959,0.960448,0.978132,58,7,2417,56.850762,51.850762,49,49,2,-100,-100,100,0,1,160,22,863,54,0,0,6048,329,0,18,0,1922,639,0,36,0,1033,1,0,12,0,474,0,0,26,0,390,2288,104,36,0,0,17,6,3,0,0,3,3,0,0
3,38,0,57,13,11,1,1.018986,0.971513,1.000559,53,8,2667,92.775858,87.775858,51,51,2,0,100,-100,-100,1,160,1,1027,54,0,0,6048,391,0,18,0,1928,815,0,36,0,961,0,0,24,0,536,0,0,0,0,392,2341,0,44,0,0,117,12,1,0,0,1,1,0,0
3,38,1,61,13,11,1,1.041643,0.975224,1.023461,55,6,2167,92.487658,87.487658,51,51,2,100,0,-100,-100,1,160,1,1230,54,0,0,6048,376,0,18,0,1928,704,0,36,0,961,1,0,28,0,536,0,0,0,0,392,1602,0,50,0,0,101,14,2,0,0,2,2,0,0
3,38,2,53,13,11,1,1.046211,0.96515,1.010325,45,6,2167,100,100,51,51,2,-100,-100,0,100,1,160,1,939,51,0,0,6048,403,0,17,0,1928,677,0,34,0,961,0,0,18,0,536,0,0,0,0,392,1597,0,73,0,0,210,9,36,0,0,2,2,0,0
3,38,3,68,13,11,1,1.033918,0.95857,0.976809,60,7,2417,53.786984,48.786984,51,51,2,-100,-100,100,0,1,160,1,896,54,0,0,6048,301,0,18,0,1928,657,0,36,0,961,1,0,36,0,536,0,0,0,0,392,2300,0,58,0,0,33,18,2,0,0,2,2,0,0
3,39,0,55,15,15,1,1.019753,0.972456,1.003395,51,8,2667,97.775858,92.775858,52,52,2,0,100,-100,-100,1,160,1,1058,48,0,0,6232,318,0,16,0,1928,828,0,32,0,973,0,0,18,0,536,0,0,0,0,203,2441,0,36,0,0,125,9,1,0,0,1,1,0,0
3,39,1,61,15,15,1,1.042482,0.978947,1.027208,53,6,2167,89.096027,84.096027,52,52,2,100,0,-100,-100,1,160,1,1253,48,0,0,6232,411,0,16,0,1928,720,0,32,0,973,0,0,34,0,536,0,0,0,0,203,1593,0,54,0,0,116,17,2,0,0,2,2,0,0
3,39,2,54,15,15,1,1.048319,0.96357,1.010128,43,6,2167,100,100,52,52,2,-100,-100,0,100,1,160,1,975,48,0,0,6232,334,0,16,0,1928,693,0,32,0,973,1,0,14,0,536,0,0,0,0,203,1684,0,36,0,0,214,7,3,0,0,3,3,0,0
3,39,3,69,15,15,1,1.036642,0.962551,0.975817,60,8,2667,58.786984,53.786984,52,52,2,-100,-100,100,0,1,160,1,927,60,0,0,6232,269,0,20,0,1928,677,0,40,0,973,0,0,34,0,536,0,0,0,0,203,2278,0,94,0,0,13,17,37,0,0,3,3,0,0
3,40,0,53,12,27,0,1.022152,0.972367,1.001936,46,8,2667,94.661353,89.661353,54,54,2,0,100,-100,-100,1,160,3,1080,42,0,0,6136,345,0,14,0,1937,842,0,28,0,958,0,0,18,0,522,0,0,0,0,453,2431,0,34,0,0,133,9,1,0,0,1,1,0,0
3,40,1,56,12,27,0,1.041073,0.977329,1.027047,49,6,2167,94.096027,89.096027,54,54,2,100,0,-100,-100,1,160,3,1280,48,0,0,6136,334,0,16,0,1937,736,0,32,0,958,1,0,26,0,522,0,0,6,0,453,1641,24,48,0,0,126,13,3,0,0,3,3,0,0
3,40,2,55,12,27,0,1.049811,0.966102,1.006408,44,6,2167,100,100,54,54,2,-100,-100,0,100,1,160,3,1005,48,0,0,6136,344,0,16,0,1937,709,0,32,0,958,1,0,18,0,522,0,0,6,0,453,1689,24,40,0,0,220,9,3,0,0,3,3,0,0
3,40,3,60,12,27,0,1.036364,0.959629,0.976196,54,8,2667,55.480627,50.480627,54,54,2,-100,-100,100,0,1,160,3,953,57,0,0,6136,237,0,19,0,1937,696,0,38,0,958,1,0,26,0,522,0,0,2,0,453,2265,8,51,0,0,23,13,3,0,0,3,3,0,0
