graine,jour,faction,population,naissances_total,morts_total,predations_total,vitesse,taille,perception,armes_equipees,reserves,capacite,defenses_fin,defenses_min_jour,raids_cumul,coalitions_cumul,plans,confiance_0,confiance_1,confiance_2,confiance_3,allies,nourriture_aube,carte_nourriture,stock_nourriture,production_nourriture,consommation_nourriture,sac_nourriture,carte_eau,stock_eau,production_eau,consommation_eau,sac_eau,carte_terre,stock_terre,production_terre,consommation_terre,sac_terre,carte_minerai,stock_minerai,production_minerai,consommation_minerai,sac_minerai,carte_charbon,stock_charbon,production_charbon,consommation_charbon,sac_charbon,carte_energie,stock_energie,production_energie,consommation_energie,sac_energie,carte_fer,stock_fer,production_fer,consommation_fer,sac_fer,carte_armes,stock_armes,production_armes,consommation_armes,sac_armes
2,1,0,49,0,4,0,0.997025,1.006007,0.996268,0,0,334,100,100,0,0,0,0,0,2,2,0,40,1,46,36,0,0,2816,201,0,12,0,932,62,0,24,0,500,2,0,48,0,218,10,0,24,0,156,121,96,78,0,0,15,24,9,0,0,9,9,0,0
2,1,1,48,0,4,0,0.998157,1.005083,1.000317,0,0,334,100,100,0,0,0,0,0,2,2,0,40,1,48,39,0,0,2816,184,0,13,0,932,63,0,26,0,500,1,0,44,0,218,12,0,22,0,156,116,88,75,0,0,13,22,9,0,0,9,9,0,0
2,1,2,50,0,4,0,0.995982,1.004429,0.995847,0,0,334,100,100,0,0,0,2,2,0,0,0,40,1,49,39,0,0,2816,200,0,13,0,932,63,0,26,0,500,0,0,44,0,218,19,0,24,0,156,124,96,75,0,0,13,22,9,0,0,9,9,0,0
2,1,3,49,0,4,0,0.995889,1.004052,0.993043,0,0,334,100,100,0,0,0,2,2,0,0,0,40,1,49,39,0,0,2816,192,0,13,0,932,63,0,26,0,500,1,0,40,0,218,20,0,23,0,156,124,92,71,0,0,11,20,9,0,0,9,9,0,0
2,2,0,48,1,1,0,0.995683,1.005555,0.99779,9,0,334,100,100,0,0,0,0,0,4,4,0,40,0,42,36,0,0,2840,236,0,12,0,935,74,0,24,0,489,1,0,12,0,232,0,0,19,0,159,188,76,42,0,0,12,6,9,0,0,9,9,0,0
2,2,1,48,1,1,0,0.998157,1.005083,1.000317,9,0,334,100,100,0,0,0,0,0,4,4,0,40,0,50,39,0,0,2840,203,0,13,0,935,76,0,26,0,489,0,0,18,0,232,0,0,21,0,159,187,84,49,0,0,13,9,9,0,0,9,9,0,0
2,2,2,51,1,1,0,0.9966,1.003468,0.995143,9,0,334,100,100,0,0,0,4,4,0,0,0,40,0,49,39,0,0,2840,233,0,13,0,935,76,0,26,0,489,1,0,10,0,232,7,0,24,0,159,215,96,41,0,0,9,5,9,0,0,9,9,0,0
2,2,3,49,1,1,0,0.995889,1.004052,0.993043,9,0,334,100,100,0,0,0,4,4,0,0,0,40,0,49,39,0,0,2840,218,0,13,0,935,76,0,26,0,489,1,0,16,0,232,7,0,23,0,159,205,92,47,0,0,10,8,9,0,0,9,9,0,0
2,3,0,40,1,31,0,0.985691,1.006409,0.993759,16,0,334,100,100,0,0,0,0,2,6,6,0,40,0,27,21,0,0,3120,181,0,7,0,938,81,0,14,0,498,1,0,8,0,194,0,0,18,0,109,278,72,33,0,0,7,4,9,0,0,9,9,0,0
2,3,1,40,1,31,0,0.999559,1.006258,1.002776,14,0,334,100,100,0,0,0,2,0,6,6,0,40,0,37,27,0,0,3120,226,0,9,0,938,85,0,18,0,498,1,0,8,0,194,7,0,17,0,109,245,68,31,0,0,10,4,7,0,0,7,7,0,0
2,3,2,45,1,31,0,0.992854,1.007909,0.990248,16,0,334,100,100,0,0,0,6,6,0,0,0,40,0,28,21,0,0,3120,175,0,7,0,938,83,0,14,0,498,1,0,14,0,194,0,0,22,0,109,309,88,39,0,0,7,7,9,0,0,9,9,0,0
2,3,3,41,1,31,0,0.993748,1.006504,0.993352,14,0,334,100,100,0,0,0,6,6,0,0,0,40,0,27,21,0,0,3120,162,0,7,0,938,83,0,14,0,498,0,0,16,0,194,0,0,22,0,109,299,88,41,0,0,9,8,9,0,0,9,9,0,0
2,4,0,29,1,41,0,0.984829,1.010944,1.003361,25,0,334,100,100,0,0,0,0,4,8,8,0,40,0,21,15,0,0,3072,168,0,5,0,1013,86,0,10,0,462,1,0,18,0,272,0,0,0,0,85,302,0,27,0,0,14,9,2,0,0,2,2,0,0
2,4,1,35,1,41,0,1.001781,1.008428,0.997909,19,0,334,100,100,0,0,0,4,0,8,8,0,40,0,32,24,0,0,3072,178,0,8,0,1013,93,0,16,0,462,1,0,24,0,272,0,0,7,0,85,301,28,44,0,0,16,12,6,0,0,6,6,0,0
2,4,2,32,1,41,0,0.990369,1.01037,0.993903,25,0,334,100,100,0,0,0,8,8,0,2,0,40,0,24,18,0,0,3072,164,0,6,0,1013,89,0,12,0,462,0,0,16,0,272,0,0,0,0,85,304,0,30,0,0,11,8,4,0,0,4,4,0,0
2,4,3,30,1,41,0,0.98834,1.009779,1.000733,22,0,334,100,100,0,0,0,8,8,2,0,0,40,0,21,15,0,0,3072,164,0,5,0,1013,88,0,10,0,462,0,0,22,0,272,0,0,0,0,85,299,0,35,0,0,16,11,4,0,0,4,4,0,0
2,5,0,24,0,23,0,0.983125,1.01348,1.003118,24,1,459,100,100,0,0,0,0,4,10,10,0,40,0,17,12,0,0,2955,188,0,4,0,1022,90,0,8,0,483,0,0,14,0,272,0,0,0,0,225,285,0,35,0,0,4,7,17,0,0,0,0,0,0
2,5,1,32,0,23,0,0.999491,1.004111,0.999408,25,0,334,100,100,0,0,0,4,0,10,10,0,40,0,33,24,0,0,2955,207,0,8,0,1022,101,0,16,0,483,0,0,22,0,272,0,0,0,0,225,278,0,38,0,0,23,11,4,0,0,4,4,0,0
2,5,2,26,0,23,0,0.993566,1.018109,1.000044,25,1,459,100,100,0,0,0,10,10,0,2,0,40,0,19,15,0,0,2955,175,0,5,0,1022,94,0,10,0,483,0,0,18,0,272,0,0,0,0,225,283,0,42,0,0,2,9,18,0,0,1,1,0,0
2,5,3,21,0,23,0,0.985867,1.013227,1.008038,21,1,459,100,100,0,0,0,10,10,2,0,0,40,0,14,12,0,0,2955,178,0,4,0,1022,92,0,8,0,483,0,0,6,0,272,0,0,0,0,225,290,0,27,0,0,2,3,17,0,0,0,0,0,0
2,6,0,16,0,16,0,0.986519,1.023958,1.003842,16,1,459,100,100,0,0,0,0,4,12,12,0,40,7,12,9,0,0,3104,177,0,3,0,1028,93,0,6,0,490,1,0,10,0,271,0,0,0,0,164,292,0,13,0,0,9,5,0,0,0,0,0,0,0
2,6,1,31,0,16,0,0.995181,1.00614,0.999302,29,1,459,100,100,0,0,0,4,0,12,12,0,40,7,28,21,0,0,3104,168,0,7,0,1028,108,0,14,0,490,1,0,22,0,271,0,0,0,0,164,286,0,48,0,0,16,11,18,0,0,1,1,0,0
2,6,2,22,0,16,0,0.988584,1.0149,1.007741,22,1,459,100,100,0,0,0,12,12,0,2,0,40,7,17,12,0,0,3104,177,0,4,0,1028,98,0,8,0,490,0,0,12,0,271,0,0,1,0,164,294,4,16,0,0,8,6,0,0,0,0,0,0,0
2,6,3,18,0,16,0,0.99179,1.0158,1.008697,18,1,459,100,100,0,0,0,12,12,2,0,0,40,7,15,12,0,0,3104,185,0,4,0,1028,96,0,8,0,490,0,0,8,0,271,0,0,0,0,164,293,0,12,0,0,6,4,0,0,0,0,0,0,0
2,7,0,14,0,7,0,0.993854,1.026241,1.000985,14,1,459,100,100,0,0,0,0,4,14,14,0,40,2,15,9,0,0,3088,174,0,3,0,1034,96,0,6,0,499,1,0,12,0,249,0,0,2,0,190,302,8,15,0,0,15,6,0,0,0,0,0,0,0
2,7,1,30,0,7,0,0.993985,1.0103,1.000343,30,1,459,100,100,0,0,0,4,0,14,14,0,40,2,29,21,0,0,3088,194,0,7,0,1034,115,0,14,0,499,1,0,12,0,249,1,0,14,0,190,346,56,19,0,0,22,6,0,0,0,0,0,0,0
2,7,2,20,0,7,0,0.993106,1.016355,1.005967,20,1,459,100,100,0,0,0,14,14,0,2,0,40,2,18,12,0,0,3088,183,0,4,0,1034,102,0,8,0,499,0,0,12,0,249,0,0,3,0,190,313,12,16,0,0,14,6,0,0,0,0,0,0,0
2,7,3,16,0,7,0,0.990477,1.010949,1.005768,16,1,459,100,100,0,0,0,14,14,2,0,0,40,2,17,12,0,0,3088,163,0,4,0,1034,100,0,8,0,499,1,0,8,0,249,0,0,3,0,190,337,12,12,0,0,10,4,0,0,0,0,0,0,0
2,8,0,13,1,10,0,0.99788,1.02676,1.010141,12,1,459,100,100,0,0,0,0,4,16,16,0,40,2,17,9,0,0,3040,181,0,3,0,1034,99,0,6,0,476,0,0,8,0,272,0,0,0,0,252,300,0,11,0,0,19,4,0,0,0,0,0,0,0
2,8,1,28,1,10,0,0.991327,1.010236,1.000496,28,1,459,100,100,0,0,0,4,0,16,16,0,40,2,30,21,0,0,3040,229,0,7,0,1034,122,0,14,0,476,0,0,20,0,272,0,0,1,0,252,338,4,27,0,0,32,10,0,0,0,0,0,0,0
2,8,2,16,1,10,0,0.990378,1.016217,1.001937,16,1,459,100,100,0,0,0,16,16,0,2,0,40,2,19,9,0,0,3040,192,0,3,0,1034,105,0,6,0,476,0,0,12,0,272,0,0,0,0,252,310,0,15,0,0,20,6,0,0,0,0,0,0,0
2,8,3,14,1,10,0,0.985421,1.016337,1.011962,14,1,459,100,100,0,0,0,16,16,2,0,0,40,2,21,12,0,0,3040,175,0,4,0,1034,104,0,8,0,476,1,0,6,0,272,0,0,0,0,252,339,0,10,0,0,13,3,0,0,0,0,0,0,0
2,9,0,13,0,2,0,0.99788,1.02676,1.010141,12,1,459,100,100,0,0,0,0,4,18,16,0,40,13,22,12,0,0,3168,164,0,4,0,1034,103,0,8,0,518,1,0,4,0,266,0,0,2,0,230,320,8,10,0,0,20,2,1,0,0,1,1,0,0
2,9,1,27,0,2,0,0.992992,1.009068,1.002247,27,1,459,100,100,0,0,0,4,0,18,16,0,40,13,31,21,0,0,3168,194,0,7,0,1034,129,0,14,0,518,1,0,12,0,266,0,0,2,0,230,349,8,19,0,0,38,6,0,0,0,0,0,0,0
2,9,2,15,0,2,0,0.993168,1.023331,1.006643,15,1,459,100,100,0,0,0,18,18,0,2,0,40,13,18,9,0,0,3168,173,0,3,0,1034,108,0,6,0,518,0,0,6,0,266,0,0,0,0,230,321,0,9,0,0,23,3,0,0,0,0,0,0,0
2,9,3,14,0,2,0,0.985421,1.016337,1.011962,14,1,459,100,100,0,0,0,16,16,2,0,0,40,13,25,12,0,0,3168,189,0,4,0,1034,108,0,8,0,518,0,0,2,0,266,0,0,0,0,230,336,0,6,0,0,14,1,0,0,0,0,0,0,0
2,10,0,12,0,1,0,0.998107,1.020169,1.014863,12,1,459,100,100,0,0,0,0,4,18,16,0,40,12,28,12,0,0,3144,163,0,4,0,1034,107,0,8,0,544,1,0,0,0,239,2,0,5,0,234,342,20,4,0,0,20,0,0,0,0,0,0,0,0
2,10,1,27,0,1,0,0.992992,1.009068,1.002247,27,2,584,100,100,0,0,0,4,0,18,16,0,40,12,33,21,0,0,3144,160,0,7,0,1034,136,0,14,0,544,1,0,0,0,239,2,0,13,0,234,405,52,24,0,0,21,0,17,0,0,0,0,0,0
2,10,2,15,0,1,0,0.993168,1.023331,1.006643,15,1,459,100,100,0,0,0,18,18,0,2,0,40,12,18,9,0,0,3144,187,0,3,0,1034,111,0,6,0,544,0,0,0,0,239,0,0,6,0,234,348,24,3,0,0,23,0,0,0,0,0,0,0,0
2,10,3,14,0,1,0,0.985421,1.016337,1.011962,14,1,459,100,100,0,0,0,16,16,2,0,0,40,12,30,12,0,0,3144,171,0,4,0,1034,112,0,8,0,544,0,0,0,0,239,0,0,5,0,234,378,20,4,0,0,14,0,0,0,0,0,0,0,0
2,11,0,11,1,1,0,0.999061,1.019073,1.012429,11,1,459,100,100,0,0,0,0,4,20,16,1,40,8,36,12,0,0,3080,155,0,4,0,1034,111,0,8,0,531,1,0,4,0,245,1,0,4,0,233,359,16,8,0,0,22,2,0,0,0,0,0,0,0
2,11,1,28,1,1,0,0.993067,1.005268,1.004027,27,2,584,100,100,0,0,0,4,0,20,18,1,40,8,38,21,0,0,3080,198,0,7,0,1034,143,0,14,0,531,1,0,6,0,245,4,0,13,0,233,456,52,13,0,0,24,3,0,0,0,0,0,0,0
2,11,2,15,1,1,0,0.993168,1.023331,1.006643,15,1,459,100,100,0,0,0,20,20,0,2,2,40,8,21,9,0,0,3080,169,0,3,0,1034,114,0,6,0,531,1,0,2,0,245,0,0,3,0,233,389,12,5,0,0,24,1,0,0,0,0,0,0,0
2,11,3,14,1,1,0,0.985421,1.016337,1.011962,14,1,459,100,100,0,0,0,16,18,2,0,0,40,8,32,12,0,0,3080,185,0,4,0,1034,116,0,8,0,531,0,0,0,0,245,0,0,6,0,233,410,24,4,0,0,14,0,0,0,0,0,0,0,0
2,12,0,10,1,8,0,1.00881,1.006918,1.001377,9,1,459,100,100,0,0,0,0,4,20,16,1,40,6,42,9,0,0,3160,149,0,3,0,1031,114,0,6,0,528,2,0,6,0,256,0,0,1,0,192,360,4,9,0,0,25,3,0,0,0,0,0,0,0
2,12,1,23,1,8,0,0.990645,1.007214,1.00613,22,3,709,100,100,0,0,0,4,0,22,20,2,40,6,26,9,0,0,3160,167,0,3,0,1031,146,0,6,0,528,0,0,8,0,256,0,0,10,0,192,516,40,30,0,0,10,4,18,0,0,1,1,0,0
2,12,2,14,1,8,0,0.988853,1.022005,1.007575,14,2,584,100,100,0,0,0,20,22,0,2,2,40,6,18,6,0,0,3160,184,0,2,0,1031,116,0,4,0,528,1,0,2,0,256,0,0,5,0,192,403,20,21,0,0,8,1,17,0,0,0,0,0,0
2,12,3,14,1,8,0,0.985421,1.016337,1.011962,14,1,459,100,100,0,0,0,16,20,2,0,1,40,6,38,12,0,0,3160,167,0,4,0,1031,120,0,8,0,528,0,0,0,0,256,0,0,5,0,192,455,20,4,0,0,14,0,0,0,0,0,0,0,0
2,13,0,10,0,3,0,1.00881,1.006918,1.001377,9,1,459,100,100,0,0,0,0,4,20,16,1,40,8,46,9,0,0,3080,152,0,3,0,1052,117,0,6,0,519,0,0,6,0,262,0,0,3,0,300,361,12,11,0,0,27,3,1,0,0,1,1,0,0
2,13,1,21,0,3,0,0.98729,1.01045,1.010294,21,3,709,100,100,0,0,0,4,0,22,22,2,40,8,18,9,0,0,3080,213,0,3,0,1052,149,0,6,0,519,0,0,10,0,262,0,0,2,0,300,511,8,13,0,0,15,5,0,0,0,0,0,0,0
2,13,2,13,0,3,0,0.99006,1.020825,1.018451,13,2,584,100,100,0,0,0,20,22,0,2,2,40,8,15,6,0,0,3080,168,0,2,0,1052,118,0,4,0,519,0,0,4,0,262,0,0,0,0,300,397,0,6,0,0,10,2,0,0,0,0,0,0,0
2,13,3,14,0,3,0,0.985421,1.016337,1.011962,14,1,459,100,100,0,0,0,16,22,2,0,1,40,8,44,12,0,0,3080,181,0,4,0,1052,124,0,8,0,519,0,0,4,0,262,0,0,0,0,300,447,0,8,0,0,16,2,0,0,0,0,0,0,0
2,14,0,9,0,1,0,1.007475,0.999695,1.006001,9,1,459,100,100,0,0,0,0,4,20,16,1,40,18,50,9,0,0,3152,147,0,3,0,1060,118,0,6,0,515,1,0,6,0,272,0,0,0,0,300,352,0,9,0,0,30,3,0,0,0,0,0,0,0
2,14,1,21,0,1,0,0.98729,1.01045,1.010294,21,3,709,100,100,0,0,0,4,0,22,22,2,40,18,11,9,0,0,3152,189,0,3,0,1060,146,0,6,0,515,0,0,14,0,272,0,0,0,0,300,494,0,17,0,0,22,7,0,0,0,0,0,0,0
2,14,2,13,0,1,0,0.99006,1.020825,1.018451,13,2,584,100,100,0,0,0,20,22,0,2,2,40,18,14,6,0,0,3152,185,0,2,0,1060,120,0,4,0,515,0,0,4,0,272,0,0,0,0,300,391,0,6,0,0,12,2,0,0,0,0,0,0,0
2,14,3,14,0,1,0,0.985421,1.016337,1.011962,14,2,584,100,100,0,0,0,16,22,2,0,1,40,18,47,12,0,0,3152,163,0,4,0,1060,128,0,8,0,515,0,0,4,0,272,0,0,0,0,300,422,0,25,0,0,1,2,17,0,0,0,0,0,0
2,15,0,9,0,6,0,1.007475,0.999695,1.006001,9,1,459,100,100,0,0,0,0,4,22,18,1,40,6,58,9,0,0,3160,143,0,3,0,1055,121,0,6,0,520,2,0,6,0,271,0,0,0,0,172,349,0,9,0,0,33,3,0,0,0,0,0,0,0
2,15,1,15,0,6,0,0.992155,1.022624,1.00766,15,3,709,100,100,0,0,0,4,0,24,24,2,40,6,8,6,0,0,3160,166,0,2,0,1055,148,0,4,0,520,1,0,8,0,271,0,0,0,0,172,533,0,10,0,0,26,4,0,0,0,0,0,0,0
2,15,2,13,0,6,0,0.99006,1.020825,1.018451,13,2,584,100,100,0,0,0,22,24,0,2,2,40,6,14,6,0,0,3160,170,0,2,0,1055,122,0,4,0,520,0,0,4,0,271,0,0,0,0,172,432,0,6,0,0,14,2,0,0,0,0,0,0,0
2,15,3,14,0,6,0,0.985421,1.016337,1.011962,14,2,584,100,100,0,0,0,18,24,2,0,1,40,6,53,12,0,0,3160,177,0,4,0,1055,132,0,8,0,520,0,0,4,0,271,0,0,0,0,172,426,0,8,0,0,3,2,0,0,0,0,0,0,0
2,16,0,8,0,3,0,1.014843,1.010969,1.015332,8,1,459,100,100,0,0,0,0,4,24,18,1,40,4,65,9,0,0,3088,139,0,3,0,1055,124,0,6,0,529,1,0,4,0,254,0,0,3,0,264,360,12,7,0,0,35,2,0,0,0,0,0,0,0
2,16,1,13,0,3,0,0.996518,1.01457,1.013756,13,3,709,100,100,0,0,0,4,0,26,24,2,40,4,10,6,0,0,3088,189,0,2,0,1055,150,0,4,0,529,0,0,10,0,254,0,0,3,0,264,536,12,12,0,0,31,5,0,0,0,0,0,0,0
2,16,2,13,0,3,0,0.99006,1.020825,1.018451,13,2,584,100,100,0,0,0,24,26,0,2,2,40,4,17,6,0,0,3088,187,0,2,0,1055,124,0,4,0,529,1,0,2,0,254,0,0,3,0,264,455,12,4,0,0,15,1,0,0,0,0,0,0,0
2,16,3,14,0,3,0,0.985421,1.016337,1.011962,14,2,584,100,100,0,0,0,18,24,2,0,1,40,4,61,12,0,0,3088,191,0,4,0,1055,136,0,8,0,529,0,0,0,0,254,0,0,6,0,264,458,24,4,0,0,3,0,0,0,0,0,0,0,0
2,17,0,8,0,2,0,1.014843,1.010969,1.015332,8,1,459,100,100,0,0,0,0,6,26,18,1,40,16,69,9,0,0,3192,136,0,3,0,1058,127,0,6,0,527,1,0,4,0,268,0,0,0,0,168,359,0,7,0,0,37,2,0,0,0,0,0,0,0
2,17,1,11,0,2,0,0.998146,1.014607,1.01108,11,3,709,100,100,0,0,0,6,0,26,24,2,40,16,10,3,0,0,3192,175,0,1,0,1058,151,0,2,0,527,1,0,8,0,268,0,0,3,0,168,574,12,9,0,0,35,4,0,0,0,0,0,0,0
2,17,2,13,0,2,0,0.99006,1.020825,1.018451,13,2,584,100,100,0,0,0,26,26,0,2,2,40,16,17,6,0,0,3192,172,0,2,0,1058,126,0,4,0,527,1,0,4,0,268,0,0,0,0,168,496,0,6,0,0,17,2,0,0,0,0,0,0,0
2,17,3,14,0,2,0,0.985421,1.016337,1.011962,14,2,584,100,100,0,0,0,18,24,2,0,1,40,16,65,12,0,0,3192,173,0,4,0,1058,140,0,8,0,527,0,0,0,0,268,0,0,1,0,168,502,4,4,0,0,3,0,0,0,0,0,0,0,0
2,18,0,8,0,2,0,1.014843,1.010969,1.015332,8,1,459,100,100,0,0,0,0,8,28,20,2,40,13,74,9,0,0,3088,133,0,3,0,1058,130,0,6,0,526,1,0,4,0,272,0,0,0,0,267,358,0,7,0,0,39,2,0,0,0,0,0,0,0
2,18,1,11,0,2,0,0.998146,1.014607,1.01108,11,3,709,100,100,0,0,0,8,0,26,28,2,40,13,10,3,0,0,3088,203,0,1,0,1058,152,0,2,0,526,0,0,8,0,272,0,0,0,0,267,568,0,9,0,0,39,4,0,0,0,0,0,0,0
2,18,2,12,0,2,0,0.987496,1.016566,1.023342,12,3,709,100,100,0,0,0,28,26,0,2,2,40,13,19,6,0,0,3088,181,0,2,0,1058,128,0,4,0,526,0,0,4,0,272,0,0,0,0,267,488,0,23,0,0,2,2,17,0,0,0,0,0,0
2,18,3,13,0,2,0,0.986543,1.01432,1.012773,13,2,584,100,100,0,0,0,20,28,2,0,2,40,13,67,12,0,0,3088,187,0,4,0,1058,144,0,8,0,526,0,0,4,0,272,0,0,0,0,267,500,0,8,0,0,5,2,0,0,0,0,0,0,0
2,19,0,8,0,2,0,1.014843,1.010969,1.015332,8,1,459,100,100,0,0,0,0,10,32,22,2,40,20,79,9,0,0,3192,130,0,3,0,1058,133,0,6,0,527,0,0,4,0,266,0,0,1,0,171,361,4,7,0,0,41,2,0,0,0,0,0,0,0
2,19,1,10,0,2,0,0.997456,1.020694,1.013013,10,4,834,100,100,0,0,0,10,0,26,30,2,40,20,8,3,0,0,3192,191,0,1,0,1058,153,0,2,0,527,1,0,6,0,266,0,0,1,0,171,591,4,24,0,0,25,3,17,0,0,0,0,0,0
2,19,2,11,0,2,0,0.989139,1.012161,1.022092,11,3,709,100,100,0,0,0,32,26,0,4,2,40,20,19,6,0,0,3192,167,0,2,0,1058,130,0,4,0,527,0,0,2,0,266,0,0,2,0,171,528,8,4,0,0,3,1,0,0,0,0,0,0,0
2,19,3,13,0,2,0,0.986543,1.01432,1.012773,13,2,584,100,100,0,0,0,22,30,4,0,2,40,20,70,12,0,0,3192,170,0,4,0,1058,148,0,8,0,527,1,0,2,0,266,0,0,1,0,171,539,4,6,0,0,6,1,0,0,0,0,0,0,0
2,20,0,10,3,2,0,1.01824,1.006867,0.996934,8,1,459,100,100,0,0,0,0,12,36,24,2,40,11,85,9,0,0,3136,127,0,3,0,1058,136,0,6,0,538,1,0,2,0,269,0,0,0,0,248,362,0,5,0,0,42,1,0,0,0,0,0,0,0
2,20,1,9,3,2,0,1.005906,1.019071,1.007389,8,4,834,100,100,0,0,0,12,0,28,34,2,40,11,9,3,0,0,3136,180,0,1,0,1058,154,0,2,0,538,1,0,2,0,269,0,0,2,0,248,621,8,3,0,0,26,1,0,0,0,0,0,0,0
2,20,2,11,3,2,0,0.989139,1.012161,1.022092,11,3,709,100,100,0,0,0,36,28,0,6,2,40,11,23,6,0,0,3136,178,0,2,0,1058,132,0,4,0,538,0,0,0,0,269,0,0,1,0,248,542,4,2,0,0,3,0,0,0,0,0,0,0,0
2,20,3,13,3,2,0,0.986543,1.01432,1.012773,13,2,584,100,100,0,0,0,24,34,6,0,2,40,11,77,12,0,0,3136,185,0,4,0,1058,152,0,8,0,538,0,0,2,0,269,0,0,0,0,248,542,0,6,0,0,7,1,0,0,0,0,0,0,0
2,21,0,9,0,1,0,1.011535,1.017728,0.990078,7,1,459,100,100,0,0,0,0,14,38,24,2,40,19,90,12,0,0,3184,129,0,4,0,1078,132,0,8,0,544,1,0,0,0,242,0,0,3,0,249,373,12,6,0,0,41,0,1,0,0,1,1,0,0
2,21,1,9,0,1,0,1.005906,1.019071,1.007389,8,4,834,100,100,0,0,0,14,0,28,36,2,40,19,8,3,0,0,3184,170,0,1,0,1078,152,0,2,0,544,1,0,0,0,242,8,0,4,0,249,645,16,3,0,0,25,0,1,0,0,1,1,0,0
2,21,2,11,0,1,0,0.989139,1.012161,1.022092,11,3,709,100,100,0,0,0,38,28,0,8,2,40,19,27,6,0,0,3184,165,0,2,0,1078,131,0,4,0,544,0,0,0,0,242,0,0,6,0,249,584,24,2,0,0,3,0,0,0,0,0,0,0,0
2,21,3,13,0,1,0,0.986543,1.01432,1.012773,13,2,584,100,100,0,0,0,24,36,8,0,2,40,19,78,12,0,0,3184,168,0,4,0,1078,147,0,8,0,544,0,0,0,0,242,0,0,6,0,249,577,24,4,0,0,7,0,0,0,0,0,0,0,0
2,22,0,9,2,0,0,1.011535,1.017728,0.990078,8,1,459,100,100,0,0,0,0,16,42,26,2,40,3,101,12,0,0,3112,124,0,4,0,1055,136,0,8,0,523,1,0,2,0,272,0,0,0,0,262,379,0,8,0,0,41,1,1,0,0,1,1,0,0
2,22,1,10,2,0,0,1.00648,1.018371,1.004058,9,4,834,100,100,0,0,0,16,0,30,40,2,40,3,14,3,0,0,3112,184,0,1,0,1055,153,0,2,0,523,2,0,8,0,272,4,0,4,0,262,655,16,9,0,0,29,4,0,0,0,0,0,0,0
2,22,2,12,2,0,0,0.993881,1.003668,1.017924,11,3,709,100,100,0,0,0,42,30,0,10,2,40,3,33,6,0,0,3112,176,0,2,0,1055,133,0,4,0,523,1,0,4,0,272,0,0,0,0,262,590,0,6,0,0,5,2,0,0,0,0,0,0,0
2,22,3,13,2,0,0,0.986543,1.01432,1.012773,13,2,584,100,100,0,0,0,26,40,10,0,2,40,3,83,12,0,0,3112,183,0,4,0,1055,151,0,8,0,523,1,0,4,0,272,0,0,0,0,262,576,0,8,0,0,9,2,0,0,0,0,0,0,0
2,23,0,8,1,4,0,1.008175,1.02058,0.990474,8,1,459,100,100,0,0,0,0,18,44,28,2,40,10,108,9,0,0,3160,128,0,3,0,1049,139,0,6,0,526,0,0,4,0,265,0,0,0,0,218,378,0,7,0,0,43,2,0,0,0,0,0,0,0
2,23,1,11,1,4,0,1.004721,1.018841,1.005552,9,4,834,100,100,0,0,0,18,0,32,44,2,40,10,20,6,0,0,3160,172,0,2,0,1049,155,0,4,0,526,6,0,8,0,265,0,0,4,0,218,686,16,12,0,0,32,4,1,0,0,1,1,0,0
2,23,2,11,1,4,0,0.999873,0.996618,1.008103,10,3,709,100,100,0,0,0,44,32,0,10,2,40,10,38,9,0,0,3160,185,0,3,0,1049,136,0,6,0,526,1,0,0,0,265,0,0,5,0,218,614,20,5,0,0,4,0,1,0,0,1,1,0,0
2,23,3,11,1,4,0,0.973066,1.026173,1.014855,11,2,584,100,100,0,0,0,28,44,10,0,2,40,10,84,9,0,0,3160,167,0,3,0,1049,154,0,6,0,526,0,0,4,0,265,0,0,2,0,218,579,8,7,0,0,11,2,0,0,0,0,0,0,0
2,24,0,8,2,0,0,1.008175,1.02058,0.990474,8,1,459,100,100,0,0,0,0,20,46,30,3,40,7,117,9,0,0,3128,133,0,3,0,1052,142,0,6,0,526,0,0,2,0,272,0,0,0,0,254,379,0,5,0,0,44,1,0,0,0,0,0,0,0
2,24,1,12,2,0,0,1.007963,1.01775,1.011348,10,4,834,100,100,0,0,0,20,0,34,48,3,40,7,28,9,0,0,3128,182,0,3,0,1052,158,0,6,0,526,7,0,8,0,272,0,0,0,0,254,676,0,13,0,0,35,4,1,0,0,1,1,0,0
2,24,2,11,2,0,0,0.999873,0.996618,1.008103,11,3,709,100,100,0,0,0,46,34,0,12,2,40,7,44,9,0,0,3128,171,0,3,0,1052,139,0,6,0,526,0,0,6,0,272,0,0,0,0,254,636,0,9,0,0,7,3,0,0,0,0,0,0,0
2,24,3,12,2,0,0,0.971712,1.031797,1.022268,11,2,584,100,100,0,0,0,30,48,12,0,2,40,7,89,9,0,0,3128,185,0,3,0,1052,157,0,6,0,526,0,0,2,0,272,0,0,0,0,254,579,0,5,0,0,12,1,0,0,0,0,0,0,0
2,25,0,7,1,4,0,1.001833,1.026026,1.004856,7,1,459,100,100,0,0,0,0,22,46,30,3,40,11,123,9,0,0,3160,130,0,3,0,1052,145,0,6,0,533,1,0,0,0,272,0,0,0,0,204,382,0,3,0,0,44,0,0,0,0,0,0,0,0
2,25,1,12,1,4,0,1.00511,1.015767,1.010866,10,4,834,100,100,0,0,0,22,0,34,50,3,40,11,31,9,0,0,3160,167,0,3,0,1052,161,0,6,0,533,4,0,8,0,272,0,0,0,0,204,690,0,13,0,0,38,4,1,0,0,1,1,0,0
2,25,2,11,1,4,0,0.999873,0.996618,1.008103,11,3,709,100,100,0,0,0,46,34,0,12,2,40,11,52,9,0,0,3160,181,0,3,0,1052,142,0,6,0,533,0,0,4,0,272,0,0,0,0,204,638,0,7,0,0,9,2,0,0,0,0,0,0,0
2,25,3,10,1,4,0,0.96521,1.027741,1.026581,9,2,584,100,100,0,0,0,30,50,12,0,2,40,11,91,9,0,0,3160,170,0,3,0,1052,160,0,6,0,533,1,0,0,0,272,0,0,0,0,204,579,0,5,0,0,11,0,1,0,0,1,1,0,0
2,26,0,6,2,2,0,1.021432,1.025649,1.017178,6,1,459,100,100,0,0,0,0,24,48,32,3,40,12,127,6,0,0,3144,129,0,2,0,1049,147,0,4,0,520,1,0,2,0,272,0,0,0,0,257,384,0,4,0,0,45,1,0,0,0,0,0,0,0
2,26,1,13,2,2,0,1.010761,1.006291,1.010059,10,4,834,100,100,0,0,0,24,0,36,50,3,40,12,40,12,0,0,3144,175,0,4,0,1049,165,0,8,0,520,10,0,6,0,272,0,0,0,0,257,680,0,10,0,0,41,3,0,0,0,0,0,0,0
2,26,2,11,2,2,0,0.999873,0.996618,1.008103,11,3,709,100,100,0,0,0,48,36,0,14,2,40,12,54,9,0,0,3144,167,0,3,0,1049,145,0,6,0,520,1,0,4,0,272,0,0,0,0,257,659,0,7,0,0,11,2,0,0,0,0,0,0,0
2,26,3,10,2,2,0,0.96521,1.027741,1.026581,10,2,584,100,100,0,0,0,32,50,14,0,2,40,12,98,9,0,0,3144,181,0,3,0,1049,163,0,6,0,520,0,0,6,0,272,0,0,0,0,257,575,0,9,0,0,14,3,0,0,0,0,0,0,0
2,27,0,6,0,1,0,1.021432,1.025649,1.017178,6,2,584,100,100,0,0,0,0,24,48,32,3,40,15,130,6,0,0,3136,129,0,2,0,1079,143,0,4,0,542,1,0,0,0,260,0,0,1,0,255,375,4,19,0,0,28,0,17,0,0,0,0,0,0
2,27,1,12,0,1,0,1.012731,1.004853,1.00919,9,4,834,100,100,0,0,0,24,0,36,50,3,40,15,40,9,0,0,3136,191,0,3,0,1079,159,0,6,0,542,4,0,8,0,260,1,0,4,0,255,685,16,11,0,0,45,4,0,0,0,0,0,0,0
2,27,2,11,0,1,0,0.999873,0.996618,1.008103,11,3,709,100,100,0,0,0,48,36,0,14,2,40,15,61,9,0,0,3136,177,0,3,0,1079,145,0,6,0,542,1,0,0,0,260,0,0,3,0,255,677,12,3,0,0,11,0,0,0,0,0,0,0,0
2,27,3,10,0,1,0,0.96521,1.027741,1.026581,10,2,584,100,100,0,0,0,32,50,14,0,2,40,15,105,9,0,0,3136,168,0,3,0,1079,157,0,6,0,542,0,0,0,0,260,0,0,3,0,255,581,12,3,0,0,14,0,0,0,0,0,0,0,0
2,28,0,5,1,1,0,1.031833,1.017773,1.013195,5,2,584,100,100,0,0,0,0,24,48,32,3,40,14,135,6,0,0,3144,129,0,2,0,1082,139,0,4,0,526,1,0,0,0,272,0,0,0,0,247,376,0,2,0,0,28,0,0,0,0,0,0,0,0
2,28,1,12,1,1,0,1.012731,1.004853,1.00919,9,4,834,100,100,0,0,0,24,0,38,50,3,40,14,43,9,0,0,3144,176,0,3,0,1082,153,0,6,0,526,7,0,8,0,272,0,0,1,0,247,710,4,11,0,0,49,4,0,0,0,0,0,0,0
2,28,2,12,1,1,0,0.996816,0.992517,1.003199,11,3,709,100,100,0,0,0,48,38,0,14,2,40,14,69,9,0,0,3144,187,0,3,0,1082,145,0,6,0,526,1,0,6,0,272,0,0,0,0,247,677,0,9,0,0,14,3,0,0,0,0,0,0,0
2,28,3,10,1,1,0,0.96521,1.027741,1.026581,10,2,584,100,100,0,0,0,32,50,14,0,2,40,14,109,9,0,0,3144,179,0,3,0,1082,151,0,6,0,526,1,0,0,0,272,0,0,0,0,247,581,0,3,0,0,14,0,0,0,0,0,0,0,0
2,29,0,4,0,1,0,1.02789,1.031643,1.010805,4,2,584,100,100,0,0,0,0,24,50,34,3,40,8,140,6,0,0,3168,122,0,2,0,1055,141,0,4,0,523,0,0,2,0,272,0,0,0,0,218,375,0,4,0,0,29,1,0,0,0,0,0,0,0
2,29,1,12,0,1,0,1.012731,1.004853,1.00919,9,4,834,100,100,0,0,0,24,0,40,52,3,40,8,49,9,0,0,3168,185,0,3,0,1055,156,0,6,0,523,11,0,8,0,272,0,0,0,0,218,707,0,11,0,0,53,4,0,0,0,0,0,0,0
2,29,2,12,0,1,0,0.996816,0.992517,1.003199,11,3,709,100,100,0,0,0,50,40,0,16,2,40,8,74,9,0,0,3168,172,0,3,0,1055,148,0,6,0,523,1,0,4,0,272,0,0,0,0,218,700,0,9,0,0,15,2,1,0,0,1,1,0,0
2,29,3,10,0,1,0,0.96521,1.027741,1.026581,10,2,584,100,100,0,0,0,34,52,16,0,2,40,8,118,9,0,0,3168,166,0,3,0,1055,154,0,6,0,523,1,0,4,0,272,0,0,0,0,218,577,0,7,0,0,16,2,0,0,0,0,0,0,0
2,30,0,2,0,5,0,1.03844,1.032444,1.058865,2,2,584,100,100,0,0,0,0,24,50,34,3,40,9,138,0,0,0,3144,118,0,0,0,1055,141,0,0,0,533,1,0,0,0,263,0,0,1,0,250,382,4,0,0,0,29,0,0,0,0,0,0,0,0
2,30,1,9,0,5,0,1.00385,1.013572,0.993713,8,4,834,100,100,0,0,0,24,0,40,54,3,40,9,45,3,0,0,3144,172,0,1,0,1055,157,0,2,0,533,6,0,8,0,263,2,0,4,0,250,746,16,9,0,0,57,4,0,0,0,0,0,0,0
2,30,2,12,0,5,0,0.996816,0.992517,1.003199,12,3,709,100,100,0,0,0,50,40,0,18,2,40,9,79,9,0,0,3144,189,0,3,0,1055,151,0,6,0,533,1,0,2,0,263,0,0,2,0,250,706,8,5,0,0,16,1,0,0,0,0,0,0,0
2,30,3,10,0,5,0,0.96521,1.027741,1.026581,10,3,709,100,100,0,0,0,34,54,18,0,2,40,9,123,9,0,0,3144,177,0,3,0,1055,157,0,6,0,533,1,0,2,0,263,0,0,0,0,250,561,0,22,0,0,0,1,17,0,0,0,0,0,0
2,31,0,2,1,0,0,1.03844,1.032444,1.058865,2,2,584,100,100,0,0,0,0,24,50,34,3,40,14,137,0,0,0,3168,116,0,0,0,1067,141,0,0,0,523,0,0,2,0,272,0,0,0,0,226,383,0,2,0,0,30,1,0,0,0,0,0,0,0
2,31,1,10,1,0,0,1.009711,1.005076,0.997248,8,4,834,100,100,0,0,0,24,0,42,54,3,40,14,46,3,0,0,3168,194,0,1,0,1067,158,0,2,0,523,10,0,8,0,272,0,0,2,0,226,745,8,9,0,0,61,4,0,0,0,0,0,0,0
2,31,2,12,1,0,0,0.996816,0.992517,1.003199,12,4,834,100,100,0,0,0,50,42,0,18,2,40,14,86,9,0,0,3168,174,0,3,0,1067,154,0,6,0,523,1,0,4,0,272,0,0,0,0,226,685,0,24,0,0,1,2,17,0,0,0,0,0,0
2,31,3,10,1,0,0,0.96521,1.027741,1.026581,10,3,709,100,100,0,0,0,34,54,18,0,2,40,14,130,9,0,0,3168,164,0,3,0,1067,160,0,6,0,523,1,0,4,0,272,0,0,0,0,226,584,0,7,0,0,2,2,0,0,0,0,0,0,0
2,32,0,2,1,0,0,1.03844,1.032444,1.058865,2,2,584,100,100,0,0,0,0,24,50,34,3,40,18,136,0,0,0,3144,114,0,0,0,1064,141,0,0,0,533,0,0,0,0,263,0,0,1,0,250,390,4,0,0,0,30,0,0,0,0,0,0,0,0
2,32,1,10,1,0,0,1.009711,1.005076,0.997248,8,4,834,100,100,0,0,0,24,0,44,54,3,40,18,46,6,0,0,3144,182,0,2,0,1064,160,0,4,0,533,8,0,8,0,263,0,0,4,0,250,783,16,10,0,0,65,4,0,0,0,0,0,0,0
2,32,2,13,1,0,0,0.999122,0.992844,1.007769,12,4,834,100,100,0,0,0,50,44,0,18,2,40,18,89,9,0,0,3144,191,0,3,0,1064,157,0,6,0,533,0,0,6,0,263,0,0,0,0,250,685,0,9,0,0,4,3,0,0,0,0,0,0,0
2,32,3,10,1,0,0,0.96521,1.027741,1.026581,10,3,709,100,100,0,0,0,34,54,18,0,2,40,18,140,9,0,0,3144,175,0,3,0,1064,163,0,6,0,533,1,0,0,0,263,0,0,4,0,250,603,16,3,0,0,2,0,0,0,0,0,0,0,0
2,33,0,2,0,2,0,1.03844,1.032444,1.058865,2,2,584,100,100,0,0,0,0,24,50,34,3,40,13,136,0,0,0,3176,112,0,0,0,1064,141,0,0,0,520,1,0,0,0,272,0,0,0,0,218,393,0,0,0,0,30,0,0,0,0,0,0,0,0
2,33,1,10,0,2,0,1.009711,1.005076,0.997248,8,4,834,100,100,0,0,0,24,0,46,54,3,40,13,48,6,0,0,3176,170,0,2,0,1064,162,0,4,0,520,12,0,8,0,272,0,0,0,0,218,805,0,10,0,0,69,4,0,0,0,0,0,0,0
2,33,2,11,0,2,0,0.998819,0.999127,1.009495,10,4,834,100,100,0,0,0,50,46,0,18,2,40,13,90,6,0,0,3176,176,0,2,0,1064,159,0,4,0,520,1,0,6,0,272,0,0,0,0,218,708,0,10,0,0,6,3,1,0,0,1,1,0,0
2,33,3,10,0,2,0,0.96521,1.027741,1.026581,10,3,709,100,100,0,0,0,34,54,18,0,2,40,13,146,9,0,0,3176,186,0,3,0,1064,166,0,6,0,520,1,0,4,0,272,0,0,0,0,218,602,0,7,0,0,4,2,0,0,0,0,0,0,0
2,34,0,2,0,0,0,1.03844,1.032444,1.058865,2,2,584,100,100,0,0,0,0,24,50,34,3,40,15,138,0,0,0,3144,110,0,0,0,1088,141,0,0,0,515,2,0,2,0,272,0,0,0,0,263,394,0,2,0,0,31,1,0,0,0,0,0,0,0
2,34,1,10,0,0,0,1.009711,1.005076,0.997248,8,4,834,100,100,0,0,0,24,0,46,54,3,40,15,52,6,0,0,3144,190,0,2,0,1088,158,0,4,0,515,16,0,8,0,272,0,0,0,0,263,795,0,10,0,0,73,4,0,0,0,0,0,0,0
2,34,2,11,0,0,0,0.998819,0.999127,1.009495,11,4,834,100,100,0,0,0,50,46,0,18,2,40,15,94,6,0,0,3144,187,0,2,0,1088,155,0,4,0,515,0,0,10,0,272,0,0,0,0,263,705,0,12,0,0,11,5,0,0,0,0,0,0,0
2,34,3,10,0,0,0,0.96521,1.027741,1.026581,10,3,709,100,100,0,0,0,34,54,18,0,2,40,15,149,9,0,0,3144,173,0,3,0,1088,160,0,6,0,515,0,0,6,0,272,0,0,0,0,263,618,0,9,0,0,7,3,0,0,0,0,0,0,0
2,35,0,2,0,1,0,1.03844,1.032444,1.058865,2,2,584,100,100,0,0,0,0,24,50,36,3,40,9,139,0,0,0,3176,108,0,0,0,1067,141,0,0,0,517,1,0,2,0,272,0,0,0,0,226,395,0,2,0,0,32,1,0,0,0,0,0,0,0
2,35,1,10,0,1,0,1.009711,1.005076,0.997248,8,4,834,100,100,0,0,0,24,0,48,56,3,40,9,56,6,0,0,3176,178,0,2,0,1067,160,0,4,0,517,20,0,8,0,272,0,0,0,0,226,817,0,10,0,0,77,4,0,0,0,0,0,0,0
2,35,2,10,0,1,0,0.994096,1.008015,1.013236,10,4,834,100,100,0,0,0,50,48,0,18,2,40,9,93,3,0,0,3176,175,0,1,0,1067,156,0,2,0,517,1,0,8,0,272,0,0,0,0,226,729,0,9,0,0,15,4,0,0,0,0,0,0,0
2,35,3,10,0,1,0,0.96521,1.027741,1.026581,10,3,709,100,100,0,0,0,36,56,18,0,2,40,9,159,9,0,0,3176,184,0,3,0,1067,163,0,6,0,517,1,0,4,0,272,0,0,0,0,226,617,0,7,0,0,9,2,0,0,0,0,0,0,0
2,36,0,2,0,1,0,1.03844,1.032444,1.058865,2,2,584,100,100,0,0,0,0,24,50,36,3,40,19,137,0,0,0,3176,106,0,0,0,1070,141,0,0,0,541,1,0,0,0,258,0,0,1,0,270,399,4,0,0,0,32,0,0,0,0,0,0,0,0
2,36,1,10,0,1,0,1.009711,1.005076,0.997248,8,4,834,100,100,0,0,0,24,0,48,56,3,40,19,57,6,0,0,3176,166,0,2,0,1070,162,0,4,0,541,15,0,8,0,258,1,0,4,0,270,830,16,10,0,0,81,4,0,0,0,0,0,0,0
2,36,2,10,0,1,0,0.994096,1.008015,1.013236,10,4,834,100,100,0,0,0,50,48,0,18,2,40,19,91,3,0,0,3176,188,0,1,0,1070,157,0,2,0,541,1,0,0,0,258,0,0,5,0,270,748,20,1,0,0,15,0,0,0,0,0,0,0,0
2,36,3,9,0,1,0,0.969245,1.032374,1.029727,9,3,709,100,100,0,0,0,36,56,18,0,2,40,19,163,9,0,0,3176,171,0,3,0,1070,166,0,6,0,541,1,0,0,0,258,0,0,3,0,270,645,12,3,0,0,9,0,0,0,0,0,0,0,0
2,37,0,2,0,2,0,1.03844,1.032444,1.058865,2,2,584,100,100,0,0,0,0,24,50,36,3,40,20,137,0,0,0,3144,104,0,0,0,1070,141,0,0,0,521,2,0,2,0,271,0,0,0,0,300,397,0,2,0,0,33,1,0,0,0,0,0,0,0
2,37,1,10,0,2,0,1.009711,1.005076,0.997248,8,4,834,100,100,0,0,0,24,0,48,58,3,40,20,61,6,0,0,3144,186,0,2,0,1070,164,0,4,0,521,16,0,8,0,271,0,0,1,0,300,824,4,10,0,0,85,4,0,0,0,0,0,0,0
2,37,2,10,0,2,0,0.994096,1.008015,1.013236,10,5,959,100,100,0,0,0,50,48,0,18,2,40,20,88,3,0,0,3144,177,0,1,0,1070,158,0,2,0,521,1,0,8,0,271,0,0,1,0,300,726,4,26,0,0,2,4,17,0,0,0,0,0,0
2,37,3,7,0,2,0,0.990366,1.049035,1.057908,7,3,709,100,100,0,0,0,36,58,18,0,2,40,20,165,6,0,0,3144,176,0,2,0,1070,168,0,4,0,521,0,0,4,0,271,0,0,0,0,300,639,0,6,0,0,11,2,0,0,0,0,0,0,0
2,38,0,2,1,0,0,1.03844,1.032444,1.058865,2,2,584,100,100,0,0,0,0,26,50,36,3,40,13,137,0,0,0,3200,102,0,0,0,1073,141,0,0,0,529,0,0,2,0,262,0,0,1,0,213,402,4,2,0,0,34,1,0,0,0,0,0,0,0
2,38,1,11,1,0,0,1.008154,1.002218,0.996041,8,4,834,100,100,0,0,0,26,0,48,58,3,40,13,66,6,0,0,3200,174,0,2,0,1073,166,0,4,0,529,14,0,8,0,262,0,0,3,0,213,828,12,10,0,0,89,4,0,0,0,0,0,0,0
2,38,2,10,1,0,0,0.994096,1.008015,1.013236,10,5,959,100,100,0,0,0,50,48,0,18,2,40,13,90,3,0,0,3200,166,0,1,0,1073,159,0,2,0,529,1,0,6,0,262,0,0,3,0,213,764,12,7,0,0,5,3,0,0,0,0,0,0,0
2,38,3,7,1,0,0,0.990366,1.049035,1.057908,7,3,709,100,100,0,0,0,36,58,18,0,2,40,13,171,6,0,0,3200,167,0,2,0,1073,170,0,4,0,529,1,0,2,0,262,0,0,3,0,213,666,12,4,0,0,12,1,0,0,0,0,0,0,0
2,39,0,2,0,1,0,1.03844,1.032444,1.058865,2,2,584,100,100,0,0,0,0,26,50,36,3,40,17,135,0,0,0,3120,100,0,0,0,1073,141,0,0,0,519,0,0,2,0,272,0,0,0,0,300,400,0,2,0,0,35,1,0,0,0,0,0,0,0
2,39,1,11,0,1,0,1.008154,1.002218,0.996041,8,4,834,100,100,0,0,0,26,0,48,60,3,40,17,69,6,0,0,3120,201,0,2,0,1073,168,0,4,0,519,16,0,10,0,272,0,0,0,0,300,816,0,12,0,0,94,5,0,0,0,0,0,0,0
2,39,2,9,0,1,0,0.994816,1.005325,1.01008,9,5,959,100,100,0,0,0,50,48,0,18,2,40,17,89,3,0,0,3120,171,0,1,0,1073,160,0,2,0,519,0,0,8,0,272,0,0,0,0,300,755,0,9,0,0,9,4,0,0,0,0,0,0,0
2,39,3,7,0,1,0,0.990366,1.049035,1.057908,7,3,709,100,100,0,0,0,36,60,18,0,2,40,17,174,6,0,0,3120,174,0,2,0,1073,172,0,4,0,519,1,0,4,0,272,0,0,0,0,300,660,0,6,0,0,14,2,0,0,0,0,0,0,0
2,40,0,2,0,3,0,1.03844,1.032444,1.058865,2,2,584,100,100,0,0,0,0,26,50,36,3,40,11,136,0,0,0,3184,98,0,0,0,1073,141,0,0,0,522,1,0,0,0,272,0,0,0,0,229,403,0,0,0,0,35,0,0,0,0,0,0,0,0
2,40,1,10,0,3,0,1.014116,1.01149,1.002511,7,4,834,100,100,0,0,0,26,0,48,62,3,40,11,72,6,0,0,3184,188,0,2,0,1073,170,0,4,0,522,15,0,10,0,272,0,0,0,0,229,822,0,12,0,0,99,5,0,0,0,0,0,0,0
2,40,2,8,0,3,0,1.000872,1.000767,1.017189,8,5,959,100,100,0,0,0,50,48,0,18,2,40,11,90,3,0,0,3184,177,0,1,0,1073,161,0,2,0,522,1,0,4,0,272,0,0,0,0,229,756,0,5,0,0,11,2,0,0,0,0,0,0,0
2,40,3,6,0,3,0,1.000764,1.043671,1.046565,6,3,709,100,100,0,0,0,36,62,18,0,2,40,11,179,6,0,0,3184,165,0,2,0,1073,174,0,4,0,522,1,0,4,0,272,0,0,0,0,229,670,0,6,0,0,16,2,0,0,0,0,0,0,0
4,1,0,47,1,13,0,0.99994,1.008493,1.012874,0,0,334,100,100,0,0,0,0,2,2,2,0,40,2,43,36,0,0,2816,201,0,12,0,932,62,0,24,0,476,2,0,48,0,262,5,0,24,0,165,118,96,78,0,0,15,24,9,0,0,9,9,0,0
4,1,1,47,1,13,0,1.002255,1.008479,1.014274,0,0,334,100,100,0,0,0,2,0,2,2,0,40,2,47,39,0,0,2816,200,0,13,0,932,63,0,26,0,476,0,0,46,0,262,1,0,24,0,165,119,96,77,0,0,14,23,9,0,0,9,9,0,0
4,1,2,47,1,13,0,0.995807,1.004076,1.01845,0,0,334,100,100,0,0,0,2,2,0,0,0,40,2,44,36,0,0,2816,201,0,12,0,932,62,0,24,0,476,1,0,46,0,262,4,0,24,0,165,123,96,76,0,0,14,23,9,0,0,9,9,0,0
4,1,3,47,1,13,0,1.003491,1.002794,1.012195,0,0,334,100,100,0,0,0,2,2,0,0,0,40,2,44,39,0,0,2816,200,0,13,0,932,63,0,26,0,476,2,0,48,0,262,4,0,24,0,165,117,96,79,0,0,15,24,9,0,0,9,9,0,0
4,2,0,42,0,15,0,1.001622,1.00673,1.014816,9,0,334,100,100,0,0,0,0,4,4,4,0,40,0,42,33,0,0,2832,231,0,11,0,947,73,0,22,0,482,0,0,18,0,237,0,0,12,0,160,151,48,47,0,0,15,9,9,0,0,9,9,0,0
4,2,1,43,0,15,0,1.00101,1.012053,1.013408,8,0,334,100,100,0,0,0,4,0,4,4,0,40,0,45,36,0,0,2832,229,0,12,0,947,75,0,24,0,482,1,0,12,0,237,0,0,8,0,160,139,32,42,0,0,11,6,9,0,0,9,9,0,0
4,2,2,45,0,15,0,0.994454,1.002376,1.017846,9,0,334,100,100,0,0,0,4,4,0,0,0,40,0,39,33,0,0,2832,239,0,11,0,947,73,0,22,0,482,1,0,14,0,237,0,0,14,0,160,172,56,43,0,0,12,7,9,0,0,9,9,0,0
4,2,3,43,0,15,0,1.000172,1.003209,1.012467,9,0,334,100,100,0,0,0,4,4,0,0,0,40,0,48,39,0,0,2832,220,0,13,0,947,73,0,26,0,482,0,0,18,0,237,0,0,12,0,160,152,48,49,0,0,15,9,9,0,0,9,9,0,0
4,3,0,42,1,3,0,1.001622,1.00673,1.014816,18,0,334,100,100,0,0,0,0,4,6,6,0,40,3,42,33,0,0,3200,178,0,11,0,950,84,0,22,0,481,0,0,18,0,227,0,0,9,0,0,215,36,47,0,0,15,9,9,0,0,9,9,0,0
4,3,1,43,1,3,0,1.00101,1.012053,1.013408,17,0,334,100,100,0,0,0,4,0,4,6,0,40,3,46,36,0,0,3200,174,0,12,0,950,87,0,24,0,481,1,0,18,0,227,0,0,12,0,0,214,48,48,0,0,11,9,9,0,0,9,9,0,0
4,3,2,42,1,3,0,0.995571,1.002449,1.015156,18,0,334,100,100,0,0,0,6,4,0,0,0,40,3,40,33,0,0,3200,183,0,11,0,950,81,0,22,0,481,0,0,16,0,227,0,0,12,0,0,250,48,45,0,0,11,8,9,0,0,9,9,0,0
4,3,3,44,1,3,0,0.999655,1.002318,1.014788,18,0,334,100,100,0,0,0,6,6,0,0,0,40,3,53,39,0,0,3200,164,0,13,0,950,86,0,26,0,481,0,0,12,0,227,0,0,12,0,0,232,48,43,0,0,12,6,9,0,0,9,9,0,0
4,4,0,42,0,4,0,1.001622,1.00673,1.014816,27,0,334,100,100,0,0,0,0,4,8,6,0,40,3,43,33,0,0,2856,213,0,11,0,1066,68,0,22,0,445,0,0,24,0,272,0,0,0,0,170,197,0,51,0,0,19,12,8,0,0,8,8,0,0
4,4,1,42,0,4,0,1.003893,1.013328,1.017489,25,0,334,100,100,0,0,0,4,0,6,8,0,40,3,49,36,0,0,2856,207,0,12,0,1066,70,0,24,0,445,1,0,24,0,272,0,0,0,0,170,190,0,54,0,0,14,12,9,0,0,9,9,0,0
4,4,2,41,0,4,0,0.99476,1.001614,1.014638,27,0,334,100,100,0,0,0,8,6,0,0,0,40,3,40,33,0,0,2856,218,0,11,0,1066,65,0,22,0,445,1,0,20,0,272,0,0,0,0,170,238,0,45,0,0,14,10,7,0,0,7,7,0,0
4,4,3,42,0,4,0,0.997503,1.001273,1.013893,27,0,334,100,100,0,0,0,6,8,0,0,0,40,3,53,36,0,0,2856,188,0,12,0,1066,65,0,24,0,445,0,0,24,0,272,0,0,0,0,170,214,0,52,0,0,16,12,8,0,0,8,8,0,0
4,5,0,37,3,14,2,1.002199,1.012278,1.012368,30,0,334,100,100,0,0,0,0,6,8,6,0,40,0,41,30,0,0,3032,161,0,10,0,950,78,0,20,0,455,1,0,22,0,272,0,0,0,0,110,212,0,38,0,0,27,11,3,0,0,3,3,0,0
4,5,1,39,3,14,2,1.00639,1.013083,1.016005,33,0,334,100,100,0,0,0,6,0,2,4,0,40,0,53,36,0,0,3032,241,0,12,0,950,82,0,24,0,455,1,0,22,0,272,0,0,0,0,110,171,0,40,0,0,22,11,3,0,0,3,3,0,0
4,5,2,39,3,14,2,0.992537,1.002085,1.016653,32,0,334,100,100,0,0,0,8,2,0,-2,0,40,0,37,27,0,0,3032,168,0,9,0,950,74,0,18,0,455,1,0,20,0,272,0,0,0,0,110,261,0,37,0,0,20,10,4,0,0,4,4,0,0
4,5,3,41,3,14,2,0.996766,1.000795,1.01122,33,0,334,100,100,0,0,0,6,4,-2,0,0,40,0,56,33,0,0,3032,207,0,11,0,950,76,0,22,0,455,0,0,18,0,272,0,0,0,0,110,215,0,35,0,0,22,9,3,0,0,3,3,0,0
4,6,0,33,0,9,0,1.00702,1.00678,1.010227,29,0,334,100,100,0,0,0,0,8,10,8,0,40,0,43,30,0,0,2936,194,0,10,0,962,88,0,20,0,445,1,0,18,0,272,0,0,0,0,135,201,0,32,0,0,34,9,2,0,0,2,2,0,0
4,6,1,36,0,9,0,1.006731,1.005955,1.011735,33,0,334,100,100,0,0,0,8,0,4,6,0,40,0,56,33,0,0,2936,191,0,11,0,962,93,0,22,0,445,0,0,28,0,272,0,0,0,0,135,193,0,43,0,0,34,14,2,0,0,2,2,0,0
4,6,2,38,0,9,0,0.991456,1.004119,1.017088,35,0,334,100,100,0,0,0,10,4,0,0,0,40,0,35,27,0,0,2936,200,0,9,0,962,83,0,18,0,445,1,0,24,0,272,0,0,0,0,135,257,0,37,0,0,30,12,2,0,0,2,2,0,0
4,6,3,40,0,9,0,0.996694,0.998506,1.009669,35,0,334,100,100,0,0,0,8,6,0,0,0,40,0,59,33,0,0,2936,227,0,11,0,962,87,0,22,0,445,0,0,24,0,272,0,0,0,0,135,210,0,41,0,0,31,12,3,0,0,3,3,0,0
4,7,0,31,0,11,0,1.008102,1.008398,1.011359,29,0,334,100,100,0,0,0,0,10,12,10,0,40,0,46,27,0,0,2975,232,0,9,0,965,97,0,18,0,484,0,0,16,0,246,0,0,3,0,163,198,12,27,0,0,41,8,1,0,0,1,1,0,0
4,7,1,36,0,11,0,1.006731,1.005955,1.011735,35,0,334,100,100,0,0,0,10,0,6,8,0,40,0,63,33,0,0,2975,216,0,11,0,965,104,0,22,0,484,1,0,14,0,246,0,0,7,0,163,212,28,27,0,0,40,7,1,0,0,1,1,0,0
4,7,2,36,0,11,0,0.990216,1.007045,1.016165,35,1,459,100,100,0,0,0,12,6,0,2,0,40,0,34,27,0,0,2975,226,0,9,0,965,92,0,18,0,484,0,0,16,0,246,0,0,8,0,163,271,32,44,0,0,20,8,18,0,0,1,1,0,0
4,7,3,33,0,11,0,1.003338,0.998025,1.013248,31,0,334,100,100,0,0,0,10,8,2,0,0,40,0,63,33,0,0,2975,176,0,11,0,965,98,0,22,0,484,1,0,14,0,246,0,0,8,0,163,267,32,27,0,0,37,7,1,0,0,1,1,0,0
4,8,0,31,0,3,0,1.008102,1.008398,1.011359,30,0,334,100,100,0,0,0,0,12,12,12,0,40,1,51,27,0,0,3176,192,0,9,0,968,106,0,18,0,533,1,0,2,0,191,0,0,15,0,300,245,60,13,0,0,41,1,1,0,0,1,1,0,0
4,8,1,35,0,3,0,1.007884,1.006356,1.013398,35,0,334,100,100,0,0,0,12,0,10,10,0,40,1,67,33,0,0,3176,169,0,11,0,968,115,0,22,0,533,1,0,2,0,191,9,0,15,0,300,259,60,13,0,0,41,1,0,0,0,0,0,0,0
4,8,2,34,0,3,0,0.995712,1.007045,1.011882,34,1,459,100,100,0,0,0,12,10,0,4,0,40,1,30,21,0,0,3176,183,0,7,0,968,99,0,14,0,533,1,0,2,0,191,2,0,19,0,300,338,76,9,0,0,21,1,0,0,0,0,0,0,0
4,8,3,33,0,3,0,1.003338,0.998025,1.013248,32,1,459,100,100,0,0,0,12,10,4,0,0,40,1,71,33,0,0,3176,156,0,11,0,968,109,0,22,0,533,0,0,4,0,191,7,0,14,0,300,289,56,34,0,0,21,2,18,0,0,1,1,0,0
4,9,0,31,0,2,0,1.008102,1.008398,1.011359,31,1,459,100,100,0,0,0,0,12,14,14,0,40,2,54,27,0,0,2960,232,0,9,0,1031,100,0,18,0,484,0,0,2,0,263,0,0,9,0,201,271,36,28,0,0,25,1,17,0,0,0,0,0,0
4,9,1,34,0,2,0,1.007323,1.007949,1.013903,34,1,459,100,100,0,0,0,12,0,14,12,0,40,2,68,30,0,0,2960,188,0,10,0,1031,111,0,20,0,484,1,0,20,0,263,0,0,9,0,201,269,36,47,0,0,34,10,17,0,0,0,0,0,0
4,9,2,33,0,2,0,0.995516,1.006988,1.012056,33,1,459,100,100,0,0,0,14,14,0,6,0,40,2,29,21,0,0,2960,214,0,7,0,1031,95,0,14,0,484,1,0,18,0,263,0,0,2,0,201,348,8,25,0,0,30,9,0,0,0,0,0,0,0
4,9,3,33,0,2,0,1.003338,0.998025,1.013248,33,1,459,100,100,0,0,0,14,12,6,0,0,40,2,80,33,0,0,2960,136,0,11,0,1031,103,0,22,0,484,1,0,20,0,263,0,0,7,0,201,319,28,31,0,0,31,10,0,0,0,0,0,0,0
4,10,0,32,1,3,0,1.011058,1.008448,1.012407,31,1,459,100,100,0,0,0,0,12,16,16,0,40,1,58,27,0,0,3112,192,0,9,0,977,109,0,18,0,480,0,0,12,0,272,0,0,0,0,208,290,0,21,0,0,31,6,0,0,0,0,0,0,0
4,10,1,34,1,3,0,1.007323,1.007949,1.013903,34,1,459,100,100,0,0,0,12,0,18,14,0,40,1,72,30,0,0,3112,208,0,10,0,977,121,0,20,0,480,0,0,18,0,272,0,0,0,0,208,250,0,28,0,0,43,9,0,0,0,0,0,0,0
4,10,2,31,1,3,0,0.995161,1.007817,1.013805,31,1,459,100,100,0,0,0,16,18,0,8,0,40,1,32,21,0,0,3112,174,0,7,0,977,102,0,14,0,480,1,0,16,0,272,0,0,0,0,208,347,0,23,0,0,38,8,0,0,0,0,0,0,0
4,10,3,32,1,3,0,1.003859,0.997652,1.014763,32,1,459,100,100,0,0,0,16,14,8,0,0,40,1,89,33,0,0,3112,116,0,11,0,977,114,0,22,0,480,0,0,20,0,272,0,0,0,0,208,298,0,31,0,0,41,10,0,0,0,0,0,0,0
4,11,0,32,1,3,0,1.011058,1.008448,1.012407,31,1,459,100,100,0,0,0,0,12,18,18,0,40,11,58,27,0,0,3024,239,0,9,0,977,118,0,18,0,499,1,0,8,0,265,0,0,1,0,208,293,4,19,0,0,34,4,1,0,0,1,1,0,0
4,11,1,33,1,3,0,1.006952,1.009012,1.013533,33,1,459,100,100,0,0,0,12,0,20,14,1,40,11,68,27,0,0,3024,165,0,9,0,977,130,0,18,0,499,1,0,14,0,265,0,0,2,0,208,260,8,23,0,0,50,7,0,0,0,0,0,0,0
4,11,2,30,1,3,0,0.994261,1.007296,1.014962,29,1,459,100,100,0,0,0,18,20,0,8,1,40,11,34,21,0,0,3024,192,0,7,0,977,109,0,14,0,499,1,0,6,0,265,0,0,4,0,208,371,16,13,0,0,41,3,0,0,0,0,0,0,0
4,11,3,32,1,3,0,1.003859,0.997652,1.014763,32,1,459,100,100,0,0,0,18,14,8,0,0,40,11,95,33,0,0,3024,97,0,11,0,977,125,0,22,0,499,1,0,14,0,265,0,0,0,0,208,298,0,25,0,0,48,7,0,0,0,0,0,0,0
4,12,0,32,0,2,0,1.011058,1.008448,1.012407,32,1,459,100,100,0,0,0,0,12,20,20,2,40,0,64,27,0,0,3056,198,0,9,0,980,127,0,18,0,472,1,0,12,0,272,0,0,0,0,150,347,0,21,0,0,40,6,0,0,0,0,0,0,0
4,12,1,32,0,2,0,1.010011,1.010037,1.009883,32,1,459,100,100,0,0,0,12,0,22,16,1,40,0,70,24,0,0,3056,188,0,8,0,980,138,0,16,0,472,1,0,20,0,272,0,0,0,0,150,253,0,28,0,0,60,10,0,0,0,0,0,0,0
4,12,2,29,0,2,0,0.995268,1.010596,1.016883,28,1,459,100,100,0,0,0,20,22,0,8,2,40,0,34,21,0,0,3056,203,0,7,0,980,116,0,14,0,472,1,0,18,0,272,0,0,0,0,150,368,0,27,0,0,49,9,1,0,0,1,1,0,0
4,12,3,32,0,2,0,1.003859,0.997652,1.014763,32,1,459,100,100,0,0,0,20,16,8,0,1,40,0,105,33,0,0,3056,78,0,11,0,980,136,0,22,0,472,1,0,22,0,272,0,0,0,0,150,295,0,33,0,0,59,11,0,0,0,0,0,0,0
4,13,0,32,4,2,0,1.008601,1.00705,1.012518,31,1,459,100,100,0,0,0,0,14,22,22,2,40,1,68,27,0,0,3024,237,0,9,0,983,136,0,18,0,527,0,0,4,0,242,0,0,4,0,194,368,16,13,0,0,42,2,0,0,0,0,0,0,0
4,13,1,34,4,2,0,1.007302,1.012365,1.010399,32,1,459,100,100,0,0,0,14,0,24,18,1,40,1,71,24,0,0,3024,212,0,8,0,983,146,0,16,0,527,0,0,2,0,242,0,0,12,0,194,312,48,10,0,0,61,1,0,0,0,0,0,0,0
4,13,2,29,4,2,0,0.995268,1.010596,1.016883,29,2,584,100,100,0,0,0,22,24,0,8,2,40,1,36,21,0,0,3024,167,0,7,0,983,123,0,14,0,527,0,0,6,0,242,0,0,9,0,194,412,36,30,0,0,35,3,17,0,0,0,0,0,0
4,13,3,32,4,2,0,1.003301,0.995962,1.015164,31,1,459,100,100,0,0,0,22,18,8,0,1,40,1,113,30,0,0,3024,60,0,10,0,983,146,0,20,0,527,1,0,8,0,242,0,0,5,0,194,326,20,18,0,0,63,4,0,0,0,0,0,0,0
4,14,0,33,1,5,0,1.008768,1.007847,1.013388,31,2,584,100,100,0,0,0,0,14,24,24,2,40,1,76,30,0,0,3128,195,0,10,0,989,140,0,20,0,497,0,0,8,0,242,0,0,7,0,96,430,28,37,0,0,28,4,18,0,0,1,1,0,0
4,14,1,33,1,5,0,1.007058,1.015153,1.009178,31,2,584,100,100,0,0,0,14,0,26,18,1,40,1,73,27,0,0,3128,169,0,9,0,989,152,0,18,0,497,0,0,10,0,242,0,0,8,0,96,378,32,38,0,0,48,5,18,0,0,1,1,0,0
4,14,2,28,1,5,0,0.999387,1.012457,1.023128,28,2,584,100,100,0,0,0,24,26,0,8,2,40,1,38,21,0,0,3128,179,0,7,0,989,130,0,14,0,497,1,0,8,0,242,0,0,7,0,96,449,28,15,0,0,39,4,0,0,0,0,0,0,0
4,14,3,29,1,5,0,1.006417,0.998932,1.023299,29,1,459,100,100,0,0,0,24,18,8,0,1,40,1,118,27,0,0,3128,43,0,9,0,989,155,0,18,0,497,0,0,16,0,242,0,0,4,0,96,347,16,25,0,0,71,8,0,0,0,0,0,0,0
4,15,0,33,0,5,0,1.008768,1.007847,1.013388,32,2,584,100,100,0,0,0,0,16,26,28,2,40,0,83,30,0,0,2976,231,0,10,0,983,150,0,20,0,470,1,0,14,0,272,0,0,0,0,210,422,0,26,0,0,34,7,1,0,0,1,1,0,0
4,15,1,32,0,5,0,1.008623,1.014068,1.008656,31,2,584,100,100,0,0,0,16,0,28,22,2,40,0,77,27,0,0,2976,198,0,9,0,983,161,0,18,0,470,0,0,18,0,272,0,0,0,0,210,367,0,29,0,0,56,9,1,0,0,1,1,0,0
4,15,2,26,0,5,0,1.001356,1.008487,1.020317,26,2,584,100,100,0,0,0,26,28,0,12,2,40,0,41,21,0,0,2976,183,0,7,0,983,137,0,14,0,470,0,0,18,0,272,0,0,0,0,210,448,0,25,0,0,48,9,0,0,0,0,0,0,0
4,15,3,27,0,5,0,1.009286,0.994958,1.017632,27,1,459,100,100,0,0,0,28,22,12,0,2,40,0,124,27,0,0,2976,32,0,9,0,983,164,0,18,0,470,0,0,18,0,272,0,0,0,0,210,344,0,27,0,0,80,9,0,0,0,0,0,0,0
4,16,0,32,0,3,0,1.010016,1.009543,1.012531,32,2,584,100,100,0,0,0,0,16,28,32,2,40,2,90,30,0,0,3064,187,0,10,0,983,160,0,20,0,476,0,0,12,0,272,0,0,0,0,254,425,0,22,0,0,40,6,0,0,0,0,0,0,0
4,16,1,31,0,3,0,1.006603,1.014217,1.008394,31,2,584,100,100,0,0,0,16,0,30,26,2,40,2,82,27,0,0,3064,220,0,9,0,983,170,0,18,0,476,0,0,24,0,272,0,0,0,0,254,334,0,33,0,0,68,12,0,0,0,0,0,0,0
4,16,2,25,0,3,0,1.002328,1.008014,1.018469,25,2,584,100,100,0,0,0,28,30,0,14,2,40,2,44,21,0,0,3064,189,0,7,0,983,144,0,14,0,476,0,0,16,0,272,0,0,0,0,254,437,0,23,0,0,56,8,0,0,0,0,0,0,0
4,16,3,27,0,3,0,1.009286,0.994958,1.017632,27,1,459,100,100,0,0,0,32,26,14,0,2,40,2,133,27,0,0,3064,23,0,9,0,983,173,0,18,0,476,1,0,16,0,272,0,0,0,0,254,325,0,25,0,0,88,8,0,0,0,0,0,0,0
4,17,0,30,2,3,0,1.013786,1.004577,1.008259,30,2,584,100,100,0,0,0,0,16,30,36,2,40,2,94,27,0,0,3052,217,0,9,0,983,169,0,18,0,507,0,0,6,0,272,0,0,0,0,246,419,0,15,0,0,43,3,0,0,0,0,0,0,0
4,17,1,31,2,3,0,1.006603,1.014217,1.008394,31,2,584,100,100,0,0,0,16,0,32,30,2,40,2,85,27,0,0,3052,179,0,9,0,983,179,0,18,0,507,0,0,12,0,272,0,0,0,0,246,343,0,21,0,0,74,6,0,0,0,0,0,0,0
4,17,2,25,2,3,0,1.000582,1.013419,1.019549,24,2,584,100,100,0,0,0,30,32,0,16,2,40,2,49,21,0,0,3052,196,0,7,0,983,151,0,14,0,507,0,0,10,0,272,0,0,0,0,246,426,0,17,0,0,61,5,0,0,0,0,0,0,0
4,17,3,28,2,3,0,1.009251,0.994878,1.015011,27,1,459,100,100,0,0,0,36,30,16,0,2,40,2,141,27,0,0,3052,18,0,9,0,983,182,0,18,0,507,0,0,10,0,272,0,0,0,0,246,315,0,19,0,0,93,5,0,0,0,0,0,0,0
4,18,0,30,0,0,0,1.013786,1.004577,1.008259,30,2,584,100,100,0,0,0,0,16,30,40,2,40,15,96,27,0,0,3102,177,0,9,0,986,178,0,18,0,502,0,0,14,0,244,0,0,2,0,122,479,8,23,0,0,50,7,0,0,0,0,0,0,0
4,18,1,31,0,0,0,1.006603,1.014217,1.008394,31,2,584,100,100,0,0,0,16,0,34,34,2,40,15,86,27,0,0,3102,202,0,9,0,986,188,0,18,0,502,1,0,14,0,244,0,0,5,0,122,358,20,23,0,0,81,7,0,0,0,0,0,0,0
4,18,2,25,0,0,0,1.000582,1.013419,1.019549,24,3,709,100,100,0,0,0,30,34,0,18,2,40,15,50,21,0,0,3102,163,0,7,0,986,158,0,14,0,502,0,0,6,0,244,0,0,7,0,122,483,28,32,0,0,46,3,18,0,0,1,1,0,0
4,18,3,28,0,0,0,1.009251,0.994878,1.015011,27,1,459,100,100,0,0,0,40,34,18,0,2,40,15,150,27,0,0,3102,18,0,9,0,986,191,0,18,0,502,1,0,6,0,244,3,0,11,0,122,366,44,17,0,0,95,3,1,0,0,1,1,0,0
4,19,0,28,2,10,0,1.014695,1.006521,1.003608,28,2,584,100,100,0,0,0,0,16,32,44,2,40,0,99,24,0,0,3054,202,0,8,0,986,186,0,16,0,491,0,0,12,0,272,0,0,0,0,201,477,0,20,0,0,56,6,0,0,0,0,0,0,0
4,19,1,24,2,10,0,1.012133,1.004559,1.015877,23,2,584,100,100,0,0,0,16,0,36,38,2,40,0,91,27,0,0,3054,161,0,9,0,986,197,0,18,0,491,3,0,12,0,272,0,0,0,0,201,357,0,21,0,0,87,6,0,0,0,0,0,0,0
4,19,2,25,2,10,0,1.000582,1.013419,1.019549,25,3,709,100,100,0,0,0,32,36,0,20,3,40,0,57,21,0,0,3054,170,0,7,0,986,165,0,14,0,491,1,0,10,0,272,0,0,0,0,201,487,0,17,0,0,51,5,0,0,0,0,0,0,0
4,19,3,29,2,10,0,1.0079,0.991101,1.01858,28,1,459,100,100,0,0,0,44,38,20,0,3,40,0,159,27,0,0,3054,18,0,9,0,986,200,0,18,0,491,1,0,16,0,272,0,0,3,0,201,377,12,25,0,0,103,8,0,0,0,0,0,0,0
4,20,0,28,0,2,0,1.014695,1.006521,1.003608,28,3,709,100,100,0,0,0,0,16,34,48,2,40,1,105,24,0,0,3085,165,0,8,0,989,194,0,16,0,487,1,0,8,0,245,0,0,6,0,174,543,24,33,0,0,43,4,17,0,0,0,0,0,0
4,20,1,24,0,2,0,1.012133,1.004559,1.015877,23,2,584,100,100,0,0,0,16,0,38,42,2,40,1,104,27,0,0,3085,167,0,9,0,989,206,0,18,0,487,6,0,12,0,245,6,0,6,0,174,361,24,23,0,0,92,6,1,0,0,1,1,0,0
4,20,2,23,0,2,0,1.002388,1.014537,1.01745,23,3,709,100,100,0,0,0,34,38,0,22,3,40,1,58,18,0,0,3085,178,0,6,0,989,171,0,12,0,487,0,0,16,0,245,0,0,3,0,174,495,12,22,0,0,59,8,0,0,0,0,0,0,0
4,20,3,29,0,2,0,1.0079,0.991101,1.01858,28,2,584,100,100,0,0,0,48,42,22,0,3,40,1,167,27,0,0,3085,18,0,9,0,989,209,0,18,0,487,1,0,18,0,245,0,0,6,0,174,382,24,46,0,0,94,9,18,0,0,1,1,0,0
4,21,0,27,1,1,0,1.012601,1.006413,1.003121,27,3,709,100,100,0,0,0,0,16,36,52,2,40,0,110,24,0,0,3044,184,0,8,0,992,202,0,16,0,469,1,0,12,0,262,0,0,5,0,211,561,20,20,0,0,49,6,0,0,0,0,0,0,0
4,21,1,24,1,1,0,1.012133,1.004559,1.015877,24,2,584,100,100,0,0,0,16,0,40,46,2,40,0,116,27,0,0,3044,157,0,9,0,992,215,0,18,0,469,21,0,12,0,262,0,0,6,0,211,383,24,21,0,0,98,6,0,0,0,0,0,0,0
4,21,2,23,1,1,0,1.002388,1.014537,1.01745,23,3,709,100,100,0,0,0,36,40,0,26,3,40,0,62,18,0,0,3044,188,0,6,0,992,177,0,12,0,469,0,0,18,0,262,0,0,0,0,211,489,0,24,0,0,68,9,0,0,0,0,0,0,0
4,21,3,30,1,1,0,1.011566,0.991276,1.019,29,2,584,100,100,0,0,0,52,46,26,0,3,40,0,174,27,0,0,3044,18,0,9,0,992,218,0,18,0,469,1,0,18,0,262,0,0,5,0,211,402,20,27,0,0,103,9,0,0,0,0,0,0,0
4,22,0,27,0,0,0,1.012601,1.006413,1.003121,27,3,709,100,100,0,0,0,0,16,38,56,2,40,2,117,24,0,0,3028,204,0,8,0,989,210,0,16,0,490,1,0,12,0,253,0,0,3,0,261,568,12,20,0,0,55,6,0,0,0,0,0,0,0
4,22,1,24,0,0,0,1.012133,1.004559,1.015877,24,2,584,100,100,0,0,0,16,0,42,48,2,40,2,127,27,0,0,3028,163,0,9,0,989,224,0,18,0,490,24,0,12,0,253,0,0,4,0,261,378,16,21,0,0,104,6,0,0,0,0,0,0,0
4,22,2,23,0,0,0,1.002388,1.014537,1.01745,23,3,709,100,100,0,0,0,38,42,0,28,3,40,2,65,18,0,0,3028,198,0,6,0,989,183,0,12,0,490,1,0,14,0,253,0,0,3,0,261,493,12,20,0,0,75,7,0,0,0,0,0,0,0
4,22,3,30,0,0,0,1.011566,0.991276,1.019,29,2,584,100,100,0,0,0,56,48,28,0,3,40,2,182,30,0,0,3028,17,0,10,0,989,228,0,20,0,490,1,0,12,0,253,0,0,9,0,261,426,36,24,0,0,108,6,1,0,0,1,1,0,0
4,23,0,25,0,3,0,1.016635,1.006342,1.00256,25,4,834,100,100,0,0,0,0,16,40,60,2,40,3,120,24,0,0,3123,168,0,8,0,989,218,0,16,0,457,1,0,18,0,272,0,0,0,0,138,588,0,43,0,0,47,9,17,0,0,0,0,0,0
4,23,1,24,0,3,0,1.012133,1.004559,1.015877,24,2,584,100,100,0,0,0,16,0,44,52,2,40,3,135,27,0,0,3123,169,0,9,0,989,233,0,18,0,457,39,0,12,0,272,0,0,0,0,138,360,0,21,0,0,110,6,0,0,0,0,0,0,0
4,23,2,22,0,3,0,1.002513,1.010999,1.014914,22,3,709,100,100,0,0,0,40,44,0,30,3,40,3,69,18,0,0,3123,168,0,6,0,989,189,0,12,0,457,1,0,18,0,272,0,0,0,0,138,519,0,24,0,0,84,9,0,0,0,0,0,0,0
4,23,3,30,0,3,0,1.011566,0.991276,1.019,30,2,584,100,100,0,0,0,60,52,30,0,3,40,3,190,30,0,0,3123,17,0,10,0,989,238,0,20,0,457,1,0,24,0,272,0,0,0,0,138,419,0,34,0,0,120,12,0,0,0,0,0,0,0
4,24,0,24,0,5,0,1.016513,1.007737,1.001579,24,4,834,100,100,0,0,0,0,16,42,64,2,40,5,125,21,0,0,3043,183,0,7,0,989,225,0,14,0,472,0,0,14,0,272,0,0,0,0,237,582,0,21,0,0,54,7,0,0,0,0,0,0,0
4,24,1,23,0,5,0,1.011438,1.001604,1.013764,23,2,584,100,100,0,0,0,16,0,46,56,2,40,5,146,27,0,0,3043,175,0,9,0,989,242,0,18,0,472,44,0,12,0,272,0,0,0,0,237,342,0,21,0,0,116,6,0,0,0,0,0,0,0
4,24,2,21,0,5,0,1.001702,1.012815,1.01438,21,3,709,100,100,0,0,0,42,46,0,34,3,40,5,70,15,0,0,3043,172,0,5,0,989,194,0,10,0,472,0,0,16,0,272,0,0,0,0,237,516,0,21,0,0,92,8,0,0,0,0,0,0,0
4,24,3,28,0,5,0,1.019765,0.99015,1.014002,28,2,584,100,100,0,0,0,64,56,34,0,3,40,5,193,24,0,0,3043,19,0,8,0,989,246,0,16,0,472,1,0,24,0,272,0,0,0,0,237,414,0,32,0,0,132,12,0,0,0,0,0,0,0
4,25,0,23,0,5,0,1.013646,1.006452,0.999443,23,4,834,100,100,0,0,0,0,18,44,68,2,40,0,127,21,0,0,3047,199,0,7,0,1001,232,0,14,0,544,0,0,0,0,188,4,0,11,0,237,634,44,7,0,0,54,0,0,0,0,0,0,0,0
4,25,1,23,0,5,0,1.011438,1.001604,1.013764,23,2,584,100,100,0,0,0,18,0,48,60,2,40,0,157,27,0,0,3047,182,0,9,0,1001,251,0,18,0,544,32,0,12,0,188,18,0,6,0,237,348,24,21,0,0,122,6,0,0,0,0,0,0,0
4,25,2,18,0,5,0,0.998721,1.011751,1.014956,18,3,709,100,100,0,0,0,44,48,0,38,3,40,0,72,15,0,0,3047,177,0,5,0,1001,199,0,10,0,544,0,0,0,0,188,3,0,9,0,237,562,36,5,0,0,92,0,0,0,0,0,0,0,0
4,25,3,27,0,5,0,1.021605,0.994032,1.010131,27,2,584,100,100,0,0,0,68,60,38,0,3,40,0,197,24,0,0,3047,19,0,8,0,1001,254,0,16,0,544,1,0,0,0,188,13,0,11,0,237,474,44,8,0,0,132,0,0,0,0,0,0,0,0
4,26,0,23,1,1,0,1.013646,1.006452,0.999443,23,4,834,100,100,0,0,0,0,18,46,72,2,40,9,132,21,0,0,3096,168,0,7,0,1001,239,0,14,0,486,0,0,12,0,271,0,0,4,0,195,694,16,19,0,0,60,6,0,0,0,0,0,0,0
4,26,1,24,1,1,0,1.01126,0.994855,1.016072,23,2,584,100,100,0,0,0,18,0,50,64,2,40,9,171,27,0,0,3096,189,0,9,0,1001,260,0,18,0,486,38,0,12,0,271,13,0,6,0,195,354,24,21,0,0,128,6,0,0,0,0,0,0,0
4,26,2,17,1,1,0,1.000397,1.015015,1.014171,17,3,709,100,100,0,0,0,46,50,0,40,3,40,9,72,15,0,0,3096,185,0,5,0,1001,204,0,10,0,486,1,0,10,0,271,0,0,3,0,195,571,12,15,0,0,97,5,0,0,0,0,0,0,0
4,26,3,27,1,1,0,1.021605,0.994032,1.010131,27,3,709,100,100,0,0,0,72,64,40,0,3,40,9,203,24,0,0,3096,19,0,8,0,1001,262,0,16,0,486,0,0,18,0,271,2,0,11,0,195,499,44,43,0,0,124,9,17,0,0,0,0,0,0
4,27,0,22,2,1,0,1.016762,1.009157,0.997962,22,5,959,100,100,0,0,0,0,18,48,76,2,40,0,139,21,0,0,3080,177,0,7,0,1001,246,0,14,0,507,0,0,6,0,248,0,0,9,0,211,715,36,30,0,0,46,3,17,0,0,0,0,0,0
4,27,1,25,2,1,0,1.014382,0.995705,1.014783,23,2,584,100,100,0,0,0,18,0,52,68,2,40,0,183,27,0,0,3080,195,0,9,0,1001,269,0,18,0,507,36,0,14,0,248,15,0,7,0,211,363,28,25,0,0,134,7,1,0,0,1,1,0,0
4,27,2,17,2,1,0,1.000397,1.015015,1.014171,17,4,834,100,100,0,0,0,48,52,0,42,3,40,0,79,15,0,0,3080,162,0,5,0,1001,209,0,10,0,507,1,0,2,0,248,0,0,6,0,211,615,24,24,0,0,81,1,17,0,0,0,0,0,0
4,27,3,28,2,1,0,1.021385,0.996663,1.007825,27,3,709,100,100,0,0,0,76,68,42,0,3,40,0,209,24,0,0,3080,19,0,8,0,1001,270,0,16,0,507,1,0,16,0,248,0,0,2,0,211,507,8,24,0,0,132,8,0,0,0,0,0,0,0
4,28,0,21,1,5,0,1.016222,1.006139,0.994794,21,5,959,100,100,0,0,0,0,18,50,80,2,40,2,145,21,0,0,3118,177,0,7,0,995,253,0,14,0,497,0,0,8,0,265,0,0,0,0,201,725,0,15,0,0,50,4,0,0,0,0,0,0,0
4,28,1,24,1,5,0,1.018035,0.991509,1.012587,23,2,584,100,100,0,0,0,18,0,54,72,2,40,2,198,30,0,0,3118,159,0,10,0,995,279,0,20,0,497,40,0,14,0,265,8,0,7,0,201,390,28,26,0,0,140,7,1,0,0,1,1,0,0
4,28,2,17,1,5,0,0.993884,1.011805,1.008702,16,4,834,100,100,0,0,0,50,54,0,44,3,40,2,84,15,0,0,3118,158,0,5,0,995,214,0,10,0,497,1,0,6,0,265,0,0,0,0,201,629,0,11,0,0,84,3,0,0,0,0,0,0,0
4,28,3,26,1,5,0,1.018302,0.993822,1.008194,25,3,709,100,100,0,0,0,80,72,44,0,3,40,2,222,27,0,0,3118,18,0,9,0,995,279,0,18,0,497,0,0,16,0,265,0,0,3,0,201,516,12,27,0,0,139,8,1,0,0,1,1,0,0
4,29,0,21,0,2,0,1.016222,1.006139,0.994794,21,5,959,100,100,0,0,0,0,18,52,84,2,40,1,154,21,0,0,3056,188,0,7,0,992,260,0,14,0,490,1,0,8,0,267,0,0,2,0,243,733,8,15,0,0,54,4,0,0,0,0,0,0,0
4,29,1,24,0,2,0,1.018035,0.991509,1.012587,24,2,584,100,100,0,0,0,18,0,54,74,2,40,1,213,30,0,0,3056,164,0,10,0,992,289,0,20,0,490,47,0,14,0,267,1,0,7,0,243,400,28,24,0,0,147,7,0,0,0,0,0,0,0
4,29,2,16,0,2,0,0.991744,1.00801,1.005216,15,4,834,100,100,0,0,0,52,54,0,46,3,40,1,94,18,0,0,3056,166,0,6,0,992,220,0,12,0,490,1,0,6,0,267,0,0,0,0,243,627,0,14,0,0,86,3,1,0,0,1,1,0,0
4,29,3,25,0,2,0,1.022029,0.993656,1.007973,25,3,709,100,100,0,0,0,84,74,46,0,3,40,1,229,27,0,0,3056,18,0,9,0,992,288,0,18,0,490,1,0,14,0,267,0,0,0,0,243,517,0,23,0,0,146,7,0,0,0,0,0,0,0
4,30,0,21,1,10,0,1.017337,1.005587,0.998303,20,5,959,100,100,0,0,0,0,18,54,88,2,40,2,161,21,0,0,3097,159,0,7,0,992,267,0,14,0,508,0,0,10,0,256,0,0,0,0,205,769,0,17,0,0,59,5,0,0,0,0,0,0,0
4,30,1,22,1,10,0,1.014616,0.987374,1.009773,22,2,584,100,100,0,0,0,18,0,56,78,2,40,2,231,30,0,0,3097,169,0,10,0,992,299,0,20,0,508,48,0,14,0,256,0,0,1,0,205,386,4,24,0,0,154,7,0,0,0,0,0,0,0
4,30,2,14,1,10,0,0.986749,0.999703,1.006459,14,4,834,100,100,0,0,0,54,56,0,48,3,40,2,103,18,0,0,3097,175,0,6,0,992,226,0,12,0,508,1,0,6,0,256,0,0,0,0,205,621,0,12,0,0,89,3,0,0,0,0,0,0,0
4,30,3,20,1,10,0,1.025625,0.987616,1.008621,20,3,709,100,100,0,0,0,88,78,48,0,3,40,2,240,27,0,0,3097,18,0,9,0,992,297,0,18,0,508,1,0,6,0,256,0,0,6,0,205,538,24,15,0,0,149,3,0,0,0,0,0,0,0
4,31,0,21,0,0,0,1.017337,1.005587,0.998303,20,5,959,100,100,0,0,0,0,18,56,92,2,40,5,173,24,0,0,3062,169,0,8,0,989,275,0,16,0,522,0,0,4,0,261,0,0,2,0,261,778,8,14,0,0,60,2,1,0,0,1,1,0,0
4,31,1,22,0,0,0,1.014616,0.987374,1.009773,22,2,584,100,100,0,0,0,18,0,58,82,2,40,5,246,30,0,0,3062,176,0,10,0,989,309,0,20,0,522,40,0,14,0,261,0,0,3,0,261,380,12,24,0,0,161,7,0,0,0,0,0,0,0
4,31,2,14,0,0,0,0.986749,0.999703,1.006459,14,4,834,100,100,0,0,0,56,58,0,50,3,40,5,112,18,0,0,3062,186,0,6,0,989,232,0,12,0,522,1,0,4,0,261,0,0,2,0,261,625,8,10,0,0,91,2,0,0,0,0,0,0,0
4,31,3,20,0,0,0,1.025625,0.987616,1.008621,20,3,709,100,100,0,0,0,92,82,50,0,3,40,5,257,27,0,0,3062,18,0,9,0,989,306,0,18,0,522,1,0,8,0,261,0,0,4,0,261,549,16,17,0,0,153,4,0,0,0,0,0,0,0
4,32,0,21,1,3,0,1.017337,1.005587,0.998303,21,5,959,100,100,0,0,0,0,18,58,94,2,40,7,186,24,0,0,3094,179,0,8,0,1014,279,0,16,0,535,1,0,2,0,245,0,0,3,0,229,795,12,10,0,0,61,1,0,0,0,0,0,0,0
4,32,1,22,1,3,0,1.014616,0.987374,1.009773,22,2,584,100,100,0,0,0,18,0,58,84,2,40,7,264,30,0,0,3094,183,0,10,0,1014,313,0,20,0,535,30,0,14,0,245,2,0,7,0,229,390,28,24,0,0,168,7,0,0,0,0,0,0,0
4,32,2,14,1,3,0,0.986749,0.999703,1.006459,14,4,834,100,100,0,0,0,58,58,0,52,3,40,7,122,18,0,0,3094,165,0,6,0,1014,232,0,12,0,535,1,0,0,0,245,0,0,6,0,229,681,24,6,0,0,91,0,0,0,0,0,0,0,0
4,32,3,18,1,3,0,1.033667,0.976917,1.012662,17,3,709,100,100,0,0,0,94,84,52,0,3,40,7,264,21,0,0,3094,12,0,7,0,1014,304,0,14,0,535,1,0,2,0,245,3,0,6,0,229,576,24,9,0,0,154,1,0,0,0,0,0,0,0
4,33,0,20,0,3,0,1.02057,1.004888,0.998452,20,5,959,100,100,0,0,0,0,18,60,98,2,40,2,199,24,0,0,3066,189,0,8,0,995,287,0,16,0,518,0,0,6,0,256,0,0,4,0,258,809,16,14,0,0,64,3,0,0,0,0,0,0,0
4,33,1,21,0,3,0,1.009967,0.982747,1.012498,21,2,584,100,100,0,0,0,18,0,60,88,2,40,2,278,27,0,0,3066,191,0,9,0,995,322,0,18,0,518,25,0,14,0,256,1,0,7,0,258,401,28,23,0,0,175,7,0,0,0,0,0,0,0
4,33,2,14,0,3,0,0.986749,0.999703,1.006459,14,4,834,100,100,0,0,0,60,60,0,54,3,40,2,136,18,0,0,3066,176,0,6,0,995,238,0,12,0,518,1,0,6,0,256,0,0,0,0,258,675,0,12,0,0,94,3,0,0,0,0,0,0,0
4,33,3,17,0,3,0,1.0343,0.977792,1.007915,16,4,834,100,100,0,0,0,98,88,54,0,3,40,2,276,21,0,0,3066,12,0,7,0,995,311,0,14,0,518,0,0,6,0,256,0,0,7,0,258,587,28,32,0,0,139,3,18,0,0,1,1,0,0
4,34,0,19,0,1,0,1.018289,1.004182,0.996842,19,6,1084,100,100,0,0,0,0,20,62,100,3,40,4,209,21,0,0,3147,161,0,7,0,998,294,0,14,0,531,1,0,2,0,246,0,0,6,0,238,832,24,26,0,0,48,1,17,0,0,0,0,0,0
4,34,1,21,0,1,0,1.009967,0.982747,1.012498,21,2,584,100,100,0,0,0,20,0,62,92,3,40,4,294,27,0,0,3147,160,0,9,0,998,331,0,18,0,531,16,0,14,0,246,4,0,7,0,238,431,28,23,0,0,182,7,0,0,0,0,0,0,0
4,34,2,14,0,1,0,0.986749,0.999703,1.006459,14,4,834,100,100,0,0,0,62,62,0,56,3,40,4,147,18,0,0,3147,187,0,6,0,998,244,0,12,0,531,1,0,2,0,246,0,0,4,0,238,683,16,8,0,0,95,1,0,0,0,0,0,0,0
4,34,3,17,0,1,0,1.0343,0.977792,1.007915,17,4,834,100,100,0,0,0,100,92,56,0,3,40,4,290,21,0,0,3147,12,0,7,0,998,318,0,14,0,531,1,0,2,0,246,0,0,6,0,238,614,24,9,0,0,140,1,0,0,0,0,0,0,0
4,35,0,20,2,1,0,1.020625,0.999332,0.99938,19,6,1084,100,100,0,0,0,0,22,64,100,3,40,4,219,21,0,0,3099,174,0,7,0,1019,298,0,14,0,507,0,0,8,0,272,0,0,0,0,229,829,0,15,0,0,52,4,0,0,0,0,0,0,0
4,35,1,20,2,1,0,1.011692,0.98458,1.013553,20,2,584,100,100,0,0,0,22,0,64,96,3,40,4,309,27,0,0,3099,169,0,9,0,1019,331,0,18,0,507,19,0,12,0,272,0,0,4,0,229,429,16,21,0,0,188,6,0,0,0,0,0,0,0
4,35,2,15,2,1,0,0.989278,0.997618,1.005866,14,5,959,100,100,0,0,0,64,64,0,60,3,40,4,161,18,0,0,3099,166,0,6,0,1019,247,0,12,0,507,1,0,6,0,272,0,0,0,0,229,692,0,29,0,0,81,3,17,0,0,0,0,0,0
4,35,3,17,2,1,0,1.0343,0.977792,1.007915,17,4,834,100,100,0,0,0,100,96,60,0,3,40,4,303,21,0,0,3099,12,0,7,0,1019,322,0,14,0,507,0,0,10,0,272,0,0,0,0,229,612,0,17,0,0,145,5,0,0,0,0,0,0,0
4,36,0,20,0,1,0,1.020625,0.999332,0.99938,19,6,1084,100,100,0,0,0,0,22,66,100,3,40,2,229,21,0,0,3067,186,0,7,0,1001,305,0,14,0,533,0,0,0,0,252,0,0,5,0,261,855,20,9,0,0,51,0,1,0,0,1,1,0,0
4,36,1,19,0,1,0,1.015198,0.986561,1.01258,19,2,584,100,100,0,0,0,22,0,66,98,3,40,2,326,27,0,0,3067,171,0,9,0,1001,340,0,18,0,533,14,0,10,0,252,1,0,5,0,261,433,20,19,0,0,193,5,0,0,0,0,0,0,0
4,36,2,15,0,1,0,0.989278,0.997618,1.005866,14,5,959,100,100,0,0,0,66,66,0,62,3,40,2,172,18,0,0,3067,176,0,6,0,1001,253,0,12,0,533,0,0,4,0,252,0,0,4,0,261,702,16,12,0,0,82,2,1,0,0,1,1,0,0
4,36,3,17,0,1,0,1.0343,0.977792,1.007915,17,4,834,100,100,0,0,0,100,98,62,0,3,40,2,318,21,0,0,3067,12,0,7,0,1001,329,0,14,0,533,1,0,2,0,252,0,0,5,0,261,638,20,9,0,0,146,1,0,0,0,0,0,0,0
4,37,0,20,0,0,0,1.020625,0.999332,0.99938,20,6,1084,100,100,0,0,0,0,22,68,100,3,40,11,238,21,0,0,3075,198,0,7,0,1001,312,0,14,0,505,0,0,8,0,272,0,0,0,0,261,855,0,15,0,0,55,4,0,0,0,0,0,0,0
4,37,1,19,0,0,0,1.015198,0.986561,1.01258,19,2,584,100,100,0,0,0,22,0,68,100,3,40,11,343,27,0,0,3075,174,0,9,0,1001,349,0,18,0,505,18,0,10,0,272,0,0,1,0,261,421,4,19,0,0,198,5,0,0,0,0,0,0,0
4,37,2,15,0,0,0,0.989278,0.997618,1.005866,15,5,959,100,100,0,0,0,68,68,0,64,3,40,11,181,18,0,0,3075,186,0,6,0,1001,259,0,12,0,505,0,0,8,0,272,0,0,0,0,261,694,0,14,0,0,86,4,0,0,0,0,0,0,0
4,37,3,17,0,0,0,1.0343,0.977792,1.007915,17,4,834,100,100,0,0,0,100,100,64,0,3,40,11,328,21,0,0,3075,12,0,7,0,1001,336,0,14,0,505,0,0,10,0,272,0,0,0,0,261,636,0,17,0,0,151,5,0,0,0,0,0,0,0
4,38,0,19,1,2,0,1.020248,1.003511,0.995718,19,7,1209,100,100,0,0,0,0,24,70,100,3,40,1,246,18,0,0,3147,171,0,6,0,1001,318,0,12,0,538,0,0,0,0,236,0,0,9,0,205,916,36,23,0,0,38,0,17,0,0,0,0,0,0
4,38,1,19,1,2,0,1.015198,0.986561,1.01258,19,2,584,100,100,0,0,0,24,0,70,100,3,40,1,361,27,0,0,3147,177,0,9,0,1001,358,0,18,0,538,8,0,10,0,236,10,0,5,0,205,425,20,19,0,0,203,5,0,0,0,0,0,0,0
4,38,2,16,1,2,0,0.982051,0.993743,1.009845,15,5,959,100,100,0,0,0,70,70,0,66,3,40,1,191,18,0,0,3147,164,0,6,0,1001,265,0,12,0,538,1,0,2,0,236,0,0,6,0,205,739,24,8,0,0,87,1,0,0,0,0,0,0,0
4,38,3,16,1,2,0,1.033639,0.983016,1.007143,16,4,834,100,100,0,0,0,100,100,66,0,3,40,1,339,21,0,0,3147,12,0,7,0,1001,343,0,14,0,538,1,0,2,0,236,0,0,3,0,205,654,12,9,0,0,152,1,0,0,0,0,0,0,0
4,39,0,20,2,1,0,1.019035,1.009419,0.994384,19,7,1209,100,100,0,0,0,0,24,72,100,3,40,1,255,18,0,0,3076,185,0,6,0,1004,324,0,12,0,536,0,0,2,0,242,0,0,6,0,258,947,24,8,0,0,39,1,0,0,0,0,0,0,0
4,39,1,18,2,1,0,1.013549,0.991692,1.012153,18,2,584,100,100,0,0,0,24,0,72,100,3,40,1,379,27,0,0,3076,180,0,9,0,1004,367,0,18,0,536,0,0,8,0,242,17,0,5,0,258,431,20,17,0,0,207,4,0,0,0,0,0,0,0
4,39,2,17,2,1,0,0.98608,0.991638,1.007758,15,5,959,100,100,0,0,0,72,72,0,68,3,40,1,201,18,0,0,3076,173,0,6,0,1004,271,0,12,0,536,0,0,4,0,242,0,0,6,0,258,760,24,12,0,0,88,2,1,0,0,1,1,0,0
4,39,3,16,2,1,0,1.033639,0.983016,1.007143,16,4,834,100,100,0,0,0,100,100,68,0,3,40,1,351,21,0,0,3076,12,0,7,0,1004,350,0,14,0,536,0,0,4,0,242,0,0,3,0,258,670,12,11,0,0,154,2,0,0,0,0,0,0,0
4,40,0,18,0,4,0,1.015822,1.011216,0.991287,17,7,1209,100,100,0,0,0,0,24,74,100,3,40,6,262,18,0,0,3068,206,0,6,0,1001,330,0,12,0,511,1,0,8,0,271,0,0,0,0,258,940,0,16,0,0,42,4,1,0,0,1,1,0,0
4,40,1,18,0,4,0,1.013549,0.991692,1.012153,18,2,584,100,100,0,0,0,24,0,74,100,3,40,6,396,27,0,0,3068,184,0,9,0,1001,376,0,18,0,511,2,0,10,0,271,12,0,5,0,258,435,20,19,0,0,212,5,0,0,0,0,0,0,0
4,40,2,17,0,4,0,0.98608,0.991638,1.007758,16,5,959,100,100,0,0,0,74,74,0,72,3,40,6,213,21,0,0,3068,180,0,7,0,1001,278,0,14,0,511,0,0,6,0,271,0,0,1,0,258,758,4,15,0,0,90,3,1,0,0,1,1,0,0
4,40,3,14,0,4,0,1.039475,0.9894,1.002521,14,4,834,100,100,0,0,0,100,100,72,0,3,40,6,364,21,0,0,3068,12,0,7,0,1001,357,0,14,0,511,0,0,6,0,271,0,0,0,0,258,666,0,13,0,0,157,3,0,0,0,0,0,0,0
0,1,0,49,0,4,0,1.001085,0.996073,0.996852,0,0,334,100,100,0,0,0,0,0,2,2,0,40,0,47,39,0,0,2824,200,0,13,0,932,63,0,26,0,406,19,0,48,0,272,1,0,24,0,200,109,96,79,0,0,15,24,9,0,0,9,9,0,0
0,1,1,49,0,4,0,0.999983,0.997045,0.994506,0,0,334,100,100,0,0,0,0,0,2,2,0,40,0,46,39,0,0,2824,200,0,13,0,932,63,0,26,0,406,16,0,48,0,272,1,0,24,0,200,109,96,79,0,0,15,24,9,0,0,9,9,0,0
0,1,2,50,0,4,0,1.00036,0.995079,0.994995,0,0,334,100,100,0,0,0,2,2,0,0,0,40,0,47,39,0,0,2824,197,0,13,0,932,63,0,26,0,406,22,0,48,0,272,1,0,24,0,200,109,96,79,0,0,15,24,9,0,0,9,9,0,0
0,1,3,48,0,4,0,0.999155,0.995129,0.99505,0,0,334,100,100,0,0,0,2,2,0,0,0,40,0,47,39,0,0,2824,179,0,13,0,932,63,0,26,0,406,26,0,44,0,272,3,0,22,0,200,105,88,75,0,0,13,22,9,0,0,9,9,0,0
0,2,0,47,1,13,0,1.000974,0.995375,0.997288,9,0,334,100,100,0,0,0,0,0,4,4,0,40,0,48,39,0,0,2840,226,0,13,0,935,76,0,26,0,466,0,0,40,0,229,0,0,14,0,156,127,56,71,0,0,26,20,9,0,0,9,9,0,0
0,2,1,45,1,13,0,1.00157,0.993589,0.997856,8,0,334,100,100,0,0,0,0,0,4,4,0,40,0,43,36,0,0,2840,235,0,12,0,935,75,0,24,0,466,0,0,40,0,229,0,0,3,0,156,78,12,70,0,0,26,20,9,0,0,9,9,0,0
0,2,2,46,1,13,0,0.998929,0.99595,0.994766,9,0,334,100,100,0,0,0,4,4,0,0,0,40,0,47,39,0,0,2840,214,0,13,0,935,76,0,26,0,466,0,0,40,0,229,0,0,13,0,156,120,52,71,0,0,26,20,9,0,0,9,9,0,0
0,2,3,46,1,13,0,0.998601,1.000518,0.999144,8,0,334,100,100,0,0,0,4,4,0,0,0,40,0,41,33,0,0,2840,200,0,11,0,935,74,0,22,0,466,0,0,38,0,229,0,0,19,0,156,150,76,67,0,0,23,19,9,0,0,9,9,0,0
0,3,0,46,0,3,0,1.001298,0.992751,0.999003,18,0,334,100,100,0,0,0,0,0,6,4,0,40,0,49,39,0,0,3128,166,0,13,0,941,89,0,26,0,443,1,0,26,0,243,0,0,4,0,289,86,16,57,0,0,30,13,9,0,0,9,9,0,0
0,3,1,45,0,3,0,1.00157,0.993589,0.997856,17,0,334,100,100,0,0,0,0,0,6,6,0,40,0,43,36,0,0,3128,178,0,12,0,941,87,0,24,0,443,0,0,24,0,243,0,0,8,0,289,64,32,54,0,0,29,12,9,0,0,9,9,0,0
0,3,2,46,0,3,0,0.998929,0.99595,0.994766,18,0,334,100,100,0,0,0,6,6,0,0,0,40,0,49,39,0,0,3128,155,0,13,0,941,89,0,26,0,443,0,0,22,0,243,0,0,10,0,289,107,40,53,0,0,28,11,9,0,0,9,9,0,0
0,3,3,44,0,3,0,0.997649,0.998245,0.997077,17,0,334,100,100,0,0,0,4,6,0,0,0,40,0,39,33,0,0,3128,215,0,11,0,941,85,0,22,0,443,1,0,24,0,243,0,0,7,0,289,128,28,53,0,0,26,12,9,0,0,9,9,0,0
0,4,0,45,0,7,0,1.000066,0.992405,0.998967,26,0,334,100,100,0,0,0,0,0,8,6,0,40,0,53,39,0,0,2936,195,0,13,0,941,102,0,26,0,424,0,0,28,0,260,0,0,2,0,135,65,8,59,0,0,35,14,9,0,0,9,9,0,0
0,4,1,44,0,7,0,1.001785,0.993757,0.99671,26,0,334,100,100,0,0,0,0,0,8,8,0,40,0,43,36,0,0,2936,217,0,12,0,941,99,0,24,0,424,0,0,30,0,260,0,0,2,0,135,38,8,58,0,0,36,15,8,0,0,8,8,0,0
0,4,2,42,0,7,0,0.999486,0.993504,0.991323,23,0,334,100,100,0,0,0,8,8,0,0,0,40,0,52,39,0,0,2936,160,0,13,0,941,102,0,26,0,424,0,0,24,0,260,0,0,7,0,135,110,28,55,0,0,31,12,9,0,0,9,9,0,0
0,4,3,43,0,7,0,0.997778,0.998525,0.995886,26,0,334,100,100,0,0,0,6,8,0,0,0,40,0,38,33,0,0,2936,160,0,11,0,941,96,0,22,0,424,0,0,34,0,260,0,0,1,0,135,144,4,63,0,0,34,17,9,0,0,9,9,0,0
0,5,0,43,0,7,0,0.997607,0.992103,0.999847,33,0,334,100,100,0,0,0,0,0,10,8,0,40,3,49,36,0,0,2984,226,0,12,0,941,114,0,24,0,483,1,0,10,0,245,0,0,7,0,121,91,28,32,0,0,35,5,5,0,0,5,5,0,0
0,5,1,42,0,7,0,1.000308,0.994802,0.999714,32,0,334,100,100,0,0,0,0,0,10,10,0,40,3,43,36,0,0,2984,161,0,12,0,941,111,0,24,0,483,1,0,16,0,245,0,0,2,0,121,86,8,38,0,0,39,8,5,0,0,5,5,0,0
0,5,2,40,0,7,0,0.997586,0.990342,0.992156,30,0,334,100,100,0,0,0,10,10,0,0,0,40,3,57,39,0,0,2984,169,0,13,0,941,115,0,26,0,483,0,0,10,0,245,0,0,8,0,121,139,32,33,0,0,31,5,5,0,0,5,5,0,0
0,5,3,42,0,7,0,0.995666,0.997652,0.994837,34,0,334,100,100,0,0,0,8,10,0,0,0,40,3,40,33,0,0,2984,170,0,11,0,941,107,0,22,0,483,1,0,8,0,245,0,0,10,0,121,198,40,27,0,0,34,4,4,0,0,4,4,0,0
0,6,0,25,0,28,0,1.002914,0.994469,1.000667,22,0,334,100,100,0,0,0,0,2,12,10,0,40,0,50,36,0,0,2968,171,0,12,0,944,126,0,24,0,543,1,0,0,0,156,27,0,3,0,163,96,12,16,0,0,33,0,2,0,0,2,2,0,0
0,6,1,37,0,28,0,0.998061,0.993895,1.005319,32,0,334,100,100,0,0,0,2,0,12,12,0,40,0,44,36,0,0,2968,195,0,12,0,944,123,0,24,0,543,0,0,2,0,156,3,0,17,0,163,152,68,20,0,0,37,1,3,0,0,3,3,0,0
0,6,2,36,0,28,0,0.997485,0.988868,0.99202,32,0,334,100,100,0,0,0,12,12,0,2,0,40,0,65,39,0,0,2968,172,0,13,0,944,128,0,26,0,543,0,0,0,0,156,9,0,15,0,163,206,60,17,0,0,29,0,2,0,0,2,2,0,0
0,6,3,41,0,28,0,0.993265,0.995595,0.994618,37,1,459,100,100,0,0,0,10,12,2,0,0,40,0,40,33,0,0,2968,189,0,11,0,944,118,0,22,0,543,1,0,0,0,156,14,0,19,0,163,272,76,32,0,0,15,0,19,0,0,2,2,0,0
0,7,0,25,1,6,0,1.002914,0.994469,1.000667,24,0,334,100,100,0,0,0,0,4,14,12,0,40,6,69,36,0,0,2984,134,0,12,0,1037,118,0,24,0,474,15,0,6,0,237,34,0,3,0,219,97,12,20,0,0,35,3,1,0,0,1,1,0,0
0,7,1,35,1,6,0,0.997296,0.990328,1.006677,33,0,334,100,100,0,0,0,4,0,14,14,0,40,6,52,36,0,0,2984,226,0,12,0,1037,117,0,24,0,474,0,0,16,0,237,0,0,11,0,219,181,44,30,0,0,44,8,1,0,0,1,1,0,0
0,7,2,34,1,6,0,0.998021,0.990399,0.996472,31,0,334,100,100,0,0,0,14,14,0,4,0,40,6,76,39,0,0,2984,179,0,13,0,1037,116,0,26,0,474,0,0,16,0,237,5,0,12,0,219,238,48,31,0,0,36,8,1,0,0,1,1,0,0
0,7,3,40,1,6,0,0.990958,0.997159,0.991888,39,1,459,100,100,0,0,0,12,14,4,0,0,40,6,42,33,0,0,2984,209,0,11,0,1037,99,0,22,0,474,1,0,18,0,237,4,0,19,0,219,347,76,31,0,0,23,9,1,0,0,1,1,0,0
0,8,0,24,1,1,0,1.001228,0.9939,1.001668,24,0,334,100,100,0,0,0,0,4,16,14,0,40,1,86,33,0,0,3144,98,0,11,0,941,129,0,22,0,496,24,0,6,0,271,31,0,3,0,126,101,12,17,0,0,38,3,0,0,0,0,0,0,0
0,8,1,36,1,1,0,0.997092,0.990031,1.005509,34,0,334,100,100,0,0,0,4,0,16,14,0,40,1,62,36,0,0,3144,179,0,12,0,941,129,0,24,0,496,0,0,12,0,271,0,0,1,0,126,234,4,26,0,0,49,6,1,0,0,1,1,0,0
0,8,2,34,1,1,0,0.998021,0.990399,0.996472,32,0,334,100,100,0,0,0,16,16,0,4,0,40,1,91,42,0,0,3144,187,0,14,0,941,130,0,28,0,496,0,0,10,0,271,0,0,5,0,126,247,20,26,0,0,40,5,1,0,0,1,1,0,0
0,8,3,40,1,1,0,0.990958,0.997159,0.991888,40,2,584,100,100,0,0,0,14,14,4,0,0,40,1,44,33,0,0,3144,158,0,11,0,941,110,0,22,0,496,0,0,12,0,271,0,0,4,0,126,398,16,40,0,0,12,6,17,0,0,0,0,0,0
0,9,0,24,1,3,0,1.001228,0.9939,1.001668,24,0,334,100,100,0,0,0,0,4,18,16,0,40,0,103,33,0,0,2992,63,0,11,0,941,140,0,22,0,463,48,0,6,0,248,28,0,3,0,231,105,12,17,0,0,41,3,0,0,0,0,0,0,0
0,9,1,34,1,3,0,0.994514,0.990582,1.004923,33,0,334,100,100,0,0,0,4,0,18,16,0,40,0,67,33,0,0,2992,212,0,11,0,941,140,0,22,0,463,0,0,12,0,248,0,0,10,0,231,264,40,25,0,0,54,6,1,0,0,1,1,0,0
0,9,2,34,1,3,0,0.995771,0.991781,0.99317,32,0,334,100,100,0,0,0,18,18,0,4,0,40,0,109,42,0,0,2992,195,0,14,0,941,144,0,28,0,463,1,0,14,0,248,0,0,5,0,231,252,20,30,0,0,46,7,1,0,0,1,1,0,0
0,9,3,40,1,3,0,0.990958,0.997159,0.991888,40,2,584,100,100,0,0,0,16,16,4,0,0,40,0,43,33,0,0,2992,179,0,11,0,941,121,0,22,0,463,1,0,20,0,248,0,0,9,0,231,433,36,31,0,0,22,10,0,0,0,0,0,0,0
0,10,0,23,2,13,0,0.999445,0.985785,1.001916,22,0,334,100,100,0,0,0,0,6,22,20,2,40,2,120,33,0,0,3072,31,0,11,0,947,151,0,22,0,527,47,0,6,0,213,40,0,3,0,168,109,12,17,0,0,44,3,0,0,0,0,0,0,0
0,10,1,33,2,13,0,0.993654,0.988329,1.007783,32,1,459,100,100,0,0,0,6,0,20,18,1,40,2,76,33,0,0,3072,166,0,11,0,947,151,0,22,0,527,0,0,2,0,213,0,0,8,0,168,306,32,30,0,0,38,1,17,0,0,0,0,0,0
0,10,2,33,2,13,0,0.996709,0.993158,0.995873,32,1,459,100,100,0,0,0,22,20,0,4,2,40,2,125,42,0,0,3072,202,0,14,0,947,158,0,28,0,527,1,0,0,0,213,0,0,13,0,168,289,52,33,0,0,28,0,18,0,0,1,1,0,0
0,10,3,32,2,13,0,1.000014,0.987901,0.995239,32,3,709,100,100,0,0,0,20,18,4,0,1,40,2,41,27,0,0,3072,193,0,9,0,947,130,0,18,0,527,1,0,0,0,213,0,0,13,0,168,489,52,26,0,0,5,0,17,0,0,0,0,0,0
0,11,0,23,2,0,0,0.999445,0.985785,1.001916,22,0,334,100,100,0,0,0,0,10,26,24,2,40,0,138,33,0,0,3048,8,0,11,0,953,162,0,22,0,469,63,0,8,0,272,36,0,4,0,169,113,16,21,0,0,47,4,1,0,0,1,1,0,0
0,11,1,34,2,0,0,0.993485,0.989009,1.00746,32,1,459,100,100,0,0,0,10,0,22,20,2,40,0,84,33,0,0,3048,201,0,11,0,953,162,0,22,0,469,0,0,18,0,272,0,0,0,0,169,293,0,31,0,0,46,9,1,0,0,1,1,0,0
0,11,2,33,2,0,0,0.996709,0.993158,0.995873,33,1,459,100,100,0,0,0,26,22,0,4,2,40,0,144,42,0,0,3048,154,0,14,0,953,172,0,28,0,469,1,0,18,0,272,0,0,0,0,169,331,0,32,0,0,37,9,0,0,0,0,0,0,0
0,11,3,33,2,0,0,1.003416,0.989078,0.994695,32,3,709,100,100,0,0,0,24,20,4,0,2,40,0,46,27,0,0,3048,215,0,9,0,953,139,0,18,0,469,0,0,16,0,272,0,0,0,0,169,494,0,25,0,0,13,8,0,0,0,0,0,0,0
0,12,0,21,0,14,0,0.997827,0.987727,1.004513,21,0,334,100,100,0,0,0,0,12,30,28,2,40,2,146,24,0,0,3121,3,0,8,0,953,176,0,16,0,508,78,0,6,0,237,33,0,3,0,155,117,12,14,0,0,50,3,0,0,0,0,0,0,0
0,12,1,24,0,14,0,0.990672,0.990725,1.009446,23,1,459,100,100,0,0,0,12,0,24,22,2,40,2,89,33,0,0,3121,155,0,11,0,953,173,0,22,0,508,0,0,6,0,237,1,0,7,0,155,326,28,19,0,0,48,3,1,0,0,1,1,0,0
0,12,2,31,0,14,0,0.996791,0.991292,0.996257,31,1,459,100,100,0,0,0,30,24,0,4,2,40,2,167,42,0,0,3121,154,0,14,0,953,186,0,28,0,508,1,0,0,0,237,7,0,11,0,155,376,44,14,0,0,37,0,0,0,0,0,0,0,0
0,12,3,33,0,14,0,1.003416,0.989078,0.994695,32,3,709,100,100,0,0,0,28,22,4,0,2,40,2,50,27,0,0,3121,172,0,9,0,953,148,0,18,0,508,1,0,8,0,237,0,0,6,0,155,546,24,19,0,0,16,4,1,0,0,1,1,0,0
0,13,0,21,0,1,0,0.997827,0.987727,1.004513,21,0,334,100,100,0,0,0,0,14,34,30,2,40,2,155,24,0,0,3046,3,0,8,0,956,190,0,16,0,486,87,0,6,0,255,39,0,3,0,234,121,12,14,0,0,53,3,0,0,0,0,0,0,0
0,13,1,24,0,1,0,0.990672,0.990725,1.009446,24,1,459,100,100,0,0,0,14,0,26,24,2,40,2,105,33,0,0,3046,135,0,11,0,956,184,0,22,0,486,4,0,14,0,255,0,0,1,0,234,320,4,25,0,0,55,7,0,0,0,0,0,0,0
0,13,2,31,0,1,0,0.996791,0.991292,0.996257,31,2,584,100,100,0,0,0,34,26,0,4,2,40,2,190,42,0,0,3046,156,0,14,0,956,200,0,28,0,486,1,0,16,0,255,0,0,9,0,234,380,36,47,0,0,28,8,17,0,0,0,0,0,0
0,13,3,32,0,1,0,1.00187,0.989948,0.995707,32,3,709,100,100,0,0,0,30,24,4,0,2,40,2,53,27,0,0,3046,185,0,9,0,956,157,0,18,0,486,0,0,10,0,255,0,0,6,0,234,581,24,19,0,0,21,5,0,0,0,0,0,0,0
0,14,0,21,1,1,0,0.997827,0.987727,1.004513,21,0,334,100,100,0,0,0,0,16,38,34,2,40,3,166,24,0,0,3054,3,0,8,0,956,204,0,16,0,543,81,0,6,0,237,49,0,3,0,234,125,12,14,0,0,56,3,0,0,0,0,0,0,0
0,14,1,24,1,1,0,0.990672,0.990725,1.009446,24,1,459,100,100,0,0,0,16,0,28,26,2,40,3,124,33,0,0,3054,115,0,11,0,956,195,0,22,0,543,0,0,4,0,237,0,0,7,0,234,348,28,15,0,0,57,2,0,0,0,0,0,0,0
0,14,2,30,1,1,0,0.993211,0.991776,0.995497,30,2,584,100,100,0,0,0,38,28,0,6,2,40,3,207,39,0,0,3054,159,0,13,0,956,213,0,26,0,543,1,0,0,0,237,0,0,8,0,234,414,32,13,0,0,28,0,0,0,0,0,0,0,0
0,14,3,33,1,1,0,1.003299,0.988317,0.99822,32,4,834,100,100,0,0,0,34,26,6,0,2,40,3,58,27,0,0,3054,199,0,9,0,956,166,0,18,0,543,1,0,0,0,237,0,0,7,0,234,613,28,26,0,0,4,0,17,0,0,0,0,0,0
0,15,0,19,0,16,0,0.992387,0.985404,1.005382,19,0,334,100,100,0,0,0,0,18,42,38,2,40,0,178,24,0,0,3054,3,0,8,0,959,215,0,16,0,503,87,0,6,0,246,51,0,3,0,234,129,12,14,0,0,59,3,0,0,0,0,0,0,0
0,15,1,20,0,16,0,0.992117,0.97899,1.01224,20,1,459,100,100,0,0,0,18,0,30,28,2,40,0,145,33,0,0,3054,95,0,11,0,959,206,0,22,0,503,0,0,6,0,246,0,0,0,0,234,346,0,17,0,0,60,3,0,0,0,0,0,0,0
0,15,2,28,0,16,0,0.994036,0.985296,0.997671,28,2,584,100,100,0,0,0,42,30,0,6,2,40,0,225,39,0,0,3054,163,0,13,0,959,226,0,26,0,503,0,0,4,0,246,0,0,7,0,234,440,28,17,0,0,30,2,0,0,0,0,0,0,0
0,15,3,25,0,16,0,1.001273,0.984392,0.991572,24,4,834,100,100,0,0,0,38,28,6,0,2,40,0,41,9,0,0,3054,218,0,3,0,959,169,0,6,0,503,0,0,4,0,246,0,0,14,0,234,687,56,9,0,0,5,2,1,0,0,1,1,0,0
0,16,0,19,1,1,0,0.992387,0.985404,1.005382,19,0,334,100,100,0,0,0,0,20,46,40,3,40,8,189,24,0,0,3112,3,0,8,0,989,223,0,16,0,488,102,0,6,0,272,48,0,3,0,213,133,12,14,0,0,62,3,0,0,0,0,0,0,0
0,16,1,20,1,1,0,0.992117,0.97899,1.01224,20,1,459,100,100,0,0,0,20,0,32,32,3,40,8,165,33,0,0,3112,79,0,11,0,989,214,0,22,0,488,1,0,4,0,272,0,0,0,0,213,346,0,15,0,0,62,2,0,0,0,0,0,0,0
0,16,2,29,1,1,0,0.99732,0.986361,0.998237,28,2,584,100,100,0,0,0,46,32,0,10,2,40,8,242,39,0,0,3112,169,0,13,0,989,236,0,26,0,488,0,0,12,0,272,0,0,0,0,213,430,0,25,0,0,36,6,0,0,0,0,0,0,0
0,16,3,24,1,1,0,1.001399,0.982452,0.994371,24,4,834,100,100,0,0,0,40,32,10,0,2,40,8,34,9,0,0,3112,189,0,3,0,989,172,0,6,0,488,0,0,18,0,272,0,0,0,0,213,714,0,21,0,0,14,9,0,0,0,0,0,0,0
0,17,0,20,2,1,0,0.990941,0.982351,1.003574,19,0,334,100,100,0,0,0,0,20,50,46,3,40,4,200,24,0,0,3056,2,0,8,0,980,234,0,16,0,508,108,0,6,0,253,52,0,3,0,240,137,12,14,0,0,65,3,0,0,0,0,0,0,0
0,17,1,20,2,1,0,0.992117,0.97899,1.01224,20,1,459,100,100,0,0,0,20,0,34,36,3,40,4,185,33,0,0,3056,64,0,11,0,980,225,0,22,0,508,1,0,0,0,253,0,0,6,0,240,374,24,11,0,0,62,0,0,0,0,0,0,0,0
0,17,2,29,2,1,0,1.001968,0.988797,0.999445,27,2,584,100,100,0,0,0,50,34,0,12,2,40,4,261,36,0,0,3056,175,0,12,0,980,248,0,24,0,508,1,0,8,0,253,0,0,4,0,240,439,16,22,0,0,39,4,1,0,0,1,1,0,0
0,17,3,24,2,1,0,1.001399,0.982452,0.994371,24,5,959,100,100,0,0,0,46,36,12,0,2,40,4,30,9,0,0,3056,217,0,3,0,980,175,0,6,0,508,1,0,14,0,253,0,0,2,0,240,712,8,34,0,0,4,7,17,0,0,0,0,0,0
0,18,0,19,0,2,0,0.989473,0.986752,1.002765,18,0,334,100,100,0,0,0,0,22,54,52,3,40,1,213,24,0,0,3110,2,0,8,0,983,245,0,16,0,513,113,0,6,0,248,56,0,3,0,186,139,12,16,0,0,67,3,1,0,0,1,1,0,0
0,18,1,20,0,2,0,0.992117,0.97899,1.01224,20,2,584,100,100,0,0,0,22,0,36,40,3,40,1,207,33,0,0,3110,49,0,11,0,983,236,0,22,0,513,1,0,0,0,248,0,0,6,0,186,385,24,28,0,0,45,0,17,0,0,0,0,0,0
0,18,2,28,0,2,0,1.002204,0.99218,0.996615,27,2,584,100,100,0,0,0,54,36,0,14,2,40,1,277,36,0,0,3110,181,0,12,0,983,260,0,24,0,513,1,0,6,0,248,0,0,6,0,186,458,24,20,0,0,41,3,1,0,0,1,1,0,0
0,18,3,24,0,2,0,1.001399,0.982452,0.994371,24,5,959,100,100,0,0,0,52,40,14,0,2,40,1,27,9,0,0,3110,189,0,3,0,983,178,0,6,0,513,0,0,12,0,248,0,0,5,0,186,792,20,15,0,0,10,6,0,0,0,0,0,0,0
0,19,0,18,1,1,0,0.990918,0.990219,1.004628,18,0,334,100,100,0,0,0,0,22,58,58,3,40,5,224,24,0,0,3055,2,0,8,0,983,256,0,16,0,488,123,0,6,0,272,53,0,3,0,240,143,12,14,0,0,70,3,0,0,0,0,0,0,0
0,19,1,20,1,1,0,0.992117,0.97899,1.01224,20,2,584,100,100,0,0,0,22,0,38,44,3,40,5,229,33,0,0,3055,34,0,11,0,983,247,0,22,0,488,1,0,6,0,272,0,0,0,0,240,383,0,17,0,0,48,3,0,0,0,0,0,0,0
0,19,2,29,1,1,0,1.000759,0.992777,0.996096,28,2,584,100,100,0,0,0,58,38,0,16,2,40,5,292,36,0,0,3055,188,0,12,0,983,272,0,24,0,488,1,0,14,0,272,0,0,0,0,240,447,0,26,0,0,48,7,0,0,0,0,0,0,0
0,19,3,24,1,1,0,1.001399,0.982452,0.994371,24,5,959,100,100,0,0,0,58,44,16,0,2,40,5,23,9,0,0,3055,217,0,3,0,983,181,0,6,0,488,1,0,16,0,272,0,0,0,0,240,797,0,19,0,0,18,8,0,0,0,0,0,0,0
0,20,0,18,1,2,0,0.994518,0.994099,1.004704,17,0,334,100,100,0,0,0,0,22,62,64,3,40,2,237,24,0,0,3112,2,0,8,0,980,264,0,16,0,544,117,0,6,0,221,68,0,3,0,239,147,12,14,0,0,73,3,0,0,0,0,0,0,0
0,20,1,20,1,2,0,0.992117,0.97899,1.01224,20,2,584,100,100,0,0,0,22,0,42,50,3,40,2,254,33,0,0,3112,21,0,11,0,980,258,0,22,0,544,1,0,0,0,221,0,0,6,0,239,411,24,11,0,0,48,0,0,0,0,0,0,0,0
0,20,2,28,1,2,0,0.997585,0.990849,0.993741,27,2,584,100,100,0,0,0,62,42,0,20,3,40,2,311,39,0,0,3112,192,0,13,0,980,285,0,26,0,544,1,0,0,0,221,2,0,10,0,239,484,40,15,0,0,47,0,1,0,0,1,1,0,0
0,20,3,24,1,2,0,1.001399,0.982452,0.994371,24,6,1084,100,100,0,0,0,64,50,20,0,3,40,2,18,9,0,0,3112,188,0,3,0,980,184,0,6,0,544,1,0,0,0,221,0,0,15,0,239,862,60,20,0,0,1,0,17,0,0,0,0,0,0
0,21,0,18,1,4,0,0.994518,0.994099,1.004704,17,0,334,100,100,0,0,0,0,22,66,70,3,40,1,254,24,0,0,3072,2,0,8,0,980,275,0,16,0,514,125,0,6,0,257,65,0,3,0,246,149,12,16,0,0,75,3,1,0,0,1,1,0,0
0,21,1,20,1,4,0,0.992117,0.97899,1.01224,20,2,584,100,100,0,0,0,22,0,44,54,3,40,1,272,33,0,0,3072,8,0,11,0,980,269,0,22,0,514,1,0,0,0,257,0,0,6,0,246,439,24,11,0,0,48,0,0,0,0,0,0,0,0
0,21,2,29,1,4,0,0.998759,0.988592,0.991139,28,2,584,100,100,0,0,0,66,44,0,22,3,40,1,330,39,0,0,3072,197,0,13,0,980,298,0,26,0,514,1,0,10,0,257,0,0,5,0,246,493,20,23,0,0,52,5,0,0,0,0,0,0,0
0,21,3,20,1,4,0,0.999207,0.982892,1.001275,20,6,1084,100,100,0,0,0,70,54,22,0,3,40,1,20,9,0,0,3072,191,0,3,0,980,187,0,6,0,514,1,0,6,0,257,0,0,6,0,246,898,24,9,0,0,4,3,0,0,0,0,0,0,0
0,22,0,18,1,0,0,0.994518,0.994099,1.004704,18,1,459,100,100,0,0,0,0,22,70,76,3,40,5,269,24,0,0,3148,2,0,8,0,980,286,0,16,0,521,131,0,6,0,248,65,0,3,0,254,133,12,31,0,0,61,3,17,0,0,0,0,0,0
0,22,1,20,1,0,0,0.992117,0.97899,1.01224,20,2,584,100,100,0,0,0,22,0,48,60,3,40,5,290,33,0,0,3148,7,0,11,0,980,280,0,22,0,521,1,0,0,0,248,0,0,6,0,254,452,24,11,0,0,48,0,0,0,0,0,0,0,0
0,22,2,29,1,0,0,0.998759,0.988592,0.991139,28,3,709,100,100,0,0,0,70,48,0,26,3,40,5,349,39,0,0,3148,153,0,13,0,980,311,0,26,0,521,0,0,6,0,248,0,0,6,0,254,485,24,38,0,0,37,3,18,0,0,1,1,0,0
0,22,3,21,1,0,0,1.001313,0.982353,1.002801,20,6,1084,100,100,0,0,0,76,60,26,0,3,40,5,21,9,0,0,3148,166,0,3,0,980,190,0,6,0,521,1,0,6,0,248,0,0,9,0,254,962,36,9,0,0,7,3,0,0,0,0,0,0,0
0,23,0,18,2,4,0,0.994518,0.994099,1.004704,18,1,459,100,100,0,0,0,0,22,74,82,3,40,3,280,24,0,0,3067,2,0,8,0,980,297,0,16,0,514,134,0,6,0,245,71,0,3,0,240,137,12,14,0,0,64,3,0,0,0,0,0,0,0
0,23,1,21,2,4,0,0.993518,0.978984,1.015502,20,2,584,100,100,0,0,0,22,0,52,66,3,40,3,311,33,0,0,3067,7,0,11,0,980,291,0,22,0,514,1,0,0,0,245,0,0,6,0,240,480,24,11,0,0,48,0,0,0,0,0,0,0,0
0,23,2,28,2,4,0,1.000843,0.988482,0.997562,27,3,709,100,100,0,0,0,74,52,0,28,3,40,3,364,33,0,0,3067,159,0,11,0,980,322,0,22,0,514,1,0,8,0,245,0,0,6,0,240,505,24,19,0,0,41,4,0,0,0,0,0,0,0
0,23,3,19,2,4,0,0.995365,0.982431,1.005741,18,6,1084,100,100,0,0,0,82,66,28,0,3,40,3,20,9,0,0,3067,164,0,3,0,980,193,0,6,0,514,1,0,12,0,245,0,0,6,0,240,990,24,17,0,0,12,6,1,0,0,1,1,0,0
0,24,0,18,0,4,0,0.994518,0.994099,1.004704,18,1,459,100,100,0,0,0,0,22,78,88,3,40,1,293,24,0,0,3074,2,0,8,0,986,308,0,16,0,527,134,0,6,0,251,75,0,3,0,237,141,12,14,0,0,67,3,0,0,0,0,0,0,0
0,24,1,19,0,4,0,0.992049,0.976824,1.013268,18,3,709,100,100,0,0,0,22,0,56,72,3,40,1,329,30,0,0,3074,8,0,10,0,986,301,0,20,0,527,1,0,0,0,251,0,0,6,0,237,490,24,29,0,0,30,0,18,0,0,1,1,0,0
0,24,2,26,0,4,0,1.004791,0.993689,0.991263,26,3,709,100,100,0,0,0,78,56,0,30,3,40,1,378,33,0,0,3074,158,0,11,0,986,333,0,22,0,527,1,0,6,0,251,0,0,5,0,237,523,20,17,0,0,44,3,0,0,0,0,0,0,0
0,24,3,19,0,4,0,0.995365,0.982431,1.005741,19,6,1084,100,100,0,0,0,88,72,30,0,3,40,1,21,9,0,0,3074,164,0,3,0,986,196,0,6,0,527,0,0,6,0,251,0,0,3,0,237,1014,12,9,0,0,15,3,0,0,0,0,0,0,0
0,25,0,18,0,1,0,0.994518,0.994099,1.004704,18,1,459,100,100,0,0,0,0,22,82,94,3,40,2,309,24,0,0,3085,2,0,8,0,989,319,0,16,0,511,146,0,6,0,248,72,0,3,0,243,145,12,14,0,0,70,3,0,0,0,0,0,0,0
0,25,1,18,0,1,0,0.991865,0.981421,1.009634,18,3,709,100,100,0,0,0,22,0,60,78,3,40,2,348,30,0,0,3085,8,0,10,0,989,311,0,20,0,511,1,0,0,0,248,0,0,6,0,243,516,24,10,0,0,30,0,0,0,0,0,0,0,0
0,25,2,26,0,1,0,1.004791,0.993689,0.991263,26,3,709,100,100,0,0,0,82,60,0,32,3,40,2,394,33,0,0,3085,159,0,11,0,989,344,0,22,0,511,0,0,10,0,248,0,0,6,0,243,541,24,21,0,0,49,5,0,0,0,0,0,0,0
0,25,3,19,0,1,0,0.995365,0.982431,1.005741,19,7,1209,100,100,0,0,0,94,78,32,0,3,40,2,22,9,0,0,3085,164,0,3,0,989,199,0,6,0,511,0,0,6,0,248,2,0,10,0,243,1049,40,26,0,0,1,3,17,0,0,0,0,0,0
0,26,0,15,0,9,0,0.989269,1.005994,1.00867,15,1,459,100,100,0,0,0,0,22,86,100,3,40,9,322,24,0,0,3086,2,0,8,0,989,330,0,16,0,490,149,0,6,0,269,69,0,3,0,246,149,12,14,0,0,73,3,0,0,0,0,0,0,0
0,26,1,17,0,9,0,0.988049,0.97984,1.010162,17,3,709,100,100,0,0,0,22,0,64,84,3,40,9,365,30,0,0,3086,8,0,10,0,989,321,0,20,0,490,1,0,6,0,269,0,0,0,0,246,509,0,16,0,0,33,3,0,0,0,0,0,0,0
0,26,2,23,0,9,0,1.006559,0.996768,0.996968,23,3,709,100,100,0,0,0,86,64,0,34,3,40,9,399,27,0,0,3086,162,0,9,0,989,353,0,18,0,490,0,0,12,0,269,0,0,3,0,246,544,12,21,0,0,55,6,0,0,0,0,0,0,0
0,26,3,17,0,9,0,0.99083,0.990078,1.000675,17,7,1209,100,100,0,0,0,100,84,34,0,3,40,9,22,9,0,0,3086,164,0,3,0,989,202,0,6,0,490,0,0,12,0,269,0,0,2,0,246,1063,8,15,0,0,7,6,0,0,0,0,0,0,0
0,27,0,15,0,3,0,0.989269,1.005994,1.00867,15,1,459,100,100,0,0,0,0,22,90,100,3,40,0,339,24,0,0,3090,2,0,8,0,995,341,0,16,0,544,143,0,6,0,235,74,0,3,0,252,153,12,14,0,0,76,3,0,0,0,0,0,0,0
0,27,1,15,0,3,0,0.995281,0.983953,1.010346,15,3,709,100,100,0,0,0,22,0,68,90,3,40,0,379,24,0,0,3090,10,0,8,0,995,329,0,16,0,544,1,0,0,0,235,1,0,5,0,252,530,20,8,0,0,33,0,0,0,0,0,0,0,0
0,27,2,23,0,3,0,1.006559,0.996768,0.996968,23,3,709,100,100,0,0,0,90,68,0,38,3,40,0,411,27,0,0,3090,168,0,9,0,995,362,0,18,0,544,0,0,0,0,235,5,0,9,0,252,583,36,9,0,0,55,0,0,0,0,0,0,0,0
0,27,3,16,0,3,0,0.98671,0.988939,1.000676,16,7,1209,100,100,0,0,0,100,90,38,0,3,40,0,27,9,0,0,3090,166,0,3,0,995,205,0,6,0,544,0,0,0,0,235,0,0,9,0,252,1114,36,3,0,0,7,0,0,0,0,0,0,0,0
0,28,0,15,0,0,0,0.989269,1.005994,1.00867,15,1,459,100,100,0,0,0,0,22,92,100,3,40,5,355,24,0,0,3094,2,0,8,0,1001,352,0,16,0,533,139,0,6,0,264,71,0,3,0,255,157,12,14,0,0,79,3,0,0,0,0,0,0,0
0,28,1,15,0,0,0,0.995281,0.983953,1.010346,15,3,709,100,100,0,0,0,22,0,72,96,3,40,5,397,24,0,0,3094,10,0,8,0,1001,337,0,16,0,533,1,0,2,0,264,0,0,1,0,255,533,4,10,0,0,34,1,0,0,0,0,0,0,0
0,28,2,23,0,0,0,1.006559,0.996768,0.996968,23,3,709,100,100,0,0,0,92,72,0,40,3,40,5,422,27,0,0,3094,174,0,9,0,1001,371,0,18,0,533,1,0,6,0,264,0,0,5,0,255,600,20,15,0,0,58,3,0,0,0,0,0,0,0
0,28,3,16,0,0,0,0.98671,0.988939,1.000676,16,7,1209,100,100,0,0,0,100,96,40,0,3,40,5,32,9,0,0,3094,169,0,3,0,1001,208,0,6,0,533,0,0,0,0,264,0,0,8,0,255,1161,32,3,0,0,7,0,0,0,0,0,0,0,0
0,29,0,11,1,6,0,0.98043,1.024002,1.010256,11,1,459,100,100,0,0,0,0,24,96,100,3,40,7,362,15,0,0,3094,5,0,5,0,1001,357,0,10,0,503,141,0,6,0,272,68,0,3,0,255,164,12,11,0,0,82,3,0,0,0,0,0,0,0
0,29,1,16,1,6,0,1.001339,0.97945,1.011301,15,3,709,100,100,0,0,0,24,0,76,100,3,40,7,415,24,0,0,3094,10,0,8,0,1001,345,0,16,0,503,1,0,6,0,272,0,0,0,0,255,528,0,14,0,0,37,3,0,0,0,0,0,0,0
0,29,2,22,1,6,0,1.008662,0.99619,0.997668,22,3,709,100,100,0,0,0,96,76,0,42,3,40,7,429,24,0,0,3094,181,0,8,0,1001,379,0,16,0,503,0,0,16,0,272,0,0,0,0,255,588,0,24,0,0,66,8,0,0,0,0,0,0,0
0,29,3,15,1,6,0,0.987203,0.987166,1.00086,15,7,1209,100,100,0,0,0,100,100,42,0,3,40,7,34,9,0,0,3094,164,0,3,0,1001,211,0,6,0,503,0,0,12,0,272,0,0,0,0,255,1164,0,15,0,0,13,6,0,0,0,0,0,0,0
0,30,0,10,2,3,0,0.984426,1.022897,1.019207,10,1,459,100,100,0,0,0,0,24,100,100,3,40,4,375,15,0,0,3100,5,0,5,0,1016,362,0,10,0,508,141,0,6,0,272,65,0,3,0,255,171,12,11,0,0,85,3,0,0,0,0,0,0,0
0,30,1,15,2,3,0,0.995281,0.983953,1.010346,15,3,709,100,100,0,0,0,24,0,80,100,3,40,4,431,24,0,0,3100,10,0,8,0,1016,353,0,16,0,508,1,0,6,0,272,0,0,0,0,255,523,0,14,0,0,40,3,0,0,0,0,0,0,0
0,30,2,23,2,3,0,1.014898,1.001288,0.999715,22,3,709,100,100,0,0,0,100,80,0,42,3,40,4,438,24,0,0,3100,189,0,8,0,1016,387,0,16,0,508,0,0,12,0,272,0,0,0,0,255,580,0,20,0,0,72,6,0,0,0,0,0,0,0
0,30,3,15,2,3,0,0.993285,0.986392,0.993251,14,7,1209,100,100,0,0,0,100,100,42,0,3,40,4,36,9,0,0,3100,160,0,3,0,1016,214,0,6,0,508,0,0,6,0,272,0,0,0,0,255,1173,0,9,0,0,16,3,0,0,0,0,0,0,0
0,31,0,9,0,2,0,0.988936,1.025939,1.014307,9,1,459,100,100,0,0,0,0,24,100,100,3,40,6,381,12,0,0,3102,6,0,4,0,1013,366,0,8,0,520,139,0,6,0,263,62,0,3,0,300,173,12,10,0,0,88,3,0,0,0,0,0,0,0
0,31,1,15,0,2,0,0.995281,0.983953,1.010346,15,3,709,100,100,0,0,0,24,0,84,100,3,40,6,448,24,0,0,3102,10,0,8,0,1013,361,0,16,0,520,1,0,6,0,263,0,0,0,0,300,509,0,14,0,0,43,3,0,0,0,0,0,0,0
0,31,2,22,0,2,0,1.01954,1.004898,1.000131,21,3,709,100,100,0,0,0,100,84,0,42,3,40,6,441,21,0,0,3102,205,0,7,0,1013,394,0,14,0,520,0,0,8,0,263,0,0,6,0,300,587,24,17,0,0,75,4,1,0,0,1,1,0,0
0,31,3,15,0,2,0,0.993285,0.986392,0.993251,14,8,1334,100,100,0,0,0,100,100,42,0,3,40,6,40,12,0,0,3102,155,0,4,0,1013,218,0,8,0,520,0,0,6,0,263,0,0,3,0,300,1156,12,29,0,0,1,3,18,0,0,1,1,0,0
0,32,0,9,0,0,0,0.988936,1.025939,1.014307,9,1,459,100,100,0,0,0,0,24,100,100,3,40,4,389,12,0,0,3152,6,0,4,0,1019,370,0,8,0,513,136,0,6,0,272,59,0,3,0,208,181,12,10,0,0,91,3,0,0,0,0,0,0,0
0,32,1,15,0,0,0,0.995281,0.983953,1.010346,15,3,709,100,100,0,0,0,24,0,88,100,3,40,4,465,24,0,0,3152,10,0,8,0,1019,369,0,16,0,513,1,0,6,0,272,0,0,0,0,208,504,0,14,0,0,46,3,0,0,0,0,0,0,0
0,32,2,22,0,0,0,1.01954,1.004898,1.000131,22,4,834,100,100,0,0,0,100,88,0,42,3,40,4,448,21,0,0,3152,174,0,7,0,1019,401,0,14,0,513,1,0,12,0,272,0,0,0,0,208,610,0,36,0,0,64,6,17,0,0,0,0,0,0
0,32,3,15,0,0,0,0.993285,0.986392,0.993251,15,8,1334,100,100,0,0,0,100,100,42,0,3,40,4,44,12,0,0,3152,150,0,4,0,1019,222,0,8,0,513,1,0,8,0,272,0,0,0,0,208,1162,0,12,0,0,5,4,0,0,0,0,0,0,0
0,33,0,9,0,4,0,0.988936,1.025939,1.014307,9,2,584,100,100,0,0,0,0,24,100,100,3,40,12,396,12,0,0,3104,6,0,4,0,1019,374,0,8,0,541,130,0,6,0,239,62,0,3,0,255,172,12,27,0,0,77,3,17,0,0,0,0,0,0
0,33,1,15,0,4,0,0.995281,0.983953,1.010346,15,3,709,100,100,0,0,0,24,0,92,100,3,40,12,484,24,0,0,3104,10,0,8,0,1019,377,0,16,0,541,0,0,4,0,239,0,0,3,0,255,513,12,12,0,0,48,2,0,0,0,0,0,0,0
0,33,2,19,0,4,0,1.034115,1.004014,1.008171,19,4,834,100,100,0,0,0,100,92,0,44,3,40,12,451,18,0,0,3104,192,0,6,0,1019,407,0,12,0,541,1,0,0,0,239,7,0,8,0,255,642,32,6,0,0,64,0,0,0,0,0,0,0,0
0,33,3,14,0,4,0,1.004028,0.981082,0.987415,14,8,1334,100,100,0,0,0,100,100,44,0,3,40,12,48,12,0,0,3104,137,0,4,0,1019,226,0,8,0,541,1,0,0,0,239,2,0,7,0,255,1204,28,4,0,0,5,0,0,0,0,0,0,0,0
0,34,0,9,0,0,0,0.988936,1.025939,1.014307,9,2,584,100,100,0,0,0,0,24,100,100,3,40,8,407,12,0,0,3160,6,0,4,0,1022,378,0,8,0,515,130,0,6,0,269,59,0,3,0,214,180,12,10,0,0,80,3,0,0,0,0,0,0,0
0,34,1,15,0,0,0,0.995281,0.983953,1.010346,15,3,709,100,100,0,0,0,24,0,96,100,3,40,8,503,24,0,0,3160,10,0,8,0,1022,385,0,16,0,515,0,0,6,0,269,0,0,0,0,214,508,0,14,0,0,51,3,0,0,0,0,0,0,0
0,34,2,19,0,0,0,1.034115,1.004014,1.008171,19,5,959,100,100,0,0,0,100,96,0,44,3,40,8,457,18,0,0,3160,165,0,6,0,1022,413,0,12,0,515,0,0,12,0,269,2,0,8,0,214,692,32,35,0,0,53,6,17,0,0,0,0,0,0
0,34,3,14,0,0,0,1.004028,0.981082,0.987415,14,8,1334,100,100,0,0,0,100,100,44,0,3,40,8,53,12,0,0,3160,125,0,4,0,1022,230,0,8,0,515,1,0,6,0,269,0,0,2,0,214,1220,8,10,0,0,8,3,0,0,0,0,0,0,0
0,35,0,9,0,1,0,0.988936,1.025939,1.014307,9,2,584,100,100,0,0,0,0,24,100,100,3,40,8,417,12,0,0,3112,6,0,4,0,1022,382,0,8,0,514,130,0,6,0,272,56,0,3,0,261,188,12,10,0,0,83,3,0,0,0,0,0,0,0
0,35,1,14,0,1,0,0.995808,0.981988,1.011315,14,3,709,100,100,0,0,0,24,0,100,100,3,40,8,519,24,0,0,3112,10,0,8,0,1022,393,0,16,0,514,1,0,2,0,272,0,0,0,0,261,507,0,10,0,0,52,1,0,0,0,0,0,0,0
0,35,2,19,0,1,0,1.034115,1.004014,1.008171,19,5,959,100,100,0,0,0,100,100,0,44,3,40,8,462,18,0,0,3112,186,0,6,0,1022,419,0,12,0,514,0,0,12,0,272,0,0,2,0,261,688,8,18,0,0,59,6,0,0,0,0,0,0,0
0,35,3,14,0,1,0,1.004028,0.981082,0.987415,14,8,1334,100,100,0,0,0,100,100,44,0,3,40,8,58,12,0,0,3112,113,0,4,0,1022,234,0,8,0,514,1,0,6,0,272,0,0,0,0,261,1228,0,10,0,0,11,3,0,0,0,0,0,0,0
0,36,0,8,0,3,0,0.991917,1.035733,1.014251,8,2,584,100,100,0,0,0,0,24,100,100,3,40,2,414,0,0,0,3161,2,0,0,0,1022,394,0,0,0,511,132,0,4,0,272,54,0,2,0,227,198,8,4,0,0,85,2,0,0,0,0,0,0,0
0,36,1,12,0,3,0,0.996644,0.980128,1.030514,12,3,709,100,100,0,0,0,24,0,100,100,3,40,2,535,21,0,0,3161,11,0,7,0,1022,400,0,14,0,511,0,0,4,0,272,0,0,0,0,227,501,0,11,0,0,54,2,0,0,0,0,0,0,0
0,36,2,19,0,3,0,1.034115,1.004014,1.008171,19,5,959,100,100,0,0,0,100,100,0,44,3,40,2,470,18,0,0,3161,159,0,6,0,1022,425,0,12,0,511,1,0,14,0,272,0,0,0,0,227,709,0,20,0,0,66,7,0,0,0,0,0,0,0
0,36,3,14,0,3,0,1.004028,0.981082,0.987415,14,8,1334,100,100,0,0,0,100,100,44,0,3,40,2,66,12,0,0,3161,101,0,4,0,1022,238,0,8,0,511,0,0,10,0,272,0,0,0,0,227,1232,0,14,0,0,16,5,0,0,0,0,0,0,0
0,37,0,8,0,2,0,0.991917,1.035733,1.014251,8,2,584,100,100,0,0,0,0,24,100,100,3,40,7,412,0,0,0,3121,2,0,0,0,1025,406,0,0,0,531,128,0,4,0,270,53,0,2,0,264,208,8,4,0,0,87,2,0,0,0,0,0,0,0
0,37,1,12,0,2,0,0.996644,0.980128,1.030514,12,3,709,100,100,0,0,0,24,0,100,100,3,40,7,552,21,0,0,3121,11,0,7,0,1025,407,0,14,0,531,0,0,0,0,270,0,0,0,0,264,500,0,7,0,0,54,0,0,0,0,0,0,0,0
0,37,2,17,0,2,0,1.041725,1.007956,1.009565,17,5,959,100,100,0,0,0,100,100,0,44,3,40,7,478,18,0,0,3121,172,0,6,0,1025,431,0,12,0,531,1,0,8,0,270,0,0,1,0,264,705,4,14,0,0,70,4,0,0,0,0,0,0,0
0,37,3,14,0,2,0,1.004028,0.981082,0.987415,14,8,1334,100,100,0,0,0,100,100,44,0,3,40,7,74,12,0,0,3121,89,0,4,0,1025,242,0,8,0,531,0,0,2,0,270,0,0,0,0,264,1244,0,6,0,0,17,1,0,0,0,0,0,0,0
0,38,0,8,0,1,0,0.991917,1.035733,1.014251,8,2,584,100,100,0,0,0,0,24,100,100,3,40,7,411,0,0,0,3129,2,0,0,0,1025,418,0,0,0,544,124,0,4,0,248,57,0,2,0,264,218,8,4,0,0,89,2,0,0,0,0,0,0,0
0,38,1,12,0,1,0,0.996644,0.980128,1.030514,12,3,709,100,100,0,0,0,24,0,100,100,3,40,7,568,21,0,0,3129,11,0,7,0,1025,414,0,14,0,544,0,0,0,0,248,0,0,3,0,264,511,12,7,0,0,54,0,0,0,0,0,0,0,0
0,38,2,17,0,1,0,1.041725,1.007956,1.009565,17,5,959,100,100,0,0,0,100,100,0,44,3,40,7,487,18,0,0,3129,187,0,6,0,1025,437,0,12,0,544,1,0,0,0,248,0,0,6,0,264,729,24,6,0,0,70,0,0,0,0,0,0,0,0
0,38,3,13,0,1,0,0.999069,0.97676,0.994322,13,8,1334,100,100,0,0,0,100,100,44,0,3,40,7,79,9,0,0,3129,78,0,3,0,1025,245,0,6,0,544,0,0,0,0,248,2,0,7,0,264,1287,28,3,0,0,17,0,0,0,0,0,0,0,0
0,39,0,8,0,0,0,0.991917,1.035733,1.014251,8,2,584,100,100,0,0,0,0,24,100,100,3,40,8,408,0,0,0,3169,2,0,0,0,1028,430,0,0,0,517,126,0,4,0,272,55,0,2,0,300,222,8,4,0,0,91,2,0,0,0,0,0,0,0
0,39,1,12,0,0,0,0.996644,0.980128,1.030514,12,3,709,100,100,0,0,0,24,0,100,100,3,40,8,584,21,0,0,3169,11,0,7,0,1028,421,0,14,0,517,1,0,2,0,272,0,0,0,0,300,502,0,9,0,0,55,1,0,0,0,0,0,0,0
0,39,2,17,0,0,0,1.041725,1.007956,1.009565,17,5,959,100,100,0,0,0,100,100,0,44,3,40,8,495,18,0,0,3169,162,0,6,0,1028,443,0,12,0,517,0,0,10,0,272,0,0,0,0,300,713,0,16,0,0,75,5,0,0,0,0,0,0,0
0,39,3,13,0,0,0,0.999069,0.97676,0.994322,13,8,1334,100,100,0,0,0,100,100,44,0,3,40,8,80,9,0,0,3169,68,0,3,0,1028,248,0,6,0,517,1,0,8,0,272,0,0,2,0,300,1284,8,11,0,0,21,4,0,0,0,0,0,0,0
0,40,0,7,0,3,0,0.983783,1.030094,0.997185,7,2,584,100,100,0,0,0,0,24,100,100,3,40,8,404,0,0,0,3129,1,0,0,0,1028,439,0,0,0,517,128,0,4,0,272,53,0,2,0,264,232,8,4,0,0,93,2,0,0,0,0,0,0,0
0,40,1,11,0,3,0,1.001445,0.97873,1.027532,11,3,709,100,100,0,0,0,24,0,100,100,3,40,8,601,18,0,0,3129,11,0,6,0,1028,427,0,12,0,517,0,0,4,0,272,0,0,0,0,264,498,0,10,0,0,57,2,0,0,0,0,0,0,0
0,40,2,17,0,3,0,1.041725,1.007956,1.009565,17,5,959,100,100,0,0,0,100,100,0,44,3,40,8,505,18,0,0,3129,177,0,6,0,1028,449,0,12,0,517,1,0,8,0,272,0,0,0,0,264,705,0,14,0,0,79,4,0,0,0,0,0,0,0
0,40,3,12,0,3,0,0.992151,0.976685,0.993302,12,8,1334,100,100,0,0,0,100,100,44,0,3,40,8,82,9,0,0,3129,60,0,3,0,1028,251,0,6,0,517,0,0,10,0,272,0,0,0,0,264,1286,0,13,0,0,26,5,0,0,0,0,0,0,0
6,1,0,50,1,1,0,1.003341,0.998429,1.005031,0,0,334,100,100,0,0,0,0,0,2,2,0,40,0,50,39,0,0,2816,200,0,13,0,932,63,0,26,0,402,21,0,48,0,272,1,0,24,0,156,120,96,79,0,0,15,24,9,0,0,9,9,0,0
6,1,1,49,1,1,0,1.003148,0.996969,1.002927,0,0,334,100,100,0,0,0,0,0,2,2,0,40,0,48,39,0,0,2816,200,0,13,0,932,63,0,26,0,402,22,0,48,0,272,1,0,24,0,156,120,96,79,0,0,15,24,9,0,0,9,9,0,0
6,1,2,51,1,1,0,1.00551,0.997971,1.005769,0,0,334,100,100,0,0,0,2,2,0,2,0,40,0,49,39,0,0,2816,200,0,13,0,932,63,0,26,0,402,21,0,48,0,272,1,0,24,0,156,120,96,79,0,0,15,24,9,0,0,9,9,0,0
6,1,3,50,1,1,0,1.003341,0.998429,1.005031,0,0,334,100,100,0,0,0,2,2,2,0,0,40,0,49,39,0,0,2816,200,0,13,0,932,63,0,26,0,402,19,0,48,0,272,1,0,24,0,156,120,96,79,0,0,15,24,9,0,0,9,9,0,0
6,2,0,49,0,9,0,1.002106,0.999171,1.004187,9,0,334,100,100,0,0,0,0,2,4,4,0,40,0,48,39,0,0,2808,233,0,13,0,932,76,0,26,0,445,5,0,46,0,240,0,0,8,0,175,100,32,77,0,0,29,23,9,0,0,9,9,0,0
6,2,1,45,0,9,0,0.999519,0.998763,1.001747,8,0,334,100,100,0,0,0,2,0,4,4,0,40,0,45,36,0,0,2808,227,0,12,0,932,75,0,24,0,445,2,0,44,0,240,0,0,9,0,175,110,36,74,0,0,28,22,9,0,0,9,9,0,0
6,2,2,50,0,9,0,1.004395,0.999394,1.004009,9,0,334,100,100,0,0,0,4,4,0,4,0,40,0,48,39,0,0,2808,232,0,13,0,932,76,0,26,0,445,0,0,42,0,240,0,0,7,0,175,108,28,73,0,0,27,21,9,0,0,9,9,0,0
6,2,3,47,0,9,0,1.003493,0.998851,1.006124,9,0,334,100,100,0,0,0,4,4,4,0,0,40,0,44,36,0,0,2808,234,0,12,0,932,75,0,24,0,445,1,0,42,0,240,0,0,9,0,175,117,36,72,0,0,27,21,9,0,0,9,9,0,0
6,3,0,48,0,4,0,1.002209,1.000378,1.005728,18,0,334,100,100,0,0,0,0,2,6,6,0,40,1,45,36,0,0,3200,172,0,12,0,941,88,0,24,0,510,1,0,10,0,170,10,0,23,0,97,202,92,40,0,0,25,5,9,0,0,9,9,0,0
6,3,1,44,0,4,0,1.0005,1.000313,1.004906,17,0,334,100,100,0,0,0,2,0,6,6,0,40,1,45,36,0,0,3200,170,0,12,0,941,87,0,24,0,510,1,0,10,0,170,0,0,18,0,97,192,72,40,0,0,24,5,9,0,0,9,9,0,0
6,3,2,49,0,4,0,1.003233,0.99888,1.002824,17,0,334,100,100,0,0,0,6,6,0,4,0,40,1,45,39,0,0,3200,169,0,13,0,941,89,0,26,0,510,1,0,8,0,170,0,0,24,0,97,215,96,39,0,0,22,4,9,0,0,9,9,0,0
6,3,3,46,0,4,0,1.003631,1.000103,1.007775,18,0,334,100,100,0,0,0,6,6,4,0,0,40,1,39,33,0,0,3200,176,0,11,0,941,86,0,22,0,510,1,0,10,0,170,0,0,21,0,97,215,84,39,0,0,23,5,9,0,0,9,9,0,0
6,4,0,46,0,11,0,1.001199,0.998739,1.006107,27,0,334,100,100,0,0,0,0,2,8,8,0,40,0,43,36,0,0,2840,208,0,12,0,944,100,0,24,0,497,1,0,14,0,217,0,0,16,0,165,255,64,44,0,0,23,7,9,0,0,9,9,0,0
6,4,1,40,0,11,0,0.999707,0.999624,1.003514,24,0,334,100,100,0,0,0,2,0,8,8,0,40,0,41,30,0,0,2840,188,0,10,0,944,97,0,20,0,497,0,0,10,0,217,0,0,16,0,165,253,64,36,0,0,21,5,8,0,0,8,8,0,0
6,4,2,47,0,11,0,1.000796,0.999091,1.001243,25,1,459,100,100,0,0,0,8,8,0,4,0,40,0,46,39,0,0,2840,187,0,13,0,944,102,0,26,0,497,0,0,8,0,217,0,0,21,0,165,279,84,56,0,0,0,4,26,0,0,9,9,0,0
6,4,3,43,0,11,0,1.007777,0.996975,1.007381,26,0,334,100,100,0,0,0,8,8,4,0,0,40,0,38,33,0,0,2840,207,0,11,0,944,97,0,22,0,497,0,0,12,0,217,0,0,12,0,165,252,48,41,0,0,20,6,9,0,0,9,9,0,0
6,5,0,43,2,9,0,1.005498,0.997709,1.005952,35,0,334,100,100,0,0,0,0,4,10,10,0,40,0,45,36,0,0,2880,230,0,12,0,953,112,0,24,0,431,1,0,28,0,272,0,0,0,0,300,207,0,48,0,0,33,14,4,0,0,4,4,0,0
6,5,1,40,2,9,0,0.999707,0.999624,1.003514,32,0,334,100,100,0,0,0,4,0,10,10,0,40,0,40,30,0,0,2880,210,0,10,0,953,107,0,20,0,431,0,0,28,0,272,0,0,0,0,300,207,0,46,0,0,31,14,4,0,0,4,4,0,0
6,5,2,45,2,9,0,1.003244,1.001357,1.001344,32,1,459,100,100,0,0,0,10,10,0,6,0,40,0,49,39,0,0,2880,199,0,13,0,953,115,0,26,0,431,1,0,32,0,272,0,0,0,0,300,222,0,57,0,0,10,16,6,0,0,6,6,0,0
6,5,3,41,2,9,0,1.011902,0.99905,1.008862,35,0,334,100,100,0,0,0,10,10,6,0,0,40,0,39,30,0,0,2880,234,0,10,0,953,107,0,20,0,431,0,0,24,0,272,0,0,0,0,300,212,0,40,0,0,29,12,3,0,0,3,3,0,0
6,6,0,42,1,4,0,1.008793,0.999396,1.004217,37,0,334,100,100,0,0,0,0,4,12,12,0,40,4,41,30,0,0,3128,177,0,10,0,947,122,0,20,0,442,1,0,24,0,272,0,0,0,0,117,219,0,38,0,0,43,12,2,0,0,2,2,0,0
6,6,1,39,1,4,0,0.998067,0.997815,1.001156,35,0,334,100,100,0,0,0,4,0,12,12,0,40,4,33,27,0,0,3128,161,0,9,0,947,116,0,18,0,442,1,0,26,0,272,0,0,0,0,117,218,0,39,0,0,42,13,2,0,0,2,2,0,0
6,6,2,45,1,4,0,1.003244,1.001357,1.001344,38,1,459,100,100,0,0,0,12,12,0,6,0,40,4,55,42,0,0,3128,212,0,14,0,947,129,0,28,0,442,0,0,28,0,272,0,0,0,0,117,205,0,50,0,0,20,14,4,0,0,4,4,0,0
6,6,3,40,1,4,0,1.009722,0.997266,1.007899,38,0,334,100,100,0,0,0,12,12,6,0,0,40,4,37,30,0,0,3128,183,0,10,0,947,117,0,20,0,442,0,0,24,0,272,0,0,0,0,117,226,0,36,0,0,40,12,1,0,0,1,1,0,0
6,7,0,38,0,28,1,1.00959,0.997442,1.004772,35,0,334,100,100,0,0,0,0,2,14,14,0,40,2,39,33,0,0,2976,204,0,11,0,959,133,0,22,0,448,1,0,12,0,272,0,0,0,0,129,225,0,27,0,0,47,6,2,0,0,2,2,0,0
6,7,1,32,0,28,1,1.00346,0.991828,1.002645,31,0,334,100,100,0,0,0,2,0,8,12,0,40,2,28,24,0,0,2976,178,0,8,0,959,124,0,16,0,448,1,0,8,0,272,0,0,0,0,129,233,0,18,0,0,45,4,1,0,0,1,1,0,0
6,7,2,33,0,28,1,1.009376,1.001786,1.003592,31,1,459,100,100,0,0,0,14,8,0,8,0,40,2,57,39,0,0,2976,154,0,13,0,959,142,0,26,0,448,1,0,6,0,272,0,0,0,0,129,245,0,21,0,0,22,3,1,0,0,1,1,0,0
6,7,3,35,0,28,1,1.013613,0.989328,1.007551,34,0,334,100,100,0,0,0,14,12,8,0,0,40,2,36,30,0,0,2976,213,0,10,0,959,127,0,20,0,448,0,0,6,0,272,0,0,0,0,129,238,0,18,0,0,42,3,1,0,0,1,1,0,0
6,8,0,35,0,22,0,1.009415,0.994786,1.002485,34,0,334,100,100,0,0,0,0,4,16,16,0,40,4,43,33,0,0,3008,235,0,11,0,962,144,0,22,0,523,1,0,6,0,245,0,0,12,0,142,278,48,19,0,0,49,3,1,0,0,1,1,0,0
6,8,1,30,0,22,0,1.006348,0.991592,0.999019,30,0,334,100,100,0,0,0,4,0,12,14,0,40,4,30,24,0,0,3008,202,0,8,0,962,132,0,16,0,523,1,0,6,0,245,0,0,9,0,142,282,36,14,0,0,48,3,0,0,0,0,0,0,0
6,8,2,28,0,22,0,1.015158,0.995784,1.004264,27,1,459,100,100,0,0,0,16,12,0,10,0,40,4,71,39,0,0,3008,156,0,13,0,962,155,0,26,0,523,0,0,4,0,245,0,0,6,0,142,268,24,19,0,0,23,2,1,0,0,1,1,0,0
6,8,3,23,0,22,0,1.00706,0.994372,1.017948,23,0,334,100,100,0,0,0,16,14,10,0,0,40,4,40,30,0,0,3008,168,0,10,0,962,137,0,20,0,523,0,0,6,0,245,0,0,0,0,142,249,0,16,0,0,45,3,0,0,0,0,0,0,0
6,9,0,33,1,4,0,1.017347,0.992097,1.002279,33,1,459,100,100,0,0,0,0,4,18,18,0,40,6,47,33,0,0,3136,189,0,11,0,962,155,0,22,0,504,0,0,10,0,272,0,0,0,0,111,296,0,38,0,0,37,5,17,0,0,0,0,0,0
6,9,1,29,1,4,0,1.005418,0.99032,0.999789,29,1,459,100,100,0,0,0,4,0,16,16,0,40,6,31,24,0,0,3136,164,0,8,0,962,140,0,16,0,504,0,0,10,0,272,0,0,0,0,111,299,0,35,0,0,36,5,17,0,0,0,0,0,0
6,9,2,28,1,4,0,1.015158,0.995784,1.004264,28,1,459,100,100,0,0,0,18,16,0,10,0,40,6,93,39,0,0,3136,163,0,13,0,962,168,0,26,0,504,0,0,6,0,272,0,0,0,0,111,267,0,19,0,0,26,3,0,0,0,0,0,0,0
6,9,3,23,1,4,0,1.005595,0.989299,1.014487,22,0,334,100,100,0,0,0,18,16,10,0,0,40,6,57,30,0,0,3136,151,0,10,0,962,147,0,20,0,504,0,0,6,0,272,0,0,0,0,111,254,0,16,0,0,48,3,0,0,0,0,0,0,0
6,10,0,29,0,7,0,1.019158,0.983486,1.001446,29,1,459,100,100,0,0,0,0,4,20,20,2,40,3,55,33,0,0,2992,225,0,11,0,962,166,0,22,0,505,1,0,8,0,272,0,0,0,0,207,292,0,19,0,0,41,4,0,0,0,0,0,0,0
6,10,1,28,0,7,0,1.005958,0.988127,0.994608,28,1,459,100,100,0,0,0,4,0,20,18,1,40,3,34,24,0,0,2992,191,0,8,0,962,148,0,16,0,505,1,0,8,0,272,0,0,0,0,207,307,0,16,0,0,40,4,0,0,0,0,0,0,0
6,10,2,27,0,7,0,1.013798,0.996364,1.005485,27,1,459,100,100,0,0,0,20,20,0,10,2,40,3,107,36,0,0,2992,171,0,12,0,962,180,0,24,0,505,1,0,8,0,272,0,0,0,0,207,265,0,20,0,0,30,4,0,0,0,0,0,0,0
6,10,3,22,0,7,0,1.002947,0.990536,1.013037,21,0,334,100,100,0,0,0,20,18,10,0,1,40,3,72,30,0,0,2992,134,0,10,0,962,157,0,20,0,505,1,0,8,0,272,0,0,0,0,207,255,0,20,0,0,51,4,1,0,0,1,1,0,0
6,11,0,28,0,2,0,1.017367,0.984259,1.001303,28,1,459,100,100,0,0,0,0,6,22,22,2,40,8,62,30,0,0,3072,186,0,10,0,965,176,0,20,0,514,1,0,6,0,267,0,0,2,0,184,337,8,16,0,0,44,3,0,0,0,0,0,0,0
6,11,1,28,0,2,0,1.005958,0.988127,0.994608,28,1,459,100,100,0,0,0,6,0,22,20,2,40,8,38,24,0,0,3072,219,0,8,0,965,156,0,16,0,514,0,0,10,0,267,0,0,1,0,184,317,4,18,0,0,45,5,0,0,0,0,0,0,0
6,11,2,27,0,2,0,1.013798,0.996364,1.005485,27,1,459,100,100,0,0,0,22,22,0,12,2,40,8,125,36,0,0,3072,180,0,12,0,965,192,0,24,0,514,0,0,10,0,267,0,0,0,0,184,261,0,22,0,0,35,5,0,0,0,0,0,0,0
6,11,3,21,0,2,0,1.004054,0.988109,1.015953,21,0,334,100,100,0,0,0,22,20,12,0,2,40,8,85,27,0,0,3072,119,0,9,0,965,166,0,18,0,514,1,0,6,0,267,0,0,2,0,184,269,8,15,0,0,54,3,0,0,0,0,0,0,0
6,12,0,27,1,5,0,1.015652,0.981077,0.997815,27,1,459,100,100,0,0,0,0,8,24,24,2,40,4,70,27,0,0,3056,229,0,9,0,971,185,0,18,0,511,1,0,6,0,268,0,0,3,0,171,349,12,15,0,0,47,3,0,0,0,0,0,0,0
6,12,1,27,1,5,0,1.007163,0.98778,0.992808,27,1,459,100,100,0,0,0,8,0,24,22,2,40,4,39,21,0,0,3056,184,0,7,0,971,163,0,14,0,511,1,0,8,0,268,0,0,1,0,171,381,4,15,0,0,49,4,0,0,0,0,0,0,0
6,12,2,25,1,5,0,1.018837,0.994866,1.001084,25,1,459,100,100,0,0,0,24,24,0,14,2,40,4,141,33,0,0,3056,190,0,11,0,971,203,0,22,0,511,1,0,8,0,268,0,0,0,0,171,257,0,19,0,0,39,4,0,0,0,0,0,0,0
6,12,3,21,1,5,0,1.009004,0.985356,1.00931,20,0,334,100,100,0,0,0,24,22,14,0,2,40,4,100,27,0,0,3056,105,0,9,0,971,175,0,18,0,511,0,0,10,0,268,0,0,0,0,171,268,0,19,0,0,59,5,0,0,0,0,0,0,0
6,13,0,27,1,4,0,1.015652,0.981077,0.997815,27,2,584,100,100,0,0,0,0,8,26,26,2,40,2,78,27,0,0,3072,193,0,9,0,980,194,0,18,0,529,1,0,6,0,248,0,0,3,0,190,379,12,32,0,0,33,3,17,0,0,0,0,0,0
6,13,1,25,1,4,0,1.008176,0.981992,0.996579,25,2,584,100,100,0,0,0,8,0,26,24,2,40,2,39,21,0,0,3072,206,0,7,0,980,170,0,14,0,529,1,0,6,0,248,0,0,6,0,190,396,24,30,0,0,35,3,17,0,0,0,0,0,0
6,13,2,25,1,4,0,1.020636,0.98995,1.000779,24,1,459,100,100,0,0,0,26,26,0,16,2,40,2,159,33,0,0,3072,194,0,11,0,980,214,0,22,0,529,0,0,4,0,248,0,0,6,0,190,281,24,15,0,0,41,2,0,0,0,0,0,0,0
6,13,3,20,1,4,0,1.010652,0.979134,1.010551,19,1,459,100,100,0,0,0,26,24,16,0,2,40,2,115,27,0,0,3072,91,0,9,0,980,184,0,18,0,529,0,0,0,0,248,1,0,8,0,190,290,32,28,0,0,41,0,18,0,0,1,1,0,0
6,14,0,28,2,0,0,1.013784,0.981264,0.996979,27,2,584,100,100,0,0,0,0,8,26,28,2,40,12,83,27,0,0,3104,237,0,9,0,1004,188,0,18,0,509,0,0,10,0,268,0,0,0,0,256,363,0,19,0,0,38,5,0,0,0,0,0,0,0
6,14,1,25,2,0,0,1.008176,0.981992,0.996579,25,2,584,100,100,0,0,0,8,0,26,26,2,40,12,39,21,0,0,3104,174,0,7,0,1004,176,0,14,0,509,1,0,12,0,268,0,0,0,0,256,403,0,19,0,0,41,6,0,0,0,0,0,0,0
6,14,2,25,2,0,0,1.020636,0.98995,1.000779,24,1,459,100,100,0,0,0,26,26,0,16,2,40,12,180,36,0,0,3104,157,0,12,0,1004,221,0,24,0,509,1,0,4,0,268,0,0,4,0,256,285,16,18,0,0,42,2,1,0,0,1,1,0,0
6,14,3,21,2,0,0,1.012814,0.976955,1.008674,20,1,459,100,100,0,0,0,28,26,16,0,2,40,12,131,27,0,0,3104,78,0,9,0,1004,187,0,18,0,509,1,0,8,0,268,0,0,1,0,256,286,4,17,0,0,45,4,0,0,0,0,0,0,0
6,15,0,28,1,4,0,1.013784,0.981264,0.996979,27,2,584,100,100,0,0,0,0,10,28,30,2,40,0,93,27,0,0,3080,200,0,9,0,977,197,0,18,0,521,1,0,8,0,264,0,0,1,0,168,426,4,19,0,0,41,4,1,0,0,1,1,0,0
6,15,1,25,1,4,0,1.004476,0.985003,0.992357,24,2,584,100,100,0,0,0,10,0,28,28,2,40,0,42,21,0,0,3080,198,0,7,0,977,183,0,14,0,521,0,0,6,0,264,0,0,2,0,168,416,8,13,0,0,44,3,0,0,0,0,0,0,0
6,15,2,23,1,4,0,1.016886,0.987672,0.994679,23,1,459,100,100,0,0,0,28,28,0,18,2,40,0,198,33,0,0,3080,161,0,11,0,977,232,0,22,0,521,1,0,6,0,264,0,0,3,0,168,292,12,17,0,0,45,3,0,0,0,0,0,0,0
6,15,3,20,1,4,0,1.009426,0.975583,1.008425,19,1,459,100,100,0,0,0,30,28,18,0,2,40,0,149,27,0,0,3080,72,0,9,0,977,196,0,18,0,521,0,0,4,0,264,0,0,2,0,168,294,8,15,0,0,46,2,1,0,0,1,1,0,0
6,16,0,27,1,4,0,1.015652,0.981077,0.997815,27,2,584,100,100,0,0,0,0,10,28,32,2,40,6,97,27,0,0,3136,163,0,9,0,980,206,0,18,0,513,0,0,8,0,268,0,0,0,0,199,443,0,17,0,0,45,4,0,0,0,0,0,0,0
6,16,1,25,1,4,0,1.004476,0.985003,0.992357,24,2,584,100,100,0,0,0,10,0,30,28,2,40,6,44,21,0,0,3136,166,0,7,0,980,190,0,14,0,513,0,0,10,0,268,0,0,0,0,199,437,0,19,0,0,48,5,1,0,0,1,1,0,0
6,16,2,21,1,4,0,1.025588,0.987871,0.997745,21,1,459,100,100,0,0,0,28,30,0,20,3,40,6,216,33,0,0,3136,167,0,11,0,980,243,0,22,0,513,1,0,2,0,268,0,0,1,0,199,295,4,13,0,0,46,1,0,0,0,0,0,0,0
6,16,3,20,1,4,0,1.005238,0.970809,1.009659,19,1,459,100,100,0,0,0,32,28,20,0,3,40,6,167,27,0,0,3136,67,0,9,0,980,205,0,18,0,513,0,0,6,0,268,0,0,0,0,199,291,0,15,0,0,49,3,0,0,0,0,0,0,0
6,17,0,26,1,1,0,1.012632,0.984642,0.9977,26,2,584,100,100,0,0,0,0,10,30,34,2,40,1,106,27,0,0,2992,199,0,9,0,980,215,0,18,0,529,1,0,8,0,266,0,0,0,0,243,441,0,17,0,0,49,4,0,0,0,0,0,0,0
6,17,1,26,1,1,0,1.005471,0.981913,0.987798,25,2,584,100,100,0,0,0,10,0,32,30,2,40,1,48,21,0,0,2992,190,0,7,0,980,197,0,14,0,529,1,0,2,0,266,0,0,2,0,243,456,8,9,0,0,49,1,0,0,0,0,0,0,0
6,17,2,21,1,1,0,1.025588,0.987871,0.997745,21,1,459,100,100,0,0,0,30,32,0,20,3,40,1,238,33,0,0,2992,175,0,11,0,980,254,0,22,0,529,1,0,0,0,266,0,0,3,0,243,306,12,11,0,0,46,0,0,0,0,0,0,0,0
6,17,3,20,1,1,0,1.005238,0.970809,1.009659,19,1,459,100,100,0,0,0,34,30,20,0,3,40,1,182,27,0,0,2992,70,0,9,0,980,214,0,18,0,529,1,0,2,0,266,0,0,1,0,243,294,4,13,0,0,49,1,1,0,0,1,1,0,0
6,18,0,26,0,1,0,1.012632,0.984642,0.9977,26,3,709,100,100,0,0,0,0,10,32,36,2,40,0,114,27,0,0,3072,164,0,9,0,977,224,0,18,0,522,0,0,6,0,272,0,0,0,0,180,484,0,32,0,0,35,3,17,0,0,0,0,0,0
6,18,1,25,0,1,0,1.002467,0.981014,0.986764,24,2,584,100,100,0,0,0,10,0,34,32,2,40,0,55,24,0,0,3072,212,0,8,0,977,205,0,16,0,522,0,0,8,0,272,0,0,0,0,180,456,0,18,0,0,52,4,1,0,0,1,1,0,0
6,18,2,21,0,1,0,1.025588,0.987871,0.997745,21,1,459,100,100,0,0,0,32,34,0,20,3,40,0,260,33,0,0,3072,183,0,11,0,977,265,0,22,0,522,0,0,4,0,272,0,0,0,0,180,303,0,15,0,0,48,2,0,0,0,0,0,0,0
6,18,3,20,0,1,0,1.005238,0.970809,1.009659,20,1,459,100,100,0,0,0,36,32,20,0,3,40,0,199,27,0,0,3072,73,0,9,0,977,223,0,18,0,522,0,0,8,0,272,0,0,0,0,180,289,0,17,0,0,53,4,0,0,0,0,0,0,0
6,19,0,24,0,6,0,1.014085,0.985499,0.998617,24,3,709,100,100,0,0,0,0,12,34,36,2,40,6,118,24,0,0,3056,202,0,8,0,977,232,0,16,0,544,0,0,0,0,239,0,0,6,0,237,515,24,8,0,0,35,0,0,0,0,0,0,0,0
6,19,1,24,0,6,0,1.000408,0.981051,0.987408,24,3,709,100,100,0,0,0,12,0,36,34,2,40,6,56,21,0,0,3056,180,0,7,0,977,212,0,14,0,544,0,0,0,0,239,0,0,12,0,237,506,48,24,0,0,35,0,17,0,0,0,0,0,0
6,19,2,19,0,6,0,1.024833,0.98544,1.000159,19,1,459,100,100,0,0,0,34,36,0,22,3,40,6,274,30,0,0,3056,192,0,10,0,977,275,0,20,0,544,0,0,0,0,239,0,0,3,0,237,314,12,10,0,0,48,0,0,0,0,0,0,0,0
6,19,3,19,0,6,0,1.010181,0.970407,1.011423,19,1,459,100,100,0,0,0,36,34,22,0,3,40,6,208,24,0,0,3056,77,0,8,0,977,231,0,16,0,544,0,0,0,0,239,1,0,8,0,237,323,32,8,0,0,53,0,0,0,0,0,0,0,0
6,20,0,23,2,2,0,1.009224,0.983785,1.000215,23,4,834,100,100,0,0,0,0,12,36,38,2,40,5,128,24,0,0,3119,170,0,8,0,989,240,0,16,0,539,0,0,0,0,250,0,0,6,0,139,586,24,25,0,0,18,0,17,0,0,0,0,0,0
6,20,1,25,2,2,0,1.005706,0.982329,0.985374,23,3,709,100,100,0,0,0,12,0,38,36,2,40,5,63,21,0,0,3119,198,0,7,0,989,219,0,14,0,539,1,0,0,0,250,0,0,8,0,139,556,32,7,0,0,35,0,0,0,0,0,0,0,0
6,20,2,19,2,2,0,1.024833,0.98544,1.000159,19,1,459,100,100,0,0,0,36,38,0,22,3,40,5,292,30,0,0,3119,163,0,10,0,989,285,0,20,0,539,0,0,0,0,250,0,0,3,0,139,365,12,10,0,0,48,0,0,0,0,0,0,0,0
6,20,3,19,2,2,0,1.010181,0.970407,1.011423,19,1,459,100,100,0,0,0,38,36,22,0,3,40,5,220,24,0,0,3119,82,0,8,0,989,239,0,16,0,539,0,0,4,0,250,0,0,3,0,139,335,12,12,0,0,55,2,0,0,0,0,0,0,0
6,21,0,22,0,3,0,1.008058,0.986761,1.000522,22,4,834,100,100,0,0,0,0,12,38,40,2,40,6,135,21,0,0,3056,212,0,7,0,989,247,0,14,0,521,1,0,4,0,268,0,0,1,0,216,591,4,11,0,0,20,2,0,0,0,0,0,0,0
6,21,1,24,0,3,0,1.005967,0.981638,0.984034,22,3,709,100,100,0,0,0,12,0,40,36,2,40,6,63,18,0,0,3056,167,0,6,0,989,225,0,12,0,521,0,0,8,0,268,0,0,2,0,216,599,8,16,0,0,38,4,1,0,0,1,1,0,0
6,21,2,19,0,3,0,1.024833,0.98544,1.000159,19,1,459,100,100,0,0,0,38,40,0,22,3,40,6,313,30,0,0,3056,174,0,10,0,989,295,0,20,0,521,0,0,2,0,268,0,0,1,0,216,366,4,12,0,0,49,1,0,0,0,0,0,0,0
6,21,3,18,0,3,0,1.006897,0.970883,1.011754,18,1,459,100,100,0,0,0,40,36,22,0,3,40,6,228,21,0,0,3056,88,0,7,0,989,246,0,14,0,521,1,0,8,0,268,0,0,0,0,216,332,0,15,0,0,59,4,0,0,0,0,0,0,0
6,22,0,22,1,1,0,1.008058,0.986761,1.000522,22,4,834,100,100,0,0,0,0,12,40,42,2,40,5,139,21,0,0,3064,183,0,7,0,998,254,0,14,0,522,0,0,6,0,272,0,0,0,0,183,653,0,13,0,0,23,3,0,0,0,0,0,0,0
6,22,1,25,1,1,0,1.004399,0.980501,0.983489,23,4,834,100,100,0,0,0,12,0,42,38,2,40,5,66,18,0,0,3064,201,0,6,0,998,231,0,12,0,522,0,0,6,0,272,0,0,0,0,183,589,0,31,0,0,23,3,18,0,0,1,1,0,0
6,22,2,18,1,1,0,1.026244,0.984692,0.999193,18,1,459,100,100,0,0,0,40,42,0,22,3,40,5,330,27,0,0,3064,186,0,9,0,998,304,0,18,0,522,1,0,2,0,272,0,0,0,0,183,364,0,11,0,0,50,1,0,0,0,0,0,0,0
6,22,3,18,1,1,0,1.006897,0.970883,1.011754,18,1,459,100,100,0,0,0,42,38,22,0,3,40,5,239,21,0,0,3064,95,0,7,0,998,253,0,14,0,522,1,0,8,0,272,0,0,0,0,183,329,0,15,0,0,63,4,0,0,0,0,0,0,0
6,23,0,22,0,0,0,1.008058,0.986761,1.000522,22,4,834,100,100,0,0,0,0,12,40,42,2,40,5,148,21,0,0,3096,226,0,7,0,1001,261,0,14,0,526,0,0,4,0,266,0,0,2,0,162,662,8,11,0,0,25,2,0,0,0,0,0,0,0
6,23,1,25,0,0,0,1.004399,0.980501,0.983489,24,4,834,100,100,0,0,0,12,0,44,40,2,40,5,70,18,0,0,3096,170,0,6,0,1001,237,0,12,0,526,1,0,6,0,266,0,0,2,0,162,649,8,14,0,0,25,3,1,0,0,1,1,0,0
6,23,2,18,0,0,0,1.026244,0.984692,0.999193,18,2,584,100,100,0,0,0,40,44,0,22,3,40,5,346,27,0,0,3096,159,0,9,0,1001,313,0,18,0,526,1,0,2,0,266,0,0,1,0,162,388,4,28,0,0,34,1,17,0,0,0,0,0,0
6,23,3,18,0,0,0,1.006897,0.970883,1.011754,18,1,459,100,100,0,0,0,42,40,22,0,3,40,5,249,21,0,0,3096,102,0,7,0,1001,260,0,14,0,526,0,0,6,0,266,0,0,1,0,162,332,4,13,0,0,66,3,0,0,0,0,0,0,0
6,24,0,22,3,2,0,1.008058,0.986761,1.000522,22,4,834,100,100,0,0,0,0,12,42,42,2,40,1,155,21,0,0,3073,197,0,7,0,1001,268,0,14,0,517,0,0,6,0,272,0,0,0,0,196,699,0,13,0,0,28,3,0,0,0,0,0,0,0
6,24,1,25,3,2,0,1.004396,0.980218,0.987864,24,4,834,100,100,0,0,0,12,0,46,42,2,40,1,73,18,0,0,3073,194,0,6,0,1001,243,0,12,0,517,0,0,10,0,272,0,0,0,0,196,663,0,16,0,0,30,5,0,0,0,0,0,0,0
6,24,2,18,3,2,0,1.035235,0.987178,0.992908,17,2,584,100,100,0,0,0,42,46,0,22,3,40,1,363,27,0,0,3073,164,0,9,0,1001,322,0,18,0,517,0,0,4,0,272,0,0,0,0,196,384,0,13,0,0,36,2,0,0,0,0,0,0,0
6,24,3,19,3,2,0,1.007617,0.97139,1.007572,18,1,459,100,100,0,0,0,42,42,22,0,3,40,1,261,21,0,0,3073,109,0,7,0,1001,267,0,14,0,517,1,0,8,0,272,0,0,0,0,196,329,0,15,0,0,70,4,0,0,0,0,0,0,0
6,25,0,22,0,4,0,1.008058,0.986761,1.000522,22,5,959,100,100,0,0,0,0,12,44,44,2,40,5,161,21,0,0,3136,168,0,7,0,998,275,0,14,0,514,0,0,6,0,272,0,0,0,0,151,727,0,30,0,0,14,3,17,0,0,0,0,0,0
6,25,1,24,0,4,0,1.002109,0.980267,0.988662,24,5,959,100,100,0,0,0,12,0,48,44,2,40,5,74,18,0,0,3136,163,0,6,0,998,249,0,12,0,514,1,0,8,0,272,0,0,0,0,151,699,0,31,0,0,17,4,17,0,0,0,0,0,0
6,25,2,17,0,4,0,1.037464,0.984464,0.991741,16,2,584,100,100,0,0,0,44,48,0,24,3,40,5,384,30,0,0,3136,160,0,10,0,998,332,0,20,0,514,1,0,2,0,272,0,0,0,0,151,379,0,14,0,0,36,1,1,0,0,1,1,0,0
6,25,3,17,0,4,0,1.007535,0.966435,1.01171,16,1,459,100,100,0,0,0,44,44,24,0,3,40,5,271,18,0,0,3136,116,0,6,0,998,273,0,12,0,514,0,0,10,0,272,0,0,0,0,151,323,0,18,0,0,74,5,1,0,0,1,1,0,0
6,26,0,22,1,0,0,1.008058,0.986761,1.000522,22,5,959,100,100,0,0,0,0,12,46,44,2,40,4,170,21,0,0,3008,211,0,7,0,1086,261,0,14,0,526,0,0,6,0,268,0,0,0,0,246,726,0,13,0,0,17,3,0,0,0,0,0,0,0
6,26,1,25,1,0,0,1.008776,0.981714,0.989355,24,5,959,100,100,0,0,0,12,0,50,46,2,40,4,77,18,0,0,3008,197,0,6,0,1086,238,0,12,0,526,1,0,6,0,268,0,0,2,0,246,716,8,12,0,0,20,3,0,0,0,0,0,0,0
6,26,2,17,1,0,0,1.037464,0.984464,0.991741,17,2,584,100,100,0,0,0,46,50,0,24,3,40,4,404,30,0,0,3008,157,0,10,0,1086,313,0,20,0,526,0,0,4,0,268,0,0,0,0,246,374,0,14,0,0,38,2,0,0,0,0,0,0,0
6,26,3,17,1,0,0,1.007535,0.966435,1.01171,17,1,459,100,100,0,0,0,44,46,24,0,3,40,4,278,18,0,0,3008,125,0,6,0,1086,261,0,12,0,526,1,0,2,0,268,0,0,2,0,246,335,8,8,0,0,75,1,0,0,0,0,0,0,0
6,27,0,22,0,0,0,1.008058,0.986761,1.000522,22,5,959,100,100,0,0,0,0,14,48,46,2,40,1,178,21,0,0,3144,182,0,7,0,1001,268,0,14,0,537,0,0,2,0,258,0,0,4,0,129,807,16,9,0,0,18,1,0,0,0,0,0,0,0
6,27,1,25,0,0,0,1.008776,0.981714,0.989355,24,5,959,100,100,0,0,0,14,0,52,48,2,40,1,80,18,0,0,3144,166,0,6,0,1001,244,0,12,0,537,0,0,4,0,258,0,0,6,0,129,804,24,12,0,0,21,2,1,0,0,1,1,0,0
6,27,2,17,0,0,0,1.037464,0.984464,0.991741,17,2,584,100,100,0,0,0,48,52,0,26,3,40,1,427,30,0,0,3144,154,0,10,0,1001,323,0,20,0,537,1,0,0,0,258,0,0,2,0,129,381,8,10,0,0,38,0,0,0,0,0,0,0,0
6,27,3,17,0,0,0,1.007535,0.966435,1.01171,17,1,459,100,100,0,0,0,46,48,26,0,3,40,1,289,18,0,0,3144,134,0,6,0,1001,267,0,12,0,537,0,0,2,0,258,0,0,2,0,129,347,8,8,0,0,76,1,0,0,0,0,0,0,0
6,28,0,19,0,6,0,1.007733,0.98851,0.995719,19,5,959,100,100,0,0,0,0,16,50,48,2,40,4,182,18,0,0,3008,218,0,6,0,1001,274,0,12,0,518,0,0,6,0,272,0,0,0,0,246,804,0,12,0,0,21,3,0,0,0,0,0,0,0
6,28,1,24,0,6,0,1.010335,0.979395,0.991376,24,5,959,100,100,0,0,0,16,0,54,50,2,40,4,81,18,0,0,3008,199,0,6,0,1001,250,0,12,0,518,1,0,8,0,272,0,0,0,0,246,808,0,14,0,0,25,4,0,0,0,0,0,0,0
6,28,2,16,0,6,0,1.040754,0.978316,0.985559,16,2,584,100,100,0,0,0,50,54,0,26,3,40,4,445,27,0,0,3008,152,0,9,0,1001,332,0,18,0,518,0,0,4,0,272,0,0,0,0,246,377,0,13,0,0,40,2,0,0,0,0,0,0,0
6,28,3,16,0,6,0,1.01178,0.964523,1.013208,16,1,459,100,100,0,0,0,48,50,26,0,3,40,4,295,15,0,0,3008,144,0,5,0,1001,272,0,10,0,518,0,0,8,0,272,0,0,0,0,246,346,0,13,0,0,80,4,0,0,0,0,0,0,0
6,29,0,19,0,2,0,1.007733,0.98851,0.995719,19,6,1084,100,100,0,0,0,0,18,52,50,2,40,5,189,18,0,0,3144,193,0,6,0,1010,280,0,12,0,525,0,0,6,0,272,0,0,0,0,135,844,0,29,0,0,7,3,17,0,0,0,0,0,0
6,29,1,23,0,2,0,1.006875,0.983652,0.991971,23,6,1084,100,100,0,0,0,18,0,56,52,2,40,5,82,15,0,0,3144,170,0,5,0,1010,255,0,10,0,525,0,0,8,0,272,0,0,0,0,135,853,0,30,0,0,12,4,17,0,0,0,0,0,0
6,29,2,15,0,2,0,1.041194,0.97838,0.981733,15,2,584,100,100,0,0,0,52,56,0,26,3,40,5,460,24,0,0,3144,152,0,8,0,1010,340,0,16,0,525,0,0,0,0,272,0,0,0,0,135,378,0,8,0,0,40,0,0,0,0,0,0,0,0
6,29,3,16,0,2,0,1.01178,0.964523,1.013208,16,1,459,100,100,0,0,0,50,52,26,0,3,40,5,304,15,0,0,3144,155,0,5,0,1010,277,0,10,0,525,0,0,6,0,272,0,0,0,0,135,347,0,11,0,0,83,3,0,0,0,0,0,0,0
6,30,0,19,2,3,0,1.007733,0.98851,0.995719,19,6,1084,100,100,0,0,0,0,18,54,52,2,40,1,196,18,0,0,3080,168,0,6,0,1016,286,0,12,0,537,0,0,2,0,264,0,0,4,0,199,914,16,8,0,0,8,1,0,0,0,0,0,0,0
6,30,1,20,2,3,0,1.002233,0.9751,0.997041,20,6,1084,100,100,0,0,0,18,0,58,54,2,40,1,81,15,0,0,3080,206,0,5,0,1016,260,0,10,0,537,1,0,0,0,264,0,0,2,0,199,865,8,5,0,0,12,0,0,0,0,0,0,0,0
6,30,2,15,2,3,0,1.041194,0.97838,0.981733,15,2,584,100,100,0,0,0,54,58,0,26,3,40,1,481,24,0,0,3080,153,0,8,0,1016,348,0,16,0,537,0,0,0,0,264,0,0,0,0,199,379,0,8,0,0,40,0,0,0,0,0,0,0,0
6,30,3,18,2,3,0,1.010307,0.969582,1.014614,16,1,459,100,100,0,0,0,52,54,26,0,3,40,1,315,15,0,0,3080,166,0,5,0,1016,282,0,10,0,537,0,0,4,0,264,0,0,2,0,199,358,8,9,0,0,85,2,0,0,0,0,0,0,0
6,31,0,19,0,3,0,1.007733,0.98851,0.995719,19,6,1084,100,100,0,0,0,0,18,56,54,2,40,5,204,18,0,0,3080,207,0,6,0,1016,292,0,12,0,514,0,0,6,0,272,0,0,0,0,219,911,0,12,0,0,11,3,0,0,0,0,0,0,0
6,31,1,20,0,3,0,1.002233,0.9751,0.997041,20,6,1084,100,100,0,0,0,18,0,60,54,2,40,5,84,15,0,0,3080,181,0,5,0,1016,265,0,10,0,514,1,0,12,0,272,0,0,0,0,219,902,0,17,0,0,18,6,0,0,0,0,0,0,0
6,31,2,14,0,3,0,1.04214,0.972984,0.981646,14,3,709,100,100,0,0,0,56,60,0,26,3,40,5,501,24,0,0,3080,146,0,8,0,1016,356,0,16,0,514,1,0,2,0,272,0,0,0,0,219,361,0,27,0,0,24,1,17,0,0,0,0,0,0
6,31,3,16,0,3,0,1.01585,0.969826,1.017763,15,1,459,100,100,0,0,0,54,54,26,0,3,40,5,319,15,0,0,3080,175,0,5,0,1016,287,0,10,0,514,1,0,8,0,272,0,0,0,0,219,350,0,15,0,0,88,4,1,0,0,1,1,0,0
6,32,0,19,0,1,0,1.007733,0.98851,0.995719,19,6,1084,100,100,0,0,0,0,18,58,56,2,40,3,212,18,0,0,3088,182,0,6,0,1016,298,0,12,0,514,0,0,6,0,272,0,0,0,0,300,899,0,12,0,0,14,3,0,0,0,0,0,0,0
6,32,1,20,0,1,0,1.002233,0.9751,0.997041,20,6,1084,100,100,0,0,0,18,0,62,56,2,40,3,90,15,0,0,3088,220,0,5,0,1016,270,0,10,0,514,1,0,12,0,272,0,0,0,0,300,885,0,17,0,0,24,6,0,0,0,0,0,0,0
6,32,2,14,0,1,0,1.04214,0.972984,0.981646,14,3,709,100,100,0,0,0,58,62,0,26,3,40,3,518,24,0,0,3088,140,0,8,0,1016,364,0,16,0,514,0,0,4,0,272,0,0,0,0,300,349,0,12,0,0,26,2,0,0,0,0,0,0,0
6,32,3,15,0,1,0,1.010913,0.975716,1.020434,15,1,459,100,100,0,0,0,56,56,26,0,3,40,3,325,12,0,0,3088,187,0,4,0,1016,291,0,8,0,514,0,0,10,0,272,0,0,0,0,300,336,0,14,0,0,93,5,0,0,0,0,0,0,0
6,33,0,19,1,3,0,1.007733,0.98851,0.995719,19,6,1084,100,100,0,0,0,0,18,60,56,2,40,2,220,18,0,0,3120,221,0,6,0,1019,304,0,12,0,539,1,0,2,0,248,0,0,3,0,206,912,12,8,0,0,15,1,0,0,0,0,0,0,0
6,33,1,20,1,3,0,1.002233,0.9751,0.997041,20,7,1209,100,100,0,0,0,18,0,64,56,2,40,2,94,15,0,0,3120,195,0,5,0,1019,275,0,10,0,539,1,0,2,0,248,0,0,9,0,206,942,36,24,0,0,8,1,17,0,0,0,0,0,0
6,33,2,15,1,3,0,1.047373,0.9767,0.977685,14,3,709,100,100,0,0,0,60,64,0,26,3,40,2,536,24,0,0,3120,134,0,8,0,1019,372,0,16,0,539,0,0,0,0,248,0,0,3,0,206,362,12,8,0,0,26,0,0,0,0,0,0,0,0
6,33,3,12,1,3,0,1.020222,0.97253,1.023255,12,1,459,100,100,0,0,0,56,56,26,0,3,40,2,329,12,0,0,3120,168,0,4,0,1019,295,0,8,0,539,0,0,0,0,248,0,0,0,0,206,363,0,4,0,0,93,0,0,0,0,0,0,0,0
6,34,0,18,2,2,0,1.004736,0.989977,0.99491,18,7,1209,100,100,0,0,0,0,20,62,56,3,40,1,229,18,0,0,3152,196,0,6,0,1016,310,0,12,0,529,0,0,4,0,269,0,0,0,0,203,921,0,27,0,0,0,2,17,0,0,0,0,0,0
6,34,1,20,2,2,0,0.999743,0.977489,1.003101,19,7,1209,100,100,0,0,0,20,0,66,58,3,40,1,100,15,0,0,3152,170,0,5,0,1016,280,0,10,0,529,0,0,10,0,269,0,0,3,0,203,976,12,15,0,0,13,5,0,0,0,0,0,0,0
6,34,2,16,2,2,0,1.049314,0.975001,0.978497,14,3,709,100,100,0,0,0,62,66,0,26,3,40,1,554,27,0,0,3152,126,0,9,0,1016,381,0,18,0,529,0,0,0,0,269,0,0,0,0,203,360,0,11,0,0,25,0,1,0,0,1,1,0,0
6,34,3,12,2,2,0,1.020222,0.97253,1.023255,12,1,459,100,100,0,0,0,56,58,26,0,3,40,1,337,12,0,0,3152,184,0,4,0,1016,299,0,8,0,529,0,0,0,0,269,0,0,0,0,203,371,0,4,0,0,93,0,0,0,0,0,0,0,0
6,35,0,18,1,0,0,1.004736,0.989977,0.99491,18,7,1209,100,100,0,0,0,0,20,64,58,3,40,0,239,18,0,0,3120,172,0,6,0,1016,316,0,12,0,526,1,0,2,0,266,0,0,0,0,177,979,0,8,0,0,1,1,0,0,0,0,0,0,0
6,35,1,20,1,0,0,0.999743,0.977489,1.003101,19,7,1209,100,100,0,0,0,20,0,66,60,3,40,0,105,15,0,0,3120,209,0,5,0,1016,285,0,10,0,526,1,0,10,0,266,0,0,4,0,177,981,16,17,0,0,17,5,1,0,0,1,1,0,0
6,35,2,16,1,0,0,1.049314,0.975001,0.978497,15,3,709,100,100,0,0,0,64,66,0,26,3,40,0,577,27,0,0,3120,117,0,9,0,1016,390,0,18,0,526,0,0,4,0,266,0,0,2,0,177,362,8,15,0,0,26,2,1,0,0,1,1,0,0
6,35,3,13,1,0,0,1.017089,0.97386,1.029829,12,2,584,100,100,0,0,0,58,60,26,0,3,40,0,345,12,0,0,3120,168,0,4,0,1016,303,0,8,0,526,0,0,0,0,266,0,0,0,0,177,392,0,21,0,0,76,0,17,0,0,0,0,0,0
6,36,0,19,2,1,0,1.002984,0.993203,0.996292,18,7,1209,100,100,0,0,0,0,20,66,60,3,40,2,247,18,0,0,3088,212,0,6,0,1016,322,0,12,0,542,1,0,0,0,251,0,0,3,0,204,994,12,6,0,0,1,0,0,0,0,0,0,0,0
6,36,1,20,2,1,0,0.997953,0.979088,1.001689,19,8,1334,100,100,0,0,0,20,0,68,60,3,40,2,109,15,0,0,3088,184,0,5,0,1016,290,0,10,0,542,1,0,2,0,251,3,0,9,0,204,1051,36,24,0,0,1,1,17,0,0,0,0,0,0
6,36,2,16,2,1,0,1.049314,0.975001,0.978497,16,3,709,100,100,0,0,0,66,68,0,26,3,40,2,598,27,0,0,3088,108,0,9,0,1016,399,0,18,0,542,0,0,0,0,251,0,0,3,0,204,374,12,9,0,0,26,0,0,0,0,0,0,0,0
6,36,3,13,2,1,0,1.017089,0.97386,1.029829,12,2,584,100,100,0,0,0,60,60,26,0,3,40,2,355,12,0,0,3088,183,0,4,0,1016,307,0,8,0,542,0,0,0,0,251,0,0,3,0,204,410,12,6,0,0,75,0,1,0,0,1,1,0,0
6,37,0,18,0,3,0,1.003298,0.990974,0.995378,17,7,1209,100,100,0,0,0,0,20,68,60,3,40,3,258,21,0,0,3120,186,0,7,0,1013,329,0,14,0,544,1,0,0,0,254,0,0,3,0,168,1062,12,9,0,0,0,0,1,0,0,1,1,0,0
6,37,1,19,0,3,0,1.00144,0.980259,1.0056,18,8,1334,100,100,0,0,0,20,0,70,62,3,40,3,116,15,0,0,3120,215,0,5,0,1013,295,0,10,0,544,1,0,0,0,254,3,0,9,0,168,1086,36,7,0,0,0,0,1,0,0,1,1,0,0
6,37,2,16,0,3,0,1.049314,0.975001,0.978497,16,4,834,100,100,0,0,0,68,70,0,26,3,40,3,617,27,0,0,3120,99,0,9,0,1013,408,0,18,0,544,0,0,0,0,254,0,0,3,0,168,369,12,26,0,0,9,0,17,0,0,0,0,0,0
6,37,3,12,0,3,0,1.025424,0.976874,1.028022,12,2,584,100,100,0,0,0,60,62,26,0,3,40,3,362,12,0,0,3120,166,0,4,0,1013,311,0,8,0,544,0,0,0,0,254,0,0,3,0,168,454,12,4,0,0,75,0,0,0,0,0,0,0,0
6,38,0,16,0,4,0,0.99148,0.992907,0.997324,16,7,1209,100,100,0,0,0,0,22,70,62,3,40,6,260,15,0,0,3160,163,0,5,0,1013,334,0,10,0,524,1,0,2,0,272,0,0,0,0,173,1108,0,7,0,0,1,1,0,0,0,0,0,0,0
6,38,1,18,0,4,0,1.002648,0.976856,1.00859,18,8,1334,100,100,0,0,0,22,0,72,64,3,40,6,119,12,0,0,3160,192,0,4,0,1013,299,0,8,0,524,1,0,10,0,272,0,0,3,0,173,1137,12,14,0,0,5,5,0,0,0,0,0,0,0
6,38,2,16,0,4,0,1.049314,0.975001,0.978497,16,4,834,100,100,0,0,0,70,72,0,28,3,40,6,637,27,0,0,3160,90,0,9,0,1013,417,0,18,0,524,0,0,6,0,272,0,0,0,0,173,363,0,15,0,0,12,3,0,0,0,0,0,0,0
6,38,3,11,0,4,0,1.030152,0.974999,1.026642,11,2,584,100,100,0,0,0,62,64,28,0,3,40,6,367,9,0,0,3160,175,0,3,0,1013,314,0,6,0,524,0,0,2,0,272,0,0,0,0,173,461,0,5,0,0,76,1,0,0,0,0,0,0,0
6,39,0,16,0,0,0,0.99148,0.992907,0.997324,16,7,1209,100,100,0,0,0,0,22,70,62,3,40,10,268,15,0,0,3104,198,0,5,0,1025,339,0,10,0,526,1,0,2,0,272,0,0,0,0,300,1101,0,7,0,0,2,1,0,0,0,0,0,0,0
6,39,1,18,0,0,0,1.002648,0.976856,1.00859,18,8,1334,100,100,0,0,0,22,0,72,64,3,40,10,119,12,0,0,3104,170,0,4,0,1025,303,0,8,0,526,0,0,10,0,272,0,0,0,0,300,1123,0,14,0,0,10,5,0,0,0,0,0,0,0
6,39,2,16,0,0,0,1.049314,0.975001,0.978497,16,4,834,100,100,0,0,0,70,72,0,28,3,40,10,657,27,0,0,3104,81,0,9,0,1025,426,0,18,0,526,0,0,6,0,272,0,0,0,0,300,348,0,15,0,0,15,3,0,0,0,0,0,0,0
6,39,3,11,0,0,0,1.030152,0.974999,1.026642,11,2,584,100,100,0,0,0,62,64,28,0,3,40,10,371,9,0,0,3104,185,0,3,0,1025,317,0,6,0,526,1,0,0,0,272,0,0,0,0,300,458,0,3,0,0,76,0,0,0,0,0,0,0,0
6,40,0,16,1,2,0,0.99148,0.992907,0.997324,16,7,1209,100,100,0,0,0,0,22,72,64,3,40,12,274,15,0,0,3128,177,0,5,0,1025,344,0,10,0,544,1,0,0,0,260,0,0,1,0,193,1156,4,5,0,0,2,0,0,0,0,0,0,0,0
6,40,1,18,1,2,0,1.002648,0.976856,1.00859,18,8,1334,100,100,0,0,0,22,0,74,66,3,40,12,120,12,0,0,3128,204,0,4,0,1025,307,0,8,0,544,0,0,0,0,260,0,0,8,0,193,1157,32,4,0,0,10,0,0,0,0,0,0,0,0
6,40,2,14,1,2,0,1.04214,0.972984,0.981646,14,4,834,100,100,0,0,0,72,74,0,28,3,40,12,672,24,0,0,3128,73,0,8,0,1025,434,0,16,0,544,0,0,0,0,260,0,0,0,0,193,349,0,8,0,0,15,0,0,0,0,0,0,0,0
6,40,3,12,1,2,0,1.026092,0.976312,1.017394,11,2,584,100,100,0,0,0,64,66,28,0,3,40,12,374,9,0,0,3128,171,0,3,0,1025,320,0,6,0,544,1,0,0,0,260,0,0,0,0,193,491,0,3,0,0,76,0,0,0,0,0,0,0,0
3,1,0,49,0,6,0,0.99596,0.995282,1.009364,0,0,334,100,100,0,0,0,0,2,2,2,0,40,0,49,39,0,0,2816,192,0,13,0,932,63,0,26,0,492,1,0,46,0,172,27,0,23,0,157,118,92,77,0,0,14,23,9,0,0,9,9,0,0
3,1,1,50,0,6,0,0.996939,0.995431,1.008426,0,0,334,100,100,0,0,0,2,0,2,2,0,40,0,47,39,0,0,2816,200,0,13,0,932,63,0,26,0,492,1,0,46,0,172,26,0,24,0,157,121,96,77,0,0,14,23,9,0,0,9,9,0,0
3,1,2,48,0,6,0,1.000212,0.995226,1.00853,0,0,334,100,100,0,0,0,2,2,0,2,0,40,0,49,39,0,0,2816,192,0,13,0,932,63,0,26,0,492,3,0,44,0,172,28,0,22,0,157,113,88,75,0,0,13,22,9,0,0,9,9,0,0
3,1,3,47,0,6,0,0.997354,0.999845,1.006476,0,0,334,100,100,0,0,0,2,2,2,0,0,40,0,47,39,0,0,2816,192,0,13,0,932,63,0,26,0,492,1,0,44,0,172,23,0,23,0,157,120,92,75,0,0,13,22,9,0,0,9,9,0,0
3,2,0,48,1,5,0,0.994956,0.993992,1.008894,9,0,334,100,100,0,0,0,0,2,4,4,0,40,0,50,39,0,0,2842,218,0,13,0,935,76,0,26,0,417,0,0,30,0,272,4,0,23,0,157,185,92,61,0,0,20,15,9,0,0,9,9,0,0
3,2,1,49,1,5,0,0.995563,0.997435,1.010523,8,0,334,100,100,0,0,0,2,0,4,4,0,40,0,43,36,0,0,2842,232,0,12,0,935,75,0,24,0,417,1,0,32,0,272,2,0,24,0,157,193,96,62,0,0,21,16,9,0,0,9,9,0,0
3,2,2,46,1,5,0,0.998964,0.993009,1.00956,8,0,334,100,100,0,0,0,4,4,0,2,0,40,0,50,39,0,0,2842,219,0,13,0,935,76,0,26,0,417,0,0,36,0,272,8,0,20,0,157,153,80,67,0,0,22,18,9,0,0,9,9,0,0
3,2,3,47,1,5,0,0.997354,0.999845,1.006476,9,0,334,100,100,0,0,0,4,4,2,0,0,40,0,45,39,0,0,2842,220,0,13,0,935,76,0,26,0,417,0,0,28,0,272,0,0,23,0,157,189,92,59,0,0,18,14,9,0,0,9,9,0,0
3,3,0,50,2,10,0,0.995323,0.99207,1.009183,18,0,334,100,100,0,0,0,0,2,6,6,0,40,1,51,39,0,0,3200,157,0,13,0,1047,56,0,26,0,414,0,0,34,0,272,0,0,4,0,0,211,16,65,0,0,28,17,9,0,0,9,9,0,0
3,3,1,44,2,10,0,0.99873,0.999904,1.009904,17,0,334,100,100,0,0,0,2,0,6,6,0,40,1,40,33,0,0,3200,172,0,11,0,1047,56,0,22,0,414,1,0,28,0,272,0,0,2,0,0,219,8,57,0,0,26,14,9,0,0,9,9,0,0
3,3,2,44,2,10,0,0.996376,0.994205,1.00981,16,0,334,100,100,0,0,0,6,6,0,2,0,40,1,53,39,0,0,3200,160,0,13,0,1047,69,0,26,0,414,1,0,36,0,272,0,0,8,0,0,187,32,65,0,0,32,18,8,0,0,8,8,0,0
3,3,3,44,2,10,0,1.000302,1.00091,1.008225,17,0,334,100,100,0,0,0,6,6,2,0,0,40,1,44,36,0,0,3200,161,0,12,0,1047,62,0,24,0,414,1,0,24,0,272,0,0,0,0,0,210,0,54,0,0,21,12,9,0,0,9,9,0,0
3,4,0,48,0,4,0,0.99156,0.990784,1.0089,27,0,334,100,100,0,0,0,0,2,8,8,0,40,3,48,39,0,0,2856,166,0,13,0,941,69,0,26,0,487,1,0,18,0,225,0,0,11,0,168,245,44,49,0,0,28,9,9,0,0,9,9,0,0
3,4,1,43,0,4,0,1.001569,1.001123,1.010983,25,0,334,100,100,0,0,0,2,0,8,8,0,40,3,39,33,0,0,2856,205,0,11,0,941,67,0,22,0,487,0,0,12,0,225,0,0,13,0,168,260,52,41,0,0,23,6,9,0,0,9,9,0,0
3,4,2,43,0,4,0,0.995537,0.992087,1.007451,23,0,334,100,100,0,0,0,8,8,0,2,0,40,3,53,36,0,0,2856,184,0,12,0,941,81,0,24,0,487,0,0,18,0,225,0,0,11,0,168,209,44,46,0,0,33,9,8,0,0,8,8,0,0
3,4,3,44,0,4,0,1.000302,1.00091,1.008225,26,0,334,100,100,0,0,0,8,8,2,0,0,40,3,46,36,0,0,2856,193,0,12,0,941,74,0,24,0,487,1,0,10,0,225,0,0,12,0,168,254,48,40,0,0,17,5,9,0,0,9,9,0,0
3,5,0,44,0,14,1,0.995008,0.992045,1.01256,32,0,334,100,100,0,0,0,0,2,6,2,0,40,1,51,39,0,0,2872,177,0,13,0,944,82,0,26,0,438,0,0,32,0,271,0,0,0,0,173,215,0,57,0,0,38,16,6,0,0,6,6,0,0
3,5,1,41,0,14,1,1.002234,1.003106,1.012715,33,0,334,100,100,0,0,0,2,0,10,10,0,40,1,40,33,0,0,2872,231,0,11,0,944,78,0,22,0,438,1,0,20,0,271,0,0,1,0,173,253,4,39,0,0,29,10,4,0,0,4,4,0,0
3,5,2,41,0,14,1,0.994428,0.994438,1.004319,30,0,334,100,100,0,0,0,6,10,0,2,0,40,1,52,33,0,0,2872,210,0,11,0,944,92,0,22,0,438,0,0,30,0,271,0,0,0,0,173,180,0,53,0,0,42,15,6,0,0,6,6,0,0
3,5,3,38,0,14,1,1.002576,0.999925,1.008147,32,0,334,100,100,0,0,0,2,10,2,0,0,40,1,44,33,0,0,2872,226,0,11,0,944,85,0,22,0,438,0,0,22,0,271,0,0,0,0,173,236,0,39,0,0,25,11,3,0,0,3,3,0,0
3,6,0,43,2,9,2,0.994014,0.997651,1.011857,37,0,334,100,100,0,0,0,0,4,8,-4,0,40,0,54,36,0,0,3128,193,0,12,0,958,88,0,24,0,448,1,0,20,0,245,0,0,11,0,52,248,44,38,0,0,45,10,3,0,0,3,3,0,0
3,6,1,37,2,9,2,1.003602,1.006732,1.013548,34,1,459,100,100,0,0,0,4,0,12,4,0,40,0,43,33,0,0,3128,179,0,11,0,958,87,0,22,0,448,0,0,22,0,245,0,0,3,0,52,274,12,54,0,0,21,11,19,0,0,2,2,0,0
3,6,2,40,2,9,2,0.993756,0.995845,1.006092,36,0,334,100,100,0,0,0,8,12,0,0,0,40,0,50,30,0,0,3128,159,0,10,0,958,102,0,20,0,448,0,0,30,0,245,0,0,6,0,52,233,24,44,0,0,55,15,2,0,0,2,2,0,0
3,6,3,37,2,9,2,1.001503,0.999391,1.012982,33,1,459,100,100,0,0,0,-4,4,0,0,0,40,0,52,33,0,0,3128,177,0,11,0,958,96,0,22,0,448,0,0,18,0,245,0,0,7,0,52,274,28,50,0,0,15,9,19,0,0,2,2,0,0
3,7,0,41,4,11,0,0.993248,1.000187,1.013871,37,0,334,100,100,0,0,0,0,4,10,-2,0,40,0,56,36,0,0,2913,215,0,12,0,956,100,0,24,0,448,1,0,24,0,272,0,0,0,0,192,235,0,40,0,0,55,12,2,0,0,2,2,0,0
3,7,1,36,4,11,0,1.004258,1.007278,1.014532,34,1,459,100,100,0,0,0,4,0,14,6,0,40,0,50,33,0,0,2913,187,0,11,0,956,98,0,22,0,448,0,0,24,0,272,0,0,0,0,192,264,0,37,0,0,32,12,1,0,0,1,1,0,0
3,7,2,38,4,11,0,0.998276,1.002205,1.006708,35,0,334,100,100,0,0,0,10,14,0,2,0,40,0,48,30,0,0,2913,183,0,10,0,956,112,0,20,0,448,1,0,14,0,272,0,0,0,0,192,231,0,26,0,0,61,7,1,0,0,1,1,0,0
3,7,3,35,4,11,0,0.999046,1.002379,1.01244,33,1,459,100,100,0,0,0,-2,6,2,0,0,40,0,58,33,0,0,2913,193,0,11,0,956,107,0,22,0,448,1,0,20,0,272,0,0,0,0,192,262,0,33,0,0,24,10,1,0,0,1,1,0,0
3,8,0,41,0,4,0,0.993248,1.000187,1.013871,39,1,459,100,100,0,0,0,0,4,12,0,0,40,0,66,39,0,0,2992,161,0,13,0,953,113,0,26,0,544,1,0,0,0,186,3,0,18,0,139,302,72,32,0,0,37,0,18,0,0,1,1,0,0
3,8,1,35,0,4,0,1.005519,1.005965,1.013567,34,1,459,100,100,0,0,0,4,0,16,8,0,40,0,57,33,0,0,2992,196,0,11,0,953,109,0,22,0,544,0,0,0,0,186,5,0,16,0,139,342,64,13,0,0,31,0,1,0,0,1,1,0,0
3,8,2,37,0,4,0,0.999269,1.003332,1.004746,35,1,459,100,100,0,0,0,12,16,0,4,0,40,0,48,30,0,0,2992,207,0,10,0,953,122,0,20,0,544,1,0,0,0,186,9,0,15,0,139,280,60,29,0,0,43,0,18,0,0,1,1,0,0
3,8,3,33,0,4,0,0.998378,1.004805,1.014162,32,1,459,100,100,0,0,0,0,8,4,0,0,40,0,59,27,0,0,2992,213,0,9,0,953,116,0,18,0,544,1,0,0,0,186,4,0,16,0,139,339,64,11,0,0,23,0,1,0,0,1,1,0,0
3,9,0,41,0,1,0,0.993248,1.000187,1.013871,40,1,459,100,100,0,0,0,0,4,14,2,0,40,12,75,39,0,0,3064,187,0,13,0,959,126,0,26,0,442,1,0,28,0,272,0,0,3,0,224,284,12,43,0,0,50,14,1,0,0,1,1,0,0
3,9,1,34,0,1,0,1.004557,1.004438,1.012112,34,1,459,100,100,0,0,0,4,0,18,10,0,40,12,65,33,0,0,3064,198,0,11,0,959,120,0,22,0,442,0,0,20,0,272,0,0,5,0,224,346,20,31,0,0,41,10,0,0,0,0,0,0,0
3,9,2,37,0,1,0,0.999269,1.003332,1.004746,36,1,459,100,100,0,0,0,14,18,0,4,0,40,12,44,30,0,0,3064,160,0,10,0,959,132,0,20,0,442,3,0,30,0,272,0,0,9,0,224,298,36,42,0,0,57,15,1,0,0,1,1,0,0
3,9,3,33,0,1,0,0.998378,1.004805,1.014162,33,1,459,100,100,0,0,0,2,10,4,0,0,40,12,57,27,0,0,3064,171,0,9,0,959,125,0,18,0,442,1,0,22,0,272,0,0,4,0,224,348,16,31,0,0,34,11,0,0,0,0,0,0,0
3,10,0,41,2,0,0,0.993248,1.000187,1.013871,41,1,459,100,100,0,0,0,0,4,16,4,0,40,2,80,39,0,0,2936,213,0,13,0,995,130,0,26,0,543,1,0,0,0,161,12,0,18,0,207,367,72,13,0,0,50,0,0,0,0,0,0,0,0
3,10,1,35,2,0,0,1.0043,1.003116,1.013447,34,2,584,100,100,0,0,0,4,0,20,12,1,40,2,76,33,0,0,2936,201,0,11,0,995,122,0,22,0,543,0,0,0,0,161,8,0,15,0,207,405,60,28,0,0,24,0,17,0,0,0,0,0,0
3,10,2,37,2,0,0,0.999269,1.003332,1.004746,37,1,459,100,100,0,0,0,16,20,0,4,1,40,2,47,30,0,0,2936,185,0,10,0,995,133,0,20,0,543,0,0,4,0,161,19,0,15,0,207,362,60,14,0,0,59,2,0,0,0,0,0,0,0
3,10,3,34,2,0,0,0.998132,1.003451,1.013231,33,2,584,100,100,0,0,0,4,12,4,0,0,40,2,60,27,0,0,2936,193,0,9,0,995,125,0,18,0,543,1,0,0,0,161,8,0,16,0,207,410,64,26,0,0,17,0,17,0,0,0,0,0,0
3,11,0,36,0,14,0,0.997657,1.004866,1.012608,36,2,584,100,100,0,0,0,0,6,18,6,0,40,1,86,39,0,0,3016,159,0,13,0,953,143,0,26,0,500,0,0,14,0,272,0,0,12,0,180,404,48,44,0,0,40,7,17,0,0,0,0,0,0
3,11,1,32,0,14,0,1.001833,1.001806,1.007485,31,2,584,100,100,0,0,0,6,0,22,14,1,40,1,86,36,0,0,3016,202,0,12,0,953,134,0,24,0,500,1,0,10,0,272,0,0,8,0,180,431,32,24,0,0,28,5,1,0,0,1,1,0,0
3,11,2,34,0,14,0,1.003522,1.002406,1.005905,34,2,584,100,100,0,0,0,18,22,0,4,1,40,1,46,27,0,0,3016,211,0,9,0,953,142,0,18,0,500,0,0,12,0,272,6,0,13,0,180,388,52,38,0,0,48,6,17,0,0,0,0,0,0
3,11,3,31,0,14,0,1.000567,1.002091,1.015049,30,2,584,100,100,0,0,0,6,14,4,0,0,40,1,63,30,0,0,3016,213,0,10,0,953,135,0,20,0,500,1,0,8,0,272,0,0,8,0,180,437,32,20,0,0,20,4,1,0,0,1,1,0,0
3,12,0,36,0,2,0,0.997657,1.004866,1.012608,36,2,584,100,100,0,0,0,0,8,20,8,1,40,7,96,39,0,0,3136,174,0,13,0,956,156,0,26,0,543,0,0,0,0,178,14,0,13,0,116,458,52,13,0,0,40,0,0,0,0,0,0,0,0
3,12,1,32,0,2,0,1.001833,1.001806,1.007485,32,3,709,100,100,0,0,0,8,0,24,16,1,40,7,97,36,0,0,3136,158,0,12,0,956,146,0,24,0,543,1,0,0,0,178,7,0,12,0,116,495,48,29,0,0,11,0,17,0,0,0,0,0,0
3,12,2,33,0,2,0,1.005893,1.002593,1.005859,33,2,584,100,100,0,0,0,20,24,0,6,2,40,7,42,24,0,0,3136,169,0,8,0,956,150,0,16,0,543,1,0,0,0,178,20,0,13,0,116,491,52,8,0,0,48,0,0,0,0,0,0,0,0
3,12,3,30,0,2,0,0.999504,0.999318,1.011843,30,3,709,100,100,0,0,0,8,16,6,0,0,40,7,66,27,0,0,3136,173,0,9,0,956,144,0,18,0,543,1,0,0,0,178,8,0,13,0,116,528,52,26,0,0,3,0,17,0,0,0,0,0,0
3,13,0,35,2,4,0,0.996906,1.002587,1.014232,34,2,584,100,100,0,0,0,0,10,22,10,1,40,2,107,39,0,0,2952,189,0,13,0,962,169,0,26,0,448,0,0,18,0,272,1,0,13,0,240,494,52,31,0,0,49,9,0,0,0,0,0,0,0
3,13,1,33,2,4,0,1.003206,0.999055,1.008616,32,3,709,100,100,0,0,0,10,0,26,18,1,40,2,109,36,0,0,2952,162,0,12,0,962,158,0,24,0,448,1,0,18,0,272,0,0,7,0,240,511,28,30,0,0,20,9,0,0,0,0,0,0,0
3,13,2,32,2,4,0,1.004698,1.000886,1.005044,32,3,709,100,100,0,0,0,22,26,0,6,2,40,2,42,24,0,0,2952,200,0,8,0,962,158,0,16,0,448,5,0,26,0,272,7,0,13,0,240,504,52,51,0,0,44,13,17,0,0,0,0,0,0
3,13,3,29,2,4,0,0.995925,1.001652,1.011697,29,3,709,100,100,0,0,0,10,18,6,0,0,40,2,72,27,0,0,2952,198,0,9,0,962,153,0,18,0,448,0,0,22,0,272,0,0,8,0,240,544,32,31,0,0,14,11,0,0,0,0,0,0,0
3,14,0,34,1,1,0,0.997988,1.001098,1.013229,33,2,584,100,100,0,0,0,0,10,24,10,1,40,1,122,39,0,0,3088,197,0,13,0,962,182,0,26,0,462,0,0,18,0,272,0,0,1,0,161,483,4,33,0,0,57,9,1,0,0,1,1,0,0
3,14,1,34,1,1,0,1.002698,1.001091,1.010808,32,3,709,100,100,0,0,0,10,0,28,20,2,40,1,123,36,0,0,3088,165,0,12,0,962,170,0,24,0,462,1,0,18,0,272,0,0,0,0,161,500,0,32,0,0,28,9,1,0,0,1,1,0,0
3,14,2,32,1,1,0,1.004698,1.000886,1.005044,32,3,709,100,100,0,0,0,24,28,0,6,2,40,1,42,24,0,0,3088,160,0,8,0,962,166,0,16,0,462,4,0,26,0,272,0,0,7,0,161,548,28,34,0,0,57,13,0,0,0,0,0,0,0
3,14,3,29,1,1,0,0.995925,1.001652,1.011697,29,3,709,100,100,0,0,0,10,20,6,0,1,40,1,79,27,0,0,3088,160,0,9,0,962,162,0,18,0,462,1,0,20,0,272,0,0,0,0,161,565,0,29,0,0,24,10,0,0,0,0,0,0,0
3,15,0,34,2,1,0,0.997988,1.001098,1.013229,34,3,709,100,100,0,0,0,0,10,26,12,1,40,1,136,39,0,0,2952,206,0,13,0,962,195,0,26,0,494,1,0,14,0,228,0,0,6,0,234,481,24,44,0,0,47,7,17,0,0,0,0,0,0
3,15,1,34,2,1,0,1.002698,1.001091,1.010808,33,3,709,100,100,0,0,0,10,0,30,22,2,40,1,135,36,0,0,2952,175,0,12,0,962,182,0,24,0,494,1,0,8,0,228,0,0,12,0,234,547,48,22,0,0,31,4,1,0,0,1,1,0,0
3,15,2,32,2,1,0,1.005581,1.001083,1.007438,31,3,709,100,100,0,0,0,26,30,0,8,2,40,1,41,24,0,0,2952,192,0,8,0,962,174,0,16,0,494,1,0,24,0,228,0,0,11,0,234,569,44,32,0,0,69,12,0,0,0,0,0,0,0
3,15,3,30,2,1,0,1.000806,0.996313,1.01257,29,4,834,100,100,0,0,0,12,22,8,0,1,40,1,88,27,0,0,2952,186,0,9,0,962,171,0,18,0,494,1,0,6,0,228,2,0,13,0,234,600,52,32,0,0,10,3,17,0,0,0,0,0,0
3,16,0,33,0,11,1,0.999282,1.005627,1.013254,33,3,709,100,100,0,0,0,0,12,28,8,1,40,0,149,39,0,0,3000,159,0,13,0,959,208,0,26,0,487,1,0,6,0,233,0,0,12,0,205,560,48,19,0,0,50,3,0,0,0,0,0,0,0
3,16,1,28,0,11,1,1.008463,0.998494,1.016741,28,3,709,100,100,0,0,0,12,0,32,22,2,40,0,141,33,0,0,3000,186,0,11,0,959,193,0,22,0,487,0,0,16,0,233,0,0,3,0,205,541,12,27,0,0,39,8,0,0,0,0,0,0,0
3,16,2,30,0,11,1,1.003589,1.000899,1.005767,29,3,709,100,100,0,0,0,28,32,0,8,2,40,0,44,27,0,0,3000,223,0,9,0,959,183,0,18,0,487,1,0,12,0,233,7,0,11,0,205,596,44,23,0,0,74,6,1,0,0,1,1,0,0
3,16,3,28,0,11,1,1.000583,0.999782,1.011313,27,4,834,100,100,0,0,0,8,22,8,0,1,40,0,91,24,0,0,3000,220,0,8,0,959,179,0,16,0,487,0,0,22,0,233,0,0,2,0,205,588,8,32,0,0,20,11,1,0,0,1,1,0,0
3,17,0,32,0,4,0,1.000247,1.004729,1.011564,32,3,709,100,100,0,0,0,0,14,30,10,1,40,1,167,39,0,0,3088,169,0,13,0,980,215,0,26,0,457,0,0,16,0,272,0,0,0,0,135,549,0,29,0,0,58,8,0,0,0,0,0,0,0
3,17,1,27,0,4,0,1.008562,1.000565,1.018611,27,3,709,100,100,0,0,0,14,0,32,24,2,40,1,155,33,0,0,3088,203,0,11,0,980,204,0,22,0,457,1,0,14,0,272,0,0,0,0,135,525,0,25,0,0,46,7,0,0,0,0,0,0,0
3,17,2,28,0,4,0,1.007115,1.003171,1.004981,28,4,834,100,100,0,0,0,30,32,0,10,2,40,1,47,24,0,0,3088,185,0,8,0,980,188,0,16,0,457,11,0,20,0,272,0,0,7,0,135,641,28,45,0,0,67,10,17,0,0,0,0,0,0
3,17,3,28,0,4,0,1.000583,0.999782,1.011313,28,4,834,100,100,0,0,0,10,24,10,0,1,40,1,96,24,0,0,3088,184,0,8,0,980,181,0,16,0,457,1,0,20,0,272,0,0,0,0,135,628,0,28,0,0,30,10,0,0,0,0,0,0,0
3,18,0,32,1,1,0,1.000247,1.004729,1.011564,32,3,709,100,100,0,0,0,0,14,32,10,1,40,12,180,39,0,0,3008,180,0,13,0,1075,195,0,26,0,540,0,0,0,0,194,5,0,13,0,249,597,52,13,0,0,58,0,0,0,0,0,0,0,0
3,18,1,27,1,1,0,1.008562,1.000565,1.018611,27,3,709,100,100,0,0,0,14,0,34,24,2,40,12,169,33,0,0,3008,165,0,11,0,1075,185,0,22,0,540,1,0,0,0,194,8,0,10,0,249,581,40,11,0,0,46,0,0,0,0,0,0,0,0
3,18,2,27,1,1,0,1.00763,1.001531,1.007829,27,4,834,100,100,0,0,0,32,34,0,10,2,40,12,50,24,0,0,3008,205,0,8,0,1075,176,0,16,0,540,1,0,14,0,194,12,0,9,0,249,661,36,22,0,0,74,7,0,0,0,0,0,0,0
3,18,3,29,1,1,0,0.99821,1.000238,1.011694,28,4,834,100,100,0,0,0,10,24,10,0,1,40,12,99,24,0,0,3008,220,0,8,0,1075,165,0,16,0,540,1,0,0,0,194,8,0,13,0,249,681,52,8,0,0,30,0,0,0,0,0,0,0,0
3,19,0,31,1,2,0,1.001497,1.006155,1.009378,31,4,834,100,100,0,0,0,0,14,32,12,1,40,2,196,39,0,0,3088,183,0,13,0,968,208,0,26,0,454,0,0,18,0,272,0,0,5,0,168,587,20,48,0,0,50,9,17,0,0,0,0,0,0
3,19,1,27,1,2,0,1.008562,1.000565,1.018611,27,3,709,100,100,0,0,0,14,0,36,26,2,40,2,182,33,0,0,3088,183,0,11,0,968,196,0,22,0,454,1,0,18,0,272,0,0,8,0,168,593,32,29,0,0,55,9,0,0,0,0,0,0,0
3,19,2,26,1,2,0,1.00992,1.002182,1.009565,26,5,959,100,100,0,0,0,32,36,0,10,2,40,2,52,21,0,0,3088,171,0,7,0,968,183,0,14,0,454,13,0,18,0,272,3,0,9,0,168,705,36,42,0,0,66,9,17,0,0,0,0,0,0
3,19,3,30,1,2,0,1.00028,0.997186,1.012196,28,5,959,100,100,0,0,0,12,26,10,0,1,40,2,104,24,0,0,3088,183,0,8,0,968,173,0,16,0,454,1,0,24,0,272,0,0,8,0,168,717,32,51,0,0,24,12,18,0,0,1,1,0,0
3,20,0,29,1,4,0,1.001964,1.007466,1.007581,29,4,834,100,100,0,0,0,0,14,34,14,1,40,0,214,39,0,0,2960,187,0,13,0,971,221,0,26,0,544,0,0,0,0,182,0,0,12,0,255,640,48,13,0,0,50,0,0,0,0,0,0,0,0
3,20,1,27,1,4,0,1.008562,1.000565,1.018611,27,4,834,100,100,0,0,0,14,0,38,28,2,40,0,197,33,0,0,2960,201,0,11,0,971,207,0,22,0,544,1,0,0,0,182,8,0,10,0,255,614,40,28,0,0,38,0,17,0,0,0,0,0,0
3,20,2,26,1,4,0,1.007994,1.005497,1.004515,25,5,959,100,100,0,0,0,34,38,0,12,2,40,0,57,21,0,0,2960,186,0,7,0,971,190,0,14,0,544,1,0,12,0,182,25,0,8,0,255,724,32,19,0,0,72,6,0,0,0,0,0,0,0
3,20,3,29,1,4,0,0.99878,0.996511,1.011737,28,5,959,100,100,0,0,0,14,28,12,0,1,40,0,104,21,0,0,2960,226,0,7,0,971,180,0,14,0,544,1,0,0,0,182,10,0,14,0,255,776,56,9,0,0,23,0,1,0,0,1,1,0,0
3,21,0,25,0,10,0,1.003006,1.003641,1.002523,25,4,834,100,100,0,0,0,0,16,36,16,1,40,3,222,27,0,0,3104,197,0,9,0,974,230,0,18,0,457,0,0,12,0,272,0,0,0,0,141,637,0,21,0,0,56,6,0,0,0,0,0,0,0
3,21,1,24,0,10,0,1.012572,0.999635,1.022287,24,4,834,100,100,0,0,0,16,0,40,30,2,40,3,203,24,0,0,3104,166,0,8,0,974,215,0,16,0,457,1,0,18,0,272,0,0,8,0,141,685,32,26,0,0,47,9,0,0,0,0,0,0,0
3,21,2,25,0,10,0,1.003343,1.007605,1.002606,24,5,959,100,100,0,0,0,36,40,0,12,2,40,3,59,21,0,0,3104,193,0,7,0,974,197,0,14,0,457,20,0,14,0,272,18,0,7,0,141,735,28,23,0,0,78,7,1,0,0,1,1,0,0
3,21,3,27,0,10,0,0.99938,0.994794,1.012425,27,6,1084,100,100,0,0,0,16,30,12,0,1,40,3,98,15,0,0,3104,192,0,5,0,974,185,0,10,0,457,1,0,24,0,272,0,0,10,0,141,840,40,46,0,0,18,12,17,0,0,0,0,0,0
3,22,0,20,0,16,0,1.012637,0.999883,1.00467,20,5,959,100,100,0,0,0,0,18,38,16,1,40,0,215,12,0,0,3064,168,0,4,0,1001,234,0,8,0,538,0,0,0,0,200,0,0,12,0,167,730,48,21,0,0,39,0,17,0,0,0,0,0,0
3,22,1,21,0,16,0,1.018192,1.002395,1.020664,21,5,959,100,100,0,0,0,18,0,42,32,2,40,0,203,15,0,0,3064,193,0,5,0,1001,220,0,10,0,538,1,0,0,0,200,5,0,10,0,167,712,40,22,0,0,30,0,17,0,0,0,0,0,0
3,22,2,21,0,16,0,1.003242,1.016237,1.003204,21,5,959,100,100,0,0,0,38,42,0,12,2,40,0,59,18,0,0,3064,162,0,6,0,1001,203,0,12,0,538,8,0,12,0,200,39,0,6,0,167,779,24,18,0,0,84,6,0,0,0,0,0,0,0
3,22,3,23,0,16,0,1.002413,0.991543,1.014224,23,6,1084,100,100,0,0,0,16,32,12,0,1,40,0,87,9,0,0,3064,226,0,3,0,1001,188,0,6,0,538,1,0,0,0,200,6,0,12,0,167,897,48,3,0,0,18,0,0,0,0,0,0,0,0
3,23,0,21,1,1,0,1.01299,0.996988,1.004825,20,5,959,100,100,0,0,0,0,18,40,18,1,40,3,217,12,0,0,3120,192,0,4,0,1034,238,0,8,0,522,1,0,2,0,228,0,0,6,0,155,766,24,6,0,0,40,1,0,0,0,0,0,0,0
3,23,1,20,1,1,0,1.020738,0.9983,1.021325,20,5,959,100,100,0,0,0,18,0,44,32,2,40,3,203,12,0,0,3120,168,0,4,0,1034,224,0,8,0,522,1,0,6,0,228,7,0,10,0,155,797,40,10,0,0,33,3,0,0,0,0,0,0,0
3,23,2,21,1,1,0,1.003242,1.016237,1.003204,21,5,959,100,100,0,0,0,40,44,0,12,2,40,3,64,18,0,0,3120,167,0,6,0,1034,209,0,12,0,522,2,0,12,0,228,45,0,6,0,155,791,24,18,0,0,90,6,0,0,0,0,0,0,0
3,23,3,23,1,1,0,1.002413,0.991543,1.014224,23,7,1209,100,100,0,0,0,18,32,12,0,1,40,3,79,9,0,0,3120,200,0,3,0,1034,191,0,6,0,522,0,0,8,0,228,8,0,12,0,155,983,48,28,0,0,5,4,17,0,0,0,0,0,0
3,24,0,21,2,0,0,1.01299,0.996988,1.004825,20,5,959,100,100,0,0,0,0,18,42,18,1,40,11,216,12,0,0,3112,167,0,4,0,1037,242,0,8,0,507,0,0,8,0,271,0,0,1,0,254,772,4,14,0,0,43,4,1,0,0,1,1,0,0
3,24,1,21,2,0,0,1.02277,0.99533,1.022651,20,6,1084,100,100,0,0,0,18,0,46,32,2,40,11,203,12,0,0,3112,200,0,4,0,1037,228,0,8,0,507,1,0,10,0,271,0,0,7,0,254,801,28,31,0,0,21,5,17,0,0,0,0,0,0
3,24,2,21,2,0,0,1.003242,1.016237,1.003204,21,5,959,100,100,0,0,0,42,46,0,12,2,40,11,68,18,0,0,3112,172,0,6,0,1037,215,0,12,0,507,2,0,12,0,271,39,0,6,0,254,801,24,18,0,0,96,6,0,0,0,0,0,0,0
3,24,3,24,2,0,0,1.004026,0.990007,1.012677,23,7,1209,100,100,0,0,0,18,32,12,0,1,40,11,71,9,0,0,3112,174,0,3,0,1037,194,0,6,0,507,0,0,8,0,271,0,0,8,0,254,1023,32,11,0,0,9,4,0,0,0,0,0,0,0
3,25,0,19,0,2,0,1.008111,0.996188,1.005777,19,5,959,100,100,0,0,0,0,20,44,20,3,40,0,216,12,0,0,3048,182,0,4,0,1037,246,0,8,0,500,1,0,8,0,258,0,0,1,0,193,782,4,12,0,0,47,4,0,0,0,0,0,0,0
3,25,1,21,0,2,0,1.02277,0.99533,1.022651,20,6,1084,100,100,0,0,0,20,0,46,34,3,40,0,202,12,0,0,3048,175,0,4,0,1037,232,0,8,0,500,1,0,10,0,258,0,0,3,0,193,865,12,16,0,0,25,5,1,0,0,1,1,0,0
3,25,2,21,0,2,0,1.003242,1.016237,1.003204,21,5,959,100,100,0,0,0,44,46,0,12,2,40,0,74,18,0,0,3048,177,0,6,0,1037,221,0,12,0,500,7,0,12,0,258,35,0,6,0,193,813,24,18,0,0,102,6,0,0,0,0,0,0,0
3,25,3,24,0,2,0,1.004026,0.990007,1.012677,23,7,1209,100,100,0,0,0,20,34,12,0,2,40,0,66,9,0,0,3048,211,0,3,0,1037,197,0,6,0,500,0,0,8,0,258,0,0,8,0,193,1057,32,13,0,0,12,4,1,0,0,1,1,0,0
3,26,0,19,0,1,0,1.008111,0.996188,1.005777,19,5,959,100,100,0,0,0,0,20,46,22,3,40,5,217,12,0,0,3072,199,0,4,0,1039,250,0,8,0,516,0,0,6,0,225,0,0,6,0,189,814,24,10,0,0,50,3,0,0,0,0,0,0,0
3,26,1,20,0,1,0,1.02459,0.996131,1.023978,20,6,1084,100,100,0,0,0,20,0,46,36,3,40,5,203,12,0,0,3072,198,0,4,0,1039,236,0,8,0,516,1,0,0,0,225,8,0,10,0,189,913,40,4,0,0,25,0,0,0,0,0,0,0,0
3,26,2,21,0,1,0,1.003242,1.016237,1.003204,21,6,1084,100,100,0,0,0,46,46,0,12,2,40,5,78,18,0,0,3072,182,0,6,0,1039,225,0,12,0,516,11,0,12,0,225,37,0,6,0,189,808,24,35,0,0,91,6,17,0,0,0,0,0,0
3,26,3,24,0,1,0,1.004026,0.990007,1.012677,24,7,1209,100,100,0,0,0,22,36,12,0,2,40,5,57,9,0,0,3072,184,0,3,0,1039,200,0,6,0,516,1,0,6,0,225,2,0,13,0,189,1175,52,9,0,0,15,3,0,0,0,0,0,0,0
3,27,0,18,0,3,0,1.006559,0.99607,1.00678,18,6,1084,100,100,0,0,0,0,20,48,22,3,40,8,218,12,0,0,3104,176,0,4,0,1056,249,0,8,0,544,0,0,0,0,192,2,0,10,0,161,888,40,21,0,0,33,0,17,0,0,0,0,0,0
3,27,1,19,0,3,0,1.022548,0.9993,1.022652,19,7,1209,100,100,0,0,0,20,0,48,38,3,40,8,205,12,0,0,3104,174,0,4,0,1056,236,0,8,0,544,1,0,0,0,192,16,0,9,0,161,985,36,21,0,0,8,0,17,0,0,0,0,0,0
3,27,2,20,0,3,0,1.000145,1.017185,1.008426,20,6,1084,100,100,0,0,0,48,48,0,12,2,40,8,80,18,0,0,3104,179,0,6,0,1056,223,0,12,0,544,1,0,10,0,192,59,0,5,0,161,818,20,16,0,0,96,5,0,0,0,0,0,0,0
3,27,3,24,0,3,0,1.004026,0.990007,1.012677,24,7,1209,100,100,0,0,0,22,38,12,0,2,40,8,50,9,0,0,3104,221,0,3,0,1056,201,0,6,0,544,1,0,0,0,192,13,0,13,0,161,1206,52,3,0,0,15,0,0,0,0,0,0,0,0
3,28,0,17,1,8,0,1.005473,0.995984,1.000528,17,6,1084,100,100,0,0,0,0,20,50,22,3,40,4,220,12,0,0,3088,194,0,4,0,1058,247,0,8,0,501,0,0,8,0,272,0,0,2,0,245,899,8,12,0,0,37,4,0,0,0,0,0,0,0
3,28,1,19,1,8,0,1.029615,1.000207,1.024588,18,7,1209,100,100,0,0,0,20,0,50,40,3,40,4,205,12,0,0,3088,199,0,4,0,1058,234,0,8,0,501,1,0,6,0,272,7,0,9,0,245,1020,36,10,0,0,11,3,0,0,0,0,0,0,0
3,28,2,16,1,8,0,0.996919,1.003516,1.010133,16,6,1084,100,100,0,0,0,50,50,0,12,2,40,4,85,18,0,0,3088,169,0,6,0,1058,226,0,12,0,501,2,0,8,0,272,55,0,4,0,245,826,16,14,0,0,100,4,0,0,0,0,0,0,0
3,28,3,22,1,8,0,1.001713,0.983556,1.011982,22,8,1334,100,100,0,0,0,22,40,12,0,2,40,4,40,9,0,0,3088,194,0,3,0,1058,198,0,6,0,501,1,0,8,0,272,0,0,13,0,245,1189,52,28,0,0,2,4,17,0,0,0,0,0,0
3,29,0,16,0,7,0,1.002508,0.997191,0.99739,16,6,1084,100,100,0,0,0,0,20,52,26,3,40,11,217,9,0,0,3184,174,0,3,0,1037,250,0,6,0,484,1,0,8,0,272,0,0,0,0,200,917,0,11,0,0,41,4,0,0,0,0,0,0,0
3,29,1,17,0,7,0,1.033995,0.99262,1.022633,16,8,1334,100,100,0,0,0,20,0,52,44,3,40,11,196,6,0,0,3184,178,0,2,0,1037,236,0,4,0,484,0,0,16,0,272,0,0,7,0,200,1040,28,37,0,0,1,8,18,0,0,1,1,0,0
3,29,2,14,0,7,0,0.996168,1.009917,1.004989,14,6,1084,100,100,0,0,0,52,52,0,14,2,40,11,87,12,0,0,3184,165,0,4,0,1037,230,0,8,0,484,12,0,8,0,272,51,0,4,0,200,836,16,12,0,0,104,4,0,0,0,0,0,0,0
3,29,3,20,0,7,0,1.006117,0.978467,1.014671,20,8,1334,100,100,0,0,0,26,44,14,0,2,40,11,29,3,0,0,3184,171,0,1,0,1037,199,0,2,0,484,1,0,18,0,272,0,0,0,0,200,1206,0,19,0,0,11,9,0,0,0,0,0,0,0
3,30,0,16,0,5,0,1.002508,0.997191,0.99739,16,7,1209,100,100,0,0,0,0,20,52,30,3,40,11,219,9,0,0,3032,195,0,3,0,1058,253,0,6,0,515,1,0,4,0,250,0,0,5,0,252,928,20,24,0,0,26,2,17,0,0,0,0,0,0
3,30,1,14,0,5,0,1.041688,0.99437,1.022671,14,8,1334,100,100,0,0,0,20,0,52,46,3,40,11,191,6,0,0,3032,199,0,2,0,1058,238,0,4,0,515,1,0,4,0,250,0,0,4,0,252,1062,16,6,0,0,3,2,0,0,0,0,0,0,0
3,30,2,13,0,5,0,1.000238,1.015303,1.009827,13,6,1084,100,100,0,0,0,52,52,0,16,2,40,11,89,12,0,0,3032,163,0,4,0,1058,234,0,8,0,515,16,0,6,0,250,53,0,3,0,252,841,12,10,0,0,107,3,0,0,0,0,0,0,0
3,30,3,19,0,5,0,1.007157,0.978423,1.015649,19,8,1334,100,100,0,0,0,30,46,16,0,2,40,11,21,3,0,0,3032,206,0,1,0,1058,200,0,2,0,515,1,0,8,0,250,0,0,7,0,252,1240,28,9,0,0,15,4,0,0,0,0,0,0,0
3,31,0,12,1,18,0,1.008428,1.001025,1.006971,12,7,1209,100,100,0,0,0,0,22,52,34,3,40,8,221,9,0,0,3184,176,0,3,0,1058,256,0,6,0,543,1,0,0,0,230,3,0,6,0,185,972,24,3,0,0,26,0,0,0,0,0,0,0,0
3,31,1,8,1,18,0,1.024403,0.9751,1.028084,8,8,1334,100,100,0,0,0,22,0,52,48,3,40,8,189,6,0,0,3184,183,0,2,0,1058,240,0,4,0,543,1,0,0,0,230,2,0,4,0,185,1091,16,2,0,0,3,0,0,0,0,0,0,0,0
3,31,2,13,1,18,0,1.000238,1.015303,1.009827,13,6,1084,100,100,0,0,0,52,52,0,18,2,40,8,95,12,0,0,3184,162,0,4,0,1058,238,0,8,0,543,11,0,6,0,230,56,0,3,0,185,846,12,10,0,0,110,3,0,0,0,0,0,0,0
3,31,3,12,1,18,0,1.009385,0.98691,1.0192,11,8,1334,100,100,0,0,0,34,48,18,0,2,40,8,13,3,0,0,3184,186,0,1,0,1058,201,0,2,0,543,1,0,0,0,230,14,0,4,0,185,1275,16,1,0,0,15,0,0,0,0,0,0,0,0
3,32,0,12,1,0,0,1.008428,1.001025,1.006971,12,7,1209,100,100,0,0,0,0,22,54,36,3,40,8,228,9,0,0,3176,169,0,3,0,1055,259,0,6,0,493,0,0,10,0,272,0,0,3,0,243,986,12,13,0,0,31,5,0,0,0,0,0,0,0
3,32,1,9,1,0,0,1.032001,0.968749,1.030435,8,8,1334,100,100,0,0,0,22,0,52,52,3,40,8,193,6,0,0,3176,173,0,2,0,1055,242,0,4,0,493,1,0,6,0,272,0,0,2,0,243,1108,8,8,0,0,6,3,0,0,0,0,0,0,0
3,32,2,13,1,0,0,1.000238,1.015303,1.009827,13,6,1084,100,100,0,0,0,54,52,0,20,3,40,8,101,12,0,0,3176,161,0,4,0,1055,242,0,8,0,493,23,0,6,0,272,53,0,3,0,243,851,12,10,0,0,113,3,0,0,0,0,0,0,0
3,32,3,12,1,0,0,1.009385,0.98691,1.0192,11,8,1334,100,100,0,0,0,36,52,20,0,3,40,8,16,6,0,0,3176,172,0,2,0,1055,203,0,4,0,493,11,0,8,0,272,10,0,4,0,243,1301,16,12,0,0,18,4,1,0,0,1,1,0,0
3,33,0,11,0,1,0,1.013914,1.002518,1.010994,11,7,1209,100,100,0,0,0,0,22,54,40,3,40,11,226,6,0,0,3152,163,0,2,0,1055,261,0,4,0,527,1,0,2,0,249,0,0,5,0,297,1002,20,4,0,0,32,1,0,0,0,0,0,0,0
3,33,1,9,0,1,0,1.032001,0.968749,1.030435,8,8,1334,100,100,0,0,0,22,0,52,54,3,40,11,196,6,0,0,3152,170,0,2,0,1055,244,0,4,0,527,1,0,2,0,249,0,0,4,0,297,1121,16,6,0,0,6,1,1,0,0,1,1,0,0
3,33,2,13,0,1,0,1.000238,1.015303,1.009827,13,6,1084,100,100,0,0,0,54,52,0,22,3,40,11,107,12,0,0,3152,160,0,4,0,1055,246,0,8,0,527,23,0,6,0,249,57,0,3,0,297,853,12,10,0,0,116,3,0,0,0,0,0,0,0
3,33,3,12,0,1,0,1.009385,0.98691,1.0192,12,8,1334,100,100,0,0,0,40,54,22,0,3,40,11,21,6,0,0,3152,174,0,2,0,1055,205,0,4,0,527,9,0,8,0,249,13,0,4,0,297,1307,16,10,0,0,22,4,0,0,0,0,0,0,0
3,34,0,11,0,2,0,1.013914,1.002518,1.010994,11,7,1209,100,100,0,0,0,0,24,56,44,3,40,1,231,6,0,0,3152,158,0,2,0,1058,263,0,4,0,512,1,0,8,0,272,0,0,0,0,264,1007,0,10,0,0,36,4,0,0,0,0,0,0,0
3,34,1,9,0,2,0,1.032001,0.968749,1.030435,9,8,1334,100,100,0,0,0,24,0,54,56,3,40,1,201,6,0,0,3152,167,0,2,0,1058,246,0,4,0,512,1,0,6,0,272,0,0,0,0,264,1125,0,8,0,0,9,3,0,0,0,0,0,0,0
3,34,2,12,0,2,0,1.002985,1.009555,1.010025,12,6,1084,100,100,0,0,0,56,54,0,24,3,40,1,112,9,0,0,3152,160,0,3,0,1058,249,0,6,0,512,24,0,6,0,272,54,0,3,0,264,859,12,9,0,0,119,3,0,0,0,0,0,0,0
3,34,3,11,0,2,0,1.01027,0.9862,1.022768,11,8,1334,100,100,0,0,0,44,56,24,0,3,40,1,26,6,0,0,3152,176,0,2,0,1058,207,0,4,0,512,9,0,8,0,272,9,0,4,0,264,1319,16,10,0,0,26,4,0,0,0,0,0,0,0
3,35,0,9,1,5,0,1.003164,1.017546,1.01905,9,7,1209,100,100,0,0,0,0,24,58,48,3,40,5,228,3,0,0,3152,154,0,1,0,1061,264,0,2,0,496,1,0,6,0,272,0,0,0,0,264,1015,0,7,0,0,39,3,0,0,0,0,0,0,0
3,35,1,9,1,5,0,1.032001,0.968749,1.030435,9,8,1334,100,100,0,0,0,24,0,54,60,3,40,5,205,6,0,0,3152,164,0,2,0,1061,248,0,4,0,496,1,0,6,0,272,0,0,0,0,264,1129,0,8,0,0,12,3,0,0,0,0,0,0,0
3,35,2,9,1,5,0,0.987495,1.010433,1.007479,9,6,1084,100,100,0,0,0,58,54,0,28,3,40,5,105,3,0,0,3152,163,0,1,0,1061,250,0,2,0,496,33,0,6,0,272,51,0,3,0,264,867,12,7,0,0,122,3,0,0,0,0,0,0,0
3,35,3,12,1,5,0,1.011118,0.980649,1.02572,11,8,1334,100,100,0,0,0,48,60,28,0,3,40,5,34,6,0,0,3152,179,0,2,0,1061,209,0,4,0,496,16,0,8,0,272,5,0,4,0,264,1330,16,10,0,0,30,4,0,0,0,0,0,0,0
3,36,0,9,0,0,0,1.003164,1.017546,1.01905,9,8,1334,100,100,0,0,0,0,24,58,48,3,40,13,230,3,0,0,3168,152,0,1,0,1067,265,0,2,0,538,1,0,0,0,248,0,0,6,0,248,1036,24,18,0,0,22,0,17,0,0,0,0,0,0
3,36,1,9,0,0,0,1.032001,0.968749,1.030435,9,8,1334,100,100,0,0,0,24,0,54,62,3,40,13,210,6,0,0,3168,161,0,2,0,1067,250,0,4,0,538,1,0,0,0,248,0,0,5,0,248,1159,20,2,0,0,12,0,0,0,0,0,0,0,0
3,36,2,9,0,0,0,0.987495,1.010433,1.007479,9,6,1084,100,100,0,0,0,58,54,0,28,3,40,13,103,3,0,0,3168,169,0,1,0,1067,251,0,2,0,538,33,0,6,0,248,50,0,3,0,248,875,12,7,0,0,125,3,0,0,0,0,0,0,0
3,36,3,12,0,0,0,1.011118,0.980649,1.02572,11,8,1334,100,100,0,0,0,48,62,28,0,3,40,13,38,9,0,0,3168,164,0,3,0,1067,212,0,6,0,538,8,0,8,0,248,12,0,4,0,248,1327,16,13,0,0,33,4,1,0,0,1,1,0,0
3,37,0,9,1,0,0,1.003164,1.017546,1.01905,9,8,1334,100,100,0,0,0,0,26,58,50,3,40,13,232,3,0,0,3152,150,0,1,0,1067,266,0,2,0,515,0,0,6,0,272,0,0,0,0,264,1044,0,7,0,0,25,3,0,0,0,0,0,0,0
3,37,1,10,1,0,0,1.03557,0.968259,1.033968,9,8,1334,100,100,0,0,0,26,0,54,64,3,40,13,212,6,0,0,3152,158,0,2,0,1067,252,0,4,0,515,1,0,6,0,272,0,0,0,0,264,1163,0,8,0,0,15,3,0,0,0,0,0,0,0
3,37,2,9,1,0,0,0.987495,1.010433,1.007479,9,6,1084,100,100,0,0,0,58,54,0,28,3,40,13,103,3,0,0,3152,175,0,1,0,1067,252,0,2,0,515,38,0,6,0,272,47,0,3,0,264,883,12,7,0,0,128,3,0,0,0,0,0,0,0
3,37,3,12,1,0,0,1.011118,0.980649,1.02572,12,8,1334,100,100,0,0,0,50,64,28,0,3,40,13,43,9,0,0,3152,165,0,3,0,1067,215,0,6,0,515,7,0,8,0,272,8,0,4,0,264,1329,16,11,0,0,37,4,0,0,0,0,0,0,0
3,38,0,8,1,4,0,1.012935,1.044281,1.035606,7,8,1334,100,100,0,0,0,0,26,58,50,3,40,12,232,3,0,0,3152,140,0,1,0,1085,264,0,2,0,511,0,0,2,0,269,0,0,3,0,264,1065,12,3,0,0,26,1,0,0,0,0,0,0,0
3,38,1,9,1,4,0,1.043376,0.963146,1.038475,8,8,1334,100,100,0,0,0,26,0,54,66,3,40,12,218,9,0,0,3152,153,0,3,0,1085,246,0,6,0,511,1,0,6,0,269,0,0,0,0,264,1161,0,11,0,0,17,3,1,0,0,1,1,0,0
3,38,2,8,1,4,0,0.984826,1.005554,1.001592,8,6,1084,100,100,0,0,0,58,54,0,28,3,40,12,101,3,0,0,3152,181,0,1,0,1085,250,0,2,0,511,46,0,4,0,269,45,0,2,0,264,886,8,5,0,0,130,2,0,0,0,0,0,0,0
3,38,3,12,1,4,0,1.011118,0.980649,1.02572,12,8,1334,100,100,0,0,0,50,66,28,0,3,40,12,49,9,0,0,3152,166,0,3,0,1085,212,0,6,0,511,12,0,8,0,269,4,0,4,0,264,1329,16,11,0,0,41,4,0,0,0,0,0,0,0
3,39,0,8,1,1,0,1.012935,1.044281,1.035606,7,8,1334,100,100,0,0,0,0,26,58,52,3,40,16,233,3,0,0,3168,139,0,1,0,1064,265,0,2,0,531,0,0,2,0,268,0,0,2,0,257,1080,8,5,0,0,26,1,1,0,0,1,1,0,0
3,39,1,9,1,1,0,1.043376,0.963146,1.038475,9,8,1334,100,100,0,0,0,26,0,56,66,3,40,16,227,9,0,0,3168,149,0,3,0,1064,249,0,6,0,531,0,0,4,0,268,0,0,0,0,257,1163,0,7,0,0,19,2,0,0,0,0,0,0,0
3,39,2,8,1,1,0,0.988756,1.000137,1.010247,7,6,1084,100,100,0,0,0,58,56,0,28,3,40,16,98,3,0,0,3168,172,0,1,0,1064,251,0,2,0,531,48,0,2,0,268,46,0,1,0,257,895,4,3,0,0,131,1,0,0,0,0,0,0,0
3,39,3,12,1,1,0,1.011118,0.980649,1.02572,12,8,1334,100,100,0,0,0,52,66,28,0,3,40,16,52,9,0,0,3168,167,0,3,0,1064,215,0,6,0,531,8,0,8,0,268,0,0,4,0,257,1329,16,11,0,0,45,4,0,0,0,0,0,0,0
3,40,0,8,0,0,0,1.012935,1.044281,1.035606,8,8,1334,100,100,0,0,0,0,26,58,52,3,40,9,234,3,0,0,3160,138,0,1,0,1061,266,0,2,0,505,0,0,6,0,272,0,0,0,0,273,1085,0,7,0,0,29,3,0,0,0,0,0,0,0
3,40,1,9,0,0,0,1.043376,0.963146,1.038475,9,8,1334,100,100,0,0,0,26,0,56,68,3,40,9,234,9,0,0,3160,145,0,3,0,1061,252,0,6,0,505,0,0,6,0,272,0,0,0,0,273,1163,0,9,0,0,22,3,0,0,0,0,0,0,0
3,40,2,8,0,0,0,0.988756,1.000137,1.010247,7,6,1084,100,100,0,0,0,58,56,0,28,3,40,9,102,6,0,0,3160,170,0,2,0,1061,253,0,4,0,505,58,0,2,0,272,45,0,1,0,273,895,4,4,0,0,132,1,0,0,0,0,0,0,0
3,40,3,12,0,0,0,1.011118,0.980649,1.02572,12,8,1334,100,100,0,0,0,52,68,28,0,3,40,9,57,9,0,0,3160,168,0,3,0,1061,218,0,6,0,505,15,0,8,0,272,0,0,0,0,273,1323,0,11,0,0,49,4,0,0,0,0,0,0,0
1,1,0,48,0,11,0,1.004446,0.999383,1.003972,0,0,334,100,100,0,0,0,0,2,2,2,0,40,0,41,33,0,0,2816,202,0,11,0,932,61,0,22,0,388,25,0,48,0,272,1,0,24,0,156,122,96,77,0,0,15,24,9,0,0,9,9,0,0
1,1,1,45,0,11,0,1.002747,0.992628,1.002883,0,0,334,100,100,0,0,0,2,0,2,2,0,40,0,40,33,0,0,2816,194,0,11,0,932,61,0,22,0,388,26,0,44,0,272,3,0,22,0,156,115,88,73,0,0,13,22,9,0,0,9,9,0,0
1,1,2,49,0,11,0,1.002798,0.997231,1.003768,0,0,334,100,100,0,0,0,2,2,0,0,0,40,0,49,39,0,0,2816,200,0,13,0,932,63,0,26,0,388,27,0,46,0,272,2,0,23,0,156,115,92,77,0,0,14,23,9,0,0,9,9,0,0
1,1,3,47,0,11,0,1.00399,0.996878,1.005095,0,0,334,100,100,0,0,0,2,2,0,0,0,40,0,43,33,0,0,2816,194,0,11,0,932,61,0,22,0,388,27,0,46,0,272,2,0,23,0,156,120,92,75,0,0,14,23,9,0,0,9,9,0,0
1,2,0,37,1,27,0,0.998771,1.000619,1.013254,8,0,334,100,100,0,0,0,0,2,4,4,0,40,0,31,24,0,0,2848,226,0,8,0,956,69,0,16,0,506,0,0,28,0,173,0,0,19,0,171,176,76,54,0,0,20,14,9,0,0,9,9,0,0
1,2,1,35,1,27,0,1.006164,0.99886,0.999734,8,0,334,100,100,0,0,0,2,0,4,4,0,40,0,32,27,0,0,2848,220,0,9,0,956,70,0,18,0,506,0,0,32,0,173,0,0,15,0,171,145,60,59,0,0,20,16,9,0,0,9,9,0,0
1,2,2,46,1,27,0,1.004719,0.999975,1.002571,8,0,334,100,100,0,0,0,4,4,0,0,0,40,0,50,39,0,0,2848,234,0,13,0,956,76,0,26,0,506,0,0,34,0,173,4,0,22,0,171,167,88,65,0,0,22,17,9,0,0,9,9,0,0
1,2,3,45,1,27,0,1.002484,0.995922,1.004137,8,0,334,100,100,0,0,0,4,4,0,0,0,40,0,39,33,0,0,2848,224,0,11,0,956,72,0,22,0,506,0,0,34,0,173,0,0,23,0,171,185,92,63,0,0,22,17,9,0,0,9,9,0,0
1,3,0,36,0,5,0,0.997152,0.999871,1.013221,17,0,334,100,100,0,0,0,0,2,6,4,0,40,1,29,24,0,0,3200,181,0,8,0,977,75,0,16,0,506,1,0,8,0,224,0,0,6,0,0,241,24,34,0,0,15,4,9,0,0,9,9,0,0
1,3,1,35,0,5,0,1.006164,0.99886,0.999734,17,0,334,100,100,0,0,0,2,0,4,6,0,40,1,33,27,0,0,3200,176,0,9,0,977,79,0,18,0,506,1,0,8,0,224,0,0,6,0,0,210,24,35,0,0,15,4,9,0,0,9,9,0,0
1,3,2,44,0,5,0,1.003636,1.001541,1.004489,16,0,334,100,100,0,0,0,6,4,0,0,0,40,1,47,36,0,0,3200,176,0,12,0,977,84,0,24,0,506,0,0,14,0,224,0,0,16,0,0,256,64,44,0,0,20,7,9,0,0,9,9,0,0
1,3,3,43,0,5,0,1.001066,0.996088,1.005653,17,0,334,100,100,0,0,0,4,6,0,0,0,40,1,34,27,0,0,3200,170,0,9,0,977,81,0,18,0,506,0,0,6,0,224,1,0,23,0,0,307,92,33,0,0,16,3,9,0,0,9,9,0,0
1,4,0,32,1,13,1,0.999586,0.998623,1.013875,26,0,334,100,100,0,0,0,0,2,8,0,0,40,0,28,21,0,0,2896,210,0,7,0,980,82,0,14,0,497,1,0,12,0,250,0,0,3,0,208,247,12,25,0,0,18,6,3,0,0,3,3,0,0
1,4,1,34,1,13,1,1.007335,0.999444,1.002158,25,0,334,100,100,0,0,0,2,0,6,6,0,40,0,35,27,0,0,2896,204,0,9,0,980,88,0,18,0,497,0,0,10,0,250,0,0,1,0,208,203,4,29,0,0,15,5,5,0,0,5,5,0,0
1,4,2,42,1,13,1,1.003096,1.001597,1.00502,23,0,334,100,100,0,0,0,8,6,0,-2,0,40,0,49,36,0,0,2896,200,0,12,0,980,96,0,24,0,497,1,0,8,0,250,0,0,18,0,208,304,72,38,0,0,15,4,9,0,0,9,9,0,0
1,4,3,38,1,13,1,1.003831,0.993411,1.007456,26,1,459,100,100,0,0,0,0,6,-2,0,0,40,0,31,24,0,0,2896,191,0,8,0,980,89,0,16,0,497,1,0,16,0,250,0,0,1,0,208,281,4,53,0,0,1,8,23,0,0,6,6,0,0
1,5,0,29,0,7,0,1.003278,1.005664,1.011565,27,1,459,100,100,0,0,0,0,2,8,2,0,40,1,20,15,0,0,3063,173,0,5,0,983,87,0,10,0,480,1,0,10,0,272,0,0,0,0,102,271,0,34,0,0,5,5,18,0,0,1,1,0,0
1,5,1,34,0,7,0,1.007335,0.999444,1.002158,30,0,334,100,100,0,0,0,2,0,8,8,0,40,1,37,27,0,0,3063,161,0,9,0,983,97,0,18,0,480,1,0,10,0,272,0,0,0,0,102,253,0,23,0,0,18,5,2,0,0,2,2,0,0
1,5,2,42,0,7,0,1.003096,1.001597,1.00502,32,1,459,100,100,0,0,0,8,8,0,-2,0,40,1,53,36,0,0,3063,226,0,12,0,983,108,0,24,0,480,1,0,24,0,272,0,0,0,0,102,268,0,63,0,0,5,12,22,0,0,5,5,0,0
1,5,3,34,0,7,0,1.005243,0.993742,1.007815,32,1,459,100,100,0,0,0,2,8,-2,0,0,40,1,32,24,0,0,3063,202,0,8,0,983,97,0,16,0,480,0,0,20,0,272,0,0,0,0,102,288,0,30,0,0,10,10,1,0,0,1,1,0,0
1,6,0,21,0,9,1,1.009221,1.012747,1.012116,21,1,459,100,100,0,0,0,0,0,8,-2,0,40,0,18,12,0,0,3072,188,0,4,0,986,91,0,8,0,544,1,0,0,0,203,0,0,6,0,102,312,24,4,0,0,5,0,0,0,0,0,0,0,0
1,6,1,34,0,9,1,1.007335,0.999444,1.002158,32,1,459,100,100,0,0,0,0,0,10,10,0,40,0,37,27,0,0,3072,198,0,9,0,986,106,0,18,0,544,1,0,0,0,203,0,0,14,0,102,306,56,28,0,0,0,0,18,0,0,1,1,0,0
1,6,2,42,0,9,1,1.003096,1.001597,1.00502,37,1,459,100,100,0,0,0,8,10,0,-2,0,40,0,58,36,0,0,3072,172,0,12,0,986,120,0,24,0,544,1,0,0,0,203,4,0,19,0,102,401,76,18,0,0,2,0,3,0,0,3,3,0,0
1,6,3,33,0,9,1,1.003928,0.996116,1.010011,32,1,459,100,100,0,0,0,-2,10,-2,0,0,40,0,30,21,0,0,3072,161,0,7,0,986,104,0,14,0,544,0,0,0,0,203,5,0,18,0,102,426,72,9,0,0,9,0,1,0,0,1,1,0,0
1,7,0,21,1,7,0,1.009221,1.012747,1.012116,21,1,459,100,100,0,0,0,0,2,10,0,0,40,3,17,12,0,0,2984,163,0,4,0,992,95,0,8,0,519,0,0,4,0,234,0,0,6,0,157,387,24,8,0,0,7,2,0,0,0,0,0,0,0
1,7,1,33,1,7,0,1.008576,1.001682,1.001535,32,1,459,100,100,0,0,0,2,0,12,12,0,40,3,41,27,0,0,2984,235,0,9,0,992,115,0,18,0,519,0,0,6,0,234,0,0,12,0,157,361,48,17,0,0,2,3,1,0,0,1,1,0,0
1,7,2,42,1,7,0,1.003423,0.999925,1.005131,39,1,459,100,100,0,0,0,10,12,0,0,0,40,3,61,36,0,0,2984,198,0,12,0,992,132,0,24,0,519,1,0,10,0,234,1,0,18,0,157,445,72,24,0,0,6,5,1,0,0,1,1,0,0
1,7,3,28,1,7,0,1.004448,0.997704,1.016283,28,1,459,100,100,0,0,0,0,12,0,0,0,40,3,26,18,0,0,2984,170,0,6,0,992,110,0,12,0,519,1,0,6,0,234,0,0,10,0,157,453,40,12,0,0,12,3,0,0,0,0,0,0,0
1,8,0,20,0,2,1,1.01059,1.007899,1.009768,20,1,459,100,100,0,0,0,0,2,10,-4,0,40,0,17,12,0,0,3016,186,0,4,0,995,99,0,8,0,516,1,0,2,0,257,0,0,3,0,165,414,12,6,0,0,8,1,0,0,0,0,0,0,0
1,8,1,33,0,2,1,1.008576,1.001682,1.001535,33,1,459,100,100,0,0,0,2,0,14,14,0,40,0,47,27,0,0,3016,193,0,9,0,995,124,0,18,0,516,0,0,6,0,257,0,0,3,0,165,421,12,15,0,0,5,3,0,0,0,0,0,0,0
1,8,2,42,0,2,1,1.003423,0.999925,1.005131,40,1,459,100,100,0,0,0,10,14,0,0,0,40,0,61,36,0,0,3016,232,0,12,0,995,144,0,24,0,516,0,0,12,0,257,0,0,8,0,165,445,32,26,0,0,11,6,1,0,0,1,1,0,0
1,8,3,27,0,2,1,1.001605,1.00085,1.019251,27,1,459,100,100,0,0,0,-4,14,0,0,0,40,0,26,18,0,0,3016,176,0,6,0,995,116,0,12,0,516,1,0,8,0,257,0,0,2,0,165,447,8,14,0,0,16,4,0,0,0,0,0,0,0
1,9,0,17,3,6,0,1.001678,1.009977,1.009282,17,1,459,100,100,0,0,0,0,4,12,-2,0,40,1,20,12,0,0,3040,202,0,4,0,995,103,0,8,0,478,0,0,10,0,272,0,0,0,0,212,409,0,14,0,0,13,5,0,0,0,0,0,0,0
1,9,1,34,3,6,0,1.011481,1.005248,0.999254,33,1,459,100,100,0,0,0,4,0,16,16,0,40,1,51,27,0,0,3040,231,0,9,0,995,133,0,18,0,478,1,0,12,0,272,0,0,0,0,212,420,0,21,0,0,11,6,0,0,0,0,0,0,0
1,9,2,41,3,6,0,1.00257,0.998677,1.005958,40,2,584,100,100,0,0,0,12,16,0,2,0,40,1,64,36,0,0,3040,178,0,12,0,995,156,0,24,0,478,1,0,22,0,272,0,0,0,0,212,406,0,53,0,0,4,11,18,0,0,1,1,0,0
1,9,3,27,3,6,0,1.000532,1.001838,1.022209,25,2,584,100,100,0,0,0,-2,16,2,0,0,40,1,29,18,0,0,3040,175,0,6,0,995,122,0,12,0,478,1,0,18,0,272,0,0,0,0,212,415,0,41,0,0,8,9,17,0,0,0,0,0,0
1,10,0,17,1,1,0,1.001678,1.009977,1.009282,17,1,459,100,100,0,0,0,0,4,14,0,0,40,2,23,12,0,0,3072,181,0,4,0,995,107,0,8,0,496,0,0,6,0,239,0,0,3,0,149,453,12,10,0,0,16,3,0,0,0,0,0,0,0
1,10,1,34,1,1,0,1.011481,1.005248,0.999254,33,1,459,100,100,0,0,0,4,0,18,18,0,40,2,53,27,0,0,3072,188,0,9,0,995,142,0,18,0,496,0,0,10,0,239,0,0,12,0,149,448,48,21,0,0,15,5,1,0,0,1,1,0,0
1,10,2,41,1,1,0,1.005817,0.997626,1.004419,40,2,584,100,100,0,0,0,14,18,0,2,0,40,2,67,36,0,0,3072,205,0,12,0,995,168,0,24,0,496,1,0,18,0,239,0,0,12,0,149,448,48,30,0,0,13,9,0,0,0,0,0,0,0
1,10,3,27,1,1,0,1.000532,1.001838,1.022209,25,2,584,100,100,0,0,0,0,18,2,0,0,40,2,29,18,0,0,3072,182,0,6,0,995,128,0,12,0,496,0,0,16,0,239,0,0,6,0,149,442,24,24,0,0,15,8,1,0,0,1,1,0,0
1,11,0,17,0,2,0,1.001678,1.009977,1.009282,17,1,459,100,100,0,0,0,0,4,18,2,0,40,3,27,12,0,0,2960,200,0,4,0,992,111,0,8,0,537,1,0,0,0,205,0,0,8,0,212,455,32,4,0,0,16,0,0,0,0,0,0,0,0
1,11,1,32,0,2,0,1.013937,1.004106,0.998234,32,2,584,100,100,0,0,0,4,0,20,20,2,40,3,59,27,0,0,2960,217,0,9,0,992,151,0,18,0,537,0,0,4,0,205,0,0,11,0,212,433,44,30,0,0,0,2,17,0,0,0,0,0,0
1,11,2,41,0,2,0,1.005817,0.997626,1.004419,40,2,584,100,100,0,0,0,18,20,0,4,1,40,3,72,39,0,0,2960,231,0,13,0,992,181,0,26,0,537,0,0,2,0,205,8,0,18,0,212,527,72,17,0,0,13,1,1,0,0,1,1,0,0
1,11,3,27,0,2,0,1.000532,1.001838,1.022209,26,2,584,100,100,0,0,0,2,20,4,0,1,40,3,28,18,0,0,2960,189,0,6,0,992,134,0,12,0,537,1,0,0,0,205,5,0,14,0,212,515,56,8,0,0,14,0,1,0,0,1,1,0,0
1,12,0,16,2,4,0,0.99391,1.002795,1.010163,16,2,584,100,100,0,0,0,0,6,22,4,1,40,8,28,12,0,0,3160,179,0,4,0,1025,109,0,8,0,478,0,0,10,0,270,0,0,0,0,175,428,0,31,0,0,4,5,17,0,0,0,0,0,0
1,12,1,31,2,4,0,1.015716,1.005898,0.998504,31,2,584,100,100,0,0,0,6,0,22,22,2,40,8,62,24,0,0,3160,177,0,8,0,1025,156,0,16,0,478,0,0,12,0,270,0,0,1,0,175,444,4,20,0,0,6,6,0,0,0,0,0,0,0
1,12,2,39,2,4,0,1.006559,0.997531,1.004623,39,3,709,100,100,0,0,0,22,22,0,8,2,40,8,72,36,0,0,3160,178,0,12,0,1025,172,0,24,0,478,1,0,26,0,270,0,0,9,0,175,545,36,55,0,0,9,13,17,0,0,0,0,0,0
1,12,3,29,2,4,0,1.006383,1.001212,1.022488,27,3,709,100,100,0,0,0,4,22,8,0,1,40,8,29,18,0,0,3160,196,0,6,0,1025,137,0,12,0,478,1,0,18,0,270,0,0,5,0,175,506,20,41,0,0,6,9,17,0,0,0,0,0,0
1,13,0,16,0,8,0,0.99391,1.002795,1.010163,16,2,584,100,100,0,0,0,0,6,26,6,1,40,9,31,12,0,0,3016,191,0,4,0,998,113,0,8,0,491,1,0,8,0,257,0,0,0,0,173,431,0,12,0,0,8,4,0,0,0,0,0,0,0
1,13,1,28,0,8,0,1.015576,1.003881,1.003052,28,2,584,100,100,0,0,0,6,0,24,22,2,40,9,63,24,0,0,3016,194,0,8,0,998,164,0,16,0,491,1,0,2,0,257,0,0,7,0,173,486,28,10,0,0,7,1,0,0,0,0,0,0,0
1,13,2,36,0,8,0,1.008677,0.991725,1.003818,36,3,709,100,100,0,0,0,26,24,0,10,2,40,9,76,36,0,0,3016,207,0,12,0,998,184,0,24,0,491,0,0,16,0,257,0,0,3,0,173,550,12,28,0,0,17,8,0,0,0,0,0,0,0
1,13,3,27,0,8,0,1.003236,0.999719,1.022346,26,3,709,100,100,0,0,0,6,22,10,0,1,40,9,27,18,0,0,3016,161,0,6,0,998,143,0,12,0,491,1,0,12,0,257,0,0,5,0,173,573,20,20,0,0,11,6,1,0,0,1,1,0,0
1,14,0,15,0,7,0,0.995576,1.004555,1.008644,15,2,584,100,100,0,0,0,0,6,30,8,1,40,1,33,9,0,0,3104,172,0,3,0,1025,107,0,6,0,487,1,0,8,0,272,0,0,0,0,127,467,0,11,0,0,12,4,0,0,0,0,0,0,0
1,14,1,27,0,7,0,1.016028,1.003284,1.005451,27,2,584,100,100,0,0,0,6,0,26,24,2,40,1,65,21,0,0,3104,215,0,7,0,1025,159,0,14,0,487,0,0,12,0,272,0,0,0,0,127,491,0,19,0,0,13,6,0,0,0,0,0,0,0
1,14,2,33,0,7,0,1.007055,0.986617,1.005046,33,3,709,100,100,0,0,0,30,26,0,14,2,40,1,75,27,0,0,3104,162,0,9,0,1025,187,0,18,0,487,0,0,18,0,272,0,0,0,0,127,598,0,27,0,0,26,9,0,0,0,0,0,0,0
1,14,3,25,0,7,0,1.003875,0.994339,1.022352,25,3,709,100,100,0,0,0,8,24,14,0,1,40,1,21,12,0,0,3104,170,0,4,0,1025,147,0,8,0,487,1,0,20,0,272,0,0,0,0,127,576,0,24,0,0,21,10,0,0,0,0,0,0,0
1,15,0,15,3,3,0,0.992992,1.003548,1.008085,14,2,584,100,100,0,0,0,0,6,32,8,1,40,1,35,9,0,0,3064,186,0,3,0,1019,110,0,6,0,514,1,0,6,0,245,0,0,0,0,201,470,0,9,0,0,15,3,0,0,0,0,0,0,0
1,15,1,27,3,3,0,1.016028,1.003284,1.005451,27,3,709,100,100,0,0,0,6,0,28,26,2,40,1,67,21,0,0,3064,181,0,7,0,1019,166,0,14,0,514,1,0,8,0,245,0,0,6,0,201,523,24,32,0,0,0,4,17,0,0,0,0,0,0
1,15,2,35,3,3,0,1.010495,0.991062,1.002461,33,4,834,100,100,0,0,0,32,28,0,16,2,40,1,77,27,0,0,3064,200,0,9,0,1019,196,0,18,0,514,0,0,12,0,245,0,0,6,0,201,596,24,38,0,0,15,6,17,0,0,0,0,0,0
1,15,3,23,3,3,0,1.005576,0.995333,1.021636,23,4,834,100,100,0,0,0,8,26,16,0,1,40,1,20,12,0,0,3064,165,0,4,0,1019,151,0,8,0,514,0,0,4,0,245,3,0,12,0,201,628,48,25,0,0,6,2,17,0,0,0,0,0,0
1,16,0,14,0,4,0,0.99189,1.002684,1.009709,13,2,584,100,100,0,0,0,0,6,34,8,1,40,6,36,12,0,0,3032,167,0,4,0,1013,114,0,8,0,517,1,0,4,0,266,0,0,0,0,190,496,0,10,0,0,16,2,1,0,0,1,1,0,0
1,16,1,27,0,4,0,1.016028,1.003284,1.005451,27,3,709,100,100,0,0,0,6,0,28,30,2,40,6,69,21,0,0,3032,203,0,7,0,1013,173,0,14,0,517,0,0,8,0,266,0,0,1,0,190,536,4,15,0,0,4,4,0,0,0,0,0,0,0
1,16,2,34,0,4,0,1.013368,0.99188,1.000321,32,4,834,100,100,0,0,0,34,28,0,18,2,40,6,78,30,0,0,3032,235,0,10,0,1013,206,0,20,0,517,0,0,10,0,266,0,0,1,0,190,599,4,22,0,0,19,5,1,0,0,1,1,0,0
1,16,3,21,0,4,0,1.000979,0.994228,1.01621,21,4,834,100,100,0,0,0,8,30,18,0,1,40,6,19,12,0,0,3032,162,0,4,0,1013,155,0,8,0,517,0,0,6,0,266,0,0,7,0,190,667,28,10,0,0,9,3,0,0,0,0,0,0,0
1,17,0,12,0,27,0,0.999723,1.008818,1.017056,12,3,709,100,100,0,0,0,0,8,36,10,1,40,0,44,12,0,0,3152,165,0,4,0,1013,118,0,8,0,522,0,0,2,0,271,0,0,0,0,178,482,0,23,0,0,0,1,17,0,0,0,0,0,0
1,17,1,15,0,27,0,1.00109,1.003054,1.006171,15,3,709,100,100,0,0,0,8,0,30,34,2,40,0,70,21,0,0,3152,169,0,7,0,1013,180,0,14,0,522,1,0,6,0,271,0,0,0,0,178,537,0,13,0,0,7,3,0,0,0,0,0,0,0
1,17,2,21,0,27,0,1.011821,0.989763,1.004181,20,4,834,100,100,0,0,0,36,30,0,20,3,40,0,85,30,0,0,3152,191,0,10,0,1013,216,0,20,0,522,0,0,8,0,271,0,0,0,0,178,598,0,20,0,0,22,4,1,0,0,1,1,0,0
1,17,3,21,0,27,0,1.000979,0.994228,1.01621,21,4,834,100,100,0,0,0,10,34,20,0,2,40,0,22,12,0,0,3152,161,0,4,0,1013,159,0,8,0,522,0,0,6,0,271,0,0,1,0,178,680,4,10,0,0,12,3,0,0,0,0,0,0,0
1,18,0,12,0,1,0,0.999723,1.008818,1.017056,12,3,709,100,100,0,0,0,0,8,38,12,1,40,5,52,12,0,0,3144,165,0,4,0,1013,122,0,8,0,481,0,0,8,0,272,0,0,0,0,241,479,0,12,0,0,4,4,0,0,0,0,0,0,0
1,18,1,15,0,1,0,1.00109,1.003054,1.006171,15,3,709,100,100,0,0,0,8,0,30,36,2,40,5,82,21,0,0,3144,163,0,7,0,1013,187,0,14,0,481,8,0,6,0,272,0,0,0,0,241,527,0,13,0,0,10,3,0,0,0,0,0,0,0
1,18,2,21,0,1,0,1.011821,0.989763,1.004181,21,4,834,100,100,0,0,0,38,30,0,22,3,40,5,101,30,0,0,3144,160,0,10,0,1013,226,0,20,0,481,13,0,8,0,272,0,0,0,0,241,606,0,18,0,0,26,4,0,0,0,0,0,0,0
1,18,3,20,0,1,0,1.007893,0.998871,1.012963,20,4,834,100,100,0,0,0,12,36,22,0,2,40,5,24,9,0,0,3144,161,0,3,0,1013,162,0,6,0,481,1,0,20,0,272,0,0,0,0,241,678,0,23,0,0,22,10,0,0,0,0,0,0,0
1,19,0,11,2,1,0,0.998196,1.016126,1.012694,11,3,709,100,100,0,0,0,0,8,40,14,1,40,5,58,12,0,0,3120,165,0,4,0,1016,126,0,8,0,540,0,0,0,0,226,1,0,5,0,264,504,20,4,0,0,4,0,0,0,0,0,0,0,0
1,19,1,15,2,1,0,1.00109,1.003054,1.006171,15,3,709,100,100,0,0,0,8,0,32,40,2,40,5,93,21,0,0,3120,157,0,7,0,1016,194,0,14,0,540,2,0,6,0,226,6,0,3,0,264,529,12,13,0,0,13,3,0,0,0,0,0,0,0
1,19,2,22,2,1,0,1.015669,0.992748,1.003338,21,4,834,100,100,0,0,0,40,32,0,24,3,40,5,120,30,0,0,3120,153,0,10,0,1016,236,0,20,0,540,8,0,8,0,226,10,0,4,0,264,607,16,18,0,0,30,4,0,0,0,0,0,0,0
1,19,3,21,2,1,0,1.004742,0.997436,1.010557,20,5,959,100,100,0,0,0,14,40,24,0,2,40,5,25,9,0,0,3120,162,0,3,0,1016,165,0,6,0,540,0,0,2,0,226,4,0,10,0,264,717,40,22,0,0,6,1,17,0,0,0,0,0,0
1,20,0,11,0,1,0,0.998196,1.016126,1.012694,11,3,709,100,100,0,0,0,0,8,42,16,1,40,9,64,12,0,0,3112,166,0,4,0,1016,130,0,8,0,483,0,0,6,0,272,0,0,1,0,261,507,4,10,0,0,7,3,0,0,0,0,0,0,0
1,20,1,14,0,1,0,1.000566,1.002154,1.007658,14,3,709,100,100,0,0,0,8,0,34,44,2,40,9,107,21,0,0,3112,143,0,7,0,1016,201,0,14,0,483,11,0,4,0,272,4,0,2,0,261,529,8,11,0,0,15,2,0,0,0,0,0,0,0
1,20,2,22,0,1,0,1.015669,0.992748,1.003338,21,4,834,100,100,0,0,0,42,34,0,26,3,40,9,136,30,0,0,3112,145,0,10,0,1016,246,0,20,0,483,19,0,10,0,272,5,0,5,0,261,611,20,22,0,0,34,5,1,0,0,1,1,0,0
1,20,3,21,0,1,0,1.004742,0.997436,1.010557,20,5,959,100,100,0,0,0,16,44,26,0,2,40,9,23,9,0,0,3112,170,0,3,0,1016,168,0,6,0,483,1,0,20,0,272,0,0,4,0,261,729,16,25,0,0,15,10,1,0,0,1,1,0,0
1,21,0,11,0,0,0,0.998196,1.016126,1.012694,11,3,709,100,100,0,0,0,0,8,42,20,2,40,9,72,12,0,0,3120,167,0,4,0,1022,134,0,8,0,496,0,0,6,0,269,0,0,0,0,261,506,0,10,0,0,10,3,0,0,0,0,0,0,0
1,21,1,14,0,0,0,1.000566,1.002154,1.007658,14,3,709,100,100,0,0,0,8,0,34,46,2,40,9,117,21,0,0,3120,130,0,7,0,1022,205,0,14,0,496,22,0,4,0,269,2,0,2,0,261,529,8,11,0,0,17,2,0,0,0,0,0,0,0
1,21,2,22,0,0,0,1.015669,0.992748,1.003338,22,4,834,100,100,0,0,0,42,34,0,28,3,40,9,151,30,0,0,3120,137,0,10,0,1022,253,0,20,0,496,21,0,10,0,269,3,0,5,0,261,617,20,20,0,0,39,5,0,0,0,0,0,0,0
1,21,3,21,0,0,0,1.004742,0.997436,1.010557,21,5,959,100,100,0,0,0,20,46,28,0,3,40,9,21,9,0,0,3120,178,0,3,0,1022,171,0,6,0,496,0,0,16,0,269,0,0,0,0,261,731,0,19,0,0,23,8,0,0,0,0,0,0,0
1,22,0,12,1,0,0,0.998583,1.019636,1.010973,11,3,709,100,100,0,0,0,0,10,44,22,2,40,6,80,12,0,0,3120,168,0,4,0,1016,138,0,8,0,514,0,0,6,0,248,0,0,0,0,261,505,0,10,0,0,13,3,0,0,0,0,0,0,0
1,22,1,14,1,0,0,1.000566,1.002154,1.007658,14,3,709,100,100,0,0,0,10,0,36,48,2,40,6,130,21,0,0,3120,117,0,7,0,1016,212,0,14,0,514,27,0,4,0,248,6,0,2,0,261,529,8,11,0,0,19,2,0,0,0,0,0,0,0
1,22,2,22,1,0,0,1.015669,0.992748,1.003338,22,4,834,100,100,0,0,0,44,36,0,30,3,40,6,166,30,0,0,3120,129,0,10,0,1016,263,0,20,0,514,20,0,10,0,248,6,0,5,0,261,623,20,20,0,0,44,5,0,0,0,0,0,0,0
1,22,3,21,1,0,0,1.004742,0.997436,1.010557,21,5,959,100,100,0,0,0,22,48,30,0,3,40,6,23,9,0,0,3120,186,0,3,0,1016,174,0,6,0,514,0,0,6,0,248,0,0,10,0,261,783,40,9,0,0,26,3,0,0,0,0,0,0,0
1,23,0,12,0,3,0,0.998583,1.019636,1.010973,11,3,709,100,100,0,0,0,0,10,44,24,2,40,4,88,12,0,0,3120,168,0,4,0,1016,142,0,8,0,518,0,0,0,0,239,0,0,6,0,258,535,24,6,0,0,12,0,1,0,0,1,1,0,0
1,23,1,14,0,3,0,1.000566,1.002154,1.007658,14,3,709,100,100,0,0,0,10,0,38,52,2,40,4,140,21,0,0,3120,104,0,7,0,1016,219,0,14,0,518,29,0,4,0,239,13,0,2,0,258,529,8,11,0,0,21,2,0,0,0,0,0,0,0
1,23,2,20,0,3,0,1.014502,0.997021,1.00387,20,4,834,100,100,0,0,0,44,38,0,32,3,40,4,180,30,0,0,3120,121,0,10,0,1016,273,0,20,0,518,14,0,10,0,239,10,0,5,0,258,629,20,20,0,0,49,5,0,0,0,0,0,0,0
1,23,3,20,0,3,0,1.004792,0.997089,1.00815,20,6,1084,100,100,0,0,0,24,52,32,0,3,40,4,21,9,0,0,3120,186,0,3,0,1016,177,0,6,0,518,0,0,10,0,239,0,0,9,0,258,810,36,30,0,0,14,5,17,0,0,0,0,0,0
1,24,0,12,0,9,0,0.998583,1.019636,1.010973,12,3,709,100,100,0,0,0,0,10,44,26,2,40,12,93,12,0,0,3128,168,0,4,0,1019,143,0,8,0,522,0,0,0,0,260,0,0,2,0,260,551,8,4,0,0,12,0,0,0,0,0,0,0,0
1,24,1,12,0,9,0,0.992182,1.015179,1.007834,12,3,709,100,100,0,0,0,10,0,38,54,2,40,12,154,21,0,0,3128,91,0,7,0,1019,226,0,14,0,522,25,0,4,0,260,14,0,2,0,260,529,8,11,0,0,23,2,0,0,0,0,0,0,0
1,24,2,17,0,9,0,1.017937,0.994353,0.999681,17,4,834,100,100,0,0,0,44,38,0,34,3,40,12,191,27,0,0,3128,116,0,9,0,1019,282,0,18,0,522,12,0,10,0,260,5,0,5,0,260,636,20,19,0,0,54,5,0,0,0,0,0,0,0
1,24,3,16,0,9,0,1.004084,1.001908,1.015216,16,6,1084,100,100,0,0,0,26,54,34,0,3,40,12,20,9,0,0,3128,179,0,3,0,1019,180,0,6,0,522,0,0,0,0,260,0,0,7,0,260,854,28,3,0,0,14,0,0,0,0,0,0,0,0
1,25,0,12,0,0,0,0.998583,1.019636,1.010973,12,3,709,100,100,0,0,0,0,10,46,30,2,40,4,100,12,0,0,3136,168,0,4,0,1019,147,0,8,0,541,0,0,0,0,242,0,0,6,0,258,583,24,4,0,0,12,0,0,0,0,0,0,0,0
1,25,1,12,0,0,0,0.992182,1.015179,1.007834,12,3,709,100,100,0,0,0,10,0,40,58,2,40,4,167,21,0,0,3136,80,0,7,0,1019,233,0,14,0,541,24,0,4,0,242,15,0,2,0,258,529,8,11,0,0,25,2,0,0,0,0,0,0,0
1,25,2,17,0,0,0,1.017937,0.994353,0.999681,17,4,834,100,100,0,0,0,46,40,0,38,3,40,4,212,27,0,0,3136,114,0,9,0,1019,291,0,18,0,541,2,0,10,0,242,9,0,5,0,258,643,20,19,0,0,59,5,0,0,0,0,0,0,0
1,25,3,16,0,0,0,1.004084,1.001908,1.015216,16,6,1084,100,100,0,0,0,30,58,38,0,3,40,4,23,9,0,0,3136,176,0,3,0,1019,183,0,6,0,541,0,0,0,0,242,3,0,9,0,258,908,36,3,0,0,14,0,0,0,0,0,0,0,0
1,26,0,12,0,2,0,0.998583,1.019636,1.010973,12,3,709,100,100,0,0,0,0,10,48,32,2,40,6,107,12,0,0,3136,168,0,4,0,1019,151,0,8,0,510,0,0,6,0,272,0,0,0,0,258,585,0,10,0,0,15,3,0,0,0,0,0,0,0
1,26,1,12,0,2,0,0.992182,1.015179,1.007834,12,3,709,100,100,0,0,0,10,0,42,60,2,40,6,181,21,0,0,3136,69,0,7,0,1019,240,0,14,0,510,27,0,4,0,272,13,0,2,0,258,529,8,11,0,0,27,2,0,0,0,0,0,0,0
1,26,2,16,0,2,0,1.016248,0.993483,1.001451,16,4,834,100,100,0,0,0,48,42,0,40,3,40,6,231,27,0,0,3136,104,0,9,0,1019,300,0,18,0,510,3,0,8,0,272,5,0,4,0,258,648,16,17,0,0,63,4,0,0,0,0,0,0,0
1,26,3,15,0,2,0,1.008664,1.004212,1.017187,15,7,1209,100,100,0,0,0,32,60,40,0,3,40,6,29,9,0,0,3136,173,0,3,0,1019,186,0,6,0,510,0,0,12,0,272,0,0,3,0,258,906,12,32,0,0,3,6,17,0,0,0,0,0,0
1,27,0,11,0,2,0,0.993962,1.022858,1.016941,11,3,709,100,100,0,0,0,0,10,50,36,2,40,1,115,12,0,0,3144,168,0,4,0,1019,155,0,8,0,508,0,0,6,0,272,0,0,0,0,261,584,0,10,0,0,18,3,0,0,0,0,0,0,0
1,27,1,12,0,2,0,0.992182,1.015179,1.007834,12,3,709,100,100,0,0,0,10,0,44,62,2,40,1,196,21,0,0,3144,58,0,7,0,1019,247,0,14,0,508,32,0,4,0,272,11,0,2,0,261,529,8,11,0,0,29,2,0,0,0,0,0,0,0
1,27,2,16,0,2,0,1.016248,0.993483,1.001451,16,4,834,100,100,0,0,0,50,44,0,42,3,40,1,250,27,0,0,3144,95,0,9,0,1019,309,0,18,0,508,4,0,8,0,272,1,0,4,0,261,653,16,17,0,0,67,4,0,0,0,0,0,0,0
1,27,3,14,0,2,0,1.004411,1.00942,1.016783,14,7,1209,100,100,0,0,0,36,62,42,0,3,40,1,34,9,0,0,3144,171,0,3,0,1019,189,0,6,0,508,1,0,8,0,272,0,0,0,0,261,913,0,11,0,0,7,4,0,0,0,0,0,0,0
1,28,0,13,3,1,0,1.001463,1.017138,1.025869,11,3,709,100,100,0,0,0,0,10,52,38,2,40,0,126,12,0,0,3144,169,0,4,0,1019,159,0,8,0,511,0,0,6,0,272,0,0,0,0,264,583,0,10,0,0,21,3,0,0,0,0,0,0,0
1,28,1,12,3,1,0,0.992182,1.015179,1.007834,12,3,709,100,100,0,0,0,10,0,46,64,2,40,0,214,21,0,0,3144,47,0,7,0,1019,254,0,14,0,511,37,0,4,0,272,9,0,2,0,264,529,8,11,0,0,31,2,0,0,0,0,0,0,0
1,28,2,15,3,1,0,1.015097,0.998602,1.00219,15,4,834,100,100,0,0,0,52,46,0,44,3,40,0,272,27,0,0,3144,86,0,9,0,1019,318,0,18,0,511,2,0,8,0,272,0,0,1,0,264,646,4,17,0,0,71,4,0,0,0,0,0,0,0
1,28,3,15,3,1,0,1.006866,1.010902,1.016425,14,7,1209,100,100,0,0,0,38,64,44,0,3,40,0,39,9,0,0,3144,170,0,3,0,1019,192,0,6,0,511,0,0,10,0,272,0,0,0,0,264,918,0,13,0,0,12,5,0,0,0,0,0,0,0
1,29,0,13,0,0,0,1.001463,1.017138,1.025869,11,3,709,100,100,0,0,0,0,10,52,40,2,40,17,133,15,0,0,3136,167,0,5,0,1016,164,0,10,0,530,1,0,2,0,266,0,0,1,0,270,587,4,9,0,0,21,1,1,0,0,1,1,0,0
1,29,1,12,0,0,0,0.992182,1.015179,1.007834,12,3,709,100,100,0,0,0,10,0,48,66,2,40,17,226,21,0,0,3136,36,0,7,0,1016,261,0,14,0,530,36,0,4,0,266,7,0,2,0,270,526,8,11,0,0,33,2,0,0,0,0,0,0,0
1,29,2,15,0,0,0,1.015097,0.998602,1.00219,15,4,834,100,100,0,0,0,52,48,0,44,3,40,17,290,27,0,0,3136,78,0,9,0,1016,327,0,18,0,530,1,0,4,0,266,0,0,3,0,270,651,12,13,0,0,73,2,0,0,0,0,0,0,0
1,29,3,15,0,0,0,1.006866,1.010902,1.016425,14,7,1209,100,100,0,0,0,40,66,44,0,3,40,17,42,9,0,0,3136,176,0,3,0,1016,195,0,6,0,530,1,0,4,0,266,0,0,2,0,270,932,8,9,0,0,13,2,1,0,0,1,1,0,0
1,30,0,12,1,4,0,1.006264,1.015907,1.028706,11,3,709,100,100,0,0,0,0,12,52,40,2,40,8,142,15,0,0,3136,164,0,5,0,1016,169,0,10,0,540,1,0,0,0,258,0,0,0,0,261,592,0,7,0,0,20,0,1,0,0,1,1,0,0
1,30,1,12,1,4,0,0.992182,1.015179,1.007834,12,3,709,100,100,0,0,0,12,0,50,70,2,40,8,241,21,0,0,3136,28,0,7,0,1016,268,0,14,0,540,35,0,4,0,258,5,0,2,0,261,526,8,11,0,0,35,2,0,0,0,0,0,0,0
1,30,2,15,1,4,0,1.00924,0.997438,1.00125,14,4,834,100,100,0,0,0,52,50,0,44,3,40,8,310,27,0,0,3136,69,0,9,0,1016,336,0,18,0,540,1,0,0,0,258,0,0,3,0,261,660,12,9,0,0,73,0,0,0,0,0,0,0,0
1,30,3,13,1,4,0,1.001039,1.016608,1.013668,13,7,1209,100,100,0,0,0,40,70,44,0,3,40,8,42,9,0,0,3136,181,0,3,0,1016,198,0,6,0,540,0,0,2,0,258,0,0,0,0,261,945,0,5,0,0,14,1,0,0,0,0,0,0,0
1,31,0,12,1,1,0,1.006264,1.015907,1.028706,12,4,834,100,100,0,0,0,0,14,54,42,2,40,9,153,15,0,0,3152,162,0,5,0,1022,171,0,10,0,544,1,0,0,0,258,0,0,2,0,241,590,8,22,0,0,3,0,17,0,0,0,0,0,0
1,31,1,12,1,1,0,0.992182,1.015179,1.007834,12,3,709,100,100,0,0,0,14,0,52,74,2,40,9,257,21,0,0,3152,19,0,7,0,1022,275,0,14,0,544,31,0,4,0,258,10,0,2,0,241,526,8,11,0,0,37,2,0,0,0,0,0,0,0
1,31,2,14,1,1,0,1.010383,0.998848,1.00648,13,4,834,100,100,0,0,0,54,52,0,44,3,40,9,330,27,0,0,3152,61,0,9,0,1022,342,0,18,0,544,1,0,0,0,258,0,0,3,0,241,667,12,11,0,0,72,0,1,0,0,1,1,0,0
1,31,3,14,1,1,0,0.997589,1.00518,1.01321,13,7,1209,100,100,0,0,0,42,74,44,0,3,40,9,46,9,0,0,3152,164,0,3,0,1022,201,0,6,0,544,0,0,0,0,258,0,0,2,0,241,988,8,3,0,0,14,0,0,0,0,0,0,0,0
1,32,0,12,0,1,0,1.006264,1.015907,1.028706,12,4,834,100,100,0,0,0,0,16,54,42,2,40,4,165,15,0,0,3136,160,0,5,0,1013,176,0,10,0,526,0,0,4,0,272,0,0,0,0,261,593,0,9,0,0,5,2,0,0,0,0,0,0,0
1,32,1,11,0,1,0,0.989148,1.009277,1.01249,11,3,709,100,100,0,0,0,16,0,54,78,2,40,4,274,21,0,0,3136,10,0,7,0,1013,282,0,14,0,526,33,0,4,0,272,8,0,2,0,261,526,8,11,0,0,39,2,0,0,0,0,0,0,0
1,32,2,14,0,1,0,1.010383,0.998848,1.00648,14,4,834,100,100,0,0,0,54,54,0,44,3,40,4,353,27,0,0,3136,54,0,9,0,1013,351,0,18,0,526,0,0,4,0,272,0,0,0,0,261,660,0,13,0,0,74,2,0,0,0,0,0,0,0
1,32,3,14,0,1,0,0.997589,1.00518,1.01321,13,7,1209,100,100,0,0,0,42,78,44,0,3,40,4,52,12,0,0,3136,169,0,4,0,1013,205,0,8,0,526,1,0,2,0,272,0,0,0,0,261,998,0,8,0,0,14,1,1,0,0,1,1,0,0
1,33,0,12,1,1,0,1.006264,1.015907,1.028706,12,4,834,100,100,0,0,0,0,18,54,42,2,40,4,175,15,0,0,3135,158,0,5,0,1013,181,0,10,0,542,0,0,0,0,259,0,0,3,0,261,612,12,5,0,0,5,0,0,0,0,0,0,0,0
1,33,1,11,1,1,0,0.989148,1.009277,1.01249,11,3,709,100,100,0,0,0,18,0,56,82,2,40,4,293,21,0,0,3135,3,0,7,0,1013,289,0,14,0,542,29,0,4,0,259,12,0,2,0,261,526,8,11,0,0,41,2,0,0,0,0,0,0,0
1,33,2,13,1,1,0,1.008485,0.991836,1.01377,13,4,834,100,100,0,0,0,54,56,0,46,3,40,4,371,24,0,0,3135,48,0,8,0,1013,359,0,16,0,542,0,0,2,0,259,0,0,1,0,261,660,4,10,0,0,75,1,0,0,0,0,0,0,0
1,33,3,15,1,1,0,0.992885,1.004537,1.013134,14,7,1209,100,100,0,0,0,42,82,46,0,3,40,4,58,12,0,0,3135,174,0,4,0,1013,209,0,8,0,542,1,0,0,0,259,0,0,3,0,261,1024,12,4,0,0,14,0,0,0,0,0,0,0,0
1,34,0,12,1,0,0,1.006264,1.015907,1.028706,12,4,834,100,100,0,0,0,0,20,56,42,3,40,13,182,15,0,0,3128,156,0,5,0,1013,186,0,10,0,543,0,0,0,0,269,0,0,0,0,273,613,0,5,0,0,5,0,0,0,0,0,0,0,0
1,34,1,11,1,0,0,0.989148,1.009277,1.01249,11,3,709,100,100,0,0,0,20,0,58,86,3,40,13,309,21,0,0,3128,3,0,7,0,1013,296,0,14,0,543,25,0,4,0,269,12,0,2,0,273,526,8,11,0,0,43,2,0,0,0,0,0,0,0
1,34,2,13,1,0,0,1.008485,0.991836,1.01377,13,4,834,100,100,0,0,0,56,58,0,46,3,40,13,390,24,0,0,3128,43,0,8,0,1013,367,0,16,0,543,1,0,0,0,269,0,0,0,0,273,655,0,8,0,0,75,0,0,0,0,0,0,0,0
1,34,3,16,1,0,0,0.986403,1.005128,1.012907,14,7,1209,100,100,0,0,0,42,86,46,0,3,40,13,67,15,0,0,3128,177,0,5,0,1013,214,0,10,0,543,1,0,0,0,269,0,0,1,0,273,1036,4,7,0,0,13,0,1,0,0,1,1,0,0
1,35,0,12,0,2,0,1.006264,1.015907,1.028706,12,4,834,100,100,0,0,0,0,22,60,42,3,40,7,194,15,0,0,3128,153,0,5,0,1037,182,0,10,0,530,1,0,2,0,269,0,0,0,0,261,618,0,7,0,0,6,1,0,0,0,0,0,0,0
1,35,1,11,0,2,0,0.989148,1.009277,1.01249,11,3,709,100,100,0,0,0,22,0,58,88,3,40,7,326,21,0,0,3128,3,0,7,0,1037,297,0,14,0,530,26,0,4,0,269,10,0,2,0,261,526,8,11,0,0,45,2,0,0,0,0,0,0,0
1,35,2,12,0,2,0,1.010084,0.992251,1.015036,12,4,834,100,100,0,0,0,60,58,0,48,3,40,7,408,24,0,0,3128,32,0,8,0,1037,369,0,16,0,530,1,0,0,0,269,0,0,3,0,261,665,12,8,0,0,75,0,0,0,0,0,0,0,0
1,35,3,15,0,2,0,0.982429,1.006186,1.020198,14,7,1209,100,100,0,0,0,42,88,48,0,3,40,7,73,15,0,0,3128,170,0,5,0,1037,216,0,10,0,530,1,0,6,0,269,0,0,0,0,261,1041,0,13,0,0,15,3,1,0,0,1,1,0,0
1,36,0,12,0,3,0,1.006264,1.015907,1.028706,12,4,834,100,100,0,0,0,0,24,64,44,3,40,7,205,15,0,0,3144,150,0,5,0,1013,187,0,10,0,529,0,0,4,0,269,0,0,0,0,261,621,0,9,0,0,8,2,0,0,0,0,0,0,0
1,36,1,10,0,3,0,0.994525,1.01347,1.015173,10,3,709,100,100,0,0,0,24,0,60,90,3,40,7,343,21,0,0,3144,3,0,7,0,1013,304,0,14,0,529,30,0,2,0,269,9,0,1,0,261,521,4,9,0,0,46,1,0,0,0,0,0,0,0
1,36,2,11,0,3,0,1.004799,0.99779,1.014326,11,4,834,100,100,0,0,0,64,60,0,50,3,40,7,430,24,0,0,3144,22,0,8,0,1013,377,0,16,0,529,1,0,0,0,269,0,0,0,0,261,663,0,8,0,0,75,0,0,0,0,0,0,0,0
1,36,3,14,0,3,0,0.98909,1.005628,1.020962,14,8,1334,100,100,0,0,0,44,90,50,0,3,40,7,81,15,0,0,3144,164,0,5,0,1013,221,0,10,0,529,0,0,4,0,269,0,0,0,0,261,1033,0,26,0,0,0,2,17,0,0,0,0,0,0
1,37,0,12,1,1,0,1.006264,1.015907,1.028706,12,4,834,100,100,0,0,0,0,26,68,46,3,40,3,215,15,0,0,3145,147,0,5,0,1013,192,0,10,0,532,1,0,2,0,272,0,0,0,0,264,626,0,7,0,0,9,1,0,0,0,0,0,0,0
1,37,1,9,1,1,0,0.985718,1.011712,1.017767,9,3,709,100,100,0,0,0,26,0,60,92,3,40,3,360,18,0,0,3145,4,0,6,0,1013,310,0,12,0,532,34,0,2,0,272,8,0,1,0,264,517,4,8,0,0,47,1,0,0,0,0,0,0,0
1,37,2,12,1,1,0,1.013246,0.992415,1.013518,11,4,834,100,100,0,0,0,68,60,0,52,3,40,3,452,24,0,0,3145,13,0,8,0,1013,385,0,16,0,532,1,0,0,0,272,0,0,0,0,264,661,0,8,0,0,75,0,0,0,0,0,0,0,0
1,37,3,14,1,1,0,0.98909,1.005628,1.020962,14,8,1334,100,100,0,0,0,46,92,52,0,3,40,3,90,15,0,0,3145,159,0,5,0,1013,226,0,10,0,532,1,0,2,0,272,0,0,0,0,264,1044,0,7,0,0,1,1,0,0,0,0,0,0,0
1,38,0,11,0,8,0,0.997679,1.014352,1.020885,11,4,834,100,100,0,0,0,0,28,72,46,3,40,23,222,15,0,0,3147,144,0,5,0,1075,185,0,10,0,541,0,0,2,0,271,0,0,0,0,266,627,0,7,0,0,10,1,0,0,0,0,0,0,0
1,38,1,9,0,8,0,0.985718,1.011712,1.017767,9,3,709,100,100,0,0,0,28,0,60,94,3,40,23,372,18,0,0,3147,4,0,6,0,1075,302,0,12,0,541,34,0,2,0,271,7,0,1,0,266,513,4,8,0,0,48,1,0,0,0,0,0,0,0
1,38,2,10,0,8,0,0.99563,0.992026,1.017194,10,4,834,100,100,0,0,0,72,60,0,54,3,40,23,469,24,0,0,3147,3,0,8,0,1075,372,0,16,0,541,1,0,0,0,271,0,0,0,0,266,656,0,8,0,0,75,0,0,0,0,0,0,0,0
1,38,3,9,0,8,0,0.975118,0.996472,1.029805,9,8,1334,100,100,0,0,0,46,94,54,0,3,40,23,96,15,0,0,3147,154,0,5,0,1075,219,0,10,0,541,1,0,0,0,271,0,0,1,0,266,1046,4,5,0,0,1,0,0,0,0,0,0,0,0
1,39,0,11,1,0,0,0.997679,1.014352,1.020885,11,4,834,100,100,0,0,0,0,30,74,46,3,40,11,233,15,0,0,3140,142,0,5,0,1016,190,0,10,0,540,1,0,0,0,271,0,0,0,0,285,631,0,5,0,0,10,0,0,0,0,0,0,0,0
1,39,1,9,1,0,0,0.985718,1.011712,1.017767,9,3,709,100,100,0,0,0,30,0,62,96,3,40,11,387,18,0,0,3140,4,0,6,0,1016,308,0,12,0,540,34,0,2,0,271,7,0,1,0,285,509,4,8,0,0,49,1,0,0,0,0,0,0,0
1,39,2,11,1,0,0,0.993184,0.980898,1.01383,10,4,834,100,100,0,0,0,74,62,0,56,3,40,11,491,24,0,0,3140,2,0,8,0,1016,380,0,16,0,540,1,0,0,0,271,0,0,0,0,285,651,0,8,0,0,75,0,0,0,0,0,0,0,0
1,39,3,9,1,0,0,0.975118,0.996472,1.029805,9,8,1334,100,100,0,0,0,46,96,56,0,3,40,11,110,15,0,0,3140,154,0,5,0,1016,224,0,10,0,540,0,0,2,0,271,0,0,0,0,285,1042,0,7,0,0,2,1,0,0,0,0,0,0,0
1,40,0,11,1,1,0,0.997679,1.014352,1.020885,11,4,834,100,100,0,0,0,0,32,78,46,3,40,8,245,15,0,0,3130,140,0,5,0,1016,195,0,10,0,534,0,0,2,0,272,0,0,0,0,285,633,0,7,0,0,11,1,0,0,0,0,0,0,0
1,40,1,8,1,1,0,0.986597,1.008204,1.009209,8,3,709,100,100,0,0,0,32,0,62,98,3,40,8,400,18,0,0,3130,4,0,6,0,1016,314,0,12,0,534,35,0,2,0,272,6,0,1,0,285,505,4,8,0,0,50,1,0,0,0,0,0,0,0
1,40,2,12,1,1,0,0.997731,0.973271,1.017992,10,4,834,100,100,0,0,0,78,62,0,60,3,40,8,512,24,0,0,3130,10,0,8,0,1016,388,0,16,0,534,1,0,0,0,272,0,0,0,0,285,644,0,10,0,0,74,0,1,0,0,1,1,0,0
1,40,3,9,1,1,0,0.975118,0.996472,1.029805,9,8,1334,100,100,0,0,0,46,98,60,0,3,40,8,124,15,0,0,3130,154,0,5,0,1016,229,0,10,0,534,1,0,2,0,272,0,0,0,0,285,1038,0,7,0,0,3,1,0,0,0,0,0,0,0
5,1,0,46,0,7,0,0.993758,0.987262,0.998541,0,0,334,100,100,0,0,0,0,2,2,2,0,40,0,41,33,0,0,2816,202,0,11,0,932,61,0,22,0,483,1,0,44,0,198,17,0,24,0,157,126,96,73,0,0,13,22,9,0,0,9,9,0,0
5,1,1,49,0,7,0,0.994009,0.989967,0.997985,0,0,334,100,100,0,0,0,2,0,2,2,0,40,0,43,36,0,0,2816,201,0,12,0,932,62,0,24,0,483,1,0,48,0,198,23,0,24,0,157,121,96,78,0,0,15,24,9,0,0,9,9,0,0
5,1,2,48,0,7,0,0.994157,0.991051,0.999573,0,0,334,100,100,0,0,0,2,2,0,2,0,40,0,49,39,0,0,2816,192,0,13,0,932,63,0,26,0,483,3,0,46,0,198,16,0,23,0,157,117,92,77,0,0,14,23,9,0,0,9,9,0,0
5,1,3,50,0,7,0,0.994246,0.988953,0.996393,0,0,334,100,100,0,0,0,2,2,2,0,0,40,0,52,39,0,0,2816,200,0,13,0,932,63,0,26,0,483,3,0,48,0,198,17,0,24,0,157,120,96,79,0,0,15,24,9,0,0,9,9,0,0
5,2,0,40,0,21,0,0.993277,0.987014,1.001334,9,0,334,100,100,0,0,0,0,2,4,4,0,40,0,39,30,0,0,2848,226,0,10,0,944,71,0,20,0,403,0,0,28,0,272,0,0,17,0,159,171,68,56,0,0,18,14,9,0,0,9,9,0,0
5,2,1,41,0,21,0,0.995123,0.994591,1.001875,9,0,334,100,100,0,0,0,2,0,4,4,0,40,0,43,36,0,0,2848,212,0,12,0,944,74,0,24,0,403,1,0,24,0,272,2,0,21,0,159,187,84,54,0,0,18,12,9,0,0,9,9,0,0
5,2,2,44,0,21,0,0.992919,0.9886,0.998325,9,0,334,100,100,0,0,0,4,4,0,2,0,40,0,43,36,0,0,2848,220,0,12,0,944,75,0,24,0,403,0,0,36,0,272,0,0,16,0,159,145,64,66,0,0,23,18,9,0,0,9,9,0,0
5,2,3,47,0,21,0,0.990526,0.985728,0.996448,9,0,334,100,100,0,0,0,4,4,2,0,0,40,0,47,39,0,0,2848,233,0,13,0,944,76,0,26,0,403,1,0,38,0,272,0,0,17,0,159,149,68,69,0,0,25,19,9,0,0,9,9,0,0
5,3,0,40,0,3,1,0.993277,0.987014,1.001334,18,0,334,100,100,0,0,0,0,0,0,4,0,40,4,39,30,0,0,3200,176,0,10,0,947,81,0,20,0,481,1,0,14,0,215,0,0,12,0,100,227,48,42,0,0,16,7,9,0,0,9,9,0,0
5,3,1,40,0,3,1,0.992217,0.994615,1.002468,18,0,334,100,100,0,0,0,0,0,6,6,0,40,4,45,36,0,0,3200,159,0,12,0,947,86,0,24,0,481,1,0,12,0,215,0,0,14,0,100,248,56,42,0,0,15,6,9,0,0,9,9,0,0
5,3,2,42,0,3,1,0.991423,0.988417,0.997131,18,0,334,100,100,0,0,0,0,6,0,2,0,40,4,45,36,0,0,3200,164,0,12,0,947,87,0,24,0,481,1,0,14,0,215,0,0,15,0,100,208,60,44,0,0,21,7,9,0,0,9,9,0,0
5,3,3,47,0,3,1,0.990526,0.985728,0.996448,18,0,334,100,100,0,0,0,4,6,2,0,0,40,4,49,39,0,0,3200,173,0,13,0,947,89,0,26,0,481,1,0,18,0,215,0,0,18,0,100,222,72,49,0,0,25,9,9,0,0,9,9,0,0
5,4,0,39,0,5,0,0.992063,0.985722,1.001412,26,0,334,100,100,0,0,0,0,0,2,6,0,40,0,36,27,0,0,2864,207,0,9,0,947,90,0,18,0,520,1,0,6,0,191,0,0,21,0,191,311,84,29,0,0,12,3,7,0,0,7,7,0,0
5,4,1,37,0,5,0,0.991414,0.993254,1.005683,26,0,334,100,100,0,0,0,0,0,8,8,0,40,0,47,33,0,0,2864,172,0,11,0,947,97,0,22,0,520,1,0,0,0,191,0,0,18,0,191,311,72,23,0,0,9,0,6,0,0,6,6,0,0
5,4,2,41,0,5,0,0.993771,0.988394,0.996647,27,0,334,100,100,0,0,0,2,8,0,4,0,40,0,49,36,0,0,2864,198,0,12,0,947,99,0,24,0,520,0,0,4,0,191,0,0,18,0,191,277,72,30,0,0,16,2,7,0,0,7,7,0,0
5,4,3,47,0,5,0,0.990526,0.985728,0.996448,27,1,459,100,100,0,0,0,6,8,4,0,0,40,0,52,39,0,0,2864,209,0,13,0,947,102,0,26,0,520,1,0,12,0,191,0,0,21,0,191,273,84,60,0,0,5,6,26,0,0,9,9,0,0
5,5,0,37,0,3,0,0.994108,0.986688,0.996624,32,1,459,100,100,0,0,0,0,0,4,8,0,40,8,30,24,0,0,2952,160,0,8,0,953,98,0,16,0,465,0,0,18,0,266,0,0,0,0,151,285,0,49,0,0,1,9,20,0,0,3,3,0,0
5,5,1,37,0,3,0,0.991414,0.993254,1.005683,32,0,334,100,100,0,0,0,0,0,10,10,0,40,8,49,33,0,0,2952,188,0,11,0,953,108,0,22,0,465,1,0,16,0,266,0,0,0,0,151,301,0,33,0,0,14,8,3,0,0,3,3,0,0
5,5,2,41,0,3,0,0.993771,0.988394,0.996647,34,0,334,100,100,0,0,0,4,10,0,4,0,40,8,51,36,0,0,2952,233,0,12,0,953,111,0,24,0,465,1,0,20,0,266,0,0,1,0,151,268,4,40,0,0,22,10,4,0,0,4,4,0,0
5,5,3,46,0,3,0,0.992115,0.986816,0.996948,36,1,459,100,100,0,0,0,8,10,4,0,0,40,8,53,39,0,0,2952,245,0,13,0,953,115,0,26,0,465,0,0,26,0,266,0,0,5,0,151,271,20,49,0,0,13,13,5,0,0,5,5,0,0
5,6,0,31,1,10,1,0.998917,0.986665,0.998834,29,1,459,100,100,0,0,0,0,-2,0,8,0,40,6,20,15,0,0,3064,190,0,5,0,962,103,0,10,0,511,0,0,6,0,248,0,0,5,0,191,322,20,13,0,0,3,3,1,0,0,1,1,0,0
5,6,1,37,1,10,1,0.991414,0.993254,1.005683,35,0,334,100,100,0,0,0,-2,0,12,12,0,40,6,52,33,0,0,3064,204,0,11,0,962,119,0,22,0,511,1,0,6,0,248,0,0,2,0,191,316,8,19,0,0,16,3,1,0,0,1,1,0,0
5,6,2,39,1,10,1,0.996433,0.988957,0.99612,36,1,459,100,100,0,0,0,0,12,0,4,0,40,6,50,33,0,0,3064,181,0,11,0,962,122,0,22,0,511,1,0,6,0,248,0,0,7,0,191,285,28,36,0,0,7,3,18,0,0,1,1,0,0
5,6,3,45,1,10,1,0.99211,0.985362,0.9967,40,1,459,100,100,0,0,0,8,12,4,0,0,40,6,57,39,0,0,3064,186,0,13,0,962,128,0,26,0,511,1,0,14,0,248,0,0,5,0,191,284,20,33,0,0,17,7,3,0,0,3,3,0,0
5,7,0,24,0,12,0,1.004028,0.981454,1.003615,23,1,459,100,100,0,0,0,0,-2,2,10,0,40,0,19,15,0,0,2944,210,0,5,0,971,105,0,10,0,508,1,0,2,0,264,0,0,2,0,150,345,8,9,0,0,3,1,1,0,0,1,1,0,0
5,7,1,34,0,12,0,0.987923,0.98986,1.001129,33,1,459,100,100,0,0,0,-2,0,14,14,0,40,0,53,30,0,0,2944,157,0,10,0,971,129,0,20,0,508,1,0,12,0,264,0,0,1,0,150,293,4,41,0,0,4,6,18,0,0,1,1,0,0
5,7,2,37,0,12,0,0.994294,0.989977,0.999007,35,1,459,100,100,0,0,0,2,14,0,6,0,40,0,53,33,0,0,2944,227,0,11,0,971,133,0,22,0,508,1,0,6,0,264,0,0,2,0,150,292,8,19,0,0,9,3,1,0,0,1,1,0,0
5,7,3,45,0,12,0,0.99211,0.985362,0.9967,43,1,459,100,100,0,0,0,10,14,6,0,0,40,0,60,39,0,0,2944,224,0,13,0,971,141,0,26,0,508,0,0,16,0,264,0,0,3,0,150,292,12,31,0,0,24,8,1,0,0,1,1,0,0
5,8,0,22,0,6,0,0.997642,0.981937,1.005094,22,1,459,100,100,0,0,0,0,-2,4,12,0,40,0,20,15,0,0,3136,181,0,5,0,971,110,0,10,0,456,1,0,12,0,272,0,0,0,0,37,397,0,17,0,0,9,6,0,0,0,0,0,0,0
5,8,1,34,0,6,0,0.987923,0.98986,1.001129,34,1,459,100,100,0,0,0,-2,0,16,16,0,40,0,57,30,0,0,3136,177,0,10,0,971,139,0,20,0,456,0,0,22,0,272,0,0,0,0,37,288,0,32,0,0,15,11,0,0,0,0,0,0,0
5,8,2,35,0,6,0,0.992946,0.990573,0.995552,35,1,459,100,100,0,0,0,4,16,0,8,0,40,0,55,33,0,0,3136,179,0,11,0,971,144,0,22,0,456,1,0,24,0,272,0,0,0,0,37,327,0,35,0,0,21,12,0,0,0,0,0,0,0
5,8,3,43,0,6,0,0.990324,0.98606,0.996183,42,1,459,100,100,0,0,0,12,16,8,0,0,40,0,58,36,0,0,3136,167,0,12,0,971,153,0,24,0,456,0,0,28,0,272,0,0,0,0,37,338,0,42,0,0,37,14,1,0,0,1,1,0,0
5,9,0,21,1,8,0,0.99712,0.979961,1.005592,20,1,459,100,100,0,0,0,0,-2,6,14,0,40,0,21,15,0,0,2904,202,0,5,0,974,115,0,10,0,526,1,0,0,0,233,0,0,9,0,217,441,36,5,0,0,9,0,0,0,0,0,0,0,0
5,9,1,31,1,8,0,0.988336,0.993378,1.005026,31,1,459,100,100,0,0,0,-2,0,18,18,0,40,0,58,27,0,0,2904,190,0,9,0,974,148,0,18,0,526,0,0,2,0,233,0,0,9,0,217,335,36,11,0,0,16,1,0,0,0,0,0,0,0
5,9,2,34,1,8,0,0.990266,0.992737,0.993443,34,1,459,100,100,0,0,0,6,18,0,8,0,40,0,63,33,0,0,2904,221,0,11,0,974,155,0,22,0,526,0,0,8,0,233,0,0,12,0,217,367,48,19,0,0,25,4,0,0,0,0,0,0,0
5,9,3,41,1,8,0,0.9909,0.98718,0.998545,41,1,459,100,100,0,0,0,14,18,8,0,0,40,0,60,36,0,0,2904,208,0,12,0,974,165,0,24,0,526,1,0,8,0,233,0,0,9,0,217,373,36,20,0,0,41,4,0,0,0,0,0,0,0
5,10,0,21,1,3,0,0.99712,0.979961,1.005592,20,1,459,100,100,0,0,0,0,-2,8,16,0,40,4,25,18,0,0,3144,175,0,6,0,974,121,0,12,0,479,1,0,12,0,254,0,0,0,0,134,439,0,20,0,0,14,6,1,0,0,1,1,0,0
5,10,1,29,1,3,0,0.989116,0.991676,1.005515,29,1,459,100,100,0,0,0,-2,0,20,20,2,40,4,57,24,0,0,3144,207,0,8,0,974,156,0,16,0,479,1,0,14,0,254,0,0,0,0,134,337,0,22,0,0,23,7,0,0,0,0,0,0,0
5,10,2,34,1,3,0,0.990266,0.992737,0.993443,34,2,584,100,100,0,0,0,8,20,0,8,1,40,4,70,33,0,0,3144,176,0,11,0,974,166,0,22,0,479,1,0,16,0,254,0,0,6,0,134,397,24,44,0,0,16,8,17,0,0,0,0,0,0
5,10,3,41,1,3,0,0.989624,0.988819,0.994701,40,2,584,100,100,0,0,0,16,20,8,0,1,40,4,65,33,0,0,3144,156,0,11,0,974,176,0,22,0,479,1,0,18,0,254,0,0,12,0,134,427,48,46,0,0,33,9,17,0,0,0,0,0,0
5,11,0,21,0,1,0,0.99712,0.979961,1.005592,21,2,584,100,100,0,0,0,0,-2,12,18,0,40,1,33,18,0,0,2960,196,0,6,0,980,127,0,12,0,464,1,0,12,0,272,0,0,0,0,177,419,0,35,0,0,3,6,17,0,0,0,0,0,0
5,11,1,29,0,1,0,0.989116,0.991676,1.005515,29,1,459,100,100,0,0,0,-2,0,22,22,2,40,1,60,24,0,0,2960,170,0,8,0,980,164,0,16,0,464,1,0,18,0,272,0,0,0,0,177,386,0,26,0,0,32,9,0,0,0,0,0,0,0
5,11,2,34,0,1,0,0.990266,0.992737,0.993443,34,2,584,100,100,0,0,0,12,22,0,8,1,40,1,76,33,0,0,2960,219,0,11,0,980,177,0,22,0,464,0,0,24,0,272,0,0,0,0,177,374,0,35,0,0,28,12,0,0,0,0,0,0,0
5,11,3,40,0,1,0,0.990339,0.988201,0.994434,40,2,584,100,100,0,0,0,18,22,8,0,1,40,1,66,33,0,0,2960,200,0,11,0,980,187,0,22,0,464,0,0,28,0,272,0,0,0,0,177,409,0,39,0,0,47,14,0,0,0,0,0,0,0
5,12,0,19,0,3,0,0.996062,0.97374,0.999796,19,2,584,100,100,0,0,0,0,-2,14,20,1,40,1,38,18,0,0,3048,169,0,6,0,980,133,0,12,0,467,1,0,12,0,272,0,0,0,0,117,453,0,18,0,0,9,6,0,0,0,0,0,0,0
5,12,1,28,0,3,0,0.989078,0.995522,1.007679,28,1,459,100,100,0,0,0,-2,0,24,24,2,40,1,62,24,0,0,3048,189,0,8,0,980,172,0,16,0,467,1,0,18,0,272,0,0,0,0,117,381,0,26,0,0,41,9,0,0,0,0,0,0,0
5,12,2,34,0,3,0,0.990266,0.992737,0.993443,34,2,584,100,100,0,0,0,14,24,0,8,1,40,1,84,33,0,0,3048,174,0,11,0,980,188,0,22,0,467,0,0,22,0,272,0,0,0,0,117,418,0,33,0,0,39,11,0,0,0,0,0,0,0
5,12,3,40,0,3,0,0.990339,0.988201,0.994434,40,2,584,100,100,0,0,0,20,24,8,0,2,40,1,70,33,0,0,3048,245,0,11,0,980,198,0,22,0,467,1,0,24,0,272,0,0,0,0,117,395,0,35,0,0,59,12,0,0,0,0,0,0,0
5,13,0,19,1,1,0,0.996062,0.97374,0.999796,19,2,584,100,100,0,0,0,0,-2,16,22,1,40,3,45,18,0,0,3016,184,0,6,0,980,139,0,12,0,470,1,0,10,0,272,0,0,0,0,180,449,0,16,0,0,14,5,0,0,0,0,0,0,0
5,13,1,27,1,1,0,0.989663,0.994466,1.010342,27,1,459,100,100,0,0,0,-2,0,26,26,2,40,3,65,24,0,0,3016,209,0,8,0,980,180,0,16,0,470,0,0,14,0,272,0,0,0,0,180,380,0,22,0,0,48,7,0,0,0,0,0,0,0
5,13,2,34,1,1,0,0.990266,0.992737,0.993443,34,2,584,100,100,0,0,0,16,26,0,8,1,40,3,92,33,0,0,3016,217,0,11,0,980,199,0,22,0,470,1,0,20,0,272,0,0,0,0,180,399,0,31,0,0,49,10,0,0,0,0,0,0,0
5,13,3,41,1,1,0,0.989608,0.988348,0.995507,40,2,584,100,100,0,0,0,22,26,8,0,2,40,3,72,33,0,0,3016,194,0,11,0,980,209,0,22,0,470,0,0,28,0,272,0,0,0,0,180,431,0,39,0,0,73,14,0,0,0,0,0,0,0
5,14,0,19,0,0,0,0.996062,0.97374,0.999796,19,2,584,100,100,0,0,0,0,-2,18,24,1,40,4,52,18,0,0,3062,199,0,6,0,980,145,0,12,0,473,1,0,10,0,272,0,0,0,0,104,445,0,16,0,0,19,5,0,0,0,0,0,0,0
5,14,1,27,0,0,0,0.989663,0.994466,1.010342,27,2,584,100,100,0,0,0,-2,0,28,28,2,40,4,71,24,0,0,3062,174,0,8,0,980,188,0,16,0,473,1,0,12,0,272,0,0,0,0,104,420,0,37,0,0,37,6,17,0,0,0,0,0,0
5,14,2,34,0,0,0,0.990266,0.992737,0.993443,34,2,584,100,100,0,0,0,18,28,0,8,1,40,4,99,33,0,0,3062,172,0,11,0,980,210,0,22,0,473,0,0,22,0,272,0,0,0,0,104,446,0,33,0,0,60,11,0,0,0,0,0,0,0
5,14,3,41,0,0,0,0.989608,0.988348,0.995507,40,2,584,100,100,0,0,0,24,28,8,0,2,40,4,75,33,0,0,3062,240,0,11,0,980,220,0,22,0,473,1,0,26,0,272,0,0,0,0,104,419,0,39,0,0,85,13,1,0,0,1,1,0,0
5,15,0,19,0,3,0,0.996062,0.97374,0.999796,19,2,584,100,100,0,0,0,0,-2,20,26,2,40,2,58,18,0,0,3056,174,0,6,0,980,151,0,12,0,465,1,0,12,0,272,0,0,0,0,140,479,0,18,0,0,25,6,0,0,0,0,0,0,0
5,15,1,25,0,3,0,0.985134,0.996809,1.006399,25,2,584,100,100,0,0,0,-2,0,30,30,2,40,2,68,18,0,0,3056,197,0,6,0,980,194,0,12,0,465,1,0,14,0,272,0,0,0,0,140,421,0,20,0,0,44,7,0,0,0,0,0,0,0
5,15,2,34,0,3,0,0.990266,0.992737,0.993443,34,2,584,100,100,0,0,0,20,30,0,10,2,40,2,108,33,0,0,3056,215,0,11,0,980,221,0,22,0,465,1,0,22,0,272,0,0,0,0,140,425,0,33,0,0,71,11,0,0,0,0,0,0,0
5,15,3,40,0,3,0,0.990486,0.988904,0.998265,40,2,584,100,100,0,0,0,26,30,10,0,2,40,2,75,33,0,0,3056,188,0,11,0,980,231,0,22,0,465,0,0,28,0,272,0,0,0,0,140,455,0,39,0,0,99,14,0,0,0,0,0,0,0
5,16,0,19,1,2,0,0.996062,0.97374,0.999796,19,2,584,100,100,0,0,0,0,-2,20,28,2,40,4,64,18,0,0,3056,189,0,6,0,986,157,0,12,0,493,1,0,10,0,272,0,0,0,0,167,475,0,16,0,0,30,5,0,0,0,0,0,0,0
5,16,1,26,1,2,0,0.987429,0.996696,1.004092,25,2,584,100,100,0,0,0,-2,0,32,30,2,40,4,68,18,0,0,3056,166,0,6,0,986,200,0,12,0,493,0,0,8,0,272,0,0,0,0,167,457,0,14,0,0,48,4,0,0,0,0,0,0,0
5,16,2,33,1,2,0,0.989795,0.994358,0.995717,33,2,584,100,100,0,0,0,20,32,0,10,2,40,4,113,30,0,0,3056,171,0,10,0,986,231,0,20,0,493,1,0,18,0,272,0,0,0,0,167,447,0,28,0,0,80,9,0,0,0,0,0,0,0
5,16,3,39,1,2,0,0.993535,0.990787,0.99679,39,2,584,100,100,0,0,0,28,30,10,0,2,40,4,79,33,0,0,3056,241,0,11,0,986,242,0,22,0,493,1,0,12,0,272,0,0,0,0,167,453,0,23,0,0,105,6,0,0,0,0,0,0,0
5,17,0,19,0,19,0,0.996062,0.97374,0.999796,19,3,709,100,100,0,0,0,0,-2,20,28,2,40,4,72,18,0,0,3056,164,0,6,0,989,163,0,12,0,475,0,0,10,0,268,0,0,1,0,146,498,4,33,0,0,18,5,17,0,0,0,0,0,0
5,17,1,25,0,19,0,0.988888,0.994234,1.005762,24,2,584,100,100,0,0,0,-2,0,32,32,2,40,4,69,18,0,0,3056,182,0,6,0,989,206,0,12,0,475,0,0,14,0,268,0,0,2,0,146,462,8,22,0,0,54,7,1,0,0,1,1,0,0
5,17,2,29,0,19,0,0.996568,0.993613,0.994692,29,2,584,100,100,0,0,0,20,32,0,10,2,40,4,116,27,0,0,3056,209,0,9,0,989,240,0,18,0,475,1,0,16,0,268,0,0,1,0,146,434,4,25,0,0,88,8,0,0,0,0,0,0,0
5,17,3,25,0,19,0,1.00509,0.997826,1.003385,25,2,584,100,100,0,0,0,28,32,10,0,2,40,4,82,33,0,0,3056,191,0,11,0,989,253,0,22,0,475,13,0,12,0,268,0,0,0,0,146,448,0,23,0,0,111,6,0,0,0,0,0,0,0
5,18,0,18,1,2,0,0.996667,0.975858,1.014365,17,3,709,100,100,0,0,0,0,-2,22,30,2,40,3,81,18,0,0,3112,179,0,6,0,992,169,0,12,0,517,1,0,2,0,266,0,0,0,0,174,502,0,8,0,0,19,1,0,0,0,0,0,0,0
5,18,1,25,1,2,0,0.988888,0.994234,1.005762,25,2,584,100,100,0,0,0,-2,0,34,34,2,40,3,70,18,0,0,3112,199,0,6,0,992,212,0,12,0,517,1,0,4,0,266,0,0,1,0,174,477,4,10,0,0,56,2,0,0,0,0,0,0,0
5,18,2,29,1,2,0,0.996568,0.993613,0.994692,29,3,709,100,100,0,0,0,22,34,0,10,2,40,3,125,27,0,0,3112,171,0,9,0,992,249,0,18,0,517,1,0,4,0,266,0,0,4,0,174,495,16,30,0,0,73,2,17,0,0,0,0,0,0
5,18,3,25,1,2,0,1.00509,0.997826,1.003385,25,2,584,100,100,0,0,0,30,34,10,0,2,40,3,97,33,0,0,3112,155,0,11,0,992,264,0,22,0,517,10,0,12,0,266,0,0,1,0,174,447,4,23,0,0,117,6,0,0,0,0,0,0,0
5,19,0,14,1,7,0,0.984355,0.9823,1.006498,13,3,709,100,100,0,0,0,0,-2,24,32,2,40,5,78,9,0,0,3080,198,0,3,0,989,172,0,6,0,544,1,0,0,0,206,0,0,6,0,300,521,24,5,0,0,18,0,1,0,0,1,1,0,0
5,19,1,24,1,7,0,0.987868,0.99623,0.999211,24,3,709,100,100,0,0,0,-2,0,36,36,2,40,5,66,15,0,0,3080,169,0,5,0,989,217,0,10,0,544,1,0,0,0,206,5,0,13,0,300,507,52,22,0,0,39,0,17,0,0,0,0,0,0
5,19,2,28,1,7,0,0.998197,0.991305,0.995848,28,3,709,100,100,0,0,0,24,36,0,12,2,40,5,135,27,0,0,3080,205,0,9,0,989,258,0,18,0,544,1,0,0,0,206,5,0,13,0,300,538,52,9,0,0,73,0,0,0,0,0,0,0,0
5,19,3,25,1,7,0,1.00052,0.998314,1.000457,24,2,584,100,100,0,0,0,32,36,12,0,2,40,5,108,30,0,0,3080,120,0,10,0,989,274,0,20,0,544,0,0,10,0,206,18,0,6,0,300,451,24,20,0,0,122,5,0,0,0,0,0,0,0
5,20,0,14,0,3,0,0.984355,0.9823,1.006498,14,3,709,100,100,0,0,0,0,-2,26,32,2,40,12,79,9,0,0,3144,181,0,3,0,1012,172,0,6,0,527,1,0,0,0,269,0,0,3,0,144,580,12,3,0,0,18,0,0,0,0,0,0,0,0
5,20,1,23,0,3,0,0.985575,0.994439,0.99925,23,3,709,100,100,0,0,0,-2,0,38,38,2,40,12,59,12,0,0,3144,189,0,4,0,1012,221,0,8,0,527,0,0,8,0,269,0,0,5,0,144,532,20,12,0,0,43,4,0,0,0,0,0,0,0
5,20,2,27,0,3,0,1.000594,0.990683,0.996595,27,4,834,100,100,0,0,0,26,38,0,12,2,40,12,140,27,0,0,3144,168,0,9,0,1012,265,0,18,0,527,0,0,2,0,269,0,0,5,0,144,598,20,28,0,0,57,1,17,0,0,0,0,0,0
5,20,3,24,0,3,0,1.001037,0.999498,0.99832,23,2,584,100,100,0,0,0,32,38,12,0,2,40,12,119,27,0,0,3144,94,0,9,0,1012,283,0,18,0,527,1,0,8,0,269,11,0,7,0,144,474,28,19,0,0,125,4,1,0,0,1,1,0,0
5,21,0,14,0,1,0,0.984355,0.9823,1.006498,14,4,834,100,100,0,0,0,0,-2,28,34,2,40,3,84,9,0,0,3080,164,0,3,0,1013,175,0,6,0,518,0,0,4,0,243,0,0,3,0,197,620,12,24,0,0,3,2,17,0,0,0,0,0,0
5,21,1,22,0,1,0,0.984791,0.992714,0.998434,22,3,709,100,100,0,0,0,-2,0,40,40,2,40,3,57,12,0,0,3080,210,0,4,0,1013,225,0,8,0,518,1,0,2,0,243,0,0,6,0,197,571,24,6,0,0,44,1,0,0,0,0,0,0,0
5,21,2,27,0,1,0,1.000594,0.990683,0.996595,27,4,834,100,100,0,0,0,28,40,0,12,2,40,3,149,27,0,0,3080,196,0,9,0,1013,274,0,18,0,518,1,0,8,0,243,0,0,9,0,197,629,36,17,0,0,61,4,0,0,0,0,0,0,0
5,21,3,24,0,1,0,1.001037,0.999498,0.99832,24,3,709,100,100,0,0,0,34,40,12,0,2,40,3,131,27,0,0,3080,69,0,9,0,1013,292,0,18,0,518,0,0,12,0,243,12,0,7,0,197,482,28,38,0,0,114,6,17,0,0,0,0,0,0
5,22,0,14,0,7,0,0.984355,0.9823,1.006498,14,4,834,100,100,0,0,0,0,-2,30,34,2,40,12,86,9,0,0,3152,187,0,3,0,1013,178,0,6,0,492,0,0,6,0,272,0,0,0,0,157,623,0,9,0,0,6,3,0,0,0,0,0,0,0
5,22,1,20,0,7,0,0.982859,0.983302,0.998481,20,4,834,100,100,0,0,0,-2,0,42,40,2,40,12,51,12,0,0,3152,184,0,4,0,1013,229,0,8,0,492,0,0,12,0,272,0,0,0,0,157,586,0,33,0,0,33,6,17,0,0,0,0,0,0
5,22,2,23,0,7,0,0.997556,0.992728,0.993281,23,4,834,100,100,0,0,0,30,42,0,12,2,40,12,157,27,0,0,3152,160,0,9,0,1013,283,0,18,0,492,1,0,16,0,272,0,0,0,0,157,644,0,25,0,0,69,8,0,0,0,0,0,0,0
5,22,3,23,0,7,0,1.000561,0.996088,0.997162,23,3,709,100,100,0,0,0,34,40,12,0,2,40,12,143,27,0,0,3152,44,0,9,0,1013,301,0,18,0,492,7,0,12,0,272,6,0,6,0,157,500,24,21,0,0,120,6,0,0,0,0,0,0,0
5,23,0,15,2,6,0,0.980195,0.984012,1.008059,14,4,834,100,100,0,0,0,0,0,32,38,2,40,2,88,9,0,0,3104,169,0,3,0,1013,181,0,6,0,483,0,0,6,0,272,0,0,0,0,211,664,0,9,0,0,9,3,0,0,0,0,0,0,0
5,23,1,19,2,6,0,0.984718,0.978577,1.001853,19,4,834,100,100,0,0,0,0,0,44,44,2,40,2,53,12,0,0,3104,207,0,4,0,1013,233,0,8,0,483,0,0,12,0,272,0,0,0,0,211,585,0,16,0,0,39,6,0,0,0,0,0,0,0
5,23,2,21,2,6,0,0.992187,0.990066,0.990893,21,4,834,100,100,0,0,0,32,44,0,16,2,40,2,167,24,0,0,3104,168,0,8,0,1013,291,0,16,0,483,0,0,16,0,272,0,0,0,0,211,629,0,24,0,0,77,8,0,0,0,0,0,0,0
5,23,3,21,2,6,0,0.999362,0.988685,0.993501,20,3,709,100,100,0,0,0,38,44,16,0,2,40,2,152,21,0,0,3104,25,0,7,0,1013,308,0,14,0,483,19,0,10,0,272,1,0,5,0,211,515,20,17,0,0,125,5,0,0,0,0,0,0,0
5,24,0,14,0,4,0,0.975972,0.986591,1.002454,13,4,834,100,100,0,0,0,0,0,32,40,2,40,1,90,9,0,0,3112,190,0,3,0,1019,184,0,6,0,484,1,0,8,0,272,0,0,0,0,204,660,0,13,0,0,12,4,1,0,0,1,1,0,0
5,24,1,19,0,4,0,0.984718,0.978577,1.001853,19,4,834,100,100,0,0,0,0,0,46,46,2,40,1,54,12,0,0,3112,183,0,4,0,1019,237,0,8,0,484,0,0,12,0,272,0,0,0,0,204,632,0,16,0,0,45,6,0,0,0,0,0,0,0
5,24,2,19,0,4,0,0.992622,0.986049,0.99241,19,4,834,100,100,0,0,0,32,46,0,18,2,40,1,177,24,0,0,3112,178,0,8,0,1019,299,0,16,0,484,1,0,8,0,272,0,0,0,0,204,622,0,16,0,0,81,4,0,0,0,0,0,0,0
5,24,3,20,0,4,0,1.000645,0.989923,0.991404,19,3,709,100,100,0,0,0,40,46,18,0,2,40,1,163,24,0,0,3112,7,0,8,0,1019,316,0,16,0,484,30,0,10,0,272,0,0,1,0,204,511,4,20,0,0,129,5,1,0,0,1,1,0,0
5,25,0,14,0,0,0,0.975972,0.986591,1.002454,14,4,834,100,100,0,0,0,0,0,32,44,2,40,20,92,9,0,0,3107,172,0,3,0,1076,184,0,6,0,511,0,0,8,0,262,0,0,2,0,199,706,8,11,0,0,16,4,0,0,0,0,0,0,0
5,25,1,19,0,0,0,0.984718,0.978577,1.001853,19,4,834,100,100,0,0,0,0,0,48,50,2,40,20,53,12,0,0,3107,199,0,4,0,1076,232,0,8,0,511,1,0,6,0,262,0,0,3,0,199,657,12,10,0,0,48,3,0,0,0,0,0,0,0
5,25,2,19,0,0,0,0.992622,0.986049,0.99241,19,4,834,100,100,0,0,0,32,48,0,20,3,40,20,185,24,0,0,3107,182,0,8,0,1076,286,0,16,0,511,0,0,6,0,262,0,0,2,0,199,633,8,14,0,0,84,3,0,0,0,0,0,0,0
5,25,3,20,0,0,0,1.000645,0.989923,0.991404,20,3,709,100,100,0,0,0,44,50,20,0,3,40,20,171,24,0,0,3107,3,0,8,0,1076,300,0,16,0,511,34,0,10,0,262,0,0,3,0,199,517,12,18,0,0,134,5,0,0,0,0,0,0,0
5,26,0,13,0,2,0,0.980127,0.984947,1.000342,13,4,834,100,100,0,0,0,0,0,32,48,2,40,3,97,9,0,0,3095,194,0,3,0,1019,187,0,6,0,544,0,0,0,0,221,0,0,6,0,274,731,24,3,0,0,16,0,0,0,0,0,0,0,0
5,26,1,18,0,2,0,0.983072,0.979097,0.997864,18,4,834,100,100,0,0,0,0,0,50,54,2,40,3,52,12,0,0,3095,175,0,4,0,1019,236,0,8,0,544,1,0,0,0,221,0,0,9,0,274,699,36,4,0,0,48,0,0,0,0,0,0,0,0
5,26,2,19,0,2,0,0.992622,0.986049,0.99241,19,4,834,100,100,0,0,0,32,50,0,22,3,40,3,200,24,0,0,3095,194,0,8,0,1019,294,0,16,0,544,0,0,0,0,221,1,0,8,0,274,662,32,8,0,0,84,0,0,0,0,0,0,0,0
5,26,3,20,0,2,0,1.000645,0.989923,0.991404,20,3,709,100,100,0,0,0,48,54,22,0,3,40,3,184,24,0,0,3095,3,0,8,0,1019,308,0,16,0,544,24,0,10,0,221,16,0,5,0,274,526,20,18,0,0,139,5,0,0,0,0,0,0,0
5,27,0,11,0,3,0,0.990138,0.989484,1.009225,11,5,959,100,100,0,0,0,0,0,32,52,2,40,15,99,9,0,0,3127,177,0,3,0,1019,190,0,6,0,526,0,0,2,0,272,0,0,0,0,175,747,0,22,0,0,0,1,17,0,0,0,0,0,0
5,27,1,18,0,3,0,0.983072,0.979097,0.997864,18,4,834,100,100,0,0,0,0,0,52,56,2,40,15,54,12,0,0,3127,200,0,4,0,1019,240,0,8,0,526,0,0,4,0,272,0,0,0,0,175,706,0,8,0,0,50,2,0,0,0,0,0,0,0
5,27,2,18,0,3,0,0.995284,0.985321,0.990009,18,4,834,100,100,0,0,0,32,52,0,24,3,40,15,206,21,0,0,3127,167,0,7,0,1019,301,0,14,0,526,1,0,4,0,272,0,0,1,0,175,704,4,11,0,0,86,2,0,0,0,0,0,0,0
5,27,3,20,0,3,0,1.000645,0.989923,0.991404,20,3,709,100,100,0,0,0,52,56,24,0,3,40,15,195,24,0,0,3127,3,0,8,0,1019,316,0,16,0,526,22,0,10,0,272,11,0,5,0,175,540,20,18,0,0,144,5,0,0,0,0,0,0,0
5,28,0,11,0,1,0,0.990138,0.989484,1.009225,11,5,959,100,100,0,0,0,0,2,34,56,2,40,2,107,9,0,0,3103,194,0,3,0,1022,193,0,6,0,499,0,0,6,0,272,0,0,0,0,223,744,0,9,0,0,3,3,0,0,0,0,0,0,0
5,28,1,18,0,1,0,0.983072,0.979097,0.997864,18,5,959,100,100,0,0,0,2,0,54,60,2,40,2,56,12,0,0,3103,177,0,4,0,1022,244,0,8,0,499,1,0,8,0,272,0,0,0,0,223,727,0,29,0,0,37,4,17,0,0,0,0,0,0
5,28,2,18,0,1,0,0.995284,0.985321,0.990009,18,4,834,100,100,0,0,0,34,54,0,28,3,40,2,219,21,0,0,3103,181,0,7,0,1022,308,0,14,0,499,0,0,10,0,272,0,0,0,0,223,696,0,17,0,0,91,5,0,0,0,0,0,0,0
5,28,3,19,0,1,0,1.003589,0.989438,0.989077,19,3,709,100,100,0,0,0,56,60,28,0,3,40,2,206,21,0,0,3103,4,0,7,0,1022,323,0,14,0,499,33,0,10,0,272,6,0,5,0,223,555,20,17,0,0,149,5,0,0,0,0,0,0,0
5,29,0,10,0,6,0,0.994281,0.989985,1.000411,10,5,959,100,100,0,0,0,0,2,36,60,2,40,5,108,6,0,0,3089,180,0,2,0,1025,195,0,4,0,520,1,0,2,0,272,0,0,0,0,226,778,0,4,0,0,4,1,0,0,0,0,0,0,0
5,29,1,16,0,6,0,0.983894,0.976558,1.002888,16,5,959,100,100,0,0,0,2,0,56,64,2,40,5,55,12,0,0,3089,202,0,4,0,1025,248,0,8,0,520,0,0,4,0,272,0,0,0,0,226,731,0,8,0,0,39,2,0,0,0,0,0,0,0
5,29,2,16,0,6,0,0.992937,0.985424,0.991198,16,4,834,100,100,0,0,0,36,56,0,30,3,40,5,231,18,0,0,3089,196,0,6,0,1025,314,0,12,0,520,0,0,0,0,272,0,0,0,0,226,696,0,6,0,0,91,0,0,0,0,0,0,0,0
5,29,3,18,0,6,0,1.003465,0.992227,0.993003,18,3,709,100,100,0,0,0,60,64,30,0,3,40,5,215,18,0,0,3089,5,0,6,0,1025,329,0,12,0,520,38,0,10,0,272,1,0,5,0,226,571,20,16,0,0,154,5,0,0,0,0,0,0,0
5,30,0,10,0,3,0,0.994281,0.989985,1.000411,10,5,959,100,100,0,0,0,0,2,36,62,2,40,8,108,6,0,0,3179,167,0,2,0,1034,197,0,4,0,523,1,0,4,0,267,0,0,0,0,152,810,0,6,0,0,6,2,0,0,0,0,0,0,0
5,30,1,15,0,3,0,0.981197,0.980024,1.003175,15,5,959,100,100,0,0,0,2,0,58,68,2,40,8,54,9,0,0,3179,182,0,3,0,1034,251,0,6,0,523,1,0,2,0,267,0,0,2,0,152,786,8,5,0,0,40,1,0,0,0,0,0,0,0
5,30,2,14,0,3,0,0.994771,0.979041,0.982214,14,5,959,100,100,0,0,0,36,58,0,32,3,40,8,235,12,0,0,3179,175,0,4,0,1034,318,0,8,0,523,0,0,4,0,267,0,0,2,0,152,725,8,25,0,0,76,2,17,0,0,0,0,0,0
5,30,3,18,0,3,0,1.003465,0.992227,0.993003,18,3,709,100,100,0,0,0,62,68,32,0,3,40,8,224,18,0,0,3179,5,0,6,0,1034,335,0,12,0,523,38,0,10,0,267,0,0,2,0,152,575,8,16,0,0,159,5,0,0,0,0,0,0,0
5,31,0,10,0,6,0,0.994281,0.989985,1.000411,10,5,959,100,100,0,0,0,0,2,38,66,2,40,13,110,6,0,0,3107,186,0,2,0,1043,199,0,4,0,504,1,0,6,0,272,0,0,0,0,216,808,0,8,0,0,9,3,0,0,0,0,0,0,0
5,31,1,13,0,6,0,0.975138,0.978988,1.008686,13,6,1084,100,100,0,0,0,2,0,58,72,2,40,13,55,9,0,0,3107,163,0,3,0,1043,254,0,6,0,504,0,0,4,0,272,0,0,0,0,216,819,0,24,0,0,25,2,17,0,0,0,0,0,0
5,31,2,12,0,6,0,0.99404,0.980853,0.986281,12,5,959,100,100,0,0,0,38,58,0,34,3,40,13,239,12,0,0,3107,196,0,4,0,1043,322,0,8,0,504,1,0,0,0,272,0,0,0,0,216,727,0,4,0,0,76,0,0,0,0,0,0,0,0
5,31,3,16,0,6,0,1.00627,0.995424,0.995227,16,3,709,100,100,0,0,0,66,72,34,0,3,40,13,230,18,0,0,3107,5,0,6,0,1043,341,0,12,0,504,48,0,8,0,272,0,0,0,0,216,570,0,14,0,0,163,4,0,0,0,0,0,0,0
5,32,0,10,0,0,0,0.994281,0.989985,1.000411,10,5,959,100,100,0,0,0,0,2,38,68,2,40,11,110,6,0,0,3133,173,0,2,0,1043,201,0,4,0,519,1,0,6,0,272,0,0,0,0,292,800,0,8,0,0,12,3,0,0,0,0,0,0,0
5,32,1,13,0,0,0,0.975138,0.978988,1.008686,13,6,1084,100,100,0,0,0,2,0,58,74,2,40,11,59,9,0,0,3133,194,0,3,0,1043,257,0,6,0,519,1,0,2,0,272,0,0,0,0,292,814,0,5,0,0,26,1,0,0,0,0,0,0,0
5,32,2,12,0,0,0,0.99404,0.980853,0.986281,12,5,959,100,100,0,0,0,38,58,0,36,3,40,11,244,12,0,0,3133,179,0,4,0,1043,326,0,8,0,519,1,0,2,0,272,0,0,0,0,292,729,0,6,0,0,77,1,0,0,0,0,0,0,0
5,32,3,16,0,0,0,1.00627,0.995424,0.995227,16,3,709,100,100,0,0,0,68,74,36,0,3,40,11,240,18,0,0,3133,5,0,6,0,1043,347,0,12,0,519,54,0,8,0,272,0,0,0,0,292,556,0,14,0,0,167,4,0,0,0,0,0,0,0
5,33,0,11,2,1,0,0.983599,0.995086,0.998939,10,5,959,100,100,0,0,0,0,2,38,70,2,40,4,115,6,0,0,3149,192,0,2,0,1049,203,0,4,0,544,1,0,0,0,252,0,0,5,0,186,824,20,2,0,0,12,0,0,0,0,0,0,0,0
5,33,1,14,2,1,0,0.972784,0.973722,1.010333,13,6,1084,100,100,0,0,0,2,0,58,78,2,40,4,65,9,0,0,3149,177,0,3,0,1049,260,0,6,0,544,1,0,0,0,252,0,0,3,0,186,876,12,3,0,0,26,0,0,0,0,0,0,0,0
5,33,2,11,2,1,0,0.995541,0.979994,0.978387,11,5,959,100,100,0,0,0,38,58,0,38,3,40,4,252,12,0,0,3149,162,0,4,0,1049,327,0,8,0,544,1,0,0,0,252,0,0,0,0,186,763,0,4,0,0,77,0,0,0,0,0,0,0,0
5,33,3,16,2,1,0,1.00627,0.995424,0.995227,16,3,709,100,100,0,0,0,70,78,38,0,3,40,4,251,18,0,0,3149,5,0,6,0,1049,350,0,12,0,544,46,0,8,0,252,8,0,4,0,186,567,16,14,0,0,171,4,0,0,0,0,0,0,0
5,34,0,11,0,3,0,0.983599,0.995086,0.998939,10,5,959,100,100,0,0,0,0,2,38,72,2,40,9,114,6,0,0,3093,178,0,2,0,1043,205,0,4,0,514,1,0,6,0,272,0,0,0,0,235,855,0,10,0,0,14,3,1,0,0,1,1,0,0
5,34,1,13,0,3,0,0.979191,0.973745,1.011457,12,6,1084,100,100,0,0,0,2,0,60,82,2,40,9,69,9,0,0,3093,207,0,3,0,1043,263,0,6,0,514,0,0,4,0,272,0,0,0,0,235,876,0,9,0,0,27,2,1,0,0,1,1,0,0
5,34,2,10,0,3,0,0.990775,0.979106,0.974549,10,5,959,100,100,0,0,0,38,60,0,40,3,40,9,257,9,0,0,3093,179,0,3,0,1043,330,0,6,0,514,0,0,4,0,272,0,0,0,0,235,762,0,7,0,0,79,2,0,0,0,0,0,0,0
5,34,3,15,0,3,0,1.005064,1.000148,0.995003,15,3,709,100,100,0,0,0,72,82,40,0,3,40,9,257,15,0,0,3093,6,0,5,0,1043,355,0,10,0,514,56,0,8,0,272,4,0,4,0,235,579,16,13,0,0,175,4,0,0,0,0,0,0,0
5,35,0,11,0,1,0,0.983599,0.995086,0.998939,11,5,959,100,100,0,0,0,0,2,40,76,2,40,8,118,6,0,0,3183,164,0,2,0,1049,207,0,4,0,540,1,0,2,0,264,0,0,0,0,155,892,0,4,0,0,15,1,0,0,0,0,0,0,0
5,35,1,13,0,1,0,0.979191,0.973745,1.011457,13,7,1209,100,100,0,0,0,2,0,62,84,2,40,8,73,9,0,0,3183,190,0,3,0,1049,266,0,6,0,540,0,0,0,0,264,0,0,3,0,155,925,12,20,0,0,10,0,17,0,0,0,0,0,0
5,35,2,10,0,1,0,0.990775,0.979106,0.974549,10,5,959,100,100,0,0,0,40,62,0,42,3,40,8,262,9,0,0,3183,165,0,3,0,1049,333,0,6,0,540,1,0,0,0,264,0,0,0,0,155,797,0,3,0,0,79,0,0,0,0,0,0,0,0
5,35,3,14,0,1,0,1.007421,0.993707,0.990616,14,3,709,100,100,0,0,0,76,84,42,0,3,40,8,261,12,0,0,3183,7,0,4,0,1049,359,0,8,0,540,49,0,8,0,264,5,0,4,0,155,592,16,12,0,0,179,4,0,0,0,0,0,0,0
5,36,0,10,2,3,0,0.984753,0.985563,0.993189,10,5,959,100,100,0,0,0,0,2,42,80,2,40,5,118,3,0,0,3121,183,0,1,0,1052,208,0,2,0,538,1,0,0,0,248,0,0,6,0,219,924,24,1,0,0,15,0,0,0,0,0,0,0,0
5,36,1,13,2,3,0,0.98165,0.971319,1.008615,12,7,1209,100,100,0,0,0,2,0,64,88,2,40,5,72,6,0,0,3121,174,0,2,0,1052,268,0,4,0,538,1,0,0,0,248,0,0,2,0,219,988,8,2,0,0,10,0,0,0,0,0,0,0,0
5,36,2,11,2,3,0,1.003774,0.974021,0.985819,10,5,959,100,100,0,0,0,42,64,0,46,3,40,5,268,9,0,0,3121,183,0,3,0,1052,336,0,6,0,538,1,0,0,0,248,0,0,3,0,219,812,12,3,0,0,79,0,0,0,0,0,0,0,0
5,36,3,13,2,3,0,1.004868,0.990345,0.990024,13,4,834,100,100,0,0,0,80,88,46,0,3,40,5,263,9,0,0,3121,8,0,3,0,1052,362,0,6,0,538,46,0,8,0,248,14,0,4,0,219,589,16,28,0,0,166,4,17,0,0,0,0,0,0
5,37,0,10,0,0,0,0.984753,0.985563,0.993189,10,6,1084,100,100,0,0,0,0,2,42,82,2,40,7,117,3,0,0,3139,171,0,1,0,1061,209,0,2,0,520,1,0,4,0,272,0,0,0,0,203,937,0,22,0,0,0,2,17,0,0,0,0,0,0
5,37,1,13,0,0,0,0.98165,0.971319,1.008615,12,7,1209,100,100,0,0,0,2,0,64,90,2,40,7,74,6,0,0,3139,206,0,2,0,1061,270,0,4,0,520,1,0,6,0,272,0,0,0,0,203,987,0,10,0,0,12,3,1,0,0,1,1,0,0
5,37,2,11,0,0,0,1.003774,0.974021,0.985819,10,6,1084,100,100,0,0,0,42,64,0,48,3,40,7,272,9,0,0,3139,168,0,3,0,1061,339,0,6,0,520,1,0,4,0,272,0,0,0,0,203,824,0,26,0,0,63,2,18,0,0,1,1,0,0
5,37,3,13,0,0,0,1.004868,0.990345,0.990024,13,4,834,100,100,0,0,0,82,90,48,0,3,40,7,267,9,0,0,3139,8,0,3,0,1061,365,0,6,0,520,48,0,8,0,272,10,0,4,0,203,603,16,11,0,0,170,4,0,0,0,0,0,0,0
5,38,0,8,2,5,0,0.979919,0.985287,0.998882,7,6,1084,100,100,0,0,0,0,2,42,86,2,40,7,115,3,0,0,3123,183,0,1,0,1061,210,0,2,0,523,1,0,0,0,262,0,0,0,0,227,945,0,1,0,0,0,0,0,0,0,0,0,0,0
5,38,1,13,2,5,0,0.98165,0.971319,1.008615,13,7,1209,100,100,0,0,0,2,0,66,94,2,40,7,75,6,0,0,3123,190,0,2,0,1061,272,0,4,0,523,1,0,0,0,262,0,0,3,0,227,1046,12,2,0,0,12,0,0,0,0,0,0,0,0
5,38,2,11,2,5,0,1.002221,0.965539,0.990635,10,6,1084,100,100,0,0,0,42,66,0,50,3,40,7,277,9,0,0,3123,185,0,3,0,1061,342,0,6,0,523,0,0,4,0,262,0,0,0,0,227,823,0,7,0,0,65,2,0,0,0,0,0,0,0
5,38,3,12,2,5,0,0.997481,0.983527,0.99227,12,4,834,100,100,0,0,0,86,94,50,0,3,40,7,268,6,0,0,3123,9,0,2,0,1061,367,0,4,0,523,58,0,8,0,262,6,0,4,0,227,618,16,10,0,0,174,4,0,0,0,0,0,0,0
5,39,0,8,0,0,0,0.979919,0.985287,0.998882,7,6,1084,100,100,0,0,0,0,2,42,88,2,40,22,114,3,0,0,3189,173,0,1,0,1061,211,0,2,0,527,1,0,2,0,269,0,0,1,0,205,969,4,5,0,0,0,1,1,0,0,1,1,0,0
5,39,1,13,0,0,0,0.98165,0.971319,1.008615,13,7,1209,100,100,0,0,0,2,0,66,96,2,40,22,71,6,0,0,3189,174,0,2,0,1061,274,0,4,0,527,0,0,4,0,269,0,0,0,0,205,1076,0,6,0,0,14,2,0,0,0,0,0,0,0
5,39,2,11,0,0,0,1.002221,0.965539,0.990635,10,6,1084,100,100,0,0,0,42,66,0,52,3,40,22,281,12,0,0,3189,169,0,4,0,1061,346,0,8,0,527,0,0,2,0,269,0,0,0,0,205,840,0,8,0,0,65,1,1,0,0,1,1,0,0
5,39,3,12,0,0,0,0.997481,0.983527,0.99227,12,4,834,100,100,0,0,0,88,96,52,0,3,40,22,266,6,0,0,3189,9,0,2,0,1061,369,0,4,0,527,60,0,8,0,269,4,0,4,0,205,633,16,10,0,0,178,4,0,0,0,0,0,0,0
5,40,0,8,1,1,0,0.979919,0.985287,0.998882,8,6,1084,100,100,0,0,0,0,2,44,92,2,40,5,117,3,0,0,3085,187,0,1,0,1061,212,0,2,0,517,0,0,4,0,272,0,0,0,0,267,973,0,5,0,0,2,2,0,0,0,0,0,0,0
5,40,1,13,1,1,0,0.98165,0.971319,1.008615,13,8,1334,100,100,0,0,0,2,0,68,98,2,40,5,72,6,0,0,3085,206,0,2,0,1061,276,0,4,0,517,0,0,6,0,272,0,0,0,0,267,1060,0,25,0,0,0,3,17,0,0,0,0,0,0
5,40,2,11,1,1,0,0.982619,0.970024,0.982722,10,6,1084,100,100,0,0,0,44,68,0,54,3,40,5,285,9,0,0,3085,186,0,3,0,1061,349,0,6,0,517,1,0,2,0,272,0,0,0,0,267,841,0,5,0,0,66,1,0,0,0,0,0,0,0
5,40,3,12,1,1,0,0.997481,0.983527,0.99227,12,4,834,100,100,0,0,0,92,98,54,0,3,40,5,267,6,0,0,3085,9,0,2,0,1061,371,0,4,0,517,67,0,8,0,272,0,0,4,0,267,648,16,10,0,0,182,4,0,0,0,0,0,0,0
7,1,0,46,1,22,0,1.002941,0.990232,0.999035,0,0,334,100,100,0,0,0,0,2,2,2,0,40,2,44,36,0,0,2816,201,0,12,0,932,62,0,24,0,443,10,0,48,0,248,1,0,24,0,300,85,96,78,0,0,15,24,9,0,0,9,9,0,0
7,1,1,46,1,22,0,0.994801,0.982567,1.000703,0,0,334,100,100,0,0,0,2,0,2,2,0,40,2,46,36,0,0,2816,201,0,12,0,932,62,0,24,0,443,9,0,46,0,248,2,0,23,0,300,83,92,76,0,0,14,23,9,0,0,9,9,0,0
7,1,2,43,1,22,0,0.998214,0.987523,0.997884,0,0,334,100,100,0,0,0,2,2,0,2,0,40,2,39,33,0,0,2816,194,0,11,0,932,61,0,22,0,443,9,0,46,0,248,2,0,23,0,300,84,92,75,0,0,14,23,9,0,0,9,9,0,0
7,1,3,44,1,22,0,0.998951,0.983368,1.001231,0,0,334,100,100,0,0,0,2,2,2,0,0,40,2,44,36,0,0,2816,193,0,12,0,932,62,0,24,0,443,7,0,46,0,248,4,0,23,0,300,83,92,76,0,0,14,23,9,0,0,9,9,0,0
7,2,0,40,0,10,1,0.998926,0.992079,0.999129,8,0,334,100,100,0,0,0,0,2,4,4,0,40,0,43,36,0,0,2834,231,0,12,0,947,74,0,24,0,497,1,0,22,0,237,0,0,12,0,154,107,48,50,0,0,18,11,8,0,0,8,8,0,0
7,2,1,46,0,10,1,0.994801,0.982567,1.000703,9,0,334,100,100,0,0,0,2,0,2,-2,0,40,0,48,36,0,0,2834,239,0,12,0,947,74,0,24,0,497,1,0,18,0,237,0,0,13,0,154,123,52,48,0,0,14,9,9,0,0,9,9,0,0
7,2,2,43,0,10,1,0.998214,0.987523,0.997884,9,0,334,100,100,0,0,0,4,2,0,2,0,40,0,39,33,0,0,2834,226,0,11,0,947,72,0,22,0,497,1,0,16,0,237,0,0,12,0,154,125,48,45,0,0,13,8,9,0,0,9,9,0,0
7,2,3,40,0,10,1,1.005105,0.980452,1.005946,8,0,334,100,100,0,0,0,4,-2,2,0,0,40,0,46,36,0,0,2834,209,0,12,0,947,74,0,24,0,497,0,0,20,0,237,0,0,4,0,154,82,16,50,0,0,15,10,9,0,0,9,9,0,0
7,3,0,39,2,13,0,1.002556,0.994864,0.999693,16,0,334,100,100,0,0,0,0,2,6,6,0,40,1,50,36,0,0,3200,179,0,12,0,947,86,0,24,0,486,0,0,14,0,265,0,0,4,0,26,141,16,42,0,0,17,7,8,0,0,8,8,0,0
7,3,1,44,2,13,0,0.995648,0.987286,1.001762,17,0,334,100,100,0,0,0,2,0,4,0,0,40,1,49,36,0,0,3200,181,0,12,0,947,86,0,24,0,486,1,0,20,0,265,0,0,0,0,26,140,0,50,0,0,15,10,9,0,0,9,9,0,0
7,3,2,39,2,13,0,0.990252,0.985272,0.994268,17,0,334,100,100,0,0,0,6,4,0,2,0,40,1,30,24,0,0,3200,175,0,8,0,947,80,0,16,0,486,0,0,16,0,265,0,0,1,0,26,150,4,42,0,0,12,8,9,0,0,9,9,0,0
7,3,3,36,2,13,0,1.00919,0.98082,1.001945,17,0,334,100,100,0,0,0,6,0,2,0,0,40,1,49,36,0,0,3200,157,0,12,0,947,86,0,24,0,486,0,0,10,0,265,0,0,2,0,26,103,8,40,0,0,11,5,9,0,0,9,9,0,0
7,4,0,36,1,14,0,1.003917,0.995382,0.992633,23,0,334,100,100,0,0,0,0,2,8,8,0,40,0,54,36,0,0,2936,192,0,12,0,953,98,0,24,0,493,1,0,14,0,230,0,0,3,0,246,120,12,40,0,0,17,7,7,0,0,7,7,0,0
7,4,1,45,1,14,0,0.995984,0.989913,1.001368,26,0,334,100,100,0,0,0,2,0,6,2,0,40,0,49,36,0,0,2936,205,0,12,0,953,98,0,24,0,493,1,0,18,0,230,0,0,12,0,246,154,48,48,0,0,15,9,9,0,0,9,9,0,0
7,4,2,30,1,14,0,0.987238,0.98374,0.990251,24,0,334,100,100,0,0,0,8,6,0,4,0,40,0,28,21,0,0,2936,193,0,7,0,953,87,0,14,0,493,0,0,6,0,230,0,0,6,0,246,172,24,19,0,0,12,3,3,0,0,3,3,0,0
7,4,3,34,1,14,0,1.009309,0.981451,1.000356,25,0,334,100,100,0,0,0,8,2,4,0,0,40,0,56,36,0,0,2936,157,0,12,0,953,98,0,24,0,493,0,0,12,0,230,0,0,9,0,246,121,36,34,0,0,12,6,5,0,0,5,5,0,0
7,5,0,35,0,6,3,1.004746,0.99549,0.989682,30,0,334,100,100,0,0,0,0,2,8,4,0,40,0,60,33,0,0,2944,209,0,11,0,959,109,0,22,0,468,0,0,18,0,272,0,0,0,0,185,112,0,35,0,0,23,9,3,0,0,3,3,0,0
7,5,1,43,0,6,3,0.995738,0.991189,1.000183,35,0,334,100,100,0,0,0,2,0,0,-4,0,40,0,50,33,0,0,2944,229,0,11,0,959,109,0,22,0,468,1,0,32,0,272,0,0,0,0,185,131,0,51,0,0,27,16,4,0,0,4,4,0,0
7,5,2,29,0,6,3,0.99185,0.986946,0.988661,27,0,334,100,100,0,0,0,8,0,0,2,0,40,0,31,21,0,0,2944,220,0,7,0,959,94,0,14,0,468,1,0,8,0,272,0,0,0,0,185,185,0,17,0,0,15,4,1,0,0,1,1,0,0
7,5,3,32,0,6,3,1.01047,0.978309,1.002703,29,0,334,100,100,0,0,0,4,-4,2,0,0,40,0,64,30,0,0,2944,161,0,10,0,959,108,0,20,0,468,1,0,16,0,272,0,0,0,0,185,118,0,30,0,0,18,8,2,0,0,2,2,0,0
7,6,0,34,1,4,0,1.006418,0.996885,0.994584,31,0,334,100,100,0,0,0,0,4,10,6,0,40,4,64,33,0,0,3152,163,0,11,0,971,120,0,22,0,458,0,0,18,0,272,0,0,0,0,89,135,0,31,0,0,31,9,1,0,0,1,1,0,0
7,6,1,42,1,4,0,0.999124,0.99358,0.999322,38,0,334,100,100,0,0,0,4,0,2,-2,0,40,4,49,33,0,0,3152,175,0,11,0,971,120,0,22,0,458,0,0,30,0,272,0,0,0,0,89,150,0,45,0,0,40,15,2,0,0,2,2,0,0
7,6,2,29,1,4,0,0.99185,0.986946,0.988661,28,0,334,100,100,0,0,0,10,2,0,4,0,40,4,33,21,0,0,3152,184,0,7,0,971,101,0,14,0,458,1,0,12,0,272,0,0,0,0,89,227,0,21,0,0,20,6,1,0,0,1,1,0,0
7,6,3,31,1,4,0,1.012294,0.978052,1.004054,30,0,334,100,100,0,0,0,6,-2,4,0,0,40,4,72,30,0,0,3152,167,0,10,0,971,118,0,20,0,458,0,0,22,0,272,0,0,0,0,89,108,0,34,0,0,28,11,1,0,0,1,1,0,0
7,7,0,34,0,3,0,1.006418,0.996885,0.994584,32,0,334,100,100,0,0,0,0,6,12,8,0,40,0,78,36,0,0,2944,181,0,12,0,968,132,0,24,0,501,0,0,8,0,260,0,0,3,0,189,149,12,22,0,0,34,4,1,0,0,1,1,0,0
7,7,1,41,0,3,0,0.997926,0.99558,0.999822,39,0,334,100,100,0,0,0,6,0,4,0,0,40,0,47,30,0,0,2944,203,0,10,0,968,130,0,20,0,501,1,0,18,0,260,0,0,2,0,189,161,8,30,0,0,48,9,1,0,0,1,1,0,0
7,7,2,28,0,3,0,0.991995,0.989496,0.988988,28,0,334,100,100,0,0,0,12,4,0,6,0,40,0,34,21,0,0,2944,212,0,7,0,968,108,0,14,0,501,1,0,6,0,260,0,0,2,0,189,249,8,13,0,0,23,3,0,0,0,0,0,0,0
7,7,3,30,0,3,0,1.009761,0.976494,1.00338,30,0,334,100,100,0,0,0,8,0,6,0,0,40,0,76,27,0,0,2944,175,0,9,0,968,127,0,18,0,501,0,0,10,0,260,0,0,5,0,189,133,20,19,0,0,33,5,0,0,0,0,0,0,0
7,8,0,34,0,6,0,1.006418,0.996885,0.994584,33,0,334,100,100,0,0,0,0,6,14,10,0,40,1,89,36,0,0,3008,199,0,12,0,974,144,0,24,0,537,1,0,0,0,236,0,0,9,0,151,195,36,14,0,0,33,0,1,0,0,1,1,0,0
7,8,1,38,0,6,0,0.995171,0.993731,0.998822,37,0,334,100,100,0,0,0,6,0,6,2,0,40,1,34,21,0,0,3008,235,0,7,0,974,137,0,14,0,537,1,0,4,0,236,0,0,10,0,151,220,40,13,0,0,49,2,1,0,0,1,1,0,0
7,8,2,28,0,6,0,0.991995,0.989496,0.988988,28,1,459,100,100,0,0,0,14,6,0,6,0,40,1,37,21,0,0,3008,177,0,7,0,974,115,0,14,0,537,0,0,2,0,236,0,0,6,0,151,310,24,26,0,0,7,1,17,0,0,0,0,0,0
7,8,3,27,0,6,0,1.008711,0.975571,1.001018,27,0,334,100,100,0,0,0,10,2,6,0,0,40,1,77,24,0,0,3008,177,0,8,0,974,135,0,16,0,537,1,0,0,0,236,0,0,11,0,151,190,44,8,0,0,33,0,0,0,0,0,0,0,0
7,9,0,34,0,3,0,1.006418,0.996885,0.994584,34,0,334,100,100,0,0,0,0,8,14,12,0,40,3,99,36,0,0,3032,217,0,12,0,989,156,0,24,0,478,0,0,18,0,272,0,0,0,0,194,189,0,30,0,0,42,9,0,0,0,0,0,0,0
7,9,1,36,0,3,0,0.996425,0.99469,0.998915,36,0,334,100,100,0,0,0,8,0,6,6,0,40,3,30,21,0,0,3032,190,0,7,0,989,141,0,14,0,478,1,0,24,0,272,0,0,0,0,194,222,0,31,0,0,61,12,0,0,0,0,0,0,0
7,9,2,27,0,3,0,0.994653,0.990034,0.991003,27,1,459,100,100,0,0,0,14,6,0,6,0,40,3,35,21,0,0,3032,206,0,7,0,989,122,0,14,0,478,1,0,8,0,272,0,0,0,0,194,317,0,15,0,0,11,4,0,0,0,0,0,0,0
7,9,3,27,0,3,0,1.008711,0.975571,1.001018,27,0,334,100,100,0,0,0,12,6,6,0,0,40,3,83,24,0,0,3032,182,0,8,0,989,143,0,16,0,478,1,0,16,0,272,0,0,0,0,194,187,0,24,0,0,41,8,0,0,0,0,0,0,0
7,10,0,34,1,2,0,1.006418,0.996885,0.994584,34,1,459,100,100,0,0,0,0,10,16,14,0,40,1,109,36,0,0,3096,171,0,12,0,986,168,0,24,0,536,1,0,0,0,212,0,0,15,0,141,270,60,29,0,0,25,0,17,0,0,0,0,0,0
7,10,1,34,1,2,0,0.997258,0.994156,0.996004,34,1,459,100,100,0,0,0,10,0,8,10,0,40,1,28,21,0,0,3096,211,0,7,0,986,148,0,14,0,536,1,0,4,0,212,0,0,18,0,141,304,72,28,0,0,46,2,17,0,0,0,0,0,0
7,10,2,27,1,2,0,0.994653,0.990034,0.991003,27,1,459,100,100,0,0,0,16,8,0,6,0,40,1,38,21,0,0,3096,172,0,7,0,986,129,0,14,0,536,1,0,0,0,212,0,0,12,0,141,408,48,7,0,0,11,0,0,0,0,0,0,0,0
7,10,3,28,1,2,0,1.011716,0.975107,1.005734,27,0,334,100,100,0,0,0,14,10,6,0,0,40,1,87,24,0,0,3096,187,0,8,0,986,151,0,16,0,536,0,0,4,0,212,3,0,12,0,141,244,48,12,0,0,43,2,0,0,0,0,0,0,0
7,11,0,34,0,4,0,1.006418,0.996885,0.994584,34,1,459,100,100,0,0,0,0,12,16,16,0,40,1,122,36,0,0,3024,189,0,12,0,1001,171,0,24,0,506,1,0,8,0,272,0,0,0,0,216,262,0,20,0,0,29,4,0,0,0,0,0,0,0
7,11,1,32,0,4,0,0.999511,0.997098,0.994403,32,1,459,100,100,0,0,0,12,0,10,14,0,40,1,27,21,0,0,3024,170,0,7,0,1001,152,0,14,0,506,0,0,14,0,272,0,0,0,0,216,331,0,21,0,0,53,7,0,0,0,0,0,0,0
7,11,2,25,0,4,0,0.993502,0.983168,0.989686,25,1,459,100,100,0,0,0,16,10,0,6,0,40,1,41,21,0,0,3024,194,0,7,0,1001,136,0,14,0,506,0,0,6,0,272,0,0,0,0,216,407,0,13,0,0,14,3,0,0,0,0,0,0,0
7,11,3,28,0,4,0,1.011716,0.975107,1.005734,27,0,334,100,100,0,0,0,16,14,6,0,0,40,1,90,24,0,0,3024,199,0,8,0,1001,156,0,16,0,506,0,0,12,0,272,0,0,3,0,216,243,12,22,0,0,48,6,1,0,0,1,1,0,0
7,12,0,34,1,1,0,1.006822,0.99773,0.992558,33,1,459,100,100,0,0,0,0,14,18,18,0,40,0,129,33,0,0,3080,208,0,11,0,986,182,0,22,0,544,1,0,0,0,227,0,0,12,0,105,323,48,11,0,0,29,0,0,0,0,0,0,0,0
7,12,1,32,1,1,0,0.999511,0.997098,0.994403,32,2,584,100,100,0,0,0,14,0,12,18,0,40,0,27,21,0,0,3080,187,0,7,0,986,159,0,14,0,544,0,0,0,0,227,1,0,17,0,105,403,68,24,0,0,36,0,17,0,0,0,0,0,0
7,12,2,25,1,1,0,0.993502,0.983168,0.989686,25,1,459,100,100,0,0,0,18,12,0,6,0,40,0,45,21,0,0,3080,162,0,7,0,986,143,0,14,0,544,0,0,0,0,227,0,0,0,0,105,452,0,7,0,0,14,0,0,0,0,0,0,0,0
7,12,3,28,1,1,0,1.011716,0.975107,1.005734,28,1,459,100,100,0,0,0,18,18,6,0,0,40,0,95,24,0,0,3080,163,0,8,0,986,164,0,16,0,544,0,0,0,0,227,2,0,13,0,105,309,52,25,0,0,31,0,17,0,0,0,0,0,0
7,13,0,34,2,7,0,1.006822,0.99773,0.992558,33,1,459,100,100,0,0,0,0,18,20,20,2,40,0,136,33,0,0,3056,163,0,11,0,989,193,0,22,0,470,0,0,20,0,272,0,0,0,0,153,368,0,33,0,0,38,10,1,0,0,1,1,0,0
7,13,1,29,2,7,0,1.000481,0.998359,0.995252,28,2,584,100,100,0,0,0,18,0,14,22,1,40,0,30,21,0,0,3056,180,0,7,0,989,166,0,14,0,470,1,0,22,0,272,0,0,1,0,153,405,4,29,0,0,47,11,0,0,0,0,0,0,0
7,13,2,25,2,7,0,0.998805,0.987727,0.992893,24,2,584,100,100,0,0,0,20,14,0,8,1,40,0,50,21,0,0,3056,178,0,7,0,989,150,0,14,0,470,0,0,12,0,272,0,0,0,0,153,423,0,36,0,0,3,6,17,0,0,0,0,0,0
7,13,3,26,2,7,0,1.014992,0.975784,1.005987,26,1,459,100,100,0,0,0,20,22,8,0,2,40,0,96,21,0,0,3056,176,0,7,0,989,171,0,14,0,470,1,0,16,0,272,0,0,2,0,153,315,8,23,0,0,39,8,0,0,0,0,0,0,0
7,14,0,35,1,0,0,1.005247,0.997178,0.992015,34,2,584,100,100,0,0,0,0,20,22,22,3,40,3,144,33,0,0,3008,182,0,11,0,992,204,0,22,0,521,0,0,6,0,252,0,0,5,0,204,378,20,34,0,0,24,3,17,0,0,0,0,0,0
7,14,1,29,1,0,0,1.000481,0.998359,0.995252,28,2,584,100,100,0,0,0,20,0,16,26,2,40,3,32,21,0,0,3008,176,0,7,0,992,173,0,14,0,521,0,0,6,0,252,0,0,9,0,204,456,36,15,0,0,49,3,1,0,0,1,1,0,0
7,14,2,25,1,0,0,0.998805,0.987727,0.992893,24,2,584,100,100,0,0,0,22,16,0,8,1,40,3,54,21,0,0,3008,194,0,7,0,992,157,0,14,0,521,1,0,2,0,252,0,0,4,0,204,449,16,11,0,0,3,1,1,0,0,1,1,0,0
7,14,3,26,1,0,0,1.014992,0.975784,1.005987,26,1,459,100,100,0,0,0,22,26,8,0,2,40,3,97,21,0,0,3008,191,0,7,0,992,178,0,14,0,521,0,0,10,0,252,0,0,2,0,204,327,8,17,0,0,44,5,0,0,0,0,0,0,0
7,15,0,35,0,0,0,1.005247,0.997178,0.992015,34,2,584,100,100,0,0,0,0,22,24,24,3,40,3,150,33,0,0,3056,200,0,11,0,992,215,0,22,0,470,1,0,18,0,272,0,0,0,0,160,374,0,31,0,0,32,9,1,0,0,1,1,0,0
7,15,1,29,0,0,0,1.000481,0.998359,0.995252,29,2,584,100,100,0,0,0,22,0,18,30,2,40,3,34,21,0,0,3056,172,0,7,0,992,180,0,14,0,470,0,0,22,0,272,0,0,0,0,160,457,0,29,0,0,60,11,0,0,0,0,0,0,0
7,15,2,25,0,0,0,0.998805,0.987727,0.992893,25,2,584,100,100,0,0,0,24,18,0,8,1,40,3,59,21,0,0,3056,162,0,7,0,992,164,0,14,0,470,0,0,16,0,272,0,0,0,0,160,488,0,23,0,0,11,8,0,0,0,0,0,0,0
7,15,3,26,0,0,0,1.014992,0.975784,1.005987,26,1,459,100,100,0,0,0,24,30,8,0,2,40,3,98,21,0,0,3056,206,0,7,0,992,185,0,14,0,470,0,0,18,0,272,0,0,0,0,160,323,0,25,0,0,53,9,0,0,0,0,0,0,0
7,16,0,34,2,2,0,1.005774,0.998584,0.991001,34,2,584,100,100,0,0,0,0,22,26,26,3,40,2,159,33,0,0,3056,210,0,11,0,1000,224,0,22,0,527,1,0,4,0,255,0,0,4,0,183,402,16,15,0,0,34,2,0,0,0,0,0,0,0
7,16,1,29,2,2,0,1.002203,0.996916,0.994849,28,2,584,100,100,0,0,0,22,0,20,32,3,40,2,36,21,0,0,3056,160,0,7,0,1000,184,0,14,0,527,1,0,6,0,255,0,0,4,0,183,489,16,13,0,0,63,3,0,0,0,0,0,0,0
7,16,2,26,2,2,0,0.998289,0.987662,0.992022,25,2,584,100,100,0,0,0,26,20,0,8,2,40,2,64,21,0,0,3056,178,0,7,0,1000,171,0,14,0,527,0,0,4,0,255,0,0,3,0,183,510,12,11,0,0,13,2,0,0,0,0,0,0,0
7,16,3,26,2,2,0,1.014992,0.975784,1.005987,26,1,459,100,100,0,0,0,26,32,8,0,2,40,2,101,21,0,0,3056,173,0,7,0,1000,189,0,14,0,527,0,0,2,0,255,0,0,6,0,183,378,24,9,0,0,54,1,0,0,0,0,0,0,0
7,17,0,33,0,2,0,1.007068,1.000756,0.98912,33,2,584,100,100,0,0,0,0,22,28,28,3,40,2,169,33,0,0,3072,165,0,11,0,992,235,0,22,0,513,0,0,10,0,243,0,0,6,0,168,459,24,21,0,0,39,5,0,0,0,0,0,0,0
7,17,1,29,0,2,0,1.002203,0.996916,0.994849,28,3,709,100,100,0,0,0,22,0,20,34,3,40,2,39,21,0,0,3072,156,0,7,0,992,191,0,14,0,513,1,0,10,0,243,0,0,11,0,168,527,44,36,0,0,50,5,18,0,0,1,1,0,0
7,17,2,25,0,2,0,0.998512,0.984222,0.993358,24,2,584,100,100,0,0,0,28,20,0,8,2,40,2,63,18,0,0,3072,194,0,6,0,992,177,0,12,0,513,1,0,2,0,243,0,0,8,0,168,556,32,10,0,0,13,1,1,0,0,1,1,0,0
7,17,3,26,0,2,0,1.014992,0.975784,1.005987,26,2,584,100,100,0,0,0,28,34,8,0,2,40,2,104,21,0,0,3072,188,0,7,0,992,196,0,14,0,513,1,0,8,0,243,0,0,4,0,168,383,16,32,0,0,41,4,17,0,0,0,0,0,0
7,18,0,30,0,18,0,1.005959,1.002276,0.986524,30,3,709,100,100,0,0,0,0,22,30,30,3,40,8,177,30,0,0,3067,178,0,10,0,995,245,0,20,0,544,0,0,0,0,221,0,0,13,0,172,502,52,27,0,0,22,0,17,0,0,0,0,0,0
7,18,1,26,0,18,0,1.003797,0.996782,0.997756,26,3,709,100,100,0,0,0,22,0,22,36,3,40,8,36,21,0,0,3067,149,0,7,0,995,198,0,14,0,544,1,0,0,0,221,2,0,12,0,172,595,48,7,0,0,50,0,0,0,0,0,0,0,0
7,18,2,13,0,18,0,0.996287,1.011351,0.997773,13,2,584,100,100,0,0,0,30,22,0,10,2,40,8,54,15,0,0,3067,164,0,5,0,995,182,0,10,0,544,1,0,0,0,221,3,0,4,0,172,579,16,5,0,0,13,0,0,0,0,0,0,0,0
7,18,3,26,0,18,0,1.014992,0.975784,1.005987,26,2,584,100,100,0,0,0,30,36,10,0,2,40,8,106,21,0,0,3067,203,0,7,0,995,203,0,14,0,544,1,0,0,0,221,0,0,11,0,172,441,44,7,0,0,41,0,0,0,0,0,0,0,0
7,19,0,30,1,1,0,1.005959,1.002276,0.986524,30,3,709,100,100,0,0,0,0,22,30,32,3,40,4,188,30,0,0,3104,194,0,10,0,1038,241,0,20,0,491,1,0,12,0,261,0,0,5,0,199,518,20,22,0,0,28,6,0,0,0,0,0,0,0
7,19,1,26,1,1,0,1.003797,0.996782,0.997756,26,3,709,100,100,0,0,0,22,0,24,38,3,40,4,41,21,0,0,3104,148,0,7,0,1038,199,0,14,0,491,1,0,20,0,261,0,0,2,0,199,600,8,27,0,0,60,10,0,0,0,0,0,0,0
7,19,2,13,1,1,0,0.996287,1.011351,0.997773,13,3,709,100,100,0,0,0,30,24,0,10,2,40,4,62,15,0,0,3104,154,0,5,0,1038,178,0,10,0,491,3,0,8,0,261,0,0,3,0,199,558,12,30,0,0,0,4,17,0,0,0,0,0,0
7,19,3,26,1,1,0,1.017136,0.979023,1.009087,25,2,584,100,100,0,0,0,32,38,10,0,2,40,4,110,21,0,0,3104,170,0,7,0,1038,202,0,14,0,491,1,0,10,0,261,0,0,6,0,199,493,24,17,0,0,46,5,0,0,0,0,0,0,0
7,20,0,30,0,0,0,1.005959,1.002276,0.986524,30,3,709,100,100,0,0,0,0,22,32,34,3,40,13,196,30,0,0,3064,210,0,10,0,1001,251,0,20,0,526,0,0,6,0,218,2,0,13,0,271,561,52,16,0,0,31,3,0,0,0,0,0,0,0
7,20,1,26,0,0,0,1.003797,0.996782,0.997756,26,4,834,100,100,0,0,0,22,0,26,38,3,40,13,43,21,0,0,3064,147,0,7,0,1001,206,0,14,0,526,0,0,4,0,218,6,0,12,0,271,627,48,28,0,0,45,2,17,0,0,0,0,0,0
7,20,2,13,0,0,0,0.996287,1.011351,0.997773,13,3,709,100,100,0,0,0,32,26,0,10,2,40,13,69,15,0,0,3064,144,0,5,0,1001,183,0,10,0,526,0,0,6,0,218,5,0,4,0,271,569,16,11,0,0,3,3,0,0,0,0,0,0,0
7,20,3,26,0,0,0,1.017136,0.979023,1.009087,25,3,709,100,100,0,0,0,34,38,10,0,2,40,13,112,21,0,0,3064,177,0,7,0,1001,209,0,14,0,526,0,0,8,0,218,0,0,12,0,271,516,48,34,0,0,32,4,18,0,0,1,1,0,0
7,21,0,30,0,2,0,1.005959,1.002276,0.986524,30,4,834,100,100,0,0,0,0,22,32,36,3,40,6,203,30,0,0,3120,170,0,10,0,1079,231,0,20,0,527,1,0,4,0,234,0,0,11,0,175,645,44,31,0,0,16,2,17,0,0,0,0,0,0
7,21,1,24,0,2,0,1.005018,0.997498,0.996583,24,4,834,100,100,0,0,0,22,0,28,40,3,40,6,47,21,0,0,3120,138,0,7,0,1079,195,0,14,0,527,0,0,6,0,234,8,0,10,0,175,675,40,13,0,0,48,3,0,0,0,0,0,0,0
7,21,2,13,0,2,0,0.996287,1.011351,0.997773,13,3,709,100,100,0,0,0,32,28,0,10,2,40,6,79,15,0,0,3120,134,0,5,0,1079,176,0,10,0,527,0,0,2,0,234,5,0,4,0,175,587,16,7,0,0,4,1,0,0,0,0,0,0,0
7,21,3,26,0,2,0,1.017136,0.979023,1.009087,26,3,709,100,100,0,0,0,36,40,10,0,2,40,6,117,21,0,0,3120,184,0,7,0,1079,198,0,14,0,527,0,0,4,0,234,1,0,12,0,175,574,48,11,0,0,34,2,0,0,0,0,0,0,0
7,22,0,29,0,5,0,1.007688,1.003926,0.984732,29,4,834,100,100,0,0,0,0,22,34,36,3,40,10,209,30,0,0,3079,178,0,10,0,1001,241,0,20,0,471,0,0,20,0,272,0,0,0,0,224,633,0,30,0,0,26,10,0,0,0,0,0,0,0
7,22,1,23,0,5,0,1.001398,0.996311,0.995379,23,4,834,100,100,0,0,0,22,0,30,42,3,40,10,50,18,0,0,3079,132,0,6,0,1001,201,0,12,0,471,1,0,20,0,272,0,0,8,0,224,702,32,26,0,0,58,10,0,0,0,0,0,0,0
7,22,2,12,0,5,0,0.995596,1.006174,0.995919,12,3,709,100,100,0,0,0,34,30,0,10,2,40,10,89,15,0,0,3079,116,0,5,0,1001,181,0,10,0,471,6,0,6,0,272,2,0,3,0,224,597,12,11,0,0,7,3,0,0,0,0,0,0,0
7,22,3,24,0,5,0,1.016234,0.981879,1.002088,24,3,709,100,100,0,0,0,36,42,10,0,2,40,10,119,21,0,0,3079,183,0,7,0,1001,205,0,14,0,471,1,0,20,0,272,0,0,1,0,224,569,4,27,0,0,44,10,0,0,0,0,0,0,0
7,23,0,28,0,2,0,1.00481,1.003181,0.98332,28,4,834,100,100,0,0,0,0,22,36,38,3,40,5,216,27,0,0,3096,188,0,9,0,1004,250,0,18,0,487,1,0,14,0,257,0,0,6,0,234,652,24,23,0,0,33,7,0,0,0,0,0,0,0
7,23,1,23,0,2,0,1.001398,0.996311,0.995379,23,5,959,100,100,0,0,0,22,0,30,44,3,40,5,54,18,0,0,3096,127,0,6,0,1004,207,0,12,0,487,1,0,12,0,257,0,0,9,0,234,724,36,35,0,0,47,6,17,0,0,0,0,0,0
7,23,2,11,0,2,0,0.988298,1.009323,0.99085,11,3,709,100,100,0,0,0,36,30,0,10,2,40,5,97,12,0,0,3096,100,0,4,0,1004,185,0,8,0,487,9,0,6,0,257,0,0,2,0,234,604,8,10,0,0,10,3,0,0,0,0,0,0,0
7,23,3,24,0,2,0,1.016234,0.981879,1.002088,24,3,709,100,100,0,0,0,38,44,10,0,2,40,5,123,21,0,0,3096,184,0,7,0,1004,212,0,14,0,487,2,0,20,0,257,0,0,0,0,234,560,0,27,0,0,54,10,0,0,0,0,0,0,0
7,24,0,27,1,1,0,1.001564,1.001492,0.978942,27,4,834,100,100,0,0,0,0,22,36,40,3,40,4,221,24,0,0,3096,200,0,8,0,1010,258,0,16,0,483,0,0,16,0,272,0,0,0,0,234,646,0,24,0,0,41,8,0,0,0,0,0,0,0
7,24,1,23,1,1,0,1.001398,0.996311,0.995379,23,5,959,100,100,0,0,0,22,0,30,46,3,40,4,58,18,0,0,3096,122,0,6,0,1010,213,0,12,0,483,0,0,20,0,272,0,0,0,0,234,719,0,26,0,0,57,10,0,0,0,0,0,0,0
7,24,2,12,1,1,0,0.989687,1.003855,1.004047,11,3,709,100,100,0,0,0,36,30,0,10,2,40,4,107,12,0,0,3096,85,0,4,0,1010,189,0,8,0,483,14,0,6,0,272,0,0,0,0,234,603,0,10,0,0,13,3,0,0,0,0,0,0,0
7,24,3,24,1,1,0,1.016234,0.981879,1.002088,24,3,709,100,100,0,0,0,40,46,10,0,2,40,4,129,21,0,0,3096,185,0,7,0,1010,219,0,14,0,483,0,0,18,0,272,0,0,0,0,234,553,0,25,0,0,63,9,0,0,0,0,0,0,0
7,25,0,26,0,1,0,0.998706,1.002644,0.976145,26,4,834,100,100,0,0,0,0,22,38,42,3,40,8,220,21,0,0,3136,166,0,7,0,1013,265,0,14,0,544,0,0,0,0,210,9,0,12,0,263,705,48,7,0,0,41,0,0,0,0,0,0,0,0
7,25,1,23,0,1,0,1.001398,0.996311,0.995379,23,5,959,100,100,0,0,0,22,0,30,48,3,40,8,62,18,0,0,3136,117,0,6,0,1013,219,0,12,0,544,0,0,0,0,210,10,0,10,0,263,763,40,6,0,0,57,0,0,0,0,0,0,0,0
7,25,2,12,0,1,0,0.989687,1.003855,1.004047,11,3,709,100,100,0,0,0,38,30,0,10,2,40,8,112,12,0,0,3136,77,0,4,0,1013,193,0,8,0,544,6,0,8,0,210,5,0,4,0,263,611,16,14,0,0,16,4,1,0,0,1,1,0,0
7,25,3,24,0,1,0,1.016234,0.981879,1.002088,24,3,709,100,100,0,0,0,42,48,10,0,2,40,8,139,21,0,0,3136,186,0,7,0,1013,226,0,14,0,544,0,0,0,0,210,2,0,10,0,263,589,40,7,0,0,63,0,0,0,0,0,0,0,0
7,26,0,25,0,4,0,1.000497,1.0033,0.976758,25,5,959,100,100,0,0,0,0,22,40,44,3,40,4,226,21,0,0,3088,181,0,7,0,1016,272,0,14,0,483,1,0,16,0,272,0,0,9,0,234,716,36,40,0,0,32,8,17,0,0,0,0,0,0
7,26,1,21,0,4,0,0.997404,1.001085,0.991168,21,5,959,100,100,0,0,0,22,0,32,50,3,40,4,66,18,0,0,3088,112,0,6,0,1016,225,0,12,0,483,2,0,16,0,272,2,0,8,0,234,788,32,22,0,0,65,8,0,0,0,0,0,0,0
7,26,2,12,0,4,0,0.989687,1.003855,1.004047,12,4,834,100,100,0,0,0,40,32,0,10,2,40,4,117,12,0,0,3088,69,0,4,0,1016,197,0,8,0,483,7,0,8,0,272,1,0,4,0,234,607,16,29,0,0,3,4,17,0,0,0,0,0,0
7,26,3,23,0,4,0,1.017472,0.984764,1.00307,23,3,709,100,100,0,0,0,44,50,10,0,2,40,4,146,21,0,0,3088,187,0,7,0,1016,233,0,14,0,483,1,0,16,0,272,0,0,2,0,234,589,8,23,0,0,71,8,0,0,0,0,0,0,0
7,27,0,26,1,3,0,1.003549,1.003404,0.979332,25,5,959,100,100,0,0,0,0,22,40,46,3,40,6,229,21,0,0,3088,197,0,7,0,1016,279,0,14,0,493,0,0,16,0,272,0,0,0,0,246,708,0,23,0,0,40,8,0,0,0,0,0,0,0
7,27,1,21,1,3,0,0.997404,1.001085,0.991168,21,5,959,100,100,0,0,0,22,0,32,52,3,40,6,72,18,0,0,3088,109,0,6,0,1016,231,0,12,0,493,1,0,16,0,272,0,0,2,0,246,789,8,22,0,0,73,8,0,0,0,0,0,0,0
7,27,2,11,1,3,0,0.985358,0.99869,1.007099,11,4,834,100,100,0,0,0,40,32,0,10,2,40,6,119,9,0,0,3088,62,0,3,0,1016,200,0,6,0,493,5,0,8,0,272,0,0,1,0,246,609,4,11,0,0,7,4,0,0,0,0,0,0,0
7,27,3,21,1,3,0,1.016424,0.980551,1.003961,21,3,709,100,100,0,0,0,46,52,10,0,2,40,6,144,15,0,0,3088,191,0,5,0,1016,238,0,10,0,493,0,0,16,0,272,0,0,0,0,246,583,0,21,0,0,79,8,0,0,0,0,0,0,0
7,28,0,26,1,0,0,1.003549,1.003404,0.979332,25,5,959,100,100,0,0,0,0,22,42,46,3,40,6,232,21,0,0,3168,164,0,7,0,1025,286,0,14,0,525,1,0,6,0,221,4,0,11,0,300,737,44,15,0,0,42,3,1,0,0,1,1,0,0
7,28,1,21,1,0,0,0.997404,1.001085,0.991168,21,5,959,100,100,0,0,0,22,0,32,54,3,40,6,75,18,0,0,3168,106,0,6,0,1025,237,0,12,0,525,0,0,6,0,221,4,0,8,0,300,809,32,12,0,0,76,3,0,0,0,0,0,0,0
7,28,2,12,1,0,0,0.981471,0.99978,1.006259,11,4,834,100,100,0,0,0,42,32,0,10,2,40,6,123,9,0,0,3168,56,0,3,0,1025,203,0,6,0,525,0,0,8,0,221,5,0,4,0,300,614,16,11,0,0,11,4,0,0,0,0,0,0,0
7,28,3,21,1,0,0,1.016424,0.980551,1.003961,21,4,834,100,100,0,0,0,46,54,10,0,2,40,6,144,15,0,0,3168,165,0,5,0,1025,243,0,10,0,525,0,0,4,0,221,6,0,9,0,300,593,36,26,0,0,64,2,17,0,0,0,0,0,0
7,29,0,26,2,2,0,1.003549,1.003404,0.979332,26,5,959,100,100,0,0,0,0,22,44,48,3,40,4,238,21,0,0,3088,179,0,7,0,1022,293,0,14,0,515,0,0,12,0,272,0,0,4,0,255,743,16,19,0,0,48,6,0,0,0,0,0,0,0
7,29,1,20,2,2,0,0.997499,1.001062,0.996532,20,6,1084,100,100,0,0,0,22,0,34,56,3,40,4,80,18,0,0,3088,103,0,6,0,1022,243,0,12,0,515,0,0,8,0,272,0,0,4,0,255,803,16,31,0,0,63,4,17,0,0,0,0,0,0
7,29,2,12,2,2,0,0.965753,0.998142,0.994843,10,4,834,100,100,0,0,0,44,34,0,10,2,40,4,126,9,0,0,3088,49,0,3,0,1022,206,0,6,0,515,1,0,2,0,272,1,0,4,0,255,632,16,7,0,0,11,1,1,0,0,1,1,0,0
7,29,3,22,2,2,0,1.021756,0.978888,1.002573,21,4,834,100,100,0,0,0,48,56,10,0,2,40,4,147,15,0,0,3088,171,0,5,0,1022,248,0,10,0,515,1,0,6,0,272,0,0,6,0,255,621,24,11,0,0,67,3,0,0,0,0,0,0,0
7,30,0,26,0,1,0,1.003549,1.003404,0.979332,26,5,959,100,100,0,0,0,0,22,46,50,3,40,1,241,21,0,0,3088,194,0,7,0,1022,300,0,14,0,481,1,0,16,0,272,0,0,0,0,246,735,0,23,0,0,56,8,0,0,0,0,0,0,0
7,30,1,19,0,1,0,0.995404,0.997924,0.997903,19,6,1084,100,100,0,0,0,22,0,34,58,3,40,1,84,15,0,0,3088,102,0,5,0,1022,248,0,10,0,481,2,0,14,0,272,0,0,0,0,246,796,0,19,0,0,70,7,0,0,0,0,0,0,0
7,30,2,12,0,1,0,0.965753,0.998142,0.994843,11,4,834,100,100,0,0,0,46,34,0,10,2,40,1,135,12,0,0,3088,41,0,4,0,1022,210,0,8,0,481,5,0,8,0,272,0,0,1,0,246,631,4,14,0,0,14,4,1,0,0,1,1,0,0
7,30,3,22,0,1,0,1.021756,0.978888,1.002573,21,4,834,100,100,0,0,0,50,58,10,0,2,40,1,149,15,0,0,3088,176,0,5,0,1022,253,0,10,0,481,1,0,18,0,272,0,0,0,0,246,614,0,25,0,0,75,9,1,0,0,1,1,0,0
7,31,0,26,0,3,0,1.003549,1.003404,0.979332,26,6,1084,100,100,0,0,0,0,22,50,52,3,40,14,241,21,0,0,3136,160,0,7,0,1025,307,0,14,0,544,1,0,0,0,194,13,0,11,0,198,818,44,24,0,0,39,0,17,0,0,0,0,0,0
7,31,1,18,0,3,0,0.994773,0.997743,1.000576,18,6,1084,100,100,0,0,0,22,0,34,60,3,40,14,87,15,0,0,3136,94,0,5,0,1025,253,0,10,0,544,0,0,2,0,194,15,0,6,0,198,825,24,7,0,0,71,1,0,0,0,0,0,0,0
7,31,2,11,0,3,0,0.969071,0.98911,0.999327,11,4,834,100,100,0,0,0,50,34,0,10,2,40,14,140,12,0,0,3136,34,0,4,0,1025,214,0,8,0,544,1,0,4,0,194,9,0,3,0,198,641,12,8,0,0,16,2,0,0,0,0,0,0,0
7,31,3,21,0,3,0,1.021441,0.978006,1.003404,21,4,834,100,100,0,0,0,52,60,10,0,2,40,14,149,15,0,0,3136,173,0,5,0,1025,258,0,10,0,544,1,0,0,0,194,12,0,9,0,198,663,36,5,0,0,75,0,0,0,0,0,0,0,0
7,32,0,26,0,0,0,1.003549,1.003404,0.979332,26,6,1084,100,100,0,0,0,0,22,54,54,3,40,3,244,21,0,0,3104,174,0,7,0,1025,314,0,14,0,536,1,0,2,0,247,9,0,11,0,249,868,44,9,0,0,40,1,0,0,0,0,0,0,0
7,32,1,18,0,0,0,0.994773,0.997743,1.000576,18,6,1084,100,100,0,0,0,22,0,36,62,3,40,3,93,15,0,0,3104,86,0,5,0,1025,258,0,10,0,536,0,0,2,0,247,17,0,6,0,249,854,24,7,0,0,72,1,0,0,0,0,0,0,0
7,32,2,11,0,0,0,0.969071,0.98911,0.999327,11,4,834,100,100,0,0,0,54,36,0,12,2,40,3,149,12,0,0,3104,30,0,4,0,1025,218,0,8,0,536,0,0,2,0,247,9,0,3,0,249,653,12,6,0,0,17,1,0,0,0,0,0,0,0
7,32,3,21,0,0,0,1.021441,0.978006,1.003404,21,4,834,100,100,0,0,0,54,62,12,0,2,40,3,151,15,0,0,3104,170,0,5,0,1025,263,0,10,0,536,0,0,4,0,247,10,0,9,0,249,708,36,9,0,0,77,2,0,0,0,0,0,0,0
7,33,0,26,1,1,0,1.003549,1.003404,0.979332,26,6,1084,100,100,0,0,0,0,22,58,56,3,40,9,253,21,0,0,3104,188,0,7,0,1025,321,0,14,0,496,1,0,14,0,272,0,0,9,0,249,898,36,21,0,0,47,7,0,0,0,0,0,0,0
7,33,1,19,1,1,0,0.996426,0.9967,0.998714,18,6,1084,100,100,0,0,0,22,0,38,64,3,40,9,97,15,0,0,3104,78,0,5,0,1025,263,0,10,0,496,4,0,12,0,272,11,0,6,0,249,873,24,17,0,0,78,6,0,0,0,0,0,0,0
7,33,2,11,1,1,0,0.969071,0.98911,0.999327,11,4,834,100,100,0,0,0,58,38,0,14,2,40,9,153,12,0,0,3104,26,0,4,0,1025,222,0,8,0,496,2,0,6,0,272,6,0,3,0,249,661,12,10,0,0,20,3,0,0,0,0,0,0,0
7,33,3,20,1,1,0,1.018719,0.97833,1.00099,20,5,959,100,100,0,0,0,56,64,14,0,2,40,9,149,12,0,0,3104,168,0,4,0,1025,267,0,8,0,496,0,0,10,0,272,1,0,9,0,249,731,36,31,0,0,65,5,17,0,0,0,0,0,0
7,34,0,26,3,1,0,1.005733,1.005875,0.977286,25,6,1084,100,100,0,0,0,0,22,62,58,3,40,2,257,21,0,0,3104,194,0,7,0,1028,328,0,14,0,489,1,0,18,0,272,0,0,0,0,246,888,0,25,0,0,56,9,0,0,0,0,0,0,0
7,34,1,20,3,1,0,1.000263,0.994966,1.005043,18,6,1084,100,100,0,0,0,22,0,40,66,3,40,2,103,15,0,0,3104,69,0,5,0,1028,268,0,10,0,489,7,0,14,0,272,4,0,7,0,246,895,28,21,0,0,84,7,1,0,0,1,1,0,0
7,34,2,12,3,1,0,0.971218,0.983298,1.008807,11,4,834,100,100,0,0,0,62,40,0,16,2,40,2,162,12,0,0,3104,22,0,4,0,1028,226,0,8,0,489,3,0,6,0,272,3,0,3,0,246,669,12,10,0,0,23,3,0,0,0,0,0,0,0
7,34,3,20,3,1,0,1.018719,0.97833,1.00099,20,5,959,100,100,0,0,0,58,66,16,0,2,40,2,152,12,0,0,3104,167,0,4,0,1028,271,0,8,0,489,1,0,12,0,272,0,0,1,0,246,737,4,16,0,0,71,6,0,0,0,0,0,0,0
7,35,0,25,1,2,0,1.006517,1.009383,0.974041,24,7,1209,100,100,0,0,0,0,22,66,60,3,40,3,262,21,0,0,3152,160,0,7,0,1028,335,0,14,0,490,0,0,10,0,248,1,0,11,0,203,948,44,36,0,0,43,5,18,0,0,1,1,0,0
7,35,1,20,1,2,0,1.000263,0.994966,1.005043,19,6,1084,100,100,0,0,0,22,0,42,68,3,40,3,105,15,0,0,3152,60,0,5,0,1028,273,0,10,0,490,12,0,16,0,248,0,0,4,0,203,906,16,23,0,0,91,8,1,0,0,1,1,0,0
7,35,2,12,1,2,0,0.971218,0.983298,1.008807,11,4,834,100,100,0,0,0,66,42,0,18,2,40,3,169,12,0,0,3152,16,0,4,0,1028,230,0,8,0,490,7,0,8,0,248,0,0,3,0,203,676,12,14,0,0,26,4,1,0,0,1,1,0,0
7,35,3,20,1,2,0,1.015831,0.981685,1.003632,19,5,959,100,100,0,0,0,60,68,18,0,2,40,3,153,12,0,0,3152,158,0,4,0,1028,275,0,8,0,490,1,0,12,0,248,1,0,8,0,203,771,32,16,0,0,77,6,0,0,0,0,0,0,0
7,36,0,25,2,1,0,1.006517,1.009383,0.974041,25,7,1209,100,100,0,0,0,0,22,70,60,3,40,5,268,21,0,0,3112,175,0,7,0,1025,342,0,14,0,490,0,0,14,0,269,0,0,1,0,300,931,4,21,0,0,50,7,0,0,0,0,0,0,0
7,36,1,19,2,1,0,0.998783,0.994837,1.006091,19,6,1084,100,100,0,0,0,22,0,44,68,3,40,5,109,15,0,0,3112,43,0,5,0,1025,278,0,10,0,490,15,0,14,0,269,0,0,0,0,300,887,0,19,0,0,98,7,0,0,0,0,0,0,0
7,36,2,13,2,1,0,0.971634,0.977846,1.006673,12,4,834,100,100,0,0,0,70,44,0,20,3,40,5,176,12,0,0,3112,10,0,4,0,1025,234,0,8,0,490,7,0,8,0,269,0,0,3,0,300,676,12,12,0,0,30,4,0,0,0,0,0,0,0
7,36,3,21,2,1,0,1.013219,0.979743,1.003399,19,5,959,100,100,0,0,0,60,68,20,0,3,40,5,157,15,0,0,3112,148,0,5,0,1025,280,0,10,0,490,0,0,16,0,269,0,0,1,0,300,752,4,23,0,0,84,8,1,0,0,1,1,0,0
7,37,0,25,0,6,0,1.006517,1.009383,0.974041,25,7,1209,100,100,0,0,0,0,24,74,62,3,40,3,273,21,0,0,3117,189,0,7,0,1022,349,0,14,0,524,0,0,4,0,226,0,0,11,0,261,976,44,11,0,0,52,2,0,0,0,0,0,0,0
7,37,1,17,0,6,0,0.996508,1.000763,0.996315,17,6,1084,100,100,0,0,0,24,0,46,72,3,40,3,114,15,0,0,3117,29,0,5,0,1022,283,0,10,0,524,11,0,10,0,226,8,0,5,0,261,899,20,15,0,0,103,5,0,0,0,0,0,0,0
7,37,2,10,0,6,0,0.967092,0.980566,1.000173,9,4,834,100,100,0,0,0,74,46,0,24,3,40,3,168,0,0,0,3117,2,0,0,0,1022,246,0,0,0,524,7,0,4,0,226,6,0,2,0,261,679,8,6,0,0,31,2,1,0,0,1,1,0,0
7,37,3,20,0,6,0,1.011392,0.9798,1.008317,19,5,959,100,100,0,0,0,62,72,24,0,3,40,3,164,18,0,0,3117,135,0,6,0,1022,286,0,12,0,524,1,0,4,0,226,5,0,7,0,261,775,28,12,0,0,85,2,1,0,0,1,1,0,0
7,38,0,24,0,1,0,1.009659,1.015087,0.974461,24,7,1209,100,100,0,0,0,0,26,78,64,3,40,10,276,21,0,0,3120,195,0,7,0,1022,356,0,14,0,488,1,0,12,0,272,0,0,0,0,252,972,0,19,0,0,58,6,0,0,0,0,0,0,0
7,38,1,17,0,1,0,0.996508,1.000763,0.996315,17,6,1084,100,100,0,0,0,26,0,48,76,3,40,10,119,15,0,0,3120,17,0,5,0,1022,288,0,10,0,488,20,0,10,0,272,3,0,5,0,252,916,20,15,0,0,108,5,0,0,0,0,0,0,0
7,38,2,10,0,1,0,0.967092,0.980566,1.000173,10,4,834,100,100,0,0,0,78,48,0,26,3,40,10,165,0,0,0,3120,2,0,0,0,1022,258,0,0,0,488,10,0,4,0,272,4,0,2,0,252,689,8,4,0,0,33,2,0,0,0,0,0,0,0
7,38,3,20,0,1,0,1.011392,0.9798,1.008317,20,5,959,100,100,0,0,0,64,76,26,0,3,40,10,171,18,0,0,3120,123,0,6,0,1022,292,0,12,0,488,4,0,14,0,272,0,0,5,0,252,790,20,20,0,0,92,7,0,0,0,0,0,0,0
7,39,0,24,0,3,0,1.009659,1.015087,0.974461,24,8,1334,100,100,0,0,0,0,28,80,66,3,40,4,281,21,0,0,3168,162,0,7,0,1022,363,0,14,0,544,1,0,0,0,221,0,0,10,0,212,1043,40,24,0,0,41,0,17,0,0,0,0,0,0
7,39,1,16,0,3,0,0.996773,0.998578,1.003414,16,7,1209,100,100,0,0,0,28,0,48,80,3,40,4,124,15,0,0,3168,5,0,5,0,1022,293,0,10,0,544,10,0,10,0,221,12,0,5,0,212,916,20,32,0,0,96,5,17,0,0,0,0,0,0
7,39,2,8,0,3,0,0.983835,0.983734,1.009305,8,4,834,100,100,0,0,0,80,48,0,30,3,40,4,156,0,0,0,3168,2,0,0,0,1022,264,0,0,0,544,6,0,4,0,221,11,0,2,0,212,699,8,4,0,0,35,2,0,0,0,0,0,0,0
7,39,3,20,0,3,0,1.011392,0.9798,1.008317,20,6,1084,100,100,0,0,0,66,80,30,0,3,40,4,178,18,0,0,3168,111,0,6,0,1022,298,0,12,0,544,0,0,4,0,221,8,0,7,0,212,806,28,27,0,0,77,2,17,0,0,0,0,0,0
7,40,0,24,0,0,0,1.009659,1.015087,0.974461,24,8,1334,100,100,0,0,0,0,30,84,68,3,40,8,286,21,0,0,3119,169,0,7,0,1028,370,0,14,0,472,2,0,20,0,272,0,0,0,0,252,1031,0,27,0,0,51,10,0,0,0,0,0,0,0
7,40,1,16,0,0,0,0.996773,0.998578,1.003414,16,7,1209,100,100,0,0,0,30,0,48,82,3,40,8,132,15,0,0,3119,5,0,5,0,1028,298,0,10,0,472,18,0,10,0,272,7,0,5,0,252,933,20,15,0,0,101,5,0,0,0,0,0,0,0
7,40,2,8,0,0,0,0.983835,0.983734,1.009305,8,5,959,100,100,0,0,0,84,48,0,32,3,40,8,153,0,0,0,3119,2,0,0,0,1028,270,0,0,0,472,14,0,4,0,272,9,0,2,0,252,692,8,21,0,0,20,2,17,0,0,0,0,0,0
7,40,3,20,0,0,0,1.011392,0.9798,1.008317,20,6,1084,100,100,0,0,0,68,82,32,0,3,40,8,186,18,0,0,3119,99,0,6,0,1028,304,0,12,0,472,7,0,14,0,272,1,0,7,0,252,829,28,20,0,0,84,7,0,0,0,0,0,0,0
