graine,jour,faction,population,naissances_total,morts_total,predations_total,vitesse,taille,perception,armes_equipees,reserves,capacite,defenses_fin,defenses_min_jour,raids_cumul,coalitions_cumul,plans,confiance_0,confiance_1,confiance_2,confiance_3,allies,nourriture_aube,carte_nourriture,stock_nourriture,production_nourriture,consommation_nourriture,sac_nourriture,carte_eau,stock_eau,production_eau,consommation_eau,sac_eau,carte_terre,stock_terre,production_terre,consommation_terre,sac_terre,carte_minerai,stock_minerai,production_minerai,consommation_minerai,sac_minerai,carte_charbon,stock_charbon,production_charbon,consommation_charbon,sac_charbon,carte_energie,stock_energie,production_energie,consommation_energie,sac_energie,carte_fer,stock_fer,production_fer,consommation_fer,sac_fer,carte_armes,stock_armes,production_armes,consommation_armes,sac_armes
4,1,0,43,0,22,0,1.000167,1.00601,1.014823,0,0,334,100,100,9,0,0,0,-34,44,2,1,80,3,49,33,0,0,2812,194,0,11,0,916,61,0,22,0,463,17,0,38,0,272,6,0,19,0,141,102,76,65,0,0,11,19,8,0,0,8,8,0,0
4,1,1,41,0,22,0,1.005871,1.010835,1.016457,0,0,334,100,100,9,0,0,-34,0,-62,-34,0,80,3,52,39,0,0,2812,204,0,13,0,916,79,0,26,0,463,24,0,30,0,272,10,0,15,0,141,95,60,53,0,0,10,15,5,0,0,5,5,0,0
4,1,2,47,0,22,0,1.002345,1.008503,1.01363,0,0,334,63.265061,58.265061,9,0,0,44,-62,0,44,2,80,3,54,39,0,0,2812,200,0,13,0,916,63,0,26,0,463,9,0,42,0,272,4,0,21,0,141,105,84,73,0,0,12,21,9,0,0,9,9,0,0
4,1,3,47,0,22,0,1.000371,1.007827,1.014186,0,0,334,100,100,9,0,0,2,-34,44,0,1,80,3,55,39,0,0,2812,200,0,13,0,916,63,0,26,0,463,15,0,42,0,272,4,0,21,0,141,105,84,73,0,0,12,21,9,0,0,9,9,0,0
4,2,0,41,4,10,1,1.000492,1.006072,1.012704,6,0,334,100,100,10,0,1,0,-31,46,-4,1,80,9,46,27,0,0,2850,219,0,9,0,923,70,0,18,0,509,0,0,26,0,203,6,0,18,0,185,150,72,51,0,0,16,13,8,0,0,8,8,0,0
4,2,1,39,4,10,1,1.008458,1.00967,1.022157,5,0,334,96.602121,91.602121,10,0,1,-31,0,-62,-42,0,80,9,62,39,0,0,2850,240,0,13,0,923,113,0,26,0,509,5,0,28,0,203,11,0,14,0,185,125,56,51,0,0,19,14,5,0,0,5,5,0,0
4,2,2,45,4,10,1,1.00258,1.01084,1.013736,8,0,334,68.265061,63.265061,10,0,1,46,-62,0,42,2,80,9,64,36,0,0,2850,229,0,12,0,923,75,0,24,0,509,0,0,18,0,203,3,0,20,0,185,164,80,48,0,0,12,9,9,0,0,9,9,0,0
4,2,3,47,4,10,1,1.002449,1.011386,1.013176,7,0,334,100,100,10,0,1,-4,-42,42,0,1,80,9,73,39,0,0,2850,222,0,13,0,923,76,0,26,0,509,1,0,22,0,203,1,0,20,0,185,165,80,53,0,0,14,11,9,0,0,9,9,0,0
4,3,0,38,1,28,1,1.001882,1.008492,1.016989,10,0,334,100,100,16,1,1,0,-39,46,-8,1,80,7,50,27,0,0,3200,169,0,9,0,923,79,0,18,0,405,1,0,28,0,272,0,0,6,0,208,143,24,53,0,0,22,14,8,0,0,8,8,0,0
4,3,1,26,1,28,1,0.993317,0.999953,1.031117,9,0,334,51.974969,46.974969,16,1,1,-39,0,-70,-78,0,80,7,67,33,0,0,3200,190,0,11,0,923,141,0,22,0,405,5,0,20,0,272,1,0,10,0,208,131,40,39,0,0,25,10,4,0,0,4,4,0,0
4,3,2,41,1,28,1,1.001052,1.01314,1.00911,15,0,334,73.265061,68.265061,16,1,1,46,-70,0,38,2,80,7,74,36,0,0,3200,172,0,12,0,923,87,0,24,0,405,0,0,30,0,272,0,0,3,0,208,144,12,58,0,0,19,15,8,0,0,8,8,0,0
4,3,3,40,1,28,1,1.006921,1.014655,1.011179,13,0,334,97.004194,92.004194,16,1,1,-8,-78,38,0,1,80,7,83,39,0,0,3200,162,0,13,0,923,89,0,26,0,405,0,0,30,0,272,0,0,1,0,208,144,4,59,0,0,21,15,8,0,0,8,8,0,0
4,4,0,33,3,18,0,1.001562,1.011062,1.016323,15,0,334,100,100,23,1,1,0,-49,66,2,1,80,5,47,21,0,0,2944,204,0,7,0,961,86,0,14,0,520,1,0,8,0,260,0,0,3,0,212,145,12,27,0,0,20,4,6,0,0,6,6,0,0
4,4,1,23,3,18,0,0.989062,0.996422,1.037855,10,0,334,40.646385,35.646385,23,1,1,-49,0,-92,-100,0,80,5,83,33,0,0,2944,193,0,11,0,961,153,0,22,0,520,0,0,8,0,260,0,0,2,0,212,121,8,23,0,0,27,4,2,0,0,2,2,0,0
4,4,2,39,3,18,0,1.002279,1.012163,1.00598,22,0,334,53.189022,48.189022,23,1,1,66,-92,0,66,2,80,5,82,33,0,0,2944,200,0,11,0,961,95,0,22,0,520,0,0,6,0,260,0,0,4,0,212,149,16,29,0,0,16,3,6,0,0,6,6,0,0
4,4,3,35,3,18,0,1.005967,1.015786,1.018099,17,0,334,86.069332,81.069332,23,1,1,2,-100,66,0,1,80,5,98,36,0,0,2944,158,0,12,0,961,98,0,24,0,520,1,0,6,0,260,0,0,4,0,212,148,16,30,0,0,18,3,6,0,0,6,6,0,0
4,5,0,30,2,12,0,0.998823,1.010811,1.019954,20,0,334,100,100,29,1,1,0,-55,74,10,1,80,16,45,18,0,0,3080,165,0,6,0,949,92,0,12,0,516,1,0,4,0,265,0,0,2,0,170,194,8,18,0,0,18,2,4,0,0,4,4,0,0
4,5,1,21,2,12,0,0.999646,0.990961,1.037463,8,0,334,5,0,29,1,1,-55,0,-100,-100,0,80,16,100,30,0,0,3080,152,0,10,0,949,175,0,20,0,516,1,0,2,0,265,0,0,0,0,170,134,0,16,0,0,26,1,2,0,0,2,2,0,0
4,5,2,36,2,12,0,0.996504,1.011179,1.007915,26,0,334,49.790134,44.790134,29,1,1,74,-100,0,80,2,80,16,87,30,0,0,3080,231,0,10,0,949,102,0,20,0,516,1,0,12,0,265,0,0,2,0,170,139,8,30,0,0,18,6,4,0,0,4,4,0,0
4,5,3,33,2,12,0,1.007816,1.019964,1.021015,21,0,334,72.381745,67.381745,29,1,1,10,-100,80,0,1,80,16,117,36,0,0,3080,151,0,12,0,949,110,0,24,0,516,1,0,8,0,265,0,0,3,0,170,149,12,32,0,0,16,4,6,0,0,6,6,0,0
4,6,0,28,2,9,2,1.000956,1.011123,1.015426,23,0,334,100,100,31,1,1,0,-57,74,11,1,80,19,43,15,0,0,3076,210,0,5,0,965,97,0,10,0,488,1,0,12,0,240,0,0,12,0,182,231,48,23,0,0,21,6,3,0,0,3,3,0,0
4,6,1,18,2,9,2,1.004487,1.003533,1.042864,9,0,334,5,0,31,1,1,-57,0,-100,-100,0,80,19,123,30,0,0,3076,141,0,10,0,965,184,0,20,0,488,0,0,6,0,240,0,0,0,0,182,122,0,22,0,0,26,3,3,0,0,3,3,0,0
4,6,2,36,2,9,2,0.996504,1.011179,1.007915,30,0,334,54.790134,49.790134,31,1,1,74,-100,0,77,2,80,19,100,30,0,0,3076,185,0,10,0,965,109,0,20,0,488,1,0,18,0,240,0,0,12,0,182,228,48,34,0,0,24,9,3,0,0,3,3,0,0
4,6,3,31,2,9,2,1.010261,1.028049,1.021202,24,0,334,77.381745,72.381745,31,1,1,11,-100,77,0,1,80,19,134,33,0,0,3076,131,0,11,0,965,121,0,22,0,488,1,0,10,0,240,0,0,8,0,182,175,32,27,0,0,18,5,3,0,0,3,3,0,0
4,7,0,25,2,16,0,1.008115,1.015536,1.016905,23,1,459,100,100,38,1,1,0,-67,88,27,2,80,23,41,15,0,0,3071,177,0,5,0,968,102,0,10,0,494,1,0,16,0,251,0,0,5,0,211,269,20,40,0,0,11,8,18,0,0,1,1,0,0
4,7,1,17,2,16,0,1.008646,1.006149,1.040268,10,0,334,5,0,38,1,1,-67,0,-100,-100,0,80,23,143,30,0,0,3071,138,0,10,0,968,198,0,20,0,494,0,0,0,0,251,0,0,0,0,211,112,0,16,0,0,23,0,3,0,0,3,3,0,0
4,7,2,31,2,16,0,0.988122,1.00806,1.007406,29,0,334,44.397519,39.397519,38,1,1,88,-100,0,100,2,80,23,92,15,0,0,3071,224,0,5,0,968,111,0,10,0,494,0,0,22,0,251,0,0,9,0,211,241,36,29,0,0,34,11,1,0,0,1,1,0,0
4,7,3,26,2,16,0,1.015769,1.027652,1.02299,21,0,334,59.655107,54.655107,38,1,1,27,-100,100,0,2,80,23,141,24,0,0,3071,116,0,8,0,968,129,0,16,0,494,1,0,10,0,251,0,0,7,0,211,192,28,22,0,0,21,5,2,0,0,2,2,0,0
4,8,0,23,2,8,0,1.005046,1.009959,1.01758,22,1,459,100,100,39,1,1,0,-69,94,29,2,80,23,44,15,0,0,3110,203,0,5,0,987,107,0,10,0,519,1,0,8,0,264,0,0,3,0,221,275,12,15,0,0,14,4,1,0,0,1,1,0,0
4,8,1,16,2,8,0,1.007367,1.011811,1.032173,12,0,334,10,5,39,1,1,-69,0,-100,-100,0,80,23,170,33,0,0,3110,120,0,11,0,987,226,0,22,0,519,0,0,0,0,264,0,0,0,0,221,107,0,15,0,0,21,0,2,0,0,2,2,0,0
4,8,2,29,2,8,0,0.986985,1.006445,1.009266,28,0,334,42.097165,37.097165,39,1,1,94,-100,0,100,2,80,23,91,15,0,0,3110,188,0,5,0,987,113,0,10,0,519,1,0,10,0,264,0,0,4,0,221,276,16,17,0,0,38,5,1,0,0,1,1,0,0
4,8,3,25,2,8,0,1.020157,1.033009,1.02156,21,0,334,64.655107,59.655107,39,1,1,29,-100,100,0,2,80,23,155,24,0,0,3110,106,0,8,0,987,137,0,16,0,519,1,0,6,0,264,0,0,1,0,221,196,4,18,0,0,22,3,2,0,0,2,2,0,0
4,9,0,23,4,3,0,1.004356,1.006148,1.018029,22,1,459,100,100,39,1,1,0,-69,96,31,2,80,10,48,12,0,0,3094,176,0,4,0,987,111,0,8,0,544,1,0,0,0,200,11,0,10,0,195,372,40,4,0,0,14,0,0,0,0,0,0,0,0
4,9,1,17,4,3,0,1.006206,1.015514,1.033509,14,0,334,15,10,39,1,1,-69,0,-100,-100,0,80,10,203,33,0,0,3094,103,0,11,0,987,254,0,22,0,544,0,0,0,0,200,0,0,0,0,195,114,0,13,0,0,20,0,1,0,0,1,1,0,0
4,9,2,29,4,3,0,0.986985,1.006445,1.009266,29,1,459,47.097165,42.097165,39,1,1,96,-100,0,100,2,80,10,95,15,0,0,3094,234,0,5,0,987,115,0,10,0,544,1,0,0,0,200,20,0,13,0,195,312,52,22,0,0,21,0,17,0,0,0,0,0,0
4,9,3,25,4,3,0,1.027379,1.027304,1.018725,21,0,334,69.655107,64.655107,39,1,1,31,-100,100,0,2,80,10,178,27,0,0,3094,88,0,9,0,987,146,0,18,0,544,1,0,0,0,200,6,0,9,0,195,239,36,11,0,0,21,0,1,0,0,1,1,0,0
4,10,0,24,1,5,0,1.006053,1.005419,1.015738,22,2,584,100,100,39,1,1,0,-69,98,33,2,80,21,59,15,0,0,3125,204,0,5,0,987,116,0,10,0,495,0,0,14,0,254,7,0,10,0,178,380,40,38,0,0,3,7,18,0,0,1,1,0,0
4,10,1,16,1,5,0,1.004908,1.01947,1.035839,14,0,334,20,15,39,1,1,-69,0,-100,-100,0,80,21,224,30,0,0,3125,79,0,10,0,987,279,0,20,0,495,0,0,0,0,254,0,0,0,0,178,122,0,12,0,0,19,0,1,0,0,1,1,0,0
4,10,2,27,1,5,0,0.986484,1.005376,1.00755,27,2,584,52.097165,47.097165,39,1,1,98,-100,0,100,2,80,21,95,15,0,0,3125,200,0,5,0,987,117,0,10,0,495,4,0,22,0,254,15,0,11,0,178,379,44,44,0,0,15,11,17,0,0,0,0,0,0
4,10,3,23,1,5,0,1.03478,1.033058,1.015061,20,0,334,74.655107,69.655107,39,1,1,33,-100,100,0,2,80,21,194,24,0,0,3125,71,0,8,0,987,154,0,16,0,495,0,0,12,0,254,3,0,9,0,178,269,36,24,0,0,25,6,2,0,0,2,2,0,0
4,11,0,20,6,13,0,1.004175,1.012846,1.011011,18,2,584,100,100,39,1,1,0,-69,100,35,2,80,9,65,15,0,0,3180,175,0,5,0,992,121,0,10,0,536,0,0,0,0,233,8,0,9,0,159,459,36,7,0,0,2,0,1,0,0,1,1,0,0
4,11,1,17,6,13,0,1.005678,1.021385,1.037333,15,1,459,25,20,39,1,1,-69,0,-100,-100,0,80,9,253,30,0,0,3180,57,0,10,0,992,304,0,20,0,536,0,0,0,0,233,0,0,0,0,159,112,0,29,0,0,1,0,18,0,0,1,1,0,0
4,11,2,24,6,13,0,0.971396,1.00291,1.00728,22,2,584,57.097165,52.097165,39,1,1,100,-100,0,100,2,80,9,97,12,0,0,3180,169,0,4,0,992,121,0,8,0,536,0,0,4,0,233,24,0,11,0,159,464,44,8,0,0,17,2,0,0,0,0,0,0,0
4,11,3,22,6,13,0,1.034504,1.028092,1.018408,19,1,459,79.655107,74.655107,39,1,1,35,-100,100,0,2,80,9,211,24,0,0,3180,48,0,8,0,992,162,0,16,0,536,0,0,0,0,233,4,0,8,0,159,289,32,27,0,0,7,0,18,0,0,1,1,0,0
4,12,0,19,4,10,0,1.00598,1.009347,1.010666,17,2,584,100,100,39,1,1,0,-69,100,39,2,80,16,72,12,0,0,3083,190,0,4,0,992,125,0,8,0,529,1,0,4,0,248,8,0,9,0,261,491,36,10,0,0,3,2,1,0,0,1,1,0,0
4,12,1,17,4,10,0,1.005678,1.021385,1.037333,16,1,459,30,25,39,1,1,-69,0,-100,-100,0,80,16,275,30,0,0,3083,35,0,10,0,992,329,0,20,0,529,0,0,0,0,248,0,0,0,0,261,115,0,12,0,0,0,0,1,0,0,1,1,0,0
4,12,2,25,4,10,0,0.981988,0.999187,1.013493,21,3,709,62.097165,57.097165,39,1,1,100,-100,0,100,2,80,16,103,12,0,0,3083,204,0,4,0,992,122,0,8,0,529,0,0,6,0,248,25,0,10,0,261,481,40,29,0,0,2,3,18,0,0,1,1,0,0
4,12,3,16,4,10,0,1.023559,1.026187,1.012084,14,1,459,84.655107,79.655107,39,1,1,39,-100,100,0,2,80,16,216,15,0,0,3083,31,0,5,0,992,167,0,10,0,529,0,0,2,0,248,0,0,7,0,261,320,28,9,0,0,7,1,1,0,0,1,1,0,0
4,13,0,17,2,5,0,1.003052,1.010607,1.008119,16,2,584,100,100,39,1,1,0,-69,100,43,2,80,15,81,12,0,0,3193,166,0,4,0,1004,129,0,8,0,509,0,0,8,0,272,0,0,8,0,170,562,32,14,0,0,6,4,1,0,0,1,1,0,0
4,13,1,18,2,5,0,1.004859,1.023598,1.041235,17,1,459,35,30,39,1,1,-69,0,-100,-100,0,80,15,301,30,0,0,3193,15,0,10,0,1004,354,0,20,0,509,0,0,0,0,272,0,0,0,0,170,131,0,10,0,0,0,0,0,0,0,0,0,0,0
4,13,2,23,2,5,0,0.977583,1.00386,1.00603,21,3,709,67.097165,62.097165,39,1,1,100,-100,0,100,2,80,15,104,9,0,0,3193,175,0,3,0,1004,125,0,6,0,509,2,0,20,0,272,15,0,10,0,170,529,40,25,0,0,11,10,1,0,0,1,1,0,0
4,13,3,16,2,5,0,1.021962,1.027219,1.006997,14,1,459,89.655107,84.655107,39,1,1,43,-100,100,0,2,80,15,232,15,0,0,3193,12,0,5,0,1004,172,0,10,0,509,0,0,6,0,272,0,0,0,0,170,325,0,13,0,0,9,3,1,0,0,1,1,0,0
4,14,0,17,3,5,0,1.003052,1.010607,1.008119,17,2,584,100,100,40,2,1,0,-69,100,43,2,80,24,90,12,0,0,3077,184,0,4,0,1010,130,0,8,0,526,1,0,4,0,255,0,0,3,0,250,575,12,8,0,0,8,2,0,0,0,0,0,0,0
4,14,1,19,3,5,0,1.001025,1.012765,1.03885,16,1,459,27.725753,22.725753,40,2,1,-69,0,-100,-100,0,80,24,328,30,0,0,3077,0,0,10,0,1010,379,0,20,0,526,0,0,0,0,255,0,0,3,0,250,153,12,10,0,0,0,0,0,0,0,0,0,0,0
4,14,2,22,3,5,0,0.978446,1.001576,1.000078,20,3,709,72.097165,67.097165,40,2,1,100,-100,0,100,2,80,24,97,6,0,0,3077,205,0,2,0,1010,127,0,4,0,526,1,0,12,0,255,11,0,9,0,250,555,36,16,0,0,16,6,1,0,0,1,1,0,0
4,14,3,14,3,5,0,1.025218,1.029051,1.001369,13,1,459,94.655107,89.655107,40,2,1,43,-100,100,0,2,80,24,229,0,0,0,3077,2,0,0,0,1010,190,0,0,0,526,0,0,2,0,255,1,0,5,0,250,356,20,4,0,0,9,1,1,0,0,1,1,0,0
4,15,0,13,1,17,0,1.009562,1.005465,1.008089,13,2,584,100,100,41,3,1,0,-69,100,45,2,80,25,92,9,0,0,3160,163,0,3,0,1008,133,0,6,0,512,0,0,8,0,271,0,0,0,0,164,573,0,11,0,0,12,4,0,0,0,0,0,0,0
4,15,1,16,1,17,0,1.002407,1.006513,1.032775,15,1,459,11.626409,6.626409,41,3,1,-69,0,-100,-100,0,80,25,322,0,0,0,3160,0,0,0,0,1008,424,0,0,0,512,0,0,0,0,271,0,0,0,0,164,174,0,0,0,0,0,0,0,0,0,0,0,0,0
4,15,2,17,1,17,0,0.978616,0.991398,0.999188,16,4,834,77.097165,72.097165,41,3,1,100,-100,0,100,2,80,25,90,6,0,0,3160,180,0,2,0,1008,129,0,4,0,512,1,0,10,0,271,4,0,8,0,164,610,32,31,0,0,3,5,18,0,0,1,1,0,0
4,15,3,10,1,17,0,1.03867,1.035669,0.999754,10,1,459,99.655107,94.655107,41,3,1,45,-100,100,0,2,80,25,229,0,0,0,3160,2,0,0,0,1008,205,0,0,0,512,1,0,0,0,271,0,0,1,0,164,372,4,0,0,0,9,0,0,0,0,0,0,0,0
4,16,0,11,2,8,0,1.006454,1.011042,1.017204,11,2,584,100,100,41,3,1,0,-69,100,49,2,80,24,98,9,0,0,3110,162,0,3,0,1022,136,0,6,0,519,1,0,2,0,266,1,0,5,0,248,581,20,5,0,0,13,1,0,0,0,0,0,0,0
4,16,1,15,2,8,0,1.000287,1.010286,1.032401,14,1,459,16.626409,11.626409,41,3,1,-69,0,-100,-100,0,80,24,342,27,0,0,3110,1,0,9,0,1022,441,0,18,0,519,0,0,0,0,266,0,0,0,0,248,190,0,9,0,0,0,0,0,0,0,0,0,0,0
4,16,2,16,2,8,0,0.97656,1.0057,1.006355,15,4,834,82.097165,77.097165,41,3,1,100,-100,0,100,2,80,24,92,6,0,0,3110,192,0,2,0,1022,128,0,4,0,519,8,0,12,0,266,0,0,4,0,248,618,16,14,0,0,9,6,0,0,0,0,0,0,0
4,16,3,8,2,8,0,1.037952,1.030309,0.99695,7,1,459,100,99.655107,41,3,1,49,-100,100,0,2,80,24,229,0,0,0,3110,2,0,0,0,1022,214,0,0,0,519,0,0,4,0,266,0,0,0,0,248,377,0,4,0,0,11,2,0,0,0,0,0,0,0
4,17,0,9,3,8,0,1.025622,1.017149,1.015112,8,2,584,100,100,42,4,1,0,-69,98,51,2,80,42,101,6,0,0,3154,156,0,2,0,1035,138,0,4,0,532,0,0,4,0,263,0,0,1,0,276,578,4,6,0,0,15,2,0,0,0,0,0,0,0
4,17,1,15,3,8,0,1.000287,1.010286,1.032401,14,1,459,7.549708,2.549708,42,4,1,-69,0,-100,-100,0,80,42,365,27,0,0,3154,1,0,9,0,1035,441,0,18,0,532,0,0,0,0,263,0,0,0,0,276,186,0,9,0,0,0,0,0,0,0,0,0,0,0
4,17,2,15,3,8,0,0.970622,1.009506,1.002215,12,4,834,87.097165,82.097165,42,4,1,98,-100,0,100,2,80,42,92,3,0,0,3154,174,0,1,0,1035,129,0,2,0,532,3,0,14,0,263,0,0,3,0,276,629,12,17,0,0,15,7,1,0,0,1,1,0,0
4,17,3,6,3,8,0,1.0259,1.029714,0.996964,5,1,459,100,100,42,4,1,51,-100,100,0,2,80,42,227,0,0,0,3154,2,0,0,0,1035,220,0,0,0,532,0,0,0,0,263,0,0,0,0,276,375,0,2,0,0,10,0,1,0,0,1,1,0,0
4,18,0,8,2,5,0,1.036704,1.008291,1.000935,6,2,584,100,100,43,5,1,0,-69,98,51,2,80,31,108,6,0,0,3132,152,0,2,0,1033,140,0,4,0,541,0,0,0,0,255,3,0,3,0,258,580,12,4,0,0,14,0,1,0,0,1,1,0,0
4,18,1,16,2,5,0,1.003098,1.01447,1.029531,14,1,459,5,0,43,5,1,-69,0,-100,-100,0,80,31,392,27,0,0,3132,1,0,9,0,1033,441,0,18,0,541,0,0,0,0,255,0,0,0,0,258,201,0,9,0,0,0,0,0,0,0,0,0,0,0
4,18,2,14,2,5,0,0.965632,1.008049,1.005562,12,4,834,92.097165,87.097165,43,5,1,98,-100,0,100,2,80,31,94,6,0,0,3132,188,0,2,0,1033,139,0,4,0,541,0,0,4,0,255,3,0,7,0,258,655,28,8,0,0,16,2,1,0,0,1,1,0,0
4,18,3,4,2,5,0,1.010747,1.034044,0.991617,4,1,459,100,100,43,5,1,51,-100,100,0,2,80,31,226,0,0,0,3132,2,0,0,0,1033,223,0,0,0,541,0,0,2,0,255,0,0,1,0,258,383,4,2,0,0,11,1,0,0,0,0,0,0,0
4,19,0,6,0,6,0,1.029682,1.013691,0.999666,5,2,584,100,100,44,6,1,0,-69,96,51,2,80,39,110,6,0,0,3155,149,0,2,0,1037,142,0,4,0,527,1,0,2,0,272,0,0,3,0,233,580,12,6,0,0,14,1,1,0,0,1,1,0,0
4,19,1,16,0,6,0,1.003098,1.01447,1.029531,14,1,459,5,0,44,6,1,-69,0,-100,-100,0,80,39,418,27,0,0,3155,11,0,9,0,1037,441,0,18,0,527,0,0,0,0,272,0,0,0,0,233,215,0,9,0,0,0,0,0,0,0,0,0,0,0
4,19,2,13,0,6,0,0.960611,1.002568,1.006227,12,4,834,97.097165,92.097165,44,6,1,96,-100,0,100,2,80,39,97,6,0,0,3155,171,0,2,0,1037,149,0,4,0,527,2,0,12,0,272,0,0,3,0,233,686,12,16,0,0,21,6,1,0,0,1,1,0,0
4,19,3,1,0,6,0,1.098235,1.026625,0.971916,1,1,459,100,100,44,6,1,51,-100,100,0,2,80,39,224,0,0,0,3155,2,0,0,0,1037,223,0,0,0,527,0,0,0,0,272,0,0,0,0,233,386,0,0,0,0,11,0,0,0,0,0,0,0,0
4,20,0,4,0,6,0,1.024914,1.037117,1.017547,4,2,584,100,100,45,7,1,0,-69,96,51,1,80,47,112,3,0,0,3143,149,0,1,0,1088,140,0,2,0,539,1,0,0,0,266,0,0,0,0,268,583,0,1,0,0,14,0,0,0,0,0,0,0,0
4,20,1,16,0,6,0,1.003098,1.01447,1.029531,14,1,459,5,0,45,7,1,-69,0,-100,-100,0,80,47,440,27,0,0,3143,11,0,9,0,1088,412,0,18,0,539,0,0,0,0,266,0,0,0,0,268,229,0,9,0,0,0,0,0,0,0,0,0,0,0
4,20,2,10,0,6,0,0.957842,0.995573,1.003642,10,4,834,100,97.097165,45,7,1,96,-100,0,100,1,80,47,96,3,0,0,3143,180,0,1,0,1088,155,0,2,0,539,1,0,6,0,266,1,0,5,0,268,702,20,7,0,0,24,3,0,0,0,0,0,0,0
4,20,3,0,0,6,0,0,0,0,0,1,459,100,100,45,7,1,51,-100,100,0,0,80,47,223,0,0,0,3143,3,0,0,0,1088,223,0,0,0,539,0,0,0,0,266,0,0,0,0,268,386,0,0,0,0,11,0,0,0,0,0,0,0,0
4,21,0,4,0,7,0,1.024914,1.037117,1.017547,4,2,584,100,100,45,7,1,0,-69,96,53,1,80,51,115,3,0,0,3175,143,0,1,0,1042,141,0,2,0,544,1,0,0,0,266,0,0,0,0,250,583,0,1,0,0,14,0,0,0,0,0,0,0,0
4,21,1,13,0,7,0,1.004776,1.009194,1.029921,11,1,459,10,5,45,7,1,-69,0,-100,-100,0,80,51,459,27,0,0,3175,11,0,9,0,1042,434,0,18,0,544,0,0,0,0,266,0,0,0,0,250,225,0,9,0,0,0,0,0,0,0,0,0,0,0
4,21,2,6,0,7,0,0.932606,0.966737,0.993173,6,5,959,100,100,45,7,1,96,-100,0,100,1,80,51,99,3,0,0,3175,168,0,1,0,1042,156,0,2,0,544,1,0,0,0,266,5,0,2,0,250,703,8,18,0,0,7,0,17,0,0,0,0,0,0
4,21,3,0,0,7,0,0,0,0,0,1,459,100,100,45,7,1,53,-100,100,0,0,80,51,223,0,0,0,3175,5,0,0,0,1042,223,0,0,0,544,0,0,0,0,266,0,0,0,0,250,386,0,0,0,0,11,0,0,0,0,0,0,0,0
4,22,0,2,0,3,0,1.002713,1.069339,1.007388,2,2,584,100,100,45,7,1,0,-69,96,55,1,80,62,118,3,0,0,3170,137,0,1,0,1045,142,0,2,0,541,1,0,0,0,272,0,0,0,0,292,583,0,1,0,0,14,0,0,0,0,0,0,0,0
4,22,1,13,0,3,0,1.004776,1.009194,1.029921,11,1,459,15,10,45,7,1,-69,0,-100,-100,0,80,62,459,27,0,0,3170,11,0,9,0,1045,441,0,18,0,541,0,0,0,0,272,0,0,0,0,292,221,0,9,0,0,0,0,0,0,0,0,0,0,0
4,22,2,5,0,3,0,0.925364,0.969373,0.983649,5,5,959,100,100,45,7,1,96,-100,0,100,1,80,62,100,3,0,0,3170,168,0,1,0,1045,157,0,2,0,541,0,0,4,0,272,3,0,2,0,292,706,8,5,0,0,9,2,0,0,0,0,0,0,0
4,22,3,0,0,3,0,0,0,0,0,1,459,100,100,45,7,1,55,-100,100,0,0,80,62,223,0,0,0,3170,7,0,0,0,1045,223,0,0,0,541,0,0,0,0,272,0,0,0,0,292,386,0,0,0,0,11,0,0,0,0,0,0,0,0
4,23,0,0,1,3,0,0,0,0,0,2,584,100,100,45,7,1,0,-69,96,57,0,80,64,116,0,0,0,3178,134,0,0,0,1048,142,0,0,0,541,1,0,0,0,270,0,0,0,0,292,583,0,0,0,0,14,0,0,0,0,0,0,0,0
4,23,1,14,1,3,0,1.002084,1.010468,1.032581,11,1,459,20,15,45,7,1,-69,0,-100,-100,0,80,64,459,27,0,0,3178,11,0,9,0,1048,441,0,18,0,541,0,0,0,0,270,0,0,0,0,292,220,0,9,0,0,0,0,0,0,0,0,0,0,0
4,23,2,4,1,3,0,0.918535,0.956826,0.98073,4,5,959,100,100,45,7,1,96,-100,0,100,0,80,64,102,3,0,0,3178,161,0,1,0,1048,158,0,2,0,541,1,0,2,0,270,4,0,1,0,292,707,4,3,0,0,10,1,0,0,0,0,0,0,0
4,23,3,0,1,3,0,0,0,0,0,1,459,100,100,45,7,1,57,-100,100,0,0,80,64,223,0,0,0,3178,9,0,0,0,1048,223,0,0,0,541,0,0,0,0,270,0,0,0,0,292,386,0,0,0,0,11,0,0,0,0,0,0,0,0
4,24,0,0,0,2,0,0,0,0,0,2,584,100,100,49,7,0,0,-69,88,59,0,80,63,116,0,0,0,3167,133,0,0,0,1083,142,0,0,0,541,1,0,0,0,272,0,0,0,0,291,583,0,0,0,0,14,0,0,0,0,0,0,0,0
4,24,1,13,0,2,0,1.004534,1.014637,1.032911,10,1,459,5,0,49,7,0,-69,0,-100,-100,0,80,63,459,27,0,0,3167,21,0,9,0,1083,422,0,18,0,541,0,0,0,0,272,0,0,0,0,291,215,0,9,0,0,0,0,0,0,0,0,0,0,0
4,24,2,3,0,2,0,0.909683,0.96012,0.963627,3,5,959,100,100,49,7,0,88,-100,0,94,0,80,63,106,3,0,0,3167,155,0,1,0,1083,158,0,2,0,541,4,0,0,0,272,4,0,0,0,291,706,0,1,0,0,10,0,0,0,0,0,0,0,0
4,24,3,0,0,2,0,0,0,0,0,1,459,100,100,49,7,0,59,-100,94,0,0,80,63,223,0,0,0,3167,11,0,0,0,1083,223,0,0,0,541,0,0,0,0,272,0,0,0,0,291,386,0,0,0,0,11,0,0,0,0,0,0,0,0
4,25,0,0,1,1,0,0,0,0,0,2,584,100,100,50,7,0,0,-69,86,61,0,80,69,116,0,0,0,3190,132,0,0,0,1045,142,0,0,0,544,1,0,0,0,272,0,0,0,0,295,583,0,0,0,0,14,0,0,0,0,0,0,0,0
4,25,1,13,1,1,0,1.007376,1.004867,1.035512,10,1,459,5,0,50,7,0,-69,0,-100,-100,0,80,69,459,27,0,0,3190,9,0,9,0,1045,441,0,18,0,544,0,0,0,0,272,0,0,0,0,295,211,0,9,0,0,0,0,0,0,0,0,0,0,0
4,25,2,3,1,1,0,0.909683,0.96012,0.963627,3,5,959,100,100,50,7,0,86,-100,0,94,0,80,69,111,3,0,0,3190,150,0,1,0,1045,159,0,2,0,544,4,0,0,0,272,4,0,0,0,295,705,0,1,0,0,10,0,0,0,0,0,0,0,0
4,25,3,0,1,1,0,0,0,0,0,1,459,100,100,50,7,0,61,-100,94,0,0,80,69,223,0,0,0,3190,13,0,0,0,1045,223,0,0,0,544,0,0,0,0,272,0,0,0,0,295,386,0,0,0,0,11,0,0,0,0,0,0,0,0
4,26,0,0,0,0,0,0,0,0,0,2,584,100,100,51,7,0,0,-69,84,63,0,80,59,116,0,0,0,3166,131,0,0,0,1045,142,0,0,0,544,1,0,0,0,272,0,0,0,0,300,583,0,0,0,0,14,0,0,0,0,0,0,0,0
4,26,1,13,0,0,0,1.007376,1.004867,1.035512,10,1,459,5,0,51,7,0,-69,0,-100,-100,0,80,59,459,27,0,0,3166,21,0,9,0,1045,441,0,18,0,544,0,0,0,0,272,0,0,0,0,300,202,0,9,0,0,0,0,0,0,0,0,0,0,0
4,26,2,3,0,0,0,0.909683,0.96012,0.963627,3,5,959,100,100,51,7,0,84,-100,0,94,0,80,59,116,3,0,0,3166,145,0,1,0,1045,160,0,2,0,544,4,0,0,0,272,4,0,0,0,300,704,0,1,0,0,10,0,0,0,0,0,0,0,0
4,26,3,0,0,0,0,0,0,0,0,1,459,100,100,51,7,0,63,-100,94,0,0,80,59,223,0,0,0,3166,15,0,0,0,1045,223,0,0,0,544,0,0,0,0,272,0,0,0,0,300,386,0,0,0,0,11,0,0,0,0,0,0,0,0
4,27,0,0,0,1,0,0,0,0,0,2,584,100,100,52,7,0,0,-69,82,65,0,80,65,116,0,0,0,3190,130,0,0,0,1047,142,0,0,0,544,1,0,0,0,272,0,0,0,0,297,583,0,0,0,0,14,0,0,0,0,0,0,0,0
4,27,1,12,0,1,0,1.007655,1.013605,1.030056,10,1,459,5,0,52,7,0,-69,0,-100,-100,0,80,65,459,27,0,0,3190,9,0,9,0,1047,441,0,18,0,544,0,0,0,0,272,0,0,0,0,297,196,0,9,0,0,0,0,0,0,0,0,0,0,0
4,27,2,3,0,1,0,0.909683,0.96012,0.963627,3,5,959,100,100,52,7,0,82,-100,0,94,0,80,65,121,3,0,0,3190,140,0,1,0,1047,161,0,2,0,544,4,0,0,0,272,4,0,0,0,297,703,0,1,0,0,10,0,0,0,0,0,0,0,0
4,27,3,0,0,1,0,0,0,0,0,1,459,100,100,52,7,0,65,-100,94,0,0,80,65,223,0,0,0,3190,17,0,0,0,1047,223,0,0,0,544,0,0,0,0,272,0,0,0,0,297,386,0,0,0,0,11,0,0,0,0,0,0,0,0
4,28,0,0,0,0,0,0,0,0,0,2,584,100,100,53,7,0,0,-69,80,67,0,80,68,116,0,0,0,3177,129,0,0,0,1048,142,0,0,0,544,1,0,0,0,272,0,0,0,0,300,583,0,0,0,0,14,0,0,0,0,0,0,0,0
4,28,1,12,0,0,0,1.007655,1.013605,1.030056,10,1,459,5,0,53,7,0,-69,0,-100,-100,0,80,68,459,27,0,0,3177,11,0,9,0,1048,441,0,18,0,544,0,0,0,0,272,0,0,0,0,300,187,0,9,0,0,0,0,0,0,0,0,0,0,0
4,28,2,3,0,0,0,0.909683,0.96012,0.963627,3,5,959,100,100,53,7,0,80,-100,0,94,0,80,68,126,3,0,0,3177,135,0,1,0,1048,162,0,2,0,544,4,0,0,0,272,4,0,0,0,300,702,0,1,0,0,10,0,0,0,0,0,0,0,0
4,28,3,0,0,0,0,0,0,0,0,1,459,100,100,53,7,0,67,-100,94,0,0,80,68,223,0,0,0,3177,19,0,0,0,1048,223,0,0,0,544,0,0,0,0,272,0,0,0,0,300,386,0,0,0,0,11,0,0,0,0,0,0,0,0
4,29,0,0,0,2,0,0,0,0,0,2,584,100,100,54,7,0,0,-69,78,69,0,80,65,116,0,0,0,3189,128,0,0,0,1046,142,0,0,0,544,1,0,0,0,272,0,0,0,0,300,583,0,0,0,0,14,0,0,0,0,0,0,0,0
4,29,1,10,0,2,0,1.00592,1.005096,1.029398,8,1,459,5,0,54,7,0,-69,0,-100,-100,0,80,65,459,24,0,0,3189,2,0,8,0,1046,443,0,16,0,544,0,0,0,0,272,0,0,0,0,300,179,0,8,0,0,0,0,0,0,0,0,0,0,0
4,29,2,3,0,2,0,0.909683,0.96012,0.963627,3,5,959,100,100,54,7,0,78,-100,0,94,0,80,65,131,3,0,0,3189,130,0,1,0,1046,163,0,2,0,544,4,0,0,0,272,4,0,0,0,300,701,0,1,0,0,10,0,0,0,0,0,0,0,0
4,29,3,0,0,2,0,0,0,0,0,1,459,100,100,54,7,0,69,-100,94,0,0,80,65,223,0,0,0,3189,21,0,0,0,1046,223,0,0,0,544,0,0,0,0,272,0,0,0,0,300,386,0,0,0,0,11,0,0,0,0,0,0,0,0
4,30,0,0,1,0,0,0,0,0,0,2,584,100,100,55,7,0,0,-69,76,71,0,80,64,116,0,0,0,3172,127,0,0,0,1050,142,0,0,0,544,1,0,0,0,272,0,0,0,0,300,583,0,0,0,0,14,0,0,0,0,0,0,0,0
4,30,1,11,1,0,0,1.004825,1.000335,1.033903,8,1,459,5,0,55,7,0,-69,0,-100,-100,0,80,64,459,24,0,0,3172,12,0,8,0,1050,443,0,16,0,544,0,0,0,0,272,0,0,0,0,300,171,0,8,0,0,0,0,0,0,0,0,0,0,0
4,30,2,3,1,0,0,0.909683,0.96012,0.963627,3,5,959,100,100,55,7,0,76,-100,0,94,0,80,64,136,3,0,0,3172,125,0,1,0,1050,164,0,2,0,544,4,0,0,0,272,4,0,0,0,300,700,0,1,0,0,10,0,0,0,0,0,0,0,0
4,30,3,0,1,0,0,0,0,0,0,1,459,100,100,55,7,0,71,-100,94,0,0,80,64,223,0,0,0,3172,23,0,0,0,1050,223,0,0,0,544,0,0,0,0,272,0,0,0,0,300,386,0,0,0,0,11,0,0,0,0,0,0,0,0
4,31,0,0,1,1,0,0,0,0,0,2,584,100,100,56,7,0,0,-69,74,73,0,80,64,116,0,0,0,3190,126,0,0,0,1060,142,0,0,0,544,1,0,0,0,272,0,0,0,0,300,583,0,0,0,0,14,0,0,0,0,0,0,0,0
4,31,1,11,1,1,0,1.021171,0.998106,1.026381,7,1,459,5,0,56,7,0,-69,0,-100,-100,0,80,64,459,21,0,0,3190,4,0,7,0,1060,445,0,14,0,544,0,0,0,0,272,0,0,0,0,300,164,0,7,0,0,0,0,0,0,0,0,0,0,0
4,31,2,3,1,1,0,0.909683,0.96012,0.963627,3,5,959,100,100,56,7,0,74,-100,0,94,0,80,64,138,3,0,0,3190,120,0,1,0,1060,168,0,2,0,544,4,0,0,0,272,4,0,0,0,300,699,0,1,0,0,10,0,0,0,0,0,0,0,0
4,31,3,0,1,1,0,0,0,0,0,1,459,100,100,56,7,0,73,-100,94,0,0,80,64,223,0,0,0,3190,25,0,0,0,1060,223,0,0,0,544,0,0,0,0,272,0,0,0,0,300,386,0,0,0,0,11,0,0,0,0,0,0,0,0
4,32,0,0,0,0,0,0,0,0,0,2,584,100,100,57,7,0,0,-69,72,75,0,80,68,116,0,0,0,3173,125,0,0,0,1066,142,0,0,0,542,1,0,0,0,272,0,0,0,0,300,583,0,0,0,0,14,0,0,0,0,0,0,0,0
4,32,1,11,0,0,0,1.021171,0.998106,1.026381,7,1,459,5,0,57,7,0,-69,0,-100,-100,0,80,68,459,21,0,0,3173,13,0,7,0,1066,445,0,14,0,542,0,0,2,0,272,0,0,0,0,300,155,0,9,0,0,1,1,0,0,0,0,0,0,0
4,32,2,3,0,0,0,0.909683,0.96012,0.963627,3,5,959,100,100,57,7,0,72,-100,0,94,0,80,68,142,3,0,0,3173,115,0,1,0,1066,170,0,2,0,542,4,0,0,0,272,4,0,0,0,300,698,0,1,0,0,10,0,0,0,0,0,0,0,0
4,32,3,0,0,0,0,0,0,0,0,1,459,100,100,57,7,0,75,-100,94,0,0,80,68,223,0,0,0,3173,27,0,0,0,1066,223,0,0,0,542,0,0,0,0,272,0,0,0,0,300,386,0,0,0,0,11,0,0,0,0,0,0,0,0
4,33,0,0,0,2,0,0,0,0,0,2,584,100,100,58,7,0,0,-69,70,77,0,80,66,116,0,0,0,3190,124,0,0,0,1066,142,0,0,0,541,1,0,0,0,270,0,0,0,0,300,583,0,0,0,0,14,0,0,0,0,0,0,0,0
4,33,1,9,0,2,0,1.028507,1.011508,1.017184,7,1,459,5,0,58,7,0,-69,0,-100,-100,0,80,66,459,21,0,0,3190,5,0,7,0,1066,445,0,14,0,541,1,0,2,0,270,1,0,1,0,300,150,4,9,0,0,2,1,0,0,0,0,0,0,0
4,33,2,3,0,2,0,0.909683,0.96012,0.963627,3,5,959,100,100,58,7,0,70,-100,0,94,0,80,66,146,3,0,0,3190,110,0,1,0,1066,172,0,2,0,541,4,0,0,0,270,4,0,0,0,300,697,0,1,0,0,10,0,0,0,0,0,0,0,0
4,33,3,0,0,2,0,0,0,0,0,1,459,100,100,58,7,0,77,-100,94,0,0,80,66,223,0,0,0,3190,29,0,0,0,1066,223,0,0,0,541,0,0,0,0,270,0,0,0,0,300,386,0,0,0,0,11,0,0,0,0,0,0,0,0
4,34,0,0,1,0,0,0,0,0,0,2,584,100,100,59,7,0,0,-69,68,79,0,80,64,116,0,0,0,3186,123,0,0,0,1062,142,0,0,0,541,1,0,0,0,272,0,0,0,0,300,583,0,0,0,0,14,0,0,0,0,0,0,0,0
4,34,1,10,1,0,0,1.032879,1.013387,1.02373,7,1,459,5,0,59,7,0,-69,0,-100,-100,0,80,64,459,21,0,0,3186,3,0,7,0,1062,445,0,14,0,541,2,0,2,0,272,0,0,1,0,300,145,4,9,0,0,3,1,0,0,0,0,0,0,0
4,34,2,3,1,0,0,0.909683,0.96012,0.963627,3,5,959,100,100,59,7,0,68,-100,0,94,0,80,64,150,3,0,0,3186,105,0,1,0,1062,174,0,2,0,541,4,0,0,0,272,4,0,0,0,300,696,0,1,0,0,10,0,0,0,0,0,0,0,0
4,34,3,0,1,0,0,0,0,0,0,1,459,100,100,59,7,0,79,-100,94,0,0,80,64,223,0,0,0,3186,31,0,0,0,1062,223,0,0,0,541,0,0,0,0,272,0,0,0,0,300,386,0,0,0,0,11,0,0,0,0,0,0,0,0
4,35,0,0,1,0,0,0,0,0,0,2,584,100,100,60,7,0,0,-69,66,81,0,80,68,116,0,0,0,3173,122,0,0,0,1058,142,0,0,0,543,1,0,0,0,272,0,0,0,0,300,583,0,0,0,0,14,0,0,0,0,0,0,0,0
4,35,1,11,1,0,0,1.024081,1.005591,1.022968,7,1,459,5,0,60,7,0,-69,0,-100,-100,0,80,68,459,21,0,0,3173,13,0,7,0,1058,445,0,14,0,543,1,0,2,0,272,0,0,0,0,300,136,0,9,0,0,4,1,0,0,0,0,0,0,0
4,35,2,3,1,0,0,0.909683,0.96012,0.963627,3,5,959,100,100,60,7,0,66,-100,0,94,0,80,68,155,3,0,0,3173,100,0,1,0,1058,175,0,2,0,543,4,0,0,0,272,4,0,0,0,300,695,0,1,0,0,10,0,0,0,0,0,0,0,0
4,35,3,0,1,0,0,0,0,0,0,1,459,100,100,60,7,0,81,-100,94,0,0,80,68,223,0,0,0,3173,33,0,0,0,1058,223,0,0,0,543,0,0,0,0,272,0,0,0,0,300,386,0,0,0,0,11,0,0,0,0,0,0,0,0
4,36,0,0,1,1,0,0,0,0,0,2,584,100,100,61,7,0,0,-69,64,83,0,80,69,116,0,0,0,3190,121,0,0,0,1055,142,0,0,0,544,1,0,0,0,272,0,0,0,0,295,583,0,0,0,0,14,0,0,0,0,0,0,0,0
4,36,1,11,1,1,0,1.018243,0.996925,1.018249,7,1,459,5,0,61,7,0,-69,0,-100,-100,0,80,69,459,21,0,0,3190,5,0,7,0,1055,445,0,14,0,544,1,0,0,0,272,0,0,0,0,295,132,0,9,0,0,3,0,1,0,0,1,1,0,0
4,36,2,3,1,1,0,0.909683,0.96012,0.963627,3,5,959,100,100,61,7,0,64,-100,0,92,0,80,69,159,3,0,0,3190,96,0,1,0,1055,177,0,2,0,544,4,0,0,0,272,4,0,0,0,295,694,0,1,0,0,10,0,0,0,0,0,0,0,0
4,36,3,0,1,1,0,0,0,0,0,1,459,100,100,61,7,0,83,-100,92,0,0,80,69,223,0,0,0,3190,34,0,0,0,1055,223,0,0,0,544,0,0,0,0,272,0,0,0,0,295,386,0,0,0,0,11,0,0,0,0,0,0,0,0
4,37,0,0,1,0,0,0,0,0,0,2,584,100,100,62,7,0,0,-69,62,83,0,80,59,116,0,0,0,3174,121,0,0,0,1056,142,0,0,0,539,1,0,0,0,272,0,0,0,0,295,583,0,0,0,0,14,0,0,0,0,0,0,0,0
4,37,1,12,1,0,0,1.023808,0.999918,1.0145,8,1,459,5,0,62,7,0,-69,0,-100,-100,0,80,59,459,21,0,0,3174,13,0,7,0,1056,445,0,14,0,539,0,0,6,0,272,0,0,0,0,295,122,0,15,0,0,5,3,1,0,0,1,1,0,0
4,37,2,3,1,0,0,0.909683,0.96012,0.963627,3,5,959,100,100,62,7,0,62,-100,0,90,0,80,59,163,3,0,0,3174,92,0,1,0,1056,179,0,2,0,539,4,0,0,0,272,4,0,0,0,295,693,0,1,0,0,10,0,0,0,0,0,0,0,0
4,37,3,0,1,0,0,0,0,0,0,1,459,100,100,62,7,0,83,-100,90,0,0,80,59,223,0,0,0,3174,34,0,0,0,1056,223,0,0,0,539,0,0,0,0,272,0,0,0,0,295,386,0,0,0,0,11,0,0,0,0,0,0,0,0
4,38,0,0,2,3,0,0,0,0,0,2,584,100,100,64,7,0,0,-71,66,83,0,80,67,116,0,0,0,3190,121,0,0,0,1050,142,0,0,0,544,1,0,0,0,272,0,0,0,0,295,583,0,0,0,0,14,0,0,0,0,0,0,0,0
4,38,1,11,2,3,0,1.022925,0.98223,1.033942,6,1,459,5,0,64,7,0,-71,0,-100,-100,0,80,67,459,21,0,0,3190,4,0,7,0,1050,445,0,14,0,544,0,0,0,0,272,0,0,0,0,295,118,0,9,0,0,4,0,1,0,0,1,1,0,0
4,38,2,3,2,3,0,0.909683,0.96012,0.963627,3,5,959,84.732541,79.732541,64,7,0,66,-100,0,94,0,80,67,167,3,0,0,3190,88,0,1,0,1050,181,0,2,0,544,4,0,0,0,272,4,0,0,0,295,692,0,1,0,0,10,0,0,0,0,0,0,0,0
4,38,3,0,2,3,0,0,0,0,0,1,459,100,100,64,7,0,83,-100,94,0,0,80,67,223,0,0,0,3190,34,0,0,0,1050,223,0,0,0,544,0,0,0,0,272,0,0,0,0,295,386,0,0,0,0,11,0,0,0,0,0,0,0,0
4,39,0,0,2,0,0,0,0,0,0,2,584,100,100,65,7,0,0,-71,64,83,0,80,58,116,0,0,0,3163,121,0,0,0,1056,142,0,0,0,544,1,0,0,0,272,0,0,0,0,295,583,0,0,0,0,14,0,0,0,0,0,0,0,0
4,39,1,13,2,0,0,1.025005,0.989645,1.027042,7,1,459,5,0,65,7,0,-71,0,-100,-100,0,80,58,459,21,0,0,3163,23,0,7,0,1056,445,0,14,0,544,0,0,0,0,272,0,0,0,0,295,114,0,9,0,0,3,0,1,0,0,1,1,0,0
4,39,2,3,2,0,0,0.909683,0.96012,0.963627,3,5,959,89.732541,84.732541,65,7,0,64,-100,0,92,0,80,58,169,3,0,0,3163,84,0,1,0,1056,185,0,2,0,544,4,0,0,0,272,4,0,0,0,295,691,0,1,0,0,10,0,0,0,0,0,0,0,0
4,39,3,0,2,0,0,0,0,0,0,1,459,100,100,65,7,0,83,-100,92,0,0,80,58,223,0,0,0,3163,34,0,0,0,1056,223,0,0,0,544,0,0,0,0,272,0,0,0,0,295,386,0,0,0,0,11,0,0,0,0,0,0,0,0
4,40,0,0,1,2,0,0,0,0,0,2,584,100,100,69,7,0,0,-77,80,83,0,80,66,116,0,0,0,3190,121,0,0,0,1055,142,0,0,0,544,1,0,0,0,272,0,0,0,0,290,583,0,0,0,0,14,0,0,0,0,0,0,0,0
4,40,1,12,1,2,0,1.0295,0.997521,1.034161,7,1,459,5,0,69,7,0,-77,0,-100,-100,0,80,66,459,21,0,0,3190,13,0,7,0,1055,445,0,14,0,544,0,0,0,0,272,0,0,0,0,290,113,0,11,0,0,1,0,2,0,0,2,2,0,0
4,40,2,3,1,2,0,0.909683,0.96012,0.963627,3,5,959,38.634447,33.634447,69,7,0,80,-100,0,100,0,80,66,172,3,0,0,3190,80,0,1,0,1055,188,0,2,0,544,4,0,0,0,272,4,0,0,0,290,690,0,1,0,0,10,0,0,0,0,0,0,0,0
4,40,3,0,1,2,0,0,0,0,0,1,459,100,100,69,7,0,83,-100,100,0,0,80,66,223,0,0,0,3190,34,0,0,0,1055,223,0,0,0,544,0,0,0,0,272,0,0,0,0,290,386,0,0,0,0,11,0,0,0,0,0,0,0,0
2,1,0,51,5,4,0,0.998822,1.007155,0.99508,0,0,334,100,100,5,0,0,0,-26,2,20,1,80,0,56,36,0,0,2792,201,0,12,0,911,62,0,24,0,382,24,0,48,0,272,1,0,24,0,142,121,96,78,0,0,15,24,9,0,0,9,9,0,0
2,1,1,50,5,4,0,0.99523,1.00569,0.997793,0,0,334,100,100,5,0,0,-26,0,-26,-38,0,80,0,58,39,0,0,2792,224,0,13,0,911,84,0,26,0,382,34,0,48,0,272,1,0,24,0,142,137,96,79,0,0,15,24,9,0,0,9,9,0,0
2,1,2,51,5,4,0,0.995543,1.004855,0.995153,0,0,334,100,100,5,0,0,2,-26,0,20,1,80,0,60,39,0,0,2792,200,0,13,0,911,63,0,26,0,382,24,0,48,0,272,1,0,24,0,142,120,96,79,0,0,15,24,9,0,0,9,9,0,0
2,1,3,49,5,4,0,0.993001,1.002565,0.996037,0,0,334,81.891935,76.891935,5,0,0,20,-38,20,0,2,80,0,59,39,0,0,2792,192,0,13,0,911,63,0,26,0,382,28,0,44,0,272,3,0,22,0,142,110,88,75,0,0,13,22,9,0,0,9,9,0,0
2,2,0,50,5,39,0,1.003548,1.003932,0.992105,7,0,334,100,100,10,0,1,0,-32,12,28,1,80,4,61,36,0,0,2912,234,0,12,0,917,74,0,24,0,431,4,0,48,0,272,0,0,1,0,170,79,4,78,0,0,30,24,9,0,0,9,9,0,0
2,2,1,29,5,39,0,1.001607,0.987969,0.981311,7,0,334,77.293545,72.293545,10,0,1,-32,0,-52,-48,0,80,4,58,39,0,0,2912,161,0,13,0,917,118,0,26,0,431,43,0,16,0,272,0,0,1,0,170,122,4,35,0,0,20,8,3,0,0,3,3,0,0
2,2,2,48,5,39,0,0.996168,1.00466,0.989996,8,0,334,85.605481,80.605481,10,0,1,12,-52,0,36,1,80,4,69,39,0,0,2912,216,0,13,0,917,76,0,26,0,431,7,0,44,0,272,0,0,1,0,170,81,4,75,0,0,28,22,9,0,0,9,9,0,0
2,2,3,40,5,39,0,1.002034,0.995545,0.998021,6,0,334,78.173839,73.173839,10,0,1,28,-48,36,0,2,80,4,65,33,0,0,2912,212,0,11,0,917,74,0,22,0,431,24,0,32,0,272,0,0,3,0,170,85,12,55,0,0,23,16,6,0,0,6,6,0,0
2,3,0,46,5,18,0,1.000266,1.004789,0.991974,14,0,334,100,100,17,0,1,0,-42,40,30,2,80,2,55,30,0,0,3160,174,0,10,0,911,84,0,20,0,441,1,0,32,0,272,0,0,0,0,64,94,0,60,0,0,37,16,9,0,0,9,9,0,0
2,3,1,27,5,18,0,1.003944,0.994114,0.981593,9,0,334,48.128505,43.128505,17,0,1,-42,0,-94,-58,0,80,2,76,30,0,0,3160,162,0,10,0,911,143,0,20,0,441,49,0,14,0,272,0,0,0,0,64,103,0,30,0,0,24,7,3,0,0,3,3,0,0
2,3,2,41,5,18,0,0.996554,1.012531,0.985455,16,0,334,30.816663,25.816663,17,0,1,40,-94,0,64,2,80,2,80,39,0,0,3160,155,0,13,0,911,89,0,26,0,441,1,0,26,0,272,0,0,0,0,64,92,0,57,0,0,32,13,9,0,0,9,9,0,0
2,3,3,40,5,18,0,1.003693,0.997872,0.994955,10,0,334,83.173839,78.173839,17,0,1,30,-58,64,0,2,80,2,84,39,0,0,3160,159,0,13,0,911,87,0,26,0,441,25,0,28,0,272,0,0,0,0,64,109,0,51,0,0,32,14,5,0,0,5,5,0,0
2,4,0,45,1,17,0,0.998091,1.006086,0.99234,22,0,334,100,100,21,1,1,0,-48,58,30,2,80,2,54,30,0,0,2965,203,0,10,0,938,91,0,20,0,477,0,0,28,0,272,0,0,0,0,176,74,0,56,0,0,42,14,9,0,0,9,9,0,0
2,4,1,21,1,17,0,0.993769,1.004175,0.977254,11,0,334,39.351357,34.351357,21,1,1,-48,0,-100,-70,0,80,2,81,21,0,0,2965,160,0,7,0,938,159,0,14,0,477,38,0,16,0,272,0,0,0,0,176,99,0,31,0,0,28,8,4,0,0,4,4,0,0
2,4,2,35,1,17,0,0.996354,1.012947,0.985913,23,0,334,5,0,21,1,1,58,-100,0,82,2,80,2,90,33,0,0,2965,147,0,11,0,938,100,0,22,0,477,1,0,12,0,272,0,0,0,0,176,89,0,35,0,0,32,6,6,0,0,6,6,0,0
2,4,3,37,1,17,0,0.997634,1.000035,0.993737,13,0,334,88.173839,83.173839,21,1,1,30,-70,82,0,2,80,2,97,36,0,0,2965,171,0,12,0,938,99,0,24,0,477,16,0,28,0,272,0,0,0,0,176,82,0,50,0,0,41,14,5,0,0,5,5,0,0
2,5,0,47,8,8,0,1.002572,1.004668,0.993558,31,0,334,100,100,23,2,1,0,-50,64,30,2,80,3,59,30,0,0,2950,236,0,10,0,965,98,0,20,0,483,0,0,20,0,243,0,0,12,0,205,108,48,44,0,0,45,10,7,0,0,7,7,0,0
2,5,1,20,8,8,0,0.99723,1.002207,0.979531,14,0,334,34.90439,29.90439,23,2,1,-50,0,-100,-78,0,80,3,95,21,0,0,2950,182,0,7,0,965,175,0,14,0,483,32,0,16,0,243,0,0,0,0,205,85,0,29,0,0,33,8,3,0,0,3,3,0,0
2,5,2,35,8,8,0,0.990524,1.014386,0.984694,28,0,334,5,0,23,2,1,64,-100,0,88,2,80,3,107,33,0,0,2950,144,0,11,0,965,111,0,22,0,483,0,0,18,0,243,0,0,3,0,205,93,12,35,0,0,38,9,3,0,0,3,3,0,0
2,5,3,36,8,8,0,0.990799,1.001451,0.988242,16,0,334,93.173839,88.173839,23,2,1,30,-78,88,0,2,80,3,111,30,0,0,2950,188,0,10,0,965,109,0,20,0,483,4,0,26,0,243,0,0,11,0,205,95,44,46,0,0,49,13,5,0,0,5,5,0,0
2,6,0,48,6,7,0,1.004611,1.001,0.995159,37,0,334,100,100,26,3,1,0,-54,64,42,2,80,5,57,30,0,0,3028,179,0,10,0,962,108,0,20,0,544,0,0,0,0,205,3,0,23,0,173,255,92,20,0,0,40,0,5,0,0,5,5,0,0
2,6,1,20,6,7,0,1.001328,1.014723,0.989025,15,0,334,26.722574,21.722574,26,3,1,-54,0,-100,-96,0,80,5,111,21,0,0,3028,215,0,7,0,962,191,0,14,0,544,16,0,16,0,205,0,0,3,0,173,75,12,27,0,0,39,8,2,0,0,2,2,0,0
2,6,2,33,6,7,0,0.991521,1.012196,0.984721,28,0,334,10,5,26,3,1,64,-100,0,100,2,80,5,130,36,0,0,3028,145,0,12,0,962,120,0,24,0,544,0,0,0,0,205,3,0,13,0,173,150,52,16,0,0,36,0,2,0,0,2,2,0,0
2,6,3,36,6,7,0,0.991723,1.001095,0.989381,20,0,334,84.072404,79.072404,26,3,1,42,-96,100,0,2,80,5,130,33,0,0,3028,205,0,11,0,962,120,0,22,0,544,0,0,4,0,205,9,0,13,0,173,137,52,25,0,0,46,2,5,0,0,5,5,0,0
2,7,0,47,6,9,0,1.003449,0.998625,0.993052,39,1,459,100,100,27,3,1,0,-56,72,44,2,80,9,58,33,0,0,3064,208,0,11,0,959,119,0,22,0,534,1,0,6,0,208,0,0,18,0,144,300,72,40,0,0,23,3,20,0,0,3,3,0,0
2,7,1,18,6,9,0,0.997512,1.015459,0.994858,15,0,334,31.722574,26.722574,27,3,1,-56,0,-100,-98,0,80,9,121,21,0,0,3064,188,0,7,0,959,207,0,14,0,534,0,0,16,0,208,0,0,0,0,144,100,0,25,0,0,46,8,1,0,0,1,1,0,0
2,7,2,35,6,9,0,0.995673,1.010445,0.979976,29,0,334,5,0,27,3,1,72,-100,0,100,2,80,9,153,33,0,0,3064,149,0,11,0,959,131,0,22,0,534,1,0,2,0,208,8,0,13,0,144,193,52,17,0,0,35,1,2,0,0,2,2,0,0
2,7,3,34,6,9,0,0.993682,1.000217,0.992479,24,0,334,89.072404,84.072404,27,3,1,44,-98,100,0,2,80,9,144,33,0,0,3064,158,0,11,0,959,131,0,22,0,534,0,0,0,0,208,12,0,12,0,144,216,48,21,0,0,41,0,5,0,0,5,5,0,0
2,8,0,46,2,7,1,1.003793,0.997894,0.991996,41,1,459,100,100,27,3,1,0,-56,72,46,2,80,5,65,33,0,0,3016,238,0,11,0,956,127,0,22,0,472,0,0,28,0,272,0,0,0,0,178,291,0,45,0,0,34,14,3,0,0,3,3,0,0
2,8,1,16,2,7,1,0.996994,1.015256,0.990598,15,0,334,36.722574,31.722574,27,3,1,-56,0,-100,-98,0,80,5,133,21,0,0,3016,163,0,7,0,956,223,0,14,0,472,0,0,0,0,272,0,0,0,0,178,139,0,9,0,0,45,0,1,0,0,1,1,0,0
2,8,2,34,2,7,1,0.99664,1.007457,0.974969,29,0,334,10,5,27,3,1,72,-100,0,100,2,80,5,179,39,0,0,3016,141,0,13,0,956,144,0,26,0,472,6,0,22,0,272,0,0,8,0,178,204,32,39,0,0,44,11,2,0,0,2,2,0,0
2,8,3,33,2,7,1,0.999489,0.995381,0.991873,27,0,334,94.072404,89.072404,27,3,1,46,-98,100,0,2,80,5,166,33,0,0,3016,169,0,11,0,956,142,0,22,0,472,0,0,18,0,272,0,0,12,0,178,244,48,35,0,0,47,9,3,0,0,3,3,0,0
2,9,0,44,2,11,0,1.004847,0.995667,0.988275,41,1,459,100,100,33,4,1,0,-66,72,76,2,80,12,67,30,0,0,3056,182,0,10,0,970,137,0,20,0,480,1,0,26,0,272,0,0,0,0,165,343,0,38,0,0,46,13,1,0,0,1,1,0,0
2,9,1,14,2,11,0,0.99638,1.026493,0.989061,14,0,334,31.657838,26.657838,33,4,1,-66,0,-100,-100,0,80,12,148,21,0,0,3056,180,0,7,0,970,239,0,14,0,480,0,0,0,0,272,0,0,0,0,165,141,0,7,0,0,45,0,0,0,0,0,0,0,0
2,9,2,32,2,11,0,0.995136,1.007477,0.97199,29,0,334,15,10,33,4,1,72,-100,0,100,2,80,12,196,36,0,0,3056,143,0,12,0,970,150,0,24,0,480,3,0,22,0,272,0,0,0,0,165,181,0,38,0,0,53,11,2,0,0,2,2,0,0
2,9,3,30,2,11,0,0.999003,0.992838,0.992768,26,0,334,61.053256,56.053256,33,4,1,76,-100,100,0,2,80,12,176,27,0,0,3056,183,0,9,0,970,149,0,18,0,480,0,0,18,0,272,0,0,0,0,165,225,0,31,0,0,54,9,2,0,0,2,2,0,0
2,10,0,43,6,13,0,1.009872,0.993431,0.988241,39,2,584,100,100,37,5,1,0,-78,90,76,2,80,7,73,30,0,0,2996,208,0,10,0,968,147,0,20,0,506,0,0,10,0,242,0,0,17,0,231,405,68,39,0,0,33,5,18,0,0,1,1,0,0
2,10,1,14,6,13,0,1.00734,1.023197,1.001305,12,0,334,19.932543,14.932543,37,5,1,-78,0,-100,-100,0,80,7,166,21,0,0,2996,179,0,7,0,968,255,0,14,0,506,0,0,0,0,242,0,0,0,0,231,143,0,7,0,0,45,0,0,0,0,0,0,0,0
2,10,2,31,6,13,0,0.999558,1.009917,0.969103,28,0,334,5,0,37,5,1,90,-100,0,98,2,80,7,213,33,0,0,2996,148,0,11,0,968,161,0,22,0,506,1,0,14,0,242,0,0,6,0,231,177,24,27,0,0,59,7,1,0,0,1,1,0,0
2,10,3,25,6,13,0,1.005526,0.993859,0.997087,24,0,334,66.053256,61.053256,37,5,1,76,-100,98,0,2,80,7,190,27,0,0,2996,200,0,9,0,968,158,0,18,0,506,1,0,8,0,242,0,0,7,0,231,240,28,19,0,0,57,4,1,0,0,1,1,0,0
2,11,0,40,4,14,0,1.013691,0.994911,0.991748,36,2,584,100,100,38,5,1,0,-80,92,84,2,80,12,79,33,0,0,3080,226,0,11,0,965,158,0,22,0,526,1,0,4,0,234,0,0,8,0,220,442,32,19,0,0,33,2,2,0,0,2,2,0,0
2,11,1,12,4,14,0,1.000248,1.027913,1.008182,8,0,334,24.932543,19.932543,38,5,1,-80,0,-100,-100,0,80,12,186,21,0,0,3080,158,0,7,0,965,271,0,14,0,526,0,0,2,0,234,4,0,1,0,220,138,4,9,0,0,46,1,0,0,0,0,0,0,0
2,11,2,28,4,14,0,1.000562,1.005668,0.975511,26,0,334,10,5,38,5,1,92,-100,0,100,2,80,12,234,36,0,0,3080,129,0,12,0,965,173,0,24,0,526,0,0,6,0,234,1,0,8,0,220,195,32,20,0,0,61,3,1,0,0,1,1,0,0
2,11,3,23,4,14,0,1.006918,0.998134,0.996006,22,1,459,59.410916,54.410916,38,5,1,84,-100,100,0,2,80,12,205,24,0,0,3080,167,0,8,0,965,166,0,16,0,526,1,0,4,0,234,5,0,7,0,220,281,28,29,0,0,42,2,17,0,0,0,0,0,0
2,12,0,38,3,5,0,1.014873,0.993907,0.991527,36,3,709,100,100,38,5,1,0,-80,94,86,2,80,21,89,30,0,0,3116,176,0,10,0,971,168,0,20,0,504,0,0,16,0,258,0,0,6,0,171,526,24,45,0,0,23,8,18,0,0,1,1,0,0
2,12,1,12,3,5,0,1.000248,1.027913,1.008182,8,0,334,29.932543,24.932543,38,5,1,-80,0,-100,-100,0,80,21,201,21,0,0,3116,159,0,7,0,971,287,0,14,0,504,1,0,2,0,258,1,0,3,0,171,141,12,9,0,0,47,1,0,0,0,0,0,0,0
2,12,2,29,3,5,0,0.998512,1.007299,0.965687,26,0,334,15,10,38,5,1,94,-100,0,100,2,80,21,260,36,0,0,3116,113,0,12,0,971,185,0,24,0,504,0,0,8,0,258,0,0,5,0,171,208,20,22,0,0,64,4,1,0,0,1,1,0,0
2,12,3,22,3,5,0,1.000669,0.992639,0.990837,20,1,459,64.410916,59.410916,38,5,1,86,-100,100,0,2,80,21,218,21,0,0,3116,177,0,7,0,971,173,0,14,0,504,1,0,14,0,258,1,0,8,0,171,299,32,23,0,0,48,7,1,0,0,1,1,0,0
2,13,0,38,3,8,0,1.014067,0.99335,0.992869,36,3,709,100,100,39,6,1,0,-80,94,86,2,80,11,100,27,0,0,3044,201,0,9,0,980,177,0,18,0,509,0,0,12,0,257,0,0,6,0,247,553,24,23,0,0,28,6,1,0,0,1,1,0,0
2,13,1,11,3,8,0,1.000711,1.020827,1.013156,7,0,334,16.294173,11.294173,39,6,1,-80,0,-100,-100,0,80,11,221,21,0,0,3044,160,0,7,0,980,297,0,14,0,509,1,0,2,0,257,0,0,1,0,247,136,4,9,0,0,48,1,0,0,0,0,0,0,0
2,13,2,28,3,8,0,0.998947,1.002906,0.968847,25,1,459,20,15,39,6,1,94,-100,0,100,2,80,11,284,36,0,0,3044,96,0,12,0,980,197,0,24,0,509,0,0,10,0,257,0,0,6,0,247,209,24,41,0,0,51,5,18,0,0,1,1,0,0
2,13,3,19,3,8,0,1.001391,0.993204,0.991086,17,1,459,69.410916,64.410916,39,6,1,86,-100,100,0,2,80,11,234,21,0,0,3044,188,0,7,0,980,180,0,14,0,509,1,0,8,0,257,0,0,4,0,247,304,16,17,0,0,51,4,1,0,0,1,1,0,0
2,14,0,38,6,7,0,1.022931,0.990324,0.995834,34,3,709,100,100,40,7,1,0,-80,94,86,2,80,15,112,27,0,0,3102,226,0,9,0,975,186,0,18,0,524,0,0,12,0,263,0,0,5,0,202,580,20,23,0,0,33,6,1,0,0,1,1,0,0
2,14,1,11,6,7,0,1.004206,1.02135,1.018504,7,0,334,5,0,40,7,1,-80,0,-100,-100,0,80,15,241,21,0,0,3102,152,0,7,0,975,300,0,14,0,524,1,0,2,0,263,0,0,0,0,202,127,0,9,0,0,49,1,0,0,0,0,0,0,0
2,14,2,28,6,7,0,0.997991,0.997327,0.965042,25,1,459,25,20,40,7,1,94,-100,0,98,2,80,15,311,39,0,0,3102,71,0,13,0,975,213,0,26,0,524,0,0,4,0,263,0,0,2,0,202,216,8,19,0,0,52,2,1,0,0,1,1,0,0
2,14,3,18,6,7,0,0.995989,1.001947,0.987871,16,1,459,74.410916,69.410916,40,7,1,86,-100,98,0,2,80,15,249,18,0,0,3102,163,0,6,0,975,186,0,12,0,524,1,0,2,0,263,0,0,2,0,202,352,8,10,0,0,51,1,1,0,0,1,1,0,0
2,15,0,38,5,5,0,1.023931,0.989122,0.998613,34,4,834,100,100,41,8,1,0,-80,94,86,2,80,14,123,27,0,0,3142,179,0,9,0,975,192,0,18,0,520,1,0,14,0,265,0,0,1,0,174,639,4,44,0,0,21,7,19,0,0,2,2,0,0
2,15,1,10,5,5,0,1.012884,1.01525,1.014887,7,0,334,5,0,41,8,1,-80,0,-100,-100,0,80,14,258,21,0,0,3142,134,0,7,0,975,304,0,14,0,520,3,0,0,0,265,0,0,0,0,174,120,0,7,0,0,49,0,0,0,0,0,0,0,0
2,15,2,30,5,5,0,0.997499,0.99324,0.965402,26,1,459,30,25,41,8,1,94,-100,0,96,2,80,14,343,42,0,0,3142,45,0,14,0,975,230,0,28,0,520,1,0,2,0,265,0,0,6,0,174,240,24,18,0,0,52,1,1,0,0,1,1,0,0
2,15,3,17,5,5,0,1.007096,0.994201,0.989501,15,1,459,79.410916,74.410916,41,8,1,86,-100,96,0,2,80,14,267,18,0,0,3142,171,0,6,0,975,192,0,12,0,520,1,0,4,0,265,0,0,0,0,174,349,0,12,0,0,52,2,1,0,0,1,1,0,0
2,16,0,36,1,5,0,1.024952,0.99065,0.99778,34,4,834,100,100,42,9,1,0,-80,96,84,2,80,13,131,27,0,0,3072,211,0,9,0,980,198,0,18,0,520,0,0,10,0,248,0,0,6,0,232,678,24,21,0,0,25,5,1,0,0,1,1,0,0
2,16,1,9,1,5,0,1.007356,1.011603,1.008316,7,1,459,5,0,42,9,1,-80,0,-100,-100,0,80,13,276,21,0,0,3072,117,0,7,0,980,314,0,14,0,520,1,0,2,0,248,0,0,0,0,232,97,0,28,0,0,32,1,18,0,0,1,1,0,0
2,16,2,31,1,5,0,0.999584,0.992313,0.966883,27,1,459,35,30,42,9,1,96,-100,0,96,2,80,13,373,42,0,0,3072,19,0,14,0,980,247,0,28,0,520,1,0,12,0,248,0,0,6,0,232,252,24,30,0,0,56,6,2,0,0,2,2,0,0
2,16,3,15,1,5,0,1.007486,0.999142,0.98826,14,1,459,84.410916,79.410916,42,9,1,84,-100,96,0,2,80,13,277,12,0,0,3072,181,0,4,0,980,196,0,8,0,520,0,0,4,0,248,2,0,7,0,232,376,28,10,0,0,53,2,1,0,0,1,1,0,0
2,17,0,36,4,8,0,1.026022,0.991642,0.994222,33,5,959,100,100,44,10,1,0,-82,100,84,2,80,23,138,27,0,0,3148,165,0,9,0,982,204,0,18,0,502,0,0,12,0,269,0,0,3,0,193,722,12,40,0,0,13,6,18,0,0,1,1,0,0
2,17,1,6,4,8,0,1.004704,1.004043,1.000779,4,1,459,5,0,44,10,1,-82,0,-100,-100,0,80,23,285,12,0,0,3148,104,0,4,0,982,315,0,8,0,502,1,0,0,0,269,0,0,0,0,193,96,0,6,0,0,31,0,1,0,0,1,1,0,0
2,17,2,32,4,8,0,1.00024,0.989535,0.96777,29,2,584,24.979084,19.979084,44,10,1,100,-100,0,100,2,80,23,400,42,0,0,3148,12,0,14,0,982,264,0,28,0,502,1,0,18,0,269,0,0,0,0,193,219,0,51,0,0,47,9,18,0,0,1,1,0,0
2,17,3,13,4,8,0,1.010048,0.992817,0.988056,13,1,459,89.410916,84.410916,44,10,1,84,-100,100,0,2,80,23,286,12,0,0,3148,177,0,4,0,982,200,0,8,0,502,2,0,10,0,269,0,0,2,0,193,379,8,14,0,0,58,5,0,0,0,0,0,0,0
2,18,0,34,1,8,0,1.027697,0.992932,0.992527,32,5,959,100,100,45,11,1,0,-82,100,84,2,80,20,140,24,0,0,3052,200,0,8,0,993,209,0,16,0,510,1,0,14,0,272,0,0,0,0,242,724,0,24,0,0,19,7,1,0,0,1,1,0,0
2,18,1,7,1,8,0,1.004692,1.00358,1.003097,5,1,459,5,0,45,11,1,-82,0,-100,-100,0,80,20,301,15,0,0,3052,93,0,5,0,993,316,0,10,0,510,1,0,0,0,272,0,0,0,0,242,94,0,7,0,0,30,0,1,0,0,1,1,0,0
2,18,2,29,1,8,0,0.996657,0.989881,0.967783,27,2,584,29.979084,24.979084,45,11,1,100,-100,0,100,2,80,20,419,33,0,0,3052,23,0,11,0,993,278,0,22,0,510,1,0,14,0,272,0,0,0,0,242,210,0,27,0,0,53,7,1,0,0,1,1,0,0
2,18,3,10,1,8,0,0.999419,1.015373,0.997383,10,1,459,94.410916,89.410916,45,11,1,84,-100,100,0,2,80,20,287,6,0,0,3052,177,0,2,0,993,202,0,4,0,510,1,0,6,0,272,0,0,0,0,242,380,0,8,0,0,61,3,0,0,0,0,0,0,0
2,19,0,34,4,4,0,1.026852,0.992123,0.994346,32,5,959,100,100,46,12,1,0,-82,100,84,2,80,25,145,24,0,0,3082,237,0,8,0,1019,211,0,16,0,544,1,0,0,0,239,0,0,8,0,235,773,32,10,0,0,18,0,1,0,0,1,1,0,0
2,19,1,9,4,4,0,1.014849,0.997133,1.005589,6,1,459,5,0,46,12,1,-82,0,-100,-100,0,80,25,315,15,0,0,3082,81,0,5,0,1019,318,0,10,0,544,1,0,0,0,239,0,0,0,0,235,87,0,7,0,0,29,0,1,0,0,1,1,0,0
2,19,2,29,4,4,0,0.996657,0.989881,0.967783,28,2,584,34.979084,29.979084,46,12,1,100,-100,0,100,2,80,25,441,33,0,0,3082,23,0,11,0,1019,292,0,22,0,544,1,0,0,0,239,5,0,11,0,235,254,44,13,0,0,52,0,1,0,0,1,1,0,0
2,19,3,8,4,4,0,1.005386,1.01034,0.998239,7,2,584,99.410916,94.410916,46,12,1,84,-100,100,0,2,80,25,287,0,0,0,3082,166,0,0,0,1019,202,0,0,0,544,1,0,0,0,239,0,0,4,0,235,404,16,17,0,0,44,0,17,0,0,0,0,0,0
2,20,0,33,3,5,0,1.026963,0.993344,0.993352,32,6,1084,100,100,49,13,1,0,-86,100,96,2,80,25,146,21,0,0,3146,195,0,7,0,1017,215,0,14,0,517,1,0,12,0,265,0,0,0,0,196,810,0,38,0,0,6,6,18,0,0,1,1,0,0
2,20,1,10,3,5,0,1.009856,0.998432,1.003667,6,1,459,5,0,49,13,1,-86,0,-100,-100,0,80,25,330,15,0,0,3146,67,0,5,0,1017,319,0,10,0,517,1,0,0,0,265,0,0,1,0,196,89,4,7,0,0,28,0,1,0,0,1,1,0,0
2,20,2,29,3,5,0,0.996072,0.997824,0.967767,28,2,584,39.979084,34.979084,49,13,1,100,-100,0,100,2,80,25,464,33,0,0,3146,23,0,11,0,1017,306,0,22,0,517,1,0,12,0,265,0,0,8,0,196,281,32,23,0,0,58,6,0,0,0,0,0,0,0
2,20,3,6,3,5,0,0.999578,1.000516,0.971862,5,2,584,64.378741,59.378741,49,13,1,96,-100,100,0,2,80,25,290,3,0,0,3146,172,0,1,0,1017,203,0,2,0,517,0,0,4,0,265,0,0,0,0,196,403,0,7,0,0,45,2,1,0,0,1,1,0,0
2,21,0,31,3,6,0,1.028183,0.98936,0.99793,31,6,1084,100,100,52,14,1,0,-90,100,100,2,80,25,153,21,0,0,3061,231,0,7,0,1015,219,0,14,0,524,1,0,6,0,262,0,0,4,0,241,843,16,13,0,0,9,3,0,0,0,0,0,0,0
2,21,1,9,3,6,0,1.012163,0.996336,0.991252,6,1,459,5,0,52,14,1,-90,0,-100,-100,0,80,25,344,18,0,0,3061,51,0,6,0,1015,323,0,12,0,524,1,0,2,0,262,0,0,0,0,241,84,0,10,0,0,28,1,1,0,0,1,1,0,0
2,21,2,30,3,6,0,1.000059,0.995416,0.967046,28,2,584,44.979084,39.979084,52,14,1,100,-100,0,100,2,80,25,486,33,0,0,3061,31,0,11,0,1015,319,0,22,0,524,0,0,10,0,262,0,0,6,0,241,300,24,23,0,0,62,5,1,0,0,1,1,0,0
2,21,3,5,3,6,0,0.991907,0.996176,0.975763,4,2,584,30.153175,25.153175,52,14,1,100,-100,100,0,2,80,25,293,3,0,0,3061,172,0,1,0,1015,204,0,2,0,524,1,0,2,0,262,0,0,0,0,241,403,0,3,0,0,46,1,0,0,0,0,0,0,0
2,22,0,30,1,5,0,1.028893,0.992998,1.000054,29,6,1084,100,100,54,15,1,0,-92,100,100,2,80,34,154,21,0,0,3152,193,0,7,0,1017,223,0,14,0,534,1,0,4,0,266,0,0,3,0,298,844,12,11,0,0,11,2,0,0,0,0,0,0,0
2,22,1,8,1,5,0,1.016346,0.99386,0.984728,6,1,459,5,0,54,15,1,-92,0,-100,-100,0,80,34,348,18,0,0,3152,36,0,6,0,1017,328,0,12,0,534,1,0,0,0,266,0,0,0,0,298,76,0,8,0,0,27,0,1,0,0,1,1,0,0
2,22,2,30,1,5,0,1.000059,0.995416,0.967046,29,3,709,49.979084,44.979084,54,15,1,100,-100,0,98,2,80,34,512,33,0,0,3152,38,0,11,0,1017,330,0,22,0,534,0,0,6,0,266,0,0,3,0,298,276,12,36,0,0,47,3,18,0,0,1,1,0,0
2,22,3,3,1,5,0,1.020638,0.977685,0.96783,2,2,584,17.733599,12.733599,54,15,1,100,-100,98,0,2,80,34,295,3,0,0,3152,166,0,1,0,1017,205,0,2,0,534,1,0,0,0,266,0,0,0,0,298,402,0,3,0,0,45,0,1,0,0,1,1,0,0
2,23,0,31,4,3,0,1.02891,0.991436,0.999986,29,6,1084,100,100,55,16,1,0,-92,98,100,2,80,25,169,21,0,0,3080,228,0,7,0,1021,227,0,14,0,533,0,0,6,0,259,0,0,5,0,247,876,20,15,0,0,13,3,1,0,0,1,1,0,0
2,23,1,8,4,3,0,1.007482,1.009582,0.99603,7,1,459,5,0,55,16,1,-92,0,-100,-100,0,80,25,360,18,0,0,3080,22,0,6,0,1021,332,0,12,0,533,1,0,0,0,259,0,0,0,0,247,75,0,6,0,0,27,0,0,0,0,0,0,0,0
2,23,2,32,4,3,0,1.002137,0.994498,0.967387,30,3,709,54.979084,49.979084,55,16,1,98,-100,0,98,2,80,25,539,33,0,0,3080,45,0,11,0,1021,341,0,22,0,533,0,0,6,0,259,0,0,8,0,247,309,32,17,0,0,50,3,0,0,0,0,0,0,0
2,23,3,1,4,3,0,1.01743,0.959222,0.964764,1,2,584,22.733599,17.733599,55,16,1,100,-100,98,0,2,80,25,294,0,0,0,3080,163,0,0,0,1021,205,0,0,0,533,1,0,0,0,259,0,0,0,0,247,405,0,0,0,0,45,0,0,0,0,0,0,0,0
2,24,0,29,1,5,0,1.027269,0.995134,1.002557,28,6,1084,100,100,56,17,1,0,-92,98,98,1,80,41,169,21,0,0,3152,190,0,7,0,1006,231,0,14,0,520,0,0,6,0,272,0,0,0,0,300,863,0,13,0,0,16,3,0,0,0,0,0,0,0
2,24,1,8,1,5,0,1.007482,1.009582,0.99603,7,1,459,5,0,56,17,1,-92,0,-100,-100,0,80,41,371,18,0,0,3152,8,0,6,0,1006,345,0,12,0,520,1,0,0,0,272,0,0,0,0,300,67,0,8,0,0,26,0,1,0,0,1,1,0,0
2,24,2,31,1,5,0,1.000903,0.995968,0.966897,29,3,709,59.979084,54.979084,56,17,1,98,-100,0,96,1,80,41,560,33,0,0,3152,50,0,11,0,1006,352,0,22,0,520,0,0,18,0,272,0,0,0,0,300,278,0,31,0,0,58,9,1,0,0,1,1,0,0
2,24,3,0,1,5,0,0,0,0,0,2,584,22.733599,22.733599,56,17,1,98,-100,96,0,0,80,41,293,0,0,0,3152,162,0,0,0,1006,205,0,0,0,520,1,0,0,0,272,0,0,0,0,300,405,0,0,0,0,45,0,0,0,0,0,0,0,0
2,25,0,28,3,3,0,1.028839,0.994586,1.000781,27,6,1084,100,100,56,17,1,0,-92,100,98,1,80,30,177,21,0,0,3080,226,0,7,0,1012,235,0,14,0,520,1,0,8,0,272,0,0,0,0,251,867,0,17,0,0,19,4,1,0,0,1,1,0,0
2,25,1,8,3,3,0,1.011254,1.005277,1.002056,7,1,459,10,5,56,17,1,-92,0,-100,-100,0,80,30,373,0,0,0,3080,0,0,0,0,1012,370,0,0,0,520,1,0,0,0,272,0,0,0,0,251,72,0,0,0,0,26,0,0,0,0,0,0,0,0
2,25,2,32,3,3,0,1.003817,0.997935,0.968474,29,3,709,64.979084,59.979084,56,17,1,100,-100,0,96,1,80,30,579,33,0,0,3080,56,0,11,0,1012,363,0,22,0,520,0,0,12,0,272,0,0,0,0,251,271,0,25,0,0,63,6,1,0,0,1,1,0,0
2,25,3,0,3,3,0,0,0,0,0,2,584,22.733599,22.733599,56,17,1,98,-100,96,0,0,80,30,293,0,0,0,3080,162,0,0,0,1012,205,0,0,0,520,1,0,0,0,272,0,0,0,0,251,405,0,0,0,0,45,0,0,0,0,0,0,0,0
2,26,0,28,1,4,0,1.031603,0.996888,1.000575,27,7,1209,100,100,56,17,1,0,-92,100,98,1,80,29,188,21,0,0,3134,191,0,7,0,1012,239,0,14,0,528,1,0,6,0,257,0,0,3,0,216,910,12,30,0,0,5,3,17,0,0,0,0,0,0
2,26,1,8,1,4,0,1.011254,1.005277,1.002056,7,2,584,15,10,56,17,1,-92,0,-100,-100,0,80,29,394,18,0,0,3134,4,0,6,0,1012,383,0,12,0,528,1,0,0,0,257,0,0,0,0,216,52,0,25,0,0,8,0,18,0,0,1,1,0,0
2,26,2,29,1,4,0,1.005944,1.004267,0.967371,28,3,709,69.979084,64.979084,56,17,1,100,-100,0,96,1,80,29,596,33,0,0,3134,61,0,11,0,1012,371,0,22,0,528,0,0,10,0,257,0,0,9,0,216,299,36,23,0,0,67,5,1,0,0,1,1,0,0
2,26,3,0,1,4,0,0,0,0,0,2,584,22.733599,22.733599,56,17,1,98,-100,96,0,0,80,29,293,0,0,0,3134,162,0,0,0,1012,205,0,0,0,528,1,0,0,0,257,0,0,0,0,216,405,0,0,0,0,45,0,0,0,0,0,0,0,0
2,27,0,29,2,4,0,1.029441,0.994671,1.002338,26,7,1209,100,100,56,17,1,0,-92,100,98,1,80,30,201,21,0,0,3058,228,0,7,0,1025,243,0,14,0,544,1,0,0,0,242,0,0,9,0,262,958,36,9,0,0,4,0,1,0,0,1,1,0,0
2,27,1,8,2,4,0,1.011254,1.005277,1.002056,8,2,584,20,15,56,17,1,-92,0,-100,-100,0,80,30,414,18,0,0,3058,4,0,6,0,1025,389,0,12,0,544,1,0,0,0,242,0,0,0,0,262,51,0,6,0,0,8,0,0,0,0,0,0,0,0
2,27,2,26,2,4,0,1.001755,1.004203,0.963941,26,4,834,74.979084,69.979084,56,17,1,100,-100,0,96,1,80,30,614,27,0,0,3058,63,0,9,0,1025,380,0,18,0,544,0,0,0,0,242,11,0,10,0,262,325,40,26,0,0,50,0,17,0,0,0,0,0,0
2,27,3,0,2,4,0,0,0,0,0,2,584,22.733599,22.733599,56,17,1,98,-100,96,0,0,80,30,293,0,0,0,3058,162,0,0,0,1025,205,0,0,0,544,1,0,0,0,242,0,0,0,0,262,405,0,0,0,0,45,0,0,0,0,0,0,0,0
2,28,0,27,1,6,0,1.031991,0.995189,1.001664,25,7,1209,100,100,56,17,1,0,-92,100,98,1,80,32,205,18,0,0,3146,193,0,6,0,1022,249,0,12,0,517,1,0,6,0,270,0,0,2,0,205,1030,8,14,0,0,6,3,1,0,0,1,1,0,0
2,28,1,9,1,6,0,1.019794,1.004899,1.002415,8,2,584,25,20,56,17,1,-92,0,-100,-100,0,80,32,435,18,0,0,3146,4,0,6,0,1022,398,0,12,0,517,1,0,0,0,270,0,0,0,0,205,50,0,6,0,0,8,0,0,0,0,0,0,0,0
2,28,2,22,1,6,0,0.998421,1.007286,0.967528,22,4,834,79.979084,74.979084,56,17,1,100,-100,0,96,1,80,32,635,27,0,0,3146,68,0,9,0,1022,389,0,18,0,517,1,0,8,0,270,2,0,9,0,205,356,36,17,0,0,54,4,0,0,0,0,0,0,0
2,28,3,0,1,6,0,0,0,0,0,2,584,22.733599,22.733599,56,17,1,98,-100,96,0,0,80,32,293,0,0,0,3146,162,0,0,0,1022,205,0,0,0,517,1,0,0,0,270,0,0,0,0,205,405,0,0,0,0,45,0,0,0,0,0,0,0,0
2,29,0,22,1,11,0,1.042781,0.999509,1.003099,20,7,1209,100,100,56,17,1,0,-92,100,98,1,80,26,196,6,0,0,3067,232,0,2,0,1018,251,0,4,0,531,1,0,4,0,272,0,0,0,0,261,1047,0,8,0,0,7,2,1,0,0,1,1,0,0
2,29,1,9,1,11,0,1.019794,1.004899,1.002415,8,2,584,30,25,56,17,1,-92,0,-100,-100,0,80,26,454,18,0,0,3067,14,0,6,0,1018,411,0,12,0,531,1,0,0,0,272,0,0,0,0,261,47,0,8,0,0,7,0,1,0,0,1,1,0,0
2,29,2,17,1,11,0,1.001888,1.011432,0.96866,17,4,834,84.979084,79.979084,56,17,1,100,-100,0,96,1,80,26,639,15,0,0,3067,81,0,5,0,1018,394,0,10,0,531,0,0,10,0,272,0,0,2,0,261,358,8,15,0,0,59,5,0,0,0,0,0,0,0
2,29,3,0,1,11,0,0,0,0,0,2,584,22.733599,22.733599,56,17,1,98,-100,96,0,0,80,26,293,0,0,0,3067,162,0,0,0,1018,205,0,0,0,531,1,0,0,0,272,0,0,0,0,261,405,0,0,0,0,45,0,0,0,0,0,0,0,0
2,30,0,20,2,9,0,1.047629,0.992847,1.000061,18,7,1209,100,100,58,17,1,0,-96,100,98,1,80,41,195,6,0,0,3168,208,0,2,0,1044,253,0,4,0,538,1,0,0,0,263,0,0,6,0,205,1140,24,4,0,0,6,0,1,0,0,1,1,0,0
2,30,1,7,2,9,0,1.002724,1.00272,0.994944,7,2,584,35,30,58,17,1,-96,0,-100,-100,0,80,41,468,15,0,0,3168,0,0,5,0,1044,424,0,10,0,538,1,0,0,0,263,0,0,0,0,205,47,0,5,0,0,7,0,0,0,0,0,0,0,0
2,30,2,14,2,9,0,0.997985,1.028223,0.971082,13,4,834,52.340565,47.340565,58,17,1,100,-100,0,100,1,80,41,646,12,0,0,3168,92,0,4,0,1044,398,0,8,0,538,1,0,2,0,263,0,0,3,0,205,370,12,6,0,0,60,1,0,0,0,0,0,0,0
2,30,3,0,2,9,0,0,0,0,0,2,584,22.733599,22.733599,58,17,1,98,-100,100,0,0,80,41,293,0,0,0,3168,162,0,0,0,1044,205,0,0,0,538,1,0,0,0,263,0,0,0,0,205,405,0,0,0,0,45,0,0,0,0,0,0,0,0
2,31,0,19,3,3,0,1.049688,0.991326,0.988843,17,7,1209,100,100,58,17,1,0,-96,100,98,1,80,45,191,6,0,0,3161,186,0,2,0,1052,255,0,4,0,544,1,0,0,0,263,0,0,6,0,236,1205,24,4,0,0,5,0,1,0,0,1,1,0,0
2,31,1,7,3,3,0,1.002724,1.00272,0.994944,7,2,584,40,35,58,17,1,-96,0,-100,-100,0,80,45,469,0,0,0,3161,0,0,0,0,1052,445,0,0,0,544,1,0,0,0,263,0,0,0,0,236,52,0,0,0,0,7,0,0,0,0,0,0,0,0
2,31,2,15,3,3,0,0.996969,1.025791,0.965309,12,4,834,57.340565,52.340565,58,17,1,100,-100,0,100,1,80,45,657,12,0,0,3161,106,0,4,0,1052,399,0,8,0,544,1,0,0,0,263,0,0,3,0,236,385,12,6,0,0,59,0,1,0,0,1,1,0,0
2,31,3,0,3,3,0,0,0,0,0,2,584,22.733599,22.733599,58,17,1,98,-100,100,0,0,80,45,293,0,0,0,3161,162,0,0,0,1052,205,0,0,0,544,1,0,0,0,263,0,0,0,0,236,405,0,0,0,0,45,0,0,0,0,0,0,0,0
2,32,0,17,1,4,0,1.049623,0.99313,0.999414,16,7,1209,100,100,58,17,1,0,-96,100,98,1,80,49,188,6,0,0,3161,165,0,2,0,1048,257,0,4,0,536,1,0,4,0,268,0,0,2,0,211,1203,8,8,0,0,6,2,1,0,0,1,1,0,0
2,32,1,8,1,4,0,1.004715,1.002301,0.9956,7,2,584,45,40,58,17,1,-96,0,-100,-100,0,80,49,468,0,0,0,3161,0,0,0,0,1048,470,0,0,0,536,1,0,0,0,268,0,0,0,0,211,57,0,0,0,0,7,0,0,0,0,0,0,0,0
2,32,2,13,1,4,0,1.008924,1.026412,0.958173,11,4,834,62.340565,57.340565,58,17,1,100,-100,0,100,1,80,49,666,9,0,0,3161,120,0,3,0,1048,402,0,6,0,536,1,0,4,0,268,0,0,2,0,211,396,8,9,0,0,60,2,1,0,0,1,1,0,0
2,32,3,0,1,4,0,0,0,0,0,2,584,22.733599,22.733599,58,17,1,98,-100,100,0,0,80,49,293,0,0,0,3161,162,0,0,0,1048,205,0,0,0,536,1,0,0,0,268,0,0,0,0,211,405,0,0,0,0,45,0,0,0,0,0,0,0,0
2,33,0,18,2,2,0,1.051385,0.989477,0.999001,17,7,1209,100,100,58,17,1,0,-96,100,98,1,80,44,193,6,0,0,3086,210,0,2,0,1057,253,0,4,0,535,1,0,6,0,269,0,0,0,0,271,1201,0,8,0,0,9,3,0,0,0,0,0,0,0
2,33,1,9,2,2,0,1.011714,1.00149,0.995541,7,2,584,50,45,58,17,1,-96,0,-100,-100,0,80,44,485,18,0,0,3086,4,0,6,0,1057,483,0,12,0,535,1,0,0,0,269,0,0,0,0,271,54,0,8,0,0,6,0,1,0,0,1,1,0,0
2,33,2,11,2,2,0,1.003609,1.029082,0.956335,10,4,834,67.340565,62.340565,58,17,1,100,-100,0,100,1,80,44,668,3,0,0,3086,138,0,1,0,1057,403,0,2,0,535,0,0,4,0,269,0,0,3,0,271,410,12,7,0,0,61,2,1,0,0,1,1,0,0
2,33,3,0,2,2,0,0,0,0,0,2,584,22.733599,22.733599,58,17,1,98,-100,100,0,0,80,44,293,0,0,0,3086,162,0,0,0,1057,205,0,0,0,535,1,0,0,0,269,0,0,0,0,271,405,0,0,0,0,45,0,0,0,0,0,0,0,0
2,34,0,17,3,3,0,1.046233,0.989952,0.993689,16,7,1209,100,100,58,17,1,0,-96,100,98,1,80,34,193,6,0,0,3153,190,0,2,0,1063,249,0,4,0,530,0,0,6,0,272,0,0,0,0,244,1201,0,8,0,0,12,3,0,0,0,0,0,0,0
2,34,1,11,3,3,0,1.020058,0.995193,1.001064,8,2,584,55,50,58,17,1,-96,0,-100,-100,0,80,34,505,18,0,0,3153,4,0,6,0,1063,496,0,12,0,530,1,0,0,0,272,0,0,0,0,244,51,0,8,0,0,5,0,1,0,0,1,1,0,0
2,34,2,10,3,3,0,1.006612,1.029372,0.955926,10,4,834,72.340565,67.340565,58,17,1,100,-100,0,100,1,80,34,674,3,0,0,3153,158,0,1,0,1063,401,0,2,0,530,0,0,6,0,272,0,0,0,0,244,412,0,7,0,0,64,3,0,0,0,0,0,0,0
2,34,3,0,3,3,0,0,0,0,0,2,584,22.733599,22.733599,58,17,1,98,-100,100,0,0,80,34,293,0,0,0,3153,162,0,0,0,1063,205,0,0,0,530,1,0,0,0,272,0,0,0,0,244,405,0,0,0,0,45,0,0,0,0,0,0,0,0
2,35,0,18,4,5,0,1.051568,0.981719,0.985526,14,7,1209,100,100,58,17,1,0,-96,100,98,1,80,37,190,0,0,0,3160,173,0,0,0,1071,249,0,0,0,538,1,0,2,0,263,0,0,3,0,199,1207,12,4,0,0,12,1,1,0,0,1,1,0,0
2,35,1,12,4,5,0,1.023135,0.99972,1.003506,9,2,584,60,55,58,17,1,-96,0,-100,-100,0,80,37,525,18,0,0,3160,4,0,6,0,1071,501,0,12,0,538,1,0,0,0,263,0,0,3,0,199,70,12,8,0,0,4,0,1,0,0,1,1,0,0
2,35,2,7,4,5,0,1.023865,1.025604,0.967014,7,4,834,77.340565,72.340565,58,17,1,100,-100,0,100,1,80,37,675,3,0,0,3160,170,0,1,0,1071,399,0,2,0,538,0,0,0,0,263,0,0,3,0,199,435,12,1,0,0,64,0,0,0,0,0,0,0,0
2,35,3,0,4,5,0,0,0,0,0,2,584,22.733599,22.733599,58,17,1,98,-100,100,0,0,80,37,293,0,0,0,3160,162,0,0,0,1071,205,0,0,0,538,1,0,0,0,263,0,0,0,0,199,405,0,0,0,0,45,0,0,0,0,0,0,0,0
2,36,0,16,0,2,0,1.050585,0.986523,0.982948,14,7,1209,100,100,58,17,1,0,-96,100,98,1,80,52,184,0,0,0,3086,227,0,0,0,1069,249,0,0,0,536,0,0,4,0,270,0,0,0,0,273,1203,0,6,0,0,13,2,1,0,0,1,1,0,0
2,36,1,12,0,2,0,1.023135,0.99972,1.003506,10,2,584,65,60,58,17,1,-96,0,-100,-100,0,80,52,540,18,0,0,3086,4,0,6,0,1069,508,0,12,0,536,1,0,0,0,270,0,0,2,0,273,85,8,8,0,0,3,0,1,0,0,1,1,0,0
2,36,2,7,0,2,0,1.023865,1.025604,0.967014,7,4,834,82.340565,77.340565,58,17,1,100,-100,0,100,1,80,52,677,3,0,0,3086,186,0,1,0,1069,397,0,2,0,536,0,0,2,0,270,0,0,0,0,273,435,0,3,0,0,65,1,0,0,0,0,0,0,0
2,36,3,0,0,2,0,0,0,0,0,2,584,22.733599,22.733599,58,17,1,98,-100,100,0,0,80,52,293,0,0,0,3086,162,0,0,0,1069,205,0,0,0,536,1,0,0,0,270,0,0,0,0,273,405,0,0,0,0,45,0,0,0,0,0,0,0,0
2,37,0,14,0,2,0,1.048368,0.984993,0.985727,13,7,1209,100,100,58,17,1,0,-96,100,98,1,80,53,177,0,0,0,3182,211,0,0,0,1067,249,0,0,0,544,0,0,0,0,250,0,0,9,0,202,1207,36,2,0,0,12,0,1,0,0,1,1,0,0
2,37,1,12,0,2,0,1.023135,0.99972,1.003506,11,2,584,70,65,58,17,1,-96,0,-100,-100,0,80,53,557,18,0,0,3182,4,0,6,0,1067,517,0,12,0,544,1,0,0,0,250,6,0,4,0,202,108,16,8,0,0,2,0,1,0,0,1,1,0,0
2,37,2,7,0,2,0,1.023865,1.025604,0.967014,7,4,834,87.340565,82.340565,58,17,1,100,-100,0,100,1,80,53,680,3,0,0,3182,178,0,1,0,1067,395,0,2,0,544,0,0,0,0,250,0,0,3,0,202,473,12,1,0,0,65,0,0,0,0,0,0,0,0
2,37,3,0,0,2,0,0,0,0,0,2,584,22.733599,22.733599,58,17,1,98,-100,100,0,0,80,53,293,0,0,0,3182,162,0,0,0,1067,205,0,0,0,544,1,0,0,0,250,0,0,0,0,202,405,0,0,0,0,45,0,0,0,0,0,0,0,0
2,38,0,13,2,1,0,1.04542,0.991431,0.982127,13,7,1209,100,100,58,17,1,0,-96,100,98,1,80,56,169,0,0,0,3182,197,0,0,0,1068,249,0,0,0,529,0,0,8,0,272,0,0,0,0,208,1201,0,8,0,0,16,4,0,0,0,0,0,0,0
2,38,1,14,2,1,0,1.031897,0.99284,1.00291,12,2,584,75,70,58,17,1,-96,0,-100,-100,0,80,56,575,18,0,0,3182,4,0,6,0,1068,525,0,12,0,529,1,0,4,0,272,2,0,4,0,208,129,16,10,0,0,4,2,0,0,0,0,0,0,0
2,38,2,7,2,1,0,1.023865,1.025604,0.967014,7,4,834,92.340565,87.340565,58,17,1,100,-100,0,100,1,80,56,682,3,0,0,3182,170,0,1,0,1068,393,0,2,0,529,1,0,2,0,272,0,0,0,0,208,497,0,3,0,0,66,1,0,0,0,0,0,0,0
2,38,3,0,2,1,0,0,0,0,0,2,584,22.733599,22.733599,58,17,1,98,-100,100,0,0,80,56,293,0,0,0,3182,162,0,0,0,1068,205,0,0,0,529,1,0,0,0,272,0,0,0,0,208,405,0,0,0,0,45,0,0,0,0,0,0,0,0
2,39,0,12,2,1,0,1.041146,0.992465,0.988894,12,8,1334,100,100,58,17,1,0,-96,100,98,1,80,50,164,0,0,0,3156,184,0,0,0,1054,249,0,0,0,534,0,0,6,0,269,0,0,2,0,300,1186,8,23,0,0,2,3,17,0,0,0,0,0,0
2,39,1,16,2,1,0,1.035133,0.986746,1.006802,12,2,584,80,75,58,17,1,-96,0,-100,-100,0,80,50,584,24,0,0,3156,2,0,8,0,1054,543,0,16,0,534,0,0,4,0,269,0,0,2,0,300,123,8,14,0,0,5,2,1,0,0,1,1,0,0
2,39,2,7,2,1,0,1.023865,1.025604,0.967014,7,4,834,97.340565,92.340565,58,17,1,100,-100,0,100,1,80,50,687,3,0,0,3156,186,0,1,0,1054,391,0,2,0,534,0,0,2,0,269,0,0,1,0,300,498,4,3,0,0,67,1,0,0,0,0,0,0,0
2,39,3,0,2,1,0,0,0,0,0,2,584,22.733599,22.733599,58,17,1,98,-100,100,0,0,80,50,293,0,0,0,3156,162,0,0,0,1054,205,0,0,0,534,1,0,0,0,269,0,0,0,0,300,405,0,0,0,0,45,0,0,0,0,0,0,0,0
2,40,0,10,0,2,0,1.033252,0.991296,0.985383,10,8,1334,100,100,58,17,1,0,-96,100,98,1,80,59,158,0,0,0,3176,172,0,0,0,1048,249,0,0,0,529,1,0,6,0,272,0,0,0,0,204,1234,0,6,0,0,5,3,0,0,0,0,0,0,0
2,40,1,16,0,2,0,1.035133,0.986746,1.006802,13,2,584,85,80,58,17,1,-96,0,-100,-100,0,80,59,584,27,0,0,3176,1,0,9,0,1048,565,0,18,0,529,1,0,4,0,272,0,0,0,0,204,121,0,17,0,0,5,2,2,0,0,2,2,0,0
2,40,2,7,0,2,0,1.023865,1.025604,0.967014,7,4,834,100,97.340565,58,17,1,100,-100,0,100,1,80,59,689,3,0,0,3176,178,0,1,0,1048,389,0,2,0,529,1,0,2,0,272,0,0,0,0,204,522,0,3,0,0,68,1,0,0,0,0,0,0,0
2,40,3,0,0,2,0,0,0,0,0,2,584,22.733599,22.733599,58,17,1,98,-100,100,0,0,80,59,293,0,0,0,3176,162,0,0,0,1048,205,0,0,0,529,1,0,0,0,272,0,0,0,0,204,405,0,0,0,0,45,0,0,0,0,0,0,0,0
6,1,0,50,3,10,0,1.001547,0.998017,1.004376,0,0,334,100,100,6,0,0,0,-28,26,2,1,80,11,52,39,0,0,2802,200,0,13,0,911,63,0,26,0,482,1,0,48,0,262,2,0,24,0,142,120,96,79,0,0,15,24,9,0,0,9,9,0,0
6,1,1,48,3,10,0,1.009061,1.001179,1.009392,0,0,334,100,100,6,0,0,-28,0,-44,-28,0,80,11,55,39,0,0,2802,214,0,13,0,911,84,0,26,0,482,0,0,42,0,262,2,0,23,0,142,136,92,73,0,0,12,21,9,0,0,9,9,0,0
6,1,2,49,3,10,0,1.002158,0.997896,1.003866,0,0,334,77.294521,72.294521,6,0,0,26,-44,0,24,2,80,11,58,39,0,0,2802,200,0,13,0,911,63,0,26,0,482,0,0,48,0,262,3,0,24,0,142,120,96,79,0,0,15,24,9,0,0,9,9,0,0
6,1,3,46,3,10,0,1.007039,0.995504,1.006299,0,0,334,100,100,6,0,0,2,-28,24,0,1,80,11,55,36,0,0,2802,201,0,12,0,911,62,0,24,0,482,1,0,46,0,262,1,0,24,0,142,123,96,76,0,0,14,23,9,0,0,9,9,0,0
6,2,0,47,1,9,0,1.001476,0.998643,1.005972,7,0,334,100,100,12,1,1,0,-40,38,4,1,80,6,55,36,0,0,2820,234,0,12,0,920,75,0,24,0,482,0,0,20,0,258,0,0,9,0,133,142,36,50,0,0,16,10,9,0,0,9,9,0,0
6,2,1,46,1,9,0,1.008703,1.00179,1.007919,7,0,334,73.087312,68.087312,12,1,1,-40,0,-64,-50,0,80,6,58,39,0,0,2820,253,0,13,0,920,118,0,26,0,482,1,0,10,0,258,0,0,4,0,133,170,16,41,0,0,8,5,9,0,0,9,9,0,0
6,2,2,48,1,9,0,1.000329,1.000321,1.004411,8,0,334,64.114021,59.114021,12,1,1,38,-64,0,36,2,80,6,62,36,0,0,2820,235,0,12,0,920,75,0,24,0,482,1,0,18,0,258,0,0,3,0,133,120,12,48,0,0,15,9,9,0,0,9,9,0,0
6,2,3,44,1,9,0,1.007137,0.996479,1.0025,7,0,334,96.897576,91.897576,12,1,1,4,-50,36,0,1,80,6,61,36,0,0,2820,223,0,12,0,920,74,0,24,0,482,0,0,14,0,258,0,0,6,0,133,136,24,44,0,0,12,7,9,0,0,9,9,0,0
6,3,0,43,2,44,0,1.004517,0.998136,1.008193,14,0,334,100,100,19,1,1,0,-50,70,2,1,80,21,51,30,0,0,3200,177,0,10,0,920,85,0,20,0,455,1,0,26,0,272,0,0,0,0,100,139,0,54,0,0,20,13,9,0,0,9,9,0,0
6,3,1,21,2,44,0,1.000581,0.994139,1.003587,13,0,334,59.82171,54.82171,19,1,1,-50,0,-94,-72,0,80,21,42,24,0,0,3200,199,0,8,0,920,137,0,16,0,455,0,0,6,0,272,0,0,0,0,100,171,0,22,0,0,7,3,4,0,0,4,4,0,0
6,3,2,42,2,44,0,1.000964,0.993539,1.007284,15,0,334,29.707253,24.707253,19,1,1,70,-94,0,64,2,80,21,57,27,0,0,3200,178,0,9,0,920,84,0,18,0,455,0,0,22,0,272,0,0,0,0,100,122,0,49,0,0,17,11,9,0,0,9,9,0,0
6,3,3,37,2,44,0,1.012738,1.000766,1.009111,12,0,334,100,96.897576,19,1,1,2,-72,64,0,1,80,21,56,24,0,0,3200,171,0,8,0,920,82,0,16,0,455,0,0,18,0,272,0,0,0,0,100,138,0,44,0,0,12,9,9,0,0,9,9,0,0
6,4,0,42,4,9,0,1.006466,0.998738,1.004136,22,0,334,100,100,29,1,1,0,-62,90,14,1,80,14,48,24,0,0,2952,214,0,8,0,972,93,0,16,0,536,0,0,6,0,213,0,0,18,0,299,179,72,32,0,0,14,3,9,0,0,9,9,0,0
6,4,1,20,4,9,0,1.010569,0.99256,1.004168,15,0,334,35.298193,30.298193,29,1,1,-62,0,-100,-100,0,80,14,55,24,0,0,2952,170,0,8,0,972,156,0,16,0,536,1,0,0,0,213,1,0,7,0,299,188,28,12,0,0,5,0,2,0,0,2,2,0,0
6,4,2,41,4,9,0,1.001221,0.992156,1.008501,22,0,334,12.202441,7.202441,29,1,1,90,-100,0,94,2,80,14,62,30,0,0,2952,222,0,10,0,972,94,0,20,0,536,1,0,0,0,213,0,0,15,0,299,154,60,28,0,0,8,0,9,0,0,9,9,0,0
6,4,3,35,4,9,0,1.01681,1.008125,1.012472,19,0,334,82.035665,77.035665,29,1,1,14,-100,94,0,1,80,14,62,24,0,0,2952,190,0,8,0,972,90,0,16,0,536,1,0,0,0,213,0,0,18,0,299,186,72,24,0,0,4,0,8,0,0,8,8,0,0
6,5,0,41,3,7,0,1.006312,0.997001,1.001599,30,0,334,100,100,33,1,1,0,-64,92,16,2,80,9,46,24,0,0,3142,164,0,8,0,970,101,0,16,0,537,0,0,4,0,210,0,0,21,0,144,291,84,24,0,0,10,2,6,0,0,6,6,0,0
6,5,1,19,3,7,0,1.009441,0.992069,1.005663,15,0,334,11.21366,6.21366,33,1,1,-64,0,-100,-100,0,80,9,75,27,0,0,3142,141,0,9,0,970,178,0,18,0,537,1,0,0,0,210,0,0,6,0,144,221,24,13,0,0,3,0,2,0,0,2,2,0,0
6,5,2,41,3,7,0,1.001419,0.993299,1.007674,30,0,334,17.202441,12.202441,33,1,1,92,-100,0,96,2,80,9,69,30,0,0,3142,171,0,10,0,970,104,0,20,0,537,0,0,4,0,210,0,0,15,0,144,243,60,24,0,0,5,2,5,0,0,5,5,0,0
6,5,3,33,3,7,0,1.014347,1.013053,1.010532,24,0,334,66.466271,61.466271,33,1,1,16,-100,96,0,2,80,9,72,24,0,0,3142,195,0,8,0,970,98,0,16,0,537,1,0,0,0,210,0,0,18,0,144,271,72,16,0,0,0,0,4,0,0,4,4,0,0
6,6,0,40,4,11,0,1.003797,0.997483,1.001575,34,0,334,100,100,34,1,1,0,-66,100,18,2,80,9,43,21,0,0,2950,212,0,7,0,973,108,0,14,0,541,0,0,0,0,205,8,0,22,0,180,321,88,13,0,0,7,0,3,0,0,3,3,0,0
6,6,1,18,4,11,0,1.015398,0.988382,0.997136,15,0,334,16.21366,11.21366,34,1,1,-66,0,-100,-100,0,80,9,94,24,0,0,2950,124,0,8,0,973,197,0,16,0,541,1,0,0,0,205,0,0,4,0,180,251,16,10,0,0,2,0,1,0,0,1,1,0,0
6,6,2,37,4,11,0,0.999426,0.989187,1.004675,33,0,334,11.025346,6.025346,34,1,1,100,-100,0,100,2,80,9,73,30,0,0,2950,216,0,10,0,973,114,0,20,0,541,1,0,2,0,205,0,0,12,0,180,305,48,16,0,0,4,1,2,0,0,2,2,0,0
6,6,3,32,4,11,0,1.018417,1.013687,1.012363,25,0,334,71.466271,66.466271,34,1,1,18,-100,100,0,2,80,9,80,21,0,0,2950,203,0,7,0,973,105,0,14,0,541,1,0,0,0,205,0,0,12,0,180,327,48,7,0,0,0,0,0,0,0,0,0,0,0
6,7,0,37,3,8,0,1.003498,0.995644,0.996422,33,0,334,100,100,36,2,1,0,-68,100,18,2,80,11,35,15,0,0,3190,167,0,5,0,987,113,0,10,0,530,1,0,10,0,239,0,0,14,0,49,325,56,19,0,0,10,5,2,0,0,2,2,0,0
6,7,1,18,3,8,0,1.022635,0.990256,0.994289,15,0,334,5,0,36,2,1,-68,0,-100,-100,0,80,11,116,24,0,0,3190,108,0,8,0,987,216,0,16,0,530,1,0,0,0,239,0,0,0,0,49,256,0,10,0,0,1,0,1,0,0,1,1,0,0
6,7,2,37,3,8,0,0.999426,0.989187,1.004675,35,0,334,5,0,36,2,1,100,-100,0,100,2,80,11,84,30,0,0,3190,169,0,10,0,987,121,0,20,0,530,1,0,0,0,239,0,0,15,0,49,322,60,12,0,0,3,0,1,0,0,1,1,0,0
6,7,3,30,3,8,0,1.016669,1.013104,1.01323,23,0,334,76.466271,71.466271,36,2,1,18,-100,100,0,2,80,11,82,18,0,0,3190,165,0,6,0,987,111,0,12,0,530,1,0,0,0,239,0,0,12,0,49,328,48,6,0,0,0,0,0,0,0,0,0,0,0
6,8,0,36,5,6,0,1.003699,0.991812,0.995108,33,0,334,100,100,38,3,1,0,-70,100,18,2,80,5,35,18,0,0,2952,220,0,6,0,990,119,0,12,0,544,1,0,0,0,231,0,0,9,0,191,326,36,8,0,0,9,0,1,0,0,1,1,0,0
6,8,1,18,5,6,0,1.027777,0.973242,0.980116,14,0,334,5,0,38,3,1,-70,0,-100,-100,0,80,5,137,24,0,0,2952,82,0,8,0,990,235,0,16,0,544,1,0,0,0,231,0,0,5,0,191,280,20,10,0,0,0,0,1,0,0,1,1,0,0
6,8,2,38,5,6,0,0.999926,0.989977,1.007797,36,0,334,5,0,38,3,1,100,-100,0,100,2,80,5,96,30,0,0,2952,210,0,10,0,990,128,0,20,0,544,1,0,0,0,231,0,0,12,0,191,322,48,12,0,0,2,0,1,0,0,1,1,0,0
6,8,3,29,5,6,0,1.02051,1.010104,1.011581,21,0,334,81.466271,76.466271,38,3,1,18,-100,100,0,2,80,5,88,18,0,0,2952,193,0,6,0,990,117,0,12,0,544,1,0,0,0,231,0,0,12,0,191,328,48,6,0,0,0,0,0,0,0,0,0,0,0
6,9,0,34,3,5,0,1.004514,0.991023,0.989169,32,0,334,100,100,39,4,1,0,-70,100,20,2,80,22,30,18,0,0,3144,178,0,6,0,984,125,0,12,0,536,0,0,6,0,256,0,0,4,0,97,326,16,14,0,0,11,3,1,0,0,1,1,0,0
6,9,1,19,3,5,0,1.029752,0.974318,0.979212,15,0,334,5,0,39,4,1,-70,0,-100,-100,0,80,22,155,24,0,0,3144,56,0,8,0,984,254,0,16,0,536,0,0,2,0,256,0,0,0,0,97,283,0,12,0,0,0,1,1,0,0,1,1,0,0
6,9,2,38,3,5,0,0.997766,0.991385,1.005695,36,0,334,10,5,39,4,1,100,-100,0,98,2,80,22,105,33,0,0,3144,161,0,11,0,984,136,0,22,0,536,1,0,2,0,256,0,0,7,0,97,321,28,15,0,0,2,1,1,0,0,1,1,0,0
6,9,3,28,3,5,0,1.027584,1.010152,1.010835,19,0,334,86.466271,81.466271,39,4,1,20,-100,98,0,2,80,22,91,21,0,0,3144,213,0,7,0,984,124,0,14,0,536,1,0,0,0,256,0,0,5,0,97,327,20,7,0,0,0,0,0,0,0,0,0,0,0
6,10,0,35,3,4,0,1.007179,0.991192,0.988602,33,1,459,100,100,41,5,1,0,-72,100,22,2,80,11,33,18,0,0,3014,236,0,6,0,979,131,0,12,0,494,0,0,18,0,272,0,0,0,0,174,291,0,43,0,0,2,9,18,0,0,1,1,0,0
6,10,1,19,3,4,0,1.026809,0.968612,0.979841,15,0,334,5,0,41,5,1,-72,0,-100,-100,0,80,11,177,27,0,0,3014,28,0,9,0,979,276,0,18,0,494,1,0,4,0,272,0,0,0,0,174,280,0,17,0,0,0,2,2,0,0,2,2,0,0
6,10,2,37,3,4,0,0.997778,0.990251,1.005505,36,0,334,5,0,41,5,1,100,-100,0,98,2,80,11,118,33,0,0,3014,192,0,11,0,979,144,0,22,0,494,0,0,16,0,272,0,0,0,0,174,305,0,29,0,0,9,8,1,0,0,1,1,0,0
6,10,3,27,3,4,0,1.028648,1.00756,1.005124,17,0,334,91.466271,86.466271,41,5,1,22,-100,98,0,2,80,11,101,21,0,0,3014,178,0,7,0,979,131,0,14,0,494,1,0,12,0,272,0,0,0,0,174,305,0,29,0,0,1,6,5,0,0,5,5,0,0
6,11,0,36,5,7,0,1.00718,0.99357,0.989088,34,1,459,100,100,43,6,1,0,-74,100,22,2,80,16,34,21,0,0,3069,194,0,7,0,973,138,0,14,0,503,0,0,18,0,269,0,0,0,0,164,314,0,27,0,0,10,9,1,0,0,1,1,0,0
6,11,1,17,5,7,0,1.023307,0.970222,0.983396,16,0,334,5,0,43,6,1,-74,0,-100,-100,0,80,16,197,27,0,0,3069,0,0,9,0,973,294,0,18,0,503,1,0,0,0,269,0,0,0,0,164,292,0,9,0,0,0,0,0,0,0,0,0,0,0
6,11,2,38,5,7,0,0.996605,0.984093,1.007712,35,0,334,5,0,43,6,1,100,-100,0,98,2,80,16,134,33,0,0,3069,205,0,11,0,973,154,0,22,0,503,0,0,12,0,269,0,0,3,0,164,315,12,23,0,0,15,6,0,0,0,0,0,0,0
6,11,3,25,5,7,0,1.038989,1.011585,1.008633,19,0,334,96.466271,91.466271,43,6,1,22,-100,98,0,2,80,16,113,24,0,0,3069,179,0,8,0,973,139,0,16,0,503,0,0,12,0,269,0,0,0,0,164,304,0,26,0,0,4,6,3,0,0,3,3,0,0
6,12,0,37,4,3,0,1.007305,0.991336,0.98911,35,1,459,100,100,43,6,1,0,-74,100,24,2,80,6,38,21,0,0,3023,263,0,7,0,982,145,0,14,0,495,0,0,18,0,272,0,0,0,0,162,308,0,27,0,0,18,9,1,0,0,1,1,0,0
6,12,1,18,4,3,0,1.019638,0.966907,0.980293,16,0,334,10,5,43,6,1,-74,0,-100,-100,0,80,6,194,0,0,0,3023,0,0,0,0,982,334,0,0,0,495,0,0,6,0,272,0,0,0,0,162,308,0,8,0,0,2,3,1,0,0,1,1,0,0
6,12,2,38,4,3,0,0.995818,0.984731,1.00768,34,1,459,10,5,43,6,1,100,-100,0,98,2,80,6,158,39,0,0,3023,154,0,13,0,982,152,0,26,0,495,0,0,18,0,272,0,0,0,0,162,282,0,52,0,0,5,9,19,0,0,2,2,0,0
6,12,3,24,4,3,0,1.043739,1.005001,1.000619,20,0,334,100,96.466271,43,6,1,24,-100,98,0,2,80,6,127,21,0,0,3023,195,0,7,0,982,146,0,14,0,495,0,0,8,0,272,0,0,0,0,162,303,0,19,0,0,6,4,2,0,0,2,2,0,0
6,13,0,37,6,2,0,1.005956,0.987727,0.98911,35,1,459,100,100,44,7,1,0,-74,98,24,2,80,10,40,24,0,0,3100,218,0,8,0,976,151,0,16,0,495,1,0,16,0,272,0,0,0,0,213,307,0,26,0,0,25,8,1,0,0,1,1,0,0
6,13,1,19,6,2,0,1.02321,0.966719,0.979028,17,0,334,5,0,44,7,1,-74,0,-100,-100,0,80,10,217,27,0,0,3100,1,0,9,0,976,316,0,18,0,495,1,0,4,0,272,0,0,0,0,213,312,0,15,0,0,3,2,1,0,0,1,1,0,0
6,13,2,41,6,2,0,1.001633,0.986543,1.005694,36,1,459,15,10,44,7,1,98,-100,0,98,2,80,10,182,39,0,0,3100,175,0,13,0,976,160,0,26,0,495,1,0,14,0,272,0,0,0,0,213,271,0,29,0,0,11,7,1,0,0,1,1,0,0
6,13,3,24,6,2,0,1.046459,1.005479,1.000968,21,0,334,100,100,44,7,1,24,-100,98,0,2,80,10,138,21,0,0,3100,164,0,7,0,976,151,0,14,0,495,0,0,12,0,272,0,0,0,0,213,307,0,21,0,0,11,6,1,0,0,1,1,0,0
6,14,0,29,1,16,0,1.002937,0.966505,0.986257,27,1,459,100,100,44,7,1,0,-74,98,26,2,80,8,44,24,0,0,3036,173,0,8,0,970,159,0,16,0,543,1,0,0,0,222,5,0,13,0,210,365,52,10,0,0,24,0,1,0,0,1,1,0,0
6,14,1,16,1,16,0,1.018731,0.960434,0.972745,15,0,334,10,5,44,7,1,-74,0,-100,-100,0,80,8,239,27,0,0,3036,1,0,9,0,970,316,0,18,0,543,0,0,2,0,222,4,0,4,0,210,323,16,13,0,0,3,1,1,0,0,1,1,0,0
6,14,2,39,1,16,0,1.004605,0.98359,1.006995,35,1,459,20,15,44,7,1,98,-100,0,98,2,80,8,196,36,0,0,3036,210,0,12,0,970,172,0,24,0,543,1,0,0,0,222,0,0,13,0,210,330,52,16,0,0,9,0,2,0,0,2,2,0,0
6,14,3,22,1,16,0,1.047918,1.005457,0.999889,20,0,334,100,100,44,7,1,26,-100,98,0,2,80,8,144,15,0,0,3036,183,0,5,0,970,156,0,10,0,543,0,0,0,0,222,0,0,11,0,210,327,44,7,0,0,10,0,1,0,0,1,1,0,0
6,15,0,29,6,10,0,1.004732,0.963562,0.988357,26,1,459,100,100,45,8,1,0,-74,98,26,2,80,18,52,21,0,0,3063,201,0,7,0,973,166,0,14,0,515,1,0,20,0,251,0,0,5,0,188,368,20,29,0,0,33,10,1,0,0,1,1,0,0
6,15,1,17,6,10,0,1.019592,0.970865,0.972776,15,0,334,5,0,45,8,1,-74,0,-100,-100,0,80,18,255,24,0,0,3063,2,0,8,0,973,318,0,16,0,515,0,0,0,0,251,0,0,4,0,188,326,16,8,0,0,3,0,0,0,0,0,0,0,0
6,15,2,36,6,10,0,1.013464,0.987396,1.007199,33,1,459,25,20,45,8,1,98,-100,0,96,2,80,18,209,36,0,0,3063,159,0,12,0,973,184,0,24,0,515,0,0,10,0,251,0,0,9,0,188,402,36,24,0,0,13,5,1,0,0,1,1,0,0
6,15,3,20,6,10,0,1.058594,1.004603,1.000876,18,0,334,100,100,45,8,1,26,-100,96,0,2,80,18,148,12,0,0,3063,205,0,4,0,973,160,0,8,0,515,0,0,0,0,251,2,0,10,0,188,328,40,6,0,0,9,0,1,0,0,1,1,0,0
6,16,0,28,3,3,0,1.006715,0.963393,0.986203,26,2,584,100,100,46,9,1,0,-74,98,26,2,80,13,65,24,0,0,3109,164,0,8,0,981,174,0,16,0,482,0,0,22,0,272,0,0,0,0,128,394,0,49,0,0,26,11,18,0,0,1,1,0,0
6,16,1,18,3,3,0,1.021027,0.96884,0.968613,15,0,334,5,0,46,9,1,-74,0,-100,-100,0,80,13,277,24,0,0,3109,12,0,8,0,981,318,0,16,0,482,0,0,10,0,272,0,0,0,0,128,314,0,20,0,0,7,5,1,0,0,1,1,0,0
6,16,2,36,3,3,0,1.013464,0.987396,1.007199,34,1,459,30,25,46,9,1,98,-100,0,94,2,80,13,229,36,0,0,3109,167,0,12,0,981,196,0,24,0,482,0,0,22,0,272,0,0,0,0,128,390,0,36,0,0,23,11,1,0,0,1,1,0,0
6,16,3,20,3,3,0,1.064649,1.003097,0.999552,18,0,334,100,100,46,9,1,26,-100,94,0,2,80,13,154,12,0,0,3109,181,0,4,0,981,164,0,8,0,482,1,0,8,0,272,0,0,2,0,128,324,8,12,0,0,13,4,0,0,0,0,0,0,0
6,17,0,28,4,5,0,1.00871,0.96109,0.981571,26,2,584,100,100,47,10,1,0,-74,98,26,2,80,14,78,24,0,0,3006,192,0,8,0,1034,167,0,16,0,493,0,0,20,0,272,0,0,0,0,296,364,0,30,0,0,35,10,1,0,0,1,1,0,0
6,17,1,17,4,5,0,1.025815,0.967182,0.967488,15,0,334,5,0,47,10,1,-74,0,-100,-100,0,80,14,291,21,0,0,3006,13,0,7,0,1034,309,0,14,0,493,1,0,4,0,272,0,0,0,0,296,304,0,13,0,0,8,2,1,0,0,1,1,0,0
6,17,2,36,4,5,0,1.011121,0.986467,1.009267,34,1,459,35,30,47,10,1,98,-100,0,94,2,80,14,247,36,0,0,3006,167,0,12,0,1034,199,0,24,0,493,0,0,18,0,272,0,0,0,0,296,358,0,32,0,0,31,9,1,0,0,1,1,0,0
6,17,3,20,4,5,0,1.059746,0.98834,0.99281,16,0,334,100,100,47,10,1,26,-100,94,0,2,80,14,165,15,0,0,3006,204,0,5,0,1034,160,0,10,0,493,1,0,8,0,272,0,0,0,0,296,309,0,15,0,0,16,4,1,0,0,1,1,0,0
6,18,0,24,1,21,1,1.015886,0.958876,0.976124,22,2,584,100,100,54,11,1,0,-86,98,26,2,80,15,84,21,0,0,3074,205,0,7,0,980,174,0,14,0,527,1,0,6,0,261,0,0,3,0,199,370,12,15,0,0,37,3,1,0,0,1,1,0,0
6,18,1,14,1,21,1,1.03397,0.979628,0.975984,13,0,334,5,0,54,11,1,-86,0,-100,-100,0,80,15,304,18,0,0,3074,4,0,6,0,980,315,0,12,0,527,1,0,2,0,261,0,0,0,0,199,313,0,10,0,0,8,1,1,0,0,1,1,0,0
6,18,2,34,1,21,1,1.013635,0.987486,1.012226,33,1,459,5,0,54,11,1,98,-100,0,98,2,80,15,257,30,0,0,3074,177,0,10,0,980,212,0,20,0,527,1,0,6,0,261,0,0,3,0,199,358,12,18,0,0,33,3,1,0,0,1,1,0,0
6,18,3,9,1,21,1,1.058411,0.983522,0.982298,7,0,334,100,100,54,11,1,26,-100,98,0,2,80,15,162,9,0,0,3074,181,0,3,0,980,163,0,6,0,527,0,0,2,0,261,0,0,2,0,199,319,8,7,0,0,16,1,1,0,0,1,1,0,0
6,19,0,25,1,3,0,1.020955,0.962362,0.975295,23,2,584,100,100,55,12,1,0,-86,98,26,2,80,17,97,21,0,0,3124,174,0,7,0,1006,181,0,14,0,506,1,0,18,0,272,0,0,0,0,203,393,0,27,0,0,45,9,1,0,0,1,1,0,0
6,19,1,14,1,3,0,1.03397,0.979628,0.975984,14,0,334,5,0,55,12,1,-86,0,-100,-100,0,80,17,324,18,0,0,3124,4,0,6,0,1006,322,0,12,0,506,0,0,6,0,272,0,0,0,0,203,319,0,12,0,0,11,3,0,0,0,0,0,0,0
6,19,2,34,1,3,0,1.013635,0.987486,1.012226,34,1,459,10,5,55,12,1,98,-100,0,96,2,80,17,272,30,0,0,3124,189,0,10,0,1006,225,0,20,0,506,1,0,12,0,272,0,0,0,0,203,357,0,22,0,0,39,6,0,0,0,0,0,0,0
6,19,3,6,1,3,0,1.05794,0.980701,0.968746,5,0,334,100,100,55,12,1,26,-100,96,0,2,80,17,167,6,0,0,3124,170,0,2,0,1006,165,0,4,0,506,1,0,2,0,272,0,0,0,0,203,319,0,6,0,0,16,1,1,0,0,1,1,0,0
6,20,0,27,5,3,0,1.025826,0.962332,0.978753,24,2,584,100,100,56,13,1,0,-86,98,24,2,80,21,114,24,0,0,3076,189,0,8,0,1003,189,0,16,0,509,1,0,18,0,272,0,0,0,0,244,374,0,28,0,0,53,9,1,0,0,1,1,0,0
6,20,1,15,5,3,0,1.030027,0.978842,0.9834,13,0,334,5,0,56,13,1,-86,0,-100,-100,0,80,21,322,0,0,0,3076,0,0,0,0,1003,334,0,0,0,509,1,0,4,0,272,0,0,0,0,244,330,0,4,0,0,13,2,0,0,0,0,0,0,0
6,20,2,35,5,3,0,1.011976,0.987738,1.013745,34,1,459,15,10,56,13,1,98,-100,0,94,2,80,21,285,30,0,0,3076,201,0,10,0,1003,238,0,20,0,509,1,0,12,0,272,0,0,0,0,244,356,0,22,0,0,45,6,0,0,0,0,0,0,0
6,20,3,4,5,3,0,1.079199,0.96877,0.961435,4,0,334,100,100,56,13,1,24,-100,94,0,2,80,21,175,6,0,0,3076,162,0,2,0,1003,167,0,4,0,509,1,0,0,0,272,0,0,0,0,244,323,0,2,0,0,16,0,0,0,0,0,0,0,0
6,21,0,28,5,2,0,1.032005,0.965868,0.981067,25,2,584,100,100,57,14,1,0,-86,98,22,2,80,22,134,27,0,0,3073,201,0,9,0,1001,198,0,18,0,543,1,0,0,0,225,9,0,10,0,235,412,40,11,0,0,52,0,1,0,0,1,1,0,0
6,21,1,17,5,2,0,1.032347,0.976006,0.980442,13,0,334,5,0,57,14,1,-86,0,-100,-100,0,80,22,317,0,0,0,3073,0,0,0,0,1001,334,0,0,0,543,0,0,2,0,225,0,0,5,0,235,332,20,4,0,0,13,1,1,0,0,1,1,0,0
6,21,2,37,5,2,0,1.015608,0.989301,1.015319,34,2,584,20,15,57,14,1,98,-100,0,92,2,80,22,300,30,0,0,3073,220,0,10,0,1001,251,0,20,0,543,1,0,0,0,225,6,0,17,0,235,416,68,29,0,0,27,0,18,0,0,1,1,0,0
6,21,3,2,5,2,0,1.050036,0.977566,0.917994,2,0,334,100,100,57,14,1,22,-100,92,0,2,80,22,175,0,0,0,3073,158,0,0,0,1001,167,0,0,0,543,1,0,0,0,225,0,0,0,0,235,329,0,0,0,0,16,0,0,0,0,0,0,0,0
6,22,0,26,4,14,0,1.034791,0.972759,0.986636,24,2,584,100,100,58,15,1,0,-86,98,20,1,80,24,139,18,0,0,3174,167,0,6,0,1001,204,0,12,0,491,0,0,22,0,268,0,0,9,0,174,468,36,30,0,0,62,11,1,0,0,1,1,0,0
6,22,1,18,4,14,0,1.0277,0.978848,0.984382,14,0,334,5,0,58,15,1,-86,0,-100,-100,0,80,24,334,21,0,0,3174,2,0,7,0,1001,320,0,14,0,491,1,0,4,0,268,0,0,4,0,174,323,16,15,0,0,13,2,2,0,0,2,2,0,0
6,22,2,30,4,14,0,1.013158,0.978331,1.015567,27,2,584,25,20,58,15,1,98,-100,0,90,1,80,24,308,30,0,0,3174,173,0,10,0,1001,264,0,20,0,491,0,0,22,0,268,0,0,6,0,174,436,24,34,0,0,37,11,1,0,0,1,1,0,0
6,22,3,0,4,14,0,0,0,0,0,0,334,100,100,58,15,1,20,-100,90,0,0,80,24,173,0,0,0,3174,156,0,0,0,1001,167,0,0,0,491,1,0,0,0,268,0,0,0,0,174,329,0,0,0,0,16,0,0,0,0,0,0,0,0
6,23,0,25,1,6,0,1.041209,0.968817,0.986633,24,2,584,100,100,58,15,1,0,-86,98,20,1,80,40,147,18,0,0,3054,191,0,6,0,1088,192,0,12,0,498,0,0,16,0,272,0,0,0,0,255,456,0,24,0,0,69,8,1,0,0,1,1,0,0
6,23,1,14,1,6,0,1.031448,0.969678,0.971953,12,0,334,10,5,58,15,1,-86,0,-100,-100,0,80,40,334,21,0,0,3054,3,0,7,0,1088,306,0,14,0,498,2,0,8,0,272,0,0,0,0,255,316,0,17,0,0,16,4,1,0,0,1,1,0,0
6,23,2,30,1,6,0,1.012986,0.978609,1.018655,27,2,584,30,25,58,15,1,98,-100,0,90,1,80,40,326,33,0,0,3054,196,0,11,0,1088,242,0,22,0,498,1,0,20,0,272,0,0,0,0,255,406,0,33,0,0,46,10,1,0,0,1,1,0,0
6,23,3,0,1,6,0,0,0,0,0,0,334,100,100,58,15,1,20,-100,90,0,0,80,40,173,0,0,0,3054,156,0,0,0,1088,167,0,0,0,498,1,0,0,0,272,0,0,0,0,255,329,0,0,0,0,16,0,0,0,0,0,0,0,0
6,24,0,25,5,6,0,1.03241,0.970794,0.985925,23,2,584,100,100,58,15,1,0,-86,100,20,1,80,23,154,15,0,0,3067,209,0,5,0,1046,188,0,10,0,493,0,0,20,0,272,0,0,0,0,269,443,0,25,0,0,79,10,0,0,0,0,0,0,0
6,24,1,15,5,6,0,1.033122,0.970805,0.973407,13,1,459,15,10,58,15,1,-86,0,-100,-100,0,80,23,334,21,0,0,3067,3,0,7,0,1046,307,0,14,0,493,4,0,8,0,272,0,0,0,0,269,295,0,34,0,0,2,4,18,0,0,1,1,0,0
6,24,2,28,5,6,0,1.02186,0.973279,1.022908,24,2,584,35,30,58,15,1,100,-100,0,90,1,80,23,341,27,0,0,3067,221,0,9,0,1046,239,0,18,0,493,2,0,20,0,272,0,0,0,0,269,381,0,31,0,0,55,10,1,0,0,1,1,0,0
6,24,3,0,5,6,0,0,0,0,0,0,334,100,100,58,15,1,20,-100,90,0,0,80,23,173,0,0,0,3067,156,0,0,0,1046,167,0,0,0,493,1,0,0,0,272,0,0,0,0,269,329,0,0,0,0,16,0,0,0,0,0,0,0,0
6,25,0,25,3,3,0,1.029303,0.96444,0.984816,22,3,709,100,100,58,15,1,0,-86,100,20,1,80,36,159,15,0,0,3178,179,0,5,0,1019,193,0,10,0,502,1,0,10,0,266,0,0,6,0,161,486,24,34,0,0,66,5,18,0,0,1,1,0,0
6,25,1,17,3,3,0,1.030032,0.97191,0.975747,14,1,459,20,15,58,15,1,-86,0,-100,-100,0,80,36,352,21,0,0,3178,3,0,7,0,1019,323,0,14,0,502,4,0,10,0,266,0,0,0,0,161,291,0,19,0,0,6,5,1,0,0,1,1,0,0
6,25,2,26,3,3,0,1.023824,0.969224,1.030106,23,2,584,40,35,58,15,1,100,-100,0,90,1,80,36,350,24,0,0,3178,185,0,8,0,1019,247,0,16,0,502,1,0,22,0,266,0,0,0,0,161,418,0,34,0,0,64,11,2,0,0,2,2,0,0
6,25,3,0,3,3,0,0,0,0,0,0,334,100,100,58,15,1,20,-100,90,0,0,80,36,173,0,0,0,3178,156,0,0,0,1019,167,0,0,0,502,1,0,0,0,266,0,0,0,0,161,329,0,0,0,0,16,0,0,0,0,0,0,0,0
6,26,0,25,3,2,0,1.026906,0.96613,0.988883,22,3,709,100,100,58,15,1,0,-86,100,20,1,80,23,165,15,0,0,3048,205,0,5,0,1017,198,0,10,0,534,0,0,4,0,259,0,0,8,0,267,519,32,11,0,0,67,2,1,0,0,1,1,0,0
6,26,1,18,3,2,0,1.034137,0.966285,0.97633,15,1,459,25,20,58,15,1,-86,0,-100,-100,0,80,23,374,24,0,0,3048,2,0,8,0,1017,342,0,16,0,534,1,0,4,0,259,0,0,2,0,267,300,8,14,0,0,7,2,1,0,0,1,1,0,0
6,26,2,26,3,2,0,1.030863,0.969679,1.02862,24,2,584,45,40,58,15,1,100,-100,0,90,1,80,23,362,24,0,0,3048,223,0,8,0,1017,252,0,16,0,534,1,0,6,0,259,0,0,3,0,267,420,12,16,0,0,66,3,1,0,0,1,1,0,0
6,26,3,0,3,2,0,0,0,0,0,0,334,100,100,58,15,1,20,-100,90,0,0,80,23,173,0,0,0,3048,156,0,0,0,1017,167,0,0,0,534,1,0,0,0,259,0,0,0,0,267,329,0,0,0,0,16,0,0,0,0,0,0,0,0
6,27,0,24,2,3,0,1.022092,0.965664,0.987234,22,3,709,100,100,58,15,1,0,-86,100,20,1,80,33,173,18,0,0,3174,174,0,6,0,1009,204,0,12,0,512,0,0,12,0,263,0,0,3,0,180,558,12,20,0,0,72,6,1,0,0,1,1,0,0
6,27,1,19,2,3,0,1.047385,0.961461,0.974138,15,1,459,30,25,58,15,1,-86,0,-100,-100,0,80,33,395,27,0,0,3174,1,0,9,0,1009,364,0,18,0,512,4,0,8,0,263,0,0,3,0,180,308,12,19,0,0,10,4,1,0,0,1,1,0,0
6,27,2,25,2,3,0,1.030022,0.969261,1.030913,24,2,584,50,45,58,15,1,100,-100,0,90,1,80,33,373,21,0,0,3174,190,0,7,0,1009,259,0,14,0,512,0,0,10,0,263,0,0,3,0,180,463,12,19,0,0,70,5,1,0,0,1,1,0,0
6,27,3,0,2,3,0,0,0,0,0,0,334,100,100,58,15,1,20,-100,90,0,0,80,33,173,0,0,0,3174,156,0,0,0,1009,167,0,0,0,512,1,0,0,0,263,0,0,0,0,180,329,0,0,0,0,16,0,0,0,0,0,0,0,0
6,28,0,22,1,8,0,1.026303,0.963796,0.992446,21,3,709,100,100,58,15,1,0,-86,100,20,1,80,34,179,15,0,0,3051,193,0,5,0,1007,209,0,10,0,524,1,0,6,0,256,0,0,8,0,271,586,32,13,0,0,74,3,1,0,0,1,1,0,0
6,28,1,18,1,8,0,1.047136,0.960424,0.974295,15,1,459,35,30,58,15,1,-86,0,-100,-100,0,80,34,418,27,0,0,3051,10,0,9,0,1007,386,0,18,0,524,1,0,10,0,256,0,0,2,0,271,304,8,23,0,0,13,5,2,0,0,2,2,0,0
6,28,2,21,1,8,0,1.027302,0.975245,1.036609,20,2,584,55,50,58,15,1,100,-100,0,90,1,80,34,373,12,0,0,3051,217,0,4,0,1007,263,0,8,0,524,0,0,6,0,256,0,0,6,0,271,486,24,10,0,0,73,3,0,0,0,0,0,0,0
6,28,3,0,1,8,0,0,0,0,0,0,334,100,100,58,15,1,20,-100,90,0,0,80,34,173,0,0,0,3051,156,0,0,0,1007,167,0,0,0,524,1,0,0,0,256,0,0,0,0,271,329,0,0,0,0,16,0,0,0,0,0,0,0,0
6,29,0,23,5,4,0,1.025952,0.963735,0.990211,22,4,834,100,100,60,15,1,0,-90,100,20,1,80,27,192,15,0,0,3172,166,0,5,0,1021,214,0,10,0,500,1,0,18,0,272,0,0,0,0,186,595,0,40,0,0,66,9,17,0,0,0,0,0,0
6,29,1,18,5,4,0,1.051164,0.953711,0.973566,15,2,584,40,35,60,15,1,-90,0,-100,-100,0,80,27,439,24,0,0,3172,12,0,8,0,1021,405,0,16,0,500,2,0,10,0,272,0,0,0,0,186,282,0,37,0,0,0,5,18,0,0,1,1,0,0
6,29,2,21,5,4,0,1.039042,0.972444,1.042956,18,3,709,31.925355,26.925355,60,15,1,100,-100,0,100,1,80,27,376,9,0,0,3172,193,0,3,0,1021,266,0,6,0,500,1,0,14,0,272,0,0,0,0,186,500,0,36,0,0,62,7,18,0,0,1,1,0,0
6,29,3,0,5,4,0,0,0,0,0,0,334,100,100,60,15,1,20,-100,100,0,0,80,27,173,0,0,0,3172,156,0,0,0,1021,167,0,0,0,500,1,0,0,0,272,0,0,0,0,186,329,0,0,0,0,16,0,0,0,0,0,0,0,0
6,30,0,22,0,7,0,1.0255,0.964462,0.990605,21,4,834,100,100,64,15,1,0,-98,100,20,1,80,34,202,18,0,0,3144,177,0,6,0,1023,220,0,12,0,502,3,0,18,0,272,0,0,0,0,238,577,0,26,0,0,74,9,1,0,0,1,1,0,0
6,30,1,13,0,7,0,1.048243,0.961352,0.973351,13,2,584,45,40,64,15,1,-98,0,-100,-100,0,80,34,451,21,0,0,3144,3,0,7,0,1023,421,0,14,0,502,1,0,4,0,272,0,0,0,0,238,281,0,11,0,0,2,2,0,0,0,0,0,0,0
6,30,2,20,0,7,0,1.037929,0.974724,1.040417,18,3,709,5,0,64,15,1,100,-100,0,100,1,80,34,378,12,0,0,3144,168,0,4,0,1023,270,0,8,0,502,0,0,18,0,272,0,0,0,0,238,510,0,24,0,0,70,9,1,0,0,1,1,0,0
6,30,3,0,0,7,0,0,0,0,0,0,334,100,100,64,15,1,20,-100,100,0,0,80,34,173,0,0,0,3144,156,0,0,0,1023,167,0,0,0,502,1,0,0,0,272,0,0,0,0,238,329,0,0,0,0,16,0,0,0,0,0,0,0,0
6,31,0,20,2,7,0,1.019077,0.963147,0.988871,19,4,834,100,100,64,15,1,0,-98,100,20,1,80,26,217,18,0,0,3092,181,0,6,0,1028,226,0,12,0,529,0,0,12,0,243,6,0,6,0,296,584,24,18,0,0,80,6,0,0,0,0,0,0,0
6,31,1,11,2,7,0,1.047744,0.961506,0.97836,11,2,584,50,45,64,15,1,-98,0,-100,-100,0,80,26,472,21,0,0,3092,3,0,7,0,1028,437,0,14,0,529,1,0,0,0,243,3,0,2,0,296,282,8,7,0,0,2,0,0,0,0,0,0,0,0
6,31,2,19,2,7,0,1.040059,0.97383,1.03819,17,3,709,10,5,64,15,1,100,-100,0,100,1,80,26,389,12,0,0,3092,192,0,4,0,1028,274,0,8,0,529,0,0,6,0,243,4,0,8,0,296,533,32,12,0,0,72,3,1,0,0,1,1,0,0
6,31,3,0,2,7,0,0,0,0,0,0,334,100,100,64,15,1,20,-100,100,0,0,80,26,173,0,0,0,3092,156,0,0,0,1028,167,0,0,0,529,1,0,0,0,243,0,0,0,0,296,329,0,0,0,0,16,0,0,0,0,0,0,0,0
6,32,0,19,3,4,0,1.01423,0.968754,0.987489,16,4,834,100,100,64,15,1,0,-98,100,20,1,80,25,231,15,0,0,3158,180,0,5,0,1028,231,0,10,0,500,8,0,10,0,272,1,0,5,0,251,590,20,17,0,0,84,5,1,0,0,1,1,0,0
6,32,1,12,3,4,0,1.038923,0.966224,0.977898,11,2,584,55,50,64,15,1,-98,0,-100,-100,0,80,25,498,21,0,0,3158,3,0,7,0,1028,453,0,14,0,500,2,0,4,0,272,1,0,2,0,251,279,8,11,0,0,4,2,0,0,0,0,0,0,0
6,32,2,18,3,4,0,1.040953,0.974663,1.038139,17,3,709,15,10,64,15,1,100,-100,0,100,1,80,25,396,12,0,0,3158,169,0,4,0,1028,278,0,8,0,500,4,0,14,0,272,0,0,4,0,251,575,16,20,0,0,78,7,1,0,0,1,1,0,0
6,32,3,0,3,4,0,0,0,0,0,0,334,100,100,64,15,1,20,-100,100,0,0,80,25,173,0,0,0,3158,156,0,0,0,1028,167,0,0,0,500,1,0,0,0,272,0,0,0,0,251,329,0,0,0,0,16,0,0,0,0,0,0,0,0
6,33,0,18,1,3,0,1.017325,0.964542,0.982453,15,4,834,100,100,64,15,1,0,-98,100,20,1,80,35,244,15,0,0,3117,180,0,5,0,1034,236,0,10,0,531,5,0,12,0,253,0,0,6,0,285,601,24,19,0,0,89,6,1,0,0,1,1,0,0
6,33,1,12,1,3,0,1.038923,0.966224,0.977898,11,2,584,60,55,64,15,1,-98,0,-100,-100,0,80,35,518,21,0,0,3117,3,0,7,0,1034,469,0,14,0,531,0,0,4,0,253,0,0,1,0,285,270,4,13,0,0,5,2,1,0,0,1,1,0,0
6,33,2,17,1,3,0,1.044529,0.976188,1.043564,17,3,709,20,15,64,15,1,100,-100,0,100,1,80,35,405,12,0,0,3117,187,0,4,0,1034,279,0,8,0,531,0,0,6,0,253,7,0,7,0,285,599,28,10,0,0,81,3,0,0,0,0,0,0,0
6,33,3,0,1,3,0,0,0,0,0,0,334,100,100,64,15,1,20,-100,100,0,0,80,35,173,0,0,0,3117,156,0,0,0,1034,167,0,0,0,531,1,0,0,0,253,0,0,0,0,285,329,0,0,0,0,16,0,0,0,0,0,0,0,0
6,34,0,17,1,4,0,1.02349,0.962305,0.985956,15,4,834,100,100,64,15,1,0,-98,100,20,1,80,35,260,18,0,0,3157,180,0,6,0,1034,242,0,12,0,529,0,0,10,0,266,0,0,6,0,300,607,24,18,0,0,93,5,1,0,0,1,1,0,0
6,34,1,13,1,4,0,1.040188,0.966232,0.974986,12,2,584,65,60,64,15,1,-98,0,-100,-100,0,80,35,538,21,0,0,3157,3,0,7,0,1034,485,0,14,0,529,0,0,2,0,266,0,0,0,0,300,261,0,9,0,0,6,1,0,0,0,0,0,0,0
6,34,2,14,1,4,0,1.045048,0.978547,1.034857,14,4,834,25,20,64,15,1,100,-100,0,100,1,80,35,403,6,0,0,3157,168,0,2,0,1034,281,0,4,0,529,0,0,6,0,266,0,0,7,0,300,602,28,25,0,0,67,3,17,0,0,0,0,0,0
6,34,3,0,1,4,0,0,0,0,0,0,334,100,100,64,15,1,20,-100,100,0,0,80,35,173,0,0,0,3157,156,0,0,0,1034,167,0,0,0,529,1,0,0,0,266,0,0,0,0,300,329,0,0,0,0,16,0,0,0,0,0,0,0,0
6,35,0,17,4,4,0,1.013711,0.970302,0.98272,14,4,834,100,100,64,15,1,0,-98,100,20,1,80,37,279,18,0,0,3124,173,0,6,0,1034,248,0,12,0,543,0,0,0,0,253,2,0,5,0,287,625,20,8,0,0,92,0,1,0,0,1,1,0,0
6,35,1,15,4,4,0,1.047551,0.966862,0.970618,12,2,584,70,65,64,15,1,-98,0,-100,-100,0,80,37,558,21,0,0,3124,3,0,7,0,1034,501,0,14,0,543,0,0,0,0,253,2,0,2,0,287,261,8,9,0,0,5,0,1,0,0,1,1,0,0
6,35,2,12,4,4,0,1.038821,0.966029,1.042904,12,4,834,30,25,64,15,1,100,-100,0,100,1,80,37,408,6,0,0,3124,184,0,2,0,1034,283,0,4,0,543,1,0,0,0,253,2,0,6,0,287,630,24,2,0,0,67,0,0,0,0,0,0,0,0
6,35,3,0,4,4,0,0,0,0,0,0,334,100,100,64,15,1,20,-100,100,0,0,80,37,173,0,0,0,3124,156,0,0,0,1034,167,0,0,0,543,1,0,0,0,253,0,0,0,0,287,329,0,0,0,0,16,0,0,0,0,0,0,0,0
6,36,0,16,2,5,0,1.01242,0.976815,0.986866,13,4,834,100,100,64,15,1,0,-98,100,20,1,80,39,291,12,0,0,3154,176,0,4,0,1037,252,0,8,0,504,0,0,12,0,272,0,0,2,0,298,615,8,18,0,0,97,6,1,0,0,1,1,0,0
6,36,1,14,2,5,0,1.044863,0.964898,0.966515,12,2,584,75,70,64,15,1,-98,0,-100,-100,0,80,39,575,18,0,0,3154,4,0,6,0,1037,514,0,12,0,504,10,0,6,0,272,0,0,2,0,298,257,8,14,0,0,7,3,1,0,0,1,1,0,0
6,36,2,11,2,5,0,1.050226,0.967279,1.035663,11,4,834,35,30,64,15,1,100,-100,0,100,1,80,39,412,6,0,0,3154,170,0,2,0,1037,285,0,4,0,504,3,0,10,0,272,0,0,2,0,298,626,8,12,0,0,72,5,0,0,0,0,0,0,0
6,36,3,0,2,5,0,0,0,0,0,0,334,100,100,64,15,1,20,-100,100,0,0,80,39,173,0,0,0,3154,156,0,0,0,1037,167,0,0,0,504,1,0,0,0,272,0,0,0,0,298,329,0,0,0,0,16,0,0,0,0,0,0,0,0
6,37,0,17,2,5,0,1.019994,0.989627,0.989517,13,4,834,100,100,64,15,1,0,-98,100,20,1,80,27,309,12,0,0,3140,180,0,4,0,1045,256,0,8,0,506,1,0,8,0,272,0,0,0,0,277,613,0,14,0,0,100,4,1,0,0,1,1,0,0
6,37,1,12,2,5,0,1.038236,0.970353,0.96517,11,2,584,80,75,64,15,1,-98,0,-100,-100,0,80,27,584,12,0,0,3140,6,0,4,0,1045,521,0,8,0,506,24,0,6,0,272,0,0,0,0,277,250,0,12,0,0,9,3,1,0,0,1,1,0,0
6,37,2,9,2,5,0,1.048008,0.962456,1.037245,9,4,834,40,35,64,15,1,100,-100,0,100,1,80,27,421,6,0,0,3140,173,0,2,0,1045,287,0,4,0,506,4,0,8,0,272,0,0,0,0,277,622,0,10,0,0,76,4,0,0,0,0,0,0,0
6,37,3,0,2,5,0,0,0,0,0,0,334,100,100,64,15,1,20,-100,100,0,0,80,27,173,0,0,0,3140,156,0,0,0,1045,167,0,0,0,506,1,0,0,0,272,0,0,0,0,277,329,0,0,0,0,16,0,0,0,0,0,0,0,0
6,38,0,16,1,4,0,1.027925,0.994588,0.987867,12,4,834,100,100,65,15,1,0,-100,100,20,1,80,53,314,12,0,0,3136,191,0,4,0,1058,260,0,8,0,544,1,0,0,0,242,0,0,6,0,287,635,24,8,0,0,98,0,2,0,0,2,2,0,0
6,38,1,11,1,4,0,1.041748,0.969703,0.954399,11,2,584,85,80,65,15,1,-100,0,-100,-100,0,80,53,584,12,0,0,3136,6,0,4,0,1058,528,0,8,0,544,18,0,6,0,242,12,0,3,0,287,259,12,10,0,0,12,3,0,0,0,0,0,0,0
6,38,2,8,1,4,0,1.063279,0.960924,1.039839,8,4,834,33.270067,28.270067,65,15,1,100,-100,0,100,1,80,53,424,6,0,0,3136,178,0,2,0,1058,286,0,4,0,544,0,0,4,0,242,2,0,4,0,287,632,16,6,0,0,78,2,0,0,0,0,0,0,0
6,38,3,0,1,4,0,0,0,0,0,0,334,100,100,65,15,1,20,-100,100,0,0,80,53,173,0,0,0,3136,156,0,0,0,1058,167,0,0,0,544,1,0,0,0,242,0,0,0,0,287,329,0,0,0,0,16,0,0,0,0,0,0,0,0
6,39,0,12,2,10,0,1.010919,0.986672,0.995287,10,4,834,100,100,65,15,1,0,-100,100,20,1,80,48,319,9,0,0,3185,172,0,3,0,1061,263,0,6,0,523,1,0,0,0,270,0,0,1,0,229,662,4,5,0,0,97,0,1,0,0,1,1,0,0
6,39,1,9,2,10,0,1.051329,0.964698,0.953948,9,2,584,90,85,65,15,1,-100,0,-100,-100,0,80,48,584,12,0,0,3185,6,0,4,0,1061,535,0,8,0,523,17,0,6,0,270,10,0,3,0,229,268,12,10,0,0,15,3,0,0,0,0,0,0,0
6,39,2,6,2,10,0,1.075559,0.971509,1.014607,5,4,834,38.270067,33.270067,65,15,1,100,-100,0,100,1,80,48,426,3,0,0,3185,169,0,1,0,1061,287,0,2,0,523,1,0,2,0,270,0,0,2,0,229,656,8,3,0,0,79,1,0,0,0,0,0,0,0
6,39,3,0,2,10,0,0,0,0,0,0,334,100,100,65,15,1,20,-100,100,0,0,80,48,173,0,0,0,3185,156,0,0,0,1061,167,0,0,0,523,1,0,0,0,270,0,0,0,0,229,329,0,0,0,0,16,0,0,0,0,0,0,0,0
6,40,0,12,1,1,0,1.010919,0.986672,0.995287,11,4,834,100,100,65,15,1,0,-100,100,20,1,80,54,327,9,0,0,3171,173,0,3,0,1061,266,0,6,0,537,1,0,0,0,269,0,0,0,0,277,672,0,5,0,0,96,0,1,0,0,1,1,0,0
6,40,1,9,1,1,0,1.051329,0.964698,0.953948,9,3,709,95,90,65,15,1,-100,0,-100,-100,0,80,54,584,12,0,0,3171,6,0,4,0,1061,542,0,8,0,537,16,0,6,0,269,7,0,3,0,277,258,12,27,0,0,1,3,17,0,0,0,0,0,0
6,40,2,6,1,1,0,1.069956,0.983792,1.014954,4,4,834,43.270067,38.270067,65,15,1,100,-100,0,100,1,80,54,429,3,0,0,3171,162,0,1,0,1061,288,0,2,0,537,1,0,2,0,269,1,0,2,0,277,662,8,5,0,0,79,1,1,0,0,1,1,0,0
6,40,3,0,1,1,0,0,0,0,0,0,334,100,100,65,15,1,20,-100,100,0,0,80,54,173,0,0,0,3171,156,0,0,0,1061,167,0,0,0,537,1,0,0,0,269,0,0,0,0,277,329,0,0,0,0,16,0,0,0,0,0,0,0,0
0,1,0,48,2,11,0,1.002362,0.997946,0.996489,0,0,334,100,100,8,0,0,0,-32,14,26,1,80,8,49,39,0,0,2792,184,0,13,0,911,63,0,26,0,451,14,0,44,0,272,3,0,22,0,138,116,88,75,0,0,13,22,9,0,0,9,9,0,0
0,1,1,44,2,11,0,1.000132,1.000396,0.996086,0,0,334,100,100,8,0,0,-32,0,-40,-48,0,80,8,42,30,0,0,2792,217,0,10,0,911,75,0,20,0,451,5,0,46,0,272,2,0,23,0,138,139,92,74,0,0,14,23,9,0,0,9,9,0,0
0,1,2,51,2,11,0,0.999661,0.993554,0.993893,0,0,334,91.519055,86.519055,8,0,0,14,-40,0,36,1,80,8,57,39,0,0,2792,200,0,13,0,911,63,0,26,0,451,12,0,48,0,272,1,0,24,0,138,120,96,79,0,0,15,24,9,0,0,9,9,0,0
0,1,3,48,2,11,0,1.000165,0.995405,0.997093,0,0,334,82.290073,77.290073,8,0,0,26,-48,36,0,2,80,8,56,39,0,0,2792,192,0,13,0,911,63,0,26,0,451,8,0,46,0,272,2,0,23,0,138,118,92,77,0,0,14,23,9,0,0,9,9,0,0
0,2,0,44,1,18,1,1.000414,1.000269,0.996181,7,0,334,100,100,10,0,1,0,-38,10,38,1,80,5,51,30,0,0,2936,214,0,10,0,1035,52,0,20,0,439,0,0,38,0,272,0,0,3,0,145,90,12,66,0,0,23,19,9,0,0,9,9,0,0
0,2,1,38,1,18,1,1.000014,1.003734,0.993411,7,0,334,100,100,10,0,1,-38,0,-41,-60,0,80,5,31,21,0,0,2936,166,0,7,0,1035,71,0,14,0,439,0,0,32,0,272,0,0,2,0,145,142,8,57,0,0,21,16,9,0,0,9,9,0,0
0,2,2,48,1,18,1,0.997894,0.996609,0.99612,8,0,334,96.519055,91.519055,10,0,1,10,-41,0,50,1,80,5,63,36,0,0,2936,225,0,12,0,1035,47,0,24,0,439,4,0,44,0,272,0,0,1,0,145,80,4,74,0,0,28,22,9,0,0,9,9,0,0
0,2,3,44,1,18,1,0.996136,0.991032,0.993983,7,0,334,71.890853,66.890853,10,0,1,38,-60,50,0,2,80,5,56,33,0,0,2936,221,0,11,0,1035,58,0,22,0,439,0,0,26,0,272,0,0,2,0,145,105,8,55,0,0,18,13,9,0,0,9,9,0,0
0,3,0,43,3,9,0,1.000464,0.999555,0.997851,15,0,334,100,100,14,0,1,0,-44,10,58,1,80,3,54,30,0,0,3131,160,0,10,0,964,62,0,20,0,493,1,0,12,0,247,0,0,10,0,192,118,40,40,0,0,20,6,9,0,0,9,9,0,0
0,3,1,36,3,9,0,1.001581,0.998668,0.996645,15,0,334,97.310025,92.310025,14,0,1,-44,0,-53,-78,0,80,3,26,18,0,0,3131,191,0,6,0,964,84,0,12,0,493,0,0,6,0,247,0,0,2,0,192,145,8,30,0,0,15,3,9,0,0,9,9,0,0
0,3,2,46,3,9,0,0.999551,1.002069,1.002527,16,0,334,100,96.519055,14,0,1,10,-53,0,68,1,80,3,66,33,0,0,3131,166,0,11,0,964,58,0,22,0,493,1,0,22,0,247,0,0,4,0,192,72,16,51,0,0,30,11,9,0,0,9,9,0,0
0,3,3,43,3,9,0,0.99319,0.990374,0.996813,14,0,334,53.315161,48.315161,14,0,1,58,-78,68,0,2,80,3,64,33,0,0,3131,166,0,11,0,964,69,0,22,0,493,1,0,12,0,247,0,0,6,0,192,116,24,41,0,0,15,6,9,0,0,9,9,0,0
0,4,0,43,4,16,0,0.997789,0.999676,1.003161,22,0,334,100,100,21,0,1,0,-58,30,84,2,80,0,55,27,0,0,2903,188,0,9,0,970,71,0,18,0,469,0,0,20,0,268,0,0,1,0,178,102,4,47,0,0,21,10,9,0,0,9,9,0,0
0,4,1,29,4,16,0,1.009253,1.006099,0.998021,22,0,334,100,97.310025,21,0,1,-58,0,-79,-100,0,80,0,30,18,0,0,2903,206,0,6,0,970,97,0,12,0,469,0,0,8,0,268,0,0,1,0,178,162,4,22,0,0,15,4,4,0,0,4,4,0,0
0,4,2,44,4,16,0,1.00094,1.002516,0.999834,24,0,334,83.199541,78.199541,21,0,1,30,-79,0,100,2,80,0,64,27,0,0,2903,191,0,9,0,970,67,0,18,0,469,1,0,26,0,268,0,0,1,0,178,50,4,53,0,0,34,13,9,0,0,9,9,0,0
0,4,3,40,4,16,0,0.989883,0.98715,0.988224,20,0,334,15.815368,10.815368,21,0,1,84,-100,100,0,2,80,0,69,33,0,0,2903,192,0,11,0,970,80,0,22,0,469,0,0,18,0,268,0,0,1,0,178,100,4,47,0,0,15,9,9,0,0,9,9,0,0
0,5,0,42,2,11,0,0.996477,1.000591,1.004133,30,0,334,100,100,24,1,1,0,-62,42,84,2,80,15,57,27,0,0,2952,216,0,9,0,979,80,0,18,0,530,0,0,4,0,247,0,0,9,0,125,143,36,25,0,0,17,2,6,0,0,6,6,0,0
0,5,1,27,2,11,0,1.00894,1.003949,0.999331,24,0,334,92.442193,87.442193,24,1,1,-62,0,-97,-100,0,80,15,28,18,0,0,2952,171,0,6,0,979,110,0,12,0,530,1,0,0,0,247,0,0,1,0,125,241,4,10,0,0,13,0,2,0,0,2,2,0,0
0,5,2,42,2,11,0,0.999006,1.000329,0.997447,30,0,334,71.638748,66.638748,24,1,1,42,-97,0,100,2,80,15,62,24,0,0,2952,227,0,8,0,979,75,0,16,0,530,1,0,4,0,247,0,0,10,0,125,86,40,22,0,0,31,2,5,0,0,5,5,0,0
0,5,3,36,2,11,0,0.985768,0.991305,0.986242,27,0,334,20.815368,15.815368,24,1,1,84,-100,100,0,2,80,15,77,33,0,0,2952,213,0,11,0,979,91,0,22,0,530,1,0,4,0,247,0,0,2,0,125,116,8,25,0,0,12,2,5,0,0,5,5,0,0
0,6,0,40,3,7,0,0.994255,1.002389,1.001375,34,0,334,100,100,27,2,1,0,-66,42,96,2,80,6,60,27,0,0,3150,165,0,9,0,979,89,0,18,0,525,0,0,6,0,229,2,0,19,0,105,247,76,21,0,0,17,3,3,0,0,3,3,0,0
0,6,1,27,3,7,0,1.01114,1.001957,0.997692,25,0,334,87.530669,82.530669,27,2,1,-66,0,-100,-100,0,80,6,32,18,0,0,3150,193,0,6,0,979,123,0,12,0,525,0,0,2,0,229,0,0,0,0,105,274,0,10,0,0,13,1,1,0,0,1,1,0,0
0,6,2,40,3,7,0,0.996987,0.999385,0.999906,33,0,334,76.638748,71.638748,27,2,1,42,-100,0,100,2,80,6,60,24,0,0,3150,177,0,8,0,979,83,0,16,0,525,1,0,8,0,229,0,0,16,0,105,179,64,24,0,0,31,4,4,0,0,4,4,0,0
0,6,3,36,3,7,0,0.978607,0.988603,0.987908,30,0,334,5,0,27,2,1,96,-100,100,0,2,80,6,93,33,0,0,3150,161,0,11,0,979,102,0,22,0,525,1,0,4,0,229,0,0,6,0,105,171,24,19,0,0,12,2,2,0,0,2,2,0,0
0,7,0,37,5,9,0,0.985699,0.998988,1.002104,33,0,334,100,100,32,2,1,0,-76,68,100,2,80,6,59,24,0,0,2920,189,0,8,0,980,97,0,16,0,530,1,0,10,0,208,0,0,8,0,277,261,32,22,0,0,20,5,2,0,0,2,2,0,0
0,7,1,26,5,9,0,1.005806,1.004825,0.994244,24,0,334,92.530669,87.530669,32,2,1,-76,0,-100,-100,0,80,6,41,21,0,0,2920,199,0,7,0,980,139,0,14,0,530,0,0,0,0,208,0,0,10,0,277,315,40,9,0,0,12,0,1,0,0,1,1,0,0
0,7,2,41,5,9,0,0.998682,0.998324,1.000198,36,0,334,51.522684,46.522684,32,2,1,68,-100,0,100,2,80,6,59,24,0,0,2920,225,0,8,0,980,91,0,16,0,530,0,0,4,0,208,15,0,18,0,277,238,72,16,0,0,31,2,2,0,0,2,2,0,0
0,7,3,35,5,9,0,0.982199,0.989106,0.984756,30,0,334,5,0,32,2,1,100,-100,100,0,2,80,6,108,30,0,0,2920,187,0,10,0,980,112,0,20,0,530,1,0,0,0,208,0,0,15,0,277,218,60,14,0,0,10,0,2,0,0,2,2,0,0
0,8,0,36,2,9,0,0.985366,1.000003,1.00151,34,0,334,100,100,35,4,1,0,-78,66,96,2,80,3,65,24,0,0,3064,216,0,8,0,978,105,0,16,0,501,1,0,14,0,272,0,0,0,0,120,250,0,24,0,0,26,7,1,0,0,1,1,0,0
0,8,1,26,2,9,0,1.006514,1.007624,0.987061,23,0,334,72.265553,67.265553,35,4,1,-78,0,-100,-100,0,80,3,52,24,0,0,3064,165,0,8,0,978,158,0,16,0,501,0,0,2,0,272,0,0,0,0,120,322,0,12,0,0,12,1,1,0,0,1,1,0,0
0,8,2,37,2,9,0,1.001073,0.99966,0.99886,34,1,459,56.522684,51.522684,35,4,1,66,-100,0,98,2,80,3,60,21,0,0,3064,177,0,7,0,978,95,0,14,0,501,0,0,18,0,272,0,0,15,0,120,306,60,46,0,0,21,9,19,0,0,2,2,0,0
0,8,3,33,2,9,0,0.98485,0.992641,0.980945,30,0,334,5,0,35,4,1,96,-100,98,0,2,80,3,117,30,0,0,3064,206,0,10,0,978,122,0,20,0,501,0,0,10,0,272,0,0,0,0,120,205,0,24,0,0,13,5,2,0,0,2,2,0,0
0,9,0,35,6,8,0,0.981744,1.001838,1.003192,33,1,459,100,100,39,5,1,0,-84,78,100,2,80,7,73,24,0,0,3099,172,0,8,0,971,113,0,16,0,544,1,0,0,0,209,6,0,17,0,69,307,68,27,0,0,8,0,18,0,0,1,1,0,0
0,9,1,24,6,8,0,1.006436,1.005865,0.984349,22,0,334,63.367289,58.367289,39,5,1,-84,0,-100,-100,0,80,7,70,30,0,0,3099,149,0,10,0,971,183,0,20,0,544,0,0,0,0,209,0,0,1,0,69,322,4,12,0,0,11,0,1,0,0,1,1,0,0
0,9,2,39,6,8,0,1.000742,0.999797,0.995044,35,2,584,45.385667,40.385667,39,5,1,78,-100,0,100,2,80,7,63,18,0,0,3099,215,0,6,0,971,101,0,12,0,544,0,0,0,0,209,12,0,17,0,69,374,68,25,0,0,3,0,18,0,0,1,1,0,0
0,9,3,32,6,8,0,0.979969,0.990836,0.978859,29,0,334,5,0,39,5,1,100,-100,100,0,2,80,7,131,30,0,0,3099,163,0,10,0,971,132,0,20,0,544,0,0,0,0,209,0,0,10,0,69,300,40,12,0,0,12,0,1,0,0,1,1,0,0
0,10,0,37,3,4,0,0.979347,1.004291,1.000225,34,1,459,100,100,41,6,1,0,-86,78,98,2,80,3,82,27,0,0,3080,184,0,9,0,974,119,0,18,0,500,0,0,16,0,238,0,0,15,0,128,367,60,27,0,0,15,8,1,0,0,1,1,0,0
0,10,1,24,3,4,0,1.006319,1.009511,0.982331,22,0,334,47.165761,42.165761,41,6,1,-86,0,-100,-100,0,80,3,91,30,0,0,3080,115,0,10,0,974,208,0,20,0,500,1,0,0,0,238,0,0,2,0,128,322,8,12,0,0,10,0,1,0,0,1,1,0,0
0,10,2,38,3,4,0,1.000823,1.00078,0.994295,35,2,584,50.385667,45.385667,41,6,1,78,-100,0,100,2,80,3,58,18,0,0,3080,170,0,6,0,974,107,0,12,0,500,0,0,24,0,238,9,0,18,0,128,486,72,34,0,0,13,12,2,0,0,2,2,0,0
0,10,3,30,3,4,0,0.981666,0.99241,0.976905,28,0,334,5,0,41,6,1,98,-100,100,0,2,80,3,147,27,0,0,3080,186,0,9,0,974,141,0,18,0,500,0,0,4,0,238,0,0,8,0,128,323,32,15,0,0,13,2,1,0,0,1,1,0,0
0,11,0,34,3,12,0,0.985961,1.005805,1.002634,31,2,584,100,100,42,7,1,0,-86,78,98,2,80,8,78,18,0,0,2992,197,0,6,0,998,119,0,12,0,490,0,0,18,0,259,0,0,6,0,185,378,24,43,0,0,6,9,18,0,0,1,1,0,0
0,11,1,22,3,12,0,1.002083,0.998682,0.979802,21,0,334,38.01021,33.01021,42,7,1,-86,0,-100,-100,0,80,8,102,27,0,0,2992,82,0,9,0,998,221,0,18,0,490,1,0,2,0,259,0,0,0,0,185,323,0,11,0,0,11,1,0,0,0,0,0,0,0
0,11,2,38,3,12,0,0.999926,0.999401,0.998406,36,3,709,55.385667,50.385667,42,7,1,78,-100,0,100,2,80,8,52,18,0,0,2992,214,0,6,0,998,107,0,12,0,490,0,0,28,0,259,0,0,9,0,185,487,36,53,0,0,9,14,18,0,0,1,1,0,0
0,11,3,26,3,12,0,0.976556,0.989651,0.982051,25,0,334,10,5,42,7,1,98,-100,100,0,2,80,8,161,27,0,0,2992,203,0,9,0,998,147,0,18,0,490,0,0,6,0,259,0,0,3,0,185,321,12,17,0,0,15,3,1,0,0,1,1,0,0
0,12,0,32,3,8,0,0.981449,1.008561,1.004633,29,2,584,100,100,43,8,1,0,-86,78,98,2,80,17,82,21,0,0,3144,212,0,7,0,988,126,0,14,0,475,1,0,22,0,272,0,0,0,0,88,371,0,31,0,0,16,11,1,0,0,1,1,0,0
0,12,1,22,3,8,0,1.002083,0.998682,0.979802,21,0,334,17.611885,12.611885,43,8,1,-86,0,-100,-100,0,80,17,117,27,0,0,3144,51,0,9,0,988,243,0,18,0,475,1,0,4,0,272,0,0,0,0,88,319,0,15,0,0,12,2,1,0,0,1,1,0,0
0,12,2,37,3,8,0,1.002395,0.997352,0.994736,35,3,709,60.385667,55.385667,43,8,1,78,-100,0,100,2,80,17,43,15,0,0,3144,171,0,5,0,988,112,0,10,0,475,1,0,32,0,272,0,0,0,0,88,523,0,39,0,0,24,16,1,0,0,1,1,0,0
0,12,3,24,3,8,0,0.977185,0.988923,0.975369,23,1,459,15,10,43,8,1,98,-100,100,0,2,80,17,175,24,0,0,3144,169,0,8,0,988,155,0,16,0,475,1,0,8,0,272,0,0,0,0,88,301,0,33,0,0,2,4,17,0,0,0,0,0,0
0,13,0,29,1,9,0,0.981613,1.012414,1.00309,27,2,584,100,100,44,9,1,0,-86,78,98,2,80,25,80,18,0,0,3080,174,0,6,0,982,132,0,12,0,517,0,0,12,0,272,0,0,0,0,143,426,0,20,0,0,21,6,1,0,0,1,1,0,0
0,13,1,19,1,9,0,1.006148,0.996841,0.979665,19,0,334,5,0,44,9,1,-86,0,-100,-100,0,80,25,127,21,0,0,3080,22,0,7,0,982,259,0,14,0,517,0,0,2,0,272,0,0,0,0,143,325,0,9,0,0,13,1,0,0,0,0,0,0,0
0,13,2,37,1,9,0,1.002395,0.997352,0.994736,36,3,709,65.385667,60.385667,44,9,1,78,-100,0,98,2,80,25,34,15,0,0,3080,217,0,5,0,982,117,0,10,0,517,1,0,12,0,272,0,0,0,0,143,525,0,19,0,0,29,6,1,0,0,1,1,0,0
0,13,3,22,1,9,0,0.995864,0.983305,0.972153,20,1,459,20,15,44,9,1,98,-100,98,0,2,80,25,192,24,0,0,3080,169,0,8,0,982,163,0,16,0,517,0,0,4,0,272,0,0,0,0,143,308,0,14,0,0,3,2,1,0,0,1,1,0,0
0,14,0,28,4,7,0,0.980247,1.011957,1.002253,27,2,584,100,100,46,10,1,0,-88,86,98,2,80,13,82,18,0,0,3120,187,0,6,0,1004,138,0,12,0,543,0,0,0,0,209,10,0,14,0,157,495,56,8,0,0,20,0,1,0,0,1,1,0,0
0,14,1,16,4,7,0,1.015936,1.005442,0.976905,16,0,334,5,0,46,10,1,-88,0,-100,-100,0,80,13,126,9,0,0,3120,0,0,3,0,1004,273,0,6,0,543,0,0,0,0,209,0,0,0,0,157,331,0,3,0,0,13,0,0,0,0,0,0,0,0
0,14,2,39,4,7,0,1.003921,0.997388,0.997423,37,4,834,63.463345,58.463345,46,10,1,86,-100,0,100,2,80,13,30,15,0,0,3120,175,0,5,0,1004,122,0,10,0,543,0,0,2,0,209,15,0,18,0,157,637,72,24,0,0,13,1,17,0,0,0,0,0,0
0,14,3,21,4,7,0,0.999995,0.97387,0.974925,18,1,459,25,20,46,10,1,98,-100,100,0,2,80,13,207,18,0,0,3120,173,0,6,0,1004,169,0,12,0,543,0,0,0,0,209,0,0,6,0,157,345,24,8,0,0,2,0,1,0,0,1,1,0,0
0,15,0,26,3,6,0,0.989786,1.007872,0.999728,26,3,709,100,100,47,11,1,0,-88,88,98,2,80,8,80,15,0,0,3024,194,0,5,0,1014,143,0,10,0,523,1,0,8,0,264,0,0,10,0,244,517,40,30,0,0,7,4,17,0,0,0,0,0,0
0,15,1,18,3,6,0,1.012424,1.005869,0.974058,16,0,334,5,0,47,11,1,-88,0,-100,-100,0,80,8,125,0,0,0,3024,0,0,0,0,1014,293,0,0,0,523,0,0,0,0,264,0,0,2,0,244,334,8,0,0,0,13,0,0,0,0,0,0,0,0
0,15,2,38,3,6,0,1.001655,0.997101,0.997906,36,4,834,68.463345,63.463345,47,11,1,88,-100,0,100,2,80,8,30,18,0,0,3024,218,0,6,0,1014,128,0,12,0,523,0,0,12,0,264,0,0,15,0,244,692,60,20,0,0,18,6,1,0,0,1,1,0,0
0,15,3,19,3,6,0,0.995039,0.973665,0.971891,16,1,459,30,25,47,11,1,98,-100,100,0,2,80,8,221,18,0,0,3024,170,0,6,0,1014,175,0,12,0,523,0,0,0,0,264,0,0,6,0,244,370,24,8,0,0,1,0,1,0,0,1,1,0,0
0,16,0,24,0,7,0,0.986575,1.009872,1.000594,24,3,709,100,100,48,12,1,0,-88,90,98,2,80,34,72,12,0,0,3156,164,0,4,0,1088,135,0,8,0,479,0,0,22,0,269,0,0,0,0,89,544,0,26,0,0,18,11,0,0,0,0,0,0,0
0,16,1,17,0,7,0,1.008565,1.008882,0.977104,15,0,334,5,0,48,12,1,-88,0,-100,-100,0,80,34,129,15,0,0,3156,5,0,5,0,1088,283,0,10,0,479,1,0,4,0,269,0,0,0,0,89,323,0,11,0,0,14,2,1,0,0,1,1,0,0
0,16,2,36,0,7,0,1.004407,0.995185,0.996044,35,5,959,73.463345,68.463345,48,12,1,90,-100,0,100,2,80,34,31,18,0,0,3156,174,0,6,0,1088,116,0,12,0,479,3,0,30,0,269,0,0,1,0,89,724,4,55,0,0,15,15,18,0,0,1,1,0,0
0,16,3,17,0,7,0,0.994197,0.971883,0.970548,15,1,459,35,30,48,12,1,98,-100,100,0,2,80,34,231,18,0,0,3156,161,0,6,0,1088,163,0,12,0,479,0,0,6,0,269,0,0,2,0,89,379,8,14,0,0,3,3,1,0,0,1,1,0,0
0,17,0,22,3,5,0,0.988241,1.011348,1.004654,22,3,709,100,100,49,13,1,0,-88,92,98,2,80,11,75,12,0,0,3058,168,0,4,0,1020,139,0,8,0,519,0,0,6,0,229,4,0,11,0,216,599,44,10,0,0,21,3,0,0,0,0,0,0,0
0,17,1,17,3,5,0,1.008565,1.008882,0.977104,16,0,334,5,0,49,13,1,-88,0,-100,-100,0,80,11,141,15,0,0,3058,5,0,5,0,1020,293,0,10,0,519,0,0,2,0,229,0,0,4,0,216,327,16,9,0,0,14,1,1,0,0,1,1,0,0
0,17,2,37,3,5,0,1.009349,0.991952,0.999383,35,5,959,78.463345,73.463345,49,13,1,92,-100,0,100,2,80,11,34,18,0,0,3058,204,0,6,0,1020,122,0,12,0,519,1,0,16,0,229,6,0,15,0,216,780,60,22,0,0,23,8,0,0,0,0,0,0,0
0,17,3,16,3,5,0,1.003449,0.960961,0.971978,14,1,459,40,35,49,13,1,98,-100,100,0,2,80,11,247,18,0,0,3058,154,0,6,0,1020,169,0,12,0,519,1,0,2,0,229,0,0,3,0,216,393,12,10,0,0,3,1,1,0,0,1,1,0,0
0,18,0,20,2,4,0,0.985468,1.003737,1.001215,20,4,834,100,100,50,14,1,0,-88,94,98,2,80,12,77,12,0,0,3122,174,0,4,0,1026,143,0,8,0,518,1,0,4,0,247,3,0,10,0,276,617,40,25,0,0,6,2,17,0,0,0,0,0,0
0,18,1,18,2,4,0,1.006573,1.002163,0.977223,17,0,334,5,0,50,14,1,-88,0,-100,-100,0,80,12,150,15,0,0,3122,5,0,5,0,1026,303,0,10,0,518,1,0,0,0,247,0,0,2,0,276,329,8,5,0,0,14,0,0,0,0,0,0,0,0
0,18,2,37,2,4,0,1.009349,0.991952,0.999383,35,6,1084,83.463345,78.463345,50,14,1,94,-100,0,100,2,80,12,31,18,0,0,3122,161,0,6,0,1026,128,0,12,0,518,0,0,18,0,247,0,0,17,0,276,820,68,43,0,0,14,9,18,0,0,1,1,0,0
0,18,3,15,2,4,0,1.019147,0.96297,0.965839,13,1,459,45,40,50,14,1,98,-100,100,0,2,80,12,256,12,0,0,3122,158,0,4,0,1026,173,0,8,0,518,0,0,4,0,247,0,0,3,0,276,399,12,10,0,0,4,2,1,0,0,1,1,0,0
0,19,0,20,4,4,0,0.988932,0.998722,1.001123,19,4,834,100,100,51,15,1,0,-88,96,98,2,80,13,84,12,0,0,3049,174,0,4,0,1026,147,0,8,0,501,0,0,12,0,253,0,0,7,0,215,644,28,16,0,0,12,6,0,0,0,0,0,0,0
0,19,1,20,4,4,0,1.01733,1.007727,0.975294,17,1,459,5,0,51,15,1,-88,0,-100,-100,0,80,13,162,15,0,0,3049,5,0,5,0,1026,313,0,10,0,501,0,0,8,0,253,0,0,1,0,215,302,4,32,0,0,0,4,18,0,0,1,1,0,0
0,19,2,36,4,4,0,1.007188,0.98992,0.999818,35,6,1084,88.463345,83.463345,51,15,1,96,-100,0,100,2,80,13,34,18,0,0,3049,198,0,6,0,1026,134,0,12,0,501,1,0,20,0,253,0,0,12,0,215,861,48,28,0,0,23,10,1,0,0,1,1,0,0
0,19,3,14,4,4,0,1.035747,0.961339,0.960467,12,1,459,50,45,51,15,1,98,-100,100,0,2,80,13,269,12,0,0,3049,163,0,4,0,1026,177,0,8,0,501,0,0,4,0,253,0,0,2,0,215,409,8,10,0,0,5,2,1,0,0,1,1,0,0
0,20,0,19,3,6,0,0.992,0.993597,1.005065,17,4,834,100,100,52,16,1,0,-88,96,96,2,80,20,94,12,0,0,3039,182,0,4,0,1021,151,0,8,0,487,1,0,8,0,261,0,0,5,0,275,656,20,14,0,0,15,4,1,0,0,1,1,0,0
0,20,1,19,3,6,0,1.011805,1.001688,0.97574,18,1,459,5,0,52,16,1,-88,0,-100,-100,0,80,20,166,15,0,0,3039,5,0,5,0,1021,317,0,10,0,487,1,0,14,0,261,0,0,0,0,275,291,0,21,0,0,6,7,1,0,0,1,1,0,0
0,20,2,37,3,6,0,1.008002,0.994735,0.996693,35,6,1084,93.463345,88.463345,52,16,1,96,-100,0,98,2,80,20,34,18,0,0,3039,236,0,6,0,1021,143,0,12,0,487,1,0,30,0,261,0,0,3,0,275,846,12,36,0,0,38,15,0,0,0,0,0,0,0
0,20,3,12,3,6,0,1.035546,0.966347,0.959307,11,1,459,55,50,52,16,1,96,-100,98,0,2,80,20,279,12,0,0,3039,169,0,4,0,1021,181,0,8,0,487,1,0,2,0,261,0,0,3,0,275,413,12,8,0,0,5,1,1,0,0,1,1,0,0
0,21,0,18,2,6,0,0.995166,0.989467,1.000699,16,4,834,100,100,53,17,1,0,-88,98,96,2,80,23,97,9,0,0,3120,192,0,3,0,1029,154,0,6,0,491,1,0,12,0,269,0,0,0,0,164,654,0,17,0,0,20,6,1,0,0,1,1,0,0
0,21,1,19,2,6,0,1.013539,1.000639,0.985924,18,1,459,5,0,53,17,1,-88,0,-100,-100,0,80,23,175,15,0,0,3120,5,0,5,0,1029,321,0,10,0,491,0,0,12,0,269,0,0,0,0,164,314,0,17,0,0,12,6,0,0,0,0,0,0,0
0,21,2,36,2,6,0,1.005571,0.993958,0.998665,35,6,1084,98.463345,93.463345,53,17,1,98,-100,0,98,2,80,23,33,21,0,0,3120,192,0,7,0,1029,153,0,14,0,491,1,0,24,0,269,0,0,3,0,164,900,12,33,0,0,49,12,1,0,0,1,1,0,0
0,21,3,10,2,6,0,1.03987,0.972642,0.963881,10,1,459,60,55,53,17,1,96,-100,98,0,2,80,23,287,9,0,0,3120,178,0,3,0,1029,184,0,6,0,491,1,0,6,0,269,0,0,0,0,164,410,0,9,0,0,8,3,0,0,0,0,0,0,0
0,22,0,17,4,4,0,0.987835,0.993026,0.999534,15,4,834,100,100,55,19,1,0,-94,96,94,2,80,12,105,12,0,0,3109,170,0,4,0,1030,158,0,8,0,529,1,0,2,0,265,0,0,0,0,161,690,0,8,0,0,20,1,1,0,0,1,1,0,0
0,22,1,19,4,4,0,1.013539,1.000639,0.985924,18,1,459,5,0,55,19,1,-94,0,-100,-100,0,80,12,185,15,0,0,3109,5,0,5,0,1030,321,0,10,0,529,0,0,2,0,265,0,0,3,0,161,351,12,9,0,0,12,1,1,0,0,1,1,0,0
0,22,2,38,4,4,0,1.007107,0.991416,1.000763,36,7,1209,100,98.463345,55,19,1,96,-100,0,94,2,80,12,39,21,0,0,3109,216,0,7,0,1030,163,0,14,0,529,0,0,10,0,265,0,0,4,0,161,910,16,34,0,0,37,5,17,0,0,0,0,0,0
0,22,3,9,4,4,0,1.053658,0.976692,0.952508,8,1,459,65,60,55,19,1,94,-100,94,0,2,80,12,297,9,0,0,3109,165,0,3,0,1030,187,0,6,0,529,1,0,2,0,265,0,0,0,0,161,427,0,5,0,0,9,1,0,0,0,0,0,0,0
0,23,0,17,3,5,0,0.994674,0.986718,1.009684,15,4,834,100,100,56,20,1,0,-94,96,92,2,80,29,115,12,0,0,3136,173,0,4,0,1026,162,0,8,0,513,0,0,10,0,248,0,0,3,0,300,686,12,16,0,0,24,5,1,0,0,1,1,0,0
0,23,1,19,3,5,0,1.013539,1.000639,0.985924,19,1,459,5,0,56,20,1,-94,0,-100,-100,0,80,29,192,15,0,0,3136,5,0,5,0,1026,328,0,10,0,513,1,0,2,0,248,0,0,6,0,300,362,24,7,0,0,13,1,0,0,0,0,0,0,0
0,23,2,37,3,5,0,1.004007,0.994635,0.995582,34,7,1209,100,100,56,20,1,96,-100,0,92,2,80,29,38,24,0,0,3136,170,0,8,0,1026,171,0,16,0,513,0,0,16,0,248,1,0,14,0,300,943,56,26,0,0,44,8,1,0,0,1,1,0,0
0,23,3,8,3,5,0,1.060457,0.979413,0.959538,7,1,459,70,65,56,20,1,92,-100,92,0,2,80,29,309,9,0,0,3136,169,0,3,0,1026,190,0,6,0,513,0,0,4,0,248,0,0,0,0,300,418,0,9,0,0,10,2,1,0,0,1,1,0,0
0,24,0,16,4,13,0,0.995893,0.981146,1.0097,14,5,959,100,100,57,21,1,0,-94,96,92,2,80,19,123,12,0,0,3072,176,0,4,0,1023,166,0,8,0,534,0,0,0,0,233,5,0,7,0,225,703,28,23,0,0,6,0,18,0,0,1,1,0,0
0,24,1,19,4,13,0,1.013539,1.000639,0.985924,19,1,459,5,0,57,21,1,-94,0,-100,-100,0,80,19,200,15,0,0,3072,5,0,5,0,1023,335,0,10,0,534,1,0,0,0,233,3,0,10,0,225,431,40,5,0,0,13,0,0,0,0,0,0,0,0
0,24,2,30,4,13,0,1.006189,0.982781,1.00292,26,7,1209,100,100,57,21,1,96,-100,0,90,2,80,19,44,27,0,0,3072,196,0,9,0,1023,180,0,18,0,534,1,0,0,0,233,0,0,4,0,225,966,16,11,0,0,43,0,1,0,0,1,1,0,0
0,24,3,7,4,13,0,1.03786,0.952903,0.970837,6,1,459,75,70,57,21,1,92,-100,90,0,2,80,19,321,9,0,0,3072,166,0,3,0,1023,193,0,6,0,534,0,0,0,0,233,1,0,2,0,225,426,8,3,0,0,10,0,0,0,0,0,0,0,0
0,25,0,14,1,7,0,0.989918,0.983469,1.006504,13,5,959,100,100,58,22,1,0,-94,96,92,2,80,23,130,12,0,0,3072,172,0,4,0,1022,170,0,8,0,535,0,0,2,0,248,1,0,8,0,300,727,32,8,0,0,6,1,1,0,0,1,1,0,0
0,25,1,18,1,7,0,1.015807,1.006899,0.986295,18,1,459,5,0,58,22,1,-94,0,-100,-100,0,80,23,204,15,0,0,3072,5,0,5,0,1022,343,0,10,0,535,1,0,2,0,248,1,0,10,0,300,454,40,7,0,0,14,1,0,0,0,0,0,0,0
0,25,2,28,1,7,0,1.007038,0.984583,1.004388,25,7,1209,100,100,58,22,1,96,-100,0,88,2,80,23,61,27,0,0,3072,229,0,9,0,1022,189,0,18,0,535,1,0,2,0,248,0,0,4,0,300,970,16,15,0,0,42,1,2,0,0,2,2,0,0
0,25,3,6,1,7,0,1.070279,0.964358,0.987067,4,1,459,80,75,58,22,1,92,-100,88,0,2,80,23,332,9,0,0,3072,172,0,3,0,1022,196,0,6,0,535,0,0,0,0,248,0,0,1,0,300,427,4,3,0,0,10,0,0,0,0,0,0,0,0
0,26,0,13,2,4,0,0.992947,0.98429,1.008741,13,5,959,100,100,59,23,1,0,-94,96,92,2,80,21,143,12,0,0,3153,162,0,4,0,1023,174,0,8,0,524,0,0,6,0,272,0,0,1,0,165,736,4,10,0,0,9,3,0,0,0,0,0,0,0
0,26,1,18,2,4,0,1.013031,1.009238,0.987015,17,2,584,5,0,59,23,1,-94,0,-100,-100,0,80,21,212,12,0,0,3153,6,0,4,0,1023,350,0,8,0,524,1,0,8,0,272,0,0,1,0,165,430,4,29,0,0,1,4,17,0,0,0,0,0,0
0,26,2,29,2,4,0,1.011299,0.98239,1.005647,27,8,1334,100,100,59,23,1,96,-100,0,86,2,80,21,76,27,0,0,3153,192,0,9,0,1023,198,0,18,0,524,1,0,6,0,272,0,0,0,0,165,1014,0,34,0,0,27,3,18,0,0,1,1,0,0
0,26,3,4,2,4,0,1.046729,0.962602,0.998656,2,1,459,85,80,59,23,1,92,-100,86,0,2,80,21,340,6,0,0,3153,180,0,2,0,1023,198,0,4,0,524,0,0,0,0,272,0,0,0,0,165,425,0,2,0,0,10,0,0,0,0,0,0,0,0
0,27,0,12,4,4,0,0.980049,0.995196,0.986166,11,5,959,100,100,60,24,1,0,-94,96,90,2,80,22,153,12,0,0,3090,153,0,4,0,1031,178,0,8,0,543,0,0,0,0,270,0,0,0,0,206,744,0,4,0,0,9,0,0,0,0,0,0,0,0
0,27,1,19,4,4,0,1.011016,1.006406,0.984926,17,2,584,5,0,60,24,1,-94,0,-100,-100,0,80,22,226,15,0,0,3090,5,0,5,0,1031,358,0,10,0,543,0,0,2,0,270,0,0,0,0,206,460,0,9,0,0,1,1,1,0,0,1,1,0,0
0,27,2,31,4,4,0,1.010468,0.984368,1.004908,28,8,1334,100,100,60,24,1,96,-100,0,84,2,80,22,90,27,0,0,3090,234,0,9,0,1031,207,0,18,0,543,1,0,0,0,270,0,0,2,0,206,1032,8,11,0,0,26,0,1,0,0,1,1,0,0
0,27,3,2,4,4,0,1.012655,0.923399,1.040329,0,1,459,90,85,60,24,1,90,-100,84,0,2,80,22,340,0,0,0,3090,176,0,0,0,1031,198,0,0,0,543,0,0,0,0,270,0,0,0,0,206,441,0,0,0,0,10,0,0,0,0,0,0,0,0
0,28,0,13,6,4,1,0.986818,1.001724,0.995028,10,5,959,100,100,60,24,1,0,-96,98,93,2,80,23,168,12,0,0,3168,145,0,4,0,1028,182,0,8,0,530,1,0,2,0,272,0,0,0,0,163,753,0,8,0,0,9,1,1,0,0,1,1,0,0
0,28,1,20,6,4,1,1.01363,1.000319,0.985094,18,2,584,10,5,60,24,1,-96,0,-100,-100,0,80,23,245,18,0,0,3168,4,0,6,0,1028,367,0,12,0,530,0,0,4,0,272,0,0,0,0,163,493,0,12,0,0,2,2,1,0,0,1,1,0,0
0,28,2,32,6,4,1,1.009987,0.985231,1.006349,27,8,1334,100,100,60,24,1,98,-100,0,87,2,80,23,107,24,0,0,3168,195,0,8,0,1028,215,0,16,0,530,0,0,8,0,272,0,0,0,0,163,1089,0,18,0,0,29,4,1,0,0,1,1,0,0
0,28,3,1,6,4,1,0.963447,0.899399,1.006257,0,1,459,95,90,60,24,1,93,-100,87,0,2,80,23,338,0,0,0,3168,174,0,0,0,1028,198,0,0,0,530,0,0,0,0,272,0,0,0,0,163,441,0,0,0,0,10,0,0,0,0,0,0,0,0
0,29,0,13,3,3,0,1.001314,1.00212,1.001004,10,5,959,100,100,60,24,1,0,-96,100,93,1,80,34,183,12,0,0,3076,144,0,4,0,1028,186,0,8,0,533,1,0,2,0,272,0,0,0,0,219,754,0,8,0,0,9,1,1,0,0,1,1,0,0
0,29,1,21,3,3,0,1.016302,1.003344,0.986365,19,2,584,15,10,60,24,1,-96,0,-100,-100,0,80,34,257,18,0,0,3076,14,0,6,0,1028,379,0,12,0,533,0,0,2,0,272,0,0,0,0,219,528,0,10,0,0,2,1,1,0,0,1,1,0,0
0,29,2,32,3,3,0,1.01244,0.986105,1.009834,27,8,1334,100,100,60,24,1,100,-100,0,87,1,80,34,115,24,0,0,3076,227,0,8,0,1028,223,0,16,0,533,1,0,6,0,272,0,0,0,0,219,1098,0,18,0,0,30,3,2,0,0,2,2,0,0
0,29,3,0,3,3,0,0,0,0,0,1,459,95,95,60,24,1,93,-100,87,0,0,80,34,337,0,0,0,3076,173,0,0,0,1028,198,0,0,0,533,0,0,0,0,272,0,0,0,0,219,441,0,0,0,0,10,0,0,0,0,0,0,0,0
0,30,0,11,0,8,0,0.996822,0.997486,1.004794,9,5,959,100,100,60,24,1,0,-96,100,93,1,80,26,201,15,0,0,3157,142,0,5,0,1020,191,0,10,0,534,1,0,4,0,268,0,0,0,0,163,746,0,11,0,0,10,2,1,0,0,1,1,0,0
0,30,1,19,0,8,0,1.021497,1.00132,0.981489,18,2,584,20,15,60,24,1,-96,0,-100,-100,0,80,26,273,21,0,0,3157,13,0,7,0,1020,394,0,14,0,534,0,0,0,0,268,0,0,0,0,163,559,0,9,0,0,1,0,1,0,0,1,1,0,0
0,30,2,28,0,8,0,1.004108,0.986381,1.010099,26,8,1334,100,100,60,24,1,100,-100,0,87,1,80,26,127,27,0,0,3157,186,0,9,0,1020,229,0,18,0,534,1,0,6,0,268,0,0,4,0,163,1171,16,17,0,0,32,3,1,0,0,1,1,0,0
0,30,3,0,0,8,0,0,0,0,0,1,459,95,95,60,24,1,93,-100,87,0,0,80,26,337,0,0,0,3157,173,0,0,0,1020,198,0,0,0,534,0,0,0,0,268,0,0,0,0,163,441,0,0,0,0,10,0,0,0,0,0,0,0,0
0,31,0,6,0,18,0,1.009583,0.994014,1.026909,6,5,959,100,100,65,24,1,0,-100,100,93,1,80,37,200,3,0,0,3096,146,0,1,0,1025,192,0,2,0,544,1,0,0,0,262,0,0,1,0,242,752,4,1,0,0,10,0,0,0,0,0,0,0,0
0,31,1,14,0,18,0,1.038807,1.002781,0.983763,14,2,584,25,20,65,24,1,-100,0,-100,-100,0,80,37,280,15,0,0,3096,5,0,5,0,1025,401,0,10,0,544,0,0,0,0,262,0,0,1,0,242,579,4,5,0,0,1,0,0,0,0,0,0,0,0
0,31,2,20,0,18,0,1.012333,0.995549,1.003471,20,8,1334,56.537834,51.537834,65,24,1,100,-100,0,100,1,80,37,125,9,0,0,3096,227,0,3,0,1025,226,0,6,0,544,1,0,0,0,262,0,0,8,0,242,1212,32,3,0,0,32,0,0,0,0,0,0,0,0
0,31,3,0,0,18,0,0,0,0,0,1,459,95,95,65,24,1,93,-100,100,0,0,80,37,337,0,0,0,3096,173,0,0,0,1025,198,0,0,0,544,0,0,0,0,262,0,0,0,0,242,441,0,0,0,0,10,0,0,0,0,0,0,0,0
0,32,0,5,2,4,0,1.002118,0.995976,1.037101,5,5,959,100,100,65,24,1,0,-100,100,93,1,80,35,203,3,0,0,3173,147,0,1,0,1059,193,0,2,0,538,0,0,2,0,263,0,0,2,0,198,760,8,3,0,0,11,1,0,0,0,0,0,0,0
0,32,1,14,2,4,0,1.038807,1.002781,0.983763,14,2,584,30,25,65,24,1,-100,0,-100,-100,0,80,35,298,15,0,0,3173,5,0,5,0,1059,411,0,10,0,538,1,0,0,0,263,0,0,0,0,198,579,0,5,0,0,1,0,0,0,0,0,0,0,0
0,32,2,19,2,4,0,1.018686,0.991962,0.995541,17,8,1334,61.537834,56.537834,65,24,1,100,-100,0,100,1,80,35,127,6,0,0,3173,205,0,2,0,1059,228,0,4,0,538,1,0,4,0,263,0,0,7,0,198,1295,28,6,0,0,34,2,0,0,0,0,0,0,0
0,32,3,0,2,4,0,0,0,0,0,1,459,95,95,65,24,1,93,-100,100,0,0,80,35,337,0,0,0,3173,173,0,0,0,1059,198,0,0,0,538,0,0,0,0,263,0,0,0,0,198,441,0,0,0,0,10,0,0,0,0,0,0,0,0
0,33,0,4,2,2,0,1.004097,1.005166,1.033723,4,5,959,100,100,65,24,1,0,-100,100,93,1,80,48,205,3,0,0,3173,149,0,1,0,1059,194,0,2,0,524,1,0,2,0,272,0,0,0,0,207,757,0,3,0,0,12,1,0,0,0,0,0,0,0
0,33,1,15,2,2,0,1.035388,1.005094,0.983859,14,2,584,35,30,65,24,1,-100,0,-100,-100,0,80,48,310,15,0,0,3173,5,0,5,0,1059,421,0,10,0,524,0,0,6,0,272,0,0,0,0,207,573,0,11,0,0,4,3,0,0,0,0,0,0,0
0,33,2,19,2,2,0,1.019805,0.993198,0.993448,16,8,1334,66.537834,61.537834,65,24,1,100,-100,0,100,1,80,48,131,6,0,0,3173,184,0,2,0,1059,230,0,4,0,524,1,0,12,0,272,0,0,0,0,207,1318,0,16,0,0,39,6,1,0,0,1,1,0,0
0,33,3,0,2,2,0,0,0,0,0,1,459,95,95,65,24,1,93,-100,100,0,0,80,48,337,0,0,0,3173,173,0,0,0,1059,198,0,0,0,524,0,0,0,0,272,0,0,0,0,207,441,0,0,0,0,10,0,0,0,0,0,0,0,0
0,34,0,4,2,5,0,1.004097,1.005166,1.033723,4,5,959,100,100,65,24,1,0,-100,100,93,1,80,48,207,3,0,0,3114,144,0,1,0,1062,195,0,2,0,536,0,0,2,0,272,0,0,0,0,260,754,0,3,0,0,13,1,0,0,0,0,0,0,0
0,34,1,12,2,5,0,1.026094,1.005158,0.991909,10,2,584,40,35,65,24,1,-100,0,-100,-100,0,80,48,319,15,0,0,3114,15,0,5,0,1062,431,0,10,0,536,0,0,0,0,272,0,0,0,0,260,575,0,7,0,0,3,0,1,0,0,1,1,0,0
0,34,2,19,2,5,0,1.024399,0.990609,0.989323,16,8,1334,71.537834,66.537834,65,24,1,100,-100,0,100,1,80,48,134,6,0,0,3114,219,0,2,0,1062,229,0,4,0,536,0,0,8,0,272,0,0,0,0,260,1321,0,12,0,0,42,4,1,0,0,1,1,0,0
0,34,3,0,2,5,0,0,0,0,0,1,459,95,95,65,24,1,93,-100,100,0,0,80,48,337,0,0,0,3114,173,0,0,0,1062,198,0,0,0,536,0,0,0,0,272,0,0,0,0,260,441,0,0,0,0,10,0,0,0,0,0,0,0,0
0,35,0,3,1,6,0,0.998515,1.021011,1.069165,3,5,959,100,100,69,24,1,0,-100,100,93,1,80,58,208,3,0,0,3200,139,0,1,0,1062,196,0,2,0,524,1,0,0,0,271,0,0,0,0,263,753,0,1,0,0,13,0,0,0,0,0,0,0,0
0,35,1,9,1,6,0,1.038836,1.02421,0.993208,8,2,584,45,40,69,24,1,-100,0,-100,-100,0,80,58,325,9,0,0,3200,0,0,3,0,1062,440,0,6,0,524,2,0,4,0,271,0,0,1,0,263,575,4,9,0,0,4,2,1,0,0,1,1,0,0
0,35,2,18,1,6,0,1.032631,0.992854,0.994693,15,8,1334,47.006029,42.006029,69,24,1,100,-100,0,100,1,80,58,129,3,0,0,3200,199,0,1,0,1062,230,0,2,0,524,1,0,12,0,271,0,0,0,0,263,1319,0,15,0,0,47,6,1,0,0,1,1,0,0
0,35,3,0,1,6,0,0,0,0,0,1,459,95,95,69,24,1,93,-100,100,0,0,80,58,337,0,0,0,3200,173,0,0,0,1062,198,0,0,0,524,0,0,0,0,271,0,0,0,0,263,441,0,0,0,0,10,0,0,0,0,0,0,0,0
0,36,0,2,1,2,0,0.944297,1.0455,1.061635,2,5,959,100,100,69,24,1,0,-100,100,93,1,80,55,205,0,0,0,3191,136,0,0,0,1069,196,0,0,0,524,1,0,2,0,270,0,0,0,0,240,751,0,2,0,0,14,1,0,0,0,0,0,0,0
0,36,1,9,1,2,0,1.038836,1.02421,0.993208,9,2,584,50,45,69,24,1,-100,0,-100,-100,0,80,55,323,0,0,0,3191,0,0,0,0,1069,453,0,0,0,524,6,0,4,0,270,0,0,0,0,240,580,0,4,0,0,6,2,0,0,0,0,0,0,0
0,36,2,18,1,2,0,1.035291,0.985339,0.994942,15,8,1334,52.006029,47.006029,69,24,1,100,-100,0,100,1,80,55,135,6,0,0,3191,179,0,2,0,1069,232,0,4,0,524,1,0,10,0,270,0,0,2,0,240,1322,8,14,0,0,51,5,1,0,0,1,1,0,0
0,36,3,0,1,2,0,0,0,0,0,1,459,95,95,69,24,1,93,-100,100,0,0,80,55,337,0,0,0,3191,173,0,0,0,1069,198,0,0,0,524,0,0,0,0,270,0,0,0,0,240,441,0,0,0,0,10,0,0,0,0,0,0,0,0
0,37,0,2,3,1,0,0.944297,1.0455,1.061635,2,5,959,100,100,69,24,1,0,-100,100,93,1,80,56,203,0,0,0,3151,134,0,0,0,1072,196,0,0,0,523,1,0,0,0,272,0,0,0,0,278,751,0,0,0,0,14,0,0,0,0,0,0,0,0
0,37,1,10,3,1,0,1.047694,1.021283,0.986151,9,2,584,55,50,69,24,1,-100,0,-100,-100,0,80,56,321,0,0,0,3151,0,0,0,0,1072,463,0,0,0,523,11,0,4,0,272,0,0,0,0,278,580,0,4,0,0,8,2,0,0,0,0,0,0,0
0,37,2,19,3,1,0,1.039215,0.980457,0.991673,15,8,1334,57.006029,52.006029,69,24,1,100,-100,0,100,1,80,56,140,6,0,0,3151,199,0,2,0,1072,234,0,4,0,523,1,0,12,0,272,0,0,0,0,278,1318,0,16,0,0,56,6,1,0,0,1,1,0,0
0,37,3,0,3,1,0,0,0,0,0,1,459,95,95,69,24,1,93,-100,100,0,0,80,56,337,0,0,0,3151,173,0,0,0,1072,198,0,0,0,523,0,0,0,0,272,0,0,0,0,278,441,0,0,0,0,10,0,0,0,0,0,0,0,0
0,38,0,2,0,2,0,0.944297,1.0455,1.061635,2,5,959,100,100,69,24,1,0,-100,100,93,1,80,52,201,0,0,0,3180,132,0,0,0,1070,196,0,0,0,544,1,0,0,0,251,0,0,0,0,240,751,0,0,0,0,14,0,0,0,0,0,0,0,0
0,38,1,10,0,2,0,1.047694,1.021283,0.986151,9,2,584,60,55,69,24,1,-100,0,-100,-100,0,80,52,333,12,0,0,3180,6,0,4,0,1070,467,0,8,0,544,5,0,6,0,251,3,0,3,0,240,576,12,12,0,0,10,3,1,0,0,1,1,0,0
0,38,2,17,0,2,0,1.039072,0.973836,0.986007,14,8,1334,62.006029,57.006029,69,24,1,100,-100,0,100,1,80,52,145,6,0,0,3180,178,0,2,0,1070,236,0,4,0,544,1,0,0,0,251,5,0,10,0,240,1328,40,6,0,0,54,0,2,0,0,2,2,0,0
0,38,3,0,0,2,0,0,0,0,0,1,459,95,95,69,24,1,93,-100,100,0,0,80,52,337,0,0,0,3180,173,0,0,0,1070,198,0,0,0,544,0,0,0,0,251,0,0,0,0,240,441,0,0,0,0,10,0,0,0,0,0,0,0,0
0,39,0,1,1,4,0,0.866635,1.049585,1.031282,1,5,959,100,100,69,24,1,0,-100,100,93,1,80,52,199,0,0,0,3162,130,0,0,0,1067,196,0,0,0,543,1,0,0,0,259,0,0,0,0,272,751,0,0,0,0,14,0,0,0,0,0,0,0,0
0,39,1,11,1,4,0,1.04623,1.023071,0.982969,10,2,584,65,60,69,24,1,-100,0,-100,-100,0,80,52,345,12,0,0,3162,6,0,4,0,1067,474,0,8,0,543,0,0,6,0,259,1,0,3,0,272,578,12,10,0,0,13,3,0,0,0,0,0,0,0
0,39,2,14,1,4,0,1.034792,0.979271,0.99337,13,8,1334,67.006029,62.006029,69,24,1,100,-100,0,100,1,80,52,150,6,0,0,3162,183,0,2,0,1067,238,0,4,0,543,1,0,0,0,259,6,0,8,0,272,1330,32,4,0,0,53,0,1,0,0,1,1,0,0
0,39,3,0,1,4,0,0,0,0,0,1,459,95,95,69,24,1,93,-100,100,0,0,80,52,337,0,0,0,3162,173,0,0,0,1067,198,0,0,0,543,0,0,0,0,259,0,0,0,0,272,441,0,0,0,0,10,0,0,0,0,0,0,0,0
0,40,0,1,3,5,0,0.866635,1.049585,1.031282,1,5,959,100,100,69,24,1,0,-100,100,93,1,80,52,198,0,0,0,3175,129,0,0,0,1067,196,0,0,0,532,1,0,0,0,272,0,0,0,0,259,751,0,0,0,0,14,0,0,0,0,0,0,0,0
0,40,1,11,3,5,0,1.028687,1.025997,0.987922,8,2,584,70,65,69,24,1,-100,0,-100,-100,0,80,52,352,9,0,0,3175,7,0,3,0,1067,478,0,6,0,532,1,0,2,0,272,0,0,1,0,259,577,4,7,0,0,13,1,1,0,0,1,1,0,0
0,40,2,12,3,5,0,1.027061,0.982213,0.99827,11,8,1334,72.006029,67.006029,69,24,1,100,-100,0,100,1,80,52,155,6,0,0,3175,167,0,2,0,1067,240,0,4,0,532,0,0,10,0,272,0,0,6,0,259,1332,24,12,0,0,58,5,0,0,0,0,0,0,0
0,40,3,0,3,5,0,0,0,0,0,1,459,95,95,69,24,1,93,-100,100,0,0,80,52,337,0,0,0,3175,173,0,0,0,1067,198,0,0,0,532,0,0,0,0,272,0,0,0,0,259,441,0,0,0,0,10,0,0,0,0,0,0,0,0
5,1,0,49,6,4,0,0.991487,0.98757,0.997821,0,0,334,100,100,4,0,0,0,-24,14,2,0,80,10,55,36,0,0,2802,193,0,12,0,916,62,0,24,0,485,3,0,46,0,211,18,0,23,0,300,83,92,76,0,0,14,23,9,0,0,9,9,0,0
5,1,1,50,6,4,0,0.992131,0.990613,0.997417,0,0,334,100,100,4,0,0,-24,0,-32,-24,0,80,10,56,39,0,0,2802,214,0,13,0,916,79,0,26,0,485,0,0,44,0,211,23,0,23,0,300,84,92,75,0,0,13,22,9,0,0,9,9,0,0
5,1,2,52,6,4,0,0.996777,0.9873,0.997326,0,0,334,86.778783,81.778783,4,0,0,14,-32,0,14,0,80,10,55,39,0,0,2802,200,0,13,0,916,63,0,26,0,485,5,0,48,0,211,13,0,24,0,300,84,96,79,0,0,15,24,9,0,0,9,9,0,0
5,1,3,51,6,4,0,0.998273,0.988762,0.997866,0,0,334,100,100,4,0,0,2,-24,14,0,0,80,10,57,39,0,0,2802,192,0,13,0,916,63,0,26,0,485,3,0,46,0,211,14,0,23,0,300,82,92,77,0,0,14,23,9,0,0,9,9,0,0
5,2,0,43,2,33,0,0.989892,0.984839,0.996356,9,0,334,100,100,15,0,0,0,-34,30,8,1,80,2,41,18,0,0,2830,226,0,6,0,908,68,0,12,0,423,0,0,36,0,272,0,0,18,0,135,131,72,60,0,0,23,18,9,0,0,9,9,0,0
5,2,1,40,2,33,0,0.992325,0.990044,0.988356,6,0,334,52.032002,47.032002,15,0,0,-34,0,-66,-66,0,80,2,36,15,0,0,2830,249,0,5,0,908,89,0,10,0,423,0,0,34,0,272,1,0,22,0,135,172,88,57,0,0,21,17,9,0,0,9,9,0,0
5,2,2,43,2,33,0,1.000797,0.994812,1.000869,6,0,334,55.201772,50.201772,15,0,0,30,-66,0,34,2,80,2,49,30,0,0,2830,218,0,10,0,908,73,0,20,0,423,0,0,32,0,272,0,0,13,0,135,109,52,60,0,0,22,16,9,0,0,9,9,0,0
5,2,3,45,2,33,0,0.99891,0.989998,0.999934,6,0,334,84.571552,79.571552,15,0,0,8,-66,34,0,1,80,2,61,39,0,0,2830,224,0,13,0,908,76,0,26,0,423,1,0,26,0,272,0,0,14,0,135,117,56,57,0,0,18,13,9,0,0,9,9,0,0
5,3,0,43,4,14,0,0.99319,0.984731,0.996069,17,0,334,100,100,24,0,1,0,-46,32,40,2,80,2,34,15,0,0,3186,178,0,5,0,981,73,0,10,0,541,0,0,0,0,179,12,0,23,0,0,275,92,23,0,0,14,0,9,0,0,9,9,0,0
5,3,1,33,4,14,0,0.996795,0.987215,0.989959,12,0,334,16.049392,11.049392,24,0,1,-46,0,-78,-100,0,80,2,31,15,0,0,3186,204,0,5,0,981,99,0,10,0,541,0,0,2,0,179,0,0,10,0,0,262,40,25,0,0,13,1,9,0,0,9,9,0,0
5,3,2,42,4,14,0,1.005488,0.995217,1.002651,14,0,334,60.201772,55.201772,24,0,1,32,-78,0,66,2,80,2,57,33,0,0,3186,164,0,11,0,981,84,0,22,0,541,0,0,0,0,179,2,0,22,0,0,243,88,29,0,0,13,0,9,0,0,9,9,0,0
5,3,3,43,4,14,0,0.996307,0.991143,0.999035,12,0,334,5,0,24,0,1,40,-100,66,0,2,80,2,68,36,0,0,3186,166,0,12,0,981,88,0,24,0,541,1,0,0,0,179,0,0,22,0,0,250,88,30,0,0,9,0,9,0,0,9,9,0,0
5,4,0,42,3,20,0,0.996449,0.987214,0.998986,24,0,334,100,100,31,1,1,0,-58,68,42,2,80,5,32,18,0,0,2966,206,0,6,0,984,79,0,12,0,530,1,0,8,0,210,11,0,22,0,115,310,88,32,0,0,9,4,9,0,0,9,9,0,0
5,4,1,27,3,20,0,1.0043,0.990763,0.994239,19,0,334,5,0,31,1,1,-58,0,-100,-100,0,80,5,25,15,0,0,2966,166,0,5,0,984,109,0,10,0,530,0,0,0,0,210,0,0,15,0,115,321,60,13,0,0,9,0,4,0,0,4,4,0,0
5,4,2,33,3,20,0,1.001403,0.995492,0.996084,19,0,334,5.700857,0.700857,31,1,1,68,-100,0,100,2,80,5,62,33,0,0,2966,167,0,11,0,984,95,0,22,0,530,1,0,4,0,210,0,0,8,0,115,273,32,29,0,0,8,2,7,0,0,7,7,0,0
5,4,3,42,3,20,0,0.999676,0.991825,0.998798,19,0,334,10,5,31,1,1,42,-100,100,0,2,80,5,78,33,0,0,2966,189,0,11,0,984,99,0,22,0,530,1,0,0,0,210,0,0,20,0,115,305,80,29,0,0,0,0,9,0,0,9,9,0,0
5,5,0,36,2,16,0,0.996798,0.983191,1.003162,28,0,334,100,100,34,2,1,0,-62,70,56,2,80,8,32,21,0,0,2962,229,0,7,0,986,83,0,14,0,536,1,0,6,0,228,9,0,16,0,163,319,64,21,0,0,8,3,4,0,0,4,4,0,0
5,5,1,26,2,16,0,1.000199,0.986727,0.996788,22,0,334,5,0,34,2,1,-62,0,-100,-100,0,80,8,23,12,0,0,2962,165,0,4,0,986,116,0,8,0,536,0,0,0,0,228,0,0,0,0,163,326,0,8,0,0,7,0,2,0,0,2,2,0,0
5,5,2,28,2,16,0,1.003301,0.992513,1.00517,23,0,334,10.700857,5.700857,34,2,1,70,-100,0,100,2,80,8,73,30,0,0,2962,180,0,10,0,986,105,0,20,0,536,1,0,0,0,228,2,0,13,0,163,318,52,16,0,0,5,0,3,0,0,3,3,0,0
5,5,3,40,2,16,0,1.001717,0.991989,1.001247,26,0,334,5,0,34,2,1,56,-100,100,0,2,80,8,91,36,0,0,2962,215,0,12,0,986,111,0,24,0,536,1,0,0,0,228,0,0,15,0,163,322,60,12,0,0,0,0,0,0,0,0,0,0,0
5,6,0,35,3,6,0,0.996988,0.986026,1.004825,31,1,459,100,100,36,3,1,0,-64,72,64,2,80,0,33,21,0,0,3114,186,0,7,0,981,87,0,14,0,506,0,0,26,0,266,0,0,9,0,128,296,36,54,0,0,2,13,19,0,0,2,2,0,0
5,6,1,26,3,6,0,1.000864,0.984181,0.994414,24,0,334,5,0,36,3,1,-64,0,-100,-100,0,80,0,25,12,0,0,3114,165,0,4,0,981,123,0,8,0,506,1,0,0,0,266,0,0,1,0,128,328,4,6,0,0,6,0,1,0,0,1,1,0,0
5,6,2,30,3,6,0,1.004145,0.996321,1.003167,26,0,334,15.700857,10.700857,36,3,1,72,-100,0,98,2,80,0,94,30,0,0,3114,198,0,10,0,981,115,0,20,0,506,1,0,6,0,266,0,0,2,0,128,318,8,18,0,0,7,3,1,0,0,1,1,0,0
5,6,3,36,3,6,0,1.004386,0.993715,1.001884,23,0,334,5,0,36,3,1,64,-100,98,0,2,80,0,100,33,0,0,3114,164,0,11,0,981,122,0,22,0,506,1,0,6,0,266,0,0,5,0,128,317,20,23,0,0,0,3,3,0,0,3,3,0,0
5,7,0,34,2,4,0,0.993828,0.986777,1.002981,32,1,459,100,100,38,4,1,0,-66,70,70,2,80,7,34,18,0,0,3026,217,0,6,0,995,93,0,12,0,529,1,0,4,0,251,0,0,12,0,298,332,48,12,0,0,3,2,1,0,0,1,1,0,0
5,7,1,26,2,4,0,0.997647,0.986883,0.998561,24,0,334,5,0,38,4,1,-66,0,-100,-100,0,80,7,27,12,0,0,3026,165,0,4,0,995,130,0,8,0,529,0,0,6,0,251,0,0,0,0,298,322,0,12,0,0,8,3,1,0,0,1,1,0,0
5,7,2,31,2,4,0,1.007513,0.999619,1.004915,27,0,334,20.700857,15.700857,38,4,1,70,-100,0,98,2,80,7,108,30,0,0,3026,158,0,10,0,995,125,0,20,0,529,1,0,2,0,251,0,0,1,0,298,309,4,16,0,0,6,1,2,0,0,2,2,0,0
5,7,3,34,2,4,0,1.004168,0.993971,0.996695,24,0,334,5,0,38,4,1,70,-100,98,0,2,80,7,111,30,0,0,3026,190,0,10,0,995,132,0,20,0,529,0,0,4,0,251,0,0,8,0,298,320,32,18,0,0,0,2,2,0,0,2,2,0,0
5,8,0,33,1,6,0,0.996989,0.987182,1.003201,32,1,459,100,100,40,5,1,0,-68,70,76,2,80,5,36,18,0,0,3034,177,0,6,0,998,99,0,12,0,474,6,0,28,0,272,0,0,0,0,116,371,0,36,0,0,16,14,1,0,0,1,1,0,0
5,8,1,26,1,6,0,0.999816,0.990179,1.003749,24,0,334,5,0,40,5,1,-68,0,-100,-100,0,80,5,26,12,0,0,3034,173,0,4,0,998,137,0,8,0,474,1,0,12,0,272,0,0,0,0,116,316,0,18,0,0,13,6,1,0,0,1,1,0,0
5,8,2,29,1,6,0,1.009777,0.99874,1.007532,27,0,334,25.700857,20.700857,40,5,1,70,-100,0,98,2,80,5,127,30,0,0,3034,166,0,10,0,998,135,0,20,0,474,1,0,12,0,272,0,0,0,0,116,310,0,24,0,0,11,6,1,0,0,1,1,0,0
5,8,3,32,1,6,0,1.001041,0.998545,0.994431,24,0,334,5,0,40,5,1,76,-100,98,0,2,80,5,123,27,0,0,3034,213,0,9,0,998,141,0,18,0,474,0,0,12,0,272,0,0,0,0,116,305,0,29,0,0,2,6,4,0,0,4,4,0,0
5,9,0,31,0,6,0,0.997129,0.985343,1.003918,31,1,459,100,100,46,6,1,0,-78,96,84,2,80,16,33,15,0,0,3040,203,0,5,0,1001,104,0,10,0,488,6,0,28,0,272,0,0,0,0,137,356,0,33,0,0,30,14,0,0,0,0,0,0,0
5,9,1,24,0,6,0,0.995065,0.993206,1.004014,23,0,334,5,0,46,6,1,-78,0,-100,-100,0,80,16,21,9,0,0,3040,184,0,3,0,1001,141,0,6,0,488,0,0,8,0,272,0,0,0,0,137,321,0,13,0,0,16,4,1,0,0,1,1,0,0
5,9,2,29,0,6,0,1.009777,0.99874,1.007532,28,0,334,5,0,46,6,1,96,-100,0,100,2,80,16,142,30,0,0,3040,183,0,10,0,1001,145,0,20,0,488,1,0,8,0,272,0,0,0,0,137,303,0,20,0,0,14,4,1,0,0,1,1,0,0
5,9,3,30,0,6,0,1.002126,0.994455,0.997168,26,0,334,5,0,46,6,1,84,-100,100,0,2,80,16,132,27,0,0,3040,172,0,9,0,1001,150,0,18,0,488,1,0,12,0,272,0,0,0,0,137,309,0,25,0,0,6,6,2,0,0,2,2,0,0
5,10,0,31,6,6,0,0.999801,0.98669,1.01092,30,2,584,100,100,49,7,1,0,-82,100,86,2,80,4,34,15,0,0,3050,167,0,5,0,1056,97,0,10,0,520,1,0,16,0,227,6,0,14,0,159,432,56,38,0,0,21,8,17,0,0,0,0,0,0
5,10,1,21,6,6,0,0.997121,0.995557,1.001149,21,1,459,5,0,49,7,1,-82,0,-100,-100,0,80,4,20,9,0,0,3050,177,0,3,0,1056,140,0,6,0,520,1,0,2,0,227,0,0,9,0,159,314,36,22,0,0,0,1,17,0,0,0,0,0,0
5,10,2,31,6,6,0,1.007362,1.001577,1.011987,29,1,459,5,0,49,7,1,100,-100,0,98,2,80,4,159,30,0,0,3050,200,0,10,0,1056,140,0,20,0,520,0,0,6,0,227,0,0,8,0,159,300,32,33,0,0,0,3,17,0,0,0,0,0,0
5,10,3,31,6,6,0,1.001233,0.989995,0.99422,26,0,334,10,5,49,7,1,86,-100,98,0,2,80,4,145,24,0,0,3050,198,0,8,0,1056,143,0,16,0,520,0,0,6,0,227,0,0,8,0,159,324,32,16,0,0,8,3,1,0,0,1,1,0,0
5,11,0,27,3,9,0,0.990815,0.988651,1.011825,26,2,584,100,100,51,8,1,0,-84,100,88,2,80,25,29,12,0,0,3134,188,0,4,0,1000,101,0,8,0,534,1,0,4,0,228,12,0,12,0,210,485,48,10,0,0,22,2,1,0,0,1,1,0,0
5,11,1,21,3,9,0,1.001633,0.996889,1.005431,20,1,459,5,0,51,8,1,-84,0,-100,-100,0,80,25,19,9,0,0,3134,163,0,3,0,1000,144,0,6,0,534,0,0,2,0,228,0,0,5,0,210,348,20,5,0,0,1,1,0,0,0,0,0,0,0
5,11,2,33,3,9,0,1.009996,1.001253,1.017561,29,1,459,5,0,51,8,1,100,-100,0,100,2,80,25,173,33,0,0,3134,158,0,11,0,1000,151,0,22,0,534,1,0,0,0,228,0,0,12,0,210,355,48,11,0,0,0,0,0,0,0,0,0,0,0
5,11,3,27,3,9,0,1.006588,0.995403,0.991246,24,0,334,15,10,51,8,1,88,-100,100,0,2,80,25,144,21,0,0,3134,160,0,7,0,1000,150,0,14,0,534,0,0,4,0,228,0,0,9,0,210,323,36,15,0,0,8,2,2,0,0,2,2,0,0
5,12,0,24,5,17,0,0.99095,0.987168,1.011591,23,3,709,100,100,55,9,1,0,-90,100,100,2,80,8,29,12,0,0,3014,213,0,4,0,1010,105,0,8,0,506,1,0,18,0,272,1,0,11,0,218,502,44,39,0,0,14,9,17,0,0,0,0,0,0
5,12,1,17,5,17,0,1.002243,1.012741,1.00066,15,1,459,5,0,55,9,1,-90,0,-100,-100,0,80,8,19,9,0,0,3014,149,0,3,0,1010,148,0,6,0,506,1,0,2,0,272,0,0,0,0,218,358,0,7,0,0,1,1,1,0,0,1,1,0,0
5,12,2,31,5,17,0,1.008883,0.999636,1.020711,26,1,459,5,0,55,9,1,100,-100,0,100,2,80,8,185,27,0,0,3014,180,0,9,0,1010,160,0,18,0,506,0,0,4,0,272,0,0,0,0,218,354,0,17,0,0,0,2,2,0,0,2,2,0,0
5,12,3,24,5,17,0,1.00804,0.993915,0.996492,23,0,334,5,0,55,9,1,100,-100,100,0,2,80,8,151,18,0,0,3014,175,0,6,0,1010,156,0,12,0,506,0,0,6,0,272,0,0,0,0,218,322,0,12,0,0,11,3,0,0,0,0,0,0,0
5,13,0,22,4,7,0,0.990039,0.991705,1.010644,21,3,709,100,100,58,10,1,0,-94,100,100,2,80,11,33,12,0,0,3088,185,0,4,0,1015,109,0,8,0,508,5,0,20,0,260,0,0,1,0,160,530,4,26,0,0,23,10,1,0,0,1,1,0,0
5,13,1,16,4,7,0,1.006027,1.005261,1.001544,14,1,459,5,0,58,10,1,-94,0,-100,-100,0,80,11,22,9,0,0,3088,129,0,3,0,1015,152,0,6,0,508,1,0,2,0,260,0,0,0,0,160,399,0,7,0,0,1,1,1,0,0,1,1,0,0
5,13,2,33,4,7,0,1.008096,1.00499,1.018955,28,1,459,10,5,58,10,1,100,-100,0,100,2,80,11,208,33,0,0,3088,202,0,11,0,1015,171,0,22,0,508,1,0,6,0,260,0,0,3,0,160,366,12,21,0,0,1,3,2,0,0,2,2,0,0
5,13,3,22,4,7,0,1.012513,0.986801,0.999726,20,0,334,5,0,58,10,1,100,-100,100,0,2,80,11,159,15,0,0,3088,194,0,5,0,1015,161,0,10,0,508,1,0,2,0,260,0,0,9,0,160,327,36,9,0,0,11,1,1,0,0,1,1,0,0
5,14,0,22,5,4,0,0.995212,0.986066,1.009864,20,3,709,100,100,59,11,1,0,-94,98,100,2,80,11,40,12,0,0,3160,199,0,4,0,1018,113,0,8,0,530,0,0,12,0,248,1,0,9,0,158,559,36,16,0,0,29,6,0,0,0,0,0,0,0
5,14,1,16,5,4,0,1.010987,0.999548,1.000054,14,1,459,5,0,59,11,1,-94,0,-100,-100,0,80,11,21,6,0,0,3160,111,0,2,0,1018,153,0,4,0,530,1,0,0,0,248,0,0,0,0,158,424,0,4,0,0,0,0,1,0,0,1,1,0,0
5,14,2,33,5,4,0,1.008096,1.00499,1.018955,30,1,459,15,10,59,11,1,98,-100,0,100,2,80,11,228,36,0,0,3160,157,0,12,0,1018,183,0,24,0,530,1,0,2,0,248,0,0,6,0,158,427,24,18,0,0,0,1,2,0,0,2,2,0,0
5,14,3,23,5,4,0,1.012458,0.9879,1.006033,20,0,334,10,5,59,11,1,100,-100,100,0,2,80,11,168,15,0,0,3160,167,0,5,0,1018,163,0,10,0,530,0,0,6,0,248,0,0,8,0,158,327,32,13,0,0,13,3,1,0,0,1,1,0,0
5,15,0,21,4,5,0,1.000113,0.984817,1.011404,18,3,709,100,100,61,12,1,0,-96,98,98,2,80,16,43,12,0,0,3096,173,0,4,0,1020,117,0,8,0,524,1,0,10,0,260,0,0,1,0,159,592,4,16,0,0,33,5,1,0,0,1,1,0,0
5,15,1,16,4,5,0,1.020537,0.998203,1.006029,14,1,459,5,0,61,12,1,-96,0,-100,-100,0,80,16,24,3,0,0,3096,94,0,1,0,1020,151,0,2,0,524,1,0,0,0,260,0,0,0,0,159,458,0,1,0,0,0,0,0,0,0,0,0,0,0
5,15,2,35,4,5,0,1.010782,1.005936,1.022231,32,1,459,20,15,61,12,1,98,-100,0,98,2,80,16,248,36,0,0,3096,176,0,12,0,1020,195,0,24,0,524,0,0,2,0,260,0,0,6,0,159,445,24,16,0,0,0,1,1,0,0,1,1,0,0
5,15,3,21,4,5,0,1.009671,0.982751,1.00496,19,0,334,5,0,61,12,1,98,-100,98,0,2,80,16,173,15,0,0,3096,179,0,5,0,1020,168,0,10,0,524,0,0,8,0,260,0,0,6,0,159,327,24,15,0,0,16,4,1,0,0,1,1,0,0
5,16,0,21,5,7,0,1.002747,0.983104,1.018804,18,4,834,100,100,63,13,1,0,-98,100,98,2,80,18,45,12,0,0,3048,196,0,4,0,1017,121,0,8,0,538,1,0,2,0,262,0,0,2,0,202,587,8,25,0,0,16,1,18,0,0,1,1,0,0
5,16,1,14,5,7,0,1.019084,1.000897,1.014599,12,1,459,5,0,63,13,1,-98,0,-100,-100,0,80,18,25,6,0,0,3048,76,0,2,0,1017,152,0,4,0,538,1,0,0,0,262,0,0,0,0,202,457,0,2,0,0,0,0,0,0,0,0,0,0,0
5,16,2,36,5,7,0,1.00817,1.006845,1.023194,32,1,459,16.724457,11.724457,63,13,1,100,-100,0,100,2,80,18,274,42,0,0,3048,191,0,14,0,1017,209,0,28,0,538,0,0,2,0,262,0,0,2,0,202,443,8,18,0,0,0,1,1,0,0,1,1,0,0
5,16,3,20,5,7,0,1.009437,0.978013,1.00024,18,0,334,10,5,63,13,1,98,-100,100,0,2,80,18,177,12,0,0,3048,194,0,4,0,1017,172,0,8,0,538,0,0,2,0,262,0,0,6,0,202,328,24,8,0,0,16,1,1,0,0,1,1,0,0
5,17,0,21,6,5,0,1.007918,0.989894,1.018607,18,4,834,100,100,64,14,1,0,-98,98,98,2,80,12,48,12,0,0,3120,171,0,4,0,1014,125,0,8,0,533,0,0,4,0,265,0,0,6,0,135,659,24,10,0,0,17,2,1,0,0,1,1,0,0
5,17,1,15,6,5,0,1.022479,0.995566,1.011767,12,1,459,5,0,64,14,1,-98,0,-100,-100,0,80,12,26,6,0,0,3120,60,0,2,0,1014,153,0,4,0,533,1,0,0,0,265,0,0,0,0,135,457,0,2,0,0,0,0,0,0,0,0,0,0,0
5,17,2,35,6,5,0,1.00532,0.999234,1.024484,30,1,459,21.724457,16.724457,64,14,1,98,-100,0,100,2,80,12,302,42,0,0,3120,221,0,14,0,1014,223,0,28,0,533,0,0,0,0,265,0,0,1,0,135,445,4,14,0,0,0,0,0,0,0,0,0,0,0
5,17,3,21,6,5,0,1.010012,0.978277,1.002091,18,1,459,15,10,64,14,1,98,-100,100,0,2,80,12,189,15,0,0,3120,169,0,5,0,1014,177,0,10,0,533,0,0,8,0,265,0,0,0,0,135,302,0,32,0,0,2,4,18,0,0,1,1,0,0
5,18,0,21,3,7,0,1.009861,0.986813,1.015391,19,4,834,100,100,65,15,1,0,-98,98,98,2,80,26,56,12,0,0,3112,194,0,4,0,1005,129,0,8,0,538,0,0,0,0,245,4,0,10,0,160,702,40,6,0,0,16,0,1,0,0,1,1,0,0
5,18,1,13,3,7,0,1.012274,0.990115,1.009175,11,1,459,5,0,65,15,1,-98,0,-100,-100,0,80,26,17,3,0,0,3112,44,0,1,0,1005,151,0,2,0,538,1,0,0,0,245,0,0,0,0,160,458,0,1,0,0,0,0,0,0,0,0,0,0,0
5,18,2,34,3,7,0,1.005033,0.993622,1.026159,28,1,459,26.724457,21.724457,65,15,1,98,-100,0,98,2,80,26,322,42,0,0,3112,172,0,14,0,1005,237,0,28,0,538,1,0,0,0,245,0,0,8,0,160,445,32,14,0,0,0,0,0,0,0,0,0,0,0
5,18,3,20,3,7,0,1.0115,0.984882,1.008881,17,1,459,20,15,65,15,1,98,-100,98,0,2,80,26,199,15,0,0,3112,183,0,5,0,1005,182,0,10,0,538,1,0,4,0,245,0,0,5,0,160,320,20,11,0,0,3,2,1,0,0,1,1,0,0
5,19,0,13,5,19,0,1.009129,0.996364,1.029379,9,5,959,100,100,66,16,1,0,-98,98,98,2,80,21,59,12,0,0,3104,169,0,4,0,1022,133,0,8,0,501,0,0,6,0,272,1,0,3,0,157,694,12,29,0,0,1,3,18,0,0,1,1,0,0
5,19,1,12,5,19,0,0.997198,1.001263,1.017944,10,1,459,5,0,66,16,1,-98,0,-100,-100,0,80,21,13,3,0,0,3104,30,0,1,0,1022,149,0,2,0,501,1,0,0,0,272,0,0,0,0,157,458,0,1,0,0,0,0,0,0,0,0,0,0,0
5,19,2,34,5,19,0,1.005033,0.993622,1.026159,28,1,459,31.724457,26.724457,66,16,1,98,-100,0,98,2,80,21,352,42,0,0,3104,196,0,14,0,1022,251,0,28,0,501,0,0,12,0,272,0,0,0,0,157,427,0,32,0,0,3,6,3,0,0,3,3,0,0
5,19,3,15,5,19,0,1.020967,0.990657,1.007813,12,1,459,25,20,66,16,1,98,-100,98,0,2,80,21,206,12,0,0,3104,175,0,4,0,1022,186,0,8,0,501,1,0,8,0,272,0,0,0,0,157,331,0,14,0,0,6,4,1,0,0,1,1,0,0
5,20,0,12,2,8,0,1.022022,0.998473,1.034122,8,5,959,100,100,67,17,1,0,-98,98,98,2,80,23,71,12,0,0,3088,152,0,4,0,1028,137,0,8,0,514,0,0,6,0,272,0,0,1,0,300,684,4,14,0,0,2,3,2,0,0,2,2,0,0
5,20,1,13,2,8,0,0.995623,1.006826,1.015518,10,1,459,5,0,67,17,1,-98,0,-100,-100,0,80,23,13,6,0,0,3088,16,0,2,0,1028,145,0,4,0,514,1,0,0,0,272,0,0,0,0,300,445,0,2,0,0,0,0,0,0,0,0,0,0,0
5,20,2,29,2,8,0,1.006093,0.993411,1.031011,28,1,459,36.724457,31.724457,67,17,1,98,-100,0,96,2,80,23,368,33,0,0,3088,239,0,11,0,1028,256,0,22,0,514,0,0,6,0,272,0,0,0,0,300,411,0,19,0,0,5,3,1,0,0,1,1,0,0
5,20,3,14,2,8,0,1.019379,0.998519,1.00901,12,1,459,30,25,67,17,1,98,-100,96,0,2,80,23,212,9,0,0,3088,181,0,3,0,1028,189,0,6,0,514,0,0,10,0,272,0,0,0,0,300,324,0,15,0,0,10,5,1,0,0,1,1,0,0
5,21,0,11,2,7,0,1.023836,0.990973,1.034639,7,5,959,100,100,67,17,1,0,-98,98,98,2,80,26,84,12,0,0,3190,136,0,4,0,1029,141,0,8,0,531,1,0,2,0,272,0,0,0,0,158,685,0,8,0,0,2,1,1,0,0,1,1,0,0
5,21,1,10,2,7,0,1.00749,1.010042,1.022324,7,1,459,10,5,67,17,1,-98,0,-100,-100,0,80,26,8,3,0,0,3190,12,0,1,0,1029,148,0,2,0,531,0,0,2,0,272,0,0,0,0,158,454,0,5,0,0,0,1,1,0,0,1,1,0,0
5,21,2,28,2,7,0,1.00693,0.993913,1.032093,28,1,459,41.724457,36.724457,67,17,1,98,-100,0,96,2,80,26,388,33,0,0,3190,199,0,11,0,1029,267,0,22,0,531,0,0,4,0,272,0,0,0,0,158,444,0,15,0,0,7,2,0,0,0,0,0,0,0
5,21,3,14,2,7,0,1.019379,0.998519,1.00901,13,1,459,35,30,67,17,1,98,-100,96,0,2,80,26,222,9,0,0,3190,164,0,3,0,1029,192,0,6,0,531,1,0,4,0,272,0,0,0,0,158,348,0,9,0,0,11,2,1,0,0,1,1,0,0
5,22,0,9,3,7,1,1.038146,0.999638,1.047677,5,5,959,100,100,68,18,1,0,-98,98,96,2,80,26,88,6,0,0,3150,131,0,2,0,1035,143,0,4,0,529,1,0,6,0,272,0,0,0,0,209,679,0,12,0,0,3,3,2,0,0,2,2,0,0
5,22,1,9,3,7,1,1.010909,1.002984,1.026314,8,1,459,5,0,68,18,1,-98,0,-100,-100,0,80,26,11,3,0,0,3150,11,0,1,0,1035,151,0,2,0,529,0,0,0,0,272,0,0,0,0,209,458,0,1,0,0,0,0,0,0,0,0,0,0,0
5,22,2,28,3,7,1,1.005485,0.990858,1.030957,27,1,459,46.724457,41.724457,68,18,1,98,-100,0,92,2,80,26,409,33,0,0,3150,160,0,11,0,1035,275,0,22,0,529,1,0,2,0,272,0,0,0,0,209,446,0,13,0,0,8,1,0,0,0,0,0,0,0
5,22,3,13,3,7,1,1.019262,1.006715,0.998133,12,1,459,40,35,68,18,1,96,-100,92,0,2,80,26,227,6,0,0,3150,172,0,2,0,1035,194,0,4,0,529,1,0,6,0,272,0,0,0,0,209,349,0,8,0,0,14,3,0,0,0,0,0,0,0
5,23,0,8,2,9,0,1.027336,1.008938,1.054397,5,5,959,100,100,70,18,1,0,-100,100,98,2,80,17,93,6,0,0,3088,128,0,2,0,1044,145,0,4,0,539,0,0,2,0,269,0,0,0,0,252,676,0,6,0,0,3,1,1,0,0,1,1,0,0
5,23,1,8,2,9,0,1.005792,1.016106,1.014934,7,1,459,10,5,70,18,1,-100,0,-100,-100,0,80,17,14,3,0,0,3088,1,0,1,0,1044,154,0,2,0,539,0,0,0,0,269,0,0,0,0,252,458,0,1,0,0,0,0,0,0,0,0,0,0,0
5,23,2,24,2,9,0,1.008097,0.990894,1.029909,24,1,459,22.859963,17.859963,70,18,1,100,-100,0,100,2,80,17,423,30,0,0,3088,202,0,10,0,1044,282,0,20,0,539,1,0,0,0,269,0,0,3,0,252,449,12,10,0,0,8,0,0,0,0,0,0,0,0
5,23,3,12,2,9,0,1.036735,1.006044,0.993982,10,1,459,45,40,70,18,1,98,-100,100,0,2,80,17,230,6,0,0,3088,173,0,2,0,1044,193,0,4,0,539,1,0,4,0,269,0,0,0,0,252,350,0,8,0,0,15,2,1,0,0,1,1,0,0
5,24,0,6,1,4,0,1.018509,1.010259,1.066325,4,5,959,100,100,71,19,1,0,-100,98,98,2,80,34,101,6,0,0,3169,126,0,2,0,1044,147,0,4,0,538,0,0,2,0,260,2,0,2,0,299,678,8,6,0,0,3,1,1,0,0,1,1,0,0
5,24,1,8,1,4,0,1.005792,1.016106,1.014934,7,1,459,5,0,71,19,1,-100,0,-100,-100,0,80,34,12,0,0,0,3169,0,0,0,0,1044,159,0,0,0,538,0,0,0,0,260,0,0,0,0,299,453,0,0,0,0,0,0,0,0,0,0,0,0,0
5,24,2,24,1,4,0,1.008097,0.990894,1.029909,24,1,459,27.859963,22.859963,71,19,1,98,-100,0,98,2,80,34,445,30,0,0,3169,168,0,10,0,1044,289,0,20,0,538,0,0,2,0,260,0,0,2,0,299,448,8,12,0,0,9,1,0,0,0,0,0,0,0
5,24,3,11,1,4,0,1.021187,0.989997,0.992585,9,1,459,50,45,71,19,1,98,-100,98,0,2,80,34,234,6,0,0,3169,175,0,2,0,1044,195,0,4,0,538,0,0,4,0,260,1,0,5,0,299,362,20,8,0,0,16,2,1,0,0,1,1,0,0
5,25,0,3,2,8,0,1.028185,1.019096,1.063178,3,5,959,100,100,72,20,1,0,-100,96,98,2,80,35,104,3,0,0,3088,127,0,1,0,1047,148,0,2,0,542,0,0,0,0,260,4,0,1,0,265,681,4,1,0,0,3,0,0,0,0,0,0,0,0
5,25,1,7,2,8,0,0.995196,1.04683,0.982095,5,1,459,5,0,72,20,1,-100,0,-100,-100,0,80,35,11,0,0,0,3088,0,0,0,0,1047,164,0,0,0,542,0,0,0,0,260,0,0,0,0,265,457,0,0,0,0,0,0,0,0,0,0,0,0,0
5,25,2,24,2,8,0,1.006929,0.997674,1.025054,23,1,459,32.859963,27.859963,72,20,1,96,-100,0,96,2,80,35,459,30,0,0,3088,214,0,10,0,1047,296,0,20,0,542,0,0,0,0,260,0,0,3,0,265,449,12,10,0,0,9,0,0,0,0,0,0,0,0
5,25,3,9,2,8,0,1.019975,1.007471,0.979896,8,1,459,55,50,72,20,1,98,-100,96,0,2,80,35,240,6,0,0,3088,178,0,2,0,1047,197,0,4,0,542,0,0,2,0,260,3,0,4,0,265,378,16,6,0,0,16,1,1,0,0,1,1,0,0
5,26,0,3,0,2,0,1.028185,1.019096,1.063178,3,5,959,100,100,73,21,1,0,-100,94,96,2,80,46,106,3,0,0,3193,123,0,1,0,1045,149,0,2,0,542,0,0,0,0,270,3,0,1,0,193,684,4,1,0,0,3,0,0,0,0,0,0,0,0
5,26,1,7,0,2,0,0.995196,1.04683,0.982095,5,1,459,5,0,73,21,1,-100,0,-100,-100,0,80,46,11,0,0,0,3193,0,0,0,0,1045,174,0,0,0,542,0,0,0,0,270,0,0,0,0,193,459,0,0,0,0,0,0,0,0,0,0,0,0,0
5,26,2,24,0,2,0,1.006929,0.997674,1.025054,23,1,459,37.859963,32.859963,73,21,1,94,-100,0,94,2,80,46,459,30,0,0,3193,180,0,10,0,1045,303,0,20,0,542,1,0,0,0,270,0,0,1,0,193,447,4,12,0,0,8,0,1,0,0,1,1,0,0
5,26,3,7,0,2,0,1.012327,1.012335,0.980198,7,1,459,60,55,73,21,1,96,-100,94,0,2,80,46,242,3,0,0,3193,168,0,1,0,1045,198,0,2,0,542,1,0,0,0,270,0,0,4,0,193,415,16,1,0,0,16,0,0,0,0,0,0,0,0
5,27,0,3,1,3,0,1.028185,1.019096,1.063178,3,5,959,100,100,74,22,1,0,-100,92,94,2,80,51,108,3,0,0,3097,119,0,1,0,1045,150,0,2,0,541,0,0,0,0,272,2,0,1,0,279,687,4,1,0,0,3,0,0,0,0,0,0,0,0
5,27,1,7,1,3,0,0.995196,1.04683,0.982095,5,1,459,5,0,74,22,1,-100,0,-100,-100,0,80,51,10,0,0,0,3097,0,0,0,0,1045,184,0,0,0,541,0,0,0,0,272,0,0,0,0,279,459,0,0,0,0,0,0,0,0,0,0,0,0,0
5,27,2,24,1,3,0,1.003766,0.996895,1.019225,23,1,459,42.859963,37.859963,74,22,1,92,-100,0,92,2,80,51,459,27,0,0,3097,235,0,9,0,1045,312,0,18,0,541,1,0,0,0,272,0,0,0,0,279,441,0,9,0,0,8,0,0,0,0,0,0,0,0
5,27,3,5,1,3,0,1.022761,1.008907,0.971985,5,2,584,65,60,74,22,1,94,-100,92,0,2,80,51,247,3,0,0,3097,168,0,1,0,1045,199,0,2,0,541,0,0,4,0,272,0,0,0,0,279,399,0,22,0,0,1,2,17,0,0,0,0,0,0
5,28,0,3,2,13,0,1.028185,1.019096,1.063178,3,5,959,100,100,75,23,1,0,-100,90,94,2,80,46,110,3,0,0,3193,115,0,1,0,1048,151,0,2,0,538,0,0,0,0,272,1,0,1,0,236,690,4,1,0,0,3,0,0,0,0,0,0,0,0
5,28,1,7,2,13,0,0.986058,1.03723,0.977201,4,1,459,5,0,75,23,1,-100,0,-100,-100,0,80,46,8,0,0,0,3193,0,0,0,0,1048,194,0,0,0,538,0,0,0,0,272,0,0,0,0,236,458,0,0,0,0,0,0,0,0,0,0,0,0,0
5,28,2,14,2,13,0,1.00465,1.021414,1.036728,14,1,459,47.859963,42.859963,75,23,1,90,-100,0,90,2,80,46,459,27,0,0,3193,202,0,9,0,1048,318,0,18,0,538,0,0,4,0,272,0,0,0,0,236,438,0,13,0,0,10,2,0,0,0,0,0,0,0
5,28,3,4,2,13,0,1.066454,0.999125,0.929138,3,2,584,70,65,75,23,1,94,-100,90,0,2,80,46,251,3,0,0,3193,162,0,1,0,1048,200,0,2,0,538,1,0,2,0,272,0,0,0,0,236,399,0,3,0,0,2,1,0,0,0,0,0,0,0
5,29,0,3,3,3,0,1.028185,1.019096,1.063178,3,5,959,100,100,76,24,1,0,-100,88,92,2,80,46,112,3,0,0,3193,111,0,1,0,1048,152,0,2,0,541,0,0,0,0,269,0,0,1,0,271,693,4,1,0,0,3,0,0,0,0,0,0,0,0
5,29,1,9,3,3,0,0.995855,1.040407,0.964546,4,1,459,5,0,76,24,1,-100,0,-100,-100,0,80,46,10,0,0,0,3193,0,0,0,0,1048,204,0,0,0,541,0,0,0,0,269,0,0,0,0,271,459,0,0,0,0,0,0,0,0,0,0,0,0,0
5,29,2,14,3,3,0,1.006636,1.026457,1.039381,13,1,459,52.859963,47.859963,76,24,1,88,-100,0,88,2,80,46,459,24,0,0,3193,180,0,8,0,1048,323,0,16,0,541,0,0,0,0,269,0,0,3,0,271,451,12,8,0,0,10,0,0,0,0,0,0,0,0
5,29,3,2,3,3,0,1.017321,1.025866,0.954977,1,2,584,75,70,76,24,1,92,-100,88,0,2,80,46,254,3,0,0,3193,157,0,1,0,1048,201,0,2,0,541,4,0,0,0,269,0,0,0,0,271,398,0,1,0,0,2,0,0,0,0,0,0,0,0
5,30,0,2,2,5,0,1.001988,1.010835,1.058917,2,5,959,100,100,77,25,1,0,-100,86,90,1,80,54,114,3,0,0,3175,107,0,1,0,1054,153,0,2,0,530,0,0,0,0,272,0,0,0,0,282,692,0,1,0,0,3,0,0,0,0,0,0,0,0
5,30,1,10,2,5,0,0.990887,1.042576,0.967126,4,1,459,5,0,77,25,1,-100,0,-100,-100,0,80,54,12,0,0,0,3175,0,0,0,0,1054,214,0,0,0,530,0,0,8,0,272,0,0,0,0,282,445,0,14,0,0,1,4,3,0,0,3,3,0,0
5,30,2,13,2,5,0,1.017648,1.024057,1.030297,11,1,459,57.859963,52.859963,77,25,1,86,-100,0,86,1,80,54,459,21,0,0,3175,167,0,7,0,1054,330,0,14,0,530,0,0,6,0,272,0,0,0,0,282,442,0,15,0,0,12,3,1,0,0,1,1,0,0
5,30,3,0,2,5,0,0,0,0,0,2,584,75,75,77,25,1,90,-100,86,0,0,80,54,252,0,0,0,3175,155,0,0,0,1054,201,0,0,0,530,4,0,0,0,272,0,0,0,0,282,398,0,0,0,0,2,0,0,0,0,0,0,0,0
5,31,0,2,1,1,0,1.001988,1.010835,1.058917,2,5,959,100,100,77,25,1,0,-100,86,90,1,80,57,115,3,0,0,3172,104,0,1,0,1057,151,0,2,0,542,0,0,0,0,258,0,0,0,0,290,691,0,1,0,0,3,0,0,0,0,0,0,0,0
5,31,1,10,1,1,0,0.990887,1.042576,0.967126,7,1,459,10,5,77,25,1,-100,0,-100,-100,0,80,57,15,6,0,0,3172,8,0,2,0,1057,220,0,4,0,542,0,0,2,0,258,0,0,5,0,290,453,20,8,0,0,0,1,2,0,0,2,2,0,0
5,31,2,13,1,1,0,1.012423,1.025671,1.031459,11,1,459,62.859963,57.859963,77,25,1,86,-100,0,86,1,80,57,459,21,0,0,3172,155,0,7,0,1057,337,0,14,0,542,0,0,0,0,258,7,0,2,0,290,441,8,9,0,0,11,0,1,0,0,1,1,0,0
5,31,3,0,1,1,0,0,0,0,0,2,584,75,75,77,25,1,90,-100,86,0,0,80,57,252,0,0,0,3172,155,0,0,0,1057,201,0,0,0,542,4,0,0,0,258,0,0,0,0,290,398,0,0,0,0,2,0,0,0,0,0,0,0,0
5,32,0,1,2,4,0,1.043136,1.028979,1.088023,1,5,959,100,100,79,25,1,0,-100,98,90,1,80,55,116,3,0,0,3180,101,0,1,0,1060,149,0,2,0,544,0,0,0,0,258,0,0,0,0,283,690,0,1,0,0,3,0,0,0,0,0,0,0,0
5,32,1,10,2,4,0,0.982336,1.045025,0.976268,8,1,459,15,10,79,25,1,-100,0,-100,-100,0,80,55,19,6,0,0,3180,8,0,2,0,1060,226,0,4,0,544,0,0,0,0,258,0,0,5,0,283,457,20,2,0,0,0,0,0,0,0,0,0,0,0
5,32,2,12,2,4,0,1.012589,1.025123,1.043688,10,1,459,26.605601,21.605601,79,25,1,98,-100,0,98,1,80,55,459,21,0,0,3180,143,0,7,0,1060,341,0,14,0,544,0,0,0,0,258,11,0,2,0,283,443,8,9,0,0,10,0,1,0,0,1,1,0,0
5,32,3,0,2,4,0,0,0,0,0,2,584,75,75,79,25,1,90,-100,98,0,0,80,55,252,0,0,0,3180,155,0,0,0,1060,201,0,0,0,544,4,0,0,0,258,0,0,0,0,283,398,0,0,0,0,2,0,0,0,0,0,0,0,0
5,33,0,0,2,3,0,0,0,0,0,5,959,100,100,80,25,1,0,-100,100,90,0,80,56,115,0,0,0,3170,100,0,0,0,1060,149,0,0,0,541,0,0,0,0,272,0,0,0,0,287,690,0,0,0,0,3,0,0,0,0,0,0,0,0
5,33,1,10,2,3,0,0.986076,1.043906,0.983571,7,1,459,20,15,80,25,1,-100,0,-100,-100,0,80,56,28,6,0,0,3170,18,0,2,0,1060,232,0,4,0,541,0,0,0,0,272,0,0,0,0,287,457,0,2,0,0,0,0,0,0,0,0,0,0,0
5,33,2,12,2,3,0,1.018135,1.030934,1.063217,10,1,459,15.530082,10.530082,80,25,1,100,-100,0,100,0,80,56,459,21,0,0,3170,132,0,7,0,1060,345,0,14,0,541,1,0,2,0,272,9,0,2,0,287,443,8,11,0,0,10,1,1,0,0,1,1,0,0
5,33,3,0,2,3,0,0,0,0,0,2,584,75,75,80,25,1,90,-100,100,0,0,80,56,252,0,0,0,3170,155,0,0,0,1060,201,0,0,0,541,4,0,0,0,272,0,0,0,0,287,398,0,0,0,0,2,0,0,0,0,0,0,0,0
5,34,0,0,1,3,0,0,0,0,0,5,959,100,100,81,25,0,0,-100,98,90,0,80,55,115,0,0,0,3200,100,0,0,0,1052,149,0,0,0,543,0,0,0,0,272,0,0,0,0,279,690,0,0,0,0,3,0,0,0,0,0,0,0,0
5,34,1,9,1,3,0,0.99051,1.041886,0.982819,7,1,459,11.892504,6.892504,81,25,0,-100,0,-100,-100,0,80,55,37,9,0,0,3200,5,0,3,0,1052,241,0,6,0,543,1,0,0,0,272,0,0,0,0,279,456,0,3,0,0,0,0,0,0,0,0,0,0,0
5,34,2,11,1,3,0,1.018716,1.02183,1.067305,9,1,459,20.530082,15.530082,81,25,0,98,-100,0,98,0,80,55,459,21,0,0,3200,113,0,7,0,1052,352,0,14,0,543,1,0,0,0,272,7,0,2,0,279,448,8,9,0,0,9,0,1,0,0,1,1,0,0
5,34,3,0,1,3,0,0,0,0,0,2,584,75,75,81,25,0,90,-100,98,0,0,80,55,252,0,0,0,3200,155,0,0,0,1052,201,0,0,0,543,4,0,0,0,272,0,0,0,0,279,398,0,0,0,0,2,0,0,0,0,0,0,0,0
5,35,0,0,0,1,0,0,0,0,0,5,959,100,100,81,25,0,0,-100,98,90,0,80,58,115,0,0,0,3186,100,0,0,0,1052,149,0,0,0,544,0,0,0,0,272,0,0,0,0,281,690,0,0,0,0,3,0,0,0,0,0,0,0,0
5,35,1,9,0,1,0,0.99051,1.041886,0.982819,7,1,459,16.892504,11.892504,81,25,0,-100,0,-100,-100,0,80,58,46,9,0,0,3186,7,0,3,0,1052,250,0,6,0,544,1,0,0,0,272,0,0,0,0,281,456,0,3,0,0,0,0,0,0,0,0,0,0,0
5,35,2,10,0,1,0,1.017173,1.015209,1.067396,9,1,459,25.530082,20.530082,81,25,0,98,-100,0,98,0,80,58,459,21,0,0,3186,95,0,7,0,1052,359,0,14,0,544,1,0,0,0,272,4,0,3,0,281,450,12,9,0,0,8,0,1,0,0,1,1,0,0
5,35,3,0,0,1,0,0,0,0,0,2,584,75,75,81,25,0,90,-100,98,0,0,80,58,252,0,0,0,3186,155,0,0,0,1052,201,0,0,0,544,4,0,0,0,272,0,0,0,0,281,398,0,0,0,0,2,0,0,0,0,0,0,0,0
5,36,0,0,1,1,0,0,0,0,0,5,959,100,100,81,25,0,0,-100,98,90,0,80,50,115,0,0,0,3188,100,0,0,0,1052,149,0,0,0,544,0,0,0,0,272,0,0,0,0,276,690,0,0,0,0,3,0,0,0,0,0,0,0,0
5,36,1,9,1,1,0,0.98885,1.047613,0.980586,6,1,459,21.892504,16.892504,81,25,0,-100,0,-100,-100,0,80,50,56,9,0,0,3188,7,0,3,0,1052,259,0,6,0,544,1,0,0,0,272,0,0,0,0,276,456,0,3,0,0,0,0,0,0,0,0,0,0,0
5,36,2,10,1,1,0,1.017173,1.015209,1.067396,10,1,459,30.530082,25.530082,81,25,0,98,-100,0,98,0,80,50,459,21,0,0,3188,78,0,7,0,1052,366,0,14,0,544,1,0,0,0,272,1,0,3,0,276,452,12,7,0,0,8,0,0,0,0,0,0,0,0
5,36,3,0,1,1,0,0,0,0,0,2,584,75,75,81,25,0,90,-100,98,0,0,80,50,252,0,0,0,3188,155,0,0,0,1052,201,0,0,0,544,4,0,0,0,272,0,0,0,0,276,398,0,0,0,0,2,0,0,0,0,0,0,0,0
5,37,0,0,1,1,0,0,0,0,0,5,959,100,100,81,25,0,0,-100,98,90,0,80,56,115,0,0,0,3198,100,0,0,0,1052,149,0,0,0,544,0,0,0,0,272,0,0,0,0,283,690,0,0,0,0,3,0,0,0,0,0,0,0,0
5,37,1,8,1,1,0,0.98787,1.046584,0.978464,6,1,459,26.892504,21.892504,81,25,0,-100,0,-100,-100,0,80,56,57,0,0,0,3198,0,0,0,0,1052,274,0,0,0,544,1,0,0,0,272,0,0,0,0,283,459,0,0,0,0,0,0,0,0,0,0,0,0,0
5,37,2,11,1,1,0,1.018413,1.017649,1.069811,10,1,459,35.530082,30.530082,81,25,0,98,-100,0,98,0,80,56,459,21,0,0,3198,61,0,7,0,1052,373,0,14,0,544,1,0,0,0,272,0,0,1,0,283,452,4,7,0,0,8,0,0,0,0,0,0,0,0
5,37,3,0,1,1,0,0,0,0,0,2,584,75,75,81,25,0,90,-100,98,0,0,80,56,252,0,0,0,3198,155,0,0,0,1052,201,0,0,0,544,4,0,0,0,272,0,0,0,0,283,398,0,0,0,0,2,0,0,0,0,0,0,0,0
5,38,0,0,1,0,0,0,0,0,0,5,959,100,100,81,25,0,0,-100,98,90,0,80,48,115,0,0,0,3192,100,0,0,0,1052,149,0,0,0,544,0,0,0,0,272,0,0,0,0,274,690,0,0,0,0,3,0,0,0,0,0,0,0,0
5,38,1,8,1,0,0,0.98787,1.046584,0.978464,6,1,459,31.892504,26.892504,81,25,0,-100,0,-100,-100,0,80,48,59,0,0,0,3192,0,0,0,0,1052,289,0,0,0,544,1,0,0,0,272,0,0,0,0,274,459,0,0,0,0,0,0,0,0,0,0,0,0,0
5,38,2,12,1,0,0,1.021983,1.01873,1.068633,10,1,459,40.530082,35.530082,81,25,0,98,-100,0,98,0,80,48,459,21,0,0,3192,43,0,7,0,1052,380,0,14,0,544,1,0,0,0,272,0,0,0,0,274,450,0,9,0,0,7,0,1,0,0,1,1,0,0
5,38,3,0,1,0,0,0,0,0,0,2,584,75,75,81,25,0,90,-100,98,0,0,80,48,252,0,0,0,3192,155,0,0,0,1052,201,0,0,0,544,4,0,0,0,272,0,0,0,0,274,398,0,0,0,0,2,0,0,0,0,0,0,0,0
5,39,0,0,0,0,0,0,0,0,0,5,959,100,100,81,25,0,0,-100,100,90,0,80,69,115,0,0,0,3192,99,0,0,0,1049,149,0,0,0,544,0,0,0,0,272,0,0,0,0,291,690,0,0,0,0,3,0,0,0,0,0,0,0,0
5,39,1,8,0,0,0,0.98787,1.046584,0.978464,6,1,459,36.892504,31.892504,81,25,0,-100,0,-100,-100,0,80,69,53,0,0,0,3192,0,0,0,0,1049,304,0,0,0,544,1,0,0,0,272,0,0,0,0,291,459,0,0,0,0,0,0,0,0,0,0,0,0,0
5,39,2,12,0,0,0,1.021983,1.01873,1.068633,11,1,459,45.530082,40.530082,81,25,0,100,-100,0,100,0,80,69,459,24,0,0,3192,25,0,8,0,1049,388,0,16,0,544,1,0,0,0,272,0,0,0,0,291,446,0,10,0,0,6,0,1,0,0,1,1,0,0
5,39,3,0,0,0,0,0,0,0,0,2,584,75,75,81,25,0,90,-100,100,0,0,80,69,252,0,0,0,3192,154,0,0,0,1049,201,0,0,0,544,4,0,0,0,272,0,0,0,0,291,398,0,0,0,0,2,0,0,0,0,0,0,0,0
5,40,0,0,3,3,0,0,0,0,0,5,959,100,100,81,25,0,0,-100,100,90,0,80,46,115,0,0,0,3192,98,0,0,0,1049,149,0,0,0,544,0,0,0,0,272,0,0,0,0,278,690,0,0,0,0,3,0,0,0,0,0,0,0,0
5,40,1,9,3,3,0,0.999032,1.026223,0.984103,5,1,459,41.892504,36.892504,81,25,0,-100,0,-100,-100,0,80,46,55,0,0,0,3192,0,0,0,0,1049,319,0,0,0,544,1,0,0,0,272,0,0,0,0,278,459,0,0,0,0,0,0,0,0,0,0,0,0,0
5,40,2,11,3,3,0,1.025032,1.019364,1.065046,10,1,459,50.530082,45.530082,81,25,0,100,-100,0,100,0,80,46,459,21,0,0,3192,8,0,7,0,1049,395,0,14,0,544,1,0,0,0,272,0,0,0,0,278,448,0,7,0,0,6,0,0,0,0,0,0,0,0
5,40,3,0,3,3,0,0,0,0,0,2,584,75,75,81,25,0,90,-100,100,0,0,80,46,252,0,0,0,3192,153,0,0,0,1049,201,0,0,0,544,4,0,0,0,272,0,0,0,0,278,398,0,0,0,0,2,0,0,0,0,0,0,0,0
1,1,0,51,5,6,0,1.008289,1.002118,1.000992,0,0,334,100,100,9,0,0,0,-34,44,2,1,80,1,54,36,0,0,2802,201,0,12,0,911,62,0,24,0,476,0,0,48,0,272,1,0,24,0,139,121,96,78,0,0,15,24,9,0,0,9,9,0,0
1,1,1,48,5,6,0,1.003077,1.000757,1.004058,0,0,334,100,100,9,0,0,-34,0,-62,-34,0,80,1,52,36,0,0,2802,215,0,12,0,911,81,0,24,0,476,3,0,46,0,272,2,0,23,0,139,136,92,76,0,0,14,23,9,0,0,9,9,0,0
1,1,2,50,5,6,0,1.007409,0.997313,1.002677,0,0,334,63.847306,58.847306,9,0,0,44,-62,0,44,2,80,1,61,39,0,0,2802,200,0,13,0,911,63,0,26,0,476,7,0,46,0,272,2,0,23,0,139,115,92,77,0,0,14,23,9,0,0,9,9,0,0
1,1,3,50,5,6,0,1.004367,0.996653,1.005424,0,0,334,100,100,9,0,0,2,-34,44,0,1,80,1,58,39,0,0,2802,192,0,13,0,911,63,0,26,0,476,8,0,46,0,272,2,0,23,0,139,118,92,77,0,0,14,23,9,0,0,9,9,0,0
1,2,0,49,5,14,0,1.009807,1.000481,1.001351,8,0,334,100,100,16,0,1,0,-40,46,14,1,80,11,53,33,0,0,2912,243,0,11,0,922,73,0,22,0,512,0,0,8,0,186,0,0,22,0,120,208,88,37,0,0,10,4,9,0,0,9,9,0,0
1,2,1,42,5,14,0,1.001001,0.992172,1.005739,6,0,334,46.494891,41.494891,16,0,1,-40,0,-68,-76,0,80,11,42,30,0,0,2912,157,0,10,0,922,106,0,20,0,512,1,0,16,0,186,0,0,10,0,120,207,40,44,0,0,13,8,9,0,0,9,9,0,0
1,2,2,49,5,14,0,1.008936,1.000305,1.002059,8,0,334,68.847306,63.847306,16,0,1,46,-68,0,54,2,80,11,63,36,0,0,2912,226,0,12,0,922,75,0,24,0,512,1,0,6,0,186,13,0,22,0,120,200,88,36,0,0,8,3,9,0,0,9,9,0,0
1,2,3,50,5,14,0,1.005637,0.999271,1.007659,7,0,334,74.754961,69.754961,16,0,1,14,-76,54,0,1,80,11,70,42,0,0,2912,208,0,14,0,922,77,0,28,0,512,0,0,12,0,186,4,0,22,0,120,198,88,44,0,0,11,6,9,0,0,9,9,0,0
1,3,0,48,5,18,0,1.01126,1.000219,1.000365,15,0,334,100,100,21,0,1,0,-50,46,46,2,80,5,53,33,0,0,3020,183,0,11,0,932,84,0,22,0,457,1,0,20,0,263,0,0,0,0,57,234,0,49,0,0,11,10,9,0,0,9,9,0,0
1,3,1,36,5,18,0,0.991453,0.994215,1.001426,13,0,334,51.494891,46.494891,21,0,1,-50,0,-78,-100,0,80,5,46,30,0,0,3020,205,0,10,0,932,125,0,20,0,457,1,0,0,0,263,0,0,6,0,57,254,24,28,0,0,4,0,9,0,0,9,9,0,0
1,3,2,50,5,18,0,1.01105,1.00221,1.001986,16,0,334,73.847306,68.847306,21,0,1,46,-78,0,86,2,80,5,71,39,0,0,3020,164,0,13,0,932,88,0,26,0,457,1,0,30,0,263,0,0,13,0,57,266,52,61,0,0,14,15,9,0,0,9,9,0,0
1,3,3,43,5,18,0,1.003756,1.003519,1.008577,14,0,334,38.252757,33.252757,21,0,1,46,-100,86,0,2,80,5,78,42,0,0,3020,208,0,14,0,932,91,0,28,0,457,1,0,26,0,263,0,0,4,0,57,182,16,56,0,0,16,13,8,0,0,8,8,0,0
1,4,0,41,2,29,0,1.010563,1.005574,1.001698,20,0,334,100,100,26,1,1,0,-58,70,46,2,80,5,53,33,0,0,2960,220,0,11,0,929,95,0,22,0,444,1,0,20,0,272,0,0,0,0,141,203,0,49,0,0,12,10,9,0,0,9,9,0,0
1,4,1,26,2,29,0,0.989051,0.993303,1.004394,20,0,334,34.825481,29.825481,26,1,1,-58,0,-100,-100,0,80,5,52,30,0,0,2960,159,0,10,0,929,150,0,20,0,444,1,0,14,0,272,0,0,0,0,141,274,0,30,0,0,8,7,3,0,0,3,3,0,0
1,4,2,44,2,29,0,1.00725,1.001278,0.999195,23,0,334,47.229204,42.229204,26,1,1,70,-100,0,100,2,80,5,71,36,0,0,2960,182,0,12,0,929,100,0,24,0,444,0,0,32,0,272,0,0,0,0,141,223,0,58,0,0,23,16,7,0,0,7,7,0,0
1,4,3,39,2,29,0,1.004824,1.008372,1.005001,17,0,334,43.252757,38.252757,26,1,1,46,-100,100,0,2,80,5,94,42,0,0,2960,215,0,14,0,929,105,0,28,0,444,0,0,18,0,272,0,0,0,0,141,154,0,46,0,0,18,9,7,0,0,7,7,0,0
1,5,0,39,4,20,0,1.012268,1.009938,0.994309,25,0,334,100,100,30,3,1,0,-62,68,56,2,80,3,59,30,0,0,3110,169,0,10,0,942,105,0,20,0,538,1,0,2,0,181,0,0,12,0,116,302,48,24,0,0,7,1,6,0,0,6,6,0,0
1,5,1,22,4,20,0,0.983034,0.997894,1.007082,20,0,334,22.733795,17.733795,30,3,1,-62,0,-100,-100,0,80,3,59,21,0,0,3110,136,0,7,0,942,162,0,14,0,538,1,0,0,0,181,4,0,11,0,116,325,44,9,0,0,7,0,1,0,0,1,1,0,0
1,5,2,39,4,20,0,1.0109,1.005903,0.996051,26,0,334,52.229204,47.229204,30,3,1,68,-100,0,98,2,80,3,84,36,0,0,3110,206,0,12,0,942,109,0,24,0,538,1,0,2,0,181,9,0,16,0,116,276,64,26,0,0,18,1,6,0,0,6,6,0,0
1,5,3,34,4,20,0,1.005723,1.00726,1.006216,19,0,334,30.841576,25.841576,30,3,1,56,-100,98,0,2,80,3,114,39,0,0,3110,163,0,13,0,942,118,0,26,0,538,1,0,0,0,181,1,0,14,0,116,254,56,23,0,0,13,0,5,0,0,5,5,0,0
1,6,0,38,5,15,0,1.014378,1.011322,0.992251,30,0,334,100,100,37,3,1,0,-76,94,76,2,80,6,58,21,0,0,3030,219,0,7,0,962,112,0,14,0,475,1,0,18,0,272,0,0,0,0,203,283,0,31,0,0,13,9,3,0,0,3,3,0,0
1,6,1,20,5,15,0,0.989826,1.004737,1.009361,18,0,334,27.733795,22.733795,37,3,1,-76,0,-100,-100,0,80,6,67,18,0,0,3030,118,0,6,0,962,175,0,12,0,475,0,0,12,0,272,0,0,4,0,203,320,16,20,0,0,12,6,1,0,0,1,1,0,0
1,6,2,35,5,15,0,1.017495,1.012023,0.997869,28,1,459,26.138036,21.138036,37,3,1,94,-100,0,100,2,80,6,87,27,0,0,3030,158,0,9,0,962,118,0,18,0,475,1,0,22,0,272,0,0,9,0,203,296,36,54,0,0,9,11,20,0,0,3,3,0,0
1,6,3,31,5,15,0,1.0048,1.007967,0.999731,21,0,334,8.722351,3.722351,37,3,1,76,-100,100,0,2,80,6,125,30,0,0,3030,183,0,10,0,962,125,0,20,0,475,0,0,16,0,272,0,0,1,0,203,231,4,36,0,0,16,8,5,0,0,5,5,0,0
1,7,0,37,2,5,0,1.01588,1.013017,0.992315,32,1,459,100,100,37,3,1,0,-76,96,78,2,80,21,55,21,0,0,3036,174,0,7,0,985,119,0,14,0,483,0,0,16,0,272,0,0,0,0,151,288,0,46,0,0,1,8,20,0,0,3,3,0,0
1,7,1,20,2,5,0,0.99375,1.001693,1.012748,18,0,334,32.733795,27.733795,37,3,1,-76,0,-100,-100,0,80,21,73,18,0,0,3036,112,0,6,0,985,188,0,12,0,483,1,0,0,0,272,0,0,0,0,151,326,0,8,0,0,11,0,1,0,0,1,1,0,0
1,7,2,35,2,5,0,1.015196,1.012467,1.000613,30,1,459,31.138036,26.138036,37,3,1,96,-100,0,100,2,80,21,92,24,0,0,3036,195,0,8,0,985,126,0,16,0,483,1,0,24,0,272,0,0,0,0,151,275,0,36,0,0,19,12,2,0,0,2,2,0,0
1,7,3,29,2,5,0,1.003796,1.009514,1.001646,24,0,334,13.722351,8.722351,37,3,1,78,-100,100,0,2,80,21,141,30,0,0,3036,198,0,10,0,985,132,0,20,0,483,1,0,20,0,272,0,0,0,0,151,210,0,36,0,0,23,10,3,0,0,3,3,0,0
1,8,0,35,0,6,0,1.012548,1.011395,0.994958,33,1,459,100,100,38,3,1,0,-78,100,78,2,80,20,55,21,0,0,3006,234,0,7,0,988,126,0,14,0,496,1,0,8,0,272,0,0,0,0,153,298,0,17,0,0,4,4,1,0,0,1,1,0,0
1,8,1,18,0,6,0,0.994132,1.003325,1.010817,17,0,334,37.733795,32.733795,38,3,1,-78,0,-100,-100,0,80,20,82,18,0,0,3006,96,0,6,0,988,201,0,12,0,496,1,0,2,0,272,0,0,0,0,153,324,0,10,0,0,11,1,1,0,0,1,1,0,0
1,8,2,35,0,6,0,1.015196,1.012467,1.000613,32,1,459,28.105907,23.105907,38,3,1,100,-100,0,100,2,80,20,99,27,0,0,3006,231,0,9,0,988,135,0,18,0,496,0,0,26,0,272,0,0,0,0,153,251,0,39,0,0,30,13,2,0,0,2,2,0,0
1,8,3,27,0,6,0,1.005157,1.005731,0.99665,25,0,334,18.722351,13.722351,38,3,1,78,-100,100,0,2,80,20,156,27,0,0,3006,160,0,9,0,988,141,0,18,0,496,0,0,10,0,272,0,0,0,0,153,252,0,21,0,0,27,5,1,0,0,1,1,0,0
1,9,0,33,2,6,0,1.010013,1.007027,0.992939,32,1,459,100,100,39,3,1,0,-80,100,86,2,80,13,54,21,0,0,3142,192,0,7,0,988,133,0,14,0,491,0,0,16,0,272,0,0,0,0,125,354,0,25,0,0,11,8,1,0,0,1,1,0,0
1,9,1,16,2,6,0,1.000685,0.999912,1.012161,16,0,334,42.733795,37.733795,39,3,1,-80,0,-100,-100,0,80,13,95,15,0,0,3142,83,0,5,0,988,211,0,10,0,491,1,0,0,0,272,0,0,0,0,125,329,0,5,0,0,11,0,0,0,0,0,0,0,0
1,9,2,34,2,6,0,1.013745,1.010966,1.001923,33,1,459,33.105907,28.105907,39,3,1,100,-100,0,100,2,80,13,109,27,0,0,3142,187,0,9,0,988,144,0,18,0,491,1,0,22,0,272,0,0,0,0,125,260,0,33,0,0,40,11,1,0,0,1,1,0,0
1,9,3,28,2,6,0,1.006024,1.000683,0.994746,25,0,334,12.465185,7.465185,39,3,1,86,-100,100,0,2,80,13,172,27,0,0,3142,172,0,9,0,988,150,0,18,0,491,1,0,14,0,272,0,0,0,0,125,239,0,25,0,0,33,7,1,0,0,1,1,0,0
1,10,0,32,5,6,0,1.010915,1.005783,0.993076,31,1,459,100,100,41,4,1,0,-88,98,86,2,80,13,56,18,0,0,2966,249,0,6,0,993,139,0,12,0,488,0,0,12,0,272,0,0,0,0,213,360,0,18,0,0,17,6,0,0,0,0,0,0,0
1,10,1,15,5,6,0,0.999827,0.998667,1.006799,15,0,334,34.642347,29.642347,41,4,1,-88,0,-100,-100,0,80,13,105,15,0,0,2966,72,0,5,0,993,221,0,10,0,488,1,0,0,0,272,0,0,0,0,213,329,0,5,0,0,11,0,0,0,0,0,0,0,0
1,10,2,34,5,6,0,1.014329,1.014492,1.000282,32,1,459,29.957134,24.957134,41,4,1,98,-100,0,98,2,80,13,115,24,0,0,2966,217,0,8,0,993,152,0,16,0,488,1,0,26,0,272,0,0,0,0,213,241,0,34,0,0,53,13,0,0,0,0,0,0,0
1,10,3,29,5,6,0,1.0059,1.003568,0.994907,25,0,334,17.465185,12.465185,41,4,1,86,-100,98,0,2,80,13,193,30,0,0,2966,190,0,10,0,993,160,0,20,0,488,1,0,18,0,272,0,0,0,0,213,218,0,30,0,0,41,9,1,0,0,1,1,0,0
1,11,0,29,3,11,0,1.012935,1.008629,0.990461,27,2,584,100,100,41,4,1,0,-88,100,88,2,80,7,59,18,0,0,3134,211,0,6,0,999,145,0,12,0,510,0,0,10,0,251,0,0,2,0,96,402,8,35,0,0,4,5,18,0,0,1,1,0,0
1,11,1,15,3,11,0,0.999827,0.998667,1.006799,15,0,334,39.642347,34.642347,41,4,1,-88,0,-100,-100,0,80,7,119,15,0,0,3134,62,0,5,0,999,231,0,10,0,510,1,0,0,0,251,0,0,0,0,96,329,0,5,0,0,11,0,0,0,0,0,0,0,0
1,11,2,31,3,11,0,1.017477,1.01267,1.004154,27,1,459,34.957134,29.957134,41,4,1,100,-100,0,100,2,80,7,120,21,0,0,3134,176,0,7,0,999,159,0,14,0,510,0,0,10,0,251,2,0,11,0,96,319,44,19,0,0,57,5,1,0,0,1,1,0,0
1,11,3,27,3,11,0,1.003909,0.99812,0.9944,24,0,334,22.465185,17.465185,41,4,1,88,-100,100,0,2,80,7,212,30,0,0,3134,207,0,10,0,999,170,0,20,0,510,0,0,16,0,251,0,0,6,0,96,221,24,30,0,0,47,8,2,0,0,2,2,0,0
1,12,0,27,7,6,0,1.010329,1.008711,0.990048,26,2,584,100,100,41,4,1,0,-88,100,90,2,80,12,63,15,0,0,3126,177,0,5,0,1004,148,0,10,0,501,0,0,10,0,264,0,0,2,0,114,470,8,15,0,0,9,5,0,0,0,0,0,0,0
1,12,1,16,7,6,0,1.001405,1.00017,1.005271,15,0,334,44.642347,39.642347,41,4,1,-88,0,-100,-100,0,80,12,127,15,0,0,3126,52,0,5,0,1004,241,0,10,0,501,1,0,0,0,264,0,0,0,0,114,329,0,5,0,0,11,0,0,0,0,0,0,0,0
1,12,2,32,7,6,0,1.021408,1.013167,1.000705,27,1,459,39.957134,34.957134,41,4,1,100,-100,0,100,2,80,12,130,21,0,0,3126,202,0,7,0,1004,166,0,14,0,501,0,0,14,0,264,0,0,6,0,114,333,24,25,0,0,62,7,2,0,0,2,2,0,0
1,12,3,28,7,6,0,1.003781,1.001022,0.998635,24,0,334,27.465185,22.465185,41,4,1,90,-100,100,0,2,80,12,233,27,0,0,3126,171,0,9,0,1004,179,0,18,0,501,1,0,18,0,264,0,0,2,0,114,252,8,29,0,0,55,9,1,0,0,1,1,0,0
1,13,0,29,4,4,0,1.015962,1.010191,0.990693,26,2,584,100,100,41,4,1,0,-88,100,92,2,80,7,67,15,0,0,3070,217,0,5,0,996,153,0,10,0,538,1,0,2,0,238,0,0,6,0,160,503,24,9,0,0,9,1,1,0,0,1,1,0,0
1,13,1,16,4,4,0,1.001405,1.00017,1.005271,15,0,334,49.642347,44.642347,41,4,1,-88,0,-100,-100,0,80,7,140,15,0,0,3070,41,0,5,0,996,251,0,10,0,538,1,0,0,0,238,0,0,0,0,160,327,0,7,0,0,10,0,1,0,0,1,1,0,0
1,13,2,31,4,4,0,1.018056,1.012132,0.998776,28,2,584,44.957134,39.957134,41,4,1,100,-100,0,100,2,80,7,143,24,0,0,3070,162,0,8,0,996,174,0,16,0,538,0,0,2,0,238,6,0,12,0,160,419,48,29,0,0,45,1,18,0,0,1,1,0,0
1,13,3,27,4,4,0,1.01224,0.998174,0.997158,23,0,334,32.465185,27.465185,41,4,1,92,-100,100,0,2,80,7,255,33,0,0,3070,180,0,11,0,996,190,0,22,0,538,0,0,2,0,238,2,0,8,0,160,273,32,17,0,0,54,1,2,0,0,2,2,0,0
1,14,0,28,2,7,0,1.018669,1.007884,0.995523,25,2,584,100,100,41,4,1,0,-88,100,94,2,80,24,68,18,0,0,3078,182,0,6,0,993,159,0,12,0,539,1,0,0,0,227,0,0,15,0,194,576,60,8,0,0,8,0,1,0,0,1,1,0,0
1,14,1,16,2,7,0,1.001405,1.00017,1.005271,16,0,334,54.642347,49.642347,41,4,1,-88,0,-100,-100,0,80,24,148,15,0,0,3078,30,0,5,0,993,261,0,10,0,539,1,0,0,0,227,0,0,0,0,194,329,0,5,0,0,10,0,0,0,0,0,0,0,0
1,14,2,30,2,7,0,1.017923,1.018128,0.996612,27,2,584,49.957134,44.957134,41,4,1,100,-100,0,100,2,80,24,157,27,0,0,3078,178,0,9,0,993,183,0,18,0,539,0,0,4,0,227,7,0,11,0,194,460,44,15,0,0,46,2,1,0,0,1,1,0,0
1,14,3,24,2,7,0,1.019095,1.003594,0.992257,22,1,459,37.465185,32.465185,41,4,1,94,-100,100,0,2,80,24,272,27,0,0,3078,200,0,9,0,993,199,0,18,0,539,1,0,0,0,227,8,0,9,0,194,287,36,28,0,0,36,0,18,0,0,1,1,0,0
1,15,0,27,3,6,0,1.018766,1.005833,0.994142,24,2,584,100,100,41,4,1,0,-88,100,96,2,80,10,73,15,0,0,3070,221,0,5,0,1002,164,0,10,0,518,1,0,0,0,239,3,0,15,0,180,577,60,7,0,0,7,0,1,0,0,1,1,0,0
1,15,1,15,3,6,0,1.010652,1.006756,1.000212,15,0,334,59.642347,54.642347,41,4,1,-88,0,-100,-100,0,80,10,151,12,0,0,3070,20,0,4,0,1002,268,0,8,0,518,1,0,0,0,239,0,0,0,0,180,330,0,4,0,0,10,0,0,0,0,0,0,0,0
1,15,2,29,3,6,0,1.018937,1.01613,0.998393,26,2,584,54.957134,49.957134,41,4,1,100,-100,0,100,2,80,10,173,24,0,0,3070,180,0,8,0,1002,191,0,16,0,518,0,0,18,0,239,5,0,10,0,180,484,40,28,0,0,54,9,1,0,0,1,1,0,0
1,15,3,24,3,6,0,1.018947,1.000648,0.992165,22,1,459,42.465185,37.465185,41,4,1,96,-100,100,0,2,80,10,295,27,0,0,3070,167,0,9,0,1002,205,0,18,0,518,1,0,8,0,239,6,0,9,0,180,354,36,19,0,0,39,4,1,0,0,1,1,0,0
1,16,0,25,3,8,0,1.025621,1.004,0.995534,22,2,584,100,100,42,5,1,0,-88,98,96,2,80,19,75,15,0,0,3094,189,0,5,0,1010,169,0,10,0,520,0,0,6,0,246,0,0,9,0,239,577,36,13,0,0,9,3,1,0,0,1,1,0,0
1,16,1,17,3,8,0,1.017813,1.001651,0.999499,15,0,334,54.531934,49.531934,42,5,1,-88,0,-100,-100,0,80,19,161,12,0,0,3094,11,0,4,0,1010,275,0,8,0,520,1,0,0,0,246,0,0,0,0,239,330,0,4,0,0,10,0,0,0,0,0,0,0,0
1,16,2,27,3,8,0,1.018942,1.017541,0.997574,25,3,709,59.957134,54.957134,42,5,1,98,-100,0,100,2,80,19,177,21,0,0,3094,184,0,7,0,1010,198,0,14,0,520,0,0,12,0,246,5,0,10,0,239,494,40,38,0,0,42,6,18,0,0,1,1,0,0
1,16,3,21,3,8,0,1.016635,0.995399,0.999895,20,1,459,47.465185,42.465185,42,5,1,96,-100,100,0,2,80,19,310,24,0,0,3094,191,0,8,0,1010,213,0,16,0,520,0,0,6,0,246,4,0,8,0,239,371,32,16,0,0,41,3,1,0,0,1,1,0,0
1,17,0,25,4,5,0,1.023151,0.995382,0.999852,21,2,584,100,100,42,5,1,0,-88,100,98,2,80,28,78,12,0,0,3070,232,0,4,0,1022,173,0,8,0,512,1,0,4,0,267,0,0,2,0,165,576,8,10,0,0,10,2,1,0,0,1,1,0,0
1,17,1,18,4,5,0,1.010027,1.00567,0.998581,15,0,334,59.531934,54.531934,42,5,1,-88,0,-100,-100,0,80,28,168,12,0,0,3070,16,0,4,0,1022,282,0,8,0,512,1,0,0,0,267,0,0,0,0,165,328,0,6,0,0,9,0,1,0,0,1,1,0,0
1,17,2,26,4,5,0,1.017555,1.020269,0.995675,25,3,709,64.957134,59.957134,42,5,1,100,-100,0,100,2,80,28,182,21,0,0,3070,182,0,7,0,1022,202,0,14,0,512,0,0,14,0,267,0,0,8,0,165,523,32,23,0,0,48,7,1,0,0,1,1,0,0
1,17,3,20,4,5,0,1.023578,0.999195,1.00147,19,2,584,52.465185,47.465185,42,5,1,98,-100,100,0,2,80,28,321,21,0,0,3070,163,0,7,0,1022,220,0,14,0,512,0,0,10,0,267,0,0,4,0,165,403,16,34,0,0,29,5,17,0,0,0,0,0,0
1,18,0,24,2,8,0,1.027877,0.993005,0.994567,20,2,584,100,100,42,5,1,0,-88,100,98,2,80,25,76,12,0,0,3098,203,0,4,0,1022,177,0,8,0,521,1,0,6,0,266,0,0,0,0,270,570,0,14,0,0,11,3,2,0,0,2,2,0,0
1,18,1,18,2,8,0,1.000551,0.996295,1.000756,15,0,334,64.531934,59.531934,42,5,1,-88,0,-100,-100,0,80,25,171,12,0,0,3098,6,0,4,0,1022,289,0,8,0,521,1,0,0,0,266,0,0,0,0,270,328,0,6,0,0,8,0,1,0,0,1,1,0,0
1,18,2,25,2,8,0,1.017235,1.017875,0.997237,25,3,709,69.957134,64.957134,42,5,1,100,-100,0,100,2,80,25,193,21,0,0,3098,189,0,7,0,1022,206,0,14,0,521,1,0,8,0,266,0,0,4,0,270,527,16,15,0,0,52,4,0,0,0,0,0,0,0
1,18,3,16,2,8,0,1.036794,0.992299,0.996127,15,2,584,57.465185,52.465185,42,5,1,98,-100,100,0,2,80,25,336,18,0,0,3098,177,0,6,0,1022,226,0,12,0,521,1,0,4,0,266,0,0,2,0,270,399,8,12,0,0,30,2,1,0,0,1,1,0,0
1,19,0,24,3,6,0,1.031873,0.988522,0.993944,21,2,584,100,100,43,6,1,0,-88,98,98,2,80,27,73,12,0,0,3106,175,0,4,0,1082,169,0,8,0,532,0,0,4,0,245,0,0,3,0,154,578,12,10,0,0,12,2,1,0,0,1,1,0,0
1,19,1,19,3,6,0,1.001719,1.000516,1.000151,16,0,334,55.788084,50.788084,43,6,1,-88,0,-100,-100,0,80,27,174,12,0,0,3106,6,0,4,0,1082,281,0,8,0,532,1,0,0,0,245,0,0,0,0,154,328,0,6,0,0,7,0,1,0,0,1,1,0,0
1,19,2,23,3,6,0,1.018303,1.018597,1.00168,22,3,709,74.957134,69.957134,43,6,1,98,-100,0,100,2,80,27,202,18,0,0,3106,198,0,6,0,1082,200,0,12,0,532,1,0,6,0,245,6,0,9,0,154,563,36,12,0,0,55,3,0,0,0,0,0,0,0
1,19,3,14,3,6,0,1.038598,0.98918,1.002028,14,2,584,62.465185,57.465185,43,6,1,98,-100,100,0,2,80,27,349,15,0,0,3106,188,0,5,0,1082,216,0,10,0,532,1,0,0,0,245,3,0,6,0,154,424,24,5,0,0,30,0,0,0,0,0,0,0,0
1,20,0,24,2,5,0,1.023473,0.986059,0.992015,21,2,584,100,100,44,7,1,0,-88,96,96,2,80,32,78,12,0,0,3088,227,0,4,0,1037,173,0,8,0,541,0,0,0,0,248,0,0,9,0,157,578,36,6,0,0,11,0,1,0,0,1,1,0,0
1,20,1,18,2,5,0,1.004294,1.002981,0.998252,17,0,334,34.223122,29.223122,44,7,1,-88,0,-100,-100,0,80,32,178,12,0,0,3088,15,0,4,0,1037,288,0,8,0,541,1,0,0,0,248,0,0,0,0,157,328,0,6,0,0,6,0,1,0,0,1,1,0,0
1,20,2,23,2,5,0,1.022131,1.022817,1.002178,21,4,834,79.957134,74.957134,44,7,1,96,-100,0,100,2,80,32,204,15,0,0,3088,170,0,5,0,1037,205,0,10,0,541,0,0,4,0,248,2,0,10,0,157,627,40,28,0,0,39,2,18,0,0,1,1,0,0
1,20,3,12,2,5,0,1.036633,0.993281,1.005052,12,2,584,67.465185,62.465185,44,7,1,96,-100,100,0,2,80,32,353,9,0,0,3088,171,0,3,0,1037,219,0,6,0,541,1,0,0,0,248,6,0,6,0,157,470,24,3,0,0,30,0,0,0,0,0,0,0,0
1,21,0,24,7,8,0,1.028056,0.989059,0.991865,21,2,584,100,100,45,8,1,0,-88,96,96,2,80,29,79,12,0,0,3105,199,0,4,0,1037,177,0,8,0,523,0,0,8,0,272,0,0,0,0,172,570,0,14,0,0,14,4,1,0,0,1,1,0,0
1,21,1,18,7,8,0,1.019743,1.000062,0.992454,15,0,334,26.632107,21.632107,45,8,1,-88,0,-100,-100,0,80,29,184,12,0,0,3105,6,0,4,0,1037,295,0,8,0,523,1,0,0,0,272,0,0,0,0,172,330,0,4,0,0,6,0,0,0,0,0,0,0,0
1,21,2,23,7,8,0,1.027219,1.023679,1.00397,21,4,834,84.957134,79.957134,45,8,1,96,-100,0,98,2,80,29,211,15,0,0,3105,190,0,5,0,1037,210,0,10,0,523,1,0,10,0,272,0,0,2,0,172,624,8,17,0,0,43,5,1,0,0,1,1,0,0
1,21,3,11,7,8,0,1.026766,0.992446,0.997621,9,2,584,72.465185,67.465185,45,8,1,96,-100,98,0,2,80,29,361,9,0,0,3105,172,0,3,0,1037,222,0,6,0,523,1,0,2,0,272,3,0,3,0,172,480,12,5,0,0,31,1,0,0,0,0,0,0,0
1,22,0,15,3,18,0,1.019583,0.976477,0.999167,12,3,709,100,100,47,10,1,0,-88,94,92,2,80,29,75,9,0,0,3154,172,0,3,0,1038,180,0,6,0,518,1,0,8,0,272,0,0,0,0,216,554,0,30,0,0,0,4,18,0,0,1,1,0,0
1,22,1,16,3,18,0,1.015817,0.994135,0.997539,14,0,334,14.969872,9.969872,47,10,1,-88,0,-100,-100,0,80,29,192,15,0,0,3154,5,0,5,0,1038,305,0,10,0,518,1,0,0,0,272,0,0,0,0,216,327,0,7,0,0,5,0,1,0,0,1,1,0,0
1,22,2,21,3,18,0,1.027644,1.029257,1.005395,19,4,834,89.957134,84.957134,47,10,1,94,-100,0,96,2,80,29,217,15,0,0,3154,162,0,5,0,1038,215,0,10,0,518,1,0,12,0,272,0,0,0,0,216,626,0,19,0,0,48,6,1,0,0,1,1,0,0
1,22,3,9,3,18,0,1.022725,0.999155,0.995789,7,2,584,77.465185,72.465185,47,10,1,92,-100,96,0,2,80,29,365,6,0,0,3154,183,0,2,0,1038,224,0,4,0,518,0,0,4,0,272,0,0,3,0,216,484,12,8,0,0,32,2,1,0,0,1,1,0,0
1,23,0,15,4,10,0,1.031265,0.979812,1.0118,11,3,709,100,100,48,11,1,0,-88,94,92,2,80,25,86,9,0,0,3099,194,0,3,0,1036,183,0,6,0,544,1,0,0,0,236,0,0,6,0,242,578,24,3,0,0,0,0,0,0,0,0,0,0,0
1,23,1,17,4,10,0,1.015587,0.994896,0.995121,15,0,334,5,0,48,11,1,-88,0,-100,-100,0,80,25,209,18,0,0,3099,4,0,6,0,1036,314,0,12,0,544,1,0,0,0,236,0,0,0,0,242,326,0,8,0,0,4,0,1,0,0,1,1,0,0
1,23,2,18,4,10,0,1.027869,1.032906,1.009589,16,4,834,94.957134,89.957134,48,11,1,94,-100,0,94,2,80,25,224,15,0,0,3099,176,0,5,0,1036,217,0,10,0,544,1,0,0,0,236,0,0,9,0,242,672,36,7,0,0,47,0,1,0,0,1,1,0,0
1,23,3,5,4,10,0,1.026949,0.991204,1.028168,4,3,709,82.465185,77.465185,48,11,1,92,-100,94,0,2,80,25,365,3,0,0,3099,173,0,1,0,1036,225,0,2,0,544,0,0,0,0,236,0,0,0,0,242,485,0,20,0,0,14,0,18,0,0,1,1,0,0
1,24,0,16,1,2,0,1.034311,0.979202,1.013682,11,3,709,100,100,49,12,1,0,-88,92,92,2,80,29,93,9,0,0,3137,176,0,3,0,1037,186,0,6,0,537,1,0,6,0,271,0,0,0,0,175,619,0,13,0,0,1,3,2,0,0,2,2,0,0
1,24,1,17,1,2,0,1.015587,0.994896,0.995121,16,0,334,5,0,49,12,1,-88,0,-100,-100,0,80,29,226,21,0,0,3137,3,0,7,0,1037,320,0,14,0,537,1,0,0,0,271,0,0,0,0,175,325,0,9,0,0,3,0,1,0,0,1,1,0,0
1,24,2,18,1,2,0,1.027869,1.032906,1.009589,17,4,834,99.957134,94.957134,49,12,1,92,-100,0,92,2,80,29,236,15,0,0,3137,193,0,5,0,1037,219,0,10,0,537,0,0,2,0,271,0,0,1,0,175,687,4,9,0,0,47,1,1,0,0,1,1,0,0
1,24,3,3,1,2,0,1.043292,0.991249,1.020748,3,3,709,87.465185,82.465185,49,12,1,92,-100,92,0,2,80,29,366,0,0,0,3137,168,0,0,0,1037,225,0,0,0,537,0,0,0,0,271,0,0,0,0,175,499,0,0,0,0,14,0,0,0,0,0,0,0,0
1,25,0,15,2,5,0,1.037049,0.979302,1.019393,12,3,709,100,100,49,12,1,0,-88,92,92,1,80,38,100,9,0,0,3128,205,0,3,0,1037,189,0,6,0,544,1,0,0,0,254,0,0,9,0,223,656,36,5,0,0,0,0,1,0,0,1,1,0,0
1,25,1,18,2,5,0,1.016387,0.993945,0.998113,17,0,334,10,5,49,12,1,-88,0,-100,-100,0,80,38,245,21,0,0,3128,3,0,7,0,1037,320,0,14,0,544,1,0,0,0,254,0,0,0,0,223,327,0,7,0,0,3,0,0,0,0,0,0,0,0
1,25,2,18,2,5,0,1.040078,1.032673,1.007568,17,5,959,100,99.957134,49,12,1,92,-100,0,94,1,80,38,245,15,0,0,3128,170,0,5,0,1037,221,0,10,0,544,0,0,0,0,254,0,0,9,0,223,735,36,22,0,0,30,0,17,0,0,0,0,0,0
1,25,3,0,2,5,0,0,0,0,0,3,709,87.465185,87.465185,49,12,1,92,-100,94,0,0,80,38,363,0,0,0,3128,165,0,0,0,1037,225,0,0,0,544,0,0,0,0,254,0,0,0,0,223,499,0,0,0,0,14,0,0,0,0,0,0,0,0
1,26,0,14,2,3,0,1.036483,0.977232,1.022824,12,3,709,100,100,49,12,1,0,-88,92,92,1,80,45,103,9,0,0,3117,187,0,3,0,1040,192,0,6,0,537,1,0,6,0,263,0,0,3,0,300,657,12,11,0,0,2,3,1,0,0,1,1,0,0
1,26,1,19,2,3,0,1.019799,0.992271,0.997611,17,0,334,15,10,49,12,1,-88,0,-100,-100,0,80,45,259,21,0,0,3117,13,0,7,0,1040,320,0,14,0,537,1,0,0,0,263,0,0,0,0,300,318,0,9,0,0,2,0,1,0,0,1,1,0,0
1,26,2,17,2,3,0,1.046924,1.033754,1.008537,15,5,959,100,100,49,12,1,92,-100,0,94,1,80,45,250,12,0,0,3117,188,0,4,0,1040,222,0,8,0,537,1,0,0,0,263,0,0,6,0,300,753,24,6,0,0,29,0,1,0,0,1,1,0,0
1,26,3,0,2,3,0,0,0,0,0,3,709,87.465185,87.465185,49,12,1,92,-100,94,0,0,80,45,363,0,0,0,3117,165,0,0,0,1040,225,0,0,0,537,0,0,0,0,263,0,0,0,0,300,499,0,0,0,0,14,0,0,0,0,0,0,0,0
1,27,0,11,3,11,0,1.040437,0.965545,1.015422,10,3,709,100,100,49,12,1,0,-88,92,92,1,80,35,106,6,0,0,3164,171,0,2,0,1043,194,0,4,0,544,1,0,0,0,259,0,0,6,0,169,705,24,4,0,0,1,0,1,0,0,1,1,0,0
1,27,1,15,3,11,0,1.017165,1.002955,0.981574,13,0,334,20,15,49,12,1,-88,0,-100,-100,0,80,35,278,21,0,0,3164,23,0,7,0,1043,320,0,14,0,544,1,0,0,0,259,0,0,0,0,169,319,0,9,0,0,1,0,1,0,0,1,1,0,0
1,27,2,16,3,11,0,1.047395,1.033546,1.014735,14,5,959,100,100,49,12,1,92,-100,0,94,1,80,35,259,12,0,0,3164,167,0,4,0,1043,223,0,8,0,544,1,0,0,0,259,0,0,7,0,169,814,28,4,0,0,29,0,0,0,0,0,0,0,0
1,27,3,0,3,11,0,0,0,0,0,3,709,87.465185,87.465185,49,12,1,92,-100,94,0,0,80,35,363,0,0,0,3164,165,0,0,0,1043,225,0,0,0,544,0,0,0,0,259,0,0,0,0,169,499,0,0,0,0,14,0,0,0,0,0,0,0,0
1,28,0,10,0,11,0,1.039337,0.974095,1.013967,10,3,709,100,100,50,12,1,0,-90,98,92,1,80,52,108,3,0,0,3118,199,0,1,0,1035,195,0,2,0,544,1,0,0,0,260,3,0,6,0,284,708,24,1,0,0,1,0,0,0,0,0,0,0,0
1,28,1,10,0,11,0,1.012842,1.011294,0.986833,9,0,334,25,20,50,12,1,-90,0,-100,-100,0,80,52,290,21,0,0,3118,11,0,7,0,1035,320,0,14,0,544,1,0,0,0,260,0,0,0,0,284,310,0,9,0,0,0,0,1,0,0,1,1,0,0
1,28,2,11,0,11,0,1.035681,1.04236,1.005459,9,6,1084,94.663144,89.663144,50,12,1,98,-100,0,100,1,80,52,264,15,0,0,3118,162,0,5,0,1035,225,0,10,0,544,1,0,0,0,260,0,0,3,0,284,802,12,24,0,0,11,0,18,0,0,1,1,0,0
1,28,3,0,0,11,0,0,0,0,0,3,709,87.465185,87.465185,50,12,1,92,-100,100,0,0,80,52,363,0,0,0,3118,165,0,0,0,1035,225,0,0,0,544,0,0,0,0,260,0,0,0,0,284,499,0,0,0,0,14,0,0,0,0,0,0,0,0
1,29,0,8,2,5,0,1.032122,0.963286,1.0256,8,3,709,100,100,51,12,1,0,-92,100,92,1,80,50,98,0,0,0,3184,189,0,0,0,1046,195,0,0,0,533,0,0,10,0,270,0,0,3,0,253,703,12,10,0,0,6,5,0,0,0,0,0,0,0
1,29,1,11,2,5,0,1.021002,1.013554,0.980162,9,0,334,30,25,51,12,1,-92,0,-100,-100,0,80,50,297,3,0,0,3184,0,0,1,0,1046,332,0,2,0,533,1,0,0,0,270,0,0,0,0,253,316,0,1,0,0,0,0,0,0,0,0,0,0,0
1,29,2,9,2,5,0,1.026071,1.02566,1.005538,8,6,1084,87.929948,82.929948,51,12,1,100,-100,0,100,1,80,50,273,12,0,0,3184,155,0,4,0,1046,229,0,8,0,533,1,0,2,0,270,0,0,2,0,253,802,8,8,0,0,11,1,1,0,0,1,1,0,0
1,29,3,0,2,5,0,0,0,0,0,3,709,87.465185,87.465185,51,12,1,92,-100,100,0,0,80,50,363,0,0,0,3184,165,0,0,0,1046,225,0,0,0,533,0,0,0,0,270,0,0,0,0,253,499,0,0,0,0,14,0,0,0,0,0,0,0,0
1,30,0,7,1,4,0,1.030824,0.97492,1.024436,7,3,709,100,100,51,12,1,0,-92,100,92,1,80,49,96,0,0,0,3181,181,0,0,0,1041,195,0,0,0,536,0,0,6,0,272,0,0,0,0,253,703,0,6,0,0,9,3,0,0,0,0,0,0,0
1,30,1,11,1,4,0,1.019248,1.014438,0.980881,8,0,334,35,30,51,12,1,-92,0,-100,-100,0,80,49,295,0,0,0,3181,0,0,0,0,1041,334,0,0,0,536,1,0,0,0,272,0,0,0,0,253,331,0,0,0,0,0,0,0,0,0,0,0,0,0
1,30,2,7,1,4,0,1.041373,1.030308,1.00661,7,6,1084,92.929948,87.929948,51,12,1,100,-100,0,100,1,80,49,283,12,0,0,3181,150,0,4,0,1041,233,0,8,0,536,1,0,2,0,272,0,0,0,0,253,796,0,6,0,0,12,1,0,0,0,0,0,0,0
1,30,3,0,1,4,0,0,0,0,0,3,709,87.465185,87.465185,51,12,1,92,-100,100,0,0,80,49,363,0,0,0,3181,165,0,0,0,1041,225,0,0,0,536,0,0,0,0,272,0,0,0,0,253,499,0,0,0,0,14,0,0,0,0,0,0,0,0
1,31,0,6,1,3,0,1.026848,0.969844,1.018233,6,3,709,100,100,51,12,1,0,-92,100,92,1,80,49,96,0,0,0,3171,174,0,0,0,1049,195,0,0,0,536,0,0,6,0,272,0,0,0,0,261,703,0,6,0,0,12,3,0,0,0,0,0,0,0
1,31,1,11,1,3,0,1.019248,1.014438,0.980881,8,0,334,40,35,51,12,1,-92,0,-100,-100,0,80,49,317,21,0,0,3171,3,0,7,0,1049,320,0,14,0,536,1,0,0,0,272,0,0,0,0,261,327,0,7,0,0,0,0,0,0,0,0,0,0,0
1,31,2,6,1,3,0,1.034741,1.028137,1.013661,5,6,1084,97.929948,92.929948,51,12,1,100,-100,0,100,1,80,49,293,9,0,0,3171,148,0,3,0,1049,236,0,6,0,536,1,0,2,0,272,0,0,0,0,261,791,0,5,0,0,13,1,0,0,0,0,0,0,0
1,31,3,0,1,3,0,0,0,0,0,3,709,87.465185,87.465185,51,12,1,92,-100,100,0,0,80,49,363,0,0,0,3171,165,0,0,0,1049,225,0,0,0,536,0,0,0,0,272,0,0,0,0,261,499,0,0,0,0,14,0,0,0,0,0,0,0,0
1,32,0,5,1,6,0,1.02421,0.973308,1.027311,5,3,709,100,100,51,12,1,0,-92,100,92,1,80,53,97,0,0,0,3166,168,0,0,0,1052,195,0,0,0,538,0,0,6,0,272,0,0,0,0,277,703,0,6,0,0,15,3,0,0,0,0,0,0,0
1,32,1,9,1,6,0,1.01469,1.015961,0.98438,5,0,334,45,40,51,12,1,-92,0,-100,-100,0,80,53,334,18,0,0,3166,4,0,6,0,1052,322,0,12,0,538,1,0,0,0,272,0,0,0,0,277,326,0,6,0,0,0,0,0,0,0,0,0,0,0
1,32,2,4,1,6,0,1.059854,1.003721,1.023497,3,6,1084,100,97.929948,51,12,1,100,-100,0,100,1,80,53,301,6,0,0,3166,156,0,2,0,1052,238,0,4,0,538,1,0,0,0,272,0,0,0,0,277,789,0,2,0,0,13,0,0,0,0,0,0,0,0
1,32,3,0,1,6,0,0,0,0,0,3,709,87.465185,87.465185,51,12,1,92,-100,100,0,0,80,53,363,0,0,0,3166,165,0,0,0,1052,225,0,0,0,538,0,0,0,0,272,0,0,0,0,277,499,0,0,0,0,14,0,0,0,0,0,0,0,0
1,33,0,4,0,3,0,1.022522,0.973664,1.031663,4,3,709,100,100,51,12,1,0,-92,100,92,1,80,60,98,0,0,0,3161,179,0,0,0,1064,195,0,0,0,537,1,0,2,0,272,0,0,0,0,295,701,0,2,0,0,16,1,0,0,0,0,0,0,0
1,33,1,8,0,3,0,1.014667,1.015399,0.97519,4,0,334,50,45,51,12,1,-92,0,-100,-100,0,80,60,334,15,0,0,3161,5,0,5,0,1064,324,0,10,0,537,1,0,4,0,272,0,0,0,0,295,320,0,11,0,0,1,2,1,0,0,1,1,0,0
1,33,2,3,0,3,0,1.037894,1.007727,1.023482,2,6,1084,100,100,51,12,1,100,-100,0,100,1,80,60,307,6,0,0,3161,158,0,2,0,1064,237,0,4,0,537,1,0,0,0,272,0,0,0,0,295,787,0,2,0,0,13,0,0,0,0,0,0,0,0
1,33,3,0,0,3,0,0,0,0,0,3,709,87.465185,87.465185,51,12,1,92,-100,100,0,0,80,60,363,0,0,0,3161,165,0,0,0,1064,225,0,0,0,537,0,0,0,0,272,0,0,0,0,295,499,0,0,0,0,14,0,0,0,0,0,0,0,0
1,34,0,4,1,2,0,1.022522,0.973664,1.031663,4,3,709,100,100,51,12,1,0,-92,100,92,1,80,68,96,0,0,0,3179,175,0,0,0,1072,195,0,0,0,539,1,0,0,0,272,0,0,0,0,287,709,0,0,0,0,16,0,0,0,0,0,0,0,0
1,34,1,8,1,2,0,1.005344,1.014982,0.974633,4,0,334,55,50,51,12,1,-92,0,-100,-100,0,80,68,334,12,0,0,3179,6,0,4,0,1072,326,0,8,0,539,2,0,4,0,272,0,0,0,0,287,315,0,10,0,0,2,2,1,0,0,1,1,0,0
1,34,2,2,1,2,0,1.047696,1.033984,1.038379,1,6,1084,100,100,51,12,1,100,-100,0,100,1,80,68,309,3,0,0,3179,162,0,1,0,1072,235,0,2,0,539,1,0,0,0,272,0,0,0,0,287,786,0,1,0,0,13,0,0,0,0,0,0,0,0
1,34,3,0,1,2,0,0,0,0,0,3,709,87.465185,87.465185,51,12,1,92,-100,100,0,0,80,68,363,0,0,0,3179,165,0,0,0,1072,225,0,0,0,539,0,0,0,0,272,0,0,0,0,287,499,0,0,0,0,14,0,0,0,0,0,0,0,0
1,35,0,4,0,2,0,1.022522,0.973664,1.031663,4,4,834,100,100,51,12,1,0,-92,100,92,0,80,67,96,0,0,0,3198,171,0,0,0,1073,195,0,0,0,539,0,0,4,0,272,0,0,0,0,282,688,0,21,0,0,1,2,17,0,0,0,0,0,0
1,35,1,8,0,2,0,1.005344,1.014982,0.974633,5,0,334,60,55,51,12,1,-92,0,-100,-100,0,80,67,334,0,0,0,3198,0,0,0,0,1073,334,0,0,0,539,0,0,4,0,272,0,0,0,0,282,317,0,8,0,0,2,2,2,0,0,2,2,0,0
1,35,2,0,0,2,0,0,0,0,0,6,1084,100,100,51,12,1,100,-100,0,100,0,80,67,307,0,0,0,3198,160,0,0,0,1073,235,0,0,0,539,1,0,0,0,272,0,0,0,0,282,786,0,0,0,0,13,0,0,0,0,0,0,0,0
1,35,3,0,0,2,0,0,0,0,0,3,709,87.465185,87.465185,51,12,1,92,-100,100,0,0,80,67,363,0,0,0,3198,165,0,0,0,1073,225,0,0,0,539,0,0,0,0,272,0,0,0,0,282,499,0,0,0,0,14,0,0,0,0,0,0,0,0
1,36,0,5,1,0,0,1.037213,0.961498,1.05416,4,4,834,100,100,51,12,0,0,-92,100,92,0,80,65,100,0,0,0,3182,167,0,0,0,1073,195,0,0,0,536,1,0,2,0,272,0,0,0,0,284,702,0,2,0,0,2,1,0,0,0,0,0,0,0
1,36,1,8,1,0,0,1.005344,1.014982,0.974633,7,0,334,65,60,51,12,0,-92,0,-100,-100,0,80,65,334,12,0,0,3182,6,0,4,0,1073,326,0,8,0,536,1,0,4,0,272,0,0,0,0,284,307,0,10,0,0,3,2,1,0,0,1,1,0,0
1,36,2,0,1,0,0,0,0,0,0,6,1084,100,100,51,12,0,100,-100,0,100,0,80,65,307,0,0,0,3182,160,0,0,0,1073,235,0,0,0,536,1,0,0,0,272,0,0,0,0,284,786,0,0,0,0,13,0,0,0,0,0,0,0,0
1,36,3,0,1,0,0,0,0,0,0,3,709,87.465185,87.465185,51,12,0,92,-100,100,0,0,80,65,363,0,0,0,3182,165,0,0,0,1073,225,0,0,0,536,0,0,0,0,272,0,0,0,0,284,499,0,0,0,0,14,0,0,0,0,0,0,0,0
1,37,0,5,0,0,0,1.037213,0.961498,1.05416,4,4,834,100,100,51,12,0,0,-92,100,92,0,80,62,104,0,0,0,3172,178,0,0,0,1073,195,0,0,0,541,1,0,0,0,269,0,0,3,0,300,712,12,2,0,0,1,0,1,0,0,1,1,0,0
1,37,1,8,0,0,0,1.005344,1.014982,0.974633,8,0,334,70,65,51,12,0,-92,0,-100,-100,0,80,62,334,12,0,0,3172,6,0,4,0,1073,326,0,8,0,541,0,0,4,0,269,0,0,0,0,300,299,0,8,0,0,5,2,0,0,0,0,0,0,0
1,37,2,0,0,0,0,0,0,0,0,6,1084,100,100,51,12,0,100,-100,0,100,0,80,62,307,0,0,0,3172,160,0,0,0,1073,235,0,0,0,541,1,0,0,0,269,0,0,0,0,300,786,0,0,0,0,13,0,0,0,0,0,0,0,0
1,37,3,0,0,0,0,0,0,0,0,3,709,87.465185,87.465185,51,12,0,92,-100,100,0,0,80,62,363,0,0,0,3172,165,0,0,0,1073,225,0,0,0,541,0,0,0,0,269,0,0,0,0,300,499,0,0,0,0,14,0,0,0,0,0,0,0,0
1,38,0,1,0,6,0,1.080004,0.97005,1.041921,1,4,834,100,100,51,12,0,0,-92,100,92,0,80,61,101,0,0,0,3188,173,0,0,0,1073,195,0,0,0,542,1,0,0,0,269,3,0,0,0,300,712,0,0,0,0,1,0,0,0,0,0,0,0,0
1,38,1,6,0,6,0,0.994058,1.011431,0.971533,6,0,334,75,70,51,12,0,-92,0,-100,-100,0,80,61,334,12,0,0,3188,6,0,4,0,1073,326,0,8,0,542,0,0,2,0,269,0,0,0,0,300,293,0,6,0,0,6,1,0,0,0,0,0,0,0
1,38,2,0,0,6,0,0,0,0,0,6,1084,100,100,51,12,0,100,-100,0,100,0,80,61,307,0,0,0,3188,160,0,0,0,1073,235,0,0,0,542,1,0,0,0,269,0,0,0,0,300,786,0,0,0,0,13,0,0,0,0,0,0,0,0
1,38,3,0,0,6,0,0,0,0,0,3,709,87.465185,87.465185,51,12,0,92,-100,100,0,0,80,61,363,0,0,0,3188,165,0,0,0,1073,225,0,0,0,542,0,0,0,0,269,0,0,0,0,300,499,0,0,0,0,14,0,0,0,0,0,0,0,0
1,39,0,1,0,0,0,1.080004,0.97005,1.041921,1,4,834,100,100,51,12,0,0,-92,100,92,0,80,68,100,0,0,0,3190,172,0,0,0,1075,195,0,0,0,542,2,0,0,0,272,3,0,0,0,300,712,0,0,0,0,1,0,0,0,0,0,0,0,0
1,39,1,6,0,0,0,0.994058,1.011431,0.971533,6,0,334,80,75,51,12,0,-92,0,-100,-100,0,80,68,334,12,0,0,3190,6,0,4,0,1075,326,0,8,0,542,1,0,0,0,272,0,0,0,0,300,289,0,4,0,0,6,0,0,0,0,0,0,0,0
1,39,2,0,0,0,0,0,0,0,0,6,1084,100,100,51,12,0,100,-100,0,100,0,80,68,307,0,0,0,3190,160,0,0,0,1075,235,0,0,0,542,1,0,0,0,272,0,0,0,0,300,786,0,0,0,0,13,0,0,0,0,0,0,0,0
1,39,3,0,0,0,0,0,0,0,0,3,709,87.465185,87.465185,51,12,0,92,-100,100,0,0,80,68,363,0,0,0,3190,165,0,0,0,1075,225,0,0,0,542,0,0,0,0,272,0,0,0,0,300,499,0,0,0,0,14,0,0,0,0,0,0,0,0
1,40,0,1,0,0,0,1.080004,0.97005,1.041921,1,4,834,100,100,51,12,0,0,-92,100,92,0,80,70,99,0,0,0,3190,171,0,0,0,1073,195,0,0,0,544,2,0,0,0,267,3,0,0,0,300,712,0,0,0,0,1,0,0,0,0,0,0,0,0
1,40,1,6,0,0,0,0.994058,1.011431,0.971533,6,0,334,85,80,51,12,0,-92,0,-100,-100,0,80,70,334,12,0,0,3190,6,0,4,0,1073,326,0,8,0,544,1,0,0,0,267,4,0,1,0,300,289,4,4,0,0,6,0,0,0,0,0,0,0,0
1,40,2,0,0,0,0,0,0,0,0,6,1084,100,100,51,12,0,100,-100,0,100,0,80,70,307,0,0,0,3190,160,0,0,0,1073,235,0,0,0,544,1,0,0,0,267,0,0,0,0,300,786,0,0,0,0,13,0,0,0,0,0,0,0,0
1,40,3,0,0,0,0,0,0,0,0,3,709,87.465185,87.465185,51,12,0,92,-100,100,0,0,80,70,363,0,0,0,3190,165,0,0,0,1073,225,0,0,0,544,0,0,0,0,267,0,0,0,0,300,499,0,0,0,0,14,0,0,0,0,0,0,0,0
3,1,0,49,2,7,0,0.996929,0.995303,1.008799,0,0,334,100,100,3,0,0,0,-22,2,8,0,80,1,57,36,0,0,2802,201,0,12,0,911,62,0,24,0,502,1,0,44,0,201,16,0,24,0,146,121,96,74,0,0,13,22,9,0,0,9,9,0,0
3,1,1,46,2,7,0,1.000989,0.998932,1.008102,0,0,334,100,100,3,0,0,-22,0,-22,-26,0,80,1,48,36,0,0,2802,205,0,12,0,911,81,0,24,0,502,0,0,42,0,201,26,0,22,0,146,133,88,72,0,0,12,21,9,0,0,9,9,0,0
3,1,2,49,2,7,0,0.996214,0.993598,1.006328,0,0,334,100,100,3,0,0,2,-22,0,6,0,80,1,54,36,0,0,2802,201,0,12,0,911,62,0,24,0,502,1,0,44,0,201,16,0,24,0,146,125,96,74,0,0,13,22,9,0,0,9,9,0,0
3,1,3,51,2,7,0,0.995348,0.996379,1.006851,0,0,334,91.206062,86.206062,3,0,0,8,-26,6,0,0,80,1,61,39,0,0,2802,200,0,13,0,911,63,0,26,0,502,1,0,42,0,201,19,0,24,0,146,126,96,73,0,0,12,21,9,0,0,9,9,0,0
3,2,0,50,3,15,0,0.995053,0.994132,1.009602,9,0,334,100,100,14,0,0,0,-34,36,4,1,80,7,64,36,0,0,2830,236,0,12,0,922,74,0,24,0,481,0,0,16,0,221,6,0,24,0,263,177,96,46,0,0,12,8,9,0,0,9,9,0,0
3,2,1,43,3,15,0,0.999726,0.999159,1.007246,7,0,334,66.414876,61.414876,14,0,0,-34,0,-70,-56,0,80,7,46,36,0,0,2830,237,0,12,0,922,112,0,24,0,481,1,0,16,0,221,18,0,20,0,263,173,80,46,0,0,11,8,9,0,0,9,9,0,0
3,2,2,40,3,15,0,0.988813,0.991313,1.003568,8,0,334,43.939406,38.939406,14,0,0,36,-70,0,32,2,80,7,54,36,0,0,2830,220,0,12,0,922,74,0,24,0,481,1,0,16,0,221,10,0,15,0,263,156,60,38,0,0,16,8,5,0,0,5,5,0,0
3,2,3,50,3,15,0,0.996128,0.998848,1.007507,7,0,334,96.206062,91.206062,14,0,0,4,-56,32,0,1,80,7,62,39,0,0,2830,232,0,13,0,922,76,0,26,0,481,1,0,12,0,221,11,0,24,0,263,179,96,43,0,0,9,6,9,0,0,9,9,0,0
3,3,0,49,3,16,0,0.9948,0.993375,1.009547,17,0,334,100,100,20,0,1,0,-42,50,12,1,80,10,68,36,0,0,3200,174,0,12,0,933,80,0,24,0,524,1,0,4,0,137,16,0,24,0,147,288,96,34,0,0,5,2,9,0,0,9,9,0,0
3,3,1,37,3,16,0,0.99363,0.997442,1.011853,14,0,334,51.270305,46.270305,20,0,1,-42,0,-86,-84,0,80,10,48,33,0,0,3200,183,0,11,0,933,135,0,22,0,524,0,0,14,0,137,38,0,14,0,147,212,56,43,0,0,9,7,9,0,0,9,9,0,0
3,3,2,37,3,16,0,0.987583,0.988289,1.003059,12,0,334,32.895418,27.895418,20,0,1,50,-86,0,54,2,80,10,64,33,0,0,3200,169,0,11,0,933,85,0,22,0,524,1,0,0,0,137,22,0,15,0,147,228,60,23,0,0,10,0,6,0,0,6,6,0,0
3,3,3,47,3,16,0,0.992253,0.999093,1.011315,14,0,334,82.34876,77.34876,20,0,1,12,-84,54,0,1,80,10,75,42,0,0,3200,168,0,14,0,933,90,0,28,0,524,1,0,0,0,137,19,0,22,0,147,269,88,32,0,0,0,0,9,0,0,9,9,0,0
3,4,0,46,4,16,0,0.998054,0.995349,1.011815,22,0,334,100,100,29,0,1,0,-54,52,44,2,80,4,71,33,0,0,2926,194,0,11,0,924,91,0,22,0,514,1,0,12,0,270,0,0,16,0,169,305,64,41,0,0,2,6,9,0,0,9,9,0,0
3,4,1,30,4,16,0,0.996789,0.993845,1.005862,20,0,334,29.907324,24.907324,29,0,1,-54,0,-98,-100,0,80,4,49,27,0,0,2926,177,0,9,0,924,157,0,18,0,514,1,0,2,0,270,25,0,14,0,169,294,56,21,0,0,5,1,5,0,0,5,5,0,0
3,4,2,37,4,16,0,0.988614,0.985481,1.003105,17,0,334,37.895418,32.895418,29,0,1,52,-98,0,86,2,80,4,81,33,0,0,2926,193,0,11,0,924,96,0,22,0,514,0,0,10,0,270,7,0,15,0,169,270,60,33,0,0,9,5,6,0,0,6,6,0,0
3,4,3,45,4,16,0,0.992066,0.998977,1.010672,20,0,334,39.601434,34.601434,29,0,1,44,-100,86,0,2,80,4,89,42,0,0,2926,171,0,14,0,924,104,0,28,0,514,0,0,4,0,270,1,0,19,0,169,316,76,22,0,0,0,2,2,0,0,2,2,0,0
3,5,0,44,2,12,0,0.997164,0.993393,1.014544,28,0,334,100,100,34,1,1,0,-62,52,68,2,80,5,73,30,0,0,2974,210,0,10,0,943,101,0,20,0,462,0,0,26,0,265,0,0,3,0,161,286,12,52,0,0,7,13,8,0,0,8,8,0,0
3,5,1,27,2,12,0,0.997726,0.992115,1.005782,23,0,334,23.937467,18.937467,34,1,1,-62,0,-100,-100,0,80,5,57,24,0,0,2974,149,0,8,0,943,176,0,16,0,462,0,0,18,0,265,14,0,12,0,161,322,48,30,0,0,12,9,2,0,0,2,2,0,0
3,5,2,35,2,12,0,0.986583,0.983848,1.005885,21,0,334,42.895418,37.895418,34,1,1,52,-100,0,100,2,80,5,93,33,0,0,2974,209,0,11,0,943,107,0,22,0,462,0,0,18,0,265,0,0,10,0,161,286,40,39,0,0,13,9,5,0,0,5,5,0,0
3,5,3,42,2,12,0,0.992663,0.996394,1.011709,20,0,334,5,0,34,1,1,68,-100,100,0,2,80,5,100,39,0,0,2974,175,0,13,0,943,117,0,26,0,462,0,0,22,0,265,0,0,1,0,161,281,4,53,0,0,2,11,9,0,0,9,9,0,0
3,6,0,43,4,10,0,0.991622,0.996173,1.016359,32,0,334,100,100,38,2,1,0,-68,70,68,2,80,5,81,30,0,0,3062,212,0,10,0,954,111,0,20,0,527,0,0,4,0,215,6,0,18,0,123,316,72,22,0,0,5,2,4,0,0,4,4,0,0
3,6,1,26,4,10,0,0.993666,0.994441,1.005387,24,0,334,16.883085,11.883085,38,2,1,-68,0,-100,-100,0,80,5,69,24,0,0,3062,124,0,8,0,954,195,0,16,0,527,1,0,6,0,215,2,0,12,0,123,324,48,16,0,0,14,3,1,0,0,1,1,0,0
3,6,2,32,4,10,0,0.986434,0.979359,1.004437,23,0,334,14.356577,9.356577,38,2,1,70,-100,0,100,2,80,5,99,27,0,0,3062,165,0,9,0,954,116,0,18,0,527,0,0,6,0,215,0,0,12,0,123,315,48,25,0,0,11,3,5,0,0,5,5,0,0
3,6,3,41,4,10,0,0.992477,0.991284,1.011425,27,0,334,10,5,38,2,1,68,-100,100,0,2,80,5,115,39,0,0,3062,176,0,13,0,954,130,0,26,0,527,0,0,0,0,215,3,0,18,0,123,317,72,17,0,0,0,0,2,0,0,2,2,0,0
3,7,0,43,3,7,0,0.991962,0.993262,1.014768,35,0,334,100,100,40,2,1,0,-72,84,70,2,80,5,83,30,0,0,3062,159,0,10,0,963,121,0,20,0,465,0,0,28,0,272,0,0,6,0,130,298,24,46,0,0,15,14,4,0,0,4,4,0,0
3,7,1,24,3,7,0,0.998293,0.996386,1.008191,23,1,459,21.883085,16.883085,40,2,1,-72,0,-100,-100,0,80,5,82,24,0,0,3062,100,0,8,0,963,214,0,16,0,465,0,0,8,0,272,0,0,2,0,130,301,8,35,0,0,0,4,18,0,0,1,1,0,0
3,7,2,31,3,7,0,0.981387,0.983775,1.001958,26,1,459,5,0,40,2,1,84,-100,0,100,2,80,5,114,27,0,0,3062,188,0,9,0,963,125,0,18,0,465,1,0,20,0,272,0,0,0,0,130,272,0,50,0,0,2,10,19,0,0,2,2,0,0
3,7,3,40,3,7,0,0.990044,0.987105,1.011121,27,0,334,15,10,40,2,1,70,-100,100,0,2,80,5,126,33,0,0,3062,180,0,11,0,963,141,0,22,0,465,1,0,22,0,272,0,0,3,0,130,293,12,45,0,0,5,11,6,0,0,6,6,0,0
3,8,0,38,5,17,0,0.994392,0.985311,1.014967,33,0,334,100,100,43,3,1,0,-76,96,70,2,80,7,87,30,0,0,2998,178,0,10,0,970,131,0,20,0,523,1,0,2,0,236,0,0,10,0,175,320,40,16,0,0,14,1,2,0,0,2,2,0,0
3,8,1,21,5,17,0,0.996391,0.989376,0.999573,20,1,459,17.27826,12.27826,43,3,1,-76,0,-100,-100,0,80,7,92,24,0,0,2998,78,0,8,0,970,229,0,16,0,523,0,0,0,0,236,0,0,0,0,175,347,0,8,0,0,0,0,0,0,0,0,0,0,0
3,8,2,30,5,17,0,0.979476,0.980603,0.998925,26,1,459,5,0,43,3,1,96,-100,0,100,2,80,7,127,27,0,0,2998,212,0,9,0,970,131,0,18,0,523,1,0,2,0,236,0,0,6,0,175,281,24,15,0,0,1,1,2,0,0,2,2,0,0
3,8,3,37,5,17,0,0.993615,0.974452,1.012113,28,0,334,20,15,43,3,1,70,-100,100,0,2,80,7,140,33,0,0,2998,185,0,11,0,970,152,0,22,0,523,0,0,6,0,236,0,0,11,0,175,315,44,25,0,0,4,3,4,0,0,4,4,0,0
3,9,0,39,5,7,0,0.996403,0.989888,1.012607,34,1,459,100,100,43,3,1,0,-76,98,72,2,80,18,94,33,0,0,3064,201,0,11,0,986,128,0,22,0,499,0,0,16,0,268,0,0,0,0,129,286,0,48,0,0,3,8,19,0,0,2,2,0,0
3,9,1,21,5,7,0,0.992394,0.985154,1.000225,19,1,459,22.27826,17.27826,43,3,1,-76,0,-100,-100,0,80,18,111,27,0,0,3064,48,0,9,0,986,247,0,18,0,499,0,0,0,0,268,0,0,0,0,129,378,0,9,0,0,0,0,0,0,0,0,0,0,0
3,9,2,28,5,7,0,0.974609,0.970735,0.998677,25,1,459,10,5,43,3,1,98,-100,0,100,2,80,18,136,21,0,0,3064,175,0,7,0,986,138,0,14,0,499,0,0,16,0,268,0,0,2,0,129,335,8,25,0,0,8,8,1,0,0,1,1,0,0
3,9,3,36,5,7,0,0.997023,0.975187,1.01416,30,0,334,25,20,43,3,1,72,-100,100,0,2,80,18,151,30,0,0,3064,202,0,10,0,986,155,0,20,0,499,1,0,14,0,268,0,0,2,0,129,306,8,30,0,0,8,7,3,0,0,3,3,0,0
3,10,0,35,3,9,0,0.996063,0.985347,1.012757,33,1,459,100,100,47,4,1,0,-82,96,90,2,80,16,105,30,0,0,3016,216,0,10,0,973,135,0,20,0,526,0,0,6,0,236,0,0,9,0,184,335,36,18,0,0,5,3,1,0,0,1,1,0,0
3,10,1,20,3,9,0,0.991926,0.989349,0.997829,18,1,459,5,0,47,4,1,-82,0,-100,-100,0,80,16,130,27,0,0,3016,18,0,9,0,973,269,0,18,0,526,0,0,0,0,236,0,0,3,0,184,415,12,9,0,0,0,0,0,0,0,0,0,0,0
3,10,2,29,3,9,0,0.974454,0.968269,0.999921,26,1,459,15,10,47,4,1,96,-100,0,100,2,80,16,141,21,0,0,3016,196,0,7,0,973,142,0,14,0,526,0,0,6,0,236,0,0,12,0,184,386,48,15,0,0,10,3,1,0,0,1,1,0,0
3,10,3,34,3,9,0,0.99597,0.968834,1.01607,29,0,334,8.369973,3.369973,47,4,1,90,-100,100,0,2,80,16,159,27,0,0,3016,213,0,9,0,973,164,0,18,0,526,0,0,6,0,236,0,0,12,0,184,321,48,19,0,0,9,3,2,0,0,2,2,0,0
3,11,0,35,4,4,0,0.996705,0.983518,1.010757,33,1,459,100,100,48,5,1,0,-82,94,90,2,80,27,113,30,0,0,3198,171,0,10,0,973,142,0,20,0,506,0,0,14,0,259,0,0,4,0,180,357,16,26,0,0,11,7,1,0,0,1,1,0,0
3,11,1,21,4,4,0,0.992269,0.98866,0.997073,17,1,459,5,0,48,5,1,-82,0,-100,-100,0,80,27,121,0,0,0,3198,0,0,0,0,973,301,0,0,0,506,0,0,0,0,259,0,0,0,0,180,436,0,0,0,0,0,0,0,0,0,0,0,0,0
3,11,2,30,4,4,0,0.97633,0.967567,0.998045,27,2,584,20,15,48,5,1,94,-100,0,98,2,80,27,146,24,0,0,3198,159,0,8,0,973,147,0,16,0,506,1,0,16,0,259,0,0,3,0,180,387,12,43,0,0,0,8,18,0,0,1,1,0,0
3,11,3,32,4,4,0,0.998792,0.968604,1.014682,29,0,334,13.369973,8.369973,48,5,1,90,-100,98,0,2,80,27,169,30,0,0,3198,169,0,10,0,973,174,0,20,0,506,1,0,6,0,259,0,0,6,0,180,320,24,20,0,0,10,3,2,0,0,2,2,0,0
3,12,0,34,4,5,1,1.002927,0.980503,1.010503,32,1,459,100,100,49,6,1,0,-82,94,88,2,80,14,126,30,0,0,2993,182,0,10,0,1046,136,0,20,0,520,1,0,6,0,244,0,0,8,0,185,398,32,18,0,0,13,3,1,0,0,1,1,0,0
3,12,1,21,4,5,1,0.992972,0.987313,0.996811,17,1,459,5,0,49,6,1,-82,0,-100,-100,0,80,14,140,27,0,0,2993,1,0,9,0,1046,296,0,18,0,520,0,0,0,0,244,0,0,0,0,185,450,0,9,0,0,0,0,0,0,0,0,0,0,0
3,12,2,32,4,5,1,0.977978,0.969239,0.998875,28,2,584,25,20,49,6,1,94,-100,0,96,2,80,14,157,24,0,0,2993,177,0,8,0,1046,138,0,16,0,520,0,0,8,0,244,0,0,14,0,185,446,56,18,0,0,3,4,1,0,0,1,1,0,0
3,12,3,30,4,5,1,0.996303,0.962424,1.012285,29,0,334,18.369973,13.369973,49,6,1,88,-100,96,0,2,80,14,183,27,0,0,2993,184,0,9,0,1046,164,0,18,0,520,1,0,10,0,244,0,0,6,0,185,323,24,21,0,0,14,5,1,0,0,1,1,0,0
3,13,0,33,1,7,0,1.003393,0.981896,1.010513,32,2,584,100,100,50,7,1,0,-82,94,88,2,80,9,138,30,0,0,2986,202,0,10,0,971,143,0,20,0,526,0,0,10,0,239,0,0,6,0,191,410,24,39,0,0,0,5,18,0,0,1,1,0,0
3,13,1,19,1,7,0,0.990145,0.985334,0.997101,16,1,459,5,0,50,7,1,-82,0,-100,-100,0,80,9,158,27,0,0,2986,1,0,9,0,971,318,0,18,0,526,0,0,0,0,239,0,0,0,0,191,450,0,9,0,0,0,0,0,0,0,0,0,0,0
3,13,2,31,1,7,0,0.975543,0.967862,0.995845,28,2,584,30,25,50,7,1,94,-100,0,94,2,80,9,167,24,0,0,2986,193,0,8,0,971,143,0,16,0,526,0,0,6,0,239,1,0,14,0,191,505,56,18,0,0,4,3,2,0,0,2,2,0,0
3,13,3,28,1,7,0,1.00176,0.956242,1.010054,27,0,334,23.369973,18.369973,50,7,1,88,-100,94,0,2,80,9,195,24,0,0,2986,202,0,8,0,971,172,0,16,0,526,1,0,0,0,239,0,0,12,0,191,326,48,8,0,0,14,0,0,0,0,0,0,0,0
3,14,0,29,5,11,0,0.996071,0.97916,1.004499,27,2,584,100,100,51,8,1,0,-82,94,88,2,80,18,149,30,0,0,3116,159,0,10,0,979,150,0,20,0,496,1,0,14,0,266,0,0,0,0,96,436,0,24,0,0,7,7,0,0,0,0,0,0,0
3,14,1,20,5,11,0,0.993575,0.987199,0.996552,16,1,459,5,0,51,8,1,-82,0,-100,-100,0,80,18,177,27,0,0,3116,1,0,9,0,979,340,0,18,0,496,0,0,0,0,266,0,0,0,0,96,450,0,9,0,0,0,0,0,0,0,0,0,0,0
3,14,2,32,5,11,0,0.974624,0.966227,0.996092,29,2,584,35,30,51,8,1,94,-100,0,92,2,80,18,175,21,0,0,3116,211,0,7,0,979,147,0,14,0,496,1,0,26,0,266,0,0,1,0,96,495,4,35,0,0,16,13,1,0,0,1,1,0,0
3,14,3,24,5,11,0,0.995126,0.948024,1.005361,23,0,334,28.369973,23.369973,51,8,1,88,-100,92,0,2,80,18,203,21,0,0,3116,167,0,7,0,979,179,0,14,0,496,1,0,6,0,266,0,0,6,0,96,325,24,15,0,0,16,3,1,0,0,1,1,0,0
3,15,0,31,3,10,0,0.999248,0.979308,1.000503,27,2,584,100,100,52,9,1,0,-82,94,88,2,80,9,171,33,0,0,3083,159,0,11,0,968,158,0,22,0,528,1,0,6,0,259,0,0,3,0,191,450,12,19,0,0,9,3,1,0,0,1,1,0,0
3,15,1,17,3,10,0,0.991092,0.97976,0.996996,13,1,459,5,0,52,9,1,-82,0,-100,-100,0,80,9,193,27,0,0,3083,1,0,9,0,968,367,0,18,0,528,0,0,0,0,259,0,0,0,0,191,450,0,9,0,0,0,0,0,0,0,0,0,0,0
3,15,2,31,3,10,0,0.975651,0.965888,0.992642,28,3,709,40,35,52,9,1,94,-100,0,90,2,80,9,186,24,0,0,3083,171,0,8,0,968,152,0,16,0,528,0,0,8,0,259,0,0,2,0,191,508,8,35,0,0,2,4,18,0,0,1,1,0,0
3,15,3,19,3,10,0,1.004246,0.948546,1.003851,19,0,334,33.369973,28.369973,52,9,1,88,-100,90,0,2,80,9,211,18,0,0,3083,177,0,6,0,968,185,0,12,0,528,1,0,0,0,259,0,0,8,0,191,328,32,6,0,0,16,0,0,0,0,0,0,0,0
3,16,0,29,5,21,0,0.997736,0.974957,1.005919,24,2,584,100,100,53,10,1,0,-82,94,88,2,80,6,198,36,0,0,3039,148,0,12,0,982,167,0,24,0,522,1,0,6,0,248,0,0,9,0,228,477,36,20,0,0,11,3,1,0,0,1,1,0,0
3,16,1,11,5,21,0,1.003876,0.993993,1.003085,7,1,459,5,0,53,10,1,-82,0,-100,-100,0,80,6,214,27,0,0,3039,0,0,9,0,982,386,0,18,0,522,0,0,0,0,248,0,0,0,0,228,431,0,9,0,0,0,0,0,0,0,0,0,0,0
3,16,2,28,5,21,0,0.979835,0.969505,0.993496,25,3,709,45,40,53,10,1,94,-100,0,88,2,80,6,196,21,0,0,3039,197,0,7,0,982,156,0,14,0,522,0,0,12,0,248,0,0,12,0,228,545,48,21,0,0,7,6,1,0,0,1,1,0,0
3,16,3,14,5,21,0,1.005727,0.942089,0.999035,13,1,459,38.369973,33.369973,53,10,1,88,-100,88,0,2,80,6,224,15,0,0,3039,185,0,5,0,982,190,0,10,0,522,1,0,4,0,248,0,0,3,0,228,312,12,26,0,0,1,2,17,0,0,0,0,0,0
3,17,0,28,3,7,0,0.999358,0.972487,1.00716,24,2,584,100,100,54,11,1,0,-82,94,88,2,80,27,217,33,0,0,3140,148,0,11,0,987,175,0,22,0,544,1,0,0,0,224,7,0,11,0,185,521,44,15,0,0,9,0,2,0,0,2,2,0,0
3,17,1,9,3,7,0,0.997887,0.997831,0.992295,5,1,459,5,0,54,11,1,-82,0,-100,-100,0,80,27,232,24,0,0,3140,1,0,8,0,987,405,0,16,0,544,0,0,0,0,224,0,0,0,0,185,409,0,8,0,0,0,0,0,0,0,0,0,0,0
3,17,2,29,3,7,0,0.978725,0.966901,0.996194,26,3,709,50,45,54,11,1,94,-100,0,88,2,80,27,203,21,0,0,3140,162,0,7,0,987,160,0,14,0,544,0,0,0,0,224,8,0,13,0,185,663,52,9,0,0,6,0,1,0,0,1,1,0,0
3,17,3,12,3,7,0,1.01313,0.957548,1.006628,9,1,459,43.369973,38.369973,54,11,1,88,-100,88,0,2,80,27,238,15,0,0,3140,166,0,5,0,987,195,0,10,0,544,1,0,0,0,224,3,0,3,0,185,336,12,7,0,0,0,0,1,0,0,1,1,0,0
3,18,0,26,3,11,0,1.003225,0.969562,1.006264,23,2,584,100,100,55,12,1,0,-82,92,88,2,80,26,238,33,0,0,3038,141,0,11,0,1065,153,0,22,0,503,1,0,6,0,269,0,0,10,0,270,557,40,19,0,0,11,3,1,0,0,1,1,0,0
3,18,1,9,3,11,0,0.997887,0.997831,0.992295,5,1,459,5,0,55,12,1,-82,0,-100,-100,0,80,26,253,24,0,0,3038,2,0,8,0,1065,408,0,16,0,503,0,0,0,0,269,0,0,0,0,270,396,0,8,0,0,0,0,0,0,0,0,0,0,0
3,18,2,25,3,11,0,0.970986,0.966834,0.995357,22,3,709,55,50,55,12,1,92,-100,0,86,2,80,26,211,21,0,0,3038,206,0,7,0,1065,148,0,14,0,503,0,0,8,0,269,0,0,8,0,270,690,32,17,0,0,9,4,1,0,0,1,1,0,0
3,18,3,10,3,11,0,1.014756,0.952201,1.007807,8,1,459,48.369973,43.369973,55,12,1,88,-100,86,0,2,80,26,248,12,0,0,3038,174,0,4,0,1065,188,0,8,0,503,0,0,4,0,269,0,0,3,0,270,344,12,10,0,0,1,2,1,0,0,1,1,0,0
3,19,0,26,3,5,0,1.015528,0.959691,1.00429,22,2,584,100,100,56,13,1,0,-82,92,88,2,80,25,258,27,0,0,3136,138,0,9,0,996,159,0,18,0,529,0,0,4,0,272,0,0,0,0,208,563,0,15,0,0,12,2,1,0,0,1,1,0,0
3,19,1,10,3,5,0,1.0012,0.987348,0.994425,5,1,459,5,0,56,13,1,-82,0,-100,-100,0,80,25,276,24,0,0,3136,1,0,8,0,996,421,0,16,0,529,0,0,0,0,272,0,0,0,0,208,388,0,8,0,0,0,0,0,0,0,0,0,0,0
3,19,2,24,3,5,0,0.97661,0.966047,0.997312,22,3,709,60,55,56,13,1,92,-100,0,86,2,80,25,219,21,0,0,3136,174,0,7,0,996,155,0,14,0,529,1,0,8,0,272,0,0,0,0,208,692,0,17,0,0,12,4,1,0,0,1,1,0,0
3,19,3,8,3,5,0,1.024545,0.954957,1.015735,7,1,459,53.369973,48.369973,56,13,1,88,-100,86,0,2,80,25,259,9,0,0,3136,177,0,3,0,996,191,0,6,0,529,1,0,2,0,272,0,0,0,0,208,343,0,7,0,0,1,1,1,0,0,1,1,0,0
3,20,0,27,3,2,0,1.015158,0.959258,1.00637,23,2,584,100,100,57,14,1,0,-82,92,88,2,80,26,281,30,0,0,3061,142,0,10,0,1002,166,0,20,0,528,1,0,6,0,272,0,0,0,0,243,564,0,20,0,0,13,3,2,0,0,2,2,0,0
3,20,1,10,3,2,0,1.0012,0.987348,0.994425,5,1,459,5,0,57,14,1,-82,0,-100,-100,0,80,26,298,24,0,0,3061,2,0,8,0,1002,434,0,16,0,528,0,0,0,0,272,0,0,0,0,243,385,0,8,0,0,0,0,0,0,0,0,0,0,0
3,20,2,25,3,2,0,0.977078,0.96196,0.999733,23,3,709,65,60,57,14,1,92,-100,0,84,2,80,26,236,21,0,0,3061,223,0,7,0,1002,162,0,14,0,528,0,0,10,0,272,0,0,0,0,243,682,0,19,0,0,16,5,1,0,0,1,1,0,0
3,20,3,7,3,2,0,1.024467,0.935949,1.020066,6,1,459,58.369973,53.369973,57,14,1,88,-100,84,0,2,80,26,264,6,0,0,3061,167,0,2,0,1002,193,0,4,0,528,1,0,0,0,272,0,0,0,0,243,363,0,2,0,0,1,0,0,0,0,0,0,0,0
3,21,0,29,5,2,0,1.015362,0.958252,1.008719,25,2,584,100,100,58,15,1,0,-82,92,88,2,80,23,306,33,0,0,3134,144,0,11,0,1003,174,0,22,0,541,0,0,4,0,260,0,0,5,0,190,571,20,17,0,0,14,2,1,0,0,1,1,0,0
3,21,1,11,5,2,0,1.001412,0.976781,0.995343,5,1,459,5,0,58,15,1,-82,0,-100,-100,0,80,23,323,24,0,0,3134,2,0,8,0,1003,438,0,16,0,541,0,0,0,0,260,0,0,0,0,190,382,0,8,0,0,0,0,0,0,0,0,0,0,0
3,21,2,25,5,2,0,0.977078,0.96196,0.999733,24,3,709,70,65,58,15,1,92,-100,0,82,2,80,23,253,24,0,0,3134,190,0,8,0,1003,170,0,16,0,541,0,0,0,0,260,0,0,7,0,190,699,28,10,0,0,15,0,1,0,0,1,1,0,0
3,21,3,7,5,2,0,1.057291,0.929078,1.019663,4,1,459,63.369973,58.369973,58,15,1,88,-100,82,0,2,80,23,269,3,0,0,3134,167,0,1,0,1003,194,0,2,0,541,1,0,0,0,260,0,0,0,0,190,369,0,3,0,0,0,0,1,0,0,1,1,0,0
3,22,0,30,3,4,0,1.013037,0.955793,1.008594,26,2,584,100,100,59,16,1,0,-82,90,86,2,80,26,329,33,0,0,3035,152,0,11,0,1004,182,0,22,0,525,1,0,8,0,272,0,0,0,0,253,561,0,23,0,0,16,4,2,0,0,2,2,0,0
3,22,1,11,3,4,0,1.001412,0.976781,0.995343,5,1,459,5,0,59,16,1,-82,0,-100,-100,0,80,26,345,24,0,0,3035,12,0,8,0,1004,443,0,16,0,525,0,0,0,0,272,0,0,0,0,253,379,0,8,0,0,0,0,0,0,0,0,0,0,0
3,22,2,27,3,4,0,0.97939,0.958951,0.998314,25,4,834,75,70,59,16,1,90,-100,0,80,2,80,26,268,24,0,0,3035,237,0,8,0,1004,178,0,16,0,525,1,0,6,0,272,0,0,0,0,253,677,0,31,0,0,1,3,17,0,0,0,0,0,0
3,22,3,3,3,4,0,1.055237,0.922286,1.020777,2,1,459,68.369973,63.369973,59,16,1,86,-100,80,0,2,80,26,268,0,0,0,3035,168,0,0,0,1004,194,0,0,0,525,0,0,4,0,272,0,0,0,0,253,366,0,6,0,0,1,2,1,0,0,1,1,0,0
3,23,0,31,2,6,1,1.011715,0.957192,1.010441,28,3,709,100,100,60,17,1,0,-84,88,87,2,80,25,352,33,0,0,3152,159,0,11,0,999,190,0,22,0,533,1,0,6,0,266,0,0,4,0,230,554,16,36,0,0,1,3,18,0,0,1,1,0,0
3,23,1,10,2,6,1,1.000401,0.985435,0.991855,4,1,459,5,0,60,17,1,-84,0,-100,-100,0,80,25,348,3,0,0,3152,0,0,1,0,999,457,0,2,0,533,0,0,0,0,266,0,0,0,0,230,383,0,1,0,0,0,0,0,0,0,0,0,0,0
3,23,2,25,2,6,1,0.978226,0.964021,0.995683,22,4,834,80,75,60,17,1,88,-100,0,81,2,80,25,274,21,0,0,3152,203,0,7,0,999,185,0,14,0,533,0,0,6,0,266,0,0,2,0,230,705,8,15,0,0,3,3,1,0,0,1,1,0,0
3,23,3,1,2,6,1,1.028585,0.978738,1.020308,1,1,459,73.369973,68.369973,60,17,1,87,-100,81,0,2,80,25,266,0,0,0,3152,165,0,0,0,999,194,0,0,0,533,0,0,0,0,266,0,0,0,0,230,366,0,0,0,0,1,0,0,0,0,0,0,0,0
3,24,0,25,0,8,0,1.012542,0.952829,1.00057,24,3,709,100,100,61,18,1,0,-84,88,85,1,80,32,359,18,0,0,3133,161,0,6,0,1012,193,0,12,0,542,0,0,2,0,260,0,0,5,0,185,597,20,10,0,0,1,1,1,0,0,1,1,0,0
3,24,1,9,0,8,0,0.998081,0.990689,0.998347,3,1,459,5,0,61,18,1,-84,0,-100,-100,0,80,32,366,18,0,0,3133,12,0,6,0,1012,447,0,12,0,542,0,0,0,0,260,0,0,0,0,185,384,0,6,0,0,0,0,0,0,0,0,0,0,0
3,24,2,25,0,8,0,0.978226,0.964021,0.995683,23,4,834,85,80,61,18,1,88,-100,0,79,1,80,32,285,21,0,0,3133,171,0,7,0,1012,192,0,14,0,542,1,0,0,0,260,0,0,7,0,185,799,28,9,0,0,2,0,1,0,0,1,1,0,0
3,24,3,0,0,8,0,0,0,0,0,1,459,73.369973,73.369973,61,18,1,85,-100,79,0,0,80,32,265,0,0,0,3133,164,0,0,0,1012,194,0,0,0,542,0,0,0,0,260,0,0,0,0,185,366,0,0,0,0,1,0,0,0,0,0,0,0,0
3,25,0,25,2,3,0,1.005584,0.954259,1.007164,24,3,709,100,100,61,18,1,0,-84,90,85,1,80,30,368,18,0,0,3080,170,0,6,0,1038,196,0,12,0,541,1,0,2,0,251,0,0,9,0,259,649,36,8,0,0,2,1,0,0,0,0,0,0,0
3,25,1,9,2,3,0,0.997028,0.99476,1.004477,3,1,459,10,5,61,18,1,-84,0,-100,-100,0,80,30,374,9,0,0,3080,0,0,3,0,1038,453,0,6,0,541,0,0,0,0,251,0,0,0,0,259,386,0,3,0,0,0,0,0,0,0,0,0,0,0
3,25,2,24,2,3,0,0.979481,0.963163,0.997057,23,4,834,90,85,61,18,1,90,-100,0,79,1,80,30,294,18,0,0,3080,212,0,6,0,1038,198,0,12,0,541,1,0,0,0,251,0,0,12,0,259,826,48,8,0,0,1,0,1,0,0,1,1,0,0
3,25,3,0,2,3,0,0,0,0,0,1,459,73.369973,73.369973,61,18,1,85,-100,79,0,0,80,30,265,0,0,0,3080,164,0,0,0,1038,194,0,0,0,541,0,0,0,0,251,0,0,0,0,259,366,0,0,0,0,1,0,0,0,0,0,0,0,0
3,26,0,25,3,4,0,1.005709,0.952062,1.014129,22,3,709,100,100,61,18,1,0,-84,92,85,1,80,33,377,18,0,0,3131,179,0,6,0,1030,199,0,12,0,541,0,0,4,0,252,0,0,11,0,243,694,44,12,0,0,3,2,1,0,0,1,1,0,0
3,26,1,10,3,4,0,0.993299,0.993815,1.009638,3,1,459,15,10,61,18,1,-84,0,-100,-100,0,80,33,392,18,0,0,3131,14,0,6,0,1030,447,0,12,0,541,0,0,0,0,252,0,0,0,0,243,383,0,6,0,0,0,0,0,0,0,0,0,0,0
3,26,2,22,3,4,0,0.981891,0.969207,0.996771,22,4,834,95,90,61,18,1,92,-100,0,79,1,80,33,302,15,0,0,3131,183,0,5,0,1030,203,0,10,0,541,1,0,0,0,252,0,0,9,0,243,829,36,5,0,0,1,0,0,0,0,0,0,0,0
3,26,3,0,3,4,0,0,0,0,0,1,459,73.369973,73.369973,61,18,1,85,-100,79,0,0,80,33,265,0,0,0,3131,164,0,0,0,1030,194,0,0,0,541,0,0,0,0,252,0,0,0,0,243,366,0,0,0,0,1,0,0,0,0,0,0,0,0
3,27,0,27,3,3,0,1.006225,0.956382,1.013759,23,3,709,100,100,61,18,1,0,-84,94,85,1,80,39,385,21,0,0,3086,187,0,7,0,1033,203,0,14,0,532,0,0,6,0,263,0,0,3,0,273,698,12,15,0,0,5,3,1,0,0,1,1,0,0
3,27,1,8,3,3,0,0.996215,1.010216,1.00447,3,1,459,20,15,61,18,1,-84,0,-100,-100,0,80,39,408,18,0,0,3086,8,0,6,0,1033,447,0,12,0,532,0,0,0,0,263,0,0,0,0,273,382,0,6,0,0,0,0,0,0,0,0,0,0,0
3,27,2,22,3,3,0,0.978278,0.965495,1.002621,21,4,834,100,95,61,18,1,94,-100,0,79,1,80,39,312,15,0,0,3086,220,0,5,0,1033,205,0,10,0,532,1,0,6,0,263,0,0,6,0,273,829,24,11,0,0,4,3,0,0,0,0,0,0,0
3,27,3,0,3,3,0,0,0,0,0,1,459,73.369973,73.369973,61,18,1,85,-100,79,0,0,80,39,265,0,0,0,3086,164,0,0,0,1033,194,0,0,0,532,0,0,0,0,263,0,0,0,0,273,366,0,0,0,0,1,0,0,0,0,0,0,0,0
3,28,0,26,0,5,0,1.002083,0.956892,1.014017,23,3,709,100,100,61,18,1,0,-84,96,85,1,80,41,394,21,0,0,3160,193,0,7,0,1032,207,0,14,0,523,0,0,12,0,272,0,0,0,0,217,686,0,23,0,0,9,6,2,0,0,2,2,0,0
3,28,1,6,0,5,0,1.000163,1.015261,0.994765,2,1,459,25,20,61,18,1,-84,0,-100,-100,0,80,41,405,0,0,0,3160,0,0,0,0,1032,459,0,0,0,523,0,0,0,0,272,0,0,0,0,217,387,0,0,0,0,0,0,0,0,0,0,0,0,0
3,28,2,20,0,5,0,0.978595,0.968734,1.001471,19,4,834,100,100,61,18,1,96,-100,0,79,1,80,41,312,12,0,0,3160,194,0,4,0,1032,209,0,8,0,523,0,0,10,0,272,0,0,0,0,217,818,0,16,0,0,8,5,1,0,0,1,1,0,0
3,28,3,0,0,5,0,0,0,0,0,1,459,73.369973,73.369973,61,18,1,85,-100,79,0,0,80,41,265,0,0,0,3160,164,0,0,0,1032,194,0,0,0,523,0,0,0,0,272,0,0,0,0,217,366,0,0,0,0,1,0,0,0,0,0,0,0,0
3,29,0,28,4,2,0,1.007356,0.954106,1.011401,25,3,709,100,100,61,18,1,0,-84,98,85,1,80,37,410,21,0,0,3194,160,0,7,0,1043,211,0,14,0,529,1,0,8,0,260,0,0,9,0,182,700,36,17,0,0,12,4,1,0,0,1,1,0,0
3,29,1,6,4,2,0,1.000163,1.015261,0.994765,2,1,459,30,25,61,18,1,-84,0,-100,-100,0,80,37,406,0,0,0,3194,0,0,0,0,1043,459,0,0,0,529,0,0,0,0,260,0,0,0,0,182,392,0,0,0,0,0,0,0,0,0,0,0,0,0
3,29,2,20,4,2,0,0.981313,0.97175,0.998058,18,4,834,100,100,61,18,1,98,-100,0,79,1,80,37,314,9,0,0,3194,171,0,3,0,1043,212,0,6,0,529,0,0,6,0,260,0,0,3,0,182,829,12,9,0,0,11,3,0,0,0,0,0,0,0
3,29,3,0,4,2,0,0,0,0,0,1,459,73.369973,73.369973,61,18,1,85,-100,79,0,0,80,37,265,0,0,0,3194,164,0,0,0,1043,194,0,0,0,529,0,0,0,0,260,0,0,0,0,182,366,0,0,0,0,1,0,0,0,0,0,0,0,0
3,30,0,27,3,4,0,1.005151,0.954974,1.010132,25,3,709,100,100,61,18,1,0,-84,100,85,1,80,31,419,21,0,0,3082,181,0,7,0,1048,215,0,14,0,544,1,0,0,0,250,1,0,14,0,262,700,56,9,0,0,11,0,1,0,0,1,1,0,0
3,30,1,7,3,4,0,1.001683,1.018012,0.987517,2,1,459,35,30,61,18,1,-84,0,-100,-100,0,80,31,409,0,0,0,3082,0,0,0,0,1048,459,0,0,0,544,0,0,0,0,250,0,0,0,0,262,397,0,0,0,0,0,0,0,0,0,0,0,0,0
3,30,2,19,3,4,0,0.976651,0.971104,1.000568,15,4,834,100,100,61,18,1,100,-100,0,79,1,80,31,324,12,0,0,3082,203,0,4,0,1048,216,0,8,0,544,0,0,0,0,250,0,0,7,0,262,828,28,6,0,0,10,0,1,0,0,1,1,0,0
3,30,3,0,3,4,0,0,0,0,0,1,459,73.369973,73.369973,61,18,1,85,-100,79,0,0,80,31,265,0,0,0,3082,164,0,0,0,1048,194,0,0,0,544,0,0,0,0,250,0,0,0,0,262,366,0,0,0,0,1,0,0,0,0,0,0,0,0
3,31,0,28,2,1,0,1.007429,0.956389,1.013583,26,4,834,100,100,61,18,1,0,-84,100,85,1,80,28,434,21,0,0,3127,203,0,7,0,1036,219,0,14,0,526,0,0,16,0,263,0,0,4,0,220,673,16,42,0,0,1,8,18,0,0,1,1,0,0
3,31,1,7,2,1,0,1.001683,1.018012,0.987517,2,1,459,40,35,61,18,1,-84,0,-100,-100,0,80,28,427,15,0,0,3127,5,0,5,0,1036,449,0,10,0,526,0,0,0,0,263,0,0,0,0,220,397,0,5,0,0,0,0,0,0,0,0,0,0,0
3,31,2,19,2,1,0,0.974348,0.969029,0.998606,15,4,834,100,100,61,18,1,100,-100,0,79,1,80,28,333,15,0,0,3127,179,0,5,0,1036,221,0,10,0,526,1,0,2,0,263,0,0,6,0,220,825,24,11,0,0,9,1,2,0,0,2,2,0,0
3,31,3,0,2,1,0,0,0,0,0,1,459,73.369973,73.369973,61,18,1,85,-100,79,0,0,80,28,265,0,0,0,3127,164,0,0,0,1036,194,0,0,0,526,0,0,0,0,263,0,0,0,0,220,366,0,0,0,0,1,0,0,0,0,0,0,0,0
3,32,0,28,2,2,0,1.00802,0.955581,1.013542,26,4,834,100,100,61,18,1,0,-84,100,85,1,80,39,442,18,0,0,3132,169,0,6,0,1040,222,0,12,0,544,0,0,0,0,245,5,0,14,0,236,771,56,8,0,0,0,0,1,0,0,1,1,0,0
3,32,1,7,2,2,0,1.001683,1.018012,0.987517,2,1,459,45,40,61,18,1,-84,0,-100,-100,0,80,39,441,15,0,0,3132,5,0,5,0,1040,449,0,10,0,544,0,0,0,0,245,0,0,0,0,236,397,0,5,0,0,0,0,0,0,0,0,0,0,0
3,32,2,19,2,2,0,0.972766,0.971663,0.999649,16,4,834,100,100,61,18,1,100,-100,0,79,1,80,39,342,15,0,0,3132,211,0,5,0,1040,223,0,10,0,544,1,0,0,0,245,0,0,8,0,236,827,32,7,0,0,8,0,1,0,0,1,1,0,0
3,32,3,0,2,2,0,0,0,0,0,1,459,73.369973,73.369973,61,18,1,85,-100,79,0,0,80,39,265,0,0,0,3132,164,0,0,0,1040,194,0,0,0,544,0,0,0,0,245,0,0,0,0,236,366,0,0,0,0,1,0,0,0,0,0,0,0,0
3,33,0,29,4,2,0,1.009405,0.956356,1.014813,27,4,834,100,100,61,18,1,0,-84,100,85,1,80,37,448,18,0,0,3124,199,0,6,0,1044,225,0,12,0,514,1,0,20,0,272,0,0,5,0,212,781,20,28,0,0,9,10,1,0,0,1,1,0,0
3,33,1,7,4,2,0,1.011582,1.003263,1.000646,1,1,459,50,45,61,18,1,-84,0,-100,-100,0,80,37,454,12,0,0,3124,6,0,4,0,1044,451,0,8,0,514,0,0,0,0,272,0,0,0,0,212,398,0,4,0,0,0,0,0,0,0,0,0,0,0
3,33,2,20,4,2,0,0.977554,0.967496,1.000029,16,4,834,100,100,61,18,1,100,-100,0,79,1,80,37,352,12,0,0,3124,188,0,4,0,1044,227,0,8,0,514,0,0,10,0,272,0,0,0,0,212,818,0,16,0,0,12,5,1,0,0,1,1,0,0
3,33,3,0,4,2,0,0,0,0,0,1,459,73.369973,73.369973,61,18,1,85,-100,79,0,0,80,37,265,0,0,0,3124,164,0,0,0,1044,194,0,0,0,514,0,0,0,0,272,0,0,0,0,212,366,0,0,0,0,1,0,0,0,0,0,0,0,0
3,34,0,29,2,2,0,1.009405,0.956356,1.014813,28,4,834,100,100,61,18,1,0,-84,100,85,1,80,36,457,18,0,0,3199,164,0,6,0,1041,228,0,12,0,526,1,0,14,0,266,0,0,4,0,173,818,16,22,0,0,15,7,1,0,0,1,1,0,0
3,34,1,8,2,2,0,1.019023,0.98938,1.008131,1,1,459,55,50,61,18,1,-84,0,-100,-100,0,80,36,454,0,0,0,3199,0,0,0,0,1041,459,0,0,0,526,0,0,0,0,266,0,0,0,0,173,403,0,0,0,0,0,0,0,0,0,0,0,0,0
3,34,2,19,2,2,0,0.979834,0.967515,0.98855,15,4,834,100,100,61,18,1,100,-100,0,79,1,80,36,359,12,0,0,3199,164,0,4,0,1041,231,0,8,0,526,0,0,4,0,266,0,0,2,0,173,824,8,12,0,0,12,2,2,0,0,2,2,0,0
3,34,3,0,2,2,0,0,0,0,0,1,459,73.369973,73.369973,61,18,1,85,-100,79,0,0,80,36,265,0,0,0,3199,164,0,0,0,1041,194,0,0,0,526,0,0,0,0,266,0,0,0,0,173,366,0,0,0,0,1,0,0,0,0,0,0,0,0
3,35,0,31,4,3,0,1.011102,0.952293,1.013511,29,5,959,100,100,61,18,1,0,-84,100,85,1,80,30,465,18,0,0,3062,201,0,6,0,1038,231,0,12,0,517,1,0,18,0,272,0,0,0,0,265,793,0,41,0,0,7,9,17,0,0,0,0,0,0
3,35,1,9,4,3,0,1.014001,0.996149,1.007973,1,1,459,60,55,61,18,1,-84,0,-100,-100,0,80,30,459,15,0,0,3062,5,0,5,0,1038,449,0,10,0,517,1,0,2,0,272,0,0,0,0,265,399,0,9,0,0,0,1,1,0,0,1,1,0,0
3,35,2,17,4,3,0,0.985647,0.974046,0.985235,14,4,834,100,100,61,18,1,100,-100,0,79,1,80,30,364,12,0,0,3062,181,0,4,0,1038,235,0,8,0,517,0,0,6,0,272,0,0,0,0,265,822,0,12,0,0,14,3,1,0,0,1,1,0,0
3,35,3,0,4,3,0,0,0,0,0,1,459,73.369973,73.369973,61,18,1,85,-100,79,0,0,80,30,265,0,0,0,3062,164,0,0,0,1038,194,0,0,0,517,0,0,0,0,272,0,0,0,0,265,366,0,0,0,0,1,0,0,0,0,0,0,0,0
3,36,0,28,3,6,0,1.012151,0.953314,1.013712,25,6,1084,100,100,61,18,1,0,-84,100,85,1,80,29,463,15,0,0,3146,165,0,5,0,1050,233,0,10,0,509,1,0,24,0,272,0,0,0,0,208,811,0,48,0,0,1,12,18,0,0,1,1,0,0
3,36,1,10,3,6,0,1.016721,0.999764,1.009572,2,1,459,65,60,61,18,1,-84,0,-100,-100,0,80,29,459,15,0,0,3146,5,0,5,0,1050,449,0,10,0,509,2,0,4,0,272,0,0,0,0,208,393,0,11,0,0,1,2,1,0,0,1,1,0,0
3,36,2,16,3,6,0,0.987145,0.968301,0.988219,14,4,834,100,100,61,18,1,100,-100,0,79,1,80,29,370,9,0,0,3146,201,0,3,0,1050,238,0,6,0,509,0,0,6,0,272,0,0,0,0,208,823,0,11,0,0,16,3,1,0,0,1,1,0,0
3,36,3,0,3,6,0,0,0,0,0,1,459,73.369973,73.369973,61,18,1,85,-100,79,0,0,80,29,265,0,0,0,3146,164,0,0,0,1050,194,0,0,0,509,0,0,0,0,272,0,0,0,0,208,366,0,0,0,0,1,0,0,0,0,0,0,0,0
3,37,0,30,4,3,0,1.017609,0.954267,1.01697,26,6,1084,100,100,61,18,1,0,-84,100,85,1,80,34,469,15,0,0,3113,204,0,5,0,1042,235,0,10,0,536,0,0,8,0,242,6,0,14,0,236,864,56,15,0,0,4,4,1,0,0,1,1,0,0
3,37,1,12,4,3,0,1.022483,0.992316,1.014622,3,1,459,70,65,61,18,1,-84,0,-100,-100,0,80,34,459,18,0,0,3113,4,0,6,0,1042,447,0,12,0,536,1,0,2,0,242,2,0,2,0,236,396,8,10,0,0,1,1,1,0,0,1,1,0,0
3,37,2,13,4,3,0,0.9927,0.967115,0.978645,12,4,834,100,100,61,18,1,100,-100,0,79,1,80,34,374,9,0,0,3113,182,0,3,0,1042,241,0,6,0,536,0,0,0,0,242,0,0,6,0,236,829,24,5,0,0,15,0,1,0,0,1,1,0,0
3,37,3,0,4,3,0,0,0,0,0,1,459,73.369973,73.369973,61,18,1,85,-100,79,0,0,80,34,265,0,0,0,3113,164,0,0,0,1042,194,0,0,0,536,0,0,0,0,242,0,0,0,0,236,366,0,0,0,0,1,0,0,0,0,0,0,0,0
3,38,0,30,1,4,0,1.017609,0.954267,1.01697,27,6,1084,100,100,61,18,1,0,-84,100,85,1,80,41,468,15,0,0,3182,169,0,5,0,1040,237,0,10,0,524,1,0,18,0,266,0,0,6,0,300,861,24,27,0,0,11,9,2,0,0,2,2,0,0
3,38,1,10,1,4,0,1.007309,1.005409,1.007727,4,1,459,75,70,61,18,1,-84,0,-100,-100,0,80,41,459,18,0,0,3182,4,0,6,0,1040,447,0,12,0,524,0,0,2,0,266,1,0,1,0,300,392,4,8,0,0,2,1,0,0,0,0,0,0,0
3,38,2,12,1,4,0,0.99484,0.973795,0.980318,12,4,834,100,100,61,18,1,100,-100,0,79,1,80,41,376,6,0,0,3182,167,0,2,0,1040,243,0,4,0,524,0,0,0,0,266,0,0,6,0,300,832,24,2,0,0,15,0,0,0,0,0,0,0,0
3,38,3,0,1,4,0,0,0,0,0,1,459,73.369973,73.369973,61,18,1,85,-100,79,0,0,80,41,265,0,0,0,3182,164,0,0,0,1040,194,0,0,0,524,0,0,0,0,266,0,0,0,0,300,366,0,0,0,0,1,0,0,0,0,0,0,0,0
3,39,0,26,0,8,0,1.011884,0.952916,1.013692,25,6,1084,100,100,61,18,1,0,-84,100,85,1,80,44,468,15,0,0,3088,206,0,5,0,1048,239,0,10,0,502,1,0,18,0,272,0,0,0,0,291,842,0,25,0,0,19,9,1,0,0,1,1,0,0
3,39,1,9,0,8,0,1.000219,1.017988,1.00186,4,1,459,80,75,61,18,1,-84,0,-100,-100,0,80,44,459,21,0,0,3088,3,0,7,0,1048,445,0,14,0,502,2,0,2,0,272,0,0,1,0,291,387,4,9,0,0,3,1,0,0,0,0,0,0,0
3,39,2,9,0,8,0,0.991939,0.975363,0.978528,9,5,959,100,100,61,18,1,100,-100,0,79,1,80,44,380,6,0,0,3088,169,0,2,0,1048,245,0,4,0,502,0,0,6,0,272,0,0,0,0,291,809,0,25,0,0,1,3,17,0,0,0,0,0,0
3,39,3,0,0,8,0,0,0,0,0,1,459,73.369973,73.369973,61,18,1,85,-100,79,0,0,80,44,265,0,0,0,3088,164,0,0,0,1048,194,0,0,0,502,0,0,0,0,272,0,0,0,0,291,366,0,0,0,0,1,0,0,0,0,0,0,0,0
3,40,0,26,1,1,0,1.011884,0.952916,1.013692,26,6,1084,100,100,61,18,1,0,-84,100,85,1,80,48,468,15,0,0,3168,175,0,5,0,1044,241,0,10,0,520,1,0,18,0,272,0,0,0,0,219,894,0,23,0,0,28,9,0,0,0,0,0,0,0
3,40,1,10,1,1,0,1.000282,1.019413,0.99758,4,1,459,85,80,61,18,1,-84,0,-100,-100,0,80,48,459,21,0,0,3168,3,0,7,0,1044,445,0,14,0,520,3,0,2,0,272,0,0,0,0,219,378,0,9,0,0,4,1,0,0,0,0,0,0,0
3,40,2,8,1,1,0,0.984055,0.982345,0.980364,8,5,959,100,100,61,18,1,100,-100,0,79,1,80,48,387,6,0,0,3168,174,0,2,0,1044,247,0,4,0,520,1,0,2,0,272,0,0,0,0,219,811,0,4,0,0,2,1,0,0,0,0,0,0,0
3,40,3,0,1,1,0,0,0,0,0,1,459,73.369973,73.369973,61,18,1,85,-100,79,0,0,80,48,265,0,0,0,3168,164,0,0,0,1044,194,0,0,0,520,0,0,0,0,272,0,0,0,0,219,366,0,0,0,0,1,0,0,0,0,0,0,0,0
7,1,0,49,3,7,0,1.000729,0.989596,1.00121,0,0,334,100,100,6,0,0,0,-28,14,14,0,80,6,56,39,0,0,2812,200,0,13,0,914,63,0,26,0,398,24,0,44,0,272,3,0,22,0,137,110,88,75,0,0,13,22,9,0,0,9,9,0,0
7,1,1,47,3,7,0,1.001121,0.993638,1.000286,0,0,334,100,100,6,0,0,-28,0,-36,-36,0,80,6,52,39,0,0,2812,204,0,13,0,914,82,0,26,0,398,28,0,44,0,272,3,0,22,0,137,135,88,75,0,0,13,22,9,0,0,9,9,0,0
7,1,2,50,3,7,0,0.999612,0.986928,1.004011,0,0,334,87.299686,82.299686,6,0,0,14,-36,0,26,1,80,6,55,39,0,0,2812,192,0,13,0,914,62,0,26,0,398,22,0,46,0,272,2,0,23,0,137,118,92,77,0,0,14,23,9,0,0,9,9,0,0
7,1,3,50,3,7,0,1.0004,0.987862,0.999459,0,0,334,96.275117,91.275117,6,0,0,14,-36,26,0,1,80,6,59,39,0,0,2812,192,0,13,0,914,63,0,26,0,398,23,0,46,0,272,2,0,23,0,137,118,92,77,0,0,14,23,9,0,0,9,9,0,0
7,2,0,47,3,19,0,1.007197,0.994164,1.003872,8,0,334,100,100,12,1,1,0,-42,24,24,2,80,3,61,39,0,0,2846,218,0,13,0,917,76,0,26,0,433,14,0,40,0,266,0,0,3,0,200,76,12,71,0,0,24,20,9,0,0,9,9,0,0
7,2,1,40,3,19,0,0.997005,0.989143,1.000614,7,0,334,86.239743,81.239743,12,1,1,-42,0,-58,-58,0,80,3,49,33,0,0,2846,236,0,11,0,917,110,0,22,0,433,10,0,42,0,266,0,0,6,0,200,113,24,71,0,0,25,21,9,0,0,9,9,0,0
7,2,2,46,3,19,0,0.998986,0.985715,1.001621,8,0,334,68.572331,63.572331,12,1,1,24,-58,0,50,2,80,3,51,30,0,0,2846,212,0,10,0,917,72,0,20,0,433,4,0,46,0,266,0,0,2,0,200,77,8,74,0,0,28,23,9,0,0,9,9,0,0
7,2,3,47,3,19,0,0.999147,0.990027,0.998406,7,0,334,84.088828,79.088828,12,1,1,24,-58,50,0,2,80,3,62,36,0,0,2846,210,0,12,0,917,75,0,24,0,433,0,0,46,0,266,0,0,5,0,200,87,20,76,0,0,28,23,9,0,0,9,9,0,0
7,3,0,43,1,20,0,1.00493,0.995053,0.999326,14,0,334,100,100,21,3,1,0,-56,64,22,2,80,16,57,30,0,0,3048,161,0,10,0,933,86,0,20,0,474,1,0,36,0,271,0,0,0,0,115,71,0,64,0,0,33,18,9,0,0,9,9,0,0
7,3,1,30,1,20,0,0.999672,0.987764,0.999253,10,0,334,68.212319,63.212319,21,3,1,-56,0,-100,-84,0,80,16,37,18,0,0,3048,190,0,6,0,933,123,0,12,0,474,1,0,16,0,271,0,0,0,0,115,114,0,40,0,0,24,8,9,0,0,9,9,0,0
7,3,2,45,1,20,0,0.99934,0.98703,1.002504,16,0,334,20.690202,15.690202,21,3,1,64,-100,0,90,2,80,16,54,30,0,0,3048,236,0,10,0,933,82,0,20,0,474,0,0,22,0,271,0,0,1,0,115,67,4,50,0,0,30,11,9,0,0,9,9,0,0
7,3,3,43,1,20,0,1.000363,0.990011,0.998017,12,0,334,89.088828,84.088828,21,3,1,22,-84,90,0,2,80,16,69,36,0,0,3048,215,0,12,0,933,87,0,24,0,474,0,0,22,0,271,0,0,0,0,115,71,0,52,0,0,30,11,9,0,0,9,9,0,0
7,4,0,36,1,21,0,1.009934,0.994649,0.994322,17,0,334,100,100,27,3,1,0,-68,66,60,2,80,15,55,24,0,0,3060,182,0,8,0,973,94,0,16,0,458,0,0,24,0,271,0,0,0,0,199,46,0,50,0,0,36,12,9,0,0,9,9,0,0
7,4,1,25,1,21,0,1.007522,0.983382,1.001478,14,0,334,73.212319,68.212319,27,3,1,-68,0,-100,-100,0,80,15,38,18,0,0,3060,204,0,6,0,973,136,0,12,0,458,0,0,2,0,271,0,0,1,0,199,123,4,20,0,0,19,1,6,0,0,6,6,0,0
7,4,2,43,1,21,0,0.995562,0.985656,1.000528,24,0,334,25.690202,20.690202,27,3,1,66,-100,0,100,2,80,15,49,27,0,0,3060,182,0,9,0,973,91,0,18,0,458,0,0,24,0,271,0,0,0,0,199,41,0,51,0,0,33,12,9,0,0,9,9,0,0
7,4,3,37,1,21,0,0.999189,0.981981,1.003208,17,0,334,47.401383,42.401383,27,3,1,60,-100,100,0,2,80,15,74,33,0,0,3060,161,0,11,0,973,98,0,22,0,458,1,0,8,0,271,0,0,0,0,199,60,0,37,0,0,25,4,9,0,0,9,9,0,0
7,5,0,34,2,8,0,1.009648,0.9915,0.998305,24,0,334,100,100,33,3,1,0,-80,80,86,2,80,3,55,21,0,0,2984,211,0,7,0,979,101,0,14,0,544,0,0,0,0,217,0,0,18,0,157,125,72,17,0,0,31,0,5,0,0,5,5,0,0
7,5,1,24,2,8,0,1.016635,0.990649,0.998357,18,0,334,78.212319,73.212319,33,3,1,-80,0,-100,-100,0,80,3,44,18,0,0,2984,173,0,6,0,979,149,0,12,0,544,0,0,0,0,217,0,0,6,0,157,185,24,12,0,0,16,0,3,0,0,3,3,0,0
7,5,2,41,2,8,0,0.998427,0.984075,1.001072,32,0,334,16.437903,11.437903,33,3,1,80,-100,0,100,2,80,3,45,21,0,0,2984,212,0,7,0,979,98,0,14,0,544,0,0,0,0,217,0,0,19,0,157,135,76,15,0,0,29,0,4,0,0,4,4,0,0
7,5,3,36,2,8,0,0.997784,0.982075,1.005935,25,0,334,8.673824,3.673824,33,3,1,86,-100,100,0,2,80,3,92,33,0,0,2984,177,0,11,0,979,109,0,22,0,544,1,0,0,0,217,0,0,12,0,157,118,48,23,0,0,19,0,6,0,0,6,6,0,0
7,6,0,33,3,8,0,1.008432,0.99189,1.001132,28,0,334,100,100,35,3,1,0,-84,94,88,2,80,4,56,21,0,0,3051,170,0,7,0,996,105,0,14,0,458,1,0,26,0,272,0,0,0,0,90,163,0,39,0,0,41,13,3,0,0,3,3,0,0
7,6,1,24,3,8,0,1.016463,0.992267,1.002192,20,0,334,83.212319,78.212319,35,3,1,-84,0,-100,-100,0,80,4,52,18,0,0,3051,173,0,6,0,996,162,0,12,0,458,0,0,12,0,272,0,0,0,0,90,208,0,22,0,0,20,6,2,0,0,2,2,0,0
7,6,2,40,3,8,0,1.000131,0.983937,0.999143,36,0,334,5,0,35,3,1,94,-100,0,100,2,80,4,43,21,0,0,3051,209,0,7,0,996,102,0,14,0,458,1,0,28,0,272,0,0,0,0,90,151,0,39,0,0,41,14,2,0,0,2,2,0,0
7,6,3,33,3,8,0,0.99143,0.990266,1.005471,28,0,334,13.673824,8.673824,35,3,1,88,-100,100,0,2,80,4,104,30,0,0,3051,187,0,10,0,996,117,0,20,0,458,0,0,16,0,272,0,0,0,0,90,118,0,30,0,0,25,8,2,0,0,2,2,0,0
7,7,0,33,7,17,0,1.007148,0.996717,0.996036,28,0,334,100,100,37,3,1,0,-88,96,100,2,80,11,62,18,0,0,3058,195,0,6,0,1003,105,0,12,0,493,1,0,16,0,272,0,0,0,0,165,154,0,24,0,0,48,8,1,0,0,1,1,0,0
7,7,1,22,7,17,0,1.015493,0.987415,1.007372,20,0,334,88.212319,83.212319,37,3,1,-88,0,-100,-100,0,80,11,56,15,0,0,3058,164,0,5,0,1003,172,0,10,0,493,0,0,4,0,272,0,0,0,0,165,227,0,11,0,0,21,2,1,0,0,1,1,0,0
7,7,2,36,7,17,0,1.002239,0.987061,1.00559,32,0,334,10,5,37,3,1,96,-100,0,100,2,80,11,39,18,0,0,3058,163,0,6,0,1003,105,0,12,0,493,1,0,20,0,272,0,0,0,0,165,187,0,28,0,0,50,10,1,0,0,1,1,0,0
7,7,3,29,7,17,0,0.993054,0.983527,1.014764,25,0,334,5,0,37,3,1,100,-100,100,0,2,80,11,113,27,0,0,3058,175,0,9,0,1003,123,0,18,0,493,1,0,10,0,272,0,0,0,0,165,107,0,23,0,0,28,5,2,0,0,2,2,0,0
7,8,0,35,6,8,0,1.009882,0.999864,0.997464,29,0,334,100,100,40,3,1,0,-94,100,100,2,80,8,68,21,0,0,3014,227,0,7,0,1002,109,0,14,0,470,0,0,22,0,272,0,0,0,0,218,142,0,33,0,0,57,11,2,0,0,2,2,0,0
7,8,1,20,6,8,0,1.019167,0.989606,1.004616,18,0,334,93.212319,88.212319,40,3,1,-94,0,-100,-100,0,80,8,63,15,0,0,3014,147,0,5,0,1002,182,0,10,0,470,1,0,12,0,272,0,0,0,0,218,236,0,19,0,0,26,6,1,0,0,1,1,0,0
7,8,2,36,6,8,0,1.000112,0.981486,1.001824,32,0,334,5,0,40,3,1,100,-100,0,100,2,80,8,41,21,0,0,3014,184,0,7,0,1002,112,0,14,0,470,1,0,28,0,272,0,0,0,0,218,143,0,39,0,0,62,14,2,0,0,2,2,0,0
7,8,3,27,6,8,0,0.997293,0.987977,1.021922,23,0,334,10,5,40,3,1,100,-100,100,0,2,80,8,128,27,0,0,3014,177,0,9,0,1002,132,0,18,0,470,1,0,12,0,272,0,0,0,0,218,99,0,23,0,0,33,6,1,0,0,1,1,0,0
7,9,0,33,3,12,0,1.008811,0.998703,0.998557,30,0,334,100,100,43,3,1,0,-100,100,100,2,80,13,67,18,0,0,3086,186,0,6,0,1002,112,0,12,0,479,0,0,22,0,272,0,0,0,0,160,195,0,30,0,0,67,11,1,0,0,1,1,0,0
7,9,1,20,3,12,0,1.022877,0.99454,1.005491,17,0,334,98.212319,93.212319,43,3,1,-100,0,-100,-100,0,80,13,68,15,0,0,3086,137,0,5,0,1002,192,0,10,0,479,0,0,6,0,272,0,0,0,0,160,248,0,13,0,0,28,3,1,0,0,1,1,0,0
7,9,2,34,3,12,0,0.999425,0.982713,1.000005,32,0,334,5,0,43,3,1,100,-100,0,100,2,80,13,42,21,0,0,3086,200,0,7,0,1002,116,0,14,0,479,0,0,30,0,272,0,0,0,0,160,116,0,39,0,0,76,15,1,0,0,1,1,0,0
7,9,3,22,3,12,0,0.99125,0.984125,1.015294,19,0,334,5,0,43,3,1,100,-100,100,0,2,80,13,132,15,0,0,3086,180,0,5,0,1002,137,0,10,0,479,0,0,10,0,272,0,0,0,0,160,92,0,19,0,0,36,5,2,0,0,2,2,0,0
7,10,0,33,1,8,0,1.009908,0.993452,0.999548,30,0,334,100,100,46,4,1,0,-100,100,100,2,80,17,67,15,0,0,3022,220,0,5,0,1032,114,0,10,0,533,1,0,2,0,225,1,0,17,0,192,278,68,9,0,0,67,1,1,0,0,1,1,0,0
7,10,1,17,1,8,0,1.023658,0.994301,1.004566,15,1,459,87.608144,82.608144,46,4,1,-100,0,-100,-100,0,80,17,81,18,0,0,3022,121,0,6,0,1032,200,0,12,0,533,0,0,0,0,225,0,0,5,0,192,280,20,25,0,0,10,0,18,0,0,1,1,0,0
7,10,2,32,1,8,0,1.004308,0.978091,1.00562,31,0,334,5,0,46,4,1,100,-100,0,100,2,80,17,44,18,0,0,3022,219,0,6,0,1032,122,0,12,0,533,1,0,4,0,225,0,0,15,0,192,185,60,12,0,0,77,2,1,0,0,1,1,0,0
7,10,3,20,1,8,0,0.992656,0.989773,1.01761,19,0,334,5,0,46,4,1,100,-100,100,0,2,80,17,137,15,0,0,3022,175,0,5,0,1032,133,0,10,0,533,1,0,2,0,225,0,0,6,0,192,128,24,9,0,0,36,1,1,0,0,1,1,0,0
7,11,0,33,2,5,0,1.009908,0.993452,0.999548,31,1,459,100,100,48,5,1,0,-100,98,100,2,80,21,67,18,0,0,3176,181,0,6,0,1012,120,0,12,0,504,0,0,22,0,252,0,0,3,0,100,291,12,47,0,0,60,11,18,0,0,1,1,0,0
7,11,1,15,2,5,0,1.024937,0.990948,1.000016,14,1,459,66.869889,61.869889,48,5,1,-100,0,-100,-100,0,80,21,94,18,0,0,3176,98,0,6,0,1012,213,0,12,0,504,0,0,0,0,252,0,0,0,0,100,309,0,8,0,0,9,0,1,0,0,1,1,0,0
7,11,2,32,2,5,0,1.006277,0.97344,1.010747,31,0,334,5,0,48,5,1,98,-100,0,100,2,80,21,48,18,0,0,3176,175,0,6,0,1012,128,0,12,0,504,1,0,16,0,252,0,0,9,0,100,264,36,22,0,0,85,8,0,0,0,0,0,0,0
7,11,3,19,2,5,0,0.985784,0.993806,1.019163,18,0,334,10,5,48,5,1,100,-100,100,0,2,80,21,146,15,0,0,3176,174,0,5,0,1012,138,0,10,0,504,0,0,4,0,252,0,0,9,0,100,173,36,9,0,0,38,2,0,0,0,0,0,0,0
7,12,0,33,1,6,0,1.012141,0.995306,1.002577,31,1,459,100,100,49,6,1,0,-100,98,98,2,80,9,71,18,0,0,3048,214,0,6,0,1012,126,0,12,0,544,0,0,0,0,215,8,0,16,0,204,368,64,8,0,0,59,0,1,0,0,1,1,0,0
7,12,1,15,1,6,0,1.024937,0.990948,1.000016,15,1,459,47.479235,42.479235,49,6,1,-100,0,-100,-100,0,80,9,112,18,0,0,3048,77,0,6,0,1012,226,0,12,0,544,0,0,0,0,215,0,0,0,0,204,345,0,6,0,0,9,0,0,0,0,0,0,0,0
7,12,2,30,1,6,0,1.005498,0.975111,1.012682,29,1,459,10,5,49,6,1,98,-100,0,100,2,80,9,49,18,0,0,3048,193,0,6,0,1012,134,0,12,0,544,1,0,0,0,215,4,0,14,0,204,309,56,25,0,0,67,0,18,0,0,1,1,0,0
7,12,3,16,1,6,0,0.989702,1.000033,1.019687,15,0,334,15,10,49,6,1,98,-100,100,0,2,80,9,161,15,0,0,3048,174,0,5,0,1012,143,0,10,0,544,0,0,0,0,215,5,0,7,0,204,206,28,7,0,0,37,0,1,0,0,1,1,0,0
7,13,0,35,9,5,0,1.01801,0.997713,1.004724,31,2,584,100,100,50,7,1,0,-100,98,98,2,80,23,71,18,0,0,3120,175,0,6,0,1015,132,0,12,0,478,1,0,26,0,272,0,0,8,0,155,422,32,51,0,0,54,13,18,0,0,1,1,0,0
7,13,1,17,9,5,0,1.022633,0.992844,1.003124,15,1,459,26.594894,21.594894,50,7,1,-100,0,-100,-100,0,80,23,125,18,0,0,3120,56,0,6,0,1015,239,0,12,0,478,0,0,0,0,272,0,0,0,0,155,382,0,6,0,0,9,0,0,0,0,0,0,0,0
7,13,2,29,9,5,0,1.004565,0.973625,1.014013,28,1,459,15,10,50,7,1,98,-100,0,100,2,80,23,52,18,0,0,3120,213,0,6,0,1015,140,0,12,0,478,2,0,26,0,272,0,0,4,0,155,308,16,32,0,0,80,13,0,0,0,0,0,0,0
7,13,3,17,9,5,0,0.98537,1.000281,1.018893,14,0,334,20,15,50,7,1,98,-100,100,0,2,80,23,172,12,0,0,3120,178,0,4,0,1015,147,0,8,0,478,1,0,8,0,272,0,0,5,0,155,226,20,12,0,0,41,4,0,0,0,0,0,0,0
7,14,0,36,6,3,0,1.017414,0.998091,1.003028,31,2,584,100,100,52,9,1,0,-100,96,96,2,80,6,77,21,0,0,3104,205,0,7,0,1007,139,0,14,0,484,0,0,28,0,272,0,0,0,0,163,407,0,39,0,0,66,14,2,0,0,2,2,0,0
7,14,1,17,6,3,0,1.022633,0.992844,1.003124,15,1,459,5,0,52,9,1,-100,0,-100,-100,0,80,6,144,21,0,0,3104,32,0,7,0,1007,255,0,14,0,484,0,0,0,0,272,0,0,0,0,163,410,0,9,0,0,8,0,1,0,0,1,1,0,0
7,14,2,29,6,3,0,1.005606,0.974432,1.010496,27,1,459,20,15,52,9,1,96,-100,0,98,2,80,6,60,18,0,0,3104,178,0,6,0,1007,146,0,12,0,484,0,0,26,0,272,0,0,0,0,163,324,0,34,0,0,92,13,1,0,0,1,1,0,0
7,14,3,19,6,3,0,0.983397,1.001413,1.020808,13,0,334,25,20,52,9,1,96,-100,98,0,2,80,6,183,12,0,0,3104,181,0,4,0,1007,151,0,8,0,484,0,0,10,0,272,0,0,0,0,163,223,0,18,0,0,44,5,2,0,0,2,2,0,0
7,15,0,36,1,3,0,1.016031,1.001585,1.004956,32,2,584,100,100,53,10,1,0,-100,96,94,2,80,31,72,21,0,0,3104,162,0,7,0,1007,146,0,14,0,489,1,0,24,0,269,0,0,2,0,217,405,8,35,0,0,76,12,2,0,0,2,2,0,0
7,15,1,17,1,3,0,1.022633,0.992844,1.003124,16,1,459,5,0,53,10,1,-100,0,-100,-100,0,80,31,159,21,0,0,3104,8,0,7,0,1007,271,0,14,0,489,0,0,0,0,269,0,0,0,0,217,420,0,9,0,0,7,0,1,0,0,1,1,0,0
7,15,2,29,1,3,0,1.005606,0.974432,1.010496,28,1,459,25,20,53,10,1,96,-100,0,96,2,80,31,64,21,0,0,3104,190,0,7,0,1007,153,0,14,0,489,0,0,22,0,269,0,0,0,0,217,314,0,31,0,0,102,11,1,0,0,1,1,0,0
7,15,3,17,1,3,0,0.981766,0.99742,1.023138,13,0,334,30,25,53,10,1,94,-100,96,0,2,80,31,185,9,0,0,3104,207,0,3,0,1007,154,0,6,0,489,0,0,8,0,269,0,0,1,0,217,227,4,15,0,0,46,4,2,0,0,2,2,0,0
7,16,0,33,5,10,0,1.021052,0.99943,1.007059,31,2,584,100,100,54,11,1,0,-100,96,94,2,80,7,76,21,0,0,3071,191,0,7,0,1010,153,0,14,0,487,1,0,24,0,272,0,0,0,0,174,393,0,33,0,0,87,12,1,0,0,1,1,0,0
7,16,1,16,5,10,0,1.020348,0.997108,1.004371,16,1,459,5,0,54,11,1,-100,0,-100,-100,0,80,7,156,0,0,0,3071,0,0,0,0,1010,301,0,0,0,487,0,0,0,0,272,0,0,0,0,174,445,0,0,0,0,7,0,0,0,0,0,0,0,0
7,16,2,32,5,10,0,1.007336,0.97367,1.011163,29,1,459,30,25,54,11,1,96,-100,0,96,2,80,7,76,21,0,0,3071,202,0,7,0,1010,160,0,14,0,487,0,0,24,0,272,0,0,0,0,174,304,0,31,0,0,114,12,0,0,0,0,0,0,0
7,16,3,13,5,10,0,0.973136,0.99615,1.016404,9,0,334,35,30,54,11,1,94,-100,96,0,2,80,7,190,6,0,0,3071,188,0,2,0,1010,156,0,4,0,487,1,0,8,0,272,0,0,0,0,174,244,0,12,0,0,49,4,1,0,0,1,1,0,0
7,17,0,33,3,4,0,1.021052,0.99943,1.007059,32,2,584,100,100,55,12,1,0,-100,96,94,2,80,14,82,21,0,0,3112,223,0,7,0,1004,160,0,14,0,499,0,0,20,0,263,0,0,4,0,156,395,16,29,0,0,96,10,1,0,0,1,1,0,0
7,17,1,17,3,4,0,1.014519,0.993248,1.002807,16,1,459,5,0,55,12,1,-100,0,-100,-100,0,80,14,152,0,0,0,3112,0,0,0,0,1004,331,0,0,0,499,0,0,0,0,263,0,0,0,0,156,459,0,0,0,0,7,0,0,0,0,0,0,0,0
7,17,2,32,3,4,0,1.007201,0.971514,1.01333,28,1,459,35,30,55,12,1,96,-100,0,94,2,80,14,80,21,0,0,3112,163,0,7,0,1004,167,0,14,0,499,0,0,22,0,263,0,0,4,0,156,350,16,33,0,0,123,11,2,0,0,2,2,0,0
7,17,3,11,3,4,0,0.995528,1.008905,1.003091,8,0,334,40,35,55,12,1,94,-100,94,0,2,80,14,200,9,0,0,3112,172,0,3,0,1004,159,0,6,0,499,1,0,4,0,263,0,0,1,0,156,269,4,9,0,0,50,2,1,0,0,1,1,0,0
7,18,0,33,3,3,0,1.022383,1.00114,1.007207,32,2,584,100,100,56,13,1,0,-100,94,92,2,80,18,81,18,0,0,3093,184,0,6,0,1007,166,0,12,0,521,0,0,8,0,239,2,0,16,0,226,470,64,14,0,0,100,4,0,0,0,0,0,0,0
7,18,1,17,3,3,0,1.014519,0.993248,1.002807,16,1,459,5,0,56,13,1,-100,0,-100,-100,0,80,18,166,21,0,0,3093,3,0,7,0,1007,347,0,14,0,521,0,0,0,0,239,0,0,0,0,226,450,0,9,0,0,6,0,1,0,0,1,1,0,0
7,18,2,33,3,3,0,1.005512,0.970507,1.014897,30,2,584,40,35,56,13,1,94,-100,0,92,2,80,18,97,24,0,0,3093,179,0,8,0,1007,175,0,16,0,521,0,0,12,0,239,0,0,12,0,226,380,48,39,0,0,111,6,18,0,0,1,1,0,0
7,18,3,10,3,3,0,0.985254,1.017563,1.004357,7,0,334,45,40,56,13,1,92,-100,92,0,2,80,18,206,6,0,0,3093,183,0,2,0,1007,161,0,4,0,521,0,0,4,0,239,0,0,3,0,226,279,12,8,0,0,51,2,1,0,0,1,1,0,0
7,19,0,31,4,6,0,1.02391,1.000424,1.006323,29,2,584,100,100,57,14,1,0,-100,94,92,2,80,20,87,18,0,0,3047,217,0,6,0,1013,172,0,12,0,504,0,0,20,0,254,0,0,2,0,186,468,8,28,0,0,109,10,1,0,0,1,1,0,0
7,19,1,19,4,6,0,1.019542,0.991744,1.001298,17,1,459,5,0,57,14,1,-100,0,-100,-100,0,80,20,176,21,0,0,3047,3,0,7,0,1013,363,0,14,0,504,0,0,0,0,254,0,0,0,0,186,452,0,7,0,0,6,0,0,0,0,0,0,0,0
7,19,2,33,4,6,0,1.002873,0.968592,1.009246,30,2,584,45,40,57,14,1,94,-100,0,90,2,80,20,104,21,0,0,3047,196,0,7,0,1013,182,0,14,0,504,0,0,14,0,254,0,0,12,0,186,433,48,23,0,0,117,7,1,0,0,1,1,0,0
7,19,3,8,4,6,0,0.995912,1.003295,1.004949,6,1,459,50,45,57,14,1,92,-100,90,0,2,80,20,206,3,0,0,3047,172,0,1,0,1013,162,0,2,0,504,1,0,2,0,254,2,0,4,0,186,300,16,22,0,0,34,1,18,0,0,1,1,0,0
7,20,0,33,3,6,0,1.023801,1.002162,1.008113,30,3,709,100,100,58,15,1,0,-100,92,92,2,80,22,88,18,0,0,3094,180,0,6,0,1013,178,0,12,0,493,0,0,24,0,257,0,0,3,0,167,506,12,49,0,0,103,12,18,0,0,1,1,0,0
7,20,1,16,3,6,0,1.010859,0.988104,0.998121,14,1,459,5,0,58,15,1,-100,0,-100,-100,0,80,22,182,18,0,0,3094,4,0,6,0,1013,381,0,12,0,493,0,0,6,0,257,0,0,0,0,167,445,0,14,0,0,8,3,1,0,0,1,1,0,0
7,20,2,33,3,6,0,1.003827,0.972824,1.005611,30,2,584,50,45,58,15,1,92,-100,0,88,2,80,22,109,21,0,0,3094,220,0,7,0,1013,189,0,14,0,493,1,0,14,0,257,0,0,12,0,167,479,48,23,0,0,123,7,1,0,0,1,1,0,0
7,20,3,6,3,6,0,0.99396,0.99389,1.011665,5,1,459,55,50,58,15,1,92,-100,88,0,2,80,22,209,3,0,0,3094,179,0,1,0,1013,163,0,2,0,493,1,0,6,0,257,0,0,2,0,167,302,8,9,0,0,36,3,1,0,0,1,1,0,0
7,21,0,34,7,7,0,1.023949,1.001869,1.007596,30,3,709,100,100,59,16,1,0,-100,92,92,2,80,20,91,18,0,0,3122,197,0,6,0,1016,184,0,12,0,508,1,0,22,0,238,0,0,9,0,297,515,36,30,0,0,113,11,1,0,0,1,1,0,0
7,21,1,15,7,7,0,1.014886,0.990672,1.00191,13,1,459,5,0,59,16,1,-100,0,-100,-100,0,80,20,190,15,0,0,3122,5,0,5,0,1016,393,0,10,0,508,1,0,0,0,238,0,0,0,0,297,432,0,7,0,0,7,0,1,0,0,1,1,0,0
7,21,2,34,7,7,0,1.005636,0.973461,1.005492,29,3,709,55,50,59,16,1,92,-100,0,86,2,80,20,121,24,0,0,3122,179,0,8,0,1016,197,0,16,0,508,1,0,6,0,238,3,0,14,0,297,505,56,33,0,0,108,3,18,0,0,1,1,0,0
7,21,3,5,7,7,0,0.99262,0.99545,0.994628,4,1,459,60,55,59,16,1,92,-100,86,0,2,80,20,214,3,0,0,3122,172,0,1,0,1016,164,0,2,0,508,2,0,2,0,238,2,0,1,0,297,303,4,3,0,0,37,1,0,0,0,0,0,0,0
7,22,0,33,2,3,0,1.022,1.001174,1.007091,30,3,709,100,100,60,17,1,0,-100,92,90,2,80,26,89,15,0,0,3052,222,0,5,0,1024,189,0,10,0,476,0,0,34,0,272,0,0,0,0,220,493,0,43,0,0,128,17,2,0,0,2,2,0,0
7,22,1,16,2,3,0,1.016857,0.993942,1.002517,14,1,459,5,0,60,17,1,-100,0,-100,-100,0,80,26,207,15,0,0,3052,5,0,5,0,1024,408,0,10,0,476,0,0,6,0,272,0,0,0,0,220,438,0,13,0,0,9,3,1,0,0,1,1,0,0
7,22,2,35,2,3,0,1.006177,0.972866,1.008273,30,3,709,60,55,60,17,1,92,-100,0,84,2,80,26,125,24,0,0,3052,201,0,8,0,1024,205,0,16,0,476,1,0,24,0,272,0,0,3,0,220,505,12,36,0,0,118,12,2,0,0,2,2,0,0
7,22,3,3,2,3,0,0.999735,0.982041,0.983552,2,1,459,65,60,60,17,1,90,-100,84,0,2,80,26,215,0,0,0,3052,167,0,0,0,1024,164,0,0,0,476,6,0,2,0,272,1,0,1,0,220,313,4,2,0,0,38,1,0,0,0,0,0,0,0
7,23,0,22,1,21,0,1.021791,0.996053,1.009921,21,3,709,100,100,61,18,1,0,-100,92,90,2,80,31,69,3,0,0,3107,188,0,1,0,1026,190,0,2,0,482,0,0,18,0,272,0,0,0,0,213,511,0,21,0,0,136,9,1,0,0,1,1,0,0
7,23,1,13,1,21,0,1.014842,1.003657,1.002751,12,1,459,5,0,61,18,1,-100,0,-100,-100,0,80,31,212,9,0,0,3107,7,0,3,0,1026,415,0,6,0,482,1,0,4,0,272,0,0,0,0,213,445,0,9,0,0,10,2,1,0,0,1,1,0,0
7,23,2,31,1,21,0,1.003456,0.97756,1.00228,27,3,709,65,60,61,18,1,92,-100,0,82,2,80,31,124,15,0,0,3107,225,0,5,0,1026,210,0,10,0,482,0,0,22,0,272,0,0,0,0,213,495,0,31,0,0,127,11,2,0,0,2,2,0,0
7,23,3,1,1,21,0,0.971021,0.992055,0.987065,0,1,459,70,65,61,18,1,90,-100,82,0,2,80,31,214,0,0,0,3107,172,0,0,0,1026,164,0,0,0,482,4,0,2,0,272,0,0,1,0,213,315,4,2,0,0,39,1,0,0,0,0,0,0,0
7,24,0,18,3,6,0,1.025652,0.99689,1.002539,18,3,709,100,100,61,18,1,0,-100,94,90,1,80,23,68,3,0,0,3128,205,0,1,0,1055,191,0,2,0,506,1,0,10,0,266,0,0,4,0,165,534,16,11,0,0,141,5,0,0,0,0,0,0,0
7,24,1,14,3,6,0,1.016281,1.001901,1.006735,13,1,459,10,5,61,18,1,-100,0,-100,-100,0,80,23,223,9,0,0,3128,7,0,3,0,1055,424,0,6,0,506,0,0,6,0,266,0,0,0,0,165,450,0,9,0,0,13,3,0,0,0,0,0,0,0
7,24,2,32,3,6,0,1.006565,0.981581,1.002333,28,3,709,70,65,61,18,1,94,-100,0,82,1,80,23,126,15,0,0,3128,189,0,5,0,1055,215,0,10,0,506,0,0,22,0,266,0,0,2,0,165,560,8,29,0,0,137,11,1,0,0,1,1,0,0
7,24,3,0,3,6,0,0,0,0,0,1,459,70,70,61,18,1,90,-100,82,0,0,80,23,213,0,0,0,3128,171,0,0,0,1055,164,0,0,0,506,4,0,0,0,266,0,0,0,0,165,315,0,0,0,0,39,0,0,0,0,0,0,0,0
7,25,0,17,2,2,0,1.030135,0.996331,0.995536,17,3,709,100,100,61,18,1,0,-100,94,90,1,80,37,66,3,0,0,3101,186,0,1,0,1069,189,0,2,0,524,0,0,10,0,272,0,0,0,0,199,570,0,11,0,0,146,5,0,0,0,0,0,0,0
7,25,1,15,2,2,0,1.019083,1.003273,1.008097,13,1,459,15,10,61,18,1,-100,0,-100,-100,0,80,37,231,9,0,0,3101,17,0,3,0,1069,425,0,6,0,524,0,0,2,0,272,0,0,0,0,199,452,0,7,0,0,13,1,1,0,0,1,1,0,0
7,25,2,32,2,2,0,1.007769,0.98254,1.003833,28,3,709,75,70,61,18,1,94,-100,0,82,1,80,37,126,15,0,0,3101,224,0,5,0,1069,217,0,10,0,524,1,0,8,0,272,0,0,0,0,199,567,0,17,0,0,139,4,2,0,0,2,2,0,0
7,25,3,0,2,2,0,0,0,0,0,1,459,70,70,61,18,1,90,-100,82,0,0,80,37,213,0,0,0,3101,171,0,0,0,1069,164,0,0,0,524,4,0,0,0,272,0,0,0,0,199,315,0,0,0,0,39,0,0,0,0,0,0,0,0
7,26,0,16,1,5,0,1.030291,1.000268,0.997897,16,4,834,100,100,67,18,1,0,-100,100,90,1,80,35,62,3,0,0,3190,168,0,1,0,1050,190,0,2,0,541,1,0,0,0,245,2,0,9,0,163,630,36,18,0,0,129,0,17,0,0,0,0,0,0
7,26,1,13,1,5,0,1.023451,1.01187,1.01133,12,1,459,20,15,67,18,1,-100,0,-100,-100,0,80,35,239,12,0,0,3190,8,0,4,0,1050,437,0,8,0,541,0,0,0,0,245,0,0,0,0,163,453,0,6,0,0,12,0,1,0,0,1,1,0,0
7,26,2,31,1,5,0,1.00467,0.980839,0.998678,28,4,834,25.769267,20.769267,67,18,1,100,-100,0,100,1,80,35,129,15,0,0,3190,187,0,5,0,1050,222,0,10,0,541,1,0,2,0,245,0,0,16,0,163,670,64,26,0,0,122,1,18,0,0,1,1,0,0
7,26,3,0,1,5,0,0,0,0,0,1,459,70,70,67,18,1,90,-100,100,0,0,80,35,213,0,0,0,3190,171,0,0,0,1050,164,0,0,0,541,4,0,0,0,245,0,0,0,0,163,315,0,0,0,0,39,0,0,0,0,0,0,0,0
7,27,0,14,1,5,0,1.038095,1.003452,1.00314,14,4,834,100,100,67,18,1,0,-100,100,90,1,80,34,63,3,0,0,3089,175,0,1,0,1050,191,0,2,0,508,5,0,14,0,266,0,0,2,0,245,633,8,15,0,0,136,7,0,0,0,0,0,0,0
7,27,1,12,1,5,0,1.022965,1.021013,1.006449,12,1,459,25,20,67,18,1,-100,0,-100,-100,0,80,34,247,12,0,0,3089,6,0,4,0,1050,449,0,8,0,508,0,0,0,0,266,0,0,0,0,245,455,0,4,0,0,12,0,0,0,0,0,0,0,0
7,27,2,30,1,5,0,1.003189,0.976628,0.997192,27,4,834,30.769267,25.769267,67,18,1,100,-100,0,100,1,80,34,127,15,0,0,3089,223,0,5,0,1050,227,0,10,0,508,1,0,18,0,266,0,0,6,0,245,684,24,25,0,0,130,9,1,0,0,1,1,0,0
7,27,3,0,1,5,0,0,0,0,0,1,459,70,70,67,18,1,90,-100,100,0,0,80,34,213,0,0,0,3089,171,0,0,0,1050,164,0,0,0,508,4,0,0,0,266,0,0,0,0,245,315,0,0,0,0,39,0,0,0,0,0,0,0,0
7,28,0,13,1,4,0,1.039864,1.003629,1.005289,13,4,834,100,100,67,18,1,0,-100,100,90,1,80,47,61,3,0,0,3168,176,0,1,0,1050,192,0,2,0,543,1,0,4,0,239,8,0,7,0,196,668,28,5,0,0,138,2,0,0,0,0,0,0,0
7,28,1,13,1,4,0,1.024814,1.024135,1.007918,12,1,459,30,25,67,18,1,-100,0,-100,-100,0,80,47,258,12,0,0,3168,6,0,4,0,1050,451,0,8,0,543,0,0,0,0,239,0,0,0,0,196,455,0,4,0,0,12,0,0,0,0,0,0,0,0
7,28,2,27,1,4,0,1.008463,0.978786,0.993976,25,5,959,35.769267,30.769267,67,18,1,100,-100,0,100,1,80,47,125,15,0,0,3168,188,0,5,0,1050,232,0,10,0,543,1,0,0,0,239,2,0,16,0,196,788,64,24,0,0,112,0,18,0,0,1,1,0,0
7,28,3,0,1,4,0,0,0,0,0,1,459,70,70,67,18,1,90,-100,100,0,0,80,47,213,0,0,0,3168,171,0,0,0,1050,164,0,0,0,543,4,0,0,0,239,0,0,0,0,196,315,0,0,0,0,39,0,0,0,0,0,0,0,0
7,29,0,11,1,4,0,1.038773,1.002589,1.016037,11,4,834,100,100,67,18,1,0,-100,100,90,1,80,38,57,0,0,0,3095,179,0,0,0,1050,192,0,0,0,531,0,0,8,0,272,1,0,7,0,245,700,28,8,0,0,142,4,0,0,0,0,0,0,0
7,29,1,12,1,4,0,1.022965,1.021013,1.006449,12,1,459,35,30,67,18,1,-100,0,-100,-100,0,80,38,264,12,0,0,3095,6,0,4,0,1050,451,0,8,0,531,0,0,0,0,272,0,0,0,0,245,455,0,4,0,0,12,0,0,0,0,0,0,0,0
7,29,2,27,1,4,0,1.011412,0.977808,0.992878,25,5,959,40.769267,35.769267,67,18,1,100,-100,0,100,1,80,38,132,15,0,0,3095,228,0,5,0,1050,237,0,10,0,531,1,0,6,0,272,0,0,2,0,245,798,8,13,0,0,114,3,1,0,0,1,1,0,0
7,29,3,0,1,4,0,0,0,0,0,1,459,70,70,67,18,1,90,-100,100,0,0,80,38,213,0,0,0,3095,171,0,0,0,1050,164,0,0,0,531,4,0,0,0,272,0,0,0,0,245,315,0,0,0,0,39,0,0,0,0,0,0,0,0
7,30,0,9,0,4,0,1.038794,1.015183,1.01673,9,5,959,100,100,67,18,1,0,-100,100,90,1,80,27,57,0,0,0,3184,168,0,0,0,1053,192,0,0,0,514,2,0,10,0,272,0,0,1,0,166,697,4,27,0,0,130,5,17,0,0,0,0,0,0
7,30,1,12,0,4,0,1.022965,1.021013,1.006449,12,1,459,40,35,67,18,1,-100,0,-100,-100,0,80,27,275,12,0,0,3184,6,0,4,0,1053,451,0,8,0,514,0,0,0,0,272,0,0,0,0,166,455,0,4,0,0,12,0,0,0,0,0,0,0,0
7,30,2,25,0,4,0,1.016027,0.975732,0.999687,24,6,1084,45.769267,40.769267,67,18,1,100,-100,0,100,1,80,27,134,12,0,0,3184,197,0,4,0,1053,241,0,8,0,514,1,0,18,0,272,0,0,0,0,166,841,0,41,0,0,105,9,18,0,0,1,1,0,0
7,30,3,0,0,4,0,0,0,0,0,1,459,70,70,67,18,1,90,-100,100,0,0,80,27,213,0,0,0,3184,171,0,0,0,1053,164,0,0,0,514,4,0,0,0,272,0,0,0,0,166,315,0,0,0,0,39,0,0,0,0,0,0,0,0
7,31,0,7,2,3,0,1.033223,1.035191,1.009439,7,5,959,100,100,67,18,1,0,-100,100,90,1,80,38,55,0,0,0,3184,159,0,0,0,1056,192,0,0,0,529,1,0,6,0,272,0,0,0,0,183,703,0,6,0,0,133,3,0,0,0,0,0,0,0
7,31,1,12,2,3,0,1.026262,1.030706,1.010979,11,1,459,45,40,67,18,1,-100,0,-100,-100,0,80,38,283,9,0,0,3184,7,0,3,0,1056,453,0,6,0,529,0,0,0,0,272,0,0,0,0,183,456,0,3,0,0,12,0,0,0,0,0,0,0,0
7,31,2,26,2,3,0,1.017369,0.973519,0.999449,25,6,1084,50.769267,45.769267,67,18,1,100,-100,0,100,1,80,38,141,12,0,0,3184,168,0,4,0,1056,245,0,8,0,529,1,0,10,0,272,0,0,0,0,183,902,0,14,0,0,110,5,0,0,0,0,0,0,0
7,31,3,0,2,3,0,0,0,0,0,1,459,70,70,67,18,1,90,-100,100,0,0,80,38,213,0,0,0,3184,171,0,0,0,1056,164,0,0,0,529,4,0,0,0,272,0,0,0,0,183,315,0,0,0,0,39,0,0,0,0,0,0,0,0
7,32,0,5,0,5,0,1.032558,1.028148,1.002786,5,5,959,100,100,67,18,1,0,-100,100,90,1,80,39,57,0,0,0,3113,152,0,0,0,1074,192,0,0,0,543,1,0,0,0,262,0,0,2,0,253,720,8,0,0,0,133,0,0,0,0,0,0,0,0
7,32,1,11,0,5,0,1.032005,1.040141,1.007152,10,1,459,50,45,67,18,1,-100,0,-100,-100,0,80,39,295,12,0,0,3113,6,0,4,0,1074,451,0,8,0,543,0,0,0,0,262,0,0,0,0,253,453,0,6,0,0,11,0,1,0,0,1,1,0,0
7,32,2,24,0,5,0,1.014273,0.969606,1.00394,23,7,1209,55.769267,50.769267,67,18,1,100,-100,0,100,1,80,39,143,12,0,0,3113,210,0,4,0,1074,240,0,8,0,543,0,0,2,0,262,0,0,8,0,253,921,32,25,0,0,93,1,18,0,0,1,1,0,0
7,32,3,0,0,5,0,0,0,0,0,1,459,70,70,67,18,1,90,-100,100,0,0,80,39,213,0,0,0,3113,171,0,0,0,1074,164,0,0,0,543,4,0,0,0,262,0,0,0,0,253,315,0,0,0,0,39,0,0,0,0,0,0,0,0
7,33,0,3,2,11,0,1.025468,1.040378,1.00869,3,5,959,100,100,67,18,1,0,-100,100,90,1,80,46,57,0,0,0,3185,147,0,0,0,1060,192,0,0,0,529,1,0,0,0,269,0,0,0,0,216,729,0,0,0,0,133,0,0,0,0,0,0,0,0
7,33,1,12,2,11,0,1.03343,1.035208,1.003494,11,1,459,55,50,67,18,1,-100,0,-100,-100,0,80,46,306,12,0,0,3185,6,0,4,0,1060,451,0,8,0,529,0,0,0,0,269,0,0,0,0,216,455,0,4,0,0,11,0,0,0,0,0,0,0,0
7,33,2,16,2,11,0,1.00621,0.961498,1.004001,15,7,1209,60.769267,55.769267,67,18,1,100,-100,0,100,1,80,46,149,12,0,0,3185,182,0,4,0,1060,244,0,8,0,529,5,0,10,0,269,0,0,3,0,216,931,12,14,0,0,98,5,0,0,0,0,0,0,0
7,33,3,0,2,11,0,0,0,0,0,1,459,70,70,67,18,1,90,-100,100,0,0,80,46,213,0,0,0,3185,171,0,0,0,1060,164,0,0,0,529,4,0,0,0,269,0,0,0,0,216,315,0,0,0,0,39,0,0,0,0,0,0,0,0
7,34,0,1,3,4,0,1.059336,1.04085,0.986042,1,5,959,100,100,67,18,1,0,-100,100,90,1,80,43,56,0,0,0,3184,144,0,0,0,1053,192,0,0,0,537,1,0,0,0,272,0,0,0,0,260,732,0,0,0,0,133,0,0,0,0,0,0,0,0
7,34,1,14,3,4,0,1.035369,1.034545,0.999759,11,1,459,60,55,67,18,1,-100,0,-100,-100,0,80,43,320,15,0,0,3184,5,0,5,0,1053,449,0,10,0,537,0,0,0,0,272,0,0,0,0,260,452,0,7,0,0,10,0,1,0,0,1,1,0,0
7,34,2,15,3,4,0,1.004595,0.970937,1.000857,13,7,1209,65.769267,60.769267,67,18,1,100,-100,0,100,1,80,43,159,12,0,0,3184,162,0,4,0,1053,248,0,8,0,537,4,0,8,0,272,0,0,0,0,260,929,0,14,0,0,101,4,1,0,0,1,1,0,0
7,34,3,0,3,4,0,0,0,0,0,1,459,70,70,67,18,1,90,-100,100,0,0,80,43,213,0,0,0,3184,171,0,0,0,1053,164,0,0,0,537,4,0,0,0,272,0,0,0,0,260,315,0,0,0,0,39,0,0,0,0,0,0,0,0
7,35,0,0,0,2,0,0,0,0,0,5,959,100,100,67,18,1,0,-100,100,90,0,80,59,55,0,0,0,3171,143,0,0,0,1048,192,0,0,0,537,1,0,0,0,272,0,0,0,0,274,732,0,0,0,0,133,0,0,0,0,0,0,0,0
7,35,1,14,0,2,0,1.035369,1.034545,0.999759,12,1,459,65,60,67,18,1,-100,0,-100,-100,0,80,59,329,15,0,0,3171,15,0,5,0,1048,449,0,10,0,537,0,0,0,0,272,0,0,0,0,274,452,0,7,0,0,9,0,1,0,0,1,1,0,0
7,35,2,14,0,2,0,1.004209,0.971187,0.994311,13,7,1209,70.769267,65.769267,67,18,1,100,-100,0,100,0,80,59,172,15,0,0,3171,142,0,5,0,1048,253,0,10,0,537,3,0,8,0,272,0,0,0,0,274,920,0,15,0,0,104,4,1,0,0,1,1,0,0
7,35,3,0,0,2,0,0,0,0,0,1,459,70,70,67,18,1,90,-100,100,0,0,80,59,213,0,0,0,3171,171,0,0,0,1048,164,0,0,0,537,4,0,0,0,272,0,0,0,0,274,315,0,0,0,0,39,0,0,0,0,0,0,0,0
7,36,0,0,0,6,0,0,0,0,0,5,959,100,100,71,18,0,0,-100,98,90,0,80,56,55,0,0,0,3200,143,0,0,0,1053,192,0,0,0,544,1,0,0,0,263,0,0,0,0,263,732,0,0,0,0,133,0,0,0,0,0,0,0,0
7,36,1,11,0,6,0,1.043362,1.041471,0.992029,10,1,459,35.56005,30.56005,71,18,0,-100,0,-100,-100,0,80,56,325,3,0,0,3200,0,0,1,0,1053,457,0,2,0,544,0,0,0,0,263,0,0,0,0,263,456,0,3,0,0,8,0,1,0,0,1,1,0,0
7,36,2,11,0,6,0,1.010041,0.972368,1.000704,11,7,1209,36.606115,31.606115,71,18,0,98,-100,0,98,0,80,56,186,15,0,0,3200,123,0,5,0,1053,258,0,10,0,544,1,0,2,0,263,3,0,3,0,263,934,12,7,0,0,105,1,0,0,0,0,0,0,0
7,36,3,0,0,6,0,0,0,0,0,1,459,70,70,71,18,0,90,-100,98,0,0,80,56,213,0,0,0,3200,171,0,0,0,1053,164,0,0,0,544,4,0,0,0,263,0,0,0,0,263,315,0,0,0,0,39,0,0,0,0,0,0,0,0
7,37,0,0,0,1,0,0,0,0,0,5,959,100,100,72,18,0,0,-100,96,90,0,80,56,55,0,0,0,3179,143,0,0,0,1084,192,0,0,0,541,1,0,0,0,272,0,0,0,0,269,732,0,0,0,0,133,0,0,0,0,0,0,0,0
7,37,1,11,0,1,0,1.043362,1.041471,0.992029,11,1,459,27.391436,22.391436,72,18,0,-100,0,-100,-100,0,80,56,335,12,0,0,3179,6,0,4,0,1084,451,0,8,0,541,0,0,0,0,272,0,0,0,0,269,455,0,4,0,0,8,0,0,0,0,0,0,0,0
7,37,2,10,0,1,0,1.008909,0.97084,1.003349,10,7,1209,41.606115,36.606115,72,18,0,96,-100,0,96,0,80,56,201,15,0,0,3179,107,0,5,0,1084,248,0,10,0,541,0,0,4,0,272,0,0,3,0,269,946,12,9,0,0,107,2,0,0,0,0,0,0,0
7,37,3,0,0,1,0,0,0,0,0,1,459,70,70,72,18,0,90,-100,96,0,0,80,56,213,0,0,0,3179,171,0,0,0,1084,164,0,0,0,541,4,0,0,0,272,0,0,0,0,269,315,0,0,0,0,39,0,0,0,0,0,0,0,0
7,38,0,0,0,4,0,0,0,0,0,5,959,100,100,73,18,0,0,-100,94,90,0,80,65,55,0,0,0,3185,143,0,0,0,1057,192,0,0,0,544,1,0,0,0,272,0,0,0,0,296,732,0,0,0,0,133,0,0,0,0,0,0,0,0
7,38,1,11,0,4,0,1.043362,1.041471,0.992029,11,1,459,20.455198,15.455198,73,18,0,-100,0,-100,-100,0,80,65,344,12,0,0,3185,6,0,4,0,1057,451,0,8,0,544,0,0,0,0,272,0,0,0,0,296,453,0,4,0,0,8,0,0,0,0,0,0,0,0
7,38,2,6,0,4,0,1.009147,0.95677,0.997484,6,7,1209,46.606115,41.606115,73,18,0,94,-100,0,94,0,80,65,206,9,0,0,3185,94,0,3,0,1057,251,0,6,0,544,0,0,0,0,272,0,0,0,0,296,945,0,3,0,0,107,0,0,0,0,0,0,0,0
7,38,3,0,0,4,0,0,0,0,0,1,459,70,70,73,18,0,90,-100,94,0,0,80,65,213,0,0,0,3185,171,0,0,0,1057,164,0,0,0,544,4,0,0,0,272,0,0,0,0,296,315,0,0,0,0,39,0,0,0,0,0,0,0,0
7,39,0,0,1,1,0,0,0,0,0,5,959,100,100,73,18,0,0,-100,94,90,0,80,56,55,0,0,0,3185,143,0,0,0,1059,192,0,0,0,544,1,0,0,0,272,0,0,0,0,266,732,0,0,0,0,133,0,0,0,0,0,0,0,0
7,39,1,12,1,1,0,1.040807,1.046548,0.996771,11,1,459,25.455198,20.455198,73,18,0,-100,0,-100,-100,0,80,56,356,12,0,0,3185,6,0,4,0,1059,451,0,8,0,544,0,0,0,0,272,0,0,0,0,266,455,0,4,0,0,8,0,0,0,0,0,0,0,0
7,39,2,5,1,1,0,1.012589,0.94132,1.010293,5,7,1209,51.606115,46.606115,73,18,0,94,-100,0,94,0,80,56,213,6,0,0,3185,86,0,2,0,1059,253,0,4,0,544,0,0,0,0,272,0,0,0,0,266,952,0,2,0,0,107,0,0,0,0,0,0,0,0
7,39,3,0,1,1,0,0,0,0,0,1,459,70,70,73,18,0,90,-100,94,0,0,80,56,213,0,0,0,3185,171,0,0,0,1059,164,0,0,0,544,4,0,0,0,272,0,0,0,0,266,315,0,0,0,0,39,0,0,0,0,0,0,0,0
7,40,0,0,1,0,0,0,0,0,0,5,959,100,100,73,18,0,0,-100,94,90,0,80,64,55,0,0,0,3184,143,0,0,0,1065,192,0,0,0,544,1,0,0,0,272,0,0,0,0,263,732,0,0,0,0,133,0,0,0,0,0,0,0,0
7,40,1,13,1,0,0,1.040933,1.050904,0.997852,11,1,459,30.455198,25.455198,73,18,0,-100,0,-100,-100,0,80,64,365,12,0,0,3184,6,0,4,0,1065,451,0,8,0,544,0,0,0,0,272,0,0,0,0,263,453,0,6,0,0,7,0,1,0,0,1,1,0,0
7,40,2,5,1,0,0,1.012589,0.94132,1.010293,5,7,1209,56.606115,51.606115,73,18,0,94,-100,0,94,0,80,64,221,6,0,0,3184,79,0,2,0,1065,255,0,4,0,544,0,0,0,0,272,0,0,0,0,263,959,0,2,0,0,107,0,0,0,0,0,0,0,0
7,40,3,0,1,0,0,0,0,0,0,1,459,70,70,73,18,0,90,-100,94,0,0,80,64,213,0,0,0,3184,171,0,0,0,1065,164,0,0,0,544,4,0,0,0,272,0,0,0,0,263,315,0,0,0,0,39,0,0,0,0,0,0,0,0
