graine,jour,faction,population,naissances_total,morts_total,predations_total,vitesse,taille,perception,armes_equipees,reserves,capacite,defenses_fin,defenses_min_jour,raids_cumul,coalitions_cumul,plans,confiance_0,confiance_1,confiance_2,confiance_3,allies,nourriture_aube,carte_nourriture,stock_nourriture,production_nourriture,consommation_nourriture,sac_nourriture,carte_eau,stock_eau,production_eau,consommation_eau,sac_eau,carte_terre,stock_terre,production_terre,consommation_terre,sac_terre,carte_minerai,stock_minerai,production_minerai,consommation_minerai,sac_minerai,carte_charbon,stock_charbon,production_charbon,consommation_charbon,sac_charbon,carte_energie,stock_energie,production_energie,consommation_energie,sac_energie,carte_fer,stock_fer,production_fer,consommation_fer,sac_fer,carte_armes,stock_armes,production_armes,consommation_armes,sac_armes
0,1,0,53,14,4,0,1.000167,0.993335,0.993984,0,0,334,100,100,0,0,0,0,0,2,2,0,80,7,54,39,0,0,3056,127,0,26,0,932,63,0,26,0,447,13,0,48,0,272,1,0,24,0,158,119,96,79,0,0,15,24,9,0,0,9,9,0,0
0,1,1,53,14,4,0,1.001507,0.995611,0.994907,0,0,334,100,100,0,0,0,0,0,2,2,0,80,7,50,36,0,0,3056,126,0,24,0,932,62,0,24,0,447,9,0,46,0,272,2,0,23,0,158,118,92,76,0,0,14,23,9,0,0,9,9,0,0
0,1,2,53,14,4,0,1.006248,0.990797,0.99484,0,0,334,100,100,0,0,0,2,2,0,0,0,80,7,55,36,0,0,3056,129,0,24,0,932,62,0,24,0,447,12,0,48,0,272,1,0,24,0,158,121,96,78,0,0,15,24,9,0,0,9,9,0,0
0,1,3,51,14,4,0,0.997997,0.991594,0.993461,0,0,334,100,100,0,0,0,2,2,0,0,0,80,7,55,39,0,0,3056,127,0,26,0,932,63,0,26,0,447,11,0,46,0,272,2,0,23,0,158,115,92,77,0,0,14,23,9,0,0,9,9,0,0
0,2,0,57,19,4,0,1.001536,0.995937,0.996028,9,0,334,100,100,0,0,0,0,0,4,4,0,80,2,60,39,0,0,3058,80,0,26,0,933,76,0,26,0,521,1,0,18,0,175,4,0,26,0,200,199,104,49,0,0,15,9,9,0,0,9,9,0,0
0,2,1,56,19,4,0,1.004625,0.994259,0.994847,9,0,334,100,100,0,0,0,0,0,4,4,0,80,2,53,39,0,0,3058,82,0,26,0,933,75,0,26,0,521,0,0,16,0,175,0,0,24,0,200,192,96,47,0,0,13,8,9,0,0,9,9,0,0
0,2,2,58,19,4,0,1.008857,0.992081,0.994967,9,0,334,100,100,0,0,0,4,4,0,0,0,80,2,59,39,0,0,3058,87,0,26,0,933,74,0,26,0,521,0,0,16,0,175,0,0,24,0,200,195,96,47,0,0,14,8,9,0,0,9,9,0,0
0,2,3,54,19,4,0,1.002047,0.987892,0.996285,9,0,334,100,100,0,0,0,4,4,0,0,0,80,2,60,39,0,0,3058,79,0,26,0,933,76,0,26,0,521,1,0,16,0,175,3,0,22,0,200,179,88,47,0,0,13,8,9,0,0,9,9,0,0
0,3,0,53,20,13,0,1.004162,0.989346,1.001075,16,0,334,100,100,0,0,0,0,0,6,6,0,76,0,60,39,0,0,3035,39,0,26,0,911,89,0,26,0,498,1,0,12,0,183,0,0,15,0,150,252,60,43,0,0,12,6,9,0,0,9,9,0,0
0,3,1,57,20,13,0,1.002365,0.992167,0.993045,17,0,334,100,100,0,0,0,0,0,6,6,0,76,0,58,42,0,0,3035,37,0,28,0,911,89,0,28,0,498,0,0,0,0,183,9,0,26,0,150,302,104,32,0,0,4,0,9,0,0,9,9,0,0
0,3,2,65,20,13,0,1.010379,0.992609,0.993449,18,0,334,100,100,0,0,0,6,6,0,0,0,76,0,68,48,0,0,3035,39,0,32,0,911,90,0,32,0,498,0,0,0,0,183,0,0,27,0,150,300,108,34,0,0,5,0,9,0,0,9,9,0,0
0,3,3,57,20,13,0,1.000841,0.982084,1.001535,17,0,334,100,100,0,0,0,6,6,0,0,0,76,0,68,45,0,0,3035,31,0,30,0,911,91,0,30,0,498,0,0,18,0,183,0,0,18,0,150,233,72,51,0,0,13,9,9,0,0,9,9,0,0
0,4,0,50,16,26,5,1.009083,0.988486,0.994537,23,0,334,100,100,0,0,0,0,-4,-4,0,0,76,8,47,21,0,0,2942,28,0,14,0,899,96,0,14,0,447,1,0,20,0,272,0,0,0,0,195,237,0,45,0,0,13,10,9,0,0,9,9,0,0
0,4,1,60,16,26,5,1.006854,0.990918,0.986872,26,0,334,100,100,0,0,0,-4,0,2,-6,0,76,8,54,36,0,0,2942,21,0,24,0,899,101,0,24,0,447,1,0,24,0,272,0,0,9,0,195,296,36,54,0,0,7,12,9,0,0,9,9,0,0
0,4,2,59,16,26,5,1.012975,0.991717,0.99822,26,0,334,100,100,0,0,0,-4,2,0,-2,0,76,8,45,30,0,0,2942,23,0,20,0,899,100,0,20,0,447,1,0,26,0,272,0,0,0,0,195,271,0,54,0,0,9,13,9,0,0,9,9,0,0
0,4,3,53,16,26,5,1.004322,0.977621,0.996247,22,0,334,100,100,0,0,0,0,-6,-2,0,0,76,8,64,33,0,0,2942,17,0,22,0,899,102,0,22,0,447,0,0,20,0,272,0,0,0,0,195,209,0,49,0,0,14,10,9,0,0,9,9,0,0
0,5,0,55,14,23,0,1.00888,0.986129,0.994793,32,0,334,100,100,0,0,0,0,-4,-2,2,0,72,1,41,27,0,0,2890,24,0,18,0,962,105,0,18,0,461,0,0,22,0,241,0,0,6,0,166,251,24,49,0,0,15,11,9,0,0,9,9,0,0
0,5,1,54,14,23,0,1.001611,0.98363,0.987558,31,0,334,100,100,0,0,0,-4,0,4,-4,0,72,1,48,33,0,0,2890,26,0,22,0,962,112,0,22,0,461,1,0,14,0,241,0,0,9,0,166,305,36,43,0,0,5,7,9,0,0,9,9,0,0
0,5,2,47,14,23,0,1.009811,0.993063,1.002871,31,0,334,100,100,0,0,0,-2,4,0,-2,0,72,1,35,24,0,0,2890,20,0,16,0,962,108,0,16,0,461,1,0,18,0,241,0,0,6,0,166,288,24,42,0,0,10,9,8,0,0,8,8,0,0
0,5,3,57,14,23,0,1.005022,0.978258,0.996563,31,0,334,100,100,0,0,0,2,-4,-2,0,0,72,1,62,36,0,0,2890,24,0,24,0,962,114,0,24,0,461,0,0,14,0,241,0,0,10,0,166,223,40,44,0,0,12,7,9,0,0,9,9,0,0
0,6,0,47,15,21,2,1.011306,0.985352,0.986821,40,0,334,100,100,0,0,0,0,-4,-8,4,0,72,0,39,30,0,0,2910,19,0,20,0,962,115,0,20,0,529,1,0,4,0,166,0,0,20,0,215,320,80,18,0,0,15,2,2,0,0,2,2,0,0
0,6,1,55,15,21,2,1.002002,0.985412,0.99109,40,0,334,100,100,0,0,0,-4,0,-2,-2,0,72,0,44,33,0,0,2910,23,0,22,0,962,123,0,22,0,529,0,0,4,0,166,0,0,27,0,215,311,108,27,0,0,1,2,6,0,0,6,6,0,0
0,6,2,42,15,21,2,1.007165,0.992874,1.004878,35,0,334,100,100,0,0,0,-8,-2,0,-6,0,72,0,33,24,0,0,2910,20,0,16,0,962,113,0,16,0,529,0,0,2,0,166,0,0,23,0,215,320,92,16,0,0,8,1,3,0,0,3,3,0,0
0,6,3,63,15,21,2,1.00983,0.978855,1.001784,39,0,334,100,100,0,0,0,4,-2,-6,0,0,72,0,63,42,0,0,2910,20,0,28,0,962,128,0,28,0,529,1,0,4,0,166,0,0,25,0,215,302,100,36,0,0,5,2,9,0,0,9,9,0,0
0,7,0,47,5,18,0,1.008923,0.985803,0.985843,42,1,459,100,100,0,0,0,0,-4,-6,6,0,68,8,36,30,0,0,2901,19,0,20,0,1015,115,0,20,0,469,0,0,16,0,237,0,0,9,0,170,303,36,47,0,0,4,8,19,0,0,2,2,0,0
0,7,1,48,5,18,0,1.00744,0.983544,0.992758,46,0,334,100,100,0,0,0,-4,0,0,0,0,68,8,41,33,0,0,2901,17,0,22,0,1015,117,0,22,0,469,1,0,20,0,237,0,0,8,0,170,315,32,33,0,0,10,10,1,0,0,1,1,0,0
0,7,2,37,5,18,0,1.012792,0.995644,1.007083,34,0,334,100,100,0,0,0,-6,0,0,-4,0,68,8,28,21,0,0,2901,19,0,14,0,1015,111,0,14,0,469,1,0,14,0,237,0,0,8,0,170,323,32,25,0,0,13,7,2,0,0,2,2,0,0
0,7,3,62,5,18,0,1.017309,0.982329,1.003841,45,0,334,100,100,0,0,0,6,0,-4,0,0,68,8,58,42,0,0,2901,29,0,28,0,1015,121,0,28,0,469,1,0,24,0,237,0,0,10,0,170,300,40,52,0,0,10,12,7,0,0,7,7,0,0
0,8,0,43,12,16,0,1.015958,0.988933,0.98409,39,1,459,100,100,0,0,0,0,-2,-4,8,0,68,0,37,30,0,0,2925,10,0,20,0,963,125,0,20,0,541,1,0,2,0,155,2,0,22,0,141,413,88,14,0,0,4,1,1,0,0,1,1,0,0
0,8,1,43,12,16,0,1.006722,0.979879,0.993951,41,0,334,100,100,0,0,0,-2,0,2,2,0,68,0,41,30,0,0,2925,19,0,20,0,963,127,0,20,0,541,1,0,0,0,155,12,0,21,0,141,322,84,12,0,0,9,0,1,0,0,1,1,0,0
0,8,2,39,12,16,0,1.014967,0.9925,1.011139,35,0,334,100,100,0,0,0,-4,2,0,-2,0,68,0,30,21,0,0,2925,16,0,14,0,963,117,0,14,0,541,1,0,0,0,155,3,0,21,0,141,325,84,9,0,0,12,0,1,0,0,1,1,0,0
0,8,3,65,12,16,0,1.017062,0.985328,1.005689,51,0,334,100,100,0,0,0,8,2,-2,0,0,68,0,59,45,0,0,2925,30,0,30,0,963,136,0,30,0,541,1,0,0,0,155,4,0,32,0,141,311,128,23,0,0,6,0,4,0,0,4,4,0,0
0,9,0,44,13,9,0,1.016172,0.990307,0.982589,40,1,459,100,100,0,0,0,0,0,-2,10,0,64,0,38,27,0,0,2917,15,0,18,0,963,134,0,18,0,451,1,0,24,0,262,0,0,4,0,171,430,16,35,0,0,15,12,1,0,0,1,1,0,0
0,9,1,47,13,9,0,1.009415,0.980164,0.993191,42,1,459,100,100,0,0,0,0,0,4,4,0,64,0,44,30,0,0,2917,22,0,20,0,963,137,0,20,0,451,0,0,34,0,262,0,0,12,0,171,293,48,63,0,0,8,17,18,0,0,1,1,0,0
0,9,2,38,13,9,0,1.013236,0.999261,0.999359,33,0,334,100,100,0,0,0,-2,4,0,0,0,64,0,34,24,0,0,2917,11,0,16,0,963,125,0,16,0,451,1,0,10,0,262,0,0,6,0,171,324,24,20,0,0,16,5,1,0,0,1,1,0,0
0,9,3,65,13,9,0,1.01603,0.985487,1.004474,55,0,334,100,100,0,0,0,10,4,0,0,0,64,0,58,45,0,0,2917,33,0,30,0,963,150,0,30,0,451,1,0,26,0,262,0,0,9,0,171,301,36,49,0,0,15,13,4,0,0,4,4,0,0
0,10,0,43,7,9,0,1.015705,0.992218,0.984325,40,2,584,100,100,0,0,0,0,0,0,12,0,64,5,35,27,0,0,2916,12,0,18,0,956,143,0,18,0,454,1,0,18,0,246,0,0,8,0,165,427,32,46,0,0,6,9,18,0,0,1,1,0,0
0,10,1,46,7,9,0,1.004009,0.979385,0.992727,41,1,459,100,100,0,0,0,0,0,6,6,0,64,5,40,30,0,0,2916,22,0,20,0,956,147,0,20,0,454,0,0,24,0,246,0,0,7,0,165,310,28,38,0,0,18,12,2,0,0,2,2,0,0
0,10,2,39,7,9,0,1.013839,1.003711,1.000338,34,1,459,100,100,0,0,0,0,6,0,0,0,64,5,39,27,0,0,2916,12,0,18,0,956,134,0,18,0,454,0,0,16,0,246,0,0,6,0,165,298,24,46,0,0,5,8,19,0,0,2,2,0,0
0,10,3,64,7,9,0,1.018086,0.984075,1.004933,58,1,459,100,100,0,0,0,12,6,0,0,0,64,5,51,42,0,0,2916,35,0,28,0,956,164,0,28,0,454,0,0,34,0,246,0,0,5,0,165,271,20,71,0,0,12,17,20,0,0,3,3,0,0
0,11,0,45,8,8,0,1.016021,0.991267,0.986275,41,2,584,100,100,0,0,0,0,0,0,14,0,60,4,35,27,0,0,2930,12,0,18,0,957,151,0,18,0,495,0,0,14,0,211,0,0,13,0,178,487,52,25,0,0,12,7,1,0,0,1,1,0,0
0,11,1,44,8,8,0,1.009712,0.982943,0.995035,41,1,459,100,100,0,0,0,0,0,8,8,0,60,4,40,30,0,0,2930,19,0,20,0,957,157,0,20,0,495,1,0,10,0,211,0,0,21,0,178,390,84,22,0,0,22,5,1,0,0,1,1,0,0
0,11,2,43,8,8,0,1.014098,1.00323,1.003279,36,1,459,100,100,0,0,0,0,8,0,0,0,60,4,41,30,0,0,2930,13,0,20,0,957,144,0,20,0,495,1,0,10,0,211,0,0,8,0,178,339,32,24,0,0,8,5,2,0,0,2,2,0,0
0,11,3,60,8,8,0,1.019029,0.983426,1.00485,58,1,459,100,100,0,0,0,14,8,0,0,0,60,4,47,42,0,0,2930,26,0,28,0,957,178,0,28,0,495,0,0,14,0,211,0,0,19,0,178,355,76,30,0,0,18,7,1,0,0,1,1,0,0
0,12,0,36,6,25,0,1.014186,0.991535,0.992987,35,2,584,100,100,0,0,0,0,2,2,16,0,60,1,30,21,0,0,2925,13,0,14,0,968,158,0,14,0,428,1,0,20,0,272,0,0,0,0,179,494,0,27,0,0,22,10,0,0,0,0,0,0,0
0,12,1,45,6,25,0,1.007524,0.980709,0.994576,41,1,459,100,100,0,0,0,2,0,10,10,0,60,1,37,27,0,0,2925,24,0,18,0,968,166,0,18,0,428,1,0,24,0,272,0,0,0,0,179,377,0,35,0,0,33,12,1,0,0,1,1,0,0
0,12,2,41,6,25,0,1.015185,1.007166,1.005318,36,1,459,100,100,0,0,0,2,10,0,0,0,60,1,40,30,0,0,2925,16,0,20,0,968,154,0,20,0,428,1,0,18,0,272,0,0,0,0,179,341,0,34,0,0,14,9,3,0,0,3,3,0,0
0,12,3,51,6,25,0,1.007477,0.983021,1.001284,48,1,459,100,100,0,0,0,16,10,0,0,0,60,1,43,36,0,0,2925,18,0,24,0,968,190,0,24,0,428,0,0,32,0,272,0,0,0,0,179,338,0,46,0,0,33,16,1,0,0,1,1,0,0
0,13,0,37,6,7,1,1.0163,0.988098,0.989441,34,3,709,100,100,0,0,0,0,2,4,18,0,56,2,28,21,0,0,2946,16,0,14,0,974,165,0,14,0,498,1,0,6,0,270,0,0,0,0,184,494,0,32,0,0,7,3,18,0,0,1,1,0,0
0,13,1,43,6,7,1,1.007587,0.985216,0.997042,39,1,459,100,100,0,0,0,2,0,6,10,0,56,2,29,24,0,0,2946,22,0,16,0,974,174,0,16,0,498,1,0,20,0,270,0,0,1,0,184,371,4,32,0,0,41,10,2,0,0,2,2,0,0
0,13,2,41,6,7,1,1.0188,1.006635,1.003788,38,1,459,100,100,0,0,0,4,6,0,0,0,56,2,41,30,0,0,2946,16,0,20,0,974,164,0,20,0,498,1,0,2,0,270,0,0,0,0,184,356,0,14,0,0,14,1,1,0,0,1,1,0,0
0,13,3,51,6,7,1,1.007816,0.981431,1.001558,48,1,459,100,100,0,0,0,18,10,0,0,0,56,2,46,39,0,0,2946,19,0,26,0,974,203,0,26,0,498,0,0,18,0,270,0,0,1,0,184,333,4,33,0,0,41,9,1,0,0,1,1,0,0
0,14,0,31,8,27,1,1.011368,0.993003,0.98217,29,3,709,100,100,0,0,0,0,2,6,20,1,56,0,16,12,0,0,2960,19,0,8,0,977,169,0,8,0,476,0,0,10,0,257,0,0,6,0,184,535,24,16,0,0,11,5,1,0,0,1,1,0,0
0,14,1,33,8,27,1,1.005851,0.989745,0.99946,31,1,459,100,100,0,0,0,2,0,6,6,0,56,0,20,15,0,0,2960,20,0,10,0,977,179,0,10,0,476,0,0,20,0,257,0,0,5,0,184,382,20,27,0,0,50,10,1,0,0,1,1,0,0
0,14,2,41,8,27,1,1.019088,1.009629,1.001609,37,1,459,100,100,0,0,0,6,6,0,2,0,56,0,39,27,0,0,2960,15,0,18,0,977,173,0,18,0,476,0,0,14,0,257,0,0,0,0,184,366,0,23,0,0,21,7,0,0,0,0,0,0,0
0,14,3,48,8,27,1,1.009425,0.981016,1.000774,45,1,459,100,100,0,0,0,20,6,2,0,1,56,0,38,30,0,0,2960,22,0,20,0,977,213,0,20,0,476,0,0,24,0,257,0,0,4,0,184,343,16,36,0,0,52,12,1,0,0,1,1,0,0
0,15,0,22,9,33,1,1.01731,0.982981,0.979397,20,3,709,100,100,0,0,0,0,2,8,22,1,52,0,17,9,0,0,3006,9,0,6,0,1007,172,0,6,0,511,1,0,2,0,267,0,0,3,0,201,566,12,5,0,0,12,1,0,0,0,0,0,0,0
0,15,1,24,9,33,1,0.997544,0.9809,0.985027,21,1,459,100,100,0,0,0,2,0,2,6,0,52,0,21,12,0,0,3006,10,0,8,0,1007,183,0,8,0,511,0,0,12,0,267,0,0,1,0,201,374,4,18,0,0,55,6,1,0,0,1,1,0,0
0,15,2,41,9,33,1,1.025172,1.008208,0.997503,36,1,459,100,100,0,0,0,8,2,0,2,0,52,0,40,30,0,0,3006,13,0,20,0,1007,183,0,20,0,511,1,0,8,0,267,0,0,0,0,201,379,0,20,0,0,24,4,1,0,0,1,1,0,0
0,15,3,42,9,33,1,1.009581,0.978212,1.004702,40,1,459,100,100,0,0,0,22,6,2,0,1,52,0,32,24,0,0,3006,26,0,16,0,1007,221,0,16,0,511,1,0,8,0,267,0,0,1,0,201,356,4,18,0,0,55,4,1,0,0,1,1,0,0
0,16,0,22,8,6,0,1.013927,0.984978,0.982089,20,3,709,100,100,0,0,0,0,2,10,24,1,52,3,16,9,0,0,3012,12,0,6,0,1022,175,0,6,0,496,0,0,8,0,269,0,0,0,0,209,577,0,13,0,0,15,4,1,0,0,1,1,0,0
0,16,1,26,8,6,0,1.001808,0.973942,0.982356,21,1,459,100,100,0,0,0,2,0,4,8,0,52,3,18,12,0,0,3012,10,0,8,0,1022,187,0,8,0,496,0,0,16,0,269,0,0,1,0,209,368,4,22,0,0,62,8,1,0,0,1,1,0,0
0,16,2,44,8,6,0,1.026121,1.004344,1.001005,37,1,459,100,100,0,0,0,10,4,0,2,0,52,3,44,30,0,0,3012,16,0,20,0,1022,193,0,20,0,496,1,0,12,0,269,0,0,0,0,209,378,0,26,0,0,28,6,2,0,0,2,2,0,0
0,16,3,39,8,6,0,1.011121,0.977255,1.004831,38,1,459,100,100,0,0,0,24,8,2,0,1,52,3,22,15,0,0,3012,35,0,10,0,1022,226,0,10,0,496,0,0,14,0,269,0,0,2,0,209,370,8,21,0,0,61,7,1,0,0,1,1,0,0
0,17,0,21,9,16,1,1.020498,0.98521,0.977064,20,3,709,100,100,0,0,0,0,2,12,24,1,48,2,15,9,0,0,3040,12,0,6,0,1025,178,0,6,0,504,1,0,6,0,257,0,0,0,0,206,592,0,9,0,0,18,3,0,0,0,0,0,0,0
0,17,1,24,9,16,1,1.012448,0.980449,0.980589,21,1,459,100,100,0,0,0,2,0,6,4,0,48,2,18,12,0,0,3040,10,0,8,0,1025,191,0,8,0,504,1,0,10,0,257,0,0,3,0,206,379,12,16,0,0,66,5,1,0,0,1,1,0,0
0,17,2,45,9,16,1,1.030041,1.009667,0.995759,39,2,584,100,100,0,0,0,12,6,0,2,0,48,2,39,30,0,0,3040,19,0,20,0,1025,203,0,20,0,504,0,0,8,0,257,0,0,9,0,206,400,36,39,0,0,13,4,19,0,0,2,2,0,0
0,17,3,34,9,16,1,1.007091,0.982309,0.998158,31,2,584,100,100,0,0,0,24,4,2,0,1,48,2,19,12,0,0,3040,16,0,8,0,1025,230,0,8,0,504,0,0,12,0,257,0,0,3,0,206,379,12,33,0,0,50,6,17,0,0,0,0,0,0
0,18,0,19,5,15,0,1.019458,0.98513,0.980479,18,4,834,100,100,0,0,0,0,4,14,26,1,48,3,12,6,0,0,3037,11,0,4,0,1028,180,0,4,0,519,1,0,4,0,264,0,0,0,0,204,593,0,23,0,0,3,2,17,0,0,0,0,0,0
0,18,1,24,5,15,0,1.014757,0.976887,0.980151,22,1,459,100,100,0,0,0,4,0,8,6,0,48,3,17,12,0,0,3037,10,0,8,0,1028,195,0,8,0,519,0,0,10,0,264,0,0,2,0,204,386,8,16,0,0,70,5,1,0,0,1,1,0,0
0,18,2,42,5,15,0,1.025579,1.006624,0.997642,38,2,584,100,100,0,0,0,14,8,0,4,0,48,3,32,24,0,0,3037,17,0,16,0,1028,211,0,16,0,519,0,0,6,0,264,0,0,5,0,204,443,20,16,0,0,15,3,1,0,0,1,1,0,0
0,18,3,29,5,15,0,1.006428,0.985421,0.998601,26,2,584,100,100,0,0,0,26,6,4,0,1,48,3,13,9,0,0,3037,21,0,6,0,1028,233,0,6,0,519,0,0,6,0,264,0,0,1,0,204,390,4,11,0,0,52,3,1,0,0,1,1,0,0
0,19,0,16,2,23,1,1.018595,0.986972,0.985262,15,4,834,100,100,0,0,0,0,4,16,28,1,44,9,9,6,0,0,3070,8,0,4,0,1043,179,0,4,0,499,0,0,4,0,271,0,0,0,0,284,585,0,8,0,0,4,2,1,0,0,1,1,0,0
0,19,1,23,2,23,1,1.015122,0.980214,0.97164,20,1,459,100,100,0,0,0,4,0,4,6,0,44,9,16,12,0,0,3070,10,0,8,0,1043,199,0,8,0,499,0,0,14,0,271,0,0,0,0,284,375,0,20,0,0,76,7,1,0,0,1,1,0,0
0,19,2,36,2,23,1,1.024871,1.010724,0.996251,35,2,584,100,100,0,0,0,16,4,0,4,0,44,9,24,21,0,0,3070,16,0,14,0,1043,218,0,14,0,499,0,0,12,0,271,0,0,1,0,284,429,4,21,0,0,20,6,1,0,0,1,1,0,0
0,19,3,18,2,23,1,0.994089,0.978665,0.996989,17,2,584,100,100,0,0,0,28,6,4,0,1,44,9,13,9,0,0,3070,9,0,6,0,1043,236,0,6,0,499,1,0,14,0,271,0,0,0,0,284,375,0,19,0,0,58,7,1,0,0,1,1,0,0
0,20,0,15,4,10,0,1.016052,0.98555,0.984235,15,4,834,100,100,0,0,0,0,4,18,30,1,44,0,8,6,0,0,3090,5,0,4,0,1051,180,0,4,0,524,1,0,2,0,259,0,0,0,0,216,602,0,4,0,0,5,1,0,0,0,0,0,0,0
0,20,1,21,4,10,0,1.017155,0.969802,0.976148,20,1,459,100,100,0,0,0,4,0,6,8,0,44,0,19,12,0,0,3090,7,0,8,0,1051,203,0,8,0,524,0,0,6,0,259,0,0,0,0,216,383,0,10,0,0,79,3,0,0,0,0,0,0,0
0,20,2,32,4,10,0,1.023064,1.007232,0.998426,31,2,584,100,100,0,0,0,18,6,0,4,0,44,0,21,18,0,0,3090,9,0,12,0,1051,220,0,12,0,524,1,0,6,0,259,0,0,7,0,216,478,28,12,0,0,23,3,0,0,0,0,0,0,0
0,20,3,19,4,10,0,0.993789,0.97981,1.000456,17,2,584,100,100,0,0,0,30,8,4,0,1,44,0,16,9,0,0,3090,9,0,6,0,1051,236,0,6,0,524,1,0,4,0,259,0,0,6,0,216,404,24,7,0,0,60,2,0,0,0,0,0,0,0
0,21,0,14,2,13,0,1.006683,0.973424,0.983915,12,4,834,100,100,0,0,0,0,4,20,32,2,40,5,10,6,0,0,3077,5,0,4,0,1049,182,0,4,0,515,1,0,0,0,272,0,0,0,0,237,612,0,2,0,0,5,0,0,0,0,0,0,0,0
0,21,1,20,2,13,0,1.013908,0.969409,0.974627,19,1,459,100,100,0,0,0,4,0,8,8,0,40,5,22,15,0,0,3077,8,0,10,0,1049,208,0,10,0,515,0,0,8,0,272,0,0,0,0,237,380,0,15,0,0,82,4,1,0,0,1,1,0,0
0,21,2,25,2,13,0,1.017806,1.010479,1.001684,24,2,584,100,100,0,0,0,20,8,0,6,1,40,5,12,9,0,0,3077,12,0,6,0,1049,223,0,6,0,515,0,0,14,0,272,0,0,0,0,237,486,0,19,0,0,29,7,1,0,0,1,1,0,0
0,21,3,17,2,13,0,0.98969,0.979605,1.00122,15,2,584,100,100,0,0,0,32,8,6,0,1,40,5,17,9,0,0,3077,15,0,6,0,1049,239,0,6,0,515,1,0,8,0,272,0,0,0,0,237,394,0,13,0,0,63,4,1,0,0,1,1,0,0
0,22,0,13,1,7,0,1.00724,0.977633,0.982049,11,4,834,100,100,0,0,0,0,4,22,34,2,40,4,14,9,0,0,3101,6,0,6,0,1046,185,0,6,0,500,1,0,6,0,272,0,0,0,0,255,610,0,11,0,0,7,3,1,0,0,1,1,0,0
0,22,1,20,1,7,0,1.013908,0.969409,0.974627,20,1,459,100,100,0,0,0,4,0,10,10,0,40,4,24,15,0,0,3101,8,0,10,0,1046,213,0,10,0,500,0,0,14,0,272,0,0,0,0,255,373,0,19,0,0,89,7,0,0,0,0,0,0,0
0,22,2,20,1,7,0,1.020754,1.013679,1.004842,20,2,584,100,100,0,0,0,22,10,0,6,1,40,4,13,9,0,0,3101,6,0,6,0,1046,226,0,6,0,500,0,0,8,0,272,0,0,0,0,255,496,0,11,0,0,33,4,0,0,0,0,0,0,0
0,22,3,17,1,7,0,0.985566,0.986626,0.997643,15,2,584,100,100,0,0,0,34,10,6,0,1,40,4,17,9,0,0,3101,15,0,6,0,1046,242,0,6,0,500,3,0,14,0,272,0,0,0,0,255,377,0,17,0,0,70,7,0,0,0,0,0,0,0
0,23,0,15,5,2,0,1.013701,0.972139,0.985371,12,4,834,100,100,0,0,0,0,4,24,34,2,36,4,19,9,0,0,3099,6,0,6,0,1049,188,0,6,0,542,1,0,0,0,234,0,0,5,0,252,637,20,5,0,0,6,0,1,0,0,1,1,0,0
0,23,1,21,5,2,0,1.002827,0.966274,0.983681,19,2,584,100,100,0,0,0,4,0,12,10,0,36,4,28,15,0,0,3099,8,0,10,0,1049,218,0,10,0,542,1,0,0,0,234,3,0,9,0,252,396,36,22,0,0,72,0,17,0,0,0,0,0,0
0,23,2,19,5,2,0,1.024803,1.014635,1.001765,19,3,709,100,100,0,0,0,24,12,0,6,1,36,4,7,6,0,0,3099,11,0,4,0,1049,228,0,4,0,542,1,0,0,0,234,0,0,8,0,252,530,32,19,0,0,16,0,17,0,0,0,0,0,0
0,23,3,18,5,2,0,0.990685,0.985662,0.99841,15,2,584,100,100,0,0,0,34,10,6,0,1,36,4,16,9,0,0,3099,15,0,6,0,1049,245,0,6,0,542,1,0,2,0,234,5,0,8,0,252,405,32,7,0,0,70,1,1,0,0,1,1,0,0
0,24,0,15,3,7,1,1.013701,0.972139,0.985371,13,4,834,100,100,0,0,0,0,4,24,36,2,36,5,20,9,0,0,3101,6,0,6,0,1049,191,0,6,0,539,1,0,0,0,237,3,0,8,0,272,673,32,5,0,0,5,0,1,0,0,1,1,0,0
0,24,1,20,3,7,1,1.01226,0.966327,0.97906,19,2,584,100,100,0,0,0,4,0,8,12,0,36,5,29,15,0,0,3101,8,0,10,0,1049,223,0,10,0,539,0,0,4,0,237,3,0,9,0,272,429,36,9,0,0,74,2,0,0,0,0,0,0,0
0,24,2,15,3,7,1,1.035138,1.013052,0.999968,15,3,709,100,100,0,0,0,24,8,0,4,1,36,5,7,6,0,0,3101,5,0,4,0,1049,230,0,4,0,539,1,0,0,0,237,0,0,6,0,272,563,24,2,0,0,16,0,0,0,0,0,0,0,0
0,24,3,19,3,7,1,0.992817,0.98048,0.982935,15,2,584,100,100,0,0,0,36,12,4,0,1,36,5,11,6,0,0,3101,17,0,4,0,1049,247,0,4,0,539,1,0,2,0,237,6,0,8,0,272,433,32,6,0,0,70,1,1,0,0,1,1,0,0
0,25,0,16,3,15,0,1.010574,0.969997,0.982553,13,4,834,100,100,0,0,0,0,6,26,38,2,32,5,21,9,0,0,3113,6,0,6,0,1049,194,0,6,0,498,1,0,12,0,272,0,0,3,0,266,677,12,17,0,0,10,6,1,0,0,1,1,0,0
0,25,1,19,3,15,0,1.006484,0.968677,0.986036,18,2,584,100,100,0,0,0,6,0,10,14,0,32,5,29,15,0,0,3113,8,0,10,0,1049,228,0,10,0,498,1,0,14,0,272,0,0,3,0,266,428,12,19,0,0,81,7,0,0,0,0,0,0,0
0,25,2,9,3,15,0,1.042707,0.992745,0.993399,9,3,709,100,100,0,0,0,26,10,0,4,1,32,5,8,6,0,0,3113,2,0,4,0,1049,232,0,4,0,498,0,0,4,0,272,0,0,0,0,266,564,0,6,0,0,18,2,0,0,0,0,0,0,0
0,25,3,13,3,15,0,1.003695,0.979879,0.979099,12,2,584,100,100,0,0,0,38,14,4,0,1,32,5,6,3,0,0,3113,16,0,2,0,1049,248,0,2,0,498,0,0,14,0,272,0,0,6,0,266,445,24,15,0,0,77,7,0,0,0,0,0,0,0
0,26,0,16,2,4,0,1.010574,0.969997,0.982553,14,4,834,100,100,0,0,0,0,6,28,40,2,32,8,20,12,0,0,3118,7,0,8,0,1052,198,0,8,0,543,1,0,0,0,240,0,0,6,0,273,704,24,6,0,0,9,0,1,0,0,1,1,0,0
0,26,1,20,2,4,0,1.010583,0.970763,0.983531,18,2,584,100,100,0,0,0,6,0,12,16,0,32,8,30,15,0,0,3118,11,0,10,0,1052,233,0,10,0,543,0,0,2,0,240,3,0,9,0,273,461,36,9,0,0,81,1,1,0,0,1,1,0,0
0,26,2,8,2,4,0,1.03798,0.99091,0.996054,8,3,709,100,100,0,0,0,28,12,0,4,1,32,8,7,3,0,0,3118,4,0,2,0,1052,233,0,2,0,543,0,0,0,0,240,0,0,5,0,273,592,20,1,0,0,18,0,0,0,0,0,0,0,0
0,26,3,11,2,4,0,1.026641,0.98441,0.977766,10,2,584,100,100,0,0,0,40,16,4,0,1,32,8,4,3,0,0,3118,10,0,2,0,1052,249,0,2,0,543,0,0,0,0,240,4,0,5,0,273,467,20,1,0,0,77,0,0,0,0,0,0,0,0
0,27,0,16,4,8,0,1.029257,0.97268,0.99159,13,4,834,100,100,0,0,0,0,8,30,42,2,28,2,18,9,0,0,3123,9,0,6,0,1055,201,0,6,0,517,1,0,6,0,272,0,0,0,0,276,699,0,11,0,0,11,3,1,0,0,1,1,0,0
0,27,1,22,4,8,0,1.010797,0.974405,0.977713,19,2,584,100,100,0,0,0,8,0,12,16,0,28,2,34,18,0,0,3123,9,0,12,0,1055,239,0,12,0,517,1,0,8,0,272,0,0,3,0,276,463,12,16,0,0,84,4,1,0,0,1,1,0,0
0,27,2,7,4,8,0,1.031678,0.992803,0.994552,7,3,709,100,100,0,0,0,30,12,0,6,1,28,2,8,3,0,0,3123,4,0,2,0,1055,234,0,2,0,517,0,0,6,0,272,0,0,0,0,276,591,0,7,0,0,21,3,0,0,0,0,0,0,0
0,27,3,6,4,8,0,1.050836,0.976167,0.980352,6,2,584,100,100,0,0,0,42,16,6,0,1,28,2,2,0,0,0,3123,12,0,0,0,1055,249,0,0,0,517,0,0,6,0,272,0,0,4,0,276,477,16,6,0,0,80,3,0,0,0,0,0,0,0
0,28,0,17,4,2,1,1.027947,0.974614,0.989941,14,4,834,100,100,0,0,0,0,8,32,40,2,28,3,22,12,0,0,3129,7,0,8,0,1055,205,0,8,0,509,1,0,14,0,272,0,0,0,0,276,685,0,20,0,0,17,7,1,0,0,1,1,0,0
0,28,1,24,4,2,1,1.008094,0.974008,0.976884,20,2,584,100,100,0,0,0,8,0,14,12,0,28,3,42,21,0,0,3129,7,0,14,0,1055,243,0,14,0,509,0,0,16,0,272,0,0,0,0,276,444,0,25,0,0,91,8,1,0,0,1,1,0,0
0,28,2,7,4,2,1,1.031678,0.992803,0.994552,7,3,709,100,100,0,0,0,32,14,0,4,1,28,3,7,3,0,0,3129,4,0,2,0,1055,235,0,2,0,509,1,0,2,0,272,0,0,0,0,276,594,0,3,0,0,22,1,0,0,0,0,0,0,0
0,28,3,5,4,2,1,1.039751,0.993674,0.966306,5,2,584,100,100,0,0,0,40,12,4,0,1,28,3,3,0,0,0,3129,9,0,0,0,1055,249,0,0,0,509,1,0,2,0,272,0,0,0,0,276,481,0,2,0,0,81,1,0,0,0,0,0,0,0
0,29,0,17,1,1,0,1.027947,0.974614,0.989941,15,4,834,100,100,0,0,0,0,8,34,42,2,24,6,19,9,0,0,3134,0,0,6,0,1049,211,0,6,0,544,1,0,0,0,224,7,0,8,0,264,730,32,5,0,0,16,0,1,0,0,1,1,0,0
0,29,1,25,1,1,0,1.007396,0.975218,0.978267,21,2,584,100,100,0,0,0,8,0,16,14,0,24,6,48,24,0,0,3134,2,0,16,0,1049,251,0,16,0,544,0,0,0,0,224,12,0,9,0,264,477,36,12,0,0,89,0,2,0,0,2,2,0,0
0,29,2,6,1,1,0,1.036694,1.003358,1.004459,6,4,834,100,100,0,0,0,34,16,0,4,1,24,6,6,3,0,0,3134,4,0,2,0,1049,236,0,2,0,544,1,0,0,0,224,3,0,3,0,264,591,12,18,0,0,5,0,17,0,0,0,0,0,0
0,29,3,5,1,1,0,1.039751,0.993674,0.966306,5,2,584,100,100,0,0,0,42,14,4,0,1,24,6,2,0,0,0,3134,10,0,0,0,1049,249,0,0,0,544,1,0,0,0,224,3,0,3,0,264,496,12,0,0,0,81,0,0,0,0,0,0,0,0
0,30,0,17,1,1,0,1.027947,0.974614,0.989941,16,4,834,100,100,0,0,0,0,8,34,42,2,24,6,20,12,0,0,3109,7,0,8,0,1049,215,0,8,0,536,1,0,2,0,254,5,0,8,0,277,763,32,8,0,0,16,1,1,0,0,1,1,0,0
0,30,1,24,1,1,0,1.005897,0.973847,0.978335,22,3,709,100,100,0,0,0,8,0,16,16,0,24,6,49,21,0,0,3109,7,0,14,0,1049,258,0,14,0,536,0,0,4,0,254,11,0,10,0,277,496,40,30,0,0,73,2,18,0,0,1,1,0,0
0,30,2,7,1,1,0,1.047751,1.000389,0.993985,6,4,834,100,100,0,0,0,34,16,0,4,1,24,6,6,3,0,0,3109,4,0,2,0,1049,237,0,2,0,536,1,0,0,0,254,3,0,3,0,277,605,12,1,0,0,5,0,0,0,0,0,0,0,0
0,30,3,5,1,1,0,1.039751,0.993674,0.966306,5,2,584,100,100,0,0,0,42,16,4,0,1,24,6,1,0,0,0,3109,12,0,0,0,1049,249,0,0,0,536,1,0,2,0,254,0,0,3,0,277,508,12,2,0,0,82,1,0,0,0,0,0,0,0
0,31,0,17,0,2,0,1.027947,0.974614,0.989941,17,5,959,100,100,0,0,0,0,8,34,44,2,20,1,20,12,0,0,3120,7,0,8,0,1052,219,0,8,0,502,1,0,12,0,269,0,0,5,0,276,759,20,33,0,0,5,6,17,0,0,0,0,0,0
0,31,1,23,0,2,0,1.009946,0.976107,0.977804,22,3,709,100,100,0,0,0,8,0,18,16,0,20,1,49,18,0,0,3120,9,0,12,0,1052,264,0,12,0,502,1,0,20,0,269,1,0,10,0,276,517,40,28,0,0,82,10,1,0,0,1,1,0,0
0,31,2,7,0,2,0,1.047751,1.000389,0.993985,6,4,834,100,100,0,0,0,34,18,0,4,1,20,1,5,3,0,0,3120,7,0,2,0,1052,238,0,2,0,502,1,0,6,0,269,0,0,3,0,276,611,12,9,0,0,7,3,1,0,0,1,1,0,0
0,31,3,4,0,2,0,1.038462,0.983539,0.970292,4,2,584,100,100,0,0,0,44,16,4,0,1,20,1,1,0,0,0,3120,12,0,0,0,1052,249,0,0,0,502,1,0,0,0,269,0,0,3,0,276,523,12,0,0,0,82,0,0,0,0,0,0,0,0
0,32,0,16,1,2,0,1.029983,0.979648,0.984395,16,5,959,100,100,0,0,0,0,8,36,44,2,20,6,20,12,0,0,3123,7,0,8,0,1055,223,0,8,0,534,1,0,0,0,251,8,0,7,0,279,789,28,4,0,0,5,0,0,0,0,0,0,0,0
0,32,1,23,1,2,0,1.005955,0.978813,0.974547,22,3,709,100,100,0,0,0,8,0,20,18,1,20,6,47,18,0,0,3123,6,0,12,0,1055,270,0,12,0,534,1,0,8,0,251,0,0,4,0,279,528,16,14,0,0,86,4,0,0,0,0,0,0,0
0,32,2,7,1,2,0,1.047751,1.000389,0.993985,7,4,834,100,100,0,0,0,36,20,0,4,2,20,6,4,3,0,0,3123,6,0,2,0,1055,239,0,2,0,534,0,0,2,0,251,0,0,3,0,279,623,12,3,0,0,8,1,0,0,0,0,0,0,0
0,32,3,4,1,2,0,1.038462,0.983539,0.970292,4,2,584,100,100,0,0,0,44,18,4,0,1,20,6,0,0,0,0,3123,17,0,0,0,1055,249,0,0,0,534,0,0,2,0,251,0,0,0,0,279,521,0,2,0,0,83,1,0,0,0,0,0,0,0
0,33,0,16,2,3,0,1.029983,0.979648,0.984395,16,5,959,100,100,0,0,0,0,8,38,46,2,20,1,21,12,0,0,3131,7,0,8,0,1055,227,0,8,0,539,0,0,2,0,249,10,0,7,0,278,817,28,6,0,0,6,1,0,0,0,0,0,0,0
0,33,1,24,2,3,0,1.005886,0.978496,0.971699,22,3,709,100,100,0,0,0,8,0,22,18,1,20,1,48,18,0,0,3131,6,0,12,0,1055,276,0,12,0,539,1,0,4,0,249,4,0,9,0,278,561,36,12,0,0,87,2,1,0,0,1,1,0,0
0,33,2,6,2,3,0,1.030885,0.970749,1.004211,5,4,834,100,100,0,0,0,38,22,0,4,2,20,1,6,3,0,0,3131,4,0,2,0,1055,240,0,2,0,539,0,0,0,0,249,0,0,1,0,278,629,4,1,0,0,8,0,0,0,0,0,0,0,0
0,33,3,3,2,3,0,1.052062,0.990568,0.952562,3,2,584,100,100,0,0,0,46,18,4,0,1,20,1,1,0,0,0,3131,16,0,0,0,1055,249,0,0,0,539,0,0,0,0,249,0,0,0,0,278,525,0,0,0,0,83,0,0,0,0,0,0,0,0
0,34,0,17,2,3,0,1.033312,0.980366,0.981677,16,5,959,100,100,0,0,0,0,10,38,46,2,20,2,21,12,0,0,3126,7,0,8,0,1066,226,0,8,0,502,0,0,12,0,272,3,0,7,0,279,835,28,16,0,0,12,6,0,0,0,0,0,0,0
0,34,1,23,2,3,0,1.00873,0.976037,0.973914,22,3,709,100,100,0,0,0,10,0,24,20,2,20,2,46,18,0,0,3126,6,0,12,0,1066,276,0,12,0,502,7,0,18,0,272,0,0,4,0,279,560,16,26,0,0,95,9,1,0,0,1,1,0,0
0,34,2,7,2,3,0,1.026381,0.97234,1.010616,5,4,834,100,100,0,0,0,38,24,0,4,2,20,2,7,3,0,0,3126,4,0,2,0,1066,241,0,2,0,502,1,0,2,0,272,0,0,0,0,279,630,0,5,0,0,8,1,1,0,0,1,1,0,0
0,34,3,1,2,3,0,1.052885,0.961247,0.962328,1,2,584,100,100,0,0,0,46,20,4,0,2,20,2,1,0,0,0,3126,16,0,0,0,1066,249,0,0,0,502,0,0,0,0,272,0,0,0,0,279,525,0,0,0,0,83,0,0,0,0,0,0,0,0
0,35,0,17,1,0,0,1.033312,0.980366,0.981677,16,5,959,100,100,0,0,0,0,12,40,48,2,20,3,20,12,0,0,3125,7,0,8,0,1055,230,0,8,0,540,1,0,0,0,243,7,0,7,0,279,863,28,6,0,0,11,0,1,0,0,1,1,0,0
0,35,1,24,1,0,0,1.010612,0.975824,0.973502,23,3,709,100,100,0,0,0,12,0,26,20,2,20,3,45,18,0,0,3125,6,0,12,0,1055,282,0,12,0,540,0,0,10,0,243,6,0,9,0,279,589,36,16,0,0,100,5,0,0,0,0,0,0,0
0,35,2,7,1,0,0,1.026381,0.97234,1.010616,6,4,834,100,100,0,0,0,40,26,0,4,2,20,3,7,3,0,0,3125,7,0,2,0,1055,242,0,2,0,540,1,0,0,0,243,0,0,3,0,279,645,12,3,0,0,7,0,1,0,0,1,1,0,0
0,35,3,1,1,0,0,1.052885,0.961247,0.962328,1,2,584,100,100,0,0,0,48,20,4,0,2,20,3,1,0,0,0,3125,18,0,0,0,1055,249,0,0,0,540,0,0,0,0,243,0,0,0,0,279,525,0,0,0,0,83,0,0,0,0,0,0,0,0
0,36,0,17,0,1,0,1.033312,0.980366,0.981677,17,6,1084,100,100,0,0,0,0,12,42,48,2,20,14,15,12,0,0,3127,7,0,8,0,1055,234,0,8,0,499,2,0,14,0,272,0,0,7,0,279,862,28,35,0,0,1,7,17,0,0,0,0,0,0
0,36,1,23,0,1,0,1.00855,0.975542,0.976261,22,3,709,100,100,0,0,0,12,0,26,20,2,20,14,40,18,0,0,3127,3,0,12,0,1055,288,0,12,0,499,11,0,16,0,272,0,0,6,0,279,598,24,24,0,0,107,8,1,0,0,1,1,0,0
0,36,2,7,0,1,0,1.026381,0.97234,1.010616,7,4,834,100,100,0,0,0,42,26,0,4,2,20,14,3,3,0,0,3127,7,0,2,0,1055,243,0,2,0,499,0,0,4,0,272,0,0,0,0,279,646,0,5,0,0,9,2,0,0,0,0,0,0,0
0,36,3,1,0,1,0,1.052885,0.961247,0.962328,1,2,584,100,100,0,0,0,48,20,4,0,2,20,14,0,0,0,0,3127,20,0,0,0,1055,249,0,0,0,499,0,0,0,0,272,0,0,0,0,279,525,0,0,0,0,83,0,0,0,0,0,0,0,0
0,37,0,17,0,3,0,1.033312,0.980366,0.981677,17,6,1084,100,100,0,0,0,0,14,44,48,1,20,5,16,12,0,0,3128,7,0,8,0,1055,238,0,8,0,513,1,0,12,0,272,0,0,0,0,282,852,0,16,0,0,7,6,0,0,0,0,0,0,0
0,37,1,22,0,3,0,1.007699,0.973568,0.979867,22,3,709,100,100,0,0,0,14,0,28,20,1,20,5,39,18,0,0,3128,3,0,12,0,1055,294,0,12,0,513,11,0,16,0,272,0,0,0,0,282,585,0,22,0,0,115,8,0,0,0,0,0,0,0
0,37,2,6,0,3,0,1.038911,0.980987,1.026239,6,4,834,100,100,0,0,0,44,28,0,4,2,20,5,4,3,0,0,3128,7,0,2,0,1055,244,0,2,0,513,1,0,0,0,272,0,0,0,0,282,648,0,1,0,0,9,0,0,0,0,0,0,0,0
0,37,3,0,0,3,0,0,0,0,0,2,584,100,100,0,0,0,48,20,4,0,0,20,5,0,0,0,0,3128,19,0,0,0,1055,249,0,0,0,513,0,0,0,0,272,0,0,0,0,282,525,0,0,0,0,83,0,0,0,0,0,0,0,0
0,38,0,16,1,2,0,1.030049,0.98008,0.97472,16,6,1084,100,100,0,0,0,0,14,46,48,1,20,6,11,9,0,0,3135,9,0,6,0,1055,241,0,6,0,499,5,0,14,0,272,0,0,0,0,279,841,0,17,0,0,14,7,0,0,0,0,0,0,0
0,38,1,22,1,2,0,1.006772,0.96721,0.978232,21,3,709,100,100,0,0,0,14,0,30,20,1,20,6,42,18,0,0,3135,0,0,12,0,1055,300,0,12,0,499,21,0,14,0,272,0,0,0,0,279,574,0,20,0,0,122,7,0,0,0,0,0,0,0
0,38,2,6,1,2,0,1.038911,0.980987,1.026239,6,4,834,100,100,0,0,0,46,30,0,4,2,20,6,4,3,0,0,3135,5,0,2,0,1055,245,0,2,0,499,0,0,4,0,272,0,0,0,0,279,649,0,5,0,0,11,2,0,0,0,0,0,0,0
0,38,3,0,1,2,0,0,0,0,0,2,584,100,100,0,0,0,48,20,4,0,0,20,6,0,0,0,0,3135,19,0,0,0,1055,249,0,0,0,499,0,0,0,0,272,0,0,0,0,279,525,0,0,0,0,83,0,0,0,0,0,0,0,0
0,39,0,14,1,5,0,1.036475,0.987227,0.977977,14,6,1084,100,100,0,0,0,0,14,48,48,1,20,5,8,6,0,0,3140,8,0,4,0,1061,243,0,4,0,544,1,0,4,0,242,5,0,7,0,279,872,28,6,0,0,16,2,0,0,0,0,0,0,0
0,39,1,20,1,5,0,1.005311,0.975513,0.982862,19,3,709,100,100,0,0,0,14,0,30,20,1,20,5,37,12,0,0,3140,1,0,8,0,1061,310,0,8,0,544,9,0,12,0,242,9,0,6,0,279,591,24,16,0,0,128,6,0,0,0,0,0,0,0
0,39,2,6,1,5,0,1.038911,0.980987,1.026239,6,4,834,100,100,0,0,0,48,30,0,4,2,20,5,4,3,0,0,3140,1,0,2,0,1061,246,0,2,0,544,0,0,0,0,242,0,0,3,0,279,663,12,1,0,0,11,0,0,0,0,0,0,0,0
0,39,3,0,1,5,0,0,0,0,0,2,584,100,100,0,0,0,48,20,4,0,0,20,5,0,0,0,0,3140,19,0,0,0,1061,249,0,0,0,544,0,0,0,0,242,0,0,0,0,279,525,0,0,0,0,83,0,0,0,0,0,0,0,0
0,40,0,10,1,6,0,1.039282,1.003713,0.973992,10,6,1084,100,100,0,0,0,0,14,48,48,1,20,4,6,3,0,0,3143,10,0,2,0,1063,244,0,2,0,526,1,0,4,0,263,2,0,5,0,285,890,20,5,0,0,18,2,0,0,0,0,0,0,0
0,40,1,19,1,6,0,1.002743,0.974994,0.979742,18,4,834,100,100,0,0,0,14,0,32,20,1,20,4,33,12,0,0,3143,1,0,8,0,1063,318,0,8,0,526,9,0,12,0,263,9,0,6,0,285,589,24,35,0,0,116,6,18,0,0,1,1,0,0
0,40,2,6,1,6,0,1.024704,0.973828,1.024066,5,4,834,100,100,0,0,0,48,32,0,4,2,20,4,5,3,0,0,3143,4,0,2,0,1063,247,0,2,0,526,0,0,2,0,263,0,0,1,0,285,667,4,3,0,0,12,1,0,0,0,0,0,0,0
0,40,3,0,1,6,0,0,0,0,0,2,584,100,100,0,0,0,48,20,4,0,0,20,4,0,0,0,0,3143,19,0,0,0,1063,249,0,0,0,526,0,0,0,0,263,0,0,0,0,285,525,0,0,0,0,83,0,0,0,0,0,0,0,0
4,1,0,52,16,8,0,1.000108,1.003443,1.018477,0,0,334,100,100,0,0,0,0,2,2,2,0,80,1,55,39,0,0,3061,125,0,26,0,941,63,0,26,0,475,7,0,42,0,272,4,0,21,0,160,105,84,73,0,0,12,21,9,0,0,9,9,0,0
4,1,1,53,16,8,0,1.007894,1.004987,1.008754,0,0,334,100,100,0,0,0,2,0,2,2,0,80,1,56,39,0,0,3061,127,0,26,0,941,63,0,26,0,475,7,0,44,0,272,3,0,22,0,160,109,88,75,0,0,13,22,9,0,0,9,9,0,0
4,1,2,52,16,8,0,0.998167,1.007686,1.015911,0,0,334,100,100,0,0,0,2,2,0,2,0,80,1,53,39,0,0,3061,127,0,26,0,941,57,0,26,0,475,2,0,46,0,272,2,0,23,0,160,112,92,77,0,0,14,23,9,0,0,9,9,0,0
4,1,3,51,16,8,0,1.00267,1.008485,1.012569,0,0,334,100,100,0,0,0,2,2,2,0,0,80,1,55,39,0,0,3061,124,0,26,0,941,60,0,26,0,475,13,0,44,0,272,3,0,22,0,160,110,88,75,0,0,13,22,9,0,0,9,9,0,0
4,2,0,56,18,7,0,0.999635,1.003411,1.013843,9,0,334,100,100,0,0,0,0,2,4,4,0,80,13,58,39,0,0,3078,81,0,26,0,923,76,0,26,0,409,1,0,40,0,257,0,0,6,0,200,83,24,71,0,0,23,20,9,0,0,9,9,0,0
4,2,1,55,18,7,0,1.008964,1.006418,1.012182,9,0,334,100,100,0,0,0,2,0,4,4,0,80,13,58,39,0,0,3078,78,0,26,0,923,76,0,26,0,409,0,0,42,0,257,0,0,9,0,200,97,36,73,0,0,25,21,9,0,0,9,9,0,0
4,2,2,55,18,7,0,1.004873,1.002389,1.010603,9,0,334,100,100,0,0,0,4,4,0,4,0,80,13,62,48,0,0,3078,65,0,32,0,923,73,0,32,0,409,0,0,32,0,257,0,0,4,0,200,85,16,66,0,0,21,16,9,0,0,9,9,0,0
4,2,3,53,18,7,0,1.001807,1.006264,1.012105,9,0,334,100,100,0,0,0,4,4,4,0,0,80,13,59,36,0,0,3078,72,0,24,0,923,72,0,24,0,409,2,0,44,0,257,0,0,8,0,200,93,32,74,0,0,26,22,9,0,0,9,9,0,0
4,3,0,61,26,15,3,0.999071,1.001403,1.017355,18,0,334,100,100,0,0,0,0,0,0,2,0,76,0,64,42,0,0,3047,36,0,28,0,913,88,0,28,0,399,1,0,38,0,251,0,0,4,0,165,62,16,70,0,0,33,19,9,0,0,9,9,0,0
4,3,1,60,26,15,3,1.011137,1.007642,1.009882,16,0,334,100,100,0,0,0,0,0,0,2,0,76,0,69,42,0,0,3047,34,0,28,0,913,90,0,28,0,399,0,0,24,0,251,0,0,10,0,165,111,40,56,0,0,28,12,9,0,0,9,9,0,0
4,3,2,57,26,15,3,1.010688,0.995951,1.010869,18,0,334,100,100,0,0,0,0,0,0,0,0,76,0,67,42,0,0,3047,15,0,28,0,913,87,0,28,0,399,1,0,34,0,251,0,0,3,0,165,67,12,66,0,0,29,17,9,0,0,9,9,0,0
4,3,3,52,26,15,3,1.002544,1.007953,1.014928,16,0,334,100,100,0,0,0,2,2,0,0,0,76,0,56,33,0,0,3047,33,0,22,0,913,80,0,22,0,399,1,0,34,0,251,0,0,4,0,165,79,16,63,0,0,34,17,9,0,0,9,9,0,0
4,4,0,64,25,15,0,0.998712,1.000529,1.016952,25,0,334,100,100,0,0,0,0,0,2,4,0,76,0,59,36,0,0,2932,18,0,24,0,908,97,0,24,0,497,0,0,18,0,136,3,0,28,0,300,126,112,48,0,0,33,9,9,0,0,9,9,0,0
4,4,1,64,25,15,0,1.01063,1.005508,1.010583,24,0,334,100,100,0,0,0,0,0,2,4,0,76,0,74,48,0,0,2932,13,0,32,0,908,106,0,32,0,497,0,0,8,0,136,2,0,29,0,300,185,116,42,0,0,23,4,9,0,0,9,9,0,0
4,4,2,59,25,15,0,1.01375,0.997785,1.009796,24,0,334,100,100,0,0,0,2,2,0,0,0,76,0,72,42,0,0,2932,5,0,28,0,908,101,0,28,0,497,0,0,10,0,136,6,0,25,0,300,125,100,42,0,0,25,5,9,0,0,9,9,0,0
4,4,3,53,25,15,0,1.003698,1.010434,1.008443,22,0,334,100,100,0,0,0,4,4,0,0,0,76,0,49,30,0,0,2932,16,0,20,0,908,90,0,20,0,497,1,0,10,0,136,8,0,23,0,300,133,92,38,0,0,30,5,9,0,0,9,9,0,0
4,5,0,67,13,6,1,0.998877,0.998633,1.016058,33,0,334,100,100,0,0,0,0,0,2,6,0,72,2,53,39,0,0,2829,19,0,26,0,920,110,0,26,0,363,0,0,46,0,256,0,0,14,0,135,150,56,77,0,0,47,23,9,0,0,9,9,0,0
4,5,1,66,13,6,1,1.01366,1.00906,1.013203,33,0,334,100,100,0,0,0,0,0,-2,6,0,72,2,79,54,0,0,2829,15,0,36,0,920,124,0,36,0,363,1,0,38,0,256,0,0,2,0,135,164,8,74,0,0,33,19,9,0,0,9,9,0,0
4,5,2,60,13,6,1,1.01422,0.996959,1.008977,32,0,334,100,100,0,0,0,2,-2,0,-2,0,72,2,72,42,0,0,2829,8,0,28,0,920,115,0,28,0,363,1,0,48,0,256,0,0,11,0,135,131,44,80,0,0,40,24,9,0,0,9,9,0,0
4,5,3,54,13,6,1,1.006451,1.005989,1.009833,31,0,334,100,100,0,0,0,6,6,-2,0,0,72,2,44,30,0,0,2829,25,0,20,0,920,100,0,20,0,363,1,0,44,0,256,0,0,8,0,135,126,32,72,0,0,43,22,9,0,0,9,9,0,0
4,6,0,62,10,20,0,0.997852,0.992807,1.012565,42,0,334,100,100,0,0,0,0,0,4,8,0,72,1,49,36,0,0,2858,15,0,24,0,920,122,0,24,0,440,1,0,26,0,269,0,0,3,0,279,116,12,56,0,0,51,13,9,0,0,9,9,0,0
4,6,1,67,10,20,0,1.014819,1.008735,1.01276,40,0,334,100,100,0,0,0,0,0,0,8,0,72,1,82,57,0,0,2858,4,0,38,0,920,140,0,38,0,440,1,0,24,0,269,0,0,0,0,279,103,0,61,0,0,36,12,9,0,0,9,9,0,0
4,6,2,61,10,20,0,1.015783,0.993361,1.006004,40,0,334,100,100,0,0,0,4,0,0,-2,0,72,1,74,48,0,0,2858,1,0,32,0,920,131,0,32,0,440,0,0,28,0,269,0,0,0,0,279,69,0,62,0,0,45,14,9,0,0,9,9,0,0
4,6,3,47,10,20,0,1.00518,1.008093,1.014438,38,0,334,100,100,0,0,0,8,8,-2,0,0,72,1,40,30,0,0,2858,10,0,20,0,920,110,0,20,0,440,1,0,26,0,269,0,0,0,0,279,93,0,44,0,0,52,13,4,0,0,4,4,0,0
4,7,0,59,13,14,0,0.998268,1.002717,1.017555,51,0,334,100,100,0,0,0,0,2,6,10,0,68,1,46,36,0,0,2840,15,0,24,0,911,134,0,24,0,522,0,0,6,0,200,0,0,21,0,139,214,84,22,0,0,52,3,2,0,0,2,2,0,0
4,7,1,69,13,14,0,1.017891,1.008362,1.013059,47,0,334,100,100,0,0,0,2,0,2,10,0,68,1,93,60,0,0,2840,5,0,40,0,911,160,0,40,0,522,1,0,6,0,200,0,0,12,0,139,154,48,44,0,0,30,3,9,0,0,9,9,0,0
4,7,2,62,13,14,0,1.016768,0.993721,1.008169,48,0,334,100,100,0,0,0,6,2,0,0,0,68,1,74,48,0,0,2840,7,0,32,0,911,147,0,32,0,522,1,0,4,0,200,0,0,21,0,139,160,84,32,0,0,41,2,6,0,0,6,6,0,0
4,7,3,46,13,14,0,1.002091,1.005575,1.012051,40,0,334,100,100,0,0,0,10,10,0,0,0,68,1,44,33,0,0,2840,2,0,22,0,911,121,0,22,0,522,1,0,6,0,200,0,0,18,0,139,177,72,21,0,0,53,3,2,0,0,2,2,0,0
4,8,0,52,13,13,0,0.996872,1.002583,1.020999,47,0,334,100,100,0,0,0,0,2,8,12,0,68,1,46,33,0,0,2840,20,0,22,0,931,143,0,22,0,377,1,0,36,0,272,0,0,0,0,144,196,0,51,0,0,68,18,2,0,0,2,2,0,0
4,8,1,72,13,13,0,1.017483,1.005618,1.013204,56,0,334,100,100,0,0,0,2,0,4,12,0,68,1,104,66,0,0,2840,1,0,44,0,931,167,0,44,0,377,0,0,42,0,272,0,0,0,0,144,124,0,76,0,0,45,21,6,0,0,6,6,0,0
4,8,2,62,13,13,0,1.014236,0.998869,1.005735,54,0,334,100,100,0,0,0,8,4,0,0,0,68,1,73,45,0,0,2840,6,0,30,0,931,156,0,30,0,377,0,0,50,0,272,0,0,0,0,144,128,0,71,0,0,63,25,3,0,0,3,3,0,0
4,8,3,50,13,13,0,1.003763,1.005652,1.010712,42,0,334,100,100,0,0,0,12,12,0,0,0,68,1,48,33,0,0,2840,5,0,22,0,931,130,0,22,0,377,1,0,40,0,272,0,0,0,0,144,154,0,55,0,0,71,20,2,0,0,2,2,0,0
4,9,0,52,12,8,0,0.997649,1.000668,1.02019,47,0,334,100,100,0,0,0,0,2,10,14,0,64,13,40,30,0,0,2840,19,0,20,0,909,152,0,20,0,389,0,0,36,0,272,0,0,0,0,144,181,0,48,0,0,85,18,1,0,0,1,1,0,0
4,9,1,75,12,8,0,1.018986,1.007577,1.012121,62,0,334,100,100,0,0,0,2,0,6,14,0,64,13,112,66,0,0,2840,7,0,44,0,909,189,0,44,0,389,0,0,34,0,272,0,0,0,0,144,103,0,66,0,0,57,17,5,0,0,5,5,0,0
4,9,2,64,12,8,0,1.015148,0.999199,1.005027,57,0,334,100,100,0,0,0,10,6,0,0,0,64,13,67,45,0,0,2840,6,0,30,0,909,171,0,30,0,389,1,0,48,0,272,0,0,0,0,144,97,0,67,0,0,85,24,2,0,0,2,2,0,0
4,9,3,49,12,8,0,1.000245,1.012791,1.008775,43,0,334,100,100,0,0,0,14,14,0,0,0,64,13,47,36,0,0,2840,0,0,24,0,909,142,0,24,0,389,1,0,34,0,272,0,0,0,0,144,143,0,50,0,0,86,17,2,0,0,2,2,0,0
4,10,0,45,8,13,1,0.998838,0.9973,1.017008,42,0,334,100,100,0,0,0,0,0,10,10,0,64,18,36,30,0,0,2839,13,0,20,0,902,159,0,20,0,373,0,0,36,0,272,0,0,0,0,154,160,0,48,0,0,102,18,1,0,0,1,1,0,0
4,10,1,77,8,13,1,1.017993,1.007898,1.011172,65,0,334,100,100,0,0,0,0,0,8,16,0,64,18,118,69,0,0,2839,8,0,46,0,902,212,0,46,0,373,1,0,38,0,272,0,0,0,0,154,76,0,69,0,0,72,19,4,0,0,4,4,0,0
4,10,2,65,8,13,1,1.016337,0.997815,1.004921,59,0,334,100,100,0,0,0,10,8,0,0,0,64,18,57,45,0,0,2839,6,0,30,0,902,186,0,30,0,373,1,0,54,0,272,0,0,0,0,154,63,0,75,0,0,109,27,3,0,0,3,3,0,0
4,10,3,48,8,13,1,1.002299,1.01225,1.009695,44,0,334,100,100,0,0,0,10,16,0,0,0,64,18,42,36,0,0,2839,0,0,24,0,902,157,0,24,0,373,1,0,36,0,272,0,0,0,0,154,126,0,50,0,0,103,18,1,0,0,1,1,0,0
4,11,0,43,5,14,0,0.999536,0.997435,1.01591,41,0,334,100,100,0,0,0,0,4,12,12,0,60,5,33,27,0,0,2836,18,0,18,0,914,168,0,18,0,377,1,0,32,0,269,0,0,1,0,283,124,4,43,0,0,117,16,1,0,0,1,1,0,0
4,11,1,78,5,14,0,1.01901,1.009461,1.012915,68,0,334,100,100,0,0,0,4,0,10,18,0,60,5,123,66,0,0,2836,7,0,44,0,914,234,0,44,0,377,1,0,44,0,269,0,0,0,0,283,15,0,72,0,0,91,22,3,0,0,3,3,0,0
4,11,2,60,5,14,0,1.018968,0.998467,1.007165,57,0,334,100,100,0,0,0,12,10,0,0,0,60,5,48,42,0,0,2836,5,0,28,0,914,200,0,28,0,377,3,0,52,0,269,0,0,2,0,283,2,8,70,0,0,133,26,2,0,0,2,2,0,0
4,11,3,45,5,14,0,1.001717,1.013096,1.011209,44,0,334,100,100,0,0,0,12,18,0,0,0,60,5,42,36,0,0,2836,0,0,24,0,914,169,0,24,0,377,1,0,36,0,269,0,0,0,0,283,78,0,50,0,0,120,18,1,0,0,1,1,0,0
4,12,0,39,6,9,0,1.000362,1.001657,1.019244,38,0,334,100,100,0,0,0,0,4,14,14,0,60,1,28,24,0,0,2857,17,0,16,0,915,176,0,16,0,435,0,0,20,0,271,0,0,1,0,291,101,4,30,0,0,126,10,1,0,0,1,1,0,0
4,12,1,79,6,9,0,1.018326,1.008246,1.010013,70,0,334,100,100,0,0,0,4,0,12,20,1,60,1,60,3,0,0,2857,55,0,2,0,915,300,0,2,0,435,21,0,14,0,271,0,0,0,0,291,0,0,15,0,0,98,7,0,0,0,0,0,0,0
4,12,2,57,6,9,0,1.016004,0.999399,1.011217,56,0,334,100,100,0,0,0,14,12,0,2,0,60,1,10,3,0,0,2857,28,0,2,0,915,240,0,2,0,435,31,0,4,0,271,0,0,0,0,291,0,0,5,0,0,135,2,0,0,0,0,0,0,0
4,12,3,48,6,9,0,1.004224,1.009632,1.014231,45,0,334,100,100,0,0,0,14,20,2,0,1,60,1,48,36,0,0,2857,0,0,24,0,915,184,0,24,0,435,1,0,24,0,271,0,0,0,0,291,45,0,36,0,0,132,12,0,0,0,0,0,0,0
4,13,0,35,4,63,6,1.006552,1.002551,1.016504,33,0,334,100,100,0,0,0,0,2,6,10,0,56,0,30,24,0,0,2963,11,0,16,0,953,184,0,16,0,484,1,0,10,0,255,0,0,3,0,182,113,12,18,0,0,131,5,0,0,0,0,0,0,0
4,13,1,61,4,63,6,1.017044,1.011941,1.01395,58,0,334,100,100,0,0,0,2,0,-16,20,1,56,0,67,60,0,0,2963,5,0,40,0,953,294,0,40,0,484,1,0,42,0,255,0,0,8,0,182,0,32,62,0,0,119,21,0,0,0,0,0,0,0
4,13,2,20,4,63,6,1.004767,0.989431,1.007903,20,0,334,100,100,0,0,0,6,-16,0,-4,0,56,0,8,6,0,0,2963,8,0,4,0,953,242,0,4,0,484,21,0,16,0,255,0,0,6,0,182,15,24,18,0,0,143,8,0,0,0,0,0,0,0
4,13,3,48,4,63,6,1.007172,1.011745,1.011439,44,0,334,100,100,0,0,0,10,20,-4,0,1,56,0,48,36,0,0,2963,0,0,24,0,953,202,0,24,0,484,1,0,20,0,255,0,0,0,0,182,47,0,34,0,0,141,10,1,0,0,1,1,0,0
4,14,0,34,8,12,1,1.001028,1.000477,1.014184,32,0,334,100,100,0,0,0,0,2,6,12,0,56,1,34,27,0,0,2961,3,0,18,0,947,193,0,18,0,476,0,0,14,0,242,0,0,7,0,195,140,28,25,0,0,137,7,1,0,0,1,1,0,0
4,14,1,61,8,12,1,1.01687,1.018329,1.013916,55,0,334,100,100,0,0,0,2,0,-20,22,1,56,1,78,54,0,0,2961,6,0,36,0,947,298,0,36,0,476,0,0,32,0,242,0,0,5,0,195,0,20,50,0,0,135,16,0,0,0,0,0,0,0
4,14,2,17,8,12,1,0.993673,0.998883,1.004779,16,0,334,100,100,0,0,0,6,-20,0,-6,0,56,1,10,6,0,0,2961,5,0,4,0,947,244,0,4,0,476,13,0,14,0,242,0,0,3,0,195,23,12,16,0,0,150,7,0,0,0,0,0,0,0
4,14,3,48,8,12,1,1.005511,1.007462,1.010567,43,0,334,100,100,0,0,0,12,22,-6,0,1,56,1,49,36,0,0,2961,0,0,24,0,947,220,0,24,0,476,1,0,12,0,242,0,0,15,0,195,115,60,28,0,0,145,6,2,0,0,2,2,0,0
4,15,0,37,7,2,0,1.002247,0.999813,1.010643,33,0,334,100,100,0,0,0,0,2,8,14,0,52,13,36,27,0,0,2946,9,0,18,0,950,202,0,18,0,543,0,0,0,0,168,8,0,16,0,270,196,64,11,0,0,136,0,1,0,0,1,1,0,0
4,15,1,62,7,2,0,1.016746,1.019254,1.01273,55,1,459,100,100,0,0,0,2,0,-20,24,1,52,13,90,63,0,0,2946,6,0,42,0,950,292,0,42,0,543,0,0,0,0,168,7,0,27,0,270,79,108,44,0,0,115,0,20,0,0,3,3,0,0
4,15,2,16,7,2,0,0.995017,0.990198,1.002984,14,0,334,100,100,0,0,0,8,-20,0,-6,0,52,13,11,6,0,0,2946,5,0,4,0,950,246,0,4,0,543,1,0,12,0,168,6,0,7,0,270,38,28,16,0,0,155,6,1,0,0,1,1,0,0
4,15,3,50,7,2,0,1.005249,1.00768,1.009472,45,0,334,100,100,0,0,0,14,24,-6,0,1,52,13,47,36,0,0,2946,0,0,24,0,950,238,0,24,0,543,0,0,2,0,168,12,0,21,0,270,190,84,18,0,0,144,1,2,0,0,2,2,0,0
4,16,0,40,10,6,0,1.003566,0.998404,1.015416,34,0,334,100,100,0,0,0,0,2,10,16,0,52,5,41,30,0,0,2944,10,0,20,0,944,212,0,20,0,447,1,0,26,0,272,0,0,8,0,192,209,32,40,0,0,147,13,2,0,0,2,2,0,0
4,16,1,64,10,6,0,1.015119,1.017937,1.010877,57,1,459,100,100,0,0,0,2,0,-20,26,1,52,5,106,66,0,0,2944,1,0,44,0,944,314,0,44,0,447,0,0,24,0,272,0,0,7,0,192,90,28,50,0,0,125,12,2,0,0,2,2,0,0
4,16,2,14,10,6,0,0.983307,0.99889,1.005214,12,0,334,100,100,0,0,0,10,-20,0,-6,0,52,5,9,3,0,0,2944,7,0,2,0,944,247,0,2,0,447,0,0,14,0,272,0,0,6,0,192,57,24,17,0,0,161,7,1,0,0,1,1,0,0
4,16,3,51,10,6,0,1.007777,1.012222,1.006916,45,0,334,100,100,0,0,0,16,26,-6,0,1,52,5,40,30,0,0,2944,1,0,20,0,944,260,0,20,0,447,1,0,32,0,272,0,0,12,0,192,231,48,46,0,0,158,16,2,0,0,2,2,0,0
4,17,0,41,6,10,1,1.000718,0.997058,1.013794,36,0,334,100,100,0,0,0,0,2,12,12,0,48,3,41,30,0,0,2945,10,0,20,0,944,222,0,20,0,463,1,0,30,0,255,0,0,3,0,201,198,12,44,0,0,160,15,2,0,0,2,2,0,0
4,17,1,65,6,10,1,1.015612,1.01711,1.009321,59,1,459,100,100,0,0,0,2,0,-20,26,1,48,3,118,66,0,0,2945,1,0,44,0,944,339,0,44,0,463,1,0,14,0,255,0,0,12,0,201,135,48,42,0,0,129,7,3,0,0,3,3,0,0
4,17,2,11,6,10,1,0.976865,0.986778,1.016744,9,0,334,100,100,0,0,0,12,-20,0,-6,0,48,3,9,3,0,0,2945,4,0,2,0,944,248,0,2,0,463,2,0,10,0,255,0,0,0,0,201,50,0,13,0,0,165,5,1,0,0,1,1,0,0
4,17,3,48,6,10,1,1.006778,1.011342,1.003372,43,0,334,100,100,0,0,0,12,26,-6,0,1,48,3,37,30,0,0,2945,1,0,20,0,944,279,0,20,0,463,1,0,24,0,255,0,0,2,0,201,234,8,38,0,0,168,12,2,0,0,2,2,0,0
4,18,0,44,7,9,0,1.003686,0.992869,1.019275,38,0,334,100,100,0,0,0,0,4,14,14,0,48,2,43,30,0,0,2946,13,0,20,0,950,232,0,20,0,534,1,0,2,0,159,15,0,19,0,245,267,76,16,0,0,159,1,2,0,0,2,2,0,0
4,18,1,66,7,9,0,1.015491,1.016972,1.010086,61,1,459,100,100,0,0,0,4,0,-20,28,1,48,2,131,66,0,0,2946,1,0,44,0,950,361,0,44,0,534,1,0,8,0,159,6,0,28,0,245,231,112,34,0,0,131,4,2,0,0,2,2,0,0
4,18,2,10,7,9,0,0.965166,0.985446,1.007548,9,0,334,100,100,0,0,0,14,-20,0,-6,0,48,2,11,3,0,0,2946,4,0,2,0,950,249,0,2,0,534,0,0,2,0,159,8,0,4,0,245,69,16,3,0,0,166,1,0,0,0,0,0,0,0
4,18,3,43,7,9,0,1.001993,1.012021,1.004149,41,1,459,100,100,0,0,0,14,28,-6,0,1,48,2,36,30,0,0,2946,1,0,20,0,950,292,0,20,0,534,1,0,0,0,159,13,0,20,0,245,305,80,29,0,0,150,0,18,0,0,1,1,0,0
4,19,0,42,7,20,0,1.004993,0.994677,1.017904,37,1,459,100,100,0,0,0,0,6,16,16,0,44,2,35,27,0,0,2945,21,0,18,0,956,241,0,18,0,447,0,0,26,0,250,1,0,21,0,212,304,84,56,0,0,153,13,19,0,0,2,2,0,0
4,19,1,59,7,20,0,1.018811,1.011016,1.010042,53,1,459,100,100,0,0,0,6,0,-20,30,1,44,2,137,63,0,0,2945,3,0,42,0,956,382,0,42,0,447,1,0,34,0,250,0,0,14,0,212,237,56,57,0,0,147,17,1,0,0,1,1,0,0
4,19,2,9,7,20,0,0.959592,0.992675,1.002755,8,0,334,100,100,0,0,0,16,-20,0,-4,0,44,2,8,3,0,0,2945,4,0,2,0,956,250,0,2,0,447,2,0,8,0,250,5,0,4,0,212,80,16,11,0,0,169,4,1,0,0,1,1,0,0
4,19,3,40,7,20,0,1.006502,1.00813,1.006965,37,1,459,100,100,0,0,0,16,30,-4,0,1,44,2,36,30,0,0,2945,1,0,20,0,956,302,0,20,0,447,0,0,28,0,250,0,0,17,0,212,358,68,40,0,0,163,14,1,0,0,1,1,0,0
4,20,0,37,4,11,0,1.004428,0.995442,1.014887,35,1,459,100,100,0,0,0,0,8,18,18,0,44,4,27,21,0,0,2968,19,0,14,0,965,248,0,14,0,446,0,0,24,0,270,0,0,1,0,225,299,4,33,0,0,164,12,1,0,0,1,1,0,0
4,20,1,55,4,11,0,1.017216,1.009766,1.010084,50,2,584,100,100,0,0,0,8,0,-20,32,1,44,4,140,54,0,0,2968,0,0,36,0,965,406,0,36,0,446,2,0,36,0,270,0,0,0,0,225,180,0,75,0,0,146,18,19,0,0,2,2,0,0
4,20,2,11,4,11,0,0.965927,0.997111,1.000967,9,0,334,100,100,0,0,0,18,-20,0,-4,0,44,4,8,3,0,0,2968,4,0,2,0,965,251,0,2,0,446,5,0,8,0,270,1,0,4,0,225,93,16,9,0,0,173,4,0,0,0,0,0,0,0
4,20,3,40,4,11,0,1.006383,1.007777,1.007304,37,1,459,100,100,0,0,0,18,32,-4,0,1,44,4,35,30,0,0,2968,1,0,20,0,965,312,0,20,0,446,0,0,26,0,270,0,0,2,0,225,355,8,38,0,0,175,13,1,0,0,1,1,0,0
4,21,0,33,3,11,0,1.003321,0.996367,1.019196,33,1,459,100,100,0,0,0,0,10,20,20,2,40,2,27,21,0,0,2991,13,0,14,0,974,252,0,14,0,513,0,0,6,0,196,0,0,12,0,235,351,48,13,0,0,167,3,0,0,0,0,0,0,0
4,21,1,56,3,11,0,1.017497,1.008218,1.011009,50,2,584,100,100,0,0,0,10,0,-20,34,1,40,2,148,54,0,0,2991,0,0,36,0,974,424,0,36,0,513,1,0,14,0,196,16,0,18,0,235,234,72,36,0,0,151,7,2,0,0,2,2,0,0
4,21,2,10,3,11,0,0.969612,1.003634,0.998017,8,0,334,100,100,0,0,0,20,-20,0,-4,1,40,2,8,3,0,0,2991,4,0,2,0,974,252,0,2,0,513,2,0,8,0,196,3,0,4,0,235,104,16,11,0,0,176,4,1,0,0,1,1,0,0
4,21,3,36,3,11,0,1.005177,1.00998,1.009522,35,2,584,100,100,0,0,0,20,34,-4,0,2,40,2,38,30,0,0,2991,1,0,20,0,974,322,0,20,0,513,1,0,6,0,196,9,0,15,0,235,404,60,35,0,0,160,3,18,0,0,1,1,0,0
4,22,0,27,3,21,0,1.007604,0.991013,1.029671,26,2,584,100,100,0,0,0,0,12,22,22,2,40,3,28,21,0,0,2987,13,0,14,0,977,259,0,14,0,523,0,0,0,0,204,0,0,12,0,234,393,48,24,0,0,150,0,17,0,0,0,0,0,0
4,22,1,50,3,21,0,1.015527,1.007109,1.009597,46,2,584,100,100,0,0,0,12,0,-20,36,1,40,3,146,48,0,0,2987,1,0,32,0,977,449,0,32,0,523,1,0,12,0,204,12,0,16,0,234,281,64,32,0,0,155,6,2,0,0,2,2,0,0
4,22,2,8,3,21,0,0.976553,0.98626,0.985848,7,0,334,100,100,0,0,0,22,-20,0,-4,1,40,3,7,3,0,0,2987,4,0,2,0,977,253,0,2,0,523,1,0,2,0,204,5,0,4,0,234,121,16,5,0,0,176,1,1,0,0,1,1,0,0
4,22,3,32,3,21,0,1.010167,1.003812,1.002094,31,2,584,100,100,0,0,0,22,36,-4,0,2,40,3,38,27,0,0,2987,3,0,18,0,977,331,0,18,0,523,1,0,6,0,204,0,0,15,0,234,473,60,15,0,0,163,3,0,0,0,0,0,0,0
4,23,0,29,6,16,0,1.01011,0.987773,1.023424,25,2,584,100,100,0,0,0,0,16,24,24,2,36,4,31,21,0,0,3017,13,0,14,0,980,266,0,14,0,509,0,0,0,0,248,0,0,9,0,234,441,36,9,0,0,149,0,1,0,0,1,1,0,0
4,23,1,40,6,16,0,1.016425,1.006416,1.002221,38,2,584,100,100,0,0,0,16,0,-20,38,1,36,4,149,48,0,0,3017,1,0,32,0,980,468,0,32,0,509,1,0,16,0,248,0,0,12,0,234,307,48,34,0,0,162,8,1,0,0,1,1,0,0
4,23,2,8,6,16,0,0.976553,0.98626,0.985848,8,0,334,100,100,0,0,0,24,-20,0,-2,1,36,4,7,3,0,0,3017,4,0,2,0,980,254,0,2,0,509,0,0,6,0,248,1,0,4,0,234,136,16,7,0,0,179,3,0,0,0,0,0,0,0
4,23,3,30,6,16,0,1.010213,1.00175,1.009226,27,3,709,100,100,0,0,0,24,38,-2,0,2,36,4,43,27,0,0,3017,3,0,18,0,980,340,0,18,0,509,0,0,2,0,248,0,0,11,0,234,505,44,30,0,0,146,1,18,0,0,1,1,0,0
4,24,0,31,8,1,0,1.006244,0.989089,1.021271,26,2,584,100,100,0,0,0,0,20,26,26,3,36,4,32,21,0,0,3024,16,0,14,0,983,273,0,14,0,501,1,0,2,0,272,0,0,0,0,234,455,0,13,0,0,148,1,2,0,0,2,2,0,0
4,24,1,42,8,1,0,1.017554,1.009481,1.003066,38,2,584,100,100,0,0,0,20,0,-20,40,2,36,4,163,45,0,0,3024,0,0,30,0,983,489,0,30,0,501,1,0,18,0,272,0,0,0,0,234,287,0,35,0,0,170,9,1,0,0,1,1,0,0
4,24,2,9,8,1,0,0.977283,0.995172,0.992678,8,0,334,100,100,0,0,0,26,-20,0,-2,1,36,4,7,3,0,0,3024,4,0,2,0,983,255,0,2,0,501,1,0,6,0,272,0,0,1,0,234,139,4,7,0,0,182,3,0,0,0,0,0,0,0
4,24,3,32,8,1,0,1.009374,1.002863,1.006147,28,3,709,100,100,0,0,0,26,40,-2,0,2,36,4,48,30,0,0,3024,1,0,20,0,983,350,0,20,0,501,1,0,14,0,272,0,0,0,0,234,497,0,26,0,0,152,7,1,0,0,1,1,0,0
4,25,0,34,7,3,0,1.005964,0.988877,1.019818,28,3,709,100,100,0,0,0,0,22,28,26,3,32,5,32,21,0,0,3014,16,0,14,0,977,280,0,14,0,540,0,0,2,0,213,0,0,11,0,229,498,44,30,0,0,130,1,19,0,0,2,2,0,0
4,25,1,42,7,3,0,1.018143,1.009617,1.006439,37,3,709,100,100,0,0,0,22,0,-20,42,2,32,5,166,39,0,0,3014,1,0,26,0,977,514,0,26,0,540,0,0,4,0,213,6,0,15,0,229,327,60,38,0,0,153,2,19,0,0,2,2,0,0
4,25,2,8,7,3,0,0.973117,0.994561,0.996035,7,0,334,100,100,0,0,0,28,-20,0,-2,1,32,5,6,3,0,0,3014,7,0,2,0,977,256,0,2,0,540,1,0,0,0,213,1,0,5,0,229,162,20,3,0,0,181,0,1,0,0,1,1,0,0
4,25,3,34,7,3,0,1.005309,0.999522,1.00572,29,3,709,100,100,0,0,0,26,42,-2,0,2,32,5,53,30,0,0,3014,1,0,20,0,977,366,0,20,0,540,1,0,0,0,213,8,0,13,0,229,553,52,14,0,0,150,0,2,0,0,2,2,0,0
4,26,0,34,3,1,0,1.007116,0.989006,1.022618,30,3,709,100,100,0,0,0,0,24,30,28,3,32,2,32,24,0,0,3020,14,0,16,0,971,288,0,16,0,509,0,0,0,0,260,0,0,12,0,225,564,48,12,0,0,128,0,2,0,0,2,2,0,0
4,26,1,43,3,1,0,1.020283,1.008731,1.008399,39,3,709,100,100,0,0,0,24,0,-20,44,2,32,2,171,39,0,0,3020,1,0,26,0,971,542,0,26,0,509,0,0,14,0,260,0,0,6,0,225,341,24,31,0,0,158,7,2,0,0,2,2,0,0
4,26,2,8,3,1,0,0.973117,0.994561,0.996035,8,0,334,100,100,0,0,0,30,-20,0,-2,1,32,2,7,3,0,0,3020,7,0,2,0,971,257,0,2,0,509,0,0,6,0,260,0,0,1,0,225,165,4,7,0,0,184,3,0,0,0,0,0,0,0
4,26,3,35,3,1,0,1.007668,1.000199,1.009403,31,3,709,100,100,0,0,0,28,44,-2,0,2,32,2,56,30,0,0,3020,1,0,20,0,971,382,0,20,0,509,1,0,16,0,260,0,0,8,0,225,573,32,30,0,0,156,8,2,0,0,2,2,0,0
4,27,0,28,1,13,0,1.00325,0.989967,1.027872,27,3,709,100,100,0,0,0,0,28,32,30,3,28,6,30,24,0,0,3019,14,0,16,0,998,287,0,16,0,527,1,0,6,0,230,0,0,0,0,216,566,0,16,0,0,130,3,1,0,0,1,1,0,0
4,27,1,41,1,13,0,1.017086,1.005901,1.003899,38,3,709,100,100,0,0,0,28,0,-20,46,2,28,6,173,39,0,0,3019,1,0,26,0,998,558,0,26,0,527,1,0,8,0,230,0,0,12,0,216,384,48,23,0,0,161,4,1,0,0,1,1,0,0
4,27,2,6,1,13,0,0.964935,0.984582,0.984043,6,0,334,100,100,0,0,0,32,-20,0,-2,1,28,6,4,3,0,0,3019,4,0,2,0,998,258,0,2,0,527,0,0,0,0,230,3,0,3,0,216,179,12,1,0,0,184,0,0,0,0,0,0,0,0
4,27,3,33,1,13,0,1.001702,0.998834,1.008941,32,4,834,100,100,0,0,0,30,46,-2,0,2,28,6,54,30,0,0,3019,1,0,20,0,998,392,0,20,0,527,0,0,2,0,230,12,0,12,0,216,605,48,31,0,0,139,1,18,0,0,1,1,0,0
4,28,0,30,4,1,0,1.007616,0.987086,1.028884,28,3,709,100,100,0,0,0,0,30,34,32,3,28,3,32,24,0,0,3028,14,0,16,0,980,295,0,16,0,526,1,0,2,0,241,0,0,7,0,243,602,28,10,0,0,131,1,0,0,0,0,0,0,0
4,28,1,41,4,1,0,1.015556,1.004992,1.004131,38,3,709,100,100,0,0,0,30,0,-20,48,2,28,3,174,36,0,0,3028,0,0,24,0,980,579,0,24,0,526,0,0,8,0,241,0,0,10,0,243,423,40,22,0,0,164,4,1,0,0,1,1,0,0
4,28,2,6,4,1,0,0.964935,0.984582,0.984043,6,0,334,100,100,0,0,0,34,-20,0,-2,1,28,3,4,3,0,0,3028,4,0,2,0,980,259,0,2,0,526,0,0,0,0,241,5,0,3,0,243,193,12,1,0,0,184,0,0,0,0,0,0,0,0
4,28,3,34,4,1,0,1.003133,0.999435,1.006407,33,4,834,100,100,0,0,0,32,48,-2,0,2,28,3,57,30,0,0,3028,1,0,20,0,980,408,0,20,0,526,1,0,8,0,241,9,0,12,0,243,650,48,18,0,0,143,4,0,0,0,0,0,0,0
4,29,0,32,3,0,0,1.007296,0.990956,1.032032,28,4,834,100,100,0,0,0,0,32,36,34,3,24,0,32,24,0,0,3018,17,0,16,0,974,303,0,16,0,499,1,0,6,0,269,0,0,3,0,240,602,12,33,0,0,116,3,18,0,0,1,1,0,0
4,29,1,41,3,0,0,1.015556,1.004992,1.004131,39,4,834,100,100,0,0,0,32,0,-20,50,2,24,0,177,39,0,0,3018,1,0,26,0,974,604,0,26,0,499,1,0,14,0,269,0,0,0,0,240,398,0,46,0,0,153,7,18,0,0,1,1,0,0
4,29,2,6,3,0,0,0.964935,0.984582,0.984043,6,0,334,100,100,0,0,0,36,-20,0,-2,1,24,0,5,3,0,0,3018,4,0,2,0,974,260,0,2,0,499,0,0,6,0,269,2,0,3,0,240,201,12,7,0,0,187,3,0,0,0,0,0,0,0
4,29,3,35,3,0,0,1.003047,0.999467,1.007092,33,4,834,100,100,0,0,0,34,50,-2,0,2,24,0,64,36,0,0,3018,0,0,24,0,974,420,0,24,0,499,1,0,18,0,269,0,0,9,0,240,669,36,32,0,0,151,9,1,0,0,1,1,0,0
4,30,0,32,3,0,0,1.007296,0.990956,1.032032,29,4,834,100,100,0,0,0,0,34,38,38,3,24,4,34,27,0,0,3015,15,0,18,0,971,312,0,18,0,521,0,0,2,0,272,0,0,0,0,264,602,0,15,0,0,115,1,2,0,0,2,2,0,0
4,30,1,42,3,0,0,1.015824,1.006739,1.006602,40,4,834,100,100,0,0,0,34,0,-20,52,2,24,4,180,39,0,0,3015,1,0,26,0,971,629,0,26,0,521,1,0,4,0,272,0,0,0,0,264,388,0,19,0,0,154,2,1,0,0,1,1,0,0
4,30,2,6,3,0,0,0.964935,0.984582,0.984043,6,0,334,100,100,0,0,0,38,-20,0,0,1,24,4,7,3,0,0,3015,4,0,2,0,971,261,0,2,0,521,0,0,6,0,272,0,0,2,0,264,205,8,7,0,0,190,3,0,0,0,0,0,0,0
4,30,3,37,3,0,0,1.003007,1.000381,1.007358,34,4,834,100,100,0,0,0,38,52,0,0,2,24,4,68,36,0,0,3015,3,0,24,0,971,432,0,24,0,521,1,0,12,0,272,0,0,0,0,264,652,0,26,0,0,156,6,1,0,0,1,1,0,0
4,31,0,32,3,2,0,1.007524,0.989822,1.035748,30,4,834,100,100,0,0,0,0,36,38,40,3,20,0,34,27,0,0,3007,15,0,18,0,968,321,0,18,0,485,0,0,12,0,272,0,0,0,0,237,600,0,23,0,0,120,6,1,0,0,1,1,0,0
4,31,1,42,3,2,0,1.016802,1.007539,1.006736,40,4,834,100,100,0,0,0,36,0,-20,54,2,20,0,188,45,0,0,3007,0,0,30,0,968,650,0,30,0,485,1,0,20,0,272,0,0,0,0,237,369,0,37,0,0,163,10,1,0,0,1,1,0,0
4,31,2,6,3,2,0,0.964935,0.984582,0.984043,6,0,334,100,100,0,0,0,38,-20,0,2,1,20,0,7,3,0,0,3007,4,0,2,0,968,262,0,2,0,485,0,0,6,0,272,0,0,0,0,237,201,0,7,0,0,193,3,0,0,0,0,0,0,0
4,31,3,38,3,2,0,1.002525,0.99771,1.008378,35,4,834,100,100,0,0,0,40,54,2,0,2,20,0,73,39,0,0,3007,4,0,26,0,968,445,0,26,0,485,0,0,22,0,272,0,0,0,0,237,630,0,37,0,0,166,11,1,0,0,1,1,0,0
4,32,0,32,3,1,0,1.006837,0.988506,1.035043,30,4,834,100,100,0,0,0,0,38,40,42,3,20,1,35,27,0,0,3003,15,0,18,0,968,330,0,18,0,536,0,0,0,0,212,0,0,12,0,240,658,48,11,0,0,119,0,1,0,0,1,1,0,0
4,32,1,43,3,1,0,1.016354,1.009068,1.009937,41,4,834,100,100,0,0,0,38,0,-20,56,2,20,1,197,45,0,0,3003,0,0,30,0,968,671,0,30,0,536,1,0,2,0,212,1,0,17,0,240,439,68,19,0,0,163,1,1,0,0,1,1,0,0
4,32,2,6,3,1,0,0.964935,0.984582,0.984043,6,0,334,100,100,0,0,0,40,-20,0,6,1,20,1,8,3,0,0,3003,4,0,2,0,968,263,0,2,0,536,1,0,2,0,212,0,0,3,0,240,213,12,3,0,0,194,1,0,0,0,0,0,0,0
4,32,3,39,3,1,0,1.001098,0.996505,1.009626,36,4,834,100,100,0,0,0,42,56,6,0,2,20,1,77,39,0,0,3003,4,0,26,0,968,458,0,26,0,536,1,0,2,0,212,12,0,15,0,240,688,60,17,0,0,166,1,1,0,0,1,1,0,0
4,33,0,32,3,3,0,1.004013,0.992014,1.037524,30,4,834,100,100,0,0,0,0,38,40,44,3,20,3,37,30,0,0,2998,10,0,20,0,965,340,0,20,0,500,1,0,2,0,268,0,0,4,0,240,681,16,14,0,0,119,1,1,0,0,1,1,0,0
4,33,1,43,3,3,0,1.016354,1.009068,1.009937,42,4,834,100,100,0,0,0,38,0,-20,58,2,20,3,208,48,0,0,2998,1,0,32,0,965,690,0,32,0,500,1,0,16,0,268,0,0,1,0,240,430,4,34,0,0,170,8,1,0,0,1,1,0,0
4,33,2,7,3,3,0,0.977465,0.980737,0.979219,6,0,334,100,100,0,0,0,40,-20,0,8,1,20,3,8,3,0,0,2998,4,0,2,0,965,264,0,2,0,500,1,0,6,0,268,0,0,0,0,240,209,0,7,0,0,197,3,0,0,0,0,0,0,0
4,33,3,38,3,3,0,0.999172,0.997917,1.008966,35,5,959,100,100,0,0,0,44,58,8,0,2,20,3,75,33,0,0,2998,11,0,22,0,965,469,0,22,0,500,0,0,20,0,268,0,0,12,0,240,701,48,50,0,0,158,10,18,0,0,1,1,0,0
4,34,0,31,3,2,0,1.007309,0.992995,1.037955,30,4,834,100,100,0,0,0,0,38,42,46,3,20,2,42,33,0,0,3004,5,0,22,0,968,351,0,22,0,498,1,0,6,0,266,0,0,2,0,237,691,8,19,0,0,121,3,1,0,0,1,1,0,0
4,34,1,43,3,2,0,1.019192,1.01162,1.011239,42,5,959,100,100,0,0,0,38,0,-20,60,2,20,2,219,48,0,0,3004,1,0,32,0,968,709,0,32,0,498,1,0,16,0,266,0,0,0,0,237,399,0,49,0,0,161,8,17,0,0,0,0,0,0
4,34,2,7,3,2,0,0.977465,0.980737,0.979219,6,0,334,100,100,0,0,0,42,-20,0,10,1,20,2,7,3,0,0,3004,4,0,2,0,968,265,0,2,0,498,0,0,6,0,266,0,0,0,0,237,206,0,9,0,0,199,3,1,0,0,1,1,0,0
4,34,3,40,3,2,0,1.000333,0.994666,1.005874,36,5,959,100,100,0,0,0,46,60,10,0,2,20,2,75,33,0,0,3004,11,0,22,0,968,480,0,22,0,498,1,0,18,0,266,0,0,4,0,237,701,16,31,0,0,166,9,1,0,0,1,1,0,0
4,35,0,30,4,2,0,1.00815,0.994757,1.042581,30,5,959,100,100,0,0,0,0,40,44,48,3,20,1,48,33,0,0,2998,2,0,22,0,968,362,0,22,0,537,1,0,0,0,215,0,0,11,0,237,728,44,28,0,0,104,0,17,0,0,0,0,0,0
4,35,1,45,4,2,0,1.019697,1.01047,1.009493,42,5,959,100,100,0,0,0,40,0,-20,62,2,20,1,230,48,0,0,2998,1,0,32,0,968,728,0,32,0,537,1,0,2,0,215,0,0,17,0,237,468,68,20,0,0,161,1,1,0,0,1,1,0,0
4,35,2,8,4,2,0,0.983561,0.980951,0.97609,7,0,334,100,100,0,0,0,44,-20,0,12,1,20,1,8,3,0,0,2998,4,0,2,0,968,266,0,2,0,537,1,0,0,0,215,0,0,4,0,237,227,16,1,0,0,199,0,0,0,0,0,0,0,0
4,35,3,40,4,2,0,1.001973,0.994624,1.00647,37,5,959,100,100,0,0,0,48,62,12,0,2,20,1,72,33,0,0,2998,11,0,22,0,968,491,0,22,0,537,1,0,4,0,215,9,0,16,0,237,763,64,17,0,0,167,2,1,0,0,1,1,0,0
4,36,0,29,1,3,0,1.006733,0.99345,1.045621,29,5,959,100,100,0,0,0,0,42,46,50,3,20,3,53,30,0,0,2996,4,0,20,0,964,372,0,20,0,519,0,0,4,0,233,0,0,4,0,261,742,16,14,0,0,106,2,0,0,0,0,0,0,0
4,36,1,45,1,3,0,1.019697,1.01047,1.009493,43,5,959,100,100,0,0,0,42,0,-20,64,2,20,3,238,48,0,0,2996,1,0,32,0,964,750,0,32,0,519,1,0,10,0,233,0,0,13,0,261,507,52,28,0,0,165,5,1,0,0,1,1,0,0
4,36,2,8,1,3,0,0.983561,0.980951,0.97609,7,0,334,100,100,0,0,0,46,-20,0,14,1,20,3,6,3,0,0,2996,7,0,2,0,964,267,0,2,0,519,1,0,2,0,233,0,0,4,0,261,241,16,5,0,0,199,1,1,0,0,1,1,0,0
4,36,3,39,1,3,0,1.001583,0.997524,1.008972,36,5,959,100,100,0,0,0,50,64,14,0,2,20,3,69,33,0,0,2996,8,0,22,0,964,500,0,22,0,519,1,0,10,0,233,12,0,15,0,261,809,60,23,0,0,171,5,1,0,0,1,1,0,0
4,37,0,31,4,3,0,1.002506,0.996264,1.044113,29,5,959,100,100,0,0,0,0,42,48,52,3,20,0,59,30,0,0,3006,4,0,20,0,968,382,0,20,0,494,0,0,6,0,256,0,0,3,0,237,759,12,16,0,0,109,3,0,0,0,0,0,0,0
4,37,1,46,4,3,0,1.019691,1.01039,1.009236,43,5,959,100,100,0,0,0,42,0,-20,66,2,20,0,245,45,0,0,3006,0,0,30,0,968,774,0,30,0,494,1,0,10,0,256,0,0,11,0,237,545,44,27,0,0,169,5,1,0,0,1,1,0,0
4,37,2,7,4,3,0,0.973691,0.984277,0.979778,7,0,334,100,100,0,0,0,48,-20,0,16,1,20,0,6,3,0,0,3006,4,0,2,0,968,268,0,2,0,494,0,0,4,0,256,0,0,2,0,237,247,8,5,0,0,201,2,0,0,0,0,0,0,0
4,37,3,38,4,3,0,1.002618,0.99812,1.009467,36,6,1084,100,100,0,0,0,52,66,16,0,2,20,0,67,33,0,0,3006,8,0,22,0,968,511,0,22,0,494,1,0,28,0,256,0,0,12,0,237,817,48,58,0,0,167,14,18,0,0,1,1,0,0
4,38,0,30,4,6,0,0.99779,0.994351,1.046556,27,5,959,100,100,0,0,0,0,42,50,54,3,20,1,60,27,0,0,2992,12,0,18,0,968,391,0,18,0,484,1,0,8,0,272,0,0,0,0,237,758,0,19,0,0,112,4,1,0,0,1,1,0,0
4,38,1,48,4,6,0,1.019306,1.011351,1.011156,44,5,959,100,100,0,0,0,42,0,-20,68,2,20,1,253,48,0,0,2992,1,0,32,0,968,796,0,32,0,484,0,0,22,0,272,0,0,0,0,237,526,0,40,0,0,179,11,1,0,0,1,1,0,0
4,38,2,6,4,6,0,0.985667,0.988059,0.972382,6,0,334,100,100,0,0,0,50,-20,0,18,1,20,1,5,3,0,0,2992,4,0,2,0,968,269,0,2,0,484,0,0,6,0,272,0,0,0,0,237,243,0,7,0,0,204,3,0,0,0,0,0,0,0
4,38,3,36,4,6,0,1.00005,1.001394,1.008366,34,6,1084,100,100,0,0,0,54,68,18,0,2,20,1,60,27,0,0,2992,12,0,18,0,968,520,0,18,0,484,0,0,22,0,272,0,0,0,0,237,802,0,33,0,0,177,11,1,0,0,1,1,0,0
4,39,0,29,1,4,0,0.995999,0.995962,1.048542,27,5,959,100,100,0,0,0,0,44,52,56,3,20,1,63,27,0,0,3007,9,0,18,0,977,400,0,18,0,483,0,0,12,0,254,0,0,4,0,237,769,16,23,0,0,117,6,1,0,0,1,1,0,0
4,39,1,46,1,4,0,1.018735,1.010405,1.013224,43,6,1084,100,100,0,0,0,44,0,-20,70,2,20,1,259,48,0,0,3007,1,0,32,0,977,818,0,32,0,483,1,0,22,0,254,0,0,4,0,237,507,16,59,0,0,171,11,19,0,0,2,2,0,0
4,39,2,6,1,4,0,0.985667,0.988059,0.972382,6,0,334,100,100,0,0,0,52,-20,0,18,1,20,1,5,3,0,0,3007,4,0,2,0,977,270,0,2,0,483,0,0,4,0,254,0,0,2,0,237,249,8,5,0,0,206,2,0,0,0,0,0,0,0
4,39,3,36,1,4,0,0.998259,1.002115,1.011392,34,6,1084,100,100,0,0,0,56,70,18,0,2,20,1,55,27,0,0,3007,15,0,18,0,977,529,0,18,0,483,1,0,14,0,254,0,0,8,0,237,827,32,25,0,0,183,7,1,0,0,1,1,0,0
4,40,0,31,4,4,0,0.9982,0.991842,1.049636,28,5,959,100,100,0,0,0,0,46,56,58,3,20,1,67,27,0,0,3031,3,0,18,0,974,409,0,18,0,474,1,0,14,0,272,0,0,0,0,222,768,0,25,0,0,123,7,1,0,0,1,1,0,0
4,40,1,45,4,4,0,1.018552,1.011698,1.013601,44,6,1084,100,100,0,0,0,46,0,-20,72,2,20,1,263,45,0,0,3031,0,0,30,0,974,839,0,30,0,474,1,0,24,0,272,0,0,0,0,222,493,0,41,0,0,182,12,1,0,0,1,1,0,0
4,40,2,4,4,4,0,0.977378,0.977955,0.96502,4,0,334,100,100,0,0,0,56,-20,0,20,2,20,1,3,0,0,0,3031,0,0,0,0,974,273,0,0,0,474,4,0,2,0,272,0,0,0,0,222,250,0,2,0,0,207,1,0,0,0,0,0,0,0
4,40,3,37,4,4,0,0.998265,1.003836,1.012885,34,6,1084,100,100,0,0,0,58,72,20,0,3,20,1,54,30,0,0,3031,10,0,20,0,974,539,0,20,0,474,0,0,26,0,272,0,0,0,0,222,807,0,38,0,0,195,13,1,0,0,1,1,0,0
6,1,0,52,17,13,0,1.007571,0.993355,1.004313,0,0,334,100,100,0,0,0,0,0,2,2,0,80,18,56,39,0,0,3056,127,0,26,0,932,63,0,26,0,482,1,0,46,0,261,1,0,24,0,156,122,96,77,0,0,14,23,9,0,0,9,9,0,0
6,1,1,49,17,13,0,1.007765,1.002814,1.00542,0,0,334,100,100,0,0,0,0,0,2,2,0,80,18,51,36,0,0,3056,126,0,24,0,932,62,0,24,0,482,0,0,42,0,261,2,0,23,0,156,123,92,72,0,0,12,21,9,0,0,9,9,0,0
6,1,2,50,17,13,0,1.002293,0.996958,1.002334,0,0,334,100,100,0,0,0,2,2,0,0,0,80,18,52,39,0,0,3056,121,0,26,0,932,63,0,26,0,482,4,0,44,0,261,5,0,22,0,156,116,88,75,0,0,13,22,9,0,0,9,9,0,0
6,1,3,53,17,13,0,1.011594,0.99194,1.007751,0,0,334,100,100,0,0,0,2,2,0,0,0,80,18,55,39,0,0,3056,127,0,26,0,932,63,0,26,0,482,1,0,46,0,261,1,0,24,0,156,122,96,77,0,0,14,23,9,0,0,9,9,0,0
6,2,0,48,19,15,1,1.013513,0.992064,0.998467,8,0,334,100,100,0,0,0,0,2,4,-2,0,80,2,50,30,0,0,3044,100,0,20,0,934,73,0,20,0,441,0,0,22,0,272,0,0,1,0,147,101,4,46,0,0,18,11,7,0,0,7,7,0,0
6,2,1,51,19,15,1,1.015511,1.005238,1.003015,8,0,334,100,100,0,0,0,2,0,4,2,0,80,2,44,27,0,0,3044,98,0,18,0,934,68,0,18,0,441,1,0,20,0,272,0,0,2,0,147,123,8,47,0,0,13,10,9,0,0,9,9,0,0
6,2,2,54,19,15,1,1.007465,0.993744,1.001739,9,0,334,100,100,0,0,0,4,4,0,-2,0,80,2,57,39,0,0,3044,75,0,26,0,934,74,0,26,0,441,0,0,36,0,272,0,0,5,0,147,105,20,67,0,0,22,18,9,0,0,9,9,0,0
6,2,3,55,19,15,1,1.009319,0.993879,1.008223,9,0,334,100,100,0,0,0,-2,2,-2,0,0,80,2,63,45,0,0,3044,80,0,30,0,934,78,0,30,0,441,0,0,30,0,272,0,0,1,0,147,99,4,63,0,0,20,15,9,0,0,9,9,0,0
6,3,0,52,16,5,0,1.014061,0.993886,0.996669,15,0,334,100,100,0,0,0,0,4,8,0,0,76,11,55,36,0,0,3037,75,0,24,0,932,85,0,24,0,476,1,0,18,0,203,0,0,17,0,150,146,68,44,0,0,20,9,7,0,0,7,7,0,0
6,3,1,53,16,5,0,1.015769,1.006494,1.00254,17,0,334,100,100,0,0,0,4,0,8,4,0,76,11,41,27,0,0,3037,71,0,18,0,932,77,0,18,0,476,1,0,16,0,203,0,0,15,0,150,185,60,43,0,0,12,8,9,0,0,9,9,0,0
6,3,2,57,16,5,0,1.01469,0.989703,0.994222,16,0,334,100,100,0,0,0,8,8,0,-2,0,76,11,61,45,0,0,3037,17,0,30,0,932,89,0,30,0,476,1,0,20,0,203,0,0,14,0,150,153,56,53,0,0,23,10,9,0,0,9,9,0,0
6,3,3,57,16,5,0,1.013641,0.993646,1.009959,17,0,334,100,100,0,0,0,0,4,-2,0,0,76,11,62,42,0,0,3037,36,0,28,0,932,92,0,28,0,476,0,0,12,0,203,0,0,23,0,150,186,92,44,0,0,17,6,9,0,0,9,9,0,0
6,4,0,56,15,10,0,1.014765,0.991085,0.99342,21,0,334,100,100,0,0,0,0,4,10,2,0,76,1,52,33,0,0,2986,49,0,22,0,929,96,0,22,0,460,1,0,28,0,197,0,0,12,0,156,166,48,57,0,0,25,14,9,0,0,9,9,0,0
6,4,1,48,15,10,0,1.014846,1.008326,1.008367,26,0,334,100,100,0,0,0,4,0,10,6,0,76,1,38,27,0,0,2986,27,0,18,0,929,86,0,18,0,460,0,0,16,0,197,0,0,18,0,156,257,72,43,0,0,11,8,9,0,0,9,9,0,0
6,4,2,62,15,10,0,1.017486,0.988649,0.997252,25,0,334,100,100,0,0,0,10,10,0,-2,0,76,1,65,45,0,0,2986,0,0,30,0,929,110,0,30,0,460,0,0,20,0,197,0,0,24,0,156,234,96,53,0,0,24,10,9,0,0,9,9,0,0
6,4,3,58,15,10,0,1.009457,0.993805,1.010038,25,0,334,100,100,0,0,0,2,6,-2,0,0,76,1,66,45,0,0,2986,9,0,30,0,929,107,0,30,0,460,0,0,22,0,197,0,0,21,0,156,246,84,55,0,0,19,11,9,0,0,9,9,0,0
6,5,0,55,13,18,0,1.018118,0.990997,0.994217,29,0,334,100,100,0,0,0,0,4,12,4,0,72,0,45,33,0,0,2911,26,0,22,0,917,107,0,22,0,442,0,0,34,0,224,0,0,5,0,141,156,20,63,0,0,33,17,9,0,0,9,9,0,0
6,5,1,40,13,18,0,1.012241,1.00773,1.005136,34,0,334,100,100,0,0,0,4,0,12,8,0,72,0,39,30,0,0,2911,7,0,20,0,917,96,0,20,0,442,1,0,14,0,224,0,0,13,0,141,309,52,30,0,0,15,7,3,0,0,3,3,0,0
6,5,2,67,13,18,0,1.021583,0.988446,0.996795,34,0,334,100,100,0,0,0,12,12,0,-2,0,72,0,71,48,0,0,2911,1,0,32,0,917,135,0,32,0,442,0,0,30,0,224,0,0,16,0,141,282,64,64,0,0,30,15,9,0,0,9,9,0,0
6,5,3,57,13,18,0,1.014963,0.991294,1.006596,30,0,334,100,100,0,0,0,4,8,-2,0,0,72,0,66,42,0,0,2911,11,0,28,0,917,121,0,28,0,442,0,0,24,0,224,0,0,14,0,141,279,56,56,0,0,22,12,9,0,0,9,9,0,0
6,6,0,51,17,34,0,1.021895,0.995851,0.992862,36,0,334,100,100,0,0,0,0,4,14,6,0,72,0,50,33,0,0,2870,26,0,22,0,929,118,0,22,0,529,1,0,2,0,240,0,0,5,0,217,168,20,23,0,0,29,1,5,0,0,5,5,0,0
6,6,1,37,17,34,0,1.014508,1.003595,1.001147,32,0,334,100,100,0,0,0,4,0,14,10,0,72,0,49,33,0,0,2870,5,0,22,0,929,101,0,22,0,529,1,0,2,0,240,0,0,7,0,217,319,28,17,0,0,14,1,2,0,0,2,2,0,0
6,6,2,60,17,34,0,1.023019,0.984871,0.997285,33,1,459,100,100,0,0,0,14,14,0,0,0,72,0,71,51,0,0,2870,5,0,34,0,929,146,0,34,0,529,1,0,6,0,240,0,0,10,0,217,270,40,58,0,0,7,3,26,0,0,9,9,0,0
6,6,3,54,17,34,0,1.023409,0.986623,1.00337,33,1,459,100,100,0,0,0,6,10,0,0,0,72,0,70,42,0,0,2870,14,0,28,0,929,135,0,28,0,529,1,0,2,0,240,0,0,10,0,217,284,40,43,0,0,1,1,22,0,0,5,5,0,0
6,7,0,53,17,3,0,1.022093,0.996069,0.996023,39,0,334,100,100,0,0,0,0,4,14,8,0,68,6,50,33,0,0,2868,26,0,22,0,947,129,0,22,0,413,0,0,32,0,265,0,0,1,0,300,119,4,53,0,0,40,16,5,0,0,5,5,0,0
6,7,1,40,17,3,0,1.01663,1.002006,1.003581,34,0,334,100,100,0,0,0,4,0,16,12,0,68,6,61,36,0,0,2868,6,0,24,0,947,104,0,24,0,413,0,0,30,0,265,0,0,0,0,300,273,0,46,0,0,27,15,2,0,0,2,2,0,0
6,7,2,66,17,3,0,1.021899,0.985157,0.995573,42,1,459,100,100,0,0,0,14,16,0,2,0,68,6,79,51,0,0,2868,14,0,34,0,947,151,0,34,0,413,1,0,34,0,265,0,0,5,0,300,221,20,69,0,0,15,17,9,0,0,9,9,0,0
6,7,3,57,17,3,0,1.024374,0.98214,1.002506,37,1,459,100,100,0,0,0,8,12,2,0,0,68,6,81,51,0,0,2868,14,0,34,0,947,143,0,34,0,413,1,0,34,0,265,0,0,1,0,300,227,4,61,0,0,13,17,5,0,0,5,5,0,0
6,8,0,58,23,4,0,1.027054,0.992375,0.993143,44,0,334,100,100,0,0,0,0,4,16,10,0,68,5,49,33,0,0,2861,14,0,22,0,931,135,0,22,0,463,0,0,18,0,187,0,0,22,0,186,212,88,37,0,0,45,9,4,0,0,4,4,0,0
6,8,1,45,23,4,0,1.020398,1.00095,0.999983,36,1,459,100,100,0,0,0,4,0,18,14,0,68,5,70,36,0,0,2861,12,0,24,0,931,113,0,24,0,463,0,0,20,0,187,0,0,11,0,186,279,44,53,0,0,18,10,19,0,0,2,2,0,0
6,8,2,70,23,4,0,1.02447,0.986072,0.997826,50,1,459,100,100,0,0,0,16,18,0,2,0,68,5,80,51,0,0,2861,20,0,34,0,931,165,0,34,0,463,1,0,26,0,187,0,0,25,0,186,298,100,59,0,0,20,13,8,0,0,8,8,0,0
6,8,3,62,23,4,0,1.024764,0.981893,1.006042,42,1,459,100,100,0,0,0,10,14,2,0,0,68,5,91,51,0,0,2861,20,0,34,0,931,157,0,34,0,463,1,0,14,0,187,3,0,24,0,186,298,96,43,0,0,14,7,6,0,0,6,6,0,0
6,9,0,56,13,11,0,1.02657,0.992335,0.990907,47,1,459,100,100,0,0,0,0,4,18,12,0,64,2,49,39,0,0,2824,22,0,26,0,902,148,0,26,0,523,0,0,2,0,139,8,0,26,0,201,296,104,40,0,0,25,1,21,0,0,4,4,0,0
6,9,1,45,13,11,0,1.016772,1.00102,1.000906,36,1,459,100,100,0,0,0,4,0,20,16,1,64,2,73,36,0,0,2824,9,0,24,0,902,125,0,24,0,523,0,0,0,0,139,11,0,16,0,201,340,64,18,0,0,15,0,3,0,0,3,3,0,0
6,9,2,74,13,11,0,1.027283,0.982223,0.996458,57,2,584,100,100,0,0,0,18,20,0,2,1,64,2,71,48,0,0,2824,31,0,32,0,902,181,0,32,0,523,0,0,6,0,139,1,0,34,0,201,414,136,51,0,0,0,3,23,0,0,6,6,0,0
6,9,3,62,13,11,0,1.02772,0.980479,1.005402,47,1,459,100,100,0,0,0,12,16,2,0,0,64,2,92,48,0,0,2824,25,0,32,0,902,173,0,32,0,523,1,0,14,0,139,15,0,25,0,201,374,100,42,0,0,15,7,6,0,0,6,6,0,0
6,10,0,46,16,41,0,1.027382,0.985869,0.981337,40,1,459,100,100,0,0,0,0,4,20,14,1,64,0,42,30,0,0,2846,25,0,20,0,912,157,0,20,0,473,0,0,8,0,272,0,0,8,0,189,326,32,20,0,0,28,4,1,0,0,1,1,0,0
6,10,1,40,16,41,0,1.020613,0.991571,1.000668,32,1,459,100,100,0,0,0,4,0,22,18,1,64,0,71,30,0,0,2846,13,0,20,0,912,135,0,20,0,473,1,0,2,0,272,0,0,11,0,189,384,44,18,0,0,13,1,3,0,0,3,3,0,0
6,10,2,68,16,41,0,1.026493,0.976096,0.996814,55,2,584,100,100,0,0,0,20,22,0,4,2,64,0,58,45,0,0,2846,33,0,30,0,912,196,0,30,0,473,1,0,18,0,272,0,0,1,0,189,408,4,43,0,0,4,9,5,0,0,5,5,0,0
6,10,3,58,16,41,0,1.027999,0.977868,1.000101,48,2,584,100,100,0,0,0,14,18,4,0,0,64,0,83,39,0,0,2846,28,0,26,0,912,186,0,26,0,473,1,0,10,0,272,0,0,15,0,189,403,60,46,0,0,0,5,20,0,0,3,3,0,0
6,11,0,50,14,7,0,1.026678,0.985776,0.983376,41,1,459,100,100,0,0,0,0,4,22,16,1,60,1,44,30,0,0,2880,28,0,20,0,941,167,0,20,0,454,1,0,14,0,222,0,0,11,0,201,363,44,28,0,0,33,7,2,0,0,2,2,0,0
6,11,1,43,14,7,0,1.021236,0.989469,1.001597,35,2,584,100,100,0,0,0,4,0,24,20,2,60,1,75,33,0,0,2880,14,0,22,0,941,146,0,22,0,454,1,0,18,0,222,0,0,8,0,201,385,32,52,0,0,2,9,20,0,0,3,3,0,0
6,11,2,66,14,7,0,1.027437,0.973967,0.994592,59,2,584,100,100,0,0,0,22,24,0,6,2,60,1,49,39,0,0,2880,40,0,26,0,941,209,0,26,0,454,0,0,28,0,222,0,0,15,0,201,457,60,47,0,0,15,14,3,0,0,3,3,0,0
6,11,3,60,14,7,0,1.023994,0.975744,0.997321,50,2,584,100,100,0,0,0,16,20,6,0,1,60,1,74,36,0,0,2880,30,0,24,0,941,198,0,24,0,454,1,0,30,0,222,0,0,16,0,201,440,64,48,0,0,12,15,3,0,0,3,3,0,0
6,12,0,46,11,21,0,1.0348,0.984501,0.985407,40,2,584,100,100,0,0,0,0,4,24,18,1,60,1,39,30,0,0,2893,28,0,20,0,944,177,0,20,0,417,1,0,18,0,236,0,0,11,0,191,382,44,49,0,0,23,9,19,0,0,2,2,0,0
6,12,1,47,11,21,0,1.0263,0.986872,1.004541,38,2,584,100,100,0,0,0,4,0,26,22,2,60,1,80,36,0,0,2893,15,0,24,0,944,158,0,24,0,417,1,0,24,0,236,0,0,5,0,191,387,20,42,0,0,11,12,3,0,0,3,3,0,0
6,12,2,58,11,21,0,1.033931,0.974472,1.001363,51,2,584,100,100,0,0,0,24,26,0,8,2,60,1,43,33,0,0,2893,28,0,22,0,944,220,0,22,0,417,1,0,36,0,236,0,0,11,0,191,481,44,51,0,0,31,18,2,0,0,2,2,0,0
6,12,3,58,11,21,0,1.028516,0.970201,0.991859,50,2,584,100,100,0,0,0,18,22,8,0,1,60,1,66,36,0,0,2893,33,0,24,0,944,210,0,24,0,417,1,0,42,0,236,0,0,9,0,191,437,36,60,0,0,30,21,3,0,0,3,3,0,0
6,13,0,40,10,25,0,1.034825,0.978846,0.989541,36,2,584,100,100,0,0,0,0,6,26,20,2,56,0,36,27,0,0,2912,21,0,18,0,947,186,0,18,0,476,0,0,14,0,214,0,0,13,0,210,424,52,25,0,0,29,7,1,0,0,1,1,0,0
6,13,1,49,10,25,0,1.034897,0.987181,1.004582,39,2,584,100,100,0,0,0,6,0,28,24,2,56,0,85,42,0,0,2912,14,0,28,0,947,172,0,28,0,476,1,0,14,0,214,0,0,7,0,210,399,28,34,0,0,15,7,3,0,0,3,3,0,0
6,13,2,45,10,25,0,1.024516,0.976121,1.002365,43,3,709,100,100,0,0,0,26,28,0,10,2,56,0,41,33,0,0,2912,17,0,22,0,947,231,0,22,0,476,0,0,20,0,214,0,0,15,0,210,509,60,50,0,0,23,10,18,0,0,1,1,0,0
6,13,3,60,10,25,0,1.028244,0.970222,0.990506,52,3,709,100,100,0,0,0,20,24,10,0,2,56,0,59,39,0,0,2912,31,0,26,0,947,223,0,26,0,476,0,0,22,0,214,0,0,21,0,210,484,84,58,0,0,21,11,20,0,0,3,3,0,0
6,14,0,38,15,14,0,1.032225,0.981457,0.991191,34,2,584,100,100,0,0,0,0,10,28,22,2,56,0,34,24,0,0,2903,23,0,16,0,953,194,0,16,0,411,0,0,16,0,272,0,0,0,0,222,414,0,28,0,0,35,8,2,0,0,2,2,0,0
6,14,1,49,15,14,0,1.034714,0.987129,0.993719,39,2,584,100,100,0,0,0,10,0,30,26,2,56,0,82,33,0,0,2903,23,0,22,0,953,183,0,22,0,411,1,0,36,0,272,0,0,0,0,222,364,0,53,0,0,30,18,3,0,0,3,3,0,0
6,14,2,47,15,14,0,1.013253,0.979916,1.00268,42,3,709,100,100,0,0,0,28,30,0,10,2,56,0,39,27,0,0,2903,21,0,18,0,953,240,0,18,0,411,0,0,36,0,272,0,0,0,0,222,482,0,45,0,0,41,18,0,0,0,0,0,0,0
6,14,3,61,15,14,0,1.024959,0.9704,0.990379,52,3,709,100,100,0,0,0,22,26,10,0,2,56,0,53,39,0,0,2903,34,0,26,0,953,230,0,26,0,411,1,0,44,0,272,0,0,0,0,222,433,0,63,0,0,40,22,3,0,0,3,3,0,0
6,15,0,38,6,8,0,1.033154,0.982982,0.993187,35,2,584,100,100,0,0,0,0,12,30,24,2,52,11,29,24,0,0,2926,23,0,16,0,969,202,0,16,0,499,1,0,6,0,163,0,0,15,0,213,476,60,16,0,0,37,3,1,0,0,1,1,0,0
6,15,1,49,6,8,0,1.035813,0.984089,0.991245,41,2,584,100,100,0,0,0,12,0,32,28,2,52,11,75,33,0,0,2926,26,0,22,0,969,192,0,22,0,499,1,0,4,0,163,6,0,24,0,213,463,96,21,0,0,29,2,3,0,0,3,3,0,0
6,15,2,48,6,8,0,1.01118,0.97763,1.002812,42,3,709,100,100,0,0,0,30,32,0,10,2,52,11,34,30,0,0,2926,13,0,20,0,969,247,0,20,0,499,0,0,20,0,163,6,0,20,0,213,552,80,34,0,0,49,10,2,0,0,2,2,0,0
6,15,3,58,6,8,0,1.023286,0.97247,0.990568,54,3,709,100,100,0,0,0,24,28,10,0,2,52,11,45,39,0,0,2926,31,0,26,0,969,238,0,26,0,499,1,0,14,0,163,9,0,26,0,213,524,104,31,0,0,45,7,2,0,0,2,2,0,0
6,16,0,25,4,58,0,1.03684,0.974517,0.981648,23,3,709,100,100,0,0,0,0,16,32,26,2,52,0,30,24,0,0,2929,14,0,16,0,959,210,0,16,0,479,1,0,0,0,249,0,0,6,0,234,485,24,27,0,0,19,0,18,0,0,1,1,0,0
6,16,1,41,4,58,0,1.032963,0.973702,0.989783,36,3,709,100,100,0,0,0,16,0,36,30,2,52,0,69,33,0,0,2929,23,0,22,0,959,203,0,22,0,479,0,0,6,0,249,0,0,9,0,234,482,36,38,0,0,13,3,19,0,0,2,2,0,0
6,16,2,36,4,58,0,1.017949,0.967211,1.002188,32,3,709,100,100,0,0,0,32,36,0,12,2,52,0,31,27,0,0,2929,15,0,18,0,959,256,0,18,0,479,1,0,8,0,249,0,0,12,0,234,600,48,21,0,0,51,4,2,0,0,2,2,0,0
6,16,3,37,4,58,0,1.027385,0.96891,1.00217,36,3,709,100,100,0,0,0,26,30,12,0,2,52,0,41,36,0,0,2929,18,0,24,0,959,250,0,24,0,479,0,0,10,0,249,0,0,17,0,234,577,68,24,0,0,49,5,1,0,0,1,1,0,0
6,17,0,28,13,1,0,1.034743,0.978842,0.980666,24,3,709,100,100,0,0,0,0,16,34,28,2,48,3,40,24,0,0,2974,15,0,16,0,968,215,0,16,0,494,0,0,6,0,272,0,0,0,0,240,478,0,16,0,0,21,3,1,0,0,1,1,0,0
6,17,1,43,13,1,0,1.028871,0.97639,0.988599,37,3,709,100,100,0,0,0,16,0,40,32,2,48,3,75,36,0,0,2974,18,0,24,0,968,215,0,24,0,494,0,0,12,0,272,0,0,0,0,240,478,0,28,0,0,17,6,2,0,0,2,2,0,0
6,17,2,38,13,1,0,1.020382,0.967034,1.003218,34,3,709,100,100,0,0,0,34,40,0,12,2,48,3,34,27,0,0,2974,18,0,18,0,968,265,0,18,0,494,0,0,16,0,272,0,0,0,0,240,594,0,27,0,0,58,8,1,0,0,1,1,0,0
6,17,3,42,13,1,0,1.028155,0.970629,1.000975,37,3,709,100,100,0,0,0,28,32,12,0,2,48,3,51,36,0,0,2974,21,0,24,0,968,262,0,24,0,494,0,0,18,0,272,0,0,0,0,240,553,0,30,0,0,58,9,0,0,0,0,0,0,0
6,18,0,31,8,5,0,1.030946,0.980206,0.980254,25,3,709,100,100,0,0,0,0,16,36,30,2,48,1,47,27,0,0,2956,18,0,18,0,953,224,0,18,0,458,0,0,12,0,271,0,0,0,0,237,462,0,25,0,0,25,6,2,0,0,2,2,0,0
6,18,1,43,8,5,0,1.030646,0.975443,0.995034,38,3,709,100,100,0,0,0,16,0,42,34,2,48,1,84,42,0,0,2956,14,0,28,0,953,229,0,28,0,458,0,0,18,0,271,0,0,0,0,237,466,0,36,0,0,24,9,2,0,0,2,2,0,0
6,18,2,37,8,5,0,1.020526,0.964631,1.001948,34,3,709,100,100,0,0,0,36,42,0,12,2,48,1,35,24,0,0,2956,20,0,16,0,953,273,0,16,0,458,0,0,26,0,271,0,0,1,0,237,583,4,36,0,0,70,13,1,0,0,1,1,0,0
6,18,3,43,8,5,0,1.028829,0.970754,1.000901,36,3,709,100,100,0,0,0,30,34,12,0,2,48,1,57,39,0,0,2956,25,0,26,0,953,275,0,26,0,458,1,0,20,0,271,0,0,0,0,237,525,0,37,0,0,66,10,2,0,0,2,2,0,0
6,19,0,26,7,18,0,1.027657,0.981934,0.975588,24,3,709,100,100,0,0,0,0,18,38,32,2,44,2,42,21,0,0,2949,25,0,14,0,947,231,0,14,0,509,1,0,2,0,248,0,0,0,0,237,460,0,11,0,0,25,1,1,0,0,1,1,0,0
6,19,1,41,7,18,0,1.033175,0.978255,0.993791,36,3,709,100,100,0,0,0,18,0,46,36,2,44,2,81,33,0,0,2949,20,0,22,0,947,240,0,22,0,509,1,0,8,0,248,0,0,2,0,237,477,8,21,0,0,27,4,1,0,0,1,1,0,0
6,19,2,36,7,18,0,1.022804,0.964521,1.001944,34,4,834,100,100,0,0,0,38,46,0,14,2,44,2,34,24,0,0,2949,26,0,16,0,947,281,0,16,0,509,0,0,6,0,248,0,0,11,0,237,612,44,33,0,0,55,3,18,0,0,1,1,0,0
6,19,3,40,7,18,0,1.031482,0.984033,0.999609,34,3,709,100,100,0,0,0,32,36,14,0,2,44,2,61,36,0,0,2949,27,0,24,0,947,287,0,24,0,509,1,0,6,0,248,0,0,8,0,237,544,32,22,0,0,67,3,2,0,0,2,2,0,0
6,20,0,26,6,5,0,1.03207,0.98706,0.975777,23,3,709,100,100,0,0,0,0,18,40,34,2,44,4,41,18,0,0,2978,24,0,12,0,974,237,0,12,0,482,1,0,4,0,270,0,0,2,0,234,468,8,12,0,0,26,2,1,0,0,1,1,0,0
6,20,1,41,6,5,0,1.034138,0.97707,0.995468,36,3,709,100,100,0,0,0,18,0,50,38,2,44,4,76,30,0,0,2978,25,0,20,0,974,250,0,20,0,482,1,0,18,0,270,0,0,0,0,234,472,0,32,0,0,34,9,2,0,0,2,2,0,0
6,20,2,35,6,5,0,1.021341,0.966125,1.004001,34,4,834,100,100,0,0,0,40,50,0,16,2,44,4,30,21,0,0,2978,25,0,14,0,974,288,0,14,0,482,1,0,20,0,270,0,0,0,0,234,603,0,27,0,0,65,10,0,0,0,0,0,0,0
6,20,3,42,6,5,0,1.033501,0.985825,0.995744,36,3,709,100,100,0,0,0,34,38,16,0,2,44,4,67,36,0,0,2978,30,0,24,0,974,299,0,24,0,482,0,0,20,0,270,0,0,0,0,234,517,0,36,0,0,75,10,2,0,0,2,2,0,0
6,21,0,25,8,7,0,1.036115,0.986673,0.97427,22,3,709,100,100,0,0,0,0,20,42,36,3,40,3,41,21,0,0,2986,25,0,14,0,977,244,0,14,0,496,0,0,4,0,269,0,0,0,0,232,461,0,13,0,0,27,2,1,0,0,1,1,0,0
6,21,1,44,8,7,0,1.032814,0.973636,0.999037,38,3,709,100,100,0,0,0,20,0,54,40,3,40,3,73,30,0,0,2986,25,0,20,0,977,260,0,20,0,496,1,0,12,0,269,0,0,0,0,232,473,0,26,0,0,38,6,2,0,0,2,2,0,0
6,21,2,35,8,7,0,1.020159,0.969395,1.004515,34,4,834,100,100,0,0,0,42,54,0,18,2,40,3,29,21,0,0,2986,22,0,14,0,977,295,0,14,0,496,1,0,18,0,269,0,0,3,0,232,610,12,25,0,0,74,9,0,0,0,0,0,0,0
6,21,3,41,8,7,0,1.03816,0.985278,0.995987,35,3,709,100,100,0,0,0,36,40,18,0,2,40,3,67,33,0,0,2986,32,0,22,0,977,310,0,22,0,496,1,0,14,0,269,0,0,0,0,232,493,0,27,0,0,81,7,1,0,0,1,1,0,0
6,22,0,26,7,5,0,1.032168,0.985496,0.973105,23,3,709,100,100,0,0,0,0,22,44,38,3,40,2,49,24,0,0,2985,23,0,16,0,977,252,0,16,0,475,1,0,2,0,272,0,0,0,0,262,453,0,12,0,0,27,1,1,0,0,1,1,0,0
6,22,1,46,7,5,0,1.031085,0.976154,1.00069,40,3,709,100,100,0,0,0,22,0,58,42,3,40,2,69,30,0,0,2985,28,0,20,0,977,270,0,20,0,475,0,0,22,0,272,0,0,0,0,262,455,0,36,0,0,47,11,2,0,0,2,2,0,0
6,22,2,32,7,5,0,1.023541,0.976738,1.006136,29,4,834,100,100,0,0,0,44,58,0,20,3,40,2,31,21,0,0,2985,16,0,14,0,977,302,0,14,0,475,0,0,22,0,272,0,0,0,0,262,590,0,31,0,0,84,11,1,0,0,1,1,0,0
6,22,3,43,7,5,0,1.036309,0.985269,0.997329,36,3,709,100,100,0,0,0,38,42,20,0,3,40,2,69,36,0,0,2985,30,0,24,0,977,322,0,24,0,475,1,0,24,0,272,0,0,0,0,262,456,0,42,0,0,90,12,3,0,0,3,3,0,0
6,23,0,26,7,3,0,1.030187,0.988466,0.973934,23,3,709,100,100,0,0,0,0,24,46,40,3,36,0,55,24,0,0,2976,20,0,16,0,971,260,0,16,0,475,1,0,6,0,272,0,0,0,0,300,437,0,16,0,0,29,3,1,0,0,1,1,0,0
6,23,1,47,7,3,0,1.034277,0.976985,0.997618,41,3,709,100,100,0,0,0,24,0,60,44,3,36,0,62,30,0,0,2976,31,0,20,0,971,280,0,20,0,475,0,0,18,0,272,0,0,0,0,300,423,0,32,0,0,54,9,2,0,0,2,2,0,0
6,23,2,33,7,3,0,1.023004,0.978068,1.008987,30,4,834,100,100,0,0,0,46,60,0,22,3,36,0,34,24,0,0,2976,14,0,16,0,971,310,0,16,0,475,0,0,18,0,272,0,0,0,0,300,562,0,28,0,0,92,9,1,0,0,1,1,0,0
6,23,3,45,7,3,0,1.037287,0.987473,0.998214,39,3,709,100,100,0,0,0,40,44,22,0,3,36,0,73,39,0,0,2976,28,0,26,0,971,335,0,26,0,475,1,0,24,0,272,0,0,0,0,300,415,0,41,0,0,100,12,2,0,0,2,2,0,0
6,24,0,28,9,3,0,1.028396,0.983325,0.976565,23,3,709,100,100,0,0,0,0,24,48,42,3,36,2,58,21,0,0,2962,25,0,14,0,965,267,0,14,0,544,1,0,0,0,211,0,0,3,0,228,449,12,9,0,0,28,0,1,0,0,1,1,0,0
6,24,1,48,9,3,0,1.035036,0.979961,0.996862,42,3,709,100,100,0,0,0,24,0,62,46,3,36,2,56,30,0,0,2962,31,0,20,0,965,290,0,20,0,544,0,0,0,0,211,0,0,15,0,228,502,60,14,0,0,52,0,2,0,0,2,2,0,0
6,24,2,35,9,3,0,1.024161,0.980157,1.005912,31,4,834,100,100,0,0,0,48,62,0,24,3,36,2,33,24,0,0,2962,17,0,16,0,965,318,0,16,0,544,0,0,0,0,211,4,0,17,0,228,638,68,10,0,0,91,0,1,0,0,1,1,0,0
6,24,3,46,9,3,0,1.035231,0.984154,0.999069,40,3,709,100,100,0,0,0,42,46,24,0,3,36,2,77,42,0,0,2962,29,0,28,0,965,349,0,28,0,544,1,0,0,0,211,0,0,22,0,228,494,88,18,0,0,98,0,2,0,0,2,2,0,0
6,25,0,29,7,3,0,1.0314,0.981802,0.978661,24,3,709,100,100,0,0,0,0,24,50,44,3,32,0,59,21,0,0,2956,28,0,14,0,995,271,0,14,0,480,1,0,6,0,262,0,0,2,0,228,452,8,17,0,0,29,3,2,0,0,2,2,0,0
6,25,1,49,7,3,0,1.038078,0.978964,0.995364,43,3,709,100,100,0,0,0,24,0,64,48,3,32,0,50,33,0,0,2956,32,0,22,0,995,286,0,22,0,480,0,0,20,0,262,0,0,0,0,228,500,0,35,0,0,60,10,2,0,0,2,2,0,0
6,25,2,37,7,3,0,1.024104,0.977886,1.002658,32,4,834,100,100,0,0,0,50,64,0,26,3,32,0,34,27,0,0,2956,18,0,18,0,995,324,0,18,0,480,0,0,20,0,262,0,0,8,0,228,655,32,33,0,0,99,10,2,0,0,2,2,0,0
6,25,3,46,7,3,0,1.035423,0.981825,0.994938,40,3,709,100,100,0,0,0,44,48,26,0,3,32,0,79,42,0,0,2956,29,0,28,0,995,348,0,28,0,480,0,0,16,0,262,0,0,4,0,228,485,16,34,0,0,104,8,2,0,0,2,2,0,0
6,26,0,29,4,4,0,1.0314,0.981802,0.978661,26,3,709,100,100,0,0,0,0,26,52,46,3,32,0,60,24,0,0,3003,17,0,16,0,956,279,0,16,0,508,0,0,4,0,237,0,0,6,0,176,481,24,16,0,0,29,2,2,0,0,2,2,0,0
6,26,1,50,4,4,0,1.040089,0.977984,0.996116,45,3,709,100,100,0,0,0,26,0,66,50,3,32,0,40,33,0,0,3003,22,0,22,0,956,297,0,22,0,508,0,0,12,0,237,0,0,11,0,176,563,44,27,0,0,64,6,2,0,0,2,2,0,0
6,26,2,36,4,4,0,1.026673,0.975567,1.003074,33,4,834,100,100,0,0,0,52,66,0,26,3,32,0,34,30,0,0,3003,7,0,20,0,956,334,0,20,0,508,1,0,8,0,237,0,0,9,0,176,698,36,20,0,0,102,4,1,0,0,1,1,0,0
6,26,3,46,4,4,0,1.040338,0.982107,0.995595,40,3,709,100,100,0,0,0,46,50,26,0,3,32,0,83,45,0,0,3003,6,0,30,0,956,363,0,30,0,508,1,0,8,0,237,0,0,9,0,176,521,36,27,0,0,106,4,2,0,0,2,2,0,0
6,27,0,29,2,11,0,1.032892,0.981803,0.983094,27,3,709,100,100,0,0,0,0,28,54,48,3,28,0,61,24,0,0,2908,26,0,16,0,1051,269,0,16,0,505,0,0,6,0,242,0,0,3,0,294,477,12,16,0,0,31,3,1,0,0,1,1,0,0
6,27,1,43,2,11,0,1.041266,0.972175,0.998927,42,3,709,100,100,0,0,0,28,0,68,54,3,28,0,34,30,0,0,2908,31,0,20,0,1051,295,0,20,0,505,0,0,8,0,242,0,0,9,0,294,582,36,20,0,0,67,4,1,0,0,1,1,0,0
6,27,2,35,2,11,0,1.0287,0.978356,1.004067,34,5,959,100,100,0,0,0,54,68,0,28,3,28,0,33,27,0,0,2908,18,0,18,0,1051,321,0,18,0,505,0,0,12,0,242,0,0,9,0,294,697,36,40,0,0,90,6,18,0,0,1,1,0,0
6,27,3,45,2,11,0,1.044705,0.983637,0.99376,40,3,709,100,100,0,0,0,48,54,28,0,3,28,0,86,45,0,0,2908,21,0,30,0,1051,341,0,30,0,505,1,0,14,0,242,0,0,9,0,294,524,36,33,0,0,111,7,2,0,0,2,2,0,0
6,28,0,26,1,14,0,1.032461,0.983366,0.98415,25,3,709,100,100,0,0,0,0,30,56,50,3,28,0,61,24,0,0,2970,20,0,16,0,958,277,0,16,0,493,0,0,6,0,269,0,0,3,0,237,482,12,16,0,0,33,3,1,0,0,1,1,0,0
6,28,1,37,1,14,0,1.039473,0.971998,0.992668,36,3,709,100,100,0,0,0,30,0,70,58,3,28,0,30,27,0,0,2970,27,0,18,0,958,302,0,18,0,493,0,0,6,0,269,0,0,0,0,237,591,0,15,0,0,70,3,0,0,0,0,0,0,0
6,28,2,34,1,14,0,1.026365,0.980506,1.004655,34,5,959,100,100,0,0,0,56,70,0,32,3,28,0,33,27,0,0,2970,18,0,18,0,958,330,0,18,0,493,0,0,18,0,269,0,0,0,0,237,688,0,27,0,0,99,9,0,0,0,0,0,0,0
6,28,3,42,1,14,0,1.046194,0.983184,0.996779,39,3,709,100,100,0,0,0,50,58,32,0,3,28,0,89,45,0,0,2970,15,0,30,0,958,356,0,30,0,493,0,0,22,0,269,0,0,0,0,237,495,0,41,0,0,120,11,2,0,0,2,2,0,0
6,29,0,24,3,9,0,1.027258,0.987053,0.988083,24,3,709,100,100,0,0,0,0,32,58,52,3,24,0,64,24,0,0,2979,14,0,16,0,971,285,0,16,0,490,1,0,8,0,272,0,0,0,0,234,475,0,16,0,0,37,4,0,0,0,0,0,0,0
6,29,1,33,3,9,0,1.036146,0.975772,0.995939,32,4,834,100,100,0,0,0,32,0,72,62,3,24,0,25,21,0,0,2979,31,0,14,0,971,309,0,14,0,490,0,0,6,0,272,0,0,0,0,234,586,0,32,0,0,55,3,18,0,0,1,1,0,0
6,29,2,34,3,9,0,1.025527,0.977789,1.004017,33,5,959,100,100,0,0,0,58,72,0,36,3,24,0,33,27,0,0,2979,15,0,18,0,971,339,0,18,0,490,0,0,18,0,272,0,0,0,0,234,679,0,27,0,0,108,9,0,0,0,0,0,0,0
6,29,3,42,3,9,0,1.045315,0.988417,0.992905,39,3,709,100,100,0,0,0,52,62,36,0,3,24,0,92,42,0,0,2979,17,0,28,0,971,370,0,28,0,490,1,0,20,0,272,0,0,0,0,234,468,0,36,0,0,129,10,1,0,0,1,1,0,0
6,30,0,23,2,14,0,1.027228,0.984146,0.988307,23,3,709,100,100,0,0,0,0,36,60,54,3,24,0,68,24,0,0,3000,11,0,16,0,974,293,0,16,0,481,0,0,10,0,272,0,0,0,0,249,466,0,18,0,0,42,5,0,0,0,0,0,0,0
6,30,1,26,2,14,0,1.029239,0.982748,1.00008,25,4,834,100,100,0,0,0,36,0,74,66,3,24,0,29,21,0,0,3000,19,0,14,0,974,316,0,14,0,481,0,0,6,0,272,0,0,0,0,249,588,0,13,0,0,58,3,0,0,0,0,0,0,0
6,30,2,32,2,14,0,1.022854,0.981466,1.005549,32,5,959,100,100,0,0,0,60,74,0,40,3,24,0,34,27,0,0,3000,12,0,18,0,974,348,0,18,0,481,1,0,20,0,272,0,0,0,0,249,668,0,29,0,0,118,10,0,0,0,0,0,0,0
6,30,3,40,2,14,0,1.050595,0.993369,0.990134,37,3,709,100,100,0,0,0,54,66,40,0,3,24,0,90,36,0,0,3000,21,0,24,0,974,382,0,24,0,481,0,0,28,0,272,0,0,0,0,249,435,0,42,0,0,142,14,1,0,0,1,1,0,0
6,31,0,22,2,1,0,1.028176,0.983878,0.990389,22,3,709,100,100,0,0,0,0,38,64,56,3,20,2,68,21,0,0,3007,13,0,14,0,1004,294,0,14,0,513,1,0,2,0,251,0,0,5,0,246,486,20,9,0,0,43,1,0,0,0,0,0,0,0
6,31,1,27,2,1,0,1.030689,0.986071,1.003743,25,4,834,100,100,0,0,0,38,0,76,70,3,20,2,30,21,0,0,3007,19,0,14,0,1004,317,0,14,0,513,0,0,2,0,251,0,0,2,0,246,603,8,11,0,0,58,1,1,0,0,1,1,0,0
6,31,2,32,2,1,0,1.022854,0.981466,1.005549,32,5,959,100,100,0,0,0,64,76,0,42,3,20,2,34,27,0,0,3007,12,0,18,0,1004,354,0,18,0,513,1,0,10,0,251,0,0,10,0,246,707,40,19,0,0,123,5,0,0,0,0,0,0,0
6,31,3,41,2,1,0,1.053237,0.994382,0.989095,38,3,709,100,100,0,0,0,56,70,42,0,3,20,2,87,36,0,0,3007,21,0,24,0,1004,385,0,24,0,513,0,0,16,0,251,0,0,4,0,246,430,16,30,0,0,149,8,1,0,0,1,1,0,0
6,32,0,23,4,3,0,1.03318,0.9813,0.997383,21,3,709,100,100,0,0,0,0,40,68,58,3,20,0,71,21,0,0,3008,10,0,14,0,980,301,0,14,0,497,1,0,6,0,272,0,0,0,0,246,482,0,13,0,0,46,3,0,0,0,0,0,0,0
6,32,1,27,4,3,0,1.034655,0.983947,1.005479,25,4,834,100,100,0,0,0,40,0,78,74,3,20,0,28,18,0,0,3008,21,0,12,0,980,323,0,12,0,497,0,0,6,0,272,0,0,0,0,246,607,0,14,0,0,60,3,1,0,0,1,1,0,0
6,32,2,33,4,3,0,1.02055,0.982742,1.003732,32,5,959,100,100,0,0,0,68,78,0,44,3,20,0,34,27,0,0,3008,12,0,18,0,980,363,0,18,0,497,0,0,16,0,272,0,0,0,0,246,700,0,25,0,0,131,8,0,0,0,0,0,0,0
6,32,3,40,4,3,0,1.054315,0.9955,0.987108,38,3,709,100,100,0,0,0,58,74,44,0,3,20,0,89,39,0,0,3008,19,0,26,0,980,398,0,26,0,497,1,0,16,0,272,0,0,0,0,246,408,0,31,0,0,156,8,1,0,0,1,1,0,0
6,33,0,23,1,4,0,1.03318,0.9813,0.997383,21,3,709,100,100,0,0,0,0,42,70,60,3,20,2,70,21,0,0,3007,10,0,14,0,983,308,0,14,0,544,1,0,0,0,200,0,0,12,0,261,530,48,9,0,0,45,0,1,0,0,1,1,0,0
6,33,1,24,1,4,0,1.040462,0.976831,1.013156,23,4,834,100,100,0,0,0,42,0,80,78,3,20,2,21,15,0,0,3007,20,0,10,0,983,328,0,10,0,544,0,0,0,0,200,0,0,6,0,261,636,24,7,0,0,59,0,1,0,0,1,1,0,0
6,33,2,33,1,4,0,1.02055,0.982742,1.003732,32,5,959,100,100,0,0,0,70,80,0,44,3,20,2,34,27,0,0,3007,12,0,18,0,983,372,0,18,0,544,0,0,0,0,200,8,0,16,0,261,765,64,11,0,0,130,0,1,0,0,1,1,0,0
6,33,3,40,1,4,0,1.054742,0.994375,0.985737,38,3,709,100,100,0,0,0,60,78,44,0,3,20,2,93,39,0,0,3007,16,0,26,0,983,411,0,26,0,544,1,0,0,0,200,10,0,17,0,261,467,68,15,0,0,155,0,1,0,0,1,1,0,0
6,34,0,24,4,9,0,1.031239,0.980265,0.999584,22,3,709,100,100,0,0,0,0,44,74,62,3,20,0,71,21,0,0,3012,10,0,14,0,986,315,0,14,0,538,1,0,0,0,226,0,0,12,0,246,581,48,9,0,0,44,0,1,0,0,1,1,0,0
6,34,1,21,4,9,0,1.041448,0.96566,1.009654,20,4,834,100,100,0,0,0,44,0,82,82,3,20,0,22,15,0,0,3012,17,0,10,0,986,333,0,10,0,538,0,0,0,0,226,0,0,3,0,246,658,12,5,0,0,59,0,0,0,0,0,0,0,0
6,34,2,30,4,9,0,1.013817,0.986598,1.003554,29,6,1084,100,100,0,0,0,74,82,0,44,3,20,0,34,27,0,0,3012,12,0,18,0,986,381,0,18,0,538,0,0,0,0,226,1,0,15,0,246,814,60,26,0,0,113,0,17,0,0,0,0,0,0
6,34,3,40,4,9,0,1.055899,0.995776,0.98665,39,3,709,100,100,0,0,0,62,82,44,0,3,20,0,96,39,0,0,3012,16,0,26,0,986,424,0,26,0,538,1,0,0,0,226,13,0,17,0,246,531,68,13,0,0,155,0,0,0,0,0,0,0,0
6,35,0,24,1,1,0,1.031239,0.980265,0.999584,23,3,709,100,100,0,0,0,0,46,76,64,3,20,2,71,21,0,0,3017,10,0,14,0,983,322,0,14,0,513,0,0,8,0,261,0,0,5,0,248,595,20,17,0,0,47,4,1,0,0,1,1,0,0
6,35,1,22,1,1,0,1.044285,0.965953,1.012819,20,4,834,100,100,0,0,0,46,0,84,86,3,20,2,22,15,0,0,3017,17,0,10,0,983,338,0,10,0,513,0,0,2,0,261,0,0,1,0,248,669,4,9,0,0,59,1,1,0,0,1,1,0,0
6,35,2,29,1,1,0,1.015119,0.98235,1.004211,28,6,1084,100,100,0,0,0,76,84,0,44,3,20,2,37,27,0,0,3017,12,0,18,0,983,390,0,18,0,513,1,0,10,0,261,0,0,1,0,248,810,4,21,0,0,117,5,1,0,0,1,1,0,0
6,35,3,40,1,1,0,1.055899,0.995776,0.98665,39,3,709,100,100,0,0,0,64,86,44,0,3,20,2,101,42,0,0,3017,14,0,28,0,983,438,0,28,0,513,0,0,12,0,261,1,0,17,0,248,580,68,28,0,0,160,6,1,0,0,1,1,0,0
6,36,0,22,2,5,0,1.024536,0.977556,0.997832,22,4,834,100,100,0,0,0,0,46,78,66,3,20,1,66,15,0,0,3012,14,0,10,0,983,327,0,10,0,524,1,0,2,0,246,0,0,12,0,246,631,48,24,0,0,31,1,17,0,0,0,0,0,0
6,36,1,22,2,5,0,1.049102,0.965092,1.012916,20,4,834,100,100,0,0,0,46,0,86,90,3,20,1,19,15,0,0,3012,17,0,10,0,983,343,0,10,0,524,1,0,2,0,246,0,0,0,0,246,678,0,9,0,0,59,1,1,0,0,1,1,0,0
6,36,2,29,2,5,0,1.017613,0.983958,0.999945,28,6,1084,100,100,0,0,0,78,86,0,44,3,20,1,40,27,0,0,3012,12,0,18,0,983,399,0,18,0,524,1,0,0,0,246,0,0,12,0,246,864,48,9,0,0,117,0,0,0,0,0,0,0,0
6,36,3,39,2,5,0,1.056624,0.996655,0.985043,39,3,709,100,100,0,0,0,66,90,44,0,3,20,1,106,42,0,0,3012,11,0,28,0,983,452,0,28,0,524,0,0,14,0,246,0,0,1,0,246,565,4,28,0,0,167,7,0,0,0,0,0,0,0
6,37,0,20,0,5,0,1.022504,0.97842,1.003305,20,4,834,100,100,0,0,0,0,48,80,68,3,20,1,58,9,0,0,3019,18,0,6,0,989,330,0,6,0,529,0,0,4,0,231,0,0,12,0,246,684,48,7,0,0,33,2,0,0,0,0,0,0,0
6,37,1,21,0,5,0,1.04652,0.962744,1.012823,21,4,834,100,100,0,0,0,48,0,88,94,3,20,1,18,15,0,0,3019,17,0,10,0,989,348,0,10,0,529,1,0,0,0,231,0,0,3,0,246,703,12,5,0,0,59,0,0,0,0,0,0,0,0
6,37,2,29,0,5,0,1.017613,0.983958,0.999945,28,6,1084,100,100,0,0,0,80,88,0,46,3,20,1,43,27,0,0,3019,15,0,18,0,989,408,0,18,0,529,1,0,6,0,231,0,0,6,0,246,886,24,17,0,0,119,3,1,0,0,1,1,0,0
6,37,3,37,0,5,0,1.052459,1.000196,0.985393,37,4,834,100,100,0,0,0,68,94,46,0,3,20,1,110,39,0,0,3019,10,0,26,0,989,465,0,26,0,529,0,0,6,0,231,5,0,15,0,246,598,60,36,0,0,153,3,17,0,0,0,0,0,0
6,38,0,18,2,6,0,1.030041,0.983617,1.007763,17,4,834,100,100,0,0,0,0,48,82,70,3,20,1,49,9,0,0,3036,18,0,6,0,1055,324,0,6,0,525,1,0,4,0,238,0,0,6,0,246,707,24,7,0,0,35,2,0,0,0,0,0,0,0
6,38,1,19,2,6,0,1.038554,0.96618,1.00632,19,5,959,100,100,0,0,0,48,0,90,98,3,20,1,18,15,0,0,3036,14,0,10,0,1055,344,0,10,0,525,1,0,0,0,238,0,0,0,0,246,699,0,22,0,0,42,0,17,0,0,0,0,0,0
6,38,2,30,2,6,0,1.016739,0.980054,0.996067,29,6,1084,100,100,0,0,0,82,90,0,46,3,20,1,44,27,0,0,3036,15,0,18,0,1055,402,0,18,0,525,1,0,4,0,238,0,0,8,0,246,920,32,13,0,0,121,2,0,0,0,0,0,0,0
6,38,3,36,2,6,0,1.05193,1.004043,0.986132,36,4,834,100,100,0,0,0,70,98,46,0,3,20,1,110,36,0,0,3036,12,0,24,0,1055,456,0,24,0,525,1,0,8,0,238,8,0,15,0,246,647,60,20,0,0,157,4,0,0,0,0,0,0,0
6,39,0,18,5,1,0,1.021069,0.985658,1.003753,16,4,834,100,100,0,0,0,0,50,84,72,3,20,1,44,9,0,0,3036,18,0,6,0,1001,327,0,6,0,506,0,0,8,0,272,0,0,0,0,270,697,0,13,0,0,38,4,1,0,0,1,1,0,0
6,39,1,20,5,1,0,1.037851,0.964597,1.010508,19,5,959,100,100,0,0,0,50,0,92,100,3,20,1,21,15,0,0,3036,14,0,10,0,1001,349,0,10,0,506,1,0,0,0,272,0,0,0,0,270,706,0,5,0,0,42,0,0,0,0,0,0,0,0
6,39,2,31,5,1,0,1.014726,0.984522,0.99747,29,6,1084,100,100,0,0,0,84,92,0,46,3,20,1,45,27,0,0,3036,15,0,18,0,1001,411,0,18,0,506,1,0,10,0,272,0,0,0,0,270,908,0,21,0,0,125,5,1,0,0,1,1,0,0
6,39,3,38,5,1,0,1.051957,1.004713,0.985354,36,4,834,100,100,0,0,0,72,100,46,0,3,20,1,114,36,0,0,3036,12,0,24,0,1001,468,0,24,0,506,0,0,22,0,272,0,0,8,0,270,651,32,34,0,0,168,11,0,0,0,0,0,0,0
6,40,0,19,4,2,0,1.021836,0.98767,1.006085,17,5,959,100,100,0,0,0,0,50,86,74,3,20,2,38,9,0,0,3035,18,0,6,0,998,330,0,6,0,523,1,0,2,0,233,2,0,10,0,246,719,40,24,0,0,21,1,18,0,0,1,1,0,0
6,40,1,20,4,2,0,1.037433,0.9708,1.013261,18,5,959,100,100,0,0,0,50,0,94,100,3,20,2,22,15,0,0,3035,11,0,10,0,998,354,0,10,0,523,0,0,4,0,233,0,0,0,0,246,713,0,11,0,0,43,2,1,0,0,1,1,0,0
6,40,2,32,4,2,0,1.017816,0.984254,1.000208,29,7,1209,100,100,0,0,0,86,94,0,46,3,20,2,46,27,0,0,3035,15,0,18,0,998,420,0,18,0,523,0,0,4,0,233,0,0,9,0,246,930,36,32,0,0,109,2,18,0,0,1,1,0,0
6,40,3,38,4,2,0,1.051957,1.004713,0.985354,36,4,834,100,100,0,0,0,74,100,46,0,3,20,2,119,39,0,0,3035,10,0,26,0,998,481,0,26,0,523,0,0,12,0,233,0,0,15,0,246,696,60,27,0,0,173,6,1,0,0,1,1,0,0
2,1,0,54,23,2,0,0.996035,1.004687,0.993315,0,0,334,100,100,0,0,0,0,2,2,2,0,80,0,55,36,0,0,3063,125,0,24,0,939,62,0,24,0,401,24,0,48,0,272,1,0,24,0,162,121,96,78,0,0,15,24,9,0,0,9,9,0,0
2,1,1,56,23,2,0,0.998898,1.005022,0.998405,0,0,334,100,100,0,0,0,2,0,2,2,0,80,0,59,39,0,0,3063,121,0,26,0,939,63,0,26,0,401,26,0,46,0,272,2,0,23,0,162,115,92,77,0,0,14,23,9,0,0,9,9,0,0
2,1,2,56,23,2,0,0.998185,1.002156,0.997501,0,0,334,100,100,0,0,0,2,2,0,0,0,80,0,59,39,0,0,3063,127,0,26,0,939,59,0,26,0,401,18,0,48,0,272,1,0,24,0,162,120,96,79,0,0,15,24,9,0,0,9,9,0,0
2,1,3,55,23,2,0,0.994254,1.005546,0.993863,0,0,334,100,100,0,0,0,2,2,0,0,0,80,0,59,39,0,0,3063,127,0,26,0,939,60,0,26,0,401,21,0,48,0,272,1,0,24,0,162,117,96,79,0,0,15,24,9,0,0,9,9,0,0
2,2,0,51,15,8,0,0.997937,1.005306,0.991575,9,0,334,100,100,0,0,0,0,2,4,4,0,80,22,53,39,0,0,3047,84,0,26,0,911,75,0,26,0,542,0,0,26,0,164,3,0,25,0,153,200,100,57,0,0,19,13,9,0,0,9,9,0,0
2,2,1,57,15,8,0,1.000257,1.00721,1.002178,9,0,334,100,100,0,0,0,2,0,4,4,0,80,22,71,54,0,0,3047,62,0,36,0,911,81,0,36,0,542,0,0,26,0,164,5,0,24,0,153,182,96,62,0,0,18,13,9,0,0,9,9,0,0
2,2,2,60,15,8,0,1.000424,0.999903,0.995735,9,0,334,100,100,0,0,0,4,4,0,0,0,80,22,63,45,0,0,3047,77,0,30,0,911,74,0,30,0,542,0,0,18,0,164,1,0,27,0,153,222,108,51,0,0,15,9,9,0,0,9,9,0,0
2,2,3,60,15,8,0,0.998931,1.007956,0.992451,9,0,334,100,100,0,0,0,4,4,0,0,0,80,22,57,39,0,0,3047,91,0,26,0,911,73,0,26,0,542,1,0,20,0,164,0,0,28,0,153,211,112,51,0,0,16,10,9,0,0,9,9,0,0
2,3,0,57,15,11,0,0.994301,1.004828,0.987911,18,0,334,100,100,0,0,0,0,2,6,6,0,76,6,61,39,0,0,3038,49,0,26,0,896,88,0,26,0,492,0,0,12,0,205,0,0,18,0,131,265,72,43,0,0,16,6,9,0,0,9,9,0,0
2,3,1,58,15,11,0,1.002446,1.009544,1.000355,17,0,334,100,100,0,0,0,2,0,6,6,0,76,6,86,57,0,0,3038,0,0,38,0,896,103,0,38,0,492,1,0,10,0,205,0,0,17,0,131,239,68,47,0,0,14,5,9,0,0,9,9,0,0
2,3,2,57,15,11,0,1.004499,0.999585,0.996086,17,0,334,100,100,0,0,0,6,6,0,0,0,76,6,49,36,0,0,3038,32,0,24,0,896,86,0,24,0,492,1,0,12,0,205,0,0,21,0,131,304,84,42,0,0,12,6,9,0,0,9,9,0,0
2,3,3,60,15,11,0,1.000923,1.006739,0.991567,18,0,334,100,100,0,0,0,6,6,0,0,0,76,6,54,42,0,0,3038,48,0,28,0,896,87,0,28,0,492,1,0,16,0,205,0,0,20,0,131,282,80,48,0,0,15,8,9,0,0,9,9,0,0
2,4,0,60,18,16,1,0.997884,1.006062,0.988416,26,0,334,100,100,0,0,0,0,2,2,6,0,76,1,65,39,0,0,2944,17,0,26,0,905,99,0,26,0,446,1,0,18,0,272,0,0,0,0,116,260,0,49,0,0,16,9,9,0,0,9,9,0,0
2,4,1,57,18,16,1,1.000279,1.010331,1.00246,24,0,334,100,100,0,0,0,2,0,8,8,0,76,1,90,48,0,0,2944,1,0,32,0,905,127,0,32,0,446,1,0,24,0,272,0,0,0,0,116,211,0,58,0,0,17,12,9,0,0,9,9,0,0
2,4,2,55,18,16,1,1.009046,0.996272,0.998388,25,0,334,100,100,0,0,0,2,8,0,2,0,76,1,47,36,0,0,2944,9,0,24,0,905,98,0,24,0,446,0,0,26,0,272,0,0,0,0,116,278,0,56,0,0,16,13,9,0,0,9,9,0,0
2,4,3,62,18,16,1,0.997689,1.00954,0.993023,27,0,334,100,100,0,0,0,6,8,2,0,0,76,1,50,39,0,0,2944,15,0,26,0,905,97,0,26,0,446,0,0,28,0,272,0,0,0,0,116,269,0,59,0,0,20,14,9,0,0,9,9,0,0
2,5,0,63,14,14,0,0.998099,1.008198,0.990825,35,0,334,100,100,0,0,0,0,4,4,8,0,72,0,70,48,0,0,2849,16,0,32,0,923,111,0,32,0,507,0,0,10,0,208,0,0,16,0,147,300,64,44,0,0,12,5,9,0,0,9,9,0,0
2,5,1,61,14,14,0,0.9984,1.009206,1.003455,33,0,334,100,100,0,0,0,4,0,10,10,0,72,0,96,48,0,0,2849,1,0,32,0,923,141,0,32,0,507,0,0,10,0,208,0,0,11,0,147,244,44,44,0,0,13,5,9,0,0,9,9,0,0
2,5,2,52,14,14,0,1.002645,1.001536,1.001711,34,0,334,100,100,0,0,0,4,10,0,2,0,72,0,43,33,0,0,2849,14,0,22,0,923,109,0,22,0,507,1,0,8,0,208,0,0,15,0,147,307,60,35,0,0,12,4,8,0,0,8,8,0,0
2,5,3,58,14,14,0,0.997322,1.007508,0.994934,36,0,334,100,100,0,0,0,8,10,2,0,0,72,0,48,39,0,0,2849,16,0,26,0,923,110,0,26,0,507,0,0,8,0,208,0,0,19,0,147,303,76,39,0,0,15,4,9,0,0,9,9,0,0
2,6,0,63,13,17,0,0.997588,1.007746,0.988061,42,0,334,100,100,0,0,0,0,4,6,10,0,72,0,67,45,0,0,2851,15,0,30,0,905,126,0,30,0,456,1,0,24,0,219,0,0,12,0,249,299,48,57,0,0,15,12,9,0,0,9,9,0,0
2,6,1,66,13,17,0,0.998598,1.005295,1.002727,42,0,334,100,100,0,0,0,4,0,12,12,0,72,0,98,48,0,0,2851,1,0,32,0,905,172,0,32,0,456,1,0,24,0,219,0,0,13,0,249,251,52,58,0,0,16,12,9,0,0,9,9,0,0
2,6,2,48,13,17,0,1.004103,1.003118,1.004949,39,1,459,100,100,0,0,0,6,12,0,2,0,72,0,43,33,0,0,2851,14,0,22,0,905,120,0,22,0,456,0,0,20,0,219,0,0,7,0,249,290,28,56,0,0,1,10,21,0,0,4,4,0,0
2,6,3,53,13,17,0,0.998838,1.011795,0.998265,43,1,459,100,100,0,0,0,10,12,2,0,0,72,0,45,36,0,0,2851,15,0,24,0,905,122,0,24,0,456,1,0,18,0,219,0,0,12,0,249,297,48,55,0,0,3,9,21,0,0,4,4,0,0
2,7,0,64,8,9,0,0.997414,1.008128,0.989917,50,1,459,100,100,0,0,0,0,4,8,12,0,68,9,62,48,0,0,2856,13,0,32,0,906,141,0,32,0,448,1,0,26,0,234,0,0,14,0,200,289,56,71,0,0,5,13,23,0,0,6,6,0,0
2,7,1,67,8,9,0,0.997897,1.005616,1.002203,50,0,334,100,100,0,0,0,4,0,14,14,0,68,9,97,54,0,0,2856,0,0,36,0,906,199,0,36,0,448,1,0,28,0,234,0,0,14,0,200,272,56,60,0,0,23,14,7,0,0,7,7,0,0
2,7,2,46,8,9,0,1.004451,1.002409,1.003125,43,1,459,100,100,0,0,0,8,14,0,2,0,68,9,42,33,0,0,2856,14,0,22,0,906,131,0,22,0,448,0,0,20,0,234,0,0,4,0,200,298,16,33,0,0,10,10,1,0,0,1,1,0,0
2,7,3,52,8,9,0,0.997489,1.011371,0.998423,47,1,459,100,100,0,0,0,12,14,2,0,0,68,9,43,36,0,0,2856,12,0,24,0,906,134,0,24,0,448,1,0,22,0,234,0,0,6,0,200,308,24,38,0,0,12,11,2,0,0,2,2,0,0
2,8,0,65,15,17,1,1.001402,1.010678,0.989629,54,1,459,100,100,0,0,0,0,6,10,12,0,68,0,67,51,0,0,2854,5,0,34,0,909,158,0,34,0,471,0,0,16,0,195,0,0,27,0,143,402,108,41,0,0,9,8,4,0,0,4,4,0,0
2,8,1,66,15,17,1,0.995238,1.00431,1.003151,55,1,459,100,100,0,0,0,6,0,16,10,0,68,0,99,54,0,0,2854,0,0,36,0,909,223,0,36,0,471,0,0,18,0,195,0,0,23,0,143,291,92,61,0,0,11,9,21,0,0,4,4,0,0
2,8,2,47,15,17,1,1.005325,1.004858,1.006117,41,1,459,100,100,0,0,0,10,16,0,0,0,68,0,44,33,0,0,2854,14,0,22,0,909,141,0,22,0,471,1,0,12,0,195,0,0,9,0,143,342,36,25,0,0,15,6,1,0,0,1,1,0,0
2,8,3,49,15,17,1,0.995189,1.017289,1.00534,44,1,459,100,100,0,0,0,12,10,0,0,0,68,0,43,33,0,0,2854,14,0,22,0,909,145,0,22,0,471,1,0,10,0,195,0,0,15,0,143,381,60,23,0,0,16,5,1,0,0,1,1,0,0
2,9,0,66,12,8,0,0.999622,1.011338,0.990402,57,1,459,100,100,0,0,0,0,6,12,14,0,64,8,66,51,0,0,2844,11,0,34,0,908,175,0,34,0,473,1,0,14,0,252,0,0,8,0,141,436,32,37,0,0,13,7,3,0,0,3,3,0,0
2,9,1,68,12,8,0,0.997249,1.002184,1.003658,57,1,459,100,100,0,0,0,6,0,18,12,0,64,8,103,57,0,0,2844,4,0,38,0,908,242,0,38,0,473,0,0,24,0,252,0,0,6,0,141,303,24,51,0,0,19,12,4,0,0,4,4,0,0
2,9,2,48,12,8,0,1.007004,1.001911,1.007767,41,1,459,100,100,0,0,0,12,18,0,0,0,64,8,42,33,0,0,2844,17,0,22,0,908,152,0,22,0,473,0,0,14,0,252,0,0,1,0,141,354,4,31,0,0,19,7,3,0,0,3,3,0,0
2,9,3,49,12,8,0,0.994912,1.020005,1.008421,43,2,584,100,100,0,0,0,14,12,0,0,0,64,8,46,36,0,0,2844,9,0,24,0,908,157,0,24,0,473,1,0,8,0,252,0,0,5,0,141,393,20,41,0,0,1,4,19,0,0,2,2,0,0
2,10,0,66,13,11,0,0.998196,1.012221,0.988499,58,2,584,100,100,0,0,0,0,6,12,16,0,64,10,62,48,0,0,2842,10,0,32,0,1060,153,0,32,0,503,0,0,14,0,245,0,0,9,0,258,420,36,53,0,0,0,7,20,0,0,3,3,0,0
2,10,1,71,13,11,0,0.998124,1.003409,1.00329,60,1,459,100,100,0,0,0,6,0,20,14,1,64,10,109,60,0,0,2842,2,0,40,0,1060,205,0,40,0,503,0,0,18,0,245,0,0,10,0,258,312,40,46,0,0,24,9,4,0,0,4,4,0,0
2,10,2,48,13,11,0,1.005146,1.003528,1.000535,43,1,459,100,100,0,0,0,12,20,0,0,1,64,10,43,33,0,0,2842,17,0,22,0,1060,139,0,22,0,503,1,0,4,0,245,0,0,3,0,258,364,12,17,0,0,20,2,1,0,0,1,1,0,0
2,10,3,48,13,11,0,0.992161,1.020168,1.008718,44,2,584,100,100,0,0,0,16,14,0,0,0,64,10,47,36,0,0,2842,6,0,24,0,1060,139,0,24,0,503,0,0,6,0,245,0,0,5,0,258,402,20,20,0,0,3,3,1,0,0,1,1,0,0
2,11,0,63,10,13,0,0.999809,1.011932,0.986353,59,2,584,100,100,0,0,0,0,6,14,18,0,60,0,62,51,0,0,2840,5,0,34,0,905,170,0,34,0,463,0,0,20,0,198,0,0,19,0,163,494,76,39,0,0,9,10,1,0,0,1,1,0,0
2,11,1,74,10,13,0,1.000669,0.999645,1.00397,64,2,584,100,100,0,0,0,6,0,22,16,1,60,0,113,60,0,0,2840,5,0,40,0,905,225,0,40,0,463,0,0,22,0,198,2,0,30,0,163,404,120,65,0,0,15,11,20,0,0,3,3,0,0
2,11,2,46,10,13,0,1.007234,1.008504,0.998348,43,1,459,100,100,0,0,0,14,22,0,0,1,60,0,43,33,0,0,2840,17,0,22,0,905,150,0,22,0,463,1,0,18,0,198,0,0,5,0,163,383,20,31,0,0,28,9,1,0,0,1,1,0,0
2,11,3,47,10,13,0,0.997732,1.022044,1.011004,42,2,584,100,100,0,0,0,18,16,0,0,0,60,0,51,39,0,0,2840,1,0,26,0,905,152,0,26,0,463,1,0,14,0,198,0,0,15,0,163,461,60,31,0,0,8,7,2,0,0,2,2,0,0
2,12,0,64,7,2,0,1.000944,1.014503,0.987097,59,2,584,100,100,0,0,0,0,6,16,20,1,60,5,63,51,0,0,2833,8,0,34,0,899,187,0,34,0,433,0,0,26,0,272,0,0,0,0,185,481,0,47,0,0,20,13,2,0,0,2,2,0,0
2,12,1,74,7,2,0,1.000618,0.998853,1.004013,66,2,584,100,100,0,0,0,6,0,24,18,1,60,5,113,63,0,0,2833,6,0,42,0,899,246,0,42,0,433,1,0,40,0,272,0,0,2,0,185,374,8,69,0,0,31,20,4,0,0,4,4,0,0
2,12,2,48,7,2,0,1.006423,1.009672,0.997995,44,1,459,100,100,0,0,0,16,24,0,0,1,60,5,42,33,0,0,2833,20,0,22,0,899,161,0,22,0,433,1,0,16,0,272,0,0,0,0,185,379,0,29,0,0,35,8,1,0,0,1,1,0,0
2,12,3,49,7,2,0,0.997354,1.023,1.009015,44,2,584,100,100,0,0,0,20,18,0,0,1,60,5,54,39,0,0,2833,4,0,26,0,899,165,0,26,0,433,1,0,28,0,272,0,0,0,0,185,441,0,45,0,0,20,14,2,0,0,2,2,0,0
2,13,0,64,6,8,0,0.998293,1.014996,0.987459,60,2,584,100,100,0,0,0,0,6,18,22,1,56,9,57,48,0,0,2841,10,0,32,0,899,203,0,32,0,434,0,0,38,0,272,0,0,0,0,129,477,0,58,0,0,37,19,2,0,0,2,2,0,0
2,13,1,74,6,8,0,1.004418,0.997749,1.002025,67,2,584,100,100,0,0,0,6,0,26,20,2,56,9,112,60,0,0,2841,2,0,40,0,899,266,0,40,0,434,1,0,34,0,272,0,0,0,0,129,364,0,58,0,0,46,17,2,0,0,2,2,0,0
2,13,2,47,6,8,0,1.006852,1.006222,1.001629,44,1,459,100,100,0,0,0,18,26,0,0,1,56,9,43,36,0,0,2841,12,0,24,0,899,173,0,24,0,434,1,0,12,0,272,0,0,0,0,129,386,0,26,0,0,40,6,1,0,0,1,1,0,0
2,13,3,48,6,8,0,0.997656,1.022501,1.008364,44,2,584,100,100,0,0,0,22,20,0,0,2,56,9,47,36,0,0,2841,6,0,24,0,899,177,0,24,0,434,1,0,26,0,272,0,0,0,0,129,435,0,42,0,0,31,13,2,0,0,2,2,0,0
2,14,0,57,3,25,0,0.99967,1.015926,0.986442,57,3,709,100,100,0,0,0,0,6,20,24,2,56,1,51,42,0,0,2847,11,0,28,0,908,217,0,28,0,479,1,0,18,0,180,0,0,18,0,129,551,72,49,0,0,29,9,17,0,0,0,0,0,0
2,14,1,69,3,25,0,1.002227,0.996081,1.002108,62,2,584,100,100,0,0,0,6,0,28,22,2,56,1,107,57,0,0,2847,1,0,38,0,908,288,0,38,0,479,1,0,26,0,180,0,0,27,0,129,466,108,51,0,0,56,13,3,0,0,3,3,0,0
2,14,2,42,3,25,0,1.004593,1.007536,0.999518,41,2,584,100,100,0,0,0,20,28,0,2,2,56,1,38,30,0,0,2847,19,0,20,0,908,183,0,20,0,479,0,0,6,0,180,0,0,9,0,129,423,36,35,0,0,25,3,18,0,0,1,1,0,0
2,14,3,43,3,25,0,0.999953,1.014645,1.008287,40,2,584,100,100,0,0,0,24,22,2,0,2,56,1,49,39,0,0,2847,4,0,26,0,908,190,0,26,0,479,1,0,12,0,180,0,0,9,0,129,480,36,27,0,0,36,6,1,0,0,1,1,0,0
2,15,0,58,9,4,0,0.997705,1.01631,0.985986,55,4,834,100,100,0,0,0,0,6,22,26,2,52,1,49,42,0,0,2878,8,0,28,0,917,231,0,28,0,484,1,0,18,0,236,0,0,12,0,134,598,48,49,0,0,21,9,17,0,0,0,0,0,0
2,15,1,70,9,4,0,1.003205,0.995428,1.003024,65,3,709,100,100,0,0,0,6,0,30,24,2,52,1,109,60,0,0,2878,2,0,40,0,917,308,0,40,0,484,0,0,22,0,236,0,0,10,0,134,491,40,63,0,0,48,11,19,0,0,2,2,0,0
2,15,2,41,9,4,0,1.006954,1.008204,0.999359,40,2,584,100,100,0,0,0,22,30,0,2,2,52,1,40,30,0,0,2878,16,0,20,0,917,193,0,20,0,484,1,0,8,0,236,0,0,5,0,134,458,20,18,0,0,29,4,0,0,0,0,0,0,0
2,15,3,47,9,4,0,1.00281,1.013546,1.006314,41,3,709,100,100,0,0,0,26,24,2,0,2,52,1,57,39,0,0,2878,4,0,26,0,917,203,0,26,0,484,1,0,12,0,236,0,0,9,0,134,508,36,44,0,0,24,6,18,0,0,1,1,0,0
2,16,0,54,6,17,0,1.000668,1.020337,0.984478,51,4,834,100,100,0,0,0,0,8,24,28,2,52,5,51,45,0,0,2868,6,0,30,0,905,243,0,30,0,453,1,0,28,0,272,0,0,0,0,132,592,0,45,0,0,34,14,1,0,0,1,1,0,0
2,16,1,68,6,17,0,1.006393,0.993292,1.003048,63,3,709,100,100,0,0,0,8,0,32,26,2,52,5,110,60,0,0,2868,1,0,40,0,905,328,0,40,0,453,0,0,30,0,272,0,0,0,0,132,476,0,54,0,0,61,15,2,0,0,2,2,0,0
2,16,2,39,6,17,0,1.012486,1.009683,0.998735,36,2,584,100,100,0,0,0,24,32,0,4,2,52,5,37,30,0,0,2868,16,0,20,0,905,203,0,20,0,453,1,0,14,0,272,0,0,0,0,132,456,0,26,0,0,35,7,1,0,0,1,1,0,0
2,16,3,44,6,17,0,1.007519,1.013373,1.003738,38,3,709,100,100,0,0,0,28,26,4,0,2,52,5,64,45,0,0,2868,0,0,30,0,905,224,0,30,0,453,0,0,20,0,272,0,0,0,0,132,491,0,41,0,0,31,10,3,0,0,3,3,0,0
2,17,0,55,14,16,0,1.002593,1.020518,0.988159,50,4,834,100,100,0,0,0,0,10,26,30,2,48,2,48,39,0,0,2871,10,0,26,0,902,256,0,26,0,494,0,0,8,0,197,5,0,25,0,202,694,100,23,0,0,37,4,1,0,0,1,1,0,0
2,17,1,61,14,16,0,1.002426,0.996703,1.002642,56,3,709,100,100,0,0,0,10,0,34,28,2,48,2,82,33,0,0,2871,20,0,22,0,902,339,0,22,0,494,0,0,22,0,197,0,0,27,0,202,572,108,37,0,0,70,11,2,0,0,2,2,0,0
2,17,2,43,14,16,0,1.010803,1.006888,1.001329,37,2,584,100,100,0,0,0,26,34,0,6,2,48,2,42,30,0,0,2871,16,0,20,0,902,213,0,20,0,494,0,0,12,0,197,0,0,6,0,202,480,24,24,0,0,40,6,1,0,0,1,1,0,0
2,17,3,44,14,16,0,1.008105,1.012331,1.007519,37,3,709,100,100,0,0,0,30,28,6,0,2,48,2,70,39,0,0,2871,7,0,26,0,902,237,0,26,0,494,0,0,10,0,197,0,0,12,0,202,536,48,27,0,0,34,5,2,0,0,2,2,0,0
2,18,0,48,11,12,0,0.998312,1.017522,0.976417,43,5,959,100,100,0,0,0,0,12,28,32,2,48,0,48,39,0,0,2903,7,0,26,0,941,266,0,26,0,535,1,0,8,0,154,0,0,16,0,159,755,64,42,0,0,22,4,19,0,0,2,2,0,0
2,18,1,63,11,12,0,1.002556,0.994742,1.001793,57,4,834,100,100,0,0,0,12,0,36,30,2,48,0,67,33,0,0,2903,20,0,22,0,941,350,0,22,0,535,0,0,0,0,154,20,0,28,0,159,677,112,32,0,0,51,0,19,0,0,2,2,0,0
2,18,2,44,11,12,0,1.007489,1.005478,0.997657,37,3,709,100,100,0,0,0,28,36,0,6,2,48,0,40,30,0,0,2903,16,0,20,0,941,223,0,20,0,535,0,0,0,0,154,5,0,22,0,159,551,88,33,0,0,20,0,20,0,0,3,3,0,0
2,18,3,47,11,12,0,1.013168,1.007939,1.006402,38,4,834,100,100,0,0,0,32,30,6,0,2,48,0,80,45,0,0,2903,0,0,30,0,941,252,0,30,0,535,0,0,0,0,154,1,0,20,0,159,608,80,38,0,0,14,0,20,0,0,3,3,0,0
2,19,0,48,7,9,0,1.004103,1.017584,0.975923,42,5,959,100,100,0,0,0,0,14,30,34,2,44,0,43,33,0,0,2894,11,0,22,0,929,277,0,22,0,428,0,0,24,0,272,0,0,0,0,192,746,0,39,0,0,32,12,2,0,0,2,2,0,0
2,19,1,64,7,9,0,1.00232,0.995327,1.00487,59,5,959,100,100,0,0,0,14,0,38,32,2,44,0,47,33,0,0,2894,23,0,22,0,929,361,0,22,0,428,0,0,38,0,272,0,0,20,0,192,714,80,70,0,0,51,19,19,0,0,2,2,0,0
2,19,2,44,7,9,0,1.006938,1.00687,0.997813,40,3,709,100,100,0,0,0,30,38,0,8,2,44,0,41,33,0,0,2894,14,0,22,0,929,234,0,22,0,428,0,0,30,0,272,0,0,5,0,192,551,20,45,0,0,33,15,2,0,0,2,2,0,0
2,19,3,44,7,9,0,1.010404,1.007284,1.007837,37,4,834,100,100,0,0,0,34,32,8,0,2,44,0,81,39,0,0,2894,4,0,26,0,929,265,0,26,0,428,1,0,24,0,272,0,0,1,0,192,595,4,43,0,0,23,12,3,0,0,3,3,0,0
2,20,0,45,2,23,0,1.004028,1.018623,0.978821,42,6,1084,100,100,0,0,0,0,14,32,36,2,44,2,38,33,0,0,2911,11,0,22,0,947,288,0,22,0,534,0,0,2,0,157,0,0,24,0,165,847,96,34,0,0,14,1,19,0,0,2,2,0,0
2,20,1,50,2,23,0,0.998788,0.99541,0.999469,48,5,959,100,100,0,0,0,14,0,40,34,2,44,2,35,30,0,0,2911,13,0,20,0,947,371,0,20,0,534,0,0,6,0,157,12,0,22,0,165,814,88,18,0,0,53,3,1,0,0,1,1,0,0
2,20,2,45,2,23,0,1.009058,1.005834,0.997449,42,4,834,100,100,0,0,0,32,40,0,10,2,44,2,40,33,0,0,2911,14,0,22,0,947,245,0,22,0,534,1,0,0,0,157,12,0,21,0,165,632,84,30,0,0,15,0,18,0,0,1,1,0,0
2,20,3,39,2,23,0,1.017422,1.008395,1.006339,36,4,834,100,100,0,0,0,36,34,10,0,2,44,2,76,30,0,0,2911,13,0,20,0,947,275,0,20,0,534,0,0,2,0,157,0,0,18,0,165,684,72,16,0,0,22,1,2,0,0,2,2,0,0
2,21,0,32,4,41,0,1.002836,1.016618,0.97407,31,6,1084,100,100,0,0,0,0,14,34,40,2,40,0,34,30,0,0,2949,13,0,20,0,971,298,0,20,0,466,0,0,20,0,272,0,0,0,0,200,818,0,32,0,0,23,10,1,0,0,1,1,0,0
2,21,1,35,4,41,0,0.996869,0.992695,1.001107,34,6,1084,100,100,0,0,0,14,0,42,38,2,40,0,33,27,0,0,2949,0,0,18,0,971,380,0,18,0,466,4,0,24,0,272,0,0,12,0,200,830,48,50,0,0,48,12,17,0,0,0,0,0,0
2,21,2,43,4,41,0,1.014016,1.001851,0.996833,39,4,834,100,100,0,0,0,34,42,0,12,2,40,0,37,30,0,0,2949,16,0,20,0,971,255,0,20,0,466,1,0,18,0,272,0,0,12,0,200,671,48,30,0,0,23,9,1,0,0,1,1,0,0
2,21,3,32,4,41,0,1.016991,1.007665,1.006395,30,4,834,100,100,0,0,0,40,38,12,0,2,40,0,73,30,0,0,2949,13,0,20,0,971,285,0,20,0,466,1,0,8,0,272,0,0,0,0,200,673,0,20,0,0,25,4,1,0,0,1,1,0,0
2,22,0,34,10,6,0,1.005054,1.015413,0.979039,32,6,1084,100,100,0,0,0,0,14,36,42,2,40,1,42,30,0,0,2977,13,0,20,0,971,308,0,20,0,482,1,0,18,0,265,0,0,0,0,248,790,0,28,0,0,32,9,0,0,0,0,0,0,0
2,22,1,36,10,6,0,0.994009,0.996052,1.000098,33,6,1084,100,100,0,0,0,14,0,44,40,2,40,1,35,27,0,0,2977,0,0,18,0,971,389,0,18,0,482,1,0,22,0,265,0,0,2,0,248,826,8,33,0,0,58,11,1,0,0,1,1,0,0
2,22,2,43,10,6,0,1.008491,1.001469,0.997479,38,4,834,100,100,0,0,0,36,44,0,14,2,40,1,33,27,0,0,2977,15,0,18,0,971,264,0,18,0,482,0,0,12,0,265,0,0,2,0,248,681,8,23,0,0,28,6,1,0,0,1,1,0,0
2,22,3,33,10,6,0,1.018078,1.006384,1.004623,30,4,834,100,100,0,0,0,42,40,14,0,2,40,1,76,27,0,0,2977,15,0,18,0,971,294,0,18,0,482,1,0,10,0,265,0,0,3,0,248,672,12,19,0,0,30,5,0,0,0,0,0,0,0
2,23,0,35,7,6,0,1.006725,1.017103,0.982597,31,6,1084,100,100,0,0,0,0,16,38,44,2,36,0,47,30,0,0,2999,10,0,20,0,971,318,0,20,0,436,3,0,26,0,272,0,0,0,0,218,761,0,38,0,0,44,13,1,0,0,1,1,0,0
2,23,1,37,7,6,0,0.993197,0.994972,1.001329,33,6,1084,100,100,0,0,0,16,0,46,44,2,36,0,31,21,0,0,2999,0,0,14,0,971,402,0,14,0,436,8,0,28,0,272,0,0,0,0,218,817,0,37,0,0,71,14,1,0,0,1,1,0,0
2,23,2,40,7,6,0,1.005169,1.003672,1.000693,37,4,834,100,100,0,0,0,38,46,0,16,2,36,0,33,30,0,0,2999,7,0,20,0,971,274,0,20,0,436,0,0,24,0,272,0,0,0,0,218,669,0,36,0,0,39,12,1,0,0,1,1,0,0
2,23,3,35,7,6,0,1.018035,1.005591,1.003341,30,4,834,100,100,0,0,0,44,44,16,0,2,36,0,79,30,0,0,2999,7,0,20,0,971,304,0,20,0,436,0,0,16,0,272,0,0,0,0,218,663,0,30,0,0,36,8,2,0,0,2,2,0,0
2,24,0,38,7,8,0,1.005662,1.016551,0.983047,32,6,1084,100,100,0,0,0,0,16,40,46,2,36,0,57,36,0,0,2957,9,0,24,0,989,324,0,24,0,459,4,0,26,0,272,0,0,0,0,234,725,0,42,0,0,55,13,2,0,0,2,2,0,0
2,24,1,36,7,8,0,0.995755,1.001398,0.999488,32,6,1084,100,100,0,0,0,16,0,48,48,2,36,0,34,27,0,0,2957,0,0,18,0,989,408,0,18,0,459,12,0,26,0,272,0,0,0,0,234,801,0,37,0,0,83,13,1,0,0,1,1,0,0
2,24,2,37,7,8,0,1.006219,1.001739,1.0021,35,4,834,100,100,0,0,0,40,48,0,16,2,36,0,36,30,0,0,2957,13,0,20,0,989,278,0,20,0,459,0,0,18,0,272,0,0,0,0,234,657,0,30,0,0,47,9,1,0,0,1,1,0,0
2,24,3,35,7,8,0,1.018274,1.006684,1.001165,31,4,834,100,100,0,0,0,46,48,16,0,2,36,0,80,30,0,0,2957,16,0,20,0,989,305,0,20,0,459,1,0,6,0,272,0,0,0,0,234,661,0,20,0,0,37,3,2,0,0,2,2,0,0
2,25,0,38,4,4,0,1.006096,1.015094,0.98255,33,6,1084,100,100,0,0,0,0,16,42,48,2,32,3,64,39,0,0,2984,1,0,26,0,956,340,0,26,0,511,0,0,20,0,232,0,0,6,0,222,721,24,37,0,0,63,10,2,0,0,2,2,0,0
2,25,1,36,4,4,0,0.995689,0.9996,0.998756,33,6,1084,100,100,0,0,0,16,0,50,50,2,32,3,34,27,0,0,2984,3,0,18,0,956,417,0,18,0,511,1,0,20,0,232,4,0,14,0,222,847,56,31,0,0,92,10,1,0,0,1,1,0,0
2,25,2,36,4,4,0,1.006337,1.001379,1.001117,36,4,834,100,100,0,0,0,42,50,0,16,2,32,3,37,30,0,0,2984,7,0,20,0,956,288,0,20,0,511,1,0,6,0,232,0,0,10,0,222,705,40,16,0,0,50,3,0,0,0,0,0,0,0
2,25,3,36,4,4,0,1.022734,1.005323,1.003165,32,4,834,100,100,0,0,0,48,50,16,0,2,32,3,84,33,0,0,2984,8,0,22,0,956,316,0,22,0,511,0,0,2,0,232,0,0,6,0,222,694,24,15,0,0,37,1,1,0,0,1,1,0,0
2,26,0,39,3,1,0,1.005435,1.014913,0.983011,35,6,1084,100,100,0,0,0,0,18,44,48,2,32,8,73,42,0,0,2953,2,0,28,0,962,351,0,28,0,523,0,0,4,0,222,7,0,13,0,231,760,52,22,0,0,63,2,2,0,0,2,2,0,0
2,26,1,36,3,1,0,0.99433,0.999864,1.002109,33,6,1084,100,100,0,0,0,18,0,52,54,2,32,8,27,24,0,0,2953,5,0,16,0,962,425,0,16,0,523,1,0,10,0,222,0,0,9,0,231,884,36,20,0,0,96,5,1,0,0,1,1,0,0
2,26,2,36,3,1,0,1.006337,1.001379,1.001117,36,5,959,100,100,0,0,0,44,52,0,16,2,32,8,38,30,0,0,2953,13,0,20,0,962,298,0,20,0,523,1,0,6,0,222,0,0,12,0,231,738,48,33,0,0,36,3,17,0,0,0,0,0,0
2,26,3,37,3,1,0,1.021466,1.005639,1.004976,33,5,959,100,100,0,0,0,48,54,16,0,2,32,8,87,33,0,0,2953,14,0,22,0,962,324,0,22,0,523,1,0,0,0,222,0,0,13,0,231,735,52,32,0,0,18,0,19,0,0,2,2,0,0
2,27,0,40,4,9,0,1.006233,1.014775,0.986378,36,6,1084,100,100,0,0,0,0,20,46,50,3,28,2,83,45,0,0,2969,0,0,30,0,959,366,0,30,0,487,1,0,14,0,242,0,0,7,0,231,766,28,31,0,0,69,7,1,0,0,1,1,0,0
2,27,1,30,4,9,0,0.991288,1.002265,1.004167,29,7,1209,100,100,0,0,0,20,0,54,58,3,28,2,27,21,0,0,2969,4,0,14,0,959,432,0,14,0,487,0,0,16,0,242,2,0,13,0,231,915,52,42,0,0,86,8,18,0,0,1,1,0,0
2,27,2,37,4,9,0,1.008289,1.001008,1.001985,36,5,959,100,100,0,0,0,46,54,0,16,2,28,2,39,30,0,0,2969,13,0,20,0,959,308,0,20,0,487,1,0,12,0,242,0,0,12,0,231,782,48,22,0,0,42,6,0,0,0,0,0,0,0
2,27,3,36,4,9,0,1.027396,1.000941,1.010261,33,5,959,100,100,0,0,0,50,58,16,0,2,28,2,88,33,0,0,2969,8,0,22,0,959,335,0,22,0,487,1,0,12,0,242,0,0,3,0,231,743,12,25,0,0,23,6,1,0,0,1,1,0,0
2,28,0,40,3,3,0,1.006233,1.014775,0.986378,37,6,1084,100,100,0,0,0,0,22,48,52,3,28,1,93,45,0,0,2971,0,0,30,0,956,381,0,30,0,439,3,0,28,0,272,0,0,0,0,234,731,0,47,0,0,81,14,2,0,0,2,2,0,0
2,28,1,29,3,3,0,0.990784,1.004072,0.993895,28,7,1209,100,100,0,0,0,22,0,56,62,3,28,1,27,21,0,0,2971,4,0,14,0,956,439,0,14,0,439,8,0,22,0,272,0,0,2,0,234,909,8,29,0,0,97,11,0,0,0,0,0,0,0
2,28,2,37,3,3,0,1.009483,0.998027,1.002788,35,5,959,100,100,0,0,0,48,56,0,16,2,28,1,41,33,0,0,2971,8,0,22,0,956,319,0,22,0,439,0,0,22,0,272,0,0,0,0,234,765,0,35,0,0,52,11,1,0,0,1,1,0,0
2,28,3,37,3,3,0,1.027333,1.002442,1.010309,34,5,959,100,100,0,0,0,52,62,16,0,2,28,1,90,33,0,0,2971,8,0,22,0,956,346,0,22,0,439,1,0,24,0,272,0,0,0,0,234,727,0,37,0,0,34,12,1,0,0,1,1,0,0
2,29,0,40,1,5,0,1.008625,1.014559,0.986325,38,6,1084,100,100,0,0,0,0,26,50,54,3,24,0,94,39,0,0,2966,1,0,26,0,956,400,0,26,0,454,1,0,26,0,272,0,0,0,0,234,702,0,41,0,0,93,13,1,0,0,1,1,0,0
2,29,1,27,1,5,0,0.988537,1.003653,0.992723,26,7,1209,100,100,0,0,0,26,0,58,66,3,24,0,30,24,0,0,2966,2,0,16,0,956,444,0,16,0,454,11,0,20,0,272,0,0,0,0,234,891,0,30,0,0,106,10,1,0,0,1,1,0,0
2,29,2,36,1,5,0,1.009567,0.997497,1.002395,35,5,959,100,100,0,0,0,50,58,0,16,2,24,0,40,33,0,0,2966,8,0,22,0,956,330,0,22,0,454,1,0,20,0,272,0,0,0,0,234,750,0,33,0,0,61,10,1,0,0,1,1,0,0
2,29,3,36,1,5,0,1.027493,0.999888,1.012844,34,5,959,100,100,0,0,0,54,66,16,0,2,24,0,89,33,0,0,2966,5,0,22,0,956,357,0,22,0,454,1,0,22,0,272,0,0,0,0,234,713,0,35,0,0,44,11,1,0,0,1,1,0,0
2,30,0,40,9,5,0,1.011698,1.0088,0.992739,36,6,1084,100,100,0,0,0,0,30,52,56,3,24,0,99,39,0,0,2975,1,0,26,0,953,416,0,26,0,457,1,0,18,0,254,0,0,9,0,234,720,36,33,0,0,101,9,1,0,0,1,1,0,0
2,30,1,29,9,5,0,0.983821,1.007766,0.991344,26,7,1209,100,100,0,0,0,30,0,60,70,3,24,0,34,24,0,0,2975,2,0,16,0,953,452,0,16,0,457,12,0,20,0,254,0,0,2,0,234,883,8,28,0,0,116,10,0,0,0,0,0,0,0
2,30,2,38,9,5,0,1.012398,0.995211,1.003899,36,5,959,100,100,0,0,0,52,60,0,18,2,24,0,43,33,0,0,2975,8,0,22,0,953,341,0,22,0,457,1,0,18,0,254,0,0,4,0,234,755,16,29,0,0,70,9,0,0,0,0,0,0,0
2,30,3,36,9,5,0,1.026569,1.002283,1.012276,34,5,959,100,100,0,0,0,56,70,18,0,2,24,0,91,33,0,0,2975,2,0,22,0,953,368,0,22,0,457,0,0,22,0,254,0,0,3,0,234,711,12,35,0,0,54,11,1,0,0,1,1,0,0
2,31,0,39,6,7,0,1.021288,1.008649,0.996378,34,6,1084,100,100,0,0,0,0,30,54,58,3,20,0,100,36,0,0,2959,6,0,24,0,950,428,0,24,0,493,1,0,12,0,218,3,0,15,0,300,752,60,28,0,0,105,6,2,0,0,2,2,0,0
2,31,1,29,6,7,0,0.980714,1.009201,0.985503,25,7,1209,100,100,0,0,0,30,0,62,74,3,20,0,34,24,0,0,2959,5,0,16,0,950,460,0,16,0,493,0,0,24,0,218,0,0,9,0,300,883,36,36,0,0,126,12,2,0,0,2,2,0,0
2,31,2,37,6,7,0,1.01349,0.997556,1.007115,34,5,959,100,100,0,0,0,54,62,0,18,2,20,0,43,33,0,0,2959,11,0,22,0,950,352,0,22,0,493,0,0,16,0,218,0,0,9,0,300,762,36,29,0,0,77,8,1,0,0,1,1,0,0
2,31,3,37,6,7,0,1.028649,0.999917,1.01549,34,5,959,100,100,0,0,0,58,74,18,0,2,20,0,92,33,0,0,2959,2,0,22,0,950,379,0,22,0,493,0,0,12,0,218,0,0,15,0,300,746,60,25,0,0,59,6,1,0,0,1,1,0,0
2,32,0,40,4,0,0,1.023069,1.009401,0.999031,36,6,1084,100,100,0,0,0,0,30,56,60,3,20,2,104,39,0,0,2974,4,0,26,0,954,441,0,26,0,439,4,0,30,0,272,0,0,3,0,300,717,12,47,0,0,118,15,2,0,0,2,2,0,0
2,32,1,30,4,0,0,0.983959,1.011193,0.986098,27,7,1209,100,100,0,0,0,30,0,64,76,3,20,2,37,27,0,0,2974,3,0,18,0,954,469,0,18,0,439,1,0,20,0,272,0,0,0,0,300,852,0,31,0,0,135,10,1,0,0,1,1,0,0
2,32,2,38,4,0,0,1.010984,0.998949,1.007613,35,5,959,100,100,0,0,0,56,64,0,18,2,20,2,46,36,0,0,2974,9,0,24,0,954,364,0,24,0,439,0,0,24,0,272,0,0,0,0,300,724,0,38,0,0,88,12,1,0,0,1,1,0,0
2,32,3,38,4,0,0,1.028965,1.000722,1.016105,35,5,959,100,100,0,0,0,60,76,18,0,2,20,2,93,33,0,0,2974,2,0,22,0,954,389,0,22,0,439,1,0,26,0,272,0,0,0,0,300,707,0,39,0,0,71,13,1,0,0,1,1,0,0
2,33,0,41,2,4,0,1.022619,1.008464,0.99743,38,6,1084,100,100,0,0,0,0,32,58,62,3,20,0,109,39,0,0,2961,4,0,26,0,947,454,0,26,0,519,0,0,12,0,206,5,0,16,0,225,772,64,27,0,0,123,6,1,0,0,1,1,0,0
2,33,1,29,2,4,0,0.981286,1.010625,0.988266,27,7,1209,100,100,0,0,0,32,0,66,78,3,20,0,42,30,0,0,2961,1,0,20,0,947,479,0,20,0,519,0,0,4,0,206,0,0,12,0,225,899,48,16,0,0,136,2,1,0,0,1,1,0,0
2,33,2,38,2,4,0,1.010984,0.998949,1.007613,36,5,959,100,100,0,0,0,58,66,0,20,3,20,0,48,36,0,0,2961,12,0,24,0,947,376,0,24,0,519,1,0,4,0,206,1,0,17,0,225,789,68,18,0,0,89,2,1,0,0,1,1,0,0
2,33,3,36,2,4,0,1.030735,1.000841,1.018684,33,5,959,100,100,0,0,0,62,78,20,0,3,20,0,90,30,0,0,2961,4,0,20,0,947,399,0,20,0,519,0,0,10,0,206,0,0,15,0,225,766,60,22,0,0,75,5,1,0,0,1,1,0,0
2,34,0,42,6,1,0,1.023591,1.006978,0.997492,39,6,1084,100,100,0,0,0,0,32,60,64,3,20,0,112,39,0,0,2963,7,0,26,0,953,467,0,26,0,452,0,0,32,0,251,0,0,5,0,231,763,20,47,0,0,138,16,1,0,0,1,1,0,0
2,34,1,31,6,1,0,0.98143,1.007505,0.989972,28,7,1209,100,100,0,0,0,32,0,68,80,3,20,0,48,30,0,0,2963,1,0,20,0,953,489,0,20,0,452,1,0,8,0,251,0,0,12,0,231,942,48,20,0,0,139,4,1,0,0,1,1,0,0
2,34,2,39,6,1,0,1.011795,1.001432,1.008511,36,5,959,100,100,0,0,0,60,68,0,20,3,20,0,48,33,0,0,2963,14,0,22,0,953,387,0,22,0,452,0,0,28,0,251,0,0,1,0,231,767,4,41,0,0,102,14,1,0,0,1,1,0,0
2,34,3,37,6,1,0,1.030982,1.001404,1.020219,34,5,959,100,100,0,0,0,64,80,20,0,3,20,0,89,30,0,0,2963,4,0,20,0,953,409,0,20,0,452,0,0,24,0,251,0,0,9,0,231,787,36,36,0,0,86,12,1,0,0,1,1,0,0
2,35,0,41,0,8,0,1.024646,1.006952,0.997418,39,6,1084,100,100,0,0,0,0,32,62,66,3,20,1,110,36,0,0,2957,9,0,24,0,950,479,0,24,0,544,0,0,0,0,161,15,0,18,0,228,842,72,14,0,0,137,0,1,0,0,1,1,0,0
2,35,1,29,0,8,0,0.979642,1.007636,0.98591,27,7,1209,100,100,0,0,0,32,0,70,82,3,20,1,50,30,0,0,2957,4,0,20,0,950,499,0,20,0,544,1,0,0,0,161,9,0,12,0,228,990,48,12,0,0,138,0,1,0,0,1,1,0,0
2,35,2,37,0,8,0,1.008049,1.003823,1.008141,35,6,1084,100,100,0,0,0,62,70,0,20,3,20,1,48,36,0,0,2957,9,0,24,0,950,399,0,24,0,544,0,0,0,0,161,12,0,15,0,228,808,60,31,0,0,84,0,18,0,0,1,1,0,0
2,35,3,34,0,8,0,1.034649,0.999891,1.015656,32,6,1084,100,100,0,0,0,66,82,20,0,3,20,1,85,30,0,0,2957,4,0,20,0,950,419,0,20,0,544,0,0,0,0,161,13,0,14,0,228,832,56,29,0,0,68,0,18,0,0,1,1,0,0
2,36,0,41,1,4,0,1.024646,1.006952,0.997418,40,6,1084,100,100,0,0,0,0,32,64,68,3,20,0,108,36,0,0,2971,9,0,24,0,968,488,0,24,0,439,0,0,30,0,272,0,0,15,0,237,879,60,44,0,0,151,15,1,0,0,1,1,0,0
2,36,1,27,1,4,0,0.977051,1.005712,0.981329,26,7,1209,100,100,0,0,0,32,0,70,84,3,20,0,53,27,0,0,2971,6,0,18,0,968,505,0,18,0,439,0,0,16,0,272,0,0,9,0,237,1011,36,27,0,0,145,8,1,0,0,1,1,0,0
2,36,2,37,1,4,0,1.005861,1.003608,1.007429,35,6,1084,100,100,0,0,0,64,70,0,20,3,20,0,51,36,0,0,2971,9,0,24,0,968,408,0,24,0,439,1,0,26,0,272,0,0,12,0,237,825,48,40,0,0,96,13,1,0,0,1,1,0,0
2,36,3,33,1,4,0,1.034789,1.000633,1.013212,32,6,1084,100,100,0,0,0,68,84,20,0,3,20,0,85,30,0,0,2971,4,0,20,0,968,426,0,20,0,439,4,0,26,0,272,0,0,13,0,237,861,52,38,0,0,80,13,1,0,0,1,1,0,0
2,37,0,39,4,11,0,1.025398,1.005741,0.99591,38,6,1084,100,100,0,0,0,0,32,66,70,3,20,0,104,33,0,0,2976,8,0,22,0,963,497,0,22,0,430,1,0,32,0,272,0,0,0,0,243,854,0,43,0,0,167,16,0,0,0,0,0,0,0
2,37,1,27,4,11,0,0.977653,1.006738,0.980856,26,7,1209,100,100,0,0,0,32,0,72,86,3,20,0,57,27,0,0,2976,3,0,18,0,963,514,0,18,0,430,0,0,18,0,272,0,0,0,0,243,996,0,27,0,0,154,9,0,0,0,0,0,0,0
2,37,2,33,4,11,0,1.006635,1.009236,1.015221,31,6,1084,100,100,0,0,0,66,72,0,22,3,20,0,51,33,0,0,2976,5,0,22,0,963,418,0,22,0,430,4,0,24,0,272,0,0,0,0,243,797,0,37,0,0,107,12,1,0,0,1,1,0,0
2,37,3,32,4,11,0,1.033434,1.003003,1.014949,31,6,1084,100,100,0,0,0,70,86,22,0,3,20,0,81,24,0,0,2976,8,0,16,0,963,434,0,16,0,430,8,0,26,0,272,0,0,0,0,243,842,0,34,0,0,93,13,0,0,0,0,0,0,0
2,38,0,39,2,2,0,1.025398,1.005741,0.99591,38,6,1084,100,100,0,0,0,0,32,68,72,3,20,2,102,33,0,0,2988,11,0,22,0,971,508,0,22,0,499,0,0,16,0,218,0,0,12,0,250,888,48,29,0,0,174,8,1,0,0,1,1,0,0
2,38,1,28,2,2,0,0.980363,1.006437,0.983642,26,7,1209,100,100,0,0,0,32,0,74,88,3,20,2,61,27,0,0,2988,3,0,18,0,971,523,0,18,0,499,1,0,8,0,218,0,0,3,0,250,1001,12,19,0,0,157,4,1,0,0,1,1,0,0
2,38,2,32,2,2,0,1.01046,1.008641,1.017855,31,6,1084,100,100,0,0,0,68,74,0,22,3,20,2,52,30,0,0,2988,7,0,20,0,971,428,0,20,0,499,1,0,12,0,218,5,0,13,0,250,835,52,24,0,0,112,6,1,0,0,1,1,0,0
2,38,3,32,2,2,0,1.032602,1.00329,1.017115,30,6,1084,100,100,0,0,0,72,88,22,0,3,20,2,78,24,0,0,2988,8,0,16,0,971,442,0,16,0,499,0,0,20,0,218,5,0,13,0,250,877,52,30,0,0,102,10,1,0,0,1,1,0,0
2,39,0,38,1,3,0,1.024225,1.002037,0.994455,37,7,1209,100,100,0,0,0,0,32,70,74,3,20,0,99,33,0,0,2993,11,0,22,0,971,519,0,22,0,493,1,0,4,0,227,2,0,16,0,237,935,64,32,0,0,159,2,17,0,0,0,0,0,0
2,39,1,28,1,3,0,0.980363,1.006437,0.983642,27,8,1334,100,100,0,0,0,32,0,76,90,3,20,0,66,30,0,0,2993,1,0,20,0,971,533,0,20,0,493,0,0,6,0,227,0,0,9,0,237,1017,36,35,0,0,142,3,18,0,0,1,1,0,0
2,39,2,32,1,3,0,1.01046,1.008641,1.017855,32,6,1084,100,100,0,0,0,70,76,0,24,3,20,0,55,30,0,0,2993,7,0,20,0,971,438,0,20,0,493,0,0,18,0,227,1,0,13,0,237,871,52,28,0,0,121,9,0,0,0,0,0,0,0
2,39,3,31,1,3,0,1.030273,1.004455,1.017611,30,7,1209,100,100,0,0,0,74,90,24,0,3,20,0,73,24,0,0,2993,8,0,16,0,971,450,0,16,0,493,0,0,18,0,227,0,0,14,0,237,906,56,45,0,0,93,9,18,0,0,1,1,0,0
2,40,0,38,1,5,0,1.024225,1.002037,0.994455,37,7,1209,100,100,0,0,0,0,32,72,76,3,20,0,99,33,0,0,2993,11,0,22,0,971,530,0,22,0,471,0,0,20,0,272,0,0,2,0,240,925,8,33,0,0,168,10,1,0,0,1,1,0,0
2,40,1,24,1,5,0,0.986634,1.012033,0.977696,24,8,1334,100,100,0,0,0,32,0,78,92,3,20,0,71,27,0,0,2993,0,0,18,0,971,542,0,18,0,471,0,0,12,0,272,0,0,0,0,240,1005,0,21,0,0,148,6,0,0,0,0,0,0,0
2,40,2,32,1,5,0,1.012264,1.011113,1.016407,31,6,1084,100,100,0,0,0,72,78,0,26,3,20,0,57,30,0,0,2993,7,0,20,0,971,448,0,20,0,471,0,0,18,0,272,0,0,1,0,240,859,4,28,0,0,130,9,0,0,0,0,0,0,0
2,40,3,31,1,5,0,1.030273,1.004455,1.017611,31,7,1209,100,100,0,0,0,76,92,26,0,3,20,0,71,24,0,0,2993,8,0,16,0,971,458,0,16,0,471,1,0,20,0,272,0,0,0,0,240,896,0,28,0,0,103,10,0,0,0,0,0,0,0
1,1,0,54,21,3,0,1.004711,0.99831,1.001223,0,0,334,100,100,0,0,0,0,0,2,2,0,80,1,55,39,0,0,3056,127,0,26,0,932,63,0,26,0,478,2,0,46,0,272,2,0,23,0,157,115,92,77,0,0,14,23,9,0,0,9,9,0,0
1,1,1,54,21,3,0,1.006931,0.995875,1.003568,0,0,334,100,100,0,0,0,0,0,2,2,0,80,1,56,39,0,0,3056,127,0,26,0,932,63,0,26,0,478,7,0,46,0,272,2,0,23,0,157,114,92,77,0,0,14,23,9,0,0,9,9,0,0
1,1,2,55,21,3,0,1.007479,0.997524,1.006284,0,0,334,100,100,0,0,0,2,2,0,2,0,80,1,62,39,0,0,3056,127,0,26,0,932,63,0,26,0,478,1,0,46,0,272,2,0,23,0,157,115,92,77,0,0,14,23,9,0,0,9,9,0,0
1,1,3,55,21,3,0,1.006563,1.001698,1.001743,0,0,334,100,100,0,0,0,2,2,2,0,0,80,1,57,39,0,0,3056,127,0,26,0,932,63,0,26,0,478,6,0,48,0,272,1,0,24,0,157,120,96,79,0,0,15,24,9,0,0,9,9,0,0
1,2,0,54,22,10,0,1.007949,0.995354,1.002368,9,0,334,100,100,0,0,0,0,0,4,4,0,80,8,48,33,0,0,3050,90,0,22,0,917,74,0,22,0,450,0,0,32,0,203,0,0,14,0,207,125,56,61,0,0,21,16,9,0,0,9,9,0,0
1,2,1,55,22,10,0,1.012176,0.994432,1.000681,8,0,334,100,100,0,0,0,0,0,4,4,0,80,8,56,36,0,0,3050,88,0,24,0,917,75,0,24,0,450,0,0,20,0,203,0,0,23,0,207,180,92,50,0,0,15,10,9,0,0,9,9,0,0
1,2,2,60,22,10,0,1.012728,1.002463,1.002904,9,0,334,100,100,0,0,0,4,4,0,2,0,80,8,69,42,0,0,3050,80,0,28,0,917,77,0,28,0,450,1,0,36,0,203,0,0,11,0,207,116,44,68,0,0,23,18,9,0,0,9,9,0,0
1,2,3,61,22,10,0,1.010421,1.005055,1.00071,9,0,334,100,100,0,0,0,4,4,2,0,0,80,8,63,42,0,0,3050,80,0,28,0,917,77,0,28,0,450,1,0,20,0,203,0,0,19,0,207,170,76,52,0,0,16,10,9,0,0,9,9,0,0
1,3,0,54,15,10,1,1.009719,0.991894,0.998772,17,0,334,100,100,0,0,0,0,0,6,0,0,76,3,44,30,0,0,3039,57,0,20,0,923,84,0,20,0,543,1,0,0,0,152,7,0,25,0,120,231,100,28,0,0,12,0,9,0,0,9,9,0,0
1,3,1,59,15,10,1,1.0137,0.994737,1.000454,17,0,334,100,100,0,0,0,0,0,6,4,0,76,3,56,39,0,0,3039,46,0,26,0,923,88,0,26,0,543,0,0,0,0,152,0,0,23,0,120,286,92,31,0,0,6,0,9,0,0,9,9,0,0
1,3,2,60,15,10,1,1.013633,1.004661,1.001234,17,0,334,100,100,0,0,0,6,6,0,0,0,76,3,70,45,0,0,3039,32,0,30,0,923,92,0,30,0,543,1,0,0,0,152,6,0,26,0,120,223,104,33,0,0,14,0,9,0,0,9,9,0,0
1,3,3,62,15,10,1,1.012583,1.005072,1.000242,18,0,334,100,100,0,0,0,0,4,0,0,0,76,3,60,42,0,0,3039,30,0,28,0,923,91,0,28,0,543,1,0,0,0,152,3,0,30,0,120,302,120,32,0,0,7,0,9,0,0,9,9,0,0
1,4,0,51,17,14,0,1.007248,0.99754,1.002907,26,0,334,100,100,0,0,0,0,2,8,2,0,76,0,46,30,0,0,2963,22,0,20,0,911,94,0,20,0,440,0,0,20,0,272,0,0,7,0,140,238,28,48,0,0,13,10,9,0,0,9,9,0,0
1,4,1,58,17,14,0,1.010856,0.997707,1.006974,25,0,334,100,100,0,0,0,2,0,8,6,0,76,0,64,48,0,0,2963,1,0,32,0,911,104,0,32,0,440,1,0,24,0,272,0,0,0,0,140,273,0,58,0,0,9,12,9,0,0,9,9,0,0
1,4,2,66,17,14,0,1.01467,1.007927,1.000897,26,0,334,100,100,0,0,0,8,8,0,0,0,76,0,81,51,0,0,2963,8,0,34,0,911,109,0,34,0,440,1,0,28,0,272,0,0,6,0,140,220,24,63,0,0,19,14,9,0,0,9,9,0,0
1,4,3,63,17,14,0,1.013365,1.003656,1.005843,27,0,334,100,100,0,0,0,2,6,0,0,0,76,0,60,45,0,0,2963,8,0,30,0,911,106,0,30,0,440,0,0,32,0,272,0,0,3,0,140,273,12,65,0,0,14,16,9,0,0,9,9,0,0
1,5,0,53,15,4,0,1.008602,0.994256,1.002573,34,0,334,100,100,0,0,0,0,4,10,4,0,72,0,46,30,0,0,2839,22,0,20,0,929,101,0,20,0,462,1,0,18,0,249,0,0,2,0,129,238,8,44,0,0,14,9,8,0,0,8,8,0,0
1,5,1,64,15,4,0,1.015446,0.998065,1.001878,34,0,334,100,100,0,0,0,4,0,10,8,0,72,0,70,48,0,0,2839,1,0,32,0,929,120,0,32,0,462,0,0,18,0,249,0,0,5,0,129,283,20,52,0,0,9,9,9,0,0,9,9,0,0
1,5,2,69,15,4,0,1.012174,1.008014,0.997931,35,0,334,100,100,0,0,0,10,10,0,0,0,72,0,79,48,0,0,2839,13,0,32,0,929,116,0,32,0,462,0,0,24,0,249,0,0,10,0,129,241,40,58,0,0,22,12,9,0,0,9,9,0,0
1,5,3,63,15,4,0,1.014153,1.00557,1.00399,36,0,334,100,100,0,0,0,4,8,0,0,0,72,0,61,48,0,0,2839,7,0,32,0,929,116,0,32,0,462,0,0,20,0,249,0,0,6,0,129,290,24,54,0,0,15,10,9,0,0,9,9,0,0
1,6,0,50,9,12,0,1.008438,0.994746,1.003796,40,0,334,100,100,0,0,0,0,6,12,6,0,72,4,38,30,0,0,2814,28,0,20,0,911,111,0,20,0,521,0,0,2,0,136,0,0,28,0,122,314,112,22,0,0,10,1,5,0,0,5,5,0,0
1,6,1,66,9,12,0,1.01566,0.997768,1.000908,43,0,334,100,100,0,0,0,6,0,12,10,0,72,4,70,48,0,0,2814,13,0,32,0,911,136,0,32,0,521,0,0,6,0,136,2,0,30,0,122,300,120,40,0,0,3,3,9,0,0,9,9,0,0
1,6,2,71,9,12,0,1.012173,1.006818,0.998926,44,1,459,100,100,0,0,0,12,12,0,2,0,72,4,73,48,0,0,2814,16,0,32,0,911,132,0,32,0,521,0,0,10,0,136,2,0,32,0,122,283,128,61,0,0,1,5,26,0,0,9,9,0,0
1,6,3,59,9,12,0,1.008633,1.005559,1.004556,42,0,334,100,100,0,0,0,6,10,2,0,0,72,4,57,42,0,0,2814,8,0,28,0,911,130,0,28,0,521,0,0,4,0,136,0,0,29,0,122,304,116,34,0,0,9,2,8,0,0,8,8,0,0
1,7,0,48,13,12,0,1.010584,0.994583,1.003772,43,1,459,100,100,0,0,0,0,6,14,8,0,68,2,38,30,0,0,2842,22,0,20,0,920,121,0,20,0,389,0,0,24,0,251,0,0,6,0,118,289,24,55,0,0,3,12,19,0,0,2,2,0,0
1,7,1,68,13,12,0,1.018813,0.999023,1.001135,50,0,334,100,100,0,0,0,6,0,14,12,0,68,2,62,42,0,0,2842,23,0,28,0,920,150,0,28,0,389,0,0,48,0,251,0,0,5,0,118,266,20,76,0,0,20,24,7,0,0,7,7,0,0
1,7,2,71,13,12,0,1.012239,1.008465,0.997336,50,1,459,100,100,0,0,0,14,14,0,4,0,68,2,63,45,0,0,2842,18,0,30,0,920,147,0,30,0,389,0,0,50,0,251,0,0,2,0,118,259,8,83,0,0,17,25,9,0,0,9,9,0,0
1,7,3,60,13,12,0,1.009205,1.007427,1.001946,48,1,459,100,100,0,0,0,8,12,4,0,0,68,2,56,42,0,0,2842,8,0,28,0,920,141,0,28,0,389,0,0,24,0,251,0,0,9,0,118,287,36,63,0,0,0,12,21,0,0,4,4,0,0
1,8,0,43,11,15,1,1.015515,0.994441,1.008683,40,1,459,100,100,0,0,0,0,4,10,8,0,68,0,37,27,0,0,2834,22,0,18,0,923,130,0,18,0,526,0,0,6,0,157,0,0,16,0,152,362,64,17,0,0,5,3,1,0,0,1,1,0,0
1,8,1,66,11,15,1,1.018014,1.001992,1.001608,54,1,459,100,100,0,0,0,4,0,16,14,0,68,0,46,36,0,0,2834,36,0,24,0,923,162,0,24,0,526,0,0,8,0,157,0,0,34,0,152,295,136,47,0,0,2,4,22,0,0,5,5,0,0
1,8,2,69,11,15,1,1.010658,1.009335,0.999712,59,1,459,100,100,0,0,0,10,16,0,4,0,68,0,55,45,0,0,2834,15,0,30,0,923,162,0,30,0,526,1,0,2,0,157,4,0,33,0,152,405,132,25,0,0,14,1,4,0,0,4,4,0,0
1,8,3,65,11,15,1,1.010387,1.00767,0.998646,52,1,459,100,100,0,0,0,8,14,4,0,0,68,0,59,45,0,0,2834,6,0,30,0,923,156,0,30,0,526,1,0,0,0,157,0,0,28,0,152,426,112,15,0,0,0,0,0,0,0,0,0,0,0
1,9,0,43,9,41,0,1.011813,0.995967,1.009755,39,1,459,100,100,0,0,0,0,6,12,10,0,64,1,37,27,0,0,2878,18,0,18,0,936,139,0,18,0,414,0,0,18,0,270,0,0,0,0,118,366,0,29,0,0,13,9,1,0,0,1,1,0,0
1,9,1,48,9,41,0,1.019689,0.995922,1.000624,46,1,459,100,100,0,0,0,6,0,18,16,0,64,1,38,30,0,0,2878,15,0,20,0,936,171,0,20,0,414,0,0,34,0,270,0,0,0,0,118,289,0,46,0,0,18,17,1,0,0,1,1,0,0
1,9,2,59,9,41,0,1.017402,1.003785,1.004153,54,2,584,100,100,0,0,0,12,18,0,6,0,64,1,50,39,0,0,2878,13,0,26,0,936,175,0,26,0,414,1,0,40,0,270,0,0,4,0,118,388,16,72,0,0,16,20,18,0,0,1,1,0,0
1,9,3,61,9,41,0,1.011007,1.005214,0.999845,50,1,459,100,100,0,0,0,10,16,6,0,0,64,1,52,45,0,0,2878,0,0,30,0,936,168,0,30,0,414,1,0,32,0,270,0,0,0,0,118,402,0,57,0,0,11,16,5,0,0,5,5,0,0
1,10,0,41,9,33,2,1.013024,0.997279,1.008035,38,1,459,100,100,0,0,0,0,6,8,12,0,64,1,31,24,0,0,2888,23,0,16,0,953,147,0,16,0,535,0,0,0,0,146,1,0,23,0,137,449,92,10,0,0,12,0,1,0,0,1,1,0,0
1,10,1,43,9,33,2,1.010593,0.989172,0.997726,40,2,584,100,100,0,0,0,6,0,16,12,1,64,1,38,27,0,0,2888,12,0,18,0,953,180,0,18,0,535,1,0,0,0,146,4,0,22,0,137,387,88,26,0,0,1,0,17,0,0,0,0,0,0
1,10,2,45,9,33,2,1.020534,1.001896,1.002537,43,2,584,100,100,0,0,0,8,16,0,6,1,64,1,50,39,0,0,2888,13,0,26,0,953,188,0,26,0,535,1,0,6,0,146,6,0,20,0,137,468,80,21,0,0,18,3,1,0,0,1,1,0,0
1,10,3,58,9,33,2,1.011807,1.009585,1.006035,52,1,459,100,100,0,0,0,12,12,6,0,0,64,1,51,42,0,0,2888,2,0,28,0,953,182,0,28,0,535,1,0,2,0,146,7,0,27,0,137,443,108,18,0,0,11,1,1,0,0,1,1,0,0
1,11,0,40,4,14,0,1.010347,0.998396,1.007003,37,2,584,100,100,0,0,0,0,6,10,14,0,60,7,22,18,0,0,2949,10,0,12,0,953,153,0,12,0,472,0,0,20,0,270,0,0,1,0,131,414,4,45,0,0,4,10,18,0,0,1,1,0,0
1,11,1,39,4,14,0,1.012085,0.992314,0.99633,37,2,584,100,100,0,0,0,6,0,18,14,1,60,7,29,21,0,0,2949,14,0,14,0,953,187,0,14,0,472,1,0,18,0,270,0,0,4,0,131,417,16,27,0,0,9,9,1,0,0,1,1,0,0
1,11,2,45,4,14,0,1.022522,1.000984,1.003817,42,2,584,100,100,0,0,0,10,18,0,8,1,60,7,48,33,0,0,2949,10,0,22,0,953,199,0,22,0,472,0,0,16,0,270,0,0,6,0,131,494,24,29,0,0,25,8,1,0,0,1,1,0,0
1,11,3,53,4,14,0,1.013098,1.007414,1.007595,48,2,584,100,100,0,0,0,14,14,8,0,0,60,7,42,36,0,0,2949,8,0,24,0,953,194,0,24,0,472,0,0,18,0,270,0,0,7,0,131,420,28,51,0,0,1,9,19,0,0,2,2,0,0
1,12,0,32,6,29,2,1.010619,0.996523,1.012833,29,2,584,100,100,0,0,0,0,6,10,4,0,60,1,25,18,0,0,2933,15,0,12,0,989,159,0,12,0,455,0,0,14,0,271,0,0,0,0,173,416,0,22,0,0,10,7,1,0,0,1,1,0,0
1,12,1,32,6,29,2,1.008973,0.995768,0.998621,31,2,584,100,100,0,0,0,6,0,20,14,1,60,1,15,9,0,0,2933,21,0,6,0,989,190,0,6,0,455,1,0,18,0,271,0,0,1,0,173,434,4,23,0,0,17,9,1,0,0,1,1,0,0
1,12,2,44,6,29,2,1.025345,0.999253,1.001704,40,2,584,100,100,0,0,0,10,20,0,6,1,60,1,38,24,0,0,2933,23,0,16,0,989,207,0,16,0,455,0,0,32,0,271,0,0,0,0,173,476,0,42,0,0,40,16,1,0,0,1,1,0,0
1,12,3,46,6,29,2,1.014019,1.008609,1.006289,45,2,584,100,100,0,0,0,4,14,6,0,0,60,1,33,27,0,0,2933,9,0,18,0,989,200,0,18,0,455,0,0,22,0,271,0,0,0,0,173,429,0,31,0,0,12,11,0,0,0,0,0,0,0
1,13,0,30,7,22,0,1.011826,1.003435,1.015019,27,2,584,100,100,0,0,0,0,8,12,6,0,56,1,21,15,0,0,3006,20,0,10,0,1016,164,0,10,0,479,0,0,18,0,255,0,0,2,0,218,414,8,25,0,0,18,9,1,0,0,1,1,0,0
1,13,1,25,7,22,0,1.015752,0.996332,1.001206,24,2,584,100,100,0,0,0,8,0,22,16,1,56,1,10,6,0,0,3006,11,0,4,0,1016,192,0,4,0,479,0,0,14,0,255,0,0,2,0,218,447,8,16,0,0,24,7,0,0,0,0,0,0,0
1,13,2,44,7,22,0,1.020866,0.997363,1.005168,40,3,709,100,100,0,0,0,12,22,0,8,1,56,1,37,27,0,0,3006,21,0,18,0,1016,216,0,18,0,479,1,0,18,0,255,0,0,9,0,218,482,36,46,0,0,31,9,18,0,0,1,1,0,0
1,13,3,40,7,22,0,1.013459,0.996957,1.002307,38,2,584,100,100,0,0,0,6,16,8,0,0,56,1,28,21,0,0,3006,10,0,14,0,1016,204,0,14,0,479,1,0,14,0,255,0,0,4,0,218,454,16,21,0,0,19,7,0,0,0,0,0,0,0
1,14,0,26,4,17,0,1.002108,0.990704,1.015273,24,2,584,100,100,0,0,0,0,10,14,8,0,56,0,22,15,0,0,3024,14,0,10,0,1022,169,0,10,0,461,0,0,16,0,272,0,0,0,0,188,409,0,23,0,0,25,8,1,0,0,1,1,0,0
1,14,1,20,4,17,0,1.030862,1.005785,0.993245,20,2,584,100,100,0,0,0,10,0,24,18,1,56,0,6,3,0,0,3024,10,0,2,0,1022,193,0,2,0,461,0,0,10,0,272,0,0,0,0,188,469,0,11,0,0,29,5,0,0,0,0,0,0,0
1,14,2,44,4,17,0,1.020854,0.998418,1.004311,40,3,709,100,100,0,0,0,14,24,0,8,1,56,0,33,24,0,0,3024,23,0,16,0,1022,224,0,16,0,461,0,0,36,0,272,0,0,0,0,188,460,0,46,0,0,48,18,1,0,0,1,1,0,0
1,14,3,36,4,17,0,1.00979,0.994018,1.00977,35,2,584,100,100,0,0,0,8,18,8,0,0,56,0,26,21,0,0,3024,7,0,14,0,1022,211,0,14,0,461,1,0,22,0,272,0,0,0,0,188,462,0,29,0,0,30,11,0,0,0,0,0,0,0
1,15,0,23,6,31,1,1.009373,0.992528,1.02813,21,2,584,100,100,0,0,0,0,12,10,10,0,52,0,21,12,0,0,3038,10,0,8,0,1085,161,0,8,0,480,0,0,16,0,267,0,0,2,0,228,412,8,20,0,0,33,8,0,0,0,0,0,0,0
1,15,1,10,6,31,1,1.033116,0.992858,0.99857,10,2,584,100,100,0,0,0,12,0,24,20,2,52,0,9,3,0,0,3038,10,0,2,0,1085,194,0,2,0,480,0,0,6,0,267,0,0,0,0,228,471,0,7,0,0,32,3,0,0,0,0,0,0,0
1,15,2,38,6,31,1,1.017169,0.994077,1.00107,34,3,709,100,100,0,0,0,10,24,0,8,1,52,0,33,21,0,0,3038,19,0,14,0,1085,210,0,14,0,480,1,0,24,0,267,0,0,2,0,228,453,8,33,0,0,59,12,1,0,0,1,1,0,0
1,15,3,30,6,31,1,1.004824,0.988796,1.015434,29,2,584,100,100,0,0,0,10,20,8,0,1,52,0,26,18,0,0,3038,9,0,12,0,1085,199,0,12,0,480,0,0,18,0,267,0,0,1,0,228,469,4,24,0,0,39,9,0,0,0,0,0,0,0
1,16,0,23,3,5,0,1.004823,0.993725,1.025279,21,2,584,100,100,0,0,0,0,12,12,12,0,52,6,19,12,0,0,3060,10,0,8,0,1061,156,0,8,0,523,0,0,8,0,228,0,0,6,0,233,437,24,14,0,0,36,4,1,0,0,1,1,0,0
1,16,1,10,3,5,0,1.030916,1.004269,1.000822,9,2,584,100,100,0,0,0,12,0,26,22,2,52,6,8,3,0,0,3060,13,0,2,0,1061,192,0,2,0,523,1,0,2,0,228,0,0,0,0,233,474,0,3,0,0,33,1,0,0,0,0,0,0,0
1,16,2,36,3,5,0,1.017583,0.990018,1.003333,34,3,709,100,100,0,0,0,12,26,0,8,1,52,6,28,18,0,0,3060,21,0,12,0,1061,213,0,12,0,523,1,0,6,0,228,3,0,17,0,233,525,68,14,0,0,61,3,1,0,0,1,1,0,0
1,16,3,30,3,5,0,1.004824,0.988796,1.015434,29,3,709,100,100,0,0,0,12,22,8,0,1,52,6,25,18,0,0,3060,9,0,12,0,1061,196,0,12,0,523,0,0,4,0,228,0,0,15,0,233,525,60,29,0,0,23,2,18,0,0,1,1,0,0
1,17,0,21,4,8,0,1.004709,0.985936,1.023543,20,2,584,100,100,0,0,0,0,12,14,14,0,48,5,17,9,0,0,3066,12,0,6,0,1049,154,0,6,0,491,1,0,6,0,261,0,0,6,0,235,470,24,9,0,0,39,3,0,0,0,0,0,0,0
1,17,1,11,4,8,0,1.034016,0.993936,0.99991,9,2,584,100,100,0,0,0,12,0,28,24,2,48,5,8,3,0,0,3066,16,0,2,0,1049,193,0,2,0,491,0,0,4,0,261,0,0,0,0,235,473,0,7,0,0,34,2,1,0,0,1,1,0,0
1,17,2,34,4,8,0,1.015365,0.990529,1.000533,31,3,709,100,100,0,0,0,14,28,0,10,1,48,5,26,18,0,0,3066,21,0,12,0,1049,217,0,12,0,491,1,0,28,0,261,0,0,3,0,235,513,12,36,0,0,74,14,1,0,0,1,1,0,0
1,17,3,29,4,8,0,1.003674,0.989389,1.018345,29,3,709,100,100,0,0,0,14,24,10,0,1,48,5,26,18,0,0,3066,7,0,12,0,1049,197,0,12,0,491,1,0,14,0,261,0,0,5,0,235,554,20,20,0,0,30,7,0,0,0,0,0,0,0
1,18,0,21,6,8,0,0.990725,0.992521,1.020855,18,2,584,100,100,0,0,0,0,14,16,16,0,48,0,17,9,0,0,3066,12,0,6,0,1043,157,0,6,0,513,0,0,8,0,258,0,0,1,0,234,479,4,13,0,0,42,4,1,0,0,1,1,0,0
1,18,1,12,6,8,0,1.047395,0.987178,0.993796,9,2,584,100,100,0,0,0,14,0,30,26,2,48,0,10,3,0,0,3066,21,0,2,0,1043,194,0,2,0,513,1,0,0,0,258,0,0,0,0,234,476,0,3,0,0,33,0,1,0,0,1,1,0,0
1,18,2,30,6,8,0,1.008367,0.988026,0.997745,29,3,709,100,100,0,0,0,16,30,0,12,1,48,0,23,15,0,0,3066,23,0,10,0,1043,222,0,10,0,513,1,0,12,0,258,0,0,10,0,234,548,40,17,0,0,80,6,0,0,0,0,0,0,0
1,18,3,30,6,8,0,1.006514,0.988931,1.018246,29,3,709,100,100,0,0,0,16,26,12,0,1,48,0,29,18,0,0,3066,9,0,12,0,1043,203,0,12,0,513,1,0,8,0,258,0,0,3,0,234,579,12,14,0,0,34,4,0,0,0,0,0,0,0
1,19,0,21,5,8,0,0.990957,0.996436,1.020317,19,3,709,100,100,0,0,0,0,16,18,18,0,44,1,16,9,0,0,3070,12,0,6,0,1037,160,0,6,0,496,1,0,8,0,265,0,0,3,0,232,482,12,30,0,0,28,4,18,0,0,1,1,0,0
1,19,1,13,5,8,0,1.057539,0.979979,0.986091,9,2,584,100,100,0,0,0,16,0,32,26,2,44,1,13,6,0,0,3070,20,0,4,0,1037,196,0,4,0,496,0,0,4,0,265,0,0,0,0,232,477,0,8,0,0,34,2,1,0,0,1,1,0,0
1,19,2,25,5,8,0,1.008898,0.998386,0.998097,24,3,709,100,100,0,0,0,18,32,0,12,1,44,1,24,18,0,0,3070,18,0,12,0,1037,228,0,12,0,496,1,0,12,0,265,0,0,4,0,232,553,16,20,0,0,85,6,1,0,0,1,1,0,0
1,19,3,31,5,8,0,1.008636,0.989436,1.012703,28,3,709,100,100,0,0,0,18,26,12,0,1,44,1,27,18,0,0,3070,9,0,12,0,1037,209,0,12,0,496,1,0,18,0,265,0,0,0,0,232,582,0,26,0,0,42,9,1,0,0,1,1,0,0
1,20,0,19,8,6,0,0.99559,1.006023,1.024308,17,3,709,100,100,0,0,0,0,16,20,20,2,44,1,14,9,0,0,3078,6,0,6,0,1037,163,0,6,0,493,1,0,12,0,272,0,0,0,0,235,483,0,17,0,0,33,6,1,0,0,1,1,0,0
1,20,1,15,8,6,0,1.05873,0.98187,0.978326,10,2,584,100,100,0,0,0,16,0,34,28,2,44,1,16,6,0,0,3078,18,0,4,0,1037,198,0,4,0,493,0,0,6,0,272,0,0,0,0,235,477,0,12,0,0,35,3,2,0,0,2,2,0,0
1,20,2,27,8,6,0,1.008298,0.993082,0.99666,25,3,709,100,100,0,0,0,20,34,0,14,2,44,1,26,18,0,0,3078,18,0,12,0,1037,234,0,12,0,493,1,0,18,0,272,0,0,0,0,235,538,0,24,0,0,94,9,0,0,0,0,0,0,0
1,20,3,31,8,6,0,1.008458,0.988048,1.003775,26,3,709,100,100,0,0,0,20,28,14,0,2,44,1,28,18,0,0,3078,6,0,12,0,1037,215,0,12,0,493,0,0,16,0,272,0,0,0,0,235,584,0,24,0,0,49,8,1,0,0,1,1,0,0
1,21,0,18,4,4,0,1.003619,1.006106,1.02104,17,3,709,100,100,0,0,0,0,16,22,22,2,40,6,12,9,0,0,3075,6,0,6,0,1031,166,0,6,0,495,0,0,12,0,272,0,0,0,0,222,484,0,17,0,0,38,6,1,0,0,1,1,0,0
1,21,1,16,4,4,0,1.05467,0.98049,0.981891,12,2,584,100,100,0,0,0,16,0,36,30,2,40,6,15,6,0,0,3075,17,0,4,0,1031,200,0,4,0,495,0,0,6,0,272,0,0,0,0,222,480,0,12,0,0,36,3,2,0,0,2,2,0,0
1,21,2,28,4,4,0,1.008775,0.996971,0.995397,24,3,709,100,100,0,0,0,22,36,0,16,2,40,6,27,18,0,0,3075,18,0,12,0,1031,240,0,12,0,495,1,0,18,0,272,0,0,0,0,222,521,0,26,0,0,102,9,1,0,0,1,1,0,0
1,21,3,30,4,4,0,1.005576,0.992142,1.008693,26,3,709,100,100,0,0,0,22,30,16,0,2,40,6,25,18,0,0,3075,6,0,12,0,1031,221,0,12,0,495,0,0,14,0,272,0,0,0,0,222,596,0,24,0,0,54,7,2,0,0,2,2,0,0
1,22,0,14,6,10,0,1.014976,1.016653,1.015618,13,3,709,100,100,0,0,0,0,16,24,24,2,40,5,4,0,0,0,3076,12,0,0,0,1037,166,0,0,0,487,1,0,8,0,272,0,0,0,0,230,494,0,8,0,0,42,4,0,0,0,0,0,0,0
1,22,1,17,6,10,0,1.045998,0.975654,0.98655,14,2,584,100,100,0,0,0,16,0,38,32,2,40,5,18,9,0,0,3076,10,0,6,0,1037,203,0,6,0,487,0,0,6,0,272,0,0,0,0,230,484,0,11,0,0,38,3,1,0,0,1,1,0,0
1,22,2,29,6,10,0,1.010322,1.001106,0.997995,24,3,709,100,100,0,0,0,24,38,0,16,2,40,5,26,18,0,0,3076,18,0,12,0,1037,246,0,12,0,487,1,0,24,0,272,0,0,0,0,230,495,0,34,0,0,112,12,2,0,0,2,2,0,0
1,22,3,28,6,10,0,1.007758,0.999311,1.012637,26,4,834,100,100,0,0,0,24,32,16,0,2,40,5,24,18,0,0,3076,6,0,12,0,1037,227,0,12,0,487,1,0,14,0,272,0,0,0,0,230,586,0,39,0,0,43,7,18,0,0,1,1,0,0
1,23,0,8,2,9,0,1.018395,1.021562,1.025499,8,3,709,100,100,0,0,0,0,16,26,26,2,36,3,2,0,0,0,3086,9,0,0,0,1043,166,0,0,0,493,1,0,6,0,272,0,0,0,0,231,494,0,6,0,0,45,3,0,0,0,0,0,0,0
1,23,1,17,2,9,0,1.045468,0.975854,0.993063,14,2,584,100,100,0,0,0,16,0,40,34,2,36,3,17,9,0,0,3086,9,0,6,0,1043,206,0,6,0,493,1,0,8,0,272,0,0,0,0,231,486,0,13,0,0,41,4,1,0,0,1,1,0,0
1,23,2,29,2,9,0,1.009568,0.998693,1.000259,26,3,709,100,100,0,0,0,26,40,0,16,2,36,3,25,18,0,0,3086,18,0,12,0,1043,252,0,12,0,493,1,0,18,0,272,0,0,0,0,231,484,0,26,0,0,120,9,1,0,0,1,1,0,0
1,23,3,27,2,9,0,1.00929,1.002042,1.012265,26,4,834,100,100,0,0,0,26,34,16,0,2,36,3,22,18,0,0,3086,6,0,12,0,1043,233,0,12,0,493,0,0,16,0,272,0,0,0,0,231,589,0,24,0,0,50,8,1,0,0,1,1,0,0
1,24,0,7,2,6,0,1.022483,1.014148,1.027025,7,3,709,100,100,0,0,0,0,18,28,28,2,36,6,2,0,0,0,3082,10,0,0,0,1079,166,0,0,0,508,1,0,4,0,272,0,0,0,0,294,491,0,4,0,0,47,2,0,0,0,0,0,0,0
1,24,1,18,2,6,0,1.045001,0.974956,0.994282,15,2,584,100,100,0,0,0,18,0,42,36,2,36,6,16,9,0,0,3082,12,0,6,0,1079,203,0,6,0,508,0,0,8,0,272,0,0,0,0,294,473,0,13,0,0,44,4,1,0,0,1,1,0,0
1,24,2,25,2,6,0,1.015871,1.003442,0.999231,24,3,709,100,100,0,0,0,28,42,0,16,2,36,6,23,18,0,0,3082,21,0,12,0,1079,243,0,12,0,508,1,0,6,0,272,0,0,0,0,294,472,0,14,0,0,122,3,1,0,0,1,1,0,0
1,24,3,27,2,6,0,1.005583,1.002717,1.010453,26,4,834,100,100,0,0,0,28,36,16,0,2,36,6,19,15,0,0,3082,8,0,10,0,1079,226,0,10,0,508,1,0,12,0,272,0,0,0,0,294,575,0,17,0,0,56,6,0,0,0,0,0,0,0
1,25,0,7,3,7,0,1.022483,1.014148,1.027025,7,3,709,100,100,0,0,0,0,18,30,30,2,32,1,1,0,0,0,3105,9,0,0,0,1049,166,0,0,0,538,1,0,0,0,236,0,0,4,0,247,510,16,0,0,0,47,0,0,0,0,0,0,0,0
1,25,1,17,3,7,0,1.041817,0.969838,0.978467,14,3,709,100,100,0,0,0,18,0,44,38,2,32,1,14,9,0,0,3105,9,0,6,0,1049,206,0,6,0,538,1,0,2,0,236,0,0,6,0,247,485,24,24,0,0,27,1,18,0,0,1,1,0,0
1,25,2,24,3,7,0,1.018067,1.004836,0.998352,24,3,709,100,100,0,0,0,30,44,0,18,2,32,1,25,18,0,0,3105,18,0,12,0,1049,249,0,12,0,538,0,0,4,0,236,0,0,6,0,247,497,24,10,0,0,124,2,0,0,0,0,0,0,0
1,25,3,25,3,7,0,1.004459,1.004438,1.016778,24,4,834,100,100,0,0,0,30,38,18,0,2,32,1,17,12,0,0,3105,7,0,8,0,1049,230,0,8,0,538,1,0,0,0,236,3,0,14,0,247,648,56,4,0,0,56,0,0,0,0,0,0,0,0
1,26,0,3,0,13,0,1.067552,1.049486,1.019174,3,3,709,100,100,0,0,0,0,18,30,32,2,32,7,1,0,0,0,3102,8,0,0,0,1049,166,0,0,0,515,0,0,2,0,269,0,0,0,0,255,508,0,2,0,0,48,1,0,0,0,0,0,0,0
1,26,1,15,0,13,0,1.043197,0.977718,0.979034,13,3,709,100,100,0,0,0,18,0,46,40,2,32,7,11,9,0,0,3102,9,0,6,0,1049,209,0,6,0,515,1,0,6,0,269,0,0,0,0,255,489,0,11,0,0,29,3,1,0,0,1,1,0,0
1,26,2,23,0,13,0,1.015644,1.003773,0.998635,23,3,709,100,100,0,0,0,30,46,0,18,2,32,7,19,15,0,0,3102,23,0,10,0,1049,254,0,10,0,515,0,0,6,0,269,0,0,3,0,255,510,12,11,0,0,127,3,0,0,0,0,0,0,0
1,26,3,19,0,13,0,1.002865,1.006819,1.015634,19,4,834,100,100,0,0,0,32,40,18,0,2,32,7,9,9,0,0,3102,6,0,6,0,1049,233,0,6,0,515,0,0,14,0,269,0,0,3,0,255,661,12,17,0,0,63,7,0,0,0,0,0,0,0
1,27,0,2,2,12,0,1.064847,1.06463,1.026936,2,3,709,100,100,0,0,0,0,18,32,32,2,28,2,1,0,0,0,3127,8,0,0,0,1061,166,0,0,0,543,0,0,0,0,257,0,0,0,0,266,511,0,0,0,0,48,0,0,0,0,0,0,0,0
1,27,1,13,2,12,0,1.04917,0.978474,0.973089,12,3,709,100,100,0,0,0,18,0,48,42,2,28,2,12,9,0,0,3127,9,0,6,0,1061,212,0,6,0,543,1,0,0,0,257,0,0,0,0,266,491,0,5,0,0,28,0,1,0,0,1,1,0,0
1,27,2,20,2,12,0,1.019037,1.007656,0.988954,19,3,709,100,100,0,0,0,32,48,0,20,3,28,2,19,12,0,0,3127,19,0,8,0,1061,258,0,8,0,543,0,0,0,0,257,0,0,9,0,266,548,36,4,0,0,127,0,0,0,0,0,0,0,0
1,27,3,15,2,12,0,1.028647,1.006597,1.006321,14,4,834,100,100,0,0,0,32,42,20,0,3,28,2,11,6,0,0,3127,2,0,4,0,1061,235,0,4,0,543,1,0,0,0,257,0,0,6,0,266,701,24,2,0,0,63,0,0,0,0,0,0,0,0
1,28,0,2,2,4,0,1.064847,1.06463,1.026936,2,3,709,100,100,0,0,0,0,18,32,32,2,28,4,2,0,0,0,3122,12,0,0,0,1058,166,0,0,0,542,0,0,0,0,265,0,0,0,0,267,511,0,0,0,0,48,0,0,0,0,0,0,0,0
1,28,1,13,2,4,0,1.04917,0.978474,0.973089,13,3,709,100,100,0,0,0,18,0,50,44,2,28,4,16,9,0,0,3122,9,0,6,0,1058,215,0,6,0,542,0,0,2,0,265,0,0,2,0,267,506,8,5,0,0,29,1,0,0,0,0,0,0,0
1,28,2,19,2,4,0,1.005337,1.011313,0.993322,17,3,709,100,100,0,0,0,32,50,0,20,3,28,4,17,12,0,0,3122,16,0,8,0,1058,262,0,8,0,542,0,0,0,0,265,0,0,3,0,267,563,12,6,0,0,126,0,1,0,0,1,1,0,0
1,28,3,14,2,4,0,1.027815,1.000962,0.998899,13,5,959,100,100,0,0,0,32,44,20,0,3,28,4,10,6,0,0,3122,8,0,4,0,1058,237,0,4,0,542,0,0,2,0,265,0,0,2,0,267,700,8,21,0,0,47,1,17,0,0,0,0,0,0
1,29,0,2,2,5,0,1.064847,1.06463,1.026936,2,3,709,100,100,0,0,0,0,18,32,34,2,24,2,1,0,0,0,3133,16,0,0,0,1064,166,0,0,0,544,0,0,0,0,251,0,0,0,0,264,511,0,0,0,0,48,0,0,0,0,0,0,0,0
1,29,1,13,2,5,0,1.04917,0.978474,0.973089,13,3,709,100,100,0,0,0,18,0,52,46,2,24,2,17,9,0,0,3133,9,0,6,0,1064,218,0,6,0,544,0,0,0,0,251,0,0,3,0,264,527,12,3,0,0,29,0,0,0,0,0,0,0,0
1,29,2,19,2,5,0,1.000087,1.010025,0.993491,17,3,709,100,100,0,0,0,32,52,0,22,3,24,2,18,12,0,0,3133,16,0,8,0,1064,266,0,8,0,544,0,0,0,0,251,0,0,9,0,264,602,36,6,0,0,125,0,1,0,0,1,1,0,0
1,29,3,11,2,5,0,1.013742,0.985946,1.007105,10,5,959,100,100,0,0,0,34,46,22,0,3,24,2,11,6,0,0,3133,2,0,4,0,1064,236,0,4,0,544,0,0,0,0,251,4,0,5,0,264,727,20,2,0,0,47,0,0,0,0,0,0,0,0
1,30,0,2,2,2,0,1.064847,1.06463,1.026936,2,3,709,100,100,0,0,0,0,18,34,34,2,24,7,1,0,0,0,3127,20,0,0,0,1061,166,0,0,0,526,0,0,0,0,270,0,0,0,0,270,511,0,0,0,0,48,0,0,0,0,0,0,0,0
1,30,1,13,2,2,0,1.053107,0.980932,0.979673,12,3,709,100,100,0,0,0,18,0,54,48,2,24,7,17,9,0,0,3127,6,0,6,0,1061,221,0,6,0,526,0,0,0,0,270,0,0,2,0,270,544,8,3,0,0,29,0,0,0,0,0,0,0,0
1,30,2,19,2,2,0,1.002155,1.006618,1.000933,17,3,709,100,100,0,0,0,34,54,0,22,3,24,7,18,12,0,0,3127,19,0,8,0,1061,270,0,8,0,526,1,0,8,0,270,0,0,0,0,270,594,0,14,0,0,128,4,1,0,0,1,1,0,0
1,30,3,11,2,2,0,1.013742,0.985946,1.007105,10,5,959,100,100,0,0,0,34,48,22,0,3,24,7,10,6,0,0,3127,5,0,4,0,1061,238,0,4,0,526,1,0,8,0,270,0,0,4,0,270,740,16,12,0,0,50,4,1,0,0,1,1,0,0
1,31,0,1,1,3,0,1.003739,1.004372,1.058685,1,3,709,100,100,0,0,0,0,18,34,34,2,20,6,1,0,0,0,3148,21,0,0,0,1061,166,0,0,0,523,0,0,0,0,272,0,0,0,0,261,511,0,0,0,0,48,0,0,0,0,0,0,0,0
1,31,1,13,1,3,0,1.053107,0.980932,0.979673,12,3,709,100,100,0,0,0,18,0,56,50,2,20,6,18,9,0,0,3148,5,0,6,0,1061,224,0,6,0,523,1,0,2,0,272,0,0,0,0,261,553,0,7,0,0,29,1,1,0,0,1,1,0,0
1,31,2,19,1,3,0,1.01,1.004541,0.989827,18,3,709,100,100,0,0,0,34,56,0,22,3,20,6,17,12,0,0,3148,11,0,8,0,1061,274,0,8,0,523,0,0,10,0,272,0,0,0,0,261,594,0,14,0,0,133,5,0,0,0,0,0,0,0
1,31,3,10,1,3,0,1.014988,0.991905,1.009463,10,5,959,100,100,0,0,0,34,50,22,0,3,20,6,8,6,0,0,3148,2,0,4,0,1061,240,0,4,0,523,0,0,10,0,272,0,0,0,0,261,737,0,12,0,0,55,5,0,0,0,0,0,0,0
1,32,0,0,0,3,0,0,0,0,0,3,709,100,100,0,0,0,0,18,34,34,0,20,11,0,0,0,0,3131,20,0,0,0,1064,166,0,0,0,529,0,0,0,0,263,0,0,0,0,270,511,0,0,0,0,48,0,0,0,0,0,0,0,0
1,32,1,13,0,3,0,1.053107,0.980932,0.979673,13,3,709,100,100,0,0,0,18,0,58,52,2,20,11,16,9,0,0,3131,6,0,6,0,1064,227,0,6,0,529,0,0,4,0,263,0,0,0,0,270,561,0,7,0,0,31,2,0,0,0,0,0,0,0
1,32,2,19,0,3,0,1.01,1.004541,0.989827,18,3,709,100,100,0,0,0,34,58,0,22,2,20,11,15,12,0,0,3131,16,0,8,0,1064,278,0,8,0,529,1,0,8,0,263,0,0,3,0,270,598,12,14,0,0,136,4,1,0,0,1,1,0,0
1,32,3,8,0,3,0,0.999358,0.997125,1.02083,8,5,959,100,100,0,0,0,34,52,22,0,2,20,11,4,3,0,0,3131,1,0,2,0,1064,241,0,2,0,529,1,0,2,0,263,2,0,4,0,270,759,16,3,0,0,56,1,0,0,0,0,0,0,0
1,33,0,0,1,3,0,0,0,0,0,3,709,100,100,0,0,0,0,18,34,34,0,20,2,0,0,0,0,3144,20,0,0,0,1067,166,0,0,0,530,0,0,0,0,270,0,0,0,0,271,511,0,0,0,0,48,0,0,0,0,0,0,0,0
1,33,1,14,1,3,0,1.055171,0.971085,0.979503,13,3,709,100,100,0,0,0,18,0,58,54,2,20,2,18,9,0,0,3144,6,0,6,0,1067,230,0,6,0,530,1,0,2,0,270,0,0,0,0,271,571,0,5,0,0,32,1,0,0,0,0,0,0,0
1,33,2,17,1,3,0,1.008481,1.006028,0.998753,17,3,709,100,100,0,0,0,34,58,0,22,2,20,2,13,9,0,0,3144,18,0,6,0,1067,281,0,6,0,530,0,0,8,0,270,0,0,1,0,271,600,4,11,0,0,140,4,0,0,0,0,0,0,0
1,33,3,7,1,3,0,0.992207,0.998972,1.031616,7,5,959,100,100,0,0,0,34,54,22,0,2,20,2,4,3,0,0,3144,1,0,2,0,1067,242,0,2,0,530,1,0,4,0,270,0,0,3,0,271,771,12,5,0,0,58,2,0,0,0,0,0,0,0
1,34,0,0,0,4,0,0,0,0,0,3,709,100,100,0,0,0,0,18,34,34,0,20,9,0,0,0,0,3150,20,0,0,0,1070,166,0,0,0,526,0,0,0,0,272,0,0,0,0,276,511,0,0,0,0,48,0,0,0,0,0,0,0,0
1,34,1,14,0,4,0,1.055171,0.971085,0.979503,13,3,709,100,100,0,0,0,18,0,60,56,2,20,9,15,9,0,0,3150,6,0,6,0,1070,233,0,6,0,526,1,0,6,0,272,0,0,0,0,276,575,0,11,0,0,34,3,1,0,0,1,1,0,0
1,34,2,14,0,4,0,1.008229,1.003376,1.003278,14,3,709,100,100,0,0,0,34,60,0,22,2,20,9,9,6,0,0,3150,18,0,4,0,1070,283,0,4,0,526,0,0,6,0,272,0,0,0,0,276,598,0,8,0,0,143,3,0,0,0,0,0,0,0
1,34,3,6,0,4,0,0.981399,0.994208,1.03448,6,5,959,100,100,0,0,0,34,56,22,0,2,20,9,4,3,0,0,3150,1,0,2,0,1070,243,0,2,0,526,3,0,4,0,272,0,0,0,0,276,769,0,5,0,0,60,2,0,0,0,0,0,0,0
1,35,0,0,0,2,0,0,0,0,0,3,709,100,100,0,0,0,0,18,34,34,0,20,6,0,0,0,0,3157,20,0,0,0,1073,166,0,0,0,543,0,0,0,0,254,0,0,0,0,270,511,0,0,0,0,48,0,0,0,0,0,0,0,0
1,35,1,14,0,2,0,1.055171,0.971085,0.979503,14,4,834,100,100,0,0,0,18,0,62,58,2,20,6,14,9,0,0,3157,6,0,6,0,1073,233,0,6,0,543,1,0,0,0,254,0,0,6,0,270,594,24,20,0,0,17,0,17,0,0,0,0,0,0
1,35,2,12,0,2,0,1.008265,1.006151,1.005101,12,4,834,100,100,0,0,0,34,62,0,22,2,20,6,9,6,0,0,3157,15,0,4,0,1073,285,0,4,0,543,0,0,0,0,254,0,0,6,0,270,612,24,19,0,0,126,0,17,0,0,0,0,0,0
1,35,3,6,0,2,0,0.981399,0.994208,1.03448,6,5,959,100,100,0,0,0,34,58,22,0,2,20,6,4,3,0,0,3157,1,0,2,0,1073,244,0,2,0,543,0,0,4,0,254,4,0,2,0,270,775,8,5,0,0,62,2,0,0,0,0,0,0,0
1,36,0,0,0,4,0,0,0,0,0,3,709,100,100,0,0,0,0,18,34,34,0,20,6,0,0,0,0,3157,20,0,0,0,1070,166,0,0,0,544,0,0,0,0,257,0,0,0,0,276,511,0,0,0,0,48,0,0,0,0,0,0,0,0
1,36,1,13,0,4,0,1.055956,0.968223,0.980129,13,4,834,100,100,0,0,0,18,0,64,60,2,20,6,13,9,0,0,3157,3,0,6,0,1070,236,0,6,0,544,1,0,0,0,257,0,0,6,0,276,630,24,3,0,0,17,0,0,0,0,0,0,0,0
1,36,2,10,0,4,0,1.008443,1.0168,1.007278,10,4,834,100,100,0,0,0,34,64,0,22,2,20,6,9,6,0,0,3157,14,0,4,0,1070,287,0,4,0,544,0,0,0,0,257,0,0,3,0,276,628,12,2,0,0,126,0,0,0,0,0,0,0,0
1,36,3,5,0,4,0,0.981118,0.984641,1.029104,5,5,959,100,100,0,0,0,34,60,22,0,2,20,6,4,3,0,0,3157,1,0,2,0,1070,245,0,2,0,544,0,0,0,0,257,8,0,2,0,276,785,8,1,0,0,62,0,0,0,0,0,0,0,0
1,37,0,0,1,1,0,0,0,0,0,3,709,100,100,0,0,0,0,18,34,34,0,20,6,0,0,0,0,3159,20,0,0,0,1070,166,0,0,0,529,0,0,0,0,272,0,0,0,0,276,511,0,0,0,0,48,0,0,0,0,0,0,0,0
1,37,1,13,1,1,0,1.055956,0.968223,0.980129,13,4,834,100,100,0,0,0,18,0,66,60,2,20,6,14,9,0,0,3159,3,0,6,0,1070,239,0,6,0,529,1,0,6,0,272,0,0,0,0,276,636,0,9,0,0,20,3,0,0,0,0,0,0,0
1,37,2,9,1,1,0,1.010252,1.009623,1.002313,9,4,834,100,100,0,0,0,34,66,0,24,2,20,6,7,3,0,0,3159,17,0,2,0,1070,288,0,2,0,529,1,0,2,0,272,0,0,0,0,276,631,0,3,0,0,127,1,0,0,0,0,0,0,0
1,37,3,6,1,1,0,0.984874,0.986102,1.027512,5,5,959,100,100,0,0,0,34,60,24,0,2,20,6,6,3,0,0,3159,1,0,2,0,1070,246,0,2,0,529,2,0,4,0,272,6,0,2,0,276,791,8,5,0,0,64,2,0,0,0,0,0,0,0
1,38,0,0,1,4,0,0,0,0,0,3,709,100,100,0,0,0,0,18,34,34,0,20,6,0,0,0,0,3161,20,0,0,0,1079,166,0,0,0,532,0,0,0,0,272,0,0,0,0,285,511,0,0,0,0,48,0,0,0,0,0,0,0,0
1,38,1,14,1,4,0,1.054842,0.967044,0.97663,13,4,834,100,100,0,0,0,18,0,68,62,2,20,6,13,9,0,0,3161,3,0,6,0,1079,239,0,6,0,532,0,0,4,0,272,0,0,0,0,285,641,0,7,0,0,22,2,0,0,0,0,0,0,0
1,38,2,5,1,4,0,1.013108,1.017877,0.996437,5,4,834,100,100,0,0,0,34,68,0,24,2,20,6,6,3,0,0,3161,15,0,2,0,1079,289,0,2,0,532,1,0,0,0,272,0,0,0,0,285,630,0,1,0,0,127,0,0,0,0,0,0,0,0
1,38,3,6,1,4,0,0.984874,0.986102,1.027512,5,5,959,100,100,0,0,0,34,62,24,0,2,20,6,5,3,0,0,3161,1,0,2,0,1079,244,0,2,0,532,4,0,4,0,272,4,0,2,0,285,795,8,7,0,0,65,2,1,0,0,1,1,0,0
1,39,0,0,0,1,0,0,0,0,0,3,709,100,100,0,0,0,0,18,34,34,0,20,12,0,0,0,0,3167,20,0,0,0,1085,166,0,0,0,535,0,0,0,0,269,0,0,0,0,272,511,0,0,0,0,48,0,0,0,0,0,0,0,0
1,39,1,13,0,1,0,1.05526,0.965724,0.979038,12,4,834,100,100,0,0,0,18,0,70,62,2,20,12,12,9,0,0,3167,0,0,6,0,1085,233,0,6,0,535,1,0,2,0,269,0,0,3,0,272,664,12,7,0,0,22,1,1,0,0,1,1,0,0
1,39,2,5,0,1,0,1.013108,1.017877,0.996437,5,4,834,100,100,0,0,0,34,70,0,24,2,20,12,5,3,0,0,3167,16,0,2,0,1085,287,0,2,0,535,1,0,0,0,269,0,0,0,0,272,633,0,1,0,0,127,0,0,0,0,0,0,0,0
1,39,3,6,0,1,0,0.984874,0.986102,1.027512,6,5,959,100,100,0,0,0,34,62,24,0,2,20,12,5,3,0,0,3167,1,0,2,0,1085,245,0,2,0,535,6,0,4,0,269,2,0,2,0,272,801,8,5,0,0,67,2,0,0,0,0,0,0,0
1,40,0,0,0,0,0,0,0,0,0,3,709,100,100,0,0,0,0,18,34,34,0,20,7,0,0,0,0,3161,20,0,0,0,1070,166,0,0,0,538,0,0,0,0,266,0,0,0,0,279,511,0,0,0,0,48,0,0,0,0,0,0,0,0
1,40,1,13,0,0,0,1.05526,0.965724,0.979038,13,4,834,100,100,0,0,0,18,0,72,62,2,20,7,14,9,0,0,3161,3,0,6,0,1070,236,0,6,0,538,0,0,4,0,266,0,0,3,0,279,684,12,7,0,0,24,2,0,0,0,0,0,0,0
1,40,2,5,0,0,0,1.013108,1.017877,0.996437,5,4,834,100,100,0,0,0,34,72,0,24,2,20,7,7,3,0,0,3161,18,0,2,0,1070,288,0,2,0,538,1,0,0,0,266,0,0,0,0,279,635,0,1,0,0,127,0,0,0,0,0,0,0,0
1,40,3,6,0,0,0,0.984874,0.986102,1.027512,6,5,959,100,100,0,0,0,34,62,24,0,2,20,7,5,3,0,0,3161,1,0,2,0,1070,249,0,2,0,538,5,0,4,0,266,3,0,2,0,279,807,8,5,0,0,69,2,0,0,0,0,0,0,0
3,1,0,52,16,5,0,0.996728,0.997614,1.007011,0,0,334,100,100,0,0,0,0,2,2,2,0,80,5,59,39,0,0,3056,124,0,26,0,932,63,0,26,0,500,1,0,44,0,206,17,0,23,0,161,116,92,75,0,0,13,22,9,0,0,9,9,0,0
3,1,1,52,16,5,0,0.999736,0.997562,1.010255,0,0,334,100,100,0,0,0,2,0,2,2,0,80,5,48,33,0,0,3056,128,0,22,0,932,61,0,22,0,500,0,0,44,0,206,20,0,23,0,161,121,92,73,0,0,13,22,9,0,0,9,9,0,0
3,1,2,53,16,5,0,0.997949,0.992554,1.009841,0,0,334,100,100,0,0,0,2,2,0,0,0,80,5,54,39,0,0,3056,127,0,26,0,932,63,0,26,0,500,1,0,44,0,206,16,0,24,0,161,124,96,75,0,0,13,22,9,0,0,9,9,0,0
3,1,3,54,16,5,0,0.999558,0.99695,1.008684,0,0,334,100,100,0,0,0,2,2,0,0,0,80,5,54,36,0,0,3056,129,0,24,0,932,62,0,24,0,500,0,0,46,0,206,19,0,24,0,161,123,96,76,0,0,14,23,9,0,0,9,9,0,0
3,2,0,53,19,11,0,0.998979,0.998138,1.009107,9,0,334,100,100,0,0,0,0,2,4,4,0,80,8,62,39,0,0,3050,79,0,26,0,941,76,0,26,0,479,0,0,14,0,270,0,0,17,0,140,173,68,45,0,0,11,7,9,0,0,9,9,0,0
3,2,1,54,19,11,0,1.000254,0.993292,1.011259,8,0,334,100,100,0,0,0,2,0,4,4,0,80,8,50,33,0,0,3050,90,0,22,0,941,72,0,22,0,479,0,0,18,0,270,0,0,20,0,140,196,80,47,0,0,13,9,9,0,0,9,9,0,0
3,2,2,55,19,11,0,0.998522,0.992947,1.009374,8,0,334,100,100,0,0,0,4,4,0,0,0,80,8,54,39,0,0,3050,87,0,26,0,941,76,0,26,0,479,0,0,8,0,270,0,0,18,0,140,198,72,39,0,0,8,4,9,0,0,9,9,0,0
3,2,3,57,19,11,0,0.999738,0.990205,1.010884,9,0,334,100,100,0,0,0,4,4,0,0,0,80,8,51,33,0,0,3050,86,0,22,0,941,73,0,22,0,479,0,0,16,0,270,0,0,19,0,140,194,76,45,0,0,13,8,9,0,0,9,9,0,0
3,3,0,59,18,8,0,1.003082,0.993673,1.010747,18,0,334,100,100,0,0,0,0,2,6,6,0,76,4,71,45,0,0,3068,33,0,30,0,929,91,0,30,0,487,1,0,14,0,209,0,0,18,0,110,234,72,47,0,0,9,7,9,0,0,9,9,0,0
3,3,1,57,18,8,0,0.998367,0.991693,1.008543,17,0,334,100,100,0,0,0,2,0,6,6,0,76,4,51,36,0,0,3068,40,0,24,0,929,84,0,24,0,487,1,0,14,0,209,0,0,12,0,110,253,48,44,0,0,11,7,9,0,0,9,9,0,0
3,3,2,57,18,8,0,0.996699,0.994808,1.013121,16,0,334,100,100,0,0,0,6,6,0,0,0,76,4,60,42,0,0,3068,37,0,28,0,929,90,0,28,0,487,0,0,8,0,209,0,0,15,0,110,266,60,40,0,0,3,4,9,0,0,9,9,0,0
3,3,3,56,18,8,0,0.99981,0.988538,1.008113,17,0,334,100,100,0,0,0,6,6,0,0,0,76,4,50,36,0,0,3068,36,0,24,0,929,85,0,24,0,487,0,0,16,0,209,0,0,18,0,110,264,72,46,0,0,12,8,9,0,0,9,9,0,0
3,4,0,55,17,41,4,1.005103,0.992053,1.008442,26,0,334,100,100,0,0,0,0,-2,8,2,0,76,1,64,36,0,0,2955,18,0,24,0,923,103,0,24,0,423,0,0,24,0,272,0,0,0,0,126,225,0,54,0,0,12,12,9,0,0,9,9,0,0
3,4,1,49,17,41,4,1.000726,0.993634,1.014984,23,0,334,100,100,0,0,0,-2,0,-10,0,0,76,1,52,33,0,0,2955,23,0,22,0,923,95,0,22,0,423,0,0,14,0,272,0,0,0,0,126,243,0,43,0,0,9,7,9,0,0,9,9,0,0
3,4,2,49,17,41,4,1.005498,0.998442,1.014697,22,0,334,100,100,0,0,0,8,-10,0,0,0,76,1,52,33,0,0,2955,20,0,22,0,923,101,0,22,0,423,0,0,16,0,272,0,0,0,0,126,257,0,45,0,0,2,8,9,0,0,9,9,0,0
3,4,3,52,17,41,4,1.006831,0.994077,1.016543,22,0,334,100,100,0,0,0,2,0,0,0,0,76,1,48,30,0,0,2955,10,0,20,0,923,95,0,20,0,423,0,0,24,0,272,0,0,0,0,126,251,0,52,0,0,15,12,9,0,0,9,9,0,0
3,5,0,59,17,7,1,1.005282,0.991318,1.008976,35,0,334,100,100,0,0,0,0,-4,8,-2,0,72,6,68,39,0,0,2895,19,0,26,0,941,116,0,26,0,477,0,0,18,0,272,0,0,0,0,138,221,0,49,0,0,12,9,9,0,0,9,9,0,0
3,5,1,48,17,7,1,0.99938,0.998389,1.01538,30,0,334,100,100,0,0,0,-4,0,-8,2,0,72,6,50,30,0,0,2895,25,0,20,0,941,105,0,20,0,477,1,0,12,0,272,0,0,0,0,138,238,0,38,0,0,7,6,8,0,0,8,8,0,0
3,5,2,55,17,7,1,1.010445,0.998412,1.018061,31,0,334,100,100,0,0,0,8,-8,0,0,0,72,6,58,39,0,0,2895,16,0,26,0,941,114,0,26,0,477,0,0,16,0,272,0,0,0,0,138,249,0,47,0,0,1,8,9,0,0,9,9,0,0
3,5,3,53,17,7,1,1.008108,0.996648,1.018816,31,0,334,100,100,0,0,0,-2,2,0,0,0,72,6,42,30,0,0,2895,16,0,20,0,941,105,0,20,0,477,1,0,16,0,272,0,0,0,0,138,249,0,44,0,0,14,8,9,0,0,9,9,0,0
3,6,0,56,16,25,0,1.007861,0.986824,1.006757,39,0,334,100,100,0,0,0,0,-2,10,0,0,72,2,61,36,0,0,2893,15,0,24,0,935,128,0,24,0,518,0,0,8,0,176,5,0,25,0,142,310,100,32,0,0,10,4,6,0,0,6,6,0,0
3,6,1,48,16,25,0,1.000881,0.997164,1.016389,34,0,334,100,100,0,0,0,-2,0,-6,4,0,72,2,45,27,0,0,2893,27,0,18,0,935,114,0,18,0,518,0,0,8,0,176,0,0,15,0,142,298,60,27,0,0,6,4,5,0,0,5,5,0,0
3,6,2,53,16,25,0,1.009935,0.99685,1.0223,36,0,334,100,100,0,0,0,10,-6,0,0,0,72,2,50,33,0,0,2893,23,0,22,0,935,125,0,22,0,518,0,0,6,0,176,0,0,25,0,142,315,100,25,0,0,0,3,4,0,0,4,4,0,0
3,6,3,49,16,25,0,1.007367,0.994251,1.022156,38,0,334,100,100,0,0,0,0,4,0,0,0,72,2,45,36,0,0,2893,6,0,24,0,935,114,0,24,0,518,0,0,6,0,176,5,0,21,0,142,314,84,26,0,0,13,3,4,0,0,4,4,0,0
3,7,0,55,9,10,0,1.011239,0.987815,1.006672,42,0,334,100,100,0,0,0,0,-2,12,2,0,68,5,56,36,0,0,2888,18,0,24,0,944,140,0,24,0,419,1,0,38,0,257,0,0,5,0,162,280,20,62,0,0,23,19,6,0,0,6,6,0,0
3,7,1,49,9,10,0,1.001226,0.994047,1.01792,38,0,334,100,100,0,0,0,-2,0,-4,6,0,68,5,39,27,0,0,2888,30,0,18,0,944,123,0,18,0,419,0,0,22,0,257,0,0,10,0,162,311,40,41,0,0,12,11,5,0,0,5,5,0,0
3,7,2,50,9,10,0,1.009272,0.993347,1.019133,37,0,334,100,100,0,0,0,12,-4,0,0,0,68,5,41,30,0,0,2888,22,0,20,0,944,135,0,20,0,419,1,0,26,0,257,0,0,4,0,162,292,16,48,0,0,7,13,6,0,0,6,6,0,0
3,7,3,51,9,10,0,1.008128,0.992162,1.022864,42,1,459,100,100,0,0,0,2,6,0,0,0,68,5,47,39,0,0,2888,4,0,26,0,944,127,0,26,0,419,1,0,36,0,257,0,0,6,0,162,272,24,72,0,0,11,18,20,0,0,3,3,0,0
3,8,0,56,15,20,0,1.010325,0.989864,1.005112,45,0,334,100,100,0,0,0,0,-2,14,4,0,68,4,52,36,0,0,2913,12,0,24,0,956,152,0,24,0,404,0,0,42,0,272,0,0,0,0,165,260,0,62,0,0,40,21,4,0,0,4,4,0,0
3,8,1,46,15,20,0,1.004973,0.98835,1.020318,42,1,459,100,100,0,0,0,-2,0,-2,8,0,68,4,38,24,0,0,2913,32,0,16,0,956,131,0,16,0,404,1,0,28,0,272,0,0,0,0,165,279,0,55,0,0,8,14,18,0,0,1,1,0,0
3,8,2,45,15,20,0,1.01164,0.997989,1.010565,40,1,459,100,100,0,0,0,14,-2,0,0,0,68,4,42,30,0,0,2913,16,0,20,0,956,145,0,20,0,404,1,0,26,0,272,0,0,0,0,165,267,0,55,0,0,2,13,18,0,0,1,1,0,0
3,8,3,53,15,20,0,1.011169,0.994713,1.027154,45,1,459,100,100,0,0,0,4,8,0,0,0,68,4,53,42,0,0,2913,2,0,28,0,956,141,0,28,0,404,1,0,38,0,272,0,0,0,0,165,249,0,56,0,0,28,19,2,0,0,2,2,0,0
3,9,0,52,7,13,1,1.008652,0.993218,1.007748,46,0,334,100,100,0,0,0,0,-2,16,6,0,64,0,47,39,0,0,2909,13,0,26,0,953,165,0,26,0,435,0,0,36,0,271,0,0,0,0,159,237,0,55,0,0,55,18,3,0,0,3,3,0,0
3,9,1,43,7,13,1,1.007511,0.98957,1.019277,39,1,459,100,100,0,0,0,-2,0,-6,8,0,64,0,33,24,0,0,2909,20,0,16,0,953,139,0,16,0,435,1,0,20,0,271,0,0,0,0,159,280,0,30,0,0,17,10,1,0,0,1,1,0,0
3,9,2,44,7,13,1,1.010389,0.996412,1.012886,40,1,459,100,100,0,0,0,16,-6,0,0,0,64,0,39,30,0,0,2909,19,0,20,0,953,155,0,20,0,435,1,0,14,0,271,0,0,0,0,159,275,0,28,0,0,7,7,2,0,0,2,2,0,0
3,9,3,55,7,13,1,1.01,0.991956,1.025432,45,1,459,100,100,0,0,0,6,8,0,0,0,64,0,55,42,0,0,2909,5,0,28,0,953,155,0,28,0,435,1,0,36,0,271,0,0,1,0,159,226,4,56,0,0,43,18,3,0,0,3,3,0,0
3,10,0,52,12,12,3,1.011609,0.994512,1.009832,47,0,334,100,100,0,0,0,0,-8,6,6,0,64,0,48,36,0,0,2916,15,0,24,0,950,177,0,24,0,441,0,0,34,0,262,0,0,2,0,174,226,8,48,0,0,71,17,1,0,0,1,1,0,0
3,10,1,40,12,12,3,1.010537,0.991773,1.0262,37,1,459,100,100,0,0,0,-8,0,-8,8,0,64,0,27,21,0,0,2916,19,0,14,0,950,146,0,14,0,441,1,0,20,0,262,0,0,2,0,174,290,8,31,0,0,25,10,2,0,0,2,2,0,0
3,10,2,45,12,12,3,1.008608,0.999061,1.010128,41,1,459,100,100,0,0,0,6,-8,0,0,0,64,0,39,27,0,0,2916,21,0,18,0,950,164,0,18,0,441,0,0,14,0,262,0,0,4,0,174,299,16,23,0,0,14,7,0,0,0,0,0,0,0
3,10,3,57,12,12,3,1.012915,0.992076,1.028749,45,1,459,100,100,0,0,0,6,8,0,0,0,64,0,61,45,0,0,2916,0,0,30,0,950,173,0,30,0,441,0,0,32,0,262,0,0,2,0,174,212,8,55,0,0,55,16,4,0,0,4,4,0,0
3,11,0,53,12,15,0,1.01189,0.992382,1.007836,48,0,334,100,100,0,0,0,0,-8,8,8,0,60,4,51,39,0,0,2921,13,0,26,0,944,190,0,26,0,525,0,0,4,0,252,0,0,10,0,300,247,40,19,0,0,72,2,1,0,0,1,1,0,0
3,11,1,33,12,15,0,1.013733,0.99211,1.026414,32,1,459,100,100,0,0,0,-8,0,-6,12,0,60,4,30,21,0,0,2921,12,0,14,0,944,153,0,14,0,525,0,0,6,0,252,0,0,2,0,300,285,8,13,0,0,28,3,0,0,0,0,0,0,0
3,11,2,43,12,15,0,1.014707,0.998981,1.012834,39,1,459,100,100,0,0,0,8,-6,0,2,0,60,4,34,24,0,0,2921,26,0,16,0,944,172,0,16,0,525,0,0,2,0,252,0,0,4,0,300,303,16,12,0,0,14,1,1,0,0,1,1,0,0
3,11,3,62,12,15,0,1.011708,0.990964,1.031126,49,1,459,100,100,0,0,0,8,12,2,0,0,60,4,67,48,0,0,2921,1,0,32,0,944,198,0,32,0,525,0,0,8,0,252,0,0,4,0,300,196,16,32,0,0,55,4,4,0,0,4,4,0,0
3,12,0,53,9,12,0,1.009556,0.993668,1.006175,49,1,459,100,100,0,0,0,0,-8,10,10,0,60,9,53,39,0,0,2915,10,0,26,0,950,203,0,26,0,533,0,0,2,0,178,11,0,22,0,177,304,88,32,0,0,56,1,17,0,0,0,0,0,0
3,12,1,35,9,12,0,1.012006,0.994137,1.022211,31,1,459,100,100,0,0,0,-8,0,-4,14,0,60,9,34,21,0,0,2915,13,0,14,0,950,160,0,14,0,533,0,0,0,0,178,4,0,17,0,177,370,68,7,0,0,28,0,0,0,0,0,0,0,0
3,12,2,40,9,12,0,1.012588,0.997358,1.01631,38,1,459,100,100,0,0,0,10,-4,0,2,0,60,9,32,24,0,0,2915,25,0,16,0,950,180,0,16,0,533,1,0,4,0,178,0,0,6,0,177,340,24,14,0,0,15,2,1,0,0,1,1,0,0
3,12,3,60,9,12,0,1.011694,0.990369,1.032819,51,1,459,100,100,0,0,0,10,14,2,0,0,60,9,63,48,0,0,2915,1,0,32,0,950,220,0,32,0,533,0,0,4,0,178,10,0,24,0,177,301,96,30,0,0,52,2,5,0,0,5,5,0,0
3,13,0,52,11,25,4,1.008593,0.991489,1.006173,45,1,459,100,100,0,0,0,0,-10,8,12,0,56,5,54,42,0,0,2923,11,0,28,0,941,217,0,28,0,431,0,0,36,0,268,0,0,11,0,177,318,44,54,0,0,72,18,2,0,0,2,2,0,0
3,13,1,29,11,25,4,1.015792,0.995341,1.021402,25,1,459,100,100,0,0,0,-10,0,-18,4,0,56,5,40,27,0,0,2923,9,0,18,0,941,169,0,18,0,431,1,0,12,0,268,0,0,4,0,177,375,16,23,0,0,33,6,1,0,0,1,1,0,0
3,13,2,34,11,25,4,1.014053,0.999745,1.012869,32,1,459,100,100,0,0,0,8,-18,0,0,0,56,5,30,24,0,0,2923,23,0,16,0,941,185,0,16,0,431,0,0,10,0,268,0,0,4,0,177,351,16,20,0,0,19,5,1,0,0,1,1,0,0
3,13,3,59,11,25,4,1.012295,0.989176,1.030664,52,1,459,100,100,0,0,0,12,4,0,0,0,56,5,65,48,0,0,2923,1,0,32,0,941,242,0,32,0,431,0,0,34,0,268,0,0,10,0,177,319,40,52,0,0,68,17,1,0,0,1,1,0,0
3,14,0,49,14,18,0,1.010239,0.984468,1.003128,42,1,459,100,100,0,0,0,0,-10,10,14,0,56,5,54,39,0,0,2932,13,0,26,0,967,225,0,26,0,422,1,0,38,0,269,0,0,0,0,201,285,0,57,0,0,88,19,3,0,0,3,3,0,0
3,14,1,29,14,18,0,1.013691,0.988385,1.027575,24,1,459,100,100,0,0,0,-10,0,-16,4,0,56,5,45,24,0,0,2932,14,0,16,0,967,177,0,16,0,422,1,0,12,0,269,0,0,0,0,201,365,0,22,0,0,38,6,1,0,0,1,1,0,0
3,14,2,31,14,18,0,1.015985,0.995335,1.016927,27,1,459,100,100,0,0,0,10,-16,0,0,0,56,5,34,24,0,0,2932,5,0,16,0,967,193,0,16,0,422,0,0,10,0,269,0,0,0,0,201,357,0,18,0,0,24,5,0,0,0,0,0,0,0
3,14,3,61,14,18,0,1.013854,0.989625,1.029184,50,1,459,100,100,0,0,0,14,4,0,0,0,56,5,77,57,0,0,2932,4,0,38,0,967,238,0,38,0,422,0,0,34,0,269,0,0,0,0,201,293,0,59,0,0,82,17,3,0,0,3,3,0,0
3,15,0,50,8,1,0,1.009353,0.986083,1.002795,45,1,459,100,100,0,0,0,0,-10,12,16,0,52,2,59,42,0,0,2910,14,0,28,0,938,239,0,28,0,514,1,0,12,0,272,0,0,0,0,212,279,0,30,0,0,92,6,2,0,0,2,2,0,0
3,15,1,32,8,1,0,1.014695,0.992597,1.025868,25,1,459,100,100,0,0,0,-10,0,-14,6,0,52,2,50,24,0,0,2910,17,0,16,0,938,185,0,16,0,514,0,0,8,0,272,0,0,0,0,212,359,0,20,0,0,40,4,2,0,0,2,2,0,0
3,15,2,32,8,1,0,1.01356,0.999171,1.012491,27,1,459,100,100,0,0,0,12,-14,0,2,0,52,2,39,24,0,0,2910,14,0,16,0,938,201,0,16,0,514,1,0,4,0,272,0,0,0,0,212,362,0,16,0,0,24,2,2,0,0,2,2,0,0
3,15,3,63,8,1,0,1.014045,0.989664,1.028685,53,1,459,100,100,0,0,0,16,6,2,0,0,52,2,88,60,0,0,2910,11,0,40,0,938,258,0,40,0,514,0,0,6,0,272,0,0,0,0,212,285,0,34,0,0,81,3,4,0,0,4,4,0,0
3,16,0,44,2,19,1,1.011979,0.984891,1.000463,41,1,459,100,100,0,0,0,0,-10,12,18,0,52,9,63,45,0,0,2920,9,0,30,0,929,254,0,30,0,493,0,0,10,0,251,0,0,6,0,201,298,24,29,0,0,95,5,2,0,0,2,2,0,0
3,16,1,30,2,19,1,1.01715,0.988827,1.029392,25,1,459,100,100,0,0,0,-10,0,-18,8,0,52,9,49,24,0,0,2920,20,0,16,0,929,193,0,16,0,493,1,0,2,0,251,0,0,3,0,201,372,12,14,0,0,39,1,2,0,0,2,2,0,0
3,16,2,30,2,19,1,1.013494,0.994309,1.010931,27,2,584,100,100,0,0,0,12,-18,0,0,0,52,9,40,24,0,0,2920,14,0,16,0,929,209,0,16,0,493,1,0,0,0,251,0,0,5,0,201,379,20,27,0,0,6,0,18,0,0,1,1,0,0
3,16,3,56,2,19,1,1.015251,0.986431,1.028835,51,1,459,100,100,0,0,0,18,8,0,0,0,52,9,91,57,0,0,2920,13,0,38,0,929,277,0,38,0,493,0,0,12,0,251,0,0,7,0,201,312,28,37,0,0,84,6,3,0,0,3,3,0,0
3,17,0,44,9,4,0,1.009255,0.984087,1.004513,40,1,459,100,100,0,0,0,0,-10,14,20,1,48,0,75,42,0,0,2934,8,0,28,0,938,268,0,28,0,499,1,0,14,0,272,0,0,0,0,202,292,0,30,0,0,101,7,1,0,0,1,1,0,0
3,17,1,33,9,4,0,1.015392,0.988465,1.03228,27,1,459,100,100,0,0,0,-10,0,-16,10,0,48,0,54,24,0,0,2934,23,0,16,0,938,201,0,16,0,499,1,0,6,0,272,0,0,0,0,202,369,0,18,0,0,40,3,2,0,0,2,2,0,0
3,17,2,32,9,4,0,1.013085,0.998752,1.012222,28,2,584,100,100,0,0,0,14,-16,0,0,0,48,0,44,24,0,0,2934,17,0,16,0,938,217,0,16,0,499,1,0,6,0,272,0,0,0,0,202,387,0,16,0,0,8,3,1,0,0,1,1,0,0
3,17,3,56,9,4,0,1.01524,0.987375,1.029566,53,1,459,100,100,0,0,0,20,10,0,0,1,48,0,101,57,0,0,2934,13,0,38,0,938,296,0,38,0,499,0,0,12,0,272,0,0,0,0,202,314,0,33,0,0,89,6,1,0,0,1,1,0,0
3,18,0,44,11,11,0,1.01082,0.985354,1.004644,39,1,459,100,100,0,0,0,0,-10,16,22,1,48,1,84,42,0,0,2922,11,0,28,0,935,282,0,28,0,523,1,0,6,0,231,0,0,18,0,220,356,72,24,0,0,102,3,2,0,0,2,2,0,0
3,18,1,34,11,11,0,1.026766,0.995257,1.031597,26,2,584,100,100,0,0,0,-10,0,-14,12,0,48,1,60,27,0,0,2922,21,0,18,0,935,210,0,18,0,523,1,0,2,0,231,0,0,9,0,220,383,36,32,0,0,22,1,19,0,0,2,2,0,0
3,18,2,34,11,11,0,1.015793,1.000836,1.015584,29,2,584,100,100,0,0,0,16,-14,0,2,0,48,1,47,24,0,0,2922,20,0,16,0,935,225,0,16,0,523,1,0,0,0,231,0,0,9,0,220,430,36,12,0,0,6,0,2,0,0,2,2,0,0
3,18,3,53,11,11,0,1.01446,0.987013,1.031813,48,1,459,100,100,0,0,0,22,12,2,0,1,48,1,110,54,0,0,2922,6,0,36,0,935,314,0,36,0,523,1,0,12,0,231,0,0,5,0,220,328,20,32,0,0,94,6,1,0,0,1,1,0,0
3,19,0,45,5,4,0,1.00992,0.983358,1.005666,41,1,459,100,100,0,0,0,0,-10,18,24,1,44,5,92,42,0,0,2925,11,0,28,0,941,296,0,28,0,512,1,0,10,0,261,0,0,5,0,300,348,20,28,0,0,105,5,2,0,0,2,2,0,0
3,19,1,35,5,4,0,1.026176,0.995672,1.030426,28,2,584,100,100,0,0,0,-10,0,-12,14,0,44,5,62,27,0,0,2925,30,0,18,0,941,219,0,18,0,512,1,0,6,0,261,0,0,2,0,300,370,8,21,0,0,22,3,3,0,0,3,3,0,0
3,19,2,34,5,4,0,1.018911,1.007121,1.015715,28,2,584,100,100,0,0,0,18,-12,0,2,0,44,5,45,24,0,0,2925,17,0,16,0,941,233,0,16,0,512,1,0,4,0,261,0,0,2,0,300,422,8,16,0,0,6,2,2,0,0,2,2,0,0
3,19,3,52,5,4,0,1.014261,0.986925,1.031517,48,1,459,100,100,0,0,0,24,14,2,0,1,44,5,119,51,0,0,2925,8,0,34,0,941,331,0,34,0,512,1,0,12,0,261,0,0,2,0,300,303,8,33,0,0,98,6,2,0,0,2,2,0,0
3,20,0,48,12,2,0,1.010797,0.984609,1.007697,43,1,459,100,100,0,0,0,0,-10,20,26,2,44,2,99,42,0,0,2932,11,0,28,0,941,310,0,28,0,457,0,0,34,0,272,0,0,0,0,205,319,0,50,0,0,121,17,1,0,0,1,1,0,0
3,20,1,37,12,2,0,1.026793,0.993839,1.03007,31,2,584,100,100,0,0,0,-10,0,-12,16,0,44,2,67,30,0,0,2932,28,0,20,0,941,229,0,20,0,457,0,0,16,0,272,0,0,0,0,205,352,0,30,0,0,28,8,2,0,0,2,2,0,0
3,20,2,38,12,2,0,1.017194,1.006612,1.0198,30,2,584,100,100,0,0,0,20,-12,0,2,1,44,2,45,24,0,0,2932,23,0,16,0,941,241,0,16,0,457,1,0,12,0,272,0,0,0,0,205,425,0,24,0,0,10,6,2,0,0,2,2,0,0
3,20,3,53,12,2,0,1.016618,0.987836,1.028833,48,1,459,100,100,0,0,0,26,16,2,0,1,44,2,127,48,0,0,2932,10,0,32,0,941,347,0,32,0,457,0,0,28,0,272,0,0,0,0,205,289,0,46,0,0,111,14,1,0,0,1,1,0,0
3,21,0,50,10,4,0,1.011796,0.985936,1.010503,44,2,584,100,100,0,0,0,0,-10,22,28,2,40,4,103,42,0,0,2925,14,0,28,0,926,324,0,28,0,527,1,0,0,0,236,0,0,20,0,217,385,80,35,0,0,102,0,19,0,0,2,2,0,0
3,21,1,38,10,4,0,1.024573,0.994701,1.025775,32,2,584,100,100,0,0,0,-10,0,-10,18,0,40,4,72,33,0,0,2925,26,0,22,0,926,240,0,22,0,527,0,0,8,0,236,0,0,3,0,217,350,12,23,0,0,30,4,2,0,0,2,2,0,0
3,21,2,42,10,4,0,1.017891,1.007567,1.017932,32,2,584,100,100,0,0,0,22,-10,0,2,1,40,4,49,33,0,0,2925,17,0,22,0,926,252,0,22,0,527,0,0,2,0,236,0,0,5,0,217,451,20,19,0,0,8,1,3,0,0,3,3,0,0
3,21,3,52,10,4,0,1.017038,0.988888,1.030743,46,1,459,100,100,0,0,0,28,18,2,0,1,40,4,135,54,0,0,2925,3,0,36,0,926,365,0,36,0,527,1,0,6,0,236,0,0,8,0,217,314,32,28,0,0,112,3,2,0,0,2,2,0,0
3,22,0,52,11,1,0,1.013289,0.987568,1.011664,46,2,584,100,100,0,0,0,0,-8,24,30,2,40,0,107,45,0,0,2898,12,0,30,0,920,339,0,30,0,461,0,0,32,0,272,0,0,0,0,233,349,0,51,0,0,116,16,2,0,0,2,2,0,0
3,22,1,40,11,1,0,1.025333,0.997248,1.027497,33,2,584,100,100,0,0,0,-8,0,-8,20,1,40,0,78,33,0,0,2898,26,0,22,0,920,251,0,22,0,461,1,0,12,0,272,0,0,0,0,233,332,0,27,0,0,34,6,2,0,0,2,2,0,0
3,22,2,43,11,1,0,1.019482,1.0076,1.015996,35,2,584,100,100,0,0,0,24,-8,0,2,1,40,0,52,36,0,0,2898,24,0,24,0,920,264,0,24,0,461,0,0,12,0,272,0,0,0,0,233,437,0,32,0,0,10,6,4,0,0,4,4,0,0
3,22,3,57,11,1,0,1.017619,0.98666,1.030438,48,1,459,100,100,0,0,0,30,20,2,0,2,40,0,147,54,0,0,2898,3,0,36,0,920,383,0,36,0,461,0,0,28,0,272,0,0,0,0,233,289,0,50,0,0,124,14,2,0,0,2,2,0,0
3,23,0,51,9,11,0,1.011814,0.988574,1.011923,47,2,584,100,100,0,0,0,0,-8,26,32,2,36,0,108,45,0,0,2881,18,0,30,0,920,354,0,30,0,483,0,0,24,0,252,0,0,8,0,197,355,32,43,0,0,126,12,2,0,0,2,2,0,0
3,23,1,39,9,11,0,1.026396,1.003777,1.026296,33,2,584,100,100,0,0,0,-8,0,-6,22,1,36,0,78,33,0,0,2881,23,0,22,0,920,262,0,22,0,483,1,0,12,0,252,0,0,2,0,197,323,8,29,0,0,37,6,3,0,0,3,3,0,0
3,23,2,45,9,11,0,1.017448,1.00892,1.013633,38,2,584,100,100,0,0,0,26,-6,0,4,1,36,0,55,36,0,0,2881,21,0,24,0,920,276,0,24,0,483,1,0,4,0,252,0,0,3,0,197,457,12,20,0,0,10,2,2,0,0,2,2,0,0
3,23,3,55,9,11,0,1.022461,0.989711,1.031519,47,2,584,100,100,0,0,0,32,22,4,0,2,36,0,154,54,0,0,2881,6,0,36,0,920,401,0,36,0,483,1,0,16,0,252,0,0,7,0,197,289,28,57,0,0,112,8,20,0,0,3,3,0,0
3,24,0,51,3,5,0,1.01257,0.990626,1.013822,48,2,584,100,100,0,0,0,0,-8,28,34,2,36,4,109,45,0,0,2886,21,0,30,0,1073,327,0,30,0,491,0,0,20,0,271,0,0,0,0,201,336,0,37,0,0,135,10,1,0,0,1,1,0,0
3,24,1,39,3,5,0,1.020822,0.999839,1.028817,35,2,584,100,100,0,0,0,-8,0,-4,24,1,36,4,83,36,0,0,2886,18,0,24,0,1073,247,0,24,0,491,0,0,6,0,271,0,0,1,0,201,325,4,20,0,0,39,3,1,0,0,1,1,0,0
3,24,2,44,3,5,0,1.017233,1.008527,1.01611,39,2,584,100,100,0,0,0,28,-4,0,4,1,36,4,57,39,0,0,2886,22,0,26,0,1073,253,0,26,0,491,1,0,10,0,271,0,0,0,0,201,455,0,29,0,0,12,5,3,0,0,3,3,0,0
3,24,3,54,3,5,0,1.021569,0.990128,1.030308,49,2,584,100,100,0,0,0,34,24,4,0,2,36,4,162,54,0,0,2886,9,0,36,0,1073,365,0,36,0,491,0,0,16,0,271,0,0,0,0,201,282,0,40,0,0,117,8,3,0,0,3,3,0,0
3,25,0,50,7,5,0,1.012553,0.994112,1.014018,47,2,584,100,100,0,0,0,0,-6,30,36,2,32,0,110,45,0,0,2893,18,0,30,0,911,342,0,30,0,491,0,0,12,0,231,1,0,22,0,297,398,88,29,0,0,140,6,1,0,0,1,1,0,0
3,25,1,41,7,5,0,1.023122,0.996654,1.028095,36,2,584,100,100,0,0,0,-6,0,-2,26,1,32,0,92,39,0,0,2893,19,0,26,0,911,260,0,26,0,491,0,0,6,0,231,0,0,3,0,297,314,12,23,0,0,40,3,2,0,0,2,2,0,0
3,25,2,44,7,5,0,1.018546,1.006948,1.01589,40,2,584,100,100,0,0,0,30,-2,0,4,1,32,0,56,36,0,0,2893,24,0,24,0,911,265,0,24,0,491,1,0,12,0,231,0,0,3,0,297,441,12,26,0,0,17,6,1,0,0,1,1,0,0
3,25,3,55,7,5,0,1.021906,0.990173,1.030997,51,2,584,100,100,0,0,0,36,26,4,0,2,32,0,170,54,0,0,2893,6,0,36,0,911,383,0,36,0,491,1,0,16,0,231,0,0,12,0,297,294,48,36,0,0,124,8,1,0,0,1,1,0,0
3,26,0,53,6,5,0,1.013825,0.996566,1.011709,48,2,584,100,100,0,0,0,0,-6,32,38,2,32,0,113,45,0,0,2885,18,0,30,0,911,357,0,30,0,447,0,0,34,0,272,0,0,1,0,198,372,4,51,0,0,156,17,1,0,0,1,1,0,0
3,26,1,41,6,5,0,1.023461,0.991325,1.022918,36,2,584,100,100,0,0,0,-6,0,0,28,1,32,0,97,39,0,0,2885,16,0,26,0,911,273,0,26,0,447,1,0,14,0,272,0,0,0,0,198,304,0,31,0,0,45,7,2,0,0,2,2,0,0
3,26,2,44,6,5,0,1.018546,1.006948,1.01589,41,2,584,100,100,0,0,0,32,0,0,6,1,32,0,56,36,0,0,2885,27,0,24,0,911,277,0,24,0,447,1,0,18,0,272,0,0,0,0,198,434,0,34,0,0,24,9,2,0,0,2,2,0,0
3,26,3,53,6,5,0,1.025139,0.989595,1.03136,49,2,584,100,100,0,0,0,38,28,6,0,2,32,0,177,54,0,0,2885,9,0,36,0,911,401,0,36,0,447,0,0,28,0,272,0,0,0,0,198,274,0,50,0,0,136,14,2,0,0,2,2,0,0
3,27,0,53,3,3,0,1.013178,0.995951,1.01327,48,2,584,100,100,0,0,0,0,-6,34,40,2,28,4,111,45,0,0,2893,18,0,30,0,911,372,0,30,0,484,0,0,18,0,232,0,0,18,0,195,431,72,37,0,0,163,9,2,0,0,2,2,0,0
3,27,1,42,3,3,0,1.024088,0.990674,1.024472,38,2,584,100,100,0,0,0,-6,0,2,30,1,28,4,102,39,0,0,2893,16,0,26,0,911,286,0,26,0,484,1,0,12,0,232,0,0,5,0,195,319,20,29,0,0,49,6,2,0,0,2,2,0,0
3,27,2,45,3,3,0,1.018057,1.00612,1.013864,43,2,584,100,100,0,0,0,34,2,0,6,1,28,4,53,36,0,0,2893,27,0,24,0,911,289,0,24,0,484,0,0,10,0,232,0,0,8,0,195,469,32,24,0,0,28,5,1,0,0,1,1,0,0
3,27,3,51,3,3,0,1.025674,0.992336,1.032951,49,2,584,100,100,0,0,0,40,30,6,0,2,28,4,184,54,0,0,2893,6,0,36,0,911,419,0,36,0,484,0,0,18,0,232,0,0,9,0,195,302,36,38,0,0,144,9,1,0,0,1,1,0,0
3,28,0,50,4,15,0,1.012178,0.991435,1.013411,47,2,584,100,100,0,0,0,0,-6,36,42,2,28,1,108,45,0,0,2890,15,0,30,0,914,387,0,30,0,467,0,0,30,0,271,0,0,0,0,211,401,0,47,0,0,177,15,1,0,0,1,1,0,0
3,28,1,39,4,15,0,1.025641,0.991575,1.020965,36,2,584,100,100,0,0,0,-6,0,4,32,1,28,1,104,36,0,0,2890,18,0,24,0,914,298,0,24,0,467,0,0,16,0,271,0,0,0,0,211,305,0,30,0,0,56,8,1,0,0,1,1,0,0
3,28,2,44,4,15,0,1.021017,1.005219,1.013532,42,2,584,100,100,0,0,0,36,4,0,6,1,28,1,50,36,0,0,2890,27,0,24,0,914,301,0,24,0,467,0,0,14,0,271,0,0,1,0,211,465,4,28,0,0,34,7,1,0,0,1,1,0,0
3,28,3,47,4,15,0,1.025434,0.986189,1.029496,45,2,584,100,100,0,0,0,42,32,6,0,2,28,1,194,54,0,0,2890,6,0,36,0,914,437,0,36,0,467,0,0,18,0,271,0,0,0,0,211,279,0,38,0,0,152,9,1,0,0,1,1,0,0
3,29,0,49,1,5,0,1.013122,0.989929,1.013961,47,2,584,100,100,0,0,0,0,-6,38,44,2,24,1,108,45,0,0,2903,15,0,30,0,914,402,0,30,0,491,0,0,20,0,229,0,0,16,0,222,446,64,37,0,0,186,10,1,0,0,1,1,0,0
3,29,1,38,1,5,0,1.024788,0.990526,1.024817,35,2,584,100,100,0,0,0,-6,0,6,34,1,24,1,102,33,0,0,2903,20,0,22,0,914,309,0,22,0,491,1,0,8,0,229,0,0,8,0,222,334,32,21,0,0,59,4,1,0,0,1,1,0,0
3,29,2,43,1,5,0,1.021372,1.006675,1.014631,42,3,709,100,100,0,0,0,38,6,0,6,1,24,1,47,36,0,0,2903,27,0,24,0,914,313,0,24,0,491,0,0,6,0,229,0,0,9,0,222,488,36,37,0,0,19,3,18,0,0,1,1,0,0
3,29,3,46,1,5,0,1.025456,0.986762,1.03185,45,2,584,100,100,0,0,0,44,34,6,0,2,24,1,203,51,0,0,2903,11,0,34,0,914,454,0,34,0,491,1,0,14,0,229,0,0,10,0,222,301,40,33,0,0,158,7,1,0,0,1,1,0,0
3,30,0,50,4,3,0,1.015837,0.992388,1.017174,47,3,709,100,100,0,0,0,0,-6,40,46,2,24,0,106,42,0,0,2914,17,0,28,0,923,416,0,28,0,525,0,0,10,0,215,0,0,21,0,231,503,84,43,0,0,173,5,18,0,0,1,1,0,0
3,30,1,38,4,3,0,1.02472,0.994288,1.025048,35,2,584,100,100,0,0,0,-6,0,8,36,1,24,0,103,33,0,0,2914,17,0,22,0,923,320,0,22,0,525,0,0,4,0,215,0,0,9,0,231,371,36,17,0,0,60,2,1,0,0,1,1,0,0
3,30,2,44,4,3,0,1.021623,1.007744,1.017215,43,3,709,100,100,0,0,0,40,8,0,6,1,24,0,46,36,0,0,2914,27,0,24,0,923,325,0,24,0,525,0,0,0,0,215,0,0,12,0,231,544,48,12,0,0,19,0,0,0,0,0,0,0,0
3,30,3,45,4,3,0,1.024298,0.987172,1.03094,45,2,584,100,100,0,0,0,46,36,6,0,2,24,0,210,48,0,0,2914,13,0,32,0,923,470,0,32,0,525,1,0,6,0,215,0,0,15,0,231,354,60,22,0,0,161,3,0,0,0,0,0,0,0
3,31,0,49,4,2,0,1.014541,0.992818,1.017827,47,3,709,100,100,0,0,0,0,-6,42,48,2,20,0,106,45,0,0,2911,15,0,30,0,924,431,0,30,0,453,0,0,36,0,272,0,0,0,0,222,468,0,53,0,0,190,18,1,0,0,1,1,0,0
3,31,1,39,4,2,0,1.02353,0.995793,1.024376,36,2,584,100,100,0,0,0,-6,0,10,38,1,20,0,103,33,0,0,2911,20,0,22,0,924,331,0,22,0,453,1,0,14,0,272,0,0,0,0,222,365,0,27,0,0,66,7,1,0,0,1,1,0,0
3,31,2,45,4,2,0,1.021704,1.008011,1.01929,43,3,709,100,100,0,0,0,42,10,0,6,1,20,0,46,39,0,0,2911,25,0,26,0,924,338,0,26,0,453,1,0,14,0,272,0,0,0,0,222,539,0,29,0,0,25,7,1,0,0,1,1,0,0
3,31,3,46,4,2,0,1.026616,0.985287,1.029567,44,2,584,100,100,0,0,0,48,38,6,0,2,20,0,215,45,0,0,2911,15,0,30,0,924,484,0,30,0,453,0,0,26,0,272,0,0,0,0,222,328,0,41,0,0,174,13,0,0,0,0,0,0,0
3,32,0,48,2,5,0,1.014838,0.989169,1.015828,46,3,709,100,100,0,0,0,0,-4,44,50,2,20,0,106,45,0,0,2910,12,0,30,0,1086,401,0,30,0,544,0,0,0,0,200,3,0,20,0,227,547,80,17,0,0,189,0,1,0,0,1,1,0,0
3,32,1,40,2,5,0,1.023011,0.995134,1.025503,37,2,584,100,100,0,0,0,-4,0,12,40,1,20,0,102,33,0,0,2910,20,0,22,0,1086,310,0,22,0,544,1,0,0,0,200,0,0,16,0,227,432,64,13,0,0,65,0,1,0,0,1,1,0,0
3,32,2,43,2,5,0,1.022642,1.011681,1.021213,42,3,709,100,100,0,0,0,44,12,0,8,1,20,0,44,39,0,0,2910,22,0,26,0,1086,312,0,26,0,544,1,0,0,0,200,0,0,11,0,227,590,44,15,0,0,24,0,1,0,0,1,1,0,0
3,32,3,45,2,5,0,1.026209,0.984898,1.031059,43,2,584,100,100,0,0,0,50,40,8,0,2,20,0,219,45,0,0,2910,15,0,30,0,1086,455,0,30,0,544,0,0,0,0,200,0,0,19,0,227,403,76,17,0,0,173,0,1,0,0,1,1,0,0
3,33,0,48,2,5,0,1.013708,0.988102,1.014484,46,3,709,100,100,0,0,0,0,-2,46,52,2,20,0,108,45,0,0,2916,9,0,30,0,926,416,0,30,0,444,0,0,34,0,272,0,0,3,0,216,526,12,51,0,0,205,17,1,0,0,1,1,0,0
3,33,1,40,2,5,0,1.023011,0.995134,1.025503,38,2,584,100,100,0,0,0,-2,0,14,42,1,20,0,100,33,0,0,2916,20,0,22,0,926,321,0,22,0,444,0,0,22,0,272,0,0,0,0,216,421,0,35,0,0,75,11,1,0,0,1,1,0,0
3,33,2,44,2,5,0,1.021633,1.013466,1.021245,43,3,709,100,100,0,0,0,46,14,0,10,1,20,0,45,39,0,0,2916,22,0,26,0,926,325,0,26,0,444,1,0,18,0,272,0,0,0,0,216,583,0,31,0,0,33,9,0,0,0,0,0,0,0
3,33,3,41,2,5,0,1.027204,0.988892,1.028922,40,2,584,100,100,0,0,0,52,42,10,0,2,20,0,224,45,0,0,2916,9,0,30,0,926,470,0,30,0,444,0,0,24,0,272,0,0,0,0,216,377,0,41,0,0,184,12,1,0,0,1,1,0,0
3,34,0,47,2,4,0,1.01488,0.98931,1.015272,46,4,834,100,100,0,0,0,0,-2,48,54,2,20,0,107,42,0,0,2916,14,0,28,0,923,430,0,28,0,539,1,0,4,0,175,14,0,20,0,219,587,80,37,0,0,189,2,18,0,0,1,1,0,0
3,34,1,41,2,4,0,1.02283,0.997769,1.02668,39,3,709,100,100,0,0,0,-2,0,16,44,1,20,0,98,33,0,0,2916,20,0,22,0,923,332,0,22,0,539,0,0,0,0,175,0,0,21,0,219,499,84,30,0,0,57,0,18,0,0,1,1,0,0
3,34,2,42,2,4,0,1.019981,1.014792,1.017475,41,4,834,100,100,0,0,0,48,16,0,10,1,20,0,44,39,0,0,2916,22,0,26,0,923,338,0,26,0,539,1,0,0,0,175,0,0,15,0,219,635,60,32,0,0,15,0,18,0,0,1,1,0,0
3,34,3,41,2,4,0,1.027799,0.989834,1.028933,40,2,584,100,100,0,0,0,54,44,10,0,2,20,0,233,45,0,0,2916,9,0,30,0,923,485,0,30,0,539,0,0,0,0,175,7,0,17,0,219,442,68,15,0,0,184,0,0,0,0,0,0,0,0
3,35,0,45,0,12,0,1.014032,0.98898,1.012901,45,4,834,100,100,0,0,0,0,0,50,56,2,20,0,106,42,0,0,2923,11,0,28,0,929,444,0,28,0,481,0,0,22,0,230,10,0,19,0,222,645,76,36,0,0,200,11,0,0,0,0,0,0,0
3,35,1,38,0,12,0,1.023516,0.99554,1.024402,37,3,709,100,100,0,0,0,0,0,18,46,1,20,0,95,33,0,0,2923,17,0,22,0,929,343,0,22,0,481,0,0,12,0,230,0,0,9,0,222,531,36,25,0,0,62,6,1,0,0,1,1,0,0
3,35,2,38,0,12,0,1.021318,1.018127,1.015574,38,4,834,100,100,0,0,0,50,18,0,12,1,20,0,46,39,0,0,2923,19,0,26,0,929,351,0,26,0,481,1,0,6,0,230,0,0,3,0,222,649,12,19,0,0,18,3,0,0,0,0,0,0,0
3,35,3,38,0,12,0,1.027717,0.988751,1.026728,37,3,709,100,100,0,0,0,56,46,12,0,2,20,0,240,45,0,0,2923,3,0,30,0,929,500,0,30,0,481,0,0,24,0,230,0,0,10,0,222,433,40,58,0,0,178,12,18,0,0,1,1,0,0
3,36,0,41,1,13,0,1.01135,0.983226,1.011247,41,4,834,100,100,0,0,0,0,2,52,58,2,20,3,100,36,0,0,2935,12,0,24,0,929,456,0,24,0,451,2,0,34,0,272,0,0,10,0,231,654,40,46,0,0,217,17,0,0,0,0,0,0,0
3,36,1,34,1,13,0,1.025905,1.000357,1.025617,34,3,709,100,100,0,0,0,2,0,20,48,2,20,3,88,30,0,0,2935,16,0,20,0,929,353,0,20,0,451,1,0,20,0,272,0,0,0,0,231,516,0,30,0,0,72,10,0,0,0,0,0,0,0
3,36,2,37,1,13,0,1.02071,1.018165,1.015306,37,4,834,100,100,0,0,0,52,20,0,14,2,20,3,47,36,0,0,2935,21,0,24,0,929,363,0,24,0,451,0,0,10,0,272,0,0,0,0,231,648,0,22,0,0,23,5,0,0,0,0,0,0,0
3,36,3,35,1,13,0,1.030124,0.985019,1.026974,34,3,709,100,100,0,0,0,58,48,14,0,2,20,3,242,39,0,0,2935,4,0,26,0,929,513,0,26,0,451,0,0,24,0,272,0,0,0,0,231,405,0,37,0,0,190,12,0,0,0,0,0,0,0
3,37,0,41,3,2,0,1.009936,0.983853,1.011874,40,4,834,100,100,0,0,0,0,2,54,60,2,20,0,99,36,0,0,2959,12,0,24,0,947,468,0,24,0,458,1,0,34,0,272,0,0,0,0,240,623,0,46,0,0,234,17,0,0,0,0,0,0,0
3,37,1,33,3,2,0,1.025695,1.002763,1.026206,33,3,709,100,100,0,0,0,2,0,22,50,2,20,0,85,27,0,0,2959,18,0,18,0,947,362,0,18,0,458,0,0,20,0,272,0,0,0,0,240,502,0,29,0,0,82,10,0,0,0,0,0,0,0
3,37,2,38,3,2,0,1.023088,1.01955,1.014391,37,4,834,100,100,0,0,0,54,22,0,14,2,20,0,52,36,0,0,2959,21,0,24,0,947,375,0,24,0,458,1,0,6,0,272,0,0,0,0,240,651,0,18,0,0,26,3,0,0,0,0,0,0,0
3,37,3,36,3,2,0,1.028009,0.983741,1.026113,34,3,709,100,100,0,0,0,60,50,14,0,2,20,0,252,39,0,0,2959,4,0,26,0,947,526,0,26,0,458,0,0,24,0,272,0,0,0,0,240,375,0,39,0,0,201,12,1,0,0,1,1,0,0
3,38,0,40,1,5,0,1.009524,0.982928,1.011547,38,4,834,100,100,0,0,0,0,4,56,62,2,20,0,98,36,0,0,2960,6,0,24,0,950,480,0,24,0,535,0,0,2,0,212,10,0,16,0,300,671,64,16,0,0,234,1,1,0,0,1,1,0,0
3,38,1,33,1,5,0,1.025695,1.002763,1.026206,33,3,709,100,100,0,0,0,4,0,24,52,2,20,0,83,27,0,0,2960,18,0,18,0,950,371,0,18,0,535,0,0,2,0,212,0,0,14,0,300,547,56,11,0,0,83,1,0,0,0,0,0,0,0
3,38,2,38,1,5,0,1.023088,1.01955,1.014391,37,4,834,100,100,0,0,0,56,24,0,14,2,20,0,54,36,0,0,2960,21,0,24,0,950,387,0,24,0,535,0,0,2,0,212,0,0,6,0,300,659,24,16,0,0,26,1,1,0,0,1,1,0,0
3,38,3,33,1,5,0,1.027014,0.984486,1.029638,32,3,709,100,100,0,0,0,62,52,14,0,2,20,0,251,33,0,0,2960,8,0,22,0,950,537,0,22,0,535,1,0,4,0,212,0,0,11,0,300,402,44,17,0,0,202,2,1,0,0,1,1,0,0
3,39,0,39,1,2,0,1.008345,0.979104,1.009129,38,5,959,100,100,0,0,0,0,4,58,64,2,20,5,95,33,0,0,2968,8,0,22,0,956,491,0,22,0,533,1,0,10,0,242,0,0,14,0,228,708,56,40,0,0,221,5,18,0,0,1,1,0,0
3,39,1,33,1,2,0,1.025695,1.002763,1.026206,33,3,709,100,100,0,0,0,4,0,26,54,2,20,5,82,27,0,0,2968,18,0,18,0,956,380,0,18,0,533,0,0,0,0,242,0,0,11,0,228,597,44,9,0,0,83,0,0,0,0,0,0,0,0
3,39,2,39,1,2,0,1.022537,1.014823,1.015722,38,4,834,100,100,0,0,0,58,26,0,14,2,20,5,55,36,0,0,2968,21,0,24,0,956,399,0,24,0,533,0,0,0,0,242,0,0,4,0,228,687,16,12,0,0,26,0,0,0,0,0,0,0,0
3,39,3,32,1,2,0,1.029296,0.985906,1.03069,32,3,709,100,100,0,0,0,64,54,14,0,2,20,5,254,33,0,0,2968,8,0,22,0,956,548,0,22,0,533,1,0,0,0,242,0,0,11,0,228,444,44,11,0,0,202,0,0,0,0,0,0,0,0
3,40,0,41,4,1,0,1.008557,0.980455,1.011163,39,5,959,100,100,0,0,0,0,6,60,66,2,20,1,94,33,0,0,2971,8,0,22,0,959,502,0,22,0,543,1,0,0,0,215,0,0,14,0,249,768,56,11,0,0,221,0,0,0,0,0,0,0,0
3,40,1,33,4,1,0,1.025695,1.002763,1.026206,33,4,834,100,100,0,0,0,6,0,28,56,2,20,1,81,27,0,0,2971,18,0,18,0,959,389,0,18,0,543,0,0,0,0,215,0,0,17,0,249,648,68,26,0,0,66,0,17,0,0,0,0,0,0
3,40,2,40,4,1,0,1.022551,1.015112,1.016754,38,5,959,100,100,0,0,0,60,28,0,14,2,20,1,56,36,0,0,2971,21,0,24,0,959,411,0,24,0,543,0,0,0,0,215,0,0,9,0,249,710,36,31,0,0,8,0,18,0,0,1,1,0,0
3,40,3,32,4,1,0,1.028718,0.988826,1.037306,31,3,709,100,100,0,0,0,66,56,14,0,2,20,1,260,33,0,0,2971,8,0,22,0,959,559,0,22,0,543,1,0,0,0,215,4,0,13,0,249,494,52,11,0,0,202,0,0,0,0,0,0,0,0
5,1,0,54,17,2,0,0.994082,0.989244,0.994945,0,0,334,100,100,0,0,0,0,0,2,2,0,80,16,57,39,0,0,3056,127,0,26,0,932,63,0,26,0,482,1,0,48,0,218,17,0,24,0,300,84,96,79,0,0,15,24,9,0,0,9,9,0,0
5,1,1,53,17,2,0,0.995969,0.986809,1.002935,0,0,334,100,100,0,0,0,0,0,2,2,0,80,16,55,39,0,0,3056,124,0,26,0,932,63,0,26,0,482,1,0,46,0,218,16,0,23,0,300,82,92,77,0,0,14,23,9,0,0,9,9,0,0
5,1,2,54,17,2,0,0.990267,0.987596,0.993986,0,0,334,100,100,0,0,0,2,2,0,0,0,80,16,50,36,0,0,3056,129,0,24,0,932,62,0,24,0,482,5,0,48,0,218,13,0,24,0,300,85,96,78,0,0,15,24,9,0,0,9,9,0,0
5,1,3,54,17,2,0,0.99582,0.990124,0.997164,0,0,334,100,100,0,0,0,2,2,0,0,0,80,16,53,39,0,0,3056,127,0,26,0,932,63,0,26,0,482,1,0,48,0,218,13,0,24,0,300,84,96,79,0,0,15,24,9,0,0,9,9,0,0
5,2,0,59,20,9,0,0.991625,0.992658,0.995344,9,0,334,100,100,0,0,0,0,0,4,4,0,80,3,61,42,0,0,3056,81,0,28,0,902,77,0,28,0,388,0,0,38,0,272,0,0,17,0,150,118,68,70,0,0,25,19,9,0,0,9,9,0,0
5,2,1,58,20,9,0,0.998872,0.98804,1.006992,9,0,334,100,100,0,0,0,0,0,4,4,0,80,3,64,45,0,0,3056,74,0,30,0,902,78,0,30,0,388,0,0,38,0,272,0,0,16,0,150,114,64,71,0,0,24,19,9,0,0,9,9,0,0
5,2,2,55,20,9,0,0.992259,0.984702,0.99725,9,0,334,100,100,0,0,0,4,4,0,2,0,80,3,60,45,0,0,3056,81,0,30,0,902,77,0,30,0,388,1,0,42,0,272,0,0,13,0,150,101,52,75,0,0,27,21,9,0,0,9,9,0,0
5,2,3,54,20,9,0,1.001224,0.989657,0.993402,9,0,334,100,100,0,0,0,4,4,2,0,0,80,3,67,48,0,0,3056,74,0,32,0,902,79,0,32,0,388,1,0,32,0,272,0,0,13,0,150,106,52,66,0,0,22,16,9,0,0,9,9,0,0
5,3,0,63,21,6,0,0.989758,0.993381,0.995225,18,0,334,100,100,0,0,0,0,0,6,6,0,76,1,62,45,0,0,3076,29,0,30,0,887,92,0,30,0,413,0,0,34,0,257,0,0,7,0,106,126,28,67,0,0,33,17,9,0,0,9,9,0,0
5,3,1,61,21,6,0,0.99806,0.987419,1.007024,18,0,334,100,100,0,0,0,0,0,6,6,0,76,1,75,51,0,0,3076,10,0,34,0,887,95,0,34,0,413,1,0,32,0,257,0,0,0,0,106,97,0,67,0,0,31,16,9,0,0,9,9,0,0
5,3,2,59,21,6,0,0.996985,0.986854,0.994207,18,0,334,100,100,0,0,0,6,6,0,2,0,76,1,70,48,0,0,3076,22,0,32,0,887,93,0,32,0,413,0,0,32,0,257,0,0,8,0,106,114,32,66,0,0,34,16,9,0,0,9,9,0,0
5,3,3,58,21,6,0,1.00312,0.991716,0.99665,18,0,334,100,100,0,0,0,6,6,2,0,0,76,1,82,54,0,0,3076,15,0,36,0,887,97,0,36,0,413,0,0,28,0,257,0,0,0,0,106,83,0,64,0,0,27,14,9,0,0,9,9,0,0
5,4,0,69,20,5,0,0.995009,0.993911,1.000705,26,0,334,100,100,0,0,0,0,0,6,8,0,76,7,65,51,0,0,2876,8,0,34,0,875,109,0,34,0,434,1,0,26,0,270,0,0,1,0,130,117,4,61,0,0,37,13,9,0,0,9,9,0,0
5,4,1,66,20,5,0,1.003437,0.983209,1.011918,27,0,334,100,100,0,0,0,0,0,8,8,0,76,7,86,54,0,0,2876,3,0,36,0,875,110,0,36,0,434,0,0,36,0,270,0,0,0,0,130,65,0,72,0,0,40,18,9,0,0,9,9,0,0
5,4,2,59,20,5,0,0.997606,0.987622,0.99669,25,0,334,100,100,0,0,0,6,8,0,2,0,76,7,72,45,0,0,2876,3,0,30,0,875,108,0,30,0,434,0,0,24,0,270,0,0,1,0,130,101,4,57,0,0,37,12,9,0,0,9,9,0,0
5,4,3,62,20,5,0,1.005229,0.991538,0.997265,27,0,334,100,100,0,0,0,8,8,2,0,0,76,7,93,54,0,0,2876,0,0,36,0,875,121,0,36,0,434,0,0,24,0,270,0,0,0,0,130,65,0,60,0,0,30,12,9,0,0,9,9,0,0
5,5,0,69,16,7,1,0.995495,0.994282,1.000207,35,0,334,100,100,0,0,0,0,-2,6,10,0,72,5,64,54,0,0,2781,12,0,36,0,857,127,0,36,0,455,0,0,28,0,231,0,0,12,0,136,145,48,64,0,0,42,14,9,0,0,9,9,0,0
5,5,1,70,16,7,1,1.006739,0.983965,1.013503,36,0,334,100,100,0,0,0,-2,0,4,8,0,72,5,95,57,0,0,2781,10,0,38,0,857,129,0,38,0,455,0,0,18,0,231,0,0,9,0,136,82,36,55,0,0,40,9,9,0,0,9,9,0,0
5,5,2,60,16,7,1,1.002011,0.989026,0.997468,34,0,334,100,100,0,0,0,6,4,0,2,0,72,5,74,48,0,0,2781,7,0,32,0,857,124,0,32,0,455,1,0,22,0,231,0,0,11,0,136,126,44,56,0,0,39,11,9,0,0,9,9,0,0
5,5,3,66,16,7,1,1.002925,0.989805,0.99474,35,0,334,100,100,0,0,0,10,8,2,0,0,72,5,103,57,0,0,2781,1,0,38,0,857,146,0,38,0,455,1,0,20,0,231,0,0,9,0,136,82,36,57,0,0,31,10,9,0,0,9,9,0,0
5,6,0,68,17,13,2,0.999707,0.995,1.00354,43,0,334,100,100,0,0,0,0,-2,8,0,0,72,3,58,45,0,0,2776,18,0,30,0,859,142,0,30,0,514,0,0,6,0,140,2,0,32,0,120,282,128,39,0,0,36,3,9,0,0,9,9,0,0
5,6,1,73,17,13,2,1.006531,0.985088,1.013947,45,0,334,100,100,0,0,0,-2,0,6,6,0,72,3,104,63,0,0,2776,12,0,42,0,859,148,0,42,0,514,0,0,8,0,140,0,0,32,0,120,208,128,47,0,0,35,4,9,0,0,9,9,0,0
5,6,2,60,17,13,2,1.002905,0.991099,0.9995,42,0,334,100,100,0,0,0,8,6,0,-2,0,72,3,70,42,0,0,2776,8,0,28,0,859,138,0,28,0,514,1,0,14,0,140,9,0,25,0,120,223,100,42,0,0,39,7,7,0,0,7,7,0,0
5,6,3,68,17,13,2,1.001305,0.990703,0.992642,42,0,334,100,100,0,0,0,0,6,-2,0,0,72,3,113,57,0,0,2776,10,0,38,0,859,165,0,38,0,514,0,0,2,0,140,0,0,30,0,120,208,120,39,0,0,23,1,9,0,0,9,9,0,0
5,7,0,68,15,5,0,1.00123,0.995106,1.001129,52,0,334,100,100,0,0,0,0,0,10,2,0,68,2,60,51,0,0,2778,11,0,34,0,1071,117,0,34,0,439,0,0,26,0,271,0,0,3,0,198,267,12,57,0,0,42,13,7,0,0,7,7,0,0
5,7,1,75,15,5,0,1.003466,0.986255,1.012791,54,0,334,100,100,0,0,0,0,0,8,8,0,68,2,114,69,0,0,2778,8,0,46,0,1071,106,0,46,0,439,1,0,22,0,271,0,0,0,0,198,166,0,63,0,0,37,11,9,0,0,9,9,0,0
5,7,2,67,15,5,0,1.001955,0.990838,1.000833,49,0,334,100,100,0,0,0,10,8,0,-2,0,68,2,73,45,0,0,2778,15,0,30,0,1071,109,0,30,0,439,1,0,34,0,271,0,0,9,0,198,225,36,61,0,0,50,17,6,0,0,6,6,0,0
5,7,3,69,15,5,0,0.999606,0.990946,0.993175,49,0,334,100,100,0,0,0,2,8,-2,0,0,68,2,115,57,0,0,2778,13,0,38,0,1071,130,0,38,0,439,0,0,22,0,271,0,0,0,0,198,170,0,59,0,0,25,11,9,0,0,9,9,0,0
5,8,0,65,19,10,0,0.998561,0.995815,1.002893,58,1,459,100,100,0,0,0,0,0,12,4,0,68,0,62,48,0,0,2767,7,0,32,0,863,133,0,32,0,532,0,0,4,0,120,5,0,30,0,109,297,120,41,0,0,25,2,19,0,0,2,2,0,0
5,8,1,80,19,10,0,1.005505,0.983959,1.012814,62,1,459,100,100,0,0,0,0,0,10,10,0,68,0,125,69,0,0,2767,5,0,46,0,863,129,0,46,0,532,0,0,4,0,120,5,0,33,0,109,282,132,56,0,0,16,2,23,0,0,6,6,0,0
5,8,2,70,19,10,0,1.007113,0.988761,1.00156,54,1,459,100,100,0,0,0,12,10,0,-2,0,68,0,69,48,0,0,2767,19,0,32,0,863,125,0,32,0,532,0,0,4,0,120,10,0,31,0,109,289,124,49,0,0,29,2,23,0,0,6,6,0,0
5,8,3,73,19,10,0,0.998904,0.991694,0.993533,57,1,459,100,100,0,0,0,4,10,-2,0,0,68,0,123,60,0,0,2767,8,0,40,0,863,150,0,40,0,532,0,0,2,0,120,2,0,33,0,109,285,132,51,0,0,3,1,23,0,0,6,6,0,0
5,9,0,55,11,54,0,1.002533,0.990715,1.007385,49,1,459,100,100,0,0,0,0,0,14,6,0,64,2,62,51,0,0,2747,5,0,34,0,892,144,0,34,0,449,0,0,2,0,272,0,0,5,0,121,337,20,25,0,0,23,1,3,0,0,3,3,0,0
5,9,1,68,11,54,0,1.01031,0.979871,1.013352,54,1,459,100,100,0,0,0,0,0,12,12,0,64,2,130,69,0,0,2747,11,0,46,0,892,143,0,46,0,449,1,0,6,0,272,0,0,5,0,121,314,20,41,0,0,13,3,6,0,0,6,6,0,0
5,9,2,59,11,54,0,0.99918,0.984076,1.003471,50,1,459,100,100,0,0,0,14,12,0,0,0,64,2,62,48,0,0,2747,19,0,32,0,892,135,0,32,0,449,0,0,8,0,272,0,0,10,0,121,338,40,30,0,0,30,4,3,0,0,3,3,0,0
5,9,3,63,11,54,0,1.002313,0.989574,0.995724,51,1,459,100,100,0,0,0,6,12,0,0,0,64,2,127,60,0,0,2747,14,0,40,0,892,159,0,40,0,449,0,0,4,0,272,0,0,2,0,121,301,8,34,0,0,0,2,5,0,0,5,5,0,0
5,10,0,56,10,1,0,1.003988,0.99038,1.006985,51,1,459,100,100,0,0,0,0,0,16,8,0,64,11,70,51,0,0,2794,5,0,34,0,852,161,0,34,0,520,0,0,6,0,227,0,0,12,0,294,358,48,27,0,0,24,3,2,0,0,2,2,0,0
5,10,1,70,10,1,0,1.01211,0.978087,1.01155,60,1,459,100,100,0,0,0,0,0,14,14,0,64,11,150,72,0,0,2794,12,0,48,0,852,166,0,48,0,520,0,0,4,0,227,0,0,9,0,294,317,36,36,0,0,11,2,4,0,0,4,4,0,0
5,10,2,62,10,1,0,0.998053,0.986622,1.002604,53,1,459,100,100,0,0,0,16,14,0,0,0,64,11,66,51,0,0,2794,20,0,34,0,852,152,0,34,0,520,0,0,12,0,227,0,0,15,0,294,366,60,35,0,0,33,6,3,0,0,3,3,0,0
5,10,3,66,10,1,0,1.003084,0.989311,0.997145,56,1,459,100,100,0,0,0,8,14,0,0,0,64,11,140,63,0,0,2794,15,0,42,0,852,180,0,42,0,520,1,0,2,0,227,0,0,9,0,294,312,36,25,0,0,0,1,1,0,0,1,1,0,0
5,11,0,57,15,5,0,1.007545,0.98925,1.009471,52,2,584,100,100,0,0,0,0,0,18,10,0,60,1,79,51,0,0,2779,2,0,34,0,845,178,0,34,0,527,1,0,2,0,233,0,0,9,0,72,414,36,40,0,0,6,1,19,0,0,2,2,0,0
5,11,1,73,15,5,0,1.013885,0.974174,1.011783,63,1,459,100,100,0,0,0,0,0,16,16,0,60,1,169,75,0,0,2779,10,0,50,0,845,191,0,50,0,527,1,0,4,0,233,0,0,3,0,72,351,12,35,0,0,10,2,3,0,0,3,3,0,0
5,11,2,66,15,5,0,0.99818,0.984787,1.002497,56,2,584,100,100,0,0,0,18,16,0,0,0,60,1,72,54,0,0,2779,18,0,36,0,845,170,0,36,0,527,0,0,4,0,233,0,0,21,0,72,418,84,45,0,0,15,2,20,0,0,3,3,0,0
5,11,3,68,15,5,0,1.005137,0.989141,0.99871,55,1,459,100,100,0,0,0,10,16,0,0,0,60,1,150,63,0,0,2779,15,0,42,0,845,201,0,42,0,527,0,0,6,0,233,0,0,6,0,72,363,24,33,0,0,0,3,3,0,0,3,3,0,0
5,12,0,60,17,3,0,1.009472,0.989374,1.008769,53,2,584,100,100,0,0,0,0,0,20,12,1,60,1,84,48,0,0,2762,1,0,32,0,900,187,0,32,0,469,0,0,16,0,272,0,0,0,0,86,435,0,36,0,0,12,8,2,0,0,2,2,0,0
5,12,1,76,17,3,0,1.015967,0.97165,1.012213,64,1,459,100,100,0,0,0,0,0,18,18,0,60,1,186,75,0,0,2762,10,0,50,0,900,204,0,50,0,469,0,0,16,0,272,0,0,0,0,86,356,0,49,0,0,14,8,4,0,0,4,4,0,0
5,12,2,70,17,3,0,0.997714,0.983,1.005558,59,2,584,100,100,0,0,0,20,18,0,0,1,60,1,74,54,0,0,2762,27,0,36,0,900,170,0,36,0,469,1,0,26,0,272,0,0,0,0,86,408,0,52,0,0,24,13,4,0,0,4,4,0,0
5,12,3,72,17,3,0,1.007002,0.988062,1.000408,58,1,459,100,100,0,0,0,12,18,0,0,0,60,1,161,63,0,0,2762,15,0,42,0,900,204,0,42,0,469,0,0,18,0,272,0,0,0,0,86,375,0,49,0,0,4,9,5,0,0,5,5,0,0
5,13,0,49,14,51,1,1.009385,0.986672,1.014011,42,2,584,100,100,0,0,0,0,2,22,8,1,56,0,84,48,0,0,2750,1,0,32,0,830,212,0,32,0,490,0,0,12,0,228,0,0,11,0,100,470,44,32,0,0,16,6,2,0,0,2,2,0,0
5,13,1,64,14,51,1,1.014891,0.966478,1.012012,56,1,459,100,100,0,0,0,2,0,20,18,2,56,0,199,78,0,0,2750,8,0,52,0,830,230,0,52,0,490,1,0,8,0,228,0,0,12,0,100,387,48,40,0,0,15,4,3,0,0,3,3,0,0
5,13,2,65,14,51,1,0.998925,0.98211,1.005067,55,2,584,100,100,0,0,0,22,20,0,0,2,56,0,70,54,0,0,2750,30,0,36,0,830,188,0,36,0,490,1,0,18,0,228,0,0,9,0,100,435,36,44,0,0,29,9,4,0,0,4,4,0,0
5,13,3,63,14,51,1,1.009163,0.979855,0.993992,53,1,459,100,100,0,0,0,8,18,0,0,1,56,0,172,66,0,0,2750,13,0,44,0,830,226,0,44,0,490,0,0,12,0,228,0,0,9,0,100,398,36,40,0,0,7,6,3,0,0,3,3,0,0
5,14,0,51,10,7,0,1.011484,0.985326,1.017781,43,2,584,100,100,0,0,0,0,2,24,10,1,56,0,100,54,0,0,2783,0,0,36,0,854,230,0,36,0,452,1,0,20,0,272,0,0,0,0,181,450,0,44,0,0,23,10,3,0,0,3,3,0,0
5,14,1,68,10,7,0,1.015813,0.965996,1.013256,59,1,459,100,100,0,0,0,2,0,22,20,2,56,0,224,78,0,0,2783,11,0,52,0,854,250,0,52,0,452,1,0,18,0,272,0,0,0,0,181,364,0,50,0,0,21,9,3,0,0,3,3,0,0
5,14,2,63,10,7,0,1.000547,0.982694,1.00476,57,2,584,100,100,0,0,0,24,22,0,2,2,56,0,72,57,0,0,2783,22,0,38,0,854,198,0,38,0,452,0,0,28,0,272,0,0,0,0,181,419,0,53,0,0,40,14,3,0,0,3,3,0,0
5,14,3,62,10,7,0,1.011622,0.977779,0.993739,54,1,459,100,100,0,0,0,10,20,2,0,1,56,0,192,69,0,0,2783,11,0,46,0,854,237,0,46,0,452,1,0,22,0,272,0,0,0,0,181,375,0,51,0,0,15,11,3,0,0,3,3,0,0
5,15,0,46,10,22,0,1.013312,0.986085,1.016212,39,2,584,100,100,0,0,0,0,4,26,12,1,52,0,106,48,0,0,2778,1,0,32,0,819,249,0,32,0,450,0,0,20,0,272,0,0,0,0,177,432,0,42,0,0,30,10,3,0,0,3,3,0,0
5,15,1,65,10,22,0,1.017746,0.968169,1.012199,55,1,459,100,100,0,0,0,4,0,24,22,2,52,0,231,66,0,0,2778,16,0,44,0,819,272,0,44,0,450,1,0,24,0,272,0,0,0,0,177,336,0,52,0,0,30,12,3,0,0,3,3,0,0
5,15,2,63,10,22,0,1.000204,0.985084,1.003303,57,2,584,100,100,0,0,0,26,24,0,4,2,52,0,78,57,0,0,2778,16,0,38,0,819,217,0,38,0,450,0,0,26,0,272,0,0,0,0,177,409,0,49,0,0,51,13,2,0,0,2,2,0,0
5,15,3,58,10,22,0,1.012821,0.977366,0.994404,52,1,459,100,100,0,0,0,12,22,4,0,1,52,0,204,63,0,0,2778,6,0,42,0,819,258,0,42,0,450,1,0,22,0,272,0,0,0,0,177,359,0,49,0,0,23,11,3,0,0,3,3,0,0
5,16,0,50,17,13,0,1.016337,0.98695,1.021338,41,2,584,100,100,0,0,0,0,6,28,14,1,52,0,122,48,0,0,2806,1,0,32,0,836,268,0,32,0,481,0,0,12,0,219,0,0,15,0,180,484,60,32,0,0,34,6,2,0,0,2,2,0,0
5,16,1,70,17,13,0,1.01675,0.967746,1.010342,58,1,459,100,100,0,0,0,6,0,26,24,2,52,0,251,72,0,0,2806,12,0,48,0,836,296,0,48,0,481,0,0,22,0,219,0,0,14,0,180,362,56,54,0,0,37,11,4,0,0,4,4,0,0
5,16,2,60,17,13,0,0.998053,0.981378,1.003337,54,2,584,100,100,0,0,0,28,26,0,6,2,52,0,75,48,0,0,2806,22,0,32,0,836,233,0,32,0,481,0,0,18,0,219,0,0,12,0,180,458,48,38,0,0,58,9,2,0,0,2,2,0,0
5,16,3,56,17,13,0,1.009923,0.9762,0.997639,49,2,584,100,100,0,0,0,14,24,6,0,1,52,0,210,51,0,0,2806,14,0,34,0,836,275,0,34,0,481,1,0,12,0,219,0,0,12,0,180,387,48,50,0,0,10,6,19,0,0,2,2,0,0
5,17,0,49,12,21,0,1.021818,0.984962,1.015533,41,2,584,100,100,0,0,0,0,8,30,16,1,48,2,142,57,0,0,2803,1,0,38,0,854,287,0,38,0,447,0,0,16,0,272,0,0,0,0,172,467,0,41,0,0,39,8,3,0,0,3,3,0,0
5,17,1,69,12,21,0,1.017682,0.96733,1.009971,60,1,459,100,100,0,0,0,8,0,28,26,2,48,2,267,75,0,0,2803,13,0,50,0,854,321,0,50,0,447,0,0,24,0,272,0,0,0,0,172,331,0,55,0,0,46,12,3,0,0,3,3,0,0
5,17,2,59,12,21,0,1.00102,0.978623,1.004175,51,2,584,100,100,0,0,0,30,28,0,8,2,48,2,71,48,0,0,2803,25,0,32,0,854,249,0,32,0,447,1,0,16,0,272,0,0,0,0,172,458,0,36,0,0,64,8,2,0,0,2,2,0,0
5,17,3,50,12,21,0,1.016105,0.971643,1.001636,45,2,584,100,100,0,0,0,16,26,8,0,1,48,2,215,51,0,0,2803,14,0,34,0,854,292,0,34,0,447,1,0,18,0,272,0,0,0,0,172,369,0,39,0,0,17,9,2,0,0,2,2,0,0
5,18,0,46,11,25,0,1.018384,0.98589,1.017627,40,3,709,100,100,0,0,0,0,10,32,18,1,48,0,158,57,0,0,2813,1,0,38,0,854,306,0,38,0,544,0,0,0,0,161,0,0,18,0,189,514,72,40,0,0,20,0,19,0,0,2,2,0,0
5,18,1,66,11,25,0,1.017225,0.967022,1.008277,57,2,584,100,100,0,0,0,10,0,30,28,2,48,0,283,75,0,0,2813,7,0,50,0,854,346,0,50,0,544,0,0,0,0,161,18,0,24,0,189,394,96,48,0,0,26,0,20,0,0,3,3,0,0
5,18,2,53,11,25,0,1.006553,0.97583,1.010043,47,3,709,100,100,0,0,0,32,30,0,8,2,48,0,69,48,0,0,2813,28,0,32,0,854,265,0,32,0,544,1,0,0,0,161,0,0,18,0,189,513,72,35,0,0,46,0,18,0,0,1,1,0,0
5,18,3,48,11,25,0,1.019243,0.977923,1.005794,43,2,584,100,100,0,0,0,18,28,8,0,1,48,0,231,54,0,0,2813,9,0,36,0,854,310,0,36,0,544,1,0,0,0,161,0,0,15,0,189,425,60,22,0,0,15,0,2,0,0,2,2,0,0
5,19,0,45,9,10,0,1.019498,0.985271,1.019473,40,3,709,100,100,0,0,0,0,12,34,20,2,44,0,174,51,0,0,2816,8,0,34,0,854,323,0,34,0,484,0,0,12,0,242,0,0,6,0,225,520,24,33,0,0,24,6,2,0,0,2,2,0,0
5,19,1,64,9,10,0,1.016655,0.967598,1.006096,55,2,584,100,100,0,0,0,12,0,32,30,2,44,0,297,72,0,0,2816,3,0,48,0,854,370,0,48,0,484,0,0,30,0,242,0,0,21,0,225,433,84,60,0,0,38,15,3,0,0,3,3,0,0
5,19,2,52,9,10,0,1.009664,0.977548,1.012089,45,3,709,100,100,0,0,0,34,32,0,10,2,44,0,70,45,0,0,2816,30,0,30,0,854,280,0,30,0,484,0,0,10,0,242,0,0,9,0,225,542,36,31,0,0,48,5,3,0,0,3,3,0,0
5,19,3,51,9,10,0,1.0204,0.975535,1.007582,45,2,584,100,100,0,0,0,20,30,10,0,2,44,0,248,54,0,0,2816,12,0,36,0,854,328,0,36,0,484,0,0,10,0,242,0,0,12,0,225,459,48,32,0,0,18,5,2,0,0,2,2,0,0
5,20,0,48,9,0,0,1.020364,0.984643,1.014971,42,3,709,100,100,0,0,0,0,12,36,22,2,44,2,188,51,0,0,2837,11,0,34,0,857,340,0,34,0,454,0,0,24,0,269,0,0,0,0,225,490,0,45,0,0,34,12,2,0,0,2,2,0,0
5,20,1,65,9,0,0,1.016882,0.967378,1.005964,58,2,584,100,100,0,0,0,12,0,34,32,2,44,2,317,75,0,0,2837,1,0,50,0,857,395,0,50,0,454,0,0,36,0,269,0,0,3,0,225,393,12,67,0,0,53,18,3,0,0,3,3,0,0
5,20,2,54,9,0,0,1.008689,0.976006,1.009869,48,3,709,100,100,0,0,0,36,34,0,10,2,44,2,80,51,0,0,2837,26,0,34,0,857,297,0,34,0,454,1,0,14,0,269,0,0,0,0,225,531,0,35,0,0,53,7,2,0,0,2,2,0,0
5,20,3,54,9,0,0,1.021509,0.97425,1.009475,47,2,584,100,100,0,0,0,22,32,10,0,2,44,2,261,54,0,0,2837,12,0,36,0,857,346,0,36,0,454,1,0,14,0,269,0,0,0,0,225,444,0,36,0,0,23,7,2,0,0,2,2,0,0
5,21,0,50,11,7,0,1.020855,0.982879,1.015853,43,3,709,100,100,0,0,0,0,14,38,24,2,40,0,203,54,0,0,2819,12,0,36,0,839,358,0,36,0,533,0,0,0,0,187,3,0,21,0,222,567,84,22,0,0,32,0,2,0,0,2,2,0,0
5,21,1,64,11,7,0,1.015143,0.970392,1.005121,59,2,584,100,100,0,0,0,14,0,36,34,2,40,0,334,72,0,0,2819,3,0,48,0,839,419,0,48,0,533,1,0,6,0,187,13,0,21,0,222,455,84,34,0,0,54,3,2,0,0,2,2,0,0
5,21,2,56,11,7,0,1.012195,0.97473,1.009665,49,3,709,100,100,0,0,0,38,36,0,12,2,40,0,93,57,0,0,2819,22,0,38,0,839,316,0,38,0,533,1,0,0,0,187,0,0,15,0,222,589,60,23,0,0,51,0,2,0,0,2,2,0,0
5,21,3,55,11,7,0,1.024271,0.975679,1.010156,47,2,584,100,100,0,0,0,24,34,12,0,2,40,0,274,57,0,0,2819,13,0,38,0,839,365,0,38,0,533,1,0,4,0,187,0,0,9,0,222,472,36,29,0,0,22,2,3,0,0,3,3,0,0
5,22,0,51,11,5,0,1.026998,0.982903,1.014504,43,3,709,100,100,0,0,0,0,14,40,26,2,40,0,214,51,0,0,2806,11,0,34,0,845,375,0,34,0,493,1,0,2,0,247,0,0,3,0,216,575,12,25,0,0,30,1,3,0,0,3,3,0,0
5,22,1,65,11,5,0,1.014959,0.9694,1.004067,59,2,584,100,100,0,0,0,14,0,38,36,2,40,0,345,66,0,0,2806,10,0,44,0,845,441,0,44,0,493,0,0,32,0,247,0,0,13,0,216,461,52,58,0,0,68,16,2,0,0,2,2,0,0
5,22,2,59,11,5,0,1.013829,0.975095,1.009806,51,4,834,100,100,0,0,0,40,38,0,14,2,40,0,105,57,0,0,2806,22,0,38,0,845,335,0,38,0,493,1,0,6,0,247,0,0,14,0,216,627,56,48,0,0,34,3,20,0,0,3,3,0,0
5,22,3,56,11,5,0,1.025373,0.975311,1.009795,49,3,709,100,100,0,0,0,26,36,14,0,2,40,0,289,60,0,0,2806,14,0,40,0,845,385,0,40,0,493,0,0,12,0,247,0,0,11,0,216,482,44,55,0,0,8,6,20,0,0,3,3,0,0
5,23,0,49,10,25,0,1.025274,0.984296,1.010939,42,4,834,100,100,0,0,0,0,16,42,28,2,36,0,219,48,0,0,2801,16,0,32,0,845,391,0,32,0,514,0,0,4,0,217,0,0,15,0,207,609,60,41,0,0,13,2,19,0,0,2,2,0,0
5,23,1,61,10,25,0,1.014481,0.968783,1.004331,56,3,709,100,100,0,0,0,16,0,40,38,2,36,0,357,69,0,0,2801,5,0,46,0,845,464,0,46,0,514,0,0,6,0,217,0,0,22,0,207,514,88,50,0,0,52,3,19,0,0,2,2,0,0
5,23,2,56,10,25,0,1.016309,0.9753,1.004746,51,4,834,100,100,0,0,0,42,40,0,14,2,36,0,109,57,0,0,2801,25,0,38,0,845,354,0,38,0,514,0,0,6,0,217,0,0,7,0,207,656,28,29,0,0,35,3,2,0,0,2,2,0,0
5,23,3,50,10,25,0,1.020503,0.971816,1.004113,42,3,709,100,100,0,0,0,28,38,14,0,2,36,0,297,57,0,0,2801,13,0,38,0,845,404,0,38,0,514,1,0,4,0,217,0,0,11,0,207,508,44,27,0,0,8,2,2,0,0,2,2,0,0
5,24,0,47,7,6,0,1.028847,0.981522,1.014179,41,4,834,100,100,0,0,0,0,18,44,30,2,36,2,224,48,0,0,2824,13,0,32,0,848,407,0,32,0,499,1,0,8,0,209,0,0,15,0,225,660,60,30,0,0,14,4,3,0,0,3,3,0,0
5,24,1,60,7,6,0,1.014165,0.969544,1.006389,55,3,709,100,100,0,0,0,18,0,42,40,2,36,2,368,66,0,0,2824,13,0,44,0,848,486,0,44,0,499,1,0,14,0,209,0,0,21,0,225,570,84,40,0,0,57,7,2,0,0,2,2,0,0
5,24,2,58,7,6,0,1.018696,0.974919,1.004068,53,4,834,100,100,0,0,0,44,42,0,14,2,36,2,120,60,0,0,2824,23,0,40,0,848,374,0,40,0,499,1,0,8,0,209,0,0,6,0,225,678,24,32,0,0,37,4,2,0,0,2,2,0,0
5,24,3,52,7,6,0,1.020496,0.971294,1.004197,44,3,709,100,100,0,0,0,30,40,14,0,2,36,2,314,60,0,0,2824,11,0,40,0,848,424,0,40,0,499,1,0,12,0,209,0,0,15,0,225,539,60,38,0,0,11,6,3,0,0,3,3,0,0
5,25,0,44,5,8,0,1.029868,0.979114,1.015377,41,4,834,100,100,0,0,0,0,18,46,32,2,32,0,231,48,0,0,2824,10,0,32,0,845,423,0,32,0,433,1,0,24,0,272,0,0,0,0,225,634,0,44,0,0,24,12,2,0,0,2,2,0,0
5,25,1,62,5,8,0,1.015357,0.968383,1.0058,56,3,709,100,100,0,0,0,18,0,44,42,2,32,0,383,69,0,0,2824,11,0,46,0,845,509,0,46,0,433,1,0,36,0,272,0,0,0,0,225,519,0,63,0,0,73,18,2,0,0,2,2,0,0
5,25,2,56,5,8,0,1.01757,0.974534,1.004345,53,4,834,100,100,0,0,0,46,44,0,16,2,32,0,132,63,0,0,2824,18,0,42,0,845,395,0,42,0,433,0,0,16,0,272,0,0,0,0,225,667,0,41,0,0,43,8,2,0,0,2,2,0,0
5,25,3,52,5,8,0,1.021061,0.971113,1.006241,45,3,709,100,100,0,0,0,32,42,16,0,2,32,0,327,57,0,0,2824,10,0,38,0,845,443,0,38,0,433,0,0,34,0,272,0,0,0,0,225,492,0,59,0,0,25,17,3,0,0,3,3,0,0
5,26,0,43,3,2,0,1.02822,0.976722,1.01226,42,4,834,100,100,0,0,0,0,18,48,34,2,32,2,240,48,0,0,2822,7,0,32,0,951,425,0,32,0,481,1,0,18,0,272,0,0,0,0,261,611,0,36,0,0,32,9,1,0,0,1,1,0,0
5,26,1,61,3,2,0,1.015824,0.968029,1.006654,57,3,709,100,100,0,0,0,18,0,46,44,2,32,2,396,69,0,0,2822,14,0,46,0,951,497,0,46,0,481,1,0,18,0,272,0,0,0,0,261,480,0,45,0,0,80,9,2,0,0,2,2,0,0
5,26,2,58,3,2,0,1.01774,0.975911,1.007229,55,4,834,100,100,0,0,0,48,46,0,18,2,32,2,146,63,0,0,2822,18,0,42,0,951,387,0,42,0,481,1,0,8,0,272,0,0,0,0,261,649,0,31,0,0,46,4,1,0,0,1,1,0,0
5,26,3,53,3,2,0,1.022774,0.972263,1.005754,48,3,709,100,100,0,0,0,34,44,18,0,2,32,2,336,57,0,0,2822,10,0,38,0,951,440,0,38,0,481,0,0,18,0,272,0,0,0,0,261,458,0,41,0,0,32,9,2,0,0,2,2,0,0
5,27,0,43,3,5,0,1.02822,0.976722,1.01226,43,4,834,100,100,0,0,0,0,18,50,36,2,28,2,251,48,0,0,2827,7,0,32,0,848,441,0,32,0,443,0,0,22,0,271,0,0,0,0,300,573,0,38,0,0,43,11,0,0,0,0,0,0,0
5,27,1,59,3,5,0,1.014979,0.967319,1.001767,56,3,709,100,100,0,0,0,18,0,48,46,2,28,2,406,66,0,0,2827,10,0,44,0,848,519,0,44,0,443,0,0,36,0,271,0,0,0,0,300,420,0,60,0,0,97,18,1,0,0,1,1,0,0
5,27,2,57,3,5,0,1.018445,0.975658,1.006073,55,4,834,100,100,0,0,0,50,48,0,18,2,28,2,159,66,0,0,2827,13,0,44,0,848,409,0,44,0,443,0,0,16,0,271,0,0,1,0,300,613,4,40,0,0,53,8,1,0,0,1,1,0,0
5,27,3,54,3,5,0,1.019127,0.969751,1.006557,49,3,709,100,100,0,0,0,36,46,18,0,2,28,2,345,57,0,0,2827,7,0,38,0,848,459,0,38,0,443,0,0,30,0,271,0,0,0,0,300,405,0,53,0,0,45,15,2,0,0,2,2,0,0
5,28,0,45,6,5,0,1.02807,0.976272,1.013049,43,4,834,100,100,0,0,0,0,18,52,38,2,28,0,263,48,0,0,2826,7,0,32,0,851,457,0,32,0,520,0,0,0,0,189,1,0,19,0,225,651,76,16,0,0,43,0,0,0,0,0,0,0,0
5,28,1,60,6,5,0,1.016442,0.969615,1.002917,57,3,709,100,100,0,0,0,18,0,50,48,2,28,0,420,66,0,0,2826,13,0,44,0,851,541,0,44,0,520,1,0,8,0,189,3,0,24,0,225,499,96,32,0,0,100,4,1,0,0,1,1,0,0
5,28,2,55,6,5,0,1.016349,0.97696,1.007083,53,4,834,100,100,0,0,0,52,50,0,18,2,28,0,172,63,0,0,2826,15,0,42,0,851,430,0,42,0,520,1,0,2,0,189,0,0,6,0,225,639,24,25,0,0,53,1,1,0,0,1,1,0,0
5,28,3,54,6,5,0,1.010747,0.972397,1.004645,49,3,709,100,100,0,0,0,38,48,18,0,2,28,0,354,57,0,0,2826,4,0,38,0,851,478,0,38,0,520,0,0,6,0,189,12,0,18,0,225,460,72,29,0,0,46,3,2,0,0,2,2,0,0
5,29,0,44,4,4,0,1.027072,0.976178,1.013602,42,4,834,100,100,0,0,0,0,18,54,40,2,24,0,270,48,0,0,2818,7,0,32,0,851,473,0,32,0,468,0,0,16,0,265,0,0,1,0,228,639,4,34,0,0,50,8,1,0,0,1,1,0,0
5,29,1,61,4,4,0,1.01751,0.969318,1.004553,57,3,709,100,100,0,0,0,18,0,52,50,2,24,0,432,66,0,0,2818,13,0,44,0,851,563,0,44,0,468,0,0,26,0,265,0,0,3,0,228,476,12,50,0,0,112,13,1,0,0,1,1,0,0
5,29,2,55,4,4,0,1.016411,0.976768,1.009785,53,4,834,100,100,0,0,0,54,52,0,20,3,24,0,188,63,0,0,2818,15,0,42,0,851,451,0,42,0,468,1,0,6,0,265,0,0,7,0,228,665,28,29,0,0,55,3,1,0,0,1,1,0,0
5,29,3,54,4,4,0,1.011736,0.972894,1.006506,50,3,709,100,100,0,0,0,40,50,20,0,3,24,0,362,57,0,0,2818,7,0,38,0,851,497,0,38,0,468,1,0,28,0,265,0,0,12,0,228,469,48,51,0,0,58,14,2,0,0,2,2,0,0
5,30,0,45,5,1,0,1.025902,0.978971,1.01162,43,4,834,100,100,0,0,0,0,20,56,42,3,24,0,279,48,0,0,2831,4,0,32,0,854,489,0,32,0,426,1,0,26,0,272,0,0,0,0,217,616,0,44,0,0,62,13,1,0,0,1,1,0,0
5,30,1,63,5,1,0,1.015422,0.969219,1.006367,58,3,709,100,100,0,0,0,20,0,54,52,3,24,0,443,66,0,0,2831,9,0,44,0,854,585,0,44,0,426,0,0,38,0,272,0,0,0,0,217,437,0,64,0,0,129,19,2,0,0,2,2,0,0
5,30,2,55,5,1,0,1.017344,0.973446,1.008717,53,4,834,100,100,0,0,0,56,54,0,22,3,24,0,201,63,0,0,2831,15,0,42,0,854,472,0,42,0,426,0,0,16,0,272,0,0,0,0,217,651,0,39,0,0,62,8,1,0,0,1,1,0,0
5,30,3,55,5,1,0,1.012055,0.972907,1.007417,52,3,709,100,100,0,0,0,42,52,22,0,3,24,0,369,57,0,0,2831,10,0,38,0,854,516,0,38,0,426,1,0,38,0,272,0,0,0,0,217,422,0,59,0,0,76,19,1,0,0,1,1,0,0
5,31,0,46,5,7,0,1.025966,0.978619,1.011963,44,4,834,100,100,0,0,0,0,22,58,44,3,20,0,286,48,0,0,2810,7,0,32,0,854,505,0,32,0,457,0,0,22,0,272,0,0,0,0,219,597,0,40,0,0,72,11,1,0,0,1,1,0,0
5,31,1,61,5,7,0,1.015937,0.968922,1.00563,57,4,834,100,100,0,0,0,22,0,56,54,3,20,0,451,66,0,0,2810,16,0,44,0,854,607,0,44,0,457,0,0,24,0,272,0,0,0,0,219,388,0,67,0,0,122,12,19,0,0,2,2,0,0
5,31,2,55,5,7,0,1.01696,0.970518,1.012886,52,4,834,100,100,0,0,0,58,56,0,24,3,20,0,212,60,0,0,2810,14,0,40,0,854,492,0,40,0,457,0,0,12,0,272,0,0,0,0,219,644,0,34,0,0,67,6,1,0,0,1,1,0,0
5,31,3,54,5,7,0,1.012274,0.975943,1.008734,51,3,709,100,100,0,0,0,44,54,24,0,3,20,0,375,57,0,0,2810,10,0,38,0,854,535,0,38,0,457,0,0,22,0,272,0,0,0,0,219,394,0,43,0,0,86,11,1,0,0,1,1,0,0
5,32,0,45,2,7,0,1.026402,0.977757,1.011579,44,4,834,100,100,0,0,0,0,22,60,46,3,20,0,293,48,0,0,2827,7,0,32,0,851,521,0,32,0,421,1,0,26,0,272,0,0,0,0,300,553,0,44,0,0,84,13,1,0,0,1,1,0,0
5,32,1,60,2,7,0,1.014344,0.968246,1.005591,57,4,834,100,100,0,0,0,22,0,58,56,3,20,0,454,60,0,0,2827,20,0,40,0,851,627,0,40,0,421,0,0,36,0,272,0,0,0,0,300,330,0,58,0,0,139,18,1,0,0,1,1,0,0
5,32,2,55,2,7,0,1.018895,0.970076,1.016038,52,4,834,100,100,0,0,0,60,58,0,24,3,20,0,225,63,0,0,2827,15,0,42,0,851,513,0,42,0,421,1,0,14,0,272,0,0,0,0,300,607,0,37,0,0,73,7,1,0,0,1,1,0,0
5,32,3,51,2,7,0,1.010858,0.975917,1.011637,49,3,709,100,100,0,0,0,46,56,24,0,3,20,0,380,54,0,0,2827,6,0,36,0,851,553,0,36,0,421,4,0,38,0,272,0,0,0,0,300,336,0,58,0,0,104,19,1,0,0,1,1,0,0
5,33,0,46,2,1,0,1.025664,0.978331,1.013157,45,4,834,100,100,0,0,0,0,22,62,48,3,20,1,300,48,0,0,2836,7,0,32,0,863,537,0,32,0,493,0,0,10,0,200,0,0,18,0,216,620,72,26,0,0,89,5,0,0,0,0,0,0,0
5,33,1,60,2,1,0,1.014344,0.968246,1.005591,58,4,834,100,100,0,0,0,22,0,60,58,3,20,1,459,60,0,0,2836,23,0,40,0,863,647,0,40,0,493,1,0,14,0,200,0,0,21,0,216,399,84,36,0,0,145,7,1,0,0,1,1,0,0
5,33,2,56,2,1,0,1.018252,0.969347,1.017113,53,4,834,100,100,0,0,0,62,60,0,26,3,20,1,239,63,0,0,2836,15,0,42,0,863,534,0,42,0,493,1,0,6,0,200,0,0,12,0,216,653,48,29,0,0,75,3,1,0,0,1,1,0,0
5,33,3,50,2,1,0,1.010489,0.975963,1.010737,49,3,709,100,100,0,0,0,48,58,26,0,3,20,1,387,54,0,0,2836,6,0,36,0,863,571,0,36,0,493,1,0,24,0,200,3,0,18,0,216,376,72,44,0,0,115,12,1,0,0,1,1,0,0
5,34,0,46,5,3,0,1.027107,0.979488,1.015848,44,4,834,100,100,0,0,0,0,24,64,50,3,20,0,307,48,0,0,2838,4,0,32,0,863,553,0,32,0,491,0,0,12,0,215,0,0,15,0,213,674,60,30,0,0,94,6,1,0,0,1,1,0,0
5,34,1,60,5,3,0,1.014344,0.968246,1.005591,59,4,834,100,100,0,0,0,24,0,62,60,3,20,0,464,60,0,0,2838,23,0,40,0,863,667,0,40,0,491,0,0,16,0,215,0,0,15,0,213,442,60,38,0,0,152,8,1,0,0,1,1,0,0
5,34,2,58,5,3,0,1.016957,0.968621,1.014806,53,4,834,100,100,0,0,0,64,62,0,28,3,20,0,248,60,0,0,2838,17,0,40,0,863,554,0,40,0,491,0,0,10,0,215,0,0,6,0,213,675,24,32,0,0,79,5,1,0,0,1,1,0,0
5,34,3,50,5,3,0,1.009663,0.978073,1.009612,49,3,709,100,100,0,0,0,50,60,28,0,3,20,0,393,51,0,0,2838,8,0,34,0,863,588,0,34,0,491,0,0,18,0,215,6,0,18,0,213,425,72,35,0,0,124,9,0,0,0,0,0,0,0
5,35,0,46,4,1,0,1.027107,0.979488,1.015848,45,5,959,100,100,0,0,0,0,24,66,52,3,20,0,314,48,0,0,2831,4,0,32,0,869,569,0,32,0,499,1,0,2,0,217,0,0,21,0,207,748,84,37,0,0,77,1,18,0,0,1,1,0,0
5,35,1,62,4,1,0,1.016195,0.967371,1.006818,60,4,834,100,100,0,0,0,24,0,64,62,3,20,0,469,60,0,0,2831,23,0,40,0,869,687,0,40,0,499,1,0,8,0,217,0,0,24,0,207,531,96,28,0,0,156,4,0,0,0,0,0,0,0
5,35,2,59,4,1,0,1.016801,0.968571,1.014226,54,5,959,100,100,0,0,0,66,64,0,28,3,20,0,255,60,0,0,2831,23,0,40,0,869,574,0,40,0,499,0,0,6,0,217,0,0,9,0,207,697,36,47,0,0,63,3,19,0,0,2,2,0,0
5,35,3,50,4,1,0,1.011321,0.980688,1.009214,48,4,834,100,100,0,0,0,52,62,28,0,3,20,0,399,51,0,0,2831,11,0,34,0,869,605,0,34,0,499,0,0,24,0,217,0,0,7,0,207,405,28,60,0,0,118,12,18,0,0,1,1,0,0
5,36,0,46,4,5,0,1.026676,0.982325,1.014206,45,5,959,100,100,0,0,0,0,24,68,54,3,20,1,317,45,0,0,2831,6,0,30,0,866,584,0,30,0,475,0,0,22,0,236,0,0,3,0,211,748,12,37,0,0,88,11,0,0,0,0,0,0,0
5,36,1,59,4,5,0,1.016303,0.967465,1.010775,57,4,834,100,100,0,0,0,24,0,66,64,3,20,1,471,60,0,0,2831,23,0,40,0,866,707,0,40,0,475,0,0,22,0,236,0,0,12,0,211,556,48,44,0,0,166,11,1,0,0,1,1,0,0
5,36,2,59,4,5,0,1.017453,0.970456,1.016539,55,5,959,100,100,0,0,0,68,66,0,28,3,20,1,261,60,0,0,2831,23,0,40,0,866,594,0,40,0,475,0,0,6,0,236,0,0,6,0,211,719,24,30,0,0,64,3,2,0,0,2,2,0,0
5,36,3,52,4,5,0,1.011047,0.980256,1.010573,49,4,834,100,100,0,0,0,54,64,28,0,3,20,1,404,51,0,0,2831,11,0,34,0,866,622,0,34,0,475,1,0,20,0,236,0,0,15,0,211,441,60,39,0,0,127,10,1,0,0,1,1,0,0
5,37,0,46,3,4,0,1.027512,0.985566,1.016997,44,6,1084,100,100,0,0,0,0,26,70,56,3,20,0,320,45,0,0,2840,6,0,30,0,872,599,0,30,0,518,0,0,6,0,175,4,0,20,0,198,812,80,40,0,0,73,3,18,0,0,1,1,0,0
5,37,1,58,3,4,0,1.015749,0.967416,1.009499,56,5,959,100,100,0,0,0,26,0,68,66,3,20,0,478,60,0,0,2840,23,0,40,0,872,727,0,40,0,518,0,0,6,0,175,0,0,24,0,198,625,96,45,0,0,151,3,18,0,0,1,1,0,0
5,37,2,59,3,4,0,1.017286,0.972425,1.016688,56,5,959,100,100,0,0,0,70,68,0,30,3,20,0,268,60,0,0,2840,23,0,40,0,872,614,0,40,0,518,0,0,2,0,175,0,0,16,0,198,792,64,24,0,0,64,1,1,0,0,1,1,0,0
5,37,3,52,3,4,0,1.011047,0.980256,1.010573,50,4,834,100,100,0,0,0,56,66,30,0,3,20,0,407,51,0,0,2840,11,0,34,0,872,639,0,34,0,518,1,0,12,0,175,5,0,22,0,198,519,88,31,0,0,132,6,1,0,0,1,1,0,0
5,38,0,47,4,3,0,1.027408,0.983651,1.016677,45,6,1084,100,100,0,0,0,0,26,72,58,3,20,0,328,48,0,0,2838,4,0,32,0,866,615,0,32,0,428,1,0,28,0,272,0,0,4,0,204,806,16,46,0,0,86,14,1,0,0,1,1,0,0
5,38,1,58,4,3,0,1.015749,0.967416,1.009499,57,5,959,100,100,0,0,0,26,0,70,68,3,20,0,487,63,0,0,2838,21,0,42,0,866,748,0,42,0,428,0,0,30,0,272,0,0,0,0,204,590,0,53,0,0,165,15,1,0,0,1,1,0,0
5,38,2,58,4,3,0,1.016729,0.974212,1.017246,55,5,959,100,100,0,0,0,72,70,0,30,3,20,0,270,57,0,0,2838,25,0,38,0,866,633,0,38,0,428,0,0,18,0,272,0,0,0,0,204,786,0,39,0,0,72,9,1,0,0,1,1,0,0
5,38,3,53,4,3,0,1.009848,0.98298,1.011111,50,4,834,100,100,0,0,0,58,68,30,0,3,20,0,412,51,0,0,2838,11,0,34,0,866,656,0,34,0,428,1,0,36,0,272,0,0,5,0,204,505,20,55,0,0,149,18,1,0,0,1,1,0,0
5,39,0,46,2,6,0,1.02618,0.983331,1.017023,45,6,1084,100,100,0,0,0,0,26,74,60,3,20,0,329,45,0,0,2838,6,0,30,0,866,630,0,30,0,470,0,0,22,0,272,0,0,0,0,204,791,0,39,0,0,96,11,1,0,0,1,1,0,0
5,39,1,56,2,6,0,1.016168,0.968279,1.007005,55,5,959,100,100,0,0,0,26,0,72,70,3,20,0,487,54,0,0,2838,27,0,36,0,866,766,0,36,0,470,0,0,20,0,272,0,0,0,0,204,570,0,38,0,0,175,10,0,0,0,0,0,0,0
5,39,2,57,2,6,0,1.01632,0.972149,1.018829,54,5,959,100,100,0,0,0,74,72,0,30,3,20,0,275,57,0,0,2838,22,0,38,0,866,652,0,38,0,470,0,0,12,0,272,0,0,0,0,204,786,0,33,0,0,77,6,1,0,0,1,1,0,0
5,39,3,53,2,6,0,1.009848,0.98298,1.011111,51,4,834,100,100,0,0,0,60,70,30,0,3,20,0,416,54,0,0,2838,9,0,36,0,866,674,0,36,0,470,1,0,18,0,272,0,0,0,0,204,488,0,38,0,0,157,9,1,0,0,1,1,0,0
5,40,0,45,2,14,0,1.021846,0.977734,1.012854,44,6,1084,100,100,0,0,0,0,26,76,62,3,20,0,332,45,0,0,2848,3,0,30,0,875,645,0,30,0,472,0,0,18,0,221,0,0,15,0,204,839,60,33,0,0,105,9,0,0,0,0,0,0,0
5,40,1,52,2,14,0,1.016869,0.963618,1.012586,50,5,959,100,100,0,0,0,26,0,74,72,3,20,0,489,51,0,0,2848,29,0,34,0,875,783,0,34,0,472,1,0,14,0,221,0,0,12,0,204,597,48,33,0,0,181,7,1,0,0,1,1,0,0
5,40,2,53,2,14,0,1.01756,0.972833,1.018005,51,5,959,100,100,0,0,0,76,74,0,30,3,20,0,281,57,0,0,2848,22,0,38,0,875,671,0,38,0,472,0,0,12,0,221,0,0,6,0,204,801,24,33,0,0,82,6,1,0,0,1,1,0,0
5,40,3,50,2,14,0,1.011843,0.98253,1.009297,49,4,834,100,100,0,0,0,62,72,30,0,3,20,0,417,51,0,0,2848,11,0,34,0,875,691,0,34,0,472,1,0,24,0,221,0,0,15,0,204,520,60,43,0,0,168,12,1,0,0,1,1,0,0
7,1,0,55,19,7,0,1.004226,0.993815,1.002466,0,0,334,100,100,0,0,0,0,2,2,2,0,80,8,56,39,0,0,3056,127,0,26,0,934,63,0,26,0,405,22,0,46,0,272,2,0,23,0,156,115,92,77,0,0,14,23,9,0,0,9,9,0,0
7,1,1,52,19,7,0,1.001344,0.9871,1.001977,0,0,334,100,100,0,0,0,2,0,2,2,0,80,8,53,39,0,0,3056,127,0,26,0,934,62,0,26,0,405,26,0,44,0,272,3,0,22,0,156,110,88,75,0,0,13,22,9,0,0,9,9,0,0
7,1,2,54,19,7,0,0.995594,0.984791,1.001533,0,0,334,100,100,0,0,0,2,2,0,2,0,80,8,57,39,0,0,3056,127,0,26,0,934,62,0,26,0,405,24,0,44,0,272,3,0,22,0,156,110,88,75,0,0,13,22,9,0,0,9,9,0,0
7,1,3,51,19,7,0,1.004912,0.989575,0.995665,0,0,334,100,100,0,0,0,2,2,2,0,0,80,8,54,39,0,0,3056,121,0,26,0,934,63,0,26,0,405,25,0,44,0,272,3,0,22,0,156,116,88,75,0,0,13,22,9,0,0,9,9,0,0
7,2,0,53,24,18,0,1.005799,0.9898,0.998828,9,0,334,100,100,0,0,0,0,2,4,4,0,80,0,59,39,0,0,3041,76,0,26,0,929,76,0,26,0,481,0,0,40,0,170,2,0,21,0,162,161,84,71,0,0,25,20,9,0,0,9,9,0,0
7,2,1,55,24,18,0,1.006107,0.982004,1.001855,7,0,334,100,100,0,0,0,2,0,4,4,0,80,0,57,39,0,0,3041,88,0,26,0,929,75,0,26,0,481,1,0,34,0,170,0,0,24,0,162,174,96,65,0,0,21,17,9,0,0,9,9,0,0
7,2,2,57,24,18,0,0.996675,0.992913,1.004975,9,0,334,100,100,0,0,0,4,4,0,2,0,80,0,65,42,0,0,3041,84,0,28,0,929,76,0,28,0,481,0,0,42,0,170,0,0,21,0,162,150,84,74,0,0,25,21,9,0,0,9,9,0,0
7,2,3,53,24,18,0,1.003886,0.991231,0.998644,8,0,334,100,100,0,0,0,4,4,2,0,0,80,0,61,39,0,0,3041,74,0,26,0,929,76,0,26,0,481,1,0,42,0,170,0,0,18,0,162,151,72,73,0,0,25,21,9,0,0,9,9,0,0
7,3,0,56,18,10,0,1.009375,0.987805,1.002521,17,0,334,100,100,0,0,0,0,4,6,6,0,76,0,63,42,0,0,3041,28,0,28,0,914,90,0,28,0,495,0,0,14,0,241,0,0,2,0,159,153,8,46,0,0,23,7,9,0,0,9,9,0,0
7,3,1,59,18,10,0,1.005701,0.983564,0.99947,16,0,334,100,100,0,0,0,4,0,6,6,0,76,0,58,42,0,0,3041,47,0,28,0,914,89,0,28,0,495,0,0,16,0,241,0,0,12,0,159,207,48,48,0,0,20,8,9,0,0,9,9,0,0
7,3,2,57,18,10,0,1.000632,0.994389,1.002615,16,0,334,100,100,0,0,0,6,6,0,4,0,76,0,63,39,0,0,3041,37,0,26,0,914,89,0,26,0,495,0,0,12,0,241,0,0,10,0,159,183,40,43,0,0,22,6,9,0,0,9,9,0,0
7,3,3,54,18,10,0,1.005517,0.988438,1.00171,17,0,334,100,100,0,0,0,6,6,4,0,0,76,0,71,45,0,0,3041,21,0,30,0,914,91,0,30,0,495,1,0,8,0,241,0,0,8,0,159,181,32,41,0,0,20,4,9,0,0,9,9,0,0
7,4,0,60,16,5,0,1.009955,0.986936,1.004245,26,0,334,100,100,0,0,0,0,4,8,8,0,76,7,68,42,0,0,2959,11,0,28,0,914,104,0,28,0,440,0,0,20,0,219,0,0,19,0,133,210,76,52,0,0,24,10,9,0,0,9,9,0,0
7,4,1,60,16,5,0,1.00433,0.985515,0.996361,25,0,334,100,100,0,0,0,4,0,8,8,0,76,7,60,45,0,0,2959,14,0,30,0,914,104,0,30,0,440,0,0,24,0,219,0,0,17,0,133,258,68,57,0,0,23,12,9,0,0,9,9,0,0
7,4,2,61,16,5,0,1.003438,0.99466,1.00451,25,0,334,100,100,0,0,0,8,8,0,4,0,76,7,65,42,0,0,2959,4,0,28,0,914,103,0,28,0,440,0,0,36,0,219,0,0,9,0,133,194,36,68,0,0,31,18,9,0,0,9,9,0,0
7,4,3,56,16,5,0,1.005052,0.989342,1.007594,24,0,334,100,100,0,0,0,8,8,4,0,0,76,7,77,45,0,0,2959,3,0,30,0,914,106,0,30,0,440,1,0,18,0,219,0,0,8,0,133,204,32,51,0,0,20,9,9,0,0,9,9,0,0
7,5,0,63,19,10,0,1.009879,0.983766,0.999329,35,0,334,100,100,0,0,0,0,6,10,10,0,72,1,77,51,0,0,2833,5,0,34,0,896,121,0,34,0,388,1,0,40,0,272,0,0,0,0,201,153,0,75,0,0,35,20,9,0,0,9,9,0,0
7,5,1,64,19,10,0,1.005789,0.981737,0.998296,33,0,334,100,100,0,0,0,6,0,10,10,0,72,1,66,48,0,0,2833,16,0,32,0,896,120,0,32,0,388,1,0,34,0,272,0,0,0,0,201,208,0,68,0,0,31,17,9,0,0,9,9,0,0
7,5,2,64,19,10,0,1.005628,0.996382,1.004403,34,0,334,100,100,0,0,0,10,10,0,6,0,72,1,65,48,0,0,2833,4,0,32,0,896,119,0,32,0,388,1,0,42,0,272,0,0,0,0,201,136,0,76,0,0,43,21,9,0,0,9,9,0,0
7,5,3,55,19,10,0,1.014098,0.992753,1.010858,28,0,334,100,100,0,0,0,10,10,6,0,0,72,1,78,39,0,0,2833,7,0,26,0,896,119,0,26,0,388,0,0,26,0,272,0,0,0,0,201,192,0,57,0,0,24,13,9,0,0,9,9,0,0
7,6,0,62,21,9,0,1.010215,0.986605,0.998274,40,0,334,100,100,0,0,0,0,6,12,12,0,72,4,85,54,0,0,2812,0,0,36,0,884,139,0,36,0,436,1,0,36,0,272,0,0,0,0,123,114,0,72,0,0,44,18,9,0,0,9,9,0,0
7,6,1,70,21,9,0,1.008088,0.979138,1.00014,42,0,334,100,100,0,0,0,6,0,12,12,0,72,4,72,51,0,0,2812,20,0,34,0,884,137,0,34,0,436,1,0,22,0,272,0,0,0,0,123,196,0,57,0,0,33,11,9,0,0,9,9,0,0
7,6,2,68,21,9,0,1.008796,0.996417,1.008728,42,0,334,100,100,0,0,0,12,12,0,6,0,72,4,71,54,0,0,2812,3,0,36,0,884,137,0,36,0,436,1,0,24,0,272,0,0,0,0,123,121,0,60,0,0,46,12,9,0,0,9,9,0,0
7,6,3,58,21,9,0,1.013848,0.992122,1.010929,37,0,334,100,100,0,0,0,12,12,6,0,0,72,4,83,45,0,0,2812,6,0,30,0,884,134,0,30,0,436,0,0,20,0,272,0,0,0,0,123,187,0,53,0,0,25,10,9,0,0,9,9,0,0
7,7,0,64,17,6,0,1.010628,0.985718,0.997623,48,0,334,100,100,0,0,0,0,6,14,14,0,68,13,95,63,0,0,2788,0,0,42,0,942,135,0,42,0,426,0,0,34,0,239,0,0,6,0,114,102,24,69,0,0,54,17,7,0,0,7,7,0,0
7,7,1,69,17,6,0,1.009332,0.978847,0.99878,51,0,334,100,100,0,0,0,6,0,14,14,0,68,13,68,54,0,0,2788,24,0,36,0,942,132,0,36,0,426,0,0,28,0,239,0,0,9,0,114,215,36,62,0,0,39,14,8,0,0,8,8,0,0
7,7,2,73,17,6,0,1.00764,0.998661,1.008074,51,0,334,100,100,0,0,0,14,14,0,6,0,68,13,75,54,0,0,2788,3,0,36,0,942,136,0,36,0,426,1,0,34,0,239,0,0,9,0,114,143,36,68,0,0,55,17,8,0,0,8,8,0,0
7,7,3,63,17,6,0,1.01476,0.994053,1.008985,46,0,334,100,100,0,0,0,14,14,6,0,0,68,13,85,48,0,0,2788,7,0,32,0,942,141,0,32,0,426,0,0,24,0,239,0,0,9,0,114,219,36,52,0,0,31,12,6,0,0,6,6,0,0
7,8,0,57,13,59,0,1.013719,0.986109,0.997552,46,0,334,100,100,0,0,0,0,6,16,16,0,68,7,109,63,0,0,2770,0,0,42,0,923,136,0,42,0,394,0,0,34,0,272,0,0,0,0,200,50,0,61,0,0,68,17,3,0,0,3,3,0,0
7,8,1,56,13,59,0,1.015351,0.979792,1.007102,44,0,334,100,100,0,0,0,6,0,16,16,0,68,7,70,57,0,0,2770,22,0,38,0,923,134,0,38,0,394,0,0,30,0,272,0,0,0,0,200,167,0,51,0,0,53,15,1,0,0,1,1,0,0
7,8,2,61,13,59,0,1.010351,0.998692,1.011061,45,0,334,100,100,0,0,0,16,16,0,6,0,68,7,77,60,0,0,2770,5,0,40,0,923,140,0,40,0,394,6,0,40,0,272,0,0,0,0,200,81,0,70,0,0,70,20,5,0,0,5,5,0,0
7,8,3,49,13,59,0,1.015285,0.997885,1.015282,36,0,334,100,100,0,0,0,16,16,6,0,0,68,7,83,48,0,0,2770,13,0,32,0,923,144,0,32,0,394,8,0,30,0,272,0,0,0,0,200,173,0,46,0,0,46,15,0,0,0,0,0,0,0
7,9,0,56,14,3,0,1.014303,0.983993,0.998956,48,0,334,100,100,0,0,0,0,6,18,18,0,64,8,123,63,0,0,2810,0,0,42,0,854,157,0,42,0,544,0,0,0,0,110,28,0,17,0,264,100,68,27,0,0,65,0,3,0,0,3,3,0,0
7,9,1,61,14,3,0,1.017176,0.98451,1.008523,45,0,334,100,100,0,0,0,6,0,18,18,0,64,8,85,57,0,0,2810,25,0,38,0,854,153,0,38,0,544,0,0,0,0,110,16,0,23,0,264,242,92,23,0,0,51,0,2,0,0,2,2,0,0
7,9,2,65,14,3,0,1.009246,0.993303,1.009998,50,0,334,100,100,0,0,0,18,18,0,6,0,64,8,94,63,0,0,2810,6,0,42,0,854,161,0,42,0,544,0,0,6,0,110,24,0,21,0,264,143,84,37,0,0,68,3,5,0,0,5,5,0,0
7,9,3,52,14,3,0,1.016001,0.995157,1.01464,36,0,334,100,100,0,0,0,18,18,6,0,0,64,8,97,51,0,0,2810,17,0,34,0,854,161,0,34,0,544,0,0,8,0,110,16,0,17,0,264,216,68,25,0,0,50,4,0,0,0,0,0,0,0
7,10,0,60,13,3,0,1.016193,0.983245,0.999069,51,0,334,100,100,0,0,0,0,8,20,20,2,64,0,142,63,0,0,2801,0,0,42,0,836,181,0,42,0,431,1,0,26,0,221,24,0,18,0,258,131,72,53,0,0,75,13,3,0,0,3,3,0,0
7,10,1,62,13,3,0,1.0191,0.98572,1.01052,46,0,334,100,100,0,0,0,8,0,20,20,2,64,0,101,63,0,0,2801,24,0,42,0,836,174,0,42,0,431,0,0,36,0,221,0,0,20,0,258,267,80,61,0,0,67,18,2,0,0,2,2,0,0
7,10,2,68,13,3,0,1.011744,0.995296,1.014108,53,0,334,100,100,0,0,0,20,20,0,6,2,64,0,107,63,0,0,2801,0,0,42,0,836,188,0,42,0,431,0,0,32,0,221,17,0,21,0,258,185,84,63,0,0,79,16,5,0,0,5,5,0,0
7,10,3,54,13,3,0,1.0153,0.993808,1.013427,36,0,334,100,100,0,0,0,20,20,6,0,2,64,0,110,54,0,0,2801,18,0,36,0,836,179,0,36,0,431,0,0,18,0,221,16,0,19,0,258,257,76,38,0,0,58,9,1,0,0,1,1,0,0
7,11,0,63,15,3,0,1.015192,0.981816,1.001378,53,0,334,100,100,0,0,0,0,8,22,22,2,60,7,162,66,0,0,2782,1,0,44,0,824,203,0,44,0,408,1,0,32,0,220,18,0,20,0,273,160,80,60,0,0,88,16,3,0,0,3,3,0,0
7,11,1,66,15,3,0,1.019117,0.984375,1.00887,48,0,334,100,100,0,0,0,8,0,22,22,2,60,7,118,63,0,0,2782,30,0,42,0,824,195,0,42,0,408,0,0,34,0,220,0,0,8,0,273,243,32,59,0,0,82,17,2,0,0,2,2,0,0
7,11,2,70,15,3,0,1.011317,0.994337,1.014468,57,0,334,100,100,0,0,0,22,22,0,6,2,60,7,115,66,0,0,2782,1,0,44,0,824,216,0,44,0,408,1,0,42,0,220,11,0,22,0,273,211,88,74,0,0,95,21,5,0,0,5,5,0,0
7,11,3,57,15,3,0,1.015109,0.991525,1.011466,36,1,459,100,100,0,0,0,22,22,6,0,2,60,7,125,57,0,0,2782,13,0,38,0,824,198,0,38,0,408,1,0,26,0,220,11,0,19,0,273,270,76,66,0,0,52,13,19,0,0,2,2,0,0
7,12,0,67,14,1,0,1.014368,0.978008,1.003052,56,0,334,100,100,0,0,0,0,10,24,24,2,60,4,179,66,0,0,2778,1,0,44,0,821,225,0,44,0,407,1,0,36,0,272,0,0,18,0,238,184,72,66,0,0,102,18,4,0,0,4,4,0,0
7,12,1,68,14,1,0,1.018296,0.982718,1.011218,50,0,334,100,100,0,0,0,10,0,24,24,2,60,4,129,63,0,0,2778,24,0,42,0,821,216,0,42,0,407,0,0,36,0,272,0,0,0,0,238,193,0,65,0,0,96,18,4,0,0,4,4,0,0
7,12,2,73,14,1,0,1.01268,0.99571,1.013813,62,0,334,100,100,0,0,0,24,24,0,6,2,60,4,122,63,0,0,2778,1,0,42,0,821,249,0,42,0,407,0,0,42,0,272,0,0,11,0,238,207,44,71,0,0,112,21,4,0,0,4,4,0,0
7,12,3,61,14,1,0,1.016283,0.991125,1.01021,38,1,459,100,100,0,0,0,24,24,6,0,2,60,4,145,63,0,0,2778,12,0,42,0,821,219,0,42,0,407,1,0,24,0,272,0,0,11,0,238,271,44,49,0,0,62,12,2,0,0,2,2,0,0
7,13,0,67,14,12,0,1.014001,0.977074,1.003417,58,0,334,100,100,0,0,0,0,12,26,26,2,56,1,188,63,0,0,2744,0,0,42,0,812,255,0,42,0,458,0,0,26,0,156,12,0,20,0,300,209,80,55,0,0,111,13,4,0,0,4,4,0,0
7,13,1,72,14,12,0,1.020182,0.983509,1.010751,53,0,334,100,100,0,0,0,12,0,26,26,2,56,1,142,66,0,0,2744,25,0,44,0,812,238,0,44,0,458,0,0,18,0,156,5,0,27,0,300,253,108,48,0,0,101,9,4,0,0,4,4,0,0
7,13,2,70,14,12,0,1.013632,0.996082,1.017021,60,0,334,100,100,0,0,0,26,26,0,8,2,56,1,126,66,0,0,2744,1,0,44,0,812,277,0,44,0,458,1,0,20,0,156,0,0,22,0,300,245,88,50,0,0,118,10,4,0,0,4,4,0,0
7,13,3,62,14,12,0,1.024444,0.994517,1.014674,38,1,459,100,100,0,0,0,26,26,8,0,2,56,1,159,63,0,0,2744,15,0,42,0,812,240,0,42,0,458,1,0,16,0,156,0,0,18,0,300,302,72,41,0,0,68,8,2,0,0,2,2,0,0
7,14,0,71,16,2,0,1.014246,0.975851,1.004114,62,1,459,100,100,0,0,0,0,12,28,28,2,56,0,203,66,0,0,2751,1,0,44,0,803,286,0,44,0,360,6,0,42,0,269,0,0,15,0,225,200,60,87,0,0,112,21,20,0,0,3,3,0,0
7,14,1,78,16,2,0,1.023314,0.980265,1.007744,57,0,334,100,100,0,0,0,12,0,28,28,2,56,0,154,69,0,0,2751,26,0,46,0,803,261,0,46,0,360,1,0,46,0,269,0,0,5,0,225,211,20,83,0,0,117,23,7,0,0,7,7,0,0
7,14,2,73,16,2,0,1.014028,0.991397,1.018545,63,1,459,100,100,0,0,0,28,28,0,8,2,56,0,133,63,0,0,2751,0,0,42,0,803,292,0,42,0,360,3,0,44,0,269,0,0,0,0,225,181,0,88,0,0,120,22,20,0,0,3,3,0,0
7,14,3,63,16,2,0,1.023321,0.996828,1.015184,39,1,459,100,100,0,0,0,28,28,8,0,2,56,0,166,60,0,0,2751,17,0,40,0,803,260,0,40,0,360,0,0,44,0,269,0,0,0,0,225,242,0,72,0,0,86,22,4,0,0,4,4,0,0
7,15,0,68,6,8,0,1.015149,0.975305,1.00546,63,1,459,100,100,0,0,0,0,14,30,30,2,52,0,211,72,0,0,2728,0,0,48,0,823,302,0,48,0,416,1,0,44,0,272,0,0,0,0,207,144,0,74,0,0,131,22,3,0,0,3,3,0,0
7,15,1,79,6,8,0,1.022856,0.979742,1.008487,63,0,334,100,100,0,0,0,14,0,30,30,2,52,0,157,66,0,0,2728,37,0,44,0,823,274,0,44,0,416,0,0,36,0,272,0,0,0,0,207,169,0,72,0,0,128,18,7,0,0,7,7,0,0
7,15,2,73,6,8,0,1.013863,0.989084,1.019578,64,1,459,100,100,0,0,0,30,30,0,8,2,52,0,128,57,0,0,2728,1,0,38,0,823,326,0,38,0,416,1,0,34,0,272,0,0,0,0,207,150,0,61,0,0,133,17,4,0,0,4,4,0,0
7,15,3,63,6,8,0,1.023724,0.994421,1.016962,41,1,459,100,100,0,0,0,30,30,8,0,2,52,0,170,57,0,0,2728,19,0,38,0,823,276,0,38,0,416,0,0,22,0,272,0,0,0,0,207,206,0,51,0,0,92,11,5,0,0,5,5,0,0
7,16,0,71,15,7,0,1.018032,0.973892,1.006548,64,1,459,100,100,0,0,0,0,16,32,32,2,52,0,222,66,0,0,2749,1,0,44,0,821,328,0,44,0,342,24,0,40,0,272,0,0,0,0,198,95,0,64,0,0,150,20,1,0,0,1,1,0,0
7,16,1,80,15,7,0,1.028088,0.982787,1.010644,67,1,459,100,100,0,0,0,16,0,32,32,2,52,0,159,66,0,0,2749,28,0,44,0,821,290,0,44,0,342,1,0,40,0,272,0,0,0,0,198,115,0,87,0,0,127,20,21,0,0,4,4,0,0
7,16,2,75,15,7,0,1.014411,0.991248,1.020173,68,1,459,100,100,0,0,0,32,32,0,8,2,52,0,124,57,0,0,2749,1,0,38,0,821,363,0,38,0,342,4,0,48,0,272,0,0,0,0,198,110,0,73,0,0,154,24,3,0,0,3,3,0,0
7,16,3,65,15,7,0,1.021828,0.997376,1.020437,45,1,459,100,100,0,0,0,32,32,8,0,2,52,0,178,60,0,0,2749,14,0,40,0,821,295,0,40,0,342,0,0,44,0,272,0,0,0,0,198,148,0,76,0,0,108,22,6,0,0,6,6,0,0
7,17,0,73,10,3,0,1.018658,0.974025,1.007569,65,1,459,100,100,0,0,0,0,18,34,34,2,48,3,230,66,0,0,2737,1,0,44,0,803,359,0,44,0,372,30,0,42,0,272,0,0,0,0,195,43,0,70,0,0,168,21,3,0,0,3,3,0,0
7,17,1,81,10,3,0,1.029894,0.982025,1.011516,70,1,459,100,100,0,0,0,18,0,34,34,2,48,3,157,69,0,0,2737,29,0,46,0,803,313,0,46,0,372,0,0,44,0,272,0,0,0,0,195,71,0,77,0,0,144,22,5,0,0,5,5,0,0
7,17,2,77,10,3,0,1.015839,0.990259,1.019617,70,2,584,100,100,0,0,0,34,34,0,8,2,48,3,122,63,0,0,2737,0,0,42,0,803,399,0,42,0,372,1,0,46,0,272,0,0,0,0,195,52,0,88,0,0,158,23,19,0,0,2,2,0,0
7,17,3,67,10,3,0,1.023034,0.999249,1.02148,50,1,459,100,100,0,0,0,34,34,8,0,2,48,3,185,63,0,0,2737,9,0,42,0,803,316,0,42,0,372,1,0,34,0,272,0,0,0,0,195,100,0,69,0,0,118,17,7,0,0,7,7,0,0
7,18,0,73,13,17,0,1.021654,0.974427,1.008426,66,1,459,100,100,0,0,0,0,20,36,36,3,48,0,234,66,0,0,2719,1,0,44,0,800,384,0,44,0,432,20,0,44,0,213,0,0,15,0,269,39,60,70,0,0,188,22,2,0,0,2,2,0,0
7,18,1,79,13,17,0,1.029153,0.982143,1.008754,70,1,459,100,100,0,0,0,20,0,36,36,3,48,0,151,63,0,0,2719,27,0,42,0,800,334,0,42,0,432,1,0,24,0,213,0,0,10,0,269,74,40,51,0,0,153,12,3,0,0,3,3,0,0
7,18,2,76,13,17,0,1.015286,0.988671,1.0202,69,2,584,100,100,0,0,0,36,36,0,10,2,48,0,121,63,0,0,2719,0,0,42,0,800,429,0,42,0,432,1,0,24,0,213,0,0,18,0,269,83,72,49,0,0,168,12,2,0,0,2,2,0,0
7,18,3,66,13,17,0,1.026236,0.998042,1.023764,52,1,459,100,100,0,0,0,36,36,10,0,2,48,0,180,51,0,0,2719,20,0,34,0,800,333,0,34,0,432,0,0,26,0,213,0,0,14,0,269,106,56,53,0,0,126,13,5,0,0,5,5,0,0
7,19,0,75,10,8,0,1.022145,0.97476,1.008751,67,2,584,100,100,0,0,0,0,22,38,38,3,44,1,242,69,0,0,2729,5,0,46,0,824,407,0,46,0,501,0,0,36,0,128,14,0,24,0,185,74,96,82,0,0,186,18,20,0,0,3,3,0,0
7,19,1,79,10,8,0,1.026992,0.982442,1.010738,73,1,459,100,100,0,0,0,22,0,38,38,3,44,1,146,63,0,0,2729,30,0,42,0,824,355,0,42,0,501,0,0,4,0,128,0,0,34,0,185,220,136,29,0,0,153,2,2,0,0,2,2,0,0
7,19,2,77,10,8,0,1.01359,0.99114,1.018408,70,2,584,100,100,0,0,0,38,38,0,10,2,44,1,122,66,0,0,2729,1,0,44,0,824,457,0,44,0,501,0,0,14,0,128,12,0,25,0,185,168,100,40,0,0,173,7,2,0,0,2,2,0,0
7,19,3,65,10,8,0,1.027033,0.995988,1.023781,55,1,459,100,100,0,0,0,38,38,10,0,2,44,1,170,48,0,0,2729,25,0,32,0,824,349,0,32,0,501,1,0,10,0,128,10,0,25,0,185,190,100,34,0,0,127,5,4,0,0,4,4,0,0
7,20,0,76,11,6,0,1.025477,0.97744,1.008558,69,2,584,100,100,0,0,0,0,24,40,40,3,44,1,250,72,0,0,2734,3,0,48,0,834,431,0,48,0,334,12,0,50,0,251,0,0,14,0,180,74,56,80,0,0,208,25,3,0,0,3,3,0,0
7,20,1,79,11,6,0,1.025942,0.982647,1.009149,74,1,459,100,100,0,0,0,24,0,40,40,3,44,1,139,63,0,0,2734,27,0,42,0,834,376,0,42,0,334,0,0,36,0,251,0,0,21,0,180,285,84,61,0,0,169,18,2,0,0,2,2,0,0
7,20,2,75,11,6,0,1.01509,0.99265,1.019952,69,2,584,100,100,0,0,0,40,40,0,10,2,44,1,120,66,0,0,2734,1,0,44,0,834,484,0,44,0,334,0,0,46,0,251,0,0,12,0,180,178,48,74,0,0,193,23,3,0,0,3,3,0,0
7,20,3,71,11,6,0,1.027862,0.990185,1.023013,58,1,459,100,100,0,0,0,40,40,10,0,2,44,1,165,48,0,0,2734,31,0,32,0,834,365,0,32,0,334,1,0,54,0,251,0,0,10,0,180,172,40,76,0,0,151,27,3,0,0,3,3,0,0
7,21,0,75,13,13,0,1.029623,0.972387,1.010524,68,2,584,100,100,0,0,0,0,26,42,42,3,40,0,245,63,0,0,2721,9,0,42,0,830,452,0,42,0,395,1,0,44,0,272,0,0,0,0,171,29,0,69,0,0,228,22,2,0,0,2,2,0,0
7,21,1,79,13,13,0,1.025611,0.984009,1.00723,72,2,584,100,100,0,0,0,26,0,42,42,3,40,0,125,54,0,0,2721,33,0,36,0,830,394,0,36,0,395,1,0,36,0,272,0,0,0,0,171,252,0,75,0,0,168,18,19,0,0,2,2,0,0
7,21,2,75,13,13,0,1.013636,0.995484,1.020463,70,3,709,100,100,0,0,0,42,42,0,12,2,40,0,122,66,0,0,2721,1,0,44,0,830,509,0,44,0,395,0,0,36,0,272,0,0,0,0,171,131,0,77,0,0,193,18,18,0,0,1,1,0,0
7,21,3,72,13,13,0,1.029098,0.989668,1.023253,61,1,459,100,100,0,0,0,42,42,12,0,2,40,0,155,51,0,0,2721,35,0,34,0,830,382,0,34,0,395,0,0,44,0,272,0,0,0,0,171,122,0,71,0,0,168,22,5,0,0,5,5,0,0
7,22,0,67,6,25,0,1.032734,0.971204,1.010159,63,2,584,100,100,0,0,0,0,28,44,44,3,40,0,230,51,0,0,2731,20,0,34,0,848,469,0,34,0,407,1,0,34,0,203,0,0,20,0,174,75,80,55,0,0,243,17,2,0,0,2,2,0,0
7,22,1,76,6,25,0,1.028755,0.977278,1.006799,68,2,584,100,100,0,0,0,28,0,44,44,3,40,0,114,57,0,0,2731,31,0,38,0,848,413,0,38,0,407,1,0,34,0,203,0,0,14,0,174,281,56,57,0,0,183,17,2,0,0,2,2,0,0
7,22,2,67,6,25,0,1.01528,0.998803,1.02025,63,3,709,100,100,0,0,0,44,44,0,14,2,40,0,121,66,0,0,2731,1,0,44,0,848,531,0,44,0,407,0,0,34,0,203,0,0,14,0,174,139,56,60,0,0,208,17,2,0,0,2,2,0,0
7,22,3,72,6,25,0,1.028955,0.990148,1.02352,65,2,584,100,100,0,0,0,44,44,14,0,2,40,0,137,48,0,0,2731,40,0,32,0,848,398,0,32,0,407,1,0,32,0,203,0,0,21,0,174,156,84,71,0,0,164,16,20,0,0,3,3,0,0
7,23,0,67,8,12,0,1.033213,0.970821,1.008784,64,2,584,100,100,0,0,0,0,28,46,46,3,36,0,220,48,0,0,2767,22,0,32,0,863,485,0,32,0,536,0,0,4,0,5,43,0,25,0,216,174,100,22,0,0,244,2,1,0,0,1,1,0,0
7,23,1,72,8,12,0,1.032318,0.97557,1.008283,63,2,584,100,100,0,0,0,28,0,46,46,3,36,0,101,54,0,0,2767,27,0,36,0,863,431,0,36,0,536,0,0,2,0,5,26,0,31,0,216,409,124,26,0,0,181,1,3,0,0,3,3,0,0
7,23,2,68,8,12,0,1.017387,0.997246,1.021425,64,3,709,100,100,0,0,0,46,46,0,14,2,36,0,129,66,0,0,2767,1,0,44,0,863,553,0,44,0,536,1,0,0,0,5,46,0,19,0,216,203,76,24,0,0,207,0,1,0,0,1,1,0,0
7,23,3,71,8,12,0,1.029513,0.989587,1.024277,65,2,584,100,100,0,0,0,46,46,14,0,2,36,0,119,45,0,0,2767,42,0,30,0,863,413,0,30,0,536,0,0,4,0,5,31,0,31,0,216,278,124,23,0,0,164,2,2,0,0,2,2,0,0
7,24,0,68,10,9,0,1.035565,0.971072,1.009939,62,3,709,100,100,0,0,0,0,28,48,48,3,36,0,210,48,0,0,2791,22,0,32,0,869,501,0,32,0,400,1,0,32,0,230,35,0,25,0,196,228,100,67,0,0,242,16,18,0,0,1,1,0,0
7,24,1,72,10,9,0,1.035311,0.976263,1.006963,65,3,709,100,100,0,0,0,28,0,48,48,3,36,0,95,57,0,0,2791,25,0,38,0,869,450,0,38,0,400,0,0,34,0,230,2,0,32,0,196,494,128,76,0,0,178,17,20,0,0,3,3,0,0
7,24,2,67,10,9,0,1.020738,0.999118,1.022718,62,3,709,100,100,0,0,0,48,48,0,14,2,36,0,124,54,0,0,2791,1,0,36,0,869,580,0,36,0,400,1,0,34,0,230,31,0,19,0,196,243,76,56,0,0,222,17,2,0,0,2,2,0,0
7,24,3,72,10,9,0,1.029579,0.989197,1.024767,66,2,584,100,100,0,0,0,48,48,14,0,2,36,0,99,42,0,0,2791,41,0,28,0,869,427,0,28,0,400,0,0,34,0,230,10,0,32,0,196,381,128,52,0,0,179,17,2,0,0,2,2,0,0
7,25,0,65,6,6,0,1.038826,0.972216,1.009157,59,3,709,100,100,0,0,0,0,28,50,50,3,32,0,202,54,0,0,2767,18,0,36,0,869,519,0,36,0,362,2,0,48,0,231,16,0,24,0,201,270,96,72,0,0,263,24,3,0,0,3,3,0,0
7,25,1,74,6,6,0,1.037584,0.97496,1.006983,68,3,709,100,100,0,0,0,28,0,50,50,3,32,0,87,57,0,0,2767,25,0,38,0,869,469,0,38,0,362,0,0,42,0,231,0,0,11,0,201,512,44,65,0,0,197,21,2,0,0,2,2,0,0
7,25,2,66,6,6,0,1.023501,1.001014,1.027249,62,3,709,100,100,0,0,0,50,50,0,14,2,32,0,125,60,0,0,2767,11,0,40,0,869,600,0,40,0,362,3,0,40,0,231,23,0,20,0,201,268,80,64,0,0,240,20,2,0,0,2,2,0,0
7,25,3,74,6,6,0,1.030135,0.988892,1.024798,68,2,584,100,100,0,0,0,50,50,14,0,2,32,0,76,42,0,0,2767,44,0,28,0,869,441,0,28,0,362,1,0,42,0,231,0,0,25,0,201,451,100,60,0,0,198,21,2,0,0,2,2,0,0
7,26,0,66,8,11,0,1.040251,0.971451,1.010775,61,3,709,100,100,0,0,0,0,30,52,52,3,32,0,199,54,0,0,2773,18,0,36,0,875,537,0,36,0,314,10,0,46,0,272,0,0,16,0,201,281,64,68,0,0,284,23,2,0,0,2,2,0,0
7,26,1,72,8,11,0,1.037826,0.975894,1.008469,68,3,709,100,100,0,0,0,30,0,52,52,3,32,0,76,57,0,0,2773,25,0,38,0,875,488,0,38,0,314,0,0,42,0,272,0,0,0,0,201,488,0,63,0,0,217,21,1,0,0,1,1,0,0
7,26,2,63,8,11,0,1.025722,1.001481,1.03242,60,4,834,100,100,0,0,0,52,52,0,16,2,32,0,124,57,0,0,2773,10,0,38,0,875,619,0,38,0,314,27,0,36,0,272,5,0,18,0,201,272,72,74,0,0,240,18,18,0,0,1,1,0,0
7,26,3,75,8,11,0,1.029896,0.989561,1.025925,69,2,584,100,100,0,0,0,52,52,16,0,2,32,0,52,42,0,0,2773,47,0,28,0,875,455,0,28,0,314,1,0,62,0,272,0,0,0,0,201,401,0,80,0,0,227,31,2,0,0,2,2,0,0
7,27,0,65,3,25,0,1.041037,0.969689,1.010889,61,3,709,100,100,0,0,0,0,32,54,54,3,28,0,190,51,0,0,2805,23,0,34,0,881,551,0,34,0,411,0,0,44,0,243,0,0,19,0,210,307,76,65,0,0,304,22,2,0,0,2,2,0,0
7,27,1,71,3,25,0,1.039217,0.976899,1.007426,67,3,709,100,100,0,0,0,32,0,54,54,3,28,0,66,57,0,0,2805,28,0,38,0,881,507,0,38,0,411,1,0,34,0,243,0,0,2,0,210,472,8,57,0,0,232,17,2,0,0,2,2,0,0
7,27,2,63,3,25,0,1.026948,1.003247,1.031167,60,4,834,100,100,0,0,0,54,54,0,18,2,28,0,125,57,0,0,2805,7,0,38,0,881,638,0,38,0,411,27,0,36,0,243,0,0,13,0,210,276,52,57,0,0,257,18,1,0,0,1,1,0,0
7,27,3,55,3,25,0,1.025751,0.997133,1.024814,54,2,584,100,100,0,0,0,54,54,18,0,2,28,0,45,42,0,0,2805,14,0,28,0,881,469,0,28,0,411,1,0,28,0,243,0,0,0,0,210,378,0,44,0,0,240,14,1,0,0,1,1,0,0
7,28,0,60,1,29,0,1.042353,0.96729,1.014632,57,3,709,100,100,0,0,0,0,34,56,56,3,28,0,170,39,0,0,2808,28,0,26,0,887,564,0,26,0,418,1,0,36,0,215,0,0,19,0,237,347,76,51,0,0,321,18,1,0,0,1,1,0,0
7,28,1,64,1,29,0,1.038434,0.978351,1.009069,62,3,709,100,100,0,0,0,34,0,56,56,3,28,0,54,51,0,0,2808,29,0,34,0,887,524,0,34,0,418,0,0,28,0,215,0,0,11,0,237,496,44,47,0,0,245,14,1,0,0,1,1,0,0
7,28,2,61,1,29,0,1.026898,1.002403,1.032394,59,4,834,100,100,0,0,0,56,56,0,18,2,28,0,118,51,0,0,2808,11,0,34,0,887,655,0,34,0,418,24,0,36,0,215,0,0,15,0,237,290,60,55,0,0,274,18,1,0,0,1,1,0,0
7,28,3,41,1,29,0,1.027117,1.000941,1.016769,41,2,584,100,100,0,0,0,56,56,18,0,2,28,0,34,30,0,0,2808,13,0,20,0,887,479,0,20,0,418,0,0,26,0,215,0,0,10,0,237,394,40,36,0,0,253,13,0,0,0,0,0,0,0
7,29,0,60,1,13,0,1.043527,0.965853,1.012909,57,3,709,100,100,0,0,0,0,36,58,60,3,24,0,155,39,0,0,2863,28,0,26,0,942,568,0,26,0,359,9,0,46,0,267,0,0,5,0,246,321,20,61,0,0,343,23,1,0,0,1,1,0,0
7,29,1,56,1,13,0,1.033547,0.98164,1.007676,56,3,709,100,100,0,0,0,36,0,58,58,3,24,0,50,48,0,0,2863,25,0,32,0,942,534,0,32,0,359,0,0,34,0,267,0,0,0,0,246,473,0,50,0,0,262,17,0,0,0,0,0,0,0
7,29,2,61,1,13,0,1.026898,1.002403,1.032394,60,4,834,100,100,0,0,0,58,58,0,20,3,24,0,113,51,0,0,2863,11,0,34,0,942,668,0,34,0,359,43,0,36,0,267,0,0,0,0,246,244,0,55,0,0,291,18,1,0,0,1,1,0,0
7,29,3,37,1,13,0,1.027312,1.001733,1.020339,37,2,584,100,100,0,0,0,60,58,20,0,3,24,0,34,30,0,0,2863,16,0,20,0,942,483,0,20,0,359,10,0,26,0,267,0,0,0,0,246,361,0,36,0,0,266,13,0,0,0,0,0,0,0
7,30,0,59,4,9,0,1.044786,0.965466,1.014139,56,3,709,100,100,0,0,0,0,36,60,62,3,24,0,136,36,0,0,2886,27,0,24,0,961,572,0,24,0,426,6,0,44,0,239,0,0,18,0,249,350,72,58,0,0,364,22,1,0,0,1,1,0,0
7,30,1,53,4,9,0,1.037614,0.982405,1.012177,52,3,709,100,100,0,0,0,36,0,60,60,3,24,0,52,48,0,0,2886,16,0,32,0,961,538,0,32,0,426,0,0,18,0,239,0,0,6,0,249,487,24,34,0,0,271,9,0,0,0,0,0,0,0
7,30,2,60,4,9,0,1.028363,1.002149,1.030956,59,4,834,100,100,0,0,0,60,60,0,20,3,24,0,108,51,0,0,2886,5,0,34,0,961,673,0,34,0,426,46,0,32,0,239,0,0,6,0,249,228,24,49,0,0,307,16,0,0,0,0,0,0,0
7,30,3,37,4,9,0,1.024613,1.001356,1.019223,36,2,584,100,100,0,0,0,62,60,20,0,3,24,0,34,30,0,0,2886,13,0,20,0,961,484,0,20,0,426,10,0,24,0,239,0,0,3,0,249,342,12,34,0,0,278,12,0,0,0,0,0,0,0
7,31,0,59,1,8,0,1.046688,0.965894,1.014155,57,3,709,100,100,0,0,0,0,36,62,66,3,20,1,116,36,0,0,2881,27,0,24,0,920,584,0,24,0,474,0,0,30,0,128,23,0,22,0,246,409,88,44,0,0,378,15,1,0,0,1,1,0,0
7,31,1,50,1,8,0,1.038161,0.984535,1.012084,49,3,709,100,100,0,0,0,36,0,62,62,3,20,1,50,45,0,0,2881,18,0,30,0,920,553,0,30,0,474,1,0,8,0,128,0,0,24,0,246,582,96,25,0,0,274,4,1,0,0,1,1,0,0
7,31,2,60,1,8,0,1.028363,1.002149,1.030956,59,4,834,100,100,0,0,0,62,62,0,22,3,20,1,104,54,0,0,2881,3,0,36,0,920,691,0,36,0,474,30,0,32,0,128,41,0,16,0,246,249,64,52,0,0,322,16,1,0,0,1,1,0,0
7,31,3,33,1,8,0,1.023992,1.00254,1.019996,33,2,584,100,100,0,0,0,66,62,22,0,3,20,1,33,30,0,0,2881,10,0,20,0,920,494,0,20,0,474,11,0,20,0,128,2,0,10,0,246,352,40,30,0,0,288,10,0,0,0,0,0,0,0
7,32,0,58,3,8,0,1.047884,0.968465,1.0145,55,3,709,100,100,0,0,0,0,38,64,68,3,20,1,98,36,0,0,2885,30,0,24,0,923,596,0,24,0,374,10,0,44,0,251,1,0,22,0,270,445,88,58,0,0,399,22,1,0,0,1,1,0,0
7,32,1,48,3,8,0,1.0349,0.98303,1.01171,48,3,709,100,100,0,0,0,38,0,64,64,3,20,1,50,45,0,0,2885,18,0,30,0,923,568,0,30,0,374,0,0,22,0,251,0,0,6,0,270,581,24,37,0,0,285,11,0,0,0,0,0,0,0
7,32,2,58,3,8,0,1.031689,1.002706,1.030501,58,5,959,100,100,0,0,0,64,64,0,22,3,20,1,103,54,0,0,2885,0,0,36,0,923,709,0,36,0,374,67,0,28,0,251,27,0,14,0,270,245,56,63,0,0,319,14,17,0,0,0,0,0,0
7,32,3,33,3,8,0,1.02546,1.00077,1.023895,32,2,584,100,100,0,0,0,68,64,22,0,3,20,1,34,30,0,0,2885,7,0,20,0,923,504,0,20,0,374,17,0,18,0,251,5,0,9,0,270,360,36,28,0,0,297,9,0,0,0,0,0,0,0
7,33,0,56,3,7,0,1.047904,0.972154,1.014061,53,4,834,100,100,0,0,0,0,40,66,70,3,20,0,77,33,0,0,2893,26,0,22,0,920,607,0,22,0,426,6,0,44,0,239,0,0,14,0,255,445,56,74,0,0,403,22,18,0,0,1,1,0,0
7,33,1,47,3,7,0,1.036003,0.984232,1.012771,47,3,709,100,100,0,0,0,40,0,66,66,3,20,0,51,45,0,0,2893,18,0,30,0,920,583,0,30,0,426,0,0,18,0,239,0,0,4,0,255,585,16,33,0,0,294,9,0,0,0,0,0,0,0
7,33,2,56,3,7,0,1.032809,1.000855,1.027805,55,5,959,100,100,0,0,0,66,66,0,22,3,20,0,97,48,0,0,2893,4,0,32,0,920,725,0,32,0,426,75,0,28,0,239,22,0,14,0,255,263,56,44,0,0,333,14,0,0,0,0,0,0,0
7,33,3,34,3,7,0,1.027205,0.999675,1.024763,32,2,584,100,100,0,0,0,70,66,22,0,3,20,0,38,33,0,0,2893,5,0,22,0,920,515,0,22,0,426,19,0,18,0,239,1,0,9,0,255,367,36,29,0,0,306,9,0,0,0,0,0,0,0
7,34,0,53,2,5,0,1.046379,0.969992,1.012883,52,4,834,100,100,0,0,0,0,42,68,72,3,20,0,56,30,0,0,2902,28,0,20,0,931,617,0,20,0,399,9,0,44,0,272,0,0,0,0,252,407,0,56,0,0,424,22,1,0,0,1,1,0,0
7,34,1,45,2,5,0,1.039889,0.983184,1.016819,45,3,709,100,100,0,0,0,42,0,68,68,3,20,0,54,45,0,0,2902,15,0,30,0,931,598,0,30,0,399,1,0,22,0,272,0,0,0,0,252,566,0,37,0,0,305,11,0,0,0,0,0,0,0
7,34,2,57,2,5,0,1.03428,1.001514,1.028526,55,5,959,100,100,0,0,0,68,68,0,22,3,20,0,94,48,0,0,2902,4,0,32,0,931,736,0,32,0,399,83,0,30,0,272,7,0,15,0,252,284,60,48,0,0,347,15,1,0,0,1,1,0,0
7,34,3,35,2,5,0,1.029322,1.000629,1.025511,32,2,584,100,100,0,0,0,72,68,22,0,3,20,0,45,36,0,0,2902,2,0,24,0,931,527,0,24,0,399,35,0,18,0,272,0,0,1,0,252,341,4,30,0,0,315,9,0,0,0,0,0,0,0
7,35,0,51,3,6,0,1.048259,0.971046,1.016097,50,4,834,100,100,0,0,0,0,44,72,74,3,20,0,31,24,0,0,2903,32,0,16,0,932,625,0,16,0,406,10,0,44,0,241,0,0,12,0,255,421,48,52,0,0,446,22,0,0,0,0,0,0,0
7,35,1,44,3,6,0,1.042944,0.985689,1.015872,43,4,834,100,100,0,0,0,44,0,70,70,3,20,0,59,45,0,0,2903,15,0,30,0,932,610,0,30,0,406,0,0,20,0,241,0,0,2,0,255,537,8,52,0,0,298,10,17,0,0,0,0,0,0
7,35,2,57,3,6,0,1.035217,1.000529,1.02787,55,5,959,100,100,0,0,0,72,70,0,22,3,20,0,93,51,0,0,2903,2,0,34,0,932,750,0,34,0,406,95,0,30,0,241,4,0,15,0,255,304,60,49,0,0,361,15,1,0,0,1,1,0,0
7,35,3,35,3,6,0,1.029322,1.000629,1.025511,32,2,584,100,100,0,0,0,74,70,22,0,3,20,0,50,36,0,0,2903,3,0,24,0,932,539,0,24,0,406,42,0,18,0,241,0,0,3,0,255,323,12,30,0,0,324,9,0,0,0,0,0,0,0
7,36,0,35,1,19,0,1.036518,0.972503,1.00615,35,4,834,100,100,0,0,0,0,44,76,76,3,20,0,20,18,0,0,2921,24,0,12,0,938,628,0,12,0,480,0,0,22,0,202,6,0,15,0,267,462,60,28,0,0,457,11,0,0,0,0,0,0,0
7,36,1,44,1,19,0,1.042643,0.987032,1.017248,42,4,834,100,100,0,0,0,44,0,72,72,3,20,0,67,48,0,0,2921,10,0,32,0,938,626,0,32,0,480,0,0,14,0,202,0,0,9,0,267,556,36,32,0,0,304,7,1,0,0,1,1,0,0
7,36,2,57,1,19,0,1.035217,1.000529,1.02787,56,5,959,100,100,0,0,0,76,72,0,24,3,20,0,90,51,0,0,2921,2,0,34,0,938,767,0,34,0,480,88,0,30,0,202,16,0,15,0,267,324,60,49,0,0,375,15,1,0,0,1,1,0,0
7,36,3,33,1,19,0,1.032524,1.005985,1.026353,30,2,584,100,100,0,0,0,76,72,24,0,3,20,0,49,30,0,0,2921,1,0,20,0,938,555,0,20,0,480,43,0,14,0,202,5,0,7,0,267,327,28,24,0,0,331,7,0,0,0,0,0,0,0
7,37,0,23,0,18,0,1.034382,0.983607,1.005821,23,4,834,100,100,0,0,0,0,46,80,78,3,20,1,18,15,0,0,2945,5,0,10,0,938,633,0,10,0,428,10,0,14,0,231,0,0,6,0,270,473,24,19,0,0,464,7,0,0,0,0,0,0,0
7,37,1,43,0,18,0,1.04356,0.985717,1.018923,42,4,834,100,100,0,0,0,46,0,74,74,3,20,1,72,45,0,0,2945,15,0,30,0,938,641,0,30,0,428,0,0,24,0,231,0,0,0,0,270,530,0,41,0,0,315,12,1,0,0,1,1,0,0
7,37,2,54,0,18,0,1.033495,0.997437,1.026217,54,5,959,100,100,0,0,0,80,74,0,24,3,20,1,87,51,0,0,2945,2,0,34,0,938,784,0,34,0,428,89,0,30,0,231,31,0,15,0,270,346,60,47,0,0,390,15,0,0,0,0,0,0,0
7,37,3,31,0,18,0,1.037463,1.002603,1.026272,28,2,584,100,100,0,0,0,78,74,24,0,3,20,1,47,27,0,0,2945,0,0,18,0,938,566,0,18,0,428,64,0,12,0,231,5,0,6,0,270,330,24,21,0,0,337,6,0,0,0,0,0,0,0
7,38,0,19,3,4,0,1.028953,0.987442,1.00923,19,4,834,100,100,0,0,0,0,50,84,80,3,20,0,17,12,0,0,2957,7,0,8,0,944,637,0,8,0,518,1,0,10,0,159,18,0,6,0,281,486,24,14,0,0,469,5,0,0,0,0,0,0,0
7,38,1,43,3,4,0,1.04356,0.985717,1.018923,43,4,834,100,100,0,0,0,50,0,76,76,3,20,0,78,45,0,0,2957,15,0,30,0,944,656,0,30,0,518,0,0,2,0,159,1,0,20,0,281,606,80,17,0,0,316,1,0,0,0,0,0,0,0
7,38,2,56,3,4,0,1.03342,0.997382,1.026388,54,5,959,100,100,0,0,0,84,76,0,24,3,20,0,89,51,0,0,2957,2,0,34,0,944,801,0,34,0,518,77,0,30,0,159,50,0,15,0,281,362,60,47,0,0,405,15,0,0,0,0,0,0,0
7,38,3,32,3,4,0,1.035634,1.00481,1.027794,28,2,584,100,100,0,0,0,80,76,24,0,3,20,0,48,27,0,0,2957,0,0,18,0,944,566,0,18,0,518,57,0,12,0,159,33,0,6,0,281,333,24,21,0,0,343,6,0,0,0,0,0,0,0
7,39,0,17,3,12,0,1.032113,0.992212,1.000562,17,4,834,100,100,0,0,0,0,52,88,82,3,20,1,13,9,0,0,2960,9,0,6,0,938,640,0,6,0,494,0,0,10,0,214,25,0,5,0,270,493,20,13,0,0,474,5,0,0,0,0,0,0,0
7,39,1,42,3,12,0,1.041747,0.984861,1.020236,41,4,834,100,100,0,0,0,52,0,78,78,3,20,1,80,42,0,0,2960,17,0,28,0,938,670,0,28,0,494,0,0,8,0,214,0,0,11,0,270,640,44,22,0,0,320,4,0,0,0,0,0,0,0
7,39,2,54,3,12,0,1.035452,0.99875,1.024873,51,6,1084,100,100,0,0,0,88,78,0,24,3,20,1,86,48,0,0,2960,4,0,32,0,938,817,0,32,0,494,68,0,30,0,214,57,0,15,0,270,366,60,65,0,0,402,15,18,0,0,1,1,0,0
7,39,3,28,3,12,0,1.034981,1.0042,1.020791,25,2,584,100,100,0,0,0,82,78,24,0,3,20,1,45,24,0,0,2960,2,0,16,0,938,568,0,16,0,494,57,0,12,0,214,41,0,6,0,270,337,24,20,0,0,349,6,0,0,0,0,0,0,0
7,40,0,15,2,5,0,1.026636,0.992636,0.997348,15,4,834,100,100,0,0,0,0,54,92,84,3,20,2,12,9,0,0,2980,3,0,6,0,965,643,0,6,0,441,9,0,8,0,266,23,0,4,0,273,501,16,11,0,0,478,4,0,0,0,0,0,0,0
7,40,1,40,2,5,0,1.044643,0.982472,1.019885,39,4,834,100,100,0,0,0,54,0,80,80,3,20,2,77,36,0,0,2980,21,0,24,0,965,682,0,24,0,441,1,0,18,0,266,0,0,2,0,273,628,8,32,0,0,328,9,1,0,0,1,1,0,0
7,40,2,54,2,5,0,1.034358,0.997966,1.024419,51,6,1084,100,100,0,0,0,92,80,0,24,3,20,2,80,45,0,0,2980,9,0,30,0,965,832,0,30,0,441,73,0,32,0,266,41,0,16,0,273,390,64,49,0,0,417,16,1,0,0,1,1,0,0
7,40,3,29,2,5,0,1.034749,0.999849,1.019089,25,3,709,100,100,0,0,0,84,80,24,0,3,20,2,46,24,0,0,2980,2,0,16,0,965,568,0,16,0,441,73,0,14,0,266,36,0,7,0,273,327,28,41,0,0,338,7,18,0,0,1,1,0,0
